experiment	ccsb_orf_id_reference	pool_id	ccsb_orf_id_interactor	media	repeat_id	nt_change	read_count	spdi	ccsb_mutation_id	hgvs_protein	symbol	ensembl_gene_id	interactor_symbol
HsVcPillar2a6	CCSBORF359	1	CCSBORF5539	3AT	1	REF	7617	NULL	NULL	NULL	CBS	ENSG00000160200	ZMYM5
HsVcPillar2a6	CCSBORF359	1	CCSBORF5539	3AT	1	1007G>A	17	NC_000021.9:43062342:C:T	CCSBVarC007316	ENSP00000381231.4:p.Arg336His	CBS	ENSG00000160200	ZMYM5
HsVcPillar2a6	CCSBORF359	1	CCSBORF5539	3AT	1	1058C>T	33	NC_000021.9:43060527:G:A	CCSBVarC007312	ENSP00000381231.4:p.Thr353Met	CBS	ENSG00000160200	ZMYM5
HsVcPillar2a6	CCSBORF359	1	CCSBORF5539	3AT	1	1111G>A	60	NC_000021.9:43060474:C:T	CCSBVarC007308	ENSP00000381231.4:p.Val371Met	CBS	ENSG00000160200	ZMYM5
HsVcPillar2a6	CCSBORF359	1	CCSBORF5539	3AT	1	1150A>G	31	NC_000021.9:43059298:T:C	CCSBVarC007306	ENSP00000381231.4:p.Lys384Glu	CBS	ENSG00000160200	ZMYM5
HsVcPillar2a6	CCSBORF359	1	CCSBORF5539	3AT	1	1330G>A	105	NC_000021.9:43058861:C:T	CCSBVarC007302	ENSP00000381231.4:p.Asp444Asn	CBS	ENSG00000160200	ZMYM5
HsVcPillar2a6	CCSBORF359	1	CCSBORF5539	3AT	1	146C>T	665	NC_000021.9:43072047:G:A	CCSBVarC000042	ENSP00000381231.4:p.Pro49Leu	CBS	ENSG00000160200	ZMYM5
HsVcPillar2a6	CCSBORF359	1	CCSBORF5539	3AT	1	175C>T	95	NC_000021.9:43072018:G:A	CCSBVarC008674	ENSP00000381231.4:p.Pro59Ser	CBS	ENSG00000160200	ZMYM5
HsVcPillar2a6	CCSBORF359	1	CCSBORF5539	3AT	1	253G>A	24	NC_000021.9:43068571:C:T	CCSBVarC007358	ENSP00000381231.4:p.Gly85Arg	CBS	ENSG00000160200	ZMYM5
HsVcPillar2a6	CCSBORF359	1	CCSBORF5539	3AT	1	306G>C	5	NC_000021.9:43068518:C:G	CCSBVarC007353	ENSP00000381231.4:p.Lys102Asn	CBS	ENSG00000160200	ZMYM5
HsVcPillar2a6	CCSBORF359	1	CCSBORF5539	3AT	1	341C>T	34	NC_000021.9:43066352:G:A	CCSBVarC007350	ENSP00000381231.4:p.Ala114Val	CBS	ENSG00000160200	ZMYM5
HsVcPillar2a6	CCSBORF359	1	CCSBORF5539	3AT	1	361C>T	20	NC_000021.9:43066332:G:A	CCSBVarC007347	ENSP00000381231.4:p.Arg121Cys	CBS	ENSG00000160200	ZMYM5
HsVcPillar2a6	CCSBORF359	1	CCSBORF5539	3AT	1	374G>A	161	NC_000021.9:43066319:C:T	CCSBVarC008706	ENSP00000381231.4:p.Arg125Gln	CBS	ENSG00000160200	ZMYM5
HsVcPillar2a6	CCSBORF359	1	CCSBORF5539	3AT	1	430G>A	34	NC_000021.9:43066263:C:T	CCSBVarC007340	ENSP00000381231.4:p.Glu144Lys	CBS	ENSG00000160200	ZMYM5
HsVcPillar2a6	CCSBORF359	1	CCSBORF5539	3AT	1	442G>A	2771	NC_000021.9:43066251:C:T	CCSBVarC007338	ENSP00000381231.4:p.Gly148Arg	CBS	ENSG00000160200	ZMYM5
HsVcPillar2a6	CCSBORF359	1	CCSBORF5539	3AT	1	494G>A	26	NC_000021.9:43065652:C:T	CCSBVarC008696	ENSP00000381231.4:p.Cys165Tyr	CBS	ENSG00000160200	ZMYM5
HsVcPillar2a6	CCSBORF359	1	CCSBORF5539	3AT	1	526G>A	63	NC_000021.9:43065620:C:T	CCSBVarC008702	ENSP00000381231.4:p.Glu176Lys	CBS	ENSG00000160200	ZMYM5
HsVcPillar2a6	CCSBORF359	1	CCSBORF5539	3AT	1	52C>T	380	NC_000021.9:43072141:G:A	CCSBVarC007367	ENSP00000381231.4:p.Arg18Cys	CBS	ENSG00000160200	ZMYM5
HsVcPillar2a6	CCSBORF359	1	CCSBORF5539	3AT	1	684C>G	12	NC_000021.9:43065254:G:C	CCSBVarC008710	ENSP00000381231.4:p.Asn228Lys	CBS	ENSG00000160200	ZMYM5
HsVcPillar2a6	CCSBORF359	1	CCSBORF5539	3AT	1	700G>A	833	NC_000021.9:43065238:C:T	CCSBVarC007328	ENSP00000381231.4:p.Asp234Asn	CBS	ENSG00000160200	ZMYM5
HsVcPillar2a6	CCSBORF359	1	CCSBORF5539	3AT	1	797G>A	1504	NC_000021.9:43063930:C:T	CCSBVarC007324	ENSP00000381231.4:p.Arg266Lys	CBS	ENSG00000160200	ZMYM5
HsVcPillar2a6	CCSBORF359	1	CCSBORF5539	3AT	1	833T>C	10	NC_000021.9:43063073:A:G	CCSBVarC000044	ENSP00000381231.4:p.Ile278Thr	CBS	ENSG00000160200	ZMYM5
HsVcPillar2a6	CCSBORF359	1	CCSBORF5539	3AT	1	959T>C	4	NC_000021.9:43062390:A:G	CCSBVarC007319	ENSP00000381231.4:p.Val320Ala	CBS	ENSG00000160200	ZMYM5
HsVcPillar2a6	CCSBORF359	3	CCSBORF0	3AT	1	REF	0	NULL	NULL	NULL	CBS	ENSG00000160200	empty_AD
HsVcPillar2a6	CCSBORF359	3	CCSBORF0	3AT	1	1007G>A	0	NC_000021.9:43062342:C:T	CCSBVarC007316	ENSP00000381231.4:p.Arg336His	CBS	ENSG00000160200	empty_AD
HsVcPillar2a6	CCSBORF359	3	CCSBORF0	3AT	1	1070C>G	0	NC_000021.9:43060515:G:C	CCSBVarC007311	ENSP00000381231.4:p.Ala357Gly	CBS	ENSG00000160200	empty_AD
HsVcPillar2a6	CCSBORF359	3	CCSBORF0	3AT	1	1109G>A	0	NC_000021.9:43060476:C:T	CCSBVarC007309	ENSP00000381231.4:p.Cys370Tyr	CBS	ENSG00000160200	empty_AD
HsVcPillar2a6	CCSBORF359	3	CCSBORF0	3AT	1	112G>A	0	NC_000021.9:43072081:C:T	CCSBVarC007365	ENSP00000381231.4:p.Ala38Thr	CBS	ENSG00000160200	empty_AD
HsVcPillar2a6	CCSBORF359	3	CCSBORF0	3AT	1	1265C>T	0	NC_000021.9:43058926:G:A	CCSBVarC007304	ENSP00000381231.4:p.Pro422Leu	CBS	ENSG00000160200	empty_AD
HsVcPillar2a6	CCSBORF359	3	CCSBORF0	3AT	1	133C>T	0	NC_000021.9:43072060:G:A	CCSBVarC007364	ENSP00000381231.4:p.Arg45Trp	CBS	ENSG00000160200	empty_AD
HsVcPillar2a6	CCSBORF359	3	CCSBORF0	3AT	1	1353G>C	0	NC_000021.9:43058838:C:G	CCSBVarC007301	ENSP00000381231.4:p.Glu451Asp	CBS	ENSG00000160200	empty_AD
HsVcPillar2a6	CCSBORF359	3	CCSBORF0	3AT	1	1358G>A	0	NC_000021.9:43058833:C:T	CCSBVarC007299	ENSP00000381231.4:p.Gly453Glu	CBS	ENSG00000160200	empty_AD
HsVcPillar2a6	CCSBORF359	3	CCSBORF0	3AT	1	1411G>A	0	NC_000021.9:43058200:C:T	CCSBVarC007297	ENSP00000381231.4:p.Gly471Arg	CBS	ENSG00000160200	empty_AD
HsVcPillar2a6	CCSBORF359	3	CCSBORF0	3AT	1	1539C>G	0	NC_000021.9:43056815:G:C	CCSBVarC007295	ENSP00000381231.4:p.His513Gln	CBS	ENSG00000160200	empty_AD
HsVcPillar2a6	CCSBORF359	3	CCSBORF0	3AT	1	209C>T	0	NC_000021.9:43071984:G:A	CCSBVarC007361	ENSP00000381231.4:p.Pro70Leu	CBS	ENSG00000160200	empty_AD
HsVcPillar2a6	CCSBORF359	3	CCSBORF0	3AT	1	215A>T	0	NC_000021.9:43068609:T:A	CCSBVarC007360	ENSP00000381231.4:p.Lys72Ile	CBS	ENSG00000160200	empty_AD
HsVcPillar2a6	CCSBORF359	3	CCSBORF0	3AT	1	296T>A	0	NC_000021.9:43068528:A:T	CCSBVarC007357	ENSP00000381231.4:p.Phe99Tyr	CBS	ENSG00000160200	empty_AD
HsVcPillar2a6	CCSBORF359	3	CCSBORF0	3AT	1	297C>G	0	NC_000021.9:43068527:G:C	CCSBVarC007356	ENSP00000381231.4:p.Phe99Leu	CBS	ENSG00000160200	empty_AD
HsVcPillar2a6	CCSBORF359	3	CCSBORF0	3AT	1	340G>A	0	NC_000021.9:43066353:C:T	CCSBVarC007351	ENSP00000381231.4:p.Ala114Thr	CBS	ENSG00000160200	empty_AD
HsVcPillar2a6	CCSBORF359	3	CCSBORF0	3AT	1	394C>A	0	NC_000021.9:43066299:G:T	CCSBVarC007345	ENSP00000381231.4:p.Arg132Ser	CBS	ENSG00000160200	empty_AD
HsVcPillar2a6	CCSBORF359	3	CCSBORF0	3AT	1	401G>C	0	NC_000021.9:43066292:C:G	CCSBVarC007341	ENSP00000381231.4:p.Gly134Ala	CBS	ENSG00000160200	empty_AD
HsVcPillar2a6	CCSBORF359	3	CCSBORF0	3AT	1	429C>G	0	NC_000021.9:43066264:G:C	CCSBVarC008694	ENSP00000381231.4:p.Ile143Met	CBS	ENSG00000160200	empty_AD
HsVcPillar2a6	CCSBORF359	3	CCSBORF0	3AT	1	5C>T	0	NC_000021.9:43072188:G:A	CCSBVarC007369	ENSP00000381231.4:p.Pro2Leu	CBS	ENSG00000160200	empty_AD
HsVcPillar2a6	CCSBORF359	3	CCSBORF0	3AT	1	622T>C	0	NC_000021.9:43065430:A:G	CCSBVarC007331	ENSP00000381231.4:p.Trp208Arg	CBS	ENSG00000160200	empty_AD
HsVcPillar2a6	CCSBORF359	3	CCSBORF0	3AT	1	65A>G	0	NC_000021.9:43072128:T:C	CCSBVarC007366	ENSP00000381231.4:p.His22Arg	CBS	ENSG00000160200	empty_AD
HsVcPillar2a6	CCSBORF359	3	CCSBORF0	3AT	1	750G>A	0	NC_000021.9:43063977:C:T	CCSBVarC007327	ENSP00000381231.4:p.Met250Ile	CBS	ENSG00000160200	empty_AD
HsVcPillar2a6	CCSBORF359	3	CCSBORF0	3AT	1	770C>T	0	NC_000021.9:43063957:G:A	CCSBVarC007326	ENSP00000381231.4:p.Thr257Met	CBS	ENSG00000160200	empty_AD
HsVcPillar2a6	CCSBORF359	3	CCSBORF0	3AT	1	857T>C	0	NC_000021.9:43063049:A:G	CCSBVarC007322	ENSP00000381231.4:p.Ile286Thr	CBS	ENSG00000160200	empty_AD
HsVcPillar2a6	CCSBORF359	3	CCSBORF0	3AT	1	953C>T	0	NC_000021.9:43062953:G:A	CCSBVarC007320	ENSP00000381231.4:p.Thr318Met	CBS	ENSG00000160200	empty_AD
HsVcPillar2a6	CCSBORF12573	3	CCSBORF5539	3AT	1	REF	1833	NULL	NULL	NULL	DES	ENSG00000175084	ZMYM5
HsVcPillar2a6	CCSBORF12573	3	CCSBORF5539	3AT	1	1047G>A	5771	NC_000002.12:219421362:G:A	CCSBVarC007858	ENSP00000363071.3:p.Met349Ile	DES	ENSG00000175084	ZMYM5
HsVcPillar2a6	CCSBORF12573	3	CCSBORF5539	3AT	1	1064G>C	35	NC_000002.12:219421379:G:C	CCSBVarC007862	ENSP00000363071.3:p.Arg355Pro	DES	ENSG00000175084	ZMYM5
HsVcPillar2a6	CCSBORF12573	3	CCSBORF5539	3AT	1	109C>G	1343	NC_000002.12:219418570:C:G	CCSBVarC007789	ENSP00000363071.3:p.Arg37Gly	DES	ENSG00000175084	ZMYM5
HsVcPillar2a6	CCSBORF12573	3	CCSBORF5539	3AT	1	1159G>A	1141	NC_000002.12:219421474:G:A	CCSBVarC007867	ENSP00000363071.3:p.Glu387Lys	DES	ENSG00000175084	ZMYM5
HsVcPillar2a6	CCSBORF12573	3	CCSBORF5539	3AT	1	1167G>T	4	NC_000002.12:219421482:G:T	CCSBVarC007869	ENSP00000363071.3:p.Gln389His	DES	ENSG00000175084	ZMYM5
HsVcPillar2a6	CCSBORF12573	3	CCSBORF5539	3AT	1	1180G>A	2345	NC_000002.12:219421495:G:A	CCSBVarC007872	ENSP00000363071.3:p.Val394Met	DES	ENSG00000175084	ZMYM5
HsVcPillar2a6	CCSBORF12573	3	CCSBORF5539	3AT	1	1234G>A	163	NC_000002.12:219421549:G:A	CCSBVarC007876	ENSP00000363071.3:p.Glu412Lys	DES	ENSG00000175084	ZMYM5
HsVcPillar2a6	CCSBORF12573	3	CCSBORF5539	3AT	1	1256C>T	332	NC_000002.12:219423787:C:T	CCSBVarC007879	ENSP00000363071.3:p.Pro419Leu	DES	ENSG00000175084	ZMYM5
HsVcPillar2a6	CCSBORF12573	3	CCSBORF5539	3AT	1	1271C>T	11	NC_000002.12:219423802:C:T	CCSBVarC007880	ENSP00000363071.3:p.Ser424Phe	DES	ENSG00000175084	ZMYM5
HsVcPillar2a6	CCSBORF12573	3	CCSBORF5539	3AT	1	1315G>A	95	NC_000002.12:219425688:G:A	CCSBVarC007883	ENSP00000363071.3:p.Glu439Lys	DES	ENSG00000175084	ZMYM5
HsVcPillar2a6	CCSBORF12573	3	CCSBORF5539	3AT	1	1360C>T	1401	NC_000002.12:219425733:C:T	CCSBVarC007889	ENSP00000363071.3:p.Arg454Trp	DES	ENSG00000175084	ZMYM5
HsVcPillar2a6	CCSBORF12573	3	CCSBORF5539	3AT	1	1361G>A	139	NC_000002.12:219425734:G:A	CCSBVarC007890	ENSP00000363071.3:p.Arg454Gln	DES	ENSG00000175084	ZMYM5
HsVcPillar2a6	CCSBORF12573	3	CCSBORF5539	3AT	1	209G>C	1368	NC_000002.12:219418670:G:C	CCSBVarC007798	ENSP00000363071.3:p.Arg70Pro	DES	ENSG00000175084	ZMYM5
HsVcPillar2a6	CCSBORF12573	3	CCSBORF5539	3AT	1	250G>A	3	NC_000002.12:219418711:G:A	CCSBVarC007801	ENSP00000363071.3:p.Gly84Ser	DES	ENSG00000175084	ZMYM5
HsVcPillar2a6	CCSBORF12573	3	CCSBORF5539	3AT	1	286G>T	2	NC_000002.12:219418747:G:T	CCSBVarC007802	ENSP00000363071.3:p.Ala96Ser	DES	ENSG00000175084	ZMYM5
HsVcPillar2a6	CCSBORF12573	3	CCSBORF5539	3AT	1	328G>C	3	NC_000002.12:219418789:G:C	CCSBVarC007805	ENSP00000363071.3:p.Val110Leu	DES	ENSG00000175084	ZMYM5
HsVcPillar2a6	CCSBORF12573	3	CCSBORF5539	3AT	1	347A>T	4	NC_000002.12:219418808:A:T	CCSBVarC007806	ENSP00000363071.3:p.Asn116Ile	DES	ENSG00000175084	ZMYM5
HsVcPillar2a6	CCSBORF12573	3	CCSBORF5539	3AT	1	404C>T	2250	NC_000002.12:219418865:C:T	CCSBVarC007812	ENSP00000363071.3:p.Ala135Val	DES	ENSG00000175084	ZMYM5
HsVcPillar2a6	CCSBORF12573	3	CCSBORF5539	3AT	1	410C>A	2	NC_000002.12:219418871:C:A	CCSBVarC007814	ENSP00000363071.3:p.Ala137Asp	DES	ENSG00000175084	ZMYM5
HsVcPillar2a6	CCSBORF12573	3	CCSBORF5539	3AT	1	629C>T	8	NC_000002.12:219420144:C:T	CCSBVarC007823	ENSP00000363071.3:p.Ala210Val	DES	ENSG00000175084	ZMYM5
HsVcPillar2a6	CCSBORF12573	3	CCSBORF5539	3AT	1	656C>T	61	NC_000002.12:219420266:C:T	CCSBVarC007827	ENSP00000363071.3:p.Thr219Ile	DES	ENSG00000175084	ZMYM5
HsVcPillar2a6	CCSBORF12573	3	CCSBORF5539	3AT	1	665G>A	9	NC_000002.12:219420275:G:A	CCSBVarC007828	ENSP00000363071.3:p.Arg222His	DES	ENSG00000175084	ZMYM5
HsVcPillar2a6	CCSBORF12573	3	CCSBORF5539	3AT	1	679C>T	853	NC_000002.12:219420289:C:T	CCSBVarC007829	ENSP00000363071.3:p.Arg227Cys	DES	ENSG00000175084	ZMYM5
HsVcPillar2a6	CCSBORF12573	3	CCSBORF5539	3AT	1	680G>A	854	NC_000002.12:219420290:G:A	CCSBVarC007830	ENSP00000363071.3:p.Arg227His	DES	ENSG00000175084	ZMYM5
HsVcPillar2a6	CCSBORF12573	3	CCSBORF5539	3AT	1	79G>A	5	NC_000002.12:219418540:G:A	CCSBVarC007787	ENSP00000363071.3:p.Gly27Ser	DES	ENSG00000175084	ZMYM5
HsVcPillar2a6	CCSBORF12573	3	CCSBORF5539	3AT	1	817G>T	368	NC_000002.12:219420575:G:T	CCSBVarC007838	ENSP00000363071.3:p.Ala273Ser	DES	ENSG00000175084	ZMYM5
HsVcPillar2a6	CCSBORF12573	3	CCSBORF5539	3AT	1	893C>T	683	NC_000002.12:219420651:C:T	CCSBVarC006503	ENSP00000363071.3:p.Ser298Leu	DES	ENSG00000175084	ZMYM5
HsVcPillar2a6	CCSBORF12573	3	CCSBORF5539	3AT	1	935A>C	118	NC_000002.12:219420864:A:C	CCSBVarC007842	ENSP00000363071.3:p.Asp312Ala	DES	ENSG00000175084	ZMYM5
HsVcPillar2a6	CCSBORF12573	3	CCSBORF5539	3AT	1	944G>A	1564	NC_000002.12:219420873:G:A	CCSBVarC007844	ENSP00000363071.3:p.Arg315His	DES	ENSG00000175084	ZMYM5
HsVcPillar2a6	CCSBORF12573	3	CCSBORF5539	3AT	1	980A>C	721	NC_000002.12:219420909:A:C	CCSBVarC007847	ENSP00000363071.3:p.Gln327Pro	DES	ENSG00000175084	ZMYM5
HsVcPillar2a6	CCSBORF12573	3	CCSBORF5539	3AT	1	991T>A	480	NC_000002.12:219420920:T:A	CCSBVarC007849	ENSP00000363071.3:p.Tyr331Asn	DES	ENSG00000175084	ZMYM5
HsVcPillar2a6	CCSBORF7923	2	CCSBORF6953	3AT	1	REF	0	NULL	NULL	NULL	FAH	ENSG00000103876	PLEKHF2
HsVcPillar2a6	CCSBORF7923	2	CCSBORF6953	3AT	1	1009G>A	0	NC_000015.10:80180171:G:A	CCSBVarC004729	ENSP00000453347.2:p.Gly337Ser	FAH	ENSG00000103876	PLEKHF2
HsVcPillar2a6	CCSBORF7923	2	CCSBORF6953	3AT	1	1021C>T	0	NC_000015.10:80180183:C:T	CCSBVarC007673	ENSP00000453347.2:p.Arg341Trp	FAH	ENSG00000103876	PLEKHF2
HsVcPillar2a6	CCSBORF7923	2	CCSBORF6953	3AT	1	1027G>A	0	NC_000015.10:80180189:G:A	CCSBVarC025379	ENSP00000453347.2:p.Gly343Arg	FAH	ENSG00000103876	PLEKHF2
HsVcPillar2a6	CCSBORF7923	2	CCSBORF6953	3AT	1	1079G>A	0	NC_000015.10:80181057:G:A	CCSBVarC007674	ENSP00000453347.2:p.Gly360Asp	FAH	ENSG00000103876	PLEKHF2
HsVcPillar2a6	CCSBORF7923	2	CCSBORF6953	3AT	1	107T>C	0	NC_000015.10:80158084:T:C	CCSBVarC007659	ENSP00000453347.2:p.Ile36Thr	FAH	ENSG00000103876	PLEKHF2
HsVcPillar2a6	CCSBORF7923	2	CCSBORF6953	3AT	1	109G>A	0	NC_000015.10:80158086:G:A	CCSBVarC007660	ENSP00000453347.2:p.Gly37Ser	FAH	ENSG00000103876	PLEKHF2
HsVcPillar2a6	CCSBORF7923	2	CCSBORF6953	3AT	1	1141A>G	0	NC_000015.10:80181119:A:G	CCSBVarC004730	ENSP00000453347.2:p.Arg381Gly	FAH	ENSG00000103876	PLEKHF2
HsVcPillar2a6	CCSBORF7923	2	CCSBORF6953	3AT	1	1205G>A	0	NC_000015.10:80186153:G:A	CCSBVarC007675	ENSP00000453347.2:p.Arg402His	FAH	ENSG00000103876	PLEKHF2
HsVcPillar2a6	CCSBORF7923	2	CCSBORF6953	3AT	1	133A>G	0	NC_000015.10:80158110:A:G	CCSBVarC007661	ENSP00000453347.2:p.Ile45Val	FAH	ENSG00000103876	PLEKHF2
HsVcPillar2a6	CCSBORF7923	2	CCSBORF6953	3AT	1	139A>G	0	NC_000015.10:80158116:A:G	CCSBVarC007662	ENSP00000453347.2:p.Lys47Glu	FAH	ENSG00000103876	PLEKHF2
HsVcPillar2a6	CCSBORF7923	2	CCSBORF6953	3AT	1	167C>T	0	NC_000015.10:80158144:C:T	CCSBVarC007663	ENSP00000453347.2:p.Ser56Phe	FAH	ENSG00000103876	PLEKHF2
HsVcPillar2a6	CCSBORF7923	2	CCSBORF6953	3AT	1	181G>T	0	NC_000015.10:80158158:G:T	CCSBVarC007664	ENSP00000453347.2:p.Val61Phe	FAH	ENSG00000103876	PLEKHF2
HsVcPillar2a6	CCSBORF7923	2	CCSBORF6953	3AT	1	192G>T	0	NC_000015.10:80158169:G:T	CCSBVarC007665	ENSP00000453347.2:p.Gln64His	FAH	ENSG00000103876	PLEKHF2
HsVcPillar2a6	CCSBORF7923	2	CCSBORF6953	3AT	1	291A>C	0	NC_000015.10:80159853:A:C	CCSBVarC007666	ENSP00000453347.2:p.Arg97Ser	FAH	ENSG00000103876	PLEKHF2
HsVcPillar2a6	CCSBORF7923	2	CCSBORF6953	3AT	1	296A>G	0	NC_000015.10:80159858:A:G	CCSBVarC007667	ENSP00000453347.2:p.Asp99Gly	FAH	ENSG00000103876	PLEKHF2
HsVcPillar2a6	CCSBORF7923	2	CCSBORF6953	3AT	1	302A>G	0	NC_000015.10:80159864:A:G	CCSBVarC007668	ENSP00000453347.2:p.Glu101Gly	FAH	ENSG00000103876	PLEKHF2
HsVcPillar2a6	CCSBORF7923	2	CCSBORF6953	3AT	1	398A>T	0	NC_000015.10:80162278:A:T	CCSBVarC025300	ENSP00000453347.2:p.His133Leu	FAH	ENSG00000103876	PLEKHF2
HsVcPillar2a6	CCSBORF7923	2	CCSBORF6953	3AT	1	401C>A	0	NC_000015.10:80162281:C:A	CCSBVarC004725	ENSP00000453347.2:p.Ala134Asp	FAH	ENSG00000103876	PLEKHF2
HsVcPillar2a6	CCSBORF7923	2	CCSBORF6953	3AT	1	412G>A	0	NC_000015.10:80162292:G:A	CCSBVarC007669	ENSP00000453347.2:p.Gly138Arg	FAH	ENSG00000103876	PLEKHF2
HsVcPillar2a6	CCSBORF7923	2	CCSBORF6953	3AT	1	47A>T	0	NC_000015.10:80153100:A:T	CCSBVarC004724	ENSP00000453347.2:p.Asn16Ile	FAH	ENSG00000103876	PLEKHF2
HsVcPillar2a6	CCSBORF7923	2	CCSBORF6953	3AT	1	696C>A	0	NC_000015.10:80172237:C:A	CCSBVarC004726	ENSP00000453347.2:p.Asn232Lys	FAH	ENSG00000103876	PLEKHF2
HsVcPillar2a6	CCSBORF7923	2	CCSBORF6953	3AT	1	698A>T	0	NC_000015.10:80172239:A:T	CCSBVarC004727	ENSP00000453347.2:p.Asp233Val	FAH	ENSG00000103876	PLEKHF2
HsVcPillar2a6	CCSBORF7923	2	CCSBORF6953	3AT	1	715A>T	0	NC_000015.10:80173021:A:T	CCSBVarC007670	ENSP00000453347.2:p.Ile239Phe	FAH	ENSG00000103876	PLEKHF2
HsVcPillar2a6	CCSBORF7923	2	CCSBORF6953	3AT	1	742G>A	0	NC_000015.10:80173048:G:A	CCSBVarC025336	ENSP00000453347.2:p.Gly248Arg	FAH	ENSG00000103876	PLEKHF2
HsVcPillar2a6	CCSBORF7923	2	CCSBORF6953	3AT	1	782C>T	0	NC_000015.10:80173088:C:T	CCSBVarC004728	ENSP00000453347.2:p.Pro261Leu	FAH	ENSG00000103876	PLEKHF2
HsVcPillar2a6	CCSBORF7923	2	CCSBORF6953	3AT	1	836A>G	0	NC_000015.10:80173142:A:G	CCSBVarC007671	ENSP00000453347.2:p.Gln279Arg	FAH	ENSG00000103876	PLEKHF2
HsVcPillar2a6	CCSBORF7923	2	CCSBORF6953	3AT	1	841C>A	0	NC_000015.10:80175018:C:A	CCSBVarC007672	ENSP00000453347.2:p.Pro281Thr	FAH	ENSG00000103876	PLEKHF2
HsVcPillar2a6	CCSBORF300	4	CCSBORF8190	3AT	1	REF	1	NULL	NULL	NULL	GALT	ENSG00000213930	UBTD2
HsVcPillar2a6	CCSBORF300	4	CCSBORF8190	3AT	1	1048A>G	0	NC_000009.12:34649552:A:G	CCSBVarC007291	ENSP00000368119.4:p.Thr350Ala	GALT	ENSG00000213930	UBTD2
HsVcPillar2a6	CCSBORF300	4	CCSBORF8190	3AT	1	113A>C	0	NC_000009.12:34647118:A:C	CCSBVarC007145	ENSP00000368119.4:p.Gln38Pro	GALT	ENSG00000213930	UBTD2
HsVcPillar2a6	CCSBORF300	4	CCSBORF8190	3AT	1	139C>G	0	NC_000009.12:34647144:C:G	CCSBVarC007149	ENSP00000368119.4:p.His47Asp	GALT	ENSG00000213930	UBTD2
HsVcPillar2a6	CCSBORF300	4	CCSBORF8190	3AT	1	157T>A	0	NC_000009.12:34647162:T:A	CCSBVarC007152	ENSP00000368119.4:p.Trp53Arg	GALT	ENSG00000213930	UBTD2
HsVcPillar2a6	CCSBORF300	4	CCSBORF8190	3AT	1	1A>G	0	NC_000009.12:34646704:A:G	CCSBVarC004974	ENSP00000368119.4:p.Met1Val	GALT	ENSG00000213930	UBTD2
HsVcPillar2a6	CCSBORF300	4	CCSBORF8190	3AT	1	203A>C	0	NC_000009.12:34647208:A:C	CCSBVarC007158	ENSP00000368119.4:p.His68Pro	GALT	ENSG00000213930	UBTD2
HsVcPillar2a6	CCSBORF300	4	CCSBORF8190	3AT	1	27G>C	0	NC_000009.12:34646730:G:C	CCSBVarC007135	ENSP00000368119.4:p.Gln9His	GALT	ENSG00000213930	UBTD2
HsVcPillar2a6	CCSBORF300	4	CCSBORF8190	3AT	1	285T>G	0	NC_000009.12:34647523:T:G	CCSBVarC007162	ENSP00000368119.4:p.Phe95Leu	GALT	ENSG00000213930	UBTD2
HsVcPillar2a6	CCSBORF300	4	CCSBORF8190	3AT	1	350T>C	0	NC_000009.12:34647677:T:C	CCSBVarC004981	ENSP00000368119.4:p.Phe117Ser	GALT	ENSG00000213930	UBTD2
HsVcPillar2a6	CCSBORF300	4	CCSBORF8190	3AT	1	374T>C	0	NC_000009.12:34647701:T:C	CCSBVarC007173	ENSP00000368119.4:p.Val125Ala	GALT	ENSG00000213930	UBTD2
HsVcPillar2a6	CCSBORF300	4	CCSBORF8190	3AT	1	404C>G	0	NC_000009.12:34647857:C:G	CCSBVarC004982	ENSP00000368119.4:p.Ser135Trp	GALT	ENSG00000213930	UBTD2
HsVcPillar2a6	CCSBORF300	4	CCSBORF8190	3AT	1	413C>T	0	NC_000009.12:34647866:C:T	CCSBVarC007184	ENSP00000368119.4:p.Thr138Met	GALT	ENSG00000213930	UBTD2
HsVcPillar2a6	CCSBORF300	4	CCSBORF8190	3AT	1	425T>A	0	NC_000009.12:34647878:T:A	CCSBVarC007187	ENSP00000368119.4:p.Met142Lys	GALT	ENSG00000213930	UBTD2
HsVcPillar2a6	CCSBORF300	4	CCSBORF8190	3AT	1	499T>C	0	NC_000009.12:34647952:T:C	CCSBVarC007199	ENSP00000368119.4:p.Trp167Arg	GALT	ENSG00000213930	UBTD2
HsVcPillar2a6	CCSBORF300	4	CCSBORF8190	3AT	1	505C>A	0	NC_000009.12:34647958:C:A	CCSBVarC007201	ENSP00000368119.4:p.Gln169Lys	GALT	ENSG00000213930	UBTD2
HsVcPillar2a6	CCSBORF300	4	CCSBORF8190	3AT	1	550C>G	0	NC_000009.12:34648156:C:G	CCSBVarC007209	ENSP00000368119.4:p.His184Asp	GALT	ENSG00000213930	UBTD2
HsVcPillar2a6	CCSBORF300	4	CCSBORF8190	3AT	1	594T>G	0	NC_000009.12:34648362:T:G	CCSBVarC004989	ENSP00000368119.4:p.Ile198Met	GALT	ENSG00000213930	UBTD2
HsVcPillar2a6	CCSBORF300	4	CCSBORF8190	3AT	1	601C>T	0	NC_000009.12:34648369:C:T	CCSBVarC007222	ENSP00000368119.4:p.Arg201Cys	GALT	ENSG00000213930	UBTD2
HsVcPillar2a6	CCSBORF300	4	CCSBORF8190	3AT	1	611G>A	0	NC_000009.12:34648379:G:A	CCSBVarC007226	ENSP00000368119.4:p.Arg204Gln	GALT	ENSG00000213930	UBTD2
HsVcPillar2a6	CCSBORF300	4	CCSBORF8190	3AT	1	611G>C	0	NC_000009.12:34648379:G:C	CCSBVarC004991	ENSP00000368119.4:p.Arg204Pro	GALT	ENSG00000213930	UBTD2
HsVcPillar2a6	CCSBORF300	4	CCSBORF8190	3AT	1	650T>C	0	NC_000009.12:34648418:T:C	CCSBVarC007229	ENSP00000368119.4:p.Leu217Pro	GALT	ENSG00000213930	UBTD2
HsVcPillar2a6	CCSBORF300	4	CCSBORF8190	3AT	1	652C>G	0	NC_000009.12:34648420:C:G	CCSBVarC004993	ENSP00000368119.4:p.Leu218Val	GALT	ENSG00000213930	UBTD2
HsVcPillar2a6	CCSBORF300	4	CCSBORF8190	3AT	1	658G>A	3	NC_000009.12:34648426:G:A	CCSBVarC007230	ENSP00000368119.4:p.Glu220Lys	GALT	ENSG00000213930	UBTD2
HsVcPillar2a6	CCSBORF300	4	CCSBORF8190	3AT	1	676C>G	0	NC_000009.12:34648444:C:G	CCSBVarC007231	ENSP00000368119.4:p.Leu226Val	GALT	ENSG00000213930	UBTD2
HsVcPillar2a6	CCSBORF300	4	CCSBORF8190	3AT	1	687G>T	0	NC_000009.12:34648455:G:T	CCSBVarC007235	ENSP00000368119.4:p.Lys229Asn	GALT	ENSG00000213930	UBTD2
HsVcPillar2a6	CCSBORF300	4	CCSBORF8190	3AT	1	697G>C	0	NC_000009.12:34648770:G:C	CCSBVarC007238	ENSP00000368119.4:p.Val233Leu	GALT	ENSG00000213930	UBTD2
HsVcPillar2a6	CCSBORF300	4	CCSBORF8190	3AT	1	745T>C	0	NC_000009.12:34648818:T:C	CCSBVarC007239	ENSP00000368119.4:p.Trp249Arg	GALT	ENSG00000213930	UBTD2
HsVcPillar2a6	CCSBORF300	4	CCSBORF8190	3AT	1	86A>G	0	NC_000009.12:34647091:A:G	CCSBVarC017963	ENSP00000368119.4:p.His29Arg	GALT	ENSG00000213930	UBTD2
HsVcPillar2a6	CCSBORF300	4	CCSBORF8190	3AT	1	90G>C	0	NC_000009.12:34647095:G:C	CCSBVarC007141	ENSP00000368119.4:p.Gln30His	GALT	ENSG00000213930	UBTD2
HsVcPillar2a6	CCSBORF300	4	CCSBORF8190	3AT	1	950A>G	0	NC_000009.12:34649454:A:G	CCSBVarC007268	ENSP00000368119.4:p.Gln317Arg	GALT	ENSG00000213930	UBTD2
HsVcPillar2a6	CCSBORF300	4	CCSBORF8190	3AT	1	957C>G	0	NC_000009.12:34649461:C:G	CCSBVarC000037	ENSP00000368119.4:p.His319Gln	GALT	ENSG00000213930	UBTD2
HsVcPillar2a6	CCSBORF300	4	CCSBORF8190	3AT	1	983G>A	0	NC_000009.12:34649487:G:A	CCSBVarC007278	ENSP00000368119.4:p.Arg328His	GALT	ENSG00000213930	UBTD2
HsVcPillar2a6	CCSBORF300	4	CCSBORF8190	3AT	1	98G>A	3	NC_000009.12:34647103:G:A	CCSBVarC007144	ENSP00000368119.4:p.Arg33His	GALT	ENSG00000213930	UBTD2
HsVcPillar2a6	CCSBORF3689	1	CCSBORF54784	3AT	1	REF	3067	NULL	NULL	NULL	GCK	ENSG00000106633	GCKR
HsVcPillar2a6	CCSBORF3689	1	CCSBORF54784	3AT	1	1042A>T	67	NC_000007.14:44145707:T:A	CCSBVarC021262	ENSP00000384247.3:p.Ile348Phe	GCK	ENSG00000106633	GCKR
HsVcPillar2a6	CCSBORF3689	1	CCSBORF54784	3AT	1	10G>A	41	NC_000007.14:44188943:C:T	CCSBVarC021093	ENSP00000384247.3:p.Asp4Asn	GCK	ENSG00000106633	GCKR
HsVcPillar2a6	CCSBORF3689	1	CCSBORF54784	3AT	1	1364T>A	770	NC_000007.14:44145169:A:T	CCSBVarC021293	ENSP00000384247.3:p.Val455Glu	GCK	ENSG00000106633	GCKR
HsVcPillar2a6	CCSBORF3689	1	CCSBORF54784	3AT	1	137G>T	2547	NC_000007.14:44153371:C:A	CCSBVarC021121	ENSP00000384247.3:p.Arg46Met	GCK	ENSG00000106633	GCKR
HsVcPillar2a6	CCSBORF3689	1	CCSBORF54784	3AT	1	1386G>T	652	NC_000007.14:44145147:C:A	CCSBVarC021296	ENSP00000384247.3:p.Met462Ile	GCK	ENSG00000106633	GCKR
HsVcPillar2a6	CCSBORF3689	1	CCSBORF54784	3AT	1	203G>A	233	NC_000007.14:44153305:C:T	CCSBVarC021124	ENSP00000384247.3:p.Gly68Asp	GCK	ENSG00000106633	GCKR
HsVcPillar2a6	CCSBORF3689	1	CCSBORF54784	3AT	1	31G>A	12	NC_000007.14:44188922:C:T	CCSBVarC021106	ENSP00000384247.3:p.Ala11Thr	GCK	ENSG00000106633	GCKR
HsVcPillar2a6	CCSBORF3689	1	CCSBORF54784	3AT	1	466C>T	4	NC_000007.14:44150972:G:A	CCSBVarC021155	ENSP00000384247.3:p.His156Tyr	GCK	ENSG00000106633	GCKR
HsVcPillar2a6	CCSBORF3689	1	CCSBORF54784	3AT	1	475A>G	1125	NC_000007.14:44150963:T:C	CCSBVarC021157	ENSP00000384247.3:p.Ile159Val	GCK	ENSG00000106633	GCKR
HsVcPillar2a6	CCSBORF3689	1	CCSBORF54784	3AT	1	502A>C	959	NC_000007.14:44150045:T:G	CCSBVarC021160	ENSP00000384247.3:p.Thr168Pro	GCK	ENSG00000106633	GCKR
HsVcPillar2a6	CCSBORF3689	1	CCSBORF54784	3AT	1	566T>C	25	NC_000007.14:44149981:A:G	CCSBVarC021163	ENSP00000384247.3:p.Ile189Thr	GCK	ENSG00000106633	GCKR
HsVcPillar2a6	CCSBORF3689	1	CCSBORF54784	3AT	1	57C>G	621	NC_000007.14:44153451:G:C	CCSBVarC021109	ENSP00000384247.3:p.Ile19Met	GCK	ENSG00000106633	GCKR
HsVcPillar2a6	CCSBORF3689	1	CCSBORF54784	3AT	1	623C>T	249	NC_000007.14:44149815:G:A	CCSBVarC021166	ENSP00000384247.3:p.Ala208Val	GCK	ENSG00000106633	GCKR
HsVcPillar2a6	CCSBORF3689	1	CCSBORF54784	3AT	1	775G>T	83	NC_000007.14:44147737:C:A	CCSBVarC021172	ENSP00000384247.3:p.Ala259Ser	GCK	ENSG00000106633	GCKR
HsVcPillar2a6	CCSBORF3689	1	CCSBORF54784	3AT	1	776C>T	2378	NC_000007.14:44147736:G:A	CCSBVarC021175	ENSP00000384247.3:p.Ala259Val	GCK	ENSG00000106633	GCKR
HsVcPillar2a6	CCSBORF3689	1	CCSBORF54784	3AT	1	793G>A	736	NC_000007.14:44147719:C:T	CCSBVarC021178	ENSP00000384247.3:p.Glu265Lys	GCK	ENSG00000106633	GCKR
HsVcPillar2a6	CCSBORF3689	1	CCSBORF54784	3AT	1	835G>C	185	NC_000007.14:44147677:C:G	CCSBVarC021196	ENSP00000384247.3:p.Glu279Gln	GCK	ENSG00000106633	GCKR
HsVcPillar2a6	CCSBORF3689	1	CCSBORF54784	3AT	1	883G>A	880	NC_000007.14:44146598:C:T	CCSBVarC021199	ENSP00000384247.3:p.Gly295Ser	GCK	ENSG00000106633	GCKR
HsVcPillar2a6	CCSBORF3689	1	CCSBORF54784	3AT	1	917T>A	1359	NC_000007.14:44146564:A:T	CCSBVarC021202	ENSP00000384247.3:p.Leu306Gln	GCK	ENSG00000106633	GCKR
HsVcPillar2a6	CCSBORF3689	1	CCSBORF54784	3AT	1	917T>C	16	NC_000007.14:44146564:A:G	CCSBVarC021204	ENSP00000384247.3:p.Leu306Pro	GCK	ENSG00000106633	GCKR
HsVcPillar2a6	CCSBORF3689	1	CCSBORF54784	3AT	1	952G>A	1572	NC_000007.14:44146529:C:T	CCSBVarC021206	ENSP00000384247.3:p.Gly318Arg	GCK	ENSG00000106633	GCKR
HsVcPillar2a6	CCSBORF3689	1	CCSBORF54784	3AT	1	989T>C	658	NC_000007.14:44146492:A:G	CCSBVarC021209	ENSP00000384247.3:p.Phe330Ser	GCK	ENSG00000106633	GCKR
HsVcPillar2a6	CCSBORF3689	1	CCSBORF54784	3AT	1	98T>A	364	NC_000007.14:44153410:A:T	CCSBVarC021112	ENSP00000384247.3:p.Val33Glu	GCK	ENSG00000106633	GCKR
HsVcPillar2a6	CCSBORF5808	3	CCSBORF8297	3AT	1	REF	0	NULL	NULL	NULL	HBB	ENSG00000244734	HBZ
HsVcPillar2a6	CCSBORF5808	3	CCSBORF8297	3AT	1	107A>G	0	NC_000011.10:5226784:T:C	CCSBVarC010197	ENSP00000333994.3:p.Tyr36Cys	HBB	ENSG00000244734	HBZ
HsVcPillar2a6	CCSBORF5808	3	CCSBORF8297	3AT	1	113G>C	0	NC_000011.10:5226778:C:G	CCSBVarC006221	ENSP00000333994.3:p.Trp38Ser	HBB	ENSG00000244734	HBZ
HsVcPillar2a6	CCSBORF5808	3	CCSBORF8297	3AT	1	122G>A	0	NC_000011.10:5226769:C:T	CCSBVarC010115	ENSP00000333994.3:p.Arg41Lys	HBB	ENSG00000244734	HBZ
HsVcPillar2a6	CCSBORF5808	3	CCSBORF8297	3AT	1	130G>C	0	NC_000011.10:5226761:C:G	CCSBVarC010083	ENSP00000333994.3:p.Glu44Gln	HBB	ENSG00000244734	HBZ
HsVcPillar2a6	CCSBORF5808	3	CCSBORF8297	3AT	1	131A>C	0	NC_000011.10:5226760:T:G	CCSBVarC010109	ENSP00000333994.3:p.Glu44Ala	HBB	ENSG00000244734	HBZ
HsVcPillar2a6	CCSBORF5808	3	CCSBORF8297	3AT	1	158A>G	0	NC_000011.10:5226733:T:C	CCSBVarC000905	ENSP00000333994.3:p.Asp53Gly	HBB	ENSG00000244734	HBZ
HsVcPillar2a6	CCSBORF5808	3	CCSBORF8297	3AT	1	19G>C	0	NC_000011.10:5227002:C:G	CCSBVarC006213	ENSP00000333994.3:p.Glu7Gln	HBB	ENSG00000244734	HBZ
HsVcPillar2a6	CCSBORF5808	3	CCSBORF8297	3AT	1	238G>T	0	NC_000011.10:5226653:C:A	CCSBVarC010121	ENSP00000333994.3:p.Asp80Tyr	HBB	ENSG00000244734	HBZ
HsVcPillar2a6	CCSBORF5808	3	CCSBORF8297	3AT	1	248A>T	0	NC_000011.10:5226643:T:A	CCSBVarC010189	ENSP00000333994.3:p.Lys83Met	HBB	ENSG00000244734	HBZ
HsVcPillar2a6	CCSBORF5808	3	CCSBORF8297	3AT	1	251G>A	0	NC_000011.10:5226640:C:T	CCSBVarC006226	ENSP00000333994.3:p.Gly84Asp	HBB	ENSG00000244734	HBZ
HsVcPillar2a6	CCSBORF5808	3	CCSBORF8297	3AT	1	262A>C	0	NC_000011.10:5226629:T:G	CCSBVarC010094	ENSP00000333994.3:p.Thr88Pro	HBB	ENSG00000244734	HBZ
HsVcPillar2a6	CCSBORF5808	3	CCSBORF8297	3AT	1	266T>C	0	NC_000011.10:5226625:A:G	CCSBVarC010204	ENSP00000333994.3:p.Leu89Pro	HBB	ENSG00000244734	HBZ
HsVcPillar2a6	CCSBORF5808	3	CCSBORF8297	3AT	1	277C>A	0	NC_000011.10:5226614:G:T	CCSBVarC010210	ENSP00000333994.3:p.His93Asn	HBB	ENSG00000244734	HBZ
HsVcPillar2a6	CCSBORF5808	3	CCSBORF8297	3AT	1	294C>G	0	NC_000011.10:5226597:G:C	CCSBVarC010171	ENSP00000333994.3:p.His98Gln	HBB	ENSG00000244734	HBZ
HsVcPillar2a6	CCSBORF5808	3	CCSBORF8297	3AT	1	298G>A	0	NC_000011.10:5226593:C:T	CCSBVarC006229	ENSP00000333994.3:p.Asp100Asn	HBB	ENSG00000244734	HBZ
HsVcPillar2a6	CCSBORF5808	3	CCSBORF8297	3AT	1	314G>C	0	NC_000011.10:5226577:C:G	CCSBVarC010102	ENSP00000333994.3:p.Arg105Thr	HBB	ENSG00000244734	HBZ
HsVcPillar2a6	CCSBORF5808	3	CCSBORF8297	3AT	1	350A>C	0	NC_000011.10:5225691:T:G	CCSBVarC006233	ENSP00000333994.3:p.His117Pro	HBB	ENSG00000244734	HBZ
HsVcPillar2a6	CCSBORF5808	3	CCSBORF8297	3AT	1	382C>G	0	NC_000011.10:5225659:G:C	CCSBVarC006237	ENSP00000333994.3:p.Gln128Glu	HBB	ENSG00000244734	HBZ
HsVcPillar2a6	CCSBORF5808	3	CCSBORF8297	3AT	1	430C>G	0	NC_000011.10:5225611:G:C	CCSBVarC006241	ENSP00000333994.3:p.His144Asp	HBB	ENSG00000244734	HBZ
HsVcPillar2a6	CCSBORF5808	3	CCSBORF8297	3AT	1	430C>T	0	NC_000011.10:5225611:G:A	CCSBVarC010136	ENSP00000333994.3:p.His144Tyr	HBB	ENSG00000244734	HBZ
HsVcPillar2a6	CCSBORF5808	3	CCSBORF8297	3AT	1	431A>C	0	NC_000011.10:5225610:T:G	CCSBVarC010143	ENSP00000333994.3:p.His144Pro	HBB	ENSG00000244734	HBZ
HsVcPillar2a6	CCSBORF5808	3	CCSBORF8297	3AT	1	59A>G	0	NC_000011.10:5226962:T:C	CCSBVarC006217	ENSP00000333994.3:p.Asn20Ser	HBB	ENSG00000244734	HBZ
HsVcPillar2a6	CCSBORF5808	3	CCSBORF8297	3AT	1	91A>G	0	NC_000011.10:5226930:T:C	CCSBVarC010152	ENSP00000333994.3:p.Arg31Gly	HBB	ENSG00000244734	HBZ
HsVcPillar2a6	CCSBORF4765	2	CCSBORF11621	3AT	1	REF	19	NULL	NULL	NULL	ITGB2	ENSG00000160255	MTIF3
HsVcPillar2a6	CCSBORF4765	2	CCSBORF11621	3AT	1	1052A>G	1	NC_000021.9:44895001:T:C	CCSBVarC007537	ENSP00000498780.1:p.Asn351Ser	ITGB2	ENSG00000160255	MTIF3
HsVcPillar2a6	CCSBORF4765	2	CCSBORF11621	3AT	1	106T>A	0	NC_000021.9:44910324:A:T	CCSBVarC008417	ENSP00000498780.1:p.Cys36Ser	ITGB2	ENSG00000160255	MTIF3
HsVcPillar2a6	CCSBORF4765	2	CCSBORF11621	3AT	1	124G>T	0	NC_000021.9:44910306:C:A	CCSBVarC007549	ENSP00000498780.1:p.Gly42Cys	ITGB2	ENSG00000160255	MTIF3
HsVcPillar2a6	CCSBORF4765	2	CCSBORF11621	3AT	1	1777C>T	0	NC_000021.9:44889375:G:A	CCSBVarC003146	ENSP00000498780.1:p.Arg593Cys	ITGB2	ENSG00000160255	MTIF3
HsVcPillar2a6	CCSBORF4765	2	CCSBORF11621	3AT	1	1834T>C	0	NC_000021.9:44889318:A:G	CCSBVarC008409	ENSP00000498780.1:p.Cys612Arg	ITGB2	ENSG00000160255	MTIF3
HsVcPillar2a6	CCSBORF4765	2	CCSBORF11621	3AT	1	2146G>C	1	NC_000021.9:44886836:C:G	CCSBVarC009516	ENSP00000498780.1:p.Gly716Arg	ITGB2	ENSG00000160255	MTIF3
HsVcPillar2a6	CCSBORF4765	2	CCSBORF11621	3AT	1	2189G>A	0	NC_000021.9:44886793:C:T	CCSBVarC009510	ENSP00000498780.1:p.Ser730Asn	ITGB2	ENSG00000160255	MTIF3
HsVcPillar2a6	CCSBORF4765	2	CCSBORF11621	3AT	1	382G>A	0	NC_000021.9:44903481:C:T	CCSBVarC008428	ENSP00000498780.1:p.Asp128Asn	ITGB2	ENSG00000160255	MTIF3
HsVcPillar2a6	CCSBORF4765	2	CCSBORF11621	3AT	1	382G>T	0	NC_000021.9:44903481:C:A	CCSBVarC003144	ENSP00000498780.1:p.Asp128Tyr	ITGB2	ENSG00000160255	MTIF3
HsVcPillar2a6	CCSBORF4765	2	CCSBORF11621	3AT	1	449G>A	0	NC_000021.9:44903414:C:T	CCSBVarC008419	ENSP00000498780.1:p.Gly150Asp	ITGB2	ENSG00000160255	MTIF3
HsVcPillar2a6	CCSBORF4765	2	CCSBORF11621	3AT	1	505G>A	0	NC_000021.9:44901727:C:T	CCSBVarC007546	ENSP00000498780.1:p.Gly169Arg	ITGB2	ENSG00000160255	MTIF3
HsVcPillar2a6	CCSBORF4765	2	CCSBORF11621	3AT	1	587A>C	0	NC_000021.9:44901645:T:G	CCSBVarC007544	ENSP00000498780.1:p.Lys196Thr	ITGB2	ENSG00000160255	MTIF3
HsVcPillar2a6	CCSBORF4765	2	CCSBORF11621	3AT	1	691G>C	0	NC_000021.9:44901541:C:G	CCSBVarC008405	ENSP00000498780.1:p.Asp231His	ITGB2	ENSG00000160255	MTIF3
HsVcPillar2a6	CCSBORF4765	2	CCSBORF11621	3AT	1	712G>A	0	NC_000021.9:44901520:C:T	CCSBVarC008421	ENSP00000498780.1:p.Asp238Asn	ITGB2	ENSG00000160255	MTIF3
HsVcPillar2a6	CCSBORF4765	2	CCSBORF11621	3AT	1	715G>A	0	NC_000021.9:44901517:C:T	CCSBVarC007541	ENSP00000498780.1:p.Ala239Thr	ITGB2	ENSG00000160255	MTIF3
HsVcPillar2a6	CCSBORF4765	2	CCSBORF11621	3AT	1	754T>C	1	NC_000021.9:44900462:A:G	CCSBVarC008394	ENSP00000498780.1:p.Trp252Arg	ITGB2	ENSG00000160255	MTIF3
HsVcPillar2a6	CCSBORF4765	2	CCSBORF11621	3AT	1	817G>A	0	NC_000021.9:44900399:C:T	CCSBVarC000702	ENSP00000498780.1:p.Gly273Arg	ITGB2	ENSG00000160255	MTIF3
HsVcPillar2a6	CCSBORF4765	2	CCSBORF11621	3AT	1	905C>T	1	NC_000021.9:44899154:G:A	CCSBVarC008423	ENSP00000498780.1:p.Pro302Leu	ITGB2	ENSG00000160255	MTIF3
HsVcPillar2a6	CCSBORF100016069	1	CCSBORF6281	3AT	1	REF	2490	NULL	NULL	NULL	KCNJ2	ENSG00000123700	KCNJ15
HsVcPillar2a6	CCSBORF100016069	1	CCSBORF6281	3AT	1	232G>T	5313	NC_000017.11:70175270:G:T	CCSBVarC035501	ENSP00000243457.2:p.Asp78Tyr	KCNJ2	ENSG00000123700	KCNJ15
HsVcPillar2a6	CCSBORF100016069	1	CCSBORF6281	3AT	1	244C>T	4857	NC_000017.11:70175282:C:T	CCSBVarC035503	ENSP00000243457.2:p.Arg82Trp	KCNJ2	ENSG00000123700	KCNJ15
HsVcPillar2a6	CCSBORF100016069	1	CCSBORF6281	3AT	1	425C>T	4339	NC_000017.11:70175463:C:T	CCSBVarC035507	ENSP00000243457.2:p.Thr142Ile	KCNJ2	ENSG00000123700	KCNJ15
HsVcPillar2a6	CCSBORF100016069	1	CCSBORF6281	3AT	1	430G>A	4357	NC_000017.11:70175468:G:A	CCSBVarC035510	ENSP00000243457.2:p.Gly144Ser	KCNJ2	ENSG00000123700	KCNJ15
HsVcPillar2a6	CCSBORF100016069	1	CCSBORF6281	3AT	1	574A>G	1647	NC_000017.11:70175612:A:G	CCSBVarC035585	ENSP00000243457.2:p.Thr192Ala	KCNJ2	ENSG00000123700	KCNJ15
HsVcPillar2a6	CCSBORF100016069	1	CCSBORF6281	3AT	1	845T>G	525	NC_000017.11:70175883:T:G	CCSBVarC035624	ENSP00000243457.2:p.Leu282Trp	KCNJ2	ENSG00000123700	KCNJ15
HsVcPillar2a6	CCSBORF100016069	1	CCSBORF6281	3AT	1	896A>G	5526	NC_000017.11:70175934:A:G	CCSBVarC035626	ENSP00000243457.2:p.Glu299Gly	KCNJ2	ENSG00000123700	KCNJ15
HsVcPillar2a6	CCSBORF100016069	1	CCSBORF6281	3AT	1	913A>C	4815	NC_000017.11:70175951:A:C	CCSBVarC035629	ENSP00000243457.2:p.Thr305Pro	KCNJ2	ENSG00000123700	KCNJ15
HsVcPillar2a6	CCSBORF100016069	1	CCSBORF6281	3AT	1	913A>G	7194	NC_000017.11:70175951:A:G	CCSBVarC035631	ENSP00000243457.2:p.Thr305Ala	KCNJ2	ENSG00000123700	KCNJ15
HsVcPillar2a6	CCSBORF100016069	1	CCSBORF6281	3AT	1	919A>G	3925	NC_000017.11:70175957:A:G	CCSBVarC035633	ENSP00000243457.2:p.Met307Val	KCNJ2	ENSG00000123700	KCNJ15
HsVcPillar2a6	CCSBORF100016069	1	CCSBORF6281	3AT	1	934C>T	3841	NC_000017.11:70175972:C:T	CCSBVarC035638	ENSP00000243457.2:p.Arg312Cys	KCNJ2	ENSG00000123700	KCNJ15
HsVcPillar2a6	CCSBORF359	1	CCSBORF4616	3AT	1	REF	11419	NULL	NULL	NULL	CBS	ENSG00000160200	UBE2I
HsVcPillar2a6	CCSBORF359	1	CCSBORF4616	3AT	1	1007G>A	39	NC_000021.9:43062342:C:T	CCSBVarC007316	ENSP00000381231.4:p.Arg336His	CBS	ENSG00000160200	UBE2I
HsVcPillar2a6	CCSBORF359	1	CCSBORF4616	3AT	1	1058C>T	99	NC_000021.9:43060527:G:A	CCSBVarC007312	ENSP00000381231.4:p.Thr353Met	CBS	ENSG00000160200	UBE2I
HsVcPillar2a6	CCSBORF359	1	CCSBORF4616	3AT	1	1111G>A	692	NC_000021.9:43060474:C:T	CCSBVarC007308	ENSP00000381231.4:p.Val371Met	CBS	ENSG00000160200	UBE2I
HsVcPillar2a6	CCSBORF359	1	CCSBORF4616	3AT	1	1150A>G	628	NC_000021.9:43059298:T:C	CCSBVarC007306	ENSP00000381231.4:p.Lys384Glu	CBS	ENSG00000160200	UBE2I
HsVcPillar2a6	CCSBORF359	1	CCSBORF4616	3AT	1	1330G>A	126	NC_000021.9:43058861:C:T	CCSBVarC007302	ENSP00000381231.4:p.Asp444Asn	CBS	ENSG00000160200	UBE2I
HsVcPillar2a6	CCSBORF359	1	CCSBORF4616	3AT	1	146C>T	5876	NC_000021.9:43072047:G:A	CCSBVarC000042	ENSP00000381231.4:p.Pro49Leu	CBS	ENSG00000160200	UBE2I
HsVcPillar2a6	CCSBORF359	1	CCSBORF4616	3AT	1	175C>T	7	NC_000021.9:43072018:G:A	CCSBVarC008674	ENSP00000381231.4:p.Pro59Ser	CBS	ENSG00000160200	UBE2I
HsVcPillar2a6	CCSBORF359	1	CCSBORF4616	3AT	1	253G>A	40	NC_000021.9:43068571:C:T	CCSBVarC007358	ENSP00000381231.4:p.Gly85Arg	CBS	ENSG00000160200	UBE2I
HsVcPillar2a6	CCSBORF359	1	CCSBORF4616	3AT	1	306G>C	6	NC_000021.9:43068518:C:G	CCSBVarC007353	ENSP00000381231.4:p.Lys102Asn	CBS	ENSG00000160200	UBE2I
HsVcPillar2a6	CCSBORF359	1	CCSBORF4616	3AT	1	341C>T	620	NC_000021.9:43066352:G:A	CCSBVarC007350	ENSP00000381231.4:p.Ala114Val	CBS	ENSG00000160200	UBE2I
HsVcPillar2a6	CCSBORF359	1	CCSBORF4616	3AT	1	361C>T	27	NC_000021.9:43066332:G:A	CCSBVarC007347	ENSP00000381231.4:p.Arg121Cys	CBS	ENSG00000160200	UBE2I
HsVcPillar2a6	CCSBORF359	1	CCSBORF4616	3AT	1	374G>A	34	NC_000021.9:43066319:C:T	CCSBVarC008706	ENSP00000381231.4:p.Arg125Gln	CBS	ENSG00000160200	UBE2I
HsVcPillar2a6	CCSBORF359	1	CCSBORF4616	3AT	1	430G>A	215	NC_000021.9:43066263:C:T	CCSBVarC007340	ENSP00000381231.4:p.Glu144Lys	CBS	ENSG00000160200	UBE2I
HsVcPillar2a6	CCSBORF359	1	CCSBORF4616	3AT	1	442G>A	755	NC_000021.9:43066251:C:T	CCSBVarC007338	ENSP00000381231.4:p.Gly148Arg	CBS	ENSG00000160200	UBE2I
HsVcPillar2a6	CCSBORF359	1	CCSBORF4616	3AT	1	494G>A	27	NC_000021.9:43065652:C:T	CCSBVarC008696	ENSP00000381231.4:p.Cys165Tyr	CBS	ENSG00000160200	UBE2I
HsVcPillar2a6	CCSBORF359	1	CCSBORF4616	3AT	1	526G>A	29	NC_000021.9:43065620:C:T	CCSBVarC008702	ENSP00000381231.4:p.Glu176Lys	CBS	ENSG00000160200	UBE2I
HsVcPillar2a6	CCSBORF359	1	CCSBORF4616	3AT	1	52C>T	92	NC_000021.9:43072141:G:A	CCSBVarC007367	ENSP00000381231.4:p.Arg18Cys	CBS	ENSG00000160200	UBE2I
HsVcPillar2a6	CCSBORF359	1	CCSBORF4616	3AT	1	684C>G	650	NC_000021.9:43065254:G:C	CCSBVarC008710	ENSP00000381231.4:p.Asn228Lys	CBS	ENSG00000160200	UBE2I
HsVcPillar2a6	CCSBORF359	1	CCSBORF4616	3AT	1	700G>A	1031	NC_000021.9:43065238:C:T	CCSBVarC007328	ENSP00000381231.4:p.Asp234Asn	CBS	ENSG00000160200	UBE2I
HsVcPillar2a6	CCSBORF359	1	CCSBORF4616	3AT	1	797G>A	2035	NC_000021.9:43063930:C:T	CCSBVarC007324	ENSP00000381231.4:p.Arg266Lys	CBS	ENSG00000160200	UBE2I
HsVcPillar2a6	CCSBORF359	1	CCSBORF4616	3AT	1	833T>C	25	NC_000021.9:43063073:A:G	CCSBVarC000044	ENSP00000381231.4:p.Ile278Thr	CBS	ENSG00000160200	UBE2I
HsVcPillar2a6	CCSBORF359	1	CCSBORF4616	3AT	1	959T>C	13	NC_000021.9:43062390:A:G	CCSBVarC007319	ENSP00000381231.4:p.Val320Ala	CBS	ENSG00000160200	UBE2I
HsVcPillar2a6	CCSBORF359	4	CCSBORF5539	3AT	1	REF	5504	NULL	NULL	NULL	CBS	ENSG00000160200	ZMYM5
HsVcPillar2a6	CCSBORF359	4	CCSBORF5539	3AT	1	1009A>C	24	NC_000021.9:43062340:T:G	CCSBVarC007315	ENSP00000381231.4:p.Met337Leu	CBS	ENSG00000160200	ZMYM5
HsVcPillar2a6	CCSBORF359	4	CCSBORF5539	3AT	1	1009A>G	13	NC_000021.9:43062340:T:C	CCSBVarC007314	ENSP00000381231.4:p.Met337Val	CBS	ENSG00000160200	ZMYM5
HsVcPillar2a6	CCSBORF359	4	CCSBORF5539	3AT	1	1072G>A	8	NC_000021.9:43060513:C:T	CCSBVarC007310	ENSP00000381231.4:p.Val358Met	CBS	ENSG00000160200	ZMYM5
HsVcPillar2a6	CCSBORF359	4	CCSBORF5539	3AT	1	1208C>T	21	NC_000021.9:43059240:G:A	CCSBVarC007305	ENSP00000381231.4:p.Thr403Met	CBS	ENSG00000160200	ZMYM5
HsVcPillar2a6	CCSBORF359	4	CCSBORF5539	3AT	1	134G>A	53	NC_000021.9:43072059:C:T	CCSBVarC007363	ENSP00000381231.4:p.Arg45Gln	CBS	ENSG00000160200	ZMYM5
HsVcPillar2a6	CCSBORF359	4	CCSBORF5539	3AT	1	1357G>T	7	NC_000021.9:43058834:C:A	CCSBVarC007300	ENSP00000381231.4:p.Gly453Trp	CBS	ENSG00000160200	ZMYM5
HsVcPillar2a6	CCSBORF359	4	CCSBORF5539	3AT	1	1397C>T	8934	NC_000021.9:43058214:G:A	CCSBVarC007298	ENSP00000381231.4:p.Ser466Leu	CBS	ENSG00000160200	ZMYM5
HsVcPillar2a6	CCSBORF359	4	CCSBORF5539	3AT	1	1436T>C	2084	NC_000021.9:43058175:A:G	CCSBVarC007296	ENSP00000381231.4:p.Val479Ala	CBS	ENSG00000160200	ZMYM5
HsVcPillar2a6	CCSBORF359	4	CCSBORF5539	3AT	1	152G>A	2257	NC_000021.9:43072041:C:T	CCSBVarC007362	ENSP00000381231.4:p.Arg51Lys	CBS	ENSG00000160200	ZMYM5
HsVcPillar2a6	CCSBORF359	4	CCSBORF5539	3AT	1	301C>G	10	NC_000021.9:43068523:G:C	CCSBVarC007355	ENSP00000381231.4:p.Leu101Val	CBS	ENSG00000160200	ZMYM5
HsVcPillar2a6	CCSBORF359	4	CCSBORF5539	3AT	1	34C>T	57	NC_000021.9:43072159:G:A	CCSBVarC007368	ENSP00000381231.4:p.Pro12Ser	CBS	ENSG00000160200	ZMYM5
HsVcPillar2a6	CCSBORF359	4	CCSBORF5539	3AT	1	352G>A	122	NC_000021.9:43066341:C:T	CCSBVarC007348	ENSP00000381231.4:p.Val118Met	CBS	ENSG00000160200	ZMYM5
HsVcPillar2a6	CCSBORF359	4	CCSBORF5539	3AT	1	395G>A	11	NC_000021.9:43066298:C:T	CCSBVarC007344	ENSP00000381231.4:p.Arg132His	CBS	ENSG00000160200	ZMYM5
HsVcPillar2a6	CCSBORF359	4	CCSBORF5539	3AT	1	397G>A	4538	NC_000021.9:43066296:C:T	CCSBVarC007343	ENSP00000381231.4:p.Asp133Asn	CBS	ENSG00000160200	ZMYM5
HsVcPillar2a6	CCSBORF359	4	CCSBORF5539	3AT	1	400G>A	56	NC_000021.9:43066293:C:T	CCSBVarC007342	ENSP00000381231.4:p.Gly134Arg	CBS	ENSG00000160200	ZMYM5
HsVcPillar2a6	CCSBORF359	4	CCSBORF5539	3AT	1	469G>A	2	NC_000021.9:43065677:C:T	CCSBVarC007337	ENSP00000381231.4:p.Ala157Thr	CBS	ENSG00000160200	ZMYM5
HsVcPillar2a6	CCSBORF359	4	CCSBORF5539	3AT	1	502G>A	5	NC_000021.9:43065644:C:T	CCSBVarC007336	ENSP00000381231.4:p.Val168Met	CBS	ENSG00000160200	ZMYM5
HsVcPillar2a6	CCSBORF359	4	CCSBORF5539	3AT	1	531G>C	2091	NC_000021.9:43065615:C:G	CCSBVarC007335	ENSP00000381231.4:p.Lys177Asn	CBS	ENSG00000160200	ZMYM5
HsVcPillar2a6	CCSBORF359	4	CCSBORF5539	3AT	1	532G>A	5	NC_000021.9:43065520:C:T	CCSBVarC007334	ENSP00000381231.4:p.Val178Met	CBS	ENSG00000160200	ZMYM5
HsVcPillar2a6	CCSBORF359	4	CCSBORF5539	3AT	1	616G>A	366	NC_000021.9:43065436:C:T	CCSBVarC007332	ENSP00000381231.4:p.Val206Met	CBS	ENSG00000160200	ZMYM5
HsVcPillar2a6	CCSBORF359	4	CCSBORF5539	3AT	1	636C>G	124	NC_000021.9:43065416:G:C	CCSBVarC007330	ENSP00000381231.4:p.Asn212Lys	CBS	ENSG00000160200	ZMYM5
HsVcPillar2a6	CCSBORF359	4	CCSBORF5539	3AT	1	670C>T	2042	NC_000021.9:43065268:G:A	CCSBVarC007329	ENSP00000381231.4:p.Arg224Cys	CBS	ENSG00000160200	ZMYM5
HsVcPillar2a6	CCSBORF359	4	CCSBORF5539	3AT	1	844C>T	2549	NC_000021.9:43063062:G:A	CCSBVarC007323	ENSP00000381231.4:p.Pro282Ser	CBS	ENSG00000160200	ZMYM5
HsVcPillar2a6	CCSBORF359	4	CCSBORF5539	3AT	1	992C>T	93	NC_000021.9:43062357:G:A	CCSBVarC007318	ENSP00000381231.4:p.Ala331Val	CBS	ENSG00000160200	ZMYM5
HsVcPillar2a6	CCSBORF12573	3	CCSBORF0	3AT	1	REF	4	NULL	NULL	NULL	DES	ENSG00000175084	empty_AD
HsVcPillar2a6	CCSBORF12573	3	CCSBORF0	3AT	1	1047G>A	0	NC_000002.12:219421362:G:A	CCSBVarC007858	ENSP00000363071.3:p.Met349Ile	DES	ENSG00000175084	empty_AD
HsVcPillar2a6	CCSBORF12573	3	CCSBORF0	3AT	1	1064G>C	0	NC_000002.12:219421379:G:C	CCSBVarC007862	ENSP00000363071.3:p.Arg355Pro	DES	ENSG00000175084	empty_AD
HsVcPillar2a6	CCSBORF12573	3	CCSBORF0	3AT	1	109C>G	1	NC_000002.12:219418570:C:G	CCSBVarC007789	ENSP00000363071.3:p.Arg37Gly	DES	ENSG00000175084	empty_AD
HsVcPillar2a6	CCSBORF12573	3	CCSBORF0	3AT	1	1159G>A	0	NC_000002.12:219421474:G:A	CCSBVarC007867	ENSP00000363071.3:p.Glu387Lys	DES	ENSG00000175084	empty_AD
HsVcPillar2a6	CCSBORF12573	3	CCSBORF0	3AT	1	1167G>T	0	NC_000002.12:219421482:G:T	CCSBVarC007869	ENSP00000363071.3:p.Gln389His	DES	ENSG00000175084	empty_AD
HsVcPillar2a6	CCSBORF12573	3	CCSBORF0	3AT	1	1180G>A	0	NC_000002.12:219421495:G:A	CCSBVarC007872	ENSP00000363071.3:p.Val394Met	DES	ENSG00000175084	empty_AD
HsVcPillar2a6	CCSBORF12573	3	CCSBORF0	3AT	1	1234G>A	0	NC_000002.12:219421549:G:A	CCSBVarC007876	ENSP00000363071.3:p.Glu412Lys	DES	ENSG00000175084	empty_AD
HsVcPillar2a6	CCSBORF12573	3	CCSBORF0	3AT	1	1256C>T	0	NC_000002.12:219423787:C:T	CCSBVarC007879	ENSP00000363071.3:p.Pro419Leu	DES	ENSG00000175084	empty_AD
HsVcPillar2a6	CCSBORF12573	3	CCSBORF0	3AT	1	1271C>T	0	NC_000002.12:219423802:C:T	CCSBVarC007880	ENSP00000363071.3:p.Ser424Phe	DES	ENSG00000175084	empty_AD
HsVcPillar2a6	CCSBORF12573	3	CCSBORF0	3AT	1	1315G>A	0	NC_000002.12:219425688:G:A	CCSBVarC007883	ENSP00000363071.3:p.Glu439Lys	DES	ENSG00000175084	empty_AD
HsVcPillar2a6	CCSBORF12573	3	CCSBORF0	3AT	1	1360C>T	0	NC_000002.12:219425733:C:T	CCSBVarC007889	ENSP00000363071.3:p.Arg454Trp	DES	ENSG00000175084	empty_AD
HsVcPillar2a6	CCSBORF12573	3	CCSBORF0	3AT	1	1361G>A	0	NC_000002.12:219425734:G:A	CCSBVarC007890	ENSP00000363071.3:p.Arg454Gln	DES	ENSG00000175084	empty_AD
HsVcPillar2a6	CCSBORF12573	3	CCSBORF0	3AT	1	209G>C	0	NC_000002.12:219418670:G:C	CCSBVarC007798	ENSP00000363071.3:p.Arg70Pro	DES	ENSG00000175084	empty_AD
HsVcPillar2a6	CCSBORF12573	3	CCSBORF0	3AT	1	250G>A	0	NC_000002.12:219418711:G:A	CCSBVarC007801	ENSP00000363071.3:p.Gly84Ser	DES	ENSG00000175084	empty_AD
HsVcPillar2a6	CCSBORF12573	3	CCSBORF0	3AT	1	286G>T	1	NC_000002.12:219418747:G:T	CCSBVarC007802	ENSP00000363071.3:p.Ala96Ser	DES	ENSG00000175084	empty_AD
HsVcPillar2a6	CCSBORF12573	3	CCSBORF0	3AT	1	328G>C	0	NC_000002.12:219418789:G:C	CCSBVarC007805	ENSP00000363071.3:p.Val110Leu	DES	ENSG00000175084	empty_AD
HsVcPillar2a6	CCSBORF12573	3	CCSBORF0	3AT	1	347A>T	0	NC_000002.12:219418808:A:T	CCSBVarC007806	ENSP00000363071.3:p.Asn116Ile	DES	ENSG00000175084	empty_AD
HsVcPillar2a6	CCSBORF12573	3	CCSBORF0	3AT	1	404C>T	0	NC_000002.12:219418865:C:T	CCSBVarC007812	ENSP00000363071.3:p.Ala135Val	DES	ENSG00000175084	empty_AD
HsVcPillar2a6	CCSBORF12573	3	CCSBORF0	3AT	1	410C>A	1	NC_000002.12:219418871:C:A	CCSBVarC007814	ENSP00000363071.3:p.Ala137Asp	DES	ENSG00000175084	empty_AD
HsVcPillar2a6	CCSBORF12573	3	CCSBORF0	3AT	1	629C>T	0	NC_000002.12:219420144:C:T	CCSBVarC007823	ENSP00000363071.3:p.Ala210Val	DES	ENSG00000175084	empty_AD
HsVcPillar2a6	CCSBORF12573	3	CCSBORF0	3AT	1	656C>T	0	NC_000002.12:219420266:C:T	CCSBVarC007827	ENSP00000363071.3:p.Thr219Ile	DES	ENSG00000175084	empty_AD
HsVcPillar2a6	CCSBORF12573	3	CCSBORF0	3AT	1	665G>A	0	NC_000002.12:219420275:G:A	CCSBVarC007828	ENSP00000363071.3:p.Arg222His	DES	ENSG00000175084	empty_AD
HsVcPillar2a6	CCSBORF12573	3	CCSBORF0	3AT	1	679C>T	0	NC_000002.12:219420289:C:T	CCSBVarC007829	ENSP00000363071.3:p.Arg227Cys	DES	ENSG00000175084	empty_AD
HsVcPillar2a6	CCSBORF12573	3	CCSBORF0	3AT	1	680G>A	0	NC_000002.12:219420290:G:A	CCSBVarC007830	ENSP00000363071.3:p.Arg227His	DES	ENSG00000175084	empty_AD
HsVcPillar2a6	CCSBORF12573	3	CCSBORF0	3AT	1	79G>A	1	NC_000002.12:219418540:G:A	CCSBVarC007787	ENSP00000363071.3:p.Gly27Ser	DES	ENSG00000175084	empty_AD
HsVcPillar2a6	CCSBORF12573	3	CCSBORF0	3AT	1	817G>T	0	NC_000002.12:219420575:G:T	CCSBVarC007838	ENSP00000363071.3:p.Ala273Ser	DES	ENSG00000175084	empty_AD
HsVcPillar2a6	CCSBORF12573	3	CCSBORF0	3AT	1	893C>T	0	NC_000002.12:219420651:C:T	CCSBVarC006503	ENSP00000363071.3:p.Ser298Leu	DES	ENSG00000175084	empty_AD
HsVcPillar2a6	CCSBORF12573	3	CCSBORF0	3AT	1	935A>C	0	NC_000002.12:219420864:A:C	CCSBVarC007842	ENSP00000363071.3:p.Asp312Ala	DES	ENSG00000175084	empty_AD
HsVcPillar2a6	CCSBORF12573	3	CCSBORF0	3AT	1	944G>A	0	NC_000002.12:219420873:G:A	CCSBVarC007844	ENSP00000363071.3:p.Arg315His	DES	ENSG00000175084	empty_AD
HsVcPillar2a6	CCSBORF12573	3	CCSBORF0	3AT	1	980A>C	0	NC_000002.12:219420909:A:C	CCSBVarC007847	ENSP00000363071.3:p.Gln327Pro	DES	ENSG00000175084	empty_AD
HsVcPillar2a6	CCSBORF12573	3	CCSBORF0	3AT	1	991T>A	0	NC_000002.12:219420920:T:A	CCSBVarC007849	ENSP00000363071.3:p.Tyr331Asn	DES	ENSG00000175084	empty_AD
HsVcPillar2a6	CCSBORF7923	2	CCSBORF0	3AT	1	REF	0	NULL	NULL	NULL	FAH	ENSG00000103876	empty_AD
HsVcPillar2a6	CCSBORF7923	2	CCSBORF0	3AT	1	1009G>A	0	NC_000015.10:80180171:G:A	CCSBVarC004729	ENSP00000453347.2:p.Gly337Ser	FAH	ENSG00000103876	empty_AD
HsVcPillar2a6	CCSBORF7923	2	CCSBORF0	3AT	1	1021C>T	0	NC_000015.10:80180183:C:T	CCSBVarC007673	ENSP00000453347.2:p.Arg341Trp	FAH	ENSG00000103876	empty_AD
HsVcPillar2a6	CCSBORF7923	2	CCSBORF0	3AT	1	1027G>A	0	NC_000015.10:80180189:G:A	CCSBVarC025379	ENSP00000453347.2:p.Gly343Arg	FAH	ENSG00000103876	empty_AD
HsVcPillar2a6	CCSBORF7923	2	CCSBORF0	3AT	1	1079G>A	0	NC_000015.10:80181057:G:A	CCSBVarC007674	ENSP00000453347.2:p.Gly360Asp	FAH	ENSG00000103876	empty_AD
HsVcPillar2a6	CCSBORF7923	2	CCSBORF0	3AT	1	107T>C	0	NC_000015.10:80158084:T:C	CCSBVarC007659	ENSP00000453347.2:p.Ile36Thr	FAH	ENSG00000103876	empty_AD
HsVcPillar2a6	CCSBORF7923	2	CCSBORF0	3AT	1	109G>A	0	NC_000015.10:80158086:G:A	CCSBVarC007660	ENSP00000453347.2:p.Gly37Ser	FAH	ENSG00000103876	empty_AD
HsVcPillar2a6	CCSBORF7923	2	CCSBORF0	3AT	1	1141A>G	0	NC_000015.10:80181119:A:G	CCSBVarC004730	ENSP00000453347.2:p.Arg381Gly	FAH	ENSG00000103876	empty_AD
HsVcPillar2a6	CCSBORF7923	2	CCSBORF0	3AT	1	1205G>A	0	NC_000015.10:80186153:G:A	CCSBVarC007675	ENSP00000453347.2:p.Arg402His	FAH	ENSG00000103876	empty_AD
HsVcPillar2a6	CCSBORF7923	2	CCSBORF0	3AT	1	133A>G	0	NC_000015.10:80158110:A:G	CCSBVarC007661	ENSP00000453347.2:p.Ile45Val	FAH	ENSG00000103876	empty_AD
HsVcPillar2a6	CCSBORF7923	2	CCSBORF0	3AT	1	139A>G	0	NC_000015.10:80158116:A:G	CCSBVarC007662	ENSP00000453347.2:p.Lys47Glu	FAH	ENSG00000103876	empty_AD
HsVcPillar2a6	CCSBORF7923	2	CCSBORF0	3AT	1	167C>T	0	NC_000015.10:80158144:C:T	CCSBVarC007663	ENSP00000453347.2:p.Ser56Phe	FAH	ENSG00000103876	empty_AD
HsVcPillar2a6	CCSBORF7923	2	CCSBORF0	3AT	1	181G>T	0	NC_000015.10:80158158:G:T	CCSBVarC007664	ENSP00000453347.2:p.Val61Phe	FAH	ENSG00000103876	empty_AD
HsVcPillar2a6	CCSBORF7923	2	CCSBORF0	3AT	1	192G>T	0	NC_000015.10:80158169:G:T	CCSBVarC007665	ENSP00000453347.2:p.Gln64His	FAH	ENSG00000103876	empty_AD
HsVcPillar2a6	CCSBORF7923	2	CCSBORF0	3AT	1	291A>C	0	NC_000015.10:80159853:A:C	CCSBVarC007666	ENSP00000453347.2:p.Arg97Ser	FAH	ENSG00000103876	empty_AD
HsVcPillar2a6	CCSBORF7923	2	CCSBORF0	3AT	1	296A>G	0	NC_000015.10:80159858:A:G	CCSBVarC007667	ENSP00000453347.2:p.Asp99Gly	FAH	ENSG00000103876	empty_AD
HsVcPillar2a6	CCSBORF7923	2	CCSBORF0	3AT	1	302A>G	0	NC_000015.10:80159864:A:G	CCSBVarC007668	ENSP00000453347.2:p.Glu101Gly	FAH	ENSG00000103876	empty_AD
HsVcPillar2a6	CCSBORF7923	2	CCSBORF0	3AT	1	398A>T	0	NC_000015.10:80162278:A:T	CCSBVarC025300	ENSP00000453347.2:p.His133Leu	FAH	ENSG00000103876	empty_AD
HsVcPillar2a6	CCSBORF7923	2	CCSBORF0	3AT	1	401C>A	0	NC_000015.10:80162281:C:A	CCSBVarC004725	ENSP00000453347.2:p.Ala134Asp	FAH	ENSG00000103876	empty_AD
HsVcPillar2a6	CCSBORF7923	2	CCSBORF0	3AT	1	412G>A	0	NC_000015.10:80162292:G:A	CCSBVarC007669	ENSP00000453347.2:p.Gly138Arg	FAH	ENSG00000103876	empty_AD
HsVcPillar2a6	CCSBORF7923	2	CCSBORF0	3AT	1	47A>T	0	NC_000015.10:80153100:A:T	CCSBVarC004724	ENSP00000453347.2:p.Asn16Ile	FAH	ENSG00000103876	empty_AD
HsVcPillar2a6	CCSBORF7923	2	CCSBORF0	3AT	1	696C>A	0	NC_000015.10:80172237:C:A	CCSBVarC004726	ENSP00000453347.2:p.Asn232Lys	FAH	ENSG00000103876	empty_AD
HsVcPillar2a6	CCSBORF7923	2	CCSBORF0	3AT	1	698A>T	0	NC_000015.10:80172239:A:T	CCSBVarC004727	ENSP00000453347.2:p.Asp233Val	FAH	ENSG00000103876	empty_AD
HsVcPillar2a6	CCSBORF7923	2	CCSBORF0	3AT	1	715A>T	0	NC_000015.10:80173021:A:T	CCSBVarC007670	ENSP00000453347.2:p.Ile239Phe	FAH	ENSG00000103876	empty_AD
HsVcPillar2a6	CCSBORF7923	2	CCSBORF0	3AT	1	742G>A	0	NC_000015.10:80173048:G:A	CCSBVarC025336	ENSP00000453347.2:p.Gly248Arg	FAH	ENSG00000103876	empty_AD
HsVcPillar2a6	CCSBORF7923	2	CCSBORF0	3AT	1	782C>T	0	NC_000015.10:80173088:C:T	CCSBVarC004728	ENSP00000453347.2:p.Pro261Leu	FAH	ENSG00000103876	empty_AD
HsVcPillar2a6	CCSBORF7923	2	CCSBORF0	3AT	1	836A>G	0	NC_000015.10:80173142:A:G	CCSBVarC007671	ENSP00000453347.2:p.Gln279Arg	FAH	ENSG00000103876	empty_AD
HsVcPillar2a6	CCSBORF7923	2	CCSBORF0	3AT	1	841C>A	0	NC_000015.10:80175018:C:A	CCSBVarC007672	ENSP00000453347.2:p.Pro281Thr	FAH	ENSG00000103876	empty_AD
HsVcPillar2a6	CCSBORF300	4	CCSBORF0	3AT	1	REF	0	NULL	NULL	NULL	GALT	ENSG00000213930	empty_AD
HsVcPillar2a6	CCSBORF300	4	CCSBORF0	3AT	1	1048A>G	0	NC_000009.12:34649552:A:G	CCSBVarC007291	ENSP00000368119.4:p.Thr350Ala	GALT	ENSG00000213930	empty_AD
HsVcPillar2a6	CCSBORF300	4	CCSBORF0	3AT	1	113A>C	0	NC_000009.12:34647118:A:C	CCSBVarC007145	ENSP00000368119.4:p.Gln38Pro	GALT	ENSG00000213930	empty_AD
HsVcPillar2a6	CCSBORF300	4	CCSBORF0	3AT	1	139C>G	0	NC_000009.12:34647144:C:G	CCSBVarC007149	ENSP00000368119.4:p.His47Asp	GALT	ENSG00000213930	empty_AD
HsVcPillar2a6	CCSBORF300	4	CCSBORF0	3AT	1	157T>A	0	NC_000009.12:34647162:T:A	CCSBVarC007152	ENSP00000368119.4:p.Trp53Arg	GALT	ENSG00000213930	empty_AD
HsVcPillar2a6	CCSBORF300	4	CCSBORF0	3AT	1	1A>G	0	NC_000009.12:34646704:A:G	CCSBVarC004974	ENSP00000368119.4:p.Met1Val	GALT	ENSG00000213930	empty_AD
HsVcPillar2a6	CCSBORF300	4	CCSBORF0	3AT	1	203A>C	0	NC_000009.12:34647208:A:C	CCSBVarC007158	ENSP00000368119.4:p.His68Pro	GALT	ENSG00000213930	empty_AD
HsVcPillar2a6	CCSBORF300	4	CCSBORF0	3AT	1	27G>C	0	NC_000009.12:34646730:G:C	CCSBVarC007135	ENSP00000368119.4:p.Gln9His	GALT	ENSG00000213930	empty_AD
HsVcPillar2a6	CCSBORF300	4	CCSBORF0	3AT	1	285T>G	0	NC_000009.12:34647523:T:G	CCSBVarC007162	ENSP00000368119.4:p.Phe95Leu	GALT	ENSG00000213930	empty_AD
HsVcPillar2a6	CCSBORF300	4	CCSBORF0	3AT	1	350T>C	0	NC_000009.12:34647677:T:C	CCSBVarC004981	ENSP00000368119.4:p.Phe117Ser	GALT	ENSG00000213930	empty_AD
HsVcPillar2a6	CCSBORF300	4	CCSBORF0	3AT	1	374T>C	0	NC_000009.12:34647701:T:C	CCSBVarC007173	ENSP00000368119.4:p.Val125Ala	GALT	ENSG00000213930	empty_AD
HsVcPillar2a6	CCSBORF300	4	CCSBORF0	3AT	1	404C>G	0	NC_000009.12:34647857:C:G	CCSBVarC004982	ENSP00000368119.4:p.Ser135Trp	GALT	ENSG00000213930	empty_AD
HsVcPillar2a6	CCSBORF300	4	CCSBORF0	3AT	1	413C>T	0	NC_000009.12:34647866:C:T	CCSBVarC007184	ENSP00000368119.4:p.Thr138Met	GALT	ENSG00000213930	empty_AD
HsVcPillar2a6	CCSBORF300	4	CCSBORF0	3AT	1	425T>A	0	NC_000009.12:34647878:T:A	CCSBVarC007187	ENSP00000368119.4:p.Met142Lys	GALT	ENSG00000213930	empty_AD
HsVcPillar2a6	CCSBORF300	4	CCSBORF0	3AT	1	499T>C	0	NC_000009.12:34647952:T:C	CCSBVarC007199	ENSP00000368119.4:p.Trp167Arg	GALT	ENSG00000213930	empty_AD
HsVcPillar2a6	CCSBORF300	4	CCSBORF0	3AT	1	505C>A	0	NC_000009.12:34647958:C:A	CCSBVarC007201	ENSP00000368119.4:p.Gln169Lys	GALT	ENSG00000213930	empty_AD
HsVcPillar2a6	CCSBORF300	4	CCSBORF0	3AT	1	550C>G	0	NC_000009.12:34648156:C:G	CCSBVarC007209	ENSP00000368119.4:p.His184Asp	GALT	ENSG00000213930	empty_AD
HsVcPillar2a6	CCSBORF300	4	CCSBORF0	3AT	1	594T>G	0	NC_000009.12:34648362:T:G	CCSBVarC004989	ENSP00000368119.4:p.Ile198Met	GALT	ENSG00000213930	empty_AD
HsVcPillar2a6	CCSBORF300	4	CCSBORF0	3AT	1	601C>T	0	NC_000009.12:34648369:C:T	CCSBVarC007222	ENSP00000368119.4:p.Arg201Cys	GALT	ENSG00000213930	empty_AD
HsVcPillar2a6	CCSBORF300	4	CCSBORF0	3AT	1	611G>A	0	NC_000009.12:34648379:G:A	CCSBVarC007226	ENSP00000368119.4:p.Arg204Gln	GALT	ENSG00000213930	empty_AD
HsVcPillar2a6	CCSBORF300	4	CCSBORF0	3AT	1	611G>C	0	NC_000009.12:34648379:G:C	CCSBVarC004991	ENSP00000368119.4:p.Arg204Pro	GALT	ENSG00000213930	empty_AD
HsVcPillar2a6	CCSBORF300	4	CCSBORF0	3AT	1	650T>C	0	NC_000009.12:34648418:T:C	CCSBVarC007229	ENSP00000368119.4:p.Leu217Pro	GALT	ENSG00000213930	empty_AD
HsVcPillar2a6	CCSBORF300	4	CCSBORF0	3AT	1	652C>G	0	NC_000009.12:34648420:C:G	CCSBVarC004993	ENSP00000368119.4:p.Leu218Val	GALT	ENSG00000213930	empty_AD
HsVcPillar2a6	CCSBORF300	4	CCSBORF0	3AT	1	658G>A	0	NC_000009.12:34648426:G:A	CCSBVarC007230	ENSP00000368119.4:p.Glu220Lys	GALT	ENSG00000213930	empty_AD
HsVcPillar2a6	CCSBORF300	4	CCSBORF0	3AT	1	676C>G	0	NC_000009.12:34648444:C:G	CCSBVarC007231	ENSP00000368119.4:p.Leu226Val	GALT	ENSG00000213930	empty_AD
HsVcPillar2a6	CCSBORF300	4	CCSBORF0	3AT	1	687G>T	0	NC_000009.12:34648455:G:T	CCSBVarC007235	ENSP00000368119.4:p.Lys229Asn	GALT	ENSG00000213930	empty_AD
HsVcPillar2a6	CCSBORF300	4	CCSBORF0	3AT	1	697G>C	0	NC_000009.12:34648770:G:C	CCSBVarC007238	ENSP00000368119.4:p.Val233Leu	GALT	ENSG00000213930	empty_AD
HsVcPillar2a6	CCSBORF300	4	CCSBORF0	3AT	1	745T>C	0	NC_000009.12:34648818:T:C	CCSBVarC007239	ENSP00000368119.4:p.Trp249Arg	GALT	ENSG00000213930	empty_AD
HsVcPillar2a6	CCSBORF300	4	CCSBORF0	3AT	1	86A>G	0	NC_000009.12:34647091:A:G	CCSBVarC017963	ENSP00000368119.4:p.His29Arg	GALT	ENSG00000213930	empty_AD
HsVcPillar2a6	CCSBORF300	4	CCSBORF0	3AT	1	90G>C	0	NC_000009.12:34647095:G:C	CCSBVarC007141	ENSP00000368119.4:p.Gln30His	GALT	ENSG00000213930	empty_AD
HsVcPillar2a6	CCSBORF300	4	CCSBORF0	3AT	1	950A>G	0	NC_000009.12:34649454:A:G	CCSBVarC007268	ENSP00000368119.4:p.Gln317Arg	GALT	ENSG00000213930	empty_AD
HsVcPillar2a6	CCSBORF300	4	CCSBORF0	3AT	1	957C>G	0	NC_000009.12:34649461:C:G	CCSBVarC000037	ENSP00000368119.4:p.His319Gln	GALT	ENSG00000213930	empty_AD
HsVcPillar2a6	CCSBORF300	4	CCSBORF0	3AT	1	983G>A	0	NC_000009.12:34649487:G:A	CCSBVarC007278	ENSP00000368119.4:p.Arg328His	GALT	ENSG00000213930	empty_AD
HsVcPillar2a6	CCSBORF300	4	CCSBORF0	3AT	1	98G>A	0	NC_000009.12:34647103:G:A	CCSBVarC007144	ENSP00000368119.4:p.Arg33His	GALT	ENSG00000213930	empty_AD
HsVcPillar2a6	CCSBORF3689	1	CCSBORF0	3AT	1	REF	0	NULL	NULL	NULL	GCK	ENSG00000106633	empty_AD
HsVcPillar2a6	CCSBORF3689	1	CCSBORF0	3AT	1	1042A>T	0	NC_000007.14:44145707:T:A	CCSBVarC021262	ENSP00000384247.3:p.Ile348Phe	GCK	ENSG00000106633	empty_AD
HsVcPillar2a6	CCSBORF3689	1	CCSBORF0	3AT	1	10G>A	0	NC_000007.14:44188943:C:T	CCSBVarC021093	ENSP00000384247.3:p.Asp4Asn	GCK	ENSG00000106633	empty_AD
HsVcPillar2a6	CCSBORF3689	1	CCSBORF0	3AT	1	1364T>A	0	NC_000007.14:44145169:A:T	CCSBVarC021293	ENSP00000384247.3:p.Val455Glu	GCK	ENSG00000106633	empty_AD
HsVcPillar2a6	CCSBORF3689	1	CCSBORF0	3AT	1	137G>T	0	NC_000007.14:44153371:C:A	CCSBVarC021121	ENSP00000384247.3:p.Arg46Met	GCK	ENSG00000106633	empty_AD
HsVcPillar2a6	CCSBORF3689	1	CCSBORF0	3AT	1	1386G>T	0	NC_000007.14:44145147:C:A	CCSBVarC021296	ENSP00000384247.3:p.Met462Ile	GCK	ENSG00000106633	empty_AD
HsVcPillar2a6	CCSBORF3689	1	CCSBORF0	3AT	1	203G>A	0	NC_000007.14:44153305:C:T	CCSBVarC021124	ENSP00000384247.3:p.Gly68Asp	GCK	ENSG00000106633	empty_AD
HsVcPillar2a6	CCSBORF3689	1	CCSBORF0	3AT	1	31G>A	0	NC_000007.14:44188922:C:T	CCSBVarC021106	ENSP00000384247.3:p.Ala11Thr	GCK	ENSG00000106633	empty_AD
HsVcPillar2a6	CCSBORF3689	1	CCSBORF0	3AT	1	466C>T	0	NC_000007.14:44150972:G:A	CCSBVarC021155	ENSP00000384247.3:p.His156Tyr	GCK	ENSG00000106633	empty_AD
HsVcPillar2a6	CCSBORF3689	1	CCSBORF0	3AT	1	475A>G	0	NC_000007.14:44150963:T:C	CCSBVarC021157	ENSP00000384247.3:p.Ile159Val	GCK	ENSG00000106633	empty_AD
HsVcPillar2a6	CCSBORF3689	1	CCSBORF0	3AT	1	502A>C	0	NC_000007.14:44150045:T:G	CCSBVarC021160	ENSP00000384247.3:p.Thr168Pro	GCK	ENSG00000106633	empty_AD
HsVcPillar2a6	CCSBORF3689	1	CCSBORF0	3AT	1	566T>C	0	NC_000007.14:44149981:A:G	CCSBVarC021163	ENSP00000384247.3:p.Ile189Thr	GCK	ENSG00000106633	empty_AD
HsVcPillar2a6	CCSBORF3689	1	CCSBORF0	3AT	1	57C>G	0	NC_000007.14:44153451:G:C	CCSBVarC021109	ENSP00000384247.3:p.Ile19Met	GCK	ENSG00000106633	empty_AD
HsVcPillar2a6	CCSBORF3689	1	CCSBORF0	3AT	1	623C>T	0	NC_000007.14:44149815:G:A	CCSBVarC021166	ENSP00000384247.3:p.Ala208Val	GCK	ENSG00000106633	empty_AD
HsVcPillar2a6	CCSBORF3689	1	CCSBORF0	3AT	1	775G>T	0	NC_000007.14:44147737:C:A	CCSBVarC021172	ENSP00000384247.3:p.Ala259Ser	GCK	ENSG00000106633	empty_AD
HsVcPillar2a6	CCSBORF3689	1	CCSBORF0	3AT	1	776C>T	0	NC_000007.14:44147736:G:A	CCSBVarC021175	ENSP00000384247.3:p.Ala259Val	GCK	ENSG00000106633	empty_AD
HsVcPillar2a6	CCSBORF3689	1	CCSBORF0	3AT	1	793G>A	0	NC_000007.14:44147719:C:T	CCSBVarC021178	ENSP00000384247.3:p.Glu265Lys	GCK	ENSG00000106633	empty_AD
HsVcPillar2a6	CCSBORF3689	1	CCSBORF0	3AT	1	835G>C	0	NC_000007.14:44147677:C:G	CCSBVarC021196	ENSP00000384247.3:p.Glu279Gln	GCK	ENSG00000106633	empty_AD
HsVcPillar2a6	CCSBORF3689	1	CCSBORF0	3AT	1	883G>A	0	NC_000007.14:44146598:C:T	CCSBVarC021199	ENSP00000384247.3:p.Gly295Ser	GCK	ENSG00000106633	empty_AD
HsVcPillar2a6	CCSBORF3689	1	CCSBORF0	3AT	1	917T>A	0	NC_000007.14:44146564:A:T	CCSBVarC021202	ENSP00000384247.3:p.Leu306Gln	GCK	ENSG00000106633	empty_AD
HsVcPillar2a6	CCSBORF3689	1	CCSBORF0	3AT	1	917T>C	0	NC_000007.14:44146564:A:G	CCSBVarC021204	ENSP00000384247.3:p.Leu306Pro	GCK	ENSG00000106633	empty_AD
HsVcPillar2a6	CCSBORF3689	1	CCSBORF0	3AT	1	952G>A	0	NC_000007.14:44146529:C:T	CCSBVarC021206	ENSP00000384247.3:p.Gly318Arg	GCK	ENSG00000106633	empty_AD
HsVcPillar2a6	CCSBORF3689	1	CCSBORF0	3AT	1	989T>C	0	NC_000007.14:44146492:A:G	CCSBVarC021209	ENSP00000384247.3:p.Phe330Ser	GCK	ENSG00000106633	empty_AD
HsVcPillar2a6	CCSBORF3689	1	CCSBORF0	3AT	1	98T>A	0	NC_000007.14:44153410:A:T	CCSBVarC021112	ENSP00000384247.3:p.Val33Glu	GCK	ENSG00000106633	empty_AD
HsVcPillar2a6	CCSBORF5808	3	CCSBORF0	3AT	1	REF	0	NULL	NULL	NULL	HBB	ENSG00000244734	empty_AD
HsVcPillar2a6	CCSBORF5808	3	CCSBORF0	3AT	1	107A>G	0	NC_000011.10:5226784:T:C	CCSBVarC010197	ENSP00000333994.3:p.Tyr36Cys	HBB	ENSG00000244734	empty_AD
HsVcPillar2a6	CCSBORF5808	3	CCSBORF0	3AT	1	113G>C	0	NC_000011.10:5226778:C:G	CCSBVarC006221	ENSP00000333994.3:p.Trp38Ser	HBB	ENSG00000244734	empty_AD
HsVcPillar2a6	CCSBORF5808	3	CCSBORF0	3AT	1	122G>A	0	NC_000011.10:5226769:C:T	CCSBVarC010115	ENSP00000333994.3:p.Arg41Lys	HBB	ENSG00000244734	empty_AD
HsVcPillar2a6	CCSBORF5808	3	CCSBORF0	3AT	1	130G>C	0	NC_000011.10:5226761:C:G	CCSBVarC010083	ENSP00000333994.3:p.Glu44Gln	HBB	ENSG00000244734	empty_AD
HsVcPillar2a6	CCSBORF5808	3	CCSBORF0	3AT	1	131A>C	0	NC_000011.10:5226760:T:G	CCSBVarC010109	ENSP00000333994.3:p.Glu44Ala	HBB	ENSG00000244734	empty_AD
HsVcPillar2a6	CCSBORF5808	3	CCSBORF0	3AT	1	158A>G	0	NC_000011.10:5226733:T:C	CCSBVarC000905	ENSP00000333994.3:p.Asp53Gly	HBB	ENSG00000244734	empty_AD
HsVcPillar2a6	CCSBORF5808	3	CCSBORF0	3AT	1	19G>C	0	NC_000011.10:5227002:C:G	CCSBVarC006213	ENSP00000333994.3:p.Glu7Gln	HBB	ENSG00000244734	empty_AD
HsVcPillar2a6	CCSBORF5808	3	CCSBORF0	3AT	1	238G>T	0	NC_000011.10:5226653:C:A	CCSBVarC010121	ENSP00000333994.3:p.Asp80Tyr	HBB	ENSG00000244734	empty_AD
HsVcPillar2a6	CCSBORF5808	3	CCSBORF0	3AT	1	248A>T	0	NC_000011.10:5226643:T:A	CCSBVarC010189	ENSP00000333994.3:p.Lys83Met	HBB	ENSG00000244734	empty_AD
HsVcPillar2a6	CCSBORF5808	3	CCSBORF0	3AT	1	251G>A	0	NC_000011.10:5226640:C:T	CCSBVarC006226	ENSP00000333994.3:p.Gly84Asp	HBB	ENSG00000244734	empty_AD
HsVcPillar2a6	CCSBORF5808	3	CCSBORF0	3AT	1	262A>C	0	NC_000011.10:5226629:T:G	CCSBVarC010094	ENSP00000333994.3:p.Thr88Pro	HBB	ENSG00000244734	empty_AD
HsVcPillar2a6	CCSBORF5808	3	CCSBORF0	3AT	1	266T>C	0	NC_000011.10:5226625:A:G	CCSBVarC010204	ENSP00000333994.3:p.Leu89Pro	HBB	ENSG00000244734	empty_AD
HsVcPillar2a6	CCSBORF5808	3	CCSBORF0	3AT	1	277C>A	0	NC_000011.10:5226614:G:T	CCSBVarC010210	ENSP00000333994.3:p.His93Asn	HBB	ENSG00000244734	empty_AD
HsVcPillar2a6	CCSBORF5808	3	CCSBORF0	3AT	1	294C>G	0	NC_000011.10:5226597:G:C	CCSBVarC010171	ENSP00000333994.3:p.His98Gln	HBB	ENSG00000244734	empty_AD
HsVcPillar2a6	CCSBORF5808	3	CCSBORF0	3AT	1	298G>A	0	NC_000011.10:5226593:C:T	CCSBVarC006229	ENSP00000333994.3:p.Asp100Asn	HBB	ENSG00000244734	empty_AD
HsVcPillar2a6	CCSBORF5808	3	CCSBORF0	3AT	1	314G>C	0	NC_000011.10:5226577:C:G	CCSBVarC010102	ENSP00000333994.3:p.Arg105Thr	HBB	ENSG00000244734	empty_AD
HsVcPillar2a6	CCSBORF5808	3	CCSBORF0	3AT	1	350A>C	0	NC_000011.10:5225691:T:G	CCSBVarC006233	ENSP00000333994.3:p.His117Pro	HBB	ENSG00000244734	empty_AD
HsVcPillar2a6	CCSBORF5808	3	CCSBORF0	3AT	1	382C>G	0	NC_000011.10:5225659:G:C	CCSBVarC006237	ENSP00000333994.3:p.Gln128Glu	HBB	ENSG00000244734	empty_AD
HsVcPillar2a6	CCSBORF5808	3	CCSBORF0	3AT	1	430C>G	0	NC_000011.10:5225611:G:C	CCSBVarC006241	ENSP00000333994.3:p.His144Asp	HBB	ENSG00000244734	empty_AD
HsVcPillar2a6	CCSBORF5808	3	CCSBORF0	3AT	1	430C>T	0	NC_000011.10:5225611:G:A	CCSBVarC010136	ENSP00000333994.3:p.His144Tyr	HBB	ENSG00000244734	empty_AD
HsVcPillar2a6	CCSBORF5808	3	CCSBORF0	3AT	1	431A>C	0	NC_000011.10:5225610:T:G	CCSBVarC010143	ENSP00000333994.3:p.His144Pro	HBB	ENSG00000244734	empty_AD
HsVcPillar2a6	CCSBORF5808	3	CCSBORF0	3AT	1	59A>G	0	NC_000011.10:5226962:T:C	CCSBVarC006217	ENSP00000333994.3:p.Asn20Ser	HBB	ENSG00000244734	empty_AD
HsVcPillar2a6	CCSBORF5808	3	CCSBORF0	3AT	1	91A>G	0	NC_000011.10:5226930:T:C	CCSBVarC010152	ENSP00000333994.3:p.Arg31Gly	HBB	ENSG00000244734	empty_AD
HsVcPillar2a6	CCSBORF4765	2	CCSBORF2012	3AT	1	REF	1	NULL	NULL	NULL	ITGB2	ENSG00000160255	LHFPL5
HsVcPillar2a6	CCSBORF4765	2	CCSBORF2012	3AT	1	1052A>G	0	NC_000021.9:44895001:T:C	CCSBVarC007537	ENSP00000498780.1:p.Asn351Ser	ITGB2	ENSG00000160255	LHFPL5
HsVcPillar2a6	CCSBORF4765	2	CCSBORF2012	3AT	1	106T>A	0	NC_000021.9:44910324:A:T	CCSBVarC008417	ENSP00000498780.1:p.Cys36Ser	ITGB2	ENSG00000160255	LHFPL5
HsVcPillar2a6	CCSBORF4765	2	CCSBORF2012	3AT	1	124G>T	0	NC_000021.9:44910306:C:A	CCSBVarC007549	ENSP00000498780.1:p.Gly42Cys	ITGB2	ENSG00000160255	LHFPL5
HsVcPillar2a6	CCSBORF4765	2	CCSBORF2012	3AT	1	1777C>T	55	NC_000021.9:44889375:G:A	CCSBVarC003146	ENSP00000498780.1:p.Arg593Cys	ITGB2	ENSG00000160255	LHFPL5
HsVcPillar2a6	CCSBORF4765	2	CCSBORF2012	3AT	1	1834T>C	0	NC_000021.9:44889318:A:G	CCSBVarC008409	ENSP00000498780.1:p.Cys612Arg	ITGB2	ENSG00000160255	LHFPL5
HsVcPillar2a6	CCSBORF4765	2	CCSBORF2012	3AT	1	2146G>C	0	NC_000021.9:44886836:C:G	CCSBVarC009516	ENSP00000498780.1:p.Gly716Arg	ITGB2	ENSG00000160255	LHFPL5
HsVcPillar2a6	CCSBORF4765	2	CCSBORF2012	3AT	1	2189G>A	36	NC_000021.9:44886793:C:T	CCSBVarC009510	ENSP00000498780.1:p.Ser730Asn	ITGB2	ENSG00000160255	LHFPL5
HsVcPillar2a6	CCSBORF4765	2	CCSBORF2012	3AT	1	382G>A	0	NC_000021.9:44903481:C:T	CCSBVarC008428	ENSP00000498780.1:p.Asp128Asn	ITGB2	ENSG00000160255	LHFPL5
HsVcPillar2a6	CCSBORF4765	2	CCSBORF2012	3AT	1	382G>T	0	NC_000021.9:44903481:C:A	CCSBVarC003144	ENSP00000498780.1:p.Asp128Tyr	ITGB2	ENSG00000160255	LHFPL5
HsVcPillar2a6	CCSBORF4765	2	CCSBORF2012	3AT	1	449G>A	0	NC_000021.9:44903414:C:T	CCSBVarC008419	ENSP00000498780.1:p.Gly150Asp	ITGB2	ENSG00000160255	LHFPL5
HsVcPillar2a6	CCSBORF4765	2	CCSBORF2012	3AT	1	505G>A	0	NC_000021.9:44901727:C:T	CCSBVarC007546	ENSP00000498780.1:p.Gly169Arg	ITGB2	ENSG00000160255	LHFPL5
HsVcPillar2a6	CCSBORF4765	2	CCSBORF2012	3AT	1	587A>C	0	NC_000021.9:44901645:T:G	CCSBVarC007544	ENSP00000498780.1:p.Lys196Thr	ITGB2	ENSG00000160255	LHFPL5
HsVcPillar2a6	CCSBORF4765	2	CCSBORF2012	3AT	1	691G>C	0	NC_000021.9:44901541:C:G	CCSBVarC008405	ENSP00000498780.1:p.Asp231His	ITGB2	ENSG00000160255	LHFPL5
HsVcPillar2a6	CCSBORF4765	2	CCSBORF2012	3AT	1	712G>A	0	NC_000021.9:44901520:C:T	CCSBVarC008421	ENSP00000498780.1:p.Asp238Asn	ITGB2	ENSG00000160255	LHFPL5
HsVcPillar2a6	CCSBORF4765	2	CCSBORF2012	3AT	1	715G>A	0	NC_000021.9:44901517:C:T	CCSBVarC007541	ENSP00000498780.1:p.Ala239Thr	ITGB2	ENSG00000160255	LHFPL5
HsVcPillar2a6	CCSBORF4765	2	CCSBORF2012	3AT	1	754T>C	0	NC_000021.9:44900462:A:G	CCSBVarC008394	ENSP00000498780.1:p.Trp252Arg	ITGB2	ENSG00000160255	LHFPL5
HsVcPillar2a6	CCSBORF4765	2	CCSBORF2012	3AT	1	817G>A	0	NC_000021.9:44900399:C:T	CCSBVarC000702	ENSP00000498780.1:p.Gly273Arg	ITGB2	ENSG00000160255	LHFPL5
HsVcPillar2a6	CCSBORF4765	2	CCSBORF2012	3AT	1	905C>T	0	NC_000021.9:44899154:G:A	CCSBVarC008423	ENSP00000498780.1:p.Pro302Leu	ITGB2	ENSG00000160255	LHFPL5
HsVcPillar2a6	CCSBORF100016069	1	CCSBORF0	3AT	1	REF	1	NULL	NULL	NULL	KCNJ2	ENSG00000123700	empty_AD
HsVcPillar2a6	CCSBORF100016069	1	CCSBORF0	3AT	1	232G>T	0	NC_000017.11:70175270:G:T	CCSBVarC035501	ENSP00000243457.2:p.Asp78Tyr	KCNJ2	ENSG00000123700	empty_AD
HsVcPillar2a6	CCSBORF100016069	1	CCSBORF0	3AT	1	244C>T	0	NC_000017.11:70175282:C:T	CCSBVarC035503	ENSP00000243457.2:p.Arg82Trp	KCNJ2	ENSG00000123700	empty_AD
HsVcPillar2a6	CCSBORF100016069	1	CCSBORF0	3AT	1	425C>T	0	NC_000017.11:70175463:C:T	CCSBVarC035507	ENSP00000243457.2:p.Thr142Ile	KCNJ2	ENSG00000123700	empty_AD
HsVcPillar2a6	CCSBORF100016069	1	CCSBORF0	3AT	1	430G>A	0	NC_000017.11:70175468:G:A	CCSBVarC035510	ENSP00000243457.2:p.Gly144Ser	KCNJ2	ENSG00000123700	empty_AD
HsVcPillar2a6	CCSBORF100016069	1	CCSBORF0	3AT	1	574A>G	0	NC_000017.11:70175612:A:G	CCSBVarC035585	ENSP00000243457.2:p.Thr192Ala	KCNJ2	ENSG00000123700	empty_AD
HsVcPillar2a6	CCSBORF100016069	1	CCSBORF0	3AT	1	845T>G	0	NC_000017.11:70175883:T:G	CCSBVarC035624	ENSP00000243457.2:p.Leu282Trp	KCNJ2	ENSG00000123700	empty_AD
HsVcPillar2a6	CCSBORF100016069	1	CCSBORF0	3AT	1	896A>G	0	NC_000017.11:70175934:A:G	CCSBVarC035626	ENSP00000243457.2:p.Glu299Gly	KCNJ2	ENSG00000123700	empty_AD
HsVcPillar2a6	CCSBORF100016069	1	CCSBORF0	3AT	1	913A>C	0	NC_000017.11:70175951:A:C	CCSBVarC035629	ENSP00000243457.2:p.Thr305Pro	KCNJ2	ENSG00000123700	empty_AD
HsVcPillar2a6	CCSBORF100016069	1	CCSBORF0	3AT	1	913A>G	0	NC_000017.11:70175951:A:G	CCSBVarC035631	ENSP00000243457.2:p.Thr305Ala	KCNJ2	ENSG00000123700	empty_AD
HsVcPillar2a6	CCSBORF100016069	1	CCSBORF0	3AT	1	919A>G	0	NC_000017.11:70175957:A:G	CCSBVarC035633	ENSP00000243457.2:p.Met307Val	KCNJ2	ENSG00000123700	empty_AD
HsVcPillar2a6	CCSBORF100016069	1	CCSBORF0	3AT	1	934C>T	0	NC_000017.11:70175972:C:T	CCSBVarC035638	ENSP00000243457.2:p.Arg312Cys	KCNJ2	ENSG00000123700	empty_AD
HsVcPillar2a6	CCSBORF359	1	CCSBORF0	3AT	1	REF	1	NULL	NULL	NULL	CBS	ENSG00000160200	empty_AD
HsVcPillar2a6	CCSBORF359	1	CCSBORF0	3AT	1	1007G>A	0	NC_000021.9:43062342:C:T	CCSBVarC007316	ENSP00000381231.4:p.Arg336His	CBS	ENSG00000160200	empty_AD
HsVcPillar2a6	CCSBORF359	1	CCSBORF0	3AT	1	1058C>T	0	NC_000021.9:43060527:G:A	CCSBVarC007312	ENSP00000381231.4:p.Thr353Met	CBS	ENSG00000160200	empty_AD
HsVcPillar2a6	CCSBORF359	1	CCSBORF0	3AT	1	1111G>A	1	NC_000021.9:43060474:C:T	CCSBVarC007308	ENSP00000381231.4:p.Val371Met	CBS	ENSG00000160200	empty_AD
HsVcPillar2a6	CCSBORF359	1	CCSBORF0	3AT	1	1150A>G	0	NC_000021.9:43059298:T:C	CCSBVarC007306	ENSP00000381231.4:p.Lys384Glu	CBS	ENSG00000160200	empty_AD
HsVcPillar2a6	CCSBORF359	1	CCSBORF0	3AT	1	1330G>A	0	NC_000021.9:43058861:C:T	CCSBVarC007302	ENSP00000381231.4:p.Asp444Asn	CBS	ENSG00000160200	empty_AD
HsVcPillar2a6	CCSBORF359	1	CCSBORF0	3AT	1	146C>T	0	NC_000021.9:43072047:G:A	CCSBVarC000042	ENSP00000381231.4:p.Pro49Leu	CBS	ENSG00000160200	empty_AD
HsVcPillar2a6	CCSBORF359	1	CCSBORF0	3AT	1	175C>T	0	NC_000021.9:43072018:G:A	CCSBVarC008674	ENSP00000381231.4:p.Pro59Ser	CBS	ENSG00000160200	empty_AD
HsVcPillar2a6	CCSBORF359	1	CCSBORF0	3AT	1	253G>A	0	NC_000021.9:43068571:C:T	CCSBVarC007358	ENSP00000381231.4:p.Gly85Arg	CBS	ENSG00000160200	empty_AD
HsVcPillar2a6	CCSBORF359	1	CCSBORF0	3AT	1	306G>C	0	NC_000021.9:43068518:C:G	CCSBVarC007353	ENSP00000381231.4:p.Lys102Asn	CBS	ENSG00000160200	empty_AD
HsVcPillar2a6	CCSBORF359	1	CCSBORF0	3AT	1	341C>T	0	NC_000021.9:43066352:G:A	CCSBVarC007350	ENSP00000381231.4:p.Ala114Val	CBS	ENSG00000160200	empty_AD
HsVcPillar2a6	CCSBORF359	1	CCSBORF0	3AT	1	361C>T	0	NC_000021.9:43066332:G:A	CCSBVarC007347	ENSP00000381231.4:p.Arg121Cys	CBS	ENSG00000160200	empty_AD
HsVcPillar2a6	CCSBORF359	1	CCSBORF0	3AT	1	374G>A	0	NC_000021.9:43066319:C:T	CCSBVarC008706	ENSP00000381231.4:p.Arg125Gln	CBS	ENSG00000160200	empty_AD
HsVcPillar2a6	CCSBORF359	1	CCSBORF0	3AT	1	430G>A	0	NC_000021.9:43066263:C:T	CCSBVarC007340	ENSP00000381231.4:p.Glu144Lys	CBS	ENSG00000160200	empty_AD
HsVcPillar2a6	CCSBORF359	1	CCSBORF0	3AT	1	442G>A	0	NC_000021.9:43066251:C:T	CCSBVarC007338	ENSP00000381231.4:p.Gly148Arg	CBS	ENSG00000160200	empty_AD
HsVcPillar2a6	CCSBORF359	1	CCSBORF0	3AT	1	494G>A	0	NC_000021.9:43065652:C:T	CCSBVarC008696	ENSP00000381231.4:p.Cys165Tyr	CBS	ENSG00000160200	empty_AD
HsVcPillar2a6	CCSBORF359	1	CCSBORF0	3AT	1	526G>A	0	NC_000021.9:43065620:C:T	CCSBVarC008702	ENSP00000381231.4:p.Glu176Lys	CBS	ENSG00000160200	empty_AD
HsVcPillar2a6	CCSBORF359	1	CCSBORF0	3AT	1	52C>T	0	NC_000021.9:43072141:G:A	CCSBVarC007367	ENSP00000381231.4:p.Arg18Cys	CBS	ENSG00000160200	empty_AD
HsVcPillar2a6	CCSBORF359	1	CCSBORF0	3AT	1	684C>G	0	NC_000021.9:43065254:G:C	CCSBVarC008710	ENSP00000381231.4:p.Asn228Lys	CBS	ENSG00000160200	empty_AD
HsVcPillar2a6	CCSBORF359	1	CCSBORF0	3AT	1	700G>A	0	NC_000021.9:43065238:C:T	CCSBVarC007328	ENSP00000381231.4:p.Asp234Asn	CBS	ENSG00000160200	empty_AD
HsVcPillar2a6	CCSBORF359	1	CCSBORF0	3AT	1	797G>A	0	NC_000021.9:43063930:C:T	CCSBVarC007324	ENSP00000381231.4:p.Arg266Lys	CBS	ENSG00000160200	empty_AD
HsVcPillar2a6	CCSBORF359	1	CCSBORF0	3AT	1	833T>C	0	NC_000021.9:43063073:A:G	CCSBVarC000044	ENSP00000381231.4:p.Ile278Thr	CBS	ENSG00000160200	empty_AD
HsVcPillar2a6	CCSBORF359	1	CCSBORF0	3AT	1	959T>C	0	NC_000021.9:43062390:A:G	CCSBVarC007319	ENSP00000381231.4:p.Val320Ala	CBS	ENSG00000160200	empty_AD
HsVcPillar2a6	CCSBORF359	4	CCSBORF4616	3AT	1	REF	3979	NULL	NULL	NULL	CBS	ENSG00000160200	UBE2I
HsVcPillar2a6	CCSBORF359	4	CCSBORF4616	3AT	1	1009A>C	263	NC_000021.9:43062340:T:G	CCSBVarC007315	ENSP00000381231.4:p.Met337Leu	CBS	ENSG00000160200	UBE2I
HsVcPillar2a6	CCSBORF359	4	CCSBORF4616	3AT	1	1009A>G	4	NC_000021.9:43062340:T:C	CCSBVarC007314	ENSP00000381231.4:p.Met337Val	CBS	ENSG00000160200	UBE2I
HsVcPillar2a6	CCSBORF359	4	CCSBORF4616	3AT	1	1072G>A	5	NC_000021.9:43060513:C:T	CCSBVarC007310	ENSP00000381231.4:p.Val358Met	CBS	ENSG00000160200	UBE2I
HsVcPillar2a6	CCSBORF359	4	CCSBORF4616	3AT	1	1208C>T	19	NC_000021.9:43059240:G:A	CCSBVarC007305	ENSP00000381231.4:p.Thr403Met	CBS	ENSG00000160200	UBE2I
HsVcPillar2a6	CCSBORF359	4	CCSBORF4616	3AT	1	134G>A	151	NC_000021.9:43072059:C:T	CCSBVarC007363	ENSP00000381231.4:p.Arg45Gln	CBS	ENSG00000160200	UBE2I
HsVcPillar2a6	CCSBORF359	4	CCSBORF4616	3AT	1	1357G>T	3	NC_000021.9:43058834:C:A	CCSBVarC007300	ENSP00000381231.4:p.Gly453Trp	CBS	ENSG00000160200	UBE2I
HsVcPillar2a6	CCSBORF359	4	CCSBORF4616	3AT	1	1397C>T	1442	NC_000021.9:43058214:G:A	CCSBVarC007298	ENSP00000381231.4:p.Ser466Leu	CBS	ENSG00000160200	UBE2I
HsVcPillar2a6	CCSBORF359	4	CCSBORF4616	3AT	1	1436T>C	893	NC_000021.9:43058175:A:G	CCSBVarC007296	ENSP00000381231.4:p.Val479Ala	CBS	ENSG00000160200	UBE2I
HsVcPillar2a6	CCSBORF359	4	CCSBORF4616	3AT	1	152G>A	1212	NC_000021.9:43072041:C:T	CCSBVarC007362	ENSP00000381231.4:p.Arg51Lys	CBS	ENSG00000160200	UBE2I
HsVcPillar2a6	CCSBORF359	4	CCSBORF4616	3AT	1	301C>G	124	NC_000021.9:43068523:G:C	CCSBVarC007355	ENSP00000381231.4:p.Leu101Val	CBS	ENSG00000160200	UBE2I
HsVcPillar2a6	CCSBORF359	4	CCSBORF4616	3AT	1	34C>T	951	NC_000021.9:43072159:G:A	CCSBVarC007368	ENSP00000381231.4:p.Pro12Ser	CBS	ENSG00000160200	UBE2I
HsVcPillar2a6	CCSBORF359	4	CCSBORF4616	3AT	1	352G>A	92	NC_000021.9:43066341:C:T	CCSBVarC007348	ENSP00000381231.4:p.Val118Met	CBS	ENSG00000160200	UBE2I
HsVcPillar2a6	CCSBORF359	4	CCSBORF4616	3AT	1	395G>A	7	NC_000021.9:43066298:C:T	CCSBVarC007344	ENSP00000381231.4:p.Arg132His	CBS	ENSG00000160200	UBE2I
HsVcPillar2a6	CCSBORF359	4	CCSBORF4616	3AT	1	397G>A	1033	NC_000021.9:43066296:C:T	CCSBVarC007343	ENSP00000381231.4:p.Asp133Asn	CBS	ENSG00000160200	UBE2I
HsVcPillar2a6	CCSBORF359	4	CCSBORF4616	3AT	1	400G>A	534	NC_000021.9:43066293:C:T	CCSBVarC007342	ENSP00000381231.4:p.Gly134Arg	CBS	ENSG00000160200	UBE2I
HsVcPillar2a6	CCSBORF359	4	CCSBORF4616	3AT	1	469G>A	1799	NC_000021.9:43065677:C:T	CCSBVarC007337	ENSP00000381231.4:p.Ala157Thr	CBS	ENSG00000160200	UBE2I
HsVcPillar2a6	CCSBORF359	4	CCSBORF4616	3AT	1	502G>A	336	NC_000021.9:43065644:C:T	CCSBVarC007336	ENSP00000381231.4:p.Val168Met	CBS	ENSG00000160200	UBE2I
HsVcPillar2a6	CCSBORF359	4	CCSBORF4616	3AT	1	531G>C	2709	NC_000021.9:43065615:C:G	CCSBVarC007335	ENSP00000381231.4:p.Lys177Asn	CBS	ENSG00000160200	UBE2I
HsVcPillar2a6	CCSBORF359	4	CCSBORF4616	3AT	1	532G>A	3949	NC_000021.9:43065520:C:T	CCSBVarC007334	ENSP00000381231.4:p.Val178Met	CBS	ENSG00000160200	UBE2I
HsVcPillar2a6	CCSBORF359	4	CCSBORF4616	3AT	1	616G>A	399	NC_000021.9:43065436:C:T	CCSBVarC007332	ENSP00000381231.4:p.Val206Met	CBS	ENSG00000160200	UBE2I
HsVcPillar2a6	CCSBORF359	4	CCSBORF4616	3AT	1	636C>G	1803	NC_000021.9:43065416:G:C	CCSBVarC007330	ENSP00000381231.4:p.Asn212Lys	CBS	ENSG00000160200	UBE2I
HsVcPillar2a6	CCSBORF359	4	CCSBORF4616	3AT	1	670C>T	1287	NC_000021.9:43065268:G:A	CCSBVarC007329	ENSP00000381231.4:p.Arg224Cys	CBS	ENSG00000160200	UBE2I
HsVcPillar2a6	CCSBORF359	4	CCSBORF4616	3AT	1	844C>T	1206	NC_000021.9:43063062:G:A	CCSBVarC007323	ENSP00000381231.4:p.Pro282Ser	CBS	ENSG00000160200	UBE2I
HsVcPillar2a6	CCSBORF359	4	CCSBORF4616	3AT	1	992C>T	54	NC_000021.9:43062357:G:A	CCSBVarC007318	ENSP00000381231.4:p.Ala331Val	CBS	ENSG00000160200	UBE2I
HsVcPillar2a6	CCSBORF12573	4	CCSBORF5539	3AT	1	REF	9832	NULL	NULL	NULL	DES	ENSG00000175084	ZMYM5
HsVcPillar2a6	CCSBORF12573	4	CCSBORF5539	3AT	1	1009G>A	30	NC_000002.12:219420938:G:A	CCSBVarC007850	ENSP00000363071.3:p.Ala337Thr	DES	ENSG00000175084	ZMYM5
HsVcPillar2a6	CCSBORF12573	4	CCSBORF5539	3AT	1	1009G>C	7	NC_000002.12:219420938:G:C	CCSBVarC006506	ENSP00000363071.3:p.Ala337Pro	DES	ENSG00000175084	ZMYM5
HsVcPillar2a6	CCSBORF12573	4	CCSBORF5539	3AT	1	1013T>G	6	NC_000002.12:219420942:T:G	CCSBVarC007852	ENSP00000363071.3:p.Leu338Arg	DES	ENSG00000175084	ZMYM5
HsVcPillar2a6	CCSBORF12573	4	CCSBORF5539	3AT	1	1024A>G	64	NC_000002.12:219421339:A:G	CCSBVarC007853	ENSP00000363071.3:p.Asn342Asp	DES	ENSG00000175084	ZMYM5
HsVcPillar2a6	CCSBORF12573	4	CCSBORF5539	3AT	1	1030T>C	36	NC_000002.12:219421345:T:C	CCSBVarC007855	ENSP00000363071.3:p.Ser344Pro	DES	ENSG00000175084	ZMYM5
HsVcPillar2a6	CCSBORF12573	4	CCSBORF5539	3AT	1	1049G>C	7725	NC_000002.12:219421364:G:C	CCSBVarC007860	ENSP00000363071.3:p.Arg350Pro	DES	ENSG00000175084	ZMYM5
HsVcPillar2a6	CCSBORF12573	4	CCSBORF5539	3AT	1	109C>T	7	NC_000002.12:219418570:C:T	CCSBVarC007790	ENSP00000363071.3:p.Arg37Trp	DES	ENSG00000175084	ZMYM5
HsVcPillar2a6	CCSBORF12573	4	CCSBORF5539	3AT	1	1154T>C	35	NC_000002.12:219421469:T:C	CCSBVarC007866	ENSP00000363071.3:p.Leu385Pro	DES	ENSG00000175084	ZMYM5
HsVcPillar2a6	CCSBORF12573	4	CCSBORF5539	3AT	1	1178A>T	1	NC_000002.12:219421493:A:T	CCSBVarC007871	ENSP00000363071.3:p.Asn393Ile	DES	ENSG00000175084	ZMYM5
HsVcPillar2a6	CCSBORF12573	4	CCSBORF5539	3AT	1	1216C>T	18	NC_000002.12:219421531:C:T	CCSBVarC006507	ENSP00000363071.3:p.Arg406Trp	DES	ENSG00000175084	ZMYM5
HsVcPillar2a6	CCSBORF12573	4	CCSBORF5539	3AT	1	1217G>A	15	NC_000002.12:219421532:G:A	CCSBVarC007875	ENSP00000363071.3:p.Arg406Gln	DES	ENSG00000175084	ZMYM5
HsVcPillar2a6	CCSBORF12573	4	CCSBORF5539	3AT	1	1358C>T	11	NC_000002.12:219425731:C:T	CCSBVarC007888	ENSP00000363071.3:p.Thr453Ile	DES	ENSG00000175084	ZMYM5
HsVcPillar2a6	CCSBORF12573	4	CCSBORF5539	3AT	1	137C>A	10053	NC_000002.12:219418598:C:A	CCSBVarC006502	ENSP00000363071.3:p.Ser46Tyr	DES	ENSG00000175084	ZMYM5
HsVcPillar2a6	CCSBORF12573	4	CCSBORF5539	3AT	1	1405G>A	18	NC_000002.12:219425981:G:A	CCSBVarC006510	ENSP00000363071.3:p.Val469Met	DES	ENSG00000175084	ZMYM5
HsVcPillar2a6	CCSBORF12573	4	CCSBORF5539	3AT	1	184G>A	24	NC_000002.12:219418645:G:A	CCSBVarC007796	ENSP00000363071.3:p.Gly62Arg	DES	ENSG00000175084	ZMYM5
HsVcPillar2a6	CCSBORF12573	4	CCSBORF5539	3AT	1	25C>G	27	NC_000002.12:219418486:C:G	CCSBVarC007781	ENSP00000363071.3:p.Gln9Glu	DES	ENSG00000175084	ZMYM5
HsVcPillar2a6	CCSBORF12573	4	CCSBORF5539	3AT	1	295C>G	76	NC_000002.12:219418756:C:G	CCSBVarC007803	ENSP00000363071.3:p.Gln99Glu	DES	ENSG00000175084	ZMYM5
HsVcPillar2a6	CCSBORF12573	4	CCSBORF5539	3AT	1	299A>C	6239	NC_000002.12:219418760:A:C	CCSBVarC007804	ENSP00000363071.3:p.Glu100Ala	DES	ENSG00000175084	ZMYM5
HsVcPillar2a6	CCSBORF12573	4	CCSBORF5539	3AT	1	358G>C	1933	NC_000002.12:219418819:G:C	CCSBVarC007807	ENSP00000363071.3:p.Ala120Pro	DES	ENSG00000175084	ZMYM5
HsVcPillar2a6	CCSBORF12573	4	CCSBORF5539	3AT	1	364T>G	56	NC_000002.12:219418825:T:G	CCSBVarC007808	ENSP00000363071.3:p.Tyr122Asp	DES	ENSG00000175084	ZMYM5
HsVcPillar2a6	CCSBORF12573	4	CCSBORF5539	3AT	1	380G>C	5	NC_000002.12:219418841:G:C	CCSBVarC007810	ENSP00000363071.3:p.Arg127Pro	DES	ENSG00000175084	ZMYM5
HsVcPillar2a6	CCSBORF12573	4	CCSBORF5539	3AT	1	415G>A	13	NC_000002.12:219418876:G:A	CCSBVarC007815	ENSP00000363071.3:p.Glu139Lys	DES	ENSG00000175084	ZMYM5
HsVcPillar2a6	CCSBORF12573	4	CCSBORF5539	3AT	1	524G>A	20	NC_000002.12:219418985:G:A	CCSBVarC007818	ENSP00000363071.3:p.Arg175His	DES	ENSG00000175084	ZMYM5
HsVcPillar2a6	CCSBORF12573	4	CCSBORF5539	3AT	1	643G>A	38	NC_000002.12:219420253:G:A	CCSBVarC007826	ENSP00000363071.3:p.Val215Met	DES	ENSG00000175084	ZMYM5
HsVcPillar2a6	CCSBORF12573	4	CCSBORF5539	3AT	1	700G>A	13	NC_000002.12:219420310:G:A	CCSBVarC007831	ENSP00000363071.3:p.Glu234Lys	DES	ENSG00000175084	ZMYM5
HsVcPillar2a6	CCSBORF12573	4	CCSBORF5539	3AT	1	725T>A	2	NC_000002.12:219420335:T:A	CCSBVarC007833	ENSP00000363071.3:p.Val242Glu	DES	ENSG00000175084	ZMYM5
HsVcPillar2a6	CCSBORF12573	4	CCSBORF5539	3AT	1	735G>C	10	NC_000002.12:219420345:G:C	CCSBVarC007835	ENSP00000363071.3:p.Glu245Asp	DES	ENSG00000175084	ZMYM5
HsVcPillar2a6	CCSBORF12573	4	CCSBORF5539	3AT	1	743G>A	389	NC_000002.12:219420501:G:A	CCSBVarC007836	ENSP00000363071.3:p.Arg248His	DES	ENSG00000175084	ZMYM5
HsVcPillar2a6	CCSBORF12573	4	CCSBORF5539	3AT	1	77T>A	5273	NC_000002.12:219418538:T:A	CCSBVarC007786	ENSP00000363071.3:p.Leu26His	DES	ENSG00000175084	ZMYM5
HsVcPillar2a6	CCSBORF12573	4	CCSBORF5539	3AT	1	821T>C	8	NC_000002.12:219420579:T:C	CCSBVarC006504	ENSP00000363071.3:p.Leu274Pro	DES	ENSG00000175084	ZMYM5
HsVcPillar2a6	CCSBORF12573	4	CCSBORF5539	3AT	1	833G>C	24	NC_000002.12:219420591:G:C	CCSBVarC007839	ENSP00000363071.3:p.Arg278Pro	DES	ENSG00000175084	ZMYM5
HsVcPillar2a6	CCSBORF300	1	CCSBORF8190	3AT	1	REF	1564	NULL	NULL	NULL	GALT	ENSG00000213930	UBTD2
HsVcPillar2a6	CCSBORF300	1	CCSBORF8190	3AT	1	1049C>A	5	NC_000009.12:34649553:C:A	CCSBVarC017363	ENSP00000368119.4:p.Thr350Asn	GALT	ENSG00000213930	UBTD2
HsVcPillar2a6	CCSBORF300	1	CCSBORF8190	3AT	1	1135G>A	29	NC_000009.12:34650443:G:A	CCSBVarC017364	ENSP00000368119.4:p.Ala379Thr	GALT	ENSG00000213930	UBTD2
HsVcPillar2a6	CCSBORF300	1	CCSBORF8190	3AT	1	142C>A	31050	NC_000009.12:34647147:C:A	CCSBVarC017965	ENSP00000368119.4:p.Arg48Ser	GALT	ENSG00000213930	UBTD2
HsVcPillar2a6	CCSBORF300	1	CCSBORF8190	3AT	1	211C>T	19997	NC_000009.12:34647216:C:T	CCSBVarC017967	ENSP00000368119.4:p.Leu71Phe	GALT	ENSG00000213930	UBTD2
HsVcPillar2a6	CCSBORF300	1	CCSBORF8190	3AT	1	241G>C	3547	NC_000009.12:34647246:G:C	CCSBVarC017970	ENSP00000368119.4:p.Ala81Pro	GALT	ENSG00000213930	UBTD2
HsVcPillar2a6	CCSBORF300	1	CCSBORF8190	3AT	1	382G>A	3	NC_000009.12:34647835:G:A	CCSBVarC017977	ENSP00000368119.4:p.Val128Ile	GALT	ENSG00000213930	UBTD2
HsVcPillar2a6	CCSBORF300	1	CCSBORF8190	3AT	1	533T>G	21	NC_000009.12:34648139:T:G	CCSBVarC018002	ENSP00000368119.4:p.Met178Arg	GALT	ENSG00000213930	UBTD2
HsVcPillar2a6	CCSBORF300	1	CCSBORF8190	3AT	1	617A>G	11	NC_000009.12:34648385:A:G	CCSBVarC018039	ENSP00000368119.4:p.Gln206Arg	GALT	ENSG00000213930	UBTD2
HsVcPillar2a6	CCSBORF300	1	CCSBORF8190	3AT	1	86A>G	15853	NC_000009.12:34647091:A:G	CCSBVarC017963	ENSP00000368119.4:p.His29Arg	GALT	ENSG00000213930	UBTD2
HsVcPillar2a6	CCSBORF300	1	CCSBORF8190	3AT	1	910C>G	1421	NC_000009.12:34649414:C:G	CCSBVarC018097	ENSP00000368119.4:p.Pro304Ala	GALT	ENSG00000213930	UBTD2
HsVcPillar2a6	CCSBORF300	1	CCSBORF8190	3AT	1	910C>T	2319	NC_000009.12:34649414:C:T	CCSBVarC018099	ENSP00000368119.4:p.Pro304Ser	GALT	ENSG00000213930	UBTD2
HsVcPillar2a6	CCSBORF300	5	CCSBORF8190	3AT	1	REF	25995	NULL	NULL	NULL	GALT	ENSG00000213930	UBTD2
HsVcPillar2a6	CCSBORF300	5	CCSBORF8190	3AT	1	1018G>A	88	NC_000009.12:34649522:G:A	CCSBVarC007287	ENSP00000368119.4:p.Glu340Lys	GALT	ENSG00000213930	UBTD2
HsVcPillar2a6	CCSBORF300	5	CCSBORF8190	3AT	1	152G>A	65	NC_000009.12:34647157:G:A	CCSBVarC004977	ENSP00000368119.4:p.Arg51Gln	GALT	ENSG00000213930	UBTD2
HsVcPillar2a6	CCSBORF300	5	CCSBORF8190	3AT	1	152G>T	4796	NC_000009.12:34647157:G:T	CCSBVarC007151	ENSP00000368119.4:p.Arg51Leu	GALT	ENSG00000213930	UBTD2
HsVcPillar2a6	CCSBORF300	5	CCSBORF8190	3AT	1	163G>T	14076	NC_000009.12:34647168:G:T	CCSBVarC007153	ENSP00000368119.4:p.Gly55Cys	GALT	ENSG00000213930	UBTD2
HsVcPillar2a6	CCSBORF300	5	CCSBORF8190	3AT	1	184C>A	14	NC_000009.12:34647189:C:A	CCSBVarC007154	ENSP00000368119.4:p.Leu62Met	GALT	ENSG00000213930	UBTD2
HsVcPillar2a6	CCSBORF300	5	CCSBORF8190	3AT	1	197C>A	14169	NC_000009.12:34647202:C:A	CCSBVarC007155	ENSP00000368119.4:p.Pro66His	GALT	ENSG00000213930	UBTD2
HsVcPillar2a6	CCSBORF300	5	CCSBORF8190	3AT	1	197C>T	41	NC_000009.12:34647202:C:T	CCSBVarC007156	ENSP00000368119.4:p.Pro66Leu	GALT	ENSG00000213930	UBTD2
HsVcPillar2a6	CCSBORF300	5	CCSBORF8190	3AT	1	368G>A	77	NC_000009.12:34647695:G:A	CCSBVarC007172	ENSP00000368119.4:p.Arg123Gln	GALT	ENSG00000213930	UBTD2
HsVcPillar2a6	CCSBORF300	5	CCSBORF8190	3AT	1	379A>G	68	NC_000009.12:34647832:A:G	CCSBVarC007174	ENSP00000368119.4:p.Lys127Glu	GALT	ENSG00000213930	UBTD2
HsVcPillar2a6	CCSBORF300	5	CCSBORF8190	3AT	1	389G>A	23	NC_000009.12:34647842:G:A	CCSBVarC007178	ENSP00000368119.4:p.Cys130Tyr	GALT	ENSG00000213930	UBTD2
HsVcPillar2a6	CCSBORF300	5	CCSBORF8190	3AT	1	394C>T	58	NC_000009.12:34647847:C:T	CCSBVarC007180	ENSP00000368119.4:p.His132Tyr	GALT	ENSG00000213930	UBTD2
HsVcPillar2a6	CCSBORF300	5	CCSBORF8190	3AT	1	416T>C	28	NC_000009.12:34647869:T:C	CCSBVarC007185	ENSP00000368119.4:p.Leu139Pro	GALT	ENSG00000213930	UBTD2
HsVcPillar2a6	CCSBORF300	5	CCSBORF8190	3AT	1	502G>T	6	NC_000009.12:34647955:G:T	CCSBVarC004983	ENSP00000368119.4:p.Val168Leu	GALT	ENSG00000213930	UBTD2
HsVcPillar2a6	CCSBORF300	5	CCSBORF8190	3AT	1	568T>C	36	NC_000009.12:34648336:T:C	CCSBVarC007216	ENSP00000368119.4:p.Trp190Arg	GALT	ENSG00000213930	UBTD2
HsVcPillar2a6	CCSBORF300	5	CCSBORF8190	3AT	1	572C>T	5718	NC_000009.12:34648340:C:T	CCSBVarC007217	ENSP00000368119.4:p.Ala191Val	GALT	ENSG00000213930	UBTD2
HsVcPillar2a6	CCSBORF300	5	CCSBORF8190	3AT	1	602G>A	106	NC_000009.12:34648370:G:A	CCSBVarC007223	ENSP00000368119.4:p.Arg201His	GALT	ENSG00000213930	UBTD2
HsVcPillar2a6	CCSBORF300	5	CCSBORF8190	3AT	1	626A>G	1971	NC_000009.12:34648394:A:G	CCSBVarC004992	ENSP00000368119.4:p.Tyr209Cys	GALT	ENSG00000213930	UBTD2
HsVcPillar2a6	CCSBORF300	5	CCSBORF8190	3AT	1	667C>A	4695	NC_000009.12:34648435:C:A	CCSBVarC004994	ENSP00000368119.4:p.Arg223Ser	GALT	ENSG00000213930	UBTD2
HsVcPillar2a6	CCSBORF300	5	CCSBORF8190	3AT	1	677T>C	87	NC_000009.12:34648445:T:C	CCSBVarC007232	ENSP00000368119.4:p.Leu226Pro	GALT	ENSG00000213930	UBTD2
HsVcPillar2a6	CCSBORF300	5	CCSBORF8190	3AT	1	756G>T	36	NC_000009.12:34648829:G:T	CCSBVarC007243	ENSP00000368119.4:p.Gln252His	GALT	ENSG00000213930	UBTD2
HsVcPillar2a6	CCSBORF300	5	CCSBORF8190	3AT	1	776G>A	139	NC_000009.12:34648849:G:A	CCSBVarC007246	ENSP00000368119.4:p.Arg259Gln	GALT	ENSG00000213930	UBTD2
HsVcPillar2a6	CCSBORF300	5	CCSBORF8190	3AT	1	815G>A	88	NC_000009.12:34648888:G:A	CCSBVarC000036	ENSP00000368119.4:p.Arg272His	GALT	ENSG00000213930	UBTD2
HsVcPillar2a6	CCSBORF300	5	CCSBORF8190	3AT	1	833T>A	1254	NC_000009.12:34649009:T:A	CCSBVarC007253	ENSP00000368119.4:p.Ile278Asn	GALT	ENSG00000213930	UBTD2
HsVcPillar2a6	CCSBORF300	5	CCSBORF8190	3AT	1	855G>T	31	NC_000009.12:34649031:G:T	CCSBVarC007257	ENSP00000368119.4:p.Lys285Asn	GALT	ENSG00000213930	UBTD2
HsVcPillar2a6	CCSBORF300	5	CCSBORF8190	3AT	1	865C>T	23	NC_000009.12:34649041:C:T	CCSBVarC007260	ENSP00000368119.4:p.Leu289Phe	GALT	ENSG00000213930	UBTD2
HsVcPillar2a6	CCSBORF300	5	CCSBORF8190	3AT	1	866T>G	20	NC_000009.12:34649042:T:G	CCSBVarC007261	ENSP00000368119.4:p.Leu289Arg	GALT	ENSG00000213930	UBTD2
HsVcPillar2a6	CCSBORF300	5	CCSBORF8190	3AT	1	881T>A	13	NC_000009.12:34649057:T:A	CCSBVarC004997	ENSP00000368119.4:p.Phe294Tyr	GALT	ENSG00000213930	UBTD2
HsVcPillar2a6	CCSBORF300	5	CCSBORF8190	3AT	1	91C>A	3239	NC_000009.12:34647096:C:A	CCSBVarC007142	ENSP00000368119.4:p.His31Asn	GALT	ENSG00000213930	UBTD2
HsVcPillar2a6	CCSBORF300	5	CCSBORF8190	3AT	1	922G>A	30	NC_000009.12:34649426:G:A	CCSBVarC007267	ENSP00000368119.4:p.Glu308Lys	GALT	ENSG00000213930	UBTD2
HsVcPillar2a6	CCSBORF300	5	CCSBORF8190	3AT	1	959C>T	34	NC_000009.12:34649463:C:T	CCSBVarC007271	ENSP00000368119.4:p.Ala320Val	GALT	ENSG00000213930	UBTD2
HsVcPillar2a6	CCSBORF300	5	CCSBORF8190	3AT	1	970C>T	41	NC_000009.12:34649474:C:T	CCSBVarC005000	ENSP00000368119.4:p.Pro324Ser	GALT	ENSG00000213930	UBTD2
HsVcPillar2a6	CCSBORF300	5	CCSBORF8190	3AT	1	980T>C	5833	NC_000009.12:34649484:T:C	CCSBVarC007276	ENSP00000368119.4:p.Leu327Pro	GALT	ENSG00000213930	UBTD2
HsVcPillar2a6	CCSBORF300	5	CCSBORF8190	3AT	1	997C>G	716	NC_000009.12:34649501:C:G	CCSBVarC007281	ENSP00000368119.4:p.Arg333Gly	GALT	ENSG00000213930	UBTD2
HsVcPillar2a6	CCSBORF3689	2	CCSBORF54784	3AT	1	REF	9168	NULL	NULL	NULL	GCK	ENSG00000106633	GCKR
HsVcPillar2a6	CCSBORF3689	2	CCSBORF54784	3AT	1	1130G>A	1677	NC_000007.14:44145619:C:T	CCSBVarC006696	ENSP00000384247.3:p.Arg377His	GCK	ENSG00000106633	GCKR
HsVcPillar2a6	CCSBORF3689	2	CCSBORF54784	3AT	1	1133C>T	862	NC_000007.14:44145616:G:A	CCSBVarC006695	ENSP00000384247.3:p.Ala378Val	GCK	ENSG00000106633	GCKR
HsVcPillar2a6	CCSBORF3689	2	CCSBORF54784	3AT	1	1142T>G	157	NC_000007.14:44145607:A:C	CCSBVarC006698	ENSP00000384247.3:p.Met381Arg	GCK	ENSG00000106633	GCKR
HsVcPillar2a6	CCSBORF3689	2	CCSBORF54784	3AT	1	1153G>A	2545	NC_000007.14:44145596:C:T	CCSBVarC006697	ENSP00000384247.3:p.Gly385Arg	GCK	ENSG00000106633	GCKR
HsVcPillar2a6	CCSBORF3689	2	CCSBORF54784	3AT	1	1160C>A	338	NC_000007.14:44145589:G:T	CCSBVarC006699	ENSP00000384247.3:p.Ala387Glu	GCK	ENSG00000106633	GCKR
HsVcPillar2a6	CCSBORF3689	2	CCSBORF54784	3AT	1	131G>A	280	NC_000007.14:44153377:C:T	CCSBVarC006686	ENSP00000384247.3:p.Gly44Asp	GCK	ENSG00000106633	GCKR
HsVcPillar2a6	CCSBORF3689	2	CCSBORF54784	3AT	1	1367C>T	6	NC_000007.14:44145166:G:A	CCSBVarC006700	ENSP00000384247.3:p.Ala456Val	GCK	ENSG00000106633	GCKR
HsVcPillar2a6	CCSBORF3689	2	CCSBORF54784	3AT	1	1386G>T	3305	NC_000007.14:44145147:C:A	CCSBVarC021296	ENSP00000384247.3:p.Met462Ile	GCK	ENSG00000106633	GCKR
HsVcPillar2a6	CCSBORF3689	2	CCSBORF54784	3AT	1	523G>C	6048	NC_000007.14:44150024:C:G	CCSBVarC006688	ENSP00000384247.3:p.Gly175Arg	GCK	ENSG00000106633	GCKR
HsVcPillar2a6	CCSBORF3689	2	CCSBORF54784	3AT	1	532G>C	2124	NC_000007.14:44150015:C:G	CCSBVarC006687	ENSP00000384247.3:p.Gly178Arg	GCK	ENSG00000106633	GCKR
HsVcPillar2a6	CCSBORF3689	2	CCSBORF54784	3AT	1	57C>G	3335	NC_000007.14:44153451:G:C	CCSBVarC021109	ENSP00000384247.3:p.Ile19Met	GCK	ENSG00000106633	GCKR
HsVcPillar2a6	CCSBORF3689	2	CCSBORF54784	3AT	1	661G>A	4374	NC_000007.14:44149777:C:T	CCSBVarC006689	ENSP00000384247.3:p.Glu221Lys	GCK	ENSG00000106633	GCKR
HsVcPillar2a6	CCSBORF3689	2	CCSBORF54784	3AT	1	706G>A	74	NC_000007.14:44147806:C:T	CCSBVarC006690	ENSP00000384247.3:p.Glu236Lys	GCK	ENSG00000106633	GCKR
HsVcPillar2a6	CCSBORF3689	2	CCSBORF54784	3AT	1	752T>C	3472	NC_000007.14:44147760:A:G	CCSBVarC006691	ENSP00000384247.3:p.Met251Thr	GCK	ENSG00000106633	GCKR
HsVcPillar2a6	CCSBORF3689	2	CCSBORF54784	3AT	1	758T>C	2054	NC_000007.14:44147754:A:G	CCSBVarC006692	ENSP00000384247.3:p.Val253Ala	GCK	ENSG00000106633	GCKR
HsVcPillar2a6	CCSBORF3689	2	CCSBORF54784	3AT	1	775G>T	3105	NC_000007.14:44147737:C:A	CCSBVarC021172	ENSP00000384247.3:p.Ala259Ser	GCK	ENSG00000106633	GCKR
HsVcPillar2a6	CCSBORF3689	2	CCSBORF54784	3AT	1	895G>C	2671	NC_000007.14:44146586:C:G	CCSBVarC006694	ENSP00000384247.3:p.Gly299Arg	GCK	ENSG00000106633	GCKR
HsVcPillar2a6	CCSBORF3689	2	CCSBORF54784	3AT	1	907C>T	3316	NC_000007.14:44146574:G:A	CCSBVarC006693	ENSP00000384247.3:p.Arg303Trp	GCK	ENSG00000106633	GCKR
HsVcPillar2a6	CCSBORF5808	4	CCSBORF8297	3AT	1	REF	170778	NULL	NULL	NULL	HBB	ENSG00000244734	HBZ
HsVcPillar2a6	CCSBORF5808	4	CCSBORF8297	3AT	1	194G>C	2532	NC_000011.10:5226697:C:G	CCSBVarC006222	ENSP00000333994.3:p.Gly65Ala	HBB	ENSG00000244734	HBZ
HsVcPillar2a6	CCSBORF5808	4	CCSBORF8297	3AT	1	238G>C	172	NC_000011.10:5226653:C:G	CCSBVarC006225	ENSP00000333994.3:p.Asp80His	HBB	ENSG00000244734	HBZ
HsVcPillar2a6	CCSBORF5808	4	CCSBORF8297	3AT	1	26A>C	5531	NC_000011.10:5226995:T:G	CCSBVarC006215	ENSP00000333994.3:p.Lys9Thr	HBB	ENSG00000244734	HBZ
HsVcPillar2a6	CCSBORF5808	4	CCSBORF8297	3AT	1	302C>G	98	NC_000011.10:5226589:G:C	CCSBVarC006230	ENSP00000333994.3:p.Pro101Arg	HBB	ENSG00000244734	HBZ
HsVcPillar2a6	CCSBORF5808	4	CCSBORF8297	3AT	1	312C>G	267	NC_000011.10:5226579:G:C	CCSBVarC000906	ENSP00000333994.3:p.Phe104Leu	HBB	ENSG00000244734	HBZ
HsVcPillar2a6	CCSBORF5808	4	CCSBORF8297	3AT	1	374C>A	356	NC_000011.10:5225667:G:T	CCSBVarC006235	ENSP00000333994.3:p.Pro125Gln	HBB	ENSG00000244734	HBZ
HsVcPillar2a6	CCSBORF5808	4	CCSBORF8297	3AT	1	410G>A	456	NC_000011.10:5225631:C:T	CCSBVarC006240	ENSP00000333994.3:p.Gly137Asp	HBB	ENSG00000244734	HBZ
HsVcPillar2a6	CCSBORF5808	4	CCSBORF8297	3AT	1	44T>G	88	NC_000011.10:5226977:A:C	CCSBVarC006216	ENSP00000333994.3:p.Leu15Arg	HBB	ENSG00000244734	HBZ
HsVcPillar2a6	CCSBORF5808	4	CCSBORF8297	3AT	1	59A>G	5515	NC_000011.10:5226962:T:C	CCSBVarC006217	ENSP00000333994.3:p.Asn20Ser	HBB	ENSG00000244734	HBZ
HsVcPillar2a6	CCSBORF5808	4	CCSBORF8297	3AT	1	71T>A	46	NC_000011.10:5226950:A:T	CCSBVarC006219	ENSP00000333994.3:p.Val24Asp	HBB	ENSG00000244734	HBZ
HsVcPillar2a6	CCSBORF4765	2	CCSBORF12040	3AT	1	REF	6	NULL	NULL	NULL	ITGB2	ENSG00000160255	UPK1B
HsVcPillar2a6	CCSBORF4765	2	CCSBORF12040	3AT	1	1052A>G	2	NC_000021.9:44895001:T:C	CCSBVarC007537	ENSP00000498780.1:p.Asn351Ser	ITGB2	ENSG00000160255	UPK1B
HsVcPillar2a6	CCSBORF4765	2	CCSBORF12040	3AT	1	106T>A	0	NC_000021.9:44910324:A:T	CCSBVarC008417	ENSP00000498780.1:p.Cys36Ser	ITGB2	ENSG00000160255	UPK1B
HsVcPillar2a6	CCSBORF4765	2	CCSBORF12040	3AT	1	124G>T	0	NC_000021.9:44910306:C:A	CCSBVarC007549	ENSP00000498780.1:p.Gly42Cys	ITGB2	ENSG00000160255	UPK1B
HsVcPillar2a6	CCSBORF4765	2	CCSBORF12040	3AT	1	1777C>T	0	NC_000021.9:44889375:G:A	CCSBVarC003146	ENSP00000498780.1:p.Arg593Cys	ITGB2	ENSG00000160255	UPK1B
HsVcPillar2a6	CCSBORF4765	2	CCSBORF12040	3AT	1	1834T>C	0	NC_000021.9:44889318:A:G	CCSBVarC008409	ENSP00000498780.1:p.Cys612Arg	ITGB2	ENSG00000160255	UPK1B
HsVcPillar2a6	CCSBORF4765	2	CCSBORF12040	3AT	1	2146G>C	0	NC_000021.9:44886836:C:G	CCSBVarC009516	ENSP00000498780.1:p.Gly716Arg	ITGB2	ENSG00000160255	UPK1B
HsVcPillar2a6	CCSBORF4765	2	CCSBORF12040	3AT	1	2189G>A	1	NC_000021.9:44886793:C:T	CCSBVarC009510	ENSP00000498780.1:p.Ser730Asn	ITGB2	ENSG00000160255	UPK1B
HsVcPillar2a6	CCSBORF4765	2	CCSBORF12040	3AT	1	382G>A	0	NC_000021.9:44903481:C:T	CCSBVarC008428	ENSP00000498780.1:p.Asp128Asn	ITGB2	ENSG00000160255	UPK1B
HsVcPillar2a6	CCSBORF4765	2	CCSBORF12040	3AT	1	382G>T	0	NC_000021.9:44903481:C:A	CCSBVarC003144	ENSP00000498780.1:p.Asp128Tyr	ITGB2	ENSG00000160255	UPK1B
HsVcPillar2a6	CCSBORF4765	2	CCSBORF12040	3AT	1	449G>A	0	NC_000021.9:44903414:C:T	CCSBVarC008419	ENSP00000498780.1:p.Gly150Asp	ITGB2	ENSG00000160255	UPK1B
HsVcPillar2a6	CCSBORF4765	2	CCSBORF12040	3AT	1	505G>A	1	NC_000021.9:44901727:C:T	CCSBVarC007546	ENSP00000498780.1:p.Gly169Arg	ITGB2	ENSG00000160255	UPK1B
HsVcPillar2a6	CCSBORF4765	2	CCSBORF12040	3AT	1	587A>C	1	NC_000021.9:44901645:T:G	CCSBVarC007544	ENSP00000498780.1:p.Lys196Thr	ITGB2	ENSG00000160255	UPK1B
HsVcPillar2a6	CCSBORF4765	2	CCSBORF12040	3AT	1	691G>C	0	NC_000021.9:44901541:C:G	CCSBVarC008405	ENSP00000498780.1:p.Asp231His	ITGB2	ENSG00000160255	UPK1B
HsVcPillar2a6	CCSBORF4765	2	CCSBORF12040	3AT	1	712G>A	11	NC_000021.9:44901520:C:T	CCSBVarC008421	ENSP00000498780.1:p.Asp238Asn	ITGB2	ENSG00000160255	UPK1B
HsVcPillar2a6	CCSBORF4765	2	CCSBORF12040	3AT	1	715G>A	2	NC_000021.9:44901517:C:T	CCSBVarC007541	ENSP00000498780.1:p.Ala239Thr	ITGB2	ENSG00000160255	UPK1B
HsVcPillar2a6	CCSBORF4765	2	CCSBORF12040	3AT	1	754T>C	0	NC_000021.9:44900462:A:G	CCSBVarC008394	ENSP00000498780.1:p.Trp252Arg	ITGB2	ENSG00000160255	UPK1B
HsVcPillar2a6	CCSBORF4765	2	CCSBORF12040	3AT	1	817G>A	0	NC_000021.9:44900399:C:T	CCSBVarC000702	ENSP00000498780.1:p.Gly273Arg	ITGB2	ENSG00000160255	UPK1B
HsVcPillar2a6	CCSBORF4765	2	CCSBORF12040	3AT	1	905C>T	1	NC_000021.9:44899154:G:A	CCSBVarC008423	ENSP00000498780.1:p.Pro302Leu	ITGB2	ENSG00000160255	UPK1B
HsVcPillar2a6	CCSBORF100016069	2	CCSBORF6281	3AT	1	REF	14055	NULL	NULL	NULL	KCNJ2	ENSG00000123700	KCNJ15
HsVcPillar2a6	CCSBORF100016069	2	CCSBORF6281	3AT	1	1045G>A	153	NC_000017.11:70176083:G:A	CCSBVarC008354	ENSP00000243457.2:p.Glu349Lys	KCNJ2	ENSG00000123700	KCNJ15
HsVcPillar2a6	CCSBORF100016069	2	CCSBORF6281	3AT	1	1091A>G	82	NC_000017.11:70176129:A:G	CCSBVarC008355	ENSP00000243457.2:p.Lys364Arg	KCNJ2	ENSG00000123700	KCNJ15
HsVcPillar2a6	CCSBORF100016069	2	CCSBORF6281	3AT	1	1199C>T	57	NC_000017.11:70176237:C:T	CCSBVarC008356	ENSP00000243457.2:p.Thr400Met	KCNJ2	ENSG00000123700	KCNJ15
HsVcPillar2a6	CCSBORF100016069	2	CCSBORF6281	3AT	1	119G>C	45	NC_000017.11:70175157:G:C	CCSBVarC008309	ENSP00000243457.2:p.Arg40Pro	KCNJ2	ENSG00000123700	KCNJ15
HsVcPillar2a6	CCSBORF100016069	2	CCSBORF6281	3AT	1	1259C>T	6	NC_000017.11:70176297:C:T	CCSBVarC008359	ENSP00000243457.2:p.Pro420Leu	KCNJ2	ENSG00000123700	KCNJ15
HsVcPillar2a6	CCSBORF100016069	2	CCSBORF6281	3AT	1	199C>T	64	NC_000017.11:70175237:C:T	CCSBVarC008311	ENSP00000243457.2:p.Arg67Trp	KCNJ2	ENSG00000123700	KCNJ15
HsVcPillar2a6	CCSBORF100016069	2	CCSBORF6281	3AT	1	211G>A	43	NC_000017.11:70175249:G:A	CCSBVarC008315	ENSP00000243457.2:p.Asp71Asn	KCNJ2	ENSG00000123700	KCNJ15
HsVcPillar2a6	CCSBORF100016069	2	CCSBORF6281	3AT	1	212A>T	6	NC_000017.11:70175250:A:T	CCSBVarC008317	ENSP00000243457.2:p.Asp71Val	KCNJ2	ENSG00000123700	KCNJ15
HsVcPillar2a6	CCSBORF100016069	2	CCSBORF6281	3AT	1	224C>G	12	NC_000017.11:70175262:C:G	CCSBVarC008318	ENSP00000243457.2:p.Thr75Arg	KCNJ2	ENSG00000123700	KCNJ15
HsVcPillar2a6	CCSBORF100016069	2	CCSBORF6281	3AT	1	224C>T	36	NC_000017.11:70175262:C:T	CCSBVarC008319	ENSP00000243457.2:p.Thr75Met	KCNJ2	ENSG00000123700	KCNJ15
HsVcPillar2a6	CCSBORF100016069	2	CCSBORF6281	3AT	1	236T>C	9	NC_000017.11:70175274:T:C	CCSBVarC008322	ENSP00000243457.2:p.Ile79Thr	KCNJ2	ENSG00000123700	KCNJ15
HsVcPillar2a6	CCSBORF100016069	2	CCSBORF6281	3AT	1	245G>A	43	NC_000017.11:70175283:G:A	CCSBVarC008323	ENSP00000243457.2:p.Arg82Gln	KCNJ2	ENSG00000123700	KCNJ15
HsVcPillar2a6	CCSBORF100016069	2	CCSBORF6281	3AT	1	328C>T	18	NC_000017.11:70175366:C:T	CCSBVarC008326	ENSP00000243457.2:p.His110Tyr	KCNJ2	ENSG00000123700	KCNJ15
HsVcPillar2a6	CCSBORF100016069	2	CCSBORF6281	3AT	1	344C>T	67	NC_000017.11:70175382:C:T	CCSBVarC008327	ENSP00000243457.2:p.Ala115Val	KCNJ2	ENSG00000123700	KCNJ15
HsVcPillar2a6	CCSBORF100016069	2	CCSBORF6281	3AT	1	416C>T	36	NC_000017.11:70175454:C:T	CCSBVarC008328	ENSP00000243457.2:p.Thr139Ile	KCNJ2	ENSG00000123700	KCNJ15
HsVcPillar2a6	CCSBORF100016069	2	CCSBORF6281	3AT	1	425C>T	30066	NC_000017.11:70175463:C:T	CCSBVarC035507	ENSP00000243457.2:p.Thr142Ile	KCNJ2	ENSG00000123700	KCNJ15
HsVcPillar2a6	CCSBORF100016069	2	CCSBORF6281	3AT	1	514G>A	74	NC_000017.11:70175552:G:A	CCSBVarC008329	ENSP00000243457.2:p.Asp172Asn	KCNJ2	ENSG00000123700	KCNJ15
HsVcPillar2a6	CCSBORF100016069	2	CCSBORF6281	3AT	1	565A>G	10	NC_000017.11:70175603:A:G	CCSBVarC008331	ENSP00000243457.2:p.Arg189Gly	KCNJ2	ENSG00000123700	KCNJ15
HsVcPillar2a6	CCSBORF100016069	2	CCSBORF6281	3AT	1	644G>A	35	NC_000017.11:70175682:G:A	CCSBVarC008335	ENSP00000243457.2:p.Gly215Asp	KCNJ2	ENSG00000123700	KCNJ15
HsVcPillar2a6	CCSBORF100016069	2	CCSBORF6281	3AT	1	821A>T	11	NC_000017.11:70175859:A:T	CCSBVarC008340	ENSP00000243457.2:p.Asp274Val	KCNJ2	ENSG00000123700	KCNJ15
HsVcPillar2a6	CCSBORF100016069	2	CCSBORF6281	3AT	1	884T>C	17	NC_000017.11:70175922:T:C	CCSBVarC008341	ENSP00000243457.2:p.Val295Ala	KCNJ2	ENSG00000123700	KCNJ15
HsVcPillar2a6	CCSBORF100016069	2	CCSBORF6281	3AT	1	896A>T	213	NC_000017.11:70175934:A:T	CCSBVarC008342	ENSP00000243457.2:p.Glu299Val	KCNJ2	ENSG00000123700	KCNJ15
HsVcPillar2a6	CCSBORF100016069	2	CCSBORF6281	3AT	1	899G>A	60	NC_000017.11:70175937:G:A	CCSBVarC008343	ENSP00000243457.2:p.Gly300Asp	KCNJ2	ENSG00000123700	KCNJ15
HsVcPillar2a6	CCSBORF100016069	2	CCSBORF6281	3AT	1	899G>T	22	NC_000017.11:70175937:G:T	CCSBVarC008344	ENSP00000243457.2:p.Gly300Val	KCNJ2	ENSG00000123700	KCNJ15
HsVcPillar2a6	CCSBORF100016069	2	CCSBORF6281	3AT	1	901A>C	36	NC_000017.11:70175939:A:C	CCSBVarC008345	ENSP00000243457.2:p.Met301Leu	KCNJ2	ENSG00000123700	KCNJ15
HsVcPillar2a6	CCSBORF100016069	2	CCSBORF6281	3AT	1	904G>A	4	NC_000017.11:70175942:G:A	CCSBVarC008348	ENSP00000243457.2:p.Val302Met	KCNJ2	ENSG00000123700	KCNJ15
HsVcPillar2a6	CCSBORF100016069	2	CCSBORF6281	3AT	1	935G>A	63	NC_000017.11:70175973:G:A	CCSBVarC008349	ENSP00000243457.2:p.Arg312His	KCNJ2	ENSG00000123700	KCNJ15
HsVcPillar2a6	CCSBORF100016069	2	CCSBORF6281	3AT	1	966G>C	38	NC_000017.11:70176004:G:C	CCSBVarC008351	ENSP00000243457.2:p.Trp322Cys	KCNJ2	ENSG00000123700	KCNJ15
HsVcPillar2a6	CCSBORF359	2	CCSBORF5539	3AT	1	REF	8236	NULL	NULL	NULL	CBS	ENSG00000160200	ZMYM5
HsVcPillar2a6	CCSBORF359	2	CCSBORF5539	3AT	1	1006C>T	4	NC_000021.9:43062343:G:A	CCSBVarC007317	ENSP00000381231.4:p.Arg336Cys	CBS	ENSG00000160200	ZMYM5
HsVcPillar2a6	CCSBORF359	2	CCSBORF5539	3AT	1	1039G>A	193	NC_000021.9:43062310:C:T	CCSBVarC007313	ENSP00000381231.4:p.Gly347Ser	CBS	ENSG00000160200	ZMYM5
HsVcPillar2a6	CCSBORF359	2	CCSBORF5539	3AT	1	1109G>A	84	NC_000021.9:43060476:C:T	CCSBVarC007309	ENSP00000381231.4:p.Cys370Tyr	CBS	ENSG00000160200	ZMYM5
HsVcPillar2a6	CCSBORF359	2	CCSBORF5539	3AT	1	1135C>T	1805	NC_000021.9:43060450:G:A	CCSBVarC007307	ENSP00000381231.4:p.Arg379Trp	CBS	ENSG00000160200	ZMYM5
HsVcPillar2a6	CCSBORF359	2	CCSBORF5539	3AT	1	1280C>T	5281	NC_000021.9:43058911:G:A	CCSBVarC007303	ENSP00000381231.4:p.Pro427Leu	CBS	ENSG00000160200	ZMYM5
HsVcPillar2a6	CCSBORF359	2	CCSBORF5539	3AT	1	1367T>C	17	NC_000021.9:43058244:A:G	CCSBVarC000045	ENSP00000381231.4:p.Leu456Pro	CBS	ENSG00000160200	ZMYM5
HsVcPillar2a6	CCSBORF359	2	CCSBORF5539	3AT	1	233C>G	18	NC_000021.9:43068591:G:C	CCSBVarC007359	ENSP00000381231.4:p.Pro78Arg	CBS	ENSG00000160200	ZMYM5
HsVcPillar2a6	CCSBORF359	2	CCSBORF5539	3AT	1	262C>T	12	NC_000021.9:43068562:G:A	CCSBVarC008708	ENSP00000381231.4:p.Pro88Ser	CBS	ENSG00000160200	ZMYM5
HsVcPillar2a6	CCSBORF359	2	CCSBORF5539	3AT	1	302T>C	29	NC_000021.9:43068522:A:G	CCSBVarC007354	ENSP00000381231.4:p.Leu101Pro	CBS	ENSG00000160200	ZMYM5
HsVcPillar2a6	CCSBORF359	2	CCSBORF5539	3AT	1	304A>C	5	NC_000021.9:43068520:T:G	CCSBVarC008671	ENSP00000381231.4:p.Lys102Gln	CBS	ENSG00000160200	ZMYM5
HsVcPillar2a6	CCSBORF359	2	CCSBORF5539	3AT	1	325T>C	41	NC_000021.9:43066368:A:G	CCSBVarC007352	ENSP00000381231.4:p.Cys109Arg	CBS	ENSG00000160200	ZMYM5
HsVcPillar2a6	CCSBORF359	2	CCSBORF5539	3AT	1	346G>A	51	NC_000021.9:43066347:C:T	CCSBVarC007349	ENSP00000381231.4:p.Gly116Arg	CBS	ENSG00000160200	ZMYM5
HsVcPillar2a6	CCSBORF359	2	CCSBORF5539	3AT	1	362G>A	35	NC_000021.9:43066331:C:T	CCSBVarC007346	ENSP00000381231.4:p.Arg121His	CBS	ENSG00000160200	ZMYM5
HsVcPillar2a6	CCSBORF359	2	CCSBORF5539	3AT	1	373C>T	7	NC_000021.9:43066320:G:A	CCSBVarC008722	ENSP00000381231.4:p.Arg125Trp	CBS	ENSG00000160200	ZMYM5
HsVcPillar2a6	CCSBORF359	2	CCSBORF5539	3AT	1	429C>G	33	NC_000021.9:43066264:G:C	CCSBVarC008694	ENSP00000381231.4:p.Ile143Met	CBS	ENSG00000160200	ZMYM5
HsVcPillar2a6	CCSBORF359	2	CCSBORF5539	3AT	1	434C>T	22	NC_000021.9:43066259:G:A	CCSBVarC007339	ENSP00000381231.4:p.Pro145Leu	CBS	ENSG00000160200	ZMYM5
HsVcPillar2a6	CCSBORF359	2	CCSBORF5539	3AT	1	461T>A	45	NC_000021.9:43065685:A:T	CCSBVarC000043	ENSP00000381231.4:p.Leu154Gln	CBS	ENSG00000160200	ZMYM5
HsVcPillar2a6	CCSBORF359	2	CCSBORF5539	3AT	1	572C>T	64	NC_000021.9:43065480:G:A	CCSBVarC007333	ENSP00000381231.4:p.Thr191Met	CBS	ENSG00000160200	ZMYM5
HsVcPillar2a6	CCSBORF359	2	CCSBORF5539	3AT	1	684C>A	10	NC_000021.9:43065254:G:T	CCSBVarC008700	ENSP00000381231.4:p.Asn228Lys	CBS	ENSG00000160200	ZMYM5
HsVcPillar2a6	CCSBORF359	2	CCSBORF5539	3AT	1	785C>T	20	NC_000021.9:43063942:G:A	CCSBVarC007325	ENSP00000381231.4:p.Thr262Met	CBS	ENSG00000160200	ZMYM5
HsVcPillar2a6	CCSBORF359	2	CCSBORF5539	3AT	1	919G>A	6976	NC_000021.9:43062987:C:T	CCSBVarC007321	ENSP00000381231.4:p.Gly307Ser	CBS	ENSG00000160200	ZMYM5
HsVcPillar2a6	CCSBORF359	2	CCSBORF5539	3AT	1	941T>C	6	NC_000021.9:43062965:A:G	CCSBVarC008704	ENSP00000381231.4:p.Val314Ala	CBS	ENSG00000160200	ZMYM5
HsVcPillar2a6	CCSBORF359	4	CCSBORF0	3AT	1	REF	0	NULL	NULL	NULL	CBS	ENSG00000160200	empty_AD
HsVcPillar2a6	CCSBORF359	4	CCSBORF0	3AT	1	1009A>C	0	NC_000021.9:43062340:T:G	CCSBVarC007315	ENSP00000381231.4:p.Met337Leu	CBS	ENSG00000160200	empty_AD
HsVcPillar2a6	CCSBORF359	4	CCSBORF0	3AT	1	1009A>G	0	NC_000021.9:43062340:T:C	CCSBVarC007314	ENSP00000381231.4:p.Met337Val	CBS	ENSG00000160200	empty_AD
HsVcPillar2a6	CCSBORF359	4	CCSBORF0	3AT	1	1072G>A	0	NC_000021.9:43060513:C:T	CCSBVarC007310	ENSP00000381231.4:p.Val358Met	CBS	ENSG00000160200	empty_AD
HsVcPillar2a6	CCSBORF359	4	CCSBORF0	3AT	1	1208C>T	0	NC_000021.9:43059240:G:A	CCSBVarC007305	ENSP00000381231.4:p.Thr403Met	CBS	ENSG00000160200	empty_AD
HsVcPillar2a6	CCSBORF359	4	CCSBORF0	3AT	1	134G>A	0	NC_000021.9:43072059:C:T	CCSBVarC007363	ENSP00000381231.4:p.Arg45Gln	CBS	ENSG00000160200	empty_AD
HsVcPillar2a6	CCSBORF359	4	CCSBORF0	3AT	1	1357G>T	0	NC_000021.9:43058834:C:A	CCSBVarC007300	ENSP00000381231.4:p.Gly453Trp	CBS	ENSG00000160200	empty_AD
HsVcPillar2a6	CCSBORF359	4	CCSBORF0	3AT	1	1397C>T	0	NC_000021.9:43058214:G:A	CCSBVarC007298	ENSP00000381231.4:p.Ser466Leu	CBS	ENSG00000160200	empty_AD
HsVcPillar2a6	CCSBORF359	4	CCSBORF0	3AT	1	1436T>C	0	NC_000021.9:43058175:A:G	CCSBVarC007296	ENSP00000381231.4:p.Val479Ala	CBS	ENSG00000160200	empty_AD
HsVcPillar2a6	CCSBORF359	4	CCSBORF0	3AT	1	152G>A	0	NC_000021.9:43072041:C:T	CCSBVarC007362	ENSP00000381231.4:p.Arg51Lys	CBS	ENSG00000160200	empty_AD
HsVcPillar2a6	CCSBORF359	4	CCSBORF0	3AT	1	301C>G	0	NC_000021.9:43068523:G:C	CCSBVarC007355	ENSP00000381231.4:p.Leu101Val	CBS	ENSG00000160200	empty_AD
HsVcPillar2a6	CCSBORF359	4	CCSBORF0	3AT	1	34C>T	0	NC_000021.9:43072159:G:A	CCSBVarC007368	ENSP00000381231.4:p.Pro12Ser	CBS	ENSG00000160200	empty_AD
HsVcPillar2a6	CCSBORF359	4	CCSBORF0	3AT	1	352G>A	0	NC_000021.9:43066341:C:T	CCSBVarC007348	ENSP00000381231.4:p.Val118Met	CBS	ENSG00000160200	empty_AD
HsVcPillar2a6	CCSBORF359	4	CCSBORF0	3AT	1	395G>A	0	NC_000021.9:43066298:C:T	CCSBVarC007344	ENSP00000381231.4:p.Arg132His	CBS	ENSG00000160200	empty_AD
HsVcPillar2a6	CCSBORF359	4	CCSBORF0	3AT	1	397G>A	0	NC_000021.9:43066296:C:T	CCSBVarC007343	ENSP00000381231.4:p.Asp133Asn	CBS	ENSG00000160200	empty_AD
HsVcPillar2a6	CCSBORF359	4	CCSBORF0	3AT	1	400G>A	0	NC_000021.9:43066293:C:T	CCSBVarC007342	ENSP00000381231.4:p.Gly134Arg	CBS	ENSG00000160200	empty_AD
HsVcPillar2a6	CCSBORF359	4	CCSBORF0	3AT	1	469G>A	0	NC_000021.9:43065677:C:T	CCSBVarC007337	ENSP00000381231.4:p.Ala157Thr	CBS	ENSG00000160200	empty_AD
HsVcPillar2a6	CCSBORF359	4	CCSBORF0	3AT	1	502G>A	0	NC_000021.9:43065644:C:T	CCSBVarC007336	ENSP00000381231.4:p.Val168Met	CBS	ENSG00000160200	empty_AD
HsVcPillar2a6	CCSBORF359	4	CCSBORF0	3AT	1	531G>C	0	NC_000021.9:43065615:C:G	CCSBVarC007335	ENSP00000381231.4:p.Lys177Asn	CBS	ENSG00000160200	empty_AD
HsVcPillar2a6	CCSBORF359	4	CCSBORF0	3AT	1	532G>A	0	NC_000021.9:43065520:C:T	CCSBVarC007334	ENSP00000381231.4:p.Val178Met	CBS	ENSG00000160200	empty_AD
HsVcPillar2a6	CCSBORF359	4	CCSBORF0	3AT	1	616G>A	0	NC_000021.9:43065436:C:T	CCSBVarC007332	ENSP00000381231.4:p.Val206Met	CBS	ENSG00000160200	empty_AD
HsVcPillar2a6	CCSBORF359	4	CCSBORF0	3AT	1	636C>G	0	NC_000021.9:43065416:G:C	CCSBVarC007330	ENSP00000381231.4:p.Asn212Lys	CBS	ENSG00000160200	empty_AD
HsVcPillar2a6	CCSBORF359	4	CCSBORF0	3AT	1	670C>T	0	NC_000021.9:43065268:G:A	CCSBVarC007329	ENSP00000381231.4:p.Arg224Cys	CBS	ENSG00000160200	empty_AD
HsVcPillar2a6	CCSBORF359	4	CCSBORF0	3AT	1	844C>T	0	NC_000021.9:43063062:G:A	CCSBVarC007323	ENSP00000381231.4:p.Pro282Ser	CBS	ENSG00000160200	empty_AD
HsVcPillar2a6	CCSBORF359	4	CCSBORF0	3AT	1	992C>T	0	NC_000021.9:43062357:G:A	CCSBVarC007318	ENSP00000381231.4:p.Ala331Val	CBS	ENSG00000160200	empty_AD
HsVcPillar2a6	CCSBORF12573	4	CCSBORF0	3AT	1	REF	13	NULL	NULL	NULL	DES	ENSG00000175084	empty_AD
HsVcPillar2a6	CCSBORF12573	4	CCSBORF0	3AT	1	1009G>A	0	NC_000002.12:219420938:G:A	CCSBVarC007850	ENSP00000363071.3:p.Ala337Thr	DES	ENSG00000175084	empty_AD
HsVcPillar2a6	CCSBORF12573	4	CCSBORF0	3AT	1	1009G>C	0	NC_000002.12:219420938:G:C	CCSBVarC006506	ENSP00000363071.3:p.Ala337Pro	DES	ENSG00000175084	empty_AD
HsVcPillar2a6	CCSBORF12573	4	CCSBORF0	3AT	1	1013T>G	0	NC_000002.12:219420942:T:G	CCSBVarC007852	ENSP00000363071.3:p.Leu338Arg	DES	ENSG00000175084	empty_AD
HsVcPillar2a6	CCSBORF12573	4	CCSBORF0	3AT	1	1024A>G	0	NC_000002.12:219421339:A:G	CCSBVarC007853	ENSP00000363071.3:p.Asn342Asp	DES	ENSG00000175084	empty_AD
HsVcPillar2a6	CCSBORF12573	4	CCSBORF0	3AT	1	1030T>C	0	NC_000002.12:219421345:T:C	CCSBVarC007855	ENSP00000363071.3:p.Ser344Pro	DES	ENSG00000175084	empty_AD
HsVcPillar2a6	CCSBORF12573	4	CCSBORF0	3AT	1	1049G>C	0	NC_000002.12:219421364:G:C	CCSBVarC007860	ENSP00000363071.3:p.Arg350Pro	DES	ENSG00000175084	empty_AD
HsVcPillar2a6	CCSBORF12573	4	CCSBORF0	3AT	1	109C>T	0	NC_000002.12:219418570:C:T	CCSBVarC007790	ENSP00000363071.3:p.Arg37Trp	DES	ENSG00000175084	empty_AD
HsVcPillar2a6	CCSBORF12573	4	CCSBORF0	3AT	1	1154T>C	0	NC_000002.12:219421469:T:C	CCSBVarC007866	ENSP00000363071.3:p.Leu385Pro	DES	ENSG00000175084	empty_AD
HsVcPillar2a6	CCSBORF12573	4	CCSBORF0	3AT	1	1178A>T	0	NC_000002.12:219421493:A:T	CCSBVarC007871	ENSP00000363071.3:p.Asn393Ile	DES	ENSG00000175084	empty_AD
HsVcPillar2a6	CCSBORF12573	4	CCSBORF0	3AT	1	1216C>T	0	NC_000002.12:219421531:C:T	CCSBVarC006507	ENSP00000363071.3:p.Arg406Trp	DES	ENSG00000175084	empty_AD
HsVcPillar2a6	CCSBORF12573	4	CCSBORF0	3AT	1	1217G>A	0	NC_000002.12:219421532:G:A	CCSBVarC007875	ENSP00000363071.3:p.Arg406Gln	DES	ENSG00000175084	empty_AD
HsVcPillar2a6	CCSBORF12573	4	CCSBORF0	3AT	1	1358C>T	0	NC_000002.12:219425731:C:T	CCSBVarC007888	ENSP00000363071.3:p.Thr453Ile	DES	ENSG00000175084	empty_AD
HsVcPillar2a6	CCSBORF12573	4	CCSBORF0	3AT	1	137C>A	0	NC_000002.12:219418598:C:A	CCSBVarC006502	ENSP00000363071.3:p.Ser46Tyr	DES	ENSG00000175084	empty_AD
HsVcPillar2a6	CCSBORF12573	4	CCSBORF0	3AT	1	1405G>A	0	NC_000002.12:219425981:G:A	CCSBVarC006510	ENSP00000363071.3:p.Val469Met	DES	ENSG00000175084	empty_AD
HsVcPillar2a6	CCSBORF12573	4	CCSBORF0	3AT	1	184G>A	0	NC_000002.12:219418645:G:A	CCSBVarC007796	ENSP00000363071.3:p.Gly62Arg	DES	ENSG00000175084	empty_AD
HsVcPillar2a6	CCSBORF12573	4	CCSBORF0	3AT	1	25C>G	0	NC_000002.12:219418486:C:G	CCSBVarC007781	ENSP00000363071.3:p.Gln9Glu	DES	ENSG00000175084	empty_AD
HsVcPillar2a6	CCSBORF12573	4	CCSBORF0	3AT	1	295C>G	1	NC_000002.12:219418756:C:G	CCSBVarC007803	ENSP00000363071.3:p.Gln99Glu	DES	ENSG00000175084	empty_AD
HsVcPillar2a6	CCSBORF12573	4	CCSBORF0	3AT	1	299A>C	0	NC_000002.12:219418760:A:C	CCSBVarC007804	ENSP00000363071.3:p.Glu100Ala	DES	ENSG00000175084	empty_AD
HsVcPillar2a6	CCSBORF12573	4	CCSBORF0	3AT	1	358G>C	0	NC_000002.12:219418819:G:C	CCSBVarC007807	ENSP00000363071.3:p.Ala120Pro	DES	ENSG00000175084	empty_AD
HsVcPillar2a6	CCSBORF12573	4	CCSBORF0	3AT	1	364T>G	0	NC_000002.12:219418825:T:G	CCSBVarC007808	ENSP00000363071.3:p.Tyr122Asp	DES	ENSG00000175084	empty_AD
HsVcPillar2a6	CCSBORF12573	4	CCSBORF0	3AT	1	380G>C	0	NC_000002.12:219418841:G:C	CCSBVarC007810	ENSP00000363071.3:p.Arg127Pro	DES	ENSG00000175084	empty_AD
HsVcPillar2a6	CCSBORF12573	4	CCSBORF0	3AT	1	415G>A	0	NC_000002.12:219418876:G:A	CCSBVarC007815	ENSP00000363071.3:p.Glu139Lys	DES	ENSG00000175084	empty_AD
HsVcPillar2a6	CCSBORF12573	4	CCSBORF0	3AT	1	524G>A	0	NC_000002.12:219418985:G:A	CCSBVarC007818	ENSP00000363071.3:p.Arg175His	DES	ENSG00000175084	empty_AD
HsVcPillar2a6	CCSBORF12573	4	CCSBORF0	3AT	1	643G>A	0	NC_000002.12:219420253:G:A	CCSBVarC007826	ENSP00000363071.3:p.Val215Met	DES	ENSG00000175084	empty_AD
HsVcPillar2a6	CCSBORF12573	4	CCSBORF0	3AT	1	700G>A	0	NC_000002.12:219420310:G:A	CCSBVarC007831	ENSP00000363071.3:p.Glu234Lys	DES	ENSG00000175084	empty_AD
HsVcPillar2a6	CCSBORF12573	4	CCSBORF0	3AT	1	725T>A	0	NC_000002.12:219420335:T:A	CCSBVarC007833	ENSP00000363071.3:p.Val242Glu	DES	ENSG00000175084	empty_AD
HsVcPillar2a6	CCSBORF12573	4	CCSBORF0	3AT	1	735G>C	0	NC_000002.12:219420345:G:C	CCSBVarC007835	ENSP00000363071.3:p.Glu245Asp	DES	ENSG00000175084	empty_AD
HsVcPillar2a6	CCSBORF12573	4	CCSBORF0	3AT	1	743G>A	0	NC_000002.12:219420501:G:A	CCSBVarC007836	ENSP00000363071.3:p.Arg248His	DES	ENSG00000175084	empty_AD
HsVcPillar2a6	CCSBORF12573	4	CCSBORF0	3AT	1	77T>A	0	NC_000002.12:219418538:T:A	CCSBVarC007786	ENSP00000363071.3:p.Leu26His	DES	ENSG00000175084	empty_AD
HsVcPillar2a6	CCSBORF12573	4	CCSBORF0	3AT	1	821T>C	0	NC_000002.12:219420579:T:C	CCSBVarC006504	ENSP00000363071.3:p.Leu274Pro	DES	ENSG00000175084	empty_AD
HsVcPillar2a6	CCSBORF12573	4	CCSBORF0	3AT	1	833G>C	0	NC_000002.12:219420591:G:C	CCSBVarC007839	ENSP00000363071.3:p.Arg278Pro	DES	ENSG00000175084	empty_AD
HsVcPillar2a6	CCSBORF300	1	CCSBORF0	3AT	1	REF	6	NULL	NULL	NULL	GALT	ENSG00000213930	empty_AD
HsVcPillar2a6	CCSBORF300	1	CCSBORF0	3AT	1	1049C>A	0	NC_000009.12:34649553:C:A	CCSBVarC017363	ENSP00000368119.4:p.Thr350Asn	GALT	ENSG00000213930	empty_AD
HsVcPillar2a6	CCSBORF300	1	CCSBORF0	3AT	1	1135G>A	0	NC_000009.12:34650443:G:A	CCSBVarC017364	ENSP00000368119.4:p.Ala379Thr	GALT	ENSG00000213930	empty_AD
HsVcPillar2a6	CCSBORF300	1	CCSBORF0	3AT	1	142C>A	0	NC_000009.12:34647147:C:A	CCSBVarC017965	ENSP00000368119.4:p.Arg48Ser	GALT	ENSG00000213930	empty_AD
HsVcPillar2a6	CCSBORF300	1	CCSBORF0	3AT	1	211C>T	0	NC_000009.12:34647216:C:T	CCSBVarC017967	ENSP00000368119.4:p.Leu71Phe	GALT	ENSG00000213930	empty_AD
HsVcPillar2a6	CCSBORF300	1	CCSBORF0	3AT	1	241G>C	0	NC_000009.12:34647246:G:C	CCSBVarC017970	ENSP00000368119.4:p.Ala81Pro	GALT	ENSG00000213930	empty_AD
HsVcPillar2a6	CCSBORF300	1	CCSBORF0	3AT	1	382G>A	0	NC_000009.12:34647835:G:A	CCSBVarC017977	ENSP00000368119.4:p.Val128Ile	GALT	ENSG00000213930	empty_AD
HsVcPillar2a6	CCSBORF300	1	CCSBORF0	3AT	1	533T>G	1	NC_000009.12:34648139:T:G	CCSBVarC018002	ENSP00000368119.4:p.Met178Arg	GALT	ENSG00000213930	empty_AD
HsVcPillar2a6	CCSBORF300	1	CCSBORF0	3AT	1	617A>G	0	NC_000009.12:34648385:A:G	CCSBVarC018039	ENSP00000368119.4:p.Gln206Arg	GALT	ENSG00000213930	empty_AD
HsVcPillar2a6	CCSBORF300	1	CCSBORF0	3AT	1	86A>G	0	NC_000009.12:34647091:A:G	CCSBVarC017963	ENSP00000368119.4:p.His29Arg	GALT	ENSG00000213930	empty_AD
HsVcPillar2a6	CCSBORF300	1	CCSBORF0	3AT	1	910C>G	0	NC_000009.12:34649414:C:G	CCSBVarC018097	ENSP00000368119.4:p.Pro304Ala	GALT	ENSG00000213930	empty_AD
HsVcPillar2a6	CCSBORF300	1	CCSBORF0	3AT	1	910C>T	0	NC_000009.12:34649414:C:T	CCSBVarC018099	ENSP00000368119.4:p.Pro304Ser	GALT	ENSG00000213930	empty_AD
HsVcPillar2a6	CCSBORF300	5	CCSBORF0	3AT	1	REF	2	NULL	NULL	NULL	GALT	ENSG00000213930	empty_AD
HsVcPillar2a6	CCSBORF300	5	CCSBORF0	3AT	1	1018G>A	0	NC_000009.12:34649522:G:A	CCSBVarC007287	ENSP00000368119.4:p.Glu340Lys	GALT	ENSG00000213930	empty_AD
HsVcPillar2a6	CCSBORF300	5	CCSBORF0	3AT	1	152G>A	0	NC_000009.12:34647157:G:A	CCSBVarC004977	ENSP00000368119.4:p.Arg51Gln	GALT	ENSG00000213930	empty_AD
HsVcPillar2a6	CCSBORF300	5	CCSBORF0	3AT	1	152G>T	0	NC_000009.12:34647157:G:T	CCSBVarC007151	ENSP00000368119.4:p.Arg51Leu	GALT	ENSG00000213930	empty_AD
HsVcPillar2a6	CCSBORF300	5	CCSBORF0	3AT	1	163G>T	0	NC_000009.12:34647168:G:T	CCSBVarC007153	ENSP00000368119.4:p.Gly55Cys	GALT	ENSG00000213930	empty_AD
HsVcPillar2a6	CCSBORF300	5	CCSBORF0	3AT	1	184C>A	0	NC_000009.12:34647189:C:A	CCSBVarC007154	ENSP00000368119.4:p.Leu62Met	GALT	ENSG00000213930	empty_AD
HsVcPillar2a6	CCSBORF300	5	CCSBORF0	3AT	1	197C>A	0	NC_000009.12:34647202:C:A	CCSBVarC007155	ENSP00000368119.4:p.Pro66His	GALT	ENSG00000213930	empty_AD
HsVcPillar2a6	CCSBORF300	5	CCSBORF0	3AT	1	197C>T	0	NC_000009.12:34647202:C:T	CCSBVarC007156	ENSP00000368119.4:p.Pro66Leu	GALT	ENSG00000213930	empty_AD
HsVcPillar2a6	CCSBORF300	5	CCSBORF0	3AT	1	368G>A	0	NC_000009.12:34647695:G:A	CCSBVarC007172	ENSP00000368119.4:p.Arg123Gln	GALT	ENSG00000213930	empty_AD
HsVcPillar2a6	CCSBORF300	5	CCSBORF0	3AT	1	379A>G	0	NC_000009.12:34647832:A:G	CCSBVarC007174	ENSP00000368119.4:p.Lys127Glu	GALT	ENSG00000213930	empty_AD
HsVcPillar2a6	CCSBORF300	5	CCSBORF0	3AT	1	389G>A	0	NC_000009.12:34647842:G:A	CCSBVarC007178	ENSP00000368119.4:p.Cys130Tyr	GALT	ENSG00000213930	empty_AD
HsVcPillar2a6	CCSBORF300	5	CCSBORF0	3AT	1	394C>T	0	NC_000009.12:34647847:C:T	CCSBVarC007180	ENSP00000368119.4:p.His132Tyr	GALT	ENSG00000213930	empty_AD
HsVcPillar2a6	CCSBORF300	5	CCSBORF0	3AT	1	416T>C	0	NC_000009.12:34647869:T:C	CCSBVarC007185	ENSP00000368119.4:p.Leu139Pro	GALT	ENSG00000213930	empty_AD
HsVcPillar2a6	CCSBORF300	5	CCSBORF0	3AT	1	502G>T	0	NC_000009.12:34647955:G:T	CCSBVarC004983	ENSP00000368119.4:p.Val168Leu	GALT	ENSG00000213930	empty_AD
HsVcPillar2a6	CCSBORF300	5	CCSBORF0	3AT	1	568T>C	0	NC_000009.12:34648336:T:C	CCSBVarC007216	ENSP00000368119.4:p.Trp190Arg	GALT	ENSG00000213930	empty_AD
HsVcPillar2a6	CCSBORF300	5	CCSBORF0	3AT	1	572C>T	0	NC_000009.12:34648340:C:T	CCSBVarC007217	ENSP00000368119.4:p.Ala191Val	GALT	ENSG00000213930	empty_AD
HsVcPillar2a6	CCSBORF300	5	CCSBORF0	3AT	1	602G>A	0	NC_000009.12:34648370:G:A	CCSBVarC007223	ENSP00000368119.4:p.Arg201His	GALT	ENSG00000213930	empty_AD
HsVcPillar2a6	CCSBORF300	5	CCSBORF0	3AT	1	626A>G	0	NC_000009.12:34648394:A:G	CCSBVarC004992	ENSP00000368119.4:p.Tyr209Cys	GALT	ENSG00000213930	empty_AD
HsVcPillar2a6	CCSBORF300	5	CCSBORF0	3AT	1	667C>A	0	NC_000009.12:34648435:C:A	CCSBVarC004994	ENSP00000368119.4:p.Arg223Ser	GALT	ENSG00000213930	empty_AD
HsVcPillar2a6	CCSBORF300	5	CCSBORF0	3AT	1	677T>C	0	NC_000009.12:34648445:T:C	CCSBVarC007232	ENSP00000368119.4:p.Leu226Pro	GALT	ENSG00000213930	empty_AD
HsVcPillar2a6	CCSBORF300	5	CCSBORF0	3AT	1	756G>T	0	NC_000009.12:34648829:G:T	CCSBVarC007243	ENSP00000368119.4:p.Gln252His	GALT	ENSG00000213930	empty_AD
HsVcPillar2a6	CCSBORF300	5	CCSBORF0	3AT	1	776G>A	0	NC_000009.12:34648849:G:A	CCSBVarC007246	ENSP00000368119.4:p.Arg259Gln	GALT	ENSG00000213930	empty_AD
HsVcPillar2a6	CCSBORF300	5	CCSBORF0	3AT	1	815G>A	0	NC_000009.12:34648888:G:A	CCSBVarC000036	ENSP00000368119.4:p.Arg272His	GALT	ENSG00000213930	empty_AD
HsVcPillar2a6	CCSBORF300	5	CCSBORF0	3AT	1	833T>A	0	NC_000009.12:34649009:T:A	CCSBVarC007253	ENSP00000368119.4:p.Ile278Asn	GALT	ENSG00000213930	empty_AD
HsVcPillar2a6	CCSBORF300	5	CCSBORF0	3AT	1	855G>T	0	NC_000009.12:34649031:G:T	CCSBVarC007257	ENSP00000368119.4:p.Lys285Asn	GALT	ENSG00000213930	empty_AD
HsVcPillar2a6	CCSBORF300	5	CCSBORF0	3AT	1	865C>T	0	NC_000009.12:34649041:C:T	CCSBVarC007260	ENSP00000368119.4:p.Leu289Phe	GALT	ENSG00000213930	empty_AD
HsVcPillar2a6	CCSBORF300	5	CCSBORF0	3AT	1	866T>G	0	NC_000009.12:34649042:T:G	CCSBVarC007261	ENSP00000368119.4:p.Leu289Arg	GALT	ENSG00000213930	empty_AD
HsVcPillar2a6	CCSBORF300	5	CCSBORF0	3AT	1	881T>A	0	NC_000009.12:34649057:T:A	CCSBVarC004997	ENSP00000368119.4:p.Phe294Tyr	GALT	ENSG00000213930	empty_AD
HsVcPillar2a6	CCSBORF300	5	CCSBORF0	3AT	1	91C>A	0	NC_000009.12:34647096:C:A	CCSBVarC007142	ENSP00000368119.4:p.His31Asn	GALT	ENSG00000213930	empty_AD
HsVcPillar2a6	CCSBORF300	5	CCSBORF0	3AT	1	922G>A	0	NC_000009.12:34649426:G:A	CCSBVarC007267	ENSP00000368119.4:p.Glu308Lys	GALT	ENSG00000213930	empty_AD
HsVcPillar2a6	CCSBORF300	5	CCSBORF0	3AT	1	959C>T	0	NC_000009.12:34649463:C:T	CCSBVarC007271	ENSP00000368119.4:p.Ala320Val	GALT	ENSG00000213930	empty_AD
HsVcPillar2a6	CCSBORF300	5	CCSBORF0	3AT	1	970C>T	0	NC_000009.12:34649474:C:T	CCSBVarC005000	ENSP00000368119.4:p.Pro324Ser	GALT	ENSG00000213930	empty_AD
HsVcPillar2a6	CCSBORF300	5	CCSBORF0	3AT	1	980T>C	0	NC_000009.12:34649484:T:C	CCSBVarC007276	ENSP00000368119.4:p.Leu327Pro	GALT	ENSG00000213930	empty_AD
HsVcPillar2a6	CCSBORF300	5	CCSBORF0	3AT	1	997C>G	0	NC_000009.12:34649501:C:G	CCSBVarC007281	ENSP00000368119.4:p.Arg333Gly	GALT	ENSG00000213930	empty_AD
HsVcPillar2a6	CCSBORF3689	2	CCSBORF0	3AT	1	REF	0	NULL	NULL	NULL	GCK	ENSG00000106633	empty_AD
HsVcPillar2a6	CCSBORF3689	2	CCSBORF0	3AT	1	1130G>A	0	NC_000007.14:44145619:C:T	CCSBVarC006696	ENSP00000384247.3:p.Arg377His	GCK	ENSG00000106633	empty_AD
HsVcPillar2a6	CCSBORF3689	2	CCSBORF0	3AT	1	1133C>T	0	NC_000007.14:44145616:G:A	CCSBVarC006695	ENSP00000384247.3:p.Ala378Val	GCK	ENSG00000106633	empty_AD
HsVcPillar2a6	CCSBORF3689	2	CCSBORF0	3AT	1	1142T>G	0	NC_000007.14:44145607:A:C	CCSBVarC006698	ENSP00000384247.3:p.Met381Arg	GCK	ENSG00000106633	empty_AD
HsVcPillar2a6	CCSBORF3689	2	CCSBORF0	3AT	1	1153G>A	0	NC_000007.14:44145596:C:T	CCSBVarC006697	ENSP00000384247.3:p.Gly385Arg	GCK	ENSG00000106633	empty_AD
HsVcPillar2a6	CCSBORF3689	2	CCSBORF0	3AT	1	1160C>A	0	NC_000007.14:44145589:G:T	CCSBVarC006699	ENSP00000384247.3:p.Ala387Glu	GCK	ENSG00000106633	empty_AD
HsVcPillar2a6	CCSBORF3689	2	CCSBORF0	3AT	1	131G>A	0	NC_000007.14:44153377:C:T	CCSBVarC006686	ENSP00000384247.3:p.Gly44Asp	GCK	ENSG00000106633	empty_AD
HsVcPillar2a6	CCSBORF3689	2	CCSBORF0	3AT	1	1367C>T	0	NC_000007.14:44145166:G:A	CCSBVarC006700	ENSP00000384247.3:p.Ala456Val	GCK	ENSG00000106633	empty_AD
HsVcPillar2a6	CCSBORF3689	2	CCSBORF0	3AT	1	1386G>T	0	NC_000007.14:44145147:C:A	CCSBVarC021296	ENSP00000384247.3:p.Met462Ile	GCK	ENSG00000106633	empty_AD
HsVcPillar2a6	CCSBORF3689	2	CCSBORF0	3AT	1	523G>C	0	NC_000007.14:44150024:C:G	CCSBVarC006688	ENSP00000384247.3:p.Gly175Arg	GCK	ENSG00000106633	empty_AD
HsVcPillar2a6	CCSBORF3689	2	CCSBORF0	3AT	1	532G>C	0	NC_000007.14:44150015:C:G	CCSBVarC006687	ENSP00000384247.3:p.Gly178Arg	GCK	ENSG00000106633	empty_AD
HsVcPillar2a6	CCSBORF3689	2	CCSBORF0	3AT	1	57C>G	0	NC_000007.14:44153451:G:C	CCSBVarC021109	ENSP00000384247.3:p.Ile19Met	GCK	ENSG00000106633	empty_AD
HsVcPillar2a6	CCSBORF3689	2	CCSBORF0	3AT	1	661G>A	0	NC_000007.14:44149777:C:T	CCSBVarC006689	ENSP00000384247.3:p.Glu221Lys	GCK	ENSG00000106633	empty_AD
HsVcPillar2a6	CCSBORF3689	2	CCSBORF0	3AT	1	706G>A	0	NC_000007.14:44147806:C:T	CCSBVarC006690	ENSP00000384247.3:p.Glu236Lys	GCK	ENSG00000106633	empty_AD
HsVcPillar2a6	CCSBORF3689	2	CCSBORF0	3AT	1	752T>C	0	NC_000007.14:44147760:A:G	CCSBVarC006691	ENSP00000384247.3:p.Met251Thr	GCK	ENSG00000106633	empty_AD
HsVcPillar2a6	CCSBORF3689	2	CCSBORF0	3AT	1	758T>C	0	NC_000007.14:44147754:A:G	CCSBVarC006692	ENSP00000384247.3:p.Val253Ala	GCK	ENSG00000106633	empty_AD
HsVcPillar2a6	CCSBORF3689	2	CCSBORF0	3AT	1	775G>T	0	NC_000007.14:44147737:C:A	CCSBVarC021172	ENSP00000384247.3:p.Ala259Ser	GCK	ENSG00000106633	empty_AD
HsVcPillar2a6	CCSBORF3689	2	CCSBORF0	3AT	1	895G>C	0	NC_000007.14:44146586:C:G	CCSBVarC006694	ENSP00000384247.3:p.Gly299Arg	GCK	ENSG00000106633	empty_AD
HsVcPillar2a6	CCSBORF3689	2	CCSBORF0	3AT	1	907C>T	0	NC_000007.14:44146574:G:A	CCSBVarC006693	ENSP00000384247.3:p.Arg303Trp	GCK	ENSG00000106633	empty_AD
HsVcPillar2a6	CCSBORF5808	4	CCSBORF0	3AT	1	REF	1	NULL	NULL	NULL	HBB	ENSG00000244734	empty_AD
HsVcPillar2a6	CCSBORF5808	4	CCSBORF0	3AT	1	194G>C	0	NC_000011.10:5226697:C:G	CCSBVarC006222	ENSP00000333994.3:p.Gly65Ala	HBB	ENSG00000244734	empty_AD
HsVcPillar2a6	CCSBORF5808	4	CCSBORF0	3AT	1	238G>C	0	NC_000011.10:5226653:C:G	CCSBVarC006225	ENSP00000333994.3:p.Asp80His	HBB	ENSG00000244734	empty_AD
HsVcPillar2a6	CCSBORF5808	4	CCSBORF0	3AT	1	26A>C	0	NC_000011.10:5226995:T:G	CCSBVarC006215	ENSP00000333994.3:p.Lys9Thr	HBB	ENSG00000244734	empty_AD
HsVcPillar2a6	CCSBORF5808	4	CCSBORF0	3AT	1	302C>G	0	NC_000011.10:5226589:G:C	CCSBVarC006230	ENSP00000333994.3:p.Pro101Arg	HBB	ENSG00000244734	empty_AD
HsVcPillar2a6	CCSBORF5808	4	CCSBORF0	3AT	1	312C>G	0	NC_000011.10:5226579:G:C	CCSBVarC000906	ENSP00000333994.3:p.Phe104Leu	HBB	ENSG00000244734	empty_AD
HsVcPillar2a6	CCSBORF5808	4	CCSBORF0	3AT	1	374C>A	0	NC_000011.10:5225667:G:T	CCSBVarC006235	ENSP00000333994.3:p.Pro125Gln	HBB	ENSG00000244734	empty_AD
HsVcPillar2a6	CCSBORF5808	4	CCSBORF0	3AT	1	410G>A	1	NC_000011.10:5225631:C:T	CCSBVarC006240	ENSP00000333994.3:p.Gly137Asp	HBB	ENSG00000244734	empty_AD
HsVcPillar2a6	CCSBORF5808	4	CCSBORF0	3AT	1	44T>G	0	NC_000011.10:5226977:A:C	CCSBVarC006216	ENSP00000333994.3:p.Leu15Arg	HBB	ENSG00000244734	empty_AD
HsVcPillar2a6	CCSBORF5808	4	CCSBORF0	3AT	1	59A>G	0	NC_000011.10:5226962:T:C	CCSBVarC006217	ENSP00000333994.3:p.Asn20Ser	HBB	ENSG00000244734	empty_AD
HsVcPillar2a6	CCSBORF5808	4	CCSBORF0	3AT	1	71T>A	0	NC_000011.10:5226950:A:T	CCSBVarC006219	ENSP00000333994.3:p.Val24Asp	HBB	ENSG00000244734	empty_AD
HsVcPillar2a6	CCSBORF4765	2	CCSBORF0	3AT	1	REF	0	NULL	NULL	NULL	ITGB2	ENSG00000160255	empty_AD
HsVcPillar2a6	CCSBORF4765	2	CCSBORF0	3AT	1	1052A>G	0	NC_000021.9:44895001:T:C	CCSBVarC007537	ENSP00000498780.1:p.Asn351Ser	ITGB2	ENSG00000160255	empty_AD
HsVcPillar2a6	CCSBORF4765	2	CCSBORF0	3AT	1	106T>A	0	NC_000021.9:44910324:A:T	CCSBVarC008417	ENSP00000498780.1:p.Cys36Ser	ITGB2	ENSG00000160255	empty_AD
HsVcPillar2a6	CCSBORF4765	2	CCSBORF0	3AT	1	124G>T	0	NC_000021.9:44910306:C:A	CCSBVarC007549	ENSP00000498780.1:p.Gly42Cys	ITGB2	ENSG00000160255	empty_AD
HsVcPillar2a6	CCSBORF4765	2	CCSBORF0	3AT	1	1777C>T	0	NC_000021.9:44889375:G:A	CCSBVarC003146	ENSP00000498780.1:p.Arg593Cys	ITGB2	ENSG00000160255	empty_AD
HsVcPillar2a6	CCSBORF4765	2	CCSBORF0	3AT	1	1834T>C	0	NC_000021.9:44889318:A:G	CCSBVarC008409	ENSP00000498780.1:p.Cys612Arg	ITGB2	ENSG00000160255	empty_AD
HsVcPillar2a6	CCSBORF4765	2	CCSBORF0	3AT	1	2146G>C	0	NC_000021.9:44886836:C:G	CCSBVarC009516	ENSP00000498780.1:p.Gly716Arg	ITGB2	ENSG00000160255	empty_AD
HsVcPillar2a6	CCSBORF4765	2	CCSBORF0	3AT	1	2189G>A	0	NC_000021.9:44886793:C:T	CCSBVarC009510	ENSP00000498780.1:p.Ser730Asn	ITGB2	ENSG00000160255	empty_AD
HsVcPillar2a6	CCSBORF4765	2	CCSBORF0	3AT	1	382G>A	0	NC_000021.9:44903481:C:T	CCSBVarC008428	ENSP00000498780.1:p.Asp128Asn	ITGB2	ENSG00000160255	empty_AD
HsVcPillar2a6	CCSBORF4765	2	CCSBORF0	3AT	1	382G>T	0	NC_000021.9:44903481:C:A	CCSBVarC003144	ENSP00000498780.1:p.Asp128Tyr	ITGB2	ENSG00000160255	empty_AD
HsVcPillar2a6	CCSBORF4765	2	CCSBORF0	3AT	1	449G>A	0	NC_000021.9:44903414:C:T	CCSBVarC008419	ENSP00000498780.1:p.Gly150Asp	ITGB2	ENSG00000160255	empty_AD
HsVcPillar2a6	CCSBORF4765	2	CCSBORF0	3AT	1	505G>A	0	NC_000021.9:44901727:C:T	CCSBVarC007546	ENSP00000498780.1:p.Gly169Arg	ITGB2	ENSG00000160255	empty_AD
HsVcPillar2a6	CCSBORF4765	2	CCSBORF0	3AT	1	587A>C	0	NC_000021.9:44901645:T:G	CCSBVarC007544	ENSP00000498780.1:p.Lys196Thr	ITGB2	ENSG00000160255	empty_AD
HsVcPillar2a6	CCSBORF4765	2	CCSBORF0	3AT	1	691G>C	0	NC_000021.9:44901541:C:G	CCSBVarC008405	ENSP00000498780.1:p.Asp231His	ITGB2	ENSG00000160255	empty_AD
HsVcPillar2a6	CCSBORF4765	2	CCSBORF0	3AT	1	712G>A	0	NC_000021.9:44901520:C:T	CCSBVarC008421	ENSP00000498780.1:p.Asp238Asn	ITGB2	ENSG00000160255	empty_AD
HsVcPillar2a6	CCSBORF4765	2	CCSBORF0	3AT	1	715G>A	0	NC_000021.9:44901517:C:T	CCSBVarC007541	ENSP00000498780.1:p.Ala239Thr	ITGB2	ENSG00000160255	empty_AD
HsVcPillar2a6	CCSBORF4765	2	CCSBORF0	3AT	1	754T>C	0	NC_000021.9:44900462:A:G	CCSBVarC008394	ENSP00000498780.1:p.Trp252Arg	ITGB2	ENSG00000160255	empty_AD
HsVcPillar2a6	CCSBORF4765	2	CCSBORF0	3AT	1	817G>A	0	NC_000021.9:44900399:C:T	CCSBVarC000702	ENSP00000498780.1:p.Gly273Arg	ITGB2	ENSG00000160255	empty_AD
HsVcPillar2a6	CCSBORF4765	2	CCSBORF0	3AT	1	905C>T	0	NC_000021.9:44899154:G:A	CCSBVarC008423	ENSP00000498780.1:p.Pro302Leu	ITGB2	ENSG00000160255	empty_AD
HsVcPillar2a6	CCSBORF100016069	2	CCSBORF0	3AT	1	REF	0	NULL	NULL	NULL	KCNJ2	ENSG00000123700	empty_AD
HsVcPillar2a6	CCSBORF100016069	2	CCSBORF0	3AT	1	1045G>A	0	NC_000017.11:70176083:G:A	CCSBVarC008354	ENSP00000243457.2:p.Glu349Lys	KCNJ2	ENSG00000123700	empty_AD
HsVcPillar2a6	CCSBORF100016069	2	CCSBORF0	3AT	1	1091A>G	0	NC_000017.11:70176129:A:G	CCSBVarC008355	ENSP00000243457.2:p.Lys364Arg	KCNJ2	ENSG00000123700	empty_AD
HsVcPillar2a6	CCSBORF100016069	2	CCSBORF0	3AT	1	1199C>T	0	NC_000017.11:70176237:C:T	CCSBVarC008356	ENSP00000243457.2:p.Thr400Met	KCNJ2	ENSG00000123700	empty_AD
HsVcPillar2a6	CCSBORF100016069	2	CCSBORF0	3AT	1	119G>C	0	NC_000017.11:70175157:G:C	CCSBVarC008309	ENSP00000243457.2:p.Arg40Pro	KCNJ2	ENSG00000123700	empty_AD
HsVcPillar2a6	CCSBORF100016069	2	CCSBORF0	3AT	1	1259C>T	0	NC_000017.11:70176297:C:T	CCSBVarC008359	ENSP00000243457.2:p.Pro420Leu	KCNJ2	ENSG00000123700	empty_AD
HsVcPillar2a6	CCSBORF100016069	2	CCSBORF0	3AT	1	199C>T	0	NC_000017.11:70175237:C:T	CCSBVarC008311	ENSP00000243457.2:p.Arg67Trp	KCNJ2	ENSG00000123700	empty_AD
HsVcPillar2a6	CCSBORF100016069	2	CCSBORF0	3AT	1	211G>A	0	NC_000017.11:70175249:G:A	CCSBVarC008315	ENSP00000243457.2:p.Asp71Asn	KCNJ2	ENSG00000123700	empty_AD
HsVcPillar2a6	CCSBORF100016069	2	CCSBORF0	3AT	1	212A>T	0	NC_000017.11:70175250:A:T	CCSBVarC008317	ENSP00000243457.2:p.Asp71Val	KCNJ2	ENSG00000123700	empty_AD
HsVcPillar2a6	CCSBORF100016069	2	CCSBORF0	3AT	1	224C>G	0	NC_000017.11:70175262:C:G	CCSBVarC008318	ENSP00000243457.2:p.Thr75Arg	KCNJ2	ENSG00000123700	empty_AD
HsVcPillar2a6	CCSBORF100016069	2	CCSBORF0	3AT	1	224C>T	0	NC_000017.11:70175262:C:T	CCSBVarC008319	ENSP00000243457.2:p.Thr75Met	KCNJ2	ENSG00000123700	empty_AD
HsVcPillar2a6	CCSBORF100016069	2	CCSBORF0	3AT	1	236T>C	0	NC_000017.11:70175274:T:C	CCSBVarC008322	ENSP00000243457.2:p.Ile79Thr	KCNJ2	ENSG00000123700	empty_AD
HsVcPillar2a6	CCSBORF100016069	2	CCSBORF0	3AT	1	245G>A	0	NC_000017.11:70175283:G:A	CCSBVarC008323	ENSP00000243457.2:p.Arg82Gln	KCNJ2	ENSG00000123700	empty_AD
HsVcPillar2a6	CCSBORF100016069	2	CCSBORF0	3AT	1	328C>T	0	NC_000017.11:70175366:C:T	CCSBVarC008326	ENSP00000243457.2:p.His110Tyr	KCNJ2	ENSG00000123700	empty_AD
HsVcPillar2a6	CCSBORF100016069	2	CCSBORF0	3AT	1	344C>T	0	NC_000017.11:70175382:C:T	CCSBVarC008327	ENSP00000243457.2:p.Ala115Val	KCNJ2	ENSG00000123700	empty_AD
HsVcPillar2a6	CCSBORF100016069	2	CCSBORF0	3AT	1	416C>T	0	NC_000017.11:70175454:C:T	CCSBVarC008328	ENSP00000243457.2:p.Thr139Ile	KCNJ2	ENSG00000123700	empty_AD
HsVcPillar2a6	CCSBORF100016069	2	CCSBORF0	3AT	1	425C>T	0	NC_000017.11:70175463:C:T	CCSBVarC035507	ENSP00000243457.2:p.Thr142Ile	KCNJ2	ENSG00000123700	empty_AD
HsVcPillar2a6	CCSBORF100016069	2	CCSBORF0	3AT	1	514G>A	0	NC_000017.11:70175552:G:A	CCSBVarC008329	ENSP00000243457.2:p.Asp172Asn	KCNJ2	ENSG00000123700	empty_AD
HsVcPillar2a6	CCSBORF100016069	2	CCSBORF0	3AT	1	565A>G	0	NC_000017.11:70175603:A:G	CCSBVarC008331	ENSP00000243457.2:p.Arg189Gly	KCNJ2	ENSG00000123700	empty_AD
HsVcPillar2a6	CCSBORF100016069	2	CCSBORF0	3AT	1	644G>A	0	NC_000017.11:70175682:G:A	CCSBVarC008335	ENSP00000243457.2:p.Gly215Asp	KCNJ2	ENSG00000123700	empty_AD
HsVcPillar2a6	CCSBORF100016069	2	CCSBORF0	3AT	1	821A>T	0	NC_000017.11:70175859:A:T	CCSBVarC008340	ENSP00000243457.2:p.Asp274Val	KCNJ2	ENSG00000123700	empty_AD
HsVcPillar2a6	CCSBORF100016069	2	CCSBORF0	3AT	1	884T>C	0	NC_000017.11:70175922:T:C	CCSBVarC008341	ENSP00000243457.2:p.Val295Ala	KCNJ2	ENSG00000123700	empty_AD
HsVcPillar2a6	CCSBORF100016069	2	CCSBORF0	3AT	1	896A>T	0	NC_000017.11:70175934:A:T	CCSBVarC008342	ENSP00000243457.2:p.Glu299Val	KCNJ2	ENSG00000123700	empty_AD
HsVcPillar2a6	CCSBORF100016069	2	CCSBORF0	3AT	1	899G>A	0	NC_000017.11:70175937:G:A	CCSBVarC008343	ENSP00000243457.2:p.Gly300Asp	KCNJ2	ENSG00000123700	empty_AD
HsVcPillar2a6	CCSBORF100016069	2	CCSBORF0	3AT	1	899G>T	0	NC_000017.11:70175937:G:T	CCSBVarC008344	ENSP00000243457.2:p.Gly300Val	KCNJ2	ENSG00000123700	empty_AD
HsVcPillar2a6	CCSBORF100016069	2	CCSBORF0	3AT	1	901A>C	0	NC_000017.11:70175939:A:C	CCSBVarC008345	ENSP00000243457.2:p.Met301Leu	KCNJ2	ENSG00000123700	empty_AD
HsVcPillar2a6	CCSBORF100016069	2	CCSBORF0	3AT	1	904G>A	0	NC_000017.11:70175942:G:A	CCSBVarC008348	ENSP00000243457.2:p.Val302Met	KCNJ2	ENSG00000123700	empty_AD
HsVcPillar2a6	CCSBORF100016069	2	CCSBORF0	3AT	1	935G>A	0	NC_000017.11:70175973:G:A	CCSBVarC008349	ENSP00000243457.2:p.Arg312His	KCNJ2	ENSG00000123700	empty_AD
HsVcPillar2a6	CCSBORF100016069	2	CCSBORF0	3AT	1	966G>C	0	NC_000017.11:70176004:G:C	CCSBVarC008351	ENSP00000243457.2:p.Trp322Cys	KCNJ2	ENSG00000123700	empty_AD
HsVcPillar2a6	CCSBORF359	2	CCSBORF4616	3AT	1	REF	10011	NULL	NULL	NULL	CBS	ENSG00000160200	UBE2I
HsVcPillar2a6	CCSBORF359	2	CCSBORF4616	3AT	1	1006C>T	833	NC_000021.9:43062343:G:A	CCSBVarC007317	ENSP00000381231.4:p.Arg336Cys	CBS	ENSG00000160200	UBE2I
HsVcPillar2a6	CCSBORF359	2	CCSBORF4616	3AT	1	1039G>A	4081	NC_000021.9:43062310:C:T	CCSBVarC007313	ENSP00000381231.4:p.Gly347Ser	CBS	ENSG00000160200	UBE2I
HsVcPillar2a6	CCSBORF359	2	CCSBORF4616	3AT	1	1109G>A	108	NC_000021.9:43060476:C:T	CCSBVarC007309	ENSP00000381231.4:p.Cys370Tyr	CBS	ENSG00000160200	UBE2I
HsVcPillar2a6	CCSBORF359	2	CCSBORF4616	3AT	1	1135C>T	2223	NC_000021.9:43060450:G:A	CCSBVarC007307	ENSP00000381231.4:p.Arg379Trp	CBS	ENSG00000160200	UBE2I
HsVcPillar2a6	CCSBORF359	2	CCSBORF4616	3AT	1	1280C>T	1508	NC_000021.9:43058911:G:A	CCSBVarC007303	ENSP00000381231.4:p.Pro427Leu	CBS	ENSG00000160200	UBE2I
HsVcPillar2a6	CCSBORF359	2	CCSBORF4616	3AT	1	1367T>C	14	NC_000021.9:43058244:A:G	CCSBVarC000045	ENSP00000381231.4:p.Leu456Pro	CBS	ENSG00000160200	UBE2I
HsVcPillar2a6	CCSBORF359	2	CCSBORF4616	3AT	1	233C>G	557	NC_000021.9:43068591:G:C	CCSBVarC007359	ENSP00000381231.4:p.Pro78Arg	CBS	ENSG00000160200	UBE2I
HsVcPillar2a6	CCSBORF359	2	CCSBORF4616	3AT	1	262C>T	13	NC_000021.9:43068562:G:A	CCSBVarC008708	ENSP00000381231.4:p.Pro88Ser	CBS	ENSG00000160200	UBE2I
HsVcPillar2a6	CCSBORF359	2	CCSBORF4616	3AT	1	302T>C	21	NC_000021.9:43068522:A:G	CCSBVarC007354	ENSP00000381231.4:p.Leu101Pro	CBS	ENSG00000160200	UBE2I
HsVcPillar2a6	CCSBORF359	2	CCSBORF4616	3AT	1	304A>C	867	NC_000021.9:43068520:T:G	CCSBVarC008671	ENSP00000381231.4:p.Lys102Gln	CBS	ENSG00000160200	UBE2I
HsVcPillar2a6	CCSBORF359	2	CCSBORF4616	3AT	1	325T>C	33	NC_000021.9:43066368:A:G	CCSBVarC007352	ENSP00000381231.4:p.Cys109Arg	CBS	ENSG00000160200	UBE2I
HsVcPillar2a6	CCSBORF359	2	CCSBORF4616	3AT	1	346G>A	364	NC_000021.9:43066347:C:T	CCSBVarC007349	ENSP00000381231.4:p.Gly116Arg	CBS	ENSG00000160200	UBE2I
HsVcPillar2a6	CCSBORF359	2	CCSBORF4616	3AT	1	362G>A	163	NC_000021.9:43066331:C:T	CCSBVarC007346	ENSP00000381231.4:p.Arg121His	CBS	ENSG00000160200	UBE2I
HsVcPillar2a6	CCSBORF359	2	CCSBORF4616	3AT	1	373C>T	2	NC_000021.9:43066320:G:A	CCSBVarC008722	ENSP00000381231.4:p.Arg125Trp	CBS	ENSG00000160200	UBE2I
HsVcPillar2a6	CCSBORF359	2	CCSBORF4616	3AT	1	429C>G	39	NC_000021.9:43066264:G:C	CCSBVarC008694	ENSP00000381231.4:p.Ile143Met	CBS	ENSG00000160200	UBE2I
HsVcPillar2a6	CCSBORF359	2	CCSBORF4616	3AT	1	434C>T	26	NC_000021.9:43066259:G:A	CCSBVarC007339	ENSP00000381231.4:p.Pro145Leu	CBS	ENSG00000160200	UBE2I
HsVcPillar2a6	CCSBORF359	2	CCSBORF4616	3AT	1	461T>A	143	NC_000021.9:43065685:A:T	CCSBVarC000043	ENSP00000381231.4:p.Leu154Gln	CBS	ENSG00000160200	UBE2I
HsVcPillar2a6	CCSBORF359	2	CCSBORF4616	3AT	1	572C>T	77	NC_000021.9:43065480:G:A	CCSBVarC007333	ENSP00000381231.4:p.Thr191Met	CBS	ENSG00000160200	UBE2I
HsVcPillar2a6	CCSBORF359	2	CCSBORF4616	3AT	1	684C>A	6	NC_000021.9:43065254:G:T	CCSBVarC008700	ENSP00000381231.4:p.Asn228Lys	CBS	ENSG00000160200	UBE2I
HsVcPillar2a6	CCSBORF359	2	CCSBORF4616	3AT	1	785C>T	35	NC_000021.9:43063942:G:A	CCSBVarC007325	ENSP00000381231.4:p.Thr262Met	CBS	ENSG00000160200	UBE2I
HsVcPillar2a6	CCSBORF359	2	CCSBORF4616	3AT	1	919G>A	843	NC_000021.9:43062987:C:T	CCSBVarC007321	ENSP00000381231.4:p.Gly307Ser	CBS	ENSG00000160200	UBE2I
HsVcPillar2a6	CCSBORF359	2	CCSBORF4616	3AT	1	941T>C	35	NC_000021.9:43062965:A:G	CCSBVarC008704	ENSP00000381231.4:p.Val314Ala	CBS	ENSG00000160200	UBE2I
HsVcPillar2a6	CCSBORF12573	1	CCSBORF5539	3AT	1	REF	6953	NULL	NULL	NULL	DES	ENSG00000175084	ZMYM5
HsVcPillar2a6	CCSBORF12573	1	CCSBORF5539	3AT	1	1151A>G	956	NC_000002.12:219421466:A:G	CCSBVarC028095	ENSP00000363071.3:p.His384Arg	DES	ENSG00000175084	ZMYM5
HsVcPillar2a6	CCSBORF12573	1	CCSBORF5539	3AT	1	1202A>G	11	NC_000002.12:219421517:A:G	CCSBVarC028101	ENSP00000363071.3:p.Glu401Gly	DES	ENSG00000175084	ZMYM5
HsVcPillar2a6	CCSBORF12573	1	CCSBORF5539	3AT	1	1203G>C	1165	NC_000002.12:219421518:G:C	CCSBVarC028104	ENSP00000363071.3:p.Glu401Asp	DES	ENSG00000175084	ZMYM5
HsVcPillar2a6	CCSBORF12573	1	CCSBORF5539	3AT	1	1375G>A	5049	NC_000002.12:219425951:G:A	CCSBVarC028110	ENSP00000363071.3:p.Val459Ile	DES	ENSG00000175084	ZMYM5
HsVcPillar2a6	CCSBORF12573	1	CCSBORF5539	3AT	1	218G>A	1094	NC_000002.12:219418679:G:A	CCSBVarC028025	ENSP00000363071.3:p.Arg73Gln	DES	ENSG00000175084	ZMYM5
HsVcPillar2a6	CCSBORF12573	1	CCSBORF5539	3AT	1	229A>G	5066	NC_000002.12:219418690:A:G	CCSBVarC028052	ENSP00000363071.3:p.Thr77Ala	DES	ENSG00000175084	ZMYM5
HsVcPillar2a6	CCSBORF12573	1	CCSBORF5539	3AT	1	347A>G	2049	NC_000002.12:219418808:A:G	CCSBVarC028071	ENSP00000363071.3:p.Asn116Ser	DES	ENSG00000175084	ZMYM5
HsVcPillar2a6	CCSBORF12573	1	CCSBORF5539	3AT	1	460C>A	11107	NC_000002.12:219418921:C:A	CCSBVarC028077	ENSP00000363071.3:p.Leu154Ile	DES	ENSG00000175084	ZMYM5
HsVcPillar2a6	CCSBORF12573	1	CCSBORF5539	3AT	1	736G>A	49	NC_000002.12:219420494:G:A	CCSBVarC028080	ENSP00000363071.3:p.Glu246Lys	DES	ENSG00000175084	ZMYM5
HsVcPillar2a6	CCSBORF12573	1	CCSBORF5539	3AT	1	854C>T	4313	NC_000002.12:219420612:C:T	CCSBVarC028083	ENSP00000363071.3:p.Ala285Val	DES	ENSG00000175084	ZMYM5
HsVcPillar2a6	CCSBORF12573	5	CCSBORF5539	3AT	1	REF	6782	NULL	NULL	NULL	DES	ENSG00000175084	ZMYM5
HsVcPillar2a6	CCSBORF12573	5	CCSBORF5539	3AT	1	1013T>C	15	NC_000002.12:219420942:T:C	CCSBVarC007851	ENSP00000363071.3:p.Leu338Pro	DES	ENSG00000175084	ZMYM5
HsVcPillar2a6	CCSBORF12573	5	CCSBORF5539	3AT	1	1034T>C	620	NC_000002.12:219421349:T:C	CCSBVarC007856	ENSP00000363071.3:p.Leu345Pro	DES	ENSG00000175084	ZMYM5
HsVcPillar2a6	CCSBORF12573	5	CCSBORF5539	3AT	1	1038G>A	228	NC_000002.12:219421353:G:A	CCSBVarC007857	ENSP00000363071.3:p.Met346Ile	DES	ENSG00000175084	ZMYM5
HsVcPillar2a6	CCSBORF12573	5	CCSBORF5539	3AT	1	1064G>A	846	NC_000002.12:219421379:G:A	CCSBVarC007861	ENSP00000363071.3:p.Arg355Gln	DES	ENSG00000175084	ZMYM5
HsVcPillar2a6	CCSBORF12573	5	CCSBORF5539	3AT	1	1069G>C	39	NC_000002.12:219421384:G:C	CCSBVarC007863	ENSP00000363071.3:p.Ala357Pro	DES	ENSG00000175084	ZMYM5
HsVcPillar2a6	CCSBORF12573	5	CCSBORF5539	3AT	1	1078G>C	71	NC_000002.12:219421393:G:C	CCSBVarC007864	ENSP00000363071.3:p.Ala360Pro	DES	ENSG00000175084	ZMYM5
HsVcPillar2a6	CCSBORF12573	5	CCSBORF5539	3AT	1	1189G>A	738	NC_000002.12:219421504:G:A	CCSBVarC007873	ENSP00000363071.3:p.Ala397Thr	DES	ENSG00000175084	ZMYM5
HsVcPillar2a6	CCSBORF12573	5	CCSBORF5539	3AT	1	1237G>A	29	NC_000002.12:219421552:G:A	CCSBVarC007877	ENSP00000363071.3:p.Glu413Lys	DES	ENSG00000175084	ZMYM5
HsVcPillar2a6	CCSBORF12573	5	CCSBORF5539	3AT	1	1286G>A	21	NC_000002.12:219423817:G:A	CCSBVarC007881	ENSP00000363071.3:p.Arg429Gln	DES	ENSG00000175084	ZMYM5
HsVcPillar2a6	CCSBORF12573	5	CCSBORF5539	3AT	1	1297C>A	702	NC_000002.12:219425670:C:A	CCSBVarC007882	ENSP00000363071.3:p.Pro433Thr	DES	ENSG00000175084	ZMYM5
HsVcPillar2a6	CCSBORF12573	5	CCSBORF5539	3AT	1	1322A>T	3	NC_000002.12:219425695:A:T	CCSBVarC007884	ENSP00000363071.3:p.His441Leu	DES	ENSG00000175084	ZMYM5
HsVcPillar2a6	CCSBORF12573	5	CCSBORF5539	3AT	1	1325C>T	412	NC_000002.12:219425698:C:T	CCSBVarC007885	ENSP00000363071.3:p.Thr442Ile	DES	ENSG00000175084	ZMYM5
HsVcPillar2a6	CCSBORF12573	5	CCSBORF5539	3AT	1	1333A>G	2186	NC_000002.12:219425706:A:G	CCSBVarC006509	ENSP00000363071.3:p.Thr445Ala	DES	ENSG00000175084	ZMYM5
HsVcPillar2a6	CCSBORF12573	5	CCSBORF5539	3AT	1	1366G>A	790	NC_000002.12:219425739:G:A	CCSBVarC007891	ENSP00000363071.3:p.Gly456Arg	DES	ENSG00000175084	ZMYM5
HsVcPillar2a6	CCSBORF12573	5	CCSBORF5539	3AT	1	166G>C	1510	NC_000002.12:219418627:G:C	CCSBVarC007794	ENSP00000363071.3:p.Val56Leu	DES	ENSG00000175084	ZMYM5
HsVcPillar2a6	CCSBORF12573	5	CCSBORF5539	3AT	1	193G>A	2254	NC_000002.12:219418654:G:A	CCSBVarC007797	ENSP00000363071.3:p.Gly65Ser	DES	ENSG00000175084	ZMYM5
HsVcPillar2a6	CCSBORF12573	5	CCSBORF5539	3AT	1	212C>T	13	NC_000002.12:219418673:C:T	CCSBVarC007799	ENSP00000363071.3:p.Ala71Val	DES	ENSG00000175084	ZMYM5
HsVcPillar2a6	CCSBORF12573	5	CCSBORF5539	3AT	1	216C>A	3	NC_000002.12:219418677:C:A	CCSBVarC007800	ENSP00000363071.3:p.Ser72Arg	DES	ENSG00000175084	ZMYM5
HsVcPillar2a6	CCSBORF12573	5	CCSBORF5539	3AT	1	347A>G	1622	NC_000002.12:219418808:A:G	CCSBVarC028071	ENSP00000363071.3:p.Asn116Ser	DES	ENSG00000175084	ZMYM5
HsVcPillar2a6	CCSBORF12573	5	CCSBORF5539	3AT	1	35C>T	971	NC_000002.12:219418496:C:T	CCSBVarC007782	ENSP00000363071.3:p.Ser12Phe	DES	ENSG00000175084	ZMYM5
HsVcPillar2a6	CCSBORF12573	5	CCSBORF5539	3AT	1	391C>A	1316	NC_000002.12:219418852:C:A	CCSBVarC007811	ENSP00000363071.3:p.Gln131Lys	DES	ENSG00000175084	ZMYM5
HsVcPillar2a6	CCSBORF12573	5	CCSBORF5539	3AT	1	473A>T	2137	NC_000002.12:219418934:A:T	CCSBVarC007817	ENSP00000363071.3:p.Glu158Val	DES	ENSG00000175084	ZMYM5
HsVcPillar2a6	CCSBORF12573	5	CCSBORF5539	3AT	1	556G>T	18	NC_000002.12:219419017:G:T	CCSBVarC007820	ENSP00000363071.3:p.Asp186Tyr	DES	ENSG00000175084	ZMYM5
HsVcPillar2a6	CCSBORF12573	5	CCSBORF5539	3AT	1	635G>A	2672	NC_000002.12:219420150:G:A	CCSBVarC007824	ENSP00000363071.3:p.Arg212Gln	DES	ENSG00000175084	ZMYM5
HsVcPillar2a6	CCSBORF12573	5	CCSBORF5539	3AT	1	709G>A	602	NC_000002.12:219420319:G:A	CCSBVarC007832	ENSP00000363071.3:p.Ala237Thr	DES	ENSG00000175084	ZMYM5
HsVcPillar2a6	CCSBORF12573	5	CCSBORF5539	3AT	1	727C>T	246	NC_000002.12:219420337:C:T	CCSBVarC007834	ENSP00000363071.3:p.His243Tyr	DES	ENSG00000175084	ZMYM5
HsVcPillar2a6	CCSBORF12573	5	CCSBORF5539	3AT	1	883T>G	1951	NC_000002.12:219420641:T:G	CCSBVarC007841	ENSP00000363071.3:p.Trp295Gly	DES	ENSG00000175084	ZMYM5
HsVcPillar2a6	CCSBORF12573	5	CCSBORF5539	3AT	1	934G>A	4053	NC_000002.12:219420863:G:A	CCSBVarC006505	ENSP00000363071.3:p.Asp312Asn	DES	ENSG00000175084	ZMYM5
HsVcPillar2a6	CCSBORF12573	5	CCSBORF5539	3AT	1	937G>A	707	NC_000002.12:219420866:G:A	CCSBVarC007843	ENSP00000363071.3:p.Ala313Thr	DES	ENSG00000175084	ZMYM5
HsVcPillar2a6	CCSBORF12573	5	CCSBORF5539	3AT	1	97C>T	5	NC_000002.12:219418558:C:T	CCSBVarC007788	ENSP00000363071.3:p.Pro33Ser	DES	ENSG00000175084	ZMYM5
HsVcPillar2a6	CCSBORF12573	5	CCSBORF5539	3AT	1	986A>C	11	NC_000002.12:219420915:A:C	CCSBVarC007848	ENSP00000363071.3:p.Gln329Pro	DES	ENSG00000175084	ZMYM5
HsVcPillar2a6	CCSBORF300	2	CCSBORF8190	3AT	1	REF	1513	NULL	NULL	NULL	GALT	ENSG00000213930	UBTD2
HsVcPillar2a6	CCSBORF300	2	CCSBORF8190	3AT	1	1001A>G	23	NC_000009.12:34649505:A:G	CCSBVarC007284	ENSP00000368119.4:p.Lys334Arg	GALT	ENSG00000213930	UBTD2
HsVcPillar2a6	CCSBORF300	2	CCSBORF8190	3AT	1	1006A>T	0	NC_000009.12:34649510:A:T	CCSBVarC007286	ENSP00000368119.4:p.Met336Leu	GALT	ENSG00000213930	UBTD2
HsVcPillar2a6	CCSBORF300	2	CCSBORF8190	3AT	1	100T>A	1	NC_000009.12:34647105:T:A	CCSBVarC000034	ENSP00000368119.4:p.Tyr34Asn	GALT	ENSG00000213930	UBTD2
HsVcPillar2a6	CCSBORF300	2	CCSBORF8190	3AT	1	1034C>A	461	NC_000009.12:34649538:C:A	CCSBVarC007290	ENSP00000368119.4:p.Ala345Asp	GALT	ENSG00000213930	UBTD2
HsVcPillar2a6	CCSBORF300	2	CCSBORF8190	3AT	1	1081C>T	504	NC_000009.12:34650389:C:T	CCSBVarC007292	ENSP00000368119.4:p.Leu361Phe	GALT	ENSG00000213930	UBTD2
HsVcPillar2a6	CCSBORF300	2	CCSBORF8190	3AT	1	265T>C	10	NC_000009.12:34647503:T:C	CCSBVarC004978	ENSP00000368119.4:p.Tyr89His	GALT	ENSG00000213930	UBTD2
HsVcPillar2a6	CCSBORF300	2	CCSBORF8190	3AT	1	385A>T	13095	NC_000009.12:34647838:A:T	CCSBVarC007175	ENSP00000368119.4:p.Met129Leu	GALT	ENSG00000213930	UBTD2
HsVcPillar2a6	CCSBORF300	2	CCSBORF8190	3AT	1	392T>G	15	NC_000009.12:34647845:T:G	CCSBVarC007179	ENSP00000368119.4:p.Phe131Cys	GALT	ENSG00000213930	UBTD2
HsVcPillar2a6	CCSBORF300	2	CCSBORF8190	3AT	1	406G>T	477	NC_000009.12:34647859:G:T	CCSBVarC007183	ENSP00000368119.4:p.Asp136Tyr	GALT	ENSG00000213930	UBTD2
HsVcPillar2a6	CCSBORF300	2	CCSBORF8190	3AT	1	428C>T	160	NC_000009.12:34647881:C:T	CCSBVarC007189	ENSP00000368119.4:p.Ser143Leu	GALT	ENSG00000213930	UBTD2
HsVcPillar2a6	CCSBORF300	2	CCSBORF8190	3AT	1	460T>C	11	NC_000009.12:34647913:T:C	CCSBVarC007195	ENSP00000368119.4:p.Trp154Arg	GALT	ENSG00000213930	UBTD2
HsVcPillar2a6	CCSBORF300	2	CCSBORF8190	3AT	1	482T>C	3	NC_000009.12:34647935:T:C	CCSBVarC007197	ENSP00000368119.4:p.Leu161Pro	GALT	ENSG00000213930	UBTD2
HsVcPillar2a6	CCSBORF300	2	CCSBORF8190	3AT	1	496C>G	3	NC_000009.12:34647949:C:G	CCSBVarC007198	ENSP00000368119.4:p.Pro166Ala	GALT	ENSG00000213930	UBTD2
HsVcPillar2a6	CCSBORF300	2	CCSBORF8190	3AT	1	533T>G	12	NC_000009.12:34648139:T:G	CCSBVarC018002	ENSP00000368119.4:p.Met178Arg	GALT	ENSG00000213930	UBTD2
HsVcPillar2a6	CCSBORF300	2	CCSBORF8190	3AT	1	536G>A	9	NC_000009.12:34648142:G:A	CCSBVarC004984	ENSP00000368119.4:p.Gly179Asp	GALT	ENSG00000213930	UBTD2
HsVcPillar2a6	CCSBORF300	2	CCSBORF8190	3AT	1	539G>T	18	NC_000009.12:34648145:G:T	CCSBVarC007206	ENSP00000368119.4:p.Cys180Phe	GALT	ENSG00000213930	UBTD2
HsVcPillar2a6	CCSBORF300	2	CCSBORF8190	3AT	1	605A>C	9	NC_000009.12:34648373:A:C	CCSBVarC007224	ENSP00000368119.4:p.Glu202Ala	GALT	ENSG00000213930	UBTD2
HsVcPillar2a6	CCSBORF300	2	CCSBORF8190	3AT	1	607G>A	29583	NC_000009.12:34648375:G:A	CCSBVarC007225	ENSP00000368119.4:p.Glu203Lys	GALT	ENSG00000213930	UBTD2
HsVcPillar2a6	CCSBORF300	2	CCSBORF8190	3AT	1	635A>C	11	NC_000009.12:34648403:A:C	CCSBVarC007228	ENSP00000368119.4:p.Gln212Pro	GALT	ENSG00000213930	UBTD2
HsVcPillar2a6	CCSBORF300	2	CCSBORF8190	3AT	1	683G>C	2	NC_000009.12:34648451:G:C	CCSBVarC007234	ENSP00000368119.4:p.Arg228Thr	GALT	ENSG00000213930	UBTD2
HsVcPillar2a6	CCSBORF300	2	CCSBORF8190	3AT	1	82G>T	60	NC_000009.12:34646785:G:T	CCSBVarC007140	ENSP00000368119.4:p.Asp28Tyr	GALT	ENSG00000213930	UBTD2
HsVcPillar2a6	CCSBORF300	2	CCSBORF8190	3AT	1	854A>G	29	NC_000009.12:34649030:A:G	CCSBVarC007256	ENSP00000368119.4:p.Lys285Arg	GALT	ENSG00000213930	UBTD2
HsVcPillar2a6	CCSBORF300	2	CCSBORF8190	3AT	1	857A>G	11	NC_000009.12:34649033:A:G	CCSBVarC007258	ENSP00000368119.4:p.Tyr286Cys	GALT	ENSG00000213930	UBTD2
HsVcPillar2a6	CCSBORF300	2	CCSBORF8190	3AT	1	864C>A	261	NC_000009.12:34649040:C:A	CCSBVarC007259	ENSP00000368119.4:p.Asn288Lys	GALT	ENSG00000213930	UBTD2
HsVcPillar2a6	CCSBORF300	2	CCSBORF8190	3AT	1	871G>A	9533	NC_000009.12:34649047:G:A	CCSBVarC007262	ENSP00000368119.4:p.Glu291Lys	GALT	ENSG00000213930	UBTD2
HsVcPillar2a6	CCSBORF300	2	CCSBORF8190	3AT	1	872A>T	182	NC_000009.12:34649048:A:T	CCSBVarC004996	ENSP00000368119.4:p.Glu291Val	GALT	ENSG00000213930	UBTD2
HsVcPillar2a6	CCSBORF300	2	CCSBORF8190	3AT	1	883C>A	6	NC_000009.12:34649059:C:A	CCSBVarC007264	ENSP00000368119.4:p.Pro295Thr	GALT	ENSG00000213930	UBTD2
HsVcPillar2a6	CCSBORF300	2	CCSBORF8190	3AT	1	902A>G	8	NC_000009.12:34649078:A:G	CCSBVarC007266	ENSP00000368119.4:p.His301Arg	GALT	ENSG00000213930	UBTD2
HsVcPillar2a6	CCSBORF300	2	CCSBORF8190	3AT	1	974C>T	53	NC_000009.12:34649478:C:T	CCSBVarC007275	ENSP00000368119.4:p.Pro325Leu	GALT	ENSG00000213930	UBTD2
HsVcPillar2a6	CCSBORF300	2	CCSBORF8190	3AT	1	985T>C	805	NC_000009.12:34649489:T:C	CCSBVarC007279	ENSP00000368119.4:p.Ser329Pro	GALT	ENSG00000213930	UBTD2
HsVcPillar2a6	CCSBORF300	2	CCSBORF8190	3AT	1	998G>A	6284	NC_000009.12:34649502:G:A	CCSBVarC005002	ENSP00000368119.4:p.Arg333Gln	GALT	ENSG00000213930	UBTD2
HsVcPillar2a6	CCSBORF300	6	CCSBORF8190	3AT	1	REF	298	NULL	NULL	NULL	GALT	ENSG00000213930	UBTD2
HsVcPillar2a6	CCSBORF300	6	CCSBORF8190	3AT	1	1006A>G	5	NC_000009.12:34649510:A:G	CCSBVarC007285	ENSP00000368119.4:p.Met336Val	GALT	ENSG00000213930	UBTD2
HsVcPillar2a6	CCSBORF300	6	CCSBORF8190	3AT	1	134C>T	2	NC_000009.12:34647139:C:T	CCSBVarC007148	ENSP00000368119.4:p.Ser45Leu	GALT	ENSG00000213930	UBTD2
HsVcPillar2a6	CCSBORF300	6	CCSBORF8190	3AT	1	241G>C	5	NC_000009.12:34647246:G:C	CCSBVarC017970	ENSP00000368119.4:p.Ala81Pro	GALT	ENSG00000213930	UBTD2
HsVcPillar2a6	CCSBORF300	6	CCSBORF8190	3AT	1	277T>A	0	NC_000009.12:34647515:T:A	CCSBVarC007161	ENSP00000368119.4:p.Phe93Ile	GALT	ENSG00000213930	UBTD2
HsVcPillar2a6	CCSBORF300	6	CCSBORF8190	3AT	1	290A>G	8	NC_000009.12:34647528:A:G	CCSBVarC007163	ENSP00000368119.4:p.Asn97Ser	GALT	ENSG00000213930	UBTD2
HsVcPillar2a6	CCSBORF300	6	CCSBORF8190	3AT	1	337G>A	24643	NC_000009.12:34647664:G:A	CCSBVarC004979	ENSP00000368119.4:p.Asp113Asn	GALT	ENSG00000213930	UBTD2
HsVcPillar2a6	CCSBORF300	6	CCSBORF8190	3AT	1	354A>C	0	NC_000009.12:34647681:A:C	CCSBVarC007170	ENSP00000368119.4:p.Gln118His	GALT	ENSG00000213930	UBTD2
HsVcPillar2a6	CCSBORF300	6	CCSBORF8190	3AT	1	424A>G	2	NC_000009.12:34647877:A:G	CCSBVarC007186	ENSP00000368119.4:p.Met142Val	GALT	ENSG00000213930	UBTD2
HsVcPillar2a6	CCSBORF300	6	CCSBORF8190	3AT	1	425T>C	18	NC_000009.12:34647878:T:C	CCSBVarC007188	ENSP00000368119.4:p.Met142Thr	GALT	ENSG00000213930	UBTD2
HsVcPillar2a6	CCSBORF300	6	CCSBORF8190	3AT	1	443G>A	9	NC_000009.12:34647896:G:A	CCSBVarC007192	ENSP00000368119.4:p.Arg148Gln	GALT	ENSG00000213930	UBTD2
HsVcPillar2a6	CCSBORF300	6	CCSBORF8190	3AT	1	448G>C	0	NC_000009.12:34647901:G:C	CCSBVarC007193	ENSP00000368119.4:p.Val150Leu	GALT	ENSG00000213930	UBTD2
HsVcPillar2a6	CCSBORF300	6	CCSBORF8190	3AT	1	452T>C	11	NC_000009.12:34647905:T:C	CCSBVarC007194	ENSP00000368119.4:p.Val151Ala	GALT	ENSG00000213930	UBTD2
HsVcPillar2a6	CCSBORF300	6	CCSBORF8190	3AT	1	524G>A	0	NC_000009.12:34648130:G:A	CCSBVarC000035	ENSP00000368119.4:p.Gly175Asp	GALT	ENSG00000213930	UBTD2
HsVcPillar2a6	CCSBORF300	6	CCSBORF8190	3AT	1	539G>A	2	NC_000009.12:34648145:G:A	CCSBVarC007205	ENSP00000368119.4:p.Cys180Tyr	GALT	ENSG00000213930	UBTD2
HsVcPillar2a6	CCSBORF300	6	CCSBORF8190	3AT	1	541T>G	1	NC_000009.12:34648147:T:G	CCSBVarC007207	ENSP00000368119.4:p.Ser181Ala	GALT	ENSG00000213930	UBTD2
HsVcPillar2a6	CCSBORF300	6	CCSBORF8190	3AT	1	553C>T	1	NC_000009.12:34648159:C:T	CCSBVarC007211	ENSP00000368119.4:p.Pro185Ser	GALT	ENSG00000213930	UBTD2
HsVcPillar2a6	CCSBORF300	6	CCSBORF8190	3AT	1	554C>A	0	NC_000009.12:34648160:C:A	CCSBVarC004986	ENSP00000368119.4:p.Pro185His	GALT	ENSG00000213930	UBTD2
HsVcPillar2a6	CCSBORF300	6	CCSBORF8190	3AT	1	554C>T	2	NC_000009.12:34648160:C:T	CCSBVarC007212	ENSP00000368119.4:p.Pro185Leu	GALT	ENSG00000213930	UBTD2
HsVcPillar2a6	CCSBORF300	6	CCSBORF8190	3AT	1	558C>A	0	NC_000009.12:34648164:C:A	CCSBVarC007213	ENSP00000368119.4:p.His186Gln	GALT	ENSG00000213930	UBTD2
HsVcPillar2a6	CCSBORF300	6	CCSBORF8190	3AT	1	562C>A	19	NC_000009.12:34648168:C:A	CCSBVarC007214	ENSP00000368119.4:p.Gln188Lys	GALT	ENSG00000213930	UBTD2
HsVcPillar2a6	CCSBORF300	6	CCSBORF8190	3AT	1	563A>G	0	NC_000009.12:34648169:A:G	CCSBVarC007215	ENSP00000368119.4:p.Gln188Arg	GALT	ENSG00000213930	UBTD2
HsVcPillar2a6	CCSBORF300	6	CCSBORF8190	3AT	1	574A>G	0	NC_000009.12:34648342:A:G	CCSBVarC004988	ENSP00000368119.4:p.Ser192Gly	GALT	ENSG00000213930	UBTD2
HsVcPillar2a6	CCSBORF300	6	CCSBORF8190	3AT	1	595G>A	1	NC_000009.12:34648363:G:A	CCSBVarC004990	ENSP00000368119.4:p.Ala199Thr	GALT	ENSG00000213930	UBTD2
HsVcPillar2a6	CCSBORF300	6	CCSBORF8190	3AT	1	748C>A	0	NC_000009.12:34648821:C:A	CCSBVarC007240	ENSP00000368119.4:p.Pro250Thr	GALT	ENSG00000213930	UBTD2
HsVcPillar2a6	CCSBORF300	6	CCSBORF8190	3AT	1	752A>G	9	NC_000009.12:34648825:A:G	CCSBVarC007242	ENSP00000368119.4:p.Tyr251Cys	GALT	ENSG00000213930	UBTD2
HsVcPillar2a6	CCSBORF300	6	CCSBORF8190	3AT	1	770C>T	59	NC_000009.12:34648843:C:T	CCSBVarC007244	ENSP00000368119.4:p.Pro257Leu	GALT	ENSG00000213930	UBTD2
HsVcPillar2a6	CCSBORF300	6	CCSBORF8190	3AT	1	772C>T	2	NC_000009.12:34648845:C:T	CCSBVarC004995	ENSP00000368119.4:p.Arg258Cys	GALT	ENSG00000213930	UBTD2
HsVcPillar2a6	CCSBORF300	6	CCSBORF8190	3AT	1	785G>C	0	NC_000009.12:34648858:G:C	CCSBVarC007247	ENSP00000368119.4:p.Arg262Pro	GALT	ENSG00000213930	UBTD2
HsVcPillar2a6	CCSBORF300	6	CCSBORF8190	3AT	1	812A>G	5	NC_000009.12:34648885:A:G	CCSBVarC007250	ENSP00000368119.4:p.Glu271Gly	GALT	ENSG00000213930	UBTD2
HsVcPillar2a6	CCSBORF300	6	CCSBORF8190	3AT	1	951G>T	3	NC_000009.12:34649455:G:T	CCSBVarC007269	ENSP00000368119.4:p.Gln317His	GALT	ENSG00000213930	UBTD2
HsVcPillar2a6	CCSBORF300	6	CCSBORF8190	3AT	1	957C>A	0	NC_000009.12:34649461:C:A	CCSBVarC007270	ENSP00000368119.4:p.His319Gln	GALT	ENSG00000213930	UBTD2
HsVcPillar2a6	CCSBORF300	6	CCSBORF8190	3AT	1	967T>C	5	NC_000009.12:34649471:T:C	CCSBVarC007273	ENSP00000368119.4:p.Tyr323His	GALT	ENSG00000213930	UBTD2
HsVcPillar2a6	CCSBORF300	6	CCSBORF8190	3AT	1	998G>T	1	NC_000009.12:34649502:G:T	CCSBVarC007283	ENSP00000368119.4:p.Arg333Leu	GALT	ENSG00000213930	UBTD2
HsVcPillar2a6	CCSBORF5808	1	CCSBORF8297	3AT	1	REF	38046	NULL	NULL	NULL	HBB	ENSG00000244734	HBZ
HsVcPillar2a6	CCSBORF5808	1	CCSBORF8297	3AT	1	140G>A	51	NC_000011.10:5226751:C:T	CCSBVarC010096	ENSP00000333994.3:p.Gly47Glu	HBB	ENSG00000244734	HBZ
HsVcPillar2a6	CCSBORF5808	1	CCSBORF8297	3AT	1	176C>G	37	NC_000011.10:5226715:G:C	CCSBVarC010190	ENSP00000333994.3:p.Pro59Arg	HBB	ENSG00000244734	HBZ
HsVcPillar2a6	CCSBORF5808	1	CCSBORF8297	3AT	1	186G>C	44	NC_000011.10:5226705:C:G	CCSBVarC010131	ENSP00000333994.3:p.Lys62Asn	HBB	ENSG00000244734	HBZ
HsVcPillar2a6	CCSBORF5808	1	CCSBORF8297	3AT	1	190C>T	174	NC_000011.10:5226701:G:A	CCSBVarC010155	ENSP00000333994.3:p.His64Tyr	HBB	ENSG00000244734	HBZ
HsVcPillar2a6	CCSBORF5808	1	CCSBORF8297	3AT	1	212C>T	37	NC_000011.10:5226679:G:A	CCSBVarC006223	ENSP00000333994.3:p.Ala71Val	HBB	ENSG00000244734	HBZ
HsVcPillar2a6	CCSBORF5808	1	CCSBORF8297	3AT	1	23A>G	76	NC_000011.10:5226998:T:C	CCSBVarC006214	ENSP00000333994.3:p.Glu8Gly	HBB	ENSG00000244734	HBZ
HsVcPillar2a6	CCSBORF5808	1	CCSBORF8297	3AT	1	247A>G	12720	NC_000011.10:5226644:T:C	CCSBVarC010174	ENSP00000333994.3:p.Lys83Glu	HBB	ENSG00000244734	HBZ
HsVcPillar2a6	CCSBORF5808	1	CCSBORF8297	3AT	1	275T>C	48	NC_000011.10:5226616:A:G	CCSBVarC010206	ENSP00000333994.3:p.Leu92Pro	HBB	ENSG00000244734	HBZ
HsVcPillar2a6	CCSBORF5808	1	CCSBORF8297	3AT	1	289C>G	17	NC_000011.10:5226602:G:C	CCSBVarC006227	ENSP00000333994.3:p.Leu97Val	HBB	ENSG00000244734	HBZ
HsVcPillar2a6	CCSBORF5808	1	CCSBORF8297	3AT	1	308A>C	29234	NC_000011.10:5226583:T:G	CCSBVarC010077	ENSP00000333994.3:p.Asn103Thr	HBB	ENSG00000244734	HBZ
HsVcPillar2a6	CCSBORF5808	1	CCSBORF8297	3AT	1	312C>G	70	NC_000011.10:5226579:G:C	CCSBVarC000906	ENSP00000333994.3:p.Phe104Leu	HBB	ENSG00000244734	HBZ
HsVcPillar2a6	CCSBORF5808	1	CCSBORF8297	3AT	1	325A>G	14244	NC_000011.10:5225716:T:C	CCSBVarC006231	ENSP00000333994.3:p.Asn109Asp	HBB	ENSG00000244734	HBZ
HsVcPillar2a6	CCSBORF5808	1	CCSBORF8297	3AT	1	334G>C	14400	NC_000011.10:5225707:C:G	CCSBVarC010111	ENSP00000333994.3:p.Val112Leu	HBB	ENSG00000244734	HBZ
HsVcPillar2a6	CCSBORF5808	1	CCSBORF8297	3AT	1	364G>A	162	NC_000011.10:5225677:C:T	CCSBVarC006234	ENSP00000333994.3:p.Glu122Lys	HBB	ENSG00000244734	HBZ
HsVcPillar2a6	CCSBORF5808	1	CCSBORF8297	3AT	1	373C>A	31	NC_000011.10:5225668:G:T	CCSBVarC010085	ENSP00000333994.3:p.Pro125Thr	HBB	ENSG00000244734	HBZ
HsVcPillar2a6	CCSBORF5808	1	CCSBORF8297	3AT	1	383A>C	91	NC_000011.10:5225658:T:G	CCSBVarC006238	ENSP00000333994.3:p.Gln128Pro	HBB	ENSG00000244734	HBZ
HsVcPillar2a6	CCSBORF5808	1	CCSBORF8297	3AT	1	404T>A	4	NC_000011.10:5225637:A:T	CCSBVarC010200	ENSP00000333994.3:p.Val135Glu	HBB	ENSG00000244734	HBZ
HsVcPillar2a6	CCSBORF5808	1	CCSBORF8297	3AT	1	60C>A	39	NC_000011.10:5226961:G:T	CCSBVarC010117	ENSP00000333994.3:p.Asn20Lys	HBB	ENSG00000244734	HBZ
HsVcPillar2a6	CCSBORF5808	1	CCSBORF8297	3AT	1	61G>A	8042	NC_000011.10:5226960:C:T	CCSBVarC010146	ENSP00000333994.3:p.Val21Met	HBB	ENSG00000244734	HBZ
HsVcPillar2a6	CCSBORF5808	1	CCSBORF8297	3AT	1	64G>T	27	NC_000011.10:5226957:C:A	CCSBVarC010104	ENSP00000333994.3:p.Asp22Tyr	HBB	ENSG00000244734	HBZ
HsVcPillar2a6	CCSBORF5808	1	CCSBORF8297	3AT	1	70G>A	4979	NC_000011.10:5226951:C:T	CCSBVarC006218	ENSP00000333994.3:p.Val24Ile	HBB	ENSG00000244734	HBZ
HsVcPillar2a6	CCSBORF5808	1	CCSBORF8297	3AT	1	80A>G	42	NC_000011.10:5226941:T:C	CCSBVarC010222	ENSP00000333994.3:p.Glu27Gly	HBB	ENSG00000244734	HBZ
HsVcPillar2a6	CCSBORF5808	1	CCSBORF8297	3AT	1	8A>G	3699	NC_000011.10:5227013:T:C	CCSBVarC010138	ENSP00000333994.3:p.His3Arg	HBB	ENSG00000244734	HBZ
HsVcPillar2a6	CCSBORF4765	1	CCSBORF11621	3AT	1	REF	15	NULL	NULL	NULL	ITGB2	ENSG00000160255	MTIF3
HsVcPillar2a6	CCSBORF4765	1	CCSBORF11621	3AT	1	1021G>C	0	NC_000021.9:44895032:C:G	CCSBVarC008390	ENSP00000498780.1:p.Ala341Pro	ITGB2	ENSG00000160255	MTIF3
HsVcPillar2a6	CCSBORF4765	1	CCSBORF11621	3AT	1	1172C>T	1	NC_000021.9:44893455:G:A	CCSBVarC007536	ENSP00000498780.1:p.Thr391Met	ITGB2	ENSG00000160255	MTIF3
HsVcPillar2a6	CCSBORF4765	1	CCSBORF11621	3AT	1	130A>C	0	NC_000021.9:44910300:T:G	CCSBVarC008418	ENSP00000498780.1:p.Thr44Pro	ITGB2	ENSG00000160255	MTIF3
HsVcPillar2a6	CCSBORF4765	1	CCSBORF11621	3AT	1	1670G>C	0	NC_000021.9:44889482:C:G	CCSBVarC008425	ENSP00000498780.1:p.Cys557Ser	ITGB2	ENSG00000160255	MTIF3
HsVcPillar2a6	CCSBORF4765	1	CCSBORF11621	3AT	1	1756C>T	0	NC_000021.9:44889396:G:A	CCSBVarC008429	ENSP00000498780.1:p.Arg586Trp	ITGB2	ENSG00000160255	MTIF3
HsVcPillar2a6	CCSBORF4765	1	CCSBORF11621	3AT	1	1768T>C	2	NC_000021.9:44889384:A:G	CCSBVarC000703	ENSP00000498780.1:p.Cys590Arg	ITGB2	ENSG00000160255	MTIF3
HsVcPillar2a6	CCSBORF4765	1	CCSBORF11621	3AT	1	1835G>T	3	NC_000021.9:44889317:C:A	CCSBVarC009514	ENSP00000498780.1:p.Cys612Phe	ITGB2	ENSG00000160255	MTIF3
HsVcPillar2a6	CCSBORF4765	1	CCSBORF11621	3AT	1	2147G>C	4	NC_000021.9:44886835:C:G	CCSBVarC008410	ENSP00000498780.1:p.Gly716Ala	ITGB2	ENSG00000160255	MTIF3
HsVcPillar2a6	CCSBORF4765	1	CCSBORF11621	3AT	1	229G>A	1	NC_000021.9:44907013:C:T	CCSBVarC008408	ENSP00000498780.1:p.Asp77Asn	ITGB2	ENSG00000160255	MTIF3
HsVcPillar2a6	CCSBORF4765	1	CCSBORF11621	3AT	1	392A>C	0	NC_000021.9:44903471:T:G	CCSBVarC008404	ENSP00000498780.1:p.Tyr131Ser	ITGB2	ENSG00000160255	MTIF3
HsVcPillar2a6	CCSBORF4765	1	CCSBORF11621	3AT	1	412T>C	0	NC_000021.9:44903451:A:G	CCSBVarC000701	ENSP00000498780.1:p.Ser138Pro	ITGB2	ENSG00000160255	MTIF3
HsVcPillar2a6	CCSBORF4765	1	CCSBORF11621	3AT	1	446T>C	2	NC_000021.9:44903417:A:G	CCSBVarC007547	ENSP00000498780.1:p.Leu149Pro	ITGB2	ENSG00000160255	MTIF3
HsVcPillar2a6	CCSBORF4765	1	CCSBORF11621	3AT	1	520A>G	0	NC_000021.9:44901712:T:C	CCSBVarC008420	ENSP00000498780.1:p.Lys174Glu	ITGB2	ENSG00000160255	MTIF3
HsVcPillar2a6	CCSBORF4765	1	CCSBORF11621	3AT	1	533C>T	0	NC_000021.9:44901699:G:A	CCSBVarC007545	ENSP00000498780.1:p.Pro178Leu	ITGB2	ENSG00000160255	MTIF3
HsVcPillar2a6	CCSBORF4765	1	CCSBORF11621	3AT	1	706G>A	0	NC_000021.9:44901526:C:T	CCSBVarC007542	ENSP00000498780.1:p.Gly236Arg	ITGB2	ENSG00000160255	MTIF3
HsVcPillar2a6	CCSBORF4765	1	CCSBORF11621	3AT	1	769C>T	1	NC_000021.9:44900447:G:A	CCSBVarC008422	ENSP00000498780.1:p.Arg257Trp	ITGB2	ENSG00000160255	MTIF3
HsVcPillar2a6	CCSBORF4765	1	CCSBORF11621	3AT	1	850G>A	2	NC_000021.9:44900366:C:T	CCSBVarC007539	ENSP00000498780.1:p.Gly284Ser	ITGB2	ENSG00000160255	MTIF3
HsVcPillar2a6	CCSBORF4765	1	CCSBORF11621	3AT	1	899A>T	3	NC_000021.9:44899160:T:A	CCSBVarC003145	ENSP00000498780.1:p.Asp300Val	ITGB2	ENSG00000160255	MTIF3
HsVcPillar2a6	CCSBORF4765	3	CCSBORF11621	3AT	1	REF	0	NULL	NULL	NULL	ITGB2	ENSG00000160255	MTIF3
HsVcPillar2a6	CCSBORF4765	3	CCSBORF11621	3AT	1	130A>C	0	NC_000021.9:44910300:T:G	CCSBVarC008418	ENSP00000498780.1:p.Thr44Pro	ITGB2	ENSG00000160255	MTIF3
HsVcPillar2a6	CCSBORF4765	3	CCSBORF11621	3AT	1	1324C>T	0	NC_000021.9:44891896:G:A	CCSBVarC007535	ENSP00000498780.1:p.Leu442Phe	ITGB2	ENSG00000160255	MTIF3
HsVcPillar2a6	CCSBORF4765	3	CCSBORF11621	3AT	1	1358G>A	0	NC_000021.9:44891862:C:T	CCSBVarC008424	ENSP00000498780.1:p.Ser453Asn	ITGB2	ENSG00000160255	MTIF3
HsVcPillar2a6	CCSBORF4765	3	CCSBORF11621	3AT	1	1642G>T	0	NC_000021.9:44889992:C:A	CCSBVarC007534	ENSP00000498780.1:p.Val548Phe	ITGB2	ENSG00000160255	MTIF3
HsVcPillar2a6	CCSBORF4765	3	CCSBORF11621	3AT	1	1670G>C	0	NC_000021.9:44889482:C:G	CCSBVarC008425	ENSP00000498780.1:p.Cys557Ser	ITGB2	ENSG00000160255	MTIF3
HsVcPillar2a6	CCSBORF4765	3	CCSBORF11621	3AT	1	1697C>T	0	NC_000021.9:44889455:G:A	CCSBVarC007533	ENSP00000498780.1:p.Pro566Leu	ITGB2	ENSG00000160255	MTIF3
HsVcPillar2a6	CCSBORF4765	3	CCSBORF11621	3AT	1	1768T>C	0	NC_000021.9:44889384:A:G	CCSBVarC000703	ENSP00000498780.1:p.Cys590Arg	ITGB2	ENSG00000160255	MTIF3
HsVcPillar2a6	CCSBORF4765	3	CCSBORF11621	3AT	1	2210G>A	0	NC_000021.9:44886772:C:T	CCSBVarC007532	ENSP00000498780.1:p.Arg737His	ITGB2	ENSG00000160255	MTIF3
HsVcPillar2a6	CCSBORF4765	3	CCSBORF11621	3AT	1	253G>A	0	NC_000021.9:44906989:C:T	CCSBVarC007548	ENSP00000498780.1:p.Ala85Thr	ITGB2	ENSG00000160255	MTIF3
HsVcPillar2a6	CCSBORF4765	3	CCSBORF11621	3AT	1	400G>A	0	NC_000021.9:44903463:C:T	CCSBVarC008399	ENSP00000498780.1:p.Asp134Asn	ITGB2	ENSG00000160255	MTIF3
HsVcPillar2a6	CCSBORF4765	3	CCSBORF11621	3AT	1	587A>C	0	NC_000021.9:44901645:T:G	CCSBVarC007544	ENSP00000498780.1:p.Lys196Thr	ITGB2	ENSG00000160255	MTIF3
HsVcPillar2a6	CCSBORF4765	3	CCSBORF11621	3AT	1	589G>A	0	NC_000021.9:44901643:C:T	CCSBVarC007543	ENSP00000498780.1:p.Glu197Lys	ITGB2	ENSG00000160255	MTIF3
HsVcPillar2a6	CCSBORF4765	3	CCSBORF11621	3AT	1	706G>A	0	NC_000021.9:44901526:C:T	CCSBVarC007542	ENSP00000498780.1:p.Gly236Arg	ITGB2	ENSG00000160255	MTIF3
HsVcPillar2a6	CCSBORF4765	3	CCSBORF11621	3AT	1	809C>T	0	NC_000021.9:44900407:G:A	CCSBVarC008389	ENSP00000498780.1:p.Ala270Val	ITGB2	ENSG00000160255	MTIF3
HsVcPillar2a6	CCSBORF4765	3	CCSBORF11621	3AT	1	847G>A	0	NC_000021.9:44900369:C:T	CCSBVarC007540	ENSP00000498780.1:p.Asp283Asn	ITGB2	ENSG00000160255	MTIF3
HsVcPillar2a6	CCSBORF4765	3	CCSBORF11621	3AT	1	853C>T	0	NC_000021.9:44900363:G:A	CCSBVarC007538	ENSP00000498780.1:p.Arg285Cys	ITGB2	ENSG00000160255	MTIF3
HsVcPillar2a6	CCSBORF4765	3	CCSBORF11621	3AT	1	899A>T	0	NC_000021.9:44899160:T:A	CCSBVarC003145	ENSP00000498780.1:p.Asp300Val	ITGB2	ENSG00000160255	MTIF3
HsVcPillar2a6	CCSBORF100016069	3	CCSBORF6281	3AT	1	REF	11075	NULL	NULL	NULL	KCNJ2	ENSG00000123700	KCNJ15
HsVcPillar2a6	CCSBORF100016069	3	CCSBORF6281	3AT	1	119G>A	63	NC_000017.11:70175157:G:A	CCSBVarC008308	ENSP00000243457.2:p.Arg40Gln	KCNJ2	ENSG00000123700	KCNJ15
HsVcPillar2a6	CCSBORF100016069	3	CCSBORF6281	3AT	1	1229A>G	12	NC_000017.11:70176267:A:G	CCSBVarC008357	ENSP00000243457.2:p.Asn410Ser	KCNJ2	ENSG00000123700	KCNJ15
HsVcPillar2a6	CCSBORF100016069	3	CCSBORF6281	3AT	1	1244C>T	139	NC_000017.11:70176282:C:T	CCSBVarC008358	ENSP00000243457.2:p.Pro415Leu	KCNJ2	ENSG00000123700	KCNJ15
HsVcPillar2a6	CCSBORF100016069	3	CCSBORF6281	3AT	1	161G>T	36	NC_000017.11:70175199:G:T	CCSBVarC008310	ENSP00000243457.2:p.Cys54Phe	KCNJ2	ENSG00000123700	KCNJ15
HsVcPillar2a6	CCSBORF100016069	3	CCSBORF6281	3AT	1	200G>A	47	NC_000017.11:70175238:G:A	CCSBVarC008312	ENSP00000243457.2:p.Arg67Gln	KCNJ2	ENSG00000123700	KCNJ15
HsVcPillar2a6	CCSBORF100016069	3	CCSBORF6281	3AT	1	208G>A	35	NC_000017.11:70175246:G:A	CCSBVarC008313	ENSP00000243457.2:p.Ala70Thr	KCNJ2	ENSG00000123700	KCNJ15
HsVcPillar2a6	CCSBORF100016069	3	CCSBORF6281	3AT	1	208G>T	28	NC_000017.11:70175246:G:T	CCSBVarC008314	ENSP00000243457.2:p.Ala70Ser	KCNJ2	ENSG00000123700	KCNJ15
HsVcPillar2a6	CCSBORF100016069	3	CCSBORF6281	3AT	1	211G>C	20	NC_000017.11:70175249:G:C	CCSBVarC008316	ENSP00000243457.2:p.Asp71His	KCNJ2	ENSG00000123700	KCNJ15
HsVcPillar2a6	CCSBORF100016069	3	CCSBORF6281	3AT	1	226T>G	141	NC_000017.11:70175264:T:G	CCSBVarC008320	ENSP00000243457.2:p.Cys76Gly	KCNJ2	ENSG00000123700	KCNJ15
HsVcPillar2a6	CCSBORF100016069	3	CCSBORF6281	3AT	1	232G>T	17003	NC_000017.11:70175270:G:T	CCSBVarC035501	ENSP00000243457.2:p.Asp78Tyr	KCNJ2	ENSG00000123700	KCNJ15
HsVcPillar2a6	CCSBORF100016069	3	CCSBORF6281	3AT	1	233A>G	45	NC_000017.11:70175271:A:G	CCSBVarC008321	ENSP00000243457.2:p.Asp78Gly	KCNJ2	ENSG00000123700	KCNJ15
HsVcPillar2a6	CCSBORF100016069	3	CCSBORF6281	3AT	1	256G>T	1	NC_000017.11:70175294:G:T	CCSBVarC008324	ENSP00000243457.2:p.Val86Phe	KCNJ2	ENSG00000123700	KCNJ15
HsVcPillar2a6	CCSBORF100016069	3	CCSBORF6281	3AT	1	277G>A	17	NC_000017.11:70175315:G:A	CCSBVarC008325	ENSP00000243457.2:p.Val93Ile	KCNJ2	ENSG00000123700	KCNJ15
HsVcPillar2a6	CCSBORF100016069	3	CCSBORF6281	3AT	1	557C>T	6	NC_000017.11:70175595:C:T	CCSBVarC008330	ENSP00000243457.2:p.Pro186Leu	KCNJ2	ENSG00000123700	KCNJ15
HsVcPillar2a6	CCSBORF100016069	3	CCSBORF6281	3AT	1	566G>A	4382	NC_000017.11:70175604:G:A	CCSBVarC008332	ENSP00000243457.2:p.Arg189Lys	KCNJ2	ENSG00000123700	KCNJ15
HsVcPillar2a6	CCSBORF100016069	3	CCSBORF6281	3AT	1	566G>T	23	NC_000017.11:70175604:G:T	CCSBVarC008333	ENSP00000243457.2:p.Arg189Ile	KCNJ2	ENSG00000123700	KCNJ15
HsVcPillar2a6	CCSBORF100016069	3	CCSBORF6281	3AT	1	574A>G	25663	NC_000017.11:70175612:A:G	CCSBVarC035585	ENSP00000243457.2:p.Thr192Ala	KCNJ2	ENSG00000123700	KCNJ15
HsVcPillar2a6	CCSBORF100016069	3	CCSBORF6281	3AT	1	616G>A	24	NC_000017.11:70175654:G:A	CCSBVarC008334	ENSP00000243457.2:p.Gly206Ser	KCNJ2	ENSG00000123700	KCNJ15
HsVcPillar2a6	CCSBORF100016069	3	CCSBORF6281	3AT	1	646A>C	24	NC_000017.11:70175684:A:C	CCSBVarC008336	ENSP00000243457.2:p.Asn216His	KCNJ2	ENSG00000123700	KCNJ15
HsVcPillar2a6	CCSBORF100016069	3	CCSBORF6281	3AT	1	773T>C	30	NC_000017.11:70175811:T:C	CCSBVarC008337	ENSP00000243457.2:p.Ile258Thr	KCNJ2	ENSG00000123700	KCNJ15
HsVcPillar2a6	CCSBORF100016069	3	CCSBORF6281	3AT	1	779G>C	11	NC_000017.11:70175817:G:C	CCSBVarC008338	ENSP00000243457.2:p.Arg260Pro	KCNJ2	ENSG00000123700	KCNJ15
HsVcPillar2a6	CCSBORF100016069	3	CCSBORF6281	3AT	1	806T>A	1	NC_000017.11:70175844:T:A	CCSBVarC008339	ENSP00000243457.2:p.Ile269Lys	KCNJ2	ENSG00000123700	KCNJ15
HsVcPillar2a6	CCSBORF100016069	3	CCSBORF6281	3AT	1	901A>G	19	NC_000017.11:70175939:A:G	CCSBVarC008346	ENSP00000243457.2:p.Met301Val	KCNJ2	ENSG00000123700	KCNJ15
HsVcPillar2a6	CCSBORF100016069	3	CCSBORF6281	3AT	1	902T>G	246	NC_000017.11:70175940:T:G	CCSBVarC008347	ENSP00000243457.2:p.Met301Arg	KCNJ2	ENSG00000123700	KCNJ15
HsVcPillar2a6	CCSBORF100016069	3	CCSBORF6281	3AT	1	953A>G	1572	NC_000017.11:70175991:A:G	CCSBVarC008350	ENSP00000243457.2:p.Asn318Ser	KCNJ2	ENSG00000123700	KCNJ15
HsVcPillar2a6	CCSBORF100016069	3	CCSBORF6281	3AT	1	973C>T	115	NC_000017.11:70176011:C:T	CCSBVarC008352	ENSP00000243457.2:p.Arg325Cys	KCNJ2	ENSG00000123700	KCNJ15
HsVcPillar2a6	CCSBORF100016069	3	CCSBORF6281	3AT	1	976T>A	8	NC_000017.11:70176014:T:A	CCSBVarC008353	ENSP00000243457.2:p.Tyr326Asn	KCNJ2	ENSG00000123700	KCNJ15
HsVcPillar2a6	CCSBORF359	2	CCSBORF0	3AT	1	REF	1	NULL	NULL	NULL	CBS	ENSG00000160200	empty_AD
HsVcPillar2a6	CCSBORF359	2	CCSBORF0	3AT	1	1006C>T	0	NC_000021.9:43062343:G:A	CCSBVarC007317	ENSP00000381231.4:p.Arg336Cys	CBS	ENSG00000160200	empty_AD
HsVcPillar2a6	CCSBORF359	2	CCSBORF0	3AT	1	1039G>A	0	NC_000021.9:43062310:C:T	CCSBVarC007313	ENSP00000381231.4:p.Gly347Ser	CBS	ENSG00000160200	empty_AD
HsVcPillar2a6	CCSBORF359	2	CCSBORF0	3AT	1	1109G>A	0	NC_000021.9:43060476:C:T	CCSBVarC007309	ENSP00000381231.4:p.Cys370Tyr	CBS	ENSG00000160200	empty_AD
HsVcPillar2a6	CCSBORF359	2	CCSBORF0	3AT	1	1135C>T	0	NC_000021.9:43060450:G:A	CCSBVarC007307	ENSP00000381231.4:p.Arg379Trp	CBS	ENSG00000160200	empty_AD
HsVcPillar2a6	CCSBORF359	2	CCSBORF0	3AT	1	1280C>T	0	NC_000021.9:43058911:G:A	CCSBVarC007303	ENSP00000381231.4:p.Pro427Leu	CBS	ENSG00000160200	empty_AD
HsVcPillar2a6	CCSBORF359	2	CCSBORF0	3AT	1	1367T>C	0	NC_000021.9:43058244:A:G	CCSBVarC000045	ENSP00000381231.4:p.Leu456Pro	CBS	ENSG00000160200	empty_AD
HsVcPillar2a6	CCSBORF359	2	CCSBORF0	3AT	1	233C>G	0	NC_000021.9:43068591:G:C	CCSBVarC007359	ENSP00000381231.4:p.Pro78Arg	CBS	ENSG00000160200	empty_AD
HsVcPillar2a6	CCSBORF359	2	CCSBORF0	3AT	1	262C>T	0	NC_000021.9:43068562:G:A	CCSBVarC008708	ENSP00000381231.4:p.Pro88Ser	CBS	ENSG00000160200	empty_AD
HsVcPillar2a6	CCSBORF359	2	CCSBORF0	3AT	1	302T>C	0	NC_000021.9:43068522:A:G	CCSBVarC007354	ENSP00000381231.4:p.Leu101Pro	CBS	ENSG00000160200	empty_AD
HsVcPillar2a6	CCSBORF359	2	CCSBORF0	3AT	1	304A>C	0	NC_000021.9:43068520:T:G	CCSBVarC008671	ENSP00000381231.4:p.Lys102Gln	CBS	ENSG00000160200	empty_AD
HsVcPillar2a6	CCSBORF359	2	CCSBORF0	3AT	1	325T>C	0	NC_000021.9:43066368:A:G	CCSBVarC007352	ENSP00000381231.4:p.Cys109Arg	CBS	ENSG00000160200	empty_AD
HsVcPillar2a6	CCSBORF359	2	CCSBORF0	3AT	1	346G>A	0	NC_000021.9:43066347:C:T	CCSBVarC007349	ENSP00000381231.4:p.Gly116Arg	CBS	ENSG00000160200	empty_AD
HsVcPillar2a6	CCSBORF359	2	CCSBORF0	3AT	1	362G>A	0	NC_000021.9:43066331:C:T	CCSBVarC007346	ENSP00000381231.4:p.Arg121His	CBS	ENSG00000160200	empty_AD
HsVcPillar2a6	CCSBORF359	2	CCSBORF0	3AT	1	373C>T	0	NC_000021.9:43066320:G:A	CCSBVarC008722	ENSP00000381231.4:p.Arg125Trp	CBS	ENSG00000160200	empty_AD
HsVcPillar2a6	CCSBORF359	2	CCSBORF0	3AT	1	429C>G	0	NC_000021.9:43066264:G:C	CCSBVarC008694	ENSP00000381231.4:p.Ile143Met	CBS	ENSG00000160200	empty_AD
HsVcPillar2a6	CCSBORF359	2	CCSBORF0	3AT	1	434C>T	0	NC_000021.9:43066259:G:A	CCSBVarC007339	ENSP00000381231.4:p.Pro145Leu	CBS	ENSG00000160200	empty_AD
HsVcPillar2a6	CCSBORF359	2	CCSBORF0	3AT	1	461T>A	0	NC_000021.9:43065685:A:T	CCSBVarC000043	ENSP00000381231.4:p.Leu154Gln	CBS	ENSG00000160200	empty_AD
HsVcPillar2a6	CCSBORF359	2	CCSBORF0	3AT	1	572C>T	0	NC_000021.9:43065480:G:A	CCSBVarC007333	ENSP00000381231.4:p.Thr191Met	CBS	ENSG00000160200	empty_AD
HsVcPillar2a6	CCSBORF359	2	CCSBORF0	3AT	1	684C>A	0	NC_000021.9:43065254:G:T	CCSBVarC008700	ENSP00000381231.4:p.Asn228Lys	CBS	ENSG00000160200	empty_AD
HsVcPillar2a6	CCSBORF359	2	CCSBORF0	3AT	1	785C>T	0	NC_000021.9:43063942:G:A	CCSBVarC007325	ENSP00000381231.4:p.Thr262Met	CBS	ENSG00000160200	empty_AD
HsVcPillar2a6	CCSBORF359	2	CCSBORF0	3AT	1	919G>A	0	NC_000021.9:43062987:C:T	CCSBVarC007321	ENSP00000381231.4:p.Gly307Ser	CBS	ENSG00000160200	empty_AD
HsVcPillar2a6	CCSBORF359	2	CCSBORF0	3AT	1	941T>C	0	NC_000021.9:43062965:A:G	CCSBVarC008704	ENSP00000381231.4:p.Val314Ala	CBS	ENSG00000160200	empty_AD
HsVcPillar2a6	CCSBORF12573	1	CCSBORF0	3AT	1	REF	10	NULL	NULL	NULL	DES	ENSG00000175084	empty_AD
HsVcPillar2a6	CCSBORF12573	1	CCSBORF0	3AT	1	1151A>G	1	NC_000002.12:219421466:A:G	CCSBVarC028095	ENSP00000363071.3:p.His384Arg	DES	ENSG00000175084	empty_AD
HsVcPillar2a6	CCSBORF12573	1	CCSBORF0	3AT	1	1202A>G	0	NC_000002.12:219421517:A:G	CCSBVarC028101	ENSP00000363071.3:p.Glu401Gly	DES	ENSG00000175084	empty_AD
HsVcPillar2a6	CCSBORF12573	1	CCSBORF0	3AT	1	1203G>C	1	NC_000002.12:219421518:G:C	CCSBVarC028104	ENSP00000363071.3:p.Glu401Asp	DES	ENSG00000175084	empty_AD
HsVcPillar2a6	CCSBORF12573	1	CCSBORF0	3AT	1	1375G>A	3	NC_000002.12:219425951:G:A	CCSBVarC028110	ENSP00000363071.3:p.Val459Ile	DES	ENSG00000175084	empty_AD
HsVcPillar2a6	CCSBORF12573	1	CCSBORF0	3AT	1	218G>A	2	NC_000002.12:219418679:G:A	CCSBVarC028025	ENSP00000363071.3:p.Arg73Gln	DES	ENSG00000175084	empty_AD
HsVcPillar2a6	CCSBORF12573	1	CCSBORF0	3AT	1	229A>G	5	NC_000002.12:219418690:A:G	CCSBVarC028052	ENSP00000363071.3:p.Thr77Ala	DES	ENSG00000175084	empty_AD
HsVcPillar2a6	CCSBORF12573	1	CCSBORF0	3AT	1	347A>G	10	NC_000002.12:219418808:A:G	CCSBVarC028071	ENSP00000363071.3:p.Asn116Ser	DES	ENSG00000175084	empty_AD
HsVcPillar2a6	CCSBORF12573	1	CCSBORF0	3AT	1	460C>A	12	NC_000002.12:219418921:C:A	CCSBVarC028077	ENSP00000363071.3:p.Leu154Ile	DES	ENSG00000175084	empty_AD
HsVcPillar2a6	CCSBORF12573	1	CCSBORF0	3AT	1	736G>A	0	NC_000002.12:219420494:G:A	CCSBVarC028080	ENSP00000363071.3:p.Glu246Lys	DES	ENSG00000175084	empty_AD
HsVcPillar2a6	CCSBORF12573	1	CCSBORF0	3AT	1	854C>T	3	NC_000002.12:219420612:C:T	CCSBVarC028083	ENSP00000363071.3:p.Ala285Val	DES	ENSG00000175084	empty_AD
HsVcPillar2a6	CCSBORF12573	5	CCSBORF0	3AT	1	REF	18	NULL	NULL	NULL	DES	ENSG00000175084	empty_AD
HsVcPillar2a6	CCSBORF12573	5	CCSBORF0	3AT	1	1013T>C	0	NC_000002.12:219420942:T:C	CCSBVarC007851	ENSP00000363071.3:p.Leu338Pro	DES	ENSG00000175084	empty_AD
HsVcPillar2a6	CCSBORF12573	5	CCSBORF0	3AT	1	1034T>C	0	NC_000002.12:219421349:T:C	CCSBVarC007856	ENSP00000363071.3:p.Leu345Pro	DES	ENSG00000175084	empty_AD
HsVcPillar2a6	CCSBORF12573	5	CCSBORF0	3AT	1	1038G>A	0	NC_000002.12:219421353:G:A	CCSBVarC007857	ENSP00000363071.3:p.Met346Ile	DES	ENSG00000175084	empty_AD
HsVcPillar2a6	CCSBORF12573	5	CCSBORF0	3AT	1	1064G>A	0	NC_000002.12:219421379:G:A	CCSBVarC007861	ENSP00000363071.3:p.Arg355Gln	DES	ENSG00000175084	empty_AD
HsVcPillar2a6	CCSBORF12573	5	CCSBORF0	3AT	1	1069G>C	0	NC_000002.12:219421384:G:C	CCSBVarC007863	ENSP00000363071.3:p.Ala357Pro	DES	ENSG00000175084	empty_AD
HsVcPillar2a6	CCSBORF12573	5	CCSBORF0	3AT	1	1078G>C	0	NC_000002.12:219421393:G:C	CCSBVarC007864	ENSP00000363071.3:p.Ala360Pro	DES	ENSG00000175084	empty_AD
HsVcPillar2a6	CCSBORF12573	5	CCSBORF0	3AT	1	1189G>A	0	NC_000002.12:219421504:G:A	CCSBVarC007873	ENSP00000363071.3:p.Ala397Thr	DES	ENSG00000175084	empty_AD
HsVcPillar2a6	CCSBORF12573	5	CCSBORF0	3AT	1	1237G>A	0	NC_000002.12:219421552:G:A	CCSBVarC007877	ENSP00000363071.3:p.Glu413Lys	DES	ENSG00000175084	empty_AD
HsVcPillar2a6	CCSBORF12573	5	CCSBORF0	3AT	1	1286G>A	0	NC_000002.12:219423817:G:A	CCSBVarC007881	ENSP00000363071.3:p.Arg429Gln	DES	ENSG00000175084	empty_AD
HsVcPillar2a6	CCSBORF12573	5	CCSBORF0	3AT	1	1297C>A	0	NC_000002.12:219425670:C:A	CCSBVarC007882	ENSP00000363071.3:p.Pro433Thr	DES	ENSG00000175084	empty_AD
HsVcPillar2a6	CCSBORF12573	5	CCSBORF0	3AT	1	1322A>T	0	NC_000002.12:219425695:A:T	CCSBVarC007884	ENSP00000363071.3:p.His441Leu	DES	ENSG00000175084	empty_AD
HsVcPillar2a6	CCSBORF12573	5	CCSBORF0	3AT	1	1325C>T	0	NC_000002.12:219425698:C:T	CCSBVarC007885	ENSP00000363071.3:p.Thr442Ile	DES	ENSG00000175084	empty_AD
HsVcPillar2a6	CCSBORF12573	5	CCSBORF0	3AT	1	1333A>G	0	NC_000002.12:219425706:A:G	CCSBVarC006509	ENSP00000363071.3:p.Thr445Ala	DES	ENSG00000175084	empty_AD
HsVcPillar2a6	CCSBORF12573	5	CCSBORF0	3AT	1	1366G>A	0	NC_000002.12:219425739:G:A	CCSBVarC007891	ENSP00000363071.3:p.Gly456Arg	DES	ENSG00000175084	empty_AD
HsVcPillar2a6	CCSBORF12573	5	CCSBORF0	3AT	1	166G>C	0	NC_000002.12:219418627:G:C	CCSBVarC007794	ENSP00000363071.3:p.Val56Leu	DES	ENSG00000175084	empty_AD
HsVcPillar2a6	CCSBORF12573	5	CCSBORF0	3AT	1	193G>A	0	NC_000002.12:219418654:G:A	CCSBVarC007797	ENSP00000363071.3:p.Gly65Ser	DES	ENSG00000175084	empty_AD
HsVcPillar2a6	CCSBORF12573	5	CCSBORF0	3AT	1	212C>T	0	NC_000002.12:219418673:C:T	CCSBVarC007799	ENSP00000363071.3:p.Ala71Val	DES	ENSG00000175084	empty_AD
HsVcPillar2a6	CCSBORF12573	5	CCSBORF0	3AT	1	216C>A	0	NC_000002.12:219418677:C:A	CCSBVarC007800	ENSP00000363071.3:p.Ser72Arg	DES	ENSG00000175084	empty_AD
HsVcPillar2a6	CCSBORF12573	5	CCSBORF0	3AT	1	347A>G	7	NC_000002.12:219418808:A:G	CCSBVarC028071	ENSP00000363071.3:p.Asn116Ser	DES	ENSG00000175084	empty_AD
HsVcPillar2a6	CCSBORF12573	5	CCSBORF0	3AT	1	35C>T	0	NC_000002.12:219418496:C:T	CCSBVarC007782	ENSP00000363071.3:p.Ser12Phe	DES	ENSG00000175084	empty_AD
HsVcPillar2a6	CCSBORF12573	5	CCSBORF0	3AT	1	391C>A	0	NC_000002.12:219418852:C:A	CCSBVarC007811	ENSP00000363071.3:p.Gln131Lys	DES	ENSG00000175084	empty_AD
HsVcPillar2a6	CCSBORF12573	5	CCSBORF0	3AT	1	473A>T	0	NC_000002.12:219418934:A:T	CCSBVarC007817	ENSP00000363071.3:p.Glu158Val	DES	ENSG00000175084	empty_AD
HsVcPillar2a6	CCSBORF12573	5	CCSBORF0	3AT	1	556G>T	0	NC_000002.12:219419017:G:T	CCSBVarC007820	ENSP00000363071.3:p.Asp186Tyr	DES	ENSG00000175084	empty_AD
HsVcPillar2a6	CCSBORF12573	5	CCSBORF0	3AT	1	635G>A	0	NC_000002.12:219420150:G:A	CCSBVarC007824	ENSP00000363071.3:p.Arg212Gln	DES	ENSG00000175084	empty_AD
HsVcPillar2a6	CCSBORF12573	5	CCSBORF0	3AT	1	709G>A	0	NC_000002.12:219420319:G:A	CCSBVarC007832	ENSP00000363071.3:p.Ala237Thr	DES	ENSG00000175084	empty_AD
HsVcPillar2a6	CCSBORF12573	5	CCSBORF0	3AT	1	727C>T	0	NC_000002.12:219420337:C:T	CCSBVarC007834	ENSP00000363071.3:p.His243Tyr	DES	ENSG00000175084	empty_AD
HsVcPillar2a6	CCSBORF12573	5	CCSBORF0	3AT	1	883T>G	0	NC_000002.12:219420641:T:G	CCSBVarC007841	ENSP00000363071.3:p.Trp295Gly	DES	ENSG00000175084	empty_AD
HsVcPillar2a6	CCSBORF12573	5	CCSBORF0	3AT	1	934G>A	1	NC_000002.12:219420863:G:A	CCSBVarC006505	ENSP00000363071.3:p.Asp312Asn	DES	ENSG00000175084	empty_AD
HsVcPillar2a6	CCSBORF12573	5	CCSBORF0	3AT	1	937G>A	0	NC_000002.12:219420866:G:A	CCSBVarC007843	ENSP00000363071.3:p.Ala313Thr	DES	ENSG00000175084	empty_AD
HsVcPillar2a6	CCSBORF12573	5	CCSBORF0	3AT	1	97C>T	0	NC_000002.12:219418558:C:T	CCSBVarC007788	ENSP00000363071.3:p.Pro33Ser	DES	ENSG00000175084	empty_AD
HsVcPillar2a6	CCSBORF12573	5	CCSBORF0	3AT	1	986A>C	0	NC_000002.12:219420915:A:C	CCSBVarC007848	ENSP00000363071.3:p.Gln329Pro	DES	ENSG00000175084	empty_AD
HsVcPillar2a6	CCSBORF300	2	CCSBORF0	3AT	1	REF	2	NULL	NULL	NULL	GALT	ENSG00000213930	empty_AD
HsVcPillar2a6	CCSBORF300	2	CCSBORF0	3AT	1	1001A>G	0	NC_000009.12:34649505:A:G	CCSBVarC007284	ENSP00000368119.4:p.Lys334Arg	GALT	ENSG00000213930	empty_AD
HsVcPillar2a6	CCSBORF300	2	CCSBORF0	3AT	1	1006A>T	0	NC_000009.12:34649510:A:T	CCSBVarC007286	ENSP00000368119.4:p.Met336Leu	GALT	ENSG00000213930	empty_AD
HsVcPillar2a6	CCSBORF300	2	CCSBORF0	3AT	1	100T>A	0	NC_000009.12:34647105:T:A	CCSBVarC000034	ENSP00000368119.4:p.Tyr34Asn	GALT	ENSG00000213930	empty_AD
HsVcPillar2a6	CCSBORF300	2	CCSBORF0	3AT	1	1034C>A	0	NC_000009.12:34649538:C:A	CCSBVarC007290	ENSP00000368119.4:p.Ala345Asp	GALT	ENSG00000213930	empty_AD
HsVcPillar2a6	CCSBORF300	2	CCSBORF0	3AT	1	1081C>T	0	NC_000009.12:34650389:C:T	CCSBVarC007292	ENSP00000368119.4:p.Leu361Phe	GALT	ENSG00000213930	empty_AD
HsVcPillar2a6	CCSBORF300	2	CCSBORF0	3AT	1	265T>C	0	NC_000009.12:34647503:T:C	CCSBVarC004978	ENSP00000368119.4:p.Tyr89His	GALT	ENSG00000213930	empty_AD
HsVcPillar2a6	CCSBORF300	2	CCSBORF0	3AT	1	385A>T	0	NC_000009.12:34647838:A:T	CCSBVarC007175	ENSP00000368119.4:p.Met129Leu	GALT	ENSG00000213930	empty_AD
HsVcPillar2a6	CCSBORF300	2	CCSBORF0	3AT	1	392T>G	0	NC_000009.12:34647845:T:G	CCSBVarC007179	ENSP00000368119.4:p.Phe131Cys	GALT	ENSG00000213930	empty_AD
HsVcPillar2a6	CCSBORF300	2	CCSBORF0	3AT	1	406G>T	0	NC_000009.12:34647859:G:T	CCSBVarC007183	ENSP00000368119.4:p.Asp136Tyr	GALT	ENSG00000213930	empty_AD
HsVcPillar2a6	CCSBORF300	2	CCSBORF0	3AT	1	428C>T	0	NC_000009.12:34647881:C:T	CCSBVarC007189	ENSP00000368119.4:p.Ser143Leu	GALT	ENSG00000213930	empty_AD
HsVcPillar2a6	CCSBORF300	2	CCSBORF0	3AT	1	460T>C	0	NC_000009.12:34647913:T:C	CCSBVarC007195	ENSP00000368119.4:p.Trp154Arg	GALT	ENSG00000213930	empty_AD
HsVcPillar2a6	CCSBORF300	2	CCSBORF0	3AT	1	482T>C	0	NC_000009.12:34647935:T:C	CCSBVarC007197	ENSP00000368119.4:p.Leu161Pro	GALT	ENSG00000213930	empty_AD
HsVcPillar2a6	CCSBORF300	2	CCSBORF0	3AT	1	496C>G	0	NC_000009.12:34647949:C:G	CCSBVarC007198	ENSP00000368119.4:p.Pro166Ala	GALT	ENSG00000213930	empty_AD
HsVcPillar2a6	CCSBORF300	2	CCSBORF0	3AT	1	533T>G	0	NC_000009.12:34648139:T:G	CCSBVarC018002	ENSP00000368119.4:p.Met178Arg	GALT	ENSG00000213930	empty_AD
HsVcPillar2a6	CCSBORF300	2	CCSBORF0	3AT	1	536G>A	0	NC_000009.12:34648142:G:A	CCSBVarC004984	ENSP00000368119.4:p.Gly179Asp	GALT	ENSG00000213930	empty_AD
HsVcPillar2a6	CCSBORF300	2	CCSBORF0	3AT	1	539G>T	0	NC_000009.12:34648145:G:T	CCSBVarC007206	ENSP00000368119.4:p.Cys180Phe	GALT	ENSG00000213930	empty_AD
HsVcPillar2a6	CCSBORF300	2	CCSBORF0	3AT	1	605A>C	0	NC_000009.12:34648373:A:C	CCSBVarC007224	ENSP00000368119.4:p.Glu202Ala	GALT	ENSG00000213930	empty_AD
HsVcPillar2a6	CCSBORF300	2	CCSBORF0	3AT	1	607G>A	0	NC_000009.12:34648375:G:A	CCSBVarC007225	ENSP00000368119.4:p.Glu203Lys	GALT	ENSG00000213930	empty_AD
HsVcPillar2a6	CCSBORF300	2	CCSBORF0	3AT	1	635A>C	0	NC_000009.12:34648403:A:C	CCSBVarC007228	ENSP00000368119.4:p.Gln212Pro	GALT	ENSG00000213930	empty_AD
HsVcPillar2a6	CCSBORF300	2	CCSBORF0	3AT	1	683G>C	0	NC_000009.12:34648451:G:C	CCSBVarC007234	ENSP00000368119.4:p.Arg228Thr	GALT	ENSG00000213930	empty_AD
HsVcPillar2a6	CCSBORF300	2	CCSBORF0	3AT	1	82G>T	0	NC_000009.12:34646785:G:T	CCSBVarC007140	ENSP00000368119.4:p.Asp28Tyr	GALT	ENSG00000213930	empty_AD
HsVcPillar2a6	CCSBORF300	2	CCSBORF0	3AT	1	854A>G	0	NC_000009.12:34649030:A:G	CCSBVarC007256	ENSP00000368119.4:p.Lys285Arg	GALT	ENSG00000213930	empty_AD
HsVcPillar2a6	CCSBORF300	2	CCSBORF0	3AT	1	857A>G	0	NC_000009.12:34649033:A:G	CCSBVarC007258	ENSP00000368119.4:p.Tyr286Cys	GALT	ENSG00000213930	empty_AD
HsVcPillar2a6	CCSBORF300	2	CCSBORF0	3AT	1	864C>A	0	NC_000009.12:34649040:C:A	CCSBVarC007259	ENSP00000368119.4:p.Asn288Lys	GALT	ENSG00000213930	empty_AD
HsVcPillar2a6	CCSBORF300	2	CCSBORF0	3AT	1	871G>A	0	NC_000009.12:34649047:G:A	CCSBVarC007262	ENSP00000368119.4:p.Glu291Lys	GALT	ENSG00000213930	empty_AD
HsVcPillar2a6	CCSBORF300	2	CCSBORF0	3AT	1	872A>T	0	NC_000009.12:34649048:A:T	CCSBVarC004996	ENSP00000368119.4:p.Glu291Val	GALT	ENSG00000213930	empty_AD
HsVcPillar2a6	CCSBORF300	2	CCSBORF0	3AT	1	883C>A	0	NC_000009.12:34649059:C:A	CCSBVarC007264	ENSP00000368119.4:p.Pro295Thr	GALT	ENSG00000213930	empty_AD
HsVcPillar2a6	CCSBORF300	2	CCSBORF0	3AT	1	902A>G	0	NC_000009.12:34649078:A:G	CCSBVarC007266	ENSP00000368119.4:p.His301Arg	GALT	ENSG00000213930	empty_AD
HsVcPillar2a6	CCSBORF300	2	CCSBORF0	3AT	1	974C>T	0	NC_000009.12:34649478:C:T	CCSBVarC007275	ENSP00000368119.4:p.Pro325Leu	GALT	ENSG00000213930	empty_AD
HsVcPillar2a6	CCSBORF300	2	CCSBORF0	3AT	1	985T>C	0	NC_000009.12:34649489:T:C	CCSBVarC007279	ENSP00000368119.4:p.Ser329Pro	GALT	ENSG00000213930	empty_AD
HsVcPillar2a6	CCSBORF300	2	CCSBORF0	3AT	1	998G>A	0	NC_000009.12:34649502:G:A	CCSBVarC005002	ENSP00000368119.4:p.Arg333Gln	GALT	ENSG00000213930	empty_AD
HsVcPillar2a6	CCSBORF300	6	CCSBORF0	3AT	1	REF	0	NULL	NULL	NULL	GALT	ENSG00000213930	empty_AD
HsVcPillar2a6	CCSBORF300	6	CCSBORF0	3AT	1	1006A>G	0	NC_000009.12:34649510:A:G	CCSBVarC007285	ENSP00000368119.4:p.Met336Val	GALT	ENSG00000213930	empty_AD
HsVcPillar2a6	CCSBORF300	6	CCSBORF0	3AT	1	134C>T	0	NC_000009.12:34647139:C:T	CCSBVarC007148	ENSP00000368119.4:p.Ser45Leu	GALT	ENSG00000213930	empty_AD
HsVcPillar2a6	CCSBORF300	6	CCSBORF0	3AT	1	241G>C	0	NC_000009.12:34647246:G:C	CCSBVarC017970	ENSP00000368119.4:p.Ala81Pro	GALT	ENSG00000213930	empty_AD
HsVcPillar2a6	CCSBORF300	6	CCSBORF0	3AT	1	277T>A	0	NC_000009.12:34647515:T:A	CCSBVarC007161	ENSP00000368119.4:p.Phe93Ile	GALT	ENSG00000213930	empty_AD
HsVcPillar2a6	CCSBORF300	6	CCSBORF0	3AT	1	290A>G	0	NC_000009.12:34647528:A:G	CCSBVarC007163	ENSP00000368119.4:p.Asn97Ser	GALT	ENSG00000213930	empty_AD
HsVcPillar2a6	CCSBORF300	6	CCSBORF0	3AT	1	337G>A	0	NC_000009.12:34647664:G:A	CCSBVarC004979	ENSP00000368119.4:p.Asp113Asn	GALT	ENSG00000213930	empty_AD
HsVcPillar2a6	CCSBORF300	6	CCSBORF0	3AT	1	354A>C	0	NC_000009.12:34647681:A:C	CCSBVarC007170	ENSP00000368119.4:p.Gln118His	GALT	ENSG00000213930	empty_AD
HsVcPillar2a6	CCSBORF300	6	CCSBORF0	3AT	1	424A>G	0	NC_000009.12:34647877:A:G	CCSBVarC007186	ENSP00000368119.4:p.Met142Val	GALT	ENSG00000213930	empty_AD
HsVcPillar2a6	CCSBORF300	6	CCSBORF0	3AT	1	425T>C	0	NC_000009.12:34647878:T:C	CCSBVarC007188	ENSP00000368119.4:p.Met142Thr	GALT	ENSG00000213930	empty_AD
HsVcPillar2a6	CCSBORF300	6	CCSBORF0	3AT	1	443G>A	0	NC_000009.12:34647896:G:A	CCSBVarC007192	ENSP00000368119.4:p.Arg148Gln	GALT	ENSG00000213930	empty_AD
HsVcPillar2a6	CCSBORF300	6	CCSBORF0	3AT	1	448G>C	0	NC_000009.12:34647901:G:C	CCSBVarC007193	ENSP00000368119.4:p.Val150Leu	GALT	ENSG00000213930	empty_AD
HsVcPillar2a6	CCSBORF300	6	CCSBORF0	3AT	1	452T>C	0	NC_000009.12:34647905:T:C	CCSBVarC007194	ENSP00000368119.4:p.Val151Ala	GALT	ENSG00000213930	empty_AD
HsVcPillar2a6	CCSBORF300	6	CCSBORF0	3AT	1	524G>A	0	NC_000009.12:34648130:G:A	CCSBVarC000035	ENSP00000368119.4:p.Gly175Asp	GALT	ENSG00000213930	empty_AD
HsVcPillar2a6	CCSBORF300	6	CCSBORF0	3AT	1	539G>A	0	NC_000009.12:34648145:G:A	CCSBVarC007205	ENSP00000368119.4:p.Cys180Tyr	GALT	ENSG00000213930	empty_AD
HsVcPillar2a6	CCSBORF300	6	CCSBORF0	3AT	1	541T>G	0	NC_000009.12:34648147:T:G	CCSBVarC007207	ENSP00000368119.4:p.Ser181Ala	GALT	ENSG00000213930	empty_AD
HsVcPillar2a6	CCSBORF300	6	CCSBORF0	3AT	1	553C>T	0	NC_000009.12:34648159:C:T	CCSBVarC007211	ENSP00000368119.4:p.Pro185Ser	GALT	ENSG00000213930	empty_AD
HsVcPillar2a6	CCSBORF300	6	CCSBORF0	3AT	1	554C>A	0	NC_000009.12:34648160:C:A	CCSBVarC004986	ENSP00000368119.4:p.Pro185His	GALT	ENSG00000213930	empty_AD
HsVcPillar2a6	CCSBORF300	6	CCSBORF0	3AT	1	554C>T	0	NC_000009.12:34648160:C:T	CCSBVarC007212	ENSP00000368119.4:p.Pro185Leu	GALT	ENSG00000213930	empty_AD
HsVcPillar2a6	CCSBORF300	6	CCSBORF0	3AT	1	558C>A	0	NC_000009.12:34648164:C:A	CCSBVarC007213	ENSP00000368119.4:p.His186Gln	GALT	ENSG00000213930	empty_AD
HsVcPillar2a6	CCSBORF300	6	CCSBORF0	3AT	1	562C>A	0	NC_000009.12:34648168:C:A	CCSBVarC007214	ENSP00000368119.4:p.Gln188Lys	GALT	ENSG00000213930	empty_AD
HsVcPillar2a6	CCSBORF300	6	CCSBORF0	3AT	1	563A>G	0	NC_000009.12:34648169:A:G	CCSBVarC007215	ENSP00000368119.4:p.Gln188Arg	GALT	ENSG00000213930	empty_AD
HsVcPillar2a6	CCSBORF300	6	CCSBORF0	3AT	1	574A>G	0	NC_000009.12:34648342:A:G	CCSBVarC004988	ENSP00000368119.4:p.Ser192Gly	GALT	ENSG00000213930	empty_AD
HsVcPillar2a6	CCSBORF300	6	CCSBORF0	3AT	1	595G>A	0	NC_000009.12:34648363:G:A	CCSBVarC004990	ENSP00000368119.4:p.Ala199Thr	GALT	ENSG00000213930	empty_AD
HsVcPillar2a6	CCSBORF300	6	CCSBORF0	3AT	1	748C>A	0	NC_000009.12:34648821:C:A	CCSBVarC007240	ENSP00000368119.4:p.Pro250Thr	GALT	ENSG00000213930	empty_AD
HsVcPillar2a6	CCSBORF300	6	CCSBORF0	3AT	1	752A>G	0	NC_000009.12:34648825:A:G	CCSBVarC007242	ENSP00000368119.4:p.Tyr251Cys	GALT	ENSG00000213930	empty_AD
HsVcPillar2a6	CCSBORF300	6	CCSBORF0	3AT	1	770C>T	0	NC_000009.12:34648843:C:T	CCSBVarC007244	ENSP00000368119.4:p.Pro257Leu	GALT	ENSG00000213930	empty_AD
HsVcPillar2a6	CCSBORF300	6	CCSBORF0	3AT	1	772C>T	0	NC_000009.12:34648845:C:T	CCSBVarC004995	ENSP00000368119.4:p.Arg258Cys	GALT	ENSG00000213930	empty_AD
HsVcPillar2a6	CCSBORF300	6	CCSBORF0	3AT	1	785G>C	0	NC_000009.12:34648858:G:C	CCSBVarC007247	ENSP00000368119.4:p.Arg262Pro	GALT	ENSG00000213930	empty_AD
HsVcPillar2a6	CCSBORF300	6	CCSBORF0	3AT	1	812A>G	0	NC_000009.12:34648885:A:G	CCSBVarC007250	ENSP00000368119.4:p.Glu271Gly	GALT	ENSG00000213930	empty_AD
HsVcPillar2a6	CCSBORF300	6	CCSBORF0	3AT	1	951G>T	0	NC_000009.12:34649455:G:T	CCSBVarC007269	ENSP00000368119.4:p.Gln317His	GALT	ENSG00000213930	empty_AD
HsVcPillar2a6	CCSBORF300	6	CCSBORF0	3AT	1	957C>A	0	NC_000009.12:34649461:C:A	CCSBVarC007270	ENSP00000368119.4:p.His319Gln	GALT	ENSG00000213930	empty_AD
HsVcPillar2a6	CCSBORF300	6	CCSBORF0	3AT	1	967T>C	0	NC_000009.12:34649471:T:C	CCSBVarC007273	ENSP00000368119.4:p.Tyr323His	GALT	ENSG00000213930	empty_AD
HsVcPillar2a6	CCSBORF300	6	CCSBORF0	3AT	1	998G>T	0	NC_000009.12:34649502:G:T	CCSBVarC007283	ENSP00000368119.4:p.Arg333Leu	GALT	ENSG00000213930	empty_AD
HsVcPillar2a6	CCSBORF5808	1	CCSBORF0	3AT	1	REF	1	NULL	NULL	NULL	HBB	ENSG00000244734	empty_AD
HsVcPillar2a6	CCSBORF5808	1	CCSBORF0	3AT	1	140G>A	0	NC_000011.10:5226751:C:T	CCSBVarC010096	ENSP00000333994.3:p.Gly47Glu	HBB	ENSG00000244734	empty_AD
HsVcPillar2a6	CCSBORF5808	1	CCSBORF0	3AT	1	176C>G	0	NC_000011.10:5226715:G:C	CCSBVarC010190	ENSP00000333994.3:p.Pro59Arg	HBB	ENSG00000244734	empty_AD
HsVcPillar2a6	CCSBORF5808	1	CCSBORF0	3AT	1	186G>C	0	NC_000011.10:5226705:C:G	CCSBVarC010131	ENSP00000333994.3:p.Lys62Asn	HBB	ENSG00000244734	empty_AD
HsVcPillar2a6	CCSBORF5808	1	CCSBORF0	3AT	1	190C>T	0	NC_000011.10:5226701:G:A	CCSBVarC010155	ENSP00000333994.3:p.His64Tyr	HBB	ENSG00000244734	empty_AD
HsVcPillar2a6	CCSBORF5808	1	CCSBORF0	3AT	1	212C>T	0	NC_000011.10:5226679:G:A	CCSBVarC006223	ENSP00000333994.3:p.Ala71Val	HBB	ENSG00000244734	empty_AD
HsVcPillar2a6	CCSBORF5808	1	CCSBORF0	3AT	1	23A>G	0	NC_000011.10:5226998:T:C	CCSBVarC006214	ENSP00000333994.3:p.Glu8Gly	HBB	ENSG00000244734	empty_AD
HsVcPillar2a6	CCSBORF5808	1	CCSBORF0	3AT	1	247A>G	0	NC_000011.10:5226644:T:C	CCSBVarC010174	ENSP00000333994.3:p.Lys83Glu	HBB	ENSG00000244734	empty_AD
HsVcPillar2a6	CCSBORF5808	1	CCSBORF0	3AT	1	275T>C	0	NC_000011.10:5226616:A:G	CCSBVarC010206	ENSP00000333994.3:p.Leu92Pro	HBB	ENSG00000244734	empty_AD
HsVcPillar2a6	CCSBORF5808	1	CCSBORF0	3AT	1	289C>G	0	NC_000011.10:5226602:G:C	CCSBVarC006227	ENSP00000333994.3:p.Leu97Val	HBB	ENSG00000244734	empty_AD
HsVcPillar2a6	CCSBORF5808	1	CCSBORF0	3AT	1	308A>C	0	NC_000011.10:5226583:T:G	CCSBVarC010077	ENSP00000333994.3:p.Asn103Thr	HBB	ENSG00000244734	empty_AD
HsVcPillar2a6	CCSBORF5808	1	CCSBORF0	3AT	1	312C>G	0	NC_000011.10:5226579:G:C	CCSBVarC000906	ENSP00000333994.3:p.Phe104Leu	HBB	ENSG00000244734	empty_AD
HsVcPillar2a6	CCSBORF5808	1	CCSBORF0	3AT	1	325A>G	0	NC_000011.10:5225716:T:C	CCSBVarC006231	ENSP00000333994.3:p.Asn109Asp	HBB	ENSG00000244734	empty_AD
HsVcPillar2a6	CCSBORF5808	1	CCSBORF0	3AT	1	334G>C	0	NC_000011.10:5225707:C:G	CCSBVarC010111	ENSP00000333994.3:p.Val112Leu	HBB	ENSG00000244734	empty_AD
HsVcPillar2a6	CCSBORF5808	1	CCSBORF0	3AT	1	364G>A	0	NC_000011.10:5225677:C:T	CCSBVarC006234	ENSP00000333994.3:p.Glu122Lys	HBB	ENSG00000244734	empty_AD
HsVcPillar2a6	CCSBORF5808	1	CCSBORF0	3AT	1	373C>A	0	NC_000011.10:5225668:G:T	CCSBVarC010085	ENSP00000333994.3:p.Pro125Thr	HBB	ENSG00000244734	empty_AD
HsVcPillar2a6	CCSBORF5808	1	CCSBORF0	3AT	1	383A>C	0	NC_000011.10:5225658:T:G	CCSBVarC006238	ENSP00000333994.3:p.Gln128Pro	HBB	ENSG00000244734	empty_AD
HsVcPillar2a6	CCSBORF5808	1	CCSBORF0	3AT	1	404T>A	0	NC_000011.10:5225637:A:T	CCSBVarC010200	ENSP00000333994.3:p.Val135Glu	HBB	ENSG00000244734	empty_AD
HsVcPillar2a6	CCSBORF5808	1	CCSBORF0	3AT	1	60C>A	0	NC_000011.10:5226961:G:T	CCSBVarC010117	ENSP00000333994.3:p.Asn20Lys	HBB	ENSG00000244734	empty_AD
HsVcPillar2a6	CCSBORF5808	1	CCSBORF0	3AT	1	61G>A	0	NC_000011.10:5226960:C:T	CCSBVarC010146	ENSP00000333994.3:p.Val21Met	HBB	ENSG00000244734	empty_AD
HsVcPillar2a6	CCSBORF5808	1	CCSBORF0	3AT	1	64G>T	0	NC_000011.10:5226957:C:A	CCSBVarC010104	ENSP00000333994.3:p.Asp22Tyr	HBB	ENSG00000244734	empty_AD
HsVcPillar2a6	CCSBORF5808	1	CCSBORF0	3AT	1	70G>A	0	NC_000011.10:5226951:C:T	CCSBVarC006218	ENSP00000333994.3:p.Val24Ile	HBB	ENSG00000244734	empty_AD
HsVcPillar2a6	CCSBORF5808	1	CCSBORF0	3AT	1	80A>G	0	NC_000011.10:5226941:T:C	CCSBVarC010222	ENSP00000333994.3:p.Glu27Gly	HBB	ENSG00000244734	empty_AD
HsVcPillar2a6	CCSBORF5808	1	CCSBORF0	3AT	1	8A>G	0	NC_000011.10:5227013:T:C	CCSBVarC010138	ENSP00000333994.3:p.His3Arg	HBB	ENSG00000244734	empty_AD
HsVcPillar2a6	CCSBORF4765	1	CCSBORF2012	3AT	1	REF	7	NULL	NULL	NULL	ITGB2	ENSG00000160255	LHFPL5
HsVcPillar2a6	CCSBORF4765	1	CCSBORF2012	3AT	1	1021G>C	1	NC_000021.9:44895032:C:G	CCSBVarC008390	ENSP00000498780.1:p.Ala341Pro	ITGB2	ENSG00000160255	LHFPL5
HsVcPillar2a6	CCSBORF4765	1	CCSBORF2012	3AT	1	1172C>T	0	NC_000021.9:44893455:G:A	CCSBVarC007536	ENSP00000498780.1:p.Thr391Met	ITGB2	ENSG00000160255	LHFPL5
HsVcPillar2a6	CCSBORF4765	1	CCSBORF2012	3AT	1	130A>C	0	NC_000021.9:44910300:T:G	CCSBVarC008418	ENSP00000498780.1:p.Thr44Pro	ITGB2	ENSG00000160255	LHFPL5
HsVcPillar2a6	CCSBORF4765	1	CCSBORF2012	3AT	1	1670G>C	0	NC_000021.9:44889482:C:G	CCSBVarC008425	ENSP00000498780.1:p.Cys557Ser	ITGB2	ENSG00000160255	LHFPL5
HsVcPillar2a6	CCSBORF4765	1	CCSBORF2012	3AT	1	1756C>T	0	NC_000021.9:44889396:G:A	CCSBVarC008429	ENSP00000498780.1:p.Arg586Trp	ITGB2	ENSG00000160255	LHFPL5
HsVcPillar2a6	CCSBORF4765	1	CCSBORF2012	3AT	1	1768T>C	2	NC_000021.9:44889384:A:G	CCSBVarC000703	ENSP00000498780.1:p.Cys590Arg	ITGB2	ENSG00000160255	LHFPL5
HsVcPillar2a6	CCSBORF4765	1	CCSBORF2012	3AT	1	1835G>T	5	NC_000021.9:44889317:C:A	CCSBVarC009514	ENSP00000498780.1:p.Cys612Phe	ITGB2	ENSG00000160255	LHFPL5
HsVcPillar2a6	CCSBORF4765	1	CCSBORF2012	3AT	1	2147G>C	0	NC_000021.9:44886835:C:G	CCSBVarC008410	ENSP00000498780.1:p.Gly716Ala	ITGB2	ENSG00000160255	LHFPL5
HsVcPillar2a6	CCSBORF4765	1	CCSBORF2012	3AT	1	229G>A	0	NC_000021.9:44907013:C:T	CCSBVarC008408	ENSP00000498780.1:p.Asp77Asn	ITGB2	ENSG00000160255	LHFPL5
HsVcPillar2a6	CCSBORF4765	1	CCSBORF2012	3AT	1	392A>C	0	NC_000021.9:44903471:T:G	CCSBVarC008404	ENSP00000498780.1:p.Tyr131Ser	ITGB2	ENSG00000160255	LHFPL5
HsVcPillar2a6	CCSBORF4765	1	CCSBORF2012	3AT	1	412T>C	0	NC_000021.9:44903451:A:G	CCSBVarC000701	ENSP00000498780.1:p.Ser138Pro	ITGB2	ENSG00000160255	LHFPL5
HsVcPillar2a6	CCSBORF4765	1	CCSBORF2012	3AT	1	446T>C	0	NC_000021.9:44903417:A:G	CCSBVarC007547	ENSP00000498780.1:p.Leu149Pro	ITGB2	ENSG00000160255	LHFPL5
HsVcPillar2a6	CCSBORF4765	1	CCSBORF2012	3AT	1	520A>G	3	NC_000021.9:44901712:T:C	CCSBVarC008420	ENSP00000498780.1:p.Lys174Glu	ITGB2	ENSG00000160255	LHFPL5
HsVcPillar2a6	CCSBORF4765	1	CCSBORF2012	3AT	1	533C>T	0	NC_000021.9:44901699:G:A	CCSBVarC007545	ENSP00000498780.1:p.Pro178Leu	ITGB2	ENSG00000160255	LHFPL5
HsVcPillar2a6	CCSBORF4765	1	CCSBORF2012	3AT	1	706G>A	0	NC_000021.9:44901526:C:T	CCSBVarC007542	ENSP00000498780.1:p.Gly236Arg	ITGB2	ENSG00000160255	LHFPL5
HsVcPillar2a6	CCSBORF4765	1	CCSBORF2012	3AT	1	769C>T	0	NC_000021.9:44900447:G:A	CCSBVarC008422	ENSP00000498780.1:p.Arg257Trp	ITGB2	ENSG00000160255	LHFPL5
HsVcPillar2a6	CCSBORF4765	1	CCSBORF2012	3AT	1	850G>A	0	NC_000021.9:44900366:C:T	CCSBVarC007539	ENSP00000498780.1:p.Gly284Ser	ITGB2	ENSG00000160255	LHFPL5
HsVcPillar2a6	CCSBORF4765	1	CCSBORF2012	3AT	1	899A>T	0	NC_000021.9:44899160:T:A	CCSBVarC003145	ENSP00000498780.1:p.Asp300Val	ITGB2	ENSG00000160255	LHFPL5
HsVcPillar2a6	CCSBORF4765	3	CCSBORF2012	3AT	1	REF	0	NULL	NULL	NULL	ITGB2	ENSG00000160255	LHFPL5
HsVcPillar2a6	CCSBORF4765	3	CCSBORF2012	3AT	1	130A>C	0	NC_000021.9:44910300:T:G	CCSBVarC008418	ENSP00000498780.1:p.Thr44Pro	ITGB2	ENSG00000160255	LHFPL5
HsVcPillar2a6	CCSBORF4765	3	CCSBORF2012	3AT	1	1324C>T	0	NC_000021.9:44891896:G:A	CCSBVarC007535	ENSP00000498780.1:p.Leu442Phe	ITGB2	ENSG00000160255	LHFPL5
HsVcPillar2a6	CCSBORF4765	3	CCSBORF2012	3AT	1	1358G>A	0	NC_000021.9:44891862:C:T	CCSBVarC008424	ENSP00000498780.1:p.Ser453Asn	ITGB2	ENSG00000160255	LHFPL5
HsVcPillar2a6	CCSBORF4765	3	CCSBORF2012	3AT	1	1642G>T	0	NC_000021.9:44889992:C:A	CCSBVarC007534	ENSP00000498780.1:p.Val548Phe	ITGB2	ENSG00000160255	LHFPL5
HsVcPillar2a6	CCSBORF4765	3	CCSBORF2012	3AT	1	1670G>C	0	NC_000021.9:44889482:C:G	CCSBVarC008425	ENSP00000498780.1:p.Cys557Ser	ITGB2	ENSG00000160255	LHFPL5
HsVcPillar2a6	CCSBORF4765	3	CCSBORF2012	3AT	1	1697C>T	0	NC_000021.9:44889455:G:A	CCSBVarC007533	ENSP00000498780.1:p.Pro566Leu	ITGB2	ENSG00000160255	LHFPL5
HsVcPillar2a6	CCSBORF4765	3	CCSBORF2012	3AT	1	1768T>C	0	NC_000021.9:44889384:A:G	CCSBVarC000703	ENSP00000498780.1:p.Cys590Arg	ITGB2	ENSG00000160255	LHFPL5
HsVcPillar2a6	CCSBORF4765	3	CCSBORF2012	3AT	1	2210G>A	0	NC_000021.9:44886772:C:T	CCSBVarC007532	ENSP00000498780.1:p.Arg737His	ITGB2	ENSG00000160255	LHFPL5
HsVcPillar2a6	CCSBORF4765	3	CCSBORF2012	3AT	1	253G>A	0	NC_000021.9:44906989:C:T	CCSBVarC007548	ENSP00000498780.1:p.Ala85Thr	ITGB2	ENSG00000160255	LHFPL5
HsVcPillar2a6	CCSBORF4765	3	CCSBORF2012	3AT	1	400G>A	0	NC_000021.9:44903463:C:T	CCSBVarC008399	ENSP00000498780.1:p.Asp134Asn	ITGB2	ENSG00000160255	LHFPL5
HsVcPillar2a6	CCSBORF4765	3	CCSBORF2012	3AT	1	587A>C	0	NC_000021.9:44901645:T:G	CCSBVarC007544	ENSP00000498780.1:p.Lys196Thr	ITGB2	ENSG00000160255	LHFPL5
HsVcPillar2a6	CCSBORF4765	3	CCSBORF2012	3AT	1	589G>A	0	NC_000021.9:44901643:C:T	CCSBVarC007543	ENSP00000498780.1:p.Glu197Lys	ITGB2	ENSG00000160255	LHFPL5
HsVcPillar2a6	CCSBORF4765	3	CCSBORF2012	3AT	1	706G>A	0	NC_000021.9:44901526:C:T	CCSBVarC007542	ENSP00000498780.1:p.Gly236Arg	ITGB2	ENSG00000160255	LHFPL5
HsVcPillar2a6	CCSBORF4765	3	CCSBORF2012	3AT	1	809C>T	0	NC_000021.9:44900407:G:A	CCSBVarC008389	ENSP00000498780.1:p.Ala270Val	ITGB2	ENSG00000160255	LHFPL5
HsVcPillar2a6	CCSBORF4765	3	CCSBORF2012	3AT	1	847G>A	0	NC_000021.9:44900369:C:T	CCSBVarC007540	ENSP00000498780.1:p.Asp283Asn	ITGB2	ENSG00000160255	LHFPL5
HsVcPillar2a6	CCSBORF4765	3	CCSBORF2012	3AT	1	853C>T	0	NC_000021.9:44900363:G:A	CCSBVarC007538	ENSP00000498780.1:p.Arg285Cys	ITGB2	ENSG00000160255	LHFPL5
HsVcPillar2a6	CCSBORF4765	3	CCSBORF2012	3AT	1	899A>T	0	NC_000021.9:44899160:T:A	CCSBVarC003145	ENSP00000498780.1:p.Asp300Val	ITGB2	ENSG00000160255	LHFPL5
HsVcPillar2a6	CCSBORF100016069	3	CCSBORF0	3AT	1	REF	0	NULL	NULL	NULL	KCNJ2	ENSG00000123700	empty_AD
HsVcPillar2a6	CCSBORF100016069	3	CCSBORF0	3AT	1	119G>A	0	NC_000017.11:70175157:G:A	CCSBVarC008308	ENSP00000243457.2:p.Arg40Gln	KCNJ2	ENSG00000123700	empty_AD
HsVcPillar2a6	CCSBORF100016069	3	CCSBORF0	3AT	1	1229A>G	0	NC_000017.11:70176267:A:G	CCSBVarC008357	ENSP00000243457.2:p.Asn410Ser	KCNJ2	ENSG00000123700	empty_AD
HsVcPillar2a6	CCSBORF100016069	3	CCSBORF0	3AT	1	1244C>T	0	NC_000017.11:70176282:C:T	CCSBVarC008358	ENSP00000243457.2:p.Pro415Leu	KCNJ2	ENSG00000123700	empty_AD
HsVcPillar2a6	CCSBORF100016069	3	CCSBORF0	3AT	1	161G>T	0	NC_000017.11:70175199:G:T	CCSBVarC008310	ENSP00000243457.2:p.Cys54Phe	KCNJ2	ENSG00000123700	empty_AD
HsVcPillar2a6	CCSBORF100016069	3	CCSBORF0	3AT	1	200G>A	0	NC_000017.11:70175238:G:A	CCSBVarC008312	ENSP00000243457.2:p.Arg67Gln	KCNJ2	ENSG00000123700	empty_AD
HsVcPillar2a6	CCSBORF100016069	3	CCSBORF0	3AT	1	208G>A	0	NC_000017.11:70175246:G:A	CCSBVarC008313	ENSP00000243457.2:p.Ala70Thr	KCNJ2	ENSG00000123700	empty_AD
HsVcPillar2a6	CCSBORF100016069	3	CCSBORF0	3AT	1	208G>T	0	NC_000017.11:70175246:G:T	CCSBVarC008314	ENSP00000243457.2:p.Ala70Ser	KCNJ2	ENSG00000123700	empty_AD
HsVcPillar2a6	CCSBORF100016069	3	CCSBORF0	3AT	1	211G>C	0	NC_000017.11:70175249:G:C	CCSBVarC008316	ENSP00000243457.2:p.Asp71His	KCNJ2	ENSG00000123700	empty_AD
HsVcPillar2a6	CCSBORF100016069	3	CCSBORF0	3AT	1	226T>G	0	NC_000017.11:70175264:T:G	CCSBVarC008320	ENSP00000243457.2:p.Cys76Gly	KCNJ2	ENSG00000123700	empty_AD
HsVcPillar2a6	CCSBORF100016069	3	CCSBORF0	3AT	1	232G>T	0	NC_000017.11:70175270:G:T	CCSBVarC035501	ENSP00000243457.2:p.Asp78Tyr	KCNJ2	ENSG00000123700	empty_AD
HsVcPillar2a6	CCSBORF100016069	3	CCSBORF0	3AT	1	233A>G	0	NC_000017.11:70175271:A:G	CCSBVarC008321	ENSP00000243457.2:p.Asp78Gly	KCNJ2	ENSG00000123700	empty_AD
HsVcPillar2a6	CCSBORF100016069	3	CCSBORF0	3AT	1	256G>T	0	NC_000017.11:70175294:G:T	CCSBVarC008324	ENSP00000243457.2:p.Val86Phe	KCNJ2	ENSG00000123700	empty_AD
HsVcPillar2a6	CCSBORF100016069	3	CCSBORF0	3AT	1	277G>A	0	NC_000017.11:70175315:G:A	CCSBVarC008325	ENSP00000243457.2:p.Val93Ile	KCNJ2	ENSG00000123700	empty_AD
HsVcPillar2a6	CCSBORF100016069	3	CCSBORF0	3AT	1	557C>T	0	NC_000017.11:70175595:C:T	CCSBVarC008330	ENSP00000243457.2:p.Pro186Leu	KCNJ2	ENSG00000123700	empty_AD
HsVcPillar2a6	CCSBORF100016069	3	CCSBORF0	3AT	1	566G>A	0	NC_000017.11:70175604:G:A	CCSBVarC008332	ENSP00000243457.2:p.Arg189Lys	KCNJ2	ENSG00000123700	empty_AD
HsVcPillar2a6	CCSBORF100016069	3	CCSBORF0	3AT	1	566G>T	0	NC_000017.11:70175604:G:T	CCSBVarC008333	ENSP00000243457.2:p.Arg189Ile	KCNJ2	ENSG00000123700	empty_AD
HsVcPillar2a6	CCSBORF100016069	3	CCSBORF0	3AT	1	574A>G	0	NC_000017.11:70175612:A:G	CCSBVarC035585	ENSP00000243457.2:p.Thr192Ala	KCNJ2	ENSG00000123700	empty_AD
HsVcPillar2a6	CCSBORF100016069	3	CCSBORF0	3AT	1	616G>A	0	NC_000017.11:70175654:G:A	CCSBVarC008334	ENSP00000243457.2:p.Gly206Ser	KCNJ2	ENSG00000123700	empty_AD
HsVcPillar2a6	CCSBORF100016069	3	CCSBORF0	3AT	1	646A>C	0	NC_000017.11:70175684:A:C	CCSBVarC008336	ENSP00000243457.2:p.Asn216His	KCNJ2	ENSG00000123700	empty_AD
HsVcPillar2a6	CCSBORF100016069	3	CCSBORF0	3AT	1	773T>C	0	NC_000017.11:70175811:T:C	CCSBVarC008337	ENSP00000243457.2:p.Ile258Thr	KCNJ2	ENSG00000123700	empty_AD
HsVcPillar2a6	CCSBORF100016069	3	CCSBORF0	3AT	1	779G>C	0	NC_000017.11:70175817:G:C	CCSBVarC008338	ENSP00000243457.2:p.Arg260Pro	KCNJ2	ENSG00000123700	empty_AD
HsVcPillar2a6	CCSBORF100016069	3	CCSBORF0	3AT	1	806T>A	0	NC_000017.11:70175844:T:A	CCSBVarC008339	ENSP00000243457.2:p.Ile269Lys	KCNJ2	ENSG00000123700	empty_AD
HsVcPillar2a6	CCSBORF100016069	3	CCSBORF0	3AT	1	901A>G	0	NC_000017.11:70175939:A:G	CCSBVarC008346	ENSP00000243457.2:p.Met301Val	KCNJ2	ENSG00000123700	empty_AD
HsVcPillar2a6	CCSBORF100016069	3	CCSBORF0	3AT	1	902T>G	0	NC_000017.11:70175940:T:G	CCSBVarC008347	ENSP00000243457.2:p.Met301Arg	KCNJ2	ENSG00000123700	empty_AD
HsVcPillar2a6	CCSBORF100016069	3	CCSBORF0	3AT	1	953A>G	0	NC_000017.11:70175991:A:G	CCSBVarC008350	ENSP00000243457.2:p.Asn318Ser	KCNJ2	ENSG00000123700	empty_AD
HsVcPillar2a6	CCSBORF100016069	3	CCSBORF0	3AT	1	973C>T	0	NC_000017.11:70176011:C:T	CCSBVarC008352	ENSP00000243457.2:p.Arg325Cys	KCNJ2	ENSG00000123700	empty_AD
HsVcPillar2a6	CCSBORF100016069	3	CCSBORF0	3AT	1	976T>A	0	NC_000017.11:70176014:T:A	CCSBVarC008353	ENSP00000243457.2:p.Tyr326Asn	KCNJ2	ENSG00000123700	empty_AD
HsVcPillar2a6	CCSBORF359	3	CCSBORF5539	3AT	1	REF	2572	NULL	NULL	NULL	CBS	ENSG00000160200	ZMYM5
HsVcPillar2a6	CCSBORF359	3	CCSBORF5539	3AT	1	1007G>A	6	NC_000021.9:43062342:C:T	CCSBVarC007316	ENSP00000381231.4:p.Arg336His	CBS	ENSG00000160200	ZMYM5
HsVcPillar2a6	CCSBORF359	3	CCSBORF5539	3AT	1	1070C>G	3	NC_000021.9:43060515:G:C	CCSBVarC007311	ENSP00000381231.4:p.Ala357Gly	CBS	ENSG00000160200	ZMYM5
HsVcPillar2a6	CCSBORF359	3	CCSBORF5539	3AT	1	1109G>A	23	NC_000021.9:43060476:C:T	CCSBVarC007309	ENSP00000381231.4:p.Cys370Tyr	CBS	ENSG00000160200	ZMYM5
HsVcPillar2a6	CCSBORF359	3	CCSBORF5539	3AT	1	112G>A	12	NC_000021.9:43072081:C:T	CCSBVarC007365	ENSP00000381231.4:p.Ala38Thr	CBS	ENSG00000160200	ZMYM5
HsVcPillar2a6	CCSBORF359	3	CCSBORF5539	3AT	1	1265C>T	1454	NC_000021.9:43058926:G:A	CCSBVarC007304	ENSP00000381231.4:p.Pro422Leu	CBS	ENSG00000160200	ZMYM5
HsVcPillar2a6	CCSBORF359	3	CCSBORF5539	3AT	1	133C>T	12609	NC_000021.9:43072060:G:A	CCSBVarC007364	ENSP00000381231.4:p.Arg45Trp	CBS	ENSG00000160200	ZMYM5
HsVcPillar2a6	CCSBORF359	3	CCSBORF5539	3AT	1	1353G>C	2	NC_000021.9:43058838:C:G	CCSBVarC007301	ENSP00000381231.4:p.Glu451Asp	CBS	ENSG00000160200	ZMYM5
HsVcPillar2a6	CCSBORF359	3	CCSBORF5539	3AT	1	1358G>A	6	NC_000021.9:43058833:C:T	CCSBVarC007299	ENSP00000381231.4:p.Gly453Glu	CBS	ENSG00000160200	ZMYM5
HsVcPillar2a6	CCSBORF359	3	CCSBORF5539	3AT	1	1411G>A	4	NC_000021.9:43058200:C:T	CCSBVarC007297	ENSP00000381231.4:p.Gly471Arg	CBS	ENSG00000160200	ZMYM5
HsVcPillar2a6	CCSBORF359	3	CCSBORF5539	3AT	1	1539C>G	147	NC_000021.9:43056815:G:C	CCSBVarC007295	ENSP00000381231.4:p.His513Gln	CBS	ENSG00000160200	ZMYM5
HsVcPillar2a6	CCSBORF359	3	CCSBORF5539	3AT	1	209C>T	2630	NC_000021.9:43071984:G:A	CCSBVarC007361	ENSP00000381231.4:p.Pro70Leu	CBS	ENSG00000160200	ZMYM5
HsVcPillar2a6	CCSBORF359	3	CCSBORF5539	3AT	1	215A>T	716	NC_000021.9:43068609:T:A	CCSBVarC007360	ENSP00000381231.4:p.Lys72Ile	CBS	ENSG00000160200	ZMYM5
HsVcPillar2a6	CCSBORF359	3	CCSBORF5539	3AT	1	296T>A	2946	NC_000021.9:43068528:A:T	CCSBVarC007357	ENSP00000381231.4:p.Phe99Tyr	CBS	ENSG00000160200	ZMYM5
HsVcPillar2a6	CCSBORF359	3	CCSBORF5539	3AT	1	297C>G	482	NC_000021.9:43068527:G:C	CCSBVarC007356	ENSP00000381231.4:p.Phe99Leu	CBS	ENSG00000160200	ZMYM5
HsVcPillar2a6	CCSBORF359	3	CCSBORF5539	3AT	1	340G>A	13	NC_000021.9:43066353:C:T	CCSBVarC007351	ENSP00000381231.4:p.Ala114Thr	CBS	ENSG00000160200	ZMYM5
HsVcPillar2a6	CCSBORF359	3	CCSBORF5539	3AT	1	394C>A	2	NC_000021.9:43066299:G:T	CCSBVarC007345	ENSP00000381231.4:p.Arg132Ser	CBS	ENSG00000160200	ZMYM5
HsVcPillar2a6	CCSBORF359	3	CCSBORF5539	3AT	1	401G>C	19	NC_000021.9:43066292:C:G	CCSBVarC007341	ENSP00000381231.4:p.Gly134Ala	CBS	ENSG00000160200	ZMYM5
HsVcPillar2a6	CCSBORF359	3	CCSBORF5539	3AT	1	429C>G	10	NC_000021.9:43066264:G:C	CCSBVarC008694	ENSP00000381231.4:p.Ile143Met	CBS	ENSG00000160200	ZMYM5
HsVcPillar2a6	CCSBORF359	3	CCSBORF5539	3AT	1	5C>T	4	NC_000021.9:43072188:G:A	CCSBVarC007369	ENSP00000381231.4:p.Pro2Leu	CBS	ENSG00000160200	ZMYM5
HsVcPillar2a6	CCSBORF359	3	CCSBORF5539	3AT	1	622T>C	4	NC_000021.9:43065430:A:G	CCSBVarC007331	ENSP00000381231.4:p.Trp208Arg	CBS	ENSG00000160200	ZMYM5
HsVcPillar2a6	CCSBORF359	3	CCSBORF5539	3AT	1	65A>G	30	NC_000021.9:43072128:T:C	CCSBVarC007366	ENSP00000381231.4:p.His22Arg	CBS	ENSG00000160200	ZMYM5
HsVcPillar2a6	CCSBORF359	3	CCSBORF5539	3AT	1	750G>A	93	NC_000021.9:43063977:C:T	CCSBVarC007327	ENSP00000381231.4:p.Met250Ile	CBS	ENSG00000160200	ZMYM5
HsVcPillar2a6	CCSBORF359	3	CCSBORF5539	3AT	1	770C>T	71	NC_000021.9:43063957:G:A	CCSBVarC007326	ENSP00000381231.4:p.Thr257Met	CBS	ENSG00000160200	ZMYM5
HsVcPillar2a6	CCSBORF359	3	CCSBORF5539	3AT	1	857T>C	1	NC_000021.9:43063049:A:G	CCSBVarC007322	ENSP00000381231.4:p.Ile286Thr	CBS	ENSG00000160200	ZMYM5
HsVcPillar2a6	CCSBORF359	3	CCSBORF5539	3AT	1	953C>T	6	NC_000021.9:43062953:G:A	CCSBVarC007320	ENSP00000381231.4:p.Thr318Met	CBS	ENSG00000160200	ZMYM5
HsVcPillar2a6	CCSBORF12573	2	CCSBORF5539	3AT	1	REF	4726	NULL	NULL	NULL	DES	ENSG00000175084	ZMYM5
HsVcPillar2a6	CCSBORF12573	2	CCSBORF5539	3AT	1	1027G>A	2157	NC_000002.12:219421342:G:A	CCSBVarC007854	ENSP00000363071.3:p.Asp343Asn	DES	ENSG00000175084	ZMYM5
HsVcPillar2a6	CCSBORF12573	2	CCSBORF5539	3AT	1	1048C>T	3582	NC_000002.12:219421363:C:T	CCSBVarC007859	ENSP00000363071.3:p.Arg350Trp	DES	ENSG00000175084	ZMYM5
HsVcPillar2a6	CCSBORF12573	2	CCSBORF5539	3AT	1	1133A>C	106	NC_000002.12:219421448:A:C	CCSBVarC007865	ENSP00000363071.3:p.Lys378Thr	DES	ENSG00000175084	ZMYM5
HsVcPillar2a6	CCSBORF12573	2	CCSBORF5539	3AT	1	1166A>C	180	NC_000002.12:219421481:A:C	CCSBVarC007868	ENSP00000363071.3:p.Gln389Pro	DES	ENSG00000175084	ZMYM5
HsVcPillar2a6	CCSBORF12573	2	CCSBORF5539	3AT	1	1175T>C	1968	NC_000002.12:219421490:T:C	CCSBVarC007870	ENSP00000363071.3:p.Leu392Pro	DES	ENSG00000175084	ZMYM5
HsVcPillar2a6	CCSBORF12573	2	CCSBORF5539	3AT	1	1195G>T	2	NC_000002.12:219421510:G:T	CCSBVarC007874	ENSP00000363071.3:p.Asp399Tyr	DES	ENSG00000175084	ZMYM5
HsVcPillar2a6	CCSBORF12573	2	CCSBORF5539	3AT	1	1203G>C	1958	NC_000002.12:219421518:G:C	CCSBVarC028104	ENSP00000363071.3:p.Glu401Asp	DES	ENSG00000175084	ZMYM5
HsVcPillar2a6	CCSBORF12573	2	CCSBORF5539	3AT	1	1243C>T	26	NC_000002.12:219421558:C:T	CCSBVarC007878	ENSP00000363071.3:p.Arg415Trp	DES	ENSG00000175084	ZMYM5
HsVcPillar2a6	CCSBORF12573	2	CCSBORF5539	3AT	1	1255C>T	11	NC_000002.12:219423786:C:T	CCSBVarC006508	ENSP00000363071.3:p.Pro419Ser	DES	ENSG00000175084	ZMYM5
HsVcPillar2a6	CCSBORF12573	2	CCSBORF5539	3AT	1	127A>G	38	NC_000002.12:219418588:A:G	CCSBVarC007791	ENSP00000363071.3:p.Lys43Glu	DES	ENSG00000175084	ZMYM5
HsVcPillar2a6	CCSBORF12573	2	CCSBORF5539	3AT	1	130G>A	176	NC_000002.12:219418591:G:A	CCSBVarC007792	ENSP00000363071.3:p.Gly44Ser	DES	ENSG00000175084	ZMYM5
HsVcPillar2a6	CCSBORF12573	2	CCSBORF5539	3AT	1	1346A>C	1292	NC_000002.12:219425719:A:C	CCSBVarC007886	ENSP00000363071.3:p.Lys449Thr	DES	ENSG00000175084	ZMYM5
HsVcPillar2a6	CCSBORF12573	2	CCSBORF5539	3AT	1	1353C>G	2884	NC_000002.12:219425726:C:G	CCSBVarC007887	ENSP00000363071.3:p.Ile451Met	DES	ENSG00000175084	ZMYM5
HsVcPillar2a6	CCSBORF12573	2	CCSBORF5539	3AT	1	1404A>C	2485	NC_000002.12:219425980:A:C	CCSBVarC007892	ENSP00000363071.3:p.Glu468Asp	DES	ENSG00000175084	ZMYM5
HsVcPillar2a6	CCSBORF12573	2	CCSBORF5539	3AT	1	154C>A	1796	NC_000002.12:219418615:C:A	CCSBVarC007793	ENSP00000363071.3:p.Arg52Ser	DES	ENSG00000175084	ZMYM5
HsVcPillar2a6	CCSBORF12573	2	CCSBORF5539	3AT	1	170C>T	1106	NC_000002.12:219418631:C:T	CCSBVarC007795	ENSP00000363071.3:p.Ser57Leu	DES	ENSG00000175084	ZMYM5
HsVcPillar2a6	CCSBORF12573	2	CCSBORF5539	3AT	1	229A>G	61	NC_000002.12:219418690:A:G	CCSBVarC028052	ENSP00000363071.3:p.Thr77Ala	DES	ENSG00000175084	ZMYM5
HsVcPillar2a6	CCSBORF12573	2	CCSBORF5539	3AT	1	376G>T	1718	NC_000002.12:219418837:G:T	CCSBVarC007809	ENSP00000363071.3:p.Val126Leu	DES	ENSG00000175084	ZMYM5
HsVcPillar2a6	CCSBORF12573	2	CCSBORF5539	3AT	1	38C>T	204	NC_000002.12:219418499:C:T	CCSBVarC007783	ENSP00000363071.3:p.Ser13Phe	DES	ENSG00000175084	ZMYM5
HsVcPillar2a6	CCSBORF12573	2	CCSBORF5539	3AT	1	407T>C	9	NC_000002.12:219418868:T:C	CCSBVarC007813	ENSP00000363071.3:p.Leu136Pro	DES	ENSG00000175084	ZMYM5
HsVcPillar2a6	CCSBORF12573	2	CCSBORF5539	3AT	1	449G>A	14	NC_000002.12:219418910:G:A	CCSBVarC007816	ENSP00000363071.3:p.Arg150Gln	DES	ENSG00000175084	ZMYM5
HsVcPillar2a6	CCSBORF12573	2	CCSBORF5539	3AT	1	46C>T	2717	NC_000002.12:219418507:C:T	CCSBVarC007784	ENSP00000363071.3:p.Arg16Cys	DES	ENSG00000175084	ZMYM5
HsVcPillar2a6	CCSBORF12573	2	CCSBORF5539	3AT	1	529G>A	678	NC_000002.12:219418990:G:A	CCSBVarC007819	ENSP00000363071.3:p.Asp177Asn	DES	ENSG00000175084	ZMYM5
HsVcPillar2a6	CCSBORF12573	2	CCSBORF5539	3AT	1	566G>A	435	NC_000002.12:219419027:G:A	CCSBVarC007821	ENSP00000363071.3:p.Arg189Gln	DES	ENSG00000175084	ZMYM5
HsVcPillar2a6	CCSBORF12573	2	CCSBORF5539	3AT	1	58G>A	171	NC_000002.12:219418519:G:A	CCSBVarC007785	ENSP00000363071.3:p.Gly20Arg	DES	ENSG00000175084	ZMYM5
HsVcPillar2a6	CCSBORF12573	2	CCSBORF5539	3AT	1	623T>C	48	NC_000002.12:219420138:T:C	CCSBVarC007822	ENSP00000363071.3:p.Leu208Ser	DES	ENSG00000175084	ZMYM5
HsVcPillar2a6	CCSBORF12573	2	CCSBORF5539	3AT	1	638C>T	2154	NC_000002.12:219420153:C:T	CCSBVarC007825	ENSP00000363071.3:p.Ala213Val	DES	ENSG00000175084	ZMYM5
HsVcPillar2a6	CCSBORF12573	2	CCSBORF5539	3AT	1	785A>T	2267	NC_000002.12:219420543:A:T	CCSBVarC007837	ENSP00000363071.3:p.Glu262Val	DES	ENSG00000175084	ZMYM5
HsVcPillar2a6	CCSBORF12573	2	CCSBORF5539	3AT	1	853G>A	168	NC_000002.12:219420611:G:A	CCSBVarC007840	ENSP00000363071.3:p.Ala285Thr	DES	ENSG00000175084	ZMYM5
HsVcPillar2a6	CCSBORF12573	2	CCSBORF5539	3AT	1	974G>A	52	NC_000002.12:219420903:G:A	CCSBVarC007845	ENSP00000363071.3:p.Arg325Gln	DES	ENSG00000175084	ZMYM5
HsVcPillar2a6	CCSBORF12573	2	CCSBORF5539	3AT	1	976C>T	4	NC_000002.12:219420905:C:T	CCSBVarC007846	ENSP00000363071.3:p.His326Tyr	DES	ENSG00000175084	ZMYM5
HsVcPillar2a6	CCSBORF7923	1	CCSBORF6953	3AT	1	REF	0	NULL	NULL	NULL	FAH	ENSG00000103876	PLEKHF2
HsVcPillar2a6	CCSBORF7923	1	CCSBORF6953	3AT	1	1027G>A	0	NC_000015.10:80180189:G:A	CCSBVarC025379	ENSP00000453347.2:p.Gly343Arg	FAH	ENSG00000103876	PLEKHF2
HsVcPillar2a6	CCSBORF7923	1	CCSBORF6953	3AT	1	1027G>T	0	NC_000015.10:80180189:G:T	CCSBVarC025383	ENSP00000453347.2:p.Gly343Trp	FAH	ENSG00000103876	PLEKHF2
HsVcPillar2a6	CCSBORF7923	1	CCSBORF6953	3AT	1	1028G>A	0	NC_000015.10:80180190:G:A	CCSBVarC025390	ENSP00000453347.2:p.Gly343Glu	FAH	ENSG00000103876	PLEKHF2
HsVcPillar2a6	CCSBORF7923	1	CCSBORF6953	3AT	1	1090G>C	0	NC_000015.10:80181068:G:C	CCSBVarC025393	ENSP00000453347.2:p.Glu364Gln	FAH	ENSG00000103876	PLEKHF2
HsVcPillar2a6	CCSBORF7923	1	CCSBORF6953	3AT	1	10A>C	0	NC_000015.10:80153063:A:C	CCSBVarC025280	ENSP00000453347.2:p.Ile4Leu	FAH	ENSG00000103876	PLEKHF2
HsVcPillar2a6	CCSBORF7923	1	CCSBORF6953	3AT	1	122T>C	0	NC_000015.10:80158099:T:C	CCSBVarC025294	ENSP00000453347.2:p.Leu41Pro	FAH	ENSG00000103876	PLEKHF2
HsVcPillar2a6	CCSBORF7923	1	CCSBORF6953	3AT	1	391C>T	0	NC_000015.10:80162271:C:T	CCSBVarC025297	ENSP00000453347.2:p.Arg131Trp	FAH	ENSG00000103876	PLEKHF2
HsVcPillar2a6	CCSBORF7923	1	CCSBORF6953	3AT	1	398A>T	0	NC_000015.10:80162278:A:T	CCSBVarC025300	ENSP00000453347.2:p.His133Leu	FAH	ENSG00000103876	PLEKHF2
HsVcPillar2a6	CCSBORF7923	1	CCSBORF6953	3AT	1	424A>G	0	NC_000015.10:80162304:A:G	CCSBVarC025306	ENSP00000453347.2:p.Arg142Gly	FAH	ENSG00000103876	PLEKHF2
HsVcPillar2a6	CCSBORF7923	1	CCSBORF6953	3AT	1	497T>G	0	NC_000015.10:80168092:T:G	CCSBVarC025309	ENSP00000453347.2:p.Val166Gly	FAH	ENSG00000103876	PLEKHF2
HsVcPillar2a6	CCSBORF7923	1	CCSBORF6953	3AT	1	53C>T	0	NC_000015.10:80153106:C:T	CCSBVarC025288	ENSP00000453347.2:p.Pro18Leu	FAH	ENSG00000103876	PLEKHF2
HsVcPillar2a6	CCSBORF7923	1	CCSBORF6953	3AT	1	61G>T	0	NC_000015.10:80153114:G:T	CCSBVarC025291	ENSP00000453347.2:p.Val21Phe	FAH	ENSG00000103876	PLEKHF2
HsVcPillar2a6	CCSBORF7923	1	CCSBORF6953	3AT	1	697G>A	0	NC_000015.10:80172238:G:A	CCSBVarC025329	ENSP00000453347.2:p.Asp233Asn	FAH	ENSG00000103876	PLEKHF2
HsVcPillar2a6	CCSBORF7923	1	CCSBORF6953	3AT	1	700T>G	0	NC_000015.10:80172241:T:G	CCSBVarC025333	ENSP00000453347.2:p.Trp234Gly	FAH	ENSG00000103876	PLEKHF2
HsVcPillar2a6	CCSBORF7923	1	CCSBORF6953	3AT	1	742G>A	0	NC_000015.10:80173048:G:A	CCSBVarC025336	ENSP00000453347.2:p.Gly248Arg	FAH	ENSG00000103876	PLEKHF2
HsVcPillar2a6	CCSBORF7923	1	CCSBORF6953	3AT	1	745C>A	0	NC_000015.10:80173051:C:A	CCSBVarC025339	ENSP00000453347.2:p.Pro249Thr	FAH	ENSG00000103876	PLEKHF2
HsVcPillar2a6	CCSBORF7923	1	CCSBORF6953	3AT	1	880A>C	0	NC_000015.10:80175057:A:C	CCSBVarC025345	ENSP00000453347.2:p.Thr294Pro	FAH	ENSG00000103876	PLEKHF2
HsVcPillar2a6	CCSBORF7923	1	CCSBORF6953	3AT	1	974C>T	0	NC_000015.10:80180136:C:T	CCSBVarC025348	ENSP00000453347.2:p.Thr325Met	FAH	ENSG00000103876	PLEKHF2
HsVcPillar2a6	CCSBORF300	3	CCSBORF8190	3AT	1	REF	1865	NULL	NULL	NULL	GALT	ENSG00000213930	UBTD2
HsVcPillar2a6	CCSBORF300	3	CCSBORF8190	3AT	1	1024C>A	24	NC_000009.12:34649528:C:A	CCSBVarC007288	ENSP00000368119.4:p.Leu342Ile	GALT	ENSG00000213930	UBTD2
HsVcPillar2a6	CCSBORF300	3	CCSBORF8190	3AT	1	107C>T	1370	NC_000009.12:34647112:C:T	CCSBVarC004975	ENSP00000368119.4:p.Pro36Leu	GALT	ENSG00000213930	UBTD2
HsVcPillar2a6	CCSBORF300	3	CCSBORF8190	3AT	1	1087G>A	10	NC_000009.12:34650395:G:A	CCSBVarC007293	ENSP00000368119.4:p.Glu363Lys	GALT	ENSG00000213930	UBTD2
HsVcPillar2a6	CCSBORF300	3	CCSBORF8190	3AT	1	1132A>G	133	NC_000009.12:34650440:A:G	CCSBVarC007294	ENSP00000368119.4:p.Ile378Val	GALT	ENSG00000213930	UBTD2
HsVcPillar2a6	CCSBORF300	3	CCSBORF8190	3AT	1	118G>A	10	NC_000009.12:34647123:G:A	CCSBVarC007146	ENSP00000368119.4:p.Glu40Lys	GALT	ENSG00000213930	UBTD2
HsVcPillar2a6	CCSBORF300	3	CCSBORF8190	3AT	1	130G>A	10758	NC_000009.12:34647135:G:A	CCSBVarC007147	ENSP00000368119.4:p.Val44Met	GALT	ENSG00000213930	UBTD2
HsVcPillar2a6	CCSBORF300	3	CCSBORF8190	3AT	1	130G>T	13	NC_000009.12:34647135:G:T	CCSBVarC004976	ENSP00000368119.4:p.Val44Leu	GALT	ENSG00000213930	UBTD2
HsVcPillar2a6	CCSBORF300	3	CCSBORF8190	3AT	1	292G>A	282	NC_000009.12:34647530:G:A	CCSBVarC007164	ENSP00000368119.4:p.Asp98Asn	GALT	ENSG00000213930	UBTD2
HsVcPillar2a6	CCSBORF300	3	CCSBORF8190	3AT	1	292G>C	11198	NC_000009.12:34647530:G:C	CCSBVarC007165	ENSP00000368119.4:p.Asp98His	GALT	ENSG00000213930	UBTD2
HsVcPillar2a6	CCSBORF300	3	CCSBORF8190	3AT	1	308A>G	45	NC_000009.12:34647546:A:G	CCSBVarC007167	ENSP00000368119.4:p.Gln103Arg	GALT	ENSG00000213930	UBTD2
HsVcPillar2a6	CCSBORF300	3	CCSBORF8190	3AT	1	341A>C	9258	NC_000009.12:34647668:A:C	CCSBVarC007169	ENSP00000368119.4:p.His114Pro	GALT	ENSG00000213930	UBTD2
HsVcPillar2a6	CCSBORF300	3	CCSBORF8190	3AT	1	367C>G	15	NC_000009.12:34647694:C:G	CCSBVarC007171	ENSP00000368119.4:p.Arg123Gly	GALT	ENSG00000213930	UBTD2
HsVcPillar2a6	CCSBORF300	3	CCSBORF8190	3AT	1	386T>C	5042	NC_000009.12:34647839:T:C	CCSBVarC007176	ENSP00000368119.4:p.Met129Thr	GALT	ENSG00000213930	UBTD2
HsVcPillar2a6	CCSBORF300	3	CCSBORF8190	3AT	1	387G>A	20673	NC_000009.12:34647840:G:A	CCSBVarC007177	ENSP00000368119.4:p.Met129Ile	GALT	ENSG00000213930	UBTD2
HsVcPillar2a6	CCSBORF300	3	CCSBORF8190	3AT	1	442C>T	16	NC_000009.12:34647895:C:T	CCSBVarC007191	ENSP00000368119.4:p.Arg148Trp	GALT	ENSG00000213930	UBTD2
HsVcPillar2a6	CCSBORF300	3	CCSBORF8190	3AT	1	502G>A	21	NC_000009.12:34647955:G:A	CCSBVarC007200	ENSP00000368119.4:p.Val168Met	GALT	ENSG00000213930	UBTD2
HsVcPillar2a6	CCSBORF300	3	CCSBORF8190	3AT	1	556C>T	33	NC_000009.12:34648162:C:T	CCSBVarC004987	ENSP00000368119.4:p.His186Tyr	GALT	ENSG00000213930	UBTD2
HsVcPillar2a6	CCSBORF300	3	CCSBORF8190	3AT	1	580T>C	23	NC_000009.12:34648348:T:C	CCSBVarC007219	ENSP00000368119.4:p.Phe194Leu	GALT	ENSG00000213930	UBTD2
HsVcPillar2a6	CCSBORF300	3	CCSBORF8190	3AT	1	584T>C	2	NC_000009.12:34648352:T:C	CCSBVarC007220	ENSP00000368119.4:p.Leu195Pro	GALT	ENSG00000213930	UBTD2
HsVcPillar2a6	CCSBORF300	3	CCSBORF8190	3AT	1	626A>C	72	NC_000009.12:34648394:A:C	CCSBVarC007227	ENSP00000368119.4:p.Tyr209Ser	GALT	ENSG00000213930	UBTD2
HsVcPillar2a6	CCSBORF300	3	CCSBORF8190	3AT	1	67A>G	8	NC_000009.12:34646770:A:G	CCSBVarC007136	ENSP00000368119.4:p.Thr23Ala	GALT	ENSG00000213930	UBTD2
HsVcPillar2a6	CCSBORF300	3	CCSBORF8190	3AT	1	74G>C	2	NC_000009.12:34646777:G:C	CCSBVarC007137	ENSP00000368119.4:p.Arg25Pro	GALT	ENSG00000213930	UBTD2
HsVcPillar2a6	CCSBORF300	3	CCSBORF8190	3AT	1	752A>C	15	NC_000009.12:34648825:A:C	CCSBVarC007241	ENSP00000368119.4:p.Tyr251Ser	GALT	ENSG00000213930	UBTD2
HsVcPillar2a6	CCSBORF300	3	CCSBORF8190	3AT	1	814C>G	26	NC_000009.12:34648887:C:G	CCSBVarC007251	ENSP00000368119.4:p.Arg272Gly	GALT	ENSG00000213930	UBTD2
HsVcPillar2a6	CCSBORF300	3	CCSBORF8190	3AT	1	817G>C	1818	NC_000009.12:34648890:G:C	CCSBVarC007252	ENSP00000368119.4:p.Asp273His	GALT	ENSG00000213930	UBTD2
HsVcPillar2a6	CCSBORF300	3	CCSBORF8190	3AT	1	82G>A	3028	NC_000009.12:34646785:G:A	CCSBVarC007138	ENSP00000368119.4:p.Asp28Asn	GALT	ENSG00000213930	UBTD2
HsVcPillar2a6	CCSBORF300	3	CCSBORF8190	3AT	1	82G>C	1620	NC_000009.12:34646785:G:C	CCSBVarC007139	ENSP00000368119.4:p.Asp28His	GALT	ENSG00000213930	UBTD2
HsVcPillar2a6	CCSBORF300	3	CCSBORF8190	3AT	1	836T>G	1	NC_000009.12:34649012:T:G	CCSBVarC007254	ENSP00000368119.4:p.Met279Arg	GALT	ENSG00000213930	UBTD2
HsVcPillar2a6	CCSBORF300	3	CCSBORF8190	3AT	1	875C>T	46	NC_000009.12:34649051:C:T	CCSBVarC007263	ENSP00000368119.4:p.Thr292Met	GALT	ENSG00000213930	UBTD2
HsVcPillar2a6	CCSBORF300	3	CCSBORF8190	3AT	1	968A>G	15	NC_000009.12:34649472:A:G	CCSBVarC007274	ENSP00000368119.4:p.Tyr323Cys	GALT	ENSG00000213930	UBTD2
HsVcPillar2a6	CCSBORF300	3	CCSBORF8190	3AT	1	982C>T	27	NC_000009.12:34649486:C:T	CCSBVarC007277	ENSP00000368119.4:p.Arg328Cys	GALT	ENSG00000213930	UBTD2
HsVcPillar2a6	CCSBORF300	3	CCSBORF8190	3AT	1	986C>T	974	NC_000009.12:34649490:C:T	CCSBVarC007280	ENSP00000368119.4:p.Ser329Phe	GALT	ENSG00000213930	UBTD2
HsVcPillar2a6	CCSBORF300	3	CCSBORF8190	3AT	1	997C>T	9	NC_000009.12:34649501:C:T	CCSBVarC007282	ENSP00000368119.4:p.Arg333Trp	GALT	ENSG00000213930	UBTD2
HsVcPillar2a6	CCSBORF300	7	CCSBORF8190	3AT	1	REF	2570	NULL	NULL	NULL	GALT	ENSG00000213930	UBTD2
HsVcPillar2a6	CCSBORF300	7	CCSBORF8190	3AT	1	1030C>A	799	NC_000009.12:34649534:C:A	CCSBVarC007289	ENSP00000368119.4:p.Gln344Lys	GALT	ENSG00000213930	UBTD2
HsVcPillar2a6	CCSBORF300	7	CCSBORF8190	3AT	1	142C>T	11534	NC_000009.12:34647147:C:T	CCSBVarC007150	ENSP00000368119.4:p.Arg48Cys	GALT	ENSG00000213930	UBTD2
HsVcPillar2a6	CCSBORF300	7	CCSBORF8190	3AT	1	199C>T	4952	NC_000009.12:34647204:C:T	CCSBVarC007157	ENSP00000368119.4:p.Arg67Cys	GALT	ENSG00000213930	UBTD2
HsVcPillar2a6	CCSBORF300	7	CCSBORF8190	3AT	1	221T>C	5461	NC_000009.12:34647226:T:C	CCSBVarC007159	ENSP00000368119.4:p.Leu74Pro	GALT	ENSG00000213930	UBTD2
HsVcPillar2a6	CCSBORF300	7	CCSBORF8190	3AT	1	265T>G	3498	NC_000009.12:34647503:T:G	CCSBVarC007160	ENSP00000368119.4:p.Tyr89Asp	GALT	ENSG00000213930	UBTD2
HsVcPillar2a6	CCSBORF300	7	CCSBORF8190	3AT	1	299C>G	5	NC_000009.12:34647537:C:G	CCSBVarC007166	ENSP00000368119.4:p.Pro100Arg	GALT	ENSG00000213930	UBTD2
HsVcPillar2a6	CCSBORF300	7	CCSBORF8190	3AT	1	329G>A	9	NC_000009.12:34647656:G:A	CCSBVarC007168	ENSP00000368119.4:p.Gly110Glu	GALT	ENSG00000213930	UBTD2
HsVcPillar2a6	CCSBORF300	7	CCSBORF8190	3AT	1	341A>T	191	NC_000009.12:34647668:A:T	CCSBVarC004980	ENSP00000368119.4:p.His114Leu	GALT	ENSG00000213930	UBTD2
HsVcPillar2a6	CCSBORF300	7	CCSBORF8190	3AT	1	396C>A	1	NC_000009.12:34647849:C:A	CCSBVarC007181	ENSP00000368119.4:p.His132Gln	GALT	ENSG00000213930	UBTD2
HsVcPillar2a6	CCSBORF300	7	CCSBORF8190	3AT	1	404C>T	135	NC_000009.12:34647857:C:T	CCSBVarC007182	ENSP00000368119.4:p.Ser135Leu	GALT	ENSG00000213930	UBTD2
HsVcPillar2a6	CCSBORF300	7	CCSBORF8190	3AT	1	442C>G	24	NC_000009.12:34647895:C:G	CCSBVarC007190	ENSP00000368119.4:p.Arg148Gly	GALT	ENSG00000213930	UBTD2
HsVcPillar2a6	CCSBORF300	7	CCSBORF8190	3AT	1	460T>G	7	NC_000009.12:34647913:T:G	CCSBVarC007196	ENSP00000368119.4:p.Trp154Gly	GALT	ENSG00000213930	UBTD2
HsVcPillar2a6	CCSBORF300	7	CCSBORF8190	3AT	1	509T>A	4	NC_000009.12:34648115:T:A	CCSBVarC007202	ENSP00000368119.4:p.Ile170Asn	GALT	ENSG00000213930	UBTD2
HsVcPillar2a6	CCSBORF300	7	CCSBORF8190	3AT	1	509T>C	6	NC_000009.12:34648115:T:C	CCSBVarC007203	ENSP00000368119.4:p.Ile170Thr	GALT	ENSG00000213930	UBTD2
HsVcPillar2a6	CCSBORF300	7	CCSBORF8190	3AT	1	512T>C	5	NC_000009.12:34648118:T:C	CCSBVarC007204	ENSP00000368119.4:p.Phe171Ser	GALT	ENSG00000213930	UBTD2
HsVcPillar2a6	CCSBORF300	7	CCSBORF8190	3AT	1	542C>T	32	NC_000009.12:34648148:C:T	CCSBVarC007208	ENSP00000368119.4:p.Ser181Phe	GALT	ENSG00000213930	UBTD2
HsVcPillar2a6	CCSBORF300	7	CCSBORF8190	3AT	1	547C>A	3996	NC_000009.12:34648153:C:A	CCSBVarC004985	ENSP00000368119.4:p.Pro183Thr	GALT	ENSG00000213930	UBTD2
HsVcPillar2a6	CCSBORF300	7	CCSBORF8190	3AT	1	552C>A	10	NC_000009.12:34648158:C:A	CCSBVarC007210	ENSP00000368119.4:p.His184Gln	GALT	ENSG00000213930	UBTD2
HsVcPillar2a6	CCSBORF300	7	CCSBORF8190	3AT	1	575G>A	4	NC_000009.12:34648343:G:A	CCSBVarC007218	ENSP00000368119.4:p.Ser192Asn	GALT	ENSG00000213930	UBTD2
HsVcPillar2a6	CCSBORF300	7	CCSBORF8190	3AT	1	587C>T	10	NC_000009.12:34648355:C:T	CCSBVarC007221	ENSP00000368119.4:p.Pro196Leu	GALT	ENSG00000213930	UBTD2
HsVcPillar2a6	CCSBORF300	7	CCSBORF8190	3AT	1	680T>C	47	NC_000009.12:34648448:T:C	CCSBVarC007233	ENSP00000368119.4:p.Leu227Pro	GALT	ENSG00000213930	UBTD2
HsVcPillar2a6	CCSBORF300	7	CCSBORF8190	3AT	1	691C>T	10147	NC_000009.12:34648764:C:T	CCSBVarC007236	ENSP00000368119.4:p.Arg231Cys	GALT	ENSG00000213930	UBTD2
HsVcPillar2a6	CCSBORF300	7	CCSBORF8190	3AT	1	692G>A	2269	NC_000009.12:34648765:G:A	CCSBVarC007237	ENSP00000368119.4:p.Arg231His	GALT	ENSG00000213930	UBTD2
HsVcPillar2a6	CCSBORF300	7	CCSBORF8190	3AT	1	775C>T	47	NC_000009.12:34648848:C:T	CCSBVarC007245	ENSP00000368119.4:p.Arg259Trp	GALT	ENSG00000213930	UBTD2
HsVcPillar2a6	CCSBORF300	7	CCSBORF8190	3AT	1	793C>G	961	NC_000009.12:34648866:C:G	CCSBVarC007248	ENSP00000368119.4:p.Pro265Ala	GALT	ENSG00000213930	UBTD2
HsVcPillar2a6	CCSBORF300	7	CCSBORF8190	3AT	1	803C>A	7024	NC_000009.12:34648876:C:A	CCSBVarC007249	ENSP00000368119.4:p.Thr268Asn	GALT	ENSG00000213930	UBTD2
HsVcPillar2a6	CCSBORF300	7	CCSBORF8190	3AT	1	844C>G	79	NC_000009.12:34649020:C:G	CCSBVarC007255	ENSP00000368119.4:p.Leu282Val	GALT	ENSG00000213930	UBTD2
HsVcPillar2a6	CCSBORF300	7	CCSBORF8190	3AT	1	893T>C	2074	NC_000009.12:34649069:T:C	CCSBVarC007265	ENSP00000368119.4:p.Met298Thr	GALT	ENSG00000213930	UBTD2
HsVcPillar2a6	CCSBORF300	7	CCSBORF8190	3AT	1	958G>A	26	NC_000009.12:34649462:G:A	CCSBVarC004998	ENSP00000368119.4:p.Ala320Thr	GALT	ENSG00000213930	UBTD2
HsVcPillar2a6	CCSBORF300	7	CCSBORF8190	3AT	1	95T>A	579	NC_000009.12:34647100:T:A	CCSBVarC007143	ENSP00000368119.4:p.Ile32Asn	GALT	ENSG00000213930	UBTD2
HsVcPillar2a6	CCSBORF300	7	CCSBORF8190	3AT	1	961C>T	5	NC_000009.12:34649465:C:T	CCSBVarC007272	ENSP00000368119.4:p.His321Tyr	GALT	ENSG00000213930	UBTD2
HsVcPillar2a6	CCSBORF300	7	CCSBORF8190	3AT	1	967T>G	15	NC_000009.12:34649471:T:G	CCSBVarC004999	ENSP00000368119.4:p.Tyr323Asp	GALT	ENSG00000213930	UBTD2
HsVcPillar2a6	CCSBORF300	7	CCSBORF8190	3AT	1	989C>T	5	NC_000009.12:34649493:C:T	CCSBVarC005001	ENSP00000368119.4:p.Ala330Val	GALT	ENSG00000213930	UBTD2
HsVcPillar2a6	CCSBORF5808	2	CCSBORF8297	3AT	1	REF	2565	NULL	NULL	NULL	HBB	ENSG00000244734	HBZ
HsVcPillar2a6	CCSBORF5808	2	CCSBORF8297	3AT	1	127T>C	11	NC_000011.10:5226764:A:G	CCSBVarC010224	ENSP00000333994.3:p.Phe43Leu	HBB	ENSG00000244734	HBZ
HsVcPillar2a6	CCSBORF5808	2	CCSBORF8297	3AT	1	128T>C	10	NC_000011.10:5226763:A:G	CCSBVarC010202	ENSP00000333994.3:p.Phe43Ser	HBB	ENSG00000244734	HBZ
HsVcPillar2a6	CCSBORF5808	2	CCSBORF8297	3AT	1	170G>A	411	NC_000011.10:5226721:C:T	CCSBVarC010134	ENSP00000333994.3:p.Gly57Asp	HBB	ENSG00000244734	HBZ
HsVcPillar2a6	CCSBORF5808	2	CCSBORF8297	3AT	1	1A>G	14314	NC_000011.10:5227020:T:C	CCSBVarC010208	ENSP00000333994.3:p.Met1Val	HBB	ENSG00000244734	HBZ
HsVcPillar2a6	CCSBORF5808	2	CCSBORF8297	3AT	1	209G>A	1725	NC_000011.10:5226682:C:T	CCSBVarC010113	ENSP00000333994.3:p.Gly70Asp	HBB	ENSG00000244734	HBZ
HsVcPillar2a6	CCSBORF5808	2	CCSBORF8297	3AT	1	220G>A	18857	NC_000011.10:5226671:C:T	CCSBVarC010119	ENSP00000333994.3:p.Asp74Asn	HBB	ENSG00000244734	HBZ
HsVcPillar2a6	CCSBORF5808	2	CCSBORF8297	3AT	1	229G>C	2	NC_000011.10:5226662:C:G	CCSBVarC006224	ENSP00000333994.3:p.Ala77Pro	HBB	ENSG00000244734	HBZ
HsVcPillar2a6	CCSBORF5808	2	CCSBORF8297	3AT	1	257T>C	13	NC_000011.10:5226634:A:G	CCSBVarC010140	ENSP00000333994.3:p.Phe86Ser	HBB	ENSG00000244734	HBZ
HsVcPillar2a6	CCSBORF5808	2	CCSBORF8297	3AT	1	263C>T	31	NC_000011.10:5226628:G:A	CCSBVarC010091	ENSP00000333994.3:p.Thr88Ile	HBB	ENSG00000244734	HBZ
HsVcPillar2a6	CCSBORF5808	2	CCSBORF8297	3AT	1	26A>C	7	NC_000011.10:5226995:T:G	CCSBVarC006215	ENSP00000333994.3:p.Lys9Thr	HBB	ENSG00000244734	HBZ
HsVcPillar2a6	CCSBORF5808	2	CCSBORF8297	3AT	1	286A>G	12	NC_000011.10:5226605:T:C	CCSBVarC010107	ENSP00000333994.3:p.Lys96Glu	HBB	ENSG00000244734	HBZ
HsVcPillar2a6	CCSBORF5808	2	CCSBORF8297	3AT	1	293A>C	32	NC_000011.10:5226598:T:G	CCSBVarC006228	ENSP00000333994.3:p.His98Pro	HBB	ENSG00000244734	HBZ
HsVcPillar2a6	CCSBORF5808	2	CCSBORF8297	3AT	1	295G>A	20896	NC_000011.10:5226596:C:T	CCSBVarC010194	ENSP00000333994.3:p.Val99Met	HBB	ENSG00000244734	HBZ
HsVcPillar2a6	CCSBORF5808	2	CCSBORF8297	3AT	1	332T>C	50	NC_000011.10:5225709:A:G	CCSBVarC006232	ENSP00000333994.3:p.Leu111Pro	HBB	ENSG00000244734	HBZ
HsVcPillar2a6	CCSBORF5808	2	CCSBORF8297	3AT	1	347C>A	11	NC_000011.10:5225694:G:T	CCSBVarC000907	ENSP00000333994.3:p.Ala116Asp	HBB	ENSG00000244734	HBZ
HsVcPillar2a6	CCSBORF5808	2	CCSBORF8297	3AT	1	380T>G	8	NC_000011.10:5225661:A:C	CCSBVarC006236	ENSP00000333994.3:p.Val127Gly	HBB	ENSG00000244734	HBZ
HsVcPillar2a6	CCSBORF5808	2	CCSBORF8297	3AT	1	388G>C	7	NC_000011.10:5225653:C:G	CCSBVarC006239	ENSP00000333994.3:p.Ala130Pro	HBB	ENSG00000244734	HBZ
HsVcPillar2a6	CCSBORF5808	2	CCSBORF8297	3AT	1	397A>C	10	NC_000011.10:5225644:T:G	CCSBVarC010100	ENSP00000333994.3:p.Lys133Gln	HBB	ENSG00000244734	HBZ
HsVcPillar2a6	CCSBORF5808	2	CCSBORF8297	3AT	1	3G>A	3563	NC_000011.10:5227018:C:T	CCSBVarC010149	ENSP00000333994.3:p.Met1Ile	HBB	ENSG00000244734	HBZ
HsVcPillar2a6	CCSBORF5808	2	CCSBORF8297	3AT	1	40G>A	17613	NC_000011.10:5226981:C:T	CCSBVarC010080	ENSP00000333994.3:p.Ala14Thr	HBB	ENSG00000244734	HBZ
HsVcPillar2a6	CCSBORF5808	2	CCSBORF8297	3AT	1	4G>T	2396	NC_000011.10:5227017:C:A	CCSBVarC010169	ENSP00000333994.3:p.Val2Leu	HBB	ENSG00000244734	HBZ
HsVcPillar2a6	CCSBORF5808	2	CCSBORF8297	3AT	1	93G>C	5	NC_000011.10:5226798:C:G	CCSBVarC010187	ENSP00000333994.3:p.Arg31Ser	HBB	ENSG00000244734	HBZ
HsVcPillar2a6	CCSBORF5808	2	CCSBORF8297	3AT	1	94C>G	61	NC_000011.10:5226797:G:C	CCSBVarC006220	ENSP00000333994.3:p.Leu32Val	HBB	ENSG00000244734	HBZ
HsVcPillar2a6	CCSBORF5808	2	CCSBORF8297	3AT	1	98T>C	39	NC_000011.10:5226793:A:G	CCSBVarC000904	ENSP00000333994.3:p.Leu33Pro	HBB	ENSG00000244734	HBZ
HsVcPillar2a6	CCSBORF4765	1	CCSBORF12040	3AT	1	REF	14	NULL	NULL	NULL	ITGB2	ENSG00000160255	UPK1B
HsVcPillar2a6	CCSBORF4765	1	CCSBORF12040	3AT	1	1021G>C	0	NC_000021.9:44895032:C:G	CCSBVarC008390	ENSP00000498780.1:p.Ala341Pro	ITGB2	ENSG00000160255	UPK1B
HsVcPillar2a6	CCSBORF4765	1	CCSBORF12040	3AT	1	1172C>T	1	NC_000021.9:44893455:G:A	CCSBVarC007536	ENSP00000498780.1:p.Thr391Met	ITGB2	ENSG00000160255	UPK1B
HsVcPillar2a6	CCSBORF4765	1	CCSBORF12040	3AT	1	130A>C	0	NC_000021.9:44910300:T:G	CCSBVarC008418	ENSP00000498780.1:p.Thr44Pro	ITGB2	ENSG00000160255	UPK1B
HsVcPillar2a6	CCSBORF4765	1	CCSBORF12040	3AT	1	1670G>C	0	NC_000021.9:44889482:C:G	CCSBVarC008425	ENSP00000498780.1:p.Cys557Ser	ITGB2	ENSG00000160255	UPK1B
HsVcPillar2a6	CCSBORF4765	1	CCSBORF12040	3AT	1	1756C>T	0	NC_000021.9:44889396:G:A	CCSBVarC008429	ENSP00000498780.1:p.Arg586Trp	ITGB2	ENSG00000160255	UPK1B
HsVcPillar2a6	CCSBORF4765	1	CCSBORF12040	3AT	1	1768T>C	1	NC_000021.9:44889384:A:G	CCSBVarC000703	ENSP00000498780.1:p.Cys590Arg	ITGB2	ENSG00000160255	UPK1B
HsVcPillar2a6	CCSBORF4765	1	CCSBORF12040	3AT	1	1835G>T	0	NC_000021.9:44889317:C:A	CCSBVarC009514	ENSP00000498780.1:p.Cys612Phe	ITGB2	ENSG00000160255	UPK1B
HsVcPillar2a6	CCSBORF4765	1	CCSBORF12040	3AT	1	2147G>C	2	NC_000021.9:44886835:C:G	CCSBVarC008410	ENSP00000498780.1:p.Gly716Ala	ITGB2	ENSG00000160255	UPK1B
HsVcPillar2a6	CCSBORF4765	1	CCSBORF12040	3AT	1	229G>A	1	NC_000021.9:44907013:C:T	CCSBVarC008408	ENSP00000498780.1:p.Asp77Asn	ITGB2	ENSG00000160255	UPK1B
HsVcPillar2a6	CCSBORF4765	1	CCSBORF12040	3AT	1	392A>C	1	NC_000021.9:44903471:T:G	CCSBVarC008404	ENSP00000498780.1:p.Tyr131Ser	ITGB2	ENSG00000160255	UPK1B
HsVcPillar2a6	CCSBORF4765	1	CCSBORF12040	3AT	1	412T>C	0	NC_000021.9:44903451:A:G	CCSBVarC000701	ENSP00000498780.1:p.Ser138Pro	ITGB2	ENSG00000160255	UPK1B
HsVcPillar2a6	CCSBORF4765	1	CCSBORF12040	3AT	1	446T>C	0	NC_000021.9:44903417:A:G	CCSBVarC007547	ENSP00000498780.1:p.Leu149Pro	ITGB2	ENSG00000160255	UPK1B
HsVcPillar2a6	CCSBORF4765	1	CCSBORF12040	3AT	1	520A>G	0	NC_000021.9:44901712:T:C	CCSBVarC008420	ENSP00000498780.1:p.Lys174Glu	ITGB2	ENSG00000160255	UPK1B
HsVcPillar2a6	CCSBORF4765	1	CCSBORF12040	3AT	1	533C>T	0	NC_000021.9:44901699:G:A	CCSBVarC007545	ENSP00000498780.1:p.Pro178Leu	ITGB2	ENSG00000160255	UPK1B
HsVcPillar2a6	CCSBORF4765	1	CCSBORF12040	3AT	1	706G>A	0	NC_000021.9:44901526:C:T	CCSBVarC007542	ENSP00000498780.1:p.Gly236Arg	ITGB2	ENSG00000160255	UPK1B
HsVcPillar2a6	CCSBORF4765	1	CCSBORF12040	3AT	1	769C>T	0	NC_000021.9:44900447:G:A	CCSBVarC008422	ENSP00000498780.1:p.Arg257Trp	ITGB2	ENSG00000160255	UPK1B
HsVcPillar2a6	CCSBORF4765	1	CCSBORF12040	3AT	1	850G>A	1	NC_000021.9:44900366:C:T	CCSBVarC007539	ENSP00000498780.1:p.Gly284Ser	ITGB2	ENSG00000160255	UPK1B
HsVcPillar2a6	CCSBORF4765	1	CCSBORF12040	3AT	1	899A>T	0	NC_000021.9:44899160:T:A	CCSBVarC003145	ENSP00000498780.1:p.Asp300Val	ITGB2	ENSG00000160255	UPK1B
HsVcPillar2a6	CCSBORF4765	3	CCSBORF12040	3AT	1	REF	0	NULL	NULL	NULL	ITGB2	ENSG00000160255	UPK1B
HsVcPillar2a6	CCSBORF4765	3	CCSBORF12040	3AT	1	130A>C	0	NC_000021.9:44910300:T:G	CCSBVarC008418	ENSP00000498780.1:p.Thr44Pro	ITGB2	ENSG00000160255	UPK1B
HsVcPillar2a6	CCSBORF4765	3	CCSBORF12040	3AT	1	1324C>T	0	NC_000021.9:44891896:G:A	CCSBVarC007535	ENSP00000498780.1:p.Leu442Phe	ITGB2	ENSG00000160255	UPK1B
HsVcPillar2a6	CCSBORF4765	3	CCSBORF12040	3AT	1	1358G>A	0	NC_000021.9:44891862:C:T	CCSBVarC008424	ENSP00000498780.1:p.Ser453Asn	ITGB2	ENSG00000160255	UPK1B
HsVcPillar2a6	CCSBORF4765	3	CCSBORF12040	3AT	1	1642G>T	0	NC_000021.9:44889992:C:A	CCSBVarC007534	ENSP00000498780.1:p.Val548Phe	ITGB2	ENSG00000160255	UPK1B
HsVcPillar2a6	CCSBORF4765	3	CCSBORF12040	3AT	1	1670G>C	0	NC_000021.9:44889482:C:G	CCSBVarC008425	ENSP00000498780.1:p.Cys557Ser	ITGB2	ENSG00000160255	UPK1B
HsVcPillar2a6	CCSBORF4765	3	CCSBORF12040	3AT	1	1697C>T	0	NC_000021.9:44889455:G:A	CCSBVarC007533	ENSP00000498780.1:p.Pro566Leu	ITGB2	ENSG00000160255	UPK1B
HsVcPillar2a6	CCSBORF4765	3	CCSBORF12040	3AT	1	1768T>C	0	NC_000021.9:44889384:A:G	CCSBVarC000703	ENSP00000498780.1:p.Cys590Arg	ITGB2	ENSG00000160255	UPK1B
HsVcPillar2a6	CCSBORF4765	3	CCSBORF12040	3AT	1	2210G>A	0	NC_000021.9:44886772:C:T	CCSBVarC007532	ENSP00000498780.1:p.Arg737His	ITGB2	ENSG00000160255	UPK1B
HsVcPillar2a6	CCSBORF4765	3	CCSBORF12040	3AT	1	253G>A	0	NC_000021.9:44906989:C:T	CCSBVarC007548	ENSP00000498780.1:p.Ala85Thr	ITGB2	ENSG00000160255	UPK1B
HsVcPillar2a6	CCSBORF4765	3	CCSBORF12040	3AT	1	400G>A	0	NC_000021.9:44903463:C:T	CCSBVarC008399	ENSP00000498780.1:p.Asp134Asn	ITGB2	ENSG00000160255	UPK1B
HsVcPillar2a6	CCSBORF4765	3	CCSBORF12040	3AT	1	587A>C	0	NC_000021.9:44901645:T:G	CCSBVarC007544	ENSP00000498780.1:p.Lys196Thr	ITGB2	ENSG00000160255	UPK1B
HsVcPillar2a6	CCSBORF4765	3	CCSBORF12040	3AT	1	589G>A	0	NC_000021.9:44901643:C:T	CCSBVarC007543	ENSP00000498780.1:p.Glu197Lys	ITGB2	ENSG00000160255	UPK1B
HsVcPillar2a6	CCSBORF4765	3	CCSBORF12040	3AT	1	706G>A	0	NC_000021.9:44901526:C:T	CCSBVarC007542	ENSP00000498780.1:p.Gly236Arg	ITGB2	ENSG00000160255	UPK1B
HsVcPillar2a6	CCSBORF4765	3	CCSBORF12040	3AT	1	809C>T	0	NC_000021.9:44900407:G:A	CCSBVarC008389	ENSP00000498780.1:p.Ala270Val	ITGB2	ENSG00000160255	UPK1B
HsVcPillar2a6	CCSBORF4765	3	CCSBORF12040	3AT	1	847G>A	0	NC_000021.9:44900369:C:T	CCSBVarC007540	ENSP00000498780.1:p.Asp283Asn	ITGB2	ENSG00000160255	UPK1B
HsVcPillar2a6	CCSBORF4765	3	CCSBORF12040	3AT	1	853C>T	0	NC_000021.9:44900363:G:A	CCSBVarC007538	ENSP00000498780.1:p.Arg285Cys	ITGB2	ENSG00000160255	UPK1B
HsVcPillar2a6	CCSBORF4765	3	CCSBORF12040	3AT	1	899A>T	0	NC_000021.9:44899160:T:A	CCSBVarC003145	ENSP00000498780.1:p.Asp300Val	ITGB2	ENSG00000160255	UPK1B
HsVcPillar2a6	CCSBORF359	3	CCSBORF4616	3AT	1	REF	6049	NULL	NULL	NULL	CBS	ENSG00000160200	UBE2I
HsVcPillar2a6	CCSBORF359	3	CCSBORF4616	3AT	1	1007G>A	10	NC_000021.9:43062342:C:T	CCSBVarC007316	ENSP00000381231.4:p.Arg336His	CBS	ENSG00000160200	UBE2I
HsVcPillar2a6	CCSBORF359	3	CCSBORF4616	3AT	1	1070C>G	3	NC_000021.9:43060515:G:C	CCSBVarC007311	ENSP00000381231.4:p.Ala357Gly	CBS	ENSG00000160200	UBE2I
HsVcPillar2a6	CCSBORF359	3	CCSBORF4616	3AT	1	1109G>A	57	NC_000021.9:43060476:C:T	CCSBVarC007309	ENSP00000381231.4:p.Cys370Tyr	CBS	ENSG00000160200	UBE2I
HsVcPillar2a6	CCSBORF359	3	CCSBORF4616	3AT	1	112G>A	34	NC_000021.9:43072081:C:T	CCSBVarC007365	ENSP00000381231.4:p.Ala38Thr	CBS	ENSG00000160200	UBE2I
HsVcPillar2a6	CCSBORF359	3	CCSBORF4616	3AT	1	1265C>T	1627	NC_000021.9:43058926:G:A	CCSBVarC007304	ENSP00000381231.4:p.Pro422Leu	CBS	ENSG00000160200	UBE2I
HsVcPillar2a6	CCSBORF359	3	CCSBORF4616	3AT	1	133C>T	448	NC_000021.9:43072060:G:A	CCSBVarC007364	ENSP00000381231.4:p.Arg45Trp	CBS	ENSG00000160200	UBE2I
HsVcPillar2a6	CCSBORF359	3	CCSBORF4616	3AT	1	1353G>C	6	NC_000021.9:43058838:C:G	CCSBVarC007301	ENSP00000381231.4:p.Glu451Asp	CBS	ENSG00000160200	UBE2I
HsVcPillar2a6	CCSBORF359	3	CCSBORF4616	3AT	1	1358G>A	776	NC_000021.9:43058833:C:T	CCSBVarC007299	ENSP00000381231.4:p.Gly453Glu	CBS	ENSG00000160200	UBE2I
HsVcPillar2a6	CCSBORF359	3	CCSBORF4616	3AT	1	1411G>A	6	NC_000021.9:43058200:C:T	CCSBVarC007297	ENSP00000381231.4:p.Gly471Arg	CBS	ENSG00000160200	UBE2I
HsVcPillar2a6	CCSBORF359	3	CCSBORF4616	3AT	1	1539C>G	1517	NC_000021.9:43056815:G:C	CCSBVarC007295	ENSP00000381231.4:p.His513Gln	CBS	ENSG00000160200	UBE2I
HsVcPillar2a6	CCSBORF359	3	CCSBORF4616	3AT	1	209C>T	1228	NC_000021.9:43071984:G:A	CCSBVarC007361	ENSP00000381231.4:p.Pro70Leu	CBS	ENSG00000160200	UBE2I
HsVcPillar2a6	CCSBORF359	3	CCSBORF4616	3AT	1	215A>T	1407	NC_000021.9:43068609:T:A	CCSBVarC007360	ENSP00000381231.4:p.Lys72Ile	CBS	ENSG00000160200	UBE2I
HsVcPillar2a6	CCSBORF359	3	CCSBORF4616	3AT	1	296T>A	746	NC_000021.9:43068528:A:T	CCSBVarC007357	ENSP00000381231.4:p.Phe99Tyr	CBS	ENSG00000160200	UBE2I
HsVcPillar2a6	CCSBORF359	3	CCSBORF4616	3AT	1	297C>G	393	NC_000021.9:43068527:G:C	CCSBVarC007356	ENSP00000381231.4:p.Phe99Leu	CBS	ENSG00000160200	UBE2I
HsVcPillar2a6	CCSBORF359	3	CCSBORF4616	3AT	1	340G>A	35	NC_000021.9:43066353:C:T	CCSBVarC007351	ENSP00000381231.4:p.Ala114Thr	CBS	ENSG00000160200	UBE2I
HsVcPillar2a6	CCSBORF359	3	CCSBORF4616	3AT	1	394C>A	599	NC_000021.9:43066299:G:T	CCSBVarC007345	ENSP00000381231.4:p.Arg132Ser	CBS	ENSG00000160200	UBE2I
HsVcPillar2a6	CCSBORF359	3	CCSBORF4616	3AT	1	401G>C	716	NC_000021.9:43066292:C:G	CCSBVarC007341	ENSP00000381231.4:p.Gly134Ala	CBS	ENSG00000160200	UBE2I
HsVcPillar2a6	CCSBORF359	3	CCSBORF4616	3AT	1	429C>G	23	NC_000021.9:43066264:G:C	CCSBVarC008694	ENSP00000381231.4:p.Ile143Met	CBS	ENSG00000160200	UBE2I
HsVcPillar2a6	CCSBORF359	3	CCSBORF4616	3AT	1	5C>T	9	NC_000021.9:43072188:G:A	CCSBVarC007369	ENSP00000381231.4:p.Pro2Leu	CBS	ENSG00000160200	UBE2I
HsVcPillar2a6	CCSBORF359	3	CCSBORF4616	3AT	1	622T>C	8	NC_000021.9:43065430:A:G	CCSBVarC007331	ENSP00000381231.4:p.Trp208Arg	CBS	ENSG00000160200	UBE2I
HsVcPillar2a6	CCSBORF359	3	CCSBORF4616	3AT	1	65A>G	925	NC_000021.9:43072128:T:C	CCSBVarC007366	ENSP00000381231.4:p.His22Arg	CBS	ENSG00000160200	UBE2I
HsVcPillar2a6	CCSBORF359	3	CCSBORF4616	3AT	1	750G>A	339	NC_000021.9:43063977:C:T	CCSBVarC007327	ENSP00000381231.4:p.Met250Ile	CBS	ENSG00000160200	UBE2I
HsVcPillar2a6	CCSBORF359	3	CCSBORF4616	3AT	1	770C>T	729	NC_000021.9:43063957:G:A	CCSBVarC007326	ENSP00000381231.4:p.Thr257Met	CBS	ENSG00000160200	UBE2I
HsVcPillar2a6	CCSBORF359	3	CCSBORF4616	3AT	1	857T>C	2011	NC_000021.9:43063049:A:G	CCSBVarC007322	ENSP00000381231.4:p.Ile286Thr	CBS	ENSG00000160200	UBE2I
HsVcPillar2a6	CCSBORF359	3	CCSBORF4616	3AT	1	953C>T	275	NC_000021.9:43062953:G:A	CCSBVarC007320	ENSP00000381231.4:p.Thr318Met	CBS	ENSG00000160200	UBE2I
HsVcPillar2a6	CCSBORF12573	2	CCSBORF0	3AT	1	REF	19	NULL	NULL	NULL	DES	ENSG00000175084	empty_AD
HsVcPillar2a6	CCSBORF12573	2	CCSBORF0	3AT	1	1027G>A	0	NC_000002.12:219421342:G:A	CCSBVarC007854	ENSP00000363071.3:p.Asp343Asn	DES	ENSG00000175084	empty_AD
HsVcPillar2a6	CCSBORF12573	2	CCSBORF0	3AT	1	1048C>T	0	NC_000002.12:219421363:C:T	CCSBVarC007859	ENSP00000363071.3:p.Arg350Trp	DES	ENSG00000175084	empty_AD
HsVcPillar2a6	CCSBORF12573	2	CCSBORF0	3AT	1	1133A>C	0	NC_000002.12:219421448:A:C	CCSBVarC007865	ENSP00000363071.3:p.Lys378Thr	DES	ENSG00000175084	empty_AD
HsVcPillar2a6	CCSBORF12573	2	CCSBORF0	3AT	1	1166A>C	0	NC_000002.12:219421481:A:C	CCSBVarC007868	ENSP00000363071.3:p.Gln389Pro	DES	ENSG00000175084	empty_AD
HsVcPillar2a6	CCSBORF12573	2	CCSBORF0	3AT	1	1175T>C	0	NC_000002.12:219421490:T:C	CCSBVarC007870	ENSP00000363071.3:p.Leu392Pro	DES	ENSG00000175084	empty_AD
HsVcPillar2a6	CCSBORF12573	2	CCSBORF0	3AT	1	1195G>T	0	NC_000002.12:219421510:G:T	CCSBVarC007874	ENSP00000363071.3:p.Asp399Tyr	DES	ENSG00000175084	empty_AD
HsVcPillar2a6	CCSBORF12573	2	CCSBORF0	3AT	1	1203G>C	0	NC_000002.12:219421518:G:C	CCSBVarC028104	ENSP00000363071.3:p.Glu401Asp	DES	ENSG00000175084	empty_AD
HsVcPillar2a6	CCSBORF12573	2	CCSBORF0	3AT	1	1243C>T	0	NC_000002.12:219421558:C:T	CCSBVarC007878	ENSP00000363071.3:p.Arg415Trp	DES	ENSG00000175084	empty_AD
HsVcPillar2a6	CCSBORF12573	2	CCSBORF0	3AT	1	1255C>T	1	NC_000002.12:219423786:C:T	CCSBVarC006508	ENSP00000363071.3:p.Pro419Ser	DES	ENSG00000175084	empty_AD
HsVcPillar2a6	CCSBORF12573	2	CCSBORF0	3AT	1	127A>G	1	NC_000002.12:219418588:A:G	CCSBVarC007791	ENSP00000363071.3:p.Lys43Glu	DES	ENSG00000175084	empty_AD
HsVcPillar2a6	CCSBORF12573	2	CCSBORF0	3AT	1	130G>A	0	NC_000002.12:219418591:G:A	CCSBVarC007792	ENSP00000363071.3:p.Gly44Ser	DES	ENSG00000175084	empty_AD
HsVcPillar2a6	CCSBORF12573	2	CCSBORF0	3AT	1	1346A>C	0	NC_000002.12:219425719:A:C	CCSBVarC007886	ENSP00000363071.3:p.Lys449Thr	DES	ENSG00000175084	empty_AD
HsVcPillar2a6	CCSBORF12573	2	CCSBORF0	3AT	1	1353C>G	0	NC_000002.12:219425726:C:G	CCSBVarC007887	ENSP00000363071.3:p.Ile451Met	DES	ENSG00000175084	empty_AD
HsVcPillar2a6	CCSBORF12573	2	CCSBORF0	3AT	1	1404A>C	0	NC_000002.12:219425980:A:C	CCSBVarC007892	ENSP00000363071.3:p.Glu468Asp	DES	ENSG00000175084	empty_AD
HsVcPillar2a6	CCSBORF12573	2	CCSBORF0	3AT	1	154C>A	0	NC_000002.12:219418615:C:A	CCSBVarC007793	ENSP00000363071.3:p.Arg52Ser	DES	ENSG00000175084	empty_AD
HsVcPillar2a6	CCSBORF12573	2	CCSBORF0	3AT	1	170C>T	0	NC_000002.12:219418631:C:T	CCSBVarC007795	ENSP00000363071.3:p.Ser57Leu	DES	ENSG00000175084	empty_AD
HsVcPillar2a6	CCSBORF12573	2	CCSBORF0	3AT	1	229A>G	4	NC_000002.12:219418690:A:G	CCSBVarC028052	ENSP00000363071.3:p.Thr77Ala	DES	ENSG00000175084	empty_AD
HsVcPillar2a6	CCSBORF12573	2	CCSBORF0	3AT	1	376G>T	0	NC_000002.12:219418837:G:T	CCSBVarC007809	ENSP00000363071.3:p.Val126Leu	DES	ENSG00000175084	empty_AD
HsVcPillar2a6	CCSBORF12573	2	CCSBORF0	3AT	1	38C>T	0	NC_000002.12:219418499:C:T	CCSBVarC007783	ENSP00000363071.3:p.Ser13Phe	DES	ENSG00000175084	empty_AD
HsVcPillar2a6	CCSBORF12573	2	CCSBORF0	3AT	1	407T>C	0	NC_000002.12:219418868:T:C	CCSBVarC007813	ENSP00000363071.3:p.Leu136Pro	DES	ENSG00000175084	empty_AD
HsVcPillar2a6	CCSBORF12573	2	CCSBORF0	3AT	1	449G>A	0	NC_000002.12:219418910:G:A	CCSBVarC007816	ENSP00000363071.3:p.Arg150Gln	DES	ENSG00000175084	empty_AD
HsVcPillar2a6	CCSBORF12573	2	CCSBORF0	3AT	1	46C>T	0	NC_000002.12:219418507:C:T	CCSBVarC007784	ENSP00000363071.3:p.Arg16Cys	DES	ENSG00000175084	empty_AD
HsVcPillar2a6	CCSBORF12573	2	CCSBORF0	3AT	1	529G>A	0	NC_000002.12:219418990:G:A	CCSBVarC007819	ENSP00000363071.3:p.Asp177Asn	DES	ENSG00000175084	empty_AD
HsVcPillar2a6	CCSBORF12573	2	CCSBORF0	3AT	1	566G>A	0	NC_000002.12:219419027:G:A	CCSBVarC007821	ENSP00000363071.3:p.Arg189Gln	DES	ENSG00000175084	empty_AD
HsVcPillar2a6	CCSBORF12573	2	CCSBORF0	3AT	1	58G>A	0	NC_000002.12:219418519:G:A	CCSBVarC007785	ENSP00000363071.3:p.Gly20Arg	DES	ENSG00000175084	empty_AD
HsVcPillar2a6	CCSBORF12573	2	CCSBORF0	3AT	1	623T>C	1	NC_000002.12:219420138:T:C	CCSBVarC007822	ENSP00000363071.3:p.Leu208Ser	DES	ENSG00000175084	empty_AD
HsVcPillar2a6	CCSBORF12573	2	CCSBORF0	3AT	1	638C>T	0	NC_000002.12:219420153:C:T	CCSBVarC007825	ENSP00000363071.3:p.Ala213Val	DES	ENSG00000175084	empty_AD
HsVcPillar2a6	CCSBORF12573	2	CCSBORF0	3AT	1	785A>T	0	NC_000002.12:219420543:A:T	CCSBVarC007837	ENSP00000363071.3:p.Glu262Val	DES	ENSG00000175084	empty_AD
HsVcPillar2a6	CCSBORF12573	2	CCSBORF0	3AT	1	853G>A	0	NC_000002.12:219420611:G:A	CCSBVarC007840	ENSP00000363071.3:p.Ala285Thr	DES	ENSG00000175084	empty_AD
HsVcPillar2a6	CCSBORF12573	2	CCSBORF0	3AT	1	974G>A	0	NC_000002.12:219420903:G:A	CCSBVarC007845	ENSP00000363071.3:p.Arg325Gln	DES	ENSG00000175084	empty_AD
HsVcPillar2a6	CCSBORF12573	2	CCSBORF0	3AT	1	976C>T	0	NC_000002.12:219420905:C:T	CCSBVarC007846	ENSP00000363071.3:p.His326Tyr	DES	ENSG00000175084	empty_AD
HsVcPillar2a6	CCSBORF7923	1	CCSBORF0	3AT	1	REF	0	NULL	NULL	NULL	FAH	ENSG00000103876	empty_AD
HsVcPillar2a6	CCSBORF7923	1	CCSBORF0	3AT	1	1027G>A	0	NC_000015.10:80180189:G:A	CCSBVarC025379	ENSP00000453347.2:p.Gly343Arg	FAH	ENSG00000103876	empty_AD
HsVcPillar2a6	CCSBORF7923	1	CCSBORF0	3AT	1	1027G>T	0	NC_000015.10:80180189:G:T	CCSBVarC025383	ENSP00000453347.2:p.Gly343Trp	FAH	ENSG00000103876	empty_AD
HsVcPillar2a6	CCSBORF7923	1	CCSBORF0	3AT	1	1028G>A	0	NC_000015.10:80180190:G:A	CCSBVarC025390	ENSP00000453347.2:p.Gly343Glu	FAH	ENSG00000103876	empty_AD
HsVcPillar2a6	CCSBORF7923	1	CCSBORF0	3AT	1	1090G>C	0	NC_000015.10:80181068:G:C	CCSBVarC025393	ENSP00000453347.2:p.Glu364Gln	FAH	ENSG00000103876	empty_AD
HsVcPillar2a6	CCSBORF7923	1	CCSBORF0	3AT	1	10A>C	0	NC_000015.10:80153063:A:C	CCSBVarC025280	ENSP00000453347.2:p.Ile4Leu	FAH	ENSG00000103876	empty_AD
HsVcPillar2a6	CCSBORF7923	1	CCSBORF0	3AT	1	122T>C	0	NC_000015.10:80158099:T:C	CCSBVarC025294	ENSP00000453347.2:p.Leu41Pro	FAH	ENSG00000103876	empty_AD
HsVcPillar2a6	CCSBORF7923	1	CCSBORF0	3AT	1	391C>T	0	NC_000015.10:80162271:C:T	CCSBVarC025297	ENSP00000453347.2:p.Arg131Trp	FAH	ENSG00000103876	empty_AD
HsVcPillar2a6	CCSBORF7923	1	CCSBORF0	3AT	1	398A>T	0	NC_000015.10:80162278:A:T	CCSBVarC025300	ENSP00000453347.2:p.His133Leu	FAH	ENSG00000103876	empty_AD
HsVcPillar2a6	CCSBORF7923	1	CCSBORF0	3AT	1	424A>G	0	NC_000015.10:80162304:A:G	CCSBVarC025306	ENSP00000453347.2:p.Arg142Gly	FAH	ENSG00000103876	empty_AD
HsVcPillar2a6	CCSBORF7923	1	CCSBORF0	3AT	1	497T>G	0	NC_000015.10:80168092:T:G	CCSBVarC025309	ENSP00000453347.2:p.Val166Gly	FAH	ENSG00000103876	empty_AD
HsVcPillar2a6	CCSBORF7923	1	CCSBORF0	3AT	1	53C>T	0	NC_000015.10:80153106:C:T	CCSBVarC025288	ENSP00000453347.2:p.Pro18Leu	FAH	ENSG00000103876	empty_AD
HsVcPillar2a6	CCSBORF7923	1	CCSBORF0	3AT	1	61G>T	0	NC_000015.10:80153114:G:T	CCSBVarC025291	ENSP00000453347.2:p.Val21Phe	FAH	ENSG00000103876	empty_AD
HsVcPillar2a6	CCSBORF7923	1	CCSBORF0	3AT	1	697G>A	0	NC_000015.10:80172238:G:A	CCSBVarC025329	ENSP00000453347.2:p.Asp233Asn	FAH	ENSG00000103876	empty_AD
HsVcPillar2a6	CCSBORF7923	1	CCSBORF0	3AT	1	700T>G	0	NC_000015.10:80172241:T:G	CCSBVarC025333	ENSP00000453347.2:p.Trp234Gly	FAH	ENSG00000103876	empty_AD
HsVcPillar2a6	CCSBORF7923	1	CCSBORF0	3AT	1	742G>A	0	NC_000015.10:80173048:G:A	CCSBVarC025336	ENSP00000453347.2:p.Gly248Arg	FAH	ENSG00000103876	empty_AD
HsVcPillar2a6	CCSBORF7923	1	CCSBORF0	3AT	1	745C>A	0	NC_000015.10:80173051:C:A	CCSBVarC025339	ENSP00000453347.2:p.Pro249Thr	FAH	ENSG00000103876	empty_AD
HsVcPillar2a6	CCSBORF7923	1	CCSBORF0	3AT	1	880A>C	0	NC_000015.10:80175057:A:C	CCSBVarC025345	ENSP00000453347.2:p.Thr294Pro	FAH	ENSG00000103876	empty_AD
HsVcPillar2a6	CCSBORF7923	1	CCSBORF0	3AT	1	974C>T	0	NC_000015.10:80180136:C:T	CCSBVarC025348	ENSP00000453347.2:p.Thr325Met	FAH	ENSG00000103876	empty_AD
HsVcPillar2a6	CCSBORF300	3	CCSBORF0	3AT	1	REF	0	NULL	NULL	NULL	GALT	ENSG00000213930	empty_AD
HsVcPillar2a6	CCSBORF300	3	CCSBORF0	3AT	1	1024C>A	0	NC_000009.12:34649528:C:A	CCSBVarC007288	ENSP00000368119.4:p.Leu342Ile	GALT	ENSG00000213930	empty_AD
HsVcPillar2a6	CCSBORF300	3	CCSBORF0	3AT	1	107C>T	0	NC_000009.12:34647112:C:T	CCSBVarC004975	ENSP00000368119.4:p.Pro36Leu	GALT	ENSG00000213930	empty_AD
HsVcPillar2a6	CCSBORF300	3	CCSBORF0	3AT	1	1087G>A	0	NC_000009.12:34650395:G:A	CCSBVarC007293	ENSP00000368119.4:p.Glu363Lys	GALT	ENSG00000213930	empty_AD
HsVcPillar2a6	CCSBORF300	3	CCSBORF0	3AT	1	1132A>G	0	NC_000009.12:34650440:A:G	CCSBVarC007294	ENSP00000368119.4:p.Ile378Val	GALT	ENSG00000213930	empty_AD
HsVcPillar2a6	CCSBORF300	3	CCSBORF0	3AT	1	118G>A	0	NC_000009.12:34647123:G:A	CCSBVarC007146	ENSP00000368119.4:p.Glu40Lys	GALT	ENSG00000213930	empty_AD
HsVcPillar2a6	CCSBORF300	3	CCSBORF0	3AT	1	130G>A	0	NC_000009.12:34647135:G:A	CCSBVarC007147	ENSP00000368119.4:p.Val44Met	GALT	ENSG00000213930	empty_AD
HsVcPillar2a6	CCSBORF300	3	CCSBORF0	3AT	1	130G>T	0	NC_000009.12:34647135:G:T	CCSBVarC004976	ENSP00000368119.4:p.Val44Leu	GALT	ENSG00000213930	empty_AD
HsVcPillar2a6	CCSBORF300	3	CCSBORF0	3AT	1	292G>A	0	NC_000009.12:34647530:G:A	CCSBVarC007164	ENSP00000368119.4:p.Asp98Asn	GALT	ENSG00000213930	empty_AD
HsVcPillar2a6	CCSBORF300	3	CCSBORF0	3AT	1	292G>C	0	NC_000009.12:34647530:G:C	CCSBVarC007165	ENSP00000368119.4:p.Asp98His	GALT	ENSG00000213930	empty_AD
HsVcPillar2a6	CCSBORF300	3	CCSBORF0	3AT	1	308A>G	0	NC_000009.12:34647546:A:G	CCSBVarC007167	ENSP00000368119.4:p.Gln103Arg	GALT	ENSG00000213930	empty_AD
HsVcPillar2a6	CCSBORF300	3	CCSBORF0	3AT	1	341A>C	1	NC_000009.12:34647668:A:C	CCSBVarC007169	ENSP00000368119.4:p.His114Pro	GALT	ENSG00000213930	empty_AD
HsVcPillar2a6	CCSBORF300	3	CCSBORF0	3AT	1	367C>G	0	NC_000009.12:34647694:C:G	CCSBVarC007171	ENSP00000368119.4:p.Arg123Gly	GALT	ENSG00000213930	empty_AD
HsVcPillar2a6	CCSBORF300	3	CCSBORF0	3AT	1	386T>C	0	NC_000009.12:34647839:T:C	CCSBVarC007176	ENSP00000368119.4:p.Met129Thr	GALT	ENSG00000213930	empty_AD
HsVcPillar2a6	CCSBORF300	3	CCSBORF0	3AT	1	387G>A	1	NC_000009.12:34647840:G:A	CCSBVarC007177	ENSP00000368119.4:p.Met129Ile	GALT	ENSG00000213930	empty_AD
HsVcPillar2a6	CCSBORF300	3	CCSBORF0	3AT	1	442C>T	0	NC_000009.12:34647895:C:T	CCSBVarC007191	ENSP00000368119.4:p.Arg148Trp	GALT	ENSG00000213930	empty_AD
HsVcPillar2a6	CCSBORF300	3	CCSBORF0	3AT	1	502G>A	0	NC_000009.12:34647955:G:A	CCSBVarC007200	ENSP00000368119.4:p.Val168Met	GALT	ENSG00000213930	empty_AD
HsVcPillar2a6	CCSBORF300	3	CCSBORF0	3AT	1	556C>T	0	NC_000009.12:34648162:C:T	CCSBVarC004987	ENSP00000368119.4:p.His186Tyr	GALT	ENSG00000213930	empty_AD
HsVcPillar2a6	CCSBORF300	3	CCSBORF0	3AT	1	580T>C	0	NC_000009.12:34648348:T:C	CCSBVarC007219	ENSP00000368119.4:p.Phe194Leu	GALT	ENSG00000213930	empty_AD
HsVcPillar2a6	CCSBORF300	3	CCSBORF0	3AT	1	584T>C	0	NC_000009.12:34648352:T:C	CCSBVarC007220	ENSP00000368119.4:p.Leu195Pro	GALT	ENSG00000213930	empty_AD
HsVcPillar2a6	CCSBORF300	3	CCSBORF0	3AT	1	626A>C	0	NC_000009.12:34648394:A:C	CCSBVarC007227	ENSP00000368119.4:p.Tyr209Ser	GALT	ENSG00000213930	empty_AD
HsVcPillar2a6	CCSBORF300	3	CCSBORF0	3AT	1	67A>G	0	NC_000009.12:34646770:A:G	CCSBVarC007136	ENSP00000368119.4:p.Thr23Ala	GALT	ENSG00000213930	empty_AD
HsVcPillar2a6	CCSBORF300	3	CCSBORF0	3AT	1	74G>C	0	NC_000009.12:34646777:G:C	CCSBVarC007137	ENSP00000368119.4:p.Arg25Pro	GALT	ENSG00000213930	empty_AD
HsVcPillar2a6	CCSBORF300	3	CCSBORF0	3AT	1	752A>C	0	NC_000009.12:34648825:A:C	CCSBVarC007241	ENSP00000368119.4:p.Tyr251Ser	GALT	ENSG00000213930	empty_AD
HsVcPillar2a6	CCSBORF300	3	CCSBORF0	3AT	1	814C>G	0	NC_000009.12:34648887:C:G	CCSBVarC007251	ENSP00000368119.4:p.Arg272Gly	GALT	ENSG00000213930	empty_AD
HsVcPillar2a6	CCSBORF300	3	CCSBORF0	3AT	1	817G>C	0	NC_000009.12:34648890:G:C	CCSBVarC007252	ENSP00000368119.4:p.Asp273His	GALT	ENSG00000213930	empty_AD
HsVcPillar2a6	CCSBORF300	3	CCSBORF0	3AT	1	82G>A	0	NC_000009.12:34646785:G:A	CCSBVarC007138	ENSP00000368119.4:p.Asp28Asn	GALT	ENSG00000213930	empty_AD
HsVcPillar2a6	CCSBORF300	3	CCSBORF0	3AT	1	82G>C	0	NC_000009.12:34646785:G:C	CCSBVarC007139	ENSP00000368119.4:p.Asp28His	GALT	ENSG00000213930	empty_AD
HsVcPillar2a6	CCSBORF300	3	CCSBORF0	3AT	1	836T>G	0	NC_000009.12:34649012:T:G	CCSBVarC007254	ENSP00000368119.4:p.Met279Arg	GALT	ENSG00000213930	empty_AD
HsVcPillar2a6	CCSBORF300	3	CCSBORF0	3AT	1	875C>T	0	NC_000009.12:34649051:C:T	CCSBVarC007263	ENSP00000368119.4:p.Thr292Met	GALT	ENSG00000213930	empty_AD
HsVcPillar2a6	CCSBORF300	3	CCSBORF0	3AT	1	968A>G	0	NC_000009.12:34649472:A:G	CCSBVarC007274	ENSP00000368119.4:p.Tyr323Cys	GALT	ENSG00000213930	empty_AD
HsVcPillar2a6	CCSBORF300	3	CCSBORF0	3AT	1	982C>T	0	NC_000009.12:34649486:C:T	CCSBVarC007277	ENSP00000368119.4:p.Arg328Cys	GALT	ENSG00000213930	empty_AD
HsVcPillar2a6	CCSBORF300	3	CCSBORF0	3AT	1	986C>T	1	NC_000009.12:34649490:C:T	CCSBVarC007280	ENSP00000368119.4:p.Ser329Phe	GALT	ENSG00000213930	empty_AD
HsVcPillar2a6	CCSBORF300	3	CCSBORF0	3AT	1	997C>T	0	NC_000009.12:34649501:C:T	CCSBVarC007282	ENSP00000368119.4:p.Arg333Trp	GALT	ENSG00000213930	empty_AD
HsVcPillar2a6	CCSBORF300	7	CCSBORF0	3AT	1	REF	1	NULL	NULL	NULL	GALT	ENSG00000213930	empty_AD
HsVcPillar2a6	CCSBORF300	7	CCSBORF0	3AT	1	1030C>A	0	NC_000009.12:34649534:C:A	CCSBVarC007289	ENSP00000368119.4:p.Gln344Lys	GALT	ENSG00000213930	empty_AD
HsVcPillar2a6	CCSBORF300	7	CCSBORF0	3AT	1	142C>T	0	NC_000009.12:34647147:C:T	CCSBVarC007150	ENSP00000368119.4:p.Arg48Cys	GALT	ENSG00000213930	empty_AD
HsVcPillar2a6	CCSBORF300	7	CCSBORF0	3AT	1	199C>T	0	NC_000009.12:34647204:C:T	CCSBVarC007157	ENSP00000368119.4:p.Arg67Cys	GALT	ENSG00000213930	empty_AD
HsVcPillar2a6	CCSBORF300	7	CCSBORF0	3AT	1	221T>C	0	NC_000009.12:34647226:T:C	CCSBVarC007159	ENSP00000368119.4:p.Leu74Pro	GALT	ENSG00000213930	empty_AD
HsVcPillar2a6	CCSBORF300	7	CCSBORF0	3AT	1	265T>G	0	NC_000009.12:34647503:T:G	CCSBVarC007160	ENSP00000368119.4:p.Tyr89Asp	GALT	ENSG00000213930	empty_AD
HsVcPillar2a6	CCSBORF300	7	CCSBORF0	3AT	1	299C>G	0	NC_000009.12:34647537:C:G	CCSBVarC007166	ENSP00000368119.4:p.Pro100Arg	GALT	ENSG00000213930	empty_AD
HsVcPillar2a6	CCSBORF300	7	CCSBORF0	3AT	1	329G>A	0	NC_000009.12:34647656:G:A	CCSBVarC007168	ENSP00000368119.4:p.Gly110Glu	GALT	ENSG00000213930	empty_AD
HsVcPillar2a6	CCSBORF300	7	CCSBORF0	3AT	1	341A>T	0	NC_000009.12:34647668:A:T	CCSBVarC004980	ENSP00000368119.4:p.His114Leu	GALT	ENSG00000213930	empty_AD
HsVcPillar2a6	CCSBORF300	7	CCSBORF0	3AT	1	396C>A	0	NC_000009.12:34647849:C:A	CCSBVarC007181	ENSP00000368119.4:p.His132Gln	GALT	ENSG00000213930	empty_AD
HsVcPillar2a6	CCSBORF300	7	CCSBORF0	3AT	1	404C>T	0	NC_000009.12:34647857:C:T	CCSBVarC007182	ENSP00000368119.4:p.Ser135Leu	GALT	ENSG00000213930	empty_AD
HsVcPillar2a6	CCSBORF300	7	CCSBORF0	3AT	1	442C>G	0	NC_000009.12:34647895:C:G	CCSBVarC007190	ENSP00000368119.4:p.Arg148Gly	GALT	ENSG00000213930	empty_AD
HsVcPillar2a6	CCSBORF300	7	CCSBORF0	3AT	1	460T>G	0	NC_000009.12:34647913:T:G	CCSBVarC007196	ENSP00000368119.4:p.Trp154Gly	GALT	ENSG00000213930	empty_AD
HsVcPillar2a6	CCSBORF300	7	CCSBORF0	3AT	1	509T>A	0	NC_000009.12:34648115:T:A	CCSBVarC007202	ENSP00000368119.4:p.Ile170Asn	GALT	ENSG00000213930	empty_AD
HsVcPillar2a6	CCSBORF300	7	CCSBORF0	3AT	1	509T>C	0	NC_000009.12:34648115:T:C	CCSBVarC007203	ENSP00000368119.4:p.Ile170Thr	GALT	ENSG00000213930	empty_AD
HsVcPillar2a6	CCSBORF300	7	CCSBORF0	3AT	1	512T>C	0	NC_000009.12:34648118:T:C	CCSBVarC007204	ENSP00000368119.4:p.Phe171Ser	GALT	ENSG00000213930	empty_AD
HsVcPillar2a6	CCSBORF300	7	CCSBORF0	3AT	1	542C>T	0	NC_000009.12:34648148:C:T	CCSBVarC007208	ENSP00000368119.4:p.Ser181Phe	GALT	ENSG00000213930	empty_AD
HsVcPillar2a6	CCSBORF300	7	CCSBORF0	3AT	1	547C>A	0	NC_000009.12:34648153:C:A	CCSBVarC004985	ENSP00000368119.4:p.Pro183Thr	GALT	ENSG00000213930	empty_AD
HsVcPillar2a6	CCSBORF300	7	CCSBORF0	3AT	1	552C>A	0	NC_000009.12:34648158:C:A	CCSBVarC007210	ENSP00000368119.4:p.His184Gln	GALT	ENSG00000213930	empty_AD
HsVcPillar2a6	CCSBORF300	7	CCSBORF0	3AT	1	575G>A	0	NC_000009.12:34648343:G:A	CCSBVarC007218	ENSP00000368119.4:p.Ser192Asn	GALT	ENSG00000213930	empty_AD
HsVcPillar2a6	CCSBORF300	7	CCSBORF0	3AT	1	587C>T	0	NC_000009.12:34648355:C:T	CCSBVarC007221	ENSP00000368119.4:p.Pro196Leu	GALT	ENSG00000213930	empty_AD
HsVcPillar2a6	CCSBORF300	7	CCSBORF0	3AT	1	680T>C	0	NC_000009.12:34648448:T:C	CCSBVarC007233	ENSP00000368119.4:p.Leu227Pro	GALT	ENSG00000213930	empty_AD
HsVcPillar2a6	CCSBORF300	7	CCSBORF0	3AT	1	691C>T	0	NC_000009.12:34648764:C:T	CCSBVarC007236	ENSP00000368119.4:p.Arg231Cys	GALT	ENSG00000213930	empty_AD
HsVcPillar2a6	CCSBORF300	7	CCSBORF0	3AT	1	692G>A	0	NC_000009.12:34648765:G:A	CCSBVarC007237	ENSP00000368119.4:p.Arg231His	GALT	ENSG00000213930	empty_AD
HsVcPillar2a6	CCSBORF300	7	CCSBORF0	3AT	1	775C>T	0	NC_000009.12:34648848:C:T	CCSBVarC007245	ENSP00000368119.4:p.Arg259Trp	GALT	ENSG00000213930	empty_AD
HsVcPillar2a6	CCSBORF300	7	CCSBORF0	3AT	1	793C>G	0	NC_000009.12:34648866:C:G	CCSBVarC007248	ENSP00000368119.4:p.Pro265Ala	GALT	ENSG00000213930	empty_AD
HsVcPillar2a6	CCSBORF300	7	CCSBORF0	3AT	1	803C>A	0	NC_000009.12:34648876:C:A	CCSBVarC007249	ENSP00000368119.4:p.Thr268Asn	GALT	ENSG00000213930	empty_AD
HsVcPillar2a6	CCSBORF300	7	CCSBORF0	3AT	1	844C>G	0	NC_000009.12:34649020:C:G	CCSBVarC007255	ENSP00000368119.4:p.Leu282Val	GALT	ENSG00000213930	empty_AD
HsVcPillar2a6	CCSBORF300	7	CCSBORF0	3AT	1	893T>C	0	NC_000009.12:34649069:T:C	CCSBVarC007265	ENSP00000368119.4:p.Met298Thr	GALT	ENSG00000213930	empty_AD
HsVcPillar2a6	CCSBORF300	7	CCSBORF0	3AT	1	958G>A	0	NC_000009.12:34649462:G:A	CCSBVarC004998	ENSP00000368119.4:p.Ala320Thr	GALT	ENSG00000213930	empty_AD
HsVcPillar2a6	CCSBORF300	7	CCSBORF0	3AT	1	95T>A	0	NC_000009.12:34647100:T:A	CCSBVarC007143	ENSP00000368119.4:p.Ile32Asn	GALT	ENSG00000213930	empty_AD
HsVcPillar2a6	CCSBORF300	7	CCSBORF0	3AT	1	961C>T	0	NC_000009.12:34649465:C:T	CCSBVarC007272	ENSP00000368119.4:p.His321Tyr	GALT	ENSG00000213930	empty_AD
HsVcPillar2a6	CCSBORF300	7	CCSBORF0	3AT	1	967T>G	0	NC_000009.12:34649471:T:G	CCSBVarC004999	ENSP00000368119.4:p.Tyr323Asp	GALT	ENSG00000213930	empty_AD
HsVcPillar2a6	CCSBORF300	7	CCSBORF0	3AT	1	989C>T	0	NC_000009.12:34649493:C:T	CCSBVarC005001	ENSP00000368119.4:p.Ala330Val	GALT	ENSG00000213930	empty_AD
HsVcPillar2a6	CCSBORF5808	2	CCSBORF0	3AT	1	REF	1	NULL	NULL	NULL	HBB	ENSG00000244734	empty_AD
HsVcPillar2a6	CCSBORF5808	2	CCSBORF0	3AT	1	127T>C	0	NC_000011.10:5226764:A:G	CCSBVarC010224	ENSP00000333994.3:p.Phe43Leu	HBB	ENSG00000244734	empty_AD
HsVcPillar2a6	CCSBORF5808	2	CCSBORF0	3AT	1	128T>C	0	NC_000011.10:5226763:A:G	CCSBVarC010202	ENSP00000333994.3:p.Phe43Ser	HBB	ENSG00000244734	empty_AD
HsVcPillar2a6	CCSBORF5808	2	CCSBORF0	3AT	1	170G>A	0	NC_000011.10:5226721:C:T	CCSBVarC010134	ENSP00000333994.3:p.Gly57Asp	HBB	ENSG00000244734	empty_AD
HsVcPillar2a6	CCSBORF5808	2	CCSBORF0	3AT	1	1A>G	0	NC_000011.10:5227020:T:C	CCSBVarC010208	ENSP00000333994.3:p.Met1Val	HBB	ENSG00000244734	empty_AD
HsVcPillar2a6	CCSBORF5808	2	CCSBORF0	3AT	1	209G>A	0	NC_000011.10:5226682:C:T	CCSBVarC010113	ENSP00000333994.3:p.Gly70Asp	HBB	ENSG00000244734	empty_AD
HsVcPillar2a6	CCSBORF5808	2	CCSBORF0	3AT	1	220G>A	0	NC_000011.10:5226671:C:T	CCSBVarC010119	ENSP00000333994.3:p.Asp74Asn	HBB	ENSG00000244734	empty_AD
HsVcPillar2a6	CCSBORF5808	2	CCSBORF0	3AT	1	229G>C	0	NC_000011.10:5226662:C:G	CCSBVarC006224	ENSP00000333994.3:p.Ala77Pro	HBB	ENSG00000244734	empty_AD
HsVcPillar2a6	CCSBORF5808	2	CCSBORF0	3AT	1	257T>C	0	NC_000011.10:5226634:A:G	CCSBVarC010140	ENSP00000333994.3:p.Phe86Ser	HBB	ENSG00000244734	empty_AD
HsVcPillar2a6	CCSBORF5808	2	CCSBORF0	3AT	1	263C>T	0	NC_000011.10:5226628:G:A	CCSBVarC010091	ENSP00000333994.3:p.Thr88Ile	HBB	ENSG00000244734	empty_AD
HsVcPillar2a6	CCSBORF5808	2	CCSBORF0	3AT	1	26A>C	0	NC_000011.10:5226995:T:G	CCSBVarC006215	ENSP00000333994.3:p.Lys9Thr	HBB	ENSG00000244734	empty_AD
HsVcPillar2a6	CCSBORF5808	2	CCSBORF0	3AT	1	286A>G	0	NC_000011.10:5226605:T:C	CCSBVarC010107	ENSP00000333994.3:p.Lys96Glu	HBB	ENSG00000244734	empty_AD
HsVcPillar2a6	CCSBORF5808	2	CCSBORF0	3AT	1	293A>C	0	NC_000011.10:5226598:T:G	CCSBVarC006228	ENSP00000333994.3:p.His98Pro	HBB	ENSG00000244734	empty_AD
HsVcPillar2a6	CCSBORF5808	2	CCSBORF0	3AT	1	295G>A	0	NC_000011.10:5226596:C:T	CCSBVarC010194	ENSP00000333994.3:p.Val99Met	HBB	ENSG00000244734	empty_AD
HsVcPillar2a6	CCSBORF5808	2	CCSBORF0	3AT	1	332T>C	0	NC_000011.10:5225709:A:G	CCSBVarC006232	ENSP00000333994.3:p.Leu111Pro	HBB	ENSG00000244734	empty_AD
HsVcPillar2a6	CCSBORF5808	2	CCSBORF0	3AT	1	347C>A	0	NC_000011.10:5225694:G:T	CCSBVarC000907	ENSP00000333994.3:p.Ala116Asp	HBB	ENSG00000244734	empty_AD
HsVcPillar2a6	CCSBORF5808	2	CCSBORF0	3AT	1	380T>G	0	NC_000011.10:5225661:A:C	CCSBVarC006236	ENSP00000333994.3:p.Val127Gly	HBB	ENSG00000244734	empty_AD
HsVcPillar2a6	CCSBORF5808	2	CCSBORF0	3AT	1	388G>C	0	NC_000011.10:5225653:C:G	CCSBVarC006239	ENSP00000333994.3:p.Ala130Pro	HBB	ENSG00000244734	empty_AD
HsVcPillar2a6	CCSBORF5808	2	CCSBORF0	3AT	1	397A>C	0	NC_000011.10:5225644:T:G	CCSBVarC010100	ENSP00000333994.3:p.Lys133Gln	HBB	ENSG00000244734	empty_AD
HsVcPillar2a6	CCSBORF5808	2	CCSBORF0	3AT	1	3G>A	0	NC_000011.10:5227018:C:T	CCSBVarC010149	ENSP00000333994.3:p.Met1Ile	HBB	ENSG00000244734	empty_AD
HsVcPillar2a6	CCSBORF5808	2	CCSBORF0	3AT	1	40G>A	0	NC_000011.10:5226981:C:T	CCSBVarC010080	ENSP00000333994.3:p.Ala14Thr	HBB	ENSG00000244734	empty_AD
HsVcPillar2a6	CCSBORF5808	2	CCSBORF0	3AT	1	4G>T	0	NC_000011.10:5227017:C:A	CCSBVarC010169	ENSP00000333994.3:p.Val2Leu	HBB	ENSG00000244734	empty_AD
HsVcPillar2a6	CCSBORF5808	2	CCSBORF0	3AT	1	93G>C	0	NC_000011.10:5226798:C:G	CCSBVarC010187	ENSP00000333994.3:p.Arg31Ser	HBB	ENSG00000244734	empty_AD
HsVcPillar2a6	CCSBORF5808	2	CCSBORF0	3AT	1	94C>G	0	NC_000011.10:5226797:G:C	CCSBVarC006220	ENSP00000333994.3:p.Leu32Val	HBB	ENSG00000244734	empty_AD
HsVcPillar2a6	CCSBORF5808	2	CCSBORF0	3AT	1	98T>C	0	NC_000011.10:5226793:A:G	CCSBVarC000904	ENSP00000333994.3:p.Leu33Pro	HBB	ENSG00000244734	empty_AD
HsVcPillar2a6	CCSBORF4765	1	CCSBORF0	3AT	1	REF	0	NULL	NULL	NULL	ITGB2	ENSG00000160255	empty_AD
HsVcPillar2a6	CCSBORF4765	1	CCSBORF0	3AT	1	1021G>C	0	NC_000021.9:44895032:C:G	CCSBVarC008390	ENSP00000498780.1:p.Ala341Pro	ITGB2	ENSG00000160255	empty_AD
HsVcPillar2a6	CCSBORF4765	1	CCSBORF0	3AT	1	1172C>T	0	NC_000021.9:44893455:G:A	CCSBVarC007536	ENSP00000498780.1:p.Thr391Met	ITGB2	ENSG00000160255	empty_AD
HsVcPillar2a6	CCSBORF4765	1	CCSBORF0	3AT	1	130A>C	0	NC_000021.9:44910300:T:G	CCSBVarC008418	ENSP00000498780.1:p.Thr44Pro	ITGB2	ENSG00000160255	empty_AD
HsVcPillar2a6	CCSBORF4765	1	CCSBORF0	3AT	1	1670G>C	0	NC_000021.9:44889482:C:G	CCSBVarC008425	ENSP00000498780.1:p.Cys557Ser	ITGB2	ENSG00000160255	empty_AD
HsVcPillar2a6	CCSBORF4765	1	CCSBORF0	3AT	1	1756C>T	0	NC_000021.9:44889396:G:A	CCSBVarC008429	ENSP00000498780.1:p.Arg586Trp	ITGB2	ENSG00000160255	empty_AD
HsVcPillar2a6	CCSBORF4765	1	CCSBORF0	3AT	1	1768T>C	0	NC_000021.9:44889384:A:G	CCSBVarC000703	ENSP00000498780.1:p.Cys590Arg	ITGB2	ENSG00000160255	empty_AD
HsVcPillar2a6	CCSBORF4765	1	CCSBORF0	3AT	1	1835G>T	0	NC_000021.9:44889317:C:A	CCSBVarC009514	ENSP00000498780.1:p.Cys612Phe	ITGB2	ENSG00000160255	empty_AD
HsVcPillar2a6	CCSBORF4765	1	CCSBORF0	3AT	1	2147G>C	0	NC_000021.9:44886835:C:G	CCSBVarC008410	ENSP00000498780.1:p.Gly716Ala	ITGB2	ENSG00000160255	empty_AD
HsVcPillar2a6	CCSBORF4765	1	CCSBORF0	3AT	1	229G>A	0	NC_000021.9:44907013:C:T	CCSBVarC008408	ENSP00000498780.1:p.Asp77Asn	ITGB2	ENSG00000160255	empty_AD
HsVcPillar2a6	CCSBORF4765	1	CCSBORF0	3AT	1	392A>C	0	NC_000021.9:44903471:T:G	CCSBVarC008404	ENSP00000498780.1:p.Tyr131Ser	ITGB2	ENSG00000160255	empty_AD
HsVcPillar2a6	CCSBORF4765	1	CCSBORF0	3AT	1	412T>C	0	NC_000021.9:44903451:A:G	CCSBVarC000701	ENSP00000498780.1:p.Ser138Pro	ITGB2	ENSG00000160255	empty_AD
HsVcPillar2a6	CCSBORF4765	1	CCSBORF0	3AT	1	446T>C	0	NC_000021.9:44903417:A:G	CCSBVarC007547	ENSP00000498780.1:p.Leu149Pro	ITGB2	ENSG00000160255	empty_AD
HsVcPillar2a6	CCSBORF4765	1	CCSBORF0	3AT	1	520A>G	0	NC_000021.9:44901712:T:C	CCSBVarC008420	ENSP00000498780.1:p.Lys174Glu	ITGB2	ENSG00000160255	empty_AD
HsVcPillar2a6	CCSBORF4765	1	CCSBORF0	3AT	1	533C>T	0	NC_000021.9:44901699:G:A	CCSBVarC007545	ENSP00000498780.1:p.Pro178Leu	ITGB2	ENSG00000160255	empty_AD
HsVcPillar2a6	CCSBORF4765	1	CCSBORF0	3AT	1	706G>A	0	NC_000021.9:44901526:C:T	CCSBVarC007542	ENSP00000498780.1:p.Gly236Arg	ITGB2	ENSG00000160255	empty_AD
HsVcPillar2a6	CCSBORF4765	1	CCSBORF0	3AT	1	769C>T	0	NC_000021.9:44900447:G:A	CCSBVarC008422	ENSP00000498780.1:p.Arg257Trp	ITGB2	ENSG00000160255	empty_AD
HsVcPillar2a6	CCSBORF4765	1	CCSBORF0	3AT	1	850G>A	0	NC_000021.9:44900366:C:T	CCSBVarC007539	ENSP00000498780.1:p.Gly284Ser	ITGB2	ENSG00000160255	empty_AD
HsVcPillar2a6	CCSBORF4765	1	CCSBORF0	3AT	1	899A>T	0	NC_000021.9:44899160:T:A	CCSBVarC003145	ENSP00000498780.1:p.Asp300Val	ITGB2	ENSG00000160255	empty_AD
HsVcPillar2a6	CCSBORF4765	3	CCSBORF0	3AT	1	REF	0	NULL	NULL	NULL	ITGB2	ENSG00000160255	empty_AD
HsVcPillar2a6	CCSBORF4765	3	CCSBORF0	3AT	1	130A>C	0	NC_000021.9:44910300:T:G	CCSBVarC008418	ENSP00000498780.1:p.Thr44Pro	ITGB2	ENSG00000160255	empty_AD
HsVcPillar2a6	CCSBORF4765	3	CCSBORF0	3AT	1	1324C>T	0	NC_000021.9:44891896:G:A	CCSBVarC007535	ENSP00000498780.1:p.Leu442Phe	ITGB2	ENSG00000160255	empty_AD
HsVcPillar2a6	CCSBORF4765	3	CCSBORF0	3AT	1	1358G>A	0	NC_000021.9:44891862:C:T	CCSBVarC008424	ENSP00000498780.1:p.Ser453Asn	ITGB2	ENSG00000160255	empty_AD
HsVcPillar2a6	CCSBORF4765	3	CCSBORF0	3AT	1	1642G>T	0	NC_000021.9:44889992:C:A	CCSBVarC007534	ENSP00000498780.1:p.Val548Phe	ITGB2	ENSG00000160255	empty_AD
HsVcPillar2a6	CCSBORF4765	3	CCSBORF0	3AT	1	1670G>C	0	NC_000021.9:44889482:C:G	CCSBVarC008425	ENSP00000498780.1:p.Cys557Ser	ITGB2	ENSG00000160255	empty_AD
HsVcPillar2a6	CCSBORF4765	3	CCSBORF0	3AT	1	1697C>T	0	NC_000021.9:44889455:G:A	CCSBVarC007533	ENSP00000498780.1:p.Pro566Leu	ITGB2	ENSG00000160255	empty_AD
HsVcPillar2a6	CCSBORF4765	3	CCSBORF0	3AT	1	1768T>C	0	NC_000021.9:44889384:A:G	CCSBVarC000703	ENSP00000498780.1:p.Cys590Arg	ITGB2	ENSG00000160255	empty_AD
HsVcPillar2a6	CCSBORF4765	3	CCSBORF0	3AT	1	2210G>A	0	NC_000021.9:44886772:C:T	CCSBVarC007532	ENSP00000498780.1:p.Arg737His	ITGB2	ENSG00000160255	empty_AD
HsVcPillar2a6	CCSBORF4765	3	CCSBORF0	3AT	1	253G>A	0	NC_000021.9:44906989:C:T	CCSBVarC007548	ENSP00000498780.1:p.Ala85Thr	ITGB2	ENSG00000160255	empty_AD
HsVcPillar2a6	CCSBORF4765	3	CCSBORF0	3AT	1	400G>A	0	NC_000021.9:44903463:C:T	CCSBVarC008399	ENSP00000498780.1:p.Asp134Asn	ITGB2	ENSG00000160255	empty_AD
HsVcPillar2a6	CCSBORF4765	3	CCSBORF0	3AT	1	587A>C	0	NC_000021.9:44901645:T:G	CCSBVarC007544	ENSP00000498780.1:p.Lys196Thr	ITGB2	ENSG00000160255	empty_AD
HsVcPillar2a6	CCSBORF4765	3	CCSBORF0	3AT	1	589G>A	0	NC_000021.9:44901643:C:T	CCSBVarC007543	ENSP00000498780.1:p.Glu197Lys	ITGB2	ENSG00000160255	empty_AD
HsVcPillar2a6	CCSBORF4765	3	CCSBORF0	3AT	1	706G>A	0	NC_000021.9:44901526:C:T	CCSBVarC007542	ENSP00000498780.1:p.Gly236Arg	ITGB2	ENSG00000160255	empty_AD
HsVcPillar2a6	CCSBORF4765	3	CCSBORF0	3AT	1	809C>T	0	NC_000021.9:44900407:G:A	CCSBVarC008389	ENSP00000498780.1:p.Ala270Val	ITGB2	ENSG00000160255	empty_AD
HsVcPillar2a6	CCSBORF4765	3	CCSBORF0	3AT	1	847G>A	0	NC_000021.9:44900369:C:T	CCSBVarC007540	ENSP00000498780.1:p.Asp283Asn	ITGB2	ENSG00000160255	empty_AD
HsVcPillar2a6	CCSBORF4765	3	CCSBORF0	3AT	1	853C>T	0	NC_000021.9:44900363:G:A	CCSBVarC007538	ENSP00000498780.1:p.Arg285Cys	ITGB2	ENSG00000160255	empty_AD
HsVcPillar2a6	CCSBORF4765	3	CCSBORF0	3AT	1	899A>T	0	NC_000021.9:44899160:T:A	CCSBVarC003145	ENSP00000498780.1:p.Asp300Val	ITGB2	ENSG00000160255	empty_AD
HsVcPillar2a6	CCSBORF359	1	CCSBORF5539	3AT	2	REF	0	NULL	NULL	NULL	CBS	ENSG00000160200	ZMYM5
HsVcPillar2a6	CCSBORF359	1	CCSBORF5539	3AT	2	1007G>A	0	NC_000021.9:43062342:C:T	CCSBVarC007316	ENSP00000381231.4:p.Arg336His	CBS	ENSG00000160200	ZMYM5
HsVcPillar2a6	CCSBORF359	1	CCSBORF5539	3AT	2	1058C>T	0	NC_000021.9:43060527:G:A	CCSBVarC007312	ENSP00000381231.4:p.Thr353Met	CBS	ENSG00000160200	ZMYM5
HsVcPillar2a6	CCSBORF359	1	CCSBORF5539	3AT	2	1111G>A	0	NC_000021.9:43060474:C:T	CCSBVarC007308	ENSP00000381231.4:p.Val371Met	CBS	ENSG00000160200	ZMYM5
HsVcPillar2a6	CCSBORF359	1	CCSBORF5539	3AT	2	1150A>G	0	NC_000021.9:43059298:T:C	CCSBVarC007306	ENSP00000381231.4:p.Lys384Glu	CBS	ENSG00000160200	ZMYM5
HsVcPillar2a6	CCSBORF359	1	CCSBORF5539	3AT	2	1330G>A	0	NC_000021.9:43058861:C:T	CCSBVarC007302	ENSP00000381231.4:p.Asp444Asn	CBS	ENSG00000160200	ZMYM5
HsVcPillar2a6	CCSBORF359	1	CCSBORF5539	3AT	2	146C>T	0	NC_000021.9:43072047:G:A	CCSBVarC000042	ENSP00000381231.4:p.Pro49Leu	CBS	ENSG00000160200	ZMYM5
HsVcPillar2a6	CCSBORF359	1	CCSBORF5539	3AT	2	175C>T	0	NC_000021.9:43072018:G:A	CCSBVarC008674	ENSP00000381231.4:p.Pro59Ser	CBS	ENSG00000160200	ZMYM5
HsVcPillar2a6	CCSBORF359	1	CCSBORF5539	3AT	2	253G>A	0	NC_000021.9:43068571:C:T	CCSBVarC007358	ENSP00000381231.4:p.Gly85Arg	CBS	ENSG00000160200	ZMYM5
HsVcPillar2a6	CCSBORF359	1	CCSBORF5539	3AT	2	306G>C	0	NC_000021.9:43068518:C:G	CCSBVarC007353	ENSP00000381231.4:p.Lys102Asn	CBS	ENSG00000160200	ZMYM5
HsVcPillar2a6	CCSBORF359	1	CCSBORF5539	3AT	2	341C>T	0	NC_000021.9:43066352:G:A	CCSBVarC007350	ENSP00000381231.4:p.Ala114Val	CBS	ENSG00000160200	ZMYM5
HsVcPillar2a6	CCSBORF359	1	CCSBORF5539	3AT	2	361C>T	0	NC_000021.9:43066332:G:A	CCSBVarC007347	ENSP00000381231.4:p.Arg121Cys	CBS	ENSG00000160200	ZMYM5
HsVcPillar2a6	CCSBORF359	1	CCSBORF5539	3AT	2	374G>A	0	NC_000021.9:43066319:C:T	CCSBVarC008706	ENSP00000381231.4:p.Arg125Gln	CBS	ENSG00000160200	ZMYM5
HsVcPillar2a6	CCSBORF359	1	CCSBORF5539	3AT	2	430G>A	0	NC_000021.9:43066263:C:T	CCSBVarC007340	ENSP00000381231.4:p.Glu144Lys	CBS	ENSG00000160200	ZMYM5
HsVcPillar2a6	CCSBORF359	1	CCSBORF5539	3AT	2	442G>A	0	NC_000021.9:43066251:C:T	CCSBVarC007338	ENSP00000381231.4:p.Gly148Arg	CBS	ENSG00000160200	ZMYM5
HsVcPillar2a6	CCSBORF359	1	CCSBORF5539	3AT	2	494G>A	0	NC_000021.9:43065652:C:T	CCSBVarC008696	ENSP00000381231.4:p.Cys165Tyr	CBS	ENSG00000160200	ZMYM5
HsVcPillar2a6	CCSBORF359	1	CCSBORF5539	3AT	2	526G>A	0	NC_000021.9:43065620:C:T	CCSBVarC008702	ENSP00000381231.4:p.Glu176Lys	CBS	ENSG00000160200	ZMYM5
HsVcPillar2a6	CCSBORF359	1	CCSBORF5539	3AT	2	52C>T	0	NC_000021.9:43072141:G:A	CCSBVarC007367	ENSP00000381231.4:p.Arg18Cys	CBS	ENSG00000160200	ZMYM5
HsVcPillar2a6	CCSBORF359	1	CCSBORF5539	3AT	2	684C>G	0	NC_000021.9:43065254:G:C	CCSBVarC008710	ENSP00000381231.4:p.Asn228Lys	CBS	ENSG00000160200	ZMYM5
HsVcPillar2a6	CCSBORF359	1	CCSBORF5539	3AT	2	700G>A	0	NC_000021.9:43065238:C:T	CCSBVarC007328	ENSP00000381231.4:p.Asp234Asn	CBS	ENSG00000160200	ZMYM5
HsVcPillar2a6	CCSBORF359	1	CCSBORF5539	3AT	2	797G>A	0	NC_000021.9:43063930:C:T	CCSBVarC007324	ENSP00000381231.4:p.Arg266Lys	CBS	ENSG00000160200	ZMYM5
HsVcPillar2a6	CCSBORF359	1	CCSBORF5539	3AT	2	833T>C	0	NC_000021.9:43063073:A:G	CCSBVarC000044	ENSP00000381231.4:p.Ile278Thr	CBS	ENSG00000160200	ZMYM5
HsVcPillar2a6	CCSBORF359	1	CCSBORF5539	3AT	2	959T>C	0	NC_000021.9:43062390:A:G	CCSBVarC007319	ENSP00000381231.4:p.Val320Ala	CBS	ENSG00000160200	ZMYM5
HsVcPillar2a6	CCSBORF359	3	CCSBORF0	3AT	2	REF	0	NULL	NULL	NULL	CBS	ENSG00000160200	empty_AD
HsVcPillar2a6	CCSBORF359	3	CCSBORF0	3AT	2	1007G>A	0	NC_000021.9:43062342:C:T	CCSBVarC007316	ENSP00000381231.4:p.Arg336His	CBS	ENSG00000160200	empty_AD
HsVcPillar2a6	CCSBORF359	3	CCSBORF0	3AT	2	1070C>G	0	NC_000021.9:43060515:G:C	CCSBVarC007311	ENSP00000381231.4:p.Ala357Gly	CBS	ENSG00000160200	empty_AD
HsVcPillar2a6	CCSBORF359	3	CCSBORF0	3AT	2	1109G>A	0	NC_000021.9:43060476:C:T	CCSBVarC007309	ENSP00000381231.4:p.Cys370Tyr	CBS	ENSG00000160200	empty_AD
HsVcPillar2a6	CCSBORF359	3	CCSBORF0	3AT	2	112G>A	0	NC_000021.9:43072081:C:T	CCSBVarC007365	ENSP00000381231.4:p.Ala38Thr	CBS	ENSG00000160200	empty_AD
HsVcPillar2a6	CCSBORF359	3	CCSBORF0	3AT	2	1265C>T	0	NC_000021.9:43058926:G:A	CCSBVarC007304	ENSP00000381231.4:p.Pro422Leu	CBS	ENSG00000160200	empty_AD
HsVcPillar2a6	CCSBORF359	3	CCSBORF0	3AT	2	133C>T	0	NC_000021.9:43072060:G:A	CCSBVarC007364	ENSP00000381231.4:p.Arg45Trp	CBS	ENSG00000160200	empty_AD
HsVcPillar2a6	CCSBORF359	3	CCSBORF0	3AT	2	1353G>C	0	NC_000021.9:43058838:C:G	CCSBVarC007301	ENSP00000381231.4:p.Glu451Asp	CBS	ENSG00000160200	empty_AD
HsVcPillar2a6	CCSBORF359	3	CCSBORF0	3AT	2	1358G>A	0	NC_000021.9:43058833:C:T	CCSBVarC007299	ENSP00000381231.4:p.Gly453Glu	CBS	ENSG00000160200	empty_AD
HsVcPillar2a6	CCSBORF359	3	CCSBORF0	3AT	2	1411G>A	0	NC_000021.9:43058200:C:T	CCSBVarC007297	ENSP00000381231.4:p.Gly471Arg	CBS	ENSG00000160200	empty_AD
HsVcPillar2a6	CCSBORF359	3	CCSBORF0	3AT	2	1539C>G	0	NC_000021.9:43056815:G:C	CCSBVarC007295	ENSP00000381231.4:p.His513Gln	CBS	ENSG00000160200	empty_AD
HsVcPillar2a6	CCSBORF359	3	CCSBORF0	3AT	2	209C>T	0	NC_000021.9:43071984:G:A	CCSBVarC007361	ENSP00000381231.4:p.Pro70Leu	CBS	ENSG00000160200	empty_AD
HsVcPillar2a6	CCSBORF359	3	CCSBORF0	3AT	2	215A>T	0	NC_000021.9:43068609:T:A	CCSBVarC007360	ENSP00000381231.4:p.Lys72Ile	CBS	ENSG00000160200	empty_AD
HsVcPillar2a6	CCSBORF359	3	CCSBORF0	3AT	2	296T>A	0	NC_000021.9:43068528:A:T	CCSBVarC007357	ENSP00000381231.4:p.Phe99Tyr	CBS	ENSG00000160200	empty_AD
HsVcPillar2a6	CCSBORF359	3	CCSBORF0	3AT	2	297C>G	0	NC_000021.9:43068527:G:C	CCSBVarC007356	ENSP00000381231.4:p.Phe99Leu	CBS	ENSG00000160200	empty_AD
HsVcPillar2a6	CCSBORF359	3	CCSBORF0	3AT	2	340G>A	0	NC_000021.9:43066353:C:T	CCSBVarC007351	ENSP00000381231.4:p.Ala114Thr	CBS	ENSG00000160200	empty_AD
HsVcPillar2a6	CCSBORF359	3	CCSBORF0	3AT	2	394C>A	1	NC_000021.9:43066299:G:T	CCSBVarC007345	ENSP00000381231.4:p.Arg132Ser	CBS	ENSG00000160200	empty_AD
HsVcPillar2a6	CCSBORF359	3	CCSBORF0	3AT	2	401G>C	0	NC_000021.9:43066292:C:G	CCSBVarC007341	ENSP00000381231.4:p.Gly134Ala	CBS	ENSG00000160200	empty_AD
HsVcPillar2a6	CCSBORF359	3	CCSBORF0	3AT	2	429C>G	0	NC_000021.9:43066264:G:C	CCSBVarC008694	ENSP00000381231.4:p.Ile143Met	CBS	ENSG00000160200	empty_AD
HsVcPillar2a6	CCSBORF359	3	CCSBORF0	3AT	2	5C>T	0	NC_000021.9:43072188:G:A	CCSBVarC007369	ENSP00000381231.4:p.Pro2Leu	CBS	ENSG00000160200	empty_AD
HsVcPillar2a6	CCSBORF359	3	CCSBORF0	3AT	2	622T>C	0	NC_000021.9:43065430:A:G	CCSBVarC007331	ENSP00000381231.4:p.Trp208Arg	CBS	ENSG00000160200	empty_AD
HsVcPillar2a6	CCSBORF359	3	CCSBORF0	3AT	2	65A>G	0	NC_000021.9:43072128:T:C	CCSBVarC007366	ENSP00000381231.4:p.His22Arg	CBS	ENSG00000160200	empty_AD
HsVcPillar2a6	CCSBORF359	3	CCSBORF0	3AT	2	750G>A	0	NC_000021.9:43063977:C:T	CCSBVarC007327	ENSP00000381231.4:p.Met250Ile	CBS	ENSG00000160200	empty_AD
HsVcPillar2a6	CCSBORF359	3	CCSBORF0	3AT	2	770C>T	0	NC_000021.9:43063957:G:A	CCSBVarC007326	ENSP00000381231.4:p.Thr257Met	CBS	ENSG00000160200	empty_AD
HsVcPillar2a6	CCSBORF359	3	CCSBORF0	3AT	2	857T>C	0	NC_000021.9:43063049:A:G	CCSBVarC007322	ENSP00000381231.4:p.Ile286Thr	CBS	ENSG00000160200	empty_AD
HsVcPillar2a6	CCSBORF359	3	CCSBORF0	3AT	2	953C>T	0	NC_000021.9:43062953:G:A	CCSBVarC007320	ENSP00000381231.4:p.Thr318Met	CBS	ENSG00000160200	empty_AD
HsVcPillar2a6	CCSBORF12573	3	CCSBORF5539	3AT	2	REF	2680	NULL	NULL	NULL	DES	ENSG00000175084	ZMYM5
HsVcPillar2a6	CCSBORF12573	3	CCSBORF5539	3AT	2	1047G>A	4263	NC_000002.12:219421362:G:A	CCSBVarC007858	ENSP00000363071.3:p.Met349Ile	DES	ENSG00000175084	ZMYM5
HsVcPillar2a6	CCSBORF12573	3	CCSBORF5539	3AT	2	1064G>C	445	NC_000002.12:219421379:G:C	CCSBVarC007862	ENSP00000363071.3:p.Arg355Pro	DES	ENSG00000175084	ZMYM5
HsVcPillar2a6	CCSBORF12573	3	CCSBORF5539	3AT	2	109C>G	896	NC_000002.12:219418570:C:G	CCSBVarC007789	ENSP00000363071.3:p.Arg37Gly	DES	ENSG00000175084	ZMYM5
HsVcPillar2a6	CCSBORF12573	3	CCSBORF5539	3AT	2	1159G>A	2677	NC_000002.12:219421474:G:A	CCSBVarC007867	ENSP00000363071.3:p.Glu387Lys	DES	ENSG00000175084	ZMYM5
HsVcPillar2a6	CCSBORF12573	3	CCSBORF5539	3AT	2	1167G>T	523	NC_000002.12:219421482:G:T	CCSBVarC007869	ENSP00000363071.3:p.Gln389His	DES	ENSG00000175084	ZMYM5
HsVcPillar2a6	CCSBORF12573	3	CCSBORF5539	3AT	2	1180G>A	3881	NC_000002.12:219421495:G:A	CCSBVarC007872	ENSP00000363071.3:p.Val394Met	DES	ENSG00000175084	ZMYM5
HsVcPillar2a6	CCSBORF12573	3	CCSBORF5539	3AT	2	1234G>A	560	NC_000002.12:219421549:G:A	CCSBVarC007876	ENSP00000363071.3:p.Glu412Lys	DES	ENSG00000175084	ZMYM5
HsVcPillar2a6	CCSBORF12573	3	CCSBORF5539	3AT	2	1256C>T	1295	NC_000002.12:219423787:C:T	CCSBVarC007879	ENSP00000363071.3:p.Pro419Leu	DES	ENSG00000175084	ZMYM5
HsVcPillar2a6	CCSBORF12573	3	CCSBORF5539	3AT	2	1271C>T	1035	NC_000002.12:219423802:C:T	CCSBVarC007880	ENSP00000363071.3:p.Ser424Phe	DES	ENSG00000175084	ZMYM5
HsVcPillar2a6	CCSBORF12573	3	CCSBORF5539	3AT	2	1315G>A	447	NC_000002.12:219425688:G:A	CCSBVarC007883	ENSP00000363071.3:p.Glu439Lys	DES	ENSG00000175084	ZMYM5
HsVcPillar2a6	CCSBORF12573	3	CCSBORF5539	3AT	2	1360C>T	1358	NC_000002.12:219425733:C:T	CCSBVarC007889	ENSP00000363071.3:p.Arg454Trp	DES	ENSG00000175084	ZMYM5
HsVcPillar2a6	CCSBORF12573	3	CCSBORF5539	3AT	2	1361G>A	3017	NC_000002.12:219425734:G:A	CCSBVarC007890	ENSP00000363071.3:p.Arg454Gln	DES	ENSG00000175084	ZMYM5
HsVcPillar2a6	CCSBORF12573	3	CCSBORF5539	3AT	2	209G>C	708	NC_000002.12:219418670:G:C	CCSBVarC007798	ENSP00000363071.3:p.Arg70Pro	DES	ENSG00000175084	ZMYM5
HsVcPillar2a6	CCSBORF12573	3	CCSBORF5539	3AT	2	250G>A	1011	NC_000002.12:219418711:G:A	CCSBVarC007801	ENSP00000363071.3:p.Gly84Ser	DES	ENSG00000175084	ZMYM5
HsVcPillar2a6	CCSBORF12573	3	CCSBORF5539	3AT	2	286G>T	2083	NC_000002.12:219418747:G:T	CCSBVarC007802	ENSP00000363071.3:p.Ala96Ser	DES	ENSG00000175084	ZMYM5
HsVcPillar2a6	CCSBORF12573	3	CCSBORF5539	3AT	2	328G>C	939	NC_000002.12:219418789:G:C	CCSBVarC007805	ENSP00000363071.3:p.Val110Leu	DES	ENSG00000175084	ZMYM5
HsVcPillar2a6	CCSBORF12573	3	CCSBORF5539	3AT	2	347A>T	9	NC_000002.12:219418808:A:T	CCSBVarC007806	ENSP00000363071.3:p.Asn116Ile	DES	ENSG00000175084	ZMYM5
HsVcPillar2a6	CCSBORF12573	3	CCSBORF5539	3AT	2	404C>T	186	NC_000002.12:219418865:C:T	CCSBVarC007812	ENSP00000363071.3:p.Ala135Val	DES	ENSG00000175084	ZMYM5
HsVcPillar2a6	CCSBORF12573	3	CCSBORF5539	3AT	2	410C>A	2713	NC_000002.12:219418871:C:A	CCSBVarC007814	ENSP00000363071.3:p.Ala137Asp	DES	ENSG00000175084	ZMYM5
HsVcPillar2a6	CCSBORF12573	3	CCSBORF5539	3AT	2	629C>T	1898	NC_000002.12:219420144:C:T	CCSBVarC007823	ENSP00000363071.3:p.Ala210Val	DES	ENSG00000175084	ZMYM5
HsVcPillar2a6	CCSBORF12573	3	CCSBORF5539	3AT	2	656C>T	1364	NC_000002.12:219420266:C:T	CCSBVarC007827	ENSP00000363071.3:p.Thr219Ile	DES	ENSG00000175084	ZMYM5
HsVcPillar2a6	CCSBORF12573	3	CCSBORF5539	3AT	2	665G>A	437	NC_000002.12:219420275:G:A	CCSBVarC007828	ENSP00000363071.3:p.Arg222His	DES	ENSG00000175084	ZMYM5
HsVcPillar2a6	CCSBORF12573	3	CCSBORF5539	3AT	2	679C>T	1587	NC_000002.12:219420289:C:T	CCSBVarC007829	ENSP00000363071.3:p.Arg227Cys	DES	ENSG00000175084	ZMYM5
HsVcPillar2a6	CCSBORF12573	3	CCSBORF5539	3AT	2	680G>A	1824	NC_000002.12:219420290:G:A	CCSBVarC007830	ENSP00000363071.3:p.Arg227His	DES	ENSG00000175084	ZMYM5
HsVcPillar2a6	CCSBORF12573	3	CCSBORF5539	3AT	2	79G>A	12	NC_000002.12:219418540:G:A	CCSBVarC007787	ENSP00000363071.3:p.Gly27Ser	DES	ENSG00000175084	ZMYM5
HsVcPillar2a6	CCSBORF12573	3	CCSBORF5539	3AT	2	817G>T	894	NC_000002.12:219420575:G:T	CCSBVarC007838	ENSP00000363071.3:p.Ala273Ser	DES	ENSG00000175084	ZMYM5
HsVcPillar2a6	CCSBORF12573	3	CCSBORF5539	3AT	2	893C>T	2049	NC_000002.12:219420651:C:T	CCSBVarC006503	ENSP00000363071.3:p.Ser298Leu	DES	ENSG00000175084	ZMYM5
HsVcPillar2a6	CCSBORF12573	3	CCSBORF5539	3AT	2	935A>C	261	NC_000002.12:219420864:A:C	CCSBVarC007842	ENSP00000363071.3:p.Asp312Ala	DES	ENSG00000175084	ZMYM5
HsVcPillar2a6	CCSBORF12573	3	CCSBORF5539	3AT	2	944G>A	1838	NC_000002.12:219420873:G:A	CCSBVarC007844	ENSP00000363071.3:p.Arg315His	DES	ENSG00000175084	ZMYM5
HsVcPillar2a6	CCSBORF12573	3	CCSBORF5539	3AT	2	980A>C	181	NC_000002.12:219420909:A:C	CCSBVarC007847	ENSP00000363071.3:p.Gln327Pro	DES	ENSG00000175084	ZMYM5
HsVcPillar2a6	CCSBORF12573	3	CCSBORF5539	3AT	2	991T>A	552	NC_000002.12:219420920:T:A	CCSBVarC007849	ENSP00000363071.3:p.Tyr331Asn	DES	ENSG00000175084	ZMYM5
HsVcPillar2a6	CCSBORF7923	2	CCSBORF6953	3AT	2	REF	0	NULL	NULL	NULL	FAH	ENSG00000103876	PLEKHF2
HsVcPillar2a6	CCSBORF7923	2	CCSBORF6953	3AT	2	1009G>A	0	NC_000015.10:80180171:G:A	CCSBVarC004729	ENSP00000453347.2:p.Gly337Ser	FAH	ENSG00000103876	PLEKHF2
HsVcPillar2a6	CCSBORF7923	2	CCSBORF6953	3AT	2	1021C>T	0	NC_000015.10:80180183:C:T	CCSBVarC007673	ENSP00000453347.2:p.Arg341Trp	FAH	ENSG00000103876	PLEKHF2
HsVcPillar2a6	CCSBORF7923	2	CCSBORF6953	3AT	2	1027G>A	0	NC_000015.10:80180189:G:A	CCSBVarC025379	ENSP00000453347.2:p.Gly343Arg	FAH	ENSG00000103876	PLEKHF2
HsVcPillar2a6	CCSBORF7923	2	CCSBORF6953	3AT	2	1079G>A	0	NC_000015.10:80181057:G:A	CCSBVarC007674	ENSP00000453347.2:p.Gly360Asp	FAH	ENSG00000103876	PLEKHF2
HsVcPillar2a6	CCSBORF7923	2	CCSBORF6953	3AT	2	107T>C	0	NC_000015.10:80158084:T:C	CCSBVarC007659	ENSP00000453347.2:p.Ile36Thr	FAH	ENSG00000103876	PLEKHF2
HsVcPillar2a6	CCSBORF7923	2	CCSBORF6953	3AT	2	109G>A	0	NC_000015.10:80158086:G:A	CCSBVarC007660	ENSP00000453347.2:p.Gly37Ser	FAH	ENSG00000103876	PLEKHF2
HsVcPillar2a6	CCSBORF7923	2	CCSBORF6953	3AT	2	1141A>G	0	NC_000015.10:80181119:A:G	CCSBVarC004730	ENSP00000453347.2:p.Arg381Gly	FAH	ENSG00000103876	PLEKHF2
HsVcPillar2a6	CCSBORF7923	2	CCSBORF6953	3AT	2	1205G>A	0	NC_000015.10:80186153:G:A	CCSBVarC007675	ENSP00000453347.2:p.Arg402His	FAH	ENSG00000103876	PLEKHF2
HsVcPillar2a6	CCSBORF7923	2	CCSBORF6953	3AT	2	133A>G	0	NC_000015.10:80158110:A:G	CCSBVarC007661	ENSP00000453347.2:p.Ile45Val	FAH	ENSG00000103876	PLEKHF2
HsVcPillar2a6	CCSBORF7923	2	CCSBORF6953	3AT	2	139A>G	0	NC_000015.10:80158116:A:G	CCSBVarC007662	ENSP00000453347.2:p.Lys47Glu	FAH	ENSG00000103876	PLEKHF2
HsVcPillar2a6	CCSBORF7923	2	CCSBORF6953	3AT	2	167C>T	0	NC_000015.10:80158144:C:T	CCSBVarC007663	ENSP00000453347.2:p.Ser56Phe	FAH	ENSG00000103876	PLEKHF2
HsVcPillar2a6	CCSBORF7923	2	CCSBORF6953	3AT	2	181G>T	0	NC_000015.10:80158158:G:T	CCSBVarC007664	ENSP00000453347.2:p.Val61Phe	FAH	ENSG00000103876	PLEKHF2
HsVcPillar2a6	CCSBORF7923	2	CCSBORF6953	3AT	2	192G>T	0	NC_000015.10:80158169:G:T	CCSBVarC007665	ENSP00000453347.2:p.Gln64His	FAH	ENSG00000103876	PLEKHF2
HsVcPillar2a6	CCSBORF7923	2	CCSBORF6953	3AT	2	291A>C	0	NC_000015.10:80159853:A:C	CCSBVarC007666	ENSP00000453347.2:p.Arg97Ser	FAH	ENSG00000103876	PLEKHF2
HsVcPillar2a6	CCSBORF7923	2	CCSBORF6953	3AT	2	296A>G	0	NC_000015.10:80159858:A:G	CCSBVarC007667	ENSP00000453347.2:p.Asp99Gly	FAH	ENSG00000103876	PLEKHF2
HsVcPillar2a6	CCSBORF7923	2	CCSBORF6953	3AT	2	302A>G	0	NC_000015.10:80159864:A:G	CCSBVarC007668	ENSP00000453347.2:p.Glu101Gly	FAH	ENSG00000103876	PLEKHF2
HsVcPillar2a6	CCSBORF7923	2	CCSBORF6953	3AT	2	398A>T	0	NC_000015.10:80162278:A:T	CCSBVarC025300	ENSP00000453347.2:p.His133Leu	FAH	ENSG00000103876	PLEKHF2
HsVcPillar2a6	CCSBORF7923	2	CCSBORF6953	3AT	2	401C>A	0	NC_000015.10:80162281:C:A	CCSBVarC004725	ENSP00000453347.2:p.Ala134Asp	FAH	ENSG00000103876	PLEKHF2
HsVcPillar2a6	CCSBORF7923	2	CCSBORF6953	3AT	2	412G>A	0	NC_000015.10:80162292:G:A	CCSBVarC007669	ENSP00000453347.2:p.Gly138Arg	FAH	ENSG00000103876	PLEKHF2
HsVcPillar2a6	CCSBORF7923	2	CCSBORF6953	3AT	2	47A>T	0	NC_000015.10:80153100:A:T	CCSBVarC004724	ENSP00000453347.2:p.Asn16Ile	FAH	ENSG00000103876	PLEKHF2
HsVcPillar2a6	CCSBORF7923	2	CCSBORF6953	3AT	2	696C>A	0	NC_000015.10:80172237:C:A	CCSBVarC004726	ENSP00000453347.2:p.Asn232Lys	FAH	ENSG00000103876	PLEKHF2
HsVcPillar2a6	CCSBORF7923	2	CCSBORF6953	3AT	2	698A>T	0	NC_000015.10:80172239:A:T	CCSBVarC004727	ENSP00000453347.2:p.Asp233Val	FAH	ENSG00000103876	PLEKHF2
HsVcPillar2a6	CCSBORF7923	2	CCSBORF6953	3AT	2	715A>T	0	NC_000015.10:80173021:A:T	CCSBVarC007670	ENSP00000453347.2:p.Ile239Phe	FAH	ENSG00000103876	PLEKHF2
HsVcPillar2a6	CCSBORF7923	2	CCSBORF6953	3AT	2	742G>A	0	NC_000015.10:80173048:G:A	CCSBVarC025336	ENSP00000453347.2:p.Gly248Arg	FAH	ENSG00000103876	PLEKHF2
HsVcPillar2a6	CCSBORF7923	2	CCSBORF6953	3AT	2	782C>T	0	NC_000015.10:80173088:C:T	CCSBVarC004728	ENSP00000453347.2:p.Pro261Leu	FAH	ENSG00000103876	PLEKHF2
HsVcPillar2a6	CCSBORF7923	2	CCSBORF6953	3AT	2	836A>G	0	NC_000015.10:80173142:A:G	CCSBVarC007671	ENSP00000453347.2:p.Gln279Arg	FAH	ENSG00000103876	PLEKHF2
HsVcPillar2a6	CCSBORF7923	2	CCSBORF6953	3AT	2	841C>A	0	NC_000015.10:80175018:C:A	CCSBVarC007672	ENSP00000453347.2:p.Pro281Thr	FAH	ENSG00000103876	PLEKHF2
HsVcPillar2a6	CCSBORF300	4	CCSBORF8190	3AT	2	REF	1781	NULL	NULL	NULL	GALT	ENSG00000213930	UBTD2
HsVcPillar2a6	CCSBORF300	4	CCSBORF8190	3AT	2	1048A>G	946	NC_000009.12:34649552:A:G	CCSBVarC007291	ENSP00000368119.4:p.Thr350Ala	GALT	ENSG00000213930	UBTD2
HsVcPillar2a6	CCSBORF300	4	CCSBORF8190	3AT	2	113A>C	1271	NC_000009.12:34647118:A:C	CCSBVarC007145	ENSP00000368119.4:p.Gln38Pro	GALT	ENSG00000213930	UBTD2
HsVcPillar2a6	CCSBORF300	4	CCSBORF8190	3AT	2	139C>G	8	NC_000009.12:34647144:C:G	CCSBVarC007149	ENSP00000368119.4:p.His47Asp	GALT	ENSG00000213930	UBTD2
HsVcPillar2a6	CCSBORF300	4	CCSBORF8190	3AT	2	157T>A	869	NC_000009.12:34647162:T:A	CCSBVarC007152	ENSP00000368119.4:p.Trp53Arg	GALT	ENSG00000213930	UBTD2
HsVcPillar2a6	CCSBORF300	4	CCSBORF8190	3AT	2	1A>G	48	NC_000009.12:34646704:A:G	CCSBVarC004974	ENSP00000368119.4:p.Met1Val	GALT	ENSG00000213930	UBTD2
HsVcPillar2a6	CCSBORF300	4	CCSBORF8190	3AT	2	203A>C	4907	NC_000009.12:34647208:A:C	CCSBVarC007158	ENSP00000368119.4:p.His68Pro	GALT	ENSG00000213930	UBTD2
HsVcPillar2a6	CCSBORF300	4	CCSBORF8190	3AT	2	27G>C	302	NC_000009.12:34646730:G:C	CCSBVarC007135	ENSP00000368119.4:p.Gln9His	GALT	ENSG00000213930	UBTD2
HsVcPillar2a6	CCSBORF300	4	CCSBORF8190	3AT	2	285T>G	5	NC_000009.12:34647523:T:G	CCSBVarC007162	ENSP00000368119.4:p.Phe95Leu	GALT	ENSG00000213930	UBTD2
HsVcPillar2a6	CCSBORF300	4	CCSBORF8190	3AT	2	350T>C	9	NC_000009.12:34647677:T:C	CCSBVarC004981	ENSP00000368119.4:p.Phe117Ser	GALT	ENSG00000213930	UBTD2
HsVcPillar2a6	CCSBORF300	4	CCSBORF8190	3AT	2	374T>C	8678	NC_000009.12:34647701:T:C	CCSBVarC007173	ENSP00000368119.4:p.Val125Ala	GALT	ENSG00000213930	UBTD2
HsVcPillar2a6	CCSBORF300	4	CCSBORF8190	3AT	2	404C>G	9	NC_000009.12:34647857:C:G	CCSBVarC004982	ENSP00000368119.4:p.Ser135Trp	GALT	ENSG00000213930	UBTD2
HsVcPillar2a6	CCSBORF300	4	CCSBORF8190	3AT	2	413C>T	15	NC_000009.12:34647866:C:T	CCSBVarC007184	ENSP00000368119.4:p.Thr138Met	GALT	ENSG00000213930	UBTD2
HsVcPillar2a6	CCSBORF300	4	CCSBORF8190	3AT	2	425T>A	4	NC_000009.12:34647878:T:A	CCSBVarC007187	ENSP00000368119.4:p.Met142Lys	GALT	ENSG00000213930	UBTD2
HsVcPillar2a6	CCSBORF300	4	CCSBORF8190	3AT	2	499T>C	6	NC_000009.12:34647952:T:C	CCSBVarC007199	ENSP00000368119.4:p.Trp167Arg	GALT	ENSG00000213930	UBTD2
HsVcPillar2a6	CCSBORF300	4	CCSBORF8190	3AT	2	505C>A	4	NC_000009.12:34647958:C:A	CCSBVarC007201	ENSP00000368119.4:p.Gln169Lys	GALT	ENSG00000213930	UBTD2
HsVcPillar2a6	CCSBORF300	4	CCSBORF8190	3AT	2	550C>G	323	NC_000009.12:34648156:C:G	CCSBVarC007209	ENSP00000368119.4:p.His184Asp	GALT	ENSG00000213930	UBTD2
HsVcPillar2a6	CCSBORF300	4	CCSBORF8190	3AT	2	594T>G	3	NC_000009.12:34648362:T:G	CCSBVarC004989	ENSP00000368119.4:p.Ile198Met	GALT	ENSG00000213930	UBTD2
HsVcPillar2a6	CCSBORF300	4	CCSBORF8190	3AT	2	601C>T	4	NC_000009.12:34648369:C:T	CCSBVarC007222	ENSP00000368119.4:p.Arg201Cys	GALT	ENSG00000213930	UBTD2
HsVcPillar2a6	CCSBORF300	4	CCSBORF8190	3AT	2	611G>A	31	NC_000009.12:34648379:G:A	CCSBVarC007226	ENSP00000368119.4:p.Arg204Gln	GALT	ENSG00000213930	UBTD2
HsVcPillar2a6	CCSBORF300	4	CCSBORF8190	3AT	2	611G>C	10	NC_000009.12:34648379:G:C	CCSBVarC004991	ENSP00000368119.4:p.Arg204Pro	GALT	ENSG00000213930	UBTD2
HsVcPillar2a6	CCSBORF300	4	CCSBORF8190	3AT	2	650T>C	1	NC_000009.12:34648418:T:C	CCSBVarC007229	ENSP00000368119.4:p.Leu217Pro	GALT	ENSG00000213930	UBTD2
HsVcPillar2a6	CCSBORF300	4	CCSBORF8190	3AT	2	652C>G	6	NC_000009.12:34648420:C:G	CCSBVarC004993	ENSP00000368119.4:p.Leu218Val	GALT	ENSG00000213930	UBTD2
HsVcPillar2a6	CCSBORF300	4	CCSBORF8190	3AT	2	658G>A	1124	NC_000009.12:34648426:G:A	CCSBVarC007230	ENSP00000368119.4:p.Glu220Lys	GALT	ENSG00000213930	UBTD2
HsVcPillar2a6	CCSBORF300	4	CCSBORF8190	3AT	2	676C>G	618	NC_000009.12:34648444:C:G	CCSBVarC007231	ENSP00000368119.4:p.Leu226Val	GALT	ENSG00000213930	UBTD2
HsVcPillar2a6	CCSBORF300	4	CCSBORF8190	3AT	2	687G>T	1	NC_000009.12:34648455:G:T	CCSBVarC007235	ENSP00000368119.4:p.Lys229Asn	GALT	ENSG00000213930	UBTD2
HsVcPillar2a6	CCSBORF300	4	CCSBORF8190	3AT	2	697G>C	1	NC_000009.12:34648770:G:C	CCSBVarC007238	ENSP00000368119.4:p.Val233Leu	GALT	ENSG00000213930	UBTD2
HsVcPillar2a6	CCSBORF300	4	CCSBORF8190	3AT	2	745T>C	2	NC_000009.12:34648818:T:C	CCSBVarC007239	ENSP00000368119.4:p.Trp249Arg	GALT	ENSG00000213930	UBTD2
HsVcPillar2a6	CCSBORF300	4	CCSBORF8190	3AT	2	86A>G	1978	NC_000009.12:34647091:A:G	CCSBVarC017963	ENSP00000368119.4:p.His29Arg	GALT	ENSG00000213930	UBTD2
HsVcPillar2a6	CCSBORF300	4	CCSBORF8190	3AT	2	90G>C	3426	NC_000009.12:34647095:G:C	CCSBVarC007141	ENSP00000368119.4:p.Gln30His	GALT	ENSG00000213930	UBTD2
HsVcPillar2a6	CCSBORF300	4	CCSBORF8190	3AT	2	950A>G	9	NC_000009.12:34649454:A:G	CCSBVarC007268	ENSP00000368119.4:p.Gln317Arg	GALT	ENSG00000213930	UBTD2
HsVcPillar2a6	CCSBORF300	4	CCSBORF8190	3AT	2	957C>G	11	NC_000009.12:34649461:C:G	CCSBVarC000037	ENSP00000368119.4:p.His319Gln	GALT	ENSG00000213930	UBTD2
HsVcPillar2a6	CCSBORF300	4	CCSBORF8190	3AT	2	983G>A	7	NC_000009.12:34649487:G:A	CCSBVarC007278	ENSP00000368119.4:p.Arg328His	GALT	ENSG00000213930	UBTD2
HsVcPillar2a6	CCSBORF300	4	CCSBORF8190	3AT	2	98G>A	729	NC_000009.12:34647103:G:A	CCSBVarC007144	ENSP00000368119.4:p.Arg33His	GALT	ENSG00000213930	UBTD2
HsVcPillar2a6	CCSBORF3689	1	CCSBORF54784	3AT	2	REF	3347	NULL	NULL	NULL	GCK	ENSG00000106633	GCKR
HsVcPillar2a6	CCSBORF3689	1	CCSBORF54784	3AT	2	1042A>T	76	NC_000007.14:44145707:T:A	CCSBVarC021262	ENSP00000384247.3:p.Ile348Phe	GCK	ENSG00000106633	GCKR
HsVcPillar2a6	CCSBORF3689	1	CCSBORF54784	3AT	2	10G>A	122	NC_000007.14:44188943:C:T	CCSBVarC021093	ENSP00000384247.3:p.Asp4Asn	GCK	ENSG00000106633	GCKR
HsVcPillar2a6	CCSBORF3689	1	CCSBORF54784	3AT	2	1364T>A	893	NC_000007.14:44145169:A:T	CCSBVarC021293	ENSP00000384247.3:p.Val455Glu	GCK	ENSG00000106633	GCKR
HsVcPillar2a6	CCSBORF3689	1	CCSBORF54784	3AT	2	137G>T	2512	NC_000007.14:44153371:C:A	CCSBVarC021121	ENSP00000384247.3:p.Arg46Met	GCK	ENSG00000106633	GCKR
HsVcPillar2a6	CCSBORF3689	1	CCSBORF54784	3AT	2	1386G>T	742	NC_000007.14:44145147:C:A	CCSBVarC021296	ENSP00000384247.3:p.Met462Ile	GCK	ENSG00000106633	GCKR
HsVcPillar2a6	CCSBORF3689	1	CCSBORF54784	3AT	2	203G>A	225	NC_000007.14:44153305:C:T	CCSBVarC021124	ENSP00000384247.3:p.Gly68Asp	GCK	ENSG00000106633	GCKR
HsVcPillar2a6	CCSBORF3689	1	CCSBORF54784	3AT	2	31G>A	12	NC_000007.14:44188922:C:T	CCSBVarC021106	ENSP00000384247.3:p.Ala11Thr	GCK	ENSG00000106633	GCKR
HsVcPillar2a6	CCSBORF3689	1	CCSBORF54784	3AT	2	466C>T	2	NC_000007.14:44150972:G:A	CCSBVarC021155	ENSP00000384247.3:p.His156Tyr	GCK	ENSG00000106633	GCKR
HsVcPillar2a6	CCSBORF3689	1	CCSBORF54784	3AT	2	475A>G	905	NC_000007.14:44150963:T:C	CCSBVarC021157	ENSP00000384247.3:p.Ile159Val	GCK	ENSG00000106633	GCKR
HsVcPillar2a6	CCSBORF3689	1	CCSBORF54784	3AT	2	502A>C	894	NC_000007.14:44150045:T:G	CCSBVarC021160	ENSP00000384247.3:p.Thr168Pro	GCK	ENSG00000106633	GCKR
HsVcPillar2a6	CCSBORF3689	1	CCSBORF54784	3AT	2	566T>C	13	NC_000007.14:44149981:A:G	CCSBVarC021163	ENSP00000384247.3:p.Ile189Thr	GCK	ENSG00000106633	GCKR
HsVcPillar2a6	CCSBORF3689	1	CCSBORF54784	3AT	2	57C>G	641	NC_000007.14:44153451:G:C	CCSBVarC021109	ENSP00000384247.3:p.Ile19Met	GCK	ENSG00000106633	GCKR
HsVcPillar2a6	CCSBORF3689	1	CCSBORF54784	3AT	2	623C>T	377	NC_000007.14:44149815:G:A	CCSBVarC021166	ENSP00000384247.3:p.Ala208Val	GCK	ENSG00000106633	GCKR
HsVcPillar2a6	CCSBORF3689	1	CCSBORF54784	3AT	2	775G>T	64	NC_000007.14:44147737:C:A	CCSBVarC021172	ENSP00000384247.3:p.Ala259Ser	GCK	ENSG00000106633	GCKR
HsVcPillar2a6	CCSBORF3689	1	CCSBORF54784	3AT	2	776C>T	2338	NC_000007.14:44147736:G:A	CCSBVarC021175	ENSP00000384247.3:p.Ala259Val	GCK	ENSG00000106633	GCKR
HsVcPillar2a6	CCSBORF3689	1	CCSBORF54784	3AT	2	793G>A	491	NC_000007.14:44147719:C:T	CCSBVarC021178	ENSP00000384247.3:p.Glu265Lys	GCK	ENSG00000106633	GCKR
HsVcPillar2a6	CCSBORF3689	1	CCSBORF54784	3AT	2	835G>C	149	NC_000007.14:44147677:C:G	CCSBVarC021196	ENSP00000384247.3:p.Glu279Gln	GCK	ENSG00000106633	GCKR
HsVcPillar2a6	CCSBORF3689	1	CCSBORF54784	3AT	2	883G>A	745	NC_000007.14:44146598:C:T	CCSBVarC021199	ENSP00000384247.3:p.Gly295Ser	GCK	ENSG00000106633	GCKR
HsVcPillar2a6	CCSBORF3689	1	CCSBORF54784	3AT	2	917T>A	1291	NC_000007.14:44146564:A:T	CCSBVarC021202	ENSP00000384247.3:p.Leu306Gln	GCK	ENSG00000106633	GCKR
HsVcPillar2a6	CCSBORF3689	1	CCSBORF54784	3AT	2	917T>C	27	NC_000007.14:44146564:A:G	CCSBVarC021204	ENSP00000384247.3:p.Leu306Pro	GCK	ENSG00000106633	GCKR
HsVcPillar2a6	CCSBORF3689	1	CCSBORF54784	3AT	2	952G>A	1375	NC_000007.14:44146529:C:T	CCSBVarC021206	ENSP00000384247.3:p.Gly318Arg	GCK	ENSG00000106633	GCKR
HsVcPillar2a6	CCSBORF3689	1	CCSBORF54784	3AT	2	989T>C	626	NC_000007.14:44146492:A:G	CCSBVarC021209	ENSP00000384247.3:p.Phe330Ser	GCK	ENSG00000106633	GCKR
HsVcPillar2a6	CCSBORF3689	1	CCSBORF54784	3AT	2	98T>A	187	NC_000007.14:44153410:A:T	CCSBVarC021112	ENSP00000384247.3:p.Val33Glu	GCK	ENSG00000106633	GCKR
HsVcPillar2a6	CCSBORF5808	3	CCSBORF8297	3AT	2	REF	4503	NULL	NULL	NULL	HBB	ENSG00000244734	HBZ
HsVcPillar2a6	CCSBORF5808	3	CCSBORF8297	3AT	2	107A>G	14	NC_000011.10:5226784:T:C	CCSBVarC010197	ENSP00000333994.3:p.Tyr36Cys	HBB	ENSG00000244734	HBZ
HsVcPillar2a6	CCSBORF5808	3	CCSBORF8297	3AT	2	113G>C	838	NC_000011.10:5226778:C:G	CCSBVarC006221	ENSP00000333994.3:p.Trp38Ser	HBB	ENSG00000244734	HBZ
HsVcPillar2a6	CCSBORF5808	3	CCSBORF8297	3AT	2	122G>A	821	NC_000011.10:5226769:C:T	CCSBVarC010115	ENSP00000333994.3:p.Arg41Lys	HBB	ENSG00000244734	HBZ
HsVcPillar2a6	CCSBORF5808	3	CCSBORF8297	3AT	2	130G>C	1659	NC_000011.10:5226761:C:G	CCSBVarC010083	ENSP00000333994.3:p.Glu44Gln	HBB	ENSG00000244734	HBZ
HsVcPillar2a6	CCSBORF5808	3	CCSBORF8297	3AT	2	131A>C	2220	NC_000011.10:5226760:T:G	CCSBVarC010109	ENSP00000333994.3:p.Glu44Ala	HBB	ENSG00000244734	HBZ
HsVcPillar2a6	CCSBORF5808	3	CCSBORF8297	3AT	2	158A>G	168	NC_000011.10:5226733:T:C	CCSBVarC000905	ENSP00000333994.3:p.Asp53Gly	HBB	ENSG00000244734	HBZ
HsVcPillar2a6	CCSBORF5808	3	CCSBORF8297	3AT	2	19G>C	42	NC_000011.10:5227002:C:G	CCSBVarC006213	ENSP00000333994.3:p.Glu7Gln	HBB	ENSG00000244734	HBZ
HsVcPillar2a6	CCSBORF5808	3	CCSBORF8297	3AT	2	238G>T	14	NC_000011.10:5226653:C:A	CCSBVarC010121	ENSP00000333994.3:p.Asp80Tyr	HBB	ENSG00000244734	HBZ
HsVcPillar2a6	CCSBORF5808	3	CCSBORF8297	3AT	2	248A>T	9992	NC_000011.10:5226643:T:A	CCSBVarC010189	ENSP00000333994.3:p.Lys83Met	HBB	ENSG00000244734	HBZ
HsVcPillar2a6	CCSBORF5808	3	CCSBORF8297	3AT	2	251G>A	13113	NC_000011.10:5226640:C:T	CCSBVarC006226	ENSP00000333994.3:p.Gly84Asp	HBB	ENSG00000244734	HBZ
HsVcPillar2a6	CCSBORF5808	3	CCSBORF8297	3AT	2	262A>C	4	NC_000011.10:5226629:T:G	CCSBVarC010094	ENSP00000333994.3:p.Thr88Pro	HBB	ENSG00000244734	HBZ
HsVcPillar2a6	CCSBORF5808	3	CCSBORF8297	3AT	2	266T>C	11	NC_000011.10:5226625:A:G	CCSBVarC010204	ENSP00000333994.3:p.Leu89Pro	HBB	ENSG00000244734	HBZ
HsVcPillar2a6	CCSBORF5808	3	CCSBORF8297	3AT	2	277C>A	40	NC_000011.10:5226614:G:T	CCSBVarC010210	ENSP00000333994.3:p.His93Asn	HBB	ENSG00000244734	HBZ
HsVcPillar2a6	CCSBORF5808	3	CCSBORF8297	3AT	2	294C>G	5174	NC_000011.10:5226597:G:C	CCSBVarC010171	ENSP00000333994.3:p.His98Gln	HBB	ENSG00000244734	HBZ
HsVcPillar2a6	CCSBORF5808	3	CCSBORF8297	3AT	2	298G>A	32	NC_000011.10:5226593:C:T	CCSBVarC006229	ENSP00000333994.3:p.Asp100Asn	HBB	ENSG00000244734	HBZ
HsVcPillar2a6	CCSBORF5808	3	CCSBORF8297	3AT	2	314G>C	5000	NC_000011.10:5226577:C:G	CCSBVarC010102	ENSP00000333994.3:p.Arg105Thr	HBB	ENSG00000244734	HBZ
HsVcPillar2a6	CCSBORF5808	3	CCSBORF8297	3AT	2	350A>C	13	NC_000011.10:5225691:T:G	CCSBVarC006233	ENSP00000333994.3:p.His117Pro	HBB	ENSG00000244734	HBZ
HsVcPillar2a6	CCSBORF5808	3	CCSBORF8297	3AT	2	382C>G	6	NC_000011.10:5225659:G:C	CCSBVarC006237	ENSP00000333994.3:p.Gln128Glu	HBB	ENSG00000244734	HBZ
HsVcPillar2a6	CCSBORF5808	3	CCSBORF8297	3AT	2	430C>G	8305	NC_000011.10:5225611:G:C	CCSBVarC006241	ENSP00000333994.3:p.His144Asp	HBB	ENSG00000244734	HBZ
HsVcPillar2a6	CCSBORF5808	3	CCSBORF8297	3AT	2	430C>T	2060	NC_000011.10:5225611:G:A	CCSBVarC010136	ENSP00000333994.3:p.His144Tyr	HBB	ENSG00000244734	HBZ
HsVcPillar2a6	CCSBORF5808	3	CCSBORF8297	3AT	2	431A>C	12	NC_000011.10:5225610:T:G	CCSBVarC010143	ENSP00000333994.3:p.His144Pro	HBB	ENSG00000244734	HBZ
HsVcPillar2a6	CCSBORF5808	3	CCSBORF8297	3AT	2	59A>G	19	NC_000011.10:5226962:T:C	CCSBVarC006217	ENSP00000333994.3:p.Asn20Ser	HBB	ENSG00000244734	HBZ
HsVcPillar2a6	CCSBORF5808	3	CCSBORF8297	3AT	2	91A>G	9	NC_000011.10:5226930:T:C	CCSBVarC010152	ENSP00000333994.3:p.Arg31Gly	HBB	ENSG00000244734	HBZ
HsVcPillar2a6	CCSBORF4765	2	CCSBORF11621	3AT	2	REF	2	NULL	NULL	NULL	ITGB2	ENSG00000160255	MTIF3
HsVcPillar2a6	CCSBORF4765	2	CCSBORF11621	3AT	2	1052A>G	0	NC_000021.9:44895001:T:C	CCSBVarC007537	ENSP00000498780.1:p.Asn351Ser	ITGB2	ENSG00000160255	MTIF3
HsVcPillar2a6	CCSBORF4765	2	CCSBORF11621	3AT	2	106T>A	0	NC_000021.9:44910324:A:T	CCSBVarC008417	ENSP00000498780.1:p.Cys36Ser	ITGB2	ENSG00000160255	MTIF3
HsVcPillar2a6	CCSBORF4765	2	CCSBORF11621	3AT	2	124G>T	0	NC_000021.9:44910306:C:A	CCSBVarC007549	ENSP00000498780.1:p.Gly42Cys	ITGB2	ENSG00000160255	MTIF3
HsVcPillar2a6	CCSBORF4765	2	CCSBORF11621	3AT	2	1777C>T	0	NC_000021.9:44889375:G:A	CCSBVarC003146	ENSP00000498780.1:p.Arg593Cys	ITGB2	ENSG00000160255	MTIF3
HsVcPillar2a6	CCSBORF4765	2	CCSBORF11621	3AT	2	1834T>C	0	NC_000021.9:44889318:A:G	CCSBVarC008409	ENSP00000498780.1:p.Cys612Arg	ITGB2	ENSG00000160255	MTIF3
HsVcPillar2a6	CCSBORF4765	2	CCSBORF11621	3AT	2	2146G>C	1	NC_000021.9:44886836:C:G	CCSBVarC009516	ENSP00000498780.1:p.Gly716Arg	ITGB2	ENSG00000160255	MTIF3
HsVcPillar2a6	CCSBORF4765	2	CCSBORF11621	3AT	2	2189G>A	0	NC_000021.9:44886793:C:T	CCSBVarC009510	ENSP00000498780.1:p.Ser730Asn	ITGB2	ENSG00000160255	MTIF3
HsVcPillar2a6	CCSBORF4765	2	CCSBORF11621	3AT	2	382G>A	0	NC_000021.9:44903481:C:T	CCSBVarC008428	ENSP00000498780.1:p.Asp128Asn	ITGB2	ENSG00000160255	MTIF3
HsVcPillar2a6	CCSBORF4765	2	CCSBORF11621	3AT	2	382G>T	0	NC_000021.9:44903481:C:A	CCSBVarC003144	ENSP00000498780.1:p.Asp128Tyr	ITGB2	ENSG00000160255	MTIF3
HsVcPillar2a6	CCSBORF4765	2	CCSBORF11621	3AT	2	449G>A	0	NC_000021.9:44903414:C:T	CCSBVarC008419	ENSP00000498780.1:p.Gly150Asp	ITGB2	ENSG00000160255	MTIF3
HsVcPillar2a6	CCSBORF4765	2	CCSBORF11621	3AT	2	505G>A	0	NC_000021.9:44901727:C:T	CCSBVarC007546	ENSP00000498780.1:p.Gly169Arg	ITGB2	ENSG00000160255	MTIF3
HsVcPillar2a6	CCSBORF4765	2	CCSBORF11621	3AT	2	587A>C	0	NC_000021.9:44901645:T:G	CCSBVarC007544	ENSP00000498780.1:p.Lys196Thr	ITGB2	ENSG00000160255	MTIF3
HsVcPillar2a6	CCSBORF4765	2	CCSBORF11621	3AT	2	691G>C	0	NC_000021.9:44901541:C:G	CCSBVarC008405	ENSP00000498780.1:p.Asp231His	ITGB2	ENSG00000160255	MTIF3
HsVcPillar2a6	CCSBORF4765	2	CCSBORF11621	3AT	2	712G>A	0	NC_000021.9:44901520:C:T	CCSBVarC008421	ENSP00000498780.1:p.Asp238Asn	ITGB2	ENSG00000160255	MTIF3
HsVcPillar2a6	CCSBORF4765	2	CCSBORF11621	3AT	2	715G>A	0	NC_000021.9:44901517:C:T	CCSBVarC007541	ENSP00000498780.1:p.Ala239Thr	ITGB2	ENSG00000160255	MTIF3
HsVcPillar2a6	CCSBORF4765	2	CCSBORF11621	3AT	2	754T>C	0	NC_000021.9:44900462:A:G	CCSBVarC008394	ENSP00000498780.1:p.Trp252Arg	ITGB2	ENSG00000160255	MTIF3
HsVcPillar2a6	CCSBORF4765	2	CCSBORF11621	3AT	2	817G>A	0	NC_000021.9:44900399:C:T	CCSBVarC000702	ENSP00000498780.1:p.Gly273Arg	ITGB2	ENSG00000160255	MTIF3
HsVcPillar2a6	CCSBORF4765	2	CCSBORF11621	3AT	2	905C>T	0	NC_000021.9:44899154:G:A	CCSBVarC008423	ENSP00000498780.1:p.Pro302Leu	ITGB2	ENSG00000160255	MTIF3
HsVcPillar2a6	CCSBORF100016069	1	CCSBORF6281	3AT	2	REF	1514	NULL	NULL	NULL	KCNJ2	ENSG00000123700	KCNJ15
HsVcPillar2a6	CCSBORF100016069	1	CCSBORF6281	3AT	2	232G>T	337	NC_000017.11:70175270:G:T	CCSBVarC035501	ENSP00000243457.2:p.Asp78Tyr	KCNJ2	ENSG00000123700	KCNJ15
HsVcPillar2a6	CCSBORF100016069	1	CCSBORF6281	3AT	2	244C>T	795	NC_000017.11:70175282:C:T	CCSBVarC035503	ENSP00000243457.2:p.Arg82Trp	KCNJ2	ENSG00000123700	KCNJ15
HsVcPillar2a6	CCSBORF100016069	1	CCSBORF6281	3AT	2	425C>T	571	NC_000017.11:70175463:C:T	CCSBVarC035507	ENSP00000243457.2:p.Thr142Ile	KCNJ2	ENSG00000123700	KCNJ15
HsVcPillar2a6	CCSBORF100016069	1	CCSBORF6281	3AT	2	430G>A	232	NC_000017.11:70175468:G:A	CCSBVarC035510	ENSP00000243457.2:p.Gly144Ser	KCNJ2	ENSG00000123700	KCNJ15
HsVcPillar2a6	CCSBORF100016069	1	CCSBORF6281	3AT	2	574A>G	330	NC_000017.11:70175612:A:G	CCSBVarC035585	ENSP00000243457.2:p.Thr192Ala	KCNJ2	ENSG00000123700	KCNJ15
HsVcPillar2a6	CCSBORF100016069	1	CCSBORF6281	3AT	2	845T>G	62	NC_000017.11:70175883:T:G	CCSBVarC035624	ENSP00000243457.2:p.Leu282Trp	KCNJ2	ENSG00000123700	KCNJ15
HsVcPillar2a6	CCSBORF100016069	1	CCSBORF6281	3AT	2	896A>G	505	NC_000017.11:70175934:A:G	CCSBVarC035626	ENSP00000243457.2:p.Glu299Gly	KCNJ2	ENSG00000123700	KCNJ15
HsVcPillar2a6	CCSBORF100016069	1	CCSBORF6281	3AT	2	913A>C	818	NC_000017.11:70175951:A:C	CCSBVarC035629	ENSP00000243457.2:p.Thr305Pro	KCNJ2	ENSG00000123700	KCNJ15
HsVcPillar2a6	CCSBORF100016069	1	CCSBORF6281	3AT	2	913A>G	1096	NC_000017.11:70175951:A:G	CCSBVarC035631	ENSP00000243457.2:p.Thr305Ala	KCNJ2	ENSG00000123700	KCNJ15
HsVcPillar2a6	CCSBORF100016069	1	CCSBORF6281	3AT	2	919A>G	1003	NC_000017.11:70175957:A:G	CCSBVarC035633	ENSP00000243457.2:p.Met307Val	KCNJ2	ENSG00000123700	KCNJ15
HsVcPillar2a6	CCSBORF100016069	1	CCSBORF6281	3AT	2	934C>T	1601	NC_000017.11:70175972:C:T	CCSBVarC035638	ENSP00000243457.2:p.Arg312Cys	KCNJ2	ENSG00000123700	KCNJ15
HsVcPillar2a6	CCSBORF359	1	CCSBORF4616	3AT	2	REF	79	NULL	NULL	NULL	CBS	ENSG00000160200	UBE2I
HsVcPillar2a6	CCSBORF359	1	CCSBORF4616	3AT	2	1007G>A	0	NC_000021.9:43062342:C:T	CCSBVarC007316	ENSP00000381231.4:p.Arg336His	CBS	ENSG00000160200	UBE2I
HsVcPillar2a6	CCSBORF359	1	CCSBORF4616	3AT	2	1058C>T	0	NC_000021.9:43060527:G:A	CCSBVarC007312	ENSP00000381231.4:p.Thr353Met	CBS	ENSG00000160200	UBE2I
HsVcPillar2a6	CCSBORF359	1	CCSBORF4616	3AT	2	1111G>A	1	NC_000021.9:43060474:C:T	CCSBVarC007308	ENSP00000381231.4:p.Val371Met	CBS	ENSG00000160200	UBE2I
HsVcPillar2a6	CCSBORF359	1	CCSBORF4616	3AT	2	1150A>G	1	NC_000021.9:43059298:T:C	CCSBVarC007306	ENSP00000381231.4:p.Lys384Glu	CBS	ENSG00000160200	UBE2I
HsVcPillar2a6	CCSBORF359	1	CCSBORF4616	3AT	2	1330G>A	0	NC_000021.9:43058861:C:T	CCSBVarC007302	ENSP00000381231.4:p.Asp444Asn	CBS	ENSG00000160200	UBE2I
HsVcPillar2a6	CCSBORF359	1	CCSBORF4616	3AT	2	146C>T	9	NC_000021.9:43072047:G:A	CCSBVarC000042	ENSP00000381231.4:p.Pro49Leu	CBS	ENSG00000160200	UBE2I
HsVcPillar2a6	CCSBORF359	1	CCSBORF4616	3AT	2	175C>T	2	NC_000021.9:43072018:G:A	CCSBVarC008674	ENSP00000381231.4:p.Pro59Ser	CBS	ENSG00000160200	UBE2I
HsVcPillar2a6	CCSBORF359	1	CCSBORF4616	3AT	2	253G>A	1	NC_000021.9:43068571:C:T	CCSBVarC007358	ENSP00000381231.4:p.Gly85Arg	CBS	ENSG00000160200	UBE2I
HsVcPillar2a6	CCSBORF359	1	CCSBORF4616	3AT	2	306G>C	0	NC_000021.9:43068518:C:G	CCSBVarC007353	ENSP00000381231.4:p.Lys102Asn	CBS	ENSG00000160200	UBE2I
HsVcPillar2a6	CCSBORF359	1	CCSBORF4616	3AT	2	341C>T	1	NC_000021.9:43066352:G:A	CCSBVarC007350	ENSP00000381231.4:p.Ala114Val	CBS	ENSG00000160200	UBE2I
HsVcPillar2a6	CCSBORF359	1	CCSBORF4616	3AT	2	361C>T	0	NC_000021.9:43066332:G:A	CCSBVarC007347	ENSP00000381231.4:p.Arg121Cys	CBS	ENSG00000160200	UBE2I
HsVcPillar2a6	CCSBORF359	1	CCSBORF4616	3AT	2	374G>A	0	NC_000021.9:43066319:C:T	CCSBVarC008706	ENSP00000381231.4:p.Arg125Gln	CBS	ENSG00000160200	UBE2I
HsVcPillar2a6	CCSBORF359	1	CCSBORF4616	3AT	2	430G>A	1	NC_000021.9:43066263:C:T	CCSBVarC007340	ENSP00000381231.4:p.Glu144Lys	CBS	ENSG00000160200	UBE2I
HsVcPillar2a6	CCSBORF359	1	CCSBORF4616	3AT	2	442G>A	18	NC_000021.9:43066251:C:T	CCSBVarC007338	ENSP00000381231.4:p.Gly148Arg	CBS	ENSG00000160200	UBE2I
HsVcPillar2a6	CCSBORF359	1	CCSBORF4616	3AT	2	494G>A	0	NC_000021.9:43065652:C:T	CCSBVarC008696	ENSP00000381231.4:p.Cys165Tyr	CBS	ENSG00000160200	UBE2I
HsVcPillar2a6	CCSBORF359	1	CCSBORF4616	3AT	2	526G>A	2	NC_000021.9:43065620:C:T	CCSBVarC008702	ENSP00000381231.4:p.Glu176Lys	CBS	ENSG00000160200	UBE2I
HsVcPillar2a6	CCSBORF359	1	CCSBORF4616	3AT	2	52C>T	12	NC_000021.9:43072141:G:A	CCSBVarC007367	ENSP00000381231.4:p.Arg18Cys	CBS	ENSG00000160200	UBE2I
HsVcPillar2a6	CCSBORF359	1	CCSBORF4616	3AT	2	684C>G	0	NC_000021.9:43065254:G:C	CCSBVarC008710	ENSP00000381231.4:p.Asn228Lys	CBS	ENSG00000160200	UBE2I
HsVcPillar2a6	CCSBORF359	1	CCSBORF4616	3AT	2	700G>A	0	NC_000021.9:43065238:C:T	CCSBVarC007328	ENSP00000381231.4:p.Asp234Asn	CBS	ENSG00000160200	UBE2I
HsVcPillar2a6	CCSBORF359	1	CCSBORF4616	3AT	2	797G>A	8	NC_000021.9:43063930:C:T	CCSBVarC007324	ENSP00000381231.4:p.Arg266Lys	CBS	ENSG00000160200	UBE2I
HsVcPillar2a6	CCSBORF359	1	CCSBORF4616	3AT	2	833T>C	1	NC_000021.9:43063073:A:G	CCSBVarC000044	ENSP00000381231.4:p.Ile278Thr	CBS	ENSG00000160200	UBE2I
HsVcPillar2a6	CCSBORF359	1	CCSBORF4616	3AT	2	959T>C	0	NC_000021.9:43062390:A:G	CCSBVarC007319	ENSP00000381231.4:p.Val320Ala	CBS	ENSG00000160200	UBE2I
HsVcPillar2a6	CCSBORF359	4	CCSBORF5539	3AT	2	REF	12153	NULL	NULL	NULL	CBS	ENSG00000160200	ZMYM5
HsVcPillar2a6	CCSBORF359	4	CCSBORF5539	3AT	2	1009A>C	554	NC_000021.9:43062340:T:G	CCSBVarC007315	ENSP00000381231.4:p.Met337Leu	CBS	ENSG00000160200	ZMYM5
HsVcPillar2a6	CCSBORF359	4	CCSBORF5539	3AT	2	1009A>G	25	NC_000021.9:43062340:T:C	CCSBVarC007314	ENSP00000381231.4:p.Met337Val	CBS	ENSG00000160200	ZMYM5
HsVcPillar2a6	CCSBORF359	4	CCSBORF5539	3AT	2	1072G>A	25	NC_000021.9:43060513:C:T	CCSBVarC007310	ENSP00000381231.4:p.Val358Met	CBS	ENSG00000160200	ZMYM5
HsVcPillar2a6	CCSBORF359	4	CCSBORF5539	3AT	2	1208C>T	26	NC_000021.9:43059240:G:A	CCSBVarC007305	ENSP00000381231.4:p.Thr403Met	CBS	ENSG00000160200	ZMYM5
HsVcPillar2a6	CCSBORF359	4	CCSBORF5539	3AT	2	134G>A	135	NC_000021.9:43072059:C:T	CCSBVarC007363	ENSP00000381231.4:p.Arg45Gln	CBS	ENSG00000160200	ZMYM5
HsVcPillar2a6	CCSBORF359	4	CCSBORF5539	3AT	2	1357G>T	13	NC_000021.9:43058834:C:A	CCSBVarC007300	ENSP00000381231.4:p.Gly453Trp	CBS	ENSG00000160200	ZMYM5
HsVcPillar2a6	CCSBORF359	4	CCSBORF5539	3AT	2	1397C>T	207	NC_000021.9:43058214:G:A	CCSBVarC007298	ENSP00000381231.4:p.Ser466Leu	CBS	ENSG00000160200	ZMYM5
HsVcPillar2a6	CCSBORF359	4	CCSBORF5539	3AT	2	1436T>C	790	NC_000021.9:43058175:A:G	CCSBVarC007296	ENSP00000381231.4:p.Val479Ala	CBS	ENSG00000160200	ZMYM5
HsVcPillar2a6	CCSBORF359	4	CCSBORF5539	3AT	2	152G>A	434	NC_000021.9:43072041:C:T	CCSBVarC007362	ENSP00000381231.4:p.Arg51Lys	CBS	ENSG00000160200	ZMYM5
HsVcPillar2a6	CCSBORF359	4	CCSBORF5539	3AT	2	301C>G	2094	NC_000021.9:43068523:G:C	CCSBVarC007355	ENSP00000381231.4:p.Leu101Val	CBS	ENSG00000160200	ZMYM5
HsVcPillar2a6	CCSBORF359	4	CCSBORF5539	3AT	2	34C>T	966	NC_000021.9:43072159:G:A	CCSBVarC007368	ENSP00000381231.4:p.Pro12Ser	CBS	ENSG00000160200	ZMYM5
HsVcPillar2a6	CCSBORF359	4	CCSBORF5539	3AT	2	352G>A	267	NC_000021.9:43066341:C:T	CCSBVarC007348	ENSP00000381231.4:p.Val118Met	CBS	ENSG00000160200	ZMYM5
HsVcPillar2a6	CCSBORF359	4	CCSBORF5539	3AT	2	395G>A	980	NC_000021.9:43066298:C:T	CCSBVarC007344	ENSP00000381231.4:p.Arg132His	CBS	ENSG00000160200	ZMYM5
HsVcPillar2a6	CCSBORF359	4	CCSBORF5539	3AT	2	397G>A	1218	NC_000021.9:43066296:C:T	CCSBVarC007343	ENSP00000381231.4:p.Asp133Asn	CBS	ENSG00000160200	ZMYM5
HsVcPillar2a6	CCSBORF359	4	CCSBORF5539	3AT	2	400G>A	216	NC_000021.9:43066293:C:T	CCSBVarC007342	ENSP00000381231.4:p.Gly134Arg	CBS	ENSG00000160200	ZMYM5
HsVcPillar2a6	CCSBORF359	4	CCSBORF5539	3AT	2	469G>A	1354	NC_000021.9:43065677:C:T	CCSBVarC007337	ENSP00000381231.4:p.Ala157Thr	CBS	ENSG00000160200	ZMYM5
HsVcPillar2a6	CCSBORF359	4	CCSBORF5539	3AT	2	502G>A	29	NC_000021.9:43065644:C:T	CCSBVarC007336	ENSP00000381231.4:p.Val168Met	CBS	ENSG00000160200	ZMYM5
HsVcPillar2a6	CCSBORF359	4	CCSBORF5539	3AT	2	531G>C	5369	NC_000021.9:43065615:C:G	CCSBVarC007335	ENSP00000381231.4:p.Lys177Asn	CBS	ENSG00000160200	ZMYM5
HsVcPillar2a6	CCSBORF359	4	CCSBORF5539	3AT	2	532G>A	138	NC_000021.9:43065520:C:T	CCSBVarC007334	ENSP00000381231.4:p.Val178Met	CBS	ENSG00000160200	ZMYM5
HsVcPillar2a6	CCSBORF359	4	CCSBORF5539	3AT	2	616G>A	1335	NC_000021.9:43065436:C:T	CCSBVarC007332	ENSP00000381231.4:p.Val206Met	CBS	ENSG00000160200	ZMYM5
HsVcPillar2a6	CCSBORF359	4	CCSBORF5539	3AT	2	636C>G	49	NC_000021.9:43065416:G:C	CCSBVarC007330	ENSP00000381231.4:p.Asn212Lys	CBS	ENSG00000160200	ZMYM5
HsVcPillar2a6	CCSBORF359	4	CCSBORF5539	3AT	2	670C>T	783	NC_000021.9:43065268:G:A	CCSBVarC007329	ENSP00000381231.4:p.Arg224Cys	CBS	ENSG00000160200	ZMYM5
HsVcPillar2a6	CCSBORF359	4	CCSBORF5539	3AT	2	844C>T	2623	NC_000021.9:43063062:G:A	CCSBVarC007323	ENSP00000381231.4:p.Pro282Ser	CBS	ENSG00000160200	ZMYM5
HsVcPillar2a6	CCSBORF359	4	CCSBORF5539	3AT	2	992C>T	80	NC_000021.9:43062357:G:A	CCSBVarC007318	ENSP00000381231.4:p.Ala331Val	CBS	ENSG00000160200	ZMYM5
HsVcPillar2a6	CCSBORF12573	3	CCSBORF0	3AT	2	REF	49	NULL	NULL	NULL	DES	ENSG00000175084	empty_AD
HsVcPillar2a6	CCSBORF12573	3	CCSBORF0	3AT	2	1047G>A	0	NC_000002.12:219421362:G:A	CCSBVarC007858	ENSP00000363071.3:p.Met349Ile	DES	ENSG00000175084	empty_AD
HsVcPillar2a6	CCSBORF12573	3	CCSBORF0	3AT	2	1064G>C	0	NC_000002.12:219421379:G:C	CCSBVarC007862	ENSP00000363071.3:p.Arg355Pro	DES	ENSG00000175084	empty_AD
HsVcPillar2a6	CCSBORF12573	3	CCSBORF0	3AT	2	109C>G	0	NC_000002.12:219418570:C:G	CCSBVarC007789	ENSP00000363071.3:p.Arg37Gly	DES	ENSG00000175084	empty_AD
HsVcPillar2a6	CCSBORF12573	3	CCSBORF0	3AT	2	1159G>A	0	NC_000002.12:219421474:G:A	CCSBVarC007867	ENSP00000363071.3:p.Glu387Lys	DES	ENSG00000175084	empty_AD
HsVcPillar2a6	CCSBORF12573	3	CCSBORF0	3AT	2	1167G>T	0	NC_000002.12:219421482:G:T	CCSBVarC007869	ENSP00000363071.3:p.Gln389His	DES	ENSG00000175084	empty_AD
HsVcPillar2a6	CCSBORF12573	3	CCSBORF0	3AT	2	1180G>A	0	NC_000002.12:219421495:G:A	CCSBVarC007872	ENSP00000363071.3:p.Val394Met	DES	ENSG00000175084	empty_AD
HsVcPillar2a6	CCSBORF12573	3	CCSBORF0	3AT	2	1234G>A	0	NC_000002.12:219421549:G:A	CCSBVarC007876	ENSP00000363071.3:p.Glu412Lys	DES	ENSG00000175084	empty_AD
HsVcPillar2a6	CCSBORF12573	3	CCSBORF0	3AT	2	1256C>T	0	NC_000002.12:219423787:C:T	CCSBVarC007879	ENSP00000363071.3:p.Pro419Leu	DES	ENSG00000175084	empty_AD
HsVcPillar2a6	CCSBORF12573	3	CCSBORF0	3AT	2	1271C>T	0	NC_000002.12:219423802:C:T	CCSBVarC007880	ENSP00000363071.3:p.Ser424Phe	DES	ENSG00000175084	empty_AD
HsVcPillar2a6	CCSBORF12573	3	CCSBORF0	3AT	2	1315G>A	0	NC_000002.12:219425688:G:A	CCSBVarC007883	ENSP00000363071.3:p.Glu439Lys	DES	ENSG00000175084	empty_AD
HsVcPillar2a6	CCSBORF12573	3	CCSBORF0	3AT	2	1360C>T	0	NC_000002.12:219425733:C:T	CCSBVarC007889	ENSP00000363071.3:p.Arg454Trp	DES	ENSG00000175084	empty_AD
HsVcPillar2a6	CCSBORF12573	3	CCSBORF0	3AT	2	1361G>A	0	NC_000002.12:219425734:G:A	CCSBVarC007890	ENSP00000363071.3:p.Arg454Gln	DES	ENSG00000175084	empty_AD
HsVcPillar2a6	CCSBORF12573	3	CCSBORF0	3AT	2	209G>C	0	NC_000002.12:219418670:G:C	CCSBVarC007798	ENSP00000363071.3:p.Arg70Pro	DES	ENSG00000175084	empty_AD
HsVcPillar2a6	CCSBORF12573	3	CCSBORF0	3AT	2	250G>A	0	NC_000002.12:219418711:G:A	CCSBVarC007801	ENSP00000363071.3:p.Gly84Ser	DES	ENSG00000175084	empty_AD
HsVcPillar2a6	CCSBORF12573	3	CCSBORF0	3AT	2	286G>T	0	NC_000002.12:219418747:G:T	CCSBVarC007802	ENSP00000363071.3:p.Ala96Ser	DES	ENSG00000175084	empty_AD
HsVcPillar2a6	CCSBORF12573	3	CCSBORF0	3AT	2	328G>C	0	NC_000002.12:219418789:G:C	CCSBVarC007805	ENSP00000363071.3:p.Val110Leu	DES	ENSG00000175084	empty_AD
HsVcPillar2a6	CCSBORF12573	3	CCSBORF0	3AT	2	347A>T	0	NC_000002.12:219418808:A:T	CCSBVarC007806	ENSP00000363071.3:p.Asn116Ile	DES	ENSG00000175084	empty_AD
HsVcPillar2a6	CCSBORF12573	3	CCSBORF0	3AT	2	404C>T	0	NC_000002.12:219418865:C:T	CCSBVarC007812	ENSP00000363071.3:p.Ala135Val	DES	ENSG00000175084	empty_AD
HsVcPillar2a6	CCSBORF12573	3	CCSBORF0	3AT	2	410C>A	0	NC_000002.12:219418871:C:A	CCSBVarC007814	ENSP00000363071.3:p.Ala137Asp	DES	ENSG00000175084	empty_AD
HsVcPillar2a6	CCSBORF12573	3	CCSBORF0	3AT	2	629C>T	0	NC_000002.12:219420144:C:T	CCSBVarC007823	ENSP00000363071.3:p.Ala210Val	DES	ENSG00000175084	empty_AD
HsVcPillar2a6	CCSBORF12573	3	CCSBORF0	3AT	2	656C>T	0	NC_000002.12:219420266:C:T	CCSBVarC007827	ENSP00000363071.3:p.Thr219Ile	DES	ENSG00000175084	empty_AD
HsVcPillar2a6	CCSBORF12573	3	CCSBORF0	3AT	2	665G>A	0	NC_000002.12:219420275:G:A	CCSBVarC007828	ENSP00000363071.3:p.Arg222His	DES	ENSG00000175084	empty_AD
HsVcPillar2a6	CCSBORF12573	3	CCSBORF0	3AT	2	679C>T	3	NC_000002.12:219420289:C:T	CCSBVarC007829	ENSP00000363071.3:p.Arg227Cys	DES	ENSG00000175084	empty_AD
HsVcPillar2a6	CCSBORF12573	3	CCSBORF0	3AT	2	680G>A	2	NC_000002.12:219420290:G:A	CCSBVarC007830	ENSP00000363071.3:p.Arg227His	DES	ENSG00000175084	empty_AD
HsVcPillar2a6	CCSBORF12573	3	CCSBORF0	3AT	2	79G>A	0	NC_000002.12:219418540:G:A	CCSBVarC007787	ENSP00000363071.3:p.Gly27Ser	DES	ENSG00000175084	empty_AD
HsVcPillar2a6	CCSBORF12573	3	CCSBORF0	3AT	2	817G>T	0	NC_000002.12:219420575:G:T	CCSBVarC007838	ENSP00000363071.3:p.Ala273Ser	DES	ENSG00000175084	empty_AD
HsVcPillar2a6	CCSBORF12573	3	CCSBORF0	3AT	2	893C>T	1	NC_000002.12:219420651:C:T	CCSBVarC006503	ENSP00000363071.3:p.Ser298Leu	DES	ENSG00000175084	empty_AD
HsVcPillar2a6	CCSBORF12573	3	CCSBORF0	3AT	2	935A>C	0	NC_000002.12:219420864:A:C	CCSBVarC007842	ENSP00000363071.3:p.Asp312Ala	DES	ENSG00000175084	empty_AD
HsVcPillar2a6	CCSBORF12573	3	CCSBORF0	3AT	2	944G>A	1	NC_000002.12:219420873:G:A	CCSBVarC007844	ENSP00000363071.3:p.Arg315His	DES	ENSG00000175084	empty_AD
HsVcPillar2a6	CCSBORF12573	3	CCSBORF0	3AT	2	980A>C	0	NC_000002.12:219420909:A:C	CCSBVarC007847	ENSP00000363071.3:p.Gln327Pro	DES	ENSG00000175084	empty_AD
HsVcPillar2a6	CCSBORF12573	3	CCSBORF0	3AT	2	991T>A	0	NC_000002.12:219420920:T:A	CCSBVarC007849	ENSP00000363071.3:p.Tyr331Asn	DES	ENSG00000175084	empty_AD
HsVcPillar2a6	CCSBORF7923	2	CCSBORF0	3AT	2	REF	0	NULL	NULL	NULL	FAH	ENSG00000103876	empty_AD
HsVcPillar2a6	CCSBORF7923	2	CCSBORF0	3AT	2	1009G>A	0	NC_000015.10:80180171:G:A	CCSBVarC004729	ENSP00000453347.2:p.Gly337Ser	FAH	ENSG00000103876	empty_AD
HsVcPillar2a6	CCSBORF7923	2	CCSBORF0	3AT	2	1021C>T	0	NC_000015.10:80180183:C:T	CCSBVarC007673	ENSP00000453347.2:p.Arg341Trp	FAH	ENSG00000103876	empty_AD
HsVcPillar2a6	CCSBORF7923	2	CCSBORF0	3AT	2	1027G>A	0	NC_000015.10:80180189:G:A	CCSBVarC025379	ENSP00000453347.2:p.Gly343Arg	FAH	ENSG00000103876	empty_AD
HsVcPillar2a6	CCSBORF7923	2	CCSBORF0	3AT	2	1079G>A	0	NC_000015.10:80181057:G:A	CCSBVarC007674	ENSP00000453347.2:p.Gly360Asp	FAH	ENSG00000103876	empty_AD
HsVcPillar2a6	CCSBORF7923	2	CCSBORF0	3AT	2	107T>C	0	NC_000015.10:80158084:T:C	CCSBVarC007659	ENSP00000453347.2:p.Ile36Thr	FAH	ENSG00000103876	empty_AD
HsVcPillar2a6	CCSBORF7923	2	CCSBORF0	3AT	2	109G>A	0	NC_000015.10:80158086:G:A	CCSBVarC007660	ENSP00000453347.2:p.Gly37Ser	FAH	ENSG00000103876	empty_AD
HsVcPillar2a6	CCSBORF7923	2	CCSBORF0	3AT	2	1141A>G	0	NC_000015.10:80181119:A:G	CCSBVarC004730	ENSP00000453347.2:p.Arg381Gly	FAH	ENSG00000103876	empty_AD
HsVcPillar2a6	CCSBORF7923	2	CCSBORF0	3AT	2	1205G>A	0	NC_000015.10:80186153:G:A	CCSBVarC007675	ENSP00000453347.2:p.Arg402His	FAH	ENSG00000103876	empty_AD
HsVcPillar2a6	CCSBORF7923	2	CCSBORF0	3AT	2	133A>G	0	NC_000015.10:80158110:A:G	CCSBVarC007661	ENSP00000453347.2:p.Ile45Val	FAH	ENSG00000103876	empty_AD
HsVcPillar2a6	CCSBORF7923	2	CCSBORF0	3AT	2	139A>G	0	NC_000015.10:80158116:A:G	CCSBVarC007662	ENSP00000453347.2:p.Lys47Glu	FAH	ENSG00000103876	empty_AD
HsVcPillar2a6	CCSBORF7923	2	CCSBORF0	3AT	2	167C>T	0	NC_000015.10:80158144:C:T	CCSBVarC007663	ENSP00000453347.2:p.Ser56Phe	FAH	ENSG00000103876	empty_AD
HsVcPillar2a6	CCSBORF7923	2	CCSBORF0	3AT	2	181G>T	0	NC_000015.10:80158158:G:T	CCSBVarC007664	ENSP00000453347.2:p.Val61Phe	FAH	ENSG00000103876	empty_AD
HsVcPillar2a6	CCSBORF7923	2	CCSBORF0	3AT	2	192G>T	0	NC_000015.10:80158169:G:T	CCSBVarC007665	ENSP00000453347.2:p.Gln64His	FAH	ENSG00000103876	empty_AD
HsVcPillar2a6	CCSBORF7923	2	CCSBORF0	3AT	2	291A>C	0	NC_000015.10:80159853:A:C	CCSBVarC007666	ENSP00000453347.2:p.Arg97Ser	FAH	ENSG00000103876	empty_AD
HsVcPillar2a6	CCSBORF7923	2	CCSBORF0	3AT	2	296A>G	0	NC_000015.10:80159858:A:G	CCSBVarC007667	ENSP00000453347.2:p.Asp99Gly	FAH	ENSG00000103876	empty_AD
HsVcPillar2a6	CCSBORF7923	2	CCSBORF0	3AT	2	302A>G	0	NC_000015.10:80159864:A:G	CCSBVarC007668	ENSP00000453347.2:p.Glu101Gly	FAH	ENSG00000103876	empty_AD
HsVcPillar2a6	CCSBORF7923	2	CCSBORF0	3AT	2	398A>T	0	NC_000015.10:80162278:A:T	CCSBVarC025300	ENSP00000453347.2:p.His133Leu	FAH	ENSG00000103876	empty_AD
HsVcPillar2a6	CCSBORF7923	2	CCSBORF0	3AT	2	401C>A	0	NC_000015.10:80162281:C:A	CCSBVarC004725	ENSP00000453347.2:p.Ala134Asp	FAH	ENSG00000103876	empty_AD
HsVcPillar2a6	CCSBORF7923	2	CCSBORF0	3AT	2	412G>A	0	NC_000015.10:80162292:G:A	CCSBVarC007669	ENSP00000453347.2:p.Gly138Arg	FAH	ENSG00000103876	empty_AD
HsVcPillar2a6	CCSBORF7923	2	CCSBORF0	3AT	2	47A>T	0	NC_000015.10:80153100:A:T	CCSBVarC004724	ENSP00000453347.2:p.Asn16Ile	FAH	ENSG00000103876	empty_AD
HsVcPillar2a6	CCSBORF7923	2	CCSBORF0	3AT	2	696C>A	0	NC_000015.10:80172237:C:A	CCSBVarC004726	ENSP00000453347.2:p.Asn232Lys	FAH	ENSG00000103876	empty_AD
HsVcPillar2a6	CCSBORF7923	2	CCSBORF0	3AT	2	698A>T	0	NC_000015.10:80172239:A:T	CCSBVarC004727	ENSP00000453347.2:p.Asp233Val	FAH	ENSG00000103876	empty_AD
HsVcPillar2a6	CCSBORF7923	2	CCSBORF0	3AT	2	715A>T	0	NC_000015.10:80173021:A:T	CCSBVarC007670	ENSP00000453347.2:p.Ile239Phe	FAH	ENSG00000103876	empty_AD
HsVcPillar2a6	CCSBORF7923	2	CCSBORF0	3AT	2	742G>A	0	NC_000015.10:80173048:G:A	CCSBVarC025336	ENSP00000453347.2:p.Gly248Arg	FAH	ENSG00000103876	empty_AD
HsVcPillar2a6	CCSBORF7923	2	CCSBORF0	3AT	2	782C>T	0	NC_000015.10:80173088:C:T	CCSBVarC004728	ENSP00000453347.2:p.Pro261Leu	FAH	ENSG00000103876	empty_AD
HsVcPillar2a6	CCSBORF7923	2	CCSBORF0	3AT	2	836A>G	0	NC_000015.10:80173142:A:G	CCSBVarC007671	ENSP00000453347.2:p.Gln279Arg	FAH	ENSG00000103876	empty_AD
HsVcPillar2a6	CCSBORF7923	2	CCSBORF0	3AT	2	841C>A	0	NC_000015.10:80175018:C:A	CCSBVarC007672	ENSP00000453347.2:p.Pro281Thr	FAH	ENSG00000103876	empty_AD
HsVcPillar2a6	CCSBORF300	4	CCSBORF0	3AT	2	REF	0	NULL	NULL	NULL	GALT	ENSG00000213930	empty_AD
HsVcPillar2a6	CCSBORF300	4	CCSBORF0	3AT	2	1048A>G	0	NC_000009.12:34649552:A:G	CCSBVarC007291	ENSP00000368119.4:p.Thr350Ala	GALT	ENSG00000213930	empty_AD
HsVcPillar2a6	CCSBORF300	4	CCSBORF0	3AT	2	113A>C	0	NC_000009.12:34647118:A:C	CCSBVarC007145	ENSP00000368119.4:p.Gln38Pro	GALT	ENSG00000213930	empty_AD
HsVcPillar2a6	CCSBORF300	4	CCSBORF0	3AT	2	139C>G	0	NC_000009.12:34647144:C:G	CCSBVarC007149	ENSP00000368119.4:p.His47Asp	GALT	ENSG00000213930	empty_AD
HsVcPillar2a6	CCSBORF300	4	CCSBORF0	3AT	2	157T>A	0	NC_000009.12:34647162:T:A	CCSBVarC007152	ENSP00000368119.4:p.Trp53Arg	GALT	ENSG00000213930	empty_AD
HsVcPillar2a6	CCSBORF300	4	CCSBORF0	3AT	2	1A>G	0	NC_000009.12:34646704:A:G	CCSBVarC004974	ENSP00000368119.4:p.Met1Val	GALT	ENSG00000213930	empty_AD
HsVcPillar2a6	CCSBORF300	4	CCSBORF0	3AT	2	203A>C	0	NC_000009.12:34647208:A:C	CCSBVarC007158	ENSP00000368119.4:p.His68Pro	GALT	ENSG00000213930	empty_AD
HsVcPillar2a6	CCSBORF300	4	CCSBORF0	3AT	2	27G>C	0	NC_000009.12:34646730:G:C	CCSBVarC007135	ENSP00000368119.4:p.Gln9His	GALT	ENSG00000213930	empty_AD
HsVcPillar2a6	CCSBORF300	4	CCSBORF0	3AT	2	285T>G	0	NC_000009.12:34647523:T:G	CCSBVarC007162	ENSP00000368119.4:p.Phe95Leu	GALT	ENSG00000213930	empty_AD
HsVcPillar2a6	CCSBORF300	4	CCSBORF0	3AT	2	350T>C	0	NC_000009.12:34647677:T:C	CCSBVarC004981	ENSP00000368119.4:p.Phe117Ser	GALT	ENSG00000213930	empty_AD
HsVcPillar2a6	CCSBORF300	4	CCSBORF0	3AT	2	374T>C	0	NC_000009.12:34647701:T:C	CCSBVarC007173	ENSP00000368119.4:p.Val125Ala	GALT	ENSG00000213930	empty_AD
HsVcPillar2a6	CCSBORF300	4	CCSBORF0	3AT	2	404C>G	0	NC_000009.12:34647857:C:G	CCSBVarC004982	ENSP00000368119.4:p.Ser135Trp	GALT	ENSG00000213930	empty_AD
HsVcPillar2a6	CCSBORF300	4	CCSBORF0	3AT	2	413C>T	0	NC_000009.12:34647866:C:T	CCSBVarC007184	ENSP00000368119.4:p.Thr138Met	GALT	ENSG00000213930	empty_AD
HsVcPillar2a6	CCSBORF300	4	CCSBORF0	3AT	2	425T>A	0	NC_000009.12:34647878:T:A	CCSBVarC007187	ENSP00000368119.4:p.Met142Lys	GALT	ENSG00000213930	empty_AD
HsVcPillar2a6	CCSBORF300	4	CCSBORF0	3AT	2	499T>C	0	NC_000009.12:34647952:T:C	CCSBVarC007199	ENSP00000368119.4:p.Trp167Arg	GALT	ENSG00000213930	empty_AD
HsVcPillar2a6	CCSBORF300	4	CCSBORF0	3AT	2	505C>A	0	NC_000009.12:34647958:C:A	CCSBVarC007201	ENSP00000368119.4:p.Gln169Lys	GALT	ENSG00000213930	empty_AD
HsVcPillar2a6	CCSBORF300	4	CCSBORF0	3AT	2	550C>G	0	NC_000009.12:34648156:C:G	CCSBVarC007209	ENSP00000368119.4:p.His184Asp	GALT	ENSG00000213930	empty_AD
HsVcPillar2a6	CCSBORF300	4	CCSBORF0	3AT	2	594T>G	0	NC_000009.12:34648362:T:G	CCSBVarC004989	ENSP00000368119.4:p.Ile198Met	GALT	ENSG00000213930	empty_AD
HsVcPillar2a6	CCSBORF300	4	CCSBORF0	3AT	2	601C>T	0	NC_000009.12:34648369:C:T	CCSBVarC007222	ENSP00000368119.4:p.Arg201Cys	GALT	ENSG00000213930	empty_AD
HsVcPillar2a6	CCSBORF300	4	CCSBORF0	3AT	2	611G>A	0	NC_000009.12:34648379:G:A	CCSBVarC007226	ENSP00000368119.4:p.Arg204Gln	GALT	ENSG00000213930	empty_AD
HsVcPillar2a6	CCSBORF300	4	CCSBORF0	3AT	2	611G>C	0	NC_000009.12:34648379:G:C	CCSBVarC004991	ENSP00000368119.4:p.Arg204Pro	GALT	ENSG00000213930	empty_AD
HsVcPillar2a6	CCSBORF300	4	CCSBORF0	3AT	2	650T>C	0	NC_000009.12:34648418:T:C	CCSBVarC007229	ENSP00000368119.4:p.Leu217Pro	GALT	ENSG00000213930	empty_AD
HsVcPillar2a6	CCSBORF300	4	CCSBORF0	3AT	2	652C>G	0	NC_000009.12:34648420:C:G	CCSBVarC004993	ENSP00000368119.4:p.Leu218Val	GALT	ENSG00000213930	empty_AD
HsVcPillar2a6	CCSBORF300	4	CCSBORF0	3AT	2	658G>A	0	NC_000009.12:34648426:G:A	CCSBVarC007230	ENSP00000368119.4:p.Glu220Lys	GALT	ENSG00000213930	empty_AD
HsVcPillar2a6	CCSBORF300	4	CCSBORF0	3AT	2	676C>G	0	NC_000009.12:34648444:C:G	CCSBVarC007231	ENSP00000368119.4:p.Leu226Val	GALT	ENSG00000213930	empty_AD
HsVcPillar2a6	CCSBORF300	4	CCSBORF0	3AT	2	687G>T	0	NC_000009.12:34648455:G:T	CCSBVarC007235	ENSP00000368119.4:p.Lys229Asn	GALT	ENSG00000213930	empty_AD
HsVcPillar2a6	CCSBORF300	4	CCSBORF0	3AT	2	697G>C	0	NC_000009.12:34648770:G:C	CCSBVarC007238	ENSP00000368119.4:p.Val233Leu	GALT	ENSG00000213930	empty_AD
HsVcPillar2a6	CCSBORF300	4	CCSBORF0	3AT	2	745T>C	0	NC_000009.12:34648818:T:C	CCSBVarC007239	ENSP00000368119.4:p.Trp249Arg	GALT	ENSG00000213930	empty_AD
HsVcPillar2a6	CCSBORF300	4	CCSBORF0	3AT	2	86A>G	0	NC_000009.12:34647091:A:G	CCSBVarC017963	ENSP00000368119.4:p.His29Arg	GALT	ENSG00000213930	empty_AD
HsVcPillar2a6	CCSBORF300	4	CCSBORF0	3AT	2	90G>C	0	NC_000009.12:34647095:G:C	CCSBVarC007141	ENSP00000368119.4:p.Gln30His	GALT	ENSG00000213930	empty_AD
HsVcPillar2a6	CCSBORF300	4	CCSBORF0	3AT	2	950A>G	0	NC_000009.12:34649454:A:G	CCSBVarC007268	ENSP00000368119.4:p.Gln317Arg	GALT	ENSG00000213930	empty_AD
HsVcPillar2a6	CCSBORF300	4	CCSBORF0	3AT	2	957C>G	0	NC_000009.12:34649461:C:G	CCSBVarC000037	ENSP00000368119.4:p.His319Gln	GALT	ENSG00000213930	empty_AD
HsVcPillar2a6	CCSBORF300	4	CCSBORF0	3AT	2	983G>A	0	NC_000009.12:34649487:G:A	CCSBVarC007278	ENSP00000368119.4:p.Arg328His	GALT	ENSG00000213930	empty_AD
HsVcPillar2a6	CCSBORF300	4	CCSBORF0	3AT	2	98G>A	0	NC_000009.12:34647103:G:A	CCSBVarC007144	ENSP00000368119.4:p.Arg33His	GALT	ENSG00000213930	empty_AD
HsVcPillar2a6	CCSBORF3689	1	CCSBORF0	3AT	2	REF	0	NULL	NULL	NULL	GCK	ENSG00000106633	empty_AD
HsVcPillar2a6	CCSBORF3689	1	CCSBORF0	3AT	2	1042A>T	0	NC_000007.14:44145707:T:A	CCSBVarC021262	ENSP00000384247.3:p.Ile348Phe	GCK	ENSG00000106633	empty_AD
HsVcPillar2a6	CCSBORF3689	1	CCSBORF0	3AT	2	10G>A	0	NC_000007.14:44188943:C:T	CCSBVarC021093	ENSP00000384247.3:p.Asp4Asn	GCK	ENSG00000106633	empty_AD
HsVcPillar2a6	CCSBORF3689	1	CCSBORF0	3AT	2	1364T>A	0	NC_000007.14:44145169:A:T	CCSBVarC021293	ENSP00000384247.3:p.Val455Glu	GCK	ENSG00000106633	empty_AD
HsVcPillar2a6	CCSBORF3689	1	CCSBORF0	3AT	2	137G>T	0	NC_000007.14:44153371:C:A	CCSBVarC021121	ENSP00000384247.3:p.Arg46Met	GCK	ENSG00000106633	empty_AD
HsVcPillar2a6	CCSBORF3689	1	CCSBORF0	3AT	2	1386G>T	0	NC_000007.14:44145147:C:A	CCSBVarC021296	ENSP00000384247.3:p.Met462Ile	GCK	ENSG00000106633	empty_AD
HsVcPillar2a6	CCSBORF3689	1	CCSBORF0	3AT	2	203G>A	0	NC_000007.14:44153305:C:T	CCSBVarC021124	ENSP00000384247.3:p.Gly68Asp	GCK	ENSG00000106633	empty_AD
HsVcPillar2a6	CCSBORF3689	1	CCSBORF0	3AT	2	31G>A	0	NC_000007.14:44188922:C:T	CCSBVarC021106	ENSP00000384247.3:p.Ala11Thr	GCK	ENSG00000106633	empty_AD
HsVcPillar2a6	CCSBORF3689	1	CCSBORF0	3AT	2	466C>T	0	NC_000007.14:44150972:G:A	CCSBVarC021155	ENSP00000384247.3:p.His156Tyr	GCK	ENSG00000106633	empty_AD
HsVcPillar2a6	CCSBORF3689	1	CCSBORF0	3AT	2	475A>G	0	NC_000007.14:44150963:T:C	CCSBVarC021157	ENSP00000384247.3:p.Ile159Val	GCK	ENSG00000106633	empty_AD
HsVcPillar2a6	CCSBORF3689	1	CCSBORF0	3AT	2	502A>C	0	NC_000007.14:44150045:T:G	CCSBVarC021160	ENSP00000384247.3:p.Thr168Pro	GCK	ENSG00000106633	empty_AD
HsVcPillar2a6	CCSBORF3689	1	CCSBORF0	3AT	2	566T>C	0	NC_000007.14:44149981:A:G	CCSBVarC021163	ENSP00000384247.3:p.Ile189Thr	GCK	ENSG00000106633	empty_AD
HsVcPillar2a6	CCSBORF3689	1	CCSBORF0	3AT	2	57C>G	0	NC_000007.14:44153451:G:C	CCSBVarC021109	ENSP00000384247.3:p.Ile19Met	GCK	ENSG00000106633	empty_AD
HsVcPillar2a6	CCSBORF3689	1	CCSBORF0	3AT	2	623C>T	0	NC_000007.14:44149815:G:A	CCSBVarC021166	ENSP00000384247.3:p.Ala208Val	GCK	ENSG00000106633	empty_AD
HsVcPillar2a6	CCSBORF3689	1	CCSBORF0	3AT	2	775G>T	0	NC_000007.14:44147737:C:A	CCSBVarC021172	ENSP00000384247.3:p.Ala259Ser	GCK	ENSG00000106633	empty_AD
HsVcPillar2a6	CCSBORF3689	1	CCSBORF0	3AT	2	776C>T	0	NC_000007.14:44147736:G:A	CCSBVarC021175	ENSP00000384247.3:p.Ala259Val	GCK	ENSG00000106633	empty_AD
HsVcPillar2a6	CCSBORF3689	1	CCSBORF0	3AT	2	793G>A	0	NC_000007.14:44147719:C:T	CCSBVarC021178	ENSP00000384247.3:p.Glu265Lys	GCK	ENSG00000106633	empty_AD
HsVcPillar2a6	CCSBORF3689	1	CCSBORF0	3AT	2	835G>C	0	NC_000007.14:44147677:C:G	CCSBVarC021196	ENSP00000384247.3:p.Glu279Gln	GCK	ENSG00000106633	empty_AD
HsVcPillar2a6	CCSBORF3689	1	CCSBORF0	3AT	2	883G>A	0	NC_000007.14:44146598:C:T	CCSBVarC021199	ENSP00000384247.3:p.Gly295Ser	GCK	ENSG00000106633	empty_AD
HsVcPillar2a6	CCSBORF3689	1	CCSBORF0	3AT	2	917T>A	0	NC_000007.14:44146564:A:T	CCSBVarC021202	ENSP00000384247.3:p.Leu306Gln	GCK	ENSG00000106633	empty_AD
HsVcPillar2a6	CCSBORF3689	1	CCSBORF0	3AT	2	917T>C	0	NC_000007.14:44146564:A:G	CCSBVarC021204	ENSP00000384247.3:p.Leu306Pro	GCK	ENSG00000106633	empty_AD
HsVcPillar2a6	CCSBORF3689	1	CCSBORF0	3AT	2	952G>A	0	NC_000007.14:44146529:C:T	CCSBVarC021206	ENSP00000384247.3:p.Gly318Arg	GCK	ENSG00000106633	empty_AD
HsVcPillar2a6	CCSBORF3689	1	CCSBORF0	3AT	2	989T>C	0	NC_000007.14:44146492:A:G	CCSBVarC021209	ENSP00000384247.3:p.Phe330Ser	GCK	ENSG00000106633	empty_AD
HsVcPillar2a6	CCSBORF3689	1	CCSBORF0	3AT	2	98T>A	0	NC_000007.14:44153410:A:T	CCSBVarC021112	ENSP00000384247.3:p.Val33Glu	GCK	ENSG00000106633	empty_AD
HsVcPillar2a6	CCSBORF5808	3	CCSBORF0	3AT	2	REF	0	NULL	NULL	NULL	HBB	ENSG00000244734	empty_AD
HsVcPillar2a6	CCSBORF5808	3	CCSBORF0	3AT	2	107A>G	0	NC_000011.10:5226784:T:C	CCSBVarC010197	ENSP00000333994.3:p.Tyr36Cys	HBB	ENSG00000244734	empty_AD
HsVcPillar2a6	CCSBORF5808	3	CCSBORF0	3AT	2	113G>C	0	NC_000011.10:5226778:C:G	CCSBVarC006221	ENSP00000333994.3:p.Trp38Ser	HBB	ENSG00000244734	empty_AD
HsVcPillar2a6	CCSBORF5808	3	CCSBORF0	3AT	2	122G>A	0	NC_000011.10:5226769:C:T	CCSBVarC010115	ENSP00000333994.3:p.Arg41Lys	HBB	ENSG00000244734	empty_AD
HsVcPillar2a6	CCSBORF5808	3	CCSBORF0	3AT	2	130G>C	0	NC_000011.10:5226761:C:G	CCSBVarC010083	ENSP00000333994.3:p.Glu44Gln	HBB	ENSG00000244734	empty_AD
HsVcPillar2a6	CCSBORF5808	3	CCSBORF0	3AT	2	131A>C	0	NC_000011.10:5226760:T:G	CCSBVarC010109	ENSP00000333994.3:p.Glu44Ala	HBB	ENSG00000244734	empty_AD
HsVcPillar2a6	CCSBORF5808	3	CCSBORF0	3AT	2	158A>G	0	NC_000011.10:5226733:T:C	CCSBVarC000905	ENSP00000333994.3:p.Asp53Gly	HBB	ENSG00000244734	empty_AD
HsVcPillar2a6	CCSBORF5808	3	CCSBORF0	3AT	2	19G>C	0	NC_000011.10:5227002:C:G	CCSBVarC006213	ENSP00000333994.3:p.Glu7Gln	HBB	ENSG00000244734	empty_AD
HsVcPillar2a6	CCSBORF5808	3	CCSBORF0	3AT	2	238G>T	0	NC_000011.10:5226653:C:A	CCSBVarC010121	ENSP00000333994.3:p.Asp80Tyr	HBB	ENSG00000244734	empty_AD
HsVcPillar2a6	CCSBORF5808	3	CCSBORF0	3AT	2	248A>T	0	NC_000011.10:5226643:T:A	CCSBVarC010189	ENSP00000333994.3:p.Lys83Met	HBB	ENSG00000244734	empty_AD
HsVcPillar2a6	CCSBORF5808	3	CCSBORF0	3AT	2	251G>A	0	NC_000011.10:5226640:C:T	CCSBVarC006226	ENSP00000333994.3:p.Gly84Asp	HBB	ENSG00000244734	empty_AD
HsVcPillar2a6	CCSBORF5808	3	CCSBORF0	3AT	2	262A>C	0	NC_000011.10:5226629:T:G	CCSBVarC010094	ENSP00000333994.3:p.Thr88Pro	HBB	ENSG00000244734	empty_AD
HsVcPillar2a6	CCSBORF5808	3	CCSBORF0	3AT	2	266T>C	0	NC_000011.10:5226625:A:G	CCSBVarC010204	ENSP00000333994.3:p.Leu89Pro	HBB	ENSG00000244734	empty_AD
HsVcPillar2a6	CCSBORF5808	3	CCSBORF0	3AT	2	277C>A	0	NC_000011.10:5226614:G:T	CCSBVarC010210	ENSP00000333994.3:p.His93Asn	HBB	ENSG00000244734	empty_AD
HsVcPillar2a6	CCSBORF5808	3	CCSBORF0	3AT	2	294C>G	0	NC_000011.10:5226597:G:C	CCSBVarC010171	ENSP00000333994.3:p.His98Gln	HBB	ENSG00000244734	empty_AD
HsVcPillar2a6	CCSBORF5808	3	CCSBORF0	3AT	2	298G>A	0	NC_000011.10:5226593:C:T	CCSBVarC006229	ENSP00000333994.3:p.Asp100Asn	HBB	ENSG00000244734	empty_AD
HsVcPillar2a6	CCSBORF5808	3	CCSBORF0	3AT	2	314G>C	0	NC_000011.10:5226577:C:G	CCSBVarC010102	ENSP00000333994.3:p.Arg105Thr	HBB	ENSG00000244734	empty_AD
HsVcPillar2a6	CCSBORF5808	3	CCSBORF0	3AT	2	350A>C	0	NC_000011.10:5225691:T:G	CCSBVarC006233	ENSP00000333994.3:p.His117Pro	HBB	ENSG00000244734	empty_AD
HsVcPillar2a6	CCSBORF5808	3	CCSBORF0	3AT	2	382C>G	0	NC_000011.10:5225659:G:C	CCSBVarC006237	ENSP00000333994.3:p.Gln128Glu	HBB	ENSG00000244734	empty_AD
HsVcPillar2a6	CCSBORF5808	3	CCSBORF0	3AT	2	430C>G	0	NC_000011.10:5225611:G:C	CCSBVarC006241	ENSP00000333994.3:p.His144Asp	HBB	ENSG00000244734	empty_AD
HsVcPillar2a6	CCSBORF5808	3	CCSBORF0	3AT	2	430C>T	0	NC_000011.10:5225611:G:A	CCSBVarC010136	ENSP00000333994.3:p.His144Tyr	HBB	ENSG00000244734	empty_AD
HsVcPillar2a6	CCSBORF5808	3	CCSBORF0	3AT	2	431A>C	0	NC_000011.10:5225610:T:G	CCSBVarC010143	ENSP00000333994.3:p.His144Pro	HBB	ENSG00000244734	empty_AD
HsVcPillar2a6	CCSBORF5808	3	CCSBORF0	3AT	2	59A>G	0	NC_000011.10:5226962:T:C	CCSBVarC006217	ENSP00000333994.3:p.Asn20Ser	HBB	ENSG00000244734	empty_AD
HsVcPillar2a6	CCSBORF5808	3	CCSBORF0	3AT	2	91A>G	0	NC_000011.10:5226930:T:C	CCSBVarC010152	ENSP00000333994.3:p.Arg31Gly	HBB	ENSG00000244734	empty_AD
HsVcPillar2a6	CCSBORF4765	2	CCSBORF2012	3AT	2	REF	1	NULL	NULL	NULL	ITGB2	ENSG00000160255	LHFPL5
HsVcPillar2a6	CCSBORF4765	2	CCSBORF2012	3AT	2	1052A>G	0	NC_000021.9:44895001:T:C	CCSBVarC007537	ENSP00000498780.1:p.Asn351Ser	ITGB2	ENSG00000160255	LHFPL5
HsVcPillar2a6	CCSBORF4765	2	CCSBORF2012	3AT	2	106T>A	0	NC_000021.9:44910324:A:T	CCSBVarC008417	ENSP00000498780.1:p.Cys36Ser	ITGB2	ENSG00000160255	LHFPL5
HsVcPillar2a6	CCSBORF4765	2	CCSBORF2012	3AT	2	124G>T	0	NC_000021.9:44910306:C:A	CCSBVarC007549	ENSP00000498780.1:p.Gly42Cys	ITGB2	ENSG00000160255	LHFPL5
HsVcPillar2a6	CCSBORF4765	2	CCSBORF2012	3AT	2	1777C>T	0	NC_000021.9:44889375:G:A	CCSBVarC003146	ENSP00000498780.1:p.Arg593Cys	ITGB2	ENSG00000160255	LHFPL5
HsVcPillar2a6	CCSBORF4765	2	CCSBORF2012	3AT	2	1834T>C	0	NC_000021.9:44889318:A:G	CCSBVarC008409	ENSP00000498780.1:p.Cys612Arg	ITGB2	ENSG00000160255	LHFPL5
HsVcPillar2a6	CCSBORF4765	2	CCSBORF2012	3AT	2	2146G>C	0	NC_000021.9:44886836:C:G	CCSBVarC009516	ENSP00000498780.1:p.Gly716Arg	ITGB2	ENSG00000160255	LHFPL5
HsVcPillar2a6	CCSBORF4765	2	CCSBORF2012	3AT	2	2189G>A	0	NC_000021.9:44886793:C:T	CCSBVarC009510	ENSP00000498780.1:p.Ser730Asn	ITGB2	ENSG00000160255	LHFPL5
HsVcPillar2a6	CCSBORF4765	2	CCSBORF2012	3AT	2	382G>A	0	NC_000021.9:44903481:C:T	CCSBVarC008428	ENSP00000498780.1:p.Asp128Asn	ITGB2	ENSG00000160255	LHFPL5
HsVcPillar2a6	CCSBORF4765	2	CCSBORF2012	3AT	2	382G>T	0	NC_000021.9:44903481:C:A	CCSBVarC003144	ENSP00000498780.1:p.Asp128Tyr	ITGB2	ENSG00000160255	LHFPL5
HsVcPillar2a6	CCSBORF4765	2	CCSBORF2012	3AT	2	449G>A	0	NC_000021.9:44903414:C:T	CCSBVarC008419	ENSP00000498780.1:p.Gly150Asp	ITGB2	ENSG00000160255	LHFPL5
HsVcPillar2a6	CCSBORF4765	2	CCSBORF2012	3AT	2	505G>A	0	NC_000021.9:44901727:C:T	CCSBVarC007546	ENSP00000498780.1:p.Gly169Arg	ITGB2	ENSG00000160255	LHFPL5
HsVcPillar2a6	CCSBORF4765	2	CCSBORF2012	3AT	2	587A>C	0	NC_000021.9:44901645:T:G	CCSBVarC007544	ENSP00000498780.1:p.Lys196Thr	ITGB2	ENSG00000160255	LHFPL5
HsVcPillar2a6	CCSBORF4765	2	CCSBORF2012	3AT	2	691G>C	0	NC_000021.9:44901541:C:G	CCSBVarC008405	ENSP00000498780.1:p.Asp231His	ITGB2	ENSG00000160255	LHFPL5
HsVcPillar2a6	CCSBORF4765	2	CCSBORF2012	3AT	2	712G>A	0	NC_000021.9:44901520:C:T	CCSBVarC008421	ENSP00000498780.1:p.Asp238Asn	ITGB2	ENSG00000160255	LHFPL5
HsVcPillar2a6	CCSBORF4765	2	CCSBORF2012	3AT	2	715G>A	0	NC_000021.9:44901517:C:T	CCSBVarC007541	ENSP00000498780.1:p.Ala239Thr	ITGB2	ENSG00000160255	LHFPL5
HsVcPillar2a6	CCSBORF4765	2	CCSBORF2012	3AT	2	754T>C	0	NC_000021.9:44900462:A:G	CCSBVarC008394	ENSP00000498780.1:p.Trp252Arg	ITGB2	ENSG00000160255	LHFPL5
HsVcPillar2a6	CCSBORF4765	2	CCSBORF2012	3AT	2	817G>A	0	NC_000021.9:44900399:C:T	CCSBVarC000702	ENSP00000498780.1:p.Gly273Arg	ITGB2	ENSG00000160255	LHFPL5
HsVcPillar2a6	CCSBORF4765	2	CCSBORF2012	3AT	2	905C>T	0	NC_000021.9:44899154:G:A	CCSBVarC008423	ENSP00000498780.1:p.Pro302Leu	ITGB2	ENSG00000160255	LHFPL5
HsVcPillar2a6	CCSBORF100016069	1	CCSBORF0	3AT	2	REF	0	NULL	NULL	NULL	KCNJ2	ENSG00000123700	empty_AD
HsVcPillar2a6	CCSBORF100016069	1	CCSBORF0	3AT	2	232G>T	0	NC_000017.11:70175270:G:T	CCSBVarC035501	ENSP00000243457.2:p.Asp78Tyr	KCNJ2	ENSG00000123700	empty_AD
HsVcPillar2a6	CCSBORF100016069	1	CCSBORF0	3AT	2	244C>T	0	NC_000017.11:70175282:C:T	CCSBVarC035503	ENSP00000243457.2:p.Arg82Trp	KCNJ2	ENSG00000123700	empty_AD
HsVcPillar2a6	CCSBORF100016069	1	CCSBORF0	3AT	2	425C>T	0	NC_000017.11:70175463:C:T	CCSBVarC035507	ENSP00000243457.2:p.Thr142Ile	KCNJ2	ENSG00000123700	empty_AD
HsVcPillar2a6	CCSBORF100016069	1	CCSBORF0	3AT	2	430G>A	0	NC_000017.11:70175468:G:A	CCSBVarC035510	ENSP00000243457.2:p.Gly144Ser	KCNJ2	ENSG00000123700	empty_AD
HsVcPillar2a6	CCSBORF100016069	1	CCSBORF0	3AT	2	574A>G	0	NC_000017.11:70175612:A:G	CCSBVarC035585	ENSP00000243457.2:p.Thr192Ala	KCNJ2	ENSG00000123700	empty_AD
HsVcPillar2a6	CCSBORF100016069	1	CCSBORF0	3AT	2	845T>G	0	NC_000017.11:70175883:T:G	CCSBVarC035624	ENSP00000243457.2:p.Leu282Trp	KCNJ2	ENSG00000123700	empty_AD
HsVcPillar2a6	CCSBORF100016069	1	CCSBORF0	3AT	2	896A>G	0	NC_000017.11:70175934:A:G	CCSBVarC035626	ENSP00000243457.2:p.Glu299Gly	KCNJ2	ENSG00000123700	empty_AD
HsVcPillar2a6	CCSBORF100016069	1	CCSBORF0	3AT	2	913A>C	0	NC_000017.11:70175951:A:C	CCSBVarC035629	ENSP00000243457.2:p.Thr305Pro	KCNJ2	ENSG00000123700	empty_AD
HsVcPillar2a6	CCSBORF100016069	1	CCSBORF0	3AT	2	913A>G	0	NC_000017.11:70175951:A:G	CCSBVarC035631	ENSP00000243457.2:p.Thr305Ala	KCNJ2	ENSG00000123700	empty_AD
HsVcPillar2a6	CCSBORF100016069	1	CCSBORF0	3AT	2	919A>G	0	NC_000017.11:70175957:A:G	CCSBVarC035633	ENSP00000243457.2:p.Met307Val	KCNJ2	ENSG00000123700	empty_AD
HsVcPillar2a6	CCSBORF100016069	1	CCSBORF0	3AT	2	934C>T	0	NC_000017.11:70175972:C:T	CCSBVarC035638	ENSP00000243457.2:p.Arg312Cys	KCNJ2	ENSG00000123700	empty_AD
HsVcPillar2a6	CCSBORF359	1	CCSBORF0	3AT	2	REF	4	NULL	NULL	NULL	CBS	ENSG00000160200	empty_AD
HsVcPillar2a6	CCSBORF359	1	CCSBORF0	3AT	2	1007G>A	0	NC_000021.9:43062342:C:T	CCSBVarC007316	ENSP00000381231.4:p.Arg336His	CBS	ENSG00000160200	empty_AD
HsVcPillar2a6	CCSBORF359	1	CCSBORF0	3AT	2	1058C>T	0	NC_000021.9:43060527:G:A	CCSBVarC007312	ENSP00000381231.4:p.Thr353Met	CBS	ENSG00000160200	empty_AD
HsVcPillar2a6	CCSBORF359	1	CCSBORF0	3AT	2	1111G>A	1	NC_000021.9:43060474:C:T	CCSBVarC007308	ENSP00000381231.4:p.Val371Met	CBS	ENSG00000160200	empty_AD
HsVcPillar2a6	CCSBORF359	1	CCSBORF0	3AT	2	1150A>G	0	NC_000021.9:43059298:T:C	CCSBVarC007306	ENSP00000381231.4:p.Lys384Glu	CBS	ENSG00000160200	empty_AD
HsVcPillar2a6	CCSBORF359	1	CCSBORF0	3AT	2	1330G>A	0	NC_000021.9:43058861:C:T	CCSBVarC007302	ENSP00000381231.4:p.Asp444Asn	CBS	ENSG00000160200	empty_AD
HsVcPillar2a6	CCSBORF359	1	CCSBORF0	3AT	2	146C>T	0	NC_000021.9:43072047:G:A	CCSBVarC000042	ENSP00000381231.4:p.Pro49Leu	CBS	ENSG00000160200	empty_AD
HsVcPillar2a6	CCSBORF359	1	CCSBORF0	3AT	2	175C>T	0	NC_000021.9:43072018:G:A	CCSBVarC008674	ENSP00000381231.4:p.Pro59Ser	CBS	ENSG00000160200	empty_AD
HsVcPillar2a6	CCSBORF359	1	CCSBORF0	3AT	2	253G>A	0	NC_000021.9:43068571:C:T	CCSBVarC007358	ENSP00000381231.4:p.Gly85Arg	CBS	ENSG00000160200	empty_AD
HsVcPillar2a6	CCSBORF359	1	CCSBORF0	3AT	2	306G>C	0	NC_000021.9:43068518:C:G	CCSBVarC007353	ENSP00000381231.4:p.Lys102Asn	CBS	ENSG00000160200	empty_AD
HsVcPillar2a6	CCSBORF359	1	CCSBORF0	3AT	2	341C>T	0	NC_000021.9:43066352:G:A	CCSBVarC007350	ENSP00000381231.4:p.Ala114Val	CBS	ENSG00000160200	empty_AD
HsVcPillar2a6	CCSBORF359	1	CCSBORF0	3AT	2	361C>T	0	NC_000021.9:43066332:G:A	CCSBVarC007347	ENSP00000381231.4:p.Arg121Cys	CBS	ENSG00000160200	empty_AD
HsVcPillar2a6	CCSBORF359	1	CCSBORF0	3AT	2	374G>A	0	NC_000021.9:43066319:C:T	CCSBVarC008706	ENSP00000381231.4:p.Arg125Gln	CBS	ENSG00000160200	empty_AD
HsVcPillar2a6	CCSBORF359	1	CCSBORF0	3AT	2	430G>A	0	NC_000021.9:43066263:C:T	CCSBVarC007340	ENSP00000381231.4:p.Glu144Lys	CBS	ENSG00000160200	empty_AD
HsVcPillar2a6	CCSBORF359	1	CCSBORF0	3AT	2	442G>A	0	NC_000021.9:43066251:C:T	CCSBVarC007338	ENSP00000381231.4:p.Gly148Arg	CBS	ENSG00000160200	empty_AD
HsVcPillar2a6	CCSBORF359	1	CCSBORF0	3AT	2	494G>A	0	NC_000021.9:43065652:C:T	CCSBVarC008696	ENSP00000381231.4:p.Cys165Tyr	CBS	ENSG00000160200	empty_AD
HsVcPillar2a6	CCSBORF359	1	CCSBORF0	3AT	2	526G>A	0	NC_000021.9:43065620:C:T	CCSBVarC008702	ENSP00000381231.4:p.Glu176Lys	CBS	ENSG00000160200	empty_AD
HsVcPillar2a6	CCSBORF359	1	CCSBORF0	3AT	2	52C>T	0	NC_000021.9:43072141:G:A	CCSBVarC007367	ENSP00000381231.4:p.Arg18Cys	CBS	ENSG00000160200	empty_AD
HsVcPillar2a6	CCSBORF359	1	CCSBORF0	3AT	2	684C>G	0	NC_000021.9:43065254:G:C	CCSBVarC008710	ENSP00000381231.4:p.Asn228Lys	CBS	ENSG00000160200	empty_AD
HsVcPillar2a6	CCSBORF359	1	CCSBORF0	3AT	2	700G>A	0	NC_000021.9:43065238:C:T	CCSBVarC007328	ENSP00000381231.4:p.Asp234Asn	CBS	ENSG00000160200	empty_AD
HsVcPillar2a6	CCSBORF359	1	CCSBORF0	3AT	2	797G>A	0	NC_000021.9:43063930:C:T	CCSBVarC007324	ENSP00000381231.4:p.Arg266Lys	CBS	ENSG00000160200	empty_AD
HsVcPillar2a6	CCSBORF359	1	CCSBORF0	3AT	2	833T>C	0	NC_000021.9:43063073:A:G	CCSBVarC000044	ENSP00000381231.4:p.Ile278Thr	CBS	ENSG00000160200	empty_AD
HsVcPillar2a6	CCSBORF359	1	CCSBORF0	3AT	2	959T>C	0	NC_000021.9:43062390:A:G	CCSBVarC007319	ENSP00000381231.4:p.Val320Ala	CBS	ENSG00000160200	empty_AD
HsVcPillar2a6	CCSBORF359	4	CCSBORF4616	3AT	2	REF	3250	NULL	NULL	NULL	CBS	ENSG00000160200	UBE2I
HsVcPillar2a6	CCSBORF359	4	CCSBORF4616	3AT	2	1009A>C	106	NC_000021.9:43062340:T:G	CCSBVarC007315	ENSP00000381231.4:p.Met337Leu	CBS	ENSG00000160200	UBE2I
HsVcPillar2a6	CCSBORF359	4	CCSBORF4616	3AT	2	1009A>G	10	NC_000021.9:43062340:T:C	CCSBVarC007314	ENSP00000381231.4:p.Met337Val	CBS	ENSG00000160200	UBE2I
HsVcPillar2a6	CCSBORF359	4	CCSBORF4616	3AT	2	1072G>A	6	NC_000021.9:43060513:C:T	CCSBVarC007310	ENSP00000381231.4:p.Val358Met	CBS	ENSG00000160200	UBE2I
HsVcPillar2a6	CCSBORF359	4	CCSBORF4616	3AT	2	1208C>T	8	NC_000021.9:43059240:G:A	CCSBVarC007305	ENSP00000381231.4:p.Thr403Met	CBS	ENSG00000160200	UBE2I
HsVcPillar2a6	CCSBORF359	4	CCSBORF4616	3AT	2	134G>A	356	NC_000021.9:43072059:C:T	CCSBVarC007363	ENSP00000381231.4:p.Arg45Gln	CBS	ENSG00000160200	UBE2I
HsVcPillar2a6	CCSBORF359	4	CCSBORF4616	3AT	2	1357G>T	4	NC_000021.9:43058834:C:A	CCSBVarC007300	ENSP00000381231.4:p.Gly453Trp	CBS	ENSG00000160200	UBE2I
HsVcPillar2a6	CCSBORF359	4	CCSBORF4616	3AT	2	1397C>T	475	NC_000021.9:43058214:G:A	CCSBVarC007298	ENSP00000381231.4:p.Ser466Leu	CBS	ENSG00000160200	UBE2I
HsVcPillar2a6	CCSBORF359	4	CCSBORF4616	3AT	2	1436T>C	443	NC_000021.9:43058175:A:G	CCSBVarC007296	ENSP00000381231.4:p.Val479Ala	CBS	ENSG00000160200	UBE2I
HsVcPillar2a6	CCSBORF359	4	CCSBORF4616	3AT	2	152G>A	814	NC_000021.9:43072041:C:T	CCSBVarC007362	ENSP00000381231.4:p.Arg51Lys	CBS	ENSG00000160200	UBE2I
HsVcPillar2a6	CCSBORF359	4	CCSBORF4616	3AT	2	301C>G	29	NC_000021.9:43068523:G:C	CCSBVarC007355	ENSP00000381231.4:p.Leu101Val	CBS	ENSG00000160200	UBE2I
HsVcPillar2a6	CCSBORF359	4	CCSBORF4616	3AT	2	34C>T	1937	NC_000021.9:43072159:G:A	CCSBVarC007368	ENSP00000381231.4:p.Pro12Ser	CBS	ENSG00000160200	UBE2I
HsVcPillar2a6	CCSBORF359	4	CCSBORF4616	3AT	2	352G>A	184	NC_000021.9:43066341:C:T	CCSBVarC007348	ENSP00000381231.4:p.Val118Met	CBS	ENSG00000160200	UBE2I
HsVcPillar2a6	CCSBORF359	4	CCSBORF4616	3AT	2	395G>A	1258	NC_000021.9:43066298:C:T	CCSBVarC007344	ENSP00000381231.4:p.Arg132His	CBS	ENSG00000160200	UBE2I
HsVcPillar2a6	CCSBORF359	4	CCSBORF4616	3AT	2	397G>A	1365	NC_000021.9:43066296:C:T	CCSBVarC007343	ENSP00000381231.4:p.Asp133Asn	CBS	ENSG00000160200	UBE2I
HsVcPillar2a6	CCSBORF359	4	CCSBORF4616	3AT	2	400G>A	325	NC_000021.9:43066293:C:T	CCSBVarC007342	ENSP00000381231.4:p.Gly134Arg	CBS	ENSG00000160200	UBE2I
HsVcPillar2a6	CCSBORF359	4	CCSBORF4616	3AT	2	469G>A	750	NC_000021.9:43065677:C:T	CCSBVarC007337	ENSP00000381231.4:p.Ala157Thr	CBS	ENSG00000160200	UBE2I
HsVcPillar2a6	CCSBORF359	4	CCSBORF4616	3AT	2	502G>A	30	NC_000021.9:43065644:C:T	CCSBVarC007336	ENSP00000381231.4:p.Val168Met	CBS	ENSG00000160200	UBE2I
HsVcPillar2a6	CCSBORF359	4	CCSBORF4616	3AT	2	531G>C	939	NC_000021.9:43065615:C:G	CCSBVarC007335	ENSP00000381231.4:p.Lys177Asn	CBS	ENSG00000160200	UBE2I
HsVcPillar2a6	CCSBORF359	4	CCSBORF4616	3AT	2	532G>A	808	NC_000021.9:43065520:C:T	CCSBVarC007334	ENSP00000381231.4:p.Val178Met	CBS	ENSG00000160200	UBE2I
HsVcPillar2a6	CCSBORF359	4	CCSBORF4616	3AT	2	616G>A	442	NC_000021.9:43065436:C:T	CCSBVarC007332	ENSP00000381231.4:p.Val206Met	CBS	ENSG00000160200	UBE2I
HsVcPillar2a6	CCSBORF359	4	CCSBORF4616	3AT	2	636C>G	23	NC_000021.9:43065416:G:C	CCSBVarC007330	ENSP00000381231.4:p.Asn212Lys	CBS	ENSG00000160200	UBE2I
HsVcPillar2a6	CCSBORF359	4	CCSBORF4616	3AT	2	670C>T	219	NC_000021.9:43065268:G:A	CCSBVarC007329	ENSP00000381231.4:p.Arg224Cys	CBS	ENSG00000160200	UBE2I
HsVcPillar2a6	CCSBORF359	4	CCSBORF4616	3AT	2	844C>T	527	NC_000021.9:43063062:G:A	CCSBVarC007323	ENSP00000381231.4:p.Pro282Ser	CBS	ENSG00000160200	UBE2I
HsVcPillar2a6	CCSBORF359	4	CCSBORF4616	3AT	2	992C>T	421	NC_000021.9:43062357:G:A	CCSBVarC007318	ENSP00000381231.4:p.Ala331Val	CBS	ENSG00000160200	UBE2I
HsVcPillar2a6	CCSBORF12573	4	CCSBORF5539	3AT	2	REF	8829	NULL	NULL	NULL	DES	ENSG00000175084	ZMYM5
HsVcPillar2a6	CCSBORF12573	4	CCSBORF5539	3AT	2	1009G>A	35	NC_000002.12:219420938:G:A	CCSBVarC007850	ENSP00000363071.3:p.Ala337Thr	DES	ENSG00000175084	ZMYM5
HsVcPillar2a6	CCSBORF12573	4	CCSBORF5539	3AT	2	1009G>C	6	NC_000002.12:219420938:G:C	CCSBVarC006506	ENSP00000363071.3:p.Ala337Pro	DES	ENSG00000175084	ZMYM5
HsVcPillar2a6	CCSBORF12573	4	CCSBORF5539	3AT	2	1013T>G	5	NC_000002.12:219420942:T:G	CCSBVarC007852	ENSP00000363071.3:p.Leu338Arg	DES	ENSG00000175084	ZMYM5
HsVcPillar2a6	CCSBORF12573	4	CCSBORF5539	3AT	2	1024A>G	69	NC_000002.12:219421339:A:G	CCSBVarC007853	ENSP00000363071.3:p.Asn342Asp	DES	ENSG00000175084	ZMYM5
HsVcPillar2a6	CCSBORF12573	4	CCSBORF5539	3AT	2	1030T>C	31	NC_000002.12:219421345:T:C	CCSBVarC007855	ENSP00000363071.3:p.Ser344Pro	DES	ENSG00000175084	ZMYM5
HsVcPillar2a6	CCSBORF12573	4	CCSBORF5539	3AT	2	1049G>C	6323	NC_000002.12:219421364:G:C	CCSBVarC007860	ENSP00000363071.3:p.Arg350Pro	DES	ENSG00000175084	ZMYM5
HsVcPillar2a6	CCSBORF12573	4	CCSBORF5539	3AT	2	109C>T	8	NC_000002.12:219418570:C:T	CCSBVarC007790	ENSP00000363071.3:p.Arg37Trp	DES	ENSG00000175084	ZMYM5
HsVcPillar2a6	CCSBORF12573	4	CCSBORF5539	3AT	2	1154T>C	20	NC_000002.12:219421469:T:C	CCSBVarC007866	ENSP00000363071.3:p.Leu385Pro	DES	ENSG00000175084	ZMYM5
HsVcPillar2a6	CCSBORF12573	4	CCSBORF5539	3AT	2	1178A>T	0	NC_000002.12:219421493:A:T	CCSBVarC007871	ENSP00000363071.3:p.Asn393Ile	DES	ENSG00000175084	ZMYM5
HsVcPillar2a6	CCSBORF12573	4	CCSBORF5539	3AT	2	1216C>T	18	NC_000002.12:219421531:C:T	CCSBVarC006507	ENSP00000363071.3:p.Arg406Trp	DES	ENSG00000175084	ZMYM5
HsVcPillar2a6	CCSBORF12573	4	CCSBORF5539	3AT	2	1217G>A	19	NC_000002.12:219421532:G:A	CCSBVarC007875	ENSP00000363071.3:p.Arg406Gln	DES	ENSG00000175084	ZMYM5
HsVcPillar2a6	CCSBORF12573	4	CCSBORF5539	3AT	2	1358C>T	10	NC_000002.12:219425731:C:T	CCSBVarC007888	ENSP00000363071.3:p.Thr453Ile	DES	ENSG00000175084	ZMYM5
HsVcPillar2a6	CCSBORF12573	4	CCSBORF5539	3AT	2	137C>A	9542	NC_000002.12:219418598:C:A	CCSBVarC006502	ENSP00000363071.3:p.Ser46Tyr	DES	ENSG00000175084	ZMYM5
HsVcPillar2a6	CCSBORF12573	4	CCSBORF5539	3AT	2	1405G>A	11	NC_000002.12:219425981:G:A	CCSBVarC006510	ENSP00000363071.3:p.Val469Met	DES	ENSG00000175084	ZMYM5
HsVcPillar2a6	CCSBORF12573	4	CCSBORF5539	3AT	2	184G>A	28	NC_000002.12:219418645:G:A	CCSBVarC007796	ENSP00000363071.3:p.Gly62Arg	DES	ENSG00000175084	ZMYM5
HsVcPillar2a6	CCSBORF12573	4	CCSBORF5539	3AT	2	25C>G	32	NC_000002.12:219418486:C:G	CCSBVarC007781	ENSP00000363071.3:p.Gln9Glu	DES	ENSG00000175084	ZMYM5
HsVcPillar2a6	CCSBORF12573	4	CCSBORF5539	3AT	2	295C>G	49	NC_000002.12:219418756:C:G	CCSBVarC007803	ENSP00000363071.3:p.Gln99Glu	DES	ENSG00000175084	ZMYM5
HsVcPillar2a6	CCSBORF12573	4	CCSBORF5539	3AT	2	299A>C	3129	NC_000002.12:219418760:A:C	CCSBVarC007804	ENSP00000363071.3:p.Glu100Ala	DES	ENSG00000175084	ZMYM5
HsVcPillar2a6	CCSBORF12573	4	CCSBORF5539	3AT	2	358G>C	1700	NC_000002.12:219418819:G:C	CCSBVarC007807	ENSP00000363071.3:p.Ala120Pro	DES	ENSG00000175084	ZMYM5
HsVcPillar2a6	CCSBORF12573	4	CCSBORF5539	3AT	2	364T>G	39	NC_000002.12:219418825:T:G	CCSBVarC007808	ENSP00000363071.3:p.Tyr122Asp	DES	ENSG00000175084	ZMYM5
HsVcPillar2a6	CCSBORF12573	4	CCSBORF5539	3AT	2	380G>C	6	NC_000002.12:219418841:G:C	CCSBVarC007810	ENSP00000363071.3:p.Arg127Pro	DES	ENSG00000175084	ZMYM5
HsVcPillar2a6	CCSBORF12573	4	CCSBORF5539	3AT	2	415G>A	6	NC_000002.12:219418876:G:A	CCSBVarC007815	ENSP00000363071.3:p.Glu139Lys	DES	ENSG00000175084	ZMYM5
HsVcPillar2a6	CCSBORF12573	4	CCSBORF5539	3AT	2	524G>A	31	NC_000002.12:219418985:G:A	CCSBVarC007818	ENSP00000363071.3:p.Arg175His	DES	ENSG00000175084	ZMYM5
HsVcPillar2a6	CCSBORF12573	4	CCSBORF5539	3AT	2	643G>A	41	NC_000002.12:219420253:G:A	CCSBVarC007826	ENSP00000363071.3:p.Val215Met	DES	ENSG00000175084	ZMYM5
HsVcPillar2a6	CCSBORF12573	4	CCSBORF5539	3AT	2	700G>A	8	NC_000002.12:219420310:G:A	CCSBVarC007831	ENSP00000363071.3:p.Glu234Lys	DES	ENSG00000175084	ZMYM5
HsVcPillar2a6	CCSBORF12573	4	CCSBORF5539	3AT	2	725T>A	1	NC_000002.12:219420335:T:A	CCSBVarC007833	ENSP00000363071.3:p.Val242Glu	DES	ENSG00000175084	ZMYM5
HsVcPillar2a6	CCSBORF12573	4	CCSBORF5539	3AT	2	735G>C	11	NC_000002.12:219420345:G:C	CCSBVarC007835	ENSP00000363071.3:p.Glu245Asp	DES	ENSG00000175084	ZMYM5
HsVcPillar2a6	CCSBORF12573	4	CCSBORF5539	3AT	2	743G>A	5777	NC_000002.12:219420501:G:A	CCSBVarC007836	ENSP00000363071.3:p.Arg248His	DES	ENSG00000175084	ZMYM5
HsVcPillar2a6	CCSBORF12573	4	CCSBORF5539	3AT	2	77T>A	6873	NC_000002.12:219418538:T:A	CCSBVarC007786	ENSP00000363071.3:p.Leu26His	DES	ENSG00000175084	ZMYM5
HsVcPillar2a6	CCSBORF12573	4	CCSBORF5539	3AT	2	821T>C	12	NC_000002.12:219420579:T:C	CCSBVarC006504	ENSP00000363071.3:p.Leu274Pro	DES	ENSG00000175084	ZMYM5
HsVcPillar2a6	CCSBORF12573	4	CCSBORF5539	3AT	2	833G>C	15	NC_000002.12:219420591:G:C	CCSBVarC007839	ENSP00000363071.3:p.Arg278Pro	DES	ENSG00000175084	ZMYM5
HsVcPillar2a6	CCSBORF300	1	CCSBORF8190	3AT	2	REF	5880	NULL	NULL	NULL	GALT	ENSG00000213930	UBTD2
HsVcPillar2a6	CCSBORF300	1	CCSBORF8190	3AT	2	1049C>A	2845	NC_000009.12:34649553:C:A	CCSBVarC017363	ENSP00000368119.4:p.Thr350Asn	GALT	ENSG00000213930	UBTD2
HsVcPillar2a6	CCSBORF300	1	CCSBORF8190	3AT	2	1135G>A	21015	NC_000009.12:34650443:G:A	CCSBVarC017364	ENSP00000368119.4:p.Ala379Thr	GALT	ENSG00000213930	UBTD2
HsVcPillar2a6	CCSBORF300	1	CCSBORF8190	3AT	2	142C>A	17428	NC_000009.12:34647147:C:A	CCSBVarC017965	ENSP00000368119.4:p.Arg48Ser	GALT	ENSG00000213930	UBTD2
HsVcPillar2a6	CCSBORF300	1	CCSBORF8190	3AT	2	211C>T	12033	NC_000009.12:34647216:C:T	CCSBVarC017967	ENSP00000368119.4:p.Leu71Phe	GALT	ENSG00000213930	UBTD2
HsVcPillar2a6	CCSBORF300	1	CCSBORF8190	3AT	2	241G>C	8207	NC_000009.12:34647246:G:C	CCSBVarC017970	ENSP00000368119.4:p.Ala81Pro	GALT	ENSG00000213930	UBTD2
HsVcPillar2a6	CCSBORF300	1	CCSBORF8190	3AT	2	382G>A	1	NC_000009.12:34647835:G:A	CCSBVarC017977	ENSP00000368119.4:p.Val128Ile	GALT	ENSG00000213930	UBTD2
HsVcPillar2a6	CCSBORF300	1	CCSBORF8190	3AT	2	533T>G	33	NC_000009.12:34648139:T:G	CCSBVarC018002	ENSP00000368119.4:p.Met178Arg	GALT	ENSG00000213930	UBTD2
HsVcPillar2a6	CCSBORF300	1	CCSBORF8190	3AT	2	617A>G	35	NC_000009.12:34648385:A:G	CCSBVarC018039	ENSP00000368119.4:p.Gln206Arg	GALT	ENSG00000213930	UBTD2
HsVcPillar2a6	CCSBORF300	1	CCSBORF8190	3AT	2	86A>G	2157	NC_000009.12:34647091:A:G	CCSBVarC017963	ENSP00000368119.4:p.His29Arg	GALT	ENSG00000213930	UBTD2
HsVcPillar2a6	CCSBORF300	1	CCSBORF8190	3AT	2	910C>G	51	NC_000009.12:34649414:C:G	CCSBVarC018097	ENSP00000368119.4:p.Pro304Ala	GALT	ENSG00000213930	UBTD2
HsVcPillar2a6	CCSBORF300	1	CCSBORF8190	3AT	2	910C>T	23	NC_000009.12:34649414:C:T	CCSBVarC018099	ENSP00000368119.4:p.Pro304Ser	GALT	ENSG00000213930	UBTD2
HsVcPillar2a6	CCSBORF300	5	CCSBORF8190	3AT	2	REF	3314	NULL	NULL	NULL	GALT	ENSG00000213930	UBTD2
HsVcPillar2a6	CCSBORF300	5	CCSBORF8190	3AT	2	1018G>A	19	NC_000009.12:34649522:G:A	CCSBVarC007287	ENSP00000368119.4:p.Glu340Lys	GALT	ENSG00000213930	UBTD2
HsVcPillar2a6	CCSBORF300	5	CCSBORF8190	3AT	2	152G>A	21	NC_000009.12:34647157:G:A	CCSBVarC004977	ENSP00000368119.4:p.Arg51Gln	GALT	ENSG00000213930	UBTD2
HsVcPillar2a6	CCSBORF300	5	CCSBORF8190	3AT	2	152G>T	1159	NC_000009.12:34647157:G:T	CCSBVarC007151	ENSP00000368119.4:p.Arg51Leu	GALT	ENSG00000213930	UBTD2
HsVcPillar2a6	CCSBORF300	5	CCSBORF8190	3AT	2	163G>T	9578	NC_000009.12:34647168:G:T	CCSBVarC007153	ENSP00000368119.4:p.Gly55Cys	GALT	ENSG00000213930	UBTD2
HsVcPillar2a6	CCSBORF300	5	CCSBORF8190	3AT	2	184C>A	10674	NC_000009.12:34647189:C:A	CCSBVarC007154	ENSP00000368119.4:p.Leu62Met	GALT	ENSG00000213930	UBTD2
HsVcPillar2a6	CCSBORF300	5	CCSBORF8190	3AT	2	197C>A	15011	NC_000009.12:34647202:C:A	CCSBVarC007155	ENSP00000368119.4:p.Pro66His	GALT	ENSG00000213930	UBTD2
HsVcPillar2a6	CCSBORF300	5	CCSBORF8190	3AT	2	197C>T	4214	NC_000009.12:34647202:C:T	CCSBVarC007156	ENSP00000368119.4:p.Pro66Leu	GALT	ENSG00000213930	UBTD2
HsVcPillar2a6	CCSBORF300	5	CCSBORF8190	3AT	2	368G>A	208	NC_000009.12:34647695:G:A	CCSBVarC007172	ENSP00000368119.4:p.Arg123Gln	GALT	ENSG00000213930	UBTD2
HsVcPillar2a6	CCSBORF300	5	CCSBORF8190	3AT	2	379A>G	13	NC_000009.12:34647832:A:G	CCSBVarC007174	ENSP00000368119.4:p.Lys127Glu	GALT	ENSG00000213930	UBTD2
HsVcPillar2a6	CCSBORF300	5	CCSBORF8190	3AT	2	389G>A	15	NC_000009.12:34647842:G:A	CCSBVarC007178	ENSP00000368119.4:p.Cys130Tyr	GALT	ENSG00000213930	UBTD2
HsVcPillar2a6	CCSBORF300	5	CCSBORF8190	3AT	2	394C>T	13	NC_000009.12:34647847:C:T	CCSBVarC007180	ENSP00000368119.4:p.His132Tyr	GALT	ENSG00000213930	UBTD2
HsVcPillar2a6	CCSBORF300	5	CCSBORF8190	3AT	2	416T>C	10	NC_000009.12:34647869:T:C	CCSBVarC007185	ENSP00000368119.4:p.Leu139Pro	GALT	ENSG00000213930	UBTD2
HsVcPillar2a6	CCSBORF300	5	CCSBORF8190	3AT	2	502G>T	1	NC_000009.12:34647955:G:T	CCSBVarC004983	ENSP00000368119.4:p.Val168Leu	GALT	ENSG00000213930	UBTD2
HsVcPillar2a6	CCSBORF300	5	CCSBORF8190	3AT	2	568T>C	8	NC_000009.12:34648336:T:C	CCSBVarC007216	ENSP00000368119.4:p.Trp190Arg	GALT	ENSG00000213930	UBTD2
HsVcPillar2a6	CCSBORF300	5	CCSBORF8190	3AT	2	572C>T	5	NC_000009.12:34648340:C:T	CCSBVarC007217	ENSP00000368119.4:p.Ala191Val	GALT	ENSG00000213930	UBTD2
HsVcPillar2a6	CCSBORF300	5	CCSBORF8190	3AT	2	602G>A	18	NC_000009.12:34648370:G:A	CCSBVarC007223	ENSP00000368119.4:p.Arg201His	GALT	ENSG00000213930	UBTD2
HsVcPillar2a6	CCSBORF300	5	CCSBORF8190	3AT	2	626A>G	69	NC_000009.12:34648394:A:G	CCSBVarC004992	ENSP00000368119.4:p.Tyr209Cys	GALT	ENSG00000213930	UBTD2
HsVcPillar2a6	CCSBORF300	5	CCSBORF8190	3AT	2	667C>A	6	NC_000009.12:34648435:C:A	CCSBVarC004994	ENSP00000368119.4:p.Arg223Ser	GALT	ENSG00000213930	UBTD2
HsVcPillar2a6	CCSBORF300	5	CCSBORF8190	3AT	2	677T>C	6	NC_000009.12:34648445:T:C	CCSBVarC007232	ENSP00000368119.4:p.Leu226Pro	GALT	ENSG00000213930	UBTD2
HsVcPillar2a6	CCSBORF300	5	CCSBORF8190	3AT	2	756G>T	4	NC_000009.12:34648829:G:T	CCSBVarC007243	ENSP00000368119.4:p.Gln252His	GALT	ENSG00000213930	UBTD2
HsVcPillar2a6	CCSBORF300	5	CCSBORF8190	3AT	2	776G>A	38	NC_000009.12:34648849:G:A	CCSBVarC007246	ENSP00000368119.4:p.Arg259Gln	GALT	ENSG00000213930	UBTD2
HsVcPillar2a6	CCSBORF300	5	CCSBORF8190	3AT	2	815G>A	27	NC_000009.12:34648888:G:A	CCSBVarC000036	ENSP00000368119.4:p.Arg272His	GALT	ENSG00000213930	UBTD2
HsVcPillar2a6	CCSBORF300	5	CCSBORF8190	3AT	2	833T>A	6	NC_000009.12:34649009:T:A	CCSBVarC007253	ENSP00000368119.4:p.Ile278Asn	GALT	ENSG00000213930	UBTD2
HsVcPillar2a6	CCSBORF300	5	CCSBORF8190	3AT	2	855G>T	6	NC_000009.12:34649031:G:T	CCSBVarC007257	ENSP00000368119.4:p.Lys285Asn	GALT	ENSG00000213930	UBTD2
HsVcPillar2a6	CCSBORF300	5	CCSBORF8190	3AT	2	865C>T	5	NC_000009.12:34649041:C:T	CCSBVarC007260	ENSP00000368119.4:p.Leu289Phe	GALT	ENSG00000213930	UBTD2
HsVcPillar2a6	CCSBORF300	5	CCSBORF8190	3AT	2	866T>G	6	NC_000009.12:34649042:T:G	CCSBVarC007261	ENSP00000368119.4:p.Leu289Arg	GALT	ENSG00000213930	UBTD2
HsVcPillar2a6	CCSBORF300	5	CCSBORF8190	3AT	2	881T>A	3	NC_000009.12:34649057:T:A	CCSBVarC004997	ENSP00000368119.4:p.Phe294Tyr	GALT	ENSG00000213930	UBTD2
HsVcPillar2a6	CCSBORF300	5	CCSBORF8190	3AT	2	91C>A	922	NC_000009.12:34647096:C:A	CCSBVarC007142	ENSP00000368119.4:p.His31Asn	GALT	ENSG00000213930	UBTD2
HsVcPillar2a6	CCSBORF300	5	CCSBORF8190	3AT	2	922G>A	8	NC_000009.12:34649426:G:A	CCSBVarC007267	ENSP00000368119.4:p.Glu308Lys	GALT	ENSG00000213930	UBTD2
HsVcPillar2a6	CCSBORF300	5	CCSBORF8190	3AT	2	959C>T	7	NC_000009.12:34649463:C:T	CCSBVarC007271	ENSP00000368119.4:p.Ala320Val	GALT	ENSG00000213930	UBTD2
HsVcPillar2a6	CCSBORF300	5	CCSBORF8190	3AT	2	970C>T	10	NC_000009.12:34649474:C:T	CCSBVarC005000	ENSP00000368119.4:p.Pro324Ser	GALT	ENSG00000213930	UBTD2
HsVcPillar2a6	CCSBORF300	5	CCSBORF8190	3AT	2	980T>C	1547	NC_000009.12:34649484:T:C	CCSBVarC007276	ENSP00000368119.4:p.Leu327Pro	GALT	ENSG00000213930	UBTD2
HsVcPillar2a6	CCSBORF300	5	CCSBORF8190	3AT	2	997C>G	5645	NC_000009.12:34649501:C:G	CCSBVarC007281	ENSP00000368119.4:p.Arg333Gly	GALT	ENSG00000213930	UBTD2
HsVcPillar2a6	CCSBORF3689	2	CCSBORF54784	3AT	2	REF	11192	NULL	NULL	NULL	GCK	ENSG00000106633	GCKR
HsVcPillar2a6	CCSBORF3689	2	CCSBORF54784	3AT	2	1130G>A	2301	NC_000007.14:44145619:C:T	CCSBVarC006696	ENSP00000384247.3:p.Arg377His	GCK	ENSG00000106633	GCKR
HsVcPillar2a6	CCSBORF3689	2	CCSBORF54784	3AT	2	1133C>T	997	NC_000007.14:44145616:G:A	CCSBVarC006695	ENSP00000384247.3:p.Ala378Val	GCK	ENSG00000106633	GCKR
HsVcPillar2a6	CCSBORF3689	2	CCSBORF54784	3AT	2	1142T>G	66	NC_000007.14:44145607:A:C	CCSBVarC006698	ENSP00000384247.3:p.Met381Arg	GCK	ENSG00000106633	GCKR
HsVcPillar2a6	CCSBORF3689	2	CCSBORF54784	3AT	2	1153G>A	4543	NC_000007.14:44145596:C:T	CCSBVarC006697	ENSP00000384247.3:p.Gly385Arg	GCK	ENSG00000106633	GCKR
HsVcPillar2a6	CCSBORF3689	2	CCSBORF54784	3AT	2	1160C>A	370	NC_000007.14:44145589:G:T	CCSBVarC006699	ENSP00000384247.3:p.Ala387Glu	GCK	ENSG00000106633	GCKR
HsVcPillar2a6	CCSBORF3689	2	CCSBORF54784	3AT	2	131G>A	555	NC_000007.14:44153377:C:T	CCSBVarC006686	ENSP00000384247.3:p.Gly44Asp	GCK	ENSG00000106633	GCKR
HsVcPillar2a6	CCSBORF3689	2	CCSBORF54784	3AT	2	1367C>T	5	NC_000007.14:44145166:G:A	CCSBVarC006700	ENSP00000384247.3:p.Ala456Val	GCK	ENSG00000106633	GCKR
HsVcPillar2a6	CCSBORF3689	2	CCSBORF54784	3AT	2	1386G>T	3592	NC_000007.14:44145147:C:A	CCSBVarC021296	ENSP00000384247.3:p.Met462Ile	GCK	ENSG00000106633	GCKR
HsVcPillar2a6	CCSBORF3689	2	CCSBORF54784	3AT	2	523G>C	8617	NC_000007.14:44150024:C:G	CCSBVarC006688	ENSP00000384247.3:p.Gly175Arg	GCK	ENSG00000106633	GCKR
HsVcPillar2a6	CCSBORF3689	2	CCSBORF54784	3AT	2	532G>C	3569	NC_000007.14:44150015:C:G	CCSBVarC006687	ENSP00000384247.3:p.Gly178Arg	GCK	ENSG00000106633	GCKR
HsVcPillar2a6	CCSBORF3689	2	CCSBORF54784	3AT	2	57C>G	2638	NC_000007.14:44153451:G:C	CCSBVarC021109	ENSP00000384247.3:p.Ile19Met	GCK	ENSG00000106633	GCKR
HsVcPillar2a6	CCSBORF3689	2	CCSBORF54784	3AT	2	661G>A	6311	NC_000007.14:44149777:C:T	CCSBVarC006689	ENSP00000384247.3:p.Glu221Lys	GCK	ENSG00000106633	GCKR
HsVcPillar2a6	CCSBORF3689	2	CCSBORF54784	3AT	2	706G>A	126	NC_000007.14:44147806:C:T	CCSBVarC006690	ENSP00000384247.3:p.Glu236Lys	GCK	ENSG00000106633	GCKR
HsVcPillar2a6	CCSBORF3689	2	CCSBORF54784	3AT	2	752T>C	5657	NC_000007.14:44147760:A:G	CCSBVarC006691	ENSP00000384247.3:p.Met251Thr	GCK	ENSG00000106633	GCKR
HsVcPillar2a6	CCSBORF3689	2	CCSBORF54784	3AT	2	758T>C	3855	NC_000007.14:44147754:A:G	CCSBVarC006692	ENSP00000384247.3:p.Val253Ala	GCK	ENSG00000106633	GCKR
HsVcPillar2a6	CCSBORF3689	2	CCSBORF54784	3AT	2	775G>T	3217	NC_000007.14:44147737:C:A	CCSBVarC021172	ENSP00000384247.3:p.Ala259Ser	GCK	ENSG00000106633	GCKR
HsVcPillar2a6	CCSBORF3689	2	CCSBORF54784	3AT	2	895G>C	3104	NC_000007.14:44146586:C:G	CCSBVarC006694	ENSP00000384247.3:p.Gly299Arg	GCK	ENSG00000106633	GCKR
HsVcPillar2a6	CCSBORF3689	2	CCSBORF54784	3AT	2	907C>T	4022	NC_000007.14:44146574:G:A	CCSBVarC006693	ENSP00000384247.3:p.Arg303Trp	GCK	ENSG00000106633	GCKR
HsVcPillar2a6	CCSBORF5808	4	CCSBORF8297	3AT	2	REF	153204	NULL	NULL	NULL	HBB	ENSG00000244734	HBZ
HsVcPillar2a6	CCSBORF5808	4	CCSBORF8297	3AT	2	194G>C	250	NC_000011.10:5226697:C:G	CCSBVarC006222	ENSP00000333994.3:p.Gly65Ala	HBB	ENSG00000244734	HBZ
HsVcPillar2a6	CCSBORF5808	4	CCSBORF8297	3AT	2	238G>C	164	NC_000011.10:5226653:C:G	CCSBVarC006225	ENSP00000333994.3:p.Asp80His	HBB	ENSG00000244734	HBZ
HsVcPillar2a6	CCSBORF5808	4	CCSBORF8297	3AT	2	26A>C	16536	NC_000011.10:5226995:T:G	CCSBVarC006215	ENSP00000333994.3:p.Lys9Thr	HBB	ENSG00000244734	HBZ
HsVcPillar2a6	CCSBORF5808	4	CCSBORF8297	3AT	2	302C>G	100	NC_000011.10:5226589:G:C	CCSBVarC006230	ENSP00000333994.3:p.Pro101Arg	HBB	ENSG00000244734	HBZ
HsVcPillar2a6	CCSBORF5808	4	CCSBORF8297	3AT	2	312C>G	214	NC_000011.10:5226579:G:C	CCSBVarC000906	ENSP00000333994.3:p.Phe104Leu	HBB	ENSG00000244734	HBZ
HsVcPillar2a6	CCSBORF5808	4	CCSBORF8297	3AT	2	374C>A	296	NC_000011.10:5225667:G:T	CCSBVarC006235	ENSP00000333994.3:p.Pro125Gln	HBB	ENSG00000244734	HBZ
HsVcPillar2a6	CCSBORF5808	4	CCSBORF8297	3AT	2	410G>A	2489	NC_000011.10:5225631:C:T	CCSBVarC006240	ENSP00000333994.3:p.Gly137Asp	HBB	ENSG00000244734	HBZ
HsVcPillar2a6	CCSBORF5808	4	CCSBORF8297	3AT	2	44T>G	267	NC_000011.10:5226977:A:C	CCSBVarC006216	ENSP00000333994.3:p.Leu15Arg	HBB	ENSG00000244734	HBZ
HsVcPillar2a6	CCSBORF5808	4	CCSBORF8297	3AT	2	59A>G	1676	NC_000011.10:5226962:T:C	CCSBVarC006217	ENSP00000333994.3:p.Asn20Ser	HBB	ENSG00000244734	HBZ
HsVcPillar2a6	CCSBORF5808	4	CCSBORF8297	3AT	2	71T>A	37	NC_000011.10:5226950:A:T	CCSBVarC006219	ENSP00000333994.3:p.Val24Asp	HBB	ENSG00000244734	HBZ
HsVcPillar2a6	CCSBORF4765	2	CCSBORF12040	3AT	2	REF	4	NULL	NULL	NULL	ITGB2	ENSG00000160255	UPK1B
HsVcPillar2a6	CCSBORF4765	2	CCSBORF12040	3AT	2	1052A>G	0	NC_000021.9:44895001:T:C	CCSBVarC007537	ENSP00000498780.1:p.Asn351Ser	ITGB2	ENSG00000160255	UPK1B
HsVcPillar2a6	CCSBORF4765	2	CCSBORF12040	3AT	2	106T>A	0	NC_000021.9:44910324:A:T	CCSBVarC008417	ENSP00000498780.1:p.Cys36Ser	ITGB2	ENSG00000160255	UPK1B
HsVcPillar2a6	CCSBORF4765	2	CCSBORF12040	3AT	2	124G>T	0	NC_000021.9:44910306:C:A	CCSBVarC007549	ENSP00000498780.1:p.Gly42Cys	ITGB2	ENSG00000160255	UPK1B
HsVcPillar2a6	CCSBORF4765	2	CCSBORF12040	3AT	2	1777C>T	0	NC_000021.9:44889375:G:A	CCSBVarC003146	ENSP00000498780.1:p.Arg593Cys	ITGB2	ENSG00000160255	UPK1B
HsVcPillar2a6	CCSBORF4765	2	CCSBORF12040	3AT	2	1834T>C	0	NC_000021.9:44889318:A:G	CCSBVarC008409	ENSP00000498780.1:p.Cys612Arg	ITGB2	ENSG00000160255	UPK1B
HsVcPillar2a6	CCSBORF4765	2	CCSBORF12040	3AT	2	2146G>C	0	NC_000021.9:44886836:C:G	CCSBVarC009516	ENSP00000498780.1:p.Gly716Arg	ITGB2	ENSG00000160255	UPK1B
HsVcPillar2a6	CCSBORF4765	2	CCSBORF12040	3AT	2	2189G>A	0	NC_000021.9:44886793:C:T	CCSBVarC009510	ENSP00000498780.1:p.Ser730Asn	ITGB2	ENSG00000160255	UPK1B
HsVcPillar2a6	CCSBORF4765	2	CCSBORF12040	3AT	2	382G>A	0	NC_000021.9:44903481:C:T	CCSBVarC008428	ENSP00000498780.1:p.Asp128Asn	ITGB2	ENSG00000160255	UPK1B
HsVcPillar2a6	CCSBORF4765	2	CCSBORF12040	3AT	2	382G>T	0	NC_000021.9:44903481:C:A	CCSBVarC003144	ENSP00000498780.1:p.Asp128Tyr	ITGB2	ENSG00000160255	UPK1B
HsVcPillar2a6	CCSBORF4765	2	CCSBORF12040	3AT	2	449G>A	0	NC_000021.9:44903414:C:T	CCSBVarC008419	ENSP00000498780.1:p.Gly150Asp	ITGB2	ENSG00000160255	UPK1B
HsVcPillar2a6	CCSBORF4765	2	CCSBORF12040	3AT	2	505G>A	0	NC_000021.9:44901727:C:T	CCSBVarC007546	ENSP00000498780.1:p.Gly169Arg	ITGB2	ENSG00000160255	UPK1B
HsVcPillar2a6	CCSBORF4765	2	CCSBORF12040	3AT	2	587A>C	0	NC_000021.9:44901645:T:G	CCSBVarC007544	ENSP00000498780.1:p.Lys196Thr	ITGB2	ENSG00000160255	UPK1B
HsVcPillar2a6	CCSBORF4765	2	CCSBORF12040	3AT	2	691G>C	1	NC_000021.9:44901541:C:G	CCSBVarC008405	ENSP00000498780.1:p.Asp231His	ITGB2	ENSG00000160255	UPK1B
HsVcPillar2a6	CCSBORF4765	2	CCSBORF12040	3AT	2	712G>A	0	NC_000021.9:44901520:C:T	CCSBVarC008421	ENSP00000498780.1:p.Asp238Asn	ITGB2	ENSG00000160255	UPK1B
HsVcPillar2a6	CCSBORF4765	2	CCSBORF12040	3AT	2	715G>A	0	NC_000021.9:44901517:C:T	CCSBVarC007541	ENSP00000498780.1:p.Ala239Thr	ITGB2	ENSG00000160255	UPK1B
HsVcPillar2a6	CCSBORF4765	2	CCSBORF12040	3AT	2	754T>C	0	NC_000021.9:44900462:A:G	CCSBVarC008394	ENSP00000498780.1:p.Trp252Arg	ITGB2	ENSG00000160255	UPK1B
HsVcPillar2a6	CCSBORF4765	2	CCSBORF12040	3AT	2	817G>A	0	NC_000021.9:44900399:C:T	CCSBVarC000702	ENSP00000498780.1:p.Gly273Arg	ITGB2	ENSG00000160255	UPK1B
HsVcPillar2a6	CCSBORF4765	2	CCSBORF12040	3AT	2	905C>T	0	NC_000021.9:44899154:G:A	CCSBVarC008423	ENSP00000498780.1:p.Pro302Leu	ITGB2	ENSG00000160255	UPK1B
HsVcPillar2a6	CCSBORF100016069	2	CCSBORF6281	3AT	2	REF	11523	NULL	NULL	NULL	KCNJ2	ENSG00000123700	KCNJ15
HsVcPillar2a6	CCSBORF100016069	2	CCSBORF6281	3AT	2	1045G>A	760	NC_000017.11:70176083:G:A	CCSBVarC008354	ENSP00000243457.2:p.Glu349Lys	KCNJ2	ENSG00000123700	KCNJ15
HsVcPillar2a6	CCSBORF100016069	2	CCSBORF6281	3AT	2	1091A>G	72	NC_000017.11:70176129:A:G	CCSBVarC008355	ENSP00000243457.2:p.Lys364Arg	KCNJ2	ENSG00000123700	KCNJ15
HsVcPillar2a6	CCSBORF100016069	2	CCSBORF6281	3AT	2	1199C>T	44	NC_000017.11:70176237:C:T	CCSBVarC008356	ENSP00000243457.2:p.Thr400Met	KCNJ2	ENSG00000123700	KCNJ15
HsVcPillar2a6	CCSBORF100016069	2	CCSBORF6281	3AT	2	119G>C	19	NC_000017.11:70175157:G:C	CCSBVarC008309	ENSP00000243457.2:p.Arg40Pro	KCNJ2	ENSG00000123700	KCNJ15
HsVcPillar2a6	CCSBORF100016069	2	CCSBORF6281	3AT	2	1259C>T	10	NC_000017.11:70176297:C:T	CCSBVarC008359	ENSP00000243457.2:p.Pro420Leu	KCNJ2	ENSG00000123700	KCNJ15
HsVcPillar2a6	CCSBORF100016069	2	CCSBORF6281	3AT	2	199C>T	55	NC_000017.11:70175237:C:T	CCSBVarC008311	ENSP00000243457.2:p.Arg67Trp	KCNJ2	ENSG00000123700	KCNJ15
HsVcPillar2a6	CCSBORF100016069	2	CCSBORF6281	3AT	2	211G>A	38	NC_000017.11:70175249:G:A	CCSBVarC008315	ENSP00000243457.2:p.Asp71Asn	KCNJ2	ENSG00000123700	KCNJ15
HsVcPillar2a6	CCSBORF100016069	2	CCSBORF6281	3AT	2	212A>T	8	NC_000017.11:70175250:A:T	CCSBVarC008317	ENSP00000243457.2:p.Asp71Val	KCNJ2	ENSG00000123700	KCNJ15
HsVcPillar2a6	CCSBORF100016069	2	CCSBORF6281	3AT	2	224C>G	4	NC_000017.11:70175262:C:G	CCSBVarC008318	ENSP00000243457.2:p.Thr75Arg	KCNJ2	ENSG00000123700	KCNJ15
HsVcPillar2a6	CCSBORF100016069	2	CCSBORF6281	3AT	2	224C>T	14	NC_000017.11:70175262:C:T	CCSBVarC008319	ENSP00000243457.2:p.Thr75Met	KCNJ2	ENSG00000123700	KCNJ15
HsVcPillar2a6	CCSBORF100016069	2	CCSBORF6281	3AT	2	236T>C	6	NC_000017.11:70175274:T:C	CCSBVarC008322	ENSP00000243457.2:p.Ile79Thr	KCNJ2	ENSG00000123700	KCNJ15
HsVcPillar2a6	CCSBORF100016069	2	CCSBORF6281	3AT	2	245G>A	20	NC_000017.11:70175283:G:A	CCSBVarC008323	ENSP00000243457.2:p.Arg82Gln	KCNJ2	ENSG00000123700	KCNJ15
HsVcPillar2a6	CCSBORF100016069	2	CCSBORF6281	3AT	2	328C>T	27	NC_000017.11:70175366:C:T	CCSBVarC008326	ENSP00000243457.2:p.His110Tyr	KCNJ2	ENSG00000123700	KCNJ15
HsVcPillar2a6	CCSBORF100016069	2	CCSBORF6281	3AT	2	344C>T	40	NC_000017.11:70175382:C:T	CCSBVarC008327	ENSP00000243457.2:p.Ala115Val	KCNJ2	ENSG00000123700	KCNJ15
HsVcPillar2a6	CCSBORF100016069	2	CCSBORF6281	3AT	2	416C>T	39	NC_000017.11:70175454:C:T	CCSBVarC008328	ENSP00000243457.2:p.Thr139Ile	KCNJ2	ENSG00000123700	KCNJ15
HsVcPillar2a6	CCSBORF100016069	2	CCSBORF6281	3AT	2	425C>T	41181	NC_000017.11:70175463:C:T	CCSBVarC035507	ENSP00000243457.2:p.Thr142Ile	KCNJ2	ENSG00000123700	KCNJ15
HsVcPillar2a6	CCSBORF100016069	2	CCSBORF6281	3AT	2	514G>A	89	NC_000017.11:70175552:G:A	CCSBVarC008329	ENSP00000243457.2:p.Asp172Asn	KCNJ2	ENSG00000123700	KCNJ15
HsVcPillar2a6	CCSBORF100016069	2	CCSBORF6281	3AT	2	565A>G	16	NC_000017.11:70175603:A:G	CCSBVarC008331	ENSP00000243457.2:p.Arg189Gly	KCNJ2	ENSG00000123700	KCNJ15
HsVcPillar2a6	CCSBORF100016069	2	CCSBORF6281	3AT	2	644G>A	39	NC_000017.11:70175682:G:A	CCSBVarC008335	ENSP00000243457.2:p.Gly215Asp	KCNJ2	ENSG00000123700	KCNJ15
HsVcPillar2a6	CCSBORF100016069	2	CCSBORF6281	3AT	2	821A>T	17	NC_000017.11:70175859:A:T	CCSBVarC008340	ENSP00000243457.2:p.Asp274Val	KCNJ2	ENSG00000123700	KCNJ15
HsVcPillar2a6	CCSBORF100016069	2	CCSBORF6281	3AT	2	884T>C	32	NC_000017.11:70175922:T:C	CCSBVarC008341	ENSP00000243457.2:p.Val295Ala	KCNJ2	ENSG00000123700	KCNJ15
HsVcPillar2a6	CCSBORF100016069	2	CCSBORF6281	3AT	2	896A>T	9	NC_000017.11:70175934:A:T	CCSBVarC008342	ENSP00000243457.2:p.Glu299Val	KCNJ2	ENSG00000123700	KCNJ15
HsVcPillar2a6	CCSBORF100016069	2	CCSBORF6281	3AT	2	899G>A	22	NC_000017.11:70175937:G:A	CCSBVarC008343	ENSP00000243457.2:p.Gly300Asp	KCNJ2	ENSG00000123700	KCNJ15
HsVcPillar2a6	CCSBORF100016069	2	CCSBORF6281	3AT	2	899G>T	41	NC_000017.11:70175937:G:T	CCSBVarC008344	ENSP00000243457.2:p.Gly300Val	KCNJ2	ENSG00000123700	KCNJ15
HsVcPillar2a6	CCSBORF100016069	2	CCSBORF6281	3AT	2	901A>C	465	NC_000017.11:70175939:A:C	CCSBVarC008345	ENSP00000243457.2:p.Met301Leu	KCNJ2	ENSG00000123700	KCNJ15
HsVcPillar2a6	CCSBORF100016069	2	CCSBORF6281	3AT	2	904G>A	7	NC_000017.11:70175942:G:A	CCSBVarC008348	ENSP00000243457.2:p.Val302Met	KCNJ2	ENSG00000123700	KCNJ15
HsVcPillar2a6	CCSBORF100016069	2	CCSBORF6281	3AT	2	935G>A	57	NC_000017.11:70175973:G:A	CCSBVarC008349	ENSP00000243457.2:p.Arg312His	KCNJ2	ENSG00000123700	KCNJ15
HsVcPillar2a6	CCSBORF100016069	2	CCSBORF6281	3AT	2	966G>C	9	NC_000017.11:70176004:G:C	CCSBVarC008351	ENSP00000243457.2:p.Trp322Cys	KCNJ2	ENSG00000123700	KCNJ15
HsVcPillar2a6	CCSBORF359	2	CCSBORF5539	3AT	2	REF	9352	NULL	NULL	NULL	CBS	ENSG00000160200	ZMYM5
HsVcPillar2a6	CCSBORF359	2	CCSBORF5539	3AT	2	1006C>T	13	NC_000021.9:43062343:G:A	CCSBVarC007317	ENSP00000381231.4:p.Arg336Cys	CBS	ENSG00000160200	ZMYM5
HsVcPillar2a6	CCSBORF359	2	CCSBORF5539	3AT	2	1039G>A	329	NC_000021.9:43062310:C:T	CCSBVarC007313	ENSP00000381231.4:p.Gly347Ser	CBS	ENSG00000160200	ZMYM5
HsVcPillar2a6	CCSBORF359	2	CCSBORF5539	3AT	2	1109G>A	102	NC_000021.9:43060476:C:T	CCSBVarC007309	ENSP00000381231.4:p.Cys370Tyr	CBS	ENSG00000160200	ZMYM5
HsVcPillar2a6	CCSBORF359	2	CCSBORF5539	3AT	2	1135C>T	607	NC_000021.9:43060450:G:A	CCSBVarC007307	ENSP00000381231.4:p.Arg379Trp	CBS	ENSG00000160200	ZMYM5
HsVcPillar2a6	CCSBORF359	2	CCSBORF5539	3AT	2	1280C>T	3840	NC_000021.9:43058911:G:A	CCSBVarC007303	ENSP00000381231.4:p.Pro427Leu	CBS	ENSG00000160200	ZMYM5
HsVcPillar2a6	CCSBORF359	2	CCSBORF5539	3AT	2	1367T>C	35	NC_000021.9:43058244:A:G	CCSBVarC000045	ENSP00000381231.4:p.Leu456Pro	CBS	ENSG00000160200	ZMYM5
HsVcPillar2a6	CCSBORF359	2	CCSBORF5539	3AT	2	233C>G	187	NC_000021.9:43068591:G:C	CCSBVarC007359	ENSP00000381231.4:p.Pro78Arg	CBS	ENSG00000160200	ZMYM5
HsVcPillar2a6	CCSBORF359	2	CCSBORF5539	3AT	2	262C>T	11	NC_000021.9:43068562:G:A	CCSBVarC008708	ENSP00000381231.4:p.Pro88Ser	CBS	ENSG00000160200	ZMYM5
HsVcPillar2a6	CCSBORF359	2	CCSBORF5539	3AT	2	302T>C	22	NC_000021.9:43068522:A:G	CCSBVarC007354	ENSP00000381231.4:p.Leu101Pro	CBS	ENSG00000160200	ZMYM5
HsVcPillar2a6	CCSBORF359	2	CCSBORF5539	3AT	2	304A>C	9	NC_000021.9:43068520:T:G	CCSBVarC008671	ENSP00000381231.4:p.Lys102Gln	CBS	ENSG00000160200	ZMYM5
HsVcPillar2a6	CCSBORF359	2	CCSBORF5539	3AT	2	325T>C	38	NC_000021.9:43066368:A:G	CCSBVarC007352	ENSP00000381231.4:p.Cys109Arg	CBS	ENSG00000160200	ZMYM5
HsVcPillar2a6	CCSBORF359	2	CCSBORF5539	3AT	2	346G>A	74	NC_000021.9:43066347:C:T	CCSBVarC007349	ENSP00000381231.4:p.Gly116Arg	CBS	ENSG00000160200	ZMYM5
HsVcPillar2a6	CCSBORF359	2	CCSBORF5539	3AT	2	362G>A	63	NC_000021.9:43066331:C:T	CCSBVarC007346	ENSP00000381231.4:p.Arg121His	CBS	ENSG00000160200	ZMYM5
HsVcPillar2a6	CCSBORF359	2	CCSBORF5539	3AT	2	373C>T	7	NC_000021.9:43066320:G:A	CCSBVarC008722	ENSP00000381231.4:p.Arg125Trp	CBS	ENSG00000160200	ZMYM5
HsVcPillar2a6	CCSBORF359	2	CCSBORF5539	3AT	2	429C>G	39	NC_000021.9:43066264:G:C	CCSBVarC008694	ENSP00000381231.4:p.Ile143Met	CBS	ENSG00000160200	ZMYM5
HsVcPillar2a6	CCSBORF359	2	CCSBORF5539	3AT	2	434C>T	14	NC_000021.9:43066259:G:A	CCSBVarC007339	ENSP00000381231.4:p.Pro145Leu	CBS	ENSG00000160200	ZMYM5
HsVcPillar2a6	CCSBORF359	2	CCSBORF5539	3AT	2	461T>A	14	NC_000021.9:43065685:A:T	CCSBVarC000043	ENSP00000381231.4:p.Leu154Gln	CBS	ENSG00000160200	ZMYM5
HsVcPillar2a6	CCSBORF359	2	CCSBORF5539	3AT	2	572C>T	68	NC_000021.9:43065480:G:A	CCSBVarC007333	ENSP00000381231.4:p.Thr191Met	CBS	ENSG00000160200	ZMYM5
HsVcPillar2a6	CCSBORF359	2	CCSBORF5539	3AT	2	684C>A	271	NC_000021.9:43065254:G:T	CCSBVarC008700	ENSP00000381231.4:p.Asn228Lys	CBS	ENSG00000160200	ZMYM5
HsVcPillar2a6	CCSBORF359	2	CCSBORF5539	3AT	2	785C>T	31	NC_000021.9:43063942:G:A	CCSBVarC007325	ENSP00000381231.4:p.Thr262Met	CBS	ENSG00000160200	ZMYM5
HsVcPillar2a6	CCSBORF359	2	CCSBORF5539	3AT	2	919G>A	85	NC_000021.9:43062987:C:T	CCSBVarC007321	ENSP00000381231.4:p.Gly307Ser	CBS	ENSG00000160200	ZMYM5
HsVcPillar2a6	CCSBORF359	2	CCSBORF5539	3AT	2	941T>C	15	NC_000021.9:43062965:A:G	CCSBVarC008704	ENSP00000381231.4:p.Val314Ala	CBS	ENSG00000160200	ZMYM5
HsVcPillar2a6	CCSBORF359	4	CCSBORF0	3AT	2	REF	0	NULL	NULL	NULL	CBS	ENSG00000160200	empty_AD
HsVcPillar2a6	CCSBORF359	4	CCSBORF0	3AT	2	1009A>C	0	NC_000021.9:43062340:T:G	CCSBVarC007315	ENSP00000381231.4:p.Met337Leu	CBS	ENSG00000160200	empty_AD
HsVcPillar2a6	CCSBORF359	4	CCSBORF0	3AT	2	1009A>G	0	NC_000021.9:43062340:T:C	CCSBVarC007314	ENSP00000381231.4:p.Met337Val	CBS	ENSG00000160200	empty_AD
HsVcPillar2a6	CCSBORF359	4	CCSBORF0	3AT	2	1072G>A	0	NC_000021.9:43060513:C:T	CCSBVarC007310	ENSP00000381231.4:p.Val358Met	CBS	ENSG00000160200	empty_AD
HsVcPillar2a6	CCSBORF359	4	CCSBORF0	3AT	2	1208C>T	0	NC_000021.9:43059240:G:A	CCSBVarC007305	ENSP00000381231.4:p.Thr403Met	CBS	ENSG00000160200	empty_AD
HsVcPillar2a6	CCSBORF359	4	CCSBORF0	3AT	2	134G>A	0	NC_000021.9:43072059:C:T	CCSBVarC007363	ENSP00000381231.4:p.Arg45Gln	CBS	ENSG00000160200	empty_AD
HsVcPillar2a6	CCSBORF359	4	CCSBORF0	3AT	2	1357G>T	0	NC_000021.9:43058834:C:A	CCSBVarC007300	ENSP00000381231.4:p.Gly453Trp	CBS	ENSG00000160200	empty_AD
HsVcPillar2a6	CCSBORF359	4	CCSBORF0	3AT	2	1397C>T	0	NC_000021.9:43058214:G:A	CCSBVarC007298	ENSP00000381231.4:p.Ser466Leu	CBS	ENSG00000160200	empty_AD
HsVcPillar2a6	CCSBORF359	4	CCSBORF0	3AT	2	1436T>C	0	NC_000021.9:43058175:A:G	CCSBVarC007296	ENSP00000381231.4:p.Val479Ala	CBS	ENSG00000160200	empty_AD
HsVcPillar2a6	CCSBORF359	4	CCSBORF0	3AT	2	152G>A	0	NC_000021.9:43072041:C:T	CCSBVarC007362	ENSP00000381231.4:p.Arg51Lys	CBS	ENSG00000160200	empty_AD
HsVcPillar2a6	CCSBORF359	4	CCSBORF0	3AT	2	301C>G	0	NC_000021.9:43068523:G:C	CCSBVarC007355	ENSP00000381231.4:p.Leu101Val	CBS	ENSG00000160200	empty_AD
HsVcPillar2a6	CCSBORF359	4	CCSBORF0	3AT	2	34C>T	0	NC_000021.9:43072159:G:A	CCSBVarC007368	ENSP00000381231.4:p.Pro12Ser	CBS	ENSG00000160200	empty_AD
HsVcPillar2a6	CCSBORF359	4	CCSBORF0	3AT	2	352G>A	0	NC_000021.9:43066341:C:T	CCSBVarC007348	ENSP00000381231.4:p.Val118Met	CBS	ENSG00000160200	empty_AD
HsVcPillar2a6	CCSBORF359	4	CCSBORF0	3AT	2	395G>A	0	NC_000021.9:43066298:C:T	CCSBVarC007344	ENSP00000381231.4:p.Arg132His	CBS	ENSG00000160200	empty_AD
HsVcPillar2a6	CCSBORF359	4	CCSBORF0	3AT	2	397G>A	0	NC_000021.9:43066296:C:T	CCSBVarC007343	ENSP00000381231.4:p.Asp133Asn	CBS	ENSG00000160200	empty_AD
HsVcPillar2a6	CCSBORF359	4	CCSBORF0	3AT	2	400G>A	0	NC_000021.9:43066293:C:T	CCSBVarC007342	ENSP00000381231.4:p.Gly134Arg	CBS	ENSG00000160200	empty_AD
HsVcPillar2a6	CCSBORF359	4	CCSBORF0	3AT	2	469G>A	0	NC_000021.9:43065677:C:T	CCSBVarC007337	ENSP00000381231.4:p.Ala157Thr	CBS	ENSG00000160200	empty_AD
HsVcPillar2a6	CCSBORF359	4	CCSBORF0	3AT	2	502G>A	0	NC_000021.9:43065644:C:T	CCSBVarC007336	ENSP00000381231.4:p.Val168Met	CBS	ENSG00000160200	empty_AD
HsVcPillar2a6	CCSBORF359	4	CCSBORF0	3AT	2	531G>C	0	NC_000021.9:43065615:C:G	CCSBVarC007335	ENSP00000381231.4:p.Lys177Asn	CBS	ENSG00000160200	empty_AD
HsVcPillar2a6	CCSBORF359	4	CCSBORF0	3AT	2	532G>A	0	NC_000021.9:43065520:C:T	CCSBVarC007334	ENSP00000381231.4:p.Val178Met	CBS	ENSG00000160200	empty_AD
HsVcPillar2a6	CCSBORF359	4	CCSBORF0	3AT	2	616G>A	0	NC_000021.9:43065436:C:T	CCSBVarC007332	ENSP00000381231.4:p.Val206Met	CBS	ENSG00000160200	empty_AD
HsVcPillar2a6	CCSBORF359	4	CCSBORF0	3AT	2	636C>G	0	NC_000021.9:43065416:G:C	CCSBVarC007330	ENSP00000381231.4:p.Asn212Lys	CBS	ENSG00000160200	empty_AD
HsVcPillar2a6	CCSBORF359	4	CCSBORF0	3AT	2	670C>T	0	NC_000021.9:43065268:G:A	CCSBVarC007329	ENSP00000381231.4:p.Arg224Cys	CBS	ENSG00000160200	empty_AD
HsVcPillar2a6	CCSBORF359	4	CCSBORF0	3AT	2	844C>T	0	NC_000021.9:43063062:G:A	CCSBVarC007323	ENSP00000381231.4:p.Pro282Ser	CBS	ENSG00000160200	empty_AD
HsVcPillar2a6	CCSBORF359	4	CCSBORF0	3AT	2	992C>T	0	NC_000021.9:43062357:G:A	CCSBVarC007318	ENSP00000381231.4:p.Ala331Val	CBS	ENSG00000160200	empty_AD
HsVcPillar2a6	CCSBORF12573	4	CCSBORF0	3AT	2	REF	3	NULL	NULL	NULL	DES	ENSG00000175084	empty_AD
HsVcPillar2a6	CCSBORF12573	4	CCSBORF0	3AT	2	1009G>A	0	NC_000002.12:219420938:G:A	CCSBVarC007850	ENSP00000363071.3:p.Ala337Thr	DES	ENSG00000175084	empty_AD
HsVcPillar2a6	CCSBORF12573	4	CCSBORF0	3AT	2	1009G>C	0	NC_000002.12:219420938:G:C	CCSBVarC006506	ENSP00000363071.3:p.Ala337Pro	DES	ENSG00000175084	empty_AD
HsVcPillar2a6	CCSBORF12573	4	CCSBORF0	3AT	2	1013T>G	0	NC_000002.12:219420942:T:G	CCSBVarC007852	ENSP00000363071.3:p.Leu338Arg	DES	ENSG00000175084	empty_AD
HsVcPillar2a6	CCSBORF12573	4	CCSBORF0	3AT	2	1024A>G	0	NC_000002.12:219421339:A:G	CCSBVarC007853	ENSP00000363071.3:p.Asn342Asp	DES	ENSG00000175084	empty_AD
HsVcPillar2a6	CCSBORF12573	4	CCSBORF0	3AT	2	1030T>C	0	NC_000002.12:219421345:T:C	CCSBVarC007855	ENSP00000363071.3:p.Ser344Pro	DES	ENSG00000175084	empty_AD
HsVcPillar2a6	CCSBORF12573	4	CCSBORF0	3AT	2	1049G>C	0	NC_000002.12:219421364:G:C	CCSBVarC007860	ENSP00000363071.3:p.Arg350Pro	DES	ENSG00000175084	empty_AD
HsVcPillar2a6	CCSBORF12573	4	CCSBORF0	3AT	2	109C>T	0	NC_000002.12:219418570:C:T	CCSBVarC007790	ENSP00000363071.3:p.Arg37Trp	DES	ENSG00000175084	empty_AD
HsVcPillar2a6	CCSBORF12573	4	CCSBORF0	3AT	2	1154T>C	0	NC_000002.12:219421469:T:C	CCSBVarC007866	ENSP00000363071.3:p.Leu385Pro	DES	ENSG00000175084	empty_AD
HsVcPillar2a6	CCSBORF12573	4	CCSBORF0	3AT	2	1178A>T	0	NC_000002.12:219421493:A:T	CCSBVarC007871	ENSP00000363071.3:p.Asn393Ile	DES	ENSG00000175084	empty_AD
HsVcPillar2a6	CCSBORF12573	4	CCSBORF0	3AT	2	1216C>T	0	NC_000002.12:219421531:C:T	CCSBVarC006507	ENSP00000363071.3:p.Arg406Trp	DES	ENSG00000175084	empty_AD
HsVcPillar2a6	CCSBORF12573	4	CCSBORF0	3AT	2	1217G>A	0	NC_000002.12:219421532:G:A	CCSBVarC007875	ENSP00000363071.3:p.Arg406Gln	DES	ENSG00000175084	empty_AD
HsVcPillar2a6	CCSBORF12573	4	CCSBORF0	3AT	2	1358C>T	0	NC_000002.12:219425731:C:T	CCSBVarC007888	ENSP00000363071.3:p.Thr453Ile	DES	ENSG00000175084	empty_AD
HsVcPillar2a6	CCSBORF12573	4	CCSBORF0	3AT	2	137C>A	0	NC_000002.12:219418598:C:A	CCSBVarC006502	ENSP00000363071.3:p.Ser46Tyr	DES	ENSG00000175084	empty_AD
HsVcPillar2a6	CCSBORF12573	4	CCSBORF0	3AT	2	1405G>A	0	NC_000002.12:219425981:G:A	CCSBVarC006510	ENSP00000363071.3:p.Val469Met	DES	ENSG00000175084	empty_AD
HsVcPillar2a6	CCSBORF12573	4	CCSBORF0	3AT	2	184G>A	0	NC_000002.12:219418645:G:A	CCSBVarC007796	ENSP00000363071.3:p.Gly62Arg	DES	ENSG00000175084	empty_AD
HsVcPillar2a6	CCSBORF12573	4	CCSBORF0	3AT	2	25C>G	0	NC_000002.12:219418486:C:G	CCSBVarC007781	ENSP00000363071.3:p.Gln9Glu	DES	ENSG00000175084	empty_AD
HsVcPillar2a6	CCSBORF12573	4	CCSBORF0	3AT	2	295C>G	0	NC_000002.12:219418756:C:G	CCSBVarC007803	ENSP00000363071.3:p.Gln99Glu	DES	ENSG00000175084	empty_AD
HsVcPillar2a6	CCSBORF12573	4	CCSBORF0	3AT	2	299A>C	0	NC_000002.12:219418760:A:C	CCSBVarC007804	ENSP00000363071.3:p.Glu100Ala	DES	ENSG00000175084	empty_AD
HsVcPillar2a6	CCSBORF12573	4	CCSBORF0	3AT	2	358G>C	0	NC_000002.12:219418819:G:C	CCSBVarC007807	ENSP00000363071.3:p.Ala120Pro	DES	ENSG00000175084	empty_AD
HsVcPillar2a6	CCSBORF12573	4	CCSBORF0	3AT	2	364T>G	0	NC_000002.12:219418825:T:G	CCSBVarC007808	ENSP00000363071.3:p.Tyr122Asp	DES	ENSG00000175084	empty_AD
HsVcPillar2a6	CCSBORF12573	4	CCSBORF0	3AT	2	380G>C	0	NC_000002.12:219418841:G:C	CCSBVarC007810	ENSP00000363071.3:p.Arg127Pro	DES	ENSG00000175084	empty_AD
HsVcPillar2a6	CCSBORF12573	4	CCSBORF0	3AT	2	415G>A	0	NC_000002.12:219418876:G:A	CCSBVarC007815	ENSP00000363071.3:p.Glu139Lys	DES	ENSG00000175084	empty_AD
HsVcPillar2a6	CCSBORF12573	4	CCSBORF0	3AT	2	524G>A	0	NC_000002.12:219418985:G:A	CCSBVarC007818	ENSP00000363071.3:p.Arg175His	DES	ENSG00000175084	empty_AD
HsVcPillar2a6	CCSBORF12573	4	CCSBORF0	3AT	2	643G>A	0	NC_000002.12:219420253:G:A	CCSBVarC007826	ENSP00000363071.3:p.Val215Met	DES	ENSG00000175084	empty_AD
HsVcPillar2a6	CCSBORF12573	4	CCSBORF0	3AT	2	700G>A	0	NC_000002.12:219420310:G:A	CCSBVarC007831	ENSP00000363071.3:p.Glu234Lys	DES	ENSG00000175084	empty_AD
HsVcPillar2a6	CCSBORF12573	4	CCSBORF0	3AT	2	725T>A	0	NC_000002.12:219420335:T:A	CCSBVarC007833	ENSP00000363071.3:p.Val242Glu	DES	ENSG00000175084	empty_AD
HsVcPillar2a6	CCSBORF12573	4	CCSBORF0	3AT	2	735G>C	0	NC_000002.12:219420345:G:C	CCSBVarC007835	ENSP00000363071.3:p.Glu245Asp	DES	ENSG00000175084	empty_AD
HsVcPillar2a6	CCSBORF12573	4	CCSBORF0	3AT	2	743G>A	0	NC_000002.12:219420501:G:A	CCSBVarC007836	ENSP00000363071.3:p.Arg248His	DES	ENSG00000175084	empty_AD
HsVcPillar2a6	CCSBORF12573	4	CCSBORF0	3AT	2	77T>A	0	NC_000002.12:219418538:T:A	CCSBVarC007786	ENSP00000363071.3:p.Leu26His	DES	ENSG00000175084	empty_AD
HsVcPillar2a6	CCSBORF12573	4	CCSBORF0	3AT	2	821T>C	0	NC_000002.12:219420579:T:C	CCSBVarC006504	ENSP00000363071.3:p.Leu274Pro	DES	ENSG00000175084	empty_AD
HsVcPillar2a6	CCSBORF12573	4	CCSBORF0	3AT	2	833G>C	0	NC_000002.12:219420591:G:C	CCSBVarC007839	ENSP00000363071.3:p.Arg278Pro	DES	ENSG00000175084	empty_AD
HsVcPillar2a6	CCSBORF300	1	CCSBORF0	3AT	2	REF	1	NULL	NULL	NULL	GALT	ENSG00000213930	empty_AD
HsVcPillar2a6	CCSBORF300	1	CCSBORF0	3AT	2	1049C>A	0	NC_000009.12:34649553:C:A	CCSBVarC017363	ENSP00000368119.4:p.Thr350Asn	GALT	ENSG00000213930	empty_AD
HsVcPillar2a6	CCSBORF300	1	CCSBORF0	3AT	2	1135G>A	0	NC_000009.12:34650443:G:A	CCSBVarC017364	ENSP00000368119.4:p.Ala379Thr	GALT	ENSG00000213930	empty_AD
HsVcPillar2a6	CCSBORF300	1	CCSBORF0	3AT	2	142C>A	0	NC_000009.12:34647147:C:A	CCSBVarC017965	ENSP00000368119.4:p.Arg48Ser	GALT	ENSG00000213930	empty_AD
HsVcPillar2a6	CCSBORF300	1	CCSBORF0	3AT	2	211C>T	0	NC_000009.12:34647216:C:T	CCSBVarC017967	ENSP00000368119.4:p.Leu71Phe	GALT	ENSG00000213930	empty_AD
HsVcPillar2a6	CCSBORF300	1	CCSBORF0	3AT	2	241G>C	0	NC_000009.12:34647246:G:C	CCSBVarC017970	ENSP00000368119.4:p.Ala81Pro	GALT	ENSG00000213930	empty_AD
HsVcPillar2a6	CCSBORF300	1	CCSBORF0	3AT	2	382G>A	0	NC_000009.12:34647835:G:A	CCSBVarC017977	ENSP00000368119.4:p.Val128Ile	GALT	ENSG00000213930	empty_AD
HsVcPillar2a6	CCSBORF300	1	CCSBORF0	3AT	2	533T>G	0	NC_000009.12:34648139:T:G	CCSBVarC018002	ENSP00000368119.4:p.Met178Arg	GALT	ENSG00000213930	empty_AD
HsVcPillar2a6	CCSBORF300	1	CCSBORF0	3AT	2	617A>G	0	NC_000009.12:34648385:A:G	CCSBVarC018039	ENSP00000368119.4:p.Gln206Arg	GALT	ENSG00000213930	empty_AD
HsVcPillar2a6	CCSBORF300	1	CCSBORF0	3AT	2	86A>G	0	NC_000009.12:34647091:A:G	CCSBVarC017963	ENSP00000368119.4:p.His29Arg	GALT	ENSG00000213930	empty_AD
HsVcPillar2a6	CCSBORF300	1	CCSBORF0	3AT	2	910C>G	0	NC_000009.12:34649414:C:G	CCSBVarC018097	ENSP00000368119.4:p.Pro304Ala	GALT	ENSG00000213930	empty_AD
HsVcPillar2a6	CCSBORF300	1	CCSBORF0	3AT	2	910C>T	0	NC_000009.12:34649414:C:T	CCSBVarC018099	ENSP00000368119.4:p.Pro304Ser	GALT	ENSG00000213930	empty_AD
HsVcPillar2a6	CCSBORF300	5	CCSBORF0	3AT	2	REF	24	NULL	NULL	NULL	GALT	ENSG00000213930	empty_AD
HsVcPillar2a6	CCSBORF300	5	CCSBORF0	3AT	2	1018G>A	0	NC_000009.12:34649522:G:A	CCSBVarC007287	ENSP00000368119.4:p.Glu340Lys	GALT	ENSG00000213930	empty_AD
HsVcPillar2a6	CCSBORF300	5	CCSBORF0	3AT	2	152G>A	0	NC_000009.12:34647157:G:A	CCSBVarC004977	ENSP00000368119.4:p.Arg51Gln	GALT	ENSG00000213930	empty_AD
HsVcPillar2a6	CCSBORF300	5	CCSBORF0	3AT	2	152G>T	0	NC_000009.12:34647157:G:T	CCSBVarC007151	ENSP00000368119.4:p.Arg51Leu	GALT	ENSG00000213930	empty_AD
HsVcPillar2a6	CCSBORF300	5	CCSBORF0	3AT	2	163G>T	0	NC_000009.12:34647168:G:T	CCSBVarC007153	ENSP00000368119.4:p.Gly55Cys	GALT	ENSG00000213930	empty_AD
HsVcPillar2a6	CCSBORF300	5	CCSBORF0	3AT	2	184C>A	0	NC_000009.12:34647189:C:A	CCSBVarC007154	ENSP00000368119.4:p.Leu62Met	GALT	ENSG00000213930	empty_AD
HsVcPillar2a6	CCSBORF300	5	CCSBORF0	3AT	2	197C>A	0	NC_000009.12:34647202:C:A	CCSBVarC007155	ENSP00000368119.4:p.Pro66His	GALT	ENSG00000213930	empty_AD
HsVcPillar2a6	CCSBORF300	5	CCSBORF0	3AT	2	197C>T	0	NC_000009.12:34647202:C:T	CCSBVarC007156	ENSP00000368119.4:p.Pro66Leu	GALT	ENSG00000213930	empty_AD
HsVcPillar2a6	CCSBORF300	5	CCSBORF0	3AT	2	368G>A	0	NC_000009.12:34647695:G:A	CCSBVarC007172	ENSP00000368119.4:p.Arg123Gln	GALT	ENSG00000213930	empty_AD
HsVcPillar2a6	CCSBORF300	5	CCSBORF0	3AT	2	379A>G	0	NC_000009.12:34647832:A:G	CCSBVarC007174	ENSP00000368119.4:p.Lys127Glu	GALT	ENSG00000213930	empty_AD
HsVcPillar2a6	CCSBORF300	5	CCSBORF0	3AT	2	389G>A	0	NC_000009.12:34647842:G:A	CCSBVarC007178	ENSP00000368119.4:p.Cys130Tyr	GALT	ENSG00000213930	empty_AD
HsVcPillar2a6	CCSBORF300	5	CCSBORF0	3AT	2	394C>T	1	NC_000009.12:34647847:C:T	CCSBVarC007180	ENSP00000368119.4:p.His132Tyr	GALT	ENSG00000213930	empty_AD
HsVcPillar2a6	CCSBORF300	5	CCSBORF0	3AT	2	416T>C	0	NC_000009.12:34647869:T:C	CCSBVarC007185	ENSP00000368119.4:p.Leu139Pro	GALT	ENSG00000213930	empty_AD
HsVcPillar2a6	CCSBORF300	5	CCSBORF0	3AT	2	502G>T	0	NC_000009.12:34647955:G:T	CCSBVarC004983	ENSP00000368119.4:p.Val168Leu	GALT	ENSG00000213930	empty_AD
HsVcPillar2a6	CCSBORF300	5	CCSBORF0	3AT	2	568T>C	0	NC_000009.12:34648336:T:C	CCSBVarC007216	ENSP00000368119.4:p.Trp190Arg	GALT	ENSG00000213930	empty_AD
HsVcPillar2a6	CCSBORF300	5	CCSBORF0	3AT	2	572C>T	0	NC_000009.12:34648340:C:T	CCSBVarC007217	ENSP00000368119.4:p.Ala191Val	GALT	ENSG00000213930	empty_AD
HsVcPillar2a6	CCSBORF300	5	CCSBORF0	3AT	2	602G>A	1	NC_000009.12:34648370:G:A	CCSBVarC007223	ENSP00000368119.4:p.Arg201His	GALT	ENSG00000213930	empty_AD
HsVcPillar2a6	CCSBORF300	5	CCSBORF0	3AT	2	626A>G	0	NC_000009.12:34648394:A:G	CCSBVarC004992	ENSP00000368119.4:p.Tyr209Cys	GALT	ENSG00000213930	empty_AD
HsVcPillar2a6	CCSBORF300	5	CCSBORF0	3AT	2	667C>A	0	NC_000009.12:34648435:C:A	CCSBVarC004994	ENSP00000368119.4:p.Arg223Ser	GALT	ENSG00000213930	empty_AD
HsVcPillar2a6	CCSBORF300	5	CCSBORF0	3AT	2	677T>C	1	NC_000009.12:34648445:T:C	CCSBVarC007232	ENSP00000368119.4:p.Leu226Pro	GALT	ENSG00000213930	empty_AD
HsVcPillar2a6	CCSBORF300	5	CCSBORF0	3AT	2	756G>T	0	NC_000009.12:34648829:G:T	CCSBVarC007243	ENSP00000368119.4:p.Gln252His	GALT	ENSG00000213930	empty_AD
HsVcPillar2a6	CCSBORF300	5	CCSBORF0	3AT	2	776G>A	0	NC_000009.12:34648849:G:A	CCSBVarC007246	ENSP00000368119.4:p.Arg259Gln	GALT	ENSG00000213930	empty_AD
HsVcPillar2a6	CCSBORF300	5	CCSBORF0	3AT	2	815G>A	1	NC_000009.12:34648888:G:A	CCSBVarC000036	ENSP00000368119.4:p.Arg272His	GALT	ENSG00000213930	empty_AD
HsVcPillar2a6	CCSBORF300	5	CCSBORF0	3AT	2	833T>A	0	NC_000009.12:34649009:T:A	CCSBVarC007253	ENSP00000368119.4:p.Ile278Asn	GALT	ENSG00000213930	empty_AD
HsVcPillar2a6	CCSBORF300	5	CCSBORF0	3AT	2	855G>T	0	NC_000009.12:34649031:G:T	CCSBVarC007257	ENSP00000368119.4:p.Lys285Asn	GALT	ENSG00000213930	empty_AD
HsVcPillar2a6	CCSBORF300	5	CCSBORF0	3AT	2	865C>T	1	NC_000009.12:34649041:C:T	CCSBVarC007260	ENSP00000368119.4:p.Leu289Phe	GALT	ENSG00000213930	empty_AD
HsVcPillar2a6	CCSBORF300	5	CCSBORF0	3AT	2	866T>G	0	NC_000009.12:34649042:T:G	CCSBVarC007261	ENSP00000368119.4:p.Leu289Arg	GALT	ENSG00000213930	empty_AD
HsVcPillar2a6	CCSBORF300	5	CCSBORF0	3AT	2	881T>A	0	NC_000009.12:34649057:T:A	CCSBVarC004997	ENSP00000368119.4:p.Phe294Tyr	GALT	ENSG00000213930	empty_AD
HsVcPillar2a6	CCSBORF300	5	CCSBORF0	3AT	2	91C>A	0	NC_000009.12:34647096:C:A	CCSBVarC007142	ENSP00000368119.4:p.His31Asn	GALT	ENSG00000213930	empty_AD
HsVcPillar2a6	CCSBORF300	5	CCSBORF0	3AT	2	922G>A	0	NC_000009.12:34649426:G:A	CCSBVarC007267	ENSP00000368119.4:p.Glu308Lys	GALT	ENSG00000213930	empty_AD
HsVcPillar2a6	CCSBORF300	5	CCSBORF0	3AT	2	959C>T	0	NC_000009.12:34649463:C:T	CCSBVarC007271	ENSP00000368119.4:p.Ala320Val	GALT	ENSG00000213930	empty_AD
HsVcPillar2a6	CCSBORF300	5	CCSBORF0	3AT	2	970C>T	0	NC_000009.12:34649474:C:T	CCSBVarC005000	ENSP00000368119.4:p.Pro324Ser	GALT	ENSG00000213930	empty_AD
HsVcPillar2a6	CCSBORF300	5	CCSBORF0	3AT	2	980T>C	0	NC_000009.12:34649484:T:C	CCSBVarC007276	ENSP00000368119.4:p.Leu327Pro	GALT	ENSG00000213930	empty_AD
HsVcPillar2a6	CCSBORF300	5	CCSBORF0	3AT	2	997C>G	0	NC_000009.12:34649501:C:G	CCSBVarC007281	ENSP00000368119.4:p.Arg333Gly	GALT	ENSG00000213930	empty_AD
HsVcPillar2a6	CCSBORF3689	2	CCSBORF0	3AT	2	REF	0	NULL	NULL	NULL	GCK	ENSG00000106633	empty_AD
HsVcPillar2a6	CCSBORF3689	2	CCSBORF0	3AT	2	1130G>A	0	NC_000007.14:44145619:C:T	CCSBVarC006696	ENSP00000384247.3:p.Arg377His	GCK	ENSG00000106633	empty_AD
HsVcPillar2a6	CCSBORF3689	2	CCSBORF0	3AT	2	1133C>T	0	NC_000007.14:44145616:G:A	CCSBVarC006695	ENSP00000384247.3:p.Ala378Val	GCK	ENSG00000106633	empty_AD
HsVcPillar2a6	CCSBORF3689	2	CCSBORF0	3AT	2	1142T>G	0	NC_000007.14:44145607:A:C	CCSBVarC006698	ENSP00000384247.3:p.Met381Arg	GCK	ENSG00000106633	empty_AD
HsVcPillar2a6	CCSBORF3689	2	CCSBORF0	3AT	2	1153G>A	0	NC_000007.14:44145596:C:T	CCSBVarC006697	ENSP00000384247.3:p.Gly385Arg	GCK	ENSG00000106633	empty_AD
HsVcPillar2a6	CCSBORF3689	2	CCSBORF0	3AT	2	1160C>A	0	NC_000007.14:44145589:G:T	CCSBVarC006699	ENSP00000384247.3:p.Ala387Glu	GCK	ENSG00000106633	empty_AD
HsVcPillar2a6	CCSBORF3689	2	CCSBORF0	3AT	2	131G>A	0	NC_000007.14:44153377:C:T	CCSBVarC006686	ENSP00000384247.3:p.Gly44Asp	GCK	ENSG00000106633	empty_AD
HsVcPillar2a6	CCSBORF3689	2	CCSBORF0	3AT	2	1367C>T	0	NC_000007.14:44145166:G:A	CCSBVarC006700	ENSP00000384247.3:p.Ala456Val	GCK	ENSG00000106633	empty_AD
HsVcPillar2a6	CCSBORF3689	2	CCSBORF0	3AT	2	1386G>T	0	NC_000007.14:44145147:C:A	CCSBVarC021296	ENSP00000384247.3:p.Met462Ile	GCK	ENSG00000106633	empty_AD
HsVcPillar2a6	CCSBORF3689	2	CCSBORF0	3AT	2	523G>C	0	NC_000007.14:44150024:C:G	CCSBVarC006688	ENSP00000384247.3:p.Gly175Arg	GCK	ENSG00000106633	empty_AD
HsVcPillar2a6	CCSBORF3689	2	CCSBORF0	3AT	2	532G>C	0	NC_000007.14:44150015:C:G	CCSBVarC006687	ENSP00000384247.3:p.Gly178Arg	GCK	ENSG00000106633	empty_AD
HsVcPillar2a6	CCSBORF3689	2	CCSBORF0	3AT	2	57C>G	0	NC_000007.14:44153451:G:C	CCSBVarC021109	ENSP00000384247.3:p.Ile19Met	GCK	ENSG00000106633	empty_AD
HsVcPillar2a6	CCSBORF3689	2	CCSBORF0	3AT	2	661G>A	0	NC_000007.14:44149777:C:T	CCSBVarC006689	ENSP00000384247.3:p.Glu221Lys	GCK	ENSG00000106633	empty_AD
HsVcPillar2a6	CCSBORF3689	2	CCSBORF0	3AT	2	706G>A	0	NC_000007.14:44147806:C:T	CCSBVarC006690	ENSP00000384247.3:p.Glu236Lys	GCK	ENSG00000106633	empty_AD
HsVcPillar2a6	CCSBORF3689	2	CCSBORF0	3AT	2	752T>C	0	NC_000007.14:44147760:A:G	CCSBVarC006691	ENSP00000384247.3:p.Met251Thr	GCK	ENSG00000106633	empty_AD
HsVcPillar2a6	CCSBORF3689	2	CCSBORF0	3AT	2	758T>C	0	NC_000007.14:44147754:A:G	CCSBVarC006692	ENSP00000384247.3:p.Val253Ala	GCK	ENSG00000106633	empty_AD
HsVcPillar2a6	CCSBORF3689	2	CCSBORF0	3AT	2	775G>T	0	NC_000007.14:44147737:C:A	CCSBVarC021172	ENSP00000384247.3:p.Ala259Ser	GCK	ENSG00000106633	empty_AD
HsVcPillar2a6	CCSBORF3689	2	CCSBORF0	3AT	2	895G>C	0	NC_000007.14:44146586:C:G	CCSBVarC006694	ENSP00000384247.3:p.Gly299Arg	GCK	ENSG00000106633	empty_AD
HsVcPillar2a6	CCSBORF3689	2	CCSBORF0	3AT	2	907C>T	0	NC_000007.14:44146574:G:A	CCSBVarC006693	ENSP00000384247.3:p.Arg303Trp	GCK	ENSG00000106633	empty_AD
HsVcPillar2a6	CCSBORF5808	4	CCSBORF0	3AT	2	REF	0	NULL	NULL	NULL	HBB	ENSG00000244734	empty_AD
HsVcPillar2a6	CCSBORF5808	4	CCSBORF0	3AT	2	194G>C	0	NC_000011.10:5226697:C:G	CCSBVarC006222	ENSP00000333994.3:p.Gly65Ala	HBB	ENSG00000244734	empty_AD
HsVcPillar2a6	CCSBORF5808	4	CCSBORF0	3AT	2	238G>C	0	NC_000011.10:5226653:C:G	CCSBVarC006225	ENSP00000333994.3:p.Asp80His	HBB	ENSG00000244734	empty_AD
HsVcPillar2a6	CCSBORF5808	4	CCSBORF0	3AT	2	26A>C	0	NC_000011.10:5226995:T:G	CCSBVarC006215	ENSP00000333994.3:p.Lys9Thr	HBB	ENSG00000244734	empty_AD
HsVcPillar2a6	CCSBORF5808	4	CCSBORF0	3AT	2	302C>G	0	NC_000011.10:5226589:G:C	CCSBVarC006230	ENSP00000333994.3:p.Pro101Arg	HBB	ENSG00000244734	empty_AD
HsVcPillar2a6	CCSBORF5808	4	CCSBORF0	3AT	2	312C>G	0	NC_000011.10:5226579:G:C	CCSBVarC000906	ENSP00000333994.3:p.Phe104Leu	HBB	ENSG00000244734	empty_AD
HsVcPillar2a6	CCSBORF5808	4	CCSBORF0	3AT	2	374C>A	0	NC_000011.10:5225667:G:T	CCSBVarC006235	ENSP00000333994.3:p.Pro125Gln	HBB	ENSG00000244734	empty_AD
HsVcPillar2a6	CCSBORF5808	4	CCSBORF0	3AT	2	410G>A	0	NC_000011.10:5225631:C:T	CCSBVarC006240	ENSP00000333994.3:p.Gly137Asp	HBB	ENSG00000244734	empty_AD
HsVcPillar2a6	CCSBORF5808	4	CCSBORF0	3AT	2	44T>G	0	NC_000011.10:5226977:A:C	CCSBVarC006216	ENSP00000333994.3:p.Leu15Arg	HBB	ENSG00000244734	empty_AD
HsVcPillar2a6	CCSBORF5808	4	CCSBORF0	3AT	2	59A>G	0	NC_000011.10:5226962:T:C	CCSBVarC006217	ENSP00000333994.3:p.Asn20Ser	HBB	ENSG00000244734	empty_AD
HsVcPillar2a6	CCSBORF5808	4	CCSBORF0	3AT	2	71T>A	0	NC_000011.10:5226950:A:T	CCSBVarC006219	ENSP00000333994.3:p.Val24Asp	HBB	ENSG00000244734	empty_AD
HsVcPillar2a6	CCSBORF4765	2	CCSBORF0	3AT	2	REF	0	NULL	NULL	NULL	ITGB2	ENSG00000160255	empty_AD
HsVcPillar2a6	CCSBORF4765	2	CCSBORF0	3AT	2	1052A>G	0	NC_000021.9:44895001:T:C	CCSBVarC007537	ENSP00000498780.1:p.Asn351Ser	ITGB2	ENSG00000160255	empty_AD
HsVcPillar2a6	CCSBORF4765	2	CCSBORF0	3AT	2	106T>A	0	NC_000021.9:44910324:A:T	CCSBVarC008417	ENSP00000498780.1:p.Cys36Ser	ITGB2	ENSG00000160255	empty_AD
HsVcPillar2a6	CCSBORF4765	2	CCSBORF0	3AT	2	124G>T	0	NC_000021.9:44910306:C:A	CCSBVarC007549	ENSP00000498780.1:p.Gly42Cys	ITGB2	ENSG00000160255	empty_AD
HsVcPillar2a6	CCSBORF4765	2	CCSBORF0	3AT	2	1777C>T	0	NC_000021.9:44889375:G:A	CCSBVarC003146	ENSP00000498780.1:p.Arg593Cys	ITGB2	ENSG00000160255	empty_AD
HsVcPillar2a6	CCSBORF4765	2	CCSBORF0	3AT	2	1834T>C	0	NC_000021.9:44889318:A:G	CCSBVarC008409	ENSP00000498780.1:p.Cys612Arg	ITGB2	ENSG00000160255	empty_AD
HsVcPillar2a6	CCSBORF4765	2	CCSBORF0	3AT	2	2146G>C	0	NC_000021.9:44886836:C:G	CCSBVarC009516	ENSP00000498780.1:p.Gly716Arg	ITGB2	ENSG00000160255	empty_AD
HsVcPillar2a6	CCSBORF4765	2	CCSBORF0	3AT	2	2189G>A	0	NC_000021.9:44886793:C:T	CCSBVarC009510	ENSP00000498780.1:p.Ser730Asn	ITGB2	ENSG00000160255	empty_AD
HsVcPillar2a6	CCSBORF4765	2	CCSBORF0	3AT	2	382G>A	0	NC_000021.9:44903481:C:T	CCSBVarC008428	ENSP00000498780.1:p.Asp128Asn	ITGB2	ENSG00000160255	empty_AD
HsVcPillar2a6	CCSBORF4765	2	CCSBORF0	3AT	2	382G>T	0	NC_000021.9:44903481:C:A	CCSBVarC003144	ENSP00000498780.1:p.Asp128Tyr	ITGB2	ENSG00000160255	empty_AD
HsVcPillar2a6	CCSBORF4765	2	CCSBORF0	3AT	2	449G>A	0	NC_000021.9:44903414:C:T	CCSBVarC008419	ENSP00000498780.1:p.Gly150Asp	ITGB2	ENSG00000160255	empty_AD
HsVcPillar2a6	CCSBORF4765	2	CCSBORF0	3AT	2	505G>A	0	NC_000021.9:44901727:C:T	CCSBVarC007546	ENSP00000498780.1:p.Gly169Arg	ITGB2	ENSG00000160255	empty_AD
HsVcPillar2a6	CCSBORF4765	2	CCSBORF0	3AT	2	587A>C	0	NC_000021.9:44901645:T:G	CCSBVarC007544	ENSP00000498780.1:p.Lys196Thr	ITGB2	ENSG00000160255	empty_AD
HsVcPillar2a6	CCSBORF4765	2	CCSBORF0	3AT	2	691G>C	0	NC_000021.9:44901541:C:G	CCSBVarC008405	ENSP00000498780.1:p.Asp231His	ITGB2	ENSG00000160255	empty_AD
HsVcPillar2a6	CCSBORF4765	2	CCSBORF0	3AT	2	712G>A	0	NC_000021.9:44901520:C:T	CCSBVarC008421	ENSP00000498780.1:p.Asp238Asn	ITGB2	ENSG00000160255	empty_AD
HsVcPillar2a6	CCSBORF4765	2	CCSBORF0	3AT	2	715G>A	0	NC_000021.9:44901517:C:T	CCSBVarC007541	ENSP00000498780.1:p.Ala239Thr	ITGB2	ENSG00000160255	empty_AD
HsVcPillar2a6	CCSBORF4765	2	CCSBORF0	3AT	2	754T>C	0	NC_000021.9:44900462:A:G	CCSBVarC008394	ENSP00000498780.1:p.Trp252Arg	ITGB2	ENSG00000160255	empty_AD
HsVcPillar2a6	CCSBORF4765	2	CCSBORF0	3AT	2	817G>A	0	NC_000021.9:44900399:C:T	CCSBVarC000702	ENSP00000498780.1:p.Gly273Arg	ITGB2	ENSG00000160255	empty_AD
HsVcPillar2a6	CCSBORF4765	2	CCSBORF0	3AT	2	905C>T	0	NC_000021.9:44899154:G:A	CCSBVarC008423	ENSP00000498780.1:p.Pro302Leu	ITGB2	ENSG00000160255	empty_AD
HsVcPillar2a6	CCSBORF100016069	2	CCSBORF0	3AT	2	REF	0	NULL	NULL	NULL	KCNJ2	ENSG00000123700	empty_AD
HsVcPillar2a6	CCSBORF100016069	2	CCSBORF0	3AT	2	1045G>A	0	NC_000017.11:70176083:G:A	CCSBVarC008354	ENSP00000243457.2:p.Glu349Lys	KCNJ2	ENSG00000123700	empty_AD
HsVcPillar2a6	CCSBORF100016069	2	CCSBORF0	3AT	2	1091A>G	0	NC_000017.11:70176129:A:G	CCSBVarC008355	ENSP00000243457.2:p.Lys364Arg	KCNJ2	ENSG00000123700	empty_AD
HsVcPillar2a6	CCSBORF100016069	2	CCSBORF0	3AT	2	1199C>T	0	NC_000017.11:70176237:C:T	CCSBVarC008356	ENSP00000243457.2:p.Thr400Met	KCNJ2	ENSG00000123700	empty_AD
HsVcPillar2a6	CCSBORF100016069	2	CCSBORF0	3AT	2	119G>C	0	NC_000017.11:70175157:G:C	CCSBVarC008309	ENSP00000243457.2:p.Arg40Pro	KCNJ2	ENSG00000123700	empty_AD
HsVcPillar2a6	CCSBORF100016069	2	CCSBORF0	3AT	2	1259C>T	0	NC_000017.11:70176297:C:T	CCSBVarC008359	ENSP00000243457.2:p.Pro420Leu	KCNJ2	ENSG00000123700	empty_AD
HsVcPillar2a6	CCSBORF100016069	2	CCSBORF0	3AT	2	199C>T	0	NC_000017.11:70175237:C:T	CCSBVarC008311	ENSP00000243457.2:p.Arg67Trp	KCNJ2	ENSG00000123700	empty_AD
HsVcPillar2a6	CCSBORF100016069	2	CCSBORF0	3AT	2	211G>A	0	NC_000017.11:70175249:G:A	CCSBVarC008315	ENSP00000243457.2:p.Asp71Asn	KCNJ2	ENSG00000123700	empty_AD
HsVcPillar2a6	CCSBORF100016069	2	CCSBORF0	3AT	2	212A>T	0	NC_000017.11:70175250:A:T	CCSBVarC008317	ENSP00000243457.2:p.Asp71Val	KCNJ2	ENSG00000123700	empty_AD
HsVcPillar2a6	CCSBORF100016069	2	CCSBORF0	3AT	2	224C>G	0	NC_000017.11:70175262:C:G	CCSBVarC008318	ENSP00000243457.2:p.Thr75Arg	KCNJ2	ENSG00000123700	empty_AD
HsVcPillar2a6	CCSBORF100016069	2	CCSBORF0	3AT	2	224C>T	0	NC_000017.11:70175262:C:T	CCSBVarC008319	ENSP00000243457.2:p.Thr75Met	KCNJ2	ENSG00000123700	empty_AD
HsVcPillar2a6	CCSBORF100016069	2	CCSBORF0	3AT	2	236T>C	0	NC_000017.11:70175274:T:C	CCSBVarC008322	ENSP00000243457.2:p.Ile79Thr	KCNJ2	ENSG00000123700	empty_AD
HsVcPillar2a6	CCSBORF100016069	2	CCSBORF0	3AT	2	245G>A	0	NC_000017.11:70175283:G:A	CCSBVarC008323	ENSP00000243457.2:p.Arg82Gln	KCNJ2	ENSG00000123700	empty_AD
HsVcPillar2a6	CCSBORF100016069	2	CCSBORF0	3AT	2	328C>T	0	NC_000017.11:70175366:C:T	CCSBVarC008326	ENSP00000243457.2:p.His110Tyr	KCNJ2	ENSG00000123700	empty_AD
HsVcPillar2a6	CCSBORF100016069	2	CCSBORF0	3AT	2	344C>T	0	NC_000017.11:70175382:C:T	CCSBVarC008327	ENSP00000243457.2:p.Ala115Val	KCNJ2	ENSG00000123700	empty_AD
HsVcPillar2a6	CCSBORF100016069	2	CCSBORF0	3AT	2	416C>T	0	NC_000017.11:70175454:C:T	CCSBVarC008328	ENSP00000243457.2:p.Thr139Ile	KCNJ2	ENSG00000123700	empty_AD
HsVcPillar2a6	CCSBORF100016069	2	CCSBORF0	3AT	2	425C>T	0	NC_000017.11:70175463:C:T	CCSBVarC035507	ENSP00000243457.2:p.Thr142Ile	KCNJ2	ENSG00000123700	empty_AD
HsVcPillar2a6	CCSBORF100016069	2	CCSBORF0	3AT	2	514G>A	0	NC_000017.11:70175552:G:A	CCSBVarC008329	ENSP00000243457.2:p.Asp172Asn	KCNJ2	ENSG00000123700	empty_AD
HsVcPillar2a6	CCSBORF100016069	2	CCSBORF0	3AT	2	565A>G	0	NC_000017.11:70175603:A:G	CCSBVarC008331	ENSP00000243457.2:p.Arg189Gly	KCNJ2	ENSG00000123700	empty_AD
HsVcPillar2a6	CCSBORF100016069	2	CCSBORF0	3AT	2	644G>A	0	NC_000017.11:70175682:G:A	CCSBVarC008335	ENSP00000243457.2:p.Gly215Asp	KCNJ2	ENSG00000123700	empty_AD
HsVcPillar2a6	CCSBORF100016069	2	CCSBORF0	3AT	2	821A>T	0	NC_000017.11:70175859:A:T	CCSBVarC008340	ENSP00000243457.2:p.Asp274Val	KCNJ2	ENSG00000123700	empty_AD
HsVcPillar2a6	CCSBORF100016069	2	CCSBORF0	3AT	2	884T>C	0	NC_000017.11:70175922:T:C	CCSBVarC008341	ENSP00000243457.2:p.Val295Ala	KCNJ2	ENSG00000123700	empty_AD
HsVcPillar2a6	CCSBORF100016069	2	CCSBORF0	3AT	2	896A>T	0	NC_000017.11:70175934:A:T	CCSBVarC008342	ENSP00000243457.2:p.Glu299Val	KCNJ2	ENSG00000123700	empty_AD
HsVcPillar2a6	CCSBORF100016069	2	CCSBORF0	3AT	2	899G>A	0	NC_000017.11:70175937:G:A	CCSBVarC008343	ENSP00000243457.2:p.Gly300Asp	KCNJ2	ENSG00000123700	empty_AD
HsVcPillar2a6	CCSBORF100016069	2	CCSBORF0	3AT	2	899G>T	0	NC_000017.11:70175937:G:T	CCSBVarC008344	ENSP00000243457.2:p.Gly300Val	KCNJ2	ENSG00000123700	empty_AD
HsVcPillar2a6	CCSBORF100016069	2	CCSBORF0	3AT	2	901A>C	0	NC_000017.11:70175939:A:C	CCSBVarC008345	ENSP00000243457.2:p.Met301Leu	KCNJ2	ENSG00000123700	empty_AD
HsVcPillar2a6	CCSBORF100016069	2	CCSBORF0	3AT	2	904G>A	0	NC_000017.11:70175942:G:A	CCSBVarC008348	ENSP00000243457.2:p.Val302Met	KCNJ2	ENSG00000123700	empty_AD
HsVcPillar2a6	CCSBORF100016069	2	CCSBORF0	3AT	2	935G>A	0	NC_000017.11:70175973:G:A	CCSBVarC008349	ENSP00000243457.2:p.Arg312His	KCNJ2	ENSG00000123700	empty_AD
HsVcPillar2a6	CCSBORF100016069	2	CCSBORF0	3AT	2	966G>C	0	NC_000017.11:70176004:G:C	CCSBVarC008351	ENSP00000243457.2:p.Trp322Cys	KCNJ2	ENSG00000123700	empty_AD
HsVcPillar2a6	CCSBORF359	2	CCSBORF4616	3AT	2	REF	4120	NULL	NULL	NULL	CBS	ENSG00000160200	UBE2I
HsVcPillar2a6	CCSBORF359	2	CCSBORF4616	3AT	2	1006C>T	3	NC_000021.9:43062343:G:A	CCSBVarC007317	ENSP00000381231.4:p.Arg336Cys	CBS	ENSG00000160200	UBE2I
HsVcPillar2a6	CCSBORF359	2	CCSBORF4616	3AT	2	1039G>A	1300	NC_000021.9:43062310:C:T	CCSBVarC007313	ENSP00000381231.4:p.Gly347Ser	CBS	ENSG00000160200	UBE2I
HsVcPillar2a6	CCSBORF359	2	CCSBORF4616	3AT	2	1109G>A	44	NC_000021.9:43060476:C:T	CCSBVarC007309	ENSP00000381231.4:p.Cys370Tyr	CBS	ENSG00000160200	UBE2I
HsVcPillar2a6	CCSBORF359	2	CCSBORF4616	3AT	2	1135C>T	4062	NC_000021.9:43060450:G:A	CCSBVarC007307	ENSP00000381231.4:p.Arg379Trp	CBS	ENSG00000160200	UBE2I
HsVcPillar2a6	CCSBORF359	2	CCSBORF4616	3AT	2	1280C>T	1427	NC_000021.9:43058911:G:A	CCSBVarC007303	ENSP00000381231.4:p.Pro427Leu	CBS	ENSG00000160200	UBE2I
HsVcPillar2a6	CCSBORF359	2	CCSBORF4616	3AT	2	1367T>C	30	NC_000021.9:43058244:A:G	CCSBVarC000045	ENSP00000381231.4:p.Leu456Pro	CBS	ENSG00000160200	UBE2I
HsVcPillar2a6	CCSBORF359	2	CCSBORF4616	3AT	2	233C>G	206	NC_000021.9:43068591:G:C	CCSBVarC007359	ENSP00000381231.4:p.Pro78Arg	CBS	ENSG00000160200	UBE2I
HsVcPillar2a6	CCSBORF359	2	CCSBORF4616	3AT	2	262C>T	8	NC_000021.9:43068562:G:A	CCSBVarC008708	ENSP00000381231.4:p.Pro88Ser	CBS	ENSG00000160200	UBE2I
HsVcPillar2a6	CCSBORF359	2	CCSBORF4616	3AT	2	302T>C	19	NC_000021.9:43068522:A:G	CCSBVarC007354	ENSP00000381231.4:p.Leu101Pro	CBS	ENSG00000160200	UBE2I
HsVcPillar2a6	CCSBORF359	2	CCSBORF4616	3AT	2	304A>C	356	NC_000021.9:43068520:T:G	CCSBVarC008671	ENSP00000381231.4:p.Lys102Gln	CBS	ENSG00000160200	UBE2I
HsVcPillar2a6	CCSBORF359	2	CCSBORF4616	3AT	2	325T>C	20	NC_000021.9:43066368:A:G	CCSBVarC007352	ENSP00000381231.4:p.Cys109Arg	CBS	ENSG00000160200	UBE2I
HsVcPillar2a6	CCSBORF359	2	CCSBORF4616	3AT	2	346G>A	43	NC_000021.9:43066347:C:T	CCSBVarC007349	ENSP00000381231.4:p.Gly116Arg	CBS	ENSG00000160200	UBE2I
HsVcPillar2a6	CCSBORF359	2	CCSBORF4616	3AT	2	362G>A	122	NC_000021.9:43066331:C:T	CCSBVarC007346	ENSP00000381231.4:p.Arg121His	CBS	ENSG00000160200	UBE2I
HsVcPillar2a6	CCSBORF359	2	CCSBORF4616	3AT	2	373C>T	1	NC_000021.9:43066320:G:A	CCSBVarC008722	ENSP00000381231.4:p.Arg125Trp	CBS	ENSG00000160200	UBE2I
HsVcPillar2a6	CCSBORF359	2	CCSBORF4616	3AT	2	429C>G	28	NC_000021.9:43066264:G:C	CCSBVarC008694	ENSP00000381231.4:p.Ile143Met	CBS	ENSG00000160200	UBE2I
HsVcPillar2a6	CCSBORF359	2	CCSBORF4616	3AT	2	434C>T	26	NC_000021.9:43066259:G:A	CCSBVarC007339	ENSP00000381231.4:p.Pro145Leu	CBS	ENSG00000160200	UBE2I
HsVcPillar2a6	CCSBORF359	2	CCSBORF4616	3AT	2	461T>A	366	NC_000021.9:43065685:A:T	CCSBVarC000043	ENSP00000381231.4:p.Leu154Gln	CBS	ENSG00000160200	UBE2I
HsVcPillar2a6	CCSBORF359	2	CCSBORF4616	3AT	2	572C>T	72	NC_000021.9:43065480:G:A	CCSBVarC007333	ENSP00000381231.4:p.Thr191Met	CBS	ENSG00000160200	UBE2I
HsVcPillar2a6	CCSBORF359	2	CCSBORF4616	3AT	2	684C>A	2	NC_000021.9:43065254:G:T	CCSBVarC008700	ENSP00000381231.4:p.Asn228Lys	CBS	ENSG00000160200	UBE2I
HsVcPillar2a6	CCSBORF359	2	CCSBORF4616	3AT	2	785C>T	15	NC_000021.9:43063942:G:A	CCSBVarC007325	ENSP00000381231.4:p.Thr262Met	CBS	ENSG00000160200	UBE2I
HsVcPillar2a6	CCSBORF359	2	CCSBORF4616	3AT	2	919G>A	1464	NC_000021.9:43062987:C:T	CCSBVarC007321	ENSP00000381231.4:p.Gly307Ser	CBS	ENSG00000160200	UBE2I
HsVcPillar2a6	CCSBORF359	2	CCSBORF4616	3AT	2	941T>C	256	NC_000021.9:43062965:A:G	CCSBVarC008704	ENSP00000381231.4:p.Val314Ala	CBS	ENSG00000160200	UBE2I
HsVcPillar2a6	CCSBORF12573	1	CCSBORF5539	3AT	2	REF	9894	NULL	NULL	NULL	DES	ENSG00000175084	ZMYM5
HsVcPillar2a6	CCSBORF12573	1	CCSBORF5539	3AT	2	1151A>G	1541	NC_000002.12:219421466:A:G	CCSBVarC028095	ENSP00000363071.3:p.His384Arg	DES	ENSG00000175084	ZMYM5
HsVcPillar2a6	CCSBORF12573	1	CCSBORF5539	3AT	2	1202A>G	510	NC_000002.12:219421517:A:G	CCSBVarC028101	ENSP00000363071.3:p.Glu401Gly	DES	ENSG00000175084	ZMYM5
HsVcPillar2a6	CCSBORF12573	1	CCSBORF5539	3AT	2	1203G>C	19	NC_000002.12:219421518:G:C	CCSBVarC028104	ENSP00000363071.3:p.Glu401Asp	DES	ENSG00000175084	ZMYM5
HsVcPillar2a6	CCSBORF12573	1	CCSBORF5539	3AT	2	1375G>A	9512	NC_000002.12:219425951:G:A	CCSBVarC028110	ENSP00000363071.3:p.Val459Ile	DES	ENSG00000175084	ZMYM5
HsVcPillar2a6	CCSBORF12573	1	CCSBORF5539	3AT	2	218G>A	29	NC_000002.12:219418679:G:A	CCSBVarC028025	ENSP00000363071.3:p.Arg73Gln	DES	ENSG00000175084	ZMYM5
HsVcPillar2a6	CCSBORF12573	1	CCSBORF5539	3AT	2	229A>G	5739	NC_000002.12:219418690:A:G	CCSBVarC028052	ENSP00000363071.3:p.Thr77Ala	DES	ENSG00000175084	ZMYM5
HsVcPillar2a6	CCSBORF12573	1	CCSBORF5539	3AT	2	347A>G	5124	NC_000002.12:219418808:A:G	CCSBVarC028071	ENSP00000363071.3:p.Asn116Ser	DES	ENSG00000175084	ZMYM5
HsVcPillar2a6	CCSBORF12573	1	CCSBORF5539	3AT	2	460C>A	15613	NC_000002.12:219418921:C:A	CCSBVarC028077	ENSP00000363071.3:p.Leu154Ile	DES	ENSG00000175084	ZMYM5
HsVcPillar2a6	CCSBORF12573	1	CCSBORF5539	3AT	2	736G>A	7	NC_000002.12:219420494:G:A	CCSBVarC028080	ENSP00000363071.3:p.Glu246Lys	DES	ENSG00000175084	ZMYM5
HsVcPillar2a6	CCSBORF12573	1	CCSBORF5539	3AT	2	854C>T	3746	NC_000002.12:219420612:C:T	CCSBVarC028083	ENSP00000363071.3:p.Ala285Val	DES	ENSG00000175084	ZMYM5
HsVcPillar2a6	CCSBORF12573	5	CCSBORF5539	3AT	2	REF	7236	NULL	NULL	NULL	DES	ENSG00000175084	ZMYM5
HsVcPillar2a6	CCSBORF12573	5	CCSBORF5539	3AT	2	1013T>C	1623	NC_000002.12:219420942:T:C	CCSBVarC007851	ENSP00000363071.3:p.Leu338Pro	DES	ENSG00000175084	ZMYM5
HsVcPillar2a6	CCSBORF12573	5	CCSBORF5539	3AT	2	1034T>C	1224	NC_000002.12:219421349:T:C	CCSBVarC007856	ENSP00000363071.3:p.Leu345Pro	DES	ENSG00000175084	ZMYM5
HsVcPillar2a6	CCSBORF12573	5	CCSBORF5539	3AT	2	1038G>A	20	NC_000002.12:219421353:G:A	CCSBVarC007857	ENSP00000363071.3:p.Met346Ile	DES	ENSG00000175084	ZMYM5
HsVcPillar2a6	CCSBORF12573	5	CCSBORF5539	3AT	2	1064G>A	1510	NC_000002.12:219421379:G:A	CCSBVarC007861	ENSP00000363071.3:p.Arg355Gln	DES	ENSG00000175084	ZMYM5
HsVcPillar2a6	CCSBORF12573	5	CCSBORF5539	3AT	2	1069G>C	42	NC_000002.12:219421384:G:C	CCSBVarC007863	ENSP00000363071.3:p.Ala357Pro	DES	ENSG00000175084	ZMYM5
HsVcPillar2a6	CCSBORF12573	5	CCSBORF5539	3AT	2	1078G>C	638	NC_000002.12:219421393:G:C	CCSBVarC007864	ENSP00000363071.3:p.Ala360Pro	DES	ENSG00000175084	ZMYM5
HsVcPillar2a6	CCSBORF12573	5	CCSBORF5539	3AT	2	1189G>A	492	NC_000002.12:219421504:G:A	CCSBVarC007873	ENSP00000363071.3:p.Ala397Thr	DES	ENSG00000175084	ZMYM5
HsVcPillar2a6	CCSBORF12573	5	CCSBORF5539	3AT	2	1237G>A	1000	NC_000002.12:219421552:G:A	CCSBVarC007877	ENSP00000363071.3:p.Glu413Lys	DES	ENSG00000175084	ZMYM5
HsVcPillar2a6	CCSBORF12573	5	CCSBORF5539	3AT	2	1286G>A	2304	NC_000002.12:219423817:G:A	CCSBVarC007881	ENSP00000363071.3:p.Arg429Gln	DES	ENSG00000175084	ZMYM5
HsVcPillar2a6	CCSBORF12573	5	CCSBORF5539	3AT	2	1297C>A	134	NC_000002.12:219425670:C:A	CCSBVarC007882	ENSP00000363071.3:p.Pro433Thr	DES	ENSG00000175084	ZMYM5
HsVcPillar2a6	CCSBORF12573	5	CCSBORF5539	3AT	2	1322A>T	728	NC_000002.12:219425695:A:T	CCSBVarC007884	ENSP00000363071.3:p.His441Leu	DES	ENSG00000175084	ZMYM5
HsVcPillar2a6	CCSBORF12573	5	CCSBORF5539	3AT	2	1325C>T	45	NC_000002.12:219425698:C:T	CCSBVarC007885	ENSP00000363071.3:p.Thr442Ile	DES	ENSG00000175084	ZMYM5
HsVcPillar2a6	CCSBORF12573	5	CCSBORF5539	3AT	2	1333A>G	3593	NC_000002.12:219425706:A:G	CCSBVarC006509	ENSP00000363071.3:p.Thr445Ala	DES	ENSG00000175084	ZMYM5
HsVcPillar2a6	CCSBORF12573	5	CCSBORF5539	3AT	2	1366G>A	191	NC_000002.12:219425739:G:A	CCSBVarC007891	ENSP00000363071.3:p.Gly456Arg	DES	ENSG00000175084	ZMYM5
HsVcPillar2a6	CCSBORF12573	5	CCSBORF5539	3AT	2	166G>C	1086	NC_000002.12:219418627:G:C	CCSBVarC007794	ENSP00000363071.3:p.Val56Leu	DES	ENSG00000175084	ZMYM5
HsVcPillar2a6	CCSBORF12573	5	CCSBORF5539	3AT	2	193G>A	1928	NC_000002.12:219418654:G:A	CCSBVarC007797	ENSP00000363071.3:p.Gly65Ser	DES	ENSG00000175084	ZMYM5
HsVcPillar2a6	CCSBORF12573	5	CCSBORF5539	3AT	2	212C>T	795	NC_000002.12:219418673:C:T	CCSBVarC007799	ENSP00000363071.3:p.Ala71Val	DES	ENSG00000175084	ZMYM5
HsVcPillar2a6	CCSBORF12573	5	CCSBORF5539	3AT	2	216C>A	1537	NC_000002.12:219418677:C:A	CCSBVarC007800	ENSP00000363071.3:p.Ser72Arg	DES	ENSG00000175084	ZMYM5
HsVcPillar2a6	CCSBORF12573	5	CCSBORF5539	3AT	2	347A>G	648	NC_000002.12:219418808:A:G	CCSBVarC028071	ENSP00000363071.3:p.Asn116Ser	DES	ENSG00000175084	ZMYM5
HsVcPillar2a6	CCSBORF12573	5	CCSBORF5539	3AT	2	35C>T	1130	NC_000002.12:219418496:C:T	CCSBVarC007782	ENSP00000363071.3:p.Ser12Phe	DES	ENSG00000175084	ZMYM5
HsVcPillar2a6	CCSBORF12573	5	CCSBORF5539	3AT	2	391C>A	4457	NC_000002.12:219418852:C:A	CCSBVarC007811	ENSP00000363071.3:p.Gln131Lys	DES	ENSG00000175084	ZMYM5
HsVcPillar2a6	CCSBORF12573	5	CCSBORF5539	3AT	2	473A>T	519	NC_000002.12:219418934:A:T	CCSBVarC007817	ENSP00000363071.3:p.Glu158Val	DES	ENSG00000175084	ZMYM5
HsVcPillar2a6	CCSBORF12573	5	CCSBORF5539	3AT	2	556G>T	1124	NC_000002.12:219419017:G:T	CCSBVarC007820	ENSP00000363071.3:p.Asp186Tyr	DES	ENSG00000175084	ZMYM5
HsVcPillar2a6	CCSBORF12573	5	CCSBORF5539	3AT	2	635G>A	2678	NC_000002.12:219420150:G:A	CCSBVarC007824	ENSP00000363071.3:p.Arg212Gln	DES	ENSG00000175084	ZMYM5
HsVcPillar2a6	CCSBORF12573	5	CCSBORF5539	3AT	2	709G>A	1575	NC_000002.12:219420319:G:A	CCSBVarC007832	ENSP00000363071.3:p.Ala237Thr	DES	ENSG00000175084	ZMYM5
HsVcPillar2a6	CCSBORF12573	5	CCSBORF5539	3AT	2	727C>T	5	NC_000002.12:219420337:C:T	CCSBVarC007834	ENSP00000363071.3:p.His243Tyr	DES	ENSG00000175084	ZMYM5
HsVcPillar2a6	CCSBORF12573	5	CCSBORF5539	3AT	2	883T>G	1615	NC_000002.12:219420641:T:G	CCSBVarC007841	ENSP00000363071.3:p.Trp295Gly	DES	ENSG00000175084	ZMYM5
HsVcPillar2a6	CCSBORF12573	5	CCSBORF5539	3AT	2	934G>A	2159	NC_000002.12:219420863:G:A	CCSBVarC006505	ENSP00000363071.3:p.Asp312Asn	DES	ENSG00000175084	ZMYM5
HsVcPillar2a6	CCSBORF12573	5	CCSBORF5539	3AT	2	937G>A	1574	NC_000002.12:219420866:G:A	CCSBVarC007843	ENSP00000363071.3:p.Ala313Thr	DES	ENSG00000175084	ZMYM5
HsVcPillar2a6	CCSBORF12573	5	CCSBORF5539	3AT	2	97C>T	803	NC_000002.12:219418558:C:T	CCSBVarC007788	ENSP00000363071.3:p.Pro33Ser	DES	ENSG00000175084	ZMYM5
HsVcPillar2a6	CCSBORF12573	5	CCSBORF5539	3AT	2	986A>C	455	NC_000002.12:219420915:A:C	CCSBVarC007848	ENSP00000363071.3:p.Gln329Pro	DES	ENSG00000175084	ZMYM5
HsVcPillar2a6	CCSBORF300	2	CCSBORF8190	3AT	2	REF	1414	NULL	NULL	NULL	GALT	ENSG00000213930	UBTD2
HsVcPillar2a6	CCSBORF300	2	CCSBORF8190	3AT	2	1001A>G	10063	NC_000009.12:34649505:A:G	CCSBVarC007284	ENSP00000368119.4:p.Lys334Arg	GALT	ENSG00000213930	UBTD2
HsVcPillar2a6	CCSBORF300	2	CCSBORF8190	3AT	2	1006A>T	4	NC_000009.12:34649510:A:T	CCSBVarC007286	ENSP00000368119.4:p.Met336Leu	GALT	ENSG00000213930	UBTD2
HsVcPillar2a6	CCSBORF300	2	CCSBORF8190	3AT	2	100T>A	3	NC_000009.12:34647105:T:A	CCSBVarC000034	ENSP00000368119.4:p.Tyr34Asn	GALT	ENSG00000213930	UBTD2
HsVcPillar2a6	CCSBORF300	2	CCSBORF8190	3AT	2	1034C>A	0	NC_000009.12:34649538:C:A	CCSBVarC007290	ENSP00000368119.4:p.Ala345Asp	GALT	ENSG00000213930	UBTD2
HsVcPillar2a6	CCSBORF300	2	CCSBORF8190	3AT	2	1081C>T	392	NC_000009.12:34650389:C:T	CCSBVarC007292	ENSP00000368119.4:p.Leu361Phe	GALT	ENSG00000213930	UBTD2
HsVcPillar2a6	CCSBORF300	2	CCSBORF8190	3AT	2	265T>C	9	NC_000009.12:34647503:T:C	CCSBVarC004978	ENSP00000368119.4:p.Tyr89His	GALT	ENSG00000213930	UBTD2
HsVcPillar2a6	CCSBORF300	2	CCSBORF8190	3AT	2	385A>T	13	NC_000009.12:34647838:A:T	CCSBVarC007175	ENSP00000368119.4:p.Met129Leu	GALT	ENSG00000213930	UBTD2
HsVcPillar2a6	CCSBORF300	2	CCSBORF8190	3AT	2	392T>G	1108	NC_000009.12:34647845:T:G	CCSBVarC007179	ENSP00000368119.4:p.Phe131Cys	GALT	ENSG00000213930	UBTD2
HsVcPillar2a6	CCSBORF300	2	CCSBORF8190	3AT	2	406G>T	1342	NC_000009.12:34647859:G:T	CCSBVarC007183	ENSP00000368119.4:p.Asp136Tyr	GALT	ENSG00000213930	UBTD2
HsVcPillar2a6	CCSBORF300	2	CCSBORF8190	3AT	2	428C>T	60	NC_000009.12:34647881:C:T	CCSBVarC007189	ENSP00000368119.4:p.Ser143Leu	GALT	ENSG00000213930	UBTD2
HsVcPillar2a6	CCSBORF300	2	CCSBORF8190	3AT	2	460T>C	5	NC_000009.12:34647913:T:C	CCSBVarC007195	ENSP00000368119.4:p.Trp154Arg	GALT	ENSG00000213930	UBTD2
HsVcPillar2a6	CCSBORF300	2	CCSBORF8190	3AT	2	482T>C	25	NC_000009.12:34647935:T:C	CCSBVarC007197	ENSP00000368119.4:p.Leu161Pro	GALT	ENSG00000213930	UBTD2
HsVcPillar2a6	CCSBORF300	2	CCSBORF8190	3AT	2	496C>G	4	NC_000009.12:34647949:C:G	CCSBVarC007198	ENSP00000368119.4:p.Pro166Ala	GALT	ENSG00000213930	UBTD2
HsVcPillar2a6	CCSBORF300	2	CCSBORF8190	3AT	2	533T>G	122	NC_000009.12:34648139:T:G	CCSBVarC018002	ENSP00000368119.4:p.Met178Arg	GALT	ENSG00000213930	UBTD2
HsVcPillar2a6	CCSBORF300	2	CCSBORF8190	3AT	2	536G>A	22	NC_000009.12:34648142:G:A	CCSBVarC004984	ENSP00000368119.4:p.Gly179Asp	GALT	ENSG00000213930	UBTD2
HsVcPillar2a6	CCSBORF300	2	CCSBORF8190	3AT	2	539G>T	35	NC_000009.12:34648145:G:T	CCSBVarC007206	ENSP00000368119.4:p.Cys180Phe	GALT	ENSG00000213930	UBTD2
HsVcPillar2a6	CCSBORF300	2	CCSBORF8190	3AT	2	605A>C	2	NC_000009.12:34648373:A:C	CCSBVarC007224	ENSP00000368119.4:p.Glu202Ala	GALT	ENSG00000213930	UBTD2
HsVcPillar2a6	CCSBORF300	2	CCSBORF8190	3AT	2	607G>A	8445	NC_000009.12:34648375:G:A	CCSBVarC007225	ENSP00000368119.4:p.Glu203Lys	GALT	ENSG00000213930	UBTD2
HsVcPillar2a6	CCSBORF300	2	CCSBORF8190	3AT	2	635A>C	1457	NC_000009.12:34648403:A:C	CCSBVarC007228	ENSP00000368119.4:p.Gln212Pro	GALT	ENSG00000213930	UBTD2
HsVcPillar2a6	CCSBORF300	2	CCSBORF8190	3AT	2	683G>C	2085	NC_000009.12:34648451:G:C	CCSBVarC007234	ENSP00000368119.4:p.Arg228Thr	GALT	ENSG00000213930	UBTD2
HsVcPillar2a6	CCSBORF300	2	CCSBORF8190	3AT	2	82G>T	5775	NC_000009.12:34646785:G:T	CCSBVarC007140	ENSP00000368119.4:p.Asp28Tyr	GALT	ENSG00000213930	UBTD2
HsVcPillar2a6	CCSBORF300	2	CCSBORF8190	3AT	2	854A>G	1568	NC_000009.12:34649030:A:G	CCSBVarC007256	ENSP00000368119.4:p.Lys285Arg	GALT	ENSG00000213930	UBTD2
HsVcPillar2a6	CCSBORF300	2	CCSBORF8190	3AT	2	857A>G	4	NC_000009.12:34649033:A:G	CCSBVarC007258	ENSP00000368119.4:p.Tyr286Cys	GALT	ENSG00000213930	UBTD2
HsVcPillar2a6	CCSBORF300	2	CCSBORF8190	3AT	2	864C>A	560	NC_000009.12:34649040:C:A	CCSBVarC007259	ENSP00000368119.4:p.Asn288Lys	GALT	ENSG00000213930	UBTD2
HsVcPillar2a6	CCSBORF300	2	CCSBORF8190	3AT	2	871G>A	3495	NC_000009.12:34649047:G:A	CCSBVarC007262	ENSP00000368119.4:p.Glu291Lys	GALT	ENSG00000213930	UBTD2
HsVcPillar2a6	CCSBORF300	2	CCSBORF8190	3AT	2	872A>T	4743	NC_000009.12:34649048:A:T	CCSBVarC004996	ENSP00000368119.4:p.Glu291Val	GALT	ENSG00000213930	UBTD2
HsVcPillar2a6	CCSBORF300	2	CCSBORF8190	3AT	2	883C>A	87	NC_000009.12:34649059:C:A	CCSBVarC007264	ENSP00000368119.4:p.Pro295Thr	GALT	ENSG00000213930	UBTD2
HsVcPillar2a6	CCSBORF300	2	CCSBORF8190	3AT	2	902A>G	6	NC_000009.12:34649078:A:G	CCSBVarC007266	ENSP00000368119.4:p.His301Arg	GALT	ENSG00000213930	UBTD2
HsVcPillar2a6	CCSBORF300	2	CCSBORF8190	3AT	2	974C>T	185	NC_000009.12:34649478:C:T	CCSBVarC007275	ENSP00000368119.4:p.Pro325Leu	GALT	ENSG00000213930	UBTD2
HsVcPillar2a6	CCSBORF300	2	CCSBORF8190	3AT	2	985T>C	1355	NC_000009.12:34649489:T:C	CCSBVarC007279	ENSP00000368119.4:p.Ser329Pro	GALT	ENSG00000213930	UBTD2
HsVcPillar2a6	CCSBORF300	2	CCSBORF8190	3AT	2	998G>A	7065	NC_000009.12:34649502:G:A	CCSBVarC005002	ENSP00000368119.4:p.Arg333Gln	GALT	ENSG00000213930	UBTD2
HsVcPillar2a6	CCSBORF300	6	CCSBORF8190	3AT	2	REF	1546	NULL	NULL	NULL	GALT	ENSG00000213930	UBTD2
HsVcPillar2a6	CCSBORF300	6	CCSBORF8190	3AT	2	1006A>G	19	NC_000009.12:34649510:A:G	CCSBVarC007285	ENSP00000368119.4:p.Met336Val	GALT	ENSG00000213930	UBTD2
HsVcPillar2a6	CCSBORF300	6	CCSBORF8190	3AT	2	134C>T	3220	NC_000009.12:34647139:C:T	CCSBVarC007148	ENSP00000368119.4:p.Ser45Leu	GALT	ENSG00000213930	UBTD2
HsVcPillar2a6	CCSBORF300	6	CCSBORF8190	3AT	2	241G>C	4	NC_000009.12:34647246:G:C	CCSBVarC017970	ENSP00000368119.4:p.Ala81Pro	GALT	ENSG00000213930	UBTD2
HsVcPillar2a6	CCSBORF300	6	CCSBORF8190	3AT	2	277T>A	1	NC_000009.12:34647515:T:A	CCSBVarC007161	ENSP00000368119.4:p.Phe93Ile	GALT	ENSG00000213930	UBTD2
HsVcPillar2a6	CCSBORF300	6	CCSBORF8190	3AT	2	290A>G	4967	NC_000009.12:34647528:A:G	CCSBVarC007163	ENSP00000368119.4:p.Asn97Ser	GALT	ENSG00000213930	UBTD2
HsVcPillar2a6	CCSBORF300	6	CCSBORF8190	3AT	2	337G>A	45497	NC_000009.12:34647664:G:A	CCSBVarC004979	ENSP00000368119.4:p.Asp113Asn	GALT	ENSG00000213930	UBTD2
HsVcPillar2a6	CCSBORF300	6	CCSBORF8190	3AT	2	354A>C	15	NC_000009.12:34647681:A:C	CCSBVarC007170	ENSP00000368119.4:p.Gln118His	GALT	ENSG00000213930	UBTD2
HsVcPillar2a6	CCSBORF300	6	CCSBORF8190	3AT	2	424A>G	39	NC_000009.12:34647877:A:G	CCSBVarC007186	ENSP00000368119.4:p.Met142Val	GALT	ENSG00000213930	UBTD2
HsVcPillar2a6	CCSBORF300	6	CCSBORF8190	3AT	2	425T>C	35	NC_000009.12:34647878:T:C	CCSBVarC007188	ENSP00000368119.4:p.Met142Thr	GALT	ENSG00000213930	UBTD2
HsVcPillar2a6	CCSBORF300	6	CCSBORF8190	3AT	2	443G>A	13	NC_000009.12:34647896:G:A	CCSBVarC007192	ENSP00000368119.4:p.Arg148Gln	GALT	ENSG00000213930	UBTD2
HsVcPillar2a6	CCSBORF300	6	CCSBORF8190	3AT	2	448G>C	246	NC_000009.12:34647901:G:C	CCSBVarC007193	ENSP00000368119.4:p.Val150Leu	GALT	ENSG00000213930	UBTD2
HsVcPillar2a6	CCSBORF300	6	CCSBORF8190	3AT	2	452T>C	51	NC_000009.12:34647905:T:C	CCSBVarC007194	ENSP00000368119.4:p.Val151Ala	GALT	ENSG00000213930	UBTD2
HsVcPillar2a6	CCSBORF300	6	CCSBORF8190	3AT	2	524G>A	3	NC_000009.12:34648130:G:A	CCSBVarC000035	ENSP00000368119.4:p.Gly175Asp	GALT	ENSG00000213930	UBTD2
HsVcPillar2a6	CCSBORF300	6	CCSBORF8190	3AT	2	539G>A	18	NC_000009.12:34648145:G:A	CCSBVarC007205	ENSP00000368119.4:p.Cys180Tyr	GALT	ENSG00000213930	UBTD2
HsVcPillar2a6	CCSBORF300	6	CCSBORF8190	3AT	2	541T>G	10674	NC_000009.12:34648147:T:G	CCSBVarC007207	ENSP00000368119.4:p.Ser181Ala	GALT	ENSG00000213930	UBTD2
HsVcPillar2a6	CCSBORF300	6	CCSBORF8190	3AT	2	553C>T	193	NC_000009.12:34648159:C:T	CCSBVarC007211	ENSP00000368119.4:p.Pro185Ser	GALT	ENSG00000213930	UBTD2
HsVcPillar2a6	CCSBORF300	6	CCSBORF8190	3AT	2	554C>A	1393	NC_000009.12:34648160:C:A	CCSBVarC004986	ENSP00000368119.4:p.Pro185His	GALT	ENSG00000213930	UBTD2
HsVcPillar2a6	CCSBORF300	6	CCSBORF8190	3AT	2	554C>T	5	NC_000009.12:34648160:C:T	CCSBVarC007212	ENSP00000368119.4:p.Pro185Leu	GALT	ENSG00000213930	UBTD2
HsVcPillar2a6	CCSBORF300	6	CCSBORF8190	3AT	2	558C>A	1	NC_000009.12:34648164:C:A	CCSBVarC007213	ENSP00000368119.4:p.His186Gln	GALT	ENSG00000213930	UBTD2
HsVcPillar2a6	CCSBORF300	6	CCSBORF8190	3AT	2	562C>A	26	NC_000009.12:34648168:C:A	CCSBVarC007214	ENSP00000368119.4:p.Gln188Lys	GALT	ENSG00000213930	UBTD2
HsVcPillar2a6	CCSBORF300	6	CCSBORF8190	3AT	2	563A>G	36	NC_000009.12:34648169:A:G	CCSBVarC007215	ENSP00000368119.4:p.Gln188Arg	GALT	ENSG00000213930	UBTD2
HsVcPillar2a6	CCSBORF300	6	CCSBORF8190	3AT	2	574A>G	15	NC_000009.12:34648342:A:G	CCSBVarC004988	ENSP00000368119.4:p.Ser192Gly	GALT	ENSG00000213930	UBTD2
HsVcPillar2a6	CCSBORF300	6	CCSBORF8190	3AT	2	595G>A	2	NC_000009.12:34648363:G:A	CCSBVarC004990	ENSP00000368119.4:p.Ala199Thr	GALT	ENSG00000213930	UBTD2
HsVcPillar2a6	CCSBORF300	6	CCSBORF8190	3AT	2	748C>A	1	NC_000009.12:34648821:C:A	CCSBVarC007240	ENSP00000368119.4:p.Pro250Thr	GALT	ENSG00000213930	UBTD2
HsVcPillar2a6	CCSBORF300	6	CCSBORF8190	3AT	2	752A>G	31	NC_000009.12:34648825:A:G	CCSBVarC007242	ENSP00000368119.4:p.Tyr251Cys	GALT	ENSG00000213930	UBTD2
HsVcPillar2a6	CCSBORF300	6	CCSBORF8190	3AT	2	770C>T	3	NC_000009.12:34648843:C:T	CCSBVarC007244	ENSP00000368119.4:p.Pro257Leu	GALT	ENSG00000213930	UBTD2
HsVcPillar2a6	CCSBORF300	6	CCSBORF8190	3AT	2	772C>T	14	NC_000009.12:34648845:C:T	CCSBVarC004995	ENSP00000368119.4:p.Arg258Cys	GALT	ENSG00000213930	UBTD2
HsVcPillar2a6	CCSBORF300	6	CCSBORF8190	3AT	2	785G>C	16	NC_000009.12:34648858:G:C	CCSBVarC007247	ENSP00000368119.4:p.Arg262Pro	GALT	ENSG00000213930	UBTD2
HsVcPillar2a6	CCSBORF300	6	CCSBORF8190	3AT	2	812A>G	10	NC_000009.12:34648885:A:G	CCSBVarC007250	ENSP00000368119.4:p.Glu271Gly	GALT	ENSG00000213930	UBTD2
HsVcPillar2a6	CCSBORF300	6	CCSBORF8190	3AT	2	951G>T	3049	NC_000009.12:34649455:G:T	CCSBVarC007269	ENSP00000368119.4:p.Gln317His	GALT	ENSG00000213930	UBTD2
HsVcPillar2a6	CCSBORF300	6	CCSBORF8190	3AT	2	957C>A	2	NC_000009.12:34649461:C:A	CCSBVarC007270	ENSP00000368119.4:p.His319Gln	GALT	ENSG00000213930	UBTD2
HsVcPillar2a6	CCSBORF300	6	CCSBORF8190	3AT	2	967T>C	20	NC_000009.12:34649471:T:C	CCSBVarC007273	ENSP00000368119.4:p.Tyr323His	GALT	ENSG00000213930	UBTD2
HsVcPillar2a6	CCSBORF300	6	CCSBORF8190	3AT	2	998G>T	1602	NC_000009.12:34649502:G:T	CCSBVarC007283	ENSP00000368119.4:p.Arg333Leu	GALT	ENSG00000213930	UBTD2
HsVcPillar2a6	CCSBORF5808	1	CCSBORF8297	3AT	2	REF	8771	NULL	NULL	NULL	HBB	ENSG00000244734	HBZ
HsVcPillar2a6	CCSBORF5808	1	CCSBORF8297	3AT	2	140G>A	12	NC_000011.10:5226751:C:T	CCSBVarC010096	ENSP00000333994.3:p.Gly47Glu	HBB	ENSG00000244734	HBZ
HsVcPillar2a6	CCSBORF5808	1	CCSBORF8297	3AT	2	176C>G	23	NC_000011.10:5226715:G:C	CCSBVarC010190	ENSP00000333994.3:p.Pro59Arg	HBB	ENSG00000244734	HBZ
HsVcPillar2a6	CCSBORF5808	1	CCSBORF8297	3AT	2	186G>C	15	NC_000011.10:5226705:C:G	CCSBVarC010131	ENSP00000333994.3:p.Lys62Asn	HBB	ENSG00000244734	HBZ
HsVcPillar2a6	CCSBORF5808	1	CCSBORF8297	3AT	2	190C>T	17	NC_000011.10:5226701:G:A	CCSBVarC010155	ENSP00000333994.3:p.His64Tyr	HBB	ENSG00000244734	HBZ
HsVcPillar2a6	CCSBORF5808	1	CCSBORF8297	3AT	2	212C>T	274	NC_000011.10:5226679:G:A	CCSBVarC006223	ENSP00000333994.3:p.Ala71Val	HBB	ENSG00000244734	HBZ
HsVcPillar2a6	CCSBORF5808	1	CCSBORF8297	3AT	2	23A>G	57	NC_000011.10:5226998:T:C	CCSBVarC006214	ENSP00000333994.3:p.Glu8Gly	HBB	ENSG00000244734	HBZ
HsVcPillar2a6	CCSBORF5808	1	CCSBORF8297	3AT	2	247A>G	23192	NC_000011.10:5226644:T:C	CCSBVarC010174	ENSP00000333994.3:p.Lys83Glu	HBB	ENSG00000244734	HBZ
HsVcPillar2a6	CCSBORF5808	1	CCSBORF8297	3AT	2	275T>C	8	NC_000011.10:5226616:A:G	CCSBVarC010206	ENSP00000333994.3:p.Leu92Pro	HBB	ENSG00000244734	HBZ
HsVcPillar2a6	CCSBORF5808	1	CCSBORF8297	3AT	2	289C>G	26	NC_000011.10:5226602:G:C	CCSBVarC006227	ENSP00000333994.3:p.Leu97Val	HBB	ENSG00000244734	HBZ
HsVcPillar2a6	CCSBORF5808	1	CCSBORF8297	3AT	2	308A>C	25317	NC_000011.10:5226583:T:G	CCSBVarC010077	ENSP00000333994.3:p.Asn103Thr	HBB	ENSG00000244734	HBZ
HsVcPillar2a6	CCSBORF5808	1	CCSBORF8297	3AT	2	312C>G	43	NC_000011.10:5226579:G:C	CCSBVarC000906	ENSP00000333994.3:p.Phe104Leu	HBB	ENSG00000244734	HBZ
HsVcPillar2a6	CCSBORF5808	1	CCSBORF8297	3AT	2	325A>G	26754	NC_000011.10:5225716:T:C	CCSBVarC006231	ENSP00000333994.3:p.Asn109Asp	HBB	ENSG00000244734	HBZ
HsVcPillar2a6	CCSBORF5808	1	CCSBORF8297	3AT	2	334G>C	21328	NC_000011.10:5225707:C:G	CCSBVarC010111	ENSP00000333994.3:p.Val112Leu	HBB	ENSG00000244734	HBZ
HsVcPillar2a6	CCSBORF5808	1	CCSBORF8297	3AT	2	364G>A	48	NC_000011.10:5225677:C:T	CCSBVarC006234	ENSP00000333994.3:p.Glu122Lys	HBB	ENSG00000244734	HBZ
HsVcPillar2a6	CCSBORF5808	1	CCSBORF8297	3AT	2	373C>A	4	NC_000011.10:5225668:G:T	CCSBVarC010085	ENSP00000333994.3:p.Pro125Thr	HBB	ENSG00000244734	HBZ
HsVcPillar2a6	CCSBORF5808	1	CCSBORF8297	3AT	2	383A>C	46	NC_000011.10:5225658:T:G	CCSBVarC006238	ENSP00000333994.3:p.Gln128Pro	HBB	ENSG00000244734	HBZ
HsVcPillar2a6	CCSBORF5808	1	CCSBORF8297	3AT	2	404T>A	17	NC_000011.10:5225637:A:T	CCSBVarC010200	ENSP00000333994.3:p.Val135Glu	HBB	ENSG00000244734	HBZ
HsVcPillar2a6	CCSBORF5808	1	CCSBORF8297	3AT	2	60C>A	32	NC_000011.10:5226961:G:T	CCSBVarC010117	ENSP00000333994.3:p.Asn20Lys	HBB	ENSG00000244734	HBZ
HsVcPillar2a6	CCSBORF5808	1	CCSBORF8297	3AT	2	61G>A	791	NC_000011.10:5226960:C:T	CCSBVarC010146	ENSP00000333994.3:p.Val21Met	HBB	ENSG00000244734	HBZ
HsVcPillar2a6	CCSBORF5808	1	CCSBORF8297	3AT	2	64G>T	11	NC_000011.10:5226957:C:A	CCSBVarC010104	ENSP00000333994.3:p.Asp22Tyr	HBB	ENSG00000244734	HBZ
HsVcPillar2a6	CCSBORF5808	1	CCSBORF8297	3AT	2	70G>A	2305	NC_000011.10:5226951:C:T	CCSBVarC006218	ENSP00000333994.3:p.Val24Ile	HBB	ENSG00000244734	HBZ
HsVcPillar2a6	CCSBORF5808	1	CCSBORF8297	3AT	2	80A>G	30	NC_000011.10:5226941:T:C	CCSBVarC010222	ENSP00000333994.3:p.Glu27Gly	HBB	ENSG00000244734	HBZ
HsVcPillar2a6	CCSBORF5808	1	CCSBORF8297	3AT	2	8A>G	367	NC_000011.10:5227013:T:C	CCSBVarC010138	ENSP00000333994.3:p.His3Arg	HBB	ENSG00000244734	HBZ
HsVcPillar2a6	CCSBORF4765	1	CCSBORF11621	3AT	2	REF	8	NULL	NULL	NULL	ITGB2	ENSG00000160255	MTIF3
HsVcPillar2a6	CCSBORF4765	1	CCSBORF11621	3AT	2	1021G>C	1	NC_000021.9:44895032:C:G	CCSBVarC008390	ENSP00000498780.1:p.Ala341Pro	ITGB2	ENSG00000160255	MTIF3
HsVcPillar2a6	CCSBORF4765	1	CCSBORF11621	3AT	2	1172C>T	0	NC_000021.9:44893455:G:A	CCSBVarC007536	ENSP00000498780.1:p.Thr391Met	ITGB2	ENSG00000160255	MTIF3
HsVcPillar2a6	CCSBORF4765	1	CCSBORF11621	3AT	2	130A>C	0	NC_000021.9:44910300:T:G	CCSBVarC008418	ENSP00000498780.1:p.Thr44Pro	ITGB2	ENSG00000160255	MTIF3
HsVcPillar2a6	CCSBORF4765	1	CCSBORF11621	3AT	2	1670G>C	0	NC_000021.9:44889482:C:G	CCSBVarC008425	ENSP00000498780.1:p.Cys557Ser	ITGB2	ENSG00000160255	MTIF3
HsVcPillar2a6	CCSBORF4765	1	CCSBORF11621	3AT	2	1756C>T	0	NC_000021.9:44889396:G:A	CCSBVarC008429	ENSP00000498780.1:p.Arg586Trp	ITGB2	ENSG00000160255	MTIF3
HsVcPillar2a6	CCSBORF4765	1	CCSBORF11621	3AT	2	1768T>C	1	NC_000021.9:44889384:A:G	CCSBVarC000703	ENSP00000498780.1:p.Cys590Arg	ITGB2	ENSG00000160255	MTIF3
HsVcPillar2a6	CCSBORF4765	1	CCSBORF11621	3AT	2	1835G>T	0	NC_000021.9:44889317:C:A	CCSBVarC009514	ENSP00000498780.1:p.Cys612Phe	ITGB2	ENSG00000160255	MTIF3
HsVcPillar2a6	CCSBORF4765	1	CCSBORF11621	3AT	2	2147G>C	1	NC_000021.9:44886835:C:G	CCSBVarC008410	ENSP00000498780.1:p.Gly716Ala	ITGB2	ENSG00000160255	MTIF3
HsVcPillar2a6	CCSBORF4765	1	CCSBORF11621	3AT	2	229G>A	1	NC_000021.9:44907013:C:T	CCSBVarC008408	ENSP00000498780.1:p.Asp77Asn	ITGB2	ENSG00000160255	MTIF3
HsVcPillar2a6	CCSBORF4765	1	CCSBORF11621	3AT	2	392A>C	1	NC_000021.9:44903471:T:G	CCSBVarC008404	ENSP00000498780.1:p.Tyr131Ser	ITGB2	ENSG00000160255	MTIF3
HsVcPillar2a6	CCSBORF4765	1	CCSBORF11621	3AT	2	412T>C	0	NC_000021.9:44903451:A:G	CCSBVarC000701	ENSP00000498780.1:p.Ser138Pro	ITGB2	ENSG00000160255	MTIF3
HsVcPillar2a6	CCSBORF4765	1	CCSBORF11621	3AT	2	446T>C	0	NC_000021.9:44903417:A:G	CCSBVarC007547	ENSP00000498780.1:p.Leu149Pro	ITGB2	ENSG00000160255	MTIF3
HsVcPillar2a6	CCSBORF4765	1	CCSBORF11621	3AT	2	520A>G	1	NC_000021.9:44901712:T:C	CCSBVarC008420	ENSP00000498780.1:p.Lys174Glu	ITGB2	ENSG00000160255	MTIF3
HsVcPillar2a6	CCSBORF4765	1	CCSBORF11621	3AT	2	533C>T	0	NC_000021.9:44901699:G:A	CCSBVarC007545	ENSP00000498780.1:p.Pro178Leu	ITGB2	ENSG00000160255	MTIF3
HsVcPillar2a6	CCSBORF4765	1	CCSBORF11621	3AT	2	706G>A	0	NC_000021.9:44901526:C:T	CCSBVarC007542	ENSP00000498780.1:p.Gly236Arg	ITGB2	ENSG00000160255	MTIF3
HsVcPillar2a6	CCSBORF4765	1	CCSBORF11621	3AT	2	769C>T	3	NC_000021.9:44900447:G:A	CCSBVarC008422	ENSP00000498780.1:p.Arg257Trp	ITGB2	ENSG00000160255	MTIF3
HsVcPillar2a6	CCSBORF4765	1	CCSBORF11621	3AT	2	850G>A	0	NC_000021.9:44900366:C:T	CCSBVarC007539	ENSP00000498780.1:p.Gly284Ser	ITGB2	ENSG00000160255	MTIF3
HsVcPillar2a6	CCSBORF4765	1	CCSBORF11621	3AT	2	899A>T	0	NC_000021.9:44899160:T:A	CCSBVarC003145	ENSP00000498780.1:p.Asp300Val	ITGB2	ENSG00000160255	MTIF3
HsVcPillar2a6	CCSBORF4765	3	CCSBORF11621	3AT	2	REF	0	NULL	NULL	NULL	ITGB2	ENSG00000160255	MTIF3
HsVcPillar2a6	CCSBORF4765	3	CCSBORF11621	3AT	2	130A>C	0	NC_000021.9:44910300:T:G	CCSBVarC008418	ENSP00000498780.1:p.Thr44Pro	ITGB2	ENSG00000160255	MTIF3
HsVcPillar2a6	CCSBORF4765	3	CCSBORF11621	3AT	2	1324C>T	0	NC_000021.9:44891896:G:A	CCSBVarC007535	ENSP00000498780.1:p.Leu442Phe	ITGB2	ENSG00000160255	MTIF3
HsVcPillar2a6	CCSBORF4765	3	CCSBORF11621	3AT	2	1358G>A	0	NC_000021.9:44891862:C:T	CCSBVarC008424	ENSP00000498780.1:p.Ser453Asn	ITGB2	ENSG00000160255	MTIF3
HsVcPillar2a6	CCSBORF4765	3	CCSBORF11621	3AT	2	1642G>T	0	NC_000021.9:44889992:C:A	CCSBVarC007534	ENSP00000498780.1:p.Val548Phe	ITGB2	ENSG00000160255	MTIF3
HsVcPillar2a6	CCSBORF4765	3	CCSBORF11621	3AT	2	1670G>C	0	NC_000021.9:44889482:C:G	CCSBVarC008425	ENSP00000498780.1:p.Cys557Ser	ITGB2	ENSG00000160255	MTIF3
HsVcPillar2a6	CCSBORF4765	3	CCSBORF11621	3AT	2	1697C>T	0	NC_000021.9:44889455:G:A	CCSBVarC007533	ENSP00000498780.1:p.Pro566Leu	ITGB2	ENSG00000160255	MTIF3
HsVcPillar2a6	CCSBORF4765	3	CCSBORF11621	3AT	2	1768T>C	0	NC_000021.9:44889384:A:G	CCSBVarC000703	ENSP00000498780.1:p.Cys590Arg	ITGB2	ENSG00000160255	MTIF3
HsVcPillar2a6	CCSBORF4765	3	CCSBORF11621	3AT	2	2210G>A	0	NC_000021.9:44886772:C:T	CCSBVarC007532	ENSP00000498780.1:p.Arg737His	ITGB2	ENSG00000160255	MTIF3
HsVcPillar2a6	CCSBORF4765	3	CCSBORF11621	3AT	2	253G>A	0	NC_000021.9:44906989:C:T	CCSBVarC007548	ENSP00000498780.1:p.Ala85Thr	ITGB2	ENSG00000160255	MTIF3
HsVcPillar2a6	CCSBORF4765	3	CCSBORF11621	3AT	2	400G>A	0	NC_000021.9:44903463:C:T	CCSBVarC008399	ENSP00000498780.1:p.Asp134Asn	ITGB2	ENSG00000160255	MTIF3
HsVcPillar2a6	CCSBORF4765	3	CCSBORF11621	3AT	2	587A>C	0	NC_000021.9:44901645:T:G	CCSBVarC007544	ENSP00000498780.1:p.Lys196Thr	ITGB2	ENSG00000160255	MTIF3
HsVcPillar2a6	CCSBORF4765	3	CCSBORF11621	3AT	2	589G>A	0	NC_000021.9:44901643:C:T	CCSBVarC007543	ENSP00000498780.1:p.Glu197Lys	ITGB2	ENSG00000160255	MTIF3
HsVcPillar2a6	CCSBORF4765	3	CCSBORF11621	3AT	2	706G>A	0	NC_000021.9:44901526:C:T	CCSBVarC007542	ENSP00000498780.1:p.Gly236Arg	ITGB2	ENSG00000160255	MTIF3
HsVcPillar2a6	CCSBORF4765	3	CCSBORF11621	3AT	2	809C>T	0	NC_000021.9:44900407:G:A	CCSBVarC008389	ENSP00000498780.1:p.Ala270Val	ITGB2	ENSG00000160255	MTIF3
HsVcPillar2a6	CCSBORF4765	3	CCSBORF11621	3AT	2	847G>A	0	NC_000021.9:44900369:C:T	CCSBVarC007540	ENSP00000498780.1:p.Asp283Asn	ITGB2	ENSG00000160255	MTIF3
HsVcPillar2a6	CCSBORF4765	3	CCSBORF11621	3AT	2	853C>T	0	NC_000021.9:44900363:G:A	CCSBVarC007538	ENSP00000498780.1:p.Arg285Cys	ITGB2	ENSG00000160255	MTIF3
HsVcPillar2a6	CCSBORF4765	3	CCSBORF11621	3AT	2	899A>T	0	NC_000021.9:44899160:T:A	CCSBVarC003145	ENSP00000498780.1:p.Asp300Val	ITGB2	ENSG00000160255	MTIF3
HsVcPillar2a6	CCSBORF100016069	3	CCSBORF6281	3AT	2	REF	8079	NULL	NULL	NULL	KCNJ2	ENSG00000123700	KCNJ15
HsVcPillar2a6	CCSBORF100016069	3	CCSBORF6281	3AT	2	119G>A	349	NC_000017.11:70175157:G:A	CCSBVarC008308	ENSP00000243457.2:p.Arg40Gln	KCNJ2	ENSG00000123700	KCNJ15
HsVcPillar2a6	CCSBORF100016069	3	CCSBORF6281	3AT	2	1229A>G	6	NC_000017.11:70176267:A:G	CCSBVarC008357	ENSP00000243457.2:p.Asn410Ser	KCNJ2	ENSG00000123700	KCNJ15
HsVcPillar2a6	CCSBORF100016069	3	CCSBORF6281	3AT	2	1244C>T	208	NC_000017.11:70176282:C:T	CCSBVarC008358	ENSP00000243457.2:p.Pro415Leu	KCNJ2	ENSG00000123700	KCNJ15
HsVcPillar2a6	CCSBORF100016069	3	CCSBORF6281	3AT	2	161G>T	220	NC_000017.11:70175199:G:T	CCSBVarC008310	ENSP00000243457.2:p.Cys54Phe	KCNJ2	ENSG00000123700	KCNJ15
HsVcPillar2a6	CCSBORF100016069	3	CCSBORF6281	3AT	2	200G>A	47	NC_000017.11:70175238:G:A	CCSBVarC008312	ENSP00000243457.2:p.Arg67Gln	KCNJ2	ENSG00000123700	KCNJ15
HsVcPillar2a6	CCSBORF100016069	3	CCSBORF6281	3AT	2	208G>A	28	NC_000017.11:70175246:G:A	CCSBVarC008313	ENSP00000243457.2:p.Ala70Thr	KCNJ2	ENSG00000123700	KCNJ15
HsVcPillar2a6	CCSBORF100016069	3	CCSBORF6281	3AT	2	208G>T	36	NC_000017.11:70175246:G:T	CCSBVarC008314	ENSP00000243457.2:p.Ala70Ser	KCNJ2	ENSG00000123700	KCNJ15
HsVcPillar2a6	CCSBORF100016069	3	CCSBORF6281	3AT	2	211G>C	12	NC_000017.11:70175249:G:C	CCSBVarC008316	ENSP00000243457.2:p.Asp71His	KCNJ2	ENSG00000123700	KCNJ15
HsVcPillar2a6	CCSBORF100016069	3	CCSBORF6281	3AT	2	226T>G	11	NC_000017.11:70175264:T:G	CCSBVarC008320	ENSP00000243457.2:p.Cys76Gly	KCNJ2	ENSG00000123700	KCNJ15
HsVcPillar2a6	CCSBORF100016069	3	CCSBORF6281	3AT	2	232G>T	20391	NC_000017.11:70175270:G:T	CCSBVarC035501	ENSP00000243457.2:p.Asp78Tyr	KCNJ2	ENSG00000123700	KCNJ15
HsVcPillar2a6	CCSBORF100016069	3	CCSBORF6281	3AT	2	233A>G	17	NC_000017.11:70175271:A:G	CCSBVarC008321	ENSP00000243457.2:p.Asp78Gly	KCNJ2	ENSG00000123700	KCNJ15
HsVcPillar2a6	CCSBORF100016069	3	CCSBORF6281	3AT	2	256G>T	4	NC_000017.11:70175294:G:T	CCSBVarC008324	ENSP00000243457.2:p.Val86Phe	KCNJ2	ENSG00000123700	KCNJ15
HsVcPillar2a6	CCSBORF100016069	3	CCSBORF6281	3AT	2	277G>A	23	NC_000017.11:70175315:G:A	CCSBVarC008325	ENSP00000243457.2:p.Val93Ile	KCNJ2	ENSG00000123700	KCNJ15
HsVcPillar2a6	CCSBORF100016069	3	CCSBORF6281	3AT	2	557C>T	4	NC_000017.11:70175595:C:T	CCSBVarC008330	ENSP00000243457.2:p.Pro186Leu	KCNJ2	ENSG00000123700	KCNJ15
HsVcPillar2a6	CCSBORF100016069	3	CCSBORF6281	3AT	2	566G>A	57	NC_000017.11:70175604:G:A	CCSBVarC008332	ENSP00000243457.2:p.Arg189Lys	KCNJ2	ENSG00000123700	KCNJ15
HsVcPillar2a6	CCSBORF100016069	3	CCSBORF6281	3AT	2	566G>T	35	NC_000017.11:70175604:G:T	CCSBVarC008333	ENSP00000243457.2:p.Arg189Ile	KCNJ2	ENSG00000123700	KCNJ15
HsVcPillar2a6	CCSBORF100016069	3	CCSBORF6281	3AT	2	574A>G	28142	NC_000017.11:70175612:A:G	CCSBVarC035585	ENSP00000243457.2:p.Thr192Ala	KCNJ2	ENSG00000123700	KCNJ15
HsVcPillar2a6	CCSBORF100016069	3	CCSBORF6281	3AT	2	616G>A	22	NC_000017.11:70175654:G:A	CCSBVarC008334	ENSP00000243457.2:p.Gly206Ser	KCNJ2	ENSG00000123700	KCNJ15
HsVcPillar2a6	CCSBORF100016069	3	CCSBORF6281	3AT	2	646A>C	22	NC_000017.11:70175684:A:C	CCSBVarC008336	ENSP00000243457.2:p.Asn216His	KCNJ2	ENSG00000123700	KCNJ15
HsVcPillar2a6	CCSBORF100016069	3	CCSBORF6281	3AT	2	773T>C	10	NC_000017.11:70175811:T:C	CCSBVarC008337	ENSP00000243457.2:p.Ile258Thr	KCNJ2	ENSG00000123700	KCNJ15
HsVcPillar2a6	CCSBORF100016069	3	CCSBORF6281	3AT	2	779G>C	15	NC_000017.11:70175817:G:C	CCSBVarC008338	ENSP00000243457.2:p.Arg260Pro	KCNJ2	ENSG00000123700	KCNJ15
HsVcPillar2a6	CCSBORF100016069	3	CCSBORF6281	3AT	2	806T>A	4	NC_000017.11:70175844:T:A	CCSBVarC008339	ENSP00000243457.2:p.Ile269Lys	KCNJ2	ENSG00000123700	KCNJ15
HsVcPillar2a6	CCSBORF100016069	3	CCSBORF6281	3AT	2	901A>G	85	NC_000017.11:70175939:A:G	CCSBVarC008346	ENSP00000243457.2:p.Met301Val	KCNJ2	ENSG00000123700	KCNJ15
HsVcPillar2a6	CCSBORF100016069	3	CCSBORF6281	3AT	2	902T>G	10	NC_000017.11:70175940:T:G	CCSBVarC008347	ENSP00000243457.2:p.Met301Arg	KCNJ2	ENSG00000123700	KCNJ15
HsVcPillar2a6	CCSBORF100016069	3	CCSBORF6281	3AT	2	953A>G	12	NC_000017.11:70175991:A:G	CCSBVarC008350	ENSP00000243457.2:p.Asn318Ser	KCNJ2	ENSG00000123700	KCNJ15
HsVcPillar2a6	CCSBORF100016069	3	CCSBORF6281	3AT	2	973C>T	74	NC_000017.11:70176011:C:T	CCSBVarC008352	ENSP00000243457.2:p.Arg325Cys	KCNJ2	ENSG00000123700	KCNJ15
HsVcPillar2a6	CCSBORF100016069	3	CCSBORF6281	3AT	2	976T>A	13	NC_000017.11:70176014:T:A	CCSBVarC008353	ENSP00000243457.2:p.Tyr326Asn	KCNJ2	ENSG00000123700	KCNJ15
HsVcPillar2a6	CCSBORF359	2	CCSBORF0	3AT	2	REF	0	NULL	NULL	NULL	CBS	ENSG00000160200	empty_AD
HsVcPillar2a6	CCSBORF359	2	CCSBORF0	3AT	2	1006C>T	0	NC_000021.9:43062343:G:A	CCSBVarC007317	ENSP00000381231.4:p.Arg336Cys	CBS	ENSG00000160200	empty_AD
HsVcPillar2a6	CCSBORF359	2	CCSBORF0	3AT	2	1039G>A	0	NC_000021.9:43062310:C:T	CCSBVarC007313	ENSP00000381231.4:p.Gly347Ser	CBS	ENSG00000160200	empty_AD
HsVcPillar2a6	CCSBORF359	2	CCSBORF0	3AT	2	1109G>A	0	NC_000021.9:43060476:C:T	CCSBVarC007309	ENSP00000381231.4:p.Cys370Tyr	CBS	ENSG00000160200	empty_AD
HsVcPillar2a6	CCSBORF359	2	CCSBORF0	3AT	2	1135C>T	0	NC_000021.9:43060450:G:A	CCSBVarC007307	ENSP00000381231.4:p.Arg379Trp	CBS	ENSG00000160200	empty_AD
HsVcPillar2a6	CCSBORF359	2	CCSBORF0	3AT	2	1280C>T	0	NC_000021.9:43058911:G:A	CCSBVarC007303	ENSP00000381231.4:p.Pro427Leu	CBS	ENSG00000160200	empty_AD
HsVcPillar2a6	CCSBORF359	2	CCSBORF0	3AT	2	1367T>C	0	NC_000021.9:43058244:A:G	CCSBVarC000045	ENSP00000381231.4:p.Leu456Pro	CBS	ENSG00000160200	empty_AD
HsVcPillar2a6	CCSBORF359	2	CCSBORF0	3AT	2	233C>G	0	NC_000021.9:43068591:G:C	CCSBVarC007359	ENSP00000381231.4:p.Pro78Arg	CBS	ENSG00000160200	empty_AD
HsVcPillar2a6	CCSBORF359	2	CCSBORF0	3AT	2	262C>T	0	NC_000021.9:43068562:G:A	CCSBVarC008708	ENSP00000381231.4:p.Pro88Ser	CBS	ENSG00000160200	empty_AD
HsVcPillar2a6	CCSBORF359	2	CCSBORF0	3AT	2	302T>C	0	NC_000021.9:43068522:A:G	CCSBVarC007354	ENSP00000381231.4:p.Leu101Pro	CBS	ENSG00000160200	empty_AD
HsVcPillar2a6	CCSBORF359	2	CCSBORF0	3AT	2	304A>C	0	NC_000021.9:43068520:T:G	CCSBVarC008671	ENSP00000381231.4:p.Lys102Gln	CBS	ENSG00000160200	empty_AD
HsVcPillar2a6	CCSBORF359	2	CCSBORF0	3AT	2	325T>C	0	NC_000021.9:43066368:A:G	CCSBVarC007352	ENSP00000381231.4:p.Cys109Arg	CBS	ENSG00000160200	empty_AD
HsVcPillar2a6	CCSBORF359	2	CCSBORF0	3AT	2	346G>A	0	NC_000021.9:43066347:C:T	CCSBVarC007349	ENSP00000381231.4:p.Gly116Arg	CBS	ENSG00000160200	empty_AD
HsVcPillar2a6	CCSBORF359	2	CCSBORF0	3AT	2	362G>A	0	NC_000021.9:43066331:C:T	CCSBVarC007346	ENSP00000381231.4:p.Arg121His	CBS	ENSG00000160200	empty_AD
HsVcPillar2a6	CCSBORF359	2	CCSBORF0	3AT	2	373C>T	0	NC_000021.9:43066320:G:A	CCSBVarC008722	ENSP00000381231.4:p.Arg125Trp	CBS	ENSG00000160200	empty_AD
HsVcPillar2a6	CCSBORF359	2	CCSBORF0	3AT	2	429C>G	0	NC_000021.9:43066264:G:C	CCSBVarC008694	ENSP00000381231.4:p.Ile143Met	CBS	ENSG00000160200	empty_AD
HsVcPillar2a6	CCSBORF359	2	CCSBORF0	3AT	2	434C>T	0	NC_000021.9:43066259:G:A	CCSBVarC007339	ENSP00000381231.4:p.Pro145Leu	CBS	ENSG00000160200	empty_AD
HsVcPillar2a6	CCSBORF359	2	CCSBORF0	3AT	2	461T>A	0	NC_000021.9:43065685:A:T	CCSBVarC000043	ENSP00000381231.4:p.Leu154Gln	CBS	ENSG00000160200	empty_AD
HsVcPillar2a6	CCSBORF359	2	CCSBORF0	3AT	2	572C>T	0	NC_000021.9:43065480:G:A	CCSBVarC007333	ENSP00000381231.4:p.Thr191Met	CBS	ENSG00000160200	empty_AD
HsVcPillar2a6	CCSBORF359	2	CCSBORF0	3AT	2	684C>A	0	NC_000021.9:43065254:G:T	CCSBVarC008700	ENSP00000381231.4:p.Asn228Lys	CBS	ENSG00000160200	empty_AD
HsVcPillar2a6	CCSBORF359	2	CCSBORF0	3AT	2	785C>T	0	NC_000021.9:43063942:G:A	CCSBVarC007325	ENSP00000381231.4:p.Thr262Met	CBS	ENSG00000160200	empty_AD
HsVcPillar2a6	CCSBORF359	2	CCSBORF0	3AT	2	919G>A	0	NC_000021.9:43062987:C:T	CCSBVarC007321	ENSP00000381231.4:p.Gly307Ser	CBS	ENSG00000160200	empty_AD
HsVcPillar2a6	CCSBORF359	2	CCSBORF0	3AT	2	941T>C	0	NC_000021.9:43062965:A:G	CCSBVarC008704	ENSP00000381231.4:p.Val314Ala	CBS	ENSG00000160200	empty_AD
HsVcPillar2a6	CCSBORF12573	1	CCSBORF0	3AT	2	REF	4	NULL	NULL	NULL	DES	ENSG00000175084	empty_AD
HsVcPillar2a6	CCSBORF12573	1	CCSBORF0	3AT	2	1151A>G	0	NC_000002.12:219421466:A:G	CCSBVarC028095	ENSP00000363071.3:p.His384Arg	DES	ENSG00000175084	empty_AD
HsVcPillar2a6	CCSBORF12573	1	CCSBORF0	3AT	2	1202A>G	0	NC_000002.12:219421517:A:G	CCSBVarC028101	ENSP00000363071.3:p.Glu401Gly	DES	ENSG00000175084	empty_AD
HsVcPillar2a6	CCSBORF12573	1	CCSBORF0	3AT	2	1203G>C	0	NC_000002.12:219421518:G:C	CCSBVarC028104	ENSP00000363071.3:p.Glu401Asp	DES	ENSG00000175084	empty_AD
HsVcPillar2a6	CCSBORF12573	1	CCSBORF0	3AT	2	1375G>A	0	NC_000002.12:219425951:G:A	CCSBVarC028110	ENSP00000363071.3:p.Val459Ile	DES	ENSG00000175084	empty_AD
HsVcPillar2a6	CCSBORF12573	1	CCSBORF0	3AT	2	218G>A	0	NC_000002.12:219418679:G:A	CCSBVarC028025	ENSP00000363071.3:p.Arg73Gln	DES	ENSG00000175084	empty_AD
HsVcPillar2a6	CCSBORF12573	1	CCSBORF0	3AT	2	229A>G	0	NC_000002.12:219418690:A:G	CCSBVarC028052	ENSP00000363071.3:p.Thr77Ala	DES	ENSG00000175084	empty_AD
HsVcPillar2a6	CCSBORF12573	1	CCSBORF0	3AT	2	347A>G	0	NC_000002.12:219418808:A:G	CCSBVarC028071	ENSP00000363071.3:p.Asn116Ser	DES	ENSG00000175084	empty_AD
HsVcPillar2a6	CCSBORF12573	1	CCSBORF0	3AT	2	460C>A	0	NC_000002.12:219418921:C:A	CCSBVarC028077	ENSP00000363071.3:p.Leu154Ile	DES	ENSG00000175084	empty_AD
HsVcPillar2a6	CCSBORF12573	1	CCSBORF0	3AT	2	736G>A	0	NC_000002.12:219420494:G:A	CCSBVarC028080	ENSP00000363071.3:p.Glu246Lys	DES	ENSG00000175084	empty_AD
HsVcPillar2a6	CCSBORF12573	1	CCSBORF0	3AT	2	854C>T	1	NC_000002.12:219420612:C:T	CCSBVarC028083	ENSP00000363071.3:p.Ala285Val	DES	ENSG00000175084	empty_AD
HsVcPillar2a6	CCSBORF12573	5	CCSBORF0	3AT	2	REF	8	NULL	NULL	NULL	DES	ENSG00000175084	empty_AD
HsVcPillar2a6	CCSBORF12573	5	CCSBORF0	3AT	2	1013T>C	0	NC_000002.12:219420942:T:C	CCSBVarC007851	ENSP00000363071.3:p.Leu338Pro	DES	ENSG00000175084	empty_AD
HsVcPillar2a6	CCSBORF12573	5	CCSBORF0	3AT	2	1034T>C	0	NC_000002.12:219421349:T:C	CCSBVarC007856	ENSP00000363071.3:p.Leu345Pro	DES	ENSG00000175084	empty_AD
HsVcPillar2a6	CCSBORF12573	5	CCSBORF0	3AT	2	1038G>A	0	NC_000002.12:219421353:G:A	CCSBVarC007857	ENSP00000363071.3:p.Met346Ile	DES	ENSG00000175084	empty_AD
HsVcPillar2a6	CCSBORF12573	5	CCSBORF0	3AT	2	1064G>A	0	NC_000002.12:219421379:G:A	CCSBVarC007861	ENSP00000363071.3:p.Arg355Gln	DES	ENSG00000175084	empty_AD
HsVcPillar2a6	CCSBORF12573	5	CCSBORF0	3AT	2	1069G>C	0	NC_000002.12:219421384:G:C	CCSBVarC007863	ENSP00000363071.3:p.Ala357Pro	DES	ENSG00000175084	empty_AD
HsVcPillar2a6	CCSBORF12573	5	CCSBORF0	3AT	2	1078G>C	0	NC_000002.12:219421393:G:C	CCSBVarC007864	ENSP00000363071.3:p.Ala360Pro	DES	ENSG00000175084	empty_AD
HsVcPillar2a6	CCSBORF12573	5	CCSBORF0	3AT	2	1189G>A	0	NC_000002.12:219421504:G:A	CCSBVarC007873	ENSP00000363071.3:p.Ala397Thr	DES	ENSG00000175084	empty_AD
HsVcPillar2a6	CCSBORF12573	5	CCSBORF0	3AT	2	1237G>A	0	NC_000002.12:219421552:G:A	CCSBVarC007877	ENSP00000363071.3:p.Glu413Lys	DES	ENSG00000175084	empty_AD
HsVcPillar2a6	CCSBORF12573	5	CCSBORF0	3AT	2	1286G>A	0	NC_000002.12:219423817:G:A	CCSBVarC007881	ENSP00000363071.3:p.Arg429Gln	DES	ENSG00000175084	empty_AD
HsVcPillar2a6	CCSBORF12573	5	CCSBORF0	3AT	2	1297C>A	0	NC_000002.12:219425670:C:A	CCSBVarC007882	ENSP00000363071.3:p.Pro433Thr	DES	ENSG00000175084	empty_AD
HsVcPillar2a6	CCSBORF12573	5	CCSBORF0	3AT	2	1322A>T	0	NC_000002.12:219425695:A:T	CCSBVarC007884	ENSP00000363071.3:p.His441Leu	DES	ENSG00000175084	empty_AD
HsVcPillar2a6	CCSBORF12573	5	CCSBORF0	3AT	2	1325C>T	0	NC_000002.12:219425698:C:T	CCSBVarC007885	ENSP00000363071.3:p.Thr442Ile	DES	ENSG00000175084	empty_AD
HsVcPillar2a6	CCSBORF12573	5	CCSBORF0	3AT	2	1333A>G	0	NC_000002.12:219425706:A:G	CCSBVarC006509	ENSP00000363071.3:p.Thr445Ala	DES	ENSG00000175084	empty_AD
HsVcPillar2a6	CCSBORF12573	5	CCSBORF0	3AT	2	1366G>A	0	NC_000002.12:219425739:G:A	CCSBVarC007891	ENSP00000363071.3:p.Gly456Arg	DES	ENSG00000175084	empty_AD
HsVcPillar2a6	CCSBORF12573	5	CCSBORF0	3AT	2	166G>C	0	NC_000002.12:219418627:G:C	CCSBVarC007794	ENSP00000363071.3:p.Val56Leu	DES	ENSG00000175084	empty_AD
HsVcPillar2a6	CCSBORF12573	5	CCSBORF0	3AT	2	193G>A	0	NC_000002.12:219418654:G:A	CCSBVarC007797	ENSP00000363071.3:p.Gly65Ser	DES	ENSG00000175084	empty_AD
HsVcPillar2a6	CCSBORF12573	5	CCSBORF0	3AT	2	212C>T	0	NC_000002.12:219418673:C:T	CCSBVarC007799	ENSP00000363071.3:p.Ala71Val	DES	ENSG00000175084	empty_AD
HsVcPillar2a6	CCSBORF12573	5	CCSBORF0	3AT	2	216C>A	0	NC_000002.12:219418677:C:A	CCSBVarC007800	ENSP00000363071.3:p.Ser72Arg	DES	ENSG00000175084	empty_AD
HsVcPillar2a6	CCSBORF12573	5	CCSBORF0	3AT	2	347A>G	0	NC_000002.12:219418808:A:G	CCSBVarC028071	ENSP00000363071.3:p.Asn116Ser	DES	ENSG00000175084	empty_AD
HsVcPillar2a6	CCSBORF12573	5	CCSBORF0	3AT	2	35C>T	0	NC_000002.12:219418496:C:T	CCSBVarC007782	ENSP00000363071.3:p.Ser12Phe	DES	ENSG00000175084	empty_AD
HsVcPillar2a6	CCSBORF12573	5	CCSBORF0	3AT	2	391C>A	0	NC_000002.12:219418852:C:A	CCSBVarC007811	ENSP00000363071.3:p.Gln131Lys	DES	ENSG00000175084	empty_AD
HsVcPillar2a6	CCSBORF12573	5	CCSBORF0	3AT	2	473A>T	0	NC_000002.12:219418934:A:T	CCSBVarC007817	ENSP00000363071.3:p.Glu158Val	DES	ENSG00000175084	empty_AD
HsVcPillar2a6	CCSBORF12573	5	CCSBORF0	3AT	2	556G>T	0	NC_000002.12:219419017:G:T	CCSBVarC007820	ENSP00000363071.3:p.Asp186Tyr	DES	ENSG00000175084	empty_AD
HsVcPillar2a6	CCSBORF12573	5	CCSBORF0	3AT	2	635G>A	0	NC_000002.12:219420150:G:A	CCSBVarC007824	ENSP00000363071.3:p.Arg212Gln	DES	ENSG00000175084	empty_AD
HsVcPillar2a6	CCSBORF12573	5	CCSBORF0	3AT	2	709G>A	0	NC_000002.12:219420319:G:A	CCSBVarC007832	ENSP00000363071.3:p.Ala237Thr	DES	ENSG00000175084	empty_AD
HsVcPillar2a6	CCSBORF12573	5	CCSBORF0	3AT	2	727C>T	0	NC_000002.12:219420337:C:T	CCSBVarC007834	ENSP00000363071.3:p.His243Tyr	DES	ENSG00000175084	empty_AD
HsVcPillar2a6	CCSBORF12573	5	CCSBORF0	3AT	2	883T>G	0	NC_000002.12:219420641:T:G	CCSBVarC007841	ENSP00000363071.3:p.Trp295Gly	DES	ENSG00000175084	empty_AD
HsVcPillar2a6	CCSBORF12573	5	CCSBORF0	3AT	2	934G>A	0	NC_000002.12:219420863:G:A	CCSBVarC006505	ENSP00000363071.3:p.Asp312Asn	DES	ENSG00000175084	empty_AD
HsVcPillar2a6	CCSBORF12573	5	CCSBORF0	3AT	2	937G>A	0	NC_000002.12:219420866:G:A	CCSBVarC007843	ENSP00000363071.3:p.Ala313Thr	DES	ENSG00000175084	empty_AD
HsVcPillar2a6	CCSBORF12573	5	CCSBORF0	3AT	2	97C>T	0	NC_000002.12:219418558:C:T	CCSBVarC007788	ENSP00000363071.3:p.Pro33Ser	DES	ENSG00000175084	empty_AD
HsVcPillar2a6	CCSBORF12573	5	CCSBORF0	3AT	2	986A>C	0	NC_000002.12:219420915:A:C	CCSBVarC007848	ENSP00000363071.3:p.Gln329Pro	DES	ENSG00000175084	empty_AD
HsVcPillar2a6	CCSBORF300	2	CCSBORF0	3AT	2	REF	0	NULL	NULL	NULL	GALT	ENSG00000213930	empty_AD
HsVcPillar2a6	CCSBORF300	2	CCSBORF0	3AT	2	1001A>G	0	NC_000009.12:34649505:A:G	CCSBVarC007284	ENSP00000368119.4:p.Lys334Arg	GALT	ENSG00000213930	empty_AD
HsVcPillar2a6	CCSBORF300	2	CCSBORF0	3AT	2	1006A>T	0	NC_000009.12:34649510:A:T	CCSBVarC007286	ENSP00000368119.4:p.Met336Leu	GALT	ENSG00000213930	empty_AD
HsVcPillar2a6	CCSBORF300	2	CCSBORF0	3AT	2	100T>A	0	NC_000009.12:34647105:T:A	CCSBVarC000034	ENSP00000368119.4:p.Tyr34Asn	GALT	ENSG00000213930	empty_AD
HsVcPillar2a6	CCSBORF300	2	CCSBORF0	3AT	2	1034C>A	0	NC_000009.12:34649538:C:A	CCSBVarC007290	ENSP00000368119.4:p.Ala345Asp	GALT	ENSG00000213930	empty_AD
HsVcPillar2a6	CCSBORF300	2	CCSBORF0	3AT	2	1081C>T	0	NC_000009.12:34650389:C:T	CCSBVarC007292	ENSP00000368119.4:p.Leu361Phe	GALT	ENSG00000213930	empty_AD
HsVcPillar2a6	CCSBORF300	2	CCSBORF0	3AT	2	265T>C	0	NC_000009.12:34647503:T:C	CCSBVarC004978	ENSP00000368119.4:p.Tyr89His	GALT	ENSG00000213930	empty_AD
HsVcPillar2a6	CCSBORF300	2	CCSBORF0	3AT	2	385A>T	0	NC_000009.12:34647838:A:T	CCSBVarC007175	ENSP00000368119.4:p.Met129Leu	GALT	ENSG00000213930	empty_AD
HsVcPillar2a6	CCSBORF300	2	CCSBORF0	3AT	2	392T>G	0	NC_000009.12:34647845:T:G	CCSBVarC007179	ENSP00000368119.4:p.Phe131Cys	GALT	ENSG00000213930	empty_AD
HsVcPillar2a6	CCSBORF300	2	CCSBORF0	3AT	2	406G>T	0	NC_000009.12:34647859:G:T	CCSBVarC007183	ENSP00000368119.4:p.Asp136Tyr	GALT	ENSG00000213930	empty_AD
HsVcPillar2a6	CCSBORF300	2	CCSBORF0	3AT	2	428C>T	0	NC_000009.12:34647881:C:T	CCSBVarC007189	ENSP00000368119.4:p.Ser143Leu	GALT	ENSG00000213930	empty_AD
HsVcPillar2a6	CCSBORF300	2	CCSBORF0	3AT	2	460T>C	0	NC_000009.12:34647913:T:C	CCSBVarC007195	ENSP00000368119.4:p.Trp154Arg	GALT	ENSG00000213930	empty_AD
HsVcPillar2a6	CCSBORF300	2	CCSBORF0	3AT	2	482T>C	0	NC_000009.12:34647935:T:C	CCSBVarC007197	ENSP00000368119.4:p.Leu161Pro	GALT	ENSG00000213930	empty_AD
HsVcPillar2a6	CCSBORF300	2	CCSBORF0	3AT	2	496C>G	0	NC_000009.12:34647949:C:G	CCSBVarC007198	ENSP00000368119.4:p.Pro166Ala	GALT	ENSG00000213930	empty_AD
HsVcPillar2a6	CCSBORF300	2	CCSBORF0	3AT	2	533T>G	0	NC_000009.12:34648139:T:G	CCSBVarC018002	ENSP00000368119.4:p.Met178Arg	GALT	ENSG00000213930	empty_AD
HsVcPillar2a6	CCSBORF300	2	CCSBORF0	3AT	2	536G>A	0	NC_000009.12:34648142:G:A	CCSBVarC004984	ENSP00000368119.4:p.Gly179Asp	GALT	ENSG00000213930	empty_AD
HsVcPillar2a6	CCSBORF300	2	CCSBORF0	3AT	2	539G>T	0	NC_000009.12:34648145:G:T	CCSBVarC007206	ENSP00000368119.4:p.Cys180Phe	GALT	ENSG00000213930	empty_AD
HsVcPillar2a6	CCSBORF300	2	CCSBORF0	3AT	2	605A>C	0	NC_000009.12:34648373:A:C	CCSBVarC007224	ENSP00000368119.4:p.Glu202Ala	GALT	ENSG00000213930	empty_AD
HsVcPillar2a6	CCSBORF300	2	CCSBORF0	3AT	2	607G>A	0	NC_000009.12:34648375:G:A	CCSBVarC007225	ENSP00000368119.4:p.Glu203Lys	GALT	ENSG00000213930	empty_AD
HsVcPillar2a6	CCSBORF300	2	CCSBORF0	3AT	2	635A>C	0	NC_000009.12:34648403:A:C	CCSBVarC007228	ENSP00000368119.4:p.Gln212Pro	GALT	ENSG00000213930	empty_AD
HsVcPillar2a6	CCSBORF300	2	CCSBORF0	3AT	2	683G>C	0	NC_000009.12:34648451:G:C	CCSBVarC007234	ENSP00000368119.4:p.Arg228Thr	GALT	ENSG00000213930	empty_AD
HsVcPillar2a6	CCSBORF300	2	CCSBORF0	3AT	2	82G>T	0	NC_000009.12:34646785:G:T	CCSBVarC007140	ENSP00000368119.4:p.Asp28Tyr	GALT	ENSG00000213930	empty_AD
HsVcPillar2a6	CCSBORF300	2	CCSBORF0	3AT	2	854A>G	0	NC_000009.12:34649030:A:G	CCSBVarC007256	ENSP00000368119.4:p.Lys285Arg	GALT	ENSG00000213930	empty_AD
HsVcPillar2a6	CCSBORF300	2	CCSBORF0	3AT	2	857A>G	0	NC_000009.12:34649033:A:G	CCSBVarC007258	ENSP00000368119.4:p.Tyr286Cys	GALT	ENSG00000213930	empty_AD
HsVcPillar2a6	CCSBORF300	2	CCSBORF0	3AT	2	864C>A	0	NC_000009.12:34649040:C:A	CCSBVarC007259	ENSP00000368119.4:p.Asn288Lys	GALT	ENSG00000213930	empty_AD
HsVcPillar2a6	CCSBORF300	2	CCSBORF0	3AT	2	871G>A	0	NC_000009.12:34649047:G:A	CCSBVarC007262	ENSP00000368119.4:p.Glu291Lys	GALT	ENSG00000213930	empty_AD
HsVcPillar2a6	CCSBORF300	2	CCSBORF0	3AT	2	872A>T	0	NC_000009.12:34649048:A:T	CCSBVarC004996	ENSP00000368119.4:p.Glu291Val	GALT	ENSG00000213930	empty_AD
HsVcPillar2a6	CCSBORF300	2	CCSBORF0	3AT	2	883C>A	0	NC_000009.12:34649059:C:A	CCSBVarC007264	ENSP00000368119.4:p.Pro295Thr	GALT	ENSG00000213930	empty_AD
HsVcPillar2a6	CCSBORF300	2	CCSBORF0	3AT	2	902A>G	0	NC_000009.12:34649078:A:G	CCSBVarC007266	ENSP00000368119.4:p.His301Arg	GALT	ENSG00000213930	empty_AD
HsVcPillar2a6	CCSBORF300	2	CCSBORF0	3AT	2	974C>T	0	NC_000009.12:34649478:C:T	CCSBVarC007275	ENSP00000368119.4:p.Pro325Leu	GALT	ENSG00000213930	empty_AD
HsVcPillar2a6	CCSBORF300	2	CCSBORF0	3AT	2	985T>C	0	NC_000009.12:34649489:T:C	CCSBVarC007279	ENSP00000368119.4:p.Ser329Pro	GALT	ENSG00000213930	empty_AD
HsVcPillar2a6	CCSBORF300	2	CCSBORF0	3AT	2	998G>A	0	NC_000009.12:34649502:G:A	CCSBVarC005002	ENSP00000368119.4:p.Arg333Gln	GALT	ENSG00000213930	empty_AD
HsVcPillar2a6	CCSBORF300	6	CCSBORF0	3AT	2	REF	0	NULL	NULL	NULL	GALT	ENSG00000213930	empty_AD
HsVcPillar2a6	CCSBORF300	6	CCSBORF0	3AT	2	1006A>G	0	NC_000009.12:34649510:A:G	CCSBVarC007285	ENSP00000368119.4:p.Met336Val	GALT	ENSG00000213930	empty_AD
HsVcPillar2a6	CCSBORF300	6	CCSBORF0	3AT	2	134C>T	0	NC_000009.12:34647139:C:T	CCSBVarC007148	ENSP00000368119.4:p.Ser45Leu	GALT	ENSG00000213930	empty_AD
HsVcPillar2a6	CCSBORF300	6	CCSBORF0	3AT	2	241G>C	0	NC_000009.12:34647246:G:C	CCSBVarC017970	ENSP00000368119.4:p.Ala81Pro	GALT	ENSG00000213930	empty_AD
HsVcPillar2a6	CCSBORF300	6	CCSBORF0	3AT	2	277T>A	0	NC_000009.12:34647515:T:A	CCSBVarC007161	ENSP00000368119.4:p.Phe93Ile	GALT	ENSG00000213930	empty_AD
HsVcPillar2a6	CCSBORF300	6	CCSBORF0	3AT	2	290A>G	0	NC_000009.12:34647528:A:G	CCSBVarC007163	ENSP00000368119.4:p.Asn97Ser	GALT	ENSG00000213930	empty_AD
HsVcPillar2a6	CCSBORF300	6	CCSBORF0	3AT	2	337G>A	0	NC_000009.12:34647664:G:A	CCSBVarC004979	ENSP00000368119.4:p.Asp113Asn	GALT	ENSG00000213930	empty_AD
HsVcPillar2a6	CCSBORF300	6	CCSBORF0	3AT	2	354A>C	0	NC_000009.12:34647681:A:C	CCSBVarC007170	ENSP00000368119.4:p.Gln118His	GALT	ENSG00000213930	empty_AD
HsVcPillar2a6	CCSBORF300	6	CCSBORF0	3AT	2	424A>G	0	NC_000009.12:34647877:A:G	CCSBVarC007186	ENSP00000368119.4:p.Met142Val	GALT	ENSG00000213930	empty_AD
HsVcPillar2a6	CCSBORF300	6	CCSBORF0	3AT	2	425T>C	0	NC_000009.12:34647878:T:C	CCSBVarC007188	ENSP00000368119.4:p.Met142Thr	GALT	ENSG00000213930	empty_AD
HsVcPillar2a6	CCSBORF300	6	CCSBORF0	3AT	2	443G>A	0	NC_000009.12:34647896:G:A	CCSBVarC007192	ENSP00000368119.4:p.Arg148Gln	GALT	ENSG00000213930	empty_AD
HsVcPillar2a6	CCSBORF300	6	CCSBORF0	3AT	2	448G>C	0	NC_000009.12:34647901:G:C	CCSBVarC007193	ENSP00000368119.4:p.Val150Leu	GALT	ENSG00000213930	empty_AD
HsVcPillar2a6	CCSBORF300	6	CCSBORF0	3AT	2	452T>C	0	NC_000009.12:34647905:T:C	CCSBVarC007194	ENSP00000368119.4:p.Val151Ala	GALT	ENSG00000213930	empty_AD
HsVcPillar2a6	CCSBORF300	6	CCSBORF0	3AT	2	524G>A	0	NC_000009.12:34648130:G:A	CCSBVarC000035	ENSP00000368119.4:p.Gly175Asp	GALT	ENSG00000213930	empty_AD
HsVcPillar2a6	CCSBORF300	6	CCSBORF0	3AT	2	539G>A	0	NC_000009.12:34648145:G:A	CCSBVarC007205	ENSP00000368119.4:p.Cys180Tyr	GALT	ENSG00000213930	empty_AD
HsVcPillar2a6	CCSBORF300	6	CCSBORF0	3AT	2	541T>G	0	NC_000009.12:34648147:T:G	CCSBVarC007207	ENSP00000368119.4:p.Ser181Ala	GALT	ENSG00000213930	empty_AD
HsVcPillar2a6	CCSBORF300	6	CCSBORF0	3AT	2	553C>T	0	NC_000009.12:34648159:C:T	CCSBVarC007211	ENSP00000368119.4:p.Pro185Ser	GALT	ENSG00000213930	empty_AD
HsVcPillar2a6	CCSBORF300	6	CCSBORF0	3AT	2	554C>A	0	NC_000009.12:34648160:C:A	CCSBVarC004986	ENSP00000368119.4:p.Pro185His	GALT	ENSG00000213930	empty_AD
HsVcPillar2a6	CCSBORF300	6	CCSBORF0	3AT	2	554C>T	0	NC_000009.12:34648160:C:T	CCSBVarC007212	ENSP00000368119.4:p.Pro185Leu	GALT	ENSG00000213930	empty_AD
HsVcPillar2a6	CCSBORF300	6	CCSBORF0	3AT	2	558C>A	0	NC_000009.12:34648164:C:A	CCSBVarC007213	ENSP00000368119.4:p.His186Gln	GALT	ENSG00000213930	empty_AD
HsVcPillar2a6	CCSBORF300	6	CCSBORF0	3AT	2	562C>A	0	NC_000009.12:34648168:C:A	CCSBVarC007214	ENSP00000368119.4:p.Gln188Lys	GALT	ENSG00000213930	empty_AD
HsVcPillar2a6	CCSBORF300	6	CCSBORF0	3AT	2	563A>G	0	NC_000009.12:34648169:A:G	CCSBVarC007215	ENSP00000368119.4:p.Gln188Arg	GALT	ENSG00000213930	empty_AD
HsVcPillar2a6	CCSBORF300	6	CCSBORF0	3AT	2	574A>G	0	NC_000009.12:34648342:A:G	CCSBVarC004988	ENSP00000368119.4:p.Ser192Gly	GALT	ENSG00000213930	empty_AD
HsVcPillar2a6	CCSBORF300	6	CCSBORF0	3AT	2	595G>A	0	NC_000009.12:34648363:G:A	CCSBVarC004990	ENSP00000368119.4:p.Ala199Thr	GALT	ENSG00000213930	empty_AD
HsVcPillar2a6	CCSBORF300	6	CCSBORF0	3AT	2	748C>A	0	NC_000009.12:34648821:C:A	CCSBVarC007240	ENSP00000368119.4:p.Pro250Thr	GALT	ENSG00000213930	empty_AD
HsVcPillar2a6	CCSBORF300	6	CCSBORF0	3AT	2	752A>G	0	NC_000009.12:34648825:A:G	CCSBVarC007242	ENSP00000368119.4:p.Tyr251Cys	GALT	ENSG00000213930	empty_AD
HsVcPillar2a6	CCSBORF300	6	CCSBORF0	3AT	2	770C>T	0	NC_000009.12:34648843:C:T	CCSBVarC007244	ENSP00000368119.4:p.Pro257Leu	GALT	ENSG00000213930	empty_AD
HsVcPillar2a6	CCSBORF300	6	CCSBORF0	3AT	2	772C>T	0	NC_000009.12:34648845:C:T	CCSBVarC004995	ENSP00000368119.4:p.Arg258Cys	GALT	ENSG00000213930	empty_AD
HsVcPillar2a6	CCSBORF300	6	CCSBORF0	3AT	2	785G>C	0	NC_000009.12:34648858:G:C	CCSBVarC007247	ENSP00000368119.4:p.Arg262Pro	GALT	ENSG00000213930	empty_AD
HsVcPillar2a6	CCSBORF300	6	CCSBORF0	3AT	2	812A>G	0	NC_000009.12:34648885:A:G	CCSBVarC007250	ENSP00000368119.4:p.Glu271Gly	GALT	ENSG00000213930	empty_AD
HsVcPillar2a6	CCSBORF300	6	CCSBORF0	3AT	2	951G>T	0	NC_000009.12:34649455:G:T	CCSBVarC007269	ENSP00000368119.4:p.Gln317His	GALT	ENSG00000213930	empty_AD
HsVcPillar2a6	CCSBORF300	6	CCSBORF0	3AT	2	957C>A	0	NC_000009.12:34649461:C:A	CCSBVarC007270	ENSP00000368119.4:p.His319Gln	GALT	ENSG00000213930	empty_AD
HsVcPillar2a6	CCSBORF300	6	CCSBORF0	3AT	2	967T>C	0	NC_000009.12:34649471:T:C	CCSBVarC007273	ENSP00000368119.4:p.Tyr323His	GALT	ENSG00000213930	empty_AD
HsVcPillar2a6	CCSBORF300	6	CCSBORF0	3AT	2	998G>T	0	NC_000009.12:34649502:G:T	CCSBVarC007283	ENSP00000368119.4:p.Arg333Leu	GALT	ENSG00000213930	empty_AD
HsVcPillar2a6	CCSBORF5808	1	CCSBORF0	3AT	2	REF	1	NULL	NULL	NULL	HBB	ENSG00000244734	empty_AD
HsVcPillar2a6	CCSBORF5808	1	CCSBORF0	3AT	2	140G>A	0	NC_000011.10:5226751:C:T	CCSBVarC010096	ENSP00000333994.3:p.Gly47Glu	HBB	ENSG00000244734	empty_AD
HsVcPillar2a6	CCSBORF5808	1	CCSBORF0	3AT	2	176C>G	0	NC_000011.10:5226715:G:C	CCSBVarC010190	ENSP00000333994.3:p.Pro59Arg	HBB	ENSG00000244734	empty_AD
HsVcPillar2a6	CCSBORF5808	1	CCSBORF0	3AT	2	186G>C	0	NC_000011.10:5226705:C:G	CCSBVarC010131	ENSP00000333994.3:p.Lys62Asn	HBB	ENSG00000244734	empty_AD
HsVcPillar2a6	CCSBORF5808	1	CCSBORF0	3AT	2	190C>T	0	NC_000011.10:5226701:G:A	CCSBVarC010155	ENSP00000333994.3:p.His64Tyr	HBB	ENSG00000244734	empty_AD
HsVcPillar2a6	CCSBORF5808	1	CCSBORF0	3AT	2	212C>T	0	NC_000011.10:5226679:G:A	CCSBVarC006223	ENSP00000333994.3:p.Ala71Val	HBB	ENSG00000244734	empty_AD
HsVcPillar2a6	CCSBORF5808	1	CCSBORF0	3AT	2	23A>G	0	NC_000011.10:5226998:T:C	CCSBVarC006214	ENSP00000333994.3:p.Glu8Gly	HBB	ENSG00000244734	empty_AD
HsVcPillar2a6	CCSBORF5808	1	CCSBORF0	3AT	2	247A>G	0	NC_000011.10:5226644:T:C	CCSBVarC010174	ENSP00000333994.3:p.Lys83Glu	HBB	ENSG00000244734	empty_AD
HsVcPillar2a6	CCSBORF5808	1	CCSBORF0	3AT	2	275T>C	0	NC_000011.10:5226616:A:G	CCSBVarC010206	ENSP00000333994.3:p.Leu92Pro	HBB	ENSG00000244734	empty_AD
HsVcPillar2a6	CCSBORF5808	1	CCSBORF0	3AT	2	289C>G	0	NC_000011.10:5226602:G:C	CCSBVarC006227	ENSP00000333994.3:p.Leu97Val	HBB	ENSG00000244734	empty_AD
HsVcPillar2a6	CCSBORF5808	1	CCSBORF0	3AT	2	308A>C	0	NC_000011.10:5226583:T:G	CCSBVarC010077	ENSP00000333994.3:p.Asn103Thr	HBB	ENSG00000244734	empty_AD
HsVcPillar2a6	CCSBORF5808	1	CCSBORF0	3AT	2	312C>G	0	NC_000011.10:5226579:G:C	CCSBVarC000906	ENSP00000333994.3:p.Phe104Leu	HBB	ENSG00000244734	empty_AD
HsVcPillar2a6	CCSBORF5808	1	CCSBORF0	3AT	2	325A>G	0	NC_000011.10:5225716:T:C	CCSBVarC006231	ENSP00000333994.3:p.Asn109Asp	HBB	ENSG00000244734	empty_AD
HsVcPillar2a6	CCSBORF5808	1	CCSBORF0	3AT	2	334G>C	0	NC_000011.10:5225707:C:G	CCSBVarC010111	ENSP00000333994.3:p.Val112Leu	HBB	ENSG00000244734	empty_AD
HsVcPillar2a6	CCSBORF5808	1	CCSBORF0	3AT	2	364G>A	0	NC_000011.10:5225677:C:T	CCSBVarC006234	ENSP00000333994.3:p.Glu122Lys	HBB	ENSG00000244734	empty_AD
HsVcPillar2a6	CCSBORF5808	1	CCSBORF0	3AT	2	373C>A	0	NC_000011.10:5225668:G:T	CCSBVarC010085	ENSP00000333994.3:p.Pro125Thr	HBB	ENSG00000244734	empty_AD
HsVcPillar2a6	CCSBORF5808	1	CCSBORF0	3AT	2	383A>C	0	NC_000011.10:5225658:T:G	CCSBVarC006238	ENSP00000333994.3:p.Gln128Pro	HBB	ENSG00000244734	empty_AD
HsVcPillar2a6	CCSBORF5808	1	CCSBORF0	3AT	2	404T>A	0	NC_000011.10:5225637:A:T	CCSBVarC010200	ENSP00000333994.3:p.Val135Glu	HBB	ENSG00000244734	empty_AD
HsVcPillar2a6	CCSBORF5808	1	CCSBORF0	3AT	2	60C>A	0	NC_000011.10:5226961:G:T	CCSBVarC010117	ENSP00000333994.3:p.Asn20Lys	HBB	ENSG00000244734	empty_AD
HsVcPillar2a6	CCSBORF5808	1	CCSBORF0	3AT	2	61G>A	0	NC_000011.10:5226960:C:T	CCSBVarC010146	ENSP00000333994.3:p.Val21Met	HBB	ENSG00000244734	empty_AD
HsVcPillar2a6	CCSBORF5808	1	CCSBORF0	3AT	2	64G>T	0	NC_000011.10:5226957:C:A	CCSBVarC010104	ENSP00000333994.3:p.Asp22Tyr	HBB	ENSG00000244734	empty_AD
HsVcPillar2a6	CCSBORF5808	1	CCSBORF0	3AT	2	70G>A	0	NC_000011.10:5226951:C:T	CCSBVarC006218	ENSP00000333994.3:p.Val24Ile	HBB	ENSG00000244734	empty_AD
HsVcPillar2a6	CCSBORF5808	1	CCSBORF0	3AT	2	80A>G	0	NC_000011.10:5226941:T:C	CCSBVarC010222	ENSP00000333994.3:p.Glu27Gly	HBB	ENSG00000244734	empty_AD
HsVcPillar2a6	CCSBORF5808	1	CCSBORF0	3AT	2	8A>G	0	NC_000011.10:5227013:T:C	CCSBVarC010138	ENSP00000333994.3:p.His3Arg	HBB	ENSG00000244734	empty_AD
HsVcPillar2a6	CCSBORF4765	1	CCSBORF2012	3AT	2	REF	2	NULL	NULL	NULL	ITGB2	ENSG00000160255	LHFPL5
HsVcPillar2a6	CCSBORF4765	1	CCSBORF2012	3AT	2	1021G>C	0	NC_000021.9:44895032:C:G	CCSBVarC008390	ENSP00000498780.1:p.Ala341Pro	ITGB2	ENSG00000160255	LHFPL5
HsVcPillar2a6	CCSBORF4765	1	CCSBORF2012	3AT	2	1172C>T	0	NC_000021.9:44893455:G:A	CCSBVarC007536	ENSP00000498780.1:p.Thr391Met	ITGB2	ENSG00000160255	LHFPL5
HsVcPillar2a6	CCSBORF4765	1	CCSBORF2012	3AT	2	130A>C	0	NC_000021.9:44910300:T:G	CCSBVarC008418	ENSP00000498780.1:p.Thr44Pro	ITGB2	ENSG00000160255	LHFPL5
HsVcPillar2a6	CCSBORF4765	1	CCSBORF2012	3AT	2	1670G>C	0	NC_000021.9:44889482:C:G	CCSBVarC008425	ENSP00000498780.1:p.Cys557Ser	ITGB2	ENSG00000160255	LHFPL5
HsVcPillar2a6	CCSBORF4765	1	CCSBORF2012	3AT	2	1756C>T	0	NC_000021.9:44889396:G:A	CCSBVarC008429	ENSP00000498780.1:p.Arg586Trp	ITGB2	ENSG00000160255	LHFPL5
HsVcPillar2a6	CCSBORF4765	1	CCSBORF2012	3AT	2	1768T>C	0	NC_000021.9:44889384:A:G	CCSBVarC000703	ENSP00000498780.1:p.Cys590Arg	ITGB2	ENSG00000160255	LHFPL5
HsVcPillar2a6	CCSBORF4765	1	CCSBORF2012	3AT	2	1835G>T	6	NC_000021.9:44889317:C:A	CCSBVarC009514	ENSP00000498780.1:p.Cys612Phe	ITGB2	ENSG00000160255	LHFPL5
HsVcPillar2a6	CCSBORF4765	1	CCSBORF2012	3AT	2	2147G>C	0	NC_000021.9:44886835:C:G	CCSBVarC008410	ENSP00000498780.1:p.Gly716Ala	ITGB2	ENSG00000160255	LHFPL5
HsVcPillar2a6	CCSBORF4765	1	CCSBORF2012	3AT	2	229G>A	0	NC_000021.9:44907013:C:T	CCSBVarC008408	ENSP00000498780.1:p.Asp77Asn	ITGB2	ENSG00000160255	LHFPL5
HsVcPillar2a6	CCSBORF4765	1	CCSBORF2012	3AT	2	392A>C	0	NC_000021.9:44903471:T:G	CCSBVarC008404	ENSP00000498780.1:p.Tyr131Ser	ITGB2	ENSG00000160255	LHFPL5
HsVcPillar2a6	CCSBORF4765	1	CCSBORF2012	3AT	2	412T>C	0	NC_000021.9:44903451:A:G	CCSBVarC000701	ENSP00000498780.1:p.Ser138Pro	ITGB2	ENSG00000160255	LHFPL5
HsVcPillar2a6	CCSBORF4765	1	CCSBORF2012	3AT	2	446T>C	0	NC_000021.9:44903417:A:G	CCSBVarC007547	ENSP00000498780.1:p.Leu149Pro	ITGB2	ENSG00000160255	LHFPL5
HsVcPillar2a6	CCSBORF4765	1	CCSBORF2012	3AT	2	520A>G	0	NC_000021.9:44901712:T:C	CCSBVarC008420	ENSP00000498780.1:p.Lys174Glu	ITGB2	ENSG00000160255	LHFPL5
HsVcPillar2a6	CCSBORF4765	1	CCSBORF2012	3AT	2	533C>T	0	NC_000021.9:44901699:G:A	CCSBVarC007545	ENSP00000498780.1:p.Pro178Leu	ITGB2	ENSG00000160255	LHFPL5
HsVcPillar2a6	CCSBORF4765	1	CCSBORF2012	3AT	2	706G>A	0	NC_000021.9:44901526:C:T	CCSBVarC007542	ENSP00000498780.1:p.Gly236Arg	ITGB2	ENSG00000160255	LHFPL5
HsVcPillar2a6	CCSBORF4765	1	CCSBORF2012	3AT	2	769C>T	0	NC_000021.9:44900447:G:A	CCSBVarC008422	ENSP00000498780.1:p.Arg257Trp	ITGB2	ENSG00000160255	LHFPL5
HsVcPillar2a6	CCSBORF4765	1	CCSBORF2012	3AT	2	850G>A	0	NC_000021.9:44900366:C:T	CCSBVarC007539	ENSP00000498780.1:p.Gly284Ser	ITGB2	ENSG00000160255	LHFPL5
HsVcPillar2a6	CCSBORF4765	1	CCSBORF2012	3AT	2	899A>T	0	NC_000021.9:44899160:T:A	CCSBVarC003145	ENSP00000498780.1:p.Asp300Val	ITGB2	ENSG00000160255	LHFPL5
HsVcPillar2a6	CCSBORF4765	3	CCSBORF2012	3AT	2	REF	0	NULL	NULL	NULL	ITGB2	ENSG00000160255	LHFPL5
HsVcPillar2a6	CCSBORF4765	3	CCSBORF2012	3AT	2	130A>C	0	NC_000021.9:44910300:T:G	CCSBVarC008418	ENSP00000498780.1:p.Thr44Pro	ITGB2	ENSG00000160255	LHFPL5
HsVcPillar2a6	CCSBORF4765	3	CCSBORF2012	3AT	2	1324C>T	0	NC_000021.9:44891896:G:A	CCSBVarC007535	ENSP00000498780.1:p.Leu442Phe	ITGB2	ENSG00000160255	LHFPL5
HsVcPillar2a6	CCSBORF4765	3	CCSBORF2012	3AT	2	1358G>A	0	NC_000021.9:44891862:C:T	CCSBVarC008424	ENSP00000498780.1:p.Ser453Asn	ITGB2	ENSG00000160255	LHFPL5
HsVcPillar2a6	CCSBORF4765	3	CCSBORF2012	3AT	2	1642G>T	0	NC_000021.9:44889992:C:A	CCSBVarC007534	ENSP00000498780.1:p.Val548Phe	ITGB2	ENSG00000160255	LHFPL5
HsVcPillar2a6	CCSBORF4765	3	CCSBORF2012	3AT	2	1670G>C	0	NC_000021.9:44889482:C:G	CCSBVarC008425	ENSP00000498780.1:p.Cys557Ser	ITGB2	ENSG00000160255	LHFPL5
HsVcPillar2a6	CCSBORF4765	3	CCSBORF2012	3AT	2	1697C>T	0	NC_000021.9:44889455:G:A	CCSBVarC007533	ENSP00000498780.1:p.Pro566Leu	ITGB2	ENSG00000160255	LHFPL5
HsVcPillar2a6	CCSBORF4765	3	CCSBORF2012	3AT	2	1768T>C	0	NC_000021.9:44889384:A:G	CCSBVarC000703	ENSP00000498780.1:p.Cys590Arg	ITGB2	ENSG00000160255	LHFPL5
HsVcPillar2a6	CCSBORF4765	3	CCSBORF2012	3AT	2	2210G>A	0	NC_000021.9:44886772:C:T	CCSBVarC007532	ENSP00000498780.1:p.Arg737His	ITGB2	ENSG00000160255	LHFPL5
HsVcPillar2a6	CCSBORF4765	3	CCSBORF2012	3AT	2	253G>A	0	NC_000021.9:44906989:C:T	CCSBVarC007548	ENSP00000498780.1:p.Ala85Thr	ITGB2	ENSG00000160255	LHFPL5
HsVcPillar2a6	CCSBORF4765	3	CCSBORF2012	3AT	2	400G>A	0	NC_000021.9:44903463:C:T	CCSBVarC008399	ENSP00000498780.1:p.Asp134Asn	ITGB2	ENSG00000160255	LHFPL5
HsVcPillar2a6	CCSBORF4765	3	CCSBORF2012	3AT	2	587A>C	0	NC_000021.9:44901645:T:G	CCSBVarC007544	ENSP00000498780.1:p.Lys196Thr	ITGB2	ENSG00000160255	LHFPL5
HsVcPillar2a6	CCSBORF4765	3	CCSBORF2012	3AT	2	589G>A	0	NC_000021.9:44901643:C:T	CCSBVarC007543	ENSP00000498780.1:p.Glu197Lys	ITGB2	ENSG00000160255	LHFPL5
HsVcPillar2a6	CCSBORF4765	3	CCSBORF2012	3AT	2	706G>A	0	NC_000021.9:44901526:C:T	CCSBVarC007542	ENSP00000498780.1:p.Gly236Arg	ITGB2	ENSG00000160255	LHFPL5
HsVcPillar2a6	CCSBORF4765	3	CCSBORF2012	3AT	2	809C>T	0	NC_000021.9:44900407:G:A	CCSBVarC008389	ENSP00000498780.1:p.Ala270Val	ITGB2	ENSG00000160255	LHFPL5
HsVcPillar2a6	CCSBORF4765	3	CCSBORF2012	3AT	2	847G>A	0	NC_000021.9:44900369:C:T	CCSBVarC007540	ENSP00000498780.1:p.Asp283Asn	ITGB2	ENSG00000160255	LHFPL5
HsVcPillar2a6	CCSBORF4765	3	CCSBORF2012	3AT	2	853C>T	0	NC_000021.9:44900363:G:A	CCSBVarC007538	ENSP00000498780.1:p.Arg285Cys	ITGB2	ENSG00000160255	LHFPL5
HsVcPillar2a6	CCSBORF4765	3	CCSBORF2012	3AT	2	899A>T	0	NC_000021.9:44899160:T:A	CCSBVarC003145	ENSP00000498780.1:p.Asp300Val	ITGB2	ENSG00000160255	LHFPL5
HsVcPillar2a6	CCSBORF100016069	3	CCSBORF0	3AT	2	REF	0	NULL	NULL	NULL	KCNJ2	ENSG00000123700	empty_AD
HsVcPillar2a6	CCSBORF100016069	3	CCSBORF0	3AT	2	119G>A	0	NC_000017.11:70175157:G:A	CCSBVarC008308	ENSP00000243457.2:p.Arg40Gln	KCNJ2	ENSG00000123700	empty_AD
HsVcPillar2a6	CCSBORF100016069	3	CCSBORF0	3AT	2	1229A>G	0	NC_000017.11:70176267:A:G	CCSBVarC008357	ENSP00000243457.2:p.Asn410Ser	KCNJ2	ENSG00000123700	empty_AD
HsVcPillar2a6	CCSBORF100016069	3	CCSBORF0	3AT	2	1244C>T	0	NC_000017.11:70176282:C:T	CCSBVarC008358	ENSP00000243457.2:p.Pro415Leu	KCNJ2	ENSG00000123700	empty_AD
HsVcPillar2a6	CCSBORF100016069	3	CCSBORF0	3AT	2	161G>T	0	NC_000017.11:70175199:G:T	CCSBVarC008310	ENSP00000243457.2:p.Cys54Phe	KCNJ2	ENSG00000123700	empty_AD
HsVcPillar2a6	CCSBORF100016069	3	CCSBORF0	3AT	2	200G>A	0	NC_000017.11:70175238:G:A	CCSBVarC008312	ENSP00000243457.2:p.Arg67Gln	KCNJ2	ENSG00000123700	empty_AD
HsVcPillar2a6	CCSBORF100016069	3	CCSBORF0	3AT	2	208G>A	0	NC_000017.11:70175246:G:A	CCSBVarC008313	ENSP00000243457.2:p.Ala70Thr	KCNJ2	ENSG00000123700	empty_AD
HsVcPillar2a6	CCSBORF100016069	3	CCSBORF0	3AT	2	208G>T	0	NC_000017.11:70175246:G:T	CCSBVarC008314	ENSP00000243457.2:p.Ala70Ser	KCNJ2	ENSG00000123700	empty_AD
HsVcPillar2a6	CCSBORF100016069	3	CCSBORF0	3AT	2	211G>C	0	NC_000017.11:70175249:G:C	CCSBVarC008316	ENSP00000243457.2:p.Asp71His	KCNJ2	ENSG00000123700	empty_AD
HsVcPillar2a6	CCSBORF100016069	3	CCSBORF0	3AT	2	226T>G	0	NC_000017.11:70175264:T:G	CCSBVarC008320	ENSP00000243457.2:p.Cys76Gly	KCNJ2	ENSG00000123700	empty_AD
HsVcPillar2a6	CCSBORF100016069	3	CCSBORF0	3AT	2	232G>T	0	NC_000017.11:70175270:G:T	CCSBVarC035501	ENSP00000243457.2:p.Asp78Tyr	KCNJ2	ENSG00000123700	empty_AD
HsVcPillar2a6	CCSBORF100016069	3	CCSBORF0	3AT	2	233A>G	0	NC_000017.11:70175271:A:G	CCSBVarC008321	ENSP00000243457.2:p.Asp78Gly	KCNJ2	ENSG00000123700	empty_AD
HsVcPillar2a6	CCSBORF100016069	3	CCSBORF0	3AT	2	256G>T	0	NC_000017.11:70175294:G:T	CCSBVarC008324	ENSP00000243457.2:p.Val86Phe	KCNJ2	ENSG00000123700	empty_AD
HsVcPillar2a6	CCSBORF100016069	3	CCSBORF0	3AT	2	277G>A	0	NC_000017.11:70175315:G:A	CCSBVarC008325	ENSP00000243457.2:p.Val93Ile	KCNJ2	ENSG00000123700	empty_AD
HsVcPillar2a6	CCSBORF100016069	3	CCSBORF0	3AT	2	557C>T	0	NC_000017.11:70175595:C:T	CCSBVarC008330	ENSP00000243457.2:p.Pro186Leu	KCNJ2	ENSG00000123700	empty_AD
HsVcPillar2a6	CCSBORF100016069	3	CCSBORF0	3AT	2	566G>A	0	NC_000017.11:70175604:G:A	CCSBVarC008332	ENSP00000243457.2:p.Arg189Lys	KCNJ2	ENSG00000123700	empty_AD
HsVcPillar2a6	CCSBORF100016069	3	CCSBORF0	3AT	2	566G>T	0	NC_000017.11:70175604:G:T	CCSBVarC008333	ENSP00000243457.2:p.Arg189Ile	KCNJ2	ENSG00000123700	empty_AD
HsVcPillar2a6	CCSBORF100016069	3	CCSBORF0	3AT	2	574A>G	0	NC_000017.11:70175612:A:G	CCSBVarC035585	ENSP00000243457.2:p.Thr192Ala	KCNJ2	ENSG00000123700	empty_AD
HsVcPillar2a6	CCSBORF100016069	3	CCSBORF0	3AT	2	616G>A	0	NC_000017.11:70175654:G:A	CCSBVarC008334	ENSP00000243457.2:p.Gly206Ser	KCNJ2	ENSG00000123700	empty_AD
HsVcPillar2a6	CCSBORF100016069	3	CCSBORF0	3AT	2	646A>C	0	NC_000017.11:70175684:A:C	CCSBVarC008336	ENSP00000243457.2:p.Asn216His	KCNJ2	ENSG00000123700	empty_AD
HsVcPillar2a6	CCSBORF100016069	3	CCSBORF0	3AT	2	773T>C	0	NC_000017.11:70175811:T:C	CCSBVarC008337	ENSP00000243457.2:p.Ile258Thr	KCNJ2	ENSG00000123700	empty_AD
HsVcPillar2a6	CCSBORF100016069	3	CCSBORF0	3AT	2	779G>C	0	NC_000017.11:70175817:G:C	CCSBVarC008338	ENSP00000243457.2:p.Arg260Pro	KCNJ2	ENSG00000123700	empty_AD
HsVcPillar2a6	CCSBORF100016069	3	CCSBORF0	3AT	2	806T>A	0	NC_000017.11:70175844:T:A	CCSBVarC008339	ENSP00000243457.2:p.Ile269Lys	KCNJ2	ENSG00000123700	empty_AD
HsVcPillar2a6	CCSBORF100016069	3	CCSBORF0	3AT	2	901A>G	0	NC_000017.11:70175939:A:G	CCSBVarC008346	ENSP00000243457.2:p.Met301Val	KCNJ2	ENSG00000123700	empty_AD
HsVcPillar2a6	CCSBORF100016069	3	CCSBORF0	3AT	2	902T>G	0	NC_000017.11:70175940:T:G	CCSBVarC008347	ENSP00000243457.2:p.Met301Arg	KCNJ2	ENSG00000123700	empty_AD
HsVcPillar2a6	CCSBORF100016069	3	CCSBORF0	3AT	2	953A>G	0	NC_000017.11:70175991:A:G	CCSBVarC008350	ENSP00000243457.2:p.Asn318Ser	KCNJ2	ENSG00000123700	empty_AD
HsVcPillar2a6	CCSBORF100016069	3	CCSBORF0	3AT	2	973C>T	0	NC_000017.11:70176011:C:T	CCSBVarC008352	ENSP00000243457.2:p.Arg325Cys	KCNJ2	ENSG00000123700	empty_AD
HsVcPillar2a6	CCSBORF100016069	3	CCSBORF0	3AT	2	976T>A	0	NC_000017.11:70176014:T:A	CCSBVarC008353	ENSP00000243457.2:p.Tyr326Asn	KCNJ2	ENSG00000123700	empty_AD
HsVcPillar2a6	CCSBORF359	3	CCSBORF5539	3AT	2	REF	2300	NULL	NULL	NULL	CBS	ENSG00000160200	ZMYM5
HsVcPillar2a6	CCSBORF359	3	CCSBORF5539	3AT	2	1007G>A	4	NC_000021.9:43062342:C:T	CCSBVarC007316	ENSP00000381231.4:p.Arg336His	CBS	ENSG00000160200	ZMYM5
HsVcPillar2a6	CCSBORF359	3	CCSBORF5539	3AT	2	1070C>G	1	NC_000021.9:43060515:G:C	CCSBVarC007311	ENSP00000381231.4:p.Ala357Gly	CBS	ENSG00000160200	ZMYM5
HsVcPillar2a6	CCSBORF359	3	CCSBORF5539	3AT	2	1109G>A	20	NC_000021.9:43060476:C:T	CCSBVarC007309	ENSP00000381231.4:p.Cys370Tyr	CBS	ENSG00000160200	ZMYM5
HsVcPillar2a6	CCSBORF359	3	CCSBORF5539	3AT	2	112G>A	5	NC_000021.9:43072081:C:T	CCSBVarC007365	ENSP00000381231.4:p.Ala38Thr	CBS	ENSG00000160200	ZMYM5
HsVcPillar2a6	CCSBORF359	3	CCSBORF5539	3AT	2	1265C>T	148	NC_000021.9:43058926:G:A	CCSBVarC007304	ENSP00000381231.4:p.Pro422Leu	CBS	ENSG00000160200	ZMYM5
HsVcPillar2a6	CCSBORF359	3	CCSBORF5539	3AT	2	133C>T	266	NC_000021.9:43072060:G:A	CCSBVarC007364	ENSP00000381231.4:p.Arg45Trp	CBS	ENSG00000160200	ZMYM5
HsVcPillar2a6	CCSBORF359	3	CCSBORF5539	3AT	2	1353G>C	2	NC_000021.9:43058838:C:G	CCSBVarC007301	ENSP00000381231.4:p.Glu451Asp	CBS	ENSG00000160200	ZMYM5
HsVcPillar2a6	CCSBORF359	3	CCSBORF5539	3AT	2	1358G>A	2	NC_000021.9:43058833:C:T	CCSBVarC007299	ENSP00000381231.4:p.Gly453Glu	CBS	ENSG00000160200	ZMYM5
HsVcPillar2a6	CCSBORF359	3	CCSBORF5539	3AT	2	1411G>A	5	NC_000021.9:43058200:C:T	CCSBVarC007297	ENSP00000381231.4:p.Gly471Arg	CBS	ENSG00000160200	ZMYM5
HsVcPillar2a6	CCSBORF359	3	CCSBORF5539	3AT	2	1539C>G	6	NC_000021.9:43056815:G:C	CCSBVarC007295	ENSP00000381231.4:p.His513Gln	CBS	ENSG00000160200	ZMYM5
HsVcPillar2a6	CCSBORF359	3	CCSBORF5539	3AT	2	209C>T	1480	NC_000021.9:43071984:G:A	CCSBVarC007361	ENSP00000381231.4:p.Pro70Leu	CBS	ENSG00000160200	ZMYM5
HsVcPillar2a6	CCSBORF359	3	CCSBORF5539	3AT	2	215A>T	5160	NC_000021.9:43068609:T:A	CCSBVarC007360	ENSP00000381231.4:p.Lys72Ile	CBS	ENSG00000160200	ZMYM5
HsVcPillar2a6	CCSBORF359	3	CCSBORF5539	3AT	2	296T>A	1309	NC_000021.9:43068528:A:T	CCSBVarC007357	ENSP00000381231.4:p.Phe99Tyr	CBS	ENSG00000160200	ZMYM5
HsVcPillar2a6	CCSBORF359	3	CCSBORF5539	3AT	2	297C>G	247	NC_000021.9:43068527:G:C	CCSBVarC007356	ENSP00000381231.4:p.Phe99Leu	CBS	ENSG00000160200	ZMYM5
HsVcPillar2a6	CCSBORF359	3	CCSBORF5539	3AT	2	340G>A	786	NC_000021.9:43066353:C:T	CCSBVarC007351	ENSP00000381231.4:p.Ala114Thr	CBS	ENSG00000160200	ZMYM5
HsVcPillar2a6	CCSBORF359	3	CCSBORF5539	3AT	2	394C>A	80	NC_000021.9:43066299:G:T	CCSBVarC007345	ENSP00000381231.4:p.Arg132Ser	CBS	ENSG00000160200	ZMYM5
HsVcPillar2a6	CCSBORF359	3	CCSBORF5539	3AT	2	401G>C	20	NC_000021.9:43066292:C:G	CCSBVarC007341	ENSP00000381231.4:p.Gly134Ala	CBS	ENSG00000160200	ZMYM5
HsVcPillar2a6	CCSBORF359	3	CCSBORF5539	3AT	2	429C>G	18	NC_000021.9:43066264:G:C	CCSBVarC008694	ENSP00000381231.4:p.Ile143Met	CBS	ENSG00000160200	ZMYM5
HsVcPillar2a6	CCSBORF359	3	CCSBORF5539	3AT	2	5C>T	79	NC_000021.9:43072188:G:A	CCSBVarC007369	ENSP00000381231.4:p.Pro2Leu	CBS	ENSG00000160200	ZMYM5
HsVcPillar2a6	CCSBORF359	3	CCSBORF5539	3AT	2	622T>C	2	NC_000021.9:43065430:A:G	CCSBVarC007331	ENSP00000381231.4:p.Trp208Arg	CBS	ENSG00000160200	ZMYM5
HsVcPillar2a6	CCSBORF359	3	CCSBORF5539	3AT	2	65A>G	25	NC_000021.9:43072128:T:C	CCSBVarC007366	ENSP00000381231.4:p.His22Arg	CBS	ENSG00000160200	ZMYM5
HsVcPillar2a6	CCSBORF359	3	CCSBORF5539	3AT	2	750G>A	17	NC_000021.9:43063977:C:T	CCSBVarC007327	ENSP00000381231.4:p.Met250Ile	CBS	ENSG00000160200	ZMYM5
HsVcPillar2a6	CCSBORF359	3	CCSBORF5539	3AT	2	770C>T	191	NC_000021.9:43063957:G:A	CCSBVarC007326	ENSP00000381231.4:p.Thr257Met	CBS	ENSG00000160200	ZMYM5
HsVcPillar2a6	CCSBORF359	3	CCSBORF5539	3AT	2	857T>C	1343	NC_000021.9:43063049:A:G	CCSBVarC007322	ENSP00000381231.4:p.Ile286Thr	CBS	ENSG00000160200	ZMYM5
HsVcPillar2a6	CCSBORF359	3	CCSBORF5539	3AT	2	953C>T	164	NC_000021.9:43062953:G:A	CCSBVarC007320	ENSP00000381231.4:p.Thr318Met	CBS	ENSG00000160200	ZMYM5
HsVcPillar2a6	CCSBORF12573	2	CCSBORF5539	3AT	2	REF	4493	NULL	NULL	NULL	DES	ENSG00000175084	ZMYM5
HsVcPillar2a6	CCSBORF12573	2	CCSBORF5539	3AT	2	1027G>A	29	NC_000002.12:219421342:G:A	CCSBVarC007854	ENSP00000363071.3:p.Asp343Asn	DES	ENSG00000175084	ZMYM5
HsVcPillar2a6	CCSBORF12573	2	CCSBORF5539	3AT	2	1048C>T	37	NC_000002.12:219421363:C:T	CCSBVarC007859	ENSP00000363071.3:p.Arg350Trp	DES	ENSG00000175084	ZMYM5
HsVcPillar2a6	CCSBORF12573	2	CCSBORF5539	3AT	2	1133A>C	324	NC_000002.12:219421448:A:C	CCSBVarC007865	ENSP00000363071.3:p.Lys378Thr	DES	ENSG00000175084	ZMYM5
HsVcPillar2a6	CCSBORF12573	2	CCSBORF5539	3AT	2	1166A>C	13	NC_000002.12:219421481:A:C	CCSBVarC007868	ENSP00000363071.3:p.Gln389Pro	DES	ENSG00000175084	ZMYM5
HsVcPillar2a6	CCSBORF12573	2	CCSBORF5539	3AT	2	1175T>C	161	NC_000002.12:219421490:T:C	CCSBVarC007870	ENSP00000363071.3:p.Leu392Pro	DES	ENSG00000175084	ZMYM5
HsVcPillar2a6	CCSBORF12573	2	CCSBORF5539	3AT	2	1195G>T	247	NC_000002.12:219421510:G:T	CCSBVarC007874	ENSP00000363071.3:p.Asp399Tyr	DES	ENSG00000175084	ZMYM5
HsVcPillar2a6	CCSBORF12573	2	CCSBORF5539	3AT	2	1203G>C	905	NC_000002.12:219421518:G:C	CCSBVarC028104	ENSP00000363071.3:p.Glu401Asp	DES	ENSG00000175084	ZMYM5
HsVcPillar2a6	CCSBORF12573	2	CCSBORF5539	3AT	2	1243C>T	2843	NC_000002.12:219421558:C:T	CCSBVarC007878	ENSP00000363071.3:p.Arg415Trp	DES	ENSG00000175084	ZMYM5
HsVcPillar2a6	CCSBORF12573	2	CCSBORF5539	3AT	2	1255C>T	526	NC_000002.12:219423786:C:T	CCSBVarC006508	ENSP00000363071.3:p.Pro419Ser	DES	ENSG00000175084	ZMYM5
HsVcPillar2a6	CCSBORF12573	2	CCSBORF5539	3AT	2	127A>G	116	NC_000002.12:219418588:A:G	CCSBVarC007791	ENSP00000363071.3:p.Lys43Glu	DES	ENSG00000175084	ZMYM5
HsVcPillar2a6	CCSBORF12573	2	CCSBORF5539	3AT	2	130G>A	155	NC_000002.12:219418591:G:A	CCSBVarC007792	ENSP00000363071.3:p.Gly44Ser	DES	ENSG00000175084	ZMYM5
HsVcPillar2a6	CCSBORF12573	2	CCSBORF5539	3AT	2	1346A>C	1183	NC_000002.12:219425719:A:C	CCSBVarC007886	ENSP00000363071.3:p.Lys449Thr	DES	ENSG00000175084	ZMYM5
HsVcPillar2a6	CCSBORF12573	2	CCSBORF5539	3AT	2	1353C>G	748	NC_000002.12:219425726:C:G	CCSBVarC007887	ENSP00000363071.3:p.Ile451Met	DES	ENSG00000175084	ZMYM5
HsVcPillar2a6	CCSBORF12573	2	CCSBORF5539	3AT	2	1404A>C	2143	NC_000002.12:219425980:A:C	CCSBVarC007892	ENSP00000363071.3:p.Glu468Asp	DES	ENSG00000175084	ZMYM5
HsVcPillar2a6	CCSBORF12573	2	CCSBORF5539	3AT	2	154C>A	2854	NC_000002.12:219418615:C:A	CCSBVarC007793	ENSP00000363071.3:p.Arg52Ser	DES	ENSG00000175084	ZMYM5
HsVcPillar2a6	CCSBORF12573	2	CCSBORF5539	3AT	2	170C>T	266	NC_000002.12:219418631:C:T	CCSBVarC007795	ENSP00000363071.3:p.Ser57Leu	DES	ENSG00000175084	ZMYM5
HsVcPillar2a6	CCSBORF12573	2	CCSBORF5539	3AT	2	229A>G	1294	NC_000002.12:219418690:A:G	CCSBVarC028052	ENSP00000363071.3:p.Thr77Ala	DES	ENSG00000175084	ZMYM5
HsVcPillar2a6	CCSBORF12573	2	CCSBORF5539	3AT	2	376G>T	906	NC_000002.12:219418837:G:T	CCSBVarC007809	ENSP00000363071.3:p.Val126Leu	DES	ENSG00000175084	ZMYM5
HsVcPillar2a6	CCSBORF12573	2	CCSBORF5539	3AT	2	38C>T	1829	NC_000002.12:219418499:C:T	CCSBVarC007783	ENSP00000363071.3:p.Ser13Phe	DES	ENSG00000175084	ZMYM5
HsVcPillar2a6	CCSBORF12573	2	CCSBORF5539	3AT	2	407T>C	224	NC_000002.12:219418868:T:C	CCSBVarC007813	ENSP00000363071.3:p.Leu136Pro	DES	ENSG00000175084	ZMYM5
HsVcPillar2a6	CCSBORF12573	2	CCSBORF5539	3AT	2	449G>A	1373	NC_000002.12:219418910:G:A	CCSBVarC007816	ENSP00000363071.3:p.Arg150Gln	DES	ENSG00000175084	ZMYM5
HsVcPillar2a6	CCSBORF12573	2	CCSBORF5539	3AT	2	46C>T	557	NC_000002.12:219418507:C:T	CCSBVarC007784	ENSP00000363071.3:p.Arg16Cys	DES	ENSG00000175084	ZMYM5
HsVcPillar2a6	CCSBORF12573	2	CCSBORF5539	3AT	2	529G>A	5717	NC_000002.12:219418990:G:A	CCSBVarC007819	ENSP00000363071.3:p.Asp177Asn	DES	ENSG00000175084	ZMYM5
HsVcPillar2a6	CCSBORF12573	2	CCSBORF5539	3AT	2	566G>A	489	NC_000002.12:219419027:G:A	CCSBVarC007821	ENSP00000363071.3:p.Arg189Gln	DES	ENSG00000175084	ZMYM5
HsVcPillar2a6	CCSBORF12573	2	CCSBORF5539	3AT	2	58G>A	68	NC_000002.12:219418519:G:A	CCSBVarC007785	ENSP00000363071.3:p.Gly20Arg	DES	ENSG00000175084	ZMYM5
HsVcPillar2a6	CCSBORF12573	2	CCSBORF5539	3AT	2	623T>C	44	NC_000002.12:219420138:T:C	CCSBVarC007822	ENSP00000363071.3:p.Leu208Ser	DES	ENSG00000175084	ZMYM5
HsVcPillar2a6	CCSBORF12573	2	CCSBORF5539	3AT	2	638C>T	590	NC_000002.12:219420153:C:T	CCSBVarC007825	ENSP00000363071.3:p.Ala213Val	DES	ENSG00000175084	ZMYM5
HsVcPillar2a6	CCSBORF12573	2	CCSBORF5539	3AT	2	785A>T	2414	NC_000002.12:219420543:A:T	CCSBVarC007837	ENSP00000363071.3:p.Glu262Val	DES	ENSG00000175084	ZMYM5
HsVcPillar2a6	CCSBORF12573	2	CCSBORF5539	3AT	2	853G>A	4267	NC_000002.12:219420611:G:A	CCSBVarC007840	ENSP00000363071.3:p.Ala285Thr	DES	ENSG00000175084	ZMYM5
HsVcPillar2a6	CCSBORF12573	2	CCSBORF5539	3AT	2	974G>A	39	NC_000002.12:219420903:G:A	CCSBVarC007845	ENSP00000363071.3:p.Arg325Gln	DES	ENSG00000175084	ZMYM5
HsVcPillar2a6	CCSBORF12573	2	CCSBORF5539	3AT	2	976C>T	573	NC_000002.12:219420905:C:T	CCSBVarC007846	ENSP00000363071.3:p.His326Tyr	DES	ENSG00000175084	ZMYM5
HsVcPillar2a6	CCSBORF7923	1	CCSBORF6953	3AT	2	REF	1	NULL	NULL	NULL	FAH	ENSG00000103876	PLEKHF2
HsVcPillar2a6	CCSBORF7923	1	CCSBORF6953	3AT	2	1027G>A	0	NC_000015.10:80180189:G:A	CCSBVarC025379	ENSP00000453347.2:p.Gly343Arg	FAH	ENSG00000103876	PLEKHF2
HsVcPillar2a6	CCSBORF7923	1	CCSBORF6953	3AT	2	1027G>T	0	NC_000015.10:80180189:G:T	CCSBVarC025383	ENSP00000453347.2:p.Gly343Trp	FAH	ENSG00000103876	PLEKHF2
HsVcPillar2a6	CCSBORF7923	1	CCSBORF6953	3AT	2	1028G>A	0	NC_000015.10:80180190:G:A	CCSBVarC025390	ENSP00000453347.2:p.Gly343Glu	FAH	ENSG00000103876	PLEKHF2
HsVcPillar2a6	CCSBORF7923	1	CCSBORF6953	3AT	2	1090G>C	0	NC_000015.10:80181068:G:C	CCSBVarC025393	ENSP00000453347.2:p.Glu364Gln	FAH	ENSG00000103876	PLEKHF2
HsVcPillar2a6	CCSBORF7923	1	CCSBORF6953	3AT	2	10A>C	0	NC_000015.10:80153063:A:C	CCSBVarC025280	ENSP00000453347.2:p.Ile4Leu	FAH	ENSG00000103876	PLEKHF2
HsVcPillar2a6	CCSBORF7923	1	CCSBORF6953	3AT	2	122T>C	0	NC_000015.10:80158099:T:C	CCSBVarC025294	ENSP00000453347.2:p.Leu41Pro	FAH	ENSG00000103876	PLEKHF2
HsVcPillar2a6	CCSBORF7923	1	CCSBORF6953	3AT	2	391C>T	0	NC_000015.10:80162271:C:T	CCSBVarC025297	ENSP00000453347.2:p.Arg131Trp	FAH	ENSG00000103876	PLEKHF2
HsVcPillar2a6	CCSBORF7923	1	CCSBORF6953	3AT	2	398A>T	0	NC_000015.10:80162278:A:T	CCSBVarC025300	ENSP00000453347.2:p.His133Leu	FAH	ENSG00000103876	PLEKHF2
HsVcPillar2a6	CCSBORF7923	1	CCSBORF6953	3AT	2	424A>G	0	NC_000015.10:80162304:A:G	CCSBVarC025306	ENSP00000453347.2:p.Arg142Gly	FAH	ENSG00000103876	PLEKHF2
HsVcPillar2a6	CCSBORF7923	1	CCSBORF6953	3AT	2	497T>G	0	NC_000015.10:80168092:T:G	CCSBVarC025309	ENSP00000453347.2:p.Val166Gly	FAH	ENSG00000103876	PLEKHF2
HsVcPillar2a6	CCSBORF7923	1	CCSBORF6953	3AT	2	53C>T	0	NC_000015.10:80153106:C:T	CCSBVarC025288	ENSP00000453347.2:p.Pro18Leu	FAH	ENSG00000103876	PLEKHF2
HsVcPillar2a6	CCSBORF7923	1	CCSBORF6953	3AT	2	61G>T	0	NC_000015.10:80153114:G:T	CCSBVarC025291	ENSP00000453347.2:p.Val21Phe	FAH	ENSG00000103876	PLEKHF2
HsVcPillar2a6	CCSBORF7923	1	CCSBORF6953	3AT	2	697G>A	0	NC_000015.10:80172238:G:A	CCSBVarC025329	ENSP00000453347.2:p.Asp233Asn	FAH	ENSG00000103876	PLEKHF2
HsVcPillar2a6	CCSBORF7923	1	CCSBORF6953	3AT	2	700T>G	0	NC_000015.10:80172241:T:G	CCSBVarC025333	ENSP00000453347.2:p.Trp234Gly	FAH	ENSG00000103876	PLEKHF2
HsVcPillar2a6	CCSBORF7923	1	CCSBORF6953	3AT	2	742G>A	0	NC_000015.10:80173048:G:A	CCSBVarC025336	ENSP00000453347.2:p.Gly248Arg	FAH	ENSG00000103876	PLEKHF2
HsVcPillar2a6	CCSBORF7923	1	CCSBORF6953	3AT	2	745C>A	0	NC_000015.10:80173051:C:A	CCSBVarC025339	ENSP00000453347.2:p.Pro249Thr	FAH	ENSG00000103876	PLEKHF2
HsVcPillar2a6	CCSBORF7923	1	CCSBORF6953	3AT	2	880A>C	0	NC_000015.10:80175057:A:C	CCSBVarC025345	ENSP00000453347.2:p.Thr294Pro	FAH	ENSG00000103876	PLEKHF2
HsVcPillar2a6	CCSBORF7923	1	CCSBORF6953	3AT	2	974C>T	0	NC_000015.10:80180136:C:T	CCSBVarC025348	ENSP00000453347.2:p.Thr325Met	FAH	ENSG00000103876	PLEKHF2
HsVcPillar2a6	CCSBORF300	3	CCSBORF8190	3AT	2	REF	3554	NULL	NULL	NULL	GALT	ENSG00000213930	UBTD2
HsVcPillar2a6	CCSBORF300	3	CCSBORF8190	3AT	2	1024C>A	6421	NC_000009.12:34649528:C:A	CCSBVarC007288	ENSP00000368119.4:p.Leu342Ile	GALT	ENSG00000213930	UBTD2
HsVcPillar2a6	CCSBORF300	3	CCSBORF8190	3AT	2	107C>T	3927	NC_000009.12:34647112:C:T	CCSBVarC004975	ENSP00000368119.4:p.Pro36Leu	GALT	ENSG00000213930	UBTD2
HsVcPillar2a6	CCSBORF300	3	CCSBORF8190	3AT	2	1087G>A	12	NC_000009.12:34650395:G:A	CCSBVarC007293	ENSP00000368119.4:p.Glu363Lys	GALT	ENSG00000213930	UBTD2
HsVcPillar2a6	CCSBORF300	3	CCSBORF8190	3AT	2	1132A>G	1501	NC_000009.12:34650440:A:G	CCSBVarC007294	ENSP00000368119.4:p.Ile378Val	GALT	ENSG00000213930	UBTD2
HsVcPillar2a6	CCSBORF300	3	CCSBORF8190	3AT	2	118G>A	5	NC_000009.12:34647123:G:A	CCSBVarC007146	ENSP00000368119.4:p.Glu40Lys	GALT	ENSG00000213930	UBTD2
HsVcPillar2a6	CCSBORF300	3	CCSBORF8190	3AT	2	130G>A	1775	NC_000009.12:34647135:G:A	CCSBVarC007147	ENSP00000368119.4:p.Val44Met	GALT	ENSG00000213930	UBTD2
HsVcPillar2a6	CCSBORF300	3	CCSBORF8190	3AT	2	130G>T	5	NC_000009.12:34647135:G:T	CCSBVarC004976	ENSP00000368119.4:p.Val44Leu	GALT	ENSG00000213930	UBTD2
HsVcPillar2a6	CCSBORF300	3	CCSBORF8190	3AT	2	292G>A	44	NC_000009.12:34647530:G:A	CCSBVarC007164	ENSP00000368119.4:p.Asp98Asn	GALT	ENSG00000213930	UBTD2
HsVcPillar2a6	CCSBORF300	3	CCSBORF8190	3AT	2	292G>C	2884	NC_000009.12:34647530:G:C	CCSBVarC007165	ENSP00000368119.4:p.Asp98His	GALT	ENSG00000213930	UBTD2
HsVcPillar2a6	CCSBORF300	3	CCSBORF8190	3AT	2	308A>G	4	NC_000009.12:34647546:A:G	CCSBVarC007167	ENSP00000368119.4:p.Gln103Arg	GALT	ENSG00000213930	UBTD2
HsVcPillar2a6	CCSBORF300	3	CCSBORF8190	3AT	2	341A>C	5592	NC_000009.12:34647668:A:C	CCSBVarC007169	ENSP00000368119.4:p.His114Pro	GALT	ENSG00000213930	UBTD2
HsVcPillar2a6	CCSBORF300	3	CCSBORF8190	3AT	2	367C>G	1157	NC_000009.12:34647694:C:G	CCSBVarC007171	ENSP00000368119.4:p.Arg123Gly	GALT	ENSG00000213930	UBTD2
HsVcPillar2a6	CCSBORF300	3	CCSBORF8190	3AT	2	386T>C	10	NC_000009.12:34647839:T:C	CCSBVarC007176	ENSP00000368119.4:p.Met129Thr	GALT	ENSG00000213930	UBTD2
HsVcPillar2a6	CCSBORF300	3	CCSBORF8190	3AT	2	387G>A	199	NC_000009.12:34647840:G:A	CCSBVarC007177	ENSP00000368119.4:p.Met129Ile	GALT	ENSG00000213930	UBTD2
HsVcPillar2a6	CCSBORF300	3	CCSBORF8190	3AT	2	442C>T	24	NC_000009.12:34647895:C:T	CCSBVarC007191	ENSP00000368119.4:p.Arg148Trp	GALT	ENSG00000213930	UBTD2
HsVcPillar2a6	CCSBORF300	3	CCSBORF8190	3AT	2	502G>A	5	NC_000009.12:34647955:G:A	CCSBVarC007200	ENSP00000368119.4:p.Val168Met	GALT	ENSG00000213930	UBTD2
HsVcPillar2a6	CCSBORF300	3	CCSBORF8190	3AT	2	556C>T	0	NC_000009.12:34648162:C:T	CCSBVarC004987	ENSP00000368119.4:p.His186Tyr	GALT	ENSG00000213930	UBTD2
HsVcPillar2a6	CCSBORF300	3	CCSBORF8190	3AT	2	580T>C	874	NC_000009.12:34648348:T:C	CCSBVarC007219	ENSP00000368119.4:p.Phe194Leu	GALT	ENSG00000213930	UBTD2
HsVcPillar2a6	CCSBORF300	3	CCSBORF8190	3AT	2	584T>C	2	NC_000009.12:34648352:T:C	CCSBVarC007220	ENSP00000368119.4:p.Leu195Pro	GALT	ENSG00000213930	UBTD2
HsVcPillar2a6	CCSBORF300	3	CCSBORF8190	3AT	2	626A>C	49	NC_000009.12:34648394:A:C	CCSBVarC007227	ENSP00000368119.4:p.Tyr209Ser	GALT	ENSG00000213930	UBTD2
HsVcPillar2a6	CCSBORF300	3	CCSBORF8190	3AT	2	67A>G	9	NC_000009.12:34646770:A:G	CCSBVarC007136	ENSP00000368119.4:p.Thr23Ala	GALT	ENSG00000213930	UBTD2
HsVcPillar2a6	CCSBORF300	3	CCSBORF8190	3AT	2	74G>C	1199	NC_000009.12:34646777:G:C	CCSBVarC007137	ENSP00000368119.4:p.Arg25Pro	GALT	ENSG00000213930	UBTD2
HsVcPillar2a6	CCSBORF300	3	CCSBORF8190	3AT	2	752A>C	458	NC_000009.12:34648825:A:C	CCSBVarC007241	ENSP00000368119.4:p.Tyr251Ser	GALT	ENSG00000213930	UBTD2
HsVcPillar2a6	CCSBORF300	3	CCSBORF8190	3AT	2	814C>G	0	NC_000009.12:34648887:C:G	CCSBVarC007251	ENSP00000368119.4:p.Arg272Gly	GALT	ENSG00000213930	UBTD2
HsVcPillar2a6	CCSBORF300	3	CCSBORF8190	3AT	2	817G>C	687	NC_000009.12:34648890:G:C	CCSBVarC007252	ENSP00000368119.4:p.Asp273His	GALT	ENSG00000213930	UBTD2
HsVcPillar2a6	CCSBORF300	3	CCSBORF8190	3AT	2	82G>A	2275	NC_000009.12:34646785:G:A	CCSBVarC007138	ENSP00000368119.4:p.Asp28Asn	GALT	ENSG00000213930	UBTD2
HsVcPillar2a6	CCSBORF300	3	CCSBORF8190	3AT	2	82G>C	29	NC_000009.12:34646785:G:C	CCSBVarC007139	ENSP00000368119.4:p.Asp28His	GALT	ENSG00000213930	UBTD2
HsVcPillar2a6	CCSBORF300	3	CCSBORF8190	3AT	2	836T>G	2	NC_000009.12:34649012:T:G	CCSBVarC007254	ENSP00000368119.4:p.Met279Arg	GALT	ENSG00000213930	UBTD2
HsVcPillar2a6	CCSBORF300	3	CCSBORF8190	3AT	2	875C>T	2081	NC_000009.12:34649051:C:T	CCSBVarC007263	ENSP00000368119.4:p.Thr292Met	GALT	ENSG00000213930	UBTD2
HsVcPillar2a6	CCSBORF300	3	CCSBORF8190	3AT	2	968A>G	15	NC_000009.12:34649472:A:G	CCSBVarC007274	ENSP00000368119.4:p.Tyr323Cys	GALT	ENSG00000213930	UBTD2
HsVcPillar2a6	CCSBORF300	3	CCSBORF8190	3AT	2	982C>T	15	NC_000009.12:34649486:C:T	CCSBVarC007277	ENSP00000368119.4:p.Arg328Cys	GALT	ENSG00000213930	UBTD2
HsVcPillar2a6	CCSBORF300	3	CCSBORF8190	3AT	2	986C>T	12	NC_000009.12:34649490:C:T	CCSBVarC007280	ENSP00000368119.4:p.Ser329Phe	GALT	ENSG00000213930	UBTD2
HsVcPillar2a6	CCSBORF300	3	CCSBORF8190	3AT	2	997C>T	1007	NC_000009.12:34649501:C:T	CCSBVarC007282	ENSP00000368119.4:p.Arg333Trp	GALT	ENSG00000213930	UBTD2
HsVcPillar2a6	CCSBORF300	7	CCSBORF8190	3AT	2	REF	2633	NULL	NULL	NULL	GALT	ENSG00000213930	UBTD2
HsVcPillar2a6	CCSBORF300	7	CCSBORF8190	3AT	2	1030C>A	3950	NC_000009.12:34649534:C:A	CCSBVarC007289	ENSP00000368119.4:p.Gln344Lys	GALT	ENSG00000213930	UBTD2
HsVcPillar2a6	CCSBORF300	7	CCSBORF8190	3AT	2	142C>T	1342	NC_000009.12:34647147:C:T	CCSBVarC007150	ENSP00000368119.4:p.Arg48Cys	GALT	ENSG00000213930	UBTD2
HsVcPillar2a6	CCSBORF300	7	CCSBORF8190	3AT	2	199C>T	13267	NC_000009.12:34647204:C:T	CCSBVarC007157	ENSP00000368119.4:p.Arg67Cys	GALT	ENSG00000213930	UBTD2
HsVcPillar2a6	CCSBORF300	7	CCSBORF8190	3AT	2	221T>C	541	NC_000009.12:34647226:T:C	CCSBVarC007159	ENSP00000368119.4:p.Leu74Pro	GALT	ENSG00000213930	UBTD2
HsVcPillar2a6	CCSBORF300	7	CCSBORF8190	3AT	2	265T>G	9	NC_000009.12:34647503:T:G	CCSBVarC007160	ENSP00000368119.4:p.Tyr89Asp	GALT	ENSG00000213930	UBTD2
HsVcPillar2a6	CCSBORF300	7	CCSBORF8190	3AT	2	299C>G	2356	NC_000009.12:34647537:C:G	CCSBVarC007166	ENSP00000368119.4:p.Pro100Arg	GALT	ENSG00000213930	UBTD2
HsVcPillar2a6	CCSBORF300	7	CCSBORF8190	3AT	2	329G>A	9	NC_000009.12:34647656:G:A	CCSBVarC007168	ENSP00000368119.4:p.Gly110Glu	GALT	ENSG00000213930	UBTD2
HsVcPillar2a6	CCSBORF300	7	CCSBORF8190	3AT	2	341A>T	3810	NC_000009.12:34647668:A:T	CCSBVarC004980	ENSP00000368119.4:p.His114Leu	GALT	ENSG00000213930	UBTD2
HsVcPillar2a6	CCSBORF300	7	CCSBORF8190	3AT	2	396C>A	5	NC_000009.12:34647849:C:A	CCSBVarC007181	ENSP00000368119.4:p.His132Gln	GALT	ENSG00000213930	UBTD2
HsVcPillar2a6	CCSBORF300	7	CCSBORF8190	3AT	2	404C>T	133	NC_000009.12:34647857:C:T	CCSBVarC007182	ENSP00000368119.4:p.Ser135Leu	GALT	ENSG00000213930	UBTD2
HsVcPillar2a6	CCSBORF300	7	CCSBORF8190	3AT	2	442C>G	97	NC_000009.12:34647895:C:G	CCSBVarC007190	ENSP00000368119.4:p.Arg148Gly	GALT	ENSG00000213930	UBTD2
HsVcPillar2a6	CCSBORF300	7	CCSBORF8190	3AT	2	460T>G	136	NC_000009.12:34647913:T:G	CCSBVarC007196	ENSP00000368119.4:p.Trp154Gly	GALT	ENSG00000213930	UBTD2
HsVcPillar2a6	CCSBORF300	7	CCSBORF8190	3AT	2	509T>A	9	NC_000009.12:34648115:T:A	CCSBVarC007202	ENSP00000368119.4:p.Ile170Asn	GALT	ENSG00000213930	UBTD2
HsVcPillar2a6	CCSBORF300	7	CCSBORF8190	3AT	2	509T>C	14	NC_000009.12:34648115:T:C	CCSBVarC007203	ENSP00000368119.4:p.Ile170Thr	GALT	ENSG00000213930	UBTD2
HsVcPillar2a6	CCSBORF300	7	CCSBORF8190	3AT	2	512T>C	54	NC_000009.12:34648118:T:C	CCSBVarC007204	ENSP00000368119.4:p.Phe171Ser	GALT	ENSG00000213930	UBTD2
HsVcPillar2a6	CCSBORF300	7	CCSBORF8190	3AT	2	542C>T	35	NC_000009.12:34648148:C:T	CCSBVarC007208	ENSP00000368119.4:p.Ser181Phe	GALT	ENSG00000213930	UBTD2
HsVcPillar2a6	CCSBORF300	7	CCSBORF8190	3AT	2	547C>A	1621	NC_000009.12:34648153:C:A	CCSBVarC004985	ENSP00000368119.4:p.Pro183Thr	GALT	ENSG00000213930	UBTD2
HsVcPillar2a6	CCSBORF300	7	CCSBORF8190	3AT	2	552C>A	2956	NC_000009.12:34648158:C:A	CCSBVarC007210	ENSP00000368119.4:p.His184Gln	GALT	ENSG00000213930	UBTD2
HsVcPillar2a6	CCSBORF300	7	CCSBORF8190	3AT	2	575G>A	3	NC_000009.12:34648343:G:A	CCSBVarC007218	ENSP00000368119.4:p.Ser192Asn	GALT	ENSG00000213930	UBTD2
HsVcPillar2a6	CCSBORF300	7	CCSBORF8190	3AT	2	587C>T	15	NC_000009.12:34648355:C:T	CCSBVarC007221	ENSP00000368119.4:p.Pro196Leu	GALT	ENSG00000213930	UBTD2
HsVcPillar2a6	CCSBORF300	7	CCSBORF8190	3AT	2	680T>C	16	NC_000009.12:34648448:T:C	CCSBVarC007233	ENSP00000368119.4:p.Leu227Pro	GALT	ENSG00000213930	UBTD2
HsVcPillar2a6	CCSBORF300	7	CCSBORF8190	3AT	2	691C>T	6293	NC_000009.12:34648764:C:T	CCSBVarC007236	ENSP00000368119.4:p.Arg231Cys	GALT	ENSG00000213930	UBTD2
HsVcPillar2a6	CCSBORF300	7	CCSBORF8190	3AT	2	692G>A	4471	NC_000009.12:34648765:G:A	CCSBVarC007237	ENSP00000368119.4:p.Arg231His	GALT	ENSG00000213930	UBTD2
HsVcPillar2a6	CCSBORF300	7	CCSBORF8190	3AT	2	775C>T	403	NC_000009.12:34648848:C:T	CCSBVarC007245	ENSP00000368119.4:p.Arg259Trp	GALT	ENSG00000213930	UBTD2
HsVcPillar2a6	CCSBORF300	7	CCSBORF8190	3AT	2	793C>G	459	NC_000009.12:34648866:C:G	CCSBVarC007248	ENSP00000368119.4:p.Pro265Ala	GALT	ENSG00000213930	UBTD2
HsVcPillar2a6	CCSBORF300	7	CCSBORF8190	3AT	2	803C>A	1499	NC_000009.12:34648876:C:A	CCSBVarC007249	ENSP00000368119.4:p.Thr268Asn	GALT	ENSG00000213930	UBTD2
HsVcPillar2a6	CCSBORF300	7	CCSBORF8190	3AT	2	844C>G	0	NC_000009.12:34649020:C:G	CCSBVarC007255	ENSP00000368119.4:p.Leu282Val	GALT	ENSG00000213930	UBTD2
HsVcPillar2a6	CCSBORF300	7	CCSBORF8190	3AT	2	893T>C	3	NC_000009.12:34649069:T:C	CCSBVarC007265	ENSP00000368119.4:p.Met298Thr	GALT	ENSG00000213930	UBTD2
HsVcPillar2a6	CCSBORF300	7	CCSBORF8190	3AT	2	958G>A	30	NC_000009.12:34649462:G:A	CCSBVarC004998	ENSP00000368119.4:p.Ala320Thr	GALT	ENSG00000213930	UBTD2
HsVcPillar2a6	CCSBORF300	7	CCSBORF8190	3AT	2	95T>A	5450	NC_000009.12:34647100:T:A	CCSBVarC007143	ENSP00000368119.4:p.Ile32Asn	GALT	ENSG00000213930	UBTD2
HsVcPillar2a6	CCSBORF300	7	CCSBORF8190	3AT	2	961C>T	2	NC_000009.12:34649465:C:T	CCSBVarC007272	ENSP00000368119.4:p.His321Tyr	GALT	ENSG00000213930	UBTD2
HsVcPillar2a6	CCSBORF300	7	CCSBORF8190	3AT	2	967T>G	12	NC_000009.12:34649471:T:G	CCSBVarC004999	ENSP00000368119.4:p.Tyr323Asp	GALT	ENSG00000213930	UBTD2
HsVcPillar2a6	CCSBORF300	7	CCSBORF8190	3AT	2	989C>T	9	NC_000009.12:34649493:C:T	CCSBVarC005001	ENSP00000368119.4:p.Ala330Val	GALT	ENSG00000213930	UBTD2
HsVcPillar2a6	CCSBORF5808	2	CCSBORF8297	3AT	2	REF	13565	NULL	NULL	NULL	HBB	ENSG00000244734	HBZ
HsVcPillar2a6	CCSBORF5808	2	CCSBORF8297	3AT	2	127T>C	81	NC_000011.10:5226764:A:G	CCSBVarC010224	ENSP00000333994.3:p.Phe43Leu	HBB	ENSG00000244734	HBZ
HsVcPillar2a6	CCSBORF5808	2	CCSBORF8297	3AT	2	128T>C	67	NC_000011.10:5226763:A:G	CCSBVarC010202	ENSP00000333994.3:p.Phe43Ser	HBB	ENSG00000244734	HBZ
HsVcPillar2a6	CCSBORF5808	2	CCSBORF8297	3AT	2	170G>A	8875	NC_000011.10:5226721:C:T	CCSBVarC010134	ENSP00000333994.3:p.Gly57Asp	HBB	ENSG00000244734	HBZ
HsVcPillar2a6	CCSBORF5808	2	CCSBORF8297	3AT	2	1A>G	976	NC_000011.10:5227020:T:C	CCSBVarC010208	ENSP00000333994.3:p.Met1Val	HBB	ENSG00000244734	HBZ
HsVcPillar2a6	CCSBORF5808	2	CCSBORF8297	3AT	2	209G>A	5925	NC_000011.10:5226682:C:T	CCSBVarC010113	ENSP00000333994.3:p.Gly70Asp	HBB	ENSG00000244734	HBZ
HsVcPillar2a6	CCSBORF5808	2	CCSBORF8297	3AT	2	220G>A	400	NC_000011.10:5226671:C:T	CCSBVarC010119	ENSP00000333994.3:p.Asp74Asn	HBB	ENSG00000244734	HBZ
HsVcPillar2a6	CCSBORF5808	2	CCSBORF8297	3AT	2	229G>C	28	NC_000011.10:5226662:C:G	CCSBVarC006224	ENSP00000333994.3:p.Ala77Pro	HBB	ENSG00000244734	HBZ
HsVcPillar2a6	CCSBORF5808	2	CCSBORF8297	3AT	2	257T>C	160	NC_000011.10:5226634:A:G	CCSBVarC010140	ENSP00000333994.3:p.Phe86Ser	HBB	ENSG00000244734	HBZ
HsVcPillar2a6	CCSBORF5808	2	CCSBORF8297	3AT	2	263C>T	20	NC_000011.10:5226628:G:A	CCSBVarC010091	ENSP00000333994.3:p.Thr88Ile	HBB	ENSG00000244734	HBZ
HsVcPillar2a6	CCSBORF5808	2	CCSBORF8297	3AT	2	26A>C	2694	NC_000011.10:5226995:T:G	CCSBVarC006215	ENSP00000333994.3:p.Lys9Thr	HBB	ENSG00000244734	HBZ
HsVcPillar2a6	CCSBORF5808	2	CCSBORF8297	3AT	2	286A>G	18004	NC_000011.10:5226605:T:C	CCSBVarC010107	ENSP00000333994.3:p.Lys96Glu	HBB	ENSG00000244734	HBZ
HsVcPillar2a6	CCSBORF5808	2	CCSBORF8297	3AT	2	293A>C	63	NC_000011.10:5226598:T:G	CCSBVarC006228	ENSP00000333994.3:p.His98Pro	HBB	ENSG00000244734	HBZ
HsVcPillar2a6	CCSBORF5808	2	CCSBORF8297	3AT	2	295G>A	9292	NC_000011.10:5226596:C:T	CCSBVarC010194	ENSP00000333994.3:p.Val99Met	HBB	ENSG00000244734	HBZ
HsVcPillar2a6	CCSBORF5808	2	CCSBORF8297	3AT	2	332T>C	18	NC_000011.10:5225709:A:G	CCSBVarC006232	ENSP00000333994.3:p.Leu111Pro	HBB	ENSG00000244734	HBZ
HsVcPillar2a6	CCSBORF5808	2	CCSBORF8297	3AT	2	347C>A	22	NC_000011.10:5225694:G:T	CCSBVarC000907	ENSP00000333994.3:p.Ala116Asp	HBB	ENSG00000244734	HBZ
HsVcPillar2a6	CCSBORF5808	2	CCSBORF8297	3AT	2	380T>G	49	NC_000011.10:5225661:A:C	CCSBVarC006236	ENSP00000333994.3:p.Val127Gly	HBB	ENSG00000244734	HBZ
HsVcPillar2a6	CCSBORF5808	2	CCSBORF8297	3AT	2	388G>C	31	NC_000011.10:5225653:C:G	CCSBVarC006239	ENSP00000333994.3:p.Ala130Pro	HBB	ENSG00000244734	HBZ
HsVcPillar2a6	CCSBORF5808	2	CCSBORF8297	3AT	2	397A>C	51	NC_000011.10:5225644:T:G	CCSBVarC010100	ENSP00000333994.3:p.Lys133Gln	HBB	ENSG00000244734	HBZ
HsVcPillar2a6	CCSBORF5808	2	CCSBORF8297	3AT	2	3G>A	13	NC_000011.10:5227018:C:T	CCSBVarC010149	ENSP00000333994.3:p.Met1Ile	HBB	ENSG00000244734	HBZ
HsVcPillar2a6	CCSBORF5808	2	CCSBORF8297	3AT	2	40G>A	30731	NC_000011.10:5226981:C:T	CCSBVarC010080	ENSP00000333994.3:p.Ala14Thr	HBB	ENSG00000244734	HBZ
HsVcPillar2a6	CCSBORF5808	2	CCSBORF8297	3AT	2	4G>T	1718	NC_000011.10:5227017:C:A	CCSBVarC010169	ENSP00000333994.3:p.Val2Leu	HBB	ENSG00000244734	HBZ
HsVcPillar2a6	CCSBORF5808	2	CCSBORF8297	3AT	2	93G>C	33	NC_000011.10:5226798:C:G	CCSBVarC010187	ENSP00000333994.3:p.Arg31Ser	HBB	ENSG00000244734	HBZ
HsVcPillar2a6	CCSBORF5808	2	CCSBORF8297	3AT	2	94C>G	10	NC_000011.10:5226797:G:C	CCSBVarC006220	ENSP00000333994.3:p.Leu32Val	HBB	ENSG00000244734	HBZ
HsVcPillar2a6	CCSBORF5808	2	CCSBORF8297	3AT	2	98T>C	24	NC_000011.10:5226793:A:G	CCSBVarC000904	ENSP00000333994.3:p.Leu33Pro	HBB	ENSG00000244734	HBZ
HsVcPillar2a6	CCSBORF4765	1	CCSBORF12040	3AT	2	REF	10	NULL	NULL	NULL	ITGB2	ENSG00000160255	UPK1B
HsVcPillar2a6	CCSBORF4765	1	CCSBORF12040	3AT	2	1021G>C	0	NC_000021.9:44895032:C:G	CCSBVarC008390	ENSP00000498780.1:p.Ala341Pro	ITGB2	ENSG00000160255	UPK1B
HsVcPillar2a6	CCSBORF4765	1	CCSBORF12040	3AT	2	1172C>T	0	NC_000021.9:44893455:G:A	CCSBVarC007536	ENSP00000498780.1:p.Thr391Met	ITGB2	ENSG00000160255	UPK1B
HsVcPillar2a6	CCSBORF4765	1	CCSBORF12040	3AT	2	130A>C	0	NC_000021.9:44910300:T:G	CCSBVarC008418	ENSP00000498780.1:p.Thr44Pro	ITGB2	ENSG00000160255	UPK1B
HsVcPillar2a6	CCSBORF4765	1	CCSBORF12040	3AT	2	1670G>C	0	NC_000021.9:44889482:C:G	CCSBVarC008425	ENSP00000498780.1:p.Cys557Ser	ITGB2	ENSG00000160255	UPK1B
HsVcPillar2a6	CCSBORF4765	1	CCSBORF12040	3AT	2	1756C>T	0	NC_000021.9:44889396:G:A	CCSBVarC008429	ENSP00000498780.1:p.Arg586Trp	ITGB2	ENSG00000160255	UPK1B
HsVcPillar2a6	CCSBORF4765	1	CCSBORF12040	3AT	2	1768T>C	0	NC_000021.9:44889384:A:G	CCSBVarC000703	ENSP00000498780.1:p.Cys590Arg	ITGB2	ENSG00000160255	UPK1B
HsVcPillar2a6	CCSBORF4765	1	CCSBORF12040	3AT	2	1835G>T	0	NC_000021.9:44889317:C:A	CCSBVarC009514	ENSP00000498780.1:p.Cys612Phe	ITGB2	ENSG00000160255	UPK1B
HsVcPillar2a6	CCSBORF4765	1	CCSBORF12040	3AT	2	2147G>C	1	NC_000021.9:44886835:C:G	CCSBVarC008410	ENSP00000498780.1:p.Gly716Ala	ITGB2	ENSG00000160255	UPK1B
HsVcPillar2a6	CCSBORF4765	1	CCSBORF12040	3AT	2	229G>A	0	NC_000021.9:44907013:C:T	CCSBVarC008408	ENSP00000498780.1:p.Asp77Asn	ITGB2	ENSG00000160255	UPK1B
HsVcPillar2a6	CCSBORF4765	1	CCSBORF12040	3AT	2	392A>C	0	NC_000021.9:44903471:T:G	CCSBVarC008404	ENSP00000498780.1:p.Tyr131Ser	ITGB2	ENSG00000160255	UPK1B
HsVcPillar2a6	CCSBORF4765	1	CCSBORF12040	3AT	2	412T>C	0	NC_000021.9:44903451:A:G	CCSBVarC000701	ENSP00000498780.1:p.Ser138Pro	ITGB2	ENSG00000160255	UPK1B
HsVcPillar2a6	CCSBORF4765	1	CCSBORF12040	3AT	2	446T>C	0	NC_000021.9:44903417:A:G	CCSBVarC007547	ENSP00000498780.1:p.Leu149Pro	ITGB2	ENSG00000160255	UPK1B
HsVcPillar2a6	CCSBORF4765	1	CCSBORF12040	3AT	2	520A>G	0	NC_000021.9:44901712:T:C	CCSBVarC008420	ENSP00000498780.1:p.Lys174Glu	ITGB2	ENSG00000160255	UPK1B
HsVcPillar2a6	CCSBORF4765	1	CCSBORF12040	3AT	2	533C>T	1	NC_000021.9:44901699:G:A	CCSBVarC007545	ENSP00000498780.1:p.Pro178Leu	ITGB2	ENSG00000160255	UPK1B
HsVcPillar2a6	CCSBORF4765	1	CCSBORF12040	3AT	2	706G>A	0	NC_000021.9:44901526:C:T	CCSBVarC007542	ENSP00000498780.1:p.Gly236Arg	ITGB2	ENSG00000160255	UPK1B
HsVcPillar2a6	CCSBORF4765	1	CCSBORF12040	3AT	2	769C>T	0	NC_000021.9:44900447:G:A	CCSBVarC008422	ENSP00000498780.1:p.Arg257Trp	ITGB2	ENSG00000160255	UPK1B
HsVcPillar2a6	CCSBORF4765	1	CCSBORF12040	3AT	2	850G>A	0	NC_000021.9:44900366:C:T	CCSBVarC007539	ENSP00000498780.1:p.Gly284Ser	ITGB2	ENSG00000160255	UPK1B
HsVcPillar2a6	CCSBORF4765	1	CCSBORF12040	3AT	2	899A>T	1	NC_000021.9:44899160:T:A	CCSBVarC003145	ENSP00000498780.1:p.Asp300Val	ITGB2	ENSG00000160255	UPK1B
HsVcPillar2a6	CCSBORF4765	3	CCSBORF12040	3AT	2	REF	0	NULL	NULL	NULL	ITGB2	ENSG00000160255	UPK1B
HsVcPillar2a6	CCSBORF4765	3	CCSBORF12040	3AT	2	130A>C	0	NC_000021.9:44910300:T:G	CCSBVarC008418	ENSP00000498780.1:p.Thr44Pro	ITGB2	ENSG00000160255	UPK1B
HsVcPillar2a6	CCSBORF4765	3	CCSBORF12040	3AT	2	1324C>T	0	NC_000021.9:44891896:G:A	CCSBVarC007535	ENSP00000498780.1:p.Leu442Phe	ITGB2	ENSG00000160255	UPK1B
HsVcPillar2a6	CCSBORF4765	3	CCSBORF12040	3AT	2	1358G>A	0	NC_000021.9:44891862:C:T	CCSBVarC008424	ENSP00000498780.1:p.Ser453Asn	ITGB2	ENSG00000160255	UPK1B
HsVcPillar2a6	CCSBORF4765	3	CCSBORF12040	3AT	2	1642G>T	0	NC_000021.9:44889992:C:A	CCSBVarC007534	ENSP00000498780.1:p.Val548Phe	ITGB2	ENSG00000160255	UPK1B
HsVcPillar2a6	CCSBORF4765	3	CCSBORF12040	3AT	2	1670G>C	0	NC_000021.9:44889482:C:G	CCSBVarC008425	ENSP00000498780.1:p.Cys557Ser	ITGB2	ENSG00000160255	UPK1B
HsVcPillar2a6	CCSBORF4765	3	CCSBORF12040	3AT	2	1697C>T	0	NC_000021.9:44889455:G:A	CCSBVarC007533	ENSP00000498780.1:p.Pro566Leu	ITGB2	ENSG00000160255	UPK1B
HsVcPillar2a6	CCSBORF4765	3	CCSBORF12040	3AT	2	1768T>C	0	NC_000021.9:44889384:A:G	CCSBVarC000703	ENSP00000498780.1:p.Cys590Arg	ITGB2	ENSG00000160255	UPK1B
HsVcPillar2a6	CCSBORF4765	3	CCSBORF12040	3AT	2	2210G>A	0	NC_000021.9:44886772:C:T	CCSBVarC007532	ENSP00000498780.1:p.Arg737His	ITGB2	ENSG00000160255	UPK1B
HsVcPillar2a6	CCSBORF4765	3	CCSBORF12040	3AT	2	253G>A	0	NC_000021.9:44906989:C:T	CCSBVarC007548	ENSP00000498780.1:p.Ala85Thr	ITGB2	ENSG00000160255	UPK1B
HsVcPillar2a6	CCSBORF4765	3	CCSBORF12040	3AT	2	400G>A	0	NC_000021.9:44903463:C:T	CCSBVarC008399	ENSP00000498780.1:p.Asp134Asn	ITGB2	ENSG00000160255	UPK1B
HsVcPillar2a6	CCSBORF4765	3	CCSBORF12040	3AT	2	587A>C	0	NC_000021.9:44901645:T:G	CCSBVarC007544	ENSP00000498780.1:p.Lys196Thr	ITGB2	ENSG00000160255	UPK1B
HsVcPillar2a6	CCSBORF4765	3	CCSBORF12040	3AT	2	589G>A	0	NC_000021.9:44901643:C:T	CCSBVarC007543	ENSP00000498780.1:p.Glu197Lys	ITGB2	ENSG00000160255	UPK1B
HsVcPillar2a6	CCSBORF4765	3	CCSBORF12040	3AT	2	706G>A	0	NC_000021.9:44901526:C:T	CCSBVarC007542	ENSP00000498780.1:p.Gly236Arg	ITGB2	ENSG00000160255	UPK1B
HsVcPillar2a6	CCSBORF4765	3	CCSBORF12040	3AT	2	809C>T	0	NC_000021.9:44900407:G:A	CCSBVarC008389	ENSP00000498780.1:p.Ala270Val	ITGB2	ENSG00000160255	UPK1B
HsVcPillar2a6	CCSBORF4765	3	CCSBORF12040	3AT	2	847G>A	0	NC_000021.9:44900369:C:T	CCSBVarC007540	ENSP00000498780.1:p.Asp283Asn	ITGB2	ENSG00000160255	UPK1B
HsVcPillar2a6	CCSBORF4765	3	CCSBORF12040	3AT	2	853C>T	0	NC_000021.9:44900363:G:A	CCSBVarC007538	ENSP00000498780.1:p.Arg285Cys	ITGB2	ENSG00000160255	UPK1B
HsVcPillar2a6	CCSBORF4765	3	CCSBORF12040	3AT	2	899A>T	0	NC_000021.9:44899160:T:A	CCSBVarC003145	ENSP00000498780.1:p.Asp300Val	ITGB2	ENSG00000160255	UPK1B
HsVcPillar2a6	CCSBORF359	3	CCSBORF4616	3AT	2	REF	1891	NULL	NULL	NULL	CBS	ENSG00000160200	UBE2I
HsVcPillar2a6	CCSBORF359	3	CCSBORF4616	3AT	2	1007G>A	5	NC_000021.9:43062342:C:T	CCSBVarC007316	ENSP00000381231.4:p.Arg336His	CBS	ENSG00000160200	UBE2I
HsVcPillar2a6	CCSBORF359	3	CCSBORF4616	3AT	2	1070C>G	1	NC_000021.9:43060515:G:C	CCSBVarC007311	ENSP00000381231.4:p.Ala357Gly	CBS	ENSG00000160200	UBE2I
HsVcPillar2a6	CCSBORF359	3	CCSBORF4616	3AT	2	1109G>A	42	NC_000021.9:43060476:C:T	CCSBVarC007309	ENSP00000381231.4:p.Cys370Tyr	CBS	ENSG00000160200	UBE2I
HsVcPillar2a6	CCSBORF359	3	CCSBORF4616	3AT	2	112G>A	13	NC_000021.9:43072081:C:T	CCSBVarC007365	ENSP00000381231.4:p.Ala38Thr	CBS	ENSG00000160200	UBE2I
HsVcPillar2a6	CCSBORF359	3	CCSBORF4616	3AT	2	1265C>T	6	NC_000021.9:43058926:G:A	CCSBVarC007304	ENSP00000381231.4:p.Pro422Leu	CBS	ENSG00000160200	UBE2I
HsVcPillar2a6	CCSBORF359	3	CCSBORF4616	3AT	2	133C>T	107	NC_000021.9:43072060:G:A	CCSBVarC007364	ENSP00000381231.4:p.Arg45Trp	CBS	ENSG00000160200	UBE2I
HsVcPillar2a6	CCSBORF359	3	CCSBORF4616	3AT	2	1353G>C	2	NC_000021.9:43058838:C:G	CCSBVarC007301	ENSP00000381231.4:p.Glu451Asp	CBS	ENSG00000160200	UBE2I
HsVcPillar2a6	CCSBORF359	3	CCSBORF4616	3AT	2	1358G>A	76	NC_000021.9:43058833:C:T	CCSBVarC007299	ENSP00000381231.4:p.Gly453Glu	CBS	ENSG00000160200	UBE2I
HsVcPillar2a6	CCSBORF359	3	CCSBORF4616	3AT	2	1411G>A	2	NC_000021.9:43058200:C:T	CCSBVarC007297	ENSP00000381231.4:p.Gly471Arg	CBS	ENSG00000160200	UBE2I
HsVcPillar2a6	CCSBORF359	3	CCSBORF4616	3AT	2	1539C>G	122	NC_000021.9:43056815:G:C	CCSBVarC007295	ENSP00000381231.4:p.His513Gln	CBS	ENSG00000160200	UBE2I
HsVcPillar2a6	CCSBORF359	3	CCSBORF4616	3AT	2	209C>T	142	NC_000021.9:43071984:G:A	CCSBVarC007361	ENSP00000381231.4:p.Pro70Leu	CBS	ENSG00000160200	UBE2I
HsVcPillar2a6	CCSBORF359	3	CCSBORF4616	3AT	2	215A>T	46	NC_000021.9:43068609:T:A	CCSBVarC007360	ENSP00000381231.4:p.Lys72Ile	CBS	ENSG00000160200	UBE2I
HsVcPillar2a6	CCSBORF359	3	CCSBORF4616	3AT	2	296T>A	154	NC_000021.9:43068528:A:T	CCSBVarC007357	ENSP00000381231.4:p.Phe99Tyr	CBS	ENSG00000160200	UBE2I
HsVcPillar2a6	CCSBORF359	3	CCSBORF4616	3AT	2	297C>G	136	NC_000021.9:43068527:G:C	CCSBVarC007356	ENSP00000381231.4:p.Phe99Leu	CBS	ENSG00000160200	UBE2I
HsVcPillar2a6	CCSBORF359	3	CCSBORF4616	3AT	2	340G>A	80	NC_000021.9:43066353:C:T	CCSBVarC007351	ENSP00000381231.4:p.Ala114Thr	CBS	ENSG00000160200	UBE2I
HsVcPillar2a6	CCSBORF359	3	CCSBORF4616	3AT	2	394C>A	209	NC_000021.9:43066299:G:T	CCSBVarC007345	ENSP00000381231.4:p.Arg132Ser	CBS	ENSG00000160200	UBE2I
HsVcPillar2a6	CCSBORF359	3	CCSBORF4616	3AT	2	401G>C	91	NC_000021.9:43066292:C:G	CCSBVarC007341	ENSP00000381231.4:p.Gly134Ala	CBS	ENSG00000160200	UBE2I
HsVcPillar2a6	CCSBORF359	3	CCSBORF4616	3AT	2	429C>G	12	NC_000021.9:43066264:G:C	CCSBVarC008694	ENSP00000381231.4:p.Ile143Met	CBS	ENSG00000160200	UBE2I
HsVcPillar2a6	CCSBORF359	3	CCSBORF4616	3AT	2	5C>T	10	NC_000021.9:43072188:G:A	CCSBVarC007369	ENSP00000381231.4:p.Pro2Leu	CBS	ENSG00000160200	UBE2I
HsVcPillar2a6	CCSBORF359	3	CCSBORF4616	3AT	2	622T>C	0	NC_000021.9:43065430:A:G	CCSBVarC007331	ENSP00000381231.4:p.Trp208Arg	CBS	ENSG00000160200	UBE2I
HsVcPillar2a6	CCSBORF359	3	CCSBORF4616	3AT	2	65A>G	96	NC_000021.9:43072128:T:C	CCSBVarC007366	ENSP00000381231.4:p.His22Arg	CBS	ENSG00000160200	UBE2I
HsVcPillar2a6	CCSBORF359	3	CCSBORF4616	3AT	2	750G>A	5	NC_000021.9:43063977:C:T	CCSBVarC007327	ENSP00000381231.4:p.Met250Ile	CBS	ENSG00000160200	UBE2I
HsVcPillar2a6	CCSBORF359	3	CCSBORF4616	3AT	2	770C>T	188	NC_000021.9:43063957:G:A	CCSBVarC007326	ENSP00000381231.4:p.Thr257Met	CBS	ENSG00000160200	UBE2I
HsVcPillar2a6	CCSBORF359	3	CCSBORF4616	3AT	2	857T>C	190	NC_000021.9:43063049:A:G	CCSBVarC007322	ENSP00000381231.4:p.Ile286Thr	CBS	ENSG00000160200	UBE2I
HsVcPillar2a6	CCSBORF359	3	CCSBORF4616	3AT	2	953C>T	206	NC_000021.9:43062953:G:A	CCSBVarC007320	ENSP00000381231.4:p.Thr318Met	CBS	ENSG00000160200	UBE2I
HsVcPillar2a6	CCSBORF12573	2	CCSBORF0	3AT	2	REF	25	NULL	NULL	NULL	DES	ENSG00000175084	empty_AD
HsVcPillar2a6	CCSBORF12573	2	CCSBORF0	3AT	2	1027G>A	0	NC_000002.12:219421342:G:A	CCSBVarC007854	ENSP00000363071.3:p.Asp343Asn	DES	ENSG00000175084	empty_AD
HsVcPillar2a6	CCSBORF12573	2	CCSBORF0	3AT	2	1048C>T	1	NC_000002.12:219421363:C:T	CCSBVarC007859	ENSP00000363071.3:p.Arg350Trp	DES	ENSG00000175084	empty_AD
HsVcPillar2a6	CCSBORF12573	2	CCSBORF0	3AT	2	1133A>C	0	NC_000002.12:219421448:A:C	CCSBVarC007865	ENSP00000363071.3:p.Lys378Thr	DES	ENSG00000175084	empty_AD
HsVcPillar2a6	CCSBORF12573	2	CCSBORF0	3AT	2	1166A>C	0	NC_000002.12:219421481:A:C	CCSBVarC007868	ENSP00000363071.3:p.Gln389Pro	DES	ENSG00000175084	empty_AD
HsVcPillar2a6	CCSBORF12573	2	CCSBORF0	3AT	2	1175T>C	0	NC_000002.12:219421490:T:C	CCSBVarC007870	ENSP00000363071.3:p.Leu392Pro	DES	ENSG00000175084	empty_AD
HsVcPillar2a6	CCSBORF12573	2	CCSBORF0	3AT	2	1195G>T	0	NC_000002.12:219421510:G:T	CCSBVarC007874	ENSP00000363071.3:p.Asp399Tyr	DES	ENSG00000175084	empty_AD
HsVcPillar2a6	CCSBORF12573	2	CCSBORF0	3AT	2	1203G>C	1	NC_000002.12:219421518:G:C	CCSBVarC028104	ENSP00000363071.3:p.Glu401Asp	DES	ENSG00000175084	empty_AD
HsVcPillar2a6	CCSBORF12573	2	CCSBORF0	3AT	2	1243C>T	0	NC_000002.12:219421558:C:T	CCSBVarC007878	ENSP00000363071.3:p.Arg415Trp	DES	ENSG00000175084	empty_AD
HsVcPillar2a6	CCSBORF12573	2	CCSBORF0	3AT	2	1255C>T	0	NC_000002.12:219423786:C:T	CCSBVarC006508	ENSP00000363071.3:p.Pro419Ser	DES	ENSG00000175084	empty_AD
HsVcPillar2a6	CCSBORF12573	2	CCSBORF0	3AT	2	127A>G	0	NC_000002.12:219418588:A:G	CCSBVarC007791	ENSP00000363071.3:p.Lys43Glu	DES	ENSG00000175084	empty_AD
HsVcPillar2a6	CCSBORF12573	2	CCSBORF0	3AT	2	130G>A	0	NC_000002.12:219418591:G:A	CCSBVarC007792	ENSP00000363071.3:p.Gly44Ser	DES	ENSG00000175084	empty_AD
HsVcPillar2a6	CCSBORF12573	2	CCSBORF0	3AT	2	1346A>C	0	NC_000002.12:219425719:A:C	CCSBVarC007886	ENSP00000363071.3:p.Lys449Thr	DES	ENSG00000175084	empty_AD
HsVcPillar2a6	CCSBORF12573	2	CCSBORF0	3AT	2	1353C>G	0	NC_000002.12:219425726:C:G	CCSBVarC007887	ENSP00000363071.3:p.Ile451Met	DES	ENSG00000175084	empty_AD
HsVcPillar2a6	CCSBORF12573	2	CCSBORF0	3AT	2	1404A>C	1	NC_000002.12:219425980:A:C	CCSBVarC007892	ENSP00000363071.3:p.Glu468Asp	DES	ENSG00000175084	empty_AD
HsVcPillar2a6	CCSBORF12573	2	CCSBORF0	3AT	2	154C>A	0	NC_000002.12:219418615:C:A	CCSBVarC007793	ENSP00000363071.3:p.Arg52Ser	DES	ENSG00000175084	empty_AD
HsVcPillar2a6	CCSBORF12573	2	CCSBORF0	3AT	2	170C>T	0	NC_000002.12:219418631:C:T	CCSBVarC007795	ENSP00000363071.3:p.Ser57Leu	DES	ENSG00000175084	empty_AD
HsVcPillar2a6	CCSBORF12573	2	CCSBORF0	3AT	2	229A>G	0	NC_000002.12:219418690:A:G	CCSBVarC028052	ENSP00000363071.3:p.Thr77Ala	DES	ENSG00000175084	empty_AD
HsVcPillar2a6	CCSBORF12573	2	CCSBORF0	3AT	2	376G>T	0	NC_000002.12:219418837:G:T	CCSBVarC007809	ENSP00000363071.3:p.Val126Leu	DES	ENSG00000175084	empty_AD
HsVcPillar2a6	CCSBORF12573	2	CCSBORF0	3AT	2	38C>T	1	NC_000002.12:219418499:C:T	CCSBVarC007783	ENSP00000363071.3:p.Ser13Phe	DES	ENSG00000175084	empty_AD
HsVcPillar2a6	CCSBORF12573	2	CCSBORF0	3AT	2	407T>C	0	NC_000002.12:219418868:T:C	CCSBVarC007813	ENSP00000363071.3:p.Leu136Pro	DES	ENSG00000175084	empty_AD
HsVcPillar2a6	CCSBORF12573	2	CCSBORF0	3AT	2	449G>A	1	NC_000002.12:219418910:G:A	CCSBVarC007816	ENSP00000363071.3:p.Arg150Gln	DES	ENSG00000175084	empty_AD
HsVcPillar2a6	CCSBORF12573	2	CCSBORF0	3AT	2	46C>T	0	NC_000002.12:219418507:C:T	CCSBVarC007784	ENSP00000363071.3:p.Arg16Cys	DES	ENSG00000175084	empty_AD
HsVcPillar2a6	CCSBORF12573	2	CCSBORF0	3AT	2	529G>A	0	NC_000002.12:219418990:G:A	CCSBVarC007819	ENSP00000363071.3:p.Asp177Asn	DES	ENSG00000175084	empty_AD
HsVcPillar2a6	CCSBORF12573	2	CCSBORF0	3AT	2	566G>A	0	NC_000002.12:219419027:G:A	CCSBVarC007821	ENSP00000363071.3:p.Arg189Gln	DES	ENSG00000175084	empty_AD
HsVcPillar2a6	CCSBORF12573	2	CCSBORF0	3AT	2	58G>A	0	NC_000002.12:219418519:G:A	CCSBVarC007785	ENSP00000363071.3:p.Gly20Arg	DES	ENSG00000175084	empty_AD
HsVcPillar2a6	CCSBORF12573	2	CCSBORF0	3AT	2	623T>C	1	NC_000002.12:219420138:T:C	CCSBVarC007822	ENSP00000363071.3:p.Leu208Ser	DES	ENSG00000175084	empty_AD
HsVcPillar2a6	CCSBORF12573	2	CCSBORF0	3AT	2	638C>T	1	NC_000002.12:219420153:C:T	CCSBVarC007825	ENSP00000363071.3:p.Ala213Val	DES	ENSG00000175084	empty_AD
HsVcPillar2a6	CCSBORF12573	2	CCSBORF0	3AT	2	785A>T	0	NC_000002.12:219420543:A:T	CCSBVarC007837	ENSP00000363071.3:p.Glu262Val	DES	ENSG00000175084	empty_AD
HsVcPillar2a6	CCSBORF12573	2	CCSBORF0	3AT	2	853G>A	0	NC_000002.12:219420611:G:A	CCSBVarC007840	ENSP00000363071.3:p.Ala285Thr	DES	ENSG00000175084	empty_AD
HsVcPillar2a6	CCSBORF12573	2	CCSBORF0	3AT	2	974G>A	2	NC_000002.12:219420903:G:A	CCSBVarC007845	ENSP00000363071.3:p.Arg325Gln	DES	ENSG00000175084	empty_AD
HsVcPillar2a6	CCSBORF12573	2	CCSBORF0	3AT	2	976C>T	1	NC_000002.12:219420905:C:T	CCSBVarC007846	ENSP00000363071.3:p.His326Tyr	DES	ENSG00000175084	empty_AD
HsVcPillar2a6	CCSBORF7923	1	CCSBORF0	3AT	2	REF	0	NULL	NULL	NULL	FAH	ENSG00000103876	empty_AD
HsVcPillar2a6	CCSBORF7923	1	CCSBORF0	3AT	2	1027G>A	0	NC_000015.10:80180189:G:A	CCSBVarC025379	ENSP00000453347.2:p.Gly343Arg	FAH	ENSG00000103876	empty_AD
HsVcPillar2a6	CCSBORF7923	1	CCSBORF0	3AT	2	1027G>T	0	NC_000015.10:80180189:G:T	CCSBVarC025383	ENSP00000453347.2:p.Gly343Trp	FAH	ENSG00000103876	empty_AD
HsVcPillar2a6	CCSBORF7923	1	CCSBORF0	3AT	2	1028G>A	0	NC_000015.10:80180190:G:A	CCSBVarC025390	ENSP00000453347.2:p.Gly343Glu	FAH	ENSG00000103876	empty_AD
HsVcPillar2a6	CCSBORF7923	1	CCSBORF0	3AT	2	1090G>C	0	NC_000015.10:80181068:G:C	CCSBVarC025393	ENSP00000453347.2:p.Glu364Gln	FAH	ENSG00000103876	empty_AD
HsVcPillar2a6	CCSBORF7923	1	CCSBORF0	3AT	2	10A>C	0	NC_000015.10:80153063:A:C	CCSBVarC025280	ENSP00000453347.2:p.Ile4Leu	FAH	ENSG00000103876	empty_AD
HsVcPillar2a6	CCSBORF7923	1	CCSBORF0	3AT	2	122T>C	0	NC_000015.10:80158099:T:C	CCSBVarC025294	ENSP00000453347.2:p.Leu41Pro	FAH	ENSG00000103876	empty_AD
HsVcPillar2a6	CCSBORF7923	1	CCSBORF0	3AT	2	391C>T	0	NC_000015.10:80162271:C:T	CCSBVarC025297	ENSP00000453347.2:p.Arg131Trp	FAH	ENSG00000103876	empty_AD
HsVcPillar2a6	CCSBORF7923	1	CCSBORF0	3AT	2	398A>T	0	NC_000015.10:80162278:A:T	CCSBVarC025300	ENSP00000453347.2:p.His133Leu	FAH	ENSG00000103876	empty_AD
HsVcPillar2a6	CCSBORF7923	1	CCSBORF0	3AT	2	424A>G	0	NC_000015.10:80162304:A:G	CCSBVarC025306	ENSP00000453347.2:p.Arg142Gly	FAH	ENSG00000103876	empty_AD
HsVcPillar2a6	CCSBORF7923	1	CCSBORF0	3AT	2	497T>G	0	NC_000015.10:80168092:T:G	CCSBVarC025309	ENSP00000453347.2:p.Val166Gly	FAH	ENSG00000103876	empty_AD
HsVcPillar2a6	CCSBORF7923	1	CCSBORF0	3AT	2	53C>T	0	NC_000015.10:80153106:C:T	CCSBVarC025288	ENSP00000453347.2:p.Pro18Leu	FAH	ENSG00000103876	empty_AD
HsVcPillar2a6	CCSBORF7923	1	CCSBORF0	3AT	2	61G>T	0	NC_000015.10:80153114:G:T	CCSBVarC025291	ENSP00000453347.2:p.Val21Phe	FAH	ENSG00000103876	empty_AD
HsVcPillar2a6	CCSBORF7923	1	CCSBORF0	3AT	2	697G>A	0	NC_000015.10:80172238:G:A	CCSBVarC025329	ENSP00000453347.2:p.Asp233Asn	FAH	ENSG00000103876	empty_AD
HsVcPillar2a6	CCSBORF7923	1	CCSBORF0	3AT	2	700T>G	0	NC_000015.10:80172241:T:G	CCSBVarC025333	ENSP00000453347.2:p.Trp234Gly	FAH	ENSG00000103876	empty_AD
HsVcPillar2a6	CCSBORF7923	1	CCSBORF0	3AT	2	742G>A	0	NC_000015.10:80173048:G:A	CCSBVarC025336	ENSP00000453347.2:p.Gly248Arg	FAH	ENSG00000103876	empty_AD
HsVcPillar2a6	CCSBORF7923	1	CCSBORF0	3AT	2	745C>A	0	NC_000015.10:80173051:C:A	CCSBVarC025339	ENSP00000453347.2:p.Pro249Thr	FAH	ENSG00000103876	empty_AD
HsVcPillar2a6	CCSBORF7923	1	CCSBORF0	3AT	2	880A>C	0	NC_000015.10:80175057:A:C	CCSBVarC025345	ENSP00000453347.2:p.Thr294Pro	FAH	ENSG00000103876	empty_AD
HsVcPillar2a6	CCSBORF7923	1	CCSBORF0	3AT	2	974C>T	0	NC_000015.10:80180136:C:T	CCSBVarC025348	ENSP00000453347.2:p.Thr325Met	FAH	ENSG00000103876	empty_AD
HsVcPillar2a6	CCSBORF300	3	CCSBORF0	3AT	2	REF	1	NULL	NULL	NULL	GALT	ENSG00000213930	empty_AD
HsVcPillar2a6	CCSBORF300	3	CCSBORF0	3AT	2	1024C>A	1	NC_000009.12:34649528:C:A	CCSBVarC007288	ENSP00000368119.4:p.Leu342Ile	GALT	ENSG00000213930	empty_AD
HsVcPillar2a6	CCSBORF300	3	CCSBORF0	3AT	2	107C>T	0	NC_000009.12:34647112:C:T	CCSBVarC004975	ENSP00000368119.4:p.Pro36Leu	GALT	ENSG00000213930	empty_AD
HsVcPillar2a6	CCSBORF300	3	CCSBORF0	3AT	2	1087G>A	0	NC_000009.12:34650395:G:A	CCSBVarC007293	ENSP00000368119.4:p.Glu363Lys	GALT	ENSG00000213930	empty_AD
HsVcPillar2a6	CCSBORF300	3	CCSBORF0	3AT	2	1132A>G	0	NC_000009.12:34650440:A:G	CCSBVarC007294	ENSP00000368119.4:p.Ile378Val	GALT	ENSG00000213930	empty_AD
HsVcPillar2a6	CCSBORF300	3	CCSBORF0	3AT	2	118G>A	0	NC_000009.12:34647123:G:A	CCSBVarC007146	ENSP00000368119.4:p.Glu40Lys	GALT	ENSG00000213930	empty_AD
HsVcPillar2a6	CCSBORF300	3	CCSBORF0	3AT	2	130G>A	0	NC_000009.12:34647135:G:A	CCSBVarC007147	ENSP00000368119.4:p.Val44Met	GALT	ENSG00000213930	empty_AD
HsVcPillar2a6	CCSBORF300	3	CCSBORF0	3AT	2	130G>T	0	NC_000009.12:34647135:G:T	CCSBVarC004976	ENSP00000368119.4:p.Val44Leu	GALT	ENSG00000213930	empty_AD
HsVcPillar2a6	CCSBORF300	3	CCSBORF0	3AT	2	292G>A	0	NC_000009.12:34647530:G:A	CCSBVarC007164	ENSP00000368119.4:p.Asp98Asn	GALT	ENSG00000213930	empty_AD
HsVcPillar2a6	CCSBORF300	3	CCSBORF0	3AT	2	292G>C	0	NC_000009.12:34647530:G:C	CCSBVarC007165	ENSP00000368119.4:p.Asp98His	GALT	ENSG00000213930	empty_AD
HsVcPillar2a6	CCSBORF300	3	CCSBORF0	3AT	2	308A>G	0	NC_000009.12:34647546:A:G	CCSBVarC007167	ENSP00000368119.4:p.Gln103Arg	GALT	ENSG00000213930	empty_AD
HsVcPillar2a6	CCSBORF300	3	CCSBORF0	3AT	2	341A>C	0	NC_000009.12:34647668:A:C	CCSBVarC007169	ENSP00000368119.4:p.His114Pro	GALT	ENSG00000213930	empty_AD
HsVcPillar2a6	CCSBORF300	3	CCSBORF0	3AT	2	367C>G	0	NC_000009.12:34647694:C:G	CCSBVarC007171	ENSP00000368119.4:p.Arg123Gly	GALT	ENSG00000213930	empty_AD
HsVcPillar2a6	CCSBORF300	3	CCSBORF0	3AT	2	386T>C	0	NC_000009.12:34647839:T:C	CCSBVarC007176	ENSP00000368119.4:p.Met129Thr	GALT	ENSG00000213930	empty_AD
HsVcPillar2a6	CCSBORF300	3	CCSBORF0	3AT	2	387G>A	0	NC_000009.12:34647840:G:A	CCSBVarC007177	ENSP00000368119.4:p.Met129Ile	GALT	ENSG00000213930	empty_AD
HsVcPillar2a6	CCSBORF300	3	CCSBORF0	3AT	2	442C>T	0	NC_000009.12:34647895:C:T	CCSBVarC007191	ENSP00000368119.4:p.Arg148Trp	GALT	ENSG00000213930	empty_AD
HsVcPillar2a6	CCSBORF300	3	CCSBORF0	3AT	2	502G>A	0	NC_000009.12:34647955:G:A	CCSBVarC007200	ENSP00000368119.4:p.Val168Met	GALT	ENSG00000213930	empty_AD
HsVcPillar2a6	CCSBORF300	3	CCSBORF0	3AT	2	556C>T	0	NC_000009.12:34648162:C:T	CCSBVarC004987	ENSP00000368119.4:p.His186Tyr	GALT	ENSG00000213930	empty_AD
HsVcPillar2a6	CCSBORF300	3	CCSBORF0	3AT	2	580T>C	0	NC_000009.12:34648348:T:C	CCSBVarC007219	ENSP00000368119.4:p.Phe194Leu	GALT	ENSG00000213930	empty_AD
HsVcPillar2a6	CCSBORF300	3	CCSBORF0	3AT	2	584T>C	0	NC_000009.12:34648352:T:C	CCSBVarC007220	ENSP00000368119.4:p.Leu195Pro	GALT	ENSG00000213930	empty_AD
HsVcPillar2a6	CCSBORF300	3	CCSBORF0	3AT	2	626A>C	0	NC_000009.12:34648394:A:C	CCSBVarC007227	ENSP00000368119.4:p.Tyr209Ser	GALT	ENSG00000213930	empty_AD
HsVcPillar2a6	CCSBORF300	3	CCSBORF0	3AT	2	67A>G	0	NC_000009.12:34646770:A:G	CCSBVarC007136	ENSP00000368119.4:p.Thr23Ala	GALT	ENSG00000213930	empty_AD
HsVcPillar2a6	CCSBORF300	3	CCSBORF0	3AT	2	74G>C	0	NC_000009.12:34646777:G:C	CCSBVarC007137	ENSP00000368119.4:p.Arg25Pro	GALT	ENSG00000213930	empty_AD
HsVcPillar2a6	CCSBORF300	3	CCSBORF0	3AT	2	752A>C	0	NC_000009.12:34648825:A:C	CCSBVarC007241	ENSP00000368119.4:p.Tyr251Ser	GALT	ENSG00000213930	empty_AD
HsVcPillar2a6	CCSBORF300	3	CCSBORF0	3AT	2	814C>G	0	NC_000009.12:34648887:C:G	CCSBVarC007251	ENSP00000368119.4:p.Arg272Gly	GALT	ENSG00000213930	empty_AD
HsVcPillar2a6	CCSBORF300	3	CCSBORF0	3AT	2	817G>C	0	NC_000009.12:34648890:G:C	CCSBVarC007252	ENSP00000368119.4:p.Asp273His	GALT	ENSG00000213930	empty_AD
HsVcPillar2a6	CCSBORF300	3	CCSBORF0	3AT	2	82G>A	0	NC_000009.12:34646785:G:A	CCSBVarC007138	ENSP00000368119.4:p.Asp28Asn	GALT	ENSG00000213930	empty_AD
HsVcPillar2a6	CCSBORF300	3	CCSBORF0	3AT	2	82G>C	0	NC_000009.12:34646785:G:C	CCSBVarC007139	ENSP00000368119.4:p.Asp28His	GALT	ENSG00000213930	empty_AD
HsVcPillar2a6	CCSBORF300	3	CCSBORF0	3AT	2	836T>G	0	NC_000009.12:34649012:T:G	CCSBVarC007254	ENSP00000368119.4:p.Met279Arg	GALT	ENSG00000213930	empty_AD
HsVcPillar2a6	CCSBORF300	3	CCSBORF0	3AT	2	875C>T	0	NC_000009.12:34649051:C:T	CCSBVarC007263	ENSP00000368119.4:p.Thr292Met	GALT	ENSG00000213930	empty_AD
HsVcPillar2a6	CCSBORF300	3	CCSBORF0	3AT	2	968A>G	0	NC_000009.12:34649472:A:G	CCSBVarC007274	ENSP00000368119.4:p.Tyr323Cys	GALT	ENSG00000213930	empty_AD
HsVcPillar2a6	CCSBORF300	3	CCSBORF0	3AT	2	982C>T	0	NC_000009.12:34649486:C:T	CCSBVarC007277	ENSP00000368119.4:p.Arg328Cys	GALT	ENSG00000213930	empty_AD
HsVcPillar2a6	CCSBORF300	3	CCSBORF0	3AT	2	986C>T	0	NC_000009.12:34649490:C:T	CCSBVarC007280	ENSP00000368119.4:p.Ser329Phe	GALT	ENSG00000213930	empty_AD
HsVcPillar2a6	CCSBORF300	3	CCSBORF0	3AT	2	997C>T	0	NC_000009.12:34649501:C:T	CCSBVarC007282	ENSP00000368119.4:p.Arg333Trp	GALT	ENSG00000213930	empty_AD
HsVcPillar2a6	CCSBORF300	7	CCSBORF0	3AT	2	REF	0	NULL	NULL	NULL	GALT	ENSG00000213930	empty_AD
HsVcPillar2a6	CCSBORF300	7	CCSBORF0	3AT	2	1030C>A	0	NC_000009.12:34649534:C:A	CCSBVarC007289	ENSP00000368119.4:p.Gln344Lys	GALT	ENSG00000213930	empty_AD
HsVcPillar2a6	CCSBORF300	7	CCSBORF0	3AT	2	142C>T	0	NC_000009.12:34647147:C:T	CCSBVarC007150	ENSP00000368119.4:p.Arg48Cys	GALT	ENSG00000213930	empty_AD
HsVcPillar2a6	CCSBORF300	7	CCSBORF0	3AT	2	199C>T	0	NC_000009.12:34647204:C:T	CCSBVarC007157	ENSP00000368119.4:p.Arg67Cys	GALT	ENSG00000213930	empty_AD
HsVcPillar2a6	CCSBORF300	7	CCSBORF0	3AT	2	221T>C	0	NC_000009.12:34647226:T:C	CCSBVarC007159	ENSP00000368119.4:p.Leu74Pro	GALT	ENSG00000213930	empty_AD
HsVcPillar2a6	CCSBORF300	7	CCSBORF0	3AT	2	265T>G	0	NC_000009.12:34647503:T:G	CCSBVarC007160	ENSP00000368119.4:p.Tyr89Asp	GALT	ENSG00000213930	empty_AD
HsVcPillar2a6	CCSBORF300	7	CCSBORF0	3AT	2	299C>G	0	NC_000009.12:34647537:C:G	CCSBVarC007166	ENSP00000368119.4:p.Pro100Arg	GALT	ENSG00000213930	empty_AD
HsVcPillar2a6	CCSBORF300	7	CCSBORF0	3AT	2	329G>A	0	NC_000009.12:34647656:G:A	CCSBVarC007168	ENSP00000368119.4:p.Gly110Glu	GALT	ENSG00000213930	empty_AD
HsVcPillar2a6	CCSBORF300	7	CCSBORF0	3AT	2	341A>T	0	NC_000009.12:34647668:A:T	CCSBVarC004980	ENSP00000368119.4:p.His114Leu	GALT	ENSG00000213930	empty_AD
HsVcPillar2a6	CCSBORF300	7	CCSBORF0	3AT	2	396C>A	0	NC_000009.12:34647849:C:A	CCSBVarC007181	ENSP00000368119.4:p.His132Gln	GALT	ENSG00000213930	empty_AD
HsVcPillar2a6	CCSBORF300	7	CCSBORF0	3AT	2	404C>T	0	NC_000009.12:34647857:C:T	CCSBVarC007182	ENSP00000368119.4:p.Ser135Leu	GALT	ENSG00000213930	empty_AD
HsVcPillar2a6	CCSBORF300	7	CCSBORF0	3AT	2	442C>G	0	NC_000009.12:34647895:C:G	CCSBVarC007190	ENSP00000368119.4:p.Arg148Gly	GALT	ENSG00000213930	empty_AD
HsVcPillar2a6	CCSBORF300	7	CCSBORF0	3AT	2	460T>G	0	NC_000009.12:34647913:T:G	CCSBVarC007196	ENSP00000368119.4:p.Trp154Gly	GALT	ENSG00000213930	empty_AD
HsVcPillar2a6	CCSBORF300	7	CCSBORF0	3AT	2	509T>A	0	NC_000009.12:34648115:T:A	CCSBVarC007202	ENSP00000368119.4:p.Ile170Asn	GALT	ENSG00000213930	empty_AD
HsVcPillar2a6	CCSBORF300	7	CCSBORF0	3AT	2	509T>C	0	NC_000009.12:34648115:T:C	CCSBVarC007203	ENSP00000368119.4:p.Ile170Thr	GALT	ENSG00000213930	empty_AD
HsVcPillar2a6	CCSBORF300	7	CCSBORF0	3AT	2	512T>C	0	NC_000009.12:34648118:T:C	CCSBVarC007204	ENSP00000368119.4:p.Phe171Ser	GALT	ENSG00000213930	empty_AD
HsVcPillar2a6	CCSBORF300	7	CCSBORF0	3AT	2	542C>T	0	NC_000009.12:34648148:C:T	CCSBVarC007208	ENSP00000368119.4:p.Ser181Phe	GALT	ENSG00000213930	empty_AD
HsVcPillar2a6	CCSBORF300	7	CCSBORF0	3AT	2	547C>A	0	NC_000009.12:34648153:C:A	CCSBVarC004985	ENSP00000368119.4:p.Pro183Thr	GALT	ENSG00000213930	empty_AD
HsVcPillar2a6	CCSBORF300	7	CCSBORF0	3AT	2	552C>A	0	NC_000009.12:34648158:C:A	CCSBVarC007210	ENSP00000368119.4:p.His184Gln	GALT	ENSG00000213930	empty_AD
HsVcPillar2a6	CCSBORF300	7	CCSBORF0	3AT	2	575G>A	0	NC_000009.12:34648343:G:A	CCSBVarC007218	ENSP00000368119.4:p.Ser192Asn	GALT	ENSG00000213930	empty_AD
HsVcPillar2a6	CCSBORF300	7	CCSBORF0	3AT	2	587C>T	0	NC_000009.12:34648355:C:T	CCSBVarC007221	ENSP00000368119.4:p.Pro196Leu	GALT	ENSG00000213930	empty_AD
HsVcPillar2a6	CCSBORF300	7	CCSBORF0	3AT	2	680T>C	0	NC_000009.12:34648448:T:C	CCSBVarC007233	ENSP00000368119.4:p.Leu227Pro	GALT	ENSG00000213930	empty_AD
HsVcPillar2a6	CCSBORF300	7	CCSBORF0	3AT	2	691C>T	0	NC_000009.12:34648764:C:T	CCSBVarC007236	ENSP00000368119.4:p.Arg231Cys	GALT	ENSG00000213930	empty_AD
HsVcPillar2a6	CCSBORF300	7	CCSBORF0	3AT	2	692G>A	0	NC_000009.12:34648765:G:A	CCSBVarC007237	ENSP00000368119.4:p.Arg231His	GALT	ENSG00000213930	empty_AD
HsVcPillar2a6	CCSBORF300	7	CCSBORF0	3AT	2	775C>T	0	NC_000009.12:34648848:C:T	CCSBVarC007245	ENSP00000368119.4:p.Arg259Trp	GALT	ENSG00000213930	empty_AD
HsVcPillar2a6	CCSBORF300	7	CCSBORF0	3AT	2	793C>G	0	NC_000009.12:34648866:C:G	CCSBVarC007248	ENSP00000368119.4:p.Pro265Ala	GALT	ENSG00000213930	empty_AD
HsVcPillar2a6	CCSBORF300	7	CCSBORF0	3AT	2	803C>A	0	NC_000009.12:34648876:C:A	CCSBVarC007249	ENSP00000368119.4:p.Thr268Asn	GALT	ENSG00000213930	empty_AD
HsVcPillar2a6	CCSBORF300	7	CCSBORF0	3AT	2	844C>G	0	NC_000009.12:34649020:C:G	CCSBVarC007255	ENSP00000368119.4:p.Leu282Val	GALT	ENSG00000213930	empty_AD
HsVcPillar2a6	CCSBORF300	7	CCSBORF0	3AT	2	893T>C	0	NC_000009.12:34649069:T:C	CCSBVarC007265	ENSP00000368119.4:p.Met298Thr	GALT	ENSG00000213930	empty_AD
HsVcPillar2a6	CCSBORF300	7	CCSBORF0	3AT	2	958G>A	0	NC_000009.12:34649462:G:A	CCSBVarC004998	ENSP00000368119.4:p.Ala320Thr	GALT	ENSG00000213930	empty_AD
HsVcPillar2a6	CCSBORF300	7	CCSBORF0	3AT	2	95T>A	0	NC_000009.12:34647100:T:A	CCSBVarC007143	ENSP00000368119.4:p.Ile32Asn	GALT	ENSG00000213930	empty_AD
HsVcPillar2a6	CCSBORF300	7	CCSBORF0	3AT	2	961C>T	0	NC_000009.12:34649465:C:T	CCSBVarC007272	ENSP00000368119.4:p.His321Tyr	GALT	ENSG00000213930	empty_AD
HsVcPillar2a6	CCSBORF300	7	CCSBORF0	3AT	2	967T>G	0	NC_000009.12:34649471:T:G	CCSBVarC004999	ENSP00000368119.4:p.Tyr323Asp	GALT	ENSG00000213930	empty_AD
HsVcPillar2a6	CCSBORF300	7	CCSBORF0	3AT	2	989C>T	0	NC_000009.12:34649493:C:T	CCSBVarC005001	ENSP00000368119.4:p.Ala330Val	GALT	ENSG00000213930	empty_AD
HsVcPillar2a6	CCSBORF5808	2	CCSBORF0	3AT	2	REF	1	NULL	NULL	NULL	HBB	ENSG00000244734	empty_AD
HsVcPillar2a6	CCSBORF5808	2	CCSBORF0	3AT	2	127T>C	0	NC_000011.10:5226764:A:G	CCSBVarC010224	ENSP00000333994.3:p.Phe43Leu	HBB	ENSG00000244734	empty_AD
HsVcPillar2a6	CCSBORF5808	2	CCSBORF0	3AT	2	128T>C	0	NC_000011.10:5226763:A:G	CCSBVarC010202	ENSP00000333994.3:p.Phe43Ser	HBB	ENSG00000244734	empty_AD
HsVcPillar2a6	CCSBORF5808	2	CCSBORF0	3AT	2	170G>A	0	NC_000011.10:5226721:C:T	CCSBVarC010134	ENSP00000333994.3:p.Gly57Asp	HBB	ENSG00000244734	empty_AD
HsVcPillar2a6	CCSBORF5808	2	CCSBORF0	3AT	2	1A>G	0	NC_000011.10:5227020:T:C	CCSBVarC010208	ENSP00000333994.3:p.Met1Val	HBB	ENSG00000244734	empty_AD
HsVcPillar2a6	CCSBORF5808	2	CCSBORF0	3AT	2	209G>A	0	NC_000011.10:5226682:C:T	CCSBVarC010113	ENSP00000333994.3:p.Gly70Asp	HBB	ENSG00000244734	empty_AD
HsVcPillar2a6	CCSBORF5808	2	CCSBORF0	3AT	2	220G>A	0	NC_000011.10:5226671:C:T	CCSBVarC010119	ENSP00000333994.3:p.Asp74Asn	HBB	ENSG00000244734	empty_AD
HsVcPillar2a6	CCSBORF5808	2	CCSBORF0	3AT	2	229G>C	0	NC_000011.10:5226662:C:G	CCSBVarC006224	ENSP00000333994.3:p.Ala77Pro	HBB	ENSG00000244734	empty_AD
HsVcPillar2a6	CCSBORF5808	2	CCSBORF0	3AT	2	257T>C	0	NC_000011.10:5226634:A:G	CCSBVarC010140	ENSP00000333994.3:p.Phe86Ser	HBB	ENSG00000244734	empty_AD
HsVcPillar2a6	CCSBORF5808	2	CCSBORF0	3AT	2	263C>T	0	NC_000011.10:5226628:G:A	CCSBVarC010091	ENSP00000333994.3:p.Thr88Ile	HBB	ENSG00000244734	empty_AD
HsVcPillar2a6	CCSBORF5808	2	CCSBORF0	3AT	2	26A>C	0	NC_000011.10:5226995:T:G	CCSBVarC006215	ENSP00000333994.3:p.Lys9Thr	HBB	ENSG00000244734	empty_AD
HsVcPillar2a6	CCSBORF5808	2	CCSBORF0	3AT	2	286A>G	0	NC_000011.10:5226605:T:C	CCSBVarC010107	ENSP00000333994.3:p.Lys96Glu	HBB	ENSG00000244734	empty_AD
HsVcPillar2a6	CCSBORF5808	2	CCSBORF0	3AT	2	293A>C	0	NC_000011.10:5226598:T:G	CCSBVarC006228	ENSP00000333994.3:p.His98Pro	HBB	ENSG00000244734	empty_AD
HsVcPillar2a6	CCSBORF5808	2	CCSBORF0	3AT	2	295G>A	0	NC_000011.10:5226596:C:T	CCSBVarC010194	ENSP00000333994.3:p.Val99Met	HBB	ENSG00000244734	empty_AD
HsVcPillar2a6	CCSBORF5808	2	CCSBORF0	3AT	2	332T>C	0	NC_000011.10:5225709:A:G	CCSBVarC006232	ENSP00000333994.3:p.Leu111Pro	HBB	ENSG00000244734	empty_AD
HsVcPillar2a6	CCSBORF5808	2	CCSBORF0	3AT	2	347C>A	0	NC_000011.10:5225694:G:T	CCSBVarC000907	ENSP00000333994.3:p.Ala116Asp	HBB	ENSG00000244734	empty_AD
HsVcPillar2a6	CCSBORF5808	2	CCSBORF0	3AT	2	380T>G	0	NC_000011.10:5225661:A:C	CCSBVarC006236	ENSP00000333994.3:p.Val127Gly	HBB	ENSG00000244734	empty_AD
HsVcPillar2a6	CCSBORF5808	2	CCSBORF0	3AT	2	388G>C	0	NC_000011.10:5225653:C:G	CCSBVarC006239	ENSP00000333994.3:p.Ala130Pro	HBB	ENSG00000244734	empty_AD
HsVcPillar2a6	CCSBORF5808	2	CCSBORF0	3AT	2	397A>C	0	NC_000011.10:5225644:T:G	CCSBVarC010100	ENSP00000333994.3:p.Lys133Gln	HBB	ENSG00000244734	empty_AD
HsVcPillar2a6	CCSBORF5808	2	CCSBORF0	3AT	2	3G>A	0	NC_000011.10:5227018:C:T	CCSBVarC010149	ENSP00000333994.3:p.Met1Ile	HBB	ENSG00000244734	empty_AD
HsVcPillar2a6	CCSBORF5808	2	CCSBORF0	3AT	2	40G>A	0	NC_000011.10:5226981:C:T	CCSBVarC010080	ENSP00000333994.3:p.Ala14Thr	HBB	ENSG00000244734	empty_AD
HsVcPillar2a6	CCSBORF5808	2	CCSBORF0	3AT	2	4G>T	0	NC_000011.10:5227017:C:A	CCSBVarC010169	ENSP00000333994.3:p.Val2Leu	HBB	ENSG00000244734	empty_AD
HsVcPillar2a6	CCSBORF5808	2	CCSBORF0	3AT	2	93G>C	0	NC_000011.10:5226798:C:G	CCSBVarC010187	ENSP00000333994.3:p.Arg31Ser	HBB	ENSG00000244734	empty_AD
HsVcPillar2a6	CCSBORF5808	2	CCSBORF0	3AT	2	94C>G	0	NC_000011.10:5226797:G:C	CCSBVarC006220	ENSP00000333994.3:p.Leu32Val	HBB	ENSG00000244734	empty_AD
HsVcPillar2a6	CCSBORF5808	2	CCSBORF0	3AT	2	98T>C	0	NC_000011.10:5226793:A:G	CCSBVarC000904	ENSP00000333994.3:p.Leu33Pro	HBB	ENSG00000244734	empty_AD
HsVcPillar2a6	CCSBORF4765	1	CCSBORF0	3AT	2	REF	0	NULL	NULL	NULL	ITGB2	ENSG00000160255	empty_AD
HsVcPillar2a6	CCSBORF4765	1	CCSBORF0	3AT	2	1021G>C	0	NC_000021.9:44895032:C:G	CCSBVarC008390	ENSP00000498780.1:p.Ala341Pro	ITGB2	ENSG00000160255	empty_AD
HsVcPillar2a6	CCSBORF4765	1	CCSBORF0	3AT	2	1172C>T	0	NC_000021.9:44893455:G:A	CCSBVarC007536	ENSP00000498780.1:p.Thr391Met	ITGB2	ENSG00000160255	empty_AD
HsVcPillar2a6	CCSBORF4765	1	CCSBORF0	3AT	2	130A>C	0	NC_000021.9:44910300:T:G	CCSBVarC008418	ENSP00000498780.1:p.Thr44Pro	ITGB2	ENSG00000160255	empty_AD
HsVcPillar2a6	CCSBORF4765	1	CCSBORF0	3AT	2	1670G>C	0	NC_000021.9:44889482:C:G	CCSBVarC008425	ENSP00000498780.1:p.Cys557Ser	ITGB2	ENSG00000160255	empty_AD
HsVcPillar2a6	CCSBORF4765	1	CCSBORF0	3AT	2	1756C>T	0	NC_000021.9:44889396:G:A	CCSBVarC008429	ENSP00000498780.1:p.Arg586Trp	ITGB2	ENSG00000160255	empty_AD
HsVcPillar2a6	CCSBORF4765	1	CCSBORF0	3AT	2	1768T>C	0	NC_000021.9:44889384:A:G	CCSBVarC000703	ENSP00000498780.1:p.Cys590Arg	ITGB2	ENSG00000160255	empty_AD
HsVcPillar2a6	CCSBORF4765	1	CCSBORF0	3AT	2	1835G>T	0	NC_000021.9:44889317:C:A	CCSBVarC009514	ENSP00000498780.1:p.Cys612Phe	ITGB2	ENSG00000160255	empty_AD
HsVcPillar2a6	CCSBORF4765	1	CCSBORF0	3AT	2	2147G>C	0	NC_000021.9:44886835:C:G	CCSBVarC008410	ENSP00000498780.1:p.Gly716Ala	ITGB2	ENSG00000160255	empty_AD
HsVcPillar2a6	CCSBORF4765	1	CCSBORF0	3AT	2	229G>A	0	NC_000021.9:44907013:C:T	CCSBVarC008408	ENSP00000498780.1:p.Asp77Asn	ITGB2	ENSG00000160255	empty_AD
HsVcPillar2a6	CCSBORF4765	1	CCSBORF0	3AT	2	392A>C	0	NC_000021.9:44903471:T:G	CCSBVarC008404	ENSP00000498780.1:p.Tyr131Ser	ITGB2	ENSG00000160255	empty_AD
HsVcPillar2a6	CCSBORF4765	1	CCSBORF0	3AT	2	412T>C	0	NC_000021.9:44903451:A:G	CCSBVarC000701	ENSP00000498780.1:p.Ser138Pro	ITGB2	ENSG00000160255	empty_AD
HsVcPillar2a6	CCSBORF4765	1	CCSBORF0	3AT	2	446T>C	0	NC_000021.9:44903417:A:G	CCSBVarC007547	ENSP00000498780.1:p.Leu149Pro	ITGB2	ENSG00000160255	empty_AD
HsVcPillar2a6	CCSBORF4765	1	CCSBORF0	3AT	2	520A>G	0	NC_000021.9:44901712:T:C	CCSBVarC008420	ENSP00000498780.1:p.Lys174Glu	ITGB2	ENSG00000160255	empty_AD
HsVcPillar2a6	CCSBORF4765	1	CCSBORF0	3AT	2	533C>T	0	NC_000021.9:44901699:G:A	CCSBVarC007545	ENSP00000498780.1:p.Pro178Leu	ITGB2	ENSG00000160255	empty_AD
HsVcPillar2a6	CCSBORF4765	1	CCSBORF0	3AT	2	706G>A	0	NC_000021.9:44901526:C:T	CCSBVarC007542	ENSP00000498780.1:p.Gly236Arg	ITGB2	ENSG00000160255	empty_AD
HsVcPillar2a6	CCSBORF4765	1	CCSBORF0	3AT	2	769C>T	0	NC_000021.9:44900447:G:A	CCSBVarC008422	ENSP00000498780.1:p.Arg257Trp	ITGB2	ENSG00000160255	empty_AD
HsVcPillar2a6	CCSBORF4765	1	CCSBORF0	3AT	2	850G>A	0	NC_000021.9:44900366:C:T	CCSBVarC007539	ENSP00000498780.1:p.Gly284Ser	ITGB2	ENSG00000160255	empty_AD
HsVcPillar2a6	CCSBORF4765	1	CCSBORF0	3AT	2	899A>T	0	NC_000021.9:44899160:T:A	CCSBVarC003145	ENSP00000498780.1:p.Asp300Val	ITGB2	ENSG00000160255	empty_AD
HsVcPillar2a6	CCSBORF4765	3	CCSBORF0	3AT	2	REF	0	NULL	NULL	NULL	ITGB2	ENSG00000160255	empty_AD
HsVcPillar2a6	CCSBORF4765	3	CCSBORF0	3AT	2	130A>C	0	NC_000021.9:44910300:T:G	CCSBVarC008418	ENSP00000498780.1:p.Thr44Pro	ITGB2	ENSG00000160255	empty_AD
HsVcPillar2a6	CCSBORF4765	3	CCSBORF0	3AT	2	1324C>T	0	NC_000021.9:44891896:G:A	CCSBVarC007535	ENSP00000498780.1:p.Leu442Phe	ITGB2	ENSG00000160255	empty_AD
HsVcPillar2a6	CCSBORF4765	3	CCSBORF0	3AT	2	1358G>A	0	NC_000021.9:44891862:C:T	CCSBVarC008424	ENSP00000498780.1:p.Ser453Asn	ITGB2	ENSG00000160255	empty_AD
HsVcPillar2a6	CCSBORF4765	3	CCSBORF0	3AT	2	1642G>T	0	NC_000021.9:44889992:C:A	CCSBVarC007534	ENSP00000498780.1:p.Val548Phe	ITGB2	ENSG00000160255	empty_AD
HsVcPillar2a6	CCSBORF4765	3	CCSBORF0	3AT	2	1670G>C	0	NC_000021.9:44889482:C:G	CCSBVarC008425	ENSP00000498780.1:p.Cys557Ser	ITGB2	ENSG00000160255	empty_AD
HsVcPillar2a6	CCSBORF4765	3	CCSBORF0	3AT	2	1697C>T	0	NC_000021.9:44889455:G:A	CCSBVarC007533	ENSP00000498780.1:p.Pro566Leu	ITGB2	ENSG00000160255	empty_AD
HsVcPillar2a6	CCSBORF4765	3	CCSBORF0	3AT	2	1768T>C	0	NC_000021.9:44889384:A:G	CCSBVarC000703	ENSP00000498780.1:p.Cys590Arg	ITGB2	ENSG00000160255	empty_AD
HsVcPillar2a6	CCSBORF4765	3	CCSBORF0	3AT	2	2210G>A	0	NC_000021.9:44886772:C:T	CCSBVarC007532	ENSP00000498780.1:p.Arg737His	ITGB2	ENSG00000160255	empty_AD
HsVcPillar2a6	CCSBORF4765	3	CCSBORF0	3AT	2	253G>A	0	NC_000021.9:44906989:C:T	CCSBVarC007548	ENSP00000498780.1:p.Ala85Thr	ITGB2	ENSG00000160255	empty_AD
HsVcPillar2a6	CCSBORF4765	3	CCSBORF0	3AT	2	400G>A	0	NC_000021.9:44903463:C:T	CCSBVarC008399	ENSP00000498780.1:p.Asp134Asn	ITGB2	ENSG00000160255	empty_AD
HsVcPillar2a6	CCSBORF4765	3	CCSBORF0	3AT	2	587A>C	0	NC_000021.9:44901645:T:G	CCSBVarC007544	ENSP00000498780.1:p.Lys196Thr	ITGB2	ENSG00000160255	empty_AD
HsVcPillar2a6	CCSBORF4765	3	CCSBORF0	3AT	2	589G>A	0	NC_000021.9:44901643:C:T	CCSBVarC007543	ENSP00000498780.1:p.Glu197Lys	ITGB2	ENSG00000160255	empty_AD
HsVcPillar2a6	CCSBORF4765	3	CCSBORF0	3AT	2	706G>A	0	NC_000021.9:44901526:C:T	CCSBVarC007542	ENSP00000498780.1:p.Gly236Arg	ITGB2	ENSG00000160255	empty_AD
HsVcPillar2a6	CCSBORF4765	3	CCSBORF0	3AT	2	809C>T	0	NC_000021.9:44900407:G:A	CCSBVarC008389	ENSP00000498780.1:p.Ala270Val	ITGB2	ENSG00000160255	empty_AD
HsVcPillar2a6	CCSBORF4765	3	CCSBORF0	3AT	2	847G>A	0	NC_000021.9:44900369:C:T	CCSBVarC007540	ENSP00000498780.1:p.Asp283Asn	ITGB2	ENSG00000160255	empty_AD
HsVcPillar2a6	CCSBORF4765	3	CCSBORF0	3AT	2	853C>T	0	NC_000021.9:44900363:G:A	CCSBVarC007538	ENSP00000498780.1:p.Arg285Cys	ITGB2	ENSG00000160255	empty_AD
HsVcPillar2a6	CCSBORF4765	3	CCSBORF0	3AT	2	899A>T	0	NC_000021.9:44899160:T:A	CCSBVarC003145	ENSP00000498780.1:p.Asp300Val	ITGB2	ENSG00000160255	empty_AD
HsVcPillar2a6	CCSBORF359	1	CCSBORF5539	3AT	3	REF	2	NULL	NULL	NULL	CBS	ENSG00000160200	ZMYM5
HsVcPillar2a6	CCSBORF359	1	CCSBORF5539	3AT	3	1007G>A	0	NC_000021.9:43062342:C:T	CCSBVarC007316	ENSP00000381231.4:p.Arg336His	CBS	ENSG00000160200	ZMYM5
HsVcPillar2a6	CCSBORF359	1	CCSBORF5539	3AT	3	1058C>T	0	NC_000021.9:43060527:G:A	CCSBVarC007312	ENSP00000381231.4:p.Thr353Met	CBS	ENSG00000160200	ZMYM5
HsVcPillar2a6	CCSBORF359	1	CCSBORF5539	3AT	3	1111G>A	0	NC_000021.9:43060474:C:T	CCSBVarC007308	ENSP00000381231.4:p.Val371Met	CBS	ENSG00000160200	ZMYM5
HsVcPillar2a6	CCSBORF359	1	CCSBORF5539	3AT	3	1150A>G	1	NC_000021.9:43059298:T:C	CCSBVarC007306	ENSP00000381231.4:p.Lys384Glu	CBS	ENSG00000160200	ZMYM5
HsVcPillar2a6	CCSBORF359	1	CCSBORF5539	3AT	3	1330G>A	0	NC_000021.9:43058861:C:T	CCSBVarC007302	ENSP00000381231.4:p.Asp444Asn	CBS	ENSG00000160200	ZMYM5
HsVcPillar2a6	CCSBORF359	1	CCSBORF5539	3AT	3	146C>T	0	NC_000021.9:43072047:G:A	CCSBVarC000042	ENSP00000381231.4:p.Pro49Leu	CBS	ENSG00000160200	ZMYM5
HsVcPillar2a6	CCSBORF359	1	CCSBORF5539	3AT	3	175C>T	0	NC_000021.9:43072018:G:A	CCSBVarC008674	ENSP00000381231.4:p.Pro59Ser	CBS	ENSG00000160200	ZMYM5
HsVcPillar2a6	CCSBORF359	1	CCSBORF5539	3AT	3	253G>A	0	NC_000021.9:43068571:C:T	CCSBVarC007358	ENSP00000381231.4:p.Gly85Arg	CBS	ENSG00000160200	ZMYM5
HsVcPillar2a6	CCSBORF359	1	CCSBORF5539	3AT	3	306G>C	0	NC_000021.9:43068518:C:G	CCSBVarC007353	ENSP00000381231.4:p.Lys102Asn	CBS	ENSG00000160200	ZMYM5
HsVcPillar2a6	CCSBORF359	1	CCSBORF5539	3AT	3	341C>T	0	NC_000021.9:43066352:G:A	CCSBVarC007350	ENSP00000381231.4:p.Ala114Val	CBS	ENSG00000160200	ZMYM5
HsVcPillar2a6	CCSBORF359	1	CCSBORF5539	3AT	3	361C>T	0	NC_000021.9:43066332:G:A	CCSBVarC007347	ENSP00000381231.4:p.Arg121Cys	CBS	ENSG00000160200	ZMYM5
HsVcPillar2a6	CCSBORF359	1	CCSBORF5539	3AT	3	374G>A	0	NC_000021.9:43066319:C:T	CCSBVarC008706	ENSP00000381231.4:p.Arg125Gln	CBS	ENSG00000160200	ZMYM5
HsVcPillar2a6	CCSBORF359	1	CCSBORF5539	3AT	3	430G>A	0	NC_000021.9:43066263:C:T	CCSBVarC007340	ENSP00000381231.4:p.Glu144Lys	CBS	ENSG00000160200	ZMYM5
HsVcPillar2a6	CCSBORF359	1	CCSBORF5539	3AT	3	442G>A	2	NC_000021.9:43066251:C:T	CCSBVarC007338	ENSP00000381231.4:p.Gly148Arg	CBS	ENSG00000160200	ZMYM5
HsVcPillar2a6	CCSBORF359	1	CCSBORF5539	3AT	3	494G>A	0	NC_000021.9:43065652:C:T	CCSBVarC008696	ENSP00000381231.4:p.Cys165Tyr	CBS	ENSG00000160200	ZMYM5
HsVcPillar2a6	CCSBORF359	1	CCSBORF5539	3AT	3	526G>A	0	NC_000021.9:43065620:C:T	CCSBVarC008702	ENSP00000381231.4:p.Glu176Lys	CBS	ENSG00000160200	ZMYM5
HsVcPillar2a6	CCSBORF359	1	CCSBORF5539	3AT	3	52C>T	0	NC_000021.9:43072141:G:A	CCSBVarC007367	ENSP00000381231.4:p.Arg18Cys	CBS	ENSG00000160200	ZMYM5
HsVcPillar2a6	CCSBORF359	1	CCSBORF5539	3AT	3	684C>G	0	NC_000021.9:43065254:G:C	CCSBVarC008710	ENSP00000381231.4:p.Asn228Lys	CBS	ENSG00000160200	ZMYM5
HsVcPillar2a6	CCSBORF359	1	CCSBORF5539	3AT	3	700G>A	0	NC_000021.9:43065238:C:T	CCSBVarC007328	ENSP00000381231.4:p.Asp234Asn	CBS	ENSG00000160200	ZMYM5
HsVcPillar2a6	CCSBORF359	1	CCSBORF5539	3AT	3	797G>A	0	NC_000021.9:43063930:C:T	CCSBVarC007324	ENSP00000381231.4:p.Arg266Lys	CBS	ENSG00000160200	ZMYM5
HsVcPillar2a6	CCSBORF359	1	CCSBORF5539	3AT	3	833T>C	0	NC_000021.9:43063073:A:G	CCSBVarC000044	ENSP00000381231.4:p.Ile278Thr	CBS	ENSG00000160200	ZMYM5
HsVcPillar2a6	CCSBORF359	1	CCSBORF5539	3AT	3	959T>C	0	NC_000021.9:43062390:A:G	CCSBVarC007319	ENSP00000381231.4:p.Val320Ala	CBS	ENSG00000160200	ZMYM5
HsVcPillar2a6	CCSBORF359	3	CCSBORF0	3AT	3	REF	0	NULL	NULL	NULL	CBS	ENSG00000160200	empty_AD
HsVcPillar2a6	CCSBORF359	3	CCSBORF0	3AT	3	1007G>A	0	NC_000021.9:43062342:C:T	CCSBVarC007316	ENSP00000381231.4:p.Arg336His	CBS	ENSG00000160200	empty_AD
HsVcPillar2a6	CCSBORF359	3	CCSBORF0	3AT	3	1070C>G	0	NC_000021.9:43060515:G:C	CCSBVarC007311	ENSP00000381231.4:p.Ala357Gly	CBS	ENSG00000160200	empty_AD
HsVcPillar2a6	CCSBORF359	3	CCSBORF0	3AT	3	1109G>A	0	NC_000021.9:43060476:C:T	CCSBVarC007309	ENSP00000381231.4:p.Cys370Tyr	CBS	ENSG00000160200	empty_AD
HsVcPillar2a6	CCSBORF359	3	CCSBORF0	3AT	3	112G>A	0	NC_000021.9:43072081:C:T	CCSBVarC007365	ENSP00000381231.4:p.Ala38Thr	CBS	ENSG00000160200	empty_AD
HsVcPillar2a6	CCSBORF359	3	CCSBORF0	3AT	3	1265C>T	0	NC_000021.9:43058926:G:A	CCSBVarC007304	ENSP00000381231.4:p.Pro422Leu	CBS	ENSG00000160200	empty_AD
HsVcPillar2a6	CCSBORF359	3	CCSBORF0	3AT	3	133C>T	0	NC_000021.9:43072060:G:A	CCSBVarC007364	ENSP00000381231.4:p.Arg45Trp	CBS	ENSG00000160200	empty_AD
HsVcPillar2a6	CCSBORF359	3	CCSBORF0	3AT	3	1353G>C	0	NC_000021.9:43058838:C:G	CCSBVarC007301	ENSP00000381231.4:p.Glu451Asp	CBS	ENSG00000160200	empty_AD
HsVcPillar2a6	CCSBORF359	3	CCSBORF0	3AT	3	1358G>A	0	NC_000021.9:43058833:C:T	CCSBVarC007299	ENSP00000381231.4:p.Gly453Glu	CBS	ENSG00000160200	empty_AD
HsVcPillar2a6	CCSBORF359	3	CCSBORF0	3AT	3	1411G>A	0	NC_000021.9:43058200:C:T	CCSBVarC007297	ENSP00000381231.4:p.Gly471Arg	CBS	ENSG00000160200	empty_AD
HsVcPillar2a6	CCSBORF359	3	CCSBORF0	3AT	3	1539C>G	0	NC_000021.9:43056815:G:C	CCSBVarC007295	ENSP00000381231.4:p.His513Gln	CBS	ENSG00000160200	empty_AD
HsVcPillar2a6	CCSBORF359	3	CCSBORF0	3AT	3	209C>T	0	NC_000021.9:43071984:G:A	CCSBVarC007361	ENSP00000381231.4:p.Pro70Leu	CBS	ENSG00000160200	empty_AD
HsVcPillar2a6	CCSBORF359	3	CCSBORF0	3AT	3	215A>T	0	NC_000021.9:43068609:T:A	CCSBVarC007360	ENSP00000381231.4:p.Lys72Ile	CBS	ENSG00000160200	empty_AD
HsVcPillar2a6	CCSBORF359	3	CCSBORF0	3AT	3	296T>A	0	NC_000021.9:43068528:A:T	CCSBVarC007357	ENSP00000381231.4:p.Phe99Tyr	CBS	ENSG00000160200	empty_AD
HsVcPillar2a6	CCSBORF359	3	CCSBORF0	3AT	3	297C>G	0	NC_000021.9:43068527:G:C	CCSBVarC007356	ENSP00000381231.4:p.Phe99Leu	CBS	ENSG00000160200	empty_AD
HsVcPillar2a6	CCSBORF359	3	CCSBORF0	3AT	3	340G>A	0	NC_000021.9:43066353:C:T	CCSBVarC007351	ENSP00000381231.4:p.Ala114Thr	CBS	ENSG00000160200	empty_AD
HsVcPillar2a6	CCSBORF359	3	CCSBORF0	3AT	3	394C>A	0	NC_000021.9:43066299:G:T	CCSBVarC007345	ENSP00000381231.4:p.Arg132Ser	CBS	ENSG00000160200	empty_AD
HsVcPillar2a6	CCSBORF359	3	CCSBORF0	3AT	3	401G>C	0	NC_000021.9:43066292:C:G	CCSBVarC007341	ENSP00000381231.4:p.Gly134Ala	CBS	ENSG00000160200	empty_AD
HsVcPillar2a6	CCSBORF359	3	CCSBORF0	3AT	3	429C>G	0	NC_000021.9:43066264:G:C	CCSBVarC008694	ENSP00000381231.4:p.Ile143Met	CBS	ENSG00000160200	empty_AD
HsVcPillar2a6	CCSBORF359	3	CCSBORF0	3AT	3	5C>T	0	NC_000021.9:43072188:G:A	CCSBVarC007369	ENSP00000381231.4:p.Pro2Leu	CBS	ENSG00000160200	empty_AD
HsVcPillar2a6	CCSBORF359	3	CCSBORF0	3AT	3	622T>C	0	NC_000021.9:43065430:A:G	CCSBVarC007331	ENSP00000381231.4:p.Trp208Arg	CBS	ENSG00000160200	empty_AD
HsVcPillar2a6	CCSBORF359	3	CCSBORF0	3AT	3	65A>G	0	NC_000021.9:43072128:T:C	CCSBVarC007366	ENSP00000381231.4:p.His22Arg	CBS	ENSG00000160200	empty_AD
HsVcPillar2a6	CCSBORF359	3	CCSBORF0	3AT	3	750G>A	0	NC_000021.9:43063977:C:T	CCSBVarC007327	ENSP00000381231.4:p.Met250Ile	CBS	ENSG00000160200	empty_AD
HsVcPillar2a6	CCSBORF359	3	CCSBORF0	3AT	3	770C>T	0	NC_000021.9:43063957:G:A	CCSBVarC007326	ENSP00000381231.4:p.Thr257Met	CBS	ENSG00000160200	empty_AD
HsVcPillar2a6	CCSBORF359	3	CCSBORF0	3AT	3	857T>C	0	NC_000021.9:43063049:A:G	CCSBVarC007322	ENSP00000381231.4:p.Ile286Thr	CBS	ENSG00000160200	empty_AD
HsVcPillar2a6	CCSBORF359	3	CCSBORF0	3AT	3	953C>T	0	NC_000021.9:43062953:G:A	CCSBVarC007320	ENSP00000381231.4:p.Thr318Met	CBS	ENSG00000160200	empty_AD
HsVcPillar2a6	CCSBORF12573	3	CCSBORF5539	3AT	3	REF	5273	NULL	NULL	NULL	DES	ENSG00000175084	ZMYM5
HsVcPillar2a6	CCSBORF12573	3	CCSBORF5539	3AT	3	1047G>A	53	NC_000002.12:219421362:G:A	CCSBVarC007858	ENSP00000363071.3:p.Met349Ile	DES	ENSG00000175084	ZMYM5
HsVcPillar2a6	CCSBORF12573	3	CCSBORF5539	3AT	3	1064G>C	1762	NC_000002.12:219421379:G:C	CCSBVarC007862	ENSP00000363071.3:p.Arg355Pro	DES	ENSG00000175084	ZMYM5
HsVcPillar2a6	CCSBORF12573	3	CCSBORF5539	3AT	3	109C>G	1721	NC_000002.12:219418570:C:G	CCSBVarC007789	ENSP00000363071.3:p.Arg37Gly	DES	ENSG00000175084	ZMYM5
HsVcPillar2a6	CCSBORF12573	3	CCSBORF5539	3AT	3	1159G>A	1304	NC_000002.12:219421474:G:A	CCSBVarC007867	ENSP00000363071.3:p.Glu387Lys	DES	ENSG00000175084	ZMYM5
HsVcPillar2a6	CCSBORF12573	3	CCSBORF5539	3AT	3	1167G>T	1605	NC_000002.12:219421482:G:T	CCSBVarC007869	ENSP00000363071.3:p.Gln389His	DES	ENSG00000175084	ZMYM5
HsVcPillar2a6	CCSBORF12573	3	CCSBORF5539	3AT	3	1180G>A	3467	NC_000002.12:219421495:G:A	CCSBVarC007872	ENSP00000363071.3:p.Val394Met	DES	ENSG00000175084	ZMYM5
HsVcPillar2a6	CCSBORF12573	3	CCSBORF5539	3AT	3	1234G>A	5630	NC_000002.12:219421549:G:A	CCSBVarC007876	ENSP00000363071.3:p.Glu412Lys	DES	ENSG00000175084	ZMYM5
HsVcPillar2a6	CCSBORF12573	3	CCSBORF5539	3AT	3	1256C>T	1254	NC_000002.12:219423787:C:T	CCSBVarC007879	ENSP00000363071.3:p.Pro419Leu	DES	ENSG00000175084	ZMYM5
HsVcPillar2a6	CCSBORF12573	3	CCSBORF5539	3AT	3	1271C>T	207	NC_000002.12:219423802:C:T	CCSBVarC007880	ENSP00000363071.3:p.Ser424Phe	DES	ENSG00000175084	ZMYM5
HsVcPillar2a6	CCSBORF12573	3	CCSBORF5539	3AT	3	1315G>A	508	NC_000002.12:219425688:G:A	CCSBVarC007883	ENSP00000363071.3:p.Glu439Lys	DES	ENSG00000175084	ZMYM5
HsVcPillar2a6	CCSBORF12573	3	CCSBORF5539	3AT	3	1360C>T	180	NC_000002.12:219425733:C:T	CCSBVarC007889	ENSP00000363071.3:p.Arg454Trp	DES	ENSG00000175084	ZMYM5
HsVcPillar2a6	CCSBORF12573	3	CCSBORF5539	3AT	3	1361G>A	2639	NC_000002.12:219425734:G:A	CCSBVarC007890	ENSP00000363071.3:p.Arg454Gln	DES	ENSG00000175084	ZMYM5
HsVcPillar2a6	CCSBORF12573	3	CCSBORF5539	3AT	3	209G>C	3619	NC_000002.12:219418670:G:C	CCSBVarC007798	ENSP00000363071.3:p.Arg70Pro	DES	ENSG00000175084	ZMYM5
HsVcPillar2a6	CCSBORF12573	3	CCSBORF5539	3AT	3	250G>A	675	NC_000002.12:219418711:G:A	CCSBVarC007801	ENSP00000363071.3:p.Gly84Ser	DES	ENSG00000175084	ZMYM5
HsVcPillar2a6	CCSBORF12573	3	CCSBORF5539	3AT	3	286G>T	2417	NC_000002.12:219418747:G:T	CCSBVarC007802	ENSP00000363071.3:p.Ala96Ser	DES	ENSG00000175084	ZMYM5
HsVcPillar2a6	CCSBORF12573	3	CCSBORF5539	3AT	3	328G>C	3208	NC_000002.12:219418789:G:C	CCSBVarC007805	ENSP00000363071.3:p.Val110Leu	DES	ENSG00000175084	ZMYM5
HsVcPillar2a6	CCSBORF12573	3	CCSBORF5539	3AT	3	347A>T	19	NC_000002.12:219418808:A:T	CCSBVarC007806	ENSP00000363071.3:p.Asn116Ile	DES	ENSG00000175084	ZMYM5
HsVcPillar2a6	CCSBORF12573	3	CCSBORF5539	3AT	3	404C>T	351	NC_000002.12:219418865:C:T	CCSBVarC007812	ENSP00000363071.3:p.Ala135Val	DES	ENSG00000175084	ZMYM5
HsVcPillar2a6	CCSBORF12573	3	CCSBORF5539	3AT	3	410C>A	3658	NC_000002.12:219418871:C:A	CCSBVarC007814	ENSP00000363071.3:p.Ala137Asp	DES	ENSG00000175084	ZMYM5
HsVcPillar2a6	CCSBORF12573	3	CCSBORF5539	3AT	3	629C>T	2208	NC_000002.12:219420144:C:T	CCSBVarC007823	ENSP00000363071.3:p.Ala210Val	DES	ENSG00000175084	ZMYM5
HsVcPillar2a6	CCSBORF12573	3	CCSBORF5539	3AT	3	656C>T	44	NC_000002.12:219420266:C:T	CCSBVarC007827	ENSP00000363071.3:p.Thr219Ile	DES	ENSG00000175084	ZMYM5
HsVcPillar2a6	CCSBORF12573	3	CCSBORF5539	3AT	3	665G>A	64	NC_000002.12:219420275:G:A	CCSBVarC007828	ENSP00000363071.3:p.Arg222His	DES	ENSG00000175084	ZMYM5
HsVcPillar2a6	CCSBORF12573	3	CCSBORF5539	3AT	3	679C>T	561	NC_000002.12:219420289:C:T	CCSBVarC007829	ENSP00000363071.3:p.Arg227Cys	DES	ENSG00000175084	ZMYM5
HsVcPillar2a6	CCSBORF12573	3	CCSBORF5539	3AT	3	680G>A	1307	NC_000002.12:219420290:G:A	CCSBVarC007830	ENSP00000363071.3:p.Arg227His	DES	ENSG00000175084	ZMYM5
HsVcPillar2a6	CCSBORF12573	3	CCSBORF5539	3AT	3	79G>A	2252	NC_000002.12:219418540:G:A	CCSBVarC007787	ENSP00000363071.3:p.Gly27Ser	DES	ENSG00000175084	ZMYM5
HsVcPillar2a6	CCSBORF12573	3	CCSBORF5539	3AT	3	817G>T	720	NC_000002.12:219420575:G:T	CCSBVarC007838	ENSP00000363071.3:p.Ala273Ser	DES	ENSG00000175084	ZMYM5
HsVcPillar2a6	CCSBORF12573	3	CCSBORF5539	3AT	3	893C>T	241	NC_000002.12:219420651:C:T	CCSBVarC006503	ENSP00000363071.3:p.Ser298Leu	DES	ENSG00000175084	ZMYM5
HsVcPillar2a6	CCSBORF12573	3	CCSBORF5539	3AT	3	935A>C	4531	NC_000002.12:219420864:A:C	CCSBVarC007842	ENSP00000363071.3:p.Asp312Ala	DES	ENSG00000175084	ZMYM5
HsVcPillar2a6	CCSBORF12573	3	CCSBORF5539	3AT	3	944G>A	3659	NC_000002.12:219420873:G:A	CCSBVarC007844	ENSP00000363071.3:p.Arg315His	DES	ENSG00000175084	ZMYM5
HsVcPillar2a6	CCSBORF12573	3	CCSBORF5539	3AT	3	980A>C	468	NC_000002.12:219420909:A:C	CCSBVarC007847	ENSP00000363071.3:p.Gln327Pro	DES	ENSG00000175084	ZMYM5
HsVcPillar2a6	CCSBORF12573	3	CCSBORF5539	3AT	3	991T>A	234	NC_000002.12:219420920:T:A	CCSBVarC007849	ENSP00000363071.3:p.Tyr331Asn	DES	ENSG00000175084	ZMYM5
HsVcPillar2a6	CCSBORF7923	2	CCSBORF6953	3AT	3	REF	0	NULL	NULL	NULL	FAH	ENSG00000103876	PLEKHF2
HsVcPillar2a6	CCSBORF7923	2	CCSBORF6953	3AT	3	1009G>A	0	NC_000015.10:80180171:G:A	CCSBVarC004729	ENSP00000453347.2:p.Gly337Ser	FAH	ENSG00000103876	PLEKHF2
HsVcPillar2a6	CCSBORF7923	2	CCSBORF6953	3AT	3	1021C>T	0	NC_000015.10:80180183:C:T	CCSBVarC007673	ENSP00000453347.2:p.Arg341Trp	FAH	ENSG00000103876	PLEKHF2
HsVcPillar2a6	CCSBORF7923	2	CCSBORF6953	3AT	3	1027G>A	0	NC_000015.10:80180189:G:A	CCSBVarC025379	ENSP00000453347.2:p.Gly343Arg	FAH	ENSG00000103876	PLEKHF2
HsVcPillar2a6	CCSBORF7923	2	CCSBORF6953	3AT	3	1079G>A	0	NC_000015.10:80181057:G:A	CCSBVarC007674	ENSP00000453347.2:p.Gly360Asp	FAH	ENSG00000103876	PLEKHF2
HsVcPillar2a6	CCSBORF7923	2	CCSBORF6953	3AT	3	107T>C	0	NC_000015.10:80158084:T:C	CCSBVarC007659	ENSP00000453347.2:p.Ile36Thr	FAH	ENSG00000103876	PLEKHF2
HsVcPillar2a6	CCSBORF7923	2	CCSBORF6953	3AT	3	109G>A	0	NC_000015.10:80158086:G:A	CCSBVarC007660	ENSP00000453347.2:p.Gly37Ser	FAH	ENSG00000103876	PLEKHF2
HsVcPillar2a6	CCSBORF7923	2	CCSBORF6953	3AT	3	1141A>G	0	NC_000015.10:80181119:A:G	CCSBVarC004730	ENSP00000453347.2:p.Arg381Gly	FAH	ENSG00000103876	PLEKHF2
HsVcPillar2a6	CCSBORF7923	2	CCSBORF6953	3AT	3	1205G>A	0	NC_000015.10:80186153:G:A	CCSBVarC007675	ENSP00000453347.2:p.Arg402His	FAH	ENSG00000103876	PLEKHF2
HsVcPillar2a6	CCSBORF7923	2	CCSBORF6953	3AT	3	133A>G	0	NC_000015.10:80158110:A:G	CCSBVarC007661	ENSP00000453347.2:p.Ile45Val	FAH	ENSG00000103876	PLEKHF2
HsVcPillar2a6	CCSBORF7923	2	CCSBORF6953	3AT	3	139A>G	0	NC_000015.10:80158116:A:G	CCSBVarC007662	ENSP00000453347.2:p.Lys47Glu	FAH	ENSG00000103876	PLEKHF2
HsVcPillar2a6	CCSBORF7923	2	CCSBORF6953	3AT	3	167C>T	0	NC_000015.10:80158144:C:T	CCSBVarC007663	ENSP00000453347.2:p.Ser56Phe	FAH	ENSG00000103876	PLEKHF2
HsVcPillar2a6	CCSBORF7923	2	CCSBORF6953	3AT	3	181G>T	0	NC_000015.10:80158158:G:T	CCSBVarC007664	ENSP00000453347.2:p.Val61Phe	FAH	ENSG00000103876	PLEKHF2
HsVcPillar2a6	CCSBORF7923	2	CCSBORF6953	3AT	3	192G>T	0	NC_000015.10:80158169:G:T	CCSBVarC007665	ENSP00000453347.2:p.Gln64His	FAH	ENSG00000103876	PLEKHF2
HsVcPillar2a6	CCSBORF7923	2	CCSBORF6953	3AT	3	291A>C	0	NC_000015.10:80159853:A:C	CCSBVarC007666	ENSP00000453347.2:p.Arg97Ser	FAH	ENSG00000103876	PLEKHF2
HsVcPillar2a6	CCSBORF7923	2	CCSBORF6953	3AT	3	296A>G	0	NC_000015.10:80159858:A:G	CCSBVarC007667	ENSP00000453347.2:p.Asp99Gly	FAH	ENSG00000103876	PLEKHF2
HsVcPillar2a6	CCSBORF7923	2	CCSBORF6953	3AT	3	302A>G	0	NC_000015.10:80159864:A:G	CCSBVarC007668	ENSP00000453347.2:p.Glu101Gly	FAH	ENSG00000103876	PLEKHF2
HsVcPillar2a6	CCSBORF7923	2	CCSBORF6953	3AT	3	398A>T	0	NC_000015.10:80162278:A:T	CCSBVarC025300	ENSP00000453347.2:p.His133Leu	FAH	ENSG00000103876	PLEKHF2
HsVcPillar2a6	CCSBORF7923	2	CCSBORF6953	3AT	3	401C>A	0	NC_000015.10:80162281:C:A	CCSBVarC004725	ENSP00000453347.2:p.Ala134Asp	FAH	ENSG00000103876	PLEKHF2
HsVcPillar2a6	CCSBORF7923	2	CCSBORF6953	3AT	3	412G>A	0	NC_000015.10:80162292:G:A	CCSBVarC007669	ENSP00000453347.2:p.Gly138Arg	FAH	ENSG00000103876	PLEKHF2
HsVcPillar2a6	CCSBORF7923	2	CCSBORF6953	3AT	3	47A>T	0	NC_000015.10:80153100:A:T	CCSBVarC004724	ENSP00000453347.2:p.Asn16Ile	FAH	ENSG00000103876	PLEKHF2
HsVcPillar2a6	CCSBORF7923	2	CCSBORF6953	3AT	3	696C>A	0	NC_000015.10:80172237:C:A	CCSBVarC004726	ENSP00000453347.2:p.Asn232Lys	FAH	ENSG00000103876	PLEKHF2
HsVcPillar2a6	CCSBORF7923	2	CCSBORF6953	3AT	3	698A>T	0	NC_000015.10:80172239:A:T	CCSBVarC004727	ENSP00000453347.2:p.Asp233Val	FAH	ENSG00000103876	PLEKHF2
HsVcPillar2a6	CCSBORF7923	2	CCSBORF6953	3AT	3	715A>T	0	NC_000015.10:80173021:A:T	CCSBVarC007670	ENSP00000453347.2:p.Ile239Phe	FAH	ENSG00000103876	PLEKHF2
HsVcPillar2a6	CCSBORF7923	2	CCSBORF6953	3AT	3	742G>A	0	NC_000015.10:80173048:G:A	CCSBVarC025336	ENSP00000453347.2:p.Gly248Arg	FAH	ENSG00000103876	PLEKHF2
HsVcPillar2a6	CCSBORF7923	2	CCSBORF6953	3AT	3	782C>T	0	NC_000015.10:80173088:C:T	CCSBVarC004728	ENSP00000453347.2:p.Pro261Leu	FAH	ENSG00000103876	PLEKHF2
HsVcPillar2a6	CCSBORF7923	2	CCSBORF6953	3AT	3	836A>G	0	NC_000015.10:80173142:A:G	CCSBVarC007671	ENSP00000453347.2:p.Gln279Arg	FAH	ENSG00000103876	PLEKHF2
HsVcPillar2a6	CCSBORF7923	2	CCSBORF6953	3AT	3	841C>A	0	NC_000015.10:80175018:C:A	CCSBVarC007672	ENSP00000453347.2:p.Pro281Thr	FAH	ENSG00000103876	PLEKHF2
HsVcPillar2a6	CCSBORF300	4	CCSBORF8190	3AT	3	REF	1388	NULL	NULL	NULL	GALT	ENSG00000213930	UBTD2
HsVcPillar2a6	CCSBORF300	4	CCSBORF8190	3AT	3	1048A>G	4436	NC_000009.12:34649552:A:G	CCSBVarC007291	ENSP00000368119.4:p.Thr350Ala	GALT	ENSG00000213930	UBTD2
HsVcPillar2a6	CCSBORF300	4	CCSBORF8190	3AT	3	113A>C	17	NC_000009.12:34647118:A:C	CCSBVarC007145	ENSP00000368119.4:p.Gln38Pro	GALT	ENSG00000213930	UBTD2
HsVcPillar2a6	CCSBORF300	4	CCSBORF8190	3AT	3	139C>G	18	NC_000009.12:34647144:C:G	CCSBVarC007149	ENSP00000368119.4:p.His47Asp	GALT	ENSG00000213930	UBTD2
HsVcPillar2a6	CCSBORF300	4	CCSBORF8190	3AT	3	157T>A	923	NC_000009.12:34647162:T:A	CCSBVarC007152	ENSP00000368119.4:p.Trp53Arg	GALT	ENSG00000213930	UBTD2
HsVcPillar2a6	CCSBORF300	4	CCSBORF8190	3AT	3	1A>G	1102	NC_000009.12:34646704:A:G	CCSBVarC004974	ENSP00000368119.4:p.Met1Val	GALT	ENSG00000213930	UBTD2
HsVcPillar2a6	CCSBORF300	4	CCSBORF8190	3AT	3	203A>C	328	NC_000009.12:34647208:A:C	CCSBVarC007158	ENSP00000368119.4:p.His68Pro	GALT	ENSG00000213930	UBTD2
HsVcPillar2a6	CCSBORF300	4	CCSBORF8190	3AT	3	27G>C	2081	NC_000009.12:34646730:G:C	CCSBVarC007135	ENSP00000368119.4:p.Gln9His	GALT	ENSG00000213930	UBTD2
HsVcPillar2a6	CCSBORF300	4	CCSBORF8190	3AT	3	285T>G	3	NC_000009.12:34647523:T:G	CCSBVarC007162	ENSP00000368119.4:p.Phe95Leu	GALT	ENSG00000213930	UBTD2
HsVcPillar2a6	CCSBORF300	4	CCSBORF8190	3AT	3	350T>C	14	NC_000009.12:34647677:T:C	CCSBVarC004981	ENSP00000368119.4:p.Phe117Ser	GALT	ENSG00000213930	UBTD2
HsVcPillar2a6	CCSBORF300	4	CCSBORF8190	3AT	3	374T>C	4560	NC_000009.12:34647701:T:C	CCSBVarC007173	ENSP00000368119.4:p.Val125Ala	GALT	ENSG00000213930	UBTD2
HsVcPillar2a6	CCSBORF300	4	CCSBORF8190	3AT	3	404C>G	20	NC_000009.12:34647857:C:G	CCSBVarC004982	ENSP00000368119.4:p.Ser135Trp	GALT	ENSG00000213930	UBTD2
HsVcPillar2a6	CCSBORF300	4	CCSBORF8190	3AT	3	413C>T	9159	NC_000009.12:34647866:C:T	CCSBVarC007184	ENSP00000368119.4:p.Thr138Met	GALT	ENSG00000213930	UBTD2
HsVcPillar2a6	CCSBORF300	4	CCSBORF8190	3AT	3	425T>A	1617	NC_000009.12:34647878:T:A	CCSBVarC007187	ENSP00000368119.4:p.Met142Lys	GALT	ENSG00000213930	UBTD2
HsVcPillar2a6	CCSBORF300	4	CCSBORF8190	3AT	3	499T>C	8	NC_000009.12:34647952:T:C	CCSBVarC007199	ENSP00000368119.4:p.Trp167Arg	GALT	ENSG00000213930	UBTD2
HsVcPillar2a6	CCSBORF300	4	CCSBORF8190	3AT	3	505C>A	3	NC_000009.12:34647958:C:A	CCSBVarC007201	ENSP00000368119.4:p.Gln169Lys	GALT	ENSG00000213930	UBTD2
HsVcPillar2a6	CCSBORF300	4	CCSBORF8190	3AT	3	550C>G	9	NC_000009.12:34648156:C:G	CCSBVarC007209	ENSP00000368119.4:p.His184Asp	GALT	ENSG00000213930	UBTD2
HsVcPillar2a6	CCSBORF300	4	CCSBORF8190	3AT	3	594T>G	10	NC_000009.12:34648362:T:G	CCSBVarC004989	ENSP00000368119.4:p.Ile198Met	GALT	ENSG00000213930	UBTD2
HsVcPillar2a6	CCSBORF300	4	CCSBORF8190	3AT	3	601C>T	17	NC_000009.12:34648369:C:T	CCSBVarC007222	ENSP00000368119.4:p.Arg201Cys	GALT	ENSG00000213930	UBTD2
HsVcPillar2a6	CCSBORF300	4	CCSBORF8190	3AT	3	611G>A	896	NC_000009.12:34648379:G:A	CCSBVarC007226	ENSP00000368119.4:p.Arg204Gln	GALT	ENSG00000213930	UBTD2
HsVcPillar2a6	CCSBORF300	4	CCSBORF8190	3AT	3	611G>C	37	NC_000009.12:34648379:G:C	CCSBVarC004991	ENSP00000368119.4:p.Arg204Pro	GALT	ENSG00000213930	UBTD2
HsVcPillar2a6	CCSBORF300	4	CCSBORF8190	3AT	3	650T>C	53	NC_000009.12:34648418:T:C	CCSBVarC007229	ENSP00000368119.4:p.Leu217Pro	GALT	ENSG00000213930	UBTD2
HsVcPillar2a6	CCSBORF300	4	CCSBORF8190	3AT	3	652C>G	20	NC_000009.12:34648420:C:G	CCSBVarC004993	ENSP00000368119.4:p.Leu218Val	GALT	ENSG00000213930	UBTD2
HsVcPillar2a6	CCSBORF300	4	CCSBORF8190	3AT	3	658G>A	23324	NC_000009.12:34648426:G:A	CCSBVarC007230	ENSP00000368119.4:p.Glu220Lys	GALT	ENSG00000213930	UBTD2
HsVcPillar2a6	CCSBORF300	4	CCSBORF8190	3AT	3	676C>G	2067	NC_000009.12:34648444:C:G	CCSBVarC007231	ENSP00000368119.4:p.Leu226Val	GALT	ENSG00000213930	UBTD2
HsVcPillar2a6	CCSBORF300	4	CCSBORF8190	3AT	3	687G>T	12	NC_000009.12:34648455:G:T	CCSBVarC007235	ENSP00000368119.4:p.Lys229Asn	GALT	ENSG00000213930	UBTD2
HsVcPillar2a6	CCSBORF300	4	CCSBORF8190	3AT	3	697G>C	32	NC_000009.12:34648770:G:C	CCSBVarC007238	ENSP00000368119.4:p.Val233Leu	GALT	ENSG00000213930	UBTD2
HsVcPillar2a6	CCSBORF300	4	CCSBORF8190	3AT	3	745T>C	1	NC_000009.12:34648818:T:C	CCSBVarC007239	ENSP00000368119.4:p.Trp249Arg	GALT	ENSG00000213930	UBTD2
HsVcPillar2a6	CCSBORF300	4	CCSBORF8190	3AT	3	86A>G	507	NC_000009.12:34647091:A:G	CCSBVarC017963	ENSP00000368119.4:p.His29Arg	GALT	ENSG00000213930	UBTD2
HsVcPillar2a6	CCSBORF300	4	CCSBORF8190	3AT	3	90G>C	2746	NC_000009.12:34647095:G:C	CCSBVarC007141	ENSP00000368119.4:p.Gln30His	GALT	ENSG00000213930	UBTD2
HsVcPillar2a6	CCSBORF300	4	CCSBORF8190	3AT	3	950A>G	395	NC_000009.12:34649454:A:G	CCSBVarC007268	ENSP00000368119.4:p.Gln317Arg	GALT	ENSG00000213930	UBTD2
HsVcPillar2a6	CCSBORF300	4	CCSBORF8190	3AT	3	957C>G	150	NC_000009.12:34649461:C:G	CCSBVarC000037	ENSP00000368119.4:p.His319Gln	GALT	ENSG00000213930	UBTD2
HsVcPillar2a6	CCSBORF300	4	CCSBORF8190	3AT	3	983G>A	18	NC_000009.12:34649487:G:A	CCSBVarC007278	ENSP00000368119.4:p.Arg328His	GALT	ENSG00000213930	UBTD2
HsVcPillar2a6	CCSBORF300	4	CCSBORF8190	3AT	3	98G>A	2407	NC_000009.12:34647103:G:A	CCSBVarC007144	ENSP00000368119.4:p.Arg33His	GALT	ENSG00000213930	UBTD2
HsVcPillar2a6	CCSBORF3689	1	CCSBORF54784	3AT	3	REF	3595	NULL	NULL	NULL	GCK	ENSG00000106633	GCKR
HsVcPillar2a6	CCSBORF3689	1	CCSBORF54784	3AT	3	1042A>T	151	NC_000007.14:44145707:T:A	CCSBVarC021262	ENSP00000384247.3:p.Ile348Phe	GCK	ENSG00000106633	GCKR
HsVcPillar2a6	CCSBORF3689	1	CCSBORF54784	3AT	3	10G>A	558	NC_000007.14:44188943:C:T	CCSBVarC021093	ENSP00000384247.3:p.Asp4Asn	GCK	ENSG00000106633	GCKR
HsVcPillar2a6	CCSBORF3689	1	CCSBORF54784	3AT	3	1364T>A	2092	NC_000007.14:44145169:A:T	CCSBVarC021293	ENSP00000384247.3:p.Val455Glu	GCK	ENSG00000106633	GCKR
HsVcPillar2a6	CCSBORF3689	1	CCSBORF54784	3AT	3	137G>T	7273	NC_000007.14:44153371:C:A	CCSBVarC021121	ENSP00000384247.3:p.Arg46Met	GCK	ENSG00000106633	GCKR
HsVcPillar2a6	CCSBORF3689	1	CCSBORF54784	3AT	3	1386G>T	1595	NC_000007.14:44145147:C:A	CCSBVarC021296	ENSP00000384247.3:p.Met462Ile	GCK	ENSG00000106633	GCKR
HsVcPillar2a6	CCSBORF3689	1	CCSBORF54784	3AT	3	203G>A	337	NC_000007.14:44153305:C:T	CCSBVarC021124	ENSP00000384247.3:p.Gly68Asp	GCK	ENSG00000106633	GCKR
HsVcPillar2a6	CCSBORF3689	1	CCSBORF54784	3AT	3	31G>A	25	NC_000007.14:44188922:C:T	CCSBVarC021106	ENSP00000384247.3:p.Ala11Thr	GCK	ENSG00000106633	GCKR
HsVcPillar2a6	CCSBORF3689	1	CCSBORF54784	3AT	3	466C>T	1	NC_000007.14:44150972:G:A	CCSBVarC021155	ENSP00000384247.3:p.His156Tyr	GCK	ENSG00000106633	GCKR
HsVcPillar2a6	CCSBORF3689	1	CCSBORF54784	3AT	3	475A>G	1463	NC_000007.14:44150963:T:C	CCSBVarC021157	ENSP00000384247.3:p.Ile159Val	GCK	ENSG00000106633	GCKR
HsVcPillar2a6	CCSBORF3689	1	CCSBORF54784	3AT	3	502A>C	1807	NC_000007.14:44150045:T:G	CCSBVarC021160	ENSP00000384247.3:p.Thr168Pro	GCK	ENSG00000106633	GCKR
HsVcPillar2a6	CCSBORF3689	1	CCSBORF54784	3AT	3	566T>C	97	NC_000007.14:44149981:A:G	CCSBVarC021163	ENSP00000384247.3:p.Ile189Thr	GCK	ENSG00000106633	GCKR
HsVcPillar2a6	CCSBORF3689	1	CCSBORF54784	3AT	3	57C>G	1520	NC_000007.14:44153451:G:C	CCSBVarC021109	ENSP00000384247.3:p.Ile19Met	GCK	ENSG00000106633	GCKR
HsVcPillar2a6	CCSBORF3689	1	CCSBORF54784	3AT	3	623C>T	762	NC_000007.14:44149815:G:A	CCSBVarC021166	ENSP00000384247.3:p.Ala208Val	GCK	ENSG00000106633	GCKR
HsVcPillar2a6	CCSBORF3689	1	CCSBORF54784	3AT	3	775G>T	37	NC_000007.14:44147737:C:A	CCSBVarC021172	ENSP00000384247.3:p.Ala259Ser	GCK	ENSG00000106633	GCKR
HsVcPillar2a6	CCSBORF3689	1	CCSBORF54784	3AT	3	776C>T	5460	NC_000007.14:44147736:G:A	CCSBVarC021175	ENSP00000384247.3:p.Ala259Val	GCK	ENSG00000106633	GCKR
HsVcPillar2a6	CCSBORF3689	1	CCSBORF54784	3AT	3	793G>A	1797	NC_000007.14:44147719:C:T	CCSBVarC021178	ENSP00000384247.3:p.Glu265Lys	GCK	ENSG00000106633	GCKR
HsVcPillar2a6	CCSBORF3689	1	CCSBORF54784	3AT	3	835G>C	573	NC_000007.14:44147677:C:G	CCSBVarC021196	ENSP00000384247.3:p.Glu279Gln	GCK	ENSG00000106633	GCKR
HsVcPillar2a6	CCSBORF3689	1	CCSBORF54784	3AT	3	883G>A	1888	NC_000007.14:44146598:C:T	CCSBVarC021199	ENSP00000384247.3:p.Gly295Ser	GCK	ENSG00000106633	GCKR
HsVcPillar2a6	CCSBORF3689	1	CCSBORF54784	3AT	3	917T>A	2577	NC_000007.14:44146564:A:T	CCSBVarC021202	ENSP00000384247.3:p.Leu306Gln	GCK	ENSG00000106633	GCKR
HsVcPillar2a6	CCSBORF3689	1	CCSBORF54784	3AT	3	917T>C	21	NC_000007.14:44146564:A:G	CCSBVarC021204	ENSP00000384247.3:p.Leu306Pro	GCK	ENSG00000106633	GCKR
HsVcPillar2a6	CCSBORF3689	1	CCSBORF54784	3AT	3	952G>A	3664	NC_000007.14:44146529:C:T	CCSBVarC021206	ENSP00000384247.3:p.Gly318Arg	GCK	ENSG00000106633	GCKR
HsVcPillar2a6	CCSBORF3689	1	CCSBORF54784	3AT	3	989T>C	1488	NC_000007.14:44146492:A:G	CCSBVarC021209	ENSP00000384247.3:p.Phe330Ser	GCK	ENSG00000106633	GCKR
HsVcPillar2a6	CCSBORF3689	1	CCSBORF54784	3AT	3	98T>A	769	NC_000007.14:44153410:A:T	CCSBVarC021112	ENSP00000384247.3:p.Val33Glu	GCK	ENSG00000106633	GCKR
HsVcPillar2a6	CCSBORF5808	3	CCSBORF8297	3AT	3	REF	13224	NULL	NULL	NULL	HBB	ENSG00000244734	HBZ
HsVcPillar2a6	CCSBORF5808	3	CCSBORF8297	3AT	3	107A>G	76	NC_000011.10:5226784:T:C	CCSBVarC010197	ENSP00000333994.3:p.Tyr36Cys	HBB	ENSG00000244734	HBZ
HsVcPillar2a6	CCSBORF5808	3	CCSBORF8297	3AT	3	113G>C	5496	NC_000011.10:5226778:C:G	CCSBVarC006221	ENSP00000333994.3:p.Trp38Ser	HBB	ENSG00000244734	HBZ
HsVcPillar2a6	CCSBORF5808	3	CCSBORF8297	3AT	3	122G>A	7626	NC_000011.10:5226769:C:T	CCSBVarC010115	ENSP00000333994.3:p.Arg41Lys	HBB	ENSG00000244734	HBZ
HsVcPillar2a6	CCSBORF5808	3	CCSBORF8297	3AT	3	130G>C	9326	NC_000011.10:5226761:C:G	CCSBVarC010083	ENSP00000333994.3:p.Glu44Gln	HBB	ENSG00000244734	HBZ
HsVcPillar2a6	CCSBORF5808	3	CCSBORF8297	3AT	3	131A>C	66	NC_000011.10:5226760:T:G	CCSBVarC010109	ENSP00000333994.3:p.Glu44Ala	HBB	ENSG00000244734	HBZ
HsVcPillar2a6	CCSBORF5808	3	CCSBORF8297	3AT	3	158A>G	1131	NC_000011.10:5226733:T:C	CCSBVarC000905	ENSP00000333994.3:p.Asp53Gly	HBB	ENSG00000244734	HBZ
HsVcPillar2a6	CCSBORF5808	3	CCSBORF8297	3AT	3	19G>C	68	NC_000011.10:5227002:C:G	CCSBVarC006213	ENSP00000333994.3:p.Glu7Gln	HBB	ENSG00000244734	HBZ
HsVcPillar2a6	CCSBORF5808	3	CCSBORF8297	3AT	3	238G>T	20	NC_000011.10:5226653:C:A	CCSBVarC010121	ENSP00000333994.3:p.Asp80Tyr	HBB	ENSG00000244734	HBZ
HsVcPillar2a6	CCSBORF5808	3	CCSBORF8297	3AT	3	248A>T	9147	NC_000011.10:5226643:T:A	CCSBVarC010189	ENSP00000333994.3:p.Lys83Met	HBB	ENSG00000244734	HBZ
HsVcPillar2a6	CCSBORF5808	3	CCSBORF8297	3AT	3	251G>A	22038	NC_000011.10:5226640:C:T	CCSBVarC006226	ENSP00000333994.3:p.Gly84Asp	HBB	ENSG00000244734	HBZ
HsVcPillar2a6	CCSBORF5808	3	CCSBORF8297	3AT	3	262A>C	14	NC_000011.10:5226629:T:G	CCSBVarC010094	ENSP00000333994.3:p.Thr88Pro	HBB	ENSG00000244734	HBZ
HsVcPillar2a6	CCSBORF5808	3	CCSBORF8297	3AT	3	266T>C	41	NC_000011.10:5226625:A:G	CCSBVarC010204	ENSP00000333994.3:p.Leu89Pro	HBB	ENSG00000244734	HBZ
HsVcPillar2a6	CCSBORF5808	3	CCSBORF8297	3AT	3	277C>A	22	NC_000011.10:5226614:G:T	CCSBVarC010210	ENSP00000333994.3:p.His93Asn	HBB	ENSG00000244734	HBZ
HsVcPillar2a6	CCSBORF5808	3	CCSBORF8297	3AT	3	294C>G	11465	NC_000011.10:5226597:G:C	CCSBVarC010171	ENSP00000333994.3:p.His98Gln	HBB	ENSG00000244734	HBZ
HsVcPillar2a6	CCSBORF5808	3	CCSBORF8297	3AT	3	298G>A	162	NC_000011.10:5226593:C:T	CCSBVarC006229	ENSP00000333994.3:p.Asp100Asn	HBB	ENSG00000244734	HBZ
HsVcPillar2a6	CCSBORF5808	3	CCSBORF8297	3AT	3	314G>C	17277	NC_000011.10:5226577:C:G	CCSBVarC010102	ENSP00000333994.3:p.Arg105Thr	HBB	ENSG00000244734	HBZ
HsVcPillar2a6	CCSBORF5808	3	CCSBORF8297	3AT	3	350A>C	24	NC_000011.10:5225691:T:G	CCSBVarC006233	ENSP00000333994.3:p.His117Pro	HBB	ENSG00000244734	HBZ
HsVcPillar2a6	CCSBORF5808	3	CCSBORF8297	3AT	3	382C>G	19	NC_000011.10:5225659:G:C	CCSBVarC006237	ENSP00000333994.3:p.Gln128Glu	HBB	ENSG00000244734	HBZ
HsVcPillar2a6	CCSBORF5808	3	CCSBORF8297	3AT	3	430C>G	9817	NC_000011.10:5225611:G:C	CCSBVarC006241	ENSP00000333994.3:p.His144Asp	HBB	ENSG00000244734	HBZ
HsVcPillar2a6	CCSBORF5808	3	CCSBORF8297	3AT	3	430C>T	6976	NC_000011.10:5225611:G:A	CCSBVarC010136	ENSP00000333994.3:p.His144Tyr	HBB	ENSG00000244734	HBZ
HsVcPillar2a6	CCSBORF5808	3	CCSBORF8297	3AT	3	431A>C	20	NC_000011.10:5225610:T:G	CCSBVarC010143	ENSP00000333994.3:p.His144Pro	HBB	ENSG00000244734	HBZ
HsVcPillar2a6	CCSBORF5808	3	CCSBORF8297	3AT	3	59A>G	61	NC_000011.10:5226962:T:C	CCSBVarC006217	ENSP00000333994.3:p.Asn20Ser	HBB	ENSG00000244734	HBZ
HsVcPillar2a6	CCSBORF5808	3	CCSBORF8297	3AT	3	91A>G	26	NC_000011.10:5226930:T:C	CCSBVarC010152	ENSP00000333994.3:p.Arg31Gly	HBB	ENSG00000244734	HBZ
HsVcPillar2a6	CCSBORF4765	2	CCSBORF11621	3AT	3	REF	0	NULL	NULL	NULL	ITGB2	ENSG00000160255	MTIF3
HsVcPillar2a6	CCSBORF4765	2	CCSBORF11621	3AT	3	1052A>G	0	NC_000021.9:44895001:T:C	CCSBVarC007537	ENSP00000498780.1:p.Asn351Ser	ITGB2	ENSG00000160255	MTIF3
HsVcPillar2a6	CCSBORF4765	2	CCSBORF11621	3AT	3	106T>A	0	NC_000021.9:44910324:A:T	CCSBVarC008417	ENSP00000498780.1:p.Cys36Ser	ITGB2	ENSG00000160255	MTIF3
HsVcPillar2a6	CCSBORF4765	2	CCSBORF11621	3AT	3	124G>T	0	NC_000021.9:44910306:C:A	CCSBVarC007549	ENSP00000498780.1:p.Gly42Cys	ITGB2	ENSG00000160255	MTIF3
HsVcPillar2a6	CCSBORF4765	2	CCSBORF11621	3AT	3	1777C>T	0	NC_000021.9:44889375:G:A	CCSBVarC003146	ENSP00000498780.1:p.Arg593Cys	ITGB2	ENSG00000160255	MTIF3
HsVcPillar2a6	CCSBORF4765	2	CCSBORF11621	3AT	3	1834T>C	0	NC_000021.9:44889318:A:G	CCSBVarC008409	ENSP00000498780.1:p.Cys612Arg	ITGB2	ENSG00000160255	MTIF3
HsVcPillar2a6	CCSBORF4765	2	CCSBORF11621	3AT	3	2146G>C	0	NC_000021.9:44886836:C:G	CCSBVarC009516	ENSP00000498780.1:p.Gly716Arg	ITGB2	ENSG00000160255	MTIF3
HsVcPillar2a6	CCSBORF4765	2	CCSBORF11621	3AT	3	2189G>A	0	NC_000021.9:44886793:C:T	CCSBVarC009510	ENSP00000498780.1:p.Ser730Asn	ITGB2	ENSG00000160255	MTIF3
HsVcPillar2a6	CCSBORF4765	2	CCSBORF11621	3AT	3	382G>A	0	NC_000021.9:44903481:C:T	CCSBVarC008428	ENSP00000498780.1:p.Asp128Asn	ITGB2	ENSG00000160255	MTIF3
HsVcPillar2a6	CCSBORF4765	2	CCSBORF11621	3AT	3	382G>T	0	NC_000021.9:44903481:C:A	CCSBVarC003144	ENSP00000498780.1:p.Asp128Tyr	ITGB2	ENSG00000160255	MTIF3
HsVcPillar2a6	CCSBORF4765	2	CCSBORF11621	3AT	3	449G>A	0	NC_000021.9:44903414:C:T	CCSBVarC008419	ENSP00000498780.1:p.Gly150Asp	ITGB2	ENSG00000160255	MTIF3
HsVcPillar2a6	CCSBORF4765	2	CCSBORF11621	3AT	3	505G>A	0	NC_000021.9:44901727:C:T	CCSBVarC007546	ENSP00000498780.1:p.Gly169Arg	ITGB2	ENSG00000160255	MTIF3
HsVcPillar2a6	CCSBORF4765	2	CCSBORF11621	3AT	3	587A>C	0	NC_000021.9:44901645:T:G	CCSBVarC007544	ENSP00000498780.1:p.Lys196Thr	ITGB2	ENSG00000160255	MTIF3
HsVcPillar2a6	CCSBORF4765	2	CCSBORF11621	3AT	3	691G>C	0	NC_000021.9:44901541:C:G	CCSBVarC008405	ENSP00000498780.1:p.Asp231His	ITGB2	ENSG00000160255	MTIF3
HsVcPillar2a6	CCSBORF4765	2	CCSBORF11621	3AT	3	712G>A	0	NC_000021.9:44901520:C:T	CCSBVarC008421	ENSP00000498780.1:p.Asp238Asn	ITGB2	ENSG00000160255	MTIF3
HsVcPillar2a6	CCSBORF4765	2	CCSBORF11621	3AT	3	715G>A	0	NC_000021.9:44901517:C:T	CCSBVarC007541	ENSP00000498780.1:p.Ala239Thr	ITGB2	ENSG00000160255	MTIF3
HsVcPillar2a6	CCSBORF4765	2	CCSBORF11621	3AT	3	754T>C	0	NC_000021.9:44900462:A:G	CCSBVarC008394	ENSP00000498780.1:p.Trp252Arg	ITGB2	ENSG00000160255	MTIF3
HsVcPillar2a6	CCSBORF4765	2	CCSBORF11621	3AT	3	817G>A	0	NC_000021.9:44900399:C:T	CCSBVarC000702	ENSP00000498780.1:p.Gly273Arg	ITGB2	ENSG00000160255	MTIF3
HsVcPillar2a6	CCSBORF4765	2	CCSBORF11621	3AT	3	905C>T	0	NC_000021.9:44899154:G:A	CCSBVarC008423	ENSP00000498780.1:p.Pro302Leu	ITGB2	ENSG00000160255	MTIF3
HsVcPillar2a6	CCSBORF100016069	1	CCSBORF6281	3AT	3	REF	2042	NULL	NULL	NULL	KCNJ2	ENSG00000123700	KCNJ15
HsVcPillar2a6	CCSBORF100016069	1	CCSBORF6281	3AT	3	232G>T	3175	NC_000017.11:70175270:G:T	CCSBVarC035501	ENSP00000243457.2:p.Asp78Tyr	KCNJ2	ENSG00000123700	KCNJ15
HsVcPillar2a6	CCSBORF100016069	1	CCSBORF6281	3AT	3	244C>T	5473	NC_000017.11:70175282:C:T	CCSBVarC035503	ENSP00000243457.2:p.Arg82Trp	KCNJ2	ENSG00000123700	KCNJ15
HsVcPillar2a6	CCSBORF100016069	1	CCSBORF6281	3AT	3	425C>T	3458	NC_000017.11:70175463:C:T	CCSBVarC035507	ENSP00000243457.2:p.Thr142Ile	KCNJ2	ENSG00000123700	KCNJ15
HsVcPillar2a6	CCSBORF100016069	1	CCSBORF6281	3AT	3	430G>A	1831	NC_000017.11:70175468:G:A	CCSBVarC035510	ENSP00000243457.2:p.Gly144Ser	KCNJ2	ENSG00000123700	KCNJ15
HsVcPillar2a6	CCSBORF100016069	1	CCSBORF6281	3AT	3	574A>G	779	NC_000017.11:70175612:A:G	CCSBVarC035585	ENSP00000243457.2:p.Thr192Ala	KCNJ2	ENSG00000123700	KCNJ15
HsVcPillar2a6	CCSBORF100016069	1	CCSBORF6281	3AT	3	845T>G	138	NC_000017.11:70175883:T:G	CCSBVarC035624	ENSP00000243457.2:p.Leu282Trp	KCNJ2	ENSG00000123700	KCNJ15
HsVcPillar2a6	CCSBORF100016069	1	CCSBORF6281	3AT	3	896A>G	2070	NC_000017.11:70175934:A:G	CCSBVarC035626	ENSP00000243457.2:p.Glu299Gly	KCNJ2	ENSG00000123700	KCNJ15
HsVcPillar2a6	CCSBORF100016069	1	CCSBORF6281	3AT	3	913A>C	3641	NC_000017.11:70175951:A:C	CCSBVarC035629	ENSP00000243457.2:p.Thr305Pro	KCNJ2	ENSG00000123700	KCNJ15
HsVcPillar2a6	CCSBORF100016069	1	CCSBORF6281	3AT	3	913A>G	2730	NC_000017.11:70175951:A:G	CCSBVarC035631	ENSP00000243457.2:p.Thr305Ala	KCNJ2	ENSG00000123700	KCNJ15
HsVcPillar2a6	CCSBORF100016069	1	CCSBORF6281	3AT	3	919A>G	5828	NC_000017.11:70175957:A:G	CCSBVarC035633	ENSP00000243457.2:p.Met307Val	KCNJ2	ENSG00000123700	KCNJ15
HsVcPillar2a6	CCSBORF100016069	1	CCSBORF6281	3AT	3	934C>T	5240	NC_000017.11:70175972:C:T	CCSBVarC035638	ENSP00000243457.2:p.Arg312Cys	KCNJ2	ENSG00000123700	KCNJ15
HsVcPillar2a6	CCSBORF359	1	CCSBORF4616	3AT	3	REF	7757	NULL	NULL	NULL	CBS	ENSG00000160200	UBE2I
HsVcPillar2a6	CCSBORF359	1	CCSBORF4616	3AT	3	1007G>A	12	NC_000021.9:43062342:C:T	CCSBVarC007316	ENSP00000381231.4:p.Arg336His	CBS	ENSG00000160200	UBE2I
HsVcPillar2a6	CCSBORF359	1	CCSBORF4616	3AT	3	1058C>T	39	NC_000021.9:43060527:G:A	CCSBVarC007312	ENSP00000381231.4:p.Thr353Met	CBS	ENSG00000160200	UBE2I
HsVcPillar2a6	CCSBORF359	1	CCSBORF4616	3AT	3	1111G>A	513	NC_000021.9:43060474:C:T	CCSBVarC007308	ENSP00000381231.4:p.Val371Met	CBS	ENSG00000160200	UBE2I
HsVcPillar2a6	CCSBORF359	1	CCSBORF4616	3AT	3	1150A>G	44	NC_000021.9:43059298:T:C	CCSBVarC007306	ENSP00000381231.4:p.Lys384Glu	CBS	ENSG00000160200	UBE2I
HsVcPillar2a6	CCSBORF359	1	CCSBORF4616	3AT	3	1330G>A	83	NC_000021.9:43058861:C:T	CCSBVarC007302	ENSP00000381231.4:p.Asp444Asn	CBS	ENSG00000160200	UBE2I
HsVcPillar2a6	CCSBORF359	1	CCSBORF4616	3AT	3	146C>T	1387	NC_000021.9:43072047:G:A	CCSBVarC000042	ENSP00000381231.4:p.Pro49Leu	CBS	ENSG00000160200	UBE2I
HsVcPillar2a6	CCSBORF359	1	CCSBORF4616	3AT	3	175C>T	54	NC_000021.9:43072018:G:A	CCSBVarC008674	ENSP00000381231.4:p.Pro59Ser	CBS	ENSG00000160200	UBE2I
HsVcPillar2a6	CCSBORF359	1	CCSBORF4616	3AT	3	253G>A	69	NC_000021.9:43068571:C:T	CCSBVarC007358	ENSP00000381231.4:p.Gly85Arg	CBS	ENSG00000160200	UBE2I
HsVcPillar2a6	CCSBORF359	1	CCSBORF4616	3AT	3	306G>C	7	NC_000021.9:43068518:C:G	CCSBVarC007353	ENSP00000381231.4:p.Lys102Asn	CBS	ENSG00000160200	UBE2I
HsVcPillar2a6	CCSBORF359	1	CCSBORF4616	3AT	3	341C>T	165	NC_000021.9:43066352:G:A	CCSBVarC007350	ENSP00000381231.4:p.Ala114Val	CBS	ENSG00000160200	UBE2I
HsVcPillar2a6	CCSBORF359	1	CCSBORF4616	3AT	3	361C>T	15	NC_000021.9:43066332:G:A	CCSBVarC007347	ENSP00000381231.4:p.Arg121Cys	CBS	ENSG00000160200	UBE2I
HsVcPillar2a6	CCSBORF359	1	CCSBORF4616	3AT	3	374G>A	69	NC_000021.9:43066319:C:T	CCSBVarC008706	ENSP00000381231.4:p.Arg125Gln	CBS	ENSG00000160200	UBE2I
HsVcPillar2a6	CCSBORF359	1	CCSBORF4616	3AT	3	430G>A	399	NC_000021.9:43066263:C:T	CCSBVarC007340	ENSP00000381231.4:p.Glu144Lys	CBS	ENSG00000160200	UBE2I
HsVcPillar2a6	CCSBORF359	1	CCSBORF4616	3AT	3	442G>A	751	NC_000021.9:43066251:C:T	CCSBVarC007338	ENSP00000381231.4:p.Gly148Arg	CBS	ENSG00000160200	UBE2I
HsVcPillar2a6	CCSBORF359	1	CCSBORF4616	3AT	3	494G>A	499	NC_000021.9:43065652:C:T	CCSBVarC008696	ENSP00000381231.4:p.Cys165Tyr	CBS	ENSG00000160200	UBE2I
HsVcPillar2a6	CCSBORF359	1	CCSBORF4616	3AT	3	526G>A	141	NC_000021.9:43065620:C:T	CCSBVarC008702	ENSP00000381231.4:p.Glu176Lys	CBS	ENSG00000160200	UBE2I
HsVcPillar2a6	CCSBORF359	1	CCSBORF4616	3AT	3	52C>T	52	NC_000021.9:43072141:G:A	CCSBVarC007367	ENSP00000381231.4:p.Arg18Cys	CBS	ENSG00000160200	UBE2I
HsVcPillar2a6	CCSBORF359	1	CCSBORF4616	3AT	3	684C>G	15	NC_000021.9:43065254:G:C	CCSBVarC008710	ENSP00000381231.4:p.Asn228Lys	CBS	ENSG00000160200	UBE2I
HsVcPillar2a6	CCSBORF359	1	CCSBORF4616	3AT	3	700G>A	707	NC_000021.9:43065238:C:T	CCSBVarC007328	ENSP00000381231.4:p.Asp234Asn	CBS	ENSG00000160200	UBE2I
HsVcPillar2a6	CCSBORF359	1	CCSBORF4616	3AT	3	797G>A	1543	NC_000021.9:43063930:C:T	CCSBVarC007324	ENSP00000381231.4:p.Arg266Lys	CBS	ENSG00000160200	UBE2I
HsVcPillar2a6	CCSBORF359	1	CCSBORF4616	3AT	3	833T>C	20	NC_000021.9:43063073:A:G	CCSBVarC000044	ENSP00000381231.4:p.Ile278Thr	CBS	ENSG00000160200	UBE2I
HsVcPillar2a6	CCSBORF359	1	CCSBORF4616	3AT	3	959T>C	6	NC_000021.9:43062390:A:G	CCSBVarC007319	ENSP00000381231.4:p.Val320Ala	CBS	ENSG00000160200	UBE2I
HsVcPillar2a6	CCSBORF359	4	CCSBORF5539	3AT	3	REF	2383	NULL	NULL	NULL	CBS	ENSG00000160200	ZMYM5
HsVcPillar2a6	CCSBORF359	4	CCSBORF5539	3AT	3	1009A>C	281	NC_000021.9:43062340:T:G	CCSBVarC007315	ENSP00000381231.4:p.Met337Leu	CBS	ENSG00000160200	ZMYM5
HsVcPillar2a6	CCSBORF359	4	CCSBORF5539	3AT	3	1009A>G	9	NC_000021.9:43062340:T:C	CCSBVarC007314	ENSP00000381231.4:p.Met337Val	CBS	ENSG00000160200	ZMYM5
HsVcPillar2a6	CCSBORF359	4	CCSBORF5539	3AT	3	1072G>A	2	NC_000021.9:43060513:C:T	CCSBVarC007310	ENSP00000381231.4:p.Val358Met	CBS	ENSG00000160200	ZMYM5
HsVcPillar2a6	CCSBORF359	4	CCSBORF5539	3AT	3	1208C>T	3	NC_000021.9:43059240:G:A	CCSBVarC007305	ENSP00000381231.4:p.Thr403Met	CBS	ENSG00000160200	ZMYM5
HsVcPillar2a6	CCSBORF359	4	CCSBORF5539	3AT	3	134G>A	482	NC_000021.9:43072059:C:T	CCSBVarC007363	ENSP00000381231.4:p.Arg45Gln	CBS	ENSG00000160200	ZMYM5
HsVcPillar2a6	CCSBORF359	4	CCSBORF5539	3AT	3	1357G>T	5	NC_000021.9:43058834:C:A	CCSBVarC007300	ENSP00000381231.4:p.Gly453Trp	CBS	ENSG00000160200	ZMYM5
HsVcPillar2a6	CCSBORF359	4	CCSBORF5539	3AT	3	1397C>T	500	NC_000021.9:43058214:G:A	CCSBVarC007298	ENSP00000381231.4:p.Ser466Leu	CBS	ENSG00000160200	ZMYM5
HsVcPillar2a6	CCSBORF359	4	CCSBORF5539	3AT	3	1436T>C	127	NC_000021.9:43058175:A:G	CCSBVarC007296	ENSP00000381231.4:p.Val479Ala	CBS	ENSG00000160200	ZMYM5
HsVcPillar2a6	CCSBORF359	4	CCSBORF5539	3AT	3	152G>A	488	NC_000021.9:43072041:C:T	CCSBVarC007362	ENSP00000381231.4:p.Arg51Lys	CBS	ENSG00000160200	ZMYM5
HsVcPillar2a6	CCSBORF359	4	CCSBORF5539	3AT	3	301C>G	881	NC_000021.9:43068523:G:C	CCSBVarC007355	ENSP00000381231.4:p.Leu101Val	CBS	ENSG00000160200	ZMYM5
HsVcPillar2a6	CCSBORF359	4	CCSBORF5539	3AT	3	34C>T	678	NC_000021.9:43072159:G:A	CCSBVarC007368	ENSP00000381231.4:p.Pro12Ser	CBS	ENSG00000160200	ZMYM5
HsVcPillar2a6	CCSBORF359	4	CCSBORF5539	3AT	3	352G>A	57	NC_000021.9:43066341:C:T	CCSBVarC007348	ENSP00000381231.4:p.Val118Met	CBS	ENSG00000160200	ZMYM5
HsVcPillar2a6	CCSBORF359	4	CCSBORF5539	3AT	3	395G>A	1761	NC_000021.9:43066298:C:T	CCSBVarC007344	ENSP00000381231.4:p.Arg132His	CBS	ENSG00000160200	ZMYM5
HsVcPillar2a6	CCSBORF359	4	CCSBORF5539	3AT	3	397G>A	360	NC_000021.9:43066296:C:T	CCSBVarC007343	ENSP00000381231.4:p.Asp133Asn	CBS	ENSG00000160200	ZMYM5
HsVcPillar2a6	CCSBORF359	4	CCSBORF5539	3AT	3	400G>A	29	NC_000021.9:43066293:C:T	CCSBVarC007342	ENSP00000381231.4:p.Gly134Arg	CBS	ENSG00000160200	ZMYM5
HsVcPillar2a6	CCSBORF359	4	CCSBORF5539	3AT	3	469G>A	1560	NC_000021.9:43065677:C:T	CCSBVarC007337	ENSP00000381231.4:p.Ala157Thr	CBS	ENSG00000160200	ZMYM5
HsVcPillar2a6	CCSBORF359	4	CCSBORF5539	3AT	3	502G>A	4	NC_000021.9:43065644:C:T	CCSBVarC007336	ENSP00000381231.4:p.Val168Met	CBS	ENSG00000160200	ZMYM5
HsVcPillar2a6	CCSBORF359	4	CCSBORF5539	3AT	3	531G>C	5932	NC_000021.9:43065615:C:G	CCSBVarC007335	ENSP00000381231.4:p.Lys177Asn	CBS	ENSG00000160200	ZMYM5
HsVcPillar2a6	CCSBORF359	4	CCSBORF5539	3AT	3	532G>A	734	NC_000021.9:43065520:C:T	CCSBVarC007334	ENSP00000381231.4:p.Val178Met	CBS	ENSG00000160200	ZMYM5
HsVcPillar2a6	CCSBORF359	4	CCSBORF5539	3AT	3	616G>A	337	NC_000021.9:43065436:C:T	CCSBVarC007332	ENSP00000381231.4:p.Val206Met	CBS	ENSG00000160200	ZMYM5
HsVcPillar2a6	CCSBORF359	4	CCSBORF5539	3AT	3	636C>G	779	NC_000021.9:43065416:G:C	CCSBVarC007330	ENSP00000381231.4:p.Asn212Lys	CBS	ENSG00000160200	ZMYM5
HsVcPillar2a6	CCSBORF359	4	CCSBORF5539	3AT	3	670C>T	3516	NC_000021.9:43065268:G:A	CCSBVarC007329	ENSP00000381231.4:p.Arg224Cys	CBS	ENSG00000160200	ZMYM5
HsVcPillar2a6	CCSBORF359	4	CCSBORF5539	3AT	3	844C>T	3389	NC_000021.9:43063062:G:A	CCSBVarC007323	ENSP00000381231.4:p.Pro282Ser	CBS	ENSG00000160200	ZMYM5
HsVcPillar2a6	CCSBORF359	4	CCSBORF5539	3AT	3	992C>T	18	NC_000021.9:43062357:G:A	CCSBVarC007318	ENSP00000381231.4:p.Ala331Val	CBS	ENSG00000160200	ZMYM5
HsVcPillar2a6	CCSBORF12573	3	CCSBORF0	3AT	3	REF	1	NULL	NULL	NULL	DES	ENSG00000175084	empty_AD
HsVcPillar2a6	CCSBORF12573	3	CCSBORF0	3AT	3	1047G>A	0	NC_000002.12:219421362:G:A	CCSBVarC007858	ENSP00000363071.3:p.Met349Ile	DES	ENSG00000175084	empty_AD
HsVcPillar2a6	CCSBORF12573	3	CCSBORF0	3AT	3	1064G>C	0	NC_000002.12:219421379:G:C	CCSBVarC007862	ENSP00000363071.3:p.Arg355Pro	DES	ENSG00000175084	empty_AD
HsVcPillar2a6	CCSBORF12573	3	CCSBORF0	3AT	3	109C>G	3	NC_000002.12:219418570:C:G	CCSBVarC007789	ENSP00000363071.3:p.Arg37Gly	DES	ENSG00000175084	empty_AD
HsVcPillar2a6	CCSBORF12573	3	CCSBORF0	3AT	3	1159G>A	0	NC_000002.12:219421474:G:A	CCSBVarC007867	ENSP00000363071.3:p.Glu387Lys	DES	ENSG00000175084	empty_AD
HsVcPillar2a6	CCSBORF12573	3	CCSBORF0	3AT	3	1167G>T	0	NC_000002.12:219421482:G:T	CCSBVarC007869	ENSP00000363071.3:p.Gln389His	DES	ENSG00000175084	empty_AD
HsVcPillar2a6	CCSBORF12573	3	CCSBORF0	3AT	3	1180G>A	1	NC_000002.12:219421495:G:A	CCSBVarC007872	ENSP00000363071.3:p.Val394Met	DES	ENSG00000175084	empty_AD
HsVcPillar2a6	CCSBORF12573	3	CCSBORF0	3AT	3	1234G>A	0	NC_000002.12:219421549:G:A	CCSBVarC007876	ENSP00000363071.3:p.Glu412Lys	DES	ENSG00000175084	empty_AD
HsVcPillar2a6	CCSBORF12573	3	CCSBORF0	3AT	3	1256C>T	0	NC_000002.12:219423787:C:T	CCSBVarC007879	ENSP00000363071.3:p.Pro419Leu	DES	ENSG00000175084	empty_AD
HsVcPillar2a6	CCSBORF12573	3	CCSBORF0	3AT	3	1271C>T	0	NC_000002.12:219423802:C:T	CCSBVarC007880	ENSP00000363071.3:p.Ser424Phe	DES	ENSG00000175084	empty_AD
HsVcPillar2a6	CCSBORF12573	3	CCSBORF0	3AT	3	1315G>A	0	NC_000002.12:219425688:G:A	CCSBVarC007883	ENSP00000363071.3:p.Glu439Lys	DES	ENSG00000175084	empty_AD
HsVcPillar2a6	CCSBORF12573	3	CCSBORF0	3AT	3	1360C>T	0	NC_000002.12:219425733:C:T	CCSBVarC007889	ENSP00000363071.3:p.Arg454Trp	DES	ENSG00000175084	empty_AD
HsVcPillar2a6	CCSBORF12573	3	CCSBORF0	3AT	3	1361G>A	1	NC_000002.12:219425734:G:A	CCSBVarC007890	ENSP00000363071.3:p.Arg454Gln	DES	ENSG00000175084	empty_AD
HsVcPillar2a6	CCSBORF12573	3	CCSBORF0	3AT	3	209G>C	1	NC_000002.12:219418670:G:C	CCSBVarC007798	ENSP00000363071.3:p.Arg70Pro	DES	ENSG00000175084	empty_AD
HsVcPillar2a6	CCSBORF12573	3	CCSBORF0	3AT	3	250G>A	0	NC_000002.12:219418711:G:A	CCSBVarC007801	ENSP00000363071.3:p.Gly84Ser	DES	ENSG00000175084	empty_AD
HsVcPillar2a6	CCSBORF12573	3	CCSBORF0	3AT	3	286G>T	1	NC_000002.12:219418747:G:T	CCSBVarC007802	ENSP00000363071.3:p.Ala96Ser	DES	ENSG00000175084	empty_AD
HsVcPillar2a6	CCSBORF12573	3	CCSBORF0	3AT	3	328G>C	0	NC_000002.12:219418789:G:C	CCSBVarC007805	ENSP00000363071.3:p.Val110Leu	DES	ENSG00000175084	empty_AD
HsVcPillar2a6	CCSBORF12573	3	CCSBORF0	3AT	3	347A>T	0	NC_000002.12:219418808:A:T	CCSBVarC007806	ENSP00000363071.3:p.Asn116Ile	DES	ENSG00000175084	empty_AD
HsVcPillar2a6	CCSBORF12573	3	CCSBORF0	3AT	3	404C>T	1	NC_000002.12:219418865:C:T	CCSBVarC007812	ENSP00000363071.3:p.Ala135Val	DES	ENSG00000175084	empty_AD
HsVcPillar2a6	CCSBORF12573	3	CCSBORF0	3AT	3	410C>A	0	NC_000002.12:219418871:C:A	CCSBVarC007814	ENSP00000363071.3:p.Ala137Asp	DES	ENSG00000175084	empty_AD
HsVcPillar2a6	CCSBORF12573	3	CCSBORF0	3AT	3	629C>T	0	NC_000002.12:219420144:C:T	CCSBVarC007823	ENSP00000363071.3:p.Ala210Val	DES	ENSG00000175084	empty_AD
HsVcPillar2a6	CCSBORF12573	3	CCSBORF0	3AT	3	656C>T	0	NC_000002.12:219420266:C:T	CCSBVarC007827	ENSP00000363071.3:p.Thr219Ile	DES	ENSG00000175084	empty_AD
HsVcPillar2a6	CCSBORF12573	3	CCSBORF0	3AT	3	665G>A	0	NC_000002.12:219420275:G:A	CCSBVarC007828	ENSP00000363071.3:p.Arg222His	DES	ENSG00000175084	empty_AD
HsVcPillar2a6	CCSBORF12573	3	CCSBORF0	3AT	3	679C>T	0	NC_000002.12:219420289:C:T	CCSBVarC007829	ENSP00000363071.3:p.Arg227Cys	DES	ENSG00000175084	empty_AD
HsVcPillar2a6	CCSBORF12573	3	CCSBORF0	3AT	3	680G>A	0	NC_000002.12:219420290:G:A	CCSBVarC007830	ENSP00000363071.3:p.Arg227His	DES	ENSG00000175084	empty_AD
HsVcPillar2a6	CCSBORF12573	3	CCSBORF0	3AT	3	79G>A	0	NC_000002.12:219418540:G:A	CCSBVarC007787	ENSP00000363071.3:p.Gly27Ser	DES	ENSG00000175084	empty_AD
HsVcPillar2a6	CCSBORF12573	3	CCSBORF0	3AT	3	817G>T	1	NC_000002.12:219420575:G:T	CCSBVarC007838	ENSP00000363071.3:p.Ala273Ser	DES	ENSG00000175084	empty_AD
HsVcPillar2a6	CCSBORF12573	3	CCSBORF0	3AT	3	893C>T	0	NC_000002.12:219420651:C:T	CCSBVarC006503	ENSP00000363071.3:p.Ser298Leu	DES	ENSG00000175084	empty_AD
HsVcPillar2a6	CCSBORF12573	3	CCSBORF0	3AT	3	935A>C	0	NC_000002.12:219420864:A:C	CCSBVarC007842	ENSP00000363071.3:p.Asp312Ala	DES	ENSG00000175084	empty_AD
HsVcPillar2a6	CCSBORF12573	3	CCSBORF0	3AT	3	944G>A	1	NC_000002.12:219420873:G:A	CCSBVarC007844	ENSP00000363071.3:p.Arg315His	DES	ENSG00000175084	empty_AD
HsVcPillar2a6	CCSBORF12573	3	CCSBORF0	3AT	3	980A>C	0	NC_000002.12:219420909:A:C	CCSBVarC007847	ENSP00000363071.3:p.Gln327Pro	DES	ENSG00000175084	empty_AD
HsVcPillar2a6	CCSBORF12573	3	CCSBORF0	3AT	3	991T>A	0	NC_000002.12:219420920:T:A	CCSBVarC007849	ENSP00000363071.3:p.Tyr331Asn	DES	ENSG00000175084	empty_AD
HsVcPillar2a6	CCSBORF7923	2	CCSBORF0	3AT	3	REF	0	NULL	NULL	NULL	FAH	ENSG00000103876	empty_AD
HsVcPillar2a6	CCSBORF7923	2	CCSBORF0	3AT	3	1009G>A	0	NC_000015.10:80180171:G:A	CCSBVarC004729	ENSP00000453347.2:p.Gly337Ser	FAH	ENSG00000103876	empty_AD
HsVcPillar2a6	CCSBORF7923	2	CCSBORF0	3AT	3	1021C>T	0	NC_000015.10:80180183:C:T	CCSBVarC007673	ENSP00000453347.2:p.Arg341Trp	FAH	ENSG00000103876	empty_AD
HsVcPillar2a6	CCSBORF7923	2	CCSBORF0	3AT	3	1027G>A	0	NC_000015.10:80180189:G:A	CCSBVarC025379	ENSP00000453347.2:p.Gly343Arg	FAH	ENSG00000103876	empty_AD
HsVcPillar2a6	CCSBORF7923	2	CCSBORF0	3AT	3	1079G>A	0	NC_000015.10:80181057:G:A	CCSBVarC007674	ENSP00000453347.2:p.Gly360Asp	FAH	ENSG00000103876	empty_AD
HsVcPillar2a6	CCSBORF7923	2	CCSBORF0	3AT	3	107T>C	0	NC_000015.10:80158084:T:C	CCSBVarC007659	ENSP00000453347.2:p.Ile36Thr	FAH	ENSG00000103876	empty_AD
HsVcPillar2a6	CCSBORF7923	2	CCSBORF0	3AT	3	109G>A	0	NC_000015.10:80158086:G:A	CCSBVarC007660	ENSP00000453347.2:p.Gly37Ser	FAH	ENSG00000103876	empty_AD
HsVcPillar2a6	CCSBORF7923	2	CCSBORF0	3AT	3	1141A>G	0	NC_000015.10:80181119:A:G	CCSBVarC004730	ENSP00000453347.2:p.Arg381Gly	FAH	ENSG00000103876	empty_AD
HsVcPillar2a6	CCSBORF7923	2	CCSBORF0	3AT	3	1205G>A	0	NC_000015.10:80186153:G:A	CCSBVarC007675	ENSP00000453347.2:p.Arg402His	FAH	ENSG00000103876	empty_AD
HsVcPillar2a6	CCSBORF7923	2	CCSBORF0	3AT	3	133A>G	0	NC_000015.10:80158110:A:G	CCSBVarC007661	ENSP00000453347.2:p.Ile45Val	FAH	ENSG00000103876	empty_AD
HsVcPillar2a6	CCSBORF7923	2	CCSBORF0	3AT	3	139A>G	0	NC_000015.10:80158116:A:G	CCSBVarC007662	ENSP00000453347.2:p.Lys47Glu	FAH	ENSG00000103876	empty_AD
HsVcPillar2a6	CCSBORF7923	2	CCSBORF0	3AT	3	167C>T	0	NC_000015.10:80158144:C:T	CCSBVarC007663	ENSP00000453347.2:p.Ser56Phe	FAH	ENSG00000103876	empty_AD
HsVcPillar2a6	CCSBORF7923	2	CCSBORF0	3AT	3	181G>T	0	NC_000015.10:80158158:G:T	CCSBVarC007664	ENSP00000453347.2:p.Val61Phe	FAH	ENSG00000103876	empty_AD
HsVcPillar2a6	CCSBORF7923	2	CCSBORF0	3AT	3	192G>T	0	NC_000015.10:80158169:G:T	CCSBVarC007665	ENSP00000453347.2:p.Gln64His	FAH	ENSG00000103876	empty_AD
HsVcPillar2a6	CCSBORF7923	2	CCSBORF0	3AT	3	291A>C	0	NC_000015.10:80159853:A:C	CCSBVarC007666	ENSP00000453347.2:p.Arg97Ser	FAH	ENSG00000103876	empty_AD
HsVcPillar2a6	CCSBORF7923	2	CCSBORF0	3AT	3	296A>G	0	NC_000015.10:80159858:A:G	CCSBVarC007667	ENSP00000453347.2:p.Asp99Gly	FAH	ENSG00000103876	empty_AD
HsVcPillar2a6	CCSBORF7923	2	CCSBORF0	3AT	3	302A>G	0	NC_000015.10:80159864:A:G	CCSBVarC007668	ENSP00000453347.2:p.Glu101Gly	FAH	ENSG00000103876	empty_AD
HsVcPillar2a6	CCSBORF7923	2	CCSBORF0	3AT	3	398A>T	0	NC_000015.10:80162278:A:T	CCSBVarC025300	ENSP00000453347.2:p.His133Leu	FAH	ENSG00000103876	empty_AD
HsVcPillar2a6	CCSBORF7923	2	CCSBORF0	3AT	3	401C>A	0	NC_000015.10:80162281:C:A	CCSBVarC004725	ENSP00000453347.2:p.Ala134Asp	FAH	ENSG00000103876	empty_AD
HsVcPillar2a6	CCSBORF7923	2	CCSBORF0	3AT	3	412G>A	0	NC_000015.10:80162292:G:A	CCSBVarC007669	ENSP00000453347.2:p.Gly138Arg	FAH	ENSG00000103876	empty_AD
HsVcPillar2a6	CCSBORF7923	2	CCSBORF0	3AT	3	47A>T	0	NC_000015.10:80153100:A:T	CCSBVarC004724	ENSP00000453347.2:p.Asn16Ile	FAH	ENSG00000103876	empty_AD
HsVcPillar2a6	CCSBORF7923	2	CCSBORF0	3AT	3	696C>A	0	NC_000015.10:80172237:C:A	CCSBVarC004726	ENSP00000453347.2:p.Asn232Lys	FAH	ENSG00000103876	empty_AD
HsVcPillar2a6	CCSBORF7923	2	CCSBORF0	3AT	3	698A>T	0	NC_000015.10:80172239:A:T	CCSBVarC004727	ENSP00000453347.2:p.Asp233Val	FAH	ENSG00000103876	empty_AD
HsVcPillar2a6	CCSBORF7923	2	CCSBORF0	3AT	3	715A>T	0	NC_000015.10:80173021:A:T	CCSBVarC007670	ENSP00000453347.2:p.Ile239Phe	FAH	ENSG00000103876	empty_AD
HsVcPillar2a6	CCSBORF7923	2	CCSBORF0	3AT	3	742G>A	0	NC_000015.10:80173048:G:A	CCSBVarC025336	ENSP00000453347.2:p.Gly248Arg	FAH	ENSG00000103876	empty_AD
HsVcPillar2a6	CCSBORF7923	2	CCSBORF0	3AT	3	782C>T	0	NC_000015.10:80173088:C:T	CCSBVarC004728	ENSP00000453347.2:p.Pro261Leu	FAH	ENSG00000103876	empty_AD
HsVcPillar2a6	CCSBORF7923	2	CCSBORF0	3AT	3	836A>G	0	NC_000015.10:80173142:A:G	CCSBVarC007671	ENSP00000453347.2:p.Gln279Arg	FAH	ENSG00000103876	empty_AD
HsVcPillar2a6	CCSBORF7923	2	CCSBORF0	3AT	3	841C>A	0	NC_000015.10:80175018:C:A	CCSBVarC007672	ENSP00000453347.2:p.Pro281Thr	FAH	ENSG00000103876	empty_AD
HsVcPillar2a6	CCSBORF300	4	CCSBORF0	3AT	3	REF	0	NULL	NULL	NULL	GALT	ENSG00000213930	empty_AD
HsVcPillar2a6	CCSBORF300	4	CCSBORF0	3AT	3	1048A>G	0	NC_000009.12:34649552:A:G	CCSBVarC007291	ENSP00000368119.4:p.Thr350Ala	GALT	ENSG00000213930	empty_AD
HsVcPillar2a6	CCSBORF300	4	CCSBORF0	3AT	3	113A>C	0	NC_000009.12:34647118:A:C	CCSBVarC007145	ENSP00000368119.4:p.Gln38Pro	GALT	ENSG00000213930	empty_AD
HsVcPillar2a6	CCSBORF300	4	CCSBORF0	3AT	3	139C>G	0	NC_000009.12:34647144:C:G	CCSBVarC007149	ENSP00000368119.4:p.His47Asp	GALT	ENSG00000213930	empty_AD
HsVcPillar2a6	CCSBORF300	4	CCSBORF0	3AT	3	157T>A	0	NC_000009.12:34647162:T:A	CCSBVarC007152	ENSP00000368119.4:p.Trp53Arg	GALT	ENSG00000213930	empty_AD
HsVcPillar2a6	CCSBORF300	4	CCSBORF0	3AT	3	1A>G	0	NC_000009.12:34646704:A:G	CCSBVarC004974	ENSP00000368119.4:p.Met1Val	GALT	ENSG00000213930	empty_AD
HsVcPillar2a6	CCSBORF300	4	CCSBORF0	3AT	3	203A>C	0	NC_000009.12:34647208:A:C	CCSBVarC007158	ENSP00000368119.4:p.His68Pro	GALT	ENSG00000213930	empty_AD
HsVcPillar2a6	CCSBORF300	4	CCSBORF0	3AT	3	27G>C	0	NC_000009.12:34646730:G:C	CCSBVarC007135	ENSP00000368119.4:p.Gln9His	GALT	ENSG00000213930	empty_AD
HsVcPillar2a6	CCSBORF300	4	CCSBORF0	3AT	3	285T>G	0	NC_000009.12:34647523:T:G	CCSBVarC007162	ENSP00000368119.4:p.Phe95Leu	GALT	ENSG00000213930	empty_AD
HsVcPillar2a6	CCSBORF300	4	CCSBORF0	3AT	3	350T>C	0	NC_000009.12:34647677:T:C	CCSBVarC004981	ENSP00000368119.4:p.Phe117Ser	GALT	ENSG00000213930	empty_AD
HsVcPillar2a6	CCSBORF300	4	CCSBORF0	3AT	3	374T>C	0	NC_000009.12:34647701:T:C	CCSBVarC007173	ENSP00000368119.4:p.Val125Ala	GALT	ENSG00000213930	empty_AD
HsVcPillar2a6	CCSBORF300	4	CCSBORF0	3AT	3	404C>G	0	NC_000009.12:34647857:C:G	CCSBVarC004982	ENSP00000368119.4:p.Ser135Trp	GALT	ENSG00000213930	empty_AD
HsVcPillar2a6	CCSBORF300	4	CCSBORF0	3AT	3	413C>T	0	NC_000009.12:34647866:C:T	CCSBVarC007184	ENSP00000368119.4:p.Thr138Met	GALT	ENSG00000213930	empty_AD
HsVcPillar2a6	CCSBORF300	4	CCSBORF0	3AT	3	425T>A	0	NC_000009.12:34647878:T:A	CCSBVarC007187	ENSP00000368119.4:p.Met142Lys	GALT	ENSG00000213930	empty_AD
HsVcPillar2a6	CCSBORF300	4	CCSBORF0	3AT	3	499T>C	0	NC_000009.12:34647952:T:C	CCSBVarC007199	ENSP00000368119.4:p.Trp167Arg	GALT	ENSG00000213930	empty_AD
HsVcPillar2a6	CCSBORF300	4	CCSBORF0	3AT	3	505C>A	0	NC_000009.12:34647958:C:A	CCSBVarC007201	ENSP00000368119.4:p.Gln169Lys	GALT	ENSG00000213930	empty_AD
HsVcPillar2a6	CCSBORF300	4	CCSBORF0	3AT	3	550C>G	0	NC_000009.12:34648156:C:G	CCSBVarC007209	ENSP00000368119.4:p.His184Asp	GALT	ENSG00000213930	empty_AD
HsVcPillar2a6	CCSBORF300	4	CCSBORF0	3AT	3	594T>G	0	NC_000009.12:34648362:T:G	CCSBVarC004989	ENSP00000368119.4:p.Ile198Met	GALT	ENSG00000213930	empty_AD
HsVcPillar2a6	CCSBORF300	4	CCSBORF0	3AT	3	601C>T	0	NC_000009.12:34648369:C:T	CCSBVarC007222	ENSP00000368119.4:p.Arg201Cys	GALT	ENSG00000213930	empty_AD
HsVcPillar2a6	CCSBORF300	4	CCSBORF0	3AT	3	611G>A	0	NC_000009.12:34648379:G:A	CCSBVarC007226	ENSP00000368119.4:p.Arg204Gln	GALT	ENSG00000213930	empty_AD
HsVcPillar2a6	CCSBORF300	4	CCSBORF0	3AT	3	611G>C	0	NC_000009.12:34648379:G:C	CCSBVarC004991	ENSP00000368119.4:p.Arg204Pro	GALT	ENSG00000213930	empty_AD
HsVcPillar2a6	CCSBORF300	4	CCSBORF0	3AT	3	650T>C	0	NC_000009.12:34648418:T:C	CCSBVarC007229	ENSP00000368119.4:p.Leu217Pro	GALT	ENSG00000213930	empty_AD
HsVcPillar2a6	CCSBORF300	4	CCSBORF0	3AT	3	652C>G	0	NC_000009.12:34648420:C:G	CCSBVarC004993	ENSP00000368119.4:p.Leu218Val	GALT	ENSG00000213930	empty_AD
HsVcPillar2a6	CCSBORF300	4	CCSBORF0	3AT	3	658G>A	1	NC_000009.12:34648426:G:A	CCSBVarC007230	ENSP00000368119.4:p.Glu220Lys	GALT	ENSG00000213930	empty_AD
HsVcPillar2a6	CCSBORF300	4	CCSBORF0	3AT	3	676C>G	0	NC_000009.12:34648444:C:G	CCSBVarC007231	ENSP00000368119.4:p.Leu226Val	GALT	ENSG00000213930	empty_AD
HsVcPillar2a6	CCSBORF300	4	CCSBORF0	3AT	3	687G>T	0	NC_000009.12:34648455:G:T	CCSBVarC007235	ENSP00000368119.4:p.Lys229Asn	GALT	ENSG00000213930	empty_AD
HsVcPillar2a6	CCSBORF300	4	CCSBORF0	3AT	3	697G>C	0	NC_000009.12:34648770:G:C	CCSBVarC007238	ENSP00000368119.4:p.Val233Leu	GALT	ENSG00000213930	empty_AD
HsVcPillar2a6	CCSBORF300	4	CCSBORF0	3AT	3	745T>C	0	NC_000009.12:34648818:T:C	CCSBVarC007239	ENSP00000368119.4:p.Trp249Arg	GALT	ENSG00000213930	empty_AD
HsVcPillar2a6	CCSBORF300	4	CCSBORF0	3AT	3	86A>G	0	NC_000009.12:34647091:A:G	CCSBVarC017963	ENSP00000368119.4:p.His29Arg	GALT	ENSG00000213930	empty_AD
HsVcPillar2a6	CCSBORF300	4	CCSBORF0	3AT	3	90G>C	0	NC_000009.12:34647095:G:C	CCSBVarC007141	ENSP00000368119.4:p.Gln30His	GALT	ENSG00000213930	empty_AD
HsVcPillar2a6	CCSBORF300	4	CCSBORF0	3AT	3	950A>G	0	NC_000009.12:34649454:A:G	CCSBVarC007268	ENSP00000368119.4:p.Gln317Arg	GALT	ENSG00000213930	empty_AD
HsVcPillar2a6	CCSBORF300	4	CCSBORF0	3AT	3	957C>G	0	NC_000009.12:34649461:C:G	CCSBVarC000037	ENSP00000368119.4:p.His319Gln	GALT	ENSG00000213930	empty_AD
HsVcPillar2a6	CCSBORF300	4	CCSBORF0	3AT	3	983G>A	0	NC_000009.12:34649487:G:A	CCSBVarC007278	ENSP00000368119.4:p.Arg328His	GALT	ENSG00000213930	empty_AD
HsVcPillar2a6	CCSBORF300	4	CCSBORF0	3AT	3	98G>A	0	NC_000009.12:34647103:G:A	CCSBVarC007144	ENSP00000368119.4:p.Arg33His	GALT	ENSG00000213930	empty_AD
HsVcPillar2a6	CCSBORF3689	1	CCSBORF0	3AT	3	REF	0	NULL	NULL	NULL	GCK	ENSG00000106633	empty_AD
HsVcPillar2a6	CCSBORF3689	1	CCSBORF0	3AT	3	1042A>T	0	NC_000007.14:44145707:T:A	CCSBVarC021262	ENSP00000384247.3:p.Ile348Phe	GCK	ENSG00000106633	empty_AD
HsVcPillar2a6	CCSBORF3689	1	CCSBORF0	3AT	3	10G>A	0	NC_000007.14:44188943:C:T	CCSBVarC021093	ENSP00000384247.3:p.Asp4Asn	GCK	ENSG00000106633	empty_AD
HsVcPillar2a6	CCSBORF3689	1	CCSBORF0	3AT	3	1364T>A	1	NC_000007.14:44145169:A:T	CCSBVarC021293	ENSP00000384247.3:p.Val455Glu	GCK	ENSG00000106633	empty_AD
HsVcPillar2a6	CCSBORF3689	1	CCSBORF0	3AT	3	137G>T	0	NC_000007.14:44153371:C:A	CCSBVarC021121	ENSP00000384247.3:p.Arg46Met	GCK	ENSG00000106633	empty_AD
HsVcPillar2a6	CCSBORF3689	1	CCSBORF0	3AT	3	1386G>T	0	NC_000007.14:44145147:C:A	CCSBVarC021296	ENSP00000384247.3:p.Met462Ile	GCK	ENSG00000106633	empty_AD
HsVcPillar2a6	CCSBORF3689	1	CCSBORF0	3AT	3	203G>A	0	NC_000007.14:44153305:C:T	CCSBVarC021124	ENSP00000384247.3:p.Gly68Asp	GCK	ENSG00000106633	empty_AD
HsVcPillar2a6	CCSBORF3689	1	CCSBORF0	3AT	3	31G>A	0	NC_000007.14:44188922:C:T	CCSBVarC021106	ENSP00000384247.3:p.Ala11Thr	GCK	ENSG00000106633	empty_AD
HsVcPillar2a6	CCSBORF3689	1	CCSBORF0	3AT	3	466C>T	0	NC_000007.14:44150972:G:A	CCSBVarC021155	ENSP00000384247.3:p.His156Tyr	GCK	ENSG00000106633	empty_AD
HsVcPillar2a6	CCSBORF3689	1	CCSBORF0	3AT	3	475A>G	0	NC_000007.14:44150963:T:C	CCSBVarC021157	ENSP00000384247.3:p.Ile159Val	GCK	ENSG00000106633	empty_AD
HsVcPillar2a6	CCSBORF3689	1	CCSBORF0	3AT	3	502A>C	0	NC_000007.14:44150045:T:G	CCSBVarC021160	ENSP00000384247.3:p.Thr168Pro	GCK	ENSG00000106633	empty_AD
HsVcPillar2a6	CCSBORF3689	1	CCSBORF0	3AT	3	566T>C	0	NC_000007.14:44149981:A:G	CCSBVarC021163	ENSP00000384247.3:p.Ile189Thr	GCK	ENSG00000106633	empty_AD
HsVcPillar2a6	CCSBORF3689	1	CCSBORF0	3AT	3	57C>G	0	NC_000007.14:44153451:G:C	CCSBVarC021109	ENSP00000384247.3:p.Ile19Met	GCK	ENSG00000106633	empty_AD
HsVcPillar2a6	CCSBORF3689	1	CCSBORF0	3AT	3	623C>T	0	NC_000007.14:44149815:G:A	CCSBVarC021166	ENSP00000384247.3:p.Ala208Val	GCK	ENSG00000106633	empty_AD
HsVcPillar2a6	CCSBORF3689	1	CCSBORF0	3AT	3	775G>T	0	NC_000007.14:44147737:C:A	CCSBVarC021172	ENSP00000384247.3:p.Ala259Ser	GCK	ENSG00000106633	empty_AD
HsVcPillar2a6	CCSBORF3689	1	CCSBORF0	3AT	3	776C>T	0	NC_000007.14:44147736:G:A	CCSBVarC021175	ENSP00000384247.3:p.Ala259Val	GCK	ENSG00000106633	empty_AD
HsVcPillar2a6	CCSBORF3689	1	CCSBORF0	3AT	3	793G>A	0	NC_000007.14:44147719:C:T	CCSBVarC021178	ENSP00000384247.3:p.Glu265Lys	GCK	ENSG00000106633	empty_AD
HsVcPillar2a6	CCSBORF3689	1	CCSBORF0	3AT	3	835G>C	0	NC_000007.14:44147677:C:G	CCSBVarC021196	ENSP00000384247.3:p.Glu279Gln	GCK	ENSG00000106633	empty_AD
HsVcPillar2a6	CCSBORF3689	1	CCSBORF0	3AT	3	883G>A	0	NC_000007.14:44146598:C:T	CCSBVarC021199	ENSP00000384247.3:p.Gly295Ser	GCK	ENSG00000106633	empty_AD
HsVcPillar2a6	CCSBORF3689	1	CCSBORF0	3AT	3	917T>A	0	NC_000007.14:44146564:A:T	CCSBVarC021202	ENSP00000384247.3:p.Leu306Gln	GCK	ENSG00000106633	empty_AD
HsVcPillar2a6	CCSBORF3689	1	CCSBORF0	3AT	3	917T>C	0	NC_000007.14:44146564:A:G	CCSBVarC021204	ENSP00000384247.3:p.Leu306Pro	GCK	ENSG00000106633	empty_AD
HsVcPillar2a6	CCSBORF3689	1	CCSBORF0	3AT	3	952G>A	0	NC_000007.14:44146529:C:T	CCSBVarC021206	ENSP00000384247.3:p.Gly318Arg	GCK	ENSG00000106633	empty_AD
HsVcPillar2a6	CCSBORF3689	1	CCSBORF0	3AT	3	989T>C	0	NC_000007.14:44146492:A:G	CCSBVarC021209	ENSP00000384247.3:p.Phe330Ser	GCK	ENSG00000106633	empty_AD
HsVcPillar2a6	CCSBORF3689	1	CCSBORF0	3AT	3	98T>A	0	NC_000007.14:44153410:A:T	CCSBVarC021112	ENSP00000384247.3:p.Val33Glu	GCK	ENSG00000106633	empty_AD
HsVcPillar2a6	CCSBORF5808	3	CCSBORF0	3AT	3	REF	0	NULL	NULL	NULL	HBB	ENSG00000244734	empty_AD
HsVcPillar2a6	CCSBORF5808	3	CCSBORF0	3AT	3	107A>G	0	NC_000011.10:5226784:T:C	CCSBVarC010197	ENSP00000333994.3:p.Tyr36Cys	HBB	ENSG00000244734	empty_AD
HsVcPillar2a6	CCSBORF5808	3	CCSBORF0	3AT	3	113G>C	0	NC_000011.10:5226778:C:G	CCSBVarC006221	ENSP00000333994.3:p.Trp38Ser	HBB	ENSG00000244734	empty_AD
HsVcPillar2a6	CCSBORF5808	3	CCSBORF0	3AT	3	122G>A	0	NC_000011.10:5226769:C:T	CCSBVarC010115	ENSP00000333994.3:p.Arg41Lys	HBB	ENSG00000244734	empty_AD
HsVcPillar2a6	CCSBORF5808	3	CCSBORF0	3AT	3	130G>C	0	NC_000011.10:5226761:C:G	CCSBVarC010083	ENSP00000333994.3:p.Glu44Gln	HBB	ENSG00000244734	empty_AD
HsVcPillar2a6	CCSBORF5808	3	CCSBORF0	3AT	3	131A>C	0	NC_000011.10:5226760:T:G	CCSBVarC010109	ENSP00000333994.3:p.Glu44Ala	HBB	ENSG00000244734	empty_AD
HsVcPillar2a6	CCSBORF5808	3	CCSBORF0	3AT	3	158A>G	0	NC_000011.10:5226733:T:C	CCSBVarC000905	ENSP00000333994.3:p.Asp53Gly	HBB	ENSG00000244734	empty_AD
HsVcPillar2a6	CCSBORF5808	3	CCSBORF0	3AT	3	19G>C	0	NC_000011.10:5227002:C:G	CCSBVarC006213	ENSP00000333994.3:p.Glu7Gln	HBB	ENSG00000244734	empty_AD
HsVcPillar2a6	CCSBORF5808	3	CCSBORF0	3AT	3	238G>T	0	NC_000011.10:5226653:C:A	CCSBVarC010121	ENSP00000333994.3:p.Asp80Tyr	HBB	ENSG00000244734	empty_AD
HsVcPillar2a6	CCSBORF5808	3	CCSBORF0	3AT	3	248A>T	0	NC_000011.10:5226643:T:A	CCSBVarC010189	ENSP00000333994.3:p.Lys83Met	HBB	ENSG00000244734	empty_AD
HsVcPillar2a6	CCSBORF5808	3	CCSBORF0	3AT	3	251G>A	0	NC_000011.10:5226640:C:T	CCSBVarC006226	ENSP00000333994.3:p.Gly84Asp	HBB	ENSG00000244734	empty_AD
HsVcPillar2a6	CCSBORF5808	3	CCSBORF0	3AT	3	262A>C	0	NC_000011.10:5226629:T:G	CCSBVarC010094	ENSP00000333994.3:p.Thr88Pro	HBB	ENSG00000244734	empty_AD
HsVcPillar2a6	CCSBORF5808	3	CCSBORF0	3AT	3	266T>C	0	NC_000011.10:5226625:A:G	CCSBVarC010204	ENSP00000333994.3:p.Leu89Pro	HBB	ENSG00000244734	empty_AD
HsVcPillar2a6	CCSBORF5808	3	CCSBORF0	3AT	3	277C>A	0	NC_000011.10:5226614:G:T	CCSBVarC010210	ENSP00000333994.3:p.His93Asn	HBB	ENSG00000244734	empty_AD
HsVcPillar2a6	CCSBORF5808	3	CCSBORF0	3AT	3	294C>G	0	NC_000011.10:5226597:G:C	CCSBVarC010171	ENSP00000333994.3:p.His98Gln	HBB	ENSG00000244734	empty_AD
HsVcPillar2a6	CCSBORF5808	3	CCSBORF0	3AT	3	298G>A	0	NC_000011.10:5226593:C:T	CCSBVarC006229	ENSP00000333994.3:p.Asp100Asn	HBB	ENSG00000244734	empty_AD
HsVcPillar2a6	CCSBORF5808	3	CCSBORF0	3AT	3	314G>C	0	NC_000011.10:5226577:C:G	CCSBVarC010102	ENSP00000333994.3:p.Arg105Thr	HBB	ENSG00000244734	empty_AD
HsVcPillar2a6	CCSBORF5808	3	CCSBORF0	3AT	3	350A>C	0	NC_000011.10:5225691:T:G	CCSBVarC006233	ENSP00000333994.3:p.His117Pro	HBB	ENSG00000244734	empty_AD
HsVcPillar2a6	CCSBORF5808	3	CCSBORF0	3AT	3	382C>G	0	NC_000011.10:5225659:G:C	CCSBVarC006237	ENSP00000333994.3:p.Gln128Glu	HBB	ENSG00000244734	empty_AD
HsVcPillar2a6	CCSBORF5808	3	CCSBORF0	3AT	3	430C>G	0	NC_000011.10:5225611:G:C	CCSBVarC006241	ENSP00000333994.3:p.His144Asp	HBB	ENSG00000244734	empty_AD
HsVcPillar2a6	CCSBORF5808	3	CCSBORF0	3AT	3	430C>T	0	NC_000011.10:5225611:G:A	CCSBVarC010136	ENSP00000333994.3:p.His144Tyr	HBB	ENSG00000244734	empty_AD
HsVcPillar2a6	CCSBORF5808	3	CCSBORF0	3AT	3	431A>C	0	NC_000011.10:5225610:T:G	CCSBVarC010143	ENSP00000333994.3:p.His144Pro	HBB	ENSG00000244734	empty_AD
HsVcPillar2a6	CCSBORF5808	3	CCSBORF0	3AT	3	59A>G	0	NC_000011.10:5226962:T:C	CCSBVarC006217	ENSP00000333994.3:p.Asn20Ser	HBB	ENSG00000244734	empty_AD
HsVcPillar2a6	CCSBORF5808	3	CCSBORF0	3AT	3	91A>G	0	NC_000011.10:5226930:T:C	CCSBVarC010152	ENSP00000333994.3:p.Arg31Gly	HBB	ENSG00000244734	empty_AD
HsVcPillar2a6	CCSBORF4765	2	CCSBORF2012	3AT	3	REF	1	NULL	NULL	NULL	ITGB2	ENSG00000160255	LHFPL5
HsVcPillar2a6	CCSBORF4765	2	CCSBORF2012	3AT	3	1052A>G	0	NC_000021.9:44895001:T:C	CCSBVarC007537	ENSP00000498780.1:p.Asn351Ser	ITGB2	ENSG00000160255	LHFPL5
HsVcPillar2a6	CCSBORF4765	2	CCSBORF2012	3AT	3	106T>A	0	NC_000021.9:44910324:A:T	CCSBVarC008417	ENSP00000498780.1:p.Cys36Ser	ITGB2	ENSG00000160255	LHFPL5
HsVcPillar2a6	CCSBORF4765	2	CCSBORF2012	3AT	3	124G>T	0	NC_000021.9:44910306:C:A	CCSBVarC007549	ENSP00000498780.1:p.Gly42Cys	ITGB2	ENSG00000160255	LHFPL5
HsVcPillar2a6	CCSBORF4765	2	CCSBORF2012	3AT	3	1777C>T	0	NC_000021.9:44889375:G:A	CCSBVarC003146	ENSP00000498780.1:p.Arg593Cys	ITGB2	ENSG00000160255	LHFPL5
HsVcPillar2a6	CCSBORF4765	2	CCSBORF2012	3AT	3	1834T>C	0	NC_000021.9:44889318:A:G	CCSBVarC008409	ENSP00000498780.1:p.Cys612Arg	ITGB2	ENSG00000160255	LHFPL5
HsVcPillar2a6	CCSBORF4765	2	CCSBORF2012	3AT	3	2146G>C	0	NC_000021.9:44886836:C:G	CCSBVarC009516	ENSP00000498780.1:p.Gly716Arg	ITGB2	ENSG00000160255	LHFPL5
HsVcPillar2a6	CCSBORF4765	2	CCSBORF2012	3AT	3	2189G>A	0	NC_000021.9:44886793:C:T	CCSBVarC009510	ENSP00000498780.1:p.Ser730Asn	ITGB2	ENSG00000160255	LHFPL5
HsVcPillar2a6	CCSBORF4765	2	CCSBORF2012	3AT	3	382G>A	0	NC_000021.9:44903481:C:T	CCSBVarC008428	ENSP00000498780.1:p.Asp128Asn	ITGB2	ENSG00000160255	LHFPL5
HsVcPillar2a6	CCSBORF4765	2	CCSBORF2012	3AT	3	382G>T	0	NC_000021.9:44903481:C:A	CCSBVarC003144	ENSP00000498780.1:p.Asp128Tyr	ITGB2	ENSG00000160255	LHFPL5
HsVcPillar2a6	CCSBORF4765	2	CCSBORF2012	3AT	3	449G>A	0	NC_000021.9:44903414:C:T	CCSBVarC008419	ENSP00000498780.1:p.Gly150Asp	ITGB2	ENSG00000160255	LHFPL5
HsVcPillar2a6	CCSBORF4765	2	CCSBORF2012	3AT	3	505G>A	0	NC_000021.9:44901727:C:T	CCSBVarC007546	ENSP00000498780.1:p.Gly169Arg	ITGB2	ENSG00000160255	LHFPL5
HsVcPillar2a6	CCSBORF4765	2	CCSBORF2012	3AT	3	587A>C	0	NC_000021.9:44901645:T:G	CCSBVarC007544	ENSP00000498780.1:p.Lys196Thr	ITGB2	ENSG00000160255	LHFPL5
HsVcPillar2a6	CCSBORF4765	2	CCSBORF2012	3AT	3	691G>C	2	NC_000021.9:44901541:C:G	CCSBVarC008405	ENSP00000498780.1:p.Asp231His	ITGB2	ENSG00000160255	LHFPL5
HsVcPillar2a6	CCSBORF4765	2	CCSBORF2012	3AT	3	712G>A	0	NC_000021.9:44901520:C:T	CCSBVarC008421	ENSP00000498780.1:p.Asp238Asn	ITGB2	ENSG00000160255	LHFPL5
HsVcPillar2a6	CCSBORF4765	2	CCSBORF2012	3AT	3	715G>A	0	NC_000021.9:44901517:C:T	CCSBVarC007541	ENSP00000498780.1:p.Ala239Thr	ITGB2	ENSG00000160255	LHFPL5
HsVcPillar2a6	CCSBORF4765	2	CCSBORF2012	3AT	3	754T>C	0	NC_000021.9:44900462:A:G	CCSBVarC008394	ENSP00000498780.1:p.Trp252Arg	ITGB2	ENSG00000160255	LHFPL5
HsVcPillar2a6	CCSBORF4765	2	CCSBORF2012	3AT	3	817G>A	0	NC_000021.9:44900399:C:T	CCSBVarC000702	ENSP00000498780.1:p.Gly273Arg	ITGB2	ENSG00000160255	LHFPL5
HsVcPillar2a6	CCSBORF4765	2	CCSBORF2012	3AT	3	905C>T	0	NC_000021.9:44899154:G:A	CCSBVarC008423	ENSP00000498780.1:p.Pro302Leu	ITGB2	ENSG00000160255	LHFPL5
HsVcPillar2a6	CCSBORF100016069	1	CCSBORF0	3AT	3	REF	0	NULL	NULL	NULL	KCNJ2	ENSG00000123700	empty_AD
HsVcPillar2a6	CCSBORF100016069	1	CCSBORF0	3AT	3	232G>T	0	NC_000017.11:70175270:G:T	CCSBVarC035501	ENSP00000243457.2:p.Asp78Tyr	KCNJ2	ENSG00000123700	empty_AD
HsVcPillar2a6	CCSBORF100016069	1	CCSBORF0	3AT	3	244C>T	0	NC_000017.11:70175282:C:T	CCSBVarC035503	ENSP00000243457.2:p.Arg82Trp	KCNJ2	ENSG00000123700	empty_AD
HsVcPillar2a6	CCSBORF100016069	1	CCSBORF0	3AT	3	425C>T	0	NC_000017.11:70175463:C:T	CCSBVarC035507	ENSP00000243457.2:p.Thr142Ile	KCNJ2	ENSG00000123700	empty_AD
HsVcPillar2a6	CCSBORF100016069	1	CCSBORF0	3AT	3	430G>A	0	NC_000017.11:70175468:G:A	CCSBVarC035510	ENSP00000243457.2:p.Gly144Ser	KCNJ2	ENSG00000123700	empty_AD
HsVcPillar2a6	CCSBORF100016069	1	CCSBORF0	3AT	3	574A>G	0	NC_000017.11:70175612:A:G	CCSBVarC035585	ENSP00000243457.2:p.Thr192Ala	KCNJ2	ENSG00000123700	empty_AD
HsVcPillar2a6	CCSBORF100016069	1	CCSBORF0	3AT	3	845T>G	0	NC_000017.11:70175883:T:G	CCSBVarC035624	ENSP00000243457.2:p.Leu282Trp	KCNJ2	ENSG00000123700	empty_AD
HsVcPillar2a6	CCSBORF100016069	1	CCSBORF0	3AT	3	896A>G	0	NC_000017.11:70175934:A:G	CCSBVarC035626	ENSP00000243457.2:p.Glu299Gly	KCNJ2	ENSG00000123700	empty_AD
HsVcPillar2a6	CCSBORF100016069	1	CCSBORF0	3AT	3	913A>C	0	NC_000017.11:70175951:A:C	CCSBVarC035629	ENSP00000243457.2:p.Thr305Pro	KCNJ2	ENSG00000123700	empty_AD
HsVcPillar2a6	CCSBORF100016069	1	CCSBORF0	3AT	3	913A>G	0	NC_000017.11:70175951:A:G	CCSBVarC035631	ENSP00000243457.2:p.Thr305Ala	KCNJ2	ENSG00000123700	empty_AD
HsVcPillar2a6	CCSBORF100016069	1	CCSBORF0	3AT	3	919A>G	0	NC_000017.11:70175957:A:G	CCSBVarC035633	ENSP00000243457.2:p.Met307Val	KCNJ2	ENSG00000123700	empty_AD
HsVcPillar2a6	CCSBORF100016069	1	CCSBORF0	3AT	3	934C>T	0	NC_000017.11:70175972:C:T	CCSBVarC035638	ENSP00000243457.2:p.Arg312Cys	KCNJ2	ENSG00000123700	empty_AD
HsVcPillar2a6	CCSBORF359	1	CCSBORF0	3AT	3	REF	16	NULL	NULL	NULL	CBS	ENSG00000160200	empty_AD
HsVcPillar2a6	CCSBORF359	1	CCSBORF0	3AT	3	1007G>A	0	NC_000021.9:43062342:C:T	CCSBVarC007316	ENSP00000381231.4:p.Arg336His	CBS	ENSG00000160200	empty_AD
HsVcPillar2a6	CCSBORF359	1	CCSBORF0	3AT	3	1058C>T	0	NC_000021.9:43060527:G:A	CCSBVarC007312	ENSP00000381231.4:p.Thr353Met	CBS	ENSG00000160200	empty_AD
HsVcPillar2a6	CCSBORF359	1	CCSBORF0	3AT	3	1111G>A	0	NC_000021.9:43060474:C:T	CCSBVarC007308	ENSP00000381231.4:p.Val371Met	CBS	ENSG00000160200	empty_AD
HsVcPillar2a6	CCSBORF359	1	CCSBORF0	3AT	3	1150A>G	0	NC_000021.9:43059298:T:C	CCSBVarC007306	ENSP00000381231.4:p.Lys384Glu	CBS	ENSG00000160200	empty_AD
HsVcPillar2a6	CCSBORF359	1	CCSBORF0	3AT	3	1330G>A	0	NC_000021.9:43058861:C:T	CCSBVarC007302	ENSP00000381231.4:p.Asp444Asn	CBS	ENSG00000160200	empty_AD
HsVcPillar2a6	CCSBORF359	1	CCSBORF0	3AT	3	146C>T	0	NC_000021.9:43072047:G:A	CCSBVarC000042	ENSP00000381231.4:p.Pro49Leu	CBS	ENSG00000160200	empty_AD
HsVcPillar2a6	CCSBORF359	1	CCSBORF0	3AT	3	175C>T	0	NC_000021.9:43072018:G:A	CCSBVarC008674	ENSP00000381231.4:p.Pro59Ser	CBS	ENSG00000160200	empty_AD
HsVcPillar2a6	CCSBORF359	1	CCSBORF0	3AT	3	253G>A	0	NC_000021.9:43068571:C:T	CCSBVarC007358	ENSP00000381231.4:p.Gly85Arg	CBS	ENSG00000160200	empty_AD
HsVcPillar2a6	CCSBORF359	1	CCSBORF0	3AT	3	306G>C	0	NC_000021.9:43068518:C:G	CCSBVarC007353	ENSP00000381231.4:p.Lys102Asn	CBS	ENSG00000160200	empty_AD
HsVcPillar2a6	CCSBORF359	1	CCSBORF0	3AT	3	341C>T	0	NC_000021.9:43066352:G:A	CCSBVarC007350	ENSP00000381231.4:p.Ala114Val	CBS	ENSG00000160200	empty_AD
HsVcPillar2a6	CCSBORF359	1	CCSBORF0	3AT	3	361C>T	0	NC_000021.9:43066332:G:A	CCSBVarC007347	ENSP00000381231.4:p.Arg121Cys	CBS	ENSG00000160200	empty_AD
HsVcPillar2a6	CCSBORF359	1	CCSBORF0	3AT	3	374G>A	0	NC_000021.9:43066319:C:T	CCSBVarC008706	ENSP00000381231.4:p.Arg125Gln	CBS	ENSG00000160200	empty_AD
HsVcPillar2a6	CCSBORF359	1	CCSBORF0	3AT	3	430G>A	0	NC_000021.9:43066263:C:T	CCSBVarC007340	ENSP00000381231.4:p.Glu144Lys	CBS	ENSG00000160200	empty_AD
HsVcPillar2a6	CCSBORF359	1	CCSBORF0	3AT	3	442G>A	0	NC_000021.9:43066251:C:T	CCSBVarC007338	ENSP00000381231.4:p.Gly148Arg	CBS	ENSG00000160200	empty_AD
HsVcPillar2a6	CCSBORF359	1	CCSBORF0	3AT	3	494G>A	0	NC_000021.9:43065652:C:T	CCSBVarC008696	ENSP00000381231.4:p.Cys165Tyr	CBS	ENSG00000160200	empty_AD
HsVcPillar2a6	CCSBORF359	1	CCSBORF0	3AT	3	526G>A	0	NC_000021.9:43065620:C:T	CCSBVarC008702	ENSP00000381231.4:p.Glu176Lys	CBS	ENSG00000160200	empty_AD
HsVcPillar2a6	CCSBORF359	1	CCSBORF0	3AT	3	52C>T	0	NC_000021.9:43072141:G:A	CCSBVarC007367	ENSP00000381231.4:p.Arg18Cys	CBS	ENSG00000160200	empty_AD
HsVcPillar2a6	CCSBORF359	1	CCSBORF0	3AT	3	684C>G	0	NC_000021.9:43065254:G:C	CCSBVarC008710	ENSP00000381231.4:p.Asn228Lys	CBS	ENSG00000160200	empty_AD
HsVcPillar2a6	CCSBORF359	1	CCSBORF0	3AT	3	700G>A	0	NC_000021.9:43065238:C:T	CCSBVarC007328	ENSP00000381231.4:p.Asp234Asn	CBS	ENSG00000160200	empty_AD
HsVcPillar2a6	CCSBORF359	1	CCSBORF0	3AT	3	797G>A	0	NC_000021.9:43063930:C:T	CCSBVarC007324	ENSP00000381231.4:p.Arg266Lys	CBS	ENSG00000160200	empty_AD
HsVcPillar2a6	CCSBORF359	1	CCSBORF0	3AT	3	833T>C	0	NC_000021.9:43063073:A:G	CCSBVarC000044	ENSP00000381231.4:p.Ile278Thr	CBS	ENSG00000160200	empty_AD
HsVcPillar2a6	CCSBORF359	1	CCSBORF0	3AT	3	959T>C	0	NC_000021.9:43062390:A:G	CCSBVarC007319	ENSP00000381231.4:p.Val320Ala	CBS	ENSG00000160200	empty_AD
HsVcPillar2a6	CCSBORF359	4	CCSBORF4616	3AT	3	REF	1521	NULL	NULL	NULL	CBS	ENSG00000160200	UBE2I
HsVcPillar2a6	CCSBORF359	4	CCSBORF4616	3AT	3	1009A>C	1499	NC_000021.9:43062340:T:G	CCSBVarC007315	ENSP00000381231.4:p.Met337Leu	CBS	ENSG00000160200	UBE2I
HsVcPillar2a6	CCSBORF359	4	CCSBORF4616	3AT	3	1009A>G	3	NC_000021.9:43062340:T:C	CCSBVarC007314	ENSP00000381231.4:p.Met337Val	CBS	ENSG00000160200	UBE2I
HsVcPillar2a6	CCSBORF359	4	CCSBORF4616	3AT	3	1072G>A	4	NC_000021.9:43060513:C:T	CCSBVarC007310	ENSP00000381231.4:p.Val358Met	CBS	ENSG00000160200	UBE2I
HsVcPillar2a6	CCSBORF359	4	CCSBORF4616	3AT	3	1208C>T	6	NC_000021.9:43059240:G:A	CCSBVarC007305	ENSP00000381231.4:p.Thr403Met	CBS	ENSG00000160200	UBE2I
HsVcPillar2a6	CCSBORF359	4	CCSBORF4616	3AT	3	134G>A	124	NC_000021.9:43072059:C:T	CCSBVarC007363	ENSP00000381231.4:p.Arg45Gln	CBS	ENSG00000160200	UBE2I
HsVcPillar2a6	CCSBORF359	4	CCSBORF4616	3AT	3	1357G>T	3	NC_000021.9:43058834:C:A	CCSBVarC007300	ENSP00000381231.4:p.Gly453Trp	CBS	ENSG00000160200	UBE2I
HsVcPillar2a6	CCSBORF359	4	CCSBORF4616	3AT	3	1397C>T	2395	NC_000021.9:43058214:G:A	CCSBVarC007298	ENSP00000381231.4:p.Ser466Leu	CBS	ENSG00000160200	UBE2I
HsVcPillar2a6	CCSBORF359	4	CCSBORF4616	3AT	3	1436T>C	288	NC_000021.9:43058175:A:G	CCSBVarC007296	ENSP00000381231.4:p.Val479Ala	CBS	ENSG00000160200	UBE2I
HsVcPillar2a6	CCSBORF359	4	CCSBORF4616	3AT	3	152G>A	1094	NC_000021.9:43072041:C:T	CCSBVarC007362	ENSP00000381231.4:p.Arg51Lys	CBS	ENSG00000160200	UBE2I
HsVcPillar2a6	CCSBORF359	4	CCSBORF4616	3AT	3	301C>G	1341	NC_000021.9:43068523:G:C	CCSBVarC007355	ENSP00000381231.4:p.Leu101Val	CBS	ENSG00000160200	UBE2I
HsVcPillar2a6	CCSBORF359	4	CCSBORF4616	3AT	3	34C>T	146	NC_000021.9:43072159:G:A	CCSBVarC007368	ENSP00000381231.4:p.Pro12Ser	CBS	ENSG00000160200	UBE2I
HsVcPillar2a6	CCSBORF359	4	CCSBORF4616	3AT	3	352G>A	39	NC_000021.9:43066341:C:T	CCSBVarC007348	ENSP00000381231.4:p.Val118Met	CBS	ENSG00000160200	UBE2I
HsVcPillar2a6	CCSBORF359	4	CCSBORF4616	3AT	3	395G>A	231	NC_000021.9:43066298:C:T	CCSBVarC007344	ENSP00000381231.4:p.Arg132His	CBS	ENSG00000160200	UBE2I
HsVcPillar2a6	CCSBORF359	4	CCSBORF4616	3AT	3	397G>A	377	NC_000021.9:43066296:C:T	CCSBVarC007343	ENSP00000381231.4:p.Asp133Asn	CBS	ENSG00000160200	UBE2I
HsVcPillar2a6	CCSBORF359	4	CCSBORF4616	3AT	3	400G>A	243	NC_000021.9:43066293:C:T	CCSBVarC007342	ENSP00000381231.4:p.Gly134Arg	CBS	ENSG00000160200	UBE2I
HsVcPillar2a6	CCSBORF359	4	CCSBORF4616	3AT	3	469G>A	577	NC_000021.9:43065677:C:T	CCSBVarC007337	ENSP00000381231.4:p.Ala157Thr	CBS	ENSG00000160200	UBE2I
HsVcPillar2a6	CCSBORF359	4	CCSBORF4616	3AT	3	502G>A	0	NC_000021.9:43065644:C:T	CCSBVarC007336	ENSP00000381231.4:p.Val168Met	CBS	ENSG00000160200	UBE2I
HsVcPillar2a6	CCSBORF359	4	CCSBORF4616	3AT	3	531G>C	1592	NC_000021.9:43065615:C:G	CCSBVarC007335	ENSP00000381231.4:p.Lys177Asn	CBS	ENSG00000160200	UBE2I
HsVcPillar2a6	CCSBORF359	4	CCSBORF4616	3AT	3	532G>A	1582	NC_000021.9:43065520:C:T	CCSBVarC007334	ENSP00000381231.4:p.Val178Met	CBS	ENSG00000160200	UBE2I
HsVcPillar2a6	CCSBORF359	4	CCSBORF4616	3AT	3	616G>A	130	NC_000021.9:43065436:C:T	CCSBVarC007332	ENSP00000381231.4:p.Val206Met	CBS	ENSG00000160200	UBE2I
HsVcPillar2a6	CCSBORF359	4	CCSBORF4616	3AT	3	636C>G	570	NC_000021.9:43065416:G:C	CCSBVarC007330	ENSP00000381231.4:p.Asn212Lys	CBS	ENSG00000160200	UBE2I
HsVcPillar2a6	CCSBORF359	4	CCSBORF4616	3AT	3	670C>T	29	NC_000021.9:43065268:G:A	CCSBVarC007329	ENSP00000381231.4:p.Arg224Cys	CBS	ENSG00000160200	UBE2I
HsVcPillar2a6	CCSBORF359	4	CCSBORF4616	3AT	3	844C>T	410	NC_000021.9:43063062:G:A	CCSBVarC007323	ENSP00000381231.4:p.Pro282Ser	CBS	ENSG00000160200	UBE2I
HsVcPillar2a6	CCSBORF359	4	CCSBORF4616	3AT	3	992C>T	198	NC_000021.9:43062357:G:A	CCSBVarC007318	ENSP00000381231.4:p.Ala331Val	CBS	ENSG00000160200	UBE2I
HsVcPillar2a6	CCSBORF12573	4	CCSBORF5539	3AT	3	REF	9729	NULL	NULL	NULL	DES	ENSG00000175084	ZMYM5
HsVcPillar2a6	CCSBORF12573	4	CCSBORF5539	3AT	3	1009G>A	25	NC_000002.12:219420938:G:A	CCSBVarC007850	ENSP00000363071.3:p.Ala337Thr	DES	ENSG00000175084	ZMYM5
HsVcPillar2a6	CCSBORF12573	4	CCSBORF5539	3AT	3	1009G>C	10	NC_000002.12:219420938:G:C	CCSBVarC006506	ENSP00000363071.3:p.Ala337Pro	DES	ENSG00000175084	ZMYM5
HsVcPillar2a6	CCSBORF12573	4	CCSBORF5539	3AT	3	1013T>G	5	NC_000002.12:219420942:T:G	CCSBVarC007852	ENSP00000363071.3:p.Leu338Arg	DES	ENSG00000175084	ZMYM5
HsVcPillar2a6	CCSBORF12573	4	CCSBORF5539	3AT	3	1024A>G	65	NC_000002.12:219421339:A:G	CCSBVarC007853	ENSP00000363071.3:p.Asn342Asp	DES	ENSG00000175084	ZMYM5
HsVcPillar2a6	CCSBORF12573	4	CCSBORF5539	3AT	3	1030T>C	40	NC_000002.12:219421345:T:C	CCSBVarC007855	ENSP00000363071.3:p.Ser344Pro	DES	ENSG00000175084	ZMYM5
HsVcPillar2a6	CCSBORF12573	4	CCSBORF5539	3AT	3	1049G>C	8812	NC_000002.12:219421364:G:C	CCSBVarC007860	ENSP00000363071.3:p.Arg350Pro	DES	ENSG00000175084	ZMYM5
HsVcPillar2a6	CCSBORF12573	4	CCSBORF5539	3AT	3	109C>T	9	NC_000002.12:219418570:C:T	CCSBVarC007790	ENSP00000363071.3:p.Arg37Trp	DES	ENSG00000175084	ZMYM5
HsVcPillar2a6	CCSBORF12573	4	CCSBORF5539	3AT	3	1154T>C	19	NC_000002.12:219421469:T:C	CCSBVarC007866	ENSP00000363071.3:p.Leu385Pro	DES	ENSG00000175084	ZMYM5
HsVcPillar2a6	CCSBORF12573	4	CCSBORF5539	3AT	3	1178A>T	1	NC_000002.12:219421493:A:T	CCSBVarC007871	ENSP00000363071.3:p.Asn393Ile	DES	ENSG00000175084	ZMYM5
HsVcPillar2a6	CCSBORF12573	4	CCSBORF5539	3AT	3	1216C>T	23	NC_000002.12:219421531:C:T	CCSBVarC006507	ENSP00000363071.3:p.Arg406Trp	DES	ENSG00000175084	ZMYM5
HsVcPillar2a6	CCSBORF12573	4	CCSBORF5539	3AT	3	1217G>A	17	NC_000002.12:219421532:G:A	CCSBVarC007875	ENSP00000363071.3:p.Arg406Gln	DES	ENSG00000175084	ZMYM5
HsVcPillar2a6	CCSBORF12573	4	CCSBORF5539	3AT	3	1358C>T	11	NC_000002.12:219425731:C:T	CCSBVarC007888	ENSP00000363071.3:p.Thr453Ile	DES	ENSG00000175084	ZMYM5
HsVcPillar2a6	CCSBORF12573	4	CCSBORF5539	3AT	3	137C>A	8572	NC_000002.12:219418598:C:A	CCSBVarC006502	ENSP00000363071.3:p.Ser46Tyr	DES	ENSG00000175084	ZMYM5
HsVcPillar2a6	CCSBORF12573	4	CCSBORF5539	3AT	3	1405G>A	17	NC_000002.12:219425981:G:A	CCSBVarC006510	ENSP00000363071.3:p.Val469Met	DES	ENSG00000175084	ZMYM5
HsVcPillar2a6	CCSBORF12573	4	CCSBORF5539	3AT	3	184G>A	20	NC_000002.12:219418645:G:A	CCSBVarC007796	ENSP00000363071.3:p.Gly62Arg	DES	ENSG00000175084	ZMYM5
HsVcPillar2a6	CCSBORF12573	4	CCSBORF5539	3AT	3	25C>G	28	NC_000002.12:219418486:C:G	CCSBVarC007781	ENSP00000363071.3:p.Gln9Glu	DES	ENSG00000175084	ZMYM5
HsVcPillar2a6	CCSBORF12573	4	CCSBORF5539	3AT	3	295C>G	72	NC_000002.12:219418756:C:G	CCSBVarC007803	ENSP00000363071.3:p.Gln99Glu	DES	ENSG00000175084	ZMYM5
HsVcPillar2a6	CCSBORF12573	4	CCSBORF5539	3AT	3	299A>C	3768	NC_000002.12:219418760:A:C	CCSBVarC007804	ENSP00000363071.3:p.Glu100Ala	DES	ENSG00000175084	ZMYM5
HsVcPillar2a6	CCSBORF12573	4	CCSBORF5539	3AT	3	358G>C	5363	NC_000002.12:219418819:G:C	CCSBVarC007807	ENSP00000363071.3:p.Ala120Pro	DES	ENSG00000175084	ZMYM5
HsVcPillar2a6	CCSBORF12573	4	CCSBORF5539	3AT	3	364T>G	63	NC_000002.12:219418825:T:G	CCSBVarC007808	ENSP00000363071.3:p.Tyr122Asp	DES	ENSG00000175084	ZMYM5
HsVcPillar2a6	CCSBORF12573	4	CCSBORF5539	3AT	3	380G>C	5	NC_000002.12:219418841:G:C	CCSBVarC007810	ENSP00000363071.3:p.Arg127Pro	DES	ENSG00000175084	ZMYM5
HsVcPillar2a6	CCSBORF12573	4	CCSBORF5539	3AT	3	415G>A	10	NC_000002.12:219418876:G:A	CCSBVarC007815	ENSP00000363071.3:p.Glu139Lys	DES	ENSG00000175084	ZMYM5
HsVcPillar2a6	CCSBORF12573	4	CCSBORF5539	3AT	3	524G>A	25	NC_000002.12:219418985:G:A	CCSBVarC007818	ENSP00000363071.3:p.Arg175His	DES	ENSG00000175084	ZMYM5
HsVcPillar2a6	CCSBORF12573	4	CCSBORF5539	3AT	3	643G>A	45	NC_000002.12:219420253:G:A	CCSBVarC007826	ENSP00000363071.3:p.Val215Met	DES	ENSG00000175084	ZMYM5
HsVcPillar2a6	CCSBORF12573	4	CCSBORF5539	3AT	3	700G>A	10	NC_000002.12:219420310:G:A	CCSBVarC007831	ENSP00000363071.3:p.Glu234Lys	DES	ENSG00000175084	ZMYM5
HsVcPillar2a6	CCSBORF12573	4	CCSBORF5539	3AT	3	725T>A	6	NC_000002.12:219420335:T:A	CCSBVarC007833	ENSP00000363071.3:p.Val242Glu	DES	ENSG00000175084	ZMYM5
HsVcPillar2a6	CCSBORF12573	4	CCSBORF5539	3AT	3	735G>C	9	NC_000002.12:219420345:G:C	CCSBVarC007835	ENSP00000363071.3:p.Glu245Asp	DES	ENSG00000175084	ZMYM5
HsVcPillar2a6	CCSBORF12573	4	CCSBORF5539	3AT	3	743G>A	1115	NC_000002.12:219420501:G:A	CCSBVarC007836	ENSP00000363071.3:p.Arg248His	DES	ENSG00000175084	ZMYM5
HsVcPillar2a6	CCSBORF12573	4	CCSBORF5539	3AT	3	77T>A	12675	NC_000002.12:219418538:T:A	CCSBVarC007786	ENSP00000363071.3:p.Leu26His	DES	ENSG00000175084	ZMYM5
HsVcPillar2a6	CCSBORF12573	4	CCSBORF5539	3AT	3	821T>C	2	NC_000002.12:219420579:T:C	CCSBVarC006504	ENSP00000363071.3:p.Leu274Pro	DES	ENSG00000175084	ZMYM5
HsVcPillar2a6	CCSBORF12573	4	CCSBORF5539	3AT	3	833G>C	17	NC_000002.12:219420591:G:C	CCSBVarC007839	ENSP00000363071.3:p.Arg278Pro	DES	ENSG00000175084	ZMYM5
HsVcPillar2a6	CCSBORF300	1	CCSBORF8190	3AT	3	REF	6050	NULL	NULL	NULL	GALT	ENSG00000213930	UBTD2
HsVcPillar2a6	CCSBORF300	1	CCSBORF8190	3AT	3	1049C>A	31	NC_000009.12:34649553:C:A	CCSBVarC017363	ENSP00000368119.4:p.Thr350Asn	GALT	ENSG00000213930	UBTD2
HsVcPillar2a6	CCSBORF300	1	CCSBORF8190	3AT	3	1135G>A	49	NC_000009.12:34650443:G:A	CCSBVarC017364	ENSP00000368119.4:p.Ala379Thr	GALT	ENSG00000213930	UBTD2
HsVcPillar2a6	CCSBORF300	1	CCSBORF8190	3AT	3	142C>A	13642	NC_000009.12:34647147:C:A	CCSBVarC017965	ENSP00000368119.4:p.Arg48Ser	GALT	ENSG00000213930	UBTD2
HsVcPillar2a6	CCSBORF300	1	CCSBORF8190	3AT	3	211C>T	11588	NC_000009.12:34647216:C:T	CCSBVarC017967	ENSP00000368119.4:p.Leu71Phe	GALT	ENSG00000213930	UBTD2
HsVcPillar2a6	CCSBORF300	1	CCSBORF8190	3AT	3	241G>C	5591	NC_000009.12:34647246:G:C	CCSBVarC017970	ENSP00000368119.4:p.Ala81Pro	GALT	ENSG00000213930	UBTD2
HsVcPillar2a6	CCSBORF300	1	CCSBORF8190	3AT	3	382G>A	533	NC_000009.12:34647835:G:A	CCSBVarC017977	ENSP00000368119.4:p.Val128Ile	GALT	ENSG00000213930	UBTD2
HsVcPillar2a6	CCSBORF300	1	CCSBORF8190	3AT	3	533T>G	53	NC_000009.12:34648139:T:G	CCSBVarC018002	ENSP00000368119.4:p.Met178Arg	GALT	ENSG00000213930	UBTD2
HsVcPillar2a6	CCSBORF300	1	CCSBORF8190	3AT	3	617A>G	27	NC_000009.12:34648385:A:G	CCSBVarC018039	ENSP00000368119.4:p.Gln206Arg	GALT	ENSG00000213930	UBTD2
HsVcPillar2a6	CCSBORF300	1	CCSBORF8190	3AT	3	86A>G	7979	NC_000009.12:34647091:A:G	CCSBVarC017963	ENSP00000368119.4:p.His29Arg	GALT	ENSG00000213930	UBTD2
HsVcPillar2a6	CCSBORF300	1	CCSBORF8190	3AT	3	910C>G	41	NC_000009.12:34649414:C:G	CCSBVarC018097	ENSP00000368119.4:p.Pro304Ala	GALT	ENSG00000213930	UBTD2
HsVcPillar2a6	CCSBORF300	1	CCSBORF8190	3AT	3	910C>T	35	NC_000009.12:34649414:C:T	CCSBVarC018099	ENSP00000368119.4:p.Pro304Ser	GALT	ENSG00000213930	UBTD2
HsVcPillar2a6	CCSBORF300	5	CCSBORF8190	3AT	3	REF	9584	NULL	NULL	NULL	GALT	ENSG00000213930	UBTD2
HsVcPillar2a6	CCSBORF300	5	CCSBORF8190	3AT	3	1018G>A	45	NC_000009.12:34649522:G:A	CCSBVarC007287	ENSP00000368119.4:p.Glu340Lys	GALT	ENSG00000213930	UBTD2
HsVcPillar2a6	CCSBORF300	5	CCSBORF8190	3AT	3	152G>A	1446	NC_000009.12:34647157:G:A	CCSBVarC004977	ENSP00000368119.4:p.Arg51Gln	GALT	ENSG00000213930	UBTD2
HsVcPillar2a6	CCSBORF300	5	CCSBORF8190	3AT	3	152G>T	20006	NC_000009.12:34647157:G:T	CCSBVarC007151	ENSP00000368119.4:p.Arg51Leu	GALT	ENSG00000213930	UBTD2
HsVcPillar2a6	CCSBORF300	5	CCSBORF8190	3AT	3	163G>T	1464	NC_000009.12:34647168:G:T	CCSBVarC007153	ENSP00000368119.4:p.Gly55Cys	GALT	ENSG00000213930	UBTD2
HsVcPillar2a6	CCSBORF300	5	CCSBORF8190	3AT	3	184C>A	4036	NC_000009.12:34647189:C:A	CCSBVarC007154	ENSP00000368119.4:p.Leu62Met	GALT	ENSG00000213930	UBTD2
HsVcPillar2a6	CCSBORF300	5	CCSBORF8190	3AT	3	197C>A	10390	NC_000009.12:34647202:C:A	CCSBVarC007155	ENSP00000368119.4:p.Pro66His	GALT	ENSG00000213930	UBTD2
HsVcPillar2a6	CCSBORF300	5	CCSBORF8190	3AT	3	197C>T	23	NC_000009.12:34647202:C:T	CCSBVarC007156	ENSP00000368119.4:p.Pro66Leu	GALT	ENSG00000213930	UBTD2
HsVcPillar2a6	CCSBORF300	5	CCSBORF8190	3AT	3	368G>A	6089	NC_000009.12:34647695:G:A	CCSBVarC007172	ENSP00000368119.4:p.Arg123Gln	GALT	ENSG00000213930	UBTD2
HsVcPillar2a6	CCSBORF300	5	CCSBORF8190	3AT	3	379A>G	7205	NC_000009.12:34647832:A:G	CCSBVarC007174	ENSP00000368119.4:p.Lys127Glu	GALT	ENSG00000213930	UBTD2
HsVcPillar2a6	CCSBORF300	5	CCSBORF8190	3AT	3	389G>A	8	NC_000009.12:34647842:G:A	CCSBVarC007178	ENSP00000368119.4:p.Cys130Tyr	GALT	ENSG00000213930	UBTD2
HsVcPillar2a6	CCSBORF300	5	CCSBORF8190	3AT	3	394C>T	23	NC_000009.12:34647847:C:T	CCSBVarC007180	ENSP00000368119.4:p.His132Tyr	GALT	ENSG00000213930	UBTD2
HsVcPillar2a6	CCSBORF300	5	CCSBORF8190	3AT	3	416T>C	11	NC_000009.12:34647869:T:C	CCSBVarC007185	ENSP00000368119.4:p.Leu139Pro	GALT	ENSG00000213930	UBTD2
HsVcPillar2a6	CCSBORF300	5	CCSBORF8190	3AT	3	502G>T	8	NC_000009.12:34647955:G:T	CCSBVarC004983	ENSP00000368119.4:p.Val168Leu	GALT	ENSG00000213930	UBTD2
HsVcPillar2a6	CCSBORF300	5	CCSBORF8190	3AT	3	568T>C	26	NC_000009.12:34648336:T:C	CCSBVarC007216	ENSP00000368119.4:p.Trp190Arg	GALT	ENSG00000213930	UBTD2
HsVcPillar2a6	CCSBORF300	5	CCSBORF8190	3AT	3	572C>T	1382	NC_000009.12:34648340:C:T	CCSBVarC007217	ENSP00000368119.4:p.Ala191Val	GALT	ENSG00000213930	UBTD2
HsVcPillar2a6	CCSBORF300	5	CCSBORF8190	3AT	3	602G>A	47	NC_000009.12:34648370:G:A	CCSBVarC007223	ENSP00000368119.4:p.Arg201His	GALT	ENSG00000213930	UBTD2
HsVcPillar2a6	CCSBORF300	5	CCSBORF8190	3AT	3	626A>G	1684	NC_000009.12:34648394:A:G	CCSBVarC004992	ENSP00000368119.4:p.Tyr209Cys	GALT	ENSG00000213930	UBTD2
HsVcPillar2a6	CCSBORF300	5	CCSBORF8190	3AT	3	667C>A	19	NC_000009.12:34648435:C:A	CCSBVarC004994	ENSP00000368119.4:p.Arg223Ser	GALT	ENSG00000213930	UBTD2
HsVcPillar2a6	CCSBORF300	5	CCSBORF8190	3AT	3	677T>C	30	NC_000009.12:34648445:T:C	CCSBVarC007232	ENSP00000368119.4:p.Leu226Pro	GALT	ENSG00000213930	UBTD2
HsVcPillar2a6	CCSBORF300	5	CCSBORF8190	3AT	3	756G>T	14	NC_000009.12:34648829:G:T	CCSBVarC007243	ENSP00000368119.4:p.Gln252His	GALT	ENSG00000213930	UBTD2
HsVcPillar2a6	CCSBORF300	5	CCSBORF8190	3AT	3	776G>A	99	NC_000009.12:34648849:G:A	CCSBVarC007246	ENSP00000368119.4:p.Arg259Gln	GALT	ENSG00000213930	UBTD2
HsVcPillar2a6	CCSBORF300	5	CCSBORF8190	3AT	3	815G>A	44	NC_000009.12:34648888:G:A	CCSBVarC000036	ENSP00000368119.4:p.Arg272His	GALT	ENSG00000213930	UBTD2
HsVcPillar2a6	CCSBORF300	5	CCSBORF8190	3AT	3	833T>A	10	NC_000009.12:34649009:T:A	CCSBVarC007253	ENSP00000368119.4:p.Ile278Asn	GALT	ENSG00000213930	UBTD2
HsVcPillar2a6	CCSBORF300	5	CCSBORF8190	3AT	3	855G>T	20	NC_000009.12:34649031:G:T	CCSBVarC007257	ENSP00000368119.4:p.Lys285Asn	GALT	ENSG00000213930	UBTD2
HsVcPillar2a6	CCSBORF300	5	CCSBORF8190	3AT	3	865C>T	10	NC_000009.12:34649041:C:T	CCSBVarC007260	ENSP00000368119.4:p.Leu289Phe	GALT	ENSG00000213930	UBTD2
HsVcPillar2a6	CCSBORF300	5	CCSBORF8190	3AT	3	866T>G	11	NC_000009.12:34649042:T:G	CCSBVarC007261	ENSP00000368119.4:p.Leu289Arg	GALT	ENSG00000213930	UBTD2
HsVcPillar2a6	CCSBORF300	5	CCSBORF8190	3AT	3	881T>A	7	NC_000009.12:34649057:T:A	CCSBVarC004997	ENSP00000368119.4:p.Phe294Tyr	GALT	ENSG00000213930	UBTD2
HsVcPillar2a6	CCSBORF300	5	CCSBORF8190	3AT	3	91C>A	4	NC_000009.12:34647096:C:A	CCSBVarC007142	ENSP00000368119.4:p.His31Asn	GALT	ENSG00000213930	UBTD2
HsVcPillar2a6	CCSBORF300	5	CCSBORF8190	3AT	3	922G>A	8	NC_000009.12:34649426:G:A	CCSBVarC007267	ENSP00000368119.4:p.Glu308Lys	GALT	ENSG00000213930	UBTD2
HsVcPillar2a6	CCSBORF300	5	CCSBORF8190	3AT	3	959C>T	20	NC_000009.12:34649463:C:T	CCSBVarC007271	ENSP00000368119.4:p.Ala320Val	GALT	ENSG00000213930	UBTD2
HsVcPillar2a6	CCSBORF300	5	CCSBORF8190	3AT	3	970C>T	266	NC_000009.12:34649474:C:T	CCSBVarC005000	ENSP00000368119.4:p.Pro324Ser	GALT	ENSG00000213930	UBTD2
HsVcPillar2a6	CCSBORF300	5	CCSBORF8190	3AT	3	980T>C	15	NC_000009.12:34649484:T:C	CCSBVarC007276	ENSP00000368119.4:p.Leu327Pro	GALT	ENSG00000213930	UBTD2
HsVcPillar2a6	CCSBORF300	5	CCSBORF8190	3AT	3	997C>G	2773	NC_000009.12:34649501:C:G	CCSBVarC007281	ENSP00000368119.4:p.Arg333Gly	GALT	ENSG00000213930	UBTD2
HsVcPillar2a6	CCSBORF3689	2	CCSBORF54784	3AT	3	REF	9089	NULL	NULL	NULL	GCK	ENSG00000106633	GCKR
HsVcPillar2a6	CCSBORF3689	2	CCSBORF54784	3AT	3	1130G>A	2394	NC_000007.14:44145619:C:T	CCSBVarC006696	ENSP00000384247.3:p.Arg377His	GCK	ENSG00000106633	GCKR
HsVcPillar2a6	CCSBORF3689	2	CCSBORF54784	3AT	3	1133C>T	978	NC_000007.14:44145616:G:A	CCSBVarC006695	ENSP00000384247.3:p.Ala378Val	GCK	ENSG00000106633	GCKR
HsVcPillar2a6	CCSBORF3689	2	CCSBORF54784	3AT	3	1142T>G	124	NC_000007.14:44145607:A:C	CCSBVarC006698	ENSP00000384247.3:p.Met381Arg	GCK	ENSG00000106633	GCKR
HsVcPillar2a6	CCSBORF3689	2	CCSBORF54784	3AT	3	1153G>A	3239	NC_000007.14:44145596:C:T	CCSBVarC006697	ENSP00000384247.3:p.Gly385Arg	GCK	ENSG00000106633	GCKR
HsVcPillar2a6	CCSBORF3689	2	CCSBORF54784	3AT	3	1160C>A	323	NC_000007.14:44145589:G:T	CCSBVarC006699	ENSP00000384247.3:p.Ala387Glu	GCK	ENSG00000106633	GCKR
HsVcPillar2a6	CCSBORF3689	2	CCSBORF54784	3AT	3	131G>A	322	NC_000007.14:44153377:C:T	CCSBVarC006686	ENSP00000384247.3:p.Gly44Asp	GCK	ENSG00000106633	GCKR
HsVcPillar2a6	CCSBORF3689	2	CCSBORF54784	3AT	3	1367C>T	6	NC_000007.14:44145166:G:A	CCSBVarC006700	ENSP00000384247.3:p.Ala456Val	GCK	ENSG00000106633	GCKR
HsVcPillar2a6	CCSBORF3689	2	CCSBORF54784	3AT	3	1386G>T	3686	NC_000007.14:44145147:C:A	CCSBVarC021296	ENSP00000384247.3:p.Met462Ile	GCK	ENSG00000106633	GCKR
HsVcPillar2a6	CCSBORF3689	2	CCSBORF54784	3AT	3	523G>C	5120	NC_000007.14:44150024:C:G	CCSBVarC006688	ENSP00000384247.3:p.Gly175Arg	GCK	ENSG00000106633	GCKR
HsVcPillar2a6	CCSBORF3689	2	CCSBORF54784	3AT	3	532G>C	2994	NC_000007.14:44150015:C:G	CCSBVarC006687	ENSP00000384247.3:p.Gly178Arg	GCK	ENSG00000106633	GCKR
HsVcPillar2a6	CCSBORF3689	2	CCSBORF54784	3AT	3	57C>G	2683	NC_000007.14:44153451:G:C	CCSBVarC021109	ENSP00000384247.3:p.Ile19Met	GCK	ENSG00000106633	GCKR
HsVcPillar2a6	CCSBORF3689	2	CCSBORF54784	3AT	3	661G>A	4028	NC_000007.14:44149777:C:T	CCSBVarC006689	ENSP00000384247.3:p.Glu221Lys	GCK	ENSG00000106633	GCKR
HsVcPillar2a6	CCSBORF3689	2	CCSBORF54784	3AT	3	706G>A	180	NC_000007.14:44147806:C:T	CCSBVarC006690	ENSP00000384247.3:p.Glu236Lys	GCK	ENSG00000106633	GCKR
HsVcPillar2a6	CCSBORF3689	2	CCSBORF54784	3AT	3	752T>C	3106	NC_000007.14:44147760:A:G	CCSBVarC006691	ENSP00000384247.3:p.Met251Thr	GCK	ENSG00000106633	GCKR
HsVcPillar2a6	CCSBORF3689	2	CCSBORF54784	3AT	3	758T>C	2096	NC_000007.14:44147754:A:G	CCSBVarC006692	ENSP00000384247.3:p.Val253Ala	GCK	ENSG00000106633	GCKR
HsVcPillar2a6	CCSBORF3689	2	CCSBORF54784	3AT	3	775G>T	3658	NC_000007.14:44147737:C:A	CCSBVarC021172	ENSP00000384247.3:p.Ala259Ser	GCK	ENSG00000106633	GCKR
HsVcPillar2a6	CCSBORF3689	2	CCSBORF54784	3AT	3	895G>C	2248	NC_000007.14:44146586:C:G	CCSBVarC006694	ENSP00000384247.3:p.Gly299Arg	GCK	ENSG00000106633	GCKR
HsVcPillar2a6	CCSBORF3689	2	CCSBORF54784	3AT	3	907C>T	3515	NC_000007.14:44146574:G:A	CCSBVarC006693	ENSP00000384247.3:p.Arg303Trp	GCK	ENSG00000106633	GCKR
HsVcPillar2a6	CCSBORF5808	4	CCSBORF8297	3AT	3	REF	106898	NULL	NULL	NULL	HBB	ENSG00000244734	HBZ
HsVcPillar2a6	CCSBORF5808	4	CCSBORF8297	3AT	3	194G>C	288	NC_000011.10:5226697:C:G	CCSBVarC006222	ENSP00000333994.3:p.Gly65Ala	HBB	ENSG00000244734	HBZ
HsVcPillar2a6	CCSBORF5808	4	CCSBORF8297	3AT	3	238G>C	104	NC_000011.10:5226653:C:G	CCSBVarC006225	ENSP00000333994.3:p.Asp80His	HBB	ENSG00000244734	HBZ
HsVcPillar2a6	CCSBORF5808	4	CCSBORF8297	3AT	3	26A>C	28401	NC_000011.10:5226995:T:G	CCSBVarC006215	ENSP00000333994.3:p.Lys9Thr	HBB	ENSG00000244734	HBZ
HsVcPillar2a6	CCSBORF5808	4	CCSBORF8297	3AT	3	302C>G	74	NC_000011.10:5226589:G:C	CCSBVarC006230	ENSP00000333994.3:p.Pro101Arg	HBB	ENSG00000244734	HBZ
HsVcPillar2a6	CCSBORF5808	4	CCSBORF8297	3AT	3	312C>G	216	NC_000011.10:5226579:G:C	CCSBVarC000906	ENSP00000333994.3:p.Phe104Leu	HBB	ENSG00000244734	HBZ
HsVcPillar2a6	CCSBORF5808	4	CCSBORF8297	3AT	3	374C>A	281	NC_000011.10:5225667:G:T	CCSBVarC006235	ENSP00000333994.3:p.Pro125Gln	HBB	ENSG00000244734	HBZ
HsVcPillar2a6	CCSBORF5808	4	CCSBORF8297	3AT	3	410G>A	2697	NC_000011.10:5225631:C:T	CCSBVarC006240	ENSP00000333994.3:p.Gly137Asp	HBB	ENSG00000244734	HBZ
HsVcPillar2a6	CCSBORF5808	4	CCSBORF8297	3AT	3	44T>G	111	NC_000011.10:5226977:A:C	CCSBVarC006216	ENSP00000333994.3:p.Leu15Arg	HBB	ENSG00000244734	HBZ
HsVcPillar2a6	CCSBORF5808	4	CCSBORF8297	3AT	3	59A>G	1035	NC_000011.10:5226962:T:C	CCSBVarC006217	ENSP00000333994.3:p.Asn20Ser	HBB	ENSG00000244734	HBZ
HsVcPillar2a6	CCSBORF5808	4	CCSBORF8297	3AT	3	71T>A	34	NC_000011.10:5226950:A:T	CCSBVarC006219	ENSP00000333994.3:p.Val24Asp	HBB	ENSG00000244734	HBZ
HsVcPillar2a6	CCSBORF4765	2	CCSBORF12040	3AT	3	REF	0	NULL	NULL	NULL	ITGB2	ENSG00000160255	UPK1B
HsVcPillar2a6	CCSBORF4765	2	CCSBORF12040	3AT	3	1052A>G	0	NC_000021.9:44895001:T:C	CCSBVarC007537	ENSP00000498780.1:p.Asn351Ser	ITGB2	ENSG00000160255	UPK1B
HsVcPillar2a6	CCSBORF4765	2	CCSBORF12040	3AT	3	106T>A	0	NC_000021.9:44910324:A:T	CCSBVarC008417	ENSP00000498780.1:p.Cys36Ser	ITGB2	ENSG00000160255	UPK1B
HsVcPillar2a6	CCSBORF4765	2	CCSBORF12040	3AT	3	124G>T	0	NC_000021.9:44910306:C:A	CCSBVarC007549	ENSP00000498780.1:p.Gly42Cys	ITGB2	ENSG00000160255	UPK1B
HsVcPillar2a6	CCSBORF4765	2	CCSBORF12040	3AT	3	1777C>T	0	NC_000021.9:44889375:G:A	CCSBVarC003146	ENSP00000498780.1:p.Arg593Cys	ITGB2	ENSG00000160255	UPK1B
HsVcPillar2a6	CCSBORF4765	2	CCSBORF12040	3AT	3	1834T>C	0	NC_000021.9:44889318:A:G	CCSBVarC008409	ENSP00000498780.1:p.Cys612Arg	ITGB2	ENSG00000160255	UPK1B
HsVcPillar2a6	CCSBORF4765	2	CCSBORF12040	3AT	3	2146G>C	0	NC_000021.9:44886836:C:G	CCSBVarC009516	ENSP00000498780.1:p.Gly716Arg	ITGB2	ENSG00000160255	UPK1B
HsVcPillar2a6	CCSBORF4765	2	CCSBORF12040	3AT	3	2189G>A	0	NC_000021.9:44886793:C:T	CCSBVarC009510	ENSP00000498780.1:p.Ser730Asn	ITGB2	ENSG00000160255	UPK1B
HsVcPillar2a6	CCSBORF4765	2	CCSBORF12040	3AT	3	382G>A	0	NC_000021.9:44903481:C:T	CCSBVarC008428	ENSP00000498780.1:p.Asp128Asn	ITGB2	ENSG00000160255	UPK1B
HsVcPillar2a6	CCSBORF4765	2	CCSBORF12040	3AT	3	382G>T	0	NC_000021.9:44903481:C:A	CCSBVarC003144	ENSP00000498780.1:p.Asp128Tyr	ITGB2	ENSG00000160255	UPK1B
HsVcPillar2a6	CCSBORF4765	2	CCSBORF12040	3AT	3	449G>A	0	NC_000021.9:44903414:C:T	CCSBVarC008419	ENSP00000498780.1:p.Gly150Asp	ITGB2	ENSG00000160255	UPK1B
HsVcPillar2a6	CCSBORF4765	2	CCSBORF12040	3AT	3	505G>A	0	NC_000021.9:44901727:C:T	CCSBVarC007546	ENSP00000498780.1:p.Gly169Arg	ITGB2	ENSG00000160255	UPK1B
HsVcPillar2a6	CCSBORF4765	2	CCSBORF12040	3AT	3	587A>C	0	NC_000021.9:44901645:T:G	CCSBVarC007544	ENSP00000498780.1:p.Lys196Thr	ITGB2	ENSG00000160255	UPK1B
HsVcPillar2a6	CCSBORF4765	2	CCSBORF12040	3AT	3	691G>C	0	NC_000021.9:44901541:C:G	CCSBVarC008405	ENSP00000498780.1:p.Asp231His	ITGB2	ENSG00000160255	UPK1B
HsVcPillar2a6	CCSBORF4765	2	CCSBORF12040	3AT	3	712G>A	0	NC_000021.9:44901520:C:T	CCSBVarC008421	ENSP00000498780.1:p.Asp238Asn	ITGB2	ENSG00000160255	UPK1B
HsVcPillar2a6	CCSBORF4765	2	CCSBORF12040	3AT	3	715G>A	0	NC_000021.9:44901517:C:T	CCSBVarC007541	ENSP00000498780.1:p.Ala239Thr	ITGB2	ENSG00000160255	UPK1B
HsVcPillar2a6	CCSBORF4765	2	CCSBORF12040	3AT	3	754T>C	0	NC_000021.9:44900462:A:G	CCSBVarC008394	ENSP00000498780.1:p.Trp252Arg	ITGB2	ENSG00000160255	UPK1B
HsVcPillar2a6	CCSBORF4765	2	CCSBORF12040	3AT	3	817G>A	0	NC_000021.9:44900399:C:T	CCSBVarC000702	ENSP00000498780.1:p.Gly273Arg	ITGB2	ENSG00000160255	UPK1B
HsVcPillar2a6	CCSBORF4765	2	CCSBORF12040	3AT	3	905C>T	0	NC_000021.9:44899154:G:A	CCSBVarC008423	ENSP00000498780.1:p.Pro302Leu	ITGB2	ENSG00000160255	UPK1B
HsVcPillar2a6	CCSBORF100016069	2	CCSBORF6281	3AT	3	REF	8260	NULL	NULL	NULL	KCNJ2	ENSG00000123700	KCNJ15
HsVcPillar2a6	CCSBORF100016069	2	CCSBORF6281	3AT	3	1045G>A	152	NC_000017.11:70176083:G:A	CCSBVarC008354	ENSP00000243457.2:p.Glu349Lys	KCNJ2	ENSG00000123700	KCNJ15
HsVcPillar2a6	CCSBORF100016069	2	CCSBORF6281	3AT	3	1091A>G	30	NC_000017.11:70176129:A:G	CCSBVarC008355	ENSP00000243457.2:p.Lys364Arg	KCNJ2	ENSG00000123700	KCNJ15
HsVcPillar2a6	CCSBORF100016069	2	CCSBORF6281	3AT	3	1199C>T	32	NC_000017.11:70176237:C:T	CCSBVarC008356	ENSP00000243457.2:p.Thr400Met	KCNJ2	ENSG00000123700	KCNJ15
HsVcPillar2a6	CCSBORF100016069	2	CCSBORF6281	3AT	3	119G>C	15	NC_000017.11:70175157:G:C	CCSBVarC008309	ENSP00000243457.2:p.Arg40Pro	KCNJ2	ENSG00000123700	KCNJ15
HsVcPillar2a6	CCSBORF100016069	2	CCSBORF6281	3AT	3	1259C>T	14	NC_000017.11:70176297:C:T	CCSBVarC008359	ENSP00000243457.2:p.Pro420Leu	KCNJ2	ENSG00000123700	KCNJ15
HsVcPillar2a6	CCSBORF100016069	2	CCSBORF6281	3AT	3	199C>T	40	NC_000017.11:70175237:C:T	CCSBVarC008311	ENSP00000243457.2:p.Arg67Trp	KCNJ2	ENSG00000123700	KCNJ15
HsVcPillar2a6	CCSBORF100016069	2	CCSBORF6281	3AT	3	211G>A	15	NC_000017.11:70175249:G:A	CCSBVarC008315	ENSP00000243457.2:p.Asp71Asn	KCNJ2	ENSG00000123700	KCNJ15
HsVcPillar2a6	CCSBORF100016069	2	CCSBORF6281	3AT	3	212A>T	3	NC_000017.11:70175250:A:T	CCSBVarC008317	ENSP00000243457.2:p.Asp71Val	KCNJ2	ENSG00000123700	KCNJ15
HsVcPillar2a6	CCSBORF100016069	2	CCSBORF6281	3AT	3	224C>G	15	NC_000017.11:70175262:C:G	CCSBVarC008318	ENSP00000243457.2:p.Thr75Arg	KCNJ2	ENSG00000123700	KCNJ15
HsVcPillar2a6	CCSBORF100016069	2	CCSBORF6281	3AT	3	224C>T	31	NC_000017.11:70175262:C:T	CCSBVarC008319	ENSP00000243457.2:p.Thr75Met	KCNJ2	ENSG00000123700	KCNJ15
HsVcPillar2a6	CCSBORF100016069	2	CCSBORF6281	3AT	3	236T>C	2	NC_000017.11:70175274:T:C	CCSBVarC008322	ENSP00000243457.2:p.Ile79Thr	KCNJ2	ENSG00000123700	KCNJ15
HsVcPillar2a6	CCSBORF100016069	2	CCSBORF6281	3AT	3	245G>A	15	NC_000017.11:70175283:G:A	CCSBVarC008323	ENSP00000243457.2:p.Arg82Gln	KCNJ2	ENSG00000123700	KCNJ15
HsVcPillar2a6	CCSBORF100016069	2	CCSBORF6281	3AT	3	328C>T	14	NC_000017.11:70175366:C:T	CCSBVarC008326	ENSP00000243457.2:p.His110Tyr	KCNJ2	ENSG00000123700	KCNJ15
HsVcPillar2a6	CCSBORF100016069	2	CCSBORF6281	3AT	3	344C>T	32	NC_000017.11:70175382:C:T	CCSBVarC008327	ENSP00000243457.2:p.Ala115Val	KCNJ2	ENSG00000123700	KCNJ15
HsVcPillar2a6	CCSBORF100016069	2	CCSBORF6281	3AT	3	416C>T	67	NC_000017.11:70175454:C:T	CCSBVarC008328	ENSP00000243457.2:p.Thr139Ile	KCNJ2	ENSG00000123700	KCNJ15
HsVcPillar2a6	CCSBORF100016069	2	CCSBORF6281	3AT	3	425C>T	26813	NC_000017.11:70175463:C:T	CCSBVarC035507	ENSP00000243457.2:p.Thr142Ile	KCNJ2	ENSG00000123700	KCNJ15
HsVcPillar2a6	CCSBORF100016069	2	CCSBORF6281	3AT	3	514G>A	53	NC_000017.11:70175552:G:A	CCSBVarC008329	ENSP00000243457.2:p.Asp172Asn	KCNJ2	ENSG00000123700	KCNJ15
HsVcPillar2a6	CCSBORF100016069	2	CCSBORF6281	3AT	3	565A>G	7	NC_000017.11:70175603:A:G	CCSBVarC008331	ENSP00000243457.2:p.Arg189Gly	KCNJ2	ENSG00000123700	KCNJ15
HsVcPillar2a6	CCSBORF100016069	2	CCSBORF6281	3AT	3	644G>A	20	NC_000017.11:70175682:G:A	CCSBVarC008335	ENSP00000243457.2:p.Gly215Asp	KCNJ2	ENSG00000123700	KCNJ15
HsVcPillar2a6	CCSBORF100016069	2	CCSBORF6281	3AT	3	821A>T	4	NC_000017.11:70175859:A:T	CCSBVarC008340	ENSP00000243457.2:p.Asp274Val	KCNJ2	ENSG00000123700	KCNJ15
HsVcPillar2a6	CCSBORF100016069	2	CCSBORF6281	3AT	3	884T>C	9	NC_000017.11:70175922:T:C	CCSBVarC008341	ENSP00000243457.2:p.Val295Ala	KCNJ2	ENSG00000123700	KCNJ15
HsVcPillar2a6	CCSBORF100016069	2	CCSBORF6281	3AT	3	896A>T	4	NC_000017.11:70175934:A:T	CCSBVarC008342	ENSP00000243457.2:p.Glu299Val	KCNJ2	ENSG00000123700	KCNJ15
HsVcPillar2a6	CCSBORF100016069	2	CCSBORF6281	3AT	3	899G>A	14	NC_000017.11:70175937:G:A	CCSBVarC008343	ENSP00000243457.2:p.Gly300Asp	KCNJ2	ENSG00000123700	KCNJ15
HsVcPillar2a6	CCSBORF100016069	2	CCSBORF6281	3AT	3	899G>T	2	NC_000017.11:70175937:G:T	CCSBVarC008344	ENSP00000243457.2:p.Gly300Val	KCNJ2	ENSG00000123700	KCNJ15
HsVcPillar2a6	CCSBORF100016069	2	CCSBORF6281	3AT	3	901A>C	3	NC_000017.11:70175939:A:C	CCSBVarC008345	ENSP00000243457.2:p.Met301Leu	KCNJ2	ENSG00000123700	KCNJ15
HsVcPillar2a6	CCSBORF100016069	2	CCSBORF6281	3AT	3	904G>A	127	NC_000017.11:70175942:G:A	CCSBVarC008348	ENSP00000243457.2:p.Val302Met	KCNJ2	ENSG00000123700	KCNJ15
HsVcPillar2a6	CCSBORF100016069	2	CCSBORF6281	3AT	3	935G>A	41	NC_000017.11:70175973:G:A	CCSBVarC008349	ENSP00000243457.2:p.Arg312His	KCNJ2	ENSG00000123700	KCNJ15
HsVcPillar2a6	CCSBORF100016069	2	CCSBORF6281	3AT	3	966G>C	10	NC_000017.11:70176004:G:C	CCSBVarC008351	ENSP00000243457.2:p.Trp322Cys	KCNJ2	ENSG00000123700	KCNJ15
HsVcPillar2a6	CCSBORF359	2	CCSBORF5539	3AT	3	REF	12161	NULL	NULL	NULL	CBS	ENSG00000160200	ZMYM5
HsVcPillar2a6	CCSBORF359	2	CCSBORF5539	3AT	3	1006C>T	11	NC_000021.9:43062343:G:A	CCSBVarC007317	ENSP00000381231.4:p.Arg336Cys	CBS	ENSG00000160200	ZMYM5
HsVcPillar2a6	CCSBORF359	2	CCSBORF5539	3AT	3	1039G>A	136	NC_000021.9:43062310:C:T	CCSBVarC007313	ENSP00000381231.4:p.Gly347Ser	CBS	ENSG00000160200	ZMYM5
HsVcPillar2a6	CCSBORF359	2	CCSBORF5539	3AT	3	1109G>A	162	NC_000021.9:43060476:C:T	CCSBVarC007309	ENSP00000381231.4:p.Cys370Tyr	CBS	ENSG00000160200	ZMYM5
HsVcPillar2a6	CCSBORF359	2	CCSBORF5539	3AT	3	1135C>T	1052	NC_000021.9:43060450:G:A	CCSBVarC007307	ENSP00000381231.4:p.Arg379Trp	CBS	ENSG00000160200	ZMYM5
HsVcPillar2a6	CCSBORF359	2	CCSBORF5539	3AT	3	1280C>T	217	NC_000021.9:43058911:G:A	CCSBVarC007303	ENSP00000381231.4:p.Pro427Leu	CBS	ENSG00000160200	ZMYM5
HsVcPillar2a6	CCSBORF359	2	CCSBORF5539	3AT	3	1367T>C	35	NC_000021.9:43058244:A:G	CCSBVarC000045	ENSP00000381231.4:p.Leu456Pro	CBS	ENSG00000160200	ZMYM5
HsVcPillar2a6	CCSBORF359	2	CCSBORF5539	3AT	3	233C>G	33	NC_000021.9:43068591:G:C	CCSBVarC007359	ENSP00000381231.4:p.Pro78Arg	CBS	ENSG00000160200	ZMYM5
HsVcPillar2a6	CCSBORF359	2	CCSBORF5539	3AT	3	262C>T	13	NC_000021.9:43068562:G:A	CCSBVarC008708	ENSP00000381231.4:p.Pro88Ser	CBS	ENSG00000160200	ZMYM5
HsVcPillar2a6	CCSBORF359	2	CCSBORF5539	3AT	3	302T>C	25	NC_000021.9:43068522:A:G	CCSBVarC007354	ENSP00000381231.4:p.Leu101Pro	CBS	ENSG00000160200	ZMYM5
HsVcPillar2a6	CCSBORF359	2	CCSBORF5539	3AT	3	304A>C	9	NC_000021.9:43068520:T:G	CCSBVarC008671	ENSP00000381231.4:p.Lys102Gln	CBS	ENSG00000160200	ZMYM5
HsVcPillar2a6	CCSBORF359	2	CCSBORF5539	3AT	3	325T>C	37	NC_000021.9:43066368:A:G	CCSBVarC007352	ENSP00000381231.4:p.Cys109Arg	CBS	ENSG00000160200	ZMYM5
HsVcPillar2a6	CCSBORF359	2	CCSBORF5539	3AT	3	346G>A	95	NC_000021.9:43066347:C:T	CCSBVarC007349	ENSP00000381231.4:p.Gly116Arg	CBS	ENSG00000160200	ZMYM5
HsVcPillar2a6	CCSBORF359	2	CCSBORF5539	3AT	3	362G>A	74	NC_000021.9:43066331:C:T	CCSBVarC007346	ENSP00000381231.4:p.Arg121His	CBS	ENSG00000160200	ZMYM5
HsVcPillar2a6	CCSBORF359	2	CCSBORF5539	3AT	3	373C>T	9	NC_000021.9:43066320:G:A	CCSBVarC008722	ENSP00000381231.4:p.Arg125Trp	CBS	ENSG00000160200	ZMYM5
HsVcPillar2a6	CCSBORF359	2	CCSBORF5539	3AT	3	429C>G	62	NC_000021.9:43066264:G:C	CCSBVarC008694	ENSP00000381231.4:p.Ile143Met	CBS	ENSG00000160200	ZMYM5
HsVcPillar2a6	CCSBORF359	2	CCSBORF5539	3AT	3	434C>T	27	NC_000021.9:43066259:G:A	CCSBVarC007339	ENSP00000381231.4:p.Pro145Leu	CBS	ENSG00000160200	ZMYM5
HsVcPillar2a6	CCSBORF359	2	CCSBORF5539	3AT	3	461T>A	17	NC_000021.9:43065685:A:T	CCSBVarC000043	ENSP00000381231.4:p.Leu154Gln	CBS	ENSG00000160200	ZMYM5
HsVcPillar2a6	CCSBORF359	2	CCSBORF5539	3AT	3	572C>T	67	NC_000021.9:43065480:G:A	CCSBVarC007333	ENSP00000381231.4:p.Thr191Met	CBS	ENSG00000160200	ZMYM5
HsVcPillar2a6	CCSBORF359	2	CCSBORF5539	3AT	3	684C>A	4	NC_000021.9:43065254:G:T	CCSBVarC008700	ENSP00000381231.4:p.Asn228Lys	CBS	ENSG00000160200	ZMYM5
HsVcPillar2a6	CCSBORF359	2	CCSBORF5539	3AT	3	785C>T	85	NC_000021.9:43063942:G:A	CCSBVarC007325	ENSP00000381231.4:p.Thr262Met	CBS	ENSG00000160200	ZMYM5
HsVcPillar2a6	CCSBORF359	2	CCSBORF5539	3AT	3	919G>A	3206	NC_000021.9:43062987:C:T	CCSBVarC007321	ENSP00000381231.4:p.Gly307Ser	CBS	ENSG00000160200	ZMYM5
HsVcPillar2a6	CCSBORF359	2	CCSBORF5539	3AT	3	941T>C	584	NC_000021.9:43062965:A:G	CCSBVarC008704	ENSP00000381231.4:p.Val314Ala	CBS	ENSG00000160200	ZMYM5
HsVcPillar2a6	CCSBORF359	4	CCSBORF0	3AT	3	REF	2	NULL	NULL	NULL	CBS	ENSG00000160200	empty_AD
HsVcPillar2a6	CCSBORF359	4	CCSBORF0	3AT	3	1009A>C	0	NC_000021.9:43062340:T:G	CCSBVarC007315	ENSP00000381231.4:p.Met337Leu	CBS	ENSG00000160200	empty_AD
HsVcPillar2a6	CCSBORF359	4	CCSBORF0	3AT	3	1009A>G	0	NC_000021.9:43062340:T:C	CCSBVarC007314	ENSP00000381231.4:p.Met337Val	CBS	ENSG00000160200	empty_AD
HsVcPillar2a6	CCSBORF359	4	CCSBORF0	3AT	3	1072G>A	0	NC_000021.9:43060513:C:T	CCSBVarC007310	ENSP00000381231.4:p.Val358Met	CBS	ENSG00000160200	empty_AD
HsVcPillar2a6	CCSBORF359	4	CCSBORF0	3AT	3	1208C>T	0	NC_000021.9:43059240:G:A	CCSBVarC007305	ENSP00000381231.4:p.Thr403Met	CBS	ENSG00000160200	empty_AD
HsVcPillar2a6	CCSBORF359	4	CCSBORF0	3AT	3	134G>A	0	NC_000021.9:43072059:C:T	CCSBVarC007363	ENSP00000381231.4:p.Arg45Gln	CBS	ENSG00000160200	empty_AD
HsVcPillar2a6	CCSBORF359	4	CCSBORF0	3AT	3	1357G>T	0	NC_000021.9:43058834:C:A	CCSBVarC007300	ENSP00000381231.4:p.Gly453Trp	CBS	ENSG00000160200	empty_AD
HsVcPillar2a6	CCSBORF359	4	CCSBORF0	3AT	3	1397C>T	0	NC_000021.9:43058214:G:A	CCSBVarC007298	ENSP00000381231.4:p.Ser466Leu	CBS	ENSG00000160200	empty_AD
HsVcPillar2a6	CCSBORF359	4	CCSBORF0	3AT	3	1436T>C	0	NC_000021.9:43058175:A:G	CCSBVarC007296	ENSP00000381231.4:p.Val479Ala	CBS	ENSG00000160200	empty_AD
HsVcPillar2a6	CCSBORF359	4	CCSBORF0	3AT	3	152G>A	1	NC_000021.9:43072041:C:T	CCSBVarC007362	ENSP00000381231.4:p.Arg51Lys	CBS	ENSG00000160200	empty_AD
HsVcPillar2a6	CCSBORF359	4	CCSBORF0	3AT	3	301C>G	0	NC_000021.9:43068523:G:C	CCSBVarC007355	ENSP00000381231.4:p.Leu101Val	CBS	ENSG00000160200	empty_AD
HsVcPillar2a6	CCSBORF359	4	CCSBORF0	3AT	3	34C>T	0	NC_000021.9:43072159:G:A	CCSBVarC007368	ENSP00000381231.4:p.Pro12Ser	CBS	ENSG00000160200	empty_AD
HsVcPillar2a6	CCSBORF359	4	CCSBORF0	3AT	3	352G>A	0	NC_000021.9:43066341:C:T	CCSBVarC007348	ENSP00000381231.4:p.Val118Met	CBS	ENSG00000160200	empty_AD
HsVcPillar2a6	CCSBORF359	4	CCSBORF0	3AT	3	395G>A	0	NC_000021.9:43066298:C:T	CCSBVarC007344	ENSP00000381231.4:p.Arg132His	CBS	ENSG00000160200	empty_AD
HsVcPillar2a6	CCSBORF359	4	CCSBORF0	3AT	3	397G>A	0	NC_000021.9:43066296:C:T	CCSBVarC007343	ENSP00000381231.4:p.Asp133Asn	CBS	ENSG00000160200	empty_AD
HsVcPillar2a6	CCSBORF359	4	CCSBORF0	3AT	3	400G>A	0	NC_000021.9:43066293:C:T	CCSBVarC007342	ENSP00000381231.4:p.Gly134Arg	CBS	ENSG00000160200	empty_AD
HsVcPillar2a6	CCSBORF359	4	CCSBORF0	3AT	3	469G>A	0	NC_000021.9:43065677:C:T	CCSBVarC007337	ENSP00000381231.4:p.Ala157Thr	CBS	ENSG00000160200	empty_AD
HsVcPillar2a6	CCSBORF359	4	CCSBORF0	3AT	3	502G>A	0	NC_000021.9:43065644:C:T	CCSBVarC007336	ENSP00000381231.4:p.Val168Met	CBS	ENSG00000160200	empty_AD
HsVcPillar2a6	CCSBORF359	4	CCSBORF0	3AT	3	531G>C	0	NC_000021.9:43065615:C:G	CCSBVarC007335	ENSP00000381231.4:p.Lys177Asn	CBS	ENSG00000160200	empty_AD
HsVcPillar2a6	CCSBORF359	4	CCSBORF0	3AT	3	532G>A	0	NC_000021.9:43065520:C:T	CCSBVarC007334	ENSP00000381231.4:p.Val178Met	CBS	ENSG00000160200	empty_AD
HsVcPillar2a6	CCSBORF359	4	CCSBORF0	3AT	3	616G>A	0	NC_000021.9:43065436:C:T	CCSBVarC007332	ENSP00000381231.4:p.Val206Met	CBS	ENSG00000160200	empty_AD
HsVcPillar2a6	CCSBORF359	4	CCSBORF0	3AT	3	636C>G	0	NC_000021.9:43065416:G:C	CCSBVarC007330	ENSP00000381231.4:p.Asn212Lys	CBS	ENSG00000160200	empty_AD
HsVcPillar2a6	CCSBORF359	4	CCSBORF0	3AT	3	670C>T	0	NC_000021.9:43065268:G:A	CCSBVarC007329	ENSP00000381231.4:p.Arg224Cys	CBS	ENSG00000160200	empty_AD
HsVcPillar2a6	CCSBORF359	4	CCSBORF0	3AT	3	844C>T	0	NC_000021.9:43063062:G:A	CCSBVarC007323	ENSP00000381231.4:p.Pro282Ser	CBS	ENSG00000160200	empty_AD
HsVcPillar2a6	CCSBORF359	4	CCSBORF0	3AT	3	992C>T	0	NC_000021.9:43062357:G:A	CCSBVarC007318	ENSP00000381231.4:p.Ala331Val	CBS	ENSG00000160200	empty_AD
HsVcPillar2a6	CCSBORF12573	4	CCSBORF0	3AT	3	REF	1	NULL	NULL	NULL	DES	ENSG00000175084	empty_AD
HsVcPillar2a6	CCSBORF12573	4	CCSBORF0	3AT	3	1009G>A	0	NC_000002.12:219420938:G:A	CCSBVarC007850	ENSP00000363071.3:p.Ala337Thr	DES	ENSG00000175084	empty_AD
HsVcPillar2a6	CCSBORF12573	4	CCSBORF0	3AT	3	1009G>C	0	NC_000002.12:219420938:G:C	CCSBVarC006506	ENSP00000363071.3:p.Ala337Pro	DES	ENSG00000175084	empty_AD
HsVcPillar2a6	CCSBORF12573	4	CCSBORF0	3AT	3	1013T>G	0	NC_000002.12:219420942:T:G	CCSBVarC007852	ENSP00000363071.3:p.Leu338Arg	DES	ENSG00000175084	empty_AD
HsVcPillar2a6	CCSBORF12573	4	CCSBORF0	3AT	3	1024A>G	0	NC_000002.12:219421339:A:G	CCSBVarC007853	ENSP00000363071.3:p.Asn342Asp	DES	ENSG00000175084	empty_AD
HsVcPillar2a6	CCSBORF12573	4	CCSBORF0	3AT	3	1030T>C	0	NC_000002.12:219421345:T:C	CCSBVarC007855	ENSP00000363071.3:p.Ser344Pro	DES	ENSG00000175084	empty_AD
HsVcPillar2a6	CCSBORF12573	4	CCSBORF0	3AT	3	1049G>C	0	NC_000002.12:219421364:G:C	CCSBVarC007860	ENSP00000363071.3:p.Arg350Pro	DES	ENSG00000175084	empty_AD
HsVcPillar2a6	CCSBORF12573	4	CCSBORF0	3AT	3	109C>T	0	NC_000002.12:219418570:C:T	CCSBVarC007790	ENSP00000363071.3:p.Arg37Trp	DES	ENSG00000175084	empty_AD
HsVcPillar2a6	CCSBORF12573	4	CCSBORF0	3AT	3	1154T>C	0	NC_000002.12:219421469:T:C	CCSBVarC007866	ENSP00000363071.3:p.Leu385Pro	DES	ENSG00000175084	empty_AD
HsVcPillar2a6	CCSBORF12573	4	CCSBORF0	3AT	3	1178A>T	0	NC_000002.12:219421493:A:T	CCSBVarC007871	ENSP00000363071.3:p.Asn393Ile	DES	ENSG00000175084	empty_AD
HsVcPillar2a6	CCSBORF12573	4	CCSBORF0	3AT	3	1216C>T	0	NC_000002.12:219421531:C:T	CCSBVarC006507	ENSP00000363071.3:p.Arg406Trp	DES	ENSG00000175084	empty_AD
HsVcPillar2a6	CCSBORF12573	4	CCSBORF0	3AT	3	1217G>A	0	NC_000002.12:219421532:G:A	CCSBVarC007875	ENSP00000363071.3:p.Arg406Gln	DES	ENSG00000175084	empty_AD
HsVcPillar2a6	CCSBORF12573	4	CCSBORF0	3AT	3	1358C>T	0	NC_000002.12:219425731:C:T	CCSBVarC007888	ENSP00000363071.3:p.Thr453Ile	DES	ENSG00000175084	empty_AD
HsVcPillar2a6	CCSBORF12573	4	CCSBORF0	3AT	3	137C>A	0	NC_000002.12:219418598:C:A	CCSBVarC006502	ENSP00000363071.3:p.Ser46Tyr	DES	ENSG00000175084	empty_AD
HsVcPillar2a6	CCSBORF12573	4	CCSBORF0	3AT	3	1405G>A	0	NC_000002.12:219425981:G:A	CCSBVarC006510	ENSP00000363071.3:p.Val469Met	DES	ENSG00000175084	empty_AD
HsVcPillar2a6	CCSBORF12573	4	CCSBORF0	3AT	3	184G>A	0	NC_000002.12:219418645:G:A	CCSBVarC007796	ENSP00000363071.3:p.Gly62Arg	DES	ENSG00000175084	empty_AD
HsVcPillar2a6	CCSBORF12573	4	CCSBORF0	3AT	3	25C>G	0	NC_000002.12:219418486:C:G	CCSBVarC007781	ENSP00000363071.3:p.Gln9Glu	DES	ENSG00000175084	empty_AD
HsVcPillar2a6	CCSBORF12573	4	CCSBORF0	3AT	3	295C>G	0	NC_000002.12:219418756:C:G	CCSBVarC007803	ENSP00000363071.3:p.Gln99Glu	DES	ENSG00000175084	empty_AD
HsVcPillar2a6	CCSBORF12573	4	CCSBORF0	3AT	3	299A>C	0	NC_000002.12:219418760:A:C	CCSBVarC007804	ENSP00000363071.3:p.Glu100Ala	DES	ENSG00000175084	empty_AD
HsVcPillar2a6	CCSBORF12573	4	CCSBORF0	3AT	3	358G>C	0	NC_000002.12:219418819:G:C	CCSBVarC007807	ENSP00000363071.3:p.Ala120Pro	DES	ENSG00000175084	empty_AD
HsVcPillar2a6	CCSBORF12573	4	CCSBORF0	3AT	3	364T>G	0	NC_000002.12:219418825:T:G	CCSBVarC007808	ENSP00000363071.3:p.Tyr122Asp	DES	ENSG00000175084	empty_AD
HsVcPillar2a6	CCSBORF12573	4	CCSBORF0	3AT	3	380G>C	0	NC_000002.12:219418841:G:C	CCSBVarC007810	ENSP00000363071.3:p.Arg127Pro	DES	ENSG00000175084	empty_AD
HsVcPillar2a6	CCSBORF12573	4	CCSBORF0	3AT	3	415G>A	0	NC_000002.12:219418876:G:A	CCSBVarC007815	ENSP00000363071.3:p.Glu139Lys	DES	ENSG00000175084	empty_AD
HsVcPillar2a6	CCSBORF12573	4	CCSBORF0	3AT	3	524G>A	0	NC_000002.12:219418985:G:A	CCSBVarC007818	ENSP00000363071.3:p.Arg175His	DES	ENSG00000175084	empty_AD
HsVcPillar2a6	CCSBORF12573	4	CCSBORF0	3AT	3	643G>A	0	NC_000002.12:219420253:G:A	CCSBVarC007826	ENSP00000363071.3:p.Val215Met	DES	ENSG00000175084	empty_AD
HsVcPillar2a6	CCSBORF12573	4	CCSBORF0	3AT	3	700G>A	0	NC_000002.12:219420310:G:A	CCSBVarC007831	ENSP00000363071.3:p.Glu234Lys	DES	ENSG00000175084	empty_AD
HsVcPillar2a6	CCSBORF12573	4	CCSBORF0	3AT	3	725T>A	0	NC_000002.12:219420335:T:A	CCSBVarC007833	ENSP00000363071.3:p.Val242Glu	DES	ENSG00000175084	empty_AD
HsVcPillar2a6	CCSBORF12573	4	CCSBORF0	3AT	3	735G>C	0	NC_000002.12:219420345:G:C	CCSBVarC007835	ENSP00000363071.3:p.Glu245Asp	DES	ENSG00000175084	empty_AD
HsVcPillar2a6	CCSBORF12573	4	CCSBORF0	3AT	3	743G>A	0	NC_000002.12:219420501:G:A	CCSBVarC007836	ENSP00000363071.3:p.Arg248His	DES	ENSG00000175084	empty_AD
HsVcPillar2a6	CCSBORF12573	4	CCSBORF0	3AT	3	77T>A	0	NC_000002.12:219418538:T:A	CCSBVarC007786	ENSP00000363071.3:p.Leu26His	DES	ENSG00000175084	empty_AD
HsVcPillar2a6	CCSBORF12573	4	CCSBORF0	3AT	3	821T>C	0	NC_000002.12:219420579:T:C	CCSBVarC006504	ENSP00000363071.3:p.Leu274Pro	DES	ENSG00000175084	empty_AD
HsVcPillar2a6	CCSBORF12573	4	CCSBORF0	3AT	3	833G>C	0	NC_000002.12:219420591:G:C	CCSBVarC007839	ENSP00000363071.3:p.Arg278Pro	DES	ENSG00000175084	empty_AD
HsVcPillar2a6	CCSBORF300	1	CCSBORF0	3AT	3	REF	1	NULL	NULL	NULL	GALT	ENSG00000213930	empty_AD
HsVcPillar2a6	CCSBORF300	1	CCSBORF0	3AT	3	1049C>A	0	NC_000009.12:34649553:C:A	CCSBVarC017363	ENSP00000368119.4:p.Thr350Asn	GALT	ENSG00000213930	empty_AD
HsVcPillar2a6	CCSBORF300	1	CCSBORF0	3AT	3	1135G>A	0	NC_000009.12:34650443:G:A	CCSBVarC017364	ENSP00000368119.4:p.Ala379Thr	GALT	ENSG00000213930	empty_AD
HsVcPillar2a6	CCSBORF300	1	CCSBORF0	3AT	3	142C>A	0	NC_000009.12:34647147:C:A	CCSBVarC017965	ENSP00000368119.4:p.Arg48Ser	GALT	ENSG00000213930	empty_AD
HsVcPillar2a6	CCSBORF300	1	CCSBORF0	3AT	3	211C>T	0	NC_000009.12:34647216:C:T	CCSBVarC017967	ENSP00000368119.4:p.Leu71Phe	GALT	ENSG00000213930	empty_AD
HsVcPillar2a6	CCSBORF300	1	CCSBORF0	3AT	3	241G>C	0	NC_000009.12:34647246:G:C	CCSBVarC017970	ENSP00000368119.4:p.Ala81Pro	GALT	ENSG00000213930	empty_AD
HsVcPillar2a6	CCSBORF300	1	CCSBORF0	3AT	3	382G>A	0	NC_000009.12:34647835:G:A	CCSBVarC017977	ENSP00000368119.4:p.Val128Ile	GALT	ENSG00000213930	empty_AD
HsVcPillar2a6	CCSBORF300	1	CCSBORF0	3AT	3	533T>G	0	NC_000009.12:34648139:T:G	CCSBVarC018002	ENSP00000368119.4:p.Met178Arg	GALT	ENSG00000213930	empty_AD
HsVcPillar2a6	CCSBORF300	1	CCSBORF0	3AT	3	617A>G	0	NC_000009.12:34648385:A:G	CCSBVarC018039	ENSP00000368119.4:p.Gln206Arg	GALT	ENSG00000213930	empty_AD
HsVcPillar2a6	CCSBORF300	1	CCSBORF0	3AT	3	86A>G	0	NC_000009.12:34647091:A:G	CCSBVarC017963	ENSP00000368119.4:p.His29Arg	GALT	ENSG00000213930	empty_AD
HsVcPillar2a6	CCSBORF300	1	CCSBORF0	3AT	3	910C>G	0	NC_000009.12:34649414:C:G	CCSBVarC018097	ENSP00000368119.4:p.Pro304Ala	GALT	ENSG00000213930	empty_AD
HsVcPillar2a6	CCSBORF300	1	CCSBORF0	3AT	3	910C>T	0	NC_000009.12:34649414:C:T	CCSBVarC018099	ENSP00000368119.4:p.Pro304Ser	GALT	ENSG00000213930	empty_AD
HsVcPillar2a6	CCSBORF300	5	CCSBORF0	3AT	3	REF	0	NULL	NULL	NULL	GALT	ENSG00000213930	empty_AD
HsVcPillar2a6	CCSBORF300	5	CCSBORF0	3AT	3	1018G>A	0	NC_000009.12:34649522:G:A	CCSBVarC007287	ENSP00000368119.4:p.Glu340Lys	GALT	ENSG00000213930	empty_AD
HsVcPillar2a6	CCSBORF300	5	CCSBORF0	3AT	3	152G>A	0	NC_000009.12:34647157:G:A	CCSBVarC004977	ENSP00000368119.4:p.Arg51Gln	GALT	ENSG00000213930	empty_AD
HsVcPillar2a6	CCSBORF300	5	CCSBORF0	3AT	3	152G>T	2	NC_000009.12:34647157:G:T	CCSBVarC007151	ENSP00000368119.4:p.Arg51Leu	GALT	ENSG00000213930	empty_AD
HsVcPillar2a6	CCSBORF300	5	CCSBORF0	3AT	3	163G>T	1	NC_000009.12:34647168:G:T	CCSBVarC007153	ENSP00000368119.4:p.Gly55Cys	GALT	ENSG00000213930	empty_AD
HsVcPillar2a6	CCSBORF300	5	CCSBORF0	3AT	3	184C>A	0	NC_000009.12:34647189:C:A	CCSBVarC007154	ENSP00000368119.4:p.Leu62Met	GALT	ENSG00000213930	empty_AD
HsVcPillar2a6	CCSBORF300	5	CCSBORF0	3AT	3	197C>A	0	NC_000009.12:34647202:C:A	CCSBVarC007155	ENSP00000368119.4:p.Pro66His	GALT	ENSG00000213930	empty_AD
HsVcPillar2a6	CCSBORF300	5	CCSBORF0	3AT	3	197C>T	0	NC_000009.12:34647202:C:T	CCSBVarC007156	ENSP00000368119.4:p.Pro66Leu	GALT	ENSG00000213930	empty_AD
HsVcPillar2a6	CCSBORF300	5	CCSBORF0	3AT	3	368G>A	0	NC_000009.12:34647695:G:A	CCSBVarC007172	ENSP00000368119.4:p.Arg123Gln	GALT	ENSG00000213930	empty_AD
HsVcPillar2a6	CCSBORF300	5	CCSBORF0	3AT	3	379A>G	0	NC_000009.12:34647832:A:G	CCSBVarC007174	ENSP00000368119.4:p.Lys127Glu	GALT	ENSG00000213930	empty_AD
HsVcPillar2a6	CCSBORF300	5	CCSBORF0	3AT	3	389G>A	0	NC_000009.12:34647842:G:A	CCSBVarC007178	ENSP00000368119.4:p.Cys130Tyr	GALT	ENSG00000213930	empty_AD
HsVcPillar2a6	CCSBORF300	5	CCSBORF0	3AT	3	394C>T	0	NC_000009.12:34647847:C:T	CCSBVarC007180	ENSP00000368119.4:p.His132Tyr	GALT	ENSG00000213930	empty_AD
HsVcPillar2a6	CCSBORF300	5	CCSBORF0	3AT	3	416T>C	0	NC_000009.12:34647869:T:C	CCSBVarC007185	ENSP00000368119.4:p.Leu139Pro	GALT	ENSG00000213930	empty_AD
HsVcPillar2a6	CCSBORF300	5	CCSBORF0	3AT	3	502G>T	0	NC_000009.12:34647955:G:T	CCSBVarC004983	ENSP00000368119.4:p.Val168Leu	GALT	ENSG00000213930	empty_AD
HsVcPillar2a6	CCSBORF300	5	CCSBORF0	3AT	3	568T>C	0	NC_000009.12:34648336:T:C	CCSBVarC007216	ENSP00000368119.4:p.Trp190Arg	GALT	ENSG00000213930	empty_AD
HsVcPillar2a6	CCSBORF300	5	CCSBORF0	3AT	3	572C>T	0	NC_000009.12:34648340:C:T	CCSBVarC007217	ENSP00000368119.4:p.Ala191Val	GALT	ENSG00000213930	empty_AD
HsVcPillar2a6	CCSBORF300	5	CCSBORF0	3AT	3	602G>A	0	NC_000009.12:34648370:G:A	CCSBVarC007223	ENSP00000368119.4:p.Arg201His	GALT	ENSG00000213930	empty_AD
HsVcPillar2a6	CCSBORF300	5	CCSBORF0	3AT	3	626A>G	0	NC_000009.12:34648394:A:G	CCSBVarC004992	ENSP00000368119.4:p.Tyr209Cys	GALT	ENSG00000213930	empty_AD
HsVcPillar2a6	CCSBORF300	5	CCSBORF0	3AT	3	667C>A	0	NC_000009.12:34648435:C:A	CCSBVarC004994	ENSP00000368119.4:p.Arg223Ser	GALT	ENSG00000213930	empty_AD
HsVcPillar2a6	CCSBORF300	5	CCSBORF0	3AT	3	677T>C	0	NC_000009.12:34648445:T:C	CCSBVarC007232	ENSP00000368119.4:p.Leu226Pro	GALT	ENSG00000213930	empty_AD
HsVcPillar2a6	CCSBORF300	5	CCSBORF0	3AT	3	756G>T	0	NC_000009.12:34648829:G:T	CCSBVarC007243	ENSP00000368119.4:p.Gln252His	GALT	ENSG00000213930	empty_AD
HsVcPillar2a6	CCSBORF300	5	CCSBORF0	3AT	3	776G>A	0	NC_000009.12:34648849:G:A	CCSBVarC007246	ENSP00000368119.4:p.Arg259Gln	GALT	ENSG00000213930	empty_AD
HsVcPillar2a6	CCSBORF300	5	CCSBORF0	3AT	3	815G>A	0	NC_000009.12:34648888:G:A	CCSBVarC000036	ENSP00000368119.4:p.Arg272His	GALT	ENSG00000213930	empty_AD
HsVcPillar2a6	CCSBORF300	5	CCSBORF0	3AT	3	833T>A	0	NC_000009.12:34649009:T:A	CCSBVarC007253	ENSP00000368119.4:p.Ile278Asn	GALT	ENSG00000213930	empty_AD
HsVcPillar2a6	CCSBORF300	5	CCSBORF0	3AT	3	855G>T	0	NC_000009.12:34649031:G:T	CCSBVarC007257	ENSP00000368119.4:p.Lys285Asn	GALT	ENSG00000213930	empty_AD
HsVcPillar2a6	CCSBORF300	5	CCSBORF0	3AT	3	865C>T	0	NC_000009.12:34649041:C:T	CCSBVarC007260	ENSP00000368119.4:p.Leu289Phe	GALT	ENSG00000213930	empty_AD
HsVcPillar2a6	CCSBORF300	5	CCSBORF0	3AT	3	866T>G	0	NC_000009.12:34649042:T:G	CCSBVarC007261	ENSP00000368119.4:p.Leu289Arg	GALT	ENSG00000213930	empty_AD
HsVcPillar2a6	CCSBORF300	5	CCSBORF0	3AT	3	881T>A	0	NC_000009.12:34649057:T:A	CCSBVarC004997	ENSP00000368119.4:p.Phe294Tyr	GALT	ENSG00000213930	empty_AD
HsVcPillar2a6	CCSBORF300	5	CCSBORF0	3AT	3	91C>A	0	NC_000009.12:34647096:C:A	CCSBVarC007142	ENSP00000368119.4:p.His31Asn	GALT	ENSG00000213930	empty_AD
HsVcPillar2a6	CCSBORF300	5	CCSBORF0	3AT	3	922G>A	0	NC_000009.12:34649426:G:A	CCSBVarC007267	ENSP00000368119.4:p.Glu308Lys	GALT	ENSG00000213930	empty_AD
HsVcPillar2a6	CCSBORF300	5	CCSBORF0	3AT	3	959C>T	0	NC_000009.12:34649463:C:T	CCSBVarC007271	ENSP00000368119.4:p.Ala320Val	GALT	ENSG00000213930	empty_AD
HsVcPillar2a6	CCSBORF300	5	CCSBORF0	3AT	3	970C>T	0	NC_000009.12:34649474:C:T	CCSBVarC005000	ENSP00000368119.4:p.Pro324Ser	GALT	ENSG00000213930	empty_AD
HsVcPillar2a6	CCSBORF300	5	CCSBORF0	3AT	3	980T>C	0	NC_000009.12:34649484:T:C	CCSBVarC007276	ENSP00000368119.4:p.Leu327Pro	GALT	ENSG00000213930	empty_AD
HsVcPillar2a6	CCSBORF300	5	CCSBORF0	3AT	3	997C>G	0	NC_000009.12:34649501:C:G	CCSBVarC007281	ENSP00000368119.4:p.Arg333Gly	GALT	ENSG00000213930	empty_AD
HsVcPillar2a6	CCSBORF3689	2	CCSBORF0	3AT	3	REF	2	NULL	NULL	NULL	GCK	ENSG00000106633	empty_AD
HsVcPillar2a6	CCSBORF3689	2	CCSBORF0	3AT	3	1130G>A	0	NC_000007.14:44145619:C:T	CCSBVarC006696	ENSP00000384247.3:p.Arg377His	GCK	ENSG00000106633	empty_AD
HsVcPillar2a6	CCSBORF3689	2	CCSBORF0	3AT	3	1133C>T	0	NC_000007.14:44145616:G:A	CCSBVarC006695	ENSP00000384247.3:p.Ala378Val	GCK	ENSG00000106633	empty_AD
HsVcPillar2a6	CCSBORF3689	2	CCSBORF0	3AT	3	1142T>G	0	NC_000007.14:44145607:A:C	CCSBVarC006698	ENSP00000384247.3:p.Met381Arg	GCK	ENSG00000106633	empty_AD
HsVcPillar2a6	CCSBORF3689	2	CCSBORF0	3AT	3	1153G>A	0	NC_000007.14:44145596:C:T	CCSBVarC006697	ENSP00000384247.3:p.Gly385Arg	GCK	ENSG00000106633	empty_AD
HsVcPillar2a6	CCSBORF3689	2	CCSBORF0	3AT	3	1160C>A	0	NC_000007.14:44145589:G:T	CCSBVarC006699	ENSP00000384247.3:p.Ala387Glu	GCK	ENSG00000106633	empty_AD
HsVcPillar2a6	CCSBORF3689	2	CCSBORF0	3AT	3	131G>A	0	NC_000007.14:44153377:C:T	CCSBVarC006686	ENSP00000384247.3:p.Gly44Asp	GCK	ENSG00000106633	empty_AD
HsVcPillar2a6	CCSBORF3689	2	CCSBORF0	3AT	3	1367C>T	0	NC_000007.14:44145166:G:A	CCSBVarC006700	ENSP00000384247.3:p.Ala456Val	GCK	ENSG00000106633	empty_AD
HsVcPillar2a6	CCSBORF3689	2	CCSBORF0	3AT	3	1386G>T	0	NC_000007.14:44145147:C:A	CCSBVarC021296	ENSP00000384247.3:p.Met462Ile	GCK	ENSG00000106633	empty_AD
HsVcPillar2a6	CCSBORF3689	2	CCSBORF0	3AT	3	523G>C	0	NC_000007.14:44150024:C:G	CCSBVarC006688	ENSP00000384247.3:p.Gly175Arg	GCK	ENSG00000106633	empty_AD
HsVcPillar2a6	CCSBORF3689	2	CCSBORF0	3AT	3	532G>C	0	NC_000007.14:44150015:C:G	CCSBVarC006687	ENSP00000384247.3:p.Gly178Arg	GCK	ENSG00000106633	empty_AD
HsVcPillar2a6	CCSBORF3689	2	CCSBORF0	3AT	3	57C>G	0	NC_000007.14:44153451:G:C	CCSBVarC021109	ENSP00000384247.3:p.Ile19Met	GCK	ENSG00000106633	empty_AD
HsVcPillar2a6	CCSBORF3689	2	CCSBORF0	3AT	3	661G>A	0	NC_000007.14:44149777:C:T	CCSBVarC006689	ENSP00000384247.3:p.Glu221Lys	GCK	ENSG00000106633	empty_AD
HsVcPillar2a6	CCSBORF3689	2	CCSBORF0	3AT	3	706G>A	0	NC_000007.14:44147806:C:T	CCSBVarC006690	ENSP00000384247.3:p.Glu236Lys	GCK	ENSG00000106633	empty_AD
HsVcPillar2a6	CCSBORF3689	2	CCSBORF0	3AT	3	752T>C	0	NC_000007.14:44147760:A:G	CCSBVarC006691	ENSP00000384247.3:p.Met251Thr	GCK	ENSG00000106633	empty_AD
HsVcPillar2a6	CCSBORF3689	2	CCSBORF0	3AT	3	758T>C	0	NC_000007.14:44147754:A:G	CCSBVarC006692	ENSP00000384247.3:p.Val253Ala	GCK	ENSG00000106633	empty_AD
HsVcPillar2a6	CCSBORF3689	2	CCSBORF0	3AT	3	775G>T	1	NC_000007.14:44147737:C:A	CCSBVarC021172	ENSP00000384247.3:p.Ala259Ser	GCK	ENSG00000106633	empty_AD
HsVcPillar2a6	CCSBORF3689	2	CCSBORF0	3AT	3	895G>C	0	NC_000007.14:44146586:C:G	CCSBVarC006694	ENSP00000384247.3:p.Gly299Arg	GCK	ENSG00000106633	empty_AD
HsVcPillar2a6	CCSBORF3689	2	CCSBORF0	3AT	3	907C>T	0	NC_000007.14:44146574:G:A	CCSBVarC006693	ENSP00000384247.3:p.Arg303Trp	GCK	ENSG00000106633	empty_AD
HsVcPillar2a6	CCSBORF5808	4	CCSBORF0	3AT	3	REF	3	NULL	NULL	NULL	HBB	ENSG00000244734	empty_AD
HsVcPillar2a6	CCSBORF5808	4	CCSBORF0	3AT	3	194G>C	0	NC_000011.10:5226697:C:G	CCSBVarC006222	ENSP00000333994.3:p.Gly65Ala	HBB	ENSG00000244734	empty_AD
HsVcPillar2a6	CCSBORF5808	4	CCSBORF0	3AT	3	238G>C	0	NC_000011.10:5226653:C:G	CCSBVarC006225	ENSP00000333994.3:p.Asp80His	HBB	ENSG00000244734	empty_AD
HsVcPillar2a6	CCSBORF5808	4	CCSBORF0	3AT	3	26A>C	0	NC_000011.10:5226995:T:G	CCSBVarC006215	ENSP00000333994.3:p.Lys9Thr	HBB	ENSG00000244734	empty_AD
HsVcPillar2a6	CCSBORF5808	4	CCSBORF0	3AT	3	302C>G	0	NC_000011.10:5226589:G:C	CCSBVarC006230	ENSP00000333994.3:p.Pro101Arg	HBB	ENSG00000244734	empty_AD
HsVcPillar2a6	CCSBORF5808	4	CCSBORF0	3AT	3	312C>G	0	NC_000011.10:5226579:G:C	CCSBVarC000906	ENSP00000333994.3:p.Phe104Leu	HBB	ENSG00000244734	empty_AD
HsVcPillar2a6	CCSBORF5808	4	CCSBORF0	3AT	3	374C>A	0	NC_000011.10:5225667:G:T	CCSBVarC006235	ENSP00000333994.3:p.Pro125Gln	HBB	ENSG00000244734	empty_AD
HsVcPillar2a6	CCSBORF5808	4	CCSBORF0	3AT	3	410G>A	0	NC_000011.10:5225631:C:T	CCSBVarC006240	ENSP00000333994.3:p.Gly137Asp	HBB	ENSG00000244734	empty_AD
HsVcPillar2a6	CCSBORF5808	4	CCSBORF0	3AT	3	44T>G	0	NC_000011.10:5226977:A:C	CCSBVarC006216	ENSP00000333994.3:p.Leu15Arg	HBB	ENSG00000244734	empty_AD
HsVcPillar2a6	CCSBORF5808	4	CCSBORF0	3AT	3	59A>G	0	NC_000011.10:5226962:T:C	CCSBVarC006217	ENSP00000333994.3:p.Asn20Ser	HBB	ENSG00000244734	empty_AD
HsVcPillar2a6	CCSBORF5808	4	CCSBORF0	3AT	3	71T>A	0	NC_000011.10:5226950:A:T	CCSBVarC006219	ENSP00000333994.3:p.Val24Asp	HBB	ENSG00000244734	empty_AD
HsVcPillar2a6	CCSBORF4765	2	CCSBORF0	3AT	3	REF	0	NULL	NULL	NULL	ITGB2	ENSG00000160255	empty_AD
HsVcPillar2a6	CCSBORF4765	2	CCSBORF0	3AT	3	1052A>G	0	NC_000021.9:44895001:T:C	CCSBVarC007537	ENSP00000498780.1:p.Asn351Ser	ITGB2	ENSG00000160255	empty_AD
HsVcPillar2a6	CCSBORF4765	2	CCSBORF0	3AT	3	106T>A	0	NC_000021.9:44910324:A:T	CCSBVarC008417	ENSP00000498780.1:p.Cys36Ser	ITGB2	ENSG00000160255	empty_AD
HsVcPillar2a6	CCSBORF4765	2	CCSBORF0	3AT	3	124G>T	0	NC_000021.9:44910306:C:A	CCSBVarC007549	ENSP00000498780.1:p.Gly42Cys	ITGB2	ENSG00000160255	empty_AD
HsVcPillar2a6	CCSBORF4765	2	CCSBORF0	3AT	3	1777C>T	0	NC_000021.9:44889375:G:A	CCSBVarC003146	ENSP00000498780.1:p.Arg593Cys	ITGB2	ENSG00000160255	empty_AD
HsVcPillar2a6	CCSBORF4765	2	CCSBORF0	3AT	3	1834T>C	0	NC_000021.9:44889318:A:G	CCSBVarC008409	ENSP00000498780.1:p.Cys612Arg	ITGB2	ENSG00000160255	empty_AD
HsVcPillar2a6	CCSBORF4765	2	CCSBORF0	3AT	3	2146G>C	0	NC_000021.9:44886836:C:G	CCSBVarC009516	ENSP00000498780.1:p.Gly716Arg	ITGB2	ENSG00000160255	empty_AD
HsVcPillar2a6	CCSBORF4765	2	CCSBORF0	3AT	3	2189G>A	0	NC_000021.9:44886793:C:T	CCSBVarC009510	ENSP00000498780.1:p.Ser730Asn	ITGB2	ENSG00000160255	empty_AD
HsVcPillar2a6	CCSBORF4765	2	CCSBORF0	3AT	3	382G>A	0	NC_000021.9:44903481:C:T	CCSBVarC008428	ENSP00000498780.1:p.Asp128Asn	ITGB2	ENSG00000160255	empty_AD
HsVcPillar2a6	CCSBORF4765	2	CCSBORF0	3AT	3	382G>T	0	NC_000021.9:44903481:C:A	CCSBVarC003144	ENSP00000498780.1:p.Asp128Tyr	ITGB2	ENSG00000160255	empty_AD
HsVcPillar2a6	CCSBORF4765	2	CCSBORF0	3AT	3	449G>A	0	NC_000021.9:44903414:C:T	CCSBVarC008419	ENSP00000498780.1:p.Gly150Asp	ITGB2	ENSG00000160255	empty_AD
HsVcPillar2a6	CCSBORF4765	2	CCSBORF0	3AT	3	505G>A	0	NC_000021.9:44901727:C:T	CCSBVarC007546	ENSP00000498780.1:p.Gly169Arg	ITGB2	ENSG00000160255	empty_AD
HsVcPillar2a6	CCSBORF4765	2	CCSBORF0	3AT	3	587A>C	0	NC_000021.9:44901645:T:G	CCSBVarC007544	ENSP00000498780.1:p.Lys196Thr	ITGB2	ENSG00000160255	empty_AD
HsVcPillar2a6	CCSBORF4765	2	CCSBORF0	3AT	3	691G>C	0	NC_000021.9:44901541:C:G	CCSBVarC008405	ENSP00000498780.1:p.Asp231His	ITGB2	ENSG00000160255	empty_AD
HsVcPillar2a6	CCSBORF4765	2	CCSBORF0	3AT	3	712G>A	0	NC_000021.9:44901520:C:T	CCSBVarC008421	ENSP00000498780.1:p.Asp238Asn	ITGB2	ENSG00000160255	empty_AD
HsVcPillar2a6	CCSBORF4765	2	CCSBORF0	3AT	3	715G>A	0	NC_000021.9:44901517:C:T	CCSBVarC007541	ENSP00000498780.1:p.Ala239Thr	ITGB2	ENSG00000160255	empty_AD
HsVcPillar2a6	CCSBORF4765	2	CCSBORF0	3AT	3	754T>C	0	NC_000021.9:44900462:A:G	CCSBVarC008394	ENSP00000498780.1:p.Trp252Arg	ITGB2	ENSG00000160255	empty_AD
HsVcPillar2a6	CCSBORF4765	2	CCSBORF0	3AT	3	817G>A	0	NC_000021.9:44900399:C:T	CCSBVarC000702	ENSP00000498780.1:p.Gly273Arg	ITGB2	ENSG00000160255	empty_AD
HsVcPillar2a6	CCSBORF4765	2	CCSBORF0	3AT	3	905C>T	0	NC_000021.9:44899154:G:A	CCSBVarC008423	ENSP00000498780.1:p.Pro302Leu	ITGB2	ENSG00000160255	empty_AD
HsVcPillar2a6	CCSBORF100016069	2	CCSBORF0	3AT	3	REF	0	NULL	NULL	NULL	KCNJ2	ENSG00000123700	empty_AD
HsVcPillar2a6	CCSBORF100016069	2	CCSBORF0	3AT	3	1045G>A	0	NC_000017.11:70176083:G:A	CCSBVarC008354	ENSP00000243457.2:p.Glu349Lys	KCNJ2	ENSG00000123700	empty_AD
HsVcPillar2a6	CCSBORF100016069	2	CCSBORF0	3AT	3	1091A>G	0	NC_000017.11:70176129:A:G	CCSBVarC008355	ENSP00000243457.2:p.Lys364Arg	KCNJ2	ENSG00000123700	empty_AD
HsVcPillar2a6	CCSBORF100016069	2	CCSBORF0	3AT	3	1199C>T	0	NC_000017.11:70176237:C:T	CCSBVarC008356	ENSP00000243457.2:p.Thr400Met	KCNJ2	ENSG00000123700	empty_AD
HsVcPillar2a6	CCSBORF100016069	2	CCSBORF0	3AT	3	119G>C	0	NC_000017.11:70175157:G:C	CCSBVarC008309	ENSP00000243457.2:p.Arg40Pro	KCNJ2	ENSG00000123700	empty_AD
HsVcPillar2a6	CCSBORF100016069	2	CCSBORF0	3AT	3	1259C>T	0	NC_000017.11:70176297:C:T	CCSBVarC008359	ENSP00000243457.2:p.Pro420Leu	KCNJ2	ENSG00000123700	empty_AD
HsVcPillar2a6	CCSBORF100016069	2	CCSBORF0	3AT	3	199C>T	0	NC_000017.11:70175237:C:T	CCSBVarC008311	ENSP00000243457.2:p.Arg67Trp	KCNJ2	ENSG00000123700	empty_AD
HsVcPillar2a6	CCSBORF100016069	2	CCSBORF0	3AT	3	211G>A	0	NC_000017.11:70175249:G:A	CCSBVarC008315	ENSP00000243457.2:p.Asp71Asn	KCNJ2	ENSG00000123700	empty_AD
HsVcPillar2a6	CCSBORF100016069	2	CCSBORF0	3AT	3	212A>T	0	NC_000017.11:70175250:A:T	CCSBVarC008317	ENSP00000243457.2:p.Asp71Val	KCNJ2	ENSG00000123700	empty_AD
HsVcPillar2a6	CCSBORF100016069	2	CCSBORF0	3AT	3	224C>G	0	NC_000017.11:70175262:C:G	CCSBVarC008318	ENSP00000243457.2:p.Thr75Arg	KCNJ2	ENSG00000123700	empty_AD
HsVcPillar2a6	CCSBORF100016069	2	CCSBORF0	3AT	3	224C>T	0	NC_000017.11:70175262:C:T	CCSBVarC008319	ENSP00000243457.2:p.Thr75Met	KCNJ2	ENSG00000123700	empty_AD
HsVcPillar2a6	CCSBORF100016069	2	CCSBORF0	3AT	3	236T>C	0	NC_000017.11:70175274:T:C	CCSBVarC008322	ENSP00000243457.2:p.Ile79Thr	KCNJ2	ENSG00000123700	empty_AD
HsVcPillar2a6	CCSBORF100016069	2	CCSBORF0	3AT	3	245G>A	0	NC_000017.11:70175283:G:A	CCSBVarC008323	ENSP00000243457.2:p.Arg82Gln	KCNJ2	ENSG00000123700	empty_AD
HsVcPillar2a6	CCSBORF100016069	2	CCSBORF0	3AT	3	328C>T	0	NC_000017.11:70175366:C:T	CCSBVarC008326	ENSP00000243457.2:p.His110Tyr	KCNJ2	ENSG00000123700	empty_AD
HsVcPillar2a6	CCSBORF100016069	2	CCSBORF0	3AT	3	344C>T	0	NC_000017.11:70175382:C:T	CCSBVarC008327	ENSP00000243457.2:p.Ala115Val	KCNJ2	ENSG00000123700	empty_AD
HsVcPillar2a6	CCSBORF100016069	2	CCSBORF0	3AT	3	416C>T	0	NC_000017.11:70175454:C:T	CCSBVarC008328	ENSP00000243457.2:p.Thr139Ile	KCNJ2	ENSG00000123700	empty_AD
HsVcPillar2a6	CCSBORF100016069	2	CCSBORF0	3AT	3	425C>T	0	NC_000017.11:70175463:C:T	CCSBVarC035507	ENSP00000243457.2:p.Thr142Ile	KCNJ2	ENSG00000123700	empty_AD
HsVcPillar2a6	CCSBORF100016069	2	CCSBORF0	3AT	3	514G>A	0	NC_000017.11:70175552:G:A	CCSBVarC008329	ENSP00000243457.2:p.Asp172Asn	KCNJ2	ENSG00000123700	empty_AD
HsVcPillar2a6	CCSBORF100016069	2	CCSBORF0	3AT	3	565A>G	0	NC_000017.11:70175603:A:G	CCSBVarC008331	ENSP00000243457.2:p.Arg189Gly	KCNJ2	ENSG00000123700	empty_AD
HsVcPillar2a6	CCSBORF100016069	2	CCSBORF0	3AT	3	644G>A	0	NC_000017.11:70175682:G:A	CCSBVarC008335	ENSP00000243457.2:p.Gly215Asp	KCNJ2	ENSG00000123700	empty_AD
HsVcPillar2a6	CCSBORF100016069	2	CCSBORF0	3AT	3	821A>T	0	NC_000017.11:70175859:A:T	CCSBVarC008340	ENSP00000243457.2:p.Asp274Val	KCNJ2	ENSG00000123700	empty_AD
HsVcPillar2a6	CCSBORF100016069	2	CCSBORF0	3AT	3	884T>C	0	NC_000017.11:70175922:T:C	CCSBVarC008341	ENSP00000243457.2:p.Val295Ala	KCNJ2	ENSG00000123700	empty_AD
HsVcPillar2a6	CCSBORF100016069	2	CCSBORF0	3AT	3	896A>T	0	NC_000017.11:70175934:A:T	CCSBVarC008342	ENSP00000243457.2:p.Glu299Val	KCNJ2	ENSG00000123700	empty_AD
HsVcPillar2a6	CCSBORF100016069	2	CCSBORF0	3AT	3	899G>A	0	NC_000017.11:70175937:G:A	CCSBVarC008343	ENSP00000243457.2:p.Gly300Asp	KCNJ2	ENSG00000123700	empty_AD
HsVcPillar2a6	CCSBORF100016069	2	CCSBORF0	3AT	3	899G>T	0	NC_000017.11:70175937:G:T	CCSBVarC008344	ENSP00000243457.2:p.Gly300Val	KCNJ2	ENSG00000123700	empty_AD
HsVcPillar2a6	CCSBORF100016069	2	CCSBORF0	3AT	3	901A>C	0	NC_000017.11:70175939:A:C	CCSBVarC008345	ENSP00000243457.2:p.Met301Leu	KCNJ2	ENSG00000123700	empty_AD
HsVcPillar2a6	CCSBORF100016069	2	CCSBORF0	3AT	3	904G>A	0	NC_000017.11:70175942:G:A	CCSBVarC008348	ENSP00000243457.2:p.Val302Met	KCNJ2	ENSG00000123700	empty_AD
HsVcPillar2a6	CCSBORF100016069	2	CCSBORF0	3AT	3	935G>A	0	NC_000017.11:70175973:G:A	CCSBVarC008349	ENSP00000243457.2:p.Arg312His	KCNJ2	ENSG00000123700	empty_AD
HsVcPillar2a6	CCSBORF100016069	2	CCSBORF0	3AT	3	966G>C	0	NC_000017.11:70176004:G:C	CCSBVarC008351	ENSP00000243457.2:p.Trp322Cys	KCNJ2	ENSG00000123700	empty_AD
HsVcPillar2a6	CCSBORF359	2	CCSBORF4616	3AT	3	REF	4366	NULL	NULL	NULL	CBS	ENSG00000160200	UBE2I
HsVcPillar2a6	CCSBORF359	2	CCSBORF4616	3AT	3	1006C>T	2	NC_000021.9:43062343:G:A	CCSBVarC007317	ENSP00000381231.4:p.Arg336Cys	CBS	ENSG00000160200	UBE2I
HsVcPillar2a6	CCSBORF359	2	CCSBORF4616	3AT	3	1039G>A	737	NC_000021.9:43062310:C:T	CCSBVarC007313	ENSP00000381231.4:p.Gly347Ser	CBS	ENSG00000160200	UBE2I
HsVcPillar2a6	CCSBORF359	2	CCSBORF4616	3AT	3	1109G>A	46	NC_000021.9:43060476:C:T	CCSBVarC007309	ENSP00000381231.4:p.Cys370Tyr	CBS	ENSG00000160200	UBE2I
HsVcPillar2a6	CCSBORF359	2	CCSBORF4616	3AT	3	1135C>T	1598	NC_000021.9:43060450:G:A	CCSBVarC007307	ENSP00000381231.4:p.Arg379Trp	CBS	ENSG00000160200	UBE2I
HsVcPillar2a6	CCSBORF359	2	CCSBORF4616	3AT	3	1280C>T	875	NC_000021.9:43058911:G:A	CCSBVarC007303	ENSP00000381231.4:p.Pro427Leu	CBS	ENSG00000160200	UBE2I
HsVcPillar2a6	CCSBORF359	2	CCSBORF4616	3AT	3	1367T>C	57	NC_000021.9:43058244:A:G	CCSBVarC000045	ENSP00000381231.4:p.Leu456Pro	CBS	ENSG00000160200	UBE2I
HsVcPillar2a6	CCSBORF359	2	CCSBORF4616	3AT	3	233C>G	39	NC_000021.9:43068591:G:C	CCSBVarC007359	ENSP00000381231.4:p.Pro78Arg	CBS	ENSG00000160200	UBE2I
HsVcPillar2a6	CCSBORF359	2	CCSBORF4616	3AT	3	262C>T	8	NC_000021.9:43068562:G:A	CCSBVarC008708	ENSP00000381231.4:p.Pro88Ser	CBS	ENSG00000160200	UBE2I
HsVcPillar2a6	CCSBORF359	2	CCSBORF4616	3AT	3	302T>C	6	NC_000021.9:43068522:A:G	CCSBVarC007354	ENSP00000381231.4:p.Leu101Pro	CBS	ENSG00000160200	UBE2I
HsVcPillar2a6	CCSBORF359	2	CCSBORF4616	3AT	3	304A>C	173	NC_000021.9:43068520:T:G	CCSBVarC008671	ENSP00000381231.4:p.Lys102Gln	CBS	ENSG00000160200	UBE2I
HsVcPillar2a6	CCSBORF359	2	CCSBORF4616	3AT	3	325T>C	18	NC_000021.9:43066368:A:G	CCSBVarC007352	ENSP00000381231.4:p.Cys109Arg	CBS	ENSG00000160200	UBE2I
HsVcPillar2a6	CCSBORF359	2	CCSBORF4616	3AT	3	346G>A	72	NC_000021.9:43066347:C:T	CCSBVarC007349	ENSP00000381231.4:p.Gly116Arg	CBS	ENSG00000160200	UBE2I
HsVcPillar2a6	CCSBORF359	2	CCSBORF4616	3AT	3	362G>A	70	NC_000021.9:43066331:C:T	CCSBVarC007346	ENSP00000381231.4:p.Arg121His	CBS	ENSG00000160200	UBE2I
HsVcPillar2a6	CCSBORF359	2	CCSBORF4616	3AT	3	373C>T	12	NC_000021.9:43066320:G:A	CCSBVarC008722	ENSP00000381231.4:p.Arg125Trp	CBS	ENSG00000160200	UBE2I
HsVcPillar2a6	CCSBORF359	2	CCSBORF4616	3AT	3	429C>G	23	NC_000021.9:43066264:G:C	CCSBVarC008694	ENSP00000381231.4:p.Ile143Met	CBS	ENSG00000160200	UBE2I
HsVcPillar2a6	CCSBORF359	2	CCSBORF4616	3AT	3	434C>T	8	NC_000021.9:43066259:G:A	CCSBVarC007339	ENSP00000381231.4:p.Pro145Leu	CBS	ENSG00000160200	UBE2I
HsVcPillar2a6	CCSBORF359	2	CCSBORF4616	3AT	3	461T>A	499	NC_000021.9:43065685:A:T	CCSBVarC000043	ENSP00000381231.4:p.Leu154Gln	CBS	ENSG00000160200	UBE2I
HsVcPillar2a6	CCSBORF359	2	CCSBORF4616	3AT	3	572C>T	72	NC_000021.9:43065480:G:A	CCSBVarC007333	ENSP00000381231.4:p.Thr191Met	CBS	ENSG00000160200	UBE2I
HsVcPillar2a6	CCSBORF359	2	CCSBORF4616	3AT	3	684C>A	354	NC_000021.9:43065254:G:T	CCSBVarC008700	ENSP00000381231.4:p.Asn228Lys	CBS	ENSG00000160200	UBE2I
HsVcPillar2a6	CCSBORF359	2	CCSBORF4616	3AT	3	785C>T	10	NC_000021.9:43063942:G:A	CCSBVarC007325	ENSP00000381231.4:p.Thr262Met	CBS	ENSG00000160200	UBE2I
HsVcPillar2a6	CCSBORF359	2	CCSBORF4616	3AT	3	919G>A	1537	NC_000021.9:43062987:C:T	CCSBVarC007321	ENSP00000381231.4:p.Gly307Ser	CBS	ENSG00000160200	UBE2I
HsVcPillar2a6	CCSBORF359	2	CCSBORF4616	3AT	3	941T>C	280	NC_000021.9:43062965:A:G	CCSBVarC008704	ENSP00000381231.4:p.Val314Ala	CBS	ENSG00000160200	UBE2I
HsVcPillar2a6	CCSBORF12573	1	CCSBORF5539	3AT	3	REF	3383	NULL	NULL	NULL	DES	ENSG00000175084	ZMYM5
HsVcPillar2a6	CCSBORF12573	1	CCSBORF5539	3AT	3	1151A>G	57	NC_000002.12:219421466:A:G	CCSBVarC028095	ENSP00000363071.3:p.His384Arg	DES	ENSG00000175084	ZMYM5
HsVcPillar2a6	CCSBORF12573	1	CCSBORF5539	3AT	3	1202A>G	191	NC_000002.12:219421517:A:G	CCSBVarC028101	ENSP00000363071.3:p.Glu401Gly	DES	ENSG00000175084	ZMYM5
HsVcPillar2a6	CCSBORF12573	1	CCSBORF5539	3AT	3	1203G>C	390	NC_000002.12:219421518:G:C	CCSBVarC028104	ENSP00000363071.3:p.Glu401Asp	DES	ENSG00000175084	ZMYM5
HsVcPillar2a6	CCSBORF12573	1	CCSBORF5539	3AT	3	1375G>A	3226	NC_000002.12:219425951:G:A	CCSBVarC028110	ENSP00000363071.3:p.Val459Ile	DES	ENSG00000175084	ZMYM5
HsVcPillar2a6	CCSBORF12573	1	CCSBORF5539	3AT	3	218G>A	2960	NC_000002.12:219418679:G:A	CCSBVarC028025	ENSP00000363071.3:p.Arg73Gln	DES	ENSG00000175084	ZMYM5
HsVcPillar2a6	CCSBORF12573	1	CCSBORF5539	3AT	3	229A>G	4051	NC_000002.12:219418690:A:G	CCSBVarC028052	ENSP00000363071.3:p.Thr77Ala	DES	ENSG00000175084	ZMYM5
HsVcPillar2a6	CCSBORF12573	1	CCSBORF5539	3AT	3	347A>G	9058	NC_000002.12:219418808:A:G	CCSBVarC028071	ENSP00000363071.3:p.Asn116Ser	DES	ENSG00000175084	ZMYM5
HsVcPillar2a6	CCSBORF12573	1	CCSBORF5539	3AT	3	460C>A	9585	NC_000002.12:219418921:C:A	CCSBVarC028077	ENSP00000363071.3:p.Leu154Ile	DES	ENSG00000175084	ZMYM5
HsVcPillar2a6	CCSBORF12573	1	CCSBORF5539	3AT	3	736G>A	2	NC_000002.12:219420494:G:A	CCSBVarC028080	ENSP00000363071.3:p.Glu246Lys	DES	ENSG00000175084	ZMYM5
HsVcPillar2a6	CCSBORF12573	1	CCSBORF5539	3AT	3	854C>T	3490	NC_000002.12:219420612:C:T	CCSBVarC028083	ENSP00000363071.3:p.Ala285Val	DES	ENSG00000175084	ZMYM5
HsVcPillar2a6	CCSBORF12573	5	CCSBORF5539	3AT	3	REF	4963	NULL	NULL	NULL	DES	ENSG00000175084	ZMYM5
HsVcPillar2a6	CCSBORF12573	5	CCSBORF5539	3AT	3	1013T>C	8	NC_000002.12:219420942:T:C	CCSBVarC007851	ENSP00000363071.3:p.Leu338Pro	DES	ENSG00000175084	ZMYM5
HsVcPillar2a6	CCSBORF12573	5	CCSBORF5539	3AT	3	1034T>C	517	NC_000002.12:219421349:T:C	CCSBVarC007856	ENSP00000363071.3:p.Leu345Pro	DES	ENSG00000175084	ZMYM5
HsVcPillar2a6	CCSBORF12573	5	CCSBORF5539	3AT	3	1038G>A	463	NC_000002.12:219421353:G:A	CCSBVarC007857	ENSP00000363071.3:p.Met346Ile	DES	ENSG00000175084	ZMYM5
HsVcPillar2a6	CCSBORF12573	5	CCSBORF5539	3AT	3	1064G>A	1585	NC_000002.12:219421379:G:A	CCSBVarC007861	ENSP00000363071.3:p.Arg355Gln	DES	ENSG00000175084	ZMYM5
HsVcPillar2a6	CCSBORF12573	5	CCSBORF5539	3AT	3	1069G>C	1084	NC_000002.12:219421384:G:C	CCSBVarC007863	ENSP00000363071.3:p.Ala357Pro	DES	ENSG00000175084	ZMYM5
HsVcPillar2a6	CCSBORF12573	5	CCSBORF5539	3AT	3	1078G>C	144	NC_000002.12:219421393:G:C	CCSBVarC007864	ENSP00000363071.3:p.Ala360Pro	DES	ENSG00000175084	ZMYM5
HsVcPillar2a6	CCSBORF12573	5	CCSBORF5539	3AT	3	1189G>A	414	NC_000002.12:219421504:G:A	CCSBVarC007873	ENSP00000363071.3:p.Ala397Thr	DES	ENSG00000175084	ZMYM5
HsVcPillar2a6	CCSBORF12573	5	CCSBORF5539	3AT	3	1237G>A	71	NC_000002.12:219421552:G:A	CCSBVarC007877	ENSP00000363071.3:p.Glu413Lys	DES	ENSG00000175084	ZMYM5
HsVcPillar2a6	CCSBORF12573	5	CCSBORF5539	3AT	3	1286G>A	683	NC_000002.12:219423817:G:A	CCSBVarC007881	ENSP00000363071.3:p.Arg429Gln	DES	ENSG00000175084	ZMYM5
HsVcPillar2a6	CCSBORF12573	5	CCSBORF5539	3AT	3	1297C>A	0	NC_000002.12:219425670:C:A	CCSBVarC007882	ENSP00000363071.3:p.Pro433Thr	DES	ENSG00000175084	ZMYM5
HsVcPillar2a6	CCSBORF12573	5	CCSBORF5539	3AT	3	1322A>T	712	NC_000002.12:219425695:A:T	CCSBVarC007884	ENSP00000363071.3:p.His441Leu	DES	ENSG00000175084	ZMYM5
HsVcPillar2a6	CCSBORF12573	5	CCSBORF5539	3AT	3	1325C>T	1115	NC_000002.12:219425698:C:T	CCSBVarC007885	ENSP00000363071.3:p.Thr442Ile	DES	ENSG00000175084	ZMYM5
HsVcPillar2a6	CCSBORF12573	5	CCSBORF5539	3AT	3	1333A>G	44	NC_000002.12:219425706:A:G	CCSBVarC006509	ENSP00000363071.3:p.Thr445Ala	DES	ENSG00000175084	ZMYM5
HsVcPillar2a6	CCSBORF12573	5	CCSBORF5539	3AT	3	1366G>A	463	NC_000002.12:219425739:G:A	CCSBVarC007891	ENSP00000363071.3:p.Gly456Arg	DES	ENSG00000175084	ZMYM5
HsVcPillar2a6	CCSBORF12573	5	CCSBORF5539	3AT	3	166G>C	1299	NC_000002.12:219418627:G:C	CCSBVarC007794	ENSP00000363071.3:p.Val56Leu	DES	ENSG00000175084	ZMYM5
HsVcPillar2a6	CCSBORF12573	5	CCSBORF5539	3AT	3	193G>A	3029	NC_000002.12:219418654:G:A	CCSBVarC007797	ENSP00000363071.3:p.Gly65Ser	DES	ENSG00000175084	ZMYM5
HsVcPillar2a6	CCSBORF12573	5	CCSBORF5539	3AT	3	212C>T	688	NC_000002.12:219418673:C:T	CCSBVarC007799	ENSP00000363071.3:p.Ala71Val	DES	ENSG00000175084	ZMYM5
HsVcPillar2a6	CCSBORF12573	5	CCSBORF5539	3AT	3	216C>A	178	NC_000002.12:219418677:C:A	CCSBVarC007800	ENSP00000363071.3:p.Ser72Arg	DES	ENSG00000175084	ZMYM5
HsVcPillar2a6	CCSBORF12573	5	CCSBORF5539	3AT	3	347A>G	195	NC_000002.12:219418808:A:G	CCSBVarC028071	ENSP00000363071.3:p.Asn116Ser	DES	ENSG00000175084	ZMYM5
HsVcPillar2a6	CCSBORF12573	5	CCSBORF5539	3AT	3	35C>T	129	NC_000002.12:219418496:C:T	CCSBVarC007782	ENSP00000363071.3:p.Ser12Phe	DES	ENSG00000175084	ZMYM5
HsVcPillar2a6	CCSBORF12573	5	CCSBORF5539	3AT	3	391C>A	1784	NC_000002.12:219418852:C:A	CCSBVarC007811	ENSP00000363071.3:p.Gln131Lys	DES	ENSG00000175084	ZMYM5
HsVcPillar2a6	CCSBORF12573	5	CCSBORF5539	3AT	3	473A>T	402	NC_000002.12:219418934:A:T	CCSBVarC007817	ENSP00000363071.3:p.Glu158Val	DES	ENSG00000175084	ZMYM5
HsVcPillar2a6	CCSBORF12573	5	CCSBORF5539	3AT	3	556G>T	1338	NC_000002.12:219419017:G:T	CCSBVarC007820	ENSP00000363071.3:p.Asp186Tyr	DES	ENSG00000175084	ZMYM5
HsVcPillar2a6	CCSBORF12573	5	CCSBORF5539	3AT	3	635G>A	376	NC_000002.12:219420150:G:A	CCSBVarC007824	ENSP00000363071.3:p.Arg212Gln	DES	ENSG00000175084	ZMYM5
HsVcPillar2a6	CCSBORF12573	5	CCSBORF5539	3AT	3	709G>A	1079	NC_000002.12:219420319:G:A	CCSBVarC007832	ENSP00000363071.3:p.Ala237Thr	DES	ENSG00000175084	ZMYM5
HsVcPillar2a6	CCSBORF12573	5	CCSBORF5539	3AT	3	727C>T	285	NC_000002.12:219420337:C:T	CCSBVarC007834	ENSP00000363071.3:p.His243Tyr	DES	ENSG00000175084	ZMYM5
HsVcPillar2a6	CCSBORF12573	5	CCSBORF5539	3AT	3	883T>G	245	NC_000002.12:219420641:T:G	CCSBVarC007841	ENSP00000363071.3:p.Trp295Gly	DES	ENSG00000175084	ZMYM5
HsVcPillar2a6	CCSBORF12573	5	CCSBORF5539	3AT	3	934G>A	665	NC_000002.12:219420863:G:A	CCSBVarC006505	ENSP00000363071.3:p.Asp312Asn	DES	ENSG00000175084	ZMYM5
HsVcPillar2a6	CCSBORF12573	5	CCSBORF5539	3AT	3	937G>A	4030	NC_000002.12:219420866:G:A	CCSBVarC007843	ENSP00000363071.3:p.Ala313Thr	DES	ENSG00000175084	ZMYM5
HsVcPillar2a6	CCSBORF12573	5	CCSBORF5539	3AT	3	97C>T	1665	NC_000002.12:219418558:C:T	CCSBVarC007788	ENSP00000363071.3:p.Pro33Ser	DES	ENSG00000175084	ZMYM5
HsVcPillar2a6	CCSBORF12573	5	CCSBORF5539	3AT	3	986A>C	167	NC_000002.12:219420915:A:C	CCSBVarC007848	ENSP00000363071.3:p.Gln329Pro	DES	ENSG00000175084	ZMYM5
HsVcPillar2a6	CCSBORF300	2	CCSBORF8190	3AT	3	REF	3648	NULL	NULL	NULL	GALT	ENSG00000213930	UBTD2
HsVcPillar2a6	CCSBORF300	2	CCSBORF8190	3AT	3	1001A>G	49	NC_000009.12:34649505:A:G	CCSBVarC007284	ENSP00000368119.4:p.Lys334Arg	GALT	ENSG00000213930	UBTD2
HsVcPillar2a6	CCSBORF300	2	CCSBORF8190	3AT	3	1006A>T	4	NC_000009.12:34649510:A:T	CCSBVarC007286	ENSP00000368119.4:p.Met336Leu	GALT	ENSG00000213930	UBTD2
HsVcPillar2a6	CCSBORF300	2	CCSBORF8190	3AT	3	100T>A	1	NC_000009.12:34647105:T:A	CCSBVarC000034	ENSP00000368119.4:p.Tyr34Asn	GALT	ENSG00000213930	UBTD2
HsVcPillar2a6	CCSBORF300	2	CCSBORF8190	3AT	3	1034C>A	5691	NC_000009.12:34649538:C:A	CCSBVarC007290	ENSP00000368119.4:p.Ala345Asp	GALT	ENSG00000213930	UBTD2
HsVcPillar2a6	CCSBORF300	2	CCSBORF8190	3AT	3	1081C>T	1307	NC_000009.12:34650389:C:T	CCSBVarC007292	ENSP00000368119.4:p.Leu361Phe	GALT	ENSG00000213930	UBTD2
HsVcPillar2a6	CCSBORF300	2	CCSBORF8190	3AT	3	265T>C	13	NC_000009.12:34647503:T:C	CCSBVarC004978	ENSP00000368119.4:p.Tyr89His	GALT	ENSG00000213930	UBTD2
HsVcPillar2a6	CCSBORF300	2	CCSBORF8190	3AT	3	385A>T	3171	NC_000009.12:34647838:A:T	CCSBVarC007175	ENSP00000368119.4:p.Met129Leu	GALT	ENSG00000213930	UBTD2
HsVcPillar2a6	CCSBORF300	2	CCSBORF8190	3AT	3	392T>G	19	NC_000009.12:34647845:T:G	CCSBVarC007179	ENSP00000368119.4:p.Phe131Cys	GALT	ENSG00000213930	UBTD2
HsVcPillar2a6	CCSBORF300	2	CCSBORF8190	3AT	3	406G>T	2680	NC_000009.12:34647859:G:T	CCSBVarC007183	ENSP00000368119.4:p.Asp136Tyr	GALT	ENSG00000213930	UBTD2
HsVcPillar2a6	CCSBORF300	2	CCSBORF8190	3AT	3	428C>T	1228	NC_000009.12:34647881:C:T	CCSBVarC007189	ENSP00000368119.4:p.Ser143Leu	GALT	ENSG00000213930	UBTD2
HsVcPillar2a6	CCSBORF300	2	CCSBORF8190	3AT	3	460T>C	13	NC_000009.12:34647913:T:C	CCSBVarC007195	ENSP00000368119.4:p.Trp154Arg	GALT	ENSG00000213930	UBTD2
HsVcPillar2a6	CCSBORF300	2	CCSBORF8190	3AT	3	482T>C	18	NC_000009.12:34647935:T:C	CCSBVarC007197	ENSP00000368119.4:p.Leu161Pro	GALT	ENSG00000213930	UBTD2
HsVcPillar2a6	CCSBORF300	2	CCSBORF8190	3AT	3	496C>G	2217	NC_000009.12:34647949:C:G	CCSBVarC007198	ENSP00000368119.4:p.Pro166Ala	GALT	ENSG00000213930	UBTD2
HsVcPillar2a6	CCSBORF300	2	CCSBORF8190	3AT	3	533T>G	27	NC_000009.12:34648139:T:G	CCSBVarC018002	ENSP00000368119.4:p.Met178Arg	GALT	ENSG00000213930	UBTD2
HsVcPillar2a6	CCSBORF300	2	CCSBORF8190	3AT	3	536G>A	119	NC_000009.12:34648142:G:A	CCSBVarC004984	ENSP00000368119.4:p.Gly179Asp	GALT	ENSG00000213930	UBTD2
HsVcPillar2a6	CCSBORF300	2	CCSBORF8190	3AT	3	539G>T	12	NC_000009.12:34648145:G:T	CCSBVarC007206	ENSP00000368119.4:p.Cys180Phe	GALT	ENSG00000213930	UBTD2
HsVcPillar2a6	CCSBORF300	2	CCSBORF8190	3AT	3	605A>C	8	NC_000009.12:34648373:A:C	CCSBVarC007224	ENSP00000368119.4:p.Glu202Ala	GALT	ENSG00000213930	UBTD2
HsVcPillar2a6	CCSBORF300	2	CCSBORF8190	3AT	3	607G>A	10678	NC_000009.12:34648375:G:A	CCSBVarC007225	ENSP00000368119.4:p.Glu203Lys	GALT	ENSG00000213930	UBTD2
HsVcPillar2a6	CCSBORF300	2	CCSBORF8190	3AT	3	635A>C	13991	NC_000009.12:34648403:A:C	CCSBVarC007228	ENSP00000368119.4:p.Gln212Pro	GALT	ENSG00000213930	UBTD2
HsVcPillar2a6	CCSBORF300	2	CCSBORF8190	3AT	3	683G>C	2	NC_000009.12:34648451:G:C	CCSBVarC007234	ENSP00000368119.4:p.Arg228Thr	GALT	ENSG00000213930	UBTD2
HsVcPillar2a6	CCSBORF300	2	CCSBORF8190	3AT	3	82G>T	8312	NC_000009.12:34646785:G:T	CCSBVarC007140	ENSP00000368119.4:p.Asp28Tyr	GALT	ENSG00000213930	UBTD2
HsVcPillar2a6	CCSBORF300	2	CCSBORF8190	3AT	3	854A>G	3881	NC_000009.12:34649030:A:G	CCSBVarC007256	ENSP00000368119.4:p.Lys285Arg	GALT	ENSG00000213930	UBTD2
HsVcPillar2a6	CCSBORF300	2	CCSBORF8190	3AT	3	857A>G	17	NC_000009.12:34649033:A:G	CCSBVarC007258	ENSP00000368119.4:p.Tyr286Cys	GALT	ENSG00000213930	UBTD2
HsVcPillar2a6	CCSBORF300	2	CCSBORF8190	3AT	3	864C>A	1431	NC_000009.12:34649040:C:A	CCSBVarC007259	ENSP00000368119.4:p.Asn288Lys	GALT	ENSG00000213930	UBTD2
HsVcPillar2a6	CCSBORF300	2	CCSBORF8190	3AT	3	871G>A	3023	NC_000009.12:34649047:G:A	CCSBVarC007262	ENSP00000368119.4:p.Glu291Lys	GALT	ENSG00000213930	UBTD2
HsVcPillar2a6	CCSBORF300	2	CCSBORF8190	3AT	3	872A>T	8751	NC_000009.12:34649048:A:T	CCSBVarC004996	ENSP00000368119.4:p.Glu291Val	GALT	ENSG00000213930	UBTD2
HsVcPillar2a6	CCSBORF300	2	CCSBORF8190	3AT	3	883C>A	9	NC_000009.12:34649059:C:A	CCSBVarC007264	ENSP00000368119.4:p.Pro295Thr	GALT	ENSG00000213930	UBTD2
HsVcPillar2a6	CCSBORF300	2	CCSBORF8190	3AT	3	902A>G	7	NC_000009.12:34649078:A:G	CCSBVarC007266	ENSP00000368119.4:p.His301Arg	GALT	ENSG00000213930	UBTD2
HsVcPillar2a6	CCSBORF300	2	CCSBORF8190	3AT	3	974C>T	81	NC_000009.12:34649478:C:T	CCSBVarC007275	ENSP00000368119.4:p.Pro325Leu	GALT	ENSG00000213930	UBTD2
HsVcPillar2a6	CCSBORF300	2	CCSBORF8190	3AT	3	985T>C	12	NC_000009.12:34649489:T:C	CCSBVarC007279	ENSP00000368119.4:p.Ser329Pro	GALT	ENSG00000213930	UBTD2
HsVcPillar2a6	CCSBORF300	2	CCSBORF8190	3AT	3	998G>A	1472	NC_000009.12:34649502:G:A	CCSBVarC005002	ENSP00000368119.4:p.Arg333Gln	GALT	ENSG00000213930	UBTD2
HsVcPillar2a6	CCSBORF300	6	CCSBORF8190	3AT	3	REF	1924	NULL	NULL	NULL	GALT	ENSG00000213930	UBTD2
HsVcPillar2a6	CCSBORF300	6	CCSBORF8190	3AT	3	1006A>G	12	NC_000009.12:34649510:A:G	CCSBVarC007285	ENSP00000368119.4:p.Met336Val	GALT	ENSG00000213930	UBTD2
HsVcPillar2a6	CCSBORF300	6	CCSBORF8190	3AT	3	134C>T	5530	NC_000009.12:34647139:C:T	CCSBVarC007148	ENSP00000368119.4:p.Ser45Leu	GALT	ENSG00000213930	UBTD2
HsVcPillar2a6	CCSBORF300	6	CCSBORF8190	3AT	3	241G>C	1619	NC_000009.12:34647246:G:C	CCSBVarC017970	ENSP00000368119.4:p.Ala81Pro	GALT	ENSG00000213930	UBTD2
HsVcPillar2a6	CCSBORF300	6	CCSBORF8190	3AT	3	277T>A	13485	NC_000009.12:34647515:T:A	CCSBVarC007161	ENSP00000368119.4:p.Phe93Ile	GALT	ENSG00000213930	UBTD2
HsVcPillar2a6	CCSBORF300	6	CCSBORF8190	3AT	3	290A>G	10601	NC_000009.12:34647528:A:G	CCSBVarC007163	ENSP00000368119.4:p.Asn97Ser	GALT	ENSG00000213930	UBTD2
HsVcPillar2a6	CCSBORF300	6	CCSBORF8190	3AT	3	337G>A	26289	NC_000009.12:34647664:G:A	CCSBVarC004979	ENSP00000368119.4:p.Asp113Asn	GALT	ENSG00000213930	UBTD2
HsVcPillar2a6	CCSBORF300	6	CCSBORF8190	3AT	3	354A>C	5	NC_000009.12:34647681:A:C	CCSBVarC007170	ENSP00000368119.4:p.Gln118His	GALT	ENSG00000213930	UBTD2
HsVcPillar2a6	CCSBORF300	6	CCSBORF8190	3AT	3	424A>G	283	NC_000009.12:34647877:A:G	CCSBVarC007186	ENSP00000368119.4:p.Met142Val	GALT	ENSG00000213930	UBTD2
HsVcPillar2a6	CCSBORF300	6	CCSBORF8190	3AT	3	425T>C	911	NC_000009.12:34647878:T:C	CCSBVarC007188	ENSP00000368119.4:p.Met142Thr	GALT	ENSG00000213930	UBTD2
HsVcPillar2a6	CCSBORF300	6	CCSBORF8190	3AT	3	443G>A	15	NC_000009.12:34647896:G:A	CCSBVarC007192	ENSP00000368119.4:p.Arg148Gln	GALT	ENSG00000213930	UBTD2
HsVcPillar2a6	CCSBORF300	6	CCSBORF8190	3AT	3	448G>C	578	NC_000009.12:34647901:G:C	CCSBVarC007193	ENSP00000368119.4:p.Val150Leu	GALT	ENSG00000213930	UBTD2
HsVcPillar2a6	CCSBORF300	6	CCSBORF8190	3AT	3	452T>C	29	NC_000009.12:34647905:T:C	CCSBVarC007194	ENSP00000368119.4:p.Val151Ala	GALT	ENSG00000213930	UBTD2
HsVcPillar2a6	CCSBORF300	6	CCSBORF8190	3AT	3	524G>A	2	NC_000009.12:34648130:G:A	CCSBVarC000035	ENSP00000368119.4:p.Gly175Asp	GALT	ENSG00000213930	UBTD2
HsVcPillar2a6	CCSBORF300	6	CCSBORF8190	3AT	3	539G>A	16	NC_000009.12:34648145:G:A	CCSBVarC007205	ENSP00000368119.4:p.Cys180Tyr	GALT	ENSG00000213930	UBTD2
HsVcPillar2a6	CCSBORF300	6	CCSBORF8190	3AT	3	541T>G	3	NC_000009.12:34648147:T:G	CCSBVarC007207	ENSP00000368119.4:p.Ser181Ala	GALT	ENSG00000213930	UBTD2
HsVcPillar2a6	CCSBORF300	6	CCSBORF8190	3AT	3	553C>T	4616	NC_000009.12:34648159:C:T	CCSBVarC007211	ENSP00000368119.4:p.Pro185Ser	GALT	ENSG00000213930	UBTD2
HsVcPillar2a6	CCSBORF300	6	CCSBORF8190	3AT	3	554C>A	609	NC_000009.12:34648160:C:A	CCSBVarC004986	ENSP00000368119.4:p.Pro185His	GALT	ENSG00000213930	UBTD2
HsVcPillar2a6	CCSBORF300	6	CCSBORF8190	3AT	3	554C>T	235	NC_000009.12:34648160:C:T	CCSBVarC007212	ENSP00000368119.4:p.Pro185Leu	GALT	ENSG00000213930	UBTD2
HsVcPillar2a6	CCSBORF300	6	CCSBORF8190	3AT	3	558C>A	7	NC_000009.12:34648164:C:A	CCSBVarC007213	ENSP00000368119.4:p.His186Gln	GALT	ENSG00000213930	UBTD2
HsVcPillar2a6	CCSBORF300	6	CCSBORF8190	3AT	3	562C>A	4	NC_000009.12:34648168:C:A	CCSBVarC007214	ENSP00000368119.4:p.Gln188Lys	GALT	ENSG00000213930	UBTD2
HsVcPillar2a6	CCSBORF300	6	CCSBORF8190	3AT	3	563A>G	12	NC_000009.12:34648169:A:G	CCSBVarC007215	ENSP00000368119.4:p.Gln188Arg	GALT	ENSG00000213930	UBTD2
HsVcPillar2a6	CCSBORF300	6	CCSBORF8190	3AT	3	574A>G	6306	NC_000009.12:34648342:A:G	CCSBVarC004988	ENSP00000368119.4:p.Ser192Gly	GALT	ENSG00000213930	UBTD2
HsVcPillar2a6	CCSBORF300	6	CCSBORF8190	3AT	3	595G>A	0	NC_000009.12:34648363:G:A	CCSBVarC004990	ENSP00000368119.4:p.Ala199Thr	GALT	ENSG00000213930	UBTD2
HsVcPillar2a6	CCSBORF300	6	CCSBORF8190	3AT	3	748C>A	4	NC_000009.12:34648821:C:A	CCSBVarC007240	ENSP00000368119.4:p.Pro250Thr	GALT	ENSG00000213930	UBTD2
HsVcPillar2a6	CCSBORF300	6	CCSBORF8190	3AT	3	752A>G	110	NC_000009.12:34648825:A:G	CCSBVarC007242	ENSP00000368119.4:p.Tyr251Cys	GALT	ENSG00000213930	UBTD2
HsVcPillar2a6	CCSBORF300	6	CCSBORF8190	3AT	3	770C>T	1	NC_000009.12:34648843:C:T	CCSBVarC007244	ENSP00000368119.4:p.Pro257Leu	GALT	ENSG00000213930	UBTD2
HsVcPillar2a6	CCSBORF300	6	CCSBORF8190	3AT	3	772C>T	2054	NC_000009.12:34648845:C:T	CCSBVarC004995	ENSP00000368119.4:p.Arg258Cys	GALT	ENSG00000213930	UBTD2
HsVcPillar2a6	CCSBORF300	6	CCSBORF8190	3AT	3	785G>C	2590	NC_000009.12:34648858:G:C	CCSBVarC007247	ENSP00000368119.4:p.Arg262Pro	GALT	ENSG00000213930	UBTD2
HsVcPillar2a6	CCSBORF300	6	CCSBORF8190	3AT	3	812A>G	13	NC_000009.12:34648885:A:G	CCSBVarC007250	ENSP00000368119.4:p.Glu271Gly	GALT	ENSG00000213930	UBTD2
HsVcPillar2a6	CCSBORF300	6	CCSBORF8190	3AT	3	951G>T	3128	NC_000009.12:34649455:G:T	CCSBVarC007269	ENSP00000368119.4:p.Gln317His	GALT	ENSG00000213930	UBTD2
HsVcPillar2a6	CCSBORF300	6	CCSBORF8190	3AT	3	957C>A	3	NC_000009.12:34649461:C:A	CCSBVarC007270	ENSP00000368119.4:p.His319Gln	GALT	ENSG00000213930	UBTD2
HsVcPillar2a6	CCSBORF300	6	CCSBORF8190	3AT	3	967T>C	21	NC_000009.12:34649471:T:C	CCSBVarC007273	ENSP00000368119.4:p.Tyr323His	GALT	ENSG00000213930	UBTD2
HsVcPillar2a6	CCSBORF300	6	CCSBORF8190	3AT	3	998G>T	15	NC_000009.12:34649502:G:T	CCSBVarC007283	ENSP00000368119.4:p.Arg333Leu	GALT	ENSG00000213930	UBTD2
HsVcPillar2a6	CCSBORF5808	1	CCSBORF8297	3AT	3	REF	24131	NULL	NULL	NULL	HBB	ENSG00000244734	HBZ
HsVcPillar2a6	CCSBORF5808	1	CCSBORF8297	3AT	3	140G>A	60	NC_000011.10:5226751:C:T	CCSBVarC010096	ENSP00000333994.3:p.Gly47Glu	HBB	ENSG00000244734	HBZ
HsVcPillar2a6	CCSBORF5808	1	CCSBORF8297	3AT	3	176C>G	29	NC_000011.10:5226715:G:C	CCSBVarC010190	ENSP00000333994.3:p.Pro59Arg	HBB	ENSG00000244734	HBZ
HsVcPillar2a6	CCSBORF5808	1	CCSBORF8297	3AT	3	186G>C	13	NC_000011.10:5226705:C:G	CCSBVarC010131	ENSP00000333994.3:p.Lys62Asn	HBB	ENSG00000244734	HBZ
HsVcPillar2a6	CCSBORF5808	1	CCSBORF8297	3AT	3	190C>T	32	NC_000011.10:5226701:G:A	CCSBVarC010155	ENSP00000333994.3:p.His64Tyr	HBB	ENSG00000244734	HBZ
HsVcPillar2a6	CCSBORF5808	1	CCSBORF8297	3AT	3	212C>T	333	NC_000011.10:5226679:G:A	CCSBVarC006223	ENSP00000333994.3:p.Ala71Val	HBB	ENSG00000244734	HBZ
HsVcPillar2a6	CCSBORF5808	1	CCSBORF8297	3AT	3	23A>G	59	NC_000011.10:5226998:T:C	CCSBVarC006214	ENSP00000333994.3:p.Glu8Gly	HBB	ENSG00000244734	HBZ
HsVcPillar2a6	CCSBORF5808	1	CCSBORF8297	3AT	3	247A>G	21771	NC_000011.10:5226644:T:C	CCSBVarC010174	ENSP00000333994.3:p.Lys83Glu	HBB	ENSG00000244734	HBZ
HsVcPillar2a6	CCSBORF5808	1	CCSBORF8297	3AT	3	275T>C	31	NC_000011.10:5226616:A:G	CCSBVarC010206	ENSP00000333994.3:p.Leu92Pro	HBB	ENSG00000244734	HBZ
HsVcPillar2a6	CCSBORF5808	1	CCSBORF8297	3AT	3	289C>G	28	NC_000011.10:5226602:G:C	CCSBVarC006227	ENSP00000333994.3:p.Leu97Val	HBB	ENSG00000244734	HBZ
HsVcPillar2a6	CCSBORF5808	1	CCSBORF8297	3AT	3	308A>C	34017	NC_000011.10:5226583:T:G	CCSBVarC010077	ENSP00000333994.3:p.Asn103Thr	HBB	ENSG00000244734	HBZ
HsVcPillar2a6	CCSBORF5808	1	CCSBORF8297	3AT	3	312C>G	46	NC_000011.10:5226579:G:C	CCSBVarC000906	ENSP00000333994.3:p.Phe104Leu	HBB	ENSG00000244734	HBZ
HsVcPillar2a6	CCSBORF5808	1	CCSBORF8297	3AT	3	325A>G	33759	NC_000011.10:5225716:T:C	CCSBVarC006231	ENSP00000333994.3:p.Asn109Asp	HBB	ENSG00000244734	HBZ
HsVcPillar2a6	CCSBORF5808	1	CCSBORF8297	3AT	3	334G>C	23288	NC_000011.10:5225707:C:G	CCSBVarC010111	ENSP00000333994.3:p.Val112Leu	HBB	ENSG00000244734	HBZ
HsVcPillar2a6	CCSBORF5808	1	CCSBORF8297	3AT	3	364G>A	96	NC_000011.10:5225677:C:T	CCSBVarC006234	ENSP00000333994.3:p.Glu122Lys	HBB	ENSG00000244734	HBZ
HsVcPillar2a6	CCSBORF5808	1	CCSBORF8297	3AT	3	373C>A	12	NC_000011.10:5225668:G:T	CCSBVarC010085	ENSP00000333994.3:p.Pro125Thr	HBB	ENSG00000244734	HBZ
HsVcPillar2a6	CCSBORF5808	1	CCSBORF8297	3AT	3	383A>C	82	NC_000011.10:5225658:T:G	CCSBVarC006238	ENSP00000333994.3:p.Gln128Pro	HBB	ENSG00000244734	HBZ
HsVcPillar2a6	CCSBORF5808	1	CCSBORF8297	3AT	3	404T>A	25	NC_000011.10:5225637:A:T	CCSBVarC010200	ENSP00000333994.3:p.Val135Glu	HBB	ENSG00000244734	HBZ
HsVcPillar2a6	CCSBORF5808	1	CCSBORF8297	3AT	3	60C>A	26	NC_000011.10:5226961:G:T	CCSBVarC010117	ENSP00000333994.3:p.Asn20Lys	HBB	ENSG00000244734	HBZ
HsVcPillar2a6	CCSBORF5808	1	CCSBORF8297	3AT	3	61G>A	5094	NC_000011.10:5226960:C:T	CCSBVarC010146	ENSP00000333994.3:p.Val21Met	HBB	ENSG00000244734	HBZ
HsVcPillar2a6	CCSBORF5808	1	CCSBORF8297	3AT	3	64G>T	21	NC_000011.10:5226957:C:A	CCSBVarC010104	ENSP00000333994.3:p.Asp22Tyr	HBB	ENSG00000244734	HBZ
HsVcPillar2a6	CCSBORF5808	1	CCSBORF8297	3AT	3	70G>A	2292	NC_000011.10:5226951:C:T	CCSBVarC006218	ENSP00000333994.3:p.Val24Ile	HBB	ENSG00000244734	HBZ
HsVcPillar2a6	CCSBORF5808	1	CCSBORF8297	3AT	3	80A>G	30	NC_000011.10:5226941:T:C	CCSBVarC010222	ENSP00000333994.3:p.Glu27Gly	HBB	ENSG00000244734	HBZ
HsVcPillar2a6	CCSBORF5808	1	CCSBORF8297	3AT	3	8A>G	22	NC_000011.10:5227013:T:C	CCSBVarC010138	ENSP00000333994.3:p.His3Arg	HBB	ENSG00000244734	HBZ
HsVcPillar2a6	CCSBORF4765	1	CCSBORF11621	3AT	3	REF	7	NULL	NULL	NULL	ITGB2	ENSG00000160255	MTIF3
HsVcPillar2a6	CCSBORF4765	1	CCSBORF11621	3AT	3	1021G>C	1	NC_000021.9:44895032:C:G	CCSBVarC008390	ENSP00000498780.1:p.Ala341Pro	ITGB2	ENSG00000160255	MTIF3
HsVcPillar2a6	CCSBORF4765	1	CCSBORF11621	3AT	3	1172C>T	0	NC_000021.9:44893455:G:A	CCSBVarC007536	ENSP00000498780.1:p.Thr391Met	ITGB2	ENSG00000160255	MTIF3
HsVcPillar2a6	CCSBORF4765	1	CCSBORF11621	3AT	3	130A>C	0	NC_000021.9:44910300:T:G	CCSBVarC008418	ENSP00000498780.1:p.Thr44Pro	ITGB2	ENSG00000160255	MTIF3
HsVcPillar2a6	CCSBORF4765	1	CCSBORF11621	3AT	3	1670G>C	0	NC_000021.9:44889482:C:G	CCSBVarC008425	ENSP00000498780.1:p.Cys557Ser	ITGB2	ENSG00000160255	MTIF3
HsVcPillar2a6	CCSBORF4765	1	CCSBORF11621	3AT	3	1756C>T	0	NC_000021.9:44889396:G:A	CCSBVarC008429	ENSP00000498780.1:p.Arg586Trp	ITGB2	ENSG00000160255	MTIF3
HsVcPillar2a6	CCSBORF4765	1	CCSBORF11621	3AT	3	1768T>C	0	NC_000021.9:44889384:A:G	CCSBVarC000703	ENSP00000498780.1:p.Cys590Arg	ITGB2	ENSG00000160255	MTIF3
HsVcPillar2a6	CCSBORF4765	1	CCSBORF11621	3AT	3	1835G>T	0	NC_000021.9:44889317:C:A	CCSBVarC009514	ENSP00000498780.1:p.Cys612Phe	ITGB2	ENSG00000160255	MTIF3
HsVcPillar2a6	CCSBORF4765	1	CCSBORF11621	3AT	3	2147G>C	0	NC_000021.9:44886835:C:G	CCSBVarC008410	ENSP00000498780.1:p.Gly716Ala	ITGB2	ENSG00000160255	MTIF3
HsVcPillar2a6	CCSBORF4765	1	CCSBORF11621	3AT	3	229G>A	0	NC_000021.9:44907013:C:T	CCSBVarC008408	ENSP00000498780.1:p.Asp77Asn	ITGB2	ENSG00000160255	MTIF3
HsVcPillar2a6	CCSBORF4765	1	CCSBORF11621	3AT	3	392A>C	0	NC_000021.9:44903471:T:G	CCSBVarC008404	ENSP00000498780.1:p.Tyr131Ser	ITGB2	ENSG00000160255	MTIF3
HsVcPillar2a6	CCSBORF4765	1	CCSBORF11621	3AT	3	412T>C	0	NC_000021.9:44903451:A:G	CCSBVarC000701	ENSP00000498780.1:p.Ser138Pro	ITGB2	ENSG00000160255	MTIF3
HsVcPillar2a6	CCSBORF4765	1	CCSBORF11621	3AT	3	446T>C	0	NC_000021.9:44903417:A:G	CCSBVarC007547	ENSP00000498780.1:p.Leu149Pro	ITGB2	ENSG00000160255	MTIF3
HsVcPillar2a6	CCSBORF4765	1	CCSBORF11621	3AT	3	520A>G	0	NC_000021.9:44901712:T:C	CCSBVarC008420	ENSP00000498780.1:p.Lys174Glu	ITGB2	ENSG00000160255	MTIF3
HsVcPillar2a6	CCSBORF4765	1	CCSBORF11621	3AT	3	533C>T	0	NC_000021.9:44901699:G:A	CCSBVarC007545	ENSP00000498780.1:p.Pro178Leu	ITGB2	ENSG00000160255	MTIF3
HsVcPillar2a6	CCSBORF4765	1	CCSBORF11621	3AT	3	706G>A	0	NC_000021.9:44901526:C:T	CCSBVarC007542	ENSP00000498780.1:p.Gly236Arg	ITGB2	ENSG00000160255	MTIF3
HsVcPillar2a6	CCSBORF4765	1	CCSBORF11621	3AT	3	769C>T	0	NC_000021.9:44900447:G:A	CCSBVarC008422	ENSP00000498780.1:p.Arg257Trp	ITGB2	ENSG00000160255	MTIF3
HsVcPillar2a6	CCSBORF4765	1	CCSBORF11621	3AT	3	850G>A	0	NC_000021.9:44900366:C:T	CCSBVarC007539	ENSP00000498780.1:p.Gly284Ser	ITGB2	ENSG00000160255	MTIF3
HsVcPillar2a6	CCSBORF4765	1	CCSBORF11621	3AT	3	899A>T	0	NC_000021.9:44899160:T:A	CCSBVarC003145	ENSP00000498780.1:p.Asp300Val	ITGB2	ENSG00000160255	MTIF3
HsVcPillar2a6	CCSBORF4765	3	CCSBORF11621	3AT	3	REF	0	NULL	NULL	NULL	ITGB2	ENSG00000160255	MTIF3
HsVcPillar2a6	CCSBORF4765	3	CCSBORF11621	3AT	3	130A>C	0	NC_000021.9:44910300:T:G	CCSBVarC008418	ENSP00000498780.1:p.Thr44Pro	ITGB2	ENSG00000160255	MTIF3
HsVcPillar2a6	CCSBORF4765	3	CCSBORF11621	3AT	3	1324C>T	0	NC_000021.9:44891896:G:A	CCSBVarC007535	ENSP00000498780.1:p.Leu442Phe	ITGB2	ENSG00000160255	MTIF3
HsVcPillar2a6	CCSBORF4765	3	CCSBORF11621	3AT	3	1358G>A	0	NC_000021.9:44891862:C:T	CCSBVarC008424	ENSP00000498780.1:p.Ser453Asn	ITGB2	ENSG00000160255	MTIF3
HsVcPillar2a6	CCSBORF4765	3	CCSBORF11621	3AT	3	1642G>T	0	NC_000021.9:44889992:C:A	CCSBVarC007534	ENSP00000498780.1:p.Val548Phe	ITGB2	ENSG00000160255	MTIF3
HsVcPillar2a6	CCSBORF4765	3	CCSBORF11621	3AT	3	1670G>C	0	NC_000021.9:44889482:C:G	CCSBVarC008425	ENSP00000498780.1:p.Cys557Ser	ITGB2	ENSG00000160255	MTIF3
HsVcPillar2a6	CCSBORF4765	3	CCSBORF11621	3AT	3	1697C>T	0	NC_000021.9:44889455:G:A	CCSBVarC007533	ENSP00000498780.1:p.Pro566Leu	ITGB2	ENSG00000160255	MTIF3
HsVcPillar2a6	CCSBORF4765	3	CCSBORF11621	3AT	3	1768T>C	0	NC_000021.9:44889384:A:G	CCSBVarC000703	ENSP00000498780.1:p.Cys590Arg	ITGB2	ENSG00000160255	MTIF3
HsVcPillar2a6	CCSBORF4765	3	CCSBORF11621	3AT	3	2210G>A	0	NC_000021.9:44886772:C:T	CCSBVarC007532	ENSP00000498780.1:p.Arg737His	ITGB2	ENSG00000160255	MTIF3
HsVcPillar2a6	CCSBORF4765	3	CCSBORF11621	3AT	3	253G>A	0	NC_000021.9:44906989:C:T	CCSBVarC007548	ENSP00000498780.1:p.Ala85Thr	ITGB2	ENSG00000160255	MTIF3
HsVcPillar2a6	CCSBORF4765	3	CCSBORF11621	3AT	3	400G>A	0	NC_000021.9:44903463:C:T	CCSBVarC008399	ENSP00000498780.1:p.Asp134Asn	ITGB2	ENSG00000160255	MTIF3
HsVcPillar2a6	CCSBORF4765	3	CCSBORF11621	3AT	3	587A>C	0	NC_000021.9:44901645:T:G	CCSBVarC007544	ENSP00000498780.1:p.Lys196Thr	ITGB2	ENSG00000160255	MTIF3
HsVcPillar2a6	CCSBORF4765	3	CCSBORF11621	3AT	3	589G>A	0	NC_000021.9:44901643:C:T	CCSBVarC007543	ENSP00000498780.1:p.Glu197Lys	ITGB2	ENSG00000160255	MTIF3
HsVcPillar2a6	CCSBORF4765	3	CCSBORF11621	3AT	3	706G>A	0	NC_000021.9:44901526:C:T	CCSBVarC007542	ENSP00000498780.1:p.Gly236Arg	ITGB2	ENSG00000160255	MTIF3
HsVcPillar2a6	CCSBORF4765	3	CCSBORF11621	3AT	3	809C>T	0	NC_000021.9:44900407:G:A	CCSBVarC008389	ENSP00000498780.1:p.Ala270Val	ITGB2	ENSG00000160255	MTIF3
HsVcPillar2a6	CCSBORF4765	3	CCSBORF11621	3AT	3	847G>A	0	NC_000021.9:44900369:C:T	CCSBVarC007540	ENSP00000498780.1:p.Asp283Asn	ITGB2	ENSG00000160255	MTIF3
HsVcPillar2a6	CCSBORF4765	3	CCSBORF11621	3AT	3	853C>T	0	NC_000021.9:44900363:G:A	CCSBVarC007538	ENSP00000498780.1:p.Arg285Cys	ITGB2	ENSG00000160255	MTIF3
HsVcPillar2a6	CCSBORF4765	3	CCSBORF11621	3AT	3	899A>T	0	NC_000021.9:44899160:T:A	CCSBVarC003145	ENSP00000498780.1:p.Asp300Val	ITGB2	ENSG00000160255	MTIF3
HsVcPillar2a6	CCSBORF100016069	3	CCSBORF6281	3AT	3	REF	2662	NULL	NULL	NULL	KCNJ2	ENSG00000123700	KCNJ15
HsVcPillar2a6	CCSBORF100016069	3	CCSBORF6281	3AT	3	119G>A	19	NC_000017.11:70175157:G:A	CCSBVarC008308	ENSP00000243457.2:p.Arg40Gln	KCNJ2	ENSG00000123700	KCNJ15
HsVcPillar2a6	CCSBORF100016069	3	CCSBORF6281	3AT	3	1229A>G	1	NC_000017.11:70176267:A:G	CCSBVarC008357	ENSP00000243457.2:p.Asn410Ser	KCNJ2	ENSG00000123700	KCNJ15
HsVcPillar2a6	CCSBORF100016069	3	CCSBORF6281	3AT	3	1244C>T	41	NC_000017.11:70176282:C:T	CCSBVarC008358	ENSP00000243457.2:p.Pro415Leu	KCNJ2	ENSG00000123700	KCNJ15
HsVcPillar2a6	CCSBORF100016069	3	CCSBORF6281	3AT	3	161G>T	0	NC_000017.11:70175199:G:T	CCSBVarC008310	ENSP00000243457.2:p.Cys54Phe	KCNJ2	ENSG00000123700	KCNJ15
HsVcPillar2a6	CCSBORF100016069	3	CCSBORF6281	3AT	3	200G>A	16	NC_000017.11:70175238:G:A	CCSBVarC008312	ENSP00000243457.2:p.Arg67Gln	KCNJ2	ENSG00000123700	KCNJ15
HsVcPillar2a6	CCSBORF100016069	3	CCSBORF6281	3AT	3	208G>A	13	NC_000017.11:70175246:G:A	CCSBVarC008313	ENSP00000243457.2:p.Ala70Thr	KCNJ2	ENSG00000123700	KCNJ15
HsVcPillar2a6	CCSBORF100016069	3	CCSBORF6281	3AT	3	208G>T	6	NC_000017.11:70175246:G:T	CCSBVarC008314	ENSP00000243457.2:p.Ala70Ser	KCNJ2	ENSG00000123700	KCNJ15
HsVcPillar2a6	CCSBORF100016069	3	CCSBORF6281	3AT	3	211G>C	2	NC_000017.11:70175249:G:C	CCSBVarC008316	ENSP00000243457.2:p.Asp71His	KCNJ2	ENSG00000123700	KCNJ15
HsVcPillar2a6	CCSBORF100016069	3	CCSBORF6281	3AT	3	226T>G	1	NC_000017.11:70175264:T:G	CCSBVarC008320	ENSP00000243457.2:p.Cys76Gly	KCNJ2	ENSG00000123700	KCNJ15
HsVcPillar2a6	CCSBORF100016069	3	CCSBORF6281	3AT	3	232G>T	6686	NC_000017.11:70175270:G:T	CCSBVarC035501	ENSP00000243457.2:p.Asp78Tyr	KCNJ2	ENSG00000123700	KCNJ15
HsVcPillar2a6	CCSBORF100016069	3	CCSBORF6281	3AT	3	233A>G	2830	NC_000017.11:70175271:A:G	CCSBVarC008321	ENSP00000243457.2:p.Asp78Gly	KCNJ2	ENSG00000123700	KCNJ15
HsVcPillar2a6	CCSBORF100016069	3	CCSBORF6281	3AT	3	256G>T	2	NC_000017.11:70175294:G:T	CCSBVarC008324	ENSP00000243457.2:p.Val86Phe	KCNJ2	ENSG00000123700	KCNJ15
HsVcPillar2a6	CCSBORF100016069	3	CCSBORF6281	3AT	3	277G>A	4	NC_000017.11:70175315:G:A	CCSBVarC008325	ENSP00000243457.2:p.Val93Ile	KCNJ2	ENSG00000123700	KCNJ15
HsVcPillar2a6	CCSBORF100016069	3	CCSBORF6281	3AT	3	557C>T	5	NC_000017.11:70175595:C:T	CCSBVarC008330	ENSP00000243457.2:p.Pro186Leu	KCNJ2	ENSG00000123700	KCNJ15
HsVcPillar2a6	CCSBORF100016069	3	CCSBORF6281	3AT	3	566G>A	18	NC_000017.11:70175604:G:A	CCSBVarC008332	ENSP00000243457.2:p.Arg189Lys	KCNJ2	ENSG00000123700	KCNJ15
HsVcPillar2a6	CCSBORF100016069	3	CCSBORF6281	3AT	3	566G>T	2	NC_000017.11:70175604:G:T	CCSBVarC008333	ENSP00000243457.2:p.Arg189Ile	KCNJ2	ENSG00000123700	KCNJ15
HsVcPillar2a6	CCSBORF100016069	3	CCSBORF6281	3AT	3	574A>G	12616	NC_000017.11:70175612:A:G	CCSBVarC035585	ENSP00000243457.2:p.Thr192Ala	KCNJ2	ENSG00000123700	KCNJ15
HsVcPillar2a6	CCSBORF100016069	3	CCSBORF6281	3AT	3	616G>A	6	NC_000017.11:70175654:G:A	CCSBVarC008334	ENSP00000243457.2:p.Gly206Ser	KCNJ2	ENSG00000123700	KCNJ15
HsVcPillar2a6	CCSBORF100016069	3	CCSBORF6281	3AT	3	646A>C	3	NC_000017.11:70175684:A:C	CCSBVarC008336	ENSP00000243457.2:p.Asn216His	KCNJ2	ENSG00000123700	KCNJ15
HsVcPillar2a6	CCSBORF100016069	3	CCSBORF6281	3AT	3	773T>C	0	NC_000017.11:70175811:T:C	CCSBVarC008337	ENSP00000243457.2:p.Ile258Thr	KCNJ2	ENSG00000123700	KCNJ15
HsVcPillar2a6	CCSBORF100016069	3	CCSBORF6281	3AT	3	779G>C	3	NC_000017.11:70175817:G:C	CCSBVarC008338	ENSP00000243457.2:p.Arg260Pro	KCNJ2	ENSG00000123700	KCNJ15
HsVcPillar2a6	CCSBORF100016069	3	CCSBORF6281	3AT	3	806T>A	0	NC_000017.11:70175844:T:A	CCSBVarC008339	ENSP00000243457.2:p.Ile269Lys	KCNJ2	ENSG00000123700	KCNJ15
HsVcPillar2a6	CCSBORF100016069	3	CCSBORF6281	3AT	3	901A>G	49	NC_000017.11:70175939:A:G	CCSBVarC008346	ENSP00000243457.2:p.Met301Val	KCNJ2	ENSG00000123700	KCNJ15
HsVcPillar2a6	CCSBORF100016069	3	CCSBORF6281	3AT	3	902T>G	61	NC_000017.11:70175940:T:G	CCSBVarC008347	ENSP00000243457.2:p.Met301Arg	KCNJ2	ENSG00000123700	KCNJ15
HsVcPillar2a6	CCSBORF100016069	3	CCSBORF6281	3AT	3	953A>G	8	NC_000017.11:70175991:A:G	CCSBVarC008350	ENSP00000243457.2:p.Asn318Ser	KCNJ2	ENSG00000123700	KCNJ15
HsVcPillar2a6	CCSBORF100016069	3	CCSBORF6281	3AT	3	973C>T	28	NC_000017.11:70176011:C:T	CCSBVarC008352	ENSP00000243457.2:p.Arg325Cys	KCNJ2	ENSG00000123700	KCNJ15
HsVcPillar2a6	CCSBORF100016069	3	CCSBORF6281	3AT	3	976T>A	1	NC_000017.11:70176014:T:A	CCSBVarC008353	ENSP00000243457.2:p.Tyr326Asn	KCNJ2	ENSG00000123700	KCNJ15
HsVcPillar2a6	CCSBORF359	2	CCSBORF0	3AT	3	REF	0	NULL	NULL	NULL	CBS	ENSG00000160200	empty_AD
HsVcPillar2a6	CCSBORF359	2	CCSBORF0	3AT	3	1006C>T	0	NC_000021.9:43062343:G:A	CCSBVarC007317	ENSP00000381231.4:p.Arg336Cys	CBS	ENSG00000160200	empty_AD
HsVcPillar2a6	CCSBORF359	2	CCSBORF0	3AT	3	1039G>A	0	NC_000021.9:43062310:C:T	CCSBVarC007313	ENSP00000381231.4:p.Gly347Ser	CBS	ENSG00000160200	empty_AD
HsVcPillar2a6	CCSBORF359	2	CCSBORF0	3AT	3	1109G>A	0	NC_000021.9:43060476:C:T	CCSBVarC007309	ENSP00000381231.4:p.Cys370Tyr	CBS	ENSG00000160200	empty_AD
HsVcPillar2a6	CCSBORF359	2	CCSBORF0	3AT	3	1135C>T	0	NC_000021.9:43060450:G:A	CCSBVarC007307	ENSP00000381231.4:p.Arg379Trp	CBS	ENSG00000160200	empty_AD
HsVcPillar2a6	CCSBORF359	2	CCSBORF0	3AT	3	1280C>T	0	NC_000021.9:43058911:G:A	CCSBVarC007303	ENSP00000381231.4:p.Pro427Leu	CBS	ENSG00000160200	empty_AD
HsVcPillar2a6	CCSBORF359	2	CCSBORF0	3AT	3	1367T>C	0	NC_000021.9:43058244:A:G	CCSBVarC000045	ENSP00000381231.4:p.Leu456Pro	CBS	ENSG00000160200	empty_AD
HsVcPillar2a6	CCSBORF359	2	CCSBORF0	3AT	3	233C>G	0	NC_000021.9:43068591:G:C	CCSBVarC007359	ENSP00000381231.4:p.Pro78Arg	CBS	ENSG00000160200	empty_AD
HsVcPillar2a6	CCSBORF359	2	CCSBORF0	3AT	3	262C>T	0	NC_000021.9:43068562:G:A	CCSBVarC008708	ENSP00000381231.4:p.Pro88Ser	CBS	ENSG00000160200	empty_AD
HsVcPillar2a6	CCSBORF359	2	CCSBORF0	3AT	3	302T>C	0	NC_000021.9:43068522:A:G	CCSBVarC007354	ENSP00000381231.4:p.Leu101Pro	CBS	ENSG00000160200	empty_AD
HsVcPillar2a6	CCSBORF359	2	CCSBORF0	3AT	3	304A>C	0	NC_000021.9:43068520:T:G	CCSBVarC008671	ENSP00000381231.4:p.Lys102Gln	CBS	ENSG00000160200	empty_AD
HsVcPillar2a6	CCSBORF359	2	CCSBORF0	3AT	3	325T>C	0	NC_000021.9:43066368:A:G	CCSBVarC007352	ENSP00000381231.4:p.Cys109Arg	CBS	ENSG00000160200	empty_AD
HsVcPillar2a6	CCSBORF359	2	CCSBORF0	3AT	3	346G>A	0	NC_000021.9:43066347:C:T	CCSBVarC007349	ENSP00000381231.4:p.Gly116Arg	CBS	ENSG00000160200	empty_AD
HsVcPillar2a6	CCSBORF359	2	CCSBORF0	3AT	3	362G>A	0	NC_000021.9:43066331:C:T	CCSBVarC007346	ENSP00000381231.4:p.Arg121His	CBS	ENSG00000160200	empty_AD
HsVcPillar2a6	CCSBORF359	2	CCSBORF0	3AT	3	373C>T	0	NC_000021.9:43066320:G:A	CCSBVarC008722	ENSP00000381231.4:p.Arg125Trp	CBS	ENSG00000160200	empty_AD
HsVcPillar2a6	CCSBORF359	2	CCSBORF0	3AT	3	429C>G	0	NC_000021.9:43066264:G:C	CCSBVarC008694	ENSP00000381231.4:p.Ile143Met	CBS	ENSG00000160200	empty_AD
HsVcPillar2a6	CCSBORF359	2	CCSBORF0	3AT	3	434C>T	0	NC_000021.9:43066259:G:A	CCSBVarC007339	ENSP00000381231.4:p.Pro145Leu	CBS	ENSG00000160200	empty_AD
HsVcPillar2a6	CCSBORF359	2	CCSBORF0	3AT	3	461T>A	0	NC_000021.9:43065685:A:T	CCSBVarC000043	ENSP00000381231.4:p.Leu154Gln	CBS	ENSG00000160200	empty_AD
HsVcPillar2a6	CCSBORF359	2	CCSBORF0	3AT	3	572C>T	0	NC_000021.9:43065480:G:A	CCSBVarC007333	ENSP00000381231.4:p.Thr191Met	CBS	ENSG00000160200	empty_AD
HsVcPillar2a6	CCSBORF359	2	CCSBORF0	3AT	3	684C>A	0	NC_000021.9:43065254:G:T	CCSBVarC008700	ENSP00000381231.4:p.Asn228Lys	CBS	ENSG00000160200	empty_AD
HsVcPillar2a6	CCSBORF359	2	CCSBORF0	3AT	3	785C>T	0	NC_000021.9:43063942:G:A	CCSBVarC007325	ENSP00000381231.4:p.Thr262Met	CBS	ENSG00000160200	empty_AD
HsVcPillar2a6	CCSBORF359	2	CCSBORF0	3AT	3	919G>A	0	NC_000021.9:43062987:C:T	CCSBVarC007321	ENSP00000381231.4:p.Gly307Ser	CBS	ENSG00000160200	empty_AD
HsVcPillar2a6	CCSBORF359	2	CCSBORF0	3AT	3	941T>C	0	NC_000021.9:43062965:A:G	CCSBVarC008704	ENSP00000381231.4:p.Val314Ala	CBS	ENSG00000160200	empty_AD
HsVcPillar2a6	CCSBORF12573	1	CCSBORF0	3AT	3	REF	11	NULL	NULL	NULL	DES	ENSG00000175084	empty_AD
HsVcPillar2a6	CCSBORF12573	1	CCSBORF0	3AT	3	1151A>G	0	NC_000002.12:219421466:A:G	CCSBVarC028095	ENSP00000363071.3:p.His384Arg	DES	ENSG00000175084	empty_AD
HsVcPillar2a6	CCSBORF12573	1	CCSBORF0	3AT	3	1202A>G	0	NC_000002.12:219421517:A:G	CCSBVarC028101	ENSP00000363071.3:p.Glu401Gly	DES	ENSG00000175084	empty_AD
HsVcPillar2a6	CCSBORF12573	1	CCSBORF0	3AT	3	1203G>C	0	NC_000002.12:219421518:G:C	CCSBVarC028104	ENSP00000363071.3:p.Glu401Asp	DES	ENSG00000175084	empty_AD
HsVcPillar2a6	CCSBORF12573	1	CCSBORF0	3AT	3	1375G>A	0	NC_000002.12:219425951:G:A	CCSBVarC028110	ENSP00000363071.3:p.Val459Ile	DES	ENSG00000175084	empty_AD
HsVcPillar2a6	CCSBORF12573	1	CCSBORF0	3AT	3	218G>A	0	NC_000002.12:219418679:G:A	CCSBVarC028025	ENSP00000363071.3:p.Arg73Gln	DES	ENSG00000175084	empty_AD
HsVcPillar2a6	CCSBORF12573	1	CCSBORF0	3AT	3	229A>G	1	NC_000002.12:219418690:A:G	CCSBVarC028052	ENSP00000363071.3:p.Thr77Ala	DES	ENSG00000175084	empty_AD
HsVcPillar2a6	CCSBORF12573	1	CCSBORF0	3AT	3	347A>G	0	NC_000002.12:219418808:A:G	CCSBVarC028071	ENSP00000363071.3:p.Asn116Ser	DES	ENSG00000175084	empty_AD
HsVcPillar2a6	CCSBORF12573	1	CCSBORF0	3AT	3	460C>A	0	NC_000002.12:219418921:C:A	CCSBVarC028077	ENSP00000363071.3:p.Leu154Ile	DES	ENSG00000175084	empty_AD
HsVcPillar2a6	CCSBORF12573	1	CCSBORF0	3AT	3	736G>A	0	NC_000002.12:219420494:G:A	CCSBVarC028080	ENSP00000363071.3:p.Glu246Lys	DES	ENSG00000175084	empty_AD
HsVcPillar2a6	CCSBORF12573	1	CCSBORF0	3AT	3	854C>T	0	NC_000002.12:219420612:C:T	CCSBVarC028083	ENSP00000363071.3:p.Ala285Val	DES	ENSG00000175084	empty_AD
HsVcPillar2a6	CCSBORF12573	5	CCSBORF0	3AT	3	REF	4	NULL	NULL	NULL	DES	ENSG00000175084	empty_AD
HsVcPillar2a6	CCSBORF12573	5	CCSBORF0	3AT	3	1013T>C	0	NC_000002.12:219420942:T:C	CCSBVarC007851	ENSP00000363071.3:p.Leu338Pro	DES	ENSG00000175084	empty_AD
HsVcPillar2a6	CCSBORF12573	5	CCSBORF0	3AT	3	1034T>C	0	NC_000002.12:219421349:T:C	CCSBVarC007856	ENSP00000363071.3:p.Leu345Pro	DES	ENSG00000175084	empty_AD
HsVcPillar2a6	CCSBORF12573	5	CCSBORF0	3AT	3	1038G>A	0	NC_000002.12:219421353:G:A	CCSBVarC007857	ENSP00000363071.3:p.Met346Ile	DES	ENSG00000175084	empty_AD
HsVcPillar2a6	CCSBORF12573	5	CCSBORF0	3AT	3	1064G>A	0	NC_000002.12:219421379:G:A	CCSBVarC007861	ENSP00000363071.3:p.Arg355Gln	DES	ENSG00000175084	empty_AD
HsVcPillar2a6	CCSBORF12573	5	CCSBORF0	3AT	3	1069G>C	0	NC_000002.12:219421384:G:C	CCSBVarC007863	ENSP00000363071.3:p.Ala357Pro	DES	ENSG00000175084	empty_AD
HsVcPillar2a6	CCSBORF12573	5	CCSBORF0	3AT	3	1078G>C	0	NC_000002.12:219421393:G:C	CCSBVarC007864	ENSP00000363071.3:p.Ala360Pro	DES	ENSG00000175084	empty_AD
HsVcPillar2a6	CCSBORF12573	5	CCSBORF0	3AT	3	1189G>A	0	NC_000002.12:219421504:G:A	CCSBVarC007873	ENSP00000363071.3:p.Ala397Thr	DES	ENSG00000175084	empty_AD
HsVcPillar2a6	CCSBORF12573	5	CCSBORF0	3AT	3	1237G>A	0	NC_000002.12:219421552:G:A	CCSBVarC007877	ENSP00000363071.3:p.Glu413Lys	DES	ENSG00000175084	empty_AD
HsVcPillar2a6	CCSBORF12573	5	CCSBORF0	3AT	3	1286G>A	0	NC_000002.12:219423817:G:A	CCSBVarC007881	ENSP00000363071.3:p.Arg429Gln	DES	ENSG00000175084	empty_AD
HsVcPillar2a6	CCSBORF12573	5	CCSBORF0	3AT	3	1297C>A	0	NC_000002.12:219425670:C:A	CCSBVarC007882	ENSP00000363071.3:p.Pro433Thr	DES	ENSG00000175084	empty_AD
HsVcPillar2a6	CCSBORF12573	5	CCSBORF0	3AT	3	1322A>T	0	NC_000002.12:219425695:A:T	CCSBVarC007884	ENSP00000363071.3:p.His441Leu	DES	ENSG00000175084	empty_AD
HsVcPillar2a6	CCSBORF12573	5	CCSBORF0	3AT	3	1325C>T	0	NC_000002.12:219425698:C:T	CCSBVarC007885	ENSP00000363071.3:p.Thr442Ile	DES	ENSG00000175084	empty_AD
HsVcPillar2a6	CCSBORF12573	5	CCSBORF0	3AT	3	1333A>G	0	NC_000002.12:219425706:A:G	CCSBVarC006509	ENSP00000363071.3:p.Thr445Ala	DES	ENSG00000175084	empty_AD
HsVcPillar2a6	CCSBORF12573	5	CCSBORF0	3AT	3	1366G>A	0	NC_000002.12:219425739:G:A	CCSBVarC007891	ENSP00000363071.3:p.Gly456Arg	DES	ENSG00000175084	empty_AD
HsVcPillar2a6	CCSBORF12573	5	CCSBORF0	3AT	3	166G>C	0	NC_000002.12:219418627:G:C	CCSBVarC007794	ENSP00000363071.3:p.Val56Leu	DES	ENSG00000175084	empty_AD
HsVcPillar2a6	CCSBORF12573	5	CCSBORF0	3AT	3	193G>A	0	NC_000002.12:219418654:G:A	CCSBVarC007797	ENSP00000363071.3:p.Gly65Ser	DES	ENSG00000175084	empty_AD
HsVcPillar2a6	CCSBORF12573	5	CCSBORF0	3AT	3	212C>T	0	NC_000002.12:219418673:C:T	CCSBVarC007799	ENSP00000363071.3:p.Ala71Val	DES	ENSG00000175084	empty_AD
HsVcPillar2a6	CCSBORF12573	5	CCSBORF0	3AT	3	216C>A	0	NC_000002.12:219418677:C:A	CCSBVarC007800	ENSP00000363071.3:p.Ser72Arg	DES	ENSG00000175084	empty_AD
HsVcPillar2a6	CCSBORF12573	5	CCSBORF0	3AT	3	347A>G	0	NC_000002.12:219418808:A:G	CCSBVarC028071	ENSP00000363071.3:p.Asn116Ser	DES	ENSG00000175084	empty_AD
HsVcPillar2a6	CCSBORF12573	5	CCSBORF0	3AT	3	35C>T	0	NC_000002.12:219418496:C:T	CCSBVarC007782	ENSP00000363071.3:p.Ser12Phe	DES	ENSG00000175084	empty_AD
HsVcPillar2a6	CCSBORF12573	5	CCSBORF0	3AT	3	391C>A	0	NC_000002.12:219418852:C:A	CCSBVarC007811	ENSP00000363071.3:p.Gln131Lys	DES	ENSG00000175084	empty_AD
HsVcPillar2a6	CCSBORF12573	5	CCSBORF0	3AT	3	473A>T	0	NC_000002.12:219418934:A:T	CCSBVarC007817	ENSP00000363071.3:p.Glu158Val	DES	ENSG00000175084	empty_AD
HsVcPillar2a6	CCSBORF12573	5	CCSBORF0	3AT	3	556G>T	0	NC_000002.12:219419017:G:T	CCSBVarC007820	ENSP00000363071.3:p.Asp186Tyr	DES	ENSG00000175084	empty_AD
HsVcPillar2a6	CCSBORF12573	5	CCSBORF0	3AT	3	635G>A	0	NC_000002.12:219420150:G:A	CCSBVarC007824	ENSP00000363071.3:p.Arg212Gln	DES	ENSG00000175084	empty_AD
HsVcPillar2a6	CCSBORF12573	5	CCSBORF0	3AT	3	709G>A	0	NC_000002.12:219420319:G:A	CCSBVarC007832	ENSP00000363071.3:p.Ala237Thr	DES	ENSG00000175084	empty_AD
HsVcPillar2a6	CCSBORF12573	5	CCSBORF0	3AT	3	727C>T	0	NC_000002.12:219420337:C:T	CCSBVarC007834	ENSP00000363071.3:p.His243Tyr	DES	ENSG00000175084	empty_AD
HsVcPillar2a6	CCSBORF12573	5	CCSBORF0	3AT	3	883T>G	0	NC_000002.12:219420641:T:G	CCSBVarC007841	ENSP00000363071.3:p.Trp295Gly	DES	ENSG00000175084	empty_AD
HsVcPillar2a6	CCSBORF12573	5	CCSBORF0	3AT	3	934G>A	0	NC_000002.12:219420863:G:A	CCSBVarC006505	ENSP00000363071.3:p.Asp312Asn	DES	ENSG00000175084	empty_AD
HsVcPillar2a6	CCSBORF12573	5	CCSBORF0	3AT	3	937G>A	0	NC_000002.12:219420866:G:A	CCSBVarC007843	ENSP00000363071.3:p.Ala313Thr	DES	ENSG00000175084	empty_AD
HsVcPillar2a6	CCSBORF12573	5	CCSBORF0	3AT	3	97C>T	0	NC_000002.12:219418558:C:T	CCSBVarC007788	ENSP00000363071.3:p.Pro33Ser	DES	ENSG00000175084	empty_AD
HsVcPillar2a6	CCSBORF12573	5	CCSBORF0	3AT	3	986A>C	0	NC_000002.12:219420915:A:C	CCSBVarC007848	ENSP00000363071.3:p.Gln329Pro	DES	ENSG00000175084	empty_AD
HsVcPillar2a6	CCSBORF300	2	CCSBORF0	3AT	3	REF	0	NULL	NULL	NULL	GALT	ENSG00000213930	empty_AD
HsVcPillar2a6	CCSBORF300	2	CCSBORF0	3AT	3	1001A>G	0	NC_000009.12:34649505:A:G	CCSBVarC007284	ENSP00000368119.4:p.Lys334Arg	GALT	ENSG00000213930	empty_AD
HsVcPillar2a6	CCSBORF300	2	CCSBORF0	3AT	3	1006A>T	0	NC_000009.12:34649510:A:T	CCSBVarC007286	ENSP00000368119.4:p.Met336Leu	GALT	ENSG00000213930	empty_AD
HsVcPillar2a6	CCSBORF300	2	CCSBORF0	3AT	3	100T>A	0	NC_000009.12:34647105:T:A	CCSBVarC000034	ENSP00000368119.4:p.Tyr34Asn	GALT	ENSG00000213930	empty_AD
HsVcPillar2a6	CCSBORF300	2	CCSBORF0	3AT	3	1034C>A	0	NC_000009.12:34649538:C:A	CCSBVarC007290	ENSP00000368119.4:p.Ala345Asp	GALT	ENSG00000213930	empty_AD
HsVcPillar2a6	CCSBORF300	2	CCSBORF0	3AT	3	1081C>T	0	NC_000009.12:34650389:C:T	CCSBVarC007292	ENSP00000368119.4:p.Leu361Phe	GALT	ENSG00000213930	empty_AD
HsVcPillar2a6	CCSBORF300	2	CCSBORF0	3AT	3	265T>C	0	NC_000009.12:34647503:T:C	CCSBVarC004978	ENSP00000368119.4:p.Tyr89His	GALT	ENSG00000213930	empty_AD
HsVcPillar2a6	CCSBORF300	2	CCSBORF0	3AT	3	385A>T	0	NC_000009.12:34647838:A:T	CCSBVarC007175	ENSP00000368119.4:p.Met129Leu	GALT	ENSG00000213930	empty_AD
HsVcPillar2a6	CCSBORF300	2	CCSBORF0	3AT	3	392T>G	0	NC_000009.12:34647845:T:G	CCSBVarC007179	ENSP00000368119.4:p.Phe131Cys	GALT	ENSG00000213930	empty_AD
HsVcPillar2a6	CCSBORF300	2	CCSBORF0	3AT	3	406G>T	0	NC_000009.12:34647859:G:T	CCSBVarC007183	ENSP00000368119.4:p.Asp136Tyr	GALT	ENSG00000213930	empty_AD
HsVcPillar2a6	CCSBORF300	2	CCSBORF0	3AT	3	428C>T	0	NC_000009.12:34647881:C:T	CCSBVarC007189	ENSP00000368119.4:p.Ser143Leu	GALT	ENSG00000213930	empty_AD
HsVcPillar2a6	CCSBORF300	2	CCSBORF0	3AT	3	460T>C	0	NC_000009.12:34647913:T:C	CCSBVarC007195	ENSP00000368119.4:p.Trp154Arg	GALT	ENSG00000213930	empty_AD
HsVcPillar2a6	CCSBORF300	2	CCSBORF0	3AT	3	482T>C	0	NC_000009.12:34647935:T:C	CCSBVarC007197	ENSP00000368119.4:p.Leu161Pro	GALT	ENSG00000213930	empty_AD
HsVcPillar2a6	CCSBORF300	2	CCSBORF0	3AT	3	496C>G	0	NC_000009.12:34647949:C:G	CCSBVarC007198	ENSP00000368119.4:p.Pro166Ala	GALT	ENSG00000213930	empty_AD
HsVcPillar2a6	CCSBORF300	2	CCSBORF0	3AT	3	533T>G	0	NC_000009.12:34648139:T:G	CCSBVarC018002	ENSP00000368119.4:p.Met178Arg	GALT	ENSG00000213930	empty_AD
HsVcPillar2a6	CCSBORF300	2	CCSBORF0	3AT	3	536G>A	0	NC_000009.12:34648142:G:A	CCSBVarC004984	ENSP00000368119.4:p.Gly179Asp	GALT	ENSG00000213930	empty_AD
HsVcPillar2a6	CCSBORF300	2	CCSBORF0	3AT	3	539G>T	0	NC_000009.12:34648145:G:T	CCSBVarC007206	ENSP00000368119.4:p.Cys180Phe	GALT	ENSG00000213930	empty_AD
HsVcPillar2a6	CCSBORF300	2	CCSBORF0	3AT	3	605A>C	0	NC_000009.12:34648373:A:C	CCSBVarC007224	ENSP00000368119.4:p.Glu202Ala	GALT	ENSG00000213930	empty_AD
HsVcPillar2a6	CCSBORF300	2	CCSBORF0	3AT	3	607G>A	0	NC_000009.12:34648375:G:A	CCSBVarC007225	ENSP00000368119.4:p.Glu203Lys	GALT	ENSG00000213930	empty_AD
HsVcPillar2a6	CCSBORF300	2	CCSBORF0	3AT	3	635A>C	0	NC_000009.12:34648403:A:C	CCSBVarC007228	ENSP00000368119.4:p.Gln212Pro	GALT	ENSG00000213930	empty_AD
HsVcPillar2a6	CCSBORF300	2	CCSBORF0	3AT	3	683G>C	0	NC_000009.12:34648451:G:C	CCSBVarC007234	ENSP00000368119.4:p.Arg228Thr	GALT	ENSG00000213930	empty_AD
HsVcPillar2a6	CCSBORF300	2	CCSBORF0	3AT	3	82G>T	0	NC_000009.12:34646785:G:T	CCSBVarC007140	ENSP00000368119.4:p.Asp28Tyr	GALT	ENSG00000213930	empty_AD
HsVcPillar2a6	CCSBORF300	2	CCSBORF0	3AT	3	854A>G	0	NC_000009.12:34649030:A:G	CCSBVarC007256	ENSP00000368119.4:p.Lys285Arg	GALT	ENSG00000213930	empty_AD
HsVcPillar2a6	CCSBORF300	2	CCSBORF0	3AT	3	857A>G	0	NC_000009.12:34649033:A:G	CCSBVarC007258	ENSP00000368119.4:p.Tyr286Cys	GALT	ENSG00000213930	empty_AD
HsVcPillar2a6	CCSBORF300	2	CCSBORF0	3AT	3	864C>A	0	NC_000009.12:34649040:C:A	CCSBVarC007259	ENSP00000368119.4:p.Asn288Lys	GALT	ENSG00000213930	empty_AD
HsVcPillar2a6	CCSBORF300	2	CCSBORF0	3AT	3	871G>A	0	NC_000009.12:34649047:G:A	CCSBVarC007262	ENSP00000368119.4:p.Glu291Lys	GALT	ENSG00000213930	empty_AD
HsVcPillar2a6	CCSBORF300	2	CCSBORF0	3AT	3	872A>T	0	NC_000009.12:34649048:A:T	CCSBVarC004996	ENSP00000368119.4:p.Glu291Val	GALT	ENSG00000213930	empty_AD
HsVcPillar2a6	CCSBORF300	2	CCSBORF0	3AT	3	883C>A	0	NC_000009.12:34649059:C:A	CCSBVarC007264	ENSP00000368119.4:p.Pro295Thr	GALT	ENSG00000213930	empty_AD
HsVcPillar2a6	CCSBORF300	2	CCSBORF0	3AT	3	902A>G	0	NC_000009.12:34649078:A:G	CCSBVarC007266	ENSP00000368119.4:p.His301Arg	GALT	ENSG00000213930	empty_AD
HsVcPillar2a6	CCSBORF300	2	CCSBORF0	3AT	3	974C>T	0	NC_000009.12:34649478:C:T	CCSBVarC007275	ENSP00000368119.4:p.Pro325Leu	GALT	ENSG00000213930	empty_AD
HsVcPillar2a6	CCSBORF300	2	CCSBORF0	3AT	3	985T>C	0	NC_000009.12:34649489:T:C	CCSBVarC007279	ENSP00000368119.4:p.Ser329Pro	GALT	ENSG00000213930	empty_AD
HsVcPillar2a6	CCSBORF300	2	CCSBORF0	3AT	3	998G>A	0	NC_000009.12:34649502:G:A	CCSBVarC005002	ENSP00000368119.4:p.Arg333Gln	GALT	ENSG00000213930	empty_AD
HsVcPillar2a6	CCSBORF300	6	CCSBORF0	3AT	3	REF	0	NULL	NULL	NULL	GALT	ENSG00000213930	empty_AD
HsVcPillar2a6	CCSBORF300	6	CCSBORF0	3AT	3	1006A>G	0	NC_000009.12:34649510:A:G	CCSBVarC007285	ENSP00000368119.4:p.Met336Val	GALT	ENSG00000213930	empty_AD
HsVcPillar2a6	CCSBORF300	6	CCSBORF0	3AT	3	134C>T	0	NC_000009.12:34647139:C:T	CCSBVarC007148	ENSP00000368119.4:p.Ser45Leu	GALT	ENSG00000213930	empty_AD
HsVcPillar2a6	CCSBORF300	6	CCSBORF0	3AT	3	241G>C	0	NC_000009.12:34647246:G:C	CCSBVarC017970	ENSP00000368119.4:p.Ala81Pro	GALT	ENSG00000213930	empty_AD
HsVcPillar2a6	CCSBORF300	6	CCSBORF0	3AT	3	277T>A	0	NC_000009.12:34647515:T:A	CCSBVarC007161	ENSP00000368119.4:p.Phe93Ile	GALT	ENSG00000213930	empty_AD
HsVcPillar2a6	CCSBORF300	6	CCSBORF0	3AT	3	290A>G	0	NC_000009.12:34647528:A:G	CCSBVarC007163	ENSP00000368119.4:p.Asn97Ser	GALT	ENSG00000213930	empty_AD
HsVcPillar2a6	CCSBORF300	6	CCSBORF0	3AT	3	337G>A	0	NC_000009.12:34647664:G:A	CCSBVarC004979	ENSP00000368119.4:p.Asp113Asn	GALT	ENSG00000213930	empty_AD
HsVcPillar2a6	CCSBORF300	6	CCSBORF0	3AT	3	354A>C	0	NC_000009.12:34647681:A:C	CCSBVarC007170	ENSP00000368119.4:p.Gln118His	GALT	ENSG00000213930	empty_AD
HsVcPillar2a6	CCSBORF300	6	CCSBORF0	3AT	3	424A>G	0	NC_000009.12:34647877:A:G	CCSBVarC007186	ENSP00000368119.4:p.Met142Val	GALT	ENSG00000213930	empty_AD
HsVcPillar2a6	CCSBORF300	6	CCSBORF0	3AT	3	425T>C	0	NC_000009.12:34647878:T:C	CCSBVarC007188	ENSP00000368119.4:p.Met142Thr	GALT	ENSG00000213930	empty_AD
HsVcPillar2a6	CCSBORF300	6	CCSBORF0	3AT	3	443G>A	0	NC_000009.12:34647896:G:A	CCSBVarC007192	ENSP00000368119.4:p.Arg148Gln	GALT	ENSG00000213930	empty_AD
HsVcPillar2a6	CCSBORF300	6	CCSBORF0	3AT	3	448G>C	0	NC_000009.12:34647901:G:C	CCSBVarC007193	ENSP00000368119.4:p.Val150Leu	GALT	ENSG00000213930	empty_AD
HsVcPillar2a6	CCSBORF300	6	CCSBORF0	3AT	3	452T>C	0	NC_000009.12:34647905:T:C	CCSBVarC007194	ENSP00000368119.4:p.Val151Ala	GALT	ENSG00000213930	empty_AD
HsVcPillar2a6	CCSBORF300	6	CCSBORF0	3AT	3	524G>A	0	NC_000009.12:34648130:G:A	CCSBVarC000035	ENSP00000368119.4:p.Gly175Asp	GALT	ENSG00000213930	empty_AD
HsVcPillar2a6	CCSBORF300	6	CCSBORF0	3AT	3	539G>A	0	NC_000009.12:34648145:G:A	CCSBVarC007205	ENSP00000368119.4:p.Cys180Tyr	GALT	ENSG00000213930	empty_AD
HsVcPillar2a6	CCSBORF300	6	CCSBORF0	3AT	3	541T>G	0	NC_000009.12:34648147:T:G	CCSBVarC007207	ENSP00000368119.4:p.Ser181Ala	GALT	ENSG00000213930	empty_AD
HsVcPillar2a6	CCSBORF300	6	CCSBORF0	3AT	3	553C>T	0	NC_000009.12:34648159:C:T	CCSBVarC007211	ENSP00000368119.4:p.Pro185Ser	GALT	ENSG00000213930	empty_AD
HsVcPillar2a6	CCSBORF300	6	CCSBORF0	3AT	3	554C>A	0	NC_000009.12:34648160:C:A	CCSBVarC004986	ENSP00000368119.4:p.Pro185His	GALT	ENSG00000213930	empty_AD
HsVcPillar2a6	CCSBORF300	6	CCSBORF0	3AT	3	554C>T	0	NC_000009.12:34648160:C:T	CCSBVarC007212	ENSP00000368119.4:p.Pro185Leu	GALT	ENSG00000213930	empty_AD
HsVcPillar2a6	CCSBORF300	6	CCSBORF0	3AT	3	558C>A	0	NC_000009.12:34648164:C:A	CCSBVarC007213	ENSP00000368119.4:p.His186Gln	GALT	ENSG00000213930	empty_AD
HsVcPillar2a6	CCSBORF300	6	CCSBORF0	3AT	3	562C>A	0	NC_000009.12:34648168:C:A	CCSBVarC007214	ENSP00000368119.4:p.Gln188Lys	GALT	ENSG00000213930	empty_AD
HsVcPillar2a6	CCSBORF300	6	CCSBORF0	3AT	3	563A>G	0	NC_000009.12:34648169:A:G	CCSBVarC007215	ENSP00000368119.4:p.Gln188Arg	GALT	ENSG00000213930	empty_AD
HsVcPillar2a6	CCSBORF300	6	CCSBORF0	3AT	3	574A>G	0	NC_000009.12:34648342:A:G	CCSBVarC004988	ENSP00000368119.4:p.Ser192Gly	GALT	ENSG00000213930	empty_AD
HsVcPillar2a6	CCSBORF300	6	CCSBORF0	3AT	3	595G>A	0	NC_000009.12:34648363:G:A	CCSBVarC004990	ENSP00000368119.4:p.Ala199Thr	GALT	ENSG00000213930	empty_AD
HsVcPillar2a6	CCSBORF300	6	CCSBORF0	3AT	3	748C>A	0	NC_000009.12:34648821:C:A	CCSBVarC007240	ENSP00000368119.4:p.Pro250Thr	GALT	ENSG00000213930	empty_AD
HsVcPillar2a6	CCSBORF300	6	CCSBORF0	3AT	3	752A>G	0	NC_000009.12:34648825:A:G	CCSBVarC007242	ENSP00000368119.4:p.Tyr251Cys	GALT	ENSG00000213930	empty_AD
HsVcPillar2a6	CCSBORF300	6	CCSBORF0	3AT	3	770C>T	0	NC_000009.12:34648843:C:T	CCSBVarC007244	ENSP00000368119.4:p.Pro257Leu	GALT	ENSG00000213930	empty_AD
HsVcPillar2a6	CCSBORF300	6	CCSBORF0	3AT	3	772C>T	0	NC_000009.12:34648845:C:T	CCSBVarC004995	ENSP00000368119.4:p.Arg258Cys	GALT	ENSG00000213930	empty_AD
HsVcPillar2a6	CCSBORF300	6	CCSBORF0	3AT	3	785G>C	0	NC_000009.12:34648858:G:C	CCSBVarC007247	ENSP00000368119.4:p.Arg262Pro	GALT	ENSG00000213930	empty_AD
HsVcPillar2a6	CCSBORF300	6	CCSBORF0	3AT	3	812A>G	0	NC_000009.12:34648885:A:G	CCSBVarC007250	ENSP00000368119.4:p.Glu271Gly	GALT	ENSG00000213930	empty_AD
HsVcPillar2a6	CCSBORF300	6	CCSBORF0	3AT	3	951G>T	0	NC_000009.12:34649455:G:T	CCSBVarC007269	ENSP00000368119.4:p.Gln317His	GALT	ENSG00000213930	empty_AD
HsVcPillar2a6	CCSBORF300	6	CCSBORF0	3AT	3	957C>A	0	NC_000009.12:34649461:C:A	CCSBVarC007270	ENSP00000368119.4:p.His319Gln	GALT	ENSG00000213930	empty_AD
HsVcPillar2a6	CCSBORF300	6	CCSBORF0	3AT	3	967T>C	0	NC_000009.12:34649471:T:C	CCSBVarC007273	ENSP00000368119.4:p.Tyr323His	GALT	ENSG00000213930	empty_AD
HsVcPillar2a6	CCSBORF300	6	CCSBORF0	3AT	3	998G>T	0	NC_000009.12:34649502:G:T	CCSBVarC007283	ENSP00000368119.4:p.Arg333Leu	GALT	ENSG00000213930	empty_AD
HsVcPillar2a6	CCSBORF5808	1	CCSBORF0	3AT	3	REF	0	NULL	NULL	NULL	HBB	ENSG00000244734	empty_AD
HsVcPillar2a6	CCSBORF5808	1	CCSBORF0	3AT	3	140G>A	0	NC_000011.10:5226751:C:T	CCSBVarC010096	ENSP00000333994.3:p.Gly47Glu	HBB	ENSG00000244734	empty_AD
HsVcPillar2a6	CCSBORF5808	1	CCSBORF0	3AT	3	176C>G	0	NC_000011.10:5226715:G:C	CCSBVarC010190	ENSP00000333994.3:p.Pro59Arg	HBB	ENSG00000244734	empty_AD
HsVcPillar2a6	CCSBORF5808	1	CCSBORF0	3AT	3	186G>C	0	NC_000011.10:5226705:C:G	CCSBVarC010131	ENSP00000333994.3:p.Lys62Asn	HBB	ENSG00000244734	empty_AD
HsVcPillar2a6	CCSBORF5808	1	CCSBORF0	3AT	3	190C>T	0	NC_000011.10:5226701:G:A	CCSBVarC010155	ENSP00000333994.3:p.His64Tyr	HBB	ENSG00000244734	empty_AD
HsVcPillar2a6	CCSBORF5808	1	CCSBORF0	3AT	3	212C>T	0	NC_000011.10:5226679:G:A	CCSBVarC006223	ENSP00000333994.3:p.Ala71Val	HBB	ENSG00000244734	empty_AD
HsVcPillar2a6	CCSBORF5808	1	CCSBORF0	3AT	3	23A>G	0	NC_000011.10:5226998:T:C	CCSBVarC006214	ENSP00000333994.3:p.Glu8Gly	HBB	ENSG00000244734	empty_AD
HsVcPillar2a6	CCSBORF5808	1	CCSBORF0	3AT	3	247A>G	0	NC_000011.10:5226644:T:C	CCSBVarC010174	ENSP00000333994.3:p.Lys83Glu	HBB	ENSG00000244734	empty_AD
HsVcPillar2a6	CCSBORF5808	1	CCSBORF0	3AT	3	275T>C	0	NC_000011.10:5226616:A:G	CCSBVarC010206	ENSP00000333994.3:p.Leu92Pro	HBB	ENSG00000244734	empty_AD
HsVcPillar2a6	CCSBORF5808	1	CCSBORF0	3AT	3	289C>G	0	NC_000011.10:5226602:G:C	CCSBVarC006227	ENSP00000333994.3:p.Leu97Val	HBB	ENSG00000244734	empty_AD
HsVcPillar2a6	CCSBORF5808	1	CCSBORF0	3AT	3	308A>C	0	NC_000011.10:5226583:T:G	CCSBVarC010077	ENSP00000333994.3:p.Asn103Thr	HBB	ENSG00000244734	empty_AD
HsVcPillar2a6	CCSBORF5808	1	CCSBORF0	3AT	3	312C>G	0	NC_000011.10:5226579:G:C	CCSBVarC000906	ENSP00000333994.3:p.Phe104Leu	HBB	ENSG00000244734	empty_AD
HsVcPillar2a6	CCSBORF5808	1	CCSBORF0	3AT	3	325A>G	0	NC_000011.10:5225716:T:C	CCSBVarC006231	ENSP00000333994.3:p.Asn109Asp	HBB	ENSG00000244734	empty_AD
HsVcPillar2a6	CCSBORF5808	1	CCSBORF0	3AT	3	334G>C	0	NC_000011.10:5225707:C:G	CCSBVarC010111	ENSP00000333994.3:p.Val112Leu	HBB	ENSG00000244734	empty_AD
HsVcPillar2a6	CCSBORF5808	1	CCSBORF0	3AT	3	364G>A	0	NC_000011.10:5225677:C:T	CCSBVarC006234	ENSP00000333994.3:p.Glu122Lys	HBB	ENSG00000244734	empty_AD
HsVcPillar2a6	CCSBORF5808	1	CCSBORF0	3AT	3	373C>A	0	NC_000011.10:5225668:G:T	CCSBVarC010085	ENSP00000333994.3:p.Pro125Thr	HBB	ENSG00000244734	empty_AD
HsVcPillar2a6	CCSBORF5808	1	CCSBORF0	3AT	3	383A>C	0	NC_000011.10:5225658:T:G	CCSBVarC006238	ENSP00000333994.3:p.Gln128Pro	HBB	ENSG00000244734	empty_AD
HsVcPillar2a6	CCSBORF5808	1	CCSBORF0	3AT	3	404T>A	0	NC_000011.10:5225637:A:T	CCSBVarC010200	ENSP00000333994.3:p.Val135Glu	HBB	ENSG00000244734	empty_AD
HsVcPillar2a6	CCSBORF5808	1	CCSBORF0	3AT	3	60C>A	0	NC_000011.10:5226961:G:T	CCSBVarC010117	ENSP00000333994.3:p.Asn20Lys	HBB	ENSG00000244734	empty_AD
HsVcPillar2a6	CCSBORF5808	1	CCSBORF0	3AT	3	61G>A	0	NC_000011.10:5226960:C:T	CCSBVarC010146	ENSP00000333994.3:p.Val21Met	HBB	ENSG00000244734	empty_AD
HsVcPillar2a6	CCSBORF5808	1	CCSBORF0	3AT	3	64G>T	0	NC_000011.10:5226957:C:A	CCSBVarC010104	ENSP00000333994.3:p.Asp22Tyr	HBB	ENSG00000244734	empty_AD
HsVcPillar2a6	CCSBORF5808	1	CCSBORF0	3AT	3	70G>A	0	NC_000011.10:5226951:C:T	CCSBVarC006218	ENSP00000333994.3:p.Val24Ile	HBB	ENSG00000244734	empty_AD
HsVcPillar2a6	CCSBORF5808	1	CCSBORF0	3AT	3	80A>G	0	NC_000011.10:5226941:T:C	CCSBVarC010222	ENSP00000333994.3:p.Glu27Gly	HBB	ENSG00000244734	empty_AD
HsVcPillar2a6	CCSBORF5808	1	CCSBORF0	3AT	3	8A>G	0	NC_000011.10:5227013:T:C	CCSBVarC010138	ENSP00000333994.3:p.His3Arg	HBB	ENSG00000244734	empty_AD
HsVcPillar2a6	CCSBORF4765	1	CCSBORF2012	3AT	3	REF	0	NULL	NULL	NULL	ITGB2	ENSG00000160255	LHFPL5
HsVcPillar2a6	CCSBORF4765	1	CCSBORF2012	3AT	3	1021G>C	1	NC_000021.9:44895032:C:G	CCSBVarC008390	ENSP00000498780.1:p.Ala341Pro	ITGB2	ENSG00000160255	LHFPL5
HsVcPillar2a6	CCSBORF4765	1	CCSBORF2012	3AT	3	1172C>T	0	NC_000021.9:44893455:G:A	CCSBVarC007536	ENSP00000498780.1:p.Thr391Met	ITGB2	ENSG00000160255	LHFPL5
HsVcPillar2a6	CCSBORF4765	1	CCSBORF2012	3AT	3	130A>C	0	NC_000021.9:44910300:T:G	CCSBVarC008418	ENSP00000498780.1:p.Thr44Pro	ITGB2	ENSG00000160255	LHFPL5
HsVcPillar2a6	CCSBORF4765	1	CCSBORF2012	3AT	3	1670G>C	0	NC_000021.9:44889482:C:G	CCSBVarC008425	ENSP00000498780.1:p.Cys557Ser	ITGB2	ENSG00000160255	LHFPL5
HsVcPillar2a6	CCSBORF4765	1	CCSBORF2012	3AT	3	1756C>T	0	NC_000021.9:44889396:G:A	CCSBVarC008429	ENSP00000498780.1:p.Arg586Trp	ITGB2	ENSG00000160255	LHFPL5
HsVcPillar2a6	CCSBORF4765	1	CCSBORF2012	3AT	3	1768T>C	2	NC_000021.9:44889384:A:G	CCSBVarC000703	ENSP00000498780.1:p.Cys590Arg	ITGB2	ENSG00000160255	LHFPL5
HsVcPillar2a6	CCSBORF4765	1	CCSBORF2012	3AT	3	1835G>T	0	NC_000021.9:44889317:C:A	CCSBVarC009514	ENSP00000498780.1:p.Cys612Phe	ITGB2	ENSG00000160255	LHFPL5
HsVcPillar2a6	CCSBORF4765	1	CCSBORF2012	3AT	3	2147G>C	1	NC_000021.9:44886835:C:G	CCSBVarC008410	ENSP00000498780.1:p.Gly716Ala	ITGB2	ENSG00000160255	LHFPL5
HsVcPillar2a6	CCSBORF4765	1	CCSBORF2012	3AT	3	229G>A	0	NC_000021.9:44907013:C:T	CCSBVarC008408	ENSP00000498780.1:p.Asp77Asn	ITGB2	ENSG00000160255	LHFPL5
HsVcPillar2a6	CCSBORF4765	1	CCSBORF2012	3AT	3	392A>C	0	NC_000021.9:44903471:T:G	CCSBVarC008404	ENSP00000498780.1:p.Tyr131Ser	ITGB2	ENSG00000160255	LHFPL5
HsVcPillar2a6	CCSBORF4765	1	CCSBORF2012	3AT	3	412T>C	0	NC_000021.9:44903451:A:G	CCSBVarC000701	ENSP00000498780.1:p.Ser138Pro	ITGB2	ENSG00000160255	LHFPL5
HsVcPillar2a6	CCSBORF4765	1	CCSBORF2012	3AT	3	446T>C	0	NC_000021.9:44903417:A:G	CCSBVarC007547	ENSP00000498780.1:p.Leu149Pro	ITGB2	ENSG00000160255	LHFPL5
HsVcPillar2a6	CCSBORF4765	1	CCSBORF2012	3AT	3	520A>G	0	NC_000021.9:44901712:T:C	CCSBVarC008420	ENSP00000498780.1:p.Lys174Glu	ITGB2	ENSG00000160255	LHFPL5
HsVcPillar2a6	CCSBORF4765	1	CCSBORF2012	3AT	3	533C>T	0	NC_000021.9:44901699:G:A	CCSBVarC007545	ENSP00000498780.1:p.Pro178Leu	ITGB2	ENSG00000160255	LHFPL5
HsVcPillar2a6	CCSBORF4765	1	CCSBORF2012	3AT	3	706G>A	0	NC_000021.9:44901526:C:T	CCSBVarC007542	ENSP00000498780.1:p.Gly236Arg	ITGB2	ENSG00000160255	LHFPL5
HsVcPillar2a6	CCSBORF4765	1	CCSBORF2012	3AT	3	769C>T	2	NC_000021.9:44900447:G:A	CCSBVarC008422	ENSP00000498780.1:p.Arg257Trp	ITGB2	ENSG00000160255	LHFPL5
HsVcPillar2a6	CCSBORF4765	1	CCSBORF2012	3AT	3	850G>A	1	NC_000021.9:44900366:C:T	CCSBVarC007539	ENSP00000498780.1:p.Gly284Ser	ITGB2	ENSG00000160255	LHFPL5
HsVcPillar2a6	CCSBORF4765	1	CCSBORF2012	3AT	3	899A>T	0	NC_000021.9:44899160:T:A	CCSBVarC003145	ENSP00000498780.1:p.Asp300Val	ITGB2	ENSG00000160255	LHFPL5
HsVcPillar2a6	CCSBORF4765	3	CCSBORF2012	3AT	3	REF	0	NULL	NULL	NULL	ITGB2	ENSG00000160255	LHFPL5
HsVcPillar2a6	CCSBORF4765	3	CCSBORF2012	3AT	3	130A>C	0	NC_000021.9:44910300:T:G	CCSBVarC008418	ENSP00000498780.1:p.Thr44Pro	ITGB2	ENSG00000160255	LHFPL5
HsVcPillar2a6	CCSBORF4765	3	CCSBORF2012	3AT	3	1324C>T	0	NC_000021.9:44891896:G:A	CCSBVarC007535	ENSP00000498780.1:p.Leu442Phe	ITGB2	ENSG00000160255	LHFPL5
HsVcPillar2a6	CCSBORF4765	3	CCSBORF2012	3AT	3	1358G>A	0	NC_000021.9:44891862:C:T	CCSBVarC008424	ENSP00000498780.1:p.Ser453Asn	ITGB2	ENSG00000160255	LHFPL5
HsVcPillar2a6	CCSBORF4765	3	CCSBORF2012	3AT	3	1642G>T	0	NC_000021.9:44889992:C:A	CCSBVarC007534	ENSP00000498780.1:p.Val548Phe	ITGB2	ENSG00000160255	LHFPL5
HsVcPillar2a6	CCSBORF4765	3	CCSBORF2012	3AT	3	1670G>C	0	NC_000021.9:44889482:C:G	CCSBVarC008425	ENSP00000498780.1:p.Cys557Ser	ITGB2	ENSG00000160255	LHFPL5
HsVcPillar2a6	CCSBORF4765	3	CCSBORF2012	3AT	3	1697C>T	0	NC_000021.9:44889455:G:A	CCSBVarC007533	ENSP00000498780.1:p.Pro566Leu	ITGB2	ENSG00000160255	LHFPL5
HsVcPillar2a6	CCSBORF4765	3	CCSBORF2012	3AT	3	1768T>C	0	NC_000021.9:44889384:A:G	CCSBVarC000703	ENSP00000498780.1:p.Cys590Arg	ITGB2	ENSG00000160255	LHFPL5
HsVcPillar2a6	CCSBORF4765	3	CCSBORF2012	3AT	3	2210G>A	0	NC_000021.9:44886772:C:T	CCSBVarC007532	ENSP00000498780.1:p.Arg737His	ITGB2	ENSG00000160255	LHFPL5
HsVcPillar2a6	CCSBORF4765	3	CCSBORF2012	3AT	3	253G>A	0	NC_000021.9:44906989:C:T	CCSBVarC007548	ENSP00000498780.1:p.Ala85Thr	ITGB2	ENSG00000160255	LHFPL5
HsVcPillar2a6	CCSBORF4765	3	CCSBORF2012	3AT	3	400G>A	0	NC_000021.9:44903463:C:T	CCSBVarC008399	ENSP00000498780.1:p.Asp134Asn	ITGB2	ENSG00000160255	LHFPL5
HsVcPillar2a6	CCSBORF4765	3	CCSBORF2012	3AT	3	587A>C	0	NC_000021.9:44901645:T:G	CCSBVarC007544	ENSP00000498780.1:p.Lys196Thr	ITGB2	ENSG00000160255	LHFPL5
HsVcPillar2a6	CCSBORF4765	3	CCSBORF2012	3AT	3	589G>A	0	NC_000021.9:44901643:C:T	CCSBVarC007543	ENSP00000498780.1:p.Glu197Lys	ITGB2	ENSG00000160255	LHFPL5
HsVcPillar2a6	CCSBORF4765	3	CCSBORF2012	3AT	3	706G>A	0	NC_000021.9:44901526:C:T	CCSBVarC007542	ENSP00000498780.1:p.Gly236Arg	ITGB2	ENSG00000160255	LHFPL5
HsVcPillar2a6	CCSBORF4765	3	CCSBORF2012	3AT	3	809C>T	0	NC_000021.9:44900407:G:A	CCSBVarC008389	ENSP00000498780.1:p.Ala270Val	ITGB2	ENSG00000160255	LHFPL5
HsVcPillar2a6	CCSBORF4765	3	CCSBORF2012	3AT	3	847G>A	0	NC_000021.9:44900369:C:T	CCSBVarC007540	ENSP00000498780.1:p.Asp283Asn	ITGB2	ENSG00000160255	LHFPL5
HsVcPillar2a6	CCSBORF4765	3	CCSBORF2012	3AT	3	853C>T	0	NC_000021.9:44900363:G:A	CCSBVarC007538	ENSP00000498780.1:p.Arg285Cys	ITGB2	ENSG00000160255	LHFPL5
HsVcPillar2a6	CCSBORF4765	3	CCSBORF2012	3AT	3	899A>T	0	NC_000021.9:44899160:T:A	CCSBVarC003145	ENSP00000498780.1:p.Asp300Val	ITGB2	ENSG00000160255	LHFPL5
HsVcPillar2a6	CCSBORF100016069	3	CCSBORF0	3AT	3	REF	0	NULL	NULL	NULL	KCNJ2	ENSG00000123700	empty_AD
HsVcPillar2a6	CCSBORF100016069	3	CCSBORF0	3AT	3	119G>A	0	NC_000017.11:70175157:G:A	CCSBVarC008308	ENSP00000243457.2:p.Arg40Gln	KCNJ2	ENSG00000123700	empty_AD
HsVcPillar2a6	CCSBORF100016069	3	CCSBORF0	3AT	3	1229A>G	0	NC_000017.11:70176267:A:G	CCSBVarC008357	ENSP00000243457.2:p.Asn410Ser	KCNJ2	ENSG00000123700	empty_AD
HsVcPillar2a6	CCSBORF100016069	3	CCSBORF0	3AT	3	1244C>T	0	NC_000017.11:70176282:C:T	CCSBVarC008358	ENSP00000243457.2:p.Pro415Leu	KCNJ2	ENSG00000123700	empty_AD
HsVcPillar2a6	CCSBORF100016069	3	CCSBORF0	3AT	3	161G>T	0	NC_000017.11:70175199:G:T	CCSBVarC008310	ENSP00000243457.2:p.Cys54Phe	KCNJ2	ENSG00000123700	empty_AD
HsVcPillar2a6	CCSBORF100016069	3	CCSBORF0	3AT	3	200G>A	0	NC_000017.11:70175238:G:A	CCSBVarC008312	ENSP00000243457.2:p.Arg67Gln	KCNJ2	ENSG00000123700	empty_AD
HsVcPillar2a6	CCSBORF100016069	3	CCSBORF0	3AT	3	208G>A	0	NC_000017.11:70175246:G:A	CCSBVarC008313	ENSP00000243457.2:p.Ala70Thr	KCNJ2	ENSG00000123700	empty_AD
HsVcPillar2a6	CCSBORF100016069	3	CCSBORF0	3AT	3	208G>T	0	NC_000017.11:70175246:G:T	CCSBVarC008314	ENSP00000243457.2:p.Ala70Ser	KCNJ2	ENSG00000123700	empty_AD
HsVcPillar2a6	CCSBORF100016069	3	CCSBORF0	3AT	3	211G>C	0	NC_000017.11:70175249:G:C	CCSBVarC008316	ENSP00000243457.2:p.Asp71His	KCNJ2	ENSG00000123700	empty_AD
HsVcPillar2a6	CCSBORF100016069	3	CCSBORF0	3AT	3	226T>G	0	NC_000017.11:70175264:T:G	CCSBVarC008320	ENSP00000243457.2:p.Cys76Gly	KCNJ2	ENSG00000123700	empty_AD
HsVcPillar2a6	CCSBORF100016069	3	CCSBORF0	3AT	3	232G>T	0	NC_000017.11:70175270:G:T	CCSBVarC035501	ENSP00000243457.2:p.Asp78Tyr	KCNJ2	ENSG00000123700	empty_AD
HsVcPillar2a6	CCSBORF100016069	3	CCSBORF0	3AT	3	233A>G	0	NC_000017.11:70175271:A:G	CCSBVarC008321	ENSP00000243457.2:p.Asp78Gly	KCNJ2	ENSG00000123700	empty_AD
HsVcPillar2a6	CCSBORF100016069	3	CCSBORF0	3AT	3	256G>T	0	NC_000017.11:70175294:G:T	CCSBVarC008324	ENSP00000243457.2:p.Val86Phe	KCNJ2	ENSG00000123700	empty_AD
HsVcPillar2a6	CCSBORF100016069	3	CCSBORF0	3AT	3	277G>A	0	NC_000017.11:70175315:G:A	CCSBVarC008325	ENSP00000243457.2:p.Val93Ile	KCNJ2	ENSG00000123700	empty_AD
HsVcPillar2a6	CCSBORF100016069	3	CCSBORF0	3AT	3	557C>T	0	NC_000017.11:70175595:C:T	CCSBVarC008330	ENSP00000243457.2:p.Pro186Leu	KCNJ2	ENSG00000123700	empty_AD
HsVcPillar2a6	CCSBORF100016069	3	CCSBORF0	3AT	3	566G>A	0	NC_000017.11:70175604:G:A	CCSBVarC008332	ENSP00000243457.2:p.Arg189Lys	KCNJ2	ENSG00000123700	empty_AD
HsVcPillar2a6	CCSBORF100016069	3	CCSBORF0	3AT	3	566G>T	0	NC_000017.11:70175604:G:T	CCSBVarC008333	ENSP00000243457.2:p.Arg189Ile	KCNJ2	ENSG00000123700	empty_AD
HsVcPillar2a6	CCSBORF100016069	3	CCSBORF0	3AT	3	574A>G	0	NC_000017.11:70175612:A:G	CCSBVarC035585	ENSP00000243457.2:p.Thr192Ala	KCNJ2	ENSG00000123700	empty_AD
HsVcPillar2a6	CCSBORF100016069	3	CCSBORF0	3AT	3	616G>A	0	NC_000017.11:70175654:G:A	CCSBVarC008334	ENSP00000243457.2:p.Gly206Ser	KCNJ2	ENSG00000123700	empty_AD
HsVcPillar2a6	CCSBORF100016069	3	CCSBORF0	3AT	3	646A>C	0	NC_000017.11:70175684:A:C	CCSBVarC008336	ENSP00000243457.2:p.Asn216His	KCNJ2	ENSG00000123700	empty_AD
HsVcPillar2a6	CCSBORF100016069	3	CCSBORF0	3AT	3	773T>C	0	NC_000017.11:70175811:T:C	CCSBVarC008337	ENSP00000243457.2:p.Ile258Thr	KCNJ2	ENSG00000123700	empty_AD
HsVcPillar2a6	CCSBORF100016069	3	CCSBORF0	3AT	3	779G>C	0	NC_000017.11:70175817:G:C	CCSBVarC008338	ENSP00000243457.2:p.Arg260Pro	KCNJ2	ENSG00000123700	empty_AD
HsVcPillar2a6	CCSBORF100016069	3	CCSBORF0	3AT	3	806T>A	0	NC_000017.11:70175844:T:A	CCSBVarC008339	ENSP00000243457.2:p.Ile269Lys	KCNJ2	ENSG00000123700	empty_AD
HsVcPillar2a6	CCSBORF100016069	3	CCSBORF0	3AT	3	901A>G	0	NC_000017.11:70175939:A:G	CCSBVarC008346	ENSP00000243457.2:p.Met301Val	KCNJ2	ENSG00000123700	empty_AD
HsVcPillar2a6	CCSBORF100016069	3	CCSBORF0	3AT	3	902T>G	0	NC_000017.11:70175940:T:G	CCSBVarC008347	ENSP00000243457.2:p.Met301Arg	KCNJ2	ENSG00000123700	empty_AD
HsVcPillar2a6	CCSBORF100016069	3	CCSBORF0	3AT	3	953A>G	0	NC_000017.11:70175991:A:G	CCSBVarC008350	ENSP00000243457.2:p.Asn318Ser	KCNJ2	ENSG00000123700	empty_AD
HsVcPillar2a6	CCSBORF100016069	3	CCSBORF0	3AT	3	973C>T	0	NC_000017.11:70176011:C:T	CCSBVarC008352	ENSP00000243457.2:p.Arg325Cys	KCNJ2	ENSG00000123700	empty_AD
HsVcPillar2a6	CCSBORF100016069	3	CCSBORF0	3AT	3	976T>A	0	NC_000017.11:70176014:T:A	CCSBVarC008353	ENSP00000243457.2:p.Tyr326Asn	KCNJ2	ENSG00000123700	empty_AD
HsVcPillar2a6	CCSBORF359	3	CCSBORF5539	3AT	3	REF	207	NULL	NULL	NULL	CBS	ENSG00000160200	ZMYM5
HsVcPillar2a6	CCSBORF359	3	CCSBORF5539	3AT	3	1007G>A	0	NC_000021.9:43062342:C:T	CCSBVarC007316	ENSP00000381231.4:p.Arg336His	CBS	ENSG00000160200	ZMYM5
HsVcPillar2a6	CCSBORF359	3	CCSBORF5539	3AT	3	1070C>G	0	NC_000021.9:43060515:G:C	CCSBVarC007311	ENSP00000381231.4:p.Ala357Gly	CBS	ENSG00000160200	ZMYM5
HsVcPillar2a6	CCSBORF359	3	CCSBORF5539	3AT	3	1109G>A	5	NC_000021.9:43060476:C:T	CCSBVarC007309	ENSP00000381231.4:p.Cys370Tyr	CBS	ENSG00000160200	ZMYM5
HsVcPillar2a6	CCSBORF359	3	CCSBORF5539	3AT	3	112G>A	1	NC_000021.9:43072081:C:T	CCSBVarC007365	ENSP00000381231.4:p.Ala38Thr	CBS	ENSG00000160200	ZMYM5
HsVcPillar2a6	CCSBORF359	3	CCSBORF5539	3AT	3	1265C>T	3	NC_000021.9:43058926:G:A	CCSBVarC007304	ENSP00000381231.4:p.Pro422Leu	CBS	ENSG00000160200	ZMYM5
HsVcPillar2a6	CCSBORF359	3	CCSBORF5539	3AT	3	133C>T	70	NC_000021.9:43072060:G:A	CCSBVarC007364	ENSP00000381231.4:p.Arg45Trp	CBS	ENSG00000160200	ZMYM5
HsVcPillar2a6	CCSBORF359	3	CCSBORF5539	3AT	3	1353G>C	1	NC_000021.9:43058838:C:G	CCSBVarC007301	ENSP00000381231.4:p.Glu451Asp	CBS	ENSG00000160200	ZMYM5
HsVcPillar2a6	CCSBORF359	3	CCSBORF5539	3AT	3	1358G>A	0	NC_000021.9:43058833:C:T	CCSBVarC007299	ENSP00000381231.4:p.Gly453Glu	CBS	ENSG00000160200	ZMYM5
HsVcPillar2a6	CCSBORF359	3	CCSBORF5539	3AT	3	1411G>A	0	NC_000021.9:43058200:C:T	CCSBVarC007297	ENSP00000381231.4:p.Gly471Arg	CBS	ENSG00000160200	ZMYM5
HsVcPillar2a6	CCSBORF359	3	CCSBORF5539	3AT	3	1539C>G	23	NC_000021.9:43056815:G:C	CCSBVarC007295	ENSP00000381231.4:p.His513Gln	CBS	ENSG00000160200	ZMYM5
HsVcPillar2a6	CCSBORF359	3	CCSBORF5539	3AT	3	209C>T	11	NC_000021.9:43071984:G:A	CCSBVarC007361	ENSP00000381231.4:p.Pro70Leu	CBS	ENSG00000160200	ZMYM5
HsVcPillar2a6	CCSBORF359	3	CCSBORF5539	3AT	3	215A>T	25	NC_000021.9:43068609:T:A	CCSBVarC007360	ENSP00000381231.4:p.Lys72Ile	CBS	ENSG00000160200	ZMYM5
HsVcPillar2a6	CCSBORF359	3	CCSBORF5539	3AT	3	296T>A	9	NC_000021.9:43068528:A:T	CCSBVarC007357	ENSP00000381231.4:p.Phe99Tyr	CBS	ENSG00000160200	ZMYM5
HsVcPillar2a6	CCSBORF359	3	CCSBORF5539	3AT	3	297C>G	2	NC_000021.9:43068527:G:C	CCSBVarC007356	ENSP00000381231.4:p.Phe99Leu	CBS	ENSG00000160200	ZMYM5
HsVcPillar2a6	CCSBORF359	3	CCSBORF5539	3AT	3	340G>A	5	NC_000021.9:43066353:C:T	CCSBVarC007351	ENSP00000381231.4:p.Ala114Thr	CBS	ENSG00000160200	ZMYM5
HsVcPillar2a6	CCSBORF359	3	CCSBORF5539	3AT	3	394C>A	23	NC_000021.9:43066299:G:T	CCSBVarC007345	ENSP00000381231.4:p.Arg132Ser	CBS	ENSG00000160200	ZMYM5
HsVcPillar2a6	CCSBORF359	3	CCSBORF5539	3AT	3	401G>C	0	NC_000021.9:43066292:C:G	CCSBVarC007341	ENSP00000381231.4:p.Gly134Ala	CBS	ENSG00000160200	ZMYM5
HsVcPillar2a6	CCSBORF359	3	CCSBORF5539	3AT	3	429C>G	6	NC_000021.9:43066264:G:C	CCSBVarC008694	ENSP00000381231.4:p.Ile143Met	CBS	ENSG00000160200	ZMYM5
HsVcPillar2a6	CCSBORF359	3	CCSBORF5539	3AT	3	5C>T	0	NC_000021.9:43072188:G:A	CCSBVarC007369	ENSP00000381231.4:p.Pro2Leu	CBS	ENSG00000160200	ZMYM5
HsVcPillar2a6	CCSBORF359	3	CCSBORF5539	3AT	3	622T>C	3	NC_000021.9:43065430:A:G	CCSBVarC007331	ENSP00000381231.4:p.Trp208Arg	CBS	ENSG00000160200	ZMYM5
HsVcPillar2a6	CCSBORF359	3	CCSBORF5539	3AT	3	65A>G	2	NC_000021.9:43072128:T:C	CCSBVarC007366	ENSP00000381231.4:p.His22Arg	CBS	ENSG00000160200	ZMYM5
HsVcPillar2a6	CCSBORF359	3	CCSBORF5539	3AT	3	750G>A	1	NC_000021.9:43063977:C:T	CCSBVarC007327	ENSP00000381231.4:p.Met250Ile	CBS	ENSG00000160200	ZMYM5
HsVcPillar2a6	CCSBORF359	3	CCSBORF5539	3AT	3	770C>T	11	NC_000021.9:43063957:G:A	CCSBVarC007326	ENSP00000381231.4:p.Thr257Met	CBS	ENSG00000160200	ZMYM5
HsVcPillar2a6	CCSBORF359	3	CCSBORF5539	3AT	3	857T>C	9	NC_000021.9:43063049:A:G	CCSBVarC007322	ENSP00000381231.4:p.Ile286Thr	CBS	ENSG00000160200	ZMYM5
HsVcPillar2a6	CCSBORF359	3	CCSBORF5539	3AT	3	953C>T	33	NC_000021.9:43062953:G:A	CCSBVarC007320	ENSP00000381231.4:p.Thr318Met	CBS	ENSG00000160200	ZMYM5
HsVcPillar2a6	CCSBORF12573	2	CCSBORF5539	3AT	3	REF	1966	NULL	NULL	NULL	DES	ENSG00000175084	ZMYM5
HsVcPillar2a6	CCSBORF12573	2	CCSBORF5539	3AT	3	1027G>A	303	NC_000002.12:219421342:G:A	CCSBVarC007854	ENSP00000363071.3:p.Asp343Asn	DES	ENSG00000175084	ZMYM5
HsVcPillar2a6	CCSBORF12573	2	CCSBORF5539	3AT	3	1048C>T	285	NC_000002.12:219421363:C:T	CCSBVarC007859	ENSP00000363071.3:p.Arg350Trp	DES	ENSG00000175084	ZMYM5
HsVcPillar2a6	CCSBORF12573	2	CCSBORF5539	3AT	3	1133A>C	96	NC_000002.12:219421448:A:C	CCSBVarC007865	ENSP00000363071.3:p.Lys378Thr	DES	ENSG00000175084	ZMYM5
HsVcPillar2a6	CCSBORF12573	2	CCSBORF5539	3AT	3	1166A>C	4	NC_000002.12:219421481:A:C	CCSBVarC007868	ENSP00000363071.3:p.Gln389Pro	DES	ENSG00000175084	ZMYM5
HsVcPillar2a6	CCSBORF12573	2	CCSBORF5539	3AT	3	1175T>C	328	NC_000002.12:219421490:T:C	CCSBVarC007870	ENSP00000363071.3:p.Leu392Pro	DES	ENSG00000175084	ZMYM5
HsVcPillar2a6	CCSBORF12573	2	CCSBORF5539	3AT	3	1195G>T	107	NC_000002.12:219421510:G:T	CCSBVarC007874	ENSP00000363071.3:p.Asp399Tyr	DES	ENSG00000175084	ZMYM5
HsVcPillar2a6	CCSBORF12573	2	CCSBORF5539	3AT	3	1203G>C	255	NC_000002.12:219421518:G:C	CCSBVarC028104	ENSP00000363071.3:p.Glu401Asp	DES	ENSG00000175084	ZMYM5
HsVcPillar2a6	CCSBORF12573	2	CCSBORF5539	3AT	3	1243C>T	483	NC_000002.12:219421558:C:T	CCSBVarC007878	ENSP00000363071.3:p.Arg415Trp	DES	ENSG00000175084	ZMYM5
HsVcPillar2a6	CCSBORF12573	2	CCSBORF5539	3AT	3	1255C>T	540	NC_000002.12:219423786:C:T	CCSBVarC006508	ENSP00000363071.3:p.Pro419Ser	DES	ENSG00000175084	ZMYM5
HsVcPillar2a6	CCSBORF12573	2	CCSBORF5539	3AT	3	127A>G	478	NC_000002.12:219418588:A:G	CCSBVarC007791	ENSP00000363071.3:p.Lys43Glu	DES	ENSG00000175084	ZMYM5
HsVcPillar2a6	CCSBORF12573	2	CCSBORF5539	3AT	3	130G>A	3	NC_000002.12:219418591:G:A	CCSBVarC007792	ENSP00000363071.3:p.Gly44Ser	DES	ENSG00000175084	ZMYM5
HsVcPillar2a6	CCSBORF12573	2	CCSBORF5539	3AT	3	1346A>C	38	NC_000002.12:219425719:A:C	CCSBVarC007886	ENSP00000363071.3:p.Lys449Thr	DES	ENSG00000175084	ZMYM5
HsVcPillar2a6	CCSBORF12573	2	CCSBORF5539	3AT	3	1353C>G	578	NC_000002.12:219425726:C:G	CCSBVarC007887	ENSP00000363071.3:p.Ile451Met	DES	ENSG00000175084	ZMYM5
HsVcPillar2a6	CCSBORF12573	2	CCSBORF5539	3AT	3	1404A>C	412	NC_000002.12:219425980:A:C	CCSBVarC007892	ENSP00000363071.3:p.Glu468Asp	DES	ENSG00000175084	ZMYM5
HsVcPillar2a6	CCSBORF12573	2	CCSBORF5539	3AT	3	154C>A	1751	NC_000002.12:219418615:C:A	CCSBVarC007793	ENSP00000363071.3:p.Arg52Ser	DES	ENSG00000175084	ZMYM5
HsVcPillar2a6	CCSBORF12573	2	CCSBORF5539	3AT	3	170C>T	531	NC_000002.12:219418631:C:T	CCSBVarC007795	ENSP00000363071.3:p.Ser57Leu	DES	ENSG00000175084	ZMYM5
HsVcPillar2a6	CCSBORF12573	2	CCSBORF5539	3AT	3	229A>G	212	NC_000002.12:219418690:A:G	CCSBVarC028052	ENSP00000363071.3:p.Thr77Ala	DES	ENSG00000175084	ZMYM5
HsVcPillar2a6	CCSBORF12573	2	CCSBORF5539	3AT	3	376G>T	191	NC_000002.12:219418837:G:T	CCSBVarC007809	ENSP00000363071.3:p.Val126Leu	DES	ENSG00000175084	ZMYM5
HsVcPillar2a6	CCSBORF12573	2	CCSBORF5539	3AT	3	38C>T	520	NC_000002.12:219418499:C:T	CCSBVarC007783	ENSP00000363071.3:p.Ser13Phe	DES	ENSG00000175084	ZMYM5
HsVcPillar2a6	CCSBORF12573	2	CCSBORF5539	3AT	3	407T>C	197	NC_000002.12:219418868:T:C	CCSBVarC007813	ENSP00000363071.3:p.Leu136Pro	DES	ENSG00000175084	ZMYM5
HsVcPillar2a6	CCSBORF12573	2	CCSBORF5539	3AT	3	449G>A	245	NC_000002.12:219418910:G:A	CCSBVarC007816	ENSP00000363071.3:p.Arg150Gln	DES	ENSG00000175084	ZMYM5
HsVcPillar2a6	CCSBORF12573	2	CCSBORF5539	3AT	3	46C>T	742	NC_000002.12:219418507:C:T	CCSBVarC007784	ENSP00000363071.3:p.Arg16Cys	DES	ENSG00000175084	ZMYM5
HsVcPillar2a6	CCSBORF12573	2	CCSBORF5539	3AT	3	529G>A	488	NC_000002.12:219418990:G:A	CCSBVarC007819	ENSP00000363071.3:p.Asp177Asn	DES	ENSG00000175084	ZMYM5
HsVcPillar2a6	CCSBORF12573	2	CCSBORF5539	3AT	3	566G>A	205	NC_000002.12:219419027:G:A	CCSBVarC007821	ENSP00000363071.3:p.Arg189Gln	DES	ENSG00000175084	ZMYM5
HsVcPillar2a6	CCSBORF12573	2	CCSBORF5539	3AT	3	58G>A	275	NC_000002.12:219418519:G:A	CCSBVarC007785	ENSP00000363071.3:p.Gly20Arg	DES	ENSG00000175084	ZMYM5
HsVcPillar2a6	CCSBORF12573	2	CCSBORF5539	3AT	3	623T>C	321	NC_000002.12:219420138:T:C	CCSBVarC007822	ENSP00000363071.3:p.Leu208Ser	DES	ENSG00000175084	ZMYM5
HsVcPillar2a6	CCSBORF12573	2	CCSBORF5539	3AT	3	638C>T	862	NC_000002.12:219420153:C:T	CCSBVarC007825	ENSP00000363071.3:p.Ala213Val	DES	ENSG00000175084	ZMYM5
HsVcPillar2a6	CCSBORF12573	2	CCSBORF5539	3AT	3	785A>T	340	NC_000002.12:219420543:A:T	CCSBVarC007837	ENSP00000363071.3:p.Glu262Val	DES	ENSG00000175084	ZMYM5
HsVcPillar2a6	CCSBORF12573	2	CCSBORF5539	3AT	3	853G>A	1805	NC_000002.12:219420611:G:A	CCSBVarC007840	ENSP00000363071.3:p.Ala285Thr	DES	ENSG00000175084	ZMYM5
HsVcPillar2a6	CCSBORF12573	2	CCSBORF5539	3AT	3	974G>A	17	NC_000002.12:219420903:G:A	CCSBVarC007845	ENSP00000363071.3:p.Arg325Gln	DES	ENSG00000175084	ZMYM5
HsVcPillar2a6	CCSBORF12573	2	CCSBORF5539	3AT	3	976C>T	237	NC_000002.12:219420905:C:T	CCSBVarC007846	ENSP00000363071.3:p.His326Tyr	DES	ENSG00000175084	ZMYM5
HsVcPillar2a6	CCSBORF7923	1	CCSBORF6953	3AT	3	REF	0	NULL	NULL	NULL	FAH	ENSG00000103876	PLEKHF2
HsVcPillar2a6	CCSBORF7923	1	CCSBORF6953	3AT	3	1027G>A	0	NC_000015.10:80180189:G:A	CCSBVarC025379	ENSP00000453347.2:p.Gly343Arg	FAH	ENSG00000103876	PLEKHF2
HsVcPillar2a6	CCSBORF7923	1	CCSBORF6953	3AT	3	1027G>T	0	NC_000015.10:80180189:G:T	CCSBVarC025383	ENSP00000453347.2:p.Gly343Trp	FAH	ENSG00000103876	PLEKHF2
HsVcPillar2a6	CCSBORF7923	1	CCSBORF6953	3AT	3	1028G>A	0	NC_000015.10:80180190:G:A	CCSBVarC025390	ENSP00000453347.2:p.Gly343Glu	FAH	ENSG00000103876	PLEKHF2
HsVcPillar2a6	CCSBORF7923	1	CCSBORF6953	3AT	3	1090G>C	0	NC_000015.10:80181068:G:C	CCSBVarC025393	ENSP00000453347.2:p.Glu364Gln	FAH	ENSG00000103876	PLEKHF2
HsVcPillar2a6	CCSBORF7923	1	CCSBORF6953	3AT	3	10A>C	0	NC_000015.10:80153063:A:C	CCSBVarC025280	ENSP00000453347.2:p.Ile4Leu	FAH	ENSG00000103876	PLEKHF2
HsVcPillar2a6	CCSBORF7923	1	CCSBORF6953	3AT	3	122T>C	0	NC_000015.10:80158099:T:C	CCSBVarC025294	ENSP00000453347.2:p.Leu41Pro	FAH	ENSG00000103876	PLEKHF2
HsVcPillar2a6	CCSBORF7923	1	CCSBORF6953	3AT	3	391C>T	0	NC_000015.10:80162271:C:T	CCSBVarC025297	ENSP00000453347.2:p.Arg131Trp	FAH	ENSG00000103876	PLEKHF2
HsVcPillar2a6	CCSBORF7923	1	CCSBORF6953	3AT	3	398A>T	0	NC_000015.10:80162278:A:T	CCSBVarC025300	ENSP00000453347.2:p.His133Leu	FAH	ENSG00000103876	PLEKHF2
HsVcPillar2a6	CCSBORF7923	1	CCSBORF6953	3AT	3	424A>G	0	NC_000015.10:80162304:A:G	CCSBVarC025306	ENSP00000453347.2:p.Arg142Gly	FAH	ENSG00000103876	PLEKHF2
HsVcPillar2a6	CCSBORF7923	1	CCSBORF6953	3AT	3	497T>G	0	NC_000015.10:80168092:T:G	CCSBVarC025309	ENSP00000453347.2:p.Val166Gly	FAH	ENSG00000103876	PLEKHF2
HsVcPillar2a6	CCSBORF7923	1	CCSBORF6953	3AT	3	53C>T	0	NC_000015.10:80153106:C:T	CCSBVarC025288	ENSP00000453347.2:p.Pro18Leu	FAH	ENSG00000103876	PLEKHF2
HsVcPillar2a6	CCSBORF7923	1	CCSBORF6953	3AT	3	61G>T	0	NC_000015.10:80153114:G:T	CCSBVarC025291	ENSP00000453347.2:p.Val21Phe	FAH	ENSG00000103876	PLEKHF2
HsVcPillar2a6	CCSBORF7923	1	CCSBORF6953	3AT	3	697G>A	0	NC_000015.10:80172238:G:A	CCSBVarC025329	ENSP00000453347.2:p.Asp233Asn	FAH	ENSG00000103876	PLEKHF2
HsVcPillar2a6	CCSBORF7923	1	CCSBORF6953	3AT	3	700T>G	0	NC_000015.10:80172241:T:G	CCSBVarC025333	ENSP00000453347.2:p.Trp234Gly	FAH	ENSG00000103876	PLEKHF2
HsVcPillar2a6	CCSBORF7923	1	CCSBORF6953	3AT	3	742G>A	0	NC_000015.10:80173048:G:A	CCSBVarC025336	ENSP00000453347.2:p.Gly248Arg	FAH	ENSG00000103876	PLEKHF2
HsVcPillar2a6	CCSBORF7923	1	CCSBORF6953	3AT	3	745C>A	0	NC_000015.10:80173051:C:A	CCSBVarC025339	ENSP00000453347.2:p.Pro249Thr	FAH	ENSG00000103876	PLEKHF2
HsVcPillar2a6	CCSBORF7923	1	CCSBORF6953	3AT	3	880A>C	0	NC_000015.10:80175057:A:C	CCSBVarC025345	ENSP00000453347.2:p.Thr294Pro	FAH	ENSG00000103876	PLEKHF2
HsVcPillar2a6	CCSBORF7923	1	CCSBORF6953	3AT	3	974C>T	0	NC_000015.10:80180136:C:T	CCSBVarC025348	ENSP00000453347.2:p.Thr325Met	FAH	ENSG00000103876	PLEKHF2
HsVcPillar2a6	CCSBORF300	3	CCSBORF8190	3AT	3	REF	416	NULL	NULL	NULL	GALT	ENSG00000213930	UBTD2
HsVcPillar2a6	CCSBORF300	3	CCSBORF8190	3AT	3	1024C>A	0	NC_000009.12:34649528:C:A	CCSBVarC007288	ENSP00000368119.4:p.Leu342Ile	GALT	ENSG00000213930	UBTD2
HsVcPillar2a6	CCSBORF300	3	CCSBORF8190	3AT	3	107C>T	44	NC_000009.12:34647112:C:T	CCSBVarC004975	ENSP00000368119.4:p.Pro36Leu	GALT	ENSG00000213930	UBTD2
HsVcPillar2a6	CCSBORF300	3	CCSBORF8190	3AT	3	1087G>A	3	NC_000009.12:34650395:G:A	CCSBVarC007293	ENSP00000368119.4:p.Glu363Lys	GALT	ENSG00000213930	UBTD2
HsVcPillar2a6	CCSBORF300	3	CCSBORF8190	3AT	3	1132A>G	4	NC_000009.12:34650440:A:G	CCSBVarC007294	ENSP00000368119.4:p.Ile378Val	GALT	ENSG00000213930	UBTD2
HsVcPillar2a6	CCSBORF300	3	CCSBORF8190	3AT	3	118G>A	3	NC_000009.12:34647123:G:A	CCSBVarC007146	ENSP00000368119.4:p.Glu40Lys	GALT	ENSG00000213930	UBTD2
HsVcPillar2a6	CCSBORF300	3	CCSBORF8190	3AT	3	130G>A	2	NC_000009.12:34647135:G:A	CCSBVarC007147	ENSP00000368119.4:p.Val44Met	GALT	ENSG00000213930	UBTD2
HsVcPillar2a6	CCSBORF300	3	CCSBORF8190	3AT	3	130G>T	1	NC_000009.12:34647135:G:T	CCSBVarC004976	ENSP00000368119.4:p.Val44Leu	GALT	ENSG00000213930	UBTD2
HsVcPillar2a6	CCSBORF300	3	CCSBORF8190	3AT	3	292G>A	10	NC_000009.12:34647530:G:A	CCSBVarC007164	ENSP00000368119.4:p.Asp98Asn	GALT	ENSG00000213930	UBTD2
HsVcPillar2a6	CCSBORF300	3	CCSBORF8190	3AT	3	292G>C	9	NC_000009.12:34647530:G:C	CCSBVarC007165	ENSP00000368119.4:p.Asp98His	GALT	ENSG00000213930	UBTD2
HsVcPillar2a6	CCSBORF300	3	CCSBORF8190	3AT	3	308A>G	894	NC_000009.12:34647546:A:G	CCSBVarC007167	ENSP00000368119.4:p.Gln103Arg	GALT	ENSG00000213930	UBTD2
HsVcPillar2a6	CCSBORF300	3	CCSBORF8190	3AT	3	341A>C	0	NC_000009.12:34647668:A:C	CCSBVarC007169	ENSP00000368119.4:p.His114Pro	GALT	ENSG00000213930	UBTD2
HsVcPillar2a6	CCSBORF300	3	CCSBORF8190	3AT	3	367C>G	435	NC_000009.12:34647694:C:G	CCSBVarC007171	ENSP00000368119.4:p.Arg123Gly	GALT	ENSG00000213930	UBTD2
HsVcPillar2a6	CCSBORF300	3	CCSBORF8190	3AT	3	386T>C	326	NC_000009.12:34647839:T:C	CCSBVarC007176	ENSP00000368119.4:p.Met129Thr	GALT	ENSG00000213930	UBTD2
HsVcPillar2a6	CCSBORF300	3	CCSBORF8190	3AT	3	387G>A	2	NC_000009.12:34647840:G:A	CCSBVarC007177	ENSP00000368119.4:p.Met129Ile	GALT	ENSG00000213930	UBTD2
HsVcPillar2a6	CCSBORF300	3	CCSBORF8190	3AT	3	442C>T	5	NC_000009.12:34647895:C:T	CCSBVarC007191	ENSP00000368119.4:p.Arg148Trp	GALT	ENSG00000213930	UBTD2
HsVcPillar2a6	CCSBORF300	3	CCSBORF8190	3AT	3	502G>A	0	NC_000009.12:34647955:G:A	CCSBVarC007200	ENSP00000368119.4:p.Val168Met	GALT	ENSG00000213930	UBTD2
HsVcPillar2a6	CCSBORF300	3	CCSBORF8190	3AT	3	556C>T	3	NC_000009.12:34648162:C:T	CCSBVarC004987	ENSP00000368119.4:p.His186Tyr	GALT	ENSG00000213930	UBTD2
HsVcPillar2a6	CCSBORF300	3	CCSBORF8190	3AT	3	580T>C	8976	NC_000009.12:34648348:T:C	CCSBVarC007219	ENSP00000368119.4:p.Phe194Leu	GALT	ENSG00000213930	UBTD2
HsVcPillar2a6	CCSBORF300	3	CCSBORF8190	3AT	3	584T>C	17	NC_000009.12:34648352:T:C	CCSBVarC007220	ENSP00000368119.4:p.Leu195Pro	GALT	ENSG00000213930	UBTD2
HsVcPillar2a6	CCSBORF300	3	CCSBORF8190	3AT	3	626A>C	21	NC_000009.12:34648394:A:C	CCSBVarC007227	ENSP00000368119.4:p.Tyr209Ser	GALT	ENSG00000213930	UBTD2
HsVcPillar2a6	CCSBORF300	3	CCSBORF8190	3AT	3	67A>G	5	NC_000009.12:34646770:A:G	CCSBVarC007136	ENSP00000368119.4:p.Thr23Ala	GALT	ENSG00000213930	UBTD2
HsVcPillar2a6	CCSBORF300	3	CCSBORF8190	3AT	3	74G>C	3161	NC_000009.12:34646777:G:C	CCSBVarC007137	ENSP00000368119.4:p.Arg25Pro	GALT	ENSG00000213930	UBTD2
HsVcPillar2a6	CCSBORF300	3	CCSBORF8190	3AT	3	752A>C	1	NC_000009.12:34648825:A:C	CCSBVarC007241	ENSP00000368119.4:p.Tyr251Ser	GALT	ENSG00000213930	UBTD2
HsVcPillar2a6	CCSBORF300	3	CCSBORF8190	3AT	3	814C>G	2	NC_000009.12:34648887:C:G	CCSBVarC007251	ENSP00000368119.4:p.Arg272Gly	GALT	ENSG00000213930	UBTD2
HsVcPillar2a6	CCSBORF300	3	CCSBORF8190	3AT	3	817G>C	3564	NC_000009.12:34648890:G:C	CCSBVarC007252	ENSP00000368119.4:p.Asp273His	GALT	ENSG00000213930	UBTD2
HsVcPillar2a6	CCSBORF300	3	CCSBORF8190	3AT	3	82G>A	2	NC_000009.12:34646785:G:A	CCSBVarC007138	ENSP00000368119.4:p.Asp28Asn	GALT	ENSG00000213930	UBTD2
HsVcPillar2a6	CCSBORF300	3	CCSBORF8190	3AT	3	82G>C	19	NC_000009.12:34646785:G:C	CCSBVarC007139	ENSP00000368119.4:p.Asp28His	GALT	ENSG00000213930	UBTD2
HsVcPillar2a6	CCSBORF300	3	CCSBORF8190	3AT	3	836T>G	0	NC_000009.12:34649012:T:G	CCSBVarC007254	ENSP00000368119.4:p.Met279Arg	GALT	ENSG00000213930	UBTD2
HsVcPillar2a6	CCSBORF300	3	CCSBORF8190	3AT	3	875C>T	2088	NC_000009.12:34649051:C:T	CCSBVarC007263	ENSP00000368119.4:p.Thr292Met	GALT	ENSG00000213930	UBTD2
HsVcPillar2a6	CCSBORF300	3	CCSBORF8190	3AT	3	968A>G	3	NC_000009.12:34649472:A:G	CCSBVarC007274	ENSP00000368119.4:p.Tyr323Cys	GALT	ENSG00000213930	UBTD2
HsVcPillar2a6	CCSBORF300	3	CCSBORF8190	3AT	3	982C>T	8	NC_000009.12:34649486:C:T	CCSBVarC007277	ENSP00000368119.4:p.Arg328Cys	GALT	ENSG00000213930	UBTD2
HsVcPillar2a6	CCSBORF300	3	CCSBORF8190	3AT	3	986C>T	2	NC_000009.12:34649490:C:T	CCSBVarC007280	ENSP00000368119.4:p.Ser329Phe	GALT	ENSG00000213930	UBTD2
HsVcPillar2a6	CCSBORF300	3	CCSBORF8190	3AT	3	997C>T	564	NC_000009.12:34649501:C:T	CCSBVarC007282	ENSP00000368119.4:p.Arg333Trp	GALT	ENSG00000213930	UBTD2
HsVcPillar2a6	CCSBORF300	7	CCSBORF8190	3AT	3	REF	383	NULL	NULL	NULL	GALT	ENSG00000213930	UBTD2
HsVcPillar2a6	CCSBORF300	7	CCSBORF8190	3AT	3	1030C>A	1832	NC_000009.12:34649534:C:A	CCSBVarC007289	ENSP00000368119.4:p.Gln344Lys	GALT	ENSG00000213930	UBTD2
HsVcPillar2a6	CCSBORF300	7	CCSBORF8190	3AT	3	142C>T	1785	NC_000009.12:34647147:C:T	CCSBVarC007150	ENSP00000368119.4:p.Arg48Cys	GALT	ENSG00000213930	UBTD2
HsVcPillar2a6	CCSBORF300	7	CCSBORF8190	3AT	3	199C>T	6496	NC_000009.12:34647204:C:T	CCSBVarC007157	ENSP00000368119.4:p.Arg67Cys	GALT	ENSG00000213930	UBTD2
HsVcPillar2a6	CCSBORF300	7	CCSBORF8190	3AT	3	221T>C	1803	NC_000009.12:34647226:T:C	CCSBVarC007159	ENSP00000368119.4:p.Leu74Pro	GALT	ENSG00000213930	UBTD2
HsVcPillar2a6	CCSBORF300	7	CCSBORF8190	3AT	3	265T>G	209	NC_000009.12:34647503:T:G	CCSBVarC007160	ENSP00000368119.4:p.Tyr89Asp	GALT	ENSG00000213930	UBTD2
HsVcPillar2a6	CCSBORF300	7	CCSBORF8190	3AT	3	299C>G	2004	NC_000009.12:34647537:C:G	CCSBVarC007166	ENSP00000368119.4:p.Pro100Arg	GALT	ENSG00000213930	UBTD2
HsVcPillar2a6	CCSBORF300	7	CCSBORF8190	3AT	3	329G>A	2	NC_000009.12:34647656:G:A	CCSBVarC007168	ENSP00000368119.4:p.Gly110Glu	GALT	ENSG00000213930	UBTD2
HsVcPillar2a6	CCSBORF300	7	CCSBORF8190	3AT	3	341A>T	83	NC_000009.12:34647668:A:T	CCSBVarC004980	ENSP00000368119.4:p.His114Leu	GALT	ENSG00000213930	UBTD2
HsVcPillar2a6	CCSBORF300	7	CCSBORF8190	3AT	3	396C>A	1493	NC_000009.12:34647849:C:A	CCSBVarC007181	ENSP00000368119.4:p.His132Gln	GALT	ENSG00000213930	UBTD2
HsVcPillar2a6	CCSBORF300	7	CCSBORF8190	3AT	3	404C>T	11	NC_000009.12:34647857:C:T	CCSBVarC007182	ENSP00000368119.4:p.Ser135Leu	GALT	ENSG00000213930	UBTD2
HsVcPillar2a6	CCSBORF300	7	CCSBORF8190	3AT	3	442C>G	38	NC_000009.12:34647895:C:G	CCSBVarC007190	ENSP00000368119.4:p.Arg148Gly	GALT	ENSG00000213930	UBTD2
HsVcPillar2a6	CCSBORF300	7	CCSBORF8190	3AT	3	460T>G	1	NC_000009.12:34647913:T:G	CCSBVarC007196	ENSP00000368119.4:p.Trp154Gly	GALT	ENSG00000213930	UBTD2
HsVcPillar2a6	CCSBORF300	7	CCSBORF8190	3AT	3	509T>A	1	NC_000009.12:34648115:T:A	CCSBVarC007202	ENSP00000368119.4:p.Ile170Asn	GALT	ENSG00000213930	UBTD2
HsVcPillar2a6	CCSBORF300	7	CCSBORF8190	3AT	3	509T>C	1	NC_000009.12:34648115:T:C	CCSBVarC007203	ENSP00000368119.4:p.Ile170Thr	GALT	ENSG00000213930	UBTD2
HsVcPillar2a6	CCSBORF300	7	CCSBORF8190	3AT	3	512T>C	4	NC_000009.12:34648118:T:C	CCSBVarC007204	ENSP00000368119.4:p.Phe171Ser	GALT	ENSG00000213930	UBTD2
HsVcPillar2a6	CCSBORF300	7	CCSBORF8190	3AT	3	542C>T	6	NC_000009.12:34648148:C:T	CCSBVarC007208	ENSP00000368119.4:p.Ser181Phe	GALT	ENSG00000213930	UBTD2
HsVcPillar2a6	CCSBORF300	7	CCSBORF8190	3AT	3	547C>A	1230	NC_000009.12:34648153:C:A	CCSBVarC004985	ENSP00000368119.4:p.Pro183Thr	GALT	ENSG00000213930	UBTD2
HsVcPillar2a6	CCSBORF300	7	CCSBORF8190	3AT	3	552C>A	1	NC_000009.12:34648158:C:A	CCSBVarC007210	ENSP00000368119.4:p.His184Gln	GALT	ENSG00000213930	UBTD2
HsVcPillar2a6	CCSBORF300	7	CCSBORF8190	3AT	3	575G>A	16	NC_000009.12:34648343:G:A	CCSBVarC007218	ENSP00000368119.4:p.Ser192Asn	GALT	ENSG00000213930	UBTD2
HsVcPillar2a6	CCSBORF300	7	CCSBORF8190	3AT	3	587C>T	3	NC_000009.12:34648355:C:T	CCSBVarC007221	ENSP00000368119.4:p.Pro196Leu	GALT	ENSG00000213930	UBTD2
HsVcPillar2a6	CCSBORF300	7	CCSBORF8190	3AT	3	680T>C	2	NC_000009.12:34648448:T:C	CCSBVarC007233	ENSP00000368119.4:p.Leu227Pro	GALT	ENSG00000213930	UBTD2
HsVcPillar2a6	CCSBORF300	7	CCSBORF8190	3AT	3	691C>T	152	NC_000009.12:34648764:C:T	CCSBVarC007236	ENSP00000368119.4:p.Arg231Cys	GALT	ENSG00000213930	UBTD2
HsVcPillar2a6	CCSBORF300	7	CCSBORF8190	3AT	3	692G>A	337	NC_000009.12:34648765:G:A	CCSBVarC007237	ENSP00000368119.4:p.Arg231His	GALT	ENSG00000213930	UBTD2
HsVcPillar2a6	CCSBORF300	7	CCSBORF8190	3AT	3	775C>T	6	NC_000009.12:34648848:C:T	CCSBVarC007245	ENSP00000368119.4:p.Arg259Trp	GALT	ENSG00000213930	UBTD2
HsVcPillar2a6	CCSBORF300	7	CCSBORF8190	3AT	3	793C>G	4589	NC_000009.12:34648866:C:G	CCSBVarC007248	ENSP00000368119.4:p.Pro265Ala	GALT	ENSG00000213930	UBTD2
HsVcPillar2a6	CCSBORF300	7	CCSBORF8190	3AT	3	803C>A	2	NC_000009.12:34648876:C:A	CCSBVarC007249	ENSP00000368119.4:p.Thr268Asn	GALT	ENSG00000213930	UBTD2
HsVcPillar2a6	CCSBORF300	7	CCSBORF8190	3AT	3	844C>G	3225	NC_000009.12:34649020:C:G	CCSBVarC007255	ENSP00000368119.4:p.Leu282Val	GALT	ENSG00000213930	UBTD2
HsVcPillar2a6	CCSBORF300	7	CCSBORF8190	3AT	3	893T>C	1	NC_000009.12:34649069:T:C	CCSBVarC007265	ENSP00000368119.4:p.Met298Thr	GALT	ENSG00000213930	UBTD2
HsVcPillar2a6	CCSBORF300	7	CCSBORF8190	3AT	3	958G>A	7	NC_000009.12:34649462:G:A	CCSBVarC004998	ENSP00000368119.4:p.Ala320Thr	GALT	ENSG00000213930	UBTD2
HsVcPillar2a6	CCSBORF300	7	CCSBORF8190	3AT	3	95T>A	921	NC_000009.12:34647100:T:A	CCSBVarC007143	ENSP00000368119.4:p.Ile32Asn	GALT	ENSG00000213930	UBTD2
HsVcPillar2a6	CCSBORF300	7	CCSBORF8190	3AT	3	961C>T	9	NC_000009.12:34649465:C:T	CCSBVarC007272	ENSP00000368119.4:p.His321Tyr	GALT	ENSG00000213930	UBTD2
HsVcPillar2a6	CCSBORF300	7	CCSBORF8190	3AT	3	967T>G	2	NC_000009.12:34649471:T:G	CCSBVarC004999	ENSP00000368119.4:p.Tyr323Asp	GALT	ENSG00000213930	UBTD2
HsVcPillar2a6	CCSBORF300	7	CCSBORF8190	3AT	3	989C>T	342	NC_000009.12:34649493:C:T	CCSBVarC005001	ENSP00000368119.4:p.Ala330Val	GALT	ENSG00000213930	UBTD2
HsVcPillar2a6	CCSBORF5808	2	CCSBORF8297	3AT	3	REF	3074	NULL	NULL	NULL	HBB	ENSG00000244734	HBZ
HsVcPillar2a6	CCSBORF5808	2	CCSBORF8297	3AT	3	127T>C	19	NC_000011.10:5226764:A:G	CCSBVarC010224	ENSP00000333994.3:p.Phe43Leu	HBB	ENSG00000244734	HBZ
HsVcPillar2a6	CCSBORF5808	2	CCSBORF8297	3AT	3	128T>C	6	NC_000011.10:5226763:A:G	CCSBVarC010202	ENSP00000333994.3:p.Phe43Ser	HBB	ENSG00000244734	HBZ
HsVcPillar2a6	CCSBORF5808	2	CCSBORF8297	3AT	3	170G>A	979	NC_000011.10:5226721:C:T	CCSBVarC010134	ENSP00000333994.3:p.Gly57Asp	HBB	ENSG00000244734	HBZ
HsVcPillar2a6	CCSBORF5808	2	CCSBORF8297	3AT	3	1A>G	2	NC_000011.10:5227020:T:C	CCSBVarC010208	ENSP00000333994.3:p.Met1Val	HBB	ENSG00000244734	HBZ
HsVcPillar2a6	CCSBORF5808	2	CCSBORF8297	3AT	3	209G>A	19753	NC_000011.10:5226682:C:T	CCSBVarC010113	ENSP00000333994.3:p.Gly70Asp	HBB	ENSG00000244734	HBZ
HsVcPillar2a6	CCSBORF5808	2	CCSBORF8297	3AT	3	220G>A	890	NC_000011.10:5226671:C:T	CCSBVarC010119	ENSP00000333994.3:p.Asp74Asn	HBB	ENSG00000244734	HBZ
HsVcPillar2a6	CCSBORF5808	2	CCSBORF8297	3AT	3	229G>C	3	NC_000011.10:5226662:C:G	CCSBVarC006224	ENSP00000333994.3:p.Ala77Pro	HBB	ENSG00000244734	HBZ
HsVcPillar2a6	CCSBORF5808	2	CCSBORF8297	3AT	3	257T>C	7	NC_000011.10:5226634:A:G	CCSBVarC010140	ENSP00000333994.3:p.Phe86Ser	HBB	ENSG00000244734	HBZ
HsVcPillar2a6	CCSBORF5808	2	CCSBORF8297	3AT	3	263C>T	564	NC_000011.10:5226628:G:A	CCSBVarC010091	ENSP00000333994.3:p.Thr88Ile	HBB	ENSG00000244734	HBZ
HsVcPillar2a6	CCSBORF5808	2	CCSBORF8297	3AT	3	26A>C	2469	NC_000011.10:5226995:T:G	CCSBVarC006215	ENSP00000333994.3:p.Lys9Thr	HBB	ENSG00000244734	HBZ
HsVcPillar2a6	CCSBORF5808	2	CCSBORF8297	3AT	3	286A>G	4137	NC_000011.10:5226605:T:C	CCSBVarC010107	ENSP00000333994.3:p.Lys96Glu	HBB	ENSG00000244734	HBZ
HsVcPillar2a6	CCSBORF5808	2	CCSBORF8297	3AT	3	293A>C	22	NC_000011.10:5226598:T:G	CCSBVarC006228	ENSP00000333994.3:p.His98Pro	HBB	ENSG00000244734	HBZ
HsVcPillar2a6	CCSBORF5808	2	CCSBORF8297	3AT	3	295G>A	6622	NC_000011.10:5226596:C:T	CCSBVarC010194	ENSP00000333994.3:p.Val99Met	HBB	ENSG00000244734	HBZ
HsVcPillar2a6	CCSBORF5808	2	CCSBORF8297	3AT	3	332T>C	33	NC_000011.10:5225709:A:G	CCSBVarC006232	ENSP00000333994.3:p.Leu111Pro	HBB	ENSG00000244734	HBZ
HsVcPillar2a6	CCSBORF5808	2	CCSBORF8297	3AT	3	347C>A	2	NC_000011.10:5225694:G:T	CCSBVarC000907	ENSP00000333994.3:p.Ala116Asp	HBB	ENSG00000244734	HBZ
HsVcPillar2a6	CCSBORF5808	2	CCSBORF8297	3AT	3	380T>G	1	NC_000011.10:5225661:A:C	CCSBVarC006236	ENSP00000333994.3:p.Val127Gly	HBB	ENSG00000244734	HBZ
HsVcPillar2a6	CCSBORF5808	2	CCSBORF8297	3AT	3	388G>C	3	NC_000011.10:5225653:C:G	CCSBVarC006239	ENSP00000333994.3:p.Ala130Pro	HBB	ENSG00000244734	HBZ
HsVcPillar2a6	CCSBORF5808	2	CCSBORF8297	3AT	3	397A>C	22	NC_000011.10:5225644:T:G	CCSBVarC010100	ENSP00000333994.3:p.Lys133Gln	HBB	ENSG00000244734	HBZ
HsVcPillar2a6	CCSBORF5808	2	CCSBORF8297	3AT	3	3G>A	653	NC_000011.10:5227018:C:T	CCSBVarC010149	ENSP00000333994.3:p.Met1Ile	HBB	ENSG00000244734	HBZ
HsVcPillar2a6	CCSBORF5808	2	CCSBORF8297	3AT	3	40G>A	3024	NC_000011.10:5226981:C:T	CCSBVarC010080	ENSP00000333994.3:p.Ala14Thr	HBB	ENSG00000244734	HBZ
HsVcPillar2a6	CCSBORF5808	2	CCSBORF8297	3AT	3	4G>T	3316	NC_000011.10:5227017:C:A	CCSBVarC010169	ENSP00000333994.3:p.Val2Leu	HBB	ENSG00000244734	HBZ
HsVcPillar2a6	CCSBORF5808	2	CCSBORF8297	3AT	3	93G>C	1	NC_000011.10:5226798:C:G	CCSBVarC010187	ENSP00000333994.3:p.Arg31Ser	HBB	ENSG00000244734	HBZ
HsVcPillar2a6	CCSBORF5808	2	CCSBORF8297	3AT	3	94C>G	1	NC_000011.10:5226797:G:C	CCSBVarC006220	ENSP00000333994.3:p.Leu32Val	HBB	ENSG00000244734	HBZ
HsVcPillar2a6	CCSBORF5808	2	CCSBORF8297	3AT	3	98T>C	7	NC_000011.10:5226793:A:G	CCSBVarC000904	ENSP00000333994.3:p.Leu33Pro	HBB	ENSG00000244734	HBZ
HsVcPillar2a6	CCSBORF4765	1	CCSBORF12040	3AT	3	REF	5	NULL	NULL	NULL	ITGB2	ENSG00000160255	UPK1B
HsVcPillar2a6	CCSBORF4765	1	CCSBORF12040	3AT	3	1021G>C	0	NC_000021.9:44895032:C:G	CCSBVarC008390	ENSP00000498780.1:p.Ala341Pro	ITGB2	ENSG00000160255	UPK1B
HsVcPillar2a6	CCSBORF4765	1	CCSBORF12040	3AT	3	1172C>T	0	NC_000021.9:44893455:G:A	CCSBVarC007536	ENSP00000498780.1:p.Thr391Met	ITGB2	ENSG00000160255	UPK1B
HsVcPillar2a6	CCSBORF4765	1	CCSBORF12040	3AT	3	130A>C	0	NC_000021.9:44910300:T:G	CCSBVarC008418	ENSP00000498780.1:p.Thr44Pro	ITGB2	ENSG00000160255	UPK1B
HsVcPillar2a6	CCSBORF4765	1	CCSBORF12040	3AT	3	1670G>C	0	NC_000021.9:44889482:C:G	CCSBVarC008425	ENSP00000498780.1:p.Cys557Ser	ITGB2	ENSG00000160255	UPK1B
HsVcPillar2a6	CCSBORF4765	1	CCSBORF12040	3AT	3	1756C>T	5	NC_000021.9:44889396:G:A	CCSBVarC008429	ENSP00000498780.1:p.Arg586Trp	ITGB2	ENSG00000160255	UPK1B
HsVcPillar2a6	CCSBORF4765	1	CCSBORF12040	3AT	3	1768T>C	0	NC_000021.9:44889384:A:G	CCSBVarC000703	ENSP00000498780.1:p.Cys590Arg	ITGB2	ENSG00000160255	UPK1B
HsVcPillar2a6	CCSBORF4765	1	CCSBORF12040	3AT	3	1835G>T	6	NC_000021.9:44889317:C:A	CCSBVarC009514	ENSP00000498780.1:p.Cys612Phe	ITGB2	ENSG00000160255	UPK1B
HsVcPillar2a6	CCSBORF4765	1	CCSBORF12040	3AT	3	2147G>C	1	NC_000021.9:44886835:C:G	CCSBVarC008410	ENSP00000498780.1:p.Gly716Ala	ITGB2	ENSG00000160255	UPK1B
HsVcPillar2a6	CCSBORF4765	1	CCSBORF12040	3AT	3	229G>A	0	NC_000021.9:44907013:C:T	CCSBVarC008408	ENSP00000498780.1:p.Asp77Asn	ITGB2	ENSG00000160255	UPK1B
HsVcPillar2a6	CCSBORF4765	1	CCSBORF12040	3AT	3	392A>C	0	NC_000021.9:44903471:T:G	CCSBVarC008404	ENSP00000498780.1:p.Tyr131Ser	ITGB2	ENSG00000160255	UPK1B
HsVcPillar2a6	CCSBORF4765	1	CCSBORF12040	3AT	3	412T>C	3	NC_000021.9:44903451:A:G	CCSBVarC000701	ENSP00000498780.1:p.Ser138Pro	ITGB2	ENSG00000160255	UPK1B
HsVcPillar2a6	CCSBORF4765	1	CCSBORF12040	3AT	3	446T>C	0	NC_000021.9:44903417:A:G	CCSBVarC007547	ENSP00000498780.1:p.Leu149Pro	ITGB2	ENSG00000160255	UPK1B
HsVcPillar2a6	CCSBORF4765	1	CCSBORF12040	3AT	3	520A>G	6	NC_000021.9:44901712:T:C	CCSBVarC008420	ENSP00000498780.1:p.Lys174Glu	ITGB2	ENSG00000160255	UPK1B
HsVcPillar2a6	CCSBORF4765	1	CCSBORF12040	3AT	3	533C>T	0	NC_000021.9:44901699:G:A	CCSBVarC007545	ENSP00000498780.1:p.Pro178Leu	ITGB2	ENSG00000160255	UPK1B
HsVcPillar2a6	CCSBORF4765	1	CCSBORF12040	3AT	3	706G>A	0	NC_000021.9:44901526:C:T	CCSBVarC007542	ENSP00000498780.1:p.Gly236Arg	ITGB2	ENSG00000160255	UPK1B
HsVcPillar2a6	CCSBORF4765	1	CCSBORF12040	3AT	3	769C>T	4	NC_000021.9:44900447:G:A	CCSBVarC008422	ENSP00000498780.1:p.Arg257Trp	ITGB2	ENSG00000160255	UPK1B
HsVcPillar2a6	CCSBORF4765	1	CCSBORF12040	3AT	3	850G>A	2	NC_000021.9:44900366:C:T	CCSBVarC007539	ENSP00000498780.1:p.Gly284Ser	ITGB2	ENSG00000160255	UPK1B
HsVcPillar2a6	CCSBORF4765	1	CCSBORF12040	3AT	3	899A>T	0	NC_000021.9:44899160:T:A	CCSBVarC003145	ENSP00000498780.1:p.Asp300Val	ITGB2	ENSG00000160255	UPK1B
HsVcPillar2a6	CCSBORF4765	3	CCSBORF12040	3AT	3	REF	0	NULL	NULL	NULL	ITGB2	ENSG00000160255	UPK1B
HsVcPillar2a6	CCSBORF4765	3	CCSBORF12040	3AT	3	130A>C	0	NC_000021.9:44910300:T:G	CCSBVarC008418	ENSP00000498780.1:p.Thr44Pro	ITGB2	ENSG00000160255	UPK1B
HsVcPillar2a6	CCSBORF4765	3	CCSBORF12040	3AT	3	1324C>T	0	NC_000021.9:44891896:G:A	CCSBVarC007535	ENSP00000498780.1:p.Leu442Phe	ITGB2	ENSG00000160255	UPK1B
HsVcPillar2a6	CCSBORF4765	3	CCSBORF12040	3AT	3	1358G>A	0	NC_000021.9:44891862:C:T	CCSBVarC008424	ENSP00000498780.1:p.Ser453Asn	ITGB2	ENSG00000160255	UPK1B
HsVcPillar2a6	CCSBORF4765	3	CCSBORF12040	3AT	3	1642G>T	0	NC_000021.9:44889992:C:A	CCSBVarC007534	ENSP00000498780.1:p.Val548Phe	ITGB2	ENSG00000160255	UPK1B
HsVcPillar2a6	CCSBORF4765	3	CCSBORF12040	3AT	3	1670G>C	0	NC_000021.9:44889482:C:G	CCSBVarC008425	ENSP00000498780.1:p.Cys557Ser	ITGB2	ENSG00000160255	UPK1B
HsVcPillar2a6	CCSBORF4765	3	CCSBORF12040	3AT	3	1697C>T	0	NC_000021.9:44889455:G:A	CCSBVarC007533	ENSP00000498780.1:p.Pro566Leu	ITGB2	ENSG00000160255	UPK1B
HsVcPillar2a6	CCSBORF4765	3	CCSBORF12040	3AT	3	1768T>C	0	NC_000021.9:44889384:A:G	CCSBVarC000703	ENSP00000498780.1:p.Cys590Arg	ITGB2	ENSG00000160255	UPK1B
HsVcPillar2a6	CCSBORF4765	3	CCSBORF12040	3AT	3	2210G>A	0	NC_000021.9:44886772:C:T	CCSBVarC007532	ENSP00000498780.1:p.Arg737His	ITGB2	ENSG00000160255	UPK1B
HsVcPillar2a6	CCSBORF4765	3	CCSBORF12040	3AT	3	253G>A	0	NC_000021.9:44906989:C:T	CCSBVarC007548	ENSP00000498780.1:p.Ala85Thr	ITGB2	ENSG00000160255	UPK1B
HsVcPillar2a6	CCSBORF4765	3	CCSBORF12040	3AT	3	400G>A	0	NC_000021.9:44903463:C:T	CCSBVarC008399	ENSP00000498780.1:p.Asp134Asn	ITGB2	ENSG00000160255	UPK1B
HsVcPillar2a6	CCSBORF4765	3	CCSBORF12040	3AT	3	587A>C	0	NC_000021.9:44901645:T:G	CCSBVarC007544	ENSP00000498780.1:p.Lys196Thr	ITGB2	ENSG00000160255	UPK1B
HsVcPillar2a6	CCSBORF4765	3	CCSBORF12040	3AT	3	589G>A	0	NC_000021.9:44901643:C:T	CCSBVarC007543	ENSP00000498780.1:p.Glu197Lys	ITGB2	ENSG00000160255	UPK1B
HsVcPillar2a6	CCSBORF4765	3	CCSBORF12040	3AT	3	706G>A	0	NC_000021.9:44901526:C:T	CCSBVarC007542	ENSP00000498780.1:p.Gly236Arg	ITGB2	ENSG00000160255	UPK1B
HsVcPillar2a6	CCSBORF4765	3	CCSBORF12040	3AT	3	809C>T	0	NC_000021.9:44900407:G:A	CCSBVarC008389	ENSP00000498780.1:p.Ala270Val	ITGB2	ENSG00000160255	UPK1B
HsVcPillar2a6	CCSBORF4765	3	CCSBORF12040	3AT	3	847G>A	0	NC_000021.9:44900369:C:T	CCSBVarC007540	ENSP00000498780.1:p.Asp283Asn	ITGB2	ENSG00000160255	UPK1B
HsVcPillar2a6	CCSBORF4765	3	CCSBORF12040	3AT	3	853C>T	0	NC_000021.9:44900363:G:A	CCSBVarC007538	ENSP00000498780.1:p.Arg285Cys	ITGB2	ENSG00000160255	UPK1B
HsVcPillar2a6	CCSBORF4765	3	CCSBORF12040	3AT	3	899A>T	0	NC_000021.9:44899160:T:A	CCSBVarC003145	ENSP00000498780.1:p.Asp300Val	ITGB2	ENSG00000160255	UPK1B
HsVcPillar2a6	CCSBORF359	3	CCSBORF4616	3AT	3	REF	2430	NULL	NULL	NULL	CBS	ENSG00000160200	UBE2I
HsVcPillar2a6	CCSBORF359	3	CCSBORF4616	3AT	3	1007G>A	3	NC_000021.9:43062342:C:T	CCSBVarC007316	ENSP00000381231.4:p.Arg336His	CBS	ENSG00000160200	UBE2I
HsVcPillar2a6	CCSBORF359	3	CCSBORF4616	3AT	3	1070C>G	1	NC_000021.9:43060515:G:C	CCSBVarC007311	ENSP00000381231.4:p.Ala357Gly	CBS	ENSG00000160200	UBE2I
HsVcPillar2a6	CCSBORF359	3	CCSBORF4616	3AT	3	1109G>A	31	NC_000021.9:43060476:C:T	CCSBVarC007309	ENSP00000381231.4:p.Cys370Tyr	CBS	ENSG00000160200	UBE2I
HsVcPillar2a6	CCSBORF359	3	CCSBORF4616	3AT	3	112G>A	20	NC_000021.9:43072081:C:T	CCSBVarC007365	ENSP00000381231.4:p.Ala38Thr	CBS	ENSG00000160200	UBE2I
HsVcPillar2a6	CCSBORF359	3	CCSBORF4616	3AT	3	1265C>T	581	NC_000021.9:43058926:G:A	CCSBVarC007304	ENSP00000381231.4:p.Pro422Leu	CBS	ENSG00000160200	UBE2I
HsVcPillar2a6	CCSBORF359	3	CCSBORF4616	3AT	3	133C>T	3161	NC_000021.9:43072060:G:A	CCSBVarC007364	ENSP00000381231.4:p.Arg45Trp	CBS	ENSG00000160200	UBE2I
HsVcPillar2a6	CCSBORF359	3	CCSBORF4616	3AT	3	1353G>C	1	NC_000021.9:43058838:C:G	CCSBVarC007301	ENSP00000381231.4:p.Glu451Asp	CBS	ENSG00000160200	UBE2I
HsVcPillar2a6	CCSBORF359	3	CCSBORF4616	3AT	3	1358G>A	388	NC_000021.9:43058833:C:T	CCSBVarC007299	ENSP00000381231.4:p.Gly453Glu	CBS	ENSG00000160200	UBE2I
HsVcPillar2a6	CCSBORF359	3	CCSBORF4616	3AT	3	1411G>A	4	NC_000021.9:43058200:C:T	CCSBVarC007297	ENSP00000381231.4:p.Gly471Arg	CBS	ENSG00000160200	UBE2I
HsVcPillar2a6	CCSBORF359	3	CCSBORF4616	3AT	3	1539C>G	511	NC_000021.9:43056815:G:C	CCSBVarC007295	ENSP00000381231.4:p.His513Gln	CBS	ENSG00000160200	UBE2I
HsVcPillar2a6	CCSBORF359	3	CCSBORF4616	3AT	3	209C>T	2239	NC_000021.9:43071984:G:A	CCSBVarC007361	ENSP00000381231.4:p.Pro70Leu	CBS	ENSG00000160200	UBE2I
HsVcPillar2a6	CCSBORF359	3	CCSBORF4616	3AT	3	215A>T	835	NC_000021.9:43068609:T:A	CCSBVarC007360	ENSP00000381231.4:p.Lys72Ile	CBS	ENSG00000160200	UBE2I
HsVcPillar2a6	CCSBORF359	3	CCSBORF4616	3AT	3	296T>A	266	NC_000021.9:43068528:A:T	CCSBVarC007357	ENSP00000381231.4:p.Phe99Tyr	CBS	ENSG00000160200	UBE2I
HsVcPillar2a6	CCSBORF359	3	CCSBORF4616	3AT	3	297C>G	188	NC_000021.9:43068527:G:C	CCSBVarC007356	ENSP00000381231.4:p.Phe99Leu	CBS	ENSG00000160200	UBE2I
HsVcPillar2a6	CCSBORF359	3	CCSBORF4616	3AT	3	340G>A	32	NC_000021.9:43066353:C:T	CCSBVarC007351	ENSP00000381231.4:p.Ala114Thr	CBS	ENSG00000160200	UBE2I
HsVcPillar2a6	CCSBORF359	3	CCSBORF4616	3AT	3	394C>A	1720	NC_000021.9:43066299:G:T	CCSBVarC007345	ENSP00000381231.4:p.Arg132Ser	CBS	ENSG00000160200	UBE2I
HsVcPillar2a6	CCSBORF359	3	CCSBORF4616	3AT	3	401G>C	65	NC_000021.9:43066292:C:G	CCSBVarC007341	ENSP00000381231.4:p.Gly134Ala	CBS	ENSG00000160200	UBE2I
HsVcPillar2a6	CCSBORF359	3	CCSBORF4616	3AT	3	429C>G	12	NC_000021.9:43066264:G:C	CCSBVarC008694	ENSP00000381231.4:p.Ile143Met	CBS	ENSG00000160200	UBE2I
HsVcPillar2a6	CCSBORF359	3	CCSBORF4616	3AT	3	5C>T	43	NC_000021.9:43072188:G:A	CCSBVarC007369	ENSP00000381231.4:p.Pro2Leu	CBS	ENSG00000160200	UBE2I
HsVcPillar2a6	CCSBORF359	3	CCSBORF4616	3AT	3	622T>C	2	NC_000021.9:43065430:A:G	CCSBVarC007331	ENSP00000381231.4:p.Trp208Arg	CBS	ENSG00000160200	UBE2I
HsVcPillar2a6	CCSBORF359	3	CCSBORF4616	3AT	3	65A>G	60	NC_000021.9:43072128:T:C	CCSBVarC007366	ENSP00000381231.4:p.His22Arg	CBS	ENSG00000160200	UBE2I
HsVcPillar2a6	CCSBORF359	3	CCSBORF4616	3AT	3	750G>A	395	NC_000021.9:43063977:C:T	CCSBVarC007327	ENSP00000381231.4:p.Met250Ile	CBS	ENSG00000160200	UBE2I
HsVcPillar2a6	CCSBORF359	3	CCSBORF4616	3AT	3	770C>T	435	NC_000021.9:43063957:G:A	CCSBVarC007326	ENSP00000381231.4:p.Thr257Met	CBS	ENSG00000160200	UBE2I
HsVcPillar2a6	CCSBORF359	3	CCSBORF4616	3AT	3	857T>C	1162	NC_000021.9:43063049:A:G	CCSBVarC007322	ENSP00000381231.4:p.Ile286Thr	CBS	ENSG00000160200	UBE2I
HsVcPillar2a6	CCSBORF359	3	CCSBORF4616	3AT	3	953C>T	178	NC_000021.9:43062953:G:A	CCSBVarC007320	ENSP00000381231.4:p.Thr318Met	CBS	ENSG00000160200	UBE2I
HsVcPillar2a6	CCSBORF12573	2	CCSBORF0	3AT	3	REF	1	NULL	NULL	NULL	DES	ENSG00000175084	empty_AD
HsVcPillar2a6	CCSBORF12573	2	CCSBORF0	3AT	3	1027G>A	0	NC_000002.12:219421342:G:A	CCSBVarC007854	ENSP00000363071.3:p.Asp343Asn	DES	ENSG00000175084	empty_AD
HsVcPillar2a6	CCSBORF12573	2	CCSBORF0	3AT	3	1048C>T	0	NC_000002.12:219421363:C:T	CCSBVarC007859	ENSP00000363071.3:p.Arg350Trp	DES	ENSG00000175084	empty_AD
HsVcPillar2a6	CCSBORF12573	2	CCSBORF0	3AT	3	1133A>C	0	NC_000002.12:219421448:A:C	CCSBVarC007865	ENSP00000363071.3:p.Lys378Thr	DES	ENSG00000175084	empty_AD
HsVcPillar2a6	CCSBORF12573	2	CCSBORF0	3AT	3	1166A>C	0	NC_000002.12:219421481:A:C	CCSBVarC007868	ENSP00000363071.3:p.Gln389Pro	DES	ENSG00000175084	empty_AD
HsVcPillar2a6	CCSBORF12573	2	CCSBORF0	3AT	3	1175T>C	0	NC_000002.12:219421490:T:C	CCSBVarC007870	ENSP00000363071.3:p.Leu392Pro	DES	ENSG00000175084	empty_AD
HsVcPillar2a6	CCSBORF12573	2	CCSBORF0	3AT	3	1195G>T	0	NC_000002.12:219421510:G:T	CCSBVarC007874	ENSP00000363071.3:p.Asp399Tyr	DES	ENSG00000175084	empty_AD
HsVcPillar2a6	CCSBORF12573	2	CCSBORF0	3AT	3	1203G>C	0	NC_000002.12:219421518:G:C	CCSBVarC028104	ENSP00000363071.3:p.Glu401Asp	DES	ENSG00000175084	empty_AD
HsVcPillar2a6	CCSBORF12573	2	CCSBORF0	3AT	3	1243C>T	0	NC_000002.12:219421558:C:T	CCSBVarC007878	ENSP00000363071.3:p.Arg415Trp	DES	ENSG00000175084	empty_AD
HsVcPillar2a6	CCSBORF12573	2	CCSBORF0	3AT	3	1255C>T	0	NC_000002.12:219423786:C:T	CCSBVarC006508	ENSP00000363071.3:p.Pro419Ser	DES	ENSG00000175084	empty_AD
HsVcPillar2a6	CCSBORF12573	2	CCSBORF0	3AT	3	127A>G	0	NC_000002.12:219418588:A:G	CCSBVarC007791	ENSP00000363071.3:p.Lys43Glu	DES	ENSG00000175084	empty_AD
HsVcPillar2a6	CCSBORF12573	2	CCSBORF0	3AT	3	130G>A	0	NC_000002.12:219418591:G:A	CCSBVarC007792	ENSP00000363071.3:p.Gly44Ser	DES	ENSG00000175084	empty_AD
HsVcPillar2a6	CCSBORF12573	2	CCSBORF0	3AT	3	1346A>C	0	NC_000002.12:219425719:A:C	CCSBVarC007886	ENSP00000363071.3:p.Lys449Thr	DES	ENSG00000175084	empty_AD
HsVcPillar2a6	CCSBORF12573	2	CCSBORF0	3AT	3	1353C>G	0	NC_000002.12:219425726:C:G	CCSBVarC007887	ENSP00000363071.3:p.Ile451Met	DES	ENSG00000175084	empty_AD
HsVcPillar2a6	CCSBORF12573	2	CCSBORF0	3AT	3	1404A>C	0	NC_000002.12:219425980:A:C	CCSBVarC007892	ENSP00000363071.3:p.Glu468Asp	DES	ENSG00000175084	empty_AD
HsVcPillar2a6	CCSBORF12573	2	CCSBORF0	3AT	3	154C>A	0	NC_000002.12:219418615:C:A	CCSBVarC007793	ENSP00000363071.3:p.Arg52Ser	DES	ENSG00000175084	empty_AD
HsVcPillar2a6	CCSBORF12573	2	CCSBORF0	3AT	3	170C>T	0	NC_000002.12:219418631:C:T	CCSBVarC007795	ENSP00000363071.3:p.Ser57Leu	DES	ENSG00000175084	empty_AD
HsVcPillar2a6	CCSBORF12573	2	CCSBORF0	3AT	3	229A>G	0	NC_000002.12:219418690:A:G	CCSBVarC028052	ENSP00000363071.3:p.Thr77Ala	DES	ENSG00000175084	empty_AD
HsVcPillar2a6	CCSBORF12573	2	CCSBORF0	3AT	3	376G>T	0	NC_000002.12:219418837:G:T	CCSBVarC007809	ENSP00000363071.3:p.Val126Leu	DES	ENSG00000175084	empty_AD
HsVcPillar2a6	CCSBORF12573	2	CCSBORF0	3AT	3	38C>T	0	NC_000002.12:219418499:C:T	CCSBVarC007783	ENSP00000363071.3:p.Ser13Phe	DES	ENSG00000175084	empty_AD
HsVcPillar2a6	CCSBORF12573	2	CCSBORF0	3AT	3	407T>C	0	NC_000002.12:219418868:T:C	CCSBVarC007813	ENSP00000363071.3:p.Leu136Pro	DES	ENSG00000175084	empty_AD
HsVcPillar2a6	CCSBORF12573	2	CCSBORF0	3AT	3	449G>A	0	NC_000002.12:219418910:G:A	CCSBVarC007816	ENSP00000363071.3:p.Arg150Gln	DES	ENSG00000175084	empty_AD
HsVcPillar2a6	CCSBORF12573	2	CCSBORF0	3AT	3	46C>T	0	NC_000002.12:219418507:C:T	CCSBVarC007784	ENSP00000363071.3:p.Arg16Cys	DES	ENSG00000175084	empty_AD
HsVcPillar2a6	CCSBORF12573	2	CCSBORF0	3AT	3	529G>A	0	NC_000002.12:219418990:G:A	CCSBVarC007819	ENSP00000363071.3:p.Asp177Asn	DES	ENSG00000175084	empty_AD
HsVcPillar2a6	CCSBORF12573	2	CCSBORF0	3AT	3	566G>A	0	NC_000002.12:219419027:G:A	CCSBVarC007821	ENSP00000363071.3:p.Arg189Gln	DES	ENSG00000175084	empty_AD
HsVcPillar2a6	CCSBORF12573	2	CCSBORF0	3AT	3	58G>A	0	NC_000002.12:219418519:G:A	CCSBVarC007785	ENSP00000363071.3:p.Gly20Arg	DES	ENSG00000175084	empty_AD
HsVcPillar2a6	CCSBORF12573	2	CCSBORF0	3AT	3	623T>C	0	NC_000002.12:219420138:T:C	CCSBVarC007822	ENSP00000363071.3:p.Leu208Ser	DES	ENSG00000175084	empty_AD
HsVcPillar2a6	CCSBORF12573	2	CCSBORF0	3AT	3	638C>T	0	NC_000002.12:219420153:C:T	CCSBVarC007825	ENSP00000363071.3:p.Ala213Val	DES	ENSG00000175084	empty_AD
HsVcPillar2a6	CCSBORF12573	2	CCSBORF0	3AT	3	785A>T	0	NC_000002.12:219420543:A:T	CCSBVarC007837	ENSP00000363071.3:p.Glu262Val	DES	ENSG00000175084	empty_AD
HsVcPillar2a6	CCSBORF12573	2	CCSBORF0	3AT	3	853G>A	0	NC_000002.12:219420611:G:A	CCSBVarC007840	ENSP00000363071.3:p.Ala285Thr	DES	ENSG00000175084	empty_AD
HsVcPillar2a6	CCSBORF12573	2	CCSBORF0	3AT	3	974G>A	0	NC_000002.12:219420903:G:A	CCSBVarC007845	ENSP00000363071.3:p.Arg325Gln	DES	ENSG00000175084	empty_AD
HsVcPillar2a6	CCSBORF12573	2	CCSBORF0	3AT	3	976C>T	0	NC_000002.12:219420905:C:T	CCSBVarC007846	ENSP00000363071.3:p.His326Tyr	DES	ENSG00000175084	empty_AD
HsVcPillar2a6	CCSBORF7923	1	CCSBORF0	3AT	3	REF	0	NULL	NULL	NULL	FAH	ENSG00000103876	empty_AD
HsVcPillar2a6	CCSBORF7923	1	CCSBORF0	3AT	3	1027G>A	0	NC_000015.10:80180189:G:A	CCSBVarC025379	ENSP00000453347.2:p.Gly343Arg	FAH	ENSG00000103876	empty_AD
HsVcPillar2a6	CCSBORF7923	1	CCSBORF0	3AT	3	1027G>T	0	NC_000015.10:80180189:G:T	CCSBVarC025383	ENSP00000453347.2:p.Gly343Trp	FAH	ENSG00000103876	empty_AD
HsVcPillar2a6	CCSBORF7923	1	CCSBORF0	3AT	3	1028G>A	0	NC_000015.10:80180190:G:A	CCSBVarC025390	ENSP00000453347.2:p.Gly343Glu	FAH	ENSG00000103876	empty_AD
HsVcPillar2a6	CCSBORF7923	1	CCSBORF0	3AT	3	1090G>C	0	NC_000015.10:80181068:G:C	CCSBVarC025393	ENSP00000453347.2:p.Glu364Gln	FAH	ENSG00000103876	empty_AD
HsVcPillar2a6	CCSBORF7923	1	CCSBORF0	3AT	3	10A>C	0	NC_000015.10:80153063:A:C	CCSBVarC025280	ENSP00000453347.2:p.Ile4Leu	FAH	ENSG00000103876	empty_AD
HsVcPillar2a6	CCSBORF7923	1	CCSBORF0	3AT	3	122T>C	0	NC_000015.10:80158099:T:C	CCSBVarC025294	ENSP00000453347.2:p.Leu41Pro	FAH	ENSG00000103876	empty_AD
HsVcPillar2a6	CCSBORF7923	1	CCSBORF0	3AT	3	391C>T	0	NC_000015.10:80162271:C:T	CCSBVarC025297	ENSP00000453347.2:p.Arg131Trp	FAH	ENSG00000103876	empty_AD
HsVcPillar2a6	CCSBORF7923	1	CCSBORF0	3AT	3	398A>T	0	NC_000015.10:80162278:A:T	CCSBVarC025300	ENSP00000453347.2:p.His133Leu	FAH	ENSG00000103876	empty_AD
HsVcPillar2a6	CCSBORF7923	1	CCSBORF0	3AT	3	424A>G	0	NC_000015.10:80162304:A:G	CCSBVarC025306	ENSP00000453347.2:p.Arg142Gly	FAH	ENSG00000103876	empty_AD
HsVcPillar2a6	CCSBORF7923	1	CCSBORF0	3AT	3	497T>G	0	NC_000015.10:80168092:T:G	CCSBVarC025309	ENSP00000453347.2:p.Val166Gly	FAH	ENSG00000103876	empty_AD
HsVcPillar2a6	CCSBORF7923	1	CCSBORF0	3AT	3	53C>T	0	NC_000015.10:80153106:C:T	CCSBVarC025288	ENSP00000453347.2:p.Pro18Leu	FAH	ENSG00000103876	empty_AD
HsVcPillar2a6	CCSBORF7923	1	CCSBORF0	3AT	3	61G>T	0	NC_000015.10:80153114:G:T	CCSBVarC025291	ENSP00000453347.2:p.Val21Phe	FAH	ENSG00000103876	empty_AD
HsVcPillar2a6	CCSBORF7923	1	CCSBORF0	3AT	3	697G>A	0	NC_000015.10:80172238:G:A	CCSBVarC025329	ENSP00000453347.2:p.Asp233Asn	FAH	ENSG00000103876	empty_AD
HsVcPillar2a6	CCSBORF7923	1	CCSBORF0	3AT	3	700T>G	0	NC_000015.10:80172241:T:G	CCSBVarC025333	ENSP00000453347.2:p.Trp234Gly	FAH	ENSG00000103876	empty_AD
HsVcPillar2a6	CCSBORF7923	1	CCSBORF0	3AT	3	742G>A	0	NC_000015.10:80173048:G:A	CCSBVarC025336	ENSP00000453347.2:p.Gly248Arg	FAH	ENSG00000103876	empty_AD
HsVcPillar2a6	CCSBORF7923	1	CCSBORF0	3AT	3	745C>A	0	NC_000015.10:80173051:C:A	CCSBVarC025339	ENSP00000453347.2:p.Pro249Thr	FAH	ENSG00000103876	empty_AD
HsVcPillar2a6	CCSBORF7923	1	CCSBORF0	3AT	3	880A>C	0	NC_000015.10:80175057:A:C	CCSBVarC025345	ENSP00000453347.2:p.Thr294Pro	FAH	ENSG00000103876	empty_AD
HsVcPillar2a6	CCSBORF7923	1	CCSBORF0	3AT	3	974C>T	0	NC_000015.10:80180136:C:T	CCSBVarC025348	ENSP00000453347.2:p.Thr325Met	FAH	ENSG00000103876	empty_AD
HsVcPillar2a6	CCSBORF300	3	CCSBORF0	3AT	3	REF	1	NULL	NULL	NULL	GALT	ENSG00000213930	empty_AD
HsVcPillar2a6	CCSBORF300	3	CCSBORF0	3AT	3	1024C>A	0	NC_000009.12:34649528:C:A	CCSBVarC007288	ENSP00000368119.4:p.Leu342Ile	GALT	ENSG00000213930	empty_AD
HsVcPillar2a6	CCSBORF300	3	CCSBORF0	3AT	3	107C>T	0	NC_000009.12:34647112:C:T	CCSBVarC004975	ENSP00000368119.4:p.Pro36Leu	GALT	ENSG00000213930	empty_AD
HsVcPillar2a6	CCSBORF300	3	CCSBORF0	3AT	3	1087G>A	0	NC_000009.12:34650395:G:A	CCSBVarC007293	ENSP00000368119.4:p.Glu363Lys	GALT	ENSG00000213930	empty_AD
HsVcPillar2a6	CCSBORF300	3	CCSBORF0	3AT	3	1132A>G	0	NC_000009.12:34650440:A:G	CCSBVarC007294	ENSP00000368119.4:p.Ile378Val	GALT	ENSG00000213930	empty_AD
HsVcPillar2a6	CCSBORF300	3	CCSBORF0	3AT	3	118G>A	0	NC_000009.12:34647123:G:A	CCSBVarC007146	ENSP00000368119.4:p.Glu40Lys	GALT	ENSG00000213930	empty_AD
HsVcPillar2a6	CCSBORF300	3	CCSBORF0	3AT	3	130G>A	0	NC_000009.12:34647135:G:A	CCSBVarC007147	ENSP00000368119.4:p.Val44Met	GALT	ENSG00000213930	empty_AD
HsVcPillar2a6	CCSBORF300	3	CCSBORF0	3AT	3	130G>T	0	NC_000009.12:34647135:G:T	CCSBVarC004976	ENSP00000368119.4:p.Val44Leu	GALT	ENSG00000213930	empty_AD
HsVcPillar2a6	CCSBORF300	3	CCSBORF0	3AT	3	292G>A	0	NC_000009.12:34647530:G:A	CCSBVarC007164	ENSP00000368119.4:p.Asp98Asn	GALT	ENSG00000213930	empty_AD
HsVcPillar2a6	CCSBORF300	3	CCSBORF0	3AT	3	292G>C	0	NC_000009.12:34647530:G:C	CCSBVarC007165	ENSP00000368119.4:p.Asp98His	GALT	ENSG00000213930	empty_AD
HsVcPillar2a6	CCSBORF300	3	CCSBORF0	3AT	3	308A>G	0	NC_000009.12:34647546:A:G	CCSBVarC007167	ENSP00000368119.4:p.Gln103Arg	GALT	ENSG00000213930	empty_AD
HsVcPillar2a6	CCSBORF300	3	CCSBORF0	3AT	3	341A>C	0	NC_000009.12:34647668:A:C	CCSBVarC007169	ENSP00000368119.4:p.His114Pro	GALT	ENSG00000213930	empty_AD
HsVcPillar2a6	CCSBORF300	3	CCSBORF0	3AT	3	367C>G	0	NC_000009.12:34647694:C:G	CCSBVarC007171	ENSP00000368119.4:p.Arg123Gly	GALT	ENSG00000213930	empty_AD
HsVcPillar2a6	CCSBORF300	3	CCSBORF0	3AT	3	386T>C	0	NC_000009.12:34647839:T:C	CCSBVarC007176	ENSP00000368119.4:p.Met129Thr	GALT	ENSG00000213930	empty_AD
HsVcPillar2a6	CCSBORF300	3	CCSBORF0	3AT	3	387G>A	0	NC_000009.12:34647840:G:A	CCSBVarC007177	ENSP00000368119.4:p.Met129Ile	GALT	ENSG00000213930	empty_AD
HsVcPillar2a6	CCSBORF300	3	CCSBORF0	3AT	3	442C>T	0	NC_000009.12:34647895:C:T	CCSBVarC007191	ENSP00000368119.4:p.Arg148Trp	GALT	ENSG00000213930	empty_AD
HsVcPillar2a6	CCSBORF300	3	CCSBORF0	3AT	3	502G>A	0	NC_000009.12:34647955:G:A	CCSBVarC007200	ENSP00000368119.4:p.Val168Met	GALT	ENSG00000213930	empty_AD
HsVcPillar2a6	CCSBORF300	3	CCSBORF0	3AT	3	556C>T	0	NC_000009.12:34648162:C:T	CCSBVarC004987	ENSP00000368119.4:p.His186Tyr	GALT	ENSG00000213930	empty_AD
HsVcPillar2a6	CCSBORF300	3	CCSBORF0	3AT	3	580T>C	0	NC_000009.12:34648348:T:C	CCSBVarC007219	ENSP00000368119.4:p.Phe194Leu	GALT	ENSG00000213930	empty_AD
HsVcPillar2a6	CCSBORF300	3	CCSBORF0	3AT	3	584T>C	0	NC_000009.12:34648352:T:C	CCSBVarC007220	ENSP00000368119.4:p.Leu195Pro	GALT	ENSG00000213930	empty_AD
HsVcPillar2a6	CCSBORF300	3	CCSBORF0	3AT	3	626A>C	0	NC_000009.12:34648394:A:C	CCSBVarC007227	ENSP00000368119.4:p.Tyr209Ser	GALT	ENSG00000213930	empty_AD
HsVcPillar2a6	CCSBORF300	3	CCSBORF0	3AT	3	67A>G	0	NC_000009.12:34646770:A:G	CCSBVarC007136	ENSP00000368119.4:p.Thr23Ala	GALT	ENSG00000213930	empty_AD
HsVcPillar2a6	CCSBORF300	3	CCSBORF0	3AT	3	74G>C	0	NC_000009.12:34646777:G:C	CCSBVarC007137	ENSP00000368119.4:p.Arg25Pro	GALT	ENSG00000213930	empty_AD
HsVcPillar2a6	CCSBORF300	3	CCSBORF0	3AT	3	752A>C	0	NC_000009.12:34648825:A:C	CCSBVarC007241	ENSP00000368119.4:p.Tyr251Ser	GALT	ENSG00000213930	empty_AD
HsVcPillar2a6	CCSBORF300	3	CCSBORF0	3AT	3	814C>G	0	NC_000009.12:34648887:C:G	CCSBVarC007251	ENSP00000368119.4:p.Arg272Gly	GALT	ENSG00000213930	empty_AD
HsVcPillar2a6	CCSBORF300	3	CCSBORF0	3AT	3	817G>C	0	NC_000009.12:34648890:G:C	CCSBVarC007252	ENSP00000368119.4:p.Asp273His	GALT	ENSG00000213930	empty_AD
HsVcPillar2a6	CCSBORF300	3	CCSBORF0	3AT	3	82G>A	0	NC_000009.12:34646785:G:A	CCSBVarC007138	ENSP00000368119.4:p.Asp28Asn	GALT	ENSG00000213930	empty_AD
HsVcPillar2a6	CCSBORF300	3	CCSBORF0	3AT	3	82G>C	0	NC_000009.12:34646785:G:C	CCSBVarC007139	ENSP00000368119.4:p.Asp28His	GALT	ENSG00000213930	empty_AD
HsVcPillar2a6	CCSBORF300	3	CCSBORF0	3AT	3	836T>G	0	NC_000009.12:34649012:T:G	CCSBVarC007254	ENSP00000368119.4:p.Met279Arg	GALT	ENSG00000213930	empty_AD
HsVcPillar2a6	CCSBORF300	3	CCSBORF0	3AT	3	875C>T	0	NC_000009.12:34649051:C:T	CCSBVarC007263	ENSP00000368119.4:p.Thr292Met	GALT	ENSG00000213930	empty_AD
HsVcPillar2a6	CCSBORF300	3	CCSBORF0	3AT	3	968A>G	0	NC_000009.12:34649472:A:G	CCSBVarC007274	ENSP00000368119.4:p.Tyr323Cys	GALT	ENSG00000213930	empty_AD
HsVcPillar2a6	CCSBORF300	3	CCSBORF0	3AT	3	982C>T	0	NC_000009.12:34649486:C:T	CCSBVarC007277	ENSP00000368119.4:p.Arg328Cys	GALT	ENSG00000213930	empty_AD
HsVcPillar2a6	CCSBORF300	3	CCSBORF0	3AT	3	986C>T	0	NC_000009.12:34649490:C:T	CCSBVarC007280	ENSP00000368119.4:p.Ser329Phe	GALT	ENSG00000213930	empty_AD
HsVcPillar2a6	CCSBORF300	3	CCSBORF0	3AT	3	997C>T	0	NC_000009.12:34649501:C:T	CCSBVarC007282	ENSP00000368119.4:p.Arg333Trp	GALT	ENSG00000213930	empty_AD
HsVcPillar2a6	CCSBORF300	7	CCSBORF0	3AT	3	REF	0	NULL	NULL	NULL	GALT	ENSG00000213930	empty_AD
HsVcPillar2a6	CCSBORF300	7	CCSBORF0	3AT	3	1030C>A	0	NC_000009.12:34649534:C:A	CCSBVarC007289	ENSP00000368119.4:p.Gln344Lys	GALT	ENSG00000213930	empty_AD
HsVcPillar2a6	CCSBORF300	7	CCSBORF0	3AT	3	142C>T	0	NC_000009.12:34647147:C:T	CCSBVarC007150	ENSP00000368119.4:p.Arg48Cys	GALT	ENSG00000213930	empty_AD
HsVcPillar2a6	CCSBORF300	7	CCSBORF0	3AT	3	199C>T	0	NC_000009.12:34647204:C:T	CCSBVarC007157	ENSP00000368119.4:p.Arg67Cys	GALT	ENSG00000213930	empty_AD
HsVcPillar2a6	CCSBORF300	7	CCSBORF0	3AT	3	221T>C	0	NC_000009.12:34647226:T:C	CCSBVarC007159	ENSP00000368119.4:p.Leu74Pro	GALT	ENSG00000213930	empty_AD
HsVcPillar2a6	CCSBORF300	7	CCSBORF0	3AT	3	265T>G	0	NC_000009.12:34647503:T:G	CCSBVarC007160	ENSP00000368119.4:p.Tyr89Asp	GALT	ENSG00000213930	empty_AD
HsVcPillar2a6	CCSBORF300	7	CCSBORF0	3AT	3	299C>G	0	NC_000009.12:34647537:C:G	CCSBVarC007166	ENSP00000368119.4:p.Pro100Arg	GALT	ENSG00000213930	empty_AD
HsVcPillar2a6	CCSBORF300	7	CCSBORF0	3AT	3	329G>A	0	NC_000009.12:34647656:G:A	CCSBVarC007168	ENSP00000368119.4:p.Gly110Glu	GALT	ENSG00000213930	empty_AD
HsVcPillar2a6	CCSBORF300	7	CCSBORF0	3AT	3	341A>T	0	NC_000009.12:34647668:A:T	CCSBVarC004980	ENSP00000368119.4:p.His114Leu	GALT	ENSG00000213930	empty_AD
HsVcPillar2a6	CCSBORF300	7	CCSBORF0	3AT	3	396C>A	0	NC_000009.12:34647849:C:A	CCSBVarC007181	ENSP00000368119.4:p.His132Gln	GALT	ENSG00000213930	empty_AD
HsVcPillar2a6	CCSBORF300	7	CCSBORF0	3AT	3	404C>T	0	NC_000009.12:34647857:C:T	CCSBVarC007182	ENSP00000368119.4:p.Ser135Leu	GALT	ENSG00000213930	empty_AD
HsVcPillar2a6	CCSBORF300	7	CCSBORF0	3AT	3	442C>G	0	NC_000009.12:34647895:C:G	CCSBVarC007190	ENSP00000368119.4:p.Arg148Gly	GALT	ENSG00000213930	empty_AD
HsVcPillar2a6	CCSBORF300	7	CCSBORF0	3AT	3	460T>G	0	NC_000009.12:34647913:T:G	CCSBVarC007196	ENSP00000368119.4:p.Trp154Gly	GALT	ENSG00000213930	empty_AD
HsVcPillar2a6	CCSBORF300	7	CCSBORF0	3AT	3	509T>A	0	NC_000009.12:34648115:T:A	CCSBVarC007202	ENSP00000368119.4:p.Ile170Asn	GALT	ENSG00000213930	empty_AD
HsVcPillar2a6	CCSBORF300	7	CCSBORF0	3AT	3	509T>C	0	NC_000009.12:34648115:T:C	CCSBVarC007203	ENSP00000368119.4:p.Ile170Thr	GALT	ENSG00000213930	empty_AD
HsVcPillar2a6	CCSBORF300	7	CCSBORF0	3AT	3	512T>C	0	NC_000009.12:34648118:T:C	CCSBVarC007204	ENSP00000368119.4:p.Phe171Ser	GALT	ENSG00000213930	empty_AD
HsVcPillar2a6	CCSBORF300	7	CCSBORF0	3AT	3	542C>T	0	NC_000009.12:34648148:C:T	CCSBVarC007208	ENSP00000368119.4:p.Ser181Phe	GALT	ENSG00000213930	empty_AD
HsVcPillar2a6	CCSBORF300	7	CCSBORF0	3AT	3	547C>A	0	NC_000009.12:34648153:C:A	CCSBVarC004985	ENSP00000368119.4:p.Pro183Thr	GALT	ENSG00000213930	empty_AD
HsVcPillar2a6	CCSBORF300	7	CCSBORF0	3AT	3	552C>A	0	NC_000009.12:34648158:C:A	CCSBVarC007210	ENSP00000368119.4:p.His184Gln	GALT	ENSG00000213930	empty_AD
HsVcPillar2a6	CCSBORF300	7	CCSBORF0	3AT	3	575G>A	0	NC_000009.12:34648343:G:A	CCSBVarC007218	ENSP00000368119.4:p.Ser192Asn	GALT	ENSG00000213930	empty_AD
HsVcPillar2a6	CCSBORF300	7	CCSBORF0	3AT	3	587C>T	0	NC_000009.12:34648355:C:T	CCSBVarC007221	ENSP00000368119.4:p.Pro196Leu	GALT	ENSG00000213930	empty_AD
HsVcPillar2a6	CCSBORF300	7	CCSBORF0	3AT	3	680T>C	0	NC_000009.12:34648448:T:C	CCSBVarC007233	ENSP00000368119.4:p.Leu227Pro	GALT	ENSG00000213930	empty_AD
HsVcPillar2a6	CCSBORF300	7	CCSBORF0	3AT	3	691C>T	0	NC_000009.12:34648764:C:T	CCSBVarC007236	ENSP00000368119.4:p.Arg231Cys	GALT	ENSG00000213930	empty_AD
HsVcPillar2a6	CCSBORF300	7	CCSBORF0	3AT	3	692G>A	0	NC_000009.12:34648765:G:A	CCSBVarC007237	ENSP00000368119.4:p.Arg231His	GALT	ENSG00000213930	empty_AD
HsVcPillar2a6	CCSBORF300	7	CCSBORF0	3AT	3	775C>T	0	NC_000009.12:34648848:C:T	CCSBVarC007245	ENSP00000368119.4:p.Arg259Trp	GALT	ENSG00000213930	empty_AD
HsVcPillar2a6	CCSBORF300	7	CCSBORF0	3AT	3	793C>G	0	NC_000009.12:34648866:C:G	CCSBVarC007248	ENSP00000368119.4:p.Pro265Ala	GALT	ENSG00000213930	empty_AD
HsVcPillar2a6	CCSBORF300	7	CCSBORF0	3AT	3	803C>A	0	NC_000009.12:34648876:C:A	CCSBVarC007249	ENSP00000368119.4:p.Thr268Asn	GALT	ENSG00000213930	empty_AD
HsVcPillar2a6	CCSBORF300	7	CCSBORF0	3AT	3	844C>G	0	NC_000009.12:34649020:C:G	CCSBVarC007255	ENSP00000368119.4:p.Leu282Val	GALT	ENSG00000213930	empty_AD
HsVcPillar2a6	CCSBORF300	7	CCSBORF0	3AT	3	893T>C	0	NC_000009.12:34649069:T:C	CCSBVarC007265	ENSP00000368119.4:p.Met298Thr	GALT	ENSG00000213930	empty_AD
HsVcPillar2a6	CCSBORF300	7	CCSBORF0	3AT	3	958G>A	0	NC_000009.12:34649462:G:A	CCSBVarC004998	ENSP00000368119.4:p.Ala320Thr	GALT	ENSG00000213930	empty_AD
HsVcPillar2a6	CCSBORF300	7	CCSBORF0	3AT	3	95T>A	0	NC_000009.12:34647100:T:A	CCSBVarC007143	ENSP00000368119.4:p.Ile32Asn	GALT	ENSG00000213930	empty_AD
HsVcPillar2a6	CCSBORF300	7	CCSBORF0	3AT	3	961C>T	0	NC_000009.12:34649465:C:T	CCSBVarC007272	ENSP00000368119.4:p.His321Tyr	GALT	ENSG00000213930	empty_AD
HsVcPillar2a6	CCSBORF300	7	CCSBORF0	3AT	3	967T>G	0	NC_000009.12:34649471:T:G	CCSBVarC004999	ENSP00000368119.4:p.Tyr323Asp	GALT	ENSG00000213930	empty_AD
HsVcPillar2a6	CCSBORF300	7	CCSBORF0	3AT	3	989C>T	0	NC_000009.12:34649493:C:T	CCSBVarC005001	ENSP00000368119.4:p.Ala330Val	GALT	ENSG00000213930	empty_AD
HsVcPillar2a6	CCSBORF5808	2	CCSBORF0	3AT	3	REF	1	NULL	NULL	NULL	HBB	ENSG00000244734	empty_AD
HsVcPillar2a6	CCSBORF5808	2	CCSBORF0	3AT	3	127T>C	0	NC_000011.10:5226764:A:G	CCSBVarC010224	ENSP00000333994.3:p.Phe43Leu	HBB	ENSG00000244734	empty_AD
HsVcPillar2a6	CCSBORF5808	2	CCSBORF0	3AT	3	128T>C	0	NC_000011.10:5226763:A:G	CCSBVarC010202	ENSP00000333994.3:p.Phe43Ser	HBB	ENSG00000244734	empty_AD
HsVcPillar2a6	CCSBORF5808	2	CCSBORF0	3AT	3	170G>A	0	NC_000011.10:5226721:C:T	CCSBVarC010134	ENSP00000333994.3:p.Gly57Asp	HBB	ENSG00000244734	empty_AD
HsVcPillar2a6	CCSBORF5808	2	CCSBORF0	3AT	3	1A>G	0	NC_000011.10:5227020:T:C	CCSBVarC010208	ENSP00000333994.3:p.Met1Val	HBB	ENSG00000244734	empty_AD
HsVcPillar2a6	CCSBORF5808	2	CCSBORF0	3AT	3	209G>A	0	NC_000011.10:5226682:C:T	CCSBVarC010113	ENSP00000333994.3:p.Gly70Asp	HBB	ENSG00000244734	empty_AD
HsVcPillar2a6	CCSBORF5808	2	CCSBORF0	3AT	3	220G>A	0	NC_000011.10:5226671:C:T	CCSBVarC010119	ENSP00000333994.3:p.Asp74Asn	HBB	ENSG00000244734	empty_AD
HsVcPillar2a6	CCSBORF5808	2	CCSBORF0	3AT	3	229G>C	0	NC_000011.10:5226662:C:G	CCSBVarC006224	ENSP00000333994.3:p.Ala77Pro	HBB	ENSG00000244734	empty_AD
HsVcPillar2a6	CCSBORF5808	2	CCSBORF0	3AT	3	257T>C	0	NC_000011.10:5226634:A:G	CCSBVarC010140	ENSP00000333994.3:p.Phe86Ser	HBB	ENSG00000244734	empty_AD
HsVcPillar2a6	CCSBORF5808	2	CCSBORF0	3AT	3	263C>T	0	NC_000011.10:5226628:G:A	CCSBVarC010091	ENSP00000333994.3:p.Thr88Ile	HBB	ENSG00000244734	empty_AD
HsVcPillar2a6	CCSBORF5808	2	CCSBORF0	3AT	3	26A>C	0	NC_000011.10:5226995:T:G	CCSBVarC006215	ENSP00000333994.3:p.Lys9Thr	HBB	ENSG00000244734	empty_AD
HsVcPillar2a6	CCSBORF5808	2	CCSBORF0	3AT	3	286A>G	0	NC_000011.10:5226605:T:C	CCSBVarC010107	ENSP00000333994.3:p.Lys96Glu	HBB	ENSG00000244734	empty_AD
HsVcPillar2a6	CCSBORF5808	2	CCSBORF0	3AT	3	293A>C	0	NC_000011.10:5226598:T:G	CCSBVarC006228	ENSP00000333994.3:p.His98Pro	HBB	ENSG00000244734	empty_AD
HsVcPillar2a6	CCSBORF5808	2	CCSBORF0	3AT	3	295G>A	0	NC_000011.10:5226596:C:T	CCSBVarC010194	ENSP00000333994.3:p.Val99Met	HBB	ENSG00000244734	empty_AD
HsVcPillar2a6	CCSBORF5808	2	CCSBORF0	3AT	3	332T>C	0	NC_000011.10:5225709:A:G	CCSBVarC006232	ENSP00000333994.3:p.Leu111Pro	HBB	ENSG00000244734	empty_AD
HsVcPillar2a6	CCSBORF5808	2	CCSBORF0	3AT	3	347C>A	0	NC_000011.10:5225694:G:T	CCSBVarC000907	ENSP00000333994.3:p.Ala116Asp	HBB	ENSG00000244734	empty_AD
HsVcPillar2a6	CCSBORF5808	2	CCSBORF0	3AT	3	380T>G	0	NC_000011.10:5225661:A:C	CCSBVarC006236	ENSP00000333994.3:p.Val127Gly	HBB	ENSG00000244734	empty_AD
HsVcPillar2a6	CCSBORF5808	2	CCSBORF0	3AT	3	388G>C	0	NC_000011.10:5225653:C:G	CCSBVarC006239	ENSP00000333994.3:p.Ala130Pro	HBB	ENSG00000244734	empty_AD
HsVcPillar2a6	CCSBORF5808	2	CCSBORF0	3AT	3	397A>C	0	NC_000011.10:5225644:T:G	CCSBVarC010100	ENSP00000333994.3:p.Lys133Gln	HBB	ENSG00000244734	empty_AD
HsVcPillar2a6	CCSBORF5808	2	CCSBORF0	3AT	3	3G>A	0	NC_000011.10:5227018:C:T	CCSBVarC010149	ENSP00000333994.3:p.Met1Ile	HBB	ENSG00000244734	empty_AD
HsVcPillar2a6	CCSBORF5808	2	CCSBORF0	3AT	3	40G>A	0	NC_000011.10:5226981:C:T	CCSBVarC010080	ENSP00000333994.3:p.Ala14Thr	HBB	ENSG00000244734	empty_AD
HsVcPillar2a6	CCSBORF5808	2	CCSBORF0	3AT	3	4G>T	0	NC_000011.10:5227017:C:A	CCSBVarC010169	ENSP00000333994.3:p.Val2Leu	HBB	ENSG00000244734	empty_AD
HsVcPillar2a6	CCSBORF5808	2	CCSBORF0	3AT	3	93G>C	0	NC_000011.10:5226798:C:G	CCSBVarC010187	ENSP00000333994.3:p.Arg31Ser	HBB	ENSG00000244734	empty_AD
HsVcPillar2a6	CCSBORF5808	2	CCSBORF0	3AT	3	94C>G	0	NC_000011.10:5226797:G:C	CCSBVarC006220	ENSP00000333994.3:p.Leu32Val	HBB	ENSG00000244734	empty_AD
HsVcPillar2a6	CCSBORF5808	2	CCSBORF0	3AT	3	98T>C	0	NC_000011.10:5226793:A:G	CCSBVarC000904	ENSP00000333994.3:p.Leu33Pro	HBB	ENSG00000244734	empty_AD
HsVcPillar2a6	CCSBORF4765	1	CCSBORF0	3AT	3	REF	0	NULL	NULL	NULL	ITGB2	ENSG00000160255	empty_AD
HsVcPillar2a6	CCSBORF4765	1	CCSBORF0	3AT	3	1021G>C	0	NC_000021.9:44895032:C:G	CCSBVarC008390	ENSP00000498780.1:p.Ala341Pro	ITGB2	ENSG00000160255	empty_AD
HsVcPillar2a6	CCSBORF4765	1	CCSBORF0	3AT	3	1172C>T	0	NC_000021.9:44893455:G:A	CCSBVarC007536	ENSP00000498780.1:p.Thr391Met	ITGB2	ENSG00000160255	empty_AD
HsVcPillar2a6	CCSBORF4765	1	CCSBORF0	3AT	3	130A>C	0	NC_000021.9:44910300:T:G	CCSBVarC008418	ENSP00000498780.1:p.Thr44Pro	ITGB2	ENSG00000160255	empty_AD
HsVcPillar2a6	CCSBORF4765	1	CCSBORF0	3AT	3	1670G>C	0	NC_000021.9:44889482:C:G	CCSBVarC008425	ENSP00000498780.1:p.Cys557Ser	ITGB2	ENSG00000160255	empty_AD
HsVcPillar2a6	CCSBORF4765	1	CCSBORF0	3AT	3	1756C>T	0	NC_000021.9:44889396:G:A	CCSBVarC008429	ENSP00000498780.1:p.Arg586Trp	ITGB2	ENSG00000160255	empty_AD
HsVcPillar2a6	CCSBORF4765	1	CCSBORF0	3AT	3	1768T>C	0	NC_000021.9:44889384:A:G	CCSBVarC000703	ENSP00000498780.1:p.Cys590Arg	ITGB2	ENSG00000160255	empty_AD
HsVcPillar2a6	CCSBORF4765	1	CCSBORF0	3AT	3	1835G>T	0	NC_000021.9:44889317:C:A	CCSBVarC009514	ENSP00000498780.1:p.Cys612Phe	ITGB2	ENSG00000160255	empty_AD
HsVcPillar2a6	CCSBORF4765	1	CCSBORF0	3AT	3	2147G>C	0	NC_000021.9:44886835:C:G	CCSBVarC008410	ENSP00000498780.1:p.Gly716Ala	ITGB2	ENSG00000160255	empty_AD
HsVcPillar2a6	CCSBORF4765	1	CCSBORF0	3AT	3	229G>A	0	NC_000021.9:44907013:C:T	CCSBVarC008408	ENSP00000498780.1:p.Asp77Asn	ITGB2	ENSG00000160255	empty_AD
HsVcPillar2a6	CCSBORF4765	1	CCSBORF0	3AT	3	392A>C	0	NC_000021.9:44903471:T:G	CCSBVarC008404	ENSP00000498780.1:p.Tyr131Ser	ITGB2	ENSG00000160255	empty_AD
HsVcPillar2a6	CCSBORF4765	1	CCSBORF0	3AT	3	412T>C	0	NC_000021.9:44903451:A:G	CCSBVarC000701	ENSP00000498780.1:p.Ser138Pro	ITGB2	ENSG00000160255	empty_AD
HsVcPillar2a6	CCSBORF4765	1	CCSBORF0	3AT	3	446T>C	0	NC_000021.9:44903417:A:G	CCSBVarC007547	ENSP00000498780.1:p.Leu149Pro	ITGB2	ENSG00000160255	empty_AD
HsVcPillar2a6	CCSBORF4765	1	CCSBORF0	3AT	3	520A>G	0	NC_000021.9:44901712:T:C	CCSBVarC008420	ENSP00000498780.1:p.Lys174Glu	ITGB2	ENSG00000160255	empty_AD
HsVcPillar2a6	CCSBORF4765	1	CCSBORF0	3AT	3	533C>T	0	NC_000021.9:44901699:G:A	CCSBVarC007545	ENSP00000498780.1:p.Pro178Leu	ITGB2	ENSG00000160255	empty_AD
HsVcPillar2a6	CCSBORF4765	1	CCSBORF0	3AT	3	706G>A	0	NC_000021.9:44901526:C:T	CCSBVarC007542	ENSP00000498780.1:p.Gly236Arg	ITGB2	ENSG00000160255	empty_AD
HsVcPillar2a6	CCSBORF4765	1	CCSBORF0	3AT	3	769C>T	0	NC_000021.9:44900447:G:A	CCSBVarC008422	ENSP00000498780.1:p.Arg257Trp	ITGB2	ENSG00000160255	empty_AD
HsVcPillar2a6	CCSBORF4765	1	CCSBORF0	3AT	3	850G>A	0	NC_000021.9:44900366:C:T	CCSBVarC007539	ENSP00000498780.1:p.Gly284Ser	ITGB2	ENSG00000160255	empty_AD
HsVcPillar2a6	CCSBORF4765	1	CCSBORF0	3AT	3	899A>T	0	NC_000021.9:44899160:T:A	CCSBVarC003145	ENSP00000498780.1:p.Asp300Val	ITGB2	ENSG00000160255	empty_AD
HsVcPillar2a6	CCSBORF4765	3	CCSBORF0	3AT	3	REF	0	NULL	NULL	NULL	ITGB2	ENSG00000160255	empty_AD
HsVcPillar2a6	CCSBORF4765	3	CCSBORF0	3AT	3	130A>C	0	NC_000021.9:44910300:T:G	CCSBVarC008418	ENSP00000498780.1:p.Thr44Pro	ITGB2	ENSG00000160255	empty_AD
HsVcPillar2a6	CCSBORF4765	3	CCSBORF0	3AT	3	1324C>T	0	NC_000021.9:44891896:G:A	CCSBVarC007535	ENSP00000498780.1:p.Leu442Phe	ITGB2	ENSG00000160255	empty_AD
HsVcPillar2a6	CCSBORF4765	3	CCSBORF0	3AT	3	1358G>A	0	NC_000021.9:44891862:C:T	CCSBVarC008424	ENSP00000498780.1:p.Ser453Asn	ITGB2	ENSG00000160255	empty_AD
HsVcPillar2a6	CCSBORF4765	3	CCSBORF0	3AT	3	1642G>T	0	NC_000021.9:44889992:C:A	CCSBVarC007534	ENSP00000498780.1:p.Val548Phe	ITGB2	ENSG00000160255	empty_AD
HsVcPillar2a6	CCSBORF4765	3	CCSBORF0	3AT	3	1670G>C	0	NC_000021.9:44889482:C:G	CCSBVarC008425	ENSP00000498780.1:p.Cys557Ser	ITGB2	ENSG00000160255	empty_AD
HsVcPillar2a6	CCSBORF4765	3	CCSBORF0	3AT	3	1697C>T	0	NC_000021.9:44889455:G:A	CCSBVarC007533	ENSP00000498780.1:p.Pro566Leu	ITGB2	ENSG00000160255	empty_AD
HsVcPillar2a6	CCSBORF4765	3	CCSBORF0	3AT	3	1768T>C	0	NC_000021.9:44889384:A:G	CCSBVarC000703	ENSP00000498780.1:p.Cys590Arg	ITGB2	ENSG00000160255	empty_AD
HsVcPillar2a6	CCSBORF4765	3	CCSBORF0	3AT	3	2210G>A	0	NC_000021.9:44886772:C:T	CCSBVarC007532	ENSP00000498780.1:p.Arg737His	ITGB2	ENSG00000160255	empty_AD
HsVcPillar2a6	CCSBORF4765	3	CCSBORF0	3AT	3	253G>A	0	NC_000021.9:44906989:C:T	CCSBVarC007548	ENSP00000498780.1:p.Ala85Thr	ITGB2	ENSG00000160255	empty_AD
HsVcPillar2a6	CCSBORF4765	3	CCSBORF0	3AT	3	400G>A	0	NC_000021.9:44903463:C:T	CCSBVarC008399	ENSP00000498780.1:p.Asp134Asn	ITGB2	ENSG00000160255	empty_AD
HsVcPillar2a6	CCSBORF4765	3	CCSBORF0	3AT	3	587A>C	0	NC_000021.9:44901645:T:G	CCSBVarC007544	ENSP00000498780.1:p.Lys196Thr	ITGB2	ENSG00000160255	empty_AD
HsVcPillar2a6	CCSBORF4765	3	CCSBORF0	3AT	3	589G>A	0	NC_000021.9:44901643:C:T	CCSBVarC007543	ENSP00000498780.1:p.Glu197Lys	ITGB2	ENSG00000160255	empty_AD
HsVcPillar2a6	CCSBORF4765	3	CCSBORF0	3AT	3	706G>A	0	NC_000021.9:44901526:C:T	CCSBVarC007542	ENSP00000498780.1:p.Gly236Arg	ITGB2	ENSG00000160255	empty_AD
HsVcPillar2a6	CCSBORF4765	3	CCSBORF0	3AT	3	809C>T	0	NC_000021.9:44900407:G:A	CCSBVarC008389	ENSP00000498780.1:p.Ala270Val	ITGB2	ENSG00000160255	empty_AD
HsVcPillar2a6	CCSBORF4765	3	CCSBORF0	3AT	3	847G>A	0	NC_000021.9:44900369:C:T	CCSBVarC007540	ENSP00000498780.1:p.Asp283Asn	ITGB2	ENSG00000160255	empty_AD
HsVcPillar2a6	CCSBORF4765	3	CCSBORF0	3AT	3	853C>T	0	NC_000021.9:44900363:G:A	CCSBVarC007538	ENSP00000498780.1:p.Arg285Cys	ITGB2	ENSG00000160255	empty_AD
HsVcPillar2a6	CCSBORF4765	3	CCSBORF0	3AT	3	899A>T	0	NC_000021.9:44899160:T:A	CCSBVarC003145	ENSP00000498780.1:p.Asp300Val	ITGB2	ENSG00000160255	empty_AD
