experiment	ccsb_orf_id_reference	pool_id	ccsb_orf_id_interactor	media	repeat_id	nt_change	read_count	spdi	ccsb_mutation_id	hgvs_protein	symbol	ensembl_gene_id	interactor_symbol
HsVcPPILacVa1	CCSBORF71591	1	CCSBORF55039	LW	2	REF	710	NULL	NULL	NULL	CRYGC	ENSG00000163254	TRIM7
HsVcPPILacVa1	CCSBORF71591	1	CCSBORF55039	LW	2	121G>A	2202	NC_000002.12:208129571:C:T	CCSBVarC016915	ENSP00000282141.3:p.Gly41Ser	CRYGC	ENSG00000163254	TRIM7
HsVcPPILacVa1	CCSBORF71591	1	CCSBORF55039	LW	2	125G>A	2669	NC_000002.12:208129567:C:T	CCSBVarC016917	ENSP00000282141.3:p.Cys42Tyr	CRYGC	ENSG00000163254	TRIM7
HsVcPPILacVa1	CCSBORF71591	1	CCSBORF55039	LW	2	137A>G	418	NC_000002.12:208129555:T:C	CCSBVarC016919	ENSP00000282141.3:p.Tyr46Cys	CRYGC	ENSG00000163254	TRIM7
HsVcPPILacVa1	CCSBORF71591	1	CCSBORF55039	LW	2	13A>C	3671	NC_000002.12:208129679:T:G	CCSBVarC002785	ENSP00000282141.3:p.Thr5Pro	CRYGC	ENSG00000163254	TRIM7
HsVcPPILacVa1	CCSBORF71591	1	CCSBORF55039	LW	2	142C>T	4422	NC_000002.12:208129550:G:A	CCSBVarC016921	ENSP00000282141.3:p.Arg48Cys	CRYGC	ENSG00000163254	TRIM7
HsVcPPILacVa1	CCSBORF71591	1	CCSBORF55039	LW	2	143G>A	1349	NC_000002.12:208129549:C:T	CCSBVarC014016	ENSP00000282141.3:p.Arg48His	CRYGC	ENSG00000163254	TRIM7
HsVcPPILacVa1	CCSBORF71591	1	CCSBORF55039	LW	2	164A>G	720	NC_000002.12:208129528:T:C	CCSBVarC016929	ENSP00000282141.3:p.Gln55Arg	CRYGC	ENSG00000163254	TRIM7
HsVcPPILacVa1	CCSBORF71591	1	CCSBORF55039	LW	2	220G>A	3883	NC_000002.12:208129472:C:T	CCSBVarC016932	ENSP00000282141.3:p.Asp74Asn	CRYGC	ENSG00000163254	TRIM7
HsVcPPILacVa1	CCSBORF71591	1	CCSBORF55039	LW	2	229C>T	1973	NC_000002.12:208129463:G:A	CCSBVarC016934	ENSP00000282141.3:p.Arg77Cys	CRYGC	ENSG00000163254	TRIM7
HsVcPPILacVa1	CCSBORF71591	1	CCSBORF55039	LW	2	230G>A	3	NC_000002.12:208129462:C:T	CCSBVarC016954	ENSP00000282141.3:p.Arg77His	CRYGC	ENSG00000163254	TRIM7
HsVcPPILacVa1	CCSBORF71591	1	CCSBORF55039	LW	2	256G>T	363	NC_000002.12:208128471:C:A	CCSBVarC014051	ENSP00000282141.3:p.Val86Phe	CRYGC	ENSG00000163254	TRIM7
HsVcPPILacVa1	CCSBORF71591	1	CCSBORF55039	LW	2	271C>T	1017	NC_000002.12:208128456:G:A	CCSBVarC014021	ENSP00000282141.3:p.Arg91Trp	CRYGC	ENSG00000163254	TRIM7
HsVcPPILacVa1	CCSBORF71591	1	CCSBORF55039	LW	2	272G>A	5	NC_000002.12:208128455:C:T	CCSBVarC016956	ENSP00000282141.3:p.Arg91Gln	CRYGC	ENSG00000163254	TRIM7
HsVcPPILacVa1	CCSBORF71591	1	CCSBORF55039	LW	2	304A>G	4	NC_000002.12:208128423:T:C	CCSBVarC016960	ENSP00000282141.3:p.Met102Val	CRYGC	ENSG00000163254	TRIM7
HsVcPPILacVa1	CCSBORF71591	1	CCSBORF55039	LW	2	317G>A	1077	NC_000002.12:208128410:C:T	CCSBVarC014018	ENSP00000282141.3:p.Ser106Asn	CRYGC	ENSG00000163254	TRIM7
HsVcPPILacVa1	CCSBORF71591	1	CCSBORF55039	LW	2	364C>T	5210	NC_000002.12:208128363:G:A	CCSBVarC016964	ENSP00000282141.3:p.Arg122Cys	CRYGC	ENSG00000163254	TRIM7
HsVcPPILacVa1	CCSBORF71591	1	CCSBORF55039	LW	2	365G>A	122	NC_000002.12:208128362:C:T	CCSBVarC016966	ENSP00000282141.3:p.Arg122His	CRYGC	ENSG00000163254	TRIM7
HsVcPPILacVa1	CCSBORF71591	1	CCSBORF55039	LW	2	403G>A	306	NC_000002.12:208128324:C:T	CCSBVarC016968	ENSP00000282141.3:p.Glu135Lys	CRYGC	ENSG00000163254	TRIM7
HsVcPPILacVa1	CCSBORF71591	1	CCSBORF55039	LW	2	450G>T	6	NC_000002.12:208128277:C:A	CCSBVarC016972	ENSP00000282141.3:p.Glu150Asp	CRYGC	ENSG00000163254	TRIM7
HsVcPPILacVa1	CCSBORF71591	1	CCSBORF55039	LW	2	458G>A	469	NC_000002.12:208128269:C:T	CCSBVarC016974	ENSP00000282141.3:p.Arg153Gln	CRYGC	ENSG00000163254	TRIM7
HsVcPPILacVa1	CCSBORF71591	1	CCSBORF55039	LW	2	502C>T	842	NC_000002.12:208128225:G:A	CCSBVarC002786	ENSP00000282141.3:p.Arg168Trp	CRYGC	ENSG00000163254	TRIM7
HsVcPPILacVa1	CCSBORF71591	1	CCSBORF55039	LW	2	52G>A	11	NC_000002.12:208129640:C:T	CCSBVarC016978	ENSP00000282141.3:p.Glu18Lys	CRYGC	ENSG00000163254	TRIM7
HsVcPPILacVa1	CCSBORF71591	1	CCSBORF55039	LW	2	97T>C	5	NC_000002.12:208129595:A:G	CCSBVarC016979	ENSP00000282141.3:p.Cys33Arg	CRYGC	ENSG00000163254	TRIM7
HsVcPPILacVa1	CCSBORF1231	1	CCSBORF70682	LW	2	REF	1344	NULL	NULL	NULL	AQP1	ENSG00000240583	RBAK
HsVcPPILacVa1	CCSBORF1231	1	CCSBORF70682	LW	2	113C>T	1034	NC_000007.14:30912021:C:T	CCSBVarC000137	ENSP00000311165.4:p.Pro38Leu	AQP1	ENSG00000240583	RBAK
HsVcPPILacVa1	CCSBORF1231	1	CCSBORF70682	LW	2	140A>G	6421	NC_000007.14:30912048:A:G	CCSBVarC000138	ENSP00000311165.4:p.Gln47Arg	AQP1	ENSG00000240583	RBAK
HsVcPPILacVa1	CCSBORF1231	1	CCSBORF70682	LW	2	319G>A	15	NC_000007.14:30912227:G:A	CCSBVarC015066	ENSP00000311165.4:p.Val107Ile	AQP1	ENSG00000240583	RBAK
HsVcPPILacVa1	CCSBORF1231	1	CCSBORF70682	LW	2	320T>G	2268	NC_000007.14:30912228:T:G	CCSBVarC015069	ENSP00000311165.4:p.Val107Gly	AQP1	ENSG00000240583	RBAK
HsVcPPILacVa1	CCSBORF1231	1	CCSBORF70682	LW	2	494G>A	410	NC_000007.14:30922174:G:A	CCSBVarC015072	ENSP00000311165.4:p.Gly165Asp	AQP1	ENSG00000240583	RBAK
HsVcPPILacVa1	CCSBORF1231	1	CCSBORF70682	LW	2	576C>A	1702	NC_000007.14:30922589:C:A	CCSBVarC000139	ENSP00000311165.4:p.Asn192Lys	AQP1	ENSG00000240583	RBAK
HsVcPPILacVa1	CCSBORF1231	1	CCSBORF55237	LW	2	REF	1727	NULL	NULL	NULL	AQP1	ENSG00000240583	NOTCH2NLA
HsVcPPILacVa1	CCSBORF1231	1	CCSBORF55237	LW	2	113C>T	1271	NC_000007.14:30912021:C:T	CCSBVarC000137	ENSP00000311165.4:p.Pro38Leu	AQP1	ENSG00000240583	NOTCH2NLA
HsVcPPILacVa1	CCSBORF1231	1	CCSBORF55237	LW	2	140A>G	8040	NC_000007.14:30912048:A:G	CCSBVarC000138	ENSP00000311165.4:p.Gln47Arg	AQP1	ENSG00000240583	NOTCH2NLA
HsVcPPILacVa1	CCSBORF1231	1	CCSBORF55237	LW	2	319G>A	24	NC_000007.14:30912227:G:A	CCSBVarC015066	ENSP00000311165.4:p.Val107Ile	AQP1	ENSG00000240583	NOTCH2NLA
HsVcPPILacVa1	CCSBORF1231	1	CCSBORF55237	LW	2	320T>G	2409	NC_000007.14:30912228:T:G	CCSBVarC015069	ENSP00000311165.4:p.Val107Gly	AQP1	ENSG00000240583	NOTCH2NLA
HsVcPPILacVa1	CCSBORF1231	1	CCSBORF55237	LW	2	494G>A	794	NC_000007.14:30922174:G:A	CCSBVarC015072	ENSP00000311165.4:p.Gly165Asp	AQP1	ENSG00000240583	NOTCH2NLA
HsVcPPILacVa1	CCSBORF1231	1	CCSBORF55237	LW	2	576C>A	2312	NC_000007.14:30922589:C:A	CCSBVarC000139	ENSP00000311165.4:p.Asn192Lys	AQP1	ENSG00000240583	NOTCH2NLA
HsVcPPILacVa1	CCSBORF1231	1	CCSBORF3907	LW	2	REF	0	NULL	NULL	NULL	AQP1	ENSG00000240583	TRIP6
HsVcPPILacVa1	CCSBORF1231	1	CCSBORF3907	LW	2	113C>T	0	NC_000007.14:30912021:C:T	CCSBVarC000137	ENSP00000311165.4:p.Pro38Leu	AQP1	ENSG00000240583	TRIP6
HsVcPPILacVa1	CCSBORF1231	1	CCSBORF3907	LW	2	140A>G	1	NC_000007.14:30912048:A:G	CCSBVarC000138	ENSP00000311165.4:p.Gln47Arg	AQP1	ENSG00000240583	TRIP6
HsVcPPILacVa1	CCSBORF1231	1	CCSBORF3907	LW	2	319G>A	0	NC_000007.14:30912227:G:A	CCSBVarC015066	ENSP00000311165.4:p.Val107Ile	AQP1	ENSG00000240583	TRIP6
HsVcPPILacVa1	CCSBORF1231	1	CCSBORF3907	LW	2	320T>G	0	NC_000007.14:30912228:T:G	CCSBVarC015069	ENSP00000311165.4:p.Val107Gly	AQP1	ENSG00000240583	TRIP6
HsVcPPILacVa1	CCSBORF1231	1	CCSBORF3907	LW	2	494G>A	0	NC_000007.14:30922174:G:A	CCSBVarC015072	ENSP00000311165.4:p.Gly165Asp	AQP1	ENSG00000240583	TRIP6
HsVcPPILacVa1	CCSBORF1231	1	CCSBORF3907	LW	2	576C>A	0	NC_000007.14:30922589:C:A	CCSBVarC000139	ENSP00000311165.4:p.Asn192Lys	AQP1	ENSG00000240583	TRIP6
HsVcPPILacVa1	CCSBORF70357	1	CCSBORF10460	LW	2	REF	230	NULL	NULL	NULL	TSFM	ENSG00000123297	GOLGA6L9
HsVcPPILacVa1	CCSBORF70357	1	CCSBORF10460	LW	2	112C>T	0	NC_000012.12:57783163:C:T	CCSBVarC017012	ENSP00000499171.2:p.Pro38Ser	TSFM	ENSG00000123297	GOLGA6L9
HsVcPPILacVa1	CCSBORF70357	1	CCSBORF10460	LW	2	191G>A	0	NC_000012.12:57783242:G:A	CCSBVarC017016	ENSP00000499171.2:p.Cys64Tyr	TSFM	ENSG00000123297	GOLGA6L9
HsVcPPILacVa1	CCSBORF70357	1	CCSBORF10460	LW	2	22C>T	0	NC_000012.12:57782822:C:T	CCSBVarC017021	ENSP00000499171.2:p.Arg8Cys	TSFM	ENSG00000123297	GOLGA6L9
HsVcPPILacVa1	CCSBORF70357	1	CCSBORF10460	LW	2	269G>A	0	NC_000012.12:57786199:G:A	CCSBVarC017025	ENSP00000499171.2:p.Gly90Asp	TSFM	ENSG00000123297	GOLGA6L9
HsVcPPILacVa1	CCSBORF70357	1	CCSBORF10460	LW	2	34G>T	85	NC_000012.12:57782834:G:T	CCSBVarC017029	ENSP00000499171.2:p.Val12Phe	TSFM	ENSG00000123297	GOLGA6L9
HsVcPPILacVa1	CCSBORF70357	1	CCSBORF10460	LW	2	484G>A	1	NC_000012.12:57792985:G:A	CCSBVarC017033	ENSP00000499171.2:p.Gly162Ser	TSFM	ENSG00000123297	GOLGA6L9
HsVcPPILacVa1	CCSBORF70357	1	CCSBORF10460	LW	2	520G>T	0	NC_000012.12:57793021:G:T	CCSBVarC017037	ENSP00000499171.2:p.Ala174Ser	TSFM	ENSG00000123297	GOLGA6L9
HsVcPPILacVa1	CCSBORF70357	1	CCSBORF10460	LW	2	539G>C	732	NC_000012.12:57793040:G:C	CCSBVarC017041	ENSP00000499171.2:p.Gly180Ala	TSFM	ENSG00000123297	GOLGA6L9
HsVcPPILacVa1	CCSBORF70357	1	CCSBORF10460	LW	2	602G>A	63	NC_000012.12:57796206:G:A	CCSBVarC017056	ENSP00000499171.2:p.Arg201Gln	TSFM	ENSG00000123297	GOLGA6L9
HsVcPPILacVa1	CCSBORF70357	1	CCSBORF10460	LW	2	647A>T	1012	NC_000012.12:57796251:A:T	CCSBVarC017058	ENSP00000499171.2:p.Tyr216Phe	TSFM	ENSG00000123297	GOLGA6L9
HsVcPPILacVa1	CCSBORF70357	1	CCSBORF10460	LW	2	718T>C	1517	NC_000012.12:57796322:T:C	CCSBVarC017061	ENSP00000499171.2:p.Cys240Arg	TSFM	ENSG00000123297	GOLGA6L9
HsVcPPILacVa1	CCSBORF70357	1	CCSBORF10460	LW	2	725C>T	5844	NC_000012.12:57796329:C:T	CCSBVarC017063	ENSP00000499171.2:p.Thr242Met	TSFM	ENSG00000123297	GOLGA6L9
HsVcPPILacVa1	CCSBORF70357	1	CCSBORF10460	LW	2	754G>A	2338	NC_000012.12:57796358:G:A	CCSBVarC017065	ENSP00000499171.2:p.Val252Ile	TSFM	ENSG00000123297	GOLGA6L9
HsVcPPILacVa1	CCSBORF70357	1	CCSBORF10460	LW	2	763C>T	3089	NC_000012.12:57796367:C:T	CCSBVarC017067	ENSP00000499171.2:p.Arg255Cys	TSFM	ENSG00000123297	GOLGA6L9
HsVcPPILacVa1	CCSBORF70357	1	CCSBORF10460	LW	2	775C>T	0	NC_000012.12:57796379:C:T	CCSBVarC017069	ENSP00000499171.2:p.His259Tyr	TSFM	ENSG00000123297	GOLGA6L9
HsVcPPILacVa1	CCSBORF70357	1	CCSBORF10460	LW	2	796C>G	1	NC_000012.12:57796400:C:G	CCSBVarC017074	ENSP00000499171.2:p.Leu266Val	TSFM	ENSG00000123297	GOLGA6L9
HsVcPPILacVa1	CCSBORF70357	1	CCSBORF10460	LW	2	814G>C	5457	NC_000012.12:57796418:G:C	CCSBVarC017078	ENSP00000499171.2:p.Asp272His	TSFM	ENSG00000123297	GOLGA6L9
HsVcPPILacVa1	CCSBORF70357	1	CCSBORF10460	LW	2	878C>T	4	NC_000012.12:57796482:C:T	CCSBVarC017084	ENSP00000499171.2:p.Ser293Phe	TSFM	ENSG00000123297	GOLGA6L9
HsVcPPILacVa1	CCSBORF11374	2	CCSBORF71346	LW	2	REF	1187	NULL	NULL	NULL	RP2	ENSG00000102218	PM20D2
HsVcPPILacVa1	CCSBORF11374	2	CCSBORF71346	LW	2	1046G>C	3930	NC_000023.11:46879761:G:C	CCSBVarC014902	ENSP00000218340.3:p.Gly349Ala	RP2	ENSG00000102218	PM20D2
HsVcPPILacVa1	CCSBORF11374	2	CCSBORF71346	LW	2	122T>C	439	NC_000023.11:46853494:T:C	CCSBVarC014908	ENSP00000218340.3:p.Met41Thr	RP2	ENSG00000102218	PM20D2
HsVcPPILacVa1	CCSBORF11374	2	CCSBORF71346	LW	2	226G>T	1928	NC_000023.11:46853598:G:T	CCSBVarC014921	ENSP00000218340.3:p.Asp76Tyr	RP2	ENSG00000102218	PM20D2
HsVcPPILacVa1	CCSBORF11374	2	CCSBORF71346	LW	2	260C>T	370	NC_000023.11:46853632:C:T	CCSBVarC011436	ENSP00000218340.3:p.Thr87Ile	RP2	ENSG00000102218	PM20D2
HsVcPPILacVa1	CCSBORF11374	2	CCSBORF71346	LW	2	280G>C	5056	NC_000023.11:46853652:G:C	CCSBVarC014952	ENSP00000218340.3:p.Gly94Arg	RP2	ENSG00000102218	PM20D2
HsVcPPILacVa1	CCSBORF11374	2	CCSBORF71346	LW	2	284C>T	48	NC_000023.11:46853656:C:T	CCSBVarC011462	ENSP00000218340.3:p.Pro95Leu	RP2	ENSG00000102218	PM20D2
HsVcPPILacVa1	CCSBORF11374	2	CCSBORF71346	LW	2	352C>T	14	NC_000023.11:46853724:C:T	CCSBVarC011442	ENSP00000218340.3:p.Arg118Cys	RP2	ENSG00000102218	PM20D2
HsVcPPILacVa1	CCSBORF11374	2	CCSBORF71346	LW	2	353G>A	167	NC_000023.11:46853725:G:A	CCSBVarC001707	ENSP00000218340.3:p.Arg118His	RP2	ENSG00000102218	PM20D2
HsVcPPILacVa1	CCSBORF11374	2	CCSBORF71346	LW	2	353G>T	496	NC_000023.11:46853725:G:T	CCSBVarC005281	ENSP00000218340.3:p.Arg118Leu	RP2	ENSG00000102218	PM20D2
HsVcPPILacVa1	CCSBORF11374	2	CCSBORF71346	LW	2	401A>G	40	NC_000023.11:46853773:A:G	CCSBVarC014964	ENSP00000218340.3:p.Gln134Arg	RP2	ENSG00000102218	PM20D2
HsVcPPILacVa1	CCSBORF11374	2	CCSBORF71346	LW	2	49C>T	756	NC_000023.11:46837148:C:T	CCSBVarC014978	ENSP00000218340.3:p.Pro17Ser	RP2	ENSG00000102218	PM20D2
HsVcPPILacVa1	CCSBORF11374	2	CCSBORF71346	LW	2	601A>G	355	NC_000023.11:46853973:A:G	CCSBVarC011432	ENSP00000218340.3:p.Ile201Val	RP2	ENSG00000102218	PM20D2
HsVcPPILacVa1	CCSBORF11374	2	CCSBORF71346	LW	2	628G>A	1121	NC_000023.11:46854000:G:A	CCSBVarC014986	ENSP00000218340.3:p.Val210Ile	RP2	ENSG00000102218	PM20D2
HsVcPPILacVa1	CCSBORF11374	2	CCSBORF71346	LW	2	667A>G	394	NC_000023.11:46854039:A:G	CCSBVarC014996	ENSP00000218340.3:p.Ile223Val	RP2	ENSG00000102218	PM20D2
HsVcPPILacVa1	CCSBORF11374	2	CCSBORF71346	LW	2	768G>C	970	NC_000023.11:46854140:G:C	CCSBVarC015005	ENSP00000218340.3:p.Glu256Asp	RP2	ENSG00000102218	PM20D2
HsVcPPILacVa1	CCSBORF11374	2	CCSBORF71346	LW	2	782G>T	289	NC_000023.11:46860000:G:T	CCSBVarC015014	ENSP00000218340.3:p.Gly261Val	RP2	ENSG00000102218	PM20D2
HsVcPPILacVa1	CCSBORF11374	2	CCSBORF71346	LW	2	889G>C	368	NC_000023.11:46877509:G:C	CCSBVarC015023	ENSP00000218340.3:p.Val297Leu	RP2	ENSG00000102218	PM20D2
HsVcPPILacVa1	CCSBORF11374	2	CCSBORF71346	LW	2	8G>C	2	NC_000023.11:46837107:G:C	CCSBVarC011470	ENSP00000218340.3:p.Cys3Ser	RP2	ENSG00000102218	PM20D2
HsVcPPILacVa1	CCSBORF11374	2	CCSBORF71346	LW	2	959A>G	1	NC_000023.11:46877579:A:G	CCSBVarC011424	ENSP00000218340.3:p.Asn320Ser	RP2	ENSG00000102218	PM20D2
HsVcPPILacVa1	CCSBORF11374	2	CCSBORF71346	LW	2	970A>G	52	NC_000023.11:46879685:A:G	CCSBVarC015035	ENSP00000218340.3:p.Met324Val	RP2	ENSG00000102218	PM20D2
HsVcPPILacVa1	CCSBORF5896	1	CCSBORF3753	LW	2	REF	459	NULL	NULL	NULL	AHCY	ENSG00000101444	C1orf50
HsVcPPILacVa1	CCSBORF5896	1	CCSBORF3753	LW	2	1000C>T	633	NC_000020.11:34285606:G:A	CCSBVarC016693	ENSP00000217426.2:p.Arg334Cys	AHCY	ENSG00000101444	C1orf50
HsVcPPILacVa1	CCSBORF5896	1	CCSBORF3753	LW	2	1025G>T	912	NC_000020.11:34285581:C:A	CCSBVarC016696	ENSP00000217426.2:p.Gly342Val	AHCY	ENSG00000101444	C1orf50
HsVcPPILacVa1	CCSBORF5896	1	CCSBORF3753	LW	2	106C>T	510	NC_000020.11:34295507:G:A	CCSBVarC016716	ENSP00000217426.2:p.Arg36Trp	AHCY	ENSG00000101444	C1orf50
HsVcPPILacVa1	CCSBORF5896	1	CCSBORF3753	LW	2	1124A>G	301	NC_000020.11:34285482:T:C	CCSBVarC016722	ENSP00000217426.2:p.His375Arg	AHCY	ENSG00000101444	C1orf50
HsVcPPILacVa1	CCSBORF5896	1	CCSBORF3753	LW	2	1223A>G	718	NC_000020.11:34281109:T:C	CCSBVarC016727	ENSP00000217426.2:p.Lys408Arg	AHCY	ENSG00000101444	C1orf50
HsVcPPILacVa1	CCSBORF5896	1	CCSBORF3753	LW	2	1292G>A	1232	NC_000020.11:34281040:C:T	CCSBVarC016733	ENSP00000217426.2:p.Arg431His	AHCY	ENSG00000101444	C1orf50
HsVcPPILacVa1	CCSBORF5896	1	CCSBORF3753	LW	2	145C>T	225	NC_000020.11:34295468:G:A	CCSBVarC000924	ENSP00000217426.2:p.Arg49Cys	AHCY	ENSG00000101444	C1orf50
HsVcPPILacVa1	CCSBORF5896	1	CCSBORF3753	LW	2	176A>T	3	NC_000020.11:34295437:T:A	CCSBVarC016739	ENSP00000217426.2:p.Glu59Val	AHCY	ENSG00000101444	C1orf50
HsVcPPILacVa1	CCSBORF5896	1	CCSBORF3753	LW	2	266C>T	9	NC_000020.11:34294109:G:A	CCSBVarC000926	ENSP00000217426.2:p.Ala89Val	AHCY	ENSG00000101444	C1orf50
HsVcPPILacVa1	CCSBORF5896	1	CCSBORF3753	LW	2	293C>T	456	NC_000020.11:34294082:G:A	CCSBVarC016743	ENSP00000217426.2:p.Pro98Leu	AHCY	ENSG00000101444	C1orf50
HsVcPPILacVa1	CCSBORF5896	1	CCSBORF3753	LW	2	373C>G	394	NC_000020.11:34292429:G:C	CCSBVarC016751	ENSP00000217426.2:p.Leu125Val	AHCY	ENSG00000101444	C1orf50
HsVcPPILacVa1	CCSBORF5896	1	CCSBORF3753	LW	2	473C>T	26	NC_000020.11:34291503:G:A	CCSBVarC016755	ENSP00000217426.2:p.Thr158Met	AHCY	ENSG00000101444	C1orf50
HsVcPPILacVa1	CCSBORF5896	1	CCSBORF3753	LW	2	586C>T	613	NC_000020.11:34290910:G:A	CCSBVarC016761	ENSP00000217426.2:p.Arg196Trp	AHCY	ENSG00000101444	C1orf50
HsVcPPILacVa1	CCSBORF5896	1	CCSBORF3753	LW	2	685G>A	1113	NC_000020.11:34290811:C:T	CCSBVarC016768	ENSP00000217426.2:p.Ala229Thr	AHCY	ENSG00000101444	C1orf50
HsVcPPILacVa1	CCSBORF5896	1	CCSBORF3753	LW	2	698G>A	186	NC_000020.11:34290798:C:T	CCSBVarC016776	ENSP00000217426.2:p.Arg233Gln	AHCY	ENSG00000101444	C1orf50
HsVcPPILacVa1	CCSBORF5896	1	CCSBORF3753	LW	2	727G>A	1804	NC_000020.11:34290769:C:T	CCSBVarC016780	ENSP00000217426.2:p.Glu243Lys	AHCY	ENSG00000101444	C1orf50
HsVcPPILacVa1	CCSBORF5896	1	CCSBORF3753	LW	2	883A>G	201	NC_000020.11:34290420:T:C	CCSBVarC016789	ENSP00000217426.2:p.Ile295Val	AHCY	ENSG00000101444	C1orf50
HsVcPPILacVa1	CCSBORF5896	1	CCSBORF3753	LW	2	979C>T	926	NC_000020.11:34285627:G:A	CCSBVarC016793	ENSP00000217426.2:p.Arg327Trp	AHCY	ENSG00000101444	C1orf50
HsVcPPILacVa1	CCSBORF7215	1	CCSBORF9939	LW	2	REF	529	NULL	NULL	NULL	NR0B1	ENSG00000169297	NR5A1
HsVcPPILacVa1	CCSBORF7215	1	CCSBORF9939	LW	2	1138T>G	220	NC_000023.11:30308225:A:C	CCSBVarC006816	ENSP00000368253.4:p.Tyr380Asp	NR0B1	ENSG00000169297	NR5A1
HsVcPPILacVa1	CCSBORF7215	1	CCSBORF9939	LW	2	1146G>T	70	NC_000023.11:30308217:C:A	CCSBVarC006817	ENSP00000368253.4:p.Lys382Asn	NR0B1	ENSG00000169297	NR5A1
HsVcPPILacVa1	CCSBORF7215	1	CCSBORF9939	LW	2	1235G>A	409	NC_000023.11:30304756:C:T	CCSBVarC016993	ENSP00000368253.4:p.Ser412Asn	NR0B1	ENSG00000169297	NR5A1
HsVcPPILacVa1	CCSBORF7215	1	CCSBORF9939	LW	2	1273A>G	70	NC_000023.11:30304718:T:C	CCSBVarC016995	ENSP00000368253.4:p.Arg425Gly	NR0B1	ENSG00000169297	NR5A1
HsVcPPILacVa1	CCSBORF7215	1	CCSBORF9939	LW	2	1274G>T	590	NC_000023.11:30304717:C:A	CCSBVarC006818	ENSP00000368253.4:p.Arg425Ile	NR0B1	ENSG00000169297	NR5A1
HsVcPPILacVa1	CCSBORF7215	1	CCSBORF9939	LW	2	1319A>T	463	NC_000023.11:30304672:T:A	CCSBVarC006819	ENSP00000368253.4:p.Asn440Ile	NR0B1	ENSG00000169297	NR5A1
HsVcPPILacVa1	CCSBORF7215	1	CCSBORF9939	LW	2	1351C>G	177	NC_000023.11:30304640:G:C	CCSBVarC016997	ENSP00000368253.4:p.Pro451Ala	NR0B1	ENSG00000169297	NR5A1
HsVcPPILacVa1	CCSBORF7215	1	CCSBORF9939	LW	2	155A>C	12	NC_000023.11:30309208:T:G	CCSBVarC017001	ENSP00000368253.4:p.Glu52Ala	NR0B1	ENSG00000169297	NR5A1
HsVcPPILacVa1	CCSBORF7215	1	CCSBORF9939	LW	2	315G>C	2801	NC_000023.11:30309048:C:G	CCSBVarC001145	ENSP00000368253.4:p.Trp105Cys	NR0B1	ENSG00000169297	NR5A1
HsVcPPILacVa1	CCSBORF7215	1	CCSBORF9939	LW	2	362C>G	1488	NC_000023.11:30309001:G:C	CCSBVarC017017	ENSP00000368253.4:p.Pro121Arg	NR0B1	ENSG00000169297	NR5A1
HsVcPPILacVa1	CCSBORF7215	1	CCSBORF9939	LW	2	568G>C	2163	NC_000023.11:30308795:C:G	CCSBVarC017024	ENSP00000368253.4:p.Gly190Arg	NR0B1	ENSG00000169297	NR5A1
HsVcPPILacVa1	CCSBORF7215	1	CCSBORF9939	LW	2	600C>G	1739	NC_000023.11:30308763:G:C	CCSBVarC011254	ENSP00000368253.4:p.Cys200Trp	NR0B1	ENSG00000169297	NR5A1
HsVcPPILacVa1	CCSBORF7215	1	CCSBORF9939	LW	2	800G>C	0	NC_000023.11:30308563:C:G	CCSBVarC001146	ENSP00000368253.4:p.Arg267Pro	NR0B1	ENSG00000169297	NR5A1
HsVcPPILacVa1	CCSBORF7215	1	CCSBORF9939	LW	2	881T>C	0	NC_000023.11:30308482:A:G	CCSBVarC017045	ENSP00000368253.4:p.Leu294Pro	NR0B1	ENSG00000169297	NR5A1
HsVcPPILacVa1	CCSBORF4870	2	CCSBORF100066360	LW	2	REF	279	NULL	NULL	NULL	KRT6A	ENSG00000205420	KRT27
HsVcPPILacVa1	CCSBORF4870	2	CCSBORF100066360	LW	2	1198A>C	538	NC_000012.12:52489947:T:G	CCSBVarC015603	ENSP00000369317.3:p.Lys400Gln	KRT6A	ENSG00000205420	KRT27
HsVcPPILacVa1	CCSBORF4870	2	CCSBORF100066360	LW	2	1282G>A	218	NC_000012.12:52488469:C:T	CCSBVarC015611	ENSP00000369317.3:p.Glu428Lys	KRT6A	ENSG00000205420	KRT27
HsVcPPILacVa1	CCSBORF4870	2	CCSBORF100066360	LW	2	1378G>A	778	NC_000012.12:52488373:C:T	CCSBVarC015615	ENSP00000369317.3:p.Val460Met	KRT6A	ENSG00000205420	KRT27
HsVcPPILacVa1	CCSBORF4870	2	CCSBORF100066360	LW	2	1381G>A	1751	NC_000012.12:52488370:C:T	CCSBVarC003673	ENSP00000369317.3:p.Glu461Lys	KRT6A	ENSG00000205420	KRT27
HsVcPPILacVa1	CCSBORF4870	2	CCSBORF100066360	LW	2	1387G>C	383	NC_000012.12:52488364:C:G	CCSBVarC000721	ENSP00000369317.3:p.Ala463Pro	KRT6A	ENSG00000205420	KRT27
HsVcPPILacVa1	CCSBORF4870	2	CCSBORF100066360	LW	2	1393T>C	1	NC_000012.12:52488358:A:G	CCSBVarC003675	ENSP00000369317.3:p.Tyr465His	KRT6A	ENSG00000205420	KRT27
HsVcPPILacVa1	CCSBORF4870	2	CCSBORF100066360	LW	2	1403T>A	126	NC_000012.12:52488348:A:T	CCSBVarC003677	ENSP00000369317.3:p.Leu468Gln	KRT6A	ENSG00000205420	KRT27
HsVcPPILacVa1	CCSBORF4870	2	CCSBORF100066360	LW	2	1416G>C	1176	NC_000012.12:52488335:C:G	CCSBVarC003679	ENSP00000369317.3:p.Glu472Asp	KRT6A	ENSG00000205420	KRT27
HsVcPPILacVa1	CCSBORF4870	2	CCSBORF100066360	LW	2	1456A>G	5	NC_000012.12:52488071:T:C	CCSBVarC015620	ENSP00000369317.3:p.Ile486Val	KRT6A	ENSG00000205420	KRT27
HsVcPPILacVa1	CCSBORF4870	2	CCSBORF100066360	LW	2	1567G>A	88	NC_000012.12:52487847:C:T	CCSBVarC009576	ENSP00000369317.3:p.Val523Ile	KRT6A	ENSG00000205420	KRT27
HsVcPPILacVa1	CCSBORF4870	2	CCSBORF100066360	LW	2	1567G>T	72	NC_000012.12:52487847:C:A	CCSBVarC002920	ENSP00000369317.3:p.Val523Phe	KRT6A	ENSG00000205420	KRT27
HsVcPPILacVa1	CCSBORF4870	2	CCSBORF100066360	LW	2	1604T>C	142	NC_000012.12:52487810:A:G	CCSBVarC015632	ENSP00000369317.3:p.Ile535Thr	KRT6A	ENSG00000205420	KRT27
HsVcPPILacVa1	CCSBORF4870	2	CCSBORF100066360	LW	2	1650G>T	564	NC_000012.12:52487764:C:A	CCSBVarC015638	ENSP00000369317.3:p.Lys550Asn	KRT6A	ENSG00000205420	KRT27
HsVcPPILacVa1	CCSBORF4870	2	CCSBORF100066360	LW	2	332G>A	0	NC_000012.12:52492856:C:T	CCSBVarC015647	ENSP00000369317.3:p.Gly111Asp	KRT6A	ENSG00000205420	KRT27
HsVcPPILacVa1	CCSBORF4870	2	CCSBORF100066360	LW	2	361G>A	171	NC_000012.12:52492827:C:T	CCSBVarC015651	ENSP00000369317.3:p.Gly121Ser	KRT6A	ENSG00000205420	KRT27
HsVcPPILacVa1	CCSBORF4870	2	CCSBORF100066360	LW	2	46C>T	13	NC_000012.12:52493142:G:A	CCSBVarC015667	ENSP00000369317.3:p.Arg16Trp	KRT6A	ENSG00000205420	KRT27
HsVcPPILacVa1	CCSBORF4870	2	CCSBORF100066360	LW	2	491G>C	429	NC_000012.12:52492697:C:G	CCSBVarC003663	ENSP00000369317.3:p.Arg164Pro	KRT6A	ENSG00000205420	KRT27
HsVcPPILacVa1	CCSBORF4870	2	CCSBORF100066360	LW	2	500T>G	0	NC_000012.12:52492688:A:C	CCSBVarC003665	ENSP00000369317.3:p.Ile167Ser	KRT6A	ENSG00000205420	KRT27
HsVcPPILacVa1	CCSBORF4870	2	CCSBORF100066360	LW	2	511A>T	274	NC_000012.12:52492677:T:A	CCSBVarC003667	ENSP00000369317.3:p.Asn171Tyr	KRT6A	ENSG00000205420	KRT27
HsVcPPILacVa1	CCSBORF4870	2	CCSBORF100066360	LW	2	512A>G	295	NC_000012.12:52492676:T:C	CCSBVarC003669	ENSP00000369317.3:p.Asn171Ser	KRT6A	ENSG00000205420	KRT27
HsVcPPILacVa1	CCSBORF4870	2	CCSBORF100066360	LW	2	520T>G	1	NC_000012.12:52492668:A:C	CCSBVarC000719	ENSP00000369317.3:p.Phe174Val	KRT6A	ENSG00000205420	KRT27
HsVcPPILacVa1	CCSBORF4870	2	CCSBORF100066360	LW	2	526T>C	161	NC_000012.12:52492662:A:G	CCSBVarC003671	ENSP00000369317.3:p.Ser176Pro	KRT6A	ENSG00000205420	KRT27
HsVcPPILacVa1	CCSBORF4870	2	CCSBORF100066360	LW	2	628C>A	1088	NC_000012.12:52491648:G:T	CCSBVarC009567	ENSP00000369317.3:p.Leu210Met	KRT6A	ENSG00000205420	KRT27
HsVcPPILacVa1	CCSBORF4870	2	CCSBORF100066360	LW	2	632A>G	1	NC_000012.12:52491644:T:C	CCSBVarC015673	ENSP00000369317.3:p.Glu211Gly	KRT6A	ENSG00000205420	KRT27
HsVcPPILacVa1	CCSBORF4870	2	CCSBORF100066360	LW	2	680G>A	2	NC_000012.12:52491596:C:T	CCSBVarC015679	ENSP00000369317.3:p.Ser227Asn	KRT6A	ENSG00000205420	KRT27
HsVcPPILacVa1	CCSBORF4870	2	CCSBORF100066360	LW	2	745T>C	1057	NC_000012.12:52491531:A:G	CCSBVarC002915	ENSP00000369317.3:p.Phe249Leu	KRT6A	ENSG00000205420	KRT27
HsVcPPILacVa1	CCSBORF4870	2	CCSBORF100066360	LW	2	806C>T	0	NC_000012.12:52491121:G:A	CCSBVarC015685	ENSP00000369317.3:p.Thr269Ile	KRT6A	ENSG00000205420	KRT27
HsVcPPILacVa1	CCSBORF4870	2	CCSBORF100066360	LW	2	968A>T	2	NC_000012.12:52490677:T:A	CCSBVarC015689	ENSP00000369317.3:p.Asp323Val	KRT6A	ENSG00000205420	KRT27
HsVcPPILacVa1	CCSBORF4870	2	CCSBORF100066360	LW	2	981C>G	2	NC_000012.12:52490664:G:C	CCSBVarC015694	ENSP00000369317.3:p.Asn327Lys	KRT6A	ENSG00000205420	KRT27
HsVcPPILacVa1	CCSBORF4870	2	CCSBORF100014396	LW	2	REF	352	NULL	NULL	NULL	KRT6A	ENSG00000205420	KRT35
HsVcPPILacVa1	CCSBORF4870	2	CCSBORF100014396	LW	2	1198A>C	700	NC_000012.12:52489947:T:G	CCSBVarC015603	ENSP00000369317.3:p.Lys400Gln	KRT6A	ENSG00000205420	KRT35
HsVcPPILacVa1	CCSBORF4870	2	CCSBORF100014396	LW	2	1282G>A	191	NC_000012.12:52488469:C:T	CCSBVarC015611	ENSP00000369317.3:p.Glu428Lys	KRT6A	ENSG00000205420	KRT35
HsVcPPILacVa1	CCSBORF4870	2	CCSBORF100014396	LW	2	1378G>A	853	NC_000012.12:52488373:C:T	CCSBVarC015615	ENSP00000369317.3:p.Val460Met	KRT6A	ENSG00000205420	KRT35
HsVcPPILacVa1	CCSBORF4870	2	CCSBORF100014396	LW	2	1381G>A	2294	NC_000012.12:52488370:C:T	CCSBVarC003673	ENSP00000369317.3:p.Glu461Lys	KRT6A	ENSG00000205420	KRT35
HsVcPPILacVa1	CCSBORF4870	2	CCSBORF100014396	LW	2	1387G>C	556	NC_000012.12:52488364:C:G	CCSBVarC000721	ENSP00000369317.3:p.Ala463Pro	KRT6A	ENSG00000205420	KRT35
HsVcPPILacVa1	CCSBORF4870	2	CCSBORF100014396	LW	2	1393T>C	2	NC_000012.12:52488358:A:G	CCSBVarC003675	ENSP00000369317.3:p.Tyr465His	KRT6A	ENSG00000205420	KRT35
HsVcPPILacVa1	CCSBORF4870	2	CCSBORF100014396	LW	2	1403T>A	171	NC_000012.12:52488348:A:T	CCSBVarC003677	ENSP00000369317.3:p.Leu468Gln	KRT6A	ENSG00000205420	KRT35
HsVcPPILacVa1	CCSBORF4870	2	CCSBORF100014396	LW	2	1416G>C	1344	NC_000012.12:52488335:C:G	CCSBVarC003679	ENSP00000369317.3:p.Glu472Asp	KRT6A	ENSG00000205420	KRT35
HsVcPPILacVa1	CCSBORF4870	2	CCSBORF100014396	LW	2	1456A>G	7	NC_000012.12:52488071:T:C	CCSBVarC015620	ENSP00000369317.3:p.Ile486Val	KRT6A	ENSG00000205420	KRT35
HsVcPPILacVa1	CCSBORF4870	2	CCSBORF100014396	LW	2	1567G>A	225	NC_000012.12:52487847:C:T	CCSBVarC009576	ENSP00000369317.3:p.Val523Ile	KRT6A	ENSG00000205420	KRT35
HsVcPPILacVa1	CCSBORF4870	2	CCSBORF100014396	LW	2	1567G>T	165	NC_000012.12:52487847:C:A	CCSBVarC002920	ENSP00000369317.3:p.Val523Phe	KRT6A	ENSG00000205420	KRT35
HsVcPPILacVa1	CCSBORF4870	2	CCSBORF100014396	LW	2	1604T>C	185	NC_000012.12:52487810:A:G	CCSBVarC015632	ENSP00000369317.3:p.Ile535Thr	KRT6A	ENSG00000205420	KRT35
HsVcPPILacVa1	CCSBORF4870	2	CCSBORF100014396	LW	2	1650G>T	597	NC_000012.12:52487764:C:A	CCSBVarC015638	ENSP00000369317.3:p.Lys550Asn	KRT6A	ENSG00000205420	KRT35
HsVcPPILacVa1	CCSBORF4870	2	CCSBORF100014396	LW	2	332G>A	0	NC_000012.12:52492856:C:T	CCSBVarC015647	ENSP00000369317.3:p.Gly111Asp	KRT6A	ENSG00000205420	KRT35
HsVcPPILacVa1	CCSBORF4870	2	CCSBORF100014396	LW	2	361G>A	204	NC_000012.12:52492827:C:T	CCSBVarC015651	ENSP00000369317.3:p.Gly121Ser	KRT6A	ENSG00000205420	KRT35
HsVcPPILacVa1	CCSBORF4870	2	CCSBORF100014396	LW	2	46C>T	2	NC_000012.12:52493142:G:A	CCSBVarC015667	ENSP00000369317.3:p.Arg16Trp	KRT6A	ENSG00000205420	KRT35
HsVcPPILacVa1	CCSBORF4870	2	CCSBORF100014396	LW	2	491G>C	396	NC_000012.12:52492697:C:G	CCSBVarC003663	ENSP00000369317.3:p.Arg164Pro	KRT6A	ENSG00000205420	KRT35
HsVcPPILacVa1	CCSBORF4870	2	CCSBORF100014396	LW	2	500T>G	1	NC_000012.12:52492688:A:C	CCSBVarC003665	ENSP00000369317.3:p.Ile167Ser	KRT6A	ENSG00000205420	KRT35
HsVcPPILacVa1	CCSBORF4870	2	CCSBORF100014396	LW	2	511A>T	289	NC_000012.12:52492677:T:A	CCSBVarC003667	ENSP00000369317.3:p.Asn171Tyr	KRT6A	ENSG00000205420	KRT35
HsVcPPILacVa1	CCSBORF4870	2	CCSBORF100014396	LW	2	512A>G	353	NC_000012.12:52492676:T:C	CCSBVarC003669	ENSP00000369317.3:p.Asn171Ser	KRT6A	ENSG00000205420	KRT35
HsVcPPILacVa1	CCSBORF4870	2	CCSBORF100014396	LW	2	520T>G	2	NC_000012.12:52492668:A:C	CCSBVarC000719	ENSP00000369317.3:p.Phe174Val	KRT6A	ENSG00000205420	KRT35
HsVcPPILacVa1	CCSBORF4870	2	CCSBORF100014396	LW	2	526T>C	287	NC_000012.12:52492662:A:G	CCSBVarC003671	ENSP00000369317.3:p.Ser176Pro	KRT6A	ENSG00000205420	KRT35
HsVcPPILacVa1	CCSBORF4870	2	CCSBORF100014396	LW	2	628C>A	1380	NC_000012.12:52491648:G:T	CCSBVarC009567	ENSP00000369317.3:p.Leu210Met	KRT6A	ENSG00000205420	KRT35
HsVcPPILacVa1	CCSBORF4870	2	CCSBORF100014396	LW	2	632A>G	1	NC_000012.12:52491644:T:C	CCSBVarC015673	ENSP00000369317.3:p.Glu211Gly	KRT6A	ENSG00000205420	KRT35
HsVcPPILacVa1	CCSBORF4870	2	CCSBORF100014396	LW	2	680G>A	2	NC_000012.12:52491596:C:T	CCSBVarC015679	ENSP00000369317.3:p.Ser227Asn	KRT6A	ENSG00000205420	KRT35
HsVcPPILacVa1	CCSBORF4870	2	CCSBORF100014396	LW	2	745T>C	1302	NC_000012.12:52491531:A:G	CCSBVarC002915	ENSP00000369317.3:p.Phe249Leu	KRT6A	ENSG00000205420	KRT35
HsVcPPILacVa1	CCSBORF4870	2	CCSBORF100014396	LW	2	806C>T	3	NC_000012.12:52491121:G:A	CCSBVarC015685	ENSP00000369317.3:p.Thr269Ile	KRT6A	ENSG00000205420	KRT35
HsVcPPILacVa1	CCSBORF4870	2	CCSBORF100014396	LW	2	968A>T	2	NC_000012.12:52490677:T:A	CCSBVarC015689	ENSP00000369317.3:p.Asp323Val	KRT6A	ENSG00000205420	KRT35
HsVcPPILacVa1	CCSBORF4870	2	CCSBORF100014396	LW	2	981C>G	0	NC_000012.12:52490664:G:C	CCSBVarC015694	ENSP00000369317.3:p.Asn327Lys	KRT6A	ENSG00000205420	KRT35
HsVcPPILacVa1	CCSBORF4870	1	CCSBORF55664	LW	2	REF	195	NULL	NULL	NULL	KRT6A	ENSG00000205420	TRIM54
HsVcPPILacVa1	CCSBORF4870	1	CCSBORF55664	LW	2	1003G>A	1	NC_000012.12:52490642:C:T	CCSBVarC009565	ENSP00000369317.3:p.Ala335Thr	KRT6A	ENSG00000205420	TRIM54
HsVcPPILacVa1	CCSBORF4870	1	CCSBORF55664	LW	2	1157G>T	0	NC_000012.12:52489988:C:A	CCSBVarC015599	ENSP00000369317.3:p.Arg386Leu	KRT6A	ENSG00000205420	TRIM54
HsVcPPILacVa1	CCSBORF4870	1	CCSBORF55664	LW	2	1211A>G	3	NC_000012.12:52488540:T:C	CCSBVarC015607	ENSP00000369317.3:p.Asn404Ser	KRT6A	ENSG00000205420	TRIM54
HsVcPPILacVa1	CCSBORF4870	1	CCSBORF55664	LW	2	1327C>T	7	NC_000012.12:52488424:G:A	CCSBVarC009573	ENSP00000369317.3:p.Arg443Trp	KRT6A	ENSG00000205420	TRIM54
HsVcPPILacVa1	CCSBORF4870	1	CCSBORF55664	LW	2	1340A>G	0	NC_000012.12:52488411:T:C	CCSBVarC015613	ENSP00000369317.3:p.Glu447Gly	KRT6A	ENSG00000205420	TRIM54
HsVcPPILacVa1	CCSBORF4870	1	CCSBORF55664	LW	2	1385T>A	0	NC_000012.12:52488366:A:T	CCSBVarC003674	ENSP00000369317.3:p.Ile462Asn	KRT6A	ENSG00000205420	TRIM54
HsVcPPILacVa1	CCSBORF4870	1	CCSBORF55664	LW	2	1385T>G	3	NC_000012.12:52488366:A:C	CCSBVarC000720	ENSP00000369317.3:p.Ile462Ser	KRT6A	ENSG00000205420	TRIM54
HsVcPPILacVa1	CCSBORF4870	1	CCSBORF55664	LW	2	1403T>C	1448	NC_000012.12:52488348:A:G	CCSBVarC003676	ENSP00000369317.3:p.Leu468Pro	KRT6A	ENSG00000205420	TRIM54
HsVcPPILacVa1	CCSBORF4870	1	CCSBORF55664	LW	2	1414G>A	746	NC_000012.12:52488337:C:T	CCSBVarC003678	ENSP00000369317.3:p.Glu472Lys	KRT6A	ENSG00000205420	TRIM54
HsVcPPILacVa1	CCSBORF4870	1	CCSBORF55664	LW	2	1441G>A	1	NC_000012.12:52488086:C:T	CCSBVarC015618	ENSP00000369317.3:p.Val481Ile	KRT6A	ENSG00000205420	TRIM54
HsVcPPILacVa1	CCSBORF4870	1	CCSBORF55664	LW	2	1534G>A	4	NC_000012.12:52487880:C:T	CCSBVarC015629	ENSP00000369317.3:p.Gly512Arg	KRT6A	ENSG00000205420	TRIM54
HsVcPPILacVa1	CCSBORF4870	1	CCSBORF55664	LW	2	1606G>A	0	NC_000012.12:52487808:C:T	CCSBVarC015635	ENSP00000369317.3:p.Gly536Arg	KRT6A	ENSG00000205420	TRIM54
HsVcPPILacVa1	CCSBORF4870	1	CCSBORF55664	LW	2	1655C>G	0	NC_000012.12:52487759:G:C	CCSBVarC002916	ENSP00000369317.3:p.Thr552Ser	KRT6A	ENSG00000205420	TRIM54
HsVcPPILacVa1	CCSBORF4870	1	CCSBORF55664	LW	2	215T>C	0	NC_000012.12:52492973:A:G	CCSBVarC015643	ENSP00000369317.3:p.Ile72Thr	KRT6A	ENSG00000205420	TRIM54
HsVcPPILacVa1	CCSBORF4870	1	CCSBORF55664	LW	2	359G>T	0	NC_000012.12:52492829:C:A	CCSBVarC015649	ENSP00000369317.3:p.Gly120Val	KRT6A	ENSG00000205420	TRIM54
HsVcPPILacVa1	CCSBORF4870	1	CCSBORF55664	LW	2	365T>C	1	NC_000012.12:52492823:A:G	CCSBVarC015653	ENSP00000369317.3:p.Phe122Ser	KRT6A	ENSG00000205420	TRIM54
HsVcPPILacVa1	CCSBORF4870	1	CCSBORF55664	LW	2	460C>G	1	NC_000012.12:52492728:G:C	CCSBVarC015670	ENSP00000369317.3:p.Pro154Ala	KRT6A	ENSG00000205420	TRIM54
HsVcPPILacVa1	CCSBORF4870	1	CCSBORF55664	LW	2	487G>A	70	NC_000012.12:52492701:C:T	CCSBVarC003662	ENSP00000369317.3:p.Glu163Lys	KRT6A	ENSG00000205420	TRIM54
HsVcPPILacVa1	CCSBORF4870	1	CCSBORF55664	LW	2	497A>C	394	NC_000012.12:52492691:T:G	CCSBVarC003664	ENSP00000369317.3:p.Gln166Pro	KRT6A	ENSG00000205420	TRIM54
HsVcPPILacVa1	CCSBORF4870	1	CCSBORF55664	LW	2	508C>T	1021	NC_000012.12:52492680:G:A	CCSBVarC003666	ENSP00000369317.3:p.Leu170Phe	KRT6A	ENSG00000205420	TRIM54
HsVcPPILacVa1	CCSBORF4870	1	CCSBORF55664	LW	2	511A>G	696	NC_000012.12:52492677:T:C	CCSBVarC003668	ENSP00000369317.3:p.Asn171Asp	KRT6A	ENSG00000205420	TRIM54
HsVcPPILacVa1	CCSBORF4870	1	CCSBORF55664	LW	2	512A>C	2	NC_000012.12:52492676:T:G	CCSBVarC003670	ENSP00000369317.3:p.Asn171Thr	KRT6A	ENSG00000205420	TRIM54
HsVcPPILacVa1	CCSBORF4870	1	CCSBORF55664	LW	2	513C>A	270	NC_000012.12:52492675:G:T	CCSBVarC000718	ENSP00000369317.3:p.Asn171Lys	KRT6A	ENSG00000205420	TRIM54
HsVcPPILacVa1	CCSBORF4870	1	CCSBORF55664	LW	2	533T>A	2255	NC_000012.12:52492655:A:T	CCSBVarC003672	ENSP00000369317.3:p.Ile178Asn	KRT6A	ENSG00000205420	TRIM54
HsVcPPILacVa1	CCSBORF4870	1	CCSBORF55664	LW	2	62A>G	6	NC_000012.12:52493126:T:C	CCSBVarC002913	ENSP00000369317.3:p.Asn21Ser	KRT6A	ENSG00000205420	TRIM54
HsVcPPILacVa1	CCSBORF4870	1	CCSBORF55664	LW	2	661C>A	1	NC_000012.12:52491615:G:T	CCSBVarC015676	ENSP00000369317.3:p.Leu221Ile	KRT6A	ENSG00000205420	TRIM54
HsVcPPILacVa1	CCSBORF4870	1	CCSBORF55664	LW	2	718A>G	2	NC_000012.12:52491558:T:C	CCSBVarC015683	ENSP00000369317.3:p.Arg240Gly	KRT6A	ENSG00000205420	TRIM54
HsVcPPILacVa1	CCSBORF4870	1	CCSBORF55664	LW	2	827C>T	1	NC_000012.12:52490942:G:A	CCSBVarC015687	ENSP00000369317.3:p.Ala276Val	KRT6A	ENSG00000205420	TRIM54
HsVcPPILacVa1	CCSBORF4870	1	CCSBORF55664	LW	2	98T>C	3	NC_000012.12:52493090:A:G	CCSBVarC015691	ENSP00000369317.3:p.Phe33Ser	KRT6A	ENSG00000205420	TRIM54
HsVcPPILacVa1	CCSBORF71591	1	CCSBORF0	LW	2	REF	920	NULL	NULL	NULL	CRYGC	ENSG00000163254	empty_AD
HsVcPPILacVa1	CCSBORF71591	1	CCSBORF0	LW	2	121G>A	2139	NC_000002.12:208129571:C:T	CCSBVarC016915	ENSP00000282141.3:p.Gly41Ser	CRYGC	ENSG00000163254	empty_AD
HsVcPPILacVa1	CCSBORF71591	1	CCSBORF0	LW	2	125G>A	3282	NC_000002.12:208129567:C:T	CCSBVarC016917	ENSP00000282141.3:p.Cys42Tyr	CRYGC	ENSG00000163254	empty_AD
HsVcPPILacVa1	CCSBORF71591	1	CCSBORF0	LW	2	137A>G	453	NC_000002.12:208129555:T:C	CCSBVarC016919	ENSP00000282141.3:p.Tyr46Cys	CRYGC	ENSG00000163254	empty_AD
HsVcPPILacVa1	CCSBORF71591	1	CCSBORF0	LW	2	13A>C	3646	NC_000002.12:208129679:T:G	CCSBVarC002785	ENSP00000282141.3:p.Thr5Pro	CRYGC	ENSG00000163254	empty_AD
HsVcPPILacVa1	CCSBORF71591	1	CCSBORF0	LW	2	142C>T	4237	NC_000002.12:208129550:G:A	CCSBVarC016921	ENSP00000282141.3:p.Arg48Cys	CRYGC	ENSG00000163254	empty_AD
HsVcPPILacVa1	CCSBORF71591	1	CCSBORF0	LW	2	143G>A	1834	NC_000002.12:208129549:C:T	CCSBVarC014016	ENSP00000282141.3:p.Arg48His	CRYGC	ENSG00000163254	empty_AD
HsVcPPILacVa1	CCSBORF71591	1	CCSBORF0	LW	2	164A>G	1172	NC_000002.12:208129528:T:C	CCSBVarC016929	ENSP00000282141.3:p.Gln55Arg	CRYGC	ENSG00000163254	empty_AD
HsVcPPILacVa1	CCSBORF71591	1	CCSBORF0	LW	2	220G>A	4321	NC_000002.12:208129472:C:T	CCSBVarC016932	ENSP00000282141.3:p.Asp74Asn	CRYGC	ENSG00000163254	empty_AD
HsVcPPILacVa1	CCSBORF71591	1	CCSBORF0	LW	2	229C>T	2502	NC_000002.12:208129463:G:A	CCSBVarC016934	ENSP00000282141.3:p.Arg77Cys	CRYGC	ENSG00000163254	empty_AD
HsVcPPILacVa1	CCSBORF71591	1	CCSBORF0	LW	2	230G>A	7	NC_000002.12:208129462:C:T	CCSBVarC016954	ENSP00000282141.3:p.Arg77His	CRYGC	ENSG00000163254	empty_AD
HsVcPPILacVa1	CCSBORF71591	1	CCSBORF0	LW	2	256G>T	343	NC_000002.12:208128471:C:A	CCSBVarC014051	ENSP00000282141.3:p.Val86Phe	CRYGC	ENSG00000163254	empty_AD
HsVcPPILacVa1	CCSBORF71591	1	CCSBORF0	LW	2	271C>T	1588	NC_000002.12:208128456:G:A	CCSBVarC014021	ENSP00000282141.3:p.Arg91Trp	CRYGC	ENSG00000163254	empty_AD
HsVcPPILacVa1	CCSBORF71591	1	CCSBORF0	LW	2	272G>A	12	NC_000002.12:208128455:C:T	CCSBVarC016956	ENSP00000282141.3:p.Arg91Gln	CRYGC	ENSG00000163254	empty_AD
HsVcPPILacVa1	CCSBORF71591	1	CCSBORF0	LW	2	304A>G	2	NC_000002.12:208128423:T:C	CCSBVarC016960	ENSP00000282141.3:p.Met102Val	CRYGC	ENSG00000163254	empty_AD
HsVcPPILacVa1	CCSBORF71591	1	CCSBORF0	LW	2	317G>A	1212	NC_000002.12:208128410:C:T	CCSBVarC014018	ENSP00000282141.3:p.Ser106Asn	CRYGC	ENSG00000163254	empty_AD
HsVcPPILacVa1	CCSBORF71591	1	CCSBORF0	LW	2	364C>T	5493	NC_000002.12:208128363:G:A	CCSBVarC016964	ENSP00000282141.3:p.Arg122Cys	CRYGC	ENSG00000163254	empty_AD
HsVcPPILacVa1	CCSBORF71591	1	CCSBORF0	LW	2	365G>A	87	NC_000002.12:208128362:C:T	CCSBVarC016966	ENSP00000282141.3:p.Arg122His	CRYGC	ENSG00000163254	empty_AD
HsVcPPILacVa1	CCSBORF71591	1	CCSBORF0	LW	2	403G>A	336	NC_000002.12:208128324:C:T	CCSBVarC016968	ENSP00000282141.3:p.Glu135Lys	CRYGC	ENSG00000163254	empty_AD
HsVcPPILacVa1	CCSBORF71591	1	CCSBORF0	LW	2	450G>T	4	NC_000002.12:208128277:C:A	CCSBVarC016972	ENSP00000282141.3:p.Glu150Asp	CRYGC	ENSG00000163254	empty_AD
HsVcPPILacVa1	CCSBORF71591	1	CCSBORF0	LW	2	458G>A	803	NC_000002.12:208128269:C:T	CCSBVarC016974	ENSP00000282141.3:p.Arg153Gln	CRYGC	ENSG00000163254	empty_AD
HsVcPPILacVa1	CCSBORF71591	1	CCSBORF0	LW	2	502C>T	564	NC_000002.12:208128225:G:A	CCSBVarC002786	ENSP00000282141.3:p.Arg168Trp	CRYGC	ENSG00000163254	empty_AD
HsVcPPILacVa1	CCSBORF71591	1	CCSBORF0	LW	2	52G>A	18	NC_000002.12:208129640:C:T	CCSBVarC016978	ENSP00000282141.3:p.Glu18Lys	CRYGC	ENSG00000163254	empty_AD
HsVcPPILacVa1	CCSBORF71591	1	CCSBORF0	LW	2	97T>C	4	NC_000002.12:208129595:A:G	CCSBVarC016979	ENSP00000282141.3:p.Cys33Arg	CRYGC	ENSG00000163254	empty_AD
HsVcPPILacVa1	CCSBORF1231	1	CCSBORF71628	LW	2	REF	1503	NULL	NULL	NULL	AQP1	ENSG00000240583	KRTAP9-8
HsVcPPILacVa1	CCSBORF1231	1	CCSBORF71628	LW	2	113C>T	1035	NC_000007.14:30912021:C:T	CCSBVarC000137	ENSP00000311165.4:p.Pro38Leu	AQP1	ENSG00000240583	KRTAP9-8
HsVcPPILacVa1	CCSBORF1231	1	CCSBORF71628	LW	2	140A>G	7162	NC_000007.14:30912048:A:G	CCSBVarC000138	ENSP00000311165.4:p.Gln47Arg	AQP1	ENSG00000240583	KRTAP9-8
HsVcPPILacVa1	CCSBORF1231	1	CCSBORF71628	LW	2	319G>A	13	NC_000007.14:30912227:G:A	CCSBVarC015066	ENSP00000311165.4:p.Val107Ile	AQP1	ENSG00000240583	KRTAP9-8
HsVcPPILacVa1	CCSBORF1231	1	CCSBORF71628	LW	2	320T>G	2341	NC_000007.14:30912228:T:G	CCSBVarC015069	ENSP00000311165.4:p.Val107Gly	AQP1	ENSG00000240583	KRTAP9-8
HsVcPPILacVa1	CCSBORF1231	1	CCSBORF71628	LW	2	494G>A	444	NC_000007.14:30922174:G:A	CCSBVarC015072	ENSP00000311165.4:p.Gly165Asp	AQP1	ENSG00000240583	KRTAP9-8
HsVcPPILacVa1	CCSBORF1231	1	CCSBORF71628	LW	2	576C>A	1984	NC_000007.14:30922589:C:A	CCSBVarC000139	ENSP00000311165.4:p.Asn192Lys	AQP1	ENSG00000240583	KRTAP9-8
HsVcPPILacVa1	CCSBORF1231	1	CCSBORF13067	LW	2	REF	1281	NULL	NULL	NULL	AQP1	ENSG00000240583	BLZF1
HsVcPPILacVa1	CCSBORF1231	1	CCSBORF13067	LW	2	113C>T	1186	NC_000007.14:30912021:C:T	CCSBVarC000137	ENSP00000311165.4:p.Pro38Leu	AQP1	ENSG00000240583	BLZF1
HsVcPPILacVa1	CCSBORF1231	1	CCSBORF13067	LW	2	140A>G	6261	NC_000007.14:30912048:A:G	CCSBVarC000138	ENSP00000311165.4:p.Gln47Arg	AQP1	ENSG00000240583	BLZF1
HsVcPPILacVa1	CCSBORF1231	1	CCSBORF13067	LW	2	319G>A	33	NC_000007.14:30912227:G:A	CCSBVarC015066	ENSP00000311165.4:p.Val107Ile	AQP1	ENSG00000240583	BLZF1
HsVcPPILacVa1	CCSBORF1231	1	CCSBORF13067	LW	2	320T>G	1925	NC_000007.14:30912228:T:G	CCSBVarC015069	ENSP00000311165.4:p.Val107Gly	AQP1	ENSG00000240583	BLZF1
HsVcPPILacVa1	CCSBORF1231	1	CCSBORF13067	LW	2	494G>A	487	NC_000007.14:30922174:G:A	CCSBVarC015072	ENSP00000311165.4:p.Gly165Asp	AQP1	ENSG00000240583	BLZF1
HsVcPPILacVa1	CCSBORF1231	1	CCSBORF13067	LW	2	576C>A	1904	NC_000007.14:30922589:C:A	CCSBVarC000139	ENSP00000311165.4:p.Asn192Lys	AQP1	ENSG00000240583	BLZF1
HsVcPPILacVa1	CCSBORF1231	1	CCSBORF675	LW	2	REF	1788	NULL	NULL	NULL	AQP1	ENSG00000240583	RGS17
HsVcPPILacVa1	CCSBORF1231	1	CCSBORF675	LW	2	113C>T	1433	NC_000007.14:30912021:C:T	CCSBVarC000137	ENSP00000311165.4:p.Pro38Leu	AQP1	ENSG00000240583	RGS17
HsVcPPILacVa1	CCSBORF1231	1	CCSBORF675	LW	2	140A>G	8088	NC_000007.14:30912048:A:G	CCSBVarC000138	ENSP00000311165.4:p.Gln47Arg	AQP1	ENSG00000240583	RGS17
HsVcPPILacVa1	CCSBORF1231	1	CCSBORF675	LW	2	319G>A	15	NC_000007.14:30912227:G:A	CCSBVarC015066	ENSP00000311165.4:p.Val107Ile	AQP1	ENSG00000240583	RGS17
HsVcPPILacVa1	CCSBORF1231	1	CCSBORF675	LW	2	320T>G	2664	NC_000007.14:30912228:T:G	CCSBVarC015069	ENSP00000311165.4:p.Val107Gly	AQP1	ENSG00000240583	RGS17
HsVcPPILacVa1	CCSBORF1231	1	CCSBORF675	LW	2	494G>A	532	NC_000007.14:30922174:G:A	CCSBVarC015072	ENSP00000311165.4:p.Gly165Asp	AQP1	ENSG00000240583	RGS17
HsVcPPILacVa1	CCSBORF1231	1	CCSBORF675	LW	2	576C>A	1937	NC_000007.14:30922589:C:A	CCSBVarC000139	ENSP00000311165.4:p.Asn192Lys	AQP1	ENSG00000240583	RGS17
HsVcPPILacVa1	CCSBORF70357	1	CCSBORF2384	LW	2	REF	203	NULL	NULL	NULL	TSFM	ENSG00000123297	RALBP1
HsVcPPILacVa1	CCSBORF70357	1	CCSBORF2384	LW	2	112C>T	2	NC_000012.12:57783163:C:T	CCSBVarC017012	ENSP00000499171.2:p.Pro38Ser	TSFM	ENSG00000123297	RALBP1
HsVcPPILacVa1	CCSBORF70357	1	CCSBORF2384	LW	2	191G>A	2	NC_000012.12:57783242:G:A	CCSBVarC017016	ENSP00000499171.2:p.Cys64Tyr	TSFM	ENSG00000123297	RALBP1
HsVcPPILacVa1	CCSBORF70357	1	CCSBORF2384	LW	2	22C>T	0	NC_000012.12:57782822:C:T	CCSBVarC017021	ENSP00000499171.2:p.Arg8Cys	TSFM	ENSG00000123297	RALBP1
HsVcPPILacVa1	CCSBORF70357	1	CCSBORF2384	LW	2	269G>A	0	NC_000012.12:57786199:G:A	CCSBVarC017025	ENSP00000499171.2:p.Gly90Asp	TSFM	ENSG00000123297	RALBP1
HsVcPPILacVa1	CCSBORF70357	1	CCSBORF2384	LW	2	34G>T	88	NC_000012.12:57782834:G:T	CCSBVarC017029	ENSP00000499171.2:p.Val12Phe	TSFM	ENSG00000123297	RALBP1
HsVcPPILacVa1	CCSBORF70357	1	CCSBORF2384	LW	2	484G>A	3	NC_000012.12:57792985:G:A	CCSBVarC017033	ENSP00000499171.2:p.Gly162Ser	TSFM	ENSG00000123297	RALBP1
HsVcPPILacVa1	CCSBORF70357	1	CCSBORF2384	LW	2	520G>T	1	NC_000012.12:57793021:G:T	CCSBVarC017037	ENSP00000499171.2:p.Ala174Ser	TSFM	ENSG00000123297	RALBP1
HsVcPPILacVa1	CCSBORF70357	1	CCSBORF2384	LW	2	539G>C	491	NC_000012.12:57793040:G:C	CCSBVarC017041	ENSP00000499171.2:p.Gly180Ala	TSFM	ENSG00000123297	RALBP1
HsVcPPILacVa1	CCSBORF70357	1	CCSBORF2384	LW	2	602G>A	20	NC_000012.12:57796206:G:A	CCSBVarC017056	ENSP00000499171.2:p.Arg201Gln	TSFM	ENSG00000123297	RALBP1
HsVcPPILacVa1	CCSBORF70357	1	CCSBORF2384	LW	2	647A>T	872	NC_000012.12:57796251:A:T	CCSBVarC017058	ENSP00000499171.2:p.Tyr216Phe	TSFM	ENSG00000123297	RALBP1
HsVcPPILacVa1	CCSBORF70357	1	CCSBORF2384	LW	2	718T>C	1106	NC_000012.12:57796322:T:C	CCSBVarC017061	ENSP00000499171.2:p.Cys240Arg	TSFM	ENSG00000123297	RALBP1
HsVcPPILacVa1	CCSBORF70357	1	CCSBORF2384	LW	2	725C>T	6002	NC_000012.12:57796329:C:T	CCSBVarC017063	ENSP00000499171.2:p.Thr242Met	TSFM	ENSG00000123297	RALBP1
HsVcPPILacVa1	CCSBORF70357	1	CCSBORF2384	LW	2	754G>A	2238	NC_000012.12:57796358:G:A	CCSBVarC017065	ENSP00000499171.2:p.Val252Ile	TSFM	ENSG00000123297	RALBP1
HsVcPPILacVa1	CCSBORF70357	1	CCSBORF2384	LW	2	763C>T	2944	NC_000012.12:57796367:C:T	CCSBVarC017067	ENSP00000499171.2:p.Arg255Cys	TSFM	ENSG00000123297	RALBP1
HsVcPPILacVa1	CCSBORF70357	1	CCSBORF2384	LW	2	775C>T	1	NC_000012.12:57796379:C:T	CCSBVarC017069	ENSP00000499171.2:p.His259Tyr	TSFM	ENSG00000123297	RALBP1
HsVcPPILacVa1	CCSBORF70357	1	CCSBORF2384	LW	2	796C>G	2	NC_000012.12:57796400:C:G	CCSBVarC017074	ENSP00000499171.2:p.Leu266Val	TSFM	ENSG00000123297	RALBP1
HsVcPPILacVa1	CCSBORF70357	1	CCSBORF2384	LW	2	814G>C	4976	NC_000012.12:57796418:G:C	CCSBVarC017078	ENSP00000499171.2:p.Asp272His	TSFM	ENSG00000123297	RALBP1
HsVcPPILacVa1	CCSBORF70357	1	CCSBORF2384	LW	2	878C>T	0	NC_000012.12:57796482:C:T	CCSBVarC017084	ENSP00000499171.2:p.Ser293Phe	TSFM	ENSG00000123297	RALBP1
HsVcPPILacVa1	CCSBORF11374	2	CCSBORF0	LW	2	REF	599	NULL	NULL	NULL	RP2	ENSG00000102218	empty_AD
HsVcPPILacVa1	CCSBORF11374	2	CCSBORF0	LW	2	1046G>C	2603	NC_000023.11:46879761:G:C	CCSBVarC014902	ENSP00000218340.3:p.Gly349Ala	RP2	ENSG00000102218	empty_AD
HsVcPPILacVa1	CCSBORF11374	2	CCSBORF0	LW	2	122T>C	62	NC_000023.11:46853494:T:C	CCSBVarC014908	ENSP00000218340.3:p.Met41Thr	RP2	ENSG00000102218	empty_AD
HsVcPPILacVa1	CCSBORF11374	2	CCSBORF0	LW	2	226G>T	1334	NC_000023.11:46853598:G:T	CCSBVarC014921	ENSP00000218340.3:p.Asp76Tyr	RP2	ENSG00000102218	empty_AD
HsVcPPILacVa1	CCSBORF11374	2	CCSBORF0	LW	2	260C>T	415	NC_000023.11:46853632:C:T	CCSBVarC011436	ENSP00000218340.3:p.Thr87Ile	RP2	ENSG00000102218	empty_AD
HsVcPPILacVa1	CCSBORF11374	2	CCSBORF0	LW	2	280G>C	3084	NC_000023.11:46853652:G:C	CCSBVarC014952	ENSP00000218340.3:p.Gly94Arg	RP2	ENSG00000102218	empty_AD
HsVcPPILacVa1	CCSBORF11374	2	CCSBORF0	LW	2	284C>T	13	NC_000023.11:46853656:C:T	CCSBVarC011462	ENSP00000218340.3:p.Pro95Leu	RP2	ENSG00000102218	empty_AD
HsVcPPILacVa1	CCSBORF11374	2	CCSBORF0	LW	2	352C>T	3	NC_000023.11:46853724:C:T	CCSBVarC011442	ENSP00000218340.3:p.Arg118Cys	RP2	ENSG00000102218	empty_AD
HsVcPPILacVa1	CCSBORF11374	2	CCSBORF0	LW	2	353G>A	157	NC_000023.11:46853725:G:A	CCSBVarC001707	ENSP00000218340.3:p.Arg118His	RP2	ENSG00000102218	empty_AD
HsVcPPILacVa1	CCSBORF11374	2	CCSBORF0	LW	2	353G>T	410	NC_000023.11:46853725:G:T	CCSBVarC005281	ENSP00000218340.3:p.Arg118Leu	RP2	ENSG00000102218	empty_AD
HsVcPPILacVa1	CCSBORF11374	2	CCSBORF0	LW	2	401A>G	16	NC_000023.11:46853773:A:G	CCSBVarC014964	ENSP00000218340.3:p.Gln134Arg	RP2	ENSG00000102218	empty_AD
HsVcPPILacVa1	CCSBORF11374	2	CCSBORF0	LW	2	49C>T	252	NC_000023.11:46837148:C:T	CCSBVarC014978	ENSP00000218340.3:p.Pro17Ser	RP2	ENSG00000102218	empty_AD
HsVcPPILacVa1	CCSBORF11374	2	CCSBORF0	LW	2	601A>G	202	NC_000023.11:46853973:A:G	CCSBVarC011432	ENSP00000218340.3:p.Ile201Val	RP2	ENSG00000102218	empty_AD
HsVcPPILacVa1	CCSBORF11374	2	CCSBORF0	LW	2	628G>A	586	NC_000023.11:46854000:G:A	CCSBVarC014986	ENSP00000218340.3:p.Val210Ile	RP2	ENSG00000102218	empty_AD
HsVcPPILacVa1	CCSBORF11374	2	CCSBORF0	LW	2	667A>G	342	NC_000023.11:46854039:A:G	CCSBVarC014996	ENSP00000218340.3:p.Ile223Val	RP2	ENSG00000102218	empty_AD
HsVcPPILacVa1	CCSBORF11374	2	CCSBORF0	LW	2	768G>C	649	NC_000023.11:46854140:G:C	CCSBVarC015005	ENSP00000218340.3:p.Glu256Asp	RP2	ENSG00000102218	empty_AD
HsVcPPILacVa1	CCSBORF11374	2	CCSBORF0	LW	2	782G>T	128	NC_000023.11:46860000:G:T	CCSBVarC015014	ENSP00000218340.3:p.Gly261Val	RP2	ENSG00000102218	empty_AD
HsVcPPILacVa1	CCSBORF11374	2	CCSBORF0	LW	2	889G>C	214	NC_000023.11:46877509:G:C	CCSBVarC015023	ENSP00000218340.3:p.Val297Leu	RP2	ENSG00000102218	empty_AD
HsVcPPILacVa1	CCSBORF11374	2	CCSBORF0	LW	2	8G>C	1	NC_000023.11:46837107:G:C	CCSBVarC011470	ENSP00000218340.3:p.Cys3Ser	RP2	ENSG00000102218	empty_AD
HsVcPPILacVa1	CCSBORF11374	2	CCSBORF0	LW	2	959A>G	0	NC_000023.11:46877579:A:G	CCSBVarC011424	ENSP00000218340.3:p.Asn320Ser	RP2	ENSG00000102218	empty_AD
HsVcPPILacVa1	CCSBORF11374	2	CCSBORF0	LW	2	970A>G	14	NC_000023.11:46879685:A:G	CCSBVarC015035	ENSP00000218340.3:p.Met324Val	RP2	ENSG00000102218	empty_AD
HsVcPPILacVa1	CCSBORF5896	1	CCSBORF0	LW	2	REF	197	NULL	NULL	NULL	AHCY	ENSG00000101444	empty_AD
HsVcPPILacVa1	CCSBORF5896	1	CCSBORF0	LW	2	1000C>T	570	NC_000020.11:34285606:G:A	CCSBVarC016693	ENSP00000217426.2:p.Arg334Cys	AHCY	ENSG00000101444	empty_AD
HsVcPPILacVa1	CCSBORF5896	1	CCSBORF0	LW	2	1025G>T	618	NC_000020.11:34285581:C:A	CCSBVarC016696	ENSP00000217426.2:p.Gly342Val	AHCY	ENSG00000101444	empty_AD
HsVcPPILacVa1	CCSBORF5896	1	CCSBORF0	LW	2	106C>T	598	NC_000020.11:34295507:G:A	CCSBVarC016716	ENSP00000217426.2:p.Arg36Trp	AHCY	ENSG00000101444	empty_AD
HsVcPPILacVa1	CCSBORF5896	1	CCSBORF0	LW	2	1124A>G	293	NC_000020.11:34285482:T:C	CCSBVarC016722	ENSP00000217426.2:p.His375Arg	AHCY	ENSG00000101444	empty_AD
HsVcPPILacVa1	CCSBORF5896	1	CCSBORF0	LW	2	1223A>G	807	NC_000020.11:34281109:T:C	CCSBVarC016727	ENSP00000217426.2:p.Lys408Arg	AHCY	ENSG00000101444	empty_AD
HsVcPPILacVa1	CCSBORF5896	1	CCSBORF0	LW	2	1292G>A	1005	NC_000020.11:34281040:C:T	CCSBVarC016733	ENSP00000217426.2:p.Arg431His	AHCY	ENSG00000101444	empty_AD
HsVcPPILacVa1	CCSBORF5896	1	CCSBORF0	LW	2	145C>T	102	NC_000020.11:34295468:G:A	CCSBVarC000924	ENSP00000217426.2:p.Arg49Cys	AHCY	ENSG00000101444	empty_AD
HsVcPPILacVa1	CCSBORF5896	1	CCSBORF0	LW	2	176A>T	4	NC_000020.11:34295437:T:A	CCSBVarC016739	ENSP00000217426.2:p.Glu59Val	AHCY	ENSG00000101444	empty_AD
HsVcPPILacVa1	CCSBORF5896	1	CCSBORF0	LW	2	266C>T	4	NC_000020.11:34294109:G:A	CCSBVarC000926	ENSP00000217426.2:p.Ala89Val	AHCY	ENSG00000101444	empty_AD
HsVcPPILacVa1	CCSBORF5896	1	CCSBORF0	LW	2	293C>T	355	NC_000020.11:34294082:G:A	CCSBVarC016743	ENSP00000217426.2:p.Pro98Leu	AHCY	ENSG00000101444	empty_AD
HsVcPPILacVa1	CCSBORF5896	1	CCSBORF0	LW	2	373C>G	184	NC_000020.11:34292429:G:C	CCSBVarC016751	ENSP00000217426.2:p.Leu125Val	AHCY	ENSG00000101444	empty_AD
HsVcPPILacVa1	CCSBORF5896	1	CCSBORF0	LW	2	473C>T	18	NC_000020.11:34291503:G:A	CCSBVarC016755	ENSP00000217426.2:p.Thr158Met	AHCY	ENSG00000101444	empty_AD
HsVcPPILacVa1	CCSBORF5896	1	CCSBORF0	LW	2	586C>T	516	NC_000020.11:34290910:G:A	CCSBVarC016761	ENSP00000217426.2:p.Arg196Trp	AHCY	ENSG00000101444	empty_AD
HsVcPPILacVa1	CCSBORF5896	1	CCSBORF0	LW	2	685G>A	849	NC_000020.11:34290811:C:T	CCSBVarC016768	ENSP00000217426.2:p.Ala229Thr	AHCY	ENSG00000101444	empty_AD
HsVcPPILacVa1	CCSBORF5896	1	CCSBORF0	LW	2	698G>A	126	NC_000020.11:34290798:C:T	CCSBVarC016776	ENSP00000217426.2:p.Arg233Gln	AHCY	ENSG00000101444	empty_AD
HsVcPPILacVa1	CCSBORF5896	1	CCSBORF0	LW	2	727G>A	1519	NC_000020.11:34290769:C:T	CCSBVarC016780	ENSP00000217426.2:p.Glu243Lys	AHCY	ENSG00000101444	empty_AD
HsVcPPILacVa1	CCSBORF5896	1	CCSBORF0	LW	2	883A>G	331	NC_000020.11:34290420:T:C	CCSBVarC016789	ENSP00000217426.2:p.Ile295Val	AHCY	ENSG00000101444	empty_AD
HsVcPPILacVa1	CCSBORF5896	1	CCSBORF0	LW	2	979C>T	723	NC_000020.11:34285627:G:A	CCSBVarC016793	ENSP00000217426.2:p.Arg327Trp	AHCY	ENSG00000101444	empty_AD
HsVcPPILacVa1	CCSBORF7215	1	CCSBORF0	LW	2	REF	495	NULL	NULL	NULL	NR0B1	ENSG00000169297	empty_AD
HsVcPPILacVa1	CCSBORF7215	1	CCSBORF0	LW	2	1138T>G	202	NC_000023.11:30308225:A:C	CCSBVarC006816	ENSP00000368253.4:p.Tyr380Asp	NR0B1	ENSG00000169297	empty_AD
HsVcPPILacVa1	CCSBORF7215	1	CCSBORF0	LW	2	1146G>T	94	NC_000023.11:30308217:C:A	CCSBVarC006817	ENSP00000368253.4:p.Lys382Asn	NR0B1	ENSG00000169297	empty_AD
HsVcPPILacVa1	CCSBORF7215	1	CCSBORF0	LW	2	1235G>A	361	NC_000023.11:30304756:C:T	CCSBVarC016993	ENSP00000368253.4:p.Ser412Asn	NR0B1	ENSG00000169297	empty_AD
HsVcPPILacVa1	CCSBORF7215	1	CCSBORF0	LW	2	1273A>G	69	NC_000023.11:30304718:T:C	CCSBVarC016995	ENSP00000368253.4:p.Arg425Gly	NR0B1	ENSG00000169297	empty_AD
HsVcPPILacVa1	CCSBORF7215	1	CCSBORF0	LW	2	1274G>T	728	NC_000023.11:30304717:C:A	CCSBVarC006818	ENSP00000368253.4:p.Arg425Ile	NR0B1	ENSG00000169297	empty_AD
HsVcPPILacVa1	CCSBORF7215	1	CCSBORF0	LW	2	1319A>T	482	NC_000023.11:30304672:T:A	CCSBVarC006819	ENSP00000368253.4:p.Asn440Ile	NR0B1	ENSG00000169297	empty_AD
HsVcPPILacVa1	CCSBORF7215	1	CCSBORF0	LW	2	1351C>G	246	NC_000023.11:30304640:G:C	CCSBVarC016997	ENSP00000368253.4:p.Pro451Ala	NR0B1	ENSG00000169297	empty_AD
HsVcPPILacVa1	CCSBORF7215	1	CCSBORF0	LW	2	155A>C	25	NC_000023.11:30309208:T:G	CCSBVarC017001	ENSP00000368253.4:p.Glu52Ala	NR0B1	ENSG00000169297	empty_AD
HsVcPPILacVa1	CCSBORF7215	1	CCSBORF0	LW	2	315G>C	2068	NC_000023.11:30309048:C:G	CCSBVarC001145	ENSP00000368253.4:p.Trp105Cys	NR0B1	ENSG00000169297	empty_AD
HsVcPPILacVa1	CCSBORF7215	1	CCSBORF0	LW	2	362C>G	1387	NC_000023.11:30309001:G:C	CCSBVarC017017	ENSP00000368253.4:p.Pro121Arg	NR0B1	ENSG00000169297	empty_AD
HsVcPPILacVa1	CCSBORF7215	1	CCSBORF0	LW	2	568G>C	1458	NC_000023.11:30308795:C:G	CCSBVarC017024	ENSP00000368253.4:p.Gly190Arg	NR0B1	ENSG00000169297	empty_AD
HsVcPPILacVa1	CCSBORF7215	1	CCSBORF0	LW	2	600C>G	1199	NC_000023.11:30308763:G:C	CCSBVarC011254	ENSP00000368253.4:p.Cys200Trp	NR0B1	ENSG00000169297	empty_AD
HsVcPPILacVa1	CCSBORF7215	1	CCSBORF0	LW	2	800G>C	0	NC_000023.11:30308563:C:G	CCSBVarC001146	ENSP00000368253.4:p.Arg267Pro	NR0B1	ENSG00000169297	empty_AD
HsVcPPILacVa1	CCSBORF7215	1	CCSBORF0	LW	2	881T>C	0	NC_000023.11:30308482:A:G	CCSBVarC017045	ENSP00000368253.4:p.Leu294Pro	NR0B1	ENSG00000169297	empty_AD
HsVcPPILacVa1	CCSBORF4870	2	CCSBORF100011278	LW	2	REF	204	NULL	NULL	NULL	KRT6A	ENSG00000205420	KRT16
HsVcPPILacVa1	CCSBORF4870	2	CCSBORF100011278	LW	2	1198A>C	532	NC_000012.12:52489947:T:G	CCSBVarC015603	ENSP00000369317.3:p.Lys400Gln	KRT6A	ENSG00000205420	KRT16
HsVcPPILacVa1	CCSBORF4870	2	CCSBORF100011278	LW	2	1282G>A	202	NC_000012.12:52488469:C:T	CCSBVarC015611	ENSP00000369317.3:p.Glu428Lys	KRT6A	ENSG00000205420	KRT16
HsVcPPILacVa1	CCSBORF4870	2	CCSBORF100011278	LW	2	1378G>A	512	NC_000012.12:52488373:C:T	CCSBVarC015615	ENSP00000369317.3:p.Val460Met	KRT6A	ENSG00000205420	KRT16
HsVcPPILacVa1	CCSBORF4870	2	CCSBORF100011278	LW	2	1381G>A	1516	NC_000012.12:52488370:C:T	CCSBVarC003673	ENSP00000369317.3:p.Glu461Lys	KRT6A	ENSG00000205420	KRT16
HsVcPPILacVa1	CCSBORF4870	2	CCSBORF100011278	LW	2	1387G>C	392	NC_000012.12:52488364:C:G	CCSBVarC000721	ENSP00000369317.3:p.Ala463Pro	KRT6A	ENSG00000205420	KRT16
HsVcPPILacVa1	CCSBORF4870	2	CCSBORF100011278	LW	2	1393T>C	2	NC_000012.12:52488358:A:G	CCSBVarC003675	ENSP00000369317.3:p.Tyr465His	KRT6A	ENSG00000205420	KRT16
HsVcPPILacVa1	CCSBORF4870	2	CCSBORF100011278	LW	2	1403T>A	90	NC_000012.12:52488348:A:T	CCSBVarC003677	ENSP00000369317.3:p.Leu468Gln	KRT6A	ENSG00000205420	KRT16
HsVcPPILacVa1	CCSBORF4870	2	CCSBORF100011278	LW	2	1416G>C	1189	NC_000012.12:52488335:C:G	CCSBVarC003679	ENSP00000369317.3:p.Glu472Asp	KRT6A	ENSG00000205420	KRT16
HsVcPPILacVa1	CCSBORF4870	2	CCSBORF100011278	LW	2	1456A>G	2	NC_000012.12:52488071:T:C	CCSBVarC015620	ENSP00000369317.3:p.Ile486Val	KRT6A	ENSG00000205420	KRT16
HsVcPPILacVa1	CCSBORF4870	2	CCSBORF100011278	LW	2	1567G>A	118	NC_000012.12:52487847:C:T	CCSBVarC009576	ENSP00000369317.3:p.Val523Ile	KRT6A	ENSG00000205420	KRT16
HsVcPPILacVa1	CCSBORF4870	2	CCSBORF100011278	LW	2	1567G>T	95	NC_000012.12:52487847:C:A	CCSBVarC002920	ENSP00000369317.3:p.Val523Phe	KRT6A	ENSG00000205420	KRT16
HsVcPPILacVa1	CCSBORF4870	2	CCSBORF100011278	LW	2	1604T>C	210	NC_000012.12:52487810:A:G	CCSBVarC015632	ENSP00000369317.3:p.Ile535Thr	KRT6A	ENSG00000205420	KRT16
HsVcPPILacVa1	CCSBORF4870	2	CCSBORF100011278	LW	2	1650G>T	632	NC_000012.12:52487764:C:A	CCSBVarC015638	ENSP00000369317.3:p.Lys550Asn	KRT6A	ENSG00000205420	KRT16
HsVcPPILacVa1	CCSBORF4870	2	CCSBORF100011278	LW	2	332G>A	0	NC_000012.12:52492856:C:T	CCSBVarC015647	ENSP00000369317.3:p.Gly111Asp	KRT6A	ENSG00000205420	KRT16
HsVcPPILacVa1	CCSBORF4870	2	CCSBORF100011278	LW	2	361G>A	239	NC_000012.12:52492827:C:T	CCSBVarC015651	ENSP00000369317.3:p.Gly121Ser	KRT6A	ENSG00000205420	KRT16
HsVcPPILacVa1	CCSBORF4870	2	CCSBORF100011278	LW	2	46C>T	3	NC_000012.12:52493142:G:A	CCSBVarC015667	ENSP00000369317.3:p.Arg16Trp	KRT6A	ENSG00000205420	KRT16
HsVcPPILacVa1	CCSBORF4870	2	CCSBORF100011278	LW	2	491G>C	348	NC_000012.12:52492697:C:G	CCSBVarC003663	ENSP00000369317.3:p.Arg164Pro	KRT6A	ENSG00000205420	KRT16
HsVcPPILacVa1	CCSBORF4870	2	CCSBORF100011278	LW	2	500T>G	1	NC_000012.12:52492688:A:C	CCSBVarC003665	ENSP00000369317.3:p.Ile167Ser	KRT6A	ENSG00000205420	KRT16
HsVcPPILacVa1	CCSBORF4870	2	CCSBORF100011278	LW	2	511A>T	283	NC_000012.12:52492677:T:A	CCSBVarC003667	ENSP00000369317.3:p.Asn171Tyr	KRT6A	ENSG00000205420	KRT16
HsVcPPILacVa1	CCSBORF4870	2	CCSBORF100011278	LW	2	512A>G	298	NC_000012.12:52492676:T:C	CCSBVarC003669	ENSP00000369317.3:p.Asn171Ser	KRT6A	ENSG00000205420	KRT16
HsVcPPILacVa1	CCSBORF4870	2	CCSBORF100011278	LW	2	520T>G	2	NC_000012.12:52492668:A:C	CCSBVarC000719	ENSP00000369317.3:p.Phe174Val	KRT6A	ENSG00000205420	KRT16
HsVcPPILacVa1	CCSBORF4870	2	CCSBORF100011278	LW	2	526T>C	169	NC_000012.12:52492662:A:G	CCSBVarC003671	ENSP00000369317.3:p.Ser176Pro	KRT6A	ENSG00000205420	KRT16
HsVcPPILacVa1	CCSBORF4870	2	CCSBORF100011278	LW	2	628C>A	1109	NC_000012.12:52491648:G:T	CCSBVarC009567	ENSP00000369317.3:p.Leu210Met	KRT6A	ENSG00000205420	KRT16
HsVcPPILacVa1	CCSBORF4870	2	CCSBORF100011278	LW	2	632A>G	1	NC_000012.12:52491644:T:C	CCSBVarC015673	ENSP00000369317.3:p.Glu211Gly	KRT6A	ENSG00000205420	KRT16
HsVcPPILacVa1	CCSBORF4870	2	CCSBORF100011278	LW	2	680G>A	0	NC_000012.12:52491596:C:T	CCSBVarC015679	ENSP00000369317.3:p.Ser227Asn	KRT6A	ENSG00000205420	KRT16
HsVcPPILacVa1	CCSBORF4870	2	CCSBORF100011278	LW	2	745T>C	969	NC_000012.12:52491531:A:G	CCSBVarC002915	ENSP00000369317.3:p.Phe249Leu	KRT6A	ENSG00000205420	KRT16
HsVcPPILacVa1	CCSBORF4870	2	CCSBORF100011278	LW	2	806C>T	1	NC_000012.12:52491121:G:A	CCSBVarC015685	ENSP00000369317.3:p.Thr269Ile	KRT6A	ENSG00000205420	KRT16
HsVcPPILacVa1	CCSBORF4870	2	CCSBORF100011278	LW	2	968A>T	0	NC_000012.12:52490677:T:A	CCSBVarC015689	ENSP00000369317.3:p.Asp323Val	KRT6A	ENSG00000205420	KRT16
HsVcPPILacVa1	CCSBORF4870	2	CCSBORF100011278	LW	2	981C>G	0	NC_000012.12:52490664:G:C	CCSBVarC015694	ENSP00000369317.3:p.Asn327Lys	KRT6A	ENSG00000205420	KRT16
HsVcPPILacVa1	CCSBORF4870	2	CCSBORF0	LW	2	REF	206	NULL	NULL	NULL	KRT6A	ENSG00000205420	empty_AD
HsVcPPILacVa1	CCSBORF4870	2	CCSBORF0	LW	2	1198A>C	517	NC_000012.12:52489947:T:G	CCSBVarC015603	ENSP00000369317.3:p.Lys400Gln	KRT6A	ENSG00000205420	empty_AD
HsVcPPILacVa1	CCSBORF4870	2	CCSBORF0	LW	2	1282G>A	99	NC_000012.12:52488469:C:T	CCSBVarC015611	ENSP00000369317.3:p.Glu428Lys	KRT6A	ENSG00000205420	empty_AD
HsVcPPILacVa1	CCSBORF4870	2	CCSBORF0	LW	2	1378G>A	587	NC_000012.12:52488373:C:T	CCSBVarC015615	ENSP00000369317.3:p.Val460Met	KRT6A	ENSG00000205420	empty_AD
HsVcPPILacVa1	CCSBORF4870	2	CCSBORF0	LW	2	1381G>A	1634	NC_000012.12:52488370:C:T	CCSBVarC003673	ENSP00000369317.3:p.Glu461Lys	KRT6A	ENSG00000205420	empty_AD
HsVcPPILacVa1	CCSBORF4870	2	CCSBORF0	LW	2	1387G>C	383	NC_000012.12:52488364:C:G	CCSBVarC000721	ENSP00000369317.3:p.Ala463Pro	KRT6A	ENSG00000205420	empty_AD
HsVcPPILacVa1	CCSBORF4870	2	CCSBORF0	LW	2	1393T>C	2	NC_000012.12:52488358:A:G	CCSBVarC003675	ENSP00000369317.3:p.Tyr465His	KRT6A	ENSG00000205420	empty_AD
HsVcPPILacVa1	CCSBORF4870	2	CCSBORF0	LW	2	1403T>A	106	NC_000012.12:52488348:A:T	CCSBVarC003677	ENSP00000369317.3:p.Leu468Gln	KRT6A	ENSG00000205420	empty_AD
HsVcPPILacVa1	CCSBORF4870	2	CCSBORF0	LW	2	1416G>C	955	NC_000012.12:52488335:C:G	CCSBVarC003679	ENSP00000369317.3:p.Glu472Asp	KRT6A	ENSG00000205420	empty_AD
HsVcPPILacVa1	CCSBORF4870	2	CCSBORF0	LW	2	1456A>G	1	NC_000012.12:52488071:T:C	CCSBVarC015620	ENSP00000369317.3:p.Ile486Val	KRT6A	ENSG00000205420	empty_AD
HsVcPPILacVa1	CCSBORF4870	2	CCSBORF0	LW	2	1567G>A	87	NC_000012.12:52487847:C:T	CCSBVarC009576	ENSP00000369317.3:p.Val523Ile	KRT6A	ENSG00000205420	empty_AD
HsVcPPILacVa1	CCSBORF4870	2	CCSBORF0	LW	2	1567G>T	135	NC_000012.12:52487847:C:A	CCSBVarC002920	ENSP00000369317.3:p.Val523Phe	KRT6A	ENSG00000205420	empty_AD
HsVcPPILacVa1	CCSBORF4870	2	CCSBORF0	LW	2	1604T>C	270	NC_000012.12:52487810:A:G	CCSBVarC015632	ENSP00000369317.3:p.Ile535Thr	KRT6A	ENSG00000205420	empty_AD
HsVcPPILacVa1	CCSBORF4870	2	CCSBORF0	LW	2	1650G>T	507	NC_000012.12:52487764:C:A	CCSBVarC015638	ENSP00000369317.3:p.Lys550Asn	KRT6A	ENSG00000205420	empty_AD
HsVcPPILacVa1	CCSBORF4870	2	CCSBORF0	LW	2	332G>A	0	NC_000012.12:52492856:C:T	CCSBVarC015647	ENSP00000369317.3:p.Gly111Asp	KRT6A	ENSG00000205420	empty_AD
HsVcPPILacVa1	CCSBORF4870	2	CCSBORF0	LW	2	361G>A	281	NC_000012.12:52492827:C:T	CCSBVarC015651	ENSP00000369317.3:p.Gly121Ser	KRT6A	ENSG00000205420	empty_AD
HsVcPPILacVa1	CCSBORF4870	2	CCSBORF0	LW	2	46C>T	8	NC_000012.12:52493142:G:A	CCSBVarC015667	ENSP00000369317.3:p.Arg16Trp	KRT6A	ENSG00000205420	empty_AD
HsVcPPILacVa1	CCSBORF4870	2	CCSBORF0	LW	2	491G>C	378	NC_000012.12:52492697:C:G	CCSBVarC003663	ENSP00000369317.3:p.Arg164Pro	KRT6A	ENSG00000205420	empty_AD
HsVcPPILacVa1	CCSBORF4870	2	CCSBORF0	LW	2	500T>G	1	NC_000012.12:52492688:A:C	CCSBVarC003665	ENSP00000369317.3:p.Ile167Ser	KRT6A	ENSG00000205420	empty_AD
HsVcPPILacVa1	CCSBORF4870	2	CCSBORF0	LW	2	511A>T	339	NC_000012.12:52492677:T:A	CCSBVarC003667	ENSP00000369317.3:p.Asn171Tyr	KRT6A	ENSG00000205420	empty_AD
HsVcPPILacVa1	CCSBORF4870	2	CCSBORF0	LW	2	512A>G	211	NC_000012.12:52492676:T:C	CCSBVarC003669	ENSP00000369317.3:p.Asn171Ser	KRT6A	ENSG00000205420	empty_AD
HsVcPPILacVa1	CCSBORF4870	2	CCSBORF0	LW	2	520T>G	4	NC_000012.12:52492668:A:C	CCSBVarC000719	ENSP00000369317.3:p.Phe174Val	KRT6A	ENSG00000205420	empty_AD
HsVcPPILacVa1	CCSBORF4870	2	CCSBORF0	LW	2	526T>C	197	NC_000012.12:52492662:A:G	CCSBVarC003671	ENSP00000369317.3:p.Ser176Pro	KRT6A	ENSG00000205420	empty_AD
HsVcPPILacVa1	CCSBORF4870	2	CCSBORF0	LW	2	628C>A	984	NC_000012.12:52491648:G:T	CCSBVarC009567	ENSP00000369317.3:p.Leu210Met	KRT6A	ENSG00000205420	empty_AD
HsVcPPILacVa1	CCSBORF4870	2	CCSBORF0	LW	2	632A>G	2	NC_000012.12:52491644:T:C	CCSBVarC015673	ENSP00000369317.3:p.Glu211Gly	KRT6A	ENSG00000205420	empty_AD
HsVcPPILacVa1	CCSBORF4870	2	CCSBORF0	LW	2	680G>A	0	NC_000012.12:52491596:C:T	CCSBVarC015679	ENSP00000369317.3:p.Ser227Asn	KRT6A	ENSG00000205420	empty_AD
HsVcPPILacVa1	CCSBORF4870	2	CCSBORF0	LW	2	745T>C	861	NC_000012.12:52491531:A:G	CCSBVarC002915	ENSP00000369317.3:p.Phe249Leu	KRT6A	ENSG00000205420	empty_AD
HsVcPPILacVa1	CCSBORF4870	2	CCSBORF0	LW	2	806C>T	5	NC_000012.12:52491121:G:A	CCSBVarC015685	ENSP00000369317.3:p.Thr269Ile	KRT6A	ENSG00000205420	empty_AD
HsVcPPILacVa1	CCSBORF4870	2	CCSBORF0	LW	2	968A>T	0	NC_000012.12:52490677:T:A	CCSBVarC015689	ENSP00000369317.3:p.Asp323Val	KRT6A	ENSG00000205420	empty_AD
HsVcPPILacVa1	CCSBORF4870	2	CCSBORF0	LW	2	981C>G	0	NC_000012.12:52490664:G:C	CCSBVarC015694	ENSP00000369317.3:p.Asn327Lys	KRT6A	ENSG00000205420	empty_AD
HsVcPPILacVa1	CCSBORF4870	1	CCSBORF11229	LW	2	REF	112	NULL	NULL	NULL	KRT6A	ENSG00000205420	KIFC3
HsVcPPILacVa1	CCSBORF4870	1	CCSBORF11229	LW	2	1003G>A	1	NC_000012.12:52490642:C:T	CCSBVarC009565	ENSP00000369317.3:p.Ala335Thr	KRT6A	ENSG00000205420	KIFC3
HsVcPPILacVa1	CCSBORF4870	1	CCSBORF11229	LW	2	1157G>T	0	NC_000012.12:52489988:C:A	CCSBVarC015599	ENSP00000369317.3:p.Arg386Leu	KRT6A	ENSG00000205420	KIFC3
HsVcPPILacVa1	CCSBORF4870	1	CCSBORF11229	LW	2	1211A>G	1	NC_000012.12:52488540:T:C	CCSBVarC015607	ENSP00000369317.3:p.Asn404Ser	KRT6A	ENSG00000205420	KIFC3
HsVcPPILacVa1	CCSBORF4870	1	CCSBORF11229	LW	2	1327C>T	2	NC_000012.12:52488424:G:A	CCSBVarC009573	ENSP00000369317.3:p.Arg443Trp	KRT6A	ENSG00000205420	KIFC3
HsVcPPILacVa1	CCSBORF4870	1	CCSBORF11229	LW	2	1340A>G	0	NC_000012.12:52488411:T:C	CCSBVarC015613	ENSP00000369317.3:p.Glu447Gly	KRT6A	ENSG00000205420	KIFC3
HsVcPPILacVa1	CCSBORF4870	1	CCSBORF11229	LW	2	1385T>A	1	NC_000012.12:52488366:A:T	CCSBVarC003674	ENSP00000369317.3:p.Ile462Asn	KRT6A	ENSG00000205420	KIFC3
HsVcPPILacVa1	CCSBORF4870	1	CCSBORF11229	LW	2	1385T>G	0	NC_000012.12:52488366:A:C	CCSBVarC000720	ENSP00000369317.3:p.Ile462Ser	KRT6A	ENSG00000205420	KIFC3
HsVcPPILacVa1	CCSBORF4870	1	CCSBORF11229	LW	2	1403T>C	1385	NC_000012.12:52488348:A:G	CCSBVarC003676	ENSP00000369317.3:p.Leu468Pro	KRT6A	ENSG00000205420	KIFC3
HsVcPPILacVa1	CCSBORF4870	1	CCSBORF11229	LW	2	1414G>A	567	NC_000012.12:52488337:C:T	CCSBVarC003678	ENSP00000369317.3:p.Glu472Lys	KRT6A	ENSG00000205420	KIFC3
HsVcPPILacVa1	CCSBORF4870	1	CCSBORF11229	LW	2	1441G>A	0	NC_000012.12:52488086:C:T	CCSBVarC015618	ENSP00000369317.3:p.Val481Ile	KRT6A	ENSG00000205420	KIFC3
HsVcPPILacVa1	CCSBORF4870	1	CCSBORF11229	LW	2	1534G>A	0	NC_000012.12:52487880:C:T	CCSBVarC015629	ENSP00000369317.3:p.Gly512Arg	KRT6A	ENSG00000205420	KIFC3
HsVcPPILacVa1	CCSBORF4870	1	CCSBORF11229	LW	2	1606G>A	0	NC_000012.12:52487808:C:T	CCSBVarC015635	ENSP00000369317.3:p.Gly536Arg	KRT6A	ENSG00000205420	KIFC3
HsVcPPILacVa1	CCSBORF4870	1	CCSBORF11229	LW	2	1655C>G	2	NC_000012.12:52487759:G:C	CCSBVarC002916	ENSP00000369317.3:p.Thr552Ser	KRT6A	ENSG00000205420	KIFC3
HsVcPPILacVa1	CCSBORF4870	1	CCSBORF11229	LW	2	215T>C	0	NC_000012.12:52492973:A:G	CCSBVarC015643	ENSP00000369317.3:p.Ile72Thr	KRT6A	ENSG00000205420	KIFC3
HsVcPPILacVa1	CCSBORF4870	1	CCSBORF11229	LW	2	359G>T	0	NC_000012.12:52492829:C:A	CCSBVarC015649	ENSP00000369317.3:p.Gly120Val	KRT6A	ENSG00000205420	KIFC3
HsVcPPILacVa1	CCSBORF4870	1	CCSBORF11229	LW	2	365T>C	1	NC_000012.12:52492823:A:G	CCSBVarC015653	ENSP00000369317.3:p.Phe122Ser	KRT6A	ENSG00000205420	KIFC3
HsVcPPILacVa1	CCSBORF4870	1	CCSBORF11229	LW	2	460C>G	0	NC_000012.12:52492728:G:C	CCSBVarC015670	ENSP00000369317.3:p.Pro154Ala	KRT6A	ENSG00000205420	KIFC3
HsVcPPILacVa1	CCSBORF4870	1	CCSBORF11229	LW	2	487G>A	46	NC_000012.12:52492701:C:T	CCSBVarC003662	ENSP00000369317.3:p.Glu163Lys	KRT6A	ENSG00000205420	KIFC3
HsVcPPILacVa1	CCSBORF4870	1	CCSBORF11229	LW	2	497A>C	206	NC_000012.12:52492691:T:G	CCSBVarC003664	ENSP00000369317.3:p.Gln166Pro	KRT6A	ENSG00000205420	KIFC3
HsVcPPILacVa1	CCSBORF4870	1	CCSBORF11229	LW	2	508C>T	819	NC_000012.12:52492680:G:A	CCSBVarC003666	ENSP00000369317.3:p.Leu170Phe	KRT6A	ENSG00000205420	KIFC3
HsVcPPILacVa1	CCSBORF4870	1	CCSBORF11229	LW	2	511A>G	308	NC_000012.12:52492677:T:C	CCSBVarC003668	ENSP00000369317.3:p.Asn171Asp	KRT6A	ENSG00000205420	KIFC3
HsVcPPILacVa1	CCSBORF4870	1	CCSBORF11229	LW	2	512A>C	2	NC_000012.12:52492676:T:G	CCSBVarC003670	ENSP00000369317.3:p.Asn171Thr	KRT6A	ENSG00000205420	KIFC3
HsVcPPILacVa1	CCSBORF4870	1	CCSBORF11229	LW	2	513C>A	180	NC_000012.12:52492675:G:T	CCSBVarC000718	ENSP00000369317.3:p.Asn171Lys	KRT6A	ENSG00000205420	KIFC3
HsVcPPILacVa1	CCSBORF4870	1	CCSBORF11229	LW	2	533T>A	1669	NC_000012.12:52492655:A:T	CCSBVarC003672	ENSP00000369317.3:p.Ile178Asn	KRT6A	ENSG00000205420	KIFC3
HsVcPPILacVa1	CCSBORF4870	1	CCSBORF11229	LW	2	62A>G	4	NC_000012.12:52493126:T:C	CCSBVarC002913	ENSP00000369317.3:p.Asn21Ser	KRT6A	ENSG00000205420	KIFC3
HsVcPPILacVa1	CCSBORF4870	1	CCSBORF11229	LW	2	661C>A	0	NC_000012.12:52491615:G:T	CCSBVarC015676	ENSP00000369317.3:p.Leu221Ile	KRT6A	ENSG00000205420	KIFC3
HsVcPPILacVa1	CCSBORF4870	1	CCSBORF11229	LW	2	718A>G	1	NC_000012.12:52491558:T:C	CCSBVarC015683	ENSP00000369317.3:p.Arg240Gly	KRT6A	ENSG00000205420	KIFC3
HsVcPPILacVa1	CCSBORF4870	1	CCSBORF11229	LW	2	827C>T	0	NC_000012.12:52490942:G:A	CCSBVarC015687	ENSP00000369317.3:p.Ala276Val	KRT6A	ENSG00000205420	KIFC3
HsVcPPILacVa1	CCSBORF4870	1	CCSBORF11229	LW	2	98T>C	3	NC_000012.12:52493090:A:G	CCSBVarC015691	ENSP00000369317.3:p.Phe33Ser	KRT6A	ENSG00000205420	KIFC3
HsVcPPILacVa1	CCSBORF3756	1	CCSBORF991	LW	2	REF	3920	NULL	NULL	NULL	VAPB	ENSG00000124164	ZBTB22
HsVcPPILacVa1	CCSBORF3756	1	CCSBORF991	LW	2	137C>T	23363	NC_000020.11:58418288:C:T	CCSBVarC005852	ENSP00000417175.1:p.Thr46Ile	VAPB	ENSG00000124164	ZBTB22
HsVcPPILacVa1	CCSBORF3756	1	CCSBORF991	LW	2	166C>T	12229	NC_000020.11:58418317:C:T	CCSBVarC000544	ENSP00000417175.1:p.Pro56Ser	VAPB	ENSG00000124164	ZBTB22
HsVcPPILacVa1	CCSBORF3756	1	CCSBORF991	LW	2	390T>G	2566	NC_000020.11:58439018:T:G	CCSBVarC015538	ENSP00000417175.1:p.Asp130Glu	VAPB	ENSG00000124164	ZBTB22
HsVcPPILacVa1	CCSBORF3756	1	CCSBORF991	LW	2	486T>A	2851	NC_000020.11:58440995:T:A	CCSBVarC015540	ENSP00000417175.1:p.Asp162Glu	VAPB	ENSG00000124164	ZBTB22
HsVcPPILacVa1	CCSBORF1231	1	CCSBORF100014378	LW	2	REF	1442	NULL	NULL	NULL	AQP1	ENSG00000240583	KRT37
HsVcPPILacVa1	CCSBORF1231	1	CCSBORF100014378	LW	2	113C>T	1014	NC_000007.14:30912021:C:T	CCSBVarC000137	ENSP00000311165.4:p.Pro38Leu	AQP1	ENSG00000240583	KRT37
HsVcPPILacVa1	CCSBORF1231	1	CCSBORF100014378	LW	2	140A>G	5884	NC_000007.14:30912048:A:G	CCSBVarC000138	ENSP00000311165.4:p.Gln47Arg	AQP1	ENSG00000240583	KRT37
HsVcPPILacVa1	CCSBORF1231	1	CCSBORF100014378	LW	2	319G>A	9	NC_000007.14:30912227:G:A	CCSBVarC015066	ENSP00000311165.4:p.Val107Ile	AQP1	ENSG00000240583	KRT37
HsVcPPILacVa1	CCSBORF1231	1	CCSBORF100014378	LW	2	320T>G	1873	NC_000007.14:30912228:T:G	CCSBVarC015069	ENSP00000311165.4:p.Val107Gly	AQP1	ENSG00000240583	KRT37
HsVcPPILacVa1	CCSBORF1231	1	CCSBORF100014378	LW	2	494G>A	428	NC_000007.14:30922174:G:A	CCSBVarC015072	ENSP00000311165.4:p.Gly165Asp	AQP1	ENSG00000240583	KRT37
HsVcPPILacVa1	CCSBORF1231	1	CCSBORF100014378	LW	2	576C>A	1691	NC_000007.14:30922589:C:A	CCSBVarC000139	ENSP00000311165.4:p.Asn192Lys	AQP1	ENSG00000240583	KRT37
HsVcPPILacVa1	CCSBORF1231	1	CCSBORF9746	LW	2	REF	1328	NULL	NULL	NULL	AQP1	ENSG00000240583	MTUS2
HsVcPPILacVa1	CCSBORF1231	1	CCSBORF9746	LW	2	113C>T	1099	NC_000007.14:30912021:C:T	CCSBVarC000137	ENSP00000311165.4:p.Pro38Leu	AQP1	ENSG00000240583	MTUS2
HsVcPPILacVa1	CCSBORF1231	1	CCSBORF9746	LW	2	140A>G	6126	NC_000007.14:30912048:A:G	CCSBVarC000138	ENSP00000311165.4:p.Gln47Arg	AQP1	ENSG00000240583	MTUS2
HsVcPPILacVa1	CCSBORF1231	1	CCSBORF9746	LW	2	319G>A	21	NC_000007.14:30912227:G:A	CCSBVarC015066	ENSP00000311165.4:p.Val107Ile	AQP1	ENSG00000240583	MTUS2
HsVcPPILacVa1	CCSBORF1231	1	CCSBORF9746	LW	2	320T>G	1956	NC_000007.14:30912228:T:G	CCSBVarC015069	ENSP00000311165.4:p.Val107Gly	AQP1	ENSG00000240583	MTUS2
HsVcPPILacVa1	CCSBORF1231	1	CCSBORF9746	LW	2	494G>A	379	NC_000007.14:30922174:G:A	CCSBVarC015072	ENSP00000311165.4:p.Gly165Asp	AQP1	ENSG00000240583	MTUS2
HsVcPPILacVa1	CCSBORF1231	1	CCSBORF9746	LW	2	576C>A	1917	NC_000007.14:30922589:C:A	CCSBVarC000139	ENSP00000311165.4:p.Asn192Lys	AQP1	ENSG00000240583	MTUS2
HsVcPPILacVa1	CCSBORF1231	1	CCSBORF5143	LW	2	REF	1185	NULL	NULL	NULL	AQP1	ENSG00000240583	MDFI
HsVcPPILacVa1	CCSBORF1231	1	CCSBORF5143	LW	2	113C>T	1120	NC_000007.14:30912021:C:T	CCSBVarC000137	ENSP00000311165.4:p.Pro38Leu	AQP1	ENSG00000240583	MDFI
HsVcPPILacVa1	CCSBORF1231	1	CCSBORF5143	LW	2	140A>G	6775	NC_000007.14:30912048:A:G	CCSBVarC000138	ENSP00000311165.4:p.Gln47Arg	AQP1	ENSG00000240583	MDFI
HsVcPPILacVa1	CCSBORF1231	1	CCSBORF5143	LW	2	319G>A	10	NC_000007.14:30912227:G:A	CCSBVarC015066	ENSP00000311165.4:p.Val107Ile	AQP1	ENSG00000240583	MDFI
HsVcPPILacVa1	CCSBORF1231	1	CCSBORF5143	LW	2	320T>G	1578	NC_000007.14:30912228:T:G	CCSBVarC015069	ENSP00000311165.4:p.Val107Gly	AQP1	ENSG00000240583	MDFI
HsVcPPILacVa1	CCSBORF1231	1	CCSBORF5143	LW	2	494G>A	549	NC_000007.14:30922174:G:A	CCSBVarC015072	ENSP00000311165.4:p.Gly165Asp	AQP1	ENSG00000240583	MDFI
HsVcPPILacVa1	CCSBORF1231	1	CCSBORF5143	LW	2	576C>A	1579	NC_000007.14:30922589:C:A	CCSBVarC000139	ENSP00000311165.4:p.Asn192Lys	AQP1	ENSG00000240583	MDFI
HsVcPPILacVa1	CCSBORF70357	1	CCSBORF71876	LW	2	REF	252	NULL	NULL	NULL	TSFM	ENSG00000123297	GAS8
HsVcPPILacVa1	CCSBORF70357	1	CCSBORF71876	LW	2	112C>T	0	NC_000012.12:57783163:C:T	CCSBVarC017012	ENSP00000499171.2:p.Pro38Ser	TSFM	ENSG00000123297	GAS8
HsVcPPILacVa1	CCSBORF70357	1	CCSBORF71876	LW	2	191G>A	2	NC_000012.12:57783242:G:A	CCSBVarC017016	ENSP00000499171.2:p.Cys64Tyr	TSFM	ENSG00000123297	GAS8
HsVcPPILacVa1	CCSBORF70357	1	CCSBORF71876	LW	2	22C>T	2	NC_000012.12:57782822:C:T	CCSBVarC017021	ENSP00000499171.2:p.Arg8Cys	TSFM	ENSG00000123297	GAS8
HsVcPPILacVa1	CCSBORF70357	1	CCSBORF71876	LW	2	269G>A	0	NC_000012.12:57786199:G:A	CCSBVarC017025	ENSP00000499171.2:p.Gly90Asp	TSFM	ENSG00000123297	GAS8
HsVcPPILacVa1	CCSBORF70357	1	CCSBORF71876	LW	2	34G>T	171	NC_000012.12:57782834:G:T	CCSBVarC017029	ENSP00000499171.2:p.Val12Phe	TSFM	ENSG00000123297	GAS8
HsVcPPILacVa1	CCSBORF70357	1	CCSBORF71876	LW	2	484G>A	2	NC_000012.12:57792985:G:A	CCSBVarC017033	ENSP00000499171.2:p.Gly162Ser	TSFM	ENSG00000123297	GAS8
HsVcPPILacVa1	CCSBORF70357	1	CCSBORF71876	LW	2	520G>T	0	NC_000012.12:57793021:G:T	CCSBVarC017037	ENSP00000499171.2:p.Ala174Ser	TSFM	ENSG00000123297	GAS8
HsVcPPILacVa1	CCSBORF70357	1	CCSBORF71876	LW	2	539G>C	683	NC_000012.12:57793040:G:C	CCSBVarC017041	ENSP00000499171.2:p.Gly180Ala	TSFM	ENSG00000123297	GAS8
HsVcPPILacVa1	CCSBORF70357	1	CCSBORF71876	LW	2	602G>A	19	NC_000012.12:57796206:G:A	CCSBVarC017056	ENSP00000499171.2:p.Arg201Gln	TSFM	ENSG00000123297	GAS8
HsVcPPILacVa1	CCSBORF70357	1	CCSBORF71876	LW	2	647A>T	886	NC_000012.12:57796251:A:T	CCSBVarC017058	ENSP00000499171.2:p.Tyr216Phe	TSFM	ENSG00000123297	GAS8
HsVcPPILacVa1	CCSBORF70357	1	CCSBORF71876	LW	2	718T>C	1253	NC_000012.12:57796322:T:C	CCSBVarC017061	ENSP00000499171.2:p.Cys240Arg	TSFM	ENSG00000123297	GAS8
HsVcPPILacVa1	CCSBORF70357	1	CCSBORF71876	LW	2	725C>T	6844	NC_000012.12:57796329:C:T	CCSBVarC017063	ENSP00000499171.2:p.Thr242Met	TSFM	ENSG00000123297	GAS8
HsVcPPILacVa1	CCSBORF70357	1	CCSBORF71876	LW	2	754G>A	3222	NC_000012.12:57796358:G:A	CCSBVarC017065	ENSP00000499171.2:p.Val252Ile	TSFM	ENSG00000123297	GAS8
HsVcPPILacVa1	CCSBORF70357	1	CCSBORF71876	LW	2	763C>T	3388	NC_000012.12:57796367:C:T	CCSBVarC017067	ENSP00000499171.2:p.Arg255Cys	TSFM	ENSG00000123297	GAS8
HsVcPPILacVa1	CCSBORF70357	1	CCSBORF71876	LW	2	775C>T	0	NC_000012.12:57796379:C:T	CCSBVarC017069	ENSP00000499171.2:p.His259Tyr	TSFM	ENSG00000123297	GAS8
HsVcPPILacVa1	CCSBORF70357	1	CCSBORF71876	LW	2	796C>G	2	NC_000012.12:57796400:C:G	CCSBVarC017074	ENSP00000499171.2:p.Leu266Val	TSFM	ENSG00000123297	GAS8
HsVcPPILacVa1	CCSBORF70357	1	CCSBORF71876	LW	2	814G>C	5696	NC_000012.12:57796418:G:C	CCSBVarC017078	ENSP00000499171.2:p.Asp272His	TSFM	ENSG00000123297	GAS8
HsVcPPILacVa1	CCSBORF70357	1	CCSBORF71876	LW	2	878C>T	2	NC_000012.12:57796482:C:T	CCSBVarC017084	ENSP00000499171.2:p.Ser293Phe	TSFM	ENSG00000123297	GAS8
HsVcPPILacVa1	CCSBORF11374	3	CCSBORF71346	LW	2	REF	1231	NULL	NULL	NULL	RP2	ENSG00000102218	PM20D2
HsVcPPILacVa1	CCSBORF11374	3	CCSBORF71346	LW	2	11T>G	141	NC_000023.11:46837110:T:G	CCSBVarC014903	ENSP00000218340.3:p.Phe4Cys	RP2	ENSG00000102218	PM20D2
HsVcPPILacVa1	CCSBORF11374	3	CCSBORF71346	LW	2	123G>A	851	NC_000023.11:46853495:G:A	CCSBVarC011426	ENSP00000218340.3:p.Met41Ile	RP2	ENSG00000102218	PM20D2
HsVcPPILacVa1	CCSBORF11374	3	CCSBORF71346	LW	2	161C>T	286	NC_000023.11:46853533:C:T	CCSBVarC014914	ENSP00000218340.3:p.Pro54Leu	RP2	ENSG00000102218	PM20D2
HsVcPPILacVa1	CCSBORF11374	3	CCSBORF71346	LW	2	271A>C	3622	NC_000023.11:46853643:A:C	CCSBVarC014947	ENSP00000218340.3:p.Ile91Leu	RP2	ENSG00000102218	PM20D2
HsVcPPILacVa1	CCSBORF11374	3	CCSBORF71346	LW	2	2T>C	9	NC_000023.11:46837101:T:C	CCSBVarC011465	ENSP00000218340.3:p.Met1Thr	RP2	ENSG00000102218	PM20D2
HsVcPPILacVa1	CCSBORF11374	3	CCSBORF71346	LW	2	314G>A	1034	NC_000023.11:46853686:G:A	CCSBVarC014958	ENSP00000218340.3:p.Cys105Tyr	RP2	ENSG00000102218	PM20D2
HsVcPPILacVa1	CCSBORF11374	3	CCSBORF71346	LW	2	365G>A	400	NC_000023.11:46853737:G:A	CCSBVarC011444	ENSP00000218340.3:p.Cys122Tyr	RP2	ENSG00000102218	PM20D2
HsVcPPILacVa1	CCSBORF11374	3	CCSBORF71346	LW	2	431A>G	504	NC_000023.11:46853803:A:G	CCSBVarC014972	ENSP00000218340.3:p.Lys144Arg	RP2	ENSG00000102218	PM20D2
HsVcPPILacVa1	CCSBORF11374	3	CCSBORF71346	LW	2	434T>C	2184	NC_000023.11:46853806:T:C	CCSBVarC011472	ENSP00000218340.3:p.Phe145Ser	RP2	ENSG00000102218	PM20D2
HsVcPPILacVa1	CCSBORF11374	3	CCSBORF71346	LW	2	535C>T	288	NC_000023.11:46853907:C:T	CCSBVarC014982	ENSP00000218340.3:p.Pro179Ser	RP2	ENSG00000102218	PM20D2
HsVcPPILacVa1	CCSBORF11374	3	CCSBORF71346	LW	2	650A>G	2569	NC_000023.11:46854022:A:G	CCSBVarC014989	ENSP00000218340.3:p.Asn217Ser	RP2	ENSG00000102218	PM20D2
HsVcPPILacVa1	CCSBORF11374	3	CCSBORF71346	LW	2	68G>A	155	NC_000023.11:46837167:G:A	CCSBVarC014999	ENSP00000218340.3:p.Arg23Gln	RP2	ENSG00000102218	PM20D2
HsVcPPILacVa1	CCSBORF11374	3	CCSBORF71346	LW	2	758T>G	890	NC_000023.11:46854130:T:G	CCSBVarC001708	ENSP00000218340.3:p.Leu253Arg	RP2	ENSG00000102218	PM20D2
HsVcPPILacVa1	CCSBORF11374	3	CCSBORF71346	LW	2	771G>T	769	NC_000023.11:46859989:G:T	CCSBVarC015008	ENSP00000218340.3:p.Met257Ile	RP2	ENSG00000102218	PM20D2
HsVcPPILacVa1	CCSBORF11374	3	CCSBORF71346	LW	2	814A>G	288	NC_000023.11:46860032:A:G	CCSBVarC011438	ENSP00000218340.3:p.Met272Val	RP2	ENSG00000102218	PM20D2
HsVcPPILacVa1	CCSBORF11374	3	CCSBORF71346	LW	2	829G>A	3565	NC_000023.11:46860047:G:A	CCSBVarC015017	ENSP00000218340.3:p.Ala277Thr	RP2	ENSG00000102218	PM20D2
HsVcPPILacVa1	CCSBORF11374	3	CCSBORF71346	LW	2	895G>A	546	NC_000023.11:46877515:G:A	CCSBVarC011420	ENSP00000218340.3:p.Ala299Thr	RP2	ENSG00000102218	PM20D2
HsVcPPILacVa1	CCSBORF11374	3	CCSBORF71346	LW	2	917G>A	316	NC_000023.11:46877537:G:A	CCSBVarC015026	ENSP00000218340.3:p.Gly306Asp	RP2	ENSG00000102218	PM20D2
HsVcPPILacVa1	CCSBORF11374	3	CCSBORF71346	LW	2	949G>A	358	NC_000023.11:46877569:G:A	CCSBVarC011434	ENSP00000218340.3:p.Glu317Lys	RP2	ENSG00000102218	PM20D2
HsVcPPILacVa1	CCSBORF7637	2	CCSBORF100067498	LW	2	REF	485	NULL	NULL	NULL	CFP	ENSG00000126759	GEMIN4
HsVcPPILacVa1	CCSBORF7637	2	CCSBORF100067498	LW	2	1036C>T	2	NC_000023.11:47626423:G:A	CCSBVarC001213	ENSP00000380189.3:p.Arg346Cys	CFP	ENSG00000126759	GEMIN4
HsVcPPILacVa1	CCSBORF7637	2	CCSBORF100067498	LW	2	104A>G	19	NC_000023.11:47629646:T:C	CCSBVarC017053	ENSP00000380189.3:p.Gln35Arg	CFP	ENSG00000126759	GEMIN4
HsVcPPILacVa1	CCSBORF7637	2	CCSBORF100067498	LW	2	1174A>C	7	NC_000023.11:47626127:T:G	CCSBVarC017070	ENSP00000380189.3:p.Met392Leu	CFP	ENSG00000126759	GEMIN4
HsVcPPILacVa1	CCSBORF7637	2	CCSBORF100067498	LW	2	1198A>G	717	NC_000023.11:47626103:T:C	CCSBVarC017073	ENSP00000380189.3:p.Thr400Ala	CFP	ENSG00000126759	GEMIN4
HsVcPPILacVa1	CCSBORF7637	2	CCSBORF100067498	LW	2	1223C>T	3	NC_000023.11:47626078:G:A	CCSBVarC017077	ENSP00000380189.3:p.Thr408Ile	CFP	ENSG00000126759	GEMIN4
HsVcPPILacVa1	CCSBORF7637	2	CCSBORF100067498	LW	2	1291T>G	25	NC_000023.11:47624393:A:C	CCSBVarC017081	ENSP00000380189.3:p.Phe431Val	CFP	ENSG00000126759	GEMIN4
HsVcPPILacVa1	CCSBORF7637	2	CCSBORF100067498	LW	2	1309C>A	1816	NC_000023.11:47624375:G:T	CCSBVarC017085	ENSP00000380189.3:p.Pro437Thr	CFP	ENSG00000126759	GEMIN4
HsVcPPILacVa1	CCSBORF7637	2	CCSBORF100067498	LW	2	157G>A	1457	NC_000023.11:47629593:C:T	CCSBVarC010166	ENSP00000380189.3:p.Val53Met	CFP	ENSG00000126759	GEMIN4
HsVcPPILacVa1	CCSBORF7637	2	CCSBORF100067498	LW	2	209G>A	2	NC_000023.11:47629541:C:T	CCSBVarC017089	ENSP00000380189.3:p.Gly70Glu	CFP	ENSG00000126759	GEMIN4
HsVcPPILacVa1	CCSBORF7637	2	CCSBORF100067498	LW	2	28C>G	11	NC_000023.11:47629816:G:C	CCSBVarC017093	ENSP00000380189.3:p.Arg10Gly	CFP	ENSG00000126759	GEMIN4
HsVcPPILacVa1	CCSBORF7637	2	CCSBORF100067498	LW	2	298C>T	1111	NC_000023.11:47628206:G:A	CCSBVarC001211	ENSP00000380189.3:p.Arg100Trp	CFP	ENSG00000126759	GEMIN4
HsVcPPILacVa1	CCSBORF7637	2	CCSBORF100067498	LW	2	313G>A	0	NC_000023.11:47628191:C:T	CCSBVarC017097	ENSP00000380189.3:p.Val105Met	CFP	ENSG00000126759	GEMIN4
HsVcPPILacVa1	CCSBORF7637	2	CCSBORF100067498	LW	2	391C>G	0	NC_000023.11:47628113:G:C	CCSBVarC017101	ENSP00000380189.3:p.Gln131Glu	CFP	ENSG00000126759	GEMIN4
HsVcPPILacVa1	CCSBORF7637	2	CCSBORF100067498	LW	2	44C>T	180	NC_000023.11:47629800:G:A	CCSBVarC017105	ENSP00000380189.3:p.Pro15Leu	CFP	ENSG00000126759	GEMIN4
HsVcPPILacVa1	CCSBORF7637	2	CCSBORF100067498	LW	2	470G>A	18	NC_000023.11:47627574:C:T	CCSBVarC017120	ENSP00000380189.3:p.Arg157Gln	CFP	ENSG00000126759	GEMIN4
HsVcPPILacVa1	CCSBORF7637	2	CCSBORF100067498	LW	2	580G>A	3	NC_000023.11:47627326:C:T	CCSBVarC017124	ENSP00000380189.3:p.Gly194Arg	CFP	ENSG00000126759	GEMIN4
HsVcPPILacVa1	CCSBORF7637	2	CCSBORF100067498	LW	2	611C>T	1435	NC_000023.11:47627295:G:A	CCSBVarC010163	ENSP00000380189.3:p.Pro204Leu	CFP	ENSG00000126759	GEMIN4
HsVcPPILacVa1	CCSBORF7637	2	CCSBORF100067498	LW	2	665G>A	722	NC_000023.11:47627241:C:T	CCSBVarC017128	ENSP00000380189.3:p.Arg222His	CFP	ENSG00000126759	GEMIN4
HsVcPPILacVa1	CCSBORF7637	2	CCSBORF100067498	LW	2	716C>T	85	NC_000023.11:47627190:G:A	CCSBVarC017132	ENSP00000380189.3:p.Pro239Leu	CFP	ENSG00000126759	GEMIN4
HsVcPPILacVa1	CCSBORF7637	2	CCSBORF100067498	LW	2	748G>A	1694	NC_000023.11:47627158:C:T	CCSBVarC008473	ENSP00000380189.3:p.Gly250Ser	CFP	ENSG00000126759	GEMIN4
HsVcPPILacVa1	CCSBORF7637	2	CCSBORF100067498	LW	2	769G>A	126	NC_000023.11:47626943:C:T	CCSBVarC017135	ENSP00000380189.3:p.Ala257Thr	CFP	ENSG00000126759	GEMIN4
HsVcPPILacVa1	CCSBORF7637	2	CCSBORF100067498	LW	2	88G>A	835	NC_000023.11:47629662:C:T	CCSBVarC017139	ENSP00000380189.3:p.Val30Met	CFP	ENSG00000126759	GEMIN4
HsVcPPILacVa1	CCSBORF7637	2	CCSBORF100067498	LW	2	893G>T	4	NC_000023.11:47626819:C:A	CCSBVarC010172	ENSP00000380189.3:p.Gly298Val	CFP	ENSG00000126759	GEMIN4
HsVcPPILacVa1	CCSBORF3697	1	CCSBORF2910	LW	2	REF	533	NULL	NULL	NULL	NF2	ENSG00000186575	AMOTL2
HsVcPPILacVa1	CCSBORF3697	1	CCSBORF2910	LW	2	1003C>T	3425	NC_000022.11:29673397:C:T	CCSBVarC000526	ENSP00000340626.4:p.Arg335Cys	NF2	ENSG00000186575	AMOTL2
HsVcPPILacVa1	CCSBORF3697	1	CCSBORF2910	LW	2	1007C>G	1	NC_000022.11:29673401:C:G	CCSBVarC016525	ENSP00000340626.4:p.Thr336Arg	NF2	ENSG00000186575	AMOTL2
HsVcPPILacVa1	CCSBORF3697	1	CCSBORF2910	LW	2	107A>G	123	NC_000022.11:29604104:A:G	CCSBVarC004111	ENSP00000340626.4:p.Asn36Ser	NF2	ENSG00000186575	AMOTL2
HsVcPPILacVa1	CCSBORF3697	1	CCSBORF2910	LW	2	1124T>G	506	NC_000022.11:29674867:T:G	CCSBVarC016531	ENSP00000340626.4:p.Leu375Arg	NF2	ENSG00000186575	AMOTL2
HsVcPPILacVa1	CCSBORF3697	1	CCSBORF2910	LW	2	1202T>C	6	NC_000022.11:29678199:T:C	CCSBVarC016541	ENSP00000340626.4:p.Met401Thr	NF2	ENSG00000186575	AMOTL2
HsVcPPILacVa1	CCSBORF3697	1	CCSBORF2910	LW	2	1231G>C	531	NC_000022.11:29678228:G:C	CCSBVarC016545	ENSP00000340626.4:p.Asp411His	NF2	ENSG00000186575	AMOTL2
HsVcPPILacVa1	CCSBORF3697	1	CCSBORF2910	LW	2	1258G>A	6	NC_000022.11:29678255:G:A	CCSBVarC016549	ENSP00000340626.4:p.Asp420Asn	NF2	ENSG00000186575	AMOTL2
HsVcPPILacVa1	CCSBORF3697	1	CCSBORF2910	LW	2	1364A>C	0	NC_000022.11:29681476:A:C	CCSBVarC016557	ENSP00000340626.4:p.Gln455Pro	NF2	ENSG00000186575	AMOTL2
HsVcPPILacVa1	CCSBORF3697	1	CCSBORF2910	LW	2	1384G>A	246	NC_000022.11:29681496:G:A	CCSBVarC016578	ENSP00000340626.4:p.Glu462Lys	NF2	ENSG00000186575	AMOTL2
HsVcPPILacVa1	CCSBORF3697	1	CCSBORF2910	LW	2	1436A>G	423	NC_000022.11:29681548:A:G	CCSBVarC016584	ENSP00000340626.4:p.His479Arg	NF2	ENSG00000186575	AMOTL2
HsVcPPILacVa1	CCSBORF3697	1	CCSBORF2910	LW	2	173T>C	56	NC_000022.11:29642259:T:C	CCSBVarC016593	ENSP00000340626.4:p.Leu58Pro	NF2	ENSG00000186575	AMOTL2
HsVcPPILacVa1	CCSBORF3697	1	CCSBORF2910	LW	2	22C>A	979	NC_000022.11:29604019:C:A	CCSBVarC016616	ENSP00000340626.4:p.Arg8Ser	NF2	ENSG00000186575	AMOTL2
HsVcPPILacVa1	CCSBORF3697	1	CCSBORF2910	LW	2	298A>T	684	NC_000022.11:29655623:A:T	CCSBVarC016623	ENSP00000340626.4:p.Met100Leu	NF2	ENSG00000186575	AMOTL2
HsVcPPILacVa1	CCSBORF3697	1	CCSBORF2910	LW	2	340G>T	1	NC_000022.11:29655665:G:T	CCSBVarC000524	ENSP00000340626.4:p.Gly114Cys	NF2	ENSG00000186575	AMOTL2
HsVcPPILacVa1	CCSBORF3697	1	CCSBORF2910	LW	2	392T>C	891	NC_000022.11:29658229:T:C	CCSBVarC016632	ENSP00000340626.4:p.Leu131Pro	NF2	ENSG00000186575	AMOTL2
HsVcPPILacVa1	CCSBORF3697	1	CCSBORF2910	LW	2	470G>A	1987	NC_000022.11:29661247:G:A	CCSBVarC016636	ENSP00000340626.4:p.Gly157Glu	NF2	ENSG00000186575	AMOTL2
HsVcPPILacVa1	CCSBORF3697	1	CCSBORF2910	LW	2	56C>G	1284	NC_000022.11:29604053:C:G	CCSBVarC016641	ENSP00000340626.4:p.Pro19Arg	NF2	ENSG00000186575	AMOTL2
HsVcPPILacVa1	CCSBORF3697	1	CCSBORF2910	LW	2	616A>G	1445	NC_000022.11:29665043:A:G	CCSBVarC016645	ENSP00000340626.4:p.Lys206Glu	NF2	ENSG00000186575	AMOTL2
HsVcPPILacVa1	CCSBORF3697	1	CCSBORF2910	LW	2	87G>A	1	NC_000022.11:29604084:G:A	CCSBVarC015530	ENSP00000340626.4:p.Met29Ile	NF2	ENSG00000186575	AMOTL2
HsVcPPILacVa1	CCSBORF4870	2	CCSBORF56827	LW	2	REF	259	NULL	NULL	NULL	KRT6A	ENSG00000205420	KRT38
HsVcPPILacVa1	CCSBORF4870	2	CCSBORF56827	LW	2	1198A>C	628	NC_000012.12:52489947:T:G	CCSBVarC015603	ENSP00000369317.3:p.Lys400Gln	KRT6A	ENSG00000205420	KRT38
HsVcPPILacVa1	CCSBORF4870	2	CCSBORF56827	LW	2	1282G>A	210	NC_000012.12:52488469:C:T	CCSBVarC015611	ENSP00000369317.3:p.Glu428Lys	KRT6A	ENSG00000205420	KRT38
HsVcPPILacVa1	CCSBORF4870	2	CCSBORF56827	LW	2	1378G>A	757	NC_000012.12:52488373:C:T	CCSBVarC015615	ENSP00000369317.3:p.Val460Met	KRT6A	ENSG00000205420	KRT38
HsVcPPILacVa1	CCSBORF4870	2	CCSBORF56827	LW	2	1381G>A	1819	NC_000012.12:52488370:C:T	CCSBVarC003673	ENSP00000369317.3:p.Glu461Lys	KRT6A	ENSG00000205420	KRT38
HsVcPPILacVa1	CCSBORF4870	2	CCSBORF56827	LW	2	1387G>C	530	NC_000012.12:52488364:C:G	CCSBVarC000721	ENSP00000369317.3:p.Ala463Pro	KRT6A	ENSG00000205420	KRT38
HsVcPPILacVa1	CCSBORF4870	2	CCSBORF56827	LW	2	1393T>C	7	NC_000012.12:52488358:A:G	CCSBVarC003675	ENSP00000369317.3:p.Tyr465His	KRT6A	ENSG00000205420	KRT38
HsVcPPILacVa1	CCSBORF4870	2	CCSBORF56827	LW	2	1403T>A	123	NC_000012.12:52488348:A:T	CCSBVarC003677	ENSP00000369317.3:p.Leu468Gln	KRT6A	ENSG00000205420	KRT38
HsVcPPILacVa1	CCSBORF4870	2	CCSBORF56827	LW	2	1416G>C	950	NC_000012.12:52488335:C:G	CCSBVarC003679	ENSP00000369317.3:p.Glu472Asp	KRT6A	ENSG00000205420	KRT38
HsVcPPILacVa1	CCSBORF4870	2	CCSBORF56827	LW	2	1456A>G	2	NC_000012.12:52488071:T:C	CCSBVarC015620	ENSP00000369317.3:p.Ile486Val	KRT6A	ENSG00000205420	KRT38
HsVcPPILacVa1	CCSBORF4870	2	CCSBORF56827	LW	2	1567G>A	154	NC_000012.12:52487847:C:T	CCSBVarC009576	ENSP00000369317.3:p.Val523Ile	KRT6A	ENSG00000205420	KRT38
HsVcPPILacVa1	CCSBORF4870	2	CCSBORF56827	LW	2	1567G>T	154	NC_000012.12:52487847:C:A	CCSBVarC002920	ENSP00000369317.3:p.Val523Phe	KRT6A	ENSG00000205420	KRT38
HsVcPPILacVa1	CCSBORF4870	2	CCSBORF56827	LW	2	1604T>C	294	NC_000012.12:52487810:A:G	CCSBVarC015632	ENSP00000369317.3:p.Ile535Thr	KRT6A	ENSG00000205420	KRT38
HsVcPPILacVa1	CCSBORF4870	2	CCSBORF56827	LW	2	1650G>T	572	NC_000012.12:52487764:C:A	CCSBVarC015638	ENSP00000369317.3:p.Lys550Asn	KRT6A	ENSG00000205420	KRT38
HsVcPPILacVa1	CCSBORF4870	2	CCSBORF56827	LW	2	332G>A	0	NC_000012.12:52492856:C:T	CCSBVarC015647	ENSP00000369317.3:p.Gly111Asp	KRT6A	ENSG00000205420	KRT38
HsVcPPILacVa1	CCSBORF4870	2	CCSBORF56827	LW	2	361G>A	320	NC_000012.12:52492827:C:T	CCSBVarC015651	ENSP00000369317.3:p.Gly121Ser	KRT6A	ENSG00000205420	KRT38
HsVcPPILacVa1	CCSBORF4870	2	CCSBORF56827	LW	2	46C>T	6	NC_000012.12:52493142:G:A	CCSBVarC015667	ENSP00000369317.3:p.Arg16Trp	KRT6A	ENSG00000205420	KRT38
HsVcPPILacVa1	CCSBORF4870	2	CCSBORF56827	LW	2	491G>C	356	NC_000012.12:52492697:C:G	CCSBVarC003663	ENSP00000369317.3:p.Arg164Pro	KRT6A	ENSG00000205420	KRT38
HsVcPPILacVa1	CCSBORF4870	2	CCSBORF56827	LW	2	500T>G	2	NC_000012.12:52492688:A:C	CCSBVarC003665	ENSP00000369317.3:p.Ile167Ser	KRT6A	ENSG00000205420	KRT38
HsVcPPILacVa1	CCSBORF4870	2	CCSBORF56827	LW	2	511A>T	367	NC_000012.12:52492677:T:A	CCSBVarC003667	ENSP00000369317.3:p.Asn171Tyr	KRT6A	ENSG00000205420	KRT38
HsVcPPILacVa1	CCSBORF4870	2	CCSBORF56827	LW	2	512A>G	247	NC_000012.12:52492676:T:C	CCSBVarC003669	ENSP00000369317.3:p.Asn171Ser	KRT6A	ENSG00000205420	KRT38
HsVcPPILacVa1	CCSBORF4870	2	CCSBORF56827	LW	2	520T>G	3	NC_000012.12:52492668:A:C	CCSBVarC000719	ENSP00000369317.3:p.Phe174Val	KRT6A	ENSG00000205420	KRT38
HsVcPPILacVa1	CCSBORF4870	2	CCSBORF56827	LW	2	526T>C	185	NC_000012.12:52492662:A:G	CCSBVarC003671	ENSP00000369317.3:p.Ser176Pro	KRT6A	ENSG00000205420	KRT38
HsVcPPILacVa1	CCSBORF4870	2	CCSBORF56827	LW	2	628C>A	848	NC_000012.12:52491648:G:T	CCSBVarC009567	ENSP00000369317.3:p.Leu210Met	KRT6A	ENSG00000205420	KRT38
HsVcPPILacVa1	CCSBORF4870	2	CCSBORF56827	LW	2	632A>G	0	NC_000012.12:52491644:T:C	CCSBVarC015673	ENSP00000369317.3:p.Glu211Gly	KRT6A	ENSG00000205420	KRT38
HsVcPPILacVa1	CCSBORF4870	2	CCSBORF56827	LW	2	680G>A	1	NC_000012.12:52491596:C:T	CCSBVarC015679	ENSP00000369317.3:p.Ser227Asn	KRT6A	ENSG00000205420	KRT38
HsVcPPILacVa1	CCSBORF4870	2	CCSBORF56827	LW	2	745T>C	901	NC_000012.12:52491531:A:G	CCSBVarC002915	ENSP00000369317.3:p.Phe249Leu	KRT6A	ENSG00000205420	KRT38
HsVcPPILacVa1	CCSBORF4870	2	CCSBORF56827	LW	2	806C>T	3	NC_000012.12:52491121:G:A	CCSBVarC015685	ENSP00000369317.3:p.Thr269Ile	KRT6A	ENSG00000205420	KRT38
HsVcPPILacVa1	CCSBORF4870	2	CCSBORF56827	LW	2	968A>T	2	NC_000012.12:52490677:T:A	CCSBVarC015689	ENSP00000369317.3:p.Asp323Val	KRT6A	ENSG00000205420	KRT38
HsVcPPILacVa1	CCSBORF4870	2	CCSBORF56827	LW	2	981C>G	1	NC_000012.12:52490664:G:C	CCSBVarC015694	ENSP00000369317.3:p.Asn327Lys	KRT6A	ENSG00000205420	KRT38
HsVcPPILacVa1	CCSBORF4870	1	CCSBORF100066360	LW	2	REF	135	NULL	NULL	NULL	KRT6A	ENSG00000205420	KRT27
HsVcPPILacVa1	CCSBORF4870	1	CCSBORF100066360	LW	2	1003G>A	0	NC_000012.12:52490642:C:T	CCSBVarC009565	ENSP00000369317.3:p.Ala335Thr	KRT6A	ENSG00000205420	KRT27
HsVcPPILacVa1	CCSBORF4870	1	CCSBORF100066360	LW	2	1157G>T	0	NC_000012.12:52489988:C:A	CCSBVarC015599	ENSP00000369317.3:p.Arg386Leu	KRT6A	ENSG00000205420	KRT27
HsVcPPILacVa1	CCSBORF4870	1	CCSBORF100066360	LW	2	1211A>G	0	NC_000012.12:52488540:T:C	CCSBVarC015607	ENSP00000369317.3:p.Asn404Ser	KRT6A	ENSG00000205420	KRT27
HsVcPPILacVa1	CCSBORF4870	1	CCSBORF100066360	LW	2	1327C>T	2	NC_000012.12:52488424:G:A	CCSBVarC009573	ENSP00000369317.3:p.Arg443Trp	KRT6A	ENSG00000205420	KRT27
HsVcPPILacVa1	CCSBORF4870	1	CCSBORF100066360	LW	2	1340A>G	1	NC_000012.12:52488411:T:C	CCSBVarC015613	ENSP00000369317.3:p.Glu447Gly	KRT6A	ENSG00000205420	KRT27
HsVcPPILacVa1	CCSBORF4870	1	CCSBORF100066360	LW	2	1385T>A	0	NC_000012.12:52488366:A:T	CCSBVarC003674	ENSP00000369317.3:p.Ile462Asn	KRT6A	ENSG00000205420	KRT27
HsVcPPILacVa1	CCSBORF4870	1	CCSBORF100066360	LW	2	1385T>G	1	NC_000012.12:52488366:A:C	CCSBVarC000720	ENSP00000369317.3:p.Ile462Ser	KRT6A	ENSG00000205420	KRT27
HsVcPPILacVa1	CCSBORF4870	1	CCSBORF100066360	LW	2	1403T>C	1554	NC_000012.12:52488348:A:G	CCSBVarC003676	ENSP00000369317.3:p.Leu468Pro	KRT6A	ENSG00000205420	KRT27
HsVcPPILacVa1	CCSBORF4870	1	CCSBORF100066360	LW	2	1414G>A	537	NC_000012.12:52488337:C:T	CCSBVarC003678	ENSP00000369317.3:p.Glu472Lys	KRT6A	ENSG00000205420	KRT27
HsVcPPILacVa1	CCSBORF4870	1	CCSBORF100066360	LW	2	1441G>A	0	NC_000012.12:52488086:C:T	CCSBVarC015618	ENSP00000369317.3:p.Val481Ile	KRT6A	ENSG00000205420	KRT27
HsVcPPILacVa1	CCSBORF4870	1	CCSBORF100066360	LW	2	1534G>A	1	NC_000012.12:52487880:C:T	CCSBVarC015629	ENSP00000369317.3:p.Gly512Arg	KRT6A	ENSG00000205420	KRT27
HsVcPPILacVa1	CCSBORF4870	1	CCSBORF100066360	LW	2	1606G>A	0	NC_000012.12:52487808:C:T	CCSBVarC015635	ENSP00000369317.3:p.Gly536Arg	KRT6A	ENSG00000205420	KRT27
HsVcPPILacVa1	CCSBORF4870	1	CCSBORF100066360	LW	2	1655C>G	2	NC_000012.12:52487759:G:C	CCSBVarC002916	ENSP00000369317.3:p.Thr552Ser	KRT6A	ENSG00000205420	KRT27
HsVcPPILacVa1	CCSBORF4870	1	CCSBORF100066360	LW	2	215T>C	0	NC_000012.12:52492973:A:G	CCSBVarC015643	ENSP00000369317.3:p.Ile72Thr	KRT6A	ENSG00000205420	KRT27
HsVcPPILacVa1	CCSBORF4870	1	CCSBORF100066360	LW	2	359G>T	0	NC_000012.12:52492829:C:A	CCSBVarC015649	ENSP00000369317.3:p.Gly120Val	KRT6A	ENSG00000205420	KRT27
HsVcPPILacVa1	CCSBORF4870	1	CCSBORF100066360	LW	2	365T>C	1	NC_000012.12:52492823:A:G	CCSBVarC015653	ENSP00000369317.3:p.Phe122Ser	KRT6A	ENSG00000205420	KRT27
HsVcPPILacVa1	CCSBORF4870	1	CCSBORF100066360	LW	2	460C>G	1	NC_000012.12:52492728:G:C	CCSBVarC015670	ENSP00000369317.3:p.Pro154Ala	KRT6A	ENSG00000205420	KRT27
HsVcPPILacVa1	CCSBORF4870	1	CCSBORF100066360	LW	2	487G>A	89	NC_000012.12:52492701:C:T	CCSBVarC003662	ENSP00000369317.3:p.Glu163Lys	KRT6A	ENSG00000205420	KRT27
HsVcPPILacVa1	CCSBORF4870	1	CCSBORF100066360	LW	2	497A>C	276	NC_000012.12:52492691:T:G	CCSBVarC003664	ENSP00000369317.3:p.Gln166Pro	KRT6A	ENSG00000205420	KRT27
HsVcPPILacVa1	CCSBORF4870	1	CCSBORF100066360	LW	2	508C>T	1181	NC_000012.12:52492680:G:A	CCSBVarC003666	ENSP00000369317.3:p.Leu170Phe	KRT6A	ENSG00000205420	KRT27
HsVcPPILacVa1	CCSBORF4870	1	CCSBORF100066360	LW	2	511A>G	560	NC_000012.12:52492677:T:C	CCSBVarC003668	ENSP00000369317.3:p.Asn171Asp	KRT6A	ENSG00000205420	KRT27
HsVcPPILacVa1	CCSBORF4870	1	CCSBORF100066360	LW	2	512A>C	1	NC_000012.12:52492676:T:G	CCSBVarC003670	ENSP00000369317.3:p.Asn171Thr	KRT6A	ENSG00000205420	KRT27
HsVcPPILacVa1	CCSBORF4870	1	CCSBORF100066360	LW	2	513C>A	242	NC_000012.12:52492675:G:T	CCSBVarC000718	ENSP00000369317.3:p.Asn171Lys	KRT6A	ENSG00000205420	KRT27
HsVcPPILacVa1	CCSBORF4870	1	CCSBORF100066360	LW	2	533T>A	2341	NC_000012.12:52492655:A:T	CCSBVarC003672	ENSP00000369317.3:p.Ile178Asn	KRT6A	ENSG00000205420	KRT27
HsVcPPILacVa1	CCSBORF4870	1	CCSBORF100066360	LW	2	62A>G	9	NC_000012.12:52493126:T:C	CCSBVarC002913	ENSP00000369317.3:p.Asn21Ser	KRT6A	ENSG00000205420	KRT27
HsVcPPILacVa1	CCSBORF4870	1	CCSBORF100066360	LW	2	661C>A	0	NC_000012.12:52491615:G:T	CCSBVarC015676	ENSP00000369317.3:p.Leu221Ile	KRT6A	ENSG00000205420	KRT27
HsVcPPILacVa1	CCSBORF4870	1	CCSBORF100066360	LW	2	718A>G	2	NC_000012.12:52491558:T:C	CCSBVarC015683	ENSP00000369317.3:p.Arg240Gly	KRT6A	ENSG00000205420	KRT27
HsVcPPILacVa1	CCSBORF4870	1	CCSBORF100066360	LW	2	827C>T	1	NC_000012.12:52490942:G:A	CCSBVarC015687	ENSP00000369317.3:p.Ala276Val	KRT6A	ENSG00000205420	KRT27
HsVcPPILacVa1	CCSBORF4870	1	CCSBORF100066360	LW	2	98T>C	2	NC_000012.12:52493090:A:G	CCSBVarC015691	ENSP00000369317.3:p.Phe33Ser	KRT6A	ENSG00000205420	KRT27
HsVcPPILacVa1	CCSBORF4870	1	CCSBORF100014396	LW	2	REF	145	NULL	NULL	NULL	KRT6A	ENSG00000205420	KRT35
HsVcPPILacVa1	CCSBORF4870	1	CCSBORF100014396	LW	2	1003G>A	0	NC_000012.12:52490642:C:T	CCSBVarC009565	ENSP00000369317.3:p.Ala335Thr	KRT6A	ENSG00000205420	KRT35
HsVcPPILacVa1	CCSBORF4870	1	CCSBORF100014396	LW	2	1157G>T	1	NC_000012.12:52489988:C:A	CCSBVarC015599	ENSP00000369317.3:p.Arg386Leu	KRT6A	ENSG00000205420	KRT35
HsVcPPILacVa1	CCSBORF4870	1	CCSBORF100014396	LW	2	1211A>G	0	NC_000012.12:52488540:T:C	CCSBVarC015607	ENSP00000369317.3:p.Asn404Ser	KRT6A	ENSG00000205420	KRT35
HsVcPPILacVa1	CCSBORF4870	1	CCSBORF100014396	LW	2	1327C>T	1	NC_000012.12:52488424:G:A	CCSBVarC009573	ENSP00000369317.3:p.Arg443Trp	KRT6A	ENSG00000205420	KRT35
HsVcPPILacVa1	CCSBORF4870	1	CCSBORF100014396	LW	2	1340A>G	1	NC_000012.12:52488411:T:C	CCSBVarC015613	ENSP00000369317.3:p.Glu447Gly	KRT6A	ENSG00000205420	KRT35
HsVcPPILacVa1	CCSBORF4870	1	CCSBORF100014396	LW	2	1385T>A	0	NC_000012.12:52488366:A:T	CCSBVarC003674	ENSP00000369317.3:p.Ile462Asn	KRT6A	ENSG00000205420	KRT35
HsVcPPILacVa1	CCSBORF4870	1	CCSBORF100014396	LW	2	1385T>G	1	NC_000012.12:52488366:A:C	CCSBVarC000720	ENSP00000369317.3:p.Ile462Ser	KRT6A	ENSG00000205420	KRT35
HsVcPPILacVa1	CCSBORF4870	1	CCSBORF100014396	LW	2	1403T>C	1187	NC_000012.12:52488348:A:G	CCSBVarC003676	ENSP00000369317.3:p.Leu468Pro	KRT6A	ENSG00000205420	KRT35
HsVcPPILacVa1	CCSBORF4870	1	CCSBORF100014396	LW	2	1414G>A	520	NC_000012.12:52488337:C:T	CCSBVarC003678	ENSP00000369317.3:p.Glu472Lys	KRT6A	ENSG00000205420	KRT35
HsVcPPILacVa1	CCSBORF4870	1	CCSBORF100014396	LW	2	1441G>A	2	NC_000012.12:52488086:C:T	CCSBVarC015618	ENSP00000369317.3:p.Val481Ile	KRT6A	ENSG00000205420	KRT35
HsVcPPILacVa1	CCSBORF4870	1	CCSBORF100014396	LW	2	1534G>A	3	NC_000012.12:52487880:C:T	CCSBVarC015629	ENSP00000369317.3:p.Gly512Arg	KRT6A	ENSG00000205420	KRT35
HsVcPPILacVa1	CCSBORF4870	1	CCSBORF100014396	LW	2	1606G>A	0	NC_000012.12:52487808:C:T	CCSBVarC015635	ENSP00000369317.3:p.Gly536Arg	KRT6A	ENSG00000205420	KRT35
HsVcPPILacVa1	CCSBORF4870	1	CCSBORF100014396	LW	2	1655C>G	2	NC_000012.12:52487759:G:C	CCSBVarC002916	ENSP00000369317.3:p.Thr552Ser	KRT6A	ENSG00000205420	KRT35
HsVcPPILacVa1	CCSBORF4870	1	CCSBORF100014396	LW	2	215T>C	1	NC_000012.12:52492973:A:G	CCSBVarC015643	ENSP00000369317.3:p.Ile72Thr	KRT6A	ENSG00000205420	KRT35
HsVcPPILacVa1	CCSBORF4870	1	CCSBORF100014396	LW	2	359G>T	0	NC_000012.12:52492829:C:A	CCSBVarC015649	ENSP00000369317.3:p.Gly120Val	KRT6A	ENSG00000205420	KRT35
HsVcPPILacVa1	CCSBORF4870	1	CCSBORF100014396	LW	2	365T>C	0	NC_000012.12:52492823:A:G	CCSBVarC015653	ENSP00000369317.3:p.Phe122Ser	KRT6A	ENSG00000205420	KRT35
HsVcPPILacVa1	CCSBORF4870	1	CCSBORF100014396	LW	2	460C>G	0	NC_000012.12:52492728:G:C	CCSBVarC015670	ENSP00000369317.3:p.Pro154Ala	KRT6A	ENSG00000205420	KRT35
HsVcPPILacVa1	CCSBORF4870	1	CCSBORF100014396	LW	2	487G>A	61	NC_000012.12:52492701:C:T	CCSBVarC003662	ENSP00000369317.3:p.Glu163Lys	KRT6A	ENSG00000205420	KRT35
HsVcPPILacVa1	CCSBORF4870	1	CCSBORF100014396	LW	2	497A>C	302	NC_000012.12:52492691:T:G	CCSBVarC003664	ENSP00000369317.3:p.Gln166Pro	KRT6A	ENSG00000205420	KRT35
HsVcPPILacVa1	CCSBORF4870	1	CCSBORF100014396	LW	2	508C>T	1059	NC_000012.12:52492680:G:A	CCSBVarC003666	ENSP00000369317.3:p.Leu170Phe	KRT6A	ENSG00000205420	KRT35
HsVcPPILacVa1	CCSBORF4870	1	CCSBORF100014396	LW	2	511A>G	459	NC_000012.12:52492677:T:C	CCSBVarC003668	ENSP00000369317.3:p.Asn171Asp	KRT6A	ENSG00000205420	KRT35
HsVcPPILacVa1	CCSBORF4870	1	CCSBORF100014396	LW	2	512A>C	3	NC_000012.12:52492676:T:G	CCSBVarC003670	ENSP00000369317.3:p.Asn171Thr	KRT6A	ENSG00000205420	KRT35
HsVcPPILacVa1	CCSBORF4870	1	CCSBORF100014396	LW	2	513C>A	223	NC_000012.12:52492675:G:T	CCSBVarC000718	ENSP00000369317.3:p.Asn171Lys	KRT6A	ENSG00000205420	KRT35
HsVcPPILacVa1	CCSBORF4870	1	CCSBORF100014396	LW	2	533T>A	2472	NC_000012.12:52492655:A:T	CCSBVarC003672	ENSP00000369317.3:p.Ile178Asn	KRT6A	ENSG00000205420	KRT35
HsVcPPILacVa1	CCSBORF4870	1	CCSBORF100014396	LW	2	62A>G	2	NC_000012.12:52493126:T:C	CCSBVarC002913	ENSP00000369317.3:p.Asn21Ser	KRT6A	ENSG00000205420	KRT35
HsVcPPILacVa1	CCSBORF4870	1	CCSBORF100014396	LW	2	661C>A	0	NC_000012.12:52491615:G:T	CCSBVarC015676	ENSP00000369317.3:p.Leu221Ile	KRT6A	ENSG00000205420	KRT35
HsVcPPILacVa1	CCSBORF4870	1	CCSBORF100014396	LW	2	718A>G	5	NC_000012.12:52491558:T:C	CCSBVarC015683	ENSP00000369317.3:p.Arg240Gly	KRT6A	ENSG00000205420	KRT35
HsVcPPILacVa1	CCSBORF4870	1	CCSBORF100014396	LW	2	827C>T	1	NC_000012.12:52490942:G:A	CCSBVarC015687	ENSP00000369317.3:p.Ala276Val	KRT6A	ENSG00000205420	KRT35
HsVcPPILacVa1	CCSBORF4870	1	CCSBORF100014396	LW	2	98T>C	4	NC_000012.12:52493090:A:G	CCSBVarC015691	ENSP00000369317.3:p.Phe33Ser	KRT6A	ENSG00000205420	KRT35
HsVcPPILacVa1	CCSBORF3756	1	CCSBORF0	LW	2	REF	3548	NULL	NULL	NULL	VAPB	ENSG00000124164	empty_AD
HsVcPPILacVa1	CCSBORF3756	1	CCSBORF0	LW	2	137C>T	23501	NC_000020.11:58418288:C:T	CCSBVarC005852	ENSP00000417175.1:p.Thr46Ile	VAPB	ENSG00000124164	empty_AD
HsVcPPILacVa1	CCSBORF3756	1	CCSBORF0	LW	2	166C>T	9691	NC_000020.11:58418317:C:T	CCSBVarC000544	ENSP00000417175.1:p.Pro56Ser	VAPB	ENSG00000124164	empty_AD
HsVcPPILacVa1	CCSBORF3756	1	CCSBORF0	LW	2	390T>G	2388	NC_000020.11:58439018:T:G	CCSBVarC015538	ENSP00000417175.1:p.Asp130Glu	VAPB	ENSG00000124164	empty_AD
HsVcPPILacVa1	CCSBORF3756	1	CCSBORF0	LW	2	486T>A	3077	NC_000020.11:58440995:T:A	CCSBVarC015540	ENSP00000417175.1:p.Asp162Glu	VAPB	ENSG00000124164	empty_AD
HsVcPPILacVa1	CCSBORF1231	1	CCSBORF13561	LW	2	REF	1316	NULL	NULL	NULL	AQP1	ENSG00000240583	MKRN3
HsVcPPILacVa1	CCSBORF1231	1	CCSBORF13561	LW	2	113C>T	1331	NC_000007.14:30912021:C:T	CCSBVarC000137	ENSP00000311165.4:p.Pro38Leu	AQP1	ENSG00000240583	MKRN3
HsVcPPILacVa1	CCSBORF1231	1	CCSBORF13561	LW	2	140A>G	7387	NC_000007.14:30912048:A:G	CCSBVarC000138	ENSP00000311165.4:p.Gln47Arg	AQP1	ENSG00000240583	MKRN3
HsVcPPILacVa1	CCSBORF1231	1	CCSBORF13561	LW	2	319G>A	24	NC_000007.14:30912227:G:A	CCSBVarC015066	ENSP00000311165.4:p.Val107Ile	AQP1	ENSG00000240583	MKRN3
HsVcPPILacVa1	CCSBORF1231	1	CCSBORF13561	LW	2	320T>G	1754	NC_000007.14:30912228:T:G	CCSBVarC015069	ENSP00000311165.4:p.Val107Gly	AQP1	ENSG00000240583	MKRN3
HsVcPPILacVa1	CCSBORF1231	1	CCSBORF13561	LW	2	494G>A	450	NC_000007.14:30922174:G:A	CCSBVarC015072	ENSP00000311165.4:p.Gly165Asp	AQP1	ENSG00000240583	MKRN3
HsVcPPILacVa1	CCSBORF1231	1	CCSBORF13561	LW	2	576C>A	1726	NC_000007.14:30922589:C:A	CCSBVarC000139	ENSP00000311165.4:p.Asn192Lys	AQP1	ENSG00000240583	MKRN3
HsVcPPILacVa1	CCSBORF1231	1	CCSBORF2078	LW	2	REF	1659	NULL	NULL	NULL	AQP1	ENSG00000240583	TRIM37
HsVcPPILacVa1	CCSBORF1231	1	CCSBORF2078	LW	2	113C>T	1315	NC_000007.14:30912021:C:T	CCSBVarC000137	ENSP00000311165.4:p.Pro38Leu	AQP1	ENSG00000240583	TRIM37
HsVcPPILacVa1	CCSBORF1231	1	CCSBORF2078	LW	2	140A>G	6513	NC_000007.14:30912048:A:G	CCSBVarC000138	ENSP00000311165.4:p.Gln47Arg	AQP1	ENSG00000240583	TRIM37
HsVcPPILacVa1	CCSBORF1231	1	CCSBORF2078	LW	2	319G>A	20	NC_000007.14:30912227:G:A	CCSBVarC015066	ENSP00000311165.4:p.Val107Ile	AQP1	ENSG00000240583	TRIM37
HsVcPPILacVa1	CCSBORF1231	1	CCSBORF2078	LW	2	320T>G	2370	NC_000007.14:30912228:T:G	CCSBVarC015069	ENSP00000311165.4:p.Val107Gly	AQP1	ENSG00000240583	TRIM37
HsVcPPILacVa1	CCSBORF1231	1	CCSBORF2078	LW	2	494G>A	548	NC_000007.14:30922174:G:A	CCSBVarC015072	ENSP00000311165.4:p.Gly165Asp	AQP1	ENSG00000240583	TRIM37
HsVcPPILacVa1	CCSBORF1231	1	CCSBORF2078	LW	2	576C>A	1825	NC_000007.14:30922589:C:A	CCSBVarC000139	ENSP00000311165.4:p.Asn192Lys	AQP1	ENSG00000240583	TRIM37
HsVcPPILacVa1	CCSBORF1231	1	CCSBORF6064	LW	2	REF	1656	NULL	NULL	NULL	AQP1	ENSG00000240583	GLI1
HsVcPPILacVa1	CCSBORF1231	1	CCSBORF6064	LW	2	113C>T	1399	NC_000007.14:30912021:C:T	CCSBVarC000137	ENSP00000311165.4:p.Pro38Leu	AQP1	ENSG00000240583	GLI1
HsVcPPILacVa1	CCSBORF1231	1	CCSBORF6064	LW	2	140A>G	7786	NC_000007.14:30912048:A:G	CCSBVarC000138	ENSP00000311165.4:p.Gln47Arg	AQP1	ENSG00000240583	GLI1
HsVcPPILacVa1	CCSBORF1231	1	CCSBORF6064	LW	2	319G>A	23	NC_000007.14:30912227:G:A	CCSBVarC015066	ENSP00000311165.4:p.Val107Ile	AQP1	ENSG00000240583	GLI1
HsVcPPILacVa1	CCSBORF1231	1	CCSBORF6064	LW	2	320T>G	2557	NC_000007.14:30912228:T:G	CCSBVarC015069	ENSP00000311165.4:p.Val107Gly	AQP1	ENSG00000240583	GLI1
HsVcPPILacVa1	CCSBORF1231	1	CCSBORF6064	LW	2	494G>A	478	NC_000007.14:30922174:G:A	CCSBVarC015072	ENSP00000311165.4:p.Gly165Asp	AQP1	ENSG00000240583	GLI1
HsVcPPILacVa1	CCSBORF1231	1	CCSBORF6064	LW	2	576C>A	2508	NC_000007.14:30922589:C:A	CCSBVarC000139	ENSP00000311165.4:p.Asn192Lys	AQP1	ENSG00000240583	GLI1
HsVcPPILacVa1	CCSBORF70357	1	CCSBORF0	LW	2	REF	156	NULL	NULL	NULL	TSFM	ENSG00000123297	empty_AD
HsVcPPILacVa1	CCSBORF70357	1	CCSBORF0	LW	2	112C>T	0	NC_000012.12:57783163:C:T	CCSBVarC017012	ENSP00000499171.2:p.Pro38Ser	TSFM	ENSG00000123297	empty_AD
HsVcPPILacVa1	CCSBORF70357	1	CCSBORF0	LW	2	191G>A	0	NC_000012.12:57783242:G:A	CCSBVarC017016	ENSP00000499171.2:p.Cys64Tyr	TSFM	ENSG00000123297	empty_AD
HsVcPPILacVa1	CCSBORF70357	1	CCSBORF0	LW	2	22C>T	0	NC_000012.12:57782822:C:T	CCSBVarC017021	ENSP00000499171.2:p.Arg8Cys	TSFM	ENSG00000123297	empty_AD
HsVcPPILacVa1	CCSBORF70357	1	CCSBORF0	LW	2	269G>A	0	NC_000012.12:57786199:G:A	CCSBVarC017025	ENSP00000499171.2:p.Gly90Asp	TSFM	ENSG00000123297	empty_AD
HsVcPPILacVa1	CCSBORF70357	1	CCSBORF0	LW	2	34G>T	28	NC_000012.12:57782834:G:T	CCSBVarC017029	ENSP00000499171.2:p.Val12Phe	TSFM	ENSG00000123297	empty_AD
HsVcPPILacVa1	CCSBORF70357	1	CCSBORF0	LW	2	484G>A	1	NC_000012.12:57792985:G:A	CCSBVarC017033	ENSP00000499171.2:p.Gly162Ser	TSFM	ENSG00000123297	empty_AD
HsVcPPILacVa1	CCSBORF70357	1	CCSBORF0	LW	2	520G>T	0	NC_000012.12:57793021:G:T	CCSBVarC017037	ENSP00000499171.2:p.Ala174Ser	TSFM	ENSG00000123297	empty_AD
HsVcPPILacVa1	CCSBORF70357	1	CCSBORF0	LW	2	539G>C	542	NC_000012.12:57793040:G:C	CCSBVarC017041	ENSP00000499171.2:p.Gly180Ala	TSFM	ENSG00000123297	empty_AD
HsVcPPILacVa1	CCSBORF70357	1	CCSBORF0	LW	2	602G>A	11	NC_000012.12:57796206:G:A	CCSBVarC017056	ENSP00000499171.2:p.Arg201Gln	TSFM	ENSG00000123297	empty_AD
HsVcPPILacVa1	CCSBORF70357	1	CCSBORF0	LW	2	647A>T	618	NC_000012.12:57796251:A:T	CCSBVarC017058	ENSP00000499171.2:p.Tyr216Phe	TSFM	ENSG00000123297	empty_AD
HsVcPPILacVa1	CCSBORF70357	1	CCSBORF0	LW	2	718T>C	1197	NC_000012.12:57796322:T:C	CCSBVarC017061	ENSP00000499171.2:p.Cys240Arg	TSFM	ENSG00000123297	empty_AD
HsVcPPILacVa1	CCSBORF70357	1	CCSBORF0	LW	2	725C>T	4593	NC_000012.12:57796329:C:T	CCSBVarC017063	ENSP00000499171.2:p.Thr242Met	TSFM	ENSG00000123297	empty_AD
HsVcPPILacVa1	CCSBORF70357	1	CCSBORF0	LW	2	754G>A	1979	NC_000012.12:57796358:G:A	CCSBVarC017065	ENSP00000499171.2:p.Val252Ile	TSFM	ENSG00000123297	empty_AD
HsVcPPILacVa1	CCSBORF70357	1	CCSBORF0	LW	2	763C>T	2474	NC_000012.12:57796367:C:T	CCSBVarC017067	ENSP00000499171.2:p.Arg255Cys	TSFM	ENSG00000123297	empty_AD
HsVcPPILacVa1	CCSBORF70357	1	CCSBORF0	LW	2	775C>T	0	NC_000012.12:57796379:C:T	CCSBVarC017069	ENSP00000499171.2:p.His259Tyr	TSFM	ENSG00000123297	empty_AD
HsVcPPILacVa1	CCSBORF70357	1	CCSBORF0	LW	2	796C>G	1	NC_000012.12:57796400:C:G	CCSBVarC017074	ENSP00000499171.2:p.Leu266Val	TSFM	ENSG00000123297	empty_AD
HsVcPPILacVa1	CCSBORF70357	1	CCSBORF0	LW	2	814G>C	3984	NC_000012.12:57796418:G:C	CCSBVarC017078	ENSP00000499171.2:p.Asp272His	TSFM	ENSG00000123297	empty_AD
HsVcPPILacVa1	CCSBORF70357	1	CCSBORF0	LW	2	878C>T	3	NC_000012.12:57796482:C:T	CCSBVarC017084	ENSP00000499171.2:p.Ser293Phe	TSFM	ENSG00000123297	empty_AD
HsVcPPILacVa1	CCSBORF11374	3	CCSBORF0	LW	2	REF	918	NULL	NULL	NULL	RP2	ENSG00000102218	empty_AD
HsVcPPILacVa1	CCSBORF11374	3	CCSBORF0	LW	2	11T>G	76	NC_000023.11:46837110:T:G	CCSBVarC014903	ENSP00000218340.3:p.Phe4Cys	RP2	ENSG00000102218	empty_AD
HsVcPPILacVa1	CCSBORF11374	3	CCSBORF0	LW	2	123G>A	609	NC_000023.11:46853495:G:A	CCSBVarC011426	ENSP00000218340.3:p.Met41Ile	RP2	ENSG00000102218	empty_AD
HsVcPPILacVa1	CCSBORF11374	3	CCSBORF0	LW	2	161C>T	224	NC_000023.11:46853533:C:T	CCSBVarC014914	ENSP00000218340.3:p.Pro54Leu	RP2	ENSG00000102218	empty_AD
HsVcPPILacVa1	CCSBORF11374	3	CCSBORF0	LW	2	271A>C	2684	NC_000023.11:46853643:A:C	CCSBVarC014947	ENSP00000218340.3:p.Ile91Leu	RP2	ENSG00000102218	empty_AD
HsVcPPILacVa1	CCSBORF11374	3	CCSBORF0	LW	2	2T>C	4	NC_000023.11:46837101:T:C	CCSBVarC011465	ENSP00000218340.3:p.Met1Thr	RP2	ENSG00000102218	empty_AD
HsVcPPILacVa1	CCSBORF11374	3	CCSBORF0	LW	2	314G>A	942	NC_000023.11:46853686:G:A	CCSBVarC014958	ENSP00000218340.3:p.Cys105Tyr	RP2	ENSG00000102218	empty_AD
HsVcPPILacVa1	CCSBORF11374	3	CCSBORF0	LW	2	365G>A	193	NC_000023.11:46853737:G:A	CCSBVarC011444	ENSP00000218340.3:p.Cys122Tyr	RP2	ENSG00000102218	empty_AD
HsVcPPILacVa1	CCSBORF11374	3	CCSBORF0	LW	2	431A>G	416	NC_000023.11:46853803:A:G	CCSBVarC014972	ENSP00000218340.3:p.Lys144Arg	RP2	ENSG00000102218	empty_AD
HsVcPPILacVa1	CCSBORF11374	3	CCSBORF0	LW	2	434T>C	1671	NC_000023.11:46853806:T:C	CCSBVarC011472	ENSP00000218340.3:p.Phe145Ser	RP2	ENSG00000102218	empty_AD
HsVcPPILacVa1	CCSBORF11374	3	CCSBORF0	LW	2	535C>T	506	NC_000023.11:46853907:C:T	CCSBVarC014982	ENSP00000218340.3:p.Pro179Ser	RP2	ENSG00000102218	empty_AD
HsVcPPILacVa1	CCSBORF11374	3	CCSBORF0	LW	2	650A>G	1910	NC_000023.11:46854022:A:G	CCSBVarC014989	ENSP00000218340.3:p.Asn217Ser	RP2	ENSG00000102218	empty_AD
HsVcPPILacVa1	CCSBORF11374	3	CCSBORF0	LW	2	68G>A	171	NC_000023.11:46837167:G:A	CCSBVarC014999	ENSP00000218340.3:p.Arg23Gln	RP2	ENSG00000102218	empty_AD
HsVcPPILacVa1	CCSBORF11374	3	CCSBORF0	LW	2	758T>G	798	NC_000023.11:46854130:T:G	CCSBVarC001708	ENSP00000218340.3:p.Leu253Arg	RP2	ENSG00000102218	empty_AD
HsVcPPILacVa1	CCSBORF11374	3	CCSBORF0	LW	2	771G>T	639	NC_000023.11:46859989:G:T	CCSBVarC015008	ENSP00000218340.3:p.Met257Ile	RP2	ENSG00000102218	empty_AD
HsVcPPILacVa1	CCSBORF11374	3	CCSBORF0	LW	2	814A>G	144	NC_000023.11:46860032:A:G	CCSBVarC011438	ENSP00000218340.3:p.Met272Val	RP2	ENSG00000102218	empty_AD
HsVcPPILacVa1	CCSBORF11374	3	CCSBORF0	LW	2	829G>A	2860	NC_000023.11:46860047:G:A	CCSBVarC015017	ENSP00000218340.3:p.Ala277Thr	RP2	ENSG00000102218	empty_AD
HsVcPPILacVa1	CCSBORF11374	3	CCSBORF0	LW	2	895G>A	752	NC_000023.11:46877515:G:A	CCSBVarC011420	ENSP00000218340.3:p.Ala299Thr	RP2	ENSG00000102218	empty_AD
HsVcPPILacVa1	CCSBORF11374	3	CCSBORF0	LW	2	917G>A	212	NC_000023.11:46877537:G:A	CCSBVarC015026	ENSP00000218340.3:p.Gly306Asp	RP2	ENSG00000102218	empty_AD
HsVcPPILacVa1	CCSBORF11374	3	CCSBORF0	LW	2	949G>A	513	NC_000023.11:46877569:G:A	CCSBVarC011434	ENSP00000218340.3:p.Glu317Lys	RP2	ENSG00000102218	empty_AD
HsVcPPILacVa1	CCSBORF7637	2	CCSBORF13662	LW	2	REF	452	NULL	NULL	NULL	CFP	ENSG00000126759	CYSRT1
HsVcPPILacVa1	CCSBORF7637	2	CCSBORF13662	LW	2	1036C>T	2	NC_000023.11:47626423:G:A	CCSBVarC001213	ENSP00000380189.3:p.Arg346Cys	CFP	ENSG00000126759	CYSRT1
HsVcPPILacVa1	CCSBORF7637	2	CCSBORF13662	LW	2	104A>G	17	NC_000023.11:47629646:T:C	CCSBVarC017053	ENSP00000380189.3:p.Gln35Arg	CFP	ENSG00000126759	CYSRT1
HsVcPPILacVa1	CCSBORF7637	2	CCSBORF13662	LW	2	1174A>C	9	NC_000023.11:47626127:T:G	CCSBVarC017070	ENSP00000380189.3:p.Met392Leu	CFP	ENSG00000126759	CYSRT1
HsVcPPILacVa1	CCSBORF7637	2	CCSBORF13662	LW	2	1198A>G	804	NC_000023.11:47626103:T:C	CCSBVarC017073	ENSP00000380189.3:p.Thr400Ala	CFP	ENSG00000126759	CYSRT1
HsVcPPILacVa1	CCSBORF7637	2	CCSBORF13662	LW	2	1223C>T	0	NC_000023.11:47626078:G:A	CCSBVarC017077	ENSP00000380189.3:p.Thr408Ile	CFP	ENSG00000126759	CYSRT1
HsVcPPILacVa1	CCSBORF7637	2	CCSBORF13662	LW	2	1291T>G	31	NC_000023.11:47624393:A:C	CCSBVarC017081	ENSP00000380189.3:p.Phe431Val	CFP	ENSG00000126759	CYSRT1
HsVcPPILacVa1	CCSBORF7637	2	CCSBORF13662	LW	2	1309C>A	2021	NC_000023.11:47624375:G:T	CCSBVarC017085	ENSP00000380189.3:p.Pro437Thr	CFP	ENSG00000126759	CYSRT1
HsVcPPILacVa1	CCSBORF7637	2	CCSBORF13662	LW	2	157G>A	1913	NC_000023.11:47629593:C:T	CCSBVarC010166	ENSP00000380189.3:p.Val53Met	CFP	ENSG00000126759	CYSRT1
HsVcPPILacVa1	CCSBORF7637	2	CCSBORF13662	LW	2	209G>A	0	NC_000023.11:47629541:C:T	CCSBVarC017089	ENSP00000380189.3:p.Gly70Glu	CFP	ENSG00000126759	CYSRT1
HsVcPPILacVa1	CCSBORF7637	2	CCSBORF13662	LW	2	28C>G	13	NC_000023.11:47629816:G:C	CCSBVarC017093	ENSP00000380189.3:p.Arg10Gly	CFP	ENSG00000126759	CYSRT1
HsVcPPILacVa1	CCSBORF7637	2	CCSBORF13662	LW	2	298C>T	979	NC_000023.11:47628206:G:A	CCSBVarC001211	ENSP00000380189.3:p.Arg100Trp	CFP	ENSG00000126759	CYSRT1
HsVcPPILacVa1	CCSBORF7637	2	CCSBORF13662	LW	2	313G>A	1	NC_000023.11:47628191:C:T	CCSBVarC017097	ENSP00000380189.3:p.Val105Met	CFP	ENSG00000126759	CYSRT1
HsVcPPILacVa1	CCSBORF7637	2	CCSBORF13662	LW	2	391C>G	1	NC_000023.11:47628113:G:C	CCSBVarC017101	ENSP00000380189.3:p.Gln131Glu	CFP	ENSG00000126759	CYSRT1
HsVcPPILacVa1	CCSBORF7637	2	CCSBORF13662	LW	2	44C>T	109	NC_000023.11:47629800:G:A	CCSBVarC017105	ENSP00000380189.3:p.Pro15Leu	CFP	ENSG00000126759	CYSRT1
HsVcPPILacVa1	CCSBORF7637	2	CCSBORF13662	LW	2	470G>A	10	NC_000023.11:47627574:C:T	CCSBVarC017120	ENSP00000380189.3:p.Arg157Gln	CFP	ENSG00000126759	CYSRT1
HsVcPPILacVa1	CCSBORF7637	2	CCSBORF13662	LW	2	580G>A	5	NC_000023.11:47627326:C:T	CCSBVarC017124	ENSP00000380189.3:p.Gly194Arg	CFP	ENSG00000126759	CYSRT1
HsVcPPILacVa1	CCSBORF7637	2	CCSBORF13662	LW	2	611C>T	1560	NC_000023.11:47627295:G:A	CCSBVarC010163	ENSP00000380189.3:p.Pro204Leu	CFP	ENSG00000126759	CYSRT1
HsVcPPILacVa1	CCSBORF7637	2	CCSBORF13662	LW	2	665G>A	450	NC_000023.11:47627241:C:T	CCSBVarC017128	ENSP00000380189.3:p.Arg222His	CFP	ENSG00000126759	CYSRT1
HsVcPPILacVa1	CCSBORF7637	2	CCSBORF13662	LW	2	716C>T	115	NC_000023.11:47627190:G:A	CCSBVarC017132	ENSP00000380189.3:p.Pro239Leu	CFP	ENSG00000126759	CYSRT1
HsVcPPILacVa1	CCSBORF7637	2	CCSBORF13662	LW	2	748G>A	1568	NC_000023.11:47627158:C:T	CCSBVarC008473	ENSP00000380189.3:p.Gly250Ser	CFP	ENSG00000126759	CYSRT1
HsVcPPILacVa1	CCSBORF7637	2	CCSBORF13662	LW	2	769G>A	230	NC_000023.11:47626943:C:T	CCSBVarC017135	ENSP00000380189.3:p.Ala257Thr	CFP	ENSG00000126759	CYSRT1
HsVcPPILacVa1	CCSBORF7637	2	CCSBORF13662	LW	2	88G>A	928	NC_000023.11:47629662:C:T	CCSBVarC017139	ENSP00000380189.3:p.Val30Met	CFP	ENSG00000126759	CYSRT1
HsVcPPILacVa1	CCSBORF7637	2	CCSBORF13662	LW	2	893G>T	7	NC_000023.11:47626819:C:A	CCSBVarC010172	ENSP00000380189.3:p.Gly298Val	CFP	ENSG00000126759	CYSRT1
HsVcPPILacVa1	CCSBORF3697	1	CCSBORF0	LW	2	REF	317	NULL	NULL	NULL	NF2	ENSG00000186575	empty_AD
HsVcPPILacVa1	CCSBORF3697	1	CCSBORF0	LW	2	1003C>T	3219	NC_000022.11:29673397:C:T	CCSBVarC000526	ENSP00000340626.4:p.Arg335Cys	NF2	ENSG00000186575	empty_AD
HsVcPPILacVa1	CCSBORF3697	1	CCSBORF0	LW	2	1007C>G	8	NC_000022.11:29673401:C:G	CCSBVarC016525	ENSP00000340626.4:p.Thr336Arg	NF2	ENSG00000186575	empty_AD
HsVcPPILacVa1	CCSBORF3697	1	CCSBORF0	LW	2	107A>G	200	NC_000022.11:29604104:A:G	CCSBVarC004111	ENSP00000340626.4:p.Asn36Ser	NF2	ENSG00000186575	empty_AD
HsVcPPILacVa1	CCSBORF3697	1	CCSBORF0	LW	2	1124T>G	370	NC_000022.11:29674867:T:G	CCSBVarC016531	ENSP00000340626.4:p.Leu375Arg	NF2	ENSG00000186575	empty_AD
HsVcPPILacVa1	CCSBORF3697	1	CCSBORF0	LW	2	1202T>C	3	NC_000022.11:29678199:T:C	CCSBVarC016541	ENSP00000340626.4:p.Met401Thr	NF2	ENSG00000186575	empty_AD
HsVcPPILacVa1	CCSBORF3697	1	CCSBORF0	LW	2	1231G>C	576	NC_000022.11:29678228:G:C	CCSBVarC016545	ENSP00000340626.4:p.Asp411His	NF2	ENSG00000186575	empty_AD
HsVcPPILacVa1	CCSBORF3697	1	CCSBORF0	LW	2	1258G>A	1	NC_000022.11:29678255:G:A	CCSBVarC016549	ENSP00000340626.4:p.Asp420Asn	NF2	ENSG00000186575	empty_AD
HsVcPPILacVa1	CCSBORF3697	1	CCSBORF0	LW	2	1364A>C	1	NC_000022.11:29681476:A:C	CCSBVarC016557	ENSP00000340626.4:p.Gln455Pro	NF2	ENSG00000186575	empty_AD
HsVcPPILacVa1	CCSBORF3697	1	CCSBORF0	LW	2	1384G>A	292	NC_000022.11:29681496:G:A	CCSBVarC016578	ENSP00000340626.4:p.Glu462Lys	NF2	ENSG00000186575	empty_AD
HsVcPPILacVa1	CCSBORF3697	1	CCSBORF0	LW	2	1436A>G	281	NC_000022.11:29681548:A:G	CCSBVarC016584	ENSP00000340626.4:p.His479Arg	NF2	ENSG00000186575	empty_AD
HsVcPPILacVa1	CCSBORF3697	1	CCSBORF0	LW	2	173T>C	26	NC_000022.11:29642259:T:C	CCSBVarC016593	ENSP00000340626.4:p.Leu58Pro	NF2	ENSG00000186575	empty_AD
HsVcPPILacVa1	CCSBORF3697	1	CCSBORF0	LW	2	22C>A	914	NC_000022.11:29604019:C:A	CCSBVarC016616	ENSP00000340626.4:p.Arg8Ser	NF2	ENSG00000186575	empty_AD
HsVcPPILacVa1	CCSBORF3697	1	CCSBORF0	LW	2	298A>T	477	NC_000022.11:29655623:A:T	CCSBVarC016623	ENSP00000340626.4:p.Met100Leu	NF2	ENSG00000186575	empty_AD
HsVcPPILacVa1	CCSBORF3697	1	CCSBORF0	LW	2	340G>T	0	NC_000022.11:29655665:G:T	CCSBVarC000524	ENSP00000340626.4:p.Gly114Cys	NF2	ENSG00000186575	empty_AD
HsVcPPILacVa1	CCSBORF3697	1	CCSBORF0	LW	2	392T>C	759	NC_000022.11:29658229:T:C	CCSBVarC016632	ENSP00000340626.4:p.Leu131Pro	NF2	ENSG00000186575	empty_AD
HsVcPPILacVa1	CCSBORF3697	1	CCSBORF0	LW	2	470G>A	1389	NC_000022.11:29661247:G:A	CCSBVarC016636	ENSP00000340626.4:p.Gly157Glu	NF2	ENSG00000186575	empty_AD
HsVcPPILacVa1	CCSBORF3697	1	CCSBORF0	LW	2	56C>G	960	NC_000022.11:29604053:C:G	CCSBVarC016641	ENSP00000340626.4:p.Pro19Arg	NF2	ENSG00000186575	empty_AD
HsVcPPILacVa1	CCSBORF3697	1	CCSBORF0	LW	2	616A>G	1387	NC_000022.11:29665043:A:G	CCSBVarC016645	ENSP00000340626.4:p.Lys206Glu	NF2	ENSG00000186575	empty_AD
HsVcPPILacVa1	CCSBORF3697	1	CCSBORF0	LW	2	87G>A	0	NC_000022.11:29604084:G:A	CCSBVarC015530	ENSP00000340626.4:p.Met29Ile	NF2	ENSG00000186575	empty_AD
HsVcPPILacVa1	CCSBORF4870	2	CCSBORF100014440	LW	2	REF	252	NULL	NULL	NULL	KRT6A	ENSG00000205420	KRT25
HsVcPPILacVa1	CCSBORF4870	2	CCSBORF100014440	LW	2	1198A>C	641	NC_000012.12:52489947:T:G	CCSBVarC015603	ENSP00000369317.3:p.Lys400Gln	KRT6A	ENSG00000205420	KRT25
HsVcPPILacVa1	CCSBORF4870	2	CCSBORF100014440	LW	2	1282G>A	178	NC_000012.12:52488469:C:T	CCSBVarC015611	ENSP00000369317.3:p.Glu428Lys	KRT6A	ENSG00000205420	KRT25
HsVcPPILacVa1	CCSBORF4870	2	CCSBORF100014440	LW	2	1378G>A	751	NC_000012.12:52488373:C:T	CCSBVarC015615	ENSP00000369317.3:p.Val460Met	KRT6A	ENSG00000205420	KRT25
HsVcPPILacVa1	CCSBORF4870	2	CCSBORF100014440	LW	2	1381G>A	1490	NC_000012.12:52488370:C:T	CCSBVarC003673	ENSP00000369317.3:p.Glu461Lys	KRT6A	ENSG00000205420	KRT25
HsVcPPILacVa1	CCSBORF4870	2	CCSBORF100014440	LW	2	1387G>C	494	NC_000012.12:52488364:C:G	CCSBVarC000721	ENSP00000369317.3:p.Ala463Pro	KRT6A	ENSG00000205420	KRT25
HsVcPPILacVa1	CCSBORF4870	2	CCSBORF100014440	LW	2	1393T>C	5	NC_000012.12:52488358:A:G	CCSBVarC003675	ENSP00000369317.3:p.Tyr465His	KRT6A	ENSG00000205420	KRT25
HsVcPPILacVa1	CCSBORF4870	2	CCSBORF100014440	LW	2	1403T>A	158	NC_000012.12:52488348:A:T	CCSBVarC003677	ENSP00000369317.3:p.Leu468Gln	KRT6A	ENSG00000205420	KRT25
HsVcPPILacVa1	CCSBORF4870	2	CCSBORF100014440	LW	2	1416G>C	1040	NC_000012.12:52488335:C:G	CCSBVarC003679	ENSP00000369317.3:p.Glu472Asp	KRT6A	ENSG00000205420	KRT25
HsVcPPILacVa1	CCSBORF4870	2	CCSBORF100014440	LW	2	1456A>G	2	NC_000012.12:52488071:T:C	CCSBVarC015620	ENSP00000369317.3:p.Ile486Val	KRT6A	ENSG00000205420	KRT25
HsVcPPILacVa1	CCSBORF4870	2	CCSBORF100014440	LW	2	1567G>A	125	NC_000012.12:52487847:C:T	CCSBVarC009576	ENSP00000369317.3:p.Val523Ile	KRT6A	ENSG00000205420	KRT25
HsVcPPILacVa1	CCSBORF4870	2	CCSBORF100014440	LW	2	1567G>T	67	NC_000012.12:52487847:C:A	CCSBVarC002920	ENSP00000369317.3:p.Val523Phe	KRT6A	ENSG00000205420	KRT25
HsVcPPILacVa1	CCSBORF4870	2	CCSBORF100014440	LW	2	1604T>C	253	NC_000012.12:52487810:A:G	CCSBVarC015632	ENSP00000369317.3:p.Ile535Thr	KRT6A	ENSG00000205420	KRT25
HsVcPPILacVa1	CCSBORF4870	2	CCSBORF100014440	LW	2	1650G>T	602	NC_000012.12:52487764:C:A	CCSBVarC015638	ENSP00000369317.3:p.Lys550Asn	KRT6A	ENSG00000205420	KRT25
HsVcPPILacVa1	CCSBORF4870	2	CCSBORF100014440	LW	2	332G>A	1	NC_000012.12:52492856:C:T	CCSBVarC015647	ENSP00000369317.3:p.Gly111Asp	KRT6A	ENSG00000205420	KRT25
HsVcPPILacVa1	CCSBORF4870	2	CCSBORF100014440	LW	2	361G>A	256	NC_000012.12:52492827:C:T	CCSBVarC015651	ENSP00000369317.3:p.Gly121Ser	KRT6A	ENSG00000205420	KRT25
HsVcPPILacVa1	CCSBORF4870	2	CCSBORF100014440	LW	2	46C>T	12	NC_000012.12:52493142:G:A	CCSBVarC015667	ENSP00000369317.3:p.Arg16Trp	KRT6A	ENSG00000205420	KRT25
HsVcPPILacVa1	CCSBORF4870	2	CCSBORF100014440	LW	2	491G>C	465	NC_000012.12:52492697:C:G	CCSBVarC003663	ENSP00000369317.3:p.Arg164Pro	KRT6A	ENSG00000205420	KRT25
HsVcPPILacVa1	CCSBORF4870	2	CCSBORF100014440	LW	2	500T>G	2	NC_000012.12:52492688:A:C	CCSBVarC003665	ENSP00000369317.3:p.Ile167Ser	KRT6A	ENSG00000205420	KRT25
HsVcPPILacVa1	CCSBORF4870	2	CCSBORF100014440	LW	2	511A>T	316	NC_000012.12:52492677:T:A	CCSBVarC003667	ENSP00000369317.3:p.Asn171Tyr	KRT6A	ENSG00000205420	KRT25
HsVcPPILacVa1	CCSBORF4870	2	CCSBORF100014440	LW	2	512A>G	319	NC_000012.12:52492676:T:C	CCSBVarC003669	ENSP00000369317.3:p.Asn171Ser	KRT6A	ENSG00000205420	KRT25
HsVcPPILacVa1	CCSBORF4870	2	CCSBORF100014440	LW	2	520T>G	1	NC_000012.12:52492668:A:C	CCSBVarC000719	ENSP00000369317.3:p.Phe174Val	KRT6A	ENSG00000205420	KRT25
HsVcPPILacVa1	CCSBORF4870	2	CCSBORF100014440	LW	2	526T>C	145	NC_000012.12:52492662:A:G	CCSBVarC003671	ENSP00000369317.3:p.Ser176Pro	KRT6A	ENSG00000205420	KRT25
HsVcPPILacVa1	CCSBORF4870	2	CCSBORF100014440	LW	2	628C>A	1072	NC_000012.12:52491648:G:T	CCSBVarC009567	ENSP00000369317.3:p.Leu210Met	KRT6A	ENSG00000205420	KRT25
HsVcPPILacVa1	CCSBORF4870	2	CCSBORF100014440	LW	2	632A>G	2	NC_000012.12:52491644:T:C	CCSBVarC015673	ENSP00000369317.3:p.Glu211Gly	KRT6A	ENSG00000205420	KRT25
HsVcPPILacVa1	CCSBORF4870	2	CCSBORF100014440	LW	2	680G>A	1	NC_000012.12:52491596:C:T	CCSBVarC015679	ENSP00000369317.3:p.Ser227Asn	KRT6A	ENSG00000205420	KRT25
HsVcPPILacVa1	CCSBORF4870	2	CCSBORF100014440	LW	2	745T>C	1010	NC_000012.12:52491531:A:G	CCSBVarC002915	ENSP00000369317.3:p.Phe249Leu	KRT6A	ENSG00000205420	KRT25
HsVcPPILacVa1	CCSBORF4870	2	CCSBORF100014440	LW	2	806C>T	1	NC_000012.12:52491121:G:A	CCSBVarC015685	ENSP00000369317.3:p.Thr269Ile	KRT6A	ENSG00000205420	KRT25
HsVcPPILacVa1	CCSBORF4870	2	CCSBORF100014440	LW	2	968A>T	1	NC_000012.12:52490677:T:A	CCSBVarC015689	ENSP00000369317.3:p.Asp323Val	KRT6A	ENSG00000205420	KRT25
HsVcPPILacVa1	CCSBORF4870	2	CCSBORF100014440	LW	2	981C>G	2	NC_000012.12:52490664:G:C	CCSBVarC015694	ENSP00000369317.3:p.Asn327Lys	KRT6A	ENSG00000205420	KRT25
HsVcPPILacVa1	CCSBORF4870	1	CCSBORF100011278	LW	2	REF	122	NULL	NULL	NULL	KRT6A	ENSG00000205420	KRT16
HsVcPPILacVa1	CCSBORF4870	1	CCSBORF100011278	LW	2	1003G>A	0	NC_000012.12:52490642:C:T	CCSBVarC009565	ENSP00000369317.3:p.Ala335Thr	KRT6A	ENSG00000205420	KRT16
HsVcPPILacVa1	CCSBORF4870	1	CCSBORF100011278	LW	2	1157G>T	0	NC_000012.12:52489988:C:A	CCSBVarC015599	ENSP00000369317.3:p.Arg386Leu	KRT6A	ENSG00000205420	KRT16
HsVcPPILacVa1	CCSBORF4870	1	CCSBORF100011278	LW	2	1211A>G	0	NC_000012.12:52488540:T:C	CCSBVarC015607	ENSP00000369317.3:p.Asn404Ser	KRT6A	ENSG00000205420	KRT16
HsVcPPILacVa1	CCSBORF4870	1	CCSBORF100011278	LW	2	1327C>T	1	NC_000012.12:52488424:G:A	CCSBVarC009573	ENSP00000369317.3:p.Arg443Trp	KRT6A	ENSG00000205420	KRT16
HsVcPPILacVa1	CCSBORF4870	1	CCSBORF100011278	LW	2	1340A>G	0	NC_000012.12:52488411:T:C	CCSBVarC015613	ENSP00000369317.3:p.Glu447Gly	KRT6A	ENSG00000205420	KRT16
HsVcPPILacVa1	CCSBORF4870	1	CCSBORF100011278	LW	2	1385T>A	1	NC_000012.12:52488366:A:T	CCSBVarC003674	ENSP00000369317.3:p.Ile462Asn	KRT6A	ENSG00000205420	KRT16
HsVcPPILacVa1	CCSBORF4870	1	CCSBORF100011278	LW	2	1385T>G	0	NC_000012.12:52488366:A:C	CCSBVarC000720	ENSP00000369317.3:p.Ile462Ser	KRT6A	ENSG00000205420	KRT16
HsVcPPILacVa1	CCSBORF4870	1	CCSBORF100011278	LW	2	1403T>C	1353	NC_000012.12:52488348:A:G	CCSBVarC003676	ENSP00000369317.3:p.Leu468Pro	KRT6A	ENSG00000205420	KRT16
HsVcPPILacVa1	CCSBORF4870	1	CCSBORF100011278	LW	2	1414G>A	377	NC_000012.12:52488337:C:T	CCSBVarC003678	ENSP00000369317.3:p.Glu472Lys	KRT6A	ENSG00000205420	KRT16
HsVcPPILacVa1	CCSBORF4870	1	CCSBORF100011278	LW	2	1441G>A	1	NC_000012.12:52488086:C:T	CCSBVarC015618	ENSP00000369317.3:p.Val481Ile	KRT6A	ENSG00000205420	KRT16
HsVcPPILacVa1	CCSBORF4870	1	CCSBORF100011278	LW	2	1534G>A	1	NC_000012.12:52487880:C:T	CCSBVarC015629	ENSP00000369317.3:p.Gly512Arg	KRT6A	ENSG00000205420	KRT16
HsVcPPILacVa1	CCSBORF4870	1	CCSBORF100011278	LW	2	1606G>A	0	NC_000012.12:52487808:C:T	CCSBVarC015635	ENSP00000369317.3:p.Gly536Arg	KRT6A	ENSG00000205420	KRT16
HsVcPPILacVa1	CCSBORF4870	1	CCSBORF100011278	LW	2	1655C>G	3	NC_000012.12:52487759:G:C	CCSBVarC002916	ENSP00000369317.3:p.Thr552Ser	KRT6A	ENSG00000205420	KRT16
HsVcPPILacVa1	CCSBORF4870	1	CCSBORF100011278	LW	2	215T>C	0	NC_000012.12:52492973:A:G	CCSBVarC015643	ENSP00000369317.3:p.Ile72Thr	KRT6A	ENSG00000205420	KRT16
HsVcPPILacVa1	CCSBORF4870	1	CCSBORF100011278	LW	2	359G>T	1	NC_000012.12:52492829:C:A	CCSBVarC015649	ENSP00000369317.3:p.Gly120Val	KRT6A	ENSG00000205420	KRT16
HsVcPPILacVa1	CCSBORF4870	1	CCSBORF100011278	LW	2	365T>C	2	NC_000012.12:52492823:A:G	CCSBVarC015653	ENSP00000369317.3:p.Phe122Ser	KRT6A	ENSG00000205420	KRT16
HsVcPPILacVa1	CCSBORF4870	1	CCSBORF100011278	LW	2	460C>G	1	NC_000012.12:52492728:G:C	CCSBVarC015670	ENSP00000369317.3:p.Pro154Ala	KRT6A	ENSG00000205420	KRT16
HsVcPPILacVa1	CCSBORF4870	1	CCSBORF100011278	LW	2	487G>A	52	NC_000012.12:52492701:C:T	CCSBVarC003662	ENSP00000369317.3:p.Glu163Lys	KRT6A	ENSG00000205420	KRT16
HsVcPPILacVa1	CCSBORF4870	1	CCSBORF100011278	LW	2	497A>C	353	NC_000012.12:52492691:T:G	CCSBVarC003664	ENSP00000369317.3:p.Gln166Pro	KRT6A	ENSG00000205420	KRT16
HsVcPPILacVa1	CCSBORF4870	1	CCSBORF100011278	LW	2	508C>T	890	NC_000012.12:52492680:G:A	CCSBVarC003666	ENSP00000369317.3:p.Leu170Phe	KRT6A	ENSG00000205420	KRT16
HsVcPPILacVa1	CCSBORF4870	1	CCSBORF100011278	LW	2	511A>G	396	NC_000012.12:52492677:T:C	CCSBVarC003668	ENSP00000369317.3:p.Asn171Asp	KRT6A	ENSG00000205420	KRT16
HsVcPPILacVa1	CCSBORF4870	1	CCSBORF100011278	LW	2	512A>C	2	NC_000012.12:52492676:T:G	CCSBVarC003670	ENSP00000369317.3:p.Asn171Thr	KRT6A	ENSG00000205420	KRT16
HsVcPPILacVa1	CCSBORF4870	1	CCSBORF100011278	LW	2	513C>A	188	NC_000012.12:52492675:G:T	CCSBVarC000718	ENSP00000369317.3:p.Asn171Lys	KRT6A	ENSG00000205420	KRT16
HsVcPPILacVa1	CCSBORF4870	1	CCSBORF100011278	LW	2	533T>A	2108	NC_000012.12:52492655:A:T	CCSBVarC003672	ENSP00000369317.3:p.Ile178Asn	KRT6A	ENSG00000205420	KRT16
HsVcPPILacVa1	CCSBORF4870	1	CCSBORF100011278	LW	2	62A>G	8	NC_000012.12:52493126:T:C	CCSBVarC002913	ENSP00000369317.3:p.Asn21Ser	KRT6A	ENSG00000205420	KRT16
HsVcPPILacVa1	CCSBORF4870	1	CCSBORF100011278	LW	2	661C>A	0	NC_000012.12:52491615:G:T	CCSBVarC015676	ENSP00000369317.3:p.Leu221Ile	KRT6A	ENSG00000205420	KRT16
HsVcPPILacVa1	CCSBORF4870	1	CCSBORF100011278	LW	2	718A>G	0	NC_000012.12:52491558:T:C	CCSBVarC015683	ENSP00000369317.3:p.Arg240Gly	KRT6A	ENSG00000205420	KRT16
HsVcPPILacVa1	CCSBORF4870	1	CCSBORF100011278	LW	2	827C>T	1	NC_000012.12:52490942:G:A	CCSBVarC015687	ENSP00000369317.3:p.Ala276Val	KRT6A	ENSG00000205420	KRT16
HsVcPPILacVa1	CCSBORF4870	1	CCSBORF100011278	LW	2	98T>C	4	NC_000012.12:52493090:A:G	CCSBVarC015691	ENSP00000369317.3:p.Phe33Ser	KRT6A	ENSG00000205420	KRT16
HsVcPPILacVa1	CCSBORF4870	1	CCSBORF0	LW	2	REF	113	NULL	NULL	NULL	KRT6A	ENSG00000205420	empty_AD
HsVcPPILacVa1	CCSBORF4870	1	CCSBORF0	LW	2	1003G>A	0	NC_000012.12:52490642:C:T	CCSBVarC009565	ENSP00000369317.3:p.Ala335Thr	KRT6A	ENSG00000205420	empty_AD
HsVcPPILacVa1	CCSBORF4870	1	CCSBORF0	LW	2	1157G>T	0	NC_000012.12:52489988:C:A	CCSBVarC015599	ENSP00000369317.3:p.Arg386Leu	KRT6A	ENSG00000205420	empty_AD
HsVcPPILacVa1	CCSBORF4870	1	CCSBORF0	LW	2	1211A>G	0	NC_000012.12:52488540:T:C	CCSBVarC015607	ENSP00000369317.3:p.Asn404Ser	KRT6A	ENSG00000205420	empty_AD
HsVcPPILacVa1	CCSBORF4870	1	CCSBORF0	LW	2	1327C>T	0	NC_000012.12:52488424:G:A	CCSBVarC009573	ENSP00000369317.3:p.Arg443Trp	KRT6A	ENSG00000205420	empty_AD
HsVcPPILacVa1	CCSBORF4870	1	CCSBORF0	LW	2	1340A>G	4	NC_000012.12:52488411:T:C	CCSBVarC015613	ENSP00000369317.3:p.Glu447Gly	KRT6A	ENSG00000205420	empty_AD
HsVcPPILacVa1	CCSBORF4870	1	CCSBORF0	LW	2	1385T>A	0	NC_000012.12:52488366:A:T	CCSBVarC003674	ENSP00000369317.3:p.Ile462Asn	KRT6A	ENSG00000205420	empty_AD
HsVcPPILacVa1	CCSBORF4870	1	CCSBORF0	LW	2	1385T>G	2	NC_000012.12:52488366:A:C	CCSBVarC000720	ENSP00000369317.3:p.Ile462Ser	KRT6A	ENSG00000205420	empty_AD
HsVcPPILacVa1	CCSBORF4870	1	CCSBORF0	LW	2	1403T>C	1072	NC_000012.12:52488348:A:G	CCSBVarC003676	ENSP00000369317.3:p.Leu468Pro	KRT6A	ENSG00000205420	empty_AD
HsVcPPILacVa1	CCSBORF4870	1	CCSBORF0	LW	2	1414G>A	671	NC_000012.12:52488337:C:T	CCSBVarC003678	ENSP00000369317.3:p.Glu472Lys	KRT6A	ENSG00000205420	empty_AD
HsVcPPILacVa1	CCSBORF4870	1	CCSBORF0	LW	2	1441G>A	2	NC_000012.12:52488086:C:T	CCSBVarC015618	ENSP00000369317.3:p.Val481Ile	KRT6A	ENSG00000205420	empty_AD
HsVcPPILacVa1	CCSBORF4870	1	CCSBORF0	LW	2	1534G>A	0	NC_000012.12:52487880:C:T	CCSBVarC015629	ENSP00000369317.3:p.Gly512Arg	KRT6A	ENSG00000205420	empty_AD
HsVcPPILacVa1	CCSBORF4870	1	CCSBORF0	LW	2	1606G>A	0	NC_000012.12:52487808:C:T	CCSBVarC015635	ENSP00000369317.3:p.Gly536Arg	KRT6A	ENSG00000205420	empty_AD
HsVcPPILacVa1	CCSBORF4870	1	CCSBORF0	LW	2	1655C>G	2	NC_000012.12:52487759:G:C	CCSBVarC002916	ENSP00000369317.3:p.Thr552Ser	KRT6A	ENSG00000205420	empty_AD
HsVcPPILacVa1	CCSBORF4870	1	CCSBORF0	LW	2	215T>C	1	NC_000012.12:52492973:A:G	CCSBVarC015643	ENSP00000369317.3:p.Ile72Thr	KRT6A	ENSG00000205420	empty_AD
HsVcPPILacVa1	CCSBORF4870	1	CCSBORF0	LW	2	359G>T	0	NC_000012.12:52492829:C:A	CCSBVarC015649	ENSP00000369317.3:p.Gly120Val	KRT6A	ENSG00000205420	empty_AD
HsVcPPILacVa1	CCSBORF4870	1	CCSBORF0	LW	2	365T>C	0	NC_000012.12:52492823:A:G	CCSBVarC015653	ENSP00000369317.3:p.Phe122Ser	KRT6A	ENSG00000205420	empty_AD
HsVcPPILacVa1	CCSBORF4870	1	CCSBORF0	LW	2	460C>G	0	NC_000012.12:52492728:G:C	CCSBVarC015670	ENSP00000369317.3:p.Pro154Ala	KRT6A	ENSG00000205420	empty_AD
HsVcPPILacVa1	CCSBORF4870	1	CCSBORF0	LW	2	487G>A	86	NC_000012.12:52492701:C:T	CCSBVarC003662	ENSP00000369317.3:p.Glu163Lys	KRT6A	ENSG00000205420	empty_AD
HsVcPPILacVa1	CCSBORF4870	1	CCSBORF0	LW	2	497A>C	153	NC_000012.12:52492691:T:G	CCSBVarC003664	ENSP00000369317.3:p.Gln166Pro	KRT6A	ENSG00000205420	empty_AD
HsVcPPILacVa1	CCSBORF4870	1	CCSBORF0	LW	2	508C>T	828	NC_000012.12:52492680:G:A	CCSBVarC003666	ENSP00000369317.3:p.Leu170Phe	KRT6A	ENSG00000205420	empty_AD
HsVcPPILacVa1	CCSBORF4870	1	CCSBORF0	LW	2	511A>G	235	NC_000012.12:52492677:T:C	CCSBVarC003668	ENSP00000369317.3:p.Asn171Asp	KRT6A	ENSG00000205420	empty_AD
HsVcPPILacVa1	CCSBORF4870	1	CCSBORF0	LW	2	512A>C	0	NC_000012.12:52492676:T:G	CCSBVarC003670	ENSP00000369317.3:p.Asn171Thr	KRT6A	ENSG00000205420	empty_AD
HsVcPPILacVa1	CCSBORF4870	1	CCSBORF0	LW	2	513C>A	237	NC_000012.12:52492675:G:T	CCSBVarC000718	ENSP00000369317.3:p.Asn171Lys	KRT6A	ENSG00000205420	empty_AD
HsVcPPILacVa1	CCSBORF4870	1	CCSBORF0	LW	2	533T>A	1674	NC_000012.12:52492655:A:T	CCSBVarC003672	ENSP00000369317.3:p.Ile178Asn	KRT6A	ENSG00000205420	empty_AD
HsVcPPILacVa1	CCSBORF4870	1	CCSBORF0	LW	2	62A>G	7	NC_000012.12:52493126:T:C	CCSBVarC002913	ENSP00000369317.3:p.Asn21Ser	KRT6A	ENSG00000205420	empty_AD
HsVcPPILacVa1	CCSBORF4870	1	CCSBORF0	LW	2	661C>A	0	NC_000012.12:52491615:G:T	CCSBVarC015676	ENSP00000369317.3:p.Leu221Ile	KRT6A	ENSG00000205420	empty_AD
HsVcPPILacVa1	CCSBORF4870	1	CCSBORF0	LW	2	718A>G	1	NC_000012.12:52491558:T:C	CCSBVarC015683	ENSP00000369317.3:p.Arg240Gly	KRT6A	ENSG00000205420	empty_AD
HsVcPPILacVa1	CCSBORF4870	1	CCSBORF0	LW	2	827C>T	1	NC_000012.12:52490942:G:A	CCSBVarC015687	ENSP00000369317.3:p.Ala276Val	KRT6A	ENSG00000205420	empty_AD
HsVcPPILacVa1	CCSBORF4870	1	CCSBORF0	LW	2	98T>C	3	NC_000012.12:52493090:A:G	CCSBVarC015691	ENSP00000369317.3:p.Phe33Ser	KRT6A	ENSG00000205420	empty_AD
HsVcPPILacVa1	CCSBORF1231	1	CCSBORF54642	LW	2	REF	1983	NULL	NULL	NULL	AQP1	ENSG00000240583	AMOT
HsVcPPILacVa1	CCSBORF1231	1	CCSBORF54642	LW	2	113C>T	1280	NC_000007.14:30912021:C:T	CCSBVarC000137	ENSP00000311165.4:p.Pro38Leu	AQP1	ENSG00000240583	AMOT
HsVcPPILacVa1	CCSBORF1231	1	CCSBORF54642	LW	2	140A>G	9890	NC_000007.14:30912048:A:G	CCSBVarC000138	ENSP00000311165.4:p.Gln47Arg	AQP1	ENSG00000240583	AMOT
HsVcPPILacVa1	CCSBORF1231	1	CCSBORF54642	LW	2	319G>A	35	NC_000007.14:30912227:G:A	CCSBVarC015066	ENSP00000311165.4:p.Val107Ile	AQP1	ENSG00000240583	AMOT
HsVcPPILacVa1	CCSBORF1231	1	CCSBORF54642	LW	2	320T>G	2659	NC_000007.14:30912228:T:G	CCSBVarC015069	ENSP00000311165.4:p.Val107Gly	AQP1	ENSG00000240583	AMOT
HsVcPPILacVa1	CCSBORF1231	1	CCSBORF54642	LW	2	494G>A	836	NC_000007.14:30922174:G:A	CCSBVarC015072	ENSP00000311165.4:p.Gly165Asp	AQP1	ENSG00000240583	AMOT
HsVcPPILacVa1	CCSBORF1231	1	CCSBORF54642	LW	2	576C>A	2553	NC_000007.14:30922589:C:A	CCSBVarC000139	ENSP00000311165.4:p.Asn192Lys	AQP1	ENSG00000240583	AMOT
HsVcPPILacVa1	CCSBORF1231	1	CCSBORF13662	LW	2	REF	1515	NULL	NULL	NULL	AQP1	ENSG00000240583	CYSRT1
HsVcPPILacVa1	CCSBORF1231	1	CCSBORF13662	LW	2	113C>T	1122	NC_000007.14:30912021:C:T	CCSBVarC000137	ENSP00000311165.4:p.Pro38Leu	AQP1	ENSG00000240583	CYSRT1
HsVcPPILacVa1	CCSBORF1231	1	CCSBORF13662	LW	2	140A>G	7502	NC_000007.14:30912048:A:G	CCSBVarC000138	ENSP00000311165.4:p.Gln47Arg	AQP1	ENSG00000240583	CYSRT1
HsVcPPILacVa1	CCSBORF1231	1	CCSBORF13662	LW	2	319G>A	86	NC_000007.14:30912227:G:A	CCSBVarC015066	ENSP00000311165.4:p.Val107Ile	AQP1	ENSG00000240583	CYSRT1
HsVcPPILacVa1	CCSBORF1231	1	CCSBORF13662	LW	2	320T>G	2463	NC_000007.14:30912228:T:G	CCSBVarC015069	ENSP00000311165.4:p.Val107Gly	AQP1	ENSG00000240583	CYSRT1
HsVcPPILacVa1	CCSBORF1231	1	CCSBORF13662	LW	2	494G>A	788	NC_000007.14:30922174:G:A	CCSBVarC015072	ENSP00000311165.4:p.Gly165Asp	AQP1	ENSG00000240583	CYSRT1
HsVcPPILacVa1	CCSBORF1231	1	CCSBORF13662	LW	2	576C>A	1986	NC_000007.14:30922589:C:A	CCSBVarC000139	ENSP00000311165.4:p.Asn192Lys	AQP1	ENSG00000240583	CYSRT1
HsVcPPILacVa1	CCSBORF1231	1	CCSBORF7881	LW	2	REF	790	NULL	NULL	NULL	AQP1	ENSG00000240583	TRIM41
HsVcPPILacVa1	CCSBORF1231	1	CCSBORF7881	LW	2	113C>T	529	NC_000007.14:30912021:C:T	CCSBVarC000137	ENSP00000311165.4:p.Pro38Leu	AQP1	ENSG00000240583	TRIM41
HsVcPPILacVa1	CCSBORF1231	1	CCSBORF7881	LW	2	140A>G	3630	NC_000007.14:30912048:A:G	CCSBVarC000138	ENSP00000311165.4:p.Gln47Arg	AQP1	ENSG00000240583	TRIM41
HsVcPPILacVa1	CCSBORF1231	1	CCSBORF7881	LW	2	319G>A	6	NC_000007.14:30912227:G:A	CCSBVarC015066	ENSP00000311165.4:p.Val107Ile	AQP1	ENSG00000240583	TRIM41
HsVcPPILacVa1	CCSBORF1231	1	CCSBORF7881	LW	2	320T>G	1311	NC_000007.14:30912228:T:G	CCSBVarC015069	ENSP00000311165.4:p.Val107Gly	AQP1	ENSG00000240583	TRIM41
HsVcPPILacVa1	CCSBORF1231	1	CCSBORF7881	LW	2	494G>A	224	NC_000007.14:30922174:G:A	CCSBVarC015072	ENSP00000311165.4:p.Gly165Asp	AQP1	ENSG00000240583	TRIM41
HsVcPPILacVa1	CCSBORF1231	1	CCSBORF7881	LW	2	576C>A	1388	NC_000007.14:30922589:C:A	CCSBVarC000139	ENSP00000311165.4:p.Asn192Lys	AQP1	ENSG00000240583	TRIM41
HsVcPPILacVa1	CCSBORF1231	1	CCSBORF10016	LW	2	REF	1966	NULL	NULL	NULL	AQP1	ENSG00000240583	IKZF3
HsVcPPILacVa1	CCSBORF1231	1	CCSBORF10016	LW	2	113C>T	1671	NC_000007.14:30912021:C:T	CCSBVarC000137	ENSP00000311165.4:p.Pro38Leu	AQP1	ENSG00000240583	IKZF3
HsVcPPILacVa1	CCSBORF1231	1	CCSBORF10016	LW	2	140A>G	8370	NC_000007.14:30912048:A:G	CCSBVarC000138	ENSP00000311165.4:p.Gln47Arg	AQP1	ENSG00000240583	IKZF3
HsVcPPILacVa1	CCSBORF1231	1	CCSBORF10016	LW	2	319G>A	46	NC_000007.14:30912227:G:A	CCSBVarC015066	ENSP00000311165.4:p.Val107Ile	AQP1	ENSG00000240583	IKZF3
HsVcPPILacVa1	CCSBORF1231	1	CCSBORF10016	LW	2	320T>G	2249	NC_000007.14:30912228:T:G	CCSBVarC015069	ENSP00000311165.4:p.Val107Gly	AQP1	ENSG00000240583	IKZF3
HsVcPPILacVa1	CCSBORF1231	1	CCSBORF10016	LW	2	494G>A	724	NC_000007.14:30922174:G:A	CCSBVarC015072	ENSP00000311165.4:p.Gly165Asp	AQP1	ENSG00000240583	IKZF3
HsVcPPILacVa1	CCSBORF1231	1	CCSBORF10016	LW	2	576C>A	2496	NC_000007.14:30922589:C:A	CCSBVarC000139	ENSP00000311165.4:p.Asn192Lys	AQP1	ENSG00000240583	IKZF3
HsVcPPILacVa1	CCSBORF70357	2	CCSBORF10460	LW	2	REF	396	NULL	NULL	NULL	TSFM	ENSG00000123297	GOLGA6L9
HsVcPPILacVa1	CCSBORF70357	2	CCSBORF10460	LW	2	116G>T	2465	NC_000012.12:57783167:G:T	CCSBVarC017014	ENSP00000499171.2:p.Arg39Leu	TSFM	ENSG00000123297	GOLGA6L9
HsVcPPILacVa1	CCSBORF70357	2	CCSBORF10460	LW	2	218G>C	2	NC_000012.12:57783269:G:C	CCSBVarC017018	ENSP00000499171.2:p.Gly73Ala	TSFM	ENSG00000123297	GOLGA6L9
HsVcPPILacVa1	CCSBORF70357	2	CCSBORF10460	LW	2	233C>T	1	NC_000012.12:57786163:C:T	CCSBVarC017023	ENSP00000499171.2:p.Ala78Val	TSFM	ENSG00000123297	GOLGA6L9
HsVcPPILacVa1	CCSBORF70357	2	CCSBORF10460	LW	2	271T>G	864	NC_000012.12:57786201:T:G	CCSBVarC017027	ENSP00000499171.2:p.Trp91Gly	TSFM	ENSG00000123297	GOLGA6L9
HsVcPPILacVa1	CCSBORF70357	2	CCSBORF10460	LW	2	388A>G	1653	NC_000012.12:57787066:A:G	CCSBVarC017031	ENSP00000499171.2:p.Arg130Gly	TSFM	ENSG00000123297	GOLGA6L9
HsVcPPILacVa1	CCSBORF70357	2	CCSBORF10460	LW	2	521C>T	1	NC_000012.12:57793022:C:T	CCSBVarC017039	ENSP00000499171.2:p.Ala174Val	TSFM	ENSG00000123297	GOLGA6L9
HsVcPPILacVa1	CCSBORF70357	2	CCSBORF10460	LW	2	59C>T	556	NC_000012.12:57783110:C:T	CCSBVarC017054	ENSP00000499171.2:p.Ala20Val	TSFM	ENSG00000123297	GOLGA6L9
HsVcPPILacVa1	CCSBORF70357	2	CCSBORF10460	LW	2	5C>T	2468	NC_000012.12:57782805:C:T	CCSBVarC017035	ENSP00000499171.2:p.Ser2Leu	TSFM	ENSG00000123297	GOLGA6L9
HsVcPPILacVa1	CCSBORF70357	2	CCSBORF10460	LW	2	62G>C	13	NC_000012.12:57783113:G:C	CCSBVarC017057	ENSP00000499171.2:p.Gly21Ala	TSFM	ENSG00000123297	GOLGA6L9
HsVcPPILacVa1	CCSBORF70357	2	CCSBORF10460	LW	2	658G>A	3	NC_000012.12:57796262:G:A	CCSBVarC017059	ENSP00000499171.2:p.Ala220Thr	TSFM	ENSG00000123297	GOLGA6L9
HsVcPPILacVa1	CCSBORF70357	2	CCSBORF10460	LW	2	719G>C	0	NC_000012.12:57796323:G:C	CCSBVarC017062	ENSP00000499171.2:p.Cys240Ser	TSFM	ENSG00000123297	GOLGA6L9
HsVcPPILacVa1	CCSBORF70357	2	CCSBORF10460	LW	2	73C>A	1576	NC_000012.12:57783124:C:A	CCSBVarC017064	ENSP00000499171.2:p.Arg25Ser	TSFM	ENSG00000123297	GOLGA6L9
HsVcPPILacVa1	CCSBORF70357	2	CCSBORF10460	LW	2	760C>T	750	NC_000012.12:57796364:C:T	CCSBVarC017066	ENSP00000499171.2:p.Arg254Cys	TSFM	ENSG00000123297	GOLGA6L9
HsVcPPILacVa1	CCSBORF70357	2	CCSBORF10460	LW	2	774G>C	438	NC_000012.12:57796378:G:C	CCSBVarC017068	ENSP00000499171.2:p.Gln258His	TSFM	ENSG00000123297	GOLGA6L9
HsVcPPILacVa1	CCSBORF70357	2	CCSBORF10460	LW	2	796C>A	1829	NC_000012.12:57796400:C:A	CCSBVarC017071	ENSP00000499171.2:p.Leu266Ile	TSFM	ENSG00000123297	GOLGA6L9
HsVcPPILacVa1	CCSBORF70357	2	CCSBORF10460	LW	2	797T>A	4	NC_000012.12:57796401:T:A	CCSBVarC017076	ENSP00000499171.2:p.Leu266His	TSFM	ENSG00000123297	GOLGA6L9
HsVcPPILacVa1	CCSBORF70357	2	CCSBORF10460	LW	2	826G>C	2074	NC_000012.12:57796430:G:C	CCSBVarC017080	ENSP00000499171.2:p.Gly276Arg	TSFM	ENSG00000123297	GOLGA6L9
HsVcPPILacVa1	CCSBORF70357	2	CCSBORF10460	LW	2	934C>T	556	NC_000012.12:57796538:C:T	CCSBVarC002653	ENSP00000499171.2:p.Arg312Trp	TSFM	ENSG00000123297	GOLGA6L9
HsVcPPILacVa1	CCSBORF70357	2	CCSBORF10460	LW	2	97A>G	18	NC_000012.12:57783148:A:G	CCSBVarC017088	ENSP00000499171.2:p.Thr33Ala	TSFM	ENSG00000123297	GOLGA6L9
HsVcPPILacVa1	CCSBORF11374	1	CCSBORF71346	LW	2	REF	330	NULL	NULL	NULL	RP2	ENSG00000102218	PM20D2
HsVcPPILacVa1	CCSBORF11374	1	CCSBORF71346	LW	2	1001C>A	945	NC_000023.11:46879716:C:A	CCSBVarC011422	ENSP00000218340.3:p.Ser334Tyr	RP2	ENSG00000102218	PM20D2
HsVcPPILacVa1	CCSBORF11374	1	CCSBORF71346	LW	2	121A>G	1443	NC_000023.11:46853493:A:G	CCSBVarC014905	ENSP00000218340.3:p.Met41Val	RP2	ENSG00000102218	PM20D2
HsVcPPILacVa1	CCSBORF11374	1	CCSBORF71346	LW	2	19A>C	0	NC_000023.11:46837118:A:C	CCSBVarC014916	ENSP00000218340.3:p.Lys7Gln	RP2	ENSG00000102218	PM20D2
HsVcPPILacVa1	CCSBORF11374	1	CCSBORF71346	LW	2	238A>G	596	NC_000023.11:46853610:A:G	CCSBVarC011435	ENSP00000218340.3:p.Thr80Ala	RP2	ENSG00000102218	PM20D2
HsVcPPILacVa1	CCSBORF11374	1	CCSBORF71346	LW	2	257G>A	4	NC_000023.11:46853629:G:A	CCSBVarC001706	ENSP00000218340.3:p.Cys86Tyr	RP2	ENSG00000102218	PM20D2
HsVcPPILacVa1	CCSBORF11374	1	CCSBORF71346	LW	2	28A>G	484	NC_000023.11:46837127:A:G	CCSBVarC014949	ENSP00000218340.3:p.Lys10Glu	RP2	ENSG00000102218	PM20D2
HsVcPPILacVa1	CCSBORF11374	1	CCSBORF71346	LW	2	298G>A	439	NC_000023.11:46853670:G:A	CCSBVarC011440	ENSP00000218340.3:p.Val100Met	RP2	ENSG00000102218	PM20D2
HsVcPPILacVa1	CCSBORF11374	1	CCSBORF71346	LW	2	328T>C	1417	NC_000023.11:46853700:T:C	CCSBVarC014961	ENSP00000218340.3:p.Cys110Arg	RP2	ENSG00000102218	PM20D2
HsVcPPILacVa1	CCSBORF11374	1	CCSBORF71346	LW	2	338C>A	410	NC_000023.11:46853710:C:A	CCSBVarC011446	ENSP00000218340.3:p.Ala113Asp	RP2	ENSG00000102218	PM20D2
HsVcPPILacVa1	CCSBORF11374	1	CCSBORF71346	LW	2	352C>G	221	NC_000023.11:46853724:C:G	CCSBVarC011475	ENSP00000218340.3:p.Arg118Gly	RP2	ENSG00000102218	PM20D2
HsVcPPILacVa1	CCSBORF11374	1	CCSBORF71346	LW	2	481G>T	1208	NC_000023.11:46853853:G:T	CCSBVarC014975	ENSP00000218340.3:p.Asp161Tyr	RP2	ENSG00000102218	PM20D2
HsVcPPILacVa1	CCSBORF11374	1	CCSBORF71346	LW	2	524A>C	2911	NC_000023.11:46853896:A:C	CCSBVarC011467	ENSP00000218340.3:p.His175Pro	RP2	ENSG00000102218	PM20D2
HsVcPPILacVa1	CCSBORF11374	1	CCSBORF71346	LW	2	593A>G	242	NC_000023.11:46853965:A:G	CCSBVarC014984	ENSP00000218340.3:p.Tyr198Cys	RP2	ENSG00000102218	PM20D2
HsVcPPILacVa1	CCSBORF11374	1	CCSBORF71346	LW	2	654A>C	1449	NC_000023.11:46854026:A:C	CCSBVarC014992	ENSP00000218340.3:p.Arg218Ser	RP2	ENSG00000102218	PM20D2
HsVcPPILacVa1	CCSBORF11374	1	CCSBORF71346	LW	2	751A>G	1335	NC_000023.11:46854123:A:G	CCSBVarC011428	ENSP00000218340.3:p.Arg251Gly	RP2	ENSG00000102218	PM20D2
HsVcPPILacVa1	CCSBORF11374	1	CCSBORF71346	LW	2	765T>A	791	NC_000023.11:46854137:T:A	CCSBVarC015002	ENSP00000218340.3:p.Asp255Glu	RP2	ENSG00000102218	PM20D2
HsVcPPILacVa1	CCSBORF11374	1	CCSBORF71346	LW	2	781G>T	1483	NC_000023.11:46859999:G:T	CCSBVarC015011	ENSP00000218340.3:p.Gly261Cys	RP2	ENSG00000102218	PM20D2
HsVcPPILacVa1	CCSBORF11374	1	CCSBORF71346	LW	2	844C>T	6	NC_000023.11:46860062:C:T	CCSBVarC001709	ENSP00000218340.3:p.Arg282Trp	RP2	ENSG00000102218	PM20D2
HsVcPPILacVa1	CCSBORF11374	1	CCSBORF71346	LW	2	845G>A	2150	NC_000023.11:46860063:G:A	CCSBVarC015020	ENSP00000218340.3:p.Arg282Gln	RP2	ENSG00000102218	PM20D2
HsVcPPILacVa1	CCSBORF11374	1	CCSBORF71346	LW	2	941T>C	649	NC_000023.11:46877561:T:C	CCSBVarC015032	ENSP00000218340.3:p.Ile314Thr	RP2	ENSG00000102218	PM20D2
HsVcPPILacVa1	CCSBORF7637	2	CCSBORF0	LW	2	REF	365	NULL	NULL	NULL	CFP	ENSG00000126759	empty_AD
HsVcPPILacVa1	CCSBORF7637	2	CCSBORF0	LW	2	1036C>T	1	NC_000023.11:47626423:G:A	CCSBVarC001213	ENSP00000380189.3:p.Arg346Cys	CFP	ENSG00000126759	empty_AD
HsVcPPILacVa1	CCSBORF7637	2	CCSBORF0	LW	2	104A>G	12	NC_000023.11:47629646:T:C	CCSBVarC017053	ENSP00000380189.3:p.Gln35Arg	CFP	ENSG00000126759	empty_AD
HsVcPPILacVa1	CCSBORF7637	2	CCSBORF0	LW	2	1174A>C	6	NC_000023.11:47626127:T:G	CCSBVarC017070	ENSP00000380189.3:p.Met392Leu	CFP	ENSG00000126759	empty_AD
HsVcPPILacVa1	CCSBORF7637	2	CCSBORF0	LW	2	1198A>G	428	NC_000023.11:47626103:T:C	CCSBVarC017073	ENSP00000380189.3:p.Thr400Ala	CFP	ENSG00000126759	empty_AD
HsVcPPILacVa1	CCSBORF7637	2	CCSBORF0	LW	2	1223C>T	1	NC_000023.11:47626078:G:A	CCSBVarC017077	ENSP00000380189.3:p.Thr408Ile	CFP	ENSG00000126759	empty_AD
HsVcPPILacVa1	CCSBORF7637	2	CCSBORF0	LW	2	1291T>G	24	NC_000023.11:47624393:A:C	CCSBVarC017081	ENSP00000380189.3:p.Phe431Val	CFP	ENSG00000126759	empty_AD
HsVcPPILacVa1	CCSBORF7637	2	CCSBORF0	LW	2	1309C>A	1198	NC_000023.11:47624375:G:T	CCSBVarC017085	ENSP00000380189.3:p.Pro437Thr	CFP	ENSG00000126759	empty_AD
HsVcPPILacVa1	CCSBORF7637	2	CCSBORF0	LW	2	157G>A	1157	NC_000023.11:47629593:C:T	CCSBVarC010166	ENSP00000380189.3:p.Val53Met	CFP	ENSG00000126759	empty_AD
HsVcPPILacVa1	CCSBORF7637	2	CCSBORF0	LW	2	209G>A	2	NC_000023.11:47629541:C:T	CCSBVarC017089	ENSP00000380189.3:p.Gly70Glu	CFP	ENSG00000126759	empty_AD
HsVcPPILacVa1	CCSBORF7637	2	CCSBORF0	LW	2	28C>G	13	NC_000023.11:47629816:G:C	CCSBVarC017093	ENSP00000380189.3:p.Arg10Gly	CFP	ENSG00000126759	empty_AD
HsVcPPILacVa1	CCSBORF7637	2	CCSBORF0	LW	2	298C>T	953	NC_000023.11:47628206:G:A	CCSBVarC001211	ENSP00000380189.3:p.Arg100Trp	CFP	ENSG00000126759	empty_AD
HsVcPPILacVa1	CCSBORF7637	2	CCSBORF0	LW	2	313G>A	0	NC_000023.11:47628191:C:T	CCSBVarC017097	ENSP00000380189.3:p.Val105Met	CFP	ENSG00000126759	empty_AD
HsVcPPILacVa1	CCSBORF7637	2	CCSBORF0	LW	2	391C>G	0	NC_000023.11:47628113:G:C	CCSBVarC017101	ENSP00000380189.3:p.Gln131Glu	CFP	ENSG00000126759	empty_AD
HsVcPPILacVa1	CCSBORF7637	2	CCSBORF0	LW	2	44C>T	93	NC_000023.11:47629800:G:A	CCSBVarC017105	ENSP00000380189.3:p.Pro15Leu	CFP	ENSG00000126759	empty_AD
HsVcPPILacVa1	CCSBORF7637	2	CCSBORF0	LW	2	470G>A	14	NC_000023.11:47627574:C:T	CCSBVarC017120	ENSP00000380189.3:p.Arg157Gln	CFP	ENSG00000126759	empty_AD
HsVcPPILacVa1	CCSBORF7637	2	CCSBORF0	LW	2	580G>A	2	NC_000023.11:47627326:C:T	CCSBVarC017124	ENSP00000380189.3:p.Gly194Arg	CFP	ENSG00000126759	empty_AD
HsVcPPILacVa1	CCSBORF7637	2	CCSBORF0	LW	2	611C>T	1175	NC_000023.11:47627295:G:A	CCSBVarC010163	ENSP00000380189.3:p.Pro204Leu	CFP	ENSG00000126759	empty_AD
HsVcPPILacVa1	CCSBORF7637	2	CCSBORF0	LW	2	665G>A	265	NC_000023.11:47627241:C:T	CCSBVarC017128	ENSP00000380189.3:p.Arg222His	CFP	ENSG00000126759	empty_AD
HsVcPPILacVa1	CCSBORF7637	2	CCSBORF0	LW	2	716C>T	37	NC_000023.11:47627190:G:A	CCSBVarC017132	ENSP00000380189.3:p.Pro239Leu	CFP	ENSG00000126759	empty_AD
HsVcPPILacVa1	CCSBORF7637	2	CCSBORF0	LW	2	748G>A	1043	NC_000023.11:47627158:C:T	CCSBVarC008473	ENSP00000380189.3:p.Gly250Ser	CFP	ENSG00000126759	empty_AD
HsVcPPILacVa1	CCSBORF7637	2	CCSBORF0	LW	2	769G>A	79	NC_000023.11:47626943:C:T	CCSBVarC017135	ENSP00000380189.3:p.Ala257Thr	CFP	ENSG00000126759	empty_AD
HsVcPPILacVa1	CCSBORF7637	2	CCSBORF0	LW	2	88G>A	640	NC_000023.11:47629662:C:T	CCSBVarC017139	ENSP00000380189.3:p.Val30Met	CFP	ENSG00000126759	empty_AD
HsVcPPILacVa1	CCSBORF7637	2	CCSBORF0	LW	2	893G>T	8	NC_000023.11:47626819:C:A	CCSBVarC010172	ENSP00000380189.3:p.Gly298Val	CFP	ENSG00000126759	empty_AD
HsVcPPILacVa1	CCSBORF3697	2	CCSBORF2910	LW	2	REF	415	NULL	NULL	NULL	NF2	ENSG00000186575	AMOTL2
HsVcPPILacVa1	CCSBORF3697	2	CCSBORF2910	LW	2	1031A>C	197	NC_000022.11:29673425:A:C	CCSBVarC016528	ENSP00000340626.4:p.Glu344Ala	NF2	ENSG00000186575	AMOTL2
HsVcPPILacVa1	CCSBORF3697	2	CCSBORF2910	LW	2	1138G>A	423	NC_000022.11:29674881:G:A	CCSBVarC016536	ENSP00000340626.4:p.Glu380Lys	NF2	ENSG00000186575	AMOTL2
HsVcPPILacVa1	CCSBORF3697	2	CCSBORF2910	LW	2	1229C>T	0	NC_000022.11:29678226:C:T	CCSBVarC016543	ENSP00000340626.4:p.Pro410Leu	NF2	ENSG00000186575	AMOTL2
HsVcPPILacVa1	CCSBORF3697	2	CCSBORF2910	LW	2	1256G>A	0	NC_000022.11:29678253:G:A	CCSBVarC016547	ENSP00000340626.4:p.Gly419Asp	NF2	ENSG00000186575	AMOTL2
HsVcPPILacVa1	CCSBORF3697	2	CCSBORF2910	LW	2	1301T>C	1543	NC_000022.11:29678298:T:C	CCSBVarC016554	ENSP00000340626.4:p.Leu434Pro	NF2	ENSG00000186575	AMOTL2
HsVcPPILacVa1	CCSBORF3697	2	CCSBORF2910	LW	2	1355T>C	210	NC_000022.11:29681467:T:C	CCSBVarC000527	ENSP00000340626.4:p.Leu452Pro	NF2	ENSG00000186575	AMOTL2
HsVcPPILacVa1	CCSBORF3697	2	CCSBORF2910	LW	2	1375C>T	729	NC_000022.11:29681487:C:T	CCSBVarC016563	ENSP00000340626.4:p.Leu459Phe	NF2	ENSG00000186575	AMOTL2
HsVcPPILacVa1	CCSBORF3697	2	CCSBORF2910	LW	2	1411A>G	124	NC_000022.11:29681523:A:G	CCSBVarC016581	ENSP00000340626.4:p.Arg471Gly	NF2	ENSG00000186575	AMOTL2
HsVcPPILacVa1	CCSBORF3697	2	CCSBORF2910	LW	2	1465A>G	1702	NC_000022.11:29681577:A:G	CCSBVarC016590	ENSP00000340626.4:p.Ser489Gly	NF2	ENSG00000186575	AMOTL2
HsVcPPILacVa1	CCSBORF3697	2	CCSBORF2910	LW	2	191A>C	1	NC_000022.11:29642277:A:C	CCSBVarC016613	ENSP00000340626.4:p.Gln64Pro	NF2	ENSG00000186575	AMOTL2
HsVcPPILacVa1	CCSBORF3697	2	CCSBORF2910	LW	2	275A>G	5	NC_000022.11:29655600:A:G	CCSBVarC016619	ENSP00000340626.4:p.Asn92Ser	NF2	ENSG00000186575	AMOTL2
HsVcPPILacVa1	CCSBORF3697	2	CCSBORF2910	LW	2	333G>C	2136	NC_000022.11:29655658:G:C	CCSBVarC016628	ENSP00000340626.4:p.Glu111Asp	NF2	ENSG00000186575	AMOTL2
HsVcPPILacVa1	CCSBORF3697	2	CCSBORF2910	LW	2	406G>A	2	NC_000022.11:29658243:G:A	CCSBVarC016634	ENSP00000340626.4:p.Val136Met	NF2	ENSG00000186575	AMOTL2
HsVcPPILacVa1	CCSBORF3697	2	CCSBORF2910	LW	2	409A>T	5	NC_000022.11:29658246:A:T	CCSBVarC000525	ENSP00000340626.4:p.Asn137Tyr	NF2	ENSG00000186575	AMOTL2
HsVcPPILacVa1	CCSBORF3697	2	CCSBORF2910	LW	2	556A>G	4	NC_000022.11:29661333:A:G	CCSBVarC016639	ENSP00000340626.4:p.Lys186Glu	NF2	ENSG00000186575	AMOTL2
HsVcPPILacVa1	CCSBORF3697	2	CCSBORF2910	LW	2	566C>T	1507	NC_000022.11:29664993:C:T	CCSBVarC016643	ENSP00000340626.4:p.Thr189Ile	NF2	ENSG00000186575	AMOTL2
HsVcPPILacVa1	CCSBORF3697	2	CCSBORF2910	LW	2	830T>C	130	NC_000022.11:29671904:T:C	CCSBVarC015525	ENSP00000340626.4:p.Leu277Pro	NF2	ENSG00000186575	AMOTL2
HsVcPPILacVa1	CCSBORF3697	2	CCSBORF2910	LW	2	944T>C	1549	NC_000022.11:29673338:T:C	CCSBVarC015533	ENSP00000340626.4:p.Leu315Pro	NF2	ENSG00000186575	AMOTL2
HsVcPPILacVa1	CCSBORF4870	2	CCSBORF56141	LW	2	REF	218	NULL	NULL	NULL	KRT6A	ENSG00000205420	KRT31
HsVcPPILacVa1	CCSBORF4870	2	CCSBORF56141	LW	2	1198A>C	482	NC_000012.12:52489947:T:G	CCSBVarC015603	ENSP00000369317.3:p.Lys400Gln	KRT6A	ENSG00000205420	KRT31
HsVcPPILacVa1	CCSBORF4870	2	CCSBORF56141	LW	2	1282G>A	122	NC_000012.12:52488469:C:T	CCSBVarC015611	ENSP00000369317.3:p.Glu428Lys	KRT6A	ENSG00000205420	KRT31
HsVcPPILacVa1	CCSBORF4870	2	CCSBORF56141	LW	2	1378G>A	525	NC_000012.12:52488373:C:T	CCSBVarC015615	ENSP00000369317.3:p.Val460Met	KRT6A	ENSG00000205420	KRT31
HsVcPPILacVa1	CCSBORF4870	2	CCSBORF56141	LW	2	1381G>A	1386	NC_000012.12:52488370:C:T	CCSBVarC003673	ENSP00000369317.3:p.Glu461Lys	KRT6A	ENSG00000205420	KRT31
HsVcPPILacVa1	CCSBORF4870	2	CCSBORF56141	LW	2	1387G>C	224	NC_000012.12:52488364:C:G	CCSBVarC000721	ENSP00000369317.3:p.Ala463Pro	KRT6A	ENSG00000205420	KRT31
HsVcPPILacVa1	CCSBORF4870	2	CCSBORF56141	LW	2	1393T>C	2	NC_000012.12:52488358:A:G	CCSBVarC003675	ENSP00000369317.3:p.Tyr465His	KRT6A	ENSG00000205420	KRT31
HsVcPPILacVa1	CCSBORF4870	2	CCSBORF56141	LW	2	1403T>A	84	NC_000012.12:52488348:A:T	CCSBVarC003677	ENSP00000369317.3:p.Leu468Gln	KRT6A	ENSG00000205420	KRT31
HsVcPPILacVa1	CCSBORF4870	2	CCSBORF56141	LW	2	1416G>C	886	NC_000012.12:52488335:C:G	CCSBVarC003679	ENSP00000369317.3:p.Glu472Asp	KRT6A	ENSG00000205420	KRT31
HsVcPPILacVa1	CCSBORF4870	2	CCSBORF56141	LW	2	1456A>G	2	NC_000012.12:52488071:T:C	CCSBVarC015620	ENSP00000369317.3:p.Ile486Val	KRT6A	ENSG00000205420	KRT31
HsVcPPILacVa1	CCSBORF4870	2	CCSBORF56141	LW	2	1567G>A	88	NC_000012.12:52487847:C:T	CCSBVarC009576	ENSP00000369317.3:p.Val523Ile	KRT6A	ENSG00000205420	KRT31
HsVcPPILacVa1	CCSBORF4870	2	CCSBORF56141	LW	2	1567G>T	78	NC_000012.12:52487847:C:A	CCSBVarC002920	ENSP00000369317.3:p.Val523Phe	KRT6A	ENSG00000205420	KRT31
HsVcPPILacVa1	CCSBORF4870	2	CCSBORF56141	LW	2	1604T>C	190	NC_000012.12:52487810:A:G	CCSBVarC015632	ENSP00000369317.3:p.Ile535Thr	KRT6A	ENSG00000205420	KRT31
HsVcPPILacVa1	CCSBORF4870	2	CCSBORF56141	LW	2	1650G>T	563	NC_000012.12:52487764:C:A	CCSBVarC015638	ENSP00000369317.3:p.Lys550Asn	KRT6A	ENSG00000205420	KRT31
HsVcPPILacVa1	CCSBORF4870	2	CCSBORF56141	LW	2	332G>A	0	NC_000012.12:52492856:C:T	CCSBVarC015647	ENSP00000369317.3:p.Gly111Asp	KRT6A	ENSG00000205420	KRT31
HsVcPPILacVa1	CCSBORF4870	2	CCSBORF56141	LW	2	361G>A	248	NC_000012.12:52492827:C:T	CCSBVarC015651	ENSP00000369317.3:p.Gly121Ser	KRT6A	ENSG00000205420	KRT31
HsVcPPILacVa1	CCSBORF4870	2	CCSBORF56141	LW	2	46C>T	2	NC_000012.12:52493142:G:A	CCSBVarC015667	ENSP00000369317.3:p.Arg16Trp	KRT6A	ENSG00000205420	KRT31
HsVcPPILacVa1	CCSBORF4870	2	CCSBORF56141	LW	2	491G>C	208	NC_000012.12:52492697:C:G	CCSBVarC003663	ENSP00000369317.3:p.Arg164Pro	KRT6A	ENSG00000205420	KRT31
HsVcPPILacVa1	CCSBORF4870	2	CCSBORF56141	LW	2	500T>G	3	NC_000012.12:52492688:A:C	CCSBVarC003665	ENSP00000369317.3:p.Ile167Ser	KRT6A	ENSG00000205420	KRT31
HsVcPPILacVa1	CCSBORF4870	2	CCSBORF56141	LW	2	511A>T	171	NC_000012.12:52492677:T:A	CCSBVarC003667	ENSP00000369317.3:p.Asn171Tyr	KRT6A	ENSG00000205420	KRT31
HsVcPPILacVa1	CCSBORF4870	2	CCSBORF56141	LW	2	512A>G	198	NC_000012.12:52492676:T:C	CCSBVarC003669	ENSP00000369317.3:p.Asn171Ser	KRT6A	ENSG00000205420	KRT31
HsVcPPILacVa1	CCSBORF4870	2	CCSBORF56141	LW	2	520T>G	0	NC_000012.12:52492668:A:C	CCSBVarC000719	ENSP00000369317.3:p.Phe174Val	KRT6A	ENSG00000205420	KRT31
HsVcPPILacVa1	CCSBORF4870	2	CCSBORF56141	LW	2	526T>C	113	NC_000012.12:52492662:A:G	CCSBVarC003671	ENSP00000369317.3:p.Ser176Pro	KRT6A	ENSG00000205420	KRT31
HsVcPPILacVa1	CCSBORF4870	2	CCSBORF56141	LW	2	628C>A	914	NC_000012.12:52491648:G:T	CCSBVarC009567	ENSP00000369317.3:p.Leu210Met	KRT6A	ENSG00000205420	KRT31
HsVcPPILacVa1	CCSBORF4870	2	CCSBORF56141	LW	2	632A>G	1	NC_000012.12:52491644:T:C	CCSBVarC015673	ENSP00000369317.3:p.Glu211Gly	KRT6A	ENSG00000205420	KRT31
HsVcPPILacVa1	CCSBORF4870	2	CCSBORF56141	LW	2	680G>A	1	NC_000012.12:52491596:C:T	CCSBVarC015679	ENSP00000369317.3:p.Ser227Asn	KRT6A	ENSG00000205420	KRT31
HsVcPPILacVa1	CCSBORF4870	2	CCSBORF56141	LW	2	745T>C	697	NC_000012.12:52491531:A:G	CCSBVarC002915	ENSP00000369317.3:p.Phe249Leu	KRT6A	ENSG00000205420	KRT31
HsVcPPILacVa1	CCSBORF4870	2	CCSBORF56141	LW	2	806C>T	0	NC_000012.12:52491121:G:A	CCSBVarC015685	ENSP00000369317.3:p.Thr269Ile	KRT6A	ENSG00000205420	KRT31
HsVcPPILacVa1	CCSBORF4870	2	CCSBORF56141	LW	2	968A>T	0	NC_000012.12:52490677:T:A	CCSBVarC015689	ENSP00000369317.3:p.Asp323Val	KRT6A	ENSG00000205420	KRT31
HsVcPPILacVa1	CCSBORF4870	2	CCSBORF56141	LW	2	981C>G	1	NC_000012.12:52490664:G:C	CCSBVarC015694	ENSP00000369317.3:p.Asn327Lys	KRT6A	ENSG00000205420	KRT31
HsVcPPILacVa1	CCSBORF4870	1	CCSBORF56827	LW	2	REF	123	NULL	NULL	NULL	KRT6A	ENSG00000205420	KRT38
HsVcPPILacVa1	CCSBORF4870	1	CCSBORF56827	LW	2	1003G>A	2	NC_000012.12:52490642:C:T	CCSBVarC009565	ENSP00000369317.3:p.Ala335Thr	KRT6A	ENSG00000205420	KRT38
HsVcPPILacVa1	CCSBORF4870	1	CCSBORF56827	LW	2	1157G>T	0	NC_000012.12:52489988:C:A	CCSBVarC015599	ENSP00000369317.3:p.Arg386Leu	KRT6A	ENSG00000205420	KRT38
HsVcPPILacVa1	CCSBORF4870	1	CCSBORF56827	LW	2	1211A>G	2	NC_000012.12:52488540:T:C	CCSBVarC015607	ENSP00000369317.3:p.Asn404Ser	KRT6A	ENSG00000205420	KRT38
HsVcPPILacVa1	CCSBORF4870	1	CCSBORF56827	LW	2	1327C>T	5	NC_000012.12:52488424:G:A	CCSBVarC009573	ENSP00000369317.3:p.Arg443Trp	KRT6A	ENSG00000205420	KRT38
HsVcPPILacVa1	CCSBORF4870	1	CCSBORF56827	LW	2	1340A>G	0	NC_000012.12:52488411:T:C	CCSBVarC015613	ENSP00000369317.3:p.Glu447Gly	KRT6A	ENSG00000205420	KRT38
HsVcPPILacVa1	CCSBORF4870	1	CCSBORF56827	LW	2	1385T>A	0	NC_000012.12:52488366:A:T	CCSBVarC003674	ENSP00000369317.3:p.Ile462Asn	KRT6A	ENSG00000205420	KRT38
HsVcPPILacVa1	CCSBORF4870	1	CCSBORF56827	LW	2	1385T>G	2	NC_000012.12:52488366:A:C	CCSBVarC000720	ENSP00000369317.3:p.Ile462Ser	KRT6A	ENSG00000205420	KRT38
HsVcPPILacVa1	CCSBORF4870	1	CCSBORF56827	LW	2	1403T>C	1453	NC_000012.12:52488348:A:G	CCSBVarC003676	ENSP00000369317.3:p.Leu468Pro	KRT6A	ENSG00000205420	KRT38
HsVcPPILacVa1	CCSBORF4870	1	CCSBORF56827	LW	2	1414G>A	500	NC_000012.12:52488337:C:T	CCSBVarC003678	ENSP00000369317.3:p.Glu472Lys	KRT6A	ENSG00000205420	KRT38
HsVcPPILacVa1	CCSBORF4870	1	CCSBORF56827	LW	2	1441G>A	2	NC_000012.12:52488086:C:T	CCSBVarC015618	ENSP00000369317.3:p.Val481Ile	KRT6A	ENSG00000205420	KRT38
HsVcPPILacVa1	CCSBORF4870	1	CCSBORF56827	LW	2	1534G>A	0	NC_000012.12:52487880:C:T	CCSBVarC015629	ENSP00000369317.3:p.Gly512Arg	KRT6A	ENSG00000205420	KRT38
HsVcPPILacVa1	CCSBORF4870	1	CCSBORF56827	LW	2	1606G>A	0	NC_000012.12:52487808:C:T	CCSBVarC015635	ENSP00000369317.3:p.Gly536Arg	KRT6A	ENSG00000205420	KRT38
HsVcPPILacVa1	CCSBORF4870	1	CCSBORF56827	LW	2	1655C>G	0	NC_000012.12:52487759:G:C	CCSBVarC002916	ENSP00000369317.3:p.Thr552Ser	KRT6A	ENSG00000205420	KRT38
HsVcPPILacVa1	CCSBORF4870	1	CCSBORF56827	LW	2	215T>C	0	NC_000012.12:52492973:A:G	CCSBVarC015643	ENSP00000369317.3:p.Ile72Thr	KRT6A	ENSG00000205420	KRT38
HsVcPPILacVa1	CCSBORF4870	1	CCSBORF56827	LW	2	359G>T	0	NC_000012.12:52492829:C:A	CCSBVarC015649	ENSP00000369317.3:p.Gly120Val	KRT6A	ENSG00000205420	KRT38
HsVcPPILacVa1	CCSBORF4870	1	CCSBORF56827	LW	2	365T>C	0	NC_000012.12:52492823:A:G	CCSBVarC015653	ENSP00000369317.3:p.Phe122Ser	KRT6A	ENSG00000205420	KRT38
HsVcPPILacVa1	CCSBORF4870	1	CCSBORF56827	LW	2	460C>G	3	NC_000012.12:52492728:G:C	CCSBVarC015670	ENSP00000369317.3:p.Pro154Ala	KRT6A	ENSG00000205420	KRT38
HsVcPPILacVa1	CCSBORF4870	1	CCSBORF56827	LW	2	487G>A	71	NC_000012.12:52492701:C:T	CCSBVarC003662	ENSP00000369317.3:p.Glu163Lys	KRT6A	ENSG00000205420	KRT38
HsVcPPILacVa1	CCSBORF4870	1	CCSBORF56827	LW	2	497A>C	224	NC_000012.12:52492691:T:G	CCSBVarC003664	ENSP00000369317.3:p.Gln166Pro	KRT6A	ENSG00000205420	KRT38
HsVcPPILacVa1	CCSBORF4870	1	CCSBORF56827	LW	2	508C>T	1058	NC_000012.12:52492680:G:A	CCSBVarC003666	ENSP00000369317.3:p.Leu170Phe	KRT6A	ENSG00000205420	KRT38
HsVcPPILacVa1	CCSBORF4870	1	CCSBORF56827	LW	2	511A>G	440	NC_000012.12:52492677:T:C	CCSBVarC003668	ENSP00000369317.3:p.Asn171Asp	KRT6A	ENSG00000205420	KRT38
HsVcPPILacVa1	CCSBORF4870	1	CCSBORF56827	LW	2	512A>C	2	NC_000012.12:52492676:T:G	CCSBVarC003670	ENSP00000369317.3:p.Asn171Thr	KRT6A	ENSG00000205420	KRT38
HsVcPPILacVa1	CCSBORF4870	1	CCSBORF56827	LW	2	513C>A	153	NC_000012.12:52492675:G:T	CCSBVarC000718	ENSP00000369317.3:p.Asn171Lys	KRT6A	ENSG00000205420	KRT38
HsVcPPILacVa1	CCSBORF4870	1	CCSBORF56827	LW	2	533T>A	2541	NC_000012.12:52492655:A:T	CCSBVarC003672	ENSP00000369317.3:p.Ile178Asn	KRT6A	ENSG00000205420	KRT38
HsVcPPILacVa1	CCSBORF4870	1	CCSBORF56827	LW	2	62A>G	31	NC_000012.12:52493126:T:C	CCSBVarC002913	ENSP00000369317.3:p.Asn21Ser	KRT6A	ENSG00000205420	KRT38
HsVcPPILacVa1	CCSBORF4870	1	CCSBORF56827	LW	2	661C>A	1	NC_000012.12:52491615:G:T	CCSBVarC015676	ENSP00000369317.3:p.Leu221Ile	KRT6A	ENSG00000205420	KRT38
HsVcPPILacVa1	CCSBORF4870	1	CCSBORF56827	LW	2	718A>G	3	NC_000012.12:52491558:T:C	CCSBVarC015683	ENSP00000369317.3:p.Arg240Gly	KRT6A	ENSG00000205420	KRT38
HsVcPPILacVa1	CCSBORF4870	1	CCSBORF56827	LW	2	827C>T	0	NC_000012.12:52490942:G:A	CCSBVarC015687	ENSP00000369317.3:p.Ala276Val	KRT6A	ENSG00000205420	KRT38
HsVcPPILacVa1	CCSBORF4870	1	CCSBORF56827	LW	2	98T>C	3	NC_000012.12:52493090:A:G	CCSBVarC015691	ENSP00000369317.3:p.Phe33Ser	KRT6A	ENSG00000205420	KRT38
HsVcPPILacVa1	CCSBORF3581	2	CCSBORF820	LW	2	REF	837	NULL	NULL	NULL	MCOLN1	ENSG00000090674	APPBP2
HsVcPPILacVa1	CCSBORF3581	2	CCSBORF820	LW	2	1100C>T	115	NC_000019.10:7528935:C:T	CCSBVarC016202	ENSP00000264079.5:p.Ser367Leu	MCOLN1	ENSG00000090674	APPBP2
HsVcPPILacVa1	CCSBORF3581	2	CCSBORF820	LW	2	1375A>T	75	NC_000019.10:7530300:A:T	CCSBVarC016235	ENSP00000264079.5:p.Met459Leu	MCOLN1	ENSG00000090674	APPBP2
HsVcPPILacVa1	CCSBORF3581	2	CCSBORF820	LW	2	1395C>G	2349	NC_000019.10:7530320:C:G	CCSBVarC000497	ENSP00000264079.5:p.Phe465Leu	MCOLN1	ENSG00000090674	APPBP2
HsVcPPILacVa1	CCSBORF3581	2	CCSBORF820	LW	2	1700G>A	712	NC_000019.10:7533646:G:A	CCSBVarC016242	ENSP00000264079.5:p.Cys567Tyr	MCOLN1	ENSG00000090674	APPBP2
HsVcPPILacVa1	CCSBORF3581	2	CCSBORF820	LW	2	281G>A	599	NC_000019.10:7526481:G:A	CCSBVarC016250	ENSP00000264079.5:p.Arg94Gln	MCOLN1	ENSG00000090674	APPBP2
HsVcPPILacVa1	CCSBORF3581	2	CCSBORF820	LW	2	365G>A	1465	NC_000019.10:7526565:G:A	CCSBVarC016259	ENSP00000264079.5:p.Arg122Gln	MCOLN1	ENSG00000090674	APPBP2
HsVcPPILacVa1	CCSBORF3581	2	CCSBORF820	LW	2	413C>T	7	NC_000019.10:7526767:C:T	CCSBVarC016266	ENSP00000264079.5:p.Ala138Val	MCOLN1	ENSG00000090674	APPBP2
HsVcPPILacVa1	CCSBORF3581	2	CCSBORF820	LW	2	460G>T	367	NC_000019.10:7526814:G:T	CCSBVarC016275	ENSP00000264079.5:p.Gly154Cys	MCOLN1	ENSG00000090674	APPBP2
HsVcPPILacVa1	CCSBORF3581	2	CCSBORF820	LW	2	538G>A	805	NC_000019.10:7526892:G:A	CCSBVarC016281	ENSP00000264079.5:p.Asp180Asn	MCOLN1	ENSG00000090674	APPBP2
HsVcPPILacVa1	CCSBORF3581	2	CCSBORF820	LW	2	665C>T	231	NC_000019.10:7527612:C:T	CCSBVarC016310	ENSP00000264079.5:p.Thr222Met	MCOLN1	ENSG00000090674	APPBP2
HsVcPPILacVa1	CCSBORF3581	2	CCSBORF820	LW	2	694A>C	7	NC_000019.10:7527876:A:C	CCSBVarC000495	ENSP00000264079.5:p.Thr232Pro	MCOLN1	ENSG00000090674	APPBP2
HsVcPPILacVa1	CCSBORF3581	2	CCSBORF820	LW	2	707G>A	664	NC_000019.10:7527889:G:A	CCSBVarC009378	ENSP00000264079.5:p.Arg236Gln	MCOLN1	ENSG00000090674	APPBP2
HsVcPPILacVa1	CCSBORF3581	2	CCSBORF820	LW	2	771C>A	318	NC_000019.10:7527953:C:A	CCSBVarC009367	ENSP00000264079.5:p.Ser257Arg	MCOLN1	ENSG00000090674	APPBP2
HsVcPPILacVa1	CCSBORF3581	2	CCSBORF820	LW	2	77C>T	219	NC_000019.10:7525005:C:T	CCSBVarC016319	ENSP00000264079.5:p.Ala26Val	MCOLN1	ENSG00000090674	APPBP2
HsVcPPILacVa1	CCSBORF3581	2	CCSBORF820	LW	2	785T>C	5	NC_000019.10:7528164:T:C	CCSBVarC016359	ENSP00000264079.5:p.Phe262Ser	MCOLN1	ENSG00000090674	APPBP2
HsVcPPILacVa1	CCSBORF3581	2	CCSBORF820	LW	2	856C>A	4	NC_000019.10:7528235:C:A	CCSBVarC016364	ENSP00000264079.5:p.His286Asn	MCOLN1	ENSG00000090674	APPBP2
HsVcPPILacVa1	CCSBORF1231	1	CCSBORF100080871	LW	2	REF	1837	NULL	NULL	NULL	AQP1	ENSG00000240583	PRDM6
HsVcPPILacVa1	CCSBORF1231	1	CCSBORF100080871	LW	2	113C>T	1741	NC_000007.14:30912021:C:T	CCSBVarC000137	ENSP00000311165.4:p.Pro38Leu	AQP1	ENSG00000240583	PRDM6
HsVcPPILacVa1	CCSBORF1231	1	CCSBORF100080871	LW	2	140A>G	8306	NC_000007.14:30912048:A:G	CCSBVarC000138	ENSP00000311165.4:p.Gln47Arg	AQP1	ENSG00000240583	PRDM6
HsVcPPILacVa1	CCSBORF1231	1	CCSBORF100080871	LW	2	319G>A	25	NC_000007.14:30912227:G:A	CCSBVarC015066	ENSP00000311165.4:p.Val107Ile	AQP1	ENSG00000240583	PRDM6
HsVcPPILacVa1	CCSBORF1231	1	CCSBORF100080871	LW	2	320T>G	2191	NC_000007.14:30912228:T:G	CCSBVarC015069	ENSP00000311165.4:p.Val107Gly	AQP1	ENSG00000240583	PRDM6
HsVcPPILacVa1	CCSBORF1231	1	CCSBORF100080871	LW	2	494G>A	434	NC_000007.14:30922174:G:A	CCSBVarC015072	ENSP00000311165.4:p.Gly165Asp	AQP1	ENSG00000240583	PRDM6
HsVcPPILacVa1	CCSBORF1231	1	CCSBORF100080871	LW	2	576C>A	2483	NC_000007.14:30922589:C:A	CCSBVarC000139	ENSP00000311165.4:p.Asn192Lys	AQP1	ENSG00000240583	PRDM6
HsVcPPILacVa1	CCSBORF1231	1	CCSBORF55039	LW	2	REF	1595	NULL	NULL	NULL	AQP1	ENSG00000240583	TRIM7
HsVcPPILacVa1	CCSBORF1231	1	CCSBORF55039	LW	2	113C>T	925	NC_000007.14:30912021:C:T	CCSBVarC000137	ENSP00000311165.4:p.Pro38Leu	AQP1	ENSG00000240583	TRIM7
HsVcPPILacVa1	CCSBORF1231	1	CCSBORF55039	LW	2	140A>G	6083	NC_000007.14:30912048:A:G	CCSBVarC000138	ENSP00000311165.4:p.Gln47Arg	AQP1	ENSG00000240583	TRIM7
HsVcPPILacVa1	CCSBORF1231	1	CCSBORF55039	LW	2	319G>A	9	NC_000007.14:30912227:G:A	CCSBVarC015066	ENSP00000311165.4:p.Val107Ile	AQP1	ENSG00000240583	TRIM7
HsVcPPILacVa1	CCSBORF1231	1	CCSBORF55039	LW	2	320T>G	2005	NC_000007.14:30912228:T:G	CCSBVarC015069	ENSP00000311165.4:p.Val107Gly	AQP1	ENSG00000240583	TRIM7
HsVcPPILacVa1	CCSBORF1231	1	CCSBORF55039	LW	2	494G>A	371	NC_000007.14:30922174:G:A	CCSBVarC015072	ENSP00000311165.4:p.Gly165Asp	AQP1	ENSG00000240583	TRIM7
HsVcPPILacVa1	CCSBORF1231	1	CCSBORF55039	LW	2	576C>A	1615	NC_000007.14:30922589:C:A	CCSBVarC000139	ENSP00000311165.4:p.Asn192Lys	AQP1	ENSG00000240583	TRIM7
HsVcPPILacVa1	CCSBORF1231	1	CCSBORF1227	LW	2	REF	1884	NULL	NULL	NULL	AQP1	ENSG00000240583	TRIM23
HsVcPPILacVa1	CCSBORF1231	1	CCSBORF1227	LW	2	113C>T	1308	NC_000007.14:30912021:C:T	CCSBVarC000137	ENSP00000311165.4:p.Pro38Leu	AQP1	ENSG00000240583	TRIM23
HsVcPPILacVa1	CCSBORF1231	1	CCSBORF1227	LW	2	140A>G	8084	NC_000007.14:30912048:A:G	CCSBVarC000138	ENSP00000311165.4:p.Gln47Arg	AQP1	ENSG00000240583	TRIM23
HsVcPPILacVa1	CCSBORF1231	1	CCSBORF1227	LW	2	319G>A	16	NC_000007.14:30912227:G:A	CCSBVarC015066	ENSP00000311165.4:p.Val107Ile	AQP1	ENSG00000240583	TRIM23
HsVcPPILacVa1	CCSBORF1231	1	CCSBORF1227	LW	2	320T>G	2115	NC_000007.14:30912228:T:G	CCSBVarC015069	ENSP00000311165.4:p.Val107Gly	AQP1	ENSG00000240583	TRIM23
HsVcPPILacVa1	CCSBORF1231	1	CCSBORF1227	LW	2	494G>A	603	NC_000007.14:30922174:G:A	CCSBVarC015072	ENSP00000311165.4:p.Gly165Asp	AQP1	ENSG00000240583	TRIM23
HsVcPPILacVa1	CCSBORF1231	1	CCSBORF1227	LW	2	576C>A	2390	NC_000007.14:30922589:C:A	CCSBVarC000139	ENSP00000311165.4:p.Asn192Lys	AQP1	ENSG00000240583	TRIM23
HsVcPPILacVa1	CCSBORF1231	1	CCSBORF3434	LW	2	REF	1683	NULL	NULL	NULL	AQP1	ENSG00000240583	LDOC1
HsVcPPILacVa1	CCSBORF1231	1	CCSBORF3434	LW	2	113C>T	1641	NC_000007.14:30912021:C:T	CCSBVarC000137	ENSP00000311165.4:p.Pro38Leu	AQP1	ENSG00000240583	LDOC1
HsVcPPILacVa1	CCSBORF1231	1	CCSBORF3434	LW	2	140A>G	7692	NC_000007.14:30912048:A:G	CCSBVarC000138	ENSP00000311165.4:p.Gln47Arg	AQP1	ENSG00000240583	LDOC1
HsVcPPILacVa1	CCSBORF1231	1	CCSBORF3434	LW	2	319G>A	20	NC_000007.14:30912227:G:A	CCSBVarC015066	ENSP00000311165.4:p.Val107Ile	AQP1	ENSG00000240583	LDOC1
HsVcPPILacVa1	CCSBORF1231	1	CCSBORF3434	LW	2	320T>G	2046	NC_000007.14:30912228:T:G	CCSBVarC015069	ENSP00000311165.4:p.Val107Gly	AQP1	ENSG00000240583	LDOC1
HsVcPPILacVa1	CCSBORF1231	1	CCSBORF3434	LW	2	494G>A	350	NC_000007.14:30922174:G:A	CCSBVarC015072	ENSP00000311165.4:p.Gly165Asp	AQP1	ENSG00000240583	LDOC1
HsVcPPILacVa1	CCSBORF1231	1	CCSBORF3434	LW	2	576C>A	2419	NC_000007.14:30922589:C:A	CCSBVarC000139	ENSP00000311165.4:p.Asn192Lys	AQP1	ENSG00000240583	LDOC1
HsVcPPILacVa1	CCSBORF70357	2	CCSBORF2384	LW	2	REF	537	NULL	NULL	NULL	TSFM	ENSG00000123297	RALBP1
HsVcPPILacVa1	CCSBORF70357	2	CCSBORF2384	LW	2	116G>T	2689	NC_000012.12:57783167:G:T	CCSBVarC017014	ENSP00000499171.2:p.Arg39Leu	TSFM	ENSG00000123297	RALBP1
HsVcPPILacVa1	CCSBORF70357	2	CCSBORF2384	LW	2	218G>C	2	NC_000012.12:57783269:G:C	CCSBVarC017018	ENSP00000499171.2:p.Gly73Ala	TSFM	ENSG00000123297	RALBP1
HsVcPPILacVa1	CCSBORF70357	2	CCSBORF2384	LW	2	233C>T	6	NC_000012.12:57786163:C:T	CCSBVarC017023	ENSP00000499171.2:p.Ala78Val	TSFM	ENSG00000123297	RALBP1
HsVcPPILacVa1	CCSBORF70357	2	CCSBORF2384	LW	2	271T>G	874	NC_000012.12:57786201:T:G	CCSBVarC017027	ENSP00000499171.2:p.Trp91Gly	TSFM	ENSG00000123297	RALBP1
HsVcPPILacVa1	CCSBORF70357	2	CCSBORF2384	LW	2	388A>G	1998	NC_000012.12:57787066:A:G	CCSBVarC017031	ENSP00000499171.2:p.Arg130Gly	TSFM	ENSG00000123297	RALBP1
HsVcPPILacVa1	CCSBORF70357	2	CCSBORF2384	LW	2	521C>T	2	NC_000012.12:57793022:C:T	CCSBVarC017039	ENSP00000499171.2:p.Ala174Val	TSFM	ENSG00000123297	RALBP1
HsVcPPILacVa1	CCSBORF70357	2	CCSBORF2384	LW	2	59C>T	897	NC_000012.12:57783110:C:T	CCSBVarC017054	ENSP00000499171.2:p.Ala20Val	TSFM	ENSG00000123297	RALBP1
HsVcPPILacVa1	CCSBORF70357	2	CCSBORF2384	LW	2	5C>T	2868	NC_000012.12:57782805:C:T	CCSBVarC017035	ENSP00000499171.2:p.Ser2Leu	TSFM	ENSG00000123297	RALBP1
HsVcPPILacVa1	CCSBORF70357	2	CCSBORF2384	LW	2	62G>C	19	NC_000012.12:57783113:G:C	CCSBVarC017057	ENSP00000499171.2:p.Gly21Ala	TSFM	ENSG00000123297	RALBP1
HsVcPPILacVa1	CCSBORF70357	2	CCSBORF2384	LW	2	658G>A	8	NC_000012.12:57796262:G:A	CCSBVarC017059	ENSP00000499171.2:p.Ala220Thr	TSFM	ENSG00000123297	RALBP1
HsVcPPILacVa1	CCSBORF70357	2	CCSBORF2384	LW	2	719G>C	4	NC_000012.12:57796323:G:C	CCSBVarC017062	ENSP00000499171.2:p.Cys240Ser	TSFM	ENSG00000123297	RALBP1
HsVcPPILacVa1	CCSBORF70357	2	CCSBORF2384	LW	2	73C>A	2386	NC_000012.12:57783124:C:A	CCSBVarC017064	ENSP00000499171.2:p.Arg25Ser	TSFM	ENSG00000123297	RALBP1
HsVcPPILacVa1	CCSBORF70357	2	CCSBORF2384	LW	2	760C>T	1016	NC_000012.12:57796364:C:T	CCSBVarC017066	ENSP00000499171.2:p.Arg254Cys	TSFM	ENSG00000123297	RALBP1
HsVcPPILacVa1	CCSBORF70357	2	CCSBORF2384	LW	2	774G>C	459	NC_000012.12:57796378:G:C	CCSBVarC017068	ENSP00000499171.2:p.Gln258His	TSFM	ENSG00000123297	RALBP1
HsVcPPILacVa1	CCSBORF70357	2	CCSBORF2384	LW	2	796C>A	2689	NC_000012.12:57796400:C:A	CCSBVarC017071	ENSP00000499171.2:p.Leu266Ile	TSFM	ENSG00000123297	RALBP1
HsVcPPILacVa1	CCSBORF70357	2	CCSBORF2384	LW	2	797T>A	4	NC_000012.12:57796401:T:A	CCSBVarC017076	ENSP00000499171.2:p.Leu266His	TSFM	ENSG00000123297	RALBP1
HsVcPPILacVa1	CCSBORF70357	2	CCSBORF2384	LW	2	826G>C	2696	NC_000012.12:57796430:G:C	CCSBVarC017080	ENSP00000499171.2:p.Gly276Arg	TSFM	ENSG00000123297	RALBP1
HsVcPPILacVa1	CCSBORF70357	2	CCSBORF2384	LW	2	934C>T	795	NC_000012.12:57796538:C:T	CCSBVarC002653	ENSP00000499171.2:p.Arg312Trp	TSFM	ENSG00000123297	RALBP1
HsVcPPILacVa1	CCSBORF70357	2	CCSBORF2384	LW	2	97A>G	32	NC_000012.12:57783148:A:G	CCSBVarC017088	ENSP00000499171.2:p.Thr33Ala	TSFM	ENSG00000123297	RALBP1
HsVcPPILacVa1	CCSBORF11374	1	CCSBORF0	LW	2	REF	311	NULL	NULL	NULL	RP2	ENSG00000102218	empty_AD
HsVcPPILacVa1	CCSBORF11374	1	CCSBORF0	LW	2	1001C>A	763	NC_000023.11:46879716:C:A	CCSBVarC011422	ENSP00000218340.3:p.Ser334Tyr	RP2	ENSG00000102218	empty_AD
HsVcPPILacVa1	CCSBORF11374	1	CCSBORF0	LW	2	121A>G	1386	NC_000023.11:46853493:A:G	CCSBVarC014905	ENSP00000218340.3:p.Met41Val	RP2	ENSG00000102218	empty_AD
HsVcPPILacVa1	CCSBORF11374	1	CCSBORF0	LW	2	19A>C	1	NC_000023.11:46837118:A:C	CCSBVarC014916	ENSP00000218340.3:p.Lys7Gln	RP2	ENSG00000102218	empty_AD
HsVcPPILacVa1	CCSBORF11374	1	CCSBORF0	LW	2	238A>G	410	NC_000023.11:46853610:A:G	CCSBVarC011435	ENSP00000218340.3:p.Thr80Ala	RP2	ENSG00000102218	empty_AD
HsVcPPILacVa1	CCSBORF11374	1	CCSBORF0	LW	2	257G>A	0	NC_000023.11:46853629:G:A	CCSBVarC001706	ENSP00000218340.3:p.Cys86Tyr	RP2	ENSG00000102218	empty_AD
HsVcPPILacVa1	CCSBORF11374	1	CCSBORF0	LW	2	28A>G	389	NC_000023.11:46837127:A:G	CCSBVarC014949	ENSP00000218340.3:p.Lys10Glu	RP2	ENSG00000102218	empty_AD
HsVcPPILacVa1	CCSBORF11374	1	CCSBORF0	LW	2	298G>A	294	NC_000023.11:46853670:G:A	CCSBVarC011440	ENSP00000218340.3:p.Val100Met	RP2	ENSG00000102218	empty_AD
HsVcPPILacVa1	CCSBORF11374	1	CCSBORF0	LW	2	328T>C	1390	NC_000023.11:46853700:T:C	CCSBVarC014961	ENSP00000218340.3:p.Cys110Arg	RP2	ENSG00000102218	empty_AD
HsVcPPILacVa1	CCSBORF11374	1	CCSBORF0	LW	2	338C>A	436	NC_000023.11:46853710:C:A	CCSBVarC011446	ENSP00000218340.3:p.Ala113Asp	RP2	ENSG00000102218	empty_AD
HsVcPPILacVa1	CCSBORF11374	1	CCSBORF0	LW	2	352C>G	288	NC_000023.11:46853724:C:G	CCSBVarC011475	ENSP00000218340.3:p.Arg118Gly	RP2	ENSG00000102218	empty_AD
HsVcPPILacVa1	CCSBORF11374	1	CCSBORF0	LW	2	481G>T	1193	NC_000023.11:46853853:G:T	CCSBVarC014975	ENSP00000218340.3:p.Asp161Tyr	RP2	ENSG00000102218	empty_AD
HsVcPPILacVa1	CCSBORF11374	1	CCSBORF0	LW	2	524A>C	2865	NC_000023.11:46853896:A:C	CCSBVarC011467	ENSP00000218340.3:p.His175Pro	RP2	ENSG00000102218	empty_AD
HsVcPPILacVa1	CCSBORF11374	1	CCSBORF0	LW	2	593A>G	162	NC_000023.11:46853965:A:G	CCSBVarC014984	ENSP00000218340.3:p.Tyr198Cys	RP2	ENSG00000102218	empty_AD
HsVcPPILacVa1	CCSBORF11374	1	CCSBORF0	LW	2	654A>C	1353	NC_000023.11:46854026:A:C	CCSBVarC014992	ENSP00000218340.3:p.Arg218Ser	RP2	ENSG00000102218	empty_AD
HsVcPPILacVa1	CCSBORF11374	1	CCSBORF0	LW	2	751A>G	1448	NC_000023.11:46854123:A:G	CCSBVarC011428	ENSP00000218340.3:p.Arg251Gly	RP2	ENSG00000102218	empty_AD
HsVcPPILacVa1	CCSBORF11374	1	CCSBORF0	LW	2	765T>A	494	NC_000023.11:46854137:T:A	CCSBVarC015002	ENSP00000218340.3:p.Asp255Glu	RP2	ENSG00000102218	empty_AD
HsVcPPILacVa1	CCSBORF11374	1	CCSBORF0	LW	2	781G>T	1742	NC_000023.11:46859999:G:T	CCSBVarC015011	ENSP00000218340.3:p.Gly261Cys	RP2	ENSG00000102218	empty_AD
HsVcPPILacVa1	CCSBORF11374	1	CCSBORF0	LW	2	844C>T	3	NC_000023.11:46860062:C:T	CCSBVarC001709	ENSP00000218340.3:p.Arg282Trp	RP2	ENSG00000102218	empty_AD
HsVcPPILacVa1	CCSBORF11374	1	CCSBORF0	LW	2	845G>A	1837	NC_000023.11:46860063:G:A	CCSBVarC015020	ENSP00000218340.3:p.Arg282Gln	RP2	ENSG00000102218	empty_AD
HsVcPPILacVa1	CCSBORF11374	1	CCSBORF0	LW	2	941T>C	539	NC_000023.11:46877561:T:C	CCSBVarC015032	ENSP00000218340.3:p.Ile314Thr	RP2	ENSG00000102218	empty_AD
HsVcPPILacVa1	CCSBORF7637	1	CCSBORF100067498	LW	2	REF	456	NULL	NULL	NULL	CFP	ENSG00000126759	GEMIN4
HsVcPPILacVa1	CCSBORF7637	1	CCSBORF100067498	LW	2	1076G>A	2	NC_000023.11:47626383:C:T	CCSBVarC017055	ENSP00000380189.3:p.Arg359Gln	CFP	ENSG00000126759	GEMIN4
HsVcPPILacVa1	CCSBORF7637	1	CCSBORF100067498	LW	2	1180C>T	340	NC_000023.11:47626121:G:A	CCSBVarC017072	ENSP00000380189.3:p.Pro394Ser	CFP	ENSG00000126759	GEMIN4
HsVcPPILacVa1	CCSBORF7637	1	CCSBORF100067498	LW	2	1205C>G	852	NC_000023.11:47626096:G:C	CCSBVarC017075	ENSP00000380189.3:p.Ala402Gly	CFP	ENSG00000126759	GEMIN4
HsVcPPILacVa1	CCSBORF7637	1	CCSBORF100067498	LW	2	121G>A	307	NC_000023.11:47629629:C:T	CCSBVarC010168	ENSP00000380189.3:p.Gly41Ser	CFP	ENSG00000126759	GEMIN4
HsVcPPILacVa1	CCSBORF7637	1	CCSBORF100067498	LW	2	1237A>G	585	NC_000023.11:47626064:T:C	CCSBVarC017079	ENSP00000380189.3:p.Lys413Glu	CFP	ENSG00000126759	GEMIN4
HsVcPPILacVa1	CCSBORF7637	1	CCSBORF100067498	LW	2	1240T>G	241	NC_000023.11:47626061:A:C	CCSBVarC004314	ENSP00000380189.3:p.Tyr414Asp	CFP	ENSG00000126759	GEMIN4
HsVcPPILacVa1	CCSBORF7637	1	CCSBORF100067498	LW	2	1301G>C	271	NC_000023.11:47624383:C:G	CCSBVarC017083	ENSP00000380189.3:p.Arg434Thr	CFP	ENSG00000126759	GEMIN4
HsVcPPILacVa1	CCSBORF7637	1	CCSBORF100067498	LW	2	1369C>T	545	NC_000023.11:47624315:G:A	CCSBVarC017087	ENSP00000380189.3:p.His457Tyr	CFP	ENSG00000126759	GEMIN4
HsVcPPILacVa1	CCSBORF7637	1	CCSBORF100067498	LW	2	232C>G	1574	NC_000023.11:47628272:G:C	CCSBVarC017091	ENSP00000380189.3:p.Pro78Ala	CFP	ENSG00000126759	GEMIN4
HsVcPPILacVa1	CCSBORF7637	1	CCSBORF100067498	LW	2	236G>A	16	NC_000023.11:47628268:C:T	CCSBVarC010162	ENSP00000380189.3:p.Arg79Gln	CFP	ENSG00000126759	GEMIN4
HsVcPPILacVa1	CCSBORF7637	1	CCSBORF100067498	LW	2	308G>A	36	NC_000023.11:47628196:C:T	CCSBVarC017095	ENSP00000380189.3:p.Arg103His	CFP	ENSG00000126759	GEMIN4
HsVcPPILacVa1	CCSBORF7637	1	CCSBORF100067498	LW	2	343G>T	705	NC_000023.11:47628161:C:A	CCSBVarC017099	ENSP00000380189.3:p.Val115Leu	CFP	ENSG00000126759	GEMIN4
HsVcPPILacVa1	CCSBORF7637	1	CCSBORF100067498	LW	2	412G>A	2	NC_000023.11:47627632:C:T	CCSBVarC017103	ENSP00000380189.3:p.Gly138Ser	CFP	ENSG00000126759	GEMIN4
HsVcPPILacVa1	CCSBORF7637	1	CCSBORF100067498	LW	2	469C>T	8	NC_000023.11:47627575:G:A	CCSBVarC017107	ENSP00000380189.3:p.Arg157Trp	CFP	ENSG00000126759	GEMIN4
HsVcPPILacVa1	CCSBORF7637	1	CCSBORF100067498	LW	2	482G>A	5	NC_000023.11:47627562:C:T	CCSBVarC017122	ENSP00000380189.3:p.Arg161Gln	CFP	ENSG00000126759	GEMIN4
HsVcPPILacVa1	CCSBORF7637	1	CCSBORF100067498	LW	2	643G>A	16	NC_000023.11:47627263:C:T	CCSBVarC017126	ENSP00000380189.3:p.Glu215Lys	CFP	ENSG00000126759	GEMIN4
HsVcPPILacVa1	CCSBORF7637	1	CCSBORF100067498	LW	2	709C>T	4	NC_000023.11:47627197:G:A	CCSBVarC017130	ENSP00000380189.3:p.Pro237Ser	CFP	ENSG00000126759	GEMIN4
HsVcPPILacVa1	CCSBORF7637	1	CCSBORF100067498	LW	2	739A>T	248	NC_000023.11:47627167:T:A	CCSBVarC017134	ENSP00000380189.3:p.Arg247Trp	CFP	ENSG00000126759	GEMIN4
HsVcPPILacVa1	CCSBORF7637	1	CCSBORF100067498	LW	2	865C>T	1120	NC_000023.11:47626847:G:A	CCSBVarC017137	ENSP00000380189.3:p.Pro289Ser	CFP	ENSG00000126759	GEMIN4
HsVcPPILacVa1	CCSBORF7637	1	CCSBORF100067498	LW	2	895G>A	26	NC_000023.11:47626817:C:T	CCSBVarC010164	ENSP00000380189.3:p.Asp299Asn	CFP	ENSG00000126759	GEMIN4
HsVcPPILacVa1	CCSBORF7637	1	CCSBORF100067498	LW	2	961T>G	1091	NC_000023.11:47626498:A:C	CCSBVarC010175	ENSP00000380189.3:p.Trp321Gly	CFP	ENSG00000126759	GEMIN4
HsVcPPILacVa1	CCSBORF7637	1	CCSBORF100067498	LW	2	962G>C	4	NC_000023.11:47626497:C:G	CCSBVarC001212	ENSP00000380189.3:p.Trp321Ser	CFP	ENSG00000126759	GEMIN4
HsVcPPILacVa1	CCSBORF3697	2	CCSBORF0	LW	2	REF	445	NULL	NULL	NULL	NF2	ENSG00000186575	empty_AD
HsVcPPILacVa1	CCSBORF3697	2	CCSBORF0	LW	2	1031A>C	492	NC_000022.11:29673425:A:C	CCSBVarC016528	ENSP00000340626.4:p.Glu344Ala	NF2	ENSG00000186575	empty_AD
HsVcPPILacVa1	CCSBORF3697	2	CCSBORF0	LW	2	1138G>A	677	NC_000022.11:29674881:G:A	CCSBVarC016536	ENSP00000340626.4:p.Glu380Lys	NF2	ENSG00000186575	empty_AD
HsVcPPILacVa1	CCSBORF3697	2	CCSBORF0	LW	2	1229C>T	1	NC_000022.11:29678226:C:T	CCSBVarC016543	ENSP00000340626.4:p.Pro410Leu	NF2	ENSG00000186575	empty_AD
HsVcPPILacVa1	CCSBORF3697	2	CCSBORF0	LW	2	1256G>A	0	NC_000022.11:29678253:G:A	CCSBVarC016547	ENSP00000340626.4:p.Gly419Asp	NF2	ENSG00000186575	empty_AD
HsVcPPILacVa1	CCSBORF3697	2	CCSBORF0	LW	2	1301T>C	1884	NC_000022.11:29678298:T:C	CCSBVarC016554	ENSP00000340626.4:p.Leu434Pro	NF2	ENSG00000186575	empty_AD
HsVcPPILacVa1	CCSBORF3697	2	CCSBORF0	LW	2	1355T>C	275	NC_000022.11:29681467:T:C	CCSBVarC000527	ENSP00000340626.4:p.Leu452Pro	NF2	ENSG00000186575	empty_AD
HsVcPPILacVa1	CCSBORF3697	2	CCSBORF0	LW	2	1375C>T	793	NC_000022.11:29681487:C:T	CCSBVarC016563	ENSP00000340626.4:p.Leu459Phe	NF2	ENSG00000186575	empty_AD
HsVcPPILacVa1	CCSBORF3697	2	CCSBORF0	LW	2	1411A>G	95	NC_000022.11:29681523:A:G	CCSBVarC016581	ENSP00000340626.4:p.Arg471Gly	NF2	ENSG00000186575	empty_AD
HsVcPPILacVa1	CCSBORF3697	2	CCSBORF0	LW	2	1465A>G	2114	NC_000022.11:29681577:A:G	CCSBVarC016590	ENSP00000340626.4:p.Ser489Gly	NF2	ENSG00000186575	empty_AD
HsVcPPILacVa1	CCSBORF3697	2	CCSBORF0	LW	2	191A>C	0	NC_000022.11:29642277:A:C	CCSBVarC016613	ENSP00000340626.4:p.Gln64Pro	NF2	ENSG00000186575	empty_AD
HsVcPPILacVa1	CCSBORF3697	2	CCSBORF0	LW	2	275A>G	5	NC_000022.11:29655600:A:G	CCSBVarC016619	ENSP00000340626.4:p.Asn92Ser	NF2	ENSG00000186575	empty_AD
HsVcPPILacVa1	CCSBORF3697	2	CCSBORF0	LW	2	333G>C	3301	NC_000022.11:29655658:G:C	CCSBVarC016628	ENSP00000340626.4:p.Glu111Asp	NF2	ENSG00000186575	empty_AD
HsVcPPILacVa1	CCSBORF3697	2	CCSBORF0	LW	2	406G>A	2	NC_000022.11:29658243:G:A	CCSBVarC016634	ENSP00000340626.4:p.Val136Met	NF2	ENSG00000186575	empty_AD
HsVcPPILacVa1	CCSBORF3697	2	CCSBORF0	LW	2	409A>T	4	NC_000022.11:29658246:A:T	CCSBVarC000525	ENSP00000340626.4:p.Asn137Tyr	NF2	ENSG00000186575	empty_AD
HsVcPPILacVa1	CCSBORF3697	2	CCSBORF0	LW	2	556A>G	7	NC_000022.11:29661333:A:G	CCSBVarC016639	ENSP00000340626.4:p.Lys186Glu	NF2	ENSG00000186575	empty_AD
HsVcPPILacVa1	CCSBORF3697	2	CCSBORF0	LW	2	566C>T	1967	NC_000022.11:29664993:C:T	CCSBVarC016643	ENSP00000340626.4:p.Thr189Ile	NF2	ENSG00000186575	empty_AD
HsVcPPILacVa1	CCSBORF3697	2	CCSBORF0	LW	2	830T>C	295	NC_000022.11:29671904:T:C	CCSBVarC015525	ENSP00000340626.4:p.Leu277Pro	NF2	ENSG00000186575	empty_AD
HsVcPPILacVa1	CCSBORF3697	2	CCSBORF0	LW	2	944T>C	2217	NC_000022.11:29673338:T:C	CCSBVarC015533	ENSP00000340626.4:p.Leu315Pro	NF2	ENSG00000186575	empty_AD
HsVcPPILacVa1	CCSBORF4870	2	CCSBORF4105	LW	2	REF	268	NULL	NULL	NULL	KRT6A	ENSG00000205420	KRT15
HsVcPPILacVa1	CCSBORF4870	2	CCSBORF4105	LW	2	1198A>C	528	NC_000012.12:52489947:T:G	CCSBVarC015603	ENSP00000369317.3:p.Lys400Gln	KRT6A	ENSG00000205420	KRT15
HsVcPPILacVa1	CCSBORF4870	2	CCSBORF4105	LW	2	1282G>A	176	NC_000012.12:52488469:C:T	CCSBVarC015611	ENSP00000369317.3:p.Glu428Lys	KRT6A	ENSG00000205420	KRT15
HsVcPPILacVa1	CCSBORF4870	2	CCSBORF4105	LW	2	1378G>A	875	NC_000012.12:52488373:C:T	CCSBVarC015615	ENSP00000369317.3:p.Val460Met	KRT6A	ENSG00000205420	KRT15
HsVcPPILacVa1	CCSBORF4870	2	CCSBORF4105	LW	2	1381G>A	2083	NC_000012.12:52488370:C:T	CCSBVarC003673	ENSP00000369317.3:p.Glu461Lys	KRT6A	ENSG00000205420	KRT15
HsVcPPILacVa1	CCSBORF4870	2	CCSBORF4105	LW	2	1387G>C	415	NC_000012.12:52488364:C:G	CCSBVarC000721	ENSP00000369317.3:p.Ala463Pro	KRT6A	ENSG00000205420	KRT15
HsVcPPILacVa1	CCSBORF4870	2	CCSBORF4105	LW	2	1393T>C	4	NC_000012.12:52488358:A:G	CCSBVarC003675	ENSP00000369317.3:p.Tyr465His	KRT6A	ENSG00000205420	KRT15
HsVcPPILacVa1	CCSBORF4870	2	CCSBORF4105	LW	2	1403T>A	265	NC_000012.12:52488348:A:T	CCSBVarC003677	ENSP00000369317.3:p.Leu468Gln	KRT6A	ENSG00000205420	KRT15
HsVcPPILacVa1	CCSBORF4870	2	CCSBORF4105	LW	2	1416G>C	1194	NC_000012.12:52488335:C:G	CCSBVarC003679	ENSP00000369317.3:p.Glu472Asp	KRT6A	ENSG00000205420	KRT15
HsVcPPILacVa1	CCSBORF4870	2	CCSBORF4105	LW	2	1456A>G	1	NC_000012.12:52488071:T:C	CCSBVarC015620	ENSP00000369317.3:p.Ile486Val	KRT6A	ENSG00000205420	KRT15
HsVcPPILacVa1	CCSBORF4870	2	CCSBORF4105	LW	2	1567G>A	228	NC_000012.12:52487847:C:T	CCSBVarC009576	ENSP00000369317.3:p.Val523Ile	KRT6A	ENSG00000205420	KRT15
HsVcPPILacVa1	CCSBORF4870	2	CCSBORF4105	LW	2	1567G>T	155	NC_000012.12:52487847:C:A	CCSBVarC002920	ENSP00000369317.3:p.Val523Phe	KRT6A	ENSG00000205420	KRT15
HsVcPPILacVa1	CCSBORF4870	2	CCSBORF4105	LW	2	1604T>C	318	NC_000012.12:52487810:A:G	CCSBVarC015632	ENSP00000369317.3:p.Ile535Thr	KRT6A	ENSG00000205420	KRT15
HsVcPPILacVa1	CCSBORF4870	2	CCSBORF4105	LW	2	1650G>T	491	NC_000012.12:52487764:C:A	CCSBVarC015638	ENSP00000369317.3:p.Lys550Asn	KRT6A	ENSG00000205420	KRT15
HsVcPPILacVa1	CCSBORF4870	2	CCSBORF4105	LW	2	332G>A	0	NC_000012.12:52492856:C:T	CCSBVarC015647	ENSP00000369317.3:p.Gly111Asp	KRT6A	ENSG00000205420	KRT15
HsVcPPILacVa1	CCSBORF4870	2	CCSBORF4105	LW	2	361G>A	258	NC_000012.12:52492827:C:T	CCSBVarC015651	ENSP00000369317.3:p.Gly121Ser	KRT6A	ENSG00000205420	KRT15
HsVcPPILacVa1	CCSBORF4870	2	CCSBORF4105	LW	2	46C>T	24	NC_000012.12:52493142:G:A	CCSBVarC015667	ENSP00000369317.3:p.Arg16Trp	KRT6A	ENSG00000205420	KRT15
HsVcPPILacVa1	CCSBORF4870	2	CCSBORF4105	LW	2	491G>C	409	NC_000012.12:52492697:C:G	CCSBVarC003663	ENSP00000369317.3:p.Arg164Pro	KRT6A	ENSG00000205420	KRT15
HsVcPPILacVa1	CCSBORF4870	2	CCSBORF4105	LW	2	500T>G	0	NC_000012.12:52492688:A:C	CCSBVarC003665	ENSP00000369317.3:p.Ile167Ser	KRT6A	ENSG00000205420	KRT15
HsVcPPILacVa1	CCSBORF4870	2	CCSBORF4105	LW	2	511A>T	273	NC_000012.12:52492677:T:A	CCSBVarC003667	ENSP00000369317.3:p.Asn171Tyr	KRT6A	ENSG00000205420	KRT15
HsVcPPILacVa1	CCSBORF4870	2	CCSBORF4105	LW	2	512A>G	287	NC_000012.12:52492676:T:C	CCSBVarC003669	ENSP00000369317.3:p.Asn171Ser	KRT6A	ENSG00000205420	KRT15
HsVcPPILacVa1	CCSBORF4870	2	CCSBORF4105	LW	2	520T>G	0	NC_000012.12:52492668:A:C	CCSBVarC000719	ENSP00000369317.3:p.Phe174Val	KRT6A	ENSG00000205420	KRT15
HsVcPPILacVa1	CCSBORF4870	2	CCSBORF4105	LW	2	526T>C	215	NC_000012.12:52492662:A:G	CCSBVarC003671	ENSP00000369317.3:p.Ser176Pro	KRT6A	ENSG00000205420	KRT15
HsVcPPILacVa1	CCSBORF4870	2	CCSBORF4105	LW	2	628C>A	956	NC_000012.12:52491648:G:T	CCSBVarC009567	ENSP00000369317.3:p.Leu210Met	KRT6A	ENSG00000205420	KRT15
HsVcPPILacVa1	CCSBORF4870	2	CCSBORF4105	LW	2	632A>G	1	NC_000012.12:52491644:T:C	CCSBVarC015673	ENSP00000369317.3:p.Glu211Gly	KRT6A	ENSG00000205420	KRT15
HsVcPPILacVa1	CCSBORF4870	2	CCSBORF4105	LW	2	680G>A	1	NC_000012.12:52491596:C:T	CCSBVarC015679	ENSP00000369317.3:p.Ser227Asn	KRT6A	ENSG00000205420	KRT15
HsVcPPILacVa1	CCSBORF4870	2	CCSBORF4105	LW	2	745T>C	852	NC_000012.12:52491531:A:G	CCSBVarC002915	ENSP00000369317.3:p.Phe249Leu	KRT6A	ENSG00000205420	KRT15
HsVcPPILacVa1	CCSBORF4870	2	CCSBORF4105	LW	2	806C>T	2	NC_000012.12:52491121:G:A	CCSBVarC015685	ENSP00000369317.3:p.Thr269Ile	KRT6A	ENSG00000205420	KRT15
HsVcPPILacVa1	CCSBORF4870	2	CCSBORF4105	LW	2	968A>T	2	NC_000012.12:52490677:T:A	CCSBVarC015689	ENSP00000369317.3:p.Asp323Val	KRT6A	ENSG00000205420	KRT15
HsVcPPILacVa1	CCSBORF4870	2	CCSBORF4105	LW	2	981C>G	2	NC_000012.12:52490664:G:C	CCSBVarC015694	ENSP00000369317.3:p.Asn327Lys	KRT6A	ENSG00000205420	KRT15
HsVcPPILacVa1	CCSBORF4870	1	CCSBORF100014440	LW	2	REF	151	NULL	NULL	NULL	KRT6A	ENSG00000205420	KRT25
HsVcPPILacVa1	CCSBORF4870	1	CCSBORF100014440	LW	2	1003G>A	0	NC_000012.12:52490642:C:T	CCSBVarC009565	ENSP00000369317.3:p.Ala335Thr	KRT6A	ENSG00000205420	KRT25
HsVcPPILacVa1	CCSBORF4870	1	CCSBORF100014440	LW	2	1157G>T	0	NC_000012.12:52489988:C:A	CCSBVarC015599	ENSP00000369317.3:p.Arg386Leu	KRT6A	ENSG00000205420	KRT25
HsVcPPILacVa1	CCSBORF4870	1	CCSBORF100014440	LW	2	1211A>G	0	NC_000012.12:52488540:T:C	CCSBVarC015607	ENSP00000369317.3:p.Asn404Ser	KRT6A	ENSG00000205420	KRT25
HsVcPPILacVa1	CCSBORF4870	1	CCSBORF100014440	LW	2	1327C>T	3	NC_000012.12:52488424:G:A	CCSBVarC009573	ENSP00000369317.3:p.Arg443Trp	KRT6A	ENSG00000205420	KRT25
HsVcPPILacVa1	CCSBORF4870	1	CCSBORF100014440	LW	2	1340A>G	0	NC_000012.12:52488411:T:C	CCSBVarC015613	ENSP00000369317.3:p.Glu447Gly	KRT6A	ENSG00000205420	KRT25
HsVcPPILacVa1	CCSBORF4870	1	CCSBORF100014440	LW	2	1385T>A	0	NC_000012.12:52488366:A:T	CCSBVarC003674	ENSP00000369317.3:p.Ile462Asn	KRT6A	ENSG00000205420	KRT25
HsVcPPILacVa1	CCSBORF4870	1	CCSBORF100014440	LW	2	1385T>G	1	NC_000012.12:52488366:A:C	CCSBVarC000720	ENSP00000369317.3:p.Ile462Ser	KRT6A	ENSG00000205420	KRT25
HsVcPPILacVa1	CCSBORF4870	1	CCSBORF100014440	LW	2	1403T>C	1360	NC_000012.12:52488348:A:G	CCSBVarC003676	ENSP00000369317.3:p.Leu468Pro	KRT6A	ENSG00000205420	KRT25
HsVcPPILacVa1	CCSBORF4870	1	CCSBORF100014440	LW	2	1414G>A	772	NC_000012.12:52488337:C:T	CCSBVarC003678	ENSP00000369317.3:p.Glu472Lys	KRT6A	ENSG00000205420	KRT25
HsVcPPILacVa1	CCSBORF4870	1	CCSBORF100014440	LW	2	1441G>A	1	NC_000012.12:52488086:C:T	CCSBVarC015618	ENSP00000369317.3:p.Val481Ile	KRT6A	ENSG00000205420	KRT25
HsVcPPILacVa1	CCSBORF4870	1	CCSBORF100014440	LW	2	1534G>A	2	NC_000012.12:52487880:C:T	CCSBVarC015629	ENSP00000369317.3:p.Gly512Arg	KRT6A	ENSG00000205420	KRT25
HsVcPPILacVa1	CCSBORF4870	1	CCSBORF100014440	LW	2	1606G>A	0	NC_000012.12:52487808:C:T	CCSBVarC015635	ENSP00000369317.3:p.Gly536Arg	KRT6A	ENSG00000205420	KRT25
HsVcPPILacVa1	CCSBORF4870	1	CCSBORF100014440	LW	2	1655C>G	2	NC_000012.12:52487759:G:C	CCSBVarC002916	ENSP00000369317.3:p.Thr552Ser	KRT6A	ENSG00000205420	KRT25
HsVcPPILacVa1	CCSBORF4870	1	CCSBORF100014440	LW	2	215T>C	1	NC_000012.12:52492973:A:G	CCSBVarC015643	ENSP00000369317.3:p.Ile72Thr	KRT6A	ENSG00000205420	KRT25
HsVcPPILacVa1	CCSBORF4870	1	CCSBORF100014440	LW	2	359G>T	0	NC_000012.12:52492829:C:A	CCSBVarC015649	ENSP00000369317.3:p.Gly120Val	KRT6A	ENSG00000205420	KRT25
HsVcPPILacVa1	CCSBORF4870	1	CCSBORF100014440	LW	2	365T>C	1	NC_000012.12:52492823:A:G	CCSBVarC015653	ENSP00000369317.3:p.Phe122Ser	KRT6A	ENSG00000205420	KRT25
HsVcPPILacVa1	CCSBORF4870	1	CCSBORF100014440	LW	2	460C>G	0	NC_000012.12:52492728:G:C	CCSBVarC015670	ENSP00000369317.3:p.Pro154Ala	KRT6A	ENSG00000205420	KRT25
HsVcPPILacVa1	CCSBORF4870	1	CCSBORF100014440	LW	2	487G>A	66	NC_000012.12:52492701:C:T	CCSBVarC003662	ENSP00000369317.3:p.Glu163Lys	KRT6A	ENSG00000205420	KRT25
HsVcPPILacVa1	CCSBORF4870	1	CCSBORF100014440	LW	2	497A>C	318	NC_000012.12:52492691:T:G	CCSBVarC003664	ENSP00000369317.3:p.Gln166Pro	KRT6A	ENSG00000205420	KRT25
HsVcPPILacVa1	CCSBORF4870	1	CCSBORF100014440	LW	2	508C>T	1336	NC_000012.12:52492680:G:A	CCSBVarC003666	ENSP00000369317.3:p.Leu170Phe	KRT6A	ENSG00000205420	KRT25
HsVcPPILacVa1	CCSBORF4870	1	CCSBORF100014440	LW	2	511A>G	393	NC_000012.12:52492677:T:C	CCSBVarC003668	ENSP00000369317.3:p.Asn171Asp	KRT6A	ENSG00000205420	KRT25
HsVcPPILacVa1	CCSBORF4870	1	CCSBORF100014440	LW	2	512A>C	0	NC_000012.12:52492676:T:G	CCSBVarC003670	ENSP00000369317.3:p.Asn171Thr	KRT6A	ENSG00000205420	KRT25
HsVcPPILacVa1	CCSBORF4870	1	CCSBORF100014440	LW	2	513C>A	276	NC_000012.12:52492675:G:T	CCSBVarC000718	ENSP00000369317.3:p.Asn171Lys	KRT6A	ENSG00000205420	KRT25
HsVcPPILacVa1	CCSBORF4870	1	CCSBORF100014440	LW	2	533T>A	2581	NC_000012.12:52492655:A:T	CCSBVarC003672	ENSP00000369317.3:p.Ile178Asn	KRT6A	ENSG00000205420	KRT25
HsVcPPILacVa1	CCSBORF4870	1	CCSBORF100014440	LW	2	62A>G	1	NC_000012.12:52493126:T:C	CCSBVarC002913	ENSP00000369317.3:p.Asn21Ser	KRT6A	ENSG00000205420	KRT25
HsVcPPILacVa1	CCSBORF4870	1	CCSBORF100014440	LW	2	661C>A	0	NC_000012.12:52491615:G:T	CCSBVarC015676	ENSP00000369317.3:p.Leu221Ile	KRT6A	ENSG00000205420	KRT25
HsVcPPILacVa1	CCSBORF4870	1	CCSBORF100014440	LW	2	718A>G	2	NC_000012.12:52491558:T:C	CCSBVarC015683	ENSP00000369317.3:p.Arg240Gly	KRT6A	ENSG00000205420	KRT25
HsVcPPILacVa1	CCSBORF4870	1	CCSBORF100014440	LW	2	827C>T	1	NC_000012.12:52490942:G:A	CCSBVarC015687	ENSP00000369317.3:p.Ala276Val	KRT6A	ENSG00000205420	KRT25
HsVcPPILacVa1	CCSBORF4870	1	CCSBORF100014440	LW	2	98T>C	3	NC_000012.12:52493090:A:G	CCSBVarC015691	ENSP00000369317.3:p.Phe33Ser	KRT6A	ENSG00000205420	KRT25
HsVcPPILacVa1	CCSBORF3581	2	CCSBORF0	LW	2	REF	856	NULL	NULL	NULL	MCOLN1	ENSG00000090674	empty_AD
HsVcPPILacVa1	CCSBORF3581	2	CCSBORF0	LW	2	1100C>T	109	NC_000019.10:7528935:C:T	CCSBVarC016202	ENSP00000264079.5:p.Ser367Leu	MCOLN1	ENSG00000090674	empty_AD
HsVcPPILacVa1	CCSBORF3581	2	CCSBORF0	LW	2	1375A>T	137	NC_000019.10:7530300:A:T	CCSBVarC016235	ENSP00000264079.5:p.Met459Leu	MCOLN1	ENSG00000090674	empty_AD
HsVcPPILacVa1	CCSBORF3581	2	CCSBORF0	LW	2	1395C>G	1939	NC_000019.10:7530320:C:G	CCSBVarC000497	ENSP00000264079.5:p.Phe465Leu	MCOLN1	ENSG00000090674	empty_AD
HsVcPPILacVa1	CCSBORF3581	2	CCSBORF0	LW	2	1700G>A	629	NC_000019.10:7533646:G:A	CCSBVarC016242	ENSP00000264079.5:p.Cys567Tyr	MCOLN1	ENSG00000090674	empty_AD
HsVcPPILacVa1	CCSBORF3581	2	CCSBORF0	LW	2	281G>A	749	NC_000019.10:7526481:G:A	CCSBVarC016250	ENSP00000264079.5:p.Arg94Gln	MCOLN1	ENSG00000090674	empty_AD
HsVcPPILacVa1	CCSBORF3581	2	CCSBORF0	LW	2	365G>A	1302	NC_000019.10:7526565:G:A	CCSBVarC016259	ENSP00000264079.5:p.Arg122Gln	MCOLN1	ENSG00000090674	empty_AD
HsVcPPILacVa1	CCSBORF3581	2	CCSBORF0	LW	2	413C>T	8	NC_000019.10:7526767:C:T	CCSBVarC016266	ENSP00000264079.5:p.Ala138Val	MCOLN1	ENSG00000090674	empty_AD
HsVcPPILacVa1	CCSBORF3581	2	CCSBORF0	LW	2	460G>T	315	NC_000019.10:7526814:G:T	CCSBVarC016275	ENSP00000264079.5:p.Gly154Cys	MCOLN1	ENSG00000090674	empty_AD
HsVcPPILacVa1	CCSBORF3581	2	CCSBORF0	LW	2	538G>A	562	NC_000019.10:7526892:G:A	CCSBVarC016281	ENSP00000264079.5:p.Asp180Asn	MCOLN1	ENSG00000090674	empty_AD
HsVcPPILacVa1	CCSBORF3581	2	CCSBORF0	LW	2	665C>T	140	NC_000019.10:7527612:C:T	CCSBVarC016310	ENSP00000264079.5:p.Thr222Met	MCOLN1	ENSG00000090674	empty_AD
HsVcPPILacVa1	CCSBORF3581	2	CCSBORF0	LW	2	694A>C	2	NC_000019.10:7527876:A:C	CCSBVarC000495	ENSP00000264079.5:p.Thr232Pro	MCOLN1	ENSG00000090674	empty_AD
HsVcPPILacVa1	CCSBORF3581	2	CCSBORF0	LW	2	707G>A	634	NC_000019.10:7527889:G:A	CCSBVarC009378	ENSP00000264079.5:p.Arg236Gln	MCOLN1	ENSG00000090674	empty_AD
HsVcPPILacVa1	CCSBORF3581	2	CCSBORF0	LW	2	771C>A	211	NC_000019.10:7527953:C:A	CCSBVarC009367	ENSP00000264079.5:p.Ser257Arg	MCOLN1	ENSG00000090674	empty_AD
HsVcPPILacVa1	CCSBORF3581	2	CCSBORF0	LW	2	77C>T	110	NC_000019.10:7525005:C:T	CCSBVarC016319	ENSP00000264079.5:p.Ala26Val	MCOLN1	ENSG00000090674	empty_AD
HsVcPPILacVa1	CCSBORF3581	2	CCSBORF0	LW	2	785T>C	5	NC_000019.10:7528164:T:C	CCSBVarC016359	ENSP00000264079.5:p.Phe262Ser	MCOLN1	ENSG00000090674	empty_AD
HsVcPPILacVa1	CCSBORF3581	2	CCSBORF0	LW	2	856C>A	2	NC_000019.10:7528235:C:A	CCSBVarC016364	ENSP00000264079.5:p.His286Asn	MCOLN1	ENSG00000090674	empty_AD
HsVcPPILacVa1	CCSBORF1231	1	CCSBORF71959	LW	2	REF	2066	NULL	NULL	NULL	AQP1	ENSG00000240583	KRTAP1-1
HsVcPPILacVa1	CCSBORF1231	1	CCSBORF71959	LW	2	113C>T	1056	NC_000007.14:30912021:C:T	CCSBVarC000137	ENSP00000311165.4:p.Pro38Leu	AQP1	ENSG00000240583	KRTAP1-1
HsVcPPILacVa1	CCSBORF1231	1	CCSBORF71959	LW	2	140A>G	10301	NC_000007.14:30912048:A:G	CCSBVarC000138	ENSP00000311165.4:p.Gln47Arg	AQP1	ENSG00000240583	KRTAP1-1
HsVcPPILacVa1	CCSBORF1231	1	CCSBORF71959	LW	2	319G>A	16	NC_000007.14:30912227:G:A	CCSBVarC015066	ENSP00000311165.4:p.Val107Ile	AQP1	ENSG00000240583	KRTAP1-1
HsVcPPILacVa1	CCSBORF1231	1	CCSBORF71959	LW	2	320T>G	2203	NC_000007.14:30912228:T:G	CCSBVarC015069	ENSP00000311165.4:p.Val107Gly	AQP1	ENSG00000240583	KRTAP1-1
HsVcPPILacVa1	CCSBORF1231	1	CCSBORF71959	LW	2	494G>A	456	NC_000007.14:30922174:G:A	CCSBVarC015072	ENSP00000311165.4:p.Gly165Asp	AQP1	ENSG00000240583	KRTAP1-1
HsVcPPILacVa1	CCSBORF1231	1	CCSBORF71959	LW	2	576C>A	2931	NC_000007.14:30922589:C:A	CCSBVarC000139	ENSP00000311165.4:p.Asn192Lys	AQP1	ENSG00000240583	KRTAP1-1
HsVcPPILacVa1	CCSBORF1231	1	CCSBORF56492	LW	2	REF	2385	NULL	NULL	NULL	AQP1	ENSG00000240583	TNS2
HsVcPPILacVa1	CCSBORF1231	1	CCSBORF56492	LW	2	113C>T	1107	NC_000007.14:30912021:C:T	CCSBVarC000137	ENSP00000311165.4:p.Pro38Leu	AQP1	ENSG00000240583	TNS2
HsVcPPILacVa1	CCSBORF1231	1	CCSBORF56492	LW	2	140A>G	8227	NC_000007.14:30912048:A:G	CCSBVarC000138	ENSP00000311165.4:p.Gln47Arg	AQP1	ENSG00000240583	TNS2
HsVcPPILacVa1	CCSBORF1231	1	CCSBORF56492	LW	2	319G>A	26	NC_000007.14:30912227:G:A	CCSBVarC015066	ENSP00000311165.4:p.Val107Ile	AQP1	ENSG00000240583	TNS2
HsVcPPILacVa1	CCSBORF1231	1	CCSBORF56492	LW	2	320T>G	2387	NC_000007.14:30912228:T:G	CCSBVarC015069	ENSP00000311165.4:p.Val107Gly	AQP1	ENSG00000240583	TNS2
HsVcPPILacVa1	CCSBORF1231	1	CCSBORF56492	LW	2	494G>A	722	NC_000007.14:30922174:G:A	CCSBVarC015072	ENSP00000311165.4:p.Gly165Asp	AQP1	ENSG00000240583	TNS2
HsVcPPILacVa1	CCSBORF1231	1	CCSBORF56492	LW	2	576C>A	2038	NC_000007.14:30922589:C:A	CCSBVarC000139	ENSP00000311165.4:p.Asn192Lys	AQP1	ENSG00000240583	TNS2
HsVcPPILacVa1	CCSBORF1231	1	CCSBORF9895	LW	2	REF	1400	NULL	NULL	NULL	AQP1	ENSG00000240583	MIF4GD
HsVcPPILacVa1	CCSBORF1231	1	CCSBORF9895	LW	2	113C>T	1186	NC_000007.14:30912021:C:T	CCSBVarC000137	ENSP00000311165.4:p.Pro38Leu	AQP1	ENSG00000240583	MIF4GD
HsVcPPILacVa1	CCSBORF1231	1	CCSBORF9895	LW	2	140A>G	6911	NC_000007.14:30912048:A:G	CCSBVarC000138	ENSP00000311165.4:p.Gln47Arg	AQP1	ENSG00000240583	MIF4GD
HsVcPPILacVa1	CCSBORF1231	1	CCSBORF9895	LW	2	319G>A	28	NC_000007.14:30912227:G:A	CCSBVarC015066	ENSP00000311165.4:p.Val107Ile	AQP1	ENSG00000240583	MIF4GD
HsVcPPILacVa1	CCSBORF1231	1	CCSBORF9895	LW	2	320T>G	2387	NC_000007.14:30912228:T:G	CCSBVarC015069	ENSP00000311165.4:p.Val107Gly	AQP1	ENSG00000240583	MIF4GD
HsVcPPILacVa1	CCSBORF1231	1	CCSBORF9895	LW	2	494G>A	544	NC_000007.14:30922174:G:A	CCSBVarC015072	ENSP00000311165.4:p.Gly165Asp	AQP1	ENSG00000240583	MIF4GD
HsVcPPILacVa1	CCSBORF1231	1	CCSBORF9895	LW	2	576C>A	1696	NC_000007.14:30922589:C:A	CCSBVarC000139	ENSP00000311165.4:p.Asn192Lys	AQP1	ENSG00000240583	MIF4GD
HsVcPPILacVa1	CCSBORF1231	1	CCSBORF0	LW	2	REF	1542	NULL	NULL	NULL	AQP1	ENSG00000240583	empty_AD
HsVcPPILacVa1	CCSBORF1231	1	CCSBORF0	LW	2	113C>T	752	NC_000007.14:30912021:C:T	CCSBVarC000137	ENSP00000311165.4:p.Pro38Leu	AQP1	ENSG00000240583	empty_AD
HsVcPPILacVa1	CCSBORF1231	1	CCSBORF0	LW	2	140A>G	6689	NC_000007.14:30912048:A:G	CCSBVarC000138	ENSP00000311165.4:p.Gln47Arg	AQP1	ENSG00000240583	empty_AD
HsVcPPILacVa1	CCSBORF1231	1	CCSBORF0	LW	2	319G>A	59	NC_000007.14:30912227:G:A	CCSBVarC015066	ENSP00000311165.4:p.Val107Ile	AQP1	ENSG00000240583	empty_AD
HsVcPPILacVa1	CCSBORF1231	1	CCSBORF0	LW	2	320T>G	2210	NC_000007.14:30912228:T:G	CCSBVarC015069	ENSP00000311165.4:p.Val107Gly	AQP1	ENSG00000240583	empty_AD
HsVcPPILacVa1	CCSBORF1231	1	CCSBORF0	LW	2	494G>A	539	NC_000007.14:30922174:G:A	CCSBVarC015072	ENSP00000311165.4:p.Gly165Asp	AQP1	ENSG00000240583	empty_AD
HsVcPPILacVa1	CCSBORF1231	1	CCSBORF0	LW	2	576C>A	1946	NC_000007.14:30922589:C:A	CCSBVarC000139	ENSP00000311165.4:p.Asn192Lys	AQP1	ENSG00000240583	empty_AD
HsVcPPILacVa1	CCSBORF70357	2	CCSBORF71876	LW	2	REF	472	NULL	NULL	NULL	TSFM	ENSG00000123297	GAS8
HsVcPPILacVa1	CCSBORF70357	2	CCSBORF71876	LW	2	116G>T	2481	NC_000012.12:57783167:G:T	CCSBVarC017014	ENSP00000499171.2:p.Arg39Leu	TSFM	ENSG00000123297	GAS8
HsVcPPILacVa1	CCSBORF70357	2	CCSBORF71876	LW	2	218G>C	1	NC_000012.12:57783269:G:C	CCSBVarC017018	ENSP00000499171.2:p.Gly73Ala	TSFM	ENSG00000123297	GAS8
HsVcPPILacVa1	CCSBORF70357	2	CCSBORF71876	LW	2	233C>T	1	NC_000012.12:57786163:C:T	CCSBVarC017023	ENSP00000499171.2:p.Ala78Val	TSFM	ENSG00000123297	GAS8
HsVcPPILacVa1	CCSBORF70357	2	CCSBORF71876	LW	2	271T>G	1122	NC_000012.12:57786201:T:G	CCSBVarC017027	ENSP00000499171.2:p.Trp91Gly	TSFM	ENSG00000123297	GAS8
HsVcPPILacVa1	CCSBORF70357	2	CCSBORF71876	LW	2	388A>G	1719	NC_000012.12:57787066:A:G	CCSBVarC017031	ENSP00000499171.2:p.Arg130Gly	TSFM	ENSG00000123297	GAS8
HsVcPPILacVa1	CCSBORF70357	2	CCSBORF71876	LW	2	521C>T	1	NC_000012.12:57793022:C:T	CCSBVarC017039	ENSP00000499171.2:p.Ala174Val	TSFM	ENSG00000123297	GAS8
HsVcPPILacVa1	CCSBORF70357	2	CCSBORF71876	LW	2	59C>T	764	NC_000012.12:57783110:C:T	CCSBVarC017054	ENSP00000499171.2:p.Ala20Val	TSFM	ENSG00000123297	GAS8
HsVcPPILacVa1	CCSBORF70357	2	CCSBORF71876	LW	2	5C>T	2944	NC_000012.12:57782805:C:T	CCSBVarC017035	ENSP00000499171.2:p.Ser2Leu	TSFM	ENSG00000123297	GAS8
HsVcPPILacVa1	CCSBORF70357	2	CCSBORF71876	LW	2	62G>C	13	NC_000012.12:57783113:G:C	CCSBVarC017057	ENSP00000499171.2:p.Gly21Ala	TSFM	ENSG00000123297	GAS8
HsVcPPILacVa1	CCSBORF70357	2	CCSBORF71876	LW	2	658G>A	11	NC_000012.12:57796262:G:A	CCSBVarC017059	ENSP00000499171.2:p.Ala220Thr	TSFM	ENSG00000123297	GAS8
HsVcPPILacVa1	CCSBORF70357	2	CCSBORF71876	LW	2	719G>C	3	NC_000012.12:57796323:G:C	CCSBVarC017062	ENSP00000499171.2:p.Cys240Ser	TSFM	ENSG00000123297	GAS8
HsVcPPILacVa1	CCSBORF70357	2	CCSBORF71876	LW	2	73C>A	2864	NC_000012.12:57783124:C:A	CCSBVarC017064	ENSP00000499171.2:p.Arg25Ser	TSFM	ENSG00000123297	GAS8
HsVcPPILacVa1	CCSBORF70357	2	CCSBORF71876	LW	2	760C>T	863	NC_000012.12:57796364:C:T	CCSBVarC017066	ENSP00000499171.2:p.Arg254Cys	TSFM	ENSG00000123297	GAS8
HsVcPPILacVa1	CCSBORF70357	2	CCSBORF71876	LW	2	774G>C	581	NC_000012.12:57796378:G:C	CCSBVarC017068	ENSP00000499171.2:p.Gln258His	TSFM	ENSG00000123297	GAS8
HsVcPPILacVa1	CCSBORF70357	2	CCSBORF71876	LW	2	796C>A	2577	NC_000012.12:57796400:C:A	CCSBVarC017071	ENSP00000499171.2:p.Leu266Ile	TSFM	ENSG00000123297	GAS8
HsVcPPILacVa1	CCSBORF70357	2	CCSBORF71876	LW	2	797T>A	5	NC_000012.12:57796401:T:A	CCSBVarC017076	ENSP00000499171.2:p.Leu266His	TSFM	ENSG00000123297	GAS8
HsVcPPILacVa1	CCSBORF70357	2	CCSBORF71876	LW	2	826G>C	2501	NC_000012.12:57796430:G:C	CCSBVarC017080	ENSP00000499171.2:p.Gly276Arg	TSFM	ENSG00000123297	GAS8
HsVcPPILacVa1	CCSBORF70357	2	CCSBORF71876	LW	2	934C>T	896	NC_000012.12:57796538:C:T	CCSBVarC002653	ENSP00000499171.2:p.Arg312Trp	TSFM	ENSG00000123297	GAS8
HsVcPPILacVa1	CCSBORF70357	2	CCSBORF71876	LW	2	97A>G	32	NC_000012.12:57783148:A:G	CCSBVarC017088	ENSP00000499171.2:p.Thr33Ala	TSFM	ENSG00000123297	GAS8
HsVcPPILacVa1	CCSBORF5896	2	CCSBORF3753	LW	2	REF	343	NULL	NULL	NULL	AHCY	ENSG00000101444	C1orf50
HsVcPPILacVa1	CCSBORF5896	2	CCSBORF3753	LW	2	1003C>T	2110	NC_000020.11:34285603:G:A	CCSBVarC016695	ENSP00000217426.2:p.Arg335Cys	AHCY	ENSG00000101444	C1orf50
HsVcPPILacVa1	CCSBORF5896	2	CCSBORF3753	LW	2	104T>C	488	NC_000020.11:34295509:A:G	CCSBVarC016698	ENSP00000217426.2:p.Met35Thr	AHCY	ENSG00000101444	C1orf50
HsVcPPILacVa1	CCSBORF5896	2	CCSBORF3753	LW	2	112C>T	591	NC_000020.11:34295501:G:A	CCSBVarC016719	ENSP00000217426.2:p.Arg38Trp	AHCY	ENSG00000101444	C1orf50
HsVcPPILacVa1	CCSBORF5896	2	CCSBORF3753	LW	2	1190C>T	20	NC_000020.11:34281142:G:A	CCSBVarC016725	ENSP00000217426.2:p.Ala397Val	AHCY	ENSG00000101444	C1orf50
HsVcPPILacVa1	CCSBORF5896	2	CCSBORF3753	LW	2	1261T>C	883	NC_000020.11:34281071:A:G	CCSBVarC016729	ENSP00000217426.2:p.Cys421Arg	AHCY	ENSG00000101444	C1orf50
HsVcPPILacVa1	CCSBORF5896	2	CCSBORF3753	LW	2	137A>C	404	NC_000020.11:34295476:T:G	CCSBVarC016735	ENSP00000217426.2:p.Lys46Thr	AHCY	ENSG00000101444	C1orf50
HsVcPPILacVa1	CCSBORF5896	2	CCSBORF3753	LW	2	257A>G	771	NC_000020.11:34294118:T:C	CCSBVarC000925	ENSP00000217426.2:p.Asp86Gly	AHCY	ENSG00000101444	C1orf50
HsVcPPILacVa1	CCSBORF5896	2	CCSBORF3753	LW	2	274A>G	2354	NC_000020.11:34294101:T:C	CCSBVarC016741	ENSP00000217426.2:p.Ile92Val	AHCY	ENSG00000101444	C1orf50
HsVcPPILacVa1	CCSBORF5896	2	CCSBORF3753	LW	2	367G>A	587	NC_000020.11:34292435:C:T	CCSBVarC016748	ENSP00000217426.2:p.Gly123Arg	AHCY	ENSG00000101444	C1orf50
HsVcPPILacVa1	CCSBORF5896	2	CCSBORF3753	LW	2	394G>A	3	NC_000020.11:34292408:C:T	CCSBVarC016753	ENSP00000217426.2:p.Gly132Arg	AHCY	ENSG00000101444	C1orf50
HsVcPPILacVa1	CCSBORF5896	2	CCSBORF3753	LW	2	428A>G	575	NC_000020.11:34292374:T:C	CCSBVarC000927	ENSP00000217426.2:p.Tyr143Cys	AHCY	ENSG00000101444	C1orf50
HsVcPPILacVa1	CCSBORF5896	2	CCSBORF3753	LW	2	526C>T	368	NC_000020.11:34291450:G:A	CCSBVarC016759	ENSP00000217426.2:p.Pro176Ser	AHCY	ENSG00000101444	C1orf50
HsVcPPILacVa1	CCSBORF5896	2	CCSBORF3753	LW	2	662A>G	2	NC_000020.11:34290834:T:C	CCSBVarC016765	ENSP00000217426.2:p.Tyr221Cys	AHCY	ENSG00000101444	C1orf50
HsVcPPILacVa1	CCSBORF5896	2	CCSBORF3753	LW	2	697C>T	1612	NC_000020.11:34290799:G:A	CCSBVarC016774	ENSP00000217426.2:p.Arg233Trp	AHCY	ENSG00000101444	C1orf50
HsVcPPILacVa1	CCSBORF5896	2	CCSBORF3753	LW	2	706G>A	681	NC_000020.11:34290790:C:T	CCSBVarC016778	ENSP00000217426.2:p.Gly236Arg	AHCY	ENSG00000101444	C1orf50
HsVcPPILacVa1	CCSBORF5896	2	CCSBORF3753	LW	2	853C>T	403	NC_000020.11:34290551:G:A	CCSBVarC016784	ENSP00000217426.2:p.Arg285Trp	AHCY	ENSG00000101444	C1orf50
HsVcPPILacVa1	CCSBORF5896	2	CCSBORF3753	LW	2	97A>G	3	NC_000020.11:34295516:T:C	CCSBVarC016791	ENSP00000217426.2:p.Met33Val	AHCY	ENSG00000101444	C1orf50
HsVcPPILacVa1	CCSBORF7637	1	CCSBORF13662	LW	2	REF	634	NULL	NULL	NULL	CFP	ENSG00000126759	CYSRT1
HsVcPPILacVa1	CCSBORF7637	1	CCSBORF13662	LW	2	1076G>A	2	NC_000023.11:47626383:C:T	CCSBVarC017055	ENSP00000380189.3:p.Arg359Gln	CFP	ENSG00000126759	CYSRT1
HsVcPPILacVa1	CCSBORF7637	1	CCSBORF13662	LW	2	1180C>T	252	NC_000023.11:47626121:G:A	CCSBVarC017072	ENSP00000380189.3:p.Pro394Ser	CFP	ENSG00000126759	CYSRT1
HsVcPPILacVa1	CCSBORF7637	1	CCSBORF13662	LW	2	1205C>G	1197	NC_000023.11:47626096:G:C	CCSBVarC017075	ENSP00000380189.3:p.Ala402Gly	CFP	ENSG00000126759	CYSRT1
HsVcPPILacVa1	CCSBORF7637	1	CCSBORF13662	LW	2	121G>A	369	NC_000023.11:47629629:C:T	CCSBVarC010168	ENSP00000380189.3:p.Gly41Ser	CFP	ENSG00000126759	CYSRT1
HsVcPPILacVa1	CCSBORF7637	1	CCSBORF13662	LW	2	1237A>G	697	NC_000023.11:47626064:T:C	CCSBVarC017079	ENSP00000380189.3:p.Lys413Glu	CFP	ENSG00000126759	CYSRT1
HsVcPPILacVa1	CCSBORF7637	1	CCSBORF13662	LW	2	1240T>G	158	NC_000023.11:47626061:A:C	CCSBVarC004314	ENSP00000380189.3:p.Tyr414Asp	CFP	ENSG00000126759	CYSRT1
HsVcPPILacVa1	CCSBORF7637	1	CCSBORF13662	LW	2	1301G>C	344	NC_000023.11:47624383:C:G	CCSBVarC017083	ENSP00000380189.3:p.Arg434Thr	CFP	ENSG00000126759	CYSRT1
HsVcPPILacVa1	CCSBORF7637	1	CCSBORF13662	LW	2	1369C>T	704	NC_000023.11:47624315:G:A	CCSBVarC017087	ENSP00000380189.3:p.His457Tyr	CFP	ENSG00000126759	CYSRT1
HsVcPPILacVa1	CCSBORF7637	1	CCSBORF13662	LW	2	232C>G	1667	NC_000023.11:47628272:G:C	CCSBVarC017091	ENSP00000380189.3:p.Pro78Ala	CFP	ENSG00000126759	CYSRT1
HsVcPPILacVa1	CCSBORF7637	1	CCSBORF13662	LW	2	236G>A	21	NC_000023.11:47628268:C:T	CCSBVarC010162	ENSP00000380189.3:p.Arg79Gln	CFP	ENSG00000126759	CYSRT1
HsVcPPILacVa1	CCSBORF7637	1	CCSBORF13662	LW	2	308G>A	55	NC_000023.11:47628196:C:T	CCSBVarC017095	ENSP00000380189.3:p.Arg103His	CFP	ENSG00000126759	CYSRT1
HsVcPPILacVa1	CCSBORF7637	1	CCSBORF13662	LW	2	343G>T	903	NC_000023.11:47628161:C:A	CCSBVarC017099	ENSP00000380189.3:p.Val115Leu	CFP	ENSG00000126759	CYSRT1
HsVcPPILacVa1	CCSBORF7637	1	CCSBORF13662	LW	2	412G>A	7	NC_000023.11:47627632:C:T	CCSBVarC017103	ENSP00000380189.3:p.Gly138Ser	CFP	ENSG00000126759	CYSRT1
HsVcPPILacVa1	CCSBORF7637	1	CCSBORF13662	LW	2	469C>T	24	NC_000023.11:47627575:G:A	CCSBVarC017107	ENSP00000380189.3:p.Arg157Trp	CFP	ENSG00000126759	CYSRT1
HsVcPPILacVa1	CCSBORF7637	1	CCSBORF13662	LW	2	482G>A	5	NC_000023.11:47627562:C:T	CCSBVarC017122	ENSP00000380189.3:p.Arg161Gln	CFP	ENSG00000126759	CYSRT1
HsVcPPILacVa1	CCSBORF7637	1	CCSBORF13662	LW	2	643G>A	26	NC_000023.11:47627263:C:T	CCSBVarC017126	ENSP00000380189.3:p.Glu215Lys	CFP	ENSG00000126759	CYSRT1
HsVcPPILacVa1	CCSBORF7637	1	CCSBORF13662	LW	2	709C>T	5	NC_000023.11:47627197:G:A	CCSBVarC017130	ENSP00000380189.3:p.Pro237Ser	CFP	ENSG00000126759	CYSRT1
HsVcPPILacVa1	CCSBORF7637	1	CCSBORF13662	LW	2	739A>T	340	NC_000023.11:47627167:T:A	CCSBVarC017134	ENSP00000380189.3:p.Arg247Trp	CFP	ENSG00000126759	CYSRT1
HsVcPPILacVa1	CCSBORF7637	1	CCSBORF13662	LW	2	865C>T	1711	NC_000023.11:47626847:G:A	CCSBVarC017137	ENSP00000380189.3:p.Pro289Ser	CFP	ENSG00000126759	CYSRT1
HsVcPPILacVa1	CCSBORF7637	1	CCSBORF13662	LW	2	895G>A	35	NC_000023.11:47626817:C:T	CCSBVarC010164	ENSP00000380189.3:p.Asp299Asn	CFP	ENSG00000126759	CYSRT1
HsVcPPILacVa1	CCSBORF7637	1	CCSBORF13662	LW	2	961T>G	1488	NC_000023.11:47626498:A:C	CCSBVarC010175	ENSP00000380189.3:p.Trp321Gly	CFP	ENSG00000126759	CYSRT1
HsVcPPILacVa1	CCSBORF7637	1	CCSBORF13662	LW	2	962G>C	5	NC_000023.11:47626497:C:G	CCSBVarC001212	ENSP00000380189.3:p.Trp321Ser	CFP	ENSG00000126759	CYSRT1
HsVcPPILacVa1	CCSBORF4870	2	CCSBORF55664	LW	2	REF	215	NULL	NULL	NULL	KRT6A	ENSG00000205420	TRIM54
HsVcPPILacVa1	CCSBORF4870	2	CCSBORF55664	LW	2	1198A>C	472	NC_000012.12:52489947:T:G	CCSBVarC015603	ENSP00000369317.3:p.Lys400Gln	KRT6A	ENSG00000205420	TRIM54
HsVcPPILacVa1	CCSBORF4870	2	CCSBORF55664	LW	2	1282G>A	168	NC_000012.12:52488469:C:T	CCSBVarC015611	ENSP00000369317.3:p.Glu428Lys	KRT6A	ENSG00000205420	TRIM54
HsVcPPILacVa1	CCSBORF4870	2	CCSBORF55664	LW	2	1378G>A	712	NC_000012.12:52488373:C:T	CCSBVarC015615	ENSP00000369317.3:p.Val460Met	KRT6A	ENSG00000205420	TRIM54
HsVcPPILacVa1	CCSBORF4870	2	CCSBORF55664	LW	2	1381G>A	1688	NC_000012.12:52488370:C:T	CCSBVarC003673	ENSP00000369317.3:p.Glu461Lys	KRT6A	ENSG00000205420	TRIM54
HsVcPPILacVa1	CCSBORF4870	2	CCSBORF55664	LW	2	1387G>C	416	NC_000012.12:52488364:C:G	CCSBVarC000721	ENSP00000369317.3:p.Ala463Pro	KRT6A	ENSG00000205420	TRIM54
HsVcPPILacVa1	CCSBORF4870	2	CCSBORF55664	LW	2	1393T>C	3	NC_000012.12:52488358:A:G	CCSBVarC003675	ENSP00000369317.3:p.Tyr465His	KRT6A	ENSG00000205420	TRIM54
HsVcPPILacVa1	CCSBORF4870	2	CCSBORF55664	LW	2	1403T>A	114	NC_000012.12:52488348:A:T	CCSBVarC003677	ENSP00000369317.3:p.Leu468Gln	KRT6A	ENSG00000205420	TRIM54
HsVcPPILacVa1	CCSBORF4870	2	CCSBORF55664	LW	2	1416G>C	1042	NC_000012.12:52488335:C:G	CCSBVarC003679	ENSP00000369317.3:p.Glu472Asp	KRT6A	ENSG00000205420	TRIM54
HsVcPPILacVa1	CCSBORF4870	2	CCSBORF55664	LW	2	1456A>G	2	NC_000012.12:52488071:T:C	CCSBVarC015620	ENSP00000369317.3:p.Ile486Val	KRT6A	ENSG00000205420	TRIM54
HsVcPPILacVa1	CCSBORF4870	2	CCSBORF55664	LW	2	1567G>A	63	NC_000012.12:52487847:C:T	CCSBVarC009576	ENSP00000369317.3:p.Val523Ile	KRT6A	ENSG00000205420	TRIM54
HsVcPPILacVa1	CCSBORF4870	2	CCSBORF55664	LW	2	1567G>T	270	NC_000012.12:52487847:C:A	CCSBVarC002920	ENSP00000369317.3:p.Val523Phe	KRT6A	ENSG00000205420	TRIM54
HsVcPPILacVa1	CCSBORF4870	2	CCSBORF55664	LW	2	1604T>C	364	NC_000012.12:52487810:A:G	CCSBVarC015632	ENSP00000369317.3:p.Ile535Thr	KRT6A	ENSG00000205420	TRIM54
HsVcPPILacVa1	CCSBORF4870	2	CCSBORF55664	LW	2	1650G>T	562	NC_000012.12:52487764:C:A	CCSBVarC015638	ENSP00000369317.3:p.Lys550Asn	KRT6A	ENSG00000205420	TRIM54
HsVcPPILacVa1	CCSBORF4870	2	CCSBORF55664	LW	2	332G>A	0	NC_000012.12:52492856:C:T	CCSBVarC015647	ENSP00000369317.3:p.Gly111Asp	KRT6A	ENSG00000205420	TRIM54
HsVcPPILacVa1	CCSBORF4870	2	CCSBORF55664	LW	2	361G>A	228	NC_000012.12:52492827:C:T	CCSBVarC015651	ENSP00000369317.3:p.Gly121Ser	KRT6A	ENSG00000205420	TRIM54
HsVcPPILacVa1	CCSBORF4870	2	CCSBORF55664	LW	2	46C>T	2	NC_000012.12:52493142:G:A	CCSBVarC015667	ENSP00000369317.3:p.Arg16Trp	KRT6A	ENSG00000205420	TRIM54
HsVcPPILacVa1	CCSBORF4870	2	CCSBORF55664	LW	2	491G>C	342	NC_000012.12:52492697:C:G	CCSBVarC003663	ENSP00000369317.3:p.Arg164Pro	KRT6A	ENSG00000205420	TRIM54
HsVcPPILacVa1	CCSBORF4870	2	CCSBORF55664	LW	2	500T>G	1	NC_000012.12:52492688:A:C	CCSBVarC003665	ENSP00000369317.3:p.Ile167Ser	KRT6A	ENSG00000205420	TRIM54
HsVcPPILacVa1	CCSBORF4870	2	CCSBORF55664	LW	2	511A>T	260	NC_000012.12:52492677:T:A	CCSBVarC003667	ENSP00000369317.3:p.Asn171Tyr	KRT6A	ENSG00000205420	TRIM54
HsVcPPILacVa1	CCSBORF4870	2	CCSBORF55664	LW	2	512A>G	401	NC_000012.12:52492676:T:C	CCSBVarC003669	ENSP00000369317.3:p.Asn171Ser	KRT6A	ENSG00000205420	TRIM54
HsVcPPILacVa1	CCSBORF4870	2	CCSBORF55664	LW	2	520T>G	3	NC_000012.12:52492668:A:C	CCSBVarC000719	ENSP00000369317.3:p.Phe174Val	KRT6A	ENSG00000205420	TRIM54
HsVcPPILacVa1	CCSBORF4870	2	CCSBORF55664	LW	2	526T>C	147	NC_000012.12:52492662:A:G	CCSBVarC003671	ENSP00000369317.3:p.Ser176Pro	KRT6A	ENSG00000205420	TRIM54
HsVcPPILacVa1	CCSBORF4870	2	CCSBORF55664	LW	2	628C>A	823	NC_000012.12:52491648:G:T	CCSBVarC009567	ENSP00000369317.3:p.Leu210Met	KRT6A	ENSG00000205420	TRIM54
HsVcPPILacVa1	CCSBORF4870	2	CCSBORF55664	LW	2	632A>G	0	NC_000012.12:52491644:T:C	CCSBVarC015673	ENSP00000369317.3:p.Glu211Gly	KRT6A	ENSG00000205420	TRIM54
HsVcPPILacVa1	CCSBORF4870	2	CCSBORF55664	LW	2	680G>A	2	NC_000012.12:52491596:C:T	CCSBVarC015679	ENSP00000369317.3:p.Ser227Asn	KRT6A	ENSG00000205420	TRIM54
HsVcPPILacVa1	CCSBORF4870	2	CCSBORF55664	LW	2	745T>C	713	NC_000012.12:52491531:A:G	CCSBVarC002915	ENSP00000369317.3:p.Phe249Leu	KRT6A	ENSG00000205420	TRIM54
HsVcPPILacVa1	CCSBORF4870	2	CCSBORF55664	LW	2	806C>T	6	NC_000012.12:52491121:G:A	CCSBVarC015685	ENSP00000369317.3:p.Thr269Ile	KRT6A	ENSG00000205420	TRIM54
HsVcPPILacVa1	CCSBORF4870	2	CCSBORF55664	LW	2	968A>T	0	NC_000012.12:52490677:T:A	CCSBVarC015689	ENSP00000369317.3:p.Asp323Val	KRT6A	ENSG00000205420	TRIM54
HsVcPPILacVa1	CCSBORF4870	2	CCSBORF55664	LW	2	981C>G	1	NC_000012.12:52490664:G:C	CCSBVarC015694	ENSP00000369317.3:p.Asn327Lys	KRT6A	ENSG00000205420	TRIM54
HsVcPPILacVa1	CCSBORF4870	1	CCSBORF56141	LW	2	REF	139	NULL	NULL	NULL	KRT6A	ENSG00000205420	KRT31
HsVcPPILacVa1	CCSBORF4870	1	CCSBORF56141	LW	2	1003G>A	0	NC_000012.12:52490642:C:T	CCSBVarC009565	ENSP00000369317.3:p.Ala335Thr	KRT6A	ENSG00000205420	KRT31
HsVcPPILacVa1	CCSBORF4870	1	CCSBORF56141	LW	2	1157G>T	1	NC_000012.12:52489988:C:A	CCSBVarC015599	ENSP00000369317.3:p.Arg386Leu	KRT6A	ENSG00000205420	KRT31
HsVcPPILacVa1	CCSBORF4870	1	CCSBORF56141	LW	2	1211A>G	0	NC_000012.12:52488540:T:C	CCSBVarC015607	ENSP00000369317.3:p.Asn404Ser	KRT6A	ENSG00000205420	KRT31
HsVcPPILacVa1	CCSBORF4870	1	CCSBORF56141	LW	2	1327C>T	0	NC_000012.12:52488424:G:A	CCSBVarC009573	ENSP00000369317.3:p.Arg443Trp	KRT6A	ENSG00000205420	KRT31
HsVcPPILacVa1	CCSBORF4870	1	CCSBORF56141	LW	2	1340A>G	3	NC_000012.12:52488411:T:C	CCSBVarC015613	ENSP00000369317.3:p.Glu447Gly	KRT6A	ENSG00000205420	KRT31
HsVcPPILacVa1	CCSBORF4870	1	CCSBORF56141	LW	2	1385T>A	2	NC_000012.12:52488366:A:T	CCSBVarC003674	ENSP00000369317.3:p.Ile462Asn	KRT6A	ENSG00000205420	KRT31
HsVcPPILacVa1	CCSBORF4870	1	CCSBORF56141	LW	2	1385T>G	0	NC_000012.12:52488366:A:C	CCSBVarC000720	ENSP00000369317.3:p.Ile462Ser	KRT6A	ENSG00000205420	KRT31
HsVcPPILacVa1	CCSBORF4870	1	CCSBORF56141	LW	2	1403T>C	1283	NC_000012.12:52488348:A:G	CCSBVarC003676	ENSP00000369317.3:p.Leu468Pro	KRT6A	ENSG00000205420	KRT31
HsVcPPILacVa1	CCSBORF4870	1	CCSBORF56141	LW	2	1414G>A	676	NC_000012.12:52488337:C:T	CCSBVarC003678	ENSP00000369317.3:p.Glu472Lys	KRT6A	ENSG00000205420	KRT31
HsVcPPILacVa1	CCSBORF4870	1	CCSBORF56141	LW	2	1441G>A	0	NC_000012.12:52488086:C:T	CCSBVarC015618	ENSP00000369317.3:p.Val481Ile	KRT6A	ENSG00000205420	KRT31
HsVcPPILacVa1	CCSBORF4870	1	CCSBORF56141	LW	2	1534G>A	2	NC_000012.12:52487880:C:T	CCSBVarC015629	ENSP00000369317.3:p.Gly512Arg	KRT6A	ENSG00000205420	KRT31
HsVcPPILacVa1	CCSBORF4870	1	CCSBORF56141	LW	2	1606G>A	0	NC_000012.12:52487808:C:T	CCSBVarC015635	ENSP00000369317.3:p.Gly536Arg	KRT6A	ENSG00000205420	KRT31
HsVcPPILacVa1	CCSBORF4870	1	CCSBORF56141	LW	2	1655C>G	0	NC_000012.12:52487759:G:C	CCSBVarC002916	ENSP00000369317.3:p.Thr552Ser	KRT6A	ENSG00000205420	KRT31
HsVcPPILacVa1	CCSBORF4870	1	CCSBORF56141	LW	2	215T>C	1	NC_000012.12:52492973:A:G	CCSBVarC015643	ENSP00000369317.3:p.Ile72Thr	KRT6A	ENSG00000205420	KRT31
HsVcPPILacVa1	CCSBORF4870	1	CCSBORF56141	LW	2	359G>T	0	NC_000012.12:52492829:C:A	CCSBVarC015649	ENSP00000369317.3:p.Gly120Val	KRT6A	ENSG00000205420	KRT31
HsVcPPILacVa1	CCSBORF4870	1	CCSBORF56141	LW	2	365T>C	0	NC_000012.12:52492823:A:G	CCSBVarC015653	ENSP00000369317.3:p.Phe122Ser	KRT6A	ENSG00000205420	KRT31
HsVcPPILacVa1	CCSBORF4870	1	CCSBORF56141	LW	2	460C>G	1	NC_000012.12:52492728:G:C	CCSBVarC015670	ENSP00000369317.3:p.Pro154Ala	KRT6A	ENSG00000205420	KRT31
HsVcPPILacVa1	CCSBORF4870	1	CCSBORF56141	LW	2	487G>A	52	NC_000012.12:52492701:C:T	CCSBVarC003662	ENSP00000369317.3:p.Glu163Lys	KRT6A	ENSG00000205420	KRT31
HsVcPPILacVa1	CCSBORF4870	1	CCSBORF56141	LW	2	497A>C	350	NC_000012.12:52492691:T:G	CCSBVarC003664	ENSP00000369317.3:p.Gln166Pro	KRT6A	ENSG00000205420	KRT31
HsVcPPILacVa1	CCSBORF4870	1	CCSBORF56141	LW	2	508C>T	961	NC_000012.12:52492680:G:A	CCSBVarC003666	ENSP00000369317.3:p.Leu170Phe	KRT6A	ENSG00000205420	KRT31
HsVcPPILacVa1	CCSBORF4870	1	CCSBORF56141	LW	2	511A>G	418	NC_000012.12:52492677:T:C	CCSBVarC003668	ENSP00000369317.3:p.Asn171Asp	KRT6A	ENSG00000205420	KRT31
HsVcPPILacVa1	CCSBORF4870	1	CCSBORF56141	LW	2	512A>C	0	NC_000012.12:52492676:T:G	CCSBVarC003670	ENSP00000369317.3:p.Asn171Thr	KRT6A	ENSG00000205420	KRT31
HsVcPPILacVa1	CCSBORF4870	1	CCSBORF56141	LW	2	513C>A	213	NC_000012.12:52492675:G:T	CCSBVarC000718	ENSP00000369317.3:p.Asn171Lys	KRT6A	ENSG00000205420	KRT31
HsVcPPILacVa1	CCSBORF4870	1	CCSBORF56141	LW	2	533T>A	2277	NC_000012.12:52492655:A:T	CCSBVarC003672	ENSP00000369317.3:p.Ile178Asn	KRT6A	ENSG00000205420	KRT31
HsVcPPILacVa1	CCSBORF4870	1	CCSBORF56141	LW	2	62A>G	6	NC_000012.12:52493126:T:C	CCSBVarC002913	ENSP00000369317.3:p.Asn21Ser	KRT6A	ENSG00000205420	KRT31
HsVcPPILacVa1	CCSBORF4870	1	CCSBORF56141	LW	2	661C>A	1	NC_000012.12:52491615:G:T	CCSBVarC015676	ENSP00000369317.3:p.Leu221Ile	KRT6A	ENSG00000205420	KRT31
HsVcPPILacVa1	CCSBORF4870	1	CCSBORF56141	LW	2	718A>G	0	NC_000012.12:52491558:T:C	CCSBVarC015683	ENSP00000369317.3:p.Arg240Gly	KRT6A	ENSG00000205420	KRT31
HsVcPPILacVa1	CCSBORF4870	1	CCSBORF56141	LW	2	827C>T	1	NC_000012.12:52490942:G:A	CCSBVarC015687	ENSP00000369317.3:p.Ala276Val	KRT6A	ENSG00000205420	KRT31
HsVcPPILacVa1	CCSBORF4870	1	CCSBORF56141	LW	2	98T>C	5	NC_000012.12:52493090:A:G	CCSBVarC015691	ENSP00000369317.3:p.Phe33Ser	KRT6A	ENSG00000205420	KRT31
HsVcPPILacVa1	CCSBORF3581	1	CCSBORF820	LW	2	REF	270	NULL	NULL	NULL	MCOLN1	ENSG00000090674	APPBP2
HsVcPPILacVa1	CCSBORF3581	1	CCSBORF820	LW	2	1062G>T	0	NC_000019.10:7528897:G:T	CCSBVarC016196	ENSP00000264079.5:p.Trp354Cys	MCOLN1	ENSG00000090674	APPBP2
HsVcPPILacVa1	CCSBORF3581	1	CCSBORF820	LW	2	1084G>T	1575	NC_000019.10:7528919:G:T	CCSBVarC000496	ENSP00000264079.5:p.Asp362Tyr	MCOLN1	ENSG00000090674	APPBP2
HsVcPPILacVa1	CCSBORF3581	1	CCSBORF820	LW	2	1207C>T	953	NC_000019.10:7529172:C:T	CCSBVarC003574	ENSP00000264079.5:p.Arg403Cys	MCOLN1	ENSG00000090674	APPBP2
HsVcPPILacVa1	CCSBORF3581	1	CCSBORF820	LW	2	1208G>A	113	NC_000019.10:7529173:G:A	CCSBVarC016205	ENSP00000264079.5:p.Arg403His	MCOLN1	ENSG00000090674	APPBP2
HsVcPPILacVa1	CCSBORF3581	1	CCSBORF820	LW	2	16G>T	2	NC_000019.10:7522765:G:T	CCSBVarC016237	ENSP00000264079.5:p.Gly6Cys	MCOLN1	ENSG00000090674	APPBP2
HsVcPPILacVa1	CCSBORF3581	1	CCSBORF820	LW	2	248T>G	0	NC_000019.10:7526448:T:G	CCSBVarC016247	ENSP00000264079.5:p.Phe83Cys	MCOLN1	ENSG00000090674	APPBP2
HsVcPPILacVa1	CCSBORF3581	1	CCSBORF820	LW	2	364C>T	2	NC_000019.10:7526564:C:T	CCSBVarC016256	ENSP00000264079.5:p.Arg122Trp	MCOLN1	ENSG00000090674	APPBP2
HsVcPPILacVa1	CCSBORF3581	1	CCSBORF820	LW	2	367G>A	1037	NC_000019.10:7526567:G:A	CCSBVarC016262	ENSP00000264079.5:p.Glu123Lys	MCOLN1	ENSG00000090674	APPBP2
HsVcPPILacVa1	CCSBORF3581	1	CCSBORF820	LW	2	452G>A	112	NC_000019.10:7526806:G:A	CCSBVarC016272	ENSP00000264079.5:p.Arg151His	MCOLN1	ENSG00000090674	APPBP2
HsVcPPILacVa1	CCSBORF3581	1	CCSBORF820	LW	2	497G>T	6	NC_000019.10:7526851:G:T	CCSBVarC016278	ENSP00000264079.5:p.Cys166Phe	MCOLN1	ENSG00000090674	APPBP2
HsVcPPILacVa1	CCSBORF3581	1	CCSBORF820	LW	2	589C>A	942	NC_000019.10:7527536:C:A	CCSBVarC016283	ENSP00000264079.5:p.Pro197Thr	MCOLN1	ENSG00000090674	APPBP2
HsVcPPILacVa1	CCSBORF3581	1	CCSBORF820	LW	2	625C>T	2	NC_000019.10:7527572:C:T	CCSBVarC009375	ENSP00000264079.5:p.Leu209Phe	MCOLN1	ENSG00000090674	APPBP2
HsVcPPILacVa1	CCSBORF3581	1	CCSBORF820	LW	2	71C>A	1589	NC_000019.10:7524999:C:A	CCSBVarC016317	ENSP00000264079.5:p.Thr24Asn	MCOLN1	ENSG00000090674	APPBP2
HsVcPPILacVa1	CCSBORF3581	1	CCSBORF820	LW	2	782C>T	15	NC_000019.10:7528161:C:T	CCSBVarC016322	ENSP00000264079.5:p.Thr261Met	MCOLN1	ENSG00000090674	APPBP2
HsVcPPILacVa1	CCSBORF3581	1	CCSBORF820	LW	2	815C>G	567	NC_000019.10:7528194:C:G	CCSBVarC016362	ENSP00000264079.5:p.Pro272Arg	MCOLN1	ENSG00000090674	APPBP2
HsVcPPILacVa1	CCSBORF3581	1	CCSBORF820	LW	2	907G>A	1	NC_000019.10:7528625:G:A	CCSBVarC016388	ENSP00000264079.5:p.Val303Met	MCOLN1	ENSG00000090674	APPBP2
HsVcPPILacVa1	CCSBORF1231	1	CCSBORF71894	LW	2	REF	1098	NULL	NULL	NULL	AQP1	ENSG00000240583	ZIM2
HsVcPPILacVa1	CCSBORF1231	1	CCSBORF71894	LW	2	113C>T	1339	NC_000007.14:30912021:C:T	CCSBVarC000137	ENSP00000311165.4:p.Pro38Leu	AQP1	ENSG00000240583	ZIM2
HsVcPPILacVa1	CCSBORF1231	1	CCSBORF71894	LW	2	140A>G	7689	NC_000007.14:30912048:A:G	CCSBVarC000138	ENSP00000311165.4:p.Gln47Arg	AQP1	ENSG00000240583	ZIM2
HsVcPPILacVa1	CCSBORF1231	1	CCSBORF71894	LW	2	319G>A	8	NC_000007.14:30912227:G:A	CCSBVarC015066	ENSP00000311165.4:p.Val107Ile	AQP1	ENSG00000240583	ZIM2
HsVcPPILacVa1	CCSBORF1231	1	CCSBORF71894	LW	2	320T>G	1700	NC_000007.14:30912228:T:G	CCSBVarC015069	ENSP00000311165.4:p.Val107Gly	AQP1	ENSG00000240583	ZIM2
HsVcPPILacVa1	CCSBORF1231	1	CCSBORF71894	LW	2	494G>A	335	NC_000007.14:30922174:G:A	CCSBVarC015072	ENSP00000311165.4:p.Gly165Asp	AQP1	ENSG00000240583	ZIM2
HsVcPPILacVa1	CCSBORF1231	1	CCSBORF71894	LW	2	576C>A	1688	NC_000007.14:30922589:C:A	CCSBVarC000139	ENSP00000311165.4:p.Asn192Lys	AQP1	ENSG00000240583	ZIM2
HsVcPPILacVa1	CCSBORF1231	1	CCSBORF52758	LW	2	REF	1575	NULL	NULL	NULL	AQP1	ENSG00000240583	ZNF792
HsVcPPILacVa1	CCSBORF1231	1	CCSBORF52758	LW	2	113C>T	1047	NC_000007.14:30912021:C:T	CCSBVarC000137	ENSP00000311165.4:p.Pro38Leu	AQP1	ENSG00000240583	ZNF792
HsVcPPILacVa1	CCSBORF1231	1	CCSBORF52758	LW	2	140A>G	6505	NC_000007.14:30912048:A:G	CCSBVarC000138	ENSP00000311165.4:p.Gln47Arg	AQP1	ENSG00000240583	ZNF792
HsVcPPILacVa1	CCSBORF1231	1	CCSBORF52758	LW	2	319G>A	5	NC_000007.14:30912227:G:A	CCSBVarC015066	ENSP00000311165.4:p.Val107Ile	AQP1	ENSG00000240583	ZNF792
HsVcPPILacVa1	CCSBORF1231	1	CCSBORF52758	LW	2	320T>G	2659	NC_000007.14:30912228:T:G	CCSBVarC015069	ENSP00000311165.4:p.Val107Gly	AQP1	ENSG00000240583	ZNF792
HsVcPPILacVa1	CCSBORF1231	1	CCSBORF52758	LW	2	494G>A	476	NC_000007.14:30922174:G:A	CCSBVarC015072	ENSP00000311165.4:p.Gly165Asp	AQP1	ENSG00000240583	ZNF792
HsVcPPILacVa1	CCSBORF1231	1	CCSBORF52758	LW	2	576C>A	2321	NC_000007.14:30922589:C:A	CCSBVarC000139	ENSP00000311165.4:p.Asn192Lys	AQP1	ENSG00000240583	ZNF792
HsVcPPILacVa1	CCSBORF1231	1	CCSBORF7954	LW	2	REF	1257	NULL	NULL	NULL	AQP1	ENSG00000240583	BEGAIN
HsVcPPILacVa1	CCSBORF1231	1	CCSBORF7954	LW	2	113C>T	1270	NC_000007.14:30912021:C:T	CCSBVarC000137	ENSP00000311165.4:p.Pro38Leu	AQP1	ENSG00000240583	BEGAIN
HsVcPPILacVa1	CCSBORF1231	1	CCSBORF7954	LW	2	140A>G	6464	NC_000007.14:30912048:A:G	CCSBVarC000138	ENSP00000311165.4:p.Gln47Arg	AQP1	ENSG00000240583	BEGAIN
HsVcPPILacVa1	CCSBORF1231	1	CCSBORF7954	LW	2	319G>A	20	NC_000007.14:30912227:G:A	CCSBVarC015066	ENSP00000311165.4:p.Val107Ile	AQP1	ENSG00000240583	BEGAIN
HsVcPPILacVa1	CCSBORF1231	1	CCSBORF7954	LW	2	320T>G	1655	NC_000007.14:30912228:T:G	CCSBVarC015069	ENSP00000311165.4:p.Val107Gly	AQP1	ENSG00000240583	BEGAIN
HsVcPPILacVa1	CCSBORF1231	1	CCSBORF7954	LW	2	494G>A	326	NC_000007.14:30922174:G:A	CCSBVarC015072	ENSP00000311165.4:p.Gly165Asp	AQP1	ENSG00000240583	BEGAIN
HsVcPPILacVa1	CCSBORF1231	1	CCSBORF7954	LW	2	576C>A	1993	NC_000007.14:30922589:C:A	CCSBVarC000139	ENSP00000311165.4:p.Asn192Lys	AQP1	ENSG00000240583	BEGAIN
HsVcPPILacVa1	CCSBORF70357	2	CCSBORF0	LW	2	REF	908	NULL	NULL	NULL	TSFM	ENSG00000123297	empty_AD
HsVcPPILacVa1	CCSBORF70357	2	CCSBORF0	LW	2	116G>T	4516	NC_000012.12:57783167:G:T	CCSBVarC017014	ENSP00000499171.2:p.Arg39Leu	TSFM	ENSG00000123297	empty_AD
HsVcPPILacVa1	CCSBORF70357	2	CCSBORF0	LW	2	218G>C	4	NC_000012.12:57783269:G:C	CCSBVarC017018	ENSP00000499171.2:p.Gly73Ala	TSFM	ENSG00000123297	empty_AD
HsVcPPILacVa1	CCSBORF70357	2	CCSBORF0	LW	2	233C>T	10	NC_000012.12:57786163:C:T	CCSBVarC017023	ENSP00000499171.2:p.Ala78Val	TSFM	ENSG00000123297	empty_AD
HsVcPPILacVa1	CCSBORF70357	2	CCSBORF0	LW	2	271T>G	1483	NC_000012.12:57786201:T:G	CCSBVarC017027	ENSP00000499171.2:p.Trp91Gly	TSFM	ENSG00000123297	empty_AD
HsVcPPILacVa1	CCSBORF70357	2	CCSBORF0	LW	2	388A>G	2858	NC_000012.12:57787066:A:G	CCSBVarC017031	ENSP00000499171.2:p.Arg130Gly	TSFM	ENSG00000123297	empty_AD
HsVcPPILacVa1	CCSBORF70357	2	CCSBORF0	LW	2	521C>T	1	NC_000012.12:57793022:C:T	CCSBVarC017039	ENSP00000499171.2:p.Ala174Val	TSFM	ENSG00000123297	empty_AD
HsVcPPILacVa1	CCSBORF70357	2	CCSBORF0	LW	2	59C>T	805	NC_000012.12:57783110:C:T	CCSBVarC017054	ENSP00000499171.2:p.Ala20Val	TSFM	ENSG00000123297	empty_AD
HsVcPPILacVa1	CCSBORF70357	2	CCSBORF0	LW	2	5C>T	3236	NC_000012.12:57782805:C:T	CCSBVarC017035	ENSP00000499171.2:p.Ser2Leu	TSFM	ENSG00000123297	empty_AD
HsVcPPILacVa1	CCSBORF70357	2	CCSBORF0	LW	2	62G>C	16	NC_000012.12:57783113:G:C	CCSBVarC017057	ENSP00000499171.2:p.Gly21Ala	TSFM	ENSG00000123297	empty_AD
HsVcPPILacVa1	CCSBORF70357	2	CCSBORF0	LW	2	658G>A	6	NC_000012.12:57796262:G:A	CCSBVarC017059	ENSP00000499171.2:p.Ala220Thr	TSFM	ENSG00000123297	empty_AD
HsVcPPILacVa1	CCSBORF70357	2	CCSBORF0	LW	2	719G>C	3	NC_000012.12:57796323:G:C	CCSBVarC017062	ENSP00000499171.2:p.Cys240Ser	TSFM	ENSG00000123297	empty_AD
HsVcPPILacVa1	CCSBORF70357	2	CCSBORF0	LW	2	73C>A	2560	NC_000012.12:57783124:C:A	CCSBVarC017064	ENSP00000499171.2:p.Arg25Ser	TSFM	ENSG00000123297	empty_AD
HsVcPPILacVa1	CCSBORF70357	2	CCSBORF0	LW	2	760C>T	1640	NC_000012.12:57796364:C:T	CCSBVarC017066	ENSP00000499171.2:p.Arg254Cys	TSFM	ENSG00000123297	empty_AD
HsVcPPILacVa1	CCSBORF70357	2	CCSBORF0	LW	2	774G>C	570	NC_000012.12:57796378:G:C	CCSBVarC017068	ENSP00000499171.2:p.Gln258His	TSFM	ENSG00000123297	empty_AD
HsVcPPILacVa1	CCSBORF70357	2	CCSBORF0	LW	2	796C>A	2568	NC_000012.12:57796400:C:A	CCSBVarC017071	ENSP00000499171.2:p.Leu266Ile	TSFM	ENSG00000123297	empty_AD
HsVcPPILacVa1	CCSBORF70357	2	CCSBORF0	LW	2	797T>A	4	NC_000012.12:57796401:T:A	CCSBVarC017076	ENSP00000499171.2:p.Leu266His	TSFM	ENSG00000123297	empty_AD
HsVcPPILacVa1	CCSBORF70357	2	CCSBORF0	LW	2	826G>C	3549	NC_000012.12:57796430:G:C	CCSBVarC017080	ENSP00000499171.2:p.Gly276Arg	TSFM	ENSG00000123297	empty_AD
HsVcPPILacVa1	CCSBORF70357	2	CCSBORF0	LW	2	934C>T	1046	NC_000012.12:57796538:C:T	CCSBVarC002653	ENSP00000499171.2:p.Arg312Trp	TSFM	ENSG00000123297	empty_AD
HsVcPPILacVa1	CCSBORF70357	2	CCSBORF0	LW	2	97A>G	38	NC_000012.12:57783148:A:G	CCSBVarC017088	ENSP00000499171.2:p.Thr33Ala	TSFM	ENSG00000123297	empty_AD
HsVcPPILacVa1	CCSBORF5896	2	CCSBORF0	LW	2	REF	247	NULL	NULL	NULL	AHCY	ENSG00000101444	empty_AD
HsVcPPILacVa1	CCSBORF5896	2	CCSBORF0	LW	2	1003C>T	1788	NC_000020.11:34285603:G:A	CCSBVarC016695	ENSP00000217426.2:p.Arg335Cys	AHCY	ENSG00000101444	empty_AD
HsVcPPILacVa1	CCSBORF5896	2	CCSBORF0	LW	2	104T>C	212	NC_000020.11:34295509:A:G	CCSBVarC016698	ENSP00000217426.2:p.Met35Thr	AHCY	ENSG00000101444	empty_AD
HsVcPPILacVa1	CCSBORF5896	2	CCSBORF0	LW	2	112C>T	412	NC_000020.11:34295501:G:A	CCSBVarC016719	ENSP00000217426.2:p.Arg38Trp	AHCY	ENSG00000101444	empty_AD
HsVcPPILacVa1	CCSBORF5896	2	CCSBORF0	LW	2	1190C>T	27	NC_000020.11:34281142:G:A	CCSBVarC016725	ENSP00000217426.2:p.Ala397Val	AHCY	ENSG00000101444	empty_AD
HsVcPPILacVa1	CCSBORF5896	2	CCSBORF0	LW	2	1261T>C	887	NC_000020.11:34281071:A:G	CCSBVarC016729	ENSP00000217426.2:p.Cys421Arg	AHCY	ENSG00000101444	empty_AD
HsVcPPILacVa1	CCSBORF5896	2	CCSBORF0	LW	2	137A>C	290	NC_000020.11:34295476:T:G	CCSBVarC016735	ENSP00000217426.2:p.Lys46Thr	AHCY	ENSG00000101444	empty_AD
HsVcPPILacVa1	CCSBORF5896	2	CCSBORF0	LW	2	257A>G	474	NC_000020.11:34294118:T:C	CCSBVarC000925	ENSP00000217426.2:p.Asp86Gly	AHCY	ENSG00000101444	empty_AD
HsVcPPILacVa1	CCSBORF5896	2	CCSBORF0	LW	2	274A>G	1762	NC_000020.11:34294101:T:C	CCSBVarC016741	ENSP00000217426.2:p.Ile92Val	AHCY	ENSG00000101444	empty_AD
HsVcPPILacVa1	CCSBORF5896	2	CCSBORF0	LW	2	367G>A	353	NC_000020.11:34292435:C:T	CCSBVarC016748	ENSP00000217426.2:p.Gly123Arg	AHCY	ENSG00000101444	empty_AD
HsVcPPILacVa1	CCSBORF5896	2	CCSBORF0	LW	2	394G>A	2	NC_000020.11:34292408:C:T	CCSBVarC016753	ENSP00000217426.2:p.Gly132Arg	AHCY	ENSG00000101444	empty_AD
HsVcPPILacVa1	CCSBORF5896	2	CCSBORF0	LW	2	428A>G	504	NC_000020.11:34292374:T:C	CCSBVarC000927	ENSP00000217426.2:p.Tyr143Cys	AHCY	ENSG00000101444	empty_AD
HsVcPPILacVa1	CCSBORF5896	2	CCSBORF0	LW	2	526C>T	526	NC_000020.11:34291450:G:A	CCSBVarC016759	ENSP00000217426.2:p.Pro176Ser	AHCY	ENSG00000101444	empty_AD
HsVcPPILacVa1	CCSBORF5896	2	CCSBORF0	LW	2	662A>G	1	NC_000020.11:34290834:T:C	CCSBVarC016765	ENSP00000217426.2:p.Tyr221Cys	AHCY	ENSG00000101444	empty_AD
HsVcPPILacVa1	CCSBORF5896	2	CCSBORF0	LW	2	697C>T	1281	NC_000020.11:34290799:G:A	CCSBVarC016774	ENSP00000217426.2:p.Arg233Trp	AHCY	ENSG00000101444	empty_AD
HsVcPPILacVa1	CCSBORF5896	2	CCSBORF0	LW	2	706G>A	528	NC_000020.11:34290790:C:T	CCSBVarC016778	ENSP00000217426.2:p.Gly236Arg	AHCY	ENSG00000101444	empty_AD
HsVcPPILacVa1	CCSBORF5896	2	CCSBORF0	LW	2	853C>T	210	NC_000020.11:34290551:G:A	CCSBVarC016784	ENSP00000217426.2:p.Arg285Trp	AHCY	ENSG00000101444	empty_AD
HsVcPPILacVa1	CCSBORF5896	2	CCSBORF0	LW	2	97A>G	1	NC_000020.11:34295516:T:C	CCSBVarC016791	ENSP00000217426.2:p.Met33Val	AHCY	ENSG00000101444	empty_AD
HsVcPPILacVa1	CCSBORF7637	1	CCSBORF0	LW	2	REF	355	NULL	NULL	NULL	CFP	ENSG00000126759	empty_AD
HsVcPPILacVa1	CCSBORF7637	1	CCSBORF0	LW	2	1076G>A	2	NC_000023.11:47626383:C:T	CCSBVarC017055	ENSP00000380189.3:p.Arg359Gln	CFP	ENSG00000126759	empty_AD
HsVcPPILacVa1	CCSBORF7637	1	CCSBORF0	LW	2	1180C>T	303	NC_000023.11:47626121:G:A	CCSBVarC017072	ENSP00000380189.3:p.Pro394Ser	CFP	ENSG00000126759	empty_AD
HsVcPPILacVa1	CCSBORF7637	1	CCSBORF0	LW	2	1205C>G	592	NC_000023.11:47626096:G:C	CCSBVarC017075	ENSP00000380189.3:p.Ala402Gly	CFP	ENSG00000126759	empty_AD
HsVcPPILacVa1	CCSBORF7637	1	CCSBORF0	LW	2	121G>A	222	NC_000023.11:47629629:C:T	CCSBVarC010168	ENSP00000380189.3:p.Gly41Ser	CFP	ENSG00000126759	empty_AD
HsVcPPILacVa1	CCSBORF7637	1	CCSBORF0	LW	2	1237A>G	444	NC_000023.11:47626064:T:C	CCSBVarC017079	ENSP00000380189.3:p.Lys413Glu	CFP	ENSG00000126759	empty_AD
HsVcPPILacVa1	CCSBORF7637	1	CCSBORF0	LW	2	1240T>G	120	NC_000023.11:47626061:A:C	CCSBVarC004314	ENSP00000380189.3:p.Tyr414Asp	CFP	ENSG00000126759	empty_AD
HsVcPPILacVa1	CCSBORF7637	1	CCSBORF0	LW	2	1301G>C	250	NC_000023.11:47624383:C:G	CCSBVarC017083	ENSP00000380189.3:p.Arg434Thr	CFP	ENSG00000126759	empty_AD
HsVcPPILacVa1	CCSBORF7637	1	CCSBORF0	LW	2	1369C>T	695	NC_000023.11:47624315:G:A	CCSBVarC017087	ENSP00000380189.3:p.His457Tyr	CFP	ENSG00000126759	empty_AD
HsVcPPILacVa1	CCSBORF7637	1	CCSBORF0	LW	2	232C>G	1068	NC_000023.11:47628272:G:C	CCSBVarC017091	ENSP00000380189.3:p.Pro78Ala	CFP	ENSG00000126759	empty_AD
HsVcPPILacVa1	CCSBORF7637	1	CCSBORF0	LW	2	236G>A	6	NC_000023.11:47628268:C:T	CCSBVarC010162	ENSP00000380189.3:p.Arg79Gln	CFP	ENSG00000126759	empty_AD
HsVcPPILacVa1	CCSBORF7637	1	CCSBORF0	LW	2	308G>A	36	NC_000023.11:47628196:C:T	CCSBVarC017095	ENSP00000380189.3:p.Arg103His	CFP	ENSG00000126759	empty_AD
HsVcPPILacVa1	CCSBORF7637	1	CCSBORF0	LW	2	343G>T	452	NC_000023.11:47628161:C:A	CCSBVarC017099	ENSP00000380189.3:p.Val115Leu	CFP	ENSG00000126759	empty_AD
HsVcPPILacVa1	CCSBORF7637	1	CCSBORF0	LW	2	412G>A	7	NC_000023.11:47627632:C:T	CCSBVarC017103	ENSP00000380189.3:p.Gly138Ser	CFP	ENSG00000126759	empty_AD
HsVcPPILacVa1	CCSBORF7637	1	CCSBORF0	LW	2	469C>T	13	NC_000023.11:47627575:G:A	CCSBVarC017107	ENSP00000380189.3:p.Arg157Trp	CFP	ENSG00000126759	empty_AD
HsVcPPILacVa1	CCSBORF7637	1	CCSBORF0	LW	2	482G>A	1	NC_000023.11:47627562:C:T	CCSBVarC017122	ENSP00000380189.3:p.Arg161Gln	CFP	ENSG00000126759	empty_AD
HsVcPPILacVa1	CCSBORF7637	1	CCSBORF0	LW	2	643G>A	16	NC_000023.11:47627263:C:T	CCSBVarC017126	ENSP00000380189.3:p.Glu215Lys	CFP	ENSG00000126759	empty_AD
HsVcPPILacVa1	CCSBORF7637	1	CCSBORF0	LW	2	709C>T	1	NC_000023.11:47627197:G:A	CCSBVarC017130	ENSP00000380189.3:p.Pro237Ser	CFP	ENSG00000126759	empty_AD
HsVcPPILacVa1	CCSBORF7637	1	CCSBORF0	LW	2	739A>T	183	NC_000023.11:47627167:T:A	CCSBVarC017134	ENSP00000380189.3:p.Arg247Trp	CFP	ENSG00000126759	empty_AD
HsVcPPILacVa1	CCSBORF7637	1	CCSBORF0	LW	2	865C>T	1190	NC_000023.11:47626847:G:A	CCSBVarC017137	ENSP00000380189.3:p.Pro289Ser	CFP	ENSG00000126759	empty_AD
HsVcPPILacVa1	CCSBORF7637	1	CCSBORF0	LW	2	895G>A	19	NC_000023.11:47626817:C:T	CCSBVarC010164	ENSP00000380189.3:p.Asp299Asn	CFP	ENSG00000126759	empty_AD
HsVcPPILacVa1	CCSBORF7637	1	CCSBORF0	LW	2	961T>G	959	NC_000023.11:47626498:A:C	CCSBVarC010175	ENSP00000380189.3:p.Trp321Gly	CFP	ENSG00000126759	empty_AD
HsVcPPILacVa1	CCSBORF7637	1	CCSBORF0	LW	2	962G>C	5	NC_000023.11:47626497:C:G	CCSBVarC001212	ENSP00000380189.3:p.Trp321Ser	CFP	ENSG00000126759	empty_AD
HsVcPPILacVa1	CCSBORF4870	2	CCSBORF11229	LW	2	REF	210	NULL	NULL	NULL	KRT6A	ENSG00000205420	KIFC3
HsVcPPILacVa1	CCSBORF4870	2	CCSBORF11229	LW	2	1198A>C	499	NC_000012.12:52489947:T:G	CCSBVarC015603	ENSP00000369317.3:p.Lys400Gln	KRT6A	ENSG00000205420	KIFC3
HsVcPPILacVa1	CCSBORF4870	2	CCSBORF11229	LW	2	1282G>A	137	NC_000012.12:52488469:C:T	CCSBVarC015611	ENSP00000369317.3:p.Glu428Lys	KRT6A	ENSG00000205420	KIFC3
HsVcPPILacVa1	CCSBORF4870	2	CCSBORF11229	LW	2	1378G>A	640	NC_000012.12:52488373:C:T	CCSBVarC015615	ENSP00000369317.3:p.Val460Met	KRT6A	ENSG00000205420	KIFC3
HsVcPPILacVa1	CCSBORF4870	2	CCSBORF11229	LW	2	1381G>A	1602	NC_000012.12:52488370:C:T	CCSBVarC003673	ENSP00000369317.3:p.Glu461Lys	KRT6A	ENSG00000205420	KIFC3
HsVcPPILacVa1	CCSBORF4870	2	CCSBORF11229	LW	2	1387G>C	269	NC_000012.12:52488364:C:G	CCSBVarC000721	ENSP00000369317.3:p.Ala463Pro	KRT6A	ENSG00000205420	KIFC3
HsVcPPILacVa1	CCSBORF4870	2	CCSBORF11229	LW	2	1393T>C	5	NC_000012.12:52488358:A:G	CCSBVarC003675	ENSP00000369317.3:p.Tyr465His	KRT6A	ENSG00000205420	KIFC3
HsVcPPILacVa1	CCSBORF4870	2	CCSBORF11229	LW	2	1403T>A	203	NC_000012.12:52488348:A:T	CCSBVarC003677	ENSP00000369317.3:p.Leu468Gln	KRT6A	ENSG00000205420	KIFC3
HsVcPPILacVa1	CCSBORF4870	2	CCSBORF11229	LW	2	1416G>C	861	NC_000012.12:52488335:C:G	CCSBVarC003679	ENSP00000369317.3:p.Glu472Asp	KRT6A	ENSG00000205420	KIFC3
HsVcPPILacVa1	CCSBORF4870	2	CCSBORF11229	LW	2	1456A>G	2	NC_000012.12:52488071:T:C	CCSBVarC015620	ENSP00000369317.3:p.Ile486Val	KRT6A	ENSG00000205420	KIFC3
HsVcPPILacVa1	CCSBORF4870	2	CCSBORF11229	LW	2	1567G>A	167	NC_000012.12:52487847:C:T	CCSBVarC009576	ENSP00000369317.3:p.Val523Ile	KRT6A	ENSG00000205420	KIFC3
HsVcPPILacVa1	CCSBORF4870	2	CCSBORF11229	LW	2	1567G>T	94	NC_000012.12:52487847:C:A	CCSBVarC002920	ENSP00000369317.3:p.Val523Phe	KRT6A	ENSG00000205420	KIFC3
HsVcPPILacVa1	CCSBORF4870	2	CCSBORF11229	LW	2	1604T>C	268	NC_000012.12:52487810:A:G	CCSBVarC015632	ENSP00000369317.3:p.Ile535Thr	KRT6A	ENSG00000205420	KIFC3
HsVcPPILacVa1	CCSBORF4870	2	CCSBORF11229	LW	2	1650G>T	385	NC_000012.12:52487764:C:A	CCSBVarC015638	ENSP00000369317.3:p.Lys550Asn	KRT6A	ENSG00000205420	KIFC3
HsVcPPILacVa1	CCSBORF4870	2	CCSBORF11229	LW	2	332G>A	1	NC_000012.12:52492856:C:T	CCSBVarC015647	ENSP00000369317.3:p.Gly111Asp	KRT6A	ENSG00000205420	KIFC3
HsVcPPILacVa1	CCSBORF4870	2	CCSBORF11229	LW	2	361G>A	223	NC_000012.12:52492827:C:T	CCSBVarC015651	ENSP00000369317.3:p.Gly121Ser	KRT6A	ENSG00000205420	KIFC3
HsVcPPILacVa1	CCSBORF4870	2	CCSBORF11229	LW	2	46C>T	16	NC_000012.12:52493142:G:A	CCSBVarC015667	ENSP00000369317.3:p.Arg16Trp	KRT6A	ENSG00000205420	KIFC3
HsVcPPILacVa1	CCSBORF4870	2	CCSBORF11229	LW	2	491G>C	475	NC_000012.12:52492697:C:G	CCSBVarC003663	ENSP00000369317.3:p.Arg164Pro	KRT6A	ENSG00000205420	KIFC3
HsVcPPILacVa1	CCSBORF4870	2	CCSBORF11229	LW	2	500T>G	0	NC_000012.12:52492688:A:C	CCSBVarC003665	ENSP00000369317.3:p.Ile167Ser	KRT6A	ENSG00000205420	KIFC3
HsVcPPILacVa1	CCSBORF4870	2	CCSBORF11229	LW	2	511A>T	344	NC_000012.12:52492677:T:A	CCSBVarC003667	ENSP00000369317.3:p.Asn171Tyr	KRT6A	ENSG00000205420	KIFC3
HsVcPPILacVa1	CCSBORF4870	2	CCSBORF11229	LW	2	512A>G	311	NC_000012.12:52492676:T:C	CCSBVarC003669	ENSP00000369317.3:p.Asn171Ser	KRT6A	ENSG00000205420	KIFC3
HsVcPPILacVa1	CCSBORF4870	2	CCSBORF11229	LW	2	520T>G	6	NC_000012.12:52492668:A:C	CCSBVarC000719	ENSP00000369317.3:p.Phe174Val	KRT6A	ENSG00000205420	KIFC3
HsVcPPILacVa1	CCSBORF4870	2	CCSBORF11229	LW	2	526T>C	175	NC_000012.12:52492662:A:G	CCSBVarC003671	ENSP00000369317.3:p.Ser176Pro	KRT6A	ENSG00000205420	KIFC3
HsVcPPILacVa1	CCSBORF4870	2	CCSBORF11229	LW	2	628C>A	1051	NC_000012.12:52491648:G:T	CCSBVarC009567	ENSP00000369317.3:p.Leu210Met	KRT6A	ENSG00000205420	KIFC3
HsVcPPILacVa1	CCSBORF4870	2	CCSBORF11229	LW	2	632A>G	6	NC_000012.12:52491644:T:C	CCSBVarC015673	ENSP00000369317.3:p.Glu211Gly	KRT6A	ENSG00000205420	KIFC3
HsVcPPILacVa1	CCSBORF4870	2	CCSBORF11229	LW	2	680G>A	2	NC_000012.12:52491596:C:T	CCSBVarC015679	ENSP00000369317.3:p.Ser227Asn	KRT6A	ENSG00000205420	KIFC3
HsVcPPILacVa1	CCSBORF4870	2	CCSBORF11229	LW	2	745T>C	608	NC_000012.12:52491531:A:G	CCSBVarC002915	ENSP00000369317.3:p.Phe249Leu	KRT6A	ENSG00000205420	KIFC3
HsVcPPILacVa1	CCSBORF4870	2	CCSBORF11229	LW	2	806C>T	2	NC_000012.12:52491121:G:A	CCSBVarC015685	ENSP00000369317.3:p.Thr269Ile	KRT6A	ENSG00000205420	KIFC3
HsVcPPILacVa1	CCSBORF4870	2	CCSBORF11229	LW	2	968A>T	0	NC_000012.12:52490677:T:A	CCSBVarC015689	ENSP00000369317.3:p.Asp323Val	KRT6A	ENSG00000205420	KIFC3
HsVcPPILacVa1	CCSBORF4870	2	CCSBORF11229	LW	2	981C>G	0	NC_000012.12:52490664:G:C	CCSBVarC015694	ENSP00000369317.3:p.Asn327Lys	KRT6A	ENSG00000205420	KIFC3
HsVcPPILacVa1	CCSBORF4870	1	CCSBORF4105	LW	2	REF	151	NULL	NULL	NULL	KRT6A	ENSG00000205420	KRT15
HsVcPPILacVa1	CCSBORF4870	1	CCSBORF4105	LW	2	1003G>A	0	NC_000012.12:52490642:C:T	CCSBVarC009565	ENSP00000369317.3:p.Ala335Thr	KRT6A	ENSG00000205420	KRT15
HsVcPPILacVa1	CCSBORF4870	1	CCSBORF4105	LW	2	1157G>T	1	NC_000012.12:52489988:C:A	CCSBVarC015599	ENSP00000369317.3:p.Arg386Leu	KRT6A	ENSG00000205420	KRT15
HsVcPPILacVa1	CCSBORF4870	1	CCSBORF4105	LW	2	1211A>G	0	NC_000012.12:52488540:T:C	CCSBVarC015607	ENSP00000369317.3:p.Asn404Ser	KRT6A	ENSG00000205420	KRT15
HsVcPPILacVa1	CCSBORF4870	1	CCSBORF4105	LW	2	1327C>T	1	NC_000012.12:52488424:G:A	CCSBVarC009573	ENSP00000369317.3:p.Arg443Trp	KRT6A	ENSG00000205420	KRT15
HsVcPPILacVa1	CCSBORF4870	1	CCSBORF4105	LW	2	1340A>G	0	NC_000012.12:52488411:T:C	CCSBVarC015613	ENSP00000369317.3:p.Glu447Gly	KRT6A	ENSG00000205420	KRT15
HsVcPPILacVa1	CCSBORF4870	1	CCSBORF4105	LW	2	1385T>A	1	NC_000012.12:52488366:A:T	CCSBVarC003674	ENSP00000369317.3:p.Ile462Asn	KRT6A	ENSG00000205420	KRT15
HsVcPPILacVa1	CCSBORF4870	1	CCSBORF4105	LW	2	1385T>G	1	NC_000012.12:52488366:A:C	CCSBVarC000720	ENSP00000369317.3:p.Ile462Ser	KRT6A	ENSG00000205420	KRT15
HsVcPPILacVa1	CCSBORF4870	1	CCSBORF4105	LW	2	1403T>C	1834	NC_000012.12:52488348:A:G	CCSBVarC003676	ENSP00000369317.3:p.Leu468Pro	KRT6A	ENSG00000205420	KRT15
HsVcPPILacVa1	CCSBORF4870	1	CCSBORF4105	LW	2	1414G>A	819	NC_000012.12:52488337:C:T	CCSBVarC003678	ENSP00000369317.3:p.Glu472Lys	KRT6A	ENSG00000205420	KRT15
HsVcPPILacVa1	CCSBORF4870	1	CCSBORF4105	LW	2	1441G>A	3	NC_000012.12:52488086:C:T	CCSBVarC015618	ENSP00000369317.3:p.Val481Ile	KRT6A	ENSG00000205420	KRT15
HsVcPPILacVa1	CCSBORF4870	1	CCSBORF4105	LW	2	1534G>A	1	NC_000012.12:52487880:C:T	CCSBVarC015629	ENSP00000369317.3:p.Gly512Arg	KRT6A	ENSG00000205420	KRT15
HsVcPPILacVa1	CCSBORF4870	1	CCSBORF4105	LW	2	1606G>A	0	NC_000012.12:52487808:C:T	CCSBVarC015635	ENSP00000369317.3:p.Gly536Arg	KRT6A	ENSG00000205420	KRT15
HsVcPPILacVa1	CCSBORF4870	1	CCSBORF4105	LW	2	1655C>G	0	NC_000012.12:52487759:G:C	CCSBVarC002916	ENSP00000369317.3:p.Thr552Ser	KRT6A	ENSG00000205420	KRT15
HsVcPPILacVa1	CCSBORF4870	1	CCSBORF4105	LW	2	215T>C	1	NC_000012.12:52492973:A:G	CCSBVarC015643	ENSP00000369317.3:p.Ile72Thr	KRT6A	ENSG00000205420	KRT15
HsVcPPILacVa1	CCSBORF4870	1	CCSBORF4105	LW	2	359G>T	0	NC_000012.12:52492829:C:A	CCSBVarC015649	ENSP00000369317.3:p.Gly120Val	KRT6A	ENSG00000205420	KRT15
HsVcPPILacVa1	CCSBORF4870	1	CCSBORF4105	LW	2	365T>C	2	NC_000012.12:52492823:A:G	CCSBVarC015653	ENSP00000369317.3:p.Phe122Ser	KRT6A	ENSG00000205420	KRT15
HsVcPPILacVa1	CCSBORF4870	1	CCSBORF4105	LW	2	460C>G	3	NC_000012.12:52492728:G:C	CCSBVarC015670	ENSP00000369317.3:p.Pro154Ala	KRT6A	ENSG00000205420	KRT15
HsVcPPILacVa1	CCSBORF4870	1	CCSBORF4105	LW	2	487G>A	40	NC_000012.12:52492701:C:T	CCSBVarC003662	ENSP00000369317.3:p.Glu163Lys	KRT6A	ENSG00000205420	KRT15
HsVcPPILacVa1	CCSBORF4870	1	CCSBORF4105	LW	2	497A>C	292	NC_000012.12:52492691:T:G	CCSBVarC003664	ENSP00000369317.3:p.Gln166Pro	KRT6A	ENSG00000205420	KRT15
HsVcPPILacVa1	CCSBORF4870	1	CCSBORF4105	LW	2	508C>T	1127	NC_000012.12:52492680:G:A	CCSBVarC003666	ENSP00000369317.3:p.Leu170Phe	KRT6A	ENSG00000205420	KRT15
HsVcPPILacVa1	CCSBORF4870	1	CCSBORF4105	LW	2	511A>G	408	NC_000012.12:52492677:T:C	CCSBVarC003668	ENSP00000369317.3:p.Asn171Asp	KRT6A	ENSG00000205420	KRT15
HsVcPPILacVa1	CCSBORF4870	1	CCSBORF4105	LW	2	512A>C	1	NC_000012.12:52492676:T:G	CCSBVarC003670	ENSP00000369317.3:p.Asn171Thr	KRT6A	ENSG00000205420	KRT15
HsVcPPILacVa1	CCSBORF4870	1	CCSBORF4105	LW	2	513C>A	290	NC_000012.12:52492675:G:T	CCSBVarC000718	ENSP00000369317.3:p.Asn171Lys	KRT6A	ENSG00000205420	KRT15
HsVcPPILacVa1	CCSBORF4870	1	CCSBORF4105	LW	2	533T>A	1908	NC_000012.12:52492655:A:T	CCSBVarC003672	ENSP00000369317.3:p.Ile178Asn	KRT6A	ENSG00000205420	KRT15
HsVcPPILacVa1	CCSBORF4870	1	CCSBORF4105	LW	2	62A>G	3	NC_000012.12:52493126:T:C	CCSBVarC002913	ENSP00000369317.3:p.Asn21Ser	KRT6A	ENSG00000205420	KRT15
HsVcPPILacVa1	CCSBORF4870	1	CCSBORF4105	LW	2	661C>A	0	NC_000012.12:52491615:G:T	CCSBVarC015676	ENSP00000369317.3:p.Leu221Ile	KRT6A	ENSG00000205420	KRT15
HsVcPPILacVa1	CCSBORF4870	1	CCSBORF4105	LW	2	718A>G	0	NC_000012.12:52491558:T:C	CCSBVarC015683	ENSP00000369317.3:p.Arg240Gly	KRT6A	ENSG00000205420	KRT15
HsVcPPILacVa1	CCSBORF4870	1	CCSBORF4105	LW	2	827C>T	1	NC_000012.12:52490942:G:A	CCSBVarC015687	ENSP00000369317.3:p.Ala276Val	KRT6A	ENSG00000205420	KRT15
HsVcPPILacVa1	CCSBORF4870	1	CCSBORF4105	LW	2	98T>C	3	NC_000012.12:52493090:A:G	CCSBVarC015691	ENSP00000369317.3:p.Phe33Ser	KRT6A	ENSG00000205420	KRT15
HsVcPPILacVa1	CCSBORF3581	1	CCSBORF0	LW	2	REF	222	NULL	NULL	NULL	MCOLN1	ENSG00000090674	empty_AD
HsVcPPILacVa1	CCSBORF3581	1	CCSBORF0	LW	2	1062G>T	0	NC_000019.10:7528897:G:T	CCSBVarC016196	ENSP00000264079.5:p.Trp354Cys	MCOLN1	ENSG00000090674	empty_AD
HsVcPPILacVa1	CCSBORF3581	1	CCSBORF0	LW	2	1084G>T	1354	NC_000019.10:7528919:G:T	CCSBVarC000496	ENSP00000264079.5:p.Asp362Tyr	MCOLN1	ENSG00000090674	empty_AD
HsVcPPILacVa1	CCSBORF3581	1	CCSBORF0	LW	2	1207C>T	750	NC_000019.10:7529172:C:T	CCSBVarC003574	ENSP00000264079.5:p.Arg403Cys	MCOLN1	ENSG00000090674	empty_AD
HsVcPPILacVa1	CCSBORF3581	1	CCSBORF0	LW	2	1208G>A	123	NC_000019.10:7529173:G:A	CCSBVarC016205	ENSP00000264079.5:p.Arg403His	MCOLN1	ENSG00000090674	empty_AD
HsVcPPILacVa1	CCSBORF3581	1	CCSBORF0	LW	2	16G>T	1	NC_000019.10:7522765:G:T	CCSBVarC016237	ENSP00000264079.5:p.Gly6Cys	MCOLN1	ENSG00000090674	empty_AD
HsVcPPILacVa1	CCSBORF3581	1	CCSBORF0	LW	2	248T>G	0	NC_000019.10:7526448:T:G	CCSBVarC016247	ENSP00000264079.5:p.Phe83Cys	MCOLN1	ENSG00000090674	empty_AD
HsVcPPILacVa1	CCSBORF3581	1	CCSBORF0	LW	2	364C>T	1	NC_000019.10:7526564:C:T	CCSBVarC016256	ENSP00000264079.5:p.Arg122Trp	MCOLN1	ENSG00000090674	empty_AD
HsVcPPILacVa1	CCSBORF3581	1	CCSBORF0	LW	2	367G>A	1083	NC_000019.10:7526567:G:A	CCSBVarC016262	ENSP00000264079.5:p.Glu123Lys	MCOLN1	ENSG00000090674	empty_AD
HsVcPPILacVa1	CCSBORF3581	1	CCSBORF0	LW	2	452G>A	212	NC_000019.10:7526806:G:A	CCSBVarC016272	ENSP00000264079.5:p.Arg151His	MCOLN1	ENSG00000090674	empty_AD
HsVcPPILacVa1	CCSBORF3581	1	CCSBORF0	LW	2	497G>T	0	NC_000019.10:7526851:G:T	CCSBVarC016278	ENSP00000264079.5:p.Cys166Phe	MCOLN1	ENSG00000090674	empty_AD
HsVcPPILacVa1	CCSBORF3581	1	CCSBORF0	LW	2	589C>A	1163	NC_000019.10:7527536:C:A	CCSBVarC016283	ENSP00000264079.5:p.Pro197Thr	MCOLN1	ENSG00000090674	empty_AD
HsVcPPILacVa1	CCSBORF3581	1	CCSBORF0	LW	2	625C>T	2	NC_000019.10:7527572:C:T	CCSBVarC009375	ENSP00000264079.5:p.Leu209Phe	MCOLN1	ENSG00000090674	empty_AD
HsVcPPILacVa1	CCSBORF3581	1	CCSBORF0	LW	2	71C>A	1300	NC_000019.10:7524999:C:A	CCSBVarC016317	ENSP00000264079.5:p.Thr24Asn	MCOLN1	ENSG00000090674	empty_AD
HsVcPPILacVa1	CCSBORF3581	1	CCSBORF0	LW	2	782C>T	2	NC_000019.10:7528161:C:T	CCSBVarC016322	ENSP00000264079.5:p.Thr261Met	MCOLN1	ENSG00000090674	empty_AD
HsVcPPILacVa1	CCSBORF3581	1	CCSBORF0	LW	2	815C>G	455	NC_000019.10:7528194:C:G	CCSBVarC016362	ENSP00000264079.5:p.Pro272Arg	MCOLN1	ENSG00000090674	empty_AD
HsVcPPILacVa1	CCSBORF3581	1	CCSBORF0	LW	2	907G>A	3	NC_000019.10:7528625:G:A	CCSBVarC016388	ENSP00000264079.5:p.Val303Met	MCOLN1	ENSG00000090674	empty_AD
HsVcPPILacVa1	CCSBORF71591	1	CCSBORF55039	LW	1	REF	504	NULL	NULL	NULL	CRYGC	ENSG00000163254	TRIM7
HsVcPPILacVa1	CCSBORF71591	1	CCSBORF55039	LW	1	121G>A	1762	NC_000002.12:208129571:C:T	CCSBVarC016915	ENSP00000282141.3:p.Gly41Ser	CRYGC	ENSG00000163254	TRIM7
HsVcPPILacVa1	CCSBORF71591	1	CCSBORF55039	LW	1	125G>A	1357	NC_000002.12:208129567:C:T	CCSBVarC016917	ENSP00000282141.3:p.Cys42Tyr	CRYGC	ENSG00000163254	TRIM7
HsVcPPILacVa1	CCSBORF71591	1	CCSBORF55039	LW	1	137A>G	278	NC_000002.12:208129555:T:C	CCSBVarC016919	ENSP00000282141.3:p.Tyr46Cys	CRYGC	ENSG00000163254	TRIM7
HsVcPPILacVa1	CCSBORF71591	1	CCSBORF55039	LW	1	13A>C	2047	NC_000002.12:208129679:T:G	CCSBVarC002785	ENSP00000282141.3:p.Thr5Pro	CRYGC	ENSG00000163254	TRIM7
HsVcPPILacVa1	CCSBORF71591	1	CCSBORF55039	LW	1	142C>T	3010	NC_000002.12:208129550:G:A	CCSBVarC016921	ENSP00000282141.3:p.Arg48Cys	CRYGC	ENSG00000163254	TRIM7
HsVcPPILacVa1	CCSBORF71591	1	CCSBORF55039	LW	1	143G>A	1060	NC_000002.12:208129549:C:T	CCSBVarC014016	ENSP00000282141.3:p.Arg48His	CRYGC	ENSG00000163254	TRIM7
HsVcPPILacVa1	CCSBORF71591	1	CCSBORF55039	LW	1	164A>G	407	NC_000002.12:208129528:T:C	CCSBVarC016929	ENSP00000282141.3:p.Gln55Arg	CRYGC	ENSG00000163254	TRIM7
HsVcPPILacVa1	CCSBORF71591	1	CCSBORF55039	LW	1	220G>A	2638	NC_000002.12:208129472:C:T	CCSBVarC016932	ENSP00000282141.3:p.Asp74Asn	CRYGC	ENSG00000163254	TRIM7
HsVcPPILacVa1	CCSBORF71591	1	CCSBORF55039	LW	1	229C>T	2170	NC_000002.12:208129463:G:A	CCSBVarC016934	ENSP00000282141.3:p.Arg77Cys	CRYGC	ENSG00000163254	TRIM7
HsVcPPILacVa1	CCSBORF71591	1	CCSBORF55039	LW	1	230G>A	2	NC_000002.12:208129462:C:T	CCSBVarC016954	ENSP00000282141.3:p.Arg77His	CRYGC	ENSG00000163254	TRIM7
HsVcPPILacVa1	CCSBORF71591	1	CCSBORF55039	LW	1	256G>T	398	NC_000002.12:208128471:C:A	CCSBVarC014051	ENSP00000282141.3:p.Val86Phe	CRYGC	ENSG00000163254	TRIM7
HsVcPPILacVa1	CCSBORF71591	1	CCSBORF55039	LW	1	271C>T	539	NC_000002.12:208128456:G:A	CCSBVarC014021	ENSP00000282141.3:p.Arg91Trp	CRYGC	ENSG00000163254	TRIM7
HsVcPPILacVa1	CCSBORF71591	1	CCSBORF55039	LW	1	272G>A	7	NC_000002.12:208128455:C:T	CCSBVarC016956	ENSP00000282141.3:p.Arg91Gln	CRYGC	ENSG00000163254	TRIM7
HsVcPPILacVa1	CCSBORF71591	1	CCSBORF55039	LW	1	304A>G	4	NC_000002.12:208128423:T:C	CCSBVarC016960	ENSP00000282141.3:p.Met102Val	CRYGC	ENSG00000163254	TRIM7
HsVcPPILacVa1	CCSBORF71591	1	CCSBORF55039	LW	1	317G>A	825	NC_000002.12:208128410:C:T	CCSBVarC014018	ENSP00000282141.3:p.Ser106Asn	CRYGC	ENSG00000163254	TRIM7
HsVcPPILacVa1	CCSBORF71591	1	CCSBORF55039	LW	1	364C>T	3740	NC_000002.12:208128363:G:A	CCSBVarC016964	ENSP00000282141.3:p.Arg122Cys	CRYGC	ENSG00000163254	TRIM7
HsVcPPILacVa1	CCSBORF71591	1	CCSBORF55039	LW	1	365G>A	23	NC_000002.12:208128362:C:T	CCSBVarC016966	ENSP00000282141.3:p.Arg122His	CRYGC	ENSG00000163254	TRIM7
HsVcPPILacVa1	CCSBORF71591	1	CCSBORF55039	LW	1	403G>A	566	NC_000002.12:208128324:C:T	CCSBVarC016968	ENSP00000282141.3:p.Glu135Lys	CRYGC	ENSG00000163254	TRIM7
HsVcPPILacVa1	CCSBORF71591	1	CCSBORF55039	LW	1	450G>T	4	NC_000002.12:208128277:C:A	CCSBVarC016972	ENSP00000282141.3:p.Glu150Asp	CRYGC	ENSG00000163254	TRIM7
HsVcPPILacVa1	CCSBORF71591	1	CCSBORF55039	LW	1	458G>A	798	NC_000002.12:208128269:C:T	CCSBVarC016974	ENSP00000282141.3:p.Arg153Gln	CRYGC	ENSG00000163254	TRIM7
HsVcPPILacVa1	CCSBORF71591	1	CCSBORF55039	LW	1	502C>T	765	NC_000002.12:208128225:G:A	CCSBVarC002786	ENSP00000282141.3:p.Arg168Trp	CRYGC	ENSG00000163254	TRIM7
HsVcPPILacVa1	CCSBORF71591	1	CCSBORF55039	LW	1	52G>A	6	NC_000002.12:208129640:C:T	CCSBVarC016978	ENSP00000282141.3:p.Glu18Lys	CRYGC	ENSG00000163254	TRIM7
HsVcPPILacVa1	CCSBORF71591	1	CCSBORF55039	LW	1	97T>C	4	NC_000002.12:208129595:A:G	CCSBVarC016979	ENSP00000282141.3:p.Cys33Arg	CRYGC	ENSG00000163254	TRIM7
HsVcPPILacVa1	CCSBORF1231	1	CCSBORF70682	LW	1	REF	851	NULL	NULL	NULL	AQP1	ENSG00000240583	RBAK
HsVcPPILacVa1	CCSBORF1231	1	CCSBORF70682	LW	1	113C>T	959	NC_000007.14:30912021:C:T	CCSBVarC000137	ENSP00000311165.4:p.Pro38Leu	AQP1	ENSG00000240583	RBAK
HsVcPPILacVa1	CCSBORF1231	1	CCSBORF70682	LW	1	140A>G	6279	NC_000007.14:30912048:A:G	CCSBVarC000138	ENSP00000311165.4:p.Gln47Arg	AQP1	ENSG00000240583	RBAK
HsVcPPILacVa1	CCSBORF1231	1	CCSBORF70682	LW	1	319G>A	8	NC_000007.14:30912227:G:A	CCSBVarC015066	ENSP00000311165.4:p.Val107Ile	AQP1	ENSG00000240583	RBAK
HsVcPPILacVa1	CCSBORF1231	1	CCSBORF70682	LW	1	320T>G	1863	NC_000007.14:30912228:T:G	CCSBVarC015069	ENSP00000311165.4:p.Val107Gly	AQP1	ENSG00000240583	RBAK
HsVcPPILacVa1	CCSBORF1231	1	CCSBORF70682	LW	1	494G>A	474	NC_000007.14:30922174:G:A	CCSBVarC015072	ENSP00000311165.4:p.Gly165Asp	AQP1	ENSG00000240583	RBAK
HsVcPPILacVa1	CCSBORF1231	1	CCSBORF70682	LW	1	576C>A	1483	NC_000007.14:30922589:C:A	CCSBVarC000139	ENSP00000311165.4:p.Asn192Lys	AQP1	ENSG00000240583	RBAK
HsVcPPILacVa1	CCSBORF1231	1	CCSBORF55237	LW	1	REF	1271	NULL	NULL	NULL	AQP1	ENSG00000240583	NOTCH2NLA
HsVcPPILacVa1	CCSBORF1231	1	CCSBORF55237	LW	1	113C>T	964	NC_000007.14:30912021:C:T	CCSBVarC000137	ENSP00000311165.4:p.Pro38Leu	AQP1	ENSG00000240583	NOTCH2NLA
HsVcPPILacVa1	CCSBORF1231	1	CCSBORF55237	LW	1	140A>G	4662	NC_000007.14:30912048:A:G	CCSBVarC000138	ENSP00000311165.4:p.Gln47Arg	AQP1	ENSG00000240583	NOTCH2NLA
HsVcPPILacVa1	CCSBORF1231	1	CCSBORF55237	LW	1	319G>A	14	NC_000007.14:30912227:G:A	CCSBVarC015066	ENSP00000311165.4:p.Val107Ile	AQP1	ENSG00000240583	NOTCH2NLA
HsVcPPILacVa1	CCSBORF1231	1	CCSBORF55237	LW	1	320T>G	1760	NC_000007.14:30912228:T:G	CCSBVarC015069	ENSP00000311165.4:p.Val107Gly	AQP1	ENSG00000240583	NOTCH2NLA
HsVcPPILacVa1	CCSBORF1231	1	CCSBORF55237	LW	1	494G>A	468	NC_000007.14:30922174:G:A	CCSBVarC015072	ENSP00000311165.4:p.Gly165Asp	AQP1	ENSG00000240583	NOTCH2NLA
HsVcPPILacVa1	CCSBORF1231	1	CCSBORF55237	LW	1	576C>A	855	NC_000007.14:30922589:C:A	CCSBVarC000139	ENSP00000311165.4:p.Asn192Lys	AQP1	ENSG00000240583	NOTCH2NLA
HsVcPPILacVa1	CCSBORF1231	1	CCSBORF3907	LW	1	REF	0	NULL	NULL	NULL	AQP1	ENSG00000240583	TRIP6
HsVcPPILacVa1	CCSBORF1231	1	CCSBORF3907	LW	1	113C>T	0	NC_000007.14:30912021:C:T	CCSBVarC000137	ENSP00000311165.4:p.Pro38Leu	AQP1	ENSG00000240583	TRIP6
HsVcPPILacVa1	CCSBORF1231	1	CCSBORF3907	LW	1	140A>G	2	NC_000007.14:30912048:A:G	CCSBVarC000138	ENSP00000311165.4:p.Gln47Arg	AQP1	ENSG00000240583	TRIP6
HsVcPPILacVa1	CCSBORF1231	1	CCSBORF3907	LW	1	319G>A	0	NC_000007.14:30912227:G:A	CCSBVarC015066	ENSP00000311165.4:p.Val107Ile	AQP1	ENSG00000240583	TRIP6
HsVcPPILacVa1	CCSBORF1231	1	CCSBORF3907	LW	1	320T>G	1	NC_000007.14:30912228:T:G	CCSBVarC015069	ENSP00000311165.4:p.Val107Gly	AQP1	ENSG00000240583	TRIP6
HsVcPPILacVa1	CCSBORF1231	1	CCSBORF3907	LW	1	494G>A	0	NC_000007.14:30922174:G:A	CCSBVarC015072	ENSP00000311165.4:p.Gly165Asp	AQP1	ENSG00000240583	TRIP6
HsVcPPILacVa1	CCSBORF1231	1	CCSBORF3907	LW	1	576C>A	3	NC_000007.14:30922589:C:A	CCSBVarC000139	ENSP00000311165.4:p.Asn192Lys	AQP1	ENSG00000240583	TRIP6
HsVcPPILacVa1	CCSBORF70357	1	CCSBORF10460	LW	1	REF	233	NULL	NULL	NULL	TSFM	ENSG00000123297	GOLGA6L9
HsVcPPILacVa1	CCSBORF70357	1	CCSBORF10460	LW	1	112C>T	2	NC_000012.12:57783163:C:T	CCSBVarC017012	ENSP00000499171.2:p.Pro38Ser	TSFM	ENSG00000123297	GOLGA6L9
HsVcPPILacVa1	CCSBORF70357	1	CCSBORF10460	LW	1	191G>A	1	NC_000012.12:57783242:G:A	CCSBVarC017016	ENSP00000499171.2:p.Cys64Tyr	TSFM	ENSG00000123297	GOLGA6L9
HsVcPPILacVa1	CCSBORF70357	1	CCSBORF10460	LW	1	22C>T	2	NC_000012.12:57782822:C:T	CCSBVarC017021	ENSP00000499171.2:p.Arg8Cys	TSFM	ENSG00000123297	GOLGA6L9
HsVcPPILacVa1	CCSBORF70357	1	CCSBORF10460	LW	1	269G>A	0	NC_000012.12:57786199:G:A	CCSBVarC017025	ENSP00000499171.2:p.Gly90Asp	TSFM	ENSG00000123297	GOLGA6L9
HsVcPPILacVa1	CCSBORF70357	1	CCSBORF10460	LW	1	34G>T	0	NC_000012.12:57782834:G:T	CCSBVarC017029	ENSP00000499171.2:p.Val12Phe	TSFM	ENSG00000123297	GOLGA6L9
HsVcPPILacVa1	CCSBORF70357	1	CCSBORF10460	LW	1	484G>A	4	NC_000012.12:57792985:G:A	CCSBVarC017033	ENSP00000499171.2:p.Gly162Ser	TSFM	ENSG00000123297	GOLGA6L9
HsVcPPILacVa1	CCSBORF70357	1	CCSBORF10460	LW	1	520G>T	0	NC_000012.12:57793021:G:T	CCSBVarC017037	ENSP00000499171.2:p.Ala174Ser	TSFM	ENSG00000123297	GOLGA6L9
HsVcPPILacVa1	CCSBORF70357	1	CCSBORF10460	LW	1	539G>C	285	NC_000012.12:57793040:G:C	CCSBVarC017041	ENSP00000499171.2:p.Gly180Ala	TSFM	ENSG00000123297	GOLGA6L9
HsVcPPILacVa1	CCSBORF70357	1	CCSBORF10460	LW	1	602G>A	2	NC_000012.12:57796206:G:A	CCSBVarC017056	ENSP00000499171.2:p.Arg201Gln	TSFM	ENSG00000123297	GOLGA6L9
HsVcPPILacVa1	CCSBORF70357	1	CCSBORF10460	LW	1	647A>T	693	NC_000012.12:57796251:A:T	CCSBVarC017058	ENSP00000499171.2:p.Tyr216Phe	TSFM	ENSG00000123297	GOLGA6L9
HsVcPPILacVa1	CCSBORF70357	1	CCSBORF10460	LW	1	718T>C	1233	NC_000012.12:57796322:T:C	CCSBVarC017061	ENSP00000499171.2:p.Cys240Arg	TSFM	ENSG00000123297	GOLGA6L9
HsVcPPILacVa1	CCSBORF70357	1	CCSBORF10460	LW	1	725C>T	4186	NC_000012.12:57796329:C:T	CCSBVarC017063	ENSP00000499171.2:p.Thr242Met	TSFM	ENSG00000123297	GOLGA6L9
HsVcPPILacVa1	CCSBORF70357	1	CCSBORF10460	LW	1	754G>A	1444	NC_000012.12:57796358:G:A	CCSBVarC017065	ENSP00000499171.2:p.Val252Ile	TSFM	ENSG00000123297	GOLGA6L9
HsVcPPILacVa1	CCSBORF70357	1	CCSBORF10460	LW	1	763C>T	2463	NC_000012.12:57796367:C:T	CCSBVarC017067	ENSP00000499171.2:p.Arg255Cys	TSFM	ENSG00000123297	GOLGA6L9
HsVcPPILacVa1	CCSBORF70357	1	CCSBORF10460	LW	1	775C>T	2	NC_000012.12:57796379:C:T	CCSBVarC017069	ENSP00000499171.2:p.His259Tyr	TSFM	ENSG00000123297	GOLGA6L9
HsVcPPILacVa1	CCSBORF70357	1	CCSBORF10460	LW	1	796C>G	0	NC_000012.12:57796400:C:G	CCSBVarC017074	ENSP00000499171.2:p.Leu266Val	TSFM	ENSG00000123297	GOLGA6L9
HsVcPPILacVa1	CCSBORF70357	1	CCSBORF10460	LW	1	814G>C	4795	NC_000012.12:57796418:G:C	CCSBVarC017078	ENSP00000499171.2:p.Asp272His	TSFM	ENSG00000123297	GOLGA6L9
HsVcPPILacVa1	CCSBORF70357	1	CCSBORF10460	LW	1	878C>T	1	NC_000012.12:57796482:C:T	CCSBVarC017084	ENSP00000499171.2:p.Ser293Phe	TSFM	ENSG00000123297	GOLGA6L9
HsVcPPILacVa1	CCSBORF11374	2	CCSBORF71346	LW	1	REF	21	NULL	NULL	NULL	RP2	ENSG00000102218	PM20D2
HsVcPPILacVa1	CCSBORF11374	2	CCSBORF71346	LW	1	1046G>C	32	NC_000023.11:46879761:G:C	CCSBVarC014902	ENSP00000218340.3:p.Gly349Ala	RP2	ENSG00000102218	PM20D2
HsVcPPILacVa1	CCSBORF11374	2	CCSBORF71346	LW	1	122T>C	2	NC_000023.11:46853494:T:C	CCSBVarC014908	ENSP00000218340.3:p.Met41Thr	RP2	ENSG00000102218	PM20D2
HsVcPPILacVa1	CCSBORF11374	2	CCSBORF71346	LW	1	226G>T	7	NC_000023.11:46853598:G:T	CCSBVarC014921	ENSP00000218340.3:p.Asp76Tyr	RP2	ENSG00000102218	PM20D2
HsVcPPILacVa1	CCSBORF11374	2	CCSBORF71346	LW	1	260C>T	1	NC_000023.11:46853632:C:T	CCSBVarC011436	ENSP00000218340.3:p.Thr87Ile	RP2	ENSG00000102218	PM20D2
HsVcPPILacVa1	CCSBORF11374	2	CCSBORF71346	LW	1	280G>C	67	NC_000023.11:46853652:G:C	CCSBVarC014952	ENSP00000218340.3:p.Gly94Arg	RP2	ENSG00000102218	PM20D2
HsVcPPILacVa1	CCSBORF11374	2	CCSBORF71346	LW	1	284C>T	0	NC_000023.11:46853656:C:T	CCSBVarC011462	ENSP00000218340.3:p.Pro95Leu	RP2	ENSG00000102218	PM20D2
HsVcPPILacVa1	CCSBORF11374	2	CCSBORF71346	LW	1	352C>T	0	NC_000023.11:46853724:C:T	CCSBVarC011442	ENSP00000218340.3:p.Arg118Cys	RP2	ENSG00000102218	PM20D2
HsVcPPILacVa1	CCSBORF11374	2	CCSBORF71346	LW	1	353G>A	5	NC_000023.11:46853725:G:A	CCSBVarC001707	ENSP00000218340.3:p.Arg118His	RP2	ENSG00000102218	PM20D2
HsVcPPILacVa1	CCSBORF11374	2	CCSBORF71346	LW	1	353G>T	5	NC_000023.11:46853725:G:T	CCSBVarC005281	ENSP00000218340.3:p.Arg118Leu	RP2	ENSG00000102218	PM20D2
HsVcPPILacVa1	CCSBORF11374	2	CCSBORF71346	LW	1	401A>G	3	NC_000023.11:46853773:A:G	CCSBVarC014964	ENSP00000218340.3:p.Gln134Arg	RP2	ENSG00000102218	PM20D2
HsVcPPILacVa1	CCSBORF11374	2	CCSBORF71346	LW	1	49C>T	8	NC_000023.11:46837148:C:T	CCSBVarC014978	ENSP00000218340.3:p.Pro17Ser	RP2	ENSG00000102218	PM20D2
HsVcPPILacVa1	CCSBORF11374	2	CCSBORF71346	LW	1	601A>G	3	NC_000023.11:46853973:A:G	CCSBVarC011432	ENSP00000218340.3:p.Ile201Val	RP2	ENSG00000102218	PM20D2
HsVcPPILacVa1	CCSBORF11374	2	CCSBORF71346	LW	1	628G>A	7	NC_000023.11:46854000:G:A	CCSBVarC014986	ENSP00000218340.3:p.Val210Ile	RP2	ENSG00000102218	PM20D2
HsVcPPILacVa1	CCSBORF11374	2	CCSBORF71346	LW	1	667A>G	7	NC_000023.11:46854039:A:G	CCSBVarC014996	ENSP00000218340.3:p.Ile223Val	RP2	ENSG00000102218	PM20D2
HsVcPPILacVa1	CCSBORF11374	2	CCSBORF71346	LW	1	768G>C	15	NC_000023.11:46854140:G:C	CCSBVarC015005	ENSP00000218340.3:p.Glu256Asp	RP2	ENSG00000102218	PM20D2
HsVcPPILacVa1	CCSBORF11374	2	CCSBORF71346	LW	1	782G>T	1	NC_000023.11:46860000:G:T	CCSBVarC015014	ENSP00000218340.3:p.Gly261Val	RP2	ENSG00000102218	PM20D2
HsVcPPILacVa1	CCSBORF11374	2	CCSBORF71346	LW	1	889G>C	1	NC_000023.11:46877509:G:C	CCSBVarC015023	ENSP00000218340.3:p.Val297Leu	RP2	ENSG00000102218	PM20D2
HsVcPPILacVa1	CCSBORF11374	2	CCSBORF71346	LW	1	8G>C	0	NC_000023.11:46837107:G:C	CCSBVarC011470	ENSP00000218340.3:p.Cys3Ser	RP2	ENSG00000102218	PM20D2
HsVcPPILacVa1	CCSBORF11374	2	CCSBORF71346	LW	1	959A>G	0	NC_000023.11:46877579:A:G	CCSBVarC011424	ENSP00000218340.3:p.Asn320Ser	RP2	ENSG00000102218	PM20D2
HsVcPPILacVa1	CCSBORF11374	2	CCSBORF71346	LW	1	970A>G	1	NC_000023.11:46879685:A:G	CCSBVarC015035	ENSP00000218340.3:p.Met324Val	RP2	ENSG00000102218	PM20D2
HsVcPPILacVa1	CCSBORF5896	1	CCSBORF3753	LW	1	REF	499	NULL	NULL	NULL	AHCY	ENSG00000101444	C1orf50
HsVcPPILacVa1	CCSBORF5896	1	CCSBORF3753	LW	1	1000C>T	303	NC_000020.11:34285606:G:A	CCSBVarC016693	ENSP00000217426.2:p.Arg334Cys	AHCY	ENSG00000101444	C1orf50
HsVcPPILacVa1	CCSBORF5896	1	CCSBORF3753	LW	1	1025G>T	648	NC_000020.11:34285581:C:A	CCSBVarC016696	ENSP00000217426.2:p.Gly342Val	AHCY	ENSG00000101444	C1orf50
HsVcPPILacVa1	CCSBORF5896	1	CCSBORF3753	LW	1	106C>T	485	NC_000020.11:34295507:G:A	CCSBVarC016716	ENSP00000217426.2:p.Arg36Trp	AHCY	ENSG00000101444	C1orf50
HsVcPPILacVa1	CCSBORF5896	1	CCSBORF3753	LW	1	1124A>G	144	NC_000020.11:34285482:T:C	CCSBVarC016722	ENSP00000217426.2:p.His375Arg	AHCY	ENSG00000101444	C1orf50
HsVcPPILacVa1	CCSBORF5896	1	CCSBORF3753	LW	1	1223A>G	724	NC_000020.11:34281109:T:C	CCSBVarC016727	ENSP00000217426.2:p.Lys408Arg	AHCY	ENSG00000101444	C1orf50
HsVcPPILacVa1	CCSBORF5896	1	CCSBORF3753	LW	1	1292G>A	991	NC_000020.11:34281040:C:T	CCSBVarC016733	ENSP00000217426.2:p.Arg431His	AHCY	ENSG00000101444	C1orf50
HsVcPPILacVa1	CCSBORF5896	1	CCSBORF3753	LW	1	145C>T	92	NC_000020.11:34295468:G:A	CCSBVarC000924	ENSP00000217426.2:p.Arg49Cys	AHCY	ENSG00000101444	C1orf50
HsVcPPILacVa1	CCSBORF5896	1	CCSBORF3753	LW	1	176A>T	2	NC_000020.11:34295437:T:A	CCSBVarC016739	ENSP00000217426.2:p.Glu59Val	AHCY	ENSG00000101444	C1orf50
HsVcPPILacVa1	CCSBORF5896	1	CCSBORF3753	LW	1	266C>T	7	NC_000020.11:34294109:G:A	CCSBVarC000926	ENSP00000217426.2:p.Ala89Val	AHCY	ENSG00000101444	C1orf50
HsVcPPILacVa1	CCSBORF5896	1	CCSBORF3753	LW	1	293C>T	464	NC_000020.11:34294082:G:A	CCSBVarC016743	ENSP00000217426.2:p.Pro98Leu	AHCY	ENSG00000101444	C1orf50
HsVcPPILacVa1	CCSBORF5896	1	CCSBORF3753	LW	1	373C>G	252	NC_000020.11:34292429:G:C	CCSBVarC016751	ENSP00000217426.2:p.Leu125Val	AHCY	ENSG00000101444	C1orf50
HsVcPPILacVa1	CCSBORF5896	1	CCSBORF3753	LW	1	473C>T	42	NC_000020.11:34291503:G:A	CCSBVarC016755	ENSP00000217426.2:p.Thr158Met	AHCY	ENSG00000101444	C1orf50
HsVcPPILacVa1	CCSBORF5896	1	CCSBORF3753	LW	1	586C>T	528	NC_000020.11:34290910:G:A	CCSBVarC016761	ENSP00000217426.2:p.Arg196Trp	AHCY	ENSG00000101444	C1orf50
HsVcPPILacVa1	CCSBORF5896	1	CCSBORF3753	LW	1	685G>A	617	NC_000020.11:34290811:C:T	CCSBVarC016768	ENSP00000217426.2:p.Ala229Thr	AHCY	ENSG00000101444	C1orf50
HsVcPPILacVa1	CCSBORF5896	1	CCSBORF3753	LW	1	698G>A	266	NC_000020.11:34290798:C:T	CCSBVarC016776	ENSP00000217426.2:p.Arg233Gln	AHCY	ENSG00000101444	C1orf50
HsVcPPILacVa1	CCSBORF5896	1	CCSBORF3753	LW	1	727G>A	1626	NC_000020.11:34290769:C:T	CCSBVarC016780	ENSP00000217426.2:p.Glu243Lys	AHCY	ENSG00000101444	C1orf50
HsVcPPILacVa1	CCSBORF5896	1	CCSBORF3753	LW	1	883A>G	105	NC_000020.11:34290420:T:C	CCSBVarC016789	ENSP00000217426.2:p.Ile295Val	AHCY	ENSG00000101444	C1orf50
HsVcPPILacVa1	CCSBORF5896	1	CCSBORF3753	LW	1	979C>T	385	NC_000020.11:34285627:G:A	CCSBVarC016793	ENSP00000217426.2:p.Arg327Trp	AHCY	ENSG00000101444	C1orf50
HsVcPPILacVa1	CCSBORF7215	1	CCSBORF9939	LW	1	REF	484	NULL	NULL	NULL	NR0B1	ENSG00000169297	NR5A1
HsVcPPILacVa1	CCSBORF7215	1	CCSBORF9939	LW	1	1138T>G	90	NC_000023.11:30308225:A:C	CCSBVarC006816	ENSP00000368253.4:p.Tyr380Asp	NR0B1	ENSG00000169297	NR5A1
HsVcPPILacVa1	CCSBORF7215	1	CCSBORF9939	LW	1	1146G>T	59	NC_000023.11:30308217:C:A	CCSBVarC006817	ENSP00000368253.4:p.Lys382Asn	NR0B1	ENSG00000169297	NR5A1
HsVcPPILacVa1	CCSBORF7215	1	CCSBORF9939	LW	1	1235G>A	217	NC_000023.11:30304756:C:T	CCSBVarC016993	ENSP00000368253.4:p.Ser412Asn	NR0B1	ENSG00000169297	NR5A1
HsVcPPILacVa1	CCSBORF7215	1	CCSBORF9939	LW	1	1273A>G	30	NC_000023.11:30304718:T:C	CCSBVarC016995	ENSP00000368253.4:p.Arg425Gly	NR0B1	ENSG00000169297	NR5A1
HsVcPPILacVa1	CCSBORF7215	1	CCSBORF9939	LW	1	1274G>T	345	NC_000023.11:30304717:C:A	CCSBVarC006818	ENSP00000368253.4:p.Arg425Ile	NR0B1	ENSG00000169297	NR5A1
HsVcPPILacVa1	CCSBORF7215	1	CCSBORF9939	LW	1	1319A>T	196	NC_000023.11:30304672:T:A	CCSBVarC006819	ENSP00000368253.4:p.Asn440Ile	NR0B1	ENSG00000169297	NR5A1
HsVcPPILacVa1	CCSBORF7215	1	CCSBORF9939	LW	1	1351C>G	71	NC_000023.11:30304640:G:C	CCSBVarC016997	ENSP00000368253.4:p.Pro451Ala	NR0B1	ENSG00000169297	NR5A1
HsVcPPILacVa1	CCSBORF7215	1	CCSBORF9939	LW	1	155A>C	2	NC_000023.11:30309208:T:G	CCSBVarC017001	ENSP00000368253.4:p.Glu52Ala	NR0B1	ENSG00000169297	NR5A1
HsVcPPILacVa1	CCSBORF7215	1	CCSBORF9939	LW	1	315G>C	1492	NC_000023.11:30309048:C:G	CCSBVarC001145	ENSP00000368253.4:p.Trp105Cys	NR0B1	ENSG00000169297	NR5A1
HsVcPPILacVa1	CCSBORF7215	1	CCSBORF9939	LW	1	362C>G	740	NC_000023.11:30309001:G:C	CCSBVarC017017	ENSP00000368253.4:p.Pro121Arg	NR0B1	ENSG00000169297	NR5A1
HsVcPPILacVa1	CCSBORF7215	1	CCSBORF9939	LW	1	568G>C	1266	NC_000023.11:30308795:C:G	CCSBVarC017024	ENSP00000368253.4:p.Gly190Arg	NR0B1	ENSG00000169297	NR5A1
HsVcPPILacVa1	CCSBORF7215	1	CCSBORF9939	LW	1	600C>G	834	NC_000023.11:30308763:G:C	CCSBVarC011254	ENSP00000368253.4:p.Cys200Trp	NR0B1	ENSG00000169297	NR5A1
HsVcPPILacVa1	CCSBORF7215	1	CCSBORF9939	LW	1	800G>C	0	NC_000023.11:30308563:C:G	CCSBVarC001146	ENSP00000368253.4:p.Arg267Pro	NR0B1	ENSG00000169297	NR5A1
HsVcPPILacVa1	CCSBORF7215	1	CCSBORF9939	LW	1	881T>C	1	NC_000023.11:30308482:A:G	CCSBVarC017045	ENSP00000368253.4:p.Leu294Pro	NR0B1	ENSG00000169297	NR5A1
HsVcPPILacVa1	CCSBORF4870	2	CCSBORF100066360	LW	1	REF	219	NULL	NULL	NULL	KRT6A	ENSG00000205420	KRT27
HsVcPPILacVa1	CCSBORF4870	2	CCSBORF100066360	LW	1	1198A>C	192	NC_000012.12:52489947:T:G	CCSBVarC015603	ENSP00000369317.3:p.Lys400Gln	KRT6A	ENSG00000205420	KRT27
HsVcPPILacVa1	CCSBORF4870	2	CCSBORF100066360	LW	1	1282G>A	183	NC_000012.12:52488469:C:T	CCSBVarC015611	ENSP00000369317.3:p.Glu428Lys	KRT6A	ENSG00000205420	KRT27
HsVcPPILacVa1	CCSBORF4870	2	CCSBORF100066360	LW	1	1378G>A	253	NC_000012.12:52488373:C:T	CCSBVarC015615	ENSP00000369317.3:p.Val460Met	KRT6A	ENSG00000205420	KRT27
HsVcPPILacVa1	CCSBORF4870	2	CCSBORF100066360	LW	1	1381G>A	793	NC_000012.12:52488370:C:T	CCSBVarC003673	ENSP00000369317.3:p.Glu461Lys	KRT6A	ENSG00000205420	KRT27
HsVcPPILacVa1	CCSBORF4870	2	CCSBORF100066360	LW	1	1387G>C	104	NC_000012.12:52488364:C:G	CCSBVarC000721	ENSP00000369317.3:p.Ala463Pro	KRT6A	ENSG00000205420	KRT27
HsVcPPILacVa1	CCSBORF4870	2	CCSBORF100066360	LW	1	1393T>C	5	NC_000012.12:52488358:A:G	CCSBVarC003675	ENSP00000369317.3:p.Tyr465His	KRT6A	ENSG00000205420	KRT27
HsVcPPILacVa1	CCSBORF4870	2	CCSBORF100066360	LW	1	1403T>A	90	NC_000012.12:52488348:A:T	CCSBVarC003677	ENSP00000369317.3:p.Leu468Gln	KRT6A	ENSG00000205420	KRT27
HsVcPPILacVa1	CCSBORF4870	2	CCSBORF100066360	LW	1	1416G>C	331	NC_000012.12:52488335:C:G	CCSBVarC003679	ENSP00000369317.3:p.Glu472Asp	KRT6A	ENSG00000205420	KRT27
HsVcPPILacVa1	CCSBORF4870	2	CCSBORF100066360	LW	1	1456A>G	1	NC_000012.12:52488071:T:C	CCSBVarC015620	ENSP00000369317.3:p.Ile486Val	KRT6A	ENSG00000205420	KRT27
HsVcPPILacVa1	CCSBORF4870	2	CCSBORF100066360	LW	1	1567G>A	86	NC_000012.12:52487847:C:T	CCSBVarC009576	ENSP00000369317.3:p.Val523Ile	KRT6A	ENSG00000205420	KRT27
HsVcPPILacVa1	CCSBORF4870	2	CCSBORF100066360	LW	1	1567G>T	18	NC_000012.12:52487847:C:A	CCSBVarC002920	ENSP00000369317.3:p.Val523Phe	KRT6A	ENSG00000205420	KRT27
HsVcPPILacVa1	CCSBORF4870	2	CCSBORF100066360	LW	1	1604T>C	101	NC_000012.12:52487810:A:G	CCSBVarC015632	ENSP00000369317.3:p.Ile535Thr	KRT6A	ENSG00000205420	KRT27
HsVcPPILacVa1	CCSBORF4870	2	CCSBORF100066360	LW	1	1650G>T	346	NC_000012.12:52487764:C:A	CCSBVarC015638	ENSP00000369317.3:p.Lys550Asn	KRT6A	ENSG00000205420	KRT27
HsVcPPILacVa1	CCSBORF4870	2	CCSBORF100066360	LW	1	332G>A	1	NC_000012.12:52492856:C:T	CCSBVarC015647	ENSP00000369317.3:p.Gly111Asp	KRT6A	ENSG00000205420	KRT27
HsVcPPILacVa1	CCSBORF4870	2	CCSBORF100066360	LW	1	361G>A	56	NC_000012.12:52492827:C:T	CCSBVarC015651	ENSP00000369317.3:p.Gly121Ser	KRT6A	ENSG00000205420	KRT27
HsVcPPILacVa1	CCSBORF4870	2	CCSBORF100066360	LW	1	46C>T	2	NC_000012.12:52493142:G:A	CCSBVarC015667	ENSP00000369317.3:p.Arg16Trp	KRT6A	ENSG00000205420	KRT27
HsVcPPILacVa1	CCSBORF4870	2	CCSBORF100066360	LW	1	491G>C	106	NC_000012.12:52492697:C:G	CCSBVarC003663	ENSP00000369317.3:p.Arg164Pro	KRT6A	ENSG00000205420	KRT27
HsVcPPILacVa1	CCSBORF4870	2	CCSBORF100066360	LW	1	500T>G	0	NC_000012.12:52492688:A:C	CCSBVarC003665	ENSP00000369317.3:p.Ile167Ser	KRT6A	ENSG00000205420	KRT27
HsVcPPILacVa1	CCSBORF4870	2	CCSBORF100066360	LW	1	511A>T	78	NC_000012.12:52492677:T:A	CCSBVarC003667	ENSP00000369317.3:p.Asn171Tyr	KRT6A	ENSG00000205420	KRT27
HsVcPPILacVa1	CCSBORF4870	2	CCSBORF100066360	LW	1	512A>G	90	NC_000012.12:52492676:T:C	CCSBVarC003669	ENSP00000369317.3:p.Asn171Ser	KRT6A	ENSG00000205420	KRT27
HsVcPPILacVa1	CCSBORF4870	2	CCSBORF100066360	LW	1	520T>G	2	NC_000012.12:52492668:A:C	CCSBVarC000719	ENSP00000369317.3:p.Phe174Val	KRT6A	ENSG00000205420	KRT27
HsVcPPILacVa1	CCSBORF4870	2	CCSBORF100066360	LW	1	526T>C	79	NC_000012.12:52492662:A:G	CCSBVarC003671	ENSP00000369317.3:p.Ser176Pro	KRT6A	ENSG00000205420	KRT27
HsVcPPILacVa1	CCSBORF4870	2	CCSBORF100066360	LW	1	628C>A	419	NC_000012.12:52491648:G:T	CCSBVarC009567	ENSP00000369317.3:p.Leu210Met	KRT6A	ENSG00000205420	KRT27
HsVcPPILacVa1	CCSBORF4870	2	CCSBORF100066360	LW	1	632A>G	1	NC_000012.12:52491644:T:C	CCSBVarC015673	ENSP00000369317.3:p.Glu211Gly	KRT6A	ENSG00000205420	KRT27
HsVcPPILacVa1	CCSBORF4870	2	CCSBORF100066360	LW	1	680G>A	0	NC_000012.12:52491596:C:T	CCSBVarC015679	ENSP00000369317.3:p.Ser227Asn	KRT6A	ENSG00000205420	KRT27
HsVcPPILacVa1	CCSBORF4870	2	CCSBORF100066360	LW	1	745T>C	232	NC_000012.12:52491531:A:G	CCSBVarC002915	ENSP00000369317.3:p.Phe249Leu	KRT6A	ENSG00000205420	KRT27
HsVcPPILacVa1	CCSBORF4870	2	CCSBORF100066360	LW	1	806C>T	2	NC_000012.12:52491121:G:A	CCSBVarC015685	ENSP00000369317.3:p.Thr269Ile	KRT6A	ENSG00000205420	KRT27
HsVcPPILacVa1	CCSBORF4870	2	CCSBORF100066360	LW	1	968A>T	1	NC_000012.12:52490677:T:A	CCSBVarC015689	ENSP00000369317.3:p.Asp323Val	KRT6A	ENSG00000205420	KRT27
HsVcPPILacVa1	CCSBORF4870	2	CCSBORF100066360	LW	1	981C>G	2	NC_000012.12:52490664:G:C	CCSBVarC015694	ENSP00000369317.3:p.Asn327Lys	KRT6A	ENSG00000205420	KRT27
HsVcPPILacVa1	CCSBORF4870	2	CCSBORF100014396	LW	1	REF	349	NULL	NULL	NULL	KRT6A	ENSG00000205420	KRT35
HsVcPPILacVa1	CCSBORF4870	2	CCSBORF100014396	LW	1	1198A>C	380	NC_000012.12:52489947:T:G	CCSBVarC015603	ENSP00000369317.3:p.Lys400Gln	KRT6A	ENSG00000205420	KRT35
HsVcPPILacVa1	CCSBORF4870	2	CCSBORF100014396	LW	1	1282G>A	33	NC_000012.12:52488469:C:T	CCSBVarC015611	ENSP00000369317.3:p.Glu428Lys	KRT6A	ENSG00000205420	KRT35
HsVcPPILacVa1	CCSBORF4870	2	CCSBORF100014396	LW	1	1378G>A	268	NC_000012.12:52488373:C:T	CCSBVarC015615	ENSP00000369317.3:p.Val460Met	KRT6A	ENSG00000205420	KRT35
HsVcPPILacVa1	CCSBORF4870	2	CCSBORF100014396	LW	1	1381G>A	763	NC_000012.12:52488370:C:T	CCSBVarC003673	ENSP00000369317.3:p.Glu461Lys	KRT6A	ENSG00000205420	KRT35
HsVcPPILacVa1	CCSBORF4870	2	CCSBORF100014396	LW	1	1387G>C	180	NC_000012.12:52488364:C:G	CCSBVarC000721	ENSP00000369317.3:p.Ala463Pro	KRT6A	ENSG00000205420	KRT35
HsVcPPILacVa1	CCSBORF4870	2	CCSBORF100014396	LW	1	1393T>C	4	NC_000012.12:52488358:A:G	CCSBVarC003675	ENSP00000369317.3:p.Tyr465His	KRT6A	ENSG00000205420	KRT35
HsVcPPILacVa1	CCSBORF4870	2	CCSBORF100014396	LW	1	1403T>A	78	NC_000012.12:52488348:A:T	CCSBVarC003677	ENSP00000369317.3:p.Leu468Gln	KRT6A	ENSG00000205420	KRT35
HsVcPPILacVa1	CCSBORF4870	2	CCSBORF100014396	LW	1	1416G>C	681	NC_000012.12:52488335:C:G	CCSBVarC003679	ENSP00000369317.3:p.Glu472Asp	KRT6A	ENSG00000205420	KRT35
HsVcPPILacVa1	CCSBORF4870	2	CCSBORF100014396	LW	1	1456A>G	3	NC_000012.12:52488071:T:C	CCSBVarC015620	ENSP00000369317.3:p.Ile486Val	KRT6A	ENSG00000205420	KRT35
HsVcPPILacVa1	CCSBORF4870	2	CCSBORF100014396	LW	1	1567G>A	80	NC_000012.12:52487847:C:T	CCSBVarC009576	ENSP00000369317.3:p.Val523Ile	KRT6A	ENSG00000205420	KRT35
HsVcPPILacVa1	CCSBORF4870	2	CCSBORF100014396	LW	1	1567G>T	105	NC_000012.12:52487847:C:A	CCSBVarC002920	ENSP00000369317.3:p.Val523Phe	KRT6A	ENSG00000205420	KRT35
HsVcPPILacVa1	CCSBORF4870	2	CCSBORF100014396	LW	1	1604T>C	183	NC_000012.12:52487810:A:G	CCSBVarC015632	ENSP00000369317.3:p.Ile535Thr	KRT6A	ENSG00000205420	KRT35
HsVcPPILacVa1	CCSBORF4870	2	CCSBORF100014396	LW	1	1650G>T	363	NC_000012.12:52487764:C:A	CCSBVarC015638	ENSP00000369317.3:p.Lys550Asn	KRT6A	ENSG00000205420	KRT35
HsVcPPILacVa1	CCSBORF4870	2	CCSBORF100014396	LW	1	332G>A	2	NC_000012.12:52492856:C:T	CCSBVarC015647	ENSP00000369317.3:p.Gly111Asp	KRT6A	ENSG00000205420	KRT35
HsVcPPILacVa1	CCSBORF4870	2	CCSBORF100014396	LW	1	361G>A	199	NC_000012.12:52492827:C:T	CCSBVarC015651	ENSP00000369317.3:p.Gly121Ser	KRT6A	ENSG00000205420	KRT35
HsVcPPILacVa1	CCSBORF4870	2	CCSBORF100014396	LW	1	46C>T	3	NC_000012.12:52493142:G:A	CCSBVarC015667	ENSP00000369317.3:p.Arg16Trp	KRT6A	ENSG00000205420	KRT35
HsVcPPILacVa1	CCSBORF4870	2	CCSBORF100014396	LW	1	491G>C	264	NC_000012.12:52492697:C:G	CCSBVarC003663	ENSP00000369317.3:p.Arg164Pro	KRT6A	ENSG00000205420	KRT35
HsVcPPILacVa1	CCSBORF4870	2	CCSBORF100014396	LW	1	500T>G	3	NC_000012.12:52492688:A:C	CCSBVarC003665	ENSP00000369317.3:p.Ile167Ser	KRT6A	ENSG00000205420	KRT35
HsVcPPILacVa1	CCSBORF4870	2	CCSBORF100014396	LW	1	511A>T	138	NC_000012.12:52492677:T:A	CCSBVarC003667	ENSP00000369317.3:p.Asn171Tyr	KRT6A	ENSG00000205420	KRT35
HsVcPPILacVa1	CCSBORF4870	2	CCSBORF100014396	LW	1	512A>G	163	NC_000012.12:52492676:T:C	CCSBVarC003669	ENSP00000369317.3:p.Asn171Ser	KRT6A	ENSG00000205420	KRT35
HsVcPPILacVa1	CCSBORF4870	2	CCSBORF100014396	LW	1	520T>G	6	NC_000012.12:52492668:A:C	CCSBVarC000719	ENSP00000369317.3:p.Phe174Val	KRT6A	ENSG00000205420	KRT35
HsVcPPILacVa1	CCSBORF4870	2	CCSBORF100014396	LW	1	526T>C	183	NC_000012.12:52492662:A:G	CCSBVarC003671	ENSP00000369317.3:p.Ser176Pro	KRT6A	ENSG00000205420	KRT35
HsVcPPILacVa1	CCSBORF4870	2	CCSBORF100014396	LW	1	628C>A	616	NC_000012.12:52491648:G:T	CCSBVarC009567	ENSP00000369317.3:p.Leu210Met	KRT6A	ENSG00000205420	KRT35
HsVcPPILacVa1	CCSBORF4870	2	CCSBORF100014396	LW	1	632A>G	2	NC_000012.12:52491644:T:C	CCSBVarC015673	ENSP00000369317.3:p.Glu211Gly	KRT6A	ENSG00000205420	KRT35
HsVcPPILacVa1	CCSBORF4870	2	CCSBORF100014396	LW	1	680G>A	1	NC_000012.12:52491596:C:T	CCSBVarC015679	ENSP00000369317.3:p.Ser227Asn	KRT6A	ENSG00000205420	KRT35
HsVcPPILacVa1	CCSBORF4870	2	CCSBORF100014396	LW	1	745T>C	367	NC_000012.12:52491531:A:G	CCSBVarC002915	ENSP00000369317.3:p.Phe249Leu	KRT6A	ENSG00000205420	KRT35
HsVcPPILacVa1	CCSBORF4870	2	CCSBORF100014396	LW	1	806C>T	4	NC_000012.12:52491121:G:A	CCSBVarC015685	ENSP00000369317.3:p.Thr269Ile	KRT6A	ENSG00000205420	KRT35
HsVcPPILacVa1	CCSBORF4870	2	CCSBORF100014396	LW	1	968A>T	0	NC_000012.12:52490677:T:A	CCSBVarC015689	ENSP00000369317.3:p.Asp323Val	KRT6A	ENSG00000205420	KRT35
HsVcPPILacVa1	CCSBORF4870	2	CCSBORF100014396	LW	1	981C>G	0	NC_000012.12:52490664:G:C	CCSBVarC015694	ENSP00000369317.3:p.Asn327Lys	KRT6A	ENSG00000205420	KRT35
HsVcPPILacVa1	CCSBORF4870	1	CCSBORF55664	LW	1	REF	129	NULL	NULL	NULL	KRT6A	ENSG00000205420	TRIM54
HsVcPPILacVa1	CCSBORF4870	1	CCSBORF55664	LW	1	1003G>A	0	NC_000012.12:52490642:C:T	CCSBVarC009565	ENSP00000369317.3:p.Ala335Thr	KRT6A	ENSG00000205420	TRIM54
HsVcPPILacVa1	CCSBORF4870	1	CCSBORF55664	LW	1	1157G>T	1	NC_000012.12:52489988:C:A	CCSBVarC015599	ENSP00000369317.3:p.Arg386Leu	KRT6A	ENSG00000205420	TRIM54
HsVcPPILacVa1	CCSBORF4870	1	CCSBORF55664	LW	1	1211A>G	0	NC_000012.12:52488540:T:C	CCSBVarC015607	ENSP00000369317.3:p.Asn404Ser	KRT6A	ENSG00000205420	TRIM54
HsVcPPILacVa1	CCSBORF4870	1	CCSBORF55664	LW	1	1327C>T	2	NC_000012.12:52488424:G:A	CCSBVarC009573	ENSP00000369317.3:p.Arg443Trp	KRT6A	ENSG00000205420	TRIM54
HsVcPPILacVa1	CCSBORF4870	1	CCSBORF55664	LW	1	1340A>G	0	NC_000012.12:52488411:T:C	CCSBVarC015613	ENSP00000369317.3:p.Glu447Gly	KRT6A	ENSG00000205420	TRIM54
HsVcPPILacVa1	CCSBORF4870	1	CCSBORF55664	LW	1	1385T>A	0	NC_000012.12:52488366:A:T	CCSBVarC003674	ENSP00000369317.3:p.Ile462Asn	KRT6A	ENSG00000205420	TRIM54
HsVcPPILacVa1	CCSBORF4870	1	CCSBORF55664	LW	1	1385T>G	0	NC_000012.12:52488366:A:C	CCSBVarC000720	ENSP00000369317.3:p.Ile462Ser	KRT6A	ENSG00000205420	TRIM54
HsVcPPILacVa1	CCSBORF4870	1	CCSBORF55664	LW	1	1403T>C	324	NC_000012.12:52488348:A:G	CCSBVarC003676	ENSP00000369317.3:p.Leu468Pro	KRT6A	ENSG00000205420	TRIM54
HsVcPPILacVa1	CCSBORF4870	1	CCSBORF55664	LW	1	1414G>A	205	NC_000012.12:52488337:C:T	CCSBVarC003678	ENSP00000369317.3:p.Glu472Lys	KRT6A	ENSG00000205420	TRIM54
HsVcPPILacVa1	CCSBORF4870	1	CCSBORF55664	LW	1	1441G>A	1	NC_000012.12:52488086:C:T	CCSBVarC015618	ENSP00000369317.3:p.Val481Ile	KRT6A	ENSG00000205420	TRIM54
HsVcPPILacVa1	CCSBORF4870	1	CCSBORF55664	LW	1	1534G>A	2	NC_000012.12:52487880:C:T	CCSBVarC015629	ENSP00000369317.3:p.Gly512Arg	KRT6A	ENSG00000205420	TRIM54
HsVcPPILacVa1	CCSBORF4870	1	CCSBORF55664	LW	1	1606G>A	1	NC_000012.12:52487808:C:T	CCSBVarC015635	ENSP00000369317.3:p.Gly536Arg	KRT6A	ENSG00000205420	TRIM54
HsVcPPILacVa1	CCSBORF4870	1	CCSBORF55664	LW	1	1655C>G	0	NC_000012.12:52487759:G:C	CCSBVarC002916	ENSP00000369317.3:p.Thr552Ser	KRT6A	ENSG00000205420	TRIM54
HsVcPPILacVa1	CCSBORF4870	1	CCSBORF55664	LW	1	215T>C	1	NC_000012.12:52492973:A:G	CCSBVarC015643	ENSP00000369317.3:p.Ile72Thr	KRT6A	ENSG00000205420	TRIM54
HsVcPPILacVa1	CCSBORF4870	1	CCSBORF55664	LW	1	359G>T	0	NC_000012.12:52492829:C:A	CCSBVarC015649	ENSP00000369317.3:p.Gly120Val	KRT6A	ENSG00000205420	TRIM54
HsVcPPILacVa1	CCSBORF4870	1	CCSBORF55664	LW	1	365T>C	1	NC_000012.12:52492823:A:G	CCSBVarC015653	ENSP00000369317.3:p.Phe122Ser	KRT6A	ENSG00000205420	TRIM54
HsVcPPILacVa1	CCSBORF4870	1	CCSBORF55664	LW	1	460C>G	2	NC_000012.12:52492728:G:C	CCSBVarC015670	ENSP00000369317.3:p.Pro154Ala	KRT6A	ENSG00000205420	TRIM54
HsVcPPILacVa1	CCSBORF4870	1	CCSBORF55664	LW	1	487G>A	8	NC_000012.12:52492701:C:T	CCSBVarC003662	ENSP00000369317.3:p.Glu163Lys	KRT6A	ENSG00000205420	TRIM54
HsVcPPILacVa1	CCSBORF4870	1	CCSBORF55664	LW	1	497A>C	105	NC_000012.12:52492691:T:G	CCSBVarC003664	ENSP00000369317.3:p.Gln166Pro	KRT6A	ENSG00000205420	TRIM54
HsVcPPILacVa1	CCSBORF4870	1	CCSBORF55664	LW	1	508C>T	373	NC_000012.12:52492680:G:A	CCSBVarC003666	ENSP00000369317.3:p.Leu170Phe	KRT6A	ENSG00000205420	TRIM54
HsVcPPILacVa1	CCSBORF4870	1	CCSBORF55664	LW	1	511A>G	220	NC_000012.12:52492677:T:C	CCSBVarC003668	ENSP00000369317.3:p.Asn171Asp	KRT6A	ENSG00000205420	TRIM54
HsVcPPILacVa1	CCSBORF4870	1	CCSBORF55664	LW	1	512A>C	1	NC_000012.12:52492676:T:G	CCSBVarC003670	ENSP00000369317.3:p.Asn171Thr	KRT6A	ENSG00000205420	TRIM54
HsVcPPILacVa1	CCSBORF4870	1	CCSBORF55664	LW	1	513C>A	46	NC_000012.12:52492675:G:T	CCSBVarC000718	ENSP00000369317.3:p.Asn171Lys	KRT6A	ENSG00000205420	TRIM54
HsVcPPILacVa1	CCSBORF4870	1	CCSBORF55664	LW	1	533T>A	588	NC_000012.12:52492655:A:T	CCSBVarC003672	ENSP00000369317.3:p.Ile178Asn	KRT6A	ENSG00000205420	TRIM54
HsVcPPILacVa1	CCSBORF4870	1	CCSBORF55664	LW	1	62A>G	1	NC_000012.12:52493126:T:C	CCSBVarC002913	ENSP00000369317.3:p.Asn21Ser	KRT6A	ENSG00000205420	TRIM54
HsVcPPILacVa1	CCSBORF4870	1	CCSBORF55664	LW	1	661C>A	0	NC_000012.12:52491615:G:T	CCSBVarC015676	ENSP00000369317.3:p.Leu221Ile	KRT6A	ENSG00000205420	TRIM54
HsVcPPILacVa1	CCSBORF4870	1	CCSBORF55664	LW	1	718A>G	0	NC_000012.12:52491558:T:C	CCSBVarC015683	ENSP00000369317.3:p.Arg240Gly	KRT6A	ENSG00000205420	TRIM54
HsVcPPILacVa1	CCSBORF4870	1	CCSBORF55664	LW	1	827C>T	0	NC_000012.12:52490942:G:A	CCSBVarC015687	ENSP00000369317.3:p.Ala276Val	KRT6A	ENSG00000205420	TRIM54
HsVcPPILacVa1	CCSBORF4870	1	CCSBORF55664	LW	1	98T>C	1	NC_000012.12:52493090:A:G	CCSBVarC015691	ENSP00000369317.3:p.Phe33Ser	KRT6A	ENSG00000205420	TRIM54
HsVcPPILacVa1	CCSBORF71591	1	CCSBORF0	LW	1	REF	390	NULL	NULL	NULL	CRYGC	ENSG00000163254	empty_AD
HsVcPPILacVa1	CCSBORF71591	1	CCSBORF0	LW	1	121G>A	1248	NC_000002.12:208129571:C:T	CCSBVarC016915	ENSP00000282141.3:p.Gly41Ser	CRYGC	ENSG00000163254	empty_AD
HsVcPPILacVa1	CCSBORF71591	1	CCSBORF0	LW	1	125G>A	1573	NC_000002.12:208129567:C:T	CCSBVarC016917	ENSP00000282141.3:p.Cys42Tyr	CRYGC	ENSG00000163254	empty_AD
HsVcPPILacVa1	CCSBORF71591	1	CCSBORF0	LW	1	137A>G	87	NC_000002.12:208129555:T:C	CCSBVarC016919	ENSP00000282141.3:p.Tyr46Cys	CRYGC	ENSG00000163254	empty_AD
HsVcPPILacVa1	CCSBORF71591	1	CCSBORF0	LW	1	13A>C	2857	NC_000002.12:208129679:T:G	CCSBVarC002785	ENSP00000282141.3:p.Thr5Pro	CRYGC	ENSG00000163254	empty_AD
HsVcPPILacVa1	CCSBORF71591	1	CCSBORF0	LW	1	142C>T	2134	NC_000002.12:208129550:G:A	CCSBVarC016921	ENSP00000282141.3:p.Arg48Cys	CRYGC	ENSG00000163254	empty_AD
HsVcPPILacVa1	CCSBORF71591	1	CCSBORF0	LW	1	143G>A	914	NC_000002.12:208129549:C:T	CCSBVarC014016	ENSP00000282141.3:p.Arg48His	CRYGC	ENSG00000163254	empty_AD
HsVcPPILacVa1	CCSBORF71591	1	CCSBORF0	LW	1	164A>G	371	NC_000002.12:208129528:T:C	CCSBVarC016929	ENSP00000282141.3:p.Gln55Arg	CRYGC	ENSG00000163254	empty_AD
HsVcPPILacVa1	CCSBORF71591	1	CCSBORF0	LW	1	220G>A	1967	NC_000002.12:208129472:C:T	CCSBVarC016932	ENSP00000282141.3:p.Asp74Asn	CRYGC	ENSG00000163254	empty_AD
HsVcPPILacVa1	CCSBORF71591	1	CCSBORF0	LW	1	229C>T	977	NC_000002.12:208129463:G:A	CCSBVarC016934	ENSP00000282141.3:p.Arg77Cys	CRYGC	ENSG00000163254	empty_AD
HsVcPPILacVa1	CCSBORF71591	1	CCSBORF0	LW	1	230G>A	3	NC_000002.12:208129462:C:T	CCSBVarC016954	ENSP00000282141.3:p.Arg77His	CRYGC	ENSG00000163254	empty_AD
HsVcPPILacVa1	CCSBORF71591	1	CCSBORF0	LW	1	256G>T	249	NC_000002.12:208128471:C:A	CCSBVarC014051	ENSP00000282141.3:p.Val86Phe	CRYGC	ENSG00000163254	empty_AD
HsVcPPILacVa1	CCSBORF71591	1	CCSBORF0	LW	1	271C>T	647	NC_000002.12:208128456:G:A	CCSBVarC014021	ENSP00000282141.3:p.Arg91Trp	CRYGC	ENSG00000163254	empty_AD
HsVcPPILacVa1	CCSBORF71591	1	CCSBORF0	LW	1	272G>A	16	NC_000002.12:208128455:C:T	CCSBVarC016956	ENSP00000282141.3:p.Arg91Gln	CRYGC	ENSG00000163254	empty_AD
HsVcPPILacVa1	CCSBORF71591	1	CCSBORF0	LW	1	304A>G	5	NC_000002.12:208128423:T:C	CCSBVarC016960	ENSP00000282141.3:p.Met102Val	CRYGC	ENSG00000163254	empty_AD
HsVcPPILacVa1	CCSBORF71591	1	CCSBORF0	LW	1	317G>A	815	NC_000002.12:208128410:C:T	CCSBVarC014018	ENSP00000282141.3:p.Ser106Asn	CRYGC	ENSG00000163254	empty_AD
HsVcPPILacVa1	CCSBORF71591	1	CCSBORF0	LW	1	364C>T	4403	NC_000002.12:208128363:G:A	CCSBVarC016964	ENSP00000282141.3:p.Arg122Cys	CRYGC	ENSG00000163254	empty_AD
HsVcPPILacVa1	CCSBORF71591	1	CCSBORF0	LW	1	365G>A	19	NC_000002.12:208128362:C:T	CCSBVarC016966	ENSP00000282141.3:p.Arg122His	CRYGC	ENSG00000163254	empty_AD
HsVcPPILacVa1	CCSBORF71591	1	CCSBORF0	LW	1	403G>A	318	NC_000002.12:208128324:C:T	CCSBVarC016968	ENSP00000282141.3:p.Glu135Lys	CRYGC	ENSG00000163254	empty_AD
HsVcPPILacVa1	CCSBORF71591	1	CCSBORF0	LW	1	450G>T	5	NC_000002.12:208128277:C:A	CCSBVarC016972	ENSP00000282141.3:p.Glu150Asp	CRYGC	ENSG00000163254	empty_AD
HsVcPPILacVa1	CCSBORF71591	1	CCSBORF0	LW	1	458G>A	471	NC_000002.12:208128269:C:T	CCSBVarC016974	ENSP00000282141.3:p.Arg153Gln	CRYGC	ENSG00000163254	empty_AD
HsVcPPILacVa1	CCSBORF71591	1	CCSBORF0	LW	1	502C>T	519	NC_000002.12:208128225:G:A	CCSBVarC002786	ENSP00000282141.3:p.Arg168Trp	CRYGC	ENSG00000163254	empty_AD
HsVcPPILacVa1	CCSBORF71591	1	CCSBORF0	LW	1	52G>A	9	NC_000002.12:208129640:C:T	CCSBVarC016978	ENSP00000282141.3:p.Glu18Lys	CRYGC	ENSG00000163254	empty_AD
HsVcPPILacVa1	CCSBORF71591	1	CCSBORF0	LW	1	97T>C	2	NC_000002.12:208129595:A:G	CCSBVarC016979	ENSP00000282141.3:p.Cys33Arg	CRYGC	ENSG00000163254	empty_AD
HsVcPPILacVa1	CCSBORF1231	1	CCSBORF71628	LW	1	REF	642	NULL	NULL	NULL	AQP1	ENSG00000240583	KRTAP9-8
HsVcPPILacVa1	CCSBORF1231	1	CCSBORF71628	LW	1	113C>T	464	NC_000007.14:30912021:C:T	CCSBVarC000137	ENSP00000311165.4:p.Pro38Leu	AQP1	ENSG00000240583	KRTAP9-8
HsVcPPILacVa1	CCSBORF1231	1	CCSBORF71628	LW	1	140A>G	4273	NC_000007.14:30912048:A:G	CCSBVarC000138	ENSP00000311165.4:p.Gln47Arg	AQP1	ENSG00000240583	KRTAP9-8
HsVcPPILacVa1	CCSBORF1231	1	CCSBORF71628	LW	1	319G>A	7	NC_000007.14:30912227:G:A	CCSBVarC015066	ENSP00000311165.4:p.Val107Ile	AQP1	ENSG00000240583	KRTAP9-8
HsVcPPILacVa1	CCSBORF1231	1	CCSBORF71628	LW	1	320T>G	2108	NC_000007.14:30912228:T:G	CCSBVarC015069	ENSP00000311165.4:p.Val107Gly	AQP1	ENSG00000240583	KRTAP9-8
HsVcPPILacVa1	CCSBORF1231	1	CCSBORF71628	LW	1	494G>A	147	NC_000007.14:30922174:G:A	CCSBVarC015072	ENSP00000311165.4:p.Gly165Asp	AQP1	ENSG00000240583	KRTAP9-8
HsVcPPILacVa1	CCSBORF1231	1	CCSBORF71628	LW	1	576C>A	1550	NC_000007.14:30922589:C:A	CCSBVarC000139	ENSP00000311165.4:p.Asn192Lys	AQP1	ENSG00000240583	KRTAP9-8
HsVcPPILacVa1	CCSBORF1231	1	CCSBORF13067	LW	1	REF	1724	NULL	NULL	NULL	AQP1	ENSG00000240583	BLZF1
HsVcPPILacVa1	CCSBORF1231	1	CCSBORF13067	LW	1	113C>T	1195	NC_000007.14:30912021:C:T	CCSBVarC000137	ENSP00000311165.4:p.Pro38Leu	AQP1	ENSG00000240583	BLZF1
HsVcPPILacVa1	CCSBORF1231	1	CCSBORF13067	LW	1	140A>G	7667	NC_000007.14:30912048:A:G	CCSBVarC000138	ENSP00000311165.4:p.Gln47Arg	AQP1	ENSG00000240583	BLZF1
HsVcPPILacVa1	CCSBORF1231	1	CCSBORF13067	LW	1	319G>A	24	NC_000007.14:30912227:G:A	CCSBVarC015066	ENSP00000311165.4:p.Val107Ile	AQP1	ENSG00000240583	BLZF1
HsVcPPILacVa1	CCSBORF1231	1	CCSBORF13067	LW	1	320T>G	1522	NC_000007.14:30912228:T:G	CCSBVarC015069	ENSP00000311165.4:p.Val107Gly	AQP1	ENSG00000240583	BLZF1
HsVcPPILacVa1	CCSBORF1231	1	CCSBORF13067	LW	1	494G>A	416	NC_000007.14:30922174:G:A	CCSBVarC015072	ENSP00000311165.4:p.Gly165Asp	AQP1	ENSG00000240583	BLZF1
HsVcPPILacVa1	CCSBORF1231	1	CCSBORF13067	LW	1	576C>A	1887	NC_000007.14:30922589:C:A	CCSBVarC000139	ENSP00000311165.4:p.Asn192Lys	AQP1	ENSG00000240583	BLZF1
HsVcPPILacVa1	CCSBORF1231	1	CCSBORF675	LW	1	REF	1676	NULL	NULL	NULL	AQP1	ENSG00000240583	RGS17
HsVcPPILacVa1	CCSBORF1231	1	CCSBORF675	LW	1	113C>T	1059	NC_000007.14:30912021:C:T	CCSBVarC000137	ENSP00000311165.4:p.Pro38Leu	AQP1	ENSG00000240583	RGS17
HsVcPPILacVa1	CCSBORF1231	1	CCSBORF675	LW	1	140A>G	6627	NC_000007.14:30912048:A:G	CCSBVarC000138	ENSP00000311165.4:p.Gln47Arg	AQP1	ENSG00000240583	RGS17
HsVcPPILacVa1	CCSBORF1231	1	CCSBORF675	LW	1	319G>A	34	NC_000007.14:30912227:G:A	CCSBVarC015066	ENSP00000311165.4:p.Val107Ile	AQP1	ENSG00000240583	RGS17
HsVcPPILacVa1	CCSBORF1231	1	CCSBORF675	LW	1	320T>G	1888	NC_000007.14:30912228:T:G	CCSBVarC015069	ENSP00000311165.4:p.Val107Gly	AQP1	ENSG00000240583	RGS17
HsVcPPILacVa1	CCSBORF1231	1	CCSBORF675	LW	1	494G>A	374	NC_000007.14:30922174:G:A	CCSBVarC015072	ENSP00000311165.4:p.Gly165Asp	AQP1	ENSG00000240583	RGS17
HsVcPPILacVa1	CCSBORF1231	1	CCSBORF675	LW	1	576C>A	1559	NC_000007.14:30922589:C:A	CCSBVarC000139	ENSP00000311165.4:p.Asn192Lys	AQP1	ENSG00000240583	RGS17
HsVcPPILacVa1	CCSBORF70357	1	CCSBORF2384	LW	1	REF	243	NULL	NULL	NULL	TSFM	ENSG00000123297	RALBP1
HsVcPPILacVa1	CCSBORF70357	1	CCSBORF2384	LW	1	112C>T	2	NC_000012.12:57783163:C:T	CCSBVarC017012	ENSP00000499171.2:p.Pro38Ser	TSFM	ENSG00000123297	RALBP1
HsVcPPILacVa1	CCSBORF70357	1	CCSBORF2384	LW	1	191G>A	1	NC_000012.12:57783242:G:A	CCSBVarC017016	ENSP00000499171.2:p.Cys64Tyr	TSFM	ENSG00000123297	RALBP1
HsVcPPILacVa1	CCSBORF70357	1	CCSBORF2384	LW	1	22C>T	0	NC_000012.12:57782822:C:T	CCSBVarC017021	ENSP00000499171.2:p.Arg8Cys	TSFM	ENSG00000123297	RALBP1
HsVcPPILacVa1	CCSBORF70357	1	CCSBORF2384	LW	1	269G>A	2	NC_000012.12:57786199:G:A	CCSBVarC017025	ENSP00000499171.2:p.Gly90Asp	TSFM	ENSG00000123297	RALBP1
HsVcPPILacVa1	CCSBORF70357	1	CCSBORF2384	LW	1	34G>T	137	NC_000012.12:57782834:G:T	CCSBVarC017029	ENSP00000499171.2:p.Val12Phe	TSFM	ENSG00000123297	RALBP1
HsVcPPILacVa1	CCSBORF70357	1	CCSBORF2384	LW	1	484G>A	0	NC_000012.12:57792985:G:A	CCSBVarC017033	ENSP00000499171.2:p.Gly162Ser	TSFM	ENSG00000123297	RALBP1
HsVcPPILacVa1	CCSBORF70357	1	CCSBORF2384	LW	1	520G>T	0	NC_000012.12:57793021:G:T	CCSBVarC017037	ENSP00000499171.2:p.Ala174Ser	TSFM	ENSG00000123297	RALBP1
HsVcPPILacVa1	CCSBORF70357	1	CCSBORF2384	LW	1	539G>C	767	NC_000012.12:57793040:G:C	CCSBVarC017041	ENSP00000499171.2:p.Gly180Ala	TSFM	ENSG00000123297	RALBP1
HsVcPPILacVa1	CCSBORF70357	1	CCSBORF2384	LW	1	602G>A	44	NC_000012.12:57796206:G:A	CCSBVarC017056	ENSP00000499171.2:p.Arg201Gln	TSFM	ENSG00000123297	RALBP1
HsVcPPILacVa1	CCSBORF70357	1	CCSBORF2384	LW	1	647A>T	773	NC_000012.12:57796251:A:T	CCSBVarC017058	ENSP00000499171.2:p.Tyr216Phe	TSFM	ENSG00000123297	RALBP1
HsVcPPILacVa1	CCSBORF70357	1	CCSBORF2384	LW	1	718T>C	1079	NC_000012.12:57796322:T:C	CCSBVarC017061	ENSP00000499171.2:p.Cys240Arg	TSFM	ENSG00000123297	RALBP1
HsVcPPILacVa1	CCSBORF70357	1	CCSBORF2384	LW	1	725C>T	5062	NC_000012.12:57796329:C:T	CCSBVarC017063	ENSP00000499171.2:p.Thr242Met	TSFM	ENSG00000123297	RALBP1
HsVcPPILacVa1	CCSBORF70357	1	CCSBORF2384	LW	1	754G>A	1963	NC_000012.12:57796358:G:A	CCSBVarC017065	ENSP00000499171.2:p.Val252Ile	TSFM	ENSG00000123297	RALBP1
HsVcPPILacVa1	CCSBORF70357	1	CCSBORF2384	LW	1	763C>T	3145	NC_000012.12:57796367:C:T	CCSBVarC017067	ENSP00000499171.2:p.Arg255Cys	TSFM	ENSG00000123297	RALBP1
HsVcPPILacVa1	CCSBORF70357	1	CCSBORF2384	LW	1	775C>T	0	NC_000012.12:57796379:C:T	CCSBVarC017069	ENSP00000499171.2:p.His259Tyr	TSFM	ENSG00000123297	RALBP1
HsVcPPILacVa1	CCSBORF70357	1	CCSBORF2384	LW	1	796C>G	3	NC_000012.12:57796400:C:G	CCSBVarC017074	ENSP00000499171.2:p.Leu266Val	TSFM	ENSG00000123297	RALBP1
HsVcPPILacVa1	CCSBORF70357	1	CCSBORF2384	LW	1	814G>C	4991	NC_000012.12:57796418:G:C	CCSBVarC017078	ENSP00000499171.2:p.Asp272His	TSFM	ENSG00000123297	RALBP1
HsVcPPILacVa1	CCSBORF70357	1	CCSBORF2384	LW	1	878C>T	3	NC_000012.12:57796482:C:T	CCSBVarC017084	ENSP00000499171.2:p.Ser293Phe	TSFM	ENSG00000123297	RALBP1
HsVcPPILacVa1	CCSBORF11374	2	CCSBORF0	LW	1	REF	978	NULL	NULL	NULL	RP2	ENSG00000102218	empty_AD
HsVcPPILacVa1	CCSBORF11374	2	CCSBORF0	LW	1	1046G>C	1931	NC_000023.11:46879761:G:C	CCSBVarC014902	ENSP00000218340.3:p.Gly349Ala	RP2	ENSG00000102218	empty_AD
HsVcPPILacVa1	CCSBORF11374	2	CCSBORF0	LW	1	122T>C	90	NC_000023.11:46853494:T:C	CCSBVarC014908	ENSP00000218340.3:p.Met41Thr	RP2	ENSG00000102218	empty_AD
HsVcPPILacVa1	CCSBORF11374	2	CCSBORF0	LW	1	226G>T	936	NC_000023.11:46853598:G:T	CCSBVarC014921	ENSP00000218340.3:p.Asp76Tyr	RP2	ENSG00000102218	empty_AD
HsVcPPILacVa1	CCSBORF11374	2	CCSBORF0	LW	1	260C>T	324	NC_000023.11:46853632:C:T	CCSBVarC011436	ENSP00000218340.3:p.Thr87Ile	RP2	ENSG00000102218	empty_AD
HsVcPPILacVa1	CCSBORF11374	2	CCSBORF0	LW	1	280G>C	2028	NC_000023.11:46853652:G:C	CCSBVarC014952	ENSP00000218340.3:p.Gly94Arg	RP2	ENSG00000102218	empty_AD
HsVcPPILacVa1	CCSBORF11374	2	CCSBORF0	LW	1	284C>T	19	NC_000023.11:46853656:C:T	CCSBVarC011462	ENSP00000218340.3:p.Pro95Leu	RP2	ENSG00000102218	empty_AD
HsVcPPILacVa1	CCSBORF11374	2	CCSBORF0	LW	1	352C>T	8	NC_000023.11:46853724:C:T	CCSBVarC011442	ENSP00000218340.3:p.Arg118Cys	RP2	ENSG00000102218	empty_AD
HsVcPPILacVa1	CCSBORF11374	2	CCSBORF0	LW	1	353G>A	87	NC_000023.11:46853725:G:A	CCSBVarC001707	ENSP00000218340.3:p.Arg118His	RP2	ENSG00000102218	empty_AD
HsVcPPILacVa1	CCSBORF11374	2	CCSBORF0	LW	1	353G>T	197	NC_000023.11:46853725:G:T	CCSBVarC005281	ENSP00000218340.3:p.Arg118Leu	RP2	ENSG00000102218	empty_AD
HsVcPPILacVa1	CCSBORF11374	2	CCSBORF0	LW	1	401A>G	56	NC_000023.11:46853773:A:G	CCSBVarC014964	ENSP00000218340.3:p.Gln134Arg	RP2	ENSG00000102218	empty_AD
HsVcPPILacVa1	CCSBORF11374	2	CCSBORF0	LW	1	49C>T	365	NC_000023.11:46837148:C:T	CCSBVarC014978	ENSP00000218340.3:p.Pro17Ser	RP2	ENSG00000102218	empty_AD
HsVcPPILacVa1	CCSBORF11374	2	CCSBORF0	LW	1	601A>G	127	NC_000023.11:46853973:A:G	CCSBVarC011432	ENSP00000218340.3:p.Ile201Val	RP2	ENSG00000102218	empty_AD
HsVcPPILacVa1	CCSBORF11374	2	CCSBORF0	LW	1	628G>A	370	NC_000023.11:46854000:G:A	CCSBVarC014986	ENSP00000218340.3:p.Val210Ile	RP2	ENSG00000102218	empty_AD
HsVcPPILacVa1	CCSBORF11374	2	CCSBORF0	LW	1	667A>G	135	NC_000023.11:46854039:A:G	CCSBVarC014996	ENSP00000218340.3:p.Ile223Val	RP2	ENSG00000102218	empty_AD
HsVcPPILacVa1	CCSBORF11374	2	CCSBORF0	LW	1	768G>C	426	NC_000023.11:46854140:G:C	CCSBVarC015005	ENSP00000218340.3:p.Glu256Asp	RP2	ENSG00000102218	empty_AD
HsVcPPILacVa1	CCSBORF11374	2	CCSBORF0	LW	1	782G>T	125	NC_000023.11:46860000:G:T	CCSBVarC015014	ENSP00000218340.3:p.Gly261Val	RP2	ENSG00000102218	empty_AD
HsVcPPILacVa1	CCSBORF11374	2	CCSBORF0	LW	1	889G>C	143	NC_000023.11:46877509:G:C	CCSBVarC015023	ENSP00000218340.3:p.Val297Leu	RP2	ENSG00000102218	empty_AD
HsVcPPILacVa1	CCSBORF11374	2	CCSBORF0	LW	1	8G>C	2	NC_000023.11:46837107:G:C	CCSBVarC011470	ENSP00000218340.3:p.Cys3Ser	RP2	ENSG00000102218	empty_AD
HsVcPPILacVa1	CCSBORF11374	2	CCSBORF0	LW	1	959A>G	0	NC_000023.11:46877579:A:G	CCSBVarC011424	ENSP00000218340.3:p.Asn320Ser	RP2	ENSG00000102218	empty_AD
HsVcPPILacVa1	CCSBORF11374	2	CCSBORF0	LW	1	970A>G	29	NC_000023.11:46879685:A:G	CCSBVarC015035	ENSP00000218340.3:p.Met324Val	RP2	ENSG00000102218	empty_AD
HsVcPPILacVa1	CCSBORF5896	1	CCSBORF0	LW	1	REF	258	NULL	NULL	NULL	AHCY	ENSG00000101444	empty_AD
HsVcPPILacVa1	CCSBORF5896	1	CCSBORF0	LW	1	1000C>T	278	NC_000020.11:34285606:G:A	CCSBVarC016693	ENSP00000217426.2:p.Arg334Cys	AHCY	ENSG00000101444	empty_AD
HsVcPPILacVa1	CCSBORF5896	1	CCSBORF0	LW	1	1025G>T	542	NC_000020.11:34285581:C:A	CCSBVarC016696	ENSP00000217426.2:p.Gly342Val	AHCY	ENSG00000101444	empty_AD
HsVcPPILacVa1	CCSBORF5896	1	CCSBORF0	LW	1	106C>T	280	NC_000020.11:34295507:G:A	CCSBVarC016716	ENSP00000217426.2:p.Arg36Trp	AHCY	ENSG00000101444	empty_AD
HsVcPPILacVa1	CCSBORF5896	1	CCSBORF0	LW	1	1124A>G	150	NC_000020.11:34285482:T:C	CCSBVarC016722	ENSP00000217426.2:p.His375Arg	AHCY	ENSG00000101444	empty_AD
HsVcPPILacVa1	CCSBORF5896	1	CCSBORF0	LW	1	1223A>G	398	NC_000020.11:34281109:T:C	CCSBVarC016727	ENSP00000217426.2:p.Lys408Arg	AHCY	ENSG00000101444	empty_AD
HsVcPPILacVa1	CCSBORF5896	1	CCSBORF0	LW	1	1292G>A	863	NC_000020.11:34281040:C:T	CCSBVarC016733	ENSP00000217426.2:p.Arg431His	AHCY	ENSG00000101444	empty_AD
HsVcPPILacVa1	CCSBORF5896	1	CCSBORF0	LW	1	145C>T	78	NC_000020.11:34295468:G:A	CCSBVarC000924	ENSP00000217426.2:p.Arg49Cys	AHCY	ENSG00000101444	empty_AD
HsVcPPILacVa1	CCSBORF5896	1	CCSBORF0	LW	1	176A>T	3	NC_000020.11:34295437:T:A	CCSBVarC016739	ENSP00000217426.2:p.Glu59Val	AHCY	ENSG00000101444	empty_AD
HsVcPPILacVa1	CCSBORF5896	1	CCSBORF0	LW	1	266C>T	4	NC_000020.11:34294109:G:A	CCSBVarC000926	ENSP00000217426.2:p.Ala89Val	AHCY	ENSG00000101444	empty_AD
HsVcPPILacVa1	CCSBORF5896	1	CCSBORF0	LW	1	293C>T	328	NC_000020.11:34294082:G:A	CCSBVarC016743	ENSP00000217426.2:p.Pro98Leu	AHCY	ENSG00000101444	empty_AD
HsVcPPILacVa1	CCSBORF5896	1	CCSBORF0	LW	1	373C>G	151	NC_000020.11:34292429:G:C	CCSBVarC016751	ENSP00000217426.2:p.Leu125Val	AHCY	ENSG00000101444	empty_AD
HsVcPPILacVa1	CCSBORF5896	1	CCSBORF0	LW	1	473C>T	6	NC_000020.11:34291503:G:A	CCSBVarC016755	ENSP00000217426.2:p.Thr158Met	AHCY	ENSG00000101444	empty_AD
HsVcPPILacVa1	CCSBORF5896	1	CCSBORF0	LW	1	586C>T	309	NC_000020.11:34290910:G:A	CCSBVarC016761	ENSP00000217426.2:p.Arg196Trp	AHCY	ENSG00000101444	empty_AD
HsVcPPILacVa1	CCSBORF5896	1	CCSBORF0	LW	1	685G>A	524	NC_000020.11:34290811:C:T	CCSBVarC016768	ENSP00000217426.2:p.Ala229Thr	AHCY	ENSG00000101444	empty_AD
HsVcPPILacVa1	CCSBORF5896	1	CCSBORF0	LW	1	698G>A	52	NC_000020.11:34290798:C:T	CCSBVarC016776	ENSP00000217426.2:p.Arg233Gln	AHCY	ENSG00000101444	empty_AD
HsVcPPILacVa1	CCSBORF5896	1	CCSBORF0	LW	1	727G>A	1135	NC_000020.11:34290769:C:T	CCSBVarC016780	ENSP00000217426.2:p.Glu243Lys	AHCY	ENSG00000101444	empty_AD
HsVcPPILacVa1	CCSBORF5896	1	CCSBORF0	LW	1	883A>G	12	NC_000020.11:34290420:T:C	CCSBVarC016789	ENSP00000217426.2:p.Ile295Val	AHCY	ENSG00000101444	empty_AD
HsVcPPILacVa1	CCSBORF5896	1	CCSBORF0	LW	1	979C>T	456	NC_000020.11:34285627:G:A	CCSBVarC016793	ENSP00000217426.2:p.Arg327Trp	AHCY	ENSG00000101444	empty_AD
HsVcPPILacVa1	CCSBORF7215	1	CCSBORF0	LW	1	REF	247	NULL	NULL	NULL	NR0B1	ENSG00000169297	empty_AD
HsVcPPILacVa1	CCSBORF7215	1	CCSBORF0	LW	1	1138T>G	51	NC_000023.11:30308225:A:C	CCSBVarC006816	ENSP00000368253.4:p.Tyr380Asp	NR0B1	ENSG00000169297	empty_AD
HsVcPPILacVa1	CCSBORF7215	1	CCSBORF0	LW	1	1146G>T	37	NC_000023.11:30308217:C:A	CCSBVarC006817	ENSP00000368253.4:p.Lys382Asn	NR0B1	ENSG00000169297	empty_AD
HsVcPPILacVa1	CCSBORF7215	1	CCSBORF0	LW	1	1235G>A	99	NC_000023.11:30304756:C:T	CCSBVarC016993	ENSP00000368253.4:p.Ser412Asn	NR0B1	ENSG00000169297	empty_AD
HsVcPPILacVa1	CCSBORF7215	1	CCSBORF0	LW	1	1273A>G	18	NC_000023.11:30304718:T:C	CCSBVarC016995	ENSP00000368253.4:p.Arg425Gly	NR0B1	ENSG00000169297	empty_AD
HsVcPPILacVa1	CCSBORF7215	1	CCSBORF0	LW	1	1274G>T	269	NC_000023.11:30304717:C:A	CCSBVarC006818	ENSP00000368253.4:p.Arg425Ile	NR0B1	ENSG00000169297	empty_AD
HsVcPPILacVa1	CCSBORF7215	1	CCSBORF0	LW	1	1319A>T	121	NC_000023.11:30304672:T:A	CCSBVarC006819	ENSP00000368253.4:p.Asn440Ile	NR0B1	ENSG00000169297	empty_AD
HsVcPPILacVa1	CCSBORF7215	1	CCSBORF0	LW	1	1351C>G	67	NC_000023.11:30304640:G:C	CCSBVarC016997	ENSP00000368253.4:p.Pro451Ala	NR0B1	ENSG00000169297	empty_AD
HsVcPPILacVa1	CCSBORF7215	1	CCSBORF0	LW	1	155A>C	3	NC_000023.11:30309208:T:G	CCSBVarC017001	ENSP00000368253.4:p.Glu52Ala	NR0B1	ENSG00000169297	empty_AD
HsVcPPILacVa1	CCSBORF7215	1	CCSBORF0	LW	1	315G>C	718	NC_000023.11:30309048:C:G	CCSBVarC001145	ENSP00000368253.4:p.Trp105Cys	NR0B1	ENSG00000169297	empty_AD
HsVcPPILacVa1	CCSBORF7215	1	CCSBORF0	LW	1	362C>G	307	NC_000023.11:30309001:G:C	CCSBVarC017017	ENSP00000368253.4:p.Pro121Arg	NR0B1	ENSG00000169297	empty_AD
HsVcPPILacVa1	CCSBORF7215	1	CCSBORF0	LW	1	568G>C	620	NC_000023.11:30308795:C:G	CCSBVarC017024	ENSP00000368253.4:p.Gly190Arg	NR0B1	ENSG00000169297	empty_AD
HsVcPPILacVa1	CCSBORF7215	1	CCSBORF0	LW	1	600C>G	320	NC_000023.11:30308763:G:C	CCSBVarC011254	ENSP00000368253.4:p.Cys200Trp	NR0B1	ENSG00000169297	empty_AD
HsVcPPILacVa1	CCSBORF7215	1	CCSBORF0	LW	1	800G>C	0	NC_000023.11:30308563:C:G	CCSBVarC001146	ENSP00000368253.4:p.Arg267Pro	NR0B1	ENSG00000169297	empty_AD
HsVcPPILacVa1	CCSBORF7215	1	CCSBORF0	LW	1	881T>C	0	NC_000023.11:30308482:A:G	CCSBVarC017045	ENSP00000368253.4:p.Leu294Pro	NR0B1	ENSG00000169297	empty_AD
HsVcPPILacVa1	CCSBORF4870	2	CCSBORF100011278	LW	1	REF	18	NULL	NULL	NULL	KRT6A	ENSG00000205420	KRT16
HsVcPPILacVa1	CCSBORF4870	2	CCSBORF100011278	LW	1	1198A>C	33	NC_000012.12:52489947:T:G	CCSBVarC015603	ENSP00000369317.3:p.Lys400Gln	KRT6A	ENSG00000205420	KRT16
HsVcPPILacVa1	CCSBORF4870	2	CCSBORF100011278	LW	1	1282G>A	5	NC_000012.12:52488469:C:T	CCSBVarC015611	ENSP00000369317.3:p.Glu428Lys	KRT6A	ENSG00000205420	KRT16
HsVcPPILacVa1	CCSBORF4870	2	CCSBORF100011278	LW	1	1378G>A	48	NC_000012.12:52488373:C:T	CCSBVarC015615	ENSP00000369317.3:p.Val460Met	KRT6A	ENSG00000205420	KRT16
HsVcPPILacVa1	CCSBORF4870	2	CCSBORF100011278	LW	1	1381G>A	79	NC_000012.12:52488370:C:T	CCSBVarC003673	ENSP00000369317.3:p.Glu461Lys	KRT6A	ENSG00000205420	KRT16
HsVcPPILacVa1	CCSBORF4870	2	CCSBORF100011278	LW	1	1387G>C	15	NC_000012.12:52488364:C:G	CCSBVarC000721	ENSP00000369317.3:p.Ala463Pro	KRT6A	ENSG00000205420	KRT16
HsVcPPILacVa1	CCSBORF4870	2	CCSBORF100011278	LW	1	1393T>C	0	NC_000012.12:52488358:A:G	CCSBVarC003675	ENSP00000369317.3:p.Tyr465His	KRT6A	ENSG00000205420	KRT16
HsVcPPILacVa1	CCSBORF4870	2	CCSBORF100011278	LW	1	1403T>A	9	NC_000012.12:52488348:A:T	CCSBVarC003677	ENSP00000369317.3:p.Leu468Gln	KRT6A	ENSG00000205420	KRT16
HsVcPPILacVa1	CCSBORF4870	2	CCSBORF100011278	LW	1	1416G>C	74	NC_000012.12:52488335:C:G	CCSBVarC003679	ENSP00000369317.3:p.Glu472Asp	KRT6A	ENSG00000205420	KRT16
HsVcPPILacVa1	CCSBORF4870	2	CCSBORF100011278	LW	1	1456A>G	0	NC_000012.12:52488071:T:C	CCSBVarC015620	ENSP00000369317.3:p.Ile486Val	KRT6A	ENSG00000205420	KRT16
HsVcPPILacVa1	CCSBORF4870	2	CCSBORF100011278	LW	1	1567G>A	11	NC_000012.12:52487847:C:T	CCSBVarC009576	ENSP00000369317.3:p.Val523Ile	KRT6A	ENSG00000205420	KRT16
HsVcPPILacVa1	CCSBORF4870	2	CCSBORF100011278	LW	1	1567G>T	21	NC_000012.12:52487847:C:A	CCSBVarC002920	ENSP00000369317.3:p.Val523Phe	KRT6A	ENSG00000205420	KRT16
HsVcPPILacVa1	CCSBORF4870	2	CCSBORF100011278	LW	1	1604T>C	14	NC_000012.12:52487810:A:G	CCSBVarC015632	ENSP00000369317.3:p.Ile535Thr	KRT6A	ENSG00000205420	KRT16
HsVcPPILacVa1	CCSBORF4870	2	CCSBORF100011278	LW	1	1650G>T	41	NC_000012.12:52487764:C:A	CCSBVarC015638	ENSP00000369317.3:p.Lys550Asn	KRT6A	ENSG00000205420	KRT16
HsVcPPILacVa1	CCSBORF4870	2	CCSBORF100011278	LW	1	332G>A	0	NC_000012.12:52492856:C:T	CCSBVarC015647	ENSP00000369317.3:p.Gly111Asp	KRT6A	ENSG00000205420	KRT16
HsVcPPILacVa1	CCSBORF4870	2	CCSBORF100011278	LW	1	361G>A	14	NC_000012.12:52492827:C:T	CCSBVarC015651	ENSP00000369317.3:p.Gly121Ser	KRT6A	ENSG00000205420	KRT16
HsVcPPILacVa1	CCSBORF4870	2	CCSBORF100011278	LW	1	46C>T	0	NC_000012.12:52493142:G:A	CCSBVarC015667	ENSP00000369317.3:p.Arg16Trp	KRT6A	ENSG00000205420	KRT16
HsVcPPILacVa1	CCSBORF4870	2	CCSBORF100011278	LW	1	491G>C	15	NC_000012.12:52492697:C:G	CCSBVarC003663	ENSP00000369317.3:p.Arg164Pro	KRT6A	ENSG00000205420	KRT16
HsVcPPILacVa1	CCSBORF4870	2	CCSBORF100011278	LW	1	500T>G	0	NC_000012.12:52492688:A:C	CCSBVarC003665	ENSP00000369317.3:p.Ile167Ser	KRT6A	ENSG00000205420	KRT16
HsVcPPILacVa1	CCSBORF4870	2	CCSBORF100011278	LW	1	511A>T	20	NC_000012.12:52492677:T:A	CCSBVarC003667	ENSP00000369317.3:p.Asn171Tyr	KRT6A	ENSG00000205420	KRT16
HsVcPPILacVa1	CCSBORF4870	2	CCSBORF100011278	LW	1	512A>G	22	NC_000012.12:52492676:T:C	CCSBVarC003669	ENSP00000369317.3:p.Asn171Ser	KRT6A	ENSG00000205420	KRT16
HsVcPPILacVa1	CCSBORF4870	2	CCSBORF100011278	LW	1	520T>G	0	NC_000012.12:52492668:A:C	CCSBVarC000719	ENSP00000369317.3:p.Phe174Val	KRT6A	ENSG00000205420	KRT16
HsVcPPILacVa1	CCSBORF4870	2	CCSBORF100011278	LW	1	526T>C	5	NC_000012.12:52492662:A:G	CCSBVarC003671	ENSP00000369317.3:p.Ser176Pro	KRT6A	ENSG00000205420	KRT16
HsVcPPILacVa1	CCSBORF4870	2	CCSBORF100011278	LW	1	628C>A	82	NC_000012.12:52491648:G:T	CCSBVarC009567	ENSP00000369317.3:p.Leu210Met	KRT6A	ENSG00000205420	KRT16
HsVcPPILacVa1	CCSBORF4870	2	CCSBORF100011278	LW	1	632A>G	0	NC_000012.12:52491644:T:C	CCSBVarC015673	ENSP00000369317.3:p.Glu211Gly	KRT6A	ENSG00000205420	KRT16
HsVcPPILacVa1	CCSBORF4870	2	CCSBORF100011278	LW	1	680G>A	0	NC_000012.12:52491596:C:T	CCSBVarC015679	ENSP00000369317.3:p.Ser227Asn	KRT6A	ENSG00000205420	KRT16
HsVcPPILacVa1	CCSBORF4870	2	CCSBORF100011278	LW	1	745T>C	71	NC_000012.12:52491531:A:G	CCSBVarC002915	ENSP00000369317.3:p.Phe249Leu	KRT6A	ENSG00000205420	KRT16
HsVcPPILacVa1	CCSBORF4870	2	CCSBORF100011278	LW	1	806C>T	0	NC_000012.12:52491121:G:A	CCSBVarC015685	ENSP00000369317.3:p.Thr269Ile	KRT6A	ENSG00000205420	KRT16
HsVcPPILacVa1	CCSBORF4870	2	CCSBORF100011278	LW	1	968A>T	0	NC_000012.12:52490677:T:A	CCSBVarC015689	ENSP00000369317.3:p.Asp323Val	KRT6A	ENSG00000205420	KRT16
HsVcPPILacVa1	CCSBORF4870	2	CCSBORF100011278	LW	1	981C>G	0	NC_000012.12:52490664:G:C	CCSBVarC015694	ENSP00000369317.3:p.Asn327Lys	KRT6A	ENSG00000205420	KRT16
HsVcPPILacVa1	CCSBORF4870	2	CCSBORF0	LW	1	REF	67	NULL	NULL	NULL	KRT6A	ENSG00000205420	empty_AD
HsVcPPILacVa1	CCSBORF4870	2	CCSBORF0	LW	1	1198A>C	58	NC_000012.12:52489947:T:G	CCSBVarC015603	ENSP00000369317.3:p.Lys400Gln	KRT6A	ENSG00000205420	empty_AD
HsVcPPILacVa1	CCSBORF4870	2	CCSBORF0	LW	1	1282G>A	57	NC_000012.12:52488469:C:T	CCSBVarC015611	ENSP00000369317.3:p.Glu428Lys	KRT6A	ENSG00000205420	empty_AD
HsVcPPILacVa1	CCSBORF4870	2	CCSBORF0	LW	1	1378G>A	168	NC_000012.12:52488373:C:T	CCSBVarC015615	ENSP00000369317.3:p.Val460Met	KRT6A	ENSG00000205420	empty_AD
HsVcPPILacVa1	CCSBORF4870	2	CCSBORF0	LW	1	1381G>A	346	NC_000012.12:52488370:C:T	CCSBVarC003673	ENSP00000369317.3:p.Glu461Lys	KRT6A	ENSG00000205420	empty_AD
HsVcPPILacVa1	CCSBORF4870	2	CCSBORF0	LW	1	1387G>C	58	NC_000012.12:52488364:C:G	CCSBVarC000721	ENSP00000369317.3:p.Ala463Pro	KRT6A	ENSG00000205420	empty_AD
HsVcPPILacVa1	CCSBORF4870	2	CCSBORF0	LW	1	1393T>C	0	NC_000012.12:52488358:A:G	CCSBVarC003675	ENSP00000369317.3:p.Tyr465His	KRT6A	ENSG00000205420	empty_AD
HsVcPPILacVa1	CCSBORF4870	2	CCSBORF0	LW	1	1403T>A	53	NC_000012.12:52488348:A:T	CCSBVarC003677	ENSP00000369317.3:p.Leu468Gln	KRT6A	ENSG00000205420	empty_AD
HsVcPPILacVa1	CCSBORF4870	2	CCSBORF0	LW	1	1416G>C	161	NC_000012.12:52488335:C:G	CCSBVarC003679	ENSP00000369317.3:p.Glu472Asp	KRT6A	ENSG00000205420	empty_AD
HsVcPPILacVa1	CCSBORF4870	2	CCSBORF0	LW	1	1456A>G	0	NC_000012.12:52488071:T:C	CCSBVarC015620	ENSP00000369317.3:p.Ile486Val	KRT6A	ENSG00000205420	empty_AD
HsVcPPILacVa1	CCSBORF4870	2	CCSBORF0	LW	1	1567G>A	27	NC_000012.12:52487847:C:T	CCSBVarC009576	ENSP00000369317.3:p.Val523Ile	KRT6A	ENSG00000205420	empty_AD
HsVcPPILacVa1	CCSBORF4870	2	CCSBORF0	LW	1	1567G>T	14	NC_000012.12:52487847:C:A	CCSBVarC002920	ENSP00000369317.3:p.Val523Phe	KRT6A	ENSG00000205420	empty_AD
HsVcPPILacVa1	CCSBORF4870	2	CCSBORF0	LW	1	1604T>C	28	NC_000012.12:52487810:A:G	CCSBVarC015632	ENSP00000369317.3:p.Ile535Thr	KRT6A	ENSG00000205420	empty_AD
HsVcPPILacVa1	CCSBORF4870	2	CCSBORF0	LW	1	1650G>T	98	NC_000012.12:52487764:C:A	CCSBVarC015638	ENSP00000369317.3:p.Lys550Asn	KRT6A	ENSG00000205420	empty_AD
HsVcPPILacVa1	CCSBORF4870	2	CCSBORF0	LW	1	332G>A	0	NC_000012.12:52492856:C:T	CCSBVarC015647	ENSP00000369317.3:p.Gly111Asp	KRT6A	ENSG00000205420	empty_AD
HsVcPPILacVa1	CCSBORF4870	2	CCSBORF0	LW	1	361G>A	36	NC_000012.12:52492827:C:T	CCSBVarC015651	ENSP00000369317.3:p.Gly121Ser	KRT6A	ENSG00000205420	empty_AD
HsVcPPILacVa1	CCSBORF4870	2	CCSBORF0	LW	1	46C>T	0	NC_000012.12:52493142:G:A	CCSBVarC015667	ENSP00000369317.3:p.Arg16Trp	KRT6A	ENSG00000205420	empty_AD
HsVcPPILacVa1	CCSBORF4870	2	CCSBORF0	LW	1	491G>C	31	NC_000012.12:52492697:C:G	CCSBVarC003663	ENSP00000369317.3:p.Arg164Pro	KRT6A	ENSG00000205420	empty_AD
HsVcPPILacVa1	CCSBORF4870	2	CCSBORF0	LW	1	500T>G	0	NC_000012.12:52492688:A:C	CCSBVarC003665	ENSP00000369317.3:p.Ile167Ser	KRT6A	ENSG00000205420	empty_AD
HsVcPPILacVa1	CCSBORF4870	2	CCSBORF0	LW	1	511A>T	52	NC_000012.12:52492677:T:A	CCSBVarC003667	ENSP00000369317.3:p.Asn171Tyr	KRT6A	ENSG00000205420	empty_AD
HsVcPPILacVa1	CCSBORF4870	2	CCSBORF0	LW	1	512A>G	71	NC_000012.12:52492676:T:C	CCSBVarC003669	ENSP00000369317.3:p.Asn171Ser	KRT6A	ENSG00000205420	empty_AD
HsVcPPILacVa1	CCSBORF4870	2	CCSBORF0	LW	1	520T>G	0	NC_000012.12:52492668:A:C	CCSBVarC000719	ENSP00000369317.3:p.Phe174Val	KRT6A	ENSG00000205420	empty_AD
HsVcPPILacVa1	CCSBORF4870	2	CCSBORF0	LW	1	526T>C	32	NC_000012.12:52492662:A:G	CCSBVarC003671	ENSP00000369317.3:p.Ser176Pro	KRT6A	ENSG00000205420	empty_AD
HsVcPPILacVa1	CCSBORF4870	2	CCSBORF0	LW	1	628C>A	181	NC_000012.12:52491648:G:T	CCSBVarC009567	ENSP00000369317.3:p.Leu210Met	KRT6A	ENSG00000205420	empty_AD
HsVcPPILacVa1	CCSBORF4870	2	CCSBORF0	LW	1	632A>G	0	NC_000012.12:52491644:T:C	CCSBVarC015673	ENSP00000369317.3:p.Glu211Gly	KRT6A	ENSG00000205420	empty_AD
HsVcPPILacVa1	CCSBORF4870	2	CCSBORF0	LW	1	680G>A	0	NC_000012.12:52491596:C:T	CCSBVarC015679	ENSP00000369317.3:p.Ser227Asn	KRT6A	ENSG00000205420	empty_AD
HsVcPPILacVa1	CCSBORF4870	2	CCSBORF0	LW	1	745T>C	157	NC_000012.12:52491531:A:G	CCSBVarC002915	ENSP00000369317.3:p.Phe249Leu	KRT6A	ENSG00000205420	empty_AD
HsVcPPILacVa1	CCSBORF4870	2	CCSBORF0	LW	1	806C>T	1	NC_000012.12:52491121:G:A	CCSBVarC015685	ENSP00000369317.3:p.Thr269Ile	KRT6A	ENSG00000205420	empty_AD
HsVcPPILacVa1	CCSBORF4870	2	CCSBORF0	LW	1	968A>T	0	NC_000012.12:52490677:T:A	CCSBVarC015689	ENSP00000369317.3:p.Asp323Val	KRT6A	ENSG00000205420	empty_AD
HsVcPPILacVa1	CCSBORF4870	2	CCSBORF0	LW	1	981C>G	1	NC_000012.12:52490664:G:C	CCSBVarC015694	ENSP00000369317.3:p.Asn327Lys	KRT6A	ENSG00000205420	empty_AD
HsVcPPILacVa1	CCSBORF4870	1	CCSBORF11229	LW	1	REF	207	NULL	NULL	NULL	KRT6A	ENSG00000205420	KIFC3
HsVcPPILacVa1	CCSBORF4870	1	CCSBORF11229	LW	1	1003G>A	0	NC_000012.12:52490642:C:T	CCSBVarC009565	ENSP00000369317.3:p.Ala335Thr	KRT6A	ENSG00000205420	KIFC3
HsVcPPILacVa1	CCSBORF4870	1	CCSBORF11229	LW	1	1157G>T	0	NC_000012.12:52489988:C:A	CCSBVarC015599	ENSP00000369317.3:p.Arg386Leu	KRT6A	ENSG00000205420	KIFC3
HsVcPPILacVa1	CCSBORF4870	1	CCSBORF11229	LW	1	1211A>G	1	NC_000012.12:52488540:T:C	CCSBVarC015607	ENSP00000369317.3:p.Asn404Ser	KRT6A	ENSG00000205420	KIFC3
HsVcPPILacVa1	CCSBORF4870	1	CCSBORF11229	LW	1	1327C>T	3	NC_000012.12:52488424:G:A	CCSBVarC009573	ENSP00000369317.3:p.Arg443Trp	KRT6A	ENSG00000205420	KIFC3
HsVcPPILacVa1	CCSBORF4870	1	CCSBORF11229	LW	1	1340A>G	1	NC_000012.12:52488411:T:C	CCSBVarC015613	ENSP00000369317.3:p.Glu447Gly	KRT6A	ENSG00000205420	KIFC3
HsVcPPILacVa1	CCSBORF4870	1	CCSBORF11229	LW	1	1385T>A	0	NC_000012.12:52488366:A:T	CCSBVarC003674	ENSP00000369317.3:p.Ile462Asn	KRT6A	ENSG00000205420	KIFC3
HsVcPPILacVa1	CCSBORF4870	1	CCSBORF11229	LW	1	1385T>G	0	NC_000012.12:52488366:A:C	CCSBVarC000720	ENSP00000369317.3:p.Ile462Ser	KRT6A	ENSG00000205420	KIFC3
HsVcPPILacVa1	CCSBORF4870	1	CCSBORF11229	LW	1	1403T>C	580	NC_000012.12:52488348:A:G	CCSBVarC003676	ENSP00000369317.3:p.Leu468Pro	KRT6A	ENSG00000205420	KIFC3
HsVcPPILacVa1	CCSBORF4870	1	CCSBORF11229	LW	1	1414G>A	290	NC_000012.12:52488337:C:T	CCSBVarC003678	ENSP00000369317.3:p.Glu472Lys	KRT6A	ENSG00000205420	KIFC3
HsVcPPILacVa1	CCSBORF4870	1	CCSBORF11229	LW	1	1441G>A	1	NC_000012.12:52488086:C:T	CCSBVarC015618	ENSP00000369317.3:p.Val481Ile	KRT6A	ENSG00000205420	KIFC3
HsVcPPILacVa1	CCSBORF4870	1	CCSBORF11229	LW	1	1534G>A	0	NC_000012.12:52487880:C:T	CCSBVarC015629	ENSP00000369317.3:p.Gly512Arg	KRT6A	ENSG00000205420	KIFC3
HsVcPPILacVa1	CCSBORF4870	1	CCSBORF11229	LW	1	1606G>A	2	NC_000012.12:52487808:C:T	CCSBVarC015635	ENSP00000369317.3:p.Gly536Arg	KRT6A	ENSG00000205420	KIFC3
HsVcPPILacVa1	CCSBORF4870	1	CCSBORF11229	LW	1	1655C>G	1	NC_000012.12:52487759:G:C	CCSBVarC002916	ENSP00000369317.3:p.Thr552Ser	KRT6A	ENSG00000205420	KIFC3
HsVcPPILacVa1	CCSBORF4870	1	CCSBORF11229	LW	1	215T>C	1	NC_000012.12:52492973:A:G	CCSBVarC015643	ENSP00000369317.3:p.Ile72Thr	KRT6A	ENSG00000205420	KIFC3
HsVcPPILacVa1	CCSBORF4870	1	CCSBORF11229	LW	1	359G>T	0	NC_000012.12:52492829:C:A	CCSBVarC015649	ENSP00000369317.3:p.Gly120Val	KRT6A	ENSG00000205420	KIFC3
HsVcPPILacVa1	CCSBORF4870	1	CCSBORF11229	LW	1	365T>C	0	NC_000012.12:52492823:A:G	CCSBVarC015653	ENSP00000369317.3:p.Phe122Ser	KRT6A	ENSG00000205420	KIFC3
HsVcPPILacVa1	CCSBORF4870	1	CCSBORF11229	LW	1	460C>G	1	NC_000012.12:52492728:G:C	CCSBVarC015670	ENSP00000369317.3:p.Pro154Ala	KRT6A	ENSG00000205420	KIFC3
HsVcPPILacVa1	CCSBORF4870	1	CCSBORF11229	LW	1	487G>A	14	NC_000012.12:52492701:C:T	CCSBVarC003662	ENSP00000369317.3:p.Glu163Lys	KRT6A	ENSG00000205420	KIFC3
HsVcPPILacVa1	CCSBORF4870	1	CCSBORF11229	LW	1	497A>C	104	NC_000012.12:52492691:T:G	CCSBVarC003664	ENSP00000369317.3:p.Gln166Pro	KRT6A	ENSG00000205420	KIFC3
HsVcPPILacVa1	CCSBORF4870	1	CCSBORF11229	LW	1	508C>T	533	NC_000012.12:52492680:G:A	CCSBVarC003666	ENSP00000369317.3:p.Leu170Phe	KRT6A	ENSG00000205420	KIFC3
HsVcPPILacVa1	CCSBORF4870	1	CCSBORF11229	LW	1	511A>G	320	NC_000012.12:52492677:T:C	CCSBVarC003668	ENSP00000369317.3:p.Asn171Asp	KRT6A	ENSG00000205420	KIFC3
HsVcPPILacVa1	CCSBORF4870	1	CCSBORF11229	LW	1	512A>C	2	NC_000012.12:52492676:T:G	CCSBVarC003670	ENSP00000369317.3:p.Asn171Thr	KRT6A	ENSG00000205420	KIFC3
HsVcPPILacVa1	CCSBORF4870	1	CCSBORF11229	LW	1	513C>A	54	NC_000012.12:52492675:G:T	CCSBVarC000718	ENSP00000369317.3:p.Asn171Lys	KRT6A	ENSG00000205420	KIFC3
HsVcPPILacVa1	CCSBORF4870	1	CCSBORF11229	LW	1	533T>A	1072	NC_000012.12:52492655:A:T	CCSBVarC003672	ENSP00000369317.3:p.Ile178Asn	KRT6A	ENSG00000205420	KIFC3
HsVcPPILacVa1	CCSBORF4870	1	CCSBORF11229	LW	1	62A>G	3	NC_000012.12:52493126:T:C	CCSBVarC002913	ENSP00000369317.3:p.Asn21Ser	KRT6A	ENSG00000205420	KIFC3
HsVcPPILacVa1	CCSBORF4870	1	CCSBORF11229	LW	1	661C>A	0	NC_000012.12:52491615:G:T	CCSBVarC015676	ENSP00000369317.3:p.Leu221Ile	KRT6A	ENSG00000205420	KIFC3
HsVcPPILacVa1	CCSBORF4870	1	CCSBORF11229	LW	1	718A>G	3	NC_000012.12:52491558:T:C	CCSBVarC015683	ENSP00000369317.3:p.Arg240Gly	KRT6A	ENSG00000205420	KIFC3
HsVcPPILacVa1	CCSBORF4870	1	CCSBORF11229	LW	1	827C>T	2	NC_000012.12:52490942:G:A	CCSBVarC015687	ENSP00000369317.3:p.Ala276Val	KRT6A	ENSG00000205420	KIFC3
HsVcPPILacVa1	CCSBORF4870	1	CCSBORF11229	LW	1	98T>C	6	NC_000012.12:52493090:A:G	CCSBVarC015691	ENSP00000369317.3:p.Phe33Ser	KRT6A	ENSG00000205420	KIFC3
HsVcPPILacVa1	CCSBORF3756	1	CCSBORF991	LW	1	REF	3124	NULL	NULL	NULL	VAPB	ENSG00000124164	ZBTB22
HsVcPPILacVa1	CCSBORF3756	1	CCSBORF991	LW	1	137C>T	17140	NC_000020.11:58418288:C:T	CCSBVarC005852	ENSP00000417175.1:p.Thr46Ile	VAPB	ENSG00000124164	ZBTB22
HsVcPPILacVa1	CCSBORF3756	1	CCSBORF991	LW	1	166C>T	8407	NC_000020.11:58418317:C:T	CCSBVarC000544	ENSP00000417175.1:p.Pro56Ser	VAPB	ENSG00000124164	ZBTB22
HsVcPPILacVa1	CCSBORF3756	1	CCSBORF991	LW	1	390T>G	2251	NC_000020.11:58439018:T:G	CCSBVarC015538	ENSP00000417175.1:p.Asp130Glu	VAPB	ENSG00000124164	ZBTB22
HsVcPPILacVa1	CCSBORF3756	1	CCSBORF991	LW	1	486T>A	1931	NC_000020.11:58440995:T:A	CCSBVarC015540	ENSP00000417175.1:p.Asp162Glu	VAPB	ENSG00000124164	ZBTB22
HsVcPPILacVa1	CCSBORF1231	1	CCSBORF100014378	LW	1	REF	1210	NULL	NULL	NULL	AQP1	ENSG00000240583	KRT37
HsVcPPILacVa1	CCSBORF1231	1	CCSBORF100014378	LW	1	113C>T	1007	NC_000007.14:30912021:C:T	CCSBVarC000137	ENSP00000311165.4:p.Pro38Leu	AQP1	ENSG00000240583	KRT37
HsVcPPILacVa1	CCSBORF1231	1	CCSBORF100014378	LW	1	140A>G	5760	NC_000007.14:30912048:A:G	CCSBVarC000138	ENSP00000311165.4:p.Gln47Arg	AQP1	ENSG00000240583	KRT37
HsVcPPILacVa1	CCSBORF1231	1	CCSBORF100014378	LW	1	319G>A	34	NC_000007.14:30912227:G:A	CCSBVarC015066	ENSP00000311165.4:p.Val107Ile	AQP1	ENSG00000240583	KRT37
HsVcPPILacVa1	CCSBORF1231	1	CCSBORF100014378	LW	1	320T>G	1767	NC_000007.14:30912228:T:G	CCSBVarC015069	ENSP00000311165.4:p.Val107Gly	AQP1	ENSG00000240583	KRT37
HsVcPPILacVa1	CCSBORF1231	1	CCSBORF100014378	LW	1	494G>A	490	NC_000007.14:30922174:G:A	CCSBVarC015072	ENSP00000311165.4:p.Gly165Asp	AQP1	ENSG00000240583	KRT37
HsVcPPILacVa1	CCSBORF1231	1	CCSBORF100014378	LW	1	576C>A	1889	NC_000007.14:30922589:C:A	CCSBVarC000139	ENSP00000311165.4:p.Asn192Lys	AQP1	ENSG00000240583	KRT37
HsVcPPILacVa1	CCSBORF1231	1	CCSBORF9746	LW	1	REF	1460	NULL	NULL	NULL	AQP1	ENSG00000240583	MTUS2
HsVcPPILacVa1	CCSBORF1231	1	CCSBORF9746	LW	1	113C>T	1269	NC_000007.14:30912021:C:T	CCSBVarC000137	ENSP00000311165.4:p.Pro38Leu	AQP1	ENSG00000240583	MTUS2
HsVcPPILacVa1	CCSBORF1231	1	CCSBORF9746	LW	1	140A>G	5979	NC_000007.14:30912048:A:G	CCSBVarC000138	ENSP00000311165.4:p.Gln47Arg	AQP1	ENSG00000240583	MTUS2
HsVcPPILacVa1	CCSBORF1231	1	CCSBORF9746	LW	1	319G>A	12	NC_000007.14:30912227:G:A	CCSBVarC015066	ENSP00000311165.4:p.Val107Ile	AQP1	ENSG00000240583	MTUS2
HsVcPPILacVa1	CCSBORF1231	1	CCSBORF9746	LW	1	320T>G	1943	NC_000007.14:30912228:T:G	CCSBVarC015069	ENSP00000311165.4:p.Val107Gly	AQP1	ENSG00000240583	MTUS2
HsVcPPILacVa1	CCSBORF1231	1	CCSBORF9746	LW	1	494G>A	672	NC_000007.14:30922174:G:A	CCSBVarC015072	ENSP00000311165.4:p.Gly165Asp	AQP1	ENSG00000240583	MTUS2
HsVcPPILacVa1	CCSBORF1231	1	CCSBORF9746	LW	1	576C>A	1661	NC_000007.14:30922589:C:A	CCSBVarC000139	ENSP00000311165.4:p.Asn192Lys	AQP1	ENSG00000240583	MTUS2
HsVcPPILacVa1	CCSBORF1231	1	CCSBORF5143	LW	1	REF	1278	NULL	NULL	NULL	AQP1	ENSG00000240583	MDFI
HsVcPPILacVa1	CCSBORF1231	1	CCSBORF5143	LW	1	113C>T	1245	NC_000007.14:30912021:C:T	CCSBVarC000137	ENSP00000311165.4:p.Pro38Leu	AQP1	ENSG00000240583	MDFI
HsVcPPILacVa1	CCSBORF1231	1	CCSBORF5143	LW	1	140A>G	6094	NC_000007.14:30912048:A:G	CCSBVarC000138	ENSP00000311165.4:p.Gln47Arg	AQP1	ENSG00000240583	MDFI
HsVcPPILacVa1	CCSBORF1231	1	CCSBORF5143	LW	1	319G>A	22	NC_000007.14:30912227:G:A	CCSBVarC015066	ENSP00000311165.4:p.Val107Ile	AQP1	ENSG00000240583	MDFI
HsVcPPILacVa1	CCSBORF1231	1	CCSBORF5143	LW	1	320T>G	2082	NC_000007.14:30912228:T:G	CCSBVarC015069	ENSP00000311165.4:p.Val107Gly	AQP1	ENSG00000240583	MDFI
HsVcPPILacVa1	CCSBORF1231	1	CCSBORF5143	LW	1	494G>A	242	NC_000007.14:30922174:G:A	CCSBVarC015072	ENSP00000311165.4:p.Gly165Asp	AQP1	ENSG00000240583	MDFI
HsVcPPILacVa1	CCSBORF1231	1	CCSBORF5143	LW	1	576C>A	1473	NC_000007.14:30922589:C:A	CCSBVarC000139	ENSP00000311165.4:p.Asn192Lys	AQP1	ENSG00000240583	MDFI
HsVcPPILacVa1	CCSBORF70357	1	CCSBORF71876	LW	1	REF	206	NULL	NULL	NULL	TSFM	ENSG00000123297	GAS8
HsVcPPILacVa1	CCSBORF70357	1	CCSBORF71876	LW	1	112C>T	0	NC_000012.12:57783163:C:T	CCSBVarC017012	ENSP00000499171.2:p.Pro38Ser	TSFM	ENSG00000123297	GAS8
HsVcPPILacVa1	CCSBORF70357	1	CCSBORF71876	LW	1	191G>A	0	NC_000012.12:57783242:G:A	CCSBVarC017016	ENSP00000499171.2:p.Cys64Tyr	TSFM	ENSG00000123297	GAS8
HsVcPPILacVa1	CCSBORF70357	1	CCSBORF71876	LW	1	22C>T	2	NC_000012.12:57782822:C:T	CCSBVarC017021	ENSP00000499171.2:p.Arg8Cys	TSFM	ENSG00000123297	GAS8
HsVcPPILacVa1	CCSBORF70357	1	CCSBORF71876	LW	1	269G>A	0	NC_000012.12:57786199:G:A	CCSBVarC017025	ENSP00000499171.2:p.Gly90Asp	TSFM	ENSG00000123297	GAS8
HsVcPPILacVa1	CCSBORF70357	1	CCSBORF71876	LW	1	34G>T	54	NC_000012.12:57782834:G:T	CCSBVarC017029	ENSP00000499171.2:p.Val12Phe	TSFM	ENSG00000123297	GAS8
HsVcPPILacVa1	CCSBORF70357	1	CCSBORF71876	LW	1	484G>A	4	NC_000012.12:57792985:G:A	CCSBVarC017033	ENSP00000499171.2:p.Gly162Ser	TSFM	ENSG00000123297	GAS8
HsVcPPILacVa1	CCSBORF70357	1	CCSBORF71876	LW	1	520G>T	0	NC_000012.12:57793021:G:T	CCSBVarC017037	ENSP00000499171.2:p.Ala174Ser	TSFM	ENSG00000123297	GAS8
HsVcPPILacVa1	CCSBORF70357	1	CCSBORF71876	LW	1	539G>C	513	NC_000012.12:57793040:G:C	CCSBVarC017041	ENSP00000499171.2:p.Gly180Ala	TSFM	ENSG00000123297	GAS8
HsVcPPILacVa1	CCSBORF70357	1	CCSBORF71876	LW	1	602G>A	160	NC_000012.12:57796206:G:A	CCSBVarC017056	ENSP00000499171.2:p.Arg201Gln	TSFM	ENSG00000123297	GAS8
HsVcPPILacVa1	CCSBORF70357	1	CCSBORF71876	LW	1	647A>T	466	NC_000012.12:57796251:A:T	CCSBVarC017058	ENSP00000499171.2:p.Tyr216Phe	TSFM	ENSG00000123297	GAS8
HsVcPPILacVa1	CCSBORF70357	1	CCSBORF71876	LW	1	718T>C	1002	NC_000012.12:57796322:T:C	CCSBVarC017061	ENSP00000499171.2:p.Cys240Arg	TSFM	ENSG00000123297	GAS8
HsVcPPILacVa1	CCSBORF70357	1	CCSBORF71876	LW	1	725C>T	5679	NC_000012.12:57796329:C:T	CCSBVarC017063	ENSP00000499171.2:p.Thr242Met	TSFM	ENSG00000123297	GAS8
HsVcPPILacVa1	CCSBORF70357	1	CCSBORF71876	LW	1	754G>A	1901	NC_000012.12:57796358:G:A	CCSBVarC017065	ENSP00000499171.2:p.Val252Ile	TSFM	ENSG00000123297	GAS8
HsVcPPILacVa1	CCSBORF70357	1	CCSBORF71876	LW	1	763C>T	2178	NC_000012.12:57796367:C:T	CCSBVarC017067	ENSP00000499171.2:p.Arg255Cys	TSFM	ENSG00000123297	GAS8
HsVcPPILacVa1	CCSBORF70357	1	CCSBORF71876	LW	1	775C>T	1	NC_000012.12:57796379:C:T	CCSBVarC017069	ENSP00000499171.2:p.His259Tyr	TSFM	ENSG00000123297	GAS8
HsVcPPILacVa1	CCSBORF70357	1	CCSBORF71876	LW	1	796C>G	0	NC_000012.12:57796400:C:G	CCSBVarC017074	ENSP00000499171.2:p.Leu266Val	TSFM	ENSG00000123297	GAS8
HsVcPPILacVa1	CCSBORF70357	1	CCSBORF71876	LW	1	814G>C	4757	NC_000012.12:57796418:G:C	CCSBVarC017078	ENSP00000499171.2:p.Asp272His	TSFM	ENSG00000123297	GAS8
HsVcPPILacVa1	CCSBORF70357	1	CCSBORF71876	LW	1	878C>T	1	NC_000012.12:57796482:C:T	CCSBVarC017084	ENSP00000499171.2:p.Ser293Phe	TSFM	ENSG00000123297	GAS8
HsVcPPILacVa1	CCSBORF11374	3	CCSBORF71346	LW	1	REF	846	NULL	NULL	NULL	RP2	ENSG00000102218	PM20D2
HsVcPPILacVa1	CCSBORF11374	3	CCSBORF71346	LW	1	11T>G	41	NC_000023.11:46837110:T:G	CCSBVarC014903	ENSP00000218340.3:p.Phe4Cys	RP2	ENSG00000102218	PM20D2
HsVcPPILacVa1	CCSBORF11374	3	CCSBORF71346	LW	1	123G>A	378	NC_000023.11:46853495:G:A	CCSBVarC011426	ENSP00000218340.3:p.Met41Ile	RP2	ENSG00000102218	PM20D2
HsVcPPILacVa1	CCSBORF11374	3	CCSBORF71346	LW	1	161C>T	147	NC_000023.11:46853533:C:T	CCSBVarC014914	ENSP00000218340.3:p.Pro54Leu	RP2	ENSG00000102218	PM20D2
HsVcPPILacVa1	CCSBORF11374	3	CCSBORF71346	LW	1	271A>C	1828	NC_000023.11:46853643:A:C	CCSBVarC014947	ENSP00000218340.3:p.Ile91Leu	RP2	ENSG00000102218	PM20D2
HsVcPPILacVa1	CCSBORF11374	3	CCSBORF71346	LW	1	2T>C	6	NC_000023.11:46837101:T:C	CCSBVarC011465	ENSP00000218340.3:p.Met1Thr	RP2	ENSG00000102218	PM20D2
HsVcPPILacVa1	CCSBORF11374	3	CCSBORF71346	LW	1	314G>A	390	NC_000023.11:46853686:G:A	CCSBVarC014958	ENSP00000218340.3:p.Cys105Tyr	RP2	ENSG00000102218	PM20D2
HsVcPPILacVa1	CCSBORF11374	3	CCSBORF71346	LW	1	365G>A	248	NC_000023.11:46853737:G:A	CCSBVarC011444	ENSP00000218340.3:p.Cys122Tyr	RP2	ENSG00000102218	PM20D2
HsVcPPILacVa1	CCSBORF11374	3	CCSBORF71346	LW	1	431A>G	338	NC_000023.11:46853803:A:G	CCSBVarC014972	ENSP00000218340.3:p.Lys144Arg	RP2	ENSG00000102218	PM20D2
HsVcPPILacVa1	CCSBORF11374	3	CCSBORF71346	LW	1	434T>C	882	NC_000023.11:46853806:T:C	CCSBVarC011472	ENSP00000218340.3:p.Phe145Ser	RP2	ENSG00000102218	PM20D2
HsVcPPILacVa1	CCSBORF11374	3	CCSBORF71346	LW	1	535C>T	225	NC_000023.11:46853907:C:T	CCSBVarC014982	ENSP00000218340.3:p.Pro179Ser	RP2	ENSG00000102218	PM20D2
HsVcPPILacVa1	CCSBORF11374	3	CCSBORF71346	LW	1	650A>G	1126	NC_000023.11:46854022:A:G	CCSBVarC014989	ENSP00000218340.3:p.Asn217Ser	RP2	ENSG00000102218	PM20D2
HsVcPPILacVa1	CCSBORF11374	3	CCSBORF71346	LW	1	68G>A	40	NC_000023.11:46837167:G:A	CCSBVarC014999	ENSP00000218340.3:p.Arg23Gln	RP2	ENSG00000102218	PM20D2
HsVcPPILacVa1	CCSBORF11374	3	CCSBORF71346	LW	1	758T>G	797	NC_000023.11:46854130:T:G	CCSBVarC001708	ENSP00000218340.3:p.Leu253Arg	RP2	ENSG00000102218	PM20D2
HsVcPPILacVa1	CCSBORF11374	3	CCSBORF71346	LW	1	771G>T	467	NC_000023.11:46859989:G:T	CCSBVarC015008	ENSP00000218340.3:p.Met257Ile	RP2	ENSG00000102218	PM20D2
HsVcPPILacVa1	CCSBORF11374	3	CCSBORF71346	LW	1	814A>G	162	NC_000023.11:46860032:A:G	CCSBVarC011438	ENSP00000218340.3:p.Met272Val	RP2	ENSG00000102218	PM20D2
HsVcPPILacVa1	CCSBORF11374	3	CCSBORF71346	LW	1	829G>A	1627	NC_000023.11:46860047:G:A	CCSBVarC015017	ENSP00000218340.3:p.Ala277Thr	RP2	ENSG00000102218	PM20D2
HsVcPPILacVa1	CCSBORF11374	3	CCSBORF71346	LW	1	895G>A	345	NC_000023.11:46877515:G:A	CCSBVarC011420	ENSP00000218340.3:p.Ala299Thr	RP2	ENSG00000102218	PM20D2
HsVcPPILacVa1	CCSBORF11374	3	CCSBORF71346	LW	1	917G>A	158	NC_000023.11:46877537:G:A	CCSBVarC015026	ENSP00000218340.3:p.Gly306Asp	RP2	ENSG00000102218	PM20D2
HsVcPPILacVa1	CCSBORF11374	3	CCSBORF71346	LW	1	949G>A	157	NC_000023.11:46877569:G:A	CCSBVarC011434	ENSP00000218340.3:p.Glu317Lys	RP2	ENSG00000102218	PM20D2
HsVcPPILacVa1	CCSBORF7637	2	CCSBORF100067498	LW	1	REF	387	NULL	NULL	NULL	CFP	ENSG00000126759	GEMIN4
HsVcPPILacVa1	CCSBORF7637	2	CCSBORF100067498	LW	1	1036C>T	1	NC_000023.11:47626423:G:A	CCSBVarC001213	ENSP00000380189.3:p.Arg346Cys	CFP	ENSG00000126759	GEMIN4
HsVcPPILacVa1	CCSBORF7637	2	CCSBORF100067498	LW	1	104A>G	9	NC_000023.11:47629646:T:C	CCSBVarC017053	ENSP00000380189.3:p.Gln35Arg	CFP	ENSG00000126759	GEMIN4
HsVcPPILacVa1	CCSBORF7637	2	CCSBORF100067498	LW	1	1174A>C	5	NC_000023.11:47626127:T:G	CCSBVarC017070	ENSP00000380189.3:p.Met392Leu	CFP	ENSG00000126759	GEMIN4
HsVcPPILacVa1	CCSBORF7637	2	CCSBORF100067498	LW	1	1198A>G	263	NC_000023.11:47626103:T:C	CCSBVarC017073	ENSP00000380189.3:p.Thr400Ala	CFP	ENSG00000126759	GEMIN4
HsVcPPILacVa1	CCSBORF7637	2	CCSBORF100067498	LW	1	1223C>T	1	NC_000023.11:47626078:G:A	CCSBVarC017077	ENSP00000380189.3:p.Thr408Ile	CFP	ENSG00000126759	GEMIN4
HsVcPPILacVa1	CCSBORF7637	2	CCSBORF100067498	LW	1	1291T>G	9	NC_000023.11:47624393:A:C	CCSBVarC017081	ENSP00000380189.3:p.Phe431Val	CFP	ENSG00000126759	GEMIN4
HsVcPPILacVa1	CCSBORF7637	2	CCSBORF100067498	LW	1	1309C>A	693	NC_000023.11:47624375:G:T	CCSBVarC017085	ENSP00000380189.3:p.Pro437Thr	CFP	ENSG00000126759	GEMIN4
HsVcPPILacVa1	CCSBORF7637	2	CCSBORF100067498	LW	1	157G>A	598	NC_000023.11:47629593:C:T	CCSBVarC010166	ENSP00000380189.3:p.Val53Met	CFP	ENSG00000126759	GEMIN4
HsVcPPILacVa1	CCSBORF7637	2	CCSBORF100067498	LW	1	209G>A	0	NC_000023.11:47629541:C:T	CCSBVarC017089	ENSP00000380189.3:p.Gly70Glu	CFP	ENSG00000126759	GEMIN4
HsVcPPILacVa1	CCSBORF7637	2	CCSBORF100067498	LW	1	28C>G	13	NC_000023.11:47629816:G:C	CCSBVarC017093	ENSP00000380189.3:p.Arg10Gly	CFP	ENSG00000126759	GEMIN4
HsVcPPILacVa1	CCSBORF7637	2	CCSBORF100067498	LW	1	298C>T	310	NC_000023.11:47628206:G:A	CCSBVarC001211	ENSP00000380189.3:p.Arg100Trp	CFP	ENSG00000126759	GEMIN4
HsVcPPILacVa1	CCSBORF7637	2	CCSBORF100067498	LW	1	313G>A	0	NC_000023.11:47628191:C:T	CCSBVarC017097	ENSP00000380189.3:p.Val105Met	CFP	ENSG00000126759	GEMIN4
HsVcPPILacVa1	CCSBORF7637	2	CCSBORF100067498	LW	1	391C>G	1	NC_000023.11:47628113:G:C	CCSBVarC017101	ENSP00000380189.3:p.Gln131Glu	CFP	ENSG00000126759	GEMIN4
HsVcPPILacVa1	CCSBORF7637	2	CCSBORF100067498	LW	1	44C>T	67	NC_000023.11:47629800:G:A	CCSBVarC017105	ENSP00000380189.3:p.Pro15Leu	CFP	ENSG00000126759	GEMIN4
HsVcPPILacVa1	CCSBORF7637	2	CCSBORF100067498	LW	1	470G>A	7	NC_000023.11:47627574:C:T	CCSBVarC017120	ENSP00000380189.3:p.Arg157Gln	CFP	ENSG00000126759	GEMIN4
HsVcPPILacVa1	CCSBORF7637	2	CCSBORF100067498	LW	1	580G>A	1	NC_000023.11:47627326:C:T	CCSBVarC017124	ENSP00000380189.3:p.Gly194Arg	CFP	ENSG00000126759	GEMIN4
HsVcPPILacVa1	CCSBORF7637	2	CCSBORF100067498	LW	1	611C>T	567	NC_000023.11:47627295:G:A	CCSBVarC010163	ENSP00000380189.3:p.Pro204Leu	CFP	ENSG00000126759	GEMIN4
HsVcPPILacVa1	CCSBORF7637	2	CCSBORF100067498	LW	1	665G>A	112	NC_000023.11:47627241:C:T	CCSBVarC017128	ENSP00000380189.3:p.Arg222His	CFP	ENSG00000126759	GEMIN4
HsVcPPILacVa1	CCSBORF7637	2	CCSBORF100067498	LW	1	716C>T	18	NC_000023.11:47627190:G:A	CCSBVarC017132	ENSP00000380189.3:p.Pro239Leu	CFP	ENSG00000126759	GEMIN4
HsVcPPILacVa1	CCSBORF7637	2	CCSBORF100067498	LW	1	748G>A	555	NC_000023.11:47627158:C:T	CCSBVarC008473	ENSP00000380189.3:p.Gly250Ser	CFP	ENSG00000126759	GEMIN4
HsVcPPILacVa1	CCSBORF7637	2	CCSBORF100067498	LW	1	769G>A	45	NC_000023.11:47626943:C:T	CCSBVarC017135	ENSP00000380189.3:p.Ala257Thr	CFP	ENSG00000126759	GEMIN4
HsVcPPILacVa1	CCSBORF7637	2	CCSBORF100067498	LW	1	88G>A	286	NC_000023.11:47629662:C:T	CCSBVarC017139	ENSP00000380189.3:p.Val30Met	CFP	ENSG00000126759	GEMIN4
HsVcPPILacVa1	CCSBORF7637	2	CCSBORF100067498	LW	1	893G>T	12	NC_000023.11:47626819:C:A	CCSBVarC010172	ENSP00000380189.3:p.Gly298Val	CFP	ENSG00000126759	GEMIN4
HsVcPPILacVa1	CCSBORF3697	1	CCSBORF2910	LW	1	REF	684	NULL	NULL	NULL	NF2	ENSG00000186575	AMOTL2
HsVcPPILacVa1	CCSBORF3697	1	CCSBORF2910	LW	1	1003C>T	1684	NC_000022.11:29673397:C:T	CCSBVarC000526	ENSP00000340626.4:p.Arg335Cys	NF2	ENSG00000186575	AMOTL2
HsVcPPILacVa1	CCSBORF3697	1	CCSBORF2910	LW	1	1007C>G	0	NC_000022.11:29673401:C:G	CCSBVarC016525	ENSP00000340626.4:p.Thr336Arg	NF2	ENSG00000186575	AMOTL2
HsVcPPILacVa1	CCSBORF3697	1	CCSBORF2910	LW	1	107A>G	25	NC_000022.11:29604104:A:G	CCSBVarC004111	ENSP00000340626.4:p.Asn36Ser	NF2	ENSG00000186575	AMOTL2
HsVcPPILacVa1	CCSBORF3697	1	CCSBORF2910	LW	1	1124T>G	117	NC_000022.11:29674867:T:G	CCSBVarC016531	ENSP00000340626.4:p.Leu375Arg	NF2	ENSG00000186575	AMOTL2
HsVcPPILacVa1	CCSBORF3697	1	CCSBORF2910	LW	1	1202T>C	8	NC_000022.11:29678199:T:C	CCSBVarC016541	ENSP00000340626.4:p.Met401Thr	NF2	ENSG00000186575	AMOTL2
HsVcPPILacVa1	CCSBORF3697	1	CCSBORF2910	LW	1	1231G>C	356	NC_000022.11:29678228:G:C	CCSBVarC016545	ENSP00000340626.4:p.Asp411His	NF2	ENSG00000186575	AMOTL2
HsVcPPILacVa1	CCSBORF3697	1	CCSBORF2910	LW	1	1258G>A	2	NC_000022.11:29678255:G:A	CCSBVarC016549	ENSP00000340626.4:p.Asp420Asn	NF2	ENSG00000186575	AMOTL2
HsVcPPILacVa1	CCSBORF3697	1	CCSBORF2910	LW	1	1364A>C	1	NC_000022.11:29681476:A:C	CCSBVarC016557	ENSP00000340626.4:p.Gln455Pro	NF2	ENSG00000186575	AMOTL2
HsVcPPILacVa1	CCSBORF3697	1	CCSBORF2910	LW	1	1384G>A	182	NC_000022.11:29681496:G:A	CCSBVarC016578	ENSP00000340626.4:p.Glu462Lys	NF2	ENSG00000186575	AMOTL2
HsVcPPILacVa1	CCSBORF3697	1	CCSBORF2910	LW	1	1436A>G	160	NC_000022.11:29681548:A:G	CCSBVarC016584	ENSP00000340626.4:p.His479Arg	NF2	ENSG00000186575	AMOTL2
HsVcPPILacVa1	CCSBORF3697	1	CCSBORF2910	LW	1	173T>C	59	NC_000022.11:29642259:T:C	CCSBVarC016593	ENSP00000340626.4:p.Leu58Pro	NF2	ENSG00000186575	AMOTL2
HsVcPPILacVa1	CCSBORF3697	1	CCSBORF2910	LW	1	22C>A	434	NC_000022.11:29604019:C:A	CCSBVarC016616	ENSP00000340626.4:p.Arg8Ser	NF2	ENSG00000186575	AMOTL2
HsVcPPILacVa1	CCSBORF3697	1	CCSBORF2910	LW	1	298A>T	269	NC_000022.11:29655623:A:T	CCSBVarC016623	ENSP00000340626.4:p.Met100Leu	NF2	ENSG00000186575	AMOTL2
HsVcPPILacVa1	CCSBORF3697	1	CCSBORF2910	LW	1	340G>T	0	NC_000022.11:29655665:G:T	CCSBVarC000524	ENSP00000340626.4:p.Gly114Cys	NF2	ENSG00000186575	AMOTL2
HsVcPPILacVa1	CCSBORF3697	1	CCSBORF2910	LW	1	392T>C	419	NC_000022.11:29658229:T:C	CCSBVarC016632	ENSP00000340626.4:p.Leu131Pro	NF2	ENSG00000186575	AMOTL2
HsVcPPILacVa1	CCSBORF3697	1	CCSBORF2910	LW	1	470G>A	844	NC_000022.11:29661247:G:A	CCSBVarC016636	ENSP00000340626.4:p.Gly157Glu	NF2	ENSG00000186575	AMOTL2
HsVcPPILacVa1	CCSBORF3697	1	CCSBORF2910	LW	1	56C>G	414	NC_000022.11:29604053:C:G	CCSBVarC016641	ENSP00000340626.4:p.Pro19Arg	NF2	ENSG00000186575	AMOTL2
HsVcPPILacVa1	CCSBORF3697	1	CCSBORF2910	LW	1	616A>G	953	NC_000022.11:29665043:A:G	CCSBVarC016645	ENSP00000340626.4:p.Lys206Glu	NF2	ENSG00000186575	AMOTL2
HsVcPPILacVa1	CCSBORF3697	1	CCSBORF2910	LW	1	87G>A	0	NC_000022.11:29604084:G:A	CCSBVarC015530	ENSP00000340626.4:p.Met29Ile	NF2	ENSG00000186575	AMOTL2
HsVcPPILacVa1	CCSBORF4870	2	CCSBORF56827	LW	1	REF	26	NULL	NULL	NULL	KRT6A	ENSG00000205420	KRT38
HsVcPPILacVa1	CCSBORF4870	2	CCSBORF56827	LW	1	1198A>C	69	NC_000012.12:52489947:T:G	CCSBVarC015603	ENSP00000369317.3:p.Lys400Gln	KRT6A	ENSG00000205420	KRT38
HsVcPPILacVa1	CCSBORF4870	2	CCSBORF56827	LW	1	1282G>A	15	NC_000012.12:52488469:C:T	CCSBVarC015611	ENSP00000369317.3:p.Glu428Lys	KRT6A	ENSG00000205420	KRT38
HsVcPPILacVa1	CCSBORF4870	2	CCSBORF56827	LW	1	1378G>A	55	NC_000012.12:52488373:C:T	CCSBVarC015615	ENSP00000369317.3:p.Val460Met	KRT6A	ENSG00000205420	KRT38
HsVcPPILacVa1	CCSBORF4870	2	CCSBORF56827	LW	1	1381G>A	116	NC_000012.12:52488370:C:T	CCSBVarC003673	ENSP00000369317.3:p.Glu461Lys	KRT6A	ENSG00000205420	KRT38
HsVcPPILacVa1	CCSBORF4870	2	CCSBORF56827	LW	1	1387G>C	42	NC_000012.12:52488364:C:G	CCSBVarC000721	ENSP00000369317.3:p.Ala463Pro	KRT6A	ENSG00000205420	KRT38
HsVcPPILacVa1	CCSBORF4870	2	CCSBORF56827	LW	1	1393T>C	0	NC_000012.12:52488358:A:G	CCSBVarC003675	ENSP00000369317.3:p.Tyr465His	KRT6A	ENSG00000205420	KRT38
HsVcPPILacVa1	CCSBORF4870	2	CCSBORF56827	LW	1	1403T>A	11	NC_000012.12:52488348:A:T	CCSBVarC003677	ENSP00000369317.3:p.Leu468Gln	KRT6A	ENSG00000205420	KRT38
HsVcPPILacVa1	CCSBORF4870	2	CCSBORF56827	LW	1	1416G>C	77	NC_000012.12:52488335:C:G	CCSBVarC003679	ENSP00000369317.3:p.Glu472Asp	KRT6A	ENSG00000205420	KRT38
HsVcPPILacVa1	CCSBORF4870	2	CCSBORF56827	LW	1	1456A>G	0	NC_000012.12:52488071:T:C	CCSBVarC015620	ENSP00000369317.3:p.Ile486Val	KRT6A	ENSG00000205420	KRT38
HsVcPPILacVa1	CCSBORF4870	2	CCSBORF56827	LW	1	1567G>A	11	NC_000012.12:52487847:C:T	CCSBVarC009576	ENSP00000369317.3:p.Val523Ile	KRT6A	ENSG00000205420	KRT38
HsVcPPILacVa1	CCSBORF4870	2	CCSBORF56827	LW	1	1567G>T	4	NC_000012.12:52487847:C:A	CCSBVarC002920	ENSP00000369317.3:p.Val523Phe	KRT6A	ENSG00000205420	KRT38
HsVcPPILacVa1	CCSBORF4870	2	CCSBORF56827	LW	1	1604T>C	16	NC_000012.12:52487810:A:G	CCSBVarC015632	ENSP00000369317.3:p.Ile535Thr	KRT6A	ENSG00000205420	KRT38
HsVcPPILacVa1	CCSBORF4870	2	CCSBORF56827	LW	1	1650G>T	32	NC_000012.12:52487764:C:A	CCSBVarC015638	ENSP00000369317.3:p.Lys550Asn	KRT6A	ENSG00000205420	KRT38
HsVcPPILacVa1	CCSBORF4870	2	CCSBORF56827	LW	1	332G>A	0	NC_000012.12:52492856:C:T	CCSBVarC015647	ENSP00000369317.3:p.Gly111Asp	KRT6A	ENSG00000205420	KRT38
HsVcPPILacVa1	CCSBORF4870	2	CCSBORF56827	LW	1	361G>A	30	NC_000012.12:52492827:C:T	CCSBVarC015651	ENSP00000369317.3:p.Gly121Ser	KRT6A	ENSG00000205420	KRT38
HsVcPPILacVa1	CCSBORF4870	2	CCSBORF56827	LW	1	46C>T	0	NC_000012.12:52493142:G:A	CCSBVarC015667	ENSP00000369317.3:p.Arg16Trp	KRT6A	ENSG00000205420	KRT38
HsVcPPILacVa1	CCSBORF4870	2	CCSBORF56827	LW	1	491G>C	36	NC_000012.12:52492697:C:G	CCSBVarC003663	ENSP00000369317.3:p.Arg164Pro	KRT6A	ENSG00000205420	KRT38
HsVcPPILacVa1	CCSBORF4870	2	CCSBORF56827	LW	1	500T>G	0	NC_000012.12:52492688:A:C	CCSBVarC003665	ENSP00000369317.3:p.Ile167Ser	KRT6A	ENSG00000205420	KRT38
HsVcPPILacVa1	CCSBORF4870	2	CCSBORF56827	LW	1	511A>T	31	NC_000012.12:52492677:T:A	CCSBVarC003667	ENSP00000369317.3:p.Asn171Tyr	KRT6A	ENSG00000205420	KRT38
HsVcPPILacVa1	CCSBORF4870	2	CCSBORF56827	LW	1	512A>G	21	NC_000012.12:52492676:T:C	CCSBVarC003669	ENSP00000369317.3:p.Asn171Ser	KRT6A	ENSG00000205420	KRT38
HsVcPPILacVa1	CCSBORF4870	2	CCSBORF56827	LW	1	520T>G	0	NC_000012.12:52492668:A:C	CCSBVarC000719	ENSP00000369317.3:p.Phe174Val	KRT6A	ENSG00000205420	KRT38
HsVcPPILacVa1	CCSBORF4870	2	CCSBORF56827	LW	1	526T>C	11	NC_000012.12:52492662:A:G	CCSBVarC003671	ENSP00000369317.3:p.Ser176Pro	KRT6A	ENSG00000205420	KRT38
HsVcPPILacVa1	CCSBORF4870	2	CCSBORF56827	LW	1	628C>A	131	NC_000012.12:52491648:G:T	CCSBVarC009567	ENSP00000369317.3:p.Leu210Met	KRT6A	ENSG00000205420	KRT38
HsVcPPILacVa1	CCSBORF4870	2	CCSBORF56827	LW	1	632A>G	0	NC_000012.12:52491644:T:C	CCSBVarC015673	ENSP00000369317.3:p.Glu211Gly	KRT6A	ENSG00000205420	KRT38
HsVcPPILacVa1	CCSBORF4870	2	CCSBORF56827	LW	1	680G>A	0	NC_000012.12:52491596:C:T	CCSBVarC015679	ENSP00000369317.3:p.Ser227Asn	KRT6A	ENSG00000205420	KRT38
HsVcPPILacVa1	CCSBORF4870	2	CCSBORF56827	LW	1	745T>C	118	NC_000012.12:52491531:A:G	CCSBVarC002915	ENSP00000369317.3:p.Phe249Leu	KRT6A	ENSG00000205420	KRT38
HsVcPPILacVa1	CCSBORF4870	2	CCSBORF56827	LW	1	806C>T	0	NC_000012.12:52491121:G:A	CCSBVarC015685	ENSP00000369317.3:p.Thr269Ile	KRT6A	ENSG00000205420	KRT38
HsVcPPILacVa1	CCSBORF4870	2	CCSBORF56827	LW	1	968A>T	0	NC_000012.12:52490677:T:A	CCSBVarC015689	ENSP00000369317.3:p.Asp323Val	KRT6A	ENSG00000205420	KRT38
HsVcPPILacVa1	CCSBORF4870	2	CCSBORF56827	LW	1	981C>G	0	NC_000012.12:52490664:G:C	CCSBVarC015694	ENSP00000369317.3:p.Asn327Lys	KRT6A	ENSG00000205420	KRT38
HsVcPPILacVa1	CCSBORF4870	1	CCSBORF100066360	LW	1	REF	159	NULL	NULL	NULL	KRT6A	ENSG00000205420	KRT27
HsVcPPILacVa1	CCSBORF4870	1	CCSBORF100066360	LW	1	1003G>A	3	NC_000012.12:52490642:C:T	CCSBVarC009565	ENSP00000369317.3:p.Ala335Thr	KRT6A	ENSG00000205420	KRT27
HsVcPPILacVa1	CCSBORF4870	1	CCSBORF100066360	LW	1	1157G>T	1	NC_000012.12:52489988:C:A	CCSBVarC015599	ENSP00000369317.3:p.Arg386Leu	KRT6A	ENSG00000205420	KRT27
HsVcPPILacVa1	CCSBORF4870	1	CCSBORF100066360	LW	1	1211A>G	1	NC_000012.12:52488540:T:C	CCSBVarC015607	ENSP00000369317.3:p.Asn404Ser	KRT6A	ENSG00000205420	KRT27
HsVcPPILacVa1	CCSBORF4870	1	CCSBORF100066360	LW	1	1327C>T	1	NC_000012.12:52488424:G:A	CCSBVarC009573	ENSP00000369317.3:p.Arg443Trp	KRT6A	ENSG00000205420	KRT27
HsVcPPILacVa1	CCSBORF4870	1	CCSBORF100066360	LW	1	1340A>G	1	NC_000012.12:52488411:T:C	CCSBVarC015613	ENSP00000369317.3:p.Glu447Gly	KRT6A	ENSG00000205420	KRT27
HsVcPPILacVa1	CCSBORF4870	1	CCSBORF100066360	LW	1	1385T>A	0	NC_000012.12:52488366:A:T	CCSBVarC003674	ENSP00000369317.3:p.Ile462Asn	KRT6A	ENSG00000205420	KRT27
HsVcPPILacVa1	CCSBORF4870	1	CCSBORF100066360	LW	1	1385T>G	1	NC_000012.12:52488366:A:C	CCSBVarC000720	ENSP00000369317.3:p.Ile462Ser	KRT6A	ENSG00000205420	KRT27
HsVcPPILacVa1	CCSBORF4870	1	CCSBORF100066360	LW	1	1403T>C	1040	NC_000012.12:52488348:A:G	CCSBVarC003676	ENSP00000369317.3:p.Leu468Pro	KRT6A	ENSG00000205420	KRT27
HsVcPPILacVa1	CCSBORF4870	1	CCSBORF100066360	LW	1	1414G>A	339	NC_000012.12:52488337:C:T	CCSBVarC003678	ENSP00000369317.3:p.Glu472Lys	KRT6A	ENSG00000205420	KRT27
HsVcPPILacVa1	CCSBORF4870	1	CCSBORF100066360	LW	1	1441G>A	1	NC_000012.12:52488086:C:T	CCSBVarC015618	ENSP00000369317.3:p.Val481Ile	KRT6A	ENSG00000205420	KRT27
HsVcPPILacVa1	CCSBORF4870	1	CCSBORF100066360	LW	1	1534G>A	1	NC_000012.12:52487880:C:T	CCSBVarC015629	ENSP00000369317.3:p.Gly512Arg	KRT6A	ENSG00000205420	KRT27
HsVcPPILacVa1	CCSBORF4870	1	CCSBORF100066360	LW	1	1606G>A	0	NC_000012.12:52487808:C:T	CCSBVarC015635	ENSP00000369317.3:p.Gly536Arg	KRT6A	ENSG00000205420	KRT27
HsVcPPILacVa1	CCSBORF4870	1	CCSBORF100066360	LW	1	1655C>G	2	NC_000012.12:52487759:G:C	CCSBVarC002916	ENSP00000369317.3:p.Thr552Ser	KRT6A	ENSG00000205420	KRT27
HsVcPPILacVa1	CCSBORF4870	1	CCSBORF100066360	LW	1	215T>C	0	NC_000012.12:52492973:A:G	CCSBVarC015643	ENSP00000369317.3:p.Ile72Thr	KRT6A	ENSG00000205420	KRT27
HsVcPPILacVa1	CCSBORF4870	1	CCSBORF100066360	LW	1	359G>T	0	NC_000012.12:52492829:C:A	CCSBVarC015649	ENSP00000369317.3:p.Gly120Val	KRT6A	ENSG00000205420	KRT27
HsVcPPILacVa1	CCSBORF4870	1	CCSBORF100066360	LW	1	365T>C	2	NC_000012.12:52492823:A:G	CCSBVarC015653	ENSP00000369317.3:p.Phe122Ser	KRT6A	ENSG00000205420	KRT27
HsVcPPILacVa1	CCSBORF4870	1	CCSBORF100066360	LW	1	460C>G	1	NC_000012.12:52492728:G:C	CCSBVarC015670	ENSP00000369317.3:p.Pro154Ala	KRT6A	ENSG00000205420	KRT27
HsVcPPILacVa1	CCSBORF4870	1	CCSBORF100066360	LW	1	487G>A	53	NC_000012.12:52492701:C:T	CCSBVarC003662	ENSP00000369317.3:p.Glu163Lys	KRT6A	ENSG00000205420	KRT27
HsVcPPILacVa1	CCSBORF4870	1	CCSBORF100066360	LW	1	497A>C	181	NC_000012.12:52492691:T:G	CCSBVarC003664	ENSP00000369317.3:p.Gln166Pro	KRT6A	ENSG00000205420	KRT27
HsVcPPILacVa1	CCSBORF4870	1	CCSBORF100066360	LW	1	508C>T	603	NC_000012.12:52492680:G:A	CCSBVarC003666	ENSP00000369317.3:p.Leu170Phe	KRT6A	ENSG00000205420	KRT27
HsVcPPILacVa1	CCSBORF4870	1	CCSBORF100066360	LW	1	511A>G	308	NC_000012.12:52492677:T:C	CCSBVarC003668	ENSP00000369317.3:p.Asn171Asp	KRT6A	ENSG00000205420	KRT27
HsVcPPILacVa1	CCSBORF4870	1	CCSBORF100066360	LW	1	512A>C	1	NC_000012.12:52492676:T:G	CCSBVarC003670	ENSP00000369317.3:p.Asn171Thr	KRT6A	ENSG00000205420	KRT27
HsVcPPILacVa1	CCSBORF4870	1	CCSBORF100066360	LW	1	513C>A	165	NC_000012.12:52492675:G:T	CCSBVarC000718	ENSP00000369317.3:p.Asn171Lys	KRT6A	ENSG00000205420	KRT27
HsVcPPILacVa1	CCSBORF4870	1	CCSBORF100066360	LW	1	533T>A	1733	NC_000012.12:52492655:A:T	CCSBVarC003672	ENSP00000369317.3:p.Ile178Asn	KRT6A	ENSG00000205420	KRT27
HsVcPPILacVa1	CCSBORF4870	1	CCSBORF100066360	LW	1	62A>G	21	NC_000012.12:52493126:T:C	CCSBVarC002913	ENSP00000369317.3:p.Asn21Ser	KRT6A	ENSG00000205420	KRT27
HsVcPPILacVa1	CCSBORF4870	1	CCSBORF100066360	LW	1	661C>A	1	NC_000012.12:52491615:G:T	CCSBVarC015676	ENSP00000369317.3:p.Leu221Ile	KRT6A	ENSG00000205420	KRT27
HsVcPPILacVa1	CCSBORF4870	1	CCSBORF100066360	LW	1	718A>G	0	NC_000012.12:52491558:T:C	CCSBVarC015683	ENSP00000369317.3:p.Arg240Gly	KRT6A	ENSG00000205420	KRT27
HsVcPPILacVa1	CCSBORF4870	1	CCSBORF100066360	LW	1	827C>T	1	NC_000012.12:52490942:G:A	CCSBVarC015687	ENSP00000369317.3:p.Ala276Val	KRT6A	ENSG00000205420	KRT27
HsVcPPILacVa1	CCSBORF4870	1	CCSBORF100066360	LW	1	98T>C	4	NC_000012.12:52493090:A:G	CCSBVarC015691	ENSP00000369317.3:p.Phe33Ser	KRT6A	ENSG00000205420	KRT27
HsVcPPILacVa1	CCSBORF4870	1	CCSBORF100014396	LW	1	REF	1	NULL	NULL	NULL	KRT6A	ENSG00000205420	KRT35
HsVcPPILacVa1	CCSBORF4870	1	CCSBORF100014396	LW	1	1003G>A	0	NC_000012.12:52490642:C:T	CCSBVarC009565	ENSP00000369317.3:p.Ala335Thr	KRT6A	ENSG00000205420	KRT35
HsVcPPILacVa1	CCSBORF4870	1	CCSBORF100014396	LW	1	1157G>T	0	NC_000012.12:52489988:C:A	CCSBVarC015599	ENSP00000369317.3:p.Arg386Leu	KRT6A	ENSG00000205420	KRT35
HsVcPPILacVa1	CCSBORF4870	1	CCSBORF100014396	LW	1	1211A>G	0	NC_000012.12:52488540:T:C	CCSBVarC015607	ENSP00000369317.3:p.Asn404Ser	KRT6A	ENSG00000205420	KRT35
HsVcPPILacVa1	CCSBORF4870	1	CCSBORF100014396	LW	1	1327C>T	0	NC_000012.12:52488424:G:A	CCSBVarC009573	ENSP00000369317.3:p.Arg443Trp	KRT6A	ENSG00000205420	KRT35
HsVcPPILacVa1	CCSBORF4870	1	CCSBORF100014396	LW	1	1340A>G	0	NC_000012.12:52488411:T:C	CCSBVarC015613	ENSP00000369317.3:p.Glu447Gly	KRT6A	ENSG00000205420	KRT35
HsVcPPILacVa1	CCSBORF4870	1	CCSBORF100014396	LW	1	1385T>A	0	NC_000012.12:52488366:A:T	CCSBVarC003674	ENSP00000369317.3:p.Ile462Asn	KRT6A	ENSG00000205420	KRT35
HsVcPPILacVa1	CCSBORF4870	1	CCSBORF100014396	LW	1	1385T>G	0	NC_000012.12:52488366:A:C	CCSBVarC000720	ENSP00000369317.3:p.Ile462Ser	KRT6A	ENSG00000205420	KRT35
HsVcPPILacVa1	CCSBORF4870	1	CCSBORF100014396	LW	1	1403T>C	1	NC_000012.12:52488348:A:G	CCSBVarC003676	ENSP00000369317.3:p.Leu468Pro	KRT6A	ENSG00000205420	KRT35
HsVcPPILacVa1	CCSBORF4870	1	CCSBORF100014396	LW	1	1414G>A	0	NC_000012.12:52488337:C:T	CCSBVarC003678	ENSP00000369317.3:p.Glu472Lys	KRT6A	ENSG00000205420	KRT35
HsVcPPILacVa1	CCSBORF4870	1	CCSBORF100014396	LW	1	1441G>A	0	NC_000012.12:52488086:C:T	CCSBVarC015618	ENSP00000369317.3:p.Val481Ile	KRT6A	ENSG00000205420	KRT35
HsVcPPILacVa1	CCSBORF4870	1	CCSBORF100014396	LW	1	1534G>A	0	NC_000012.12:52487880:C:T	CCSBVarC015629	ENSP00000369317.3:p.Gly512Arg	KRT6A	ENSG00000205420	KRT35
HsVcPPILacVa1	CCSBORF4870	1	CCSBORF100014396	LW	1	1606G>A	0	NC_000012.12:52487808:C:T	CCSBVarC015635	ENSP00000369317.3:p.Gly536Arg	KRT6A	ENSG00000205420	KRT35
HsVcPPILacVa1	CCSBORF4870	1	CCSBORF100014396	LW	1	1655C>G	0	NC_000012.12:52487759:G:C	CCSBVarC002916	ENSP00000369317.3:p.Thr552Ser	KRT6A	ENSG00000205420	KRT35
HsVcPPILacVa1	CCSBORF4870	1	CCSBORF100014396	LW	1	215T>C	0	NC_000012.12:52492973:A:G	CCSBVarC015643	ENSP00000369317.3:p.Ile72Thr	KRT6A	ENSG00000205420	KRT35
HsVcPPILacVa1	CCSBORF4870	1	CCSBORF100014396	LW	1	359G>T	0	NC_000012.12:52492829:C:A	CCSBVarC015649	ENSP00000369317.3:p.Gly120Val	KRT6A	ENSG00000205420	KRT35
HsVcPPILacVa1	CCSBORF4870	1	CCSBORF100014396	LW	1	365T>C	0	NC_000012.12:52492823:A:G	CCSBVarC015653	ENSP00000369317.3:p.Phe122Ser	KRT6A	ENSG00000205420	KRT35
HsVcPPILacVa1	CCSBORF4870	1	CCSBORF100014396	LW	1	460C>G	0	NC_000012.12:52492728:G:C	CCSBVarC015670	ENSP00000369317.3:p.Pro154Ala	KRT6A	ENSG00000205420	KRT35
HsVcPPILacVa1	CCSBORF4870	1	CCSBORF100014396	LW	1	487G>A	0	NC_000012.12:52492701:C:T	CCSBVarC003662	ENSP00000369317.3:p.Glu163Lys	KRT6A	ENSG00000205420	KRT35
HsVcPPILacVa1	CCSBORF4870	1	CCSBORF100014396	LW	1	497A>C	1	NC_000012.12:52492691:T:G	CCSBVarC003664	ENSP00000369317.3:p.Gln166Pro	KRT6A	ENSG00000205420	KRT35
HsVcPPILacVa1	CCSBORF4870	1	CCSBORF100014396	LW	1	508C>T	0	NC_000012.12:52492680:G:A	CCSBVarC003666	ENSP00000369317.3:p.Leu170Phe	KRT6A	ENSG00000205420	KRT35
HsVcPPILacVa1	CCSBORF4870	1	CCSBORF100014396	LW	1	511A>G	0	NC_000012.12:52492677:T:C	CCSBVarC003668	ENSP00000369317.3:p.Asn171Asp	KRT6A	ENSG00000205420	KRT35
HsVcPPILacVa1	CCSBORF4870	1	CCSBORF100014396	LW	1	512A>C	0	NC_000012.12:52492676:T:G	CCSBVarC003670	ENSP00000369317.3:p.Asn171Thr	KRT6A	ENSG00000205420	KRT35
HsVcPPILacVa1	CCSBORF4870	1	CCSBORF100014396	LW	1	513C>A	0	NC_000012.12:52492675:G:T	CCSBVarC000718	ENSP00000369317.3:p.Asn171Lys	KRT6A	ENSG00000205420	KRT35
HsVcPPILacVa1	CCSBORF4870	1	CCSBORF100014396	LW	1	533T>A	0	NC_000012.12:52492655:A:T	CCSBVarC003672	ENSP00000369317.3:p.Ile178Asn	KRT6A	ENSG00000205420	KRT35
HsVcPPILacVa1	CCSBORF4870	1	CCSBORF100014396	LW	1	62A>G	1	NC_000012.12:52493126:T:C	CCSBVarC002913	ENSP00000369317.3:p.Asn21Ser	KRT6A	ENSG00000205420	KRT35
HsVcPPILacVa1	CCSBORF4870	1	CCSBORF100014396	LW	1	661C>A	0	NC_000012.12:52491615:G:T	CCSBVarC015676	ENSP00000369317.3:p.Leu221Ile	KRT6A	ENSG00000205420	KRT35
HsVcPPILacVa1	CCSBORF4870	1	CCSBORF100014396	LW	1	718A>G	0	NC_000012.12:52491558:T:C	CCSBVarC015683	ENSP00000369317.3:p.Arg240Gly	KRT6A	ENSG00000205420	KRT35
HsVcPPILacVa1	CCSBORF4870	1	CCSBORF100014396	LW	1	827C>T	0	NC_000012.12:52490942:G:A	CCSBVarC015687	ENSP00000369317.3:p.Ala276Val	KRT6A	ENSG00000205420	KRT35
HsVcPPILacVa1	CCSBORF4870	1	CCSBORF100014396	LW	1	98T>C	0	NC_000012.12:52493090:A:G	CCSBVarC015691	ENSP00000369317.3:p.Phe33Ser	KRT6A	ENSG00000205420	KRT35
HsVcPPILacVa1	CCSBORF3756	1	CCSBORF0	LW	1	REF	2369	NULL	NULL	NULL	VAPB	ENSG00000124164	empty_AD
HsVcPPILacVa1	CCSBORF3756	1	CCSBORF0	LW	1	137C>T	12255	NC_000020.11:58418288:C:T	CCSBVarC005852	ENSP00000417175.1:p.Thr46Ile	VAPB	ENSG00000124164	empty_AD
HsVcPPILacVa1	CCSBORF3756	1	CCSBORF0	LW	1	166C>T	5499	NC_000020.11:58418317:C:T	CCSBVarC000544	ENSP00000417175.1:p.Pro56Ser	VAPB	ENSG00000124164	empty_AD
HsVcPPILacVa1	CCSBORF3756	1	CCSBORF0	LW	1	390T>G	912	NC_000020.11:58439018:T:G	CCSBVarC015538	ENSP00000417175.1:p.Asp130Glu	VAPB	ENSG00000124164	empty_AD
HsVcPPILacVa1	CCSBORF3756	1	CCSBORF0	LW	1	486T>A	1724	NC_000020.11:58440995:T:A	CCSBVarC015540	ENSP00000417175.1:p.Asp162Glu	VAPB	ENSG00000124164	empty_AD
HsVcPPILacVa1	CCSBORF1231	1	CCSBORF13561	LW	1	REF	1549	NULL	NULL	NULL	AQP1	ENSG00000240583	MKRN3
HsVcPPILacVa1	CCSBORF1231	1	CCSBORF13561	LW	1	113C>T	1526	NC_000007.14:30912021:C:T	CCSBVarC000137	ENSP00000311165.4:p.Pro38Leu	AQP1	ENSG00000240583	MKRN3
HsVcPPILacVa1	CCSBORF1231	1	CCSBORF13561	LW	1	140A>G	8241	NC_000007.14:30912048:A:G	CCSBVarC000138	ENSP00000311165.4:p.Gln47Arg	AQP1	ENSG00000240583	MKRN3
HsVcPPILacVa1	CCSBORF1231	1	CCSBORF13561	LW	1	319G>A	48	NC_000007.14:30912227:G:A	CCSBVarC015066	ENSP00000311165.4:p.Val107Ile	AQP1	ENSG00000240583	MKRN3
HsVcPPILacVa1	CCSBORF1231	1	CCSBORF13561	LW	1	320T>G	2023	NC_000007.14:30912228:T:G	CCSBVarC015069	ENSP00000311165.4:p.Val107Gly	AQP1	ENSG00000240583	MKRN3
HsVcPPILacVa1	CCSBORF1231	1	CCSBORF13561	LW	1	494G>A	728	NC_000007.14:30922174:G:A	CCSBVarC015072	ENSP00000311165.4:p.Gly165Asp	AQP1	ENSG00000240583	MKRN3
HsVcPPILacVa1	CCSBORF1231	1	CCSBORF13561	LW	1	576C>A	2043	NC_000007.14:30922589:C:A	CCSBVarC000139	ENSP00000311165.4:p.Asn192Lys	AQP1	ENSG00000240583	MKRN3
HsVcPPILacVa1	CCSBORF1231	1	CCSBORF2078	LW	1	REF	1099	NULL	NULL	NULL	AQP1	ENSG00000240583	TRIM37
HsVcPPILacVa1	CCSBORF1231	1	CCSBORF2078	LW	1	113C>T	588	NC_000007.14:30912021:C:T	CCSBVarC000137	ENSP00000311165.4:p.Pro38Leu	AQP1	ENSG00000240583	TRIM37
HsVcPPILacVa1	CCSBORF1231	1	CCSBORF2078	LW	1	140A>G	3631	NC_000007.14:30912048:A:G	CCSBVarC000138	ENSP00000311165.4:p.Gln47Arg	AQP1	ENSG00000240583	TRIM37
HsVcPPILacVa1	CCSBORF1231	1	CCSBORF2078	LW	1	319G>A	11	NC_000007.14:30912227:G:A	CCSBVarC015066	ENSP00000311165.4:p.Val107Ile	AQP1	ENSG00000240583	TRIM37
HsVcPPILacVa1	CCSBORF1231	1	CCSBORF2078	LW	1	320T>G	1107	NC_000007.14:30912228:T:G	CCSBVarC015069	ENSP00000311165.4:p.Val107Gly	AQP1	ENSG00000240583	TRIM37
HsVcPPILacVa1	CCSBORF1231	1	CCSBORF2078	LW	1	494G>A	207	NC_000007.14:30922174:G:A	CCSBVarC015072	ENSP00000311165.4:p.Gly165Asp	AQP1	ENSG00000240583	TRIM37
HsVcPPILacVa1	CCSBORF1231	1	CCSBORF2078	LW	1	576C>A	1043	NC_000007.14:30922589:C:A	CCSBVarC000139	ENSP00000311165.4:p.Asn192Lys	AQP1	ENSG00000240583	TRIM37
HsVcPPILacVa1	CCSBORF1231	1	CCSBORF6064	LW	1	REF	1080	NULL	NULL	NULL	AQP1	ENSG00000240583	GLI1
HsVcPPILacVa1	CCSBORF1231	1	CCSBORF6064	LW	1	113C>T	671	NC_000007.14:30912021:C:T	CCSBVarC000137	ENSP00000311165.4:p.Pro38Leu	AQP1	ENSG00000240583	GLI1
HsVcPPILacVa1	CCSBORF1231	1	CCSBORF6064	LW	1	140A>G	5216	NC_000007.14:30912048:A:G	CCSBVarC000138	ENSP00000311165.4:p.Gln47Arg	AQP1	ENSG00000240583	GLI1
HsVcPPILacVa1	CCSBORF1231	1	CCSBORF6064	LW	1	319G>A	45	NC_000007.14:30912227:G:A	CCSBVarC015066	ENSP00000311165.4:p.Val107Ile	AQP1	ENSG00000240583	GLI1
HsVcPPILacVa1	CCSBORF1231	1	CCSBORF6064	LW	1	320T>G	2084	NC_000007.14:30912228:T:G	CCSBVarC015069	ENSP00000311165.4:p.Val107Gly	AQP1	ENSG00000240583	GLI1
HsVcPPILacVa1	CCSBORF1231	1	CCSBORF6064	LW	1	494G>A	340	NC_000007.14:30922174:G:A	CCSBVarC015072	ENSP00000311165.4:p.Gly165Asp	AQP1	ENSG00000240583	GLI1
HsVcPPILacVa1	CCSBORF1231	1	CCSBORF6064	LW	1	576C>A	1572	NC_000007.14:30922589:C:A	CCSBVarC000139	ENSP00000311165.4:p.Asn192Lys	AQP1	ENSG00000240583	GLI1
HsVcPPILacVa1	CCSBORF70357	1	CCSBORF0	LW	1	REF	157	NULL	NULL	NULL	TSFM	ENSG00000123297	empty_AD
HsVcPPILacVa1	CCSBORF70357	1	CCSBORF0	LW	1	112C>T	1	NC_000012.12:57783163:C:T	CCSBVarC017012	ENSP00000499171.2:p.Pro38Ser	TSFM	ENSG00000123297	empty_AD
HsVcPPILacVa1	CCSBORF70357	1	CCSBORF0	LW	1	191G>A	0	NC_000012.12:57783242:G:A	CCSBVarC017016	ENSP00000499171.2:p.Cys64Tyr	TSFM	ENSG00000123297	empty_AD
HsVcPPILacVa1	CCSBORF70357	1	CCSBORF0	LW	1	22C>T	2	NC_000012.12:57782822:C:T	CCSBVarC017021	ENSP00000499171.2:p.Arg8Cys	TSFM	ENSG00000123297	empty_AD
HsVcPPILacVa1	CCSBORF70357	1	CCSBORF0	LW	1	269G>A	0	NC_000012.12:57786199:G:A	CCSBVarC017025	ENSP00000499171.2:p.Gly90Asp	TSFM	ENSG00000123297	empty_AD
HsVcPPILacVa1	CCSBORF70357	1	CCSBORF0	LW	1	34G>T	32	NC_000012.12:57782834:G:T	CCSBVarC017029	ENSP00000499171.2:p.Val12Phe	TSFM	ENSG00000123297	empty_AD
HsVcPPILacVa1	CCSBORF70357	1	CCSBORF0	LW	1	484G>A	2	NC_000012.12:57792985:G:A	CCSBVarC017033	ENSP00000499171.2:p.Gly162Ser	TSFM	ENSG00000123297	empty_AD
HsVcPPILacVa1	CCSBORF70357	1	CCSBORF0	LW	1	520G>T	0	NC_000012.12:57793021:G:T	CCSBVarC017037	ENSP00000499171.2:p.Ala174Ser	TSFM	ENSG00000123297	empty_AD
HsVcPPILacVa1	CCSBORF70357	1	CCSBORF0	LW	1	539G>C	368	NC_000012.12:57793040:G:C	CCSBVarC017041	ENSP00000499171.2:p.Gly180Ala	TSFM	ENSG00000123297	empty_AD
HsVcPPILacVa1	CCSBORF70357	1	CCSBORF0	LW	1	602G>A	138	NC_000012.12:57796206:G:A	CCSBVarC017056	ENSP00000499171.2:p.Arg201Gln	TSFM	ENSG00000123297	empty_AD
HsVcPPILacVa1	CCSBORF70357	1	CCSBORF0	LW	1	647A>T	501	NC_000012.12:57796251:A:T	CCSBVarC017058	ENSP00000499171.2:p.Tyr216Phe	TSFM	ENSG00000123297	empty_AD
HsVcPPILacVa1	CCSBORF70357	1	CCSBORF0	LW	1	718T>C	1047	NC_000012.12:57796322:T:C	CCSBVarC017061	ENSP00000499171.2:p.Cys240Arg	TSFM	ENSG00000123297	empty_AD
HsVcPPILacVa1	CCSBORF70357	1	CCSBORF0	LW	1	725C>T	3428	NC_000012.12:57796329:C:T	CCSBVarC017063	ENSP00000499171.2:p.Thr242Met	TSFM	ENSG00000123297	empty_AD
HsVcPPILacVa1	CCSBORF70357	1	CCSBORF0	LW	1	754G>A	1613	NC_000012.12:57796358:G:A	CCSBVarC017065	ENSP00000499171.2:p.Val252Ile	TSFM	ENSG00000123297	empty_AD
HsVcPPILacVa1	CCSBORF70357	1	CCSBORF0	LW	1	763C>T	2243	NC_000012.12:57796367:C:T	CCSBVarC017067	ENSP00000499171.2:p.Arg255Cys	TSFM	ENSG00000123297	empty_AD
HsVcPPILacVa1	CCSBORF70357	1	CCSBORF0	LW	1	775C>T	0	NC_000012.12:57796379:C:T	CCSBVarC017069	ENSP00000499171.2:p.His259Tyr	TSFM	ENSG00000123297	empty_AD
HsVcPPILacVa1	CCSBORF70357	1	CCSBORF0	LW	1	796C>G	2	NC_000012.12:57796400:C:G	CCSBVarC017074	ENSP00000499171.2:p.Leu266Val	TSFM	ENSG00000123297	empty_AD
HsVcPPILacVa1	CCSBORF70357	1	CCSBORF0	LW	1	814G>C	3268	NC_000012.12:57796418:G:C	CCSBVarC017078	ENSP00000499171.2:p.Asp272His	TSFM	ENSG00000123297	empty_AD
HsVcPPILacVa1	CCSBORF70357	1	CCSBORF0	LW	1	878C>T	2	NC_000012.12:57796482:C:T	CCSBVarC017084	ENSP00000499171.2:p.Ser293Phe	TSFM	ENSG00000123297	empty_AD
HsVcPPILacVa1	CCSBORF11374	3	CCSBORF0	LW	1	REF	977	NULL	NULL	NULL	RP2	ENSG00000102218	empty_AD
HsVcPPILacVa1	CCSBORF11374	3	CCSBORF0	LW	1	11T>G	45	NC_000023.11:46837110:T:G	CCSBVarC014903	ENSP00000218340.3:p.Phe4Cys	RP2	ENSG00000102218	empty_AD
HsVcPPILacVa1	CCSBORF11374	3	CCSBORF0	LW	1	123G>A	363	NC_000023.11:46853495:G:A	CCSBVarC011426	ENSP00000218340.3:p.Met41Ile	RP2	ENSG00000102218	empty_AD
HsVcPPILacVa1	CCSBORF11374	3	CCSBORF0	LW	1	161C>T	99	NC_000023.11:46853533:C:T	CCSBVarC014914	ENSP00000218340.3:p.Pro54Leu	RP2	ENSG00000102218	empty_AD
HsVcPPILacVa1	CCSBORF11374	3	CCSBORF0	LW	1	271A>C	1902	NC_000023.11:46853643:A:C	CCSBVarC014947	ENSP00000218340.3:p.Ile91Leu	RP2	ENSG00000102218	empty_AD
HsVcPPILacVa1	CCSBORF11374	3	CCSBORF0	LW	1	2T>C	9	NC_000023.11:46837101:T:C	CCSBVarC011465	ENSP00000218340.3:p.Met1Thr	RP2	ENSG00000102218	empty_AD
HsVcPPILacVa1	CCSBORF11374	3	CCSBORF0	LW	1	314G>A	561	NC_000023.11:46853686:G:A	CCSBVarC014958	ENSP00000218340.3:p.Cys105Tyr	RP2	ENSG00000102218	empty_AD
HsVcPPILacVa1	CCSBORF11374	3	CCSBORF0	LW	1	365G>A	161	NC_000023.11:46853737:G:A	CCSBVarC011444	ENSP00000218340.3:p.Cys122Tyr	RP2	ENSG00000102218	empty_AD
HsVcPPILacVa1	CCSBORF11374	3	CCSBORF0	LW	1	431A>G	300	NC_000023.11:46853803:A:G	CCSBVarC014972	ENSP00000218340.3:p.Lys144Arg	RP2	ENSG00000102218	empty_AD
HsVcPPILacVa1	CCSBORF11374	3	CCSBORF0	LW	1	434T>C	979	NC_000023.11:46853806:T:C	CCSBVarC011472	ENSP00000218340.3:p.Phe145Ser	RP2	ENSG00000102218	empty_AD
HsVcPPILacVa1	CCSBORF11374	3	CCSBORF0	LW	1	535C>T	212	NC_000023.11:46853907:C:T	CCSBVarC014982	ENSP00000218340.3:p.Pro179Ser	RP2	ENSG00000102218	empty_AD
HsVcPPILacVa1	CCSBORF11374	3	CCSBORF0	LW	1	650A>G	1286	NC_000023.11:46854022:A:G	CCSBVarC014989	ENSP00000218340.3:p.Asn217Ser	RP2	ENSG00000102218	empty_AD
HsVcPPILacVa1	CCSBORF11374	3	CCSBORF0	LW	1	68G>A	45	NC_000023.11:46837167:G:A	CCSBVarC014999	ENSP00000218340.3:p.Arg23Gln	RP2	ENSG00000102218	empty_AD
HsVcPPILacVa1	CCSBORF11374	3	CCSBORF0	LW	1	758T>G	553	NC_000023.11:46854130:T:G	CCSBVarC001708	ENSP00000218340.3:p.Leu253Arg	RP2	ENSG00000102218	empty_AD
HsVcPPILacVa1	CCSBORF11374	3	CCSBORF0	LW	1	771G>T	466	NC_000023.11:46859989:G:T	CCSBVarC015008	ENSP00000218340.3:p.Met257Ile	RP2	ENSG00000102218	empty_AD
HsVcPPILacVa1	CCSBORF11374	3	CCSBORF0	LW	1	814A>G	153	NC_000023.11:46860032:A:G	CCSBVarC011438	ENSP00000218340.3:p.Met272Val	RP2	ENSG00000102218	empty_AD
HsVcPPILacVa1	CCSBORF11374	3	CCSBORF0	LW	1	829G>A	1742	NC_000023.11:46860047:G:A	CCSBVarC015017	ENSP00000218340.3:p.Ala277Thr	RP2	ENSG00000102218	empty_AD
HsVcPPILacVa1	CCSBORF11374	3	CCSBORF0	LW	1	895G>A	477	NC_000023.11:46877515:G:A	CCSBVarC011420	ENSP00000218340.3:p.Ala299Thr	RP2	ENSG00000102218	empty_AD
HsVcPPILacVa1	CCSBORF11374	3	CCSBORF0	LW	1	917G>A	48	NC_000023.11:46877537:G:A	CCSBVarC015026	ENSP00000218340.3:p.Gly306Asp	RP2	ENSG00000102218	empty_AD
HsVcPPILacVa1	CCSBORF11374	3	CCSBORF0	LW	1	949G>A	115	NC_000023.11:46877569:G:A	CCSBVarC011434	ENSP00000218340.3:p.Glu317Lys	RP2	ENSG00000102218	empty_AD
HsVcPPILacVa1	CCSBORF7637	2	CCSBORF13662	LW	1	REF	413	NULL	NULL	NULL	CFP	ENSG00000126759	CYSRT1
HsVcPPILacVa1	CCSBORF7637	2	CCSBORF13662	LW	1	1036C>T	0	NC_000023.11:47626423:G:A	CCSBVarC001213	ENSP00000380189.3:p.Arg346Cys	CFP	ENSG00000126759	CYSRT1
HsVcPPILacVa1	CCSBORF7637	2	CCSBORF13662	LW	1	104A>G	10	NC_000023.11:47629646:T:C	CCSBVarC017053	ENSP00000380189.3:p.Gln35Arg	CFP	ENSG00000126759	CYSRT1
HsVcPPILacVa1	CCSBORF7637	2	CCSBORF13662	LW	1	1174A>C	3	NC_000023.11:47626127:T:G	CCSBVarC017070	ENSP00000380189.3:p.Met392Leu	CFP	ENSG00000126759	CYSRT1
HsVcPPILacVa1	CCSBORF7637	2	CCSBORF13662	LW	1	1198A>G	175	NC_000023.11:47626103:T:C	CCSBVarC017073	ENSP00000380189.3:p.Thr400Ala	CFP	ENSG00000126759	CYSRT1
HsVcPPILacVa1	CCSBORF7637	2	CCSBORF13662	LW	1	1223C>T	1	NC_000023.11:47626078:G:A	CCSBVarC017077	ENSP00000380189.3:p.Thr408Ile	CFP	ENSG00000126759	CYSRT1
HsVcPPILacVa1	CCSBORF7637	2	CCSBORF13662	LW	1	1291T>G	4	NC_000023.11:47624393:A:C	CCSBVarC017081	ENSP00000380189.3:p.Phe431Val	CFP	ENSG00000126759	CYSRT1
HsVcPPILacVa1	CCSBORF7637	2	CCSBORF13662	LW	1	1309C>A	708	NC_000023.11:47624375:G:T	CCSBVarC017085	ENSP00000380189.3:p.Pro437Thr	CFP	ENSG00000126759	CYSRT1
HsVcPPILacVa1	CCSBORF7637	2	CCSBORF13662	LW	1	157G>A	521	NC_000023.11:47629593:C:T	CCSBVarC010166	ENSP00000380189.3:p.Val53Met	CFP	ENSG00000126759	CYSRT1
HsVcPPILacVa1	CCSBORF7637	2	CCSBORF13662	LW	1	209G>A	0	NC_000023.11:47629541:C:T	CCSBVarC017089	ENSP00000380189.3:p.Gly70Glu	CFP	ENSG00000126759	CYSRT1
HsVcPPILacVa1	CCSBORF7637	2	CCSBORF13662	LW	1	28C>G	11	NC_000023.11:47629816:G:C	CCSBVarC017093	ENSP00000380189.3:p.Arg10Gly	CFP	ENSG00000126759	CYSRT1
HsVcPPILacVa1	CCSBORF7637	2	CCSBORF13662	LW	1	298C>T	280	NC_000023.11:47628206:G:A	CCSBVarC001211	ENSP00000380189.3:p.Arg100Trp	CFP	ENSG00000126759	CYSRT1
HsVcPPILacVa1	CCSBORF7637	2	CCSBORF13662	LW	1	313G>A	0	NC_000023.11:47628191:C:T	CCSBVarC017097	ENSP00000380189.3:p.Val105Met	CFP	ENSG00000126759	CYSRT1
HsVcPPILacVa1	CCSBORF7637	2	CCSBORF13662	LW	1	391C>G	0	NC_000023.11:47628113:G:C	CCSBVarC017101	ENSP00000380189.3:p.Gln131Glu	CFP	ENSG00000126759	CYSRT1
HsVcPPILacVa1	CCSBORF7637	2	CCSBORF13662	LW	1	44C>T	47	NC_000023.11:47629800:G:A	CCSBVarC017105	ENSP00000380189.3:p.Pro15Leu	CFP	ENSG00000126759	CYSRT1
HsVcPPILacVa1	CCSBORF7637	2	CCSBORF13662	LW	1	470G>A	10	NC_000023.11:47627574:C:T	CCSBVarC017120	ENSP00000380189.3:p.Arg157Gln	CFP	ENSG00000126759	CYSRT1
HsVcPPILacVa1	CCSBORF7637	2	CCSBORF13662	LW	1	580G>A	0	NC_000023.11:47627326:C:T	CCSBVarC017124	ENSP00000380189.3:p.Gly194Arg	CFP	ENSG00000126759	CYSRT1
HsVcPPILacVa1	CCSBORF7637	2	CCSBORF13662	LW	1	611C>T	596	NC_000023.11:47627295:G:A	CCSBVarC010163	ENSP00000380189.3:p.Pro204Leu	CFP	ENSG00000126759	CYSRT1
HsVcPPILacVa1	CCSBORF7637	2	CCSBORF13662	LW	1	665G>A	221	NC_000023.11:47627241:C:T	CCSBVarC017128	ENSP00000380189.3:p.Arg222His	CFP	ENSG00000126759	CYSRT1
HsVcPPILacVa1	CCSBORF7637	2	CCSBORF13662	LW	1	716C>T	5	NC_000023.11:47627190:G:A	CCSBVarC017132	ENSP00000380189.3:p.Pro239Leu	CFP	ENSG00000126759	CYSRT1
HsVcPPILacVa1	CCSBORF7637	2	CCSBORF13662	LW	1	748G>A	608	NC_000023.11:47627158:C:T	CCSBVarC008473	ENSP00000380189.3:p.Gly250Ser	CFP	ENSG00000126759	CYSRT1
HsVcPPILacVa1	CCSBORF7637	2	CCSBORF13662	LW	1	769G>A	31	NC_000023.11:47626943:C:T	CCSBVarC017135	ENSP00000380189.3:p.Ala257Thr	CFP	ENSG00000126759	CYSRT1
HsVcPPILacVa1	CCSBORF7637	2	CCSBORF13662	LW	1	88G>A	214	NC_000023.11:47629662:C:T	CCSBVarC017139	ENSP00000380189.3:p.Val30Met	CFP	ENSG00000126759	CYSRT1
HsVcPPILacVa1	CCSBORF7637	2	CCSBORF13662	LW	1	893G>T	8	NC_000023.11:47626819:C:A	CCSBVarC010172	ENSP00000380189.3:p.Gly298Val	CFP	ENSG00000126759	CYSRT1
HsVcPPILacVa1	CCSBORF3697	1	CCSBORF0	LW	1	REF	0	NULL	NULL	NULL	NF2	ENSG00000186575	empty_AD
HsVcPPILacVa1	CCSBORF3697	1	CCSBORF0	LW	1	1003C>T	0	NC_000022.11:29673397:C:T	CCSBVarC000526	ENSP00000340626.4:p.Arg335Cys	NF2	ENSG00000186575	empty_AD
HsVcPPILacVa1	CCSBORF3697	1	CCSBORF0	LW	1	1007C>G	0	NC_000022.11:29673401:C:G	CCSBVarC016525	ENSP00000340626.4:p.Thr336Arg	NF2	ENSG00000186575	empty_AD
HsVcPPILacVa1	CCSBORF3697	1	CCSBORF0	LW	1	107A>G	0	NC_000022.11:29604104:A:G	CCSBVarC004111	ENSP00000340626.4:p.Asn36Ser	NF2	ENSG00000186575	empty_AD
HsVcPPILacVa1	CCSBORF3697	1	CCSBORF0	LW	1	1124T>G	0	NC_000022.11:29674867:T:G	CCSBVarC016531	ENSP00000340626.4:p.Leu375Arg	NF2	ENSG00000186575	empty_AD
HsVcPPILacVa1	CCSBORF3697	1	CCSBORF0	LW	1	1202T>C	0	NC_000022.11:29678199:T:C	CCSBVarC016541	ENSP00000340626.4:p.Met401Thr	NF2	ENSG00000186575	empty_AD
HsVcPPILacVa1	CCSBORF3697	1	CCSBORF0	LW	1	1231G>C	0	NC_000022.11:29678228:G:C	CCSBVarC016545	ENSP00000340626.4:p.Asp411His	NF2	ENSG00000186575	empty_AD
HsVcPPILacVa1	CCSBORF3697	1	CCSBORF0	LW	1	1258G>A	0	NC_000022.11:29678255:G:A	CCSBVarC016549	ENSP00000340626.4:p.Asp420Asn	NF2	ENSG00000186575	empty_AD
HsVcPPILacVa1	CCSBORF3697	1	CCSBORF0	LW	1	1364A>C	0	NC_000022.11:29681476:A:C	CCSBVarC016557	ENSP00000340626.4:p.Gln455Pro	NF2	ENSG00000186575	empty_AD
HsVcPPILacVa1	CCSBORF3697	1	CCSBORF0	LW	1	1384G>A	0	NC_000022.11:29681496:G:A	CCSBVarC016578	ENSP00000340626.4:p.Glu462Lys	NF2	ENSG00000186575	empty_AD
HsVcPPILacVa1	CCSBORF3697	1	CCSBORF0	LW	1	1436A>G	0	NC_000022.11:29681548:A:G	CCSBVarC016584	ENSP00000340626.4:p.His479Arg	NF2	ENSG00000186575	empty_AD
HsVcPPILacVa1	CCSBORF3697	1	CCSBORF0	LW	1	173T>C	0	NC_000022.11:29642259:T:C	CCSBVarC016593	ENSP00000340626.4:p.Leu58Pro	NF2	ENSG00000186575	empty_AD
HsVcPPILacVa1	CCSBORF3697	1	CCSBORF0	LW	1	22C>A	0	NC_000022.11:29604019:C:A	CCSBVarC016616	ENSP00000340626.4:p.Arg8Ser	NF2	ENSG00000186575	empty_AD
HsVcPPILacVa1	CCSBORF3697	1	CCSBORF0	LW	1	298A>T	0	NC_000022.11:29655623:A:T	CCSBVarC016623	ENSP00000340626.4:p.Met100Leu	NF2	ENSG00000186575	empty_AD
HsVcPPILacVa1	CCSBORF3697	1	CCSBORF0	LW	1	340G>T	0	NC_000022.11:29655665:G:T	CCSBVarC000524	ENSP00000340626.4:p.Gly114Cys	NF2	ENSG00000186575	empty_AD
HsVcPPILacVa1	CCSBORF3697	1	CCSBORF0	LW	1	392T>C	0	NC_000022.11:29658229:T:C	CCSBVarC016632	ENSP00000340626.4:p.Leu131Pro	NF2	ENSG00000186575	empty_AD
HsVcPPILacVa1	CCSBORF3697	1	CCSBORF0	LW	1	470G>A	0	NC_000022.11:29661247:G:A	CCSBVarC016636	ENSP00000340626.4:p.Gly157Glu	NF2	ENSG00000186575	empty_AD
HsVcPPILacVa1	CCSBORF3697	1	CCSBORF0	LW	1	56C>G	0	NC_000022.11:29604053:C:G	CCSBVarC016641	ENSP00000340626.4:p.Pro19Arg	NF2	ENSG00000186575	empty_AD
HsVcPPILacVa1	CCSBORF3697	1	CCSBORF0	LW	1	616A>G	0	NC_000022.11:29665043:A:G	CCSBVarC016645	ENSP00000340626.4:p.Lys206Glu	NF2	ENSG00000186575	empty_AD
HsVcPPILacVa1	CCSBORF3697	1	CCSBORF0	LW	1	87G>A	0	NC_000022.11:29604084:G:A	CCSBVarC015530	ENSP00000340626.4:p.Met29Ile	NF2	ENSG00000186575	empty_AD
HsVcPPILacVa1	CCSBORF4870	2	CCSBORF100014440	LW	1	REF	205	NULL	NULL	NULL	KRT6A	ENSG00000205420	KRT25
HsVcPPILacVa1	CCSBORF4870	2	CCSBORF100014440	LW	1	1198A>C	274	NC_000012.12:52489947:T:G	CCSBVarC015603	ENSP00000369317.3:p.Lys400Gln	KRT6A	ENSG00000205420	KRT25
HsVcPPILacVa1	CCSBORF4870	2	CCSBORF100014440	LW	1	1282G>A	33	NC_000012.12:52488469:C:T	CCSBVarC015611	ENSP00000369317.3:p.Glu428Lys	KRT6A	ENSG00000205420	KRT25
HsVcPPILacVa1	CCSBORF4870	2	CCSBORF100014440	LW	1	1378G>A	469	NC_000012.12:52488373:C:T	CCSBVarC015615	ENSP00000369317.3:p.Val460Met	KRT6A	ENSG00000205420	KRT25
HsVcPPILacVa1	CCSBORF4870	2	CCSBORF100014440	LW	1	1381G>A	866	NC_000012.12:52488370:C:T	CCSBVarC003673	ENSP00000369317.3:p.Glu461Lys	KRT6A	ENSG00000205420	KRT25
HsVcPPILacVa1	CCSBORF4870	2	CCSBORF100014440	LW	1	1387G>C	212	NC_000012.12:52488364:C:G	CCSBVarC000721	ENSP00000369317.3:p.Ala463Pro	KRT6A	ENSG00000205420	KRT25
HsVcPPILacVa1	CCSBORF4870	2	CCSBORF100014440	LW	1	1393T>C	3	NC_000012.12:52488358:A:G	CCSBVarC003675	ENSP00000369317.3:p.Tyr465His	KRT6A	ENSG00000205420	KRT25
HsVcPPILacVa1	CCSBORF4870	2	CCSBORF100014440	LW	1	1403T>A	99	NC_000012.12:52488348:A:T	CCSBVarC003677	ENSP00000369317.3:p.Leu468Gln	KRT6A	ENSG00000205420	KRT25
HsVcPPILacVa1	CCSBORF4870	2	CCSBORF100014440	LW	1	1416G>C	529	NC_000012.12:52488335:C:G	CCSBVarC003679	ENSP00000369317.3:p.Glu472Asp	KRT6A	ENSG00000205420	KRT25
HsVcPPILacVa1	CCSBORF4870	2	CCSBORF100014440	LW	1	1456A>G	4	NC_000012.12:52488071:T:C	CCSBVarC015620	ENSP00000369317.3:p.Ile486Val	KRT6A	ENSG00000205420	KRT25
HsVcPPILacVa1	CCSBORF4870	2	CCSBORF100014440	LW	1	1567G>A	82	NC_000012.12:52487847:C:T	CCSBVarC009576	ENSP00000369317.3:p.Val523Ile	KRT6A	ENSG00000205420	KRT25
HsVcPPILacVa1	CCSBORF4870	2	CCSBORF100014440	LW	1	1567G>T	50	NC_000012.12:52487847:C:A	CCSBVarC002920	ENSP00000369317.3:p.Val523Phe	KRT6A	ENSG00000205420	KRT25
HsVcPPILacVa1	CCSBORF4870	2	CCSBORF100014440	LW	1	1604T>C	125	NC_000012.12:52487810:A:G	CCSBVarC015632	ENSP00000369317.3:p.Ile535Thr	KRT6A	ENSG00000205420	KRT25
HsVcPPILacVa1	CCSBORF4870	2	CCSBORF100014440	LW	1	1650G>T	355	NC_000012.12:52487764:C:A	CCSBVarC015638	ENSP00000369317.3:p.Lys550Asn	KRT6A	ENSG00000205420	KRT25
HsVcPPILacVa1	CCSBORF4870	2	CCSBORF100014440	LW	1	332G>A	0	NC_000012.12:52492856:C:T	CCSBVarC015647	ENSP00000369317.3:p.Gly111Asp	KRT6A	ENSG00000205420	KRT25
HsVcPPILacVa1	CCSBORF4870	2	CCSBORF100014440	LW	1	361G>A	113	NC_000012.12:52492827:C:T	CCSBVarC015651	ENSP00000369317.3:p.Gly121Ser	KRT6A	ENSG00000205420	KRT25
HsVcPPILacVa1	CCSBORF4870	2	CCSBORF100014440	LW	1	46C>T	3	NC_000012.12:52493142:G:A	CCSBVarC015667	ENSP00000369317.3:p.Arg16Trp	KRT6A	ENSG00000205420	KRT25
HsVcPPILacVa1	CCSBORF4870	2	CCSBORF100014440	LW	1	491G>C	245	NC_000012.12:52492697:C:G	CCSBVarC003663	ENSP00000369317.3:p.Arg164Pro	KRT6A	ENSG00000205420	KRT25
HsVcPPILacVa1	CCSBORF4870	2	CCSBORF100014440	LW	1	500T>G	0	NC_000012.12:52492688:A:C	CCSBVarC003665	ENSP00000369317.3:p.Ile167Ser	KRT6A	ENSG00000205420	KRT25
HsVcPPILacVa1	CCSBORF4870	2	CCSBORF100014440	LW	1	511A>T	228	NC_000012.12:52492677:T:A	CCSBVarC003667	ENSP00000369317.3:p.Asn171Tyr	KRT6A	ENSG00000205420	KRT25
HsVcPPILacVa1	CCSBORF4870	2	CCSBORF100014440	LW	1	512A>G	146	NC_000012.12:52492676:T:C	CCSBVarC003669	ENSP00000369317.3:p.Asn171Ser	KRT6A	ENSG00000205420	KRT25
HsVcPPILacVa1	CCSBORF4870	2	CCSBORF100014440	LW	1	520T>G	3	NC_000012.12:52492668:A:C	CCSBVarC000719	ENSP00000369317.3:p.Phe174Val	KRT6A	ENSG00000205420	KRT25
HsVcPPILacVa1	CCSBORF4870	2	CCSBORF100014440	LW	1	526T>C	88	NC_000012.12:52492662:A:G	CCSBVarC003671	ENSP00000369317.3:p.Ser176Pro	KRT6A	ENSG00000205420	KRT25
HsVcPPILacVa1	CCSBORF4870	2	CCSBORF100014440	LW	1	628C>A	699	NC_000012.12:52491648:G:T	CCSBVarC009567	ENSP00000369317.3:p.Leu210Met	KRT6A	ENSG00000205420	KRT25
HsVcPPILacVa1	CCSBORF4870	2	CCSBORF100014440	LW	1	632A>G	1	NC_000012.12:52491644:T:C	CCSBVarC015673	ENSP00000369317.3:p.Glu211Gly	KRT6A	ENSG00000205420	KRT25
HsVcPPILacVa1	CCSBORF4870	2	CCSBORF100014440	LW	1	680G>A	1	NC_000012.12:52491596:C:T	CCSBVarC015679	ENSP00000369317.3:p.Ser227Asn	KRT6A	ENSG00000205420	KRT25
HsVcPPILacVa1	CCSBORF4870	2	CCSBORF100014440	LW	1	745T>C	459	NC_000012.12:52491531:A:G	CCSBVarC002915	ENSP00000369317.3:p.Phe249Leu	KRT6A	ENSG00000205420	KRT25
HsVcPPILacVa1	CCSBORF4870	2	CCSBORF100014440	LW	1	806C>T	2	NC_000012.12:52491121:G:A	CCSBVarC015685	ENSP00000369317.3:p.Thr269Ile	KRT6A	ENSG00000205420	KRT25
HsVcPPILacVa1	CCSBORF4870	2	CCSBORF100014440	LW	1	968A>T	1	NC_000012.12:52490677:T:A	CCSBVarC015689	ENSP00000369317.3:p.Asp323Val	KRT6A	ENSG00000205420	KRT25
HsVcPPILacVa1	CCSBORF4870	2	CCSBORF100014440	LW	1	981C>G	0	NC_000012.12:52490664:G:C	CCSBVarC015694	ENSP00000369317.3:p.Asn327Lys	KRT6A	ENSG00000205420	KRT25
HsVcPPILacVa1	CCSBORF4870	1	CCSBORF100011278	LW	1	REF	1	NULL	NULL	NULL	KRT6A	ENSG00000205420	KRT16
HsVcPPILacVa1	CCSBORF4870	1	CCSBORF100011278	LW	1	1003G>A	0	NC_000012.12:52490642:C:T	CCSBVarC009565	ENSP00000369317.3:p.Ala335Thr	KRT6A	ENSG00000205420	KRT16
HsVcPPILacVa1	CCSBORF4870	1	CCSBORF100011278	LW	1	1157G>T	0	NC_000012.12:52489988:C:A	CCSBVarC015599	ENSP00000369317.3:p.Arg386Leu	KRT6A	ENSG00000205420	KRT16
HsVcPPILacVa1	CCSBORF4870	1	CCSBORF100011278	LW	1	1211A>G	0	NC_000012.12:52488540:T:C	CCSBVarC015607	ENSP00000369317.3:p.Asn404Ser	KRT6A	ENSG00000205420	KRT16
HsVcPPILacVa1	CCSBORF4870	1	CCSBORF100011278	LW	1	1327C>T	0	NC_000012.12:52488424:G:A	CCSBVarC009573	ENSP00000369317.3:p.Arg443Trp	KRT6A	ENSG00000205420	KRT16
HsVcPPILacVa1	CCSBORF4870	1	CCSBORF100011278	LW	1	1340A>G	0	NC_000012.12:52488411:T:C	CCSBVarC015613	ENSP00000369317.3:p.Glu447Gly	KRT6A	ENSG00000205420	KRT16
HsVcPPILacVa1	CCSBORF4870	1	CCSBORF100011278	LW	1	1385T>A	0	NC_000012.12:52488366:A:T	CCSBVarC003674	ENSP00000369317.3:p.Ile462Asn	KRT6A	ENSG00000205420	KRT16
HsVcPPILacVa1	CCSBORF4870	1	CCSBORF100011278	LW	1	1385T>G	0	NC_000012.12:52488366:A:C	CCSBVarC000720	ENSP00000369317.3:p.Ile462Ser	KRT6A	ENSG00000205420	KRT16
HsVcPPILacVa1	CCSBORF4870	1	CCSBORF100011278	LW	1	1403T>C	2	NC_000012.12:52488348:A:G	CCSBVarC003676	ENSP00000369317.3:p.Leu468Pro	KRT6A	ENSG00000205420	KRT16
HsVcPPILacVa1	CCSBORF4870	1	CCSBORF100011278	LW	1	1414G>A	1	NC_000012.12:52488337:C:T	CCSBVarC003678	ENSP00000369317.3:p.Glu472Lys	KRT6A	ENSG00000205420	KRT16
HsVcPPILacVa1	CCSBORF4870	1	CCSBORF100011278	LW	1	1441G>A	0	NC_000012.12:52488086:C:T	CCSBVarC015618	ENSP00000369317.3:p.Val481Ile	KRT6A	ENSG00000205420	KRT16
HsVcPPILacVa1	CCSBORF4870	1	CCSBORF100011278	LW	1	1534G>A	0	NC_000012.12:52487880:C:T	CCSBVarC015629	ENSP00000369317.3:p.Gly512Arg	KRT6A	ENSG00000205420	KRT16
HsVcPPILacVa1	CCSBORF4870	1	CCSBORF100011278	LW	1	1606G>A	0	NC_000012.12:52487808:C:T	CCSBVarC015635	ENSP00000369317.3:p.Gly536Arg	KRT6A	ENSG00000205420	KRT16
HsVcPPILacVa1	CCSBORF4870	1	CCSBORF100011278	LW	1	1655C>G	0	NC_000012.12:52487759:G:C	CCSBVarC002916	ENSP00000369317.3:p.Thr552Ser	KRT6A	ENSG00000205420	KRT16
HsVcPPILacVa1	CCSBORF4870	1	CCSBORF100011278	LW	1	215T>C	0	NC_000012.12:52492973:A:G	CCSBVarC015643	ENSP00000369317.3:p.Ile72Thr	KRT6A	ENSG00000205420	KRT16
HsVcPPILacVa1	CCSBORF4870	1	CCSBORF100011278	LW	1	359G>T	0	NC_000012.12:52492829:C:A	CCSBVarC015649	ENSP00000369317.3:p.Gly120Val	KRT6A	ENSG00000205420	KRT16
HsVcPPILacVa1	CCSBORF4870	1	CCSBORF100011278	LW	1	365T>C	0	NC_000012.12:52492823:A:G	CCSBVarC015653	ENSP00000369317.3:p.Phe122Ser	KRT6A	ENSG00000205420	KRT16
HsVcPPILacVa1	CCSBORF4870	1	CCSBORF100011278	LW	1	460C>G	0	NC_000012.12:52492728:G:C	CCSBVarC015670	ENSP00000369317.3:p.Pro154Ala	KRT6A	ENSG00000205420	KRT16
HsVcPPILacVa1	CCSBORF4870	1	CCSBORF100011278	LW	1	487G>A	0	NC_000012.12:52492701:C:T	CCSBVarC003662	ENSP00000369317.3:p.Glu163Lys	KRT6A	ENSG00000205420	KRT16
HsVcPPILacVa1	CCSBORF4870	1	CCSBORF100011278	LW	1	497A>C	0	NC_000012.12:52492691:T:G	CCSBVarC003664	ENSP00000369317.3:p.Gln166Pro	KRT6A	ENSG00000205420	KRT16
HsVcPPILacVa1	CCSBORF4870	1	CCSBORF100011278	LW	1	508C>T	0	NC_000012.12:52492680:G:A	CCSBVarC003666	ENSP00000369317.3:p.Leu170Phe	KRT6A	ENSG00000205420	KRT16
HsVcPPILacVa1	CCSBORF4870	1	CCSBORF100011278	LW	1	511A>G	1	NC_000012.12:52492677:T:C	CCSBVarC003668	ENSP00000369317.3:p.Asn171Asp	KRT6A	ENSG00000205420	KRT16
HsVcPPILacVa1	CCSBORF4870	1	CCSBORF100011278	LW	1	512A>C	0	NC_000012.12:52492676:T:G	CCSBVarC003670	ENSP00000369317.3:p.Asn171Thr	KRT6A	ENSG00000205420	KRT16
HsVcPPILacVa1	CCSBORF4870	1	CCSBORF100011278	LW	1	513C>A	0	NC_000012.12:52492675:G:T	CCSBVarC000718	ENSP00000369317.3:p.Asn171Lys	KRT6A	ENSG00000205420	KRT16
HsVcPPILacVa1	CCSBORF4870	1	CCSBORF100011278	LW	1	533T>A	4	NC_000012.12:52492655:A:T	CCSBVarC003672	ENSP00000369317.3:p.Ile178Asn	KRT6A	ENSG00000205420	KRT16
HsVcPPILacVa1	CCSBORF4870	1	CCSBORF100011278	LW	1	62A>G	0	NC_000012.12:52493126:T:C	CCSBVarC002913	ENSP00000369317.3:p.Asn21Ser	KRT6A	ENSG00000205420	KRT16
HsVcPPILacVa1	CCSBORF4870	1	CCSBORF100011278	LW	1	661C>A	0	NC_000012.12:52491615:G:T	CCSBVarC015676	ENSP00000369317.3:p.Leu221Ile	KRT6A	ENSG00000205420	KRT16
HsVcPPILacVa1	CCSBORF4870	1	CCSBORF100011278	LW	1	718A>G	0	NC_000012.12:52491558:T:C	CCSBVarC015683	ENSP00000369317.3:p.Arg240Gly	KRT6A	ENSG00000205420	KRT16
HsVcPPILacVa1	CCSBORF4870	1	CCSBORF100011278	LW	1	827C>T	0	NC_000012.12:52490942:G:A	CCSBVarC015687	ENSP00000369317.3:p.Ala276Val	KRT6A	ENSG00000205420	KRT16
HsVcPPILacVa1	CCSBORF4870	1	CCSBORF100011278	LW	1	98T>C	0	NC_000012.12:52493090:A:G	CCSBVarC015691	ENSP00000369317.3:p.Phe33Ser	KRT6A	ENSG00000205420	KRT16
HsVcPPILacVa1	CCSBORF4870	1	CCSBORF0	LW	1	REF	138	NULL	NULL	NULL	KRT6A	ENSG00000205420	empty_AD
HsVcPPILacVa1	CCSBORF4870	1	CCSBORF0	LW	1	1003G>A	2	NC_000012.12:52490642:C:T	CCSBVarC009565	ENSP00000369317.3:p.Ala335Thr	KRT6A	ENSG00000205420	empty_AD
HsVcPPILacVa1	CCSBORF4870	1	CCSBORF0	LW	1	1157G>T	0	NC_000012.12:52489988:C:A	CCSBVarC015599	ENSP00000369317.3:p.Arg386Leu	KRT6A	ENSG00000205420	empty_AD
HsVcPPILacVa1	CCSBORF4870	1	CCSBORF0	LW	1	1211A>G	0	NC_000012.12:52488540:T:C	CCSBVarC015607	ENSP00000369317.3:p.Asn404Ser	KRT6A	ENSG00000205420	empty_AD
HsVcPPILacVa1	CCSBORF4870	1	CCSBORF0	LW	1	1327C>T	4	NC_000012.12:52488424:G:A	CCSBVarC009573	ENSP00000369317.3:p.Arg443Trp	KRT6A	ENSG00000205420	empty_AD
HsVcPPILacVa1	CCSBORF4870	1	CCSBORF0	LW	1	1340A>G	0	NC_000012.12:52488411:T:C	CCSBVarC015613	ENSP00000369317.3:p.Glu447Gly	KRT6A	ENSG00000205420	empty_AD
HsVcPPILacVa1	CCSBORF4870	1	CCSBORF0	LW	1	1385T>A	0	NC_000012.12:52488366:A:T	CCSBVarC003674	ENSP00000369317.3:p.Ile462Asn	KRT6A	ENSG00000205420	empty_AD
HsVcPPILacVa1	CCSBORF4870	1	CCSBORF0	LW	1	1385T>G	0	NC_000012.12:52488366:A:C	CCSBVarC000720	ENSP00000369317.3:p.Ile462Ser	KRT6A	ENSG00000205420	empty_AD
HsVcPPILacVa1	CCSBORF4870	1	CCSBORF0	LW	1	1403T>C	1053	NC_000012.12:52488348:A:G	CCSBVarC003676	ENSP00000369317.3:p.Leu468Pro	KRT6A	ENSG00000205420	empty_AD
HsVcPPILacVa1	CCSBORF4870	1	CCSBORF0	LW	1	1414G>A	581	NC_000012.12:52488337:C:T	CCSBVarC003678	ENSP00000369317.3:p.Glu472Lys	KRT6A	ENSG00000205420	empty_AD
HsVcPPILacVa1	CCSBORF4870	1	CCSBORF0	LW	1	1441G>A	1	NC_000012.12:52488086:C:T	CCSBVarC015618	ENSP00000369317.3:p.Val481Ile	KRT6A	ENSG00000205420	empty_AD
HsVcPPILacVa1	CCSBORF4870	1	CCSBORF0	LW	1	1534G>A	2	NC_000012.12:52487880:C:T	CCSBVarC015629	ENSP00000369317.3:p.Gly512Arg	KRT6A	ENSG00000205420	empty_AD
HsVcPPILacVa1	CCSBORF4870	1	CCSBORF0	LW	1	1606G>A	0	NC_000012.12:52487808:C:T	CCSBVarC015635	ENSP00000369317.3:p.Gly536Arg	KRT6A	ENSG00000205420	empty_AD
HsVcPPILacVa1	CCSBORF4870	1	CCSBORF0	LW	1	1655C>G	0	NC_000012.12:52487759:G:C	CCSBVarC002916	ENSP00000369317.3:p.Thr552Ser	KRT6A	ENSG00000205420	empty_AD
HsVcPPILacVa1	CCSBORF4870	1	CCSBORF0	LW	1	215T>C	0	NC_000012.12:52492973:A:G	CCSBVarC015643	ENSP00000369317.3:p.Ile72Thr	KRT6A	ENSG00000205420	empty_AD
HsVcPPILacVa1	CCSBORF4870	1	CCSBORF0	LW	1	359G>T	0	NC_000012.12:52492829:C:A	CCSBVarC015649	ENSP00000369317.3:p.Gly120Val	KRT6A	ENSG00000205420	empty_AD
HsVcPPILacVa1	CCSBORF4870	1	CCSBORF0	LW	1	365T>C	1	NC_000012.12:52492823:A:G	CCSBVarC015653	ENSP00000369317.3:p.Phe122Ser	KRT6A	ENSG00000205420	empty_AD
HsVcPPILacVa1	CCSBORF4870	1	CCSBORF0	LW	1	460C>G	3	NC_000012.12:52492728:G:C	CCSBVarC015670	ENSP00000369317.3:p.Pro154Ala	KRT6A	ENSG00000205420	empty_AD
HsVcPPILacVa1	CCSBORF4870	1	CCSBORF0	LW	1	487G>A	37	NC_000012.12:52492701:C:T	CCSBVarC003662	ENSP00000369317.3:p.Glu163Lys	KRT6A	ENSG00000205420	empty_AD
HsVcPPILacVa1	CCSBORF4870	1	CCSBORF0	LW	1	497A>C	177	NC_000012.12:52492691:T:G	CCSBVarC003664	ENSP00000369317.3:p.Gln166Pro	KRT6A	ENSG00000205420	empty_AD
HsVcPPILacVa1	CCSBORF4870	1	CCSBORF0	LW	1	508C>T	780	NC_000012.12:52492680:G:A	CCSBVarC003666	ENSP00000369317.3:p.Leu170Phe	KRT6A	ENSG00000205420	empty_AD
HsVcPPILacVa1	CCSBORF4870	1	CCSBORF0	LW	1	511A>G	401	NC_000012.12:52492677:T:C	CCSBVarC003668	ENSP00000369317.3:p.Asn171Asp	KRT6A	ENSG00000205420	empty_AD
HsVcPPILacVa1	CCSBORF4870	1	CCSBORF0	LW	1	512A>C	3	NC_000012.12:52492676:T:G	CCSBVarC003670	ENSP00000369317.3:p.Asn171Thr	KRT6A	ENSG00000205420	empty_AD
HsVcPPILacVa1	CCSBORF4870	1	CCSBORF0	LW	1	513C>A	163	NC_000012.12:52492675:G:T	CCSBVarC000718	ENSP00000369317.3:p.Asn171Lys	KRT6A	ENSG00000205420	empty_AD
HsVcPPILacVa1	CCSBORF4870	1	CCSBORF0	LW	1	533T>A	1588	NC_000012.12:52492655:A:T	CCSBVarC003672	ENSP00000369317.3:p.Ile178Asn	KRT6A	ENSG00000205420	empty_AD
HsVcPPILacVa1	CCSBORF4870	1	CCSBORF0	LW	1	62A>G	2	NC_000012.12:52493126:T:C	CCSBVarC002913	ENSP00000369317.3:p.Asn21Ser	KRT6A	ENSG00000205420	empty_AD
HsVcPPILacVa1	CCSBORF4870	1	CCSBORF0	LW	1	661C>A	0	NC_000012.12:52491615:G:T	CCSBVarC015676	ENSP00000369317.3:p.Leu221Ile	KRT6A	ENSG00000205420	empty_AD
HsVcPPILacVa1	CCSBORF4870	1	CCSBORF0	LW	1	718A>G	1	NC_000012.12:52491558:T:C	CCSBVarC015683	ENSP00000369317.3:p.Arg240Gly	KRT6A	ENSG00000205420	empty_AD
HsVcPPILacVa1	CCSBORF4870	1	CCSBORF0	LW	1	827C>T	1	NC_000012.12:52490942:G:A	CCSBVarC015687	ENSP00000369317.3:p.Ala276Val	KRT6A	ENSG00000205420	empty_AD
HsVcPPILacVa1	CCSBORF4870	1	CCSBORF0	LW	1	98T>C	4	NC_000012.12:52493090:A:G	CCSBVarC015691	ENSP00000369317.3:p.Phe33Ser	KRT6A	ENSG00000205420	empty_AD
HsVcPPILacVa1	CCSBORF1231	1	CCSBORF54642	LW	1	REF	1578	NULL	NULL	NULL	AQP1	ENSG00000240583	AMOT
HsVcPPILacVa1	CCSBORF1231	1	CCSBORF54642	LW	1	113C>T	838	NC_000007.14:30912021:C:T	CCSBVarC000137	ENSP00000311165.4:p.Pro38Leu	AQP1	ENSG00000240583	AMOT
HsVcPPILacVa1	CCSBORF1231	1	CCSBORF54642	LW	1	140A>G	6014	NC_000007.14:30912048:A:G	CCSBVarC000138	ENSP00000311165.4:p.Gln47Arg	AQP1	ENSG00000240583	AMOT
HsVcPPILacVa1	CCSBORF1231	1	CCSBORF54642	LW	1	319G>A	15	NC_000007.14:30912227:G:A	CCSBVarC015066	ENSP00000311165.4:p.Val107Ile	AQP1	ENSG00000240583	AMOT
HsVcPPILacVa1	CCSBORF1231	1	CCSBORF54642	LW	1	320T>G	2178	NC_000007.14:30912228:T:G	CCSBVarC015069	ENSP00000311165.4:p.Val107Gly	AQP1	ENSG00000240583	AMOT
HsVcPPILacVa1	CCSBORF1231	1	CCSBORF54642	LW	1	494G>A	569	NC_000007.14:30922174:G:A	CCSBVarC015072	ENSP00000311165.4:p.Gly165Asp	AQP1	ENSG00000240583	AMOT
HsVcPPILacVa1	CCSBORF1231	1	CCSBORF54642	LW	1	576C>A	1895	NC_000007.14:30922589:C:A	CCSBVarC000139	ENSP00000311165.4:p.Asn192Lys	AQP1	ENSG00000240583	AMOT
HsVcPPILacVa1	CCSBORF1231	1	CCSBORF13662	LW	1	REF	1313	NULL	NULL	NULL	AQP1	ENSG00000240583	CYSRT1
HsVcPPILacVa1	CCSBORF1231	1	CCSBORF13662	LW	1	113C>T	770	NC_000007.14:30912021:C:T	CCSBVarC000137	ENSP00000311165.4:p.Pro38Leu	AQP1	ENSG00000240583	CYSRT1
HsVcPPILacVa1	CCSBORF1231	1	CCSBORF13662	LW	1	140A>G	6432	NC_000007.14:30912048:A:G	CCSBVarC000138	ENSP00000311165.4:p.Gln47Arg	AQP1	ENSG00000240583	CYSRT1
HsVcPPILacVa1	CCSBORF1231	1	CCSBORF13662	LW	1	319G>A	13	NC_000007.14:30912227:G:A	CCSBVarC015066	ENSP00000311165.4:p.Val107Ile	AQP1	ENSG00000240583	CYSRT1
HsVcPPILacVa1	CCSBORF1231	1	CCSBORF13662	LW	1	320T>G	2080	NC_000007.14:30912228:T:G	CCSBVarC015069	ENSP00000311165.4:p.Val107Gly	AQP1	ENSG00000240583	CYSRT1
HsVcPPILacVa1	CCSBORF1231	1	CCSBORF13662	LW	1	494G>A	516	NC_000007.14:30922174:G:A	CCSBVarC015072	ENSP00000311165.4:p.Gly165Asp	AQP1	ENSG00000240583	CYSRT1
HsVcPPILacVa1	CCSBORF1231	1	CCSBORF13662	LW	1	576C>A	2160	NC_000007.14:30922589:C:A	CCSBVarC000139	ENSP00000311165.4:p.Asn192Lys	AQP1	ENSG00000240583	CYSRT1
HsVcPPILacVa1	CCSBORF1231	1	CCSBORF7881	LW	1	REF	824	NULL	NULL	NULL	AQP1	ENSG00000240583	TRIM41
HsVcPPILacVa1	CCSBORF1231	1	CCSBORF7881	LW	1	113C>T	812	NC_000007.14:30912021:C:T	CCSBVarC000137	ENSP00000311165.4:p.Pro38Leu	AQP1	ENSG00000240583	TRIM41
HsVcPPILacVa1	CCSBORF1231	1	CCSBORF7881	LW	1	140A>G	5782	NC_000007.14:30912048:A:G	CCSBVarC000138	ENSP00000311165.4:p.Gln47Arg	AQP1	ENSG00000240583	TRIM41
HsVcPPILacVa1	CCSBORF1231	1	CCSBORF7881	LW	1	319G>A	11	NC_000007.14:30912227:G:A	CCSBVarC015066	ENSP00000311165.4:p.Val107Ile	AQP1	ENSG00000240583	TRIM41
HsVcPPILacVa1	CCSBORF1231	1	CCSBORF7881	LW	1	320T>G	1829	NC_000007.14:30912228:T:G	CCSBVarC015069	ENSP00000311165.4:p.Val107Gly	AQP1	ENSG00000240583	TRIM41
HsVcPPILacVa1	CCSBORF1231	1	CCSBORF7881	LW	1	494G>A	484	NC_000007.14:30922174:G:A	CCSBVarC015072	ENSP00000311165.4:p.Gly165Asp	AQP1	ENSG00000240583	TRIM41
HsVcPPILacVa1	CCSBORF1231	1	CCSBORF7881	LW	1	576C>A	1485	NC_000007.14:30922589:C:A	CCSBVarC000139	ENSP00000311165.4:p.Asn192Lys	AQP1	ENSG00000240583	TRIM41
HsVcPPILacVa1	CCSBORF1231	1	CCSBORF10016	LW	1	REF	1372	NULL	NULL	NULL	AQP1	ENSG00000240583	IKZF3
HsVcPPILacVa1	CCSBORF1231	1	CCSBORF10016	LW	1	113C>T	1543	NC_000007.14:30912021:C:T	CCSBVarC000137	ENSP00000311165.4:p.Pro38Leu	AQP1	ENSG00000240583	IKZF3
HsVcPPILacVa1	CCSBORF1231	1	CCSBORF10016	LW	1	140A>G	8006	NC_000007.14:30912048:A:G	CCSBVarC000138	ENSP00000311165.4:p.Gln47Arg	AQP1	ENSG00000240583	IKZF3
HsVcPPILacVa1	CCSBORF1231	1	CCSBORF10016	LW	1	319G>A	14	NC_000007.14:30912227:G:A	CCSBVarC015066	ENSP00000311165.4:p.Val107Ile	AQP1	ENSG00000240583	IKZF3
HsVcPPILacVa1	CCSBORF1231	1	CCSBORF10016	LW	1	320T>G	2170	NC_000007.14:30912228:T:G	CCSBVarC015069	ENSP00000311165.4:p.Val107Gly	AQP1	ENSG00000240583	IKZF3
HsVcPPILacVa1	CCSBORF1231	1	CCSBORF10016	LW	1	494G>A	574	NC_000007.14:30922174:G:A	CCSBVarC015072	ENSP00000311165.4:p.Gly165Asp	AQP1	ENSG00000240583	IKZF3
HsVcPPILacVa1	CCSBORF1231	1	CCSBORF10016	LW	1	576C>A	2283	NC_000007.14:30922589:C:A	CCSBVarC000139	ENSP00000311165.4:p.Asn192Lys	AQP1	ENSG00000240583	IKZF3
HsVcPPILacVa1	CCSBORF70357	2	CCSBORF10460	LW	1	REF	603	NULL	NULL	NULL	TSFM	ENSG00000123297	GOLGA6L9
HsVcPPILacVa1	CCSBORF70357	2	CCSBORF10460	LW	1	116G>T	1487	NC_000012.12:57783167:G:T	CCSBVarC017014	ENSP00000499171.2:p.Arg39Leu	TSFM	ENSG00000123297	GOLGA6L9
HsVcPPILacVa1	CCSBORF70357	2	CCSBORF10460	LW	1	218G>C	0	NC_000012.12:57783269:G:C	CCSBVarC017018	ENSP00000499171.2:p.Gly73Ala	TSFM	ENSG00000123297	GOLGA6L9
HsVcPPILacVa1	CCSBORF70357	2	CCSBORF10460	LW	1	233C>T	1	NC_000012.12:57786163:C:T	CCSBVarC017023	ENSP00000499171.2:p.Ala78Val	TSFM	ENSG00000123297	GOLGA6L9
HsVcPPILacVa1	CCSBORF70357	2	CCSBORF10460	LW	1	271T>G	587	NC_000012.12:57786201:T:G	CCSBVarC017027	ENSP00000499171.2:p.Trp91Gly	TSFM	ENSG00000123297	GOLGA6L9
HsVcPPILacVa1	CCSBORF70357	2	CCSBORF10460	LW	1	388A>G	900	NC_000012.12:57787066:A:G	CCSBVarC017031	ENSP00000499171.2:p.Arg130Gly	TSFM	ENSG00000123297	GOLGA6L9
HsVcPPILacVa1	CCSBORF70357	2	CCSBORF10460	LW	1	521C>T	0	NC_000012.12:57793022:C:T	CCSBVarC017039	ENSP00000499171.2:p.Ala174Val	TSFM	ENSG00000123297	GOLGA6L9
HsVcPPILacVa1	CCSBORF70357	2	CCSBORF10460	LW	1	59C>T	583	NC_000012.12:57783110:C:T	CCSBVarC017054	ENSP00000499171.2:p.Ala20Val	TSFM	ENSG00000123297	GOLGA6L9
HsVcPPILacVa1	CCSBORF70357	2	CCSBORF10460	LW	1	5C>T	1551	NC_000012.12:57782805:C:T	CCSBVarC017035	ENSP00000499171.2:p.Ser2Leu	TSFM	ENSG00000123297	GOLGA6L9
HsVcPPILacVa1	CCSBORF70357	2	CCSBORF10460	LW	1	62G>C	13	NC_000012.12:57783113:G:C	CCSBVarC017057	ENSP00000499171.2:p.Gly21Ala	TSFM	ENSG00000123297	GOLGA6L9
HsVcPPILacVa1	CCSBORF70357	2	CCSBORF10460	LW	1	658G>A	2	NC_000012.12:57796262:G:A	CCSBVarC017059	ENSP00000499171.2:p.Ala220Thr	TSFM	ENSG00000123297	GOLGA6L9
HsVcPPILacVa1	CCSBORF70357	2	CCSBORF10460	LW	1	719G>C	4	NC_000012.12:57796323:G:C	CCSBVarC017062	ENSP00000499171.2:p.Cys240Ser	TSFM	ENSG00000123297	GOLGA6L9
HsVcPPILacVa1	CCSBORF70357	2	CCSBORF10460	LW	1	73C>A	1194	NC_000012.12:57783124:C:A	CCSBVarC017064	ENSP00000499171.2:p.Arg25Ser	TSFM	ENSG00000123297	GOLGA6L9
HsVcPPILacVa1	CCSBORF70357	2	CCSBORF10460	LW	1	760C>T	522	NC_000012.12:57796364:C:T	CCSBVarC017066	ENSP00000499171.2:p.Arg254Cys	TSFM	ENSG00000123297	GOLGA6L9
HsVcPPILacVa1	CCSBORF70357	2	CCSBORF10460	LW	1	774G>C	311	NC_000012.12:57796378:G:C	CCSBVarC017068	ENSP00000499171.2:p.Gln258His	TSFM	ENSG00000123297	GOLGA6L9
HsVcPPILacVa1	CCSBORF70357	2	CCSBORF10460	LW	1	796C>A	1197	NC_000012.12:57796400:C:A	CCSBVarC017071	ENSP00000499171.2:p.Leu266Ile	TSFM	ENSG00000123297	GOLGA6L9
HsVcPPILacVa1	CCSBORF70357	2	CCSBORF10460	LW	1	797T>A	3	NC_000012.12:57796401:T:A	CCSBVarC017076	ENSP00000499171.2:p.Leu266His	TSFM	ENSG00000123297	GOLGA6L9
HsVcPPILacVa1	CCSBORF70357	2	CCSBORF10460	LW	1	826G>C	1786	NC_000012.12:57796430:G:C	CCSBVarC017080	ENSP00000499171.2:p.Gly276Arg	TSFM	ENSG00000123297	GOLGA6L9
HsVcPPILacVa1	CCSBORF70357	2	CCSBORF10460	LW	1	934C>T	411	NC_000012.12:57796538:C:T	CCSBVarC002653	ENSP00000499171.2:p.Arg312Trp	TSFM	ENSG00000123297	GOLGA6L9
HsVcPPILacVa1	CCSBORF70357	2	CCSBORF10460	LW	1	97A>G	24	NC_000012.12:57783148:A:G	CCSBVarC017088	ENSP00000499171.2:p.Thr33Ala	TSFM	ENSG00000123297	GOLGA6L9
HsVcPPILacVa1	CCSBORF11374	1	CCSBORF71346	LW	1	REF	250	NULL	NULL	NULL	RP2	ENSG00000102218	PM20D2
HsVcPPILacVa1	CCSBORF11374	1	CCSBORF71346	LW	1	1001C>A	161	NC_000023.11:46879716:C:A	CCSBVarC011422	ENSP00000218340.3:p.Ser334Tyr	RP2	ENSG00000102218	PM20D2
HsVcPPILacVa1	CCSBORF11374	1	CCSBORF71346	LW	1	121A>G	517	NC_000023.11:46853493:A:G	CCSBVarC014905	ENSP00000218340.3:p.Met41Val	RP2	ENSG00000102218	PM20D2
HsVcPPILacVa1	CCSBORF11374	1	CCSBORF71346	LW	1	19A>C	0	NC_000023.11:46837118:A:C	CCSBVarC014916	ENSP00000218340.3:p.Lys7Gln	RP2	ENSG00000102218	PM20D2
HsVcPPILacVa1	CCSBORF11374	1	CCSBORF71346	LW	1	238A>G	176	NC_000023.11:46853610:A:G	CCSBVarC011435	ENSP00000218340.3:p.Thr80Ala	RP2	ENSG00000102218	PM20D2
HsVcPPILacVa1	CCSBORF11374	1	CCSBORF71346	LW	1	257G>A	0	NC_000023.11:46853629:G:A	CCSBVarC001706	ENSP00000218340.3:p.Cys86Tyr	RP2	ENSG00000102218	PM20D2
HsVcPPILacVa1	CCSBORF11374	1	CCSBORF71346	LW	1	28A>G	103	NC_000023.11:46837127:A:G	CCSBVarC014949	ENSP00000218340.3:p.Lys10Glu	RP2	ENSG00000102218	PM20D2
HsVcPPILacVa1	CCSBORF11374	1	CCSBORF71346	LW	1	298G>A	105	NC_000023.11:46853670:G:A	CCSBVarC011440	ENSP00000218340.3:p.Val100Met	RP2	ENSG00000102218	PM20D2
HsVcPPILacVa1	CCSBORF11374	1	CCSBORF71346	LW	1	328T>C	387	NC_000023.11:46853700:T:C	CCSBVarC014961	ENSP00000218340.3:p.Cys110Arg	RP2	ENSG00000102218	PM20D2
HsVcPPILacVa1	CCSBORF11374	1	CCSBORF71346	LW	1	338C>A	84	NC_000023.11:46853710:C:A	CCSBVarC011446	ENSP00000218340.3:p.Ala113Asp	RP2	ENSG00000102218	PM20D2
HsVcPPILacVa1	CCSBORF11374	1	CCSBORF71346	LW	1	352C>G	59	NC_000023.11:46853724:C:G	CCSBVarC011475	ENSP00000218340.3:p.Arg118Gly	RP2	ENSG00000102218	PM20D2
HsVcPPILacVa1	CCSBORF11374	1	CCSBORF71346	LW	1	481G>T	281	NC_000023.11:46853853:G:T	CCSBVarC014975	ENSP00000218340.3:p.Asp161Tyr	RP2	ENSG00000102218	PM20D2
HsVcPPILacVa1	CCSBORF11374	1	CCSBORF71346	LW	1	524A>C	645	NC_000023.11:46853896:A:C	CCSBVarC011467	ENSP00000218340.3:p.His175Pro	RP2	ENSG00000102218	PM20D2
HsVcPPILacVa1	CCSBORF11374	1	CCSBORF71346	LW	1	593A>G	62	NC_000023.11:46853965:A:G	CCSBVarC014984	ENSP00000218340.3:p.Tyr198Cys	RP2	ENSG00000102218	PM20D2
HsVcPPILacVa1	CCSBORF11374	1	CCSBORF71346	LW	1	654A>C	439	NC_000023.11:46854026:A:C	CCSBVarC014992	ENSP00000218340.3:p.Arg218Ser	RP2	ENSG00000102218	PM20D2
HsVcPPILacVa1	CCSBORF11374	1	CCSBORF71346	LW	1	751A>G	407	NC_000023.11:46854123:A:G	CCSBVarC011428	ENSP00000218340.3:p.Arg251Gly	RP2	ENSG00000102218	PM20D2
HsVcPPILacVa1	CCSBORF11374	1	CCSBORF71346	LW	1	765T>A	249	NC_000023.11:46854137:T:A	CCSBVarC015002	ENSP00000218340.3:p.Asp255Glu	RP2	ENSG00000102218	PM20D2
HsVcPPILacVa1	CCSBORF11374	1	CCSBORF71346	LW	1	781G>T	606	NC_000023.11:46859999:G:T	CCSBVarC015011	ENSP00000218340.3:p.Gly261Cys	RP2	ENSG00000102218	PM20D2
HsVcPPILacVa1	CCSBORF11374	1	CCSBORF71346	LW	1	844C>T	4	NC_000023.11:46860062:C:T	CCSBVarC001709	ENSP00000218340.3:p.Arg282Trp	RP2	ENSG00000102218	PM20D2
HsVcPPILacVa1	CCSBORF11374	1	CCSBORF71346	LW	1	845G>A	637	NC_000023.11:46860063:G:A	CCSBVarC015020	ENSP00000218340.3:p.Arg282Gln	RP2	ENSG00000102218	PM20D2
HsVcPPILacVa1	CCSBORF11374	1	CCSBORF71346	LW	1	941T>C	182	NC_000023.11:46877561:T:C	CCSBVarC015032	ENSP00000218340.3:p.Ile314Thr	RP2	ENSG00000102218	PM20D2
HsVcPPILacVa1	CCSBORF7637	2	CCSBORF0	LW	1	REF	762	NULL	NULL	NULL	CFP	ENSG00000126759	empty_AD
HsVcPPILacVa1	CCSBORF7637	2	CCSBORF0	LW	1	1036C>T	1	NC_000023.11:47626423:G:A	CCSBVarC001213	ENSP00000380189.3:p.Arg346Cys	CFP	ENSG00000126759	empty_AD
HsVcPPILacVa1	CCSBORF7637	2	CCSBORF0	LW	1	104A>G	13	NC_000023.11:47629646:T:C	CCSBVarC017053	ENSP00000380189.3:p.Gln35Arg	CFP	ENSG00000126759	empty_AD
HsVcPPILacVa1	CCSBORF7637	2	CCSBORF0	LW	1	1174A>C	13	NC_000023.11:47626127:T:G	CCSBVarC017070	ENSP00000380189.3:p.Met392Leu	CFP	ENSG00000126759	empty_AD
HsVcPPILacVa1	CCSBORF7637	2	CCSBORF0	LW	1	1198A>G	425	NC_000023.11:47626103:T:C	CCSBVarC017073	ENSP00000380189.3:p.Thr400Ala	CFP	ENSG00000126759	empty_AD
HsVcPPILacVa1	CCSBORF7637	2	CCSBORF0	LW	1	1223C>T	3	NC_000023.11:47626078:G:A	CCSBVarC017077	ENSP00000380189.3:p.Thr408Ile	CFP	ENSG00000126759	empty_AD
HsVcPPILacVa1	CCSBORF7637	2	CCSBORF0	LW	1	1291T>G	12	NC_000023.11:47624393:A:C	CCSBVarC017081	ENSP00000380189.3:p.Phe431Val	CFP	ENSG00000126759	empty_AD
HsVcPPILacVa1	CCSBORF7637	2	CCSBORF0	LW	1	1309C>A	1315	NC_000023.11:47624375:G:T	CCSBVarC017085	ENSP00000380189.3:p.Pro437Thr	CFP	ENSG00000126759	empty_AD
HsVcPPILacVa1	CCSBORF7637	2	CCSBORF0	LW	1	157G>A	1216	NC_000023.11:47629593:C:T	CCSBVarC010166	ENSP00000380189.3:p.Val53Met	CFP	ENSG00000126759	empty_AD
HsVcPPILacVa1	CCSBORF7637	2	CCSBORF0	LW	1	209G>A	3	NC_000023.11:47629541:C:T	CCSBVarC017089	ENSP00000380189.3:p.Gly70Glu	CFP	ENSG00000126759	empty_AD
HsVcPPILacVa1	CCSBORF7637	2	CCSBORF0	LW	1	28C>G	11	NC_000023.11:47629816:G:C	CCSBVarC017093	ENSP00000380189.3:p.Arg10Gly	CFP	ENSG00000126759	empty_AD
HsVcPPILacVa1	CCSBORF7637	2	CCSBORF0	LW	1	298C>T	796	NC_000023.11:47628206:G:A	CCSBVarC001211	ENSP00000380189.3:p.Arg100Trp	CFP	ENSG00000126759	empty_AD
HsVcPPILacVa1	CCSBORF7637	2	CCSBORF0	LW	1	313G>A	1	NC_000023.11:47628191:C:T	CCSBVarC017097	ENSP00000380189.3:p.Val105Met	CFP	ENSG00000126759	empty_AD
HsVcPPILacVa1	CCSBORF7637	2	CCSBORF0	LW	1	391C>G	1	NC_000023.11:47628113:G:C	CCSBVarC017101	ENSP00000380189.3:p.Gln131Glu	CFP	ENSG00000126759	empty_AD
HsVcPPILacVa1	CCSBORF7637	2	CCSBORF0	LW	1	44C>T	104	NC_000023.11:47629800:G:A	CCSBVarC017105	ENSP00000380189.3:p.Pro15Leu	CFP	ENSG00000126759	empty_AD
HsVcPPILacVa1	CCSBORF7637	2	CCSBORF0	LW	1	470G>A	25	NC_000023.11:47627574:C:T	CCSBVarC017120	ENSP00000380189.3:p.Arg157Gln	CFP	ENSG00000126759	empty_AD
HsVcPPILacVa1	CCSBORF7637	2	CCSBORF0	LW	1	580G>A	1	NC_000023.11:47627326:C:T	CCSBVarC017124	ENSP00000380189.3:p.Gly194Arg	CFP	ENSG00000126759	empty_AD
HsVcPPILacVa1	CCSBORF7637	2	CCSBORF0	LW	1	611C>T	1286	NC_000023.11:47627295:G:A	CCSBVarC010163	ENSP00000380189.3:p.Pro204Leu	CFP	ENSG00000126759	empty_AD
HsVcPPILacVa1	CCSBORF7637	2	CCSBORF0	LW	1	665G>A	375	NC_000023.11:47627241:C:T	CCSBVarC017128	ENSP00000380189.3:p.Arg222His	CFP	ENSG00000126759	empty_AD
HsVcPPILacVa1	CCSBORF7637	2	CCSBORF0	LW	1	716C>T	24	NC_000023.11:47627190:G:A	CCSBVarC017132	ENSP00000380189.3:p.Pro239Leu	CFP	ENSG00000126759	empty_AD
HsVcPPILacVa1	CCSBORF7637	2	CCSBORF0	LW	1	748G>A	1217	NC_000023.11:47627158:C:T	CCSBVarC008473	ENSP00000380189.3:p.Gly250Ser	CFP	ENSG00000126759	empty_AD
HsVcPPILacVa1	CCSBORF7637	2	CCSBORF0	LW	1	769G>A	102	NC_000023.11:47626943:C:T	CCSBVarC017135	ENSP00000380189.3:p.Ala257Thr	CFP	ENSG00000126759	empty_AD
HsVcPPILacVa1	CCSBORF7637	2	CCSBORF0	LW	1	88G>A	761	NC_000023.11:47629662:C:T	CCSBVarC017139	ENSP00000380189.3:p.Val30Met	CFP	ENSG00000126759	empty_AD
HsVcPPILacVa1	CCSBORF7637	2	CCSBORF0	LW	1	893G>T	14	NC_000023.11:47626819:C:A	CCSBVarC010172	ENSP00000380189.3:p.Gly298Val	CFP	ENSG00000126759	empty_AD
HsVcPPILacVa1	CCSBORF3697	2	CCSBORF2910	LW	1	REF	0	NULL	NULL	NULL	NF2	ENSG00000186575	AMOTL2
HsVcPPILacVa1	CCSBORF3697	2	CCSBORF2910	LW	1	1031A>C	0	NC_000022.11:29673425:A:C	CCSBVarC016528	ENSP00000340626.4:p.Glu344Ala	NF2	ENSG00000186575	AMOTL2
HsVcPPILacVa1	CCSBORF3697	2	CCSBORF2910	LW	1	1138G>A	0	NC_000022.11:29674881:G:A	CCSBVarC016536	ENSP00000340626.4:p.Glu380Lys	NF2	ENSG00000186575	AMOTL2
HsVcPPILacVa1	CCSBORF3697	2	CCSBORF2910	LW	1	1229C>T	0	NC_000022.11:29678226:C:T	CCSBVarC016543	ENSP00000340626.4:p.Pro410Leu	NF2	ENSG00000186575	AMOTL2
HsVcPPILacVa1	CCSBORF3697	2	CCSBORF2910	LW	1	1256G>A	0	NC_000022.11:29678253:G:A	CCSBVarC016547	ENSP00000340626.4:p.Gly419Asp	NF2	ENSG00000186575	AMOTL2
HsVcPPILacVa1	CCSBORF3697	2	CCSBORF2910	LW	1	1301T>C	0	NC_000022.11:29678298:T:C	CCSBVarC016554	ENSP00000340626.4:p.Leu434Pro	NF2	ENSG00000186575	AMOTL2
HsVcPPILacVa1	CCSBORF3697	2	CCSBORF2910	LW	1	1355T>C	0	NC_000022.11:29681467:T:C	CCSBVarC000527	ENSP00000340626.4:p.Leu452Pro	NF2	ENSG00000186575	AMOTL2
HsVcPPILacVa1	CCSBORF3697	2	CCSBORF2910	LW	1	1375C>T	0	NC_000022.11:29681487:C:T	CCSBVarC016563	ENSP00000340626.4:p.Leu459Phe	NF2	ENSG00000186575	AMOTL2
HsVcPPILacVa1	CCSBORF3697	2	CCSBORF2910	LW	1	1411A>G	0	NC_000022.11:29681523:A:G	CCSBVarC016581	ENSP00000340626.4:p.Arg471Gly	NF2	ENSG00000186575	AMOTL2
HsVcPPILacVa1	CCSBORF3697	2	CCSBORF2910	LW	1	1465A>G	0	NC_000022.11:29681577:A:G	CCSBVarC016590	ENSP00000340626.4:p.Ser489Gly	NF2	ENSG00000186575	AMOTL2
HsVcPPILacVa1	CCSBORF3697	2	CCSBORF2910	LW	1	191A>C	0	NC_000022.11:29642277:A:C	CCSBVarC016613	ENSP00000340626.4:p.Gln64Pro	NF2	ENSG00000186575	AMOTL2
HsVcPPILacVa1	CCSBORF3697	2	CCSBORF2910	LW	1	275A>G	0	NC_000022.11:29655600:A:G	CCSBVarC016619	ENSP00000340626.4:p.Asn92Ser	NF2	ENSG00000186575	AMOTL2
HsVcPPILacVa1	CCSBORF3697	2	CCSBORF2910	LW	1	333G>C	0	NC_000022.11:29655658:G:C	CCSBVarC016628	ENSP00000340626.4:p.Glu111Asp	NF2	ENSG00000186575	AMOTL2
HsVcPPILacVa1	CCSBORF3697	2	CCSBORF2910	LW	1	406G>A	0	NC_000022.11:29658243:G:A	CCSBVarC016634	ENSP00000340626.4:p.Val136Met	NF2	ENSG00000186575	AMOTL2
HsVcPPILacVa1	CCSBORF3697	2	CCSBORF2910	LW	1	409A>T	0	NC_000022.11:29658246:A:T	CCSBVarC000525	ENSP00000340626.4:p.Asn137Tyr	NF2	ENSG00000186575	AMOTL2
HsVcPPILacVa1	CCSBORF3697	2	CCSBORF2910	LW	1	556A>G	0	NC_000022.11:29661333:A:G	CCSBVarC016639	ENSP00000340626.4:p.Lys186Glu	NF2	ENSG00000186575	AMOTL2
HsVcPPILacVa1	CCSBORF3697	2	CCSBORF2910	LW	1	566C>T	0	NC_000022.11:29664993:C:T	CCSBVarC016643	ENSP00000340626.4:p.Thr189Ile	NF2	ENSG00000186575	AMOTL2
HsVcPPILacVa1	CCSBORF3697	2	CCSBORF2910	LW	1	830T>C	0	NC_000022.11:29671904:T:C	CCSBVarC015525	ENSP00000340626.4:p.Leu277Pro	NF2	ENSG00000186575	AMOTL2
HsVcPPILacVa1	CCSBORF3697	2	CCSBORF2910	LW	1	944T>C	0	NC_000022.11:29673338:T:C	CCSBVarC015533	ENSP00000340626.4:p.Leu315Pro	NF2	ENSG00000186575	AMOTL2
HsVcPPILacVa1	CCSBORF4870	2	CCSBORF56141	LW	1	REF	239	NULL	NULL	NULL	KRT6A	ENSG00000205420	KRT31
HsVcPPILacVa1	CCSBORF4870	2	CCSBORF56141	LW	1	1198A>C	218	NC_000012.12:52489947:T:G	CCSBVarC015603	ENSP00000369317.3:p.Lys400Gln	KRT6A	ENSG00000205420	KRT31
HsVcPPILacVa1	CCSBORF4870	2	CCSBORF56141	LW	1	1282G>A	82	NC_000012.12:52488469:C:T	CCSBVarC015611	ENSP00000369317.3:p.Glu428Lys	KRT6A	ENSG00000205420	KRT31
HsVcPPILacVa1	CCSBORF4870	2	CCSBORF56141	LW	1	1378G>A	446	NC_000012.12:52488373:C:T	CCSBVarC015615	ENSP00000369317.3:p.Val460Met	KRT6A	ENSG00000205420	KRT31
HsVcPPILacVa1	CCSBORF4870	2	CCSBORF56141	LW	1	1381G>A	892	NC_000012.12:52488370:C:T	CCSBVarC003673	ENSP00000369317.3:p.Glu461Lys	KRT6A	ENSG00000205420	KRT31
HsVcPPILacVa1	CCSBORF4870	2	CCSBORF56141	LW	1	1387G>C	179	NC_000012.12:52488364:C:G	CCSBVarC000721	ENSP00000369317.3:p.Ala463Pro	KRT6A	ENSG00000205420	KRT31
HsVcPPILacVa1	CCSBORF4870	2	CCSBORF56141	LW	1	1393T>C	3	NC_000012.12:52488358:A:G	CCSBVarC003675	ENSP00000369317.3:p.Tyr465His	KRT6A	ENSG00000205420	KRT31
HsVcPPILacVa1	CCSBORF4870	2	CCSBORF56141	LW	1	1403T>A	26	NC_000012.12:52488348:A:T	CCSBVarC003677	ENSP00000369317.3:p.Leu468Gln	KRT6A	ENSG00000205420	KRT31
HsVcPPILacVa1	CCSBORF4870	2	CCSBORF56141	LW	1	1416G>C	584	NC_000012.12:52488335:C:G	CCSBVarC003679	ENSP00000369317.3:p.Glu472Asp	KRT6A	ENSG00000205420	KRT31
HsVcPPILacVa1	CCSBORF4870	2	CCSBORF56141	LW	1	1456A>G	2	NC_000012.12:52488071:T:C	CCSBVarC015620	ENSP00000369317.3:p.Ile486Val	KRT6A	ENSG00000205420	KRT31
HsVcPPILacVa1	CCSBORF4870	2	CCSBORF56141	LW	1	1567G>A	106	NC_000012.12:52487847:C:T	CCSBVarC009576	ENSP00000369317.3:p.Val523Ile	KRT6A	ENSG00000205420	KRT31
HsVcPPILacVa1	CCSBORF4870	2	CCSBORF56141	LW	1	1567G>T	54	NC_000012.12:52487847:C:A	CCSBVarC002920	ENSP00000369317.3:p.Val523Phe	KRT6A	ENSG00000205420	KRT31
HsVcPPILacVa1	CCSBORF4870	2	CCSBORF56141	LW	1	1604T>C	102	NC_000012.12:52487810:A:G	CCSBVarC015632	ENSP00000369317.3:p.Ile535Thr	KRT6A	ENSG00000205420	KRT31
HsVcPPILacVa1	CCSBORF4870	2	CCSBORF56141	LW	1	1650G>T	165	NC_000012.12:52487764:C:A	CCSBVarC015638	ENSP00000369317.3:p.Lys550Asn	KRT6A	ENSG00000205420	KRT31
HsVcPPILacVa1	CCSBORF4870	2	CCSBORF56141	LW	1	332G>A	1	NC_000012.12:52492856:C:T	CCSBVarC015647	ENSP00000369317.3:p.Gly111Asp	KRT6A	ENSG00000205420	KRT31
HsVcPPILacVa1	CCSBORF4870	2	CCSBORF56141	LW	1	361G>A	97	NC_000012.12:52492827:C:T	CCSBVarC015651	ENSP00000369317.3:p.Gly121Ser	KRT6A	ENSG00000205420	KRT31
HsVcPPILacVa1	CCSBORF4870	2	CCSBORF56141	LW	1	46C>T	2	NC_000012.12:52493142:G:A	CCSBVarC015667	ENSP00000369317.3:p.Arg16Trp	KRT6A	ENSG00000205420	KRT31
HsVcPPILacVa1	CCSBORF4870	2	CCSBORF56141	LW	1	491G>C	206	NC_000012.12:52492697:C:G	CCSBVarC003663	ENSP00000369317.3:p.Arg164Pro	KRT6A	ENSG00000205420	KRT31
HsVcPPILacVa1	CCSBORF4870	2	CCSBORF56141	LW	1	500T>G	2	NC_000012.12:52492688:A:C	CCSBVarC003665	ENSP00000369317.3:p.Ile167Ser	KRT6A	ENSG00000205420	KRT31
HsVcPPILacVa1	CCSBORF4870	2	CCSBORF56141	LW	1	511A>T	295	NC_000012.12:52492677:T:A	CCSBVarC003667	ENSP00000369317.3:p.Asn171Tyr	KRT6A	ENSG00000205420	KRT31
HsVcPPILacVa1	CCSBORF4870	2	CCSBORF56141	LW	1	512A>G	174	NC_000012.12:52492676:T:C	CCSBVarC003669	ENSP00000369317.3:p.Asn171Ser	KRT6A	ENSG00000205420	KRT31
HsVcPPILacVa1	CCSBORF4870	2	CCSBORF56141	LW	1	520T>G	1	NC_000012.12:52492668:A:C	CCSBVarC000719	ENSP00000369317.3:p.Phe174Val	KRT6A	ENSG00000205420	KRT31
HsVcPPILacVa1	CCSBORF4870	2	CCSBORF56141	LW	1	526T>C	68	NC_000012.12:52492662:A:G	CCSBVarC003671	ENSP00000369317.3:p.Ser176Pro	KRT6A	ENSG00000205420	KRT31
HsVcPPILacVa1	CCSBORF4870	2	CCSBORF56141	LW	1	628C>A	576	NC_000012.12:52491648:G:T	CCSBVarC009567	ENSP00000369317.3:p.Leu210Met	KRT6A	ENSG00000205420	KRT31
HsVcPPILacVa1	CCSBORF4870	2	CCSBORF56141	LW	1	632A>G	1	NC_000012.12:52491644:T:C	CCSBVarC015673	ENSP00000369317.3:p.Glu211Gly	KRT6A	ENSG00000205420	KRT31
HsVcPPILacVa1	CCSBORF4870	2	CCSBORF56141	LW	1	680G>A	1	NC_000012.12:52491596:C:T	CCSBVarC015679	ENSP00000369317.3:p.Ser227Asn	KRT6A	ENSG00000205420	KRT31
HsVcPPILacVa1	CCSBORF4870	2	CCSBORF56141	LW	1	745T>C	483	NC_000012.12:52491531:A:G	CCSBVarC002915	ENSP00000369317.3:p.Phe249Leu	KRT6A	ENSG00000205420	KRT31
HsVcPPILacVa1	CCSBORF4870	2	CCSBORF56141	LW	1	806C>T	3	NC_000012.12:52491121:G:A	CCSBVarC015685	ENSP00000369317.3:p.Thr269Ile	KRT6A	ENSG00000205420	KRT31
HsVcPPILacVa1	CCSBORF4870	2	CCSBORF56141	LW	1	968A>T	0	NC_000012.12:52490677:T:A	CCSBVarC015689	ENSP00000369317.3:p.Asp323Val	KRT6A	ENSG00000205420	KRT31
HsVcPPILacVa1	CCSBORF4870	2	CCSBORF56141	LW	1	981C>G	1	NC_000012.12:52490664:G:C	CCSBVarC015694	ENSP00000369317.3:p.Asn327Lys	KRT6A	ENSG00000205420	KRT31
HsVcPPILacVa1	CCSBORF4870	1	CCSBORF56827	LW	1	REF	153	NULL	NULL	NULL	KRT6A	ENSG00000205420	KRT38
HsVcPPILacVa1	CCSBORF4870	1	CCSBORF56827	LW	1	1003G>A	0	NC_000012.12:52490642:C:T	CCSBVarC009565	ENSP00000369317.3:p.Ala335Thr	KRT6A	ENSG00000205420	KRT38
HsVcPPILacVa1	CCSBORF4870	1	CCSBORF56827	LW	1	1157G>T	0	NC_000012.12:52489988:C:A	CCSBVarC015599	ENSP00000369317.3:p.Arg386Leu	KRT6A	ENSG00000205420	KRT38
HsVcPPILacVa1	CCSBORF4870	1	CCSBORF56827	LW	1	1211A>G	0	NC_000012.12:52488540:T:C	CCSBVarC015607	ENSP00000369317.3:p.Asn404Ser	KRT6A	ENSG00000205420	KRT38
HsVcPPILacVa1	CCSBORF4870	1	CCSBORF56827	LW	1	1327C>T	2	NC_000012.12:52488424:G:A	CCSBVarC009573	ENSP00000369317.3:p.Arg443Trp	KRT6A	ENSG00000205420	KRT38
HsVcPPILacVa1	CCSBORF4870	1	CCSBORF56827	LW	1	1340A>G	0	NC_000012.12:52488411:T:C	CCSBVarC015613	ENSP00000369317.3:p.Glu447Gly	KRT6A	ENSG00000205420	KRT38
HsVcPPILacVa1	CCSBORF4870	1	CCSBORF56827	LW	1	1385T>A	0	NC_000012.12:52488366:A:T	CCSBVarC003674	ENSP00000369317.3:p.Ile462Asn	KRT6A	ENSG00000205420	KRT38
HsVcPPILacVa1	CCSBORF4870	1	CCSBORF56827	LW	1	1385T>G	0	NC_000012.12:52488366:A:C	CCSBVarC000720	ENSP00000369317.3:p.Ile462Ser	KRT6A	ENSG00000205420	KRT38
HsVcPPILacVa1	CCSBORF4870	1	CCSBORF56827	LW	1	1403T>C	1279	NC_000012.12:52488348:A:G	CCSBVarC003676	ENSP00000369317.3:p.Leu468Pro	KRT6A	ENSG00000205420	KRT38
HsVcPPILacVa1	CCSBORF4870	1	CCSBORF56827	LW	1	1414G>A	384	NC_000012.12:52488337:C:T	CCSBVarC003678	ENSP00000369317.3:p.Glu472Lys	KRT6A	ENSG00000205420	KRT38
HsVcPPILacVa1	CCSBORF4870	1	CCSBORF56827	LW	1	1441G>A	1	NC_000012.12:52488086:C:T	CCSBVarC015618	ENSP00000369317.3:p.Val481Ile	KRT6A	ENSG00000205420	KRT38
HsVcPPILacVa1	CCSBORF4870	1	CCSBORF56827	LW	1	1534G>A	1	NC_000012.12:52487880:C:T	CCSBVarC015629	ENSP00000369317.3:p.Gly512Arg	KRT6A	ENSG00000205420	KRT38
HsVcPPILacVa1	CCSBORF4870	1	CCSBORF56827	LW	1	1606G>A	1	NC_000012.12:52487808:C:T	CCSBVarC015635	ENSP00000369317.3:p.Gly536Arg	KRT6A	ENSG00000205420	KRT38
HsVcPPILacVa1	CCSBORF4870	1	CCSBORF56827	LW	1	1655C>G	1	NC_000012.12:52487759:G:C	CCSBVarC002916	ENSP00000369317.3:p.Thr552Ser	KRT6A	ENSG00000205420	KRT38
HsVcPPILacVa1	CCSBORF4870	1	CCSBORF56827	LW	1	215T>C	0	NC_000012.12:52492973:A:G	CCSBVarC015643	ENSP00000369317.3:p.Ile72Thr	KRT6A	ENSG00000205420	KRT38
HsVcPPILacVa1	CCSBORF4870	1	CCSBORF56827	LW	1	359G>T	0	NC_000012.12:52492829:C:A	CCSBVarC015649	ENSP00000369317.3:p.Gly120Val	KRT6A	ENSG00000205420	KRT38
HsVcPPILacVa1	CCSBORF4870	1	CCSBORF56827	LW	1	365T>C	1	NC_000012.12:52492823:A:G	CCSBVarC015653	ENSP00000369317.3:p.Phe122Ser	KRT6A	ENSG00000205420	KRT38
HsVcPPILacVa1	CCSBORF4870	1	CCSBORF56827	LW	1	460C>G	0	NC_000012.12:52492728:G:C	CCSBVarC015670	ENSP00000369317.3:p.Pro154Ala	KRT6A	ENSG00000205420	KRT38
HsVcPPILacVa1	CCSBORF4870	1	CCSBORF56827	LW	1	487G>A	42	NC_000012.12:52492701:C:T	CCSBVarC003662	ENSP00000369317.3:p.Glu163Lys	KRT6A	ENSG00000205420	KRT38
HsVcPPILacVa1	CCSBORF4870	1	CCSBORF56827	LW	1	497A>C	126	NC_000012.12:52492691:T:G	CCSBVarC003664	ENSP00000369317.3:p.Gln166Pro	KRT6A	ENSG00000205420	KRT38
HsVcPPILacVa1	CCSBORF4870	1	CCSBORF56827	LW	1	508C>T	735	NC_000012.12:52492680:G:A	CCSBVarC003666	ENSP00000369317.3:p.Leu170Phe	KRT6A	ENSG00000205420	KRT38
HsVcPPILacVa1	CCSBORF4870	1	CCSBORF56827	LW	1	511A>G	299	NC_000012.12:52492677:T:C	CCSBVarC003668	ENSP00000369317.3:p.Asn171Asp	KRT6A	ENSG00000205420	KRT38
HsVcPPILacVa1	CCSBORF4870	1	CCSBORF56827	LW	1	512A>C	2	NC_000012.12:52492676:T:G	CCSBVarC003670	ENSP00000369317.3:p.Asn171Thr	KRT6A	ENSG00000205420	KRT38
HsVcPPILacVa1	CCSBORF4870	1	CCSBORF56827	LW	1	513C>A	159	NC_000012.12:52492675:G:T	CCSBVarC000718	ENSP00000369317.3:p.Asn171Lys	KRT6A	ENSG00000205420	KRT38
HsVcPPILacVa1	CCSBORF4870	1	CCSBORF56827	LW	1	533T>A	1589	NC_000012.12:52492655:A:T	CCSBVarC003672	ENSP00000369317.3:p.Ile178Asn	KRT6A	ENSG00000205420	KRT38
HsVcPPILacVa1	CCSBORF4870	1	CCSBORF56827	LW	1	62A>G	5	NC_000012.12:52493126:T:C	CCSBVarC002913	ENSP00000369317.3:p.Asn21Ser	KRT6A	ENSG00000205420	KRT38
HsVcPPILacVa1	CCSBORF4870	1	CCSBORF56827	LW	1	661C>A	0	NC_000012.12:52491615:G:T	CCSBVarC015676	ENSP00000369317.3:p.Leu221Ile	KRT6A	ENSG00000205420	KRT38
HsVcPPILacVa1	CCSBORF4870	1	CCSBORF56827	LW	1	718A>G	1	NC_000012.12:52491558:T:C	CCSBVarC015683	ENSP00000369317.3:p.Arg240Gly	KRT6A	ENSG00000205420	KRT38
HsVcPPILacVa1	CCSBORF4870	1	CCSBORF56827	LW	1	827C>T	0	NC_000012.12:52490942:G:A	CCSBVarC015687	ENSP00000369317.3:p.Ala276Val	KRT6A	ENSG00000205420	KRT38
HsVcPPILacVa1	CCSBORF4870	1	CCSBORF56827	LW	1	98T>C	8	NC_000012.12:52493090:A:G	CCSBVarC015691	ENSP00000369317.3:p.Phe33Ser	KRT6A	ENSG00000205420	KRT38
HsVcPPILacVa1	CCSBORF3581	2	CCSBORF820	LW	1	REF	438	NULL	NULL	NULL	MCOLN1	ENSG00000090674	APPBP2
HsVcPPILacVa1	CCSBORF3581	2	CCSBORF820	LW	1	1100C>T	55	NC_000019.10:7528935:C:T	CCSBVarC016202	ENSP00000264079.5:p.Ser367Leu	MCOLN1	ENSG00000090674	APPBP2
HsVcPPILacVa1	CCSBORF3581	2	CCSBORF820	LW	1	1375A>T	40	NC_000019.10:7530300:A:T	CCSBVarC016235	ENSP00000264079.5:p.Met459Leu	MCOLN1	ENSG00000090674	APPBP2
HsVcPPILacVa1	CCSBORF3581	2	CCSBORF820	LW	1	1395C>G	755	NC_000019.10:7530320:C:G	CCSBVarC000497	ENSP00000264079.5:p.Phe465Leu	MCOLN1	ENSG00000090674	APPBP2
HsVcPPILacVa1	CCSBORF3581	2	CCSBORF820	LW	1	1700G>A	225	NC_000019.10:7533646:G:A	CCSBVarC016242	ENSP00000264079.5:p.Cys567Tyr	MCOLN1	ENSG00000090674	APPBP2
HsVcPPILacVa1	CCSBORF3581	2	CCSBORF820	LW	1	281G>A	284	NC_000019.10:7526481:G:A	CCSBVarC016250	ENSP00000264079.5:p.Arg94Gln	MCOLN1	ENSG00000090674	APPBP2
HsVcPPILacVa1	CCSBORF3581	2	CCSBORF820	LW	1	365G>A	456	NC_000019.10:7526565:G:A	CCSBVarC016259	ENSP00000264079.5:p.Arg122Gln	MCOLN1	ENSG00000090674	APPBP2
HsVcPPILacVa1	CCSBORF3581	2	CCSBORF820	LW	1	413C>T	1	NC_000019.10:7526767:C:T	CCSBVarC016266	ENSP00000264079.5:p.Ala138Val	MCOLN1	ENSG00000090674	APPBP2
HsVcPPILacVa1	CCSBORF3581	2	CCSBORF820	LW	1	460G>T	119	NC_000019.10:7526814:G:T	CCSBVarC016275	ENSP00000264079.5:p.Gly154Cys	MCOLN1	ENSG00000090674	APPBP2
HsVcPPILacVa1	CCSBORF3581	2	CCSBORF820	LW	1	538G>A	358	NC_000019.10:7526892:G:A	CCSBVarC016281	ENSP00000264079.5:p.Asp180Asn	MCOLN1	ENSG00000090674	APPBP2
HsVcPPILacVa1	CCSBORF3581	2	CCSBORF820	LW	1	665C>T	62	NC_000019.10:7527612:C:T	CCSBVarC016310	ENSP00000264079.5:p.Thr222Met	MCOLN1	ENSG00000090674	APPBP2
HsVcPPILacVa1	CCSBORF3581	2	CCSBORF820	LW	1	694A>C	1	NC_000019.10:7527876:A:C	CCSBVarC000495	ENSP00000264079.5:p.Thr232Pro	MCOLN1	ENSG00000090674	APPBP2
HsVcPPILacVa1	CCSBORF3581	2	CCSBORF820	LW	1	707G>A	305	NC_000019.10:7527889:G:A	CCSBVarC009378	ENSP00000264079.5:p.Arg236Gln	MCOLN1	ENSG00000090674	APPBP2
HsVcPPILacVa1	CCSBORF3581	2	CCSBORF820	LW	1	771C>A	90	NC_000019.10:7527953:C:A	CCSBVarC009367	ENSP00000264079.5:p.Ser257Arg	MCOLN1	ENSG00000090674	APPBP2
HsVcPPILacVa1	CCSBORF3581	2	CCSBORF820	LW	1	77C>T	69	NC_000019.10:7525005:C:T	CCSBVarC016319	ENSP00000264079.5:p.Ala26Val	MCOLN1	ENSG00000090674	APPBP2
HsVcPPILacVa1	CCSBORF3581	2	CCSBORF820	LW	1	785T>C	6	NC_000019.10:7528164:T:C	CCSBVarC016359	ENSP00000264079.5:p.Phe262Ser	MCOLN1	ENSG00000090674	APPBP2
HsVcPPILacVa1	CCSBORF3581	2	CCSBORF820	LW	1	856C>A	3	NC_000019.10:7528235:C:A	CCSBVarC016364	ENSP00000264079.5:p.His286Asn	MCOLN1	ENSG00000090674	APPBP2
HsVcPPILacVa1	CCSBORF1231	1	CCSBORF100080871	LW	1	REF	1052	NULL	NULL	NULL	AQP1	ENSG00000240583	PRDM6
HsVcPPILacVa1	CCSBORF1231	1	CCSBORF100080871	LW	1	113C>T	959	NC_000007.14:30912021:C:T	CCSBVarC000137	ENSP00000311165.4:p.Pro38Leu	AQP1	ENSG00000240583	PRDM6
HsVcPPILacVa1	CCSBORF1231	1	CCSBORF100080871	LW	1	140A>G	5875	NC_000007.14:30912048:A:G	CCSBVarC000138	ENSP00000311165.4:p.Gln47Arg	AQP1	ENSG00000240583	PRDM6
HsVcPPILacVa1	CCSBORF1231	1	CCSBORF100080871	LW	1	319G>A	15	NC_000007.14:30912227:G:A	CCSBVarC015066	ENSP00000311165.4:p.Val107Ile	AQP1	ENSG00000240583	PRDM6
HsVcPPILacVa1	CCSBORF1231	1	CCSBORF100080871	LW	1	320T>G	1876	NC_000007.14:30912228:T:G	CCSBVarC015069	ENSP00000311165.4:p.Val107Gly	AQP1	ENSG00000240583	PRDM6
HsVcPPILacVa1	CCSBORF1231	1	CCSBORF100080871	LW	1	494G>A	364	NC_000007.14:30922174:G:A	CCSBVarC015072	ENSP00000311165.4:p.Gly165Asp	AQP1	ENSG00000240583	PRDM6
HsVcPPILacVa1	CCSBORF1231	1	CCSBORF100080871	LW	1	576C>A	1421	NC_000007.14:30922589:C:A	CCSBVarC000139	ENSP00000311165.4:p.Asn192Lys	AQP1	ENSG00000240583	PRDM6
HsVcPPILacVa1	CCSBORF1231	1	CCSBORF55039	LW	1	REF	1786	NULL	NULL	NULL	AQP1	ENSG00000240583	TRIM7
HsVcPPILacVa1	CCSBORF1231	1	CCSBORF55039	LW	1	113C>T	1158	NC_000007.14:30912021:C:T	CCSBVarC000137	ENSP00000311165.4:p.Pro38Leu	AQP1	ENSG00000240583	TRIM7
HsVcPPILacVa1	CCSBORF1231	1	CCSBORF55039	LW	1	140A>G	4750	NC_000007.14:30912048:A:G	CCSBVarC000138	ENSP00000311165.4:p.Gln47Arg	AQP1	ENSG00000240583	TRIM7
HsVcPPILacVa1	CCSBORF1231	1	CCSBORF55039	LW	1	319G>A	15	NC_000007.14:30912227:G:A	CCSBVarC015066	ENSP00000311165.4:p.Val107Ile	AQP1	ENSG00000240583	TRIM7
HsVcPPILacVa1	CCSBORF1231	1	CCSBORF55039	LW	1	320T>G	1177	NC_000007.14:30912228:T:G	CCSBVarC015069	ENSP00000311165.4:p.Val107Gly	AQP1	ENSG00000240583	TRIM7
HsVcPPILacVa1	CCSBORF1231	1	CCSBORF55039	LW	1	494G>A	385	NC_000007.14:30922174:G:A	CCSBVarC015072	ENSP00000311165.4:p.Gly165Asp	AQP1	ENSG00000240583	TRIM7
HsVcPPILacVa1	CCSBORF1231	1	CCSBORF55039	LW	1	576C>A	1987	NC_000007.14:30922589:C:A	CCSBVarC000139	ENSP00000311165.4:p.Asn192Lys	AQP1	ENSG00000240583	TRIM7
HsVcPPILacVa1	CCSBORF1231	1	CCSBORF1227	LW	1	REF	2123	NULL	NULL	NULL	AQP1	ENSG00000240583	TRIM23
HsVcPPILacVa1	CCSBORF1231	1	CCSBORF1227	LW	1	113C>T	1762	NC_000007.14:30912021:C:T	CCSBVarC000137	ENSP00000311165.4:p.Pro38Leu	AQP1	ENSG00000240583	TRIM23
HsVcPPILacVa1	CCSBORF1231	1	CCSBORF1227	LW	1	140A>G	10485	NC_000007.14:30912048:A:G	CCSBVarC000138	ENSP00000311165.4:p.Gln47Arg	AQP1	ENSG00000240583	TRIM23
HsVcPPILacVa1	CCSBORF1231	1	CCSBORF1227	LW	1	319G>A	38	NC_000007.14:30912227:G:A	CCSBVarC015066	ENSP00000311165.4:p.Val107Ile	AQP1	ENSG00000240583	TRIM23
HsVcPPILacVa1	CCSBORF1231	1	CCSBORF1227	LW	1	320T>G	2715	NC_000007.14:30912228:T:G	CCSBVarC015069	ENSP00000311165.4:p.Val107Gly	AQP1	ENSG00000240583	TRIM23
HsVcPPILacVa1	CCSBORF1231	1	CCSBORF1227	LW	1	494G>A	602	NC_000007.14:30922174:G:A	CCSBVarC015072	ENSP00000311165.4:p.Gly165Asp	AQP1	ENSG00000240583	TRIM23
HsVcPPILacVa1	CCSBORF1231	1	CCSBORF1227	LW	1	576C>A	3060	NC_000007.14:30922589:C:A	CCSBVarC000139	ENSP00000311165.4:p.Asn192Lys	AQP1	ENSG00000240583	TRIM23
HsVcPPILacVa1	CCSBORF1231	1	CCSBORF3434	LW	1	REF	0	NULL	NULL	NULL	AQP1	ENSG00000240583	LDOC1
HsVcPPILacVa1	CCSBORF1231	1	CCSBORF3434	LW	1	113C>T	0	NC_000007.14:30912021:C:T	CCSBVarC000137	ENSP00000311165.4:p.Pro38Leu	AQP1	ENSG00000240583	LDOC1
HsVcPPILacVa1	CCSBORF1231	1	CCSBORF3434	LW	1	140A>G	2	NC_000007.14:30912048:A:G	CCSBVarC000138	ENSP00000311165.4:p.Gln47Arg	AQP1	ENSG00000240583	LDOC1
HsVcPPILacVa1	CCSBORF1231	1	CCSBORF3434	LW	1	319G>A	0	NC_000007.14:30912227:G:A	CCSBVarC015066	ENSP00000311165.4:p.Val107Ile	AQP1	ENSG00000240583	LDOC1
HsVcPPILacVa1	CCSBORF1231	1	CCSBORF3434	LW	1	320T>G	0	NC_000007.14:30912228:T:G	CCSBVarC015069	ENSP00000311165.4:p.Val107Gly	AQP1	ENSG00000240583	LDOC1
HsVcPPILacVa1	CCSBORF1231	1	CCSBORF3434	LW	1	494G>A	0	NC_000007.14:30922174:G:A	CCSBVarC015072	ENSP00000311165.4:p.Gly165Asp	AQP1	ENSG00000240583	LDOC1
HsVcPPILacVa1	CCSBORF1231	1	CCSBORF3434	LW	1	576C>A	2	NC_000007.14:30922589:C:A	CCSBVarC000139	ENSP00000311165.4:p.Asn192Lys	AQP1	ENSG00000240583	LDOC1
HsVcPPILacVa1	CCSBORF70357	2	CCSBORF2384	LW	1	REF	434	NULL	NULL	NULL	TSFM	ENSG00000123297	RALBP1
HsVcPPILacVa1	CCSBORF70357	2	CCSBORF2384	LW	1	116G>T	1269	NC_000012.12:57783167:G:T	CCSBVarC017014	ENSP00000499171.2:p.Arg39Leu	TSFM	ENSG00000123297	RALBP1
HsVcPPILacVa1	CCSBORF70357	2	CCSBORF2384	LW	1	218G>C	3	NC_000012.12:57783269:G:C	CCSBVarC017018	ENSP00000499171.2:p.Gly73Ala	TSFM	ENSG00000123297	RALBP1
HsVcPPILacVa1	CCSBORF70357	2	CCSBORF2384	LW	1	233C>T	0	NC_000012.12:57786163:C:T	CCSBVarC017023	ENSP00000499171.2:p.Ala78Val	TSFM	ENSG00000123297	RALBP1
HsVcPPILacVa1	CCSBORF70357	2	CCSBORF2384	LW	1	271T>G	752	NC_000012.12:57786201:T:G	CCSBVarC017027	ENSP00000499171.2:p.Trp91Gly	TSFM	ENSG00000123297	RALBP1
HsVcPPILacVa1	CCSBORF70357	2	CCSBORF2384	LW	1	388A>G	1406	NC_000012.12:57787066:A:G	CCSBVarC017031	ENSP00000499171.2:p.Arg130Gly	TSFM	ENSG00000123297	RALBP1
HsVcPPILacVa1	CCSBORF70357	2	CCSBORF2384	LW	1	521C>T	1	NC_000012.12:57793022:C:T	CCSBVarC017039	ENSP00000499171.2:p.Ala174Val	TSFM	ENSG00000123297	RALBP1
HsVcPPILacVa1	CCSBORF70357	2	CCSBORF2384	LW	1	59C>T	332	NC_000012.12:57783110:C:T	CCSBVarC017054	ENSP00000499171.2:p.Ala20Val	TSFM	ENSG00000123297	RALBP1
HsVcPPILacVa1	CCSBORF70357	2	CCSBORF2384	LW	1	5C>T	2169	NC_000012.12:57782805:C:T	CCSBVarC017035	ENSP00000499171.2:p.Ser2Leu	TSFM	ENSG00000123297	RALBP1
HsVcPPILacVa1	CCSBORF70357	2	CCSBORF2384	LW	1	62G>C	4	NC_000012.12:57783113:G:C	CCSBVarC017057	ENSP00000499171.2:p.Gly21Ala	TSFM	ENSG00000123297	RALBP1
HsVcPPILacVa1	CCSBORF70357	2	CCSBORF2384	LW	1	658G>A	7	NC_000012.12:57796262:G:A	CCSBVarC017059	ENSP00000499171.2:p.Ala220Thr	TSFM	ENSG00000123297	RALBP1
HsVcPPILacVa1	CCSBORF70357	2	CCSBORF2384	LW	1	719G>C	0	NC_000012.12:57796323:G:C	CCSBVarC017062	ENSP00000499171.2:p.Cys240Ser	TSFM	ENSG00000123297	RALBP1
HsVcPPILacVa1	CCSBORF70357	2	CCSBORF2384	LW	1	73C>A	1027	NC_000012.12:57783124:C:A	CCSBVarC017064	ENSP00000499171.2:p.Arg25Ser	TSFM	ENSG00000123297	RALBP1
HsVcPPILacVa1	CCSBORF70357	2	CCSBORF2384	LW	1	760C>T	430	NC_000012.12:57796364:C:T	CCSBVarC017066	ENSP00000499171.2:p.Arg254Cys	TSFM	ENSG00000123297	RALBP1
HsVcPPILacVa1	CCSBORF70357	2	CCSBORF2384	LW	1	774G>C	256	NC_000012.12:57796378:G:C	CCSBVarC017068	ENSP00000499171.2:p.Gln258His	TSFM	ENSG00000123297	RALBP1
HsVcPPILacVa1	CCSBORF70357	2	CCSBORF2384	LW	1	796C>A	1184	NC_000012.12:57796400:C:A	CCSBVarC017071	ENSP00000499171.2:p.Leu266Ile	TSFM	ENSG00000123297	RALBP1
HsVcPPILacVa1	CCSBORF70357	2	CCSBORF2384	LW	1	797T>A	5	NC_000012.12:57796401:T:A	CCSBVarC017076	ENSP00000499171.2:p.Leu266His	TSFM	ENSG00000123297	RALBP1
HsVcPPILacVa1	CCSBORF70357	2	CCSBORF2384	LW	1	826G>C	1627	NC_000012.12:57796430:G:C	CCSBVarC017080	ENSP00000499171.2:p.Gly276Arg	TSFM	ENSG00000123297	RALBP1
HsVcPPILacVa1	CCSBORF70357	2	CCSBORF2384	LW	1	934C>T	245	NC_000012.12:57796538:C:T	CCSBVarC002653	ENSP00000499171.2:p.Arg312Trp	TSFM	ENSG00000123297	RALBP1
HsVcPPILacVa1	CCSBORF70357	2	CCSBORF2384	LW	1	97A>G	17	NC_000012.12:57783148:A:G	CCSBVarC017088	ENSP00000499171.2:p.Thr33Ala	TSFM	ENSG00000123297	RALBP1
HsVcPPILacVa1	CCSBORF11374	1	CCSBORF0	LW	1	REF	440	NULL	NULL	NULL	RP2	ENSG00000102218	empty_AD
HsVcPPILacVa1	CCSBORF11374	1	CCSBORF0	LW	1	1001C>A	500	NC_000023.11:46879716:C:A	CCSBVarC011422	ENSP00000218340.3:p.Ser334Tyr	RP2	ENSG00000102218	empty_AD
HsVcPPILacVa1	CCSBORF11374	1	CCSBORF0	LW	1	121A>G	1348	NC_000023.11:46853493:A:G	CCSBVarC014905	ENSP00000218340.3:p.Met41Val	RP2	ENSG00000102218	empty_AD
HsVcPPILacVa1	CCSBORF11374	1	CCSBORF0	LW	1	19A>C	0	NC_000023.11:46837118:A:C	CCSBVarC014916	ENSP00000218340.3:p.Lys7Gln	RP2	ENSG00000102218	empty_AD
HsVcPPILacVa1	CCSBORF11374	1	CCSBORF0	LW	1	238A>G	469	NC_000023.11:46853610:A:G	CCSBVarC011435	ENSP00000218340.3:p.Thr80Ala	RP2	ENSG00000102218	empty_AD
HsVcPPILacVa1	CCSBORF11374	1	CCSBORF0	LW	1	257G>A	2	NC_000023.11:46853629:G:A	CCSBVarC001706	ENSP00000218340.3:p.Cys86Tyr	RP2	ENSG00000102218	empty_AD
HsVcPPILacVa1	CCSBORF11374	1	CCSBORF0	LW	1	28A>G	497	NC_000023.11:46837127:A:G	CCSBVarC014949	ENSP00000218340.3:p.Lys10Glu	RP2	ENSG00000102218	empty_AD
HsVcPPILacVa1	CCSBORF11374	1	CCSBORF0	LW	1	298G>A	143	NC_000023.11:46853670:G:A	CCSBVarC011440	ENSP00000218340.3:p.Val100Met	RP2	ENSG00000102218	empty_AD
HsVcPPILacVa1	CCSBORF11374	1	CCSBORF0	LW	1	328T>C	977	NC_000023.11:46853700:T:C	CCSBVarC014961	ENSP00000218340.3:p.Cys110Arg	RP2	ENSG00000102218	empty_AD
HsVcPPILacVa1	CCSBORF11374	1	CCSBORF0	LW	1	338C>A	224	NC_000023.11:46853710:C:A	CCSBVarC011446	ENSP00000218340.3:p.Ala113Asp	RP2	ENSG00000102218	empty_AD
HsVcPPILacVa1	CCSBORF11374	1	CCSBORF0	LW	1	352C>G	216	NC_000023.11:46853724:C:G	CCSBVarC011475	ENSP00000218340.3:p.Arg118Gly	RP2	ENSG00000102218	empty_AD
HsVcPPILacVa1	CCSBORF11374	1	CCSBORF0	LW	1	481G>T	694	NC_000023.11:46853853:G:T	CCSBVarC014975	ENSP00000218340.3:p.Asp161Tyr	RP2	ENSG00000102218	empty_AD
HsVcPPILacVa1	CCSBORF11374	1	CCSBORF0	LW	1	524A>C	1685	NC_000023.11:46853896:A:C	CCSBVarC011467	ENSP00000218340.3:p.His175Pro	RP2	ENSG00000102218	empty_AD
HsVcPPILacVa1	CCSBORF11374	1	CCSBORF0	LW	1	593A>G	141	NC_000023.11:46853965:A:G	CCSBVarC014984	ENSP00000218340.3:p.Tyr198Cys	RP2	ENSG00000102218	empty_AD
HsVcPPILacVa1	CCSBORF11374	1	CCSBORF0	LW	1	654A>C	1141	NC_000023.11:46854026:A:C	CCSBVarC014992	ENSP00000218340.3:p.Arg218Ser	RP2	ENSG00000102218	empty_AD
HsVcPPILacVa1	CCSBORF11374	1	CCSBORF0	LW	1	751A>G	1088	NC_000023.11:46854123:A:G	CCSBVarC011428	ENSP00000218340.3:p.Arg251Gly	RP2	ENSG00000102218	empty_AD
HsVcPPILacVa1	CCSBORF11374	1	CCSBORF0	LW	1	765T>A	593	NC_000023.11:46854137:T:A	CCSBVarC015002	ENSP00000218340.3:p.Asp255Glu	RP2	ENSG00000102218	empty_AD
HsVcPPILacVa1	CCSBORF11374	1	CCSBORF0	LW	1	781G>T	1593	NC_000023.11:46859999:G:T	CCSBVarC015011	ENSP00000218340.3:p.Gly261Cys	RP2	ENSG00000102218	empty_AD
HsVcPPILacVa1	CCSBORF11374	1	CCSBORF0	LW	1	844C>T	6	NC_000023.11:46860062:C:T	CCSBVarC001709	ENSP00000218340.3:p.Arg282Trp	RP2	ENSG00000102218	empty_AD
HsVcPPILacVa1	CCSBORF11374	1	CCSBORF0	LW	1	845G>A	1517	NC_000023.11:46860063:G:A	CCSBVarC015020	ENSP00000218340.3:p.Arg282Gln	RP2	ENSG00000102218	empty_AD
HsVcPPILacVa1	CCSBORF11374	1	CCSBORF0	LW	1	941T>C	385	NC_000023.11:46877561:T:C	CCSBVarC015032	ENSP00000218340.3:p.Ile314Thr	RP2	ENSG00000102218	empty_AD
HsVcPPILacVa1	CCSBORF7637	1	CCSBORF100067498	LW	1	REF	362	NULL	NULL	NULL	CFP	ENSG00000126759	GEMIN4
HsVcPPILacVa1	CCSBORF7637	1	CCSBORF100067498	LW	1	1076G>A	1	NC_000023.11:47626383:C:T	CCSBVarC017055	ENSP00000380189.3:p.Arg359Gln	CFP	ENSG00000126759	GEMIN4
HsVcPPILacVa1	CCSBORF7637	1	CCSBORF100067498	LW	1	1180C>T	116	NC_000023.11:47626121:G:A	CCSBVarC017072	ENSP00000380189.3:p.Pro394Ser	CFP	ENSG00000126759	GEMIN4
HsVcPPILacVa1	CCSBORF7637	1	CCSBORF100067498	LW	1	1205C>G	377	NC_000023.11:47626096:G:C	CCSBVarC017075	ENSP00000380189.3:p.Ala402Gly	CFP	ENSG00000126759	GEMIN4
HsVcPPILacVa1	CCSBORF7637	1	CCSBORF100067498	LW	1	121G>A	138	NC_000023.11:47629629:C:T	CCSBVarC010168	ENSP00000380189.3:p.Gly41Ser	CFP	ENSG00000126759	GEMIN4
HsVcPPILacVa1	CCSBORF7637	1	CCSBORF100067498	LW	1	1237A>G	238	NC_000023.11:47626064:T:C	CCSBVarC017079	ENSP00000380189.3:p.Lys413Glu	CFP	ENSG00000126759	GEMIN4
HsVcPPILacVa1	CCSBORF7637	1	CCSBORF100067498	LW	1	1240T>G	81	NC_000023.11:47626061:A:C	CCSBVarC004314	ENSP00000380189.3:p.Tyr414Asp	CFP	ENSG00000126759	GEMIN4
HsVcPPILacVa1	CCSBORF7637	1	CCSBORF100067498	LW	1	1301G>C	137	NC_000023.11:47624383:C:G	CCSBVarC017083	ENSP00000380189.3:p.Arg434Thr	CFP	ENSG00000126759	GEMIN4
HsVcPPILacVa1	CCSBORF7637	1	CCSBORF100067498	LW	1	1369C>T	123	NC_000023.11:47624315:G:A	CCSBVarC017087	ENSP00000380189.3:p.His457Tyr	CFP	ENSG00000126759	GEMIN4
HsVcPPILacVa1	CCSBORF7637	1	CCSBORF100067498	LW	1	232C>G	603	NC_000023.11:47628272:G:C	CCSBVarC017091	ENSP00000380189.3:p.Pro78Ala	CFP	ENSG00000126759	GEMIN4
HsVcPPILacVa1	CCSBORF7637	1	CCSBORF100067498	LW	1	236G>A	7	NC_000023.11:47628268:C:T	CCSBVarC010162	ENSP00000380189.3:p.Arg79Gln	CFP	ENSG00000126759	GEMIN4
HsVcPPILacVa1	CCSBORF7637	1	CCSBORF100067498	LW	1	308G>A	25	NC_000023.11:47628196:C:T	CCSBVarC017095	ENSP00000380189.3:p.Arg103His	CFP	ENSG00000126759	GEMIN4
HsVcPPILacVa1	CCSBORF7637	1	CCSBORF100067498	LW	1	343G>T	348	NC_000023.11:47628161:C:A	CCSBVarC017099	ENSP00000380189.3:p.Val115Leu	CFP	ENSG00000126759	GEMIN4
HsVcPPILacVa1	CCSBORF7637	1	CCSBORF100067498	LW	1	412G>A	0	NC_000023.11:47627632:C:T	CCSBVarC017103	ENSP00000380189.3:p.Gly138Ser	CFP	ENSG00000126759	GEMIN4
HsVcPPILacVa1	CCSBORF7637	1	CCSBORF100067498	LW	1	469C>T	9	NC_000023.11:47627575:G:A	CCSBVarC017107	ENSP00000380189.3:p.Arg157Trp	CFP	ENSG00000126759	GEMIN4
HsVcPPILacVa1	CCSBORF7637	1	CCSBORF100067498	LW	1	482G>A	3	NC_000023.11:47627562:C:T	CCSBVarC017122	ENSP00000380189.3:p.Arg161Gln	CFP	ENSG00000126759	GEMIN4
HsVcPPILacVa1	CCSBORF7637	1	CCSBORF100067498	LW	1	643G>A	7	NC_000023.11:47627263:C:T	CCSBVarC017126	ENSP00000380189.3:p.Glu215Lys	CFP	ENSG00000126759	GEMIN4
HsVcPPILacVa1	CCSBORF7637	1	CCSBORF100067498	LW	1	709C>T	2	NC_000023.11:47627197:G:A	CCSBVarC017130	ENSP00000380189.3:p.Pro237Ser	CFP	ENSG00000126759	GEMIN4
HsVcPPILacVa1	CCSBORF7637	1	CCSBORF100067498	LW	1	739A>T	154	NC_000023.11:47627167:T:A	CCSBVarC017134	ENSP00000380189.3:p.Arg247Trp	CFP	ENSG00000126759	GEMIN4
HsVcPPILacVa1	CCSBORF7637	1	CCSBORF100067498	LW	1	865C>T	721	NC_000023.11:47626847:G:A	CCSBVarC017137	ENSP00000380189.3:p.Pro289Ser	CFP	ENSG00000126759	GEMIN4
HsVcPPILacVa1	CCSBORF7637	1	CCSBORF100067498	LW	1	895G>A	21	NC_000023.11:47626817:C:T	CCSBVarC010164	ENSP00000380189.3:p.Asp299Asn	CFP	ENSG00000126759	GEMIN4
HsVcPPILacVa1	CCSBORF7637	1	CCSBORF100067498	LW	1	961T>G	566	NC_000023.11:47626498:A:C	CCSBVarC010175	ENSP00000380189.3:p.Trp321Gly	CFP	ENSG00000126759	GEMIN4
HsVcPPILacVa1	CCSBORF7637	1	CCSBORF100067498	LW	1	962G>C	1	NC_000023.11:47626497:C:G	CCSBVarC001212	ENSP00000380189.3:p.Trp321Ser	CFP	ENSG00000126759	GEMIN4
HsVcPPILacVa1	CCSBORF3697	2	CCSBORF0	LW	1	REF	238	NULL	NULL	NULL	NF2	ENSG00000186575	empty_AD
HsVcPPILacVa1	CCSBORF3697	2	CCSBORF0	LW	1	1031A>C	65	NC_000022.11:29673425:A:C	CCSBVarC016528	ENSP00000340626.4:p.Glu344Ala	NF2	ENSG00000186575	empty_AD
HsVcPPILacVa1	CCSBORF3697	2	CCSBORF0	LW	1	1138G>A	150	NC_000022.11:29674881:G:A	CCSBVarC016536	ENSP00000340626.4:p.Glu380Lys	NF2	ENSG00000186575	empty_AD
HsVcPPILacVa1	CCSBORF3697	2	CCSBORF0	LW	1	1229C>T	0	NC_000022.11:29678226:C:T	CCSBVarC016543	ENSP00000340626.4:p.Pro410Leu	NF2	ENSG00000186575	empty_AD
HsVcPPILacVa1	CCSBORF3697	2	CCSBORF0	LW	1	1256G>A	0	NC_000022.11:29678253:G:A	CCSBVarC016547	ENSP00000340626.4:p.Gly419Asp	NF2	ENSG00000186575	empty_AD
HsVcPPILacVa1	CCSBORF3697	2	CCSBORF0	LW	1	1301T>C	540	NC_000022.11:29678298:T:C	CCSBVarC016554	ENSP00000340626.4:p.Leu434Pro	NF2	ENSG00000186575	empty_AD
HsVcPPILacVa1	CCSBORF3697	2	CCSBORF0	LW	1	1355T>C	25	NC_000022.11:29681467:T:C	CCSBVarC000527	ENSP00000340626.4:p.Leu452Pro	NF2	ENSG00000186575	empty_AD
HsVcPPILacVa1	CCSBORF3697	2	CCSBORF0	LW	1	1375C>T	329	NC_000022.11:29681487:C:T	CCSBVarC016563	ENSP00000340626.4:p.Leu459Phe	NF2	ENSG00000186575	empty_AD
HsVcPPILacVa1	CCSBORF3697	2	CCSBORF0	LW	1	1411A>G	47	NC_000022.11:29681523:A:G	CCSBVarC016581	ENSP00000340626.4:p.Arg471Gly	NF2	ENSG00000186575	empty_AD
HsVcPPILacVa1	CCSBORF3697	2	CCSBORF0	LW	1	1465A>G	515	NC_000022.11:29681577:A:G	CCSBVarC016590	ENSP00000340626.4:p.Ser489Gly	NF2	ENSG00000186575	empty_AD
HsVcPPILacVa1	CCSBORF3697	2	CCSBORF0	LW	1	191A>C	1	NC_000022.11:29642277:A:C	CCSBVarC016613	ENSP00000340626.4:p.Gln64Pro	NF2	ENSG00000186575	empty_AD
HsVcPPILacVa1	CCSBORF3697	2	CCSBORF0	LW	1	275A>G	6	NC_000022.11:29655600:A:G	CCSBVarC016619	ENSP00000340626.4:p.Asn92Ser	NF2	ENSG00000186575	empty_AD
HsVcPPILacVa1	CCSBORF3697	2	CCSBORF0	LW	1	333G>C	763	NC_000022.11:29655658:G:C	CCSBVarC016628	ENSP00000340626.4:p.Glu111Asp	NF2	ENSG00000186575	empty_AD
HsVcPPILacVa1	CCSBORF3697	2	CCSBORF0	LW	1	406G>A	0	NC_000022.11:29658243:G:A	CCSBVarC016634	ENSP00000340626.4:p.Val136Met	NF2	ENSG00000186575	empty_AD
HsVcPPILacVa1	CCSBORF3697	2	CCSBORF0	LW	1	409A>T	0	NC_000022.11:29658246:A:T	CCSBVarC000525	ENSP00000340626.4:p.Asn137Tyr	NF2	ENSG00000186575	empty_AD
HsVcPPILacVa1	CCSBORF3697	2	CCSBORF0	LW	1	556A>G	2	NC_000022.11:29661333:A:G	CCSBVarC016639	ENSP00000340626.4:p.Lys186Glu	NF2	ENSG00000186575	empty_AD
HsVcPPILacVa1	CCSBORF3697	2	CCSBORF0	LW	1	566C>T	447	NC_000022.11:29664993:C:T	CCSBVarC016643	ENSP00000340626.4:p.Thr189Ile	NF2	ENSG00000186575	empty_AD
HsVcPPILacVa1	CCSBORF3697	2	CCSBORF0	LW	1	830T>C	72	NC_000022.11:29671904:T:C	CCSBVarC015525	ENSP00000340626.4:p.Leu277Pro	NF2	ENSG00000186575	empty_AD
HsVcPPILacVa1	CCSBORF3697	2	CCSBORF0	LW	1	944T>C	390	NC_000022.11:29673338:T:C	CCSBVarC015533	ENSP00000340626.4:p.Leu315Pro	NF2	ENSG00000186575	empty_AD
HsVcPPILacVa1	CCSBORF4870	2	CCSBORF4105	LW	1	REF	280	NULL	NULL	NULL	KRT6A	ENSG00000205420	KRT15
HsVcPPILacVa1	CCSBORF4870	2	CCSBORF4105	LW	1	1198A>C	272	NC_000012.12:52489947:T:G	CCSBVarC015603	ENSP00000369317.3:p.Lys400Gln	KRT6A	ENSG00000205420	KRT15
HsVcPPILacVa1	CCSBORF4870	2	CCSBORF4105	LW	1	1282G>A	91	NC_000012.12:52488469:C:T	CCSBVarC015611	ENSP00000369317.3:p.Glu428Lys	KRT6A	ENSG00000205420	KRT15
HsVcPPILacVa1	CCSBORF4870	2	CCSBORF4105	LW	1	1378G>A	501	NC_000012.12:52488373:C:T	CCSBVarC015615	ENSP00000369317.3:p.Val460Met	KRT6A	ENSG00000205420	KRT15
HsVcPPILacVa1	CCSBORF4870	2	CCSBORF4105	LW	1	1381G>A	711	NC_000012.12:52488370:C:T	CCSBVarC003673	ENSP00000369317.3:p.Glu461Lys	KRT6A	ENSG00000205420	KRT15
HsVcPPILacVa1	CCSBORF4870	2	CCSBORF4105	LW	1	1387G>C	287	NC_000012.12:52488364:C:G	CCSBVarC000721	ENSP00000369317.3:p.Ala463Pro	KRT6A	ENSG00000205420	KRT15
HsVcPPILacVa1	CCSBORF4870	2	CCSBORF4105	LW	1	1393T>C	1	NC_000012.12:52488358:A:G	CCSBVarC003675	ENSP00000369317.3:p.Tyr465His	KRT6A	ENSG00000205420	KRT15
HsVcPPILacVa1	CCSBORF4870	2	CCSBORF4105	LW	1	1403T>A	46	NC_000012.12:52488348:A:T	CCSBVarC003677	ENSP00000369317.3:p.Leu468Gln	KRT6A	ENSG00000205420	KRT15
HsVcPPILacVa1	CCSBORF4870	2	CCSBORF4105	LW	1	1416G>C	693	NC_000012.12:52488335:C:G	CCSBVarC003679	ENSP00000369317.3:p.Glu472Asp	KRT6A	ENSG00000205420	KRT15
HsVcPPILacVa1	CCSBORF4870	2	CCSBORF4105	LW	1	1456A>G	3	NC_000012.12:52488071:T:C	CCSBVarC015620	ENSP00000369317.3:p.Ile486Val	KRT6A	ENSG00000205420	KRT15
HsVcPPILacVa1	CCSBORF4870	2	CCSBORF4105	LW	1	1567G>A	69	NC_000012.12:52487847:C:T	CCSBVarC009576	ENSP00000369317.3:p.Val523Ile	KRT6A	ENSG00000205420	KRT15
HsVcPPILacVa1	CCSBORF4870	2	CCSBORF4105	LW	1	1567G>T	44	NC_000012.12:52487847:C:A	CCSBVarC002920	ENSP00000369317.3:p.Val523Phe	KRT6A	ENSG00000205420	KRT15
HsVcPPILacVa1	CCSBORF4870	2	CCSBORF4105	LW	1	1604T>C	126	NC_000012.12:52487810:A:G	CCSBVarC015632	ENSP00000369317.3:p.Ile535Thr	KRT6A	ENSG00000205420	KRT15
HsVcPPILacVa1	CCSBORF4870	2	CCSBORF4105	LW	1	1650G>T	261	NC_000012.12:52487764:C:A	CCSBVarC015638	ENSP00000369317.3:p.Lys550Asn	KRT6A	ENSG00000205420	KRT15
HsVcPPILacVa1	CCSBORF4870	2	CCSBORF4105	LW	1	332G>A	0	NC_000012.12:52492856:C:T	CCSBVarC015647	ENSP00000369317.3:p.Gly111Asp	KRT6A	ENSG00000205420	KRT15
HsVcPPILacVa1	CCSBORF4870	2	CCSBORF4105	LW	1	361G>A	80	NC_000012.12:52492827:C:T	CCSBVarC015651	ENSP00000369317.3:p.Gly121Ser	KRT6A	ENSG00000205420	KRT15
HsVcPPILacVa1	CCSBORF4870	2	CCSBORF4105	LW	1	46C>T	2	NC_000012.12:52493142:G:A	CCSBVarC015667	ENSP00000369317.3:p.Arg16Trp	KRT6A	ENSG00000205420	KRT15
HsVcPPILacVa1	CCSBORF4870	2	CCSBORF4105	LW	1	491G>C	107	NC_000012.12:52492697:C:G	CCSBVarC003663	ENSP00000369317.3:p.Arg164Pro	KRT6A	ENSG00000205420	KRT15
HsVcPPILacVa1	CCSBORF4870	2	CCSBORF4105	LW	1	500T>G	0	NC_000012.12:52492688:A:C	CCSBVarC003665	ENSP00000369317.3:p.Ile167Ser	KRT6A	ENSG00000205420	KRT15
HsVcPPILacVa1	CCSBORF4870	2	CCSBORF4105	LW	1	511A>T	127	NC_000012.12:52492677:T:A	CCSBVarC003667	ENSP00000369317.3:p.Asn171Tyr	KRT6A	ENSG00000205420	KRT15
HsVcPPILacVa1	CCSBORF4870	2	CCSBORF4105	LW	1	512A>G	165	NC_000012.12:52492676:T:C	CCSBVarC003669	ENSP00000369317.3:p.Asn171Ser	KRT6A	ENSG00000205420	KRT15
HsVcPPILacVa1	CCSBORF4870	2	CCSBORF4105	LW	1	520T>G	3	NC_000012.12:52492668:A:C	CCSBVarC000719	ENSP00000369317.3:p.Phe174Val	KRT6A	ENSG00000205420	KRT15
HsVcPPILacVa1	CCSBORF4870	2	CCSBORF4105	LW	1	526T>C	73	NC_000012.12:52492662:A:G	CCSBVarC003671	ENSP00000369317.3:p.Ser176Pro	KRT6A	ENSG00000205420	KRT15
HsVcPPILacVa1	CCSBORF4870	2	CCSBORF4105	LW	1	628C>A	477	NC_000012.12:52491648:G:T	CCSBVarC009567	ENSP00000369317.3:p.Leu210Met	KRT6A	ENSG00000205420	KRT15
HsVcPPILacVa1	CCSBORF4870	2	CCSBORF4105	LW	1	632A>G	0	NC_000012.12:52491644:T:C	CCSBVarC015673	ENSP00000369317.3:p.Glu211Gly	KRT6A	ENSG00000205420	KRT15
HsVcPPILacVa1	CCSBORF4870	2	CCSBORF4105	LW	1	680G>A	0	NC_000012.12:52491596:C:T	CCSBVarC015679	ENSP00000369317.3:p.Ser227Asn	KRT6A	ENSG00000205420	KRT15
HsVcPPILacVa1	CCSBORF4870	2	CCSBORF4105	LW	1	745T>C	370	NC_000012.12:52491531:A:G	CCSBVarC002915	ENSP00000369317.3:p.Phe249Leu	KRT6A	ENSG00000205420	KRT15
HsVcPPILacVa1	CCSBORF4870	2	CCSBORF4105	LW	1	806C>T	0	NC_000012.12:52491121:G:A	CCSBVarC015685	ENSP00000369317.3:p.Thr269Ile	KRT6A	ENSG00000205420	KRT15
HsVcPPILacVa1	CCSBORF4870	2	CCSBORF4105	LW	1	968A>T	0	NC_000012.12:52490677:T:A	CCSBVarC015689	ENSP00000369317.3:p.Asp323Val	KRT6A	ENSG00000205420	KRT15
HsVcPPILacVa1	CCSBORF4870	2	CCSBORF4105	LW	1	981C>G	0	NC_000012.12:52490664:G:C	CCSBVarC015694	ENSP00000369317.3:p.Asn327Lys	KRT6A	ENSG00000205420	KRT15
HsVcPPILacVa1	CCSBORF4870	1	CCSBORF100014440	LW	1	REF	129	NULL	NULL	NULL	KRT6A	ENSG00000205420	KRT25
HsVcPPILacVa1	CCSBORF4870	1	CCSBORF100014440	LW	1	1003G>A	0	NC_000012.12:52490642:C:T	CCSBVarC009565	ENSP00000369317.3:p.Ala335Thr	KRT6A	ENSG00000205420	KRT25
HsVcPPILacVa1	CCSBORF4870	1	CCSBORF100014440	LW	1	1157G>T	0	NC_000012.12:52489988:C:A	CCSBVarC015599	ENSP00000369317.3:p.Arg386Leu	KRT6A	ENSG00000205420	KRT25
HsVcPPILacVa1	CCSBORF4870	1	CCSBORF100014440	LW	1	1211A>G	0	NC_000012.12:52488540:T:C	CCSBVarC015607	ENSP00000369317.3:p.Asn404Ser	KRT6A	ENSG00000205420	KRT25
HsVcPPILacVa1	CCSBORF4870	1	CCSBORF100014440	LW	1	1327C>T	1	NC_000012.12:52488424:G:A	CCSBVarC009573	ENSP00000369317.3:p.Arg443Trp	KRT6A	ENSG00000205420	KRT25
HsVcPPILacVa1	CCSBORF4870	1	CCSBORF100014440	LW	1	1340A>G	1	NC_000012.12:52488411:T:C	CCSBVarC015613	ENSP00000369317.3:p.Glu447Gly	KRT6A	ENSG00000205420	KRT25
HsVcPPILacVa1	CCSBORF4870	1	CCSBORF100014440	LW	1	1385T>A	0	NC_000012.12:52488366:A:T	CCSBVarC003674	ENSP00000369317.3:p.Ile462Asn	KRT6A	ENSG00000205420	KRT25
HsVcPPILacVa1	CCSBORF4870	1	CCSBORF100014440	LW	1	1385T>G	0	NC_000012.12:52488366:A:C	CCSBVarC000720	ENSP00000369317.3:p.Ile462Ser	KRT6A	ENSG00000205420	KRT25
HsVcPPILacVa1	CCSBORF4870	1	CCSBORF100014440	LW	1	1403T>C	770	NC_000012.12:52488348:A:G	CCSBVarC003676	ENSP00000369317.3:p.Leu468Pro	KRT6A	ENSG00000205420	KRT25
HsVcPPILacVa1	CCSBORF4870	1	CCSBORF100014440	LW	1	1414G>A	377	NC_000012.12:52488337:C:T	CCSBVarC003678	ENSP00000369317.3:p.Glu472Lys	KRT6A	ENSG00000205420	KRT25
HsVcPPILacVa1	CCSBORF4870	1	CCSBORF100014440	LW	1	1441G>A	1	NC_000012.12:52488086:C:T	CCSBVarC015618	ENSP00000369317.3:p.Val481Ile	KRT6A	ENSG00000205420	KRT25
HsVcPPILacVa1	CCSBORF4870	1	CCSBORF100014440	LW	1	1534G>A	1	NC_000012.12:52487880:C:T	CCSBVarC015629	ENSP00000369317.3:p.Gly512Arg	KRT6A	ENSG00000205420	KRT25
HsVcPPILacVa1	CCSBORF4870	1	CCSBORF100014440	LW	1	1606G>A	0	NC_000012.12:52487808:C:T	CCSBVarC015635	ENSP00000369317.3:p.Gly536Arg	KRT6A	ENSG00000205420	KRT25
HsVcPPILacVa1	CCSBORF4870	1	CCSBORF100014440	LW	1	1655C>G	0	NC_000012.12:52487759:G:C	CCSBVarC002916	ENSP00000369317.3:p.Thr552Ser	KRT6A	ENSG00000205420	KRT25
HsVcPPILacVa1	CCSBORF4870	1	CCSBORF100014440	LW	1	215T>C	0	NC_000012.12:52492973:A:G	CCSBVarC015643	ENSP00000369317.3:p.Ile72Thr	KRT6A	ENSG00000205420	KRT25
HsVcPPILacVa1	CCSBORF4870	1	CCSBORF100014440	LW	1	359G>T	0	NC_000012.12:52492829:C:A	CCSBVarC015649	ENSP00000369317.3:p.Gly120Val	KRT6A	ENSG00000205420	KRT25
HsVcPPILacVa1	CCSBORF4870	1	CCSBORF100014440	LW	1	365T>C	2	NC_000012.12:52492823:A:G	CCSBVarC015653	ENSP00000369317.3:p.Phe122Ser	KRT6A	ENSG00000205420	KRT25
HsVcPPILacVa1	CCSBORF4870	1	CCSBORF100014440	LW	1	460C>G	0	NC_000012.12:52492728:G:C	CCSBVarC015670	ENSP00000369317.3:p.Pro154Ala	KRT6A	ENSG00000205420	KRT25
HsVcPPILacVa1	CCSBORF4870	1	CCSBORF100014440	LW	1	487G>A	48	NC_000012.12:52492701:C:T	CCSBVarC003662	ENSP00000369317.3:p.Glu163Lys	KRT6A	ENSG00000205420	KRT25
HsVcPPILacVa1	CCSBORF4870	1	CCSBORF100014440	LW	1	497A>C	106	NC_000012.12:52492691:T:G	CCSBVarC003664	ENSP00000369317.3:p.Gln166Pro	KRT6A	ENSG00000205420	KRT25
HsVcPPILacVa1	CCSBORF4870	1	CCSBORF100014440	LW	1	508C>T	907	NC_000012.12:52492680:G:A	CCSBVarC003666	ENSP00000369317.3:p.Leu170Phe	KRT6A	ENSG00000205420	KRT25
HsVcPPILacVa1	CCSBORF4870	1	CCSBORF100014440	LW	1	511A>G	266	NC_000012.12:52492677:T:C	CCSBVarC003668	ENSP00000369317.3:p.Asn171Asp	KRT6A	ENSG00000205420	KRT25
HsVcPPILacVa1	CCSBORF4870	1	CCSBORF100014440	LW	1	512A>C	1	NC_000012.12:52492676:T:G	CCSBVarC003670	ENSP00000369317.3:p.Asn171Thr	KRT6A	ENSG00000205420	KRT25
HsVcPPILacVa1	CCSBORF4870	1	CCSBORF100014440	LW	1	513C>A	154	NC_000012.12:52492675:G:T	CCSBVarC000718	ENSP00000369317.3:p.Asn171Lys	KRT6A	ENSG00000205420	KRT25
HsVcPPILacVa1	CCSBORF4870	1	CCSBORF100014440	LW	1	533T>A	1378	NC_000012.12:52492655:A:T	CCSBVarC003672	ENSP00000369317.3:p.Ile178Asn	KRT6A	ENSG00000205420	KRT25
HsVcPPILacVa1	CCSBORF4870	1	CCSBORF100014440	LW	1	62A>G	0	NC_000012.12:52493126:T:C	CCSBVarC002913	ENSP00000369317.3:p.Asn21Ser	KRT6A	ENSG00000205420	KRT25
HsVcPPILacVa1	CCSBORF4870	1	CCSBORF100014440	LW	1	661C>A	1	NC_000012.12:52491615:G:T	CCSBVarC015676	ENSP00000369317.3:p.Leu221Ile	KRT6A	ENSG00000205420	KRT25
HsVcPPILacVa1	CCSBORF4870	1	CCSBORF100014440	LW	1	718A>G	1	NC_000012.12:52491558:T:C	CCSBVarC015683	ENSP00000369317.3:p.Arg240Gly	KRT6A	ENSG00000205420	KRT25
HsVcPPILacVa1	CCSBORF4870	1	CCSBORF100014440	LW	1	827C>T	0	NC_000012.12:52490942:G:A	CCSBVarC015687	ENSP00000369317.3:p.Ala276Val	KRT6A	ENSG00000205420	KRT25
HsVcPPILacVa1	CCSBORF4870	1	CCSBORF100014440	LW	1	98T>C	1	NC_000012.12:52493090:A:G	CCSBVarC015691	ENSP00000369317.3:p.Phe33Ser	KRT6A	ENSG00000205420	KRT25
HsVcPPILacVa1	CCSBORF3581	2	CCSBORF0	LW	1	REF	525	NULL	NULL	NULL	MCOLN1	ENSG00000090674	empty_AD
HsVcPPILacVa1	CCSBORF3581	2	CCSBORF0	LW	1	1100C>T	75	NC_000019.10:7528935:C:T	CCSBVarC016202	ENSP00000264079.5:p.Ser367Leu	MCOLN1	ENSG00000090674	empty_AD
HsVcPPILacVa1	CCSBORF3581	2	CCSBORF0	LW	1	1375A>T	33	NC_000019.10:7530300:A:T	CCSBVarC016235	ENSP00000264079.5:p.Met459Leu	MCOLN1	ENSG00000090674	empty_AD
HsVcPPILacVa1	CCSBORF3581	2	CCSBORF0	LW	1	1395C>G	1138	NC_000019.10:7530320:C:G	CCSBVarC000497	ENSP00000264079.5:p.Phe465Leu	MCOLN1	ENSG00000090674	empty_AD
HsVcPPILacVa1	CCSBORF3581	2	CCSBORF0	LW	1	1700G>A	343	NC_000019.10:7533646:G:A	CCSBVarC016242	ENSP00000264079.5:p.Cys567Tyr	MCOLN1	ENSG00000090674	empty_AD
HsVcPPILacVa1	CCSBORF3581	2	CCSBORF0	LW	1	281G>A	428	NC_000019.10:7526481:G:A	CCSBVarC016250	ENSP00000264079.5:p.Arg94Gln	MCOLN1	ENSG00000090674	empty_AD
HsVcPPILacVa1	CCSBORF3581	2	CCSBORF0	LW	1	365G>A	635	NC_000019.10:7526565:G:A	CCSBVarC016259	ENSP00000264079.5:p.Arg122Gln	MCOLN1	ENSG00000090674	empty_AD
HsVcPPILacVa1	CCSBORF3581	2	CCSBORF0	LW	1	413C>T	5	NC_000019.10:7526767:C:T	CCSBVarC016266	ENSP00000264079.5:p.Ala138Val	MCOLN1	ENSG00000090674	empty_AD
HsVcPPILacVa1	CCSBORF3581	2	CCSBORF0	LW	1	460G>T	208	NC_000019.10:7526814:G:T	CCSBVarC016275	ENSP00000264079.5:p.Gly154Cys	MCOLN1	ENSG00000090674	empty_AD
HsVcPPILacVa1	CCSBORF3581	2	CCSBORF0	LW	1	538G>A	387	NC_000019.10:7526892:G:A	CCSBVarC016281	ENSP00000264079.5:p.Asp180Asn	MCOLN1	ENSG00000090674	empty_AD
HsVcPPILacVa1	CCSBORF3581	2	CCSBORF0	LW	1	665C>T	89	NC_000019.10:7527612:C:T	CCSBVarC016310	ENSP00000264079.5:p.Thr222Met	MCOLN1	ENSG00000090674	empty_AD
HsVcPPILacVa1	CCSBORF3581	2	CCSBORF0	LW	1	694A>C	1	NC_000019.10:7527876:A:C	CCSBVarC000495	ENSP00000264079.5:p.Thr232Pro	MCOLN1	ENSG00000090674	empty_AD
HsVcPPILacVa1	CCSBORF3581	2	CCSBORF0	LW	1	707G>A	346	NC_000019.10:7527889:G:A	CCSBVarC009378	ENSP00000264079.5:p.Arg236Gln	MCOLN1	ENSG00000090674	empty_AD
HsVcPPILacVa1	CCSBORF3581	2	CCSBORF0	LW	1	771C>A	160	NC_000019.10:7527953:C:A	CCSBVarC009367	ENSP00000264079.5:p.Ser257Arg	MCOLN1	ENSG00000090674	empty_AD
HsVcPPILacVa1	CCSBORF3581	2	CCSBORF0	LW	1	77C>T	107	NC_000019.10:7525005:C:T	CCSBVarC016319	ENSP00000264079.5:p.Ala26Val	MCOLN1	ENSG00000090674	empty_AD
HsVcPPILacVa1	CCSBORF3581	2	CCSBORF0	LW	1	785T>C	10	NC_000019.10:7528164:T:C	CCSBVarC016359	ENSP00000264079.5:p.Phe262Ser	MCOLN1	ENSG00000090674	empty_AD
HsVcPPILacVa1	CCSBORF3581	2	CCSBORF0	LW	1	856C>A	0	NC_000019.10:7528235:C:A	CCSBVarC016364	ENSP00000264079.5:p.His286Asn	MCOLN1	ENSG00000090674	empty_AD
HsVcPPILacVa1	CCSBORF1231	1	CCSBORF71959	LW	1	REF	1285	NULL	NULL	NULL	AQP1	ENSG00000240583	KRTAP1-1
HsVcPPILacVa1	CCSBORF1231	1	CCSBORF71959	LW	1	113C>T	1737	NC_000007.14:30912021:C:T	CCSBVarC000137	ENSP00000311165.4:p.Pro38Leu	AQP1	ENSG00000240583	KRTAP1-1
HsVcPPILacVa1	CCSBORF1231	1	CCSBORF71959	LW	1	140A>G	6538	NC_000007.14:30912048:A:G	CCSBVarC000138	ENSP00000311165.4:p.Gln47Arg	AQP1	ENSG00000240583	KRTAP1-1
HsVcPPILacVa1	CCSBORF1231	1	CCSBORF71959	LW	1	319G>A	3	NC_000007.14:30912227:G:A	CCSBVarC015066	ENSP00000311165.4:p.Val107Ile	AQP1	ENSG00000240583	KRTAP1-1
HsVcPPILacVa1	CCSBORF1231	1	CCSBORF71959	LW	1	320T>G	2254	NC_000007.14:30912228:T:G	CCSBVarC015069	ENSP00000311165.4:p.Val107Gly	AQP1	ENSG00000240583	KRTAP1-1
HsVcPPILacVa1	CCSBORF1231	1	CCSBORF71959	LW	1	494G>A	245	NC_000007.14:30922174:G:A	CCSBVarC015072	ENSP00000311165.4:p.Gly165Asp	AQP1	ENSG00000240583	KRTAP1-1
HsVcPPILacVa1	CCSBORF1231	1	CCSBORF71959	LW	1	576C>A	1656	NC_000007.14:30922589:C:A	CCSBVarC000139	ENSP00000311165.4:p.Asn192Lys	AQP1	ENSG00000240583	KRTAP1-1
HsVcPPILacVa1	CCSBORF1231	1	CCSBORF56492	LW	1	REF	1586	NULL	NULL	NULL	AQP1	ENSG00000240583	TNS2
HsVcPPILacVa1	CCSBORF1231	1	CCSBORF56492	LW	1	113C>T	1676	NC_000007.14:30912021:C:T	CCSBVarC000137	ENSP00000311165.4:p.Pro38Leu	AQP1	ENSG00000240583	TNS2
HsVcPPILacVa1	CCSBORF1231	1	CCSBORF56492	LW	1	140A>G	6527	NC_000007.14:30912048:A:G	CCSBVarC000138	ENSP00000311165.4:p.Gln47Arg	AQP1	ENSG00000240583	TNS2
HsVcPPILacVa1	CCSBORF1231	1	CCSBORF56492	LW	1	319G>A	17	NC_000007.14:30912227:G:A	CCSBVarC015066	ENSP00000311165.4:p.Val107Ile	AQP1	ENSG00000240583	TNS2
HsVcPPILacVa1	CCSBORF1231	1	CCSBORF56492	LW	1	320T>G	1767	NC_000007.14:30912228:T:G	CCSBVarC015069	ENSP00000311165.4:p.Val107Gly	AQP1	ENSG00000240583	TNS2
HsVcPPILacVa1	CCSBORF1231	1	CCSBORF56492	LW	1	494G>A	438	NC_000007.14:30922174:G:A	CCSBVarC015072	ENSP00000311165.4:p.Gly165Asp	AQP1	ENSG00000240583	TNS2
HsVcPPILacVa1	CCSBORF1231	1	CCSBORF56492	LW	1	576C>A	1833	NC_000007.14:30922589:C:A	CCSBVarC000139	ENSP00000311165.4:p.Asn192Lys	AQP1	ENSG00000240583	TNS2
HsVcPPILacVa1	CCSBORF1231	1	CCSBORF9895	LW	1	REF	1794	NULL	NULL	NULL	AQP1	ENSG00000240583	MIF4GD
HsVcPPILacVa1	CCSBORF1231	1	CCSBORF9895	LW	1	113C>T	1471	NC_000007.14:30912021:C:T	CCSBVarC000137	ENSP00000311165.4:p.Pro38Leu	AQP1	ENSG00000240583	MIF4GD
HsVcPPILacVa1	CCSBORF1231	1	CCSBORF9895	LW	1	140A>G	7907	NC_000007.14:30912048:A:G	CCSBVarC000138	ENSP00000311165.4:p.Gln47Arg	AQP1	ENSG00000240583	MIF4GD
HsVcPPILacVa1	CCSBORF1231	1	CCSBORF9895	LW	1	319G>A	17	NC_000007.14:30912227:G:A	CCSBVarC015066	ENSP00000311165.4:p.Val107Ile	AQP1	ENSG00000240583	MIF4GD
HsVcPPILacVa1	CCSBORF1231	1	CCSBORF9895	LW	1	320T>G	2290	NC_000007.14:30912228:T:G	CCSBVarC015069	ENSP00000311165.4:p.Val107Gly	AQP1	ENSG00000240583	MIF4GD
HsVcPPILacVa1	CCSBORF1231	1	CCSBORF9895	LW	1	494G>A	607	NC_000007.14:30922174:G:A	CCSBVarC015072	ENSP00000311165.4:p.Gly165Asp	AQP1	ENSG00000240583	MIF4GD
HsVcPPILacVa1	CCSBORF1231	1	CCSBORF9895	LW	1	576C>A	1820	NC_000007.14:30922589:C:A	CCSBVarC000139	ENSP00000311165.4:p.Asn192Lys	AQP1	ENSG00000240583	MIF4GD
HsVcPPILacVa1	CCSBORF1231	1	CCSBORF0	LW	1	REF	0	NULL	NULL	NULL	AQP1	ENSG00000240583	empty_AD
HsVcPPILacVa1	CCSBORF1231	1	CCSBORF0	LW	1	113C>T	0	NC_000007.14:30912021:C:T	CCSBVarC000137	ENSP00000311165.4:p.Pro38Leu	AQP1	ENSG00000240583	empty_AD
HsVcPPILacVa1	CCSBORF1231	1	CCSBORF0	LW	1	140A>G	0	NC_000007.14:30912048:A:G	CCSBVarC000138	ENSP00000311165.4:p.Gln47Arg	AQP1	ENSG00000240583	empty_AD
HsVcPPILacVa1	CCSBORF1231	1	CCSBORF0	LW	1	319G>A	0	NC_000007.14:30912227:G:A	CCSBVarC015066	ENSP00000311165.4:p.Val107Ile	AQP1	ENSG00000240583	empty_AD
HsVcPPILacVa1	CCSBORF1231	1	CCSBORF0	LW	1	320T>G	1	NC_000007.14:30912228:T:G	CCSBVarC015069	ENSP00000311165.4:p.Val107Gly	AQP1	ENSG00000240583	empty_AD
HsVcPPILacVa1	CCSBORF1231	1	CCSBORF0	LW	1	494G>A	0	NC_000007.14:30922174:G:A	CCSBVarC015072	ENSP00000311165.4:p.Gly165Asp	AQP1	ENSG00000240583	empty_AD
HsVcPPILacVa1	CCSBORF1231	1	CCSBORF0	LW	1	576C>A	0	NC_000007.14:30922589:C:A	CCSBVarC000139	ENSP00000311165.4:p.Asn192Lys	AQP1	ENSG00000240583	empty_AD
HsVcPPILacVa1	CCSBORF70357	2	CCSBORF71876	LW	1	REF	266	NULL	NULL	NULL	TSFM	ENSG00000123297	GAS8
HsVcPPILacVa1	CCSBORF70357	2	CCSBORF71876	LW	1	116G>T	1902	NC_000012.12:57783167:G:T	CCSBVarC017014	ENSP00000499171.2:p.Arg39Leu	TSFM	ENSG00000123297	GAS8
HsVcPPILacVa1	CCSBORF70357	2	CCSBORF71876	LW	1	218G>C	0	NC_000012.12:57783269:G:C	CCSBVarC017018	ENSP00000499171.2:p.Gly73Ala	TSFM	ENSG00000123297	GAS8
HsVcPPILacVa1	CCSBORF70357	2	CCSBORF71876	LW	1	233C>T	3	NC_000012.12:57786163:C:T	CCSBVarC017023	ENSP00000499171.2:p.Ala78Val	TSFM	ENSG00000123297	GAS8
HsVcPPILacVa1	CCSBORF70357	2	CCSBORF71876	LW	1	271T>G	739	NC_000012.12:57786201:T:G	CCSBVarC017027	ENSP00000499171.2:p.Trp91Gly	TSFM	ENSG00000123297	GAS8
HsVcPPILacVa1	CCSBORF70357	2	CCSBORF71876	LW	1	388A>G	1208	NC_000012.12:57787066:A:G	CCSBVarC017031	ENSP00000499171.2:p.Arg130Gly	TSFM	ENSG00000123297	GAS8
HsVcPPILacVa1	CCSBORF70357	2	CCSBORF71876	LW	1	521C>T	1	NC_000012.12:57793022:C:T	CCSBVarC017039	ENSP00000499171.2:p.Ala174Val	TSFM	ENSG00000123297	GAS8
HsVcPPILacVa1	CCSBORF70357	2	CCSBORF71876	LW	1	59C>T	383	NC_000012.12:57783110:C:T	CCSBVarC017054	ENSP00000499171.2:p.Ala20Val	TSFM	ENSG00000123297	GAS8
HsVcPPILacVa1	CCSBORF70357	2	CCSBORF71876	LW	1	5C>T	1477	NC_000012.12:57782805:C:T	CCSBVarC017035	ENSP00000499171.2:p.Ser2Leu	TSFM	ENSG00000123297	GAS8
HsVcPPILacVa1	CCSBORF70357	2	CCSBORF71876	LW	1	62G>C	7	NC_000012.12:57783113:G:C	CCSBVarC017057	ENSP00000499171.2:p.Gly21Ala	TSFM	ENSG00000123297	GAS8
HsVcPPILacVa1	CCSBORF70357	2	CCSBORF71876	LW	1	658G>A	0	NC_000012.12:57796262:G:A	CCSBVarC017059	ENSP00000499171.2:p.Ala220Thr	TSFM	ENSG00000123297	GAS8
HsVcPPILacVa1	CCSBORF70357	2	CCSBORF71876	LW	1	719G>C	0	NC_000012.12:57796323:G:C	CCSBVarC017062	ENSP00000499171.2:p.Cys240Ser	TSFM	ENSG00000123297	GAS8
HsVcPPILacVa1	CCSBORF70357	2	CCSBORF71876	LW	1	73C>A	1294	NC_000012.12:57783124:C:A	CCSBVarC017064	ENSP00000499171.2:p.Arg25Ser	TSFM	ENSG00000123297	GAS8
HsVcPPILacVa1	CCSBORF70357	2	CCSBORF71876	LW	1	760C>T	579	NC_000012.12:57796364:C:T	CCSBVarC017066	ENSP00000499171.2:p.Arg254Cys	TSFM	ENSG00000123297	GAS8
HsVcPPILacVa1	CCSBORF70357	2	CCSBORF71876	LW	1	774G>C	260	NC_000012.12:57796378:G:C	CCSBVarC017068	ENSP00000499171.2:p.Gln258His	TSFM	ENSG00000123297	GAS8
HsVcPPILacVa1	CCSBORF70357	2	CCSBORF71876	LW	1	796C>A	1339	NC_000012.12:57796400:C:A	CCSBVarC017071	ENSP00000499171.2:p.Leu266Ile	TSFM	ENSG00000123297	GAS8
HsVcPPILacVa1	CCSBORF70357	2	CCSBORF71876	LW	1	797T>A	5	NC_000012.12:57796401:T:A	CCSBVarC017076	ENSP00000499171.2:p.Leu266His	TSFM	ENSG00000123297	GAS8
HsVcPPILacVa1	CCSBORF70357	2	CCSBORF71876	LW	1	826G>C	1279	NC_000012.12:57796430:G:C	CCSBVarC017080	ENSP00000499171.2:p.Gly276Arg	TSFM	ENSG00000123297	GAS8
HsVcPPILacVa1	CCSBORF70357	2	CCSBORF71876	LW	1	934C>T	504	NC_000012.12:57796538:C:T	CCSBVarC002653	ENSP00000499171.2:p.Arg312Trp	TSFM	ENSG00000123297	GAS8
HsVcPPILacVa1	CCSBORF70357	2	CCSBORF71876	LW	1	97A>G	16	NC_000012.12:57783148:A:G	CCSBVarC017088	ENSP00000499171.2:p.Thr33Ala	TSFM	ENSG00000123297	GAS8
HsVcPPILacVa1	CCSBORF5896	2	CCSBORF3753	LW	1	REF	235	NULL	NULL	NULL	AHCY	ENSG00000101444	C1orf50
HsVcPPILacVa1	CCSBORF5896	2	CCSBORF3753	LW	1	1003C>T	1781	NC_000020.11:34285603:G:A	CCSBVarC016695	ENSP00000217426.2:p.Arg335Cys	AHCY	ENSG00000101444	C1orf50
HsVcPPILacVa1	CCSBORF5896	2	CCSBORF3753	LW	1	104T>C	468	NC_000020.11:34295509:A:G	CCSBVarC016698	ENSP00000217426.2:p.Met35Thr	AHCY	ENSG00000101444	C1orf50
HsVcPPILacVa1	CCSBORF5896	2	CCSBORF3753	LW	1	112C>T	343	NC_000020.11:34295501:G:A	CCSBVarC016719	ENSP00000217426.2:p.Arg38Trp	AHCY	ENSG00000101444	C1orf50
HsVcPPILacVa1	CCSBORF5896	2	CCSBORF3753	LW	1	1190C>T	10	NC_000020.11:34281142:G:A	CCSBVarC016725	ENSP00000217426.2:p.Ala397Val	AHCY	ENSG00000101444	C1orf50
HsVcPPILacVa1	CCSBORF5896	2	CCSBORF3753	LW	1	1261T>C	828	NC_000020.11:34281071:A:G	CCSBVarC016729	ENSP00000217426.2:p.Cys421Arg	AHCY	ENSG00000101444	C1orf50
HsVcPPILacVa1	CCSBORF5896	2	CCSBORF3753	LW	1	137A>C	285	NC_000020.11:34295476:T:G	CCSBVarC016735	ENSP00000217426.2:p.Lys46Thr	AHCY	ENSG00000101444	C1orf50
HsVcPPILacVa1	CCSBORF5896	2	CCSBORF3753	LW	1	257A>G	781	NC_000020.11:34294118:T:C	CCSBVarC000925	ENSP00000217426.2:p.Asp86Gly	AHCY	ENSG00000101444	C1orf50
HsVcPPILacVa1	CCSBORF5896	2	CCSBORF3753	LW	1	274A>G	1098	NC_000020.11:34294101:T:C	CCSBVarC016741	ENSP00000217426.2:p.Ile92Val	AHCY	ENSG00000101444	C1orf50
HsVcPPILacVa1	CCSBORF5896	2	CCSBORF3753	LW	1	367G>A	347	NC_000020.11:34292435:C:T	CCSBVarC016748	ENSP00000217426.2:p.Gly123Arg	AHCY	ENSG00000101444	C1orf50
HsVcPPILacVa1	CCSBORF5896	2	CCSBORF3753	LW	1	394G>A	7	NC_000020.11:34292408:C:T	CCSBVarC016753	ENSP00000217426.2:p.Gly132Arg	AHCY	ENSG00000101444	C1orf50
HsVcPPILacVa1	CCSBORF5896	2	CCSBORF3753	LW	1	428A>G	432	NC_000020.11:34292374:T:C	CCSBVarC000927	ENSP00000217426.2:p.Tyr143Cys	AHCY	ENSG00000101444	C1orf50
HsVcPPILacVa1	CCSBORF5896	2	CCSBORF3753	LW	1	526C>T	578	NC_000020.11:34291450:G:A	CCSBVarC016759	ENSP00000217426.2:p.Pro176Ser	AHCY	ENSG00000101444	C1orf50
HsVcPPILacVa1	CCSBORF5896	2	CCSBORF3753	LW	1	662A>G	0	NC_000020.11:34290834:T:C	CCSBVarC016765	ENSP00000217426.2:p.Tyr221Cys	AHCY	ENSG00000101444	C1orf50
HsVcPPILacVa1	CCSBORF5896	2	CCSBORF3753	LW	1	697C>T	1159	NC_000020.11:34290799:G:A	CCSBVarC016774	ENSP00000217426.2:p.Arg233Trp	AHCY	ENSG00000101444	C1orf50
HsVcPPILacVa1	CCSBORF5896	2	CCSBORF3753	LW	1	706G>A	834	NC_000020.11:34290790:C:T	CCSBVarC016778	ENSP00000217426.2:p.Gly236Arg	AHCY	ENSG00000101444	C1orf50
HsVcPPILacVa1	CCSBORF5896	2	CCSBORF3753	LW	1	853C>T	143	NC_000020.11:34290551:G:A	CCSBVarC016784	ENSP00000217426.2:p.Arg285Trp	AHCY	ENSG00000101444	C1orf50
HsVcPPILacVa1	CCSBORF5896	2	CCSBORF3753	LW	1	97A>G	0	NC_000020.11:34295516:T:C	CCSBVarC016791	ENSP00000217426.2:p.Met33Val	AHCY	ENSG00000101444	C1orf50
HsVcPPILacVa1	CCSBORF7637	1	CCSBORF13662	LW	1	REF	492	NULL	NULL	NULL	CFP	ENSG00000126759	CYSRT1
HsVcPPILacVa1	CCSBORF7637	1	CCSBORF13662	LW	1	1076G>A	4	NC_000023.11:47626383:C:T	CCSBVarC017055	ENSP00000380189.3:p.Arg359Gln	CFP	ENSG00000126759	CYSRT1
HsVcPPILacVa1	CCSBORF7637	1	CCSBORF13662	LW	1	1180C>T	274	NC_000023.11:47626121:G:A	CCSBVarC017072	ENSP00000380189.3:p.Pro394Ser	CFP	ENSG00000126759	CYSRT1
HsVcPPILacVa1	CCSBORF7637	1	CCSBORF13662	LW	1	1205C>G	623	NC_000023.11:47626096:G:C	CCSBVarC017075	ENSP00000380189.3:p.Ala402Gly	CFP	ENSG00000126759	CYSRT1
HsVcPPILacVa1	CCSBORF7637	1	CCSBORF13662	LW	1	121G>A	69	NC_000023.11:47629629:C:T	CCSBVarC010168	ENSP00000380189.3:p.Gly41Ser	CFP	ENSG00000126759	CYSRT1
HsVcPPILacVa1	CCSBORF7637	1	CCSBORF13662	LW	1	1237A>G	359	NC_000023.11:47626064:T:C	CCSBVarC017079	ENSP00000380189.3:p.Lys413Glu	CFP	ENSG00000126759	CYSRT1
HsVcPPILacVa1	CCSBORF7637	1	CCSBORF13662	LW	1	1240T>G	165	NC_000023.11:47626061:A:C	CCSBVarC004314	ENSP00000380189.3:p.Tyr414Asp	CFP	ENSG00000126759	CYSRT1
HsVcPPILacVa1	CCSBORF7637	1	CCSBORF13662	LW	1	1301G>C	178	NC_000023.11:47624383:C:G	CCSBVarC017083	ENSP00000380189.3:p.Arg434Thr	CFP	ENSG00000126759	CYSRT1
HsVcPPILacVa1	CCSBORF7637	1	CCSBORF13662	LW	1	1369C>T	256	NC_000023.11:47624315:G:A	CCSBVarC017087	ENSP00000380189.3:p.His457Tyr	CFP	ENSG00000126759	CYSRT1
HsVcPPILacVa1	CCSBORF7637	1	CCSBORF13662	LW	1	232C>G	1044	NC_000023.11:47628272:G:C	CCSBVarC017091	ENSP00000380189.3:p.Pro78Ala	CFP	ENSG00000126759	CYSRT1
HsVcPPILacVa1	CCSBORF7637	1	CCSBORF13662	LW	1	236G>A	10	NC_000023.11:47628268:C:T	CCSBVarC010162	ENSP00000380189.3:p.Arg79Gln	CFP	ENSG00000126759	CYSRT1
HsVcPPILacVa1	CCSBORF7637	1	CCSBORF13662	LW	1	308G>A	40	NC_000023.11:47628196:C:T	CCSBVarC017095	ENSP00000380189.3:p.Arg103His	CFP	ENSG00000126759	CYSRT1
HsVcPPILacVa1	CCSBORF7637	1	CCSBORF13662	LW	1	343G>T	429	NC_000023.11:47628161:C:A	CCSBVarC017099	ENSP00000380189.3:p.Val115Leu	CFP	ENSG00000126759	CYSRT1
HsVcPPILacVa1	CCSBORF7637	1	CCSBORF13662	LW	1	412G>A	1	NC_000023.11:47627632:C:T	CCSBVarC017103	ENSP00000380189.3:p.Gly138Ser	CFP	ENSG00000126759	CYSRT1
HsVcPPILacVa1	CCSBORF7637	1	CCSBORF13662	LW	1	469C>T	10	NC_000023.11:47627575:G:A	CCSBVarC017107	ENSP00000380189.3:p.Arg157Trp	CFP	ENSG00000126759	CYSRT1
HsVcPPILacVa1	CCSBORF7637	1	CCSBORF13662	LW	1	482G>A	7	NC_000023.11:47627562:C:T	CCSBVarC017122	ENSP00000380189.3:p.Arg161Gln	CFP	ENSG00000126759	CYSRT1
HsVcPPILacVa1	CCSBORF7637	1	CCSBORF13662	LW	1	643G>A	12	NC_000023.11:47627263:C:T	CCSBVarC017126	ENSP00000380189.3:p.Glu215Lys	CFP	ENSG00000126759	CYSRT1
HsVcPPILacVa1	CCSBORF7637	1	CCSBORF13662	LW	1	709C>T	3	NC_000023.11:47627197:G:A	CCSBVarC017130	ENSP00000380189.3:p.Pro237Ser	CFP	ENSG00000126759	CYSRT1
HsVcPPILacVa1	CCSBORF7637	1	CCSBORF13662	LW	1	739A>T	225	NC_000023.11:47627167:T:A	CCSBVarC017134	ENSP00000380189.3:p.Arg247Trp	CFP	ENSG00000126759	CYSRT1
HsVcPPILacVa1	CCSBORF7637	1	CCSBORF13662	LW	1	865C>T	767	NC_000023.11:47626847:G:A	CCSBVarC017137	ENSP00000380189.3:p.Pro289Ser	CFP	ENSG00000126759	CYSRT1
HsVcPPILacVa1	CCSBORF7637	1	CCSBORF13662	LW	1	895G>A	27	NC_000023.11:47626817:C:T	CCSBVarC010164	ENSP00000380189.3:p.Asp299Asn	CFP	ENSG00000126759	CYSRT1
HsVcPPILacVa1	CCSBORF7637	1	CCSBORF13662	LW	1	961T>G	719	NC_000023.11:47626498:A:C	CCSBVarC010175	ENSP00000380189.3:p.Trp321Gly	CFP	ENSG00000126759	CYSRT1
HsVcPPILacVa1	CCSBORF7637	1	CCSBORF13662	LW	1	962G>C	4	NC_000023.11:47626497:C:G	CCSBVarC001212	ENSP00000380189.3:p.Trp321Ser	CFP	ENSG00000126759	CYSRT1
HsVcPPILacVa1	CCSBORF4870	2	CCSBORF55664	LW	1	REF	260	NULL	NULL	NULL	KRT6A	ENSG00000205420	TRIM54
HsVcPPILacVa1	CCSBORF4870	2	CCSBORF55664	LW	1	1198A>C	431	NC_000012.12:52489947:T:G	CCSBVarC015603	ENSP00000369317.3:p.Lys400Gln	KRT6A	ENSG00000205420	TRIM54
HsVcPPILacVa1	CCSBORF4870	2	CCSBORF55664	LW	1	1282G>A	50	NC_000012.12:52488469:C:T	CCSBVarC015611	ENSP00000369317.3:p.Glu428Lys	KRT6A	ENSG00000205420	TRIM54
HsVcPPILacVa1	CCSBORF4870	2	CCSBORF55664	LW	1	1378G>A	507	NC_000012.12:52488373:C:T	CCSBVarC015615	ENSP00000369317.3:p.Val460Met	KRT6A	ENSG00000205420	TRIM54
HsVcPPILacVa1	CCSBORF4870	2	CCSBORF55664	LW	1	1381G>A	909	NC_000012.12:52488370:C:T	CCSBVarC003673	ENSP00000369317.3:p.Glu461Lys	KRT6A	ENSG00000205420	TRIM54
HsVcPPILacVa1	CCSBORF4870	2	CCSBORF55664	LW	1	1387G>C	253	NC_000012.12:52488364:C:G	CCSBVarC000721	ENSP00000369317.3:p.Ala463Pro	KRT6A	ENSG00000205420	TRIM54
HsVcPPILacVa1	CCSBORF4870	2	CCSBORF55664	LW	1	1393T>C	2	NC_000012.12:52488358:A:G	CCSBVarC003675	ENSP00000369317.3:p.Tyr465His	KRT6A	ENSG00000205420	TRIM54
HsVcPPILacVa1	CCSBORF4870	2	CCSBORF55664	LW	1	1403T>A	119	NC_000012.12:52488348:A:T	CCSBVarC003677	ENSP00000369317.3:p.Leu468Gln	KRT6A	ENSG00000205420	TRIM54
HsVcPPILacVa1	CCSBORF4870	2	CCSBORF55664	LW	1	1416G>C	516	NC_000012.12:52488335:C:G	CCSBVarC003679	ENSP00000369317.3:p.Glu472Asp	KRT6A	ENSG00000205420	TRIM54
HsVcPPILacVa1	CCSBORF4870	2	CCSBORF55664	LW	1	1456A>G	1	NC_000012.12:52488071:T:C	CCSBVarC015620	ENSP00000369317.3:p.Ile486Val	KRT6A	ENSG00000205420	TRIM54
HsVcPPILacVa1	CCSBORF4870	2	CCSBORF55664	LW	1	1567G>A	102	NC_000012.12:52487847:C:T	CCSBVarC009576	ENSP00000369317.3:p.Val523Ile	KRT6A	ENSG00000205420	TRIM54
HsVcPPILacVa1	CCSBORF4870	2	CCSBORF55664	LW	1	1567G>T	102	NC_000012.12:52487847:C:A	CCSBVarC002920	ENSP00000369317.3:p.Val523Phe	KRT6A	ENSG00000205420	TRIM54
HsVcPPILacVa1	CCSBORF4870	2	CCSBORF55664	LW	1	1604T>C	125	NC_000012.12:52487810:A:G	CCSBVarC015632	ENSP00000369317.3:p.Ile535Thr	KRT6A	ENSG00000205420	TRIM54
HsVcPPILacVa1	CCSBORF4870	2	CCSBORF55664	LW	1	1650G>T	329	NC_000012.12:52487764:C:A	CCSBVarC015638	ENSP00000369317.3:p.Lys550Asn	KRT6A	ENSG00000205420	TRIM54
HsVcPPILacVa1	CCSBORF4870	2	CCSBORF55664	LW	1	332G>A	0	NC_000012.12:52492856:C:T	CCSBVarC015647	ENSP00000369317.3:p.Gly111Asp	KRT6A	ENSG00000205420	TRIM54
HsVcPPILacVa1	CCSBORF4870	2	CCSBORF55664	LW	1	361G>A	117	NC_000012.12:52492827:C:T	CCSBVarC015651	ENSP00000369317.3:p.Gly121Ser	KRT6A	ENSG00000205420	TRIM54
HsVcPPILacVa1	CCSBORF4870	2	CCSBORF55664	LW	1	46C>T	4	NC_000012.12:52493142:G:A	CCSBVarC015667	ENSP00000369317.3:p.Arg16Trp	KRT6A	ENSG00000205420	TRIM54
HsVcPPILacVa1	CCSBORF4870	2	CCSBORF55664	LW	1	491G>C	261	NC_000012.12:52492697:C:G	CCSBVarC003663	ENSP00000369317.3:p.Arg164Pro	KRT6A	ENSG00000205420	TRIM54
HsVcPPILacVa1	CCSBORF4870	2	CCSBORF55664	LW	1	500T>G	1	NC_000012.12:52492688:A:C	CCSBVarC003665	ENSP00000369317.3:p.Ile167Ser	KRT6A	ENSG00000205420	TRIM54
HsVcPPILacVa1	CCSBORF4870	2	CCSBORF55664	LW	1	511A>T	179	NC_000012.12:52492677:T:A	CCSBVarC003667	ENSP00000369317.3:p.Asn171Tyr	KRT6A	ENSG00000205420	TRIM54
HsVcPPILacVa1	CCSBORF4870	2	CCSBORF55664	LW	1	512A>G	169	NC_000012.12:52492676:T:C	CCSBVarC003669	ENSP00000369317.3:p.Asn171Ser	KRT6A	ENSG00000205420	TRIM54
HsVcPPILacVa1	CCSBORF4870	2	CCSBORF55664	LW	1	520T>G	1	NC_000012.12:52492668:A:C	CCSBVarC000719	ENSP00000369317.3:p.Phe174Val	KRT6A	ENSG00000205420	TRIM54
HsVcPPILacVa1	CCSBORF4870	2	CCSBORF55664	LW	1	526T>C	102	NC_000012.12:52492662:A:G	CCSBVarC003671	ENSP00000369317.3:p.Ser176Pro	KRT6A	ENSG00000205420	TRIM54
HsVcPPILacVa1	CCSBORF4870	2	CCSBORF55664	LW	1	628C>A	663	NC_000012.12:52491648:G:T	CCSBVarC009567	ENSP00000369317.3:p.Leu210Met	KRT6A	ENSG00000205420	TRIM54
HsVcPPILacVa1	CCSBORF4870	2	CCSBORF55664	LW	1	632A>G	2	NC_000012.12:52491644:T:C	CCSBVarC015673	ENSP00000369317.3:p.Glu211Gly	KRT6A	ENSG00000205420	TRIM54
HsVcPPILacVa1	CCSBORF4870	2	CCSBORF55664	LW	1	680G>A	0	NC_000012.12:52491596:C:T	CCSBVarC015679	ENSP00000369317.3:p.Ser227Asn	KRT6A	ENSG00000205420	TRIM54
HsVcPPILacVa1	CCSBORF4870	2	CCSBORF55664	LW	1	745T>C	449	NC_000012.12:52491531:A:G	CCSBVarC002915	ENSP00000369317.3:p.Phe249Leu	KRT6A	ENSG00000205420	TRIM54
HsVcPPILacVa1	CCSBORF4870	2	CCSBORF55664	LW	1	806C>T	2	NC_000012.12:52491121:G:A	CCSBVarC015685	ENSP00000369317.3:p.Thr269Ile	KRT6A	ENSG00000205420	TRIM54
HsVcPPILacVa1	CCSBORF4870	2	CCSBORF55664	LW	1	968A>T	1	NC_000012.12:52490677:T:A	CCSBVarC015689	ENSP00000369317.3:p.Asp323Val	KRT6A	ENSG00000205420	TRIM54
HsVcPPILacVa1	CCSBORF4870	2	CCSBORF55664	LW	1	981C>G	1	NC_000012.12:52490664:G:C	CCSBVarC015694	ENSP00000369317.3:p.Asn327Lys	KRT6A	ENSG00000205420	TRIM54
HsVcPPILacVa1	CCSBORF4870	1	CCSBORF56141	LW	1	REF	98	NULL	NULL	NULL	KRT6A	ENSG00000205420	KRT31
HsVcPPILacVa1	CCSBORF4870	1	CCSBORF56141	LW	1	1003G>A	0	NC_000012.12:52490642:C:T	CCSBVarC009565	ENSP00000369317.3:p.Ala335Thr	KRT6A	ENSG00000205420	KRT31
HsVcPPILacVa1	CCSBORF4870	1	CCSBORF56141	LW	1	1157G>T	0	NC_000012.12:52489988:C:A	CCSBVarC015599	ENSP00000369317.3:p.Arg386Leu	KRT6A	ENSG00000205420	KRT31
HsVcPPILacVa1	CCSBORF4870	1	CCSBORF56141	LW	1	1211A>G	1	NC_000012.12:52488540:T:C	CCSBVarC015607	ENSP00000369317.3:p.Asn404Ser	KRT6A	ENSG00000205420	KRT31
HsVcPPILacVa1	CCSBORF4870	1	CCSBORF56141	LW	1	1327C>T	0	NC_000012.12:52488424:G:A	CCSBVarC009573	ENSP00000369317.3:p.Arg443Trp	KRT6A	ENSG00000205420	KRT31
HsVcPPILacVa1	CCSBORF4870	1	CCSBORF56141	LW	1	1340A>G	0	NC_000012.12:52488411:T:C	CCSBVarC015613	ENSP00000369317.3:p.Glu447Gly	KRT6A	ENSG00000205420	KRT31
HsVcPPILacVa1	CCSBORF4870	1	CCSBORF56141	LW	1	1385T>A	0	NC_000012.12:52488366:A:T	CCSBVarC003674	ENSP00000369317.3:p.Ile462Asn	KRT6A	ENSG00000205420	KRT31
HsVcPPILacVa1	CCSBORF4870	1	CCSBORF56141	LW	1	1385T>G	1	NC_000012.12:52488366:A:C	CCSBVarC000720	ENSP00000369317.3:p.Ile462Ser	KRT6A	ENSG00000205420	KRT31
HsVcPPILacVa1	CCSBORF4870	1	CCSBORF56141	LW	1	1403T>C	361	NC_000012.12:52488348:A:G	CCSBVarC003676	ENSP00000369317.3:p.Leu468Pro	KRT6A	ENSG00000205420	KRT31
HsVcPPILacVa1	CCSBORF4870	1	CCSBORF56141	LW	1	1414G>A	227	NC_000012.12:52488337:C:T	CCSBVarC003678	ENSP00000369317.3:p.Glu472Lys	KRT6A	ENSG00000205420	KRT31
HsVcPPILacVa1	CCSBORF4870	1	CCSBORF56141	LW	1	1441G>A	0	NC_000012.12:52488086:C:T	CCSBVarC015618	ENSP00000369317.3:p.Val481Ile	KRT6A	ENSG00000205420	KRT31
HsVcPPILacVa1	CCSBORF4870	1	CCSBORF56141	LW	1	1534G>A	0	NC_000012.12:52487880:C:T	CCSBVarC015629	ENSP00000369317.3:p.Gly512Arg	KRT6A	ENSG00000205420	KRT31
HsVcPPILacVa1	CCSBORF4870	1	CCSBORF56141	LW	1	1606G>A	0	NC_000012.12:52487808:C:T	CCSBVarC015635	ENSP00000369317.3:p.Gly536Arg	KRT6A	ENSG00000205420	KRT31
HsVcPPILacVa1	CCSBORF4870	1	CCSBORF56141	LW	1	1655C>G	0	NC_000012.12:52487759:G:C	CCSBVarC002916	ENSP00000369317.3:p.Thr552Ser	KRT6A	ENSG00000205420	KRT31
HsVcPPILacVa1	CCSBORF4870	1	CCSBORF56141	LW	1	215T>C	0	NC_000012.12:52492973:A:G	CCSBVarC015643	ENSP00000369317.3:p.Ile72Thr	KRT6A	ENSG00000205420	KRT31
HsVcPPILacVa1	CCSBORF4870	1	CCSBORF56141	LW	1	359G>T	1	NC_000012.12:52492829:C:A	CCSBVarC015649	ENSP00000369317.3:p.Gly120Val	KRT6A	ENSG00000205420	KRT31
HsVcPPILacVa1	CCSBORF4870	1	CCSBORF56141	LW	1	365T>C	2	NC_000012.12:52492823:A:G	CCSBVarC015653	ENSP00000369317.3:p.Phe122Ser	KRT6A	ENSG00000205420	KRT31
HsVcPPILacVa1	CCSBORF4870	1	CCSBORF56141	LW	1	460C>G	3	NC_000012.12:52492728:G:C	CCSBVarC015670	ENSP00000369317.3:p.Pro154Ala	KRT6A	ENSG00000205420	KRT31
HsVcPPILacVa1	CCSBORF4870	1	CCSBORF56141	LW	1	487G>A	43	NC_000012.12:52492701:C:T	CCSBVarC003662	ENSP00000369317.3:p.Glu163Lys	KRT6A	ENSG00000205420	KRT31
HsVcPPILacVa1	CCSBORF4870	1	CCSBORF56141	LW	1	497A>C	28	NC_000012.12:52492691:T:G	CCSBVarC003664	ENSP00000369317.3:p.Gln166Pro	KRT6A	ENSG00000205420	KRT31
HsVcPPILacVa1	CCSBORF4870	1	CCSBORF56141	LW	1	508C>T	347	NC_000012.12:52492680:G:A	CCSBVarC003666	ENSP00000369317.3:p.Leu170Phe	KRT6A	ENSG00000205420	KRT31
HsVcPPILacVa1	CCSBORF4870	1	CCSBORF56141	LW	1	511A>G	135	NC_000012.12:52492677:T:C	CCSBVarC003668	ENSP00000369317.3:p.Asn171Asp	KRT6A	ENSG00000205420	KRT31
HsVcPPILacVa1	CCSBORF4870	1	CCSBORF56141	LW	1	512A>C	0	NC_000012.12:52492676:T:G	CCSBVarC003670	ENSP00000369317.3:p.Asn171Thr	KRT6A	ENSG00000205420	KRT31
HsVcPPILacVa1	CCSBORF4870	1	CCSBORF56141	LW	1	513C>A	44	NC_000012.12:52492675:G:T	CCSBVarC000718	ENSP00000369317.3:p.Asn171Lys	KRT6A	ENSG00000205420	KRT31
HsVcPPILacVa1	CCSBORF4870	1	CCSBORF56141	LW	1	533T>A	628	NC_000012.12:52492655:A:T	CCSBVarC003672	ENSP00000369317.3:p.Ile178Asn	KRT6A	ENSG00000205420	KRT31
HsVcPPILacVa1	CCSBORF4870	1	CCSBORF56141	LW	1	62A>G	13	NC_000012.12:52493126:T:C	CCSBVarC002913	ENSP00000369317.3:p.Asn21Ser	KRT6A	ENSG00000205420	KRT31
HsVcPPILacVa1	CCSBORF4870	1	CCSBORF56141	LW	1	661C>A	0	NC_000012.12:52491615:G:T	CCSBVarC015676	ENSP00000369317.3:p.Leu221Ile	KRT6A	ENSG00000205420	KRT31
HsVcPPILacVa1	CCSBORF4870	1	CCSBORF56141	LW	1	718A>G	1	NC_000012.12:52491558:T:C	CCSBVarC015683	ENSP00000369317.3:p.Arg240Gly	KRT6A	ENSG00000205420	KRT31
HsVcPPILacVa1	CCSBORF4870	1	CCSBORF56141	LW	1	827C>T	0	NC_000012.12:52490942:G:A	CCSBVarC015687	ENSP00000369317.3:p.Ala276Val	KRT6A	ENSG00000205420	KRT31
HsVcPPILacVa1	CCSBORF4870	1	CCSBORF56141	LW	1	98T>C	1	NC_000012.12:52493090:A:G	CCSBVarC015691	ENSP00000369317.3:p.Phe33Ser	KRT6A	ENSG00000205420	KRT31
HsVcPPILacVa1	CCSBORF3581	1	CCSBORF820	LW	1	REF	428	NULL	NULL	NULL	MCOLN1	ENSG00000090674	APPBP2
HsVcPPILacVa1	CCSBORF3581	1	CCSBORF820	LW	1	1062G>T	0	NC_000019.10:7528897:G:T	CCSBVarC016196	ENSP00000264079.5:p.Trp354Cys	MCOLN1	ENSG00000090674	APPBP2
HsVcPPILacVa1	CCSBORF3581	1	CCSBORF820	LW	1	1084G>T	1391	NC_000019.10:7528919:G:T	CCSBVarC000496	ENSP00000264079.5:p.Asp362Tyr	MCOLN1	ENSG00000090674	APPBP2
HsVcPPILacVa1	CCSBORF3581	1	CCSBORF820	LW	1	1207C>T	878	NC_000019.10:7529172:C:T	CCSBVarC003574	ENSP00000264079.5:p.Arg403Cys	MCOLN1	ENSG00000090674	APPBP2
HsVcPPILacVa1	CCSBORF3581	1	CCSBORF820	LW	1	1208G>A	151	NC_000019.10:7529173:G:A	CCSBVarC016205	ENSP00000264079.5:p.Arg403His	MCOLN1	ENSG00000090674	APPBP2
HsVcPPILacVa1	CCSBORF3581	1	CCSBORF820	LW	1	16G>T	4	NC_000019.10:7522765:G:T	CCSBVarC016237	ENSP00000264079.5:p.Gly6Cys	MCOLN1	ENSG00000090674	APPBP2
HsVcPPILacVa1	CCSBORF3581	1	CCSBORF820	LW	1	248T>G	1	NC_000019.10:7526448:T:G	CCSBVarC016247	ENSP00000264079.5:p.Phe83Cys	MCOLN1	ENSG00000090674	APPBP2
HsVcPPILacVa1	CCSBORF3581	1	CCSBORF820	LW	1	364C>T	0	NC_000019.10:7526564:C:T	CCSBVarC016256	ENSP00000264079.5:p.Arg122Trp	MCOLN1	ENSG00000090674	APPBP2
HsVcPPILacVa1	CCSBORF3581	1	CCSBORF820	LW	1	367G>A	1032	NC_000019.10:7526567:G:A	CCSBVarC016262	ENSP00000264079.5:p.Glu123Lys	MCOLN1	ENSG00000090674	APPBP2
HsVcPPILacVa1	CCSBORF3581	1	CCSBORF820	LW	1	452G>A	47	NC_000019.10:7526806:G:A	CCSBVarC016272	ENSP00000264079.5:p.Arg151His	MCOLN1	ENSG00000090674	APPBP2
HsVcPPILacVa1	CCSBORF3581	1	CCSBORF820	LW	1	497G>T	1	NC_000019.10:7526851:G:T	CCSBVarC016278	ENSP00000264079.5:p.Cys166Phe	MCOLN1	ENSG00000090674	APPBP2
HsVcPPILacVa1	CCSBORF3581	1	CCSBORF820	LW	1	589C>A	765	NC_000019.10:7527536:C:A	CCSBVarC016283	ENSP00000264079.5:p.Pro197Thr	MCOLN1	ENSG00000090674	APPBP2
HsVcPPILacVa1	CCSBORF3581	1	CCSBORF820	LW	1	625C>T	4	NC_000019.10:7527572:C:T	CCSBVarC009375	ENSP00000264079.5:p.Leu209Phe	MCOLN1	ENSG00000090674	APPBP2
HsVcPPILacVa1	CCSBORF3581	1	CCSBORF820	LW	1	71C>A	1225	NC_000019.10:7524999:C:A	CCSBVarC016317	ENSP00000264079.5:p.Thr24Asn	MCOLN1	ENSG00000090674	APPBP2
HsVcPPILacVa1	CCSBORF3581	1	CCSBORF820	LW	1	782C>T	5	NC_000019.10:7528161:C:T	CCSBVarC016322	ENSP00000264079.5:p.Thr261Met	MCOLN1	ENSG00000090674	APPBP2
HsVcPPILacVa1	CCSBORF3581	1	CCSBORF820	LW	1	815C>G	367	NC_000019.10:7528194:C:G	CCSBVarC016362	ENSP00000264079.5:p.Pro272Arg	MCOLN1	ENSG00000090674	APPBP2
HsVcPPILacVa1	CCSBORF3581	1	CCSBORF820	LW	1	907G>A	5	NC_000019.10:7528625:G:A	CCSBVarC016388	ENSP00000264079.5:p.Val303Met	MCOLN1	ENSG00000090674	APPBP2
HsVcPPILacVa1	CCSBORF1231	1	CCSBORF71894	LW	1	REF	1613	NULL	NULL	NULL	AQP1	ENSG00000240583	ZIM2
HsVcPPILacVa1	CCSBORF1231	1	CCSBORF71894	LW	1	113C>T	828	NC_000007.14:30912021:C:T	CCSBVarC000137	ENSP00000311165.4:p.Pro38Leu	AQP1	ENSG00000240583	ZIM2
HsVcPPILacVa1	CCSBORF1231	1	CCSBORF71894	LW	1	140A>G	7715	NC_000007.14:30912048:A:G	CCSBVarC000138	ENSP00000311165.4:p.Gln47Arg	AQP1	ENSG00000240583	ZIM2
HsVcPPILacVa1	CCSBORF1231	1	CCSBORF71894	LW	1	319G>A	15	NC_000007.14:30912227:G:A	CCSBVarC015066	ENSP00000311165.4:p.Val107Ile	AQP1	ENSG00000240583	ZIM2
HsVcPPILacVa1	CCSBORF1231	1	CCSBORF71894	LW	1	320T>G	1909	NC_000007.14:30912228:T:G	CCSBVarC015069	ENSP00000311165.4:p.Val107Gly	AQP1	ENSG00000240583	ZIM2
HsVcPPILacVa1	CCSBORF1231	1	CCSBORF71894	LW	1	494G>A	426	NC_000007.14:30922174:G:A	CCSBVarC015072	ENSP00000311165.4:p.Gly165Asp	AQP1	ENSG00000240583	ZIM2
HsVcPPILacVa1	CCSBORF1231	1	CCSBORF71894	LW	1	576C>A	2634	NC_000007.14:30922589:C:A	CCSBVarC000139	ENSP00000311165.4:p.Asn192Lys	AQP1	ENSG00000240583	ZIM2
HsVcPPILacVa1	CCSBORF1231	1	CCSBORF52758	LW	1	REF	1579	NULL	NULL	NULL	AQP1	ENSG00000240583	ZNF792
HsVcPPILacVa1	CCSBORF1231	1	CCSBORF52758	LW	1	113C>T	1489	NC_000007.14:30912021:C:T	CCSBVarC000137	ENSP00000311165.4:p.Pro38Leu	AQP1	ENSG00000240583	ZNF792
HsVcPPILacVa1	CCSBORF1231	1	CCSBORF52758	LW	1	140A>G	6822	NC_000007.14:30912048:A:G	CCSBVarC000138	ENSP00000311165.4:p.Gln47Arg	AQP1	ENSG00000240583	ZNF792
HsVcPPILacVa1	CCSBORF1231	1	CCSBORF52758	LW	1	319G>A	12	NC_000007.14:30912227:G:A	CCSBVarC015066	ENSP00000311165.4:p.Val107Ile	AQP1	ENSG00000240583	ZNF792
HsVcPPILacVa1	CCSBORF1231	1	CCSBORF52758	LW	1	320T>G	1585	NC_000007.14:30912228:T:G	CCSBVarC015069	ENSP00000311165.4:p.Val107Gly	AQP1	ENSG00000240583	ZNF792
HsVcPPILacVa1	CCSBORF1231	1	CCSBORF52758	LW	1	494G>A	579	NC_000007.14:30922174:G:A	CCSBVarC015072	ENSP00000311165.4:p.Gly165Asp	AQP1	ENSG00000240583	ZNF792
HsVcPPILacVa1	CCSBORF1231	1	CCSBORF52758	LW	1	576C>A	1322	NC_000007.14:30922589:C:A	CCSBVarC000139	ENSP00000311165.4:p.Asn192Lys	AQP1	ENSG00000240583	ZNF792
HsVcPPILacVa1	CCSBORF1231	1	CCSBORF7954	LW	1	REF	1121	NULL	NULL	NULL	AQP1	ENSG00000240583	BEGAIN
HsVcPPILacVa1	CCSBORF1231	1	CCSBORF7954	LW	1	113C>T	1730	NC_000007.14:30912021:C:T	CCSBVarC000137	ENSP00000311165.4:p.Pro38Leu	AQP1	ENSG00000240583	BEGAIN
HsVcPPILacVa1	CCSBORF1231	1	CCSBORF7954	LW	1	140A>G	6636	NC_000007.14:30912048:A:G	CCSBVarC000138	ENSP00000311165.4:p.Gln47Arg	AQP1	ENSG00000240583	BEGAIN
HsVcPPILacVa1	CCSBORF1231	1	CCSBORF7954	LW	1	319G>A	8	NC_000007.14:30912227:G:A	CCSBVarC015066	ENSP00000311165.4:p.Val107Ile	AQP1	ENSG00000240583	BEGAIN
HsVcPPILacVa1	CCSBORF1231	1	CCSBORF7954	LW	1	320T>G	2078	NC_000007.14:30912228:T:G	CCSBVarC015069	ENSP00000311165.4:p.Val107Gly	AQP1	ENSG00000240583	BEGAIN
HsVcPPILacVa1	CCSBORF1231	1	CCSBORF7954	LW	1	494G>A	373	NC_000007.14:30922174:G:A	CCSBVarC015072	ENSP00000311165.4:p.Gly165Asp	AQP1	ENSG00000240583	BEGAIN
HsVcPPILacVa1	CCSBORF1231	1	CCSBORF7954	LW	1	576C>A	2123	NC_000007.14:30922589:C:A	CCSBVarC000139	ENSP00000311165.4:p.Asn192Lys	AQP1	ENSG00000240583	BEGAIN
HsVcPPILacVa1	CCSBORF70357	2	CCSBORF0	LW	1	REF	633	NULL	NULL	NULL	TSFM	ENSG00000123297	empty_AD
HsVcPPILacVa1	CCSBORF70357	2	CCSBORF0	LW	1	116G>T	3203	NC_000012.12:57783167:G:T	CCSBVarC017014	ENSP00000499171.2:p.Arg39Leu	TSFM	ENSG00000123297	empty_AD
HsVcPPILacVa1	CCSBORF70357	2	CCSBORF0	LW	1	218G>C	4	NC_000012.12:57783269:G:C	CCSBVarC017018	ENSP00000499171.2:p.Gly73Ala	TSFM	ENSG00000123297	empty_AD
HsVcPPILacVa1	CCSBORF70357	2	CCSBORF0	LW	1	233C>T	4	NC_000012.12:57786163:C:T	CCSBVarC017023	ENSP00000499171.2:p.Ala78Val	TSFM	ENSG00000123297	empty_AD
HsVcPPILacVa1	CCSBORF70357	2	CCSBORF0	LW	1	271T>G	1138	NC_000012.12:57786201:T:G	CCSBVarC017027	ENSP00000499171.2:p.Trp91Gly	TSFM	ENSG00000123297	empty_AD
HsVcPPILacVa1	CCSBORF70357	2	CCSBORF0	LW	1	388A>G	1803	NC_000012.12:57787066:A:G	CCSBVarC017031	ENSP00000499171.2:p.Arg130Gly	TSFM	ENSG00000123297	empty_AD
HsVcPPILacVa1	CCSBORF70357	2	CCSBORF0	LW	1	521C>T	2	NC_000012.12:57793022:C:T	CCSBVarC017039	ENSP00000499171.2:p.Ala174Val	TSFM	ENSG00000123297	empty_AD
HsVcPPILacVa1	CCSBORF70357	2	CCSBORF0	LW	1	59C>T	468	NC_000012.12:57783110:C:T	CCSBVarC017054	ENSP00000499171.2:p.Ala20Val	TSFM	ENSG00000123297	empty_AD
HsVcPPILacVa1	CCSBORF70357	2	CCSBORF0	LW	1	5C>T	2603	NC_000012.12:57782805:C:T	CCSBVarC017035	ENSP00000499171.2:p.Ser2Leu	TSFM	ENSG00000123297	empty_AD
HsVcPPILacVa1	CCSBORF70357	2	CCSBORF0	LW	1	62G>C	8	NC_000012.12:57783113:G:C	CCSBVarC017057	ENSP00000499171.2:p.Gly21Ala	TSFM	ENSG00000123297	empty_AD
HsVcPPILacVa1	CCSBORF70357	2	CCSBORF0	LW	1	658G>A	4	NC_000012.12:57796262:G:A	CCSBVarC017059	ENSP00000499171.2:p.Ala220Thr	TSFM	ENSG00000123297	empty_AD
HsVcPPILacVa1	CCSBORF70357	2	CCSBORF0	LW	1	719G>C	2	NC_000012.12:57796323:G:C	CCSBVarC017062	ENSP00000499171.2:p.Cys240Ser	TSFM	ENSG00000123297	empty_AD
HsVcPPILacVa1	CCSBORF70357	2	CCSBORF0	LW	1	73C>A	1717	NC_000012.12:57783124:C:A	CCSBVarC017064	ENSP00000499171.2:p.Arg25Ser	TSFM	ENSG00000123297	empty_AD
HsVcPPILacVa1	CCSBORF70357	2	CCSBORF0	LW	1	760C>T	1200	NC_000012.12:57796364:C:T	CCSBVarC017066	ENSP00000499171.2:p.Arg254Cys	TSFM	ENSG00000123297	empty_AD
HsVcPPILacVa1	CCSBORF70357	2	CCSBORF0	LW	1	774G>C	399	NC_000012.12:57796378:G:C	CCSBVarC017068	ENSP00000499171.2:p.Gln258His	TSFM	ENSG00000123297	empty_AD
HsVcPPILacVa1	CCSBORF70357	2	CCSBORF0	LW	1	796C>A	2555	NC_000012.12:57796400:C:A	CCSBVarC017071	ENSP00000499171.2:p.Leu266Ile	TSFM	ENSG00000123297	empty_AD
HsVcPPILacVa1	CCSBORF70357	2	CCSBORF0	LW	1	797T>A	4	NC_000012.12:57796401:T:A	CCSBVarC017076	ENSP00000499171.2:p.Leu266His	TSFM	ENSG00000123297	empty_AD
HsVcPPILacVa1	CCSBORF70357	2	CCSBORF0	LW	1	826G>C	2028	NC_000012.12:57796430:G:C	CCSBVarC017080	ENSP00000499171.2:p.Gly276Arg	TSFM	ENSG00000123297	empty_AD
HsVcPPILacVa1	CCSBORF70357	2	CCSBORF0	LW	1	934C>T	501	NC_000012.12:57796538:C:T	CCSBVarC002653	ENSP00000499171.2:p.Arg312Trp	TSFM	ENSG00000123297	empty_AD
HsVcPPILacVa1	CCSBORF70357	2	CCSBORF0	LW	1	97A>G	23	NC_000012.12:57783148:A:G	CCSBVarC017088	ENSP00000499171.2:p.Thr33Ala	TSFM	ENSG00000123297	empty_AD
HsVcPPILacVa1	CCSBORF5896	2	CCSBORF0	LW	1	REF	303	NULL	NULL	NULL	AHCY	ENSG00000101444	empty_AD
HsVcPPILacVa1	CCSBORF5896	2	CCSBORF0	LW	1	1003C>T	900	NC_000020.11:34285603:G:A	CCSBVarC016695	ENSP00000217426.2:p.Arg335Cys	AHCY	ENSG00000101444	empty_AD
HsVcPPILacVa1	CCSBORF5896	2	CCSBORF0	LW	1	104T>C	138	NC_000020.11:34295509:A:G	CCSBVarC016698	ENSP00000217426.2:p.Met35Thr	AHCY	ENSG00000101444	empty_AD
HsVcPPILacVa1	CCSBORF5896	2	CCSBORF0	LW	1	112C>T	123	NC_000020.11:34295501:G:A	CCSBVarC016719	ENSP00000217426.2:p.Arg38Trp	AHCY	ENSG00000101444	empty_AD
HsVcPPILacVa1	CCSBORF5896	2	CCSBORF0	LW	1	1190C>T	47	NC_000020.11:34281142:G:A	CCSBVarC016725	ENSP00000217426.2:p.Ala397Val	AHCY	ENSG00000101444	empty_AD
HsVcPPILacVa1	CCSBORF5896	2	CCSBORF0	LW	1	1261T>C	450	NC_000020.11:34281071:A:G	CCSBVarC016729	ENSP00000217426.2:p.Cys421Arg	AHCY	ENSG00000101444	empty_AD
HsVcPPILacVa1	CCSBORF5896	2	CCSBORF0	LW	1	137A>C	189	NC_000020.11:34295476:T:G	CCSBVarC016735	ENSP00000217426.2:p.Lys46Thr	AHCY	ENSG00000101444	empty_AD
HsVcPPILacVa1	CCSBORF5896	2	CCSBORF0	LW	1	257A>G	289	NC_000020.11:34294118:T:C	CCSBVarC000925	ENSP00000217426.2:p.Asp86Gly	AHCY	ENSG00000101444	empty_AD
HsVcPPILacVa1	CCSBORF5896	2	CCSBORF0	LW	1	274A>G	971	NC_000020.11:34294101:T:C	CCSBVarC016741	ENSP00000217426.2:p.Ile92Val	AHCY	ENSG00000101444	empty_AD
HsVcPPILacVa1	CCSBORF5896	2	CCSBORF0	LW	1	367G>A	228	NC_000020.11:34292435:C:T	CCSBVarC016748	ENSP00000217426.2:p.Gly123Arg	AHCY	ENSG00000101444	empty_AD
HsVcPPILacVa1	CCSBORF5896	2	CCSBORF0	LW	1	394G>A	1	NC_000020.11:34292408:C:T	CCSBVarC016753	ENSP00000217426.2:p.Gly132Arg	AHCY	ENSG00000101444	empty_AD
HsVcPPILacVa1	CCSBORF5896	2	CCSBORF0	LW	1	428A>G	185	NC_000020.11:34292374:T:C	CCSBVarC000927	ENSP00000217426.2:p.Tyr143Cys	AHCY	ENSG00000101444	empty_AD
HsVcPPILacVa1	CCSBORF5896	2	CCSBORF0	LW	1	526C>T	253	NC_000020.11:34291450:G:A	CCSBVarC016759	ENSP00000217426.2:p.Pro176Ser	AHCY	ENSG00000101444	empty_AD
HsVcPPILacVa1	CCSBORF5896	2	CCSBORF0	LW	1	662A>G	2	NC_000020.11:34290834:T:C	CCSBVarC016765	ENSP00000217426.2:p.Tyr221Cys	AHCY	ENSG00000101444	empty_AD
HsVcPPILacVa1	CCSBORF5896	2	CCSBORF0	LW	1	697C>T	703	NC_000020.11:34290799:G:A	CCSBVarC016774	ENSP00000217426.2:p.Arg233Trp	AHCY	ENSG00000101444	empty_AD
HsVcPPILacVa1	CCSBORF5896	2	CCSBORF0	LW	1	706G>A	204	NC_000020.11:34290790:C:T	CCSBVarC016778	ENSP00000217426.2:p.Gly236Arg	AHCY	ENSG00000101444	empty_AD
HsVcPPILacVa1	CCSBORF5896	2	CCSBORF0	LW	1	853C>T	83	NC_000020.11:34290551:G:A	CCSBVarC016784	ENSP00000217426.2:p.Arg285Trp	AHCY	ENSG00000101444	empty_AD
HsVcPPILacVa1	CCSBORF5896	2	CCSBORF0	LW	1	97A>G	0	NC_000020.11:34295516:T:C	CCSBVarC016791	ENSP00000217426.2:p.Met33Val	AHCY	ENSG00000101444	empty_AD
HsVcPPILacVa1	CCSBORF7637	1	CCSBORF0	LW	1	REF	454	NULL	NULL	NULL	CFP	ENSG00000126759	empty_AD
HsVcPPILacVa1	CCSBORF7637	1	CCSBORF0	LW	1	1076G>A	6	NC_000023.11:47626383:C:T	CCSBVarC017055	ENSP00000380189.3:p.Arg359Gln	CFP	ENSG00000126759	empty_AD
HsVcPPILacVa1	CCSBORF7637	1	CCSBORF0	LW	1	1180C>T	180	NC_000023.11:47626121:G:A	CCSBVarC017072	ENSP00000380189.3:p.Pro394Ser	CFP	ENSG00000126759	empty_AD
HsVcPPILacVa1	CCSBORF7637	1	CCSBORF0	LW	1	1205C>G	660	NC_000023.11:47626096:G:C	CCSBVarC017075	ENSP00000380189.3:p.Ala402Gly	CFP	ENSG00000126759	empty_AD
HsVcPPILacVa1	CCSBORF7637	1	CCSBORF0	LW	1	121G>A	214	NC_000023.11:47629629:C:T	CCSBVarC010168	ENSP00000380189.3:p.Gly41Ser	CFP	ENSG00000126759	empty_AD
HsVcPPILacVa1	CCSBORF7637	1	CCSBORF0	LW	1	1237A>G	346	NC_000023.11:47626064:T:C	CCSBVarC017079	ENSP00000380189.3:p.Lys413Glu	CFP	ENSG00000126759	empty_AD
HsVcPPILacVa1	CCSBORF7637	1	CCSBORF0	LW	1	1240T>G	150	NC_000023.11:47626061:A:C	CCSBVarC004314	ENSP00000380189.3:p.Tyr414Asp	CFP	ENSG00000126759	empty_AD
HsVcPPILacVa1	CCSBORF7637	1	CCSBORF0	LW	1	1301G>C	215	NC_000023.11:47624383:C:G	CCSBVarC017083	ENSP00000380189.3:p.Arg434Thr	CFP	ENSG00000126759	empty_AD
HsVcPPILacVa1	CCSBORF7637	1	CCSBORF0	LW	1	1369C>T	390	NC_000023.11:47624315:G:A	CCSBVarC017087	ENSP00000380189.3:p.His457Tyr	CFP	ENSG00000126759	empty_AD
HsVcPPILacVa1	CCSBORF7637	1	CCSBORF0	LW	1	232C>G	1247	NC_000023.11:47628272:G:C	CCSBVarC017091	ENSP00000380189.3:p.Pro78Ala	CFP	ENSG00000126759	empty_AD
HsVcPPILacVa1	CCSBORF7637	1	CCSBORF0	LW	1	236G>A	10	NC_000023.11:47628268:C:T	CCSBVarC010162	ENSP00000380189.3:p.Arg79Gln	CFP	ENSG00000126759	empty_AD
HsVcPPILacVa1	CCSBORF7637	1	CCSBORF0	LW	1	308G>A	38	NC_000023.11:47628196:C:T	CCSBVarC017095	ENSP00000380189.3:p.Arg103His	CFP	ENSG00000126759	empty_AD
HsVcPPILacVa1	CCSBORF7637	1	CCSBORF0	LW	1	343G>T	392	NC_000023.11:47628161:C:A	CCSBVarC017099	ENSP00000380189.3:p.Val115Leu	CFP	ENSG00000126759	empty_AD
HsVcPPILacVa1	CCSBORF7637	1	CCSBORF0	LW	1	412G>A	3	NC_000023.11:47627632:C:T	CCSBVarC017103	ENSP00000380189.3:p.Gly138Ser	CFP	ENSG00000126759	empty_AD
HsVcPPILacVa1	CCSBORF7637	1	CCSBORF0	LW	1	469C>T	8	NC_000023.11:47627575:G:A	CCSBVarC017107	ENSP00000380189.3:p.Arg157Trp	CFP	ENSG00000126759	empty_AD
HsVcPPILacVa1	CCSBORF7637	1	CCSBORF0	LW	1	482G>A	10	NC_000023.11:47627562:C:T	CCSBVarC017122	ENSP00000380189.3:p.Arg161Gln	CFP	ENSG00000126759	empty_AD
HsVcPPILacVa1	CCSBORF7637	1	CCSBORF0	LW	1	643G>A	22	NC_000023.11:47627263:C:T	CCSBVarC017126	ENSP00000380189.3:p.Glu215Lys	CFP	ENSG00000126759	empty_AD
HsVcPPILacVa1	CCSBORF7637	1	CCSBORF0	LW	1	709C>T	2	NC_000023.11:47627197:G:A	CCSBVarC017130	ENSP00000380189.3:p.Pro237Ser	CFP	ENSG00000126759	empty_AD
HsVcPPILacVa1	CCSBORF7637	1	CCSBORF0	LW	1	739A>T	216	NC_000023.11:47627167:T:A	CCSBVarC017134	ENSP00000380189.3:p.Arg247Trp	CFP	ENSG00000126759	empty_AD
HsVcPPILacVa1	CCSBORF7637	1	CCSBORF0	LW	1	865C>T	1159	NC_000023.11:47626847:G:A	CCSBVarC017137	ENSP00000380189.3:p.Pro289Ser	CFP	ENSG00000126759	empty_AD
HsVcPPILacVa1	CCSBORF7637	1	CCSBORF0	LW	1	895G>A	33	NC_000023.11:47626817:C:T	CCSBVarC010164	ENSP00000380189.3:p.Asp299Asn	CFP	ENSG00000126759	empty_AD
HsVcPPILacVa1	CCSBORF7637	1	CCSBORF0	LW	1	961T>G	868	NC_000023.11:47626498:A:C	CCSBVarC010175	ENSP00000380189.3:p.Trp321Gly	CFP	ENSG00000126759	empty_AD
HsVcPPILacVa1	CCSBORF7637	1	CCSBORF0	LW	1	962G>C	5	NC_000023.11:47626497:C:G	CCSBVarC001212	ENSP00000380189.3:p.Trp321Ser	CFP	ENSG00000126759	empty_AD
HsVcPPILacVa1	CCSBORF4870	2	CCSBORF11229	LW	1	REF	272	NULL	NULL	NULL	KRT6A	ENSG00000205420	KIFC3
HsVcPPILacVa1	CCSBORF4870	2	CCSBORF11229	LW	1	1198A>C	402	NC_000012.12:52489947:T:G	CCSBVarC015603	ENSP00000369317.3:p.Lys400Gln	KRT6A	ENSG00000205420	KIFC3
HsVcPPILacVa1	CCSBORF4870	2	CCSBORF11229	LW	1	1282G>A	106	NC_000012.12:52488469:C:T	CCSBVarC015611	ENSP00000369317.3:p.Glu428Lys	KRT6A	ENSG00000205420	KIFC3
HsVcPPILacVa1	CCSBORF4870	2	CCSBORF11229	LW	1	1378G>A	410	NC_000012.12:52488373:C:T	CCSBVarC015615	ENSP00000369317.3:p.Val460Met	KRT6A	ENSG00000205420	KIFC3
HsVcPPILacVa1	CCSBORF4870	2	CCSBORF11229	LW	1	1381G>A	1137	NC_000012.12:52488370:C:T	CCSBVarC003673	ENSP00000369317.3:p.Glu461Lys	KRT6A	ENSG00000205420	KIFC3
HsVcPPILacVa1	CCSBORF4870	2	CCSBORF11229	LW	1	1387G>C	360	NC_000012.12:52488364:C:G	CCSBVarC000721	ENSP00000369317.3:p.Ala463Pro	KRT6A	ENSG00000205420	KIFC3
HsVcPPILacVa1	CCSBORF4870	2	CCSBORF11229	LW	1	1393T>C	5	NC_000012.12:52488358:A:G	CCSBVarC003675	ENSP00000369317.3:p.Tyr465His	KRT6A	ENSG00000205420	KIFC3
HsVcPPILacVa1	CCSBORF4870	2	CCSBORF11229	LW	1	1403T>A	89	NC_000012.12:52488348:A:T	CCSBVarC003677	ENSP00000369317.3:p.Leu468Gln	KRT6A	ENSG00000205420	KIFC3
HsVcPPILacVa1	CCSBORF4870	2	CCSBORF11229	LW	1	1416G>C	956	NC_000012.12:52488335:C:G	CCSBVarC003679	ENSP00000369317.3:p.Glu472Asp	KRT6A	ENSG00000205420	KIFC3
HsVcPPILacVa1	CCSBORF4870	2	CCSBORF11229	LW	1	1456A>G	2	NC_000012.12:52488071:T:C	CCSBVarC015620	ENSP00000369317.3:p.Ile486Val	KRT6A	ENSG00000205420	KIFC3
HsVcPPILacVa1	CCSBORF4870	2	CCSBORF11229	LW	1	1567G>A	69	NC_000012.12:52487847:C:T	CCSBVarC009576	ENSP00000369317.3:p.Val523Ile	KRT6A	ENSG00000205420	KIFC3
HsVcPPILacVa1	CCSBORF4870	2	CCSBORF11229	LW	1	1567G>T	158	NC_000012.12:52487847:C:A	CCSBVarC002920	ENSP00000369317.3:p.Val523Phe	KRT6A	ENSG00000205420	KIFC3
HsVcPPILacVa1	CCSBORF4870	2	CCSBORF11229	LW	1	1604T>C	127	NC_000012.12:52487810:A:G	CCSBVarC015632	ENSP00000369317.3:p.Ile535Thr	KRT6A	ENSG00000205420	KIFC3
HsVcPPILacVa1	CCSBORF4870	2	CCSBORF11229	LW	1	1650G>T	739	NC_000012.12:52487764:C:A	CCSBVarC015638	ENSP00000369317.3:p.Lys550Asn	KRT6A	ENSG00000205420	KIFC3
HsVcPPILacVa1	CCSBORF4870	2	CCSBORF11229	LW	1	332G>A	0	NC_000012.12:52492856:C:T	CCSBVarC015647	ENSP00000369317.3:p.Gly111Asp	KRT6A	ENSG00000205420	KIFC3
HsVcPPILacVa1	CCSBORF4870	2	CCSBORF11229	LW	1	361G>A	136	NC_000012.12:52492827:C:T	CCSBVarC015651	ENSP00000369317.3:p.Gly121Ser	KRT6A	ENSG00000205420	KIFC3
HsVcPPILacVa1	CCSBORF4870	2	CCSBORF11229	LW	1	46C>T	3	NC_000012.12:52493142:G:A	CCSBVarC015667	ENSP00000369317.3:p.Arg16Trp	KRT6A	ENSG00000205420	KIFC3
HsVcPPILacVa1	CCSBORF4870	2	CCSBORF11229	LW	1	491G>C	273	NC_000012.12:52492697:C:G	CCSBVarC003663	ENSP00000369317.3:p.Arg164Pro	KRT6A	ENSG00000205420	KIFC3
HsVcPPILacVa1	CCSBORF4870	2	CCSBORF11229	LW	1	500T>G	2	NC_000012.12:52492688:A:C	CCSBVarC003665	ENSP00000369317.3:p.Ile167Ser	KRT6A	ENSG00000205420	KIFC3
HsVcPPILacVa1	CCSBORF4870	2	CCSBORF11229	LW	1	511A>T	234	NC_000012.12:52492677:T:A	CCSBVarC003667	ENSP00000369317.3:p.Asn171Tyr	KRT6A	ENSG00000205420	KIFC3
HsVcPPILacVa1	CCSBORF4870	2	CCSBORF11229	LW	1	512A>G	352	NC_000012.12:52492676:T:C	CCSBVarC003669	ENSP00000369317.3:p.Asn171Ser	KRT6A	ENSG00000205420	KIFC3
HsVcPPILacVa1	CCSBORF4870	2	CCSBORF11229	LW	1	520T>G	2	NC_000012.12:52492668:A:C	CCSBVarC000719	ENSP00000369317.3:p.Phe174Val	KRT6A	ENSG00000205420	KIFC3
HsVcPPILacVa1	CCSBORF4870	2	CCSBORF11229	LW	1	526T>C	89	NC_000012.12:52492662:A:G	CCSBVarC003671	ENSP00000369317.3:p.Ser176Pro	KRT6A	ENSG00000205420	KIFC3
HsVcPPILacVa1	CCSBORF4870	2	CCSBORF11229	LW	1	628C>A	579	NC_000012.12:52491648:G:T	CCSBVarC009567	ENSP00000369317.3:p.Leu210Met	KRT6A	ENSG00000205420	KIFC3
HsVcPPILacVa1	CCSBORF4870	2	CCSBORF11229	LW	1	632A>G	2	NC_000012.12:52491644:T:C	CCSBVarC015673	ENSP00000369317.3:p.Glu211Gly	KRT6A	ENSG00000205420	KIFC3
HsVcPPILacVa1	CCSBORF4870	2	CCSBORF11229	LW	1	680G>A	0	NC_000012.12:52491596:C:T	CCSBVarC015679	ENSP00000369317.3:p.Ser227Asn	KRT6A	ENSG00000205420	KIFC3
HsVcPPILacVa1	CCSBORF4870	2	CCSBORF11229	LW	1	745T>C	536	NC_000012.12:52491531:A:G	CCSBVarC002915	ENSP00000369317.3:p.Phe249Leu	KRT6A	ENSG00000205420	KIFC3
HsVcPPILacVa1	CCSBORF4870	2	CCSBORF11229	LW	1	806C>T	3	NC_000012.12:52491121:G:A	CCSBVarC015685	ENSP00000369317.3:p.Thr269Ile	KRT6A	ENSG00000205420	KIFC3
HsVcPPILacVa1	CCSBORF4870	2	CCSBORF11229	LW	1	968A>T	0	NC_000012.12:52490677:T:A	CCSBVarC015689	ENSP00000369317.3:p.Asp323Val	KRT6A	ENSG00000205420	KIFC3
HsVcPPILacVa1	CCSBORF4870	2	CCSBORF11229	LW	1	981C>G	1	NC_000012.12:52490664:G:C	CCSBVarC015694	ENSP00000369317.3:p.Asn327Lys	KRT6A	ENSG00000205420	KIFC3
HsVcPPILacVa1	CCSBORF4870	1	CCSBORF4105	LW	1	REF	0	NULL	NULL	NULL	KRT6A	ENSG00000205420	KRT15
HsVcPPILacVa1	CCSBORF4870	1	CCSBORF4105	LW	1	1003G>A	0	NC_000012.12:52490642:C:T	CCSBVarC009565	ENSP00000369317.3:p.Ala335Thr	KRT6A	ENSG00000205420	KRT15
HsVcPPILacVa1	CCSBORF4870	1	CCSBORF4105	LW	1	1157G>T	0	NC_000012.12:52489988:C:A	CCSBVarC015599	ENSP00000369317.3:p.Arg386Leu	KRT6A	ENSG00000205420	KRT15
HsVcPPILacVa1	CCSBORF4870	1	CCSBORF4105	LW	1	1211A>G	0	NC_000012.12:52488540:T:C	CCSBVarC015607	ENSP00000369317.3:p.Asn404Ser	KRT6A	ENSG00000205420	KRT15
HsVcPPILacVa1	CCSBORF4870	1	CCSBORF4105	LW	1	1327C>T	0	NC_000012.12:52488424:G:A	CCSBVarC009573	ENSP00000369317.3:p.Arg443Trp	KRT6A	ENSG00000205420	KRT15
HsVcPPILacVa1	CCSBORF4870	1	CCSBORF4105	LW	1	1340A>G	0	NC_000012.12:52488411:T:C	CCSBVarC015613	ENSP00000369317.3:p.Glu447Gly	KRT6A	ENSG00000205420	KRT15
HsVcPPILacVa1	CCSBORF4870	1	CCSBORF4105	LW	1	1385T>A	0	NC_000012.12:52488366:A:T	CCSBVarC003674	ENSP00000369317.3:p.Ile462Asn	KRT6A	ENSG00000205420	KRT15
HsVcPPILacVa1	CCSBORF4870	1	CCSBORF4105	LW	1	1385T>G	0	NC_000012.12:52488366:A:C	CCSBVarC000720	ENSP00000369317.3:p.Ile462Ser	KRT6A	ENSG00000205420	KRT15
HsVcPPILacVa1	CCSBORF4870	1	CCSBORF4105	LW	1	1403T>C	0	NC_000012.12:52488348:A:G	CCSBVarC003676	ENSP00000369317.3:p.Leu468Pro	KRT6A	ENSG00000205420	KRT15
HsVcPPILacVa1	CCSBORF4870	1	CCSBORF4105	LW	1	1414G>A	0	NC_000012.12:52488337:C:T	CCSBVarC003678	ENSP00000369317.3:p.Glu472Lys	KRT6A	ENSG00000205420	KRT15
HsVcPPILacVa1	CCSBORF4870	1	CCSBORF4105	LW	1	1441G>A	0	NC_000012.12:52488086:C:T	CCSBVarC015618	ENSP00000369317.3:p.Val481Ile	KRT6A	ENSG00000205420	KRT15
HsVcPPILacVa1	CCSBORF4870	1	CCSBORF4105	LW	1	1534G>A	0	NC_000012.12:52487880:C:T	CCSBVarC015629	ENSP00000369317.3:p.Gly512Arg	KRT6A	ENSG00000205420	KRT15
HsVcPPILacVa1	CCSBORF4870	1	CCSBORF4105	LW	1	1606G>A	0	NC_000012.12:52487808:C:T	CCSBVarC015635	ENSP00000369317.3:p.Gly536Arg	KRT6A	ENSG00000205420	KRT15
HsVcPPILacVa1	CCSBORF4870	1	CCSBORF4105	LW	1	1655C>G	0	NC_000012.12:52487759:G:C	CCSBVarC002916	ENSP00000369317.3:p.Thr552Ser	KRT6A	ENSG00000205420	KRT15
HsVcPPILacVa1	CCSBORF4870	1	CCSBORF4105	LW	1	215T>C	0	NC_000012.12:52492973:A:G	CCSBVarC015643	ENSP00000369317.3:p.Ile72Thr	KRT6A	ENSG00000205420	KRT15
HsVcPPILacVa1	CCSBORF4870	1	CCSBORF4105	LW	1	359G>T	0	NC_000012.12:52492829:C:A	CCSBVarC015649	ENSP00000369317.3:p.Gly120Val	KRT6A	ENSG00000205420	KRT15
HsVcPPILacVa1	CCSBORF4870	1	CCSBORF4105	LW	1	365T>C	0	NC_000012.12:52492823:A:G	CCSBVarC015653	ENSP00000369317.3:p.Phe122Ser	KRT6A	ENSG00000205420	KRT15
HsVcPPILacVa1	CCSBORF4870	1	CCSBORF4105	LW	1	460C>G	0	NC_000012.12:52492728:G:C	CCSBVarC015670	ENSP00000369317.3:p.Pro154Ala	KRT6A	ENSG00000205420	KRT15
HsVcPPILacVa1	CCSBORF4870	1	CCSBORF4105	LW	1	487G>A	0	NC_000012.12:52492701:C:T	CCSBVarC003662	ENSP00000369317.3:p.Glu163Lys	KRT6A	ENSG00000205420	KRT15
HsVcPPILacVa1	CCSBORF4870	1	CCSBORF4105	LW	1	497A>C	0	NC_000012.12:52492691:T:G	CCSBVarC003664	ENSP00000369317.3:p.Gln166Pro	KRT6A	ENSG00000205420	KRT15
HsVcPPILacVa1	CCSBORF4870	1	CCSBORF4105	LW	1	508C>T	1	NC_000012.12:52492680:G:A	CCSBVarC003666	ENSP00000369317.3:p.Leu170Phe	KRT6A	ENSG00000205420	KRT15
HsVcPPILacVa1	CCSBORF4870	1	CCSBORF4105	LW	1	511A>G	0	NC_000012.12:52492677:T:C	CCSBVarC003668	ENSP00000369317.3:p.Asn171Asp	KRT6A	ENSG00000205420	KRT15
HsVcPPILacVa1	CCSBORF4870	1	CCSBORF4105	LW	1	512A>C	0	NC_000012.12:52492676:T:G	CCSBVarC003670	ENSP00000369317.3:p.Asn171Thr	KRT6A	ENSG00000205420	KRT15
HsVcPPILacVa1	CCSBORF4870	1	CCSBORF4105	LW	1	513C>A	0	NC_000012.12:52492675:G:T	CCSBVarC000718	ENSP00000369317.3:p.Asn171Lys	KRT6A	ENSG00000205420	KRT15
HsVcPPILacVa1	CCSBORF4870	1	CCSBORF4105	LW	1	533T>A	0	NC_000012.12:52492655:A:T	CCSBVarC003672	ENSP00000369317.3:p.Ile178Asn	KRT6A	ENSG00000205420	KRT15
HsVcPPILacVa1	CCSBORF4870	1	CCSBORF4105	LW	1	62A>G	0	NC_000012.12:52493126:T:C	CCSBVarC002913	ENSP00000369317.3:p.Asn21Ser	KRT6A	ENSG00000205420	KRT15
HsVcPPILacVa1	CCSBORF4870	1	CCSBORF4105	LW	1	661C>A	0	NC_000012.12:52491615:G:T	CCSBVarC015676	ENSP00000369317.3:p.Leu221Ile	KRT6A	ENSG00000205420	KRT15
HsVcPPILacVa1	CCSBORF4870	1	CCSBORF4105	LW	1	718A>G	0	NC_000012.12:52491558:T:C	CCSBVarC015683	ENSP00000369317.3:p.Arg240Gly	KRT6A	ENSG00000205420	KRT15
HsVcPPILacVa1	CCSBORF4870	1	CCSBORF4105	LW	1	827C>T	0	NC_000012.12:52490942:G:A	CCSBVarC015687	ENSP00000369317.3:p.Ala276Val	KRT6A	ENSG00000205420	KRT15
HsVcPPILacVa1	CCSBORF4870	1	CCSBORF4105	LW	1	98T>C	0	NC_000012.12:52493090:A:G	CCSBVarC015691	ENSP00000369317.3:p.Phe33Ser	KRT6A	ENSG00000205420	KRT15
HsVcPPILacVa1	CCSBORF3581	1	CCSBORF0	LW	1	REF	386	NULL	NULL	NULL	MCOLN1	ENSG00000090674	empty_AD
HsVcPPILacVa1	CCSBORF3581	1	CCSBORF0	LW	1	1062G>T	0	NC_000019.10:7528897:G:T	CCSBVarC016196	ENSP00000264079.5:p.Trp354Cys	MCOLN1	ENSG00000090674	empty_AD
HsVcPPILacVa1	CCSBORF3581	1	CCSBORF0	LW	1	1084G>T	1340	NC_000019.10:7528919:G:T	CCSBVarC000496	ENSP00000264079.5:p.Asp362Tyr	MCOLN1	ENSG00000090674	empty_AD
HsVcPPILacVa1	CCSBORF3581	1	CCSBORF0	LW	1	1207C>T	1295	NC_000019.10:7529172:C:T	CCSBVarC003574	ENSP00000264079.5:p.Arg403Cys	MCOLN1	ENSG00000090674	empty_AD
HsVcPPILacVa1	CCSBORF3581	1	CCSBORF0	LW	1	1208G>A	129	NC_000019.10:7529173:G:A	CCSBVarC016205	ENSP00000264079.5:p.Arg403His	MCOLN1	ENSG00000090674	empty_AD
HsVcPPILacVa1	CCSBORF3581	1	CCSBORF0	LW	1	16G>T	3	NC_000019.10:7522765:G:T	CCSBVarC016237	ENSP00000264079.5:p.Gly6Cys	MCOLN1	ENSG00000090674	empty_AD
HsVcPPILacVa1	CCSBORF3581	1	CCSBORF0	LW	1	248T>G	2	NC_000019.10:7526448:T:G	CCSBVarC016247	ENSP00000264079.5:p.Phe83Cys	MCOLN1	ENSG00000090674	empty_AD
HsVcPPILacVa1	CCSBORF3581	1	CCSBORF0	LW	1	364C>T	1	NC_000019.10:7526564:C:T	CCSBVarC016256	ENSP00000264079.5:p.Arg122Trp	MCOLN1	ENSG00000090674	empty_AD
HsVcPPILacVa1	CCSBORF3581	1	CCSBORF0	LW	1	367G>A	984	NC_000019.10:7526567:G:A	CCSBVarC016262	ENSP00000264079.5:p.Glu123Lys	MCOLN1	ENSG00000090674	empty_AD
HsVcPPILacVa1	CCSBORF3581	1	CCSBORF0	LW	1	452G>A	90	NC_000019.10:7526806:G:A	CCSBVarC016272	ENSP00000264079.5:p.Arg151His	MCOLN1	ENSG00000090674	empty_AD
HsVcPPILacVa1	CCSBORF3581	1	CCSBORF0	LW	1	497G>T	2	NC_000019.10:7526851:G:T	CCSBVarC016278	ENSP00000264079.5:p.Cys166Phe	MCOLN1	ENSG00000090674	empty_AD
HsVcPPILacVa1	CCSBORF3581	1	CCSBORF0	LW	1	589C>A	1087	NC_000019.10:7527536:C:A	CCSBVarC016283	ENSP00000264079.5:p.Pro197Thr	MCOLN1	ENSG00000090674	empty_AD
HsVcPPILacVa1	CCSBORF3581	1	CCSBORF0	LW	1	625C>T	4	NC_000019.10:7527572:C:T	CCSBVarC009375	ENSP00000264079.5:p.Leu209Phe	MCOLN1	ENSG00000090674	empty_AD
HsVcPPILacVa1	CCSBORF3581	1	CCSBORF0	LW	1	71C>A	1458	NC_000019.10:7524999:C:A	CCSBVarC016317	ENSP00000264079.5:p.Thr24Asn	MCOLN1	ENSG00000090674	empty_AD
HsVcPPILacVa1	CCSBORF3581	1	CCSBORF0	LW	1	782C>T	3	NC_000019.10:7528161:C:T	CCSBVarC016322	ENSP00000264079.5:p.Thr261Met	MCOLN1	ENSG00000090674	empty_AD
HsVcPPILacVa1	CCSBORF3581	1	CCSBORF0	LW	1	815C>G	535	NC_000019.10:7528194:C:G	CCSBVarC016362	ENSP00000264079.5:p.Pro272Arg	MCOLN1	ENSG00000090674	empty_AD
HsVcPPILacVa1	CCSBORF3581	1	CCSBORF0	LW	1	907G>A	2	NC_000019.10:7528625:G:A	CCSBVarC016388	ENSP00000264079.5:p.Val303Met	MCOLN1	ENSG00000090674	empty_AD
HsVcPPILacVa1	CCSBORF71591	1	CCSBORF55039	LW	3	REF	573	NULL	NULL	NULL	CRYGC	ENSG00000163254	TRIM7
HsVcPPILacVa1	CCSBORF71591	1	CCSBORF55039	LW	3	121G>A	1890	NC_000002.12:208129571:C:T	CCSBVarC016915	ENSP00000282141.3:p.Gly41Ser	CRYGC	ENSG00000163254	TRIM7
HsVcPPILacVa1	CCSBORF71591	1	CCSBORF55039	LW	3	125G>A	2368	NC_000002.12:208129567:C:T	CCSBVarC016917	ENSP00000282141.3:p.Cys42Tyr	CRYGC	ENSG00000163254	TRIM7
HsVcPPILacVa1	CCSBORF71591	1	CCSBORF55039	LW	3	137A>G	323	NC_000002.12:208129555:T:C	CCSBVarC016919	ENSP00000282141.3:p.Tyr46Cys	CRYGC	ENSG00000163254	TRIM7
HsVcPPILacVa1	CCSBORF71591	1	CCSBORF55039	LW	3	13A>C	2659	NC_000002.12:208129679:T:G	CCSBVarC002785	ENSP00000282141.3:p.Thr5Pro	CRYGC	ENSG00000163254	TRIM7
HsVcPPILacVa1	CCSBORF71591	1	CCSBORF55039	LW	3	142C>T	2684	NC_000002.12:208129550:G:A	CCSBVarC016921	ENSP00000282141.3:p.Arg48Cys	CRYGC	ENSG00000163254	TRIM7
HsVcPPILacVa1	CCSBORF71591	1	CCSBORF55039	LW	3	143G>A	927	NC_000002.12:208129549:C:T	CCSBVarC014016	ENSP00000282141.3:p.Arg48His	CRYGC	ENSG00000163254	TRIM7
HsVcPPILacVa1	CCSBORF71591	1	CCSBORF55039	LW	3	164A>G	934	NC_000002.12:208129528:T:C	CCSBVarC016929	ENSP00000282141.3:p.Gln55Arg	CRYGC	ENSG00000163254	TRIM7
HsVcPPILacVa1	CCSBORF71591	1	CCSBORF55039	LW	3	220G>A	3604	NC_000002.12:208129472:C:T	CCSBVarC016932	ENSP00000282141.3:p.Asp74Asn	CRYGC	ENSG00000163254	TRIM7
HsVcPPILacVa1	CCSBORF71591	1	CCSBORF55039	LW	3	229C>T	1861	NC_000002.12:208129463:G:A	CCSBVarC016934	ENSP00000282141.3:p.Arg77Cys	CRYGC	ENSG00000163254	TRIM7
HsVcPPILacVa1	CCSBORF71591	1	CCSBORF55039	LW	3	230G>A	5	NC_000002.12:208129462:C:T	CCSBVarC016954	ENSP00000282141.3:p.Arg77His	CRYGC	ENSG00000163254	TRIM7
HsVcPPILacVa1	CCSBORF71591	1	CCSBORF55039	LW	3	256G>T	352	NC_000002.12:208128471:C:A	CCSBVarC014051	ENSP00000282141.3:p.Val86Phe	CRYGC	ENSG00000163254	TRIM7
HsVcPPILacVa1	CCSBORF71591	1	CCSBORF55039	LW	3	271C>T	941	NC_000002.12:208128456:G:A	CCSBVarC014021	ENSP00000282141.3:p.Arg91Trp	CRYGC	ENSG00000163254	TRIM7
HsVcPPILacVa1	CCSBORF71591	1	CCSBORF55039	LW	3	272G>A	7	NC_000002.12:208128455:C:T	CCSBVarC016956	ENSP00000282141.3:p.Arg91Gln	CRYGC	ENSG00000163254	TRIM7
HsVcPPILacVa1	CCSBORF71591	1	CCSBORF55039	LW	3	304A>G	2	NC_000002.12:208128423:T:C	CCSBVarC016960	ENSP00000282141.3:p.Met102Val	CRYGC	ENSG00000163254	TRIM7
HsVcPPILacVa1	CCSBORF71591	1	CCSBORF55039	LW	3	317G>A	589	NC_000002.12:208128410:C:T	CCSBVarC014018	ENSP00000282141.3:p.Ser106Asn	CRYGC	ENSG00000163254	TRIM7
HsVcPPILacVa1	CCSBORF71591	1	CCSBORF55039	LW	3	364C>T	3897	NC_000002.12:208128363:G:A	CCSBVarC016964	ENSP00000282141.3:p.Arg122Cys	CRYGC	ENSG00000163254	TRIM7
HsVcPPILacVa1	CCSBORF71591	1	CCSBORF55039	LW	3	365G>A	69	NC_000002.12:208128362:C:T	CCSBVarC016966	ENSP00000282141.3:p.Arg122His	CRYGC	ENSG00000163254	TRIM7
HsVcPPILacVa1	CCSBORF71591	1	CCSBORF55039	LW	3	403G>A	324	NC_000002.12:208128324:C:T	CCSBVarC016968	ENSP00000282141.3:p.Glu135Lys	CRYGC	ENSG00000163254	TRIM7
HsVcPPILacVa1	CCSBORF71591	1	CCSBORF55039	LW	3	450G>T	2	NC_000002.12:208128277:C:A	CCSBVarC016972	ENSP00000282141.3:p.Glu150Asp	CRYGC	ENSG00000163254	TRIM7
HsVcPPILacVa1	CCSBORF71591	1	CCSBORF55039	LW	3	458G>A	551	NC_000002.12:208128269:C:T	CCSBVarC016974	ENSP00000282141.3:p.Arg153Gln	CRYGC	ENSG00000163254	TRIM7
HsVcPPILacVa1	CCSBORF71591	1	CCSBORF55039	LW	3	502C>T	464	NC_000002.12:208128225:G:A	CCSBVarC002786	ENSP00000282141.3:p.Arg168Trp	CRYGC	ENSG00000163254	TRIM7
HsVcPPILacVa1	CCSBORF71591	1	CCSBORF55039	LW	3	52G>A	11	NC_000002.12:208129640:C:T	CCSBVarC016978	ENSP00000282141.3:p.Glu18Lys	CRYGC	ENSG00000163254	TRIM7
HsVcPPILacVa1	CCSBORF71591	1	CCSBORF55039	LW	3	97T>C	2	NC_000002.12:208129595:A:G	CCSBVarC016979	ENSP00000282141.3:p.Cys33Arg	CRYGC	ENSG00000163254	TRIM7
HsVcPPILacVa1	CCSBORF1231	1	CCSBORF70682	LW	3	REF	1523	NULL	NULL	NULL	AQP1	ENSG00000240583	RBAK
HsVcPPILacVa1	CCSBORF1231	1	CCSBORF70682	LW	3	113C>T	886	NC_000007.14:30912021:C:T	CCSBVarC000137	ENSP00000311165.4:p.Pro38Leu	AQP1	ENSG00000240583	RBAK
HsVcPPILacVa1	CCSBORF1231	1	CCSBORF70682	LW	3	140A>G	7876	NC_000007.14:30912048:A:G	CCSBVarC000138	ENSP00000311165.4:p.Gln47Arg	AQP1	ENSG00000240583	RBAK
HsVcPPILacVa1	CCSBORF1231	1	CCSBORF70682	LW	3	319G>A	82	NC_000007.14:30912227:G:A	CCSBVarC015066	ENSP00000311165.4:p.Val107Ile	AQP1	ENSG00000240583	RBAK
HsVcPPILacVa1	CCSBORF1231	1	CCSBORF70682	LW	3	320T>G	2284	NC_000007.14:30912228:T:G	CCSBVarC015069	ENSP00000311165.4:p.Val107Gly	AQP1	ENSG00000240583	RBAK
HsVcPPILacVa1	CCSBORF1231	1	CCSBORF70682	LW	3	494G>A	475	NC_000007.14:30922174:G:A	CCSBVarC015072	ENSP00000311165.4:p.Gly165Asp	AQP1	ENSG00000240583	RBAK
HsVcPPILacVa1	CCSBORF1231	1	CCSBORF70682	LW	3	576C>A	1819	NC_000007.14:30922589:C:A	CCSBVarC000139	ENSP00000311165.4:p.Asn192Lys	AQP1	ENSG00000240583	RBAK
HsVcPPILacVa1	CCSBORF1231	1	CCSBORF55237	LW	3	REF	1673	NULL	NULL	NULL	AQP1	ENSG00000240583	NOTCH2NLA
HsVcPPILacVa1	CCSBORF1231	1	CCSBORF55237	LW	3	113C>T	1143	NC_000007.14:30912021:C:T	CCSBVarC000137	ENSP00000311165.4:p.Pro38Leu	AQP1	ENSG00000240583	NOTCH2NLA
HsVcPPILacVa1	CCSBORF1231	1	CCSBORF55237	LW	3	140A>G	5890	NC_000007.14:30912048:A:G	CCSBVarC000138	ENSP00000311165.4:p.Gln47Arg	AQP1	ENSG00000240583	NOTCH2NLA
HsVcPPILacVa1	CCSBORF1231	1	CCSBORF55237	LW	3	319G>A	46	NC_000007.14:30912227:G:A	CCSBVarC015066	ENSP00000311165.4:p.Val107Ile	AQP1	ENSG00000240583	NOTCH2NLA
HsVcPPILacVa1	CCSBORF1231	1	CCSBORF55237	LW	3	320T>G	1899	NC_000007.14:30912228:T:G	CCSBVarC015069	ENSP00000311165.4:p.Val107Gly	AQP1	ENSG00000240583	NOTCH2NLA
HsVcPPILacVa1	CCSBORF1231	1	CCSBORF55237	LW	3	494G>A	477	NC_000007.14:30922174:G:A	CCSBVarC015072	ENSP00000311165.4:p.Gly165Asp	AQP1	ENSG00000240583	NOTCH2NLA
HsVcPPILacVa1	CCSBORF1231	1	CCSBORF55237	LW	3	576C>A	1589	NC_000007.14:30922589:C:A	CCSBVarC000139	ENSP00000311165.4:p.Asn192Lys	AQP1	ENSG00000240583	NOTCH2NLA
HsVcPPILacVa1	CCSBORF1231	1	CCSBORF3907	LW	3	REF	0	NULL	NULL	NULL	AQP1	ENSG00000240583	TRIP6
HsVcPPILacVa1	CCSBORF1231	1	CCSBORF3907	LW	3	113C>T	0	NC_000007.14:30912021:C:T	CCSBVarC000137	ENSP00000311165.4:p.Pro38Leu	AQP1	ENSG00000240583	TRIP6
HsVcPPILacVa1	CCSBORF1231	1	CCSBORF3907	LW	3	140A>G	0	NC_000007.14:30912048:A:G	CCSBVarC000138	ENSP00000311165.4:p.Gln47Arg	AQP1	ENSG00000240583	TRIP6
HsVcPPILacVa1	CCSBORF1231	1	CCSBORF3907	LW	3	319G>A	0	NC_000007.14:30912227:G:A	CCSBVarC015066	ENSP00000311165.4:p.Val107Ile	AQP1	ENSG00000240583	TRIP6
HsVcPPILacVa1	CCSBORF1231	1	CCSBORF3907	LW	3	320T>G	0	NC_000007.14:30912228:T:G	CCSBVarC015069	ENSP00000311165.4:p.Val107Gly	AQP1	ENSG00000240583	TRIP6
HsVcPPILacVa1	CCSBORF1231	1	CCSBORF3907	LW	3	494G>A	0	NC_000007.14:30922174:G:A	CCSBVarC015072	ENSP00000311165.4:p.Gly165Asp	AQP1	ENSG00000240583	TRIP6
HsVcPPILacVa1	CCSBORF1231	1	CCSBORF3907	LW	3	576C>A	1	NC_000007.14:30922589:C:A	CCSBVarC000139	ENSP00000311165.4:p.Asn192Lys	AQP1	ENSG00000240583	TRIP6
HsVcPPILacVa1	CCSBORF70357	1	CCSBORF10460	LW	3	REF	196	NULL	NULL	NULL	TSFM	ENSG00000123297	GOLGA6L9
HsVcPPILacVa1	CCSBORF70357	1	CCSBORF10460	LW	3	112C>T	0	NC_000012.12:57783163:C:T	CCSBVarC017012	ENSP00000499171.2:p.Pro38Ser	TSFM	ENSG00000123297	GOLGA6L9
HsVcPPILacVa1	CCSBORF70357	1	CCSBORF10460	LW	3	191G>A	2	NC_000012.12:57783242:G:A	CCSBVarC017016	ENSP00000499171.2:p.Cys64Tyr	TSFM	ENSG00000123297	GOLGA6L9
HsVcPPILacVa1	CCSBORF70357	1	CCSBORF10460	LW	3	22C>T	0	NC_000012.12:57782822:C:T	CCSBVarC017021	ENSP00000499171.2:p.Arg8Cys	TSFM	ENSG00000123297	GOLGA6L9
HsVcPPILacVa1	CCSBORF70357	1	CCSBORF10460	LW	3	269G>A	0	NC_000012.12:57786199:G:A	CCSBVarC017025	ENSP00000499171.2:p.Gly90Asp	TSFM	ENSG00000123297	GOLGA6L9
HsVcPPILacVa1	CCSBORF70357	1	CCSBORF10460	LW	3	34G>T	30	NC_000012.12:57782834:G:T	CCSBVarC017029	ENSP00000499171.2:p.Val12Phe	TSFM	ENSG00000123297	GOLGA6L9
HsVcPPILacVa1	CCSBORF70357	1	CCSBORF10460	LW	3	484G>A	2	NC_000012.12:57792985:G:A	CCSBVarC017033	ENSP00000499171.2:p.Gly162Ser	TSFM	ENSG00000123297	GOLGA6L9
HsVcPPILacVa1	CCSBORF70357	1	CCSBORF10460	LW	3	520G>T	1	NC_000012.12:57793021:G:T	CCSBVarC017037	ENSP00000499171.2:p.Ala174Ser	TSFM	ENSG00000123297	GOLGA6L9
HsVcPPILacVa1	CCSBORF70357	1	CCSBORF10460	LW	3	539G>C	924	NC_000012.12:57793040:G:C	CCSBVarC017041	ENSP00000499171.2:p.Gly180Ala	TSFM	ENSG00000123297	GOLGA6L9
HsVcPPILacVa1	CCSBORF70357	1	CCSBORF10460	LW	3	602G>A	82	NC_000012.12:57796206:G:A	CCSBVarC017056	ENSP00000499171.2:p.Arg201Gln	TSFM	ENSG00000123297	GOLGA6L9
HsVcPPILacVa1	CCSBORF70357	1	CCSBORF10460	LW	3	647A>T	785	NC_000012.12:57796251:A:T	CCSBVarC017058	ENSP00000499171.2:p.Tyr216Phe	TSFM	ENSG00000123297	GOLGA6L9
HsVcPPILacVa1	CCSBORF70357	1	CCSBORF10460	LW	3	718T>C	1088	NC_000012.12:57796322:T:C	CCSBVarC017061	ENSP00000499171.2:p.Cys240Arg	TSFM	ENSG00000123297	GOLGA6L9
HsVcPPILacVa1	CCSBORF70357	1	CCSBORF10460	LW	3	725C>T	5980	NC_000012.12:57796329:C:T	CCSBVarC017063	ENSP00000499171.2:p.Thr242Met	TSFM	ENSG00000123297	GOLGA6L9
HsVcPPILacVa1	CCSBORF70357	1	CCSBORF10460	LW	3	754G>A	1811	NC_000012.12:57796358:G:A	CCSBVarC017065	ENSP00000499171.2:p.Val252Ile	TSFM	ENSG00000123297	GOLGA6L9
HsVcPPILacVa1	CCSBORF70357	1	CCSBORF10460	LW	3	763C>T	3109	NC_000012.12:57796367:C:T	CCSBVarC017067	ENSP00000499171.2:p.Arg255Cys	TSFM	ENSG00000123297	GOLGA6L9
HsVcPPILacVa1	CCSBORF70357	1	CCSBORF10460	LW	3	775C>T	0	NC_000012.12:57796379:C:T	CCSBVarC017069	ENSP00000499171.2:p.His259Tyr	TSFM	ENSG00000123297	GOLGA6L9
HsVcPPILacVa1	CCSBORF70357	1	CCSBORF10460	LW	3	796C>G	1	NC_000012.12:57796400:C:G	CCSBVarC017074	ENSP00000499171.2:p.Leu266Val	TSFM	ENSG00000123297	GOLGA6L9
HsVcPPILacVa1	CCSBORF70357	1	CCSBORF10460	LW	3	814G>C	3866	NC_000012.12:57796418:G:C	CCSBVarC017078	ENSP00000499171.2:p.Asp272His	TSFM	ENSG00000123297	GOLGA6L9
HsVcPPILacVa1	CCSBORF70357	1	CCSBORF10460	LW	3	878C>T	1	NC_000012.12:57796482:C:T	CCSBVarC017084	ENSP00000499171.2:p.Ser293Phe	TSFM	ENSG00000123297	GOLGA6L9
HsVcPPILacVa1	CCSBORF11374	2	CCSBORF71346	LW	3	REF	964	NULL	NULL	NULL	RP2	ENSG00000102218	PM20D2
HsVcPPILacVa1	CCSBORF11374	2	CCSBORF71346	LW	3	1046G>C	2782	NC_000023.11:46879761:G:C	CCSBVarC014902	ENSP00000218340.3:p.Gly349Ala	RP2	ENSG00000102218	PM20D2
HsVcPPILacVa1	CCSBORF11374	2	CCSBORF71346	LW	3	122T>C	152	NC_000023.11:46853494:T:C	CCSBVarC014908	ENSP00000218340.3:p.Met41Thr	RP2	ENSG00000102218	PM20D2
HsVcPPILacVa1	CCSBORF11374	2	CCSBORF71346	LW	3	226G>T	1069	NC_000023.11:46853598:G:T	CCSBVarC014921	ENSP00000218340.3:p.Asp76Tyr	RP2	ENSG00000102218	PM20D2
HsVcPPILacVa1	CCSBORF11374	2	CCSBORF71346	LW	3	260C>T	206	NC_000023.11:46853632:C:T	CCSBVarC011436	ENSP00000218340.3:p.Thr87Ile	RP2	ENSG00000102218	PM20D2
HsVcPPILacVa1	CCSBORF11374	2	CCSBORF71346	LW	3	280G>C	2297	NC_000023.11:46853652:G:C	CCSBVarC014952	ENSP00000218340.3:p.Gly94Arg	RP2	ENSG00000102218	PM20D2
HsVcPPILacVa1	CCSBORF11374	2	CCSBORF71346	LW	3	284C>T	24	NC_000023.11:46853656:C:T	CCSBVarC011462	ENSP00000218340.3:p.Pro95Leu	RP2	ENSG00000102218	PM20D2
HsVcPPILacVa1	CCSBORF11374	2	CCSBORF71346	LW	3	352C>T	8	NC_000023.11:46853724:C:T	CCSBVarC011442	ENSP00000218340.3:p.Arg118Cys	RP2	ENSG00000102218	PM20D2
HsVcPPILacVa1	CCSBORF11374	2	CCSBORF71346	LW	3	353G>A	181	NC_000023.11:46853725:G:A	CCSBVarC001707	ENSP00000218340.3:p.Arg118His	RP2	ENSG00000102218	PM20D2
HsVcPPILacVa1	CCSBORF11374	2	CCSBORF71346	LW	3	353G>T	375	NC_000023.11:46853725:G:T	CCSBVarC005281	ENSP00000218340.3:p.Arg118Leu	RP2	ENSG00000102218	PM20D2
HsVcPPILacVa1	CCSBORF11374	2	CCSBORF71346	LW	3	401A>G	64	NC_000023.11:46853773:A:G	CCSBVarC014964	ENSP00000218340.3:p.Gln134Arg	RP2	ENSG00000102218	PM20D2
HsVcPPILacVa1	CCSBORF11374	2	CCSBORF71346	LW	3	49C>T	237	NC_000023.11:46837148:C:T	CCSBVarC014978	ENSP00000218340.3:p.Pro17Ser	RP2	ENSG00000102218	PM20D2
HsVcPPILacVa1	CCSBORF11374	2	CCSBORF71346	LW	3	601A>G	142	NC_000023.11:46853973:A:G	CCSBVarC011432	ENSP00000218340.3:p.Ile201Val	RP2	ENSG00000102218	PM20D2
HsVcPPILacVa1	CCSBORF11374	2	CCSBORF71346	LW	3	628G>A	380	NC_000023.11:46854000:G:A	CCSBVarC014986	ENSP00000218340.3:p.Val210Ile	RP2	ENSG00000102218	PM20D2
HsVcPPILacVa1	CCSBORF11374	2	CCSBORF71346	LW	3	667A>G	373	NC_000023.11:46854039:A:G	CCSBVarC014996	ENSP00000218340.3:p.Ile223Val	RP2	ENSG00000102218	PM20D2
HsVcPPILacVa1	CCSBORF11374	2	CCSBORF71346	LW	3	768G>C	662	NC_000023.11:46854140:G:C	CCSBVarC015005	ENSP00000218340.3:p.Glu256Asp	RP2	ENSG00000102218	PM20D2
HsVcPPILacVa1	CCSBORF11374	2	CCSBORF71346	LW	3	782G>T	111	NC_000023.11:46860000:G:T	CCSBVarC015014	ENSP00000218340.3:p.Gly261Val	RP2	ENSG00000102218	PM20D2
HsVcPPILacVa1	CCSBORF11374	2	CCSBORF71346	LW	3	889G>C	161	NC_000023.11:46877509:G:C	CCSBVarC015023	ENSP00000218340.3:p.Val297Leu	RP2	ENSG00000102218	PM20D2
HsVcPPILacVa1	CCSBORF11374	2	CCSBORF71346	LW	3	8G>C	3	NC_000023.11:46837107:G:C	CCSBVarC011470	ENSP00000218340.3:p.Cys3Ser	RP2	ENSG00000102218	PM20D2
HsVcPPILacVa1	CCSBORF11374	2	CCSBORF71346	LW	3	959A>G	0	NC_000023.11:46877579:A:G	CCSBVarC011424	ENSP00000218340.3:p.Asn320Ser	RP2	ENSG00000102218	PM20D2
HsVcPPILacVa1	CCSBORF11374	2	CCSBORF71346	LW	3	970A>G	37	NC_000023.11:46879685:A:G	CCSBVarC015035	ENSP00000218340.3:p.Met324Val	RP2	ENSG00000102218	PM20D2
HsVcPPILacVa1	CCSBORF5896	1	CCSBORF3753	LW	3	REF	290	NULL	NULL	NULL	AHCY	ENSG00000101444	C1orf50
HsVcPPILacVa1	CCSBORF5896	1	CCSBORF3753	LW	3	1000C>T	632	NC_000020.11:34285606:G:A	CCSBVarC016693	ENSP00000217426.2:p.Arg334Cys	AHCY	ENSG00000101444	C1orf50
HsVcPPILacVa1	CCSBORF5896	1	CCSBORF3753	LW	3	1025G>T	676	NC_000020.11:34285581:C:A	CCSBVarC016696	ENSP00000217426.2:p.Gly342Val	AHCY	ENSG00000101444	C1orf50
HsVcPPILacVa1	CCSBORF5896	1	CCSBORF3753	LW	3	106C>T	541	NC_000020.11:34295507:G:A	CCSBVarC016716	ENSP00000217426.2:p.Arg36Trp	AHCY	ENSG00000101444	C1orf50
HsVcPPILacVa1	CCSBORF5896	1	CCSBORF3753	LW	3	1124A>G	273	NC_000020.11:34285482:T:C	CCSBVarC016722	ENSP00000217426.2:p.His375Arg	AHCY	ENSG00000101444	C1orf50
HsVcPPILacVa1	CCSBORF5896	1	CCSBORF3753	LW	3	1223A>G	1067	NC_000020.11:34281109:T:C	CCSBVarC016727	ENSP00000217426.2:p.Lys408Arg	AHCY	ENSG00000101444	C1orf50
HsVcPPILacVa1	CCSBORF5896	1	CCSBORF3753	LW	3	1292G>A	1026	NC_000020.11:34281040:C:T	CCSBVarC016733	ENSP00000217426.2:p.Arg431His	AHCY	ENSG00000101444	C1orf50
HsVcPPILacVa1	CCSBORF5896	1	CCSBORF3753	LW	3	145C>T	168	NC_000020.11:34295468:G:A	CCSBVarC000924	ENSP00000217426.2:p.Arg49Cys	AHCY	ENSG00000101444	C1orf50
HsVcPPILacVa1	CCSBORF5896	1	CCSBORF3753	LW	3	176A>T	0	NC_000020.11:34295437:T:A	CCSBVarC016739	ENSP00000217426.2:p.Glu59Val	AHCY	ENSG00000101444	C1orf50
HsVcPPILacVa1	CCSBORF5896	1	CCSBORF3753	LW	3	266C>T	3	NC_000020.11:34294109:G:A	CCSBVarC000926	ENSP00000217426.2:p.Ala89Val	AHCY	ENSG00000101444	C1orf50
HsVcPPILacVa1	CCSBORF5896	1	CCSBORF3753	LW	3	293C>T	654	NC_000020.11:34294082:G:A	CCSBVarC016743	ENSP00000217426.2:p.Pro98Leu	AHCY	ENSG00000101444	C1orf50
HsVcPPILacVa1	CCSBORF5896	1	CCSBORF3753	LW	3	373C>G	378	NC_000020.11:34292429:G:C	CCSBVarC016751	ENSP00000217426.2:p.Leu125Val	AHCY	ENSG00000101444	C1orf50
HsVcPPILacVa1	CCSBORF5896	1	CCSBORF3753	LW	3	473C>T	8	NC_000020.11:34291503:G:A	CCSBVarC016755	ENSP00000217426.2:p.Thr158Met	AHCY	ENSG00000101444	C1orf50
HsVcPPILacVa1	CCSBORF5896	1	CCSBORF3753	LW	3	586C>T	848	NC_000020.11:34290910:G:A	CCSBVarC016761	ENSP00000217426.2:p.Arg196Trp	AHCY	ENSG00000101444	C1orf50
HsVcPPILacVa1	CCSBORF5896	1	CCSBORF3753	LW	3	685G>A	698	NC_000020.11:34290811:C:T	CCSBVarC016768	ENSP00000217426.2:p.Ala229Thr	AHCY	ENSG00000101444	C1orf50
HsVcPPILacVa1	CCSBORF5896	1	CCSBORF3753	LW	3	698G>A	252	NC_000020.11:34290798:C:T	CCSBVarC016776	ENSP00000217426.2:p.Arg233Gln	AHCY	ENSG00000101444	C1orf50
HsVcPPILacVa1	CCSBORF5896	1	CCSBORF3753	LW	3	727G>A	1744	NC_000020.11:34290769:C:T	CCSBVarC016780	ENSP00000217426.2:p.Glu243Lys	AHCY	ENSG00000101444	C1orf50
HsVcPPILacVa1	CCSBORF5896	1	CCSBORF3753	LW	3	883A>G	81	NC_000020.11:34290420:T:C	CCSBVarC016789	ENSP00000217426.2:p.Ile295Val	AHCY	ENSG00000101444	C1orf50
HsVcPPILacVa1	CCSBORF5896	1	CCSBORF3753	LW	3	979C>T	1100	NC_000020.11:34285627:G:A	CCSBVarC016793	ENSP00000217426.2:p.Arg327Trp	AHCY	ENSG00000101444	C1orf50
HsVcPPILacVa1	CCSBORF7215	1	CCSBORF9939	LW	3	REF	372	NULL	NULL	NULL	NR0B1	ENSG00000169297	NR5A1
HsVcPPILacVa1	CCSBORF7215	1	CCSBORF9939	LW	3	1138T>G	103	NC_000023.11:30308225:A:C	CCSBVarC006816	ENSP00000368253.4:p.Tyr380Asp	NR0B1	ENSG00000169297	NR5A1
HsVcPPILacVa1	CCSBORF7215	1	CCSBORF9939	LW	3	1146G>T	46	NC_000023.11:30308217:C:A	CCSBVarC006817	ENSP00000368253.4:p.Lys382Asn	NR0B1	ENSG00000169297	NR5A1
HsVcPPILacVa1	CCSBORF7215	1	CCSBORF9939	LW	3	1235G>A	239	NC_000023.11:30304756:C:T	CCSBVarC016993	ENSP00000368253.4:p.Ser412Asn	NR0B1	ENSG00000169297	NR5A1
HsVcPPILacVa1	CCSBORF7215	1	CCSBORF9939	LW	3	1273A>G	23	NC_000023.11:30304718:T:C	CCSBVarC016995	ENSP00000368253.4:p.Arg425Gly	NR0B1	ENSG00000169297	NR5A1
HsVcPPILacVa1	CCSBORF7215	1	CCSBORF9939	LW	3	1274G>T	336	NC_000023.11:30304717:C:A	CCSBVarC006818	ENSP00000368253.4:p.Arg425Ile	NR0B1	ENSG00000169297	NR5A1
HsVcPPILacVa1	CCSBORF7215	1	CCSBORF9939	LW	3	1319A>T	206	NC_000023.11:30304672:T:A	CCSBVarC006819	ENSP00000368253.4:p.Asn440Ile	NR0B1	ENSG00000169297	NR5A1
HsVcPPILacVa1	CCSBORF7215	1	CCSBORF9939	LW	3	1351C>G	98	NC_000023.11:30304640:G:C	CCSBVarC016997	ENSP00000368253.4:p.Pro451Ala	NR0B1	ENSG00000169297	NR5A1
HsVcPPILacVa1	CCSBORF7215	1	CCSBORF9939	LW	3	155A>C	1	NC_000023.11:30309208:T:G	CCSBVarC017001	ENSP00000368253.4:p.Glu52Ala	NR0B1	ENSG00000169297	NR5A1
HsVcPPILacVa1	CCSBORF7215	1	CCSBORF9939	LW	3	315G>C	1813	NC_000023.11:30309048:C:G	CCSBVarC001145	ENSP00000368253.4:p.Trp105Cys	NR0B1	ENSG00000169297	NR5A1
HsVcPPILacVa1	CCSBORF7215	1	CCSBORF9939	LW	3	362C>G	516	NC_000023.11:30309001:G:C	CCSBVarC017017	ENSP00000368253.4:p.Pro121Arg	NR0B1	ENSG00000169297	NR5A1
HsVcPPILacVa1	CCSBORF7215	1	CCSBORF9939	LW	3	568G>C	1146	NC_000023.11:30308795:C:G	CCSBVarC017024	ENSP00000368253.4:p.Gly190Arg	NR0B1	ENSG00000169297	NR5A1
HsVcPPILacVa1	CCSBORF7215	1	CCSBORF9939	LW	3	600C>G	745	NC_000023.11:30308763:G:C	CCSBVarC011254	ENSP00000368253.4:p.Cys200Trp	NR0B1	ENSG00000169297	NR5A1
HsVcPPILacVa1	CCSBORF7215	1	CCSBORF9939	LW	3	800G>C	0	NC_000023.11:30308563:C:G	CCSBVarC001146	ENSP00000368253.4:p.Arg267Pro	NR0B1	ENSG00000169297	NR5A1
HsVcPPILacVa1	CCSBORF7215	1	CCSBORF9939	LW	3	881T>C	0	NC_000023.11:30308482:A:G	CCSBVarC017045	ENSP00000368253.4:p.Leu294Pro	NR0B1	ENSG00000169297	NR5A1
HsVcPPILacVa1	CCSBORF4870	2	CCSBORF100066360	LW	3	REF	151	NULL	NULL	NULL	KRT6A	ENSG00000205420	KRT27
HsVcPPILacVa1	CCSBORF4870	2	CCSBORF100066360	LW	3	1198A>C	252	NC_000012.12:52489947:T:G	CCSBVarC015603	ENSP00000369317.3:p.Lys400Gln	KRT6A	ENSG00000205420	KRT27
HsVcPPILacVa1	CCSBORF4870	2	CCSBORF100066360	LW	3	1282G>A	93	NC_000012.12:52488469:C:T	CCSBVarC015611	ENSP00000369317.3:p.Glu428Lys	KRT6A	ENSG00000205420	KRT27
HsVcPPILacVa1	CCSBORF4870	2	CCSBORF100066360	LW	3	1378G>A	467	NC_000012.12:52488373:C:T	CCSBVarC015615	ENSP00000369317.3:p.Val460Met	KRT6A	ENSG00000205420	KRT27
HsVcPPILacVa1	CCSBORF4870	2	CCSBORF100066360	LW	3	1381G>A	1223	NC_000012.12:52488370:C:T	CCSBVarC003673	ENSP00000369317.3:p.Glu461Lys	KRT6A	ENSG00000205420	KRT27
HsVcPPILacVa1	CCSBORF4870	2	CCSBORF100066360	LW	3	1387G>C	494	NC_000012.12:52488364:C:G	CCSBVarC000721	ENSP00000369317.3:p.Ala463Pro	KRT6A	ENSG00000205420	KRT27
HsVcPPILacVa1	CCSBORF4870	2	CCSBORF100066360	LW	3	1393T>C	0	NC_000012.12:52488358:A:G	CCSBVarC003675	ENSP00000369317.3:p.Tyr465His	KRT6A	ENSG00000205420	KRT27
HsVcPPILacVa1	CCSBORF4870	2	CCSBORF100066360	LW	3	1403T>A	85	NC_000012.12:52488348:A:T	CCSBVarC003677	ENSP00000369317.3:p.Leu468Gln	KRT6A	ENSG00000205420	KRT27
HsVcPPILacVa1	CCSBORF4870	2	CCSBORF100066360	LW	3	1416G>C	648	NC_000012.12:52488335:C:G	CCSBVarC003679	ENSP00000369317.3:p.Glu472Asp	KRT6A	ENSG00000205420	KRT27
HsVcPPILacVa1	CCSBORF4870	2	CCSBORF100066360	LW	3	1456A>G	2	NC_000012.12:52488071:T:C	CCSBVarC015620	ENSP00000369317.3:p.Ile486Val	KRT6A	ENSG00000205420	KRT27
HsVcPPILacVa1	CCSBORF4870	2	CCSBORF100066360	LW	3	1567G>A	97	NC_000012.12:52487847:C:T	CCSBVarC009576	ENSP00000369317.3:p.Val523Ile	KRT6A	ENSG00000205420	KRT27
HsVcPPILacVa1	CCSBORF4870	2	CCSBORF100066360	LW	3	1567G>T	67	NC_000012.12:52487847:C:A	CCSBVarC002920	ENSP00000369317.3:p.Val523Phe	KRT6A	ENSG00000205420	KRT27
HsVcPPILacVa1	CCSBORF4870	2	CCSBORF100066360	LW	3	1604T>C	254	NC_000012.12:52487810:A:G	CCSBVarC015632	ENSP00000369317.3:p.Ile535Thr	KRT6A	ENSG00000205420	KRT27
HsVcPPILacVa1	CCSBORF4870	2	CCSBORF100066360	LW	3	1650G>T	593	NC_000012.12:52487764:C:A	CCSBVarC015638	ENSP00000369317.3:p.Lys550Asn	KRT6A	ENSG00000205420	KRT27
HsVcPPILacVa1	CCSBORF4870	2	CCSBORF100066360	LW	3	332G>A	0	NC_000012.12:52492856:C:T	CCSBVarC015647	ENSP00000369317.3:p.Gly111Asp	KRT6A	ENSG00000205420	KRT27
HsVcPPILacVa1	CCSBORF4870	2	CCSBORF100066360	LW	3	361G>A	138	NC_000012.12:52492827:C:T	CCSBVarC015651	ENSP00000369317.3:p.Gly121Ser	KRT6A	ENSG00000205420	KRT27
HsVcPPILacVa1	CCSBORF4870	2	CCSBORF100066360	LW	3	46C>T	4	NC_000012.12:52493142:G:A	CCSBVarC015667	ENSP00000369317.3:p.Arg16Trp	KRT6A	ENSG00000205420	KRT27
HsVcPPILacVa1	CCSBORF4870	2	CCSBORF100066360	LW	3	491G>C	336	NC_000012.12:52492697:C:G	CCSBVarC003663	ENSP00000369317.3:p.Arg164Pro	KRT6A	ENSG00000205420	KRT27
HsVcPPILacVa1	CCSBORF4870	2	CCSBORF100066360	LW	3	500T>G	1	NC_000012.12:52492688:A:C	CCSBVarC003665	ENSP00000369317.3:p.Ile167Ser	KRT6A	ENSG00000205420	KRT27
HsVcPPILacVa1	CCSBORF4870	2	CCSBORF100066360	LW	3	511A>T	263	NC_000012.12:52492677:T:A	CCSBVarC003667	ENSP00000369317.3:p.Asn171Tyr	KRT6A	ENSG00000205420	KRT27
HsVcPPILacVa1	CCSBORF4870	2	CCSBORF100066360	LW	3	512A>G	169	NC_000012.12:52492676:T:C	CCSBVarC003669	ENSP00000369317.3:p.Asn171Ser	KRT6A	ENSG00000205420	KRT27
HsVcPPILacVa1	CCSBORF4870	2	CCSBORF100066360	LW	3	520T>G	2	NC_000012.12:52492668:A:C	CCSBVarC000719	ENSP00000369317.3:p.Phe174Val	KRT6A	ENSG00000205420	KRT27
HsVcPPILacVa1	CCSBORF4870	2	CCSBORF100066360	LW	3	526T>C	136	NC_000012.12:52492662:A:G	CCSBVarC003671	ENSP00000369317.3:p.Ser176Pro	KRT6A	ENSG00000205420	KRT27
HsVcPPILacVa1	CCSBORF4870	2	CCSBORF100066360	LW	3	628C>A	784	NC_000012.12:52491648:G:T	CCSBVarC009567	ENSP00000369317.3:p.Leu210Met	KRT6A	ENSG00000205420	KRT27
HsVcPPILacVa1	CCSBORF4870	2	CCSBORF100066360	LW	3	632A>G	1	NC_000012.12:52491644:T:C	CCSBVarC015673	ENSP00000369317.3:p.Glu211Gly	KRT6A	ENSG00000205420	KRT27
HsVcPPILacVa1	CCSBORF4870	2	CCSBORF100066360	LW	3	680G>A	1	NC_000012.12:52491596:C:T	CCSBVarC015679	ENSP00000369317.3:p.Ser227Asn	KRT6A	ENSG00000205420	KRT27
HsVcPPILacVa1	CCSBORF4870	2	CCSBORF100066360	LW	3	745T>C	1026	NC_000012.12:52491531:A:G	CCSBVarC002915	ENSP00000369317.3:p.Phe249Leu	KRT6A	ENSG00000205420	KRT27
HsVcPPILacVa1	CCSBORF4870	2	CCSBORF100066360	LW	3	806C>T	1	NC_000012.12:52491121:G:A	CCSBVarC015685	ENSP00000369317.3:p.Thr269Ile	KRT6A	ENSG00000205420	KRT27
HsVcPPILacVa1	CCSBORF4870	2	CCSBORF100066360	LW	3	968A>T	1	NC_000012.12:52490677:T:A	CCSBVarC015689	ENSP00000369317.3:p.Asp323Val	KRT6A	ENSG00000205420	KRT27
HsVcPPILacVa1	CCSBORF4870	2	CCSBORF100066360	LW	3	981C>G	0	NC_000012.12:52490664:G:C	CCSBVarC015694	ENSP00000369317.3:p.Asn327Lys	KRT6A	ENSG00000205420	KRT27
HsVcPPILacVa1	CCSBORF4870	2	CCSBORF100014396	LW	3	REF	182	NULL	NULL	NULL	KRT6A	ENSG00000205420	KRT35
HsVcPPILacVa1	CCSBORF4870	2	CCSBORF100014396	LW	3	1198A>C	477	NC_000012.12:52489947:T:G	CCSBVarC015603	ENSP00000369317.3:p.Lys400Gln	KRT6A	ENSG00000205420	KRT35
HsVcPPILacVa1	CCSBORF4870	2	CCSBORF100014396	LW	3	1282G>A	118	NC_000012.12:52488469:C:T	CCSBVarC015611	ENSP00000369317.3:p.Glu428Lys	KRT6A	ENSG00000205420	KRT35
HsVcPPILacVa1	CCSBORF4870	2	CCSBORF100014396	LW	3	1378G>A	628	NC_000012.12:52488373:C:T	CCSBVarC015615	ENSP00000369317.3:p.Val460Met	KRT6A	ENSG00000205420	KRT35
HsVcPPILacVa1	CCSBORF4870	2	CCSBORF100014396	LW	3	1381G>A	1149	NC_000012.12:52488370:C:T	CCSBVarC003673	ENSP00000369317.3:p.Glu461Lys	KRT6A	ENSG00000205420	KRT35
HsVcPPILacVa1	CCSBORF4870	2	CCSBORF100014396	LW	3	1387G>C	230	NC_000012.12:52488364:C:G	CCSBVarC000721	ENSP00000369317.3:p.Ala463Pro	KRT6A	ENSG00000205420	KRT35
HsVcPPILacVa1	CCSBORF4870	2	CCSBORF100014396	LW	3	1393T>C	0	NC_000012.12:52488358:A:G	CCSBVarC003675	ENSP00000369317.3:p.Tyr465His	KRT6A	ENSG00000205420	KRT35
HsVcPPILacVa1	CCSBORF4870	2	CCSBORF100014396	LW	3	1403T>A	80	NC_000012.12:52488348:A:T	CCSBVarC003677	ENSP00000369317.3:p.Leu468Gln	KRT6A	ENSG00000205420	KRT35
HsVcPPILacVa1	CCSBORF4870	2	CCSBORF100014396	LW	3	1416G>C	592	NC_000012.12:52488335:C:G	CCSBVarC003679	ENSP00000369317.3:p.Glu472Asp	KRT6A	ENSG00000205420	KRT35
HsVcPPILacVa1	CCSBORF4870	2	CCSBORF100014396	LW	3	1456A>G	1	NC_000012.12:52488071:T:C	CCSBVarC015620	ENSP00000369317.3:p.Ile486Val	KRT6A	ENSG00000205420	KRT35
HsVcPPILacVa1	CCSBORF4870	2	CCSBORF100014396	LW	3	1567G>A	69	NC_000012.12:52487847:C:T	CCSBVarC009576	ENSP00000369317.3:p.Val523Ile	KRT6A	ENSG00000205420	KRT35
HsVcPPILacVa1	CCSBORF4870	2	CCSBORF100014396	LW	3	1567G>T	132	NC_000012.12:52487847:C:A	CCSBVarC002920	ENSP00000369317.3:p.Val523Phe	KRT6A	ENSG00000205420	KRT35
HsVcPPILacVa1	CCSBORF4870	2	CCSBORF100014396	LW	3	1604T>C	240	NC_000012.12:52487810:A:G	CCSBVarC015632	ENSP00000369317.3:p.Ile535Thr	KRT6A	ENSG00000205420	KRT35
HsVcPPILacVa1	CCSBORF4870	2	CCSBORF100014396	LW	3	1650G>T	679	NC_000012.12:52487764:C:A	CCSBVarC015638	ENSP00000369317.3:p.Lys550Asn	KRT6A	ENSG00000205420	KRT35
HsVcPPILacVa1	CCSBORF4870	2	CCSBORF100014396	LW	3	332G>A	0	NC_000012.12:52492856:C:T	CCSBVarC015647	ENSP00000369317.3:p.Gly111Asp	KRT6A	ENSG00000205420	KRT35
HsVcPPILacVa1	CCSBORF4870	2	CCSBORF100014396	LW	3	361G>A	128	NC_000012.12:52492827:C:T	CCSBVarC015651	ENSP00000369317.3:p.Gly121Ser	KRT6A	ENSG00000205420	KRT35
HsVcPPILacVa1	CCSBORF4870	2	CCSBORF100014396	LW	3	46C>T	2	NC_000012.12:52493142:G:A	CCSBVarC015667	ENSP00000369317.3:p.Arg16Trp	KRT6A	ENSG00000205420	KRT35
HsVcPPILacVa1	CCSBORF4870	2	CCSBORF100014396	LW	3	491G>C	263	NC_000012.12:52492697:C:G	CCSBVarC003663	ENSP00000369317.3:p.Arg164Pro	KRT6A	ENSG00000205420	KRT35
HsVcPPILacVa1	CCSBORF4870	2	CCSBORF100014396	LW	3	500T>G	1	NC_000012.12:52492688:A:C	CCSBVarC003665	ENSP00000369317.3:p.Ile167Ser	KRT6A	ENSG00000205420	KRT35
HsVcPPILacVa1	CCSBORF4870	2	CCSBORF100014396	LW	3	511A>T	201	NC_000012.12:52492677:T:A	CCSBVarC003667	ENSP00000369317.3:p.Asn171Tyr	KRT6A	ENSG00000205420	KRT35
HsVcPPILacVa1	CCSBORF4870	2	CCSBORF100014396	LW	3	512A>G	281	NC_000012.12:52492676:T:C	CCSBVarC003669	ENSP00000369317.3:p.Asn171Ser	KRT6A	ENSG00000205420	KRT35
HsVcPPILacVa1	CCSBORF4870	2	CCSBORF100014396	LW	3	520T>G	1	NC_000012.12:52492668:A:C	CCSBVarC000719	ENSP00000369317.3:p.Phe174Val	KRT6A	ENSG00000205420	KRT35
HsVcPPILacVa1	CCSBORF4870	2	CCSBORF100014396	LW	3	526T>C	82	NC_000012.12:52492662:A:G	CCSBVarC003671	ENSP00000369317.3:p.Ser176Pro	KRT6A	ENSG00000205420	KRT35
HsVcPPILacVa1	CCSBORF4870	2	CCSBORF100014396	LW	3	628C>A	631	NC_000012.12:52491648:G:T	CCSBVarC009567	ENSP00000369317.3:p.Leu210Met	KRT6A	ENSG00000205420	KRT35
HsVcPPILacVa1	CCSBORF4870	2	CCSBORF100014396	LW	3	632A>G	2	NC_000012.12:52491644:T:C	CCSBVarC015673	ENSP00000369317.3:p.Glu211Gly	KRT6A	ENSG00000205420	KRT35
HsVcPPILacVa1	CCSBORF4870	2	CCSBORF100014396	LW	3	680G>A	1	NC_000012.12:52491596:C:T	CCSBVarC015679	ENSP00000369317.3:p.Ser227Asn	KRT6A	ENSG00000205420	KRT35
HsVcPPILacVa1	CCSBORF4870	2	CCSBORF100014396	LW	3	745T>C	753	NC_000012.12:52491531:A:G	CCSBVarC002915	ENSP00000369317.3:p.Phe249Leu	KRT6A	ENSG00000205420	KRT35
HsVcPPILacVa1	CCSBORF4870	2	CCSBORF100014396	LW	3	806C>T	2	NC_000012.12:52491121:G:A	CCSBVarC015685	ENSP00000369317.3:p.Thr269Ile	KRT6A	ENSG00000205420	KRT35
HsVcPPILacVa1	CCSBORF4870	2	CCSBORF100014396	LW	3	968A>T	0	NC_000012.12:52490677:T:A	CCSBVarC015689	ENSP00000369317.3:p.Asp323Val	KRT6A	ENSG00000205420	KRT35
HsVcPPILacVa1	CCSBORF4870	2	CCSBORF100014396	LW	3	981C>G	1	NC_000012.12:52490664:G:C	CCSBVarC015694	ENSP00000369317.3:p.Asn327Lys	KRT6A	ENSG00000205420	KRT35
HsVcPPILacVa1	CCSBORF4870	1	CCSBORF55664	LW	3	REF	150	NULL	NULL	NULL	KRT6A	ENSG00000205420	TRIM54
HsVcPPILacVa1	CCSBORF4870	1	CCSBORF55664	LW	3	1003G>A	2	NC_000012.12:52490642:C:T	CCSBVarC009565	ENSP00000369317.3:p.Ala335Thr	KRT6A	ENSG00000205420	TRIM54
HsVcPPILacVa1	CCSBORF4870	1	CCSBORF55664	LW	3	1157G>T	0	NC_000012.12:52489988:C:A	CCSBVarC015599	ENSP00000369317.3:p.Arg386Leu	KRT6A	ENSG00000205420	TRIM54
HsVcPPILacVa1	CCSBORF4870	1	CCSBORF55664	LW	3	1211A>G	0	NC_000012.12:52488540:T:C	CCSBVarC015607	ENSP00000369317.3:p.Asn404Ser	KRT6A	ENSG00000205420	TRIM54
HsVcPPILacVa1	CCSBORF4870	1	CCSBORF55664	LW	3	1327C>T	3	NC_000012.12:52488424:G:A	CCSBVarC009573	ENSP00000369317.3:p.Arg443Trp	KRT6A	ENSG00000205420	TRIM54
HsVcPPILacVa1	CCSBORF4870	1	CCSBORF55664	LW	3	1340A>G	0	NC_000012.12:52488411:T:C	CCSBVarC015613	ENSP00000369317.3:p.Glu447Gly	KRT6A	ENSG00000205420	TRIM54
HsVcPPILacVa1	CCSBORF4870	1	CCSBORF55664	LW	3	1385T>A	1	NC_000012.12:52488366:A:T	CCSBVarC003674	ENSP00000369317.3:p.Ile462Asn	KRT6A	ENSG00000205420	TRIM54
HsVcPPILacVa1	CCSBORF4870	1	CCSBORF55664	LW	3	1385T>G	1	NC_000012.12:52488366:A:C	CCSBVarC000720	ENSP00000369317.3:p.Ile462Ser	KRT6A	ENSG00000205420	TRIM54
HsVcPPILacVa1	CCSBORF4870	1	CCSBORF55664	LW	3	1403T>C	979	NC_000012.12:52488348:A:G	CCSBVarC003676	ENSP00000369317.3:p.Leu468Pro	KRT6A	ENSG00000205420	TRIM54
HsVcPPILacVa1	CCSBORF4870	1	CCSBORF55664	LW	3	1414G>A	584	NC_000012.12:52488337:C:T	CCSBVarC003678	ENSP00000369317.3:p.Glu472Lys	KRT6A	ENSG00000205420	TRIM54
HsVcPPILacVa1	CCSBORF4870	1	CCSBORF55664	LW	3	1441G>A	2	NC_000012.12:52488086:C:T	CCSBVarC015618	ENSP00000369317.3:p.Val481Ile	KRT6A	ENSG00000205420	TRIM54
HsVcPPILacVa1	CCSBORF4870	1	CCSBORF55664	LW	3	1534G>A	1	NC_000012.12:52487880:C:T	CCSBVarC015629	ENSP00000369317.3:p.Gly512Arg	KRT6A	ENSG00000205420	TRIM54
HsVcPPILacVa1	CCSBORF4870	1	CCSBORF55664	LW	3	1606G>A	0	NC_000012.12:52487808:C:T	CCSBVarC015635	ENSP00000369317.3:p.Gly536Arg	KRT6A	ENSG00000205420	TRIM54
HsVcPPILacVa1	CCSBORF4870	1	CCSBORF55664	LW	3	1655C>G	0	NC_000012.12:52487759:G:C	CCSBVarC002916	ENSP00000369317.3:p.Thr552Ser	KRT6A	ENSG00000205420	TRIM54
HsVcPPILacVa1	CCSBORF4870	1	CCSBORF55664	LW	3	215T>C	1	NC_000012.12:52492973:A:G	CCSBVarC015643	ENSP00000369317.3:p.Ile72Thr	KRT6A	ENSG00000205420	TRIM54
HsVcPPILacVa1	CCSBORF4870	1	CCSBORF55664	LW	3	359G>T	0	NC_000012.12:52492829:C:A	CCSBVarC015649	ENSP00000369317.3:p.Gly120Val	KRT6A	ENSG00000205420	TRIM54
HsVcPPILacVa1	CCSBORF4870	1	CCSBORF55664	LW	3	365T>C	1	NC_000012.12:52492823:A:G	CCSBVarC015653	ENSP00000369317.3:p.Phe122Ser	KRT6A	ENSG00000205420	TRIM54
HsVcPPILacVa1	CCSBORF4870	1	CCSBORF55664	LW	3	460C>G	1	NC_000012.12:52492728:G:C	CCSBVarC015670	ENSP00000369317.3:p.Pro154Ala	KRT6A	ENSG00000205420	TRIM54
HsVcPPILacVa1	CCSBORF4870	1	CCSBORF55664	LW	3	487G>A	51	NC_000012.12:52492701:C:T	CCSBVarC003662	ENSP00000369317.3:p.Glu163Lys	KRT6A	ENSG00000205420	TRIM54
HsVcPPILacVa1	CCSBORF4870	1	CCSBORF55664	LW	3	497A>C	177	NC_000012.12:52492691:T:G	CCSBVarC003664	ENSP00000369317.3:p.Gln166Pro	KRT6A	ENSG00000205420	TRIM54
HsVcPPILacVa1	CCSBORF4870	1	CCSBORF55664	LW	3	508C>T	931	NC_000012.12:52492680:G:A	CCSBVarC003666	ENSP00000369317.3:p.Leu170Phe	KRT6A	ENSG00000205420	TRIM54
HsVcPPILacVa1	CCSBORF4870	1	CCSBORF55664	LW	3	511A>G	494	NC_000012.12:52492677:T:C	CCSBVarC003668	ENSP00000369317.3:p.Asn171Asp	KRT6A	ENSG00000205420	TRIM54
HsVcPPILacVa1	CCSBORF4870	1	CCSBORF55664	LW	3	512A>C	1	NC_000012.12:52492676:T:G	CCSBVarC003670	ENSP00000369317.3:p.Asn171Thr	KRT6A	ENSG00000205420	TRIM54
HsVcPPILacVa1	CCSBORF4870	1	CCSBORF55664	LW	3	513C>A	209	NC_000012.12:52492675:G:T	CCSBVarC000718	ENSP00000369317.3:p.Asn171Lys	KRT6A	ENSG00000205420	TRIM54
HsVcPPILacVa1	CCSBORF4870	1	CCSBORF55664	LW	3	533T>A	1925	NC_000012.12:52492655:A:T	CCSBVarC003672	ENSP00000369317.3:p.Ile178Asn	KRT6A	ENSG00000205420	TRIM54
HsVcPPILacVa1	CCSBORF4870	1	CCSBORF55664	LW	3	62A>G	1	NC_000012.12:52493126:T:C	CCSBVarC002913	ENSP00000369317.3:p.Asn21Ser	KRT6A	ENSG00000205420	TRIM54
HsVcPPILacVa1	CCSBORF4870	1	CCSBORF55664	LW	3	661C>A	0	NC_000012.12:52491615:G:T	CCSBVarC015676	ENSP00000369317.3:p.Leu221Ile	KRT6A	ENSG00000205420	TRIM54
HsVcPPILacVa1	CCSBORF4870	1	CCSBORF55664	LW	3	718A>G	1	NC_000012.12:52491558:T:C	CCSBVarC015683	ENSP00000369317.3:p.Arg240Gly	KRT6A	ENSG00000205420	TRIM54
HsVcPPILacVa1	CCSBORF4870	1	CCSBORF55664	LW	3	827C>T	0	NC_000012.12:52490942:G:A	CCSBVarC015687	ENSP00000369317.3:p.Ala276Val	KRT6A	ENSG00000205420	TRIM54
HsVcPPILacVa1	CCSBORF4870	1	CCSBORF55664	LW	3	98T>C	4	NC_000012.12:52493090:A:G	CCSBVarC015691	ENSP00000369317.3:p.Phe33Ser	KRT6A	ENSG00000205420	TRIM54
HsVcPPILacVa1	CCSBORF71591	1	CCSBORF0	LW	3	REF	340	NULL	NULL	NULL	CRYGC	ENSG00000163254	empty_AD
HsVcPPILacVa1	CCSBORF71591	1	CCSBORF0	LW	3	121G>A	1204	NC_000002.12:208129571:C:T	CCSBVarC016915	ENSP00000282141.3:p.Gly41Ser	CRYGC	ENSG00000163254	empty_AD
HsVcPPILacVa1	CCSBORF71591	1	CCSBORF0	LW	3	125G>A	1356	NC_000002.12:208129567:C:T	CCSBVarC016917	ENSP00000282141.3:p.Cys42Tyr	CRYGC	ENSG00000163254	empty_AD
HsVcPPILacVa1	CCSBORF71591	1	CCSBORF0	LW	3	137A>G	182	NC_000002.12:208129555:T:C	CCSBVarC016919	ENSP00000282141.3:p.Tyr46Cys	CRYGC	ENSG00000163254	empty_AD
HsVcPPILacVa1	CCSBORF71591	1	CCSBORF0	LW	3	13A>C	1633	NC_000002.12:208129679:T:G	CCSBVarC002785	ENSP00000282141.3:p.Thr5Pro	CRYGC	ENSG00000163254	empty_AD
HsVcPPILacVa1	CCSBORF71591	1	CCSBORF0	LW	3	142C>T	2526	NC_000002.12:208129550:G:A	CCSBVarC016921	ENSP00000282141.3:p.Arg48Cys	CRYGC	ENSG00000163254	empty_AD
HsVcPPILacVa1	CCSBORF71591	1	CCSBORF0	LW	3	143G>A	1051	NC_000002.12:208129549:C:T	CCSBVarC014016	ENSP00000282141.3:p.Arg48His	CRYGC	ENSG00000163254	empty_AD
HsVcPPILacVa1	CCSBORF71591	1	CCSBORF0	LW	3	164A>G	242	NC_000002.12:208129528:T:C	CCSBVarC016929	ENSP00000282141.3:p.Gln55Arg	CRYGC	ENSG00000163254	empty_AD
HsVcPPILacVa1	CCSBORF71591	1	CCSBORF0	LW	3	220G>A	2171	NC_000002.12:208129472:C:T	CCSBVarC016932	ENSP00000282141.3:p.Asp74Asn	CRYGC	ENSG00000163254	empty_AD
HsVcPPILacVa1	CCSBORF71591	1	CCSBORF0	LW	3	229C>T	1525	NC_000002.12:208129463:G:A	CCSBVarC016934	ENSP00000282141.3:p.Arg77Cys	CRYGC	ENSG00000163254	empty_AD
HsVcPPILacVa1	CCSBORF71591	1	CCSBORF0	LW	3	230G>A	4	NC_000002.12:208129462:C:T	CCSBVarC016954	ENSP00000282141.3:p.Arg77His	CRYGC	ENSG00000163254	empty_AD
HsVcPPILacVa1	CCSBORF71591	1	CCSBORF0	LW	3	256G>T	197	NC_000002.12:208128471:C:A	CCSBVarC014051	ENSP00000282141.3:p.Val86Phe	CRYGC	ENSG00000163254	empty_AD
HsVcPPILacVa1	CCSBORF71591	1	CCSBORF0	LW	3	271C>T	706	NC_000002.12:208128456:G:A	CCSBVarC014021	ENSP00000282141.3:p.Arg91Trp	CRYGC	ENSG00000163254	empty_AD
HsVcPPILacVa1	CCSBORF71591	1	CCSBORF0	LW	3	272G>A	5	NC_000002.12:208128455:C:T	CCSBVarC016956	ENSP00000282141.3:p.Arg91Gln	CRYGC	ENSG00000163254	empty_AD
HsVcPPILacVa1	CCSBORF71591	1	CCSBORF0	LW	3	304A>G	1	NC_000002.12:208128423:T:C	CCSBVarC016960	ENSP00000282141.3:p.Met102Val	CRYGC	ENSG00000163254	empty_AD
HsVcPPILacVa1	CCSBORF71591	1	CCSBORF0	LW	3	317G>A	764	NC_000002.12:208128410:C:T	CCSBVarC014018	ENSP00000282141.3:p.Ser106Asn	CRYGC	ENSG00000163254	empty_AD
HsVcPPILacVa1	CCSBORF71591	1	CCSBORF0	LW	3	364C>T	2567	NC_000002.12:208128363:G:A	CCSBVarC016964	ENSP00000282141.3:p.Arg122Cys	CRYGC	ENSG00000163254	empty_AD
HsVcPPILacVa1	CCSBORF71591	1	CCSBORF0	LW	3	365G>A	27	NC_000002.12:208128362:C:T	CCSBVarC016966	ENSP00000282141.3:p.Arg122His	CRYGC	ENSG00000163254	empty_AD
HsVcPPILacVa1	CCSBORF71591	1	CCSBORF0	LW	3	403G>A	233	NC_000002.12:208128324:C:T	CCSBVarC016968	ENSP00000282141.3:p.Glu135Lys	CRYGC	ENSG00000163254	empty_AD
HsVcPPILacVa1	CCSBORF71591	1	CCSBORF0	LW	3	450G>T	3	NC_000002.12:208128277:C:A	CCSBVarC016972	ENSP00000282141.3:p.Glu150Asp	CRYGC	ENSG00000163254	empty_AD
HsVcPPILacVa1	CCSBORF71591	1	CCSBORF0	LW	3	458G>A	348	NC_000002.12:208128269:C:T	CCSBVarC016974	ENSP00000282141.3:p.Arg153Gln	CRYGC	ENSG00000163254	empty_AD
HsVcPPILacVa1	CCSBORF71591	1	CCSBORF0	LW	3	502C>T	431	NC_000002.12:208128225:G:A	CCSBVarC002786	ENSP00000282141.3:p.Arg168Trp	CRYGC	ENSG00000163254	empty_AD
HsVcPPILacVa1	CCSBORF71591	1	CCSBORF0	LW	3	52G>A	13	NC_000002.12:208129640:C:T	CCSBVarC016978	ENSP00000282141.3:p.Glu18Lys	CRYGC	ENSG00000163254	empty_AD
HsVcPPILacVa1	CCSBORF71591	1	CCSBORF0	LW	3	97T>C	1	NC_000002.12:208129595:A:G	CCSBVarC016979	ENSP00000282141.3:p.Cys33Arg	CRYGC	ENSG00000163254	empty_AD
HsVcPPILacVa1	CCSBORF1231	1	CCSBORF71628	LW	3	REF	1168	NULL	NULL	NULL	AQP1	ENSG00000240583	KRTAP9-8
HsVcPPILacVa1	CCSBORF1231	1	CCSBORF71628	LW	3	113C>T	885	NC_000007.14:30912021:C:T	CCSBVarC000137	ENSP00000311165.4:p.Pro38Leu	AQP1	ENSG00000240583	KRTAP9-8
HsVcPPILacVa1	CCSBORF1231	1	CCSBORF71628	LW	3	140A>G	6342	NC_000007.14:30912048:A:G	CCSBVarC000138	ENSP00000311165.4:p.Gln47Arg	AQP1	ENSG00000240583	KRTAP9-8
HsVcPPILacVa1	CCSBORF1231	1	CCSBORF71628	LW	3	319G>A	44	NC_000007.14:30912227:G:A	CCSBVarC015066	ENSP00000311165.4:p.Val107Ile	AQP1	ENSG00000240583	KRTAP9-8
HsVcPPILacVa1	CCSBORF1231	1	CCSBORF71628	LW	3	320T>G	2345	NC_000007.14:30912228:T:G	CCSBVarC015069	ENSP00000311165.4:p.Val107Gly	AQP1	ENSG00000240583	KRTAP9-8
HsVcPPILacVa1	CCSBORF1231	1	CCSBORF71628	LW	3	494G>A	309	NC_000007.14:30922174:G:A	CCSBVarC015072	ENSP00000311165.4:p.Gly165Asp	AQP1	ENSG00000240583	KRTAP9-8
HsVcPPILacVa1	CCSBORF1231	1	CCSBORF71628	LW	3	576C>A	1439	NC_000007.14:30922589:C:A	CCSBVarC000139	ENSP00000311165.4:p.Asn192Lys	AQP1	ENSG00000240583	KRTAP9-8
HsVcPPILacVa1	CCSBORF1231	1	CCSBORF13067	LW	3	REF	1599	NULL	NULL	NULL	AQP1	ENSG00000240583	BLZF1
HsVcPPILacVa1	CCSBORF1231	1	CCSBORF13067	LW	3	113C>T	1183	NC_000007.14:30912021:C:T	CCSBVarC000137	ENSP00000311165.4:p.Pro38Leu	AQP1	ENSG00000240583	BLZF1
HsVcPPILacVa1	CCSBORF1231	1	CCSBORF13067	LW	3	140A>G	6726	NC_000007.14:30912048:A:G	CCSBVarC000138	ENSP00000311165.4:p.Gln47Arg	AQP1	ENSG00000240583	BLZF1
HsVcPPILacVa1	CCSBORF1231	1	CCSBORF13067	LW	3	319G>A	10	NC_000007.14:30912227:G:A	CCSBVarC015066	ENSP00000311165.4:p.Val107Ile	AQP1	ENSG00000240583	BLZF1
HsVcPPILacVa1	CCSBORF1231	1	CCSBORF13067	LW	3	320T>G	2151	NC_000007.14:30912228:T:G	CCSBVarC015069	ENSP00000311165.4:p.Val107Gly	AQP1	ENSG00000240583	BLZF1
HsVcPPILacVa1	CCSBORF1231	1	CCSBORF13067	LW	3	494G>A	697	NC_000007.14:30922174:G:A	CCSBVarC015072	ENSP00000311165.4:p.Gly165Asp	AQP1	ENSG00000240583	BLZF1
HsVcPPILacVa1	CCSBORF1231	1	CCSBORF13067	LW	3	576C>A	1847	NC_000007.14:30922589:C:A	CCSBVarC000139	ENSP00000311165.4:p.Asn192Lys	AQP1	ENSG00000240583	BLZF1
HsVcPPILacVa1	CCSBORF1231	1	CCSBORF675	LW	3	REF	1488	NULL	NULL	NULL	AQP1	ENSG00000240583	RGS17
HsVcPPILacVa1	CCSBORF1231	1	CCSBORF675	LW	3	113C>T	914	NC_000007.14:30912021:C:T	CCSBVarC000137	ENSP00000311165.4:p.Pro38Leu	AQP1	ENSG00000240583	RGS17
HsVcPPILacVa1	CCSBORF1231	1	CCSBORF675	LW	3	140A>G	6557	NC_000007.14:30912048:A:G	CCSBVarC000138	ENSP00000311165.4:p.Gln47Arg	AQP1	ENSG00000240583	RGS17
HsVcPPILacVa1	CCSBORF1231	1	CCSBORF675	LW	3	319G>A	20	NC_000007.14:30912227:G:A	CCSBVarC015066	ENSP00000311165.4:p.Val107Ile	AQP1	ENSG00000240583	RGS17
HsVcPPILacVa1	CCSBORF1231	1	CCSBORF675	LW	3	320T>G	2267	NC_000007.14:30912228:T:G	CCSBVarC015069	ENSP00000311165.4:p.Val107Gly	AQP1	ENSG00000240583	RGS17
HsVcPPILacVa1	CCSBORF1231	1	CCSBORF675	LW	3	494G>A	290	NC_000007.14:30922174:G:A	CCSBVarC015072	ENSP00000311165.4:p.Gly165Asp	AQP1	ENSG00000240583	RGS17
HsVcPPILacVa1	CCSBORF1231	1	CCSBORF675	LW	3	576C>A	1753	NC_000007.14:30922589:C:A	CCSBVarC000139	ENSP00000311165.4:p.Asn192Lys	AQP1	ENSG00000240583	RGS17
HsVcPPILacVa1	CCSBORF70357	1	CCSBORF2384	LW	3	REF	181	NULL	NULL	NULL	TSFM	ENSG00000123297	RALBP1
HsVcPPILacVa1	CCSBORF70357	1	CCSBORF2384	LW	3	112C>T	3	NC_000012.12:57783163:C:T	CCSBVarC017012	ENSP00000499171.2:p.Pro38Ser	TSFM	ENSG00000123297	RALBP1
HsVcPPILacVa1	CCSBORF70357	1	CCSBORF2384	LW	3	191G>A	2	NC_000012.12:57783242:G:A	CCSBVarC017016	ENSP00000499171.2:p.Cys64Tyr	TSFM	ENSG00000123297	RALBP1
HsVcPPILacVa1	CCSBORF70357	1	CCSBORF2384	LW	3	22C>T	0	NC_000012.12:57782822:C:T	CCSBVarC017021	ENSP00000499171.2:p.Arg8Cys	TSFM	ENSG00000123297	RALBP1
HsVcPPILacVa1	CCSBORF70357	1	CCSBORF2384	LW	3	269G>A	1	NC_000012.12:57786199:G:A	CCSBVarC017025	ENSP00000499171.2:p.Gly90Asp	TSFM	ENSG00000123297	RALBP1
HsVcPPILacVa1	CCSBORF70357	1	CCSBORF2384	LW	3	34G>T	267	NC_000012.12:57782834:G:T	CCSBVarC017029	ENSP00000499171.2:p.Val12Phe	TSFM	ENSG00000123297	RALBP1
HsVcPPILacVa1	CCSBORF70357	1	CCSBORF2384	LW	3	484G>A	2	NC_000012.12:57792985:G:A	CCSBVarC017033	ENSP00000499171.2:p.Gly162Ser	TSFM	ENSG00000123297	RALBP1
HsVcPPILacVa1	CCSBORF70357	1	CCSBORF2384	LW	3	520G>T	0	NC_000012.12:57793021:G:T	CCSBVarC017037	ENSP00000499171.2:p.Ala174Ser	TSFM	ENSG00000123297	RALBP1
HsVcPPILacVa1	CCSBORF70357	1	CCSBORF2384	LW	3	539G>C	737	NC_000012.12:57793040:G:C	CCSBVarC017041	ENSP00000499171.2:p.Gly180Ala	TSFM	ENSG00000123297	RALBP1
HsVcPPILacVa1	CCSBORF70357	1	CCSBORF2384	LW	3	602G>A	43	NC_000012.12:57796206:G:A	CCSBVarC017056	ENSP00000499171.2:p.Arg201Gln	TSFM	ENSG00000123297	RALBP1
HsVcPPILacVa1	CCSBORF70357	1	CCSBORF2384	LW	3	647A>T	744	NC_000012.12:57796251:A:T	CCSBVarC017058	ENSP00000499171.2:p.Tyr216Phe	TSFM	ENSG00000123297	RALBP1
HsVcPPILacVa1	CCSBORF70357	1	CCSBORF2384	LW	3	718T>C	960	NC_000012.12:57796322:T:C	CCSBVarC017061	ENSP00000499171.2:p.Cys240Arg	TSFM	ENSG00000123297	RALBP1
HsVcPPILacVa1	CCSBORF70357	1	CCSBORF2384	LW	3	725C>T	4846	NC_000012.12:57796329:C:T	CCSBVarC017063	ENSP00000499171.2:p.Thr242Met	TSFM	ENSG00000123297	RALBP1
HsVcPPILacVa1	CCSBORF70357	1	CCSBORF2384	LW	3	754G>A	1986	NC_000012.12:57796358:G:A	CCSBVarC017065	ENSP00000499171.2:p.Val252Ile	TSFM	ENSG00000123297	RALBP1
HsVcPPILacVa1	CCSBORF70357	1	CCSBORF2384	LW	3	763C>T	2669	NC_000012.12:57796367:C:T	CCSBVarC017067	ENSP00000499171.2:p.Arg255Cys	TSFM	ENSG00000123297	RALBP1
HsVcPPILacVa1	CCSBORF70357	1	CCSBORF2384	LW	3	775C>T	3	NC_000012.12:57796379:C:T	CCSBVarC017069	ENSP00000499171.2:p.His259Tyr	TSFM	ENSG00000123297	RALBP1
HsVcPPILacVa1	CCSBORF70357	1	CCSBORF2384	LW	3	796C>G	1	NC_000012.12:57796400:C:G	CCSBVarC017074	ENSP00000499171.2:p.Leu266Val	TSFM	ENSG00000123297	RALBP1
HsVcPPILacVa1	CCSBORF70357	1	CCSBORF2384	LW	3	814G>C	4411	NC_000012.12:57796418:G:C	CCSBVarC017078	ENSP00000499171.2:p.Asp272His	TSFM	ENSG00000123297	RALBP1
HsVcPPILacVa1	CCSBORF70357	1	CCSBORF2384	LW	3	878C>T	3	NC_000012.12:57796482:C:T	CCSBVarC017084	ENSP00000499171.2:p.Ser293Phe	TSFM	ENSG00000123297	RALBP1
HsVcPPILacVa1	CCSBORF11374	2	CCSBORF0	LW	3	REF	859	NULL	NULL	NULL	RP2	ENSG00000102218	empty_AD
HsVcPPILacVa1	CCSBORF11374	2	CCSBORF0	LW	3	1046G>C	2151	NC_000023.11:46879761:G:C	CCSBVarC014902	ENSP00000218340.3:p.Gly349Ala	RP2	ENSG00000102218	empty_AD
HsVcPPILacVa1	CCSBORF11374	2	CCSBORF0	LW	3	122T>C	68	NC_000023.11:46853494:T:C	CCSBVarC014908	ENSP00000218340.3:p.Met41Thr	RP2	ENSG00000102218	empty_AD
HsVcPPILacVa1	CCSBORF11374	2	CCSBORF0	LW	3	226G>T	1363	NC_000023.11:46853598:G:T	CCSBVarC014921	ENSP00000218340.3:p.Asp76Tyr	RP2	ENSG00000102218	empty_AD
HsVcPPILacVa1	CCSBORF11374	2	CCSBORF0	LW	3	260C>T	253	NC_000023.11:46853632:C:T	CCSBVarC011436	ENSP00000218340.3:p.Thr87Ile	RP2	ENSG00000102218	empty_AD
HsVcPPILacVa1	CCSBORF11374	2	CCSBORF0	LW	3	280G>C	2881	NC_000023.11:46853652:G:C	CCSBVarC014952	ENSP00000218340.3:p.Gly94Arg	RP2	ENSG00000102218	empty_AD
HsVcPPILacVa1	CCSBORF11374	2	CCSBORF0	LW	3	284C>T	19	NC_000023.11:46853656:C:T	CCSBVarC011462	ENSP00000218340.3:p.Pro95Leu	RP2	ENSG00000102218	empty_AD
HsVcPPILacVa1	CCSBORF11374	2	CCSBORF0	LW	3	352C>T	8	NC_000023.11:46853724:C:T	CCSBVarC011442	ENSP00000218340.3:p.Arg118Cys	RP2	ENSG00000102218	empty_AD
HsVcPPILacVa1	CCSBORF11374	2	CCSBORF0	LW	3	353G>A	109	NC_000023.11:46853725:G:A	CCSBVarC001707	ENSP00000218340.3:p.Arg118His	RP2	ENSG00000102218	empty_AD
HsVcPPILacVa1	CCSBORF11374	2	CCSBORF0	LW	3	353G>T	365	NC_000023.11:46853725:G:T	CCSBVarC005281	ENSP00000218340.3:p.Arg118Leu	RP2	ENSG00000102218	empty_AD
HsVcPPILacVa1	CCSBORF11374	2	CCSBORF0	LW	3	401A>G	50	NC_000023.11:46853773:A:G	CCSBVarC014964	ENSP00000218340.3:p.Gln134Arg	RP2	ENSG00000102218	empty_AD
HsVcPPILacVa1	CCSBORF11374	2	CCSBORF0	LW	3	49C>T	338	NC_000023.11:46837148:C:T	CCSBVarC014978	ENSP00000218340.3:p.Pro17Ser	RP2	ENSG00000102218	empty_AD
HsVcPPILacVa1	CCSBORF11374	2	CCSBORF0	LW	3	601A>G	219	NC_000023.11:46853973:A:G	CCSBVarC011432	ENSP00000218340.3:p.Ile201Val	RP2	ENSG00000102218	empty_AD
HsVcPPILacVa1	CCSBORF11374	2	CCSBORF0	LW	3	628G>A	539	NC_000023.11:46854000:G:A	CCSBVarC014986	ENSP00000218340.3:p.Val210Ile	RP2	ENSG00000102218	empty_AD
HsVcPPILacVa1	CCSBORF11374	2	CCSBORF0	LW	3	667A>G	424	NC_000023.11:46854039:A:G	CCSBVarC014996	ENSP00000218340.3:p.Ile223Val	RP2	ENSG00000102218	empty_AD
HsVcPPILacVa1	CCSBORF11374	2	CCSBORF0	LW	3	768G>C	686	NC_000023.11:46854140:G:C	CCSBVarC015005	ENSP00000218340.3:p.Glu256Asp	RP2	ENSG00000102218	empty_AD
HsVcPPILacVa1	CCSBORF11374	2	CCSBORF0	LW	3	782G>T	124	NC_000023.11:46860000:G:T	CCSBVarC015014	ENSP00000218340.3:p.Gly261Val	RP2	ENSG00000102218	empty_AD
HsVcPPILacVa1	CCSBORF11374	2	CCSBORF0	LW	3	889G>C	210	NC_000023.11:46877509:G:C	CCSBVarC015023	ENSP00000218340.3:p.Val297Leu	RP2	ENSG00000102218	empty_AD
HsVcPPILacVa1	CCSBORF11374	2	CCSBORF0	LW	3	8G>C	2	NC_000023.11:46837107:G:C	CCSBVarC011470	ENSP00000218340.3:p.Cys3Ser	RP2	ENSG00000102218	empty_AD
HsVcPPILacVa1	CCSBORF11374	2	CCSBORF0	LW	3	959A>G	1	NC_000023.11:46877579:A:G	CCSBVarC011424	ENSP00000218340.3:p.Asn320Ser	RP2	ENSG00000102218	empty_AD
HsVcPPILacVa1	CCSBORF11374	2	CCSBORF0	LW	3	970A>G	17	NC_000023.11:46879685:A:G	CCSBVarC015035	ENSP00000218340.3:p.Met324Val	RP2	ENSG00000102218	empty_AD
HsVcPPILacVa1	CCSBORF5896	1	CCSBORF0	LW	3	REF	189	NULL	NULL	NULL	AHCY	ENSG00000101444	empty_AD
HsVcPPILacVa1	CCSBORF5896	1	CCSBORF0	LW	3	1000C>T	384	NC_000020.11:34285606:G:A	CCSBVarC016693	ENSP00000217426.2:p.Arg334Cys	AHCY	ENSG00000101444	empty_AD
HsVcPPILacVa1	CCSBORF5896	1	CCSBORF0	LW	3	1025G>T	590	NC_000020.11:34285581:C:A	CCSBVarC016696	ENSP00000217426.2:p.Gly342Val	AHCY	ENSG00000101444	empty_AD
HsVcPPILacVa1	CCSBORF5896	1	CCSBORF0	LW	3	106C>T	463	NC_000020.11:34295507:G:A	CCSBVarC016716	ENSP00000217426.2:p.Arg36Trp	AHCY	ENSG00000101444	empty_AD
HsVcPPILacVa1	CCSBORF5896	1	CCSBORF0	LW	3	1124A>G	339	NC_000020.11:34285482:T:C	CCSBVarC016722	ENSP00000217426.2:p.His375Arg	AHCY	ENSG00000101444	empty_AD
HsVcPPILacVa1	CCSBORF5896	1	CCSBORF0	LW	3	1223A>G	542	NC_000020.11:34281109:T:C	CCSBVarC016727	ENSP00000217426.2:p.Lys408Arg	AHCY	ENSG00000101444	empty_AD
HsVcPPILacVa1	CCSBORF5896	1	CCSBORF0	LW	3	1292G>A	948	NC_000020.11:34281040:C:T	CCSBVarC016733	ENSP00000217426.2:p.Arg431His	AHCY	ENSG00000101444	empty_AD
HsVcPPILacVa1	CCSBORF5896	1	CCSBORF0	LW	3	145C>T	159	NC_000020.11:34295468:G:A	CCSBVarC000924	ENSP00000217426.2:p.Arg49Cys	AHCY	ENSG00000101444	empty_AD
HsVcPPILacVa1	CCSBORF5896	1	CCSBORF0	LW	3	176A>T	1	NC_000020.11:34295437:T:A	CCSBVarC016739	ENSP00000217426.2:p.Glu59Val	AHCY	ENSG00000101444	empty_AD
HsVcPPILacVa1	CCSBORF5896	1	CCSBORF0	LW	3	266C>T	1	NC_000020.11:34294109:G:A	CCSBVarC000926	ENSP00000217426.2:p.Ala89Val	AHCY	ENSG00000101444	empty_AD
HsVcPPILacVa1	CCSBORF5896	1	CCSBORF0	LW	3	293C>T	391	NC_000020.11:34294082:G:A	CCSBVarC016743	ENSP00000217426.2:p.Pro98Leu	AHCY	ENSG00000101444	empty_AD
HsVcPPILacVa1	CCSBORF5896	1	CCSBORF0	LW	3	373C>G	225	NC_000020.11:34292429:G:C	CCSBVarC016751	ENSP00000217426.2:p.Leu125Val	AHCY	ENSG00000101444	empty_AD
HsVcPPILacVa1	CCSBORF5896	1	CCSBORF0	LW	3	473C>T	17	NC_000020.11:34291503:G:A	CCSBVarC016755	ENSP00000217426.2:p.Thr158Met	AHCY	ENSG00000101444	empty_AD
HsVcPPILacVa1	CCSBORF5896	1	CCSBORF0	LW	3	586C>T	693	NC_000020.11:34290910:G:A	CCSBVarC016761	ENSP00000217426.2:p.Arg196Trp	AHCY	ENSG00000101444	empty_AD
HsVcPPILacVa1	CCSBORF5896	1	CCSBORF0	LW	3	685G>A	788	NC_000020.11:34290811:C:T	CCSBVarC016768	ENSP00000217426.2:p.Ala229Thr	AHCY	ENSG00000101444	empty_AD
HsVcPPILacVa1	CCSBORF5896	1	CCSBORF0	LW	3	698G>A	164	NC_000020.11:34290798:C:T	CCSBVarC016776	ENSP00000217426.2:p.Arg233Gln	AHCY	ENSG00000101444	empty_AD
HsVcPPILacVa1	CCSBORF5896	1	CCSBORF0	LW	3	727G>A	1549	NC_000020.11:34290769:C:T	CCSBVarC016780	ENSP00000217426.2:p.Glu243Lys	AHCY	ENSG00000101444	empty_AD
HsVcPPILacVa1	CCSBORF5896	1	CCSBORF0	LW	3	883A>G	138	NC_000020.11:34290420:T:C	CCSBVarC016789	ENSP00000217426.2:p.Ile295Val	AHCY	ENSG00000101444	empty_AD
HsVcPPILacVa1	CCSBORF5896	1	CCSBORF0	LW	3	979C>T	743	NC_000020.11:34285627:G:A	CCSBVarC016793	ENSP00000217426.2:p.Arg327Trp	AHCY	ENSG00000101444	empty_AD
HsVcPPILacVa1	CCSBORF7215	1	CCSBORF0	LW	3	REF	325	NULL	NULL	NULL	NR0B1	ENSG00000169297	empty_AD
HsVcPPILacVa1	CCSBORF7215	1	CCSBORF0	LW	3	1138T>G	130	NC_000023.11:30308225:A:C	CCSBVarC006816	ENSP00000368253.4:p.Tyr380Asp	NR0B1	ENSG00000169297	empty_AD
HsVcPPILacVa1	CCSBORF7215	1	CCSBORF0	LW	3	1146G>T	69	NC_000023.11:30308217:C:A	CCSBVarC006817	ENSP00000368253.4:p.Lys382Asn	NR0B1	ENSG00000169297	empty_AD
HsVcPPILacVa1	CCSBORF7215	1	CCSBORF0	LW	3	1235G>A	180	NC_000023.11:30304756:C:T	CCSBVarC016993	ENSP00000368253.4:p.Ser412Asn	NR0B1	ENSG00000169297	empty_AD
HsVcPPILacVa1	CCSBORF7215	1	CCSBORF0	LW	3	1273A>G	90	NC_000023.11:30304718:T:C	CCSBVarC016995	ENSP00000368253.4:p.Arg425Gly	NR0B1	ENSG00000169297	empty_AD
HsVcPPILacVa1	CCSBORF7215	1	CCSBORF0	LW	3	1274G>T	440	NC_000023.11:30304717:C:A	CCSBVarC006818	ENSP00000368253.4:p.Arg425Ile	NR0B1	ENSG00000169297	empty_AD
HsVcPPILacVa1	CCSBORF7215	1	CCSBORF0	LW	3	1319A>T	420	NC_000023.11:30304672:T:A	CCSBVarC006819	ENSP00000368253.4:p.Asn440Ile	NR0B1	ENSG00000169297	empty_AD
HsVcPPILacVa1	CCSBORF7215	1	CCSBORF0	LW	3	1351C>G	113	NC_000023.11:30304640:G:C	CCSBVarC016997	ENSP00000368253.4:p.Pro451Ala	NR0B1	ENSG00000169297	empty_AD
HsVcPPILacVa1	CCSBORF7215	1	CCSBORF0	LW	3	155A>C	13	NC_000023.11:30309208:T:G	CCSBVarC017001	ENSP00000368253.4:p.Glu52Ala	NR0B1	ENSG00000169297	empty_AD
HsVcPPILacVa1	CCSBORF7215	1	CCSBORF0	LW	3	315G>C	1484	NC_000023.11:30309048:C:G	CCSBVarC001145	ENSP00000368253.4:p.Trp105Cys	NR0B1	ENSG00000169297	empty_AD
HsVcPPILacVa1	CCSBORF7215	1	CCSBORF0	LW	3	362C>G	601	NC_000023.11:30309001:G:C	CCSBVarC017017	ENSP00000368253.4:p.Pro121Arg	NR0B1	ENSG00000169297	empty_AD
HsVcPPILacVa1	CCSBORF7215	1	CCSBORF0	LW	3	568G>C	1402	NC_000023.11:30308795:C:G	CCSBVarC017024	ENSP00000368253.4:p.Gly190Arg	NR0B1	ENSG00000169297	empty_AD
HsVcPPILacVa1	CCSBORF7215	1	CCSBORF0	LW	3	600C>G	611	NC_000023.11:30308763:G:C	CCSBVarC011254	ENSP00000368253.4:p.Cys200Trp	NR0B1	ENSG00000169297	empty_AD
HsVcPPILacVa1	CCSBORF7215	1	CCSBORF0	LW	3	800G>C	1	NC_000023.11:30308563:C:G	CCSBVarC001146	ENSP00000368253.4:p.Arg267Pro	NR0B1	ENSG00000169297	empty_AD
HsVcPPILacVa1	CCSBORF7215	1	CCSBORF0	LW	3	881T>C	1	NC_000023.11:30308482:A:G	CCSBVarC017045	ENSP00000368253.4:p.Leu294Pro	NR0B1	ENSG00000169297	empty_AD
HsVcPPILacVa1	CCSBORF4870	2	CCSBORF100011278	LW	3	REF	186	NULL	NULL	NULL	KRT6A	ENSG00000205420	KRT16
HsVcPPILacVa1	CCSBORF4870	2	CCSBORF100011278	LW	3	1198A>C	374	NC_000012.12:52489947:T:G	CCSBVarC015603	ENSP00000369317.3:p.Lys400Gln	KRT6A	ENSG00000205420	KRT16
HsVcPPILacVa1	CCSBORF4870	2	CCSBORF100011278	LW	3	1282G>A	146	NC_000012.12:52488469:C:T	CCSBVarC015611	ENSP00000369317.3:p.Glu428Lys	KRT6A	ENSG00000205420	KRT16
HsVcPPILacVa1	CCSBORF4870	2	CCSBORF100011278	LW	3	1378G>A	729	NC_000012.12:52488373:C:T	CCSBVarC015615	ENSP00000369317.3:p.Val460Met	KRT6A	ENSG00000205420	KRT16
HsVcPPILacVa1	CCSBORF4870	2	CCSBORF100011278	LW	3	1381G>A	1334	NC_000012.12:52488370:C:T	CCSBVarC003673	ENSP00000369317.3:p.Glu461Lys	KRT6A	ENSG00000205420	KRT16
HsVcPPILacVa1	CCSBORF4870	2	CCSBORF100011278	LW	3	1387G>C	351	NC_000012.12:52488364:C:G	CCSBVarC000721	ENSP00000369317.3:p.Ala463Pro	KRT6A	ENSG00000205420	KRT16
HsVcPPILacVa1	CCSBORF4870	2	CCSBORF100011278	LW	3	1393T>C	6	NC_000012.12:52488358:A:G	CCSBVarC003675	ENSP00000369317.3:p.Tyr465His	KRT6A	ENSG00000205420	KRT16
HsVcPPILacVa1	CCSBORF4870	2	CCSBORF100011278	LW	3	1403T>A	99	NC_000012.12:52488348:A:T	CCSBVarC003677	ENSP00000369317.3:p.Leu468Gln	KRT6A	ENSG00000205420	KRT16
HsVcPPILacVa1	CCSBORF4870	2	CCSBORF100011278	LW	3	1416G>C	921	NC_000012.12:52488335:C:G	CCSBVarC003679	ENSP00000369317.3:p.Glu472Asp	KRT6A	ENSG00000205420	KRT16
HsVcPPILacVa1	CCSBORF4870	2	CCSBORF100011278	LW	3	1456A>G	1	NC_000012.12:52488071:T:C	CCSBVarC015620	ENSP00000369317.3:p.Ile486Val	KRT6A	ENSG00000205420	KRT16
HsVcPPILacVa1	CCSBORF4870	2	CCSBORF100011278	LW	3	1567G>A	104	NC_000012.12:52487847:C:T	CCSBVarC009576	ENSP00000369317.3:p.Val523Ile	KRT6A	ENSG00000205420	KRT16
HsVcPPILacVa1	CCSBORF4870	2	CCSBORF100011278	LW	3	1567G>T	80	NC_000012.12:52487847:C:A	CCSBVarC002920	ENSP00000369317.3:p.Val523Phe	KRT6A	ENSG00000205420	KRT16
HsVcPPILacVa1	CCSBORF4870	2	CCSBORF100011278	LW	3	1604T>C	257	NC_000012.12:52487810:A:G	CCSBVarC015632	ENSP00000369317.3:p.Ile535Thr	KRT6A	ENSG00000205420	KRT16
HsVcPPILacVa1	CCSBORF4870	2	CCSBORF100011278	LW	3	1650G>T	538	NC_000012.12:52487764:C:A	CCSBVarC015638	ENSP00000369317.3:p.Lys550Asn	KRT6A	ENSG00000205420	KRT16
HsVcPPILacVa1	CCSBORF4870	2	CCSBORF100011278	LW	3	332G>A	0	NC_000012.12:52492856:C:T	CCSBVarC015647	ENSP00000369317.3:p.Gly111Asp	KRT6A	ENSG00000205420	KRT16
HsVcPPILacVa1	CCSBORF4870	2	CCSBORF100011278	LW	3	361G>A	177	NC_000012.12:52492827:C:T	CCSBVarC015651	ENSP00000369317.3:p.Gly121Ser	KRT6A	ENSG00000205420	KRT16
HsVcPPILacVa1	CCSBORF4870	2	CCSBORF100011278	LW	3	46C>T	6	NC_000012.12:52493142:G:A	CCSBVarC015667	ENSP00000369317.3:p.Arg16Trp	KRT6A	ENSG00000205420	KRT16
HsVcPPILacVa1	CCSBORF4870	2	CCSBORF100011278	LW	3	491G>C	358	NC_000012.12:52492697:C:G	CCSBVarC003663	ENSP00000369317.3:p.Arg164Pro	KRT6A	ENSG00000205420	KRT16
HsVcPPILacVa1	CCSBORF4870	2	CCSBORF100011278	LW	3	500T>G	1	NC_000012.12:52492688:A:C	CCSBVarC003665	ENSP00000369317.3:p.Ile167Ser	KRT6A	ENSG00000205420	KRT16
HsVcPPILacVa1	CCSBORF4870	2	CCSBORF100011278	LW	3	511A>T	235	NC_000012.12:52492677:T:A	CCSBVarC003667	ENSP00000369317.3:p.Asn171Tyr	KRT6A	ENSG00000205420	KRT16
HsVcPPILacVa1	CCSBORF4870	2	CCSBORF100011278	LW	3	512A>G	302	NC_000012.12:52492676:T:C	CCSBVarC003669	ENSP00000369317.3:p.Asn171Ser	KRT6A	ENSG00000205420	KRT16
HsVcPPILacVa1	CCSBORF4870	2	CCSBORF100011278	LW	3	520T>G	2	NC_000012.12:52492668:A:C	CCSBVarC000719	ENSP00000369317.3:p.Phe174Val	KRT6A	ENSG00000205420	KRT16
HsVcPPILacVa1	CCSBORF4870	2	CCSBORF100011278	LW	3	526T>C	242	NC_000012.12:52492662:A:G	CCSBVarC003671	ENSP00000369317.3:p.Ser176Pro	KRT6A	ENSG00000205420	KRT16
HsVcPPILacVa1	CCSBORF4870	2	CCSBORF100011278	LW	3	628C>A	887	NC_000012.12:52491648:G:T	CCSBVarC009567	ENSP00000369317.3:p.Leu210Met	KRT6A	ENSG00000205420	KRT16
HsVcPPILacVa1	CCSBORF4870	2	CCSBORF100011278	LW	3	632A>G	0	NC_000012.12:52491644:T:C	CCSBVarC015673	ENSP00000369317.3:p.Glu211Gly	KRT6A	ENSG00000205420	KRT16
HsVcPPILacVa1	CCSBORF4870	2	CCSBORF100011278	LW	3	680G>A	3	NC_000012.12:52491596:C:T	CCSBVarC015679	ENSP00000369317.3:p.Ser227Asn	KRT6A	ENSG00000205420	KRT16
HsVcPPILacVa1	CCSBORF4870	2	CCSBORF100011278	LW	3	745T>C	579	NC_000012.12:52491531:A:G	CCSBVarC002915	ENSP00000369317.3:p.Phe249Leu	KRT6A	ENSG00000205420	KRT16
HsVcPPILacVa1	CCSBORF4870	2	CCSBORF100011278	LW	3	806C>T	0	NC_000012.12:52491121:G:A	CCSBVarC015685	ENSP00000369317.3:p.Thr269Ile	KRT6A	ENSG00000205420	KRT16
HsVcPPILacVa1	CCSBORF4870	2	CCSBORF100011278	LW	3	968A>T	1	NC_000012.12:52490677:T:A	CCSBVarC015689	ENSP00000369317.3:p.Asp323Val	KRT6A	ENSG00000205420	KRT16
HsVcPPILacVa1	CCSBORF4870	2	CCSBORF100011278	LW	3	981C>G	0	NC_000012.12:52490664:G:C	CCSBVarC015694	ENSP00000369317.3:p.Asn327Lys	KRT6A	ENSG00000205420	KRT16
HsVcPPILacVa1	CCSBORF4870	2	CCSBORF0	LW	3	REF	171	NULL	NULL	NULL	KRT6A	ENSG00000205420	empty_AD
HsVcPPILacVa1	CCSBORF4870	2	CCSBORF0	LW	3	1198A>C	516	NC_000012.12:52489947:T:G	CCSBVarC015603	ENSP00000369317.3:p.Lys400Gln	KRT6A	ENSG00000205420	empty_AD
HsVcPPILacVa1	CCSBORF4870	2	CCSBORF0	LW	3	1282G>A	106	NC_000012.12:52488469:C:T	CCSBVarC015611	ENSP00000369317.3:p.Glu428Lys	KRT6A	ENSG00000205420	empty_AD
HsVcPPILacVa1	CCSBORF4870	2	CCSBORF0	LW	3	1378G>A	620	NC_000012.12:52488373:C:T	CCSBVarC015615	ENSP00000369317.3:p.Val460Met	KRT6A	ENSG00000205420	empty_AD
HsVcPPILacVa1	CCSBORF4870	2	CCSBORF0	LW	3	1381G>A	1226	NC_000012.12:52488370:C:T	CCSBVarC003673	ENSP00000369317.3:p.Glu461Lys	KRT6A	ENSG00000205420	empty_AD
HsVcPPILacVa1	CCSBORF4870	2	CCSBORF0	LW	3	1387G>C	257	NC_000012.12:52488364:C:G	CCSBVarC000721	ENSP00000369317.3:p.Ala463Pro	KRT6A	ENSG00000205420	empty_AD
HsVcPPILacVa1	CCSBORF4870	2	CCSBORF0	LW	3	1393T>C	5	NC_000012.12:52488358:A:G	CCSBVarC003675	ENSP00000369317.3:p.Tyr465His	KRT6A	ENSG00000205420	empty_AD
HsVcPPILacVa1	CCSBORF4870	2	CCSBORF0	LW	3	1403T>A	119	NC_000012.12:52488348:A:T	CCSBVarC003677	ENSP00000369317.3:p.Leu468Gln	KRT6A	ENSG00000205420	empty_AD
HsVcPPILacVa1	CCSBORF4870	2	CCSBORF0	LW	3	1416G>C	865	NC_000012.12:52488335:C:G	CCSBVarC003679	ENSP00000369317.3:p.Glu472Asp	KRT6A	ENSG00000205420	empty_AD
HsVcPPILacVa1	CCSBORF4870	2	CCSBORF0	LW	3	1456A>G	3	NC_000012.12:52488071:T:C	CCSBVarC015620	ENSP00000369317.3:p.Ile486Val	KRT6A	ENSG00000205420	empty_AD
HsVcPPILacVa1	CCSBORF4870	2	CCSBORF0	LW	3	1567G>A	111	NC_000012.12:52487847:C:T	CCSBVarC009576	ENSP00000369317.3:p.Val523Ile	KRT6A	ENSG00000205420	empty_AD
HsVcPPILacVa1	CCSBORF4870	2	CCSBORF0	LW	3	1567G>T	105	NC_000012.12:52487847:C:A	CCSBVarC002920	ENSP00000369317.3:p.Val523Phe	KRT6A	ENSG00000205420	empty_AD
HsVcPPILacVa1	CCSBORF4870	2	CCSBORF0	LW	3	1604T>C	233	NC_000012.12:52487810:A:G	CCSBVarC015632	ENSP00000369317.3:p.Ile535Thr	KRT6A	ENSG00000205420	empty_AD
HsVcPPILacVa1	CCSBORF4870	2	CCSBORF0	LW	3	1650G>T	419	NC_000012.12:52487764:C:A	CCSBVarC015638	ENSP00000369317.3:p.Lys550Asn	KRT6A	ENSG00000205420	empty_AD
HsVcPPILacVa1	CCSBORF4870	2	CCSBORF0	LW	3	332G>A	2	NC_000012.12:52492856:C:T	CCSBVarC015647	ENSP00000369317.3:p.Gly111Asp	KRT6A	ENSG00000205420	empty_AD
HsVcPPILacVa1	CCSBORF4870	2	CCSBORF0	LW	3	361G>A	119	NC_000012.12:52492827:C:T	CCSBVarC015651	ENSP00000369317.3:p.Gly121Ser	KRT6A	ENSG00000205420	empty_AD
HsVcPPILacVa1	CCSBORF4870	2	CCSBORF0	LW	3	46C>T	2	NC_000012.12:52493142:G:A	CCSBVarC015667	ENSP00000369317.3:p.Arg16Trp	KRT6A	ENSG00000205420	empty_AD
HsVcPPILacVa1	CCSBORF4870	2	CCSBORF0	LW	3	491G>C	334	NC_000012.12:52492697:C:G	CCSBVarC003663	ENSP00000369317.3:p.Arg164Pro	KRT6A	ENSG00000205420	empty_AD
HsVcPPILacVa1	CCSBORF4870	2	CCSBORF0	LW	3	500T>G	3	NC_000012.12:52492688:A:C	CCSBVarC003665	ENSP00000369317.3:p.Ile167Ser	KRT6A	ENSG00000205420	empty_AD
HsVcPPILacVa1	CCSBORF4870	2	CCSBORF0	LW	3	511A>T	241	NC_000012.12:52492677:T:A	CCSBVarC003667	ENSP00000369317.3:p.Asn171Tyr	KRT6A	ENSG00000205420	empty_AD
HsVcPPILacVa1	CCSBORF4870	2	CCSBORF0	LW	3	512A>G	321	NC_000012.12:52492676:T:C	CCSBVarC003669	ENSP00000369317.3:p.Asn171Ser	KRT6A	ENSG00000205420	empty_AD
HsVcPPILacVa1	CCSBORF4870	2	CCSBORF0	LW	3	520T>G	4	NC_000012.12:52492668:A:C	CCSBVarC000719	ENSP00000369317.3:p.Phe174Val	KRT6A	ENSG00000205420	empty_AD
HsVcPPILacVa1	CCSBORF4870	2	CCSBORF0	LW	3	526T>C	101	NC_000012.12:52492662:A:G	CCSBVarC003671	ENSP00000369317.3:p.Ser176Pro	KRT6A	ENSG00000205420	empty_AD
HsVcPPILacVa1	CCSBORF4870	2	CCSBORF0	LW	3	628C>A	1049	NC_000012.12:52491648:G:T	CCSBVarC009567	ENSP00000369317.3:p.Leu210Met	KRT6A	ENSG00000205420	empty_AD
HsVcPPILacVa1	CCSBORF4870	2	CCSBORF0	LW	3	632A>G	1	NC_000012.12:52491644:T:C	CCSBVarC015673	ENSP00000369317.3:p.Glu211Gly	KRT6A	ENSG00000205420	empty_AD
HsVcPPILacVa1	CCSBORF4870	2	CCSBORF0	LW	3	680G>A	0	NC_000012.12:52491596:C:T	CCSBVarC015679	ENSP00000369317.3:p.Ser227Asn	KRT6A	ENSG00000205420	empty_AD
HsVcPPILacVa1	CCSBORF4870	2	CCSBORF0	LW	3	745T>C	667	NC_000012.12:52491531:A:G	CCSBVarC002915	ENSP00000369317.3:p.Phe249Leu	KRT6A	ENSG00000205420	empty_AD
HsVcPPILacVa1	CCSBORF4870	2	CCSBORF0	LW	3	806C>T	2	NC_000012.12:52491121:G:A	CCSBVarC015685	ENSP00000369317.3:p.Thr269Ile	KRT6A	ENSG00000205420	empty_AD
HsVcPPILacVa1	CCSBORF4870	2	CCSBORF0	LW	3	968A>T	0	NC_000012.12:52490677:T:A	CCSBVarC015689	ENSP00000369317.3:p.Asp323Val	KRT6A	ENSG00000205420	empty_AD
HsVcPPILacVa1	CCSBORF4870	2	CCSBORF0	LW	3	981C>G	1	NC_000012.12:52490664:G:C	CCSBVarC015694	ENSP00000369317.3:p.Asn327Lys	KRT6A	ENSG00000205420	empty_AD
HsVcPPILacVa1	CCSBORF4870	1	CCSBORF11229	LW	3	REF	111	NULL	NULL	NULL	KRT6A	ENSG00000205420	KIFC3
HsVcPPILacVa1	CCSBORF4870	1	CCSBORF11229	LW	3	1003G>A	2	NC_000012.12:52490642:C:T	CCSBVarC009565	ENSP00000369317.3:p.Ala335Thr	KRT6A	ENSG00000205420	KIFC3
HsVcPPILacVa1	CCSBORF4870	1	CCSBORF11229	LW	3	1157G>T	0	NC_000012.12:52489988:C:A	CCSBVarC015599	ENSP00000369317.3:p.Arg386Leu	KRT6A	ENSG00000205420	KIFC3
HsVcPPILacVa1	CCSBORF4870	1	CCSBORF11229	LW	3	1211A>G	0	NC_000012.12:52488540:T:C	CCSBVarC015607	ENSP00000369317.3:p.Asn404Ser	KRT6A	ENSG00000205420	KIFC3
HsVcPPILacVa1	CCSBORF4870	1	CCSBORF11229	LW	3	1327C>T	3	NC_000012.12:52488424:G:A	CCSBVarC009573	ENSP00000369317.3:p.Arg443Trp	KRT6A	ENSG00000205420	KIFC3
HsVcPPILacVa1	CCSBORF4870	1	CCSBORF11229	LW	3	1340A>G	0	NC_000012.12:52488411:T:C	CCSBVarC015613	ENSP00000369317.3:p.Glu447Gly	KRT6A	ENSG00000205420	KIFC3
HsVcPPILacVa1	CCSBORF4870	1	CCSBORF11229	LW	3	1385T>A	0	NC_000012.12:52488366:A:T	CCSBVarC003674	ENSP00000369317.3:p.Ile462Asn	KRT6A	ENSG00000205420	KIFC3
HsVcPPILacVa1	CCSBORF4870	1	CCSBORF11229	LW	3	1385T>G	2	NC_000012.12:52488366:A:C	CCSBVarC000720	ENSP00000369317.3:p.Ile462Ser	KRT6A	ENSG00000205420	KIFC3
HsVcPPILacVa1	CCSBORF4870	1	CCSBORF11229	LW	3	1403T>C	897	NC_000012.12:52488348:A:G	CCSBVarC003676	ENSP00000369317.3:p.Leu468Pro	KRT6A	ENSG00000205420	KIFC3
HsVcPPILacVa1	CCSBORF4870	1	CCSBORF11229	LW	3	1414G>A	400	NC_000012.12:52488337:C:T	CCSBVarC003678	ENSP00000369317.3:p.Glu472Lys	KRT6A	ENSG00000205420	KIFC3
HsVcPPILacVa1	CCSBORF4870	1	CCSBORF11229	LW	3	1441G>A	1	NC_000012.12:52488086:C:T	CCSBVarC015618	ENSP00000369317.3:p.Val481Ile	KRT6A	ENSG00000205420	KIFC3
HsVcPPILacVa1	CCSBORF4870	1	CCSBORF11229	LW	3	1534G>A	0	NC_000012.12:52487880:C:T	CCSBVarC015629	ENSP00000369317.3:p.Gly512Arg	KRT6A	ENSG00000205420	KIFC3
HsVcPPILacVa1	CCSBORF4870	1	CCSBORF11229	LW	3	1606G>A	0	NC_000012.12:52487808:C:T	CCSBVarC015635	ENSP00000369317.3:p.Gly536Arg	KRT6A	ENSG00000205420	KIFC3
HsVcPPILacVa1	CCSBORF4870	1	CCSBORF11229	LW	3	1655C>G	1	NC_000012.12:52487759:G:C	CCSBVarC002916	ENSP00000369317.3:p.Thr552Ser	KRT6A	ENSG00000205420	KIFC3
HsVcPPILacVa1	CCSBORF4870	1	CCSBORF11229	LW	3	215T>C	0	NC_000012.12:52492973:A:G	CCSBVarC015643	ENSP00000369317.3:p.Ile72Thr	KRT6A	ENSG00000205420	KIFC3
HsVcPPILacVa1	CCSBORF4870	1	CCSBORF11229	LW	3	359G>T	0	NC_000012.12:52492829:C:A	CCSBVarC015649	ENSP00000369317.3:p.Gly120Val	KRT6A	ENSG00000205420	KIFC3
HsVcPPILacVa1	CCSBORF4870	1	CCSBORF11229	LW	3	365T>C	2	NC_000012.12:52492823:A:G	CCSBVarC015653	ENSP00000369317.3:p.Phe122Ser	KRT6A	ENSG00000205420	KIFC3
HsVcPPILacVa1	CCSBORF4870	1	CCSBORF11229	LW	3	460C>G	2	NC_000012.12:52492728:G:C	CCSBVarC015670	ENSP00000369317.3:p.Pro154Ala	KRT6A	ENSG00000205420	KIFC3
HsVcPPILacVa1	CCSBORF4870	1	CCSBORF11229	LW	3	487G>A	26	NC_000012.12:52492701:C:T	CCSBVarC003662	ENSP00000369317.3:p.Glu163Lys	KRT6A	ENSG00000205420	KIFC3
HsVcPPILacVa1	CCSBORF4870	1	CCSBORF11229	LW	3	497A>C	145	NC_000012.12:52492691:T:G	CCSBVarC003664	ENSP00000369317.3:p.Gln166Pro	KRT6A	ENSG00000205420	KIFC3
HsVcPPILacVa1	CCSBORF4870	1	CCSBORF11229	LW	3	508C>T	610	NC_000012.12:52492680:G:A	CCSBVarC003666	ENSP00000369317.3:p.Leu170Phe	KRT6A	ENSG00000205420	KIFC3
HsVcPPILacVa1	CCSBORF4870	1	CCSBORF11229	LW	3	511A>G	240	NC_000012.12:52492677:T:C	CCSBVarC003668	ENSP00000369317.3:p.Asn171Asp	KRT6A	ENSG00000205420	KIFC3
HsVcPPILacVa1	CCSBORF4870	1	CCSBORF11229	LW	3	512A>C	0	NC_000012.12:52492676:T:G	CCSBVarC003670	ENSP00000369317.3:p.Asn171Thr	KRT6A	ENSG00000205420	KIFC3
HsVcPPILacVa1	CCSBORF4870	1	CCSBORF11229	LW	3	513C>A	110	NC_000012.12:52492675:G:T	CCSBVarC000718	ENSP00000369317.3:p.Asn171Lys	KRT6A	ENSG00000205420	KIFC3
HsVcPPILacVa1	CCSBORF4870	1	CCSBORF11229	LW	3	533T>A	1401	NC_000012.12:52492655:A:T	CCSBVarC003672	ENSP00000369317.3:p.Ile178Asn	KRT6A	ENSG00000205420	KIFC3
HsVcPPILacVa1	CCSBORF4870	1	CCSBORF11229	LW	3	62A>G	3	NC_000012.12:52493126:T:C	CCSBVarC002913	ENSP00000369317.3:p.Asn21Ser	KRT6A	ENSG00000205420	KIFC3
HsVcPPILacVa1	CCSBORF4870	1	CCSBORF11229	LW	3	661C>A	0	NC_000012.12:52491615:G:T	CCSBVarC015676	ENSP00000369317.3:p.Leu221Ile	KRT6A	ENSG00000205420	KIFC3
HsVcPPILacVa1	CCSBORF4870	1	CCSBORF11229	LW	3	718A>G	0	NC_000012.12:52491558:T:C	CCSBVarC015683	ENSP00000369317.3:p.Arg240Gly	KRT6A	ENSG00000205420	KIFC3
HsVcPPILacVa1	CCSBORF4870	1	CCSBORF11229	LW	3	827C>T	1	NC_000012.12:52490942:G:A	CCSBVarC015687	ENSP00000369317.3:p.Ala276Val	KRT6A	ENSG00000205420	KIFC3
HsVcPPILacVa1	CCSBORF4870	1	CCSBORF11229	LW	3	98T>C	2	NC_000012.12:52493090:A:G	CCSBVarC015691	ENSP00000369317.3:p.Phe33Ser	KRT6A	ENSG00000205420	KIFC3
HsVcPPILacVa1	CCSBORF3756	1	CCSBORF991	LW	3	REF	2838	NULL	NULL	NULL	VAPB	ENSG00000124164	ZBTB22
HsVcPPILacVa1	CCSBORF3756	1	CCSBORF991	LW	3	137C>T	18763	NC_000020.11:58418288:C:T	CCSBVarC005852	ENSP00000417175.1:p.Thr46Ile	VAPB	ENSG00000124164	ZBTB22
HsVcPPILacVa1	CCSBORF3756	1	CCSBORF991	LW	3	166C>T	8363	NC_000020.11:58418317:C:T	CCSBVarC000544	ENSP00000417175.1:p.Pro56Ser	VAPB	ENSG00000124164	ZBTB22
HsVcPPILacVa1	CCSBORF3756	1	CCSBORF991	LW	3	390T>G	2015	NC_000020.11:58439018:T:G	CCSBVarC015538	ENSP00000417175.1:p.Asp130Glu	VAPB	ENSG00000124164	ZBTB22
HsVcPPILacVa1	CCSBORF3756	1	CCSBORF991	LW	3	486T>A	2666	NC_000020.11:58440995:T:A	CCSBVarC015540	ENSP00000417175.1:p.Asp162Glu	VAPB	ENSG00000124164	ZBTB22
HsVcPPILacVa1	CCSBORF1231	1	CCSBORF100014378	LW	3	REF	1653	NULL	NULL	NULL	AQP1	ENSG00000240583	KRT37
HsVcPPILacVa1	CCSBORF1231	1	CCSBORF100014378	LW	3	113C>T	844	NC_000007.14:30912021:C:T	CCSBVarC000137	ENSP00000311165.4:p.Pro38Leu	AQP1	ENSG00000240583	KRT37
HsVcPPILacVa1	CCSBORF1231	1	CCSBORF100014378	LW	3	140A>G	6090	NC_000007.14:30912048:A:G	CCSBVarC000138	ENSP00000311165.4:p.Gln47Arg	AQP1	ENSG00000240583	KRT37
HsVcPPILacVa1	CCSBORF1231	1	CCSBORF100014378	LW	3	319G>A	91	NC_000007.14:30912227:G:A	CCSBVarC015066	ENSP00000311165.4:p.Val107Ile	AQP1	ENSG00000240583	KRT37
HsVcPPILacVa1	CCSBORF1231	1	CCSBORF100014378	LW	3	320T>G	1999	NC_000007.14:30912228:T:G	CCSBVarC015069	ENSP00000311165.4:p.Val107Gly	AQP1	ENSG00000240583	KRT37
HsVcPPILacVa1	CCSBORF1231	1	CCSBORF100014378	LW	3	494G>A	562	NC_000007.14:30922174:G:A	CCSBVarC015072	ENSP00000311165.4:p.Gly165Asp	AQP1	ENSG00000240583	KRT37
HsVcPPILacVa1	CCSBORF1231	1	CCSBORF100014378	LW	3	576C>A	1908	NC_000007.14:30922589:C:A	CCSBVarC000139	ENSP00000311165.4:p.Asn192Lys	AQP1	ENSG00000240583	KRT37
HsVcPPILacVa1	CCSBORF1231	1	CCSBORF9746	LW	3	REF	1136	NULL	NULL	NULL	AQP1	ENSG00000240583	MTUS2
HsVcPPILacVa1	CCSBORF1231	1	CCSBORF9746	LW	3	113C>T	1056	NC_000007.14:30912021:C:T	CCSBVarC000137	ENSP00000311165.4:p.Pro38Leu	AQP1	ENSG00000240583	MTUS2
HsVcPPILacVa1	CCSBORF1231	1	CCSBORF9746	LW	3	140A>G	5277	NC_000007.14:30912048:A:G	CCSBVarC000138	ENSP00000311165.4:p.Gln47Arg	AQP1	ENSG00000240583	MTUS2
HsVcPPILacVa1	CCSBORF1231	1	CCSBORF9746	LW	3	319G>A	8	NC_000007.14:30912227:G:A	CCSBVarC015066	ENSP00000311165.4:p.Val107Ile	AQP1	ENSG00000240583	MTUS2
HsVcPPILacVa1	CCSBORF1231	1	CCSBORF9746	LW	3	320T>G	1774	NC_000007.14:30912228:T:G	CCSBVarC015069	ENSP00000311165.4:p.Val107Gly	AQP1	ENSG00000240583	MTUS2
HsVcPPILacVa1	CCSBORF1231	1	CCSBORF9746	LW	3	494G>A	446	NC_000007.14:30922174:G:A	CCSBVarC015072	ENSP00000311165.4:p.Gly165Asp	AQP1	ENSG00000240583	MTUS2
HsVcPPILacVa1	CCSBORF1231	1	CCSBORF9746	LW	3	576C>A	1731	NC_000007.14:30922589:C:A	CCSBVarC000139	ENSP00000311165.4:p.Asn192Lys	AQP1	ENSG00000240583	MTUS2
HsVcPPILacVa1	CCSBORF1231	1	CCSBORF5143	LW	3	REF	994	NULL	NULL	NULL	AQP1	ENSG00000240583	MDFI
HsVcPPILacVa1	CCSBORF1231	1	CCSBORF5143	LW	3	113C>T	742	NC_000007.14:30912021:C:T	CCSBVarC000137	ENSP00000311165.4:p.Pro38Leu	AQP1	ENSG00000240583	MDFI
HsVcPPILacVa1	CCSBORF1231	1	CCSBORF5143	LW	3	140A>G	4253	NC_000007.14:30912048:A:G	CCSBVarC000138	ENSP00000311165.4:p.Gln47Arg	AQP1	ENSG00000240583	MDFI
HsVcPPILacVa1	CCSBORF1231	1	CCSBORF5143	LW	3	319G>A	8	NC_000007.14:30912227:G:A	CCSBVarC015066	ENSP00000311165.4:p.Val107Ile	AQP1	ENSG00000240583	MDFI
HsVcPPILacVa1	CCSBORF1231	1	CCSBORF5143	LW	3	320T>G	1441	NC_000007.14:30912228:T:G	CCSBVarC015069	ENSP00000311165.4:p.Val107Gly	AQP1	ENSG00000240583	MDFI
HsVcPPILacVa1	CCSBORF1231	1	CCSBORF5143	LW	3	494G>A	454	NC_000007.14:30922174:G:A	CCSBVarC015072	ENSP00000311165.4:p.Gly165Asp	AQP1	ENSG00000240583	MDFI
HsVcPPILacVa1	CCSBORF1231	1	CCSBORF5143	LW	3	576C>A	1204	NC_000007.14:30922589:C:A	CCSBVarC000139	ENSP00000311165.4:p.Asn192Lys	AQP1	ENSG00000240583	MDFI
HsVcPPILacVa1	CCSBORF70357	1	CCSBORF71876	LW	3	REF	178	NULL	NULL	NULL	TSFM	ENSG00000123297	GAS8
HsVcPPILacVa1	CCSBORF70357	1	CCSBORF71876	LW	3	112C>T	2	NC_000012.12:57783163:C:T	CCSBVarC017012	ENSP00000499171.2:p.Pro38Ser	TSFM	ENSG00000123297	GAS8
HsVcPPILacVa1	CCSBORF70357	1	CCSBORF71876	LW	3	191G>A	0	NC_000012.12:57783242:G:A	CCSBVarC017016	ENSP00000499171.2:p.Cys64Tyr	TSFM	ENSG00000123297	GAS8
HsVcPPILacVa1	CCSBORF70357	1	CCSBORF71876	LW	3	22C>T	0	NC_000012.12:57782822:C:T	CCSBVarC017021	ENSP00000499171.2:p.Arg8Cys	TSFM	ENSG00000123297	GAS8
HsVcPPILacVa1	CCSBORF70357	1	CCSBORF71876	LW	3	269G>A	0	NC_000012.12:57786199:G:A	CCSBVarC017025	ENSP00000499171.2:p.Gly90Asp	TSFM	ENSG00000123297	GAS8
HsVcPPILacVa1	CCSBORF70357	1	CCSBORF71876	LW	3	34G>T	239	NC_000012.12:57782834:G:T	CCSBVarC017029	ENSP00000499171.2:p.Val12Phe	TSFM	ENSG00000123297	GAS8
HsVcPPILacVa1	CCSBORF70357	1	CCSBORF71876	LW	3	484G>A	1	NC_000012.12:57792985:G:A	CCSBVarC017033	ENSP00000499171.2:p.Gly162Ser	TSFM	ENSG00000123297	GAS8
HsVcPPILacVa1	CCSBORF70357	1	CCSBORF71876	LW	3	520G>T	0	NC_000012.12:57793021:G:T	CCSBVarC017037	ENSP00000499171.2:p.Ala174Ser	TSFM	ENSG00000123297	GAS8
HsVcPPILacVa1	CCSBORF70357	1	CCSBORF71876	LW	3	539G>C	707	NC_000012.12:57793040:G:C	CCSBVarC017041	ENSP00000499171.2:p.Gly180Ala	TSFM	ENSG00000123297	GAS8
HsVcPPILacVa1	CCSBORF70357	1	CCSBORF71876	LW	3	602G>A	11	NC_000012.12:57796206:G:A	CCSBVarC017056	ENSP00000499171.2:p.Arg201Gln	TSFM	ENSG00000123297	GAS8
HsVcPPILacVa1	CCSBORF70357	1	CCSBORF71876	LW	3	647A>T	637	NC_000012.12:57796251:A:T	CCSBVarC017058	ENSP00000499171.2:p.Tyr216Phe	TSFM	ENSG00000123297	GAS8
HsVcPPILacVa1	CCSBORF70357	1	CCSBORF71876	LW	3	718T>C	1280	NC_000012.12:57796322:T:C	CCSBVarC017061	ENSP00000499171.2:p.Cys240Arg	TSFM	ENSG00000123297	GAS8
HsVcPPILacVa1	CCSBORF70357	1	CCSBORF71876	LW	3	725C>T	5317	NC_000012.12:57796329:C:T	CCSBVarC017063	ENSP00000499171.2:p.Thr242Met	TSFM	ENSG00000123297	GAS8
HsVcPPILacVa1	CCSBORF70357	1	CCSBORF71876	LW	3	754G>A	2103	NC_000012.12:57796358:G:A	CCSBVarC017065	ENSP00000499171.2:p.Val252Ile	TSFM	ENSG00000123297	GAS8
HsVcPPILacVa1	CCSBORF70357	1	CCSBORF71876	LW	3	763C>T	2509	NC_000012.12:57796367:C:T	CCSBVarC017067	ENSP00000499171.2:p.Arg255Cys	TSFM	ENSG00000123297	GAS8
HsVcPPILacVa1	CCSBORF70357	1	CCSBORF71876	LW	3	775C>T	0	NC_000012.12:57796379:C:T	CCSBVarC017069	ENSP00000499171.2:p.His259Tyr	TSFM	ENSG00000123297	GAS8
HsVcPPILacVa1	CCSBORF70357	1	CCSBORF71876	LW	3	796C>G	1	NC_000012.12:57796400:C:G	CCSBVarC017074	ENSP00000499171.2:p.Leu266Val	TSFM	ENSG00000123297	GAS8
HsVcPPILacVa1	CCSBORF70357	1	CCSBORF71876	LW	3	814G>C	4979	NC_000012.12:57796418:G:C	CCSBVarC017078	ENSP00000499171.2:p.Asp272His	TSFM	ENSG00000123297	GAS8
HsVcPPILacVa1	CCSBORF70357	1	CCSBORF71876	LW	3	878C>T	0	NC_000012.12:57796482:C:T	CCSBVarC017084	ENSP00000499171.2:p.Ser293Phe	TSFM	ENSG00000123297	GAS8
HsVcPPILacVa1	CCSBORF11374	3	CCSBORF71346	LW	3	REF	895	NULL	NULL	NULL	RP2	ENSG00000102218	PM20D2
HsVcPPILacVa1	CCSBORF11374	3	CCSBORF71346	LW	3	11T>G	12	NC_000023.11:46837110:T:G	CCSBVarC014903	ENSP00000218340.3:p.Phe4Cys	RP2	ENSG00000102218	PM20D2
HsVcPPILacVa1	CCSBORF11374	3	CCSBORF71346	LW	3	123G>A	497	NC_000023.11:46853495:G:A	CCSBVarC011426	ENSP00000218340.3:p.Met41Ile	RP2	ENSG00000102218	PM20D2
HsVcPPILacVa1	CCSBORF11374	3	CCSBORF71346	LW	3	161C>T	145	NC_000023.11:46853533:C:T	CCSBVarC014914	ENSP00000218340.3:p.Pro54Leu	RP2	ENSG00000102218	PM20D2
HsVcPPILacVa1	CCSBORF11374	3	CCSBORF71346	LW	3	271A>C	2075	NC_000023.11:46853643:A:C	CCSBVarC014947	ENSP00000218340.3:p.Ile91Leu	RP2	ENSG00000102218	PM20D2
HsVcPPILacVa1	CCSBORF11374	3	CCSBORF71346	LW	3	2T>C	4	NC_000023.11:46837101:T:C	CCSBVarC011465	ENSP00000218340.3:p.Met1Thr	RP2	ENSG00000102218	PM20D2
HsVcPPILacVa1	CCSBORF11374	3	CCSBORF71346	LW	3	314G>A	608	NC_000023.11:46853686:G:A	CCSBVarC014958	ENSP00000218340.3:p.Cys105Tyr	RP2	ENSG00000102218	PM20D2
HsVcPPILacVa1	CCSBORF11374	3	CCSBORF71346	LW	3	365G>A	128	NC_000023.11:46853737:G:A	CCSBVarC011444	ENSP00000218340.3:p.Cys122Tyr	RP2	ENSG00000102218	PM20D2
HsVcPPILacVa1	CCSBORF11374	3	CCSBORF71346	LW	3	431A>G	279	NC_000023.11:46853803:A:G	CCSBVarC014972	ENSP00000218340.3:p.Lys144Arg	RP2	ENSG00000102218	PM20D2
HsVcPPILacVa1	CCSBORF11374	3	CCSBORF71346	LW	3	434T>C	1298	NC_000023.11:46853806:T:C	CCSBVarC011472	ENSP00000218340.3:p.Phe145Ser	RP2	ENSG00000102218	PM20D2
HsVcPPILacVa1	CCSBORF11374	3	CCSBORF71346	LW	3	535C>T	255	NC_000023.11:46853907:C:T	CCSBVarC014982	ENSP00000218340.3:p.Pro179Ser	RP2	ENSG00000102218	PM20D2
HsVcPPILacVa1	CCSBORF11374	3	CCSBORF71346	LW	3	650A>G	1432	NC_000023.11:46854022:A:G	CCSBVarC014989	ENSP00000218340.3:p.Asn217Ser	RP2	ENSG00000102218	PM20D2
HsVcPPILacVa1	CCSBORF11374	3	CCSBORF71346	LW	3	68G>A	119	NC_000023.11:46837167:G:A	CCSBVarC014999	ENSP00000218340.3:p.Arg23Gln	RP2	ENSG00000102218	PM20D2
HsVcPPILacVa1	CCSBORF11374	3	CCSBORF71346	LW	3	758T>G	749	NC_000023.11:46854130:T:G	CCSBVarC001708	ENSP00000218340.3:p.Leu253Arg	RP2	ENSG00000102218	PM20D2
HsVcPPILacVa1	CCSBORF11374	3	CCSBORF71346	LW	3	771G>T	465	NC_000023.11:46859989:G:T	CCSBVarC015008	ENSP00000218340.3:p.Met257Ile	RP2	ENSG00000102218	PM20D2
HsVcPPILacVa1	CCSBORF11374	3	CCSBORF71346	LW	3	814A>G	209	NC_000023.11:46860032:A:G	CCSBVarC011438	ENSP00000218340.3:p.Met272Val	RP2	ENSG00000102218	PM20D2
HsVcPPILacVa1	CCSBORF11374	3	CCSBORF71346	LW	3	829G>A	2419	NC_000023.11:46860047:G:A	CCSBVarC015017	ENSP00000218340.3:p.Ala277Thr	RP2	ENSG00000102218	PM20D2
HsVcPPILacVa1	CCSBORF11374	3	CCSBORF71346	LW	3	895G>A	621	NC_000023.11:46877515:G:A	CCSBVarC011420	ENSP00000218340.3:p.Ala299Thr	RP2	ENSG00000102218	PM20D2
HsVcPPILacVa1	CCSBORF11374	3	CCSBORF71346	LW	3	917G>A	102	NC_000023.11:46877537:G:A	CCSBVarC015026	ENSP00000218340.3:p.Gly306Asp	RP2	ENSG00000102218	PM20D2
HsVcPPILacVa1	CCSBORF11374	3	CCSBORF71346	LW	3	949G>A	141	NC_000023.11:46877569:G:A	CCSBVarC011434	ENSP00000218340.3:p.Glu317Lys	RP2	ENSG00000102218	PM20D2
HsVcPPILacVa1	CCSBORF7637	2	CCSBORF100067498	LW	3	REF	751	NULL	NULL	NULL	CFP	ENSG00000126759	GEMIN4
HsVcPPILacVa1	CCSBORF7637	2	CCSBORF100067498	LW	3	1036C>T	6	NC_000023.11:47626423:G:A	CCSBVarC001213	ENSP00000380189.3:p.Arg346Cys	CFP	ENSG00000126759	GEMIN4
HsVcPPILacVa1	CCSBORF7637	2	CCSBORF100067498	LW	3	104A>G	18	NC_000023.11:47629646:T:C	CCSBVarC017053	ENSP00000380189.3:p.Gln35Arg	CFP	ENSG00000126759	GEMIN4
HsVcPPILacVa1	CCSBORF7637	2	CCSBORF100067498	LW	3	1174A>C	11	NC_000023.11:47626127:T:G	CCSBVarC017070	ENSP00000380189.3:p.Met392Leu	CFP	ENSG00000126759	GEMIN4
HsVcPPILacVa1	CCSBORF7637	2	CCSBORF100067498	LW	3	1198A>G	591	NC_000023.11:47626103:T:C	CCSBVarC017073	ENSP00000380189.3:p.Thr400Ala	CFP	ENSG00000126759	GEMIN4
HsVcPPILacVa1	CCSBORF7637	2	CCSBORF100067498	LW	3	1223C>T	4	NC_000023.11:47626078:G:A	CCSBVarC017077	ENSP00000380189.3:p.Thr408Ile	CFP	ENSG00000126759	GEMIN4
HsVcPPILacVa1	CCSBORF7637	2	CCSBORF100067498	LW	3	1291T>G	23	NC_000023.11:47624393:A:C	CCSBVarC017081	ENSP00000380189.3:p.Phe431Val	CFP	ENSG00000126759	GEMIN4
HsVcPPILacVa1	CCSBORF7637	2	CCSBORF100067498	LW	3	1309C>A	1366	NC_000023.11:47624375:G:T	CCSBVarC017085	ENSP00000380189.3:p.Pro437Thr	CFP	ENSG00000126759	GEMIN4
HsVcPPILacVa1	CCSBORF7637	2	CCSBORF100067498	LW	3	157G>A	1498	NC_000023.11:47629593:C:T	CCSBVarC010166	ENSP00000380189.3:p.Val53Met	CFP	ENSG00000126759	GEMIN4
HsVcPPILacVa1	CCSBORF7637	2	CCSBORF100067498	LW	3	209G>A	2	NC_000023.11:47629541:C:T	CCSBVarC017089	ENSP00000380189.3:p.Gly70Glu	CFP	ENSG00000126759	GEMIN4
HsVcPPILacVa1	CCSBORF7637	2	CCSBORF100067498	LW	3	28C>G	20	NC_000023.11:47629816:G:C	CCSBVarC017093	ENSP00000380189.3:p.Arg10Gly	CFP	ENSG00000126759	GEMIN4
HsVcPPILacVa1	CCSBORF7637	2	CCSBORF100067498	LW	3	298C>T	996	NC_000023.11:47628206:G:A	CCSBVarC001211	ENSP00000380189.3:p.Arg100Trp	CFP	ENSG00000126759	GEMIN4
HsVcPPILacVa1	CCSBORF7637	2	CCSBORF100067498	LW	3	313G>A	0	NC_000023.11:47628191:C:T	CCSBVarC017097	ENSP00000380189.3:p.Val105Met	CFP	ENSG00000126759	GEMIN4
HsVcPPILacVa1	CCSBORF7637	2	CCSBORF100067498	LW	3	391C>G	0	NC_000023.11:47628113:G:C	CCSBVarC017101	ENSP00000380189.3:p.Gln131Glu	CFP	ENSG00000126759	GEMIN4
HsVcPPILacVa1	CCSBORF7637	2	CCSBORF100067498	LW	3	44C>T	138	NC_000023.11:47629800:G:A	CCSBVarC017105	ENSP00000380189.3:p.Pro15Leu	CFP	ENSG00000126759	GEMIN4
HsVcPPILacVa1	CCSBORF7637	2	CCSBORF100067498	LW	3	470G>A	27	NC_000023.11:47627574:C:T	CCSBVarC017120	ENSP00000380189.3:p.Arg157Gln	CFP	ENSG00000126759	GEMIN4
HsVcPPILacVa1	CCSBORF7637	2	CCSBORF100067498	LW	3	580G>A	0	NC_000023.11:47627326:C:T	CCSBVarC017124	ENSP00000380189.3:p.Gly194Arg	CFP	ENSG00000126759	GEMIN4
HsVcPPILacVa1	CCSBORF7637	2	CCSBORF100067498	LW	3	611C>T	1482	NC_000023.11:47627295:G:A	CCSBVarC010163	ENSP00000380189.3:p.Pro204Leu	CFP	ENSG00000126759	GEMIN4
HsVcPPILacVa1	CCSBORF7637	2	CCSBORF100067498	LW	3	665G>A	450	NC_000023.11:47627241:C:T	CCSBVarC017128	ENSP00000380189.3:p.Arg222His	CFP	ENSG00000126759	GEMIN4
HsVcPPILacVa1	CCSBORF7637	2	CCSBORF100067498	LW	3	716C>T	28	NC_000023.11:47627190:G:A	CCSBVarC017132	ENSP00000380189.3:p.Pro239Leu	CFP	ENSG00000126759	GEMIN4
HsVcPPILacVa1	CCSBORF7637	2	CCSBORF100067498	LW	3	748G>A	1262	NC_000023.11:47627158:C:T	CCSBVarC008473	ENSP00000380189.3:p.Gly250Ser	CFP	ENSG00000126759	GEMIN4
HsVcPPILacVa1	CCSBORF7637	2	CCSBORF100067498	LW	3	769G>A	107	NC_000023.11:47626943:C:T	CCSBVarC017135	ENSP00000380189.3:p.Ala257Thr	CFP	ENSG00000126759	GEMIN4
HsVcPPILacVa1	CCSBORF7637	2	CCSBORF100067498	LW	3	88G>A	665	NC_000023.11:47629662:C:T	CCSBVarC017139	ENSP00000380189.3:p.Val30Met	CFP	ENSG00000126759	GEMIN4
HsVcPPILacVa1	CCSBORF7637	2	CCSBORF100067498	LW	3	893G>T	16	NC_000023.11:47626819:C:A	CCSBVarC010172	ENSP00000380189.3:p.Gly298Val	CFP	ENSG00000126759	GEMIN4
HsVcPPILacVa1	CCSBORF3697	1	CCSBORF2910	LW	3	REF	427	NULL	NULL	NULL	NF2	ENSG00000186575	AMOTL2
HsVcPPILacVa1	CCSBORF3697	1	CCSBORF2910	LW	3	1003C>T	2161	NC_000022.11:29673397:C:T	CCSBVarC000526	ENSP00000340626.4:p.Arg335Cys	NF2	ENSG00000186575	AMOTL2
HsVcPPILacVa1	CCSBORF3697	1	CCSBORF2910	LW	3	1007C>G	1	NC_000022.11:29673401:C:G	CCSBVarC016525	ENSP00000340626.4:p.Thr336Arg	NF2	ENSG00000186575	AMOTL2
HsVcPPILacVa1	CCSBORF3697	1	CCSBORF2910	LW	3	107A>G	28	NC_000022.11:29604104:A:G	CCSBVarC004111	ENSP00000340626.4:p.Asn36Ser	NF2	ENSG00000186575	AMOTL2
HsVcPPILacVa1	CCSBORF3697	1	CCSBORF2910	LW	3	1124T>G	172	NC_000022.11:29674867:T:G	CCSBVarC016531	ENSP00000340626.4:p.Leu375Arg	NF2	ENSG00000186575	AMOTL2
HsVcPPILacVa1	CCSBORF3697	1	CCSBORF2910	LW	3	1202T>C	7	NC_000022.11:29678199:T:C	CCSBVarC016541	ENSP00000340626.4:p.Met401Thr	NF2	ENSG00000186575	AMOTL2
HsVcPPILacVa1	CCSBORF3697	1	CCSBORF2910	LW	3	1231G>C	400	NC_000022.11:29678228:G:C	CCSBVarC016545	ENSP00000340626.4:p.Asp411His	NF2	ENSG00000186575	AMOTL2
HsVcPPILacVa1	CCSBORF3697	1	CCSBORF2910	LW	3	1258G>A	3	NC_000022.11:29678255:G:A	CCSBVarC016549	ENSP00000340626.4:p.Asp420Asn	NF2	ENSG00000186575	AMOTL2
HsVcPPILacVa1	CCSBORF3697	1	CCSBORF2910	LW	3	1364A>C	0	NC_000022.11:29681476:A:C	CCSBVarC016557	ENSP00000340626.4:p.Gln455Pro	NF2	ENSG00000186575	AMOTL2
HsVcPPILacVa1	CCSBORF3697	1	CCSBORF2910	LW	3	1384G>A	222	NC_000022.11:29681496:G:A	CCSBVarC016578	ENSP00000340626.4:p.Glu462Lys	NF2	ENSG00000186575	AMOTL2
HsVcPPILacVa1	CCSBORF3697	1	CCSBORF2910	LW	3	1436A>G	160	NC_000022.11:29681548:A:G	CCSBVarC016584	ENSP00000340626.4:p.His479Arg	NF2	ENSG00000186575	AMOTL2
HsVcPPILacVa1	CCSBORF3697	1	CCSBORF2910	LW	3	173T>C	11	NC_000022.11:29642259:T:C	CCSBVarC016593	ENSP00000340626.4:p.Leu58Pro	NF2	ENSG00000186575	AMOTL2
HsVcPPILacVa1	CCSBORF3697	1	CCSBORF2910	LW	3	22C>A	429	NC_000022.11:29604019:C:A	CCSBVarC016616	ENSP00000340626.4:p.Arg8Ser	NF2	ENSG00000186575	AMOTL2
HsVcPPILacVa1	CCSBORF3697	1	CCSBORF2910	LW	3	298A>T	330	NC_000022.11:29655623:A:T	CCSBVarC016623	ENSP00000340626.4:p.Met100Leu	NF2	ENSG00000186575	AMOTL2
HsVcPPILacVa1	CCSBORF3697	1	CCSBORF2910	LW	3	340G>T	2	NC_000022.11:29655665:G:T	CCSBVarC000524	ENSP00000340626.4:p.Gly114Cys	NF2	ENSG00000186575	AMOTL2
HsVcPPILacVa1	CCSBORF3697	1	CCSBORF2910	LW	3	392T>C	485	NC_000022.11:29658229:T:C	CCSBVarC016632	ENSP00000340626.4:p.Leu131Pro	NF2	ENSG00000186575	AMOTL2
HsVcPPILacVa1	CCSBORF3697	1	CCSBORF2910	LW	3	470G>A	1070	NC_000022.11:29661247:G:A	CCSBVarC016636	ENSP00000340626.4:p.Gly157Glu	NF2	ENSG00000186575	AMOTL2
HsVcPPILacVa1	CCSBORF3697	1	CCSBORF2910	LW	3	56C>G	618	NC_000022.11:29604053:C:G	CCSBVarC016641	ENSP00000340626.4:p.Pro19Arg	NF2	ENSG00000186575	AMOTL2
HsVcPPILacVa1	CCSBORF3697	1	CCSBORF2910	LW	3	616A>G	829	NC_000022.11:29665043:A:G	CCSBVarC016645	ENSP00000340626.4:p.Lys206Glu	NF2	ENSG00000186575	AMOTL2
HsVcPPILacVa1	CCSBORF3697	1	CCSBORF2910	LW	3	87G>A	0	NC_000022.11:29604084:G:A	CCSBVarC015530	ENSP00000340626.4:p.Met29Ile	NF2	ENSG00000186575	AMOTL2
HsVcPPILacVa1	CCSBORF4870	2	CCSBORF56827	LW	3	REF	138	NULL	NULL	NULL	KRT6A	ENSG00000205420	KRT38
HsVcPPILacVa1	CCSBORF4870	2	CCSBORF56827	LW	3	1198A>C	393	NC_000012.12:52489947:T:G	CCSBVarC015603	ENSP00000369317.3:p.Lys400Gln	KRT6A	ENSG00000205420	KRT38
HsVcPPILacVa1	CCSBORF4870	2	CCSBORF56827	LW	3	1282G>A	91	NC_000012.12:52488469:C:T	CCSBVarC015611	ENSP00000369317.3:p.Glu428Lys	KRT6A	ENSG00000205420	KRT38
HsVcPPILacVa1	CCSBORF4870	2	CCSBORF56827	LW	3	1378G>A	457	NC_000012.12:52488373:C:T	CCSBVarC015615	ENSP00000369317.3:p.Val460Met	KRT6A	ENSG00000205420	KRT38
HsVcPPILacVa1	CCSBORF4870	2	CCSBORF56827	LW	3	1381G>A	1065	NC_000012.12:52488370:C:T	CCSBVarC003673	ENSP00000369317.3:p.Glu461Lys	KRT6A	ENSG00000205420	KRT38
HsVcPPILacVa1	CCSBORF4870	2	CCSBORF56827	LW	3	1387G>C	252	NC_000012.12:52488364:C:G	CCSBVarC000721	ENSP00000369317.3:p.Ala463Pro	KRT6A	ENSG00000205420	KRT38
HsVcPPILacVa1	CCSBORF4870	2	CCSBORF56827	LW	3	1393T>C	1	NC_000012.12:52488358:A:G	CCSBVarC003675	ENSP00000369317.3:p.Tyr465His	KRT6A	ENSG00000205420	KRT38
HsVcPPILacVa1	CCSBORF4870	2	CCSBORF56827	LW	3	1403T>A	52	NC_000012.12:52488348:A:T	CCSBVarC003677	ENSP00000369317.3:p.Leu468Gln	KRT6A	ENSG00000205420	KRT38
HsVcPPILacVa1	CCSBORF4870	2	CCSBORF56827	LW	3	1416G>C	582	NC_000012.12:52488335:C:G	CCSBVarC003679	ENSP00000369317.3:p.Glu472Asp	KRT6A	ENSG00000205420	KRT38
HsVcPPILacVa1	CCSBORF4870	2	CCSBORF56827	LW	3	1456A>G	3	NC_000012.12:52488071:T:C	CCSBVarC015620	ENSP00000369317.3:p.Ile486Val	KRT6A	ENSG00000205420	KRT38
HsVcPPILacVa1	CCSBORF4870	2	CCSBORF56827	LW	3	1567G>A	171	NC_000012.12:52487847:C:T	CCSBVarC009576	ENSP00000369317.3:p.Val523Ile	KRT6A	ENSG00000205420	KRT38
HsVcPPILacVa1	CCSBORF4870	2	CCSBORF56827	LW	3	1567G>T	54	NC_000012.12:52487847:C:A	CCSBVarC002920	ENSP00000369317.3:p.Val523Phe	KRT6A	ENSG00000205420	KRT38
HsVcPPILacVa1	CCSBORF4870	2	CCSBORF56827	LW	3	1604T>C	168	NC_000012.12:52487810:A:G	CCSBVarC015632	ENSP00000369317.3:p.Ile535Thr	KRT6A	ENSG00000205420	KRT38
HsVcPPILacVa1	CCSBORF4870	2	CCSBORF56827	LW	3	1650G>T	310	NC_000012.12:52487764:C:A	CCSBVarC015638	ENSP00000369317.3:p.Lys550Asn	KRT6A	ENSG00000205420	KRT38
HsVcPPILacVa1	CCSBORF4870	2	CCSBORF56827	LW	3	332G>A	0	NC_000012.12:52492856:C:T	CCSBVarC015647	ENSP00000369317.3:p.Gly111Asp	KRT6A	ENSG00000205420	KRT38
HsVcPPILacVa1	CCSBORF4870	2	CCSBORF56827	LW	3	361G>A	176	NC_000012.12:52492827:C:T	CCSBVarC015651	ENSP00000369317.3:p.Gly121Ser	KRT6A	ENSG00000205420	KRT38
HsVcPPILacVa1	CCSBORF4870	2	CCSBORF56827	LW	3	46C>T	1	NC_000012.12:52493142:G:A	CCSBVarC015667	ENSP00000369317.3:p.Arg16Trp	KRT6A	ENSG00000205420	KRT38
HsVcPPILacVa1	CCSBORF4870	2	CCSBORF56827	LW	3	491G>C	220	NC_000012.12:52492697:C:G	CCSBVarC003663	ENSP00000369317.3:p.Arg164Pro	KRT6A	ENSG00000205420	KRT38
HsVcPPILacVa1	CCSBORF4870	2	CCSBORF56827	LW	3	500T>G	2	NC_000012.12:52492688:A:C	CCSBVarC003665	ENSP00000369317.3:p.Ile167Ser	KRT6A	ENSG00000205420	KRT38
HsVcPPILacVa1	CCSBORF4870	2	CCSBORF56827	LW	3	511A>T	137	NC_000012.12:52492677:T:A	CCSBVarC003667	ENSP00000369317.3:p.Asn171Tyr	KRT6A	ENSG00000205420	KRT38
HsVcPPILacVa1	CCSBORF4870	2	CCSBORF56827	LW	3	512A>G	263	NC_000012.12:52492676:T:C	CCSBVarC003669	ENSP00000369317.3:p.Asn171Ser	KRT6A	ENSG00000205420	KRT38
HsVcPPILacVa1	CCSBORF4870	2	CCSBORF56827	LW	3	520T>G	2	NC_000012.12:52492668:A:C	CCSBVarC000719	ENSP00000369317.3:p.Phe174Val	KRT6A	ENSG00000205420	KRT38
HsVcPPILacVa1	CCSBORF4870	2	CCSBORF56827	LW	3	526T>C	79	NC_000012.12:52492662:A:G	CCSBVarC003671	ENSP00000369317.3:p.Ser176Pro	KRT6A	ENSG00000205420	KRT38
HsVcPPILacVa1	CCSBORF4870	2	CCSBORF56827	LW	3	628C>A	687	NC_000012.12:52491648:G:T	CCSBVarC009567	ENSP00000369317.3:p.Leu210Met	KRT6A	ENSG00000205420	KRT38
HsVcPPILacVa1	CCSBORF4870	2	CCSBORF56827	LW	3	632A>G	1	NC_000012.12:52491644:T:C	CCSBVarC015673	ENSP00000369317.3:p.Glu211Gly	KRT6A	ENSG00000205420	KRT38
HsVcPPILacVa1	CCSBORF4870	2	CCSBORF56827	LW	3	680G>A	0	NC_000012.12:52491596:C:T	CCSBVarC015679	ENSP00000369317.3:p.Ser227Asn	KRT6A	ENSG00000205420	KRT38
HsVcPPILacVa1	CCSBORF4870	2	CCSBORF56827	LW	3	745T>C	624	NC_000012.12:52491531:A:G	CCSBVarC002915	ENSP00000369317.3:p.Phe249Leu	KRT6A	ENSG00000205420	KRT38
HsVcPPILacVa1	CCSBORF4870	2	CCSBORF56827	LW	3	806C>T	3	NC_000012.12:52491121:G:A	CCSBVarC015685	ENSP00000369317.3:p.Thr269Ile	KRT6A	ENSG00000205420	KRT38
HsVcPPILacVa1	CCSBORF4870	2	CCSBORF56827	LW	3	968A>T	0	NC_000012.12:52490677:T:A	CCSBVarC015689	ENSP00000369317.3:p.Asp323Val	KRT6A	ENSG00000205420	KRT38
HsVcPPILacVa1	CCSBORF4870	2	CCSBORF56827	LW	3	981C>G	0	NC_000012.12:52490664:G:C	CCSBVarC015694	ENSP00000369317.3:p.Asn327Lys	KRT6A	ENSG00000205420	KRT38
HsVcPPILacVa1	CCSBORF4870	1	CCSBORF100066360	LW	3	REF	98	NULL	NULL	NULL	KRT6A	ENSG00000205420	KRT27
HsVcPPILacVa1	CCSBORF4870	1	CCSBORF100066360	LW	3	1003G>A	3	NC_000012.12:52490642:C:T	CCSBVarC009565	ENSP00000369317.3:p.Ala335Thr	KRT6A	ENSG00000205420	KRT27
HsVcPPILacVa1	CCSBORF4870	1	CCSBORF100066360	LW	3	1157G>T	0	NC_000012.12:52489988:C:A	CCSBVarC015599	ENSP00000369317.3:p.Arg386Leu	KRT6A	ENSG00000205420	KRT27
HsVcPPILacVa1	CCSBORF4870	1	CCSBORF100066360	LW	3	1211A>G	0	NC_000012.12:52488540:T:C	CCSBVarC015607	ENSP00000369317.3:p.Asn404Ser	KRT6A	ENSG00000205420	KRT27
HsVcPPILacVa1	CCSBORF4870	1	CCSBORF100066360	LW	3	1327C>T	2	NC_000012.12:52488424:G:A	CCSBVarC009573	ENSP00000369317.3:p.Arg443Trp	KRT6A	ENSG00000205420	KRT27
HsVcPPILacVa1	CCSBORF4870	1	CCSBORF100066360	LW	3	1340A>G	1	NC_000012.12:52488411:T:C	CCSBVarC015613	ENSP00000369317.3:p.Glu447Gly	KRT6A	ENSG00000205420	KRT27
HsVcPPILacVa1	CCSBORF4870	1	CCSBORF100066360	LW	3	1385T>A	0	NC_000012.12:52488366:A:T	CCSBVarC003674	ENSP00000369317.3:p.Ile462Asn	KRT6A	ENSG00000205420	KRT27
HsVcPPILacVa1	CCSBORF4870	1	CCSBORF100066360	LW	3	1385T>G	0	NC_000012.12:52488366:A:C	CCSBVarC000720	ENSP00000369317.3:p.Ile462Ser	KRT6A	ENSG00000205420	KRT27
HsVcPPILacVa1	CCSBORF4870	1	CCSBORF100066360	LW	3	1403T>C	1113	NC_000012.12:52488348:A:G	CCSBVarC003676	ENSP00000369317.3:p.Leu468Pro	KRT6A	ENSG00000205420	KRT27
HsVcPPILacVa1	CCSBORF4870	1	CCSBORF100066360	LW	3	1414G>A	327	NC_000012.12:52488337:C:T	CCSBVarC003678	ENSP00000369317.3:p.Glu472Lys	KRT6A	ENSG00000205420	KRT27
HsVcPPILacVa1	CCSBORF4870	1	CCSBORF100066360	LW	3	1441G>A	1	NC_000012.12:52488086:C:T	CCSBVarC015618	ENSP00000369317.3:p.Val481Ile	KRT6A	ENSG00000205420	KRT27
HsVcPPILacVa1	CCSBORF4870	1	CCSBORF100066360	LW	3	1534G>A	0	NC_000012.12:52487880:C:T	CCSBVarC015629	ENSP00000369317.3:p.Gly512Arg	KRT6A	ENSG00000205420	KRT27
HsVcPPILacVa1	CCSBORF4870	1	CCSBORF100066360	LW	3	1606G>A	0	NC_000012.12:52487808:C:T	CCSBVarC015635	ENSP00000369317.3:p.Gly536Arg	KRT6A	ENSG00000205420	KRT27
HsVcPPILacVa1	CCSBORF4870	1	CCSBORF100066360	LW	3	1655C>G	2	NC_000012.12:52487759:G:C	CCSBVarC002916	ENSP00000369317.3:p.Thr552Ser	KRT6A	ENSG00000205420	KRT27
HsVcPPILacVa1	CCSBORF4870	1	CCSBORF100066360	LW	3	215T>C	0	NC_000012.12:52492973:A:G	CCSBVarC015643	ENSP00000369317.3:p.Ile72Thr	KRT6A	ENSG00000205420	KRT27
HsVcPPILacVa1	CCSBORF4870	1	CCSBORF100066360	LW	3	359G>T	0	NC_000012.12:52492829:C:A	CCSBVarC015649	ENSP00000369317.3:p.Gly120Val	KRT6A	ENSG00000205420	KRT27
HsVcPPILacVa1	CCSBORF4870	1	CCSBORF100066360	LW	3	365T>C	1	NC_000012.12:52492823:A:G	CCSBVarC015653	ENSP00000369317.3:p.Phe122Ser	KRT6A	ENSG00000205420	KRT27
HsVcPPILacVa1	CCSBORF4870	1	CCSBORF100066360	LW	3	460C>G	2	NC_000012.12:52492728:G:C	CCSBVarC015670	ENSP00000369317.3:p.Pro154Ala	KRT6A	ENSG00000205420	KRT27
HsVcPPILacVa1	CCSBORF4870	1	CCSBORF100066360	LW	3	487G>A	35	NC_000012.12:52492701:C:T	CCSBVarC003662	ENSP00000369317.3:p.Glu163Lys	KRT6A	ENSG00000205420	KRT27
HsVcPPILacVa1	CCSBORF4870	1	CCSBORF100066360	LW	3	497A>C	171	NC_000012.12:52492691:T:G	CCSBVarC003664	ENSP00000369317.3:p.Gln166Pro	KRT6A	ENSG00000205420	KRT27
HsVcPPILacVa1	CCSBORF4870	1	CCSBORF100066360	LW	3	508C>T	772	NC_000012.12:52492680:G:A	CCSBVarC003666	ENSP00000369317.3:p.Leu170Phe	KRT6A	ENSG00000205420	KRT27
HsVcPPILacVa1	CCSBORF4870	1	CCSBORF100066360	LW	3	511A>G	355	NC_000012.12:52492677:T:C	CCSBVarC003668	ENSP00000369317.3:p.Asn171Asp	KRT6A	ENSG00000205420	KRT27
HsVcPPILacVa1	CCSBORF4870	1	CCSBORF100066360	LW	3	512A>C	3	NC_000012.12:52492676:T:G	CCSBVarC003670	ENSP00000369317.3:p.Asn171Thr	KRT6A	ENSG00000205420	KRT27
HsVcPPILacVa1	CCSBORF4870	1	CCSBORF100066360	LW	3	513C>A	236	NC_000012.12:52492675:G:T	CCSBVarC000718	ENSP00000369317.3:p.Asn171Lys	KRT6A	ENSG00000205420	KRT27
HsVcPPILacVa1	CCSBORF4870	1	CCSBORF100066360	LW	3	533T>A	1445	NC_000012.12:52492655:A:T	CCSBVarC003672	ENSP00000369317.3:p.Ile178Asn	KRT6A	ENSG00000205420	KRT27
HsVcPPILacVa1	CCSBORF4870	1	CCSBORF100066360	LW	3	62A>G	0	NC_000012.12:52493126:T:C	CCSBVarC002913	ENSP00000369317.3:p.Asn21Ser	KRT6A	ENSG00000205420	KRT27
HsVcPPILacVa1	CCSBORF4870	1	CCSBORF100066360	LW	3	661C>A	0	NC_000012.12:52491615:G:T	CCSBVarC015676	ENSP00000369317.3:p.Leu221Ile	KRT6A	ENSG00000205420	KRT27
HsVcPPILacVa1	CCSBORF4870	1	CCSBORF100066360	LW	3	718A>G	0	NC_000012.12:52491558:T:C	CCSBVarC015683	ENSP00000369317.3:p.Arg240Gly	KRT6A	ENSG00000205420	KRT27
HsVcPPILacVa1	CCSBORF4870	1	CCSBORF100066360	LW	3	827C>T	0	NC_000012.12:52490942:G:A	CCSBVarC015687	ENSP00000369317.3:p.Ala276Val	KRT6A	ENSG00000205420	KRT27
HsVcPPILacVa1	CCSBORF4870	1	CCSBORF100066360	LW	3	98T>C	2	NC_000012.12:52493090:A:G	CCSBVarC015691	ENSP00000369317.3:p.Phe33Ser	KRT6A	ENSG00000205420	KRT27
HsVcPPILacVa1	CCSBORF4870	1	CCSBORF100014396	LW	3	REF	117	NULL	NULL	NULL	KRT6A	ENSG00000205420	KRT35
HsVcPPILacVa1	CCSBORF4870	1	CCSBORF100014396	LW	3	1003G>A	0	NC_000012.12:52490642:C:T	CCSBVarC009565	ENSP00000369317.3:p.Ala335Thr	KRT6A	ENSG00000205420	KRT35
HsVcPPILacVa1	CCSBORF4870	1	CCSBORF100014396	LW	3	1157G>T	0	NC_000012.12:52489988:C:A	CCSBVarC015599	ENSP00000369317.3:p.Arg386Leu	KRT6A	ENSG00000205420	KRT35
HsVcPPILacVa1	CCSBORF4870	1	CCSBORF100014396	LW	3	1211A>G	0	NC_000012.12:52488540:T:C	CCSBVarC015607	ENSP00000369317.3:p.Asn404Ser	KRT6A	ENSG00000205420	KRT35
HsVcPPILacVa1	CCSBORF4870	1	CCSBORF100014396	LW	3	1327C>T	0	NC_000012.12:52488424:G:A	CCSBVarC009573	ENSP00000369317.3:p.Arg443Trp	KRT6A	ENSG00000205420	KRT35
HsVcPPILacVa1	CCSBORF4870	1	CCSBORF100014396	LW	3	1340A>G	0	NC_000012.12:52488411:T:C	CCSBVarC015613	ENSP00000369317.3:p.Glu447Gly	KRT6A	ENSG00000205420	KRT35
HsVcPPILacVa1	CCSBORF4870	1	CCSBORF100014396	LW	3	1385T>A	0	NC_000012.12:52488366:A:T	CCSBVarC003674	ENSP00000369317.3:p.Ile462Asn	KRT6A	ENSG00000205420	KRT35
HsVcPPILacVa1	CCSBORF4870	1	CCSBORF100014396	LW	3	1385T>G	0	NC_000012.12:52488366:A:C	CCSBVarC000720	ENSP00000369317.3:p.Ile462Ser	KRT6A	ENSG00000205420	KRT35
HsVcPPILacVa1	CCSBORF4870	1	CCSBORF100014396	LW	3	1403T>C	1056	NC_000012.12:52488348:A:G	CCSBVarC003676	ENSP00000369317.3:p.Leu468Pro	KRT6A	ENSG00000205420	KRT35
HsVcPPILacVa1	CCSBORF4870	1	CCSBORF100014396	LW	3	1414G>A	426	NC_000012.12:52488337:C:T	CCSBVarC003678	ENSP00000369317.3:p.Glu472Lys	KRT6A	ENSG00000205420	KRT35
HsVcPPILacVa1	CCSBORF4870	1	CCSBORF100014396	LW	3	1441G>A	1	NC_000012.12:52488086:C:T	CCSBVarC015618	ENSP00000369317.3:p.Val481Ile	KRT6A	ENSG00000205420	KRT35
HsVcPPILacVa1	CCSBORF4870	1	CCSBORF100014396	LW	3	1534G>A	0	NC_000012.12:52487880:C:T	CCSBVarC015629	ENSP00000369317.3:p.Gly512Arg	KRT6A	ENSG00000205420	KRT35
HsVcPPILacVa1	CCSBORF4870	1	CCSBORF100014396	LW	3	1606G>A	0	NC_000012.12:52487808:C:T	CCSBVarC015635	ENSP00000369317.3:p.Gly536Arg	KRT6A	ENSG00000205420	KRT35
HsVcPPILacVa1	CCSBORF4870	1	CCSBORF100014396	LW	3	1655C>G	1	NC_000012.12:52487759:G:C	CCSBVarC002916	ENSP00000369317.3:p.Thr552Ser	KRT6A	ENSG00000205420	KRT35
HsVcPPILacVa1	CCSBORF4870	1	CCSBORF100014396	LW	3	215T>C	1	NC_000012.12:52492973:A:G	CCSBVarC015643	ENSP00000369317.3:p.Ile72Thr	KRT6A	ENSG00000205420	KRT35
HsVcPPILacVa1	CCSBORF4870	1	CCSBORF100014396	LW	3	359G>T	0	NC_000012.12:52492829:C:A	CCSBVarC015649	ENSP00000369317.3:p.Gly120Val	KRT6A	ENSG00000205420	KRT35
HsVcPPILacVa1	CCSBORF4870	1	CCSBORF100014396	LW	3	365T>C	2	NC_000012.12:52492823:A:G	CCSBVarC015653	ENSP00000369317.3:p.Phe122Ser	KRT6A	ENSG00000205420	KRT35
HsVcPPILacVa1	CCSBORF4870	1	CCSBORF100014396	LW	3	460C>G	0	NC_000012.12:52492728:G:C	CCSBVarC015670	ENSP00000369317.3:p.Pro154Ala	KRT6A	ENSG00000205420	KRT35
HsVcPPILacVa1	CCSBORF4870	1	CCSBORF100014396	LW	3	487G>A	60	NC_000012.12:52492701:C:T	CCSBVarC003662	ENSP00000369317.3:p.Glu163Lys	KRT6A	ENSG00000205420	KRT35
HsVcPPILacVa1	CCSBORF4870	1	CCSBORF100014396	LW	3	497A>C	268	NC_000012.12:52492691:T:G	CCSBVarC003664	ENSP00000369317.3:p.Gln166Pro	KRT6A	ENSG00000205420	KRT35
HsVcPPILacVa1	CCSBORF4870	1	CCSBORF100014396	LW	3	508C>T	948	NC_000012.12:52492680:G:A	CCSBVarC003666	ENSP00000369317.3:p.Leu170Phe	KRT6A	ENSG00000205420	KRT35
HsVcPPILacVa1	CCSBORF4870	1	CCSBORF100014396	LW	3	511A>G	363	NC_000012.12:52492677:T:C	CCSBVarC003668	ENSP00000369317.3:p.Asn171Asp	KRT6A	ENSG00000205420	KRT35
HsVcPPILacVa1	CCSBORF4870	1	CCSBORF100014396	LW	3	512A>C	2	NC_000012.12:52492676:T:G	CCSBVarC003670	ENSP00000369317.3:p.Asn171Thr	KRT6A	ENSG00000205420	KRT35
HsVcPPILacVa1	CCSBORF4870	1	CCSBORF100014396	LW	3	513C>A	120	NC_000012.12:52492675:G:T	CCSBVarC000718	ENSP00000369317.3:p.Asn171Lys	KRT6A	ENSG00000205420	KRT35
HsVcPPILacVa1	CCSBORF4870	1	CCSBORF100014396	LW	3	533T>A	2055	NC_000012.12:52492655:A:T	CCSBVarC003672	ENSP00000369317.3:p.Ile178Asn	KRT6A	ENSG00000205420	KRT35
HsVcPPILacVa1	CCSBORF4870	1	CCSBORF100014396	LW	3	62A>G	2	NC_000012.12:52493126:T:C	CCSBVarC002913	ENSP00000369317.3:p.Asn21Ser	KRT6A	ENSG00000205420	KRT35
HsVcPPILacVa1	CCSBORF4870	1	CCSBORF100014396	LW	3	661C>A	0	NC_000012.12:52491615:G:T	CCSBVarC015676	ENSP00000369317.3:p.Leu221Ile	KRT6A	ENSG00000205420	KRT35
HsVcPPILacVa1	CCSBORF4870	1	CCSBORF100014396	LW	3	718A>G	1	NC_000012.12:52491558:T:C	CCSBVarC015683	ENSP00000369317.3:p.Arg240Gly	KRT6A	ENSG00000205420	KRT35
HsVcPPILacVa1	CCSBORF4870	1	CCSBORF100014396	LW	3	827C>T	1	NC_000012.12:52490942:G:A	CCSBVarC015687	ENSP00000369317.3:p.Ala276Val	KRT6A	ENSG00000205420	KRT35
HsVcPPILacVa1	CCSBORF4870	1	CCSBORF100014396	LW	3	98T>C	5	NC_000012.12:52493090:A:G	CCSBVarC015691	ENSP00000369317.3:p.Phe33Ser	KRT6A	ENSG00000205420	KRT35
HsVcPPILacVa1	CCSBORF3756	1	CCSBORF0	LW	3	REF	3358	NULL	NULL	NULL	VAPB	ENSG00000124164	empty_AD
HsVcPPILacVa1	CCSBORF3756	1	CCSBORF0	LW	3	137C>T	18248	NC_000020.11:58418288:C:T	CCSBVarC005852	ENSP00000417175.1:p.Thr46Ile	VAPB	ENSG00000124164	empty_AD
HsVcPPILacVa1	CCSBORF3756	1	CCSBORF0	LW	3	166C>T	6716	NC_000020.11:58418317:C:T	CCSBVarC000544	ENSP00000417175.1:p.Pro56Ser	VAPB	ENSG00000124164	empty_AD
HsVcPPILacVa1	CCSBORF3756	1	CCSBORF0	LW	3	390T>G	2695	NC_000020.11:58439018:T:G	CCSBVarC015538	ENSP00000417175.1:p.Asp130Glu	VAPB	ENSG00000124164	empty_AD
HsVcPPILacVa1	CCSBORF3756	1	CCSBORF0	LW	3	486T>A	2733	NC_000020.11:58440995:T:A	CCSBVarC015540	ENSP00000417175.1:p.Asp162Glu	VAPB	ENSG00000124164	empty_AD
HsVcPPILacVa1	CCSBORF1231	1	CCSBORF13561	LW	3	REF	1251	NULL	NULL	NULL	AQP1	ENSG00000240583	MKRN3
HsVcPPILacVa1	CCSBORF1231	1	CCSBORF13561	LW	3	113C>T	1251	NC_000007.14:30912021:C:T	CCSBVarC000137	ENSP00000311165.4:p.Pro38Leu	AQP1	ENSG00000240583	MKRN3
HsVcPPILacVa1	CCSBORF1231	1	CCSBORF13561	LW	3	140A>G	5686	NC_000007.14:30912048:A:G	CCSBVarC000138	ENSP00000311165.4:p.Gln47Arg	AQP1	ENSG00000240583	MKRN3
HsVcPPILacVa1	CCSBORF1231	1	CCSBORF13561	LW	3	319G>A	5	NC_000007.14:30912227:G:A	CCSBVarC015066	ENSP00000311165.4:p.Val107Ile	AQP1	ENSG00000240583	MKRN3
HsVcPPILacVa1	CCSBORF1231	1	CCSBORF13561	LW	3	320T>G	1824	NC_000007.14:30912228:T:G	CCSBVarC015069	ENSP00000311165.4:p.Val107Gly	AQP1	ENSG00000240583	MKRN3
HsVcPPILacVa1	CCSBORF1231	1	CCSBORF13561	LW	3	494G>A	601	NC_000007.14:30922174:G:A	CCSBVarC015072	ENSP00000311165.4:p.Gly165Asp	AQP1	ENSG00000240583	MKRN3
HsVcPPILacVa1	CCSBORF1231	1	CCSBORF13561	LW	3	576C>A	1831	NC_000007.14:30922589:C:A	CCSBVarC000139	ENSP00000311165.4:p.Asn192Lys	AQP1	ENSG00000240583	MKRN3
HsVcPPILacVa1	CCSBORF1231	1	CCSBORF2078	LW	3	REF	1240	NULL	NULL	NULL	AQP1	ENSG00000240583	TRIM37
HsVcPPILacVa1	CCSBORF1231	1	CCSBORF2078	LW	3	113C>T	1080	NC_000007.14:30912021:C:T	CCSBVarC000137	ENSP00000311165.4:p.Pro38Leu	AQP1	ENSG00000240583	TRIM37
HsVcPPILacVa1	CCSBORF1231	1	CCSBORF2078	LW	3	140A>G	7362	NC_000007.14:30912048:A:G	CCSBVarC000138	ENSP00000311165.4:p.Gln47Arg	AQP1	ENSG00000240583	TRIM37
HsVcPPILacVa1	CCSBORF1231	1	CCSBORF2078	LW	3	319G>A	14	NC_000007.14:30912227:G:A	CCSBVarC015066	ENSP00000311165.4:p.Val107Ile	AQP1	ENSG00000240583	TRIM37
HsVcPPILacVa1	CCSBORF1231	1	CCSBORF2078	LW	3	320T>G	2387	NC_000007.14:30912228:T:G	CCSBVarC015069	ENSP00000311165.4:p.Val107Gly	AQP1	ENSG00000240583	TRIM37
HsVcPPILacVa1	CCSBORF1231	1	CCSBORF2078	LW	3	494G>A	704	NC_000007.14:30922174:G:A	CCSBVarC015072	ENSP00000311165.4:p.Gly165Asp	AQP1	ENSG00000240583	TRIM37
HsVcPPILacVa1	CCSBORF1231	1	CCSBORF2078	LW	3	576C>A	1958	NC_000007.14:30922589:C:A	CCSBVarC000139	ENSP00000311165.4:p.Asn192Lys	AQP1	ENSG00000240583	TRIM37
HsVcPPILacVa1	CCSBORF1231	1	CCSBORF6064	LW	3	REF	1509	NULL	NULL	NULL	AQP1	ENSG00000240583	GLI1
HsVcPPILacVa1	CCSBORF1231	1	CCSBORF6064	LW	3	113C>T	1207	NC_000007.14:30912021:C:T	CCSBVarC000137	ENSP00000311165.4:p.Pro38Leu	AQP1	ENSG00000240583	GLI1
HsVcPPILacVa1	CCSBORF1231	1	CCSBORF6064	LW	3	140A>G	6113	NC_000007.14:30912048:A:G	CCSBVarC000138	ENSP00000311165.4:p.Gln47Arg	AQP1	ENSG00000240583	GLI1
HsVcPPILacVa1	CCSBORF1231	1	CCSBORF6064	LW	3	319G>A	38	NC_000007.14:30912227:G:A	CCSBVarC015066	ENSP00000311165.4:p.Val107Ile	AQP1	ENSG00000240583	GLI1
HsVcPPILacVa1	CCSBORF1231	1	CCSBORF6064	LW	3	320T>G	2274	NC_000007.14:30912228:T:G	CCSBVarC015069	ENSP00000311165.4:p.Val107Gly	AQP1	ENSG00000240583	GLI1
HsVcPPILacVa1	CCSBORF1231	1	CCSBORF6064	LW	3	494G>A	320	NC_000007.14:30922174:G:A	CCSBVarC015072	ENSP00000311165.4:p.Gly165Asp	AQP1	ENSG00000240583	GLI1
HsVcPPILacVa1	CCSBORF1231	1	CCSBORF6064	LW	3	576C>A	1726	NC_000007.14:30922589:C:A	CCSBVarC000139	ENSP00000311165.4:p.Asn192Lys	AQP1	ENSG00000240583	GLI1
HsVcPPILacVa1	CCSBORF70357	1	CCSBORF0	LW	3	REF	167	NULL	NULL	NULL	TSFM	ENSG00000123297	empty_AD
HsVcPPILacVa1	CCSBORF70357	1	CCSBORF0	LW	3	112C>T	0	NC_000012.12:57783163:C:T	CCSBVarC017012	ENSP00000499171.2:p.Pro38Ser	TSFM	ENSG00000123297	empty_AD
HsVcPPILacVa1	CCSBORF70357	1	CCSBORF0	LW	3	191G>A	1	NC_000012.12:57783242:G:A	CCSBVarC017016	ENSP00000499171.2:p.Cys64Tyr	TSFM	ENSG00000123297	empty_AD
HsVcPPILacVa1	CCSBORF70357	1	CCSBORF0	LW	3	22C>T	5	NC_000012.12:57782822:C:T	CCSBVarC017021	ENSP00000499171.2:p.Arg8Cys	TSFM	ENSG00000123297	empty_AD
HsVcPPILacVa1	CCSBORF70357	1	CCSBORF0	LW	3	269G>A	0	NC_000012.12:57786199:G:A	CCSBVarC017025	ENSP00000499171.2:p.Gly90Asp	TSFM	ENSG00000123297	empty_AD
HsVcPPILacVa1	CCSBORF70357	1	CCSBORF0	LW	3	34G>T	106	NC_000012.12:57782834:G:T	CCSBVarC017029	ENSP00000499171.2:p.Val12Phe	TSFM	ENSG00000123297	empty_AD
HsVcPPILacVa1	CCSBORF70357	1	CCSBORF0	LW	3	484G>A	2	NC_000012.12:57792985:G:A	CCSBVarC017033	ENSP00000499171.2:p.Gly162Ser	TSFM	ENSG00000123297	empty_AD
HsVcPPILacVa1	CCSBORF70357	1	CCSBORF0	LW	3	520G>T	0	NC_000012.12:57793021:G:T	CCSBVarC017037	ENSP00000499171.2:p.Ala174Ser	TSFM	ENSG00000123297	empty_AD
HsVcPPILacVa1	CCSBORF70357	1	CCSBORF0	LW	3	539G>C	601	NC_000012.12:57793040:G:C	CCSBVarC017041	ENSP00000499171.2:p.Gly180Ala	TSFM	ENSG00000123297	empty_AD
HsVcPPILacVa1	CCSBORF70357	1	CCSBORF0	LW	3	602G>A	17	NC_000012.12:57796206:G:A	CCSBVarC017056	ENSP00000499171.2:p.Arg201Gln	TSFM	ENSG00000123297	empty_AD
HsVcPPILacVa1	CCSBORF70357	1	CCSBORF0	LW	3	647A>T	979	NC_000012.12:57796251:A:T	CCSBVarC017058	ENSP00000499171.2:p.Tyr216Phe	TSFM	ENSG00000123297	empty_AD
HsVcPPILacVa1	CCSBORF70357	1	CCSBORF0	LW	3	718T>C	1492	NC_000012.12:57796322:T:C	CCSBVarC017061	ENSP00000499171.2:p.Cys240Arg	TSFM	ENSG00000123297	empty_AD
HsVcPPILacVa1	CCSBORF70357	1	CCSBORF0	LW	3	725C>T	5053	NC_000012.12:57796329:C:T	CCSBVarC017063	ENSP00000499171.2:p.Thr242Met	TSFM	ENSG00000123297	empty_AD
HsVcPPILacVa1	CCSBORF70357	1	CCSBORF0	LW	3	754G>A	1421	NC_000012.12:57796358:G:A	CCSBVarC017065	ENSP00000499171.2:p.Val252Ile	TSFM	ENSG00000123297	empty_AD
HsVcPPILacVa1	CCSBORF70357	1	CCSBORF0	LW	3	763C>T	2666	NC_000012.12:57796367:C:T	CCSBVarC017067	ENSP00000499171.2:p.Arg255Cys	TSFM	ENSG00000123297	empty_AD
HsVcPPILacVa1	CCSBORF70357	1	CCSBORF0	LW	3	775C>T	2	NC_000012.12:57796379:C:T	CCSBVarC017069	ENSP00000499171.2:p.His259Tyr	TSFM	ENSG00000123297	empty_AD
HsVcPPILacVa1	CCSBORF70357	1	CCSBORF0	LW	3	796C>G	3	NC_000012.12:57796400:C:G	CCSBVarC017074	ENSP00000499171.2:p.Leu266Val	TSFM	ENSG00000123297	empty_AD
HsVcPPILacVa1	CCSBORF70357	1	CCSBORF0	LW	3	814G>C	4765	NC_000012.12:57796418:G:C	CCSBVarC017078	ENSP00000499171.2:p.Asp272His	TSFM	ENSG00000123297	empty_AD
HsVcPPILacVa1	CCSBORF70357	1	CCSBORF0	LW	3	878C>T	1	NC_000012.12:57796482:C:T	CCSBVarC017084	ENSP00000499171.2:p.Ser293Phe	TSFM	ENSG00000123297	empty_AD
HsVcPPILacVa1	CCSBORF11374	3	CCSBORF0	LW	3	REF	1223	NULL	NULL	NULL	RP2	ENSG00000102218	empty_AD
HsVcPPILacVa1	CCSBORF11374	3	CCSBORF0	LW	3	11T>G	103	NC_000023.11:46837110:T:G	CCSBVarC014903	ENSP00000218340.3:p.Phe4Cys	RP2	ENSG00000102218	empty_AD
HsVcPPILacVa1	CCSBORF11374	3	CCSBORF0	LW	3	123G>A	516	NC_000023.11:46853495:G:A	CCSBVarC011426	ENSP00000218340.3:p.Met41Ile	RP2	ENSG00000102218	empty_AD
HsVcPPILacVa1	CCSBORF11374	3	CCSBORF0	LW	3	161C>T	173	NC_000023.11:46853533:C:T	CCSBVarC014914	ENSP00000218340.3:p.Pro54Leu	RP2	ENSG00000102218	empty_AD
HsVcPPILacVa1	CCSBORF11374	3	CCSBORF0	LW	3	271A>C	3354	NC_000023.11:46853643:A:C	CCSBVarC014947	ENSP00000218340.3:p.Ile91Leu	RP2	ENSG00000102218	empty_AD
HsVcPPILacVa1	CCSBORF11374	3	CCSBORF0	LW	3	2T>C	9	NC_000023.11:46837101:T:C	CCSBVarC011465	ENSP00000218340.3:p.Met1Thr	RP2	ENSG00000102218	empty_AD
HsVcPPILacVa1	CCSBORF11374	3	CCSBORF0	LW	3	314G>A	729	NC_000023.11:46853686:G:A	CCSBVarC014958	ENSP00000218340.3:p.Cys105Tyr	RP2	ENSG00000102218	empty_AD
HsVcPPILacVa1	CCSBORF11374	3	CCSBORF0	LW	3	365G>A	332	NC_000023.11:46853737:G:A	CCSBVarC011444	ENSP00000218340.3:p.Cys122Tyr	RP2	ENSG00000102218	empty_AD
HsVcPPILacVa1	CCSBORF11374	3	CCSBORF0	LW	3	431A>G	383	NC_000023.11:46853803:A:G	CCSBVarC014972	ENSP00000218340.3:p.Lys144Arg	RP2	ENSG00000102218	empty_AD
HsVcPPILacVa1	CCSBORF11374	3	CCSBORF0	LW	3	434T>C	1701	NC_000023.11:46853806:T:C	CCSBVarC011472	ENSP00000218340.3:p.Phe145Ser	RP2	ENSG00000102218	empty_AD
HsVcPPILacVa1	CCSBORF11374	3	CCSBORF0	LW	3	535C>T	368	NC_000023.11:46853907:C:T	CCSBVarC014982	ENSP00000218340.3:p.Pro179Ser	RP2	ENSG00000102218	empty_AD
HsVcPPILacVa1	CCSBORF11374	3	CCSBORF0	LW	3	650A>G	2214	NC_000023.11:46854022:A:G	CCSBVarC014989	ENSP00000218340.3:p.Asn217Ser	RP2	ENSG00000102218	empty_AD
HsVcPPILacVa1	CCSBORF11374	3	CCSBORF0	LW	3	68G>A	149	NC_000023.11:46837167:G:A	CCSBVarC014999	ENSP00000218340.3:p.Arg23Gln	RP2	ENSG00000102218	empty_AD
HsVcPPILacVa1	CCSBORF11374	3	CCSBORF0	LW	3	758T>G	935	NC_000023.11:46854130:T:G	CCSBVarC001708	ENSP00000218340.3:p.Leu253Arg	RP2	ENSG00000102218	empty_AD
HsVcPPILacVa1	CCSBORF11374	3	CCSBORF0	LW	3	771G>T	540	NC_000023.11:46859989:G:T	CCSBVarC015008	ENSP00000218340.3:p.Met257Ile	RP2	ENSG00000102218	empty_AD
HsVcPPILacVa1	CCSBORF11374	3	CCSBORF0	LW	3	814A>G	183	NC_000023.11:46860032:A:G	CCSBVarC011438	ENSP00000218340.3:p.Met272Val	RP2	ENSG00000102218	empty_AD
HsVcPPILacVa1	CCSBORF11374	3	CCSBORF0	LW	3	829G>A	3265	NC_000023.11:46860047:G:A	CCSBVarC015017	ENSP00000218340.3:p.Ala277Thr	RP2	ENSG00000102218	empty_AD
HsVcPPILacVa1	CCSBORF11374	3	CCSBORF0	LW	3	895G>A	765	NC_000023.11:46877515:G:A	CCSBVarC011420	ENSP00000218340.3:p.Ala299Thr	RP2	ENSG00000102218	empty_AD
HsVcPPILacVa1	CCSBORF11374	3	CCSBORF0	LW	3	917G>A	181	NC_000023.11:46877537:G:A	CCSBVarC015026	ENSP00000218340.3:p.Gly306Asp	RP2	ENSG00000102218	empty_AD
HsVcPPILacVa1	CCSBORF11374	3	CCSBORF0	LW	3	949G>A	345	NC_000023.11:46877569:G:A	CCSBVarC011434	ENSP00000218340.3:p.Glu317Lys	RP2	ENSG00000102218	empty_AD
HsVcPPILacVa1	CCSBORF7637	2	CCSBORF13662	LW	3	REF	291	NULL	NULL	NULL	CFP	ENSG00000126759	CYSRT1
HsVcPPILacVa1	CCSBORF7637	2	CCSBORF13662	LW	3	1036C>T	1	NC_000023.11:47626423:G:A	CCSBVarC001213	ENSP00000380189.3:p.Arg346Cys	CFP	ENSG00000126759	CYSRT1
HsVcPPILacVa1	CCSBORF7637	2	CCSBORF13662	LW	3	104A>G	11	NC_000023.11:47629646:T:C	CCSBVarC017053	ENSP00000380189.3:p.Gln35Arg	CFP	ENSG00000126759	CYSRT1
HsVcPPILacVa1	CCSBORF7637	2	CCSBORF13662	LW	3	1174A>C	3	NC_000023.11:47626127:T:G	CCSBVarC017070	ENSP00000380189.3:p.Met392Leu	CFP	ENSG00000126759	CYSRT1
HsVcPPILacVa1	CCSBORF7637	2	CCSBORF13662	LW	3	1198A>G	531	NC_000023.11:47626103:T:C	CCSBVarC017073	ENSP00000380189.3:p.Thr400Ala	CFP	ENSG00000126759	CYSRT1
HsVcPPILacVa1	CCSBORF7637	2	CCSBORF13662	LW	3	1223C>T	0	NC_000023.11:47626078:G:A	CCSBVarC017077	ENSP00000380189.3:p.Thr408Ile	CFP	ENSG00000126759	CYSRT1
HsVcPPILacVa1	CCSBORF7637	2	CCSBORF13662	LW	3	1291T>G	3	NC_000023.11:47624393:A:C	CCSBVarC017081	ENSP00000380189.3:p.Phe431Val	CFP	ENSG00000126759	CYSRT1
HsVcPPILacVa1	CCSBORF7637	2	CCSBORF13662	LW	3	1309C>A	1086	NC_000023.11:47624375:G:T	CCSBVarC017085	ENSP00000380189.3:p.Pro437Thr	CFP	ENSG00000126759	CYSRT1
HsVcPPILacVa1	CCSBORF7637	2	CCSBORF13662	LW	3	157G>A	1171	NC_000023.11:47629593:C:T	CCSBVarC010166	ENSP00000380189.3:p.Val53Met	CFP	ENSG00000126759	CYSRT1
HsVcPPILacVa1	CCSBORF7637	2	CCSBORF13662	LW	3	209G>A	1	NC_000023.11:47629541:C:T	CCSBVarC017089	ENSP00000380189.3:p.Gly70Glu	CFP	ENSG00000126759	CYSRT1
HsVcPPILacVa1	CCSBORF7637	2	CCSBORF13662	LW	3	28C>G	7	NC_000023.11:47629816:G:C	CCSBVarC017093	ENSP00000380189.3:p.Arg10Gly	CFP	ENSG00000126759	CYSRT1
HsVcPPILacVa1	CCSBORF7637	2	CCSBORF13662	LW	3	298C>T	582	NC_000023.11:47628206:G:A	CCSBVarC001211	ENSP00000380189.3:p.Arg100Trp	CFP	ENSG00000126759	CYSRT1
HsVcPPILacVa1	CCSBORF7637	2	CCSBORF13662	LW	3	313G>A	0	NC_000023.11:47628191:C:T	CCSBVarC017097	ENSP00000380189.3:p.Val105Met	CFP	ENSG00000126759	CYSRT1
HsVcPPILacVa1	CCSBORF7637	2	CCSBORF13662	LW	3	391C>G	0	NC_000023.11:47628113:G:C	CCSBVarC017101	ENSP00000380189.3:p.Gln131Glu	CFP	ENSG00000126759	CYSRT1
HsVcPPILacVa1	CCSBORF7637	2	CCSBORF13662	LW	3	44C>T	156	NC_000023.11:47629800:G:A	CCSBVarC017105	ENSP00000380189.3:p.Pro15Leu	CFP	ENSG00000126759	CYSRT1
HsVcPPILacVa1	CCSBORF7637	2	CCSBORF13662	LW	3	470G>A	18	NC_000023.11:47627574:C:T	CCSBVarC017120	ENSP00000380189.3:p.Arg157Gln	CFP	ENSG00000126759	CYSRT1
HsVcPPILacVa1	CCSBORF7637	2	CCSBORF13662	LW	3	580G>A	1	NC_000023.11:47627326:C:T	CCSBVarC017124	ENSP00000380189.3:p.Gly194Arg	CFP	ENSG00000126759	CYSRT1
HsVcPPILacVa1	CCSBORF7637	2	CCSBORF13662	LW	3	611C>T	1097	NC_000023.11:47627295:G:A	CCSBVarC010163	ENSP00000380189.3:p.Pro204Leu	CFP	ENSG00000126759	CYSRT1
HsVcPPILacVa1	CCSBORF7637	2	CCSBORF13662	LW	3	665G>A	324	NC_000023.11:47627241:C:T	CCSBVarC017128	ENSP00000380189.3:p.Arg222His	CFP	ENSG00000126759	CYSRT1
HsVcPPILacVa1	CCSBORF7637	2	CCSBORF13662	LW	3	716C>T	35	NC_000023.11:47627190:G:A	CCSBVarC017132	ENSP00000380189.3:p.Pro239Leu	CFP	ENSG00000126759	CYSRT1
HsVcPPILacVa1	CCSBORF7637	2	CCSBORF13662	LW	3	748G>A	1071	NC_000023.11:47627158:C:T	CCSBVarC008473	ENSP00000380189.3:p.Gly250Ser	CFP	ENSG00000126759	CYSRT1
HsVcPPILacVa1	CCSBORF7637	2	CCSBORF13662	LW	3	769G>A	53	NC_000023.11:47626943:C:T	CCSBVarC017135	ENSP00000380189.3:p.Ala257Thr	CFP	ENSG00000126759	CYSRT1
HsVcPPILacVa1	CCSBORF7637	2	CCSBORF13662	LW	3	88G>A	541	NC_000023.11:47629662:C:T	CCSBVarC017139	ENSP00000380189.3:p.Val30Met	CFP	ENSG00000126759	CYSRT1
HsVcPPILacVa1	CCSBORF7637	2	CCSBORF13662	LW	3	893G>T	15	NC_000023.11:47626819:C:A	CCSBVarC010172	ENSP00000380189.3:p.Gly298Val	CFP	ENSG00000126759	CYSRT1
HsVcPPILacVa1	CCSBORF3697	1	CCSBORF0	LW	3	REF	275	NULL	NULL	NULL	NF2	ENSG00000186575	empty_AD
HsVcPPILacVa1	CCSBORF3697	1	CCSBORF0	LW	3	1003C>T	1810	NC_000022.11:29673397:C:T	CCSBVarC000526	ENSP00000340626.4:p.Arg335Cys	NF2	ENSG00000186575	empty_AD
HsVcPPILacVa1	CCSBORF3697	1	CCSBORF0	LW	3	1007C>G	0	NC_000022.11:29673401:C:G	CCSBVarC016525	ENSP00000340626.4:p.Thr336Arg	NF2	ENSG00000186575	empty_AD
HsVcPPILacVa1	CCSBORF3697	1	CCSBORF0	LW	3	107A>G	46	NC_000022.11:29604104:A:G	CCSBVarC004111	ENSP00000340626.4:p.Asn36Ser	NF2	ENSG00000186575	empty_AD
HsVcPPILacVa1	CCSBORF3697	1	CCSBORF0	LW	3	1124T>G	155	NC_000022.11:29674867:T:G	CCSBVarC016531	ENSP00000340626.4:p.Leu375Arg	NF2	ENSG00000186575	empty_AD
HsVcPPILacVa1	CCSBORF3697	1	CCSBORF0	LW	3	1202T>C	6	NC_000022.11:29678199:T:C	CCSBVarC016541	ENSP00000340626.4:p.Met401Thr	NF2	ENSG00000186575	empty_AD
HsVcPPILacVa1	CCSBORF3697	1	CCSBORF0	LW	3	1231G>C	415	NC_000022.11:29678228:G:C	CCSBVarC016545	ENSP00000340626.4:p.Asp411His	NF2	ENSG00000186575	empty_AD
HsVcPPILacVa1	CCSBORF3697	1	CCSBORF0	LW	3	1258G>A	4	NC_000022.11:29678255:G:A	CCSBVarC016549	ENSP00000340626.4:p.Asp420Asn	NF2	ENSG00000186575	empty_AD
HsVcPPILacVa1	CCSBORF3697	1	CCSBORF0	LW	3	1364A>C	0	NC_000022.11:29681476:A:C	CCSBVarC016557	ENSP00000340626.4:p.Gln455Pro	NF2	ENSG00000186575	empty_AD
HsVcPPILacVa1	CCSBORF3697	1	CCSBORF0	LW	3	1384G>A	205	NC_000022.11:29681496:G:A	CCSBVarC016578	ENSP00000340626.4:p.Glu462Lys	NF2	ENSG00000186575	empty_AD
HsVcPPILacVa1	CCSBORF3697	1	CCSBORF0	LW	3	1436A>G	154	NC_000022.11:29681548:A:G	CCSBVarC016584	ENSP00000340626.4:p.His479Arg	NF2	ENSG00000186575	empty_AD
HsVcPPILacVa1	CCSBORF3697	1	CCSBORF0	LW	3	173T>C	25	NC_000022.11:29642259:T:C	CCSBVarC016593	ENSP00000340626.4:p.Leu58Pro	NF2	ENSG00000186575	empty_AD
HsVcPPILacVa1	CCSBORF3697	1	CCSBORF0	LW	3	22C>A	412	NC_000022.11:29604019:C:A	CCSBVarC016616	ENSP00000340626.4:p.Arg8Ser	NF2	ENSG00000186575	empty_AD
HsVcPPILacVa1	CCSBORF3697	1	CCSBORF0	LW	3	298A>T	281	NC_000022.11:29655623:A:T	CCSBVarC016623	ENSP00000340626.4:p.Met100Leu	NF2	ENSG00000186575	empty_AD
HsVcPPILacVa1	CCSBORF3697	1	CCSBORF0	LW	3	340G>T	0	NC_000022.11:29655665:G:T	CCSBVarC000524	ENSP00000340626.4:p.Gly114Cys	NF2	ENSG00000186575	empty_AD
HsVcPPILacVa1	CCSBORF3697	1	CCSBORF0	LW	3	392T>C	399	NC_000022.11:29658229:T:C	CCSBVarC016632	ENSP00000340626.4:p.Leu131Pro	NF2	ENSG00000186575	empty_AD
HsVcPPILacVa1	CCSBORF3697	1	CCSBORF0	LW	3	470G>A	774	NC_000022.11:29661247:G:A	CCSBVarC016636	ENSP00000340626.4:p.Gly157Glu	NF2	ENSG00000186575	empty_AD
HsVcPPILacVa1	CCSBORF3697	1	CCSBORF0	LW	3	56C>G	352	NC_000022.11:29604053:C:G	CCSBVarC016641	ENSP00000340626.4:p.Pro19Arg	NF2	ENSG00000186575	empty_AD
HsVcPPILacVa1	CCSBORF3697	1	CCSBORF0	LW	3	616A>G	626	NC_000022.11:29665043:A:G	CCSBVarC016645	ENSP00000340626.4:p.Lys206Glu	NF2	ENSG00000186575	empty_AD
HsVcPPILacVa1	CCSBORF3697	1	CCSBORF0	LW	3	87G>A	0	NC_000022.11:29604084:G:A	CCSBVarC015530	ENSP00000340626.4:p.Met29Ile	NF2	ENSG00000186575	empty_AD
HsVcPPILacVa1	CCSBORF4870	2	CCSBORF100014440	LW	3	REF	112	NULL	NULL	NULL	KRT6A	ENSG00000205420	KRT25
HsVcPPILacVa1	CCSBORF4870	2	CCSBORF100014440	LW	3	1198A>C	332	NC_000012.12:52489947:T:G	CCSBVarC015603	ENSP00000369317.3:p.Lys400Gln	KRT6A	ENSG00000205420	KRT25
HsVcPPILacVa1	CCSBORF4870	2	CCSBORF100014440	LW	3	1282G>A	94	NC_000012.12:52488469:C:T	CCSBVarC015611	ENSP00000369317.3:p.Glu428Lys	KRT6A	ENSG00000205420	KRT25
HsVcPPILacVa1	CCSBORF4870	2	CCSBORF100014440	LW	3	1378G>A	404	NC_000012.12:52488373:C:T	CCSBVarC015615	ENSP00000369317.3:p.Val460Met	KRT6A	ENSG00000205420	KRT25
HsVcPPILacVa1	CCSBORF4870	2	CCSBORF100014440	LW	3	1381G>A	1013	NC_000012.12:52488370:C:T	CCSBVarC003673	ENSP00000369317.3:p.Glu461Lys	KRT6A	ENSG00000205420	KRT25
HsVcPPILacVa1	CCSBORF4870	2	CCSBORF100014440	LW	3	1387G>C	279	NC_000012.12:52488364:C:G	CCSBVarC000721	ENSP00000369317.3:p.Ala463Pro	KRT6A	ENSG00000205420	KRT25
HsVcPPILacVa1	CCSBORF4870	2	CCSBORF100014440	LW	3	1393T>C	2	NC_000012.12:52488358:A:G	CCSBVarC003675	ENSP00000369317.3:p.Tyr465His	KRT6A	ENSG00000205420	KRT25
HsVcPPILacVa1	CCSBORF4870	2	CCSBORF100014440	LW	3	1403T>A	73	NC_000012.12:52488348:A:T	CCSBVarC003677	ENSP00000369317.3:p.Leu468Gln	KRT6A	ENSG00000205420	KRT25
HsVcPPILacVa1	CCSBORF4870	2	CCSBORF100014440	LW	3	1416G>C	663	NC_000012.12:52488335:C:G	CCSBVarC003679	ENSP00000369317.3:p.Glu472Asp	KRT6A	ENSG00000205420	KRT25
HsVcPPILacVa1	CCSBORF4870	2	CCSBORF100014440	LW	3	1456A>G	0	NC_000012.12:52488071:T:C	CCSBVarC015620	ENSP00000369317.3:p.Ile486Val	KRT6A	ENSG00000205420	KRT25
HsVcPPILacVa1	CCSBORF4870	2	CCSBORF100014440	LW	3	1567G>A	94	NC_000012.12:52487847:C:T	CCSBVarC009576	ENSP00000369317.3:p.Val523Ile	KRT6A	ENSG00000205420	KRT25
HsVcPPILacVa1	CCSBORF4870	2	CCSBORF100014440	LW	3	1567G>T	69	NC_000012.12:52487847:C:A	CCSBVarC002920	ENSP00000369317.3:p.Val523Phe	KRT6A	ENSG00000205420	KRT25
HsVcPPILacVa1	CCSBORF4870	2	CCSBORF100014440	LW	3	1604T>C	150	NC_000012.12:52487810:A:G	CCSBVarC015632	ENSP00000369317.3:p.Ile535Thr	KRT6A	ENSG00000205420	KRT25
HsVcPPILacVa1	CCSBORF4870	2	CCSBORF100014440	LW	3	1650G>T	421	NC_000012.12:52487764:C:A	CCSBVarC015638	ENSP00000369317.3:p.Lys550Asn	KRT6A	ENSG00000205420	KRT25
HsVcPPILacVa1	CCSBORF4870	2	CCSBORF100014440	LW	3	332G>A	0	NC_000012.12:52492856:C:T	CCSBVarC015647	ENSP00000369317.3:p.Gly111Asp	KRT6A	ENSG00000205420	KRT25
HsVcPPILacVa1	CCSBORF4870	2	CCSBORF100014440	LW	3	361G>A	173	NC_000012.12:52492827:C:T	CCSBVarC015651	ENSP00000369317.3:p.Gly121Ser	KRT6A	ENSG00000205420	KRT25
HsVcPPILacVa1	CCSBORF4870	2	CCSBORF100014440	LW	3	46C>T	0	NC_000012.12:52493142:G:A	CCSBVarC015667	ENSP00000369317.3:p.Arg16Trp	KRT6A	ENSG00000205420	KRT25
HsVcPPILacVa1	CCSBORF4870	2	CCSBORF100014440	LW	3	491G>C	223	NC_000012.12:52492697:C:G	CCSBVarC003663	ENSP00000369317.3:p.Arg164Pro	KRT6A	ENSG00000205420	KRT25
HsVcPPILacVa1	CCSBORF4870	2	CCSBORF100014440	LW	3	500T>G	0	NC_000012.12:52492688:A:C	CCSBVarC003665	ENSP00000369317.3:p.Ile167Ser	KRT6A	ENSG00000205420	KRT25
HsVcPPILacVa1	CCSBORF4870	2	CCSBORF100014440	LW	3	511A>T	193	NC_000012.12:52492677:T:A	CCSBVarC003667	ENSP00000369317.3:p.Asn171Tyr	KRT6A	ENSG00000205420	KRT25
HsVcPPILacVa1	CCSBORF4870	2	CCSBORF100014440	LW	3	512A>G	182	NC_000012.12:52492676:T:C	CCSBVarC003669	ENSP00000369317.3:p.Asn171Ser	KRT6A	ENSG00000205420	KRT25
HsVcPPILacVa1	CCSBORF4870	2	CCSBORF100014440	LW	3	520T>G	1	NC_000012.12:52492668:A:C	CCSBVarC000719	ENSP00000369317.3:p.Phe174Val	KRT6A	ENSG00000205420	KRT25
HsVcPPILacVa1	CCSBORF4870	2	CCSBORF100014440	LW	3	526T>C	89	NC_000012.12:52492662:A:G	CCSBVarC003671	ENSP00000369317.3:p.Ser176Pro	KRT6A	ENSG00000205420	KRT25
HsVcPPILacVa1	CCSBORF4870	2	CCSBORF100014440	LW	3	628C>A	646	NC_000012.12:52491648:G:T	CCSBVarC009567	ENSP00000369317.3:p.Leu210Met	KRT6A	ENSG00000205420	KRT25
HsVcPPILacVa1	CCSBORF4870	2	CCSBORF100014440	LW	3	632A>G	1	NC_000012.12:52491644:T:C	CCSBVarC015673	ENSP00000369317.3:p.Glu211Gly	KRT6A	ENSG00000205420	KRT25
HsVcPPILacVa1	CCSBORF4870	2	CCSBORF100014440	LW	3	680G>A	1	NC_000012.12:52491596:C:T	CCSBVarC015679	ENSP00000369317.3:p.Ser227Asn	KRT6A	ENSG00000205420	KRT25
HsVcPPILacVa1	CCSBORF4870	2	CCSBORF100014440	LW	3	745T>C	495	NC_000012.12:52491531:A:G	CCSBVarC002915	ENSP00000369317.3:p.Phe249Leu	KRT6A	ENSG00000205420	KRT25
HsVcPPILacVa1	CCSBORF4870	2	CCSBORF100014440	LW	3	806C>T	2	NC_000012.12:52491121:G:A	CCSBVarC015685	ENSP00000369317.3:p.Thr269Ile	KRT6A	ENSG00000205420	KRT25
HsVcPPILacVa1	CCSBORF4870	2	CCSBORF100014440	LW	3	968A>T	0	NC_000012.12:52490677:T:A	CCSBVarC015689	ENSP00000369317.3:p.Asp323Val	KRT6A	ENSG00000205420	KRT25
HsVcPPILacVa1	CCSBORF4870	2	CCSBORF100014440	LW	3	981C>G	0	NC_000012.12:52490664:G:C	CCSBVarC015694	ENSP00000369317.3:p.Asn327Lys	KRT6A	ENSG00000205420	KRT25
HsVcPPILacVa1	CCSBORF4870	1	CCSBORF100011278	LW	3	REF	125	NULL	NULL	NULL	KRT6A	ENSG00000205420	KRT16
HsVcPPILacVa1	CCSBORF4870	1	CCSBORF100011278	LW	3	1003G>A	3	NC_000012.12:52490642:C:T	CCSBVarC009565	ENSP00000369317.3:p.Ala335Thr	KRT6A	ENSG00000205420	KRT16
HsVcPPILacVa1	CCSBORF4870	1	CCSBORF100011278	LW	3	1157G>T	0	NC_000012.12:52489988:C:A	CCSBVarC015599	ENSP00000369317.3:p.Arg386Leu	KRT6A	ENSG00000205420	KRT16
HsVcPPILacVa1	CCSBORF4870	1	CCSBORF100011278	LW	3	1211A>G	1	NC_000012.12:52488540:T:C	CCSBVarC015607	ENSP00000369317.3:p.Asn404Ser	KRT6A	ENSG00000205420	KRT16
HsVcPPILacVa1	CCSBORF4870	1	CCSBORF100011278	LW	3	1327C>T	3	NC_000012.12:52488424:G:A	CCSBVarC009573	ENSP00000369317.3:p.Arg443Trp	KRT6A	ENSG00000205420	KRT16
HsVcPPILacVa1	CCSBORF4870	1	CCSBORF100011278	LW	3	1340A>G	1	NC_000012.12:52488411:T:C	CCSBVarC015613	ENSP00000369317.3:p.Glu447Gly	KRT6A	ENSG00000205420	KRT16
HsVcPPILacVa1	CCSBORF4870	1	CCSBORF100011278	LW	3	1385T>A	0	NC_000012.12:52488366:A:T	CCSBVarC003674	ENSP00000369317.3:p.Ile462Asn	KRT6A	ENSG00000205420	KRT16
HsVcPPILacVa1	CCSBORF4870	1	CCSBORF100011278	LW	3	1385T>G	2	NC_000012.12:52488366:A:C	CCSBVarC000720	ENSP00000369317.3:p.Ile462Ser	KRT6A	ENSG00000205420	KRT16
HsVcPPILacVa1	CCSBORF4870	1	CCSBORF100011278	LW	3	1403T>C	1038	NC_000012.12:52488348:A:G	CCSBVarC003676	ENSP00000369317.3:p.Leu468Pro	KRT6A	ENSG00000205420	KRT16
HsVcPPILacVa1	CCSBORF4870	1	CCSBORF100011278	LW	3	1414G>A	334	NC_000012.12:52488337:C:T	CCSBVarC003678	ENSP00000369317.3:p.Glu472Lys	KRT6A	ENSG00000205420	KRT16
HsVcPPILacVa1	CCSBORF4870	1	CCSBORF100011278	LW	3	1441G>A	3	NC_000012.12:52488086:C:T	CCSBVarC015618	ENSP00000369317.3:p.Val481Ile	KRT6A	ENSG00000205420	KRT16
HsVcPPILacVa1	CCSBORF4870	1	CCSBORF100011278	LW	3	1534G>A	1	NC_000012.12:52487880:C:T	CCSBVarC015629	ENSP00000369317.3:p.Gly512Arg	KRT6A	ENSG00000205420	KRT16
HsVcPPILacVa1	CCSBORF4870	1	CCSBORF100011278	LW	3	1606G>A	0	NC_000012.12:52487808:C:T	CCSBVarC015635	ENSP00000369317.3:p.Gly536Arg	KRT6A	ENSG00000205420	KRT16
HsVcPPILacVa1	CCSBORF4870	1	CCSBORF100011278	LW	3	1655C>G	0	NC_000012.12:52487759:G:C	CCSBVarC002916	ENSP00000369317.3:p.Thr552Ser	KRT6A	ENSG00000205420	KRT16
HsVcPPILacVa1	CCSBORF4870	1	CCSBORF100011278	LW	3	215T>C	0	NC_000012.12:52492973:A:G	CCSBVarC015643	ENSP00000369317.3:p.Ile72Thr	KRT6A	ENSG00000205420	KRT16
HsVcPPILacVa1	CCSBORF4870	1	CCSBORF100011278	LW	3	359G>T	0	NC_000012.12:52492829:C:A	CCSBVarC015649	ENSP00000369317.3:p.Gly120Val	KRT6A	ENSG00000205420	KRT16
HsVcPPILacVa1	CCSBORF4870	1	CCSBORF100011278	LW	3	365T>C	1	NC_000012.12:52492823:A:G	CCSBVarC015653	ENSP00000369317.3:p.Phe122Ser	KRT6A	ENSG00000205420	KRT16
HsVcPPILacVa1	CCSBORF4870	1	CCSBORF100011278	LW	3	460C>G	0	NC_000012.12:52492728:G:C	CCSBVarC015670	ENSP00000369317.3:p.Pro154Ala	KRT6A	ENSG00000205420	KRT16
HsVcPPILacVa1	CCSBORF4870	1	CCSBORF100011278	LW	3	487G>A	52	NC_000012.12:52492701:C:T	CCSBVarC003662	ENSP00000369317.3:p.Glu163Lys	KRT6A	ENSG00000205420	KRT16
HsVcPPILacVa1	CCSBORF4870	1	CCSBORF100011278	LW	3	497A>C	161	NC_000012.12:52492691:T:G	CCSBVarC003664	ENSP00000369317.3:p.Gln166Pro	KRT6A	ENSG00000205420	KRT16
HsVcPPILacVa1	CCSBORF4870	1	CCSBORF100011278	LW	3	508C>T	916	NC_000012.12:52492680:G:A	CCSBVarC003666	ENSP00000369317.3:p.Leu170Phe	KRT6A	ENSG00000205420	KRT16
HsVcPPILacVa1	CCSBORF4870	1	CCSBORF100011278	LW	3	511A>G	308	NC_000012.12:52492677:T:C	CCSBVarC003668	ENSP00000369317.3:p.Asn171Asp	KRT6A	ENSG00000205420	KRT16
HsVcPPILacVa1	CCSBORF4870	1	CCSBORF100011278	LW	3	512A>C	0	NC_000012.12:52492676:T:G	CCSBVarC003670	ENSP00000369317.3:p.Asn171Thr	KRT6A	ENSG00000205420	KRT16
HsVcPPILacVa1	CCSBORF4870	1	CCSBORF100011278	LW	3	513C>A	199	NC_000012.12:52492675:G:T	CCSBVarC000718	ENSP00000369317.3:p.Asn171Lys	KRT6A	ENSG00000205420	KRT16
HsVcPPILacVa1	CCSBORF4870	1	CCSBORF100011278	LW	3	533T>A	1495	NC_000012.12:52492655:A:T	CCSBVarC003672	ENSP00000369317.3:p.Ile178Asn	KRT6A	ENSG00000205420	KRT16
HsVcPPILacVa1	CCSBORF4870	1	CCSBORF100011278	LW	3	62A>G	12	NC_000012.12:52493126:T:C	CCSBVarC002913	ENSP00000369317.3:p.Asn21Ser	KRT6A	ENSG00000205420	KRT16
HsVcPPILacVa1	CCSBORF4870	1	CCSBORF100011278	LW	3	661C>A	1	NC_000012.12:52491615:G:T	CCSBVarC015676	ENSP00000369317.3:p.Leu221Ile	KRT6A	ENSG00000205420	KRT16
HsVcPPILacVa1	CCSBORF4870	1	CCSBORF100011278	LW	3	718A>G	1	NC_000012.12:52491558:T:C	CCSBVarC015683	ENSP00000369317.3:p.Arg240Gly	KRT6A	ENSG00000205420	KRT16
HsVcPPILacVa1	CCSBORF4870	1	CCSBORF100011278	LW	3	827C>T	1	NC_000012.12:52490942:G:A	CCSBVarC015687	ENSP00000369317.3:p.Ala276Val	KRT6A	ENSG00000205420	KRT16
HsVcPPILacVa1	CCSBORF4870	1	CCSBORF100011278	LW	3	98T>C	0	NC_000012.12:52493090:A:G	CCSBVarC015691	ENSP00000369317.3:p.Phe33Ser	KRT6A	ENSG00000205420	KRT16
HsVcPPILacVa1	CCSBORF4870	1	CCSBORF0	LW	3	REF	161	NULL	NULL	NULL	KRT6A	ENSG00000205420	empty_AD
HsVcPPILacVa1	CCSBORF4870	1	CCSBORF0	LW	3	1003G>A	1	NC_000012.12:52490642:C:T	CCSBVarC009565	ENSP00000369317.3:p.Ala335Thr	KRT6A	ENSG00000205420	empty_AD
HsVcPPILacVa1	CCSBORF4870	1	CCSBORF0	LW	3	1157G>T	0	NC_000012.12:52489988:C:A	CCSBVarC015599	ENSP00000369317.3:p.Arg386Leu	KRT6A	ENSG00000205420	empty_AD
HsVcPPILacVa1	CCSBORF4870	1	CCSBORF0	LW	3	1211A>G	1	NC_000012.12:52488540:T:C	CCSBVarC015607	ENSP00000369317.3:p.Asn404Ser	KRT6A	ENSG00000205420	empty_AD
HsVcPPILacVa1	CCSBORF4870	1	CCSBORF0	LW	3	1327C>T	2	NC_000012.12:52488424:G:A	CCSBVarC009573	ENSP00000369317.3:p.Arg443Trp	KRT6A	ENSG00000205420	empty_AD
HsVcPPILacVa1	CCSBORF4870	1	CCSBORF0	LW	3	1340A>G	1	NC_000012.12:52488411:T:C	CCSBVarC015613	ENSP00000369317.3:p.Glu447Gly	KRT6A	ENSG00000205420	empty_AD
HsVcPPILacVa1	CCSBORF4870	1	CCSBORF0	LW	3	1385T>A	0	NC_000012.12:52488366:A:T	CCSBVarC003674	ENSP00000369317.3:p.Ile462Asn	KRT6A	ENSG00000205420	empty_AD
HsVcPPILacVa1	CCSBORF4870	1	CCSBORF0	LW	3	1385T>G	0	NC_000012.12:52488366:A:C	CCSBVarC000720	ENSP00000369317.3:p.Ile462Ser	KRT6A	ENSG00000205420	empty_AD
HsVcPPILacVa1	CCSBORF4870	1	CCSBORF0	LW	3	1403T>C	1023	NC_000012.12:52488348:A:G	CCSBVarC003676	ENSP00000369317.3:p.Leu468Pro	KRT6A	ENSG00000205420	empty_AD
HsVcPPILacVa1	CCSBORF4870	1	CCSBORF0	LW	3	1414G>A	544	NC_000012.12:52488337:C:T	CCSBVarC003678	ENSP00000369317.3:p.Glu472Lys	KRT6A	ENSG00000205420	empty_AD
HsVcPPILacVa1	CCSBORF4870	1	CCSBORF0	LW	3	1441G>A	3	NC_000012.12:52488086:C:T	CCSBVarC015618	ENSP00000369317.3:p.Val481Ile	KRT6A	ENSG00000205420	empty_AD
HsVcPPILacVa1	CCSBORF4870	1	CCSBORF0	LW	3	1534G>A	2	NC_000012.12:52487880:C:T	CCSBVarC015629	ENSP00000369317.3:p.Gly512Arg	KRT6A	ENSG00000205420	empty_AD
HsVcPPILacVa1	CCSBORF4870	1	CCSBORF0	LW	3	1606G>A	0	NC_000012.12:52487808:C:T	CCSBVarC015635	ENSP00000369317.3:p.Gly536Arg	KRT6A	ENSG00000205420	empty_AD
HsVcPPILacVa1	CCSBORF4870	1	CCSBORF0	LW	3	1655C>G	0	NC_000012.12:52487759:G:C	CCSBVarC002916	ENSP00000369317.3:p.Thr552Ser	KRT6A	ENSG00000205420	empty_AD
HsVcPPILacVa1	CCSBORF4870	1	CCSBORF0	LW	3	215T>C	0	NC_000012.12:52492973:A:G	CCSBVarC015643	ENSP00000369317.3:p.Ile72Thr	KRT6A	ENSG00000205420	empty_AD
HsVcPPILacVa1	CCSBORF4870	1	CCSBORF0	LW	3	359G>T	0	NC_000012.12:52492829:C:A	CCSBVarC015649	ENSP00000369317.3:p.Gly120Val	KRT6A	ENSG00000205420	empty_AD
HsVcPPILacVa1	CCSBORF4870	1	CCSBORF0	LW	3	365T>C	2	NC_000012.12:52492823:A:G	CCSBVarC015653	ENSP00000369317.3:p.Phe122Ser	KRT6A	ENSG00000205420	empty_AD
HsVcPPILacVa1	CCSBORF4870	1	CCSBORF0	LW	3	460C>G	1	NC_000012.12:52492728:G:C	CCSBVarC015670	ENSP00000369317.3:p.Pro154Ala	KRT6A	ENSG00000205420	empty_AD
HsVcPPILacVa1	CCSBORF4870	1	CCSBORF0	LW	3	487G>A	48	NC_000012.12:52492701:C:T	CCSBVarC003662	ENSP00000369317.3:p.Glu163Lys	KRT6A	ENSG00000205420	empty_AD
HsVcPPILacVa1	CCSBORF4870	1	CCSBORF0	LW	3	497A>C	158	NC_000012.12:52492691:T:G	CCSBVarC003664	ENSP00000369317.3:p.Gln166Pro	KRT6A	ENSG00000205420	empty_AD
HsVcPPILacVa1	CCSBORF4870	1	CCSBORF0	LW	3	508C>T	707	NC_000012.12:52492680:G:A	CCSBVarC003666	ENSP00000369317.3:p.Leu170Phe	KRT6A	ENSG00000205420	empty_AD
HsVcPPILacVa1	CCSBORF4870	1	CCSBORF0	LW	3	511A>G	350	NC_000012.12:52492677:T:C	CCSBVarC003668	ENSP00000369317.3:p.Asn171Asp	KRT6A	ENSG00000205420	empty_AD
HsVcPPILacVa1	CCSBORF4870	1	CCSBORF0	LW	3	512A>C	0	NC_000012.12:52492676:T:G	CCSBVarC003670	ENSP00000369317.3:p.Asn171Thr	KRT6A	ENSG00000205420	empty_AD
HsVcPPILacVa1	CCSBORF4870	1	CCSBORF0	LW	3	513C>A	164	NC_000012.12:52492675:G:T	CCSBVarC000718	ENSP00000369317.3:p.Asn171Lys	KRT6A	ENSG00000205420	empty_AD
HsVcPPILacVa1	CCSBORF4870	1	CCSBORF0	LW	3	533T>A	1660	NC_000012.12:52492655:A:T	CCSBVarC003672	ENSP00000369317.3:p.Ile178Asn	KRT6A	ENSG00000205420	empty_AD
HsVcPPILacVa1	CCSBORF4870	1	CCSBORF0	LW	3	62A>G	4	NC_000012.12:52493126:T:C	CCSBVarC002913	ENSP00000369317.3:p.Asn21Ser	KRT6A	ENSG00000205420	empty_AD
HsVcPPILacVa1	CCSBORF4870	1	CCSBORF0	LW	3	661C>A	1	NC_000012.12:52491615:G:T	CCSBVarC015676	ENSP00000369317.3:p.Leu221Ile	KRT6A	ENSG00000205420	empty_AD
HsVcPPILacVa1	CCSBORF4870	1	CCSBORF0	LW	3	718A>G	0	NC_000012.12:52491558:T:C	CCSBVarC015683	ENSP00000369317.3:p.Arg240Gly	KRT6A	ENSG00000205420	empty_AD
HsVcPPILacVa1	CCSBORF4870	1	CCSBORF0	LW	3	827C>T	2	NC_000012.12:52490942:G:A	CCSBVarC015687	ENSP00000369317.3:p.Ala276Val	KRT6A	ENSG00000205420	empty_AD
HsVcPPILacVa1	CCSBORF4870	1	CCSBORF0	LW	3	98T>C	5	NC_000012.12:52493090:A:G	CCSBVarC015691	ENSP00000369317.3:p.Phe33Ser	KRT6A	ENSG00000205420	empty_AD
HsVcPPILacVa1	CCSBORF1231	1	CCSBORF54642	LW	3	REF	1834	NULL	NULL	NULL	AQP1	ENSG00000240583	AMOT
HsVcPPILacVa1	CCSBORF1231	1	CCSBORF54642	LW	3	113C>T	1753	NC_000007.14:30912021:C:T	CCSBVarC000137	ENSP00000311165.4:p.Pro38Leu	AQP1	ENSG00000240583	AMOT
HsVcPPILacVa1	CCSBORF1231	1	CCSBORF54642	LW	3	140A>G	8725	NC_000007.14:30912048:A:G	CCSBVarC000138	ENSP00000311165.4:p.Gln47Arg	AQP1	ENSG00000240583	AMOT
HsVcPPILacVa1	CCSBORF1231	1	CCSBORF54642	LW	3	319G>A	36	NC_000007.14:30912227:G:A	CCSBVarC015066	ENSP00000311165.4:p.Val107Ile	AQP1	ENSG00000240583	AMOT
HsVcPPILacVa1	CCSBORF1231	1	CCSBORF54642	LW	3	320T>G	2867	NC_000007.14:30912228:T:G	CCSBVarC015069	ENSP00000311165.4:p.Val107Gly	AQP1	ENSG00000240583	AMOT
HsVcPPILacVa1	CCSBORF1231	1	CCSBORF54642	LW	3	494G>A	590	NC_000007.14:30922174:G:A	CCSBVarC015072	ENSP00000311165.4:p.Gly165Asp	AQP1	ENSG00000240583	AMOT
HsVcPPILacVa1	CCSBORF1231	1	CCSBORF54642	LW	3	576C>A	3041	NC_000007.14:30922589:C:A	CCSBVarC000139	ENSP00000311165.4:p.Asn192Lys	AQP1	ENSG00000240583	AMOT
HsVcPPILacVa1	CCSBORF1231	1	CCSBORF13662	LW	3	REF	1970	NULL	NULL	NULL	AQP1	ENSG00000240583	CYSRT1
HsVcPPILacVa1	CCSBORF1231	1	CCSBORF13662	LW	3	113C>T	1036	NC_000007.14:30912021:C:T	CCSBVarC000137	ENSP00000311165.4:p.Pro38Leu	AQP1	ENSG00000240583	CYSRT1
HsVcPPILacVa1	CCSBORF1231	1	CCSBORF13662	LW	3	140A>G	6331	NC_000007.14:30912048:A:G	CCSBVarC000138	ENSP00000311165.4:p.Gln47Arg	AQP1	ENSG00000240583	CYSRT1
HsVcPPILacVa1	CCSBORF1231	1	CCSBORF13662	LW	3	319G>A	25	NC_000007.14:30912227:G:A	CCSBVarC015066	ENSP00000311165.4:p.Val107Ile	AQP1	ENSG00000240583	CYSRT1
HsVcPPILacVa1	CCSBORF1231	1	CCSBORF13662	LW	3	320T>G	2613	NC_000007.14:30912228:T:G	CCSBVarC015069	ENSP00000311165.4:p.Val107Gly	AQP1	ENSG00000240583	CYSRT1
HsVcPPILacVa1	CCSBORF1231	1	CCSBORF13662	LW	3	494G>A	658	NC_000007.14:30922174:G:A	CCSBVarC015072	ENSP00000311165.4:p.Gly165Asp	AQP1	ENSG00000240583	CYSRT1
HsVcPPILacVa1	CCSBORF1231	1	CCSBORF13662	LW	3	576C>A	2352	NC_000007.14:30922589:C:A	CCSBVarC000139	ENSP00000311165.4:p.Asn192Lys	AQP1	ENSG00000240583	CYSRT1
HsVcPPILacVa1	CCSBORF1231	1	CCSBORF7881	LW	3	REF	1670	NULL	NULL	NULL	AQP1	ENSG00000240583	TRIM41
HsVcPPILacVa1	CCSBORF1231	1	CCSBORF7881	LW	3	113C>T	954	NC_000007.14:30912021:C:T	CCSBVarC000137	ENSP00000311165.4:p.Pro38Leu	AQP1	ENSG00000240583	TRIM41
HsVcPPILacVa1	CCSBORF1231	1	CCSBORF7881	LW	3	140A>G	7262	NC_000007.14:30912048:A:G	CCSBVarC000138	ENSP00000311165.4:p.Gln47Arg	AQP1	ENSG00000240583	TRIM41
HsVcPPILacVa1	CCSBORF1231	1	CCSBORF7881	LW	3	319G>A	18	NC_000007.14:30912227:G:A	CCSBVarC015066	ENSP00000311165.4:p.Val107Ile	AQP1	ENSG00000240583	TRIM41
HsVcPPILacVa1	CCSBORF1231	1	CCSBORF7881	LW	3	320T>G	2400	NC_000007.14:30912228:T:G	CCSBVarC015069	ENSP00000311165.4:p.Val107Gly	AQP1	ENSG00000240583	TRIM41
HsVcPPILacVa1	CCSBORF1231	1	CCSBORF7881	LW	3	494G>A	575	NC_000007.14:30922174:G:A	CCSBVarC015072	ENSP00000311165.4:p.Gly165Asp	AQP1	ENSG00000240583	TRIM41
HsVcPPILacVa1	CCSBORF1231	1	CCSBORF7881	LW	3	576C>A	2101	NC_000007.14:30922589:C:A	CCSBVarC000139	ENSP00000311165.4:p.Asn192Lys	AQP1	ENSG00000240583	TRIM41
HsVcPPILacVa1	CCSBORF1231	1	CCSBORF10016	LW	3	REF	1688	NULL	NULL	NULL	AQP1	ENSG00000240583	IKZF3
HsVcPPILacVa1	CCSBORF1231	1	CCSBORF10016	LW	3	113C>T	1214	NC_000007.14:30912021:C:T	CCSBVarC000137	ENSP00000311165.4:p.Pro38Leu	AQP1	ENSG00000240583	IKZF3
HsVcPPILacVa1	CCSBORF1231	1	CCSBORF10016	LW	3	140A>G	6593	NC_000007.14:30912048:A:G	CCSBVarC000138	ENSP00000311165.4:p.Gln47Arg	AQP1	ENSG00000240583	IKZF3
HsVcPPILacVa1	CCSBORF1231	1	CCSBORF10016	LW	3	319G>A	22	NC_000007.14:30912227:G:A	CCSBVarC015066	ENSP00000311165.4:p.Val107Ile	AQP1	ENSG00000240583	IKZF3
HsVcPPILacVa1	CCSBORF1231	1	CCSBORF10016	LW	3	320T>G	2538	NC_000007.14:30912228:T:G	CCSBVarC015069	ENSP00000311165.4:p.Val107Gly	AQP1	ENSG00000240583	IKZF3
HsVcPPILacVa1	CCSBORF1231	1	CCSBORF10016	LW	3	494G>A	488	NC_000007.14:30922174:G:A	CCSBVarC015072	ENSP00000311165.4:p.Gly165Asp	AQP1	ENSG00000240583	IKZF3
HsVcPPILacVa1	CCSBORF1231	1	CCSBORF10016	LW	3	576C>A	1715	NC_000007.14:30922589:C:A	CCSBVarC000139	ENSP00000311165.4:p.Asn192Lys	AQP1	ENSG00000240583	IKZF3
HsVcPPILacVa1	CCSBORF70357	2	CCSBORF10460	LW	3	REF	440	NULL	NULL	NULL	TSFM	ENSG00000123297	GOLGA6L9
HsVcPPILacVa1	CCSBORF70357	2	CCSBORF10460	LW	3	116G>T	2400	NC_000012.12:57783167:G:T	CCSBVarC017014	ENSP00000499171.2:p.Arg39Leu	TSFM	ENSG00000123297	GOLGA6L9
HsVcPPILacVa1	CCSBORF70357	2	CCSBORF10460	LW	3	218G>C	3	NC_000012.12:57783269:G:C	CCSBVarC017018	ENSP00000499171.2:p.Gly73Ala	TSFM	ENSG00000123297	GOLGA6L9
HsVcPPILacVa1	CCSBORF70357	2	CCSBORF10460	LW	3	233C>T	2	NC_000012.12:57786163:C:T	CCSBVarC017023	ENSP00000499171.2:p.Ala78Val	TSFM	ENSG00000123297	GOLGA6L9
HsVcPPILacVa1	CCSBORF70357	2	CCSBORF10460	LW	3	271T>G	1187	NC_000012.12:57786201:T:G	CCSBVarC017027	ENSP00000499171.2:p.Trp91Gly	TSFM	ENSG00000123297	GOLGA6L9
HsVcPPILacVa1	CCSBORF70357	2	CCSBORF10460	LW	3	388A>G	1402	NC_000012.12:57787066:A:G	CCSBVarC017031	ENSP00000499171.2:p.Arg130Gly	TSFM	ENSG00000123297	GOLGA6L9
HsVcPPILacVa1	CCSBORF70357	2	CCSBORF10460	LW	3	521C>T	2	NC_000012.12:57793022:C:T	CCSBVarC017039	ENSP00000499171.2:p.Ala174Val	TSFM	ENSG00000123297	GOLGA6L9
HsVcPPILacVa1	CCSBORF70357	2	CCSBORF10460	LW	3	59C>T	801	NC_000012.12:57783110:C:T	CCSBVarC017054	ENSP00000499171.2:p.Ala20Val	TSFM	ENSG00000123297	GOLGA6L9
HsVcPPILacVa1	CCSBORF70357	2	CCSBORF10460	LW	3	5C>T	2723	NC_000012.12:57782805:C:T	CCSBVarC017035	ENSP00000499171.2:p.Ser2Leu	TSFM	ENSG00000123297	GOLGA6L9
HsVcPPILacVa1	CCSBORF70357	2	CCSBORF10460	LW	3	62G>C	7	NC_000012.12:57783113:G:C	CCSBVarC017057	ENSP00000499171.2:p.Gly21Ala	TSFM	ENSG00000123297	GOLGA6L9
HsVcPPILacVa1	CCSBORF70357	2	CCSBORF10460	LW	3	658G>A	5	NC_000012.12:57796262:G:A	CCSBVarC017059	ENSP00000499171.2:p.Ala220Thr	TSFM	ENSG00000123297	GOLGA6L9
HsVcPPILacVa1	CCSBORF70357	2	CCSBORF10460	LW	3	719G>C	2	NC_000012.12:57796323:G:C	CCSBVarC017062	ENSP00000499171.2:p.Cys240Ser	TSFM	ENSG00000123297	GOLGA6L9
HsVcPPILacVa1	CCSBORF70357	2	CCSBORF10460	LW	3	73C>A	1473	NC_000012.12:57783124:C:A	CCSBVarC017064	ENSP00000499171.2:p.Arg25Ser	TSFM	ENSG00000123297	GOLGA6L9
HsVcPPILacVa1	CCSBORF70357	2	CCSBORF10460	LW	3	760C>T	655	NC_000012.12:57796364:C:T	CCSBVarC017066	ENSP00000499171.2:p.Arg254Cys	TSFM	ENSG00000123297	GOLGA6L9
HsVcPPILacVa1	CCSBORF70357	2	CCSBORF10460	LW	3	774G>C	399	NC_000012.12:57796378:G:C	CCSBVarC017068	ENSP00000499171.2:p.Gln258His	TSFM	ENSG00000123297	GOLGA6L9
HsVcPPILacVa1	CCSBORF70357	2	CCSBORF10460	LW	3	796C>A	1786	NC_000012.12:57796400:C:A	CCSBVarC017071	ENSP00000499171.2:p.Leu266Ile	TSFM	ENSG00000123297	GOLGA6L9
HsVcPPILacVa1	CCSBORF70357	2	CCSBORF10460	LW	3	797T>A	5	NC_000012.12:57796401:T:A	CCSBVarC017076	ENSP00000499171.2:p.Leu266His	TSFM	ENSG00000123297	GOLGA6L9
HsVcPPILacVa1	CCSBORF70357	2	CCSBORF10460	LW	3	826G>C	2195	NC_000012.12:57796430:G:C	CCSBVarC017080	ENSP00000499171.2:p.Gly276Arg	TSFM	ENSG00000123297	GOLGA6L9
HsVcPPILacVa1	CCSBORF70357	2	CCSBORF10460	LW	3	934C>T	686	NC_000012.12:57796538:C:T	CCSBVarC002653	ENSP00000499171.2:p.Arg312Trp	TSFM	ENSG00000123297	GOLGA6L9
HsVcPPILacVa1	CCSBORF70357	2	CCSBORF10460	LW	3	97A>G	23	NC_000012.12:57783148:A:G	CCSBVarC017088	ENSP00000499171.2:p.Thr33Ala	TSFM	ENSG00000123297	GOLGA6L9
HsVcPPILacVa1	CCSBORF11374	1	CCSBORF71346	LW	3	REF	486	NULL	NULL	NULL	RP2	ENSG00000102218	PM20D2
HsVcPPILacVa1	CCSBORF11374	1	CCSBORF71346	LW	3	1001C>A	1082	NC_000023.11:46879716:C:A	CCSBVarC011422	ENSP00000218340.3:p.Ser334Tyr	RP2	ENSG00000102218	PM20D2
HsVcPPILacVa1	CCSBORF11374	1	CCSBORF71346	LW	3	121A>G	1705	NC_000023.11:46853493:A:G	CCSBVarC014905	ENSP00000218340.3:p.Met41Val	RP2	ENSG00000102218	PM20D2
HsVcPPILacVa1	CCSBORF11374	1	CCSBORF71346	LW	3	19A>C	2	NC_000023.11:46837118:A:C	CCSBVarC014916	ENSP00000218340.3:p.Lys7Gln	RP2	ENSG00000102218	PM20D2
HsVcPPILacVa1	CCSBORF11374	1	CCSBORF71346	LW	3	238A>G	575	NC_000023.11:46853610:A:G	CCSBVarC011435	ENSP00000218340.3:p.Thr80Ala	RP2	ENSG00000102218	PM20D2
HsVcPPILacVa1	CCSBORF11374	1	CCSBORF71346	LW	3	257G>A	1	NC_000023.11:46853629:G:A	CCSBVarC001706	ENSP00000218340.3:p.Cys86Tyr	RP2	ENSG00000102218	PM20D2
HsVcPPILacVa1	CCSBORF11374	1	CCSBORF71346	LW	3	28A>G	491	NC_000023.11:46837127:A:G	CCSBVarC014949	ENSP00000218340.3:p.Lys10Glu	RP2	ENSG00000102218	PM20D2
HsVcPPILacVa1	CCSBORF11374	1	CCSBORF71346	LW	3	298G>A	381	NC_000023.11:46853670:G:A	CCSBVarC011440	ENSP00000218340.3:p.Val100Met	RP2	ENSG00000102218	PM20D2
HsVcPPILacVa1	CCSBORF11374	1	CCSBORF71346	LW	3	328T>C	1586	NC_000023.11:46853700:T:C	CCSBVarC014961	ENSP00000218340.3:p.Cys110Arg	RP2	ENSG00000102218	PM20D2
HsVcPPILacVa1	CCSBORF11374	1	CCSBORF71346	LW	3	338C>A	522	NC_000023.11:46853710:C:A	CCSBVarC011446	ENSP00000218340.3:p.Ala113Asp	RP2	ENSG00000102218	PM20D2
HsVcPPILacVa1	CCSBORF11374	1	CCSBORF71346	LW	3	352C>G	251	NC_000023.11:46853724:C:G	CCSBVarC011475	ENSP00000218340.3:p.Arg118Gly	RP2	ENSG00000102218	PM20D2
HsVcPPILacVa1	CCSBORF11374	1	CCSBORF71346	LW	3	481G>T	1166	NC_000023.11:46853853:G:T	CCSBVarC014975	ENSP00000218340.3:p.Asp161Tyr	RP2	ENSG00000102218	PM20D2
HsVcPPILacVa1	CCSBORF11374	1	CCSBORF71346	LW	3	524A>C	3647	NC_000023.11:46853896:A:C	CCSBVarC011467	ENSP00000218340.3:p.His175Pro	RP2	ENSG00000102218	PM20D2
HsVcPPILacVa1	CCSBORF11374	1	CCSBORF71346	LW	3	593A>G	287	NC_000023.11:46853965:A:G	CCSBVarC014984	ENSP00000218340.3:p.Tyr198Cys	RP2	ENSG00000102218	PM20D2
HsVcPPILacVa1	CCSBORF11374	1	CCSBORF71346	LW	3	654A>C	1719	NC_000023.11:46854026:A:C	CCSBVarC014992	ENSP00000218340.3:p.Arg218Ser	RP2	ENSG00000102218	PM20D2
HsVcPPILacVa1	CCSBORF11374	1	CCSBORF71346	LW	3	751A>G	2009	NC_000023.11:46854123:A:G	CCSBVarC011428	ENSP00000218340.3:p.Arg251Gly	RP2	ENSG00000102218	PM20D2
HsVcPPILacVa1	CCSBORF11374	1	CCSBORF71346	LW	3	765T>A	1171	NC_000023.11:46854137:T:A	CCSBVarC015002	ENSP00000218340.3:p.Asp255Glu	RP2	ENSG00000102218	PM20D2
HsVcPPILacVa1	CCSBORF11374	1	CCSBORF71346	LW	3	781G>T	2016	NC_000023.11:46859999:G:T	CCSBVarC015011	ENSP00000218340.3:p.Gly261Cys	RP2	ENSG00000102218	PM20D2
HsVcPPILacVa1	CCSBORF11374	1	CCSBORF71346	LW	3	844C>T	11	NC_000023.11:46860062:C:T	CCSBVarC001709	ENSP00000218340.3:p.Arg282Trp	RP2	ENSG00000102218	PM20D2
HsVcPPILacVa1	CCSBORF11374	1	CCSBORF71346	LW	3	845G>A	2854	NC_000023.11:46860063:G:A	CCSBVarC015020	ENSP00000218340.3:p.Arg282Gln	RP2	ENSG00000102218	PM20D2
HsVcPPILacVa1	CCSBORF11374	1	CCSBORF71346	LW	3	941T>C	682	NC_000023.11:46877561:T:C	CCSBVarC015032	ENSP00000218340.3:p.Ile314Thr	RP2	ENSG00000102218	PM20D2
HsVcPPILacVa1	CCSBORF7637	2	CCSBORF0	LW	3	REF	349	NULL	NULL	NULL	CFP	ENSG00000126759	empty_AD
HsVcPPILacVa1	CCSBORF7637	2	CCSBORF0	LW	3	1036C>T	0	NC_000023.11:47626423:G:A	CCSBVarC001213	ENSP00000380189.3:p.Arg346Cys	CFP	ENSG00000126759	empty_AD
HsVcPPILacVa1	CCSBORF7637	2	CCSBORF0	LW	3	104A>G	12	NC_000023.11:47629646:T:C	CCSBVarC017053	ENSP00000380189.3:p.Gln35Arg	CFP	ENSG00000126759	empty_AD
HsVcPPILacVa1	CCSBORF7637	2	CCSBORF0	LW	3	1174A>C	10	NC_000023.11:47626127:T:G	CCSBVarC017070	ENSP00000380189.3:p.Met392Leu	CFP	ENSG00000126759	empty_AD
HsVcPPILacVa1	CCSBORF7637	2	CCSBORF0	LW	3	1198A>G	567	NC_000023.11:47626103:T:C	CCSBVarC017073	ENSP00000380189.3:p.Thr400Ala	CFP	ENSG00000126759	empty_AD
HsVcPPILacVa1	CCSBORF7637	2	CCSBORF0	LW	3	1223C>T	0	NC_000023.11:47626078:G:A	CCSBVarC017077	ENSP00000380189.3:p.Thr408Ile	CFP	ENSG00000126759	empty_AD
HsVcPPILacVa1	CCSBORF7637	2	CCSBORF0	LW	3	1291T>G	33	NC_000023.11:47624393:A:C	CCSBVarC017081	ENSP00000380189.3:p.Phe431Val	CFP	ENSG00000126759	empty_AD
HsVcPPILacVa1	CCSBORF7637	2	CCSBORF0	LW	3	1309C>A	1367	NC_000023.11:47624375:G:T	CCSBVarC017085	ENSP00000380189.3:p.Pro437Thr	CFP	ENSG00000126759	empty_AD
HsVcPPILacVa1	CCSBORF7637	2	CCSBORF0	LW	3	157G>A	985	NC_000023.11:47629593:C:T	CCSBVarC010166	ENSP00000380189.3:p.Val53Met	CFP	ENSG00000126759	empty_AD
HsVcPPILacVa1	CCSBORF7637	2	CCSBORF0	LW	3	209G>A	1	NC_000023.11:47629541:C:T	CCSBVarC017089	ENSP00000380189.3:p.Gly70Glu	CFP	ENSG00000126759	empty_AD
HsVcPPILacVa1	CCSBORF7637	2	CCSBORF0	LW	3	28C>G	12	NC_000023.11:47629816:G:C	CCSBVarC017093	ENSP00000380189.3:p.Arg10Gly	CFP	ENSG00000126759	empty_AD
HsVcPPILacVa1	CCSBORF7637	2	CCSBORF0	LW	3	298C>T	766	NC_000023.11:47628206:G:A	CCSBVarC001211	ENSP00000380189.3:p.Arg100Trp	CFP	ENSG00000126759	empty_AD
HsVcPPILacVa1	CCSBORF7637	2	CCSBORF0	LW	3	313G>A	0	NC_000023.11:47628191:C:T	CCSBVarC017097	ENSP00000380189.3:p.Val105Met	CFP	ENSG00000126759	empty_AD
HsVcPPILacVa1	CCSBORF7637	2	CCSBORF0	LW	3	391C>G	2	NC_000023.11:47628113:G:C	CCSBVarC017101	ENSP00000380189.3:p.Gln131Glu	CFP	ENSG00000126759	empty_AD
HsVcPPILacVa1	CCSBORF7637	2	CCSBORF0	LW	3	44C>T	187	NC_000023.11:47629800:G:A	CCSBVarC017105	ENSP00000380189.3:p.Pro15Leu	CFP	ENSG00000126759	empty_AD
HsVcPPILacVa1	CCSBORF7637	2	CCSBORF0	LW	3	470G>A	15	NC_000023.11:47627574:C:T	CCSBVarC017120	ENSP00000380189.3:p.Arg157Gln	CFP	ENSG00000126759	empty_AD
HsVcPPILacVa1	CCSBORF7637	2	CCSBORF0	LW	3	580G>A	0	NC_000023.11:47627326:C:T	CCSBVarC017124	ENSP00000380189.3:p.Gly194Arg	CFP	ENSG00000126759	empty_AD
HsVcPPILacVa1	CCSBORF7637	2	CCSBORF0	LW	3	611C>T	1027	NC_000023.11:47627295:G:A	CCSBVarC010163	ENSP00000380189.3:p.Pro204Leu	CFP	ENSG00000126759	empty_AD
HsVcPPILacVa1	CCSBORF7637	2	CCSBORF0	LW	3	665G>A	357	NC_000023.11:47627241:C:T	CCSBVarC017128	ENSP00000380189.3:p.Arg222His	CFP	ENSG00000126759	empty_AD
HsVcPPILacVa1	CCSBORF7637	2	CCSBORF0	LW	3	716C>T	42	NC_000023.11:47627190:G:A	CCSBVarC017132	ENSP00000380189.3:p.Pro239Leu	CFP	ENSG00000126759	empty_AD
HsVcPPILacVa1	CCSBORF7637	2	CCSBORF0	LW	3	748G>A	1124	NC_000023.11:47627158:C:T	CCSBVarC008473	ENSP00000380189.3:p.Gly250Ser	CFP	ENSG00000126759	empty_AD
HsVcPPILacVa1	CCSBORF7637	2	CCSBORF0	LW	3	769G>A	89	NC_000023.11:47626943:C:T	CCSBVarC017135	ENSP00000380189.3:p.Ala257Thr	CFP	ENSG00000126759	empty_AD
HsVcPPILacVa1	CCSBORF7637	2	CCSBORF0	LW	3	88G>A	499	NC_000023.11:47629662:C:T	CCSBVarC017139	ENSP00000380189.3:p.Val30Met	CFP	ENSG00000126759	empty_AD
HsVcPPILacVa1	CCSBORF7637	2	CCSBORF0	LW	3	893G>T	1	NC_000023.11:47626819:C:A	CCSBVarC010172	ENSP00000380189.3:p.Gly298Val	CFP	ENSG00000126759	empty_AD
HsVcPPILacVa1	CCSBORF3697	2	CCSBORF2910	LW	3	REF	398	NULL	NULL	NULL	NF2	ENSG00000186575	AMOTL2
HsVcPPILacVa1	CCSBORF3697	2	CCSBORF2910	LW	3	1031A>C	211	NC_000022.11:29673425:A:C	CCSBVarC016528	ENSP00000340626.4:p.Glu344Ala	NF2	ENSG00000186575	AMOTL2
HsVcPPILacVa1	CCSBORF3697	2	CCSBORF2910	LW	3	1138G>A	407	NC_000022.11:29674881:G:A	CCSBVarC016536	ENSP00000340626.4:p.Glu380Lys	NF2	ENSG00000186575	AMOTL2
HsVcPPILacVa1	CCSBORF3697	2	CCSBORF2910	LW	3	1229C>T	2	NC_000022.11:29678226:C:T	CCSBVarC016543	ENSP00000340626.4:p.Pro410Leu	NF2	ENSG00000186575	AMOTL2
HsVcPPILacVa1	CCSBORF3697	2	CCSBORF2910	LW	3	1256G>A	2	NC_000022.11:29678253:G:A	CCSBVarC016547	ENSP00000340626.4:p.Gly419Asp	NF2	ENSG00000186575	AMOTL2
HsVcPPILacVa1	CCSBORF3697	2	CCSBORF2910	LW	3	1301T>C	1478	NC_000022.11:29678298:T:C	CCSBVarC016554	ENSP00000340626.4:p.Leu434Pro	NF2	ENSG00000186575	AMOTL2
HsVcPPILacVa1	CCSBORF3697	2	CCSBORF2910	LW	3	1355T>C	109	NC_000022.11:29681467:T:C	CCSBVarC000527	ENSP00000340626.4:p.Leu452Pro	NF2	ENSG00000186575	AMOTL2
HsVcPPILacVa1	CCSBORF3697	2	CCSBORF2910	LW	3	1375C>T	846	NC_000022.11:29681487:C:T	CCSBVarC016563	ENSP00000340626.4:p.Leu459Phe	NF2	ENSG00000186575	AMOTL2
HsVcPPILacVa1	CCSBORF3697	2	CCSBORF2910	LW	3	1411A>G	168	NC_000022.11:29681523:A:G	CCSBVarC016581	ENSP00000340626.4:p.Arg471Gly	NF2	ENSG00000186575	AMOTL2
HsVcPPILacVa1	CCSBORF3697	2	CCSBORF2910	LW	3	1465A>G	1920	NC_000022.11:29681577:A:G	CCSBVarC016590	ENSP00000340626.4:p.Ser489Gly	NF2	ENSG00000186575	AMOTL2
HsVcPPILacVa1	CCSBORF3697	2	CCSBORF2910	LW	3	191A>C	1	NC_000022.11:29642277:A:C	CCSBVarC016613	ENSP00000340626.4:p.Gln64Pro	NF2	ENSG00000186575	AMOTL2
HsVcPPILacVa1	CCSBORF3697	2	CCSBORF2910	LW	3	275A>G	4	NC_000022.11:29655600:A:G	CCSBVarC016619	ENSP00000340626.4:p.Asn92Ser	NF2	ENSG00000186575	AMOTL2
HsVcPPILacVa1	CCSBORF3697	2	CCSBORF2910	LW	3	333G>C	2448	NC_000022.11:29655658:G:C	CCSBVarC016628	ENSP00000340626.4:p.Glu111Asp	NF2	ENSG00000186575	AMOTL2
HsVcPPILacVa1	CCSBORF3697	2	CCSBORF2910	LW	3	406G>A	3	NC_000022.11:29658243:G:A	CCSBVarC016634	ENSP00000340626.4:p.Val136Met	NF2	ENSG00000186575	AMOTL2
HsVcPPILacVa1	CCSBORF3697	2	CCSBORF2910	LW	3	409A>T	1	NC_000022.11:29658246:A:T	CCSBVarC000525	ENSP00000340626.4:p.Asn137Tyr	NF2	ENSG00000186575	AMOTL2
HsVcPPILacVa1	CCSBORF3697	2	CCSBORF2910	LW	3	556A>G	3	NC_000022.11:29661333:A:G	CCSBVarC016639	ENSP00000340626.4:p.Lys186Glu	NF2	ENSG00000186575	AMOTL2
HsVcPPILacVa1	CCSBORF3697	2	CCSBORF2910	LW	3	566C>T	1514	NC_000022.11:29664993:C:T	CCSBVarC016643	ENSP00000340626.4:p.Thr189Ile	NF2	ENSG00000186575	AMOTL2
HsVcPPILacVa1	CCSBORF3697	2	CCSBORF2910	LW	3	830T>C	166	NC_000022.11:29671904:T:C	CCSBVarC015525	ENSP00000340626.4:p.Leu277Pro	NF2	ENSG00000186575	AMOTL2
HsVcPPILacVa1	CCSBORF3697	2	CCSBORF2910	LW	3	944T>C	1593	NC_000022.11:29673338:T:C	CCSBVarC015533	ENSP00000340626.4:p.Leu315Pro	NF2	ENSG00000186575	AMOTL2
HsVcPPILacVa1	CCSBORF4870	2	CCSBORF56141	LW	3	REF	366	NULL	NULL	NULL	KRT6A	ENSG00000205420	KRT31
HsVcPPILacVa1	CCSBORF4870	2	CCSBORF56141	LW	3	1198A>C	614	NC_000012.12:52489947:T:G	CCSBVarC015603	ENSP00000369317.3:p.Lys400Gln	KRT6A	ENSG00000205420	KRT31
HsVcPPILacVa1	CCSBORF4870	2	CCSBORF56141	LW	3	1282G>A	137	NC_000012.12:52488469:C:T	CCSBVarC015611	ENSP00000369317.3:p.Glu428Lys	KRT6A	ENSG00000205420	KRT31
HsVcPPILacVa1	CCSBORF4870	2	CCSBORF56141	LW	3	1378G>A	759	NC_000012.12:52488373:C:T	CCSBVarC015615	ENSP00000369317.3:p.Val460Met	KRT6A	ENSG00000205420	KRT31
HsVcPPILacVa1	CCSBORF4870	2	CCSBORF56141	LW	3	1381G>A	1935	NC_000012.12:52488370:C:T	CCSBVarC003673	ENSP00000369317.3:p.Glu461Lys	KRT6A	ENSG00000205420	KRT31
HsVcPPILacVa1	CCSBORF4870	2	CCSBORF56141	LW	3	1387G>C	485	NC_000012.12:52488364:C:G	CCSBVarC000721	ENSP00000369317.3:p.Ala463Pro	KRT6A	ENSG00000205420	KRT31
HsVcPPILacVa1	CCSBORF4870	2	CCSBORF56141	LW	3	1393T>C	5	NC_000012.12:52488358:A:G	CCSBVarC003675	ENSP00000369317.3:p.Tyr465His	KRT6A	ENSG00000205420	KRT31
HsVcPPILacVa1	CCSBORF4870	2	CCSBORF56141	LW	3	1403T>A	91	NC_000012.12:52488348:A:T	CCSBVarC003677	ENSP00000369317.3:p.Leu468Gln	KRT6A	ENSG00000205420	KRT31
HsVcPPILacVa1	CCSBORF4870	2	CCSBORF56141	LW	3	1416G>C	1003	NC_000012.12:52488335:C:G	CCSBVarC003679	ENSP00000369317.3:p.Glu472Asp	KRT6A	ENSG00000205420	KRT31
HsVcPPILacVa1	CCSBORF4870	2	CCSBORF56141	LW	3	1456A>G	2	NC_000012.12:52488071:T:C	CCSBVarC015620	ENSP00000369317.3:p.Ile486Val	KRT6A	ENSG00000205420	KRT31
HsVcPPILacVa1	CCSBORF4870	2	CCSBORF56141	LW	3	1567G>A	158	NC_000012.12:52487847:C:T	CCSBVarC009576	ENSP00000369317.3:p.Val523Ile	KRT6A	ENSG00000205420	KRT31
HsVcPPILacVa1	CCSBORF4870	2	CCSBORF56141	LW	3	1567G>T	152	NC_000012.12:52487847:C:A	CCSBVarC002920	ENSP00000369317.3:p.Val523Phe	KRT6A	ENSG00000205420	KRT31
HsVcPPILacVa1	CCSBORF4870	2	CCSBORF56141	LW	3	1604T>C	283	NC_000012.12:52487810:A:G	CCSBVarC015632	ENSP00000369317.3:p.Ile535Thr	KRT6A	ENSG00000205420	KRT31
HsVcPPILacVa1	CCSBORF4870	2	CCSBORF56141	LW	3	1650G>T	506	NC_000012.12:52487764:C:A	CCSBVarC015638	ENSP00000369317.3:p.Lys550Asn	KRT6A	ENSG00000205420	KRT31
HsVcPPILacVa1	CCSBORF4870	2	CCSBORF56141	LW	3	332G>A	1	NC_000012.12:52492856:C:T	CCSBVarC015647	ENSP00000369317.3:p.Gly111Asp	KRT6A	ENSG00000205420	KRT31
HsVcPPILacVa1	CCSBORF4870	2	CCSBORF56141	LW	3	361G>A	229	NC_000012.12:52492827:C:T	CCSBVarC015651	ENSP00000369317.3:p.Gly121Ser	KRT6A	ENSG00000205420	KRT31
HsVcPPILacVa1	CCSBORF4870	2	CCSBORF56141	LW	3	46C>T	10	NC_000012.12:52493142:G:A	CCSBVarC015667	ENSP00000369317.3:p.Arg16Trp	KRT6A	ENSG00000205420	KRT31
HsVcPPILacVa1	CCSBORF4870	2	CCSBORF56141	LW	3	491G>C	526	NC_000012.12:52492697:C:G	CCSBVarC003663	ENSP00000369317.3:p.Arg164Pro	KRT6A	ENSG00000205420	KRT31
HsVcPPILacVa1	CCSBORF4870	2	CCSBORF56141	LW	3	500T>G	1	NC_000012.12:52492688:A:C	CCSBVarC003665	ENSP00000369317.3:p.Ile167Ser	KRT6A	ENSG00000205420	KRT31
HsVcPPILacVa1	CCSBORF4870	2	CCSBORF56141	LW	3	511A>T	355	NC_000012.12:52492677:T:A	CCSBVarC003667	ENSP00000369317.3:p.Asn171Tyr	KRT6A	ENSG00000205420	KRT31
HsVcPPILacVa1	CCSBORF4870	2	CCSBORF56141	LW	3	512A>G	257	NC_000012.12:52492676:T:C	CCSBVarC003669	ENSP00000369317.3:p.Asn171Ser	KRT6A	ENSG00000205420	KRT31
HsVcPPILacVa1	CCSBORF4870	2	CCSBORF56141	LW	3	520T>G	3	NC_000012.12:52492668:A:C	CCSBVarC000719	ENSP00000369317.3:p.Phe174Val	KRT6A	ENSG00000205420	KRT31
HsVcPPILacVa1	CCSBORF4870	2	CCSBORF56141	LW	3	526T>C	221	NC_000012.12:52492662:A:G	CCSBVarC003671	ENSP00000369317.3:p.Ser176Pro	KRT6A	ENSG00000205420	KRT31
HsVcPPILacVa1	CCSBORF4870	2	CCSBORF56141	LW	3	628C>A	1201	NC_000012.12:52491648:G:T	CCSBVarC009567	ENSP00000369317.3:p.Leu210Met	KRT6A	ENSG00000205420	KRT31
HsVcPPILacVa1	CCSBORF4870	2	CCSBORF56141	LW	3	632A>G	0	NC_000012.12:52491644:T:C	CCSBVarC015673	ENSP00000369317.3:p.Glu211Gly	KRT6A	ENSG00000205420	KRT31
HsVcPPILacVa1	CCSBORF4870	2	CCSBORF56141	LW	3	680G>A	3	NC_000012.12:52491596:C:T	CCSBVarC015679	ENSP00000369317.3:p.Ser227Asn	KRT6A	ENSG00000205420	KRT31
HsVcPPILacVa1	CCSBORF4870	2	CCSBORF56141	LW	3	745T>C	1051	NC_000012.12:52491531:A:G	CCSBVarC002915	ENSP00000369317.3:p.Phe249Leu	KRT6A	ENSG00000205420	KRT31
HsVcPPILacVa1	CCSBORF4870	2	CCSBORF56141	LW	3	806C>T	5	NC_000012.12:52491121:G:A	CCSBVarC015685	ENSP00000369317.3:p.Thr269Ile	KRT6A	ENSG00000205420	KRT31
HsVcPPILacVa1	CCSBORF4870	2	CCSBORF56141	LW	3	968A>T	0	NC_000012.12:52490677:T:A	CCSBVarC015689	ENSP00000369317.3:p.Asp323Val	KRT6A	ENSG00000205420	KRT31
HsVcPPILacVa1	CCSBORF4870	2	CCSBORF56141	LW	3	981C>G	1	NC_000012.12:52490664:G:C	CCSBVarC015694	ENSP00000369317.3:p.Asn327Lys	KRT6A	ENSG00000205420	KRT31
HsVcPPILacVa1	CCSBORF4870	1	CCSBORF56827	LW	3	REF	100	NULL	NULL	NULL	KRT6A	ENSG00000205420	KRT38
HsVcPPILacVa1	CCSBORF4870	1	CCSBORF56827	LW	3	1003G>A	2	NC_000012.12:52490642:C:T	CCSBVarC009565	ENSP00000369317.3:p.Ala335Thr	KRT6A	ENSG00000205420	KRT38
HsVcPPILacVa1	CCSBORF4870	1	CCSBORF56827	LW	3	1157G>T	0	NC_000012.12:52489988:C:A	CCSBVarC015599	ENSP00000369317.3:p.Arg386Leu	KRT6A	ENSG00000205420	KRT38
HsVcPPILacVa1	CCSBORF4870	1	CCSBORF56827	LW	3	1211A>G	1	NC_000012.12:52488540:T:C	CCSBVarC015607	ENSP00000369317.3:p.Asn404Ser	KRT6A	ENSG00000205420	KRT38
HsVcPPILacVa1	CCSBORF4870	1	CCSBORF56827	LW	3	1327C>T	5	NC_000012.12:52488424:G:A	CCSBVarC009573	ENSP00000369317.3:p.Arg443Trp	KRT6A	ENSG00000205420	KRT38
HsVcPPILacVa1	CCSBORF4870	1	CCSBORF56827	LW	3	1340A>G	1	NC_000012.12:52488411:T:C	CCSBVarC015613	ENSP00000369317.3:p.Glu447Gly	KRT6A	ENSG00000205420	KRT38
HsVcPPILacVa1	CCSBORF4870	1	CCSBORF56827	LW	3	1385T>A	1	NC_000012.12:52488366:A:T	CCSBVarC003674	ENSP00000369317.3:p.Ile462Asn	KRT6A	ENSG00000205420	KRT38
HsVcPPILacVa1	CCSBORF4870	1	CCSBORF56827	LW	3	1385T>G	0	NC_000012.12:52488366:A:C	CCSBVarC000720	ENSP00000369317.3:p.Ile462Ser	KRT6A	ENSG00000205420	KRT38
HsVcPPILacVa1	CCSBORF4870	1	CCSBORF56827	LW	3	1403T>C	1093	NC_000012.12:52488348:A:G	CCSBVarC003676	ENSP00000369317.3:p.Leu468Pro	KRT6A	ENSG00000205420	KRT38
HsVcPPILacVa1	CCSBORF4870	1	CCSBORF56827	LW	3	1414G>A	419	NC_000012.12:52488337:C:T	CCSBVarC003678	ENSP00000369317.3:p.Glu472Lys	KRT6A	ENSG00000205420	KRT38
HsVcPPILacVa1	CCSBORF4870	1	CCSBORF56827	LW	3	1441G>A	0	NC_000012.12:52488086:C:T	CCSBVarC015618	ENSP00000369317.3:p.Val481Ile	KRT6A	ENSG00000205420	KRT38
HsVcPPILacVa1	CCSBORF4870	1	CCSBORF56827	LW	3	1534G>A	1	NC_000012.12:52487880:C:T	CCSBVarC015629	ENSP00000369317.3:p.Gly512Arg	KRT6A	ENSG00000205420	KRT38
HsVcPPILacVa1	CCSBORF4870	1	CCSBORF56827	LW	3	1606G>A	0	NC_000012.12:52487808:C:T	CCSBVarC015635	ENSP00000369317.3:p.Gly536Arg	KRT6A	ENSG00000205420	KRT38
HsVcPPILacVa1	CCSBORF4870	1	CCSBORF56827	LW	3	1655C>G	0	NC_000012.12:52487759:G:C	CCSBVarC002916	ENSP00000369317.3:p.Thr552Ser	KRT6A	ENSG00000205420	KRT38
HsVcPPILacVa1	CCSBORF4870	1	CCSBORF56827	LW	3	215T>C	0	NC_000012.12:52492973:A:G	CCSBVarC015643	ENSP00000369317.3:p.Ile72Thr	KRT6A	ENSG00000205420	KRT38
HsVcPPILacVa1	CCSBORF4870	1	CCSBORF56827	LW	3	359G>T	0	NC_000012.12:52492829:C:A	CCSBVarC015649	ENSP00000369317.3:p.Gly120Val	KRT6A	ENSG00000205420	KRT38
HsVcPPILacVa1	CCSBORF4870	1	CCSBORF56827	LW	3	365T>C	0	NC_000012.12:52492823:A:G	CCSBVarC015653	ENSP00000369317.3:p.Phe122Ser	KRT6A	ENSG00000205420	KRT38
HsVcPPILacVa1	CCSBORF4870	1	CCSBORF56827	LW	3	460C>G	2	NC_000012.12:52492728:G:C	CCSBVarC015670	ENSP00000369317.3:p.Pro154Ala	KRT6A	ENSG00000205420	KRT38
HsVcPPILacVa1	CCSBORF4870	1	CCSBORF56827	LW	3	487G>A	24	NC_000012.12:52492701:C:T	CCSBVarC003662	ENSP00000369317.3:p.Glu163Lys	KRT6A	ENSG00000205420	KRT38
HsVcPPILacVa1	CCSBORF4870	1	CCSBORF56827	LW	3	497A>C	145	NC_000012.12:52492691:T:G	CCSBVarC003664	ENSP00000369317.3:p.Gln166Pro	KRT6A	ENSG00000205420	KRT38
HsVcPPILacVa1	CCSBORF4870	1	CCSBORF56827	LW	3	508C>T	732	NC_000012.12:52492680:G:A	CCSBVarC003666	ENSP00000369317.3:p.Leu170Phe	KRT6A	ENSG00000205420	KRT38
HsVcPPILacVa1	CCSBORF4870	1	CCSBORF56827	LW	3	511A>G	260	NC_000012.12:52492677:T:C	CCSBVarC003668	ENSP00000369317.3:p.Asn171Asp	KRT6A	ENSG00000205420	KRT38
HsVcPPILacVa1	CCSBORF4870	1	CCSBORF56827	LW	3	512A>C	0	NC_000012.12:52492676:T:G	CCSBVarC003670	ENSP00000369317.3:p.Asn171Thr	KRT6A	ENSG00000205420	KRT38
HsVcPPILacVa1	CCSBORF4870	1	CCSBORF56827	LW	3	513C>A	207	NC_000012.12:52492675:G:T	CCSBVarC000718	ENSP00000369317.3:p.Asn171Lys	KRT6A	ENSG00000205420	KRT38
HsVcPPILacVa1	CCSBORF4870	1	CCSBORF56827	LW	3	533T>A	1425	NC_000012.12:52492655:A:T	CCSBVarC003672	ENSP00000369317.3:p.Ile178Asn	KRT6A	ENSG00000205420	KRT38
HsVcPPILacVa1	CCSBORF4870	1	CCSBORF56827	LW	3	62A>G	4	NC_000012.12:52493126:T:C	CCSBVarC002913	ENSP00000369317.3:p.Asn21Ser	KRT6A	ENSG00000205420	KRT38
HsVcPPILacVa1	CCSBORF4870	1	CCSBORF56827	LW	3	661C>A	0	NC_000012.12:52491615:G:T	CCSBVarC015676	ENSP00000369317.3:p.Leu221Ile	KRT6A	ENSG00000205420	KRT38
HsVcPPILacVa1	CCSBORF4870	1	CCSBORF56827	LW	3	718A>G	0	NC_000012.12:52491558:T:C	CCSBVarC015683	ENSP00000369317.3:p.Arg240Gly	KRT6A	ENSG00000205420	KRT38
HsVcPPILacVa1	CCSBORF4870	1	CCSBORF56827	LW	3	827C>T	1	NC_000012.12:52490942:G:A	CCSBVarC015687	ENSP00000369317.3:p.Ala276Val	KRT6A	ENSG00000205420	KRT38
HsVcPPILacVa1	CCSBORF4870	1	CCSBORF56827	LW	3	98T>C	1	NC_000012.12:52493090:A:G	CCSBVarC015691	ENSP00000369317.3:p.Phe33Ser	KRT6A	ENSG00000205420	KRT38
HsVcPPILacVa1	CCSBORF3581	2	CCSBORF820	LW	3	REF	671	NULL	NULL	NULL	MCOLN1	ENSG00000090674	APPBP2
HsVcPPILacVa1	CCSBORF3581	2	CCSBORF820	LW	3	1100C>T	77	NC_000019.10:7528935:C:T	CCSBVarC016202	ENSP00000264079.5:p.Ser367Leu	MCOLN1	ENSG00000090674	APPBP2
HsVcPPILacVa1	CCSBORF3581	2	CCSBORF820	LW	3	1375A>T	69	NC_000019.10:7530300:A:T	CCSBVarC016235	ENSP00000264079.5:p.Met459Leu	MCOLN1	ENSG00000090674	APPBP2
HsVcPPILacVa1	CCSBORF3581	2	CCSBORF820	LW	3	1395C>G	1489	NC_000019.10:7530320:C:G	CCSBVarC000497	ENSP00000264079.5:p.Phe465Leu	MCOLN1	ENSG00000090674	APPBP2
HsVcPPILacVa1	CCSBORF3581	2	CCSBORF820	LW	3	1700G>A	531	NC_000019.10:7533646:G:A	CCSBVarC016242	ENSP00000264079.5:p.Cys567Tyr	MCOLN1	ENSG00000090674	APPBP2
HsVcPPILacVa1	CCSBORF3581	2	CCSBORF820	LW	3	281G>A	532	NC_000019.10:7526481:G:A	CCSBVarC016250	ENSP00000264079.5:p.Arg94Gln	MCOLN1	ENSG00000090674	APPBP2
HsVcPPILacVa1	CCSBORF3581	2	CCSBORF820	LW	3	365G>A	802	NC_000019.10:7526565:G:A	CCSBVarC016259	ENSP00000264079.5:p.Arg122Gln	MCOLN1	ENSG00000090674	APPBP2
HsVcPPILacVa1	CCSBORF3581	2	CCSBORF820	LW	3	413C>T	2	NC_000019.10:7526767:C:T	CCSBVarC016266	ENSP00000264079.5:p.Ala138Val	MCOLN1	ENSG00000090674	APPBP2
HsVcPPILacVa1	CCSBORF3581	2	CCSBORF820	LW	3	460G>T	219	NC_000019.10:7526814:G:T	CCSBVarC016275	ENSP00000264079.5:p.Gly154Cys	MCOLN1	ENSG00000090674	APPBP2
HsVcPPILacVa1	CCSBORF3581	2	CCSBORF820	LW	3	538G>A	508	NC_000019.10:7526892:G:A	CCSBVarC016281	ENSP00000264079.5:p.Asp180Asn	MCOLN1	ENSG00000090674	APPBP2
HsVcPPILacVa1	CCSBORF3581	2	CCSBORF820	LW	3	665C>T	117	NC_000019.10:7527612:C:T	CCSBVarC016310	ENSP00000264079.5:p.Thr222Met	MCOLN1	ENSG00000090674	APPBP2
HsVcPPILacVa1	CCSBORF3581	2	CCSBORF820	LW	3	694A>C	1	NC_000019.10:7527876:A:C	CCSBVarC000495	ENSP00000264079.5:p.Thr232Pro	MCOLN1	ENSG00000090674	APPBP2
HsVcPPILacVa1	CCSBORF3581	2	CCSBORF820	LW	3	707G>A	447	NC_000019.10:7527889:G:A	CCSBVarC009378	ENSP00000264079.5:p.Arg236Gln	MCOLN1	ENSG00000090674	APPBP2
HsVcPPILacVa1	CCSBORF3581	2	CCSBORF820	LW	3	771C>A	135	NC_000019.10:7527953:C:A	CCSBVarC009367	ENSP00000264079.5:p.Ser257Arg	MCOLN1	ENSG00000090674	APPBP2
HsVcPPILacVa1	CCSBORF3581	2	CCSBORF820	LW	3	77C>T	76	NC_000019.10:7525005:C:T	CCSBVarC016319	ENSP00000264079.5:p.Ala26Val	MCOLN1	ENSG00000090674	APPBP2
HsVcPPILacVa1	CCSBORF3581	2	CCSBORF820	LW	3	785T>C	6	NC_000019.10:7528164:T:C	CCSBVarC016359	ENSP00000264079.5:p.Phe262Ser	MCOLN1	ENSG00000090674	APPBP2
HsVcPPILacVa1	CCSBORF3581	2	CCSBORF820	LW	3	856C>A	1	NC_000019.10:7528235:C:A	CCSBVarC016364	ENSP00000264079.5:p.His286Asn	MCOLN1	ENSG00000090674	APPBP2
HsVcPPILacVa1	CCSBORF1231	1	CCSBORF100080871	LW	3	REF	1153	NULL	NULL	NULL	AQP1	ENSG00000240583	PRDM6
HsVcPPILacVa1	CCSBORF1231	1	CCSBORF100080871	LW	3	113C>T	1178	NC_000007.14:30912021:C:T	CCSBVarC000137	ENSP00000311165.4:p.Pro38Leu	AQP1	ENSG00000240583	PRDM6
HsVcPPILacVa1	CCSBORF1231	1	CCSBORF100080871	LW	3	140A>G	6669	NC_000007.14:30912048:A:G	CCSBVarC000138	ENSP00000311165.4:p.Gln47Arg	AQP1	ENSG00000240583	PRDM6
HsVcPPILacVa1	CCSBORF1231	1	CCSBORF100080871	LW	3	319G>A	11	NC_000007.14:30912227:G:A	CCSBVarC015066	ENSP00000311165.4:p.Val107Ile	AQP1	ENSG00000240583	PRDM6
HsVcPPILacVa1	CCSBORF1231	1	CCSBORF100080871	LW	3	320T>G	1718	NC_000007.14:30912228:T:G	CCSBVarC015069	ENSP00000311165.4:p.Val107Gly	AQP1	ENSG00000240583	PRDM6
HsVcPPILacVa1	CCSBORF1231	1	CCSBORF100080871	LW	3	494G>A	344	NC_000007.14:30922174:G:A	CCSBVarC015072	ENSP00000311165.4:p.Gly165Asp	AQP1	ENSG00000240583	PRDM6
HsVcPPILacVa1	CCSBORF1231	1	CCSBORF100080871	LW	3	576C>A	1576	NC_000007.14:30922589:C:A	CCSBVarC000139	ENSP00000311165.4:p.Asn192Lys	AQP1	ENSG00000240583	PRDM6
HsVcPPILacVa1	CCSBORF1231	1	CCSBORF55039	LW	3	REF	2085	NULL	NULL	NULL	AQP1	ENSG00000240583	TRIM7
HsVcPPILacVa1	CCSBORF1231	1	CCSBORF55039	LW	3	113C>T	1344	NC_000007.14:30912021:C:T	CCSBVarC000137	ENSP00000311165.4:p.Pro38Leu	AQP1	ENSG00000240583	TRIM7
HsVcPPILacVa1	CCSBORF1231	1	CCSBORF55039	LW	3	140A>G	7209	NC_000007.14:30912048:A:G	CCSBVarC000138	ENSP00000311165.4:p.Gln47Arg	AQP1	ENSG00000240583	TRIM7
HsVcPPILacVa1	CCSBORF1231	1	CCSBORF55039	LW	3	319G>A	29	NC_000007.14:30912227:G:A	CCSBVarC015066	ENSP00000311165.4:p.Val107Ile	AQP1	ENSG00000240583	TRIM7
HsVcPPILacVa1	CCSBORF1231	1	CCSBORF55039	LW	3	320T>G	2528	NC_000007.14:30912228:T:G	CCSBVarC015069	ENSP00000311165.4:p.Val107Gly	AQP1	ENSG00000240583	TRIM7
HsVcPPILacVa1	CCSBORF1231	1	CCSBORF55039	LW	3	494G>A	531	NC_000007.14:30922174:G:A	CCSBVarC015072	ENSP00000311165.4:p.Gly165Asp	AQP1	ENSG00000240583	TRIM7
HsVcPPILacVa1	CCSBORF1231	1	CCSBORF55039	LW	3	576C>A	2364	NC_000007.14:30922589:C:A	CCSBVarC000139	ENSP00000311165.4:p.Asn192Lys	AQP1	ENSG00000240583	TRIM7
HsVcPPILacVa1	CCSBORF1231	1	CCSBORF1227	LW	3	REF	1743	NULL	NULL	NULL	AQP1	ENSG00000240583	TRIM23
HsVcPPILacVa1	CCSBORF1231	1	CCSBORF1227	LW	3	113C>T	1183	NC_000007.14:30912021:C:T	CCSBVarC000137	ENSP00000311165.4:p.Pro38Leu	AQP1	ENSG00000240583	TRIM23
HsVcPPILacVa1	CCSBORF1231	1	CCSBORF1227	LW	3	140A>G	7460	NC_000007.14:30912048:A:G	CCSBVarC000138	ENSP00000311165.4:p.Gln47Arg	AQP1	ENSG00000240583	TRIM23
HsVcPPILacVa1	CCSBORF1231	1	CCSBORF1227	LW	3	319G>A	61	NC_000007.14:30912227:G:A	CCSBVarC015066	ENSP00000311165.4:p.Val107Ile	AQP1	ENSG00000240583	TRIM23
HsVcPPILacVa1	CCSBORF1231	1	CCSBORF1227	LW	3	320T>G	2420	NC_000007.14:30912228:T:G	CCSBVarC015069	ENSP00000311165.4:p.Val107Gly	AQP1	ENSG00000240583	TRIM23
HsVcPPILacVa1	CCSBORF1231	1	CCSBORF1227	LW	3	494G>A	497	NC_000007.14:30922174:G:A	CCSBVarC015072	ENSP00000311165.4:p.Gly165Asp	AQP1	ENSG00000240583	TRIM23
HsVcPPILacVa1	CCSBORF1231	1	CCSBORF1227	LW	3	576C>A	2198	NC_000007.14:30922589:C:A	CCSBVarC000139	ENSP00000311165.4:p.Asn192Lys	AQP1	ENSG00000240583	TRIM23
HsVcPPILacVa1	CCSBORF1231	1	CCSBORF3434	LW	3	REF	2151	NULL	NULL	NULL	AQP1	ENSG00000240583	LDOC1
HsVcPPILacVa1	CCSBORF1231	1	CCSBORF3434	LW	3	113C>T	1442	NC_000007.14:30912021:C:T	CCSBVarC000137	ENSP00000311165.4:p.Pro38Leu	AQP1	ENSG00000240583	LDOC1
HsVcPPILacVa1	CCSBORF1231	1	CCSBORF3434	LW	3	140A>G	8828	NC_000007.14:30912048:A:G	CCSBVarC000138	ENSP00000311165.4:p.Gln47Arg	AQP1	ENSG00000240583	LDOC1
HsVcPPILacVa1	CCSBORF1231	1	CCSBORF3434	LW	3	319G>A	26	NC_000007.14:30912227:G:A	CCSBVarC015066	ENSP00000311165.4:p.Val107Ile	AQP1	ENSG00000240583	LDOC1
HsVcPPILacVa1	CCSBORF1231	1	CCSBORF3434	LW	3	320T>G	2247	NC_000007.14:30912228:T:G	CCSBVarC015069	ENSP00000311165.4:p.Val107Gly	AQP1	ENSG00000240583	LDOC1
HsVcPPILacVa1	CCSBORF1231	1	CCSBORF3434	LW	3	494G>A	670	NC_000007.14:30922174:G:A	CCSBVarC015072	ENSP00000311165.4:p.Gly165Asp	AQP1	ENSG00000240583	LDOC1
HsVcPPILacVa1	CCSBORF1231	1	CCSBORF3434	LW	3	576C>A	2648	NC_000007.14:30922589:C:A	CCSBVarC000139	ENSP00000311165.4:p.Asn192Lys	AQP1	ENSG00000240583	LDOC1
HsVcPPILacVa1	CCSBORF70357	2	CCSBORF2384	LW	3	REF	460	NULL	NULL	NULL	TSFM	ENSG00000123297	RALBP1
HsVcPPILacVa1	CCSBORF70357	2	CCSBORF2384	LW	3	116G>T	2942	NC_000012.12:57783167:G:T	CCSBVarC017014	ENSP00000499171.2:p.Arg39Leu	TSFM	ENSG00000123297	RALBP1
HsVcPPILacVa1	CCSBORF70357	2	CCSBORF2384	LW	3	218G>C	4	NC_000012.12:57783269:G:C	CCSBVarC017018	ENSP00000499171.2:p.Gly73Ala	TSFM	ENSG00000123297	RALBP1
HsVcPPILacVa1	CCSBORF70357	2	CCSBORF2384	LW	3	233C>T	1	NC_000012.12:57786163:C:T	CCSBVarC017023	ENSP00000499171.2:p.Ala78Val	TSFM	ENSG00000123297	RALBP1
HsVcPPILacVa1	CCSBORF70357	2	CCSBORF2384	LW	3	271T>G	901	NC_000012.12:57786201:T:G	CCSBVarC017027	ENSP00000499171.2:p.Trp91Gly	TSFM	ENSG00000123297	RALBP1
HsVcPPILacVa1	CCSBORF70357	2	CCSBORF2384	LW	3	388A>G	2342	NC_000012.12:57787066:A:G	CCSBVarC017031	ENSP00000499171.2:p.Arg130Gly	TSFM	ENSG00000123297	RALBP1
HsVcPPILacVa1	CCSBORF70357	2	CCSBORF2384	LW	3	521C>T	4	NC_000012.12:57793022:C:T	CCSBVarC017039	ENSP00000499171.2:p.Ala174Val	TSFM	ENSG00000123297	RALBP1
HsVcPPILacVa1	CCSBORF70357	2	CCSBORF2384	LW	3	59C>T	542	NC_000012.12:57783110:C:T	CCSBVarC017054	ENSP00000499171.2:p.Ala20Val	TSFM	ENSG00000123297	RALBP1
HsVcPPILacVa1	CCSBORF70357	2	CCSBORF2384	LW	3	5C>T	2504	NC_000012.12:57782805:C:T	CCSBVarC017035	ENSP00000499171.2:p.Ser2Leu	TSFM	ENSG00000123297	RALBP1
HsVcPPILacVa1	CCSBORF70357	2	CCSBORF2384	LW	3	62G>C	11	NC_000012.12:57783113:G:C	CCSBVarC017057	ENSP00000499171.2:p.Gly21Ala	TSFM	ENSG00000123297	RALBP1
HsVcPPILacVa1	CCSBORF70357	2	CCSBORF2384	LW	3	658G>A	9	NC_000012.12:57796262:G:A	CCSBVarC017059	ENSP00000499171.2:p.Ala220Thr	TSFM	ENSG00000123297	RALBP1
HsVcPPILacVa1	CCSBORF70357	2	CCSBORF2384	LW	3	719G>C	2	NC_000012.12:57796323:G:C	CCSBVarC017062	ENSP00000499171.2:p.Cys240Ser	TSFM	ENSG00000123297	RALBP1
HsVcPPILacVa1	CCSBORF70357	2	CCSBORF2384	LW	3	73C>A	1772	NC_000012.12:57783124:C:A	CCSBVarC017064	ENSP00000499171.2:p.Arg25Ser	TSFM	ENSG00000123297	RALBP1
HsVcPPILacVa1	CCSBORF70357	2	CCSBORF2384	LW	3	760C>T	1127	NC_000012.12:57796364:C:T	CCSBVarC017066	ENSP00000499171.2:p.Arg254Cys	TSFM	ENSG00000123297	RALBP1
HsVcPPILacVa1	CCSBORF70357	2	CCSBORF2384	LW	3	774G>C	383	NC_000012.12:57796378:G:C	CCSBVarC017068	ENSP00000499171.2:p.Gln258His	TSFM	ENSG00000123297	RALBP1
HsVcPPILacVa1	CCSBORF70357	2	CCSBORF2384	LW	3	796C>A	2520	NC_000012.12:57796400:C:A	CCSBVarC017071	ENSP00000499171.2:p.Leu266Ile	TSFM	ENSG00000123297	RALBP1
HsVcPPILacVa1	CCSBORF70357	2	CCSBORF2384	LW	3	797T>A	7	NC_000012.12:57796401:T:A	CCSBVarC017076	ENSP00000499171.2:p.Leu266His	TSFM	ENSG00000123297	RALBP1
HsVcPPILacVa1	CCSBORF70357	2	CCSBORF2384	LW	3	826G>C	2291	NC_000012.12:57796430:G:C	CCSBVarC017080	ENSP00000499171.2:p.Gly276Arg	TSFM	ENSG00000123297	RALBP1
HsVcPPILacVa1	CCSBORF70357	2	CCSBORF2384	LW	3	934C>T	716	NC_000012.12:57796538:C:T	CCSBVarC002653	ENSP00000499171.2:p.Arg312Trp	TSFM	ENSG00000123297	RALBP1
HsVcPPILacVa1	CCSBORF70357	2	CCSBORF2384	LW	3	97A>G	31	NC_000012.12:57783148:A:G	CCSBVarC017088	ENSP00000499171.2:p.Thr33Ala	TSFM	ENSG00000123297	RALBP1
HsVcPPILacVa1	CCSBORF11374	1	CCSBORF0	LW	3	REF	0	NULL	NULL	NULL	RP2	ENSG00000102218	empty_AD
HsVcPPILacVa1	CCSBORF11374	1	CCSBORF0	LW	3	1001C>A	0	NC_000023.11:46879716:C:A	CCSBVarC011422	ENSP00000218340.3:p.Ser334Tyr	RP2	ENSG00000102218	empty_AD
HsVcPPILacVa1	CCSBORF11374	1	CCSBORF0	LW	3	121A>G	0	NC_000023.11:46853493:A:G	CCSBVarC014905	ENSP00000218340.3:p.Met41Val	RP2	ENSG00000102218	empty_AD
HsVcPPILacVa1	CCSBORF11374	1	CCSBORF0	LW	3	19A>C	0	NC_000023.11:46837118:A:C	CCSBVarC014916	ENSP00000218340.3:p.Lys7Gln	RP2	ENSG00000102218	empty_AD
HsVcPPILacVa1	CCSBORF11374	1	CCSBORF0	LW	3	238A>G	1	NC_000023.11:46853610:A:G	CCSBVarC011435	ENSP00000218340.3:p.Thr80Ala	RP2	ENSG00000102218	empty_AD
HsVcPPILacVa1	CCSBORF11374	1	CCSBORF0	LW	3	257G>A	0	NC_000023.11:46853629:G:A	CCSBVarC001706	ENSP00000218340.3:p.Cys86Tyr	RP2	ENSG00000102218	empty_AD
HsVcPPILacVa1	CCSBORF11374	1	CCSBORF0	LW	3	28A>G	0	NC_000023.11:46837127:A:G	CCSBVarC014949	ENSP00000218340.3:p.Lys10Glu	RP2	ENSG00000102218	empty_AD
HsVcPPILacVa1	CCSBORF11374	1	CCSBORF0	LW	3	298G>A	1	NC_000023.11:46853670:G:A	CCSBVarC011440	ENSP00000218340.3:p.Val100Met	RP2	ENSG00000102218	empty_AD
HsVcPPILacVa1	CCSBORF11374	1	CCSBORF0	LW	3	328T>C	0	NC_000023.11:46853700:T:C	CCSBVarC014961	ENSP00000218340.3:p.Cys110Arg	RP2	ENSG00000102218	empty_AD
HsVcPPILacVa1	CCSBORF11374	1	CCSBORF0	LW	3	338C>A	0	NC_000023.11:46853710:C:A	CCSBVarC011446	ENSP00000218340.3:p.Ala113Asp	RP2	ENSG00000102218	empty_AD
HsVcPPILacVa1	CCSBORF11374	1	CCSBORF0	LW	3	352C>G	0	NC_000023.11:46853724:C:G	CCSBVarC011475	ENSP00000218340.3:p.Arg118Gly	RP2	ENSG00000102218	empty_AD
HsVcPPILacVa1	CCSBORF11374	1	CCSBORF0	LW	3	481G>T	0	NC_000023.11:46853853:G:T	CCSBVarC014975	ENSP00000218340.3:p.Asp161Tyr	RP2	ENSG00000102218	empty_AD
HsVcPPILacVa1	CCSBORF11374	1	CCSBORF0	LW	3	524A>C	0	NC_000023.11:46853896:A:C	CCSBVarC011467	ENSP00000218340.3:p.His175Pro	RP2	ENSG00000102218	empty_AD
HsVcPPILacVa1	CCSBORF11374	1	CCSBORF0	LW	3	593A>G	0	NC_000023.11:46853965:A:G	CCSBVarC014984	ENSP00000218340.3:p.Tyr198Cys	RP2	ENSG00000102218	empty_AD
HsVcPPILacVa1	CCSBORF11374	1	CCSBORF0	LW	3	654A>C	0	NC_000023.11:46854026:A:C	CCSBVarC014992	ENSP00000218340.3:p.Arg218Ser	RP2	ENSG00000102218	empty_AD
HsVcPPILacVa1	CCSBORF11374	1	CCSBORF0	LW	3	751A>G	1	NC_000023.11:46854123:A:G	CCSBVarC011428	ENSP00000218340.3:p.Arg251Gly	RP2	ENSG00000102218	empty_AD
HsVcPPILacVa1	CCSBORF11374	1	CCSBORF0	LW	3	765T>A	0	NC_000023.11:46854137:T:A	CCSBVarC015002	ENSP00000218340.3:p.Asp255Glu	RP2	ENSG00000102218	empty_AD
HsVcPPILacVa1	CCSBORF11374	1	CCSBORF0	LW	3	781G>T	1	NC_000023.11:46859999:G:T	CCSBVarC015011	ENSP00000218340.3:p.Gly261Cys	RP2	ENSG00000102218	empty_AD
HsVcPPILacVa1	CCSBORF11374	1	CCSBORF0	LW	3	844C>T	0	NC_000023.11:46860062:C:T	CCSBVarC001709	ENSP00000218340.3:p.Arg282Trp	RP2	ENSG00000102218	empty_AD
HsVcPPILacVa1	CCSBORF11374	1	CCSBORF0	LW	3	845G>A	1	NC_000023.11:46860063:G:A	CCSBVarC015020	ENSP00000218340.3:p.Arg282Gln	RP2	ENSG00000102218	empty_AD
HsVcPPILacVa1	CCSBORF11374	1	CCSBORF0	LW	3	941T>C	0	NC_000023.11:46877561:T:C	CCSBVarC015032	ENSP00000218340.3:p.Ile314Thr	RP2	ENSG00000102218	empty_AD
HsVcPPILacVa1	CCSBORF7637	1	CCSBORF100067498	LW	3	REF	446	NULL	NULL	NULL	CFP	ENSG00000126759	GEMIN4
HsVcPPILacVa1	CCSBORF7637	1	CCSBORF100067498	LW	3	1076G>A	3	NC_000023.11:47626383:C:T	CCSBVarC017055	ENSP00000380189.3:p.Arg359Gln	CFP	ENSG00000126759	GEMIN4
HsVcPPILacVa1	CCSBORF7637	1	CCSBORF100067498	LW	3	1180C>T	277	NC_000023.11:47626121:G:A	CCSBVarC017072	ENSP00000380189.3:p.Pro394Ser	CFP	ENSG00000126759	GEMIN4
HsVcPPILacVa1	CCSBORF7637	1	CCSBORF100067498	LW	3	1205C>G	897	NC_000023.11:47626096:G:C	CCSBVarC017075	ENSP00000380189.3:p.Ala402Gly	CFP	ENSG00000126759	GEMIN4
HsVcPPILacVa1	CCSBORF7637	1	CCSBORF100067498	LW	3	121G>A	298	NC_000023.11:47629629:C:T	CCSBVarC010168	ENSP00000380189.3:p.Gly41Ser	CFP	ENSG00000126759	GEMIN4
HsVcPPILacVa1	CCSBORF7637	1	CCSBORF100067498	LW	3	1237A>G	676	NC_000023.11:47626064:T:C	CCSBVarC017079	ENSP00000380189.3:p.Lys413Glu	CFP	ENSG00000126759	GEMIN4
HsVcPPILacVa1	CCSBORF7637	1	CCSBORF100067498	LW	3	1240T>G	148	NC_000023.11:47626061:A:C	CCSBVarC004314	ENSP00000380189.3:p.Tyr414Asp	CFP	ENSG00000126759	GEMIN4
HsVcPPILacVa1	CCSBORF7637	1	CCSBORF100067498	LW	3	1301G>C	313	NC_000023.11:47624383:C:G	CCSBVarC017083	ENSP00000380189.3:p.Arg434Thr	CFP	ENSG00000126759	GEMIN4
HsVcPPILacVa1	CCSBORF7637	1	CCSBORF100067498	LW	3	1369C>T	492	NC_000023.11:47624315:G:A	CCSBVarC017087	ENSP00000380189.3:p.His457Tyr	CFP	ENSG00000126759	GEMIN4
HsVcPPILacVa1	CCSBORF7637	1	CCSBORF100067498	LW	3	232C>G	1059	NC_000023.11:47628272:G:C	CCSBVarC017091	ENSP00000380189.3:p.Pro78Ala	CFP	ENSG00000126759	GEMIN4
HsVcPPILacVa1	CCSBORF7637	1	CCSBORF100067498	LW	3	236G>A	17	NC_000023.11:47628268:C:T	CCSBVarC010162	ENSP00000380189.3:p.Arg79Gln	CFP	ENSG00000126759	GEMIN4
HsVcPPILacVa1	CCSBORF7637	1	CCSBORF100067498	LW	3	308G>A	16	NC_000023.11:47628196:C:T	CCSBVarC017095	ENSP00000380189.3:p.Arg103His	CFP	ENSG00000126759	GEMIN4
HsVcPPILacVa1	CCSBORF7637	1	CCSBORF100067498	LW	3	343G>T	857	NC_000023.11:47628161:C:A	CCSBVarC017099	ENSP00000380189.3:p.Val115Leu	CFP	ENSG00000126759	GEMIN4
HsVcPPILacVa1	CCSBORF7637	1	CCSBORF100067498	LW	3	412G>A	6	NC_000023.11:47627632:C:T	CCSBVarC017103	ENSP00000380189.3:p.Gly138Ser	CFP	ENSG00000126759	GEMIN4
HsVcPPILacVa1	CCSBORF7637	1	CCSBORF100067498	LW	3	469C>T	12	NC_000023.11:47627575:G:A	CCSBVarC017107	ENSP00000380189.3:p.Arg157Trp	CFP	ENSG00000126759	GEMIN4
HsVcPPILacVa1	CCSBORF7637	1	CCSBORF100067498	LW	3	482G>A	8	NC_000023.11:47627562:C:T	CCSBVarC017122	ENSP00000380189.3:p.Arg161Gln	CFP	ENSG00000126759	GEMIN4
HsVcPPILacVa1	CCSBORF7637	1	CCSBORF100067498	LW	3	643G>A	10	NC_000023.11:47627263:C:T	CCSBVarC017126	ENSP00000380189.3:p.Glu215Lys	CFP	ENSG00000126759	GEMIN4
HsVcPPILacVa1	CCSBORF7637	1	CCSBORF100067498	LW	3	709C>T	2	NC_000023.11:47627197:G:A	CCSBVarC017130	ENSP00000380189.3:p.Pro237Ser	CFP	ENSG00000126759	GEMIN4
HsVcPPILacVa1	CCSBORF7637	1	CCSBORF100067498	LW	3	739A>T	171	NC_000023.11:47627167:T:A	CCSBVarC017134	ENSP00000380189.3:p.Arg247Trp	CFP	ENSG00000126759	GEMIN4
HsVcPPILacVa1	CCSBORF7637	1	CCSBORF100067498	LW	3	865C>T	1308	NC_000023.11:47626847:G:A	CCSBVarC017137	ENSP00000380189.3:p.Pro289Ser	CFP	ENSG00000126759	GEMIN4
HsVcPPILacVa1	CCSBORF7637	1	CCSBORF100067498	LW	3	895G>A	40	NC_000023.11:47626817:C:T	CCSBVarC010164	ENSP00000380189.3:p.Asp299Asn	CFP	ENSG00000126759	GEMIN4
HsVcPPILacVa1	CCSBORF7637	1	CCSBORF100067498	LW	3	961T>G	1073	NC_000023.11:47626498:A:C	CCSBVarC010175	ENSP00000380189.3:p.Trp321Gly	CFP	ENSG00000126759	GEMIN4
HsVcPPILacVa1	CCSBORF7637	1	CCSBORF100067498	LW	3	962G>C	6	NC_000023.11:47626497:C:G	CCSBVarC001212	ENSP00000380189.3:p.Trp321Ser	CFP	ENSG00000126759	GEMIN4
HsVcPPILacVa1	CCSBORF3697	2	CCSBORF0	LW	3	REF	360	NULL	NULL	NULL	NF2	ENSG00000186575	empty_AD
HsVcPPILacVa1	CCSBORF3697	2	CCSBORF0	LW	3	1031A>C	249	NC_000022.11:29673425:A:C	CCSBVarC016528	ENSP00000340626.4:p.Glu344Ala	NF2	ENSG00000186575	empty_AD
HsVcPPILacVa1	CCSBORF3697	2	CCSBORF0	LW	3	1138G>A	353	NC_000022.11:29674881:G:A	CCSBVarC016536	ENSP00000340626.4:p.Glu380Lys	NF2	ENSG00000186575	empty_AD
HsVcPPILacVa1	CCSBORF3697	2	CCSBORF0	LW	3	1229C>T	0	NC_000022.11:29678226:C:T	CCSBVarC016543	ENSP00000340626.4:p.Pro410Leu	NF2	ENSG00000186575	empty_AD
HsVcPPILacVa1	CCSBORF3697	2	CCSBORF0	LW	3	1256G>A	0	NC_000022.11:29678253:G:A	CCSBVarC016547	ENSP00000340626.4:p.Gly419Asp	NF2	ENSG00000186575	empty_AD
HsVcPPILacVa1	CCSBORF3697	2	CCSBORF0	LW	3	1301T>C	1123	NC_000022.11:29678298:T:C	CCSBVarC016554	ENSP00000340626.4:p.Leu434Pro	NF2	ENSG00000186575	empty_AD
HsVcPPILacVa1	CCSBORF3697	2	CCSBORF0	LW	3	1355T>C	166	NC_000022.11:29681467:T:C	CCSBVarC000527	ENSP00000340626.4:p.Leu452Pro	NF2	ENSG00000186575	empty_AD
HsVcPPILacVa1	CCSBORF3697	2	CCSBORF0	LW	3	1375C>T	534	NC_000022.11:29681487:C:T	CCSBVarC016563	ENSP00000340626.4:p.Leu459Phe	NF2	ENSG00000186575	empty_AD
HsVcPPILacVa1	CCSBORF3697	2	CCSBORF0	LW	3	1411A>G	111	NC_000022.11:29681523:A:G	CCSBVarC016581	ENSP00000340626.4:p.Arg471Gly	NF2	ENSG00000186575	empty_AD
HsVcPPILacVa1	CCSBORF3697	2	CCSBORF0	LW	3	1465A>G	1195	NC_000022.11:29681577:A:G	CCSBVarC016590	ENSP00000340626.4:p.Ser489Gly	NF2	ENSG00000186575	empty_AD
HsVcPPILacVa1	CCSBORF3697	2	CCSBORF0	LW	3	191A>C	1	NC_000022.11:29642277:A:C	CCSBVarC016613	ENSP00000340626.4:p.Gln64Pro	NF2	ENSG00000186575	empty_AD
HsVcPPILacVa1	CCSBORF3697	2	CCSBORF0	LW	3	275A>G	0	NC_000022.11:29655600:A:G	CCSBVarC016619	ENSP00000340626.4:p.Asn92Ser	NF2	ENSG00000186575	empty_AD
HsVcPPILacVa1	CCSBORF3697	2	CCSBORF0	LW	3	333G>C	2147	NC_000022.11:29655658:G:C	CCSBVarC016628	ENSP00000340626.4:p.Glu111Asp	NF2	ENSG00000186575	empty_AD
HsVcPPILacVa1	CCSBORF3697	2	CCSBORF0	LW	3	406G>A	2	NC_000022.11:29658243:G:A	CCSBVarC016634	ENSP00000340626.4:p.Val136Met	NF2	ENSG00000186575	empty_AD
HsVcPPILacVa1	CCSBORF3697	2	CCSBORF0	LW	3	409A>T	0	NC_000022.11:29658246:A:T	CCSBVarC000525	ENSP00000340626.4:p.Asn137Tyr	NF2	ENSG00000186575	empty_AD
HsVcPPILacVa1	CCSBORF3697	2	CCSBORF0	LW	3	556A>G	5	NC_000022.11:29661333:A:G	CCSBVarC016639	ENSP00000340626.4:p.Lys186Glu	NF2	ENSG00000186575	empty_AD
HsVcPPILacVa1	CCSBORF3697	2	CCSBORF0	LW	3	566C>T	1320	NC_000022.11:29664993:C:T	CCSBVarC016643	ENSP00000340626.4:p.Thr189Ile	NF2	ENSG00000186575	empty_AD
HsVcPPILacVa1	CCSBORF3697	2	CCSBORF0	LW	3	830T>C	131	NC_000022.11:29671904:T:C	CCSBVarC015525	ENSP00000340626.4:p.Leu277Pro	NF2	ENSG00000186575	empty_AD
HsVcPPILacVa1	CCSBORF3697	2	CCSBORF0	LW	3	944T>C	1428	NC_000022.11:29673338:T:C	CCSBVarC015533	ENSP00000340626.4:p.Leu315Pro	NF2	ENSG00000186575	empty_AD
HsVcPPILacVa1	CCSBORF4870	2	CCSBORF4105	LW	3	REF	187	NULL	NULL	NULL	KRT6A	ENSG00000205420	KRT15
HsVcPPILacVa1	CCSBORF4870	2	CCSBORF4105	LW	3	1198A>C	347	NC_000012.12:52489947:T:G	CCSBVarC015603	ENSP00000369317.3:p.Lys400Gln	KRT6A	ENSG00000205420	KRT15
HsVcPPILacVa1	CCSBORF4870	2	CCSBORF4105	LW	3	1282G>A	147	NC_000012.12:52488469:C:T	CCSBVarC015611	ENSP00000369317.3:p.Glu428Lys	KRT6A	ENSG00000205420	KRT15
HsVcPPILacVa1	CCSBORF4870	2	CCSBORF4105	LW	3	1378G>A	608	NC_000012.12:52488373:C:T	CCSBVarC015615	ENSP00000369317.3:p.Val460Met	KRT6A	ENSG00000205420	KRT15
HsVcPPILacVa1	CCSBORF4870	2	CCSBORF4105	LW	3	1381G>A	1354	NC_000012.12:52488370:C:T	CCSBVarC003673	ENSP00000369317.3:p.Glu461Lys	KRT6A	ENSG00000205420	KRT15
HsVcPPILacVa1	CCSBORF4870	2	CCSBORF4105	LW	3	1387G>C	369	NC_000012.12:52488364:C:G	CCSBVarC000721	ENSP00000369317.3:p.Ala463Pro	KRT6A	ENSG00000205420	KRT15
HsVcPPILacVa1	CCSBORF4870	2	CCSBORF4105	LW	3	1393T>C	2	NC_000012.12:52488358:A:G	CCSBVarC003675	ENSP00000369317.3:p.Tyr465His	KRT6A	ENSG00000205420	KRT15
HsVcPPILacVa1	CCSBORF4870	2	CCSBORF4105	LW	3	1403T>A	121	NC_000012.12:52488348:A:T	CCSBVarC003677	ENSP00000369317.3:p.Leu468Gln	KRT6A	ENSG00000205420	KRT15
HsVcPPILacVa1	CCSBORF4870	2	CCSBORF4105	LW	3	1416G>C	891	NC_000012.12:52488335:C:G	CCSBVarC003679	ENSP00000369317.3:p.Glu472Asp	KRT6A	ENSG00000205420	KRT15
HsVcPPILacVa1	CCSBORF4870	2	CCSBORF4105	LW	3	1456A>G	2	NC_000012.12:52488071:T:C	CCSBVarC015620	ENSP00000369317.3:p.Ile486Val	KRT6A	ENSG00000205420	KRT15
HsVcPPILacVa1	CCSBORF4870	2	CCSBORF4105	LW	3	1567G>A	82	NC_000012.12:52487847:C:T	CCSBVarC009576	ENSP00000369317.3:p.Val523Ile	KRT6A	ENSG00000205420	KRT15
HsVcPPILacVa1	CCSBORF4870	2	CCSBORF4105	LW	3	1567G>T	65	NC_000012.12:52487847:C:A	CCSBVarC002920	ENSP00000369317.3:p.Val523Phe	KRT6A	ENSG00000205420	KRT15
HsVcPPILacVa1	CCSBORF4870	2	CCSBORF4105	LW	3	1604T>C	189	NC_000012.12:52487810:A:G	CCSBVarC015632	ENSP00000369317.3:p.Ile535Thr	KRT6A	ENSG00000205420	KRT15
HsVcPPILacVa1	CCSBORF4870	2	CCSBORF4105	LW	3	1650G>T	497	NC_000012.12:52487764:C:A	CCSBVarC015638	ENSP00000369317.3:p.Lys550Asn	KRT6A	ENSG00000205420	KRT15
HsVcPPILacVa1	CCSBORF4870	2	CCSBORF4105	LW	3	332G>A	0	NC_000012.12:52492856:C:T	CCSBVarC015647	ENSP00000369317.3:p.Gly111Asp	KRT6A	ENSG00000205420	KRT15
HsVcPPILacVa1	CCSBORF4870	2	CCSBORF4105	LW	3	361G>A	144	NC_000012.12:52492827:C:T	CCSBVarC015651	ENSP00000369317.3:p.Gly121Ser	KRT6A	ENSG00000205420	KRT15
HsVcPPILacVa1	CCSBORF4870	2	CCSBORF4105	LW	3	46C>T	5	NC_000012.12:52493142:G:A	CCSBVarC015667	ENSP00000369317.3:p.Arg16Trp	KRT6A	ENSG00000205420	KRT15
HsVcPPILacVa1	CCSBORF4870	2	CCSBORF4105	LW	3	491G>C	321	NC_000012.12:52492697:C:G	CCSBVarC003663	ENSP00000369317.3:p.Arg164Pro	KRT6A	ENSG00000205420	KRT15
HsVcPPILacVa1	CCSBORF4870	2	CCSBORF4105	LW	3	500T>G	2	NC_000012.12:52492688:A:C	CCSBVarC003665	ENSP00000369317.3:p.Ile167Ser	KRT6A	ENSG00000205420	KRT15
HsVcPPILacVa1	CCSBORF4870	2	CCSBORF4105	LW	3	511A>T	275	NC_000012.12:52492677:T:A	CCSBVarC003667	ENSP00000369317.3:p.Asn171Tyr	KRT6A	ENSG00000205420	KRT15
HsVcPPILacVa1	CCSBORF4870	2	CCSBORF4105	LW	3	512A>G	130	NC_000012.12:52492676:T:C	CCSBVarC003669	ENSP00000369317.3:p.Asn171Ser	KRT6A	ENSG00000205420	KRT15
HsVcPPILacVa1	CCSBORF4870	2	CCSBORF4105	LW	3	520T>G	1	NC_000012.12:52492668:A:C	CCSBVarC000719	ENSP00000369317.3:p.Phe174Val	KRT6A	ENSG00000205420	KRT15
HsVcPPILacVa1	CCSBORF4870	2	CCSBORF4105	LW	3	526T>C	160	NC_000012.12:52492662:A:G	CCSBVarC003671	ENSP00000369317.3:p.Ser176Pro	KRT6A	ENSG00000205420	KRT15
HsVcPPILacVa1	CCSBORF4870	2	CCSBORF4105	LW	3	628C>A	1026	NC_000012.12:52491648:G:T	CCSBVarC009567	ENSP00000369317.3:p.Leu210Met	KRT6A	ENSG00000205420	KRT15
HsVcPPILacVa1	CCSBORF4870	2	CCSBORF4105	LW	3	632A>G	0	NC_000012.12:52491644:T:C	CCSBVarC015673	ENSP00000369317.3:p.Glu211Gly	KRT6A	ENSG00000205420	KRT15
HsVcPPILacVa1	CCSBORF4870	2	CCSBORF4105	LW	3	680G>A	3	NC_000012.12:52491596:C:T	CCSBVarC015679	ENSP00000369317.3:p.Ser227Asn	KRT6A	ENSG00000205420	KRT15
HsVcPPILacVa1	CCSBORF4870	2	CCSBORF4105	LW	3	745T>C	718	NC_000012.12:52491531:A:G	CCSBVarC002915	ENSP00000369317.3:p.Phe249Leu	KRT6A	ENSG00000205420	KRT15
HsVcPPILacVa1	CCSBORF4870	2	CCSBORF4105	LW	3	806C>T	0	NC_000012.12:52491121:G:A	CCSBVarC015685	ENSP00000369317.3:p.Thr269Ile	KRT6A	ENSG00000205420	KRT15
HsVcPPILacVa1	CCSBORF4870	2	CCSBORF4105	LW	3	968A>T	0	NC_000012.12:52490677:T:A	CCSBVarC015689	ENSP00000369317.3:p.Asp323Val	KRT6A	ENSG00000205420	KRT15
HsVcPPILacVa1	CCSBORF4870	2	CCSBORF4105	LW	3	981C>G	1	NC_000012.12:52490664:G:C	CCSBVarC015694	ENSP00000369317.3:p.Asn327Lys	KRT6A	ENSG00000205420	KRT15
HsVcPPILacVa1	CCSBORF4870	1	CCSBORF100014440	LW	3	REF	104	NULL	NULL	NULL	KRT6A	ENSG00000205420	KRT25
HsVcPPILacVa1	CCSBORF4870	1	CCSBORF100014440	LW	3	1003G>A	0	NC_000012.12:52490642:C:T	CCSBVarC009565	ENSP00000369317.3:p.Ala335Thr	KRT6A	ENSG00000205420	KRT25
HsVcPPILacVa1	CCSBORF4870	1	CCSBORF100014440	LW	3	1157G>T	0	NC_000012.12:52489988:C:A	CCSBVarC015599	ENSP00000369317.3:p.Arg386Leu	KRT6A	ENSG00000205420	KRT25
HsVcPPILacVa1	CCSBORF4870	1	CCSBORF100014440	LW	3	1211A>G	0	NC_000012.12:52488540:T:C	CCSBVarC015607	ENSP00000369317.3:p.Asn404Ser	KRT6A	ENSG00000205420	KRT25
HsVcPPILacVa1	CCSBORF4870	1	CCSBORF100014440	LW	3	1327C>T	2	NC_000012.12:52488424:G:A	CCSBVarC009573	ENSP00000369317.3:p.Arg443Trp	KRT6A	ENSG00000205420	KRT25
HsVcPPILacVa1	CCSBORF4870	1	CCSBORF100014440	LW	3	1340A>G	1	NC_000012.12:52488411:T:C	CCSBVarC015613	ENSP00000369317.3:p.Glu447Gly	KRT6A	ENSG00000205420	KRT25
HsVcPPILacVa1	CCSBORF4870	1	CCSBORF100014440	LW	3	1385T>A	1	NC_000012.12:52488366:A:T	CCSBVarC003674	ENSP00000369317.3:p.Ile462Asn	KRT6A	ENSG00000205420	KRT25
HsVcPPILacVa1	CCSBORF4870	1	CCSBORF100014440	LW	3	1385T>G	1	NC_000012.12:52488366:A:C	CCSBVarC000720	ENSP00000369317.3:p.Ile462Ser	KRT6A	ENSG00000205420	KRT25
HsVcPPILacVa1	CCSBORF4870	1	CCSBORF100014440	LW	3	1403T>C	831	NC_000012.12:52488348:A:G	CCSBVarC003676	ENSP00000369317.3:p.Leu468Pro	KRT6A	ENSG00000205420	KRT25
HsVcPPILacVa1	CCSBORF4870	1	CCSBORF100014440	LW	3	1414G>A	485	NC_000012.12:52488337:C:T	CCSBVarC003678	ENSP00000369317.3:p.Glu472Lys	KRT6A	ENSG00000205420	KRT25
HsVcPPILacVa1	CCSBORF4870	1	CCSBORF100014440	LW	3	1441G>A	3	NC_000012.12:52488086:C:T	CCSBVarC015618	ENSP00000369317.3:p.Val481Ile	KRT6A	ENSG00000205420	KRT25
HsVcPPILacVa1	CCSBORF4870	1	CCSBORF100014440	LW	3	1534G>A	0	NC_000012.12:52487880:C:T	CCSBVarC015629	ENSP00000369317.3:p.Gly512Arg	KRT6A	ENSG00000205420	KRT25
HsVcPPILacVa1	CCSBORF4870	1	CCSBORF100014440	LW	3	1606G>A	0	NC_000012.12:52487808:C:T	CCSBVarC015635	ENSP00000369317.3:p.Gly536Arg	KRT6A	ENSG00000205420	KRT25
HsVcPPILacVa1	CCSBORF4870	1	CCSBORF100014440	LW	3	1655C>G	2	NC_000012.12:52487759:G:C	CCSBVarC002916	ENSP00000369317.3:p.Thr552Ser	KRT6A	ENSG00000205420	KRT25
HsVcPPILacVa1	CCSBORF4870	1	CCSBORF100014440	LW	3	215T>C	0	NC_000012.12:52492973:A:G	CCSBVarC015643	ENSP00000369317.3:p.Ile72Thr	KRT6A	ENSG00000205420	KRT25
HsVcPPILacVa1	CCSBORF4870	1	CCSBORF100014440	LW	3	359G>T	0	NC_000012.12:52492829:C:A	CCSBVarC015649	ENSP00000369317.3:p.Gly120Val	KRT6A	ENSG00000205420	KRT25
HsVcPPILacVa1	CCSBORF4870	1	CCSBORF100014440	LW	3	365T>C	0	NC_000012.12:52492823:A:G	CCSBVarC015653	ENSP00000369317.3:p.Phe122Ser	KRT6A	ENSG00000205420	KRT25
HsVcPPILacVa1	CCSBORF4870	1	CCSBORF100014440	LW	3	460C>G	1	NC_000012.12:52492728:G:C	CCSBVarC015670	ENSP00000369317.3:p.Pro154Ala	KRT6A	ENSG00000205420	KRT25
HsVcPPILacVa1	CCSBORF4870	1	CCSBORF100014440	LW	3	487G>A	26	NC_000012.12:52492701:C:T	CCSBVarC003662	ENSP00000369317.3:p.Glu163Lys	KRT6A	ENSG00000205420	KRT25
HsVcPPILacVa1	CCSBORF4870	1	CCSBORF100014440	LW	3	497A>C	186	NC_000012.12:52492691:T:G	CCSBVarC003664	ENSP00000369317.3:p.Gln166Pro	KRT6A	ENSG00000205420	KRT25
HsVcPPILacVa1	CCSBORF4870	1	CCSBORF100014440	LW	3	508C>T	676	NC_000012.12:52492680:G:A	CCSBVarC003666	ENSP00000369317.3:p.Leu170Phe	KRT6A	ENSG00000205420	KRT25
HsVcPPILacVa1	CCSBORF4870	1	CCSBORF100014440	LW	3	511A>G	331	NC_000012.12:52492677:T:C	CCSBVarC003668	ENSP00000369317.3:p.Asn171Asp	KRT6A	ENSG00000205420	KRT25
HsVcPPILacVa1	CCSBORF4870	1	CCSBORF100014440	LW	3	512A>C	0	NC_000012.12:52492676:T:G	CCSBVarC003670	ENSP00000369317.3:p.Asn171Thr	KRT6A	ENSG00000205420	KRT25
HsVcPPILacVa1	CCSBORF4870	1	CCSBORF100014440	LW	3	513C>A	149	NC_000012.12:52492675:G:T	CCSBVarC000718	ENSP00000369317.3:p.Asn171Lys	KRT6A	ENSG00000205420	KRT25
HsVcPPILacVa1	CCSBORF4870	1	CCSBORF100014440	LW	3	533T>A	1298	NC_000012.12:52492655:A:T	CCSBVarC003672	ENSP00000369317.3:p.Ile178Asn	KRT6A	ENSG00000205420	KRT25
HsVcPPILacVa1	CCSBORF4870	1	CCSBORF100014440	LW	3	62A>G	1	NC_000012.12:52493126:T:C	CCSBVarC002913	ENSP00000369317.3:p.Asn21Ser	KRT6A	ENSG00000205420	KRT25
HsVcPPILacVa1	CCSBORF4870	1	CCSBORF100014440	LW	3	661C>A	0	NC_000012.12:52491615:G:T	CCSBVarC015676	ENSP00000369317.3:p.Leu221Ile	KRT6A	ENSG00000205420	KRT25
HsVcPPILacVa1	CCSBORF4870	1	CCSBORF100014440	LW	3	718A>G	3	NC_000012.12:52491558:T:C	CCSBVarC015683	ENSP00000369317.3:p.Arg240Gly	KRT6A	ENSG00000205420	KRT25
HsVcPPILacVa1	CCSBORF4870	1	CCSBORF100014440	LW	3	827C>T	0	NC_000012.12:52490942:G:A	CCSBVarC015687	ENSP00000369317.3:p.Ala276Val	KRT6A	ENSG00000205420	KRT25
HsVcPPILacVa1	CCSBORF4870	1	CCSBORF100014440	LW	3	98T>C	5	NC_000012.12:52493090:A:G	CCSBVarC015691	ENSP00000369317.3:p.Phe33Ser	KRT6A	ENSG00000205420	KRT25
HsVcPPILacVa1	CCSBORF3581	2	CCSBORF0	LW	3	REF	551	NULL	NULL	NULL	MCOLN1	ENSG00000090674	empty_AD
HsVcPPILacVa1	CCSBORF3581	2	CCSBORF0	LW	3	1100C>T	77	NC_000019.10:7528935:C:T	CCSBVarC016202	ENSP00000264079.5:p.Ser367Leu	MCOLN1	ENSG00000090674	empty_AD
HsVcPPILacVa1	CCSBORF3581	2	CCSBORF0	LW	3	1375A>T	62	NC_000019.10:7530300:A:T	CCSBVarC016235	ENSP00000264079.5:p.Met459Leu	MCOLN1	ENSG00000090674	empty_AD
HsVcPPILacVa1	CCSBORF3581	2	CCSBORF0	LW	3	1395C>G	1045	NC_000019.10:7530320:C:G	CCSBVarC000497	ENSP00000264079.5:p.Phe465Leu	MCOLN1	ENSG00000090674	empty_AD
HsVcPPILacVa1	CCSBORF3581	2	CCSBORF0	LW	3	1700G>A	402	NC_000019.10:7533646:G:A	CCSBVarC016242	ENSP00000264079.5:p.Cys567Tyr	MCOLN1	ENSG00000090674	empty_AD
HsVcPPILacVa1	CCSBORF3581	2	CCSBORF0	LW	3	281G>A	564	NC_000019.10:7526481:G:A	CCSBVarC016250	ENSP00000264079.5:p.Arg94Gln	MCOLN1	ENSG00000090674	empty_AD
HsVcPPILacVa1	CCSBORF3581	2	CCSBORF0	LW	3	365G>A	840	NC_000019.10:7526565:G:A	CCSBVarC016259	ENSP00000264079.5:p.Arg122Gln	MCOLN1	ENSG00000090674	empty_AD
HsVcPPILacVa1	CCSBORF3581	2	CCSBORF0	LW	3	413C>T	3	NC_000019.10:7526767:C:T	CCSBVarC016266	ENSP00000264079.5:p.Ala138Val	MCOLN1	ENSG00000090674	empty_AD
HsVcPPILacVa1	CCSBORF3581	2	CCSBORF0	LW	3	460G>T	178	NC_000019.10:7526814:G:T	CCSBVarC016275	ENSP00000264079.5:p.Gly154Cys	MCOLN1	ENSG00000090674	empty_AD
HsVcPPILacVa1	CCSBORF3581	2	CCSBORF0	LW	3	538G>A	412	NC_000019.10:7526892:G:A	CCSBVarC016281	ENSP00000264079.5:p.Asp180Asn	MCOLN1	ENSG00000090674	empty_AD
HsVcPPILacVa1	CCSBORF3581	2	CCSBORF0	LW	3	665C>T	152	NC_000019.10:7527612:C:T	CCSBVarC016310	ENSP00000264079.5:p.Thr222Met	MCOLN1	ENSG00000090674	empty_AD
HsVcPPILacVa1	CCSBORF3581	2	CCSBORF0	LW	3	694A>C	2	NC_000019.10:7527876:A:C	CCSBVarC000495	ENSP00000264079.5:p.Thr232Pro	MCOLN1	ENSG00000090674	empty_AD
HsVcPPILacVa1	CCSBORF3581	2	CCSBORF0	LW	3	707G>A	434	NC_000019.10:7527889:G:A	CCSBVarC009378	ENSP00000264079.5:p.Arg236Gln	MCOLN1	ENSG00000090674	empty_AD
HsVcPPILacVa1	CCSBORF3581	2	CCSBORF0	LW	3	771C>A	164	NC_000019.10:7527953:C:A	CCSBVarC009367	ENSP00000264079.5:p.Ser257Arg	MCOLN1	ENSG00000090674	empty_AD
HsVcPPILacVa1	CCSBORF3581	2	CCSBORF0	LW	3	77C>T	109	NC_000019.10:7525005:C:T	CCSBVarC016319	ENSP00000264079.5:p.Ala26Val	MCOLN1	ENSG00000090674	empty_AD
HsVcPPILacVa1	CCSBORF3581	2	CCSBORF0	LW	3	785T>C	3	NC_000019.10:7528164:T:C	CCSBVarC016359	ENSP00000264079.5:p.Phe262Ser	MCOLN1	ENSG00000090674	empty_AD
HsVcPPILacVa1	CCSBORF3581	2	CCSBORF0	LW	3	856C>A	2	NC_000019.10:7528235:C:A	CCSBVarC016364	ENSP00000264079.5:p.His286Asn	MCOLN1	ENSG00000090674	empty_AD
HsVcPPILacVa1	CCSBORF1231	1	CCSBORF71959	LW	3	REF	871	NULL	NULL	NULL	AQP1	ENSG00000240583	KRTAP1-1
HsVcPPILacVa1	CCSBORF1231	1	CCSBORF71959	LW	3	113C>T	599	NC_000007.14:30912021:C:T	CCSBVarC000137	ENSP00000311165.4:p.Pro38Leu	AQP1	ENSG00000240583	KRTAP1-1
HsVcPPILacVa1	CCSBORF1231	1	CCSBORF71959	LW	3	140A>G	4054	NC_000007.14:30912048:A:G	CCSBVarC000138	ENSP00000311165.4:p.Gln47Arg	AQP1	ENSG00000240583	KRTAP1-1
HsVcPPILacVa1	CCSBORF1231	1	CCSBORF71959	LW	3	319G>A	8	NC_000007.14:30912227:G:A	CCSBVarC015066	ENSP00000311165.4:p.Val107Ile	AQP1	ENSG00000240583	KRTAP1-1
HsVcPPILacVa1	CCSBORF1231	1	CCSBORF71959	LW	3	320T>G	1207	NC_000007.14:30912228:T:G	CCSBVarC015069	ENSP00000311165.4:p.Val107Gly	AQP1	ENSG00000240583	KRTAP1-1
HsVcPPILacVa1	CCSBORF1231	1	CCSBORF71959	LW	3	494G>A	352	NC_000007.14:30922174:G:A	CCSBVarC015072	ENSP00000311165.4:p.Gly165Asp	AQP1	ENSG00000240583	KRTAP1-1
HsVcPPILacVa1	CCSBORF1231	1	CCSBORF71959	LW	3	576C>A	1142	NC_000007.14:30922589:C:A	CCSBVarC000139	ENSP00000311165.4:p.Asn192Lys	AQP1	ENSG00000240583	KRTAP1-1
HsVcPPILacVa1	CCSBORF1231	1	CCSBORF56492	LW	3	REF	1204	NULL	NULL	NULL	AQP1	ENSG00000240583	TNS2
HsVcPPILacVa1	CCSBORF1231	1	CCSBORF56492	LW	3	113C>T	832	NC_000007.14:30912021:C:T	CCSBVarC000137	ENSP00000311165.4:p.Pro38Leu	AQP1	ENSG00000240583	TNS2
HsVcPPILacVa1	CCSBORF1231	1	CCSBORF56492	LW	3	140A>G	6437	NC_000007.14:30912048:A:G	CCSBVarC000138	ENSP00000311165.4:p.Gln47Arg	AQP1	ENSG00000240583	TNS2
HsVcPPILacVa1	CCSBORF1231	1	CCSBORF56492	LW	3	319G>A	11	NC_000007.14:30912227:G:A	CCSBVarC015066	ENSP00000311165.4:p.Val107Ile	AQP1	ENSG00000240583	TNS2
HsVcPPILacVa1	CCSBORF1231	1	CCSBORF56492	LW	3	320T>G	1840	NC_000007.14:30912228:T:G	CCSBVarC015069	ENSP00000311165.4:p.Val107Gly	AQP1	ENSG00000240583	TNS2
HsVcPPILacVa1	CCSBORF1231	1	CCSBORF56492	LW	3	494G>A	339	NC_000007.14:30922174:G:A	CCSBVarC015072	ENSP00000311165.4:p.Gly165Asp	AQP1	ENSG00000240583	TNS2
HsVcPPILacVa1	CCSBORF1231	1	CCSBORF56492	LW	3	576C>A	1164	NC_000007.14:30922589:C:A	CCSBVarC000139	ENSP00000311165.4:p.Asn192Lys	AQP1	ENSG00000240583	TNS2
HsVcPPILacVa1	CCSBORF1231	1	CCSBORF9895	LW	3	REF	2282	NULL	NULL	NULL	AQP1	ENSG00000240583	MIF4GD
HsVcPPILacVa1	CCSBORF1231	1	CCSBORF9895	LW	3	113C>T	1816	NC_000007.14:30912021:C:T	CCSBVarC000137	ENSP00000311165.4:p.Pro38Leu	AQP1	ENSG00000240583	MIF4GD
HsVcPPILacVa1	CCSBORF1231	1	CCSBORF9895	LW	3	140A>G	10895	NC_000007.14:30912048:A:G	CCSBVarC000138	ENSP00000311165.4:p.Gln47Arg	AQP1	ENSG00000240583	MIF4GD
HsVcPPILacVa1	CCSBORF1231	1	CCSBORF9895	LW	3	319G>A	37	NC_000007.14:30912227:G:A	CCSBVarC015066	ENSP00000311165.4:p.Val107Ile	AQP1	ENSG00000240583	MIF4GD
HsVcPPILacVa1	CCSBORF1231	1	CCSBORF9895	LW	3	320T>G	2973	NC_000007.14:30912228:T:G	CCSBVarC015069	ENSP00000311165.4:p.Val107Gly	AQP1	ENSG00000240583	MIF4GD
HsVcPPILacVa1	CCSBORF1231	1	CCSBORF9895	LW	3	494G>A	732	NC_000007.14:30922174:G:A	CCSBVarC015072	ENSP00000311165.4:p.Gly165Asp	AQP1	ENSG00000240583	MIF4GD
HsVcPPILacVa1	CCSBORF1231	1	CCSBORF9895	LW	3	576C>A	2783	NC_000007.14:30922589:C:A	CCSBVarC000139	ENSP00000311165.4:p.Asn192Lys	AQP1	ENSG00000240583	MIF4GD
HsVcPPILacVa1	CCSBORF1231	1	CCSBORF0	LW	3	REF	1678	NULL	NULL	NULL	AQP1	ENSG00000240583	empty_AD
HsVcPPILacVa1	CCSBORF1231	1	CCSBORF0	LW	3	113C>T	1444	NC_000007.14:30912021:C:T	CCSBVarC000137	ENSP00000311165.4:p.Pro38Leu	AQP1	ENSG00000240583	empty_AD
HsVcPPILacVa1	CCSBORF1231	1	CCSBORF0	LW	3	140A>G	7367	NC_000007.14:30912048:A:G	CCSBVarC000138	ENSP00000311165.4:p.Gln47Arg	AQP1	ENSG00000240583	empty_AD
HsVcPPILacVa1	CCSBORF1231	1	CCSBORF0	LW	3	319G>A	26	NC_000007.14:30912227:G:A	CCSBVarC015066	ENSP00000311165.4:p.Val107Ile	AQP1	ENSG00000240583	empty_AD
HsVcPPILacVa1	CCSBORF1231	1	CCSBORF0	LW	3	320T>G	1691	NC_000007.14:30912228:T:G	CCSBVarC015069	ENSP00000311165.4:p.Val107Gly	AQP1	ENSG00000240583	empty_AD
HsVcPPILacVa1	CCSBORF1231	1	CCSBORF0	LW	3	494G>A	662	NC_000007.14:30922174:G:A	CCSBVarC015072	ENSP00000311165.4:p.Gly165Asp	AQP1	ENSG00000240583	empty_AD
HsVcPPILacVa1	CCSBORF1231	1	CCSBORF0	LW	3	576C>A	1990	NC_000007.14:30922589:C:A	CCSBVarC000139	ENSP00000311165.4:p.Asn192Lys	AQP1	ENSG00000240583	empty_AD
HsVcPPILacVa1	CCSBORF70357	2	CCSBORF71876	LW	3	REF	390	NULL	NULL	NULL	TSFM	ENSG00000123297	GAS8
HsVcPPILacVa1	CCSBORF70357	2	CCSBORF71876	LW	3	116G>T	2825	NC_000012.12:57783167:G:T	CCSBVarC017014	ENSP00000499171.2:p.Arg39Leu	TSFM	ENSG00000123297	GAS8
HsVcPPILacVa1	CCSBORF70357	2	CCSBORF71876	LW	3	218G>C	2	NC_000012.12:57783269:G:C	CCSBVarC017018	ENSP00000499171.2:p.Gly73Ala	TSFM	ENSG00000123297	GAS8
HsVcPPILacVa1	CCSBORF70357	2	CCSBORF71876	LW	3	233C>T	1	NC_000012.12:57786163:C:T	CCSBVarC017023	ENSP00000499171.2:p.Ala78Val	TSFM	ENSG00000123297	GAS8
HsVcPPILacVa1	CCSBORF70357	2	CCSBORF71876	LW	3	271T>G	828	NC_000012.12:57786201:T:G	CCSBVarC017027	ENSP00000499171.2:p.Trp91Gly	TSFM	ENSG00000123297	GAS8
HsVcPPILacVa1	CCSBORF70357	2	CCSBORF71876	LW	3	388A>G	1763	NC_000012.12:57787066:A:G	CCSBVarC017031	ENSP00000499171.2:p.Arg130Gly	TSFM	ENSG00000123297	GAS8
HsVcPPILacVa1	CCSBORF70357	2	CCSBORF71876	LW	3	521C>T	2	NC_000012.12:57793022:C:T	CCSBVarC017039	ENSP00000499171.2:p.Ala174Val	TSFM	ENSG00000123297	GAS8
HsVcPPILacVa1	CCSBORF70357	2	CCSBORF71876	LW	3	59C>T	671	NC_000012.12:57783110:C:T	CCSBVarC017054	ENSP00000499171.2:p.Ala20Val	TSFM	ENSG00000123297	GAS8
HsVcPPILacVa1	CCSBORF70357	2	CCSBORF71876	LW	3	5C>T	2314	NC_000012.12:57782805:C:T	CCSBVarC017035	ENSP00000499171.2:p.Ser2Leu	TSFM	ENSG00000123297	GAS8
HsVcPPILacVa1	CCSBORF70357	2	CCSBORF71876	LW	3	62G>C	9	NC_000012.12:57783113:G:C	CCSBVarC017057	ENSP00000499171.2:p.Gly21Ala	TSFM	ENSG00000123297	GAS8
HsVcPPILacVa1	CCSBORF70357	2	CCSBORF71876	LW	3	658G>A	7	NC_000012.12:57796262:G:A	CCSBVarC017059	ENSP00000499171.2:p.Ala220Thr	TSFM	ENSG00000123297	GAS8
HsVcPPILacVa1	CCSBORF70357	2	CCSBORF71876	LW	3	719G>C	5	NC_000012.12:57796323:G:C	CCSBVarC017062	ENSP00000499171.2:p.Cys240Ser	TSFM	ENSG00000123297	GAS8
HsVcPPILacVa1	CCSBORF70357	2	CCSBORF71876	LW	3	73C>A	2046	NC_000012.12:57783124:C:A	CCSBVarC017064	ENSP00000499171.2:p.Arg25Ser	TSFM	ENSG00000123297	GAS8
HsVcPPILacVa1	CCSBORF70357	2	CCSBORF71876	LW	3	760C>T	674	NC_000012.12:57796364:C:T	CCSBVarC017066	ENSP00000499171.2:p.Arg254Cys	TSFM	ENSG00000123297	GAS8
HsVcPPILacVa1	CCSBORF70357	2	CCSBORF71876	LW	3	774G>C	356	NC_000012.12:57796378:G:C	CCSBVarC017068	ENSP00000499171.2:p.Gln258His	TSFM	ENSG00000123297	GAS8
HsVcPPILacVa1	CCSBORF70357	2	CCSBORF71876	LW	3	796C>A	1949	NC_000012.12:57796400:C:A	CCSBVarC017071	ENSP00000499171.2:p.Leu266Ile	TSFM	ENSG00000123297	GAS8
HsVcPPILacVa1	CCSBORF70357	2	CCSBORF71876	LW	3	797T>A	5	NC_000012.12:57796401:T:A	CCSBVarC017076	ENSP00000499171.2:p.Leu266His	TSFM	ENSG00000123297	GAS8
HsVcPPILacVa1	CCSBORF70357	2	CCSBORF71876	LW	3	826G>C	1844	NC_000012.12:57796430:G:C	CCSBVarC017080	ENSP00000499171.2:p.Gly276Arg	TSFM	ENSG00000123297	GAS8
HsVcPPILacVa1	CCSBORF70357	2	CCSBORF71876	LW	3	934C>T	576	NC_000012.12:57796538:C:T	CCSBVarC002653	ENSP00000499171.2:p.Arg312Trp	TSFM	ENSG00000123297	GAS8
HsVcPPILacVa1	CCSBORF70357	2	CCSBORF71876	LW	3	97A>G	24	NC_000012.12:57783148:A:G	CCSBVarC017088	ENSP00000499171.2:p.Thr33Ala	TSFM	ENSG00000123297	GAS8
HsVcPPILacVa1	CCSBORF5896	2	CCSBORF3753	LW	3	REF	286	NULL	NULL	NULL	AHCY	ENSG00000101444	C1orf50
HsVcPPILacVa1	CCSBORF5896	2	CCSBORF3753	LW	3	1003C>T	2157	NC_000020.11:34285603:G:A	CCSBVarC016695	ENSP00000217426.2:p.Arg335Cys	AHCY	ENSG00000101444	C1orf50
HsVcPPILacVa1	CCSBORF5896	2	CCSBORF3753	LW	3	104T>C	354	NC_000020.11:34295509:A:G	CCSBVarC016698	ENSP00000217426.2:p.Met35Thr	AHCY	ENSG00000101444	C1orf50
HsVcPPILacVa1	CCSBORF5896	2	CCSBORF3753	LW	3	112C>T	485	NC_000020.11:34295501:G:A	CCSBVarC016719	ENSP00000217426.2:p.Arg38Trp	AHCY	ENSG00000101444	C1orf50
HsVcPPILacVa1	CCSBORF5896	2	CCSBORF3753	LW	3	1190C>T	5	NC_000020.11:34281142:G:A	CCSBVarC016725	ENSP00000217426.2:p.Ala397Val	AHCY	ENSG00000101444	C1orf50
HsVcPPILacVa1	CCSBORF5896	2	CCSBORF3753	LW	3	1261T>C	1308	NC_000020.11:34281071:A:G	CCSBVarC016729	ENSP00000217426.2:p.Cys421Arg	AHCY	ENSG00000101444	C1orf50
HsVcPPILacVa1	CCSBORF5896	2	CCSBORF3753	LW	3	137A>C	538	NC_000020.11:34295476:T:G	CCSBVarC016735	ENSP00000217426.2:p.Lys46Thr	AHCY	ENSG00000101444	C1orf50
HsVcPPILacVa1	CCSBORF5896	2	CCSBORF3753	LW	3	257A>G	515	NC_000020.11:34294118:T:C	CCSBVarC000925	ENSP00000217426.2:p.Asp86Gly	AHCY	ENSG00000101444	C1orf50
HsVcPPILacVa1	CCSBORF5896	2	CCSBORF3753	LW	3	274A>G	1541	NC_000020.11:34294101:T:C	CCSBVarC016741	ENSP00000217426.2:p.Ile92Val	AHCY	ENSG00000101444	C1orf50
HsVcPPILacVa1	CCSBORF5896	2	CCSBORF3753	LW	3	367G>A	574	NC_000020.11:34292435:C:T	CCSBVarC016748	ENSP00000217426.2:p.Gly123Arg	AHCY	ENSG00000101444	C1orf50
HsVcPPILacVa1	CCSBORF5896	2	CCSBORF3753	LW	3	394G>A	3	NC_000020.11:34292408:C:T	CCSBVarC016753	ENSP00000217426.2:p.Gly132Arg	AHCY	ENSG00000101444	C1orf50
HsVcPPILacVa1	CCSBORF5896	2	CCSBORF3753	LW	3	428A>G	613	NC_000020.11:34292374:T:C	CCSBVarC000927	ENSP00000217426.2:p.Tyr143Cys	AHCY	ENSG00000101444	C1orf50
HsVcPPILacVa1	CCSBORF5896	2	CCSBORF3753	LW	3	526C>T	516	NC_000020.11:34291450:G:A	CCSBVarC016759	ENSP00000217426.2:p.Pro176Ser	AHCY	ENSG00000101444	C1orf50
HsVcPPILacVa1	CCSBORF5896	2	CCSBORF3753	LW	3	662A>G	0	NC_000020.11:34290834:T:C	CCSBVarC016765	ENSP00000217426.2:p.Tyr221Cys	AHCY	ENSG00000101444	C1orf50
HsVcPPILacVa1	CCSBORF5896	2	CCSBORF3753	LW	3	697C>T	1748	NC_000020.11:34290799:G:A	CCSBVarC016774	ENSP00000217426.2:p.Arg233Trp	AHCY	ENSG00000101444	C1orf50
HsVcPPILacVa1	CCSBORF5896	2	CCSBORF3753	LW	3	706G>A	697	NC_000020.11:34290790:C:T	CCSBVarC016778	ENSP00000217426.2:p.Gly236Arg	AHCY	ENSG00000101444	C1orf50
HsVcPPILacVa1	CCSBORF5896	2	CCSBORF3753	LW	3	853C>T	222	NC_000020.11:34290551:G:A	CCSBVarC016784	ENSP00000217426.2:p.Arg285Trp	AHCY	ENSG00000101444	C1orf50
HsVcPPILacVa1	CCSBORF5896	2	CCSBORF3753	LW	3	97A>G	1	NC_000020.11:34295516:T:C	CCSBVarC016791	ENSP00000217426.2:p.Met33Val	AHCY	ENSG00000101444	C1orf50
HsVcPPILacVa1	CCSBORF7637	1	CCSBORF13662	LW	3	REF	647	NULL	NULL	NULL	CFP	ENSG00000126759	CYSRT1
HsVcPPILacVa1	CCSBORF7637	1	CCSBORF13662	LW	3	1076G>A	3	NC_000023.11:47626383:C:T	CCSBVarC017055	ENSP00000380189.3:p.Arg359Gln	CFP	ENSG00000126759	CYSRT1
HsVcPPILacVa1	CCSBORF7637	1	CCSBORF13662	LW	3	1180C>T	348	NC_000023.11:47626121:G:A	CCSBVarC017072	ENSP00000380189.3:p.Pro394Ser	CFP	ENSG00000126759	CYSRT1
HsVcPPILacVa1	CCSBORF7637	1	CCSBORF13662	LW	3	1205C>G	970	NC_000023.11:47626096:G:C	CCSBVarC017075	ENSP00000380189.3:p.Ala402Gly	CFP	ENSG00000126759	CYSRT1
HsVcPPILacVa1	CCSBORF7637	1	CCSBORF13662	LW	3	121G>A	281	NC_000023.11:47629629:C:T	CCSBVarC010168	ENSP00000380189.3:p.Gly41Ser	CFP	ENSG00000126759	CYSRT1
HsVcPPILacVa1	CCSBORF7637	1	CCSBORF13662	LW	3	1237A>G	486	NC_000023.11:47626064:T:C	CCSBVarC017079	ENSP00000380189.3:p.Lys413Glu	CFP	ENSG00000126759	CYSRT1
HsVcPPILacVa1	CCSBORF7637	1	CCSBORF13662	LW	3	1240T>G	401	NC_000023.11:47626061:A:C	CCSBVarC004314	ENSP00000380189.3:p.Tyr414Asp	CFP	ENSG00000126759	CYSRT1
HsVcPPILacVa1	CCSBORF7637	1	CCSBORF13662	LW	3	1301G>C	348	NC_000023.11:47624383:C:G	CCSBVarC017083	ENSP00000380189.3:p.Arg434Thr	CFP	ENSG00000126759	CYSRT1
HsVcPPILacVa1	CCSBORF7637	1	CCSBORF13662	LW	3	1369C>T	546	NC_000023.11:47624315:G:A	CCSBVarC017087	ENSP00000380189.3:p.His457Tyr	CFP	ENSG00000126759	CYSRT1
HsVcPPILacVa1	CCSBORF7637	1	CCSBORF13662	LW	3	232C>G	1491	NC_000023.11:47628272:G:C	CCSBVarC017091	ENSP00000380189.3:p.Pro78Ala	CFP	ENSG00000126759	CYSRT1
HsVcPPILacVa1	CCSBORF7637	1	CCSBORF13662	LW	3	236G>A	12	NC_000023.11:47628268:C:T	CCSBVarC010162	ENSP00000380189.3:p.Arg79Gln	CFP	ENSG00000126759	CYSRT1
HsVcPPILacVa1	CCSBORF7637	1	CCSBORF13662	LW	3	308G>A	42	NC_000023.11:47628196:C:T	CCSBVarC017095	ENSP00000380189.3:p.Arg103His	CFP	ENSG00000126759	CYSRT1
HsVcPPILacVa1	CCSBORF7637	1	CCSBORF13662	LW	3	343G>T	1170	NC_000023.11:47628161:C:A	CCSBVarC017099	ENSP00000380189.3:p.Val115Leu	CFP	ENSG00000126759	CYSRT1
HsVcPPILacVa1	CCSBORF7637	1	CCSBORF13662	LW	3	412G>A	4	NC_000023.11:47627632:C:T	CCSBVarC017103	ENSP00000380189.3:p.Gly138Ser	CFP	ENSG00000126759	CYSRT1
HsVcPPILacVa1	CCSBORF7637	1	CCSBORF13662	LW	3	469C>T	22	NC_000023.11:47627575:G:A	CCSBVarC017107	ENSP00000380189.3:p.Arg157Trp	CFP	ENSG00000126759	CYSRT1
HsVcPPILacVa1	CCSBORF7637	1	CCSBORF13662	LW	3	482G>A	8	NC_000023.11:47627562:C:T	CCSBVarC017122	ENSP00000380189.3:p.Arg161Gln	CFP	ENSG00000126759	CYSRT1
HsVcPPILacVa1	CCSBORF7637	1	CCSBORF13662	LW	3	643G>A	22	NC_000023.11:47627263:C:T	CCSBVarC017126	ENSP00000380189.3:p.Glu215Lys	CFP	ENSG00000126759	CYSRT1
HsVcPPILacVa1	CCSBORF7637	1	CCSBORF13662	LW	3	709C>T	4	NC_000023.11:47627197:G:A	CCSBVarC017130	ENSP00000380189.3:p.Pro237Ser	CFP	ENSG00000126759	CYSRT1
HsVcPPILacVa1	CCSBORF7637	1	CCSBORF13662	LW	3	739A>T	366	NC_000023.11:47627167:T:A	CCSBVarC017134	ENSP00000380189.3:p.Arg247Trp	CFP	ENSG00000126759	CYSRT1
HsVcPPILacVa1	CCSBORF7637	1	CCSBORF13662	LW	3	865C>T	1397	NC_000023.11:47626847:G:A	CCSBVarC017137	ENSP00000380189.3:p.Pro289Ser	CFP	ENSG00000126759	CYSRT1
HsVcPPILacVa1	CCSBORF7637	1	CCSBORF13662	LW	3	895G>A	34	NC_000023.11:47626817:C:T	CCSBVarC010164	ENSP00000380189.3:p.Asp299Asn	CFP	ENSG00000126759	CYSRT1
HsVcPPILacVa1	CCSBORF7637	1	CCSBORF13662	LW	3	961T>G	1253	NC_000023.11:47626498:A:C	CCSBVarC010175	ENSP00000380189.3:p.Trp321Gly	CFP	ENSG00000126759	CYSRT1
HsVcPPILacVa1	CCSBORF7637	1	CCSBORF13662	LW	3	962G>C	3	NC_000023.11:47626497:C:G	CCSBVarC001212	ENSP00000380189.3:p.Trp321Ser	CFP	ENSG00000126759	CYSRT1
HsVcPPILacVa1	CCSBORF4870	2	CCSBORF55664	LW	3	REF	207	NULL	NULL	NULL	KRT6A	ENSG00000205420	TRIM54
HsVcPPILacVa1	CCSBORF4870	2	CCSBORF55664	LW	3	1198A>C	605	NC_000012.12:52489947:T:G	CCSBVarC015603	ENSP00000369317.3:p.Lys400Gln	KRT6A	ENSG00000205420	TRIM54
HsVcPPILacVa1	CCSBORF4870	2	CCSBORF55664	LW	3	1282G>A	120	NC_000012.12:52488469:C:T	CCSBVarC015611	ENSP00000369317.3:p.Glu428Lys	KRT6A	ENSG00000205420	TRIM54
HsVcPPILacVa1	CCSBORF4870	2	CCSBORF55664	LW	3	1378G>A	789	NC_000012.12:52488373:C:T	CCSBVarC015615	ENSP00000369317.3:p.Val460Met	KRT6A	ENSG00000205420	TRIM54
HsVcPPILacVa1	CCSBORF4870	2	CCSBORF55664	LW	3	1381G>A	1487	NC_000012.12:52488370:C:T	CCSBVarC003673	ENSP00000369317.3:p.Glu461Lys	KRT6A	ENSG00000205420	TRIM54
HsVcPPILacVa1	CCSBORF4870	2	CCSBORF55664	LW	3	1387G>C	347	NC_000012.12:52488364:C:G	CCSBVarC000721	ENSP00000369317.3:p.Ala463Pro	KRT6A	ENSG00000205420	TRIM54
HsVcPPILacVa1	CCSBORF4870	2	CCSBORF55664	LW	3	1393T>C	6	NC_000012.12:52488358:A:G	CCSBVarC003675	ENSP00000369317.3:p.Tyr465His	KRT6A	ENSG00000205420	TRIM54
HsVcPPILacVa1	CCSBORF4870	2	CCSBORF55664	LW	3	1403T>A	123	NC_000012.12:52488348:A:T	CCSBVarC003677	ENSP00000369317.3:p.Leu468Gln	KRT6A	ENSG00000205420	TRIM54
HsVcPPILacVa1	CCSBORF4870	2	CCSBORF55664	LW	3	1416G>C	1098	NC_000012.12:52488335:C:G	CCSBVarC003679	ENSP00000369317.3:p.Glu472Asp	KRT6A	ENSG00000205420	TRIM54
HsVcPPILacVa1	CCSBORF4870	2	CCSBORF55664	LW	3	1456A>G	3	NC_000012.12:52488071:T:C	CCSBVarC015620	ENSP00000369317.3:p.Ile486Val	KRT6A	ENSG00000205420	TRIM54
HsVcPPILacVa1	CCSBORF4870	2	CCSBORF55664	LW	3	1567G>A	124	NC_000012.12:52487847:C:T	CCSBVarC009576	ENSP00000369317.3:p.Val523Ile	KRT6A	ENSG00000205420	TRIM54
HsVcPPILacVa1	CCSBORF4870	2	CCSBORF55664	LW	3	1567G>T	124	NC_000012.12:52487847:C:A	CCSBVarC002920	ENSP00000369317.3:p.Val523Phe	KRT6A	ENSG00000205420	TRIM54
HsVcPPILacVa1	CCSBORF4870	2	CCSBORF55664	LW	3	1604T>C	197	NC_000012.12:52487810:A:G	CCSBVarC015632	ENSP00000369317.3:p.Ile535Thr	KRT6A	ENSG00000205420	TRIM54
HsVcPPILacVa1	CCSBORF4870	2	CCSBORF55664	LW	3	1650G>T	586	NC_000012.12:52487764:C:A	CCSBVarC015638	ENSP00000369317.3:p.Lys550Asn	KRT6A	ENSG00000205420	TRIM54
HsVcPPILacVa1	CCSBORF4870	2	CCSBORF55664	LW	3	332G>A	0	NC_000012.12:52492856:C:T	CCSBVarC015647	ENSP00000369317.3:p.Gly111Asp	KRT6A	ENSG00000205420	TRIM54
HsVcPPILacVa1	CCSBORF4870	2	CCSBORF55664	LW	3	361G>A	258	NC_000012.12:52492827:C:T	CCSBVarC015651	ENSP00000369317.3:p.Gly121Ser	KRT6A	ENSG00000205420	TRIM54
HsVcPPILacVa1	CCSBORF4870	2	CCSBORF55664	LW	3	46C>T	3	NC_000012.12:52493142:G:A	CCSBVarC015667	ENSP00000369317.3:p.Arg16Trp	KRT6A	ENSG00000205420	TRIM54
HsVcPPILacVa1	CCSBORF4870	2	CCSBORF55664	LW	3	491G>C	401	NC_000012.12:52492697:C:G	CCSBVarC003663	ENSP00000369317.3:p.Arg164Pro	KRT6A	ENSG00000205420	TRIM54
HsVcPPILacVa1	CCSBORF4870	2	CCSBORF55664	LW	3	500T>G	0	NC_000012.12:52492688:A:C	CCSBVarC003665	ENSP00000369317.3:p.Ile167Ser	KRT6A	ENSG00000205420	TRIM54
HsVcPPILacVa1	CCSBORF4870	2	CCSBORF55664	LW	3	511A>T	244	NC_000012.12:52492677:T:A	CCSBVarC003667	ENSP00000369317.3:p.Asn171Tyr	KRT6A	ENSG00000205420	TRIM54
HsVcPPILacVa1	CCSBORF4870	2	CCSBORF55664	LW	3	512A>G	279	NC_000012.12:52492676:T:C	CCSBVarC003669	ENSP00000369317.3:p.Asn171Ser	KRT6A	ENSG00000205420	TRIM54
HsVcPPILacVa1	CCSBORF4870	2	CCSBORF55664	LW	3	520T>G	1	NC_000012.12:52492668:A:C	CCSBVarC000719	ENSP00000369317.3:p.Phe174Val	KRT6A	ENSG00000205420	TRIM54
HsVcPPILacVa1	CCSBORF4870	2	CCSBORF55664	LW	3	526T>C	132	NC_000012.12:52492662:A:G	CCSBVarC003671	ENSP00000369317.3:p.Ser176Pro	KRT6A	ENSG00000205420	TRIM54
HsVcPPILacVa1	CCSBORF4870	2	CCSBORF55664	LW	3	628C>A	1107	NC_000012.12:52491648:G:T	CCSBVarC009567	ENSP00000369317.3:p.Leu210Met	KRT6A	ENSG00000205420	TRIM54
HsVcPPILacVa1	CCSBORF4870	2	CCSBORF55664	LW	3	632A>G	1	NC_000012.12:52491644:T:C	CCSBVarC015673	ENSP00000369317.3:p.Glu211Gly	KRT6A	ENSG00000205420	TRIM54
HsVcPPILacVa1	CCSBORF4870	2	CCSBORF55664	LW	3	680G>A	1	NC_000012.12:52491596:C:T	CCSBVarC015679	ENSP00000369317.3:p.Ser227Asn	KRT6A	ENSG00000205420	TRIM54
HsVcPPILacVa1	CCSBORF4870	2	CCSBORF55664	LW	3	745T>C	799	NC_000012.12:52491531:A:G	CCSBVarC002915	ENSP00000369317.3:p.Phe249Leu	KRT6A	ENSG00000205420	TRIM54
HsVcPPILacVa1	CCSBORF4870	2	CCSBORF55664	LW	3	806C>T	0	NC_000012.12:52491121:G:A	CCSBVarC015685	ENSP00000369317.3:p.Thr269Ile	KRT6A	ENSG00000205420	TRIM54
HsVcPPILacVa1	CCSBORF4870	2	CCSBORF55664	LW	3	968A>T	0	NC_000012.12:52490677:T:A	CCSBVarC015689	ENSP00000369317.3:p.Asp323Val	KRT6A	ENSG00000205420	TRIM54
HsVcPPILacVa1	CCSBORF4870	2	CCSBORF55664	LW	3	981C>G	0	NC_000012.12:52490664:G:C	CCSBVarC015694	ENSP00000369317.3:p.Asn327Lys	KRT6A	ENSG00000205420	TRIM54
HsVcPPILacVa1	CCSBORF4870	1	CCSBORF56141	LW	3	REF	142	NULL	NULL	NULL	KRT6A	ENSG00000205420	KRT31
HsVcPPILacVa1	CCSBORF4870	1	CCSBORF56141	LW	3	1003G>A	3	NC_000012.12:52490642:C:T	CCSBVarC009565	ENSP00000369317.3:p.Ala335Thr	KRT6A	ENSG00000205420	KRT31
HsVcPPILacVa1	CCSBORF4870	1	CCSBORF56141	LW	3	1157G>T	0	NC_000012.12:52489988:C:A	CCSBVarC015599	ENSP00000369317.3:p.Arg386Leu	KRT6A	ENSG00000205420	KRT31
HsVcPPILacVa1	CCSBORF4870	1	CCSBORF56141	LW	3	1211A>G	0	NC_000012.12:52488540:T:C	CCSBVarC015607	ENSP00000369317.3:p.Asn404Ser	KRT6A	ENSG00000205420	KRT31
HsVcPPILacVa1	CCSBORF4870	1	CCSBORF56141	LW	3	1327C>T	5	NC_000012.12:52488424:G:A	CCSBVarC009573	ENSP00000369317.3:p.Arg443Trp	KRT6A	ENSG00000205420	KRT31
HsVcPPILacVa1	CCSBORF4870	1	CCSBORF56141	LW	3	1340A>G	2	NC_000012.12:52488411:T:C	CCSBVarC015613	ENSP00000369317.3:p.Glu447Gly	KRT6A	ENSG00000205420	KRT31
HsVcPPILacVa1	CCSBORF4870	1	CCSBORF56141	LW	3	1385T>A	0	NC_000012.12:52488366:A:T	CCSBVarC003674	ENSP00000369317.3:p.Ile462Asn	KRT6A	ENSG00000205420	KRT31
HsVcPPILacVa1	CCSBORF4870	1	CCSBORF56141	LW	3	1385T>G	0	NC_000012.12:52488366:A:C	CCSBVarC000720	ENSP00000369317.3:p.Ile462Ser	KRT6A	ENSG00000205420	KRT31
HsVcPPILacVa1	CCSBORF4870	1	CCSBORF56141	LW	3	1403T>C	896	NC_000012.12:52488348:A:G	CCSBVarC003676	ENSP00000369317.3:p.Leu468Pro	KRT6A	ENSG00000205420	KRT31
HsVcPPILacVa1	CCSBORF4870	1	CCSBORF56141	LW	3	1414G>A	379	NC_000012.12:52488337:C:T	CCSBVarC003678	ENSP00000369317.3:p.Glu472Lys	KRT6A	ENSG00000205420	KRT31
HsVcPPILacVa1	CCSBORF4870	1	CCSBORF56141	LW	3	1441G>A	2	NC_000012.12:52488086:C:T	CCSBVarC015618	ENSP00000369317.3:p.Val481Ile	KRT6A	ENSG00000205420	KRT31
HsVcPPILacVa1	CCSBORF4870	1	CCSBORF56141	LW	3	1534G>A	0	NC_000012.12:52487880:C:T	CCSBVarC015629	ENSP00000369317.3:p.Gly512Arg	KRT6A	ENSG00000205420	KRT31
HsVcPPILacVa1	CCSBORF4870	1	CCSBORF56141	LW	3	1606G>A	0	NC_000012.12:52487808:C:T	CCSBVarC015635	ENSP00000369317.3:p.Gly536Arg	KRT6A	ENSG00000205420	KRT31
HsVcPPILacVa1	CCSBORF4870	1	CCSBORF56141	LW	3	1655C>G	0	NC_000012.12:52487759:G:C	CCSBVarC002916	ENSP00000369317.3:p.Thr552Ser	KRT6A	ENSG00000205420	KRT31
HsVcPPILacVa1	CCSBORF4870	1	CCSBORF56141	LW	3	215T>C	0	NC_000012.12:52492973:A:G	CCSBVarC015643	ENSP00000369317.3:p.Ile72Thr	KRT6A	ENSG00000205420	KRT31
HsVcPPILacVa1	CCSBORF4870	1	CCSBORF56141	LW	3	359G>T	0	NC_000012.12:52492829:C:A	CCSBVarC015649	ENSP00000369317.3:p.Gly120Val	KRT6A	ENSG00000205420	KRT31
HsVcPPILacVa1	CCSBORF4870	1	CCSBORF56141	LW	3	365T>C	0	NC_000012.12:52492823:A:G	CCSBVarC015653	ENSP00000369317.3:p.Phe122Ser	KRT6A	ENSG00000205420	KRT31
HsVcPPILacVa1	CCSBORF4870	1	CCSBORF56141	LW	3	460C>G	1	NC_000012.12:52492728:G:C	CCSBVarC015670	ENSP00000369317.3:p.Pro154Ala	KRT6A	ENSG00000205420	KRT31
HsVcPPILacVa1	CCSBORF4870	1	CCSBORF56141	LW	3	487G>A	88	NC_000012.12:52492701:C:T	CCSBVarC003662	ENSP00000369317.3:p.Glu163Lys	KRT6A	ENSG00000205420	KRT31
HsVcPPILacVa1	CCSBORF4870	1	CCSBORF56141	LW	3	497A>C	150	NC_000012.12:52492691:T:G	CCSBVarC003664	ENSP00000369317.3:p.Gln166Pro	KRT6A	ENSG00000205420	KRT31
HsVcPPILacVa1	CCSBORF4870	1	CCSBORF56141	LW	3	508C>T	724	NC_000012.12:52492680:G:A	CCSBVarC003666	ENSP00000369317.3:p.Leu170Phe	KRT6A	ENSG00000205420	KRT31
HsVcPPILacVa1	CCSBORF4870	1	CCSBORF56141	LW	3	511A>G	239	NC_000012.12:52492677:T:C	CCSBVarC003668	ENSP00000369317.3:p.Asn171Asp	KRT6A	ENSG00000205420	KRT31
HsVcPPILacVa1	CCSBORF4870	1	CCSBORF56141	LW	3	512A>C	2	NC_000012.12:52492676:T:G	CCSBVarC003670	ENSP00000369317.3:p.Asn171Thr	KRT6A	ENSG00000205420	KRT31
HsVcPPILacVa1	CCSBORF4870	1	CCSBORF56141	LW	3	513C>A	110	NC_000012.12:52492675:G:T	CCSBVarC000718	ENSP00000369317.3:p.Asn171Lys	KRT6A	ENSG00000205420	KRT31
HsVcPPILacVa1	CCSBORF4870	1	CCSBORF56141	LW	3	533T>A	1587	NC_000012.12:52492655:A:T	CCSBVarC003672	ENSP00000369317.3:p.Ile178Asn	KRT6A	ENSG00000205420	KRT31
HsVcPPILacVa1	CCSBORF4870	1	CCSBORF56141	LW	3	62A>G	4	NC_000012.12:52493126:T:C	CCSBVarC002913	ENSP00000369317.3:p.Asn21Ser	KRT6A	ENSG00000205420	KRT31
HsVcPPILacVa1	CCSBORF4870	1	CCSBORF56141	LW	3	661C>A	1	NC_000012.12:52491615:G:T	CCSBVarC015676	ENSP00000369317.3:p.Leu221Ile	KRT6A	ENSG00000205420	KRT31
HsVcPPILacVa1	CCSBORF4870	1	CCSBORF56141	LW	3	718A>G	1	NC_000012.12:52491558:T:C	CCSBVarC015683	ENSP00000369317.3:p.Arg240Gly	KRT6A	ENSG00000205420	KRT31
HsVcPPILacVa1	CCSBORF4870	1	CCSBORF56141	LW	3	827C>T	2	NC_000012.12:52490942:G:A	CCSBVarC015687	ENSP00000369317.3:p.Ala276Val	KRT6A	ENSG00000205420	KRT31
HsVcPPILacVa1	CCSBORF4870	1	CCSBORF56141	LW	3	98T>C	2	NC_000012.12:52493090:A:G	CCSBVarC015691	ENSP00000369317.3:p.Phe33Ser	KRT6A	ENSG00000205420	KRT31
HsVcPPILacVa1	CCSBORF3581	1	CCSBORF820	LW	3	REF	198	NULL	NULL	NULL	MCOLN1	ENSG00000090674	APPBP2
HsVcPPILacVa1	CCSBORF3581	1	CCSBORF820	LW	3	1062G>T	0	NC_000019.10:7528897:G:T	CCSBVarC016196	ENSP00000264079.5:p.Trp354Cys	MCOLN1	ENSG00000090674	APPBP2
HsVcPPILacVa1	CCSBORF3581	1	CCSBORF820	LW	3	1084G>T	930	NC_000019.10:7528919:G:T	CCSBVarC000496	ENSP00000264079.5:p.Asp362Tyr	MCOLN1	ENSG00000090674	APPBP2
HsVcPPILacVa1	CCSBORF3581	1	CCSBORF820	LW	3	1207C>T	598	NC_000019.10:7529172:C:T	CCSBVarC003574	ENSP00000264079.5:p.Arg403Cys	MCOLN1	ENSG00000090674	APPBP2
HsVcPPILacVa1	CCSBORF3581	1	CCSBORF820	LW	3	1208G>A	51	NC_000019.10:7529173:G:A	CCSBVarC016205	ENSP00000264079.5:p.Arg403His	MCOLN1	ENSG00000090674	APPBP2
HsVcPPILacVa1	CCSBORF3581	1	CCSBORF820	LW	3	16G>T	1	NC_000019.10:7522765:G:T	CCSBVarC016237	ENSP00000264079.5:p.Gly6Cys	MCOLN1	ENSG00000090674	APPBP2
HsVcPPILacVa1	CCSBORF3581	1	CCSBORF820	LW	3	248T>G	0	NC_000019.10:7526448:T:G	CCSBVarC016247	ENSP00000264079.5:p.Phe83Cys	MCOLN1	ENSG00000090674	APPBP2
HsVcPPILacVa1	CCSBORF3581	1	CCSBORF820	LW	3	364C>T	2	NC_000019.10:7526564:C:T	CCSBVarC016256	ENSP00000264079.5:p.Arg122Trp	MCOLN1	ENSG00000090674	APPBP2
HsVcPPILacVa1	CCSBORF3581	1	CCSBORF820	LW	3	367G>A	823	NC_000019.10:7526567:G:A	CCSBVarC016262	ENSP00000264079.5:p.Glu123Lys	MCOLN1	ENSG00000090674	APPBP2
HsVcPPILacVa1	CCSBORF3581	1	CCSBORF820	LW	3	452G>A	78	NC_000019.10:7526806:G:A	CCSBVarC016272	ENSP00000264079.5:p.Arg151His	MCOLN1	ENSG00000090674	APPBP2
HsVcPPILacVa1	CCSBORF3581	1	CCSBORF820	LW	3	497G>T	1	NC_000019.10:7526851:G:T	CCSBVarC016278	ENSP00000264079.5:p.Cys166Phe	MCOLN1	ENSG00000090674	APPBP2
HsVcPPILacVa1	CCSBORF3581	1	CCSBORF820	LW	3	589C>A	1323	NC_000019.10:7527536:C:A	CCSBVarC016283	ENSP00000264079.5:p.Pro197Thr	MCOLN1	ENSG00000090674	APPBP2
HsVcPPILacVa1	CCSBORF3581	1	CCSBORF820	LW	3	625C>T	4	NC_000019.10:7527572:C:T	CCSBVarC009375	ENSP00000264079.5:p.Leu209Phe	MCOLN1	ENSG00000090674	APPBP2
HsVcPPILacVa1	CCSBORF3581	1	CCSBORF820	LW	3	71C>A	916	NC_000019.10:7524999:C:A	CCSBVarC016317	ENSP00000264079.5:p.Thr24Asn	MCOLN1	ENSG00000090674	APPBP2
HsVcPPILacVa1	CCSBORF3581	1	CCSBORF820	LW	3	782C>T	8	NC_000019.10:7528161:C:T	CCSBVarC016322	ENSP00000264079.5:p.Thr261Met	MCOLN1	ENSG00000090674	APPBP2
HsVcPPILacVa1	CCSBORF3581	1	CCSBORF820	LW	3	815C>G	278	NC_000019.10:7528194:C:G	CCSBVarC016362	ENSP00000264079.5:p.Pro272Arg	MCOLN1	ENSG00000090674	APPBP2
HsVcPPILacVa1	CCSBORF3581	1	CCSBORF820	LW	3	907G>A	7	NC_000019.10:7528625:G:A	CCSBVarC016388	ENSP00000264079.5:p.Val303Met	MCOLN1	ENSG00000090674	APPBP2
HsVcPPILacVa1	CCSBORF1231	1	CCSBORF71894	LW	3	REF	1382	NULL	NULL	NULL	AQP1	ENSG00000240583	ZIM2
HsVcPPILacVa1	CCSBORF1231	1	CCSBORF71894	LW	3	113C>T	1100	NC_000007.14:30912021:C:T	CCSBVarC000137	ENSP00000311165.4:p.Pro38Leu	AQP1	ENSG00000240583	ZIM2
HsVcPPILacVa1	CCSBORF1231	1	CCSBORF71894	LW	3	140A>G	6420	NC_000007.14:30912048:A:G	CCSBVarC000138	ENSP00000311165.4:p.Gln47Arg	AQP1	ENSG00000240583	ZIM2
HsVcPPILacVa1	CCSBORF1231	1	CCSBORF71894	LW	3	319G>A	18	NC_000007.14:30912227:G:A	CCSBVarC015066	ENSP00000311165.4:p.Val107Ile	AQP1	ENSG00000240583	ZIM2
HsVcPPILacVa1	CCSBORF1231	1	CCSBORF71894	LW	3	320T>G	2262	NC_000007.14:30912228:T:G	CCSBVarC015069	ENSP00000311165.4:p.Val107Gly	AQP1	ENSG00000240583	ZIM2
HsVcPPILacVa1	CCSBORF1231	1	CCSBORF71894	LW	3	494G>A	499	NC_000007.14:30922174:G:A	CCSBVarC015072	ENSP00000311165.4:p.Gly165Asp	AQP1	ENSG00000240583	ZIM2
HsVcPPILacVa1	CCSBORF1231	1	CCSBORF71894	LW	3	576C>A	2034	NC_000007.14:30922589:C:A	CCSBVarC000139	ENSP00000311165.4:p.Asn192Lys	AQP1	ENSG00000240583	ZIM2
HsVcPPILacVa1	CCSBORF1231	1	CCSBORF52758	LW	3	REF	1630	NULL	NULL	NULL	AQP1	ENSG00000240583	ZNF792
HsVcPPILacVa1	CCSBORF1231	1	CCSBORF52758	LW	3	113C>T	1363	NC_000007.14:30912021:C:T	CCSBVarC000137	ENSP00000311165.4:p.Pro38Leu	AQP1	ENSG00000240583	ZNF792
HsVcPPILacVa1	CCSBORF1231	1	CCSBORF52758	LW	3	140A>G	6312	NC_000007.14:30912048:A:G	CCSBVarC000138	ENSP00000311165.4:p.Gln47Arg	AQP1	ENSG00000240583	ZNF792
HsVcPPILacVa1	CCSBORF1231	1	CCSBORF52758	LW	3	319G>A	17	NC_000007.14:30912227:G:A	CCSBVarC015066	ENSP00000311165.4:p.Val107Ile	AQP1	ENSG00000240583	ZNF792
HsVcPPILacVa1	CCSBORF1231	1	CCSBORF52758	LW	3	320T>G	2914	NC_000007.14:30912228:T:G	CCSBVarC015069	ENSP00000311165.4:p.Val107Gly	AQP1	ENSG00000240583	ZNF792
HsVcPPILacVa1	CCSBORF1231	1	CCSBORF52758	LW	3	494G>A	491	NC_000007.14:30922174:G:A	CCSBVarC015072	ENSP00000311165.4:p.Gly165Asp	AQP1	ENSG00000240583	ZNF792
HsVcPPILacVa1	CCSBORF1231	1	CCSBORF52758	LW	3	576C>A	1650	NC_000007.14:30922589:C:A	CCSBVarC000139	ENSP00000311165.4:p.Asn192Lys	AQP1	ENSG00000240583	ZNF792
HsVcPPILacVa1	CCSBORF1231	1	CCSBORF7954	LW	3	REF	2122	NULL	NULL	NULL	AQP1	ENSG00000240583	BEGAIN
HsVcPPILacVa1	CCSBORF1231	1	CCSBORF7954	LW	3	113C>T	1970	NC_000007.14:30912021:C:T	CCSBVarC000137	ENSP00000311165.4:p.Pro38Leu	AQP1	ENSG00000240583	BEGAIN
HsVcPPILacVa1	CCSBORF1231	1	CCSBORF7954	LW	3	140A>G	9485	NC_000007.14:30912048:A:G	CCSBVarC000138	ENSP00000311165.4:p.Gln47Arg	AQP1	ENSG00000240583	BEGAIN
HsVcPPILacVa1	CCSBORF1231	1	CCSBORF7954	LW	3	319G>A	109	NC_000007.14:30912227:G:A	CCSBVarC015066	ENSP00000311165.4:p.Val107Ile	AQP1	ENSG00000240583	BEGAIN
HsVcPPILacVa1	CCSBORF1231	1	CCSBORF7954	LW	3	320T>G	2263	NC_000007.14:30912228:T:G	CCSBVarC015069	ENSP00000311165.4:p.Val107Gly	AQP1	ENSG00000240583	BEGAIN
HsVcPPILacVa1	CCSBORF1231	1	CCSBORF7954	LW	3	494G>A	503	NC_000007.14:30922174:G:A	CCSBVarC015072	ENSP00000311165.4:p.Gly165Asp	AQP1	ENSG00000240583	BEGAIN
HsVcPPILacVa1	CCSBORF1231	1	CCSBORF7954	LW	3	576C>A	2233	NC_000007.14:30922589:C:A	CCSBVarC000139	ENSP00000311165.4:p.Asn192Lys	AQP1	ENSG00000240583	BEGAIN
HsVcPPILacVa1	CCSBORF70357	2	CCSBORF0	LW	3	REF	309	NULL	NULL	NULL	TSFM	ENSG00000123297	empty_AD
HsVcPPILacVa1	CCSBORF70357	2	CCSBORF0	LW	3	116G>T	2196	NC_000012.12:57783167:G:T	CCSBVarC017014	ENSP00000499171.2:p.Arg39Leu	TSFM	ENSG00000123297	empty_AD
HsVcPPILacVa1	CCSBORF70357	2	CCSBORF0	LW	3	218G>C	1	NC_000012.12:57783269:G:C	CCSBVarC017018	ENSP00000499171.2:p.Gly73Ala	TSFM	ENSG00000123297	empty_AD
HsVcPPILacVa1	CCSBORF70357	2	CCSBORF0	LW	3	233C>T	2	NC_000012.12:57786163:C:T	CCSBVarC017023	ENSP00000499171.2:p.Ala78Val	TSFM	ENSG00000123297	empty_AD
HsVcPPILacVa1	CCSBORF70357	2	CCSBORF0	LW	3	271T>G	660	NC_000012.12:57786201:T:G	CCSBVarC017027	ENSP00000499171.2:p.Trp91Gly	TSFM	ENSG00000123297	empty_AD
HsVcPPILacVa1	CCSBORF70357	2	CCSBORF0	LW	3	388A>G	1065	NC_000012.12:57787066:A:G	CCSBVarC017031	ENSP00000499171.2:p.Arg130Gly	TSFM	ENSG00000123297	empty_AD
HsVcPPILacVa1	CCSBORF70357	2	CCSBORF0	LW	3	521C>T	0	NC_000012.12:57793022:C:T	CCSBVarC017039	ENSP00000499171.2:p.Ala174Val	TSFM	ENSG00000123297	empty_AD
HsVcPPILacVa1	CCSBORF70357	2	CCSBORF0	LW	3	59C>T	576	NC_000012.12:57783110:C:T	CCSBVarC017054	ENSP00000499171.2:p.Ala20Val	TSFM	ENSG00000123297	empty_AD
HsVcPPILacVa1	CCSBORF70357	2	CCSBORF0	LW	3	5C>T	1851	NC_000012.12:57782805:C:T	CCSBVarC017035	ENSP00000499171.2:p.Ser2Leu	TSFM	ENSG00000123297	empty_AD
HsVcPPILacVa1	CCSBORF70357	2	CCSBORF0	LW	3	62G>C	6	NC_000012.12:57783113:G:C	CCSBVarC017057	ENSP00000499171.2:p.Gly21Ala	TSFM	ENSG00000123297	empty_AD
HsVcPPILacVa1	CCSBORF70357	2	CCSBORF0	LW	3	658G>A	4	NC_000012.12:57796262:G:A	CCSBVarC017059	ENSP00000499171.2:p.Ala220Thr	TSFM	ENSG00000123297	empty_AD
HsVcPPILacVa1	CCSBORF70357	2	CCSBORF0	LW	3	719G>C	3	NC_000012.12:57796323:G:C	CCSBVarC017062	ENSP00000499171.2:p.Cys240Ser	TSFM	ENSG00000123297	empty_AD
HsVcPPILacVa1	CCSBORF70357	2	CCSBORF0	LW	3	73C>A	974	NC_000012.12:57783124:C:A	CCSBVarC017064	ENSP00000499171.2:p.Arg25Ser	TSFM	ENSG00000123297	empty_AD
HsVcPPILacVa1	CCSBORF70357	2	CCSBORF0	LW	3	760C>T	901	NC_000012.12:57796364:C:T	CCSBVarC017066	ENSP00000499171.2:p.Arg254Cys	TSFM	ENSG00000123297	empty_AD
HsVcPPILacVa1	CCSBORF70357	2	CCSBORF0	LW	3	774G>C	518	NC_000012.12:57796378:G:C	CCSBVarC017068	ENSP00000499171.2:p.Gln258His	TSFM	ENSG00000123297	empty_AD
HsVcPPILacVa1	CCSBORF70357	2	CCSBORF0	LW	3	796C>A	1576	NC_000012.12:57796400:C:A	CCSBVarC017071	ENSP00000499171.2:p.Leu266Ile	TSFM	ENSG00000123297	empty_AD
HsVcPPILacVa1	CCSBORF70357	2	CCSBORF0	LW	3	797T>A	6	NC_000012.12:57796401:T:A	CCSBVarC017076	ENSP00000499171.2:p.Leu266His	TSFM	ENSG00000123297	empty_AD
HsVcPPILacVa1	CCSBORF70357	2	CCSBORF0	LW	3	826G>C	1970	NC_000012.12:57796430:G:C	CCSBVarC017080	ENSP00000499171.2:p.Gly276Arg	TSFM	ENSG00000123297	empty_AD
HsVcPPILacVa1	CCSBORF70357	2	CCSBORF0	LW	3	934C>T	625	NC_000012.12:57796538:C:T	CCSBVarC002653	ENSP00000499171.2:p.Arg312Trp	TSFM	ENSG00000123297	empty_AD
HsVcPPILacVa1	CCSBORF70357	2	CCSBORF0	LW	3	97A>G	22	NC_000012.12:57783148:A:G	CCSBVarC017088	ENSP00000499171.2:p.Thr33Ala	TSFM	ENSG00000123297	empty_AD
HsVcPPILacVa1	CCSBORF5896	2	CCSBORF0	LW	3	REF	278	NULL	NULL	NULL	AHCY	ENSG00000101444	empty_AD
HsVcPPILacVa1	CCSBORF5896	2	CCSBORF0	LW	3	1003C>T	1621	NC_000020.11:34285603:G:A	CCSBVarC016695	ENSP00000217426.2:p.Arg335Cys	AHCY	ENSG00000101444	empty_AD
HsVcPPILacVa1	CCSBORF5896	2	CCSBORF0	LW	3	104T>C	401	NC_000020.11:34295509:A:G	CCSBVarC016698	ENSP00000217426.2:p.Met35Thr	AHCY	ENSG00000101444	empty_AD
HsVcPPILacVa1	CCSBORF5896	2	CCSBORF0	LW	3	112C>T	149	NC_000020.11:34295501:G:A	CCSBVarC016719	ENSP00000217426.2:p.Arg38Trp	AHCY	ENSG00000101444	empty_AD
HsVcPPILacVa1	CCSBORF5896	2	CCSBORF0	LW	3	1190C>T	15	NC_000020.11:34281142:G:A	CCSBVarC016725	ENSP00000217426.2:p.Ala397Val	AHCY	ENSG00000101444	empty_AD
HsVcPPILacVa1	CCSBORF5896	2	CCSBORF0	LW	3	1261T>C	1018	NC_000020.11:34281071:A:G	CCSBVarC016729	ENSP00000217426.2:p.Cys421Arg	AHCY	ENSG00000101444	empty_AD
HsVcPPILacVa1	CCSBORF5896	2	CCSBORF0	LW	3	137A>C	277	NC_000020.11:34295476:T:G	CCSBVarC016735	ENSP00000217426.2:p.Lys46Thr	AHCY	ENSG00000101444	empty_AD
HsVcPPILacVa1	CCSBORF5896	2	CCSBORF0	LW	3	257A>G	1225	NC_000020.11:34294118:T:C	CCSBVarC000925	ENSP00000217426.2:p.Asp86Gly	AHCY	ENSG00000101444	empty_AD
HsVcPPILacVa1	CCSBORF5896	2	CCSBORF0	LW	3	274A>G	1782	NC_000020.11:34294101:T:C	CCSBVarC016741	ENSP00000217426.2:p.Ile92Val	AHCY	ENSG00000101444	empty_AD
HsVcPPILacVa1	CCSBORF5896	2	CCSBORF0	LW	3	367G>A	265	NC_000020.11:34292435:C:T	CCSBVarC016748	ENSP00000217426.2:p.Gly123Arg	AHCY	ENSG00000101444	empty_AD
HsVcPPILacVa1	CCSBORF5896	2	CCSBORF0	LW	3	394G>A	5	NC_000020.11:34292408:C:T	CCSBVarC016753	ENSP00000217426.2:p.Gly132Arg	AHCY	ENSG00000101444	empty_AD
HsVcPPILacVa1	CCSBORF5896	2	CCSBORF0	LW	3	428A>G	319	NC_000020.11:34292374:T:C	CCSBVarC000927	ENSP00000217426.2:p.Tyr143Cys	AHCY	ENSG00000101444	empty_AD
HsVcPPILacVa1	CCSBORF5896	2	CCSBORF0	LW	3	526C>T	659	NC_000020.11:34291450:G:A	CCSBVarC016759	ENSP00000217426.2:p.Pro176Ser	AHCY	ENSG00000101444	empty_AD
HsVcPPILacVa1	CCSBORF5896	2	CCSBORF0	LW	3	662A>G	1	NC_000020.11:34290834:T:C	CCSBVarC016765	ENSP00000217426.2:p.Tyr221Cys	AHCY	ENSG00000101444	empty_AD
HsVcPPILacVa1	CCSBORF5896	2	CCSBORF0	LW	3	697C>T	1264	NC_000020.11:34290799:G:A	CCSBVarC016774	ENSP00000217426.2:p.Arg233Trp	AHCY	ENSG00000101444	empty_AD
HsVcPPILacVa1	CCSBORF5896	2	CCSBORF0	LW	3	706G>A	479	NC_000020.11:34290790:C:T	CCSBVarC016778	ENSP00000217426.2:p.Gly236Arg	AHCY	ENSG00000101444	empty_AD
HsVcPPILacVa1	CCSBORF5896	2	CCSBORF0	LW	3	853C>T	172	NC_000020.11:34290551:G:A	CCSBVarC016784	ENSP00000217426.2:p.Arg285Trp	AHCY	ENSG00000101444	empty_AD
HsVcPPILacVa1	CCSBORF5896	2	CCSBORF0	LW	3	97A>G	2	NC_000020.11:34295516:T:C	CCSBVarC016791	ENSP00000217426.2:p.Met33Val	AHCY	ENSG00000101444	empty_AD
HsVcPPILacVa1	CCSBORF7637	1	CCSBORF0	LW	3	REF	437	NULL	NULL	NULL	CFP	ENSG00000126759	empty_AD
HsVcPPILacVa1	CCSBORF7637	1	CCSBORF0	LW	3	1076G>A	4	NC_000023.11:47626383:C:T	CCSBVarC017055	ENSP00000380189.3:p.Arg359Gln	CFP	ENSG00000126759	empty_AD
HsVcPPILacVa1	CCSBORF7637	1	CCSBORF0	LW	3	1180C>T	359	NC_000023.11:47626121:G:A	CCSBVarC017072	ENSP00000380189.3:p.Pro394Ser	CFP	ENSG00000126759	empty_AD
HsVcPPILacVa1	CCSBORF7637	1	CCSBORF0	LW	3	1205C>G	1088	NC_000023.11:47626096:G:C	CCSBVarC017075	ENSP00000380189.3:p.Ala402Gly	CFP	ENSG00000126759	empty_AD
HsVcPPILacVa1	CCSBORF7637	1	CCSBORF0	LW	3	121G>A	323	NC_000023.11:47629629:C:T	CCSBVarC010168	ENSP00000380189.3:p.Gly41Ser	CFP	ENSG00000126759	empty_AD
HsVcPPILacVa1	CCSBORF7637	1	CCSBORF0	LW	3	1237A>G	405	NC_000023.11:47626064:T:C	CCSBVarC017079	ENSP00000380189.3:p.Lys413Glu	CFP	ENSG00000126759	empty_AD
HsVcPPILacVa1	CCSBORF7637	1	CCSBORF0	LW	3	1240T>G	221	NC_000023.11:47626061:A:C	CCSBVarC004314	ENSP00000380189.3:p.Tyr414Asp	CFP	ENSG00000126759	empty_AD
HsVcPPILacVa1	CCSBORF7637	1	CCSBORF0	LW	3	1301G>C	419	NC_000023.11:47624383:C:G	CCSBVarC017083	ENSP00000380189.3:p.Arg434Thr	CFP	ENSG00000126759	empty_AD
HsVcPPILacVa1	CCSBORF7637	1	CCSBORF0	LW	3	1369C>T	496	NC_000023.11:47624315:G:A	CCSBVarC017087	ENSP00000380189.3:p.His457Tyr	CFP	ENSG00000126759	empty_AD
HsVcPPILacVa1	CCSBORF7637	1	CCSBORF0	LW	3	232C>G	1563	NC_000023.11:47628272:G:C	CCSBVarC017091	ENSP00000380189.3:p.Pro78Ala	CFP	ENSG00000126759	empty_AD
HsVcPPILacVa1	CCSBORF7637	1	CCSBORF0	LW	3	236G>A	10	NC_000023.11:47628268:C:T	CCSBVarC010162	ENSP00000380189.3:p.Arg79Gln	CFP	ENSG00000126759	empty_AD
HsVcPPILacVa1	CCSBORF7637	1	CCSBORF0	LW	3	308G>A	28	NC_000023.11:47628196:C:T	CCSBVarC017095	ENSP00000380189.3:p.Arg103His	CFP	ENSG00000126759	empty_AD
HsVcPPILacVa1	CCSBORF7637	1	CCSBORF0	LW	3	343G>T	756	NC_000023.11:47628161:C:A	CCSBVarC017099	ENSP00000380189.3:p.Val115Leu	CFP	ENSG00000126759	empty_AD
HsVcPPILacVa1	CCSBORF7637	1	CCSBORF0	LW	3	412G>A	4	NC_000023.11:47627632:C:T	CCSBVarC017103	ENSP00000380189.3:p.Gly138Ser	CFP	ENSG00000126759	empty_AD
HsVcPPILacVa1	CCSBORF7637	1	CCSBORF0	LW	3	469C>T	10	NC_000023.11:47627575:G:A	CCSBVarC017107	ENSP00000380189.3:p.Arg157Trp	CFP	ENSG00000126759	empty_AD
HsVcPPILacVa1	CCSBORF7637	1	CCSBORF0	LW	3	482G>A	9	NC_000023.11:47627562:C:T	CCSBVarC017122	ENSP00000380189.3:p.Arg161Gln	CFP	ENSG00000126759	empty_AD
HsVcPPILacVa1	CCSBORF7637	1	CCSBORF0	LW	3	643G>A	22	NC_000023.11:47627263:C:T	CCSBVarC017126	ENSP00000380189.3:p.Glu215Lys	CFP	ENSG00000126759	empty_AD
HsVcPPILacVa1	CCSBORF7637	1	CCSBORF0	LW	3	709C>T	2	NC_000023.11:47627197:G:A	CCSBVarC017130	ENSP00000380189.3:p.Pro237Ser	CFP	ENSG00000126759	empty_AD
HsVcPPILacVa1	CCSBORF7637	1	CCSBORF0	LW	3	739A>T	251	NC_000023.11:47627167:T:A	CCSBVarC017134	ENSP00000380189.3:p.Arg247Trp	CFP	ENSG00000126759	empty_AD
HsVcPPILacVa1	CCSBORF7637	1	CCSBORF0	LW	3	865C>T	1220	NC_000023.11:47626847:G:A	CCSBVarC017137	ENSP00000380189.3:p.Pro289Ser	CFP	ENSG00000126759	empty_AD
HsVcPPILacVa1	CCSBORF7637	1	CCSBORF0	LW	3	895G>A	33	NC_000023.11:47626817:C:T	CCSBVarC010164	ENSP00000380189.3:p.Asp299Asn	CFP	ENSG00000126759	empty_AD
HsVcPPILacVa1	CCSBORF7637	1	CCSBORF0	LW	3	961T>G	1067	NC_000023.11:47626498:A:C	CCSBVarC010175	ENSP00000380189.3:p.Trp321Gly	CFP	ENSG00000126759	empty_AD
HsVcPPILacVa1	CCSBORF7637	1	CCSBORF0	LW	3	962G>C	5	NC_000023.11:47626497:C:G	CCSBVarC001212	ENSP00000380189.3:p.Trp321Ser	CFP	ENSG00000126759	empty_AD
HsVcPPILacVa1	CCSBORF4870	2	CCSBORF11229	LW	3	REF	316	NULL	NULL	NULL	KRT6A	ENSG00000205420	KIFC3
HsVcPPILacVa1	CCSBORF4870	2	CCSBORF11229	LW	3	1198A>C	533	NC_000012.12:52489947:T:G	CCSBVarC015603	ENSP00000369317.3:p.Lys400Gln	KRT6A	ENSG00000205420	KIFC3
HsVcPPILacVa1	CCSBORF4870	2	CCSBORF11229	LW	3	1282G>A	147	NC_000012.12:52488469:C:T	CCSBVarC015611	ENSP00000369317.3:p.Glu428Lys	KRT6A	ENSG00000205420	KIFC3
HsVcPPILacVa1	CCSBORF4870	2	CCSBORF11229	LW	3	1378G>A	531	NC_000012.12:52488373:C:T	CCSBVarC015615	ENSP00000369317.3:p.Val460Met	KRT6A	ENSG00000205420	KIFC3
HsVcPPILacVa1	CCSBORF4870	2	CCSBORF11229	LW	3	1381G>A	1271	NC_000012.12:52488370:C:T	CCSBVarC003673	ENSP00000369317.3:p.Glu461Lys	KRT6A	ENSG00000205420	KIFC3
HsVcPPILacVa1	CCSBORF4870	2	CCSBORF11229	LW	3	1387G>C	517	NC_000012.12:52488364:C:G	CCSBVarC000721	ENSP00000369317.3:p.Ala463Pro	KRT6A	ENSG00000205420	KIFC3
HsVcPPILacVa1	CCSBORF4870	2	CCSBORF11229	LW	3	1393T>C	3	NC_000012.12:52488358:A:G	CCSBVarC003675	ENSP00000369317.3:p.Tyr465His	KRT6A	ENSG00000205420	KIFC3
HsVcPPILacVa1	CCSBORF4870	2	CCSBORF11229	LW	3	1403T>A	53	NC_000012.12:52488348:A:T	CCSBVarC003677	ENSP00000369317.3:p.Leu468Gln	KRT6A	ENSG00000205420	KIFC3
HsVcPPILacVa1	CCSBORF4870	2	CCSBORF11229	LW	3	1416G>C	992	NC_000012.12:52488335:C:G	CCSBVarC003679	ENSP00000369317.3:p.Glu472Asp	KRT6A	ENSG00000205420	KIFC3
HsVcPPILacVa1	CCSBORF4870	2	CCSBORF11229	LW	3	1456A>G	2	NC_000012.12:52488071:T:C	CCSBVarC015620	ENSP00000369317.3:p.Ile486Val	KRT6A	ENSG00000205420	KIFC3
HsVcPPILacVa1	CCSBORF4870	2	CCSBORF11229	LW	3	1567G>A	156	NC_000012.12:52487847:C:T	CCSBVarC009576	ENSP00000369317.3:p.Val523Ile	KRT6A	ENSG00000205420	KIFC3
HsVcPPILacVa1	CCSBORF4870	2	CCSBORF11229	LW	3	1567G>T	101	NC_000012.12:52487847:C:A	CCSBVarC002920	ENSP00000369317.3:p.Val523Phe	KRT6A	ENSG00000205420	KIFC3
HsVcPPILacVa1	CCSBORF4870	2	CCSBORF11229	LW	3	1604T>C	166	NC_000012.12:52487810:A:G	CCSBVarC015632	ENSP00000369317.3:p.Ile535Thr	KRT6A	ENSG00000205420	KIFC3
HsVcPPILacVa1	CCSBORF4870	2	CCSBORF11229	LW	3	1650G>T	469	NC_000012.12:52487764:C:A	CCSBVarC015638	ENSP00000369317.3:p.Lys550Asn	KRT6A	ENSG00000205420	KIFC3
HsVcPPILacVa1	CCSBORF4870	2	CCSBORF11229	LW	3	332G>A	0	NC_000012.12:52492856:C:T	CCSBVarC015647	ENSP00000369317.3:p.Gly111Asp	KRT6A	ENSG00000205420	KIFC3
HsVcPPILacVa1	CCSBORF4870	2	CCSBORF11229	LW	3	361G>A	118	NC_000012.12:52492827:C:T	CCSBVarC015651	ENSP00000369317.3:p.Gly121Ser	KRT6A	ENSG00000205420	KIFC3
HsVcPPILacVa1	CCSBORF4870	2	CCSBORF11229	LW	3	46C>T	2	NC_000012.12:52493142:G:A	CCSBVarC015667	ENSP00000369317.3:p.Arg16Trp	KRT6A	ENSG00000205420	KIFC3
HsVcPPILacVa1	CCSBORF4870	2	CCSBORF11229	LW	3	491G>C	311	NC_000012.12:52492697:C:G	CCSBVarC003663	ENSP00000369317.3:p.Arg164Pro	KRT6A	ENSG00000205420	KIFC3
HsVcPPILacVa1	CCSBORF4870	2	CCSBORF11229	LW	3	500T>G	2	NC_000012.12:52492688:A:C	CCSBVarC003665	ENSP00000369317.3:p.Ile167Ser	KRT6A	ENSG00000205420	KIFC3
HsVcPPILacVa1	CCSBORF4870	2	CCSBORF11229	LW	3	511A>T	406	NC_000012.12:52492677:T:A	CCSBVarC003667	ENSP00000369317.3:p.Asn171Tyr	KRT6A	ENSG00000205420	KIFC3
HsVcPPILacVa1	CCSBORF4870	2	CCSBORF11229	LW	3	512A>G	229	NC_000012.12:52492676:T:C	CCSBVarC003669	ENSP00000369317.3:p.Asn171Ser	KRT6A	ENSG00000205420	KIFC3
HsVcPPILacVa1	CCSBORF4870	2	CCSBORF11229	LW	3	520T>G	2	NC_000012.12:52492668:A:C	CCSBVarC000719	ENSP00000369317.3:p.Phe174Val	KRT6A	ENSG00000205420	KIFC3
HsVcPPILacVa1	CCSBORF4870	2	CCSBORF11229	LW	3	526T>C	132	NC_000012.12:52492662:A:G	CCSBVarC003671	ENSP00000369317.3:p.Ser176Pro	KRT6A	ENSG00000205420	KIFC3
HsVcPPILacVa1	CCSBORF4870	2	CCSBORF11229	LW	3	628C>A	819	NC_000012.12:52491648:G:T	CCSBVarC009567	ENSP00000369317.3:p.Leu210Met	KRT6A	ENSG00000205420	KIFC3
HsVcPPILacVa1	CCSBORF4870	2	CCSBORF11229	LW	3	632A>G	1	NC_000012.12:52491644:T:C	CCSBVarC015673	ENSP00000369317.3:p.Glu211Gly	KRT6A	ENSG00000205420	KIFC3
HsVcPPILacVa1	CCSBORF4870	2	CCSBORF11229	LW	3	680G>A	1	NC_000012.12:52491596:C:T	CCSBVarC015679	ENSP00000369317.3:p.Ser227Asn	KRT6A	ENSG00000205420	KIFC3
HsVcPPILacVa1	CCSBORF4870	2	CCSBORF11229	LW	3	745T>C	853	NC_000012.12:52491531:A:G	CCSBVarC002915	ENSP00000369317.3:p.Phe249Leu	KRT6A	ENSG00000205420	KIFC3
HsVcPPILacVa1	CCSBORF4870	2	CCSBORF11229	LW	3	806C>T	2	NC_000012.12:52491121:G:A	CCSBVarC015685	ENSP00000369317.3:p.Thr269Ile	KRT6A	ENSG00000205420	KIFC3
HsVcPPILacVa1	CCSBORF4870	2	CCSBORF11229	LW	3	968A>T	0	NC_000012.12:52490677:T:A	CCSBVarC015689	ENSP00000369317.3:p.Asp323Val	KRT6A	ENSG00000205420	KIFC3
HsVcPPILacVa1	CCSBORF4870	2	CCSBORF11229	LW	3	981C>G	1	NC_000012.12:52490664:G:C	CCSBVarC015694	ENSP00000369317.3:p.Asn327Lys	KRT6A	ENSG00000205420	KIFC3
HsVcPPILacVa1	CCSBORF4870	1	CCSBORF4105	LW	3	REF	98	NULL	NULL	NULL	KRT6A	ENSG00000205420	KRT15
HsVcPPILacVa1	CCSBORF4870	1	CCSBORF4105	LW	3	1003G>A	0	NC_000012.12:52490642:C:T	CCSBVarC009565	ENSP00000369317.3:p.Ala335Thr	KRT6A	ENSG00000205420	KRT15
HsVcPPILacVa1	CCSBORF4870	1	CCSBORF4105	LW	3	1157G>T	0	NC_000012.12:52489988:C:A	CCSBVarC015599	ENSP00000369317.3:p.Arg386Leu	KRT6A	ENSG00000205420	KRT15
HsVcPPILacVa1	CCSBORF4870	1	CCSBORF4105	LW	3	1211A>G	0	NC_000012.12:52488540:T:C	CCSBVarC015607	ENSP00000369317.3:p.Asn404Ser	KRT6A	ENSG00000205420	KRT15
HsVcPPILacVa1	CCSBORF4870	1	CCSBORF4105	LW	3	1327C>T	1	NC_000012.12:52488424:G:A	CCSBVarC009573	ENSP00000369317.3:p.Arg443Trp	KRT6A	ENSG00000205420	KRT15
HsVcPPILacVa1	CCSBORF4870	1	CCSBORF4105	LW	3	1340A>G	0	NC_000012.12:52488411:T:C	CCSBVarC015613	ENSP00000369317.3:p.Glu447Gly	KRT6A	ENSG00000205420	KRT15
HsVcPPILacVa1	CCSBORF4870	1	CCSBORF4105	LW	3	1385T>A	0	NC_000012.12:52488366:A:T	CCSBVarC003674	ENSP00000369317.3:p.Ile462Asn	KRT6A	ENSG00000205420	KRT15
HsVcPPILacVa1	CCSBORF4870	1	CCSBORF4105	LW	3	1385T>G	0	NC_000012.12:52488366:A:C	CCSBVarC000720	ENSP00000369317.3:p.Ile462Ser	KRT6A	ENSG00000205420	KRT15
HsVcPPILacVa1	CCSBORF4870	1	CCSBORF4105	LW	3	1403T>C	1160	NC_000012.12:52488348:A:G	CCSBVarC003676	ENSP00000369317.3:p.Leu468Pro	KRT6A	ENSG00000205420	KRT15
HsVcPPILacVa1	CCSBORF4870	1	CCSBORF4105	LW	3	1414G>A	348	NC_000012.12:52488337:C:T	CCSBVarC003678	ENSP00000369317.3:p.Glu472Lys	KRT6A	ENSG00000205420	KRT15
HsVcPPILacVa1	CCSBORF4870	1	CCSBORF4105	LW	3	1441G>A	0	NC_000012.12:52488086:C:T	CCSBVarC015618	ENSP00000369317.3:p.Val481Ile	KRT6A	ENSG00000205420	KRT15
HsVcPPILacVa1	CCSBORF4870	1	CCSBORF4105	LW	3	1534G>A	0	NC_000012.12:52487880:C:T	CCSBVarC015629	ENSP00000369317.3:p.Gly512Arg	KRT6A	ENSG00000205420	KRT15
HsVcPPILacVa1	CCSBORF4870	1	CCSBORF4105	LW	3	1606G>A	0	NC_000012.12:52487808:C:T	CCSBVarC015635	ENSP00000369317.3:p.Gly536Arg	KRT6A	ENSG00000205420	KRT15
HsVcPPILacVa1	CCSBORF4870	1	CCSBORF4105	LW	3	1655C>G	1	NC_000012.12:52487759:G:C	CCSBVarC002916	ENSP00000369317.3:p.Thr552Ser	KRT6A	ENSG00000205420	KRT15
HsVcPPILacVa1	CCSBORF4870	1	CCSBORF4105	LW	3	215T>C	0	NC_000012.12:52492973:A:G	CCSBVarC015643	ENSP00000369317.3:p.Ile72Thr	KRT6A	ENSG00000205420	KRT15
HsVcPPILacVa1	CCSBORF4870	1	CCSBORF4105	LW	3	359G>T	0	NC_000012.12:52492829:C:A	CCSBVarC015649	ENSP00000369317.3:p.Gly120Val	KRT6A	ENSG00000205420	KRT15
HsVcPPILacVa1	CCSBORF4870	1	CCSBORF4105	LW	3	365T>C	1	NC_000012.12:52492823:A:G	CCSBVarC015653	ENSP00000369317.3:p.Phe122Ser	KRT6A	ENSG00000205420	KRT15
HsVcPPILacVa1	CCSBORF4870	1	CCSBORF4105	LW	3	460C>G	2	NC_000012.12:52492728:G:C	CCSBVarC015670	ENSP00000369317.3:p.Pro154Ala	KRT6A	ENSG00000205420	KRT15
HsVcPPILacVa1	CCSBORF4870	1	CCSBORF4105	LW	3	487G>A	58	NC_000012.12:52492701:C:T	CCSBVarC003662	ENSP00000369317.3:p.Glu163Lys	KRT6A	ENSG00000205420	KRT15
HsVcPPILacVa1	CCSBORF4870	1	CCSBORF4105	LW	3	497A>C	267	NC_000012.12:52492691:T:G	CCSBVarC003664	ENSP00000369317.3:p.Gln166Pro	KRT6A	ENSG00000205420	KRT15
HsVcPPILacVa1	CCSBORF4870	1	CCSBORF4105	LW	3	508C>T	930	NC_000012.12:52492680:G:A	CCSBVarC003666	ENSP00000369317.3:p.Leu170Phe	KRT6A	ENSG00000205420	KRT15
HsVcPPILacVa1	CCSBORF4870	1	CCSBORF4105	LW	3	511A>G	176	NC_000012.12:52492677:T:C	CCSBVarC003668	ENSP00000369317.3:p.Asn171Asp	KRT6A	ENSG00000205420	KRT15
HsVcPPILacVa1	CCSBORF4870	1	CCSBORF4105	LW	3	512A>C	2	NC_000012.12:52492676:T:G	CCSBVarC003670	ENSP00000369317.3:p.Asn171Thr	KRT6A	ENSG00000205420	KRT15
HsVcPPILacVa1	CCSBORF4870	1	CCSBORF4105	LW	3	513C>A	243	NC_000012.12:52492675:G:T	CCSBVarC000718	ENSP00000369317.3:p.Asn171Lys	KRT6A	ENSG00000205420	KRT15
HsVcPPILacVa1	CCSBORF4870	1	CCSBORF4105	LW	3	533T>A	1701	NC_000012.12:52492655:A:T	CCSBVarC003672	ENSP00000369317.3:p.Ile178Asn	KRT6A	ENSG00000205420	KRT15
HsVcPPILacVa1	CCSBORF4870	1	CCSBORF4105	LW	3	62A>G	3	NC_000012.12:52493126:T:C	CCSBVarC002913	ENSP00000369317.3:p.Asn21Ser	KRT6A	ENSG00000205420	KRT15
HsVcPPILacVa1	CCSBORF4870	1	CCSBORF4105	LW	3	661C>A	1	NC_000012.12:52491615:G:T	CCSBVarC015676	ENSP00000369317.3:p.Leu221Ile	KRT6A	ENSG00000205420	KRT15
HsVcPPILacVa1	CCSBORF4870	1	CCSBORF4105	LW	3	718A>G	2	NC_000012.12:52491558:T:C	CCSBVarC015683	ENSP00000369317.3:p.Arg240Gly	KRT6A	ENSG00000205420	KRT15
HsVcPPILacVa1	CCSBORF4870	1	CCSBORF4105	LW	3	827C>T	0	NC_000012.12:52490942:G:A	CCSBVarC015687	ENSP00000369317.3:p.Ala276Val	KRT6A	ENSG00000205420	KRT15
HsVcPPILacVa1	CCSBORF4870	1	CCSBORF4105	LW	3	98T>C	2	NC_000012.12:52493090:A:G	CCSBVarC015691	ENSP00000369317.3:p.Phe33Ser	KRT6A	ENSG00000205420	KRT15
HsVcPPILacVa1	CCSBORF3581	1	CCSBORF0	LW	3	REF	54	NULL	NULL	NULL	MCOLN1	ENSG00000090674	empty_AD
HsVcPPILacVa1	CCSBORF3581	1	CCSBORF0	LW	3	1062G>T	0	NC_000019.10:7528897:G:T	CCSBVarC016196	ENSP00000264079.5:p.Trp354Cys	MCOLN1	ENSG00000090674	empty_AD
HsVcPPILacVa1	CCSBORF3581	1	CCSBORF0	LW	3	1084G>T	340	NC_000019.10:7528919:G:T	CCSBVarC000496	ENSP00000264079.5:p.Asp362Tyr	MCOLN1	ENSG00000090674	empty_AD
HsVcPPILacVa1	CCSBORF3581	1	CCSBORF0	LW	3	1207C>T	199	NC_000019.10:7529172:C:T	CCSBVarC003574	ENSP00000264079.5:p.Arg403Cys	MCOLN1	ENSG00000090674	empty_AD
HsVcPPILacVa1	CCSBORF3581	1	CCSBORF0	LW	3	1208G>A	29	NC_000019.10:7529173:G:A	CCSBVarC016205	ENSP00000264079.5:p.Arg403His	MCOLN1	ENSG00000090674	empty_AD
HsVcPPILacVa1	CCSBORF3581	1	CCSBORF0	LW	3	16G>T	1	NC_000019.10:7522765:G:T	CCSBVarC016237	ENSP00000264079.5:p.Gly6Cys	MCOLN1	ENSG00000090674	empty_AD
HsVcPPILacVa1	CCSBORF3581	1	CCSBORF0	LW	3	248T>G	0	NC_000019.10:7526448:T:G	CCSBVarC016247	ENSP00000264079.5:p.Phe83Cys	MCOLN1	ENSG00000090674	empty_AD
HsVcPPILacVa1	CCSBORF3581	1	CCSBORF0	LW	3	364C>T	0	NC_000019.10:7526564:C:T	CCSBVarC016256	ENSP00000264079.5:p.Arg122Trp	MCOLN1	ENSG00000090674	empty_AD
HsVcPPILacVa1	CCSBORF3581	1	CCSBORF0	LW	3	367G>A	231	NC_000019.10:7526567:G:A	CCSBVarC016262	ENSP00000264079.5:p.Glu123Lys	MCOLN1	ENSG00000090674	empty_AD
HsVcPPILacVa1	CCSBORF3581	1	CCSBORF0	LW	3	452G>A	14	NC_000019.10:7526806:G:A	CCSBVarC016272	ENSP00000264079.5:p.Arg151His	MCOLN1	ENSG00000090674	empty_AD
HsVcPPILacVa1	CCSBORF3581	1	CCSBORF0	LW	3	497G>T	1	NC_000019.10:7526851:G:T	CCSBVarC016278	ENSP00000264079.5:p.Cys166Phe	MCOLN1	ENSG00000090674	empty_AD
HsVcPPILacVa1	CCSBORF3581	1	CCSBORF0	LW	3	589C>A	596	NC_000019.10:7527536:C:A	CCSBVarC016283	ENSP00000264079.5:p.Pro197Thr	MCOLN1	ENSG00000090674	empty_AD
HsVcPPILacVa1	CCSBORF3581	1	CCSBORF0	LW	3	625C>T	0	NC_000019.10:7527572:C:T	CCSBVarC009375	ENSP00000264079.5:p.Leu209Phe	MCOLN1	ENSG00000090674	empty_AD
HsVcPPILacVa1	CCSBORF3581	1	CCSBORF0	LW	3	71C>A	377	NC_000019.10:7524999:C:A	CCSBVarC016317	ENSP00000264079.5:p.Thr24Asn	MCOLN1	ENSG00000090674	empty_AD
HsVcPPILacVa1	CCSBORF3581	1	CCSBORF0	LW	3	782C>T	2	NC_000019.10:7528161:C:T	CCSBVarC016322	ENSP00000264079.5:p.Thr261Met	MCOLN1	ENSG00000090674	empty_AD
HsVcPPILacVa1	CCSBORF3581	1	CCSBORF0	LW	3	815C>G	114	NC_000019.10:7528194:C:G	CCSBVarC016362	ENSP00000264079.5:p.Pro272Arg	MCOLN1	ENSG00000090674	empty_AD
HsVcPPILacVa1	CCSBORF3581	1	CCSBORF0	LW	3	907G>A	1	NC_000019.10:7528625:G:A	CCSBVarC016388	ENSP00000264079.5:p.Val303Met	MCOLN1	ENSG00000090674	empty_AD
HsVcPPILacVa1	CCSBORF55855	1	CCSBORF100066360	LW	2	REF	487	NULL	NULL	NULL	KRT2	ENSG00000172867	KRT27
HsVcPPILacVa1	CCSBORF55855	1	CCSBORF100066360	LW	2	1051G>A	2354	NC_000012.12:52648243:C:T	CCSBVarC016094	ENSP00000310861.3:p.Glu351Lys	KRT2	ENSG00000172867	KRT27
HsVcPPILacVa1	CCSBORF55855	1	CCSBORF100066360	LW	2	1070A>G	277	NC_000012.12:52648224:T:C	CCSBVarC016110	ENSP00000310861.3:p.Glu357Gly	KRT2	ENSG00000172867	KRT27
HsVcPPILacVa1	CCSBORF55855	1	CCSBORF100066360	LW	2	1106C>T	0	NC_000012.12:52648188:G:A	CCSBVarC016116	ENSP00000310861.3:p.Ala369Val	KRT2	ENSG00000172867	KRT27
HsVcPPILacVa1	CCSBORF55855	1	CCSBORF100066360	LW	2	1230C>G	8	NC_000012.12:52647747:G:C	CCSBVarC016120	ENSP00000310861.3:p.Ile410Met	KRT2	ENSG00000172867	KRT27
HsVcPPILacVa1	CCSBORF55855	1	CCSBORF100066360	LW	2	1325T>G	1547	NC_000012.12:52646883:A:C	CCSBVarC016123	ENSP00000310861.3:p.Leu442Trp	KRT2	ENSG00000172867	KRT27
HsVcPPILacVa1	CCSBORF55855	1	CCSBORF100066360	LW	2	1435A>C	2547	NC_000012.12:52646773:T:G	CCSBVarC003453	ENSP00000310861.3:p.Thr479Pro	KRT2	ENSG00000172867	KRT27
HsVcPPILacVa1	CCSBORF55855	1	CCSBORF100066360	LW	2	1451T>C	306	NC_000012.12:52646757:A:G	CCSBVarC002477	ENSP00000310861.3:p.Leu484Pro	KRT2	ENSG00000172867	KRT27
HsVcPPILacVa1	CCSBORF55855	1	CCSBORF100066360	LW	2	1480G>C	404	NC_000012.12:52645558:C:G	CCSBVarC016127	ENSP00000310861.3:p.Asp494His	KRT2	ENSG00000172867	KRT27
HsVcPPILacVa1	CCSBORF55855	1	CCSBORF100066360	LW	2	1694C>T	531	NC_000012.12:52645244:G:A	CCSBVarC016132	ENSP00000310861.3:p.Ser565Phe	KRT2	ENSG00000172867	KRT27
HsVcPPILacVa1	CCSBORF55855	1	CCSBORF100066360	LW	2	181C>T	24	NC_000012.12:52651961:G:A	CCSBVarC016138	ENSP00000310861.3:p.Arg61Trp	KRT2	ENSG00000172867	KRT27
HsVcPPILacVa1	CCSBORF55855	1	CCSBORF100066360	LW	2	1869G>T	113	NC_000012.12:52645069:C:A	CCSBVarC016144	ENSP00000310861.3:p.Lys623Asn	KRT2	ENSG00000172867	KRT27
HsVcPPILacVa1	CCSBORF55855	1	CCSBORF100066360	LW	2	1912T>C	60	NC_000012.12:52645026:A:G	CCSBVarC016151	ENSP00000310861.3:p.Phe638Leu	KRT2	ENSG00000172867	KRT27
HsVcPPILacVa1	CCSBORF55855	1	CCSBORF100066360	LW	2	295G>A	190	NC_000012.12:52651847:C:T	CCSBVarC016158	ENSP00000310861.3:p.Gly99Ser	KRT2	ENSG00000172867	KRT27
HsVcPPILacVa1	CCSBORF55855	1	CCSBORF100066360	LW	2	493G>A	5	NC_000012.12:52651649:C:T	CCSBVarC016179	ENSP00000310861.3:p.Val165Met	KRT2	ENSG00000172867	KRT27
HsVcPPILacVa1	CCSBORF55855	1	CCSBORF100066360	LW	2	536G>A	342	NC_000012.12:52651606:C:T	CCSBVarC016211	ENSP00000310861.3:p.Arg179His	KRT2	ENSG00000172867	KRT27
HsVcPPILacVa1	CCSBORF55855	1	CCSBORF100066360	LW	2	556A>T	579	NC_000012.12:52651586:T:A	CCSBVarC003451	ENSP00000310861.3:p.Asn186Tyr	KRT2	ENSG00000172867	KRT27
HsVcPPILacVa1	CCSBORF55855	1	CCSBORF100066360	LW	2	558C>A	314	NC_000012.12:52651584:G:T	CCSBVarC002475	ENSP00000310861.3:p.Asn186Lys	KRT2	ENSG00000172867	KRT27
HsVcPPILacVa1	CCSBORF55855	1	CCSBORF100066360	LW	2	710A>G	38	NC_000012.12:52650428:T:C	CCSBVarC016220	ENSP00000310861.3:p.Lys237Arg	KRT2	ENSG00000172867	KRT27
HsVcPPILacVa1	CCSBORF55855	1	CCSBORF100066360	LW	2	767A>G	23	NC_000012.12:52650371:T:C	CCSBVarC012686	ENSP00000310861.3:p.Asn256Ser	KRT2	ENSG00000172867	KRT27
HsVcPPILacVa1	CCSBORF55855	1	CCSBORF100066360	LW	2	865G>A	691	NC_000012.12:52649098:C:T	CCSBVarC016224	ENSP00000310861.3:p.Val289Met	KRT2	ENSG00000172867	KRT27
HsVcPPILacVa1	CCSBORF55855	1	CCSBORF0	LW	2	REF	228	NULL	NULL	NULL	KRT2	ENSG00000172867	empty_AD
HsVcPPILacVa1	CCSBORF55855	1	CCSBORF0	LW	2	1051G>A	1490	NC_000012.12:52648243:C:T	CCSBVarC016094	ENSP00000310861.3:p.Glu351Lys	KRT2	ENSG00000172867	empty_AD
HsVcPPILacVa1	CCSBORF55855	1	CCSBORF0	LW	2	1070A>G	86	NC_000012.12:52648224:T:C	CCSBVarC016110	ENSP00000310861.3:p.Glu357Gly	KRT2	ENSG00000172867	empty_AD
HsVcPPILacVa1	CCSBORF55855	1	CCSBORF0	LW	2	1106C>T	3	NC_000012.12:52648188:G:A	CCSBVarC016116	ENSP00000310861.3:p.Ala369Val	KRT2	ENSG00000172867	empty_AD
HsVcPPILacVa1	CCSBORF55855	1	CCSBORF0	LW	2	1230C>G	6	NC_000012.12:52647747:G:C	CCSBVarC016120	ENSP00000310861.3:p.Ile410Met	KRT2	ENSG00000172867	empty_AD
HsVcPPILacVa1	CCSBORF55855	1	CCSBORF0	LW	2	1325T>G	1092	NC_000012.12:52646883:A:C	CCSBVarC016123	ENSP00000310861.3:p.Leu442Trp	KRT2	ENSG00000172867	empty_AD
HsVcPPILacVa1	CCSBORF55855	1	CCSBORF0	LW	2	1435A>C	1609	NC_000012.12:52646773:T:G	CCSBVarC003453	ENSP00000310861.3:p.Thr479Pro	KRT2	ENSG00000172867	empty_AD
HsVcPPILacVa1	CCSBORF55855	1	CCSBORF0	LW	2	1451T>C	481	NC_000012.12:52646757:A:G	CCSBVarC002477	ENSP00000310861.3:p.Leu484Pro	KRT2	ENSG00000172867	empty_AD
HsVcPPILacVa1	CCSBORF55855	1	CCSBORF0	LW	2	1480G>C	73	NC_000012.12:52645558:C:G	CCSBVarC016127	ENSP00000310861.3:p.Asp494His	KRT2	ENSG00000172867	empty_AD
HsVcPPILacVa1	CCSBORF55855	1	CCSBORF0	LW	2	1694C>T	294	NC_000012.12:52645244:G:A	CCSBVarC016132	ENSP00000310861.3:p.Ser565Phe	KRT2	ENSG00000172867	empty_AD
HsVcPPILacVa1	CCSBORF55855	1	CCSBORF0	LW	2	181C>T	50	NC_000012.12:52651961:G:A	CCSBVarC016138	ENSP00000310861.3:p.Arg61Trp	KRT2	ENSG00000172867	empty_AD
HsVcPPILacVa1	CCSBORF55855	1	CCSBORF0	LW	2	1869G>T	313	NC_000012.12:52645069:C:A	CCSBVarC016144	ENSP00000310861.3:p.Lys623Asn	KRT2	ENSG00000172867	empty_AD
HsVcPPILacVa1	CCSBORF55855	1	CCSBORF0	LW	2	1912T>C	59	NC_000012.12:52645026:A:G	CCSBVarC016151	ENSP00000310861.3:p.Phe638Leu	KRT2	ENSG00000172867	empty_AD
HsVcPPILacVa1	CCSBORF55855	1	CCSBORF0	LW	2	295G>A	121	NC_000012.12:52651847:C:T	CCSBVarC016158	ENSP00000310861.3:p.Gly99Ser	KRT2	ENSG00000172867	empty_AD
HsVcPPILacVa1	CCSBORF55855	1	CCSBORF0	LW	2	493G>A	11	NC_000012.12:52651649:C:T	CCSBVarC016179	ENSP00000310861.3:p.Val165Met	KRT2	ENSG00000172867	empty_AD
HsVcPPILacVa1	CCSBORF55855	1	CCSBORF0	LW	2	536G>A	146	NC_000012.12:52651606:C:T	CCSBVarC016211	ENSP00000310861.3:p.Arg179His	KRT2	ENSG00000172867	empty_AD
HsVcPPILacVa1	CCSBORF55855	1	CCSBORF0	LW	2	556A>T	448	NC_000012.12:52651586:T:A	CCSBVarC003451	ENSP00000310861.3:p.Asn186Tyr	KRT2	ENSG00000172867	empty_AD
HsVcPPILacVa1	CCSBORF55855	1	CCSBORF0	LW	2	558C>A	255	NC_000012.12:52651584:G:T	CCSBVarC002475	ENSP00000310861.3:p.Asn186Lys	KRT2	ENSG00000172867	empty_AD
HsVcPPILacVa1	CCSBORF55855	1	CCSBORF0	LW	2	710A>G	17	NC_000012.12:52650428:T:C	CCSBVarC016220	ENSP00000310861.3:p.Lys237Arg	KRT2	ENSG00000172867	empty_AD
HsVcPPILacVa1	CCSBORF55855	1	CCSBORF0	LW	2	767A>G	20	NC_000012.12:52650371:T:C	CCSBVarC012686	ENSP00000310861.3:p.Asn256Ser	KRT2	ENSG00000172867	empty_AD
HsVcPPILacVa1	CCSBORF55855	1	CCSBORF0	LW	2	865G>A	311	NC_000012.12:52649098:C:T	CCSBVarC016224	ENSP00000310861.3:p.Val289Met	KRT2	ENSG00000172867	empty_AD
HsVcPPILacVa1	CCSBORF55855	2	CCSBORF100014396	LW	2	REF	634	NULL	NULL	NULL	KRT2	ENSG00000172867	KRT35
HsVcPPILacVa1	CCSBORF55855	2	CCSBORF100014396	LW	2	1066T>C	182	NC_000012.12:52648228:A:G	CCSBVarC016108	ENSP00000310861.3:p.Tyr356His	KRT2	ENSG00000172867	KRT35
HsVcPPILacVa1	CCSBORF55855	2	CCSBORF100014396	LW	2	1094A>G	490	NC_000012.12:52648200:T:C	CCSBVarC016114	ENSP00000310861.3:p.Glu365Gly	KRT2	ENSG00000172867	KRT35
HsVcPPILacVa1	CCSBORF55855	2	CCSBORF100014396	LW	2	1114C>A	388	NC_000012.12:52648180:G:T	CCSBVarC016118	ENSP00000310861.3:p.His372Asn	KRT2	ENSG00000172867	KRT35
HsVcPPILacVa1	CCSBORF55855	2	CCSBORF100014396	LW	2	1249T>C	826	NC_000012.12:52646959:A:G	CCSBVarC016122	ENSP00000310861.3:p.Cys417Arg	KRT2	ENSG00000172867	KRT35
HsVcPPILacVa1	CCSBORF55855	2	CCSBORF100014396	LW	2	1355C>G	258	NC_000012.12:52646853:G:C	CCSBVarC016125	ENSP00000310861.3:p.Ala452Gly	KRT2	ENSG00000172867	KRT35
HsVcPPILacVa1	CCSBORF55855	2	CCSBORF100014396	LW	2	1427A>T	71	NC_000012.12:52646781:T:A	CCSBVarC003452	ENSP00000310861.3:p.Glu476Val	KRT2	ENSG00000172867	KRT35
HsVcPPILacVa1	CCSBORF55855	2	CCSBORF100014396	LW	2	1430T>A	1	NC_000012.12:52646778:A:T	CCSBVarC002476	ENSP00000310861.3:p.Ile477Asn	KRT2	ENSG00000172867	KRT35
HsVcPPILacVa1	CCSBORF55855	2	CCSBORF100014396	LW	2	1462G>A	299	NC_000012.12:52646746:C:T	CCSBVarC003454	ENSP00000310861.3:p.Glu488Lys	KRT2	ENSG00000172867	KRT35
HsVcPPILacVa1	CCSBORF55855	2	CCSBORF100014396	LW	2	1618G>A	1	NC_000012.12:52645320:C:T	CCSBVarC016129	ENSP00000310861.3:p.Gly540Ser	KRT2	ENSG00000172867	KRT35
HsVcPPILacVa1	CCSBORF55855	2	CCSBORF100014396	LW	2	1723T>G	80	NC_000012.12:52645215:A:C	CCSBVarC016135	ENSP00000310861.3:p.Ser575Ala	KRT2	ENSG00000172867	KRT35
HsVcPPILacVa1	CCSBORF55855	2	CCSBORF100014396	LW	2	1813G>C	1253	NC_000012.12:52645125:C:G	CCSBVarC016141	ENSP00000310861.3:p.Gly605Arg	KRT2	ENSG00000172867	KRT35
HsVcPPILacVa1	CCSBORF55855	2	CCSBORF100014396	LW	2	1900G>A	1061	NC_000012.12:52645038:C:T	CCSBVarC016148	ENSP00000310861.3:p.Val634Met	KRT2	ENSG00000172867	KRT35
HsVcPPILacVa1	CCSBORF55855	2	CCSBORF100014396	LW	2	253G>A	11	NC_000012.12:52651889:C:T	CCSBVarC016156	ENSP00000310861.3:p.Ala85Thr	KRT2	ENSG00000172867	KRT35
HsVcPPILacVa1	CCSBORF55855	2	CCSBORF100014396	LW	2	301A>G	796	NC_000012.12:52651841:T:C	CCSBVarC012695	ENSP00000310861.3:p.Ser101Gly	KRT2	ENSG00000172867	KRT35
HsVcPPILacVa1	CCSBORF55855	2	CCSBORF100014396	LW	2	446G>T	0	NC_000012.12:52651696:C:A	CCSBVarC016164	ENSP00000310861.3:p.Gly149Val	KRT2	ENSG00000172867	KRT35
HsVcPPILacVa1	CCSBORF55855	2	CCSBORF100014396	LW	2	52G>A	7	NC_000012.12:52652090:C:T	CCSBVarC016186	ENSP00000310861.3:p.Gly18Arg	KRT2	ENSG00000172867	KRT35
HsVcPPILacVa1	CCSBORF55855	2	CCSBORF100014396	LW	2	542A>C	3509	NC_000012.12:52651600:T:G	CCSBVarC002474	ENSP00000310861.3:p.Gln181Pro	KRT2	ENSG00000172867	KRT35
HsVcPPILacVa1	CCSBORF55855	2	CCSBORF100014396	LW	2	656G>A	250	NC_000012.12:52650482:C:T	CCSBVarC002918	ENSP00000310861.3:p.Gly219Asp	KRT2	ENSG00000172867	KRT35
HsVcPPILacVa1	CCSBORF55855	2	CCSBORF100014396	LW	2	659C>A	13	NC_000012.12:52650479:G:T	CCSBVarC016214	ENSP00000310861.3:p.Thr220Asn	KRT2	ENSG00000172867	KRT35
HsVcPPILacVa1	CCSBORF55855	2	CCSBORF100014396	LW	2	800A>C	1	NC_000012.12:52650338:T:G	CCSBVarC016222	ENSP00000310861.3:p.Lys267Thr	KRT2	ENSG00000172867	KRT35
HsVcPPILacVa1	CCSBORF7866	1	CCSBORF14996	LW	2	REF	1519	NULL	NULL	NULL	EFHC1	ENSG00000096093	PBX2
HsVcPPILacVa1	CCSBORF7866	1	CCSBORF14996	LW	2	1180G>T	24	NC_000006.12:52469374:G:T	CCSBVarC001266	ENSP00000360107.4:p.Ala394Ser	EFHC1	ENSG00000096093	PBX2
HsVcPPILacVa1	CCSBORF7866	1	CCSBORF14996	LW	2	1343T>C	335	NC_000006.12:52479100:T:C	CCSBVarC002921	ENSP00000360107.4:p.Met448Thr	EFHC1	ENSG00000096093	PBX2
HsVcPPILacVa1	CCSBORF7866	1	CCSBORF14996	LW	2	1523C>G	770	NC_000006.12:52479669:C:G	CCSBVarC001267	ENSP00000360107.4:p.Thr508Arg	EFHC1	ENSG00000096093	PBX2
HsVcPPILacVa1	CCSBORF7866	1	CCSBORF14996	LW	2	1820A>G	85	NC_000006.12:52490318:A:G	CCSBVarC017141	ENSP00000360107.4:p.Asn607Ser	EFHC1	ENSG00000096093	PBX2
HsVcPPILacVa1	CCSBORF7866	1	CCSBORF14996	LW	2	229C>A	3671	NC_000006.12:52424110:C:A	CCSBVarC001264	ENSP00000360107.4:p.Pro77Thr	EFHC1	ENSG00000096093	PBX2
HsVcPPILacVa1	CCSBORF7866	1	CCSBORF14996	LW	2	475C>G	82	NC_000006.12:52438492:C:G	CCSBVarC017143	ENSP00000360107.4:p.Arg159Gly	EFHC1	ENSG00000096093	PBX2
HsVcPPILacVa1	CCSBORF7866	1	CCSBORF14996	LW	2	475C>T	2719	NC_000006.12:52438492:C:T	CCSBVarC002919	ENSP00000360107.4:p.Arg159Trp	EFHC1	ENSG00000096093	PBX2
HsVcPPILacVa1	CCSBORF7866	1	CCSBORF14996	LW	2	520A>G	4119	NC_000006.12:52438537:A:G	CCSBVarC003446	ENSP00000360107.4:p.Ile174Val	EFHC1	ENSG00000096093	PBX2
HsVcPPILacVa1	CCSBORF7866	1	CCSBORF14996	LW	2	628G>A	301	NC_000006.12:52452741:G:A	CCSBVarC003447	ENSP00000360107.4:p.Asp210Asn	EFHC1	ENSG00000096093	PBX2
HsVcPPILacVa1	CCSBORF7866	1	CCSBORF14996	LW	2	662G>A	116	NC_000006.12:52452775:G:A	CCSBVarC001265	ENSP00000360107.4:p.Arg221His	EFHC1	ENSG00000096093	PBX2
HsVcPPILacVa1	CCSBORF7866	1	CCSBORF14996	LW	2	685T>C	14	NC_000006.12:52452798:T:C	CCSBVarC003448	ENSP00000360107.4:p.Phe229Leu	EFHC1	ENSG00000096093	PBX2
HsVcPPILacVa1	CCSBORF7866	1	CCSBORF14996	LW	2	757G>T	10	NC_000006.12:52454127:G:T	CCSBVarC003449	ENSP00000360107.4:p.Asp253Tyr	EFHC1	ENSG00000096093	PBX2
HsVcPPILacVa1	CCSBORF7866	1	CCSBORF14996	LW	2	776G>A	2	NC_000006.12:52454146:G:A	CCSBVarC003450	ENSP00000360107.4:p.Cys259Tyr	EFHC1	ENSG00000096093	PBX2
HsVcPPILacVa1	CCSBORF7866	1	CCSBORF100009072	LW	2	REF	1646	NULL	NULL	NULL	EFHC1	ENSG00000096093	PAX6
HsVcPPILacVa1	CCSBORF7866	1	CCSBORF100009072	LW	2	1180G>T	17	NC_000006.12:52469374:G:T	CCSBVarC001266	ENSP00000360107.4:p.Ala394Ser	EFHC1	ENSG00000096093	PAX6
HsVcPPILacVa1	CCSBORF7866	1	CCSBORF100009072	LW	2	1343T>C	433	NC_000006.12:52479100:T:C	CCSBVarC002921	ENSP00000360107.4:p.Met448Thr	EFHC1	ENSG00000096093	PAX6
HsVcPPILacVa1	CCSBORF7866	1	CCSBORF100009072	LW	2	1523C>G	452	NC_000006.12:52479669:C:G	CCSBVarC001267	ENSP00000360107.4:p.Thr508Arg	EFHC1	ENSG00000096093	PAX6
HsVcPPILacVa1	CCSBORF7866	1	CCSBORF100009072	LW	2	1820A>G	124	NC_000006.12:52490318:A:G	CCSBVarC017141	ENSP00000360107.4:p.Asn607Ser	EFHC1	ENSG00000096093	PAX6
HsVcPPILacVa1	CCSBORF7866	1	CCSBORF100009072	LW	2	229C>A	4096	NC_000006.12:52424110:C:A	CCSBVarC001264	ENSP00000360107.4:p.Pro77Thr	EFHC1	ENSG00000096093	PAX6
HsVcPPILacVa1	CCSBORF7866	1	CCSBORF100009072	LW	2	475C>G	38	NC_000006.12:52438492:C:G	CCSBVarC017143	ENSP00000360107.4:p.Arg159Gly	EFHC1	ENSG00000096093	PAX6
HsVcPPILacVa1	CCSBORF7866	1	CCSBORF100009072	LW	2	475C>T	3126	NC_000006.12:52438492:C:T	CCSBVarC002919	ENSP00000360107.4:p.Arg159Trp	EFHC1	ENSG00000096093	PAX6
HsVcPPILacVa1	CCSBORF7866	1	CCSBORF100009072	LW	2	520A>G	3425	NC_000006.12:52438537:A:G	CCSBVarC003446	ENSP00000360107.4:p.Ile174Val	EFHC1	ENSG00000096093	PAX6
HsVcPPILacVa1	CCSBORF7866	1	CCSBORF100009072	LW	2	628G>A	133	NC_000006.12:52452741:G:A	CCSBVarC003447	ENSP00000360107.4:p.Asp210Asn	EFHC1	ENSG00000096093	PAX6
HsVcPPILacVa1	CCSBORF7866	1	CCSBORF100009072	LW	2	662G>A	294	NC_000006.12:52452775:G:A	CCSBVarC001265	ENSP00000360107.4:p.Arg221His	EFHC1	ENSG00000096093	PAX6
HsVcPPILacVa1	CCSBORF7866	1	CCSBORF100009072	LW	2	685T>C	4	NC_000006.12:52452798:T:C	CCSBVarC003448	ENSP00000360107.4:p.Phe229Leu	EFHC1	ENSG00000096093	PAX6
HsVcPPILacVa1	CCSBORF7866	1	CCSBORF100009072	LW	2	757G>T	14	NC_000006.12:52454127:G:T	CCSBVarC003449	ENSP00000360107.4:p.Asp253Tyr	EFHC1	ENSG00000096093	PAX6
HsVcPPILacVa1	CCSBORF7866	1	CCSBORF100009072	LW	2	776G>A	7	NC_000006.12:52454146:G:A	CCSBVarC003450	ENSP00000360107.4:p.Cys259Tyr	EFHC1	ENSG00000096093	PAX6
HsVcPPILacVa1	CCSBORF55855	1	CCSBORF100011278	LW	2	REF	454	NULL	NULL	NULL	KRT2	ENSG00000172867	KRT16
HsVcPPILacVa1	CCSBORF55855	1	CCSBORF100011278	LW	2	1051G>A	2210	NC_000012.12:52648243:C:T	CCSBVarC016094	ENSP00000310861.3:p.Glu351Lys	KRT2	ENSG00000172867	KRT16
HsVcPPILacVa1	CCSBORF55855	1	CCSBORF100011278	LW	2	1070A>G	506	NC_000012.12:52648224:T:C	CCSBVarC016110	ENSP00000310861.3:p.Glu357Gly	KRT2	ENSG00000172867	KRT16
HsVcPPILacVa1	CCSBORF55855	1	CCSBORF100011278	LW	2	1106C>T	2	NC_000012.12:52648188:G:A	CCSBVarC016116	ENSP00000310861.3:p.Ala369Val	KRT2	ENSG00000172867	KRT16
HsVcPPILacVa1	CCSBORF55855	1	CCSBORF100011278	LW	2	1230C>G	4	NC_000012.12:52647747:G:C	CCSBVarC016120	ENSP00000310861.3:p.Ile410Met	KRT2	ENSG00000172867	KRT16
HsVcPPILacVa1	CCSBORF55855	1	CCSBORF100011278	LW	2	1325T>G	1257	NC_000012.12:52646883:A:C	CCSBVarC016123	ENSP00000310861.3:p.Leu442Trp	KRT2	ENSG00000172867	KRT16
HsVcPPILacVa1	CCSBORF55855	1	CCSBORF100011278	LW	2	1435A>C	1941	NC_000012.12:52646773:T:G	CCSBVarC003453	ENSP00000310861.3:p.Thr479Pro	KRT2	ENSG00000172867	KRT16
HsVcPPILacVa1	CCSBORF55855	1	CCSBORF100011278	LW	2	1451T>C	430	NC_000012.12:52646757:A:G	CCSBVarC002477	ENSP00000310861.3:p.Leu484Pro	KRT2	ENSG00000172867	KRT16
HsVcPPILacVa1	CCSBORF55855	1	CCSBORF100011278	LW	2	1480G>C	484	NC_000012.12:52645558:C:G	CCSBVarC016127	ENSP00000310861.3:p.Asp494His	KRT2	ENSG00000172867	KRT16
HsVcPPILacVa1	CCSBORF55855	1	CCSBORF100011278	LW	2	1694C>T	628	NC_000012.12:52645244:G:A	CCSBVarC016132	ENSP00000310861.3:p.Ser565Phe	KRT2	ENSG00000172867	KRT16
HsVcPPILacVa1	CCSBORF55855	1	CCSBORF100011278	LW	2	181C>T	17	NC_000012.12:52651961:G:A	CCSBVarC016138	ENSP00000310861.3:p.Arg61Trp	KRT2	ENSG00000172867	KRT16
HsVcPPILacVa1	CCSBORF55855	1	CCSBORF100011278	LW	2	1869G>T	213	NC_000012.12:52645069:C:A	CCSBVarC016144	ENSP00000310861.3:p.Lys623Asn	KRT2	ENSG00000172867	KRT16
HsVcPPILacVa1	CCSBORF55855	1	CCSBORF100011278	LW	2	1912T>C	121	NC_000012.12:52645026:A:G	CCSBVarC016151	ENSP00000310861.3:p.Phe638Leu	KRT2	ENSG00000172867	KRT16
HsVcPPILacVa1	CCSBORF55855	1	CCSBORF100011278	LW	2	295G>A	196	NC_000012.12:52651847:C:T	CCSBVarC016158	ENSP00000310861.3:p.Gly99Ser	KRT2	ENSG00000172867	KRT16
HsVcPPILacVa1	CCSBORF55855	1	CCSBORF100011278	LW	2	493G>A	10	NC_000012.12:52651649:C:T	CCSBVarC016179	ENSP00000310861.3:p.Val165Met	KRT2	ENSG00000172867	KRT16
HsVcPPILacVa1	CCSBORF55855	1	CCSBORF100011278	LW	2	536G>A	141	NC_000012.12:52651606:C:T	CCSBVarC016211	ENSP00000310861.3:p.Arg179His	KRT2	ENSG00000172867	KRT16
HsVcPPILacVa1	CCSBORF55855	1	CCSBORF100011278	LW	2	556A>T	671	NC_000012.12:52651586:T:A	CCSBVarC003451	ENSP00000310861.3:p.Asn186Tyr	KRT2	ENSG00000172867	KRT16
HsVcPPILacVa1	CCSBORF55855	1	CCSBORF100011278	LW	2	558C>A	542	NC_000012.12:52651584:G:T	CCSBVarC002475	ENSP00000310861.3:p.Asn186Lys	KRT2	ENSG00000172867	KRT16
HsVcPPILacVa1	CCSBORF55855	1	CCSBORF100011278	LW	2	710A>G	76	NC_000012.12:52650428:T:C	CCSBVarC016220	ENSP00000310861.3:p.Lys237Arg	KRT2	ENSG00000172867	KRT16
HsVcPPILacVa1	CCSBORF55855	1	CCSBORF100011278	LW	2	767A>G	18	NC_000012.12:52650371:T:C	CCSBVarC012686	ENSP00000310861.3:p.Asn256Ser	KRT2	ENSG00000172867	KRT16
HsVcPPILacVa1	CCSBORF55855	1	CCSBORF100011278	LW	2	865G>A	726	NC_000012.12:52649098:C:T	CCSBVarC016224	ENSP00000310861.3:p.Val289Met	KRT2	ENSG00000172867	KRT16
HsVcPPILacVa1	CCSBORF55855	2	CCSBORF100066360	LW	2	REF	543	NULL	NULL	NULL	KRT2	ENSG00000172867	KRT27
HsVcPPILacVa1	CCSBORF55855	2	CCSBORF100066360	LW	2	1066T>C	477	NC_000012.12:52648228:A:G	CCSBVarC016108	ENSP00000310861.3:p.Tyr356His	KRT2	ENSG00000172867	KRT27
HsVcPPILacVa1	CCSBORF55855	2	CCSBORF100066360	LW	2	1094A>G	284	NC_000012.12:52648200:T:C	CCSBVarC016114	ENSP00000310861.3:p.Glu365Gly	KRT2	ENSG00000172867	KRT27
HsVcPPILacVa1	CCSBORF55855	2	CCSBORF100066360	LW	2	1114C>A	18	NC_000012.12:52648180:G:T	CCSBVarC016118	ENSP00000310861.3:p.His372Asn	KRT2	ENSG00000172867	KRT27
HsVcPPILacVa1	CCSBORF55855	2	CCSBORF100066360	LW	2	1249T>C	719	NC_000012.12:52646959:A:G	CCSBVarC016122	ENSP00000310861.3:p.Cys417Arg	KRT2	ENSG00000172867	KRT27
HsVcPPILacVa1	CCSBORF55855	2	CCSBORF100066360	LW	2	1355C>G	185	NC_000012.12:52646853:G:C	CCSBVarC016125	ENSP00000310861.3:p.Ala452Gly	KRT2	ENSG00000172867	KRT27
HsVcPPILacVa1	CCSBORF55855	2	CCSBORF100066360	LW	2	1427A>T	158	NC_000012.12:52646781:T:A	CCSBVarC003452	ENSP00000310861.3:p.Glu476Val	KRT2	ENSG00000172867	KRT27
HsVcPPILacVa1	CCSBORF55855	2	CCSBORF100066360	LW	2	1430T>A	0	NC_000012.12:52646778:A:T	CCSBVarC002476	ENSP00000310861.3:p.Ile477Asn	KRT2	ENSG00000172867	KRT27
HsVcPPILacVa1	CCSBORF55855	2	CCSBORF100066360	LW	2	1462G>A	159	NC_000012.12:52646746:C:T	CCSBVarC003454	ENSP00000310861.3:p.Glu488Lys	KRT2	ENSG00000172867	KRT27
HsVcPPILacVa1	CCSBORF55855	2	CCSBORF100066360	LW	2	1618G>A	2	NC_000012.12:52645320:C:T	CCSBVarC016129	ENSP00000310861.3:p.Gly540Ser	KRT2	ENSG00000172867	KRT27
HsVcPPILacVa1	CCSBORF55855	2	CCSBORF100066360	LW	2	1723T>G	18	NC_000012.12:52645215:A:C	CCSBVarC016135	ENSP00000310861.3:p.Ser575Ala	KRT2	ENSG00000172867	KRT27
HsVcPPILacVa1	CCSBORF55855	2	CCSBORF100066360	LW	2	1813G>C	974	NC_000012.12:52645125:C:G	CCSBVarC016141	ENSP00000310861.3:p.Gly605Arg	KRT2	ENSG00000172867	KRT27
HsVcPPILacVa1	CCSBORF55855	2	CCSBORF100066360	LW	2	1900G>A	916	NC_000012.12:52645038:C:T	CCSBVarC016148	ENSP00000310861.3:p.Val634Met	KRT2	ENSG00000172867	KRT27
HsVcPPILacVa1	CCSBORF55855	2	CCSBORF100066360	LW	2	253G>A	2	NC_000012.12:52651889:C:T	CCSBVarC016156	ENSP00000310861.3:p.Ala85Thr	KRT2	ENSG00000172867	KRT27
HsVcPPILacVa1	CCSBORF55855	2	CCSBORF100066360	LW	2	301A>G	549	NC_000012.12:52651841:T:C	CCSBVarC012695	ENSP00000310861.3:p.Ser101Gly	KRT2	ENSG00000172867	KRT27
HsVcPPILacVa1	CCSBORF55855	2	CCSBORF100066360	LW	2	446G>T	0	NC_000012.12:52651696:C:A	CCSBVarC016164	ENSP00000310861.3:p.Gly149Val	KRT2	ENSG00000172867	KRT27
HsVcPPILacVa1	CCSBORF55855	2	CCSBORF100066360	LW	2	52G>A	21	NC_000012.12:52652090:C:T	CCSBVarC016186	ENSP00000310861.3:p.Gly18Arg	KRT2	ENSG00000172867	KRT27
HsVcPPILacVa1	CCSBORF55855	2	CCSBORF100066360	LW	2	542A>C	2531	NC_000012.12:52651600:T:G	CCSBVarC002474	ENSP00000310861.3:p.Gln181Pro	KRT2	ENSG00000172867	KRT27
HsVcPPILacVa1	CCSBORF55855	2	CCSBORF100066360	LW	2	656G>A	79	NC_000012.12:52650482:C:T	CCSBVarC002918	ENSP00000310861.3:p.Gly219Asp	KRT2	ENSG00000172867	KRT27
HsVcPPILacVa1	CCSBORF55855	2	CCSBORF100066360	LW	2	659C>A	67	NC_000012.12:52650479:G:T	CCSBVarC016214	ENSP00000310861.3:p.Thr220Asn	KRT2	ENSG00000172867	KRT27
HsVcPPILacVa1	CCSBORF55855	2	CCSBORF100066360	LW	2	800A>C	1	NC_000012.12:52650338:T:G	CCSBVarC016222	ENSP00000310861.3:p.Lys267Thr	KRT2	ENSG00000172867	KRT27
HsVcPPILacVa1	CCSBORF55855	2	CCSBORF0	LW	2	REF	420	NULL	NULL	NULL	KRT2	ENSG00000172867	empty_AD
HsVcPPILacVa1	CCSBORF55855	2	CCSBORF0	LW	2	1066T>C	131	NC_000012.12:52648228:A:G	CCSBVarC016108	ENSP00000310861.3:p.Tyr356His	KRT2	ENSG00000172867	empty_AD
HsVcPPILacVa1	CCSBORF55855	2	CCSBORF0	LW	2	1094A>G	526	NC_000012.12:52648200:T:C	CCSBVarC016114	ENSP00000310861.3:p.Glu365Gly	KRT2	ENSG00000172867	empty_AD
HsVcPPILacVa1	CCSBORF55855	2	CCSBORF0	LW	2	1114C>A	217	NC_000012.12:52648180:G:T	CCSBVarC016118	ENSP00000310861.3:p.His372Asn	KRT2	ENSG00000172867	empty_AD
HsVcPPILacVa1	CCSBORF55855	2	CCSBORF0	LW	2	1249T>C	757	NC_000012.12:52646959:A:G	CCSBVarC016122	ENSP00000310861.3:p.Cys417Arg	KRT2	ENSG00000172867	empty_AD
HsVcPPILacVa1	CCSBORF55855	2	CCSBORF0	LW	2	1355C>G	91	NC_000012.12:52646853:G:C	CCSBVarC016125	ENSP00000310861.3:p.Ala452Gly	KRT2	ENSG00000172867	empty_AD
HsVcPPILacVa1	CCSBORF55855	2	CCSBORF0	LW	2	1427A>T	108	NC_000012.12:52646781:T:A	CCSBVarC003452	ENSP00000310861.3:p.Glu476Val	KRT2	ENSG00000172867	empty_AD
HsVcPPILacVa1	CCSBORF55855	2	CCSBORF0	LW	2	1430T>A	0	NC_000012.12:52646778:A:T	CCSBVarC002476	ENSP00000310861.3:p.Ile477Asn	KRT2	ENSG00000172867	empty_AD
HsVcPPILacVa1	CCSBORF55855	2	CCSBORF0	LW	2	1462G>A	321	NC_000012.12:52646746:C:T	CCSBVarC003454	ENSP00000310861.3:p.Glu488Lys	KRT2	ENSG00000172867	empty_AD
HsVcPPILacVa1	CCSBORF55855	2	CCSBORF0	LW	2	1618G>A	2	NC_000012.12:52645320:C:T	CCSBVarC016129	ENSP00000310861.3:p.Gly540Ser	KRT2	ENSG00000172867	empty_AD
HsVcPPILacVa1	CCSBORF55855	2	CCSBORF0	LW	2	1723T>G	65	NC_000012.12:52645215:A:C	CCSBVarC016135	ENSP00000310861.3:p.Ser575Ala	KRT2	ENSG00000172867	empty_AD
HsVcPPILacVa1	CCSBORF55855	2	CCSBORF0	LW	2	1813G>C	886	NC_000012.12:52645125:C:G	CCSBVarC016141	ENSP00000310861.3:p.Gly605Arg	KRT2	ENSG00000172867	empty_AD
HsVcPPILacVa1	CCSBORF55855	2	CCSBORF0	LW	2	1900G>A	666	NC_000012.12:52645038:C:T	CCSBVarC016148	ENSP00000310861.3:p.Val634Met	KRT2	ENSG00000172867	empty_AD
HsVcPPILacVa1	CCSBORF55855	2	CCSBORF0	LW	2	253G>A	3	NC_000012.12:52651889:C:T	CCSBVarC016156	ENSP00000310861.3:p.Ala85Thr	KRT2	ENSG00000172867	empty_AD
HsVcPPILacVa1	CCSBORF55855	2	CCSBORF0	LW	2	301A>G	487	NC_000012.12:52651841:T:C	CCSBVarC012695	ENSP00000310861.3:p.Ser101Gly	KRT2	ENSG00000172867	empty_AD
HsVcPPILacVa1	CCSBORF55855	2	CCSBORF0	LW	2	446G>T	0	NC_000012.12:52651696:C:A	CCSBVarC016164	ENSP00000310861.3:p.Gly149Val	KRT2	ENSG00000172867	empty_AD
HsVcPPILacVa1	CCSBORF55855	2	CCSBORF0	LW	2	52G>A	52	NC_000012.12:52652090:C:T	CCSBVarC016186	ENSP00000310861.3:p.Gly18Arg	KRT2	ENSG00000172867	empty_AD
HsVcPPILacVa1	CCSBORF55855	2	CCSBORF0	LW	2	542A>C	2465	NC_000012.12:52651600:T:G	CCSBVarC002474	ENSP00000310861.3:p.Gln181Pro	KRT2	ENSG00000172867	empty_AD
HsVcPPILacVa1	CCSBORF55855	2	CCSBORF0	LW	2	656G>A	131	NC_000012.12:52650482:C:T	CCSBVarC002918	ENSP00000310861.3:p.Gly219Asp	KRT2	ENSG00000172867	empty_AD
HsVcPPILacVa1	CCSBORF55855	2	CCSBORF0	LW	2	659C>A	6	NC_000012.12:52650479:G:T	CCSBVarC016214	ENSP00000310861.3:p.Thr220Asn	KRT2	ENSG00000172867	empty_AD
HsVcPPILacVa1	CCSBORF55855	2	CCSBORF0	LW	2	800A>C	0	NC_000012.12:52650338:T:G	CCSBVarC016222	ENSP00000310861.3:p.Lys267Thr	KRT2	ENSG00000172867	empty_AD
HsVcPPILacVa1	CCSBORF7866	1	CCSBORF53604	LW	2	REF	1409	NULL	NULL	NULL	EFHC1	ENSG00000096093	GADD45B
HsVcPPILacVa1	CCSBORF7866	1	CCSBORF53604	LW	2	1180G>T	6	NC_000006.12:52469374:G:T	CCSBVarC001266	ENSP00000360107.4:p.Ala394Ser	EFHC1	ENSG00000096093	GADD45B
HsVcPPILacVa1	CCSBORF7866	1	CCSBORF53604	LW	2	1343T>C	297	NC_000006.12:52479100:T:C	CCSBVarC002921	ENSP00000360107.4:p.Met448Thr	EFHC1	ENSG00000096093	GADD45B
HsVcPPILacVa1	CCSBORF7866	1	CCSBORF53604	LW	2	1523C>G	569	NC_000006.12:52479669:C:G	CCSBVarC001267	ENSP00000360107.4:p.Thr508Arg	EFHC1	ENSG00000096093	GADD45B
HsVcPPILacVa1	CCSBORF7866	1	CCSBORF53604	LW	2	1820A>G	62	NC_000006.12:52490318:A:G	CCSBVarC017141	ENSP00000360107.4:p.Asn607Ser	EFHC1	ENSG00000096093	GADD45B
HsVcPPILacVa1	CCSBORF7866	1	CCSBORF53604	LW	2	229C>A	5064	NC_000006.12:52424110:C:A	CCSBVarC001264	ENSP00000360107.4:p.Pro77Thr	EFHC1	ENSG00000096093	GADD45B
HsVcPPILacVa1	CCSBORF7866	1	CCSBORF53604	LW	2	475C>G	179	NC_000006.12:52438492:C:G	CCSBVarC017143	ENSP00000360107.4:p.Arg159Gly	EFHC1	ENSG00000096093	GADD45B
HsVcPPILacVa1	CCSBORF7866	1	CCSBORF53604	LW	2	475C>T	3667	NC_000006.12:52438492:C:T	CCSBVarC002919	ENSP00000360107.4:p.Arg159Trp	EFHC1	ENSG00000096093	GADD45B
HsVcPPILacVa1	CCSBORF7866	1	CCSBORF53604	LW	2	520A>G	4849	NC_000006.12:52438537:A:G	CCSBVarC003446	ENSP00000360107.4:p.Ile174Val	EFHC1	ENSG00000096093	GADD45B
HsVcPPILacVa1	CCSBORF7866	1	CCSBORF53604	LW	2	628G>A	163	NC_000006.12:52452741:G:A	CCSBVarC003447	ENSP00000360107.4:p.Asp210Asn	EFHC1	ENSG00000096093	GADD45B
HsVcPPILacVa1	CCSBORF7866	1	CCSBORF53604	LW	2	662G>A	191	NC_000006.12:52452775:G:A	CCSBVarC001265	ENSP00000360107.4:p.Arg221His	EFHC1	ENSG00000096093	GADD45B
HsVcPPILacVa1	CCSBORF7866	1	CCSBORF53604	LW	2	685T>C	74	NC_000006.12:52452798:T:C	CCSBVarC003448	ENSP00000360107.4:p.Phe229Leu	EFHC1	ENSG00000096093	GADD45B
HsVcPPILacVa1	CCSBORF7866	1	CCSBORF53604	LW	2	757G>T	9	NC_000006.12:52454127:G:T	CCSBVarC003449	ENSP00000360107.4:p.Asp253Tyr	EFHC1	ENSG00000096093	GADD45B
HsVcPPILacVa1	CCSBORF7866	1	CCSBORF53604	LW	2	776G>A	4	NC_000006.12:52454146:G:A	CCSBVarC003450	ENSP00000360107.4:p.Cys259Tyr	EFHC1	ENSG00000096093	GADD45B
HsVcPPILacVa1	CCSBORF7866	1	CCSBORF0	LW	2	REF	1523	NULL	NULL	NULL	EFHC1	ENSG00000096093	empty_AD
HsVcPPILacVa1	CCSBORF7866	1	CCSBORF0	LW	2	1180G>T	16	NC_000006.12:52469374:G:T	CCSBVarC001266	ENSP00000360107.4:p.Ala394Ser	EFHC1	ENSG00000096093	empty_AD
HsVcPPILacVa1	CCSBORF7866	1	CCSBORF0	LW	2	1343T>C	293	NC_000006.12:52479100:T:C	CCSBVarC002921	ENSP00000360107.4:p.Met448Thr	EFHC1	ENSG00000096093	empty_AD
HsVcPPILacVa1	CCSBORF7866	1	CCSBORF0	LW	2	1523C>G	445	NC_000006.12:52479669:C:G	CCSBVarC001267	ENSP00000360107.4:p.Thr508Arg	EFHC1	ENSG00000096093	empty_AD
HsVcPPILacVa1	CCSBORF7866	1	CCSBORF0	LW	2	1820A>G	57	NC_000006.12:52490318:A:G	CCSBVarC017141	ENSP00000360107.4:p.Asn607Ser	EFHC1	ENSG00000096093	empty_AD
HsVcPPILacVa1	CCSBORF7866	1	CCSBORF0	LW	2	229C>A	3477	NC_000006.12:52424110:C:A	CCSBVarC001264	ENSP00000360107.4:p.Pro77Thr	EFHC1	ENSG00000096093	empty_AD
HsVcPPILacVa1	CCSBORF7866	1	CCSBORF0	LW	2	475C>G	55	NC_000006.12:52438492:C:G	CCSBVarC017143	ENSP00000360107.4:p.Arg159Gly	EFHC1	ENSG00000096093	empty_AD
HsVcPPILacVa1	CCSBORF7866	1	CCSBORF0	LW	2	475C>T	1980	NC_000006.12:52438492:C:T	CCSBVarC002919	ENSP00000360107.4:p.Arg159Trp	EFHC1	ENSG00000096093	empty_AD
HsVcPPILacVa1	CCSBORF7866	1	CCSBORF0	LW	2	520A>G	2893	NC_000006.12:52438537:A:G	CCSBVarC003446	ENSP00000360107.4:p.Ile174Val	EFHC1	ENSG00000096093	empty_AD
HsVcPPILacVa1	CCSBORF7866	1	CCSBORF0	LW	2	628G>A	209	NC_000006.12:52452741:G:A	CCSBVarC003447	ENSP00000360107.4:p.Asp210Asn	EFHC1	ENSG00000096093	empty_AD
HsVcPPILacVa1	CCSBORF7866	1	CCSBORF0	LW	2	662G>A	82	NC_000006.12:52452775:G:A	CCSBVarC001265	ENSP00000360107.4:p.Arg221His	EFHC1	ENSG00000096093	empty_AD
HsVcPPILacVa1	CCSBORF7866	1	CCSBORF0	LW	2	685T>C	16	NC_000006.12:52452798:T:C	CCSBVarC003448	ENSP00000360107.4:p.Phe229Leu	EFHC1	ENSG00000096093	empty_AD
HsVcPPILacVa1	CCSBORF7866	1	CCSBORF0	LW	2	757G>T	13	NC_000006.12:52454127:G:T	CCSBVarC003449	ENSP00000360107.4:p.Asp253Tyr	EFHC1	ENSG00000096093	empty_AD
HsVcPPILacVa1	CCSBORF7866	1	CCSBORF0	LW	2	776G>A	6	NC_000006.12:52454146:G:A	CCSBVarC003450	ENSP00000360107.4:p.Cys259Tyr	EFHC1	ENSG00000096093	empty_AD
HsVcPPILacVa1	CCSBORF55855	1	CCSBORF100014440	LW	2	REF	695	NULL	NULL	NULL	KRT2	ENSG00000172867	KRT25
HsVcPPILacVa1	CCSBORF55855	1	CCSBORF100014440	LW	2	1051G>A	3796	NC_000012.12:52648243:C:T	CCSBVarC016094	ENSP00000310861.3:p.Glu351Lys	KRT2	ENSG00000172867	KRT25
HsVcPPILacVa1	CCSBORF55855	1	CCSBORF100014440	LW	2	1070A>G	273	NC_000012.12:52648224:T:C	CCSBVarC016110	ENSP00000310861.3:p.Glu357Gly	KRT2	ENSG00000172867	KRT25
HsVcPPILacVa1	CCSBORF55855	1	CCSBORF100014440	LW	2	1106C>T	2	NC_000012.12:52648188:G:A	CCSBVarC016116	ENSP00000310861.3:p.Ala369Val	KRT2	ENSG00000172867	KRT25
HsVcPPILacVa1	CCSBORF55855	1	CCSBORF100014440	LW	2	1230C>G	11	NC_000012.12:52647747:G:C	CCSBVarC016120	ENSP00000310861.3:p.Ile410Met	KRT2	ENSG00000172867	KRT25
HsVcPPILacVa1	CCSBORF55855	1	CCSBORF100014440	LW	2	1325T>G	1493	NC_000012.12:52646883:A:C	CCSBVarC016123	ENSP00000310861.3:p.Leu442Trp	KRT2	ENSG00000172867	KRT25
HsVcPPILacVa1	CCSBORF55855	1	CCSBORF100014440	LW	2	1435A>C	2221	NC_000012.12:52646773:T:G	CCSBVarC003453	ENSP00000310861.3:p.Thr479Pro	KRT2	ENSG00000172867	KRT25
HsVcPPILacVa1	CCSBORF55855	1	CCSBORF100014440	LW	2	1451T>C	436	NC_000012.12:52646757:A:G	CCSBVarC002477	ENSP00000310861.3:p.Leu484Pro	KRT2	ENSG00000172867	KRT25
HsVcPPILacVa1	CCSBORF55855	1	CCSBORF100014440	LW	2	1480G>C	455	NC_000012.12:52645558:C:G	CCSBVarC016127	ENSP00000310861.3:p.Asp494His	KRT2	ENSG00000172867	KRT25
HsVcPPILacVa1	CCSBORF55855	1	CCSBORF100014440	LW	2	1694C>T	789	NC_000012.12:52645244:G:A	CCSBVarC016132	ENSP00000310861.3:p.Ser565Phe	KRT2	ENSG00000172867	KRT25
HsVcPPILacVa1	CCSBORF55855	1	CCSBORF100014440	LW	2	181C>T	28	NC_000012.12:52651961:G:A	CCSBVarC016138	ENSP00000310861.3:p.Arg61Trp	KRT2	ENSG00000172867	KRT25
HsVcPPILacVa1	CCSBORF55855	1	CCSBORF100014440	LW	2	1869G>T	230	NC_000012.12:52645069:C:A	CCSBVarC016144	ENSP00000310861.3:p.Lys623Asn	KRT2	ENSG00000172867	KRT25
HsVcPPILacVa1	CCSBORF55855	1	CCSBORF100014440	LW	2	1912T>C	109	NC_000012.12:52645026:A:G	CCSBVarC016151	ENSP00000310861.3:p.Phe638Leu	KRT2	ENSG00000172867	KRT25
HsVcPPILacVa1	CCSBORF55855	1	CCSBORF100014440	LW	2	295G>A	569	NC_000012.12:52651847:C:T	CCSBVarC016158	ENSP00000310861.3:p.Gly99Ser	KRT2	ENSG00000172867	KRT25
HsVcPPILacVa1	CCSBORF55855	1	CCSBORF100014440	LW	2	493G>A	36	NC_000012.12:52651649:C:T	CCSBVarC016179	ENSP00000310861.3:p.Val165Met	KRT2	ENSG00000172867	KRT25
HsVcPPILacVa1	CCSBORF55855	1	CCSBORF100014440	LW	2	536G>A	624	NC_000012.12:52651606:C:T	CCSBVarC016211	ENSP00000310861.3:p.Arg179His	KRT2	ENSG00000172867	KRT25
HsVcPPILacVa1	CCSBORF55855	1	CCSBORF100014440	LW	2	556A>T	1040	NC_000012.12:52651586:T:A	CCSBVarC003451	ENSP00000310861.3:p.Asn186Tyr	KRT2	ENSG00000172867	KRT25
HsVcPPILacVa1	CCSBORF55855	1	CCSBORF100014440	LW	2	558C>A	362	NC_000012.12:52651584:G:T	CCSBVarC002475	ENSP00000310861.3:p.Asn186Lys	KRT2	ENSG00000172867	KRT25
HsVcPPILacVa1	CCSBORF55855	1	CCSBORF100014440	LW	2	710A>G	54	NC_000012.12:52650428:T:C	CCSBVarC016220	ENSP00000310861.3:p.Lys237Arg	KRT2	ENSG00000172867	KRT25
HsVcPPILacVa1	CCSBORF55855	1	CCSBORF100014440	LW	2	767A>G	87	NC_000012.12:52650371:T:C	CCSBVarC012686	ENSP00000310861.3:p.Asn256Ser	KRT2	ENSG00000172867	KRT25
HsVcPPILacVa1	CCSBORF55855	1	CCSBORF100014440	LW	2	865G>A	606	NC_000012.12:52649098:C:T	CCSBVarC016224	ENSP00000310861.3:p.Val289Met	KRT2	ENSG00000172867	KRT25
HsVcPPILacVa1	CCSBORF55855	2	CCSBORF100011278	LW	2	REF	328	NULL	NULL	NULL	KRT2	ENSG00000172867	KRT16
HsVcPPILacVa1	CCSBORF55855	2	CCSBORF100011278	LW	2	1066T>C	208	NC_000012.12:52648228:A:G	CCSBVarC016108	ENSP00000310861.3:p.Tyr356His	KRT2	ENSG00000172867	KRT16
HsVcPPILacVa1	CCSBORF55855	2	CCSBORF100011278	LW	2	1094A>G	260	NC_000012.12:52648200:T:C	CCSBVarC016114	ENSP00000310861.3:p.Glu365Gly	KRT2	ENSG00000172867	KRT16
HsVcPPILacVa1	CCSBORF55855	2	CCSBORF100011278	LW	2	1114C>A	212	NC_000012.12:52648180:G:T	CCSBVarC016118	ENSP00000310861.3:p.His372Asn	KRT2	ENSG00000172867	KRT16
HsVcPPILacVa1	CCSBORF55855	2	CCSBORF100011278	LW	2	1249T>C	859	NC_000012.12:52646959:A:G	CCSBVarC016122	ENSP00000310861.3:p.Cys417Arg	KRT2	ENSG00000172867	KRT16
HsVcPPILacVa1	CCSBORF55855	2	CCSBORF100011278	LW	2	1355C>G	138	NC_000012.12:52646853:G:C	CCSBVarC016125	ENSP00000310861.3:p.Ala452Gly	KRT2	ENSG00000172867	KRT16
HsVcPPILacVa1	CCSBORF55855	2	CCSBORF100011278	LW	2	1427A>T	26	NC_000012.12:52646781:T:A	CCSBVarC003452	ENSP00000310861.3:p.Glu476Val	KRT2	ENSG00000172867	KRT16
HsVcPPILacVa1	CCSBORF55855	2	CCSBORF100011278	LW	2	1430T>A	1	NC_000012.12:52646778:A:T	CCSBVarC002476	ENSP00000310861.3:p.Ile477Asn	KRT2	ENSG00000172867	KRT16
HsVcPPILacVa1	CCSBORF55855	2	CCSBORF100011278	LW	2	1462G>A	216	NC_000012.12:52646746:C:T	CCSBVarC003454	ENSP00000310861.3:p.Glu488Lys	KRT2	ENSG00000172867	KRT16
HsVcPPILacVa1	CCSBORF55855	2	CCSBORF100011278	LW	2	1618G>A	0	NC_000012.12:52645320:C:T	CCSBVarC016129	ENSP00000310861.3:p.Gly540Ser	KRT2	ENSG00000172867	KRT16
HsVcPPILacVa1	CCSBORF55855	2	CCSBORF100011278	LW	2	1723T>G	65	NC_000012.12:52645215:A:C	CCSBVarC016135	ENSP00000310861.3:p.Ser575Ala	KRT2	ENSG00000172867	KRT16
HsVcPPILacVa1	CCSBORF55855	2	CCSBORF100011278	LW	2	1813G>C	1283	NC_000012.12:52645125:C:G	CCSBVarC016141	ENSP00000310861.3:p.Gly605Arg	KRT2	ENSG00000172867	KRT16
HsVcPPILacVa1	CCSBORF55855	2	CCSBORF100011278	LW	2	1900G>A	950	NC_000012.12:52645038:C:T	CCSBVarC016148	ENSP00000310861.3:p.Val634Met	KRT2	ENSG00000172867	KRT16
HsVcPPILacVa1	CCSBORF55855	2	CCSBORF100011278	LW	2	253G>A	3	NC_000012.12:52651889:C:T	CCSBVarC016156	ENSP00000310861.3:p.Ala85Thr	KRT2	ENSG00000172867	KRT16
HsVcPPILacVa1	CCSBORF55855	2	CCSBORF100011278	LW	2	301A>G	482	NC_000012.12:52651841:T:C	CCSBVarC012695	ENSP00000310861.3:p.Ser101Gly	KRT2	ENSG00000172867	KRT16
HsVcPPILacVa1	CCSBORF55855	2	CCSBORF100011278	LW	2	446G>T	1	NC_000012.12:52651696:C:A	CCSBVarC016164	ENSP00000310861.3:p.Gly149Val	KRT2	ENSG00000172867	KRT16
HsVcPPILacVa1	CCSBORF55855	2	CCSBORF100011278	LW	2	52G>A	16	NC_000012.12:52652090:C:T	CCSBVarC016186	ENSP00000310861.3:p.Gly18Arg	KRT2	ENSG00000172867	KRT16
HsVcPPILacVa1	CCSBORF55855	2	CCSBORF100011278	LW	2	542A>C	2702	NC_000012.12:52651600:T:G	CCSBVarC002474	ENSP00000310861.3:p.Gln181Pro	KRT2	ENSG00000172867	KRT16
HsVcPPILacVa1	CCSBORF55855	2	CCSBORF100011278	LW	2	656G>A	53	NC_000012.12:52650482:C:T	CCSBVarC002918	ENSP00000310861.3:p.Gly219Asp	KRT2	ENSG00000172867	KRT16
HsVcPPILacVa1	CCSBORF55855	2	CCSBORF100011278	LW	2	659C>A	52	NC_000012.12:52650479:G:T	CCSBVarC016214	ENSP00000310861.3:p.Thr220Asn	KRT2	ENSG00000172867	KRT16
HsVcPPILacVa1	CCSBORF55855	2	CCSBORF100011278	LW	2	800A>C	0	NC_000012.12:52650338:T:G	CCSBVarC016222	ENSP00000310861.3:p.Lys267Thr	KRT2	ENSG00000172867	KRT16
HsVcPPILacVa1	CCSBORF7866	1	CCSBORF56644	LW	2	REF	1244	NULL	NULL	NULL	EFHC1	ENSG00000096093	TCF4
HsVcPPILacVa1	CCSBORF7866	1	CCSBORF56644	LW	2	1180G>T	20	NC_000006.12:52469374:G:T	CCSBVarC001266	ENSP00000360107.4:p.Ala394Ser	EFHC1	ENSG00000096093	TCF4
HsVcPPILacVa1	CCSBORF7866	1	CCSBORF56644	LW	2	1343T>C	453	NC_000006.12:52479100:T:C	CCSBVarC002921	ENSP00000360107.4:p.Met448Thr	EFHC1	ENSG00000096093	TCF4
HsVcPPILacVa1	CCSBORF7866	1	CCSBORF56644	LW	2	1523C>G	714	NC_000006.12:52479669:C:G	CCSBVarC001267	ENSP00000360107.4:p.Thr508Arg	EFHC1	ENSG00000096093	TCF4
HsVcPPILacVa1	CCSBORF7866	1	CCSBORF56644	LW	2	1820A>G	67	NC_000006.12:52490318:A:G	CCSBVarC017141	ENSP00000360107.4:p.Asn607Ser	EFHC1	ENSG00000096093	TCF4
HsVcPPILacVa1	CCSBORF7866	1	CCSBORF56644	LW	2	229C>A	3571	NC_000006.12:52424110:C:A	CCSBVarC001264	ENSP00000360107.4:p.Pro77Thr	EFHC1	ENSG00000096093	TCF4
HsVcPPILacVa1	CCSBORF7866	1	CCSBORF56644	LW	2	475C>G	171	NC_000006.12:52438492:C:G	CCSBVarC017143	ENSP00000360107.4:p.Arg159Gly	EFHC1	ENSG00000096093	TCF4
HsVcPPILacVa1	CCSBORF7866	1	CCSBORF56644	LW	2	475C>T	2158	NC_000006.12:52438492:C:T	CCSBVarC002919	ENSP00000360107.4:p.Arg159Trp	EFHC1	ENSG00000096093	TCF4
HsVcPPILacVa1	CCSBORF7866	1	CCSBORF56644	LW	2	520A>G	3402	NC_000006.12:52438537:A:G	CCSBVarC003446	ENSP00000360107.4:p.Ile174Val	EFHC1	ENSG00000096093	TCF4
HsVcPPILacVa1	CCSBORF7866	1	CCSBORF56644	LW	2	628G>A	158	NC_000006.12:52452741:G:A	CCSBVarC003447	ENSP00000360107.4:p.Asp210Asn	EFHC1	ENSG00000096093	TCF4
HsVcPPILacVa1	CCSBORF7866	1	CCSBORF56644	LW	2	662G>A	117	NC_000006.12:52452775:G:A	CCSBVarC001265	ENSP00000360107.4:p.Arg221His	EFHC1	ENSG00000096093	TCF4
HsVcPPILacVa1	CCSBORF7866	1	CCSBORF56644	LW	2	685T>C	12	NC_000006.12:52452798:T:C	CCSBVarC003448	ENSP00000360107.4:p.Phe229Leu	EFHC1	ENSG00000096093	TCF4
HsVcPPILacVa1	CCSBORF7866	1	CCSBORF56644	LW	2	757G>T	13	NC_000006.12:52454127:G:T	CCSBVarC003449	ENSP00000360107.4:p.Asp253Tyr	EFHC1	ENSG00000096093	TCF4
HsVcPPILacVa1	CCSBORF7866	1	CCSBORF56644	LW	2	776G>A	3	NC_000006.12:52454146:G:A	CCSBVarC003450	ENSP00000360107.4:p.Cys259Tyr	EFHC1	ENSG00000096093	TCF4
HsVcPPILacVa1	CCSBORF7866	1	CCSBORF55625	LW	2	REF	1091	NULL	NULL	NULL	EFHC1	ENSG00000096093	SORBS3
HsVcPPILacVa1	CCSBORF7866	1	CCSBORF55625	LW	2	1180G>T	6	NC_000006.12:52469374:G:T	CCSBVarC001266	ENSP00000360107.4:p.Ala394Ser	EFHC1	ENSG00000096093	SORBS3
HsVcPPILacVa1	CCSBORF7866	1	CCSBORF55625	LW	2	1343T>C	297	NC_000006.12:52479100:T:C	CCSBVarC002921	ENSP00000360107.4:p.Met448Thr	EFHC1	ENSG00000096093	SORBS3
HsVcPPILacVa1	CCSBORF7866	1	CCSBORF55625	LW	2	1523C>G	705	NC_000006.12:52479669:C:G	CCSBVarC001267	ENSP00000360107.4:p.Thr508Arg	EFHC1	ENSG00000096093	SORBS3
HsVcPPILacVa1	CCSBORF7866	1	CCSBORF55625	LW	2	1820A>G	67	NC_000006.12:52490318:A:G	CCSBVarC017141	ENSP00000360107.4:p.Asn607Ser	EFHC1	ENSG00000096093	SORBS3
HsVcPPILacVa1	CCSBORF7866	1	CCSBORF55625	LW	2	229C>A	3166	NC_000006.12:52424110:C:A	CCSBVarC001264	ENSP00000360107.4:p.Pro77Thr	EFHC1	ENSG00000096093	SORBS3
HsVcPPILacVa1	CCSBORF7866	1	CCSBORF55625	LW	2	475C>G	64	NC_000006.12:52438492:C:G	CCSBVarC017143	ENSP00000360107.4:p.Arg159Gly	EFHC1	ENSG00000096093	SORBS3
HsVcPPILacVa1	CCSBORF7866	1	CCSBORF55625	LW	2	475C>T	3014	NC_000006.12:52438492:C:T	CCSBVarC002919	ENSP00000360107.4:p.Arg159Trp	EFHC1	ENSG00000096093	SORBS3
HsVcPPILacVa1	CCSBORF7866	1	CCSBORF55625	LW	2	520A>G	2952	NC_000006.12:52438537:A:G	CCSBVarC003446	ENSP00000360107.4:p.Ile174Val	EFHC1	ENSG00000096093	SORBS3
HsVcPPILacVa1	CCSBORF7866	1	CCSBORF55625	LW	2	628G>A	249	NC_000006.12:52452741:G:A	CCSBVarC003447	ENSP00000360107.4:p.Asp210Asn	EFHC1	ENSG00000096093	SORBS3
HsVcPPILacVa1	CCSBORF7866	1	CCSBORF55625	LW	2	662G>A	43	NC_000006.12:52452775:G:A	CCSBVarC001265	ENSP00000360107.4:p.Arg221His	EFHC1	ENSG00000096093	SORBS3
HsVcPPILacVa1	CCSBORF7866	1	CCSBORF55625	LW	2	685T>C	11	NC_000006.12:52452798:T:C	CCSBVarC003448	ENSP00000360107.4:p.Phe229Leu	EFHC1	ENSG00000096093	SORBS3
HsVcPPILacVa1	CCSBORF7866	1	CCSBORF55625	LW	2	757G>T	10	NC_000006.12:52454127:G:T	CCSBVarC003449	ENSP00000360107.4:p.Asp253Tyr	EFHC1	ENSG00000096093	SORBS3
HsVcPPILacVa1	CCSBORF7866	1	CCSBORF55625	LW	2	776G>A	2	NC_000006.12:52454146:G:A	CCSBVarC003450	ENSP00000360107.4:p.Cys259Tyr	EFHC1	ENSG00000096093	SORBS3
HsVcPPILacVa1	CCSBORF55855	1	CCSBORF6802	LW	2	REF	533	NULL	NULL	NULL	KRT2	ENSG00000172867	KRT33B
HsVcPPILacVa1	CCSBORF55855	1	CCSBORF6802	LW	2	1051G>A	1849	NC_000012.12:52648243:C:T	CCSBVarC016094	ENSP00000310861.3:p.Glu351Lys	KRT2	ENSG00000172867	KRT33B
HsVcPPILacVa1	CCSBORF55855	1	CCSBORF6802	LW	2	1070A>G	484	NC_000012.12:52648224:T:C	CCSBVarC016110	ENSP00000310861.3:p.Glu357Gly	KRT2	ENSG00000172867	KRT33B
HsVcPPILacVa1	CCSBORF55855	1	CCSBORF6802	LW	2	1106C>T	2	NC_000012.12:52648188:G:A	CCSBVarC016116	ENSP00000310861.3:p.Ala369Val	KRT2	ENSG00000172867	KRT33B
HsVcPPILacVa1	CCSBORF55855	1	CCSBORF6802	LW	2	1230C>G	4	NC_000012.12:52647747:G:C	CCSBVarC016120	ENSP00000310861.3:p.Ile410Met	KRT2	ENSG00000172867	KRT33B
HsVcPPILacVa1	CCSBORF55855	1	CCSBORF6802	LW	2	1325T>G	1591	NC_000012.12:52646883:A:C	CCSBVarC016123	ENSP00000310861.3:p.Leu442Trp	KRT2	ENSG00000172867	KRT33B
HsVcPPILacVa1	CCSBORF55855	1	CCSBORF6802	LW	2	1435A>C	1635	NC_000012.12:52646773:T:G	CCSBVarC003453	ENSP00000310861.3:p.Thr479Pro	KRT2	ENSG00000172867	KRT33B
HsVcPPILacVa1	CCSBORF55855	1	CCSBORF6802	LW	2	1451T>C	552	NC_000012.12:52646757:A:G	CCSBVarC002477	ENSP00000310861.3:p.Leu484Pro	KRT2	ENSG00000172867	KRT33B
HsVcPPILacVa1	CCSBORF55855	1	CCSBORF6802	LW	2	1480G>C	530	NC_000012.12:52645558:C:G	CCSBVarC016127	ENSP00000310861.3:p.Asp494His	KRT2	ENSG00000172867	KRT33B
HsVcPPILacVa1	CCSBORF55855	1	CCSBORF6802	LW	2	1694C>T	476	NC_000012.12:52645244:G:A	CCSBVarC016132	ENSP00000310861.3:p.Ser565Phe	KRT2	ENSG00000172867	KRT33B
HsVcPPILacVa1	CCSBORF55855	1	CCSBORF6802	LW	2	181C>T	20	NC_000012.12:52651961:G:A	CCSBVarC016138	ENSP00000310861.3:p.Arg61Trp	KRT2	ENSG00000172867	KRT33B
HsVcPPILacVa1	CCSBORF55855	1	CCSBORF6802	LW	2	1869G>T	162	NC_000012.12:52645069:C:A	CCSBVarC016144	ENSP00000310861.3:p.Lys623Asn	KRT2	ENSG00000172867	KRT33B
HsVcPPILacVa1	CCSBORF55855	1	CCSBORF6802	LW	2	1912T>C	100	NC_000012.12:52645026:A:G	CCSBVarC016151	ENSP00000310861.3:p.Phe638Leu	KRT2	ENSG00000172867	KRT33B
HsVcPPILacVa1	CCSBORF55855	1	CCSBORF6802	LW	2	295G>A	372	NC_000012.12:52651847:C:T	CCSBVarC016158	ENSP00000310861.3:p.Gly99Ser	KRT2	ENSG00000172867	KRT33B
HsVcPPILacVa1	CCSBORF55855	1	CCSBORF6802	LW	2	493G>A	4	NC_000012.12:52651649:C:T	CCSBVarC016179	ENSP00000310861.3:p.Val165Met	KRT2	ENSG00000172867	KRT33B
HsVcPPILacVa1	CCSBORF55855	1	CCSBORF6802	LW	2	536G>A	204	NC_000012.12:52651606:C:T	CCSBVarC016211	ENSP00000310861.3:p.Arg179His	KRT2	ENSG00000172867	KRT33B
HsVcPPILacVa1	CCSBORF55855	1	CCSBORF6802	LW	2	556A>T	678	NC_000012.12:52651586:T:A	CCSBVarC003451	ENSP00000310861.3:p.Asn186Tyr	KRT2	ENSG00000172867	KRT33B
HsVcPPILacVa1	CCSBORF55855	1	CCSBORF6802	LW	2	558C>A	490	NC_000012.12:52651584:G:T	CCSBVarC002475	ENSP00000310861.3:p.Asn186Lys	KRT2	ENSG00000172867	KRT33B
HsVcPPILacVa1	CCSBORF55855	1	CCSBORF6802	LW	2	710A>G	31	NC_000012.12:52650428:T:C	CCSBVarC016220	ENSP00000310861.3:p.Lys237Arg	KRT2	ENSG00000172867	KRT33B
HsVcPPILacVa1	CCSBORF55855	1	CCSBORF6802	LW	2	767A>G	81	NC_000012.12:52650371:T:C	CCSBVarC012686	ENSP00000310861.3:p.Asn256Ser	KRT2	ENSG00000172867	KRT33B
HsVcPPILacVa1	CCSBORF55855	1	CCSBORF6802	LW	2	865G>A	607	NC_000012.12:52649098:C:T	CCSBVarC016224	ENSP00000310861.3:p.Val289Met	KRT2	ENSG00000172867	KRT33B
HsVcPPILacVa1	CCSBORF55855	2	CCSBORF100014440	LW	2	REF	355	NULL	NULL	NULL	KRT2	ENSG00000172867	KRT25
HsVcPPILacVa1	CCSBORF55855	2	CCSBORF100014440	LW	2	1066T>C	169	NC_000012.12:52648228:A:G	CCSBVarC016108	ENSP00000310861.3:p.Tyr356His	KRT2	ENSG00000172867	KRT25
HsVcPPILacVa1	CCSBORF55855	2	CCSBORF100014440	LW	2	1094A>G	440	NC_000012.12:52648200:T:C	CCSBVarC016114	ENSP00000310861.3:p.Glu365Gly	KRT2	ENSG00000172867	KRT25
HsVcPPILacVa1	CCSBORF55855	2	CCSBORF100014440	LW	2	1114C>A	264	NC_000012.12:52648180:G:T	CCSBVarC016118	ENSP00000310861.3:p.His372Asn	KRT2	ENSG00000172867	KRT25
HsVcPPILacVa1	CCSBORF55855	2	CCSBORF100014440	LW	2	1249T>C	836	NC_000012.12:52646959:A:G	CCSBVarC016122	ENSP00000310861.3:p.Cys417Arg	KRT2	ENSG00000172867	KRT25
HsVcPPILacVa1	CCSBORF55855	2	CCSBORF100014440	LW	2	1355C>G	164	NC_000012.12:52646853:G:C	CCSBVarC016125	ENSP00000310861.3:p.Ala452Gly	KRT2	ENSG00000172867	KRT25
HsVcPPILacVa1	CCSBORF55855	2	CCSBORF100014440	LW	2	1427A>T	81	NC_000012.12:52646781:T:A	CCSBVarC003452	ENSP00000310861.3:p.Glu476Val	KRT2	ENSG00000172867	KRT25
HsVcPPILacVa1	CCSBORF55855	2	CCSBORF100014440	LW	2	1430T>A	1	NC_000012.12:52646778:A:T	CCSBVarC002476	ENSP00000310861.3:p.Ile477Asn	KRT2	ENSG00000172867	KRT25
HsVcPPILacVa1	CCSBORF55855	2	CCSBORF100014440	LW	2	1462G>A	217	NC_000012.12:52646746:C:T	CCSBVarC003454	ENSP00000310861.3:p.Glu488Lys	KRT2	ENSG00000172867	KRT25
HsVcPPILacVa1	CCSBORF55855	2	CCSBORF100014440	LW	2	1618G>A	1	NC_000012.12:52645320:C:T	CCSBVarC016129	ENSP00000310861.3:p.Gly540Ser	KRT2	ENSG00000172867	KRT25
HsVcPPILacVa1	CCSBORF55855	2	CCSBORF100014440	LW	2	1723T>G	134	NC_000012.12:52645215:A:C	CCSBVarC016135	ENSP00000310861.3:p.Ser575Ala	KRT2	ENSG00000172867	KRT25
HsVcPPILacVa1	CCSBORF55855	2	CCSBORF100014440	LW	2	1813G>C	791	NC_000012.12:52645125:C:G	CCSBVarC016141	ENSP00000310861.3:p.Gly605Arg	KRT2	ENSG00000172867	KRT25
HsVcPPILacVa1	CCSBORF55855	2	CCSBORF100014440	LW	2	1900G>A	872	NC_000012.12:52645038:C:T	CCSBVarC016148	ENSP00000310861.3:p.Val634Met	KRT2	ENSG00000172867	KRT25
HsVcPPILacVa1	CCSBORF55855	2	CCSBORF100014440	LW	2	253G>A	2	NC_000012.12:52651889:C:T	CCSBVarC016156	ENSP00000310861.3:p.Ala85Thr	KRT2	ENSG00000172867	KRT25
HsVcPPILacVa1	CCSBORF55855	2	CCSBORF100014440	LW	2	301A>G	535	NC_000012.12:52651841:T:C	CCSBVarC012695	ENSP00000310861.3:p.Ser101Gly	KRT2	ENSG00000172867	KRT25
HsVcPPILacVa1	CCSBORF55855	2	CCSBORF100014440	LW	2	446G>T	1	NC_000012.12:52651696:C:A	CCSBVarC016164	ENSP00000310861.3:p.Gly149Val	KRT2	ENSG00000172867	KRT25
HsVcPPILacVa1	CCSBORF55855	2	CCSBORF100014440	LW	2	52G>A	42	NC_000012.12:52652090:C:T	CCSBVarC016186	ENSP00000310861.3:p.Gly18Arg	KRT2	ENSG00000172867	KRT25
HsVcPPILacVa1	CCSBORF55855	2	CCSBORF100014440	LW	2	542A>C	2377	NC_000012.12:52651600:T:G	CCSBVarC002474	ENSP00000310861.3:p.Gln181Pro	KRT2	ENSG00000172867	KRT25
HsVcPPILacVa1	CCSBORF55855	2	CCSBORF100014440	LW	2	656G>A	87	NC_000012.12:52650482:C:T	CCSBVarC002918	ENSP00000310861.3:p.Gly219Asp	KRT2	ENSG00000172867	KRT25
HsVcPPILacVa1	CCSBORF55855	2	CCSBORF100014440	LW	2	659C>A	6	NC_000012.12:52650479:G:T	CCSBVarC016214	ENSP00000310861.3:p.Thr220Asn	KRT2	ENSG00000172867	KRT25
HsVcPPILacVa1	CCSBORF55855	2	CCSBORF100014440	LW	2	800A>C	1	NC_000012.12:52650338:T:G	CCSBVarC016222	ENSP00000310861.3:p.Lys267Thr	KRT2	ENSG00000172867	KRT25
HsVcPPILacVa1	CCSBORF7866	1	CCSBORF71783	LW	2	REF	947	NULL	NULL	NULL	EFHC1	ENSG00000096093	PBX1
HsVcPPILacVa1	CCSBORF7866	1	CCSBORF71783	LW	2	1180G>T	6	NC_000006.12:52469374:G:T	CCSBVarC001266	ENSP00000360107.4:p.Ala394Ser	EFHC1	ENSG00000096093	PBX1
HsVcPPILacVa1	CCSBORF7866	1	CCSBORF71783	LW	2	1343T>C	213	NC_000006.12:52479100:T:C	CCSBVarC002921	ENSP00000360107.4:p.Met448Thr	EFHC1	ENSG00000096093	PBX1
HsVcPPILacVa1	CCSBORF7866	1	CCSBORF71783	LW	2	1523C>G	735	NC_000006.12:52479669:C:G	CCSBVarC001267	ENSP00000360107.4:p.Thr508Arg	EFHC1	ENSG00000096093	PBX1
HsVcPPILacVa1	CCSBORF7866	1	CCSBORF71783	LW	2	1820A>G	108	NC_000006.12:52490318:A:G	CCSBVarC017141	ENSP00000360107.4:p.Asn607Ser	EFHC1	ENSG00000096093	PBX1
HsVcPPILacVa1	CCSBORF7866	1	CCSBORF71783	LW	2	229C>A	3521	NC_000006.12:52424110:C:A	CCSBVarC001264	ENSP00000360107.4:p.Pro77Thr	EFHC1	ENSG00000096093	PBX1
HsVcPPILacVa1	CCSBORF7866	1	CCSBORF71783	LW	2	475C>G	142	NC_000006.12:52438492:C:G	CCSBVarC017143	ENSP00000360107.4:p.Arg159Gly	EFHC1	ENSG00000096093	PBX1
HsVcPPILacVa1	CCSBORF7866	1	CCSBORF71783	LW	2	475C>T	2049	NC_000006.12:52438492:C:T	CCSBVarC002919	ENSP00000360107.4:p.Arg159Trp	EFHC1	ENSG00000096093	PBX1
HsVcPPILacVa1	CCSBORF7866	1	CCSBORF71783	LW	2	520A>G	2887	NC_000006.12:52438537:A:G	CCSBVarC003446	ENSP00000360107.4:p.Ile174Val	EFHC1	ENSG00000096093	PBX1
HsVcPPILacVa1	CCSBORF7866	1	CCSBORF71783	LW	2	628G>A	205	NC_000006.12:52452741:G:A	CCSBVarC003447	ENSP00000360107.4:p.Asp210Asn	EFHC1	ENSG00000096093	PBX1
HsVcPPILacVa1	CCSBORF7866	1	CCSBORF71783	LW	2	662G>A	93	NC_000006.12:52452775:G:A	CCSBVarC001265	ENSP00000360107.4:p.Arg221His	EFHC1	ENSG00000096093	PBX1
HsVcPPILacVa1	CCSBORF7866	1	CCSBORF71783	LW	2	685T>C	44	NC_000006.12:52452798:T:C	CCSBVarC003448	ENSP00000360107.4:p.Phe229Leu	EFHC1	ENSG00000096093	PBX1
HsVcPPILacVa1	CCSBORF7866	1	CCSBORF71783	LW	2	757G>T	5	NC_000006.12:52454127:G:T	CCSBVarC003449	ENSP00000360107.4:p.Asp253Tyr	EFHC1	ENSG00000096093	PBX1
HsVcPPILacVa1	CCSBORF7866	1	CCSBORF71783	LW	2	776G>A	7	NC_000006.12:52454146:G:A	CCSBVarC003450	ENSP00000360107.4:p.Cys259Tyr	EFHC1	ENSG00000096093	PBX1
HsVcPPILacVa1	CCSBORF7866	1	CCSBORF53886	LW	2	REF	1486	NULL	NULL	NULL	EFHC1	ENSG00000096093	TLE5
HsVcPPILacVa1	CCSBORF7866	1	CCSBORF53886	LW	2	1180G>T	8	NC_000006.12:52469374:G:T	CCSBVarC001266	ENSP00000360107.4:p.Ala394Ser	EFHC1	ENSG00000096093	TLE5
HsVcPPILacVa1	CCSBORF7866	1	CCSBORF53886	LW	2	1343T>C	277	NC_000006.12:52479100:T:C	CCSBVarC002921	ENSP00000360107.4:p.Met448Thr	EFHC1	ENSG00000096093	TLE5
HsVcPPILacVa1	CCSBORF7866	1	CCSBORF53886	LW	2	1523C>G	899	NC_000006.12:52479669:C:G	CCSBVarC001267	ENSP00000360107.4:p.Thr508Arg	EFHC1	ENSG00000096093	TLE5
HsVcPPILacVa1	CCSBORF7866	1	CCSBORF53886	LW	2	1820A>G	67	NC_000006.12:52490318:A:G	CCSBVarC017141	ENSP00000360107.4:p.Asn607Ser	EFHC1	ENSG00000096093	TLE5
HsVcPPILacVa1	CCSBORF7866	1	CCSBORF53886	LW	2	229C>A	4670	NC_000006.12:52424110:C:A	CCSBVarC001264	ENSP00000360107.4:p.Pro77Thr	EFHC1	ENSG00000096093	TLE5
HsVcPPILacVa1	CCSBORF7866	1	CCSBORF53886	LW	2	475C>G	117	NC_000006.12:52438492:C:G	CCSBVarC017143	ENSP00000360107.4:p.Arg159Gly	EFHC1	ENSG00000096093	TLE5
HsVcPPILacVa1	CCSBORF7866	1	CCSBORF53886	LW	2	475C>T	3184	NC_000006.12:52438492:C:T	CCSBVarC002919	ENSP00000360107.4:p.Arg159Trp	EFHC1	ENSG00000096093	TLE5
HsVcPPILacVa1	CCSBORF7866	1	CCSBORF53886	LW	2	520A>G	3159	NC_000006.12:52438537:A:G	CCSBVarC003446	ENSP00000360107.4:p.Ile174Val	EFHC1	ENSG00000096093	TLE5
HsVcPPILacVa1	CCSBORF7866	1	CCSBORF53886	LW	2	628G>A	245	NC_000006.12:52452741:G:A	CCSBVarC003447	ENSP00000360107.4:p.Asp210Asn	EFHC1	ENSG00000096093	TLE5
HsVcPPILacVa1	CCSBORF7866	1	CCSBORF53886	LW	2	662G>A	127	NC_000006.12:52452775:G:A	CCSBVarC001265	ENSP00000360107.4:p.Arg221His	EFHC1	ENSG00000096093	TLE5
HsVcPPILacVa1	CCSBORF7866	1	CCSBORF53886	LW	2	685T>C	6	NC_000006.12:52452798:T:C	CCSBVarC003448	ENSP00000360107.4:p.Phe229Leu	EFHC1	ENSG00000096093	TLE5
HsVcPPILacVa1	CCSBORF7866	1	CCSBORF53886	LW	2	757G>T	10	NC_000006.12:52454127:G:T	CCSBVarC003449	ENSP00000360107.4:p.Asp253Tyr	EFHC1	ENSG00000096093	TLE5
HsVcPPILacVa1	CCSBORF7866	1	CCSBORF53886	LW	2	776G>A	3	NC_000006.12:52454146:G:A	CCSBVarC003450	ENSP00000360107.4:p.Cys259Tyr	EFHC1	ENSG00000096093	TLE5
HsVcPPILacVa1	CCSBORF55855	1	CCSBORF56141	LW	2	REF	568	NULL	NULL	NULL	KRT2	ENSG00000172867	KRT31
HsVcPPILacVa1	CCSBORF55855	1	CCSBORF56141	LW	2	1051G>A	2198	NC_000012.12:52648243:C:T	CCSBVarC016094	ENSP00000310861.3:p.Glu351Lys	KRT2	ENSG00000172867	KRT31
HsVcPPILacVa1	CCSBORF55855	1	CCSBORF56141	LW	2	1070A>G	318	NC_000012.12:52648224:T:C	CCSBVarC016110	ENSP00000310861.3:p.Glu357Gly	KRT2	ENSG00000172867	KRT31
HsVcPPILacVa1	CCSBORF55855	1	CCSBORF56141	LW	2	1106C>T	3	NC_000012.12:52648188:G:A	CCSBVarC016116	ENSP00000310861.3:p.Ala369Val	KRT2	ENSG00000172867	KRT31
HsVcPPILacVa1	CCSBORF55855	1	CCSBORF56141	LW	2	1230C>G	11	NC_000012.12:52647747:G:C	CCSBVarC016120	ENSP00000310861.3:p.Ile410Met	KRT2	ENSG00000172867	KRT31
HsVcPPILacVa1	CCSBORF55855	1	CCSBORF56141	LW	2	1325T>G	754	NC_000012.12:52646883:A:C	CCSBVarC016123	ENSP00000310861.3:p.Leu442Trp	KRT2	ENSG00000172867	KRT31
HsVcPPILacVa1	CCSBORF55855	1	CCSBORF56141	LW	2	1435A>C	1655	NC_000012.12:52646773:T:G	CCSBVarC003453	ENSP00000310861.3:p.Thr479Pro	KRT2	ENSG00000172867	KRT31
HsVcPPILacVa1	CCSBORF55855	1	CCSBORF56141	LW	2	1451T>C	356	NC_000012.12:52646757:A:G	CCSBVarC002477	ENSP00000310861.3:p.Leu484Pro	KRT2	ENSG00000172867	KRT31
HsVcPPILacVa1	CCSBORF55855	1	CCSBORF56141	LW	2	1480G>C	475	NC_000012.12:52645558:C:G	CCSBVarC016127	ENSP00000310861.3:p.Asp494His	KRT2	ENSG00000172867	KRT31
HsVcPPILacVa1	CCSBORF55855	1	CCSBORF56141	LW	2	1694C>T	443	NC_000012.12:52645244:G:A	CCSBVarC016132	ENSP00000310861.3:p.Ser565Phe	KRT2	ENSG00000172867	KRT31
HsVcPPILacVa1	CCSBORF55855	1	CCSBORF56141	LW	2	181C>T	26	NC_000012.12:52651961:G:A	CCSBVarC016138	ENSP00000310861.3:p.Arg61Trp	KRT2	ENSG00000172867	KRT31
HsVcPPILacVa1	CCSBORF55855	1	CCSBORF56141	LW	2	1869G>T	139	NC_000012.12:52645069:C:A	CCSBVarC016144	ENSP00000310861.3:p.Lys623Asn	KRT2	ENSG00000172867	KRT31
HsVcPPILacVa1	CCSBORF55855	1	CCSBORF56141	LW	2	1912T>C	115	NC_000012.12:52645026:A:G	CCSBVarC016151	ENSP00000310861.3:p.Phe638Leu	KRT2	ENSG00000172867	KRT31
HsVcPPILacVa1	CCSBORF55855	1	CCSBORF56141	LW	2	295G>A	230	NC_000012.12:52651847:C:T	CCSBVarC016158	ENSP00000310861.3:p.Gly99Ser	KRT2	ENSG00000172867	KRT31
HsVcPPILacVa1	CCSBORF55855	1	CCSBORF56141	LW	2	493G>A	38	NC_000012.12:52651649:C:T	CCSBVarC016179	ENSP00000310861.3:p.Val165Met	KRT2	ENSG00000172867	KRT31
HsVcPPILacVa1	CCSBORF55855	1	CCSBORF56141	LW	2	536G>A	232	NC_000012.12:52651606:C:T	CCSBVarC016211	ENSP00000310861.3:p.Arg179His	KRT2	ENSG00000172867	KRT31
HsVcPPILacVa1	CCSBORF55855	1	CCSBORF56141	LW	2	556A>T	400	NC_000012.12:52651586:T:A	CCSBVarC003451	ENSP00000310861.3:p.Asn186Tyr	KRT2	ENSG00000172867	KRT31
HsVcPPILacVa1	CCSBORF55855	1	CCSBORF56141	LW	2	558C>A	454	NC_000012.12:52651584:G:T	CCSBVarC002475	ENSP00000310861.3:p.Asn186Lys	KRT2	ENSG00000172867	KRT31
HsVcPPILacVa1	CCSBORF55855	1	CCSBORF56141	LW	2	710A>G	14	NC_000012.12:52650428:T:C	CCSBVarC016220	ENSP00000310861.3:p.Lys237Arg	KRT2	ENSG00000172867	KRT31
HsVcPPILacVa1	CCSBORF55855	1	CCSBORF56141	LW	2	767A>G	90	NC_000012.12:52650371:T:C	CCSBVarC012686	ENSP00000310861.3:p.Asn256Ser	KRT2	ENSG00000172867	KRT31
HsVcPPILacVa1	CCSBORF55855	1	CCSBORF56141	LW	2	865G>A	514	NC_000012.12:52649098:C:T	CCSBVarC016224	ENSP00000310861.3:p.Val289Met	KRT2	ENSG00000172867	KRT31
HsVcPPILacVa1	CCSBORF55855	2	CCSBORF6802	LW	2	REF	600	NULL	NULL	NULL	KRT2	ENSG00000172867	KRT33B
HsVcPPILacVa1	CCSBORF55855	2	CCSBORF6802	LW	2	1066T>C	190	NC_000012.12:52648228:A:G	CCSBVarC016108	ENSP00000310861.3:p.Tyr356His	KRT2	ENSG00000172867	KRT33B
HsVcPPILacVa1	CCSBORF55855	2	CCSBORF6802	LW	2	1094A>G	396	NC_000012.12:52648200:T:C	CCSBVarC016114	ENSP00000310861.3:p.Glu365Gly	KRT2	ENSG00000172867	KRT33B
HsVcPPILacVa1	CCSBORF55855	2	CCSBORF6802	LW	2	1114C>A	188	NC_000012.12:52648180:G:T	CCSBVarC016118	ENSP00000310861.3:p.His372Asn	KRT2	ENSG00000172867	KRT33B
HsVcPPILacVa1	CCSBORF55855	2	CCSBORF6802	LW	2	1249T>C	1023	NC_000012.12:52646959:A:G	CCSBVarC016122	ENSP00000310861.3:p.Cys417Arg	KRT2	ENSG00000172867	KRT33B
HsVcPPILacVa1	CCSBORF55855	2	CCSBORF6802	LW	2	1355C>G	211	NC_000012.12:52646853:G:C	CCSBVarC016125	ENSP00000310861.3:p.Ala452Gly	KRT2	ENSG00000172867	KRT33B
HsVcPPILacVa1	CCSBORF55855	2	CCSBORF6802	LW	2	1427A>T	79	NC_000012.12:52646781:T:A	CCSBVarC003452	ENSP00000310861.3:p.Glu476Val	KRT2	ENSG00000172867	KRT33B
HsVcPPILacVa1	CCSBORF55855	2	CCSBORF6802	LW	2	1430T>A	0	NC_000012.12:52646778:A:T	CCSBVarC002476	ENSP00000310861.3:p.Ile477Asn	KRT2	ENSG00000172867	KRT33B
HsVcPPILacVa1	CCSBORF55855	2	CCSBORF6802	LW	2	1462G>A	251	NC_000012.12:52646746:C:T	CCSBVarC003454	ENSP00000310861.3:p.Glu488Lys	KRT2	ENSG00000172867	KRT33B
HsVcPPILacVa1	CCSBORF55855	2	CCSBORF6802	LW	2	1618G>A	0	NC_000012.12:52645320:C:T	CCSBVarC016129	ENSP00000310861.3:p.Gly540Ser	KRT2	ENSG00000172867	KRT33B
HsVcPPILacVa1	CCSBORF55855	2	CCSBORF6802	LW	2	1723T>G	36	NC_000012.12:52645215:A:C	CCSBVarC016135	ENSP00000310861.3:p.Ser575Ala	KRT2	ENSG00000172867	KRT33B
HsVcPPILacVa1	CCSBORF55855	2	CCSBORF6802	LW	2	1813G>C	1385	NC_000012.12:52645125:C:G	CCSBVarC016141	ENSP00000310861.3:p.Gly605Arg	KRT2	ENSG00000172867	KRT33B
HsVcPPILacVa1	CCSBORF55855	2	CCSBORF6802	LW	2	1900G>A	982	NC_000012.12:52645038:C:T	CCSBVarC016148	ENSP00000310861.3:p.Val634Met	KRT2	ENSG00000172867	KRT33B
HsVcPPILacVa1	CCSBORF55855	2	CCSBORF6802	LW	2	253G>A	3	NC_000012.12:52651889:C:T	CCSBVarC016156	ENSP00000310861.3:p.Ala85Thr	KRT2	ENSG00000172867	KRT33B
HsVcPPILacVa1	CCSBORF55855	2	CCSBORF6802	LW	2	301A>G	578	NC_000012.12:52651841:T:C	CCSBVarC012695	ENSP00000310861.3:p.Ser101Gly	KRT2	ENSG00000172867	KRT33B
HsVcPPILacVa1	CCSBORF55855	2	CCSBORF6802	LW	2	446G>T	0	NC_000012.12:52651696:C:A	CCSBVarC016164	ENSP00000310861.3:p.Gly149Val	KRT2	ENSG00000172867	KRT33B
HsVcPPILacVa1	CCSBORF55855	2	CCSBORF6802	LW	2	52G>A	102	NC_000012.12:52652090:C:T	CCSBVarC016186	ENSP00000310861.3:p.Gly18Arg	KRT2	ENSG00000172867	KRT33B
HsVcPPILacVa1	CCSBORF55855	2	CCSBORF6802	LW	2	542A>C	4434	NC_000012.12:52651600:T:G	CCSBVarC002474	ENSP00000310861.3:p.Gln181Pro	KRT2	ENSG00000172867	KRT33B
HsVcPPILacVa1	CCSBORF55855	2	CCSBORF6802	LW	2	656G>A	312	NC_000012.12:52650482:C:T	CCSBVarC002918	ENSP00000310861.3:p.Gly219Asp	KRT2	ENSG00000172867	KRT33B
HsVcPPILacVa1	CCSBORF55855	2	CCSBORF6802	LW	2	659C>A	20	NC_000012.12:52650479:G:T	CCSBVarC016214	ENSP00000310861.3:p.Thr220Asn	KRT2	ENSG00000172867	KRT33B
HsVcPPILacVa1	CCSBORF55855	2	CCSBORF6802	LW	2	800A>C	3	NC_000012.12:52650338:T:G	CCSBVarC016222	ENSP00000310861.3:p.Lys267Thr	KRT2	ENSG00000172867	KRT33B
HsVcPPILacVa1	CCSBORF7866	1	CCSBORF65	LW	2	REF	926	NULL	NULL	NULL	EFHC1	ENSG00000096093	KRT18
HsVcPPILacVa1	CCSBORF7866	1	CCSBORF65	LW	2	1180G>T	11	NC_000006.12:52469374:G:T	CCSBVarC001266	ENSP00000360107.4:p.Ala394Ser	EFHC1	ENSG00000096093	KRT18
HsVcPPILacVa1	CCSBORF7866	1	CCSBORF65	LW	2	1343T>C	159	NC_000006.12:52479100:T:C	CCSBVarC002921	ENSP00000360107.4:p.Met448Thr	EFHC1	ENSG00000096093	KRT18
HsVcPPILacVa1	CCSBORF7866	1	CCSBORF65	LW	2	1523C>G	225	NC_000006.12:52479669:C:G	CCSBVarC001267	ENSP00000360107.4:p.Thr508Arg	EFHC1	ENSG00000096093	KRT18
HsVcPPILacVa1	CCSBORF7866	1	CCSBORF65	LW	2	1820A>G	26	NC_000006.12:52490318:A:G	CCSBVarC017141	ENSP00000360107.4:p.Asn607Ser	EFHC1	ENSG00000096093	KRT18
HsVcPPILacVa1	CCSBORF7866	1	CCSBORF65	LW	2	229C>A	2002	NC_000006.12:52424110:C:A	CCSBVarC001264	ENSP00000360107.4:p.Pro77Thr	EFHC1	ENSG00000096093	KRT18
HsVcPPILacVa1	CCSBORF7866	1	CCSBORF65	LW	2	475C>G	15	NC_000006.12:52438492:C:G	CCSBVarC017143	ENSP00000360107.4:p.Arg159Gly	EFHC1	ENSG00000096093	KRT18
HsVcPPILacVa1	CCSBORF7866	1	CCSBORF65	LW	2	475C>T	1418	NC_000006.12:52438492:C:T	CCSBVarC002919	ENSP00000360107.4:p.Arg159Trp	EFHC1	ENSG00000096093	KRT18
HsVcPPILacVa1	CCSBORF7866	1	CCSBORF65	LW	2	520A>G	1842	NC_000006.12:52438537:A:G	CCSBVarC003446	ENSP00000360107.4:p.Ile174Val	EFHC1	ENSG00000096093	KRT18
HsVcPPILacVa1	CCSBORF7866	1	CCSBORF65	LW	2	628G>A	103	NC_000006.12:52452741:G:A	CCSBVarC003447	ENSP00000360107.4:p.Asp210Asn	EFHC1	ENSG00000096093	KRT18
HsVcPPILacVa1	CCSBORF7866	1	CCSBORF65	LW	2	662G>A	40	NC_000006.12:52452775:G:A	CCSBVarC001265	ENSP00000360107.4:p.Arg221His	EFHC1	ENSG00000096093	KRT18
HsVcPPILacVa1	CCSBORF7866	1	CCSBORF65	LW	2	685T>C	4	NC_000006.12:52452798:T:C	CCSBVarC003448	ENSP00000360107.4:p.Phe229Leu	EFHC1	ENSG00000096093	KRT18
HsVcPPILacVa1	CCSBORF7866	1	CCSBORF65	LW	2	757G>T	2	NC_000006.12:52454127:G:T	CCSBVarC003449	ENSP00000360107.4:p.Asp253Tyr	EFHC1	ENSG00000096093	KRT18
HsVcPPILacVa1	CCSBORF7866	1	CCSBORF65	LW	2	776G>A	2	NC_000006.12:52454146:G:A	CCSBVarC003450	ENSP00000360107.4:p.Cys259Tyr	EFHC1	ENSG00000096093	KRT18
HsVcPPILacVa1	CCSBORF7866	1	CCSBORF9637	LW	2	REF	1017	NULL	NULL	NULL	EFHC1	ENSG00000096093	TRAF2
HsVcPPILacVa1	CCSBORF7866	1	CCSBORF9637	LW	2	1180G>T	10	NC_000006.12:52469374:G:T	CCSBVarC001266	ENSP00000360107.4:p.Ala394Ser	EFHC1	ENSG00000096093	TRAF2
HsVcPPILacVa1	CCSBORF7866	1	CCSBORF9637	LW	2	1343T>C	99	NC_000006.12:52479100:T:C	CCSBVarC002921	ENSP00000360107.4:p.Met448Thr	EFHC1	ENSG00000096093	TRAF2
HsVcPPILacVa1	CCSBORF7866	1	CCSBORF9637	LW	2	1523C>G	182	NC_000006.12:52479669:C:G	CCSBVarC001267	ENSP00000360107.4:p.Thr508Arg	EFHC1	ENSG00000096093	TRAF2
HsVcPPILacVa1	CCSBORF7866	1	CCSBORF9637	LW	2	1820A>G	38	NC_000006.12:52490318:A:G	CCSBVarC017141	ENSP00000360107.4:p.Asn607Ser	EFHC1	ENSG00000096093	TRAF2
HsVcPPILacVa1	CCSBORF7866	1	CCSBORF9637	LW	2	229C>A	3033	NC_000006.12:52424110:C:A	CCSBVarC001264	ENSP00000360107.4:p.Pro77Thr	EFHC1	ENSG00000096093	TRAF2
HsVcPPILacVa1	CCSBORF7866	1	CCSBORF9637	LW	2	475C>G	46	NC_000006.12:52438492:C:G	CCSBVarC017143	ENSP00000360107.4:p.Arg159Gly	EFHC1	ENSG00000096093	TRAF2
HsVcPPILacVa1	CCSBORF7866	1	CCSBORF9637	LW	2	475C>T	1760	NC_000006.12:52438492:C:T	CCSBVarC002919	ENSP00000360107.4:p.Arg159Trp	EFHC1	ENSG00000096093	TRAF2
HsVcPPILacVa1	CCSBORF7866	1	CCSBORF9637	LW	2	520A>G	1579	NC_000006.12:52438537:A:G	CCSBVarC003446	ENSP00000360107.4:p.Ile174Val	EFHC1	ENSG00000096093	TRAF2
HsVcPPILacVa1	CCSBORF7866	1	CCSBORF9637	LW	2	628G>A	92	NC_000006.12:52452741:G:A	CCSBVarC003447	ENSP00000360107.4:p.Asp210Asn	EFHC1	ENSG00000096093	TRAF2
HsVcPPILacVa1	CCSBORF7866	1	CCSBORF9637	LW	2	662G>A	33	NC_000006.12:52452775:G:A	CCSBVarC001265	ENSP00000360107.4:p.Arg221His	EFHC1	ENSG00000096093	TRAF2
HsVcPPILacVa1	CCSBORF7866	1	CCSBORF9637	LW	2	685T>C	20	NC_000006.12:52452798:T:C	CCSBVarC003448	ENSP00000360107.4:p.Phe229Leu	EFHC1	ENSG00000096093	TRAF2
HsVcPPILacVa1	CCSBORF7866	1	CCSBORF9637	LW	2	757G>T	4	NC_000006.12:52454127:G:T	CCSBVarC003449	ENSP00000360107.4:p.Asp253Tyr	EFHC1	ENSG00000096093	TRAF2
HsVcPPILacVa1	CCSBORF7866	1	CCSBORF9637	LW	2	776G>A	5	NC_000006.12:52454146:G:A	CCSBVarC003450	ENSP00000360107.4:p.Cys259Tyr	EFHC1	ENSG00000096093	TRAF2
HsVcPPILacVa1	CCSBORF55855	1	CCSBORF54668	LW	2	REF	448	NULL	NULL	NULL	KRT2	ENSG00000172867	KRT40
HsVcPPILacVa1	CCSBORF55855	1	CCSBORF54668	LW	2	1051G>A	2849	NC_000012.12:52648243:C:T	CCSBVarC016094	ENSP00000310861.3:p.Glu351Lys	KRT2	ENSG00000172867	KRT40
HsVcPPILacVa1	CCSBORF55855	1	CCSBORF54668	LW	2	1070A>G	379	NC_000012.12:52648224:T:C	CCSBVarC016110	ENSP00000310861.3:p.Glu357Gly	KRT2	ENSG00000172867	KRT40
HsVcPPILacVa1	CCSBORF55855	1	CCSBORF54668	LW	2	1106C>T	0	NC_000012.12:52648188:G:A	CCSBVarC016116	ENSP00000310861.3:p.Ala369Val	KRT2	ENSG00000172867	KRT40
HsVcPPILacVa1	CCSBORF55855	1	CCSBORF54668	LW	2	1230C>G	6	NC_000012.12:52647747:G:C	CCSBVarC016120	ENSP00000310861.3:p.Ile410Met	KRT2	ENSG00000172867	KRT40
HsVcPPILacVa1	CCSBORF55855	1	CCSBORF54668	LW	2	1325T>G	1580	NC_000012.12:52646883:A:C	CCSBVarC016123	ENSP00000310861.3:p.Leu442Trp	KRT2	ENSG00000172867	KRT40
HsVcPPILacVa1	CCSBORF55855	1	CCSBORF54668	LW	2	1435A>C	3017	NC_000012.12:52646773:T:G	CCSBVarC003453	ENSP00000310861.3:p.Thr479Pro	KRT2	ENSG00000172867	KRT40
HsVcPPILacVa1	CCSBORF55855	1	CCSBORF54668	LW	2	1451T>C	295	NC_000012.12:52646757:A:G	CCSBVarC002477	ENSP00000310861.3:p.Leu484Pro	KRT2	ENSG00000172867	KRT40
HsVcPPILacVa1	CCSBORF55855	1	CCSBORF54668	LW	2	1480G>C	520	NC_000012.12:52645558:C:G	CCSBVarC016127	ENSP00000310861.3:p.Asp494His	KRT2	ENSG00000172867	KRT40
HsVcPPILacVa1	CCSBORF55855	1	CCSBORF54668	LW	2	1694C>T	512	NC_000012.12:52645244:G:A	CCSBVarC016132	ENSP00000310861.3:p.Ser565Phe	KRT2	ENSG00000172867	KRT40
HsVcPPILacVa1	CCSBORF55855	1	CCSBORF54668	LW	2	181C>T	131	NC_000012.12:52651961:G:A	CCSBVarC016138	ENSP00000310861.3:p.Arg61Trp	KRT2	ENSG00000172867	KRT40
HsVcPPILacVa1	CCSBORF55855	1	CCSBORF54668	LW	2	1869G>T	60	NC_000012.12:52645069:C:A	CCSBVarC016144	ENSP00000310861.3:p.Lys623Asn	KRT2	ENSG00000172867	KRT40
HsVcPPILacVa1	CCSBORF55855	1	CCSBORF54668	LW	2	1912T>C	101	NC_000012.12:52645026:A:G	CCSBVarC016151	ENSP00000310861.3:p.Phe638Leu	KRT2	ENSG00000172867	KRT40
HsVcPPILacVa1	CCSBORF55855	1	CCSBORF54668	LW	2	295G>A	295	NC_000012.12:52651847:C:T	CCSBVarC016158	ENSP00000310861.3:p.Gly99Ser	KRT2	ENSG00000172867	KRT40
HsVcPPILacVa1	CCSBORF55855	1	CCSBORF54668	LW	2	493G>A	11	NC_000012.12:52651649:C:T	CCSBVarC016179	ENSP00000310861.3:p.Val165Met	KRT2	ENSG00000172867	KRT40
HsVcPPILacVa1	CCSBORF55855	1	CCSBORF54668	LW	2	536G>A	226	NC_000012.12:52651606:C:T	CCSBVarC016211	ENSP00000310861.3:p.Arg179His	KRT2	ENSG00000172867	KRT40
HsVcPPILacVa1	CCSBORF55855	1	CCSBORF54668	LW	2	556A>T	716	NC_000012.12:52651586:T:A	CCSBVarC003451	ENSP00000310861.3:p.Asn186Tyr	KRT2	ENSG00000172867	KRT40
HsVcPPILacVa1	CCSBORF55855	1	CCSBORF54668	LW	2	558C>A	401	NC_000012.12:52651584:G:T	CCSBVarC002475	ENSP00000310861.3:p.Asn186Lys	KRT2	ENSG00000172867	KRT40
HsVcPPILacVa1	CCSBORF55855	1	CCSBORF54668	LW	2	710A>G	12	NC_000012.12:52650428:T:C	CCSBVarC016220	ENSP00000310861.3:p.Lys237Arg	KRT2	ENSG00000172867	KRT40
HsVcPPILacVa1	CCSBORF55855	1	CCSBORF54668	LW	2	767A>G	70	NC_000012.12:52650371:T:C	CCSBVarC012686	ENSP00000310861.3:p.Asn256Ser	KRT2	ENSG00000172867	KRT40
HsVcPPILacVa1	CCSBORF55855	1	CCSBORF54668	LW	2	865G>A	531	NC_000012.12:52649098:C:T	CCSBVarC016224	ENSP00000310861.3:p.Val289Met	KRT2	ENSG00000172867	KRT40
HsVcPPILacVa1	CCSBORF55855	2	CCSBORF56141	LW	2	REF	538	NULL	NULL	NULL	KRT2	ENSG00000172867	KRT31
HsVcPPILacVa1	CCSBORF55855	2	CCSBORF56141	LW	2	1066T>C	212	NC_000012.12:52648228:A:G	CCSBVarC016108	ENSP00000310861.3:p.Tyr356His	KRT2	ENSG00000172867	KRT31
HsVcPPILacVa1	CCSBORF55855	2	CCSBORF56141	LW	2	1094A>G	359	NC_000012.12:52648200:T:C	CCSBVarC016114	ENSP00000310861.3:p.Glu365Gly	KRT2	ENSG00000172867	KRT31
HsVcPPILacVa1	CCSBORF55855	2	CCSBORF56141	LW	2	1114C>A	352	NC_000012.12:52648180:G:T	CCSBVarC016118	ENSP00000310861.3:p.His372Asn	KRT2	ENSG00000172867	KRT31
HsVcPPILacVa1	CCSBORF55855	2	CCSBORF56141	LW	2	1249T>C	952	NC_000012.12:52646959:A:G	CCSBVarC016122	ENSP00000310861.3:p.Cys417Arg	KRT2	ENSG00000172867	KRT31
HsVcPPILacVa1	CCSBORF55855	2	CCSBORF56141	LW	2	1355C>G	163	NC_000012.12:52646853:G:C	CCSBVarC016125	ENSP00000310861.3:p.Ala452Gly	KRT2	ENSG00000172867	KRT31
HsVcPPILacVa1	CCSBORF55855	2	CCSBORF56141	LW	2	1427A>T	161	NC_000012.12:52646781:T:A	CCSBVarC003452	ENSP00000310861.3:p.Glu476Val	KRT2	ENSG00000172867	KRT31
HsVcPPILacVa1	CCSBORF55855	2	CCSBORF56141	LW	2	1430T>A	2	NC_000012.12:52646778:A:T	CCSBVarC002476	ENSP00000310861.3:p.Ile477Asn	KRT2	ENSG00000172867	KRT31
HsVcPPILacVa1	CCSBORF55855	2	CCSBORF56141	LW	2	1462G>A	281	NC_000012.12:52646746:C:T	CCSBVarC003454	ENSP00000310861.3:p.Glu488Lys	KRT2	ENSG00000172867	KRT31
HsVcPPILacVa1	CCSBORF55855	2	CCSBORF56141	LW	2	1618G>A	0	NC_000012.12:52645320:C:T	CCSBVarC016129	ENSP00000310861.3:p.Gly540Ser	KRT2	ENSG00000172867	KRT31
HsVcPPILacVa1	CCSBORF55855	2	CCSBORF56141	LW	2	1723T>G	92	NC_000012.12:52645215:A:C	CCSBVarC016135	ENSP00000310861.3:p.Ser575Ala	KRT2	ENSG00000172867	KRT31
HsVcPPILacVa1	CCSBORF55855	2	CCSBORF56141	LW	2	1813G>C	1163	NC_000012.12:52645125:C:G	CCSBVarC016141	ENSP00000310861.3:p.Gly605Arg	KRT2	ENSG00000172867	KRT31
HsVcPPILacVa1	CCSBORF55855	2	CCSBORF56141	LW	2	1900G>A	997	NC_000012.12:52645038:C:T	CCSBVarC016148	ENSP00000310861.3:p.Val634Met	KRT2	ENSG00000172867	KRT31
HsVcPPILacVa1	CCSBORF55855	2	CCSBORF56141	LW	2	253G>A	2	NC_000012.12:52651889:C:T	CCSBVarC016156	ENSP00000310861.3:p.Ala85Thr	KRT2	ENSG00000172867	KRT31
HsVcPPILacVa1	CCSBORF55855	2	CCSBORF56141	LW	2	301A>G	495	NC_000012.12:52651841:T:C	CCSBVarC012695	ENSP00000310861.3:p.Ser101Gly	KRT2	ENSG00000172867	KRT31
HsVcPPILacVa1	CCSBORF55855	2	CCSBORF56141	LW	2	446G>T	1	NC_000012.12:52651696:C:A	CCSBVarC016164	ENSP00000310861.3:p.Gly149Val	KRT2	ENSG00000172867	KRT31
HsVcPPILacVa1	CCSBORF55855	2	CCSBORF56141	LW	2	52G>A	29	NC_000012.12:52652090:C:T	CCSBVarC016186	ENSP00000310861.3:p.Gly18Arg	KRT2	ENSG00000172867	KRT31
HsVcPPILacVa1	CCSBORF55855	2	CCSBORF56141	LW	2	542A>C	3018	NC_000012.12:52651600:T:G	CCSBVarC002474	ENSP00000310861.3:p.Gln181Pro	KRT2	ENSG00000172867	KRT31
HsVcPPILacVa1	CCSBORF55855	2	CCSBORF56141	LW	2	656G>A	131	NC_000012.12:52650482:C:T	CCSBVarC002918	ENSP00000310861.3:p.Gly219Asp	KRT2	ENSG00000172867	KRT31
HsVcPPILacVa1	CCSBORF55855	2	CCSBORF56141	LW	2	659C>A	77	NC_000012.12:52650479:G:T	CCSBVarC016214	ENSP00000310861.3:p.Thr220Asn	KRT2	ENSG00000172867	KRT31
HsVcPPILacVa1	CCSBORF55855	2	CCSBORF56141	LW	2	800A>C	0	NC_000012.12:52650338:T:G	CCSBVarC016222	ENSP00000310861.3:p.Lys267Thr	KRT2	ENSG00000172867	KRT31
HsVcPPILacVa1	CCSBORF7866	1	CCSBORF1214	LW	2	REF	1465	NULL	NULL	NULL	EFHC1	ENSG00000096093	KCTD4
HsVcPPILacVa1	CCSBORF7866	1	CCSBORF1214	LW	2	1180G>T	14	NC_000006.12:52469374:G:T	CCSBVarC001266	ENSP00000360107.4:p.Ala394Ser	EFHC1	ENSG00000096093	KCTD4
HsVcPPILacVa1	CCSBORF7866	1	CCSBORF1214	LW	2	1343T>C	527	NC_000006.12:52479100:T:C	CCSBVarC002921	ENSP00000360107.4:p.Met448Thr	EFHC1	ENSG00000096093	KCTD4
HsVcPPILacVa1	CCSBORF7866	1	CCSBORF1214	LW	2	1523C>G	1125	NC_000006.12:52479669:C:G	CCSBVarC001267	ENSP00000360107.4:p.Thr508Arg	EFHC1	ENSG00000096093	KCTD4
HsVcPPILacVa1	CCSBORF7866	1	CCSBORF1214	LW	2	1820A>G	62	NC_000006.12:52490318:A:G	CCSBVarC017141	ENSP00000360107.4:p.Asn607Ser	EFHC1	ENSG00000096093	KCTD4
HsVcPPILacVa1	CCSBORF7866	1	CCSBORF1214	LW	2	229C>A	4091	NC_000006.12:52424110:C:A	CCSBVarC001264	ENSP00000360107.4:p.Pro77Thr	EFHC1	ENSG00000096093	KCTD4
HsVcPPILacVa1	CCSBORF7866	1	CCSBORF1214	LW	2	475C>G	99	NC_000006.12:52438492:C:G	CCSBVarC017143	ENSP00000360107.4:p.Arg159Gly	EFHC1	ENSG00000096093	KCTD4
HsVcPPILacVa1	CCSBORF7866	1	CCSBORF1214	LW	2	475C>T	3441	NC_000006.12:52438492:C:T	CCSBVarC002919	ENSP00000360107.4:p.Arg159Trp	EFHC1	ENSG00000096093	KCTD4
HsVcPPILacVa1	CCSBORF7866	1	CCSBORF1214	LW	2	520A>G	4493	NC_000006.12:52438537:A:G	CCSBVarC003446	ENSP00000360107.4:p.Ile174Val	EFHC1	ENSG00000096093	KCTD4
HsVcPPILacVa1	CCSBORF7866	1	CCSBORF1214	LW	2	628G>A	250	NC_000006.12:52452741:G:A	CCSBVarC003447	ENSP00000360107.4:p.Asp210Asn	EFHC1	ENSG00000096093	KCTD4
HsVcPPILacVa1	CCSBORF7866	1	CCSBORF1214	LW	2	662G>A	168	NC_000006.12:52452775:G:A	CCSBVarC001265	ENSP00000360107.4:p.Arg221His	EFHC1	ENSG00000096093	KCTD4
HsVcPPILacVa1	CCSBORF7866	1	CCSBORF1214	LW	2	685T>C	81	NC_000006.12:52452798:T:C	CCSBVarC003448	ENSP00000360107.4:p.Phe229Leu	EFHC1	ENSG00000096093	KCTD4
HsVcPPILacVa1	CCSBORF7866	1	CCSBORF1214	LW	2	757G>T	13	NC_000006.12:52454127:G:T	CCSBVarC003449	ENSP00000360107.4:p.Asp253Tyr	EFHC1	ENSG00000096093	KCTD4
HsVcPPILacVa1	CCSBORF7866	1	CCSBORF1214	LW	2	776G>A	5	NC_000006.12:52454146:G:A	CCSBVarC003450	ENSP00000360107.4:p.Cys259Tyr	EFHC1	ENSG00000096093	KCTD4
HsVcPPILacVa1	CCSBORF7866	1	CCSBORF5046	LW	2	REF	1592	NULL	NULL	NULL	EFHC1	ENSG00000096093	NQO2
HsVcPPILacVa1	CCSBORF7866	1	CCSBORF5046	LW	2	1180G>T	24	NC_000006.12:52469374:G:T	CCSBVarC001266	ENSP00000360107.4:p.Ala394Ser	EFHC1	ENSG00000096093	NQO2
HsVcPPILacVa1	CCSBORF7866	1	CCSBORF5046	LW	2	1343T>C	301	NC_000006.12:52479100:T:C	CCSBVarC002921	ENSP00000360107.4:p.Met448Thr	EFHC1	ENSG00000096093	NQO2
HsVcPPILacVa1	CCSBORF7866	1	CCSBORF5046	LW	2	1523C>G	679	NC_000006.12:52479669:C:G	CCSBVarC001267	ENSP00000360107.4:p.Thr508Arg	EFHC1	ENSG00000096093	NQO2
HsVcPPILacVa1	CCSBORF7866	1	CCSBORF5046	LW	2	1820A>G	114	NC_000006.12:52490318:A:G	CCSBVarC017141	ENSP00000360107.4:p.Asn607Ser	EFHC1	ENSG00000096093	NQO2
HsVcPPILacVa1	CCSBORF7866	1	CCSBORF5046	LW	2	229C>A	4265	NC_000006.12:52424110:C:A	CCSBVarC001264	ENSP00000360107.4:p.Pro77Thr	EFHC1	ENSG00000096093	NQO2
HsVcPPILacVa1	CCSBORF7866	1	CCSBORF5046	LW	2	475C>G	33	NC_000006.12:52438492:C:G	CCSBVarC017143	ENSP00000360107.4:p.Arg159Gly	EFHC1	ENSG00000096093	NQO2
HsVcPPILacVa1	CCSBORF7866	1	CCSBORF5046	LW	2	475C>T	3357	NC_000006.12:52438492:C:T	CCSBVarC002919	ENSP00000360107.4:p.Arg159Trp	EFHC1	ENSG00000096093	NQO2
HsVcPPILacVa1	CCSBORF7866	1	CCSBORF5046	LW	2	520A>G	4279	NC_000006.12:52438537:A:G	CCSBVarC003446	ENSP00000360107.4:p.Ile174Val	EFHC1	ENSG00000096093	NQO2
HsVcPPILacVa1	CCSBORF7866	1	CCSBORF5046	LW	2	628G>A	208	NC_000006.12:52452741:G:A	CCSBVarC003447	ENSP00000360107.4:p.Asp210Asn	EFHC1	ENSG00000096093	NQO2
HsVcPPILacVa1	CCSBORF7866	1	CCSBORF5046	LW	2	662G>A	226	NC_000006.12:52452775:G:A	CCSBVarC001265	ENSP00000360107.4:p.Arg221His	EFHC1	ENSG00000096093	NQO2
HsVcPPILacVa1	CCSBORF7866	1	CCSBORF5046	LW	2	685T>C	46	NC_000006.12:52452798:T:C	CCSBVarC003448	ENSP00000360107.4:p.Phe229Leu	EFHC1	ENSG00000096093	NQO2
HsVcPPILacVa1	CCSBORF7866	1	CCSBORF5046	LW	2	757G>T	9	NC_000006.12:52454127:G:T	CCSBVarC003449	ENSP00000360107.4:p.Asp253Tyr	EFHC1	ENSG00000096093	NQO2
HsVcPPILacVa1	CCSBORF7866	1	CCSBORF5046	LW	2	776G>A	6	NC_000006.12:52454146:G:A	CCSBVarC003450	ENSP00000360107.4:p.Cys259Tyr	EFHC1	ENSG00000096093	NQO2
HsVcPPILacVa1	CCSBORF55855	1	CCSBORF4105	LW	2	REF	528	NULL	NULL	NULL	KRT2	ENSG00000172867	KRT15
HsVcPPILacVa1	CCSBORF55855	1	CCSBORF4105	LW	2	1051G>A	2900	NC_000012.12:52648243:C:T	CCSBVarC016094	ENSP00000310861.3:p.Glu351Lys	KRT2	ENSG00000172867	KRT15
HsVcPPILacVa1	CCSBORF55855	1	CCSBORF4105	LW	2	1070A>G	330	NC_000012.12:52648224:T:C	CCSBVarC016110	ENSP00000310861.3:p.Glu357Gly	KRT2	ENSG00000172867	KRT15
HsVcPPILacVa1	CCSBORF55855	1	CCSBORF4105	LW	2	1106C>T	2	NC_000012.12:52648188:G:A	CCSBVarC016116	ENSP00000310861.3:p.Ala369Val	KRT2	ENSG00000172867	KRT15
HsVcPPILacVa1	CCSBORF55855	1	CCSBORF4105	LW	2	1230C>G	8	NC_000012.12:52647747:G:C	CCSBVarC016120	ENSP00000310861.3:p.Ile410Met	KRT2	ENSG00000172867	KRT15
HsVcPPILacVa1	CCSBORF55855	1	CCSBORF4105	LW	2	1325T>G	1481	NC_000012.12:52646883:A:C	CCSBVarC016123	ENSP00000310861.3:p.Leu442Trp	KRT2	ENSG00000172867	KRT15
HsVcPPILacVa1	CCSBORF55855	1	CCSBORF4105	LW	2	1435A>C	1799	NC_000012.12:52646773:T:G	CCSBVarC003453	ENSP00000310861.3:p.Thr479Pro	KRT2	ENSG00000172867	KRT15
HsVcPPILacVa1	CCSBORF55855	1	CCSBORF4105	LW	2	1451T>C	568	NC_000012.12:52646757:A:G	CCSBVarC002477	ENSP00000310861.3:p.Leu484Pro	KRT2	ENSG00000172867	KRT15
HsVcPPILacVa1	CCSBORF55855	1	CCSBORF4105	LW	2	1480G>C	577	NC_000012.12:52645558:C:G	CCSBVarC016127	ENSP00000310861.3:p.Asp494His	KRT2	ENSG00000172867	KRT15
HsVcPPILacVa1	CCSBORF55855	1	CCSBORF4105	LW	2	1694C>T	308	NC_000012.12:52645244:G:A	CCSBVarC016132	ENSP00000310861.3:p.Ser565Phe	KRT2	ENSG00000172867	KRT15
HsVcPPILacVa1	CCSBORF55855	1	CCSBORF4105	LW	2	181C>T	19	NC_000012.12:52651961:G:A	CCSBVarC016138	ENSP00000310861.3:p.Arg61Trp	KRT2	ENSG00000172867	KRT15
HsVcPPILacVa1	CCSBORF55855	1	CCSBORF4105	LW	2	1869G>T	250	NC_000012.12:52645069:C:A	CCSBVarC016144	ENSP00000310861.3:p.Lys623Asn	KRT2	ENSG00000172867	KRT15
HsVcPPILacVa1	CCSBORF55855	1	CCSBORF4105	LW	2	1912T>C	62	NC_000012.12:52645026:A:G	CCSBVarC016151	ENSP00000310861.3:p.Phe638Leu	KRT2	ENSG00000172867	KRT15
HsVcPPILacVa1	CCSBORF55855	1	CCSBORF4105	LW	2	295G>A	78	NC_000012.12:52651847:C:T	CCSBVarC016158	ENSP00000310861.3:p.Gly99Ser	KRT2	ENSG00000172867	KRT15
HsVcPPILacVa1	CCSBORF55855	1	CCSBORF4105	LW	2	493G>A	14	NC_000012.12:52651649:C:T	CCSBVarC016179	ENSP00000310861.3:p.Val165Met	KRT2	ENSG00000172867	KRT15
HsVcPPILacVa1	CCSBORF55855	1	CCSBORF4105	LW	2	536G>A	378	NC_000012.12:52651606:C:T	CCSBVarC016211	ENSP00000310861.3:p.Arg179His	KRT2	ENSG00000172867	KRT15
HsVcPPILacVa1	CCSBORF55855	1	CCSBORF4105	LW	2	556A>T	636	NC_000012.12:52651586:T:A	CCSBVarC003451	ENSP00000310861.3:p.Asn186Tyr	KRT2	ENSG00000172867	KRT15
HsVcPPILacVa1	CCSBORF55855	1	CCSBORF4105	LW	2	558C>A	594	NC_000012.12:52651584:G:T	CCSBVarC002475	ENSP00000310861.3:p.Asn186Lys	KRT2	ENSG00000172867	KRT15
HsVcPPILacVa1	CCSBORF55855	1	CCSBORF4105	LW	2	710A>G	165	NC_000012.12:52650428:T:C	CCSBVarC016220	ENSP00000310861.3:p.Lys237Arg	KRT2	ENSG00000172867	KRT15
HsVcPPILacVa1	CCSBORF55855	1	CCSBORF4105	LW	2	767A>G	87	NC_000012.12:52650371:T:C	CCSBVarC012686	ENSP00000310861.3:p.Asn256Ser	KRT2	ENSG00000172867	KRT15
HsVcPPILacVa1	CCSBORF55855	1	CCSBORF4105	LW	2	865G>A	479	NC_000012.12:52649098:C:T	CCSBVarC016224	ENSP00000310861.3:p.Val289Met	KRT2	ENSG00000172867	KRT15
HsVcPPILacVa1	CCSBORF55855	2	CCSBORF54668	LW	2	REF	552	NULL	NULL	NULL	KRT2	ENSG00000172867	KRT40
HsVcPPILacVa1	CCSBORF55855	2	CCSBORF54668	LW	2	1066T>C	308	NC_000012.12:52648228:A:G	CCSBVarC016108	ENSP00000310861.3:p.Tyr356His	KRT2	ENSG00000172867	KRT40
HsVcPPILacVa1	CCSBORF55855	2	CCSBORF54668	LW	2	1094A>G	578	NC_000012.12:52648200:T:C	CCSBVarC016114	ENSP00000310861.3:p.Glu365Gly	KRT2	ENSG00000172867	KRT40
HsVcPPILacVa1	CCSBORF55855	2	CCSBORF54668	LW	2	1114C>A	298	NC_000012.12:52648180:G:T	CCSBVarC016118	ENSP00000310861.3:p.His372Asn	KRT2	ENSG00000172867	KRT40
HsVcPPILacVa1	CCSBORF55855	2	CCSBORF54668	LW	2	1249T>C	777	NC_000012.12:52646959:A:G	CCSBVarC016122	ENSP00000310861.3:p.Cys417Arg	KRT2	ENSG00000172867	KRT40
HsVcPPILacVa1	CCSBORF55855	2	CCSBORF54668	LW	2	1355C>G	70	NC_000012.12:52646853:G:C	CCSBVarC016125	ENSP00000310861.3:p.Ala452Gly	KRT2	ENSG00000172867	KRT40
HsVcPPILacVa1	CCSBORF55855	2	CCSBORF54668	LW	2	1427A>T	156	NC_000012.12:52646781:T:A	CCSBVarC003452	ENSP00000310861.3:p.Glu476Val	KRT2	ENSG00000172867	KRT40
HsVcPPILacVa1	CCSBORF55855	2	CCSBORF54668	LW	2	1430T>A	1	NC_000012.12:52646778:A:T	CCSBVarC002476	ENSP00000310861.3:p.Ile477Asn	KRT2	ENSG00000172867	KRT40
HsVcPPILacVa1	CCSBORF55855	2	CCSBORF54668	LW	2	1462G>A	255	NC_000012.12:52646746:C:T	CCSBVarC003454	ENSP00000310861.3:p.Glu488Lys	KRT2	ENSG00000172867	KRT40
HsVcPPILacVa1	CCSBORF55855	2	CCSBORF54668	LW	2	1618G>A	0	NC_000012.12:52645320:C:T	CCSBVarC016129	ENSP00000310861.3:p.Gly540Ser	KRT2	ENSG00000172867	KRT40
HsVcPPILacVa1	CCSBORF55855	2	CCSBORF54668	LW	2	1723T>G	42	NC_000012.12:52645215:A:C	CCSBVarC016135	ENSP00000310861.3:p.Ser575Ala	KRT2	ENSG00000172867	KRT40
HsVcPPILacVa1	CCSBORF55855	2	CCSBORF54668	LW	2	1813G>C	1382	NC_000012.12:52645125:C:G	CCSBVarC016141	ENSP00000310861.3:p.Gly605Arg	KRT2	ENSG00000172867	KRT40
HsVcPPILacVa1	CCSBORF55855	2	CCSBORF54668	LW	2	1900G>A	1004	NC_000012.12:52645038:C:T	CCSBVarC016148	ENSP00000310861.3:p.Val634Met	KRT2	ENSG00000172867	KRT40
HsVcPPILacVa1	CCSBORF55855	2	CCSBORF54668	LW	2	253G>A	3	NC_000012.12:52651889:C:T	CCSBVarC016156	ENSP00000310861.3:p.Ala85Thr	KRT2	ENSG00000172867	KRT40
HsVcPPILacVa1	CCSBORF55855	2	CCSBORF54668	LW	2	301A>G	632	NC_000012.12:52651841:T:C	CCSBVarC012695	ENSP00000310861.3:p.Ser101Gly	KRT2	ENSG00000172867	KRT40
HsVcPPILacVa1	CCSBORF55855	2	CCSBORF54668	LW	2	446G>T	0	NC_000012.12:52651696:C:A	CCSBVarC016164	ENSP00000310861.3:p.Gly149Val	KRT2	ENSG00000172867	KRT40
HsVcPPILacVa1	CCSBORF55855	2	CCSBORF54668	LW	2	52G>A	34	NC_000012.12:52652090:C:T	CCSBVarC016186	ENSP00000310861.3:p.Gly18Arg	KRT2	ENSG00000172867	KRT40
HsVcPPILacVa1	CCSBORF55855	2	CCSBORF54668	LW	2	542A>C	4520	NC_000012.12:52651600:T:G	CCSBVarC002474	ENSP00000310861.3:p.Gln181Pro	KRT2	ENSG00000172867	KRT40
HsVcPPILacVa1	CCSBORF55855	2	CCSBORF54668	LW	2	656G>A	91	NC_000012.12:52650482:C:T	CCSBVarC002918	ENSP00000310861.3:p.Gly219Asp	KRT2	ENSG00000172867	KRT40
HsVcPPILacVa1	CCSBORF55855	2	CCSBORF54668	LW	2	659C>A	20	NC_000012.12:52650479:G:T	CCSBVarC016214	ENSP00000310861.3:p.Thr220Asn	KRT2	ENSG00000172867	KRT40
HsVcPPILacVa1	CCSBORF55855	2	CCSBORF54668	LW	2	800A>C	2	NC_000012.12:52650338:T:G	CCSBVarC016222	ENSP00000310861.3:p.Lys267Thr	KRT2	ENSG00000172867	KRT40
HsVcPPILacVa1	CCSBORF7866	1	CCSBORF201	LW	2	REF	1117	NULL	NULL	NULL	EFHC1	ENSG00000096093	ZBED1
HsVcPPILacVa1	CCSBORF7866	1	CCSBORF201	LW	2	1180G>T	16	NC_000006.12:52469374:G:T	CCSBVarC001266	ENSP00000360107.4:p.Ala394Ser	EFHC1	ENSG00000096093	ZBED1
HsVcPPILacVa1	CCSBORF7866	1	CCSBORF201	LW	2	1343T>C	247	NC_000006.12:52479100:T:C	CCSBVarC002921	ENSP00000360107.4:p.Met448Thr	EFHC1	ENSG00000096093	ZBED1
HsVcPPILacVa1	CCSBORF7866	1	CCSBORF201	LW	2	1523C>G	664	NC_000006.12:52479669:C:G	CCSBVarC001267	ENSP00000360107.4:p.Thr508Arg	EFHC1	ENSG00000096093	ZBED1
HsVcPPILacVa1	CCSBORF7866	1	CCSBORF201	LW	2	1820A>G	54	NC_000006.12:52490318:A:G	CCSBVarC017141	ENSP00000360107.4:p.Asn607Ser	EFHC1	ENSG00000096093	ZBED1
HsVcPPILacVa1	CCSBORF7866	1	CCSBORF201	LW	2	229C>A	3629	NC_000006.12:52424110:C:A	CCSBVarC001264	ENSP00000360107.4:p.Pro77Thr	EFHC1	ENSG00000096093	ZBED1
HsVcPPILacVa1	CCSBORF7866	1	CCSBORF201	LW	2	475C>G	71	NC_000006.12:52438492:C:G	CCSBVarC017143	ENSP00000360107.4:p.Arg159Gly	EFHC1	ENSG00000096093	ZBED1
HsVcPPILacVa1	CCSBORF7866	1	CCSBORF201	LW	2	475C>T	2445	NC_000006.12:52438492:C:T	CCSBVarC002919	ENSP00000360107.4:p.Arg159Trp	EFHC1	ENSG00000096093	ZBED1
HsVcPPILacVa1	CCSBORF7866	1	CCSBORF201	LW	2	520A>G	3661	NC_000006.12:52438537:A:G	CCSBVarC003446	ENSP00000360107.4:p.Ile174Val	EFHC1	ENSG00000096093	ZBED1
HsVcPPILacVa1	CCSBORF7866	1	CCSBORF201	LW	2	628G>A	126	NC_000006.12:52452741:G:A	CCSBVarC003447	ENSP00000360107.4:p.Asp210Asn	EFHC1	ENSG00000096093	ZBED1
HsVcPPILacVa1	CCSBORF7866	1	CCSBORF201	LW	2	662G>A	131	NC_000006.12:52452775:G:A	CCSBVarC001265	ENSP00000360107.4:p.Arg221His	EFHC1	ENSG00000096093	ZBED1
HsVcPPILacVa1	CCSBORF7866	1	CCSBORF201	LW	2	685T>C	24	NC_000006.12:52452798:T:C	CCSBVarC003448	ENSP00000360107.4:p.Phe229Leu	EFHC1	ENSG00000096093	ZBED1
HsVcPPILacVa1	CCSBORF7866	1	CCSBORF201	LW	2	757G>T	7	NC_000006.12:52454127:G:T	CCSBVarC003449	ENSP00000360107.4:p.Asp253Tyr	EFHC1	ENSG00000096093	ZBED1
HsVcPPILacVa1	CCSBORF7866	1	CCSBORF201	LW	2	776G>A	11	NC_000006.12:52454146:G:A	CCSBVarC003450	ENSP00000360107.4:p.Cys259Tyr	EFHC1	ENSG00000096093	ZBED1
HsVcPPILacVa1	CCSBORF7866	1	CCSBORF10016	LW	2	REF	1606	NULL	NULL	NULL	EFHC1	ENSG00000096093	IKZF3
HsVcPPILacVa1	CCSBORF7866	1	CCSBORF10016	LW	2	1180G>T	26	NC_000006.12:52469374:G:T	CCSBVarC001266	ENSP00000360107.4:p.Ala394Ser	EFHC1	ENSG00000096093	IKZF3
HsVcPPILacVa1	CCSBORF7866	1	CCSBORF10016	LW	2	1343T>C	473	NC_000006.12:52479100:T:C	CCSBVarC002921	ENSP00000360107.4:p.Met448Thr	EFHC1	ENSG00000096093	IKZF3
HsVcPPILacVa1	CCSBORF7866	1	CCSBORF10016	LW	2	1523C>G	523	NC_000006.12:52479669:C:G	CCSBVarC001267	ENSP00000360107.4:p.Thr508Arg	EFHC1	ENSG00000096093	IKZF3
HsVcPPILacVa1	CCSBORF7866	1	CCSBORF10016	LW	2	1820A>G	84	NC_000006.12:52490318:A:G	CCSBVarC017141	ENSP00000360107.4:p.Asn607Ser	EFHC1	ENSG00000096093	IKZF3
HsVcPPILacVa1	CCSBORF7866	1	CCSBORF10016	LW	2	229C>A	4114	NC_000006.12:52424110:C:A	CCSBVarC001264	ENSP00000360107.4:p.Pro77Thr	EFHC1	ENSG00000096093	IKZF3
HsVcPPILacVa1	CCSBORF7866	1	CCSBORF10016	LW	2	475C>G	109	NC_000006.12:52438492:C:G	CCSBVarC017143	ENSP00000360107.4:p.Arg159Gly	EFHC1	ENSG00000096093	IKZF3
HsVcPPILacVa1	CCSBORF7866	1	CCSBORF10016	LW	2	475C>T	3627	NC_000006.12:52438492:C:T	CCSBVarC002919	ENSP00000360107.4:p.Arg159Trp	EFHC1	ENSG00000096093	IKZF3
HsVcPPILacVa1	CCSBORF7866	1	CCSBORF10016	LW	2	520A>G	3516	NC_000006.12:52438537:A:G	CCSBVarC003446	ENSP00000360107.4:p.Ile174Val	EFHC1	ENSG00000096093	IKZF3
HsVcPPILacVa1	CCSBORF7866	1	CCSBORF10016	LW	2	628G>A	128	NC_000006.12:52452741:G:A	CCSBVarC003447	ENSP00000360107.4:p.Asp210Asn	EFHC1	ENSG00000096093	IKZF3
HsVcPPILacVa1	CCSBORF7866	1	CCSBORF10016	LW	2	662G>A	102	NC_000006.12:52452775:G:A	CCSBVarC001265	ENSP00000360107.4:p.Arg221His	EFHC1	ENSG00000096093	IKZF3
HsVcPPILacVa1	CCSBORF7866	1	CCSBORF10016	LW	2	685T>C	18	NC_000006.12:52452798:T:C	CCSBVarC003448	ENSP00000360107.4:p.Phe229Leu	EFHC1	ENSG00000096093	IKZF3
HsVcPPILacVa1	CCSBORF7866	1	CCSBORF10016	LW	2	757G>T	12	NC_000006.12:52454127:G:T	CCSBVarC003449	ENSP00000360107.4:p.Asp253Tyr	EFHC1	ENSG00000096093	IKZF3
HsVcPPILacVa1	CCSBORF7866	1	CCSBORF10016	LW	2	776G>A	6	NC_000006.12:52454146:G:A	CCSBVarC003450	ENSP00000360107.4:p.Cys259Tyr	EFHC1	ENSG00000096093	IKZF3
HsVcPPILacVa1	CCSBORF55855	1	CCSBORF100014396	LW	2	REF	327	NULL	NULL	NULL	KRT2	ENSG00000172867	KRT35
HsVcPPILacVa1	CCSBORF55855	1	CCSBORF100014396	LW	2	1051G>A	1789	NC_000012.12:52648243:C:T	CCSBVarC016094	ENSP00000310861.3:p.Glu351Lys	KRT2	ENSG00000172867	KRT35
HsVcPPILacVa1	CCSBORF55855	1	CCSBORF100014396	LW	2	1070A>G	126	NC_000012.12:52648224:T:C	CCSBVarC016110	ENSP00000310861.3:p.Glu357Gly	KRT2	ENSG00000172867	KRT35
HsVcPPILacVa1	CCSBORF55855	1	CCSBORF100014396	LW	2	1106C>T	1	NC_000012.12:52648188:G:A	CCSBVarC016116	ENSP00000310861.3:p.Ala369Val	KRT2	ENSG00000172867	KRT35
HsVcPPILacVa1	CCSBORF55855	1	CCSBORF100014396	LW	2	1230C>G	3	NC_000012.12:52647747:G:C	CCSBVarC016120	ENSP00000310861.3:p.Ile410Met	KRT2	ENSG00000172867	KRT35
HsVcPPILacVa1	CCSBORF55855	1	CCSBORF100014396	LW	2	1325T>G	984	NC_000012.12:52646883:A:C	CCSBVarC016123	ENSP00000310861.3:p.Leu442Trp	KRT2	ENSG00000172867	KRT35
HsVcPPILacVa1	CCSBORF55855	1	CCSBORF100014396	LW	2	1435A>C	1043	NC_000012.12:52646773:T:G	CCSBVarC003453	ENSP00000310861.3:p.Thr479Pro	KRT2	ENSG00000172867	KRT35
HsVcPPILacVa1	CCSBORF55855	1	CCSBORF100014396	LW	2	1451T>C	276	NC_000012.12:52646757:A:G	CCSBVarC002477	ENSP00000310861.3:p.Leu484Pro	KRT2	ENSG00000172867	KRT35
HsVcPPILacVa1	CCSBORF55855	1	CCSBORF100014396	LW	2	1480G>C	216	NC_000012.12:52645558:C:G	CCSBVarC016127	ENSP00000310861.3:p.Asp494His	KRT2	ENSG00000172867	KRT35
HsVcPPILacVa1	CCSBORF55855	1	CCSBORF100014396	LW	2	1694C>T	300	NC_000012.12:52645244:G:A	CCSBVarC016132	ENSP00000310861.3:p.Ser565Phe	KRT2	ENSG00000172867	KRT35
HsVcPPILacVa1	CCSBORF55855	1	CCSBORF100014396	LW	2	181C>T	6	NC_000012.12:52651961:G:A	CCSBVarC016138	ENSP00000310861.3:p.Arg61Trp	KRT2	ENSG00000172867	KRT35
HsVcPPILacVa1	CCSBORF55855	1	CCSBORF100014396	LW	2	1869G>T	75	NC_000012.12:52645069:C:A	CCSBVarC016144	ENSP00000310861.3:p.Lys623Asn	KRT2	ENSG00000172867	KRT35
HsVcPPILacVa1	CCSBORF55855	1	CCSBORF100014396	LW	2	1912T>C	23	NC_000012.12:52645026:A:G	CCSBVarC016151	ENSP00000310861.3:p.Phe638Leu	KRT2	ENSG00000172867	KRT35
HsVcPPILacVa1	CCSBORF55855	1	CCSBORF100014396	LW	2	295G>A	92	NC_000012.12:52651847:C:T	CCSBVarC016158	ENSP00000310861.3:p.Gly99Ser	KRT2	ENSG00000172867	KRT35
HsVcPPILacVa1	CCSBORF55855	1	CCSBORF100014396	LW	2	493G>A	9	NC_000012.12:52651649:C:T	CCSBVarC016179	ENSP00000310861.3:p.Val165Met	KRT2	ENSG00000172867	KRT35
HsVcPPILacVa1	CCSBORF55855	1	CCSBORF100014396	LW	2	536G>A	253	NC_000012.12:52651606:C:T	CCSBVarC016211	ENSP00000310861.3:p.Arg179His	KRT2	ENSG00000172867	KRT35
HsVcPPILacVa1	CCSBORF55855	1	CCSBORF100014396	LW	2	556A>T	333	NC_000012.12:52651586:T:A	CCSBVarC003451	ENSP00000310861.3:p.Asn186Tyr	KRT2	ENSG00000172867	KRT35
HsVcPPILacVa1	CCSBORF55855	1	CCSBORF100014396	LW	2	558C>A	448	NC_000012.12:52651584:G:T	CCSBVarC002475	ENSP00000310861.3:p.Asn186Lys	KRT2	ENSG00000172867	KRT35
HsVcPPILacVa1	CCSBORF55855	1	CCSBORF100014396	LW	2	710A>G	28	NC_000012.12:52650428:T:C	CCSBVarC016220	ENSP00000310861.3:p.Lys237Arg	KRT2	ENSG00000172867	KRT35
HsVcPPILacVa1	CCSBORF55855	1	CCSBORF100014396	LW	2	767A>G	60	NC_000012.12:52650371:T:C	CCSBVarC012686	ENSP00000310861.3:p.Asn256Ser	KRT2	ENSG00000172867	KRT35
HsVcPPILacVa1	CCSBORF55855	1	CCSBORF100014396	LW	2	865G>A	396	NC_000012.12:52649098:C:T	CCSBVarC016224	ENSP00000310861.3:p.Val289Met	KRT2	ENSG00000172867	KRT35
HsVcPPILacVa1	CCSBORF55855	2	CCSBORF4105	LW	2	REF	538	NULL	NULL	NULL	KRT2	ENSG00000172867	KRT15
HsVcPPILacVa1	CCSBORF55855	2	CCSBORF4105	LW	2	1066T>C	270	NC_000012.12:52648228:A:G	CCSBVarC016108	ENSP00000310861.3:p.Tyr356His	KRT2	ENSG00000172867	KRT15
HsVcPPILacVa1	CCSBORF55855	2	CCSBORF4105	LW	2	1094A>G	278	NC_000012.12:52648200:T:C	CCSBVarC016114	ENSP00000310861.3:p.Glu365Gly	KRT2	ENSG00000172867	KRT15
HsVcPPILacVa1	CCSBORF55855	2	CCSBORF4105	LW	2	1114C>A	276	NC_000012.12:52648180:G:T	CCSBVarC016118	ENSP00000310861.3:p.His372Asn	KRT2	ENSG00000172867	KRT15
HsVcPPILacVa1	CCSBORF55855	2	CCSBORF4105	LW	2	1249T>C	1354	NC_000012.12:52646959:A:G	CCSBVarC016122	ENSP00000310861.3:p.Cys417Arg	KRT2	ENSG00000172867	KRT15
HsVcPPILacVa1	CCSBORF55855	2	CCSBORF4105	LW	2	1355C>G	207	NC_000012.12:52646853:G:C	CCSBVarC016125	ENSP00000310861.3:p.Ala452Gly	KRT2	ENSG00000172867	KRT15
HsVcPPILacVa1	CCSBORF55855	2	CCSBORF4105	LW	2	1427A>T	132	NC_000012.12:52646781:T:A	CCSBVarC003452	ENSP00000310861.3:p.Glu476Val	KRT2	ENSG00000172867	KRT15
HsVcPPILacVa1	CCSBORF55855	2	CCSBORF4105	LW	2	1430T>A	0	NC_000012.12:52646778:A:T	CCSBVarC002476	ENSP00000310861.3:p.Ile477Asn	KRT2	ENSG00000172867	KRT15
HsVcPPILacVa1	CCSBORF55855	2	CCSBORF4105	LW	2	1462G>A	320	NC_000012.12:52646746:C:T	CCSBVarC003454	ENSP00000310861.3:p.Glu488Lys	KRT2	ENSG00000172867	KRT15
HsVcPPILacVa1	CCSBORF55855	2	CCSBORF4105	LW	2	1618G>A	1	NC_000012.12:52645320:C:T	CCSBVarC016129	ENSP00000310861.3:p.Gly540Ser	KRT2	ENSG00000172867	KRT15
HsVcPPILacVa1	CCSBORF55855	2	CCSBORF4105	LW	2	1723T>G	133	NC_000012.12:52645215:A:C	CCSBVarC016135	ENSP00000310861.3:p.Ser575Ala	KRT2	ENSG00000172867	KRT15
HsVcPPILacVa1	CCSBORF55855	2	CCSBORF4105	LW	2	1813G>C	1363	NC_000012.12:52645125:C:G	CCSBVarC016141	ENSP00000310861.3:p.Gly605Arg	KRT2	ENSG00000172867	KRT15
HsVcPPILacVa1	CCSBORF55855	2	CCSBORF4105	LW	2	1900G>A	1099	NC_000012.12:52645038:C:T	CCSBVarC016148	ENSP00000310861.3:p.Val634Met	KRT2	ENSG00000172867	KRT15
HsVcPPILacVa1	CCSBORF55855	2	CCSBORF4105	LW	2	253G>A	0	NC_000012.12:52651889:C:T	CCSBVarC016156	ENSP00000310861.3:p.Ala85Thr	KRT2	ENSG00000172867	KRT15
HsVcPPILacVa1	CCSBORF55855	2	CCSBORF4105	LW	2	301A>G	884	NC_000012.12:52651841:T:C	CCSBVarC012695	ENSP00000310861.3:p.Ser101Gly	KRT2	ENSG00000172867	KRT15
HsVcPPILacVa1	CCSBORF55855	2	CCSBORF4105	LW	2	446G>T	0	NC_000012.12:52651696:C:A	CCSBVarC016164	ENSP00000310861.3:p.Gly149Val	KRT2	ENSG00000172867	KRT15
HsVcPPILacVa1	CCSBORF55855	2	CCSBORF4105	LW	2	52G>A	85	NC_000012.12:52652090:C:T	CCSBVarC016186	ENSP00000310861.3:p.Gly18Arg	KRT2	ENSG00000172867	KRT15
HsVcPPILacVa1	CCSBORF55855	2	CCSBORF4105	LW	2	542A>C	3401	NC_000012.12:52651600:T:G	CCSBVarC002474	ENSP00000310861.3:p.Gln181Pro	KRT2	ENSG00000172867	KRT15
HsVcPPILacVa1	CCSBORF55855	2	CCSBORF4105	LW	2	656G>A	147	NC_000012.12:52650482:C:T	CCSBVarC002918	ENSP00000310861.3:p.Gly219Asp	KRT2	ENSG00000172867	KRT15
HsVcPPILacVa1	CCSBORF55855	2	CCSBORF4105	LW	2	659C>A	63	NC_000012.12:52650479:G:T	CCSBVarC016214	ENSP00000310861.3:p.Thr220Asn	KRT2	ENSG00000172867	KRT15
HsVcPPILacVa1	CCSBORF55855	2	CCSBORF4105	LW	2	800A>C	1	NC_000012.12:52650338:T:G	CCSBVarC016222	ENSP00000310861.3:p.Lys267Thr	KRT2	ENSG00000172867	KRT15
HsVcPPILacVa1	CCSBORF7866	1	CCSBORF2098	LW	2	REF	1085	NULL	NULL	NULL	EFHC1	ENSG00000096093	EFHC2
HsVcPPILacVa1	CCSBORF7866	1	CCSBORF2098	LW	2	1180G>T	9	NC_000006.12:52469374:G:T	CCSBVarC001266	ENSP00000360107.4:p.Ala394Ser	EFHC1	ENSG00000096093	EFHC2
HsVcPPILacVa1	CCSBORF7866	1	CCSBORF2098	LW	2	1343T>C	273	NC_000006.12:52479100:T:C	CCSBVarC002921	ENSP00000360107.4:p.Met448Thr	EFHC1	ENSG00000096093	EFHC2
HsVcPPILacVa1	CCSBORF7866	1	CCSBORF2098	LW	2	1523C>G	651	NC_000006.12:52479669:C:G	CCSBVarC001267	ENSP00000360107.4:p.Thr508Arg	EFHC1	ENSG00000096093	EFHC2
HsVcPPILacVa1	CCSBORF7866	1	CCSBORF2098	LW	2	1820A>G	56	NC_000006.12:52490318:A:G	CCSBVarC017141	ENSP00000360107.4:p.Asn607Ser	EFHC1	ENSG00000096093	EFHC2
HsVcPPILacVa1	CCSBORF7866	1	CCSBORF2098	LW	2	229C>A	3098	NC_000006.12:52424110:C:A	CCSBVarC001264	ENSP00000360107.4:p.Pro77Thr	EFHC1	ENSG00000096093	EFHC2
HsVcPPILacVa1	CCSBORF7866	1	CCSBORF2098	LW	2	475C>G	131	NC_000006.12:52438492:C:G	CCSBVarC017143	ENSP00000360107.4:p.Arg159Gly	EFHC1	ENSG00000096093	EFHC2
HsVcPPILacVa1	CCSBORF7866	1	CCSBORF2098	LW	2	475C>T	2529	NC_000006.12:52438492:C:T	CCSBVarC002919	ENSP00000360107.4:p.Arg159Trp	EFHC1	ENSG00000096093	EFHC2
HsVcPPILacVa1	CCSBORF7866	1	CCSBORF2098	LW	2	520A>G	3895	NC_000006.12:52438537:A:G	CCSBVarC003446	ENSP00000360107.4:p.Ile174Val	EFHC1	ENSG00000096093	EFHC2
HsVcPPILacVa1	CCSBORF7866	1	CCSBORF2098	LW	2	628G>A	61	NC_000006.12:52452741:G:A	CCSBVarC003447	ENSP00000360107.4:p.Asp210Asn	EFHC1	ENSG00000096093	EFHC2
HsVcPPILacVa1	CCSBORF7866	1	CCSBORF2098	LW	2	662G>A	64	NC_000006.12:52452775:G:A	CCSBVarC001265	ENSP00000360107.4:p.Arg221His	EFHC1	ENSG00000096093	EFHC2
HsVcPPILacVa1	CCSBORF7866	1	CCSBORF2098	LW	2	685T>C	7	NC_000006.12:52452798:T:C	CCSBVarC003448	ENSP00000360107.4:p.Phe229Leu	EFHC1	ENSG00000096093	EFHC2
HsVcPPILacVa1	CCSBORF7866	1	CCSBORF2098	LW	2	757G>T	4	NC_000006.12:52454127:G:T	CCSBVarC003449	ENSP00000360107.4:p.Asp253Tyr	EFHC1	ENSG00000096093	EFHC2
HsVcPPILacVa1	CCSBORF7866	1	CCSBORF2098	LW	2	776G>A	5	NC_000006.12:52454146:G:A	CCSBVarC003450	ENSP00000360107.4:p.Cys259Tyr	EFHC1	ENSG00000096093	EFHC2
HsVcPPILacVa1	CCSBORF7866	1	CCSBORF2104	LW	2	REF	804	NULL	NULL	NULL	EFHC1	ENSG00000096093	TEX11
HsVcPPILacVa1	CCSBORF7866	1	CCSBORF2104	LW	2	1180G>T	3	NC_000006.12:52469374:G:T	CCSBVarC001266	ENSP00000360107.4:p.Ala394Ser	EFHC1	ENSG00000096093	TEX11
HsVcPPILacVa1	CCSBORF7866	1	CCSBORF2104	LW	2	1343T>C	402	NC_000006.12:52479100:T:C	CCSBVarC002921	ENSP00000360107.4:p.Met448Thr	EFHC1	ENSG00000096093	TEX11
HsVcPPILacVa1	CCSBORF7866	1	CCSBORF2104	LW	2	1523C>G	652	NC_000006.12:52479669:C:G	CCSBVarC001267	ENSP00000360107.4:p.Thr508Arg	EFHC1	ENSG00000096093	TEX11
HsVcPPILacVa1	CCSBORF7866	1	CCSBORF2104	LW	2	1820A>G	131	NC_000006.12:52490318:A:G	CCSBVarC017141	ENSP00000360107.4:p.Asn607Ser	EFHC1	ENSG00000096093	TEX11
HsVcPPILacVa1	CCSBORF7866	1	CCSBORF2104	LW	2	229C>A	3602	NC_000006.12:52424110:C:A	CCSBVarC001264	ENSP00000360107.4:p.Pro77Thr	EFHC1	ENSG00000096093	TEX11
HsVcPPILacVa1	CCSBORF7866	1	CCSBORF2104	LW	2	475C>G	55	NC_000006.12:52438492:C:G	CCSBVarC017143	ENSP00000360107.4:p.Arg159Gly	EFHC1	ENSG00000096093	TEX11
HsVcPPILacVa1	CCSBORF7866	1	CCSBORF2104	LW	2	475C>T	2273	NC_000006.12:52438492:C:T	CCSBVarC002919	ENSP00000360107.4:p.Arg159Trp	EFHC1	ENSG00000096093	TEX11
HsVcPPILacVa1	CCSBORF7866	1	CCSBORF2104	LW	2	520A>G	3355	NC_000006.12:52438537:A:G	CCSBVarC003446	ENSP00000360107.4:p.Ile174Val	EFHC1	ENSG00000096093	TEX11
HsVcPPILacVa1	CCSBORF7866	1	CCSBORF2104	LW	2	628G>A	30	NC_000006.12:52452741:G:A	CCSBVarC003447	ENSP00000360107.4:p.Asp210Asn	EFHC1	ENSG00000096093	TEX11
HsVcPPILacVa1	CCSBORF7866	1	CCSBORF2104	LW	2	662G>A	42	NC_000006.12:52452775:G:A	CCSBVarC001265	ENSP00000360107.4:p.Arg221His	EFHC1	ENSG00000096093	TEX11
HsVcPPILacVa1	CCSBORF7866	1	CCSBORF2104	LW	2	685T>C	16	NC_000006.12:52452798:T:C	CCSBVarC003448	ENSP00000360107.4:p.Phe229Leu	EFHC1	ENSG00000096093	TEX11
HsVcPPILacVa1	CCSBORF7866	1	CCSBORF2104	LW	2	757G>T	7	NC_000006.12:52454127:G:T	CCSBVarC003449	ENSP00000360107.4:p.Asp253Tyr	EFHC1	ENSG00000096093	TEX11
HsVcPPILacVa1	CCSBORF7866	1	CCSBORF2104	LW	2	776G>A	3	NC_000006.12:52454146:G:A	CCSBVarC003450	ENSP00000360107.4:p.Cys259Tyr	EFHC1	ENSG00000096093	TEX11
HsVcPPILacVa1	CCSBORF55855	1	CCSBORF100066360	LW	1	REF	0	NULL	NULL	NULL	KRT2	ENSG00000172867	KRT27
HsVcPPILacVa1	CCSBORF55855	1	CCSBORF100066360	LW	1	1051G>A	0	NC_000012.12:52648243:C:T	CCSBVarC016094	ENSP00000310861.3:p.Glu351Lys	KRT2	ENSG00000172867	KRT27
HsVcPPILacVa1	CCSBORF55855	1	CCSBORF100066360	LW	1	1070A>G	0	NC_000012.12:52648224:T:C	CCSBVarC016110	ENSP00000310861.3:p.Glu357Gly	KRT2	ENSG00000172867	KRT27
HsVcPPILacVa1	CCSBORF55855	1	CCSBORF100066360	LW	1	1106C>T	0	NC_000012.12:52648188:G:A	CCSBVarC016116	ENSP00000310861.3:p.Ala369Val	KRT2	ENSG00000172867	KRT27
HsVcPPILacVa1	CCSBORF55855	1	CCSBORF100066360	LW	1	1230C>G	0	NC_000012.12:52647747:G:C	CCSBVarC016120	ENSP00000310861.3:p.Ile410Met	KRT2	ENSG00000172867	KRT27
HsVcPPILacVa1	CCSBORF55855	1	CCSBORF100066360	LW	1	1325T>G	0	NC_000012.12:52646883:A:C	CCSBVarC016123	ENSP00000310861.3:p.Leu442Trp	KRT2	ENSG00000172867	KRT27
HsVcPPILacVa1	CCSBORF55855	1	CCSBORF100066360	LW	1	1435A>C	0	NC_000012.12:52646773:T:G	CCSBVarC003453	ENSP00000310861.3:p.Thr479Pro	KRT2	ENSG00000172867	KRT27
HsVcPPILacVa1	CCSBORF55855	1	CCSBORF100066360	LW	1	1451T>C	0	NC_000012.12:52646757:A:G	CCSBVarC002477	ENSP00000310861.3:p.Leu484Pro	KRT2	ENSG00000172867	KRT27
HsVcPPILacVa1	CCSBORF55855	1	CCSBORF100066360	LW	1	1480G>C	0	NC_000012.12:52645558:C:G	CCSBVarC016127	ENSP00000310861.3:p.Asp494His	KRT2	ENSG00000172867	KRT27
HsVcPPILacVa1	CCSBORF55855	1	CCSBORF100066360	LW	1	1694C>T	0	NC_000012.12:52645244:G:A	CCSBVarC016132	ENSP00000310861.3:p.Ser565Phe	KRT2	ENSG00000172867	KRT27
HsVcPPILacVa1	CCSBORF55855	1	CCSBORF100066360	LW	1	181C>T	0	NC_000012.12:52651961:G:A	CCSBVarC016138	ENSP00000310861.3:p.Arg61Trp	KRT2	ENSG00000172867	KRT27
HsVcPPILacVa1	CCSBORF55855	1	CCSBORF100066360	LW	1	1869G>T	0	NC_000012.12:52645069:C:A	CCSBVarC016144	ENSP00000310861.3:p.Lys623Asn	KRT2	ENSG00000172867	KRT27
HsVcPPILacVa1	CCSBORF55855	1	CCSBORF100066360	LW	1	1912T>C	0	NC_000012.12:52645026:A:G	CCSBVarC016151	ENSP00000310861.3:p.Phe638Leu	KRT2	ENSG00000172867	KRT27
HsVcPPILacVa1	CCSBORF55855	1	CCSBORF100066360	LW	1	295G>A	0	NC_000012.12:52651847:C:T	CCSBVarC016158	ENSP00000310861.3:p.Gly99Ser	KRT2	ENSG00000172867	KRT27
HsVcPPILacVa1	CCSBORF55855	1	CCSBORF100066360	LW	1	493G>A	0	NC_000012.12:52651649:C:T	CCSBVarC016179	ENSP00000310861.3:p.Val165Met	KRT2	ENSG00000172867	KRT27
HsVcPPILacVa1	CCSBORF55855	1	CCSBORF100066360	LW	1	536G>A	0	NC_000012.12:52651606:C:T	CCSBVarC016211	ENSP00000310861.3:p.Arg179His	KRT2	ENSG00000172867	KRT27
HsVcPPILacVa1	CCSBORF55855	1	CCSBORF100066360	LW	1	556A>T	0	NC_000012.12:52651586:T:A	CCSBVarC003451	ENSP00000310861.3:p.Asn186Tyr	KRT2	ENSG00000172867	KRT27
HsVcPPILacVa1	CCSBORF55855	1	CCSBORF100066360	LW	1	558C>A	0	NC_000012.12:52651584:G:T	CCSBVarC002475	ENSP00000310861.3:p.Asn186Lys	KRT2	ENSG00000172867	KRT27
HsVcPPILacVa1	CCSBORF55855	1	CCSBORF100066360	LW	1	710A>G	0	NC_000012.12:52650428:T:C	CCSBVarC016220	ENSP00000310861.3:p.Lys237Arg	KRT2	ENSG00000172867	KRT27
HsVcPPILacVa1	CCSBORF55855	1	CCSBORF100066360	LW	1	767A>G	0	NC_000012.12:52650371:T:C	CCSBVarC012686	ENSP00000310861.3:p.Asn256Ser	KRT2	ENSG00000172867	KRT27
HsVcPPILacVa1	CCSBORF55855	1	CCSBORF100066360	LW	1	865G>A	1	NC_000012.12:52649098:C:T	CCSBVarC016224	ENSP00000310861.3:p.Val289Met	KRT2	ENSG00000172867	KRT27
HsVcPPILacVa1	CCSBORF55855	1	CCSBORF0	LW	1	REF	2	NULL	NULL	NULL	KRT2	ENSG00000172867	empty_AD
HsVcPPILacVa1	CCSBORF55855	1	CCSBORF0	LW	1	1051G>A	2	NC_000012.12:52648243:C:T	CCSBVarC016094	ENSP00000310861.3:p.Glu351Lys	KRT2	ENSG00000172867	empty_AD
HsVcPPILacVa1	CCSBORF55855	1	CCSBORF0	LW	1	1070A>G	0	NC_000012.12:52648224:T:C	CCSBVarC016110	ENSP00000310861.3:p.Glu357Gly	KRT2	ENSG00000172867	empty_AD
HsVcPPILacVa1	CCSBORF55855	1	CCSBORF0	LW	1	1106C>T	0	NC_000012.12:52648188:G:A	CCSBVarC016116	ENSP00000310861.3:p.Ala369Val	KRT2	ENSG00000172867	empty_AD
HsVcPPILacVa1	CCSBORF55855	1	CCSBORF0	LW	1	1230C>G	0	NC_000012.12:52647747:G:C	CCSBVarC016120	ENSP00000310861.3:p.Ile410Met	KRT2	ENSG00000172867	empty_AD
HsVcPPILacVa1	CCSBORF55855	1	CCSBORF0	LW	1	1325T>G	1	NC_000012.12:52646883:A:C	CCSBVarC016123	ENSP00000310861.3:p.Leu442Trp	KRT2	ENSG00000172867	empty_AD
HsVcPPILacVa1	CCSBORF55855	1	CCSBORF0	LW	1	1435A>C	0	NC_000012.12:52646773:T:G	CCSBVarC003453	ENSP00000310861.3:p.Thr479Pro	KRT2	ENSG00000172867	empty_AD
HsVcPPILacVa1	CCSBORF55855	1	CCSBORF0	LW	1	1451T>C	1	NC_000012.12:52646757:A:G	CCSBVarC002477	ENSP00000310861.3:p.Leu484Pro	KRT2	ENSG00000172867	empty_AD
HsVcPPILacVa1	CCSBORF55855	1	CCSBORF0	LW	1	1480G>C	0	NC_000012.12:52645558:C:G	CCSBVarC016127	ENSP00000310861.3:p.Asp494His	KRT2	ENSG00000172867	empty_AD
HsVcPPILacVa1	CCSBORF55855	1	CCSBORF0	LW	1	1694C>T	0	NC_000012.12:52645244:G:A	CCSBVarC016132	ENSP00000310861.3:p.Ser565Phe	KRT2	ENSG00000172867	empty_AD
HsVcPPILacVa1	CCSBORF55855	1	CCSBORF0	LW	1	181C>T	0	NC_000012.12:52651961:G:A	CCSBVarC016138	ENSP00000310861.3:p.Arg61Trp	KRT2	ENSG00000172867	empty_AD
HsVcPPILacVa1	CCSBORF55855	1	CCSBORF0	LW	1	1869G>T	0	NC_000012.12:52645069:C:A	CCSBVarC016144	ENSP00000310861.3:p.Lys623Asn	KRT2	ENSG00000172867	empty_AD
HsVcPPILacVa1	CCSBORF55855	1	CCSBORF0	LW	1	1912T>C	0	NC_000012.12:52645026:A:G	CCSBVarC016151	ENSP00000310861.3:p.Phe638Leu	KRT2	ENSG00000172867	empty_AD
HsVcPPILacVa1	CCSBORF55855	1	CCSBORF0	LW	1	295G>A	0	NC_000012.12:52651847:C:T	CCSBVarC016158	ENSP00000310861.3:p.Gly99Ser	KRT2	ENSG00000172867	empty_AD
HsVcPPILacVa1	CCSBORF55855	1	CCSBORF0	LW	1	493G>A	0	NC_000012.12:52651649:C:T	CCSBVarC016179	ENSP00000310861.3:p.Val165Met	KRT2	ENSG00000172867	empty_AD
HsVcPPILacVa1	CCSBORF55855	1	CCSBORF0	LW	1	536G>A	1	NC_000012.12:52651606:C:T	CCSBVarC016211	ENSP00000310861.3:p.Arg179His	KRT2	ENSG00000172867	empty_AD
HsVcPPILacVa1	CCSBORF55855	1	CCSBORF0	LW	1	556A>T	0	NC_000012.12:52651586:T:A	CCSBVarC003451	ENSP00000310861.3:p.Asn186Tyr	KRT2	ENSG00000172867	empty_AD
HsVcPPILacVa1	CCSBORF55855	1	CCSBORF0	LW	1	558C>A	0	NC_000012.12:52651584:G:T	CCSBVarC002475	ENSP00000310861.3:p.Asn186Lys	KRT2	ENSG00000172867	empty_AD
HsVcPPILacVa1	CCSBORF55855	1	CCSBORF0	LW	1	710A>G	0	NC_000012.12:52650428:T:C	CCSBVarC016220	ENSP00000310861.3:p.Lys237Arg	KRT2	ENSG00000172867	empty_AD
HsVcPPILacVa1	CCSBORF55855	1	CCSBORF0	LW	1	767A>G	0	NC_000012.12:52650371:T:C	CCSBVarC012686	ENSP00000310861.3:p.Asn256Ser	KRT2	ENSG00000172867	empty_AD
HsVcPPILacVa1	CCSBORF55855	1	CCSBORF0	LW	1	865G>A	0	NC_000012.12:52649098:C:T	CCSBVarC016224	ENSP00000310861.3:p.Val289Met	KRT2	ENSG00000172867	empty_AD
HsVcPPILacVa1	CCSBORF55855	2	CCSBORF100014396	LW	1	REF	324	NULL	NULL	NULL	KRT2	ENSG00000172867	KRT35
HsVcPPILacVa1	CCSBORF55855	2	CCSBORF100014396	LW	1	1066T>C	74	NC_000012.12:52648228:A:G	CCSBVarC016108	ENSP00000310861.3:p.Tyr356His	KRT2	ENSG00000172867	KRT35
HsVcPPILacVa1	CCSBORF55855	2	CCSBORF100014396	LW	1	1094A>G	99	NC_000012.12:52648200:T:C	CCSBVarC016114	ENSP00000310861.3:p.Glu365Gly	KRT2	ENSG00000172867	KRT35
HsVcPPILacVa1	CCSBORF55855	2	CCSBORF100014396	LW	1	1114C>A	49	NC_000012.12:52648180:G:T	CCSBVarC016118	ENSP00000310861.3:p.His372Asn	KRT2	ENSG00000172867	KRT35
HsVcPPILacVa1	CCSBORF55855	2	CCSBORF100014396	LW	1	1249T>C	216	NC_000012.12:52646959:A:G	CCSBVarC016122	ENSP00000310861.3:p.Cys417Arg	KRT2	ENSG00000172867	KRT35
HsVcPPILacVa1	CCSBORF55855	2	CCSBORF100014396	LW	1	1355C>G	81	NC_000012.12:52646853:G:C	CCSBVarC016125	ENSP00000310861.3:p.Ala452Gly	KRT2	ENSG00000172867	KRT35
HsVcPPILacVa1	CCSBORF55855	2	CCSBORF100014396	LW	1	1427A>T	35	NC_000012.12:52646781:T:A	CCSBVarC003452	ENSP00000310861.3:p.Glu476Val	KRT2	ENSG00000172867	KRT35
HsVcPPILacVa1	CCSBORF55855	2	CCSBORF100014396	LW	1	1430T>A	0	NC_000012.12:52646778:A:T	CCSBVarC002476	ENSP00000310861.3:p.Ile477Asn	KRT2	ENSG00000172867	KRT35
HsVcPPILacVa1	CCSBORF55855	2	CCSBORF100014396	LW	1	1462G>A	94	NC_000012.12:52646746:C:T	CCSBVarC003454	ENSP00000310861.3:p.Glu488Lys	KRT2	ENSG00000172867	KRT35
HsVcPPILacVa1	CCSBORF55855	2	CCSBORF100014396	LW	1	1618G>A	0	NC_000012.12:52645320:C:T	CCSBVarC016129	ENSP00000310861.3:p.Gly540Ser	KRT2	ENSG00000172867	KRT35
HsVcPPILacVa1	CCSBORF55855	2	CCSBORF100014396	LW	1	1723T>G	21	NC_000012.12:52645215:A:C	CCSBVarC016135	ENSP00000310861.3:p.Ser575Ala	KRT2	ENSG00000172867	KRT35
HsVcPPILacVa1	CCSBORF55855	2	CCSBORF100014396	LW	1	1813G>C	361	NC_000012.12:52645125:C:G	CCSBVarC016141	ENSP00000310861.3:p.Gly605Arg	KRT2	ENSG00000172867	KRT35
HsVcPPILacVa1	CCSBORF55855	2	CCSBORF100014396	LW	1	1900G>A	341	NC_000012.12:52645038:C:T	CCSBVarC016148	ENSP00000310861.3:p.Val634Met	KRT2	ENSG00000172867	KRT35
HsVcPPILacVa1	CCSBORF55855	2	CCSBORF100014396	LW	1	253G>A	2	NC_000012.12:52651889:C:T	CCSBVarC016156	ENSP00000310861.3:p.Ala85Thr	KRT2	ENSG00000172867	KRT35
HsVcPPILacVa1	CCSBORF55855	2	CCSBORF100014396	LW	1	301A>G	232	NC_000012.12:52651841:T:C	CCSBVarC012695	ENSP00000310861.3:p.Ser101Gly	KRT2	ENSG00000172867	KRT35
HsVcPPILacVa1	CCSBORF55855	2	CCSBORF100014396	LW	1	446G>T	1	NC_000012.12:52651696:C:A	CCSBVarC016164	ENSP00000310861.3:p.Gly149Val	KRT2	ENSG00000172867	KRT35
HsVcPPILacVa1	CCSBORF55855	2	CCSBORF100014396	LW	1	52G>A	5	NC_000012.12:52652090:C:T	CCSBVarC016186	ENSP00000310861.3:p.Gly18Arg	KRT2	ENSG00000172867	KRT35
HsVcPPILacVa1	CCSBORF55855	2	CCSBORF100014396	LW	1	542A>C	960	NC_000012.12:52651600:T:G	CCSBVarC002474	ENSP00000310861.3:p.Gln181Pro	KRT2	ENSG00000172867	KRT35
HsVcPPILacVa1	CCSBORF55855	2	CCSBORF100014396	LW	1	656G>A	20	NC_000012.12:52650482:C:T	CCSBVarC002918	ENSP00000310861.3:p.Gly219Asp	KRT2	ENSG00000172867	KRT35
HsVcPPILacVa1	CCSBORF55855	2	CCSBORF100014396	LW	1	659C>A	12	NC_000012.12:52650479:G:T	CCSBVarC016214	ENSP00000310861.3:p.Thr220Asn	KRT2	ENSG00000172867	KRT35
HsVcPPILacVa1	CCSBORF55855	2	CCSBORF100014396	LW	1	800A>C	1	NC_000012.12:52650338:T:G	CCSBVarC016222	ENSP00000310861.3:p.Lys267Thr	KRT2	ENSG00000172867	KRT35
HsVcPPILacVa1	CCSBORF7866	1	CCSBORF14996	LW	1	REF	14	NULL	NULL	NULL	EFHC1	ENSG00000096093	PBX2
HsVcPPILacVa1	CCSBORF7866	1	CCSBORF14996	LW	1	1180G>T	0	NC_000006.12:52469374:G:T	CCSBVarC001266	ENSP00000360107.4:p.Ala394Ser	EFHC1	ENSG00000096093	PBX2
HsVcPPILacVa1	CCSBORF7866	1	CCSBORF14996	LW	1	1343T>C	0	NC_000006.12:52479100:T:C	CCSBVarC002921	ENSP00000360107.4:p.Met448Thr	EFHC1	ENSG00000096093	PBX2
HsVcPPILacVa1	CCSBORF7866	1	CCSBORF14996	LW	1	1523C>G	6	NC_000006.12:52479669:C:G	CCSBVarC001267	ENSP00000360107.4:p.Thr508Arg	EFHC1	ENSG00000096093	PBX2
HsVcPPILacVa1	CCSBORF7866	1	CCSBORF14996	LW	1	1820A>G	2	NC_000006.12:52490318:A:G	CCSBVarC017141	ENSP00000360107.4:p.Asn607Ser	EFHC1	ENSG00000096093	PBX2
HsVcPPILacVa1	CCSBORF7866	1	CCSBORF14996	LW	1	229C>A	30	NC_000006.12:52424110:C:A	CCSBVarC001264	ENSP00000360107.4:p.Pro77Thr	EFHC1	ENSG00000096093	PBX2
HsVcPPILacVa1	CCSBORF7866	1	CCSBORF14996	LW	1	475C>G	0	NC_000006.12:52438492:C:G	CCSBVarC017143	ENSP00000360107.4:p.Arg159Gly	EFHC1	ENSG00000096093	PBX2
HsVcPPILacVa1	CCSBORF7866	1	CCSBORF14996	LW	1	475C>T	29	NC_000006.12:52438492:C:T	CCSBVarC002919	ENSP00000360107.4:p.Arg159Trp	EFHC1	ENSG00000096093	PBX2
HsVcPPILacVa1	CCSBORF7866	1	CCSBORF14996	LW	1	520A>G	32	NC_000006.12:52438537:A:G	CCSBVarC003446	ENSP00000360107.4:p.Ile174Val	EFHC1	ENSG00000096093	PBX2
HsVcPPILacVa1	CCSBORF7866	1	CCSBORF14996	LW	1	628G>A	1	NC_000006.12:52452741:G:A	CCSBVarC003447	ENSP00000360107.4:p.Asp210Asn	EFHC1	ENSG00000096093	PBX2
HsVcPPILacVa1	CCSBORF7866	1	CCSBORF14996	LW	1	662G>A	1	NC_000006.12:52452775:G:A	CCSBVarC001265	ENSP00000360107.4:p.Arg221His	EFHC1	ENSG00000096093	PBX2
HsVcPPILacVa1	CCSBORF7866	1	CCSBORF14996	LW	1	685T>C	1	NC_000006.12:52452798:T:C	CCSBVarC003448	ENSP00000360107.4:p.Phe229Leu	EFHC1	ENSG00000096093	PBX2
HsVcPPILacVa1	CCSBORF7866	1	CCSBORF14996	LW	1	757G>T	0	NC_000006.12:52454127:G:T	CCSBVarC003449	ENSP00000360107.4:p.Asp253Tyr	EFHC1	ENSG00000096093	PBX2
HsVcPPILacVa1	CCSBORF7866	1	CCSBORF14996	LW	1	776G>A	0	NC_000006.12:52454146:G:A	CCSBVarC003450	ENSP00000360107.4:p.Cys259Tyr	EFHC1	ENSG00000096093	PBX2
HsVcPPILacVa1	CCSBORF7866	1	CCSBORF100009072	LW	1	REF	1206	NULL	NULL	NULL	EFHC1	ENSG00000096093	PAX6
HsVcPPILacVa1	CCSBORF7866	1	CCSBORF100009072	LW	1	1180G>T	25	NC_000006.12:52469374:G:T	CCSBVarC001266	ENSP00000360107.4:p.Ala394Ser	EFHC1	ENSG00000096093	PAX6
HsVcPPILacVa1	CCSBORF7866	1	CCSBORF100009072	LW	1	1343T>C	153	NC_000006.12:52479100:T:C	CCSBVarC002921	ENSP00000360107.4:p.Met448Thr	EFHC1	ENSG00000096093	PAX6
HsVcPPILacVa1	CCSBORF7866	1	CCSBORF100009072	LW	1	1523C>G	335	NC_000006.12:52479669:C:G	CCSBVarC001267	ENSP00000360107.4:p.Thr508Arg	EFHC1	ENSG00000096093	PAX6
HsVcPPILacVa1	CCSBORF7866	1	CCSBORF100009072	LW	1	1820A>G	43	NC_000006.12:52490318:A:G	CCSBVarC017141	ENSP00000360107.4:p.Asn607Ser	EFHC1	ENSG00000096093	PAX6
HsVcPPILacVa1	CCSBORF7866	1	CCSBORF100009072	LW	1	229C>A	2561	NC_000006.12:52424110:C:A	CCSBVarC001264	ENSP00000360107.4:p.Pro77Thr	EFHC1	ENSG00000096093	PAX6
HsVcPPILacVa1	CCSBORF7866	1	CCSBORF100009072	LW	1	475C>G	197	NC_000006.12:52438492:C:G	CCSBVarC017143	ENSP00000360107.4:p.Arg159Gly	EFHC1	ENSG00000096093	PAX6
HsVcPPILacVa1	CCSBORF7866	1	CCSBORF100009072	LW	1	475C>T	1772	NC_000006.12:52438492:C:T	CCSBVarC002919	ENSP00000360107.4:p.Arg159Trp	EFHC1	ENSG00000096093	PAX6
HsVcPPILacVa1	CCSBORF7866	1	CCSBORF100009072	LW	1	520A>G	3055	NC_000006.12:52438537:A:G	CCSBVarC003446	ENSP00000360107.4:p.Ile174Val	EFHC1	ENSG00000096093	PAX6
HsVcPPILacVa1	CCSBORF7866	1	CCSBORF100009072	LW	1	628G>A	74	NC_000006.12:52452741:G:A	CCSBVarC003447	ENSP00000360107.4:p.Asp210Asn	EFHC1	ENSG00000096093	PAX6
HsVcPPILacVa1	CCSBORF7866	1	CCSBORF100009072	LW	1	662G>A	87	NC_000006.12:52452775:G:A	CCSBVarC001265	ENSP00000360107.4:p.Arg221His	EFHC1	ENSG00000096093	PAX6
HsVcPPILacVa1	CCSBORF7866	1	CCSBORF100009072	LW	1	685T>C	138	NC_000006.12:52452798:T:C	CCSBVarC003448	ENSP00000360107.4:p.Phe229Leu	EFHC1	ENSG00000096093	PAX6
HsVcPPILacVa1	CCSBORF7866	1	CCSBORF100009072	LW	1	757G>T	5	NC_000006.12:52454127:G:T	CCSBVarC003449	ENSP00000360107.4:p.Asp253Tyr	EFHC1	ENSG00000096093	PAX6
HsVcPPILacVa1	CCSBORF7866	1	CCSBORF100009072	LW	1	776G>A	8	NC_000006.12:52454146:G:A	CCSBVarC003450	ENSP00000360107.4:p.Cys259Tyr	EFHC1	ENSG00000096093	PAX6
HsVcPPILacVa1	CCSBORF55855	1	CCSBORF100011278	LW	1	REF	379	NULL	NULL	NULL	KRT2	ENSG00000172867	KRT16
HsVcPPILacVa1	CCSBORF55855	1	CCSBORF100011278	LW	1	1051G>A	1411	NC_000012.12:52648243:C:T	CCSBVarC016094	ENSP00000310861.3:p.Glu351Lys	KRT2	ENSG00000172867	KRT16
HsVcPPILacVa1	CCSBORF55855	1	CCSBORF100011278	LW	1	1070A>G	438	NC_000012.12:52648224:T:C	CCSBVarC016110	ENSP00000310861.3:p.Glu357Gly	KRT2	ENSG00000172867	KRT16
HsVcPPILacVa1	CCSBORF55855	1	CCSBORF100011278	LW	1	1106C>T	0	NC_000012.12:52648188:G:A	CCSBVarC016116	ENSP00000310861.3:p.Ala369Val	KRT2	ENSG00000172867	KRT16
HsVcPPILacVa1	CCSBORF55855	1	CCSBORF100011278	LW	1	1230C>G	8	NC_000012.12:52647747:G:C	CCSBVarC016120	ENSP00000310861.3:p.Ile410Met	KRT2	ENSG00000172867	KRT16
HsVcPPILacVa1	CCSBORF55855	1	CCSBORF100011278	LW	1	1325T>G	891	NC_000012.12:52646883:A:C	CCSBVarC016123	ENSP00000310861.3:p.Leu442Trp	KRT2	ENSG00000172867	KRT16
HsVcPPILacVa1	CCSBORF55855	1	CCSBORF100011278	LW	1	1435A>C	1078	NC_000012.12:52646773:T:G	CCSBVarC003453	ENSP00000310861.3:p.Thr479Pro	KRT2	ENSG00000172867	KRT16
HsVcPPILacVa1	CCSBORF55855	1	CCSBORF100011278	LW	1	1451T>C	225	NC_000012.12:52646757:A:G	CCSBVarC002477	ENSP00000310861.3:p.Leu484Pro	KRT2	ENSG00000172867	KRT16
HsVcPPILacVa1	CCSBORF55855	1	CCSBORF100011278	LW	1	1480G>C	402	NC_000012.12:52645558:C:G	CCSBVarC016127	ENSP00000310861.3:p.Asp494His	KRT2	ENSG00000172867	KRT16
HsVcPPILacVa1	CCSBORF55855	1	CCSBORF100011278	LW	1	1694C>T	250	NC_000012.12:52645244:G:A	CCSBVarC016132	ENSP00000310861.3:p.Ser565Phe	KRT2	ENSG00000172867	KRT16
HsVcPPILacVa1	CCSBORF55855	1	CCSBORF100011278	LW	1	181C>T	9	NC_000012.12:52651961:G:A	CCSBVarC016138	ENSP00000310861.3:p.Arg61Trp	KRT2	ENSG00000172867	KRT16
HsVcPPILacVa1	CCSBORF55855	1	CCSBORF100011278	LW	1	1869G>T	77	NC_000012.12:52645069:C:A	CCSBVarC016144	ENSP00000310861.3:p.Lys623Asn	KRT2	ENSG00000172867	KRT16
HsVcPPILacVa1	CCSBORF55855	1	CCSBORF100011278	LW	1	1912T>C	15	NC_000012.12:52645026:A:G	CCSBVarC016151	ENSP00000310861.3:p.Phe638Leu	KRT2	ENSG00000172867	KRT16
HsVcPPILacVa1	CCSBORF55855	1	CCSBORF100011278	LW	1	295G>A	78	NC_000012.12:52651847:C:T	CCSBVarC016158	ENSP00000310861.3:p.Gly99Ser	KRT2	ENSG00000172867	KRT16
HsVcPPILacVa1	CCSBORF55855	1	CCSBORF100011278	LW	1	493G>A	3	NC_000012.12:52651649:C:T	CCSBVarC016179	ENSP00000310861.3:p.Val165Met	KRT2	ENSG00000172867	KRT16
HsVcPPILacVa1	CCSBORF55855	1	CCSBORF100011278	LW	1	536G>A	248	NC_000012.12:52651606:C:T	CCSBVarC016211	ENSP00000310861.3:p.Arg179His	KRT2	ENSG00000172867	KRT16
HsVcPPILacVa1	CCSBORF55855	1	CCSBORF100011278	LW	1	556A>T	162	NC_000012.12:52651586:T:A	CCSBVarC003451	ENSP00000310861.3:p.Asn186Tyr	KRT2	ENSG00000172867	KRT16
HsVcPPILacVa1	CCSBORF55855	1	CCSBORF100011278	LW	1	558C>A	127	NC_000012.12:52651584:G:T	CCSBVarC002475	ENSP00000310861.3:p.Asn186Lys	KRT2	ENSG00000172867	KRT16
HsVcPPILacVa1	CCSBORF55855	1	CCSBORF100011278	LW	1	710A>G	0	NC_000012.12:52650428:T:C	CCSBVarC016220	ENSP00000310861.3:p.Lys237Arg	KRT2	ENSG00000172867	KRT16
HsVcPPILacVa1	CCSBORF55855	1	CCSBORF100011278	LW	1	767A>G	38	NC_000012.12:52650371:T:C	CCSBVarC012686	ENSP00000310861.3:p.Asn256Ser	KRT2	ENSG00000172867	KRT16
HsVcPPILacVa1	CCSBORF55855	1	CCSBORF100011278	LW	1	865G>A	618	NC_000012.12:52649098:C:T	CCSBVarC016224	ENSP00000310861.3:p.Val289Met	KRT2	ENSG00000172867	KRT16
HsVcPPILacVa1	CCSBORF55855	2	CCSBORF100066360	LW	1	REF	5	NULL	NULL	NULL	KRT2	ENSG00000172867	KRT27
HsVcPPILacVa1	CCSBORF55855	2	CCSBORF100066360	LW	1	1066T>C	0	NC_000012.12:52648228:A:G	CCSBVarC016108	ENSP00000310861.3:p.Tyr356His	KRT2	ENSG00000172867	KRT27
HsVcPPILacVa1	CCSBORF55855	2	CCSBORF100066360	LW	1	1094A>G	0	NC_000012.12:52648200:T:C	CCSBVarC016114	ENSP00000310861.3:p.Glu365Gly	KRT2	ENSG00000172867	KRT27
HsVcPPILacVa1	CCSBORF55855	2	CCSBORF100066360	LW	1	1114C>A	0	NC_000012.12:52648180:G:T	CCSBVarC016118	ENSP00000310861.3:p.His372Asn	KRT2	ENSG00000172867	KRT27
HsVcPPILacVa1	CCSBORF55855	2	CCSBORF100066360	LW	1	1249T>C	0	NC_000012.12:52646959:A:G	CCSBVarC016122	ENSP00000310861.3:p.Cys417Arg	KRT2	ENSG00000172867	KRT27
HsVcPPILacVa1	CCSBORF55855	2	CCSBORF100066360	LW	1	1355C>G	0	NC_000012.12:52646853:G:C	CCSBVarC016125	ENSP00000310861.3:p.Ala452Gly	KRT2	ENSG00000172867	KRT27
HsVcPPILacVa1	CCSBORF55855	2	CCSBORF100066360	LW	1	1427A>T	0	NC_000012.12:52646781:T:A	CCSBVarC003452	ENSP00000310861.3:p.Glu476Val	KRT2	ENSG00000172867	KRT27
HsVcPPILacVa1	CCSBORF55855	2	CCSBORF100066360	LW	1	1430T>A	0	NC_000012.12:52646778:A:T	CCSBVarC002476	ENSP00000310861.3:p.Ile477Asn	KRT2	ENSG00000172867	KRT27
HsVcPPILacVa1	CCSBORF55855	2	CCSBORF100066360	LW	1	1462G>A	0	NC_000012.12:52646746:C:T	CCSBVarC003454	ENSP00000310861.3:p.Glu488Lys	KRT2	ENSG00000172867	KRT27
HsVcPPILacVa1	CCSBORF55855	2	CCSBORF100066360	LW	1	1618G>A	0	NC_000012.12:52645320:C:T	CCSBVarC016129	ENSP00000310861.3:p.Gly540Ser	KRT2	ENSG00000172867	KRT27
HsVcPPILacVa1	CCSBORF55855	2	CCSBORF100066360	LW	1	1723T>G	0	NC_000012.12:52645215:A:C	CCSBVarC016135	ENSP00000310861.3:p.Ser575Ala	KRT2	ENSG00000172867	KRT27
HsVcPPILacVa1	CCSBORF55855	2	CCSBORF100066360	LW	1	1813G>C	0	NC_000012.12:52645125:C:G	CCSBVarC016141	ENSP00000310861.3:p.Gly605Arg	KRT2	ENSG00000172867	KRT27
HsVcPPILacVa1	CCSBORF55855	2	CCSBORF100066360	LW	1	1900G>A	0	NC_000012.12:52645038:C:T	CCSBVarC016148	ENSP00000310861.3:p.Val634Met	KRT2	ENSG00000172867	KRT27
HsVcPPILacVa1	CCSBORF55855	2	CCSBORF100066360	LW	1	253G>A	0	NC_000012.12:52651889:C:T	CCSBVarC016156	ENSP00000310861.3:p.Ala85Thr	KRT2	ENSG00000172867	KRT27
HsVcPPILacVa1	CCSBORF55855	2	CCSBORF100066360	LW	1	301A>G	0	NC_000012.12:52651841:T:C	CCSBVarC012695	ENSP00000310861.3:p.Ser101Gly	KRT2	ENSG00000172867	KRT27
HsVcPPILacVa1	CCSBORF55855	2	CCSBORF100066360	LW	1	446G>T	0	NC_000012.12:52651696:C:A	CCSBVarC016164	ENSP00000310861.3:p.Gly149Val	KRT2	ENSG00000172867	KRT27
HsVcPPILacVa1	CCSBORF55855	2	CCSBORF100066360	LW	1	52G>A	0	NC_000012.12:52652090:C:T	CCSBVarC016186	ENSP00000310861.3:p.Gly18Arg	KRT2	ENSG00000172867	KRT27
HsVcPPILacVa1	CCSBORF55855	2	CCSBORF100066360	LW	1	542A>C	0	NC_000012.12:52651600:T:G	CCSBVarC002474	ENSP00000310861.3:p.Gln181Pro	KRT2	ENSG00000172867	KRT27
HsVcPPILacVa1	CCSBORF55855	2	CCSBORF100066360	LW	1	656G>A	0	NC_000012.12:52650482:C:T	CCSBVarC002918	ENSP00000310861.3:p.Gly219Asp	KRT2	ENSG00000172867	KRT27
HsVcPPILacVa1	CCSBORF55855	2	CCSBORF100066360	LW	1	659C>A	0	NC_000012.12:52650479:G:T	CCSBVarC016214	ENSP00000310861.3:p.Thr220Asn	KRT2	ENSG00000172867	KRT27
HsVcPPILacVa1	CCSBORF55855	2	CCSBORF100066360	LW	1	800A>C	0	NC_000012.12:52650338:T:G	CCSBVarC016222	ENSP00000310861.3:p.Lys267Thr	KRT2	ENSG00000172867	KRT27
HsVcPPILacVa1	CCSBORF55855	2	CCSBORF0	LW	1	REF	22	NULL	NULL	NULL	KRT2	ENSG00000172867	empty_AD
HsVcPPILacVa1	CCSBORF55855	2	CCSBORF0	LW	1	1066T>C	9	NC_000012.12:52648228:A:G	CCSBVarC016108	ENSP00000310861.3:p.Tyr356His	KRT2	ENSG00000172867	empty_AD
HsVcPPILacVa1	CCSBORF55855	2	CCSBORF0	LW	1	1094A>G	17	NC_000012.12:52648200:T:C	CCSBVarC016114	ENSP00000310861.3:p.Glu365Gly	KRT2	ENSG00000172867	empty_AD
HsVcPPILacVa1	CCSBORF55855	2	CCSBORF0	LW	1	1114C>A	17	NC_000012.12:52648180:G:T	CCSBVarC016118	ENSP00000310861.3:p.His372Asn	KRT2	ENSG00000172867	empty_AD
HsVcPPILacVa1	CCSBORF55855	2	CCSBORF0	LW	1	1249T>C	28	NC_000012.12:52646959:A:G	CCSBVarC016122	ENSP00000310861.3:p.Cys417Arg	KRT2	ENSG00000172867	empty_AD
HsVcPPILacVa1	CCSBORF55855	2	CCSBORF0	LW	1	1355C>G	9	NC_000012.12:52646853:G:C	CCSBVarC016125	ENSP00000310861.3:p.Ala452Gly	KRT2	ENSG00000172867	empty_AD
HsVcPPILacVa1	CCSBORF55855	2	CCSBORF0	LW	1	1427A>T	6	NC_000012.12:52646781:T:A	CCSBVarC003452	ENSP00000310861.3:p.Glu476Val	KRT2	ENSG00000172867	empty_AD
HsVcPPILacVa1	CCSBORF55855	2	CCSBORF0	LW	1	1430T>A	0	NC_000012.12:52646778:A:T	CCSBVarC002476	ENSP00000310861.3:p.Ile477Asn	KRT2	ENSG00000172867	empty_AD
HsVcPPILacVa1	CCSBORF55855	2	CCSBORF0	LW	1	1462G>A	9	NC_000012.12:52646746:C:T	CCSBVarC003454	ENSP00000310861.3:p.Glu488Lys	KRT2	ENSG00000172867	empty_AD
HsVcPPILacVa1	CCSBORF55855	2	CCSBORF0	LW	1	1618G>A	0	NC_000012.12:52645320:C:T	CCSBVarC016129	ENSP00000310861.3:p.Gly540Ser	KRT2	ENSG00000172867	empty_AD
HsVcPPILacVa1	CCSBORF55855	2	CCSBORF0	LW	1	1723T>G	4	NC_000012.12:52645215:A:C	CCSBVarC016135	ENSP00000310861.3:p.Ser575Ala	KRT2	ENSG00000172867	empty_AD
HsVcPPILacVa1	CCSBORF55855	2	CCSBORF0	LW	1	1813G>C	77	NC_000012.12:52645125:C:G	CCSBVarC016141	ENSP00000310861.3:p.Gly605Arg	KRT2	ENSG00000172867	empty_AD
HsVcPPILacVa1	CCSBORF55855	2	CCSBORF0	LW	1	1900G>A	37	NC_000012.12:52645038:C:T	CCSBVarC016148	ENSP00000310861.3:p.Val634Met	KRT2	ENSG00000172867	empty_AD
HsVcPPILacVa1	CCSBORF55855	2	CCSBORF0	LW	1	253G>A	0	NC_000012.12:52651889:C:T	CCSBVarC016156	ENSP00000310861.3:p.Ala85Thr	KRT2	ENSG00000172867	empty_AD
HsVcPPILacVa1	CCSBORF55855	2	CCSBORF0	LW	1	301A>G	20	NC_000012.12:52651841:T:C	CCSBVarC012695	ENSP00000310861.3:p.Ser101Gly	KRT2	ENSG00000172867	empty_AD
HsVcPPILacVa1	CCSBORF55855	2	CCSBORF0	LW	1	446G>T	0	NC_000012.12:52651696:C:A	CCSBVarC016164	ENSP00000310861.3:p.Gly149Val	KRT2	ENSG00000172867	empty_AD
HsVcPPILacVa1	CCSBORF55855	2	CCSBORF0	LW	1	52G>A	3	NC_000012.12:52652090:C:T	CCSBVarC016186	ENSP00000310861.3:p.Gly18Arg	KRT2	ENSG00000172867	empty_AD
HsVcPPILacVa1	CCSBORF55855	2	CCSBORF0	LW	1	542A>C	141	NC_000012.12:52651600:T:G	CCSBVarC002474	ENSP00000310861.3:p.Gln181Pro	KRT2	ENSG00000172867	empty_AD
HsVcPPILacVa1	CCSBORF55855	2	CCSBORF0	LW	1	656G>A	2	NC_000012.12:52650482:C:T	CCSBVarC002918	ENSP00000310861.3:p.Gly219Asp	KRT2	ENSG00000172867	empty_AD
HsVcPPILacVa1	CCSBORF55855	2	CCSBORF0	LW	1	659C>A	0	NC_000012.12:52650479:G:T	CCSBVarC016214	ENSP00000310861.3:p.Thr220Asn	KRT2	ENSG00000172867	empty_AD
HsVcPPILacVa1	CCSBORF55855	2	CCSBORF0	LW	1	800A>C	0	NC_000012.12:52650338:T:G	CCSBVarC016222	ENSP00000310861.3:p.Lys267Thr	KRT2	ENSG00000172867	empty_AD
HsVcPPILacVa1	CCSBORF7866	1	CCSBORF53604	LW	1	REF	5	NULL	NULL	NULL	EFHC1	ENSG00000096093	GADD45B
HsVcPPILacVa1	CCSBORF7866	1	CCSBORF53604	LW	1	1180G>T	0	NC_000006.12:52469374:G:T	CCSBVarC001266	ENSP00000360107.4:p.Ala394Ser	EFHC1	ENSG00000096093	GADD45B
HsVcPPILacVa1	CCSBORF7866	1	CCSBORF53604	LW	1	1343T>C	1	NC_000006.12:52479100:T:C	CCSBVarC002921	ENSP00000360107.4:p.Met448Thr	EFHC1	ENSG00000096093	GADD45B
HsVcPPILacVa1	CCSBORF7866	1	CCSBORF53604	LW	1	1523C>G	1	NC_000006.12:52479669:C:G	CCSBVarC001267	ENSP00000360107.4:p.Thr508Arg	EFHC1	ENSG00000096093	GADD45B
HsVcPPILacVa1	CCSBORF7866	1	CCSBORF53604	LW	1	1820A>G	2	NC_000006.12:52490318:A:G	CCSBVarC017141	ENSP00000360107.4:p.Asn607Ser	EFHC1	ENSG00000096093	GADD45B
HsVcPPILacVa1	CCSBORF7866	1	CCSBORF53604	LW	1	229C>A	3	NC_000006.12:52424110:C:A	CCSBVarC001264	ENSP00000360107.4:p.Pro77Thr	EFHC1	ENSG00000096093	GADD45B
HsVcPPILacVa1	CCSBORF7866	1	CCSBORF53604	LW	1	475C>G	0	NC_000006.12:52438492:C:G	CCSBVarC017143	ENSP00000360107.4:p.Arg159Gly	EFHC1	ENSG00000096093	GADD45B
HsVcPPILacVa1	CCSBORF7866	1	CCSBORF53604	LW	1	475C>T	7	NC_000006.12:52438492:C:T	CCSBVarC002919	ENSP00000360107.4:p.Arg159Trp	EFHC1	ENSG00000096093	GADD45B
HsVcPPILacVa1	CCSBORF7866	1	CCSBORF53604	LW	1	520A>G	7	NC_000006.12:52438537:A:G	CCSBVarC003446	ENSP00000360107.4:p.Ile174Val	EFHC1	ENSG00000096093	GADD45B
HsVcPPILacVa1	CCSBORF7866	1	CCSBORF53604	LW	1	628G>A	1	NC_000006.12:52452741:G:A	CCSBVarC003447	ENSP00000360107.4:p.Asp210Asn	EFHC1	ENSG00000096093	GADD45B
HsVcPPILacVa1	CCSBORF7866	1	CCSBORF53604	LW	1	662G>A	0	NC_000006.12:52452775:G:A	CCSBVarC001265	ENSP00000360107.4:p.Arg221His	EFHC1	ENSG00000096093	GADD45B
HsVcPPILacVa1	CCSBORF7866	1	CCSBORF53604	LW	1	685T>C	0	NC_000006.12:52452798:T:C	CCSBVarC003448	ENSP00000360107.4:p.Phe229Leu	EFHC1	ENSG00000096093	GADD45B
HsVcPPILacVa1	CCSBORF7866	1	CCSBORF53604	LW	1	757G>T	0	NC_000006.12:52454127:G:T	CCSBVarC003449	ENSP00000360107.4:p.Asp253Tyr	EFHC1	ENSG00000096093	GADD45B
HsVcPPILacVa1	CCSBORF7866	1	CCSBORF53604	LW	1	776G>A	0	NC_000006.12:52454146:G:A	CCSBVarC003450	ENSP00000360107.4:p.Cys259Tyr	EFHC1	ENSG00000096093	GADD45B
HsVcPPILacVa1	CCSBORF7866	1	CCSBORF0	LW	1	REF	1651	NULL	NULL	NULL	EFHC1	ENSG00000096093	empty_AD
HsVcPPILacVa1	CCSBORF7866	1	CCSBORF0	LW	1	1180G>T	20	NC_000006.12:52469374:G:T	CCSBVarC001266	ENSP00000360107.4:p.Ala394Ser	EFHC1	ENSG00000096093	empty_AD
HsVcPPILacVa1	CCSBORF7866	1	CCSBORF0	LW	1	1343T>C	347	NC_000006.12:52479100:T:C	CCSBVarC002921	ENSP00000360107.4:p.Met448Thr	EFHC1	ENSG00000096093	empty_AD
HsVcPPILacVa1	CCSBORF7866	1	CCSBORF0	LW	1	1523C>G	510	NC_000006.12:52479669:C:G	CCSBVarC001267	ENSP00000360107.4:p.Thr508Arg	EFHC1	ENSG00000096093	empty_AD
HsVcPPILacVa1	CCSBORF7866	1	CCSBORF0	LW	1	1820A>G	154	NC_000006.12:52490318:A:G	CCSBVarC017141	ENSP00000360107.4:p.Asn607Ser	EFHC1	ENSG00000096093	empty_AD
HsVcPPILacVa1	CCSBORF7866	1	CCSBORF0	LW	1	229C>A	3890	NC_000006.12:52424110:C:A	CCSBVarC001264	ENSP00000360107.4:p.Pro77Thr	EFHC1	ENSG00000096093	empty_AD
HsVcPPILacVa1	CCSBORF7866	1	CCSBORF0	LW	1	475C>G	88	NC_000006.12:52438492:C:G	CCSBVarC017143	ENSP00000360107.4:p.Arg159Gly	EFHC1	ENSG00000096093	empty_AD
HsVcPPILacVa1	CCSBORF7866	1	CCSBORF0	LW	1	475C>T	2506	NC_000006.12:52438492:C:T	CCSBVarC002919	ENSP00000360107.4:p.Arg159Trp	EFHC1	ENSG00000096093	empty_AD
HsVcPPILacVa1	CCSBORF7866	1	CCSBORF0	LW	1	520A>G	3634	NC_000006.12:52438537:A:G	CCSBVarC003446	ENSP00000360107.4:p.Ile174Val	EFHC1	ENSG00000096093	empty_AD
HsVcPPILacVa1	CCSBORF7866	1	CCSBORF0	LW	1	628G>A	124	NC_000006.12:52452741:G:A	CCSBVarC003447	ENSP00000360107.4:p.Asp210Asn	EFHC1	ENSG00000096093	empty_AD
HsVcPPILacVa1	CCSBORF7866	1	CCSBORF0	LW	1	662G>A	70	NC_000006.12:52452775:G:A	CCSBVarC001265	ENSP00000360107.4:p.Arg221His	EFHC1	ENSG00000096093	empty_AD
HsVcPPILacVa1	CCSBORF7866	1	CCSBORF0	LW	1	685T>C	6	NC_000006.12:52452798:T:C	CCSBVarC003448	ENSP00000360107.4:p.Phe229Leu	EFHC1	ENSG00000096093	empty_AD
HsVcPPILacVa1	CCSBORF7866	1	CCSBORF0	LW	1	757G>T	17	NC_000006.12:52454127:G:T	CCSBVarC003449	ENSP00000360107.4:p.Asp253Tyr	EFHC1	ENSG00000096093	empty_AD
HsVcPPILacVa1	CCSBORF7866	1	CCSBORF0	LW	1	776G>A	5	NC_000006.12:52454146:G:A	CCSBVarC003450	ENSP00000360107.4:p.Cys259Tyr	EFHC1	ENSG00000096093	empty_AD
HsVcPPILacVa1	CCSBORF55855	1	CCSBORF100014440	LW	1	REF	9	NULL	NULL	NULL	KRT2	ENSG00000172867	KRT25
HsVcPPILacVa1	CCSBORF55855	1	CCSBORF100014440	LW	1	1051G>A	21	NC_000012.12:52648243:C:T	CCSBVarC016094	ENSP00000310861.3:p.Glu351Lys	KRT2	ENSG00000172867	KRT25
HsVcPPILacVa1	CCSBORF55855	1	CCSBORF100014440	LW	1	1070A>G	3	NC_000012.12:52648224:T:C	CCSBVarC016110	ENSP00000310861.3:p.Glu357Gly	KRT2	ENSG00000172867	KRT25
HsVcPPILacVa1	CCSBORF55855	1	CCSBORF100014440	LW	1	1106C>T	0	NC_000012.12:52648188:G:A	CCSBVarC016116	ENSP00000310861.3:p.Ala369Val	KRT2	ENSG00000172867	KRT25
HsVcPPILacVa1	CCSBORF55855	1	CCSBORF100014440	LW	1	1230C>G	0	NC_000012.12:52647747:G:C	CCSBVarC016120	ENSP00000310861.3:p.Ile410Met	KRT2	ENSG00000172867	KRT25
HsVcPPILacVa1	CCSBORF55855	1	CCSBORF100014440	LW	1	1325T>G	8	NC_000012.12:52646883:A:C	CCSBVarC016123	ENSP00000310861.3:p.Leu442Trp	KRT2	ENSG00000172867	KRT25
HsVcPPILacVa1	CCSBORF55855	1	CCSBORF100014440	LW	1	1435A>C	14	NC_000012.12:52646773:T:G	CCSBVarC003453	ENSP00000310861.3:p.Thr479Pro	KRT2	ENSG00000172867	KRT25
HsVcPPILacVa1	CCSBORF55855	1	CCSBORF100014440	LW	1	1451T>C	2	NC_000012.12:52646757:A:G	CCSBVarC002477	ENSP00000310861.3:p.Leu484Pro	KRT2	ENSG00000172867	KRT25
HsVcPPILacVa1	CCSBORF55855	1	CCSBORF100014440	LW	1	1480G>C	4	NC_000012.12:52645558:C:G	CCSBVarC016127	ENSP00000310861.3:p.Asp494His	KRT2	ENSG00000172867	KRT25
HsVcPPILacVa1	CCSBORF55855	1	CCSBORF100014440	LW	1	1694C>T	5	NC_000012.12:52645244:G:A	CCSBVarC016132	ENSP00000310861.3:p.Ser565Phe	KRT2	ENSG00000172867	KRT25
HsVcPPILacVa1	CCSBORF55855	1	CCSBORF100014440	LW	1	181C>T	0	NC_000012.12:52651961:G:A	CCSBVarC016138	ENSP00000310861.3:p.Arg61Trp	KRT2	ENSG00000172867	KRT25
HsVcPPILacVa1	CCSBORF55855	1	CCSBORF100014440	LW	1	1869G>T	2	NC_000012.12:52645069:C:A	CCSBVarC016144	ENSP00000310861.3:p.Lys623Asn	KRT2	ENSG00000172867	KRT25
HsVcPPILacVa1	CCSBORF55855	1	CCSBORF100014440	LW	1	1912T>C	0	NC_000012.12:52645026:A:G	CCSBVarC016151	ENSP00000310861.3:p.Phe638Leu	KRT2	ENSG00000172867	KRT25
HsVcPPILacVa1	CCSBORF55855	1	CCSBORF100014440	LW	1	295G>A	1	NC_000012.12:52651847:C:T	CCSBVarC016158	ENSP00000310861.3:p.Gly99Ser	KRT2	ENSG00000172867	KRT25
HsVcPPILacVa1	CCSBORF55855	1	CCSBORF100014440	LW	1	493G>A	0	NC_000012.12:52651649:C:T	CCSBVarC016179	ENSP00000310861.3:p.Val165Met	KRT2	ENSG00000172867	KRT25
HsVcPPILacVa1	CCSBORF55855	1	CCSBORF100014440	LW	1	536G>A	0	NC_000012.12:52651606:C:T	CCSBVarC016211	ENSP00000310861.3:p.Arg179His	KRT2	ENSG00000172867	KRT25
HsVcPPILacVa1	CCSBORF55855	1	CCSBORF100014440	LW	1	556A>T	5	NC_000012.12:52651586:T:A	CCSBVarC003451	ENSP00000310861.3:p.Asn186Tyr	KRT2	ENSG00000172867	KRT25
HsVcPPILacVa1	CCSBORF55855	1	CCSBORF100014440	LW	1	558C>A	5	NC_000012.12:52651584:G:T	CCSBVarC002475	ENSP00000310861.3:p.Asn186Lys	KRT2	ENSG00000172867	KRT25
HsVcPPILacVa1	CCSBORF55855	1	CCSBORF100014440	LW	1	710A>G	0	NC_000012.12:52650428:T:C	CCSBVarC016220	ENSP00000310861.3:p.Lys237Arg	KRT2	ENSG00000172867	KRT25
HsVcPPILacVa1	CCSBORF55855	1	CCSBORF100014440	LW	1	767A>G	0	NC_000012.12:52650371:T:C	CCSBVarC012686	ENSP00000310861.3:p.Asn256Ser	KRT2	ENSG00000172867	KRT25
HsVcPPILacVa1	CCSBORF55855	1	CCSBORF100014440	LW	1	865G>A	4	NC_000012.12:52649098:C:T	CCSBVarC016224	ENSP00000310861.3:p.Val289Met	KRT2	ENSG00000172867	KRT25
HsVcPPILacVa1	CCSBORF55855	2	CCSBORF100011278	LW	1	REF	7	NULL	NULL	NULL	KRT2	ENSG00000172867	KRT16
HsVcPPILacVa1	CCSBORF55855	2	CCSBORF100011278	LW	1	1066T>C	4	NC_000012.12:52648228:A:G	CCSBVarC016108	ENSP00000310861.3:p.Tyr356His	KRT2	ENSG00000172867	KRT16
HsVcPPILacVa1	CCSBORF55855	2	CCSBORF100011278	LW	1	1094A>G	8	NC_000012.12:52648200:T:C	CCSBVarC016114	ENSP00000310861.3:p.Glu365Gly	KRT2	ENSG00000172867	KRT16
HsVcPPILacVa1	CCSBORF55855	2	CCSBORF100011278	LW	1	1114C>A	3	NC_000012.12:52648180:G:T	CCSBVarC016118	ENSP00000310861.3:p.His372Asn	KRT2	ENSG00000172867	KRT16
HsVcPPILacVa1	CCSBORF55855	2	CCSBORF100011278	LW	1	1249T>C	11	NC_000012.12:52646959:A:G	CCSBVarC016122	ENSP00000310861.3:p.Cys417Arg	KRT2	ENSG00000172867	KRT16
HsVcPPILacVa1	CCSBORF55855	2	CCSBORF100011278	LW	1	1355C>G	3	NC_000012.12:52646853:G:C	CCSBVarC016125	ENSP00000310861.3:p.Ala452Gly	KRT2	ENSG00000172867	KRT16
HsVcPPILacVa1	CCSBORF55855	2	CCSBORF100011278	LW	1	1427A>T	0	NC_000012.12:52646781:T:A	CCSBVarC003452	ENSP00000310861.3:p.Glu476Val	KRT2	ENSG00000172867	KRT16
HsVcPPILacVa1	CCSBORF55855	2	CCSBORF100011278	LW	1	1430T>A	0	NC_000012.12:52646778:A:T	CCSBVarC002476	ENSP00000310861.3:p.Ile477Asn	KRT2	ENSG00000172867	KRT16
HsVcPPILacVa1	CCSBORF55855	2	CCSBORF100011278	LW	1	1462G>A	3	NC_000012.12:52646746:C:T	CCSBVarC003454	ENSP00000310861.3:p.Glu488Lys	KRT2	ENSG00000172867	KRT16
HsVcPPILacVa1	CCSBORF55855	2	CCSBORF100011278	LW	1	1618G>A	0	NC_000012.12:52645320:C:T	CCSBVarC016129	ENSP00000310861.3:p.Gly540Ser	KRT2	ENSG00000172867	KRT16
HsVcPPILacVa1	CCSBORF55855	2	CCSBORF100011278	LW	1	1723T>G	1	NC_000012.12:52645215:A:C	CCSBVarC016135	ENSP00000310861.3:p.Ser575Ala	KRT2	ENSG00000172867	KRT16
HsVcPPILacVa1	CCSBORF55855	2	CCSBORF100011278	LW	1	1813G>C	24	NC_000012.12:52645125:C:G	CCSBVarC016141	ENSP00000310861.3:p.Gly605Arg	KRT2	ENSG00000172867	KRT16
HsVcPPILacVa1	CCSBORF55855	2	CCSBORF100011278	LW	1	1900G>A	13	NC_000012.12:52645038:C:T	CCSBVarC016148	ENSP00000310861.3:p.Val634Met	KRT2	ENSG00000172867	KRT16
HsVcPPILacVa1	CCSBORF55855	2	CCSBORF100011278	LW	1	253G>A	0	NC_000012.12:52651889:C:T	CCSBVarC016156	ENSP00000310861.3:p.Ala85Thr	KRT2	ENSG00000172867	KRT16
HsVcPPILacVa1	CCSBORF55855	2	CCSBORF100011278	LW	1	301A>G	8	NC_000012.12:52651841:T:C	CCSBVarC012695	ENSP00000310861.3:p.Ser101Gly	KRT2	ENSG00000172867	KRT16
HsVcPPILacVa1	CCSBORF55855	2	CCSBORF100011278	LW	1	446G>T	0	NC_000012.12:52651696:C:A	CCSBVarC016164	ENSP00000310861.3:p.Gly149Val	KRT2	ENSG00000172867	KRT16
HsVcPPILacVa1	CCSBORF55855	2	CCSBORF100011278	LW	1	52G>A	1	NC_000012.12:52652090:C:T	CCSBVarC016186	ENSP00000310861.3:p.Gly18Arg	KRT2	ENSG00000172867	KRT16
HsVcPPILacVa1	CCSBORF55855	2	CCSBORF100011278	LW	1	542A>C	54	NC_000012.12:52651600:T:G	CCSBVarC002474	ENSP00000310861.3:p.Gln181Pro	KRT2	ENSG00000172867	KRT16
HsVcPPILacVa1	CCSBORF55855	2	CCSBORF100011278	LW	1	656G>A	1	NC_000012.12:52650482:C:T	CCSBVarC002918	ENSP00000310861.3:p.Gly219Asp	KRT2	ENSG00000172867	KRT16
HsVcPPILacVa1	CCSBORF55855	2	CCSBORF100011278	LW	1	659C>A	0	NC_000012.12:52650479:G:T	CCSBVarC016214	ENSP00000310861.3:p.Thr220Asn	KRT2	ENSG00000172867	KRT16
HsVcPPILacVa1	CCSBORF55855	2	CCSBORF100011278	LW	1	800A>C	0	NC_000012.12:52650338:T:G	CCSBVarC016222	ENSP00000310861.3:p.Lys267Thr	KRT2	ENSG00000172867	KRT16
HsVcPPILacVa1	CCSBORF7866	1	CCSBORF56644	LW	1	REF	106	NULL	NULL	NULL	EFHC1	ENSG00000096093	TCF4
HsVcPPILacVa1	CCSBORF7866	1	CCSBORF56644	LW	1	1180G>T	1	NC_000006.12:52469374:G:T	CCSBVarC001266	ENSP00000360107.4:p.Ala394Ser	EFHC1	ENSG00000096093	TCF4
HsVcPPILacVa1	CCSBORF7866	1	CCSBORF56644	LW	1	1343T>C	39	NC_000006.12:52479100:T:C	CCSBVarC002921	ENSP00000360107.4:p.Met448Thr	EFHC1	ENSG00000096093	TCF4
HsVcPPILacVa1	CCSBORF7866	1	CCSBORF56644	LW	1	1523C>G	83	NC_000006.12:52479669:C:G	CCSBVarC001267	ENSP00000360107.4:p.Thr508Arg	EFHC1	ENSG00000096093	TCF4
HsVcPPILacVa1	CCSBORF7866	1	CCSBORF56644	LW	1	1820A>G	11	NC_000006.12:52490318:A:G	CCSBVarC017141	ENSP00000360107.4:p.Asn607Ser	EFHC1	ENSG00000096093	TCF4
HsVcPPILacVa1	CCSBORF7866	1	CCSBORF56644	LW	1	229C>A	487	NC_000006.12:52424110:C:A	CCSBVarC001264	ENSP00000360107.4:p.Pro77Thr	EFHC1	ENSG00000096093	TCF4
HsVcPPILacVa1	CCSBORF7866	1	CCSBORF56644	LW	1	475C>G	15	NC_000006.12:52438492:C:G	CCSBVarC017143	ENSP00000360107.4:p.Arg159Gly	EFHC1	ENSG00000096093	TCF4
HsVcPPILacVa1	CCSBORF7866	1	CCSBORF56644	LW	1	475C>T	357	NC_000006.12:52438492:C:T	CCSBVarC002919	ENSP00000360107.4:p.Arg159Trp	EFHC1	ENSG00000096093	TCF4
HsVcPPILacVa1	CCSBORF7866	1	CCSBORF56644	LW	1	520A>G	498	NC_000006.12:52438537:A:G	CCSBVarC003446	ENSP00000360107.4:p.Ile174Val	EFHC1	ENSG00000096093	TCF4
HsVcPPILacVa1	CCSBORF7866	1	CCSBORF56644	LW	1	628G>A	15	NC_000006.12:52452741:G:A	CCSBVarC003447	ENSP00000360107.4:p.Asp210Asn	EFHC1	ENSG00000096093	TCF4
HsVcPPILacVa1	CCSBORF7866	1	CCSBORF56644	LW	1	662G>A	13	NC_000006.12:52452775:G:A	CCSBVarC001265	ENSP00000360107.4:p.Arg221His	EFHC1	ENSG00000096093	TCF4
HsVcPPILacVa1	CCSBORF7866	1	CCSBORF56644	LW	1	685T>C	3	NC_000006.12:52452798:T:C	CCSBVarC003448	ENSP00000360107.4:p.Phe229Leu	EFHC1	ENSG00000096093	TCF4
HsVcPPILacVa1	CCSBORF7866	1	CCSBORF56644	LW	1	757G>T	0	NC_000006.12:52454127:G:T	CCSBVarC003449	ENSP00000360107.4:p.Asp253Tyr	EFHC1	ENSG00000096093	TCF4
HsVcPPILacVa1	CCSBORF7866	1	CCSBORF56644	LW	1	776G>A	1	NC_000006.12:52454146:G:A	CCSBVarC003450	ENSP00000360107.4:p.Cys259Tyr	EFHC1	ENSG00000096093	TCF4
HsVcPPILacVa1	CCSBORF7866	1	CCSBORF55625	LW	1	REF	244	NULL	NULL	NULL	EFHC1	ENSG00000096093	SORBS3
HsVcPPILacVa1	CCSBORF7866	1	CCSBORF55625	LW	1	1180G>T	6	NC_000006.12:52469374:G:T	CCSBVarC001266	ENSP00000360107.4:p.Ala394Ser	EFHC1	ENSG00000096093	SORBS3
HsVcPPILacVa1	CCSBORF7866	1	CCSBORF55625	LW	1	1343T>C	84	NC_000006.12:52479100:T:C	CCSBVarC002921	ENSP00000360107.4:p.Met448Thr	EFHC1	ENSG00000096093	SORBS3
HsVcPPILacVa1	CCSBORF7866	1	CCSBORF55625	LW	1	1523C>G	173	NC_000006.12:52479669:C:G	CCSBVarC001267	ENSP00000360107.4:p.Thr508Arg	EFHC1	ENSG00000096093	SORBS3
HsVcPPILacVa1	CCSBORF7866	1	CCSBORF55625	LW	1	1820A>G	7	NC_000006.12:52490318:A:G	CCSBVarC017141	ENSP00000360107.4:p.Asn607Ser	EFHC1	ENSG00000096093	SORBS3
HsVcPPILacVa1	CCSBORF7866	1	CCSBORF55625	LW	1	229C>A	672	NC_000006.12:52424110:C:A	CCSBVarC001264	ENSP00000360107.4:p.Pro77Thr	EFHC1	ENSG00000096093	SORBS3
HsVcPPILacVa1	CCSBORF7866	1	CCSBORF55625	LW	1	475C>G	15	NC_000006.12:52438492:C:G	CCSBVarC017143	ENSP00000360107.4:p.Arg159Gly	EFHC1	ENSG00000096093	SORBS3
HsVcPPILacVa1	CCSBORF7866	1	CCSBORF55625	LW	1	475C>T	843	NC_000006.12:52438492:C:T	CCSBVarC002919	ENSP00000360107.4:p.Arg159Trp	EFHC1	ENSG00000096093	SORBS3
HsVcPPILacVa1	CCSBORF7866	1	CCSBORF55625	LW	1	520A>G	731	NC_000006.12:52438537:A:G	CCSBVarC003446	ENSP00000360107.4:p.Ile174Val	EFHC1	ENSG00000096093	SORBS3
HsVcPPILacVa1	CCSBORF7866	1	CCSBORF55625	LW	1	628G>A	51	NC_000006.12:52452741:G:A	CCSBVarC003447	ENSP00000360107.4:p.Asp210Asn	EFHC1	ENSG00000096093	SORBS3
HsVcPPILacVa1	CCSBORF7866	1	CCSBORF55625	LW	1	662G>A	50	NC_000006.12:52452775:G:A	CCSBVarC001265	ENSP00000360107.4:p.Arg221His	EFHC1	ENSG00000096093	SORBS3
HsVcPPILacVa1	CCSBORF7866	1	CCSBORF55625	LW	1	685T>C	7	NC_000006.12:52452798:T:C	CCSBVarC003448	ENSP00000360107.4:p.Phe229Leu	EFHC1	ENSG00000096093	SORBS3
HsVcPPILacVa1	CCSBORF7866	1	CCSBORF55625	LW	1	757G>T	0	NC_000006.12:52454127:G:T	CCSBVarC003449	ENSP00000360107.4:p.Asp253Tyr	EFHC1	ENSG00000096093	SORBS3
HsVcPPILacVa1	CCSBORF7866	1	CCSBORF55625	LW	1	776G>A	2	NC_000006.12:52454146:G:A	CCSBVarC003450	ENSP00000360107.4:p.Cys259Tyr	EFHC1	ENSG00000096093	SORBS3
HsVcPPILacVa1	CCSBORF55855	1	CCSBORF6802	LW	1	REF	11	NULL	NULL	NULL	KRT2	ENSG00000172867	KRT33B
HsVcPPILacVa1	CCSBORF55855	1	CCSBORF6802	LW	1	1051G>A	71	NC_000012.12:52648243:C:T	CCSBVarC016094	ENSP00000310861.3:p.Glu351Lys	KRT2	ENSG00000172867	KRT33B
HsVcPPILacVa1	CCSBORF55855	1	CCSBORF6802	LW	1	1070A>G	8	NC_000012.12:52648224:T:C	CCSBVarC016110	ENSP00000310861.3:p.Glu357Gly	KRT2	ENSG00000172867	KRT33B
HsVcPPILacVa1	CCSBORF55855	1	CCSBORF6802	LW	1	1106C>T	0	NC_000012.12:52648188:G:A	CCSBVarC016116	ENSP00000310861.3:p.Ala369Val	KRT2	ENSG00000172867	KRT33B
HsVcPPILacVa1	CCSBORF55855	1	CCSBORF6802	LW	1	1230C>G	0	NC_000012.12:52647747:G:C	CCSBVarC016120	ENSP00000310861.3:p.Ile410Met	KRT2	ENSG00000172867	KRT33B
HsVcPPILacVa1	CCSBORF55855	1	CCSBORF6802	LW	1	1325T>G	51	NC_000012.12:52646883:A:C	CCSBVarC016123	ENSP00000310861.3:p.Leu442Trp	KRT2	ENSG00000172867	KRT33B
HsVcPPILacVa1	CCSBORF55855	1	CCSBORF6802	LW	1	1435A>C	33	NC_000012.12:52646773:T:G	CCSBVarC003453	ENSP00000310861.3:p.Thr479Pro	KRT2	ENSG00000172867	KRT33B
HsVcPPILacVa1	CCSBORF55855	1	CCSBORF6802	LW	1	1451T>C	8	NC_000012.12:52646757:A:G	CCSBVarC002477	ENSP00000310861.3:p.Leu484Pro	KRT2	ENSG00000172867	KRT33B
HsVcPPILacVa1	CCSBORF55855	1	CCSBORF6802	LW	1	1480G>C	7	NC_000012.12:52645558:C:G	CCSBVarC016127	ENSP00000310861.3:p.Asp494His	KRT2	ENSG00000172867	KRT33B
HsVcPPILacVa1	CCSBORF55855	1	CCSBORF6802	LW	1	1694C>T	7	NC_000012.12:52645244:G:A	CCSBVarC016132	ENSP00000310861.3:p.Ser565Phe	KRT2	ENSG00000172867	KRT33B
HsVcPPILacVa1	CCSBORF55855	1	CCSBORF6802	LW	1	181C>T	0	NC_000012.12:52651961:G:A	CCSBVarC016138	ENSP00000310861.3:p.Arg61Trp	KRT2	ENSG00000172867	KRT33B
HsVcPPILacVa1	CCSBORF55855	1	CCSBORF6802	LW	1	1869G>T	5	NC_000012.12:52645069:C:A	CCSBVarC016144	ENSP00000310861.3:p.Lys623Asn	KRT2	ENSG00000172867	KRT33B
HsVcPPILacVa1	CCSBORF55855	1	CCSBORF6802	LW	1	1912T>C	4	NC_000012.12:52645026:A:G	CCSBVarC016151	ENSP00000310861.3:p.Phe638Leu	KRT2	ENSG00000172867	KRT33B
HsVcPPILacVa1	CCSBORF55855	1	CCSBORF6802	LW	1	295G>A	5	NC_000012.12:52651847:C:T	CCSBVarC016158	ENSP00000310861.3:p.Gly99Ser	KRT2	ENSG00000172867	KRT33B
HsVcPPILacVa1	CCSBORF55855	1	CCSBORF6802	LW	1	493G>A	1	NC_000012.12:52651649:C:T	CCSBVarC016179	ENSP00000310861.3:p.Val165Met	KRT2	ENSG00000172867	KRT33B
HsVcPPILacVa1	CCSBORF55855	1	CCSBORF6802	LW	1	536G>A	2	NC_000012.12:52651606:C:T	CCSBVarC016211	ENSP00000310861.3:p.Arg179His	KRT2	ENSG00000172867	KRT33B
HsVcPPILacVa1	CCSBORF55855	1	CCSBORF6802	LW	1	556A>T	4	NC_000012.12:52651586:T:A	CCSBVarC003451	ENSP00000310861.3:p.Asn186Tyr	KRT2	ENSG00000172867	KRT33B
HsVcPPILacVa1	CCSBORF55855	1	CCSBORF6802	LW	1	558C>A	12	NC_000012.12:52651584:G:T	CCSBVarC002475	ENSP00000310861.3:p.Asn186Lys	KRT2	ENSG00000172867	KRT33B
HsVcPPILacVa1	CCSBORF55855	1	CCSBORF6802	LW	1	710A>G	0	NC_000012.12:52650428:T:C	CCSBVarC016220	ENSP00000310861.3:p.Lys237Arg	KRT2	ENSG00000172867	KRT33B
HsVcPPILacVa1	CCSBORF55855	1	CCSBORF6802	LW	1	767A>G	1	NC_000012.12:52650371:T:C	CCSBVarC012686	ENSP00000310861.3:p.Asn256Ser	KRT2	ENSG00000172867	KRT33B
HsVcPPILacVa1	CCSBORF55855	1	CCSBORF6802	LW	1	865G>A	15	NC_000012.12:52649098:C:T	CCSBVarC016224	ENSP00000310861.3:p.Val289Met	KRT2	ENSG00000172867	KRT33B
HsVcPPILacVa1	CCSBORF55855	2	CCSBORF100014440	LW	1	REF	25	NULL	NULL	NULL	KRT2	ENSG00000172867	KRT25
HsVcPPILacVa1	CCSBORF55855	2	CCSBORF100014440	LW	1	1066T>C	4	NC_000012.12:52648228:A:G	CCSBVarC016108	ENSP00000310861.3:p.Tyr356His	KRT2	ENSG00000172867	KRT25
HsVcPPILacVa1	CCSBORF55855	2	CCSBORF100014440	LW	1	1094A>G	10	NC_000012.12:52648200:T:C	CCSBVarC016114	ENSP00000310861.3:p.Glu365Gly	KRT2	ENSG00000172867	KRT25
HsVcPPILacVa1	CCSBORF55855	2	CCSBORF100014440	LW	1	1114C>A	8	NC_000012.12:52648180:G:T	CCSBVarC016118	ENSP00000310861.3:p.His372Asn	KRT2	ENSG00000172867	KRT25
HsVcPPILacVa1	CCSBORF55855	2	CCSBORF100014440	LW	1	1249T>C	15	NC_000012.12:52646959:A:G	CCSBVarC016122	ENSP00000310861.3:p.Cys417Arg	KRT2	ENSG00000172867	KRT25
HsVcPPILacVa1	CCSBORF55855	2	CCSBORF100014440	LW	1	1355C>G	5	NC_000012.12:52646853:G:C	CCSBVarC016125	ENSP00000310861.3:p.Ala452Gly	KRT2	ENSG00000172867	KRT25
HsVcPPILacVa1	CCSBORF55855	2	CCSBORF100014440	LW	1	1427A>T	3	NC_000012.12:52646781:T:A	CCSBVarC003452	ENSP00000310861.3:p.Glu476Val	KRT2	ENSG00000172867	KRT25
HsVcPPILacVa1	CCSBORF55855	2	CCSBORF100014440	LW	1	1430T>A	0	NC_000012.12:52646778:A:T	CCSBVarC002476	ENSP00000310861.3:p.Ile477Asn	KRT2	ENSG00000172867	KRT25
HsVcPPILacVa1	CCSBORF55855	2	CCSBORF100014440	LW	1	1462G>A	6	NC_000012.12:52646746:C:T	CCSBVarC003454	ENSP00000310861.3:p.Glu488Lys	KRT2	ENSG00000172867	KRT25
HsVcPPILacVa1	CCSBORF55855	2	CCSBORF100014440	LW	1	1618G>A	0	NC_000012.12:52645320:C:T	CCSBVarC016129	ENSP00000310861.3:p.Gly540Ser	KRT2	ENSG00000172867	KRT25
HsVcPPILacVa1	CCSBORF55855	2	CCSBORF100014440	LW	1	1723T>G	2	NC_000012.12:52645215:A:C	CCSBVarC016135	ENSP00000310861.3:p.Ser575Ala	KRT2	ENSG00000172867	KRT25
HsVcPPILacVa1	CCSBORF55855	2	CCSBORF100014440	LW	1	1813G>C	39	NC_000012.12:52645125:C:G	CCSBVarC016141	ENSP00000310861.3:p.Gly605Arg	KRT2	ENSG00000172867	KRT25
HsVcPPILacVa1	CCSBORF55855	2	CCSBORF100014440	LW	1	1900G>A	23	NC_000012.12:52645038:C:T	CCSBVarC016148	ENSP00000310861.3:p.Val634Met	KRT2	ENSG00000172867	KRT25
HsVcPPILacVa1	CCSBORF55855	2	CCSBORF100014440	LW	1	253G>A	0	NC_000012.12:52651889:C:T	CCSBVarC016156	ENSP00000310861.3:p.Ala85Thr	KRT2	ENSG00000172867	KRT25
HsVcPPILacVa1	CCSBORF55855	2	CCSBORF100014440	LW	1	301A>G	16	NC_000012.12:52651841:T:C	CCSBVarC012695	ENSP00000310861.3:p.Ser101Gly	KRT2	ENSG00000172867	KRT25
HsVcPPILacVa1	CCSBORF55855	2	CCSBORF100014440	LW	1	446G>T	0	NC_000012.12:52651696:C:A	CCSBVarC016164	ENSP00000310861.3:p.Gly149Val	KRT2	ENSG00000172867	KRT25
HsVcPPILacVa1	CCSBORF55855	2	CCSBORF100014440	LW	1	52G>A	3	NC_000012.12:52652090:C:T	CCSBVarC016186	ENSP00000310861.3:p.Gly18Arg	KRT2	ENSG00000172867	KRT25
HsVcPPILacVa1	CCSBORF55855	2	CCSBORF100014440	LW	1	542A>C	91	NC_000012.12:52651600:T:G	CCSBVarC002474	ENSP00000310861.3:p.Gln181Pro	KRT2	ENSG00000172867	KRT25
HsVcPPILacVa1	CCSBORF55855	2	CCSBORF100014440	LW	1	656G>A	12	NC_000012.12:52650482:C:T	CCSBVarC002918	ENSP00000310861.3:p.Gly219Asp	KRT2	ENSG00000172867	KRT25
HsVcPPILacVa1	CCSBORF55855	2	CCSBORF100014440	LW	1	659C>A	3	NC_000012.12:52650479:G:T	CCSBVarC016214	ENSP00000310861.3:p.Thr220Asn	KRT2	ENSG00000172867	KRT25
HsVcPPILacVa1	CCSBORF55855	2	CCSBORF100014440	LW	1	800A>C	0	NC_000012.12:52650338:T:G	CCSBVarC016222	ENSP00000310861.3:p.Lys267Thr	KRT2	ENSG00000172867	KRT25
HsVcPPILacVa1	CCSBORF7866	1	CCSBORF71783	LW	1	REF	11	NULL	NULL	NULL	EFHC1	ENSG00000096093	PBX1
HsVcPPILacVa1	CCSBORF7866	1	CCSBORF71783	LW	1	1180G>T	0	NC_000006.12:52469374:G:T	CCSBVarC001266	ENSP00000360107.4:p.Ala394Ser	EFHC1	ENSG00000096093	PBX1
HsVcPPILacVa1	CCSBORF7866	1	CCSBORF71783	LW	1	1343T>C	4	NC_000006.12:52479100:T:C	CCSBVarC002921	ENSP00000360107.4:p.Met448Thr	EFHC1	ENSG00000096093	PBX1
HsVcPPILacVa1	CCSBORF7866	1	CCSBORF71783	LW	1	1523C>G	7	NC_000006.12:52479669:C:G	CCSBVarC001267	ENSP00000360107.4:p.Thr508Arg	EFHC1	ENSG00000096093	PBX1
HsVcPPILacVa1	CCSBORF7866	1	CCSBORF71783	LW	1	1820A>G	1	NC_000006.12:52490318:A:G	CCSBVarC017141	ENSP00000360107.4:p.Asn607Ser	EFHC1	ENSG00000096093	PBX1
HsVcPPILacVa1	CCSBORF7866	1	CCSBORF71783	LW	1	229C>A	31	NC_000006.12:52424110:C:A	CCSBVarC001264	ENSP00000360107.4:p.Pro77Thr	EFHC1	ENSG00000096093	PBX1
HsVcPPILacVa1	CCSBORF7866	1	CCSBORF71783	LW	1	475C>G	1	NC_000006.12:52438492:C:G	CCSBVarC017143	ENSP00000360107.4:p.Arg159Gly	EFHC1	ENSG00000096093	PBX1
HsVcPPILacVa1	CCSBORF7866	1	CCSBORF71783	LW	1	475C>T	24	NC_000006.12:52438492:C:T	CCSBVarC002919	ENSP00000360107.4:p.Arg159Trp	EFHC1	ENSG00000096093	PBX1
HsVcPPILacVa1	CCSBORF7866	1	CCSBORF71783	LW	1	520A>G	41	NC_000006.12:52438537:A:G	CCSBVarC003446	ENSP00000360107.4:p.Ile174Val	EFHC1	ENSG00000096093	PBX1
HsVcPPILacVa1	CCSBORF7866	1	CCSBORF71783	LW	1	628G>A	2	NC_000006.12:52452741:G:A	CCSBVarC003447	ENSP00000360107.4:p.Asp210Asn	EFHC1	ENSG00000096093	PBX1
HsVcPPILacVa1	CCSBORF7866	1	CCSBORF71783	LW	1	662G>A	1	NC_000006.12:52452775:G:A	CCSBVarC001265	ENSP00000360107.4:p.Arg221His	EFHC1	ENSG00000096093	PBX1
HsVcPPILacVa1	CCSBORF7866	1	CCSBORF71783	LW	1	685T>C	0	NC_000006.12:52452798:T:C	CCSBVarC003448	ENSP00000360107.4:p.Phe229Leu	EFHC1	ENSG00000096093	PBX1
HsVcPPILacVa1	CCSBORF7866	1	CCSBORF71783	LW	1	757G>T	0	NC_000006.12:52454127:G:T	CCSBVarC003449	ENSP00000360107.4:p.Asp253Tyr	EFHC1	ENSG00000096093	PBX1
HsVcPPILacVa1	CCSBORF7866	1	CCSBORF71783	LW	1	776G>A	1	NC_000006.12:52454146:G:A	CCSBVarC003450	ENSP00000360107.4:p.Cys259Tyr	EFHC1	ENSG00000096093	PBX1
HsVcPPILacVa1	CCSBORF7866	1	CCSBORF53886	LW	1	REF	1401	NULL	NULL	NULL	EFHC1	ENSG00000096093	TLE5
HsVcPPILacVa1	CCSBORF7866	1	CCSBORF53886	LW	1	1180G>T	11	NC_000006.12:52469374:G:T	CCSBVarC001266	ENSP00000360107.4:p.Ala394Ser	EFHC1	ENSG00000096093	TLE5
HsVcPPILacVa1	CCSBORF7866	1	CCSBORF53886	LW	1	1343T>C	390	NC_000006.12:52479100:T:C	CCSBVarC002921	ENSP00000360107.4:p.Met448Thr	EFHC1	ENSG00000096093	TLE5
HsVcPPILacVa1	CCSBORF7866	1	CCSBORF53886	LW	1	1523C>G	538	NC_000006.12:52479669:C:G	CCSBVarC001267	ENSP00000360107.4:p.Thr508Arg	EFHC1	ENSG00000096093	TLE5
HsVcPPILacVa1	CCSBORF7866	1	CCSBORF53886	LW	1	1820A>G	33	NC_000006.12:52490318:A:G	CCSBVarC017141	ENSP00000360107.4:p.Asn607Ser	EFHC1	ENSG00000096093	TLE5
HsVcPPILacVa1	CCSBORF7866	1	CCSBORF53886	LW	1	229C>A	3473	NC_000006.12:52424110:C:A	CCSBVarC001264	ENSP00000360107.4:p.Pro77Thr	EFHC1	ENSG00000096093	TLE5
HsVcPPILacVa1	CCSBORF7866	1	CCSBORF53886	LW	1	475C>G	35	NC_000006.12:52438492:C:G	CCSBVarC017143	ENSP00000360107.4:p.Arg159Gly	EFHC1	ENSG00000096093	TLE5
HsVcPPILacVa1	CCSBORF7866	1	CCSBORF53886	LW	1	475C>T	2374	NC_000006.12:52438492:C:T	CCSBVarC002919	ENSP00000360107.4:p.Arg159Trp	EFHC1	ENSG00000096093	TLE5
HsVcPPILacVa1	CCSBORF7866	1	CCSBORF53886	LW	1	520A>G	2828	NC_000006.12:52438537:A:G	CCSBVarC003446	ENSP00000360107.4:p.Ile174Val	EFHC1	ENSG00000096093	TLE5
HsVcPPILacVa1	CCSBORF7866	1	CCSBORF53886	LW	1	628G>A	110	NC_000006.12:52452741:G:A	CCSBVarC003447	ENSP00000360107.4:p.Asp210Asn	EFHC1	ENSG00000096093	TLE5
HsVcPPILacVa1	CCSBORF7866	1	CCSBORF53886	LW	1	662G>A	129	NC_000006.12:52452775:G:A	CCSBVarC001265	ENSP00000360107.4:p.Arg221His	EFHC1	ENSG00000096093	TLE5
HsVcPPILacVa1	CCSBORF7866	1	CCSBORF53886	LW	1	685T>C	1	NC_000006.12:52452798:T:C	CCSBVarC003448	ENSP00000360107.4:p.Phe229Leu	EFHC1	ENSG00000096093	TLE5
HsVcPPILacVa1	CCSBORF7866	1	CCSBORF53886	LW	1	757G>T	9	NC_000006.12:52454127:G:T	CCSBVarC003449	ENSP00000360107.4:p.Asp253Tyr	EFHC1	ENSG00000096093	TLE5
HsVcPPILacVa1	CCSBORF7866	1	CCSBORF53886	LW	1	776G>A	1	NC_000006.12:52454146:G:A	CCSBVarC003450	ENSP00000360107.4:p.Cys259Tyr	EFHC1	ENSG00000096093	TLE5
HsVcPPILacVa1	CCSBORF55855	1	CCSBORF56141	LW	1	REF	1	NULL	NULL	NULL	KRT2	ENSG00000172867	KRT31
HsVcPPILacVa1	CCSBORF55855	1	CCSBORF56141	LW	1	1051G>A	0	NC_000012.12:52648243:C:T	CCSBVarC016094	ENSP00000310861.3:p.Glu351Lys	KRT2	ENSG00000172867	KRT31
HsVcPPILacVa1	CCSBORF55855	1	CCSBORF56141	LW	1	1070A>G	0	NC_000012.12:52648224:T:C	CCSBVarC016110	ENSP00000310861.3:p.Glu357Gly	KRT2	ENSG00000172867	KRT31
HsVcPPILacVa1	CCSBORF55855	1	CCSBORF56141	LW	1	1106C>T	0	NC_000012.12:52648188:G:A	CCSBVarC016116	ENSP00000310861.3:p.Ala369Val	KRT2	ENSG00000172867	KRT31
HsVcPPILacVa1	CCSBORF55855	1	CCSBORF56141	LW	1	1230C>G	0	NC_000012.12:52647747:G:C	CCSBVarC016120	ENSP00000310861.3:p.Ile410Met	KRT2	ENSG00000172867	KRT31
HsVcPPILacVa1	CCSBORF55855	1	CCSBORF56141	LW	1	1325T>G	0	NC_000012.12:52646883:A:C	CCSBVarC016123	ENSP00000310861.3:p.Leu442Trp	KRT2	ENSG00000172867	KRT31
HsVcPPILacVa1	CCSBORF55855	1	CCSBORF56141	LW	1	1435A>C	0	NC_000012.12:52646773:T:G	CCSBVarC003453	ENSP00000310861.3:p.Thr479Pro	KRT2	ENSG00000172867	KRT31
HsVcPPILacVa1	CCSBORF55855	1	CCSBORF56141	LW	1	1451T>C	0	NC_000012.12:52646757:A:G	CCSBVarC002477	ENSP00000310861.3:p.Leu484Pro	KRT2	ENSG00000172867	KRT31
HsVcPPILacVa1	CCSBORF55855	1	CCSBORF56141	LW	1	1480G>C	0	NC_000012.12:52645558:C:G	CCSBVarC016127	ENSP00000310861.3:p.Asp494His	KRT2	ENSG00000172867	KRT31
HsVcPPILacVa1	CCSBORF55855	1	CCSBORF56141	LW	1	1694C>T	0	NC_000012.12:52645244:G:A	CCSBVarC016132	ENSP00000310861.3:p.Ser565Phe	KRT2	ENSG00000172867	KRT31
HsVcPPILacVa1	CCSBORF55855	1	CCSBORF56141	LW	1	181C>T	0	NC_000012.12:52651961:G:A	CCSBVarC016138	ENSP00000310861.3:p.Arg61Trp	KRT2	ENSG00000172867	KRT31
HsVcPPILacVa1	CCSBORF55855	1	CCSBORF56141	LW	1	1869G>T	0	NC_000012.12:52645069:C:A	CCSBVarC016144	ENSP00000310861.3:p.Lys623Asn	KRT2	ENSG00000172867	KRT31
HsVcPPILacVa1	CCSBORF55855	1	CCSBORF56141	LW	1	1912T>C	0	NC_000012.12:52645026:A:G	CCSBVarC016151	ENSP00000310861.3:p.Phe638Leu	KRT2	ENSG00000172867	KRT31
HsVcPPILacVa1	CCSBORF55855	1	CCSBORF56141	LW	1	295G>A	0	NC_000012.12:52651847:C:T	CCSBVarC016158	ENSP00000310861.3:p.Gly99Ser	KRT2	ENSG00000172867	KRT31
HsVcPPILacVa1	CCSBORF55855	1	CCSBORF56141	LW	1	493G>A	0	NC_000012.12:52651649:C:T	CCSBVarC016179	ENSP00000310861.3:p.Val165Met	KRT2	ENSG00000172867	KRT31
HsVcPPILacVa1	CCSBORF55855	1	CCSBORF56141	LW	1	536G>A	0	NC_000012.12:52651606:C:T	CCSBVarC016211	ENSP00000310861.3:p.Arg179His	KRT2	ENSG00000172867	KRT31
HsVcPPILacVa1	CCSBORF55855	1	CCSBORF56141	LW	1	556A>T	0	NC_000012.12:52651586:T:A	CCSBVarC003451	ENSP00000310861.3:p.Asn186Tyr	KRT2	ENSG00000172867	KRT31
HsVcPPILacVa1	CCSBORF55855	1	CCSBORF56141	LW	1	558C>A	0	NC_000012.12:52651584:G:T	CCSBVarC002475	ENSP00000310861.3:p.Asn186Lys	KRT2	ENSG00000172867	KRT31
HsVcPPILacVa1	CCSBORF55855	1	CCSBORF56141	LW	1	710A>G	0	NC_000012.12:52650428:T:C	CCSBVarC016220	ENSP00000310861.3:p.Lys237Arg	KRT2	ENSG00000172867	KRT31
HsVcPPILacVa1	CCSBORF55855	1	CCSBORF56141	LW	1	767A>G	0	NC_000012.12:52650371:T:C	CCSBVarC012686	ENSP00000310861.3:p.Asn256Ser	KRT2	ENSG00000172867	KRT31
HsVcPPILacVa1	CCSBORF55855	1	CCSBORF56141	LW	1	865G>A	0	NC_000012.12:52649098:C:T	CCSBVarC016224	ENSP00000310861.3:p.Val289Met	KRT2	ENSG00000172867	KRT31
HsVcPPILacVa1	CCSBORF55855	2	CCSBORF6802	LW	1	REF	786	NULL	NULL	NULL	KRT2	ENSG00000172867	KRT33B
HsVcPPILacVa1	CCSBORF55855	2	CCSBORF6802	LW	1	1066T>C	168	NC_000012.12:52648228:A:G	CCSBVarC016108	ENSP00000310861.3:p.Tyr356His	KRT2	ENSG00000172867	KRT33B
HsVcPPILacVa1	CCSBORF55855	2	CCSBORF6802	LW	1	1094A>G	341	NC_000012.12:52648200:T:C	CCSBVarC016114	ENSP00000310861.3:p.Glu365Gly	KRT2	ENSG00000172867	KRT33B
HsVcPPILacVa1	CCSBORF55855	2	CCSBORF6802	LW	1	1114C>A	179	NC_000012.12:52648180:G:T	CCSBVarC016118	ENSP00000310861.3:p.His372Asn	KRT2	ENSG00000172867	KRT33B
HsVcPPILacVa1	CCSBORF55855	2	CCSBORF6802	LW	1	1249T>C	601	NC_000012.12:52646959:A:G	CCSBVarC016122	ENSP00000310861.3:p.Cys417Arg	KRT2	ENSG00000172867	KRT33B
HsVcPPILacVa1	CCSBORF55855	2	CCSBORF6802	LW	1	1355C>G	118	NC_000012.12:52646853:G:C	CCSBVarC016125	ENSP00000310861.3:p.Ala452Gly	KRT2	ENSG00000172867	KRT33B
HsVcPPILacVa1	CCSBORF55855	2	CCSBORF6802	LW	1	1427A>T	28	NC_000012.12:52646781:T:A	CCSBVarC003452	ENSP00000310861.3:p.Glu476Val	KRT2	ENSG00000172867	KRT33B
HsVcPPILacVa1	CCSBORF55855	2	CCSBORF6802	LW	1	1430T>A	0	NC_000012.12:52646778:A:T	CCSBVarC002476	ENSP00000310861.3:p.Ile477Asn	KRT2	ENSG00000172867	KRT33B
HsVcPPILacVa1	CCSBORF55855	2	CCSBORF6802	LW	1	1462G>A	146	NC_000012.12:52646746:C:T	CCSBVarC003454	ENSP00000310861.3:p.Glu488Lys	KRT2	ENSG00000172867	KRT33B
HsVcPPILacVa1	CCSBORF55855	2	CCSBORF6802	LW	1	1618G>A	2	NC_000012.12:52645320:C:T	CCSBVarC016129	ENSP00000310861.3:p.Gly540Ser	KRT2	ENSG00000172867	KRT33B
HsVcPPILacVa1	CCSBORF55855	2	CCSBORF6802	LW	1	1723T>G	32	NC_000012.12:52645215:A:C	CCSBVarC016135	ENSP00000310861.3:p.Ser575Ala	KRT2	ENSG00000172867	KRT33B
HsVcPPILacVa1	CCSBORF55855	2	CCSBORF6802	LW	1	1813G>C	631	NC_000012.12:52645125:C:G	CCSBVarC016141	ENSP00000310861.3:p.Gly605Arg	KRT2	ENSG00000172867	KRT33B
HsVcPPILacVa1	CCSBORF55855	2	CCSBORF6802	LW	1	1900G>A	511	NC_000012.12:52645038:C:T	CCSBVarC016148	ENSP00000310861.3:p.Val634Met	KRT2	ENSG00000172867	KRT33B
HsVcPPILacVa1	CCSBORF55855	2	CCSBORF6802	LW	1	253G>A	1	NC_000012.12:52651889:C:T	CCSBVarC016156	ENSP00000310861.3:p.Ala85Thr	KRT2	ENSG00000172867	KRT33B
HsVcPPILacVa1	CCSBORF55855	2	CCSBORF6802	LW	1	301A>G	456	NC_000012.12:52651841:T:C	CCSBVarC012695	ENSP00000310861.3:p.Ser101Gly	KRT2	ENSG00000172867	KRT33B
HsVcPPILacVa1	CCSBORF55855	2	CCSBORF6802	LW	1	446G>T	1	NC_000012.12:52651696:C:A	CCSBVarC016164	ENSP00000310861.3:p.Gly149Val	KRT2	ENSG00000172867	KRT33B
HsVcPPILacVa1	CCSBORF55855	2	CCSBORF6802	LW	1	52G>A	16	NC_000012.12:52652090:C:T	CCSBVarC016186	ENSP00000310861.3:p.Gly18Arg	KRT2	ENSG00000172867	KRT33B
HsVcPPILacVa1	CCSBORF55855	2	CCSBORF6802	LW	1	542A>C	2225	NC_000012.12:52651600:T:G	CCSBVarC002474	ENSP00000310861.3:p.Gln181Pro	KRT2	ENSG00000172867	KRT33B
HsVcPPILacVa1	CCSBORF55855	2	CCSBORF6802	LW	1	656G>A	164	NC_000012.12:52650482:C:T	CCSBVarC002918	ENSP00000310861.3:p.Gly219Asp	KRT2	ENSG00000172867	KRT33B
HsVcPPILacVa1	CCSBORF55855	2	CCSBORF6802	LW	1	659C>A	47	NC_000012.12:52650479:G:T	CCSBVarC016214	ENSP00000310861.3:p.Thr220Asn	KRT2	ENSG00000172867	KRT33B
HsVcPPILacVa1	CCSBORF55855	2	CCSBORF6802	LW	1	800A>C	0	NC_000012.12:52650338:T:G	CCSBVarC016222	ENSP00000310861.3:p.Lys267Thr	KRT2	ENSG00000172867	KRT33B
HsVcPPILacVa1	CCSBORF7866	1	CCSBORF65	LW	1	REF	3	NULL	NULL	NULL	EFHC1	ENSG00000096093	KRT18
HsVcPPILacVa1	CCSBORF7866	1	CCSBORF65	LW	1	1180G>T	0	NC_000006.12:52469374:G:T	CCSBVarC001266	ENSP00000360107.4:p.Ala394Ser	EFHC1	ENSG00000096093	KRT18
HsVcPPILacVa1	CCSBORF7866	1	CCSBORF65	LW	1	1343T>C	2	NC_000006.12:52479100:T:C	CCSBVarC002921	ENSP00000360107.4:p.Met448Thr	EFHC1	ENSG00000096093	KRT18
HsVcPPILacVa1	CCSBORF7866	1	CCSBORF65	LW	1	1523C>G	0	NC_000006.12:52479669:C:G	CCSBVarC001267	ENSP00000360107.4:p.Thr508Arg	EFHC1	ENSG00000096093	KRT18
HsVcPPILacVa1	CCSBORF7866	1	CCSBORF65	LW	1	1820A>G	1	NC_000006.12:52490318:A:G	CCSBVarC017141	ENSP00000360107.4:p.Asn607Ser	EFHC1	ENSG00000096093	KRT18
HsVcPPILacVa1	CCSBORF7866	1	CCSBORF65	LW	1	229C>A	11	NC_000006.12:52424110:C:A	CCSBVarC001264	ENSP00000360107.4:p.Pro77Thr	EFHC1	ENSG00000096093	KRT18
HsVcPPILacVa1	CCSBORF7866	1	CCSBORF65	LW	1	475C>G	0	NC_000006.12:52438492:C:G	CCSBVarC017143	ENSP00000360107.4:p.Arg159Gly	EFHC1	ENSG00000096093	KRT18
HsVcPPILacVa1	CCSBORF7866	1	CCSBORF65	LW	1	475C>T	8	NC_000006.12:52438492:C:T	CCSBVarC002919	ENSP00000360107.4:p.Arg159Trp	EFHC1	ENSG00000096093	KRT18
HsVcPPILacVa1	CCSBORF7866	1	CCSBORF65	LW	1	520A>G	9	NC_000006.12:52438537:A:G	CCSBVarC003446	ENSP00000360107.4:p.Ile174Val	EFHC1	ENSG00000096093	KRT18
HsVcPPILacVa1	CCSBORF7866	1	CCSBORF65	LW	1	628G>A	0	NC_000006.12:52452741:G:A	CCSBVarC003447	ENSP00000360107.4:p.Asp210Asn	EFHC1	ENSG00000096093	KRT18
HsVcPPILacVa1	CCSBORF7866	1	CCSBORF65	LW	1	662G>A	1	NC_000006.12:52452775:G:A	CCSBVarC001265	ENSP00000360107.4:p.Arg221His	EFHC1	ENSG00000096093	KRT18
HsVcPPILacVa1	CCSBORF7866	1	CCSBORF65	LW	1	685T>C	0	NC_000006.12:52452798:T:C	CCSBVarC003448	ENSP00000360107.4:p.Phe229Leu	EFHC1	ENSG00000096093	KRT18
HsVcPPILacVa1	CCSBORF7866	1	CCSBORF65	LW	1	757G>T	0	NC_000006.12:52454127:G:T	CCSBVarC003449	ENSP00000360107.4:p.Asp253Tyr	EFHC1	ENSG00000096093	KRT18
HsVcPPILacVa1	CCSBORF7866	1	CCSBORF65	LW	1	776G>A	0	NC_000006.12:52454146:G:A	CCSBVarC003450	ENSP00000360107.4:p.Cys259Tyr	EFHC1	ENSG00000096093	KRT18
HsVcPPILacVa1	CCSBORF7866	1	CCSBORF9637	LW	1	REF	2235	NULL	NULL	NULL	EFHC1	ENSG00000096093	TRAF2
HsVcPPILacVa1	CCSBORF7866	1	CCSBORF9637	LW	1	1180G>T	20	NC_000006.12:52469374:G:T	CCSBVarC001266	ENSP00000360107.4:p.Ala394Ser	EFHC1	ENSG00000096093	TRAF2
HsVcPPILacVa1	CCSBORF7866	1	CCSBORF9637	LW	1	1343T>C	401	NC_000006.12:52479100:T:C	CCSBVarC002921	ENSP00000360107.4:p.Met448Thr	EFHC1	ENSG00000096093	TRAF2
HsVcPPILacVa1	CCSBORF7866	1	CCSBORF9637	LW	1	1523C>G	512	NC_000006.12:52479669:C:G	CCSBVarC001267	ENSP00000360107.4:p.Thr508Arg	EFHC1	ENSG00000096093	TRAF2
HsVcPPILacVa1	CCSBORF7866	1	CCSBORF9637	LW	1	1820A>G	231	NC_000006.12:52490318:A:G	CCSBVarC017141	ENSP00000360107.4:p.Asn607Ser	EFHC1	ENSG00000096093	TRAF2
HsVcPPILacVa1	CCSBORF7866	1	CCSBORF9637	LW	1	229C>A	6845	NC_000006.12:52424110:C:A	CCSBVarC001264	ENSP00000360107.4:p.Pro77Thr	EFHC1	ENSG00000096093	TRAF2
HsVcPPILacVa1	CCSBORF7866	1	CCSBORF9637	LW	1	475C>G	49	NC_000006.12:52438492:C:G	CCSBVarC017143	ENSP00000360107.4:p.Arg159Gly	EFHC1	ENSG00000096093	TRAF2
HsVcPPILacVa1	CCSBORF7866	1	CCSBORF9637	LW	1	475C>T	2141	NC_000006.12:52438492:C:T	CCSBVarC002919	ENSP00000360107.4:p.Arg159Trp	EFHC1	ENSG00000096093	TRAF2
HsVcPPILacVa1	CCSBORF7866	1	CCSBORF9637	LW	1	520A>G	3478	NC_000006.12:52438537:A:G	CCSBVarC003446	ENSP00000360107.4:p.Ile174Val	EFHC1	ENSG00000096093	TRAF2
HsVcPPILacVa1	CCSBORF7866	1	CCSBORF9637	LW	1	628G>A	126	NC_000006.12:52452741:G:A	CCSBVarC003447	ENSP00000360107.4:p.Asp210Asn	EFHC1	ENSG00000096093	TRAF2
HsVcPPILacVa1	CCSBORF7866	1	CCSBORF9637	LW	1	662G>A	31	NC_000006.12:52452775:G:A	CCSBVarC001265	ENSP00000360107.4:p.Arg221His	EFHC1	ENSG00000096093	TRAF2
HsVcPPILacVa1	CCSBORF7866	1	CCSBORF9637	LW	1	685T>C	26	NC_000006.12:52452798:T:C	CCSBVarC003448	ENSP00000360107.4:p.Phe229Leu	EFHC1	ENSG00000096093	TRAF2
HsVcPPILacVa1	CCSBORF7866	1	CCSBORF9637	LW	1	757G>T	13	NC_000006.12:52454127:G:T	CCSBVarC003449	ENSP00000360107.4:p.Asp253Tyr	EFHC1	ENSG00000096093	TRAF2
HsVcPPILacVa1	CCSBORF7866	1	CCSBORF9637	LW	1	776G>A	6	NC_000006.12:52454146:G:A	CCSBVarC003450	ENSP00000360107.4:p.Cys259Tyr	EFHC1	ENSG00000096093	TRAF2
HsVcPPILacVa1	CCSBORF55855	1	CCSBORF54668	LW	1	REF	30	NULL	NULL	NULL	KRT2	ENSG00000172867	KRT40
HsVcPPILacVa1	CCSBORF55855	1	CCSBORF54668	LW	1	1051G>A	127	NC_000012.12:52648243:C:T	CCSBVarC016094	ENSP00000310861.3:p.Glu351Lys	KRT2	ENSG00000172867	KRT40
HsVcPPILacVa1	CCSBORF55855	1	CCSBORF54668	LW	1	1070A>G	7	NC_000012.12:52648224:T:C	CCSBVarC016110	ENSP00000310861.3:p.Glu357Gly	KRT2	ENSG00000172867	KRT40
HsVcPPILacVa1	CCSBORF55855	1	CCSBORF54668	LW	1	1106C>T	0	NC_000012.12:52648188:G:A	CCSBVarC016116	ENSP00000310861.3:p.Ala369Val	KRT2	ENSG00000172867	KRT40
HsVcPPILacVa1	CCSBORF55855	1	CCSBORF54668	LW	1	1230C>G	1	NC_000012.12:52647747:G:C	CCSBVarC016120	ENSP00000310861.3:p.Ile410Met	KRT2	ENSG00000172867	KRT40
HsVcPPILacVa1	CCSBORF55855	1	CCSBORF54668	LW	1	1325T>G	47	NC_000012.12:52646883:A:C	CCSBVarC016123	ENSP00000310861.3:p.Leu442Trp	KRT2	ENSG00000172867	KRT40
HsVcPPILacVa1	CCSBORF55855	1	CCSBORF54668	LW	1	1435A>C	64	NC_000012.12:52646773:T:G	CCSBVarC003453	ENSP00000310861.3:p.Thr479Pro	KRT2	ENSG00000172867	KRT40
HsVcPPILacVa1	CCSBORF55855	1	CCSBORF54668	LW	1	1451T>C	18	NC_000012.12:52646757:A:G	CCSBVarC002477	ENSP00000310861.3:p.Leu484Pro	KRT2	ENSG00000172867	KRT40
HsVcPPILacVa1	CCSBORF55855	1	CCSBORF54668	LW	1	1480G>C	11	NC_000012.12:52645558:C:G	CCSBVarC016127	ENSP00000310861.3:p.Asp494His	KRT2	ENSG00000172867	KRT40
HsVcPPILacVa1	CCSBORF55855	1	CCSBORF54668	LW	1	1694C>T	12	NC_000012.12:52645244:G:A	CCSBVarC016132	ENSP00000310861.3:p.Ser565Phe	KRT2	ENSG00000172867	KRT40
HsVcPPILacVa1	CCSBORF55855	1	CCSBORF54668	LW	1	181C>T	3	NC_000012.12:52651961:G:A	CCSBVarC016138	ENSP00000310861.3:p.Arg61Trp	KRT2	ENSG00000172867	KRT40
HsVcPPILacVa1	CCSBORF55855	1	CCSBORF54668	LW	1	1869G>T	6	NC_000012.12:52645069:C:A	CCSBVarC016144	ENSP00000310861.3:p.Lys623Asn	KRT2	ENSG00000172867	KRT40
HsVcPPILacVa1	CCSBORF55855	1	CCSBORF54668	LW	1	1912T>C	8	NC_000012.12:52645026:A:G	CCSBVarC016151	ENSP00000310861.3:p.Phe638Leu	KRT2	ENSG00000172867	KRT40
HsVcPPILacVa1	CCSBORF55855	1	CCSBORF54668	LW	1	295G>A	17	NC_000012.12:52651847:C:T	CCSBVarC016158	ENSP00000310861.3:p.Gly99Ser	KRT2	ENSG00000172867	KRT40
HsVcPPILacVa1	CCSBORF55855	1	CCSBORF54668	LW	1	493G>A	0	NC_000012.12:52651649:C:T	CCSBVarC016179	ENSP00000310861.3:p.Val165Met	KRT2	ENSG00000172867	KRT40
HsVcPPILacVa1	CCSBORF55855	1	CCSBORF54668	LW	1	536G>A	14	NC_000012.12:52651606:C:T	CCSBVarC016211	ENSP00000310861.3:p.Arg179His	KRT2	ENSG00000172867	KRT40
HsVcPPILacVa1	CCSBORF55855	1	CCSBORF54668	LW	1	556A>T	26	NC_000012.12:52651586:T:A	CCSBVarC003451	ENSP00000310861.3:p.Asn186Tyr	KRT2	ENSG00000172867	KRT40
HsVcPPILacVa1	CCSBORF55855	1	CCSBORF54668	LW	1	558C>A	14	NC_000012.12:52651584:G:T	CCSBVarC002475	ENSP00000310861.3:p.Asn186Lys	KRT2	ENSG00000172867	KRT40
HsVcPPILacVa1	CCSBORF55855	1	CCSBORF54668	LW	1	710A>G	1	NC_000012.12:52650428:T:C	CCSBVarC016220	ENSP00000310861.3:p.Lys237Arg	KRT2	ENSG00000172867	KRT40
HsVcPPILacVa1	CCSBORF55855	1	CCSBORF54668	LW	1	767A>G	5	NC_000012.12:52650371:T:C	CCSBVarC012686	ENSP00000310861.3:p.Asn256Ser	KRT2	ENSG00000172867	KRT40
HsVcPPILacVa1	CCSBORF55855	1	CCSBORF54668	LW	1	865G>A	19	NC_000012.12:52649098:C:T	CCSBVarC016224	ENSP00000310861.3:p.Val289Met	KRT2	ENSG00000172867	KRT40
HsVcPPILacVa1	CCSBORF55855	2	CCSBORF56141	LW	1	REF	0	NULL	NULL	NULL	KRT2	ENSG00000172867	KRT31
HsVcPPILacVa1	CCSBORF55855	2	CCSBORF56141	LW	1	1066T>C	0	NC_000012.12:52648228:A:G	CCSBVarC016108	ENSP00000310861.3:p.Tyr356His	KRT2	ENSG00000172867	KRT31
HsVcPPILacVa1	CCSBORF55855	2	CCSBORF56141	LW	1	1094A>G	0	NC_000012.12:52648200:T:C	CCSBVarC016114	ENSP00000310861.3:p.Glu365Gly	KRT2	ENSG00000172867	KRT31
HsVcPPILacVa1	CCSBORF55855	2	CCSBORF56141	LW	1	1114C>A	0	NC_000012.12:52648180:G:T	CCSBVarC016118	ENSP00000310861.3:p.His372Asn	KRT2	ENSG00000172867	KRT31
HsVcPPILacVa1	CCSBORF55855	2	CCSBORF56141	LW	1	1249T>C	0	NC_000012.12:52646959:A:G	CCSBVarC016122	ENSP00000310861.3:p.Cys417Arg	KRT2	ENSG00000172867	KRT31
HsVcPPILacVa1	CCSBORF55855	2	CCSBORF56141	LW	1	1355C>G	0	NC_000012.12:52646853:G:C	CCSBVarC016125	ENSP00000310861.3:p.Ala452Gly	KRT2	ENSG00000172867	KRT31
HsVcPPILacVa1	CCSBORF55855	2	CCSBORF56141	LW	1	1427A>T	0	NC_000012.12:52646781:T:A	CCSBVarC003452	ENSP00000310861.3:p.Glu476Val	KRT2	ENSG00000172867	KRT31
HsVcPPILacVa1	CCSBORF55855	2	CCSBORF56141	LW	1	1430T>A	0	NC_000012.12:52646778:A:T	CCSBVarC002476	ENSP00000310861.3:p.Ile477Asn	KRT2	ENSG00000172867	KRT31
HsVcPPILacVa1	CCSBORF55855	2	CCSBORF56141	LW	1	1462G>A	0	NC_000012.12:52646746:C:T	CCSBVarC003454	ENSP00000310861.3:p.Glu488Lys	KRT2	ENSG00000172867	KRT31
HsVcPPILacVa1	CCSBORF55855	2	CCSBORF56141	LW	1	1618G>A	0	NC_000012.12:52645320:C:T	CCSBVarC016129	ENSP00000310861.3:p.Gly540Ser	KRT2	ENSG00000172867	KRT31
HsVcPPILacVa1	CCSBORF55855	2	CCSBORF56141	LW	1	1723T>G	0	NC_000012.12:52645215:A:C	CCSBVarC016135	ENSP00000310861.3:p.Ser575Ala	KRT2	ENSG00000172867	KRT31
HsVcPPILacVa1	CCSBORF55855	2	CCSBORF56141	LW	1	1813G>C	0	NC_000012.12:52645125:C:G	CCSBVarC016141	ENSP00000310861.3:p.Gly605Arg	KRT2	ENSG00000172867	KRT31
HsVcPPILacVa1	CCSBORF55855	2	CCSBORF56141	LW	1	1900G>A	0	NC_000012.12:52645038:C:T	CCSBVarC016148	ENSP00000310861.3:p.Val634Met	KRT2	ENSG00000172867	KRT31
HsVcPPILacVa1	CCSBORF55855	2	CCSBORF56141	LW	1	253G>A	0	NC_000012.12:52651889:C:T	CCSBVarC016156	ENSP00000310861.3:p.Ala85Thr	KRT2	ENSG00000172867	KRT31
HsVcPPILacVa1	CCSBORF55855	2	CCSBORF56141	LW	1	301A>G	0	NC_000012.12:52651841:T:C	CCSBVarC012695	ENSP00000310861.3:p.Ser101Gly	KRT2	ENSG00000172867	KRT31
HsVcPPILacVa1	CCSBORF55855	2	CCSBORF56141	LW	1	446G>T	0	NC_000012.12:52651696:C:A	CCSBVarC016164	ENSP00000310861.3:p.Gly149Val	KRT2	ENSG00000172867	KRT31
HsVcPPILacVa1	CCSBORF55855	2	CCSBORF56141	LW	1	52G>A	0	NC_000012.12:52652090:C:T	CCSBVarC016186	ENSP00000310861.3:p.Gly18Arg	KRT2	ENSG00000172867	KRT31
HsVcPPILacVa1	CCSBORF55855	2	CCSBORF56141	LW	1	542A>C	0	NC_000012.12:52651600:T:G	CCSBVarC002474	ENSP00000310861.3:p.Gln181Pro	KRT2	ENSG00000172867	KRT31
HsVcPPILacVa1	CCSBORF55855	2	CCSBORF56141	LW	1	656G>A	0	NC_000012.12:52650482:C:T	CCSBVarC002918	ENSP00000310861.3:p.Gly219Asp	KRT2	ENSG00000172867	KRT31
HsVcPPILacVa1	CCSBORF55855	2	CCSBORF56141	LW	1	659C>A	0	NC_000012.12:52650479:G:T	CCSBVarC016214	ENSP00000310861.3:p.Thr220Asn	KRT2	ENSG00000172867	KRT31
HsVcPPILacVa1	CCSBORF55855	2	CCSBORF56141	LW	1	800A>C	0	NC_000012.12:52650338:T:G	CCSBVarC016222	ENSP00000310861.3:p.Lys267Thr	KRT2	ENSG00000172867	KRT31
HsVcPPILacVa1	CCSBORF7866	1	CCSBORF1214	LW	1	REF	889	NULL	NULL	NULL	EFHC1	ENSG00000096093	KCTD4
HsVcPPILacVa1	CCSBORF7866	1	CCSBORF1214	LW	1	1180G>T	6	NC_000006.12:52469374:G:T	CCSBVarC001266	ENSP00000360107.4:p.Ala394Ser	EFHC1	ENSG00000096093	KCTD4
HsVcPPILacVa1	CCSBORF7866	1	CCSBORF1214	LW	1	1343T>C	247	NC_000006.12:52479100:T:C	CCSBVarC002921	ENSP00000360107.4:p.Met448Thr	EFHC1	ENSG00000096093	KCTD4
HsVcPPILacVa1	CCSBORF7866	1	CCSBORF1214	LW	1	1523C>G	601	NC_000006.12:52479669:C:G	CCSBVarC001267	ENSP00000360107.4:p.Thr508Arg	EFHC1	ENSG00000096093	KCTD4
HsVcPPILacVa1	CCSBORF7866	1	CCSBORF1214	LW	1	1820A>G	49	NC_000006.12:52490318:A:G	CCSBVarC017141	ENSP00000360107.4:p.Asn607Ser	EFHC1	ENSG00000096093	KCTD4
HsVcPPILacVa1	CCSBORF7866	1	CCSBORF1214	LW	1	229C>A	2001	NC_000006.12:52424110:C:A	CCSBVarC001264	ENSP00000360107.4:p.Pro77Thr	EFHC1	ENSG00000096093	KCTD4
HsVcPPILacVa1	CCSBORF7866	1	CCSBORF1214	LW	1	475C>G	55	NC_000006.12:52438492:C:G	CCSBVarC017143	ENSP00000360107.4:p.Arg159Gly	EFHC1	ENSG00000096093	KCTD4
HsVcPPILacVa1	CCSBORF7866	1	CCSBORF1214	LW	1	475C>T	1742	NC_000006.12:52438492:C:T	CCSBVarC002919	ENSP00000360107.4:p.Arg159Trp	EFHC1	ENSG00000096093	KCTD4
HsVcPPILacVa1	CCSBORF7866	1	CCSBORF1214	LW	1	520A>G	2953	NC_000006.12:52438537:A:G	CCSBVarC003446	ENSP00000360107.4:p.Ile174Val	EFHC1	ENSG00000096093	KCTD4
HsVcPPILacVa1	CCSBORF7866	1	CCSBORF1214	LW	1	628G>A	74	NC_000006.12:52452741:G:A	CCSBVarC003447	ENSP00000360107.4:p.Asp210Asn	EFHC1	ENSG00000096093	KCTD4
HsVcPPILacVa1	CCSBORF7866	1	CCSBORF1214	LW	1	662G>A	83	NC_000006.12:52452775:G:A	CCSBVarC001265	ENSP00000360107.4:p.Arg221His	EFHC1	ENSG00000096093	KCTD4
HsVcPPILacVa1	CCSBORF7866	1	CCSBORF1214	LW	1	685T>C	9	NC_000006.12:52452798:T:C	CCSBVarC003448	ENSP00000360107.4:p.Phe229Leu	EFHC1	ENSG00000096093	KCTD4
HsVcPPILacVa1	CCSBORF7866	1	CCSBORF1214	LW	1	757G>T	7	NC_000006.12:52454127:G:T	CCSBVarC003449	ENSP00000360107.4:p.Asp253Tyr	EFHC1	ENSG00000096093	KCTD4
HsVcPPILacVa1	CCSBORF7866	1	CCSBORF1214	LW	1	776G>A	6	NC_000006.12:52454146:G:A	CCSBVarC003450	ENSP00000360107.4:p.Cys259Tyr	EFHC1	ENSG00000096093	KCTD4
HsVcPPILacVa1	CCSBORF7866	1	CCSBORF5046	LW	1	REF	0	NULL	NULL	NULL	EFHC1	ENSG00000096093	NQO2
HsVcPPILacVa1	CCSBORF7866	1	CCSBORF5046	LW	1	1180G>T	0	NC_000006.12:52469374:G:T	CCSBVarC001266	ENSP00000360107.4:p.Ala394Ser	EFHC1	ENSG00000096093	NQO2
HsVcPPILacVa1	CCSBORF7866	1	CCSBORF5046	LW	1	1343T>C	0	NC_000006.12:52479100:T:C	CCSBVarC002921	ENSP00000360107.4:p.Met448Thr	EFHC1	ENSG00000096093	NQO2
HsVcPPILacVa1	CCSBORF7866	1	CCSBORF5046	LW	1	1523C>G	0	NC_000006.12:52479669:C:G	CCSBVarC001267	ENSP00000360107.4:p.Thr508Arg	EFHC1	ENSG00000096093	NQO2
HsVcPPILacVa1	CCSBORF7866	1	CCSBORF5046	LW	1	1820A>G	0	NC_000006.12:52490318:A:G	CCSBVarC017141	ENSP00000360107.4:p.Asn607Ser	EFHC1	ENSG00000096093	NQO2
HsVcPPILacVa1	CCSBORF7866	1	CCSBORF5046	LW	1	229C>A	0	NC_000006.12:52424110:C:A	CCSBVarC001264	ENSP00000360107.4:p.Pro77Thr	EFHC1	ENSG00000096093	NQO2
HsVcPPILacVa1	CCSBORF7866	1	CCSBORF5046	LW	1	475C>G	0	NC_000006.12:52438492:C:G	CCSBVarC017143	ENSP00000360107.4:p.Arg159Gly	EFHC1	ENSG00000096093	NQO2
HsVcPPILacVa1	CCSBORF7866	1	CCSBORF5046	LW	1	475C>T	0	NC_000006.12:52438492:C:T	CCSBVarC002919	ENSP00000360107.4:p.Arg159Trp	EFHC1	ENSG00000096093	NQO2
HsVcPPILacVa1	CCSBORF7866	1	CCSBORF5046	LW	1	520A>G	0	NC_000006.12:52438537:A:G	CCSBVarC003446	ENSP00000360107.4:p.Ile174Val	EFHC1	ENSG00000096093	NQO2
HsVcPPILacVa1	CCSBORF7866	1	CCSBORF5046	LW	1	628G>A	0	NC_000006.12:52452741:G:A	CCSBVarC003447	ENSP00000360107.4:p.Asp210Asn	EFHC1	ENSG00000096093	NQO2
HsVcPPILacVa1	CCSBORF7866	1	CCSBORF5046	LW	1	662G>A	0	NC_000006.12:52452775:G:A	CCSBVarC001265	ENSP00000360107.4:p.Arg221His	EFHC1	ENSG00000096093	NQO2
HsVcPPILacVa1	CCSBORF7866	1	CCSBORF5046	LW	1	685T>C	0	NC_000006.12:52452798:T:C	CCSBVarC003448	ENSP00000360107.4:p.Phe229Leu	EFHC1	ENSG00000096093	NQO2
HsVcPPILacVa1	CCSBORF7866	1	CCSBORF5046	LW	1	757G>T	0	NC_000006.12:52454127:G:T	CCSBVarC003449	ENSP00000360107.4:p.Asp253Tyr	EFHC1	ENSG00000096093	NQO2
HsVcPPILacVa1	CCSBORF7866	1	CCSBORF5046	LW	1	776G>A	0	NC_000006.12:52454146:G:A	CCSBVarC003450	ENSP00000360107.4:p.Cys259Tyr	EFHC1	ENSG00000096093	NQO2
HsVcPPILacVa1	CCSBORF55855	1	CCSBORF4105	LW	1	REF	394	NULL	NULL	NULL	KRT2	ENSG00000172867	KRT15
HsVcPPILacVa1	CCSBORF55855	1	CCSBORF4105	LW	1	1051G>A	1739	NC_000012.12:52648243:C:T	CCSBVarC016094	ENSP00000310861.3:p.Glu351Lys	KRT2	ENSG00000172867	KRT15
HsVcPPILacVa1	CCSBORF55855	1	CCSBORF4105	LW	1	1070A>G	298	NC_000012.12:52648224:T:C	CCSBVarC016110	ENSP00000310861.3:p.Glu357Gly	KRT2	ENSG00000172867	KRT15
HsVcPPILacVa1	CCSBORF55855	1	CCSBORF4105	LW	1	1106C>T	0	NC_000012.12:52648188:G:A	CCSBVarC016116	ENSP00000310861.3:p.Ala369Val	KRT2	ENSG00000172867	KRT15
HsVcPPILacVa1	CCSBORF55855	1	CCSBORF4105	LW	1	1230C>G	4	NC_000012.12:52647747:G:C	CCSBVarC016120	ENSP00000310861.3:p.Ile410Met	KRT2	ENSG00000172867	KRT15
HsVcPPILacVa1	CCSBORF55855	1	CCSBORF4105	LW	1	1325T>G	920	NC_000012.12:52646883:A:C	CCSBVarC016123	ENSP00000310861.3:p.Leu442Trp	KRT2	ENSG00000172867	KRT15
HsVcPPILacVa1	CCSBORF55855	1	CCSBORF4105	LW	1	1435A>C	1202	NC_000012.12:52646773:T:G	CCSBVarC003453	ENSP00000310861.3:p.Thr479Pro	KRT2	ENSG00000172867	KRT15
HsVcPPILacVa1	CCSBORF55855	1	CCSBORF4105	LW	1	1451T>C	325	NC_000012.12:52646757:A:G	CCSBVarC002477	ENSP00000310861.3:p.Leu484Pro	KRT2	ENSG00000172867	KRT15
HsVcPPILacVa1	CCSBORF55855	1	CCSBORF4105	LW	1	1480G>C	342	NC_000012.12:52645558:C:G	CCSBVarC016127	ENSP00000310861.3:p.Asp494His	KRT2	ENSG00000172867	KRT15
HsVcPPILacVa1	CCSBORF55855	1	CCSBORF4105	LW	1	1694C>T	287	NC_000012.12:52645244:G:A	CCSBVarC016132	ENSP00000310861.3:p.Ser565Phe	KRT2	ENSG00000172867	KRT15
HsVcPPILacVa1	CCSBORF55855	1	CCSBORF4105	LW	1	181C>T	38	NC_000012.12:52651961:G:A	CCSBVarC016138	ENSP00000310861.3:p.Arg61Trp	KRT2	ENSG00000172867	KRT15
HsVcPPILacVa1	CCSBORF55855	1	CCSBORF4105	LW	1	1869G>T	72	NC_000012.12:52645069:C:A	CCSBVarC016144	ENSP00000310861.3:p.Lys623Asn	KRT2	ENSG00000172867	KRT15
HsVcPPILacVa1	CCSBORF55855	1	CCSBORF4105	LW	1	1912T>C	55	NC_000012.12:52645026:A:G	CCSBVarC016151	ENSP00000310861.3:p.Phe638Leu	KRT2	ENSG00000172867	KRT15
HsVcPPILacVa1	CCSBORF55855	1	CCSBORF4105	LW	1	295G>A	75	NC_000012.12:52651847:C:T	CCSBVarC016158	ENSP00000310861.3:p.Gly99Ser	KRT2	ENSG00000172867	KRT15
HsVcPPILacVa1	CCSBORF55855	1	CCSBORF4105	LW	1	493G>A	8	NC_000012.12:52651649:C:T	CCSBVarC016179	ENSP00000310861.3:p.Val165Met	KRT2	ENSG00000172867	KRT15
HsVcPPILacVa1	CCSBORF55855	1	CCSBORF4105	LW	1	536G>A	147	NC_000012.12:52651606:C:T	CCSBVarC016211	ENSP00000310861.3:p.Arg179His	KRT2	ENSG00000172867	KRT15
HsVcPPILacVa1	CCSBORF55855	1	CCSBORF4105	LW	1	556A>T	202	NC_000012.12:52651586:T:A	CCSBVarC003451	ENSP00000310861.3:p.Asn186Tyr	KRT2	ENSG00000172867	KRT15
HsVcPPILacVa1	CCSBORF55855	1	CCSBORF4105	LW	1	558C>A	161	NC_000012.12:52651584:G:T	CCSBVarC002475	ENSP00000310861.3:p.Asn186Lys	KRT2	ENSG00000172867	KRT15
HsVcPPILacVa1	CCSBORF55855	1	CCSBORF4105	LW	1	710A>G	10	NC_000012.12:52650428:T:C	CCSBVarC016220	ENSP00000310861.3:p.Lys237Arg	KRT2	ENSG00000172867	KRT15
HsVcPPILacVa1	CCSBORF55855	1	CCSBORF4105	LW	1	767A>G	76	NC_000012.12:52650371:T:C	CCSBVarC012686	ENSP00000310861.3:p.Asn256Ser	KRT2	ENSG00000172867	KRT15
HsVcPPILacVa1	CCSBORF55855	1	CCSBORF4105	LW	1	865G>A	526	NC_000012.12:52649098:C:T	CCSBVarC016224	ENSP00000310861.3:p.Val289Met	KRT2	ENSG00000172867	KRT15
HsVcPPILacVa1	CCSBORF55855	2	CCSBORF54668	LW	1	REF	561	NULL	NULL	NULL	KRT2	ENSG00000172867	KRT40
HsVcPPILacVa1	CCSBORF55855	2	CCSBORF54668	LW	1	1066T>C	472	NC_000012.12:52648228:A:G	CCSBVarC016108	ENSP00000310861.3:p.Tyr356His	KRT2	ENSG00000172867	KRT40
HsVcPPILacVa1	CCSBORF55855	2	CCSBORF54668	LW	1	1094A>G	293	NC_000012.12:52648200:T:C	CCSBVarC016114	ENSP00000310861.3:p.Glu365Gly	KRT2	ENSG00000172867	KRT40
HsVcPPILacVa1	CCSBORF55855	2	CCSBORF54668	LW	1	1114C>A	221	NC_000012.12:52648180:G:T	CCSBVarC016118	ENSP00000310861.3:p.His372Asn	KRT2	ENSG00000172867	KRT40
HsVcPPILacVa1	CCSBORF55855	2	CCSBORF54668	LW	1	1249T>C	429	NC_000012.12:52646959:A:G	CCSBVarC016122	ENSP00000310861.3:p.Cys417Arg	KRT2	ENSG00000172867	KRT40
HsVcPPILacVa1	CCSBORF55855	2	CCSBORF54668	LW	1	1355C>G	120	NC_000012.12:52646853:G:C	CCSBVarC016125	ENSP00000310861.3:p.Ala452Gly	KRT2	ENSG00000172867	KRT40
HsVcPPILacVa1	CCSBORF55855	2	CCSBORF54668	LW	1	1427A>T	166	NC_000012.12:52646781:T:A	CCSBVarC003452	ENSP00000310861.3:p.Glu476Val	KRT2	ENSG00000172867	KRT40
HsVcPPILacVa1	CCSBORF55855	2	CCSBORF54668	LW	1	1430T>A	1	NC_000012.12:52646778:A:T	CCSBVarC002476	ENSP00000310861.3:p.Ile477Asn	KRT2	ENSG00000172867	KRT40
HsVcPPILacVa1	CCSBORF55855	2	CCSBORF54668	LW	1	1462G>A	134	NC_000012.12:52646746:C:T	CCSBVarC003454	ENSP00000310861.3:p.Glu488Lys	KRT2	ENSG00000172867	KRT40
HsVcPPILacVa1	CCSBORF55855	2	CCSBORF54668	LW	1	1618G>A	3	NC_000012.12:52645320:C:T	CCSBVarC016129	ENSP00000310861.3:p.Gly540Ser	KRT2	ENSG00000172867	KRT40
HsVcPPILacVa1	CCSBORF55855	2	CCSBORF54668	LW	1	1723T>G	42	NC_000012.12:52645215:A:C	CCSBVarC016135	ENSP00000310861.3:p.Ser575Ala	KRT2	ENSG00000172867	KRT40
HsVcPPILacVa1	CCSBORF55855	2	CCSBORF54668	LW	1	1813G>C	733	NC_000012.12:52645125:C:G	CCSBVarC016141	ENSP00000310861.3:p.Gly605Arg	KRT2	ENSG00000172867	KRT40
HsVcPPILacVa1	CCSBORF55855	2	CCSBORF54668	LW	1	1900G>A	545	NC_000012.12:52645038:C:T	CCSBVarC016148	ENSP00000310861.3:p.Val634Met	KRT2	ENSG00000172867	KRT40
HsVcPPILacVa1	CCSBORF55855	2	CCSBORF54668	LW	1	253G>A	2	NC_000012.12:52651889:C:T	CCSBVarC016156	ENSP00000310861.3:p.Ala85Thr	KRT2	ENSG00000172867	KRT40
HsVcPPILacVa1	CCSBORF55855	2	CCSBORF54668	LW	1	301A>G	406	NC_000012.12:52651841:T:C	CCSBVarC012695	ENSP00000310861.3:p.Ser101Gly	KRT2	ENSG00000172867	KRT40
HsVcPPILacVa1	CCSBORF55855	2	CCSBORF54668	LW	1	446G>T	1	NC_000012.12:52651696:C:A	CCSBVarC016164	ENSP00000310861.3:p.Gly149Val	KRT2	ENSG00000172867	KRT40
HsVcPPILacVa1	CCSBORF55855	2	CCSBORF54668	LW	1	52G>A	11	NC_000012.12:52652090:C:T	CCSBVarC016186	ENSP00000310861.3:p.Gly18Arg	KRT2	ENSG00000172867	KRT40
HsVcPPILacVa1	CCSBORF55855	2	CCSBORF54668	LW	1	542A>C	2170	NC_000012.12:52651600:T:G	CCSBVarC002474	ENSP00000310861.3:p.Gln181Pro	KRT2	ENSG00000172867	KRT40
HsVcPPILacVa1	CCSBORF55855	2	CCSBORF54668	LW	1	656G>A	158	NC_000012.12:52650482:C:T	CCSBVarC002918	ENSP00000310861.3:p.Gly219Asp	KRT2	ENSG00000172867	KRT40
HsVcPPILacVa1	CCSBORF55855	2	CCSBORF54668	LW	1	659C>A	82	NC_000012.12:52650479:G:T	CCSBVarC016214	ENSP00000310861.3:p.Thr220Asn	KRT2	ENSG00000172867	KRT40
HsVcPPILacVa1	CCSBORF55855	2	CCSBORF54668	LW	1	800A>C	0	NC_000012.12:52650338:T:G	CCSBVarC016222	ENSP00000310861.3:p.Lys267Thr	KRT2	ENSG00000172867	KRT40
HsVcPPILacVa1	CCSBORF7866	1	CCSBORF201	LW	1	REF	930	NULL	NULL	NULL	EFHC1	ENSG00000096093	ZBED1
HsVcPPILacVa1	CCSBORF7866	1	CCSBORF201	LW	1	1180G>T	11	NC_000006.12:52469374:G:T	CCSBVarC001266	ENSP00000360107.4:p.Ala394Ser	EFHC1	ENSG00000096093	ZBED1
HsVcPPILacVa1	CCSBORF7866	1	CCSBORF201	LW	1	1343T>C	229	NC_000006.12:52479100:T:C	CCSBVarC002921	ENSP00000360107.4:p.Met448Thr	EFHC1	ENSG00000096093	ZBED1
HsVcPPILacVa1	CCSBORF7866	1	CCSBORF201	LW	1	1523C>G	434	NC_000006.12:52479669:C:G	CCSBVarC001267	ENSP00000360107.4:p.Thr508Arg	EFHC1	ENSG00000096093	ZBED1
HsVcPPILacVa1	CCSBORF7866	1	CCSBORF201	LW	1	1820A>G	93	NC_000006.12:52490318:A:G	CCSBVarC017141	ENSP00000360107.4:p.Asn607Ser	EFHC1	ENSG00000096093	ZBED1
HsVcPPILacVa1	CCSBORF7866	1	CCSBORF201	LW	1	229C>A	2345	NC_000006.12:52424110:C:A	CCSBVarC001264	ENSP00000360107.4:p.Pro77Thr	EFHC1	ENSG00000096093	ZBED1
HsVcPPILacVa1	CCSBORF7866	1	CCSBORF201	LW	1	475C>G	53	NC_000006.12:52438492:C:G	CCSBVarC017143	ENSP00000360107.4:p.Arg159Gly	EFHC1	ENSG00000096093	ZBED1
HsVcPPILacVa1	CCSBORF7866	1	CCSBORF201	LW	1	475C>T	2162	NC_000006.12:52438492:C:T	CCSBVarC002919	ENSP00000360107.4:p.Arg159Trp	EFHC1	ENSG00000096093	ZBED1
HsVcPPILacVa1	CCSBORF7866	1	CCSBORF201	LW	1	520A>G	2331	NC_000006.12:52438537:A:G	CCSBVarC003446	ENSP00000360107.4:p.Ile174Val	EFHC1	ENSG00000096093	ZBED1
HsVcPPILacVa1	CCSBORF7866	1	CCSBORF201	LW	1	628G>A	121	NC_000006.12:52452741:G:A	CCSBVarC003447	ENSP00000360107.4:p.Asp210Asn	EFHC1	ENSG00000096093	ZBED1
HsVcPPILacVa1	CCSBORF7866	1	CCSBORF201	LW	1	662G>A	152	NC_000006.12:52452775:G:A	CCSBVarC001265	ENSP00000360107.4:p.Arg221His	EFHC1	ENSG00000096093	ZBED1
HsVcPPILacVa1	CCSBORF7866	1	CCSBORF201	LW	1	685T>C	30	NC_000006.12:52452798:T:C	CCSBVarC003448	ENSP00000360107.4:p.Phe229Leu	EFHC1	ENSG00000096093	ZBED1
HsVcPPILacVa1	CCSBORF7866	1	CCSBORF201	LW	1	757G>T	4	NC_000006.12:52454127:G:T	CCSBVarC003449	ENSP00000360107.4:p.Asp253Tyr	EFHC1	ENSG00000096093	ZBED1
HsVcPPILacVa1	CCSBORF7866	1	CCSBORF201	LW	1	776G>A	2	NC_000006.12:52454146:G:A	CCSBVarC003450	ENSP00000360107.4:p.Cys259Tyr	EFHC1	ENSG00000096093	ZBED1
HsVcPPILacVa1	CCSBORF7866	1	CCSBORF10016	LW	1	REF	0	NULL	NULL	NULL	EFHC1	ENSG00000096093	IKZF3
HsVcPPILacVa1	CCSBORF7866	1	CCSBORF10016	LW	1	1180G>T	0	NC_000006.12:52469374:G:T	CCSBVarC001266	ENSP00000360107.4:p.Ala394Ser	EFHC1	ENSG00000096093	IKZF3
HsVcPPILacVa1	CCSBORF7866	1	CCSBORF10016	LW	1	1343T>C	0	NC_000006.12:52479100:T:C	CCSBVarC002921	ENSP00000360107.4:p.Met448Thr	EFHC1	ENSG00000096093	IKZF3
HsVcPPILacVa1	CCSBORF7866	1	CCSBORF10016	LW	1	1523C>G	1	NC_000006.12:52479669:C:G	CCSBVarC001267	ENSP00000360107.4:p.Thr508Arg	EFHC1	ENSG00000096093	IKZF3
HsVcPPILacVa1	CCSBORF7866	1	CCSBORF10016	LW	1	1820A>G	0	NC_000006.12:52490318:A:G	CCSBVarC017141	ENSP00000360107.4:p.Asn607Ser	EFHC1	ENSG00000096093	IKZF3
HsVcPPILacVa1	CCSBORF7866	1	CCSBORF10016	LW	1	229C>A	0	NC_000006.12:52424110:C:A	CCSBVarC001264	ENSP00000360107.4:p.Pro77Thr	EFHC1	ENSG00000096093	IKZF3
HsVcPPILacVa1	CCSBORF7866	1	CCSBORF10016	LW	1	475C>G	0	NC_000006.12:52438492:C:G	CCSBVarC017143	ENSP00000360107.4:p.Arg159Gly	EFHC1	ENSG00000096093	IKZF3
HsVcPPILacVa1	CCSBORF7866	1	CCSBORF10016	LW	1	475C>T	0	NC_000006.12:52438492:C:T	CCSBVarC002919	ENSP00000360107.4:p.Arg159Trp	EFHC1	ENSG00000096093	IKZF3
HsVcPPILacVa1	CCSBORF7866	1	CCSBORF10016	LW	1	520A>G	0	NC_000006.12:52438537:A:G	CCSBVarC003446	ENSP00000360107.4:p.Ile174Val	EFHC1	ENSG00000096093	IKZF3
HsVcPPILacVa1	CCSBORF7866	1	CCSBORF10016	LW	1	628G>A	0	NC_000006.12:52452741:G:A	CCSBVarC003447	ENSP00000360107.4:p.Asp210Asn	EFHC1	ENSG00000096093	IKZF3
HsVcPPILacVa1	CCSBORF7866	1	CCSBORF10016	LW	1	662G>A	0	NC_000006.12:52452775:G:A	CCSBVarC001265	ENSP00000360107.4:p.Arg221His	EFHC1	ENSG00000096093	IKZF3
HsVcPPILacVa1	CCSBORF7866	1	CCSBORF10016	LW	1	685T>C	0	NC_000006.12:52452798:T:C	CCSBVarC003448	ENSP00000360107.4:p.Phe229Leu	EFHC1	ENSG00000096093	IKZF3
HsVcPPILacVa1	CCSBORF7866	1	CCSBORF10016	LW	1	757G>T	0	NC_000006.12:52454127:G:T	CCSBVarC003449	ENSP00000360107.4:p.Asp253Tyr	EFHC1	ENSG00000096093	IKZF3
HsVcPPILacVa1	CCSBORF7866	1	CCSBORF10016	LW	1	776G>A	0	NC_000006.12:52454146:G:A	CCSBVarC003450	ENSP00000360107.4:p.Cys259Tyr	EFHC1	ENSG00000096093	IKZF3
HsVcPPILacVa1	CCSBORF55855	1	CCSBORF100014396	LW	1	REF	302	NULL	NULL	NULL	KRT2	ENSG00000172867	KRT35
HsVcPPILacVa1	CCSBORF55855	1	CCSBORF100014396	LW	1	1051G>A	1274	NC_000012.12:52648243:C:T	CCSBVarC016094	ENSP00000310861.3:p.Glu351Lys	KRT2	ENSG00000172867	KRT35
HsVcPPILacVa1	CCSBORF55855	1	CCSBORF100014396	LW	1	1070A>G	155	NC_000012.12:52648224:T:C	CCSBVarC016110	ENSP00000310861.3:p.Glu357Gly	KRT2	ENSG00000172867	KRT35
HsVcPPILacVa1	CCSBORF55855	1	CCSBORF100014396	LW	1	1106C>T	1	NC_000012.12:52648188:G:A	CCSBVarC016116	ENSP00000310861.3:p.Ala369Val	KRT2	ENSG00000172867	KRT35
HsVcPPILacVa1	CCSBORF55855	1	CCSBORF100014396	LW	1	1230C>G	5	NC_000012.12:52647747:G:C	CCSBVarC016120	ENSP00000310861.3:p.Ile410Met	KRT2	ENSG00000172867	KRT35
HsVcPPILacVa1	CCSBORF55855	1	CCSBORF100014396	LW	1	1325T>G	683	NC_000012.12:52646883:A:C	CCSBVarC016123	ENSP00000310861.3:p.Leu442Trp	KRT2	ENSG00000172867	KRT35
HsVcPPILacVa1	CCSBORF55855	1	CCSBORF100014396	LW	1	1435A>C	925	NC_000012.12:52646773:T:G	CCSBVarC003453	ENSP00000310861.3:p.Thr479Pro	KRT2	ENSG00000172867	KRT35
HsVcPPILacVa1	CCSBORF55855	1	CCSBORF100014396	LW	1	1451T>C	299	NC_000012.12:52646757:A:G	CCSBVarC002477	ENSP00000310861.3:p.Leu484Pro	KRT2	ENSG00000172867	KRT35
HsVcPPILacVa1	CCSBORF55855	1	CCSBORF100014396	LW	1	1480G>C	224	NC_000012.12:52645558:C:G	CCSBVarC016127	ENSP00000310861.3:p.Asp494His	KRT2	ENSG00000172867	KRT35
HsVcPPILacVa1	CCSBORF55855	1	CCSBORF100014396	LW	1	1694C>T	233	NC_000012.12:52645244:G:A	CCSBVarC016132	ENSP00000310861.3:p.Ser565Phe	KRT2	ENSG00000172867	KRT35
HsVcPPILacVa1	CCSBORF55855	1	CCSBORF100014396	LW	1	181C>T	15	NC_000012.12:52651961:G:A	CCSBVarC016138	ENSP00000310861.3:p.Arg61Trp	KRT2	ENSG00000172867	KRT35
HsVcPPILacVa1	CCSBORF55855	1	CCSBORF100014396	LW	1	1869G>T	136	NC_000012.12:52645069:C:A	CCSBVarC016144	ENSP00000310861.3:p.Lys623Asn	KRT2	ENSG00000172867	KRT35
HsVcPPILacVa1	CCSBORF55855	1	CCSBORF100014396	LW	1	1912T>C	18	NC_000012.12:52645026:A:G	CCSBVarC016151	ENSP00000310861.3:p.Phe638Leu	KRT2	ENSG00000172867	KRT35
HsVcPPILacVa1	CCSBORF55855	1	CCSBORF100014396	LW	1	295G>A	71	NC_000012.12:52651847:C:T	CCSBVarC016158	ENSP00000310861.3:p.Gly99Ser	KRT2	ENSG00000172867	KRT35
HsVcPPILacVa1	CCSBORF55855	1	CCSBORF100014396	LW	1	493G>A	1	NC_000012.12:52651649:C:T	CCSBVarC016179	ENSP00000310861.3:p.Val165Met	KRT2	ENSG00000172867	KRT35
HsVcPPILacVa1	CCSBORF55855	1	CCSBORF100014396	LW	1	536G>A	193	NC_000012.12:52651606:C:T	CCSBVarC016211	ENSP00000310861.3:p.Arg179His	KRT2	ENSG00000172867	KRT35
HsVcPPILacVa1	CCSBORF55855	1	CCSBORF100014396	LW	1	556A>T	238	NC_000012.12:52651586:T:A	CCSBVarC003451	ENSP00000310861.3:p.Asn186Tyr	KRT2	ENSG00000172867	KRT35
HsVcPPILacVa1	CCSBORF55855	1	CCSBORF100014396	LW	1	558C>A	221	NC_000012.12:52651584:G:T	CCSBVarC002475	ENSP00000310861.3:p.Asn186Lys	KRT2	ENSG00000172867	KRT35
HsVcPPILacVa1	CCSBORF55855	1	CCSBORF100014396	LW	1	710A>G	2	NC_000012.12:52650428:T:C	CCSBVarC016220	ENSP00000310861.3:p.Lys237Arg	KRT2	ENSG00000172867	KRT35
HsVcPPILacVa1	CCSBORF55855	1	CCSBORF100014396	LW	1	767A>G	113	NC_000012.12:52650371:T:C	CCSBVarC012686	ENSP00000310861.3:p.Asn256Ser	KRT2	ENSG00000172867	KRT35
HsVcPPILacVa1	CCSBORF55855	1	CCSBORF100014396	LW	1	865G>A	233	NC_000012.12:52649098:C:T	CCSBVarC016224	ENSP00000310861.3:p.Val289Met	KRT2	ENSG00000172867	KRT35
HsVcPPILacVa1	CCSBORF55855	2	CCSBORF4105	LW	1	REF	351	NULL	NULL	NULL	KRT2	ENSG00000172867	KRT15
HsVcPPILacVa1	CCSBORF55855	2	CCSBORF4105	LW	1	1066T>C	75	NC_000012.12:52648228:A:G	CCSBVarC016108	ENSP00000310861.3:p.Tyr356His	KRT2	ENSG00000172867	KRT15
HsVcPPILacVa1	CCSBORF55855	2	CCSBORF4105	LW	1	1094A>G	121	NC_000012.12:52648200:T:C	CCSBVarC016114	ENSP00000310861.3:p.Glu365Gly	KRT2	ENSG00000172867	KRT15
HsVcPPILacVa1	CCSBORF55855	2	CCSBORF4105	LW	1	1114C>A	79	NC_000012.12:52648180:G:T	CCSBVarC016118	ENSP00000310861.3:p.His372Asn	KRT2	ENSG00000172867	KRT15
HsVcPPILacVa1	CCSBORF55855	2	CCSBORF4105	LW	1	1249T>C	301	NC_000012.12:52646959:A:G	CCSBVarC016122	ENSP00000310861.3:p.Cys417Arg	KRT2	ENSG00000172867	KRT15
HsVcPPILacVa1	CCSBORF55855	2	CCSBORF4105	LW	1	1355C>G	49	NC_000012.12:52646853:G:C	CCSBVarC016125	ENSP00000310861.3:p.Ala452Gly	KRT2	ENSG00000172867	KRT15
HsVcPPILacVa1	CCSBORF55855	2	CCSBORF4105	LW	1	1427A>T	67	NC_000012.12:52646781:T:A	CCSBVarC003452	ENSP00000310861.3:p.Glu476Val	KRT2	ENSG00000172867	KRT15
HsVcPPILacVa1	CCSBORF55855	2	CCSBORF4105	LW	1	1430T>A	0	NC_000012.12:52646778:A:T	CCSBVarC002476	ENSP00000310861.3:p.Ile477Asn	KRT2	ENSG00000172867	KRT15
HsVcPPILacVa1	CCSBORF55855	2	CCSBORF4105	LW	1	1462G>A	17	NC_000012.12:52646746:C:T	CCSBVarC003454	ENSP00000310861.3:p.Glu488Lys	KRT2	ENSG00000172867	KRT15
HsVcPPILacVa1	CCSBORF55855	2	CCSBORF4105	LW	1	1618G>A	0	NC_000012.12:52645320:C:T	CCSBVarC016129	ENSP00000310861.3:p.Gly540Ser	KRT2	ENSG00000172867	KRT15
HsVcPPILacVa1	CCSBORF55855	2	CCSBORF4105	LW	1	1723T>G	12	NC_000012.12:52645215:A:C	CCSBVarC016135	ENSP00000310861.3:p.Ser575Ala	KRT2	ENSG00000172867	KRT15
HsVcPPILacVa1	CCSBORF55855	2	CCSBORF4105	LW	1	1813G>C	418	NC_000012.12:52645125:C:G	CCSBVarC016141	ENSP00000310861.3:p.Gly605Arg	KRT2	ENSG00000172867	KRT15
HsVcPPILacVa1	CCSBORF55855	2	CCSBORF4105	LW	1	1900G>A	266	NC_000012.12:52645038:C:T	CCSBVarC016148	ENSP00000310861.3:p.Val634Met	KRT2	ENSG00000172867	KRT15
HsVcPPILacVa1	CCSBORF55855	2	CCSBORF4105	LW	1	253G>A	1	NC_000012.12:52651889:C:T	CCSBVarC016156	ENSP00000310861.3:p.Ala85Thr	KRT2	ENSG00000172867	KRT15
HsVcPPILacVa1	CCSBORF55855	2	CCSBORF4105	LW	1	301A>G	248	NC_000012.12:52651841:T:C	CCSBVarC012695	ENSP00000310861.3:p.Ser101Gly	KRT2	ENSG00000172867	KRT15
HsVcPPILacVa1	CCSBORF55855	2	CCSBORF4105	LW	1	446G>T	1	NC_000012.12:52651696:C:A	CCSBVarC016164	ENSP00000310861.3:p.Gly149Val	KRT2	ENSG00000172867	KRT15
HsVcPPILacVa1	CCSBORF55855	2	CCSBORF4105	LW	1	52G>A	3	NC_000012.12:52652090:C:T	CCSBVarC016186	ENSP00000310861.3:p.Gly18Arg	KRT2	ENSG00000172867	KRT15
HsVcPPILacVa1	CCSBORF55855	2	CCSBORF4105	LW	1	542A>C	1154	NC_000012.12:52651600:T:G	CCSBVarC002474	ENSP00000310861.3:p.Gln181Pro	KRT2	ENSG00000172867	KRT15
HsVcPPILacVa1	CCSBORF55855	2	CCSBORF4105	LW	1	656G>A	48	NC_000012.12:52650482:C:T	CCSBVarC002918	ENSP00000310861.3:p.Gly219Asp	KRT2	ENSG00000172867	KRT15
HsVcPPILacVa1	CCSBORF55855	2	CCSBORF4105	LW	1	659C>A	1	NC_000012.12:52650479:G:T	CCSBVarC016214	ENSP00000310861.3:p.Thr220Asn	KRT2	ENSG00000172867	KRT15
HsVcPPILacVa1	CCSBORF55855	2	CCSBORF4105	LW	1	800A>C	2	NC_000012.12:52650338:T:G	CCSBVarC016222	ENSP00000310861.3:p.Lys267Thr	KRT2	ENSG00000172867	KRT15
HsVcPPILacVa1	CCSBORF7866	1	CCSBORF2098	LW	1	REF	1059	NULL	NULL	NULL	EFHC1	ENSG00000096093	EFHC2
HsVcPPILacVa1	CCSBORF7866	1	CCSBORF2098	LW	1	1180G>T	4	NC_000006.12:52469374:G:T	CCSBVarC001266	ENSP00000360107.4:p.Ala394Ser	EFHC1	ENSG00000096093	EFHC2
HsVcPPILacVa1	CCSBORF7866	1	CCSBORF2098	LW	1	1343T>C	165	NC_000006.12:52479100:T:C	CCSBVarC002921	ENSP00000360107.4:p.Met448Thr	EFHC1	ENSG00000096093	EFHC2
HsVcPPILacVa1	CCSBORF7866	1	CCSBORF2098	LW	1	1523C>G	661	NC_000006.12:52479669:C:G	CCSBVarC001267	ENSP00000360107.4:p.Thr508Arg	EFHC1	ENSG00000096093	EFHC2
HsVcPPILacVa1	CCSBORF7866	1	CCSBORF2098	LW	1	1820A>G	60	NC_000006.12:52490318:A:G	CCSBVarC017141	ENSP00000360107.4:p.Asn607Ser	EFHC1	ENSG00000096093	EFHC2
HsVcPPILacVa1	CCSBORF7866	1	CCSBORF2098	LW	1	229C>A	2779	NC_000006.12:52424110:C:A	CCSBVarC001264	ENSP00000360107.4:p.Pro77Thr	EFHC1	ENSG00000096093	EFHC2
HsVcPPILacVa1	CCSBORF7866	1	CCSBORF2098	LW	1	475C>G	181	NC_000006.12:52438492:C:G	CCSBVarC017143	ENSP00000360107.4:p.Arg159Gly	EFHC1	ENSG00000096093	EFHC2
HsVcPPILacVa1	CCSBORF7866	1	CCSBORF2098	LW	1	475C>T	2372	NC_000006.12:52438492:C:T	CCSBVarC002919	ENSP00000360107.4:p.Arg159Trp	EFHC1	ENSG00000096093	EFHC2
HsVcPPILacVa1	CCSBORF7866	1	CCSBORF2098	LW	1	520A>G	3736	NC_000006.12:52438537:A:G	CCSBVarC003446	ENSP00000360107.4:p.Ile174Val	EFHC1	ENSG00000096093	EFHC2
HsVcPPILacVa1	CCSBORF7866	1	CCSBORF2098	LW	1	628G>A	162	NC_000006.12:52452741:G:A	CCSBVarC003447	ENSP00000360107.4:p.Asp210Asn	EFHC1	ENSG00000096093	EFHC2
HsVcPPILacVa1	CCSBORF7866	1	CCSBORF2098	LW	1	662G>A	48	NC_000006.12:52452775:G:A	CCSBVarC001265	ENSP00000360107.4:p.Arg221His	EFHC1	ENSG00000096093	EFHC2
HsVcPPILacVa1	CCSBORF7866	1	CCSBORF2098	LW	1	685T>C	32	NC_000006.12:52452798:T:C	CCSBVarC003448	ENSP00000360107.4:p.Phe229Leu	EFHC1	ENSG00000096093	EFHC2
HsVcPPILacVa1	CCSBORF7866	1	CCSBORF2098	LW	1	757G>T	12	NC_000006.12:52454127:G:T	CCSBVarC003449	ENSP00000360107.4:p.Asp253Tyr	EFHC1	ENSG00000096093	EFHC2
HsVcPPILacVa1	CCSBORF7866	1	CCSBORF2098	LW	1	776G>A	3	NC_000006.12:52454146:G:A	CCSBVarC003450	ENSP00000360107.4:p.Cys259Tyr	EFHC1	ENSG00000096093	EFHC2
HsVcPPILacVa1	CCSBORF7866	1	CCSBORF2104	LW	1	REF	410	NULL	NULL	NULL	EFHC1	ENSG00000096093	TEX11
HsVcPPILacVa1	CCSBORF7866	1	CCSBORF2104	LW	1	1180G>T	2	NC_000006.12:52469374:G:T	CCSBVarC001266	ENSP00000360107.4:p.Ala394Ser	EFHC1	ENSG00000096093	TEX11
HsVcPPILacVa1	CCSBORF7866	1	CCSBORF2104	LW	1	1343T>C	123	NC_000006.12:52479100:T:C	CCSBVarC002921	ENSP00000360107.4:p.Met448Thr	EFHC1	ENSG00000096093	TEX11
HsVcPPILacVa1	CCSBORF7866	1	CCSBORF2104	LW	1	1523C>G	206	NC_000006.12:52479669:C:G	CCSBVarC001267	ENSP00000360107.4:p.Thr508Arg	EFHC1	ENSG00000096093	TEX11
HsVcPPILacVa1	CCSBORF7866	1	CCSBORF2104	LW	1	1820A>G	41	NC_000006.12:52490318:A:G	CCSBVarC017141	ENSP00000360107.4:p.Asn607Ser	EFHC1	ENSG00000096093	TEX11
HsVcPPILacVa1	CCSBORF7866	1	CCSBORF2104	LW	1	229C>A	1195	NC_000006.12:52424110:C:A	CCSBVarC001264	ENSP00000360107.4:p.Pro77Thr	EFHC1	ENSG00000096093	TEX11
HsVcPPILacVa1	CCSBORF7866	1	CCSBORF2104	LW	1	475C>G	30	NC_000006.12:52438492:C:G	CCSBVarC017143	ENSP00000360107.4:p.Arg159Gly	EFHC1	ENSG00000096093	TEX11
HsVcPPILacVa1	CCSBORF7866	1	CCSBORF2104	LW	1	475C>T	869	NC_000006.12:52438492:C:T	CCSBVarC002919	ENSP00000360107.4:p.Arg159Trp	EFHC1	ENSG00000096093	TEX11
HsVcPPILacVa1	CCSBORF7866	1	CCSBORF2104	LW	1	520A>G	1384	NC_000006.12:52438537:A:G	CCSBVarC003446	ENSP00000360107.4:p.Ile174Val	EFHC1	ENSG00000096093	TEX11
HsVcPPILacVa1	CCSBORF7866	1	CCSBORF2104	LW	1	628G>A	54	NC_000006.12:52452741:G:A	CCSBVarC003447	ENSP00000360107.4:p.Asp210Asn	EFHC1	ENSG00000096093	TEX11
HsVcPPILacVa1	CCSBORF7866	1	CCSBORF2104	LW	1	662G>A	57	NC_000006.12:52452775:G:A	CCSBVarC001265	ENSP00000360107.4:p.Arg221His	EFHC1	ENSG00000096093	TEX11
HsVcPPILacVa1	CCSBORF7866	1	CCSBORF2104	LW	1	685T>C	0	NC_000006.12:52452798:T:C	CCSBVarC003448	ENSP00000360107.4:p.Phe229Leu	EFHC1	ENSG00000096093	TEX11
HsVcPPILacVa1	CCSBORF7866	1	CCSBORF2104	LW	1	757G>T	5	NC_000006.12:52454127:G:T	CCSBVarC003449	ENSP00000360107.4:p.Asp253Tyr	EFHC1	ENSG00000096093	TEX11
HsVcPPILacVa1	CCSBORF7866	1	CCSBORF2104	LW	1	776G>A	0	NC_000006.12:52454146:G:A	CCSBVarC003450	ENSP00000360107.4:p.Cys259Tyr	EFHC1	ENSG00000096093	TEX11
HsVcPPILacVa1	CCSBORF55855	1	CCSBORF100066360	LW	3	REF	354	NULL	NULL	NULL	KRT2	ENSG00000172867	KRT27
HsVcPPILacVa1	CCSBORF55855	1	CCSBORF100066360	LW	3	1051G>A	530	NC_000012.12:52648243:C:T	CCSBVarC016094	ENSP00000310861.3:p.Glu351Lys	KRT2	ENSG00000172867	KRT27
HsVcPPILacVa1	CCSBORF55855	1	CCSBORF100066360	LW	3	1070A>G	35	NC_000012.12:52648224:T:C	CCSBVarC016110	ENSP00000310861.3:p.Glu357Gly	KRT2	ENSG00000172867	KRT27
HsVcPPILacVa1	CCSBORF55855	1	CCSBORF100066360	LW	3	1106C>T	1	NC_000012.12:52648188:G:A	CCSBVarC016116	ENSP00000310861.3:p.Ala369Val	KRT2	ENSG00000172867	KRT27
HsVcPPILacVa1	CCSBORF55855	1	CCSBORF100066360	LW	3	1230C>G	4	NC_000012.12:52647747:G:C	CCSBVarC016120	ENSP00000310861.3:p.Ile410Met	KRT2	ENSG00000172867	KRT27
HsVcPPILacVa1	CCSBORF55855	1	CCSBORF100066360	LW	3	1325T>G	308	NC_000012.12:52646883:A:C	CCSBVarC016123	ENSP00000310861.3:p.Leu442Trp	KRT2	ENSG00000172867	KRT27
HsVcPPILacVa1	CCSBORF55855	1	CCSBORF100066360	LW	3	1435A>C	672	NC_000012.12:52646773:T:G	CCSBVarC003453	ENSP00000310861.3:p.Thr479Pro	KRT2	ENSG00000172867	KRT27
HsVcPPILacVa1	CCSBORF55855	1	CCSBORF100066360	LW	3	1451T>C	121	NC_000012.12:52646757:A:G	CCSBVarC002477	ENSP00000310861.3:p.Leu484Pro	KRT2	ENSG00000172867	KRT27
HsVcPPILacVa1	CCSBORF55855	1	CCSBORF100066360	LW	3	1480G>C	126	NC_000012.12:52645558:C:G	CCSBVarC016127	ENSP00000310861.3:p.Asp494His	KRT2	ENSG00000172867	KRT27
HsVcPPILacVa1	CCSBORF55855	1	CCSBORF100066360	LW	3	1694C>T	106	NC_000012.12:52645244:G:A	CCSBVarC016132	ENSP00000310861.3:p.Ser565Phe	KRT2	ENSG00000172867	KRT27
HsVcPPILacVa1	CCSBORF55855	1	CCSBORF100066360	LW	3	181C>T	8	NC_000012.12:52651961:G:A	CCSBVarC016138	ENSP00000310861.3:p.Arg61Trp	KRT2	ENSG00000172867	KRT27
HsVcPPILacVa1	CCSBORF55855	1	CCSBORF100066360	LW	3	1869G>T	56	NC_000012.12:52645069:C:A	CCSBVarC016144	ENSP00000310861.3:p.Lys623Asn	KRT2	ENSG00000172867	KRT27
HsVcPPILacVa1	CCSBORF55855	1	CCSBORF100066360	LW	3	1912T>C	16	NC_000012.12:52645026:A:G	CCSBVarC016151	ENSP00000310861.3:p.Phe638Leu	KRT2	ENSG00000172867	KRT27
HsVcPPILacVa1	CCSBORF55855	1	CCSBORF100066360	LW	3	295G>A	29	NC_000012.12:52651847:C:T	CCSBVarC016158	ENSP00000310861.3:p.Gly99Ser	KRT2	ENSG00000172867	KRT27
HsVcPPILacVa1	CCSBORF55855	1	CCSBORF100066360	LW	3	493G>A	0	NC_000012.12:52651649:C:T	CCSBVarC016179	ENSP00000310861.3:p.Val165Met	KRT2	ENSG00000172867	KRT27
HsVcPPILacVa1	CCSBORF55855	1	CCSBORF100066360	LW	3	536G>A	55	NC_000012.12:52651606:C:T	CCSBVarC016211	ENSP00000310861.3:p.Arg179His	KRT2	ENSG00000172867	KRT27
HsVcPPILacVa1	CCSBORF55855	1	CCSBORF100066360	LW	3	556A>T	179	NC_000012.12:52651586:T:A	CCSBVarC003451	ENSP00000310861.3:p.Asn186Tyr	KRT2	ENSG00000172867	KRT27
HsVcPPILacVa1	CCSBORF55855	1	CCSBORF100066360	LW	3	558C>A	104	NC_000012.12:52651584:G:T	CCSBVarC002475	ENSP00000310861.3:p.Asn186Lys	KRT2	ENSG00000172867	KRT27
HsVcPPILacVa1	CCSBORF55855	1	CCSBORF100066360	LW	3	710A>G	33	NC_000012.12:52650428:T:C	CCSBVarC016220	ENSP00000310861.3:p.Lys237Arg	KRT2	ENSG00000172867	KRT27
HsVcPPILacVa1	CCSBORF55855	1	CCSBORF100066360	LW	3	767A>G	24	NC_000012.12:52650371:T:C	CCSBVarC012686	ENSP00000310861.3:p.Asn256Ser	KRT2	ENSG00000172867	KRT27
HsVcPPILacVa1	CCSBORF55855	1	CCSBORF100066360	LW	3	865G>A	102	NC_000012.12:52649098:C:T	CCSBVarC016224	ENSP00000310861.3:p.Val289Met	KRT2	ENSG00000172867	KRT27
HsVcPPILacVa1	CCSBORF55855	1	CCSBORF0	LW	3	REF	630	NULL	NULL	NULL	KRT2	ENSG00000172867	empty_AD
HsVcPPILacVa1	CCSBORF55855	1	CCSBORF0	LW	3	1051G>A	1987	NC_000012.12:52648243:C:T	CCSBVarC016094	ENSP00000310861.3:p.Glu351Lys	KRT2	ENSG00000172867	empty_AD
HsVcPPILacVa1	CCSBORF55855	1	CCSBORF0	LW	3	1070A>G	330	NC_000012.12:52648224:T:C	CCSBVarC016110	ENSP00000310861.3:p.Glu357Gly	KRT2	ENSG00000172867	empty_AD
HsVcPPILacVa1	CCSBORF55855	1	CCSBORF0	LW	3	1106C>T	1	NC_000012.12:52648188:G:A	CCSBVarC016116	ENSP00000310861.3:p.Ala369Val	KRT2	ENSG00000172867	empty_AD
HsVcPPILacVa1	CCSBORF55855	1	CCSBORF0	LW	3	1230C>G	12	NC_000012.12:52647747:G:C	CCSBVarC016120	ENSP00000310861.3:p.Ile410Met	KRT2	ENSG00000172867	empty_AD
HsVcPPILacVa1	CCSBORF55855	1	CCSBORF0	LW	3	1325T>G	892	NC_000012.12:52646883:A:C	CCSBVarC016123	ENSP00000310861.3:p.Leu442Trp	KRT2	ENSG00000172867	empty_AD
HsVcPPILacVa1	CCSBORF55855	1	CCSBORF0	LW	3	1435A>C	1609	NC_000012.12:52646773:T:G	CCSBVarC003453	ENSP00000310861.3:p.Thr479Pro	KRT2	ENSG00000172867	empty_AD
HsVcPPILacVa1	CCSBORF55855	1	CCSBORF0	LW	3	1451T>C	413	NC_000012.12:52646757:A:G	CCSBVarC002477	ENSP00000310861.3:p.Leu484Pro	KRT2	ENSG00000172867	empty_AD
HsVcPPILacVa1	CCSBORF55855	1	CCSBORF0	LW	3	1480G>C	324	NC_000012.12:52645558:C:G	CCSBVarC016127	ENSP00000310861.3:p.Asp494His	KRT2	ENSG00000172867	empty_AD
HsVcPPILacVa1	CCSBORF55855	1	CCSBORF0	LW	3	1694C>T	410	NC_000012.12:52645244:G:A	CCSBVarC016132	ENSP00000310861.3:p.Ser565Phe	KRT2	ENSG00000172867	empty_AD
HsVcPPILacVa1	CCSBORF55855	1	CCSBORF0	LW	3	181C>T	34	NC_000012.12:52651961:G:A	CCSBVarC016138	ENSP00000310861.3:p.Arg61Trp	KRT2	ENSG00000172867	empty_AD
HsVcPPILacVa1	CCSBORF55855	1	CCSBORF0	LW	3	1869G>T	85	NC_000012.12:52645069:C:A	CCSBVarC016144	ENSP00000310861.3:p.Lys623Asn	KRT2	ENSG00000172867	empty_AD
HsVcPPILacVa1	CCSBORF55855	1	CCSBORF0	LW	3	1912T>C	81	NC_000012.12:52645026:A:G	CCSBVarC016151	ENSP00000310861.3:p.Phe638Leu	KRT2	ENSG00000172867	empty_AD
HsVcPPILacVa1	CCSBORF55855	1	CCSBORF0	LW	3	295G>A	134	NC_000012.12:52651847:C:T	CCSBVarC016158	ENSP00000310861.3:p.Gly99Ser	KRT2	ENSG00000172867	empty_AD
HsVcPPILacVa1	CCSBORF55855	1	CCSBORF0	LW	3	493G>A	1	NC_000012.12:52651649:C:T	CCSBVarC016179	ENSP00000310861.3:p.Val165Met	KRT2	ENSG00000172867	empty_AD
HsVcPPILacVa1	CCSBORF55855	1	CCSBORF0	LW	3	536G>A	190	NC_000012.12:52651606:C:T	CCSBVarC016211	ENSP00000310861.3:p.Arg179His	KRT2	ENSG00000172867	empty_AD
HsVcPPILacVa1	CCSBORF55855	1	CCSBORF0	LW	3	556A>T	505	NC_000012.12:52651586:T:A	CCSBVarC003451	ENSP00000310861.3:p.Asn186Tyr	KRT2	ENSG00000172867	empty_AD
HsVcPPILacVa1	CCSBORF55855	1	CCSBORF0	LW	3	558C>A	322	NC_000012.12:52651584:G:T	CCSBVarC002475	ENSP00000310861.3:p.Asn186Lys	KRT2	ENSG00000172867	empty_AD
HsVcPPILacVa1	CCSBORF55855	1	CCSBORF0	LW	3	710A>G	53	NC_000012.12:52650428:T:C	CCSBVarC016220	ENSP00000310861.3:p.Lys237Arg	KRT2	ENSG00000172867	empty_AD
HsVcPPILacVa1	CCSBORF55855	1	CCSBORF0	LW	3	767A>G	38	NC_000012.12:52650371:T:C	CCSBVarC012686	ENSP00000310861.3:p.Asn256Ser	KRT2	ENSG00000172867	empty_AD
HsVcPPILacVa1	CCSBORF55855	1	CCSBORF0	LW	3	865G>A	537	NC_000012.12:52649098:C:T	CCSBVarC016224	ENSP00000310861.3:p.Val289Met	KRT2	ENSG00000172867	empty_AD
HsVcPPILacVa1	CCSBORF55855	2	CCSBORF100014396	LW	3	REF	1204	NULL	NULL	NULL	KRT2	ENSG00000172867	KRT35
HsVcPPILacVa1	CCSBORF55855	2	CCSBORF100014396	LW	3	1066T>C	330	NC_000012.12:52648228:A:G	CCSBVarC016108	ENSP00000310861.3:p.Tyr356His	KRT2	ENSG00000172867	KRT35
HsVcPPILacVa1	CCSBORF55855	2	CCSBORF100014396	LW	3	1094A>G	776	NC_000012.12:52648200:T:C	CCSBVarC016114	ENSP00000310861.3:p.Glu365Gly	KRT2	ENSG00000172867	KRT35
HsVcPPILacVa1	CCSBORF55855	2	CCSBORF100014396	LW	3	1114C>A	223	NC_000012.12:52648180:G:T	CCSBVarC016118	ENSP00000310861.3:p.His372Asn	KRT2	ENSG00000172867	KRT35
HsVcPPILacVa1	CCSBORF55855	2	CCSBORF100014396	LW	3	1249T>C	1241	NC_000012.12:52646959:A:G	CCSBVarC016122	ENSP00000310861.3:p.Cys417Arg	KRT2	ENSG00000172867	KRT35
HsVcPPILacVa1	CCSBORF55855	2	CCSBORF100014396	LW	3	1355C>G	102	NC_000012.12:52646853:G:C	CCSBVarC016125	ENSP00000310861.3:p.Ala452Gly	KRT2	ENSG00000172867	KRT35
HsVcPPILacVa1	CCSBORF55855	2	CCSBORF100014396	LW	3	1427A>T	205	NC_000012.12:52646781:T:A	CCSBVarC003452	ENSP00000310861.3:p.Glu476Val	KRT2	ENSG00000172867	KRT35
HsVcPPILacVa1	CCSBORF55855	2	CCSBORF100014396	LW	3	1430T>A	0	NC_000012.12:52646778:A:T	CCSBVarC002476	ENSP00000310861.3:p.Ile477Asn	KRT2	ENSG00000172867	KRT35
HsVcPPILacVa1	CCSBORF55855	2	CCSBORF100014396	LW	3	1462G>A	382	NC_000012.12:52646746:C:T	CCSBVarC003454	ENSP00000310861.3:p.Glu488Lys	KRT2	ENSG00000172867	KRT35
HsVcPPILacVa1	CCSBORF55855	2	CCSBORF100014396	LW	3	1618G>A	4	NC_000012.12:52645320:C:T	CCSBVarC016129	ENSP00000310861.3:p.Gly540Ser	KRT2	ENSG00000172867	KRT35
HsVcPPILacVa1	CCSBORF55855	2	CCSBORF100014396	LW	3	1723T>G	103	NC_000012.12:52645215:A:C	CCSBVarC016135	ENSP00000310861.3:p.Ser575Ala	KRT2	ENSG00000172867	KRT35
HsVcPPILacVa1	CCSBORF55855	2	CCSBORF100014396	LW	3	1813G>C	1523	NC_000012.12:52645125:C:G	CCSBVarC016141	ENSP00000310861.3:p.Gly605Arg	KRT2	ENSG00000172867	KRT35
HsVcPPILacVa1	CCSBORF55855	2	CCSBORF100014396	LW	3	1900G>A	1675	NC_000012.12:52645038:C:T	CCSBVarC016148	ENSP00000310861.3:p.Val634Met	KRT2	ENSG00000172867	KRT35
HsVcPPILacVa1	CCSBORF55855	2	CCSBORF100014396	LW	3	253G>A	5	NC_000012.12:52651889:C:T	CCSBVarC016156	ENSP00000310861.3:p.Ala85Thr	KRT2	ENSG00000172867	KRT35
HsVcPPILacVa1	CCSBORF55855	2	CCSBORF100014396	LW	3	301A>G	688	NC_000012.12:52651841:T:C	CCSBVarC012695	ENSP00000310861.3:p.Ser101Gly	KRT2	ENSG00000172867	KRT35
HsVcPPILacVa1	CCSBORF55855	2	CCSBORF100014396	LW	3	446G>T	2	NC_000012.12:52651696:C:A	CCSBVarC016164	ENSP00000310861.3:p.Gly149Val	KRT2	ENSG00000172867	KRT35
HsVcPPILacVa1	CCSBORF55855	2	CCSBORF100014396	LW	3	52G>A	38	NC_000012.12:52652090:C:T	CCSBVarC016186	ENSP00000310861.3:p.Gly18Arg	KRT2	ENSG00000172867	KRT35
HsVcPPILacVa1	CCSBORF55855	2	CCSBORF100014396	LW	3	542A>C	4197	NC_000012.12:52651600:T:G	CCSBVarC002474	ENSP00000310861.3:p.Gln181Pro	KRT2	ENSG00000172867	KRT35
HsVcPPILacVa1	CCSBORF55855	2	CCSBORF100014396	LW	3	656G>A	82	NC_000012.12:52650482:C:T	CCSBVarC002918	ENSP00000310861.3:p.Gly219Asp	KRT2	ENSG00000172867	KRT35
HsVcPPILacVa1	CCSBORF55855	2	CCSBORF100014396	LW	3	659C>A	149	NC_000012.12:52650479:G:T	CCSBVarC016214	ENSP00000310861.3:p.Thr220Asn	KRT2	ENSG00000172867	KRT35
HsVcPPILacVa1	CCSBORF55855	2	CCSBORF100014396	LW	3	800A>C	2	NC_000012.12:52650338:T:G	CCSBVarC016222	ENSP00000310861.3:p.Lys267Thr	KRT2	ENSG00000172867	KRT35
HsVcPPILacVa1	CCSBORF7866	1	CCSBORF14996	LW	3	REF	1762	NULL	NULL	NULL	EFHC1	ENSG00000096093	PBX2
HsVcPPILacVa1	CCSBORF7866	1	CCSBORF14996	LW	3	1180G>T	22	NC_000006.12:52469374:G:T	CCSBVarC001266	ENSP00000360107.4:p.Ala394Ser	EFHC1	ENSG00000096093	PBX2
HsVcPPILacVa1	CCSBORF7866	1	CCSBORF14996	LW	3	1343T>C	171	NC_000006.12:52479100:T:C	CCSBVarC002921	ENSP00000360107.4:p.Met448Thr	EFHC1	ENSG00000096093	PBX2
HsVcPPILacVa1	CCSBORF7866	1	CCSBORF14996	LW	3	1523C>G	319	NC_000006.12:52479669:C:G	CCSBVarC001267	ENSP00000360107.4:p.Thr508Arg	EFHC1	ENSG00000096093	PBX2
HsVcPPILacVa1	CCSBORF7866	1	CCSBORF14996	LW	3	1820A>G	40	NC_000006.12:52490318:A:G	CCSBVarC017141	ENSP00000360107.4:p.Asn607Ser	EFHC1	ENSG00000096093	PBX2
HsVcPPILacVa1	CCSBORF7866	1	CCSBORF14996	LW	3	229C>A	2690	NC_000006.12:52424110:C:A	CCSBVarC001264	ENSP00000360107.4:p.Pro77Thr	EFHC1	ENSG00000096093	PBX2
HsVcPPILacVa1	CCSBORF7866	1	CCSBORF14996	LW	3	475C>G	36	NC_000006.12:52438492:C:G	CCSBVarC017143	ENSP00000360107.4:p.Arg159Gly	EFHC1	ENSG00000096093	PBX2
HsVcPPILacVa1	CCSBORF7866	1	CCSBORF14996	LW	3	475C>T	1867	NC_000006.12:52438492:C:T	CCSBVarC002919	ENSP00000360107.4:p.Arg159Trp	EFHC1	ENSG00000096093	PBX2
HsVcPPILacVa1	CCSBORF7866	1	CCSBORF14996	LW	3	520A>G	2712	NC_000006.12:52438537:A:G	CCSBVarC003446	ENSP00000360107.4:p.Ile174Val	EFHC1	ENSG00000096093	PBX2
HsVcPPILacVa1	CCSBORF7866	1	CCSBORF14996	LW	3	628G>A	206	NC_000006.12:52452741:G:A	CCSBVarC003447	ENSP00000360107.4:p.Asp210Asn	EFHC1	ENSG00000096093	PBX2
HsVcPPILacVa1	CCSBORF7866	1	CCSBORF14996	LW	3	662G>A	97	NC_000006.12:52452775:G:A	CCSBVarC001265	ENSP00000360107.4:p.Arg221His	EFHC1	ENSG00000096093	PBX2
HsVcPPILacVa1	CCSBORF7866	1	CCSBORF14996	LW	3	685T>C	18	NC_000006.12:52452798:T:C	CCSBVarC003448	ENSP00000360107.4:p.Phe229Leu	EFHC1	ENSG00000096093	PBX2
HsVcPPILacVa1	CCSBORF7866	1	CCSBORF14996	LW	3	757G>T	7	NC_000006.12:52454127:G:T	CCSBVarC003449	ENSP00000360107.4:p.Asp253Tyr	EFHC1	ENSG00000096093	PBX2
HsVcPPILacVa1	CCSBORF7866	1	CCSBORF14996	LW	3	776G>A	7	NC_000006.12:52454146:G:A	CCSBVarC003450	ENSP00000360107.4:p.Cys259Tyr	EFHC1	ENSG00000096093	PBX2
HsVcPPILacVa1	CCSBORF7866	1	CCSBORF100009072	LW	3	REF	2511	NULL	NULL	NULL	EFHC1	ENSG00000096093	PAX6
HsVcPPILacVa1	CCSBORF7866	1	CCSBORF100009072	LW	3	1180G>T	27	NC_000006.12:52469374:G:T	CCSBVarC001266	ENSP00000360107.4:p.Ala394Ser	EFHC1	ENSG00000096093	PAX6
HsVcPPILacVa1	CCSBORF7866	1	CCSBORF100009072	LW	3	1343T>C	626	NC_000006.12:52479100:T:C	CCSBVarC002921	ENSP00000360107.4:p.Met448Thr	EFHC1	ENSG00000096093	PAX6
HsVcPPILacVa1	CCSBORF7866	1	CCSBORF100009072	LW	3	1523C>G	668	NC_000006.12:52479669:C:G	CCSBVarC001267	ENSP00000360107.4:p.Thr508Arg	EFHC1	ENSG00000096093	PAX6
HsVcPPILacVa1	CCSBORF7866	1	CCSBORF100009072	LW	3	1820A>G	158	NC_000006.12:52490318:A:G	CCSBVarC017141	ENSP00000360107.4:p.Asn607Ser	EFHC1	ENSG00000096093	PAX6
HsVcPPILacVa1	CCSBORF7866	1	CCSBORF100009072	LW	3	229C>A	4887	NC_000006.12:52424110:C:A	CCSBVarC001264	ENSP00000360107.4:p.Pro77Thr	EFHC1	ENSG00000096093	PAX6
HsVcPPILacVa1	CCSBORF7866	1	CCSBORF100009072	LW	3	475C>G	127	NC_000006.12:52438492:C:G	CCSBVarC017143	ENSP00000360107.4:p.Arg159Gly	EFHC1	ENSG00000096093	PAX6
HsVcPPILacVa1	CCSBORF7866	1	CCSBORF100009072	LW	3	475C>T	3313	NC_000006.12:52438492:C:T	CCSBVarC002919	ENSP00000360107.4:p.Arg159Trp	EFHC1	ENSG00000096093	PAX6
HsVcPPILacVa1	CCSBORF7866	1	CCSBORF100009072	LW	3	520A>G	4761	NC_000006.12:52438537:A:G	CCSBVarC003446	ENSP00000360107.4:p.Ile174Val	EFHC1	ENSG00000096093	PAX6
HsVcPPILacVa1	CCSBORF7866	1	CCSBORF100009072	LW	3	628G>A	226	NC_000006.12:52452741:G:A	CCSBVarC003447	ENSP00000360107.4:p.Asp210Asn	EFHC1	ENSG00000096093	PAX6
HsVcPPILacVa1	CCSBORF7866	1	CCSBORF100009072	LW	3	662G>A	241	NC_000006.12:52452775:G:A	CCSBVarC001265	ENSP00000360107.4:p.Arg221His	EFHC1	ENSG00000096093	PAX6
HsVcPPILacVa1	CCSBORF7866	1	CCSBORF100009072	LW	3	685T>C	31	NC_000006.12:52452798:T:C	CCSBVarC003448	ENSP00000360107.4:p.Phe229Leu	EFHC1	ENSG00000096093	PAX6
HsVcPPILacVa1	CCSBORF7866	1	CCSBORF100009072	LW	3	757G>T	9	NC_000006.12:52454127:G:T	CCSBVarC003449	ENSP00000360107.4:p.Asp253Tyr	EFHC1	ENSG00000096093	PAX6
HsVcPPILacVa1	CCSBORF7866	1	CCSBORF100009072	LW	3	776G>A	11	NC_000006.12:52454146:G:A	CCSBVarC003450	ENSP00000360107.4:p.Cys259Tyr	EFHC1	ENSG00000096093	PAX6
HsVcPPILacVa1	CCSBORF55855	1	CCSBORF100011278	LW	3	REF	330	NULL	NULL	NULL	KRT2	ENSG00000172867	KRT16
HsVcPPILacVa1	CCSBORF55855	1	CCSBORF100011278	LW	3	1051G>A	1415	NC_000012.12:52648243:C:T	CCSBVarC016094	ENSP00000310861.3:p.Glu351Lys	KRT2	ENSG00000172867	KRT16
HsVcPPILacVa1	CCSBORF55855	1	CCSBORF100011278	LW	3	1070A>G	191	NC_000012.12:52648224:T:C	CCSBVarC016110	ENSP00000310861.3:p.Glu357Gly	KRT2	ENSG00000172867	KRT16
HsVcPPILacVa1	CCSBORF55855	1	CCSBORF100011278	LW	3	1106C>T	0	NC_000012.12:52648188:G:A	CCSBVarC016116	ENSP00000310861.3:p.Ala369Val	KRT2	ENSG00000172867	KRT16
HsVcPPILacVa1	CCSBORF55855	1	CCSBORF100011278	LW	3	1230C>G	6	NC_000012.12:52647747:G:C	CCSBVarC016120	ENSP00000310861.3:p.Ile410Met	KRT2	ENSG00000172867	KRT16
HsVcPPILacVa1	CCSBORF55855	1	CCSBORF100011278	LW	3	1325T>G	807	NC_000012.12:52646883:A:C	CCSBVarC016123	ENSP00000310861.3:p.Leu442Trp	KRT2	ENSG00000172867	KRT16
HsVcPPILacVa1	CCSBORF55855	1	CCSBORF100011278	LW	3	1435A>C	1096	NC_000012.12:52646773:T:G	CCSBVarC003453	ENSP00000310861.3:p.Thr479Pro	KRT2	ENSG00000172867	KRT16
HsVcPPILacVa1	CCSBORF55855	1	CCSBORF100011278	LW	3	1451T>C	414	NC_000012.12:52646757:A:G	CCSBVarC002477	ENSP00000310861.3:p.Leu484Pro	KRT2	ENSG00000172867	KRT16
HsVcPPILacVa1	CCSBORF55855	1	CCSBORF100011278	LW	3	1480G>C	248	NC_000012.12:52645558:C:G	CCSBVarC016127	ENSP00000310861.3:p.Asp494His	KRT2	ENSG00000172867	KRT16
HsVcPPILacVa1	CCSBORF55855	1	CCSBORF100011278	LW	3	1694C>T	282	NC_000012.12:52645244:G:A	CCSBVarC016132	ENSP00000310861.3:p.Ser565Phe	KRT2	ENSG00000172867	KRT16
HsVcPPILacVa1	CCSBORF55855	1	CCSBORF100011278	LW	3	181C>T	59	NC_000012.12:52651961:G:A	CCSBVarC016138	ENSP00000310861.3:p.Arg61Trp	KRT2	ENSG00000172867	KRT16
HsVcPPILacVa1	CCSBORF55855	1	CCSBORF100011278	LW	3	1869G>T	78	NC_000012.12:52645069:C:A	CCSBVarC016144	ENSP00000310861.3:p.Lys623Asn	KRT2	ENSG00000172867	KRT16
HsVcPPILacVa1	CCSBORF55855	1	CCSBORF100011278	LW	3	1912T>C	58	NC_000012.12:52645026:A:G	CCSBVarC016151	ENSP00000310861.3:p.Phe638Leu	KRT2	ENSG00000172867	KRT16
HsVcPPILacVa1	CCSBORF55855	1	CCSBORF100011278	LW	3	295G>A	119	NC_000012.12:52651847:C:T	CCSBVarC016158	ENSP00000310861.3:p.Gly99Ser	KRT2	ENSG00000172867	KRT16
HsVcPPILacVa1	CCSBORF55855	1	CCSBORF100011278	LW	3	493G>A	11	NC_000012.12:52651649:C:T	CCSBVarC016179	ENSP00000310861.3:p.Val165Met	KRT2	ENSG00000172867	KRT16
HsVcPPILacVa1	CCSBORF55855	1	CCSBORF100011278	LW	3	536G>A	144	NC_000012.12:52651606:C:T	CCSBVarC016211	ENSP00000310861.3:p.Arg179His	KRT2	ENSG00000172867	KRT16
HsVcPPILacVa1	CCSBORF55855	1	CCSBORF100011278	LW	3	556A>T	435	NC_000012.12:52651586:T:A	CCSBVarC003451	ENSP00000310861.3:p.Asn186Tyr	KRT2	ENSG00000172867	KRT16
HsVcPPILacVa1	CCSBORF55855	1	CCSBORF100011278	LW	3	558C>A	267	NC_000012.12:52651584:G:T	CCSBVarC002475	ENSP00000310861.3:p.Asn186Lys	KRT2	ENSG00000172867	KRT16
HsVcPPILacVa1	CCSBORF55855	1	CCSBORF100011278	LW	3	710A>G	45	NC_000012.12:52650428:T:C	CCSBVarC016220	ENSP00000310861.3:p.Lys237Arg	KRT2	ENSG00000172867	KRT16
HsVcPPILacVa1	CCSBORF55855	1	CCSBORF100011278	LW	3	767A>G	130	NC_000012.12:52650371:T:C	CCSBVarC012686	ENSP00000310861.3:p.Asn256Ser	KRT2	ENSG00000172867	KRT16
HsVcPPILacVa1	CCSBORF55855	1	CCSBORF100011278	LW	3	865G>A	502	NC_000012.12:52649098:C:T	CCSBVarC016224	ENSP00000310861.3:p.Val289Met	KRT2	ENSG00000172867	KRT16
HsVcPPILacVa1	CCSBORF55855	2	CCSBORF100066360	LW	3	REF	631	NULL	NULL	NULL	KRT2	ENSG00000172867	KRT27
HsVcPPILacVa1	CCSBORF55855	2	CCSBORF100066360	LW	3	1066T>C	168	NC_000012.12:52648228:A:G	CCSBVarC016108	ENSP00000310861.3:p.Tyr356His	KRT2	ENSG00000172867	KRT27
HsVcPPILacVa1	CCSBORF55855	2	CCSBORF100066360	LW	3	1094A>G	291	NC_000012.12:52648200:T:C	CCSBVarC016114	ENSP00000310861.3:p.Glu365Gly	KRT2	ENSG00000172867	KRT27
HsVcPPILacVa1	CCSBORF55855	2	CCSBORF100066360	LW	3	1114C>A	142	NC_000012.12:52648180:G:T	CCSBVarC016118	ENSP00000310861.3:p.His372Asn	KRT2	ENSG00000172867	KRT27
HsVcPPILacVa1	CCSBORF55855	2	CCSBORF100066360	LW	3	1249T>C	564	NC_000012.12:52646959:A:G	CCSBVarC016122	ENSP00000310861.3:p.Cys417Arg	KRT2	ENSG00000172867	KRT27
HsVcPPILacVa1	CCSBORF55855	2	CCSBORF100066360	LW	3	1355C>G	142	NC_000012.12:52646853:G:C	CCSBVarC016125	ENSP00000310861.3:p.Ala452Gly	KRT2	ENSG00000172867	KRT27
HsVcPPILacVa1	CCSBORF55855	2	CCSBORF100066360	LW	3	1427A>T	76	NC_000012.12:52646781:T:A	CCSBVarC003452	ENSP00000310861.3:p.Glu476Val	KRT2	ENSG00000172867	KRT27
HsVcPPILacVa1	CCSBORF55855	2	CCSBORF100066360	LW	3	1430T>A	0	NC_000012.12:52646778:A:T	CCSBVarC002476	ENSP00000310861.3:p.Ile477Asn	KRT2	ENSG00000172867	KRT27
HsVcPPILacVa1	CCSBORF55855	2	CCSBORF100066360	LW	3	1462G>A	234	NC_000012.12:52646746:C:T	CCSBVarC003454	ENSP00000310861.3:p.Glu488Lys	KRT2	ENSG00000172867	KRT27
HsVcPPILacVa1	CCSBORF55855	2	CCSBORF100066360	LW	3	1618G>A	1	NC_000012.12:52645320:C:T	CCSBVarC016129	ENSP00000310861.3:p.Gly540Ser	KRT2	ENSG00000172867	KRT27
HsVcPPILacVa1	CCSBORF55855	2	CCSBORF100066360	LW	3	1723T>G	79	NC_000012.12:52645215:A:C	CCSBVarC016135	ENSP00000310861.3:p.Ser575Ala	KRT2	ENSG00000172867	KRT27
HsVcPPILacVa1	CCSBORF55855	2	CCSBORF100066360	LW	3	1813G>C	820	NC_000012.12:52645125:C:G	CCSBVarC016141	ENSP00000310861.3:p.Gly605Arg	KRT2	ENSG00000172867	KRT27
HsVcPPILacVa1	CCSBORF55855	2	CCSBORF100066360	LW	3	1900G>A	705	NC_000012.12:52645038:C:T	CCSBVarC016148	ENSP00000310861.3:p.Val634Met	KRT2	ENSG00000172867	KRT27
HsVcPPILacVa1	CCSBORF55855	2	CCSBORF100066360	LW	3	253G>A	5	NC_000012.12:52651889:C:T	CCSBVarC016156	ENSP00000310861.3:p.Ala85Thr	KRT2	ENSG00000172867	KRT27
HsVcPPILacVa1	CCSBORF55855	2	CCSBORF100066360	LW	3	301A>G	322	NC_000012.12:52651841:T:C	CCSBVarC012695	ENSP00000310861.3:p.Ser101Gly	KRT2	ENSG00000172867	KRT27
HsVcPPILacVa1	CCSBORF55855	2	CCSBORF100066360	LW	3	446G>T	3	NC_000012.12:52651696:C:A	CCSBVarC016164	ENSP00000310861.3:p.Gly149Val	KRT2	ENSG00000172867	KRT27
HsVcPPILacVa1	CCSBORF55855	2	CCSBORF100066360	LW	3	52G>A	23	NC_000012.12:52652090:C:T	CCSBVarC016186	ENSP00000310861.3:p.Gly18Arg	KRT2	ENSG00000172867	KRT27
HsVcPPILacVa1	CCSBORF55855	2	CCSBORF100066360	LW	3	542A>C	2424	NC_000012.12:52651600:T:G	CCSBVarC002474	ENSP00000310861.3:p.Gln181Pro	KRT2	ENSG00000172867	KRT27
HsVcPPILacVa1	CCSBORF55855	2	CCSBORF100066360	LW	3	656G>A	92	NC_000012.12:52650482:C:T	CCSBVarC002918	ENSP00000310861.3:p.Gly219Asp	KRT2	ENSG00000172867	KRT27
HsVcPPILacVa1	CCSBORF55855	2	CCSBORF100066360	LW	3	659C>A	23	NC_000012.12:52650479:G:T	CCSBVarC016214	ENSP00000310861.3:p.Thr220Asn	KRT2	ENSG00000172867	KRT27
HsVcPPILacVa1	CCSBORF55855	2	CCSBORF100066360	LW	3	800A>C	0	NC_000012.12:52650338:T:G	CCSBVarC016222	ENSP00000310861.3:p.Lys267Thr	KRT2	ENSG00000172867	KRT27
HsVcPPILacVa1	CCSBORF55855	2	CCSBORF0	LW	3	REF	744	NULL	NULL	NULL	KRT2	ENSG00000172867	empty_AD
HsVcPPILacVa1	CCSBORF55855	2	CCSBORF0	LW	3	1066T>C	298	NC_000012.12:52648228:A:G	CCSBVarC016108	ENSP00000310861.3:p.Tyr356His	KRT2	ENSG00000172867	empty_AD
HsVcPPILacVa1	CCSBORF55855	2	CCSBORF0	LW	3	1094A>G	488	NC_000012.12:52648200:T:C	CCSBVarC016114	ENSP00000310861.3:p.Glu365Gly	KRT2	ENSG00000172867	empty_AD
HsVcPPILacVa1	CCSBORF55855	2	CCSBORF0	LW	3	1114C>A	340	NC_000012.12:52648180:G:T	CCSBVarC016118	ENSP00000310861.3:p.His372Asn	KRT2	ENSG00000172867	empty_AD
HsVcPPILacVa1	CCSBORF55855	2	CCSBORF0	LW	3	1249T>C	886	NC_000012.12:52646959:A:G	CCSBVarC016122	ENSP00000310861.3:p.Cys417Arg	KRT2	ENSG00000172867	empty_AD
HsVcPPILacVa1	CCSBORF55855	2	CCSBORF0	LW	3	1355C>G	231	NC_000012.12:52646853:G:C	CCSBVarC016125	ENSP00000310861.3:p.Ala452Gly	KRT2	ENSG00000172867	empty_AD
HsVcPPILacVa1	CCSBORF55855	2	CCSBORF0	LW	3	1427A>T	65	NC_000012.12:52646781:T:A	CCSBVarC003452	ENSP00000310861.3:p.Glu476Val	KRT2	ENSG00000172867	empty_AD
HsVcPPILacVa1	CCSBORF55855	2	CCSBORF0	LW	3	1430T>A	0	NC_000012.12:52646778:A:T	CCSBVarC002476	ENSP00000310861.3:p.Ile477Asn	KRT2	ENSG00000172867	empty_AD
HsVcPPILacVa1	CCSBORF55855	2	CCSBORF0	LW	3	1462G>A	271	NC_000012.12:52646746:C:T	CCSBVarC003454	ENSP00000310861.3:p.Glu488Lys	KRT2	ENSG00000172867	empty_AD
HsVcPPILacVa1	CCSBORF55855	2	CCSBORF0	LW	3	1618G>A	2	NC_000012.12:52645320:C:T	CCSBVarC016129	ENSP00000310861.3:p.Gly540Ser	KRT2	ENSG00000172867	empty_AD
HsVcPPILacVa1	CCSBORF55855	2	CCSBORF0	LW	3	1723T>G	60	NC_000012.12:52645215:A:C	CCSBVarC016135	ENSP00000310861.3:p.Ser575Ala	KRT2	ENSG00000172867	empty_AD
HsVcPPILacVa1	CCSBORF55855	2	CCSBORF0	LW	3	1813G>C	1160	NC_000012.12:52645125:C:G	CCSBVarC016141	ENSP00000310861.3:p.Gly605Arg	KRT2	ENSG00000172867	empty_AD
HsVcPPILacVa1	CCSBORF55855	2	CCSBORF0	LW	3	1900G>A	1131	NC_000012.12:52645038:C:T	CCSBVarC016148	ENSP00000310861.3:p.Val634Met	KRT2	ENSG00000172867	empty_AD
HsVcPPILacVa1	CCSBORF55855	2	CCSBORF0	LW	3	253G>A	7	NC_000012.12:52651889:C:T	CCSBVarC016156	ENSP00000310861.3:p.Ala85Thr	KRT2	ENSG00000172867	empty_AD
HsVcPPILacVa1	CCSBORF55855	2	CCSBORF0	LW	3	301A>G	700	NC_000012.12:52651841:T:C	CCSBVarC012695	ENSP00000310861.3:p.Ser101Gly	KRT2	ENSG00000172867	empty_AD
HsVcPPILacVa1	CCSBORF55855	2	CCSBORF0	LW	3	446G>T	0	NC_000012.12:52651696:C:A	CCSBVarC016164	ENSP00000310861.3:p.Gly149Val	KRT2	ENSG00000172867	empty_AD
HsVcPPILacVa1	CCSBORF55855	2	CCSBORF0	LW	3	52G>A	66	NC_000012.12:52652090:C:T	CCSBVarC016186	ENSP00000310861.3:p.Gly18Arg	KRT2	ENSG00000172867	empty_AD
HsVcPPILacVa1	CCSBORF55855	2	CCSBORF0	LW	3	542A>C	3501	NC_000012.12:52651600:T:G	CCSBVarC002474	ENSP00000310861.3:p.Gln181Pro	KRT2	ENSG00000172867	empty_AD
HsVcPPILacVa1	CCSBORF55855	2	CCSBORF0	LW	3	656G>A	166	NC_000012.12:52650482:C:T	CCSBVarC002918	ENSP00000310861.3:p.Gly219Asp	KRT2	ENSG00000172867	empty_AD
HsVcPPILacVa1	CCSBORF55855	2	CCSBORF0	LW	3	659C>A	26	NC_000012.12:52650479:G:T	CCSBVarC016214	ENSP00000310861.3:p.Thr220Asn	KRT2	ENSG00000172867	empty_AD
HsVcPPILacVa1	CCSBORF55855	2	CCSBORF0	LW	3	800A>C	2	NC_000012.12:52650338:T:G	CCSBVarC016222	ENSP00000310861.3:p.Lys267Thr	KRT2	ENSG00000172867	empty_AD
HsVcPPILacVa1	CCSBORF7866	1	CCSBORF53604	LW	3	REF	1841	NULL	NULL	NULL	EFHC1	ENSG00000096093	GADD45B
HsVcPPILacVa1	CCSBORF7866	1	CCSBORF53604	LW	3	1180G>T	22	NC_000006.12:52469374:G:T	CCSBVarC001266	ENSP00000360107.4:p.Ala394Ser	EFHC1	ENSG00000096093	GADD45B
HsVcPPILacVa1	CCSBORF7866	1	CCSBORF53604	LW	3	1343T>C	584	NC_000006.12:52479100:T:C	CCSBVarC002921	ENSP00000360107.4:p.Met448Thr	EFHC1	ENSG00000096093	GADD45B
HsVcPPILacVa1	CCSBORF7866	1	CCSBORF53604	LW	3	1523C>G	733	NC_000006.12:52479669:C:G	CCSBVarC001267	ENSP00000360107.4:p.Thr508Arg	EFHC1	ENSG00000096093	GADD45B
HsVcPPILacVa1	CCSBORF7866	1	CCSBORF53604	LW	3	1820A>G	123	NC_000006.12:52490318:A:G	CCSBVarC017141	ENSP00000360107.4:p.Asn607Ser	EFHC1	ENSG00000096093	GADD45B
HsVcPPILacVa1	CCSBORF7866	1	CCSBORF53604	LW	3	229C>A	4651	NC_000006.12:52424110:C:A	CCSBVarC001264	ENSP00000360107.4:p.Pro77Thr	EFHC1	ENSG00000096093	GADD45B
HsVcPPILacVa1	CCSBORF7866	1	CCSBORF53604	LW	3	475C>G	224	NC_000006.12:52438492:C:G	CCSBVarC017143	ENSP00000360107.4:p.Arg159Gly	EFHC1	ENSG00000096093	GADD45B
HsVcPPILacVa1	CCSBORF7866	1	CCSBORF53604	LW	3	475C>T	4456	NC_000006.12:52438492:C:T	CCSBVarC002919	ENSP00000360107.4:p.Arg159Trp	EFHC1	ENSG00000096093	GADD45B
HsVcPPILacVa1	CCSBORF7866	1	CCSBORF53604	LW	3	520A>G	5542	NC_000006.12:52438537:A:G	CCSBVarC003446	ENSP00000360107.4:p.Ile174Val	EFHC1	ENSG00000096093	GADD45B
HsVcPPILacVa1	CCSBORF7866	1	CCSBORF53604	LW	3	628G>A	291	NC_000006.12:52452741:G:A	CCSBVarC003447	ENSP00000360107.4:p.Asp210Asn	EFHC1	ENSG00000096093	GADD45B
HsVcPPILacVa1	CCSBORF7866	1	CCSBORF53604	LW	3	662G>A	161	NC_000006.12:52452775:G:A	CCSBVarC001265	ENSP00000360107.4:p.Arg221His	EFHC1	ENSG00000096093	GADD45B
HsVcPPILacVa1	CCSBORF7866	1	CCSBORF53604	LW	3	685T>C	9	NC_000006.12:52452798:T:C	CCSBVarC003448	ENSP00000360107.4:p.Phe229Leu	EFHC1	ENSG00000096093	GADD45B
HsVcPPILacVa1	CCSBORF7866	1	CCSBORF53604	LW	3	757G>T	15	NC_000006.12:52454127:G:T	CCSBVarC003449	ENSP00000360107.4:p.Asp253Tyr	EFHC1	ENSG00000096093	GADD45B
HsVcPPILacVa1	CCSBORF7866	1	CCSBORF53604	LW	3	776G>A	16	NC_000006.12:52454146:G:A	CCSBVarC003450	ENSP00000360107.4:p.Cys259Tyr	EFHC1	ENSG00000096093	GADD45B
HsVcPPILacVa1	CCSBORF7866	1	CCSBORF0	LW	3	REF	2237	NULL	NULL	NULL	EFHC1	ENSG00000096093	empty_AD
HsVcPPILacVa1	CCSBORF7866	1	CCSBORF0	LW	3	1180G>T	27	NC_000006.12:52469374:G:T	CCSBVarC001266	ENSP00000360107.4:p.Ala394Ser	EFHC1	ENSG00000096093	empty_AD
HsVcPPILacVa1	CCSBORF7866	1	CCSBORF0	LW	3	1343T>C	300	NC_000006.12:52479100:T:C	CCSBVarC002921	ENSP00000360107.4:p.Met448Thr	EFHC1	ENSG00000096093	empty_AD
HsVcPPILacVa1	CCSBORF7866	1	CCSBORF0	LW	3	1523C>G	575	NC_000006.12:52479669:C:G	CCSBVarC001267	ENSP00000360107.4:p.Thr508Arg	EFHC1	ENSG00000096093	empty_AD
HsVcPPILacVa1	CCSBORF7866	1	CCSBORF0	LW	3	1820A>G	47	NC_000006.12:52490318:A:G	CCSBVarC017141	ENSP00000360107.4:p.Asn607Ser	EFHC1	ENSG00000096093	empty_AD
HsVcPPILacVa1	CCSBORF7866	1	CCSBORF0	LW	3	229C>A	4227	NC_000006.12:52424110:C:A	CCSBVarC001264	ENSP00000360107.4:p.Pro77Thr	EFHC1	ENSG00000096093	empty_AD
HsVcPPILacVa1	CCSBORF7866	1	CCSBORF0	LW	3	475C>G	68	NC_000006.12:52438492:C:G	CCSBVarC017143	ENSP00000360107.4:p.Arg159Gly	EFHC1	ENSG00000096093	empty_AD
HsVcPPILacVa1	CCSBORF7866	1	CCSBORF0	LW	3	475C>T	2549	NC_000006.12:52438492:C:T	CCSBVarC002919	ENSP00000360107.4:p.Arg159Trp	EFHC1	ENSG00000096093	empty_AD
HsVcPPILacVa1	CCSBORF7866	1	CCSBORF0	LW	3	520A>G	3170	NC_000006.12:52438537:A:G	CCSBVarC003446	ENSP00000360107.4:p.Ile174Val	EFHC1	ENSG00000096093	empty_AD
HsVcPPILacVa1	CCSBORF7866	1	CCSBORF0	LW	3	628G>A	216	NC_000006.12:52452741:G:A	CCSBVarC003447	ENSP00000360107.4:p.Asp210Asn	EFHC1	ENSG00000096093	empty_AD
HsVcPPILacVa1	CCSBORF7866	1	CCSBORF0	LW	3	662G>A	63	NC_000006.12:52452775:G:A	CCSBVarC001265	ENSP00000360107.4:p.Arg221His	EFHC1	ENSG00000096093	empty_AD
HsVcPPILacVa1	CCSBORF7866	1	CCSBORF0	LW	3	685T>C	50	NC_000006.12:52452798:T:C	CCSBVarC003448	ENSP00000360107.4:p.Phe229Leu	EFHC1	ENSG00000096093	empty_AD
HsVcPPILacVa1	CCSBORF7866	1	CCSBORF0	LW	3	757G>T	11	NC_000006.12:52454127:G:T	CCSBVarC003449	ENSP00000360107.4:p.Asp253Tyr	EFHC1	ENSG00000096093	empty_AD
HsVcPPILacVa1	CCSBORF7866	1	CCSBORF0	LW	3	776G>A	9	NC_000006.12:52454146:G:A	CCSBVarC003450	ENSP00000360107.4:p.Cys259Tyr	EFHC1	ENSG00000096093	empty_AD
HsVcPPILacVa1	CCSBORF55855	1	CCSBORF100014440	LW	3	REF	570	NULL	NULL	NULL	KRT2	ENSG00000172867	KRT25
HsVcPPILacVa1	CCSBORF55855	1	CCSBORF100014440	LW	3	1051G>A	2029	NC_000012.12:52648243:C:T	CCSBVarC016094	ENSP00000310861.3:p.Glu351Lys	KRT2	ENSG00000172867	KRT25
HsVcPPILacVa1	CCSBORF55855	1	CCSBORF100014440	LW	3	1070A>G	307	NC_000012.12:52648224:T:C	CCSBVarC016110	ENSP00000310861.3:p.Glu357Gly	KRT2	ENSG00000172867	KRT25
HsVcPPILacVa1	CCSBORF55855	1	CCSBORF100014440	LW	3	1106C>T	3	NC_000012.12:52648188:G:A	CCSBVarC016116	ENSP00000310861.3:p.Ala369Val	KRT2	ENSG00000172867	KRT25
HsVcPPILacVa1	CCSBORF55855	1	CCSBORF100014440	LW	3	1230C>G	5	NC_000012.12:52647747:G:C	CCSBVarC016120	ENSP00000310861.3:p.Ile410Met	KRT2	ENSG00000172867	KRT25
HsVcPPILacVa1	CCSBORF55855	1	CCSBORF100014440	LW	3	1325T>G	860	NC_000012.12:52646883:A:C	CCSBVarC016123	ENSP00000310861.3:p.Leu442Trp	KRT2	ENSG00000172867	KRT25
HsVcPPILacVa1	CCSBORF55855	1	CCSBORF100014440	LW	3	1435A>C	2100	NC_000012.12:52646773:T:G	CCSBVarC003453	ENSP00000310861.3:p.Thr479Pro	KRT2	ENSG00000172867	KRT25
HsVcPPILacVa1	CCSBORF55855	1	CCSBORF100014440	LW	3	1451T>C	740	NC_000012.12:52646757:A:G	CCSBVarC002477	ENSP00000310861.3:p.Leu484Pro	KRT2	ENSG00000172867	KRT25
HsVcPPILacVa1	CCSBORF55855	1	CCSBORF100014440	LW	3	1480G>C	539	NC_000012.12:52645558:C:G	CCSBVarC016127	ENSP00000310861.3:p.Asp494His	KRT2	ENSG00000172867	KRT25
HsVcPPILacVa1	CCSBORF55855	1	CCSBORF100014440	LW	3	1694C>T	378	NC_000012.12:52645244:G:A	CCSBVarC016132	ENSP00000310861.3:p.Ser565Phe	KRT2	ENSG00000172867	KRT25
HsVcPPILacVa1	CCSBORF55855	1	CCSBORF100014440	LW	3	181C>T	18	NC_000012.12:52651961:G:A	CCSBVarC016138	ENSP00000310861.3:p.Arg61Trp	KRT2	ENSG00000172867	KRT25
HsVcPPILacVa1	CCSBORF55855	1	CCSBORF100014440	LW	3	1869G>T	162	NC_000012.12:52645069:C:A	CCSBVarC016144	ENSP00000310861.3:p.Lys623Asn	KRT2	ENSG00000172867	KRT25
HsVcPPILacVa1	CCSBORF55855	1	CCSBORF100014440	LW	3	1912T>C	31	NC_000012.12:52645026:A:G	CCSBVarC016151	ENSP00000310861.3:p.Phe638Leu	KRT2	ENSG00000172867	KRT25
HsVcPPILacVa1	CCSBORF55855	1	CCSBORF100014440	LW	3	295G>A	271	NC_000012.12:52651847:C:T	CCSBVarC016158	ENSP00000310861.3:p.Gly99Ser	KRT2	ENSG00000172867	KRT25
HsVcPPILacVa1	CCSBORF55855	1	CCSBORF100014440	LW	3	493G>A	4	NC_000012.12:52651649:C:T	CCSBVarC016179	ENSP00000310861.3:p.Val165Met	KRT2	ENSG00000172867	KRT25
HsVcPPILacVa1	CCSBORF55855	1	CCSBORF100014440	LW	3	536G>A	264	NC_000012.12:52651606:C:T	CCSBVarC016211	ENSP00000310861.3:p.Arg179His	KRT2	ENSG00000172867	KRT25
HsVcPPILacVa1	CCSBORF55855	1	CCSBORF100014440	LW	3	556A>T	361	NC_000012.12:52651586:T:A	CCSBVarC003451	ENSP00000310861.3:p.Asn186Tyr	KRT2	ENSG00000172867	KRT25
HsVcPPILacVa1	CCSBORF55855	1	CCSBORF100014440	LW	3	558C>A	356	NC_000012.12:52651584:G:T	CCSBVarC002475	ENSP00000310861.3:p.Asn186Lys	KRT2	ENSG00000172867	KRT25
HsVcPPILacVa1	CCSBORF55855	1	CCSBORF100014440	LW	3	710A>G	50	NC_000012.12:52650428:T:C	CCSBVarC016220	ENSP00000310861.3:p.Lys237Arg	KRT2	ENSG00000172867	KRT25
HsVcPPILacVa1	CCSBORF55855	1	CCSBORF100014440	LW	3	767A>G	29	NC_000012.12:52650371:T:C	CCSBVarC012686	ENSP00000310861.3:p.Asn256Ser	KRT2	ENSG00000172867	KRT25
HsVcPPILacVa1	CCSBORF55855	1	CCSBORF100014440	LW	3	865G>A	526	NC_000012.12:52649098:C:T	CCSBVarC016224	ENSP00000310861.3:p.Val289Met	KRT2	ENSG00000172867	KRT25
HsVcPPILacVa1	CCSBORF55855	2	CCSBORF100011278	LW	3	REF	431	NULL	NULL	NULL	KRT2	ENSG00000172867	KRT16
HsVcPPILacVa1	CCSBORF55855	2	CCSBORF100011278	LW	3	1066T>C	278	NC_000012.12:52648228:A:G	CCSBVarC016108	ENSP00000310861.3:p.Tyr356His	KRT2	ENSG00000172867	KRT16
HsVcPPILacVa1	CCSBORF55855	2	CCSBORF100011278	LW	3	1094A>G	400	NC_000012.12:52648200:T:C	CCSBVarC016114	ENSP00000310861.3:p.Glu365Gly	KRT2	ENSG00000172867	KRT16
HsVcPPILacVa1	CCSBORF55855	2	CCSBORF100011278	LW	3	1114C>A	135	NC_000012.12:52648180:G:T	CCSBVarC016118	ENSP00000310861.3:p.His372Asn	KRT2	ENSG00000172867	KRT16
HsVcPPILacVa1	CCSBORF55855	2	CCSBORF100011278	LW	3	1249T>C	823	NC_000012.12:52646959:A:G	CCSBVarC016122	ENSP00000310861.3:p.Cys417Arg	KRT2	ENSG00000172867	KRT16
HsVcPPILacVa1	CCSBORF55855	2	CCSBORF100011278	LW	3	1355C>G	192	NC_000012.12:52646853:G:C	CCSBVarC016125	ENSP00000310861.3:p.Ala452Gly	KRT2	ENSG00000172867	KRT16
HsVcPPILacVa1	CCSBORF55855	2	CCSBORF100011278	LW	3	1427A>T	111	NC_000012.12:52646781:T:A	CCSBVarC003452	ENSP00000310861.3:p.Glu476Val	KRT2	ENSG00000172867	KRT16
HsVcPPILacVa1	CCSBORF55855	2	CCSBORF100011278	LW	3	1430T>A	0	NC_000012.12:52646778:A:T	CCSBVarC002476	ENSP00000310861.3:p.Ile477Asn	KRT2	ENSG00000172867	KRT16
HsVcPPILacVa1	CCSBORF55855	2	CCSBORF100011278	LW	3	1462G>A	176	NC_000012.12:52646746:C:T	CCSBVarC003454	ENSP00000310861.3:p.Glu488Lys	KRT2	ENSG00000172867	KRT16
HsVcPPILacVa1	CCSBORF55855	2	CCSBORF100011278	LW	3	1618G>A	0	NC_000012.12:52645320:C:T	CCSBVarC016129	ENSP00000310861.3:p.Gly540Ser	KRT2	ENSG00000172867	KRT16
HsVcPPILacVa1	CCSBORF55855	2	CCSBORF100011278	LW	3	1723T>G	65	NC_000012.12:52645215:A:C	CCSBVarC016135	ENSP00000310861.3:p.Ser575Ala	KRT2	ENSG00000172867	KRT16
HsVcPPILacVa1	CCSBORF55855	2	CCSBORF100011278	LW	3	1813G>C	997	NC_000012.12:52645125:C:G	CCSBVarC016141	ENSP00000310861.3:p.Gly605Arg	KRT2	ENSG00000172867	KRT16
HsVcPPILacVa1	CCSBORF55855	2	CCSBORF100011278	LW	3	1900G>A	827	NC_000012.12:52645038:C:T	CCSBVarC016148	ENSP00000310861.3:p.Val634Met	KRT2	ENSG00000172867	KRT16
HsVcPPILacVa1	CCSBORF55855	2	CCSBORF100011278	LW	3	253G>A	6	NC_000012.12:52651889:C:T	CCSBVarC016156	ENSP00000310861.3:p.Ala85Thr	KRT2	ENSG00000172867	KRT16
HsVcPPILacVa1	CCSBORF55855	2	CCSBORF100011278	LW	3	301A>G	537	NC_000012.12:52651841:T:C	CCSBVarC012695	ENSP00000310861.3:p.Ser101Gly	KRT2	ENSG00000172867	KRT16
HsVcPPILacVa1	CCSBORF55855	2	CCSBORF100011278	LW	3	446G>T	1	NC_000012.12:52651696:C:A	CCSBVarC016164	ENSP00000310861.3:p.Gly149Val	KRT2	ENSG00000172867	KRT16
HsVcPPILacVa1	CCSBORF55855	2	CCSBORF100011278	LW	3	52G>A	6	NC_000012.12:52652090:C:T	CCSBVarC016186	ENSP00000310861.3:p.Gly18Arg	KRT2	ENSG00000172867	KRT16
HsVcPPILacVa1	CCSBORF55855	2	CCSBORF100011278	LW	3	542A>C	2803	NC_000012.12:52651600:T:G	CCSBVarC002474	ENSP00000310861.3:p.Gln181Pro	KRT2	ENSG00000172867	KRT16
HsVcPPILacVa1	CCSBORF55855	2	CCSBORF100011278	LW	3	656G>A	112	NC_000012.12:52650482:C:T	CCSBVarC002918	ENSP00000310861.3:p.Gly219Asp	KRT2	ENSG00000172867	KRT16
HsVcPPILacVa1	CCSBORF55855	2	CCSBORF100011278	LW	3	659C>A	20	NC_000012.12:52650479:G:T	CCSBVarC016214	ENSP00000310861.3:p.Thr220Asn	KRT2	ENSG00000172867	KRT16
HsVcPPILacVa1	CCSBORF55855	2	CCSBORF100011278	LW	3	800A>C	0	NC_000012.12:52650338:T:G	CCSBVarC016222	ENSP00000310861.3:p.Lys267Thr	KRT2	ENSG00000172867	KRT16
HsVcPPILacVa1	CCSBORF7866	1	CCSBORF56644	LW	3	REF	1682	NULL	NULL	NULL	EFHC1	ENSG00000096093	TCF4
HsVcPPILacVa1	CCSBORF7866	1	CCSBORF56644	LW	3	1180G>T	15	NC_000006.12:52469374:G:T	CCSBVarC001266	ENSP00000360107.4:p.Ala394Ser	EFHC1	ENSG00000096093	TCF4
HsVcPPILacVa1	CCSBORF7866	1	CCSBORF56644	LW	3	1343T>C	611	NC_000006.12:52479100:T:C	CCSBVarC002921	ENSP00000360107.4:p.Met448Thr	EFHC1	ENSG00000096093	TCF4
HsVcPPILacVa1	CCSBORF7866	1	CCSBORF56644	LW	3	1523C>G	909	NC_000006.12:52479669:C:G	CCSBVarC001267	ENSP00000360107.4:p.Thr508Arg	EFHC1	ENSG00000096093	TCF4
HsVcPPILacVa1	CCSBORF7866	1	CCSBORF56644	LW	3	1820A>G	81	NC_000006.12:52490318:A:G	CCSBVarC017141	ENSP00000360107.4:p.Asn607Ser	EFHC1	ENSG00000096093	TCF4
HsVcPPILacVa1	CCSBORF7866	1	CCSBORF56644	LW	3	229C>A	4237	NC_000006.12:52424110:C:A	CCSBVarC001264	ENSP00000360107.4:p.Pro77Thr	EFHC1	ENSG00000096093	TCF4
HsVcPPILacVa1	CCSBORF7866	1	CCSBORF56644	LW	3	475C>G	66	NC_000006.12:52438492:C:G	CCSBVarC017143	ENSP00000360107.4:p.Arg159Gly	EFHC1	ENSG00000096093	TCF4
HsVcPPILacVa1	CCSBORF7866	1	CCSBORF56644	LW	3	475C>T	3576	NC_000006.12:52438492:C:T	CCSBVarC002919	ENSP00000360107.4:p.Arg159Trp	EFHC1	ENSG00000096093	TCF4
HsVcPPILacVa1	CCSBORF7866	1	CCSBORF56644	LW	3	520A>G	4704	NC_000006.12:52438537:A:G	CCSBVarC003446	ENSP00000360107.4:p.Ile174Val	EFHC1	ENSG00000096093	TCF4
HsVcPPILacVa1	CCSBORF7866	1	CCSBORF56644	LW	3	628G>A	284	NC_000006.12:52452741:G:A	CCSBVarC003447	ENSP00000360107.4:p.Asp210Asn	EFHC1	ENSG00000096093	TCF4
HsVcPPILacVa1	CCSBORF7866	1	CCSBORF56644	LW	3	662G>A	245	NC_000006.12:52452775:G:A	CCSBVarC001265	ENSP00000360107.4:p.Arg221His	EFHC1	ENSG00000096093	TCF4
HsVcPPILacVa1	CCSBORF7866	1	CCSBORF56644	LW	3	685T>C	44	NC_000006.12:52452798:T:C	CCSBVarC003448	ENSP00000360107.4:p.Phe229Leu	EFHC1	ENSG00000096093	TCF4
HsVcPPILacVa1	CCSBORF7866	1	CCSBORF56644	LW	3	757G>T	8	NC_000006.12:52454127:G:T	CCSBVarC003449	ENSP00000360107.4:p.Asp253Tyr	EFHC1	ENSG00000096093	TCF4
HsVcPPILacVa1	CCSBORF7866	1	CCSBORF56644	LW	3	776G>A	7	NC_000006.12:52454146:G:A	CCSBVarC003450	ENSP00000360107.4:p.Cys259Tyr	EFHC1	ENSG00000096093	TCF4
HsVcPPILacVa1	CCSBORF7866	1	CCSBORF55625	LW	3	REF	2548	NULL	NULL	NULL	EFHC1	ENSG00000096093	SORBS3
HsVcPPILacVa1	CCSBORF7866	1	CCSBORF55625	LW	3	1180G>T	24	NC_000006.12:52469374:G:T	CCSBVarC001266	ENSP00000360107.4:p.Ala394Ser	EFHC1	ENSG00000096093	SORBS3
HsVcPPILacVa1	CCSBORF7866	1	CCSBORF55625	LW	3	1343T>C	652	NC_000006.12:52479100:T:C	CCSBVarC002921	ENSP00000360107.4:p.Met448Thr	EFHC1	ENSG00000096093	SORBS3
HsVcPPILacVa1	CCSBORF7866	1	CCSBORF55625	LW	3	1523C>G	1265	NC_000006.12:52479669:C:G	CCSBVarC001267	ENSP00000360107.4:p.Thr508Arg	EFHC1	ENSG00000096093	SORBS3
HsVcPPILacVa1	CCSBORF7866	1	CCSBORF55625	LW	3	1820A>G	109	NC_000006.12:52490318:A:G	CCSBVarC017141	ENSP00000360107.4:p.Asn607Ser	EFHC1	ENSG00000096093	SORBS3
HsVcPPILacVa1	CCSBORF7866	1	CCSBORF55625	LW	3	229C>A	5782	NC_000006.12:52424110:C:A	CCSBVarC001264	ENSP00000360107.4:p.Pro77Thr	EFHC1	ENSG00000096093	SORBS3
HsVcPPILacVa1	CCSBORF7866	1	CCSBORF55625	LW	3	475C>G	470	NC_000006.12:52438492:C:G	CCSBVarC017143	ENSP00000360107.4:p.Arg159Gly	EFHC1	ENSG00000096093	SORBS3
HsVcPPILacVa1	CCSBORF7866	1	CCSBORF55625	LW	3	475C>T	4825	NC_000006.12:52438492:C:T	CCSBVarC002919	ENSP00000360107.4:p.Arg159Trp	EFHC1	ENSG00000096093	SORBS3
HsVcPPILacVa1	CCSBORF7866	1	CCSBORF55625	LW	3	520A>G	6854	NC_000006.12:52438537:A:G	CCSBVarC003446	ENSP00000360107.4:p.Ile174Val	EFHC1	ENSG00000096093	SORBS3
HsVcPPILacVa1	CCSBORF7866	1	CCSBORF55625	LW	3	628G>A	263	NC_000006.12:52452741:G:A	CCSBVarC003447	ENSP00000360107.4:p.Asp210Asn	EFHC1	ENSG00000096093	SORBS3
HsVcPPILacVa1	CCSBORF7866	1	CCSBORF55625	LW	3	662G>A	216	NC_000006.12:52452775:G:A	CCSBVarC001265	ENSP00000360107.4:p.Arg221His	EFHC1	ENSG00000096093	SORBS3
HsVcPPILacVa1	CCSBORF7866	1	CCSBORF55625	LW	3	685T>C	26	NC_000006.12:52452798:T:C	CCSBVarC003448	ENSP00000360107.4:p.Phe229Leu	EFHC1	ENSG00000096093	SORBS3
HsVcPPILacVa1	CCSBORF7866	1	CCSBORF55625	LW	3	757G>T	19	NC_000006.12:52454127:G:T	CCSBVarC003449	ENSP00000360107.4:p.Asp253Tyr	EFHC1	ENSG00000096093	SORBS3
HsVcPPILacVa1	CCSBORF7866	1	CCSBORF55625	LW	3	776G>A	8	NC_000006.12:52454146:G:A	CCSBVarC003450	ENSP00000360107.4:p.Cys259Tyr	EFHC1	ENSG00000096093	SORBS3
HsVcPPILacVa1	CCSBORF55855	1	CCSBORF6802	LW	3	REF	462	NULL	NULL	NULL	KRT2	ENSG00000172867	KRT33B
HsVcPPILacVa1	CCSBORF55855	1	CCSBORF6802	LW	3	1051G>A	2301	NC_000012.12:52648243:C:T	CCSBVarC016094	ENSP00000310861.3:p.Glu351Lys	KRT2	ENSG00000172867	KRT33B
HsVcPPILacVa1	CCSBORF55855	1	CCSBORF6802	LW	3	1070A>G	391	NC_000012.12:52648224:T:C	CCSBVarC016110	ENSP00000310861.3:p.Glu357Gly	KRT2	ENSG00000172867	KRT33B
HsVcPPILacVa1	CCSBORF55855	1	CCSBORF6802	LW	3	1106C>T	1	NC_000012.12:52648188:G:A	CCSBVarC016116	ENSP00000310861.3:p.Ala369Val	KRT2	ENSG00000172867	KRT33B
HsVcPPILacVa1	CCSBORF55855	1	CCSBORF6802	LW	3	1230C>G	5	NC_000012.12:52647747:G:C	CCSBVarC016120	ENSP00000310861.3:p.Ile410Met	KRT2	ENSG00000172867	KRT33B
HsVcPPILacVa1	CCSBORF55855	1	CCSBORF6802	LW	3	1325T>G	737	NC_000012.12:52646883:A:C	CCSBVarC016123	ENSP00000310861.3:p.Leu442Trp	KRT2	ENSG00000172867	KRT33B
HsVcPPILacVa1	CCSBORF55855	1	CCSBORF6802	LW	3	1435A>C	1603	NC_000012.12:52646773:T:G	CCSBVarC003453	ENSP00000310861.3:p.Thr479Pro	KRT2	ENSG00000172867	KRT33B
HsVcPPILacVa1	CCSBORF55855	1	CCSBORF6802	LW	3	1451T>C	439	NC_000012.12:52646757:A:G	CCSBVarC002477	ENSP00000310861.3:p.Leu484Pro	KRT2	ENSG00000172867	KRT33B
HsVcPPILacVa1	CCSBORF55855	1	CCSBORF6802	LW	3	1480G>C	261	NC_000012.12:52645558:C:G	CCSBVarC016127	ENSP00000310861.3:p.Asp494His	KRT2	ENSG00000172867	KRT33B
HsVcPPILacVa1	CCSBORF55855	1	CCSBORF6802	LW	3	1694C>T	267	NC_000012.12:52645244:G:A	CCSBVarC016132	ENSP00000310861.3:p.Ser565Phe	KRT2	ENSG00000172867	KRT33B
HsVcPPILacVa1	CCSBORF55855	1	CCSBORF6802	LW	3	181C>T	82	NC_000012.12:52651961:G:A	CCSBVarC016138	ENSP00000310861.3:p.Arg61Trp	KRT2	ENSG00000172867	KRT33B
HsVcPPILacVa1	CCSBORF55855	1	CCSBORF6802	LW	3	1869G>T	103	NC_000012.12:52645069:C:A	CCSBVarC016144	ENSP00000310861.3:p.Lys623Asn	KRT2	ENSG00000172867	KRT33B
HsVcPPILacVa1	CCSBORF55855	1	CCSBORF6802	LW	3	1912T>C	105	NC_000012.12:52645026:A:G	CCSBVarC016151	ENSP00000310861.3:p.Phe638Leu	KRT2	ENSG00000172867	KRT33B
HsVcPPILacVa1	CCSBORF55855	1	CCSBORF6802	LW	3	295G>A	217	NC_000012.12:52651847:C:T	CCSBVarC016158	ENSP00000310861.3:p.Gly99Ser	KRT2	ENSG00000172867	KRT33B
HsVcPPILacVa1	CCSBORF55855	1	CCSBORF6802	LW	3	493G>A	19	NC_000012.12:52651649:C:T	CCSBVarC016179	ENSP00000310861.3:p.Val165Met	KRT2	ENSG00000172867	KRT33B
HsVcPPILacVa1	CCSBORF55855	1	CCSBORF6802	LW	3	536G>A	285	NC_000012.12:52651606:C:T	CCSBVarC016211	ENSP00000310861.3:p.Arg179His	KRT2	ENSG00000172867	KRT33B
HsVcPPILacVa1	CCSBORF55855	1	CCSBORF6802	LW	3	556A>T	554	NC_000012.12:52651586:T:A	CCSBVarC003451	ENSP00000310861.3:p.Asn186Tyr	KRT2	ENSG00000172867	KRT33B
HsVcPPILacVa1	CCSBORF55855	1	CCSBORF6802	LW	3	558C>A	229	NC_000012.12:52651584:G:T	CCSBVarC002475	ENSP00000310861.3:p.Asn186Lys	KRT2	ENSG00000172867	KRT33B
HsVcPPILacVa1	CCSBORF55855	1	CCSBORF6802	LW	3	710A>G	31	NC_000012.12:52650428:T:C	CCSBVarC016220	ENSP00000310861.3:p.Lys237Arg	KRT2	ENSG00000172867	KRT33B
HsVcPPILacVa1	CCSBORF55855	1	CCSBORF6802	LW	3	767A>G	103	NC_000012.12:52650371:T:C	CCSBVarC012686	ENSP00000310861.3:p.Asn256Ser	KRT2	ENSG00000172867	KRT33B
HsVcPPILacVa1	CCSBORF55855	1	CCSBORF6802	LW	3	865G>A	689	NC_000012.12:52649098:C:T	CCSBVarC016224	ENSP00000310861.3:p.Val289Met	KRT2	ENSG00000172867	KRT33B
HsVcPPILacVa1	CCSBORF55855	2	CCSBORF100014440	LW	3	REF	457	NULL	NULL	NULL	KRT2	ENSG00000172867	KRT25
HsVcPPILacVa1	CCSBORF55855	2	CCSBORF100014440	LW	3	1066T>C	184	NC_000012.12:52648228:A:G	CCSBVarC016108	ENSP00000310861.3:p.Tyr356His	KRT2	ENSG00000172867	KRT25
HsVcPPILacVa1	CCSBORF55855	2	CCSBORF100014440	LW	3	1094A>G	245	NC_000012.12:52648200:T:C	CCSBVarC016114	ENSP00000310861.3:p.Glu365Gly	KRT2	ENSG00000172867	KRT25
HsVcPPILacVa1	CCSBORF55855	2	CCSBORF100014440	LW	3	1114C>A	100	NC_000012.12:52648180:G:T	CCSBVarC016118	ENSP00000310861.3:p.His372Asn	KRT2	ENSG00000172867	KRT25
HsVcPPILacVa1	CCSBORF55855	2	CCSBORF100014440	LW	3	1249T>C	803	NC_000012.12:52646959:A:G	CCSBVarC016122	ENSP00000310861.3:p.Cys417Arg	KRT2	ENSG00000172867	KRT25
HsVcPPILacVa1	CCSBORF55855	2	CCSBORF100014440	LW	3	1355C>G	300	NC_000012.12:52646853:G:C	CCSBVarC016125	ENSP00000310861.3:p.Ala452Gly	KRT2	ENSG00000172867	KRT25
HsVcPPILacVa1	CCSBORF55855	2	CCSBORF100014440	LW	3	1427A>T	101	NC_000012.12:52646781:T:A	CCSBVarC003452	ENSP00000310861.3:p.Glu476Val	KRT2	ENSG00000172867	KRT25
HsVcPPILacVa1	CCSBORF55855	2	CCSBORF100014440	LW	3	1430T>A	1	NC_000012.12:52646778:A:T	CCSBVarC002476	ENSP00000310861.3:p.Ile477Asn	KRT2	ENSG00000172867	KRT25
HsVcPPILacVa1	CCSBORF55855	2	CCSBORF100014440	LW	3	1462G>A	282	NC_000012.12:52646746:C:T	CCSBVarC003454	ENSP00000310861.3:p.Glu488Lys	KRT2	ENSG00000172867	KRT25
HsVcPPILacVa1	CCSBORF55855	2	CCSBORF100014440	LW	3	1618G>A	2	NC_000012.12:52645320:C:T	CCSBVarC016129	ENSP00000310861.3:p.Gly540Ser	KRT2	ENSG00000172867	KRT25
HsVcPPILacVa1	CCSBORF55855	2	CCSBORF100014440	LW	3	1723T>G	129	NC_000012.12:52645215:A:C	CCSBVarC016135	ENSP00000310861.3:p.Ser575Ala	KRT2	ENSG00000172867	KRT25
HsVcPPILacVa1	CCSBORF55855	2	CCSBORF100014440	LW	3	1813G>C	1089	NC_000012.12:52645125:C:G	CCSBVarC016141	ENSP00000310861.3:p.Gly605Arg	KRT2	ENSG00000172867	KRT25
HsVcPPILacVa1	CCSBORF55855	2	CCSBORF100014440	LW	3	1900G>A	848	NC_000012.12:52645038:C:T	CCSBVarC016148	ENSP00000310861.3:p.Val634Met	KRT2	ENSG00000172867	KRT25
HsVcPPILacVa1	CCSBORF55855	2	CCSBORF100014440	LW	3	253G>A	2	NC_000012.12:52651889:C:T	CCSBVarC016156	ENSP00000310861.3:p.Ala85Thr	KRT2	ENSG00000172867	KRT25
HsVcPPILacVa1	CCSBORF55855	2	CCSBORF100014440	LW	3	301A>G	723	NC_000012.12:52651841:T:C	CCSBVarC012695	ENSP00000310861.3:p.Ser101Gly	KRT2	ENSG00000172867	KRT25
HsVcPPILacVa1	CCSBORF55855	2	CCSBORF100014440	LW	3	446G>T	1	NC_000012.12:52651696:C:A	CCSBVarC016164	ENSP00000310861.3:p.Gly149Val	KRT2	ENSG00000172867	KRT25
HsVcPPILacVa1	CCSBORF55855	2	CCSBORF100014440	LW	3	52G>A	31	NC_000012.12:52652090:C:T	CCSBVarC016186	ENSP00000310861.3:p.Gly18Arg	KRT2	ENSG00000172867	KRT25
HsVcPPILacVa1	CCSBORF55855	2	CCSBORF100014440	LW	3	542A>C	3725	NC_000012.12:52651600:T:G	CCSBVarC002474	ENSP00000310861.3:p.Gln181Pro	KRT2	ENSG00000172867	KRT25
HsVcPPILacVa1	CCSBORF55855	2	CCSBORF100014440	LW	3	656G>A	103	NC_000012.12:52650482:C:T	CCSBVarC002918	ENSP00000310861.3:p.Gly219Asp	KRT2	ENSG00000172867	KRT25
HsVcPPILacVa1	CCSBORF55855	2	CCSBORF100014440	LW	3	659C>A	35	NC_000012.12:52650479:G:T	CCSBVarC016214	ENSP00000310861.3:p.Thr220Asn	KRT2	ENSG00000172867	KRT25
HsVcPPILacVa1	CCSBORF55855	2	CCSBORF100014440	LW	3	800A>C	0	NC_000012.12:52650338:T:G	CCSBVarC016222	ENSP00000310861.3:p.Lys267Thr	KRT2	ENSG00000172867	KRT25
HsVcPPILacVa1	CCSBORF7866	1	CCSBORF71783	LW	3	REF	2251	NULL	NULL	NULL	EFHC1	ENSG00000096093	PBX1
HsVcPPILacVa1	CCSBORF7866	1	CCSBORF71783	LW	3	1180G>T	22	NC_000006.12:52469374:G:T	CCSBVarC001266	ENSP00000360107.4:p.Ala394Ser	EFHC1	ENSG00000096093	PBX1
HsVcPPILacVa1	CCSBORF7866	1	CCSBORF71783	LW	3	1343T>C	664	NC_000006.12:52479100:T:C	CCSBVarC002921	ENSP00000360107.4:p.Met448Thr	EFHC1	ENSG00000096093	PBX1
HsVcPPILacVa1	CCSBORF7866	1	CCSBORF71783	LW	3	1523C>G	930	NC_000006.12:52479669:C:G	CCSBVarC001267	ENSP00000360107.4:p.Thr508Arg	EFHC1	ENSG00000096093	PBX1
HsVcPPILacVa1	CCSBORF7866	1	CCSBORF71783	LW	3	1820A>G	171	NC_000006.12:52490318:A:G	CCSBVarC017141	ENSP00000360107.4:p.Asn607Ser	EFHC1	ENSG00000096093	PBX1
HsVcPPILacVa1	CCSBORF7866	1	CCSBORF71783	LW	3	229C>A	5023	NC_000006.12:52424110:C:A	CCSBVarC001264	ENSP00000360107.4:p.Pro77Thr	EFHC1	ENSG00000096093	PBX1
HsVcPPILacVa1	CCSBORF7866	1	CCSBORF71783	LW	3	475C>G	291	NC_000006.12:52438492:C:G	CCSBVarC017143	ENSP00000360107.4:p.Arg159Gly	EFHC1	ENSG00000096093	PBX1
HsVcPPILacVa1	CCSBORF7866	1	CCSBORF71783	LW	3	475C>T	5235	NC_000006.12:52438492:C:T	CCSBVarC002919	ENSP00000360107.4:p.Arg159Trp	EFHC1	ENSG00000096093	PBX1
HsVcPPILacVa1	CCSBORF7866	1	CCSBORF71783	LW	3	520A>G	5197	NC_000006.12:52438537:A:G	CCSBVarC003446	ENSP00000360107.4:p.Ile174Val	EFHC1	ENSG00000096093	PBX1
HsVcPPILacVa1	CCSBORF7866	1	CCSBORF71783	LW	3	628G>A	233	NC_000006.12:52452741:G:A	CCSBVarC003447	ENSP00000360107.4:p.Asp210Asn	EFHC1	ENSG00000096093	PBX1
HsVcPPILacVa1	CCSBORF7866	1	CCSBORF71783	LW	3	662G>A	245	NC_000006.12:52452775:G:A	CCSBVarC001265	ENSP00000360107.4:p.Arg221His	EFHC1	ENSG00000096093	PBX1
HsVcPPILacVa1	CCSBORF7866	1	CCSBORF71783	LW	3	685T>C	72	NC_000006.12:52452798:T:C	CCSBVarC003448	ENSP00000360107.4:p.Phe229Leu	EFHC1	ENSG00000096093	PBX1
HsVcPPILacVa1	CCSBORF7866	1	CCSBORF71783	LW	3	757G>T	17	NC_000006.12:52454127:G:T	CCSBVarC003449	ENSP00000360107.4:p.Asp253Tyr	EFHC1	ENSG00000096093	PBX1
HsVcPPILacVa1	CCSBORF7866	1	CCSBORF71783	LW	3	776G>A	8	NC_000006.12:52454146:G:A	CCSBVarC003450	ENSP00000360107.4:p.Cys259Tyr	EFHC1	ENSG00000096093	PBX1
HsVcPPILacVa1	CCSBORF7866	1	CCSBORF53886	LW	3	REF	3305	NULL	NULL	NULL	EFHC1	ENSG00000096093	TLE5
HsVcPPILacVa1	CCSBORF7866	1	CCSBORF53886	LW	3	1180G>T	29	NC_000006.12:52469374:G:T	CCSBVarC001266	ENSP00000360107.4:p.Ala394Ser	EFHC1	ENSG00000096093	TLE5
HsVcPPILacVa1	CCSBORF7866	1	CCSBORF53886	LW	3	1343T>C	735	NC_000006.12:52479100:T:C	CCSBVarC002921	ENSP00000360107.4:p.Met448Thr	EFHC1	ENSG00000096093	TLE5
HsVcPPILacVa1	CCSBORF7866	1	CCSBORF53886	LW	3	1523C>G	920	NC_000006.12:52479669:C:G	CCSBVarC001267	ENSP00000360107.4:p.Thr508Arg	EFHC1	ENSG00000096093	TLE5
HsVcPPILacVa1	CCSBORF7866	1	CCSBORF53886	LW	3	1820A>G	247	NC_000006.12:52490318:A:G	CCSBVarC017141	ENSP00000360107.4:p.Asn607Ser	EFHC1	ENSG00000096093	TLE5
HsVcPPILacVa1	CCSBORF7866	1	CCSBORF53886	LW	3	229C>A	8606	NC_000006.12:52424110:C:A	CCSBVarC001264	ENSP00000360107.4:p.Pro77Thr	EFHC1	ENSG00000096093	TLE5
HsVcPPILacVa1	CCSBORF7866	1	CCSBORF53886	LW	3	475C>G	89	NC_000006.12:52438492:C:G	CCSBVarC017143	ENSP00000360107.4:p.Arg159Gly	EFHC1	ENSG00000096093	TLE5
HsVcPPILacVa1	CCSBORF7866	1	CCSBORF53886	LW	3	475C>T	4279	NC_000006.12:52438492:C:T	CCSBVarC002919	ENSP00000360107.4:p.Arg159Trp	EFHC1	ENSG00000096093	TLE5
HsVcPPILacVa1	CCSBORF7866	1	CCSBORF53886	LW	3	520A>G	6275	NC_000006.12:52438537:A:G	CCSBVarC003446	ENSP00000360107.4:p.Ile174Val	EFHC1	ENSG00000096093	TLE5
HsVcPPILacVa1	CCSBORF7866	1	CCSBORF53886	LW	3	628G>A	531	NC_000006.12:52452741:G:A	CCSBVarC003447	ENSP00000360107.4:p.Asp210Asn	EFHC1	ENSG00000096093	TLE5
HsVcPPILacVa1	CCSBORF7866	1	CCSBORF53886	LW	3	662G>A	318	NC_000006.12:52452775:G:A	CCSBVarC001265	ENSP00000360107.4:p.Arg221His	EFHC1	ENSG00000096093	TLE5
HsVcPPILacVa1	CCSBORF7866	1	CCSBORF53886	LW	3	685T>C	100	NC_000006.12:52452798:T:C	CCSBVarC003448	ENSP00000360107.4:p.Phe229Leu	EFHC1	ENSG00000096093	TLE5
HsVcPPILacVa1	CCSBORF7866	1	CCSBORF53886	LW	3	757G>T	15	NC_000006.12:52454127:G:T	CCSBVarC003449	ENSP00000360107.4:p.Asp253Tyr	EFHC1	ENSG00000096093	TLE5
HsVcPPILacVa1	CCSBORF7866	1	CCSBORF53886	LW	3	776G>A	16	NC_000006.12:52454146:G:A	CCSBVarC003450	ENSP00000360107.4:p.Cys259Tyr	EFHC1	ENSG00000096093	TLE5
HsVcPPILacVa1	CCSBORF55855	1	CCSBORF56141	LW	3	REF	382	NULL	NULL	NULL	KRT2	ENSG00000172867	KRT31
HsVcPPILacVa1	CCSBORF55855	1	CCSBORF56141	LW	3	1051G>A	1756	NC_000012.12:52648243:C:T	CCSBVarC016094	ENSP00000310861.3:p.Glu351Lys	KRT2	ENSG00000172867	KRT31
HsVcPPILacVa1	CCSBORF55855	1	CCSBORF56141	LW	3	1070A>G	247	NC_000012.12:52648224:T:C	CCSBVarC016110	ENSP00000310861.3:p.Glu357Gly	KRT2	ENSG00000172867	KRT31
HsVcPPILacVa1	CCSBORF55855	1	CCSBORF56141	LW	3	1106C>T	1	NC_000012.12:52648188:G:A	CCSBVarC016116	ENSP00000310861.3:p.Ala369Val	KRT2	ENSG00000172867	KRT31
HsVcPPILacVa1	CCSBORF55855	1	CCSBORF56141	LW	3	1230C>G	9	NC_000012.12:52647747:G:C	CCSBVarC016120	ENSP00000310861.3:p.Ile410Met	KRT2	ENSG00000172867	KRT31
HsVcPPILacVa1	CCSBORF55855	1	CCSBORF56141	LW	3	1325T>G	676	NC_000012.12:52646883:A:C	CCSBVarC016123	ENSP00000310861.3:p.Leu442Trp	KRT2	ENSG00000172867	KRT31
HsVcPPILacVa1	CCSBORF55855	1	CCSBORF56141	LW	3	1435A>C	1158	NC_000012.12:52646773:T:G	CCSBVarC003453	ENSP00000310861.3:p.Thr479Pro	KRT2	ENSG00000172867	KRT31
HsVcPPILacVa1	CCSBORF55855	1	CCSBORF56141	LW	3	1451T>C	366	NC_000012.12:52646757:A:G	CCSBVarC002477	ENSP00000310861.3:p.Leu484Pro	KRT2	ENSG00000172867	KRT31
HsVcPPILacVa1	CCSBORF55855	1	CCSBORF56141	LW	3	1480G>C	159	NC_000012.12:52645558:C:G	CCSBVarC016127	ENSP00000310861.3:p.Asp494His	KRT2	ENSG00000172867	KRT31
HsVcPPILacVa1	CCSBORF55855	1	CCSBORF56141	LW	3	1694C>T	172	NC_000012.12:52645244:G:A	CCSBVarC016132	ENSP00000310861.3:p.Ser565Phe	KRT2	ENSG00000172867	KRT31
HsVcPPILacVa1	CCSBORF55855	1	CCSBORF56141	LW	3	181C>T	8	NC_000012.12:52651961:G:A	CCSBVarC016138	ENSP00000310861.3:p.Arg61Trp	KRT2	ENSG00000172867	KRT31
HsVcPPILacVa1	CCSBORF55855	1	CCSBORF56141	LW	3	1869G>T	63	NC_000012.12:52645069:C:A	CCSBVarC016144	ENSP00000310861.3:p.Lys623Asn	KRT2	ENSG00000172867	KRT31
HsVcPPILacVa1	CCSBORF55855	1	CCSBORF56141	LW	3	1912T>C	50	NC_000012.12:52645026:A:G	CCSBVarC016151	ENSP00000310861.3:p.Phe638Leu	KRT2	ENSG00000172867	KRT31
HsVcPPILacVa1	CCSBORF55855	1	CCSBORF56141	LW	3	295G>A	171	NC_000012.12:52651847:C:T	CCSBVarC016158	ENSP00000310861.3:p.Gly99Ser	KRT2	ENSG00000172867	KRT31
HsVcPPILacVa1	CCSBORF55855	1	CCSBORF56141	LW	3	493G>A	32	NC_000012.12:52651649:C:T	CCSBVarC016179	ENSP00000310861.3:p.Val165Met	KRT2	ENSG00000172867	KRT31
HsVcPPILacVa1	CCSBORF55855	1	CCSBORF56141	LW	3	536G>A	192	NC_000012.12:52651606:C:T	CCSBVarC016211	ENSP00000310861.3:p.Arg179His	KRT2	ENSG00000172867	KRT31
HsVcPPILacVa1	CCSBORF55855	1	CCSBORF56141	LW	3	556A>T	332	NC_000012.12:52651586:T:A	CCSBVarC003451	ENSP00000310861.3:p.Asn186Tyr	KRT2	ENSG00000172867	KRT31
HsVcPPILacVa1	CCSBORF55855	1	CCSBORF56141	LW	3	558C>A	162	NC_000012.12:52651584:G:T	CCSBVarC002475	ENSP00000310861.3:p.Asn186Lys	KRT2	ENSG00000172867	KRT31
HsVcPPILacVa1	CCSBORF55855	1	CCSBORF56141	LW	3	710A>G	40	NC_000012.12:52650428:T:C	CCSBVarC016220	ENSP00000310861.3:p.Lys237Arg	KRT2	ENSG00000172867	KRT31
HsVcPPILacVa1	CCSBORF55855	1	CCSBORF56141	LW	3	767A>G	32	NC_000012.12:52650371:T:C	CCSBVarC012686	ENSP00000310861.3:p.Asn256Ser	KRT2	ENSG00000172867	KRT31
HsVcPPILacVa1	CCSBORF55855	1	CCSBORF56141	LW	3	865G>A	385	NC_000012.12:52649098:C:T	CCSBVarC016224	ENSP00000310861.3:p.Val289Met	KRT2	ENSG00000172867	KRT31
HsVcPPILacVa1	CCSBORF55855	2	CCSBORF6802	LW	3	REF	641	NULL	NULL	NULL	KRT2	ENSG00000172867	KRT33B
HsVcPPILacVa1	CCSBORF55855	2	CCSBORF6802	LW	3	1066T>C	288	NC_000012.12:52648228:A:G	CCSBVarC016108	ENSP00000310861.3:p.Tyr356His	KRT2	ENSG00000172867	KRT33B
HsVcPPILacVa1	CCSBORF55855	2	CCSBORF6802	LW	3	1094A>G	401	NC_000012.12:52648200:T:C	CCSBVarC016114	ENSP00000310861.3:p.Glu365Gly	KRT2	ENSG00000172867	KRT33B
HsVcPPILacVa1	CCSBORF55855	2	CCSBORF6802	LW	3	1114C>A	209	NC_000012.12:52648180:G:T	CCSBVarC016118	ENSP00000310861.3:p.His372Asn	KRT2	ENSG00000172867	KRT33B
HsVcPPILacVa1	CCSBORF55855	2	CCSBORF6802	LW	3	1249T>C	840	NC_000012.12:52646959:A:G	CCSBVarC016122	ENSP00000310861.3:p.Cys417Arg	KRT2	ENSG00000172867	KRT33B
HsVcPPILacVa1	CCSBORF55855	2	CCSBORF6802	LW	3	1355C>G	310	NC_000012.12:52646853:G:C	CCSBVarC016125	ENSP00000310861.3:p.Ala452Gly	KRT2	ENSG00000172867	KRT33B
HsVcPPILacVa1	CCSBORF55855	2	CCSBORF6802	LW	3	1427A>T	37	NC_000012.12:52646781:T:A	CCSBVarC003452	ENSP00000310861.3:p.Glu476Val	KRT2	ENSG00000172867	KRT33B
HsVcPPILacVa1	CCSBORF55855	2	CCSBORF6802	LW	3	1430T>A	0	NC_000012.12:52646778:A:T	CCSBVarC002476	ENSP00000310861.3:p.Ile477Asn	KRT2	ENSG00000172867	KRT33B
HsVcPPILacVa1	CCSBORF55855	2	CCSBORF6802	LW	3	1462G>A	183	NC_000012.12:52646746:C:T	CCSBVarC003454	ENSP00000310861.3:p.Glu488Lys	KRT2	ENSG00000172867	KRT33B
HsVcPPILacVa1	CCSBORF55855	2	CCSBORF6802	LW	3	1618G>A	2	NC_000012.12:52645320:C:T	CCSBVarC016129	ENSP00000310861.3:p.Gly540Ser	KRT2	ENSG00000172867	KRT33B
HsVcPPILacVa1	CCSBORF55855	2	CCSBORF6802	LW	3	1723T>G	74	NC_000012.12:52645215:A:C	CCSBVarC016135	ENSP00000310861.3:p.Ser575Ala	KRT2	ENSG00000172867	KRT33B
HsVcPPILacVa1	CCSBORF55855	2	CCSBORF6802	LW	3	1813G>C	1717	NC_000012.12:52645125:C:G	CCSBVarC016141	ENSP00000310861.3:p.Gly605Arg	KRT2	ENSG00000172867	KRT33B
HsVcPPILacVa1	CCSBORF55855	2	CCSBORF6802	LW	3	1900G>A	943	NC_000012.12:52645038:C:T	CCSBVarC016148	ENSP00000310861.3:p.Val634Met	KRT2	ENSG00000172867	KRT33B
HsVcPPILacVa1	CCSBORF55855	2	CCSBORF6802	LW	3	253G>A	2	NC_000012.12:52651889:C:T	CCSBVarC016156	ENSP00000310861.3:p.Ala85Thr	KRT2	ENSG00000172867	KRT33B
HsVcPPILacVa1	CCSBORF55855	2	CCSBORF6802	LW	3	301A>G	705	NC_000012.12:52651841:T:C	CCSBVarC012695	ENSP00000310861.3:p.Ser101Gly	KRT2	ENSG00000172867	KRT33B
HsVcPPILacVa1	CCSBORF55855	2	CCSBORF6802	LW	3	446G>T	2	NC_000012.12:52651696:C:A	CCSBVarC016164	ENSP00000310861.3:p.Gly149Val	KRT2	ENSG00000172867	KRT33B
HsVcPPILacVa1	CCSBORF55855	2	CCSBORF6802	LW	3	52G>A	17	NC_000012.12:52652090:C:T	CCSBVarC016186	ENSP00000310861.3:p.Gly18Arg	KRT2	ENSG00000172867	KRT33B
HsVcPPILacVa1	CCSBORF55855	2	CCSBORF6802	LW	3	542A>C	2650	NC_000012.12:52651600:T:G	CCSBVarC002474	ENSP00000310861.3:p.Gln181Pro	KRT2	ENSG00000172867	KRT33B
HsVcPPILacVa1	CCSBORF55855	2	CCSBORF6802	LW	3	656G>A	59	NC_000012.12:52650482:C:T	CCSBVarC002918	ENSP00000310861.3:p.Gly219Asp	KRT2	ENSG00000172867	KRT33B
HsVcPPILacVa1	CCSBORF55855	2	CCSBORF6802	LW	3	659C>A	18	NC_000012.12:52650479:G:T	CCSBVarC016214	ENSP00000310861.3:p.Thr220Asn	KRT2	ENSG00000172867	KRT33B
HsVcPPILacVa1	CCSBORF55855	2	CCSBORF6802	LW	3	800A>C	2	NC_000012.12:52650338:T:G	CCSBVarC016222	ENSP00000310861.3:p.Lys267Thr	KRT2	ENSG00000172867	KRT33B
HsVcPPILacVa1	CCSBORF7866	1	CCSBORF65	LW	3	REF	1832	NULL	NULL	NULL	EFHC1	ENSG00000096093	KRT18
HsVcPPILacVa1	CCSBORF7866	1	CCSBORF65	LW	3	1180G>T	23	NC_000006.12:52469374:G:T	CCSBVarC001266	ENSP00000360107.4:p.Ala394Ser	EFHC1	ENSG00000096093	KRT18
HsVcPPILacVa1	CCSBORF7866	1	CCSBORF65	LW	3	1343T>C	449	NC_000006.12:52479100:T:C	CCSBVarC002921	ENSP00000360107.4:p.Met448Thr	EFHC1	ENSG00000096093	KRT18
HsVcPPILacVa1	CCSBORF7866	1	CCSBORF65	LW	3	1523C>G	616	NC_000006.12:52479669:C:G	CCSBVarC001267	ENSP00000360107.4:p.Thr508Arg	EFHC1	ENSG00000096093	KRT18
HsVcPPILacVa1	CCSBORF7866	1	CCSBORF65	LW	3	1820A>G	77	NC_000006.12:52490318:A:G	CCSBVarC017141	ENSP00000360107.4:p.Asn607Ser	EFHC1	ENSG00000096093	KRT18
HsVcPPILacVa1	CCSBORF7866	1	CCSBORF65	LW	3	229C>A	5130	NC_000006.12:52424110:C:A	CCSBVarC001264	ENSP00000360107.4:p.Pro77Thr	EFHC1	ENSG00000096093	KRT18
HsVcPPILacVa1	CCSBORF7866	1	CCSBORF65	LW	3	475C>G	75	NC_000006.12:52438492:C:G	CCSBVarC017143	ENSP00000360107.4:p.Arg159Gly	EFHC1	ENSG00000096093	KRT18
HsVcPPILacVa1	CCSBORF7866	1	CCSBORF65	LW	3	475C>T	2765	NC_000006.12:52438492:C:T	CCSBVarC002919	ENSP00000360107.4:p.Arg159Trp	EFHC1	ENSG00000096093	KRT18
HsVcPPILacVa1	CCSBORF7866	1	CCSBORF65	LW	3	520A>G	4302	NC_000006.12:52438537:A:G	CCSBVarC003446	ENSP00000360107.4:p.Ile174Val	EFHC1	ENSG00000096093	KRT18
HsVcPPILacVa1	CCSBORF7866	1	CCSBORF65	LW	3	628G>A	144	NC_000006.12:52452741:G:A	CCSBVarC003447	ENSP00000360107.4:p.Asp210Asn	EFHC1	ENSG00000096093	KRT18
HsVcPPILacVa1	CCSBORF7866	1	CCSBORF65	LW	3	662G>A	102	NC_000006.12:52452775:G:A	CCSBVarC001265	ENSP00000360107.4:p.Arg221His	EFHC1	ENSG00000096093	KRT18
HsVcPPILacVa1	CCSBORF7866	1	CCSBORF65	LW	3	685T>C	25	NC_000006.12:52452798:T:C	CCSBVarC003448	ENSP00000360107.4:p.Phe229Leu	EFHC1	ENSG00000096093	KRT18
HsVcPPILacVa1	CCSBORF7866	1	CCSBORF65	LW	3	757G>T	7	NC_000006.12:52454127:G:T	CCSBVarC003449	ENSP00000360107.4:p.Asp253Tyr	EFHC1	ENSG00000096093	KRT18
HsVcPPILacVa1	CCSBORF7866	1	CCSBORF65	LW	3	776G>A	5	NC_000006.12:52454146:G:A	CCSBVarC003450	ENSP00000360107.4:p.Cys259Tyr	EFHC1	ENSG00000096093	KRT18
HsVcPPILacVa1	CCSBORF7866	1	CCSBORF9637	LW	3	REF	2404	NULL	NULL	NULL	EFHC1	ENSG00000096093	TRAF2
HsVcPPILacVa1	CCSBORF7866	1	CCSBORF9637	LW	3	1180G>T	12	NC_000006.12:52469374:G:T	CCSBVarC001266	ENSP00000360107.4:p.Ala394Ser	EFHC1	ENSG00000096093	TRAF2
HsVcPPILacVa1	CCSBORF7866	1	CCSBORF9637	LW	3	1343T>C	398	NC_000006.12:52479100:T:C	CCSBVarC002921	ENSP00000360107.4:p.Met448Thr	EFHC1	ENSG00000096093	TRAF2
HsVcPPILacVa1	CCSBORF7866	1	CCSBORF9637	LW	3	1523C>G	691	NC_000006.12:52479669:C:G	CCSBVarC001267	ENSP00000360107.4:p.Thr508Arg	EFHC1	ENSG00000096093	TRAF2
HsVcPPILacVa1	CCSBORF7866	1	CCSBORF9637	LW	3	1820A>G	187	NC_000006.12:52490318:A:G	CCSBVarC017141	ENSP00000360107.4:p.Asn607Ser	EFHC1	ENSG00000096093	TRAF2
HsVcPPILacVa1	CCSBORF7866	1	CCSBORF9637	LW	3	229C>A	10978	NC_000006.12:52424110:C:A	CCSBVarC001264	ENSP00000360107.4:p.Pro77Thr	EFHC1	ENSG00000096093	TRAF2
HsVcPPILacVa1	CCSBORF7866	1	CCSBORF9637	LW	3	475C>G	13	NC_000006.12:52438492:C:G	CCSBVarC017143	ENSP00000360107.4:p.Arg159Gly	EFHC1	ENSG00000096093	TRAF2
HsVcPPILacVa1	CCSBORF7866	1	CCSBORF9637	LW	3	475C>T	4602	NC_000006.12:52438492:C:T	CCSBVarC002919	ENSP00000360107.4:p.Arg159Trp	EFHC1	ENSG00000096093	TRAF2
HsVcPPILacVa1	CCSBORF7866	1	CCSBORF9637	LW	3	520A>G	5434	NC_000006.12:52438537:A:G	CCSBVarC003446	ENSP00000360107.4:p.Ile174Val	EFHC1	ENSG00000096093	TRAF2
HsVcPPILacVa1	CCSBORF7866	1	CCSBORF9637	LW	3	628G>A	118	NC_000006.12:52452741:G:A	CCSBVarC003447	ENSP00000360107.4:p.Asp210Asn	EFHC1	ENSG00000096093	TRAF2
HsVcPPILacVa1	CCSBORF7866	1	CCSBORF9637	LW	3	662G>A	230	NC_000006.12:52452775:G:A	CCSBVarC001265	ENSP00000360107.4:p.Arg221His	EFHC1	ENSG00000096093	TRAF2
HsVcPPILacVa1	CCSBORF7866	1	CCSBORF9637	LW	3	685T>C	35	NC_000006.12:52452798:T:C	CCSBVarC003448	ENSP00000360107.4:p.Phe229Leu	EFHC1	ENSG00000096093	TRAF2
HsVcPPILacVa1	CCSBORF7866	1	CCSBORF9637	LW	3	757G>T	19	NC_000006.12:52454127:G:T	CCSBVarC003449	ENSP00000360107.4:p.Asp253Tyr	EFHC1	ENSG00000096093	TRAF2
HsVcPPILacVa1	CCSBORF7866	1	CCSBORF9637	LW	3	776G>A	9	NC_000006.12:52454146:G:A	CCSBVarC003450	ENSP00000360107.4:p.Cys259Tyr	EFHC1	ENSG00000096093	TRAF2
HsVcPPILacVa1	CCSBORF55855	1	CCSBORF54668	LW	3	REF	355	NULL	NULL	NULL	KRT2	ENSG00000172867	KRT40
HsVcPPILacVa1	CCSBORF55855	1	CCSBORF54668	LW	3	1051G>A	2144	NC_000012.12:52648243:C:T	CCSBVarC016094	ENSP00000310861.3:p.Glu351Lys	KRT2	ENSG00000172867	KRT40
HsVcPPILacVa1	CCSBORF55855	1	CCSBORF54668	LW	3	1070A>G	253	NC_000012.12:52648224:T:C	CCSBVarC016110	ENSP00000310861.3:p.Glu357Gly	KRT2	ENSG00000172867	KRT40
HsVcPPILacVa1	CCSBORF55855	1	CCSBORF54668	LW	3	1106C>T	4	NC_000012.12:52648188:G:A	CCSBVarC016116	ENSP00000310861.3:p.Ala369Val	KRT2	ENSG00000172867	KRT40
HsVcPPILacVa1	CCSBORF55855	1	CCSBORF54668	LW	3	1230C>G	5	NC_000012.12:52647747:G:C	CCSBVarC016120	ENSP00000310861.3:p.Ile410Met	KRT2	ENSG00000172867	KRT40
HsVcPPILacVa1	CCSBORF55855	1	CCSBORF54668	LW	3	1325T>G	695	NC_000012.12:52646883:A:C	CCSBVarC016123	ENSP00000310861.3:p.Leu442Trp	KRT2	ENSG00000172867	KRT40
HsVcPPILacVa1	CCSBORF55855	1	CCSBORF54668	LW	3	1435A>C	1700	NC_000012.12:52646773:T:G	CCSBVarC003453	ENSP00000310861.3:p.Thr479Pro	KRT2	ENSG00000172867	KRT40
HsVcPPILacVa1	CCSBORF55855	1	CCSBORF54668	LW	3	1451T>C	272	NC_000012.12:52646757:A:G	CCSBVarC002477	ENSP00000310861.3:p.Leu484Pro	KRT2	ENSG00000172867	KRT40
HsVcPPILacVa1	CCSBORF55855	1	CCSBORF54668	LW	3	1480G>C	537	NC_000012.12:52645558:C:G	CCSBVarC016127	ENSP00000310861.3:p.Asp494His	KRT2	ENSG00000172867	KRT40
HsVcPPILacVa1	CCSBORF55855	1	CCSBORF54668	LW	3	1694C>T	278	NC_000012.12:52645244:G:A	CCSBVarC016132	ENSP00000310861.3:p.Ser565Phe	KRT2	ENSG00000172867	KRT40
HsVcPPILacVa1	CCSBORF55855	1	CCSBORF54668	LW	3	181C>T	28	NC_000012.12:52651961:G:A	CCSBVarC016138	ENSP00000310861.3:p.Arg61Trp	KRT2	ENSG00000172867	KRT40
HsVcPPILacVa1	CCSBORF55855	1	CCSBORF54668	LW	3	1869G>T	110	NC_000012.12:52645069:C:A	CCSBVarC016144	ENSP00000310861.3:p.Lys623Asn	KRT2	ENSG00000172867	KRT40
HsVcPPILacVa1	CCSBORF55855	1	CCSBORF54668	LW	3	1912T>C	20	NC_000012.12:52645026:A:G	CCSBVarC016151	ENSP00000310861.3:p.Phe638Leu	KRT2	ENSG00000172867	KRT40
HsVcPPILacVa1	CCSBORF55855	1	CCSBORF54668	LW	3	295G>A	191	NC_000012.12:52651847:C:T	CCSBVarC016158	ENSP00000310861.3:p.Gly99Ser	KRT2	ENSG00000172867	KRT40
HsVcPPILacVa1	CCSBORF55855	1	CCSBORF54668	LW	3	493G>A	1	NC_000012.12:52651649:C:T	CCSBVarC016179	ENSP00000310861.3:p.Val165Met	KRT2	ENSG00000172867	KRT40
HsVcPPILacVa1	CCSBORF55855	1	CCSBORF54668	LW	3	536G>A	239	NC_000012.12:52651606:C:T	CCSBVarC016211	ENSP00000310861.3:p.Arg179His	KRT2	ENSG00000172867	KRT40
HsVcPPILacVa1	CCSBORF55855	1	CCSBORF54668	LW	3	556A>T	331	NC_000012.12:52651586:T:A	CCSBVarC003451	ENSP00000310861.3:p.Asn186Tyr	KRT2	ENSG00000172867	KRT40
HsVcPPILacVa1	CCSBORF55855	1	CCSBORF54668	LW	3	558C>A	358	NC_000012.12:52651584:G:T	CCSBVarC002475	ENSP00000310861.3:p.Asn186Lys	KRT2	ENSG00000172867	KRT40
HsVcPPILacVa1	CCSBORF55855	1	CCSBORF54668	LW	3	710A>G	1	NC_000012.12:52650428:T:C	CCSBVarC016220	ENSP00000310861.3:p.Lys237Arg	KRT2	ENSG00000172867	KRT40
HsVcPPILacVa1	CCSBORF55855	1	CCSBORF54668	LW	3	767A>G	4	NC_000012.12:52650371:T:C	CCSBVarC012686	ENSP00000310861.3:p.Asn256Ser	KRT2	ENSG00000172867	KRT40
HsVcPPILacVa1	CCSBORF55855	1	CCSBORF54668	LW	3	865G>A	431	NC_000012.12:52649098:C:T	CCSBVarC016224	ENSP00000310861.3:p.Val289Met	KRT2	ENSG00000172867	KRT40
HsVcPPILacVa1	CCSBORF55855	2	CCSBORF56141	LW	3	REF	467	NULL	NULL	NULL	KRT2	ENSG00000172867	KRT31
HsVcPPILacVa1	CCSBORF55855	2	CCSBORF56141	LW	3	1066T>C	92	NC_000012.12:52648228:A:G	CCSBVarC016108	ENSP00000310861.3:p.Tyr356His	KRT2	ENSG00000172867	KRT31
HsVcPPILacVa1	CCSBORF55855	2	CCSBORF56141	LW	3	1094A>G	315	NC_000012.12:52648200:T:C	CCSBVarC016114	ENSP00000310861.3:p.Glu365Gly	KRT2	ENSG00000172867	KRT31
HsVcPPILacVa1	CCSBORF55855	2	CCSBORF56141	LW	3	1114C>A	258	NC_000012.12:52648180:G:T	CCSBVarC016118	ENSP00000310861.3:p.His372Asn	KRT2	ENSG00000172867	KRT31
HsVcPPILacVa1	CCSBORF55855	2	CCSBORF56141	LW	3	1249T>C	607	NC_000012.12:52646959:A:G	CCSBVarC016122	ENSP00000310861.3:p.Cys417Arg	KRT2	ENSG00000172867	KRT31
HsVcPPILacVa1	CCSBORF55855	2	CCSBORF56141	LW	3	1355C>G	316	NC_000012.12:52646853:G:C	CCSBVarC016125	ENSP00000310861.3:p.Ala452Gly	KRT2	ENSG00000172867	KRT31
HsVcPPILacVa1	CCSBORF55855	2	CCSBORF56141	LW	3	1427A>T	82	NC_000012.12:52646781:T:A	CCSBVarC003452	ENSP00000310861.3:p.Glu476Val	KRT2	ENSG00000172867	KRT31
HsVcPPILacVa1	CCSBORF55855	2	CCSBORF56141	LW	3	1430T>A	0	NC_000012.12:52646778:A:T	CCSBVarC002476	ENSP00000310861.3:p.Ile477Asn	KRT2	ENSG00000172867	KRT31
HsVcPPILacVa1	CCSBORF55855	2	CCSBORF56141	LW	3	1462G>A	246	NC_000012.12:52646746:C:T	CCSBVarC003454	ENSP00000310861.3:p.Glu488Lys	KRT2	ENSG00000172867	KRT31
HsVcPPILacVa1	CCSBORF55855	2	CCSBORF56141	LW	3	1618G>A	1	NC_000012.12:52645320:C:T	CCSBVarC016129	ENSP00000310861.3:p.Gly540Ser	KRT2	ENSG00000172867	KRT31
HsVcPPILacVa1	CCSBORF55855	2	CCSBORF56141	LW	3	1723T>G	43	NC_000012.12:52645215:A:C	CCSBVarC016135	ENSP00000310861.3:p.Ser575Ala	KRT2	ENSG00000172867	KRT31
HsVcPPILacVa1	CCSBORF55855	2	CCSBORF56141	LW	3	1813G>C	1046	NC_000012.12:52645125:C:G	CCSBVarC016141	ENSP00000310861.3:p.Gly605Arg	KRT2	ENSG00000172867	KRT31
HsVcPPILacVa1	CCSBORF55855	2	CCSBORF56141	LW	3	1900G>A	679	NC_000012.12:52645038:C:T	CCSBVarC016148	ENSP00000310861.3:p.Val634Met	KRT2	ENSG00000172867	KRT31
HsVcPPILacVa1	CCSBORF55855	2	CCSBORF56141	LW	3	253G>A	2	NC_000012.12:52651889:C:T	CCSBVarC016156	ENSP00000310861.3:p.Ala85Thr	KRT2	ENSG00000172867	KRT31
HsVcPPILacVa1	CCSBORF55855	2	CCSBORF56141	LW	3	301A>G	404	NC_000012.12:52651841:T:C	CCSBVarC012695	ENSP00000310861.3:p.Ser101Gly	KRT2	ENSG00000172867	KRT31
HsVcPPILacVa1	CCSBORF55855	2	CCSBORF56141	LW	3	446G>T	1	NC_000012.12:52651696:C:A	CCSBVarC016164	ENSP00000310861.3:p.Gly149Val	KRT2	ENSG00000172867	KRT31
HsVcPPILacVa1	CCSBORF55855	2	CCSBORF56141	LW	3	52G>A	16	NC_000012.12:52652090:C:T	CCSBVarC016186	ENSP00000310861.3:p.Gly18Arg	KRT2	ENSG00000172867	KRT31
HsVcPPILacVa1	CCSBORF55855	2	CCSBORF56141	LW	3	542A>C	2620	NC_000012.12:52651600:T:G	CCSBVarC002474	ENSP00000310861.3:p.Gln181Pro	KRT2	ENSG00000172867	KRT31
HsVcPPILacVa1	CCSBORF55855	2	CCSBORF56141	LW	3	656G>A	106	NC_000012.12:52650482:C:T	CCSBVarC002918	ENSP00000310861.3:p.Gly219Asp	KRT2	ENSG00000172867	KRT31
HsVcPPILacVa1	CCSBORF55855	2	CCSBORF56141	LW	3	659C>A	3	NC_000012.12:52650479:G:T	CCSBVarC016214	ENSP00000310861.3:p.Thr220Asn	KRT2	ENSG00000172867	KRT31
HsVcPPILacVa1	CCSBORF55855	2	CCSBORF56141	LW	3	800A>C	0	NC_000012.12:52650338:T:G	CCSBVarC016222	ENSP00000310861.3:p.Lys267Thr	KRT2	ENSG00000172867	KRT31
HsVcPPILacVa1	CCSBORF7866	1	CCSBORF1214	LW	3	REF	929	NULL	NULL	NULL	EFHC1	ENSG00000096093	KCTD4
HsVcPPILacVa1	CCSBORF7866	1	CCSBORF1214	LW	3	1180G>T	9	NC_000006.12:52469374:G:T	CCSBVarC001266	ENSP00000360107.4:p.Ala394Ser	EFHC1	ENSG00000096093	KCTD4
HsVcPPILacVa1	CCSBORF7866	1	CCSBORF1214	LW	3	1343T>C	211	NC_000006.12:52479100:T:C	CCSBVarC002921	ENSP00000360107.4:p.Met448Thr	EFHC1	ENSG00000096093	KCTD4
HsVcPPILacVa1	CCSBORF7866	1	CCSBORF1214	LW	3	1523C>G	400	NC_000006.12:52479669:C:G	CCSBVarC001267	ENSP00000360107.4:p.Thr508Arg	EFHC1	ENSG00000096093	KCTD4
HsVcPPILacVa1	CCSBORF7866	1	CCSBORF1214	LW	3	1820A>G	60	NC_000006.12:52490318:A:G	CCSBVarC017141	ENSP00000360107.4:p.Asn607Ser	EFHC1	ENSG00000096093	KCTD4
HsVcPPILacVa1	CCSBORF7866	1	CCSBORF1214	LW	3	229C>A	2703	NC_000006.12:52424110:C:A	CCSBVarC001264	ENSP00000360107.4:p.Pro77Thr	EFHC1	ENSG00000096093	KCTD4
HsVcPPILacVa1	CCSBORF7866	1	CCSBORF1214	LW	3	475C>G	12	NC_000006.12:52438492:C:G	CCSBVarC017143	ENSP00000360107.4:p.Arg159Gly	EFHC1	ENSG00000096093	KCTD4
HsVcPPILacVa1	CCSBORF7866	1	CCSBORF1214	LW	3	475C>T	1495	NC_000006.12:52438492:C:T	CCSBVarC002919	ENSP00000360107.4:p.Arg159Trp	EFHC1	ENSG00000096093	KCTD4
HsVcPPILacVa1	CCSBORF7866	1	CCSBORF1214	LW	3	520A>G	2346	NC_000006.12:52438537:A:G	CCSBVarC003446	ENSP00000360107.4:p.Ile174Val	EFHC1	ENSG00000096093	KCTD4
HsVcPPILacVa1	CCSBORF7866	1	CCSBORF1214	LW	3	628G>A	140	NC_000006.12:52452741:G:A	CCSBVarC003447	ENSP00000360107.4:p.Asp210Asn	EFHC1	ENSG00000096093	KCTD4
HsVcPPILacVa1	CCSBORF7866	1	CCSBORF1214	LW	3	662G>A	39	NC_000006.12:52452775:G:A	CCSBVarC001265	ENSP00000360107.4:p.Arg221His	EFHC1	ENSG00000096093	KCTD4
HsVcPPILacVa1	CCSBORF7866	1	CCSBORF1214	LW	3	685T>C	6	NC_000006.12:52452798:T:C	CCSBVarC003448	ENSP00000360107.4:p.Phe229Leu	EFHC1	ENSG00000096093	KCTD4
HsVcPPILacVa1	CCSBORF7866	1	CCSBORF1214	LW	3	757G>T	5	NC_000006.12:52454127:G:T	CCSBVarC003449	ENSP00000360107.4:p.Asp253Tyr	EFHC1	ENSG00000096093	KCTD4
HsVcPPILacVa1	CCSBORF7866	1	CCSBORF1214	LW	3	776G>A	4	NC_000006.12:52454146:G:A	CCSBVarC003450	ENSP00000360107.4:p.Cys259Tyr	EFHC1	ENSG00000096093	KCTD4
HsVcPPILacVa1	CCSBORF7866	1	CCSBORF5046	LW	3	REF	2379	NULL	NULL	NULL	EFHC1	ENSG00000096093	NQO2
HsVcPPILacVa1	CCSBORF7866	1	CCSBORF5046	LW	3	1180G>T	25	NC_000006.12:52469374:G:T	CCSBVarC001266	ENSP00000360107.4:p.Ala394Ser	EFHC1	ENSG00000096093	NQO2
HsVcPPILacVa1	CCSBORF7866	1	CCSBORF5046	LW	3	1343T>C	491	NC_000006.12:52479100:T:C	CCSBVarC002921	ENSP00000360107.4:p.Met448Thr	EFHC1	ENSG00000096093	NQO2
HsVcPPILacVa1	CCSBORF7866	1	CCSBORF5046	LW	3	1523C>G	799	NC_000006.12:52479669:C:G	CCSBVarC001267	ENSP00000360107.4:p.Thr508Arg	EFHC1	ENSG00000096093	NQO2
HsVcPPILacVa1	CCSBORF7866	1	CCSBORF5046	LW	3	1820A>G	120	NC_000006.12:52490318:A:G	CCSBVarC017141	ENSP00000360107.4:p.Asn607Ser	EFHC1	ENSG00000096093	NQO2
HsVcPPILacVa1	CCSBORF7866	1	CCSBORF5046	LW	3	229C>A	6232	NC_000006.12:52424110:C:A	CCSBVarC001264	ENSP00000360107.4:p.Pro77Thr	EFHC1	ENSG00000096093	NQO2
HsVcPPILacVa1	CCSBORF7866	1	CCSBORF5046	LW	3	475C>G	173	NC_000006.12:52438492:C:G	CCSBVarC017143	ENSP00000360107.4:p.Arg159Gly	EFHC1	ENSG00000096093	NQO2
HsVcPPILacVa1	CCSBORF7866	1	CCSBORF5046	LW	3	475C>T	3501	NC_000006.12:52438492:C:T	CCSBVarC002919	ENSP00000360107.4:p.Arg159Trp	EFHC1	ENSG00000096093	NQO2
HsVcPPILacVa1	CCSBORF7866	1	CCSBORF5046	LW	3	520A>G	5335	NC_000006.12:52438537:A:G	CCSBVarC003446	ENSP00000360107.4:p.Ile174Val	EFHC1	ENSG00000096093	NQO2
HsVcPPILacVa1	CCSBORF7866	1	CCSBORF5046	LW	3	628G>A	293	NC_000006.12:52452741:G:A	CCSBVarC003447	ENSP00000360107.4:p.Asp210Asn	EFHC1	ENSG00000096093	NQO2
HsVcPPILacVa1	CCSBORF7866	1	CCSBORF5046	LW	3	662G>A	151	NC_000006.12:52452775:G:A	CCSBVarC001265	ENSP00000360107.4:p.Arg221His	EFHC1	ENSG00000096093	NQO2
HsVcPPILacVa1	CCSBORF7866	1	CCSBORF5046	LW	3	685T>C	18	NC_000006.12:52452798:T:C	CCSBVarC003448	ENSP00000360107.4:p.Phe229Leu	EFHC1	ENSG00000096093	NQO2
HsVcPPILacVa1	CCSBORF7866	1	CCSBORF5046	LW	3	757G>T	11	NC_000006.12:52454127:G:T	CCSBVarC003449	ENSP00000360107.4:p.Asp253Tyr	EFHC1	ENSG00000096093	NQO2
HsVcPPILacVa1	CCSBORF7866	1	CCSBORF5046	LW	3	776G>A	13	NC_000006.12:52454146:G:A	CCSBVarC003450	ENSP00000360107.4:p.Cys259Tyr	EFHC1	ENSG00000096093	NQO2
HsVcPPILacVa1	CCSBORF55855	1	CCSBORF4105	LW	3	REF	443	NULL	NULL	NULL	KRT2	ENSG00000172867	KRT15
HsVcPPILacVa1	CCSBORF55855	1	CCSBORF4105	LW	3	1051G>A	1238	NC_000012.12:52648243:C:T	CCSBVarC016094	ENSP00000310861.3:p.Glu351Lys	KRT2	ENSG00000172867	KRT15
HsVcPPILacVa1	CCSBORF55855	1	CCSBORF4105	LW	3	1070A>G	224	NC_000012.12:52648224:T:C	CCSBVarC016110	ENSP00000310861.3:p.Glu357Gly	KRT2	ENSG00000172867	KRT15
HsVcPPILacVa1	CCSBORF55855	1	CCSBORF4105	LW	3	1106C>T	0	NC_000012.12:52648188:G:A	CCSBVarC016116	ENSP00000310861.3:p.Ala369Val	KRT2	ENSG00000172867	KRT15
HsVcPPILacVa1	CCSBORF55855	1	CCSBORF4105	LW	3	1230C>G	6	NC_000012.12:52647747:G:C	CCSBVarC016120	ENSP00000310861.3:p.Ile410Met	KRT2	ENSG00000172867	KRT15
HsVcPPILacVa1	CCSBORF55855	1	CCSBORF4105	LW	3	1325T>G	351	NC_000012.12:52646883:A:C	CCSBVarC016123	ENSP00000310861.3:p.Leu442Trp	KRT2	ENSG00000172867	KRT15
HsVcPPILacVa1	CCSBORF55855	1	CCSBORF4105	LW	3	1435A>C	785	NC_000012.12:52646773:T:G	CCSBVarC003453	ENSP00000310861.3:p.Thr479Pro	KRT2	ENSG00000172867	KRT15
HsVcPPILacVa1	CCSBORF55855	1	CCSBORF4105	LW	3	1451T>C	169	NC_000012.12:52646757:A:G	CCSBVarC002477	ENSP00000310861.3:p.Leu484Pro	KRT2	ENSG00000172867	KRT15
HsVcPPILacVa1	CCSBORF55855	1	CCSBORF4105	LW	3	1480G>C	183	NC_000012.12:52645558:C:G	CCSBVarC016127	ENSP00000310861.3:p.Asp494His	KRT2	ENSG00000172867	KRT15
HsVcPPILacVa1	CCSBORF55855	1	CCSBORF4105	LW	3	1694C>T	109	NC_000012.12:52645244:G:A	CCSBVarC016132	ENSP00000310861.3:p.Ser565Phe	KRT2	ENSG00000172867	KRT15
HsVcPPILacVa1	CCSBORF55855	1	CCSBORF4105	LW	3	181C>T	9	NC_000012.12:52651961:G:A	CCSBVarC016138	ENSP00000310861.3:p.Arg61Trp	KRT2	ENSG00000172867	KRT15
HsVcPPILacVa1	CCSBORF55855	1	CCSBORF4105	LW	3	1869G>T	40	NC_000012.12:52645069:C:A	CCSBVarC016144	ENSP00000310861.3:p.Lys623Asn	KRT2	ENSG00000172867	KRT15
HsVcPPILacVa1	CCSBORF55855	1	CCSBORF4105	LW	3	1912T>C	27	NC_000012.12:52645026:A:G	CCSBVarC016151	ENSP00000310861.3:p.Phe638Leu	KRT2	ENSG00000172867	KRT15
HsVcPPILacVa1	CCSBORF55855	1	CCSBORF4105	LW	3	295G>A	102	NC_000012.12:52651847:C:T	CCSBVarC016158	ENSP00000310861.3:p.Gly99Ser	KRT2	ENSG00000172867	KRT15
HsVcPPILacVa1	CCSBORF55855	1	CCSBORF4105	LW	3	493G>A	13	NC_000012.12:52651649:C:T	CCSBVarC016179	ENSP00000310861.3:p.Val165Met	KRT2	ENSG00000172867	KRT15
HsVcPPILacVa1	CCSBORF55855	1	CCSBORF4105	LW	3	536G>A	147	NC_000012.12:52651606:C:T	CCSBVarC016211	ENSP00000310861.3:p.Arg179His	KRT2	ENSG00000172867	KRT15
HsVcPPILacVa1	CCSBORF55855	1	CCSBORF4105	LW	3	556A>T	221	NC_000012.12:52651586:T:A	CCSBVarC003451	ENSP00000310861.3:p.Asn186Tyr	KRT2	ENSG00000172867	KRT15
HsVcPPILacVa1	CCSBORF55855	1	CCSBORF4105	LW	3	558C>A	155	NC_000012.12:52651584:G:T	CCSBVarC002475	ENSP00000310861.3:p.Asn186Lys	KRT2	ENSG00000172867	KRT15
HsVcPPILacVa1	CCSBORF55855	1	CCSBORF4105	LW	3	710A>G	60	NC_000012.12:52650428:T:C	CCSBVarC016220	ENSP00000310861.3:p.Lys237Arg	KRT2	ENSG00000172867	KRT15
HsVcPPILacVa1	CCSBORF55855	1	CCSBORF4105	LW	3	767A>G	12	NC_000012.12:52650371:T:C	CCSBVarC012686	ENSP00000310861.3:p.Asn256Ser	KRT2	ENSG00000172867	KRT15
HsVcPPILacVa1	CCSBORF55855	1	CCSBORF4105	LW	3	865G>A	349	NC_000012.12:52649098:C:T	CCSBVarC016224	ENSP00000310861.3:p.Val289Met	KRT2	ENSG00000172867	KRT15
HsVcPPILacVa1	CCSBORF55855	2	CCSBORF54668	LW	3	REF	845	NULL	NULL	NULL	KRT2	ENSG00000172867	KRT40
HsVcPPILacVa1	CCSBORF55855	2	CCSBORF54668	LW	3	1066T>C	336	NC_000012.12:52648228:A:G	CCSBVarC016108	ENSP00000310861.3:p.Tyr356His	KRT2	ENSG00000172867	KRT40
HsVcPPILacVa1	CCSBORF55855	2	CCSBORF54668	LW	3	1094A>G	527	NC_000012.12:52648200:T:C	CCSBVarC016114	ENSP00000310861.3:p.Glu365Gly	KRT2	ENSG00000172867	KRT40
HsVcPPILacVa1	CCSBORF55855	2	CCSBORF54668	LW	3	1114C>A	155	NC_000012.12:52648180:G:T	CCSBVarC016118	ENSP00000310861.3:p.His372Asn	KRT2	ENSG00000172867	KRT40
HsVcPPILacVa1	CCSBORF55855	2	CCSBORF54668	LW	3	1249T>C	705	NC_000012.12:52646959:A:G	CCSBVarC016122	ENSP00000310861.3:p.Cys417Arg	KRT2	ENSG00000172867	KRT40
HsVcPPILacVa1	CCSBORF55855	2	CCSBORF54668	LW	3	1355C>G	219	NC_000012.12:52646853:G:C	CCSBVarC016125	ENSP00000310861.3:p.Ala452Gly	KRT2	ENSG00000172867	KRT40
HsVcPPILacVa1	CCSBORF55855	2	CCSBORF54668	LW	3	1427A>T	197	NC_000012.12:52646781:T:A	CCSBVarC003452	ENSP00000310861.3:p.Glu476Val	KRT2	ENSG00000172867	KRT40
HsVcPPILacVa1	CCSBORF55855	2	CCSBORF54668	LW	3	1430T>A	1	NC_000012.12:52646778:A:T	CCSBVarC002476	ENSP00000310861.3:p.Ile477Asn	KRT2	ENSG00000172867	KRT40
HsVcPPILacVa1	CCSBORF55855	2	CCSBORF54668	LW	3	1462G>A	138	NC_000012.12:52646746:C:T	CCSBVarC003454	ENSP00000310861.3:p.Glu488Lys	KRT2	ENSG00000172867	KRT40
HsVcPPILacVa1	CCSBORF55855	2	CCSBORF54668	LW	3	1618G>A	2	NC_000012.12:52645320:C:T	CCSBVarC016129	ENSP00000310861.3:p.Gly540Ser	KRT2	ENSG00000172867	KRT40
HsVcPPILacVa1	CCSBORF55855	2	CCSBORF54668	LW	3	1723T>G	34	NC_000012.12:52645215:A:C	CCSBVarC016135	ENSP00000310861.3:p.Ser575Ala	KRT2	ENSG00000172867	KRT40
HsVcPPILacVa1	CCSBORF55855	2	CCSBORF54668	LW	3	1813G>C	1225	NC_000012.12:52645125:C:G	CCSBVarC016141	ENSP00000310861.3:p.Gly605Arg	KRT2	ENSG00000172867	KRT40
HsVcPPILacVa1	CCSBORF55855	2	CCSBORF54668	LW	3	1900G>A	1247	NC_000012.12:52645038:C:T	CCSBVarC016148	ENSP00000310861.3:p.Val634Met	KRT2	ENSG00000172867	KRT40
HsVcPPILacVa1	CCSBORF55855	2	CCSBORF54668	LW	3	253G>A	11	NC_000012.12:52651889:C:T	CCSBVarC016156	ENSP00000310861.3:p.Ala85Thr	KRT2	ENSG00000172867	KRT40
HsVcPPILacVa1	CCSBORF55855	2	CCSBORF54668	LW	3	301A>G	635	NC_000012.12:52651841:T:C	CCSBVarC012695	ENSP00000310861.3:p.Ser101Gly	KRT2	ENSG00000172867	KRT40
HsVcPPILacVa1	CCSBORF55855	2	CCSBORF54668	LW	3	446G>T	2	NC_000012.12:52651696:C:A	CCSBVarC016164	ENSP00000310861.3:p.Gly149Val	KRT2	ENSG00000172867	KRT40
HsVcPPILacVa1	CCSBORF55855	2	CCSBORF54668	LW	3	52G>A	39	NC_000012.12:52652090:C:T	CCSBVarC016186	ENSP00000310861.3:p.Gly18Arg	KRT2	ENSG00000172867	KRT40
HsVcPPILacVa1	CCSBORF55855	2	CCSBORF54668	LW	3	542A>C	3976	NC_000012.12:52651600:T:G	CCSBVarC002474	ENSP00000310861.3:p.Gln181Pro	KRT2	ENSG00000172867	KRT40
HsVcPPILacVa1	CCSBORF55855	2	CCSBORF54668	LW	3	656G>A	155	NC_000012.12:52650482:C:T	CCSBVarC002918	ENSP00000310861.3:p.Gly219Asp	KRT2	ENSG00000172867	KRT40
HsVcPPILacVa1	CCSBORF55855	2	CCSBORF54668	LW	3	659C>A	20	NC_000012.12:52650479:G:T	CCSBVarC016214	ENSP00000310861.3:p.Thr220Asn	KRT2	ENSG00000172867	KRT40
HsVcPPILacVa1	CCSBORF55855	2	CCSBORF54668	LW	3	800A>C	3	NC_000012.12:52650338:T:G	CCSBVarC016222	ENSP00000310861.3:p.Lys267Thr	KRT2	ENSG00000172867	KRT40
HsVcPPILacVa1	CCSBORF7866	1	CCSBORF201	LW	3	REF	1556	NULL	NULL	NULL	EFHC1	ENSG00000096093	ZBED1
HsVcPPILacVa1	CCSBORF7866	1	CCSBORF201	LW	3	1180G>T	7	NC_000006.12:52469374:G:T	CCSBVarC001266	ENSP00000360107.4:p.Ala394Ser	EFHC1	ENSG00000096093	ZBED1
HsVcPPILacVa1	CCSBORF7866	1	CCSBORF201	LW	3	1343T>C	286	NC_000006.12:52479100:T:C	CCSBVarC002921	ENSP00000360107.4:p.Met448Thr	EFHC1	ENSG00000096093	ZBED1
HsVcPPILacVa1	CCSBORF7866	1	CCSBORF201	LW	3	1523C>G	827	NC_000006.12:52479669:C:G	CCSBVarC001267	ENSP00000360107.4:p.Thr508Arg	EFHC1	ENSG00000096093	ZBED1
HsVcPPILacVa1	CCSBORF7866	1	CCSBORF201	LW	3	1820A>G	121	NC_000006.12:52490318:A:G	CCSBVarC017141	ENSP00000360107.4:p.Asn607Ser	EFHC1	ENSG00000096093	ZBED1
HsVcPPILacVa1	CCSBORF7866	1	CCSBORF201	LW	3	229C>A	3947	NC_000006.12:52424110:C:A	CCSBVarC001264	ENSP00000360107.4:p.Pro77Thr	EFHC1	ENSG00000096093	ZBED1
HsVcPPILacVa1	CCSBORF7866	1	CCSBORF201	LW	3	475C>G	136	NC_000006.12:52438492:C:G	CCSBVarC017143	ENSP00000360107.4:p.Arg159Gly	EFHC1	ENSG00000096093	ZBED1
HsVcPPILacVa1	CCSBORF7866	1	CCSBORF201	LW	3	475C>T	3166	NC_000006.12:52438492:C:T	CCSBVarC002919	ENSP00000360107.4:p.Arg159Trp	EFHC1	ENSG00000096093	ZBED1
HsVcPPILacVa1	CCSBORF7866	1	CCSBORF201	LW	3	520A>G	3603	NC_000006.12:52438537:A:G	CCSBVarC003446	ENSP00000360107.4:p.Ile174Val	EFHC1	ENSG00000096093	ZBED1
HsVcPPILacVa1	CCSBORF7866	1	CCSBORF201	LW	3	628G>A	103	NC_000006.12:52452741:G:A	CCSBVarC003447	ENSP00000360107.4:p.Asp210Asn	EFHC1	ENSG00000096093	ZBED1
HsVcPPILacVa1	CCSBORF7866	1	CCSBORF201	LW	3	662G>A	130	NC_000006.12:52452775:G:A	CCSBVarC001265	ENSP00000360107.4:p.Arg221His	EFHC1	ENSG00000096093	ZBED1
HsVcPPILacVa1	CCSBORF7866	1	CCSBORF201	LW	3	685T>C	65	NC_000006.12:52452798:T:C	CCSBVarC003448	ENSP00000360107.4:p.Phe229Leu	EFHC1	ENSG00000096093	ZBED1
HsVcPPILacVa1	CCSBORF7866	1	CCSBORF201	LW	3	757G>T	13	NC_000006.12:52454127:G:T	CCSBVarC003449	ENSP00000360107.4:p.Asp253Tyr	EFHC1	ENSG00000096093	ZBED1
HsVcPPILacVa1	CCSBORF7866	1	CCSBORF201	LW	3	776G>A	11	NC_000006.12:52454146:G:A	CCSBVarC003450	ENSP00000360107.4:p.Cys259Tyr	EFHC1	ENSG00000096093	ZBED1
HsVcPPILacVa1	CCSBORF7866	1	CCSBORF10016	LW	3	REF	2881	NULL	NULL	NULL	EFHC1	ENSG00000096093	IKZF3
HsVcPPILacVa1	CCSBORF7866	1	CCSBORF10016	LW	3	1180G>T	24	NC_000006.12:52469374:G:T	CCSBVarC001266	ENSP00000360107.4:p.Ala394Ser	EFHC1	ENSG00000096093	IKZF3
HsVcPPILacVa1	CCSBORF7866	1	CCSBORF10016	LW	3	1343T>C	700	NC_000006.12:52479100:T:C	CCSBVarC002921	ENSP00000360107.4:p.Met448Thr	EFHC1	ENSG00000096093	IKZF3
HsVcPPILacVa1	CCSBORF7866	1	CCSBORF10016	LW	3	1523C>G	1198	NC_000006.12:52479669:C:G	CCSBVarC001267	ENSP00000360107.4:p.Thr508Arg	EFHC1	ENSG00000096093	IKZF3
HsVcPPILacVa1	CCSBORF7866	1	CCSBORF10016	LW	3	1820A>G	257	NC_000006.12:52490318:A:G	CCSBVarC017141	ENSP00000360107.4:p.Asn607Ser	EFHC1	ENSG00000096093	IKZF3
HsVcPPILacVa1	CCSBORF7866	1	CCSBORF10016	LW	3	229C>A	8282	NC_000006.12:52424110:C:A	CCSBVarC001264	ENSP00000360107.4:p.Pro77Thr	EFHC1	ENSG00000096093	IKZF3
HsVcPPILacVa1	CCSBORF7866	1	CCSBORF10016	LW	3	475C>G	169	NC_000006.12:52438492:C:G	CCSBVarC017143	ENSP00000360107.4:p.Arg159Gly	EFHC1	ENSG00000096093	IKZF3
HsVcPPILacVa1	CCSBORF7866	1	CCSBORF10016	LW	3	475C>T	6736	NC_000006.12:52438492:C:T	CCSBVarC002919	ENSP00000360107.4:p.Arg159Trp	EFHC1	ENSG00000096093	IKZF3
HsVcPPILacVa1	CCSBORF7866	1	CCSBORF10016	LW	3	520A>G	7888	NC_000006.12:52438537:A:G	CCSBVarC003446	ENSP00000360107.4:p.Ile174Val	EFHC1	ENSG00000096093	IKZF3
HsVcPPILacVa1	CCSBORF7866	1	CCSBORF10016	LW	3	628G>A	458	NC_000006.12:52452741:G:A	CCSBVarC003447	ENSP00000360107.4:p.Asp210Asn	EFHC1	ENSG00000096093	IKZF3
HsVcPPILacVa1	CCSBORF7866	1	CCSBORF10016	LW	3	662G>A	111	NC_000006.12:52452775:G:A	CCSBVarC001265	ENSP00000360107.4:p.Arg221His	EFHC1	ENSG00000096093	IKZF3
HsVcPPILacVa1	CCSBORF7866	1	CCSBORF10016	LW	3	685T>C	44	NC_000006.12:52452798:T:C	CCSBVarC003448	ENSP00000360107.4:p.Phe229Leu	EFHC1	ENSG00000096093	IKZF3
HsVcPPILacVa1	CCSBORF7866	1	CCSBORF10016	LW	3	757G>T	16	NC_000006.12:52454127:G:T	CCSBVarC003449	ENSP00000360107.4:p.Asp253Tyr	EFHC1	ENSG00000096093	IKZF3
HsVcPPILacVa1	CCSBORF7866	1	CCSBORF10016	LW	3	776G>A	11	NC_000006.12:52454146:G:A	CCSBVarC003450	ENSP00000360107.4:p.Cys259Tyr	EFHC1	ENSG00000096093	IKZF3
HsVcPPILacVa1	CCSBORF55855	1	CCSBORF100014396	LW	3	REF	340	NULL	NULL	NULL	KRT2	ENSG00000172867	KRT35
HsVcPPILacVa1	CCSBORF55855	1	CCSBORF100014396	LW	3	1051G>A	662	NC_000012.12:52648243:C:T	CCSBVarC016094	ENSP00000310861.3:p.Glu351Lys	KRT2	ENSG00000172867	KRT35
HsVcPPILacVa1	CCSBORF55855	1	CCSBORF100014396	LW	3	1070A>G	67	NC_000012.12:52648224:T:C	CCSBVarC016110	ENSP00000310861.3:p.Glu357Gly	KRT2	ENSG00000172867	KRT35
HsVcPPILacVa1	CCSBORF55855	1	CCSBORF100014396	LW	3	1106C>T	1	NC_000012.12:52648188:G:A	CCSBVarC016116	ENSP00000310861.3:p.Ala369Val	KRT2	ENSG00000172867	KRT35
HsVcPPILacVa1	CCSBORF55855	1	CCSBORF100014396	LW	3	1230C>G	4	NC_000012.12:52647747:G:C	CCSBVarC016120	ENSP00000310861.3:p.Ile410Met	KRT2	ENSG00000172867	KRT35
HsVcPPILacVa1	CCSBORF55855	1	CCSBORF100014396	LW	3	1325T>G	215	NC_000012.12:52646883:A:C	CCSBVarC016123	ENSP00000310861.3:p.Leu442Trp	KRT2	ENSG00000172867	KRT35
HsVcPPILacVa1	CCSBORF55855	1	CCSBORF100014396	LW	3	1435A>C	458	NC_000012.12:52646773:T:G	CCSBVarC003453	ENSP00000310861.3:p.Thr479Pro	KRT2	ENSG00000172867	KRT35
HsVcPPILacVa1	CCSBORF55855	1	CCSBORF100014396	LW	3	1451T>C	113	NC_000012.12:52646757:A:G	CCSBVarC002477	ENSP00000310861.3:p.Leu484Pro	KRT2	ENSG00000172867	KRT35
HsVcPPILacVa1	CCSBORF55855	1	CCSBORF100014396	LW	3	1480G>C	126	NC_000012.12:52645558:C:G	CCSBVarC016127	ENSP00000310861.3:p.Asp494His	KRT2	ENSG00000172867	KRT35
HsVcPPILacVa1	CCSBORF55855	1	CCSBORF100014396	LW	3	1694C>T	123	NC_000012.12:52645244:G:A	CCSBVarC016132	ENSP00000310861.3:p.Ser565Phe	KRT2	ENSG00000172867	KRT35
HsVcPPILacVa1	CCSBORF55855	1	CCSBORF100014396	LW	3	181C>T	8	NC_000012.12:52651961:G:A	CCSBVarC016138	ENSP00000310861.3:p.Arg61Trp	KRT2	ENSG00000172867	KRT35
HsVcPPILacVa1	CCSBORF55855	1	CCSBORF100014396	LW	3	1869G>T	62	NC_000012.12:52645069:C:A	CCSBVarC016144	ENSP00000310861.3:p.Lys623Asn	KRT2	ENSG00000172867	KRT35
HsVcPPILacVa1	CCSBORF55855	1	CCSBORF100014396	LW	3	1912T>C	9	NC_000012.12:52645026:A:G	CCSBVarC016151	ENSP00000310861.3:p.Phe638Leu	KRT2	ENSG00000172867	KRT35
HsVcPPILacVa1	CCSBORF55855	1	CCSBORF100014396	LW	3	295G>A	80	NC_000012.12:52651847:C:T	CCSBVarC016158	ENSP00000310861.3:p.Gly99Ser	KRT2	ENSG00000172867	KRT35
HsVcPPILacVa1	CCSBORF55855	1	CCSBORF100014396	LW	3	493G>A	2	NC_000012.12:52651649:C:T	CCSBVarC016179	ENSP00000310861.3:p.Val165Met	KRT2	ENSG00000172867	KRT35
HsVcPPILacVa1	CCSBORF55855	1	CCSBORF100014396	LW	3	536G>A	42	NC_000012.12:52651606:C:T	CCSBVarC016211	ENSP00000310861.3:p.Arg179His	KRT2	ENSG00000172867	KRT35
HsVcPPILacVa1	CCSBORF55855	1	CCSBORF100014396	LW	3	556A>T	120	NC_000012.12:52651586:T:A	CCSBVarC003451	ENSP00000310861.3:p.Asn186Tyr	KRT2	ENSG00000172867	KRT35
HsVcPPILacVa1	CCSBORF55855	1	CCSBORF100014396	LW	3	558C>A	79	NC_000012.12:52651584:G:T	CCSBVarC002475	ENSP00000310861.3:p.Asn186Lys	KRT2	ENSG00000172867	KRT35
HsVcPPILacVa1	CCSBORF55855	1	CCSBORF100014396	LW	3	710A>G	3	NC_000012.12:52650428:T:C	CCSBVarC016220	ENSP00000310861.3:p.Lys237Arg	KRT2	ENSG00000172867	KRT35
HsVcPPILacVa1	CCSBORF55855	1	CCSBORF100014396	LW	3	767A>G	13	NC_000012.12:52650371:T:C	CCSBVarC012686	ENSP00000310861.3:p.Asn256Ser	KRT2	ENSG00000172867	KRT35
HsVcPPILacVa1	CCSBORF55855	1	CCSBORF100014396	LW	3	865G>A	145	NC_000012.12:52649098:C:T	CCSBVarC016224	ENSP00000310861.3:p.Val289Met	KRT2	ENSG00000172867	KRT35
HsVcPPILacVa1	CCSBORF55855	2	CCSBORF4105	LW	3	REF	3	NULL	NULL	NULL	KRT2	ENSG00000172867	KRT15
HsVcPPILacVa1	CCSBORF55855	2	CCSBORF4105	LW	3	1066T>C	0	NC_000012.12:52648228:A:G	CCSBVarC016108	ENSP00000310861.3:p.Tyr356His	KRT2	ENSG00000172867	KRT15
HsVcPPILacVa1	CCSBORF55855	2	CCSBORF4105	LW	3	1094A>G	0	NC_000012.12:52648200:T:C	CCSBVarC016114	ENSP00000310861.3:p.Glu365Gly	KRT2	ENSG00000172867	KRT15
HsVcPPILacVa1	CCSBORF55855	2	CCSBORF4105	LW	3	1114C>A	0	NC_000012.12:52648180:G:T	CCSBVarC016118	ENSP00000310861.3:p.His372Asn	KRT2	ENSG00000172867	KRT15
HsVcPPILacVa1	CCSBORF55855	2	CCSBORF4105	LW	3	1249T>C	3	NC_000012.12:52646959:A:G	CCSBVarC016122	ENSP00000310861.3:p.Cys417Arg	KRT2	ENSG00000172867	KRT15
HsVcPPILacVa1	CCSBORF55855	2	CCSBORF4105	LW	3	1355C>G	1	NC_000012.12:52646853:G:C	CCSBVarC016125	ENSP00000310861.3:p.Ala452Gly	KRT2	ENSG00000172867	KRT15
HsVcPPILacVa1	CCSBORF55855	2	CCSBORF4105	LW	3	1427A>T	1	NC_000012.12:52646781:T:A	CCSBVarC003452	ENSP00000310861.3:p.Glu476Val	KRT2	ENSG00000172867	KRT15
HsVcPPILacVa1	CCSBORF55855	2	CCSBORF4105	LW	3	1430T>A	0	NC_000012.12:52646778:A:T	CCSBVarC002476	ENSP00000310861.3:p.Ile477Asn	KRT2	ENSG00000172867	KRT15
HsVcPPILacVa1	CCSBORF55855	2	CCSBORF4105	LW	3	1462G>A	1	NC_000012.12:52646746:C:T	CCSBVarC003454	ENSP00000310861.3:p.Glu488Lys	KRT2	ENSG00000172867	KRT15
HsVcPPILacVa1	CCSBORF55855	2	CCSBORF4105	LW	3	1618G>A	0	NC_000012.12:52645320:C:T	CCSBVarC016129	ENSP00000310861.3:p.Gly540Ser	KRT2	ENSG00000172867	KRT15
HsVcPPILacVa1	CCSBORF55855	2	CCSBORF4105	LW	3	1723T>G	0	NC_000012.12:52645215:A:C	CCSBVarC016135	ENSP00000310861.3:p.Ser575Ala	KRT2	ENSG00000172867	KRT15
HsVcPPILacVa1	CCSBORF55855	2	CCSBORF4105	LW	3	1813G>C	5	NC_000012.12:52645125:C:G	CCSBVarC016141	ENSP00000310861.3:p.Gly605Arg	KRT2	ENSG00000172867	KRT15
HsVcPPILacVa1	CCSBORF55855	2	CCSBORF4105	LW	3	1900G>A	1	NC_000012.12:52645038:C:T	CCSBVarC016148	ENSP00000310861.3:p.Val634Met	KRT2	ENSG00000172867	KRT15
HsVcPPILacVa1	CCSBORF55855	2	CCSBORF4105	LW	3	253G>A	0	NC_000012.12:52651889:C:T	CCSBVarC016156	ENSP00000310861.3:p.Ala85Thr	KRT2	ENSG00000172867	KRT15
HsVcPPILacVa1	CCSBORF55855	2	CCSBORF4105	LW	3	301A>G	1	NC_000012.12:52651841:T:C	CCSBVarC012695	ENSP00000310861.3:p.Ser101Gly	KRT2	ENSG00000172867	KRT15
HsVcPPILacVa1	CCSBORF55855	2	CCSBORF4105	LW	3	446G>T	0	NC_000012.12:52651696:C:A	CCSBVarC016164	ENSP00000310861.3:p.Gly149Val	KRT2	ENSG00000172867	KRT15
HsVcPPILacVa1	CCSBORF55855	2	CCSBORF4105	LW	3	52G>A	0	NC_000012.12:52652090:C:T	CCSBVarC016186	ENSP00000310861.3:p.Gly18Arg	KRT2	ENSG00000172867	KRT15
HsVcPPILacVa1	CCSBORF55855	2	CCSBORF4105	LW	3	542A>C	7	NC_000012.12:52651600:T:G	CCSBVarC002474	ENSP00000310861.3:p.Gln181Pro	KRT2	ENSG00000172867	KRT15
HsVcPPILacVa1	CCSBORF55855	2	CCSBORF4105	LW	3	656G>A	0	NC_000012.12:52650482:C:T	CCSBVarC002918	ENSP00000310861.3:p.Gly219Asp	KRT2	ENSG00000172867	KRT15
HsVcPPILacVa1	CCSBORF55855	2	CCSBORF4105	LW	3	659C>A	0	NC_000012.12:52650479:G:T	CCSBVarC016214	ENSP00000310861.3:p.Thr220Asn	KRT2	ENSG00000172867	KRT15
HsVcPPILacVa1	CCSBORF55855	2	CCSBORF4105	LW	3	800A>C	0	NC_000012.12:52650338:T:G	CCSBVarC016222	ENSP00000310861.3:p.Lys267Thr	KRT2	ENSG00000172867	KRT15
HsVcPPILacVa1	CCSBORF7866	1	CCSBORF2098	LW	3	REF	637	NULL	NULL	NULL	EFHC1	ENSG00000096093	EFHC2
HsVcPPILacVa1	CCSBORF7866	1	CCSBORF2098	LW	3	1180G>T	15	NC_000006.12:52469374:G:T	CCSBVarC001266	ENSP00000360107.4:p.Ala394Ser	EFHC1	ENSG00000096093	EFHC2
HsVcPPILacVa1	CCSBORF7866	1	CCSBORF2098	LW	3	1343T>C	88	NC_000006.12:52479100:T:C	CCSBVarC002921	ENSP00000360107.4:p.Met448Thr	EFHC1	ENSG00000096093	EFHC2
HsVcPPILacVa1	CCSBORF7866	1	CCSBORF2098	LW	3	1523C>G	188	NC_000006.12:52479669:C:G	CCSBVarC001267	ENSP00000360107.4:p.Thr508Arg	EFHC1	ENSG00000096093	EFHC2
HsVcPPILacVa1	CCSBORF7866	1	CCSBORF2098	LW	3	1820A>G	15	NC_000006.12:52490318:A:G	CCSBVarC017141	ENSP00000360107.4:p.Asn607Ser	EFHC1	ENSG00000096093	EFHC2
HsVcPPILacVa1	CCSBORF7866	1	CCSBORF2098	LW	3	229C>A	1218	NC_000006.12:52424110:C:A	CCSBVarC001264	ENSP00000360107.4:p.Pro77Thr	EFHC1	ENSG00000096093	EFHC2
HsVcPPILacVa1	CCSBORF7866	1	CCSBORF2098	LW	3	475C>G	32	NC_000006.12:52438492:C:G	CCSBVarC017143	ENSP00000360107.4:p.Arg159Gly	EFHC1	ENSG00000096093	EFHC2
HsVcPPILacVa1	CCSBORF7866	1	CCSBORF2098	LW	3	475C>T	1076	NC_000006.12:52438492:C:T	CCSBVarC002919	ENSP00000360107.4:p.Arg159Trp	EFHC1	ENSG00000096093	EFHC2
HsVcPPILacVa1	CCSBORF7866	1	CCSBORF2098	LW	3	520A>G	1466	NC_000006.12:52438537:A:G	CCSBVarC003446	ENSP00000360107.4:p.Ile174Val	EFHC1	ENSG00000096093	EFHC2
HsVcPPILacVa1	CCSBORF7866	1	CCSBORF2098	LW	3	628G>A	105	NC_000006.12:52452741:G:A	CCSBVarC003447	ENSP00000360107.4:p.Asp210Asn	EFHC1	ENSG00000096093	EFHC2
HsVcPPILacVa1	CCSBORF7866	1	CCSBORF2098	LW	3	662G>A	49	NC_000006.12:52452775:G:A	CCSBVarC001265	ENSP00000360107.4:p.Arg221His	EFHC1	ENSG00000096093	EFHC2
HsVcPPILacVa1	CCSBORF7866	1	CCSBORF2098	LW	3	685T>C	1	NC_000006.12:52452798:T:C	CCSBVarC003448	ENSP00000360107.4:p.Phe229Leu	EFHC1	ENSG00000096093	EFHC2
HsVcPPILacVa1	CCSBORF7866	1	CCSBORF2098	LW	3	757G>T	2	NC_000006.12:52454127:G:T	CCSBVarC003449	ENSP00000360107.4:p.Asp253Tyr	EFHC1	ENSG00000096093	EFHC2
HsVcPPILacVa1	CCSBORF7866	1	CCSBORF2098	LW	3	776G>A	0	NC_000006.12:52454146:G:A	CCSBVarC003450	ENSP00000360107.4:p.Cys259Tyr	EFHC1	ENSG00000096093	EFHC2
HsVcPPILacVa1	CCSBORF7866	1	CCSBORF2104	LW	3	REF	2489	NULL	NULL	NULL	EFHC1	ENSG00000096093	TEX11
HsVcPPILacVa1	CCSBORF7866	1	CCSBORF2104	LW	3	1180G>T	28	NC_000006.12:52469374:G:T	CCSBVarC001266	ENSP00000360107.4:p.Ala394Ser	EFHC1	ENSG00000096093	TEX11
HsVcPPILacVa1	CCSBORF7866	1	CCSBORF2104	LW	3	1343T>C	503	NC_000006.12:52479100:T:C	CCSBVarC002921	ENSP00000360107.4:p.Met448Thr	EFHC1	ENSG00000096093	TEX11
HsVcPPILacVa1	CCSBORF7866	1	CCSBORF2104	LW	3	1523C>G	763	NC_000006.12:52479669:C:G	CCSBVarC001267	ENSP00000360107.4:p.Thr508Arg	EFHC1	ENSG00000096093	TEX11
HsVcPPILacVa1	CCSBORF7866	1	CCSBORF2104	LW	3	1820A>G	109	NC_000006.12:52490318:A:G	CCSBVarC017141	ENSP00000360107.4:p.Asn607Ser	EFHC1	ENSG00000096093	TEX11
HsVcPPILacVa1	CCSBORF7866	1	CCSBORF2104	LW	3	229C>A	6628	NC_000006.12:52424110:C:A	CCSBVarC001264	ENSP00000360107.4:p.Pro77Thr	EFHC1	ENSG00000096093	TEX11
HsVcPPILacVa1	CCSBORF7866	1	CCSBORF2104	LW	3	475C>G	92	NC_000006.12:52438492:C:G	CCSBVarC017143	ENSP00000360107.4:p.Arg159Gly	EFHC1	ENSG00000096093	TEX11
HsVcPPILacVa1	CCSBORF7866	1	CCSBORF2104	LW	3	475C>T	3711	NC_000006.12:52438492:C:T	CCSBVarC002919	ENSP00000360107.4:p.Arg159Trp	EFHC1	ENSG00000096093	TEX11
HsVcPPILacVa1	CCSBORF7866	1	CCSBORF2104	LW	3	520A>G	4986	NC_000006.12:52438537:A:G	CCSBVarC003446	ENSP00000360107.4:p.Ile174Val	EFHC1	ENSG00000096093	TEX11
HsVcPPILacVa1	CCSBORF7866	1	CCSBORF2104	LW	3	628G>A	460	NC_000006.12:52452741:G:A	CCSBVarC003447	ENSP00000360107.4:p.Asp210Asn	EFHC1	ENSG00000096093	TEX11
HsVcPPILacVa1	CCSBORF7866	1	CCSBORF2104	LW	3	662G>A	330	NC_000006.12:52452775:G:A	CCSBVarC001265	ENSP00000360107.4:p.Arg221His	EFHC1	ENSG00000096093	TEX11
HsVcPPILacVa1	CCSBORF7866	1	CCSBORF2104	LW	3	685T>C	43	NC_000006.12:52452798:T:C	CCSBVarC003448	ENSP00000360107.4:p.Phe229Leu	EFHC1	ENSG00000096093	TEX11
HsVcPPILacVa1	CCSBORF7866	1	CCSBORF2104	LW	3	757G>T	14	NC_000006.12:52454127:G:T	CCSBVarC003449	ENSP00000360107.4:p.Asp253Tyr	EFHC1	ENSG00000096093	TEX11
HsVcPPILacVa1	CCSBORF7866	1	CCSBORF2104	LW	3	776G>A	10	NC_000006.12:52454146:G:A	CCSBVarC003450	ENSP00000360107.4:p.Cys259Tyr	EFHC1	ENSG00000096093	TEX11
