spdi	symbol	ensembl_gene_id	ccsb_mutation_id	ccsb_orf_id_reference	hgvs_protein	nt_change	ccsb_orf_id_interactor	interactor_symbol	log2FC_combined	error_log2FC_combined
NC_000002.12:47161856:T:A	CALM2	ENSG00000143933	CCSBVarC017313	CCSBORF1	ENSP00000272298.7:p.Asp96Val	287A>T	CCSBORF10585	TBC1D1	-7.522723799068037	0.687207201049373
NC_000002.12:47161850:T:A	CALM2	ENSG00000143933	CCSBVarC017315	CCSBORF1	ENSP00000272298.7:p.Asn98Ile	293A>T	CCSBORF10585	TBC1D1	-6.492722136189637	0.6338899114330224
NC_000002.12:47161815:T:A	CALM2	ENSG00000143933	CCSBVarC017317	CCSBORF1	ENSP00000272298.7:p.Met110Leu	328A>T	CCSBORF10585	TBC1D1	NULL	NULL
NC_000002.12:47161755:C:T	CALM2	ENSG00000143933	CCSBVarC017319	CCSBORF1	ENSP00000272298.7:p.Asp130Asn	388G>A	CCSBORF10585	TBC1D1	-7.341952975076909	0.6453456229862786
NC_000002.12:47161749:C:A	CALM2	ENSG00000143933	CCSBVarC017321	CCSBORF1	ENSP00000272298.7:p.Asp132Tyr	394G>T	CCSBORF10585	TBC1D1	-7.835619104605647	0.6412239791336405
NC_000002.12:47161747:A:C	CALM2	ENSG00000143933	CCSBVarC017323	CCSBORF1	ENSP00000272298.7:p.Asp132Glu	396T>G	CCSBORF10585	TBC1D1	-3.035942374487294	0.6249316249103483
NC_000002.12:47161743:C:T	CALM2	ENSG00000143933	CCSBVarC017325	CCSBORF1	ENSP00000272298.7:p.Asp134Asn	400G>A	CCSBORF10585	TBC1D1	-4.300767510104064	0.6308565878661574
NC_000002.12:47161743:C:G	CALM2	ENSG00000143933	CCSBVarC017326	CCSBORF1	ENSP00000272298.7:p.Asp134His	400G>C	CCSBORF10585	TBC1D1	-8.325502755688381	0.6925975961199092
NC_000002.12:47161736:T:G	CALM2	ENSG00000143933	CCSBVarC017327	CCSBORF1	ENSP00000272298.7:p.Gln136Pro	407A>C	CCSBORF10585	TBC1D1	-8.725613816563428	0.6450958746966334
NC_000002.12:47160802:C:G	CALM2	ENSG00000143933	CCSBVarC017329	CCSBORF1	ENSP00000272298.7:p.Glu141Asp	423G>C	CCSBORF10585	TBC1D1	0.14585335000719268	0.6186115902322636
NC_000002.12:47160791:A:C	CALM2	ENSG00000143933	CCSBVarC017330	CCSBORF1	ENSP00000272298.7:p.Met145Arg	434T>G	CCSBORF10585	TBC1D1	-7.6579014913166485	0.9244656172389676
NC_000002.12:47161856:T:A	CALM2	ENSG00000143933	CCSBVarC017313	CCSBORF1	ENSP00000272298.7:p.Asp96Val	287A>T	CCSBORF2162	C11orf65	-0.41667732623773207	0.943936987101176
NC_000002.12:47161850:T:A	CALM2	ENSG00000143933	CCSBVarC017315	CCSBORF1	ENSP00000272298.7:p.Asn98Ile	293A>T	CCSBORF2162	C11orf65	-0.15831693299331873	0.9422048593532413
NC_000002.12:47161815:T:A	CALM2	ENSG00000143933	CCSBVarC017317	CCSBORF1	ENSP00000272298.7:p.Met110Leu	328A>T	CCSBORF2162	C11orf65	NULL	NULL
NC_000002.12:47161755:C:T	CALM2	ENSG00000143933	CCSBVarC017319	CCSBORF1	ENSP00000272298.7:p.Asp130Asn	388G>A	CCSBORF2162	C11orf65	-0.4812029616181538	0.9420305379899779
NC_000002.12:47161749:C:A	CALM2	ENSG00000143933	CCSBVarC017321	CCSBORF1	ENSP00000272298.7:p.Asp132Tyr	394G>T	CCSBORF2162	C11orf65	0.41035188006594925	0.9415272505042728
NC_000002.12:47161747:A:C	CALM2	ENSG00000143933	CCSBVarC017323	CCSBORF1	ENSP00000272298.7:p.Asp132Glu	396T>G	CCSBORF2162	C11orf65	-0.021220288442917373	0.9456925122936247
NC_000002.12:47161743:C:T	CALM2	ENSG00000143933	CCSBVarC017325	CCSBORF1	ENSP00000272298.7:p.Asp134Asn	400G>A	CCSBORF2162	C11orf65	-0.5237127944827282	0.9451346326158249
NC_000002.12:47161743:C:G	CALM2	ENSG00000143933	CCSBVarC017326	CCSBORF1	ENSP00000272298.7:p.Asp134His	400G>C	CCSBORF2162	C11orf65	-0.7955772469361682	0.9423644583256093
NC_000002.12:47161736:T:G	CALM2	ENSG00000143933	CCSBVarC017327	CCSBORF1	ENSP00000272298.7:p.Gln136Pro	407A>C	CCSBORF2162	C11orf65	-6.598206215367737	0.9567661559091791
NC_000002.12:47160802:C:G	CALM2	ENSG00000143933	CCSBVarC017329	CCSBORF1	ENSP00000272298.7:p.Glu141Asp	423G>C	CCSBORF2162	C11orf65	-0.6036205635846535	0.9435892803876305
NC_000002.12:47160791:A:C	CALM2	ENSG00000143933	CCSBVarC017330	CCSBORF1	ENSP00000272298.7:p.Met145Arg	434T>G	CCSBORF2162	C11orf65	-1.0784289336165116	1.7328208827205582
NC_000002.12:47161856:T:A	CALM2	ENSG00000143933	CCSBVarC017313	CCSBORF1	ENSP00000272298.7:p.Asp96Val	287A>T	CCSBORF52781	POC5	-1.459566199328	0.6177419998791477
NC_000002.12:47161850:T:A	CALM2	ENSG00000143933	CCSBVarC017315	CCSBORF1	ENSP00000272298.7:p.Asn98Ile	293A>T	CCSBORF52781	POC5	-2.937706235216355	0.6450229789375305
NC_000002.12:47161815:T:A	CALM2	ENSG00000143933	CCSBVarC017317	CCSBORF1	ENSP00000272298.7:p.Met110Leu	328A>T	CCSBORF52781	POC5	NULL	NULL
NC_000002.12:47161755:C:T	CALM2	ENSG00000143933	CCSBVarC017319	CCSBORF1	ENSP00000272298.7:p.Asp130Asn	388G>A	CCSBORF52781	POC5	-2.4991174939479333	0.6096345649775321
NC_000002.12:47161749:C:A	CALM2	ENSG00000143933	CCSBVarC017321	CCSBORF1	ENSP00000272298.7:p.Asp132Tyr	394G>T	CCSBORF52781	POC5	-1.8751626956306515	0.5390291508921367
NC_000002.12:47161747:A:C	CALM2	ENSG00000143933	CCSBVarC017323	CCSBORF1	ENSP00000272298.7:p.Asp132Glu	396T>G	CCSBORF52781	POC5	-3.0036604371115803	0.8241482352088272
NC_000002.12:47161743:C:T	CALM2	ENSG00000143933	CCSBVarC017325	CCSBORF1	ENSP00000272298.7:p.Asp134Asn	400G>A	CCSBORF52781	POC5	-2.362885555678715	0.6563741677793756
NC_000002.12:47161743:C:G	CALM2	ENSG00000143933	CCSBVarC017326	CCSBORF1	ENSP00000272298.7:p.Asp134His	400G>C	CCSBORF52781	POC5	-3.023711424843761	0.7033249060544444
NC_000002.12:47161736:T:G	CALM2	ENSG00000143933	CCSBVarC017327	CCSBORF1	ENSP00000272298.7:p.Gln136Pro	407A>C	CCSBORF52781	POC5	-2.3906043979942875	0.5329680480059538
NC_000002.12:47160802:C:G	CALM2	ENSG00000143933	CCSBVarC017329	CCSBORF1	ENSP00000272298.7:p.Glu141Asp	423G>C	CCSBORF52781	POC5	8.144308630799419	0.5104920894890145
NC_000002.12:47160791:A:C	CALM2	ENSG00000143933	CCSBVarC017330	CCSBORF1	ENSP00000272298.7:p.Met145Arg	434T>G	CCSBORF52781	POC5	-1.5207227934998824	0.8523905796268285
NC_000002.12:47161856:T:A	CALM2	ENSG00000143933	CCSBVarC017313	CCSBORF1	ENSP00000272298.7:p.Asp96Val	287A>T	CCSBORF9711	CAMTA2	0.5416183156873096	0.5652955216155408
NC_000002.12:47161850:T:A	CALM2	ENSG00000143933	CCSBVarC017315	CCSBORF1	ENSP00000272298.7:p.Asn98Ile	293A>T	CCSBORF9711	CAMTA2	0.9151951959855213	0.5477424745809468
NC_000002.12:47161815:T:A	CALM2	ENSG00000143933	CCSBVarC017317	CCSBORF1	ENSP00000272298.7:p.Met110Leu	328A>T	CCSBORF9711	CAMTA2	-1.9172331484341971	1.6404512710608734
NC_000002.12:47161755:C:T	CALM2	ENSG00000143933	CCSBVarC017319	CCSBORF1	ENSP00000272298.7:p.Asp130Asn	388G>A	CCSBORF9711	CAMTA2	-1.2780634831588569	0.5834175873222416
NC_000002.12:47161749:C:A	CALM2	ENSG00000143933	CCSBVarC017321	CCSBORF1	ENSP00000272298.7:p.Asp132Tyr	394G>T	CCSBORF9711	CAMTA2	6.80655395447015	0.5374055119677922
NC_000002.12:47161747:A:C	CALM2	ENSG00000143933	CCSBVarC017323	CCSBORF1	ENSP00000272298.7:p.Asp132Glu	396T>G	CCSBORF9711	CAMTA2	-2.77753500335011	0.9054519083890008
NC_000002.12:47161743:C:T	CALM2	ENSG00000143933	CCSBVarC017325	CCSBORF1	ENSP00000272298.7:p.Asp134Asn	400G>A	CCSBORF9711	CAMTA2	-1.3257656334750352	0.661538311008527
NC_000002.12:47161743:C:G	CALM2	ENSG00000143933	CCSBVarC017326	CCSBORF1	ENSP00000272298.7:p.Asp134His	400G>C	CCSBORF9711	CAMTA2	-1.505810215452846	0.5930885532849891
NC_000002.12:47161736:T:G	CALM2	ENSG00000143933	CCSBVarC017327	CCSBORF1	ENSP00000272298.7:p.Gln136Pro	407A>C	CCSBORF9711	CAMTA2	-2.472177546924373	0.5801303911059771
NC_000002.12:47160802:C:G	CALM2	ENSG00000143933	CCSBVarC017329	CCSBORF1	ENSP00000272298.7:p.Glu141Asp	423G>C	CCSBORF9711	CAMTA2	-1.2917771782092267	0.6039328937555156
NC_000002.12:47160791:A:C	CALM2	ENSG00000143933	CCSBVarC017330	CCSBORF1	ENSP00000272298.7:p.Met145Arg	434T>G	CCSBORF9711	CAMTA2	4.548655854969343	0.5512397011525598
NC_000016.10:67169300:G:C	HSF4	ENSG00000102878	CCSBVarC035054	CCSBORF100015118	ENSP00000463706.1:p.Arg396Pro	1187G>C	CCSBORF10613	SESTD1	0.2939967829225243	0.5084936687027726
NC_000016.10:67165837:C:T	HSF4	ENSG00000102878	CCSBVarC014839	CCSBORF100015118	ENSP00000463706.1:p.Arg118Trp	352C>T	CCSBORF10613	SESTD1	-1.1174542803248577	0.5206831098067383
NC_000016.10:67166356:C:G	HSF4	ENSG00000102878	CCSBVarC014824	CCSBORF100015118	ENSP00000463706.1:p.Arg175Gly	523C>G	CCSBORF10613	SESTD1	-1.2155928525806656	0.5087698426662041
NC_000016.10:67164866:C:A	HSF4	ENSG00000102878	CCSBVarC014834	CCSBORF100015118	ENSP00000463706.1:p.Ala19Asp	56C>A	CCSBORF10613	SESTD1	0.6161479640674188	0.5097733973207135
NC_000016.10:67164879:G:T	HSF4	ENSG00000102878	CCSBVarC035052	CCSBORF100015118	ENSP00000463706.1:p.Lys23Asn	69G>T	CCSBORF10613	SESTD1	0.6923196846066834	0.5345011444073583
NC_000016.10:67169300:G:C	HSF4	ENSG00000102878	CCSBVarC035054	CCSBORF100015118	ENSP00000463706.1:p.Arg396Pro	1187G>C	CCSBORF11746	NUP62	0.668961784473616	0.46923249405228906
NC_000016.10:67165837:C:T	HSF4	ENSG00000102878	CCSBVarC014839	CCSBORF100015118	ENSP00000463706.1:p.Arg118Trp	352C>T	CCSBORF11746	NUP62	-0.43330088281308293	0.4718796644548229
NC_000016.10:67166356:C:G	HSF4	ENSG00000102878	CCSBVarC014824	CCSBORF100015118	ENSP00000463706.1:p.Arg175Gly	523C>G	CCSBORF11746	NUP62	-1.5778168993225317	0.46986891394534824
NC_000016.10:67164866:C:A	HSF4	ENSG00000102878	CCSBVarC014834	CCSBORF100015118	ENSP00000463706.1:p.Ala19Asp	56C>A	CCSBORF11746	NUP62	0.7100622653357166	0.47044053791810037
NC_000016.10:67164879:G:T	HSF4	ENSG00000102878	CCSBVarC035052	CCSBORF100015118	ENSP00000463706.1:p.Lys23Asn	69G>T	CCSBORF11746	NUP62	-0.5110508269373628	0.48143408861128834
NC_000016.10:67169300:G:C	HSF4	ENSG00000102878	CCSBVarC035054	CCSBORF100015118	ENSP00000463706.1:p.Arg396Pro	1187G>C	CCSBORF56141	KRT31	0.3186111039456236	0.5880584553714969
NC_000016.10:67165837:C:T	HSF4	ENSG00000102878	CCSBVarC014839	CCSBORF100015118	ENSP00000463706.1:p.Arg118Trp	352C>T	CCSBORF56141	KRT31	-0.37631020091746586	0.5907964597152285
NC_000016.10:67166356:C:G	HSF4	ENSG00000102878	CCSBVarC014824	CCSBORF100015118	ENSP00000463706.1:p.Arg175Gly	523C>G	CCSBORF56141	KRT31	-1.713347213156647	0.5869581627967166
NC_000016.10:67164866:C:A	HSF4	ENSG00000102878	CCSBVarC014834	CCSBORF100015118	ENSP00000463706.1:p.Ala19Asp	56C>A	CCSBORF56141	KRT31	0.545991352761587	0.5901492665286637
NC_000016.10:67164879:G:T	HSF4	ENSG00000102878	CCSBVarC035052	CCSBORF100015118	ENSP00000463706.1:p.Lys23Asn	69G>T	CCSBORF56141	KRT31	-0.2884007329897438	0.6051692077581421
NC_000006.12:118632512:T:A	CEP85L	ENSG00000111860	CCSBVarC034964	CCSBORF100015403	ENSP00000393317.2:p.Ser58Cys	172A>T	CCSBORF2104	TEX11	-0.20427710926244655	0.6031068547160114
NC_000006.12:118632491:C:T	CEP85L	ENSG00000111860	CCSBVarC034971	CCSBORF100015403	ENSP00000393317.2:p.Asp65Asn	193G>A	CCSBORF2104	TEX11	0.23156708304486942	0.6024082557171113
NC_000006.12:118651249:G:A	CEP85L	ENSG00000111860	CCSBVarC034956	CCSBORF100015403	ENSP00000393317.2:p.Ala7Val	20C>T	CCSBORF2104	TEX11	-0.24849380913943486	0.5708618624494847
NC_000006.12:118566223:C:T	CEP85L	ENSG00000111860	CCSBVarC034980	CCSBORF100015403	ENSP00000393317.2:p.Ala109Thr	325G>A	CCSBORF2104	TEX11	-0.48634969943149553	0.6012146213858515
NC_000006.12:118566139:T:C	CEP85L	ENSG00000111860	CCSBVarC034983	CCSBORF100015403	ENSP00000393317.2:p.Ser137Gly	409A>G	CCSBORF2104	TEX11	-0.255055141542882	0.6652396861216685
NC_000001.11:17373180:C:T	PADI6	ENSG00000276747	CCSBVarC034993	CCSBORF100015595	ENSP00000483125.1:p.Thr81Met	242C>T	CCSBORF6112	ZNF526	0.6437988572290905	0.4470093602997562
NC_000001.11:17373224:G:A	PADI6	ENSG00000276747	CCSBVarC034995	CCSBORF100015595	ENSP00000483125.1:p.Ala96Thr	286G>A	CCSBORF6112	ZNF526	-1.0241540654865084	0.5186550240863602
NC_000001.11:17379932:G:T	PADI6	ENSG00000276747	CCSBVarC034998	CCSBORF100015595	ENSP00000483125.1:p.Glu127Asp	381G>T	CCSBORF6112	ZNF526	1.2281799902117798	0.4455644581196207
NC_000001.11:17382045:T:A	PADI6	ENSG00000276747	CCSBVarC035003	CCSBORF100015595	ENSP00000483125.1:p.His211Gln	633T>A	CCSBORF6112	ZNF526	-2.627085754869027	0.8434107108174572
NC_000001.11:17382071:C:A	PADI6	ENSG00000276747	CCSBVarC035005	CCSBORF100015595	ENSP00000483125.1:p.Ala220Glu	659C>A	CCSBORF6112	ZNF526	-5.452798551885225	0.6603024838718086
NC_000001.11:17392148:C:T	PADI6	ENSG00000276747	CCSBVarC035009	CCSBORF100015595	ENSP00000483125.1:p.Thr333Met	998C>T	CCSBORF6112	ZNF526	-0.7964522649875816	0.4477573381426834
NC_000017.11:70175270:G:T	KCNJ2	ENSG00000123700	CCSBVarC035501	CCSBORF100016069	ENSP00000243457.2:p.Asp78Tyr	232G>T	CCSBORF100016069	KCNJ2	-1.2355836485658926	1.5319854144444394
NC_000017.11:70175282:C:T	KCNJ2	ENSG00000123700	CCSBVarC035503	CCSBORF100016069	ENSP00000243457.2:p.Arg82Trp	244C>T	CCSBORF100016069	KCNJ2	-0.03682270166770152	1.5302001407089407
NC_000017.11:70175468:G:A	KCNJ2	ENSG00000123700	CCSBVarC035510	CCSBORF100016069	ENSP00000243457.2:p.Gly144Ser	430G>A	CCSBORF100016069	KCNJ2	-0.8951123537527892	1.530071408790845
NC_000017.11:70175612:A:G	KCNJ2	ENSG00000123700	CCSBVarC035585	CCSBORF100016069	ENSP00000243457.2:p.Thr192Ala	574A>G	CCSBORF100016069	KCNJ2	-0.6432333300273496	1.5272867202320584
NC_000017.11:70175883:T:G	KCNJ2	ENSG00000123700	CCSBVarC035624	CCSBORF100016069	ENSP00000243457.2:p.Leu282Trp	845T>G	CCSBORF100016069	KCNJ2	-0.7921649075399408	1.5379476707246036
NC_000017.11:70175951:A:G	KCNJ2	ENSG00000123700	CCSBVarC035631	CCSBORF100016069	ENSP00000243457.2:p.Thr305Ala	913A>G	CCSBORF100016069	KCNJ2	-0.4657210926268144	1.5275665154925053
NC_000017.11:70175957:A:G	KCNJ2	ENSG00000123700	CCSBVarC035633	CCSBORF100016069	ENSP00000243457.2:p.Met307Val	919A>G	CCSBORF100016069	KCNJ2	-0.9327312876037811	1.5279848782356344
NC_000017.11:70175972:C:T	KCNJ2	ENSG00000123700	CCSBVarC035638	CCSBORF100016069	ENSP00000243457.2:p.Arg312Cys	934C>T	CCSBORF100016069	KCNJ2	0.20696465751086568	1.52790423505159
NC_000022.11:26616164:G:T	CRYBB1	ENSG00000100122	CCSBVarC026630	CCSBORF10165	ENSP00000497249.1:p.Ala52Glu	155C>A	CCSBORF100000476	AP1B1	0.7502380088069462	0.3101346909344407
NC_000022.11:26612159:C:T	CRYBB1	ENSG00000100122	CCSBVarC026634	CCSBORF10165	ENSP00000497249.1:p.Gly71Ser	211G>A	CCSBORF100000476	AP1B1	-2.8900126514128415	0.320610365873674
NC_000022.11:26607995:A:G	CRYBB1	ENSG00000100122	CCSBVarC026645	CCSBORF10165	ENSP00000497249.1:p.Phe109Leu	325T>C	CCSBORF100000476	AP1B1	-0.38640956299051	0.7772998405760236
NC_000022.11:26607992:G:A	CRYBB1	ENSG00000100122	CCSBVarC026648	CCSBORF10165	ENSP00000497249.1:p.Arg110Cys	328C>T	CCSBORF100000476	AP1B1	-7.693081853552867	0.5742799303870046
NC_000022.11:26607952:C:T	CRYBB1	ENSG00000100122	CCSBVarC026651	CCSBORF10165	ENSP00000497249.1:p.Arg123His	368G>A	CCSBORF100000476	AP1B1	-0.5875048913564609	0.31092104392257847
NC_000022.11:26607933:G:T	CRYBB1	ENSG00000100122	CCSBVarC026657	CCSBORF10165	ENSP00000497249.1:p.Ser129Arg	387C>A	CCSBORF100000476	AP1B1	2.264652162083171	0.3057700458974442
NC_000022.11:26607901:C:G	CRYBB1	ENSG00000100122	CCSBVarC026660	CCSBORF10165	ENSP00000497249.1:p.Arg140Pro	419G>C	CCSBORF100000476	AP1B1	-6.913986930740028	0.415282368014255
NC_000022.11:26616245:C:T	CRYBB1	ENSG00000100122	CCSBVarC026628	CCSBORF10165	ENSP00000497249.1:p.Gly25Glu	74G>A	CCSBORF100000476	AP1B1	-0.7883128851918666	0.30989041463581535
NC_000022.11:26616164:G:T	CRYBB1	ENSG00000100122	CCSBVarC026630	CCSBORF10165	ENSP00000497249.1:p.Ala52Glu	155C>A	CCSBORF71876	GAS8	-0.028105204847731255	0.38615751673666815
NC_000022.11:26612159:C:T	CRYBB1	ENSG00000100122	CCSBVarC026634	CCSBORF10165	ENSP00000497249.1:p.Gly71Ser	211G>A	CCSBORF71876	GAS8	-0.802115625641	0.3849440187329301
NC_000022.11:26607995:A:G	CRYBB1	ENSG00000100122	CCSBVarC026645	CCSBORF10165	ENSP00000497249.1:p.Phe109Leu	325T>C	CCSBORF71876	GAS8	-0.18796545598049452	0.663935218240595
NC_000022.11:26607992:G:A	CRYBB1	ENSG00000100122	CCSBVarC026648	CCSBORF10165	ENSP00000497249.1:p.Arg110Cys	328C>T	CCSBORF71876	GAS8	0.2979749014788253	0.3828195455119014
NC_000022.11:26607952:C:T	CRYBB1	ENSG00000100122	CCSBVarC026651	CCSBORF10165	ENSP00000497249.1:p.Arg123His	368G>A	CCSBORF71876	GAS8	-0.3281622301772558	0.38698614648023155
NC_000022.11:26607933:G:T	CRYBB1	ENSG00000100122	CCSBVarC026657	CCSBORF10165	ENSP00000497249.1:p.Ser129Arg	387C>A	CCSBORF71876	GAS8	0.910347568593161	0.43501419772983246
NC_000022.11:26607901:C:G	CRYBB1	ENSG00000100122	CCSBVarC026660	CCSBORF10165	ENSP00000497249.1:p.Arg140Pro	419G>C	CCSBORF71876	GAS8	-7.451293276947466	0.5191728869026513
NC_000022.11:26616245:C:T	CRYBB1	ENSG00000100122	CCSBVarC026628	CCSBORF10165	ENSP00000497249.1:p.Gly25Glu	74G>A	CCSBORF71876	GAS8	0.2812782258212668	0.3845267927929463
NC_000023.11:147928687:T:G	FMR1	ENSG00000102081	CCSBVarC026898	CCSBORF10252	ENSP00000355115.4:p.Asp100Glu	300T>G	CCSBORF989	FXR2	-0.14326288607456528	0.3437274834262229
NC_000023.11:147928744:A:C	FMR1	ENSG00000102081	CCSBVarC026900	CCSBORF10252	ENSP00000355115.4:p.Lys119Asn	357A>C	CCSBORF989	FXR2	0.1480638384231056	0.3330522325409467
NC_000023.11:147930035:A:C	FMR1	ENSG00000102081	CCSBVarC026910	CCSBORF10252	ENSP00000355115.4:p.Ile170Leu	508A>C	CCSBORF989	FXR2	-0.0012982625691500688	0.33570522855706747
NC_000023.11:147930135:T:A	FMR1	ENSG00000102081	CCSBVarC026913	CCSBORF10252	ENSP00000355115.4:p.Asn174Lys	522T>A	CCSBORF989	FXR2	-0.09914867254012065	0.33427336600093494
NC_000023.11:147932466:G:A	FMR1	ENSG00000102081	CCSBVarC026916	CCSBORF10252	ENSP00000355115.4:p.Val225Ile	673G>A	CCSBORF989	FXR2	-0.6698504988385056	0.36238575140092255
NC_000023.11:147932700:A:G	FMR1	ENSG00000102081	CCSBVarC026923	CCSBORF10252	ENSP00000355115.4:p.Lys273Arg	818A>G	CCSBORF989	FXR2	-0.009897910011346364	0.3359043513325445
NC_000023.11:147932748:C:T	FMR1	ENSG00000102081	CCSBVarC026925	CCSBORF10252	ENSP00000355115.4:p.Pro289Leu	866C>T	CCSBORF989	FXR2	-2.0382770450441465	0.4892653543163212
NC_000012.12:23543303:T:C	SOX5	ENSG00000134532	CCSBVarC026860	CCSBORF10885	ENSP00000493866.1:p.Met439Val	1315A>G	CCSBORF100067228	CAMK2A	0.9535710044029144	0.8074992433579655
NC_000012.12:23543300:T:G	SOX5	ENSG00000134532	CCSBVarC026867	CCSBORF10885	ENSP00000493866.1:p.Asn440His	1318A>C	CCSBORF100067228	CAMK2A	1.410511240965912	0.8148256159909671
NC_000012.12:23543233:T:C	SOX5	ENSG00000134532	CCSBVarC026902	CCSBORF10885	ENSP00000493866.1:p.Asn462Ser	1385A>G	CCSBORF100067228	CAMK2A	0.7430869544751255	0.8296079616791225
NC_000012.12:23543217:C:G	SOX5	ENSG00000134532	CCSBVarC026921	CCSBORF10885	ENSP00000493866.1:p.Lys467Asn	1401G>C	CCSBORF100067228	CAMK2A	0.8387843504970418	0.8088788667675391
NC_000012.12:23740939:T:C	SOX5	ENSG00000134532	CCSBVarC026837	CCSBORF10885	ENSP00000493866.1:p.Gln210Arg	629A>G	CCSBORF100067228	CAMK2A	-0.30949695201966365	1.2389440267037792
NC_000012.12:23543303:T:C	SOX5	ENSG00000134532	CCSBVarC026860	CCSBORF10885	ENSP00000493866.1:p.Met439Val	1315A>G	CCSBORF2104	TEX11	0.7259140036367397	0.5585802997425193
NC_000012.12:23543300:T:G	SOX5	ENSG00000134532	CCSBVarC026867	CCSBORF10885	ENSP00000493866.1:p.Asn440His	1318A>C	CCSBORF2104	TEX11	0.6324061383783989	0.5705207464566978
NC_000012.12:23543233:T:C	SOX5	ENSG00000134532	CCSBVarC026902	CCSBORF10885	ENSP00000493866.1:p.Asn462Ser	1385A>G	CCSBORF2104	TEX11	1.0198348393950531	0.5902346165195707
NC_000012.12:23543217:C:G	SOX5	ENSG00000134532	CCSBVarC026921	CCSBORF10885	ENSP00000493866.1:p.Lys467Asn	1401G>C	CCSBORF2104	TEX11	1.1113135801973757	0.5605284663399807
NC_000012.12:23740939:T:C	SOX5	ENSG00000134532	CCSBVarC026837	CCSBORF10885	ENSP00000493866.1:p.Gln210Arg	629A>G	CCSBORF2104	TEX11	0.3730503360507663	1.2090133047707183
NC_000012.12:23543303:T:C	SOX5	ENSG00000134532	CCSBVarC026860	CCSBORF10885	ENSP00000493866.1:p.Met439Val	1315A>G	CCSBORF53886	TLE5	0.4826396492003254	0.23491685723662978
NC_000012.12:23543300:T:G	SOX5	ENSG00000134532	CCSBVarC026867	CCSBORF10885	ENSP00000493866.1:p.Asn440His	1318A>C	CCSBORF53886	TLE5	0.23676665102490616	0.30214507898344345
NC_000012.12:23543233:T:C	SOX5	ENSG00000134532	CCSBVarC026902	CCSBORF10885	ENSP00000493866.1:p.Asn462Ser	1385A>G	CCSBORF53886	TLE5	0.34491455646367397	0.36877638918140476
NC_000012.12:23543217:C:G	SOX5	ENSG00000134532	CCSBVarC026921	CCSBORF10885	ENSP00000493866.1:p.Lys467Asn	1401G>C	CCSBORF53886	TLE5	0.47183956453081555	0.23775096705926713
NC_000012.12:23740939:T:C	SOX5	ENSG00000134532	CCSBVarC026837	CCSBORF10885	ENSP00000493866.1:p.Gln210Arg	629A>G	CCSBORF53886	TLE5	-0.5605509937117561	0.4092913186444153
NC_000012.12:23543303:T:C	SOX5	ENSG00000134532	CCSBVarC026860	CCSBORF10885	ENSP00000493866.1:p.Met439Val	1315A>G	CCSBORF7917	ZBTB26	-1.2905554996330202	0.3220640730228572
NC_000012.12:23543300:T:G	SOX5	ENSG00000134532	CCSBVarC026867	CCSBORF10885	ENSP00000493866.1:p.Asn440His	1318A>C	CCSBORF7917	ZBTB26	-1.9183957068447843	0.4194299274196889
NC_000012.12:23543233:T:C	SOX5	ENSG00000134532	CCSBVarC026902	CCSBORF10885	ENSP00000493866.1:p.Asn462Ser	1385A>G	CCSBORF7917	ZBTB26	-0.6886404540469224	0.34608942996297487
NC_000012.12:23543217:C:G	SOX5	ENSG00000134532	CCSBVarC026921	CCSBORF10885	ENSP00000493866.1:p.Lys467Asn	1401G>C	CCSBORF7917	ZBTB26	-1.646168976333838	0.32479201445715034
NC_000012.12:23740939:T:C	SOX5	ENSG00000134532	CCSBVarC026837	CCSBORF10885	ENSP00000493866.1:p.Gln210Arg	629A>G	CCSBORF7917	ZBTB26	-0.6583539129485086	0.6360078219052293
NC_000012.12:23543303:T:C	SOX5	ENSG00000134532	CCSBVarC026860	CCSBORF10885	ENSP00000493866.1:p.Met439Val	1315A>G	CCSBORF9637	TRAF2	1.1388756606412853	0.4405116816649156
NC_000012.12:23543300:T:G	SOX5	ENSG00000134532	CCSBVarC026867	CCSBORF10885	ENSP00000493866.1:p.Asn440His	1318A>C	CCSBORF9637	TRAF2	2.166706421226992	0.44613640630138307
NC_000012.12:23543233:T:C	SOX5	ENSG00000134532	CCSBVarC026902	CCSBORF10885	ENSP00000493866.1:p.Asn462Ser	1385A>G	CCSBORF9637	TRAF2	0.37726521482775077	0.48595654547713607
NC_000012.12:23543217:C:G	SOX5	ENSG00000134532	CCSBVarC026921	CCSBORF10885	ENSP00000493866.1:p.Lys467Asn	1401G>C	CCSBORF9637	TRAF2	1.6195800714215092	0.442003770739688
NC_000012.12:23740939:T:C	SOX5	ENSG00000134532	CCSBVarC026837	CCSBORF10885	ENSP00000493866.1:p.Gln210Arg	629A>G	CCSBORF9637	TRAF2	-0.018401447203725343	0.5509264872238633
NC_000001.11:230279401:G:A	GALNT2	ENSG00000143641	CCSBVarC027514	CCSBORF11238	ENSP00000355632.4:p.Val554Met	1660G>A	CCSBORF9267	KASH5	0.15847499603121762	0.34757154591873285
NC_000001.11:230203226:T:C	GALNT2	ENSG00000143641	CCSBVarC027502	CCSBORF11238	ENSP00000355632.4:p.Phe104Ser	311T>C	CCSBORF9267	KASH5	-3.1846079621333097	0.2750827039727962
NC_000001.11:230243320:G:A	GALNT2	ENSG00000143641	CCSBVarC027505	CCSBORF11238	ENSP00000355632.4:p.Arg208Gln	623G>A	CCSBORF9267	KASH5	0.8894923057777424	0.15845391981052268
NC_000001.11:230243326:G:C	GALNT2	ENSG00000143641	CCSBVarC027507	CCSBORF11238	ENSP00000355632.4:p.Arg210Pro	629G>C	CCSBORF9267	KASH5	-4.182773466125853	0.32706322868691323
NC_000001.11:230243345:A:T	GALNT2	ENSG00000143641	CCSBVarC027510	CCSBORF11238	ENSP00000355632.4:p.Gln216His	648A>T	CCSBORF9267	KASH5	0.09178094429072182	0.1629969576838588
NC_000001.11:230250491:A:C	GALNT2	ENSG00000143641	CCSBVarC027512	CCSBORF11238	ENSP00000355632.4:p.Asp314Ala	941A>C	CCSBORF9267	KASH5	-4.989404352684772	0.5671257345882635
NC_000015.10:36892344:T:C	MEIS2	ENSG00000134138	CCSBVarC027700	CCSBORF11603	ENSP00000341400.4:p.His414Arg	1241A>G	CCSBORF100064146	KRTAP6-3	-0.0014428883829579742	0.5831439038958119
NC_000015.10:37036836:C:G	MEIS2	ENSG00000134138	CCSBVarC028111	CCSBORF11603	ENSP00000341400.4:p.Ala293Pro	877G>C	CCSBORF100064146	KRTAP6-3	-0.750036901620889	0.428212704537422
NC_000015.10:36950393:A:T	MEIS2	ENSG00000134138	CCSBVarC028117	CCSBORF11603	ENSP00000341400.4:p.Tyr303Asn	907T>A	CCSBORF100064146	KRTAP6-3	-0.5294661697455767	0.39038534647491385
NC_000015.10:36950336:G:C	MEIS2	ENSG00000134138	CCSBVarC027681	CCSBORF11603	ENSP00000341400.4:p.Gln322Glu	964C>G	CCSBORF100064146	KRTAP6-3	0.6376455515175418	0.3654531513117628
NC_000015.10:36950335:T:A	MEIS2	ENSG00000134138	CCSBVarC027683	CCSBORF11603	ENSP00000341400.4:p.Gln322Leu	965A>T	CCSBORF100064146	KRTAP6-3	NULL	NULL
NC_000015.10:36950332:A:C	MEIS2	ENSG00000134138	CCSBVarC027685	CCSBORF11603	ENSP00000341400.4:p.Val323Gly	968T>G	CCSBORF100064146	KRTAP6-3	-2.031534530991089	0.3911549271330818
NC_000015.10:36950327:T:C	MEIS2	ENSG00000134138	CCSBVarC027687	CCSBORF11603	ENSP00000341400.4:p.Asn325Asp	973A>G	CCSBORF100064146	KRTAP6-3	0.6695010813001193	0.36482216535677203
NC_000015.10:36896677:T:C	MEIS2	ENSG00000134138	CCSBVarC027690	CCSBORF11603	ENSP00000341400.4:p.Asn329Ser	986A>G	CCSBORF100064146	KRTAP6-3	0.3488110670916003	0.37108374759078844
NC_000015.10:36896672:T:C	MEIS2	ENSG00000134138	CCSBVarC027694	CCSBORF11603	ENSP00000341400.4:p.Arg331Gly	991A>G	CCSBORF100064146	KRTAP6-3	0.1994653350163078	0.574941219946437
NC_000015.10:36896669:T:C	MEIS2	ENSG00000134138	CCSBVarC027696	CCSBORF11603	ENSP00000341400.4:p.Arg332Gly	994A>G	CCSBORF100064146	KRTAP6-3	-0.024166308876568038	0.37478576129579455
NC_000015.10:36896664:T:G	MEIS2	ENSG00000134138	CCSBVarC027697	CCSBORF11603	ENSP00000341400.4:p.Arg333Ser	999A>C	CCSBORF100064146	KRTAP6-3	0.6887767387861352	0.40247873167367404
NC_000015.10:36892344:T:C	MEIS2	ENSG00000134138	CCSBVarC027700	CCSBORF11603	ENSP00000341400.4:p.His414Arg	1241A>G	CCSBORF71783	PBX1	-0.766880554823243	0.6974418271685171
NC_000015.10:37036836:C:G	MEIS2	ENSG00000134138	CCSBVarC028111	CCSBORF11603	ENSP00000341400.4:p.Ala293Pro	877G>C	CCSBORF71783	PBX1	0.7523227187878297	0.7264020070260052
NC_000015.10:36950393:A:T	MEIS2	ENSG00000134138	CCSBVarC028117	CCSBORF11603	ENSP00000341400.4:p.Tyr303Asn	907T>A	CCSBORF71783	PBX1	-0.057483273777226035	0.6424249833389142
NC_000015.10:36950336:G:C	MEIS2	ENSG00000134138	CCSBVarC027681	CCSBORF11603	ENSP00000341400.4:p.Gln322Glu	964C>G	CCSBORF71783	PBX1	-0.18018332787902233	0.6378125393646245
NC_000015.10:36950335:T:A	MEIS2	ENSG00000134138	CCSBVarC027683	CCSBORF11603	ENSP00000341400.4:p.Gln322Leu	965A>T	CCSBORF71783	PBX1	0.030523669579363116	0.7066737026822048
NC_000015.10:36950332:A:C	MEIS2	ENSG00000134138	CCSBVarC027685	CCSBORF11603	ENSP00000341400.4:p.Val323Gly	968T>G	CCSBORF71783	PBX1	0.428747191427569	0.6372475745386419
NC_000015.10:36950327:T:C	MEIS2	ENSG00000134138	CCSBVarC027687	CCSBORF11603	ENSP00000341400.4:p.Asn325Asp	973A>G	CCSBORF71783	PBX1	-0.2315863750143614	0.6376991023751527
NC_000015.10:36896677:T:C	MEIS2	ENSG00000134138	CCSBVarC027690	CCSBORF11603	ENSP00000341400.4:p.Asn329Ser	986A>G	CCSBORF71783	PBX1	-0.10665219447599267	0.6423309721041109
NC_000015.10:36896672:T:C	MEIS2	ENSG00000134138	CCSBVarC027694	CCSBORF11603	ENSP00000341400.4:p.Arg331Gly	991A>G	CCSBORF71783	PBX1	-1.1685166881480522	0.6638254209936122
NC_000015.10:36896669:T:C	MEIS2	ENSG00000134138	CCSBVarC027696	CCSBORF11603	ENSP00000341400.4:p.Arg332Gly	994A>G	CCSBORF71783	PBX1	-0.08830472657930921	0.6429007404219401
NC_000015.10:36896664:T:G	MEIS2	ENSG00000134138	CCSBVarC027697	CCSBORF11603	ENSP00000341400.4:p.Arg333Ser	999A>C	CCSBORF71783	PBX1	-0.40425977262467483	0.6433601695698332
NC_000015.10:67190443:A:G	SMAD3	ENSG00000166949	CCSBVarC028980	CCSBORF11805	ENSP00000332973.4:p.Ile396Val	1186A>G	CCSBORF100068511	NEDD4	-0.8861157098894729	0.5673333861404503
NC_000015.10:67066332:T:C	SMAD3	ENSG00000166949	CCSBVarC028917	CCSBORF11805	ENSP00000332973.4:p.Val60Ala	179T>C	CCSBORF100068511	NEDD4	-0.8312958834165334	0.5605465518058224
NC_000015.10:67164896:C:A	SMAD3	ENSG00000166949	CCSBVarC028919	CCSBORF11805	ENSP00000332973.4:p.Ser70Tyr	209C>A	CCSBORF100068511	NEDD4	-0.4491515075549596	0.5584595254459062
NC_000015.10:67164907:C:T	SMAD3	ENSG00000166949	CCSBVarC028921	CCSBORF11805	ENSP00000332973.4:p.Arg74Trp	220C>T	CCSBORF100068511	NEDD4	-0.6203588095160397	0.5632706436790942
NC_000015.10:67066181:C:G	SMAD3	ENSG00000166949	CCSBVarC028915	CCSBORF11805	ENSP00000332973.4:p.Pro10Ala	28C>G	CCSBORF100068511	NEDD4	-1.0665103583261013	0.6567742868024842
NC_000015.10:67165003:A:G	SMAD3	ENSG00000166949	CCSBVarC028936	CCSBORF11805	ENSP00000332973.4:p.Met106Val	316A>G	CCSBORF100068511	NEDD4	-0.5628165341106631	0.5549970775805069
NC_000015.10:67165353:G:A	SMAD3	ENSG00000166949	CCSBVarC028939	CCSBORF11805	ENSP00000332973.4:p.Ala168Thr	502G>A	CCSBORF100068511	NEDD4	-0.45294851136496767	0.5576065959449238
NC_000015.10:67170558:C:T	SMAD3	ENSG00000166949	CCSBVarC028942	CCSBORF11805	ENSP00000332973.4:p.Pro205Ser	613C>T	CCSBORF100068511	NEDD4	-0.39180391500195966	0.5811632006323979
NC_000015.10:67181366:A:T	SMAD3	ENSG00000166949	CCSBVarC028962	CCSBORF11805	ENSP00000332973.4:p.Asp262Val	785A>T	CCSBORF100068511	NEDD4	0.13065939647282018	0.5606102063247311
NC_000015.10:67181429:T:A	SMAD3	ENSG00000166949	CCSBVarC028965	CCSBORF11805	ENSP00000332973.4:p.Val283Glu	848T>A	CCSBORF100068511	NEDD4	-1.4843957716813034	0.7209662079131801
NC_000015.10:67181432:A:G	SMAD3	ENSG00000166949	CCSBVarC028968	CCSBORF11805	ENSP00000332973.4:p.Glu284Gly	851A>G	CCSBORF100068511	NEDD4	-0.687191686107492	0.586890335599574
NC_000015.10:67190443:A:G	SMAD3	ENSG00000166949	CCSBVarC028980	CCSBORF11805	ENSP00000332973.4:p.Ile396Val	1186A>G	CCSBORF13067	BLZF1	-1.229252156769625	0.44361059809727243
NC_000015.10:67066332:T:C	SMAD3	ENSG00000166949	CCSBVarC028917	CCSBORF11805	ENSP00000332973.4:p.Val60Ala	179T>C	CCSBORF13067	BLZF1	-0.6945339085112118	0.4325834219480429
NC_000015.10:67164896:C:A	SMAD3	ENSG00000166949	CCSBVarC028919	CCSBORF11805	ENSP00000332973.4:p.Ser70Tyr	209C>A	CCSBORF13067	BLZF1	-0.42288630014515743	0.4317544359667392
NC_000015.10:67164907:C:T	SMAD3	ENSG00000166949	CCSBVarC028921	CCSBORF11805	ENSP00000332973.4:p.Arg74Trp	220C>T	CCSBORF13067	BLZF1	-0.8618678339166338	0.43864366794983034
NC_000015.10:67066181:C:G	SMAD3	ENSG00000166949	CCSBVarC028915	CCSBORF11805	ENSP00000332973.4:p.Pro10Ala	28C>G	CCSBORF13067	BLZF1	-1.1637721280580728	0.6078486273542955
NC_000015.10:67165003:A:G	SMAD3	ENSG00000166949	CCSBVarC028936	CCSBORF11805	ENSP00000332973.4:p.Met106Val	316A>G	CCSBORF13067	BLZF1	-0.2083499120171382	0.42610737251125497
NC_000015.10:67165353:G:A	SMAD3	ENSG00000166949	CCSBVarC028939	CCSBORF11805	ENSP00000332973.4:p.Ala168Thr	502G>A	CCSBORF13067	BLZF1	-0.6083729932323717	0.43350607457300677
NC_000015.10:67170558:C:T	SMAD3	ENSG00000166949	CCSBVarC028942	CCSBORF11805	ENSP00000332973.4:p.Pro205Ser	613C>T	CCSBORF13067	BLZF1	-0.6776087447267705	0.5194166817912323
NC_000015.10:67181366:A:T	SMAD3	ENSG00000166949	CCSBVarC028962	CCSBORF11805	ENSP00000332973.4:p.Asp262Val	785A>T	CCSBORF13067	BLZF1	1.2368829799399848	0.4307559968121696
NC_000015.10:67181429:T:A	SMAD3	ENSG00000166949	CCSBVarC028965	CCSBORF11805	ENSP00000332973.4:p.Val283Glu	848T>A	CCSBORF13067	BLZF1	1.31996817433209	0.48707289846329804
NC_000015.10:67181432:A:G	SMAD3	ENSG00000166949	CCSBVarC028968	CCSBORF11805	ENSP00000332973.4:p.Glu284Gly	851A>G	CCSBORF13067	BLZF1	-1.0811346472649639	0.4702228258410811
NC_000015.10:67190443:A:G	SMAD3	ENSG00000166949	CCSBVarC028980	CCSBORF11805	ENSP00000332973.4:p.Ile396Val	1186A>G	CCSBORF40080553	FOXH1	0.11905066701519909	0.2531976802050975
NC_000015.10:67066332:T:C	SMAD3	ENSG00000166949	CCSBVarC028917	CCSBORF11805	ENSP00000332973.4:p.Val60Ala	179T>C	CCSBORF40080553	FOXH1	0.03414988355886349	0.24458136897851926
NC_000015.10:67164896:C:A	SMAD3	ENSG00000166949	CCSBVarC028919	CCSBORF11805	ENSP00000332973.4:p.Ser70Tyr	209C>A	CCSBORF40080553	FOXH1	0.14399590586805508	0.24769517784386244
NC_000015.10:67164907:C:T	SMAD3	ENSG00000166949	CCSBVarC028921	CCSBORF11805	ENSP00000332973.4:p.Arg74Trp	220C>T	CCSBORF40080553	FOXH1	-0.30669721560350466	0.38275173001307866
NC_000015.10:67066181:C:G	SMAD3	ENSG00000166949	CCSBVarC028915	CCSBORF11805	ENSP00000332973.4:p.Pro10Ala	28C>G	CCSBORF40080553	FOXH1	-0.20293193855258626	0.5770427508393798
NC_000015.10:67165003:A:G	SMAD3	ENSG00000166949	CCSBVarC028936	CCSBORF11805	ENSP00000332973.4:p.Met106Val	316A>G	CCSBORF40080553	FOXH1	0.02538234610927315	0.23811858637418484
NC_000015.10:67165353:G:A	SMAD3	ENSG00000166949	CCSBVarC028939	CCSBORF11805	ENSP00000332973.4:p.Ala168Thr	502G>A	CCSBORF40080553	FOXH1	0.24247899342902113	0.26327676673226
NC_000015.10:67170558:C:T	SMAD3	ENSG00000166949	CCSBVarC028942	CCSBORF11805	ENSP00000332973.4:p.Pro205Ser	613C>T	CCSBORF40080553	FOXH1	-0.03630967426254886	0.2767677142161104
NC_000015.10:67181366:A:T	SMAD3	ENSG00000166949	CCSBVarC028962	CCSBORF11805	ENSP00000332973.4:p.Asp262Val	785A>T	CCSBORF40080553	FOXH1	0.08786535113848817	0.3929315284747405
NC_000015.10:67181429:T:A	SMAD3	ENSG00000166949	CCSBVarC028965	CCSBORF11805	ENSP00000332973.4:p.Val283Glu	848T>A	CCSBORF40080553	FOXH1	0.20624044522045087	0.3612592543740791
NC_000015.10:67181432:A:G	SMAD3	ENSG00000166949	CCSBVarC028968	CCSBORF11805	ENSP00000332973.4:p.Glu284Gly	851A>G	CCSBORF40080553	FOXH1	0.06117616570550547	0.26690689690548847
NC_000015.10:67190443:A:G	SMAD3	ENSG00000166949	CCSBVarC028980	CCSBORF11805	ENSP00000332973.4:p.Ile396Val	1186A>G	CCSBORF71704	SMURF2	-0.537205071566786	0.35764692924043245
NC_000015.10:67066332:T:C	SMAD3	ENSG00000166949	CCSBVarC028917	CCSBORF11805	ENSP00000332973.4:p.Val60Ala	179T>C	CCSBORF71704	SMURF2	-0.14626692155535778	0.30316063102227714
NC_000015.10:67164896:C:A	SMAD3	ENSG00000166949	CCSBVarC028919	CCSBORF11805	ENSP00000332973.4:p.Ser70Tyr	209C>A	CCSBORF71704	SMURF2	-0.6250389904213121	0.3075457127564056
NC_000015.10:67164907:C:T	SMAD3	ENSG00000166949	CCSBVarC028921	CCSBORF11805	ENSP00000332973.4:p.Arg74Trp	220C>T	CCSBORF71704	SMURF2	-0.4057443056079215	0.31051603357479296
NC_000015.10:67066181:C:G	SMAD3	ENSG00000166949	CCSBVarC028915	CCSBORF11805	ENSP00000332973.4:p.Pro10Ala	28C>G	CCSBORF71704	SMURF2	-0.8306928381271551	0.42569527083836906
NC_000015.10:67165003:A:G	SMAD3	ENSG00000166949	CCSBVarC028936	CCSBORF11805	ENSP00000332973.4:p.Met106Val	316A>G	CCSBORF71704	SMURF2	-0.14122614484791993	0.2954622322431297
NC_000015.10:67165353:G:A	SMAD3	ENSG00000166949	CCSBVarC028939	CCSBORF11805	ENSP00000332973.4:p.Ala168Thr	502G>A	CCSBORF71704	SMURF2	-0.5136697197566936	0.3010529912441162
NC_000015.10:67170558:C:T	SMAD3	ENSG00000166949	CCSBVarC028942	CCSBORF11805	ENSP00000332973.4:p.Pro205Ser	613C>T	CCSBORF71704	SMURF2	-0.4600507983104911	0.3427851047578632
NC_000015.10:67181366:A:T	SMAD3	ENSG00000166949	CCSBVarC028962	CCSBORF11805	ENSP00000332973.4:p.Asp262Val	785A>T	CCSBORF71704	SMURF2	-0.03756236729166171	0.30608821427247296
NC_000015.10:67181429:T:A	SMAD3	ENSG00000166949	CCSBVarC028965	CCSBORF11805	ENSP00000332973.4:p.Val283Glu	848T>A	CCSBORF71704	SMURF2	-0.32049115043511744	0.4098972443026023
NC_000015.10:67181432:A:G	SMAD3	ENSG00000166949	CCSBVarC028968	CCSBORF11805	ENSP00000332973.4:p.Glu284Gly	851A>G	CCSBORF71704	SMURF2	-0.6949715705721385	0.3433684313807765
NC_000015.10:67190443:A:G	SMAD3	ENSG00000166949	CCSBVarC028980	CCSBORF11805	ENSP00000332973.4:p.Ile396Val	1186A>G	CCSBORF8359	CCDC33	-0.939619153568843	0.4312775123139688
NC_000015.10:67066332:T:C	SMAD3	ENSG00000166949	CCSBVarC028917	CCSBORF11805	ENSP00000332973.4:p.Val60Ala	179T>C	CCSBORF8359	CCDC33	-0.3826930117044539	0.4196350818713988
NC_000015.10:67164896:C:A	SMAD3	ENSG00000166949	CCSBVarC028919	CCSBORF11805	ENSP00000332973.4:p.Ser70Tyr	209C>A	CCSBORF8359	CCDC33	-0.06767646516775846	0.4180952495514599
NC_000015.10:67164907:C:T	SMAD3	ENSG00000166949	CCSBVarC028921	CCSBORF11805	ENSP00000332973.4:p.Arg74Trp	220C>T	CCSBORF8359	CCDC33	-0.34714292667666424	0.42432518162762706
NC_000015.10:67066181:C:G	SMAD3	ENSG00000166949	CCSBVarC028915	CCSBORF11805	ENSP00000332973.4:p.Pro10Ala	28C>G	CCSBORF8359	CCDC33	-0.0067079084520547325	0.5044112639345653
NC_000015.10:67165003:A:G	SMAD3	ENSG00000166949	CCSBVarC028936	CCSBORF11805	ENSP00000332973.4:p.Met106Val	316A>G	CCSBORF8359	CCDC33	-0.32907547702582807	0.4129080933689682
NC_000015.10:67165353:G:A	SMAD3	ENSG00000166949	CCSBVarC028939	CCSBORF11805	ENSP00000332973.4:p.Ala168Thr	502G>A	CCSBORF8359	CCDC33	-0.43596390784430505	0.41764733849926167
NC_000015.10:67170558:C:T	SMAD3	ENSG00000166949	CCSBVarC028942	CCSBORF11805	ENSP00000332973.4:p.Pro205Ser	613C>T	CCSBORF8359	CCDC33	-0.3319962811192947	0.4652615435172336
NC_000015.10:67181366:A:T	SMAD3	ENSG00000166949	CCSBVarC028962	CCSBORF11805	ENSP00000332973.4:p.Asp262Val	785A>T	CCSBORF8359	CCDC33	0.7804164818904801	0.4190644711174196
NC_000015.10:67181429:T:A	SMAD3	ENSG00000166949	CCSBVarC028965	CCSBORF11805	ENSP00000332973.4:p.Val283Glu	848T>A	CCSBORF8359	CCDC33	0.854392152676941	1.1168566765818657
NC_000015.10:67181432:A:G	SMAD3	ENSG00000166949	CCSBVarC028968	CCSBORF11805	ENSP00000332973.4:p.Glu284Gly	851A>G	CCSBORF8359	CCDC33	-0.6537771661216205	0.45793509925928044
NC_000015.10:63056993:G:A	TPM1	ENSG00000140416	CCSBVarC027746	CCSBORF11872	ENSP00000334624.4:p.Asp48Asn	142G>A	CCSBORF4621	KXD1	1.3931003234779331	0.16836710545818828
NC_000015.10:63056999:G:A	TPM1	ENSG00000140416	CCSBVarC027748	CCSBORF11872	ENSP00000334624.4:p.Ala50Thr	148G>A	CCSBORF4621	KXD1	-1.4337619379430484	0.1728375943702596
NC_000015.10:63057027:T:C	TPM1	ENSG00000140416	CCSBVarC027754	CCSBORF11872	ENSP00000334624.4:p.Val59Ala	176T>C	CCSBORF4621	KXD1	-4.702438009695636	0.49645787520243917
NC_000015.10:63057080:C:G	TPM1	ENSG00000140416	CCSBVarC027756	CCSBORF11872	ENSP00000334624.4:p.Leu77Val	229C>G	CCSBORF4621	KXD1	-0.050755145481288316	0.3183741016212005
NC_000015.10:63059666:G:A	TPM1	ENSG00000140416	CCSBVarC027823	CCSBORF11872	ENSP00000334624.4:p.Arg124His	371G>A	CCSBORF4621	KXD1	0.9679746726196934	0.17849727899787282
NC_000015.10:63060934:G:C	TPM1	ENSG00000140416	CCSBVarC027835	CCSBORF11872	ENSP00000334624.4:p.Glu151Gln	451G>C	CCSBORF4621	KXD1	-4.1275806595216835	0.5807541138795286
NC_000015.10:63061750:C:T	TPM1	ENSG00000140416	CCSBVarC027841	CCSBORF11872	ENSP00000334624.4:p.Thr165Met	494C>T	CCSBORF4621	KXD1	2.821214239682219	0.16088190153561446
NC_000015.10:63062260:C:T	TPM1	ENSG00000140416	CCSBVarC027847	CCSBORF11872	ENSP00000334624.4:p.Ser193Phe	578C>T	CCSBORF4621	KXD1	3.8066542466924647	0.19784967702797446
NC_000015.10:63062584:C:T	TPM1	ENSG00000140416	CCSBVarC027851	CCSBORF11872	ENSP00000334624.4:p.Arg202Trp	604C>T	CCSBORF4621	KXD1	4.539989379615883	0.18373111369066508
NC_000015.10:63062614:A:G	TPM1	ENSG00000140416	CCSBVarC027855	CCSBORF11872	ENSP00000334624.4:p.Lys212Glu	634A>G	CCSBORF4621	KXD1	4.145891708836371	0.41882974659243066
NC_000023.11:10567417:T:C	MID1	ENSG00000101871	CCSBVarC027958	CCSBORF11907	ENSP00000312678.4:p.Thr44Ala	130A>G	CCSBORF100063955	N4BP1	-0.32955544685639043	0.3826868295878328
NC_000023.11:10449708:T:C	MID1	ENSG00000101871	CCSBVarC027994	CCSBORF11907	ENSP00000312678.4:p.Ile555Val	1663A>G	CCSBORF100063955	N4BP1	-0.3632121224213508	0.3895937928913246
NC_000023.11:10449536:T:C	MID1	ENSG00000101871	CCSBVarC027998	CCSBORF11907	ENSP00000312678.4:p.Asn612Ser	1835A>G	CCSBORF100063955	N4BP1	-0.16542359336186657	0.378492588726241
NC_000023.11:10449530:G:A	MID1	ENSG00000101871	CCSBVarC028001	CCSBORF11907	ENSP00000312678.4:p.Ser614Phe	1841C>T	CCSBORF100063955	N4BP1	-0.13181804066581465	0.3794974006212461
NC_000023.11:10567417:T:C	MID1	ENSG00000101871	CCSBVarC027958	CCSBORF11907	ENSP00000312678.4:p.Thr44Ala	130A>G	CCSBORF1074	MID2	-0.6886730946332069	0.5658517612783527
NC_000023.11:10449708:T:C	MID1	ENSG00000101871	CCSBVarC027994	CCSBORF11907	ENSP00000312678.4:p.Ile555Val	1663A>G	CCSBORF1074	MID2	-0.4403982499281072	0.4064855763364825
NC_000023.11:10449536:T:C	MID1	ENSG00000101871	CCSBVarC027998	CCSBORF11907	ENSP00000312678.4:p.Asn612Ser	1835A>G	CCSBORF1074	MID2	-0.36798567631683493	0.4015261758927803
NC_000023.11:10449530:G:A	MID1	ENSG00000101871	CCSBVarC028001	CCSBORF11907	ENSP00000312678.4:p.Ser614Phe	1841C>T	CCSBORF1074	MID2	-0.3586418704811836	0.40200742315977767
NC_000023.11:10567417:T:C	MID1	ENSG00000101871	CCSBVarC027958	CCSBORF11907	ENSP00000312678.4:p.Thr44Ala	130A>G	CCSBORF11907	MID1	-0.4803778525850201	0.22949645971894916
NC_000023.11:10449708:T:C	MID1	ENSG00000101871	CCSBVarC027994	CCSBORF11907	ENSP00000312678.4:p.Ile555Val	1663A>G	CCSBORF11907	MID1	0.2505896842762421	0.2790472519823995
NC_000023.11:10449536:T:C	MID1	ENSG00000101871	CCSBVarC027998	CCSBORF11907	ENSP00000312678.4:p.Asn612Ser	1835A>G	CCSBORF11907	MID1	0.026972514184470303	0.31993540872166776
NC_000023.11:10449530:G:A	MID1	ENSG00000101871	CCSBVarC028001	CCSBORF11907	ENSP00000312678.4:p.Ser614Phe	1841C>T	CCSBORF11907	MID1	0.14099186572794806	0.2264924064784377
NC_000023.11:10567417:T:C	MID1	ENSG00000101871	CCSBVarC027958	CCSBORF11907	ENSP00000312678.4:p.Thr44Ala	130A>G	CCSBORF4516	GMCL1	-0.5554015626702045	0.09845686121045724
NC_000023.11:10449708:T:C	MID1	ENSG00000101871	CCSBVarC027994	CCSBORF11907	ENSP00000312678.4:p.Ile555Val	1663A>G	CCSBORF4516	GMCL1	-0.142827319475299	0.10335966563704438
NC_000023.11:10449536:T:C	MID1	ENSG00000101871	CCSBVarC027998	CCSBORF11907	ENSP00000312678.4:p.Asn612Ser	1835A>G	CCSBORF4516	GMCL1	-0.047137391718958754	0.07676593484349886
NC_000023.11:10449530:G:A	MID1	ENSG00000101871	CCSBVarC028001	CCSBORF11907	ENSP00000312678.4:p.Ser614Phe	1841C>T	CCSBORF4516	GMCL1	-0.19537565439043653	0.08018497118068442
NC_000023.11:10567417:T:C	MID1	ENSG00000101871	CCSBVarC027958	CCSBORF11907	ENSP00000312678.4:p.Thr44Ala	130A>G	CCSBORF71372	ZNF618	-0.13569865097607786	0.6104822507976458
NC_000023.11:10449708:T:C	MID1	ENSG00000101871	CCSBVarC027994	CCSBORF11907	ENSP00000312678.4:p.Ile555Val	1663A>G	CCSBORF71372	ZNF618	-1.3088434092159948	0.6268725496025265
NC_000023.11:10449536:T:C	MID1	ENSG00000101871	CCSBVarC027998	CCSBORF11907	ENSP00000312678.4:p.Asn612Ser	1835A>G	CCSBORF71372	ZNF618	0.1211356226993861	0.6012132816991232
NC_000023.11:10449530:G:A	MID1	ENSG00000101871	CCSBVarC028001	CCSBORF11907	ENSP00000312678.4:p.Ser614Phe	1841C>T	CCSBORF71372	ZNF618	0.10663208891273582	0.6036624224135692
NC_000021.9:45185017:A:G	ADARB1	ENSG00000197381	CCSBVarC028705	CCSBORF12333	ENSP00000015877.6:p.Ser498Gly	1492A>G	CCSBORF11582	STAU1	-0.3813287142577537	0.14917260783259015
NC_000021.9:45204570:A:G	ADARB1	ENSG00000197381	CCSBVarC028708	CCSBORF12333	ENSP00000015877.6:p.Ile528Val	1582A>G	CCSBORF11582	STAU1	-0.4001813649315427	0.29174051193052347
NC_000021.9:45204676:G:A	ADARB1	ENSG00000197381	CCSBVarC028711	CCSBORF12333	ENSP00000015877.6:p.Arg563Gln	1688G>A	CCSBORF11582	STAU1	0.8994159667446535	0.14328053760357462
NC_000021.9:45222059:G:A	ADARB1	ENSG00000197381	CCSBVarC028720	CCSBORF12333	ENSP00000015877.6:p.Val657Met	1969G>A	CCSBORF11582	STAU1	-2.6969325500282846	0.24773096053141455
NC_000021.9:45222083:G:T	ADARB1	ENSG00000197381	CCSBVarC028724	CCSBORF12333	ENSP00000015877.6:p.Ala665Ser	1993G>T	CCSBORF11582	STAU1	0.222114281434881	0.1458541594009413
NC_000021.9:45222135:C:T	ADARB1	ENSG00000197381	CCSBVarC028728	CCSBORF12333	ENSP00000015877.6:p.Ala682Val	2045C>T	CCSBORF11582	STAU1	-0.27078080848897534	0.31153923214823426
NC_000021.9:45185017:A:G	ADARB1	ENSG00000197381	CCSBVarC028705	CCSBORF12333	ENSP00000015877.6:p.Ser498Gly	1492A>G	CCSBORF11853	PNPT1	-0.2690310328658539	0.5797877085167128
NC_000021.9:45204570:A:G	ADARB1	ENSG00000197381	CCSBVarC028708	CCSBORF12333	ENSP00000015877.6:p.Ile528Val	1582A>G	CCSBORF11853	PNPT1	-0.6552306976326946	0.8818046730120161
NC_000021.9:45204676:G:A	ADARB1	ENSG00000197381	CCSBVarC028711	CCSBORF12333	ENSP00000015877.6:p.Arg563Gln	1688G>A	CCSBORF11853	PNPT1	1.4819429428501714	0.5571096676216503
NC_000021.9:45222059:G:A	ADARB1	ENSG00000197381	CCSBVarC028720	CCSBORF12333	ENSP00000015877.6:p.Val657Met	1969G>A	CCSBORF11853	PNPT1	-4.424740031832739	1.3239977540682935
NC_000021.9:45222083:G:T	ADARB1	ENSG00000197381	CCSBVarC028724	CCSBORF12333	ENSP00000015877.6:p.Ala665Ser	1993G>T	CCSBORF11853	PNPT1	0.14111081016039684	0.5575318999096788
NC_000021.9:45222135:C:T	ADARB1	ENSG00000197381	CCSBVarC028728	CCSBORF12333	ENSP00000015877.6:p.Ala682Val	2045C>T	CCSBORF11853	PNPT1	-0.6358898173652822	0.5597440468486841
NC_000021.9:45185017:A:G	ADARB1	ENSG00000197381	CCSBVarC028705	CCSBORF12333	ENSP00000015877.6:p.Ser498Gly	1492A>G	CCSBORF12333	ADARB1	-0.6195181736491103	0.568738625192861
NC_000021.9:45204570:A:G	ADARB1	ENSG00000197381	CCSBVarC028708	CCSBORF12333	ENSP00000015877.6:p.Ile528Val	1582A>G	CCSBORF12333	ADARB1	-0.7642933200139113	0.9920427806646158
NC_000021.9:45204676:G:A	ADARB1	ENSG00000197381	CCSBVarC028711	CCSBORF12333	ENSP00000015877.6:p.Arg563Gln	1688G>A	CCSBORF12333	ADARB1	1.2233650725189589	0.5656463654747865
NC_000021.9:45222059:G:A	ADARB1	ENSG00000197381	CCSBVarC028720	CCSBORF12333	ENSP00000015877.6:p.Val657Met	1969G>A	CCSBORF12333	ADARB1	-1.8276070401479527	0.6116747919405667
NC_000021.9:45222083:G:T	ADARB1	ENSG00000197381	CCSBVarC028724	CCSBORF12333	ENSP00000015877.6:p.Ala665Ser	1993G>T	CCSBORF12333	ADARB1	0.46585703353910984	0.5665648986507591
NC_000021.9:45222135:C:T	ADARB1	ENSG00000197381	CCSBVarC028728	CCSBORF12333	ENSP00000015877.6:p.Ala682Val	2045C>T	CCSBORF12333	ADARB1	0.4343266946624763	0.6048173829312683
NC_000021.9:45185017:A:G	ADARB1	ENSG00000197381	CCSBVarC028705	CCSBORF12333	ENSP00000015877.6:p.Ser498Gly	1492A>G	CCSBORF4636	TARBP2	-0.37681884313222197	0.3515115319740873
NC_000021.9:45204570:A:G	ADARB1	ENSG00000197381	CCSBVarC028708	CCSBORF12333	ENSP00000015877.6:p.Ile528Val	1582A>G	CCSBORF4636	TARBP2	-0.6489855476334949	0.5358453776885974
NC_000021.9:45204676:G:A	ADARB1	ENSG00000197381	CCSBVarC028711	CCSBORF12333	ENSP00000015877.6:p.Arg563Gln	1688G>A	CCSBORF4636	TARBP2	1.1821076034676539	0.34942909653396825
NC_000021.9:45222059:G:A	ADARB1	ENSG00000197381	CCSBVarC028720	CCSBORF12333	ENSP00000015877.6:p.Val657Met	1969G>A	CCSBORF4636	TARBP2	-2.703829466472615	0.40924144505367555
NC_000021.9:45222083:G:T	ADARB1	ENSG00000197381	CCSBVarC028724	CCSBORF12333	ENSP00000015877.6:p.Ala665Ser	1993G>T	CCSBORF4636	TARBP2	0.704977456341014	0.3494411758568411
NC_000021.9:45222135:C:T	ADARB1	ENSG00000197381	CCSBVarC028728	CCSBORF12333	ENSP00000015877.6:p.Ala682Val	2045C>T	CCSBORF4636	TARBP2	0.2948186943431582	0.37383300524894497
NC_000021.9:45185017:A:G	ADARB1	ENSG00000197381	CCSBVarC028705	CCSBORF12333	ENSP00000015877.6:p.Ser498Gly	1492A>G	CCSBORF4978	ZNF346	-0.4634160461799611	0.5902911381072659
NC_000021.9:45204570:A:G	ADARB1	ENSG00000197381	CCSBVarC028708	CCSBORF12333	ENSP00000015877.6:p.Ile528Val	1582A>G	CCSBORF4978	ZNF346	NULL	NULL
NC_000021.9:45204676:G:A	ADARB1	ENSG00000197381	CCSBVarC028711	CCSBORF12333	ENSP00000015877.6:p.Arg563Gln	1688G>A	CCSBORF4978	ZNF346	2.303295531993606	0.5857041289067446
NC_000021.9:45222059:G:A	ADARB1	ENSG00000197381	CCSBVarC028720	CCSBORF12333	ENSP00000015877.6:p.Val657Met	1969G>A	CCSBORF4978	ZNF346	-2.611551437927978	0.7030202747160381
NC_000021.9:45222083:G:T	ADARB1	ENSG00000197381	CCSBVarC028724	CCSBORF12333	ENSP00000015877.6:p.Ala665Ser	1993G>T	CCSBORF4978	ZNF346	0.3191020657728416	0.5867969270718258
NC_000021.9:45222135:C:T	ADARB1	ENSG00000197381	CCSBVarC028728	CCSBORF12333	ENSP00000015877.6:p.Ala682Val	2045C>T	CCSBORF4978	ZNF346	-0.4180328707083691	0.9859549384848156
NC_000021.9:45185017:A:G	ADARB1	ENSG00000197381	CCSBVarC028705	CCSBORF12333	ENSP00000015877.6:p.Ser498Gly	1492A>G	CCSBORF5904	PRKRA	-0.46101510505823695	0.2568214580866634
NC_000021.9:45204570:A:G	ADARB1	ENSG00000197381	CCSBVarC028708	CCSBORF12333	ENSP00000015877.6:p.Ile528Val	1582A>G	CCSBORF5904	PRKRA	-0.16864012228661868	0.3141926102650956
NC_000021.9:45204676:G:A	ADARB1	ENSG00000197381	CCSBVarC028711	CCSBORF12333	ENSP00000015877.6:p.Arg563Gln	1688G>A	CCSBORF5904	PRKRA	-0.2614704689325657	0.254560052383152
NC_000021.9:45222059:G:A	ADARB1	ENSG00000197381	CCSBVarC028720	CCSBORF12333	ENSP00000015877.6:p.Val657Met	1969G>A	CCSBORF5904	PRKRA	-0.4859717357528314	0.3459924782396492
NC_000021.9:45222083:G:T	ADARB1	ENSG00000197381	CCSBVarC028724	CCSBORF12333	ENSP00000015877.6:p.Ala665Ser	1993G>T	CCSBORF5904	PRKRA	-0.18675171434056048	0.25731582992759805
NC_000021.9:45222135:C:T	ADARB1	ENSG00000197381	CCSBVarC028728	CCSBORF12333	ENSP00000015877.6:p.Ala682Val	2045C>T	CCSBORF5904	PRKRA	0.36689054965583806	0.29761882113757016
NC_000021.9:45185017:A:G	ADARB1	ENSG00000197381	CCSBVarC028705	CCSBORF12333	ENSP00000015877.6:p.Ser498Gly	1492A>G	CCSBORF71775	EIF2AK2	-0.5200857628582333	0.0853798038192527
NC_000021.9:45204570:A:G	ADARB1	ENSG00000197381	CCSBVarC028708	CCSBORF12333	ENSP00000015877.6:p.Ile528Val	1582A>G	CCSBORF71775	EIF2AK2	NULL	NULL
NC_000021.9:45204676:G:A	ADARB1	ENSG00000197381	CCSBVarC028711	CCSBORF12333	ENSP00000015877.6:p.Arg563Gln	1688G>A	CCSBORF71775	EIF2AK2	0.9103122645979098	0.06357679702620335
NC_000021.9:45222059:G:A	ADARB1	ENSG00000197381	CCSBVarC028720	CCSBORF12333	ENSP00000015877.6:p.Val657Met	1969G>A	CCSBORF71775	EIF2AK2	-2.736087313282269	0.3549289807584892
NC_000021.9:45222083:G:T	ADARB1	ENSG00000197381	CCSBVarC028724	CCSBORF12333	ENSP00000015877.6:p.Ala665Ser	1993G>T	CCSBORF71775	EIF2AK2	0.19862345677910292	0.1565105652677094
NC_000021.9:45222135:C:T	ADARB1	ENSG00000197381	CCSBVarC028728	CCSBORF12333	ENSP00000015877.6:p.Ala682Val	2045C>T	CCSBORF71775	EIF2AK2	-0.4616682830373062	0.1768724906057624
NC_000021.9:45185017:A:G	ADARB1	ENSG00000197381	CCSBVarC028705	CCSBORF12333	ENSP00000015877.6:p.Ser498Gly	1492A>G	CCSBORF8057	ZMAT4	-1.3734113953637541	0.42738989726684906
NC_000021.9:45204570:A:G	ADARB1	ENSG00000197381	CCSBVarC028708	CCSBORF12333	ENSP00000015877.6:p.Ile528Val	1582A>G	CCSBORF8057	ZMAT4	-1.1532198126432054	0.5213893217680449
NC_000021.9:45204676:G:A	ADARB1	ENSG00000197381	CCSBVarC028711	CCSBORF12333	ENSP00000015877.6:p.Arg563Gln	1688G>A	CCSBORF8057	ZMAT4	4.382705180928356	0.28160328186239403
NC_000021.9:45222059:G:A	ADARB1	ENSG00000197381	CCSBVarC028720	CCSBORF12333	ENSP00000015877.6:p.Val657Met	1969G>A	CCSBORF8057	ZMAT4	-2.7120739267756235	0.6776425977452711
NC_000021.9:45222083:G:T	ADARB1	ENSG00000197381	CCSBVarC028724	CCSBORF12333	ENSP00000015877.6:p.Ala665Ser	1993G>T	CCSBORF8057	ZMAT4	0.39298334675101787	0.2923425186254082
NC_000021.9:45222135:C:T	ADARB1	ENSG00000197381	CCSBVarC028728	CCSBORF12333	ENSP00000015877.6:p.Ala682Val	2045C>T	CCSBORF8057	ZMAT4	-1.2139211392356681	0.4851084609604411
NC_000011.10:118756318:T:C	DDX6	ENSG00000110367	CCSBVarC028932	CCSBORF12339	ENSP00000442266.1:p.His372Arg	1115A>G	CCSBORF100000407	PICK1	-0.07893684924361988	0.504409907244649
NC_000011.10:118756318:T:C	DDX6	ENSG00000110367	CCSBVarC028932	CCSBORF12339	ENSP00000442266.1:p.His372Arg	1115A>G	CCSBORF100002625	FXR1	-1.3399169549859646	0.09715538758303699
NC_000011.10:118756318:T:C	DDX6	ENSG00000110367	CCSBVarC028932	CCSBORF12339	ENSP00000442266.1:p.His372Arg	1115A>G	CCSBORF100069089	GIGYF1	-0.041324044079028815	0.10391472893859806
NC_000011.10:118756318:T:C	DDX6	ENSG00000110367	CCSBVarC028932	CCSBORF12339	ENSP00000442266.1:p.His372Arg	1115A>G	CCSBORF100069938	LZTS1	-2.4447700401855514	0.244344586595182
NC_000011.10:118756318:T:C	DDX6	ENSG00000110367	CCSBVarC028932	CCSBORF12339	ENSP00000442266.1:p.His372Arg	1115A>G	CCSBORF12387	NAB2	-3.5323782950114966	0.45418217451670045
NC_000011.10:118756318:T:C	DDX6	ENSG00000110367	CCSBVarC028932	CCSBORF12339	ENSP00000442266.1:p.His372Arg	1115A>G	CCSBORF1317	PAK5	-2.9127795318578853	0.08012017612836901
NC_000011.10:118756318:T:C	DDX6	ENSG00000110367	CCSBVarC028932	CCSBORF12339	ENSP00000442266.1:p.His372Arg	1115A>G	CCSBORF1881	EIF4ENIF1	-2.8725084642481105	0.07672174897039281
NC_000011.10:118756318:T:C	DDX6	ENSG00000110367	CCSBVarC028932	CCSBORF12339	ENSP00000442266.1:p.His372Arg	1115A>G	CCSBORF2940	IKZF1	-1.5474122825007268	0.20736583800581407
NC_000011.10:118756318:T:C	DDX6	ENSG00000110367	CCSBVarC028932	CCSBORF12339	ENSP00000442266.1:p.His372Arg	1115A>G	CCSBORF3057	EDC3	-0.03878441487711681	0.2420435807065616
NC_000011.10:118756318:T:C	DDX6	ENSG00000110367	CCSBVarC028932	CCSBORF12339	ENSP00000442266.1:p.His372Arg	1115A>G	CCSBORF53025	ZBTB14	-1.5658149971829975	0.45805720660043375
NC_000011.10:118756318:T:C	DDX6	ENSG00000110367	CCSBVarC028932	CCSBORF12339	ENSP00000442266.1:p.His372Arg	1115A>G	CCSBORF53886	TLE5	-0.24949500946965406	0.12160697821625081
NC_000011.10:118756318:T:C	DDX6	ENSG00000110367	CCSBVarC028932	CCSBORF12339	ENSP00000442266.1:p.His372Arg	1115A>G	CCSBORF53942	REL	-4.046545804192058	0.05535456132315685
NC_000011.10:118756318:T:C	DDX6	ENSG00000110367	CCSBVarC028932	CCSBORF12339	ENSP00000442266.1:p.His372Arg	1115A>G	CCSBORF5398	SHMT1	-3.601125507207016	0.049998825256144436
NC_000011.10:118756318:T:C	DDX6	ENSG00000110367	CCSBVarC028932	CCSBORF12339	ENSP00000442266.1:p.His372Arg	1115A>G	CCSBORF55664	TRIM54	-4.5350860826720485	0.1827869230875138
NC_000011.10:118756318:T:C	DDX6	ENSG00000110367	CCSBVarC028932	CCSBORF12339	ENSP00000442266.1:p.His372Arg	1115A>G	CCSBORF563	SIPA1L2	-0.3303489547089643	0.11943508135499695
NC_000011.10:118756318:T:C	DDX6	ENSG00000110367	CCSBVarC028932	CCSBORF12339	ENSP00000442266.1:p.His372Arg	1115A>G	CCSBORF56858	ZBTB10	-0.8716070118703809	0.30665796173317833
NC_000011.10:118756318:T:C	DDX6	ENSG00000110367	CCSBVarC028932	CCSBORF12339	ENSP00000442266.1:p.His372Arg	1115A>G	CCSBORF573	HOOK2	-2.439498665712116	0.3703866366587621
NC_000011.10:118756318:T:C	DDX6	ENSG00000110367	CCSBVarC028932	CCSBORF12339	ENSP00000442266.1:p.His372Arg	1115A>G	CCSBORF6792	SCYL1	-0.9082589403762382	0.533909129610675
NC_000011.10:118756318:T:C	DDX6	ENSG00000110367	CCSBVarC028932	CCSBORF12339	ENSP00000442266.1:p.His372Arg	1115A>G	CCSBORF72137	DISC1	-2.370676284514209	0.07924889429970047
NC_000011.10:118756318:T:C	DDX6	ENSG00000110367	CCSBVarC028932	CCSBORF12339	ENSP00000442266.1:p.His372Arg	1115A>G	CCSBORF7606	BIRC7	-1.349670352603964	0.051787356765667064
NC_000011.10:118756318:T:C	DDX6	ENSG00000110367	CCSBVarC028932	CCSBORF12339	ENSP00000442266.1:p.His372Arg	1115A>G	CCSBORF7954	BEGAIN	-1.3687230078711947	0.10096928799514188
NC_000011.10:118756318:T:C	DDX6	ENSG00000110367	CCSBVarC028932	CCSBORF12339	ENSP00000442266.1:p.His372Arg	1115A>G	CCSBORF8028	DDX17	-2.9720451426683017	0.48308774078029276
NC_000011.10:118756318:T:C	DDX6	ENSG00000110367	CCSBVarC028932	CCSBORF12339	ENSP00000442266.1:p.His372Arg	1115A>G	CCSBORF9637	TRAF2	-1.2819618191116873	0.42926149677988135
NC_000011.10:118756318:T:C	DDX6	ENSG00000110367	CCSBVarC028932	CCSBORF12339	ENSP00000442266.1:p.His372Arg	1115A>G	CCSBORF9746	MTUS2	-2.8389467011500495	0.2060707421786942
NC_000011.10:118756318:T:C	DDX6	ENSG00000110367	CCSBVarC028932	CCSBORF12339	ENSP00000442266.1:p.His372Arg	1115A>G	CCSBORF9926	PRPH	-2.7901536398262485	0.1507746223270239
NC_000001.11:193233141:T:C	CDC73	ENSG00000134371	CCSBVarC029024	CCSBORF12343	ENSP00000356405.4:p.Met435Thr	1304T>C	CCSBORF100070143	HSF2BP	NULL	NULL
NC_000001.11:193249761:C:T	CDC73	ENSG00000134371	CCSBVarC029031	CCSBORF12343	ENSP00000356405.4:p.Arg484Cys	1450C>T	CCSBORF100070143	HSF2BP	0.37633028347811537	0.32517559127228385
NC_000001.11:193249764:C:G	CDC73	ENSG00000134371	CCSBVarC029039	CCSBORF12343	ENSP00000356405.4:p.Leu485Val	1453C>G	CCSBORF100070143	HSF2BP	-0.16739114486934212	0.382428715543192
NC_000001.11:193249822:G:A	CDC73	ENSG00000134371	CCSBVarC029042	CCSBORF12343	ENSP00000356405.4:p.Arg504His	1511G>A	CCSBORF100070143	HSF2BP	NULL	NULL
NC_000001.11:193250689:A:G	CDC73	ENSG00000134371	CCSBVarC029046	CCSBORF12343	ENSP00000356405.4:p.His525Arg	1574A>G	CCSBORF100070143	HSF2BP	-3.621473769432519	0.45803265308157237
NC_000001.11:193125167:T:C	CDC73	ENSG00000134371	CCSBVarC029002	CCSBORF12343	ENSP00000356405.4:p.Leu63Pro	188T>C	CCSBORF100070143	HSF2BP	-6.274951028694996	0.4494756575731719
NC_000001.11:193142016:G:A	CDC73	ENSG00000134371	CCSBVarC029008	CCSBORF12343	ENSP00000356405.4:p.Arg227Lys	680G>A	CCSBORF100070143	HSF2BP	NULL	NULL
NC_000001.11:193147951:A:G	CDC73	ENSG00000134371	CCSBVarC029011	CCSBORF12343	ENSP00000356405.4:p.Asn272Ser	815A>G	CCSBORF100070143	HSF2BP	NULL	NULL
NC_000001.11:193150315:C:T	CDC73	ENSG00000134371	CCSBVarC029014	CCSBORF12343	ENSP00000356405.4:p.Arg281Cys	841C>T	CCSBORF100070143	HSF2BP	0.4583728321142396	0.26738109312863273
NC_000001.11:193233141:T:C	CDC73	ENSG00000134371	CCSBVarC029024	CCSBORF12343	ENSP00000356405.4:p.Met435Thr	1304T>C	CCSBORF10460	GOLGA6L9	0.7039880751483157	0.32568630798464543
NC_000001.11:193249761:C:T	CDC73	ENSG00000134371	CCSBVarC029031	CCSBORF12343	ENSP00000356405.4:p.Arg484Cys	1450C>T	CCSBORF10460	GOLGA6L9	0.11998703965390731	0.30205792229790046
NC_000001.11:193249764:C:G	CDC73	ENSG00000134371	CCSBVarC029039	CCSBORF12343	ENSP00000356405.4:p.Leu485Val	1453C>G	CCSBORF10460	GOLGA6L9	-0.25861322377238594	0.2980702276270472
NC_000001.11:193249822:G:A	CDC73	ENSG00000134371	CCSBVarC029042	CCSBORF12343	ENSP00000356405.4:p.Arg504His	1511G>A	CCSBORF10460	GOLGA6L9	-0.19836621061145387	0.40473715028761736
NC_000001.11:193250689:A:G	CDC73	ENSG00000134371	CCSBVarC029046	CCSBORF12343	ENSP00000356405.4:p.His525Arg	1574A>G	CCSBORF10460	GOLGA6L9	-6.484146719637421	0.5013517310498395
NC_000001.11:193125167:T:C	CDC73	ENSG00000134371	CCSBVarC029002	CCSBORF12343	ENSP00000356405.4:p.Leu63Pro	188T>C	CCSBORF10460	GOLGA6L9	-5.702436035664386	0.45235972583044454
NC_000001.11:193142016:G:A	CDC73	ENSG00000134371	CCSBVarC029008	CCSBORF12343	ENSP00000356405.4:p.Arg227Lys	680G>A	CCSBORF10460	GOLGA6L9	NULL	NULL
NC_000001.11:193147951:A:G	CDC73	ENSG00000134371	CCSBVarC029011	CCSBORF12343	ENSP00000356405.4:p.Asn272Ser	815A>G	CCSBORF10460	GOLGA6L9	0.5710760494804542	0.4648944196595272
NC_000001.11:193150315:C:T	CDC73	ENSG00000134371	CCSBVarC029014	CCSBORF12343	ENSP00000356405.4:p.Arg281Cys	841C>T	CCSBORF10460	GOLGA6L9	0.3863687648089194	0.2920869731141455
NC_000001.11:193233141:T:C	CDC73	ENSG00000134371	CCSBVarC029024	CCSBORF12343	ENSP00000356405.4:p.Met435Thr	1304T>C	CCSBORF11256	RABEP1	1.7687456080651456	0.8589309601302844
NC_000001.11:193249761:C:T	CDC73	ENSG00000134371	CCSBVarC029031	CCSBORF12343	ENSP00000356405.4:p.Arg484Cys	1450C>T	CCSBORF11256	RABEP1	-0.24652622704933097	0.8709914878764424
NC_000001.11:193249764:C:G	CDC73	ENSG00000134371	CCSBVarC029039	CCSBORF12343	ENSP00000356405.4:p.Leu485Val	1453C>G	CCSBORF11256	RABEP1	-0.8241600915887002	0.8525734473237582
NC_000001.11:193249822:G:A	CDC73	ENSG00000134371	CCSBVarC029042	CCSBORF12343	ENSP00000356405.4:p.Arg504His	1511G>A	CCSBORF11256	RABEP1	-0.8273819842864977	0.8654625161914862
NC_000001.11:193250689:A:G	CDC73	ENSG00000134371	CCSBVarC029046	CCSBORF12343	ENSP00000356405.4:p.His525Arg	1574A>G	CCSBORF11256	RABEP1	-7.27712343842366	0.990380852675525
NC_000001.11:193125167:T:C	CDC73	ENSG00000134371	CCSBVarC029002	CCSBORF12343	ENSP00000356405.4:p.Leu63Pro	188T>C	CCSBORF11256	RABEP1	-6.657941003113786	0.9594167684206173
NC_000001.11:193142016:G:A	CDC73	ENSG00000134371	CCSBVarC029008	CCSBORF12343	ENSP00000356405.4:p.Arg227Lys	680G>A	CCSBORF11256	RABEP1	-3.0790250726076165	1.9109585648039642
NC_000001.11:193147951:A:G	CDC73	ENSG00000134371	CCSBVarC029011	CCSBORF12343	ENSP00000356405.4:p.Asn272Ser	815A>G	CCSBORF11256	RABEP1	0.7356405885105659	0.8741796991497519
NC_000001.11:193150315:C:T	CDC73	ENSG00000134371	CCSBVarC029014	CCSBORF12343	ENSP00000356405.4:p.Arg281Cys	841C>T	CCSBORF11256	RABEP1	-0.09287745664374994	0.850362757969592
NC_000001.11:193233141:T:C	CDC73	ENSG00000134371	CCSBVarC029024	CCSBORF12343	ENSP00000356405.4:p.Met435Thr	1304T>C	CCSBORF9746	MTUS2	1.5371405223736603	0.4105508792241212
NC_000001.11:193249761:C:T	CDC73	ENSG00000134371	CCSBVarC029031	CCSBORF12343	ENSP00000356405.4:p.Arg484Cys	1450C>T	CCSBORF9746	MTUS2	-0.18279505304937677	0.40051582891659937
NC_000001.11:193249764:C:G	CDC73	ENSG00000134371	CCSBVarC029039	CCSBORF12343	ENSP00000356405.4:p.Leu485Val	1453C>G	CCSBORF9746	MTUS2	-0.24370676012754294	0.3958711837559675
NC_000001.11:193249822:G:A	CDC73	ENSG00000134371	CCSBVarC029042	CCSBORF12343	ENSP00000356405.4:p.Arg504His	1511G>A	CCSBORF9746	MTUS2	0.8038420016547146	0.4512942114580834
NC_000001.11:193250689:A:G	CDC73	ENSG00000134371	CCSBVarC029046	CCSBORF12343	ENSP00000356405.4:p.His525Arg	1574A>G	CCSBORF9746	MTUS2	-5.910300239922542	0.6179446425124121
NC_000001.11:193125167:T:C	CDC73	ENSG00000134371	CCSBVarC029002	CCSBORF12343	ENSP00000356405.4:p.Leu63Pro	188T>C	CCSBORF9746	MTUS2	-4.882537986510419	0.4830482435097598
NC_000001.11:193142016:G:A	CDC73	ENSG00000134371	CCSBVarC029008	CCSBORF12343	ENSP00000356405.4:p.Arg227Lys	680G>A	CCSBORF9746	MTUS2	NULL	NULL
NC_000001.11:193147951:A:G	CDC73	ENSG00000134371	CCSBVarC029011	CCSBORF12343	ENSP00000356405.4:p.Asn272Ser	815A>G	CCSBORF9746	MTUS2	0.9402454520878006	0.44110804159030664
NC_000001.11:193150315:C:T	CDC73	ENSG00000134371	CCSBVarC029014	CCSBORF12343	ENSP00000356405.4:p.Arg281Cys	841C>T	CCSBORF9746	MTUS2	1.2883282792997495	0.38359919352450317
NC_000002.12:219421466:A:G	DES	ENSG00000175084	CCSBVarC028095	CCSBORF12573	ENSP00000363071.3:p.His384Arg	1151A>G	CCSBORF10460	GOLGA6L9	-0.735749610449136	0.519230901326849
NC_000002.12:219421517:A:G	DES	ENSG00000175084	CCSBVarC028101	CCSBORF12573	ENSP00000363071.3:p.Glu401Gly	1202A>G	CCSBORF10460	GOLGA6L9	-0.4199128098514231	0.5356559838773225
NC_000002.12:219421518:G:C	DES	ENSG00000175084	CCSBVarC028104	CCSBORF12573	ENSP00000363071.3:p.Glu401Asp	1203G>C	CCSBORF10460	GOLGA6L9	-0.13825825073426856	0.5203250166035484
NC_000002.12:219425951:G:A	DES	ENSG00000175084	CCSBVarC028110	CCSBORF12573	ENSP00000363071.3:p.Val459Ile	1375G>A	CCSBORF10460	GOLGA6L9	-1.1052447505070637	0.555775689009767
NC_000002.12:219418679:G:A	DES	ENSG00000175084	CCSBVarC028025	CCSBORF12573	ENSP00000363071.3:p.Arg73Gln	218G>A	CCSBORF10460	GOLGA6L9	-0.29422231075417726	0.5143704915225458
NC_000002.12:219418690:A:G	DES	ENSG00000175084	CCSBVarC028052	CCSBORF12573	ENSP00000363071.3:p.Thr77Ala	229A>G	CCSBORF10460	GOLGA6L9	-0.5997277349050297	0.5207941006049567
NC_000002.12:219418808:A:G	DES	ENSG00000175084	CCSBVarC028071	CCSBORF12573	ENSP00000363071.3:p.Asn116Ser	347A>G	CCSBORF10460	GOLGA6L9	-0.024490604710020736	0.5117983538111498
NC_000002.12:219418921:C:A	DES	ENSG00000175084	CCSBVarC028077	CCSBORF12573	ENSP00000363071.3:p.Leu154Ile	460C>A	CCSBORF10460	GOLGA6L9	-0.08486690328670643	0.5136689705686229
NC_000002.12:219420494:G:A	DES	ENSG00000175084	CCSBVarC028080	CCSBORF12573	ENSP00000363071.3:p.Glu246Lys	736G>A	CCSBORF10460	GOLGA6L9	NULL	NULL
NC_000002.12:219420612:C:T	DES	ENSG00000175084	CCSBVarC028083	CCSBORF12573	ENSP00000363071.3:p.Ala285Val	854C>T	CCSBORF10460	GOLGA6L9	0.2203701714872791	0.5314394753071903
NC_000002.12:219421466:A:G	DES	ENSG00000175084	CCSBVarC028095	CCSBORF12573	ENSP00000363071.3:p.His384Arg	1151A>G	CCSBORF12573	DES	-0.3722430588475501	0.6678963483337232
NC_000002.12:219421517:A:G	DES	ENSG00000175084	CCSBVarC028101	CCSBORF12573	ENSP00000363071.3:p.Glu401Gly	1202A>G	CCSBORF12573	DES	-0.4728762973416882	0.6732980108510594
NC_000002.12:219421518:G:C	DES	ENSG00000175084	CCSBVarC028104	CCSBORF12573	ENSP00000363071.3:p.Glu401Asp	1203G>C	CCSBORF12573	DES	0.35409026413048406	0.667708495658371
NC_000002.12:219425951:G:A	DES	ENSG00000175084	CCSBVarC028110	CCSBORF12573	ENSP00000363071.3:p.Val459Ile	1375G>A	CCSBORF12573	DES	-0.3113729003574194	0.6965051523943953
NC_000002.12:219418679:G:A	DES	ENSG00000175084	CCSBVarC028025	CCSBORF12573	ENSP00000363071.3:p.Arg73Gln	218G>A	CCSBORF12573	DES	0.22161132397242245	0.6633547531384619
NC_000002.12:219418690:A:G	DES	ENSG00000175084	CCSBVarC028052	CCSBORF12573	ENSP00000363071.3:p.Thr77Ala	229A>G	CCSBORF12573	DES	-0.1978011749936279	0.6677159091524866
NC_000002.12:219418808:A:G	DES	ENSG00000175084	CCSBVarC028071	CCSBORF12573	ENSP00000363071.3:p.Asn116Ser	347A>G	CCSBORF12573	DES	0.40544787373118635	0.6622192683840976
NC_000002.12:219418921:C:A	DES	ENSG00000175084	CCSBVarC028077	CCSBORF12573	ENSP00000363071.3:p.Leu154Ile	460C>A	CCSBORF12573	DES	-0.19688609627648485	0.6632618290941864
NC_000002.12:219420494:G:A	DES	ENSG00000175084	CCSBVarC028080	CCSBORF12573	ENSP00000363071.3:p.Glu246Lys	736G>A	CCSBORF12573	DES	-1.4674725892038405	0.7040006355893835
NC_000002.12:219420612:C:T	DES	ENSG00000175084	CCSBVarC028083	CCSBORF12573	ENSP00000363071.3:p.Ala285Val	854C>T	CCSBORF12573	DES	-0.17536715139855769	0.6757005055036885
NC_000002.12:219421466:A:G	DES	ENSG00000175084	CCSBVarC028095	CCSBORF12573	ENSP00000363071.3:p.His384Arg	1151A>G	CCSBORF2920	GFAP	-0.6598882047028276	0.9817449029864211
NC_000002.12:219421517:A:G	DES	ENSG00000175084	CCSBVarC028101	CCSBORF12573	ENSP00000363071.3:p.Glu401Gly	1202A>G	CCSBORF2920	GFAP	-1.4622990572652452	0.991112517265384
NC_000002.12:219421518:G:C	DES	ENSG00000175084	CCSBVarC028104	CCSBORF12573	ENSP00000363071.3:p.Glu401Asp	1203G>C	CCSBORF2920	GFAP	0.8477940904425556	0.9800186181565509
NC_000002.12:219425951:G:A	DES	ENSG00000175084	CCSBVarC028110	CCSBORF12573	ENSP00000363071.3:p.Val459Ile	1375G>A	CCSBORF2920	GFAP	-0.8114118809176978	1.0091441986241856
NC_000002.12:219418679:G:A	DES	ENSG00000175084	CCSBVarC028025	CCSBORF12573	ENSP00000363071.3:p.Arg73Gln	218G>A	CCSBORF2920	GFAP	0.21400542485682814	0.9774833457713623
NC_000002.12:219418690:A:G	DES	ENSG00000175084	CCSBVarC028052	CCSBORF12573	ENSP00000363071.3:p.Thr77Ala	229A>G	CCSBORF2920	GFAP	-0.5026125313485625	0.9828439967627185
NC_000002.12:219418808:A:G	DES	ENSG00000175084	CCSBVarC028071	CCSBORF12573	ENSP00000363071.3:p.Asn116Ser	347A>G	CCSBORF2920	GFAP	1.1385794706605306	0.9763282895945985
NC_000002.12:219418921:C:A	DES	ENSG00000175084	CCSBVarC028077	CCSBORF12573	ENSP00000363071.3:p.Leu154Ile	460C>A	CCSBORF2920	GFAP	-0.040561675438361866	0.9771979547967887
NC_000002.12:219420494:G:A	DES	ENSG00000175084	CCSBVarC028080	CCSBORF12573	ENSP00000363071.3:p.Glu246Lys	736G>A	CCSBORF2920	GFAP	NULL	NULL
NC_000002.12:219420612:C:T	DES	ENSG00000175084	CCSBVarC028083	CCSBORF12573	ENSP00000363071.3:p.Ala285Val	854C>T	CCSBORF2920	GFAP	0.29038366625340917	0.9892925076996392
NC_000002.12:219421466:A:G	DES	ENSG00000175084	CCSBVarC028095	CCSBORF12573	ENSP00000363071.3:p.His384Arg	1151A>G	CCSBORF4105	KRT15	-0.4615139310013642	0.8802906063034673
NC_000002.12:219421517:A:G	DES	ENSG00000175084	CCSBVarC028101	CCSBORF12573	ENSP00000363071.3:p.Glu401Gly	1202A>G	CCSBORF4105	KRT15	-2.705663998791951	1.5175077578962788
NC_000002.12:219421518:G:C	DES	ENSG00000175084	CCSBVarC028104	CCSBORF12573	ENSP00000363071.3:p.Glu401Asp	1203G>C	CCSBORF4105	KRT15	0.35255700018492964	0.8838766878498643
NC_000002.12:219425951:G:A	DES	ENSG00000175084	CCSBVarC028110	CCSBORF12573	ENSP00000363071.3:p.Val459Ile	1375G>A	CCSBORF4105	KRT15	-1.3048269103142887	1.0189920529395757
NC_000002.12:219418679:G:A	DES	ENSG00000175084	CCSBVarC028025	CCSBORF12573	ENSP00000363071.3:p.Arg73Gln	218G>A	CCSBORF4105	KRT15	0.004852668374490637	0.8769039368517529
NC_000002.12:219418690:A:G	DES	ENSG00000175084	CCSBVarC028052	CCSBORF12573	ENSP00000363071.3:p.Thr77Ala	229A>G	CCSBORF4105	KRT15	-0.878183720968239	0.8863611513361686
NC_000002.12:219418808:A:G	DES	ENSG00000175084	CCSBVarC028071	CCSBORF12573	ENSP00000363071.3:p.Asn116Ser	347A>G	CCSBORF4105	KRT15	1.306425578662735	0.8731241346817264
NC_000002.12:219418921:C:A	DES	ENSG00000175084	CCSBVarC028077	CCSBORF12573	ENSP00000363071.3:p.Leu154Ile	460C>A	CCSBORF4105	KRT15	-0.5604710941776969	0.8640139100228068
NC_000002.12:219420494:G:A	DES	ENSG00000175084	CCSBVarC028080	CCSBORF12573	ENSP00000363071.3:p.Glu246Lys	736G>A	CCSBORF4105	KRT15	NULL	NULL
NC_000002.12:219420612:C:T	DES	ENSG00000175084	CCSBVarC028083	CCSBORF12573	ENSP00000363071.3:p.Ala285Val	854C>T	CCSBORF4105	KRT15	-0.31608545774966323	0.8327628976810947
NC_000002.12:219421466:A:G	DES	ENSG00000175084	CCSBVarC028095	CCSBORF12573	ENSP00000363071.3:p.His384Arg	1151A>G	CCSBORF5894	TFIP11	-1.5646204330001907	0.623933457997306
NC_000002.12:219421517:A:G	DES	ENSG00000175084	CCSBVarC028101	CCSBORF12573	ENSP00000363071.3:p.Glu401Gly	1202A>G	CCSBORF5894	TFIP11	-1.8916802668358135	0.4337336836488885
NC_000002.12:219421518:G:C	DES	ENSG00000175084	CCSBVarC028104	CCSBORF12573	ENSP00000363071.3:p.Glu401Asp	1203G>C	CCSBORF5894	TFIP11	-0.6362406555491431	0.4069122730792108
NC_000002.12:219425951:G:A	DES	ENSG00000175084	CCSBVarC028110	CCSBORF12573	ENSP00000363071.3:p.Val459Ile	1375G>A	CCSBORF5894	TFIP11	-1.3541136679351689	0.4911520715163063
NC_000002.12:219418679:G:A	DES	ENSG00000175084	CCSBVarC028025	CCSBORF12573	ENSP00000363071.3:p.Arg73Gln	218G>A	CCSBORF5894	TFIP11	-0.4684143743973323	0.45728744015911227
NC_000002.12:219418690:A:G	DES	ENSG00000175084	CCSBVarC028052	CCSBORF12573	ENSP00000363071.3:p.Thr77Ala	229A>G	CCSBORF5894	TFIP11	-0.43236305854397095	0.459190811068515
NC_000002.12:219418808:A:G	DES	ENSG00000175084	CCSBVarC028071	CCSBORF12573	ENSP00000363071.3:p.Asn116Ser	347A>G	CCSBORF5894	TFIP11	0.6733025478590045	0.5126668419299965
NC_000002.12:219418921:C:A	DES	ENSG00000175084	CCSBVarC028077	CCSBORF12573	ENSP00000363071.3:p.Leu154Ile	460C>A	CCSBORF5894	TFIP11	-0.17965354172152226	0.40264557143233637
NC_000002.12:219420494:G:A	DES	ENSG00000175084	CCSBVarC028080	CCSBORF12573	ENSP00000363071.3:p.Glu246Lys	736G>A	CCSBORF5894	TFIP11	NULL	NULL
NC_000002.12:219420612:C:T	DES	ENSG00000175084	CCSBVarC028083	CCSBORF12573	ENSP00000363071.3:p.Ala285Val	854C>T	CCSBORF5894	TFIP11	-0.4044504303032596	0.4144269464084018
NC_000002.12:219421466:A:G	DES	ENSG00000175084	CCSBVarC028095	CCSBORF12573	ENSP00000363071.3:p.His384Arg	1151A>G	CCSBORF69	VIM	-0.6919393648489746	0.7749822048078823
NC_000002.12:219421517:A:G	DES	ENSG00000175084	CCSBVarC028101	CCSBORF12573	ENSP00000363071.3:p.Glu401Gly	1202A>G	CCSBORF69	VIM	-0.506746648342642	0.7802393873239715
NC_000002.12:219421518:G:C	DES	ENSG00000175084	CCSBVarC028104	CCSBORF12573	ENSP00000363071.3:p.Glu401Asp	1203G>C	CCSBORF69	VIM	-0.3907701996229277	0.7759256733842002
NC_000002.12:219425951:G:A	DES	ENSG00000175084	CCSBVarC028110	CCSBORF12573	ENSP00000363071.3:p.Val459Ile	1375G>A	CCSBORF69	VIM	0.009465384228773521	0.7946203810936454
NC_000002.12:219418679:G:A	DES	ENSG00000175084	CCSBVarC028025	CCSBORF12573	ENSP00000363071.3:p.Arg73Gln	218G>A	CCSBORF69	VIM	-0.24104877012514891	0.7729529147817563
NC_000002.12:219418690:A:G	DES	ENSG00000175084	CCSBVarC028052	CCSBORF12573	ENSP00000363071.3:p.Thr77Ala	229A>G	CCSBORF69	VIM	0.009595716126916648	0.7752260674373117
NC_000002.12:219418808:A:G	DES	ENSG00000175084	CCSBVarC028071	CCSBORF12573	ENSP00000363071.3:p.Asn116Ser	347A>G	CCSBORF69	VIM	-0.0844310981053665	0.7723744583053378
NC_000002.12:219418921:C:A	DES	ENSG00000175084	CCSBVarC028077	CCSBORF12573	ENSP00000363071.3:p.Leu154Ile	460C>A	CCSBORF69	VIM	-0.3386940220350894	0.7726269756484497
NC_000002.12:219420494:G:A	DES	ENSG00000175084	CCSBVarC028080	CCSBORF12573	ENSP00000363071.3:p.Glu246Lys	736G>A	CCSBORF69	VIM	-0.49054735592214205	1.0130076647246997
NC_000002.12:219420612:C:T	DES	ENSG00000175084	CCSBVarC028083	CCSBORF12573	ENSP00000363071.3:p.Ala285Val	854C>T	CCSBORF69	VIM	0.15645430398086665	0.776759993022286
NC_000002.12:219421466:A:G	DES	ENSG00000175084	CCSBVarC028095	CCSBORF12573	ENSP00000363071.3:p.His384Arg	1151A>G	CCSBORF9926	PRPH	-0.9807025722868867	0.6929064521784759
NC_000002.12:219421517:A:G	DES	ENSG00000175084	CCSBVarC028101	CCSBORF12573	ENSP00000363071.3:p.Glu401Gly	1202A>G	CCSBORF9926	PRPH	-1.4842285628703373	0.8231577993141396
NC_000002.12:219421518:G:C	DES	ENSG00000175084	CCSBVarC028104	CCSBORF12573	ENSP00000363071.3:p.Glu401Asp	1203G>C	CCSBORF9926	PRPH	-0.3027741008087119	0.7445828886780151
NC_000002.12:219425951:G:A	DES	ENSG00000175084	CCSBVarC028110	CCSBORF12573	ENSP00000363071.3:p.Val459Ile	1375G>A	CCSBORF9926	PRPH	-0.9995372900753893	0.7104886595003963
NC_000002.12:219418679:G:A	DES	ENSG00000175084	CCSBVarC028025	CCSBORF12573	ENSP00000363071.3:p.Arg73Gln	218G>A	CCSBORF9926	PRPH	-0.14823371779901118	0.7699563257106767
NC_000002.12:219418690:A:G	DES	ENSG00000175084	CCSBVarC028052	CCSBORF12573	ENSP00000363071.3:p.Thr77Ala	229A>G	CCSBORF9926	PRPH	-0.4381554926371744	0.6922297325536588
NC_000002.12:219418808:A:G	DES	ENSG00000175084	CCSBVarC028071	CCSBORF12573	ENSP00000363071.3:p.Asn116Ser	347A>G	CCSBORF9926	PRPH	0.4972976283019253	0.6891865430870915
NC_000002.12:219418921:C:A	DES	ENSG00000175084	CCSBVarC028077	CCSBORF12573	ENSP00000363071.3:p.Leu154Ile	460C>A	CCSBORF9926	PRPH	-0.2505098654654127	0.7987887058979514
NC_000002.12:219420494:G:A	DES	ENSG00000175084	CCSBVarC028080	CCSBORF12573	ENSP00000363071.3:p.Glu246Lys	736G>A	CCSBORF9926	PRPH	-1.8755743447399504	0.7489384713945795
NC_000002.12:219420612:C:T	DES	ENSG00000175084	CCSBVarC028083	CCSBORF12573	ENSP00000363071.3:p.Ala285Val	854C>T	CCSBORF9926	PRPH	0.061132725506457763	1.0382903176654805
NC_000016.10:30086402:C:T	TBX6	ENSG00000149922	CCSBVarC028465	CCSBORF12746	ENSP00000378650.2:p.Arg378His	1133G>A	CCSBORF100064146	KRTAP6-3	0.0891375188968073	0.29277809035663943
NC_000016.10:30089207:C:T	TBX6	ENSG00000149922	CCSBVarC028432	CCSBORF12746	ENSP00000378650.2:p.Arg119His	356G>A	CCSBORF100064146	KRTAP6-3	2.4639166623626574	0.27661146098474765
NC_000016.10:30089145:G:A	TBX6	ENSG00000149922	CCSBVarC028435	CCSBORF12746	ENSP00000378650.2:p.Leu140Phe	418C>T	CCSBORF100064146	KRTAP6-3	NULL	NULL
NC_000016.10:30089139:C:A	TBX6	ENSG00000149922	CCSBVarC028444	CCSBORF12746	ENSP00000378650.2:p.Asp142Tyr	424G>T	CCSBORF100064146	KRTAP6-3	-4.4882407858843285	0.5511007237246669
NC_000016.10:30089129:G:A	TBX6	ENSG00000149922	CCSBVarC028447	CCSBORF12746	ENSP00000378650.2:p.Pro145Leu	434C>T	CCSBORF100064146	KRTAP6-3	-2.191923046704482	0.28283686554042353
NC_000016.10:30089079:C:T	TBX6	ENSG00000149922	CCSBVarC028453	CCSBORF12746	ENSP00000378650.2:p.Gly162Ser	484G>A	CCSBORF100064146	KRTAP6-3	-0.6423043016030194	0.2680600262864332
NC_000016.10:30089051:C:T	TBX6	ENSG00000149922	CCSBVarC028456	CCSBORF12746	ENSP00000378650.2:p.Arg171His	512G>A	CCSBORF100064146	KRTAP6-3	1.0211722885706451	0.2739774344327819
NC_000016.10:30086402:C:T	TBX6	ENSG00000149922	CCSBVarC028465	CCSBORF12746	ENSP00000378650.2:p.Arg378His	1133G>A	CCSBORF3015	CRX	0.7829472446309625	0.7163390686720962
NC_000016.10:30089207:C:T	TBX6	ENSG00000149922	CCSBVarC028432	CCSBORF12746	ENSP00000378650.2:p.Arg119His	356G>A	CCSBORF3015	CRX	-0.34725128655284704	0.7146603015211466
NC_000016.10:30089145:G:A	TBX6	ENSG00000149922	CCSBVarC028435	CCSBORF12746	ENSP00000378650.2:p.Leu140Phe	418C>T	CCSBORF3015	CRX	0.11916446428283121	0.7264120582414922
NC_000016.10:30089139:C:A	TBX6	ENSG00000149922	CCSBVarC028444	CCSBORF12746	ENSP00000378650.2:p.Asp142Tyr	424G>T	CCSBORF3015	CRX	-4.164415256873198	1.3630367709927234
NC_000016.10:30089129:G:A	TBX6	ENSG00000149922	CCSBVarC028447	CCSBORF12746	ENSP00000378650.2:p.Pro145Leu	434C>T	CCSBORF3015	CRX	-2.1294720022518527	0.7149796680886842
NC_000016.10:30089079:C:T	TBX6	ENSG00000149922	CCSBVarC028453	CCSBORF12746	ENSP00000378650.2:p.Gly162Ser	484G>A	CCSBORF3015	CRX	-0.20540307770183439	0.7116921529711215
NC_000016.10:30089051:C:T	TBX6	ENSG00000149922	CCSBVarC028456	CCSBORF12746	ENSP00000378650.2:p.Arg171His	512G>A	CCSBORF3015	CRX	0.24406419051900757	0.7130254596261155
NC_000016.10:30086402:C:T	TBX6	ENSG00000149922	CCSBVarC028465	CCSBORF12746	ENSP00000378650.2:p.Arg378His	1133G>A	CCSBORF53886	TLE5	0.3580790467244327	0.33766896282975895
NC_000016.10:30089207:C:T	TBX6	ENSG00000149922	CCSBVarC028432	CCSBORF12746	ENSP00000378650.2:p.Arg119His	356G>A	CCSBORF53886	TLE5	1.408023405884929	0.3250266842705861
NC_000016.10:30089145:G:A	TBX6	ENSG00000149922	CCSBVarC028435	CCSBORF12746	ENSP00000378650.2:p.Leu140Phe	418C>T	CCSBORF53886	TLE5	-0.28648637904061786	0.3859746211690462
NC_000016.10:30089139:C:A	TBX6	ENSG00000149922	CCSBVarC028444	CCSBORF12746	ENSP00000378650.2:p.Asp142Tyr	424G>T	CCSBORF53886	TLE5	-4.388566894927516	0.8711582594143513
NC_000016.10:30089129:G:A	TBX6	ENSG00000149922	CCSBVarC028447	CCSBORF12746	ENSP00000378650.2:p.Pro145Leu	434C>T	CCSBORF53886	TLE5	-1.5316225031432713	0.32974583309372074
NC_000016.10:30089079:C:T	TBX6	ENSG00000149922	CCSBVarC028453	CCSBORF12746	ENSP00000378650.2:p.Gly162Ser	484G>A	CCSBORF53886	TLE5	-0.44756155040101786	0.3194412748308953
NC_000016.10:30089051:C:T	TBX6	ENSG00000149922	CCSBVarC028456	CCSBORF12746	ENSP00000378650.2:p.Arg171His	512G>A	CCSBORF53886	TLE5	0.47530855201271804	0.3259864771882876
NC_000016.10:30086402:C:T	TBX6	ENSG00000149922	CCSBVarC028465	CCSBORF12746	ENSP00000378650.2:p.Arg378His	1133G>A	CCSBORF71146	TCP11L1	0.5118306818993879	0.312950362553399
NC_000016.10:30089207:C:T	TBX6	ENSG00000149922	CCSBVarC028432	CCSBORF12746	ENSP00000378650.2:p.Arg119His	356G>A	CCSBORF71146	TCP11L1	-0.8561499275365017	0.312164064387103
NC_000016.10:30089145:G:A	TBX6	ENSG00000149922	CCSBVarC028435	CCSBORF12746	ENSP00000378650.2:p.Leu140Phe	418C>T	CCSBORF71146	TCP11L1	NULL	NULL
NC_000016.10:30089139:C:A	TBX6	ENSG00000149922	CCSBVarC028444	CCSBORF12746	ENSP00000378650.2:p.Asp142Tyr	424G>T	CCSBORF71146	TCP11L1	-5.830490819945294	0.6921560333391952
NC_000016.10:30089129:G:A	TBX6	ENSG00000149922	CCSBVarC028447	CCSBORF12746	ENSP00000378650.2:p.Pro145Leu	434C>T	CCSBORF71146	TCP11L1	-2.409648433394905	0.304652073869154
NC_000016.10:30089079:C:T	TBX6	ENSG00000149922	CCSBVarC028453	CCSBORF12746	ENSP00000378650.2:p.Gly162Ser	484G>A	CCSBORF71146	TCP11L1	0.20755691403317728	0.29407958975079224
NC_000016.10:30089051:C:T	TBX6	ENSG00000149922	CCSBVarC028456	CCSBORF12746	ENSP00000378650.2:p.Arg171His	512G>A	CCSBORF71146	TCP11L1	-1.900768266526718	0.6362758690490475
NC_000003.12:10141961:G:C	VHL	ENSG00000134086	CCSBVarC028276	CCSBORF13320	ENSP00000344757.2:p.Gly39Arg	115G>C	CCSBORF100070143	HSF2BP	-0.5400158491999246	0.6332582777078476
NC_000003.12:10141977:G:A	VHL	ENSG00000134086	CCSBVarC028282	CCSBORF13320	ENSP00000344757.2:p.Gly44Asp	131G>A	CCSBORF100070143	HSF2BP	-0.7343604443994285	0.6264793753721978
NC_000003.12:10142018:C:T	VHL	ENSG00000134086	CCSBVarC028291	CCSBORF13320	ENSP00000344757.2:p.Arg58Trp	172C>T	CCSBORF100070143	HSF2BP	-0.7855212475996632	0.6626239972951191
NC_000003.12:10142055:A:G	VHL	ENSG00000134086	CCSBVarC028299	CCSBORF13320	ENSP00000344757.2:p.Glu70Gly	209A>G	CCSBORF100070143	HSF2BP	-1.879709558332195	1.094669986212221
NC_000003.12:10141871:G:A	VHL	ENSG00000134086	CCSBVarC028223	CCSBORF13320	ENSP00000344757.2:p.Asp9Asn	25G>A	CCSBORF100070143	HSF2BP	-0.384970927306838	0.6262035269930407
NC_000003.12:10142166:G:A	VHL	ENSG00000134086	CCSBVarC028342	CCSBORF13320	ENSP00000344757.2:p.Arg107His	320G>A	CCSBORF100070143	HSF2BP	-2.0425316271964675	0.634457091951995
NC_000003.12:10149804:G:A	VHL	ENSG00000134086	CCSBVarC028369	CCSBORF13320	ENSP00000344757.2:p.Arg120Gln	359G>A	CCSBORF100070143	HSF2BP	-1.505414253925157	0.6490826539881291
NC_000003.12:10149809:C:T	VHL	ENSG00000134086	CCSBVarC028374	CCSBORF13320	ENSP00000344757.2:p.Leu122Phe	364C>T	CCSBORF100070143	HSF2BP	0.9168807560176806	0.6278235029074237
NC_000003.12:10149830:G:C	VHL	ENSG00000134086	CCSBVarC028380	CCSBORF13320	ENSP00000344757.2:p.Val129Leu	385G>C	CCSBORF100070143	HSF2BP	-3.3595583239359055	0.6415470242546559
NC_000003.12:10149866:A:G	VHL	ENSG00000134086	CCSBVarC028383	CCSBORF13320	ENSP00000344757.2:p.Arg141Gly	421A>G	CCSBORF100070143	HSF2BP	-0.1828093483829347	0.6264540154901417
NC_000003.12:10149876:A:G	VHL	ENSG00000134086	CCSBVarC028386	CCSBORF13320	ENSP00000344757.2:p.Tyr144Cys	431A>G	CCSBORF100070143	HSF2BP	-0.8410242287134164	0.6281567635668126
NC_000003.12:10149921:G:T	VHL	ENSG00000134086	CCSBVarC028411	CCSBORF13320	ENSP00000344757.2:p.Arg159Leu	476G>T	CCSBORF100070143	HSF2BP	-0.21216255588679772	0.638100822329195
NC_000003.12:10149936:G:A	VHL	ENSG00000134086	CCSBVarC028428	CCSBORF13320	ENSP00000344757.2:p.Arg164His	491G>A	CCSBORF100070143	HSF2BP	-1.124493751406662	0.6278778944819985
NC_000003.12:10149951:G:A	VHL	ENSG00000134086	CCSBVarC028434	CCSBORF13320	ENSP00000344757.2:p.Arg169Gln	506G>A	CCSBORF100070143	HSF2BP	0.1517836793894335	0.7433814408304447
NC_000003.12:10141934:G:A	VHL	ENSG00000134086	CCSBVarC028268	CCSBORF13320	ENSP00000344757.2:p.Gly30Arg	88G>A	CCSBORF100070143	HSF2BP	-0.10377479923110389	0.6391242393181893
NC_000013.11:110622355:G:A	NAXD	ENSG00000213995	CCSBVarC028619	CCSBORF13563	ENSP00000504986.1:p.Gly81Ser	241G>A	CCSBORF3952	SGTA	-1.5961828653565122	1.377917573654693
NC_000013.11:110625264:G:A	NAXD	ENSG00000213995	CCSBVarC028623	CCSBORF13563	ENSP00000504986.1:p.Val125Ile	373G>A	CCSBORF3952	SGTA	0.8680978415387715	1.377568839878558
NC_000013.11:110627469:A:G	NAXD	ENSG00000213995	CCSBVarC028625	CCSBORF13563	ENSP00000504986.1:p.Lys140Glu	418A>G	CCSBORF3952	SGTA	0.537466539970662	1.3789014186443505
NC_000013.11:110638459:C:T	NAXD	ENSG00000213995	CCSBVarC028638	CCSBORF13563	ENSP00000504986.1:p.Arg326Cys	976C>T	CCSBORF3952	SGTA	0.5528190155786317	1.377553874964713
NC_000012.12:52676439:A:G	KRT1	ENSG00000167768	CCSBVarC029548	CCSBORF14215	ENSP00000252244.3:p.Leu437Pro	1310T>C	CCSBORF100011278	KRT16	-0.15305336775867318	0.1503010536225839
NC_000012.12:52680155:G:A	KRT1	ENSG00000167768	CCSBVarC029435	CCSBORF14215	ENSP00000252244.3:p.Arg65Trp	193C>T	CCSBORF100011278	KRT16	-1.3086285556996182	0.14905002099572898
NC_000012.12:52677677:A:G	KRT1	ENSG00000167768	CCSBVarC029519	CCSBORF14215	ENSP00000252244.3:p.Ile312Thr	935T>C	CCSBORF100011278	KRT16	0.1512587804453311	0.23261503549166135
NC_000012.12:52676439:A:G	KRT1	ENSG00000167768	CCSBVarC029548	CCSBORF14215	ENSP00000252244.3:p.Leu437Pro	1310T>C	CCSBORF100015084	KRT28	-0.2164960412413245	0.2799092215710211
NC_000012.12:52680155:G:A	KRT1	ENSG00000167768	CCSBVarC029435	CCSBORF14215	ENSP00000252244.3:p.Arg65Trp	193C>T	CCSBORF100015084	KRT28	-0.9339015461271472	0.22459365264818806
NC_000012.12:52677677:A:G	KRT1	ENSG00000167768	CCSBVarC029519	CCSBORF14215	ENSP00000252244.3:p.Ile312Thr	935T>C	CCSBORF100015084	KRT28	0.12226028628235946	0.24549564707469462
NC_000012.12:52676439:A:G	KRT1	ENSG00000167768	CCSBVarC029548	CCSBORF14215	ENSP00000252244.3:p.Leu437Pro	1310T>C	CCSBORF100066360	KRT27	-0.5359810998066543	0.6972739907713833
NC_000012.12:52680155:G:A	KRT1	ENSG00000167768	CCSBVarC029435	CCSBORF14215	ENSP00000252244.3:p.Arg65Trp	193C>T	CCSBORF100066360	KRT27	-1.212451261151378	0.6967278368070339
NC_000012.12:52677677:A:G	KRT1	ENSG00000167768	CCSBVarC029519	CCSBORF14215	ENSP00000252244.3:p.Ile312Thr	935T>C	CCSBORF100066360	KRT27	-1.0762409692096617	0.7601955108148165
NC_000012.12:52676439:A:G	KRT1	ENSG00000167768	CCSBVarC029548	CCSBORF14215	ENSP00000252244.3:p.Leu437Pro	1310T>C	CCSBORF2910	AMOTL2	0.9215565152595773	0.8357434582636865
NC_000012.12:52680155:G:A	KRT1	ENSG00000167768	CCSBVarC029435	CCSBORF14215	ENSP00000252244.3:p.Arg65Trp	193C>T	CCSBORF2910	AMOTL2	-3.8042033601586733	0.8437290137145838
NC_000012.12:52677677:A:G	KRT1	ENSG00000167768	CCSBVarC029519	CCSBORF14215	ENSP00000252244.3:p.Ile312Thr	935T>C	CCSBORF2910	AMOTL2	-0.08369602893962881	0.860763925640718
NC_000012.12:52676439:A:G	KRT1	ENSG00000167768	CCSBVarC029548	CCSBORF14215	ENSP00000252244.3:p.Leu437Pro	1310T>C	CCSBORF4105	KRT15	-0.39288779344175434	0.5653243718002748
NC_000012.12:52680155:G:A	KRT1	ENSG00000167768	CCSBVarC029435	CCSBORF14215	ENSP00000252244.3:p.Arg65Trp	193C>T	CCSBORF4105	KRT15	-0.9258439293856455	0.5639784909267369
NC_000012.12:52677677:A:G	KRT1	ENSG00000167768	CCSBVarC029519	CCSBORF14215	ENSP00000252244.3:p.Ile312Thr	935T>C	CCSBORF4105	KRT15	0.09458958966532033	0.5848299074527422
NC_000012.12:52676439:A:G	KRT1	ENSG00000167768	CCSBVarC029548	CCSBORF14215	ENSP00000252244.3:p.Leu437Pro	1310T>C	CCSBORF56141	KRT31	-0.54181844223735	0.2665286485218531
NC_000012.12:52680155:G:A	KRT1	ENSG00000167768	CCSBVarC029435	CCSBORF14215	ENSP00000252244.3:p.Arg65Trp	193C>T	CCSBORF56141	KRT31	-1.0933865705415586	0.26169685920846525
NC_000012.12:52677677:A:G	KRT1	ENSG00000167768	CCSBVarC029519	CCSBORF14215	ENSP00000252244.3:p.Ile312Thr	935T>C	CCSBORF56141	KRT31	-0.6662384996606663	0.3375071273158729
NC_000012.12:52676439:A:G	KRT1	ENSG00000167768	CCSBVarC029548	CCSBORF14215	ENSP00000252244.3:p.Leu437Pro	1310T>C	CCSBORF6802	KRT33B	-0.2338937510584733	0.4187140526404224
NC_000012.12:52680155:G:A	KRT1	ENSG00000167768	CCSBVarC029435	CCSBORF14215	ENSP00000252244.3:p.Arg65Trp	193C>T	CCSBORF6802	KRT33B	-2.024519598324169	0.40014797171104793
NC_000012.12:52677677:A:G	KRT1	ENSG00000167768	CCSBVarC029519	CCSBORF14215	ENSP00000252244.3:p.Ile312Thr	935T>C	CCSBORF6802	KRT33B	0.35070925663313535	0.3822326095313577
NC_000012.12:52676439:A:G	KRT1	ENSG00000167768	CCSBVarC029548	CCSBORF14215	ENSP00000252244.3:p.Leu437Pro	1310T>C	CCSBORF70512	KRT26	-0.4093398435706556	0.21255871756787706
NC_000012.12:52680155:G:A	KRT1	ENSG00000167768	CCSBVarC029435	CCSBORF14215	ENSP00000252244.3:p.Arg65Trp	193C>T	CCSBORF70512	KRT26	-1.818867427863085	0.21139441280130922
NC_000012.12:52677677:A:G	KRT1	ENSG00000167768	CCSBVarC029519	CCSBORF14215	ENSP00000252244.3:p.Ile312Thr	935T>C	CCSBORF70512	KRT26	-0.1230406511898204	0.25811384119752817
NC_000012.12:52676439:A:G	KRT1	ENSG00000167768	CCSBVarC029548	CCSBORF14215	ENSP00000252244.3:p.Leu437Pro	1310T>C	CCSBORF71152	KRT36	-0.6120573130558353	0.3870243279974568
NC_000012.12:52680155:G:A	KRT1	ENSG00000167768	CCSBVarC029435	CCSBORF14215	ENSP00000252244.3:p.Arg65Trp	193C>T	CCSBORF71152	KRT36	-2.1004563099403963	0.3866348819569136
NC_000012.12:52677677:A:G	KRT1	ENSG00000167768	CCSBVarC029519	CCSBORF14215	ENSP00000252244.3:p.Ile312Thr	935T>C	CCSBORF71152	KRT36	-0.02346375934717934	0.42291111691225886
NC_000018.10:26476616:G:T	KCTD1	ENSG00000134504	CCSBVarC029697	CCSBORF14221	ENSP00000464170.1:p.Asp69Glu	207C>A	CCSBORF14221	KCTD1	0.5273320123319791	0.2424718263288642
NC_000018.10:26501177:G:A	KCTD1	ENSG00000134504	CCSBVarC029666	CCSBORF14221	ENSP00000464170.1:p.Pro20Ser	58C>T	CCSBORF14221	KCTD1	1.6884149832698314	0.2358703269391624
NC_000018.10:26501152:G:C	KCTD1	ENSG00000134504	CCSBVarC029670	CCSBORF14221	ENSP00000464170.1:p.Ser28Cys	83C>G	CCSBORF14221	KCTD1	-0.01519413608453521	0.24086122778263372
NC_000018.10:26501143:G:C	KCTD1	ENSG00000134504	CCSBVarC029674	CCSBORF14221	ENSP00000464170.1:p.Pro31Arg	92C>G	CCSBORF14221	KCTD1	2.0001759109027635	0.23523224401400547
NC_000018.10:26501143:G:A	KCTD1	ENSG00000134504	CCSBVarC029678	CCSBORF14221	ENSP00000464170.1:p.Pro31Leu	92C>T	CCSBORF14221	KCTD1	1.6125974718565408	0.2532481061181597
NC_000007.14:144682974:A:G	TPK1	ENSG00000196511	CCSBVarC029947	CCSBORF14468	ENSP00000353165.3:p.Leu40Pro	119T>C	CCSBORF14468	TPK1	-0.8439863253926709	0.6600471773197596
NC_000007.14:144835583:G:A	TPK1	ENSG00000196511	CCSBVarC029941	CCSBORF14468	ENSP00000353165.3:p.Pro7Ser	19C>T	CCSBORF14468	TPK1	-5.51955286483671	0.709085662513046
NC_000007.14:144648840:A:T	TPK1	ENSG00000196511	CCSBVarC029953	CCSBORF14468	ENSP00000353165.3:p.Ile75Asn	224T>A	CCSBORF14468	TPK1	1.4418846279407924	0.6396426250396137
NC_000007.14:144591541:G:A	TPK1	ENSG00000196511	CCSBVarC029959	CCSBORF14468	ENSP00000353165.3:p.Leu128Phe	382C>T	CCSBORF14468	TPK1	0.5020931613640404	0.6355296959368836
NC_000007.14:144591528:A:G	TPK1	ENSG00000196511	CCSBVarC029962	CCSBORF14468	ENSP00000353165.3:p.Phe132Ser	395T>C	CCSBORF14468	TPK1	-0.9271325420288855	0.6400694718128308
NC_000007.14:144591497:C:G	TPK1	ENSG00000196511	CCSBVarC029965	CCSBORF14468	ENSP00000353165.3:p.Leu142Phe	426G>C	CCSBORF14468	TPK1	0.3033840935807536	0.6376636450866472
NC_000007.14:144453620:T:C	TPK1	ENSG00000196511	CCSBVarC029971	CCSBORF14468	ENSP00000353165.3:p.Asn219Ser	656A>G	CCSBORF14468	TPK1	-0.1846015296286163	0.6354299555905084
NC_000007.14:144453612:C:G	TPK1	ENSG00000196511	CCSBVarC029974	CCSBORF14468	ENSP00000353165.3:p.Asp222His	664G>C	CCSBORF14468	TPK1	-4.209697075308718	0.7555133404400604
NC_000007.14:144765896:C:T	TPK1	ENSG00000196511	CCSBVarC029944	CCSBORF14468	ENSP00000353165.3:p.Arg33His	98G>A	CCSBORF14468	TPK1	0.5518439827698916	0.6360005399137223
NC_000019.10:12711302:C:G	TNPO2	ENSG00000105576	CCSBVarC030084	CCSBORF14642	ENSP00000349321.4:p.Trp370Cys	1110G>C	CCSBORF231	RAN	-1.0145402043493048	0.1501597876672049
NC_000019.10:12706226:G:A	TNPO2	ENSG00000105576	CCSBVarC030088	CCSBORF14642	ENSP00000349321.4:p.Ala546Val	1637C>T	CCSBORF231	RAN	0.07021286430800504	0.09412057105255074
NC_000019.10:12706220:G:A	TNPO2	ENSG00000105576	CCSBVarC030090	CCSBORF14642	ENSP00000349321.4:p.Ser548Phe	1643C>T	CCSBORF231	RAN	0.01018706043147571	0.04936877578200509
NC_000019.10:12703775:C:G	TNPO2	ENSG00000105576	CCSBVarC030092	CCSBORF14642	ENSP00000349321.4:p.Ser683Thr	2048G>C	CCSBORF231	RAN	-0.9938364260685095	0.08367534319679915
NC_000019.10:12715504:C:T	TNPO2	ENSG00000105576	CCSBVarC030078	CCSBORF14642	ENSP00000349321.4:p.Asp156Asn	466G>A	CCSBORF231	RAN	-2.778852683302197	0.3040322515015608
NC_000003.12:120633206:G:C	HGD	ENSG00000113924	CCSBVarC029802	CCSBORF14910	ENSP00000283871.5:p.Asp376Glu	1128C>G	CCSBORF14910	HGD	-0.206798700447779	0.4001533648105215
NC_000003.12:120674951:T:G	HGD	ENSG00000113924	CCSBVarC029693	CCSBORF14910	ENSP00000283871.5:p.Glu42Ala	125A>C	CCSBORF14910	HGD	-0.9294484642248824	0.391982594289368
NC_000003.12:120650842:G:A	HGD	ENSG00000113924	CCSBVarC029737	CCSBORF14910	ENSP00000283871.5:p.Ala122Val	365C>T	CCSBORF14910	HGD	-1.2770506523398382	0.39087226626308696
NC_000003.12:120647012:C:G	HGD	ENSG00000113924	CCSBVarC029744	CCSBORF14910	ENSP00000283871.5:p.Gly170Ala	509G>C	CCSBORF14910	HGD	-4.524928914024391	0.5273212940979088
NC_000003.12:120646980:C:A	HGD	ENSG00000113924	CCSBVarC029751	CCSBORF14910	ENSP00000283871.5:p.Val181Phe	541G>T	CCSBORF14910	HGD	-4.423127020651835	0.6735803441933985
NC_000003.12:120641635:T:C	HGD	ENSG00000113924	CCSBVarC029772	CCSBORF14910	ENSP00000283871.5:p.Asn278Asp	832A>G	CCSBORF14910	HGD	-0.24629483563595378	0.3965155992963625
NC_000003.12:120638534:C:A	HGD	ENSG00000113924	CCSBVarC029783	CCSBORF14910	ENSP00000283871.5:p.Gly309Val	926G>T	CCSBORF14910	HGD	-0.7511534486643527	0.4072336458211143
NC_000008.11:42839318:A:C	THAP1	ENSG00000131931	CCSBVarC018611	CCSBORF1668	ENSP00000254250.3:p.Phe45Cys	134T>G	CCSBORF1668	THAP1	-2.1059344046795045	0.5312371234329306
NC_000008.11:42838029:C:T	THAP1	ENSG00000131931	CCSBVarC018634	CCSBORF1668	ENSP00000254250.3:p.Asp192Asn	574G>A	CCSBORF1668	THAP1	0.04829422577249182	0.5270826378650625
NC_000008.11:42843032:G:A	THAP1	ENSG00000131931	CCSBVarC018601	CCSBORF1668	ENSP00000254250.3:p.Ser21Phe	62C>T	CCSBORF1668	THAP1	-1.1461648569469758	0.5274571951945062
NC_000008.11:42839318:A:C	THAP1	ENSG00000131931	CCSBVarC018611	CCSBORF1668	ENSP00000254250.3:p.Phe45Cys	134T>G	CCSBORF252	ZNF408	-4.0622154498482566	0.27931655361821606
NC_000008.11:42838029:C:T	THAP1	ENSG00000131931	CCSBVarC018634	CCSBORF1668	ENSP00000254250.3:p.Asp192Asn	574G>A	CCSBORF252	ZNF408	0.3624564677695095	0.26568152701161074
NC_000008.11:42843032:G:A	THAP1	ENSG00000131931	CCSBVarC018601	CCSBORF1668	ENSP00000254250.3:p.Ser21Phe	62C>T	CCSBORF252	ZNF408	-2.287726709926873	0.303687561947536
NC_000008.11:42839318:A:C	THAP1	ENSG00000131931	CCSBVarC018611	CCSBORF1668	ENSP00000254250.3:p.Phe45Cys	134T>G	CCSBORF71484	RALY	-1.4328546585586035	0.43617620695444276
NC_000008.11:42838029:C:T	THAP1	ENSG00000131931	CCSBVarC018634	CCSBORF1668	ENSP00000254250.3:p.Asp192Asn	574G>A	CCSBORF71484	RALY	-0.4328285749123243	0.549939146455959
NC_000008.11:42843032:G:A	THAP1	ENSG00000131931	CCSBVarC018601	CCSBORF1668	ENSP00000254250.3:p.Ser21Phe	62C>T	CCSBORF71484	RALY	-0.9320543666064396	0.43270167286331773
NC_000011.10:65348864:T:G	DPF2	ENSG00000133884	CCSBVarC017571	CCSBORF190	ENSP00000436901.1:p.Cys345Gly	1033T>G	CCSBORF100000407	PICK1	-1.5343027256859145	1.315786904189009
NC_000011.10:65348876:G:A	DPF2	ENSG00000133884	CCSBVarC017587	CCSBORF190	ENSP00000436901.1:p.Asp349Asn	1045G>A	CCSBORF100000407	PICK1	-0.7148384209519234	1.2884878637225547
NC_000011.10:65348897:T:G	DPF2	ENSG00000133884	CCSBVarC017593	CCSBORF190	ENSP00000436901.1:p.Cys356Gly	1066T>G	CCSBORF100000407	PICK1	-0.7853816175897175	1.2936429388188195
NC_000011.10:65348898:G:C	DPF2	ENSG00000133884	CCSBVarC017597	CCSBORF190	ENSP00000436901.1:p.Cys356Ser	1067G>C	CCSBORF100000407	PICK1	-0.9924731135797724	1.2954340079294915
NC_000011.10:65351711:C:G	DPF2	ENSG00000133884	CCSBVarC017601	CCSBORF190	ENSP00000436901.1:p.Leu377Val	1129C>G	CCSBORF100000407	PICK1	-1.086300686543339	1.2943562645256919
NC_000011.10:65341479:T:G	DPF2	ENSG00000133884	CCSBVarC017558	CCSBORF190	ENSP00000436901.1:p.Leu128Arg	383T>G	CCSBORF100000407	PICK1	-1.1867902734637148	1.2895609116915243
NC_000011.10:65345980:G:T	DPF2	ENSG00000133884	CCSBVarC017564	CCSBORF190	ENSP00000436901.1:p.Cys276Phe	827G>T	CCSBORF100000407	PICK1	-0.6436688396273602	1.2889529669985011
NC_000011.10:65333893:C:G	DPF2	ENSG00000133884	CCSBVarC017518	CCSBORF190	ENSP00000436901.1:p.Ala3Gly	8C>G	CCSBORF100000407	PICK1	-0.5624773145009885	1.2885818007514054
NC_000011.10:65346331:C:G	DPF2	ENSG00000133884	CCSBVarC017569	CCSBORF190	ENSP00000436901.1:p.Cys330Trp	990C>G	CCSBORF100000407	PICK1	-0.7678675389479254	1.3078621435483653
NC_000011.10:65348864:T:G	DPF2	ENSG00000133884	CCSBVarC017571	CCSBORF190	ENSP00000436901.1:p.Cys345Gly	1033T>G	CCSBORF100070143	HSF2BP	-5.904746666784067	1.8606077587629382
NC_000011.10:65348876:G:A	DPF2	ENSG00000133884	CCSBVarC017587	CCSBORF190	ENSP00000436901.1:p.Asp349Asn	1045G>A	CCSBORF100070143	HSF2BP	-0.7255860223361155	0.7385186616737069
NC_000011.10:65348897:T:G	DPF2	ENSG00000133884	CCSBVarC017593	CCSBORF190	ENSP00000436901.1:p.Cys356Gly	1066T>G	CCSBORF100070143	HSF2BP	-1.9275119192994112	0.7509509388062106
NC_000011.10:65348898:G:C	DPF2	ENSG00000133884	CCSBVarC017597	CCSBORF190	ENSP00000436901.1:p.Cys356Ser	1067G>C	CCSBORF100070143	HSF2BP	-3.5484240635574134	0.7938021615705715
NC_000011.10:65351711:C:G	DPF2	ENSG00000133884	CCSBVarC017601	CCSBORF190	ENSP00000436901.1:p.Leu377Val	1129C>G	CCSBORF100070143	HSF2BP	-1.4473526390277411	0.751114826470028
NC_000011.10:65341479:T:G	DPF2	ENSG00000133884	CCSBVarC017558	CCSBORF190	ENSP00000436901.1:p.Leu128Arg	383T>G	CCSBORF100070143	HSF2BP	-1.4418966938917945	0.7413075903865093
NC_000011.10:65345980:G:T	DPF2	ENSG00000133884	CCSBVarC017564	CCSBORF190	ENSP00000436901.1:p.Cys276Phe	827G>T	CCSBORF100070143	HSF2BP	0.20383649290737335	0.7395533486512404
NC_000011.10:65333893:C:G	DPF2	ENSG00000133884	CCSBVarC017518	CCSBORF190	ENSP00000436901.1:p.Ala3Gly	8C>G	CCSBORF100070143	HSF2BP	1.204614522042557	0.7377190000230633
NC_000011.10:65346331:C:G	DPF2	ENSG00000133884	CCSBVarC017569	CCSBORF190	ENSP00000436901.1:p.Cys330Trp	990C>G	CCSBORF100070143	HSF2BP	1.421384156346178	0.755584189538578
NC_000011.10:32428057:C:T	WT1	ENSG00000184937	CCSBVarC018250	CCSBORF1923	ENSP00000368370.2:p.Gly45Asp	134G>A	CCSBORF100016009	ZRANB1	-0.35514582341736917	0.7354066727566858
NC_000011.10:32417630:G:A	WT1	ENSG00000184937	CCSBVarC018252	CCSBORF1923	ENSP00000368370.2:p.Ser87Phe	260C>T	CCSBORF100016009	ZRANB1	-1.8155821941983663	0.7373796859387795
NC_000011.10:32416522:G:A	WT1	ENSG00000184937	CCSBVarC018257	CCSBORF1923	ENSP00000368370.2:p.Ser111Phe	332C>T	CCSBORF100016009	ZRANB1	-1.811409358958792	1.1796599765443043
NC_000011.10:32428585:C:G	WT1	ENSG00000184937	CCSBVarC018243	CCSBORF1923	ENSP00000368370.2:p.Ser15Thr	44G>C	CCSBORF100016009	ZRANB1	0.11666736934961251	0.7341549855679698
NC_000011.10:32396313:A:C	WT1	ENSG00000184937	CCSBVarC018289	CCSBORF1923	ENSP00000368370.2:p.Cys186Gly	556T>G	CCSBORF100016009	ZRANB1	0.8576463724061418	0.7474537618704074
NC_000011.10:32396312:C:T	WT1	ENSG00000184937	CCSBVarC018292	CCSBORF1923	ENSP00000368370.2:p.Cys186Tyr	557G>A	CCSBORF100016009	ZRANB1	-1.3358579209017893	1.424526990277096
NC_000011.10:32392738:C:G	WT1	ENSG00000184937	CCSBVarC018302	CCSBORF1923	ENSP00000368370.2:p.Gln210His	630G>C	CCSBORF100016009	ZRANB1	-0.5248167846795285	0.9345082131354407
NC_000011.10:32392018:C:G	WT1	ENSG00000184937	CCSBVarC018341	CCSBORF1923	ENSP00000368370.2:p.Arg250Pro	749G>C	CCSBORF100016009	ZRANB1	2.627125151178678	0.7374956148728424
NC_000011.10:32392013:C:T	WT1	ENSG00000184937	CCSBVarC018343	CCSBORF1923	ENSP00000368370.2:p.Asp252Asn	754G>A	CCSBORF100016009	ZRANB1	-1.0090974590127897	0.738186679135312
NC_000011.10:32389128:G:A	WT1	ENSG00000184937	CCSBVarC018375	CCSBORF1923	ENSP00000368370.2:p.Arg280Trp	838C>T	CCSBORF100016009	ZRANB1	0.5253713020233126	0.7342245466626951
NC_000011.10:32428057:C:T	WT1	ENSG00000184937	CCSBVarC018250	CCSBORF1923	ENSP00000368370.2:p.Gly45Asp	134G>A	CCSBORF100068243	IPO8	-0.5487428344341672	0.5905238020965452
NC_000011.10:32417630:G:A	WT1	ENSG00000184937	CCSBVarC018252	CCSBORF1923	ENSP00000368370.2:p.Ser87Phe	260C>T	CCSBORF100068243	IPO8	-4.211699223119169	0.6303211709687252
NC_000011.10:32416522:G:A	WT1	ENSG00000184937	CCSBVarC018257	CCSBORF1923	ENSP00000368370.2:p.Ser111Phe	332C>T	CCSBORF100068243	IPO8	-1.1531576686608285	0.5921016740662276
NC_000011.10:32428585:C:G	WT1	ENSG00000184937	CCSBVarC018243	CCSBORF1923	ENSP00000368370.2:p.Ser15Thr	44G>C	CCSBORF100068243	IPO8	-0.6186506265035311	0.5886629621831887
NC_000011.10:32396313:A:C	WT1	ENSG00000184937	CCSBVarC018289	CCSBORF1923	ENSP00000368370.2:p.Cys186Gly	556T>G	CCSBORF100068243	IPO8	0.19026907152059952	0.6165083992826259
NC_000011.10:32396312:C:T	WT1	ENSG00000184937	CCSBVarC018292	CCSBORF1923	ENSP00000368370.2:p.Cys186Tyr	557G>A	CCSBORF100068243	IPO8	1.3119650069327071	0.5966192478107281
NC_000011.10:32392738:C:G	WT1	ENSG00000184937	CCSBVarC018302	CCSBORF1923	ENSP00000368370.2:p.Gln210His	630G>C	CCSBORF100068243	IPO8	0.3620903481897483	0.5879452446930606
NC_000011.10:32392018:C:G	WT1	ENSG00000184937	CCSBVarC018341	CCSBORF1923	ENSP00000368370.2:p.Arg250Pro	749G>C	CCSBORF100068243	IPO8	-0.5976380661112	0.8056393883657356
NC_000011.10:32392013:C:T	WT1	ENSG00000184937	CCSBVarC018343	CCSBORF1923	ENSP00000368370.2:p.Asp252Asn	754G>A	CCSBORF100068243	IPO8	-0.002556879523859079	0.5938424424676167
NC_000011.10:32389128:G:A	WT1	ENSG00000184937	CCSBVarC018375	CCSBORF1923	ENSP00000368370.2:p.Arg280Trp	838C>T	CCSBORF100068243	IPO8	-0.5963984941394562	0.5897783938746246
NC_000006.12:35814707:T:C	LHFPL5	ENSG00000197753	CCSBVarC018950	CCSBORF2012	ENSP00000353346.1:p.Leu192Pro	575T>C	CCSBORF9267	KASH5	-2.5267361981171055	0.2559604712457442
NC_000006.12:35814747:G:C	LHFPL5	ENSG00000197753	CCSBVarC018954	CCSBORF2012	ENSP00000353346.1:p.Lys205Asn	615G>C	CCSBORF9267	KASH5	0.3512415725281519	0.25570029334087363
NC_000002.12:42788578:T:C	HAAO	ENSG00000162882	CCSBVarC019116	CCSBORF2205	ENSP00000294973.6:p.Ile37Val	109A>G	CCSBORF1155	GAD1	-1.660438914249616	0.3096627298549717
NC_000002.12:42788563:T:A	HAAO	ENSG00000162882	CCSBVarC019119	CCSBORF2205	ENSP00000294973.6:p.Thr42Ser	124A>T	CCSBORF1155	GAD1	-0.1753227726760293	0.3112971052677943
NC_000002.12:42788559:C:T	HAAO	ENSG00000162882	CCSBVarC019134	CCSBORF2205	ENSP00000294973.6:p.Arg43Lys	128G>A	CCSBORF1155	GAD1	0.4063603414065187	0.3125163775517521
NC_000002.12:42788546:G:T	HAAO	ENSG00000162882	CCSBVarC019138	CCSBORF2205	ENSP00000294973.6:p.His47Gln	141C>A	CCSBORF1155	GAD1	-6.787430071518541	0.5304403645810545
NC_000002.12:42783362:C:A	HAAO	ENSG00000162882	CCSBVarC019144	CCSBORF2205	ENSP00000294973.6:p.Gly101Trp	301G>T	CCSBORF1155	GAD1	-8.193615765736418	0.5963786407676932
NC_000002.12:42783340:C:T	HAAO	ENSG00000162882	CCSBVarC019147	CCSBORF2205	ENSP00000294973.6:p.Arg108Gln	323G>A	CCSBORF1155	GAD1	-6.023175693297771	0.4028688867269306
NC_000014.9:100276610:G:A	YY1	ENSG00000100811	CCSBVarC019468	CCSBORF2339	ENSP00000262238.4:p.Arg342Gln	1025G>A	CCSBORF100011241	SF3A2	-0.5714268389720281	0.4412510439651056
NC_000014.9:100276621:G:T	YY1	ENSG00000100811	CCSBVarC019471	CCSBORF2339	ENSP00000262238.4:p.Val346Phe	1036G>T	CCSBORF100011241	SF3A2	-1.0225658458340083	0.4456722512602418
NC_000014.9:100277450:C:G	YY1	ENSG00000100811	CCSBVarC019477	CCSBORF2339	ENSP00000262238.4:p.Leu366Val	1096C>G	CCSBORF100011241	SF3A2	-0.5050126211895158	0.44268974505115993
NC_000014.9:100277456:T:C	YY1	ENSG00000100811	CCSBVarC019483	CCSBORF2339	ENSP00000262238.4:p.Phe368Leu	1102T>C	CCSBORF100011241	SF3A2	-2.4212991856462587	0.5544185199583107
NC_000014.9:100277466:G:A	YY1	ENSG00000100811	CCSBVarC019490	CCSBORF2339	ENSP00000262238.4:p.Arg371His	1112G>A	CCSBORF100011241	SF3A2	-1.3577000127206686	0.509990858075939
NC_000014.9:100277472:A:G	YY1	ENSG00000100811	CCSBVarC019498	CCSBORF2339	ENSP00000262238.4:p.His373Arg	1118A>G	CCSBORF100011241	SF3A2	-1.1862090990111382	0.46972844033952865
NC_000014.9:100277475:T:G	YY1	ENSG00000100811	CCSBVarC019500	CCSBORF2339	ENSP00000262238.4:p.Val374Gly	1121T>G	CCSBORF100011241	SF3A2	-0.11672818805242341	0.4549217145110738
NC_000014.9:100277478:G:A	YY1	ENSG00000100811	CCSBVarC019502	CCSBORF2339	ENSP00000262238.4:p.Arg375Gln	1124G>A	CCSBORF100011241	SF3A2	NULL	NULL
NC_000014.9:100277504:G:A	YY1	ENSG00000100811	CCSBVarC019506	CCSBORF2339	ENSP00000262238.4:p.Val384Met	1150G>A	CCSBORF100011241	SF3A2	-0.3717762499875651	0.43971377800810607
NC_000014.9:100277574:A:G	YY1	ENSG00000100811	CCSBVarC019523	CCSBORF2339	ENSP00000262238.4:p.His407Arg	1220A>G	CCSBORF100011241	SF3A2	-0.504008843002883	0.44128976105732304
NC_000014.9:100239815:G:C	YY1	ENSG00000100811	CCSBVarC019455	CCSBORF2339	ENSP00000262238.4:p.Gly191Ala	572G>C	CCSBORF100011241	SF3A2	-0.11473262847948201	0.44983138563739256
NC_000014.9:100276570:G:C	YY1	ENSG00000100811	CCSBVarC019462	CCSBORF2339	ENSP00000262238.4:p.Glu329Gln	985G>C	CCSBORF100011241	SF3A2	-0.27375870957100534	0.44739909743132844
NC_000014.9:100276610:G:A	YY1	ENSG00000100811	CCSBVarC019468	CCSBORF2339	ENSP00000262238.4:p.Arg342Gln	1025G>A	CCSBORF100016058	LHX3	-0.4551212623066414	0.2935640218728043
NC_000014.9:100276621:G:T	YY1	ENSG00000100811	CCSBVarC019471	CCSBORF2339	ENSP00000262238.4:p.Val346Phe	1036G>T	CCSBORF100016058	LHX3	-0.7155256836843458	0.29977926463406956
NC_000014.9:100277450:C:G	YY1	ENSG00000100811	CCSBVarC019477	CCSBORF2339	ENSP00000262238.4:p.Leu366Val	1096C>G	CCSBORF100016058	LHX3	-0.9147602485767148	0.2974230560582167
NC_000014.9:100277456:T:C	YY1	ENSG00000100811	CCSBVarC019483	CCSBORF2339	ENSP00000262238.4:p.Phe368Leu	1102T>C	CCSBORF100016058	LHX3	NULL	NULL
NC_000014.9:100277466:G:A	YY1	ENSG00000100811	CCSBVarC019490	CCSBORF2339	ENSP00000262238.4:p.Arg371His	1112G>A	CCSBORF100016058	LHX3	NULL	NULL
NC_000014.9:100277472:A:G	YY1	ENSG00000100811	CCSBVarC019498	CCSBORF2339	ENSP00000262238.4:p.His373Arg	1118A>G	CCSBORF100016058	LHX3	-1.384003816631581	0.3638500958333871
NC_000014.9:100277475:T:G	YY1	ENSG00000100811	CCSBVarC019500	CCSBORF2339	ENSP00000262238.4:p.Val374Gly	1121T>G	CCSBORF100016058	LHX3	0.05764933527159345	0.31958767567214696
NC_000014.9:100277478:G:A	YY1	ENSG00000100811	CCSBVarC019502	CCSBORF2339	ENSP00000262238.4:p.Arg375Gln	1124G>A	CCSBORF100016058	LHX3	-0.35104542017785473	0.36149433365351674
NC_000014.9:100277504:G:A	YY1	ENSG00000100811	CCSBVarC019506	CCSBORF2339	ENSP00000262238.4:p.Val384Met	1150G>A	CCSBORF100016058	LHX3	-0.5899709105978193	0.2907765401980061
NC_000014.9:100277574:A:G	YY1	ENSG00000100811	CCSBVarC019523	CCSBORF2339	ENSP00000262238.4:p.His407Arg	1220A>G	CCSBORF100016058	LHX3	-0.8442401249650782	0.2957235998118299
NC_000014.9:100239815:G:C	YY1	ENSG00000100811	CCSBVarC019455	CCSBORF2339	ENSP00000262238.4:p.Gly191Ala	572G>C	CCSBORF100016058	LHX3	-0.25620027262290934	0.2945774177828201
NC_000014.9:100276570:G:C	YY1	ENSG00000100811	CCSBVarC019462	CCSBORF2339	ENSP00000262238.4:p.Glu329Gln	985G>C	CCSBORF100016058	LHX3	-0.12434200428987485	0.3025448244156983
NC_000014.9:100276610:G:A	YY1	ENSG00000100811	CCSBVarC019468	CCSBORF2339	ENSP00000262238.4:p.Arg342Gln	1025G>A	CCSBORF4516	GMCL1	-0.8009685029009544	0.3479661599207507
NC_000014.9:100276621:G:T	YY1	ENSG00000100811	CCSBVarC019471	CCSBORF2339	ENSP00000262238.4:p.Val346Phe	1036G>T	CCSBORF4516	GMCL1	-0.624410496674856	0.35319096906067976
NC_000014.9:100277450:C:G	YY1	ENSG00000100811	CCSBVarC019477	CCSBORF2339	ENSP00000262238.4:p.Leu366Val	1096C>G	CCSBORF4516	GMCL1	-0.5542635257241979	0.35235896357593866
NC_000014.9:100277456:T:C	YY1	ENSG00000100811	CCSBVarC019483	CCSBORF2339	ENSP00000262238.4:p.Phe368Leu	1102T>C	CCSBORF4516	GMCL1	NULL	NULL
NC_000014.9:100277466:G:A	YY1	ENSG00000100811	CCSBVarC019490	CCSBORF2339	ENSP00000262238.4:p.Arg371His	1112G>A	CCSBORF4516	GMCL1	-1.4697564101078182	0.42481606348687123
NC_000014.9:100277472:A:G	YY1	ENSG00000100811	CCSBVarC019498	CCSBORF2339	ENSP00000262238.4:p.His373Arg	1118A>G	CCSBORF4516	GMCL1	-1.7145923223526216	0.3948209663811991
NC_000014.9:100277475:T:G	YY1	ENSG00000100811	CCSBVarC019500	CCSBORF2339	ENSP00000262238.4:p.Val374Gly	1121T>G	CCSBORF4516	GMCL1	-0.5705493727125962	0.371506884626918
NC_000014.9:100277478:G:A	YY1	ENSG00000100811	CCSBVarC019502	CCSBORF2339	ENSP00000262238.4:p.Arg375Gln	1124G>A	CCSBORF4516	GMCL1	NULL	NULL
NC_000014.9:100277504:G:A	YY1	ENSG00000100811	CCSBVarC019506	CCSBORF2339	ENSP00000262238.4:p.Val384Met	1150G>A	CCSBORF4516	GMCL1	-1.1439631077567165	0.34875816427680484
NC_000014.9:100277574:A:G	YY1	ENSG00000100811	CCSBVarC019523	CCSBORF2339	ENSP00000262238.4:p.His407Arg	1220A>G	CCSBORF4516	GMCL1	-1.1458827248295365	0.35056240179897286
NC_000014.9:100239815:G:C	YY1	ENSG00000100811	CCSBVarC019455	CCSBORF2339	ENSP00000262238.4:p.Gly191Ala	572G>C	CCSBORF4516	GMCL1	-0.5742455583993149	0.351200952352852
NC_000014.9:100276570:G:C	YY1	ENSG00000100811	CCSBVarC019462	CCSBORF2339	ENSP00000262238.4:p.Glu329Gln	985G>C	CCSBORF4516	GMCL1	-0.6941823146362818	0.35948214020159874
NC_000014.9:100276610:G:A	YY1	ENSG00000100811	CCSBVarC019468	CCSBORF2339	ENSP00000262238.4:p.Arg342Gln	1025G>A	CCSBORF5143	MDFI	-1.0146123724606004	0.2951733488359691
NC_000014.9:100276621:G:T	YY1	ENSG00000100811	CCSBVarC019471	CCSBORF2339	ENSP00000262238.4:p.Val346Phe	1036G>T	CCSBORF5143	MDFI	-0.24330148107073704	0.29720720652053306
NC_000014.9:100277450:C:G	YY1	ENSG00000100811	CCSBVarC019477	CCSBORF2339	ENSP00000262238.4:p.Leu366Val	1096C>G	CCSBORF5143	MDFI	-0.8480010596692987	0.2984328230804979
NC_000014.9:100277456:T:C	YY1	ENSG00000100811	CCSBVarC019483	CCSBORF2339	ENSP00000262238.4:p.Phe368Leu	1102T>C	CCSBORF5143	MDFI	-2.8578543916499872	1.1459336299202336
NC_000014.9:100277466:G:A	YY1	ENSG00000100811	CCSBVarC019490	CCSBORF2339	ENSP00000262238.4:p.Arg371His	1112G>A	CCSBORF5143	MDFI	NULL	NULL
NC_000014.9:100277472:A:G	YY1	ENSG00000100811	CCSBVarC019498	CCSBORF2339	ENSP00000262238.4:p.His373Arg	1118A>G	CCSBORF5143	MDFI	-0.30644967656739	0.32600425535464284
NC_000014.9:100277475:T:G	YY1	ENSG00000100811	CCSBVarC019500	CCSBORF2339	ENSP00000262238.4:p.Val374Gly	1121T>G	CCSBORF5143	MDFI	-0.4617069715882058	0.31361641081876784
NC_000014.9:100277478:G:A	YY1	ENSG00000100811	CCSBVarC019502	CCSBORF2339	ENSP00000262238.4:p.Arg375Gln	1124G>A	CCSBORF5143	MDFI	NULL	NULL
NC_000014.9:100277504:G:A	YY1	ENSG00000100811	CCSBVarC019506	CCSBORF2339	ENSP00000262238.4:p.Val384Met	1150G>A	CCSBORF5143	MDFI	-1.1160520491772132	0.293550815352756
NC_000014.9:100277574:A:G	YY1	ENSG00000100811	CCSBVarC019523	CCSBORF2339	ENSP00000262238.4:p.His407Arg	1220A>G	CCSBORF5143	MDFI	-0.4782236362224397	0.29362753007223813
NC_000014.9:100239815:G:C	YY1	ENSG00000100811	CCSBVarC019455	CCSBORF2339	ENSP00000262238.4:p.Gly191Ala	572G>C	CCSBORF5143	MDFI	-0.5654090037493055	0.2958878148588356
NC_000014.9:100276570:G:C	YY1	ENSG00000100811	CCSBVarC019462	CCSBORF2339	ENSP00000262238.4:p.Glu329Gln	985G>C	CCSBORF5143	MDFI	-0.3506617829399842	0.30443871057342703
NC_000014.9:100276610:G:A	YY1	ENSG00000100811	CCSBVarC019468	CCSBORF2339	ENSP00000262238.4:p.Arg342Gln	1025G>A	CCSBORF56717	KRTAP10-8	-0.4267249894015938	0.36499739341705906
NC_000014.9:100276621:G:T	YY1	ENSG00000100811	CCSBVarC019471	CCSBORF2339	ENSP00000262238.4:p.Val346Phe	1036G>T	CCSBORF56717	KRTAP10-8	-0.44327452970474623	0.37081369888531207
NC_000014.9:100277450:C:G	YY1	ENSG00000100811	CCSBVarC019477	CCSBORF2339	ENSP00000262238.4:p.Leu366Val	1096C>G	CCSBORF56717	KRTAP10-8	-0.5147717067808946	0.37909033298462547
NC_000014.9:100277456:T:C	YY1	ENSG00000100811	CCSBVarC019483	CCSBORF2339	ENSP00000262238.4:p.Phe368Leu	1102T>C	CCSBORF56717	KRTAP10-8	-3.2363704899107244	0.5608341153937538
NC_000014.9:100277466:G:A	YY1	ENSG00000100811	CCSBVarC019490	CCSBORF2339	ENSP00000262238.4:p.Arg371His	1112G>A	CCSBORF56717	KRTAP10-8	NULL	NULL
NC_000014.9:100277472:A:G	YY1	ENSG00000100811	CCSBVarC019498	CCSBORF2339	ENSP00000262238.4:p.His373Arg	1118A>G	CCSBORF56717	KRTAP10-8	-0.8657919288454077	0.4063765256504608
NC_000014.9:100277475:T:G	YY1	ENSG00000100811	CCSBVarC019500	CCSBORF2339	ENSP00000262238.4:p.Val374Gly	1121T>G	CCSBORF56717	KRTAP10-8	-0.4040229720500327	0.39248193231617945
NC_000014.9:100277478:G:A	YY1	ENSG00000100811	CCSBVarC019502	CCSBORF2339	ENSP00000262238.4:p.Arg375Gln	1124G>A	CCSBORF56717	KRTAP10-8	NULL	NULL
NC_000014.9:100277504:G:A	YY1	ENSG00000100811	CCSBVarC019506	CCSBORF2339	ENSP00000262238.4:p.Val384Met	1150G>A	CCSBORF56717	KRTAP10-8	-0.3105892487104994	0.3644730497157534
NC_000014.9:100277574:A:G	YY1	ENSG00000100811	CCSBVarC019523	CCSBORF2339	ENSP00000262238.4:p.His407Arg	1220A>G	CCSBORF56717	KRTAP10-8	-0.48559420590374375	0.36717372257421804
NC_000014.9:100239815:G:C	YY1	ENSG00000100811	CCSBVarC019455	CCSBORF2339	ENSP00000262238.4:p.Gly191Ala	572G>C	CCSBORF56717	KRTAP10-8	-0.508744018699854	0.3706706501858954
NC_000014.9:100276570:G:C	YY1	ENSG00000100811	CCSBVarC019462	CCSBORF2339	ENSP00000262238.4:p.Glu329Gln	985G>C	CCSBORF56717	KRTAP10-8	-0.5032776935074994	0.3772246094076565
NC_000014.9:100276610:G:A	YY1	ENSG00000100811	CCSBVarC019468	CCSBORF2339	ENSP00000262238.4:p.Arg342Gln	1025G>A	CCSBORF6869	LHX4	-0.832264529033366	0.6159401998976064
NC_000014.9:100276621:G:T	YY1	ENSG00000100811	CCSBVarC019471	CCSBORF2339	ENSP00000262238.4:p.Val346Phe	1036G>T	CCSBORF6869	LHX4	-0.8929192755574177	0.6190092613434447
NC_000014.9:100277450:C:G	YY1	ENSG00000100811	CCSBVarC019477	CCSBORF2339	ENSP00000262238.4:p.Leu366Val	1096C>G	CCSBORF6869	LHX4	-0.8461674591837776	0.6180624344751763
NC_000014.9:100277456:T:C	YY1	ENSG00000100811	CCSBVarC019483	CCSBORF2339	ENSP00000262238.4:p.Phe368Leu	1102T>C	CCSBORF6869	LHX4	-2.9989250946496733	1.9791850798936967
NC_000014.9:100277466:G:A	YY1	ENSG00000100811	CCSBVarC019490	CCSBORF2339	ENSP00000262238.4:p.Arg371His	1112G>A	CCSBORF6869	LHX4	-1.312555436263291	0.6823223212760657
NC_000014.9:100277472:A:G	YY1	ENSG00000100811	CCSBVarC019498	CCSBORF2339	ENSP00000262238.4:p.His373Arg	1118A>G	CCSBORF6869	LHX4	-1.728898275870343	0.6559658584372337
NC_000014.9:100277475:T:G	YY1	ENSG00000100811	CCSBVarC019500	CCSBORF2339	ENSP00000262238.4:p.Val374Gly	1121T>G	CCSBORF6869	LHX4	0.0404198609164893	0.633147396189101
NC_000014.9:100277478:G:A	YY1	ENSG00000100811	CCSBVarC019502	CCSBORF2339	ENSP00000262238.4:p.Arg375Gln	1124G>A	CCSBORF6869	LHX4	NULL	NULL
NC_000014.9:100277504:G:A	YY1	ENSG00000100811	CCSBVarC019506	CCSBORF2339	ENSP00000262238.4:p.Val384Met	1150G>A	CCSBORF6869	LHX4	-1.2249470535114309	0.6145455583962525
NC_000014.9:100277574:A:G	YY1	ENSG00000100811	CCSBVarC019523	CCSBORF2339	ENSP00000262238.4:p.His407Arg	1220A>G	CCSBORF6869	LHX4	-0.9103490697395199	0.6174758744121636
NC_000014.9:100239815:G:C	YY1	ENSG00000100811	CCSBVarC019455	CCSBORF2339	ENSP00000262238.4:p.Gly191Ala	572G>C	CCSBORF6869	LHX4	-0.5524605923051117	0.6168054096792237
NC_000014.9:100276570:G:C	YY1	ENSG00000100811	CCSBVarC019462	CCSBORF2339	ENSP00000262238.4:p.Glu329Gln	985G>C	CCSBORF6869	LHX4	-0.42282187877783045	0.6213753581577873
NC_000014.9:100276610:G:A	YY1	ENSG00000100811	CCSBVarC019468	CCSBORF2339	ENSP00000262238.4:p.Arg342Gln	1025G>A	CCSBORF71609	KRTAP9-3	0.07341675324323965	0.2167064015238781
NC_000014.9:100276621:G:T	YY1	ENSG00000100811	CCSBVarC019471	CCSBORF2339	ENSP00000262238.4:p.Val346Phe	1036G>T	CCSBORF71609	KRTAP9-3	-0.37630671331337257	0.22584480298549045
NC_000014.9:100277450:C:G	YY1	ENSG00000100811	CCSBVarC019477	CCSBORF2339	ENSP00000262238.4:p.Leu366Val	1096C>G	CCSBORF71609	KRTAP9-3	-0.595454330444869	0.22498348278165328
NC_000014.9:100277456:T:C	YY1	ENSG00000100811	CCSBVarC019483	CCSBORF2339	ENSP00000262238.4:p.Phe368Leu	1102T>C	CCSBORF71609	KRTAP9-3	NULL	NULL
NC_000014.9:100277466:G:A	YY1	ENSG00000100811	CCSBVarC019490	CCSBORF2339	ENSP00000262238.4:p.Arg371His	1112G>A	CCSBORF71609	KRTAP9-3	NULL	NULL
NC_000014.9:100277472:A:G	YY1	ENSG00000100811	CCSBVarC019498	CCSBORF2339	ENSP00000262238.4:p.His373Arg	1118A>G	CCSBORF71609	KRTAP9-3	-2.4537894651256194	0.3230616074512581
NC_000014.9:100277475:T:G	YY1	ENSG00000100811	CCSBVarC019500	CCSBORF2339	ENSP00000262238.4:p.Val374Gly	1121T>G	CCSBORF71609	KRTAP9-3	0.3306319252255013	0.25561779977721033
NC_000014.9:100277478:G:A	YY1	ENSG00000100811	CCSBVarC019502	CCSBORF2339	ENSP00000262238.4:p.Arg375Gln	1124G>A	CCSBORF71609	KRTAP9-3	NULL	NULL
NC_000014.9:100277504:G:A	YY1	ENSG00000100811	CCSBVarC019506	CCSBORF2339	ENSP00000262238.4:p.Val384Met	1150G>A	CCSBORF71609	KRTAP9-3	-0.26214004640509153	0.21598021213301094
NC_000014.9:100277574:A:G	YY1	ENSG00000100811	CCSBVarC019523	CCSBORF2339	ENSP00000262238.4:p.His407Arg	1220A>G	CCSBORF71609	KRTAP9-3	-0.11999256148120524	0.21856427122095232
NC_000014.9:100239815:G:C	YY1	ENSG00000100811	CCSBVarC019455	CCSBORF2339	ENSP00000262238.4:p.Gly191Ala	572G>C	CCSBORF71609	KRTAP9-3	-0.042621135905447305	0.22287682593604538
NC_000014.9:100276570:G:C	YY1	ENSG00000100811	CCSBVarC019462	CCSBORF2339	ENSP00000262238.4:p.Glu329Gln	985G>C	CCSBORF71609	KRTAP9-3	-0.34555311129154487	0.24144273671016045
NC_000014.9:100276610:G:A	YY1	ENSG00000100811	CCSBVarC019468	CCSBORF2339	ENSP00000262238.4:p.Arg342Gln	1025G>A	CCSBORF71628	KRTAP9-8	0.16239475975170942	0.5130004378053041
NC_000014.9:100276621:G:T	YY1	ENSG00000100811	CCSBVarC019471	CCSBORF2339	ENSP00000262238.4:p.Val346Phe	1036G>T	CCSBORF71628	KRTAP9-8	-0.2722723109903764	0.5666561343827122
NC_000014.9:100277450:C:G	YY1	ENSG00000100811	CCSBVarC019477	CCSBORF2339	ENSP00000262238.4:p.Leu366Val	1096C>G	CCSBORF71628	KRTAP9-8	-0.6575549014033244	0.5151537811108421
NC_000014.9:100277456:T:C	YY1	ENSG00000100811	CCSBVarC019483	CCSBORF2339	ENSP00000262238.4:p.Phe368Leu	1102T>C	CCSBORF71628	KRTAP9-8	-2.4819886623375327	0.9007691998985013
NC_000014.9:100277466:G:A	YY1	ENSG00000100811	CCSBVarC019490	CCSBORF2339	ENSP00000262238.4:p.Arg371His	1112G>A	CCSBORF71628	KRTAP9-8	-0.22663673766415288	0.5919523459837764
NC_000014.9:100277472:A:G	YY1	ENSG00000100811	CCSBVarC019498	CCSBORF2339	ENSP00000262238.4:p.His373Arg	1118A>G	CCSBORF71628	KRTAP9-8	-2.050168997707091	0.5670230194018723
NC_000014.9:100277475:T:G	YY1	ENSG00000100811	CCSBVarC019500	CCSBORF2339	ENSP00000262238.4:p.Val374Gly	1121T>G	CCSBORF71628	KRTAP9-8	-0.2842866604294324	0.5293052944679681
NC_000014.9:100277478:G:A	YY1	ENSG00000100811	CCSBVarC019502	CCSBORF2339	ENSP00000262238.4:p.Arg375Gln	1124G>A	CCSBORF71628	KRTAP9-8	-0.4774504957075242	0.5743999204145352
NC_000014.9:100277504:G:A	YY1	ENSG00000100811	CCSBVarC019506	CCSBORF2339	ENSP00000262238.4:p.Val384Met	1150G>A	CCSBORF71628	KRTAP9-8	-0.12403611684728427	0.5118213547852372
NC_000014.9:100277574:A:G	YY1	ENSG00000100811	CCSBVarC019523	CCSBORF2339	ENSP00000262238.4:p.His407Arg	1220A>G	CCSBORF71628	KRTAP9-8	-0.3150309280185496	0.5143867494819229
NC_000014.9:100239815:G:C	YY1	ENSG00000100811	CCSBVarC019455	CCSBORF2339	ENSP00000262238.4:p.Gly191Ala	572G>C	CCSBORF71628	KRTAP9-8	0.3535339254810875	0.5137650493365646
NC_000014.9:100276570:G:C	YY1	ENSG00000100811	CCSBVarC019462	CCSBORF2339	ENSP00000262238.4:p.Glu329Gln	985G>C	CCSBORF71628	KRTAP9-8	-0.2234140727273084	0.5206715346922979
NC_000005.10:126822849:T:G	LMNB1	ENSG00000113368	CCSBVarC019024	CCSBORF2370	ENSP00000261366.5:p.Ser486Ala	1456T>G	CCSBORF100067760	LMNB2	NULL	NULL
NC_000005.10:126825993:G:T	LMNB1	ENSG00000113368	CCSBVarC019027	CCSBORF2370	ENSP00000261366.5:p.Ala500Ser	1498G>T	CCSBORF100067760	LMNB2	-0.04815651732926607	1.3120744726060345
NC_000005.10:126777536:G:T	LMNB1	ENSG00000113368	CCSBVarC019601	CCSBORF2370	ENSP00000261366.5:p.Arg10Leu	29G>T	CCSBORF100067760	LMNB2	-0.0024885246392357674	1.138935099474406
NC_000005.10:126804870:C:T	LMNB1	ENSG00000113368	CCSBVarC018999	CCSBORF2370	ENSP00000261366.5:p.Ala152Val	455C>T	CCSBORF100067760	LMNB2	-0.028102730964117806	1.1384994894387077
NC_000005.10:126777604:A:G	LMNB1	ENSG00000113368	CCSBVarC019603	CCSBORF2370	ENSP00000261366.5:p.Lys33Glu	97A>G	CCSBORF100067760	LMNB2	0.6951071800602469	1.1631744289901804
NC_000005.10:126822849:T:G	LMNB1	ENSG00000113368	CCSBVarC019024	CCSBORF2370	ENSP00000261366.5:p.Ser486Ala	1456T>G	CCSBORF4605	KPNA1	-2.613930295110654	2.0983235675373937
NC_000005.10:126825993:G:T	LMNB1	ENSG00000113368	CCSBVarC019027	CCSBORF2370	ENSP00000261366.5:p.Ala500Ser	1498G>T	CCSBORF4605	KPNA1	0.017040250512470906	1.6966858536051113
NC_000005.10:126777536:G:T	LMNB1	ENSG00000113368	CCSBVarC019601	CCSBORF2370	ENSP00000261366.5:p.Arg10Leu	29G>T	CCSBORF4605	KPNA1	-0.30998709592809326	1.6963484759737812
NC_000005.10:126804870:C:T	LMNB1	ENSG00000113368	CCSBVarC018999	CCSBORF2370	ENSP00000261366.5:p.Ala152Val	455C>T	CCSBORF4605	KPNA1	0.1964781121866007	1.6954123816316973
NC_000005.10:126777604:A:G	LMNB1	ENSG00000113368	CCSBVarC019603	CCSBORF2370	ENSP00000261366.5:p.Lys33Glu	97A>G	CCSBORF4605	KPNA1	-4.0295879290990895	1.9528463996250138
NC_000005.10:126822849:T:G	LMNB1	ENSG00000113368	CCSBVarC019024	CCSBORF2370	ENSP00000261366.5:p.Ser486Ala	1456T>G	CCSBORF55351	TP53BP2	NULL	NULL
NC_000005.10:126825993:G:T	LMNB1	ENSG00000113368	CCSBVarC019027	CCSBORF2370	ENSP00000261366.5:p.Ala500Ser	1498G>T	CCSBORF55351	TP53BP2	0.4171266313198016	0.3831196769878913
NC_000005.10:126777536:G:T	LMNB1	ENSG00000113368	CCSBVarC019601	CCSBORF2370	ENSP00000261366.5:p.Arg10Leu	29G>T	CCSBORF55351	TP53BP2	-7.85189679217558	0.9988555018785267
NC_000005.10:126804870:C:T	LMNB1	ENSG00000113368	CCSBVarC018999	CCSBORF2370	ENSP00000261366.5:p.Ala152Val	455C>T	CCSBORF55351	TP53BP2	0.9027646316172768	0.3804354125055808
NC_000005.10:126777604:A:G	LMNB1	ENSG00000113368	CCSBVarC019603	CCSBORF2370	ENSP00000261366.5:p.Lys33Glu	97A>G	CCSBORF55351	TP53BP2	NULL	NULL
NC_000005.10:126822849:T:G	LMNB1	ENSG00000113368	CCSBVarC019024	CCSBORF2370	ENSP00000261366.5:p.Ser486Ala	1456T>G	CCSBORF70243	CCDC88B	-0.49990852483042275	0.35093874308822476
NC_000005.10:126825993:G:T	LMNB1	ENSG00000113368	CCSBVarC019027	CCSBORF2370	ENSP00000261366.5:p.Ala500Ser	1498G>T	CCSBORF70243	CCDC88B	-0.6304917028531974	0.2799274673224833
NC_000005.10:126777536:G:T	LMNB1	ENSG00000113368	CCSBVarC019601	CCSBORF2370	ENSP00000261366.5:p.Arg10Leu	29G>T	CCSBORF70243	CCDC88B	-0.48008002883509876	0.16063754967350638
NC_000005.10:126804870:C:T	LMNB1	ENSG00000113368	CCSBVarC018999	CCSBORF2370	ENSP00000261366.5:p.Ala152Val	455C>T	CCSBORF70243	CCDC88B	-0.342494801440543	0.17882745523375138
NC_000005.10:126777604:A:G	LMNB1	ENSG00000113368	CCSBVarC019603	CCSBORF2370	ENSP00000261366.5:p.Lys33Glu	97A>G	CCSBORF70243	CCDC88B	0.1570535958057488	0.28513560785218195
NC_000005.10:126822849:T:G	LMNB1	ENSG00000113368	CCSBVarC019024	CCSBORF2370	ENSP00000261366.5:p.Ser486Ala	1456T>G	CCSBORF70264	PPP1R13B	NULL	NULL
NC_000005.10:126825993:G:T	LMNB1	ENSG00000113368	CCSBVarC019027	CCSBORF2370	ENSP00000261366.5:p.Ala500Ser	1498G>T	CCSBORF70264	PPP1R13B	-0.6159679666227195	0.5931792277489388
NC_000005.10:126777536:G:T	LMNB1	ENSG00000113368	CCSBVarC019601	CCSBORF2370	ENSP00000261366.5:p.Arg10Leu	29G>T	CCSBORF70264	PPP1R13B	-0.8637129980342657	0.5623960427157327
NC_000005.10:126804870:C:T	LMNB1	ENSG00000113368	CCSBVarC018999	CCSBORF2370	ENSP00000261366.5:p.Ala152Val	455C>T	CCSBORF70264	PPP1R13B	0.11842622347701734	0.5599181739001182
NC_000005.10:126777604:A:G	LMNB1	ENSG00000113368	CCSBVarC019603	CCSBORF2370	ENSP00000261366.5:p.Lys33Glu	97A>G	CCSBORF70264	PPP1R13B	NULL	NULL
NC_000019.10:48587245:G:A	SULT2B1	ENSG00000088002	CCSBVarC019952	CCSBORF2613	ENSP00000201586.2:p.Glu78Lys	232G>A	CCSBORF9241	FLACC1	-2.861063277848899	0.6612043927638348
NC_000019.10:48591630:C:T	SULT2B1	ENSG00000088002	CCSBVarC019961	CCSBORF2613	ENSP00000201586.2:p.Pro149Leu	446C>T	CCSBORF9241	FLACC1	-3.5725852305108985	0.6597723796539963
NC_000019.10:48596913:G:A	SULT2B1	ENSG00000088002	CCSBVarC019966	CCSBORF2613	ENSP00000201586.2:p.Arg274Gln	821G>A	CCSBORF9241	FLACC1	-0.24491540573398918	0.6483670998391429
NC_000019.10:48599211:C:G	SULT2B1	ENSG00000088002	CCSBVarC019968	CCSBORF2613	ENSP00000201586.2:p.Arg302Gly	904C>G	CCSBORF9241	FLACC1	-0.9908355375888753	0.6700219461941902
NC_000019.10:48599219:G:A	SULT2B1	ENSG00000088002	CCSBVarC019969	CCSBORF2613	ENSP00000201586.2:p.Met304Ile	912G>A	CCSBORF9241	FLACC1	-1.2287819159651288	0.6507394058364595
NC_000007.14:66092021:T:C	ASL	ENSG00000126522	CCSBVarC020221	CCSBORF2687	ENSP00000307188.9:p.Met360Thr	1079T>C	CCSBORF2687	ASL	0.5223821888034219	0.498112213537545
NC_000007.14:66092022:G:C	ASL	ENSG00000126522	CCSBVarC020225	CCSBORF2687	ENSP00000307188.9:p.Met360Ile	1080G>C	CCSBORF2687	ASL	-1.2344793926322564	0.5506915599402709
NC_000007.14:66092616:G:T	ASL	ENSG00000126522	CCSBVarC020244	CCSBORF2687	ENSP00000307188.9:p.Gly402Trp	1204G>T	CCSBORF2687	ASL	-4.95803213919221	0.5287373662057788
NC_000007.14:66092835:T:C	ASL	ENSG00000126522	CCSBVarC009617	CCSBORF2687	ENSP00000307188.9:p.Leu440Pro	1319T>C	CCSBORF2687	ASL	0.42289651763430847	0.5172351440616847
NC_000007.14:66092856:G:A	ASL	ENSG00000126522	CCSBVarC020248	CCSBORF2687	ENSP00000307188.9:p.Ser447Asn	1340G>A	CCSBORF2687	ASL	0.21870823592796879	0.4972761364917441
NC_000007.14:66092873:C:T	ASL	ENSG00000126522	CCSBVarC020254	CCSBORF2687	ENSP00000307188.9:p.Arg453Cys	1357C>T	CCSBORF2687	ASL	0.622617039570715	0.4978165106924789
NC_000007.14:66082440:G:A	ASL	ENSG00000126522	CCSBVarC020140	CCSBORF2687	ENSP00000307188.9:p.Arg94His	281G>A	CCSBORF2687	ASL	0.1684497648525228	0.4930949603731877
NC_000007.14:66082919:G:A	ASL	ENSG00000126522	CCSBVarC020143	CCSBORF2687	ENSP00000307188.9:p.Arg111Gln	332G>A	CCSBORF2687	ASL	-0.8977134516567447	0.5428078624062034
NC_000007.14:66086757:T:G	ASL	ENSG00000126522	CCSBVarC009683	CCSBORF2687	ENSP00000307188.9:p.Leu180Arg	539T>G	CCSBORF2687	ASL	-3.886474131880546	0.6295658360895431
NC_000007.14:66086789:C:T	ASL	ENSG00000126522	CCSBVarC020164	CCSBORF2687	ENSP00000307188.9:p.Arg191Trp	571C>T	CCSBORF2687	ASL	0.9326214930199657	0.4991109864657349
NC_000011.10:119088671:T:C	HMBS	ENSG00000256269	CCSBVarC020599	CCSBORF2803	ENSP00000498786.1:p.Leu42Ser	125T>C	CCSBORF100000407	PICK1	-5.393409060062703	0.555832496104159
NC_000011.10:119091431:G:C	HMBS	ENSG00000256269	CCSBVarC020666	CCSBORF2803	ENSP00000498786.1:p.Arg173Pro	518G>C	CCSBORF100000407	PICK1	0.6651630900372548	0.33955743244739567
NC_000011.10:119088284:C:T	HMBS	ENSG00000256269	CCSBVarC020573	CCSBORF2803	ENSP00000498786.1:p.Arg22Cys	64C>T	CCSBORF100000407	PICK1	-3.7275533533176826	0.4298640563407208
NC_000011.10:119092406:G:C	HMBS	ENSG00000256269	CCSBVarC020675	CCSBORF2803	ENSP00000498786.1:p.Ala219Pro	655G>C	CCSBORF100000407	PICK1	-1.7985022876597165	0.34146262252021437
NC_000011.10:119092487:C:T	HMBS	ENSG00000256269	CCSBVarC020694	CCSBORF2803	ENSP00000498786.1:p.Arg246Cys	736C>T	CCSBORF100000407	PICK1	-0.4117540087434463	0.35413793735988514
NC_000011.10:119092784:G:A	HMBS	ENSG00000256269	CCSBVarC019014	CCSBORF2803	ENSP00000498786.1:p.Val267Met	799G>A	CCSBORF100000407	PICK1	-3.0152302905296455	0.5274195909943392
NC_000020.11:10284735:G:C	SNAP25	ENSG00000132639	CCSBVarC019831	CCSBORF2998	ENSP00000307341.2:p.Gly43Arg	127G>C	CCSBORF9297	STX11	0.07416438303075305	1.4156975874868107
NC_000020.11:10275516:A:G	SNAP25	ENSG00000132639	CCSBVarC019819	CCSBORF2998	ENSP00000307341.2:p.Asn9Ser	26A>G	CCSBORF9297	STX11	-7.7385113842488265	1.9105216175749244
NC_000020.11:10296938:A:T	SNAP25	ENSG00000132639	CCSBVarC019841	CCSBORF2998	ENSP00000307341.2:p.Asp99Val	296A>T	CCSBORF9297	STX11	-1.522917609850582	1.4165587112439475
NC_000020.11:10297036:G:A	SNAP25	ENSG00000132639	CCSBVarC019844	CCSBORF2998	ENSP00000307341.2:p.Gly132Ser	394G>A	CCSBORF9297	STX11	-1.6710057951617583	1.4235447228939437
NC_000020.11:10299286:G:C	SNAP25	ENSG00000132639	CCSBVarC019847	CCSBORF2998	ENSP00000307341.2:p.Glu143Gln	427G>C	CCSBORF9297	STX11	-0.7091596422088723	1.4172903152385805
NC_000020.11:10299331:G:A	SNAP25	ENSG00000132639	CCSBVarC019850	CCSBORF2998	ENSP00000307341.2:p.Gly158Arg	472G>A	CCSBORF9297	STX11	-1.44497949499481	1.4160370775476265
NC_000020.11:10299356:A:G	SNAP25	ENSG00000132639	CCSBVarC019866	CCSBORF2998	ENSP00000307341.2:p.Asp166Gly	497A>G	CCSBORF9297	STX11	0.12069760257747122	1.4158223569279864
NC_000020.11:10299380:A:C	SNAP25	ENSG00000132639	CCSBVarC019869	CCSBORF2998	ENSP00000307341.2:p.Gln174Pro	521A>C	CCSBORF9297	STX11	-1.8349802020856765	1.4320638121656857
NC_000020.11:10306168:G:C	SNAP25	ENSG00000132639	CCSBVarC019878	CCSBORF2998	ENSP00000307341.2:p.Arg198Pro	593G>C	CCSBORF9297	STX11	-0.2173890555421105	1.4152435604985591
NC_000020.11:10306171:C:G	SNAP25	ENSG00000132639	CCSBVarC019883	CCSBORF2998	ENSP00000307341.2:p.Ala199Gly	596C>G	CCSBORF9297	STX11	-3.111173896313183	2.123436665302881
NC_000020.11:10277685:C:T	SNAP25	ENSG00000132639	CCSBVarC019822	CCSBORF2998	ENSP00000307341.2:p.Ser25Leu	74C>T	CCSBORF9297	STX11	-2.0354233908798336	1.4716515916695652
NC_000017.11:81510804:G:C	ACTG1	ENSG00000184009	CCSBVarC020191	CCSBORF3123	ENSP00000458435.1:p.Ser338Trp	1013C>G	CCSBORF5807	CAP2	1.4967256827798048	1.2057797706127718
NC_000017.11:81512236:G:A	ACTG1	ENSG00000184009	CCSBVarC020087	CCSBORF3123	ENSP00000458435.1:p.His40Tyr	118C>T	CCSBORF5807	CAP2	-7.227707492690047	1.6287200346857285
NC_000017.11:81512114:C:T	ACTG1	ENSG00000184009	CCSBVarC020093	CCSBORF3123	ENSP00000458435.1:p.Asp51Asn	151G>A	CCSBORF5807	CAP2	-1.5086461880128694	1.2085999771270592
NC_000017.11:81512059:T:C	ACTG1	ENSG00000184009	CCSBVarC020096	CCSBORF3123	ENSP00000458435.1:p.Tyr69Cys	206A>G	CCSBORF5807	CAP2	-5.751387910100524	2.178563271418505
NC_000017.11:81512056:G:A	ACTG1	ENSG00000184009	CCSBVarC020099	CCSBORF3123	ENSP00000458435.1:p.Pro70Leu	209C>T	CCSBORF5807	CAP2	-2.5073000292843224	1.451749878152237
NC_000017.11:81511988:C:T	ACTG1	ENSG00000184009	CCSBVarC020105	CCSBORF3123	ENSP00000458435.1:p.Glu93Lys	277G>A	CCSBORF5807	CAP2	-3.415695157511133	1.2214521152377225
NC_000017.11:81511911:C:A	ACTG1	ENSG00000184009	CCSBVarC020108	CCSBORF3123	ENSP00000458435.1:p.Lys118Asn	354G>T	CCSBORF5807	CAP2	-7.1200816163711576	2.376046099747504
NC_000017.11:81511559:C:T	ACTG1	ENSG00000184009	CCSBVarC020112	CCSBORF3123	ENSP00000458435.1:p.Ala144Thr	430G>A	CCSBORF5807	CAP2	-4.2181653006721485	1.584136749480339
NC_000017.11:81511530:C:T	ACTG1	ENSG00000184009	CCSBVarC020138	CCSBORF3123	ENSP00000458435.1:p.Met153Ile	459G>A	CCSBORF5807	CAP2	0.6796477311665917	1.20739767868825
NC_000017.11:81511381:G:A	ACTG1	ENSG00000184009	CCSBVarC020154	CCSBORF3123	ENSP00000458435.1:p.Thr203Met	608C>T	CCSBORF5807	CAP2	-4.18588482089891	1.2158855378220992
NC_000017.11:81511372:C:T	ACTG1	ENSG00000184009	CCSBVarC020158	CCSBORF3123	ENSP00000458435.1:p.Arg206Gln	617G>A	CCSBORF5807	CAP2	NULL	NULL
NC_000017.11:81511360:C:T	ACTG1	ENSG00000184009	CCSBVarC020161	CCSBORF3123	ENSP00000458435.1:p.Arg210His	629G>A	CCSBORF5807	CAP2	0.6629642461847023	1.2076100147828521
NC_000017.11:81511084:C:T	ACTG1	ENSG00000184009	CCSBVarC020173	CCSBORF3123	ENSP00000458435.1:p.Glu276Lys	826G>A	CCSBORF5807	CAP2	-0.2640677972133637	1.2331246536873508
NC_000017.11:81511062:A:G	ACTG1	ENSG00000184009	CCSBVarC020182	CCSBORF3123	ENSP00000458435.1:p.Met283Thr	848T>C	CCSBORF5807	CAP2	1.8740842648240423	1.2007244406732718
NC_000017.11:81512260:G:A	ACTG1	ENSG00000184009	CCSBVarC020084	CCSBORF3123	ENSP00000458435.1:p.Pro32Ser	94C>T	CCSBORF5807	CAP2	-5.145111816725779	1.2250350515596393
NC_000017.11:81510819:G:C	ACTG1	ENSG00000184009	CCSBVarC020185	CCSBORF3123	ENSP00000458435.1:p.Pro333Arg	998C>G	CCSBORF5807	CAP2	-4.233316631655054	1.2177470112058268
NC_000017.11:81510804:G:C	ACTG1	ENSG00000184009	CCSBVarC020191	CCSBORF3123	ENSP00000458435.1:p.Ser338Trp	1013C>G	CCSBORF6329	CFL2	-3.869304473081664	1.5955810608190522
NC_000017.11:81512236:G:A	ACTG1	ENSG00000184009	CCSBVarC020087	CCSBORF3123	ENSP00000458435.1:p.His40Tyr	118C>T	CCSBORF6329	CFL2	-0.523247795420502	1.553643701915459
NC_000017.11:81512114:C:T	ACTG1	ENSG00000184009	CCSBVarC020093	CCSBORF3123	ENSP00000458435.1:p.Asp51Asn	151G>A	CCSBORF6329	CFL2	-1.5449723002103801	1.5507871576824774
NC_000017.11:81512059:T:C	ACTG1	ENSG00000184009	CCSBVarC020096	CCSBORF3123	ENSP00000458435.1:p.Tyr69Cys	206A>G	CCSBORF6329	CFL2	0.03751959839747915	1.5557257297095082
NC_000017.11:81512056:G:A	ACTG1	ENSG00000184009	CCSBVarC020099	CCSBORF3123	ENSP00000458435.1:p.Pro70Leu	209C>T	CCSBORF6329	CFL2	-4.640172595832809	2.029905536453653
NC_000017.11:81511988:C:T	ACTG1	ENSG00000184009	CCSBVarC020105	CCSBORF3123	ENSP00000458435.1:p.Glu93Lys	277G>A	CCSBORF6329	CFL2	-3.8797851566906534	1.5643324837107655
NC_000017.11:81511911:C:A	ACTG1	ENSG00000184009	CCSBVarC020108	CCSBORF3123	ENSP00000458435.1:p.Lys118Asn	354G>T	CCSBORF6329	CFL2	1.0539964476570836	1.5545129260454371
NC_000017.11:81511559:C:T	ACTG1	ENSG00000184009	CCSBVarC020112	CCSBORF3123	ENSP00000458435.1:p.Ala144Thr	430G>A	CCSBORF6329	CFL2	-3.5834009190341543	5.019862376842036
NC_000017.11:81511530:C:T	ACTG1	ENSG00000184009	CCSBVarC020138	CCSBORF3123	ENSP00000458435.1:p.Met153Ile	459G>A	CCSBORF6329	CFL2	0.9428513831407613	1.5641787513938967
NC_000017.11:81511381:G:A	ACTG1	ENSG00000184009	CCSBVarC020154	CCSBORF3123	ENSP00000458435.1:p.Thr203Met	608C>T	CCSBORF6329	CFL2	0.4348641551257317	1.5428099904274077
NC_000017.11:81511372:C:T	ACTG1	ENSG00000184009	CCSBVarC020158	CCSBORF3123	ENSP00000458435.1:p.Arg206Gln	617G>A	CCSBORF6329	CFL2	-2.8726413921523086	1.5872184934970837
NC_000017.11:81511360:C:T	ACTG1	ENSG00000184009	CCSBVarC020161	CCSBORF3123	ENSP00000458435.1:p.Arg210His	629G>A	CCSBORF6329	CFL2	-2.0951702509675965	1.5660427183332042
NC_000017.11:81511084:C:T	ACTG1	ENSG00000184009	CCSBVarC020173	CCSBORF3123	ENSP00000458435.1:p.Glu276Lys	826G>A	CCSBORF6329	CFL2	-2.241310237318423	1.5871591520665167
NC_000017.11:81511062:A:G	ACTG1	ENSG00000184009	CCSBVarC020182	CCSBORF3123	ENSP00000458435.1:p.Met283Thr	848T>C	CCSBORF6329	CFL2	-0.7890954664843741	1.5432965797211775
NC_000017.11:81512260:G:A	ACTG1	ENSG00000184009	CCSBVarC020084	CCSBORF3123	ENSP00000458435.1:p.Pro32Ser	94C>T	CCSBORF6329	CFL2	-0.47805724255737947	1.5430612618927677
NC_000017.11:81510819:G:C	ACTG1	ENSG00000184009	CCSBVarC020185	CCSBORF3123	ENSP00000458435.1:p.Pro333Arg	998C>G	CCSBORF6329	CFL2	-0.4814686887019182	1.5425557205319838
NC_000023.11:153934381:G:T	NAA10	ENSG00000102030	CCSBVarC019229	CCSBORF3180	ENSP00000417763.1:p.Pro39Thr	115C>A	CCSBORF100011492	MKRN1	0.7144936538142468	0.28958751786205933
NC_000023.11:153932420:C:T	NAA10	ENSG00000102030	CCSBVarC019247	CCSBORF3180	ENSP00000417763.1:p.Arg79His	236G>A	CCSBORF100011492	MKRN1	0.21782659366534085	0.37671306155966555
NC_000023.11:153932409:G:A	NAA10	ENSG00000102030	CCSBVarC019250	CCSBORF3180	ENSP00000417763.1:p.Arg83Cys	247C>T	CCSBORF100011492	MKRN1	NULL	NULL
NC_000023.11:153934381:G:T	NAA10	ENSG00000102030	CCSBVarC019229	CCSBORF3180	ENSP00000417763.1:p.Pro39Thr	115C>A	CCSBORF10906	RAB3IP	0.19066360746105648	0.10634747961501596
NC_000023.11:153932420:C:T	NAA10	ENSG00000102030	CCSBVarC019247	CCSBORF3180	ENSP00000417763.1:p.Arg79His	236G>A	CCSBORF10906	RAB3IP	-0.0919204241571075	0.22705605836030116
NC_000023.11:153932409:G:A	NAA10	ENSG00000102030	CCSBVarC019250	CCSBORF3180	ENSP00000417763.1:p.Arg83Cys	247C>T	CCSBORF10906	RAB3IP	NULL	NULL
NC_000023.11:153934381:G:T	NAA10	ENSG00000102030	CCSBVarC019229	CCSBORF3180	ENSP00000417763.1:p.Pro39Thr	115C>A	CCSBORF11288	CREBRF	-0.5700354659034002	0.07269203425783416
NC_000023.11:153932420:C:T	NAA10	ENSG00000102030	CCSBVarC019247	CCSBORF3180	ENSP00000417763.1:p.Arg79His	236G>A	CCSBORF11288	CREBRF	0.09732507216976127	0.24052025165063837
NC_000023.11:153932409:G:A	NAA10	ENSG00000102030	CCSBVarC019250	CCSBORF3180	ENSP00000417763.1:p.Arg83Cys	247C>T	CCSBORF11288	CREBRF	-0.22921328178649586	0.3393339841399367
NC_000023.11:153934381:G:T	NAA10	ENSG00000102030	CCSBVarC019229	CCSBORF3180	ENSP00000417763.1:p.Pro39Thr	115C>A	CCSBORF14398	PDE4DIP	0.48366466180490547	0.10893782023922806
NC_000023.11:153932420:C:T	NAA10	ENSG00000102030	CCSBVarC019247	CCSBORF3180	ENSP00000417763.1:p.Arg79His	236G>A	CCSBORF14398	PDE4DIP	0.200511128242357	0.25865281921661737
NC_000023.11:153932409:G:A	NAA10	ENSG00000102030	CCSBVarC019250	CCSBORF3180	ENSP00000417763.1:p.Arg83Cys	247C>T	CCSBORF14398	PDE4DIP	-0.29361185118423233	0.36886727128916835
NC_000023.11:153934381:G:T	NAA10	ENSG00000102030	CCSBVarC019229	CCSBORF3180	ENSP00000417763.1:p.Pro39Thr	115C>A	CCSBORF1586	KIFAP3	-0.5381794318225841	0.04857856914569042
NC_000023.11:153932420:C:T	NAA10	ENSG00000102030	CCSBVarC019247	CCSBORF3180	ENSP00000417763.1:p.Arg79His	236G>A	CCSBORF1586	KIFAP3	-0.02862068892921792	0.20749109536938157
NC_000023.11:153932409:G:A	NAA10	ENSG00000102030	CCSBVarC019250	CCSBORF3180	ENSP00000417763.1:p.Arg83Cys	247C>T	CCSBORF1586	KIFAP3	NULL	NULL
NC_000023.11:153934381:G:T	NAA10	ENSG00000102030	CCSBVarC019229	CCSBORF3180	ENSP00000417763.1:p.Pro39Thr	115C>A	CCSBORF53025	ZBTB14	-0.5222883491233367	0.0797611042481184
NC_000023.11:153932420:C:T	NAA10	ENSG00000102030	CCSBVarC019247	CCSBORF3180	ENSP00000417763.1:p.Arg79His	236G>A	CCSBORF53025	ZBTB14	-0.04191572742418089	0.3253941112552501
NC_000023.11:153932409:G:A	NAA10	ENSG00000102030	CCSBVarC019250	CCSBORF3180	ENSP00000417763.1:p.Arg83Cys	247C>T	CCSBORF53025	ZBTB14	NULL	NULL
NC_000023.11:153934381:G:T	NAA10	ENSG00000102030	CCSBVarC019229	CCSBORF3180	ENSP00000417763.1:p.Pro39Thr	115C>A	CCSBORF6963	PLSCR3	-5.535899919626697	0.374908931819308
NC_000023.11:153932420:C:T	NAA10	ENSG00000102030	CCSBVarC019247	CCSBORF3180	ENSP00000417763.1:p.Arg79His	236G>A	CCSBORF6963	PLSCR3	-0.020009709006418235	0.41103688995127213
NC_000023.11:153932409:G:A	NAA10	ENSG00000102030	CCSBVarC019250	CCSBORF3180	ENSP00000417763.1:p.Arg83Cys	247C>T	CCSBORF6963	PLSCR3	NULL	NULL
NC_000023.11:153934381:G:T	NAA10	ENSG00000102030	CCSBVarC019229	CCSBORF3180	ENSP00000417763.1:p.Pro39Thr	115C>A	CCSBORF71646	ACOT12	1.1452559364946722	0.08722122051080497
NC_000023.11:153932420:C:T	NAA10	ENSG00000102030	CCSBVarC019247	CCSBORF3180	ENSP00000417763.1:p.Arg79His	236G>A	CCSBORF71646	ACOT12	0.048911974853112175	0.18154615073324032
NC_000023.11:153932409:G:A	NAA10	ENSG00000102030	CCSBVarC019250	CCSBORF3180	ENSP00000417763.1:p.Arg83Cys	247C>T	CCSBORF71646	ACOT12	-0.28376376897293326	0.2737887936562266
NC_000015.10:91005076:A:G	VPS33B	ENSG00000184056	CCSBVarC017393	CCSBORF329	ENSP00000327650.4:p.Ile383Thr	1148T>C	CCSBORF277	VIPAS39	-4.307364613195316	0.9897781112500726
NC_000015.10:90999736:A:C	VPS33B	ENSG00000184056	CCSBVarC017400	CCSBORF329	ENSP00000327650.4:p.Phe572Val	1714T>G	CCSBORF277	VIPAS39	-4.542980483859216	0.9786054778444682
NC_000015.10:90999724:A:G	VPS33B	ENSG00000184056	CCSBVarC017401	CCSBORF329	ENSP00000327650.4:p.Cys576Arg	1726T>C	CCSBORF277	VIPAS39	-5.099471771206442	1.0576213876112077
NC_000015.10:90999048:T:C	VPS33B	ENSG00000184056	CCSBVarC017402	CCSBORF329	ENSP00000327650.4:p.Arg594Gly	1780A>G	CCSBORF277	VIPAS39	-1.6152524851861652	0.9959768445730802
NC_000015.10:91009800:C:T	VPS33B	ENSG00000184056	CCSBVarC017365	CCSBORF329	ENSP00000327650.4:p.Asp135Asn	403G>A	CCSBORF277	VIPAS39	-0.9084246569523298	1.498898524177028
NC_000015.10:91005779:C:T	VPS33B	ENSG00000184056	CCSBVarC017390	CCSBORF329	ENSP00000327650.4:p.Arg315Gln	944G>A	CCSBORF277	VIPAS39	2.2211664656170376	0.9643352498530711
NC_000001.11:150343370:C:G	PRPF3	ENSG00000117360	CCSBVarC019630	CCSBORF3292	ENSP00000315379.6:p.Arg449Gly	1345C>G	CCSBORF100016009	ZRANB1	1.4499451078879233	0.5923912047856196
NC_000001.11:150344230:A:C	PRPF3	ENSG00000117360	CCSBVarC019635	CCSBORF3292	ENSP00000315379.6:p.His499Pro	1496A>C	CCSBORF100016009	ZRANB1	-0.07457348416580337	0.5928514062476349
NC_000001.11:150344238:G:C	PRPF3	ENSG00000117360	CCSBVarC019638	CCSBORF3292	ENSP00000315379.6:p.Ala502Pro	1504G>C	CCSBORF100016009	ZRANB1	0.10577949645973649	0.5894336194424301
NC_000001.11:150344438:A:C	PRPF3	ENSG00000117360	CCSBVarC019641	CCSBORF3292	ENSP00000315379.6:p.His511Pro	1532A>C	CCSBORF100016009	ZRANB1	NULL	NULL
NC_000001.11:150346054:A:G	PRPF3	ENSG00000117360	CCSBVarC019644	CCSBORF3292	ENSP00000315379.6:p.Ile560Val	1678A>G	CCSBORF100016009	ZRANB1	-0.1083853656989986	0.6069655880528542
NC_000001.11:150349159:A:T	PRPF3	ENSG00000117360	CCSBVarC019647	CCSBORF3292	ENSP00000315379.6:p.Asp616Val	1847A>T	CCSBORF100016009	ZRANB1	0.35874581588778526	0.5887333492486689
NC_000001.11:150349209:G:C	PRPF3	ENSG00000117360	CCSBVarC019650	CCSBORF3292	ENSP00000315379.6:p.Val633Leu	1897G>C	CCSBORF100016009	ZRANB1	-0.15163493512405757	0.598807774664798
NC_000001.11:150335181:A:G	PRPF3	ENSG00000117360	CCSBVarC019624	CCSBORF3292	ENSP00000315379.6:p.Thr326Ala	976A>G	CCSBORF100016009	ZRANB1	-0.10281940122869004	1.052321221079319
NC_000001.11:150343370:C:G	PRPF3	ENSG00000117360	CCSBVarC019630	CCSBORF3292	ENSP00000315379.6:p.Arg449Gly	1345C>G	CCSBORF12792	SHKBP1	-1.4813651320208456	0.3710150751366174
NC_000001.11:150344230:A:C	PRPF3	ENSG00000117360	CCSBVarC019635	CCSBORF3292	ENSP00000315379.6:p.His499Pro	1496A>C	CCSBORF12792	SHKBP1	-0.523121079603567	0.36213532725068237
NC_000001.11:150344238:G:C	PRPF3	ENSG00000117360	CCSBVarC019638	CCSBORF3292	ENSP00000315379.6:p.Ala502Pro	1504G>C	CCSBORF12792	SHKBP1	-0.608584775238352	0.35792653919977396
NC_000001.11:150344438:A:C	PRPF3	ENSG00000117360	CCSBVarC019641	CCSBORF3292	ENSP00000315379.6:p.His511Pro	1532A>C	CCSBORF12792	SHKBP1	-0.8902503759053174	0.447141022007946
NC_000001.11:150346054:A:G	PRPF3	ENSG00000117360	CCSBVarC019644	CCSBORF3292	ENSP00000315379.6:p.Ile560Val	1678A>G	CCSBORF12792	SHKBP1	-1.752047004838274	0.38778071534869435
NC_000001.11:150349159:A:T	PRPF3	ENSG00000117360	CCSBVarC019647	CCSBORF3292	ENSP00000315379.6:p.Asp616Val	1847A>T	CCSBORF12792	SHKBP1	-0.6843502026350384	0.3576877165514993
NC_000001.11:150349209:G:C	PRPF3	ENSG00000117360	CCSBVarC019650	CCSBORF3292	ENSP00000315379.6:p.Val633Leu	1897G>C	CCSBORF12792	SHKBP1	-0.9885604235302321	0.37077203949993703
NC_000001.11:150335181:A:G	PRPF3	ENSG00000117360	CCSBVarC019624	CCSBORF3292	ENSP00000315379.6:p.Thr326Ala	976A>G	CCSBORF12792	SHKBP1	-0.7404273980395488	0.5366846960254683
NC_000001.11:150343370:C:G	PRPF3	ENSG00000117360	CCSBVarC019630	CCSBORF3292	ENSP00000315379.6:p.Arg449Gly	1345C>G	CCSBORF1967	NINL	0.46224318890669824	1.7372714981361044
NC_000001.11:150344230:A:C	PRPF3	ENSG00000117360	CCSBVarC019635	CCSBORF3292	ENSP00000315379.6:p.His499Pro	1496A>C	CCSBORF1967	NINL	1.0100754971072394	1.736659719113335
NC_000001.11:150344238:G:C	PRPF3	ENSG00000117360	CCSBVarC019638	CCSBORF3292	ENSP00000315379.6:p.Ala502Pro	1504G>C	CCSBORF1967	NINL	-1.1246172444733007	2.116528407456986
NC_000001.11:150344438:A:C	PRPF3	ENSG00000117360	CCSBVarC019641	CCSBORF3292	ENSP00000315379.6:p.His511Pro	1532A>C	CCSBORF1967	NINL	-1.949388089276535	2.6372695107490487
NC_000001.11:150346054:A:G	PRPF3	ENSG00000117360	CCSBVarC019644	CCSBORF3292	ENSP00000315379.6:p.Ile560Val	1678A>G	CCSBORF1967	NINL	-4.590735152430553	4.090689740834167
NC_000001.11:150349159:A:T	PRPF3	ENSG00000117360	CCSBVarC019647	CCSBORF3292	ENSP00000315379.6:p.Asp616Val	1847A>T	CCSBORF1967	NINL	0.4702675700320883	1.736328833591773
NC_000001.11:150349209:G:C	PRPF3	ENSG00000117360	CCSBVarC019650	CCSBORF3292	ENSP00000315379.6:p.Val633Leu	1897G>C	CCSBORF1967	NINL	0.7478634569294902	1.7375955695643464
NC_000001.11:150335181:A:G	PRPF3	ENSG00000117360	CCSBVarC019624	CCSBORF3292	ENSP00000315379.6:p.Thr326Ala	976A>G	CCSBORF1967	NINL	1.526934863121769	1.7414939301010095
NC_000001.11:150343370:C:G	PRPF3	ENSG00000117360	CCSBVarC019630	CCSBORF3292	ENSP00000315379.6:p.Arg449Gly	1345C>G	CCSBORF52859	CCDC136	-0.9060482659848594	0.20415180133057212
NC_000001.11:150344230:A:C	PRPF3	ENSG00000117360	CCSBVarC019635	CCSBORF3292	ENSP00000315379.6:p.His499Pro	1496A>C	CCSBORF52859	CCDC136	-1.079915386823618	0.20293160137005853
NC_000001.11:150344238:G:C	PRPF3	ENSG00000117360	CCSBVarC019638	CCSBORF3292	ENSP00000315379.6:p.Ala502Pro	1504G>C	CCSBORF52859	CCDC136	-1.3964003166578445	0.22859939123301012
NC_000001.11:150344438:A:C	PRPF3	ENSG00000117360	CCSBVarC019641	CCSBORF3292	ENSP00000315379.6:p.His511Pro	1532A>C	CCSBORF52859	CCDC136	-0.9928450987353711	0.2509785482747954
NC_000001.11:150346054:A:G	PRPF3	ENSG00000117360	CCSBVarC019644	CCSBORF3292	ENSP00000315379.6:p.Ile560Val	1678A>G	CCSBORF52859	CCDC136	-1.3385423131430874	0.21435979613210926
NC_000001.11:150349159:A:T	PRPF3	ENSG00000117360	CCSBVarC019647	CCSBORF3292	ENSP00000315379.6:p.Asp616Val	1847A>T	CCSBORF52859	CCDC136	-0.9447508123318669	0.1986467592919252
NC_000001.11:150349209:G:C	PRPF3	ENSG00000117360	CCSBVarC019650	CCSBORF3292	ENSP00000315379.6:p.Val633Leu	1897G>C	CCSBORF52859	CCDC136	-1.2920198410799546	0.48861793324857583
NC_000001.11:150335181:A:G	PRPF3	ENSG00000117360	CCSBVarC019624	CCSBORF3292	ENSP00000315379.6:p.Thr326Ala	976A>G	CCSBORF52859	CCDC136	-1.8954749118159855	0.282850916573313
NC_000001.11:150343370:C:G	PRPF3	ENSG00000117360	CCSBVarC019630	CCSBORF3292	ENSP00000315379.6:p.Arg449Gly	1345C>G	CCSBORF56094	RNF151	-0.6347885959886566	0.22922744553662913
NC_000001.11:150344230:A:C	PRPF3	ENSG00000117360	CCSBVarC019635	CCSBORF3292	ENSP00000315379.6:p.His499Pro	1496A>C	CCSBORF56094	RNF151	-0.8230562387911906	0.175304588818235
NC_000001.11:150344238:G:C	PRPF3	ENSG00000117360	CCSBVarC019638	CCSBORF3292	ENSP00000315379.6:p.Ala502Pro	1504G>C	CCSBORF56094	RNF151	-0.7609894397413128	0.16980338808974027
NC_000001.11:150344438:A:C	PRPF3	ENSG00000117360	CCSBVarC019641	CCSBORF3292	ENSP00000315379.6:p.His511Pro	1532A>C	CCSBORF56094	RNF151	NULL	NULL
NC_000001.11:150346054:A:G	PRPF3	ENSG00000117360	CCSBVarC019644	CCSBORF3292	ENSP00000315379.6:p.Ile560Val	1678A>G	CCSBORF56094	RNF151	-0.2012301091503349	0.2767724185437055
NC_000001.11:150349159:A:T	PRPF3	ENSG00000117360	CCSBVarC019647	CCSBORF3292	ENSP00000315379.6:p.Asp616Val	1847A>T	CCSBORF56094	RNF151	-0.32732815796499554	0.16808568790782585
NC_000001.11:150349209:G:C	PRPF3	ENSG00000117360	CCSBVarC019650	CCSBORF3292	ENSP00000315379.6:p.Val633Leu	1897G>C	CCSBORF56094	RNF151	0.12476939414036288	0.26034889076741274
NC_000001.11:150335181:A:G	PRPF3	ENSG00000117360	CCSBVarC019624	CCSBORF3292	ENSP00000315379.6:p.Thr326Ala	976A>G	CCSBORF56094	RNF151	-0.021737845442213015	0.21758835600093637
NC_000017.11:40077519:G:T	THRA	ENSG00000126351	CCSBVarC020576	CCSBORF3411	ENSP00000264637.4:p.Ser45Ile	134G>T	CCSBORF100067220	PRKAR1B	-0.6906147309030004	0.7182326446746671
NC_000017.11:40084746:A:G	THRA	ENSG00000126351	CCSBVarC020584	CCSBORF3411	ENSP00000264637.4:p.Ile170Val	508A>G	CCSBORF100067220	PRKAR1B	-0.24529528917518267	0.6796267518487813
NC_000017.11:40084756:A:G	THRA	ENSG00000126351	CCSBVarC020586	CCSBORF3411	ENSP00000264637.4:p.Glu173Gly	518A>G	CCSBORF100067220	PRKAR1B	-4.207276823568446	0.7132103736500001
NC_000017.11:40088305:C:T	THRA	ENSG00000126351	CCSBVarC020590	CCSBORF3411	ENSP00000264637.4:p.Ala263Val	788C>T	CCSBORF100067220	PRKAR1B	-5.995101208340286	0.709739582709412
NC_000017.11:40088335:C:A	THRA	ENSG00000126351	CCSBVarC020593	CCSBORF3411	ENSP00000264637.4:p.Thr273Asn	818C>A	CCSBORF100067220	PRKAR1B	0.3287270580686346	0.6745252921108799
NC_000017.11:40088388:G:A	THRA	ENSG00000126351	CCSBVarC020600	CCSBORF3411	ENSP00000264637.4:p.Gly291Ser	871G>A	CCSBORF100067220	PRKAR1B	-0.5221420436630745	0.6756466840231403
NC_000017.11:40077519:G:T	THRA	ENSG00000126351	CCSBVarC020576	CCSBORF3411	ENSP00000264637.4:p.Ser45Ile	134G>T	CCSBORF10501	TACC1	-0.4252190608006307	0.5723461666381431
NC_000017.11:40084746:A:G	THRA	ENSG00000126351	CCSBVarC020584	CCSBORF3411	ENSP00000264637.4:p.Ile170Val	508A>G	CCSBORF10501	TACC1	0.8688446651752771	0.5671098129210114
NC_000017.11:40084756:A:G	THRA	ENSG00000126351	CCSBVarC020586	CCSBORF3411	ENSP00000264637.4:p.Glu173Gly	518A>G	CCSBORF10501	TACC1	-7.710725784164474	1.2919143851568122
NC_000017.11:40088305:C:T	THRA	ENSG00000126351	CCSBVarC020590	CCSBORF3411	ENSP00000264637.4:p.Ala263Val	788C>T	CCSBORF10501	TACC1	-7.7583547879530865	0.5942202638247749
NC_000017.11:40088335:C:A	THRA	ENSG00000126351	CCSBVarC020593	CCSBORF3411	ENSP00000264637.4:p.Thr273Asn	818C>A	CCSBORF10501	TACC1	-2.6732342424169073	0.565269123480503
NC_000017.11:40088388:G:A	THRA	ENSG00000126351	CCSBVarC020600	CCSBORF3411	ENSP00000264637.4:p.Gly291Ser	871G>A	CCSBORF10501	TACC1	-6.994332828112817	0.6105333195060189
NC_000017.11:40077519:G:T	THRA	ENSG00000126351	CCSBVarC020576	CCSBORF3411	ENSP00000264637.4:p.Ser45Ile	134G>T	CCSBORF1190	CEP76	-0.7345354730885506	0.44775713717089777
NC_000017.11:40084746:A:G	THRA	ENSG00000126351	CCSBVarC020584	CCSBORF3411	ENSP00000264637.4:p.Ile170Val	508A>G	CCSBORF1190	CEP76	0.384959143649176	0.4202429366655444
NC_000017.11:40084756:A:G	THRA	ENSG00000126351	CCSBVarC020586	CCSBORF3411	ENSP00000264637.4:p.Glu173Gly	518A>G	CCSBORF1190	CEP76	-4.680229748811389	0.5710266482893955
NC_000017.11:40088305:C:T	THRA	ENSG00000126351	CCSBVarC020590	CCSBORF3411	ENSP00000264637.4:p.Ala263Val	788C>T	CCSBORF1190	CEP76	-4.920900779552684	0.4561012327276833
NC_000017.11:40088335:C:A	THRA	ENSG00000126351	CCSBVarC020593	CCSBORF3411	ENSP00000264637.4:p.Thr273Asn	818C>A	CCSBORF1190	CEP76	2.044132563177435	0.4088945146522923
NC_000017.11:40088388:G:A	THRA	ENSG00000126351	CCSBVarC020600	CCSBORF3411	ENSP00000264637.4:p.Gly291Ser	871G>A	CCSBORF1190	CEP76	-0.12072189373879127	0.4119449207281001
NC_000017.11:40077519:G:T	THRA	ENSG00000126351	CCSBVarC020576	CCSBORF3411	ENSP00000264637.4:p.Ser45Ile	134G>T	CCSBORF2910	AMOTL2	0.013703513956069613	0.94498491214952
NC_000017.11:40084746:A:G	THRA	ENSG00000126351	CCSBVarC020584	CCSBORF3411	ENSP00000264637.4:p.Ile170Val	508A>G	CCSBORF2910	AMOTL2	-0.3738440432660938	0.5084823240885324
NC_000017.11:40084756:A:G	THRA	ENSG00000126351	CCSBVarC020586	CCSBORF3411	ENSP00000264637.4:p.Glu173Gly	518A>G	CCSBORF2910	AMOTL2	-5.23905655776818	0.6652226931802522
NC_000017.11:40088305:C:T	THRA	ENSG00000126351	CCSBVarC020590	CCSBORF3411	ENSP00000264637.4:p.Ala263Val	788C>T	CCSBORF2910	AMOTL2	-6.166384234360937	0.5240550360705852
NC_000017.11:40088335:C:A	THRA	ENSG00000126351	CCSBVarC020593	CCSBORF3411	ENSP00000264637.4:p.Thr273Asn	818C>A	CCSBORF2910	AMOTL2	0.575684151027717	0.5034999666944465
NC_000017.11:40088388:G:A	THRA	ENSG00000126351	CCSBVarC020600	CCSBORF3411	ENSP00000264637.4:p.Gly291Ser	871G>A	CCSBORF2910	AMOTL2	-0.19266906620422164	0.5039850705543966
NC_000017.11:40077519:G:T	THRA	ENSG00000126351	CCSBVarC020576	CCSBORF3411	ENSP00000264637.4:p.Ser45Ile	134G>T	CCSBORF7255	SYAP1	-1.3662438730114679	0.8453863418567181
NC_000017.11:40084746:A:G	THRA	ENSG00000126351	CCSBVarC020584	CCSBORF3411	ENSP00000264637.4:p.Ile170Val	508A>G	CCSBORF7255	SYAP1	-0.6887618270604277	0.8424730872741707
NC_000017.11:40084756:A:G	THRA	ENSG00000126351	CCSBVarC020586	CCSBORF3411	ENSP00000264637.4:p.Glu173Gly	518A>G	CCSBORF7255	SYAP1	-5.9283042832637936	0.8897260686108203
NC_000017.11:40088305:C:T	THRA	ENSG00000126351	CCSBVarC020590	CCSBORF3411	ENSP00000264637.4:p.Ala263Val	788C>T	CCSBORF7255	SYAP1	-7.064193554730516	1.0822550086458829
NC_000017.11:40088335:C:A	THRA	ENSG00000126351	CCSBVarC020593	CCSBORF3411	ENSP00000264637.4:p.Thr273Asn	818C>A	CCSBORF7255	SYAP1	0.027072554549952388	1.0207866542892643
NC_000017.11:40088388:G:A	THRA	ENSG00000126351	CCSBVarC020600	CCSBORF3411	ENSP00000264637.4:p.Gly291Ser	871G>A	CCSBORF7255	SYAP1	-0.5027932439547276	1.0492455217896972
NC_000003.12:49721834:C:T	GMPPB	ENSG00000173540	CCSBVarC020066	CCSBORF3449	ENSP00000311130.6:p.Asp334Asn	1000G>A	CCSBORF4519	GMPPA	-1.0693625522689247	0.4694144727933266
NC_000003.12:49721786:C:T	GMPPB	ENSG00000173540	CCSBVarC020100	CCSBORF3449	ENSP00000311130.6:p.Gly350Ser	1048G>A	CCSBORF4519	GMPPA	-0.23420423993218933	0.3631119330581239
NC_000003.12:49722997:G:C	GMPPB	ENSG00000173540	CCSBVarC020008	CCSBORF3449	ENSP00000311130.6:p.His126Asp	376C>G	CCSBORF4519	GMPPA	-0.17002709298725396	0.36010227451172294
NC_000003.12:49722650:T:C	GMPPB	ENSG00000173540	CCSBVarC020027	CCSBORF3449	ENSP00000311130.6:p.Asn169Ser	506A>G	CCSBORF4519	GMPPA	-0.2065589344011239	0.5105214688632842
NC_000003.12:49722342:A:G	GMPPB	ENSG00000173540	CCSBVarC020037	CCSBORF3449	ENSP00000311130.6:p.Ile219Thr	656T>C	CCSBORF4519	GMPPA	-1.0976247454366437	0.37576357326741683
NC_000003.12:49723661:G:A	GMPPB	ENSG00000173540	CCSBVarC019998	CCSBORF3449	ENSP00000311130.6:p.Pro22Leu	65C>T	CCSBORF4519	GMPPA	-1.3150957211500152	0.3600354337355465
NC_000003.12:49722271:G:A	GMPPB	ENSG00000173540	CCSBVarC020038	CCSBORF3449	ENSP00000311130.6:p.Arg243Trp	727C>T	CCSBORF4519	GMPPA	-0.12482356741762074	0.35297129824162066
NC_000003.12:49722134:G:A	GMPPB	ENSG00000173540	CCSBVarC020047	CCSBORF3449	ENSP00000311130.6:p.Arg261Cys	781C>T	CCSBORF4519	GMPPA	-0.2587907087026158	0.35340118742261295
NC_000003.12:49722112:A:G	GMPPB	ENSG00000173540	CCSBVarC020050	CCSBORF3449	ENSP00000311130.6:p.Ile268Thr	803T>C	CCSBORF4519	GMPPA	-2.5478346031587003	0.4471975553546981
NC_000003.12:49722053:G:A	GMPPB	ENSG00000173540	CCSBVarC020060	CCSBORF3449	ENSP00000311130.6:p.Arg288Trp	862C>T	CCSBORF4519	GMPPA	-0.08466900157580845	0.3954475309058208
NC_000003.12:49721984:G:A	GMPPB	ENSG00000173540	CCSBVarC020061	CCSBORF3449	ENSP00000311130.6:p.Arg311Cys	931C>T	CCSBORF4519	GMPPA	-0.5542086243667509	0.6321708577349328
NC_000003.12:49721881:A:G	GMPPB	ENSG00000173540	CCSBVarC020063	CCSBORF3449	ENSP00000311130.6:p.Val318Ala	953T>C	CCSBORF4519	GMPPA	-1.112744931234946	0.3780533775197475
NC_000003.12:49721846:C:T	GMPPB	ENSG00000173540	CCSBVarC020065	CCSBORF3449	ENSP00000311130.6:p.Val330Ile	988G>A	CCSBORF4519	GMPPA	-0.6282639455229098	0.36416167693231194
NC_000019.10:46608583:A:C	CALM3	ENSG00000160014	CCSBVarC020295	CCSBORF3484	ENSP00000291295.8:p.Asp94Ala	281A>C	CCSBORF10585	TBC1D1	0.9916831498235221	1.0125409909084646
NC_000019.10:46608948:A:G	CALM3	ENSG00000160014	CCSBVarC020299	CCSBORF3484	ENSP00000291295.8:p.Asp130Gly	389A>G	CCSBORF10585	TBC1D1	-5.956618442491979	1.31214735683473
NC_000019.10:46608949:C:G	CALM3	ENSG00000160014	CCSBVarC020302	CCSBORF3484	ENSP00000291295.8:p.Asp130Glu	390C>G	CCSBORF10585	TBC1D1	-6.812596559773471	1.0649556186690081
NC_000019.10:46608955:T:A	CALM3	ENSG00000160014	CCSBVarC020308	CCSBORF3484	ENSP00000291295.8:p.Asp132Glu	396T>A	CCSBORF10585	TBC1D1	-1.785275703945706	1.0199849138660786
NC_000019.10:46608980:G:A	CALM3	ENSG00000160014	CCSBVarC020310	CCSBORF3484	ENSP00000291295.8:p.Glu141Lys	421G>A	CCSBORF10585	TBC1D1	-6.640163731653388	1.0419085857316728
NC_000019.10:46609124:A:G	CALM3	ENSG00000160014	CCSBVarC020312	CCSBORF3484	ENSP00000291295.8:p.Glu141Gly	422A>G	CCSBORF10585	TBC1D1	-0.9659598181137385	1.0253120490197332
NC_000019.10:46608583:A:C	CALM3	ENSG00000160014	CCSBVarC020295	CCSBORF3484	ENSP00000291295.8:p.Asp94Ala	281A>C	CCSBORF14968	IQCE	-0.439610226295168	1.0233097364735537
NC_000019.10:46608948:A:G	CALM3	ENSG00000160014	CCSBVarC020299	CCSBORF3484	ENSP00000291295.8:p.Asp130Gly	389A>G	CCSBORF14968	IQCE	0.25161642535179596	1.0272184568592424
NC_000019.10:46608949:C:G	CALM3	ENSG00000160014	CCSBVarC020302	CCSBORF3484	ENSP00000291295.8:p.Asp130Glu	390C>G	CCSBORF14968	IQCE	-0.6276016665085923	1.0243228396950987
NC_000019.10:46608955:T:A	CALM3	ENSG00000160014	CCSBVarC020308	CCSBORF3484	ENSP00000291295.8:p.Asp132Glu	396T>A	CCSBORF14968	IQCE	0.2874525904086504	1.0262221268582599
NC_000019.10:46608980:G:A	CALM3	ENSG00000160014	CCSBVarC020310	CCSBORF3484	ENSP00000291295.8:p.Glu141Lys	421G>A	CCSBORF14968	IQCE	0.3414731321852472	1.0237063947932235
NC_000019.10:46609124:A:G	CALM3	ENSG00000160014	CCSBVarC020312	CCSBORF3484	ENSP00000291295.8:p.Glu141Gly	422A>G	CCSBORF14968	IQCE	0.10334172523248458	1.0292016828921375
NC_000019.10:46608583:A:C	CALM3	ENSG00000160014	CCSBVarC020295	CCSBORF3484	ENSP00000291295.8:p.Asp94Ala	281A>C	CCSBORF2162	C11orf65	-1.7332364029381162	0.60645072235936
NC_000019.10:46608948:A:G	CALM3	ENSG00000160014	CCSBVarC020299	CCSBORF3484	ENSP00000291295.8:p.Asp130Gly	389A>G	CCSBORF2162	C11orf65	1.1051464318030728	0.6100560619758979
NC_000019.10:46608949:C:G	CALM3	ENSG00000160014	CCSBVarC020302	CCSBORF3484	ENSP00000291295.8:p.Asp130Glu	390C>G	CCSBORF2162	C11orf65	-0.4180562364143946	0.6076393323024021
NC_000019.10:46608955:T:A	CALM3	ENSG00000160014	CCSBVarC020308	CCSBORF3484	ENSP00000291295.8:p.Asp132Glu	396T>A	CCSBORF2162	C11orf65	0.8937611519686505	0.6100507936049147
NC_000019.10:46608980:G:A	CALM3	ENSG00000160014	CCSBVarC020310	CCSBORF3484	ENSP00000291295.8:p.Glu141Lys	421G>A	CCSBORF2162	C11orf65	1.0857543479382208	0.6067126614704701
NC_000019.10:46609124:A:G	CALM3	ENSG00000160014	CCSBVarC020312	CCSBORF3484	ENSP00000291295.8:p.Glu141Gly	422A>G	CCSBORF2162	C11orf65	0.0009224119284526044	0.7720697079904331
NC_000005.10:75385951:T:C	CERT1	ENSG00000113163	CCSBVarC020332	CCSBORF3533	ENSP00000495446.1:p.His430Arg	1289A>G	CCSBORF10658	STX2	0.47608967573609795	0.7320388402193525
NC_000005.10:75384664:T:C	CERT1	ENSG00000113163	CCSBVarC020347	CCSBORF3533	ENSP00000495446.1:p.Ile463Val	1387A>G	CCSBORF10658	STX2	0.6136740736638644	0.7366616969252138
NC_000005.10:75381949:G:A	CERT1	ENSG00000113163	CCSBVarC020350	CCSBORF3533	ENSP00000495446.1:p.Pro513Leu	1538C>T	CCSBORF10658	STX2	-4.011592234421881	0.8111617230601651
NC_000005.10:75426431:G:A	CERT1	ENSG00000113163	CCSBVarC020318	CCSBORF3533	ENSP00000495446.1:p.Ser132Leu	395C>T	CCSBORF10658	STX2	-1.9684475950344873	0.760514477746131
NC_000005.10:75426422:G:A	CERT1	ENSG00000113163	CCSBVarC020320	CCSBORF3533	ENSP00000495446.1:p.Ser135Phe	404C>T	CCSBORF10658	STX2	-1.7331537831011474	0.8302785987901574
NC_000005.10:75426413:G:A	CERT1	ENSG00000113163	CCSBVarC020322	CCSBORF3533	ENSP00000495446.1:p.Ser138Phe	413C>T	CCSBORF10658	STX2	-1.0507836778461228	0.8721734379149546
NC_000005.10:75425459:T:C	CERT1	ENSG00000113163	CCSBVarC020328	CCSBORF3533	ENSP00000495446.1:p.Thr166Ala	496A>G	CCSBORF10658	STX2	0.20343506878274173	0.7277312793091344
NC_000005.10:75416984:C:G	CERT1	ENSG00000113163	CCSBVarC020330	CCSBORF3533	ENSP00000495446.1:p.Gly243Ala	728G>C	CCSBORF10658	STX2	0.018315178956958444	0.8276369375263585
NC_000005.10:75385951:T:C	CERT1	ENSG00000113163	CCSBVarC020332	CCSBORF3533	ENSP00000495446.1:p.His430Arg	1289A>G	CCSBORF2374	ARL6IP1	-0.13768168820896676	0.44992867914053414
NC_000005.10:75384664:T:C	CERT1	ENSG00000113163	CCSBVarC020347	CCSBORF3533	ENSP00000495446.1:p.Ile463Val	1387A>G	CCSBORF2374	ARL6IP1	0.184221303029668	0.46695282371653973
NC_000005.10:75381949:G:A	CERT1	ENSG00000113163	CCSBVarC020350	CCSBORF3533	ENSP00000495446.1:p.Pro513Leu	1538C>T	CCSBORF2374	ARL6IP1	-1.6551171366625224	0.45895064515460965
NC_000005.10:75426431:G:A	CERT1	ENSG00000113163	CCSBVarC020318	CCSBORF3533	ENSP00000495446.1:p.Ser132Leu	395C>T	CCSBORF2374	ARL6IP1	-1.0989989443749824	0.46342215598214787
NC_000005.10:75426422:G:A	CERT1	ENSG00000113163	CCSBVarC020320	CCSBORF3533	ENSP00000495446.1:p.Ser135Phe	404C>T	CCSBORF2374	ARL6IP1	-1.0383908532820987	0.5940613161763566
NC_000005.10:75426413:G:A	CERT1	ENSG00000113163	CCSBVarC020322	CCSBORF3533	ENSP00000495446.1:p.Ser138Phe	413C>T	CCSBORF2374	ARL6IP1	-1.139624234786085	0.49073497709420344
NC_000005.10:75425459:T:C	CERT1	ENSG00000113163	CCSBVarC020328	CCSBORF3533	ENSP00000495446.1:p.Thr166Ala	496A>G	CCSBORF2374	ARL6IP1	-0.20411208328514713	0.4464736750714009
NC_000005.10:75416984:C:G	CERT1	ENSG00000113163	CCSBVarC020330	CCSBORF3533	ENSP00000495446.1:p.Gly243Ala	728G>C	CCSBORF2374	ARL6IP1	-0.2289239036235804	0.47064038130303326
NC_000005.10:179823985:G:A	SQSTM1	ENSG00000161011	CCSBVarC020990	CCSBORF3668	ENSP00000353944.5:p.Val60Ile	178G>A	CCSBORF244	KEAP1	0.3921389739073199	0.32937862987059274
NC_000005.10:179824196:C:T	SQSTM1	ENSG00000161011	CCSBVarC020995	CCSBORF3668	ENSP00000353944.5:p.Arg99Cys	295C>T	CCSBORF244	KEAP1	0.7468767245206255	0.3304699403616148
NC_000005.10:179824197:G:A	SQSTM1	ENSG00000161011	CCSBVarC020998	CCSBORF3668	ENSP00000353944.5:p.Arg99His	296G>A	CCSBORF244	KEAP1	0.7153550612063838	0.3271918965509751
NC_000005.10:179825145:C:T	SQSTM1	ENSG00000161011	CCSBVarC021002	CCSBORF3668	ENSP00000353944.5:p.Ala141Val	422C>T	CCSBORF244	KEAP1	-1.1012671831502407	0.32969925499016706
NC_000005.10:179825205:C:T	SQSTM1	ENSG00000161011	CCSBVarC021008	CCSBORF3668	ENSP00000353944.5:p.Ala161Val	482C>T	CCSBORF244	KEAP1	-1.0695174752404242	0.33937588733004953
NC_000005.10:179833184:C:T	SQSTM1	ENSG00000161011	CCSBVarC021018	CCSBORF3668	ENSP00000353944.5:p.Ala219Val	656C>T	CCSBORF244	KEAP1	0.33596429758349033	0.3310265549190537
NC_000005.10:179833231:G:A	SQSTM1	ENSG00000161011	CCSBVarC021020	CCSBORF3668	ENSP00000353944.5:p.Glu235Lys	703G>A	CCSBORF244	KEAP1	-0.44913548464437925	0.3354651821083471
NC_000005.10:179833724:T:C	SQSTM1	ENSG00000161011	CCSBVarC021032	CCSBORF3668	ENSP00000353944.5:p.Ser286Pro	856T>C	CCSBORF244	KEAP1	-0.44060509618125926	0.35825579262485097
NC_000005.10:179836479:A:G	SQSTM1	ENSG00000161011	CCSBVarC021059	CCSBORF3668	ENSP00000353944.5:p.Met320Val	958A>G	CCSBORF244	KEAP1	-4.816067856582215	0.5802328012522439
NC_000007.14:44147737:C:A	GCK	ENSG00000106633	CCSBVarC021172	CCSBORF3689	ENSP00000384247.3:p.Ala259Ser	775G>T	CCSBORF70835	SPDYE4	1.6419030504533776	0.42235583872623556
NC_000007.14:44147677:C:G	GCK	ENSG00000106633	CCSBVarC021196	CCSBORF3689	ENSP00000384247.3:p.Glu279Gln	835G>C	CCSBORF70835	SPDYE4	0.04036085533792434	0.4283927892078528
NC_000007.14:44146598:C:T	GCK	ENSG00000106633	CCSBVarC021199	CCSBORF3689	ENSP00000384247.3:p.Gly295Ser	883G>A	CCSBORF70835	SPDYE4	-4.728261422291024	0.5211967223081084
NC_000007.14:44146564:A:T	GCK	ENSG00000106633	CCSBVarC021202	CCSBORF3689	ENSP00000384247.3:p.Leu306Gln	917T>A	CCSBORF70835	SPDYE4	-0.1560310777998754	0.6281575007743923
NC_000007.14:44146529:C:T	GCK	ENSG00000106633	CCSBVarC021206	CCSBORF3689	ENSP00000384247.3:p.Gly318Arg	952G>A	CCSBORF70835	SPDYE4	0.09542889037707988	0.42476803630890525
NC_000016.10:28843146:T:C	TUFM	ENSG00000178952	CCSBVarC021335	CCSBORF3693	ENSP00000322439.3:p.Glu399Gly	1196A>G	CCSBORF14887	HMBOX1	0.10199539547371919	0.38412509199815953
NC_000016.10:28846249:G:A	TUFM	ENSG00000178952	CCSBVarC021300	CCSBORF3693	ENSP00000322439.3:p.Ala7Val	20C>T	CCSBORF14887	HMBOX1	-1.6882840544443476	0.42878176167811105
NC_000016.10:28844475:C:T	TUFM	ENSG00000178952	CCSBVarC021328	CCSBORF3693	ENSP00000322439.3:p.Ala254Thr	760G>A	CCSBORF14887	HMBOX1	0.2703784570786777	0.3831134379304258
NC_000016.10:28844034:C:G	TUFM	ENSG00000178952	CCSBVarC021331	CCSBORF3693	ENSP00000322439.3:p.Arg330Pro	989G>C	CCSBORF14887	HMBOX1	0.21159206587506493	0.38374328240812206
NC_000016.10:28843146:T:C	TUFM	ENSG00000178952	CCSBVarC021335	CCSBORF3693	ENSP00000322439.3:p.Glu399Gly	1196A>G	CCSBORF869	CMTM5	-0.2336882564881541	0.17532642430812903
NC_000016.10:28846249:G:A	TUFM	ENSG00000178952	CCSBVarC021300	CCSBORF3693	ENSP00000322439.3:p.Ala7Val	20C>T	CCSBORF869	CMTM5	-1.507939039240217	0.20743583990244277
NC_000016.10:28844475:C:T	TUFM	ENSG00000178952	CCSBVarC021328	CCSBORF3693	ENSP00000322439.3:p.Ala254Thr	760G>A	CCSBORF869	CMTM5	-0.052551229921145325	0.1736673176893784
NC_000016.10:28844034:C:G	TUFM	ENSG00000178952	CCSBVarC021331	CCSBORF3693	ENSP00000322439.3:p.Arg330Pro	989G>C	CCSBORF869	CMTM5	0.17353695758378185	0.17362068101959247
NC_000023.11:107639364:G:A	PRPS1	ENSG00000147224	CCSBVarC020495	CCSBORF3731	ENSP00000361512.4:p.Asp65Asn	193G>A	CCSBORF2821	PRPSAP1	-0.9819539515310537	1.7038948693202391
NC_000023.11:107639421:C:T	PRPS1	ENSG00000147224	CCSBVarC020497	CCSBORF3731	ENSP00000361512.4:p.Arg84Trp	250C>T	CCSBORF2821	PRPSAP1	-0.9699985402906699	1.6975772156550215
NC_000023.11:107640913:A:G	PRPS1	ENSG00000147224	CCSBVarC020500	CCSBORF3731	ENSP00000361512.4:p.Ile107Val	319A>G	CCSBORF2821	PRPSAP1	-2.039547656712532	1.7005858670472642
NC_000023.11:107640977:A:T	PRPS1	ENSG00000147224	CCSBVarC020516	CCSBORF3731	ENSP00000361512.4:p.Asp128Val	383A>T	CCSBORF2821	PRPSAP1	-4.1215862480572705	1.844922937289767
NC_000023.11:107642383:G:C	PRPS1	ENSG00000147224	CCSBVarC020524	CCSBORF3731	ENSP00000361512.4:p.Val142Leu	424G>C	CCSBORF2821	PRPSAP1	-1.1688822528310308	1.6953347186162409
NC_000023.11:107628673:T:C	PRPS1	ENSG00000147224	CCSBVarC020483	CCSBORF3731	ENSP00000361512.4:p.Ser16Pro	46T>C	CCSBORF2821	PRPSAP1	-0.7296920724909238	1.6954948669249417
NC_000023.11:107628674:C:T	PRPS1	ENSG00000147224	CCSBVarC020486	CCSBORF3731	ENSP00000361512.4:p.Ser16Phe	47C>T	CCSBORF2821	PRPSAP1	-1.293784059793562	1.6964219002118779
NC_000023.11:107645231:C:T	PRPS1	ENSG00000147224	CCSBVarC020536	CCSBORF3731	ENSP00000361512.4:p.Arg196Trp	586C>T	CCSBORF2821	PRPSAP1	-0.36126351562483017	1.6956709571209907
NC_000023.11:107645285:C:T	PRPS1	ENSG00000147224	CCSBVarC020541	CCSBORF3731	ENSP00000361512.4:p.Arg214Trp	640C>T	CCSBORF2821	PRPSAP1	-3.0647505440170333	1.715056561977457
NC_000023.11:107645286:G:C	PRPS1	ENSG00000147224	CCSBVarC020543	CCSBORF3731	ENSP00000361512.4:p.Arg214Pro	641G>C	CCSBORF2821	PRPSAP1	-4.201538664806123	1.7875836042166782
NC_000023.11:107647727:C:T	PRPS1	ENSG00000147224	CCSBVarC020547	CCSBORF3731	ENSP00000361512.4:p.Pro276Leu	827C>T	CCSBORF2821	PRPSAP1	-0.118996039648127	1.6953287156259669
NC_000023.11:107649990:G:A	PRPS1	ENSG00000147224	CCSBVarC020556	CCSBORF3731	ENSP00000361512.4:p.Gly306Arg	916G>A	CCSBORF2821	PRPSAP1	-2.965708843174894	1.7044681668958162
NC_000023.11:107639364:G:A	PRPS1	ENSG00000147224	CCSBVarC020495	CCSBORF3731	ENSP00000361512.4:p.Asp65Asn	193G>A	CCSBORF3731	PRPS1	-0.25771638170447964	0.4146210376830709
NC_000023.11:107639421:C:T	PRPS1	ENSG00000147224	CCSBVarC020497	CCSBORF3731	ENSP00000361512.4:p.Arg84Trp	250C>T	CCSBORF3731	PRPS1	-1.384736006907563	0.33515745621304704
NC_000023.11:107640913:A:G	PRPS1	ENSG00000147224	CCSBVarC020500	CCSBORF3731	ENSP00000361512.4:p.Ile107Val	319A>G	CCSBORF3731	PRPS1	-0.3654037452716942	0.2906287873992662
NC_000023.11:107640977:A:T	PRPS1	ENSG00000147224	CCSBVarC020516	CCSBORF3731	ENSP00000361512.4:p.Asp128Val	383A>T	CCSBORF3731	PRPS1	-1.7475265337944816	0.31214282909805985
NC_000023.11:107642383:G:C	PRPS1	ENSG00000147224	CCSBVarC020524	CCSBORF3731	ENSP00000361512.4:p.Val142Leu	424G>C	CCSBORF3731	PRPS1	-0.9569841172903244	0.2875452467807733
NC_000023.11:107628673:T:C	PRPS1	ENSG00000147224	CCSBVarC020483	CCSBORF3731	ENSP00000361512.4:p.Ser16Pro	46T>C	CCSBORF3731	PRPS1	-1.9941430199389911	0.2933402388731581
NC_000023.11:107628674:C:T	PRPS1	ENSG00000147224	CCSBVarC020486	CCSBORF3731	ENSP00000361512.4:p.Ser16Phe	47C>T	CCSBORF3731	PRPS1	-2.0449277227012264	0.29014673423556786
NC_000023.11:107645231:C:T	PRPS1	ENSG00000147224	CCSBVarC020536	CCSBORF3731	ENSP00000361512.4:p.Arg196Trp	586C>T	CCSBORF3731	PRPS1	0.062082599400173424	0.289744410951374
NC_000023.11:107645285:C:T	PRPS1	ENSG00000147224	CCSBVarC020541	CCSBORF3731	ENSP00000361512.4:p.Arg214Trp	640C>T	CCSBORF3731	PRPS1	-3.168062415874665	0.548974629927607
NC_000023.11:107645286:G:C	PRPS1	ENSG00000147224	CCSBVarC020543	CCSBORF3731	ENSP00000361512.4:p.Arg214Pro	641G>C	CCSBORF3731	PRPS1	-5.418030000896307	0.5583757336483726
NC_000023.11:107647727:C:T	PRPS1	ENSG00000147224	CCSBVarC020547	CCSBORF3731	ENSP00000361512.4:p.Pro276Leu	827C>T	CCSBORF3731	PRPS1	-1.1052431792061976	0.2890988190637004
NC_000023.11:107649990:G:A	PRPS1	ENSG00000147224	CCSBVarC020556	CCSBORF3731	ENSP00000361512.4:p.Gly306Arg	916G>A	CCSBORF3731	PRPS1	-1.5831141643601296	0.41170936650536216
NC_000001.11:45013159:A:G	UROD	ENSG00000126088	CCSBVarC020564	CCSBORF3732	ENSP00000246337.4:p.Gln53Arg	158A>G	CCSBORF100010020	PHKA2	0.4036815430072881	0.48180785147297656
NC_000001.11:45013315:G:T	UROD	ENSG00000126088	CCSBVarC020567	CCSBORF3732	ENSP00000246337.4:p.Ala80Ser	238G>T	CCSBORF100010020	PHKA2	-1.4228903325443416	0.34521798853963565
NC_000001.11:45013681:G:A	UROD	ENSG00000126088	CCSBVarC020571	CCSBORF3732	ENSP00000246337.4:p.Arg122Gln	365G>A	CCSBORF100010020	PHKA2	-0.09202685635904606	0.49716370403062005
NC_000001.11:45014016:C:T	UROD	ENSG00000126088	CCSBVarC020581	CCSBORF3732	ENSP00000246337.4:p.Leu195Phe	583C>T	CCSBORF100010020	PHKA2	-5.4331865448026395	0.48783396875021195
NC_000001.11:45014504:C:T	UROD	ENSG00000126088	CCSBVarC020582	CCSBORF3732	ENSP00000246337.4:p.Pro235Ser	703C>T	CCSBORF100010020	PHKA2	-0.4737343694853805	0.4684024578576715
NC_000001.11:45014547:G:A	UROD	ENSG00000126088	CCSBVarC020583	CCSBORF3732	ENSP00000246337.4:p.Arg249Gln	746G>A	CCSBORF100010020	PHKA2	-0.5860669356538706	0.3461983980160585
NC_000001.11:45014559:T:A	UROD	ENSG00000126088	CCSBVarC020585	CCSBORF3732	ENSP00000246337.4:p.Leu253Gln	758T>A	CCSBORF100010020	PHKA2	-0.15902155622734315	0.34715903526800274
NC_000001.11:45014834:C:G	UROD	ENSG00000126088	CCSBVarC020587	CCSBORF3732	ENSP00000246337.4:p.Arg292Gly	874C>G	CCSBORF100010020	PHKA2	-7.0973093140192365	0.9281269421221103
NC_000009.12:90874691:C:A	SYK	ENSG00000165025	CCSBVarC020594	CCSBORF3739	ENSP00000364907.4:p.Pro342Thr	1024C>A	CCSBORF14495	USP25	-9.187717317880756	0.6449478783333705
NC_000009.12:90844051:G:T	SYK	ENSG00000165025	CCSBVarC020589	CCSBORF3739	ENSP00000364907.4:p.Ala52Ser	154G>T	CCSBORF14495	USP25	-0.5576332098316785	0.6889131467860525
NC_000009.12:90864654:A:C	SYK	ENSG00000165025	CCSBVarC020591	CCSBORF3739	ENSP00000364907.4:p.Ile262Leu	784A>C	CCSBORF14495	USP25	-0.041296588095641296	0.5800780524875583
NC_000006.12:36855994:T:C	PPIL1	ENSG00000137168	CCSBVarC020718	CCSBORF3755	ENSP00000362803.5:p.Thr107Ala	319A>G	CCSBORF100068264	COL17A1	-1.8602144501043392	0.3037722159765851
NC_000006.12:36855988:C:A	PPIL1	ENSG00000137168	CCSBVarC020719	CCSBORF3755	ENSP00000362803.5:p.Gly109Cys	325G>T	CCSBORF100068264	COL17A1	0.2825164677018698	0.22672280418843757
NC_000006.12:36855921:C:T	PPIL1	ENSG00000137168	CCSBVarC020720	CCSBORF3755	ENSP00000362803.5:p.Arg131Gln	392G>A	CCSBORF100068264	COL17A1	-0.0879127772155249	0.23037807500651095
NC_000006.12:36855994:T:C	PPIL1	ENSG00000137168	CCSBVarC020718	CCSBORF3755	ENSP00000362803.5:p.Thr107Ala	319A>G	CCSBORF52879	SNW1	-2.425760704284527	0.1564743625007329
NC_000006.12:36855988:C:A	PPIL1	ENSG00000137168	CCSBVarC020719	CCSBORF3755	ENSP00000362803.5:p.Gly109Cys	325G>T	CCSBORF52879	SNW1	0.12529431492859386	0.0868132146023957
NC_000006.12:36855921:C:T	PPIL1	ENSG00000137168	CCSBVarC020720	CCSBORF3755	ENSP00000362803.5:p.Arg131Gln	392G>A	CCSBORF52879	SNW1	-4.084803271746832	0.14737641980722072
NC_000006.12:36855994:T:C	PPIL1	ENSG00000137168	CCSBVarC020718	CCSBORF3755	ENSP00000362803.5:p.Thr107Ala	319A>G	CCSBORF56644	TCF4	-3.00545026324295	0.3637871783748811
NC_000006.12:36855988:C:A	PPIL1	ENSG00000137168	CCSBVarC020719	CCSBORF3755	ENSP00000362803.5:p.Gly109Cys	325G>T	CCSBORF56644	TCF4	-0.9538547631278105	0.3433661119858504
NC_000006.12:36855921:C:T	PPIL1	ENSG00000137168	CCSBVarC020720	CCSBORF3755	ENSP00000362803.5:p.Arg131Gln	392G>A	CCSBORF56644	TCF4	0.12448411178569509	0.3467466809467082
NC_000014.9:68890191:T:C	ACTN1	ENSG00000072110	CCSBVarC020747	CCSBORF3798	ENSP00000193403.6:p.His394Arg	1181A>G	CCSBORF55882	ACTN3	0.5828426975902121	0.3191158990257312
NC_000014.9:68884814:T:C	ACTN1	ENSG00000072110	CCSBVarC020753	CCSBORF3798	ENSP00000193403.6:p.Asn485Ser	1454A>G	CCSBORF55882	ACTN3	-0.49641228414807886	0.33220690520929225
NC_000014.9:68884210:T:A	ACTN1	ENSG00000072110	CCSBVarC020755	CCSBORF3798	ENSP00000193403.6:p.Asp531Val	1592A>T	CCSBORF55882	ACTN3	1.4524456399314507	0.29994166122020965
NC_000014.9:68880834:T:C	ACTN1	ENSG00000072110	CCSBVarC020780	CCSBORF3798	ENSP00000193403.6:p.Asn703Ser	2108A>G	CCSBORF55882	ACTN3	0.01307343982622805	0.29849046067048657
NC_000014.9:68879998:A:T	ACTN1	ENSG00000072110	CCSBVarC020797	CCSBORF3798	ENSP00000193403.6:p.Met748Lys	2243T>A	CCSBORF55882	ACTN3	0.40822791764885835	0.3269021763522919
NC_000014.9:68874991:C:T	ACTN1	ENSG00000072110	CCSBVarC020802	CCSBORF3798	ENSP00000193403.6:p.Arg849His	2546G>A	CCSBORF55882	ACTN3	0.3324135054034929	0.32301600805690006
NC_000014.9:68893739:G:C	ACTN1	ENSG00000072110	CCSBVarC020735	CCSBORF3798	ENSP00000193403.6:p.Thr257Arg	770C>G	CCSBORF55882	ACTN3	-0.12163023389540752	0.3553303773164383
NC_000014.9:68890191:T:C	ACTN1	ENSG00000072110	CCSBVarC020747	CCSBORF3798	ENSP00000193403.6:p.His394Arg	1181A>G	CCSBORF5651	MYOZ2	1.151980761247972	0.28386240151909015
NC_000014.9:68884814:T:C	ACTN1	ENSG00000072110	CCSBVarC020753	CCSBORF3798	ENSP00000193403.6:p.Asn485Ser	1454A>G	CCSBORF5651	MYOZ2	-0.21552554668494303	0.2840969546088614
NC_000014.9:68884210:T:A	ACTN1	ENSG00000072110	CCSBVarC020755	CCSBORF3798	ENSP00000193403.6:p.Asp531Val	1592A>T	CCSBORF5651	MYOZ2	-4.600084074773683	0.6385173835129937
NC_000014.9:68880834:T:C	ACTN1	ENSG00000072110	CCSBVarC020780	CCSBORF3798	ENSP00000193403.6:p.Asn703Ser	2108A>G	CCSBORF5651	MYOZ2	0.22350187038247163	0.29505985399106066
NC_000014.9:68879998:A:T	ACTN1	ENSG00000072110	CCSBVarC020797	CCSBORF3798	ENSP00000193403.6:p.Met748Lys	2243T>A	CCSBORF5651	MYOZ2	-0.29861543632123083	0.29181796696777396
NC_000014.9:68874991:C:T	ACTN1	ENSG00000072110	CCSBVarC020802	CCSBORF3798	ENSP00000193403.6:p.Arg849His	2546G>A	CCSBORF5651	MYOZ2	0.541083227092688	0.44306746281641807
NC_000014.9:68893739:G:C	ACTN1	ENSG00000072110	CCSBVarC020735	CCSBORF3798	ENSP00000193403.6:p.Thr257Arg	770C>G	CCSBORF5651	MYOZ2	-0.21483360513064895	0.32018611428208116
NC_000008.11:38146392:G:A	STAR	ENSG00000147465	CCSBVarC017740	CCSBORF386	ENSP00000276449.3:p.Arg121Trp	361C>T	CCSBORF11256	RABEP1	-4.097425626594069	0.6856924583123114
NC_000008.11:38146131:C:T	STAR	ENSG00000147465	CCSBVarC017755	CCSBORF386	ENSP00000276449.3:p.Gly161Arg	481G>A	CCSBORF11256	RABEP1	-6.448855633629471	0.6479155985834316
NC_000008.11:38146068:G:A	STAR	ENSG00000147465	CCSBVarC017763	CCSBORF386	ENSP00000276449.3:p.Arg182Cys	544C>T	CCSBORF11256	RABEP1	-6.26152292684808	0.6441428101866936
NC_000008.11:38145962:C:G	STAR	ENSG00000147465	CCSBVarC017767	CCSBORF386	ENSP00000276449.3:p.Arg217Thr	650G>C	CCSBORF11256	RABEP1	-6.291878723335586	0.8969150855923316
NC_000008.11:38145304:C:T	STAR	ENSG00000147465	CCSBVarC017770	CCSBORF386	ENSP00000276449.3:p.Gly221Ser	661G>A	CCSBORF11256	RABEP1	-0.16313439673082708	0.6316601359782662
NC_000008.11:38144351:A:G	STAR	ENSG00000147465	CCSBVarC017773	CCSBORF386	ENSP00000276449.3:p.Leu260Pro	779T>C	CCSBORF11256	RABEP1	-5.333871260944377	0.686426221891745
NC_000008.11:38144309:C:T	STAR	ENSG00000147465	CCSBVarC017799	CCSBORF386	ENSP00000276449.3:p.Arg274His	821G>A	CCSBORF11256	RABEP1	-0.003056956250529602	0.6298794752883448
NC_000008.11:38146392:G:A	STAR	ENSG00000147465	CCSBVarC017740	CCSBORF386	ENSP00000276449.3:p.Arg121Trp	361C>T	CCSBORF7845	AGTRAP	-3.357019997088089	0.4143121840326906
NC_000008.11:38146131:C:T	STAR	ENSG00000147465	CCSBVarC017755	CCSBORF386	ENSP00000276449.3:p.Gly161Arg	481G>A	CCSBORF7845	AGTRAP	-5.996399766314061	0.3594127486505291
NC_000008.11:38146068:G:A	STAR	ENSG00000147465	CCSBVarC017763	CCSBORF386	ENSP00000276449.3:p.Arg182Cys	544C>T	CCSBORF7845	AGTRAP	-2.1808369325984325	0.3209421662026748
NC_000008.11:38145962:C:G	STAR	ENSG00000147465	CCSBVarC017767	CCSBORF386	ENSP00000276449.3:p.Arg217Thr	650G>C	CCSBORF7845	AGTRAP	-5.057392168599979	0.5373560611891325
NC_000008.11:38145304:C:T	STAR	ENSG00000147465	CCSBVarC017770	CCSBORF386	ENSP00000276449.3:p.Gly221Ser	661G>A	CCSBORF7845	AGTRAP	-0.13024200990448764	0.37349093296009706
NC_000008.11:38144351:A:G	STAR	ENSG00000147465	CCSBVarC017773	CCSBORF386	ENSP00000276449.3:p.Leu260Pro	779T>C	CCSBORF7845	AGTRAP	-4.760561650252518	0.4331938018149872
NC_000008.11:38144309:C:T	STAR	ENSG00000147465	CCSBVarC017799	CCSBORF386	ENSP00000276449.3:p.Arg274His	821G>A	CCSBORF7845	AGTRAP	-0.1289497123719039	0.34687164113239366
NC_000001.11:22078578:C:A	CDC42	ENSG00000070831	CCSBVarC017856	CCSBORF399	ENSP00000499457.1:p.Pro34Gln	101C>A	CCSBORF6819	CDC42EP1	-4.042593715676109	1.085275143953717
NC_000001.11:22086450:A:G	CDC42	ENSG00000070831	CCSBVarC017865	CCSBORF399	ENSP00000499457.1:p.Tyr64Cys	191A>G	CCSBORF6819	CDC42EP1	-2.128138995479205	1.0446425063881808
NC_000001.11:22086462:G:A	CDC42	ENSG00000070831	CCSBVarC017876	CCSBORF399	ENSP00000499457.1:p.Arg68Gln	203G>A	CCSBORF6819	CDC42EP1	0.6967547628596666	1.065101169710994
NC_000001.11:22086506:T:C	CDC42	ENSG00000070831	CCSBVarC017884	CCSBORF399	ENSP00000499457.1:p.Ser83Pro	247T>C	CCSBORF6819	CDC42EP1	-4.721962653210655	1.0873994214864549
NC_000001.11:22086855:C:T	CDC42	ENSG00000070831	CCSBVarC017891	CCSBORF399	ENSP00000499457.1:p.Ala159Val	476C>T	CCSBORF6819	CDC42EP1	1.5291115009430158	1.046408847586735
NC_000001.11:22091449:A:G	CDC42	ENSG00000070831	CCSBVarC017894	CCSBORF399	ENSP00000499457.1:p.Asp170Gly	509A>G	CCSBORF6819	CDC42EP1	-4.7430496470633905	1.7664000455898958
NC_000001.11:22078539:T:C	CDC42	ENSG00000070831	CCSBVarC017846	CCSBORF399	ENSP00000499457.1:p.Ile21Thr	62T>C	CCSBORF6819	CDC42EP1	3.1326096249368387	1.0461889795923556
NC_000001.11:22078544:T:A	CDC42	ENSG00000070831	CCSBVarC017849	CCSBORF399	ENSP00000499457.1:p.Tyr23Asn	67T>A	CCSBORF6819	CDC42EP1	0.04312144469307433	1.04351954244354
NC_000001.11:22078545:A:G	CDC42	ENSG00000070831	CCSBVarC017852	CCSBORF399	ENSP00000499457.1:p.Tyr23Cys	68A>G	CCSBORF6819	CDC42EP1	0.6036744140106893	1.0489338668270256
NC_000005.10:134206069:C:A	PPP2CA	ENSG00000113575	CCSBVarC021892	CCSBORF4071	ENSP00000418447.1:p.Cys55Phe	164G>T	CCSBORF4664	TRIP13	-0.3866304134254821	0.3016876610857743
NC_000005.10:134205970:T:C	PPP2CA	ENSG00000113575	CCSBVarC021896	CCSBORF4071	ENSP00000418447.1:p.Asp88Gly	263A>G	CCSBORF4664	TRIP13	-0.38837284376408565	0.3018035889469013
NC_000005.10:134202008:C:T	PPP2CA	ENSG00000113575	CCSBVarC021898	CCSBORF4071	ENSP00000418447.1:p.Glu109Lys	325G>A	CCSBORF4664	TRIP13	-0.8429404796203229	0.31099598445353455
NC_000005.10:134201980:T:C	PPP2CA	ENSG00000113575	CCSBVarC021901	CCSBORF4071	ENSP00000418447.1:p.His118Arg	353A>G	CCSBORF4664	TRIP13	-0.13621234790862258	0.31240878369312935
NC_000005.10:134201967:C:G	PPP2CA	ENSG00000113575	CCSBVarC021904	CCSBORF4071	ENSP00000418447.1:p.Gln122His	366G>C	CCSBORF4664	TRIP13	0.37576466574102085	0.30453829452895054
NC_000005.10:134200350:T:C	PPP2CA	ENSG00000113575	CCSBVarC021923	CCSBORF4071	ENSP00000418447.1:p.His241Arg	722A>G	CCSBORF4664	TRIP13	-0.5006131013677304	0.30151699322360237
NC_000005.10:134200348:G:C	PPP2CA	ENSG00000113575	CCSBVarC021927	CCSBORF4071	ENSP00000418447.1:p.Gln242Glu	724C>G	CCSBORF4664	TRIP13	0.02912495797260567	0.45504020630530884
NC_000005.10:134199146:A:G	PPP2CA	ENSG00000113575	CCSBVarC020761	CCSBORF4071	ENSP00000418447.1:p.Cys266Arg	796T>C	CCSBORF4664	TRIP13	-1.7050249696391404	0.37166806518693263
NC_000005.10:134206069:C:A	PPP2CA	ENSG00000113575	CCSBVarC021892	CCSBORF4071	ENSP00000418447.1:p.Cys55Phe	164G>T	CCSBORF56684	VAC14	-0.21910574888798504	0.2217579004783308
NC_000005.10:134205970:T:C	PPP2CA	ENSG00000113575	CCSBVarC021896	CCSBORF4071	ENSP00000418447.1:p.Asp88Gly	263A>G	CCSBORF56684	VAC14	-0.5469472905377738	0.22288263783643802
NC_000005.10:134202008:C:T	PPP2CA	ENSG00000113575	CCSBVarC021898	CCSBORF4071	ENSP00000418447.1:p.Glu109Lys	325G>A	CCSBORF56684	VAC14	-0.9290122884944754	0.2290520445268345
NC_000005.10:134201980:T:C	PPP2CA	ENSG00000113575	CCSBVarC021901	CCSBORF4071	ENSP00000418447.1:p.His118Arg	353A>G	CCSBORF56684	VAC14	-0.36874213882906864	0.3459020701971518
NC_000005.10:134201967:C:G	PPP2CA	ENSG00000113575	CCSBVarC021904	CCSBORF4071	ENSP00000418447.1:p.Gln122His	366G>C	CCSBORF56684	VAC14	-0.482497831992728	0.22438340119876368
NC_000005.10:134200350:T:C	PPP2CA	ENSG00000113575	CCSBVarC021923	CCSBORF4071	ENSP00000418447.1:p.His241Arg	722A>G	CCSBORF56684	VAC14	-0.6782585988245833	0.31836790889698874
NC_000005.10:134200348:G:C	PPP2CA	ENSG00000113575	CCSBVarC021927	CCSBORF4071	ENSP00000418447.1:p.Gln242Glu	724C>G	CCSBORF56684	VAC14	-0.3885587843392374	0.29377458073651364
NC_000005.10:134199146:A:G	PPP2CA	ENSG00000113575	CCSBVarC020761	CCSBORF4071	ENSP00000418447.1:p.Cys266Arg	796T>C	CCSBORF56684	VAC14	-1.2130058444660305	0.22895904678537593
NC_000002.12:28776901:G:A	PPP1CB	ENSG00000213639	CCSBVarC020765	CCSBORF4085	ENSP00000378769.2:p.Arg35Gln	104G>A	CCSBORF10300	CSRNP1	NULL	NULL
NC_000002.12:28781814:G:C	PPP1CB	ENSG00000213639	CCSBVarC020787	CCSBORF4085	ENSP00000378769.2:p.Asp165His	493G>C	CCSBORF10300	CSRNP1	NULL	NULL
NC_000002.12:28783930:T:A	PPP1CB	ENSG00000213639	CCSBVarC020790	CCSBORF4085	ENSP00000378769.2:p.Met182Lys	545T>A	CCSBORF10300	CSRNP1	-1.5146593217314759	1.445442266848845
NC_000002.12:28783933:A:C	PPP1CB	ENSG00000213639	CCSBVarC020793	CCSBORF4085	ENSP00000378769.2:p.Glu183Ala	548A>C	CCSBORF10300	CSRNP1	-1.58692567303307	1.4366176739330476
NC_000002.12:28788722:C:T	PPP1CB	ENSG00000213639	CCSBVarC020798	CCSBORF4085	ENSP00000378769.2:p.Arg220Cys	658C>T	CCSBORF10300	CSRNP1	NULL	NULL
NC_000002.12:28793872:A:G	PPP1CB	ENSG00000213639	CCSBVarC020805	CCSBORF4085	ENSP00000378769.2:p.Asp252Gly	755A>G	CCSBORF10300	CSRNP1	-1.7167486044824565	1.4285026301962582
NC_000002.12:28776901:G:A	PPP1CB	ENSG00000213639	CCSBVarC020765	CCSBORF4085	ENSP00000378769.2:p.Arg35Gln	104G>A	CCSBORF5175	PPP1R16A	-0.5569863281026116	1.8169305086450749
NC_000002.12:28781814:G:C	PPP1CB	ENSG00000213639	CCSBVarC020787	CCSBORF4085	ENSP00000378769.2:p.Asp165His	493G>C	CCSBORF5175	PPP1R16A	1.0290446985935042	1.8129380411495113
NC_000002.12:28783930:T:A	PPP1CB	ENSG00000213639	CCSBVarC020790	CCSBORF4085	ENSP00000378769.2:p.Met182Lys	545T>A	CCSBORF5175	PPP1R16A	0.7866999170412166	1.8122232183253117
NC_000002.12:28783933:A:C	PPP1CB	ENSG00000213639	CCSBVarC020793	CCSBORF4085	ENSP00000378769.2:p.Glu183Ala	548A>C	CCSBORF5175	PPP1R16A	-0.3757399217292732	1.8115709597178227
NC_000002.12:28788722:C:T	PPP1CB	ENSG00000213639	CCSBVarC020798	CCSBORF4085	ENSP00000378769.2:p.Arg220Cys	658C>T	CCSBORF5175	PPP1R16A	NULL	NULL
NC_000002.12:28793872:A:G	PPP1CB	ENSG00000213639	CCSBVarC020805	CCSBORF4085	ENSP00000378769.2:p.Asp252Gly	755A>G	CCSBORF5175	PPP1R16A	-0.4725970413993762	1.8106408132057328
NC_000002.12:28776901:G:A	PPP1CB	ENSG00000213639	CCSBVarC020765	CCSBORF4085	ENSP00000378769.2:p.Arg35Gln	104G>A	CCSBORF55351	TP53BP2	-1.7965865666658163	1.2171506114451502
NC_000002.12:28781814:G:C	PPP1CB	ENSG00000213639	CCSBVarC020787	CCSBORF4085	ENSP00000378769.2:p.Asp165His	493G>C	CCSBORF55351	TP53BP2	-1.289406937124728	1.21482800706011
NC_000002.12:28783930:T:A	PPP1CB	ENSG00000213639	CCSBVarC020790	CCSBORF4085	ENSP00000378769.2:p.Met182Lys	545T>A	CCSBORF55351	TP53BP2	-1.1087499833030492	1.2123229539779816
NC_000002.12:28783933:A:C	PPP1CB	ENSG00000213639	CCSBVarC020793	CCSBORF4085	ENSP00000378769.2:p.Glu183Ala	548A>C	CCSBORF55351	TP53BP2	-1.4178276534702858	1.2105152139992401
NC_000002.12:28788722:C:T	PPP1CB	ENSG00000213639	CCSBVarC020798	CCSBORF4085	ENSP00000378769.2:p.Arg220Cys	658C>T	CCSBORF55351	TP53BP2	NULL	NULL
NC_000002.12:28793872:A:G	PPP1CB	ENSG00000213639	CCSBVarC020805	CCSBORF4085	ENSP00000378769.2:p.Asp252Gly	755A>G	CCSBORF55351	TP53BP2	-0.5851159662549756	1.2089883004655402
NC_000002.12:28776901:G:A	PPP1CB	ENSG00000213639	CCSBVarC020765	CCSBORF4085	ENSP00000378769.2:p.Arg35Gln	104G>A	CCSBORF6236	CSRNP2	-1.324118717759825	1.3466884109632655
NC_000002.12:28781814:G:C	PPP1CB	ENSG00000213639	CCSBVarC020787	CCSBORF4085	ENSP00000378769.2:p.Asp165His	493G>C	CCSBORF6236	CSRNP2	-2.2703679067317877	1.347297967053848
NC_000002.12:28783930:T:A	PPP1CB	ENSG00000213639	CCSBVarC020790	CCSBORF4085	ENSP00000378769.2:p.Met182Lys	545T>A	CCSBORF6236	CSRNP2	-1.4838686902606062	1.3449599867218962
NC_000002.12:28783933:A:C	PPP1CB	ENSG00000213639	CCSBVarC020793	CCSBORF4085	ENSP00000378769.2:p.Glu183Ala	548A>C	CCSBORF6236	CSRNP2	-1.3605161642932977	1.3435188300256602
NC_000002.12:28788722:C:T	PPP1CB	ENSG00000213639	CCSBVarC020798	CCSBORF4085	ENSP00000378769.2:p.Arg220Cys	658C>T	CCSBORF6236	CSRNP2	-7.078311187650957	2.990671775490145
NC_000002.12:28793872:A:G	PPP1CB	ENSG00000213639	CCSBVarC020805	CCSBORF4085	ENSP00000378769.2:p.Asp252Gly	755A>G	CCSBORF6236	CSRNP2	-3.1982514425386492	1.3429095672934992
NC_000007.14:97856700:C:T	ASNS	ENSG00000070669	CCSBVarC021748	CCSBORF4443	ENSP00000377845.3:p.Arg340His	1019G>A	CCSBORF9383	TRIM69	-4.878754074007736	0.5110874109412229
NC_000007.14:97855405:A:C	ASNS	ENSG00000070669	CCSBVarC021751	CCSBORF4443	ENSP00000377845.3:p.Phe362Val	1084T>G	CCSBORF9383	TRIM69	-4.896961780054078	0.6443683247019697
NC_000007.14:97855392:C:T	ASNS	ENSG00000070669	CCSBVarC021759	CCSBORF4443	ENSP00000377845.3:p.Gly366Glu	1097G>A	CCSBORF9383	TRIM69	-2.82049530854405	0.47673810283117035
NC_000007.14:97854604:C:T	ASNS	ENSG00000070669	CCSBVarC021802	CCSBORF4443	ENSP00000377845.3:p.Ala405Thr	1213G>A	CCSBORF9383	TRIM69	-5.371557655823272	0.5544944995897881
NC_000007.14:97853341:T:C	ASNS	ENSG00000070669	CCSBVarC021806	CCSBORF4443	ENSP00000377845.3:p.Tyr428Cys	1283A>G	CCSBORF9383	TRIM69	-5.10840392565697	0.4881731642929304
NC_000007.14:97853183:G:C	ASNS	ENSG00000070669	CCSBVarC021809	CCSBORF4443	ENSP00000377845.3:p.Thr451Arg	1352C>G	CCSBORF9383	TRIM69	-7.091708380223629	0.6169253026762092
NC_000007.14:97869017:A:C	ASNS	ENSG00000070669	CCSBVarC021701	CCSBORF4443	ENSP00000377845.3:p.Phe47Val	139T>G	CCSBORF9383	TRIM69	1.1627171068582216	0.45568329770713434
NC_000007.14:97852295:C:T	ASNS	ENSG00000070669	CCSBVarC021827	CCSBORF4443	ENSP00000377845.3:p.Arg550His	1649G>A	CCSBORF9383	TRIM69	-3.0982377375701313	0.5341790629374619
NC_000007.14:97868932:T:C	ASNS	ENSG00000070669	CCSBVarC021711	CCSBORF4443	ENSP00000377845.3:p.Asn75Ser	224A>G	CCSBORF9383	TRIM69	-0.073456691427407	0.4635667436778497
NC_000007.14:97864332:T:G	ASNS	ENSG00000070669	CCSBVarC021714	CCSBORF4443	ENSP00000377845.3:p.Asp138Ala	413A>C	CCSBORF9383	TRIM69	-6.673036360539408	1.035601997823069
NC_000007.14:97859271:T:G	ASNS	ENSG00000070669	CCSBVarC021736	CCSBORF4443	ENSP00000377845.3:p.His205Pro	614A>C	CCSBORF9383	TRIM69	-3.1555224214441937	0.6332373592441062
NC_000007.14:97858900:A:G	ASNS	ENSG00000070669	CCSBVarC021738	CCSBORF4443	ENSP00000377845.3:p.Val243Ala	728T>C	CCSBORF9383	TRIM69	-4.499619282176765	0.4811106303672825
NC_000018.10:35070274:A:G	MAPRE2	ENSG00000166974	CCSBVarC022225	CCSBORF4499	ENSP00000300249.4:p.Asn68Ser	203A>G	CCSBORF12438	TRAF1	0.3623263582498363	0.8322567318370486
NC_000018.10:35097574:G:A	MAPRE2	ENSG00000166974	CCSBVarC022230	CCSBORF4499	ENSP00000300249.4:p.Arg127Gln	380G>A	CCSBORF12438	TRAF1	NULL	NULL
NC_000018.10:35102066:G:A	MAPRE2	ENSG00000166974	CCSBVarC022234	CCSBORF4499	ENSP00000300249.4:p.Arg173Gln	518G>A	CCSBORF12438	TRAF1	-1.3898737196272093	0.8329082512842121
NC_000018.10:35070274:A:G	MAPRE2	ENSG00000166974	CCSBVarC022225	CCSBORF4499	ENSP00000300249.4:p.Asn68Ser	203A>G	CCSBORF7187	MAPRE3	0.07143248840050137	0.7388217176335671
NC_000018.10:35097574:G:A	MAPRE2	ENSG00000166974	CCSBVarC022230	CCSBORF4499	ENSP00000300249.4:p.Arg127Gln	380G>A	CCSBORF7187	MAPRE3	-0.08929180124336933	0.7569120903832202
NC_000018.10:35102066:G:A	MAPRE2	ENSG00000166974	CCSBVarC022234	CCSBORF4499	ENSP00000300249.4:p.Arg173Gln	518G>A	CCSBORF7187	MAPRE3	0.19601251960351918	0.7386659669895099
NC_000005.10:901413:G:A	TRIP13	ENSG00000071539	CCSBVarC021327	CCSBORF4664	ENSP00000166345.3:p.Arg173Gln	518G>A	CCSBORF4664	TRIP13	0.15220753178887586	0.3054124631617456
NC_000005.10:904203:A:G	TRIP13	ENSG00000071539	CCSBVarC021330	CCSBORF4664	ENSP00000166345.3:p.Ile198Val	592A>G	CCSBORF4664	TRIP13	-0.010915431734707527	0.28073266978569494
NC_000005.10:907134:G:A	TRIP13	ENSG00000071539	CCSBVarC021332	CCSBORF4664	ENSP00000166345.3:p.Arg205Gln	614G>A	CCSBORF4664	TRIP13	0.06152663786733067	0.28598477805757705
NC_000005.10:893074:A:G	TRIP13	ENSG00000071539	CCSBVarC021320	CCSBORF4664	ENSP00000166345.3:p.His26Arg	77A>G	CCSBORF4664	TRIP13	0.07380562280882984	0.27917752674950563
NC_000009.12:83970282:G:A	HNRNPK	ENSG00000165119	CCSBVarC021705	CCSBORF4706	ENSP00000365439.3:p.Arg414Cys	1240C>T	CCSBORF100069067	RBPMS2	-0.7745689340416717	0.5223240662342956
NC_000009.12:83970240:C:T	HNRNPK	ENSG00000165119	CCSBVarC021708	CCSBORF4706	ENSP00000365439.3:p.Glu428Lys	1282G>A	CCSBORF100069067	RBPMS2	-0.7512427339246306	0.5010956124389025
NC_000009.12:83975470:C:T	HNRNPK	ENSG00000165119	CCSBVarC021637	CCSBORF4706	ENSP00000365439.3:p.Gly83Asp	248G>A	CCSBORF100069067	RBPMS2	-0.5017675826182836	0.4775328524187952
NC_000009.12:83972913:A:C	HNRNPK	ENSG00000165119	CCSBVarC021689	CCSBORF4706	ENSP00000365439.3:p.Val192Gly	575T>G	CCSBORF100069067	RBPMS2	-0.7666473923954418	0.5137436055545127
NC_000009.12:83970282:G:A	HNRNPK	ENSG00000165119	CCSBVarC021705	CCSBORF4706	ENSP00000365439.3:p.Arg414Cys	1240C>T	CCSBORF10061	KHDRBS3	0.24824855862751052	0.2997092844781483
NC_000009.12:83970240:C:T	HNRNPK	ENSG00000165119	CCSBVarC021708	CCSBORF4706	ENSP00000365439.3:p.Glu428Lys	1282G>A	CCSBORF10061	KHDRBS3	NULL	NULL
NC_000009.12:83975470:C:T	HNRNPK	ENSG00000165119	CCSBVarC021637	CCSBORF4706	ENSP00000365439.3:p.Gly83Asp	248G>A	CCSBORF10061	KHDRBS3	0.48970864078565207	0.282504057287704
NC_000009.12:83972913:A:C	HNRNPK	ENSG00000165119	CCSBVarC021689	CCSBORF4706	ENSP00000365439.3:p.Val192Gly	575T>G	CCSBORF10061	KHDRBS3	-1.3815129972983526	0.3180153387237526
NC_000009.12:83970282:G:A	HNRNPK	ENSG00000165119	CCSBVarC021705	CCSBORF4706	ENSP00000365439.3:p.Arg414Cys	1240C>T	CCSBORF12435	ABI1	-0.27173561798680435	0.952086906198945
NC_000009.12:83970240:C:T	HNRNPK	ENSG00000165119	CCSBVarC021708	CCSBORF4706	ENSP00000365439.3:p.Glu428Lys	1282G>A	CCSBORF12435	ABI1	-3.254120419755699	0.8860984989962026
NC_000009.12:83975470:C:T	HNRNPK	ENSG00000165119	CCSBVarC021637	CCSBORF4706	ENSP00000365439.3:p.Gly83Asp	248G>A	CCSBORF12435	ABI1	0.462701405176738	0.8407270523407233
NC_000009.12:83972913:A:C	HNRNPK	ENSG00000165119	CCSBVarC021689	CCSBORF4706	ENSP00000365439.3:p.Val192Gly	575T>G	CCSBORF12435	ABI1	-2.0229350797462358	0.7975482556381027
NC_000009.12:83970282:G:A	HNRNPK	ENSG00000165119	CCSBVarC021705	CCSBORF4706	ENSP00000365439.3:p.Arg414Cys	1240C>T	CCSBORF14935	RBMY1D	0.6768797595123464	0.6011329522539087
NC_000009.12:83970240:C:T	HNRNPK	ENSG00000165119	CCSBVarC021708	CCSBORF4706	ENSP00000365439.3:p.Glu428Lys	1282G>A	CCSBORF14935	RBMY1D	1.324223812636134	0.9471161504352994
NC_000009.12:83975470:C:T	HNRNPK	ENSG00000165119	CCSBVarC021637	CCSBORF4706	ENSP00000365439.3:p.Gly83Asp	248G>A	CCSBORF14935	RBMY1D	0.42943576834532915	0.5983173515820301
NC_000009.12:83972913:A:C	HNRNPK	ENSG00000165119	CCSBVarC021689	CCSBORF4706	ENSP00000365439.3:p.Val192Gly	575T>G	CCSBORF14935	RBMY1D	0.3543026987137707	0.6040471309836971
NC_000009.12:83970282:G:A	HNRNPK	ENSG00000165119	CCSBVarC021705	CCSBORF4706	ENSP00000365439.3:p.Arg414Cys	1240C>T	CCSBORF1940	RBMY1J	-0.563208448917097	1.0459974390105822
NC_000009.12:83970240:C:T	HNRNPK	ENSG00000165119	CCSBVarC021708	CCSBORF4706	ENSP00000365439.3:p.Glu428Lys	1282G>A	CCSBORF1940	RBMY1J	-0.6911902620983306	1.0622462060221904
NC_000009.12:83975470:C:T	HNRNPK	ENSG00000165119	CCSBVarC021637	CCSBORF4706	ENSP00000365439.3:p.Gly83Asp	248G>A	CCSBORF1940	RBMY1J	-0.6494779764936147	1.04509979940936
NC_000009.12:83972913:A:C	HNRNPK	ENSG00000165119	CCSBVarC021689	CCSBORF4706	ENSP00000365439.3:p.Val192Gly	575T>G	CCSBORF1940	RBMY1J	-0.8121672577565939	1.048568598821812
NC_000009.12:83970282:G:A	HNRNPK	ENSG00000165119	CCSBVarC021705	CCSBORF4706	ENSP00000365439.3:p.Arg414Cys	1240C>T	CCSBORF252	ZNF408	-0.296132087247315	1.2337891637206087
NC_000009.12:83970240:C:T	HNRNPK	ENSG00000165119	CCSBVarC021708	CCSBORF4706	ENSP00000365439.3:p.Glu428Lys	1282G>A	CCSBORF252	ZNF408	-0.8238599536797108	1.2699277914354024
NC_000009.12:83975470:C:T	HNRNPK	ENSG00000165119	CCSBVarC021637	CCSBORF4706	ENSP00000365439.3:p.Gly83Asp	248G>A	CCSBORF252	ZNF408	-0.008695262638254458	1.2321483781520044
NC_000009.12:83972913:A:C	HNRNPK	ENSG00000165119	CCSBVarC021689	CCSBORF4706	ENSP00000365439.3:p.Val192Gly	575T>G	CCSBORF252	ZNF408	-7.244408863268326	1.4269212126161548
NC_000009.12:83970282:G:A	HNRNPK	ENSG00000165119	CCSBVarC021705	CCSBORF4706	ENSP00000365439.3:p.Arg414Cys	1240C>T	CCSBORF4635	RBMX	-0.047638352836704215	0.21121097048406684
NC_000009.12:83970240:C:T	HNRNPK	ENSG00000165119	CCSBVarC021708	CCSBORF4706	ENSP00000365439.3:p.Glu428Lys	1282G>A	CCSBORF4635	RBMX	-0.3168976204105705	0.27532010153291275
NC_000009.12:83975470:C:T	HNRNPK	ENSG00000165119	CCSBVarC021637	CCSBORF4706	ENSP00000365439.3:p.Gly83Asp	248G>A	CCSBORF4635	RBMX	-0.14650087684062008	0.20551483657414663
NC_000009.12:83972913:A:C	HNRNPK	ENSG00000165119	CCSBVarC021689	CCSBORF4706	ENSP00000365439.3:p.Val192Gly	575T>G	CCSBORF4635	RBMX	-0.3550353830334526	0.2144203263479451
NC_000009.12:83970282:G:A	HNRNPK	ENSG00000165119	CCSBVarC021705	CCSBORF4706	ENSP00000365439.3:p.Arg414Cys	1240C>T	CCSBORF53886	TLE5	-1.358104983953815	1.466662851550763
NC_000009.12:83970240:C:T	HNRNPK	ENSG00000165119	CCSBVarC021708	CCSBORF4706	ENSP00000365439.3:p.Glu428Lys	1282G>A	CCSBORF53886	TLE5	-4.017413540197612	1.7381431738385529
NC_000009.12:83975470:C:T	HNRNPK	ENSG00000165119	CCSBVarC021637	CCSBORF4706	ENSP00000365439.3:p.Gly83Asp	248G>A	CCSBORF53886	TLE5	-2.522412501733609	1.4666425742303317
NC_000009.12:83972913:A:C	HNRNPK	ENSG00000165119	CCSBVarC021689	CCSBORF4706	ENSP00000365439.3:p.Val192Gly	575T>G	CCSBORF53886	TLE5	-5.86794978766766	1.7201500412657578
NC_000009.12:83970282:G:A	HNRNPK	ENSG00000165119	CCSBVarC021705	CCSBORF4706	ENSP00000365439.3:p.Arg414Cys	1240C>T	CCSBORF6112	ZNF526	-1.0179906330478548	0.9585740210858161
NC_000009.12:83970240:C:T	HNRNPK	ENSG00000165119	CCSBVarC021708	CCSBORF4706	ENSP00000365439.3:p.Glu428Lys	1282G>A	CCSBORF6112	ZNF526	-1.0473273752814676	0.9768344852931661
NC_000009.12:83975470:C:T	HNRNPK	ENSG00000165119	CCSBVarC021637	CCSBORF4706	ENSP00000365439.3:p.Gly83Asp	248G>A	CCSBORF6112	ZNF526	-0.3111201516467164	0.9575001354511702
NC_000009.12:83972913:A:C	HNRNPK	ENSG00000165119	CCSBVarC021689	CCSBORF4706	ENSP00000365439.3:p.Val192Gly	575T>G	CCSBORF6112	ZNF526	-3.365106629320458	0.9727864522731193
NC_000009.12:83970282:G:A	HNRNPK	ENSG00000165119	CCSBVarC021705	CCSBORF4706	ENSP00000365439.3:p.Arg414Cys	1240C>T	CCSBORF8168	QKI	-1.2526324851345463	2.9092750132030236
NC_000009.12:83970240:C:T	HNRNPK	ENSG00000165119	CCSBVarC021708	CCSBORF4706	ENSP00000365439.3:p.Glu428Lys	1282G>A	CCSBORF8168	QKI	-0.6492412128577614	2.2499265963232595
NC_000009.12:83975470:C:T	HNRNPK	ENSG00000165119	CCSBVarC021637	CCSBORF4706	ENSP00000365439.3:p.Gly83Asp	248G>A	CCSBORF8168	QKI	-0.9579039246492353	2.245046636348849
NC_000009.12:83972913:A:C	HNRNPK	ENSG00000165119	CCSBVarC021689	CCSBORF4706	ENSP00000365439.3:p.Val192Gly	575T>G	CCSBORF8168	QKI	-1.0039264632584768	2.356949741446968
NC_000001.11:109629486:G:T	AMPD2	ENSG00000116337	CCSBVarC021484	CCSBORF4910	ENSP00000345498.4:p.Arg593Leu	1778G>T	CCSBORF100014316	AMPD1	-3.6806381628067966	0.8397874273434719
NC_000001.11:109630689:T:G	AMPD2	ENSG00000116337	CCSBVarC021486	CCSBORF4910	ENSP00000345498.4:p.Leu695Arg	2084T>G	CCSBORF100014316	AMPD1	-3.316428907209833	0.5713042556599296
NC_000001.11:109626332:A:G	AMPD2	ENSG00000116337	CCSBVarC022523	CCSBORF4910	ENSP00000345498.4:p.Gln119Arg	356A>G	CCSBORF100014316	AMPD1	0.006391273191898472	0.7345561184122694
NC_000001.11:109627792:C:T	AMPD2	ENSG00000116337	CCSBVarC022527	CCSBORF4910	ENSP00000345498.4:p.Arg297Trp	889C>T	CCSBORF100014316	AMPD1	-4.062767247124667	0.566532060707062
NC_000001.11:109627892:A:G	AMPD2	ENSG00000116337	CCSBVarC021474	CCSBORF4910	ENSP00000345498.4:p.Asn330Ser	989A>G	CCSBORF100014316	AMPD1	0.07710008086476743	0.5421709448115257
NC_000001.11:109629486:G:T	AMPD2	ENSG00000116337	CCSBVarC021484	CCSBORF4910	ENSP00000345498.4:p.Arg593Leu	1778G>T	CCSBORF4910	AMPD2	-3.5327249067485758	0.3313869507894607
NC_000001.11:109630689:T:G	AMPD2	ENSG00000116337	CCSBVarC021486	CCSBORF4910	ENSP00000345498.4:p.Leu695Arg	2084T>G	CCSBORF4910	AMPD2	-3.4873239327393515	0.3433041870977524
NC_000001.11:109626332:A:G	AMPD2	ENSG00000116337	CCSBVarC022523	CCSBORF4910	ENSP00000345498.4:p.Gln119Arg	356A>G	CCSBORF4910	AMPD2	-0.48430751085543844	0.31276116152525396
NC_000001.11:109627792:C:T	AMPD2	ENSG00000116337	CCSBVarC022527	CCSBORF4910	ENSP00000345498.4:p.Arg297Trp	889C>T	CCSBORF4910	AMPD2	-3.5745296235514115	0.32347550838919187
NC_000001.11:109627892:A:G	AMPD2	ENSG00000116337	CCSBVarC021474	CCSBORF4910	ENSP00000345498.4:p.Asn330Ser	989A>G	CCSBORF4910	AMPD2	0.02765157004633467	0.2744934807130449
NC_000020.11:34931392:C:T	GSS	ENSG00000100983	CCSBVarC022212	CCSBORF5132	ENSP00000498303.1:p.Ala352Thr	1054G>A	CCSBORF5132	GSS	-0.3717987141486184	0.33651857113822237
NC_000020.11:34929448:C:T	GSS	ENSG00000100983	CCSBVarC022215	CCSBORF5132	ENSP00000498303.1:p.Arg418Gln	1253G>A	CCSBORF5132	GSS	-0.4920848650494145	0.3679878950296797
NC_000020.11:34942487:C:T	GSS	ENSG00000100983	CCSBVarC022185	CCSBORF5132	ENSP00000498303.1:p.Arg164Gln	491G>A	CCSBORF5132	GSS	0.01254095058522773	0.3239069124975519
NC_000020.11:34936975:T:C	GSS	ENSG00000100983	CCSBVarC022195	CCSBORF5132	ENSP00000498303.1:p.Asp219Gly	656A>G	CCSBORF5132	GSS	-1.471497671614753	0.7328966234857185
NC_000020.11:34932096:C:T	GSS	ENSG00000100983	CCSBVarC022204	CCSBORF5132	ENSP00000498303.1:p.Ala291Thr	871G>A	CCSBORF5132	GSS	-1.3115093686644732	0.3178961729379325
NC_000020.11:34931994:G:A	GSS	ENSG00000100983	CCSBVarC022207	CCSBORF5132	ENSP00000498303.1:p.Pro325Ser	973C>T	CCSBORF5132	GSS	0.5603902491328905	0.3087627296190134
NC_000020.11:34931979:G:A	GSS	ENSG00000100983	CCSBVarC022210	CCSBORF5132	ENSP00000498303.1:p.Arg330Cys	988C>T	CCSBORF5132	GSS	0.7495857492181965	0.30728392988809355
NC_000017.11:16948922:A:T	TNFRSF13B	ENSG00000240505	CCSBVarC029829	CCSBORF53089	ENSP00000462952.1:p.Ile41Asn	122T>A	CCSBORF3952	SGTA	-0.6413516168932689	0.3882380538975167
NC_000017.11:16948871:C:T	TNFRSF13B	ENSG00000240505	CCSBVarC029831	CCSBORF53089	ENSP00000462952.1:p.Cys58Tyr	173G>A	CCSBORF3952	SGTA	-0.05806750962489357	0.39980606330464635
NC_000017.11:16940388:C:G	TNFRSF13B	ENSG00000240505	CCSBVarC029833	CCSBORF53089	ENSP00000462952.1:p.Gly144Arg	430G>C	CCSBORF3952	SGTA	-0.7729466795887646	0.41256431377036684
NC_000017.11:16948967:C:T	TNFRSF13B	ENSG00000240505	CCSBVarC029823	CCSBORF53089	ENSP00000462952.1:p.Arg26His	77G>A	CCSBORF3952	SGTA	0.02404346606431486	0.37009094212991384
NC_000017.11:16948956:C:T	TNFRSF13B	ENSG00000240505	CCSBVarC029825	CCSBORF53089	ENSP00000462952.1:p.Gly30Ser	88G>A	CCSBORF3952	SGTA	0.04612006557456501	0.37160302819751606
NC_000017.11:7702462:C:T	WRAP53	ENSG00000141499	CCSBVarC022344	CCSBORF5385	ENSP00000379727.3:p.Pro359Ser	1075C>T	CCSBORF56684	VAC14	-0.14095288326061206	0.3529483261110208
NC_000017.11:7703026:G:A	WRAP53	ENSG00000141499	CCSBVarC022352	CCSBORF5385	ENSP00000379727.3:p.Gly435Arg	1303G>A	CCSBORF56684	VAC14	-0.0654491692472007	0.40195930246104744
NC_000017.11:7701459:G:A	WRAP53	ENSG00000141499	CCSBVarC022338	CCSBORF5385	ENSP00000379727.3:p.Val245Met	733G>A	CCSBORF56684	VAC14	0.07971555992442036	0.4819767527515483
NC_000017.11:7701680:C:T	WRAP53	ENSG00000141499	CCSBVarC022340	CCSBORF5385	ENSP00000379727.3:p.Leu283Phe	847C>T	CCSBORF56684	VAC14	-0.1085407832014427	0.4060669086023112
NC_000017.11:7701737:G:T	WRAP53	ENSG00000141499	CCSBVarC022342	CCSBORF5385	ENSP00000379727.3:p.Val302Phe	904G>T	CCSBORF56684	VAC14	-0.3228819319943956	0.3511792540629503
NC_000019.10:54129184:G:T	PRPF31	ENSG00000105618	CCSBVarC030472	CCSBORF54082	ENSP00000324122.4:p.Gln425His	1275G>T	CCSBORF100	CCNDBP1	-5.141592394120835	1.5399675114759306
NC_000019.10:54122593:G:C	PRPF31	ENSG00000105618	CCSBVarC030428	CCSBORF54082	ENSP00000324122.4:p.Lys140Asn	420G>C	CCSBORF100	CCNDBP1	-0.1718099796710932	0.66750431500072
NC_000019.10:54123902:G:C	PRPF31	ENSG00000105618	CCSBVarC030433	CCSBORF54082	ENSP00000324122.4:p.Ala228Pro	682G>C	CCSBORF100	CCNDBP1	-0.7838638853942447	0.6699854011463628
NC_000019.10:54124557:G:A	PRPF31	ENSG00000105618	CCSBVarC030455	CCSBORF54082	ENSP00000324122.4:p.Gly253Arg	757G>A	CCSBORF100	CCNDBP1	0.4184035628475616	0.6765835965596851
NC_000019.10:54124564:A:T	PRPF31	ENSG00000105618	CCSBVarC030458	CCSBORF54082	ENSP00000324122.4:p.Gln255Leu	764A>T	CCSBORF100	CCNDBP1	0.05434565359887082	0.6703871463812414
NC_000019.10:54124621:T:C	PRPF31	ENSG00000105618	CCSBVarC030461	CCSBORF54082	ENSP00000324122.4:p.Ile274Thr	821T>C	CCSBORF100	CCNDBP1	-0.515185829853847	0.6725261864500289
NC_000019.10:54126581:C:T	PRPF31	ENSG00000105618	CCSBVarC030470	CCSBORF54082	ENSP00000324122.4:p.Arg304Cys	910C>T	CCSBORF100	CCNDBP1	-0.09864966668809444	0.6829412928593626
NC_000019.10:54129184:G:T	PRPF31	ENSG00000105618	CCSBVarC030472	CCSBORF54082	ENSP00000324122.4:p.Gln425His	1275G>T	CCSBORF100000407	PICK1	-5.415620664534069	0.6492738218413454
NC_000019.10:54122593:G:C	PRPF31	ENSG00000105618	CCSBVarC030428	CCSBORF54082	ENSP00000324122.4:p.Lys140Asn	420G>C	CCSBORF100000407	PICK1	0.14503037516337441	0.20628922985350187
NC_000019.10:54123902:G:C	PRPF31	ENSG00000105618	CCSBVarC030433	CCSBORF54082	ENSP00000324122.4:p.Ala228Pro	682G>C	CCSBORF100000407	PICK1	-1.0756712285630368	0.21718332711847957
NC_000019.10:54124557:G:A	PRPF31	ENSG00000105618	CCSBVarC030455	CCSBORF54082	ENSP00000324122.4:p.Gly253Arg	757G>A	CCSBORF100000407	PICK1	-0.20971050980839911	0.23464357328743055
NC_000019.10:54124564:A:T	PRPF31	ENSG00000105618	CCSBVarC030458	CCSBORF54082	ENSP00000324122.4:p.Gln255Leu	764A>T	CCSBORF100000407	PICK1	0.010538930371343595	0.21204831709641206
NC_000019.10:54124621:T:C	PRPF31	ENSG00000105618	CCSBVarC030461	CCSBORF54082	ENSP00000324122.4:p.Ile274Thr	821T>C	CCSBORF100000407	PICK1	-0.22424543639068775	0.21554304674997665
NC_000019.10:54126581:C:T	PRPF31	ENSG00000105618	CCSBVarC030470	CCSBORF54082	ENSP00000324122.4:p.Arg304Cys	910C>T	CCSBORF100000407	PICK1	-0.18651764662229003	0.4513423476140871
NC_000019.10:54129184:G:T	PRPF31	ENSG00000105618	CCSBVarC030472	CCSBORF54082	ENSP00000324122.4:p.Gln425His	1275G>T	CCSBORF100002625	FXR1	-5.369707886917137	0.5423647079573826
NC_000019.10:54122593:G:C	PRPF31	ENSG00000105618	CCSBVarC030428	CCSBORF54082	ENSP00000324122.4:p.Lys140Asn	420G>C	CCSBORF100002625	FXR1	0.4016221188730551	0.2069426419782425
NC_000019.10:54123902:G:C	PRPF31	ENSG00000105618	CCSBVarC030433	CCSBORF54082	ENSP00000324122.4:p.Ala228Pro	682G>C	CCSBORF100002625	FXR1	-3.062735261444625	0.28960899869338763
NC_000019.10:54124557:G:A	PRPF31	ENSG00000105618	CCSBVarC030455	CCSBORF54082	ENSP00000324122.4:p.Gly253Arg	757G>A	CCSBORF100002625	FXR1	0.22586448772211606	0.2456149628732106
NC_000019.10:54124564:A:T	PRPF31	ENSG00000105618	CCSBVarC030458	CCSBORF54082	ENSP00000324122.4:p.Gln255Leu	764A>T	CCSBORF100002625	FXR1	0.6406130536202796	0.26348962966272677
NC_000019.10:54124621:T:C	PRPF31	ENSG00000105618	CCSBVarC030461	CCSBORF54082	ENSP00000324122.4:p.Ile274Thr	821T>C	CCSBORF100002625	FXR1	-3.6117766825449626	0.36664975757819684
NC_000019.10:54126581:C:T	PRPF31	ENSG00000105618	CCSBVarC030470	CCSBORF54082	ENSP00000324122.4:p.Arg304Cys	910C>T	CCSBORF100002625	FXR1	0.3659302849801916	0.24347353252856038
NC_000019.10:54129184:G:T	PRPF31	ENSG00000105618	CCSBVarC030472	CCSBORF54082	ENSP00000324122.4:p.Gln425His	1275G>T	CCSBORF100014396	KRT35	-5.445898881717666	0.43340912151194183
NC_000019.10:54122593:G:C	PRPF31	ENSG00000105618	CCSBVarC030428	CCSBORF54082	ENSP00000324122.4:p.Lys140Asn	420G>C	CCSBORF100014396	KRT35	0.25224623228541887	0.22896764483132373
NC_000019.10:54123902:G:C	PRPF31	ENSG00000105618	CCSBVarC030433	CCSBORF54082	ENSP00000324122.4:p.Ala228Pro	682G>C	CCSBORF100014396	KRT35	-2.3535939139226207	0.258901564159821
NC_000019.10:54124557:G:A	PRPF31	ENSG00000105618	CCSBVarC030455	CCSBORF54082	ENSP00000324122.4:p.Gly253Arg	757G>A	CCSBORF100014396	KRT35	0.06721656230969367	0.41465662718301743
NC_000019.10:54124564:A:T	PRPF31	ENSG00000105618	CCSBVarC030458	CCSBORF54082	ENSP00000324122.4:p.Gln255Leu	764A>T	CCSBORF100014396	KRT35	0.20858007831610453	0.23557163983571233
NC_000019.10:54124621:T:C	PRPF31	ENSG00000105618	CCSBVarC030461	CCSBORF54082	ENSP00000324122.4:p.Ile274Thr	821T>C	CCSBORF100014396	KRT35	-1.1668673753341938	0.2544486207315541
NC_000019.10:54126581:C:T	PRPF31	ENSG00000105618	CCSBVarC030470	CCSBORF54082	ENSP00000324122.4:p.Arg304Cys	910C>T	CCSBORF100014396	KRT35	0.5963726972601824	0.24822974986999252
NC_000019.10:54129184:G:T	PRPF31	ENSG00000105618	CCSBVarC030472	CCSBORF54082	ENSP00000324122.4:p.Gln425His	1275G>T	CCSBORF100016009	ZRANB1	-4.999468937002133	0.5887240647556596
NC_000019.10:54122593:G:C	PRPF31	ENSG00000105618	CCSBVarC030428	CCSBORF54082	ENSP00000324122.4:p.Lys140Asn	420G>C	CCSBORF100016009	ZRANB1	0.3815504189501204	0.41783077061506707
NC_000019.10:54123902:G:C	PRPF31	ENSG00000105618	CCSBVarC030433	CCSBORF54082	ENSP00000324122.4:p.Ala228Pro	682G>C	CCSBORF100016009	ZRANB1	-2.520746605412011	0.44643453304264036
NC_000019.10:54124557:G:A	PRPF31	ENSG00000105618	CCSBVarC030455	CCSBORF54082	ENSP00000324122.4:p.Gly253Arg	757G>A	CCSBORF100016009	ZRANB1	-0.22559388335193303	0.43474148381125266
NC_000019.10:54124564:A:T	PRPF31	ENSG00000105618	CCSBVarC030458	CCSBORF54082	ENSP00000324122.4:p.Gln255Leu	764A>T	CCSBORF100016009	ZRANB1	0.18961885539964674	0.4212158729276979
NC_000019.10:54124621:T:C	PRPF31	ENSG00000105618	CCSBVarC030461	CCSBORF54082	ENSP00000324122.4:p.Ile274Thr	821T>C	CCSBORF100016009	ZRANB1	-1.7881600588558402	0.4392118968953962
NC_000019.10:54126581:C:T	PRPF31	ENSG00000105618	CCSBVarC030470	CCSBORF54082	ENSP00000324122.4:p.Arg304Cys	910C>T	CCSBORF100016009	ZRANB1	0.9984696595219229	0.4329376059799183
NC_000019.10:54129184:G:T	PRPF31	ENSG00000105618	CCSBVarC030472	CCSBORF54082	ENSP00000324122.4:p.Gln425His	1275G>T	CCSBORF100062247	HAP1	-6.059644236433696	1.3319675017317845
NC_000019.10:54122593:G:C	PRPF31	ENSG00000105618	CCSBVarC030428	CCSBORF54082	ENSP00000324122.4:p.Lys140Asn	420G>C	CCSBORF100062247	HAP1	0.15166459570061835	0.43214553239299613
NC_000019.10:54123902:G:C	PRPF31	ENSG00000105618	CCSBVarC030433	CCSBORF54082	ENSP00000324122.4:p.Ala228Pro	682G>C	CCSBORF100062247	HAP1	-3.274174344771952	0.49512929804855815
NC_000019.10:54124557:G:A	PRPF31	ENSG00000105618	CCSBVarC030455	CCSBORF54082	ENSP00000324122.4:p.Gly253Arg	757G>A	CCSBORF100062247	HAP1	-0.16050009340392857	0.45800747110148265
NC_000019.10:54124564:A:T	PRPF31	ENSG00000105618	CCSBVarC030458	CCSBORF54082	ENSP00000324122.4:p.Gln255Leu	764A>T	CCSBORF100062247	HAP1	-0.07984341469424519	0.4386496400532775
NC_000019.10:54124621:T:C	PRPF31	ENSG00000105618	CCSBVarC030461	CCSBORF54082	ENSP00000324122.4:p.Ile274Thr	821T>C	CCSBORF100062247	HAP1	-2.51614663207562	0.4808705442010148
NC_000019.10:54126581:C:T	PRPF31	ENSG00000105618	CCSBVarC030470	CCSBORF54082	ENSP00000324122.4:p.Arg304Cys	910C>T	CCSBORF100062247	HAP1	-0.22945915780258044	0.45633056258676835
NC_000019.10:54129184:G:T	PRPF31	ENSG00000105618	CCSBVarC030472	CCSBORF54082	ENSP00000324122.4:p.Gln425His	1275G>T	CCSBORF100062710	HES7	-6.152833911348893	0.6811533015452776
NC_000019.10:54122593:G:C	PRPF31	ENSG00000105618	CCSBVarC030428	CCSBORF54082	ENSP00000324122.4:p.Lys140Asn	420G>C	CCSBORF100062710	HES7	-0.11071530847674876	0.30050878109285484
NC_000019.10:54123902:G:C	PRPF31	ENSG00000105618	CCSBVarC030433	CCSBORF54082	ENSP00000324122.4:p.Ala228Pro	682G>C	CCSBORF100062710	HES7	-4.7296169072235	0.40110066985881065
NC_000019.10:54124557:G:A	PRPF31	ENSG00000105618	CCSBVarC030455	CCSBORF54082	ENSP00000324122.4:p.Gly253Arg	757G>A	CCSBORF100062710	HES7	-0.7163951883214836	0.3258318747913857
NC_000019.10:54124564:A:T	PRPF31	ENSG00000105618	CCSBVarC030458	CCSBORF54082	ENSP00000324122.4:p.Gln255Leu	764A>T	CCSBORF100062710	HES7	0.5006770904146391	0.30439921556163385
NC_000019.10:54124621:T:C	PRPF31	ENSG00000105618	CCSBVarC030461	CCSBORF54082	ENSP00000324122.4:p.Ile274Thr	821T>C	CCSBORF100062710	HES7	1.0176854061908365	0.30432022563762157
NC_000019.10:54126581:C:T	PRPF31	ENSG00000105618	CCSBVarC030470	CCSBORF54082	ENSP00000324122.4:p.Arg304Cys	910C>T	CCSBORF100062710	HES7	0.577112041063796	0.31526573986626955
NC_000019.10:54129184:G:T	PRPF31	ENSG00000105618	CCSBVarC030472	CCSBORF54082	ENSP00000324122.4:p.Gln425His	1275G>T	CCSBORF100064146	KRTAP6-3	-5.054670601778715	1.2305713112801075
NC_000019.10:54122593:G:C	PRPF31	ENSG00000105618	CCSBVarC030428	CCSBORF54082	ENSP00000324122.4:p.Lys140Asn	420G>C	CCSBORF100064146	KRTAP6-3	0.10117443700145443	0.6647643061756959
NC_000019.10:54123902:G:C	PRPF31	ENSG00000105618	CCSBVarC030433	CCSBORF54082	ENSP00000324122.4:p.Ala228Pro	682G>C	CCSBORF100064146	KRTAP6-3	-2.676968079323104	0.7053015713015159
NC_000019.10:54124557:G:A	PRPF31	ENSG00000105618	CCSBVarC030455	CCSBORF54082	ENSP00000324122.4:p.Gly253Arg	757G>A	CCSBORF100064146	KRTAP6-3	-0.40476851752227877	0.6996677500707775
NC_000019.10:54124564:A:T	PRPF31	ENSG00000105618	CCSBVarC030458	CCSBORF54082	ENSP00000324122.4:p.Gln255Leu	764A>T	CCSBORF100064146	KRTAP6-3	0.036063750874846284	0.6716748376354349
NC_000019.10:54124621:T:C	PRPF31	ENSG00000105618	CCSBVarC030461	CCSBORF54082	ENSP00000324122.4:p.Ile274Thr	821T>C	CCSBORF100064146	KRTAP6-3	-2.4748881751048666	0.7291668500128375
NC_000019.10:54126581:C:T	PRPF31	ENSG00000105618	CCSBVarC030470	CCSBORF54082	ENSP00000324122.4:p.Arg304Cys	910C>T	CCSBORF100064146	KRTAP6-3	0.034753232597872274	0.7056280133194949
NC_000019.10:54129184:G:T	PRPF31	ENSG00000105618	CCSBVarC030472	CCSBORF54082	ENSP00000324122.4:p.Gln425His	1275G>T	CCSBORF100070134	CDR2L	-4.978386414447016	0.5393445341437526
NC_000019.10:54122593:G:C	PRPF31	ENSG00000105618	CCSBVarC030428	CCSBORF54082	ENSP00000324122.4:p.Lys140Asn	420G>C	CCSBORF100070134	CDR2L	0.4296355078153563	0.3806401728310083
NC_000019.10:54123902:G:C	PRPF31	ENSG00000105618	CCSBVarC030433	CCSBORF54082	ENSP00000324122.4:p.Ala228Pro	682G>C	CCSBORF100070134	CDR2L	-2.3033661242675336	0.41449257193129246
NC_000019.10:54124557:G:A	PRPF31	ENSG00000105618	CCSBVarC030455	CCSBORF54082	ENSP00000324122.4:p.Gly253Arg	757G>A	CCSBORF100070134	CDR2L	0.45172577285362975	0.39939694378068646
NC_000019.10:54124564:A:T	PRPF31	ENSG00000105618	CCSBVarC030458	CCSBORF54082	ENSP00000324122.4:p.Gln255Leu	764A>T	CCSBORF100070134	CDR2L	0.8007995172038129	0.3853615815244247
NC_000019.10:54124621:T:C	PRPF31	ENSG00000105618	CCSBVarC030461	CCSBORF54082	ENSP00000324122.4:p.Ile274Thr	821T>C	CCSBORF100070134	CDR2L	-1.84476209811911	0.418820285909
NC_000019.10:54126581:C:T	PRPF31	ENSG00000105618	CCSBVarC030470	CCSBORF54082	ENSP00000324122.4:p.Arg304Cys	910C>T	CCSBORF100070134	CDR2L	0.842262206183887	0.401014390340594
NC_000019.10:54129184:G:T	PRPF31	ENSG00000105618	CCSBVarC030472	CCSBORF54082	ENSP00000324122.4:p.Gln425His	1275G>T	CCSBORF100070143	HSF2BP	-5.150703313359579	0.4332008367019831
NC_000019.10:54122593:G:C	PRPF31	ENSG00000105618	CCSBVarC030428	CCSBORF54082	ENSP00000324122.4:p.Lys140Asn	420G>C	CCSBORF100070143	HSF2BP	-0.020771948983635668	0.2671806739460045
NC_000019.10:54123902:G:C	PRPF31	ENSG00000105618	CCSBVarC030433	CCSBORF54082	ENSP00000324122.4:p.Ala228Pro	682G>C	CCSBORF100070143	HSF2BP	-3.7426889473761533	0.48255250805801486
NC_000019.10:54124557:G:A	PRPF31	ENSG00000105618	CCSBVarC030455	CCSBORF54082	ENSP00000324122.4:p.Gly253Arg	757G>A	CCSBORF100070143	HSF2BP	-0.8266960226592379	0.2887296267027311
NC_000019.10:54124564:A:T	PRPF31	ENSG00000105618	CCSBVarC030458	CCSBORF54082	ENSP00000324122.4:p.Gln255Leu	764A>T	CCSBORF100070143	HSF2BP	0.05051219908100467	0.2718614830920378
NC_000019.10:54124621:T:C	PRPF31	ENSG00000105618	CCSBVarC030461	CCSBORF54082	ENSP00000324122.4:p.Ile274Thr	821T>C	CCSBORF100070143	HSF2BP	-1.8643169282214849	0.4264577015686142
NC_000019.10:54126581:C:T	PRPF31	ENSG00000105618	CCSBVarC030470	CCSBORF54082	ENSP00000324122.4:p.Arg304Cys	910C>T	CCSBORF100070143	HSF2BP	0.6443372285356267	0.35925381523639865
NC_000019.10:54129184:G:T	PRPF31	ENSG00000105618	CCSBVarC030472	CCSBORF54082	ENSP00000324122.4:p.Gln425His	1275G>T	CCSBORF10320	PNMA1	-4.949680944430745	0.7312142420427571
NC_000019.10:54122593:G:C	PRPF31	ENSG00000105618	CCSBVarC030428	CCSBORF54082	ENSP00000324122.4:p.Lys140Asn	420G>C	CCSBORF10320	PNMA1	0.11043923762094894	0.4162650175990356
NC_000019.10:54123902:G:C	PRPF31	ENSG00000105618	CCSBVarC030433	CCSBORF54082	ENSP00000324122.4:p.Ala228Pro	682G>C	CCSBORF10320	PNMA1	0.8143631421947501	0.41640923373505556
NC_000019.10:54124557:G:A	PRPF31	ENSG00000105618	CCSBVarC030455	CCSBORF54082	ENSP00000324122.4:p.Gly253Arg	757G>A	CCSBORF10320	PNMA1	0.5931486994979932	0.43325986354118345
NC_000019.10:54124564:A:T	PRPF31	ENSG00000105618	CCSBVarC030458	CCSBORF54082	ENSP00000324122.4:p.Gln255Leu	764A>T	CCSBORF10320	PNMA1	0.12989712942939807	0.420111024823538
NC_000019.10:54124621:T:C	PRPF31	ENSG00000105618	CCSBVarC030461	CCSBORF54082	ENSP00000324122.4:p.Ile274Thr	821T>C	CCSBORF10320	PNMA1	0.880390325889761	0.42035961726464605
NC_000019.10:54126581:C:T	PRPF31	ENSG00000105618	CCSBVarC030470	CCSBORF54082	ENSP00000324122.4:p.Arg304Cys	910C>T	CCSBORF10320	PNMA1	0.2996434722280012	0.4347256656421012
NC_000019.10:54129184:G:T	PRPF31	ENSG00000105618	CCSBVarC030472	CCSBORF54082	ENSP00000324122.4:p.Gln425His	1275G>T	CCSBORF10460	GOLGA6L9	-4.989222643640877	0.536420757789278
NC_000019.10:54122593:G:C	PRPF31	ENSG00000105618	CCSBVarC030428	CCSBORF54082	ENSP00000324122.4:p.Lys140Asn	420G>C	CCSBORF10460	GOLGA6L9	0.15278072214616142	0.2240630335330039
NC_000019.10:54123902:G:C	PRPF31	ENSG00000105618	CCSBVarC030433	CCSBORF54082	ENSP00000324122.4:p.Ala228Pro	682G>C	CCSBORF10460	GOLGA6L9	-0.2856706220118621	0.14856557240965024
NC_000019.10:54124557:G:A	PRPF31	ENSG00000105618	CCSBVarC030455	CCSBORF54082	ENSP00000324122.4:p.Gly253Arg	757G>A	CCSBORF10460	GOLGA6L9	-0.08570966522588924	0.2425804010574481
NC_000019.10:54124564:A:T	PRPF31	ENSG00000105618	CCSBVarC030458	CCSBORF54082	ENSP00000324122.4:p.Gln255Leu	764A>T	CCSBORF10460	GOLGA6L9	-0.03776199932135164	0.154760159841807
NC_000019.10:54124621:T:C	PRPF31	ENSG00000105618	CCSBVarC030461	CCSBORF54082	ENSP00000324122.4:p.Ile274Thr	821T>C	CCSBORF10460	GOLGA6L9	-0.3752489384490328	0.1547919796664388
NC_000019.10:54126581:C:T	PRPF31	ENSG00000105618	CCSBVarC030470	CCSBORF54082	ENSP00000324122.4:p.Arg304Cys	910C>T	CCSBORF10460	GOLGA6L9	-0.09886679613225907	0.17525118750185736
NC_000019.10:54129184:G:T	PRPF31	ENSG00000105618	CCSBVarC030472	CCSBORF54082	ENSP00000324122.4:p.Gln425His	1275G>T	CCSBORF1074	MID2	-5.469669040726689	0.7395447993919676
NC_000019.10:54122593:G:C	PRPF31	ENSG00000105618	CCSBVarC030428	CCSBORF54082	ENSP00000324122.4:p.Lys140Asn	420G>C	CCSBORF1074	MID2	0.05966220535598857	0.4482687500903061
NC_000019.10:54123902:G:C	PRPF31	ENSG00000105618	CCSBVarC030433	CCSBORF54082	ENSP00000324122.4:p.Ala228Pro	682G>C	CCSBORF1074	MID2	-0.8491893950673168	0.46097914148901803
NC_000019.10:54124557:G:A	PRPF31	ENSG00000105618	CCSBVarC030455	CCSBORF54082	ENSP00000324122.4:p.Gly253Arg	757G>A	CCSBORF1074	MID2	0.3660332032957628	0.48450806210861636
NC_000019.10:54124564:A:T	PRPF31	ENSG00000105618	CCSBVarC030458	CCSBORF54082	ENSP00000324122.4:p.Gln255Leu	764A>T	CCSBORF1074	MID2	0.07012144139589534	0.4582105739110921
NC_000019.10:54124621:T:C	PRPF31	ENSG00000105618	CCSBVarC030461	CCSBORF54082	ENSP00000324122.4:p.Ile274Thr	821T>C	CCSBORF1074	MID2	-0.4724160004389142	0.46299841737654784
NC_000019.10:54126581:C:T	PRPF31	ENSG00000105618	CCSBVarC030470	CCSBORF54082	ENSP00000324122.4:p.Arg304Cys	910C>T	CCSBORF1074	MID2	0.033677348216990644	0.5500428849833522
NC_000019.10:54129184:G:T	PRPF31	ENSG00000105618	CCSBVarC030472	CCSBORF54082	ENSP00000324122.4:p.Gln425His	1275G>T	CCSBORF11229	KIFC3	-6.019977797745657	0.657961991816025
NC_000019.10:54122593:G:C	PRPF31	ENSG00000105618	CCSBVarC030428	CCSBORF54082	ENSP00000324122.4:p.Lys140Asn	420G>C	CCSBORF11229	KIFC3	0.30013342936909704	0.4268502134288997
NC_000019.10:54123902:G:C	PRPF31	ENSG00000105618	CCSBVarC030433	CCSBORF54082	ENSP00000324122.4:p.Ala228Pro	682G>C	CCSBORF11229	KIFC3	-0.7966281743471614	0.4368335298806506
NC_000019.10:54124557:G:A	PRPF31	ENSG00000105618	CCSBVarC030455	CCSBORF54082	ENSP00000324122.4:p.Gly253Arg	757G>A	CCSBORF11229	KIFC3	0.2672073520725031	0.4500402724806579
NC_000019.10:54124564:A:T	PRPF31	ENSG00000105618	CCSBVarC030458	CCSBORF54082	ENSP00000324122.4:p.Gln255Leu	764A>T	CCSBORF11229	KIFC3	0.08316025415949935	0.510217271115916
NC_000019.10:54124621:T:C	PRPF31	ENSG00000105618	CCSBVarC030461	CCSBORF54082	ENSP00000324122.4:p.Ile274Thr	821T>C	CCSBORF11229	KIFC3	0.05980687467841575	0.43894504396456674
NC_000019.10:54126581:C:T	PRPF31	ENSG00000105618	CCSBVarC030470	CCSBORF54082	ENSP00000324122.4:p.Arg304Cys	910C>T	CCSBORF11229	KIFC3	0.523432081547181	0.5517544807512045
NC_000019.10:54129184:G:T	PRPF31	ENSG00000105618	CCSBVarC030472	CCSBORF54082	ENSP00000324122.4:p.Gln425His	1275G>T	CCSBORF1227	TRIM23	-5.522910411239526	1.1501258949794864
NC_000019.10:54122593:G:C	PRPF31	ENSG00000105618	CCSBVarC030428	CCSBORF54082	ENSP00000324122.4:p.Lys140Asn	420G>C	CCSBORF1227	TRIM23	-0.1855970048981331	0.4613296570230246
NC_000019.10:54123902:G:C	PRPF31	ENSG00000105618	CCSBVarC030433	CCSBORF54082	ENSP00000324122.4:p.Ala228Pro	682G>C	CCSBORF1227	TRIM23	-1.9636505662144956	0.4680599723000328
NC_000019.10:54124557:G:A	PRPF31	ENSG00000105618	CCSBVarC030455	CCSBORF54082	ENSP00000324122.4:p.Gly253Arg	757G>A	CCSBORF1227	TRIM23	-0.011040970658953996	0.46746703170150783
NC_000019.10:54124564:A:T	PRPF31	ENSG00000105618	CCSBVarC030458	CCSBORF54082	ENSP00000324122.4:p.Gln255Leu	764A>T	CCSBORF1227	TRIM23	0.0372531390298803	0.4636273794836036
NC_000019.10:54124621:T:C	PRPF31	ENSG00000105618	CCSBVarC030461	CCSBORF54082	ENSP00000324122.4:p.Ile274Thr	821T>C	CCSBORF1227	TRIM23	-0.6139573562411504	0.7623388893116162
NC_000019.10:54126581:C:T	PRPF31	ENSG00000105618	CCSBVarC030470	CCSBORF54082	ENSP00000324122.4:p.Arg304Cys	910C>T	CCSBORF1227	TRIM23	0.4422772523095575	0.47361499187735395
NC_000019.10:54129184:G:T	PRPF31	ENSG00000105618	CCSBVarC030472	CCSBORF54082	ENSP00000324122.4:p.Gln425His	1275G>T	CCSBORF13167	KCTD6	-4.574619177034066	0.3809176686739755
NC_000019.10:54122593:G:C	PRPF31	ENSG00000105618	CCSBVarC030428	CCSBORF54082	ENSP00000324122.4:p.Lys140Asn	420G>C	CCSBORF13167	KCTD6	0.08502370104107604	0.2233443427628966
NC_000019.10:54123902:G:C	PRPF31	ENSG00000105618	CCSBVarC030433	CCSBORF54082	ENSP00000324122.4:p.Ala228Pro	682G>C	CCSBORF13167	KCTD6	-2.844826264131885	0.2734081385756585
NC_000019.10:54124557:G:A	PRPF31	ENSG00000105618	CCSBVarC030455	CCSBORF54082	ENSP00000324122.4:p.Gly253Arg	757G>A	CCSBORF13167	KCTD6	-0.02163986857794925	0.25004284183007436
NC_000019.10:54124564:A:T	PRPF31	ENSG00000105618	CCSBVarC030458	CCSBORF54082	ENSP00000324122.4:p.Gln255Leu	764A>T	CCSBORF13167	KCTD6	0.09999710711703055	0.23355099133620782
NC_000019.10:54124621:T:C	PRPF31	ENSG00000105618	CCSBVarC030461	CCSBORF54082	ENSP00000324122.4:p.Ile274Thr	821T>C	CCSBORF13167	KCTD6	-2.215876416294534	0.27347912877224584
NC_000019.10:54126581:C:T	PRPF31	ENSG00000105618	CCSBVarC030470	CCSBORF54082	ENSP00000324122.4:p.Arg304Cys	910C>T	CCSBORF13167	KCTD6	0.2702071619865247	0.25468692323375475
NC_000019.10:54129184:G:T	PRPF31	ENSG00000105618	CCSBVarC030472	CCSBORF54082	ENSP00000324122.4:p.Gln425His	1275G>T	CCSBORF13561	MKRN3	-5.5043731225267	0.4628464437492941
NC_000019.10:54122593:G:C	PRPF31	ENSG00000105618	CCSBVarC030428	CCSBORF54082	ENSP00000324122.4:p.Lys140Asn	420G>C	CCSBORF13561	MKRN3	0.12026497604241877	0.20526142258155008
NC_000019.10:54123902:G:C	PRPF31	ENSG00000105618	CCSBVarC030433	CCSBORF54082	ENSP00000324122.4:p.Ala228Pro	682G>C	CCSBORF13561	MKRN3	-3.046543695212982	0.2565310034539117
NC_000019.10:54124557:G:A	PRPF31	ENSG00000105618	CCSBVarC030455	CCSBORF54082	ENSP00000324122.4:p.Gly253Arg	757G>A	CCSBORF13561	MKRN3	-0.3376449456178143	0.23949991052416997
NC_000019.10:54124564:A:T	PRPF31	ENSG00000105618	CCSBVarC030458	CCSBORF54082	ENSP00000324122.4:p.Gln255Leu	764A>T	CCSBORF13561	MKRN3	0.569317297243895	0.21448133579261222
NC_000019.10:54124621:T:C	PRPF31	ENSG00000105618	CCSBVarC030461	CCSBORF54082	ENSP00000324122.4:p.Ile274Thr	821T>C	CCSBORF13561	MKRN3	-2.0017555805869014	0.2470481380058985
NC_000019.10:54126581:C:T	PRPF31	ENSG00000105618	CCSBVarC030470	CCSBORF54082	ENSP00000324122.4:p.Arg304Cys	910C>T	CCSBORF13561	MKRN3	0.5692336079916502	0.23921637070502538
NC_000019.10:54129184:G:T	PRPF31	ENSG00000105618	CCSBVarC030472	CCSBORF54082	ENSP00000324122.4:p.Gln425His	1275G>T	CCSBORF13600	KRT34	-4.544900239239435	0.9693799165833779
NC_000019.10:54122593:G:C	PRPF31	ENSG00000105618	CCSBVarC030428	CCSBORF54082	ENSP00000324122.4:p.Lys140Asn	420G>C	CCSBORF13600	KRT34	0.30864147954321897	0.3803581215835953
NC_000019.10:54123902:G:C	PRPF31	ENSG00000105618	CCSBVarC030433	CCSBORF54082	ENSP00000324122.4:p.Ala228Pro	682G>C	CCSBORF13600	KRT34	-2.7222539869883944	0.4540181090217869
NC_000019.10:54124557:G:A	PRPF31	ENSG00000105618	CCSBVarC030455	CCSBORF54082	ENSP00000324122.4:p.Gly253Arg	757G>A	CCSBORF13600	KRT34	-0.035953670477757924	0.42459546311724733
NC_000019.10:54124564:A:T	PRPF31	ENSG00000105618	CCSBVarC030458	CCSBORF54082	ENSP00000324122.4:p.Gln255Leu	764A>T	CCSBORF13600	KRT34	0.3745756076869456	0.38828489268821215
NC_000019.10:54124621:T:C	PRPF31	ENSG00000105618	CCSBVarC030461	CCSBORF54082	ENSP00000324122.4:p.Ile274Thr	821T>C	CCSBORF13600	KRT34	-1.577564742156482	0.4568687157308144
NC_000019.10:54126581:C:T	PRPF31	ENSG00000105618	CCSBVarC030470	CCSBORF54082	ENSP00000324122.4:p.Arg304Cys	910C>T	CCSBORF13600	KRT34	0.6243839935640848	0.41946793069204913
NC_000019.10:54129184:G:T	PRPF31	ENSG00000105618	CCSBVarC030472	CCSBORF54082	ENSP00000324122.4:p.Gln425His	1275G>T	CCSBORF13662	CYSRT1	-6.282858163111492	0.6090367443148587
NC_000019.10:54122593:G:C	PRPF31	ENSG00000105618	CCSBVarC030428	CCSBORF54082	ENSP00000324122.4:p.Lys140Asn	420G>C	CCSBORF13662	CYSRT1	0.06350448595646892	0.2537953741477419
NC_000019.10:54123902:G:C	PRPF31	ENSG00000105618	CCSBVarC030433	CCSBORF54082	ENSP00000324122.4:p.Ala228Pro	682G>C	CCSBORF13662	CYSRT1	-1.8565555044747137	0.2806097225761557
NC_000019.10:54124557:G:A	PRPF31	ENSG00000105618	CCSBVarC030455	CCSBORF54082	ENSP00000324122.4:p.Gly253Arg	757G>A	CCSBORF13662	CYSRT1	-0.5656667377695699	0.2824637786998249
NC_000019.10:54124564:A:T	PRPF31	ENSG00000105618	CCSBVarC030458	CCSBORF54082	ENSP00000324122.4:p.Gln255Leu	764A>T	CCSBORF13662	CYSRT1	0.14953099513177537	0.2584027070630926
NC_000019.10:54124621:T:C	PRPF31	ENSG00000105618	CCSBVarC030461	CCSBORF54082	ENSP00000324122.4:p.Ile274Thr	821T>C	CCSBORF13662	CYSRT1	-1.7654091261677787	0.28078699694245063
NC_000019.10:54126581:C:T	PRPF31	ENSG00000105618	CCSBVarC030470	CCSBORF54082	ENSP00000324122.4:p.Arg304Cys	910C>T	CCSBORF13662	CYSRT1	0.4682904182627875	0.27910666312987803
NC_000019.10:54129184:G:T	PRPF31	ENSG00000105618	CCSBVarC030472	CCSBORF54082	ENSP00000324122.4:p.Gln425His	1275G>T	CCSBORF13721	PRDM14	-6.944858370584267	1.2296936871438668
NC_000019.10:54122593:G:C	PRPF31	ENSG00000105618	CCSBVarC030428	CCSBORF54082	ENSP00000324122.4:p.Lys140Asn	420G>C	CCSBORF13721	PRDM14	0.37834799996668406	0.30221140306894106
NC_000019.10:54123902:G:C	PRPF31	ENSG00000105618	CCSBVarC030433	CCSBORF54082	ENSP00000324122.4:p.Ala228Pro	682G>C	CCSBORF13721	PRDM14	-4.219382465570237	0.35098178911432504
NC_000019.10:54124557:G:A	PRPF31	ENSG00000105618	CCSBVarC030455	CCSBORF54082	ENSP00000324122.4:p.Gly253Arg	757G>A	CCSBORF13721	PRDM14	-0.5315301156490992	0.3196603796942485
NC_000019.10:54124564:A:T	PRPF31	ENSG00000105618	CCSBVarC030458	CCSBORF54082	ENSP00000324122.4:p.Gln255Leu	764A>T	CCSBORF13721	PRDM14	0.19044867929796178	0.4541480179896653
NC_000019.10:54124621:T:C	PRPF31	ENSG00000105618	CCSBVarC030461	CCSBORF54082	ENSP00000324122.4:p.Ile274Thr	821T>C	CCSBORF13721	PRDM14	-2.362740792057606	0.3255135911201416
NC_000019.10:54126581:C:T	PRPF31	ENSG00000105618	CCSBVarC030470	CCSBORF54082	ENSP00000324122.4:p.Arg304Cys	910C>T	CCSBORF13721	PRDM14	0.0794737468625007	0.3133724152571724
NC_000019.10:54129184:G:T	PRPF31	ENSG00000105618	CCSBVarC030472	CCSBORF54082	ENSP00000324122.4:p.Gln425His	1275G>T	CCSBORF14656	BICD2	-6.267094906047012	0.7724057691675023
NC_000019.10:54122593:G:C	PRPF31	ENSG00000105618	CCSBVarC030428	CCSBORF54082	ENSP00000324122.4:p.Lys140Asn	420G>C	CCSBORF14656	BICD2	0.07644286573986363	0.3962695342199964
NC_000019.10:54123902:G:C	PRPF31	ENSG00000105618	CCSBVarC030433	CCSBORF54082	ENSP00000324122.4:p.Ala228Pro	682G>C	CCSBORF14656	BICD2	-3.47050295751474	0.43297704887049626
NC_000019.10:54124557:G:A	PRPF31	ENSG00000105618	CCSBVarC030455	CCSBORF54082	ENSP00000324122.4:p.Gly253Arg	757G>A	CCSBORF14656	BICD2	-0.1931657447396919	0.4110579901790385
NC_000019.10:54124564:A:T	PRPF31	ENSG00000105618	CCSBVarC030458	CCSBORF54082	ENSP00000324122.4:p.Gln255Leu	764A>T	CCSBORF14656	BICD2	0.14920746563539797	0.399924067001981
NC_000019.10:54124621:T:C	PRPF31	ENSG00000105618	CCSBVarC030461	CCSBORF54082	ENSP00000324122.4:p.Ile274Thr	821T>C	CCSBORF14656	BICD2	-1.843401468071237	0.418645217987491
NC_000019.10:54126581:C:T	PRPF31	ENSG00000105618	CCSBVarC030470	CCSBORF54082	ENSP00000324122.4:p.Arg304Cys	910C>T	CCSBORF14656	BICD2	0.3847439640640322	0.41239393050350903
NC_000019.10:54129184:G:T	PRPF31	ENSG00000105618	CCSBVarC030472	CCSBORF54082	ENSP00000324122.4:p.Gln425His	1275G>T	CCSBORF14935	RBMY1D	-5.494595448528482	0.541758546617713
NC_000019.10:54122593:G:C	PRPF31	ENSG00000105618	CCSBVarC030428	CCSBORF54082	ENSP00000324122.4:p.Lys140Asn	420G>C	CCSBORF14935	RBMY1D	0.009573276600467667	0.3508219297163655
NC_000019.10:54123902:G:C	PRPF31	ENSG00000105618	CCSBVarC030433	CCSBORF54082	ENSP00000324122.4:p.Ala228Pro	682G>C	CCSBORF14935	RBMY1D	-3.9010447745414187	0.405059201825653
NC_000019.10:54124557:G:A	PRPF31	ENSG00000105618	CCSBVarC030455	CCSBORF54082	ENSP00000324122.4:p.Gly253Arg	757G>A	CCSBORF14935	RBMY1D	-0.6127248307541484	0.37381142825304753
NC_000019.10:54124564:A:T	PRPF31	ENSG00000105618	CCSBVarC030458	CCSBORF54082	ENSP00000324122.4:p.Gln255Leu	764A>T	CCSBORF14935	RBMY1D	-0.01575052893224993	0.3563428725308348
NC_000019.10:54124621:T:C	PRPF31	ENSG00000105618	CCSBVarC030461	CCSBORF54082	ENSP00000324122.4:p.Ile274Thr	821T>C	CCSBORF14935	RBMY1D	-3.6329162510355575	0.4171320295591855
NC_000019.10:54126581:C:T	PRPF31	ENSG00000105618	CCSBVarC030470	CCSBORF54082	ENSP00000324122.4:p.Arg304Cys	910C>T	CCSBORF14935	RBMY1D	-0.6434653262106554	0.38299866286907885
NC_000019.10:54129184:G:T	PRPF31	ENSG00000105618	CCSBVarC030472	CCSBORF54082	ENSP00000324122.4:p.Gln425His	1275G>T	CCSBORF1940	RBMY1J	-5.760696440195011	0.6150590811454035
NC_000019.10:54122593:G:C	PRPF31	ENSG00000105618	CCSBVarC030428	CCSBORF54082	ENSP00000324122.4:p.Lys140Asn	420G>C	CCSBORF1940	RBMY1J	0.14683669316543696	0.271484038598613
NC_000019.10:54123902:G:C	PRPF31	ENSG00000105618	CCSBVarC030433	CCSBORF54082	ENSP00000324122.4:p.Ala228Pro	682G>C	CCSBORF1940	RBMY1J	-3.7240102078408914	0.36008892266415327
NC_000019.10:54124557:G:A	PRPF31	ENSG00000105618	CCSBVarC030455	CCSBORF54082	ENSP00000324122.4:p.Gly253Arg	757G>A	CCSBORF1940	RBMY1J	-0.23956774707474635	0.30460214270584074
NC_000019.10:54124564:A:T	PRPF31	ENSG00000105618	CCSBVarC030458	CCSBORF54082	ENSP00000324122.4:p.Gln255Leu	764A>T	CCSBORF1940	RBMY1J	0.34627985648065335	0.28427847526029576
NC_000019.10:54124621:T:C	PRPF31	ENSG00000105618	CCSBVarC030461	CCSBORF54082	ENSP00000324122.4:p.Ile274Thr	821T>C	CCSBORF1940	RBMY1J	-2.6551811709116566	0.35739862061587147
NC_000019.10:54126581:C:T	PRPF31	ENSG00000105618	CCSBVarC030470	CCSBORF54082	ENSP00000324122.4:p.Arg304Cys	910C>T	CCSBORF1940	RBMY1J	-0.08876022788674988	0.3330916029888374
NC_000019.10:54129184:G:T	PRPF31	ENSG00000105618	CCSBVarC030472	CCSBORF54082	ENSP00000324122.4:p.Gln425His	1275G>T	CCSBORF2026	UBXN11	-4.302518834229469	0.7104664489206922
NC_000019.10:54122593:G:C	PRPF31	ENSG00000105618	CCSBVarC030428	CCSBORF54082	ENSP00000324122.4:p.Lys140Asn	420G>C	CCSBORF2026	UBXN11	0.06556421138855031	0.34850524316216736
NC_000019.10:54123902:G:C	PRPF31	ENSG00000105618	CCSBVarC030433	CCSBORF54082	ENSP00000324122.4:p.Ala228Pro	682G>C	CCSBORF2026	UBXN11	-1.8743965218809004	0.24859628513545248
NC_000019.10:54124557:G:A	PRPF31	ENSG00000105618	CCSBVarC030455	CCSBORF54082	ENSP00000324122.4:p.Gly253Arg	757G>A	CCSBORF2026	UBXN11	0.9546762047003968	0.2503715086974052
NC_000019.10:54124564:A:T	PRPF31	ENSG00000105618	CCSBVarC030458	CCSBORF54082	ENSP00000324122.4:p.Gln255Leu	764A>T	CCSBORF2026	UBXN11	0.3618699293122299	0.20216968526551246
NC_000019.10:54124621:T:C	PRPF31	ENSG00000105618	CCSBVarC030461	CCSBORF54082	ENSP00000324122.4:p.Ile274Thr	821T>C	CCSBORF2026	UBXN11	-0.9187604496115956	0.2577150966008632
NC_000019.10:54126581:C:T	PRPF31	ENSG00000105618	CCSBVarC030470	CCSBORF54082	ENSP00000324122.4:p.Arg304Cys	910C>T	CCSBORF2026	UBXN11	1.4149083919940473	0.23441138446283913
NC_000019.10:54129184:G:T	PRPF31	ENSG00000105618	CCSBVarC030472	CCSBORF54082	ENSP00000324122.4:p.Gln425His	1275G>T	CCSBORF2906	EFEMP2	-5.084539764052485	0.43058047897200796
NC_000019.10:54122593:G:C	PRPF31	ENSG00000105618	CCSBVarC030428	CCSBORF54082	ENSP00000324122.4:p.Lys140Asn	420G>C	CCSBORF2906	EFEMP2	0.0024257158822979866	0.2510502130498874
NC_000019.10:54123902:G:C	PRPF31	ENSG00000105618	CCSBVarC030433	CCSBORF54082	ENSP00000324122.4:p.Ala228Pro	682G>C	CCSBORF2906	EFEMP2	-4.569272773963991	0.36429878706750096
NC_000019.10:54124557:G:A	PRPF31	ENSG00000105618	CCSBVarC030455	CCSBORF54082	ENSP00000324122.4:p.Gly253Arg	757G>A	CCSBORF2906	EFEMP2	-0.9106406242280851	0.2920433137337188
NC_000019.10:54124564:A:T	PRPF31	ENSG00000105618	CCSBVarC030458	CCSBORF54082	ENSP00000324122.4:p.Gln255Leu	764A>T	CCSBORF2906	EFEMP2	0.21202739357622785	0.25836691350123114
NC_000019.10:54124621:T:C	PRPF31	ENSG00000105618	CCSBVarC030461	CCSBORF54082	ENSP00000324122.4:p.Ile274Thr	821T>C	CCSBORF2906	EFEMP2	-4.224084157858688	0.37840415946780476
NC_000019.10:54126581:C:T	PRPF31	ENSG00000105618	CCSBVarC030470	CCSBORF54082	ENSP00000324122.4:p.Arg304Cys	910C>T	CCSBORF2906	EFEMP2	-0.35561746207988665	0.3422423801078457
NC_000019.10:54129184:G:T	PRPF31	ENSG00000105618	CCSBVarC030472	CCSBORF54082	ENSP00000324122.4:p.Gln425His	1275G>T	CCSBORF3434	LDOC1	-5.168078544517791	0.9810514587234699
NC_000019.10:54122593:G:C	PRPF31	ENSG00000105618	CCSBVarC030428	CCSBORF54082	ENSP00000324122.4:p.Lys140Asn	420G>C	CCSBORF3434	LDOC1	-0.12571477584349244	0.34145005908644277
NC_000019.10:54123902:G:C	PRPF31	ENSG00000105618	CCSBVarC030433	CCSBORF54082	ENSP00000324122.4:p.Ala228Pro	682G>C	CCSBORF3434	LDOC1	-3.3471232324264575	0.48989181149998506
NC_000019.10:54124557:G:A	PRPF31	ENSG00000105618	CCSBVarC030455	CCSBORF54082	ENSP00000324122.4:p.Gly253Arg	757G>A	CCSBORF3434	LDOC1	-0.5881135297248055	0.3560397372066173
NC_000019.10:54124564:A:T	PRPF31	ENSG00000105618	CCSBVarC030458	CCSBORF54082	ENSP00000324122.4:p.Gln255Leu	764A>T	CCSBORF3434	LDOC1	0.06010145031282624	0.3441452862572007
NC_000019.10:54124621:T:C	PRPF31	ENSG00000105618	CCSBVarC030461	CCSBORF54082	ENSP00000324122.4:p.Ile274Thr	821T>C	CCSBORF3434	LDOC1	-2.3254850552193806	0.36180317760122643
NC_000019.10:54126581:C:T	PRPF31	ENSG00000105618	CCSBVarC030470	CCSBORF54082	ENSP00000324122.4:p.Arg304Cys	910C>T	CCSBORF3434	LDOC1	-0.3935358484245327	0.3553450399050201
NC_000019.10:54129184:G:T	PRPF31	ENSG00000105618	CCSBVarC030472	CCSBORF54082	ENSP00000324122.4:p.Gln425His	1275G>T	CCSBORF4635	RBMX	-5.552768828876971	1.0310206047594508
NC_000019.10:54122593:G:C	PRPF31	ENSG00000105618	CCSBVarC030428	CCSBORF54082	ENSP00000324122.4:p.Lys140Asn	420G>C	CCSBORF4635	RBMX	0.12972114836860926	0.6148417278796161
NC_000019.10:54123902:G:C	PRPF31	ENSG00000105618	CCSBVarC030433	CCSBORF54082	ENSP00000324122.4:p.Ala228Pro	682G>C	CCSBORF4635	RBMX	-3.205174180573531	0.6346081491574156
NC_000019.10:54124557:G:A	PRPF31	ENSG00000105618	CCSBVarC030455	CCSBORF54082	ENSP00000324122.4:p.Gly253Arg	757G>A	CCSBORF4635	RBMX	-0.22695275185483932	0.6281255213607204
NC_000019.10:54124564:A:T	PRPF31	ENSG00000105618	CCSBVarC030458	CCSBORF54082	ENSP00000324122.4:p.Gln255Leu	764A>T	CCSBORF4635	RBMX	0.24330919972850162	0.6193146030013806
NC_000019.10:54124621:T:C	PRPF31	ENSG00000105618	CCSBVarC030461	CCSBORF54082	ENSP00000324122.4:p.Ile274Thr	821T>C	CCSBORF4635	RBMX	-1.9390239003240262	0.631200338201043
NC_000019.10:54126581:C:T	PRPF31	ENSG00000105618	CCSBVarC030470	CCSBORF54082	ENSP00000324122.4:p.Arg304Cys	910C>T	CCSBORF4635	RBMX	-0.5238504916498228	0.6341137160526218
NC_000019.10:54129184:G:T	PRPF31	ENSG00000105618	CCSBVarC030472	CCSBORF54082	ENSP00000324122.4:p.Gln425His	1275G>T	CCSBORF4706	HNRNPK	-5.926323207561711	0.6511206532278889
NC_000019.10:54122593:G:C	PRPF31	ENSG00000105618	CCSBVarC030428	CCSBORF54082	ENSP00000324122.4:p.Lys140Asn	420G>C	CCSBORF4706	HNRNPK	0.09040323288368321	0.3243741873334376
NC_000019.10:54123902:G:C	PRPF31	ENSG00000105618	CCSBVarC030433	CCSBORF54082	ENSP00000324122.4:p.Ala228Pro	682G>C	CCSBORF4706	HNRNPK	-3.4056947950502683	0.4605472095361012
NC_000019.10:54124557:G:A	PRPF31	ENSG00000105618	CCSBVarC030455	CCSBORF54082	ENSP00000324122.4:p.Gly253Arg	757G>A	CCSBORF4706	HNRNPK	-0.18486144623627643	0.3457798648850404
NC_000019.10:54124564:A:T	PRPF31	ENSG00000105618	CCSBVarC030458	CCSBORF54082	ENSP00000324122.4:p.Gln255Leu	764A>T	CCSBORF4706	HNRNPK	0.08153307882730408	0.3280530648449392
NC_000019.10:54124621:T:C	PRPF31	ENSG00000105618	CCSBVarC030461	CCSBORF54082	ENSP00000324122.4:p.Ile274Thr	821T>C	CCSBORF4706	HNRNPK	-2.861868185005129	0.37562172526872417
NC_000019.10:54126581:C:T	PRPF31	ENSG00000105618	CCSBVarC030470	CCSBORF54082	ENSP00000324122.4:p.Arg304Cys	910C>T	CCSBORF4706	HNRNPK	-0.5569595870582739	0.36257135482486547
NC_000019.10:54129184:G:T	PRPF31	ENSG00000105618	CCSBVarC030472	CCSBORF54082	ENSP00000324122.4:p.Gln425His	1275G>T	CCSBORF482	CARD14	-6.2195237698979575	0.516549271596679
NC_000019.10:54122593:G:C	PRPF31	ENSG00000105618	CCSBVarC030428	CCSBORF54082	ENSP00000324122.4:p.Lys140Asn	420G>C	CCSBORF482	CARD14	0.40369714033981297	0.21447128391642667
NC_000019.10:54123902:G:C	PRPF31	ENSG00000105618	CCSBVarC030433	CCSBORF54082	ENSP00000324122.4:p.Ala228Pro	682G>C	CCSBORF482	CARD14	-3.861571095609356	0.28249176225472095
NC_000019.10:54124557:G:A	PRPF31	ENSG00000105618	CCSBVarC030455	CCSBORF54082	ENSP00000324122.4:p.Gly253Arg	757G>A	CCSBORF482	CARD14	-0.15235478883958092	0.253308536262812
NC_000019.10:54124564:A:T	PRPF31	ENSG00000105618	CCSBVarC030458	CCSBORF54082	ENSP00000324122.4:p.Gln255Leu	764A>T	CCSBORF482	CARD14	0.3865225620329842	0.22440197398690656
NC_000019.10:54124621:T:C	PRPF31	ENSG00000105618	CCSBVarC030461	CCSBORF54082	ENSP00000324122.4:p.Ile274Thr	821T>C	CCSBORF482	CARD14	-3.3116173445132113	0.3039605767472171
NC_000019.10:54126581:C:T	PRPF31	ENSG00000105618	CCSBVarC030470	CCSBORF54082	ENSP00000324122.4:p.Arg304Cys	910C>T	CCSBORF482	CARD14	1.6720955002845304	0.24178714284333772
NC_000019.10:54129184:G:T	PRPF31	ENSG00000105618	CCSBVarC030472	CCSBORF54082	ENSP00000324122.4:p.Gln425His	1275G>T	CCSBORF4976	TRIM14	-5.71967838644368	1.0258252577500548
NC_000019.10:54122593:G:C	PRPF31	ENSG00000105618	CCSBVarC030428	CCSBORF54082	ENSP00000324122.4:p.Lys140Asn	420G>C	CCSBORF4976	TRIM14	0.5263284212626489	0.4054963042359507
NC_000019.10:54123902:G:C	PRPF31	ENSG00000105618	CCSBVarC030433	CCSBORF54082	ENSP00000324122.4:p.Ala228Pro	682G>C	CCSBORF4976	TRIM14	-3.3582677340919105	0.441390129312653
NC_000019.10:54124557:G:A	PRPF31	ENSG00000105618	CCSBVarC030455	CCSBORF54082	ENSP00000324122.4:p.Gly253Arg	757G>A	CCSBORF4976	TRIM14	0.11426731049910456	0.4158590646645642
NC_000019.10:54124564:A:T	PRPF31	ENSG00000105618	CCSBVarC030458	CCSBORF54082	ENSP00000324122.4:p.Gln255Leu	764A>T	CCSBORF4976	TRIM14	0.2890740147001522	0.4093466691043271
NC_000019.10:54124621:T:C	PRPF31	ENSG00000105618	CCSBVarC030461	CCSBORF54082	ENSP00000324122.4:p.Ile274Thr	821T>C	CCSBORF4976	TRIM14	-1.9302290935157198	0.5643222159001395
NC_000019.10:54126581:C:T	PRPF31	ENSG00000105618	CCSBVarC030470	CCSBORF54082	ENSP00000324122.4:p.Arg304Cys	910C>T	CCSBORF4976	TRIM14	0.8016687255439576	0.4183693712368792
NC_000019.10:54129184:G:T	PRPF31	ENSG00000105618	CCSBVarC030472	CCSBORF54082	ENSP00000324122.4:p.Gln425His	1275G>T	CCSBORF52859	CCDC136	-5.5767990187633405	0.8287270544924998
NC_000019.10:54122593:G:C	PRPF31	ENSG00000105618	CCSBVarC030428	CCSBORF54082	ENSP00000324122.4:p.Lys140Asn	420G>C	CCSBORF52859	CCDC136	0.049795054968845134	0.3298691240948754
NC_000019.10:54123902:G:C	PRPF31	ENSG00000105618	CCSBVarC030433	CCSBORF54082	ENSP00000324122.4:p.Ala228Pro	682G>C	CCSBORF52859	CCDC136	-3.3258802845452755	0.47738599079911054
NC_000019.10:54124557:G:A	PRPF31	ENSG00000105618	CCSBVarC030455	CCSBORF54082	ENSP00000324122.4:p.Gly253Arg	757G>A	CCSBORF52859	CCDC136	0.6084369006160488	0.388448926824289
NC_000019.10:54124564:A:T	PRPF31	ENSG00000105618	CCSBVarC030458	CCSBORF54082	ENSP00000324122.4:p.Gln255Leu	764A>T	CCSBORF52859	CCDC136	0.32644885683967073	0.3395511170474468
NC_000019.10:54124621:T:C	PRPF31	ENSG00000105618	CCSBVarC030461	CCSBORF54082	ENSP00000324122.4:p.Ile274Thr	821T>C	CCSBORF52859	CCDC136	-0.8193177326607788	0.36930967339971815
NC_000019.10:54126581:C:T	PRPF31	ENSG00000105618	CCSBVarC030470	CCSBORF54082	ENSP00000324122.4:p.Arg304Cys	910C>T	CCSBORF52859	CCDC136	0.3731756754476962	0.3857753776314439
NC_000019.10:54129184:G:T	PRPF31	ENSG00000105618	CCSBVarC030472	CCSBORF54082	ENSP00000324122.4:p.Gln425His	1275G>T	CCSBORF53886	TLE5	-5.822330279037589	0.5987188796879028
NC_000019.10:54122593:G:C	PRPF31	ENSG00000105618	CCSBVarC030428	CCSBORF54082	ENSP00000324122.4:p.Lys140Asn	420G>C	CCSBORF53886	TLE5	0.037169753839825945	0.419673690274764
NC_000019.10:54123902:G:C	PRPF31	ENSG00000105618	CCSBVarC030433	CCSBORF54082	ENSP00000324122.4:p.Ala228Pro	682G>C	CCSBORF53886	TLE5	-1.6567508635908375	0.432612230125157
NC_000019.10:54124557:G:A	PRPF31	ENSG00000105618	CCSBVarC030455	CCSBORF54082	ENSP00000324122.4:p.Gly253Arg	757G>A	CCSBORF53886	TLE5	-0.4462260115676414	0.4421192694579593
NC_000019.10:54124564:A:T	PRPF31	ENSG00000105618	CCSBVarC030458	CCSBORF54082	ENSP00000324122.4:p.Gln255Leu	764A>T	CCSBORF53886	TLE5	0.43245022005015005	0.42995322161395144
NC_000019.10:54124621:T:C	PRPF31	ENSG00000105618	CCSBVarC030461	CCSBORF54082	ENSP00000324122.4:p.Ile274Thr	821T>C	CCSBORF53886	TLE5	-0.9688928145992125	0.7846633926574955
NC_000019.10:54126581:C:T	PRPF31	ENSG00000105618	CCSBVarC030470	CCSBORF54082	ENSP00000324122.4:p.Arg304Cys	910C>T	CCSBORF53886	TLE5	-0.12296242452343387	0.710149662472886
NC_000019.10:54129184:G:T	PRPF31	ENSG00000105618	CCSBVarC030472	CCSBORF54082	ENSP00000324122.4:p.Gln425His	1275G>T	CCSBORF54901	FSD2	-4.795128702454111	1.0090064529065381
NC_000019.10:54122593:G:C	PRPF31	ENSG00000105618	CCSBVarC030428	CCSBORF54082	ENSP00000324122.4:p.Lys140Asn	420G>C	CCSBORF54901	FSD2	0.5006359625745531	0.48469334291330496
NC_000019.10:54123902:G:C	PRPF31	ENSG00000105618	CCSBVarC030433	CCSBORF54082	ENSP00000324122.4:p.Ala228Pro	682G>C	CCSBORF54901	FSD2	-2.82058292355943	0.5144553757761481
NC_000019.10:54124557:G:A	PRPF31	ENSG00000105618	CCSBVarC030455	CCSBORF54082	ENSP00000324122.4:p.Gly253Arg	757G>A	CCSBORF54901	FSD2	0.591642580901091	0.4999702611407874
NC_000019.10:54124564:A:T	PRPF31	ENSG00000105618	CCSBVarC030458	CCSBORF54082	ENSP00000324122.4:p.Gln255Leu	764A>T	CCSBORF54901	FSD2	0.25251851804213543	0.4890067717495646
NC_000019.10:54124621:T:C	PRPF31	ENSG00000105618	CCSBVarC030461	CCSBORF54082	ENSP00000324122.4:p.Ile274Thr	821T>C	CCSBORF54901	FSD2	-1.5769067201049953	0.5046996297490092
NC_000019.10:54126581:C:T	PRPF31	ENSG00000105618	CCSBVarC030470	CCSBORF54082	ENSP00000324122.4:p.Arg304Cys	910C>T	CCSBORF54901	FSD2	0.7960722486336753	0.4971339682889655
NC_000019.10:54129184:G:T	PRPF31	ENSG00000105618	CCSBVarC030472	CCSBORF54082	ENSP00000324122.4:p.Gln425His	1275G>T	CCSBORF55254	ZNF837	-6.506904354301165	0.6443038754332631
NC_000019.10:54122593:G:C	PRPF31	ENSG00000105618	CCSBVarC030428	CCSBORF54082	ENSP00000324122.4:p.Lys140Asn	420G>C	CCSBORF55254	ZNF837	0.4858255139258496	0.34457334520929916
NC_000019.10:54123902:G:C	PRPF31	ENSG00000105618	CCSBVarC030433	CCSBORF54082	ENSP00000324122.4:p.Ala228Pro	682G>C	CCSBORF55254	ZNF837	-3.4911420934082145	0.38866074135934886
NC_000019.10:54124557:G:A	PRPF31	ENSG00000105618	CCSBVarC030455	CCSBORF54082	ENSP00000324122.4:p.Gly253Arg	757G>A	CCSBORF55254	ZNF837	-0.14414584633404054	0.3674257863761723
NC_000019.10:54124564:A:T	PRPF31	ENSG00000105618	CCSBVarC030458	CCSBORF54082	ENSP00000324122.4:p.Gln255Leu	764A>T	CCSBORF55254	ZNF837	0.1301584497169076	0.349032858336795
NC_000019.10:54124621:T:C	PRPF31	ENSG00000105618	CCSBVarC030461	CCSBORF54082	ENSP00000324122.4:p.Ile274Thr	821T>C	CCSBORF55254	ZNF837	-3.4701109968434594	0.42220722252892906
NC_000019.10:54126581:C:T	PRPF31	ENSG00000105618	CCSBVarC030470	CCSBORF54082	ENSP00000324122.4:p.Arg304Cys	910C>T	CCSBORF55254	ZNF837	0.11399126266003515	0.4403983430654988
NC_000019.10:54129184:G:T	PRPF31	ENSG00000105618	CCSBVarC030472	CCSBORF54082	ENSP00000324122.4:p.Gln425His	1275G>T	CCSBORF56141	KRT31	-5.177282632733391	0.65314236577739
NC_000019.10:54122593:G:C	PRPF31	ENSG00000105618	CCSBVarC030428	CCSBORF54082	ENSP00000324122.4:p.Lys140Asn	420G>C	CCSBORF56141	KRT31	0.0011193966767299706	0.37595082073869157
NC_000019.10:54123902:G:C	PRPF31	ENSG00000105618	CCSBVarC030433	CCSBORF54082	ENSP00000324122.4:p.Ala228Pro	682G>C	CCSBORF56141	KRT31	-3.4098052229340166	0.41418955981565625
NC_000019.10:54124557:G:A	PRPF31	ENSG00000105618	CCSBVarC030455	CCSBORF54082	ENSP00000324122.4:p.Gly253Arg	757G>A	CCSBORF56141	KRT31	-0.7978312139396091	0.3949222986319203
NC_000019.10:54124564:A:T	PRPF31	ENSG00000105618	CCSBVarC030458	CCSBORF54082	ENSP00000324122.4:p.Gln255Leu	764A>T	CCSBORF56141	KRT31	0.13863993870692892	0.3801828754835959
NC_000019.10:54124621:T:C	PRPF31	ENSG00000105618	CCSBVarC030461	CCSBORF54082	ENSP00000324122.4:p.Ile274Thr	821T>C	CCSBORF56141	KRT31	-2.8847351456806227	0.46397192626705464
NC_000019.10:54126581:C:T	PRPF31	ENSG00000105618	CCSBVarC030470	CCSBORF54082	ENSP00000324122.4:p.Arg304Cys	910C>T	CCSBORF56141	KRT31	-0.1715987235246893	0.39397994013560533
NC_000019.10:54129184:G:T	PRPF31	ENSG00000105618	CCSBVarC030472	CCSBORF54082	ENSP00000324122.4:p.Gln425His	1275G>T	CCSBORF56717	KRTAP10-8	-4.58785751795741	0.48701605777868046
NC_000019.10:54122593:G:C	PRPF31	ENSG00000105618	CCSBVarC030428	CCSBORF54082	ENSP00000324122.4:p.Lys140Asn	420G>C	CCSBORF56717	KRTAP10-8	-0.0762114360667795	0.24931847380267386
NC_000019.10:54123902:G:C	PRPF31	ENSG00000105618	CCSBVarC030433	CCSBORF54082	ENSP00000324122.4:p.Ala228Pro	682G>C	CCSBORF56717	KRTAP10-8	-4.545771795750859	0.503429212360438
NC_000019.10:54124557:G:A	PRPF31	ENSG00000105618	CCSBVarC030455	CCSBORF54082	ENSP00000324122.4:p.Gly253Arg	757G>A	CCSBORF56717	KRTAP10-8	-0.41133522823736735	0.288169813982619
NC_000019.10:54124564:A:T	PRPF31	ENSG00000105618	CCSBVarC030458	CCSBORF54082	ENSP00000324122.4:p.Gln255Leu	764A>T	CCSBORF56717	KRTAP10-8	0.5406600066196721	0.2571101875210581
NC_000019.10:54124621:T:C	PRPF31	ENSG00000105618	CCSBVarC030461	CCSBORF54082	ENSP00000324122.4:p.Ile274Thr	821T>C	CCSBORF56717	KRTAP10-8	-3.2251460931407903	0.4149882607296259
NC_000019.10:54126581:C:T	PRPF31	ENSG00000105618	CCSBVarC030470	CCSBORF54082	ENSP00000324122.4:p.Arg304Cys	910C>T	CCSBORF56717	KRTAP10-8	-0.18446120365505914	0.30375863956774374
NC_000019.10:54129184:G:T	PRPF31	ENSG00000105618	CCSBVarC030472	CCSBORF54082	ENSP00000324122.4:p.Gln425His	1275G>T	CCSBORF573	HOOK2	-4.804525405479559	0.5835925460885226
NC_000019.10:54122593:G:C	PRPF31	ENSG00000105618	CCSBVarC030428	CCSBORF54082	ENSP00000324122.4:p.Lys140Asn	420G>C	CCSBORF573	HOOK2	0.20261332594660172	0.30245658125069474
NC_000019.10:54123902:G:C	PRPF31	ENSG00000105618	CCSBVarC030433	CCSBORF54082	ENSP00000324122.4:p.Ala228Pro	682G>C	CCSBORF573	HOOK2	-3.015679751112978	0.38218941588918326
NC_000019.10:54124557:G:A	PRPF31	ENSG00000105618	CCSBVarC030455	CCSBORF54082	ENSP00000324122.4:p.Gly253Arg	757G>A	CCSBORF573	HOOK2	-0.2095150460856295	0.3314592116682009
NC_000019.10:54124564:A:T	PRPF31	ENSG00000105618	CCSBVarC030458	CCSBORF54082	ENSP00000324122.4:p.Gln255Leu	764A>T	CCSBORF573	HOOK2	-0.005143714716625447	0.3101253060596263
NC_000019.10:54124621:T:C	PRPF31	ENSG00000105618	CCSBVarC030461	CCSBORF54082	ENSP00000324122.4:p.Ile274Thr	821T>C	CCSBORF573	HOOK2	-1.4327175349566905	0.3407328180241272
NC_000019.10:54126581:C:T	PRPF31	ENSG00000105618	CCSBVarC030470	CCSBORF54082	ENSP00000324122.4:p.Arg304Cys	910C>T	CCSBORF573	HOOK2	0.5522435214453747	0.3276504594486699
NC_000019.10:54129184:G:T	PRPF31	ENSG00000105618	CCSBVarC030472	CCSBORF54082	ENSP00000324122.4:p.Gln425His	1275G>T	CCSBORF5894	TFIP11	-4.98948689950339	0.8697276149228016
NC_000019.10:54122593:G:C	PRPF31	ENSG00000105618	CCSBVarC030428	CCSBORF54082	ENSP00000324122.4:p.Lys140Asn	420G>C	CCSBORF5894	TFIP11	0.17048586720106987	0.3108103605027349
NC_000019.10:54123902:G:C	PRPF31	ENSG00000105618	CCSBVarC030433	CCSBORF54082	ENSP00000324122.4:p.Ala228Pro	682G>C	CCSBORF5894	TFIP11	-1.626714203533417	0.34911296239487327
NC_000019.10:54124557:G:A	PRPF31	ENSG00000105618	CCSBVarC030455	CCSBORF54082	ENSP00000324122.4:p.Gly253Arg	757G>A	CCSBORF5894	TFIP11	0.4797027270172674	0.32542944082790454
NC_000019.10:54124564:A:T	PRPF31	ENSG00000105618	CCSBVarC030458	CCSBORF54082	ENSP00000324122.4:p.Gln255Leu	764A>T	CCSBORF5894	TFIP11	0.19465400212144787	0.31339914190897755
NC_000019.10:54124621:T:C	PRPF31	ENSG00000105618	CCSBVarC030461	CCSBORF54082	ENSP00000324122.4:p.Ile274Thr	821T>C	CCSBORF5894	TFIP11	-0.33865587048822426	0.31765095727484094
NC_000019.10:54126581:C:T	PRPF31	ENSG00000105618	CCSBVarC030470	CCSBORF54082	ENSP00000324122.4:p.Arg304Cys	910C>T	CCSBORF5894	TFIP11	0.6866695162726009	0.3221486026518389
NC_000019.10:54129184:G:T	PRPF31	ENSG00000105618	CCSBVarC030472	CCSBORF54082	ENSP00000324122.4:p.Gln425His	1275G>T	CCSBORF71954	PNMA3	-5.586617907014606	0.539471371242893
NC_000019.10:54122593:G:C	PRPF31	ENSG00000105618	CCSBVarC030428	CCSBORF54082	ENSP00000324122.4:p.Lys140Asn	420G>C	CCSBORF71954	PNMA3	0.03756724469469639	0.2708482976900084
NC_000019.10:54123902:G:C	PRPF31	ENSG00000105618	CCSBVarC030433	CCSBORF54082	ENSP00000324122.4:p.Ala228Pro	682G>C	CCSBORF71954	PNMA3	-4.85855486457481	0.4002353175833526
NC_000019.10:54124557:G:A	PRPF31	ENSG00000105618	CCSBVarC030455	CCSBORF54082	ENSP00000324122.4:p.Gly253Arg	757G>A	CCSBORF71954	PNMA3	-0.6176634023218712	0.29449258191997574
NC_000019.10:54124564:A:T	PRPF31	ENSG00000105618	CCSBVarC030458	CCSBORF54082	ENSP00000324122.4:p.Gln255Leu	764A>T	CCSBORF71954	PNMA3	-0.3736185348077298	0.2768012809945208
NC_000019.10:54124621:T:C	PRPF31	ENSG00000105618	CCSBVarC030461	CCSBORF54082	ENSP00000324122.4:p.Ile274Thr	821T>C	CCSBORF71954	PNMA3	-3.7766355259213418	0.35088979417220073
NC_000019.10:54126581:C:T	PRPF31	ENSG00000105618	CCSBVarC030470	CCSBORF54082	ENSP00000324122.4:p.Arg304Cys	910C>T	CCSBORF71954	PNMA3	-0.4167079683765684	0.29949907846374735
NC_000019.10:54129184:G:T	PRPF31	ENSG00000105618	CCSBVarC030472	CCSBORF54082	ENSP00000324122.4:p.Gln425His	1275G>T	CCSBORF71959	KRTAP1-1	-5.922973129800274	1.7152922891763807
NC_000019.10:54122593:G:C	PRPF31	ENSG00000105618	CCSBVarC030428	CCSBORF54082	ENSP00000324122.4:p.Lys140Asn	420G>C	CCSBORF71959	KRTAP1-1	0.4506714326458211	0.612796265895009
NC_000019.10:54123902:G:C	PRPF31	ENSG00000105618	CCSBVarC030433	CCSBORF54082	ENSP00000324122.4:p.Ala228Pro	682G>C	CCSBORF71959	KRTAP1-1	-4.538499207743055	0.6536453042842411
NC_000019.10:54124557:G:A	PRPF31	ENSG00000105618	CCSBVarC030455	CCSBORF54082	ENSP00000324122.4:p.Gly253Arg	757G>A	CCSBORF71959	KRTAP1-1	-0.8693730980005878	0.6246818575399253
NC_000019.10:54124564:A:T	PRPF31	ENSG00000105618	CCSBVarC030458	CCSBORF54082	ENSP00000324122.4:p.Gln255Leu	764A>T	CCSBORF71959	KRTAP1-1	0.5923416177538463	0.6141658143142663
NC_000019.10:54124621:T:C	PRPF31	ENSG00000105618	CCSBVarC030461	CCSBORF54082	ENSP00000324122.4:p.Ile274Thr	821T>C	CCSBORF71959	KRTAP1-1	-4.442528496707589	0.8289713197240287
NC_000019.10:54126581:C:T	PRPF31	ENSG00000105618	CCSBVarC030470	CCSBORF54082	ENSP00000324122.4:p.Arg304Cys	910C>T	CCSBORF71959	KRTAP1-1	0.4503171100876553	0.6191957375045918
NC_000019.10:54129184:G:T	PRPF31	ENSG00000105618	CCSBVarC030472	CCSBORF54082	ENSP00000324122.4:p.Gln425His	1275G>T	CCSBORF7907	C1QTNF1	-5.565568936172642	0.6490665890067155
NC_000019.10:54122593:G:C	PRPF31	ENSG00000105618	CCSBVarC030428	CCSBORF54082	ENSP00000324122.4:p.Lys140Asn	420G>C	CCSBORF7907	C1QTNF1	-0.037537180945869886	0.3231479557410813
NC_000019.10:54123902:G:C	PRPF31	ENSG00000105618	CCSBVarC030433	CCSBORF54082	ENSP00000324122.4:p.Ala228Pro	682G>C	CCSBORF7907	C1QTNF1	-4.718956604170583	0.47044615154213293
NC_000019.10:54124557:G:A	PRPF31	ENSG00000105618	CCSBVarC030455	CCSBORF54082	ENSP00000324122.4:p.Gly253Arg	757G>A	CCSBORF7907	C1QTNF1	-0.21091251912843528	0.3517818540513446
NC_000019.10:54124564:A:T	PRPF31	ENSG00000105618	CCSBVarC030458	CCSBORF54082	ENSP00000324122.4:p.Gln255Leu	764A>T	CCSBORF7907	C1QTNF1	-0.42026863000477876	0.32999883392889895
NC_000019.10:54124621:T:C	PRPF31	ENSG00000105618	CCSBVarC030461	CCSBORF54082	ENSP00000324122.4:p.Ile274Thr	821T>C	CCSBORF7907	C1QTNF1	-4.131012988333163	0.4598898511746302
NC_000019.10:54126581:C:T	PRPF31	ENSG00000105618	CCSBVarC030470	CCSBORF54082	ENSP00000324122.4:p.Arg304Cys	910C>T	CCSBORF7907	C1QTNF1	0.540237790831568	0.3467582360020816
NC_000019.10:54129184:G:T	PRPF31	ENSG00000105618	CCSBVarC030472	CCSBORF54082	ENSP00000324122.4:p.Gln425His	1275G>T	CCSBORF9378	CCDC57	-5.089650658178855	0.7462360643868567
NC_000019.10:54122593:G:C	PRPF31	ENSG00000105618	CCSBVarC030428	CCSBORF54082	ENSP00000324122.4:p.Lys140Asn	420G>C	CCSBORF9378	CCDC57	0.127289269140106	0.1906676346531597
NC_000019.10:54123902:G:C	PRPF31	ENSG00000105618	CCSBVarC030433	CCSBORF54082	ENSP00000324122.4:p.Ala228Pro	682G>C	CCSBORF9378	CCDC57	-2.831374003199239	0.33745609182381736
NC_000019.10:54124557:G:A	PRPF31	ENSG00000105618	CCSBVarC030455	CCSBORF54082	ENSP00000324122.4:p.Gly253Arg	757G>A	CCSBORF9378	CCDC57	0.3555114587635766	0.26736653020358764
NC_000019.10:54124564:A:T	PRPF31	ENSG00000105618	CCSBVarC030458	CCSBORF54082	ENSP00000324122.4:p.Gln255Leu	764A>T	CCSBORF9378	CCDC57	0.20383156610150446	0.22295609849189876
NC_000019.10:54124621:T:C	PRPF31	ENSG00000105618	CCSBVarC030461	CCSBORF54082	ENSP00000324122.4:p.Ile274Thr	821T>C	CCSBORF9378	CCDC57	-2.3349875196303076	0.35440226885061055
NC_000019.10:54126581:C:T	PRPF31	ENSG00000105618	CCSBVarC030470	CCSBORF54082	ENSP00000324122.4:p.Arg304Cys	910C>T	CCSBORF9378	CCDC57	-0.17039155058069538	0.2958798758966681
NC_000019.10:54129184:G:T	PRPF31	ENSG00000105618	CCSBVarC030472	CCSBORF54082	ENSP00000324122.4:p.Gln425His	1275G>T	CCSBORF9635	DVL3	-5.6972567493925155	0.573178007594644
NC_000019.10:54122593:G:C	PRPF31	ENSG00000105618	CCSBVarC030428	CCSBORF54082	ENSP00000324122.4:p.Lys140Asn	420G>C	CCSBORF9635	DVL3	-0.07551361225418399	0.354525828756918
NC_000019.10:54123902:G:C	PRPF31	ENSG00000105618	CCSBVarC030433	CCSBORF54082	ENSP00000324122.4:p.Ala228Pro	682G>C	CCSBORF9635	DVL3	-1.579818527572781	0.36624880398059945
NC_000019.10:54124557:G:A	PRPF31	ENSG00000105618	CCSBVarC030455	CCSBORF54082	ENSP00000324122.4:p.Gly253Arg	757G>A	CCSBORF9635	DVL3	0.12153701621044213	0.3691095055347286
NC_000019.10:54124564:A:T	PRPF31	ENSG00000105618	CCSBVarC030458	CCSBORF54082	ENSP00000324122.4:p.Gln255Leu	764A>T	CCSBORF9635	DVL3	0.30871227297840587	0.3588229370516046
NC_000019.10:54124621:T:C	PRPF31	ENSG00000105618	CCSBVarC030461	CCSBORF54082	ENSP00000324122.4:p.Ile274Thr	821T>C	CCSBORF9635	DVL3	0.09100881073019096	0.4216102841941823
NC_000019.10:54126581:C:T	PRPF31	ENSG00000105618	CCSBVarC030470	CCSBORF54082	ENSP00000324122.4:p.Arg304Cys	910C>T	CCSBORF9635	DVL3	0.26819925682477735	0.3753043614020438
NC_000019.10:54129184:G:T	PRPF31	ENSG00000105618	CCSBVarC030472	CCSBORF54082	ENSP00000324122.4:p.Gln425His	1275G>T	CCSBORF9746	MTUS2	-7.261770283835299	0.561036862690897
NC_000019.10:54122593:G:C	PRPF31	ENSG00000105618	CCSBVarC030428	CCSBORF54082	ENSP00000324122.4:p.Lys140Asn	420G>C	CCSBORF9746	MTUS2	0.36037226406371103	0.17621184942389553
NC_000019.10:54123902:G:C	PRPF31	ENSG00000105618	CCSBVarC030433	CCSBORF54082	ENSP00000324122.4:p.Ala228Pro	682G>C	CCSBORF9746	MTUS2	-1.896449017513011	0.18955361407993726
NC_000019.10:54124557:G:A	PRPF31	ENSG00000105618	CCSBVarC030455	CCSBORF54082	ENSP00000324122.4:p.Gly253Arg	757G>A	CCSBORF9746	MTUS2	0.2516755775278645	0.21697094953949955
NC_000019.10:54124564:A:T	PRPF31	ENSG00000105618	CCSBVarC030458	CCSBORF54082	ENSP00000324122.4:p.Gln255Leu	764A>T	CCSBORF9746	MTUS2	-0.23024786655212365	0.1659845576793972
NC_000019.10:54124621:T:C	PRPF31	ENSG00000105618	CCSBVarC030461	CCSBORF54082	ENSP00000324122.4:p.Ile274Thr	821T>C	CCSBORF9746	MTUS2	-0.3824084000707231	0.20629559886208068
NC_000019.10:54126581:C:T	PRPF31	ENSG00000105618	CCSBVarC030470	CCSBORF54082	ENSP00000324122.4:p.Arg304Cys	910C>T	CCSBORF9746	MTUS2	0.9582702195542476	0.482044337426586
NC_000010.11:69572997:C:G	NEUROG3	ENSG00000122859	CCSBVarC030871	CCSBORF54175	ENSP00000242462.4:p.Glu16Gln	46G>C	CCSBORF11648	TCF12	-0.05326811030799779	0.33107717734922415
NC_000010.11:69572997:C:G	NEUROG3	ENSG00000122859	CCSBVarC030871	CCSBORF54175	ENSP00000242462.4:p.Glu16Gln	46G>C	CCSBORF56644	TCF4	0.004311445131118891	0.16274580703014876
NC_000014.9:60648998:C:T	SIX1	ENSG00000126778	CCSBVarC022510	CCSBORF5442	ENSP00000494686.1:p.Arg64His	191G>A	CCSBORF53886	TLE5	-0.35811954790111	0.8970959024803582
NC_000014.9:60648873:C:T	SIX1	ENSG00000126778	CCSBVarC022511	CCSBORF5442	ENSP00000494686.1:p.Val106Met	316G>A	CCSBORF53886	TLE5	-0.43970848001797813	0.8959153224650657
NC_000014.9:60648860:C:T	SIX1	ENSG00000126778	CCSBVarC022516	CCSBORF5442	ENSP00000494686.1:p.Arg110Gln	329G>A	CCSBORF53886	TLE5	-0.09175379725898018	0.9012915918108232
NC_000014.9:60648860:C:A	SIX1	ENSG00000126778	CCSBVarC022519	CCSBORF5442	ENSP00000494686.1:p.Arg110Leu	329G>T	CCSBORF53886	TLE5	-1.4652313494369633	0.8998997783019463
NC_000014.9:60648825:A:T	SIX1	ENSG00000126778	CCSBVarC022522	CCSBORF5442	ENSP00000494686.1:p.Trp122Arg	364T>A	CCSBORF53886	TLE5	-0.13156700490142617	0.8988918036380322
NC_000014.9:60648816:C:T	SIX1	ENSG00000126778	CCSBVarC022526	CCSBORF5442	ENSP00000494686.1:p.Glu125Lys	373G>A	CCSBORF53886	TLE5	-0.12467514568105989	0.8977532926112035
NC_000014.9:60648803:T:G	SIX1	ENSG00000126778	CCSBVarC022539	CCSBORF5442	ENSP00000494686.1:p.Tyr129Ser	386A>C	CCSBORF53886	TLE5	-0.28760071239875373	0.898471656837522
NC_000014.9:60648793:C:G	SIX1	ENSG00000126778	CCSBVarC022555	CCSBORF5442	ENSP00000494686.1:p.Lys132Asn	396G>C	CCSBORF53886	TLE5	-0.5500641358380322	0.8971788992745083
NC_000014.9:60648773:A:C	SIX1	ENSG00000126778	CCSBVarC022557	CCSBORF5442	ENSP00000494686.1:p.Leu139Arg	416T>G	CCSBORF53886	TLE5	-2.064016988279157	0.8992420947683307
NC_000014.9:60648688:C:G	SIX1	ENSG00000126778	CCSBVarC022564	CCSBORF5442	ENSP00000494686.1:p.Gln167His	501G>C	CCSBORF53886	TLE5	-1.0286557551684767	0.8977828270316645
NC_000014.9:60648679:G:C	SIX1	ENSG00000126778	CCSBVarC022566	CCSBORF5442	ENSP00000494686.1:p.Asn170Lys	510C>G	CCSBORF53886	TLE5	-0.37903586515255416	0.8996235715512125
NC_000014.9:60646559:T:A	SIX1	ENSG00000126778	CCSBVarC022569	CCSBORF5442	ENSP00000494686.1:p.Asn193Ile	578A>T	CCSBORF53886	TLE5	-0.6487426626801398	1.0238754198918358
NC_000014.9:60646432:C:A	SIX1	ENSG00000126778	CCSBVarC022573	CCSBORF5442	ENSP00000494686.1:p.Gln235His	705G>T	CCSBORF53886	TLE5	-0.39892931242439295	0.8960696643274166
NC_000014.9:60646391:G:T	SIX1	ENSG00000126778	CCSBVarC022576	CCSBORF5442	ENSP00000494686.1:p.Pro249Gln	746C>A	CCSBORF53886	TLE5	-0.41288094177541235	0.898635148549669
NC_000014.9:60648998:C:T	SIX1	ENSG00000126778	CCSBVarC022510	CCSBORF5442	ENSP00000494686.1:p.Arg64His	191G>A	CCSBORF56381	EYA1	-0.6640121584430568	0.6566267846052642
NC_000014.9:60648873:C:T	SIX1	ENSG00000126778	CCSBVarC022511	CCSBORF5442	ENSP00000494686.1:p.Val106Met	316G>A	CCSBORF56381	EYA1	-0.8685187746689272	0.656102352281819
NC_000014.9:60648860:C:T	SIX1	ENSG00000126778	CCSBVarC022516	CCSBORF5442	ENSP00000494686.1:p.Arg110Gln	329G>A	CCSBORF56381	EYA1	-0.6029395960418877	0.6691690379500426
NC_000014.9:60648860:C:A	SIX1	ENSG00000126778	CCSBVarC022519	CCSBORF5442	ENSP00000494686.1:p.Arg110Leu	329G>T	CCSBORF56381	EYA1	-0.5780414446871075	0.6580559182552882
NC_000014.9:60648825:A:T	SIX1	ENSG00000126778	CCSBVarC022522	CCSBORF5442	ENSP00000494686.1:p.Trp122Arg	364T>A	CCSBORF56381	EYA1	-0.8801629692406652	0.6627804861574157
NC_000014.9:60648816:C:T	SIX1	ENSG00000126778	CCSBVarC022526	CCSBORF5442	ENSP00000494686.1:p.Glu125Lys	373G>A	CCSBORF56381	EYA1	-0.5944503921987723	0.6603942225565489
NC_000014.9:60648803:T:G	SIX1	ENSG00000126778	CCSBVarC022539	CCSBORF5442	ENSP00000494686.1:p.Tyr129Ser	386A>C	CCSBORF56381	EYA1	-0.8887621236800995	0.6600336529969569
NC_000014.9:60648793:C:G	SIX1	ENSG00000126778	CCSBVarC022555	CCSBORF5442	ENSP00000494686.1:p.Lys132Asn	396G>C	CCSBORF56381	EYA1	-0.6927624146174577	0.657151744096334
NC_000014.9:60648773:A:C	SIX1	ENSG00000126778	CCSBVarC022557	CCSBORF5442	ENSP00000494686.1:p.Leu139Arg	416T>G	CCSBORF56381	EYA1	-0.47739347023015727	0.6557063956539176
NC_000014.9:60648688:C:G	SIX1	ENSG00000126778	CCSBVarC022564	CCSBORF5442	ENSP00000494686.1:p.Gln167His	501G>C	CCSBORF56381	EYA1	-0.5947317939503917	0.6569188374072233
NC_000014.9:60648679:G:C	SIX1	ENSG00000126778	CCSBVarC022566	CCSBORF5442	ENSP00000494686.1:p.Asn170Lys	510C>G	CCSBORF56381	EYA1	-0.2023851699117284	0.6587128564812327
NC_000014.9:60646559:T:A	SIX1	ENSG00000126778	CCSBVarC022569	CCSBORF5442	ENSP00000494686.1:p.Asn193Ile	578A>T	CCSBORF56381	EYA1	NULL	NULL
NC_000014.9:60646432:C:A	SIX1	ENSG00000126778	CCSBVarC022573	CCSBORF5442	ENSP00000494686.1:p.Gln235His	705G>T	CCSBORF56381	EYA1	-0.6909239128792819	0.6557332466359488
NC_000014.9:60646391:G:T	SIX1	ENSG00000126778	CCSBVarC022576	CCSBORF5442	ENSP00000494686.1:p.Pro249Gln	746C>A	CCSBORF56381	EYA1	-0.6030535391827507	0.6583359031959579
NC_000003.12:49057443:C:A	QRICH1	ENSG00000198218	CCSBVarC031037	CCSBORF54736	ENSP00000378830.2:p.Met252Ile	756G>T	CCSBORF100080464	HIVEP1	0.10925408028599336	0.42283077942658387
NC_000003.12:49057348:G:A	QRICH1	ENSG00000198218	CCSBVarC031040	CCSBORF54736	ENSP00000378830.2:p.Pro284Leu	851C>T	CCSBORF100080464	HIVEP1	-5.2548628807236195	0.42929730040091524
NC_000003.12:49057443:C:A	QRICH1	ENSG00000198218	CCSBVarC031037	CCSBORF54736	ENSP00000378830.2:p.Met252Ile	756G>T	CCSBORF10876	POGZ	-0.04069645802386869	0.23558904627560218
NC_000003.12:49057348:G:A	QRICH1	ENSG00000198218	CCSBVarC031040	CCSBORF54736	ENSP00000378830.2:p.Pro284Leu	851C>T	CCSBORF10876	POGZ	-5.876065968265452	0.2003409890284447
NC_000003.12:49057443:C:A	QRICH1	ENSG00000198218	CCSBVarC031037	CCSBORF54736	ENSP00000378830.2:p.Met252Ile	756G>T	CCSBORF4516	GMCL1	-0.10497226336562798	0.5382721802536771
NC_000003.12:49057348:G:A	QRICH1	ENSG00000198218	CCSBVarC031040	CCSBORF54736	ENSP00000378830.2:p.Pro284Leu	851C>T	CCSBORF4516	GMCL1	-5.896051835582111	0.5089546190888595
NC_000003.12:49057443:C:A	QRICH1	ENSG00000198218	CCSBVarC031037	CCSBORF54736	ENSP00000378830.2:p.Met252Ile	756G>T	CCSBORF4546	ZYX	-0.4176030335791392	0.0881309689964412
NC_000003.12:49057348:G:A	QRICH1	ENSG00000198218	CCSBVarC031040	CCSBORF54736	ENSP00000378830.2:p.Pro284Leu	851C>T	CCSBORF4546	ZYX	-6.605640740494693	0.15000546217024946
NC_000003.12:49057443:C:A	QRICH1	ENSG00000198218	CCSBVarC031037	CCSBORF54736	ENSP00000378830.2:p.Met252Ile	756G>T	CCSBORF5359	FHL3	-0.27322928313601214	1.7673786982288677
NC_000003.12:49057348:G:A	QRICH1	ENSG00000198218	CCSBVarC031040	CCSBORF54736	ENSP00000378830.2:p.Pro284Leu	851C>T	CCSBORF5359	FHL3	-7.472473986448453	2.1850004149480937
NC_000003.12:49057443:C:A	QRICH1	ENSG00000198218	CCSBVarC031037	CCSBORF54736	ENSP00000378830.2:p.Met252Ile	756G>T	CCSBORF931	SEPHS1	0.336517838092321	0.260462272829491
NC_000003.12:49057348:G:A	QRICH1	ENSG00000198218	CCSBVarC031040	CCSBORF54736	ENSP00000378830.2:p.Pro284Leu	851C>T	CCSBORF931	SEPHS1	-4.988515392167649	0.3550541170376963
NC_000003.12:49057443:C:A	QRICH1	ENSG00000198218	CCSBVarC031037	CCSBORF54736	ENSP00000378830.2:p.Met252Ile	756G>T	CCSBORF9321	DNAAF6	1.2018222851046696	0.39756691302473374
NC_000003.12:49057348:G:A	QRICH1	ENSG00000198218	CCSBVarC031040	CCSBORF54736	ENSP00000378830.2:p.Pro284Leu	851C>T	CCSBORF9321	DNAAF6	-4.382317298425477	0.5035159635458661
NC_000023.11:101413278:A:G	HNRNPH2	ENSG00000126945	CCSBVarC031077	CCSBORF54741	ENSP00000361927.2:p.Ser431Gly	1291A>G	CCSBORF5942	MSI2	-0.45838290272708704	0.7100514572428549
NC_000023.11:101412603:C:T	HNRNPH2	ENSG00000126945	CCSBVarC031062	CCSBORF54741	ENSP00000361927.2:p.Arg206Trp	616C>T	CCSBORF5942	MSI2	-0.7259521179723053	0.7056988401373215
NC_000023.11:101412613:C:T	HNRNPH2	ENSG00000126945	CCSBVarC031068	CCSBORF54741	ENSP00000361927.2:p.Pro209Leu	626C>T	CCSBORF5942	MSI2	-0.9006820342426841	0.7256739688189894
NC_000023.11:101412616:A:G	HNRNPH2	ENSG00000126945	CCSBVarC031071	CCSBORF54741	ENSP00000361927.2:p.Tyr210Cys	629A>G	CCSBORF5942	MSI2	0.23033482136458922	0.7066271587283323
NC_000023.11:101412623:G:T	HNRNPH2	ENSG00000126945	CCSBVarC031075	CCSBORF54741	ENSP00000361927.2:p.Arg212Ser	636G>T	CCSBORF5942	MSI2	0.9831439963492847	0.7037410816377869
NC_000023.11:101412756:T:A	HNRNPH2	ENSG00000126945	CCSBVarC031076	CCSBORF54741	ENSP00000361927.2:p.Ser257Thr	769T>A	CCSBORF5942	MSI2	-0.8457781844841522	0.7518337907072932
NC_000016.10:71568717:G:A	TAT	ENSG00000198650	CCSBVarC033362	CCSBORF54914	ENSP00000348234.4:p.Pro406Leu	1217C>T	CCSBORF54914	TAT	-2.8762821810221864	0.3567704454491385
NC_000016.10:71576282:G:A	TAT	ENSG00000198650	CCSBVarC033348	CCSBORF54914	ENSP00000348234.4:p.Pro45Ser	133C>T	CCSBORF54914	TAT	0.18654916447311343	0.4441628809234636
NC_000016.10:71575921:C:T	TAT	ENSG00000198650	CCSBVarC033350	CCSBORF54914	ENSP00000348234.4:p.Gly114Ser	340G>A	CCSBORF54914	TAT	-0.622542471666056	0.3431726679827179
NC_000016.10:71572656:G:A	TAT	ENSG00000198650	CCSBVarC033352	CCSBORF54914	ENSP00000348234.4:p.Ala147Val	440C>T	CCSBORF54914	TAT	-0.11320950469508834	0.34758987953284304
NC_000016.10:71572644:C:T	TAT	ENSG00000198650	CCSBVarC033354	CCSBORF54914	ENSP00000348234.4:p.Cys151Tyr	452G>A	CCSBORF54914	TAT	-3.711954964255883	0.4306598207616046
NC_000016.10:71570380:A:G	TAT	ENSG00000198650	CCSBVarC033357	CCSBORF54914	ENSP00000348234.4:p.Val310Ala	929T>C	CCSBORF54914	TAT	-0.14193877866666282	0.34484839580634474
NC_000011.10:111911608:G:A	CRYAB	ENSG00000109846	CCSBVarC022950	CCSBORF5585	ENSP00000499082.1:p.Pro39Leu	116C>T	CCSBORF13813	CRYAA	-0.497710123316951	0.37739880078265525
NC_000011.10:111910330:C:A	CRYAB	ENSG00000109846	CCSBVarC022953	CCSBORF5585	ENSP00000499082.1:p.Arg107Leu	320G>T	CCSBORF13813	CRYAA	-1.8272341577811806	0.3838139112532385
NC_000011.10:111908965:T:C	CRYAB	ENSG00000109846	CCSBVarC022954	CCSBORF5585	ENSP00000499082.1:p.Asp109Gly	326A>G	CCSBORF13813	CRYAA	-3.464603025546813	0.39290008466165477
NC_000011.10:111911692:C:T	CRYAB	ENSG00000109846	CCSBVarC022944	CCSBORF5585	ENSP00000499082.1:p.Arg11His	32G>A	CCSBORF13813	CRYAA	-0.06584384276152572	0.3778975975240116
NC_000011.10:111911690:G:A	CRYAB	ENSG00000109846	CCSBVarC022946	CCSBORF5585	ENSP00000499082.1:p.Arg12Cys	34C>T	CCSBORF13813	CRYAA	-0.4556470876703562	0.37976609176737935
NC_000011.10:111908921:T:C	CRYAB	ENSG00000109846	CCSBVarC022955	CCSBORF5585	ENSP00000499082.1:p.Ile124Val	370A>G	CCSBORF13813	CRYAA	-0.21767085298957375	0.3905014999665229
NC_000010.11:79559335:C:G	SFTPA2	ENSG00000185303	CCSBVarC031363	CCSBORF56023	ENSP00000361400.2:p.Val50Leu	148G>C	CCSBORF71001	UBQLN2	-0.15994453886610896	0.48866413194640657
NC_000010.11:79558980:G:A	SFTPA2	ENSG00000185303	CCSBVarC031365	CCSBORF56023	ENSP00000361400.2:p.Thr66Ile	197C>T	CCSBORF71001	UBQLN2	0.12970673677804906	0.44167520375748703
NC_000010.11:79558923:C:T	SFTPA2	ENSG00000185303	CCSBVarC031369	CCSBORF56023	ENSP00000361400.2:p.Arg85His	254G>A	CCSBORF71001	UBQLN2	-0.23536083919352566	0.5578363453754632
NC_000010.11:79559457:G:T	SFTPA2	ENSG00000185303	CCSBVarC031361	CCSBORF56023	ENSP00000361400.2:p.Thr9Asn	26C>A	CCSBORF71001	UBQLN2	-2.5051950727770538	0.501215741523631
NC_000010.11:79557423:C:T	SFTPA2	ENSG00000185303	CCSBVarC031391	CCSBORF56023	ENSP00000361400.2:p.Val178Met	532G>A	CCSBORF71001	UBQLN2	0.3088224303575773	0.43360771484256033
NC_000010.11:79557258:A:T	SFTPA2	ENSG00000185303	CCSBVarC031395	CCSBORF56023	ENSP00000361400.2:p.Trp233Arg	697T>A	CCSBORF71001	UBQLN2	-0.27643957893039983	0.43758048961888174
NC_000002.12:232544430:T:C	CHRNG	ENSG00000196811	CCSBVarC031644	CCSBORF56278	ENSP00000374143.3:p.Val315Ala	944T>C	CCSBORF13662	CYSRT1	0.09486020788980902	0.1629857811544647
NC_000002.12:232544430:T:C	CHRNG	ENSG00000196811	CCSBVarC031644	CCSBORF56278	ENSP00000374143.3:p.Val315Ala	944T>C	CCSBORF13791	KRTAP5-9	-0.06464465440448854	0.1547639627486632
NC_000002.12:232544430:T:C	CHRNG	ENSG00000196811	CCSBVarC031644	CCSBORF56278	ENSP00000374143.3:p.Val315Ala	944T>C	CCSBORF55237	NOTCH2NLA	0.14298198089680267	0.14499725912758524
NC_000002.12:232544430:T:C	CHRNG	ENSG00000196811	CCSBVarC031644	CCSBORF56278	ENSP00000374143.3:p.Val315Ala	944T>C	CCSBORF56717	KRTAP10-8	0.17576036140950968	0.12364629139207507
NC_000002.12:232544430:T:C	CHRNG	ENSG00000196811	CCSBVarC031644	CCSBORF56278	ENSP00000374143.3:p.Val315Ala	944T>C	CCSBORF71959	KRTAP1-1	-0.12419213909613269	0.12982535697513342
NC_000017.11:40628982:G:C	SMARCE1	ENSG00000073584	CCSBVarC023364	CCSBORF5702	ENSP00000323967.6:p.His346Gln	1038C>G	CCSBORF100011278	KRT16	-0.879142738961465	1.1033279395163478
NC_000017.11:40628789:C:T	SMARCE1	ENSG00000073584	CCSBVarC023384	CCSBORF5702	ENSP00000323967.6:p.Glu411Lys	1231G>A	CCSBORF100011278	KRT16	-1.143957599028705	1.1004899121686122
NC_000017.11:40630785:C:T	SMARCE1	ENSG00000073584	CCSBVarC023347	CCSBORF5702	ENSP00000323967.6:p.Val319Ile	955G>A	CCSBORF100011278	KRT16	-0.9258731620093642	1.0999665700110177
NC_000017.11:40628982:G:C	SMARCE1	ENSG00000073584	CCSBVarC023364	CCSBORF5702	ENSP00000323967.6:p.His346Gln	1038C>G	CCSBORF100011508	GRIPAP1	-0.5598741284130131	0.5467608259757851
NC_000017.11:40628789:C:T	SMARCE1	ENSG00000073584	CCSBVarC023384	CCSBORF5702	ENSP00000323967.6:p.Glu411Lys	1231G>A	CCSBORF100011508	GRIPAP1	-0.727194734845335	0.38847267283370235
NC_000017.11:40630785:C:T	SMARCE1	ENSG00000073584	CCSBVarC023347	CCSBORF5702	ENSP00000323967.6:p.Val319Ile	955G>A	CCSBORF100011508	GRIPAP1	-0.6866277366007484	0.3858364905771477
NC_000017.11:40628982:G:C	SMARCE1	ENSG00000073584	CCSBVarC023364	CCSBORF5702	ENSP00000323967.6:p.His346Gln	1038C>G	CCSBORF10460	GOLGA6L9	-1.1893175725541094	0.8260939769403441
NC_000017.11:40628789:C:T	SMARCE1	ENSG00000073584	CCSBVarC023384	CCSBORF5702	ENSP00000323967.6:p.Glu411Lys	1231G>A	CCSBORF10460	GOLGA6L9	-1.1100848022020902	0.8215833766514856
NC_000017.11:40630785:C:T	SMARCE1	ENSG00000073584	CCSBVarC023347	CCSBORF5702	ENSP00000323967.6:p.Val319Ile	955G>A	CCSBORF10460	GOLGA6L9	-1.0934347331282732	0.8202499520677284
NC_000017.11:40628982:G:C	SMARCE1	ENSG00000073584	CCSBVarC023364	CCSBORF5702	ENSP00000323967.6:p.His346Gln	1038C>G	CCSBORF1496	CEP170	-1.325572609975364	0.7069253006806429
NC_000017.11:40628789:C:T	SMARCE1	ENSG00000073584	CCSBVarC023384	CCSBORF5702	ENSP00000323967.6:p.Glu411Lys	1231G>A	CCSBORF1496	CEP170	-1.2400283153110572	0.7029508892410861
NC_000017.11:40630785:C:T	SMARCE1	ENSG00000073584	CCSBVarC023347	CCSBORF5702	ENSP00000323967.6:p.Val319Ile	955G>A	CCSBORF1496	CEP170	-0.9424941355850395	0.7018595014502403
NC_000017.11:40628982:G:C	SMARCE1	ENSG00000073584	CCSBVarC023364	CCSBORF5702	ENSP00000323967.6:p.His346Gln	1038C>G	CCSBORF2384	RALBP1	0.5719432196669065	0.8202358052648614
NC_000017.11:40628789:C:T	SMARCE1	ENSG00000073584	CCSBVarC023384	CCSBORF5702	ENSP00000323967.6:p.Glu411Lys	1231G>A	CCSBORF2384	RALBP1	0.44382120001114433	0.8525515375613248
NC_000017.11:40630785:C:T	SMARCE1	ENSG00000073584	CCSBVarC023347	CCSBORF5702	ENSP00000323967.6:p.Val319Ile	955G>A	CCSBORF2384	RALBP1	0.81676596883818	0.8148424113172759
NC_000017.11:40628982:G:C	SMARCE1	ENSG00000073584	CCSBVarC023364	CCSBORF5702	ENSP00000323967.6:p.His346Gln	1038C>G	CCSBORF2910	AMOTL2	-1.9423039935433324	0.2809296767785361
NC_000017.11:40628789:C:T	SMARCE1	ENSG00000073584	CCSBVarC023384	CCSBORF5702	ENSP00000323967.6:p.Glu411Lys	1231G>A	CCSBORF2910	AMOTL2	-1.9619101553966591	0.1927842068796284
NC_000017.11:40630785:C:T	SMARCE1	ENSG00000073584	CCSBVarC023347	CCSBORF5702	ENSP00000323967.6:p.Val319Ile	955G>A	CCSBORF2910	AMOTL2	-1.9032162886934576	0.20427177535291258
NC_000017.11:40628982:G:C	SMARCE1	ENSG00000073584	CCSBVarC023364	CCSBORF5702	ENSP00000323967.6:p.His346Gln	1038C>G	CCSBORF52859	CCDC136	-2.057253832272277	0.8062702972656929
NC_000017.11:40628789:C:T	SMARCE1	ENSG00000073584	CCSBVarC023384	CCSBORF5702	ENSP00000323967.6:p.Glu411Lys	1231G>A	CCSBORF52859	CCDC136	-1.9782381156954614	0.7969647499968323
NC_000017.11:40630785:C:T	SMARCE1	ENSG00000073584	CCSBVarC023347	CCSBORF5702	ENSP00000323967.6:p.Val319Ile	955G>A	CCSBORF52859	CCDC136	-1.5919732199383334	0.7946446658501289
NC_000017.11:40628982:G:C	SMARCE1	ENSG00000073584	CCSBVarC023364	CCSBORF5702	ENSP00000323967.6:p.His346Gln	1038C>G	CCSBORF53053	CCHCR1	-1.6304811364892864	0.30994885917621473
NC_000017.11:40628789:C:T	SMARCE1	ENSG00000073584	CCSBVarC023384	CCSBORF5702	ENSP00000323967.6:p.Glu411Lys	1231G>A	CCSBORF53053	CCHCR1	-1.523467255661355	0.30075537442638844
NC_000017.11:40630785:C:T	SMARCE1	ENSG00000073584	CCSBVarC023347	CCSBORF5702	ENSP00000323967.6:p.Val319Ile	955G>A	CCSBORF53053	CCHCR1	-1.2891658667286532	0.4232125481546841
NC_000017.11:40628982:G:C	SMARCE1	ENSG00000073584	CCSBVarC023364	CCSBORF5702	ENSP00000323967.6:p.His346Gln	1038C>G	CCSBORF54668	KRT40	-2.038354708528181	0.18958543026326247
NC_000017.11:40628789:C:T	SMARCE1	ENSG00000073584	CCSBVarC023384	CCSBORF5702	ENSP00000323967.6:p.Glu411Lys	1231G>A	CCSBORF54668	KRT40	-1.8459143023937865	0.17288750817364099
NC_000017.11:40630785:C:T	SMARCE1	ENSG00000073584	CCSBVarC023347	CCSBORF5702	ENSP00000323967.6:p.Val319Ile	955G>A	CCSBORF54668	KRT40	-1.851382962365896	0.27745531578193244
NC_000017.11:40628982:G:C	SMARCE1	ENSG00000073584	CCSBVarC023364	CCSBORF5702	ENSP00000323967.6:p.His346Gln	1038C>G	CCSBORF56141	KRT31	-2.1681672239301104	0.28964955617450755
NC_000017.11:40628789:C:T	SMARCE1	ENSG00000073584	CCSBVarC023384	CCSBORF5702	ENSP00000323967.6:p.Glu411Lys	1231G>A	CCSBORF56141	KRT31	-2.221190392806382	0.27415551505137786
NC_000017.11:40630785:C:T	SMARCE1	ENSG00000073584	CCSBVarC023347	CCSBORF5702	ENSP00000323967.6:p.Val319Ile	955G>A	CCSBORF56141	KRT31	-2.0222778556563927	0.26962238853395964
NC_000017.11:40628982:G:C	SMARCE1	ENSG00000073584	CCSBVarC023364	CCSBORF5702	ENSP00000323967.6:p.His346Gln	1038C>G	CCSBORF5894	TFIP11	-0.7973170594094807	1.6907348720786477
NC_000017.11:40628789:C:T	SMARCE1	ENSG00000073584	CCSBVarC023384	CCSBORF5702	ENSP00000323967.6:p.Glu411Lys	1231G>A	CCSBORF5894	TFIP11	-0.48846911110291824	1.6888030058734997
NC_000017.11:40630785:C:T	SMARCE1	ENSG00000073584	CCSBVarC023347	CCSBORF5702	ENSP00000323967.6:p.Val319Ile	955G>A	CCSBORF5894	TFIP11	-0.438634309398676	1.688424274327077
NC_000017.11:40628982:G:C	SMARCE1	ENSG00000073584	CCSBVarC023364	CCSBORF5702	ENSP00000323967.6:p.His346Gln	1038C>G	CCSBORF9746	MTUS2	-1.7040895881208291	0.3508654696493703
NC_000017.11:40628789:C:T	SMARCE1	ENSG00000073584	CCSBVarC023384	CCSBORF5702	ENSP00000323967.6:p.Glu411Lys	1231G>A	CCSBORF9746	MTUS2	-2.0287683419384206	0.4007087984146503
NC_000017.11:40630785:C:T	SMARCE1	ENSG00000073584	CCSBVarC023347	CCSBORF5702	ENSP00000323967.6:p.Val319Ile	955G>A	CCSBORF9746	MTUS2	-1.5855334551090725	0.3409615590348359
NC_000001.11:154176220:G:C	TPM3	ENSG00000143549	CCSBVarC023397	CCSBORF5712	ENSP00000498577.1:p.Arg91Gly	271C>G	CCSBORF4621	KXD1	-0.1338043304551125	0.195856381875355
NC_000001.11:154176220:G:A	TPM3	ENSG00000143549	CCSBVarC023399	CCSBORF5712	ENSP00000498577.1:p.Arg91Cys	271C>T	CCSBORF4621	KXD1	0.2094776110580135	0.20717621128102434
NC_000001.11:154176193:G:C	TPM3	ENSG00000143549	CCSBVarC023408	CCSBORF5712	ENSP00000498577.1:p.Leu100Val	298C>G	CCSBORF4621	KXD1	-0.6345231421107665	0.22495955935868678
NC_000001.11:154172938:G:A	TPM3	ENSG00000143549	CCSBVarC023425	CCSBORF5712	ENSP00000498577.1:p.Arg179Cys	535C>T	CCSBORF4621	KXD1	-0.6468931817535679	0.1985522351700576
NC_000001.11:154170416:G:T	TPM3	ENSG00000143549	CCSBVarC023430	CCSBORF5712	ENSP00000498577.1:p.Thr253Lys	758C>A	CCSBORF4621	KXD1	-2.97076490996021	0.19813137840402478
NC_000001.11:154192011:C:G	TPM3	ENSG00000143549	CCSBVarC023385	CCSBORF5712	ENSP00000498577.1:p.Glu3Gln	7G>C	CCSBORF4621	KXD1	-0.10260034938749792	0.18643036789046136
NC_000001.11:154191926:T:G	TPM3	ENSG00000143549	CCSBVarC023395	CCSBORF5712	ENSP00000498577.1:p.Lys31Thr	92A>C	CCSBORF4621	KXD1	-0.4052131676063053	0.18628520613626334
NC_000001.11:154176220:G:C	TPM3	ENSG00000143549	CCSBVarC023397	CCSBORF5712	ENSP00000498577.1:p.Arg91Gly	271C>G	CCSBORF53053	CCHCR1	0.2375111567675004	0.6155020997803626
NC_000001.11:154176220:G:A	TPM3	ENSG00000143549	CCSBVarC023399	CCSBORF5712	ENSP00000498577.1:p.Arg91Cys	271C>T	CCSBORF53053	CCHCR1	0.8096797239537596	0.6189196569804426
NC_000001.11:154176193:G:C	TPM3	ENSG00000143549	CCSBVarC023408	CCSBORF5712	ENSP00000498577.1:p.Leu100Val	298C>G	CCSBORF53053	CCHCR1	-0.5671151879351535	0.629042016194372
NC_000001.11:154172938:G:A	TPM3	ENSG00000143549	CCSBVarC023425	CCSBORF5712	ENSP00000498577.1:p.Arg179Cys	535C>T	CCSBORF53053	CCHCR1	-1.259756560839866	0.6233428347305048
NC_000001.11:154170416:G:T	TPM3	ENSG00000143549	CCSBVarC023430	CCSBORF5712	ENSP00000498577.1:p.Thr253Lys	758C>A	CCSBORF53053	CCHCR1	-5.0915905942106825	0.8380750771590288
NC_000001.11:154192011:C:G	TPM3	ENSG00000143549	CCSBVarC023385	CCSBORF5712	ENSP00000498577.1:p.Glu3Gln	7G>C	CCSBORF53053	CCHCR1	1.0729500531083165	0.6117221031049004
NC_000001.11:154191926:T:G	TPM3	ENSG00000143549	CCSBVarC023395	CCSBORF5712	ENSP00000498577.1:p.Lys31Thr	92A>C	CCSBORF53053	CCHCR1	-1.0739984904496216	0.6130294048744761
NC_000001.11:154176220:G:C	TPM3	ENSG00000143549	CCSBVarC023397	CCSBORF5712	ENSP00000498577.1:p.Arg91Gly	271C>G	CCSBORF56653	HSF2	0.9676758360230149	1.0421037555693187
NC_000001.11:154176220:G:A	TPM3	ENSG00000143549	CCSBVarC023399	CCSBORF5712	ENSP00000498577.1:p.Arg91Cys	271C>T	CCSBORF56653	HSF2	1.6090634359057114	1.0432619045842162
NC_000001.11:154176193:G:C	TPM3	ENSG00000143549	CCSBVarC023408	CCSBORF5712	ENSP00000498577.1:p.Leu100Val	298C>G	CCSBORF56653	HSF2	-3.2297658569996024	1.7195493316265456
NC_000001.11:154172938:G:A	TPM3	ENSG00000143549	CCSBVarC023425	CCSBORF5712	ENSP00000498577.1:p.Arg179Cys	535C>T	CCSBORF56653	HSF2	-3.668179680802123	1.0575319325347419
NC_000001.11:154170416:G:T	TPM3	ENSG00000143549	CCSBVarC023430	CCSBORF5712	ENSP00000498577.1:p.Thr253Lys	758C>A	CCSBORF56653	HSF2	-6.2739771846670545	1.0590252325614389
NC_000001.11:154192011:C:G	TPM3	ENSG00000143549	CCSBVarC023385	CCSBORF5712	ENSP00000498577.1:p.Glu3Gln	7G>C	CCSBORF56653	HSF2	-0.10568740763893122	1.0412806805952395
NC_000001.11:154191926:T:G	TPM3	ENSG00000143549	CCSBVarC023395	CCSBORF5712	ENSP00000498577.1:p.Lys31Thr	92A>C	CCSBORF56653	HSF2	-2.610074270919477	1.042561867280803
NC_000001.11:154176220:G:C	TPM3	ENSG00000143549	CCSBVarC023397	CCSBORF5712	ENSP00000498577.1:p.Arg91Gly	271C>G	CCSBORF6292	NUP54	-0.2754939939332135	1.646142340700207
NC_000001.11:154176220:G:A	TPM3	ENSG00000143549	CCSBVarC023399	CCSBORF5712	ENSP00000498577.1:p.Arg91Cys	271C>T	CCSBORF6292	NUP54	-0.27479668580747885	1.9468740180137927
NC_000001.11:154176193:G:C	TPM3	ENSG00000143549	CCSBVarC023408	CCSBORF5712	ENSP00000498577.1:p.Leu100Val	298C>G	CCSBORF6292	NUP54	-0.6934682313286957	3.08005805561674
NC_000001.11:154172938:G:A	TPM3	ENSG00000143549	CCSBVarC023425	CCSBORF5712	ENSP00000498577.1:p.Arg179Cys	535C>T	CCSBORF6292	NUP54	-1.482021301691153	1.6500943945816517
NC_000001.11:154170416:G:T	TPM3	ENSG00000143549	CCSBVarC023430	CCSBORF5712	ENSP00000498577.1:p.Thr253Lys	758C>A	CCSBORF6292	NUP54	1.1246226947585758	1.6444715222128308
NC_000001.11:154192011:C:G	TPM3	ENSG00000143549	CCSBVarC023385	CCSBORF5712	ENSP00000498577.1:p.Glu3Gln	7G>C	CCSBORF6292	NUP54	-0.7745832280392352	1.645476998222426
NC_000001.11:154191926:T:G	TPM3	ENSG00000143549	CCSBVarC023395	CCSBORF5712	ENSP00000498577.1:p.Lys31Thr	92A>C	CCSBORF6292	NUP54	-1.5190948251066794	1.6453232076829418
NC_000001.11:154176220:G:C	TPM3	ENSG00000143549	CCSBVarC023397	CCSBORF5712	ENSP00000498577.1:p.Arg91Gly	271C>G	CCSBORF6811	MAD1L1	-0.0194190062556006	0.32853205496126264
NC_000001.11:154176220:G:A	TPM3	ENSG00000143549	CCSBVarC023399	CCSBORF5712	ENSP00000498577.1:p.Arg91Cys	271C>T	CCSBORF6811	MAD1L1	0.361160427811981	0.33285965724695077
NC_000001.11:154176193:G:C	TPM3	ENSG00000143549	CCSBVarC023408	CCSBORF5712	ENSP00000498577.1:p.Leu100Val	298C>G	CCSBORF6811	MAD1L1	-0.6356837974595482	0.43335322837838186
NC_000001.11:154172938:G:A	TPM3	ENSG00000143549	CCSBVarC023425	CCSBORF5712	ENSP00000498577.1:p.Arg179Cys	535C>T	CCSBORF6811	MAD1L1	-0.7898122538811545	0.3319610153540106
NC_000001.11:154170416:G:T	TPM3	ENSG00000143549	CCSBVarC023430	CCSBORF5712	ENSP00000498577.1:p.Thr253Lys	758C>A	CCSBORF6811	MAD1L1	-2.7522337312521388	0.32721887660637317
NC_000001.11:154192011:C:G	TPM3	ENSG00000143549	CCSBVarC023385	CCSBORF5712	ENSP00000498577.1:p.Glu3Gln	7G>C	CCSBORF6811	MAD1L1	-0.3237366930553097	0.32363996186044053
NC_000001.11:154191926:T:G	TPM3	ENSG00000143549	CCSBVarC023395	CCSBORF5712	ENSP00000498577.1:p.Lys31Thr	92A>C	CCSBORF6811	MAD1L1	-1.021057577617394	0.32377139176807784
NC_000009.12:127495320:C:T	LRSAM1	ENSG00000148356	CCSBVarC023198	CCSBORF5852	ENSP00000300417.6:p.Thr534Met	1601C>T	CCSBORF3267	TSG101	-0.7638881086739235	0.22591590803722528
NC_000009.12:127496036:C:T	LRSAM1	ENSG00000148356	CCSBVarC023203	CCSBORF5852	ENSP00000300417.6:p.Ala591Val	1772C>T	CCSBORF3267	TSG101	-0.26555406681803195	0.22802844641276046
NC_000009.12:127501026:G:T	LRSAM1	ENSG00000148356	CCSBVarC023205	CCSBORF5852	ENSP00000300417.6:p.Gly644Cys	1930G>T	CCSBORF3267	TSG101	-0.8689536307917718	0.2614008326310689
NC_000009.12:127501071:G:A	LRSAM1	ENSG00000148356	CCSBVarC023207	CCSBORF5852	ENSP00000300417.6:p.Val659Met	1975G>A	CCSBORF3267	TSG101	-1.241730933008284	0.2289053056615414
NC_000009.12:127502806:T:C	LRSAM1	ENSG00000148356	CCSBVarC023215	CCSBORF5852	ENSP00000300417.6:p.Cys694Arg	2080T>C	CCSBORF3267	TSG101	-6.615528555546156	0.6644861548777884
NC_000009.12:127502807:G:A	LRSAM1	ENSG00000148356	CCSBVarC023217	CCSBORF5852	ENSP00000300417.6:p.Cys694Tyr	2081G>A	CCSBORF3267	TSG101	-5.202337609901221	1.0083119681364332
NC_000009.12:127502846:C:T	LRSAM1	ENSG00000148356	CCSBVarC023252	CCSBORF5852	ENSP00000300417.6:p.Pro707Leu	2120C>T	CCSBORF3267	TSG101	-3.1468760566244436	0.9902280785032268
NC_000009.12:127459017:G:A	LRSAM1	ENSG00000148356	CCSBVarC023137	CCSBORF5852	ENSP00000300417.6:p.Asp90Asn	268G>A	CCSBORF3267	TSG101	-0.27717381442962824	0.2132769396900671
NC_000009.12:127479851:T:G	LRSAM1	ENSG00000148356	CCSBVarC023165	CCSBORF5852	ENSP00000300417.6:p.Leu306Arg	917T>G	CCSBORF3267	TSG101	-0.08215756250233283	0.21488874699338012
NC_000009.12:127495320:C:T	LRSAM1	ENSG00000148356	CCSBVarC023198	CCSBORF5852	ENSP00000300417.6:p.Thr534Met	1601C>T	CCSBORF71245	CCDC6	-0.7496492738729437	0.909602639105557
NC_000009.12:127496036:C:T	LRSAM1	ENSG00000148356	CCSBVarC023203	CCSBORF5852	ENSP00000300417.6:p.Ala591Val	1772C>T	CCSBORF71245	CCDC6	0.037560948633911406	0.7895528750781894
NC_000009.12:127501026:G:T	LRSAM1	ENSG00000148356	CCSBVarC023205	CCSBORF5852	ENSP00000300417.6:p.Gly644Cys	1930G>T	CCSBORF71245	CCDC6	0.07407293259526015	0.8083054602048797
NC_000009.12:127501071:G:A	LRSAM1	ENSG00000148356	CCSBVarC023207	CCSBORF5852	ENSP00000300417.6:p.Val659Met	1975G>A	CCSBORF71245	CCDC6	-0.1980549141968887	0.7889043802211531
NC_000009.12:127502806:T:C	LRSAM1	ENSG00000148356	CCSBVarC023215	CCSBORF5852	ENSP00000300417.6:p.Cys694Arg	2080T>C	CCSBORF71245	CCDC6	-2.57659338326505	0.7963345738812044
NC_000009.12:127502807:G:A	LRSAM1	ENSG00000148356	CCSBVarC023217	CCSBORF5852	ENSP00000300417.6:p.Cys694Tyr	2081G>A	CCSBORF71245	CCDC6	-2.528776521519077	0.8559541520674081
NC_000009.12:127502846:C:T	LRSAM1	ENSG00000148356	CCSBVarC023252	CCSBORF5852	ENSP00000300417.6:p.Pro707Leu	2120C>T	CCSBORF71245	CCDC6	0.11459394251634247	0.8239861766122265
NC_000009.12:127459017:G:A	LRSAM1	ENSG00000148356	CCSBVarC023137	CCSBORF5852	ENSP00000300417.6:p.Asp90Asn	268G>A	CCSBORF71245	CCDC6	-0.045109933176424866	0.7858328978659782
NC_000009.12:127479851:T:G	LRSAM1	ENSG00000148356	CCSBVarC023165	CCSBORF5852	ENSP00000300417.6:p.Leu306Arg	917T>G	CCSBORF71245	CCDC6	0.18699441535863479	0.786081951122374
NC_000009.12:127495320:C:T	LRSAM1	ENSG00000148356	CCSBVarC023198	CCSBORF5852	ENSP00000300417.6:p.Thr534Met	1601C>T	CCSBORF8057	ZMAT4	-0.8817959262573883	0.4454593432323994
NC_000009.12:127496036:C:T	LRSAM1	ENSG00000148356	CCSBVarC023203	CCSBORF5852	ENSP00000300417.6:p.Ala591Val	1772C>T	CCSBORF8057	ZMAT4	-0.6884500937251047	0.278124343460341
NC_000009.12:127501026:G:T	LRSAM1	ENSG00000148356	CCSBVarC023205	CCSBORF5852	ENSP00000300417.6:p.Gly644Cys	1930G>T	CCSBORF8057	ZMAT4	-0.706721976112365	0.30833976686032094
NC_000009.12:127501071:G:A	LRSAM1	ENSG00000148356	CCSBVarC023207	CCSBORF5852	ENSP00000300417.6:p.Val659Met	1975G>A	CCSBORF8057	ZMAT4	-1.08259504301414	0.27612301611462375
NC_000009.12:127502806:T:C	LRSAM1	ENSG00000148356	CCSBVarC023215	CCSBORF5852	ENSP00000300417.6:p.Cys694Arg	2080T>C	CCSBORF8057	ZMAT4	-5.567975410209671	0.36988553597859947
NC_000009.12:127502807:G:A	LRSAM1	ENSG00000148356	CCSBVarC023217	CCSBORF5852	ENSP00000300417.6:p.Cys694Tyr	2081G>A	CCSBORF8057	ZMAT4	-2.9430153807382204	0.6720667314878422
NC_000009.12:127502846:C:T	LRSAM1	ENSG00000148356	CCSBVarC023252	CCSBORF5852	ENSP00000300417.6:p.Pro707Leu	2120C>T	CCSBORF8057	ZMAT4	NULL	NULL
NC_000009.12:127459017:G:A	LRSAM1	ENSG00000148356	CCSBVarC023137	CCSBORF5852	ENSP00000300417.6:p.Asp90Asn	268G>A	CCSBORF8057	ZMAT4	-0.6335814113110911	0.2697493966128065
NC_000009.12:127479851:T:G	LRSAM1	ENSG00000148356	CCSBVarC023165	CCSBORF5852	ENSP00000300417.6:p.Leu306Arg	917T>G	CCSBORF8057	ZMAT4	-0.6474782359212922	0.2870045071716528
NC_000015.10:45073497:C:A	SORD	ENSG00000140263	CCSBVarC023287	CCSBORF5854	ENSP00000267814.9:p.Leu348Ile	1042C>A	CCSBORF5854	SORD	0.283246120921078	0.3573277871316563
NC_000015.10:45073525:C:T	SORD	ENSG00000140263	CCSBVarC023307	CCSBORF5854	ENSP00000267814.9:p.Pro357Leu	1070C>T	CCSBORF5854	SORD	-0.28653673971150206	0.5260934795449657
NC_000015.10:45065302:C:A	SORD	ENSG00000140263	CCSBVarC023257	CCSBORF5854	ENSP00000267814.9:p.Ala153Asp	458C>A	CCSBORF5854	SORD	-3.6080079225110704	0.5276242472416501
NC_000015.10:45068981:A:T	SORD	ENSG00000140263	CCSBVarC023260	CCSBORF5854	ENSP00000267814.9:p.Gln239Leu	716A>T	CCSBORF5854	SORD	0.11524216766463201	0.363643953727763
NC_000015.10:45069041:C:T	SORD	ENSG00000140263	CCSBVarC023267	CCSBORF5854	ENSP00000267814.9:p.Ala259Val	776C>T	CCSBORF5854	SORD	0.01917012537831171	0.3644345820779335
NC_000015.10:45072373:G:A	SORD	ENSG00000140263	CCSBVarC023271	CCSBORF5854	ENSP00000267814.9:p.Val282Ile	844G>A	CCSBORF5854	SORD	0.004764909054084589	0.3564802211495734
NC_000015.10:45072380:T:C	SORD	ENSG00000140263	CCSBVarC023275	CCSBORF5854	ENSP00000267814.9:p.Leu284Pro	851T>C	CCSBORF5854	SORD	-3.838652101298637	0.5743673773670801
NC_000019.10:52216564:G:T	PPP2R1A	ENSG00000105568	CCSBVarC023477	CCSBORF5861	ENSP00000324804.6:p.Ala344Ser	1030G>T	CCSBORF100062506	FBXO43	0.15294553854165077	1.0095905175149893
NC_000019.10:52219790:A:T	PPP2R1A	ENSG00000105568	CCSBVarC023479	CCSBORF5861	ENSP00000324804.6:p.Glu410Val	1229A>T	CCSBORF100062506	FBXO43	0.43919150895204856	0.5569675678084249
NC_000019.10:52211319:T:G	PPP2R1A	ENSG00000105568	CCSBVarC023343	CCSBORF5861	ENSP00000324804.6:p.Ser111Ala	331T>G	CCSBORF100062506	FBXO43	0.3203142769898466	0.563629367492643
NC_000019.10:52211340:G:A	PPP2R1A	ENSG00000105568	CCSBVarC023346	CCSBORF5861	ENSP00000324804.6:p.Glu118Lys	352G>A	CCSBORF100062506	FBXO43	0.1626681425671284	0.5644328822169188
NC_000019.10:52211418:C:T	PPP2R1A	ENSG00000105568	CCSBVarC023352	CCSBORF5861	ENSP00000324804.6:p.Arg144Cys	430C>T	CCSBORF100062506	FBXO43	-0.46949432917136946	0.5787228089286941
NC_000019.10:52211458:G:A	PPP2R1A	ENSG00000105568	CCSBVarC023356	CCSBORF5861	ENSP00000324804.6:p.Arg157Gln	470G>A	CCSBORF100062506	FBXO43	-0.3306113749878321	0.5691794116499097
NC_000019.10:52211460:G:C	PPP2R1A	ENSG00000105568	CCSBVarC023359	CCSBORF5861	ENSP00000324804.6:p.Val158Leu	472G>C	CCSBORF100062506	FBXO43	-0.06758660672646566	0.5576697151024347
NC_000019.10:52212717:C:T	PPP2R1A	ENSG00000105568	CCSBVarC023394	CCSBORF5861	ENSP00000324804.6:p.Pro179Leu	536C>T	CCSBORF100062506	FBXO43	1.0901431678396813	0.5848725431572332
NC_000019.10:52212728:C:G	PPP2R1A	ENSG00000105568	CCSBVarC023437	CCSBORF5861	ENSP00000324804.6:p.Arg183Gly	547C>G	CCSBORF100062506	FBXO43	0.9275791987711481	0.6582447007692974
NC_000019.10:52212728:C:T	PPP2R1A	ENSG00000105568	CCSBVarC023440	CCSBORF5861	ENSP00000324804.6:p.Arg183Trp	547C>T	CCSBORF100062506	FBXO43	1.518137928250678	0.5538380746277308
NC_000019.10:52212734:G:A	PPP2R1A	ENSG00000105568	CCSBVarC023447	CCSBORF5861	ENSP00000324804.6:p.Ala185Thr	553G>A	CCSBORF100062506	FBXO43	0.6702349193931364	0.6335212402041183
NC_000019.10:52212960:G:A	PPP2R1A	ENSG00000105568	CCSBVarC023455	CCSBORF5861	ENSP00000324804.6:p.Val220Met	658G>A	CCSBORF100062506	FBXO43	0.36419357871580504	0.7258927620198622
NC_000019.10:52216564:G:T	PPP2R1A	ENSG00000105568	CCSBVarC023477	CCSBORF5861	ENSP00000324804.6:p.Ala344Ser	1030G>T	CCSBORF12279	CSDC2	0.6819828135604962	0.5396815358365827
NC_000019.10:52219790:A:T	PPP2R1A	ENSG00000105568	CCSBVarC023479	CCSBORF5861	ENSP00000324804.6:p.Glu410Val	1229A>T	CCSBORF12279	CSDC2	1.8722385302763582	0.4346517834396549
NC_000019.10:52211319:T:G	PPP2R1A	ENSG00000105568	CCSBVarC023343	CCSBORF5861	ENSP00000324804.6:p.Ser111Ala	331T>G	CCSBORF12279	CSDC2	1.672124513663834	0.4529983976575928
NC_000019.10:52211340:G:A	PPP2R1A	ENSG00000105568	CCSBVarC023346	CCSBORF5861	ENSP00000324804.6:p.Glu118Lys	352G>A	CCSBORF12279	CSDC2	-1.910122325029349	0.9529580016201474
NC_000019.10:52211418:C:T	PPP2R1A	ENSG00000105568	CCSBVarC023352	CCSBORF5861	ENSP00000324804.6:p.Arg144Cys	430C>T	CCSBORF12279	CSDC2	-2.238114614579414	0.8748587757370263
NC_000019.10:52211458:G:A	PPP2R1A	ENSG00000105568	CCSBVarC023356	CCSBORF5861	ENSP00000324804.6:p.Arg157Gln	470G>A	CCSBORF12279	CSDC2	-0.7061500179781164	1.276382919348031
NC_000019.10:52211460:G:C	PPP2R1A	ENSG00000105568	CCSBVarC023359	CCSBORF5861	ENSP00000324804.6:p.Val158Leu	472G>C	CCSBORF12279	CSDC2	0.6550396993166016	0.4924685123616124
NC_000019.10:52212717:C:T	PPP2R1A	ENSG00000105568	CCSBVarC023394	CCSBORF5861	ENSP00000324804.6:p.Pro179Leu	536C>T	CCSBORF12279	CSDC2	2.4244991016982844	0.4353806474779362
NC_000019.10:52212728:C:G	PPP2R1A	ENSG00000105568	CCSBVarC023437	CCSBORF5861	ENSP00000324804.6:p.Arg183Gly	547C>G	CCSBORF12279	CSDC2	2.0502416459691757	0.4789530463972587
NC_000019.10:52212728:C:T	PPP2R1A	ENSG00000105568	CCSBVarC023440	CCSBORF5861	ENSP00000324804.6:p.Arg183Trp	547C>T	CCSBORF12279	CSDC2	4.623235744649945	0.42838468823727954
NC_000019.10:52212734:G:A	PPP2R1A	ENSG00000105568	CCSBVarC023447	CCSBORF5861	ENSP00000324804.6:p.Ala185Thr	553G>A	CCSBORF12279	CSDC2	-0.003527981638613842	0.47715244222325104
NC_000019.10:52212960:G:A	PPP2R1A	ENSG00000105568	CCSBVarC023455	CCSBORF5861	ENSP00000324804.6:p.Val220Met	658G>A	CCSBORF12279	CSDC2	-0.6902261943621522	0.6165163721880329
NC_000019.10:52216564:G:T	PPP2R1A	ENSG00000105568	CCSBVarC023477	CCSBORF5861	ENSP00000324804.6:p.Ala344Ser	1030G>T	CCSBORF52950	STRN	0.332048090613124	0.3494330125789479
NC_000019.10:52219790:A:T	PPP2R1A	ENSG00000105568	CCSBVarC023479	CCSBORF5861	ENSP00000324804.6:p.Glu410Val	1229A>T	CCSBORF52950	STRN	-3.143057294742935	0.4357831948284598
NC_000019.10:52211319:T:G	PPP2R1A	ENSG00000105568	CCSBVarC023343	CCSBORF5861	ENSP00000324804.6:p.Ser111Ala	331T>G	CCSBORF52950	STRN	-0.9671203402939531	0.4098618108778468
NC_000019.10:52211340:G:A	PPP2R1A	ENSG00000105568	CCSBVarC023346	CCSBORF5861	ENSP00000324804.6:p.Glu118Lys	352G>A	CCSBORF52950	STRN	0.09596379357532492	0.38924876545160403
NC_000019.10:52211418:C:T	PPP2R1A	ENSG00000105568	CCSBVarC023352	CCSBORF5861	ENSP00000324804.6:p.Arg144Cys	430C>T	CCSBORF52950	STRN	-0.22370905156271775	0.4927927296773974
NC_000019.10:52211458:G:A	PPP2R1A	ENSG00000105568	CCSBVarC023356	CCSBORF5861	ENSP00000324804.6:p.Arg157Gln	470G>A	CCSBORF52950	STRN	-0.45537157270880213	0.42873799649164174
NC_000019.10:52211460:G:C	PPP2R1A	ENSG00000105568	CCSBVarC023359	CCSBORF5861	ENSP00000324804.6:p.Val158Leu	472G>C	CCSBORF52950	STRN	-0.04992959027575701	0.3459048026367868
NC_000019.10:52212717:C:T	PPP2R1A	ENSG00000105568	CCSBVarC023394	CCSBORF5861	ENSP00000324804.6:p.Pro179Leu	536C>T	CCSBORF52950	STRN	1.1484150550285295	0.33831718323281673
NC_000019.10:52212728:C:G	PPP2R1A	ENSG00000105568	CCSBVarC023437	CCSBORF5861	ENSP00000324804.6:p.Arg183Gly	547C>G	CCSBORF52950	STRN	1.3791168551439024	0.4490306443938567
NC_000019.10:52212728:C:T	PPP2R1A	ENSG00000105568	CCSBVarC023440	CCSBORF5861	ENSP00000324804.6:p.Arg183Trp	547C>T	CCSBORF52950	STRN	1.887598281286024	0.33404884634852006
NC_000019.10:52212734:G:A	PPP2R1A	ENSG00000105568	CCSBVarC023447	CCSBORF5861	ENSP00000324804.6:p.Ala185Thr	553G>A	CCSBORF52950	STRN	0.27889893916150355	0.3599181674178073
NC_000019.10:52212960:G:A	PPP2R1A	ENSG00000105568	CCSBVarC023455	CCSBORF5861	ENSP00000324804.6:p.Val220Met	658G>A	CCSBORF52950	STRN	1.089939086911475	0.4381295176441549
NC_000019.10:52216564:G:T	PPP2R1A	ENSG00000105568	CCSBVarC023477	CCSBORF5861	ENSP00000324804.6:p.Ala344Ser	1030G>T	CCSBORF55030	STRN3	0.1641583621196199	0.21510028542089824
NC_000019.10:52219790:A:T	PPP2R1A	ENSG00000105568	CCSBVarC023479	CCSBORF5861	ENSP00000324804.6:p.Glu410Val	1229A>T	CCSBORF55030	STRN3	-0.242735944837327	0.21272010037909553
NC_000019.10:52211319:T:G	PPP2R1A	ENSG00000105568	CCSBVarC023343	CCSBORF5861	ENSP00000324804.6:p.Ser111Ala	331T>G	CCSBORF55030	STRN3	-0.3551765740494174	0.2567895468910491
NC_000019.10:52211340:G:A	PPP2R1A	ENSG00000105568	CCSBVarC023346	CCSBORF5861	ENSP00000324804.6:p.Glu118Lys	352G>A	CCSBORF55030	STRN3	0.34999601242988404	0.23516627247368432
NC_000019.10:52211418:C:T	PPP2R1A	ENSG00000105568	CCSBVarC023352	CCSBORF5861	ENSP00000324804.6:p.Arg144Cys	430C>T	CCSBORF55030	STRN3	0.11705373040672998	0.3024015419552472
NC_000019.10:52211458:G:A	PPP2R1A	ENSG00000105568	CCSBVarC023356	CCSBORF5861	ENSP00000324804.6:p.Arg157Gln	470G>A	CCSBORF55030	STRN3	-0.08336480739445984	0.27264171169098006
NC_000019.10:52211460:G:C	PPP2R1A	ENSG00000105568	CCSBVarC023359	CCSBORF5861	ENSP00000324804.6:p.Val158Leu	472G>C	CCSBORF55030	STRN3	0.2234407378797633	0.20923925935760454
NC_000019.10:52212717:C:T	PPP2R1A	ENSG00000105568	CCSBVarC023394	CCSBORF5861	ENSP00000324804.6:p.Pro179Leu	536C>T	CCSBORF55030	STRN3	0.36784367386168443	0.20049820548138977
NC_000019.10:52212728:C:G	PPP2R1A	ENSG00000105568	CCSBVarC023437	CCSBORF5861	ENSP00000324804.6:p.Arg183Gly	547C>G	CCSBORF55030	STRN3	0.5517023939081691	0.2947778693609938
NC_000019.10:52212728:C:T	PPP2R1A	ENSG00000105568	CCSBVarC023440	CCSBORF5861	ENSP00000324804.6:p.Arg183Trp	547C>T	CCSBORF55030	STRN3	0.6051194639600794	0.1957329023267754
NC_000019.10:52212734:G:A	PPP2R1A	ENSG00000105568	CCSBVarC023447	CCSBORF5861	ENSP00000324804.6:p.Ala185Thr	553G>A	CCSBORF55030	STRN3	-0.0359637025128111	0.22816676973146932
NC_000019.10:52212960:G:A	PPP2R1A	ENSG00000105568	CCSBVarC023455	CCSBORF5861	ENSP00000324804.6:p.Val220Met	658G>A	CCSBORF55030	STRN3	0.40416596029058544	0.3011480282101253
NC_000008.11:143816751:A:G	PUF60	ENSG00000179950	CCSBVarC018758	CCSBORF613	ENSP00000402953.2:p.Val440Ala	1319T>C	CCSBORF100010379	FUBP1	-3.3811017988517476	0.21201191317697127
NC_000008.11:143816740:A:G	PUF60	ENSG00000179950	CCSBVarC018760	CCSBORF613	ENSP00000402953.2:p.Cys444Arg	1330T>C	CCSBORF100010379	FUBP1	-3.234697450933732	0.3112980863734678
NC_000008.11:143816634:G:A	PUF60	ENSG00000179950	CCSBVarC018768	CCSBORF613	ENSP00000402953.2:p.Ala479Val	1436C>T	CCSBORF100010379	FUBP1	-1.185496411229771	0.09969046793848667
NC_000008.11:143818377:G:A	PUF60	ENSG00000179950	CCSBVarC018743	CCSBORF613	ENSP00000402953.2:p.His126Tyr	376C>T	CCSBORF100010379	FUBP1	-1.1283643927410432	0.07747051436375113
NC_000008.11:143818266:A:G	PUF60	ENSG00000179950	CCSBVarC018746	CCSBORF613	ENSP00000402953.2:p.Tyr134His	400T>C	CCSBORF100010379	FUBP1	-0.3397576144762699	0.07707597695460323
NC_000008.11:143816751:A:G	PUF60	ENSG00000179950	CCSBVarC018758	CCSBORF613	ENSP00000402953.2:p.Val440Ala	1319T>C	CCSBORF11317	SRSF11	-0.30974081309554374	0.7611174151315443
NC_000008.11:143816740:A:G	PUF60	ENSG00000179950	CCSBVarC018760	CCSBORF613	ENSP00000402953.2:p.Cys444Arg	1330T>C	CCSBORF11317	SRSF11	-0.9400116166675939	0.7931968670720748
NC_000008.11:143816634:G:A	PUF60	ENSG00000179950	CCSBVarC018768	CCSBORF613	ENSP00000402953.2:p.Ala479Val	1436C>T	CCSBORF11317	SRSF11	-0.11455685394252377	0.7559483277101133
NC_000008.11:143818377:G:A	PUF60	ENSG00000179950	CCSBVarC018743	CCSBORF613	ENSP00000402953.2:p.His126Tyr	376C>T	CCSBORF11317	SRSF11	0.1298928459651688	0.7527463684289066
NC_000008.11:143818266:A:G	PUF60	ENSG00000179950	CCSBVarC018746	CCSBORF613	ENSP00000402953.2:p.Tyr134His	400T>C	CCSBORF11317	SRSF11	0.03704064320557024	0.7536165031467177
NC_000020.11:483971:C:T	CSNK2A1	ENSG00000101266	CCSBVarC024455	CCSBORF6699	ENSP00000217244.3:p.Ala389Thr	1165G>A	CCSBORF100002000	TSPYL2	0.39838867825207236	0.39548449910092365
NC_000020.11:483964:T:C	CSNK2A1	ENSG00000101266	CCSBVarC024458	CCSBORF6699	ENSP00000217244.3:p.Gln391Arg	1172A>G	CCSBORF100002000	TSPYL2	NULL	NULL
NC_000020.11:505191:G:C	CSNK2A1	ENSG00000101266	CCSBVarC024315	CCSBORF6699	ENSP00000217244.3:p.Arg47Gly	139C>G	CCSBORF100002000	TSPYL2	-1.8811414067384753	0.3909650589717285
NC_000020.11:505187:C:T	CSNK2A1	ENSG00000101266	CCSBVarC024322	CCSBORF6699	ENSP00000217244.3:p.Gly48Asp	143G>A	CCSBORF100002000	TSPYL2	-0.74900668605229	0.3898444870103178
NC_000020.11:505181:T:G	CSNK2A1	ENSG00000101266	CCSBVarC024324	CCSBORF6699	ENSP00000217244.3:p.Tyr50Ser	149A>C	CCSBORF100002000	TSPYL2	-4.3963972077909705	0.40586319495322887
NC_000020.11:505176:C:T	CSNK2A1	ENSG00000101266	CCSBVarC024328	CCSBORF6699	ENSP00000217244.3:p.Glu52Lys	154G>A	CCSBORF100002000	TSPYL2	-0.8809265423422843	0.5784661473498606
NC_000020.11:499908:C:T	CSNK2A1	ENSG00000101266	CCSBVarC024330	CCSBORF6699	ENSP00000217244.3:p.Arg80His	239G>A	CCSBORF100002000	TSPYL2	-6.242176024625048	0.814474486600839
NC_000020.11:499905:T:G	CSNK2A1	ENSG00000101266	CCSBVarC024331	CCSBORF6699	ENSP00000217244.3:p.Glu81Ala	242A>C	CCSBORF100002000	TSPYL2	0.12271168754180407	0.389357461430916
NC_000020.11:492345:C:T	CSNK2A1	ENSG00000101266	CCSBVarC024361	CCSBORF6699	ENSP00000217244.3:p.Gly177Ser	529G>A	CCSBORF100002000	TSPYL2	0.1734312456399381	0.39148395461524604
NC_000020.11:487464:C:T	CSNK2A1	ENSG00000101266	CCSBVarC024400	CCSBORF6699	ENSP00000217244.3:p.Arg312Gln	935G>A	CCSBORF100002000	TSPYL2	-5.719613264198536	0.5447580498380868
NC_000020.11:483971:C:T	CSNK2A1	ENSG00000101266	CCSBVarC024455	CCSBORF6699	ENSP00000217244.3:p.Ala389Thr	1165G>A	CCSBORF100016058	LHX3	-1.0552308905322032	0.3370112073403791
NC_000020.11:483964:T:C	CSNK2A1	ENSG00000101266	CCSBVarC024458	CCSBORF6699	ENSP00000217244.3:p.Gln391Arg	1172A>G	CCSBORF100016058	LHX3	-2.559356063786127	0.4970687009422865
NC_000020.11:505191:G:C	CSNK2A1	ENSG00000101266	CCSBVarC024315	CCSBORF6699	ENSP00000217244.3:p.Arg47Gly	139C>G	CCSBORF100016058	LHX3	-2.5666171527294432	0.3645143232365283
NC_000020.11:505187:C:T	CSNK2A1	ENSG00000101266	CCSBVarC024322	CCSBORF6699	ENSP00000217244.3:p.Gly48Asp	143G>A	CCSBORF100016058	LHX3	-0.4889650553469437	0.327737908826391
NC_000020.11:505181:T:G	CSNK2A1	ENSG00000101266	CCSBVarC024324	CCSBORF6699	ENSP00000217244.3:p.Tyr50Ser	149A>C	CCSBORF100016058	LHX3	-2.50369527963068	0.33120201822974177
NC_000020.11:505176:C:T	CSNK2A1	ENSG00000101266	CCSBVarC024328	CCSBORF6699	ENSP00000217244.3:p.Glu52Lys	154G>A	CCSBORF100016058	LHX3	-2.173802050783584	0.3519968645395543
NC_000020.11:499908:C:T	CSNK2A1	ENSG00000101266	CCSBVarC024330	CCSBORF6699	ENSP00000217244.3:p.Arg80His	239G>A	CCSBORF100016058	LHX3	-2.670462056576368	0.3285747603823574
NC_000020.11:499905:T:G	CSNK2A1	ENSG00000101266	CCSBVarC024331	CCSBORF6699	ENSP00000217244.3:p.Glu81Ala	242A>C	CCSBORF100016058	LHX3	-0.815118969516367	0.32700308252031296
NC_000020.11:492345:C:T	CSNK2A1	ENSG00000101266	CCSBVarC024361	CCSBORF6699	ENSP00000217244.3:p.Gly177Ser	529G>A	CCSBORF100016058	LHX3	-0.8211081944738197	0.33275792523657566
NC_000020.11:487464:C:T	CSNK2A1	ENSG00000101266	CCSBVarC024400	CCSBORF6699	ENSP00000217244.3:p.Arg312Gln	935G>A	CCSBORF100016058	LHX3	-4.67952354661069	0.5016247159687076
NC_000020.11:483971:C:T	CSNK2A1	ENSG00000101266	CCSBVarC024455	CCSBORF6699	ENSP00000217244.3:p.Ala389Thr	1165G>A	CCSBORF100070339	ATN1	0.0806746800191096	0.7882191614682009
NC_000020.11:483964:T:C	CSNK2A1	ENSG00000101266	CCSBVarC024458	CCSBORF6699	ENSP00000217244.3:p.Gln391Arg	1172A>G	CCSBORF100070339	ATN1	-0.16320655878725243	0.8066318027372255
NC_000020.11:505191:G:C	CSNK2A1	ENSG00000101266	CCSBVarC024315	CCSBORF6699	ENSP00000217244.3:p.Arg47Gly	139C>G	CCSBORF100070339	ATN1	-0.7979875517245989	0.7798539997586893
NC_000020.11:505187:C:T	CSNK2A1	ENSG00000101266	CCSBVarC024322	CCSBORF6699	ENSP00000217244.3:p.Gly48Asp	143G>A	CCSBORF100070339	ATN1	-8.430154300450615	0.9700652858183272
NC_000020.11:505181:T:G	CSNK2A1	ENSG00000101266	CCSBVarC024324	CCSBORF6699	ENSP00000217244.3:p.Tyr50Ser	149A>C	CCSBORF100070339	ATN1	-4.457008388779267	0.7964558563129263
NC_000020.11:505176:C:T	CSNK2A1	ENSG00000101266	CCSBVarC024328	CCSBORF6699	ENSP00000217244.3:p.Glu52Lys	154G>A	CCSBORF100070339	ATN1	-1.5634938975307247	0.7961149154048583
NC_000020.11:499908:C:T	CSNK2A1	ENSG00000101266	CCSBVarC024330	CCSBORF6699	ENSP00000217244.3:p.Arg80His	239G>A	CCSBORF100070339	ATN1	-7.84333402638484	0.8825710041757843
NC_000020.11:499905:T:G	CSNK2A1	ENSG00000101266	CCSBVarC024331	CCSBORF6699	ENSP00000217244.3:p.Glu81Ala	242A>C	CCSBORF100070339	ATN1	-7.771108236839215	0.9581847765321155
NC_000020.11:492345:C:T	CSNK2A1	ENSG00000101266	CCSBVarC024361	CCSBORF6699	ENSP00000217244.3:p.Gly177Ser	529G>A	CCSBORF100070339	ATN1	-6.2658809721861095	1.2019362038803616
NC_000020.11:487464:C:T	CSNK2A1	ENSG00000101266	CCSBVarC024400	CCSBORF6699	ENSP00000217244.3:p.Arg312Gln	935G>A	CCSBORF100070339	ATN1	-5.763743546058747	0.9107391270164394
NC_000020.11:483971:C:T	CSNK2A1	ENSG00000101266	CCSBVarC024455	CCSBORF6699	ENSP00000217244.3:p.Ala389Thr	1165G>A	CCSBORF12437	JADE2	-0.6795164633976059	0.6107507261358652
NC_000020.11:483964:T:C	CSNK2A1	ENSG00000101266	CCSBVarC024458	CCSBORF6699	ENSP00000217244.3:p.Gln391Arg	1172A>G	CCSBORF12437	JADE2	NULL	NULL
NC_000020.11:505191:G:C	CSNK2A1	ENSG00000101266	CCSBVarC024315	CCSBORF6699	ENSP00000217244.3:p.Arg47Gly	139C>G	CCSBORF12437	JADE2	-2.810742428492512	0.6056831373628268
NC_000020.11:505187:C:T	CSNK2A1	ENSG00000101266	CCSBVarC024322	CCSBORF6699	ENSP00000217244.3:p.Gly48Asp	143G>A	CCSBORF12437	JADE2	-3.4686365470846385	0.6097737813181193
NC_000020.11:505181:T:G	CSNK2A1	ENSG00000101266	CCSBVarC024324	CCSBORF6699	ENSP00000217244.3:p.Tyr50Ser	149A>C	CCSBORF12437	JADE2	-2.6743207542805294	0.6050854362425837
NC_000020.11:505176:C:T	CSNK2A1	ENSG00000101266	CCSBVarC024328	CCSBORF6699	ENSP00000217244.3:p.Glu52Lys	154G>A	CCSBORF12437	JADE2	-7.083349430719842	0.907029600363741
NC_000020.11:499908:C:T	CSNK2A1	ENSG00000101266	CCSBVarC024330	CCSBORF6699	ENSP00000217244.3:p.Arg80His	239G>A	CCSBORF12437	JADE2	-4.5436368076053215	0.7139567977869653
NC_000020.11:499905:T:G	CSNK2A1	ENSG00000101266	CCSBVarC024331	CCSBORF6699	ENSP00000217244.3:p.Glu81Ala	242A>C	CCSBORF12437	JADE2	-3.0594070486214893	0.6076741826229218
NC_000020.11:492345:C:T	CSNK2A1	ENSG00000101266	CCSBVarC024361	CCSBORF6699	ENSP00000217244.3:p.Gly177Ser	529G>A	CCSBORF12437	JADE2	-3.510984979806434	0.6160437343720809
NC_000020.11:487464:C:T	CSNK2A1	ENSG00000101266	CCSBVarC024400	CCSBORF6699	ENSP00000217244.3:p.Arg312Gln	935G>A	CCSBORF12437	JADE2	-5.819665668144635	0.6913396865960408
NC_000020.11:483971:C:T	CSNK2A1	ENSG00000101266	CCSBVarC024455	CCSBORF6699	ENSP00000217244.3:p.Ala389Thr	1165G>A	CCSBORF13795	MEOX1	-0.7015360366775072	0.6603984901465825
NC_000020.11:483964:T:C	CSNK2A1	ENSG00000101266	CCSBVarC024458	CCSBORF6699	ENSP00000217244.3:p.Gln391Arg	1172A>G	CCSBORF13795	MEOX1	-2.746634958338816	0.6150542098529888
NC_000020.11:505191:G:C	CSNK2A1	ENSG00000101266	CCSBVarC024315	CCSBORF6699	ENSP00000217244.3:p.Arg47Gly	139C>G	CCSBORF13795	MEOX1	-0.9014832416709827	0.5441734380864202
NC_000020.11:505187:C:T	CSNK2A1	ENSG00000101266	CCSBVarC024322	CCSBORF6699	ENSP00000217244.3:p.Gly48Asp	143G>A	CCSBORF13795	MEOX1	-1.6665427009715184	0.5465801694641947
NC_000020.11:505181:T:G	CSNK2A1	ENSG00000101266	CCSBVarC024324	CCSBORF6699	ENSP00000217244.3:p.Tyr50Ser	149A>C	CCSBORF13795	MEOX1	-1.932971211091847	0.5467997965784978
NC_000020.11:505176:C:T	CSNK2A1	ENSG00000101266	CCSBVarC024328	CCSBORF6699	ENSP00000217244.3:p.Glu52Lys	154G>A	CCSBORF13795	MEOX1	-3.6014976921075457	0.5971012025715853
NC_000020.11:499908:C:T	CSNK2A1	ENSG00000101266	CCSBVarC024330	CCSBORF6699	ENSP00000217244.3:p.Arg80His	239G>A	CCSBORF13795	MEOX1	-3.482079428923651	0.5494274193055517
NC_000020.11:499905:T:G	CSNK2A1	ENSG00000101266	CCSBVarC024331	CCSBORF6699	ENSP00000217244.3:p.Glu81Ala	242A>C	CCSBORF13795	MEOX1	-3.392793347022079	0.5543517577433078
NC_000020.11:492345:C:T	CSNK2A1	ENSG00000101266	CCSBVarC024361	CCSBORF6699	ENSP00000217244.3:p.Gly177Ser	529G>A	CCSBORF13795	MEOX1	-3.0368110093451146	0.5613418153237567
NC_000020.11:487464:C:T	CSNK2A1	ENSG00000101266	CCSBVarC024400	CCSBORF6699	ENSP00000217244.3:p.Arg312Gln	935G>A	CCSBORF13795	MEOX1	-5.498449918326042	0.7020363646120171
NC_000020.11:483971:C:T	CSNK2A1	ENSG00000101266	CCSBVarC024455	CCSBORF6699	ENSP00000217244.3:p.Ala389Thr	1165G>A	CCSBORF1668	THAP1	-0.21951016378877186	0.9718707905187176
NC_000020.11:483964:T:C	CSNK2A1	ENSG00000101266	CCSBVarC024458	CCSBORF6699	ENSP00000217244.3:p.Gln391Arg	1172A>G	CCSBORF1668	THAP1	NULL	NULL
NC_000020.11:505191:G:C	CSNK2A1	ENSG00000101266	CCSBVarC024315	CCSBORF6699	ENSP00000217244.3:p.Arg47Gly	139C>G	CCSBORF1668	THAP1	-8.761426911902063	0.9524583397892975
NC_000020.11:505187:C:T	CSNK2A1	ENSG00000101266	CCSBVarC024322	CCSBORF6699	ENSP00000217244.3:p.Gly48Asp	143G>A	CCSBORF1668	THAP1	-0.33168414880860275	0.6627090499373656
NC_000020.11:505181:T:G	CSNK2A1	ENSG00000101266	CCSBVarC024324	CCSBORF6699	ENSP00000217244.3:p.Tyr50Ser	149A>C	CCSBORF1668	THAP1	-6.057196958399775	0.6907380625442082
NC_000020.11:505176:C:T	CSNK2A1	ENSG00000101266	CCSBVarC024328	CCSBORF6699	ENSP00000217244.3:p.Glu52Lys	154G>A	CCSBORF1668	THAP1	-3.7753241120744203	0.6953553528414874
NC_000020.11:499908:C:T	CSNK2A1	ENSG00000101266	CCSBVarC024330	CCSBORF6699	ENSP00000217244.3:p.Arg80His	239G>A	CCSBORF1668	THAP1	-4.914884797773784	0.8103040857692994
NC_000020.11:499905:T:G	CSNK2A1	ENSG00000101266	CCSBVarC024331	CCSBORF6699	ENSP00000217244.3:p.Glu81Ala	242A>C	CCSBORF1668	THAP1	0.4525305330015992	0.6625419437028004
NC_000020.11:492345:C:T	CSNK2A1	ENSG00000101266	CCSBVarC024361	CCSBORF6699	ENSP00000217244.3:p.Gly177Ser	529G>A	CCSBORF1668	THAP1	0.0714337138280644	0.6667970517048283
NC_000020.11:487464:C:T	CSNK2A1	ENSG00000101266	CCSBVarC024400	CCSBORF6699	ENSP00000217244.3:p.Arg312Gln	935G>A	CCSBORF1668	THAP1	-4.774983438013635	1.0029023214029136
NC_000020.11:483971:C:T	CSNK2A1	ENSG00000101266	CCSBVarC024455	CCSBORF6699	ENSP00000217244.3:p.Ala389Thr	1165G>A	CCSBORF2092	NFYA	-0.46242987141447756	0.44392385551018365
NC_000020.11:483964:T:C	CSNK2A1	ENSG00000101266	CCSBVarC024458	CCSBORF6699	ENSP00000217244.3:p.Gln391Arg	1172A>G	CCSBORF2092	NFYA	-5.214522316070847	0.7251168243436489
NC_000020.11:505191:G:C	CSNK2A1	ENSG00000101266	CCSBVarC024315	CCSBORF6699	ENSP00000217244.3:p.Arg47Gly	139C>G	CCSBORF2092	NFYA	-7.144653139677796	0.5354560097913601
NC_000020.11:505187:C:T	CSNK2A1	ENSG00000101266	CCSBVarC024322	CCSBORF6699	ENSP00000217244.3:p.Gly48Asp	143G>A	CCSBORF2092	NFYA	-0.28301248454504724	0.4468141998662997
NC_000020.11:505181:T:G	CSNK2A1	ENSG00000101266	CCSBVarC024324	CCSBORF6699	ENSP00000217244.3:p.Tyr50Ser	149A>C	CCSBORF2092	NFYA	-5.63664932246253	0.47107434019139494
NC_000020.11:505176:C:T	CSNK2A1	ENSG00000101266	CCSBVarC024328	CCSBORF6699	ENSP00000217244.3:p.Glu52Lys	154G>A	CCSBORF2092	NFYA	-2.8187415851541857	0.4834972093569028
NC_000020.11:499908:C:T	CSNK2A1	ENSG00000101266	CCSBVarC024330	CCSBORF6699	ENSP00000217244.3:p.Arg80His	239G>A	CCSBORF2092	NFYA	-3.9720908092177867	0.4346309752047119
NC_000020.11:499905:T:G	CSNK2A1	ENSG00000101266	CCSBVarC024331	CCSBORF6699	ENSP00000217244.3:p.Glu81Ala	242A>C	CCSBORF2092	NFYA	-0.041230976767173966	0.43176093854805575
NC_000020.11:492345:C:T	CSNK2A1	ENSG00000101266	CCSBVarC024361	CCSBORF6699	ENSP00000217244.3:p.Gly177Ser	529G>A	CCSBORF2092	NFYA	-0.2910248491899382	0.44449429833499254
NC_000020.11:487464:C:T	CSNK2A1	ENSG00000101266	CCSBVarC024400	CCSBORF6699	ENSP00000217244.3:p.Arg312Gln	935G>A	CCSBORF2092	NFYA	-5.297036613196326	0.6415605297087185
NC_000020.11:483971:C:T	CSNK2A1	ENSG00000101266	CCSBVarC024455	CCSBORF6699	ENSP00000217244.3:p.Ala389Thr	1165G>A	CCSBORF244	KEAP1	-0.40508615933622383	0.3495798397020125
NC_000020.11:483964:T:C	CSNK2A1	ENSG00000101266	CCSBVarC024458	CCSBORF6699	ENSP00000217244.3:p.Gln391Arg	1172A>G	CCSBORF244	KEAP1	NULL	NULL
NC_000020.11:505191:G:C	CSNK2A1	ENSG00000101266	CCSBVarC024315	CCSBORF6699	ENSP00000217244.3:p.Arg47Gly	139C>G	CCSBORF244	KEAP1	-0.38709119284880483	0.28634932410122926
NC_000020.11:505187:C:T	CSNK2A1	ENSG00000101266	CCSBVarC024322	CCSBORF6699	ENSP00000217244.3:p.Gly48Asp	143G>A	CCSBORF244	KEAP1	-1.710533880297438	0.2923936880792109
NC_000020.11:505181:T:G	CSNK2A1	ENSG00000101266	CCSBVarC024324	CCSBORF6699	ENSP00000217244.3:p.Tyr50Ser	149A>C	CCSBORF244	KEAP1	-0.7119688135269219	0.2872884965869772
NC_000020.11:505176:C:T	CSNK2A1	ENSG00000101266	CCSBVarC024328	CCSBORF6699	ENSP00000217244.3:p.Glu52Lys	154G>A	CCSBORF244	KEAP1	-4.9910132787516375	0.4543917291446872
NC_000020.11:499908:C:T	CSNK2A1	ENSG00000101266	CCSBVarC024330	CCSBORF6699	ENSP00000217244.3:p.Arg80His	239G>A	CCSBORF244	KEAP1	-5.190392273745662	0.3294679777841559
NC_000020.11:499905:T:G	CSNK2A1	ENSG00000101266	CCSBVarC024331	CCSBORF6699	ENSP00000217244.3:p.Glu81Ala	242A>C	CCSBORF244	KEAP1	-4.294455654700753	0.3219452057844628
NC_000020.11:492345:C:T	CSNK2A1	ENSG00000101266	CCSBVarC024361	CCSBORF6699	ENSP00000217244.3:p.Gly177Ser	529G>A	CCSBORF244	KEAP1	-3.818731062739852	0.3487151790424807
NC_000020.11:487464:C:T	CSNK2A1	ENSG00000101266	CCSBVarC024400	CCSBORF6699	ENSP00000217244.3:p.Arg312Gln	935G>A	CCSBORF244	KEAP1	-5.058662988186962	0.5516162870734462
NC_000020.11:483971:C:T	CSNK2A1	ENSG00000101266	CCSBVarC024455	CCSBORF6699	ENSP00000217244.3:p.Ala389Thr	1165G>A	CCSBORF4447	STAC3	-0.9271298624390714	0.6746052815143303
NC_000020.11:483964:T:C	CSNK2A1	ENSG00000101266	CCSBVarC024458	CCSBORF6699	ENSP00000217244.3:p.Gln391Arg	1172A>G	CCSBORF4447	STAC3	-2.3014398456939666	0.5581680697121357
NC_000020.11:505191:G:C	CSNK2A1	ENSG00000101266	CCSBVarC024315	CCSBORF6699	ENSP00000217244.3:p.Arg47Gly	139C>G	CCSBORF4447	STAC3	-3.9849286980293654	0.5303472132381957
NC_000020.11:505187:C:T	CSNK2A1	ENSG00000101266	CCSBVarC024322	CCSBORF6699	ENSP00000217244.3:p.Gly48Asp	143G>A	CCSBORF4447	STAC3	-0.37091829836382006	0.5032272987412434
NC_000020.11:505181:T:G	CSNK2A1	ENSG00000101266	CCSBVarC024324	CCSBORF6699	ENSP00000217244.3:p.Tyr50Ser	149A>C	CCSBORF4447	STAC3	-1.4064484951042004	0.5034597057610833
NC_000020.11:505176:C:T	CSNK2A1	ENSG00000101266	CCSBVarC024328	CCSBORF6699	ENSP00000217244.3:p.Glu52Lys	154G>A	CCSBORF4447	STAC3	-0.05846816598619594	0.5134552766381698
NC_000020.11:499908:C:T	CSNK2A1	ENSG00000101266	CCSBVarC024330	CCSBORF6699	ENSP00000217244.3:p.Arg80His	239G>A	CCSBORF4447	STAC3	-0.7831344022802135	0.5004509021242742
NC_000020.11:499905:T:G	CSNK2A1	ENSG00000101266	CCSBVarC024331	CCSBORF6699	ENSP00000217244.3:p.Glu81Ala	242A>C	CCSBORF4447	STAC3	-0.42590671962079685	0.5023260400498072
NC_000020.11:492345:C:T	CSNK2A1	ENSG00000101266	CCSBVarC024361	CCSBORF6699	ENSP00000217244.3:p.Gly177Ser	529G>A	CCSBORF4447	STAC3	-0.7837896535545168	0.5089549436529451
NC_000020.11:487464:C:T	CSNK2A1	ENSG00000101266	CCSBVarC024400	CCSBORF6699	ENSP00000217244.3:p.Arg312Gln	935G>A	CCSBORF4447	STAC3	-5.2027812764863475	0.7777662828523606
NC_000020.11:483971:C:T	CSNK2A1	ENSG00000101266	CCSBVarC024455	CCSBORF6699	ENSP00000217244.3:p.Ala389Thr	1165G>A	CCSBORF52949	KIF24	-0.7423556247998052	0.7400714241994072
NC_000020.11:483964:T:C	CSNK2A1	ENSG00000101266	CCSBVarC024458	CCSBORF6699	ENSP00000217244.3:p.Gln391Arg	1172A>G	CCSBORF52949	KIF24	NULL	NULL
NC_000020.11:505191:G:C	CSNK2A1	ENSG00000101266	CCSBVarC024315	CCSBORF6699	ENSP00000217244.3:p.Arg47Gly	139C>G	CCSBORF52949	KIF24	-1.1241838270415876	0.718948680517476
NC_000020.11:505187:C:T	CSNK2A1	ENSG00000101266	CCSBVarC024322	CCSBORF6699	ENSP00000217244.3:p.Gly48Asp	143G>A	CCSBORF52949	KIF24	0.02463098061376562	0.7193162888218683
NC_000020.11:505181:T:G	CSNK2A1	ENSG00000101266	CCSBVarC024324	CCSBORF6699	ENSP00000217244.3:p.Tyr50Ser	149A>C	CCSBORF52949	KIF24	-1.3300250005527998	0.7198764762332696
NC_000020.11:505176:C:T	CSNK2A1	ENSG00000101266	CCSBVarC024328	CCSBORF6699	ENSP00000217244.3:p.Glu52Lys	154G>A	CCSBORF52949	KIF24	-5.6459430980029	0.9280811987979083
NC_000020.11:499908:C:T	CSNK2A1	ENSG00000101266	CCSBVarC024330	CCSBORF6699	ENSP00000217244.3:p.Arg80His	239G>A	CCSBORF52949	KIF24	-1.3758180641748103	0.7181976222422481
NC_000020.11:499905:T:G	CSNK2A1	ENSG00000101266	CCSBVarC024331	CCSBORF6699	ENSP00000217244.3:p.Glu81Ala	242A>C	CCSBORF52949	KIF24	0.17019746305731143	0.7188353202434072
NC_000020.11:492345:C:T	CSNK2A1	ENSG00000101266	CCSBVarC024361	CCSBORF6699	ENSP00000217244.3:p.Gly177Ser	529G>A	CCSBORF52949	KIF24	0.6460508927973968	0.719874866668823
NC_000020.11:487464:C:T	CSNK2A1	ENSG00000101266	CCSBVarC024400	CCSBORF6699	ENSP00000217244.3:p.Arg312Gln	935G>A	CCSBORF52949	KIF24	-4.227710885706321	1.092634454581716
NC_000020.11:483971:C:T	CSNK2A1	ENSG00000101266	CCSBVarC024455	CCSBORF6699	ENSP00000217244.3:p.Ala389Thr	1165G>A	CCSBORF55475	FCHO1	-0.9174245253331397	1.2643352662270206
NC_000020.11:483964:T:C	CSNK2A1	ENSG00000101266	CCSBVarC024458	CCSBORF6699	ENSP00000217244.3:p.Gln391Arg	1172A>G	CCSBORF55475	FCHO1	NULL	NULL
NC_000020.11:505191:G:C	CSNK2A1	ENSG00000101266	CCSBVarC024315	CCSBORF6699	ENSP00000217244.3:p.Arg47Gly	139C>G	CCSBORF55475	FCHO1	-2.9341708319622617	0.6543640267520023
NC_000020.11:505187:C:T	CSNK2A1	ENSG00000101266	CCSBVarC024322	CCSBORF6699	ENSP00000217244.3:p.Gly48Asp	143G>A	CCSBORF55475	FCHO1	-1.768740378882561	0.5636586354950831
NC_000020.11:505181:T:G	CSNK2A1	ENSG00000101266	CCSBVarC024324	CCSBORF6699	ENSP00000217244.3:p.Tyr50Ser	149A>C	CCSBORF55475	FCHO1	-2.316275580360524	0.5645652745490318
NC_000020.11:505176:C:T	CSNK2A1	ENSG00000101266	CCSBVarC024328	CCSBORF6699	ENSP00000217244.3:p.Glu52Lys	154G>A	CCSBORF55475	FCHO1	-1.4521709283312698	0.5786476492304297
NC_000020.11:499908:C:T	CSNK2A1	ENSG00000101266	CCSBVarC024330	CCSBORF6699	ENSP00000217244.3:p.Arg80His	239G>A	CCSBORF55475	FCHO1	0.7582865413256812	0.5556751949340512
NC_000020.11:499905:T:G	CSNK2A1	ENSG00000101266	CCSBVarC024331	CCSBORF6699	ENSP00000217244.3:p.Glu81Ala	242A>C	CCSBORF55475	FCHO1	-1.0160115286748908	0.5594440287467516
NC_000020.11:492345:C:T	CSNK2A1	ENSG00000101266	CCSBVarC024361	CCSBORF6699	ENSP00000217244.3:p.Gly177Ser	529G>A	CCSBORF55475	FCHO1	-0.4114907716288657	0.6429279682939829
NC_000020.11:487464:C:T	CSNK2A1	ENSG00000101266	CCSBVarC024400	CCSBORF6699	ENSP00000217244.3:p.Arg312Gln	935G>A	CCSBORF55475	FCHO1	-5.171452106613888	0.8892970331864299
NC_000020.11:483971:C:T	CSNK2A1	ENSG00000101266	CCSBVarC024455	CCSBORF6699	ENSP00000217244.3:p.Ala389Thr	1165G>A	CCSBORF71965	CSNK2B	-0.3150697320131993	0.5973435533306358
NC_000020.11:483964:T:C	CSNK2A1	ENSG00000101266	CCSBVarC024458	CCSBORF6699	ENSP00000217244.3:p.Gln391Arg	1172A>G	CCSBORF71965	CSNK2B	NULL	NULL
NC_000020.11:505191:G:C	CSNK2A1	ENSG00000101266	CCSBVarC024315	CCSBORF6699	ENSP00000217244.3:p.Arg47Gly	139C>G	CCSBORF71965	CSNK2B	-0.17316222147146398	0.558030790795999
NC_000020.11:505187:C:T	CSNK2A1	ENSG00000101266	CCSBVarC024322	CCSBORF6699	ENSP00000217244.3:p.Gly48Asp	143G>A	CCSBORF71965	CSNK2B	-0.09627923819925967	0.580364266398101
NC_000020.11:505181:T:G	CSNK2A1	ENSG00000101266	CCSBVarC024324	CCSBORF6699	ENSP00000217244.3:p.Tyr50Ser	149A>C	CCSBORF71965	CSNK2B	-0.04132124643981622	0.5788949334768655
NC_000020.11:505176:C:T	CSNK2A1	ENSG00000101266	CCSBVarC024328	CCSBORF6699	ENSP00000217244.3:p.Glu52Lys	154G>A	CCSBORF71965	CSNK2B	-0.40366580300501864	0.8465771993899436
NC_000020.11:499908:C:T	CSNK2A1	ENSG00000101266	CCSBVarC024330	CCSBORF6699	ENSP00000217244.3:p.Arg80His	239G>A	CCSBORF71965	CSNK2B	-0.36779085910307163	0.5465977542550299
NC_000020.11:499905:T:G	CSNK2A1	ENSG00000101266	CCSBVarC024331	CCSBORF6699	ENSP00000217244.3:p.Glu81Ala	242A>C	CCSBORF71965	CSNK2B	-0.2503896607610788	0.5751603063370384
NC_000020.11:492345:C:T	CSNK2A1	ENSG00000101266	CCSBVarC024361	CCSBORF6699	ENSP00000217244.3:p.Gly177Ser	529G>A	CCSBORF71965	CSNK2B	0.05004136494078021	0.50341120180073
NC_000020.11:487464:C:T	CSNK2A1	ENSG00000101266	CCSBVarC024400	CCSBORF6699	ENSP00000217244.3:p.Arg312Gln	935G>A	CCSBORF71965	CSNK2B	-5.20767353508499	1.023997520008591
NC_000020.11:483971:C:T	CSNK2A1	ENSG00000101266	CCSBVarC024455	CCSBORF6699	ENSP00000217244.3:p.Ala389Thr	1165G>A	CCSBORF7881	TRIM41	-1.5487339943908638	0.5496876563003901
NC_000020.11:483964:T:C	CSNK2A1	ENSG00000101266	CCSBVarC024458	CCSBORF6699	ENSP00000217244.3:p.Gln391Arg	1172A>G	CCSBORF7881	TRIM41	-1.7818929945196018	1.309476307818664
NC_000020.11:505191:G:C	CSNK2A1	ENSG00000101266	CCSBVarC024315	CCSBORF6699	ENSP00000217244.3:p.Arg47Gly	139C>G	CCSBORF7881	TRIM41	-1.025999235209827	0.5244300980103547
NC_000020.11:505187:C:T	CSNK2A1	ENSG00000101266	CCSBVarC024322	CCSBORF6699	ENSP00000217244.3:p.Gly48Asp	143G>A	CCSBORF7881	TRIM41	-0.941646192806068	0.526804061994501
NC_000020.11:505181:T:G	CSNK2A1	ENSG00000101266	CCSBVarC024324	CCSBORF6699	ENSP00000217244.3:p.Tyr50Ser	149A>C	CCSBORF7881	TRIM41	-0.6649358795200568	0.5250679030059392
NC_000020.11:505176:C:T	CSNK2A1	ENSG00000101266	CCSBVarC024328	CCSBORF6699	ENSP00000217244.3:p.Glu52Lys	154G>A	CCSBORF7881	TRIM41	-0.6660044685015619	0.552764477443874
NC_000020.11:499908:C:T	CSNK2A1	ENSG00000101266	CCSBVarC024330	CCSBORF6699	ENSP00000217244.3:p.Arg80His	239G>A	CCSBORF7881	TRIM41	-0.7168622892994247	0.5233648528374402
NC_000020.11:499905:T:G	CSNK2A1	ENSG00000101266	CCSBVarC024331	CCSBORF6699	ENSP00000217244.3:p.Glu81Ala	242A>C	CCSBORF7881	TRIM41	-1.2270349870506503	0.5259638311905959
NC_000020.11:492345:C:T	CSNK2A1	ENSG00000101266	CCSBVarC024361	CCSBORF6699	ENSP00000217244.3:p.Gly177Ser	529G>A	CCSBORF7881	TRIM41	-0.969037272018001	0.5335801815003751
NC_000020.11:487464:C:T	CSNK2A1	ENSG00000101266	CCSBVarC024400	CCSBORF6699	ENSP00000217244.3:p.Arg312Gln	935G>A	CCSBORF7881	TRIM41	-5.104028923440018	0.7689862953133366
NC_000020.11:483971:C:T	CSNK2A1	ENSG00000101266	CCSBVarC024455	CCSBORF6699	ENSP00000217244.3:p.Ala389Thr	1165G>A	CCSBORF824	MEOX2	-1.0620614492210718	0.5966977235450043
NC_000020.11:483964:T:C	CSNK2A1	ENSG00000101266	CCSBVarC024458	CCSBORF6699	ENSP00000217244.3:p.Gln391Arg	1172A>G	CCSBORF824	MEOX2	-2.684610639638846	0.7845176827033841
NC_000020.11:505191:G:C	CSNK2A1	ENSG00000101266	CCSBVarC024315	CCSBORF6699	ENSP00000217244.3:p.Arg47Gly	139C>G	CCSBORF824	MEOX2	-0.6697740878673026	0.5860592739272182
NC_000020.11:505187:C:T	CSNK2A1	ENSG00000101266	CCSBVarC024322	CCSBORF6699	ENSP00000217244.3:p.Gly48Asp	143G>A	CCSBORF824	MEOX2	-1.1953108654720945	0.5898480932933994
NC_000020.11:505181:T:G	CSNK2A1	ENSG00000101266	CCSBVarC024324	CCSBORF6699	ENSP00000217244.3:p.Tyr50Ser	149A>C	CCSBORF824	MEOX2	-1.8484730312090822	0.5895586959758329
NC_000020.11:505176:C:T	CSNK2A1	ENSG00000101266	CCSBVarC024328	CCSBORF6699	ENSP00000217244.3:p.Glu52Lys	154G>A	CCSBORF824	MEOX2	-3.8746586027893093	1.2651693743974268
NC_000020.11:499908:C:T	CSNK2A1	ENSG00000101266	CCSBVarC024330	CCSBORF6699	ENSP00000217244.3:p.Arg80His	239G>A	CCSBORF824	MEOX2	-3.4983258272023834	0.5934314386931424
NC_000020.11:499905:T:G	CSNK2A1	ENSG00000101266	CCSBVarC024331	CCSBORF6699	ENSP00000217244.3:p.Glu81Ala	242A>C	CCSBORF824	MEOX2	-3.1200018552433795	0.5932088377476431
NC_000020.11:492345:C:T	CSNK2A1	ENSG00000101266	CCSBVarC024361	CCSBORF6699	ENSP00000217244.3:p.Gly177Ser	529G>A	CCSBORF824	MEOX2	-1.9967127048191475	0.5947123903931831
NC_000020.11:487464:C:T	CSNK2A1	ENSG00000101266	CCSBVarC024400	CCSBORF6699	ENSP00000217244.3:p.Arg312Gln	935G>A	CCSBORF824	MEOX2	-5.394342053101351	0.7954138351273845
NC_000012.12:50090507:C:T	SMARCD1	ENSG00000066117	CCSBVarC023618	CCSBORF6722	ENSP00000378414.4:p.Arg351Cys	1051C>T	CCSBORF10460	GOLGA6L9	-0.38222235298690604	1.2683873066455764
NC_000012.12:50096915:A:G	SMARCD1	ENSG00000066117	CCSBVarC023621	CCSBORF6722	ENSP00000378414.4:p.Arg446Gly	1336A>G	CCSBORF10460	GOLGA6L9	0.09093696002552287	1.2547461055185314
NC_000012.12:50086185:G:A	SMARCD1	ENSG00000066117	CCSBVarC023597	CCSBORF6722	ENSP00000378414.4:p.Arg68Gln	203G>A	CCSBORF10460	GOLGA6L9	-0.04307398618877922	1.2530896590442666
NC_000012.12:50086840:G:A	SMARCD1	ENSG00000066117	CCSBVarC023603	CCSBORF6722	ENSP00000378414.4:p.Arg165Gln	494G>A	CCSBORF10460	GOLGA6L9	-0.2105489416633794	1.2521908016259633
NC_000012.12:50090356:C:G	SMARCD1	ENSG00000066117	CCSBVarC023606	CCSBORF6722	ENSP00000378414.4:p.Asp330Glu	990C>G	CCSBORF10460	GOLGA6L9	-1.6282993088917919	1.2565079648344908
NC_000012.12:50090507:C:T	SMARCD1	ENSG00000066117	CCSBVarC023618	CCSBORF6722	ENSP00000378414.4:p.Arg351Cys	1051C>T	CCSBORF10496	GPRASP3	-0.6102464923922098	1.0677266899710385
NC_000012.12:50096915:A:G	SMARCD1	ENSG00000066117	CCSBVarC023621	CCSBORF6722	ENSP00000378414.4:p.Arg446Gly	1336A>G	CCSBORF10496	GPRASP3	0.35697164307965307	1.0520109544739122
NC_000012.12:50086185:G:A	SMARCD1	ENSG00000066117	CCSBVarC023597	CCSBORF6722	ENSP00000378414.4:p.Arg68Gln	203G>A	CCSBORF10496	GPRASP3	0.12317701901460065	1.0495894620496486
NC_000012.12:50086840:G:A	SMARCD1	ENSG00000066117	CCSBVarC023603	CCSBORF6722	ENSP00000378414.4:p.Arg165Gln	494G>A	CCSBORF10496	GPRASP3	0.07218954970887914	1.0484379514847024
NC_000012.12:50090356:C:G	SMARCD1	ENSG00000066117	CCSBVarC023606	CCSBORF6722	ENSP00000378414.4:p.Asp330Glu	990C>G	CCSBORF10496	GPRASP3	-3.3562260733232665	1.062862751672558
NC_000012.12:50090507:C:T	SMARCD1	ENSG00000066117	CCSBVarC023618	CCSBORF6722	ENSP00000378414.4:p.Arg351Cys	1051C>T	CCSBORF13612	MAGEA6	-5.0149924706230316	1.5016749943634693
NC_000012.12:50096915:A:G	SMARCD1	ENSG00000066117	CCSBVarC023621	CCSBORF6722	ENSP00000378414.4:p.Arg446Gly	1336A>G	CCSBORF13612	MAGEA6	1.4153839808177324	1.3905537477316343
NC_000012.12:50086185:G:A	SMARCD1	ENSG00000066117	CCSBVarC023597	CCSBORF6722	ENSP00000378414.4:p.Arg68Gln	203G>A	CCSBORF13612	MAGEA6	-1.4441817128454093	1.2890588397228646
NC_000012.12:50086840:G:A	SMARCD1	ENSG00000066117	CCSBVarC023603	CCSBORF6722	ENSP00000378414.4:p.Arg165Gln	494G>A	CCSBORF13612	MAGEA6	-0.9919077939606328	1.2872106813171542
NC_000012.12:50090356:C:G	SMARCD1	ENSG00000066117	CCSBVarC023606	CCSBORF6722	ENSP00000378414.4:p.Asp330Glu	990C>G	CCSBORF13612	MAGEA6	-5.207404386398036	1.6967705853182513
NC_000012.12:50090507:C:T	SMARCD1	ENSG00000066117	CCSBVarC023618	CCSBORF6722	ENSP00000378414.4:p.Arg351Cys	1051C>T	CCSBORF244	KEAP1	-0.07498692615733371	1.287945730269862
NC_000012.12:50096915:A:G	SMARCD1	ENSG00000066117	CCSBVarC023621	CCSBORF6722	ENSP00000378414.4:p.Arg446Gly	1336A>G	CCSBORF244	KEAP1	1.4529050977058418	1.1349045740503572
NC_000012.12:50086185:G:A	SMARCD1	ENSG00000066117	CCSBVarC023597	CCSBORF6722	ENSP00000378414.4:p.Arg68Gln	203G>A	CCSBORF244	KEAP1	0.9932522973352168	0.9617110437937341
NC_000012.12:50086840:G:A	SMARCD1	ENSG00000066117	CCSBVarC023603	CCSBORF6722	ENSP00000378414.4:p.Arg165Gln	494G>A	CCSBORF244	KEAP1	1.094769237525783	0.9587721251273812
NC_000012.12:50090356:C:G	SMARCD1	ENSG00000066117	CCSBVarC023606	CCSBORF6722	ENSP00000378414.4:p.Asp330Glu	990C>G	CCSBORF244	KEAP1	-0.09103606420953816	0.9688907514461303
NC_000012.12:50090507:C:T	SMARCD1	ENSG00000066117	CCSBVarC023618	CCSBORF6722	ENSP00000378414.4:p.Arg351Cys	1051C>T	CCSBORF326	WWP2	-1.11298451009552	1.1739438958062849
NC_000012.12:50096915:A:G	SMARCD1	ENSG00000066117	CCSBVarC023621	CCSBORF6722	ENSP00000378414.4:p.Arg446Gly	1336A>G	CCSBORF326	WWP2	1.5681310546520875	1.141834070964221
NC_000012.12:50086185:G:A	SMARCD1	ENSG00000066117	CCSBVarC023597	CCSBORF6722	ENSP00000378414.4:p.Arg68Gln	203G>A	CCSBORF326	WWP2	0.5766104611226743	1.2324768711239966
NC_000012.12:50086840:G:A	SMARCD1	ENSG00000066117	CCSBVarC023603	CCSBORF6722	ENSP00000378414.4:p.Arg165Gln	494G>A	CCSBORF326	WWP2	1.1010921392272361	1.5323157389780615
NC_000012.12:50090356:C:G	SMARCD1	ENSG00000066117	CCSBVarC023606	CCSBORF6722	ENSP00000378414.4:p.Asp330Glu	990C>G	CCSBORF326	WWP2	-3.174989514976003	1.154624763747699
NC_000012.12:50090507:C:T	SMARCD1	ENSG00000066117	CCSBVarC023618	CCSBORF6722	ENSP00000378414.4:p.Arg351Cys	1051C>T	CCSBORF4105	KRT15	-1.042871500742704	1.561255282214706
NC_000012.12:50096915:A:G	SMARCD1	ENSG00000066117	CCSBVarC023621	CCSBORF6722	ENSP00000378414.4:p.Arg446Gly	1336A>G	CCSBORF4105	KRT15	-0.5195233493029211	1.522498259471204
NC_000012.12:50086185:G:A	SMARCD1	ENSG00000066117	CCSBVarC023597	CCSBORF6722	ENSP00000378414.4:p.Arg68Gln	203G>A	CCSBORF4105	KRT15	-0.395215045937118	1.5178463971922582
NC_000012.12:50086840:G:A	SMARCD1	ENSG00000066117	CCSBVarC023603	CCSBORF6722	ENSP00000378414.4:p.Arg165Gln	494G>A	CCSBORF4105	KRT15	-0.5763669392101158	1.516061997352567
NC_000012.12:50090356:C:G	SMARCD1	ENSG00000066117	CCSBVarC023606	CCSBORF6722	ENSP00000378414.4:p.Asp330Glu	990C>G	CCSBORF4105	KRT15	-2.5025588336998448	1.528728254601444
NC_000012.12:50090507:C:T	SMARCD1	ENSG00000066117	CCSBVarC023618	CCSBORF6722	ENSP00000378414.4:p.Arg351Cys	1051C>T	CCSBORF4569	LZTS2	-0.04884936822241592	0.8073486495198582
NC_000012.12:50096915:A:G	SMARCD1	ENSG00000066117	CCSBVarC023621	CCSBORF6722	ENSP00000378414.4:p.Arg446Gly	1336A>G	CCSBORF4569	LZTS2	2.034314236911199	0.7663025651097576
NC_000012.12:50086185:G:A	SMARCD1	ENSG00000066117	CCSBVarC023597	CCSBORF6722	ENSP00000378414.4:p.Arg68Gln	203G>A	CCSBORF4569	LZTS2	0.4667006576698078	0.6943837665778264
NC_000012.12:50086840:G:A	SMARCD1	ENSG00000066117	CCSBVarC023603	CCSBORF6722	ENSP00000378414.4:p.Arg165Gln	494G>A	CCSBORF4569	LZTS2	0.18443913367469716	0.6915795926055406
NC_000012.12:50090356:C:G	SMARCD1	ENSG00000066117	CCSBVarC023606	CCSBORF6722	ENSP00000378414.4:p.Asp330Glu	990C>G	CCSBORF4569	LZTS2	-1.9386919691278544	0.709207756250589
NC_000012.12:50090507:C:T	SMARCD1	ENSG00000066117	CCSBVarC023618	CCSBORF6722	ENSP00000378414.4:p.Arg351Cys	1051C>T	CCSBORF4759	VPS37B	-1.5200439235239553	1.243788098645749
NC_000012.12:50096915:A:G	SMARCD1	ENSG00000066117	CCSBVarC023621	CCSBORF6722	ENSP00000378414.4:p.Arg446Gly	1336A>G	CCSBORF4759	VPS37B	-0.11477462929216325	1.0625000779865548
NC_000012.12:50086185:G:A	SMARCD1	ENSG00000066117	CCSBVarC023597	CCSBORF6722	ENSP00000378414.4:p.Arg68Gln	203G>A	CCSBORF4759	VPS37B	0.19047337574472162	0.9059663023632674
NC_000012.12:50086840:G:A	SMARCD1	ENSG00000066117	CCSBVarC023603	CCSBORF6722	ENSP00000378414.4:p.Arg165Gln	494G>A	CCSBORF4759	VPS37B	-0.6892896265826274	0.9054267501754751
NC_000012.12:50090356:C:G	SMARCD1	ENSG00000066117	CCSBVarC023606	CCSBORF6722	ENSP00000378414.4:p.Asp330Glu	990C>G	CCSBORF4759	VPS37B	-2.5909900286311665	0.9089563572547564
NC_000012.12:50090507:C:T	SMARCD1	ENSG00000066117	CCSBVarC023618	CCSBORF6722	ENSP00000378414.4:p.Arg351Cys	1051C>T	CCSBORF54692	HOMEZ	NULL	NULL
NC_000012.12:50096915:A:G	SMARCD1	ENSG00000066117	CCSBVarC023621	CCSBORF6722	ENSP00000378414.4:p.Arg446Gly	1336A>G	CCSBORF54692	HOMEZ	2.2150305874961247	0.32278695732556234
NC_000012.12:50086185:G:A	SMARCD1	ENSG00000066117	CCSBVarC023597	CCSBORF6722	ENSP00000378414.4:p.Arg68Gln	203G>A	CCSBORF54692	HOMEZ	1.5557910849677057	0.3528312354444641
NC_000012.12:50086840:G:A	SMARCD1	ENSG00000066117	CCSBVarC023603	CCSBORF6722	ENSP00000378414.4:p.Arg165Gln	494G>A	CCSBORF54692	HOMEZ	1.1519511911391285	0.30574719325998134
NC_000012.12:50090356:C:G	SMARCD1	ENSG00000066117	CCSBVarC023606	CCSBORF6722	ENSP00000378414.4:p.Asp330Glu	990C>G	CCSBORF54692	HOMEZ	-1.3668693976182826	0.322579389121774
NC_000012.12:50090507:C:T	SMARCD1	ENSG00000066117	CCSBVarC023618	CCSBORF6722	ENSP00000378414.4:p.Arg351Cys	1051C>T	CCSBORF54957	USP54	-0.8122954314541806	1.0798253086779275
NC_000012.12:50096915:A:G	SMARCD1	ENSG00000066117	CCSBVarC023621	CCSBORF6722	ENSP00000378414.4:p.Arg446Gly	1336A>G	CCSBORF54957	USP54	1.458953719884848	1.0390057484909776
NC_000012.12:50086185:G:A	SMARCD1	ENSG00000066117	CCSBVarC023597	CCSBORF6722	ENSP00000378414.4:p.Arg68Gln	203G>A	CCSBORF54957	USP54	0.5323170261111537	1.0320815538425256
NC_000012.12:50086840:G:A	SMARCD1	ENSG00000066117	CCSBVarC023603	CCSBORF6722	ENSP00000378414.4:p.Arg165Gln	494G>A	CCSBORF54957	USP54	0.7458378662123639	1.028982678599135
NC_000012.12:50090356:C:G	SMARCD1	ENSG00000066117	CCSBVarC023606	CCSBORF6722	ENSP00000378414.4:p.Asp330Glu	990C>G	CCSBORF54957	USP54	-2.8782469796971712	1.0506675576350082
NC_000012.12:50090507:C:T	SMARCD1	ENSG00000066117	CCSBVarC023618	CCSBORF6722	ENSP00000378414.4:p.Arg351Cys	1051C>T	CCSBORF71099	COG6	-1.5521328902685985	1.0322938066697844
NC_000012.12:50096915:A:G	SMARCD1	ENSG00000066117	CCSBVarC023621	CCSBORF6722	ENSP00000378414.4:p.Arg446Gly	1336A>G	CCSBORF71099	COG6	-0.23657212670153424	0.9984682088977574
NC_000012.12:50086185:G:A	SMARCD1	ENSG00000066117	CCSBVarC023597	CCSBORF6722	ENSP00000378414.4:p.Arg68Gln	203G>A	CCSBORF71099	COG6	-0.06911502736003902	0.984714397872344
NC_000012.12:50086840:G:A	SMARCD1	ENSG00000066117	CCSBVarC023603	CCSBORF6722	ENSP00000378414.4:p.Arg165Gln	494G>A	CCSBORF71099	COG6	0.05524883293545241	0.9808330250961532
NC_000012.12:50090356:C:G	SMARCD1	ENSG00000066117	CCSBVarC023606	CCSBORF6722	ENSP00000378414.4:p.Asp330Glu	990C>G	CCSBORF71099	COG6	-2.021074833687151	0.9910638865929791
NC_000012.12:50090507:C:T	SMARCD1	ENSG00000066117	CCSBVarC023618	CCSBORF6722	ENSP00000378414.4:p.Arg351Cys	1051C>T	CCSBORF72137	DISC1	-3.3550531237246393	2.123416908202448
NC_000012.12:50096915:A:G	SMARCD1	ENSG00000066117	CCSBVarC023621	CCSBORF6722	ENSP00000378414.4:p.Arg446Gly	1336A>G	CCSBORF72137	DISC1	-0.33051269017115414	2.121003053957182
NC_000012.12:50086185:G:A	SMARCD1	ENSG00000066117	CCSBVarC023597	CCSBORF6722	ENSP00000378414.4:p.Arg68Gln	203G>A	CCSBORF72137	DISC1	-1.7876890130866192	2.1047622347538533
NC_000012.12:50086840:G:A	SMARCD1	ENSG00000066117	CCSBVarC023603	CCSBORF6722	ENSP00000378414.4:p.Arg165Gln	494G>A	CCSBORF72137	DISC1	-0.4735379116895001	2.103813588353305
NC_000012.12:50090356:C:G	SMARCD1	ENSG00000066117	CCSBVarC023606	CCSBORF6722	ENSP00000378414.4:p.Asp330Glu	990C>G	CCSBORF72137	DISC1	-4.778103249104115	2.383469114414079
NC_000012.12:50090507:C:T	SMARCD1	ENSG00000066117	CCSBVarC023618	CCSBORF6722	ENSP00000378414.4:p.Arg351Cys	1051C>T	CCSBORF7439	ABI2	0.604307577143729	0.5990700276589833
NC_000012.12:50096915:A:G	SMARCD1	ENSG00000066117	CCSBVarC023621	CCSBORF6722	ENSP00000378414.4:p.Arg446Gly	1336A>G	CCSBORF7439	ABI2	0.8379591309414023	0.7254482988067222
NC_000012.12:50086185:G:A	SMARCD1	ENSG00000066117	CCSBVarC023597	CCSBORF6722	ENSP00000378414.4:p.Arg68Gln	203G>A	CCSBORF7439	ABI2	0.6412657597148478	0.58269926071527
NC_000012.12:50086840:G:A	SMARCD1	ENSG00000066117	CCSBVarC023603	CCSBORF6722	ENSP00000378414.4:p.Arg165Gln	494G>A	CCSBORF7439	ABI2	0.8032372010404487	0.6495645087662798
NC_000012.12:50090356:C:G	SMARCD1	ENSG00000066117	CCSBVarC023606	CCSBORF6722	ENSP00000378414.4:p.Asp330Glu	990C>G	CCSBORF7439	ABI2	-0.4562009193349829	0.5853753980111732
NC_000012.12:50090507:C:T	SMARCD1	ENSG00000066117	CCSBVarC023618	CCSBORF6722	ENSP00000378414.4:p.Arg351Cys	1051C>T	CCSBORF8352	USHBP1	-0.7933925497155216	1.2527490940720873
NC_000012.12:50096915:A:G	SMARCD1	ENSG00000066117	CCSBVarC023621	CCSBORF6722	ENSP00000378414.4:p.Arg446Gly	1336A>G	CCSBORF8352	USHBP1	-0.4116292462462617	1.2390211405577491
NC_000012.12:50086185:G:A	SMARCD1	ENSG00000066117	CCSBVarC023597	CCSBORF6722	ENSP00000378414.4:p.Arg68Gln	203G>A	CCSBORF8352	USHBP1	-0.35483304513501557	1.236812802237424
NC_000012.12:50086840:G:A	SMARCD1	ENSG00000066117	CCSBVarC023603	CCSBORF6722	ENSP00000378414.4:p.Arg165Gln	494G>A	CCSBORF8352	USHBP1	-0.2700940658447899	1.2359487985024917
NC_000012.12:50090356:C:G	SMARCD1	ENSG00000066117	CCSBVarC023606	CCSBORF6722	ENSP00000378414.4:p.Asp330Glu	990C>G	CCSBORF8352	USHBP1	-2.414063372569399	1.242479840217125
NC_000012.12:50090507:C:T	SMARCD1	ENSG00000066117	CCSBVarC023618	CCSBORF6722	ENSP00000378414.4:p.Arg351Cys	1051C>T	CCSBORF9746	MTUS2	-2.0471890192079787	0.5805561882820564
NC_000012.12:50096915:A:G	SMARCD1	ENSG00000066117	CCSBVarC023621	CCSBORF6722	ENSP00000378414.4:p.Arg446Gly	1336A>G	CCSBORF9746	MTUS2	-0.896194320176649	0.9114814651729024
NC_000012.12:50086185:G:A	SMARCD1	ENSG00000066117	CCSBVarC023597	CCSBORF6722	ENSP00000378414.4:p.Arg68Gln	203G>A	CCSBORF9746	MTUS2	-1.227346384033	0.5651854476513561
NC_000012.12:50086840:G:A	SMARCD1	ENSG00000066117	CCSBVarC023603	CCSBORF6722	ENSP00000378414.4:p.Arg165Gln	494G>A	CCSBORF9746	MTUS2	-1.4582450339314987	0.5799667462485347
NC_000012.12:50090356:C:G	SMARCD1	ENSG00000066117	CCSBVarC023606	CCSBORF6722	ENSP00000378414.4:p.Asp330Glu	990C>G	CCSBORF9746	MTUS2	-2.5337960340455856	0.567498049291057
NC_000009.12:35689204:A:G	TPM2	ENSG00000198467	CCSBVarC023969	CCSBORF6947	ENSP00000367542.3:p.Ser61Pro	181T>C	CCSBORF70294	ZNF229	-0.5950956603729662	0.9650969233527235
NC_000009.12:35689155:T:C	TPM2	ENSG00000198467	CCSBVarC023972	CCSBORF6947	ENSP00000367542.3:p.Lys77Arg	230A>G	CCSBORF70294	ZNF229	-0.09708669387789753	0.96239997281404
NC_000009.12:35689791:T:G	TPM2	ENSG00000198467	CCSBVarC023963	CCSBORF6947	ENSP00000367542.3:p.Gln9Pro	26A>C	CCSBORF70294	ZNF229	0.192734169759621	1.0569520753452835
NC_000009.12:35685742:T:C	TPM2	ENSG00000198467	CCSBVarC023977	CCSBORF6947	ENSP00000367542.3:p.Gln93Arg	278A>G	CCSBORF70294	ZNF229	-0.779649711590908	0.9735106917152565
NC_000009.12:35685741:C:A	TPM2	ENSG00000198467	CCSBVarC023981	CCSBORF6947	ENSP00000367542.3:p.Gln93His	279G>T	CCSBORF70294	ZNF229	-0.17944560147887884	0.9673869756251753
NC_000009.12:35685712:T:C	TPM2	ENSG00000198467	CCSBVarC024004	CCSBORF6947	ENSP00000367542.3:p.Gln103Arg	308A>G	CCSBORF70294	ZNF229	-0.6232998118154907	0.9622270803584633
NC_000009.12:35685656:C:T	TPM2	ENSG00000198467	CCSBVarC024006	CCSBORF6947	ENSP00000367542.3:p.Glu122Lys	364G>A	CCSBORF70294	ZNF229	-1.3755559033500973	0.9945197677381622
NC_000009.12:35689776:T:A	TPM2	ENSG00000198467	CCSBVarC023966	CCSBORF6947	ENSP00000367542.3:p.Asp14Val	41A>T	CCSBORF70294	ZNF229	0.2722576598211931	0.9614104303398212
NC_000016.10:2519559:G:C	ATP6V0C	ENSG00000185883	CCSBVarC024118	CCSBORF6959	ENSP00000454868.1:p.Ala52Pro	154G>C	CCSBORF14311	MSR1	-2.7570720911517643	1.1611835621867492
NC_000016.10:2519680:T:C	ATP6V0C	ENSG00000185883	CCSBVarC024121	CCSBORF6959	ENSP00000454868.1:p.Leu92Pro	275T>C	CCSBORF14311	MSR1	-2.231321835068146	1.1500505321193288
NC_000016.10:2519685:T:C	ATP6V0C	ENSG00000185883	CCSBVarC024124	CCSBORF6959	ENSP00000454868.1:p.Phe94Leu	280T>C	CCSBORF14311	MSR1	5.940738560460666	1.137832636840706
NC_000016.10:2519700:G:T	ATP6V0C	ENSG00000185883	CCSBVarC024127	CCSBORF6959	ENSP00000454868.1:p.Gly99Cys	295G>T	CCSBORF14311	MSR1	3.8717762498895545	1.137687641076973
NC_000016.10:2519721:G:A	ATP6V0C	ENSG00000185883	CCSBVarC024129	CCSBORF6959	ENSP00000454868.1:p.Ala106Thr	316G>A	CCSBORF14311	MSR1	-3.1585684840190558	2.07508425752853
NC_000016.10:2519325:G:C	ATP6V0C	ENSG00000185883	CCSBVarC024116	CCSBORF6959	ENSP00000454868.1:p.Gly20Ala	59G>C	CCSBORF14311	MSR1	-0.8866807400967444	1.1646263942087454
NC_000016.10:2519559:G:C	ATP6V0C	ENSG00000185883	CCSBVarC024118	CCSBORF6959	ENSP00000454868.1:p.Ala52Pro	154G>C	CCSBORF71885	MCEMP1	-5.191840340340022	0.19075943167858606
NC_000016.10:2519680:T:C	ATP6V0C	ENSG00000185883	CCSBVarC024121	CCSBORF6959	ENSP00000454868.1:p.Leu92Pro	275T>C	CCSBORF71885	MCEMP1	-0.49445739370783565	0.1415008939459451
NC_000016.10:2519685:T:C	ATP6V0C	ENSG00000185883	CCSBVarC024124	CCSBORF6959	ENSP00000454868.1:p.Phe94Leu	280T>C	CCSBORF71885	MCEMP1	-1.6073851072157284	0.1593822954978118
NC_000016.10:2519700:G:T	ATP6V0C	ENSG00000185883	CCSBVarC024127	CCSBORF6959	ENSP00000454868.1:p.Gly99Cys	295G>T	CCSBORF71885	MCEMP1	0.5072774960664075	0.14485005431519404
NC_000016.10:2519721:G:A	ATP6V0C	ENSG00000185883	CCSBVarC024129	CCSBORF6959	ENSP00000454868.1:p.Ala106Thr	316G>A	CCSBORF71885	MCEMP1	-1.6085944211904855	0.15165336377065325
NC_000016.10:2519325:G:C	ATP6V0C	ENSG00000185883	CCSBVarC024116	CCSBORF6959	ENSP00000454868.1:p.Gly20Ala	59G>C	CCSBORF71885	MCEMP1	0.19511714965891008	0.15992772272477557
NC_000004.12:110621288:G:A	PITX2	ENSG00000164093	CCSBVarC024133	CCSBORF6983	ENSP00000495061.1:p.Arg96Trp	286C>T	CCSBORF100010307	DYNLT1	0.8062819995236863	0.5561456379410337
NC_000004.12:110621278:A:G	PITX2	ENSG00000164093	CCSBVarC024135	CCSBORF6983	ENSP00000495061.1:p.Phe99Ser	296T>C	CCSBORF100010307	DYNLT1	-3.0250760539209542	0.6363156849964898
NC_000004.12:110621242:A:G	PITX2	ENSG00000164093	CCSBVarC024137	CCSBORF6983	ENSP00000495061.1:p.Phe111Ser	332T>C	CCSBORF100010307	DYNLT1	-3.0688110710528154	0.5617006253639225
NC_000004.12:110621168:C:A	PITX2	ENSG00000164093	CCSBVarC024143	CCSBORF6983	ENSP00000495061.1:p.Val136Phe	406G>T	CCSBORF100010307	DYNLT1	-3.1650286556932894	0.5635677950619938
NC_000004.12:110618671:C:G	PITX2	ENSG00000164093	CCSBVarC024164	CCSBORF6983	ENSP00000495061.1:p.Arg143Pro	428G>C	CCSBORF100010307	DYNLT1	-3.7767669690835444	0.965990829925663
NC_000004.12:110618669:G:A	PITX2	ENSG00000164093	CCSBVarC024166	CCSBORF6983	ENSP00000495061.1:p.Arg144Trp	430C>T	CCSBORF100010307	DYNLT1	-5.550469086595716	0.6117787050470992
NC_000004.12:110618668:C:T	PITX2	ENSG00000164093	CCSBVarC024169	CCSBORF6983	ENSP00000495061.1:p.Arg144Gln	431G>A	CCSBORF100010307	DYNLT1	-0.28902273850988613	0.558750907106533
NC_000004.12:110618537:C:T	PITX2	ENSG00000164093	CCSBVarC024171	CCSBORF6983	ENSP00000495061.1:p.Ala188Thr	562G>A	CCSBORF100010307	DYNLT1	0.2845437075236167	0.5629413795638107
NC_000004.12:110621288:G:A	PITX2	ENSG00000164093	CCSBVarC024133	CCSBORF6983	ENSP00000495061.1:p.Arg96Trp	286C>T	CCSBORF13662	CYSRT1	1.5212930911458684	0.5793486730333168
NC_000004.12:110621278:A:G	PITX2	ENSG00000164093	CCSBVarC024135	CCSBORF6983	ENSP00000495061.1:p.Phe99Ser	296T>C	CCSBORF13662	CYSRT1	-1.3372439288127325	0.5743699395163326
NC_000004.12:110621242:A:G	PITX2	ENSG00000164093	CCSBVarC024137	CCSBORF6983	ENSP00000495061.1:p.Phe111Ser	332T>C	CCSBORF13662	CYSRT1	-2.335528004315163	0.5803013919355425
NC_000004.12:110621168:C:A	PITX2	ENSG00000164093	CCSBVarC024143	CCSBORF6983	ENSP00000495061.1:p.Val136Phe	406G>T	CCSBORF13662	CYSRT1	0.4953759474638243	0.5742257574529411
NC_000004.12:110618671:C:G	PITX2	ENSG00000164093	CCSBVarC024164	CCSBORF6983	ENSP00000495061.1:p.Arg143Pro	428G>C	CCSBORF13662	CYSRT1	-2.2929629825703604	0.6124468087700461
NC_000004.12:110618669:G:A	PITX2	ENSG00000164093	CCSBVarC024166	CCSBORF6983	ENSP00000495061.1:p.Arg144Trp	430C>T	CCSBORF13662	CYSRT1	-1.7920135381908984	0.5781603453568213
NC_000004.12:110618668:C:T	PITX2	ENSG00000164093	CCSBVarC024169	CCSBORF6983	ENSP00000495061.1:p.Arg144Gln	431G>A	CCSBORF13662	CYSRT1	-0.0704744780416323	0.5808420451762949
NC_000004.12:110618537:C:T	PITX2	ENSG00000164093	CCSBVarC024171	CCSBORF6983	ENSP00000495061.1:p.Ala188Thr	562G>A	CCSBORF13662	CYSRT1	-0.31221808663080336	0.7035279471514948
NC_000004.12:110621288:G:A	PITX2	ENSG00000164093	CCSBVarC024133	CCSBORF6983	ENSP00000495061.1:p.Arg96Trp	286C>T	CCSBORF53886	TLE5	2.209651240753048	0.3629405194659214
NC_000004.12:110621278:A:G	PITX2	ENSG00000164093	CCSBVarC024135	CCSBORF6983	ENSP00000495061.1:p.Phe99Ser	296T>C	CCSBORF53886	TLE5	-1.2301013232132192	0.3597442097179673
NC_000004.12:110621242:A:G	PITX2	ENSG00000164093	CCSBVarC024137	CCSBORF6983	ENSP00000495061.1:p.Phe111Ser	332T>C	CCSBORF53886	TLE5	-3.047291121954082	0.37478698992644993
NC_000004.12:110621168:C:A	PITX2	ENSG00000164093	CCSBVarC024143	CCSBORF6983	ENSP00000495061.1:p.Val136Phe	406G>T	CCSBORF53886	TLE5	-0.558117509851758	0.3593125532282686
NC_000004.12:110618671:C:G	PITX2	ENSG00000164093	CCSBVarC024164	CCSBORF6983	ENSP00000495061.1:p.Arg143Pro	428G>C	CCSBORF53886	TLE5	-2.9521628288451254	0.7025226390240474
NC_000004.12:110618669:G:A	PITX2	ENSG00000164093	CCSBVarC024166	CCSBORF6983	ENSP00000495061.1:p.Arg144Trp	430C>T	CCSBORF53886	TLE5	-3.891570489014285	0.39398244952548844
NC_000004.12:110618668:C:T	PITX2	ENSG00000164093	CCSBVarC024169	CCSBORF6983	ENSP00000495061.1:p.Arg144Gln	431G>A	CCSBORF53886	TLE5	1.3966048830947464	0.36592546383137287
NC_000004.12:110618537:C:T	PITX2	ENSG00000164093	CCSBVarC024171	CCSBORF6983	ENSP00000495061.1:p.Ala188Thr	562G>A	CCSBORF53886	TLE5	-0.5072467309253906	0.3932031091135177
NC_000007.14:66633379:C:T	KCTD7	ENSG00000243335	CCSBVarC032499	CCSBORF70368	ENSP00000411624.1:p.Arg84Trp	250C>T	CCSBORF2098	EFHC2	-3.096146939295453	0.3894259503785521
NC_000007.14:66633385:T:C	KCTD7	ENSG00000243335	CCSBVarC032504	CCSBORF70368	ENSP00000411624.1:p.Tyr86His	256T>C	CCSBORF2098	EFHC2	NULL	NULL
NC_000007.14:66638271:C:T	KCTD7	ENSG00000243335	CCSBVarC032510	CCSBORF70368	ENSP00000411624.1:p.Arg112Cys	334C>T	CCSBORF2098	EFHC2	3.0170882381332005	0.3804942489599798
NC_000007.14:66638272:G:A	KCTD7	ENSG00000243335	CCSBVarC032513	CCSBORF70368	ENSP00000411624.1:p.Arg112His	335G>A	CCSBORF2098	EFHC2	3.6285181830937048	0.37506707493766567
NC_000007.14:66638277:G:T	KCTD7	ENSG00000243335	CCSBVarC032516	CCSBORF70368	ENSP00000411624.1:p.Gly114Trp	340G>T	CCSBORF2098	EFHC2	0.12077170163605272	0.4105996792617066
NC_000007.14:66638395:G:A	KCTD7	ENSG00000243335	CCSBVarC032519	CCSBORF70368	ENSP00000411624.1:p.Arg153His	458G>A	CCSBORF2098	EFHC2	-3.8249516074442527	0.4900909002633367
NC_000007.14:66638395:G:C	KCTD7	ENSG00000243335	CCSBVarC032522	CCSBORF70368	ENSP00000411624.1:p.Arg153Pro	458G>C	CCSBORF2098	EFHC2	-6.374767407360795	0.6690367207296298
NC_000007.14:66638894:C:T	KCTD7	ENSG00000243335	CCSBVarC032524	CCSBORF70368	ENSP00000411624.1:p.Ala178Val	533C>T	CCSBORF2098	EFHC2	-6.160871253722851	0.8323107413245279
NC_000007.14:66638912:G:A	KCTD7	ENSG00000243335	CCSBVarC032526	CCSBORF70368	ENSP00000411624.1:p.Arg184His	551G>A	CCSBORF2098	EFHC2	NULL	NULL
NC_000007.14:66639065:G:C	KCTD7	ENSG00000243335	CCSBVarC032550	CCSBORF70368	ENSP00000411624.1:p.Trp235Ser	704G>C	CCSBORF2098	EFHC2	-5.602014805169537	0.6739391109222346
NC_000007.14:66639136:G:A	KCTD7	ENSG00000243335	CCSBVarC032556	CCSBORF70368	ENSP00000411624.1:p.Val259Met	775G>A	CCSBORF2098	EFHC2	NULL	NULL
NC_000007.14:66639154:G:A	KCTD7	ENSG00000243335	CCSBVarC032558	CCSBORF70368	ENSP00000411624.1:p.Gly265Arg	793G>A	CCSBORF2098	EFHC2	-3.23133232209634	0.6415605126168228
NC_000007.14:66633379:C:T	KCTD7	ENSG00000243335	CCSBVarC032499	CCSBORF70368	ENSP00000411624.1:p.Arg84Trp	250C>T	CCSBORF2468	TRIM2	-1.6543029446312936	0.5237525532165314
NC_000007.14:66633385:T:C	KCTD7	ENSG00000243335	CCSBVarC032504	CCSBORF70368	ENSP00000411624.1:p.Tyr86His	256T>C	CCSBORF2468	TRIM2	0.9116454128724598	0.8206879235893579
NC_000007.14:66638271:C:T	KCTD7	ENSG00000243335	CCSBVarC032510	CCSBORF70368	ENSP00000411624.1:p.Arg112Cys	334C>T	CCSBORF2468	TRIM2	1.5156054263311804	0.8616739364037735
NC_000007.14:66638272:G:A	KCTD7	ENSG00000243335	CCSBVarC032513	CCSBORF70368	ENSP00000411624.1:p.Arg112His	335G>A	CCSBORF2468	TRIM2	2.8989075315083177	0.521039853227829
NC_000007.14:66638277:G:T	KCTD7	ENSG00000243335	CCSBVarC032516	CCSBORF70368	ENSP00000411624.1:p.Gly114Trp	340G>T	CCSBORF2468	TRIM2	-3.678051572906196	0.9417585229440437
NC_000007.14:66638395:G:A	KCTD7	ENSG00000243335	CCSBVarC032519	CCSBORF70368	ENSP00000411624.1:p.Arg153His	458G>A	CCSBORF2468	TRIM2	-5.428659233423511	0.6095037084040612
NC_000007.14:66638395:G:C	KCTD7	ENSG00000243335	CCSBVarC032522	CCSBORF70368	ENSP00000411624.1:p.Arg153Pro	458G>C	CCSBORF2468	TRIM2	-5.900683191103303	0.706399173908191
NC_000007.14:66638894:C:T	KCTD7	ENSG00000243335	CCSBVarC032524	CCSBORF70368	ENSP00000411624.1:p.Ala178Val	533C>T	CCSBORF2468	TRIM2	-5.172822981473201	1.0605024278707933
NC_000007.14:66638912:G:A	KCTD7	ENSG00000243335	CCSBVarC032526	CCSBORF70368	ENSP00000411624.1:p.Arg184His	551G>A	CCSBORF2468	TRIM2	1.8194395947187256	0.5390059085472352
NC_000007.14:66639065:G:C	KCTD7	ENSG00000243335	CCSBVarC032550	CCSBORF70368	ENSP00000411624.1:p.Trp235Ser	704G>C	CCSBORF2468	TRIM2	-6.31614637116499	0.810071697382801
NC_000007.14:66639136:G:A	KCTD7	ENSG00000243335	CCSBVarC032556	CCSBORF70368	ENSP00000411624.1:p.Val259Met	775G>A	CCSBORF2468	TRIM2	NULL	NULL
NC_000007.14:66639154:G:A	KCTD7	ENSG00000243335	CCSBVarC032558	CCSBORF70368	ENSP00000411624.1:p.Gly265Arg	793G>A	CCSBORF2468	TRIM2	-4.043506864459222	0.7331363011692489
NC_000007.14:66633379:C:T	KCTD7	ENSG00000243335	CCSBVarC032499	CCSBORF70368	ENSP00000411624.1:p.Arg84Trp	250C>T	CCSBORF70368	KCTD7	-1.1742659239138893	0.5204332177496883
NC_000007.14:66633385:T:C	KCTD7	ENSG00000243335	CCSBVarC032504	CCSBORF70368	ENSP00000411624.1:p.Tyr86His	256T>C	CCSBORF70368	KCTD7	NULL	NULL
NC_000007.14:66638271:C:T	KCTD7	ENSG00000243335	CCSBVarC032510	CCSBORF70368	ENSP00000411624.1:p.Arg112Cys	334C>T	CCSBORF70368	KCTD7	1.2059995271525903	0.5218929581372205
NC_000007.14:66638272:G:A	KCTD7	ENSG00000243335	CCSBVarC032513	CCSBORF70368	ENSP00000411624.1:p.Arg112His	335G>A	CCSBORF70368	KCTD7	1.5553297738969776	0.5190350598265884
NC_000007.14:66638277:G:T	KCTD7	ENSG00000243335	CCSBVarC032516	CCSBORF70368	ENSP00000411624.1:p.Gly114Trp	340G>T	CCSBORF70368	KCTD7	-1.1988445510776786	1.053067227699557
NC_000007.14:66638395:G:A	KCTD7	ENSG00000243335	CCSBVarC032519	CCSBORF70368	ENSP00000411624.1:p.Arg153His	458G>A	CCSBORF70368	KCTD7	-1.658396555767645	0.5243382432725258
NC_000007.14:66638395:G:C	KCTD7	ENSG00000243335	CCSBVarC032522	CCSBORF70368	ENSP00000411624.1:p.Arg153Pro	458G>C	CCSBORF70368	KCTD7	-3.852571978349231	0.5691952048524399
NC_000007.14:66638894:C:T	KCTD7	ENSG00000243335	CCSBVarC032524	CCSBORF70368	ENSP00000411624.1:p.Ala178Val	533C>T	CCSBORF70368	KCTD7	-1.8749056302106657	0.5479238077314963
NC_000007.14:66638912:G:A	KCTD7	ENSG00000243335	CCSBVarC032526	CCSBORF70368	ENSP00000411624.1:p.Arg184His	551G>A	CCSBORF70368	KCTD7	NULL	NULL
NC_000007.14:66639065:G:C	KCTD7	ENSG00000243335	CCSBVarC032550	CCSBORF70368	ENSP00000411624.1:p.Trp235Ser	704G>C	CCSBORF70368	KCTD7	-4.996685374283844	0.8913738327824359
NC_000007.14:66639136:G:A	KCTD7	ENSG00000243335	CCSBVarC032556	CCSBORF70368	ENSP00000411624.1:p.Val259Met	775G>A	CCSBORF70368	KCTD7	-2.4660101623521657	1.319658850124019
NC_000007.14:66639154:G:A	KCTD7	ENSG00000243335	CCSBVarC032558	CCSBORF70368	ENSP00000411624.1:p.Gly265Arg	793G>A	CCSBORF70368	KCTD7	-3.3771077688070155	0.7195625024650663
NC_000007.14:66633379:C:T	KCTD7	ENSG00000243335	CCSBVarC032499	CCSBORF70368	ENSP00000411624.1:p.Arg84Trp	250C>T	CCSBORF9635	DVL3	-4.562075631055281	0.7100658763306071
NC_000007.14:66633385:T:C	KCTD7	ENSG00000243335	CCSBVarC032504	CCSBORF70368	ENSP00000411624.1:p.Tyr86His	256T>C	CCSBORF9635	DVL3	NULL	NULL
NC_000007.14:66638271:C:T	KCTD7	ENSG00000243335	CCSBVarC032510	CCSBORF70368	ENSP00000411624.1:p.Arg112Cys	334C>T	CCSBORF9635	DVL3	1.9716627460505367	0.692222896950821
NC_000007.14:66638272:G:A	KCTD7	ENSG00000243335	CCSBVarC032513	CCSBORF70368	ENSP00000411624.1:p.Arg112His	335G>A	CCSBORF9635	DVL3	3.30543490948759	0.6881765765959146
NC_000007.14:66638277:G:T	KCTD7	ENSG00000243335	CCSBVarC032516	CCSBORF70368	ENSP00000411624.1:p.Gly114Trp	340G>T	CCSBORF9635	DVL3	-5.41254755389166	1.2294527798255317
NC_000007.14:66638395:G:A	KCTD7	ENSG00000243335	CCSBVarC032519	CCSBORF70368	ENSP00000411624.1:p.Arg153His	458G>A	CCSBORF9635	DVL3	-7.151675419264888	0.9045305141005203
NC_000007.14:66638395:G:C	KCTD7	ENSG00000243335	CCSBVarC032522	CCSBORF70368	ENSP00000411624.1:p.Arg153Pro	458G>C	CCSBORF9635	DVL3	-8.366583284423088	1.1881885569020827
NC_000007.14:66638894:C:T	KCTD7	ENSG00000243335	CCSBVarC032524	CCSBORF70368	ENSP00000411624.1:p.Ala178Val	533C>T	CCSBORF9635	DVL3	-6.593429686193863	1.0211968621352479
NC_000007.14:66638912:G:A	KCTD7	ENSG00000243335	CCSBVarC032526	CCSBORF70368	ENSP00000411624.1:p.Arg184His	551G>A	CCSBORF9635	DVL3	NULL	NULL
NC_000007.14:66639065:G:C	KCTD7	ENSG00000243335	CCSBVarC032550	CCSBORF70368	ENSP00000411624.1:p.Trp235Ser	704G>C	CCSBORF9635	DVL3	-7.842463369106106	1.848938405592556
NC_000007.14:66639136:G:A	KCTD7	ENSG00000243335	CCSBVarC032556	CCSBORF70368	ENSP00000411624.1:p.Val259Met	775G>A	CCSBORF9635	DVL3	NULL	NULL
NC_000007.14:66639154:G:A	KCTD7	ENSG00000243335	CCSBVarC032558	CCSBORF70368	ENSP00000411624.1:p.Gly265Arg	793G>A	CCSBORF9635	DVL3	-5.342247402648287	1.5681922350857593
NC_000003.12:147410298:G:T	ZIC1	ENSG00000152977	CCSBVarC032936	CCSBORF70473	ENSP00000282928.4:p.Ala63Ser	187G>T	CCSBORF13662	CYSRT1	-0.3151686456005518	0.06296332566099606
NC_000003.12:147410412:C:A	ZIC1	ENSG00000152977	CCSBVarC032939	CCSBORF70473	ENSP00000282928.4:p.Leu101Met	301C>A	CCSBORF13662	CYSRT1	-0.12152923468653881	0.06471057902710044
NC_000003.12:147410439:G:C	ZIC1	ENSG00000152977	CCSBVarC032942	CCSBORF70473	ENSP00000282928.4:p.Ala110Pro	328G>C	CCSBORF13662	CYSRT1	-0.22300337590434507	0.08184684518526446
NC_000003.12:147410742:G:C	ZIC1	ENSG00000152977	CCSBVarC032945	CCSBORF70473	ENSP00000282928.4:p.Gly211Arg	631G>C	CCSBORF13662	CYSRT1	-0.23093171628594544	0.09846972676992398
NC_000023.11:56564891:G:T	UBQLN2	ENSG00000188021	CCSBVarC033332	CCSBORF71001	ENSP00000345195.5:p.Ser340Ile	1019G>T	CCSBORF100009031	ASCL1	0.2661642015489858	0.2635001399998716
NC_000023.11:56564915:A:G	UBQLN2	ENSG00000188021	CCSBVarC033334	CCSBORF71001	ENSP00000345195.5:p.Asn348Ser	1043A>G	CCSBORF100009031	ASCL1	0.2771468058714714	0.3275139601844535
NC_000023.11:56565046:A:G	UBQLN2	ENSG00000188021	CCSBVarC033336	CCSBORF71001	ENSP00000345195.5:p.Met392Val	1174A>G	CCSBORF100009031	ASCL1	-0.08645807746521053	0.48256318692102734
NC_000023.11:56565146:A:G	UBQLN2	ENSG00000188021	CCSBVarC033338	CCSBORF71001	ENSP00000345195.5:p.Gln425Arg	1274A>G	CCSBORF100009031	ASCL1	-0.2962960792841626	0.25578213088405555
NC_000023.11:56564199:G:C	UBQLN2	ENSG00000188021	CCSBVarC033326	CCSBORF71001	ENSP00000345195.5:p.Gln109His	327G>C	CCSBORF100009031	ASCL1	0.34462537854019937	0.25587331694581233
NC_000023.11:56564596:G:A	UBQLN2	ENSG00000188021	CCSBVarC033330	CCSBORF71001	ENSP00000345195.5:p.Ala242Thr	724G>A	CCSBORF100009031	ASCL1	0.24554019293433155	0.2649962525362034
NC_000023.11:56564891:G:T	UBQLN2	ENSG00000188021	CCSBVarC033332	CCSBORF71001	ENSP00000345195.5:p.Ser340Ile	1019G>T	CCSBORF100010717	ECM1	0.34676974925890147	0.24846693305545317
NC_000023.11:56564915:A:G	UBQLN2	ENSG00000188021	CCSBVarC033334	CCSBORF71001	ENSP00000345195.5:p.Asn348Ser	1043A>G	CCSBORF100010717	ECM1	0.20478604673493594	0.3870363936453014
NC_000023.11:56565046:A:G	UBQLN2	ENSG00000188021	CCSBVarC033336	CCSBORF71001	ENSP00000345195.5:p.Met392Val	1174A>G	CCSBORF100010717	ECM1	-0.5277918967574748	0.5581302615068995
NC_000023.11:56565146:A:G	UBQLN2	ENSG00000188021	CCSBVarC033338	CCSBORF71001	ENSP00000345195.5:p.Gln425Arg	1274A>G	CCSBORF100010717	ECM1	-1.9248846381673776	0.24298193980224
NC_000023.11:56564199:G:C	UBQLN2	ENSG00000188021	CCSBVarC033326	CCSBORF71001	ENSP00000345195.5:p.Gln109His	327G>C	CCSBORF100010717	ECM1	-0.10183035358095821	0.23968094081177724
NC_000023.11:56564596:G:A	UBQLN2	ENSG00000188021	CCSBVarC033330	CCSBORF71001	ENSP00000345195.5:p.Ala242Thr	724G>A	CCSBORF100010717	ECM1	-0.25166342703446315	0.25166031559524277
NC_000023.11:56564891:G:T	UBQLN2	ENSG00000188021	CCSBVarC033332	CCSBORF71001	ENSP00000345195.5:p.Ser340Ile	1019G>T	CCSBORF100068264	COL17A1	NULL	NULL
NC_000023.11:56564915:A:G	UBQLN2	ENSG00000188021	CCSBVarC033334	CCSBORF71001	ENSP00000345195.5:p.Asn348Ser	1043A>G	CCSBORF100068264	COL17A1	-0.06191498568526341	0.2958933046312241
NC_000023.11:56565046:A:G	UBQLN2	ENSG00000188021	CCSBVarC033336	CCSBORF71001	ENSP00000345195.5:p.Met392Val	1174A>G	CCSBORF100068264	COL17A1	NULL	NULL
NC_000023.11:56565146:A:G	UBQLN2	ENSG00000188021	CCSBVarC033338	CCSBORF71001	ENSP00000345195.5:p.Gln425Arg	1274A>G	CCSBORF100068264	COL17A1	-1.4675894367837594	0.260629981642561
NC_000023.11:56564199:G:C	UBQLN2	ENSG00000188021	CCSBVarC033326	CCSBORF71001	ENSP00000345195.5:p.Gln109His	327G>C	CCSBORF100068264	COL17A1	-0.20325927726881238	0.2768542822777515
NC_000023.11:56564596:G:A	UBQLN2	ENSG00000188021	CCSBVarC033330	CCSBORF71001	ENSP00000345195.5:p.Ala242Thr	724G>A	CCSBORF100068264	COL17A1	NULL	NULL
NC_000023.11:56564891:G:T	UBQLN2	ENSG00000188021	CCSBVarC033332	CCSBORF71001	ENSP00000345195.5:p.Ser340Ile	1019G>T	CCSBORF3598	DAZAP2	0.16665142407803038	0.18242144406752717
NC_000023.11:56564915:A:G	UBQLN2	ENSG00000188021	CCSBVarC033334	CCSBORF71001	ENSP00000345195.5:p.Asn348Ser	1043A>G	CCSBORF3598	DAZAP2	0.030119358629543264	0.15791178817937823
NC_000023.11:56565046:A:G	UBQLN2	ENSG00000188021	CCSBVarC033336	CCSBORF71001	ENSP00000345195.5:p.Met392Val	1174A>G	CCSBORF3598	DAZAP2	-0.2385966881356591	0.5487565980672837
NC_000023.11:56565146:A:G	UBQLN2	ENSG00000188021	CCSBVarC033338	CCSBORF71001	ENSP00000345195.5:p.Gln425Arg	1274A>G	CCSBORF3598	DAZAP2	-0.6553270397497828	0.148213949289698
NC_000023.11:56564199:G:C	UBQLN2	ENSG00000188021	CCSBVarC033326	CCSBORF71001	ENSP00000345195.5:p.Gln109His	327G>C	CCSBORF3598	DAZAP2	0.035782098296915164	0.15493307663085337
NC_000023.11:56564596:G:A	UBQLN2	ENSG00000188021	CCSBVarC033330	CCSBORF71001	ENSP00000345195.5:p.Ala242Thr	724G>A	CCSBORF3598	DAZAP2	0.41848462682464493	0.17480192057573768
NC_000023.11:56564891:G:T	UBQLN2	ENSG00000188021	CCSBVarC033332	CCSBORF71001	ENSP00000345195.5:p.Ser340Ile	1019G>T	CCSBORF3769	HGS	0.6727244728915072	0.6042209673745854
NC_000023.11:56564915:A:G	UBQLN2	ENSG00000188021	CCSBVarC033334	CCSBORF71001	ENSP00000345195.5:p.Asn348Ser	1043A>G	CCSBORF3769	HGS	0.4628197072218331	0.5963172477183842
NC_000023.11:56565046:A:G	UBQLN2	ENSG00000188021	CCSBVarC033336	CCSBORF71001	ENSP00000345195.5:p.Met392Val	1174A>G	CCSBORF3769	HGS	0.49690956801192265	0.6487760843690473
NC_000023.11:56565146:A:G	UBQLN2	ENSG00000188021	CCSBVarC033338	CCSBORF71001	ENSP00000345195.5:p.Gln425Arg	1274A>G	CCSBORF3769	HGS	0.12431005120922646	0.5927918739542509
NC_000023.11:56564199:G:C	UBQLN2	ENSG00000188021	CCSBVarC033326	CCSBORF71001	ENSP00000345195.5:p.Gln109His	327G>C	CCSBORF3769	HGS	0.12025958580702371	0.5967081900191018
NC_000023.11:56564596:G:A	UBQLN2	ENSG00000188021	CCSBVarC033330	CCSBORF71001	ENSP00000345195.5:p.Ala242Thr	724G>A	CCSBORF3769	HGS	0.06521069681967812	0.6117442894652496
NC_000023.11:56564891:G:T	UBQLN2	ENSG00000188021	CCSBVarC033332	CCSBORF71001	ENSP00000345195.5:p.Ser340Ile	1019G>T	CCSBORF4696	RTL8C	-0.008143341919167754	0.3262149457652572
NC_000023.11:56564915:A:G	UBQLN2	ENSG00000188021	CCSBVarC033334	CCSBORF71001	ENSP00000345195.5:p.Asn348Ser	1043A>G	CCSBORF4696	RTL8C	-0.01200620325498336	0.3066596138943556
NC_000023.11:56565046:A:G	UBQLN2	ENSG00000188021	CCSBVarC033336	CCSBORF71001	ENSP00000345195.5:p.Met392Val	1174A>G	CCSBORF4696	RTL8C	0.34944197970477675	0.37687044309722506
NC_000023.11:56565146:A:G	UBQLN2	ENSG00000188021	CCSBVarC033338	CCSBORF71001	ENSP00000345195.5:p.Gln425Arg	1274A>G	CCSBORF4696	RTL8C	0.19509869458978757	0.2965733545742511
NC_000023.11:56564199:G:C	UBQLN2	ENSG00000188021	CCSBVarC033326	CCSBORF71001	ENSP00000345195.5:p.Gln109His	327G>C	CCSBORF4696	RTL8C	0.014892519354099965	0.30321875682910787
NC_000023.11:56564596:G:A	UBQLN2	ENSG00000188021	CCSBVarC033330	CCSBORF71001	ENSP00000345195.5:p.Ala242Thr	724G>A	CCSBORF4696	RTL8C	-0.010250248637293208	0.392340665431849
NC_000023.11:56564891:G:T	UBQLN2	ENSG00000188021	CCSBVarC033332	CCSBORF71001	ENSP00000345195.5:p.Ser340Ile	1019G>T	CCSBORF549	AGR2	0.3532076580875466	0.2875679961895163
NC_000023.11:56564915:A:G	UBQLN2	ENSG00000188021	CCSBVarC033334	CCSBORF71001	ENSP00000345195.5:p.Asn348Ser	1043A>G	CCSBORF549	AGR2	0.23844002779556725	0.2751478007291481
NC_000023.11:56565046:A:G	UBQLN2	ENSG00000188021	CCSBVarC033336	CCSBORF71001	ENSP00000345195.5:p.Met392Val	1174A>G	CCSBORF549	AGR2	0.5109564830241697	0.34392036406499604
NC_000023.11:56565146:A:G	UBQLN2	ENSG00000188021	CCSBVarC033338	CCSBORF71001	ENSP00000345195.5:p.Gln425Arg	1274A>G	CCSBORF549	AGR2	-1.2380396580998863	0.27733889592597993
NC_000023.11:56564199:G:C	UBQLN2	ENSG00000188021	CCSBVarC033326	CCSBORF71001	ENSP00000345195.5:p.Gln109His	327G>C	CCSBORF549	AGR2	0.2960569706254674	0.2712208910111131
NC_000023.11:56564596:G:A	UBQLN2	ENSG00000188021	CCSBVarC033330	CCSBORF71001	ENSP00000345195.5:p.Ala242Thr	724G>A	CCSBORF549	AGR2	-0.06125397432781361	0.28625591984217297
NC_000023.11:56564891:G:T	UBQLN2	ENSG00000188021	CCSBVarC033332	CCSBORF71001	ENSP00000345195.5:p.Ser340Ile	1019G>T	CCSBORF71001	UBQLN2	0.36175577348529186	0.1296819067800711
NC_000023.11:56564915:A:G	UBQLN2	ENSG00000188021	CCSBVarC033334	CCSBORF71001	ENSP00000345195.5:p.Asn348Ser	1043A>G	CCSBORF71001	UBQLN2	-0.2023674862109063	0.10778949085471483
NC_000023.11:56565046:A:G	UBQLN2	ENSG00000188021	CCSBVarC033336	CCSBORF71001	ENSP00000345195.5:p.Met392Val	1174A>G	CCSBORF71001	UBQLN2	0.21659906003555318	0.21039568068711853
NC_000023.11:56565146:A:G	UBQLN2	ENSG00000188021	CCSBVarC033338	CCSBORF71001	ENSP00000345195.5:p.Gln425Arg	1274A>G	CCSBORF71001	UBQLN2	-0.2883912394475221	0.091821013816117
NC_000023.11:56564199:G:C	UBQLN2	ENSG00000188021	CCSBVarC033326	CCSBORF71001	ENSP00000345195.5:p.Gln109His	327G>C	CCSBORF71001	UBQLN2	-0.07544276930717286	0.09760995304821604
NC_000023.11:56564596:G:A	UBQLN2	ENSG00000188021	CCSBVarC033330	CCSBORF71001	ENSP00000345195.5:p.Ala242Thr	724G>A	CCSBORF71001	UBQLN2	-0.06986872894158068	0.1302997358009987
NC_000023.11:56564891:G:T	UBQLN2	ENSG00000188021	CCSBVarC033332	CCSBORF71001	ENSP00000345195.5:p.Ser340Ile	1019G>T	CCSBORF7147	EFEMP1	0.20787179946148582	0.29821127066962994
NC_000023.11:56564915:A:G	UBQLN2	ENSG00000188021	CCSBVarC033334	CCSBORF71001	ENSP00000345195.5:p.Asn348Ser	1043A>G	CCSBORF7147	EFEMP1	0.13107909448177035	0.2856008430338074
NC_000023.11:56565046:A:G	UBQLN2	ENSG00000188021	CCSBVarC033336	CCSBORF71001	ENSP00000345195.5:p.Met392Val	1174A>G	CCSBORF7147	EFEMP1	0.6150862287236775	0.3536713976102709
NC_000023.11:56565146:A:G	UBQLN2	ENSG00000188021	CCSBVarC033338	CCSBORF71001	ENSP00000345195.5:p.Gln425Arg	1274A>G	CCSBORF7147	EFEMP1	-1.7037194730058836	0.2966214715208491
NC_000023.11:56564199:G:C	UBQLN2	ENSG00000188021	CCSBVarC033326	CCSBORF71001	ENSP00000345195.5:p.Gln109His	327G>C	CCSBORF7147	EFEMP1	0.5624006981951744	0.27923584766131154
NC_000023.11:56564596:G:A	UBQLN2	ENSG00000188021	CCSBVarC033330	CCSBORF71001	ENSP00000345195.5:p.Ala242Thr	724G>A	CCSBORF7147	EFEMP1	0.10996035388512458	0.30005843551801686
NC_000023.11:56564891:G:T	UBQLN2	ENSG00000188021	CCSBVarC033332	CCSBORF71001	ENSP00000345195.5:p.Ser340Ile	1019G>T	CCSBORF9904	GPX7	0.844495693167964	0.5123289936450288
NC_000023.11:56564915:A:G	UBQLN2	ENSG00000188021	CCSBVarC033334	CCSBORF71001	ENSP00000345195.5:p.Asn348Ser	1043A>G	CCSBORF9904	GPX7	0.3006285952255055	0.5089289147639796
NC_000023.11:56565046:A:G	UBQLN2	ENSG00000188021	CCSBVarC033336	CCSBORF71001	ENSP00000345195.5:p.Met392Val	1174A>G	CCSBORF9904	GPX7	-1.1929124866628582	0.662434064000803
NC_000023.11:56565146:A:G	UBQLN2	ENSG00000188021	CCSBVarC033338	CCSBORF71001	ENSP00000345195.5:p.Gln425Arg	1274A>G	CCSBORF9904	GPX7	-7.098749408888336	1.3092818018657768
NC_000023.11:56564199:G:C	UBQLN2	ENSG00000188021	CCSBVarC033326	CCSBORF71001	ENSP00000345195.5:p.Gln109His	327G>C	CCSBORF9904	GPX7	0.22882771521132084	0.5069687037425576
NC_000023.11:56564596:G:A	UBQLN2	ENSG00000188021	CCSBVarC033330	CCSBORF71001	ENSP00000345195.5:p.Ala242Thr	724G>A	CCSBORF9904	GPX7	-0.578785850001351	0.6939290207314016
NC_000002.12:55870850:A:G	EFEMP1	ENSG00000115380	CCSBVarC024701	CCSBORF7147	ENSP00000347596.3:p.Tyr397His	1189T>C	CCSBORF9637	TRAF2	-0.37155804016410293	0.33785482906807424
NC_000002.12:55918047:A:G	EFEMP1	ENSG00000115380	CCSBVarC024614	CCSBORF7147	ENSP00000347596.3:p.Ile45Thr	134T>C	CCSBORF9637	TRAF2	0.04089265696103985	0.37177816063407804
NC_000002.12:55867134:C:G	EFEMP1	ENSG00000115380	CCSBVarC024703	CCSBORF7147	ENSP00000347596.3:p.Gly474Arg	1420G>C	CCSBORF9637	TRAF2	-1.1858910807475238	0.36618082282705766
NC_000002.12:55867125:G:A	EFEMP1	ENSG00000115380	CCSBVarC024705	CCSBORF7147	ENSP00000347596.3:p.Arg477Cys	1429C>T	CCSBORF9637	TRAF2	0.07258138805156936	0.33635361147831927
NC_000002.12:55918035:T:G	EFEMP1	ENSG00000115380	CCSBVarC024624	CCSBORF7147	ENSP00000347596.3:p.Asp49Ala	146A>C	CCSBORF9637	TRAF2	-0.9120947510501783	0.3531756325391022
NC_000002.12:55922424:A:G	EFEMP1	ENSG00000115380	CCSBVarC024610	CCSBORF7147	ENSP00000347596.3:p.Phe6Leu	16T>C	CCSBORF9637	TRAF2	-0.23015951538172616	0.33388969394862694
NC_000002.12:55917835:C:T	EFEMP1	ENSG00000115380	CCSBVarC024630	CCSBORF7147	ENSP00000347596.3:p.Gly116Ser	346G>A	CCSBORF9637	TRAF2	-0.28682783396137607	0.34165155056824276
NC_000002.12:55917780:C:T	EFEMP1	ENSG00000115380	CCSBVarC024650	CCSBORF7147	ENSP00000347596.3:p.Arg134Gln	401G>A	CCSBORF9637	TRAF2	-0.26003043402457826	0.3371065980260505
NC_000011.10:2166516:G:A	TH	ENSG00000180176	CCSBVarC033710	CCSBORF71892	ENSP00000325951.4:p.Pro337Leu	1010C>T	CCSBORF71892	TH	-2.5526598371616025	0.5554940052884042
NC_000011.10:2166494:G:C	TH	ENSG00000180176	CCSBVarC033730	CCSBORF71892	ENSP00000325951.4:p.Phe344Leu	1032C>G	CCSBORF71892	TH	0.6971253712603445	0.31046839623906575
NC_000011.10:2166053:A:G	TH	ENSG00000180176	CCSBVarC033733	CCSBORF71892	ENSP00000325951.4:p.Ile351Thr	1052T>C	CCSBORF71892	TH	-1.8932930430786201	0.3185808343031685
NC_000011.10:2165720:C:T	TH	ENSG00000180176	CCSBVarC033742	CCSBORF71892	ENSP00000325951.4:p.Gly383Arg	1147G>A	CCSBORF71892	TH	-0.5123730687820571	0.4283248301527301
NC_000011.10:2165678:C:T	TH	ENSG00000180176	CCSBVarC033745	CCSBORF71892	ENSP00000325951.4:p.Gly397Arg	1189G>A	CCSBORF71892	TH	1.894507413649262	0.3097036973177668
NC_000011.10:2165337:G:A	TH	ENSG00000180176	CCSBVarC033748	CCSBORF71892	ENSP00000325951.4:p.Arg410Trp	1228C>T	CCSBORF71892	TH	0.7799014907411931	0.3167228905818792
NC_000011.10:2165265:A:G	TH	ENSG00000180176	CCSBVarC033753	CCSBORF71892	ENSP00000325951.4:p.Ser434Pro	1300T>C	CCSBORF71892	TH	-1.4464263407446358	0.3809816758778059
NC_000011.10:2164327:C:A	TH	ENSG00000180176	CCSBVarC033765	CCSBORF71892	ENSP00000325951.4:p.Asp467Tyr	1399G>T	CCSBORF71892	TH	0.27214375200645435	0.31800955171600614
NC_000011.10:2164326:T:C	TH	ENSG00000180176	CCSBVarC033769	CCSBORF71892	ENSP00000325951.4:p.Asp467Gly	1400A>G	CCSBORF71892	TH	0.2581327123918171	0.4183373838483419
NC_000011.10:2168612:C:T	TH	ENSG00000180176	CCSBVarC033595	CCSBORF71892	ENSP00000325951.4:p.Arg122Gln	365G>A	CCSBORF71892	TH	-0.6725380818254633	0.3850950455861834
NC_000011.10:2168570:A:T	TH	ENSG00000180176	CCSBVarC033598	CCSBORF71892	ENSP00000325951.4:p.Val136Glu	407T>A	CCSBORF71892	TH	0.0934136954007357	0.4436998502288353
NC_000011.10:2166720:G:A	TH	ENSG00000180176	CCSBVarC033660	CCSBORF71892	ENSP00000325951.4:p.Arg297Trp	889C>T	CCSBORF71892	TH	-4.063081552999497	0.610023844752706
NC_000011.10:2166638:G:A	TH	ENSG00000180176	CCSBVarC033707	CCSBORF71892	ENSP00000325951.4:p.Pro324Leu	971C>T	CCSBORF71892	TH	0.3516940246745741	0.3224891598053097
NC_000017.11:35119117:G:C	RAD51D	ENSG00000185379	CCSBVarC024795	CCSBORF7201	ENSP00000338790.6:p.Ser46Cys	137C>G	CCSBORF100000407	PICK1	-2.5920215232587855	1.6021559573474133
NC_000017.11:35118600:G:A	RAD51D	ENSG00000185379	CCSBVarC024799	CCSBORF7201	ENSP00000338790.6:p.Arg55Trp	163C>T	CCSBORF100000407	PICK1	-1.5482788260865106	1.6021946095028603
NC_000017.11:35118567:C:T	RAD51D	ENSG00000185379	CCSBVarC024804	CCSBORF7201	ENSP00000338790.6:p.Val66Met	196G>A	CCSBORF100000407	PICK1	-1.3035235935765068	1.5859044070731847
NC_000017.11:35118567:C:A	RAD51D	ENSG00000185379	CCSBVarC024807	CCSBORF7201	ENSP00000338790.6:p.Val66Leu	196G>T	CCSBORF100000407	PICK1	-1.5782706143542808	1.5998661335468063
NC_000017.11:35119587:C:G	RAD51D	ENSG00000185379	CCSBVarC024707	CCSBORF7201	ENSP00000338790.6:p.Cys9Ser	26G>C	CCSBORF100000407	PICK1	-4.075005703509802	1.660852343699142
NC_000017.11:35107073:C:T	RAD51D	ENSG00000185379	CCSBVarC024822	CCSBORF7201	ENSP00000338790.6:p.Val132Ile	394G>A	CCSBORF100000407	PICK1	-2.639936006095747	1.5856685171739622
NC_000017.11:35107055:T:G	RAD51D	ENSG00000185379	CCSBVarC024825	CCSBORF7201	ENSP00000338790.6:p.Asn138His	412A>C	CCSBORF100000407	PICK1	-1.0211613451574775	1.5821933187371442
NC_000017.11:35119545:T:C	RAD51D	ENSG00000185379	CCSBVarC024711	CCSBORF7201	ENSP00000338790.6:p.His23Arg	68A>G	CCSBORF100000407	PICK1	-1.2316578151236035	1.586646787822341
NC_000017.11:35101352:T:C	RAD51D	ENSG00000185379	CCSBVarC024857	CCSBORF7201	ENSP00000338790.6:p.Ile251Val	751A>G	CCSBORF100000407	PICK1	-1.0481989834606547	1.5838670792521403
NC_000017.11:35101238:C:T	RAD51D	ENSG00000185379	CCSBVarC024877	CCSBORF7201	ENSP00000338790.6:p.Gly289Ser	865G>A	CCSBORF100000407	PICK1	-1.3194231974707975	1.5823792628133218
NC_000017.11:35101234:C:T	RAD51D	ENSG00000185379	CCSBVarC024880	CCSBORF7201	ENSP00000338790.6:p.Arg290Gln	869G>A	CCSBORF100000407	PICK1	-1.4543788068060255	1.583736092030613
NC_000017.11:35101024:G:C	RAD51D	ENSG00000185379	CCSBVarC024886	CCSBORF7201	ENSP00000338790.6:p.Phe305Leu	915C>G	CCSBORF100000407	PICK1	-0.6846371380363553	1.582117747612971
NC_000017.11:35101020:C:T	RAD51D	ENSG00000185379	CCSBVarC024889	CCSBORF7201	ENSP00000338790.6:p.Glu307Lys	919G>A	CCSBORF100000407	PICK1	-3.1328622534702477	1.6499400204700352
NC_000017.11:35101017:T:C	RAD51D	ENSG00000185379	CCSBVarC024892	CCSBORF7201	ENSP00000338790.6:p.Met308Val	922A>G	CCSBORF100000407	PICK1	-1.3004042151459672	1.5820794910395028
NC_000017.11:35100956:G:A	RAD51D	ENSG00000185379	CCSBVarC024896	CCSBORF7201	ENSP00000338790.6:p.Thr328Ile	983C>T	CCSBORF100000407	PICK1	-1.4233084927608237	1.5829169461062826
NC_000017.11:35119117:G:C	RAD51D	ENSG00000185379	CCSBVarC024795	CCSBORF7201	ENSP00000338790.6:p.Ser46Cys	137C>G	CCSBORF100067498	GEMIN4	-3.606223830796404	0.6825802136564059
NC_000017.11:35118600:G:A	RAD51D	ENSG00000185379	CCSBVarC024799	CCSBORF7201	ENSP00000338790.6:p.Arg55Trp	163C>T	CCSBORF100067498	GEMIN4	NULL	NULL
NC_000017.11:35118567:C:T	RAD51D	ENSG00000185379	CCSBVarC024804	CCSBORF7201	ENSP00000338790.6:p.Val66Met	196G>A	CCSBORF100067498	GEMIN4	-1.671297806468571	0.5414776295006967
NC_000017.11:35118567:C:A	RAD51D	ENSG00000185379	CCSBVarC024807	CCSBORF7201	ENSP00000338790.6:p.Val66Leu	196G>T	CCSBORF100067498	GEMIN4	-1.419297039341036	0.5511615859029337
NC_000017.11:35119587:C:G	RAD51D	ENSG00000185379	CCSBVarC024707	CCSBORF7201	ENSP00000338790.6:p.Cys9Ser	26G>C	CCSBORF100067498	GEMIN4	-4.585666038138649	1.4019931113640125
NC_000017.11:35107073:C:T	RAD51D	ENSG00000185379	CCSBVarC024822	CCSBORF7201	ENSP00000338790.6:p.Val132Ile	394G>A	CCSBORF100067498	GEMIN4	-4.296193224761619	0.552172320334989
NC_000017.11:35107055:T:G	RAD51D	ENSG00000185379	CCSBVarC024825	CCSBORF7201	ENSP00000338790.6:p.Asn138His	412A>C	CCSBORF100067498	GEMIN4	-0.2262160662142853	0.5308606305464904
NC_000017.11:35119545:T:C	RAD51D	ENSG00000185379	CCSBVarC024711	CCSBORF7201	ENSP00000338790.6:p.His23Arg	68A>G	CCSBORF100067498	GEMIN4	-2.156307749665165	0.5471835264083094
NC_000017.11:35101352:T:C	RAD51D	ENSG00000185379	CCSBVarC024857	CCSBORF7201	ENSP00000338790.6:p.Ile251Val	751A>G	CCSBORF100067498	GEMIN4	-0.7903032020696636	0.5338028785644308
NC_000017.11:35101238:C:T	RAD51D	ENSG00000185379	CCSBVarC024877	CCSBORF7201	ENSP00000338790.6:p.Gly289Ser	865G>A	CCSBORF100067498	GEMIN4	-1.2796606527212324	0.5317745495061741
NC_000017.11:35101234:C:T	RAD51D	ENSG00000185379	CCSBVarC024880	CCSBORF7201	ENSP00000338790.6:p.Arg290Gln	869G>A	CCSBORF100067498	GEMIN4	-1.42987063485776	0.5344679381805286
NC_000017.11:35101024:G:C	RAD51D	ENSG00000185379	CCSBVarC024886	CCSBORF7201	ENSP00000338790.6:p.Phe305Leu	915C>G	CCSBORF100067498	GEMIN4	0.06571183613346747	0.5308816280848729
NC_000017.11:35101020:C:T	RAD51D	ENSG00000185379	CCSBVarC024889	CCSBORF7201	ENSP00000338790.6:p.Glu307Lys	919G>A	CCSBORF100067498	GEMIN4	-1.669423626980416	0.5666470569502468
NC_000017.11:35101017:T:C	RAD51D	ENSG00000185379	CCSBVarC024892	CCSBORF7201	ENSP00000338790.6:p.Met308Val	922A>G	CCSBORF100067498	GEMIN4	-1.032034826270138	0.530718553866988
NC_000017.11:35100956:G:A	RAD51D	ENSG00000185379	CCSBVarC024896	CCSBORF7201	ENSP00000338790.6:p.Thr328Ile	983C>T	CCSBORF100067498	GEMIN4	-2.2366328006263205	0.5349994000119975
NC_000017.11:35119117:G:C	RAD51D	ENSG00000185379	CCSBVarC024795	CCSBORF7201	ENSP00000338790.6:p.Ser46Cys	137C>G	CCSBORF11229	KIFC3	-0.0353593604281815	1.2257723860270366
NC_000017.11:35118600:G:A	RAD51D	ENSG00000185379	CCSBVarC024799	CCSBORF7201	ENSP00000338790.6:p.Arg55Trp	163C>T	CCSBORF11229	KIFC3	-1.872276904902439	1.43915781821765
NC_000017.11:35118567:C:T	RAD51D	ENSG00000185379	CCSBVarC024804	CCSBORF7201	ENSP00000338790.6:p.Val66Met	196G>A	CCSBORF11229	KIFC3	0.6773491932913351	1.210332246013998
NC_000017.11:35118567:C:A	RAD51D	ENSG00000185379	CCSBVarC024807	CCSBORF7201	ENSP00000338790.6:p.Val66Leu	196G>T	CCSBORF11229	KIFC3	0.4918903039494173	1.2189917048172316
NC_000017.11:35119587:C:G	RAD51D	ENSG00000185379	CCSBVarC024707	CCSBORF7201	ENSP00000338790.6:p.Cys9Ser	26G>C	CCSBORF11229	KIFC3	-0.9211491802785547	1.2762384450168462
NC_000017.11:35107073:C:T	RAD51D	ENSG00000185379	CCSBVarC024822	CCSBORF7201	ENSP00000338790.6:p.Val132Ile	394G>A	CCSBORF11229	KIFC3	-0.9066761729488036	1.2085668706774784
NC_000017.11:35107055:T:G	RAD51D	ENSG00000185379	CCSBVarC024825	CCSBORF7201	ENSP00000338790.6:p.Asn138His	412A>C	CCSBORF11229	KIFC3	1.1743296092333173	1.2045607736948292
NC_000017.11:35119545:T:C	RAD51D	ENSG00000185379	CCSBVarC024711	CCSBORF7201	ENSP00000338790.6:p.His23Arg	68A>G	CCSBORF11229	KIFC3	0.8976305152867533	1.2090692607929672
NC_000017.11:35101352:T:C	RAD51D	ENSG00000185379	CCSBVarC024857	CCSBORF7201	ENSP00000338790.6:p.Ile251Val	751A>G	CCSBORF11229	KIFC3	1.0548632796488866	1.2062541644436653
NC_000017.11:35101238:C:T	RAD51D	ENSG00000185379	CCSBVarC024877	CCSBORF7201	ENSP00000338790.6:p.Gly289Ser	865G>A	CCSBORF11229	KIFC3	0.5505037435224649	1.2049411092027456
NC_000017.11:35101234:C:T	RAD51D	ENSG00000185379	CCSBVarC024880	CCSBORF7201	ENSP00000338790.6:p.Arg290Gln	869G>A	CCSBORF11229	KIFC3	0.5075761946839527	1.2062699423125576
NC_000017.11:35101024:G:C	RAD51D	ENSG00000185379	CCSBVarC024886	CCSBORF7201	ENSP00000338790.6:p.Phe305Leu	915C>G	CCSBORF11229	KIFC3	1.338299236737405	1.2044797126412257
NC_000017.11:35101020:C:T	RAD51D	ENSG00000185379	CCSBVarC024889	CCSBORF7201	ENSP00000338790.6:p.Glu307Lys	919G>A	CCSBORF11229	KIFC3	0.3173279503542847	1.2331833015770592
NC_000017.11:35101017:T:C	RAD51D	ENSG00000185379	CCSBVarC024892	CCSBORF7201	ENSP00000338790.6:p.Met308Val	922A>G	CCSBORF11229	KIFC3	0.8890990931468274	1.2041434903603203
NC_000017.11:35100956:G:A	RAD51D	ENSG00000185379	CCSBVarC024896	CCSBORF7201	ENSP00000338790.6:p.Thr328Ile	983C>T	CCSBORF11229	KIFC3	0.42571962666635443	1.20566721680806
NC_000017.11:35119117:G:C	RAD51D	ENSG00000185379	CCSBVarC024795	CCSBORF7201	ENSP00000338790.6:p.Ser46Cys	137C>G	CCSBORF13571	XRCC2	-1.2267511105567137	1.824730886817145
NC_000017.11:35118600:G:A	RAD51D	ENSG00000185379	CCSBVarC024799	CCSBORF7201	ENSP00000338790.6:p.Arg55Trp	163C>T	CCSBORF13571	XRCC2	NULL	NULL
NC_000017.11:35118567:C:T	RAD51D	ENSG00000185379	CCSBVarC024804	CCSBORF7201	ENSP00000338790.6:p.Val66Met	196G>A	CCSBORF13571	XRCC2	-0.7059226630535298	1.227190399729132
NC_000017.11:35118567:C:A	RAD51D	ENSG00000185379	CCSBVarC024807	CCSBORF7201	ENSP00000338790.6:p.Val66Leu	196G>T	CCSBORF13571	XRCC2	-1.5337304194796773	1.2348865389956913
NC_000017.11:35119587:C:G	RAD51D	ENSG00000185379	CCSBVarC024707	CCSBORF7201	ENSP00000338790.6:p.Cys9Ser	26G>C	CCSBORF13571	XRCC2	NULL	NULL
NC_000017.11:35107073:C:T	RAD51D	ENSG00000185379	CCSBVarC024822	CCSBORF7201	ENSP00000338790.6:p.Val132Ile	394G>A	CCSBORF13571	XRCC2	-1.5061777091808901	1.2263775034733602
NC_000017.11:35107055:T:G	RAD51D	ENSG00000185379	CCSBVarC024825	CCSBORF7201	ENSP00000338790.6:p.Asn138His	412A>C	CCSBORF13571	XRCC2	-1.0699371047101707	1.2255012042139162
NC_000017.11:35119545:T:C	RAD51D	ENSG00000185379	CCSBVarC024711	CCSBORF7201	ENSP00000338790.6:p.His23Arg	68A>G	CCSBORF13571	XRCC2	-1.6433688317019066	1.2304459493910898
NC_000017.11:35101352:T:C	RAD51D	ENSG00000185379	CCSBVarC024857	CCSBORF7201	ENSP00000338790.6:p.Ile251Val	751A>G	CCSBORF13571	XRCC2	-1.159213500447068	1.226741935525563
NC_000017.11:35101238:C:T	RAD51D	ENSG00000185379	CCSBVarC024877	CCSBORF7201	ENSP00000338790.6:p.Gly289Ser	865G>A	CCSBORF13571	XRCC2	-1.1379505343651888	1.2257610754648836
NC_000017.11:35101234:C:T	RAD51D	ENSG00000185379	CCSBVarC024880	CCSBORF7201	ENSP00000338790.6:p.Arg290Gln	869G>A	CCSBORF13571	XRCC2	-1.4028043658419387	1.2263634866074276
NC_000017.11:35101024:G:C	RAD51D	ENSG00000185379	CCSBVarC024886	CCSBORF7201	ENSP00000338790.6:p.Phe305Leu	915C>G	CCSBORF13571	XRCC2	-0.8505264715728699	1.2255391174253432
NC_000017.11:35101020:C:T	RAD51D	ENSG00000185379	CCSBVarC024889	CCSBORF7201	ENSP00000338790.6:p.Glu307Lys	919G>A	CCSBORF13571	XRCC2	-1.4660293619824083	1.3419651076931887
NC_000017.11:35101017:T:C	RAD51D	ENSG00000185379	CCSBVarC024892	CCSBORF7201	ENSP00000338790.6:p.Met308Val	922A>G	CCSBORF13571	XRCC2	-1.1957233751206453	1.225139746648112
NC_000017.11:35100956:G:A	RAD51D	ENSG00000185379	CCSBVarC024896	CCSBORF7201	ENSP00000338790.6:p.Thr328Ile	983C>T	CCSBORF13571	XRCC2	-1.1727598860447226	1.225865835443341
NC_000017.11:35119117:G:C	RAD51D	ENSG00000185379	CCSBVarC024795	CCSBORF7201	ENSP00000338790.6:p.Ser46Cys	137C>G	CCSBORF2910	AMOTL2	-2.924943874178244	1.3366249627988291
NC_000017.11:35118600:G:A	RAD51D	ENSG00000185379	CCSBVarC024799	CCSBORF7201	ENSP00000338790.6:p.Arg55Trp	163C>T	CCSBORF2910	AMOTL2	-2.033762408282685	1.0954969827530423
NC_000017.11:35118567:C:T	RAD51D	ENSG00000185379	CCSBVarC024804	CCSBORF7201	ENSP00000338790.6:p.Val66Met	196G>A	CCSBORF2910	AMOTL2	-1.8196912095433124	1.08675793411142
NC_000017.11:35118567:C:A	RAD51D	ENSG00000185379	CCSBVarC024807	CCSBORF7201	ENSP00000338790.6:p.Val66Leu	196G>T	CCSBORF2910	AMOTL2	-1.2022513872880682	1.0944843529374455
NC_000017.11:35119587:C:G	RAD51D	ENSG00000185379	CCSBVarC024707	CCSBORF7201	ENSP00000338790.6:p.Cys9Ser	26G>C	CCSBORF2910	AMOTL2	-2.0036245804411625	1.1028482494451204
NC_000017.11:35107073:C:T	RAD51D	ENSG00000185379	CCSBVarC024822	CCSBORF7201	ENSP00000338790.6:p.Val132Ile	394G>A	CCSBORF2910	AMOTL2	-2.551575428578304	1.0827453309787212
NC_000017.11:35107055:T:G	RAD51D	ENSG00000185379	CCSBVarC024825	CCSBORF7201	ENSP00000338790.6:p.Asn138His	412A>C	CCSBORF2910	AMOTL2	-1.6083396952200713	1.0800367118046221
NC_000017.11:35119545:T:C	RAD51D	ENSG00000185379	CCSBVarC024711	CCSBORF7201	ENSP00000338790.6:p.His23Arg	68A>G	CCSBORF2910	AMOTL2	-1.663412741172135	1.086165738134471
NC_000017.11:35101352:T:C	RAD51D	ENSG00000185379	CCSBVarC024857	CCSBORF7201	ENSP00000338790.6:p.Ile251Val	751A>G	CCSBORF2910	AMOTL2	-1.8232094597697586	1.0820795345068859
NC_000017.11:35101238:C:T	RAD51D	ENSG00000185379	CCSBVarC024877	CCSBORF7201	ENSP00000338790.6:p.Gly289Ser	865G>A	CCSBORF2910	AMOTL2	-1.1628035527661384	1.0797590051185595
NC_000017.11:35101234:C:T	RAD51D	ENSG00000185379	CCSBVarC024880	CCSBORF7201	ENSP00000338790.6:p.Arg290Gln	869G>A	CCSBORF2910	AMOTL2	-1.2895024351005888	1.081117027528095
NC_000017.11:35101024:G:C	RAD51D	ENSG00000185379	CCSBVarC024886	CCSBORF7201	ENSP00000338790.6:p.Phe305Leu	915C>G	CCSBORF2910	AMOTL2	-0.9944275624050406	1.0796967651968716
NC_000017.11:35101020:C:T	RAD51D	ENSG00000185379	CCSBVarC024889	CCSBORF7201	ENSP00000338790.6:p.Glu307Lys	919G>A	CCSBORF2910	AMOTL2	-2.0012785481417343	1.2158080172199457
NC_000017.11:35101017:T:C	RAD51D	ENSG00000185379	CCSBVarC024892	CCSBORF7201	ENSP00000338790.6:p.Met308Val	922A>G	CCSBORF2910	AMOTL2	-1.2456305199284476	1.0792291409105244
NC_000017.11:35100956:G:A	RAD51D	ENSG00000185379	CCSBVarC024896	CCSBORF7201	ENSP00000338790.6:p.Thr328Ile	983C>T	CCSBORF2910	AMOTL2	-2.174098254526525	1.0815671355865983
NC_000017.11:35119117:G:C	RAD51D	ENSG00000185379	CCSBVarC024795	CCSBORF7201	ENSP00000338790.6:p.Ser46Cys	137C>G	CCSBORF4569	LZTS2	-4.188709516885385	1.3578835180530038
NC_000017.11:35118600:G:A	RAD51D	ENSG00000185379	CCSBVarC024799	CCSBORF7201	ENSP00000338790.6:p.Arg55Trp	163C>T	CCSBORF4569	LZTS2	NULL	NULL
NC_000017.11:35118567:C:T	RAD51D	ENSG00000185379	CCSBVarC024804	CCSBORF7201	ENSP00000338790.6:p.Val66Met	196G>A	CCSBORF4569	LZTS2	-1.8387211506726038	1.1527415262793141
NC_000017.11:35118567:C:A	RAD51D	ENSG00000185379	CCSBVarC024807	CCSBORF7201	ENSP00000338790.6:p.Val66Leu	196G>T	CCSBORF4569	LZTS2	-3.6895870820043117	1.244304456320455
NC_000017.11:35119587:C:G	RAD51D	ENSG00000185379	CCSBVarC024707	CCSBORF7201	ENSP00000338790.6:p.Cys9Ser	26G>C	CCSBORF4569	LZTS2	NULL	NULL
NC_000017.11:35107073:C:T	RAD51D	ENSG00000185379	CCSBVarC024822	CCSBORF7201	ENSP00000338790.6:p.Val132Ile	394G>A	CCSBORF4569	LZTS2	-5.712663756102117	1.1733596188347748
NC_000017.11:35107055:T:G	RAD51D	ENSG00000185379	CCSBVarC024825	CCSBORF7201	ENSP00000338790.6:p.Asn138His	412A>C	CCSBORF4569	LZTS2	-0.6116862228452139	1.1432497038916887
NC_000017.11:35119545:T:C	RAD51D	ENSG00000185379	CCSBVarC024711	CCSBORF7201	ENSP00000338790.6:p.His23Arg	68A>G	CCSBORF4569	LZTS2	-1.6936811835148784	1.1514831770933667
NC_000017.11:35101352:T:C	RAD51D	ENSG00000185379	CCSBVarC024857	CCSBORF7201	ENSP00000338790.6:p.Ile251Val	751A>G	CCSBORF4569	LZTS2	-0.8747813532237433	1.144883238539872
NC_000017.11:35101238:C:T	RAD51D	ENSG00000185379	CCSBVarC024877	CCSBORF7201	ENSP00000338790.6:p.Gly289Ser	865G>A	CCSBORF4569	LZTS2	-1.3350286317776758	1.1439655113760905
NC_000017.11:35101234:C:T	RAD51D	ENSG00000185379	CCSBVarC024880	CCSBORF7201	ENSP00000338790.6:p.Arg290Gln	869G>A	CCSBORF4569	LZTS2	-1.9657506477593085	1.1464758941047088
NC_000017.11:35101024:G:C	RAD51D	ENSG00000185379	CCSBVarC024886	CCSBORF7201	ENSP00000338790.6:p.Phe305Leu	915C>G	CCSBORF4569	LZTS2	0.1279533292497298	1.1432049101011101
NC_000017.11:35101020:C:T	RAD51D	ENSG00000185379	CCSBVarC024889	CCSBORF7201	ENSP00000338790.6:p.Glu307Lys	919G>A	CCSBORF4569	LZTS2	NULL	NULL
NC_000017.11:35101017:T:C	RAD51D	ENSG00000185379	CCSBVarC024892	CCSBORF7201	ENSP00000338790.6:p.Met308Val	922A>G	CCSBORF4569	LZTS2	-1.6694425545606544	1.1433185395480874
NC_000017.11:35100956:G:A	RAD51D	ENSG00000185379	CCSBVarC024896	CCSBORF7201	ENSP00000338790.6:p.Thr328Ile	983C>T	CCSBORF4569	LZTS2	-2.9325094194470323	1.1470982972162698
NC_000017.11:35119117:G:C	RAD51D	ENSG00000185379	CCSBVarC024795	CCSBORF7201	ENSP00000338790.6:p.Ser46Cys	137C>G	CCSBORF53886	TLE5	-4.240009682072536	1.0334934256902142
NC_000017.11:35118600:G:A	RAD51D	ENSG00000185379	CCSBVarC024799	CCSBORF7201	ENSP00000338790.6:p.Arg55Trp	163C>T	CCSBORF53886	TLE5	-3.1480536414962117	1.0265913988706927
NC_000017.11:35118567:C:T	RAD51D	ENSG00000185379	CCSBVarC024804	CCSBORF7201	ENSP00000338790.6:p.Val66Met	196G>A	CCSBORF53886	TLE5	-2.222878222090252	0.9705347387859564
NC_000017.11:35118567:C:A	RAD51D	ENSG00000185379	CCSBVarC024807	CCSBORF7201	ENSP00000338790.6:p.Val66Leu	196G>T	CCSBORF53886	TLE5	-2.5512057363657825	0.982732918435829
NC_000017.11:35119587:C:G	RAD51D	ENSG00000185379	CCSBVarC024707	CCSBORF7201	ENSP00000338790.6:p.Cys9Ser	26G>C	CCSBORF53886	TLE5	NULL	NULL
NC_000017.11:35107073:C:T	RAD51D	ENSG00000185379	CCSBVarC024822	CCSBORF7201	ENSP00000338790.6:p.Val132Ile	394G>A	CCSBORF53886	TLE5	-5.585578920713342	0.984418915214257
NC_000017.11:35107055:T:G	RAD51D	ENSG00000185379	CCSBVarC024825	CCSBORF7201	ENSP00000338790.6:p.Asn138His	412A>C	CCSBORF53886	TLE5	-1.2293999964108209	0.9620810049754462
NC_000017.11:35119545:T:C	RAD51D	ENSG00000185379	CCSBVarC024711	CCSBORF7201	ENSP00000338790.6:p.His23Arg	68A>G	CCSBORF53886	TLE5	-2.4140413575876445	0.9706355484052072
NC_000017.11:35101352:T:C	RAD51D	ENSG00000185379	CCSBVarC024857	CCSBORF7201	ENSP00000338790.6:p.Ile251Val	751A>G	CCSBORF53886	TLE5	-1.3228706441679352	0.9641659290335907
NC_000017.11:35101238:C:T	RAD51D	ENSG00000185379	CCSBVarC024877	CCSBORF7201	ENSP00000338790.6:p.Gly289Ser	865G>A	CCSBORF53886	TLE5	-1.9624717017475037	0.9630192688608188
NC_000017.11:35101234:C:T	RAD51D	ENSG00000185379	CCSBVarC024880	CCSBORF7201	ENSP00000338790.6:p.Arg290Gln	869G>A	CCSBORF53886	TLE5	-1.8224288247350127	0.9643740838250782
NC_000017.11:35101024:G:C	RAD51D	ENSG00000185379	CCSBVarC024886	CCSBORF7201	ENSP00000338790.6:p.Phe305Leu	915C>G	CCSBORF53886	TLE5	-0.5134869519740212	0.9619597947597277
NC_000017.11:35101020:C:T	RAD51D	ENSG00000185379	CCSBVarC024889	CCSBORF7201	ENSP00000338790.6:p.Glu307Lys	919G>A	CCSBORF53886	TLE5	-2.87244108976244	2.2352447634801957
NC_000017.11:35101017:T:C	RAD51D	ENSG00000185379	CCSBVarC024892	CCSBORF7201	ENSP00000338790.6:p.Met308Val	922A>G	CCSBORF53886	TLE5	-1.4991404354450395	0.9620036952184517
NC_000017.11:35100956:G:A	RAD51D	ENSG00000185379	CCSBVarC024896	CCSBORF7201	ENSP00000338790.6:p.Thr328Ile	983C>T	CCSBORF53886	TLE5	-2.687328058503612	0.9645791610220579
NC_000017.11:35119117:G:C	RAD51D	ENSG00000185379	CCSBVarC024795	CCSBORF7201	ENSP00000338790.6:p.Ser46Cys	137C>G	CCSBORF53942	REL	-0.7161986878460238	1.8593355306077166
NC_000017.11:35118600:G:A	RAD51D	ENSG00000185379	CCSBVarC024799	CCSBORF7201	ENSP00000338790.6:p.Arg55Trp	163C>T	CCSBORF53942	REL	-1.1772669664525806	1.867277416989179
NC_000017.11:35118567:C:T	RAD51D	ENSG00000185379	CCSBVarC024804	CCSBORF7201	ENSP00000338790.6:p.Val66Met	196G>A	CCSBORF53942	REL	-0.7470516092280045	1.8459995013390098
NC_000017.11:35118567:C:A	RAD51D	ENSG00000185379	CCSBVarC024807	CCSBORF7201	ENSP00000338790.6:p.Val66Leu	196G>T	CCSBORF53942	REL	-0.9313427937524134	1.8576817497154492
NC_000017.11:35119587:C:G	RAD51D	ENSG00000185379	CCSBVarC024707	CCSBORF7201	ENSP00000338790.6:p.Cys9Ser	26G>C	CCSBORF53942	REL	-3.3545649316251094	1.9177609615870825
NC_000017.11:35107073:C:T	RAD51D	ENSG00000185379	CCSBVarC024822	CCSBORF7201	ENSP00000338790.6:p.Val132Ile	394G>A	CCSBORF53942	REL	-3.973454480545979	1.8515970560956643
NC_000017.11:35107055:T:G	RAD51D	ENSG00000185379	CCSBVarC024825	CCSBORF7201	ENSP00000338790.6:p.Asn138His	412A>C	CCSBORF53942	REL	0.4161322888303826	1.8414464472878265
NC_000017.11:35119545:T:C	RAD51D	ENSG00000185379	CCSBVarC024711	CCSBORF7201	ENSP00000338790.6:p.His23Arg	68A>G	CCSBORF53942	REL	-0.974017937118843	1.8497765402257196
NC_000017.11:35101352:T:C	RAD51D	ENSG00000185379	CCSBVarC024857	CCSBORF7201	ENSP00000338790.6:p.Ile251Val	751A>G	CCSBORF53942	REL	0.08871142044735625	1.842653284248357
NC_000017.11:35101238:C:T	RAD51D	ENSG00000185379	CCSBVarC024877	CCSBORF7201	ENSP00000338790.6:p.Gly289Ser	865G>A	CCSBORF53942	REL	-0.42294542723378314	1.841650980349275
NC_000017.11:35101234:C:T	RAD51D	ENSG00000185379	CCSBVarC024880	CCSBORF7201	ENSP00000338790.6:p.Arg290Gln	869G>A	CCSBORF53942	REL	-0.05771494815168976	1.8424468125172655
NC_000017.11:35101024:G:C	RAD51D	ENSG00000185379	CCSBVarC024886	CCSBORF7201	ENSP00000338790.6:p.Phe305Leu	915C>G	CCSBORF53942	REL	1.1295828484767907	1.8412641238597238
NC_000017.11:35101020:C:T	RAD51D	ENSG00000185379	CCSBVarC024889	CCSBORF7201	ENSP00000338790.6:p.Glu307Lys	919G>A	CCSBORF53942	REL	-2.2684139212000343	2.0151471284411397
NC_000017.11:35101017:T:C	RAD51D	ENSG00000185379	CCSBVarC024892	CCSBORF7201	ENSP00000338790.6:p.Met308Val	922A>G	CCSBORF53942	REL	-0.43738343751900766	1.8411980307163132
NC_000017.11:35100956:G:A	RAD51D	ENSG00000185379	CCSBVarC024896	CCSBORF7201	ENSP00000338790.6:p.Thr328Ile	983C>T	CCSBORF53942	REL	-1.2259416070163176	1.8427522549671993
NC_000017.11:35119117:G:C	RAD51D	ENSG00000185379	CCSBVarC024795	CCSBORF7201	ENSP00000338790.6:p.Ser46Cys	137C>G	CCSBORF72146	MAPK8IP3	-2.185703098376984	0.522963701106785
NC_000017.11:35118600:G:A	RAD51D	ENSG00000185379	CCSBVarC024799	CCSBORF7201	ENSP00000338790.6:p.Arg55Trp	163C>T	CCSBORF72146	MAPK8IP3	-2.680464176887997	0.5846712921187867
NC_000017.11:35118567:C:T	RAD51D	ENSG00000185379	CCSBVarC024804	CCSBORF7201	ENSP00000338790.6:p.Val66Met	196G>A	CCSBORF72146	MAPK8IP3	-1.404432007995523	0.47028056951768515
NC_000017.11:35118567:C:A	RAD51D	ENSG00000185379	CCSBVarC024807	CCSBORF7201	ENSP00000338790.6:p.Val66Leu	196G>T	CCSBORF72146	MAPK8IP3	-1.1581984800928256	0.4859361481256805
NC_000017.11:35119587:C:G	RAD51D	ENSG00000185379	CCSBVarC024707	CCSBORF7201	ENSP00000338790.6:p.Cys9Ser	26G>C	CCSBORF72146	MAPK8IP3	NULL	NULL
NC_000017.11:35107073:C:T	RAD51D	ENSG00000185379	CCSBVarC024822	CCSBORF7201	ENSP00000338790.6:p.Val132Ile	394G>A	CCSBORF72146	MAPK8IP3	-3.8301271368712193	0.47544467967049586
NC_000017.11:35107055:T:G	RAD51D	ENSG00000185379	CCSBVarC024825	CCSBORF7201	ENSP00000338790.6:p.Asn138His	412A>C	CCSBORF72146	MAPK8IP3	-0.8536571349103008	0.45418333636137664
NC_000017.11:35119545:T:C	RAD51D	ENSG00000185379	CCSBVarC024711	CCSBORF7201	ENSP00000338790.6:p.His23Arg	68A>G	CCSBORF72146	MAPK8IP3	-1.5622245391955487	0.4703840137123346
NC_000017.11:35101352:T:C	RAD51D	ENSG00000185379	CCSBVarC024857	CCSBORF7201	ENSP00000338790.6:p.Ile251Val	751A>G	CCSBORF72146	MAPK8IP3	-0.9546694023951043	0.45858103623015595
NC_000017.11:35101238:C:T	RAD51D	ENSG00000185379	CCSBVarC024877	CCSBORF7201	ENSP00000338790.6:p.Gly289Ser	865G>A	CCSBORF72146	MAPK8IP3	-0.9184688606273246	0.45510136926666894
NC_000017.11:35101234:C:T	RAD51D	ENSG00000185379	CCSBVarC024880	CCSBORF7201	ENSP00000338790.6:p.Arg290Gln	869G>A	CCSBORF72146	MAPK8IP3	-1.3101297150044489	0.4578130594655059
NC_000017.11:35101024:G:C	RAD51D	ENSG00000185379	CCSBVarC024886	CCSBORF7201	ENSP00000338790.6:p.Phe305Leu	915C>G	CCSBORF72146	MAPK8IP3	0.12255372488882367	0.4536899721834429
NC_000017.11:35101020:C:T	RAD51D	ENSG00000185379	CCSBVarC024889	CCSBORF7201	ENSP00000338790.6:p.Glu307Lys	919G>A	CCSBORF72146	MAPK8IP3	NULL	NULL
NC_000017.11:35101017:T:C	RAD51D	ENSG00000185379	CCSBVarC024892	CCSBORF7201	ENSP00000338790.6:p.Met308Val	922A>G	CCSBORF72146	MAPK8IP3	-1.2235059537370396	0.45356776949465455
NC_000017.11:35100956:G:A	RAD51D	ENSG00000185379	CCSBVarC024896	CCSBORF7201	ENSP00000338790.6:p.Thr328Ile	983C>T	CCSBORF72146	MAPK8IP3	-2.10962278319519	0.4576846080412694
NC_000012.12:21455250:A:G	PYROXD1	ENSG00000121350	CCSBVarC025140	CCSBORF7424	ENSP00000240651.9:p.Glu203Gly	608A>G	CCSBORF7419	UPRT	-0.3045724454169157	0.1273280649450345
NC_000012.12:21455265:A:T	PYROXD1	ENSG00000121350	CCSBVarC025143	CCSBORF7424	ENSP00000240651.9:p.His208Leu	623A>T	CCSBORF7419	UPRT	-0.4641547573061302	0.12655570134864613
NC_000012.12:21456084:G:A	PYROXD1	ENSG00000121350	CCSBVarC025146	CCSBORF7424	ENSP00000240651.9:p.Gly247Glu	740G>A	CCSBORF7419	UPRT	-1.6788840553985436	0.14107539827694573
NC_000012.12:21437811:C:A	PYROXD1	ENSG00000121350	CCSBVarC025111	CCSBORF7424	ENSP00000240651.9:p.Gln28Lys	82C>A	CCSBORF7419	UPRT	-0.2886903995842474	0.21269017479726268
NC_000016.10:30753431:T:C	PHKG2	ENSG00000156873	CCSBVarC025775	CCSBORF7463	ENSP00000455607.1:p.Leu144Pro	431T>C	CCSBORF100010020	PHKA2	-4.688509942877586	0.279362772840589
NC_000016.10:30753469:G:A	PHKG2	ENSG00000156873	CCSBVarC025777	CCSBORF7463	ENSP00000455607.1:p.Glu157Lys	469G>A	CCSBORF100010020	PHKA2	-2.2538940666255938	0.17445415637526648
NC_000016.10:30756713:G:A	PHKG2	ENSG00000156873	CCSBVarC025796	CCSBORF7463	ENSP00000455607.1:p.Arg309Gln	926G>A	CCSBORF100010020	PHKA2	-0.6752372382625202	0.07595897178879969
NC_000009.12:97689633:C:T	XPA	ENSG00000136936	CCSBVarC024620	CCSBORF7662	ENSP00000364270.5:p.Val97Ile	289G>A	CCSBORF100000407	PICK1	-0.1274783577551817	0.3594249679273786
NC_000009.12:97689599:C:T	XPA	ENSG00000136936	CCSBVarC024626	CCSBORF7662	ENSP00000364270.5:p.Cys108Tyr	323G>A	CCSBORF100000407	PICK1	-4.350174832345941	0.7097659125607848
NC_000009.12:97689544:A:C	XPA	ENSG00000136936	CCSBVarC024629	CCSBORF7662	ENSP00000364270.5:p.Cys126Trp	378T>G	CCSBORF100000407	PICK1	-4.7520736257175615	0.39578565371695557
NC_000009.12:97687153:A:G	XPA	ENSG00000136936	CCSBVarC024637	CCSBORF7662	ENSP00000364270.5:p.Val166Ala	497T>C	CCSBORF100000407	PICK1	-0.022204297619839226	0.35576939920988987
NC_000009.12:97687095:C:G	XPA	ENSG00000136936	CCSBVarC024640	CCSBORF7662	ENSP00000364270.5:p.Gln185His	555G>C	CCSBORF100000407	PICK1	0.07795364825105809	0.33385488641841915
NC_000009.12:97685027:A:C	XPA	ENSG00000136936	CCSBVarC024642	CCSBORF7662	ENSP00000364270.5:p.Ser190Ala	568T>G	CCSBORF100000407	PICK1	0.03140245384484905	0.3346491043901912
NC_000009.12:97685024:G:C	XPA	ENSG00000136936	CCSBVarC024643	CCSBORF7662	ENSP00000364270.5:p.Leu191Val	571C>G	CCSBORF100000407	PICK1	0.04690380692560972	0.33631904380263533
NC_000009.12:97675494:T:C	XPA	ENSG00000136936	CCSBVarC024651	CCSBORF7662	ENSP00000364270.5:p.Met256Val	766A>G	CCSBORF100000407	PICK1	-0.04449811527836761	0.34301123572095626
NC_000009.12:97689633:C:T	XPA	ENSG00000136936	CCSBVarC024620	CCSBORF7662	ENSP00000364270.5:p.Val97Ile	289G>A	CCSBORF100068259	PRDM16	0.1450686612752607	0.6607816884019136
NC_000009.12:97689599:C:T	XPA	ENSG00000136936	CCSBVarC024626	CCSBORF7662	ENSP00000364270.5:p.Cys108Tyr	323G>A	CCSBORF100068259	PRDM16	-5.874481467442223	0.5791178011842665
NC_000009.12:97689544:A:C	XPA	ENSG00000136936	CCSBVarC024629	CCSBORF7662	ENSP00000364270.5:p.Cys126Trp	378T>G	CCSBORF100068259	PRDM16	-7.056021668514881	0.7246165077399613
NC_000009.12:97687153:A:G	XPA	ENSG00000136936	CCSBVarC024637	CCSBORF7662	ENSP00000364270.5:p.Val166Ala	497T>C	CCSBORF100068259	PRDM16	0.5552468772082719	0.8031498925767903
NC_000009.12:97687095:C:G	XPA	ENSG00000136936	CCSBVarC024640	CCSBORF7662	ENSP00000364270.5:p.Gln185His	555G>C	CCSBORF100068259	PRDM16	0.17755424835448494	0.6082249735023848
NC_000009.12:97685027:A:C	XPA	ENSG00000136936	CCSBVarC024642	CCSBORF7662	ENSP00000364270.5:p.Ser190Ala	568T>G	CCSBORF100068259	PRDM16	0.41287113097783745	0.5043753346479567
NC_000009.12:97685024:G:C	XPA	ENSG00000136936	CCSBVarC024643	CCSBORF7662	ENSP00000364270.5:p.Leu191Val	571C>G	CCSBORF100068259	PRDM16	-0.15472436607072904	0.5044222243413843
NC_000009.12:97675494:T:C	XPA	ENSG00000136936	CCSBVarC024651	CCSBORF7662	ENSP00000364270.5:p.Met256Val	766A>G	CCSBORF100068259	PRDM16	-5.94261688547034	0.5684533315451314
NC_000009.12:97689633:C:T	XPA	ENSG00000136936	CCSBVarC024620	CCSBORF7662	ENSP00000364270.5:p.Val97Ile	289G>A	CCSBORF9635	DVL3	0.4427709909917529	0.3261219937580982
NC_000009.12:97689599:C:T	XPA	ENSG00000136936	CCSBVarC024626	CCSBORF7662	ENSP00000364270.5:p.Cys108Tyr	323G>A	CCSBORF9635	DVL3	-5.582873763804717	0.5630956794050546
NC_000009.12:97689544:A:C	XPA	ENSG00000136936	CCSBVarC024629	CCSBORF7662	ENSP00000364270.5:p.Cys126Trp	378T>G	CCSBORF9635	DVL3	-6.763375722930457	0.43829644073393337
NC_000009.12:97687153:A:G	XPA	ENSG00000136936	CCSBVarC024637	CCSBORF7662	ENSP00000364270.5:p.Val166Ala	497T>C	CCSBORF9635	DVL3	-1.3939319168384485	0.2947203736221226
NC_000009.12:97687095:C:G	XPA	ENSG00000136936	CCSBVarC024640	CCSBORF7662	ENSP00000364270.5:p.Gln185His	555G>C	CCSBORF9635	DVL3	-0.02877288243384755	0.26350435774531983
NC_000009.12:97685027:A:C	XPA	ENSG00000136936	CCSBVarC024642	CCSBORF7662	ENSP00000364270.5:p.Ser190Ala	568T>G	CCSBORF9635	DVL3	-0.6434110836606975	0.265273480468975
NC_000009.12:97685024:G:C	XPA	ENSG00000136936	CCSBVarC024643	CCSBORF7662	ENSP00000364270.5:p.Leu191Val	571C>G	CCSBORF9635	DVL3	-0.5113493006616457	0.2666992449593857
NC_000009.12:97675494:T:C	XPA	ENSG00000136936	CCSBVarC024651	CCSBORF7662	ENSP00000364270.5:p.Met256Val	766A>G	CCSBORF9635	DVL3	0.7793192142509681	0.29163641480751995
NC_000007.14:44231025:A:G	CAMK2B	ENSG00000058404	CCSBVarC024885	CCSBORF7804	ENSP00000351542.3:p.Ile363Thr	1088T>C	CCSBORF100011152	CAMK2G	0.7706136678102855	0.7607078031102754
NC_000007.14:44220865:G:A	CAMK2B	ENSG00000058404	CCSBVarC024891	CCSBORF7804	ENSP00000351542.3:p.Leu382Phe	1144C>T	CCSBORF100011152	CAMK2G	NULL	NULL
NC_000007.14:44220862:T:G	CAMK2B	ENSG00000058404	CCSBVarC024893	CCSBORF7804	ENSP00000351542.3:p.Ile383Leu	1147A>C	CCSBORF100011152	CAMK2G	0.055873403073597644	0.7100830354505964
NC_000007.14:44220180:C:T	CAMK2B	ENSG00000058404	CCSBVarC024900	CCSBORF7804	ENSP00000351542.3:p.Gly465Arg	1393G>A	CCSBORF100011152	CAMK2G	0.5297800360335629	0.7112370742665949
NC_000007.14:44220170:C:T	CAMK2B	ENSG00000058404	CCSBVarC024903	CCSBORF7804	ENSP00000351542.3:p.Arg468Gln	1403G>A	CCSBORF100011152	CAMK2G	-0.46460899053449334	0.8025819338244574
NC_000007.14:44220125:C:T	CAMK2B	ENSG00000058404	CCSBVarC024932	CCSBORF7804	ENSP00000351542.3:p.Arg483His	1448G>A	CCSBORF100011152	CAMK2G	0.0023629537465565953	0.8535034668885653
NC_000007.14:44220084:C:T	CAMK2B	ENSG00000058404	CCSBVarC024948	CCSBORF7804	ENSP00000351542.3:p.Ala497Thr	1489G>A	CCSBORF100011152	CAMK2G	0.2862929770948974	0.7171345347524071
NC_000007.14:44254554:C:T	CAMK2B	ENSG00000058404	CCSBVarC024815	CCSBORF7804	ENSP00000351542.3:p.Glu110Lys	328G>A	CCSBORF100011152	CAMK2G	-2.8067749709270196	0.7379869062208149
NC_000007.14:44242276:T:A	CAMK2B	ENSG00000058404	CCSBVarC024844	CCSBORF7804	ENSP00000351542.3:p.Thr254Ser	760A>T	CCSBORF100011152	CAMK2G	0.06331360144360595	0.7071941923529467
NC_000007.14:44241716:C:A	CAMK2B	ENSG00000058404	CCSBVarC024848	CCSBORF7804	ENSP00000351542.3:p.Ala296Ser	886G>T	CCSBORF100011152	CAMK2G	0.4159575787500851	0.7515558788967038
NC_000007.14:44234460:G:A	CAMK2B	ENSG00000058404	CCSBVarC024876	CCSBORF7804	ENSP00000351542.3:p.Pro330Ser	988C>T	CCSBORF100011152	CAMK2G	0.08094700912885111	0.7310863866975281
NC_000007.14:44284192:T:C	CAMK2B	ENSG00000058404	CCSBVarC024812	CCSBORF7804	ENSP00000351542.3:p.Lys33Arg	98A>G	CCSBORF100011152	CAMK2G	-0.5298393341169141	1.022974405616643
NC_000007.14:44234455:C:G	CAMK2B	ENSG00000058404	CCSBVarC024879	CCSBORF7804	ENSP00000351542.3:p.Gln331His	993G>C	CCSBORF100011152	CAMK2G	0.24767213684229125	0.7088630200434272
NC_000007.14:44231025:A:G	CAMK2B	ENSG00000058404	CCSBVarC024885	CCSBORF7804	ENSP00000351542.3:p.Ile363Thr	1088T>C	CCSBORF100067228	CAMK2A	-0.4299863936729085	0.3420693103832287
NC_000007.14:44220865:G:A	CAMK2B	ENSG00000058404	CCSBVarC024891	CCSBORF7804	ENSP00000351542.3:p.Leu382Phe	1144C>T	CCSBORF100067228	CAMK2A	-0.7279383873240257	0.8175993569292006
NC_000007.14:44220862:T:G	CAMK2B	ENSG00000058404	CCSBVarC024893	CCSBORF7804	ENSP00000351542.3:p.Ile383Leu	1147A>C	CCSBORF100067228	CAMK2A	-0.11377941020014942	0.291937985231987
NC_000007.14:44220180:C:T	CAMK2B	ENSG00000058404	CCSBVarC024900	CCSBORF7804	ENSP00000351542.3:p.Gly465Arg	1393G>A	CCSBORF100067228	CAMK2A	-0.1791580861708445	0.29188236507907
NC_000007.14:44220170:C:T	CAMK2B	ENSG00000058404	CCSBVarC024903	CCSBORF7804	ENSP00000351542.3:p.Arg468Gln	1403G>A	CCSBORF100067228	CAMK2A	-1.0843894631440851	0.4244678219228684
NC_000007.14:44220125:C:T	CAMK2B	ENSG00000058404	CCSBVarC024932	CCSBORF7804	ENSP00000351542.3:p.Arg483His	1448G>A	CCSBORF100067228	CAMK2A	-0.4273665352724209	0.3371051636541144
NC_000007.14:44220084:C:T	CAMK2B	ENSG00000058404	CCSBVarC024948	CCSBORF7804	ENSP00000351542.3:p.Ala497Thr	1489G>A	CCSBORF100067228	CAMK2A	-0.02427374335409313	0.29758829402813886
NC_000007.14:44254554:C:T	CAMK2B	ENSG00000058404	CCSBVarC024815	CCSBORF7804	ENSP00000351542.3:p.Glu110Lys	328G>A	CCSBORF100067228	CAMK2A	-3.267035442821861	0.3592924712779055
NC_000007.14:44242276:T:A	CAMK2B	ENSG00000058404	CCSBVarC024844	CCSBORF7804	ENSP00000351542.3:p.Thr254Ser	760A>T	CCSBORF100067228	CAMK2A	0.0779988915659178	0.2865118771514723
NC_000007.14:44241716:C:A	CAMK2B	ENSG00000058404	CCSBVarC024848	CCSBORF7804	ENSP00000351542.3:p.Ala296Ser	886G>T	CCSBORF100067228	CAMK2A	-1.0224938481781918	0.7000404310194276
NC_000007.14:44234460:G:A	CAMK2B	ENSG00000058404	CCSBVarC024876	CCSBORF7804	ENSP00000351542.3:p.Pro330Ser	988C>T	CCSBORF100067228	CAMK2A	-0.09774504423979699	0.48196705058924244
NC_000007.14:44284192:T:C	CAMK2B	ENSG00000058404	CCSBVarC024812	CCSBORF7804	ENSP00000351542.3:p.Lys33Arg	98A>G	CCSBORF100067228	CAMK2A	0.6231278848872694	0.35791849168768197
NC_000007.14:44234455:C:G	CAMK2B	ENSG00000058404	CCSBVarC024879	CCSBORF7804	ENSP00000351542.3:p.Gln331His	993G>C	CCSBORF100067228	CAMK2A	-0.15109761428673346	0.2896083503334582
NC_000022.11:36767322:C:T	IFT27	ENSG00000100360	CCSBVarC025881	CCSBORF7972	ENSP00000393541.2:p.Asp53Asn	157G>A	CCSBORF5491	HSPB11	0.19974490653631732	0.8018277585884341
NC_000022.11:36766174:G:T	IFT27	ENSG00000100360	CCSBVarC025883	CCSBORF7972	ENSP00000393541.2:p.Ala66Asp	197C>A	CCSBORF5491	HSPB11	-0.17490278938415543	1.1578104981609783
NC_000022.11:36763936:G:C	IFT27	ENSG00000100360	CCSBVarC025895	CCSBORF7972	ENSP00000393541.2:p.Pro112Ala	334C>G	CCSBORF5491	HSPB11	-1.060275694908562	0.786515319774254
NC_000022.11:36762940:G:A	IFT27	ENSG00000100360	CCSBVarC025904	CCSBORF7972	ENSP00000393541.2:p.Ala142Val	425C>T	CCSBORF5491	HSPB11	-5.426572835518771	0.9217127406895205
NC_000022.11:36758324:G:A	IFT27	ENSG00000100360	CCSBVarC025912	CCSBORF7972	ENSP00000393541.2:p.Arg183Trp	547C>T	CCSBORF5491	HSPB11	-1.1160121539211127	0.7956274349686803
NC_000022.11:36758323:C:T	IFT27	ENSG00000100360	CCSBVarC025915	CCSBORF7972	ENSP00000393541.2:p.Arg183Gln	548G>A	CCSBORF5491	HSPB11	1.042579076835014	0.7888962676832064
NC_000006.12:143462954:A:G	PEX3	ENSG00000034693	CCSBVarC017675	CCSBORF798	ENSP00000356563.4:p.Gln82Arg	245A>G	CCSBORF3171	PEX19	-0.46333000155274245	0.25506398563785987
NC_000006.12:143471040:G:A	PEX3	ENSG00000034693	CCSBVarC017680	CCSBORF798	ENSP00000356563.4:p.Gly138Arg	412G>A	CCSBORF3171	PEX19	-1.2652867112055837	0.2722457735168654
NC_000006.12:143471398:C:G	PEX3	ENSG00000034693	CCSBVarC017684	CCSBORF798	ENSP00000356563.4:p.Pro158Arg	473C>G	CCSBORF3171	PEX19	-0.2527443966483586	0.25951317770595445
NC_000006.12:143474831:A:G	PEX3	ENSG00000034693	CCSBVarC017686	CCSBORF798	ENSP00000356563.4:p.Asn265Ser	794A>G	CCSBORF3171	PEX19	-0.3130466351013612	0.2540690395005552
NC_000006.12:143479100:A:C	PEX3	ENSG00000034693	CCSBVarC017688	CCSBORF798	ENSP00000356563.4:p.Thr282Pro	844A>C	CCSBORF3171	PEX19	-1.2247750404627555	0.2577438506466442
NC_000006.12:143485200:G:A	PEX3	ENSG00000034693	CCSBVarC017689	CCSBORF798	ENSP00000356563.4:p.Gly331Arg	991G>A	CCSBORF3171	PEX19	-0.3427741944642244	0.25674439120792636
NC_000023.11:134475188:G:A	HPRT1	ENSG00000165704	CCSBVarC024608	CCSBORF7982	ENSP00000298556.7:p.Arg48His	143G>A	CCSBORF2860	PRTFDC1	0.3563313617747612	0.969268658907399
NC_000023.11:134475193:G:C	HPRT1	ENSG00000165704	CCSBVarC024616	CCSBORF7982	ENSP00000298556.7:p.Ala50Pro	148G>C	CCSBORF2860	PRTFDC1	-5.341135344210999	0.9911618693433454
NC_000023.11:134475247:C:T	HPRT1	ENSG00000165704	CCSBVarC024619	CCSBORF7982	ENSP00000298556.7:p.Leu68Phe	202C>T	CCSBORF2860	PRTFDC1	0.32732767729401346	0.9697290445022098
NC_000023.11:134475266:T:G	HPRT1	ENSG00000165704	CCSBVarC024625	CCSBORF7982	ENSP00000298556.7:p.Phe74Cys	221T>G	CCSBORF2860	PRTFDC1	-4.3023269368559065	1.0318847952993557
NC_000023.11:134498408:C:G	HPRT1	ENSG00000165704	CCSBVarC024636	CCSBORF7982	ENSP00000298556.7:p.Pro169Ala	505C>G	CCSBORF2860	PRTFDC1	-1.076177010345117	1.1897910994660643
NC_000023.11:134498613:G:A	HPRT1	ENSG00000165704	CCSBVarC024639	CCSBORF7982	ENSP00000298556.7:p.Gly180Glu	539G>A	CCSBORF2860	PRTFDC1	-4.617335912217788	1.3149827046970959
NC_000023.11:134498640:T:C	HPRT1	ENSG00000165704	CCSBVarC024644	CCSBORF7982	ENSP00000298556.7:p.Val189Ala	566T>C	CCSBORF2860	PRTFDC1	-0.6325780046698571	0.9720058686974125
NC_000023.11:134500029:C:T	HPRT1	ENSG00000165704	CCSBVarC024649	CCSBORF7982	ENSP00000298556.7:p.His204Tyr	610C>T	CCSBORF2860	PRTFDC1	-4.072085227080323	0.9908390399407856
NC_000023.11:134475188:G:A	HPRT1	ENSG00000165704	CCSBVarC024608	CCSBORF7982	ENSP00000298556.7:p.Arg48His	143G>A	CCSBORF7982	HPRT1	0.37364328136966896	0.6331088179327801
NC_000023.11:134475193:G:C	HPRT1	ENSG00000165704	CCSBVarC024616	CCSBORF7982	ENSP00000298556.7:p.Ala50Pro	148G>C	CCSBORF7982	HPRT1	-7.934724903026776	0.6604341338793068
NC_000023.11:134475247:C:T	HPRT1	ENSG00000165704	CCSBVarC024619	CCSBORF7982	ENSP00000298556.7:p.Leu68Phe	202C>T	CCSBORF7982	HPRT1	0.7685232926745602	0.6351565518396614
NC_000023.11:134475266:T:G	HPRT1	ENSG00000165704	CCSBVarC024625	CCSBORF7982	ENSP00000298556.7:p.Phe74Cys	221T>G	CCSBORF7982	HPRT1	-3.4817180302331345	0.6458439912878691
NC_000023.11:134498408:C:G	HPRT1	ENSG00000165704	CCSBVarC024636	CCSBORF7982	ENSP00000298556.7:p.Pro169Ala	505C>G	CCSBORF7982	HPRT1	NULL	NULL
NC_000023.11:134498613:G:A	HPRT1	ENSG00000165704	CCSBVarC024639	CCSBORF7982	ENSP00000298556.7:p.Gly180Glu	539G>A	CCSBORF7982	HPRT1	-6.5219071515745615	1.088691802888675
NC_000023.11:134498640:T:C	HPRT1	ENSG00000165704	CCSBVarC024644	CCSBORF7982	ENSP00000298556.7:p.Val189Ala	566T>C	CCSBORF7982	HPRT1	-1.0954404406414961	0.6362050477788921
NC_000023.11:134500029:C:T	HPRT1	ENSG00000165704	CCSBVarC024649	CCSBORF7982	ENSP00000298556.7:p.His204Tyr	610C>T	CCSBORF7982	HPRT1	-8.176950181447356	0.7627103572410896
NC_000006.12:33203025:A:G	SLC39A7	ENSG00000112473	CCSBVarC024731	CCSBORF8017	ENSP00000363809.3:p.Met353Val	1057A>G	CCSBORF100064145	LCE2C	-0.10271625437260612	0.6677836716534962
NC_000006.12:33202103:G:A	SLC39A7	ENSG00000112473	CCSBVarC024719	CCSBORF8017	ENSP00000363809.3:p.Gly205Arg	613G>A	CCSBORF100064145	LCE2C	-0.26576832791701444	0.6422435239385603
NC_000006.12:33202561:C:T	SLC39A7	ENSG00000112473	CCSBVarC024725	CCSBORF8017	ENSP00000363809.3:p.Arg268Cys	802C>T	CCSBORF100064145	LCE2C	0.40446821004626843	0.6422905507164597
NC_000004.12:101026013:C:T	PPP3CA	ENSG00000138814	CCSBVarC025719	CCSBORF8407	ENSP00000378322.4:p.Ala463Thr	1387G>A	CCSBORF100068268	SHANK2	-0.0027697017675176183	0.4553446242490617
NC_000004.12:101026013:C:A	PPP3CA	ENSG00000138814	CCSBVarC025722	CCSBORF8407	ENSP00000378322.4:p.Ala463Ser	1387G>T	CCSBORF100068268	SHANK2	0.15013115884133724	0.4066683315967713
NC_000004.12:101025953:C:T	PPP3CA	ENSG00000138814	CCSBVarC025725	CCSBORF8407	ENSP00000378322.4:p.Asp483Asn	1447G>A	CCSBORF100068268	SHANK2	-0.2830008020167919	0.4143978645384398
NC_000004.12:101025886:C:T	PPP3CA	ENSG00000138814	CCSBVarC025727	CCSBORF8407	ENSP00000378322.4:p.Ser505Asn	1514G>A	CCSBORF100068268	SHANK2	-1.1147638190474325	0.5457726588671691
NC_000004.12:101099655:G:C	PPP3CA	ENSG00000138814	CCSBVarC025633	CCSBORF8407	ENSP00000378322.4:p.His151Asp	451C>G	CCSBORF100068268	SHANK2	-1.7761199610789116	0.6094966402908799
NC_000004.12:101098478:G:C	PPP3CA	ENSG00000138814	CCSBVarC025646	CCSBORF8407	ENSP00000378322.4:p.Ala177Gly	530C>G	CCSBORF100068268	SHANK2	-0.15299523470649296	0.42615906028929085
NC_000004.12:101093857:C:G	PPP3CA	ENSG00000138814	CCSBVarC025648	CCSBORF8407	ENSP00000378322.4:p.Asp234His	700G>C	CCSBORF100068268	SHANK2	-1.6020405541184948	0.810150662064459
NC_000004.12:101093797:T:C	PPP3CA	ENSG00000138814	CCSBVarC025681	CCSBORF8407	ENSP00000378322.4:p.Arg254Gly	760A>G	CCSBORF100068268	SHANK2	-1.490843142311746	0.6722881606228046
NC_000004.12:101083201:C:T	PPP3CA	ENSG00000138814	CCSBVarC025706	CCSBORF8407	ENSP00000378322.4:p.Glu282Lys	844G>A	CCSBORF100068268	SHANK2	-0.7365416859712296	0.39573523670230365
NC_000004.12:101196085:G:A	PPP3CA	ENSG00000138814	CCSBVarC025620	CCSBORF8407	ENSP00000378322.4:p.Thr30Ile	89C>T	CCSBORF100068268	SHANK2	-0.3835663386196172	0.5151011374684551
NC_000004.12:101196083:C:A	PPP3CA	ENSG00000138814	CCSBVarC025628	CCSBORF8407	ENSP00000378322.4:p.Ala31Ser	91G>T	CCSBORF100068268	SHANK2	-8.745477352774256e-05	0.3976977655239662
NC_000004.12:101026013:C:T	PPP3CA	ENSG00000138814	CCSBVarC025719	CCSBORF8407	ENSP00000378322.4:p.Ala463Thr	1387G>A	CCSBORF2842	C16orf74	0.14002145894646906	0.865140759407533
NC_000004.12:101026013:C:A	PPP3CA	ENSG00000138814	CCSBVarC025722	CCSBORF8407	ENSP00000378322.4:p.Ala463Ser	1387G>T	CCSBORF2842	C16orf74	-0.8036975189125728	0.8813384411603812
NC_000004.12:101025953:C:T	PPP3CA	ENSG00000138814	CCSBVarC025725	CCSBORF8407	ENSP00000378322.4:p.Asp483Asn	1447G>A	CCSBORF2842	C16orf74	-0.6224628667268384	0.880732533097221
NC_000004.12:101025886:C:T	PPP3CA	ENSG00000138814	CCSBVarC025727	CCSBORF8407	ENSP00000378322.4:p.Ser505Asn	1514G>A	CCSBORF2842	C16orf74	0.03652366286873404	0.9084274433036219
NC_000004.12:101099655:G:C	PPP3CA	ENSG00000138814	CCSBVarC025633	CCSBORF8407	ENSP00000378322.4:p.His151Asp	451C>G	CCSBORF2842	C16orf74	-1.037900311589367	0.896023379083096
NC_000004.12:101098478:G:C	PPP3CA	ENSG00000138814	CCSBVarC025646	CCSBORF8407	ENSP00000378322.4:p.Ala177Gly	530C>G	CCSBORF2842	C16orf74	0.13624892508227554	0.8872108137688477
NC_000004.12:101093857:C:G	PPP3CA	ENSG00000138814	CCSBVarC025648	CCSBORF8407	ENSP00000378322.4:p.Asp234His	700G>C	CCSBORF2842	C16orf74	-1.8953502461165885	0.8783651158389617
NC_000004.12:101093797:T:C	PPP3CA	ENSG00000138814	CCSBVarC025681	CCSBORF8407	ENSP00000378322.4:p.Arg254Gly	760A>G	CCSBORF2842	C16orf74	-0.8421637976575813	0.9409494817058083
NC_000004.12:101083201:C:T	PPP3CA	ENSG00000138814	CCSBVarC025706	CCSBORF8407	ENSP00000378322.4:p.Glu282Lys	844G>A	CCSBORF2842	C16orf74	0.050440962702768544	0.8659793744671586
NC_000004.12:101196085:G:A	PPP3CA	ENSG00000138814	CCSBVarC025620	CCSBORF8407	ENSP00000378322.4:p.Thr30Ile	89C>T	CCSBORF2842	C16orf74	0.10150218440966496	1.7981109762453649
NC_000004.12:101196083:C:A	PPP3CA	ENSG00000138814	CCSBVarC025628	CCSBORF8407	ENSP00000378322.4:p.Ala31Ser	91G>T	CCSBORF2842	C16orf74	0.14428438524759762	0.8676326194450055
NC_000023.11:55015609:A:G	ALAS2	ENSG00000158578	CCSBVarC026033	CCSBORF8420	ENSP00000337131.4:p.Met342Thr	1025T>C	CCSBORF6534	BANP	-0.11206101236965453	0.3500342603298144
NC_000023.11:55015585:C:G	ALAS2	ENSG00000158578	CCSBVarC026036	CCSBORF8420	ENSP00000337131.4:p.Gly350Ala	1049G>C	CCSBORF6534	BANP	-0.7107744469765362	0.3480498680307329
NC_000023.11:55014972:C:T	ALAS2	ENSG00000158578	CCSBVarC026039	CCSBORF8420	ENSP00000337131.4:p.Arg367His	1100G>A	CCSBORF6534	BANP	-0.7133395511333961	0.41618900209193976
NC_000023.11:55014865:C:G	ALAS2	ENSG00000158578	CCSBVarC026043	CCSBORF8420	ENSP00000337131.4:p.Gly403Arg	1207G>C	CCSBORF6534	BANP	-1.4814191218258692	0.555214280133116
NC_000023.11:55014862:C:T	ALAS2	ENSG00000158578	CCSBVarC026044	CCSBORF8420	ENSP00000337131.4:p.Glu404Lys	1210G>A	CCSBORF6534	BANP	-1.0673930186655347	0.32042627177971855
NC_000023.11:55014828:C:T	ALAS2	ENSG00000158578	CCSBVarC026047	CCSBORF8420	ENSP00000337131.4:p.Arg415His	1244G>A	CCSBORF6534	BANP	-0.8077639828832825	0.3258988670462128
NC_000023.11:55009244:T:C	ALAS2	ENSG00000158578	CCSBVarC026059	CCSBORF8420	ENSP00000337131.4:p.Met530Val	1588A>G	CCSBORF6534	BANP	0.28792781677459467	0.35567416206547775
NC_000023.11:55024797:G:A	ALAS2	ENSG00000158578	CCSBVarC025965	CCSBORF8420	ENSP00000337131.4:p.Ser75Leu	224C>T	CCSBORF6534	BANP	0.8769095859931384	0.3219692595469882
NC_000023.11:55021112:C:T	ALAS2	ENSG00000158578	CCSBVarC025980	CCSBORF8420	ENSP00000337131.4:p.Val156Ile	466G>A	CCSBORF6534	BANP	-0.9621605289640339	0.8611513766396754
NC_000001.11:42739840:C:T	CLDN19	ENSG00000164007	CCSBVarC026646	CCSBORF9634	ENSP00000361617.3:p.Gly75Ser	223G>A	CCSBORF956	MFF	-0.3137214355785548	0.6835380531431248
NC_000001.11:42738539:A:C	CLDN19	ENSG00000164007	CCSBVarC026649	CCSBORF9634	ENSP00000361617.3:p.Leu90Arg	269T>G	CCSBORF956	MFF	-4.775284225148889	1.0804684418571218
NC_000001.11:42738531:C:T	CLDN19	ENSG00000164007	CCSBVarC026652	CCSBORF9634	ENSP00000361617.3:p.Val93Met	277G>A	CCSBORF956	MFF	0.6961033155993499	0.6806050170699356
NC_000001.11:42738420:C:A	CLDN19	ENSG00000164007	CCSBVarC026654	CCSBORF9634	ENSP00000361617.3:p.Gly130Cys	388G>T	CCSBORF956	MFF	-8.980931270305838	1.800800137716939
NC_000001.11:42740024:C:A	CLDN19	ENSG00000164007	CCSBVarC026641	CCSBORF9634	ENSP00000361617.3:p.Leu13Phe	39G>T	CCSBORF956	MFF	0.3645572323419429	0.6798831557368056
NC_000001.11:42735968:C:T	CLDN19	ENSG00000164007	CCSBVarC026662	CCSBORF9634	ENSP00000361617.3:p.Gly179Ser	535G>A	CCSBORF956	MFF	-1.3239755852028652	0.71310601015616
NC_000001.11:42739980:G:A	CLDN19	ENSG00000164007	CCSBVarC026643	CCSBORF9634	ENSP00000361617.3:p.Pro28Leu	83C>T	CCSBORF956	MFF	-1.3429750680166708	1.1185053993269864
NC_000009.12:128946279:G:A	DOLK	ENSG00000175283	CCSBVarC026909	CCSBORF9726	ENSP00000361667.3:p.Leu342Phe	1024C>T	CCSBORF13954	KCNA6	-0.034844785516687876	0.7863017438496368
NC_000009.12:128946191:A:T	DOLK	ENSG00000175283	CCSBVarC026915	CCSBORF9726	ENSP00000361667.3:p.Ile371Asn	1112T>A	CCSBORF13954	KCNA6	-3.5056796826850243	1.0570365912373123
NC_000009.12:128946189:A:T	DOLK	ENSG00000175283	CCSBVarC026937	CCSBORF9726	ENSP00000361667.3:p.Phe372Ile	1114T>A	CCSBORF13954	KCNA6	0.14120222176965647	0.7941257312792164
NC_000009.12:128946017:T:C	DOLK	ENSG00000175283	CCSBVarC026944	CCSBORF9726	ENSP00000361667.3:p.Lys429Arg	1286A>G	CCSBORF13954	KCNA6	-0.07916201869252214	0.755368655292054
NC_000009.12:128945856:G:T	DOLK	ENSG00000175283	CCSBVarC026951	CCSBORF9726	ENSP00000361667.3:p.Gln483Lys	1447C>A	CCSBORF13954	KCNA6	-1.4301658256919172	0.8511388730072433
NC_000009.12:128945853:T:C	DOLK	ENSG00000175283	CCSBVarC026962	CCSBORF9726	ENSP00000361667.3:p.Ile484Val	1450A>G	CCSBORF13954	KCNA6	-6.693590878386665	0.9533556388736023
NC_000009.12:128945822:T:C	DOLK	ENSG00000175283	CCSBVarC026964	CCSBORF9726	ENSP00000361667.3:p.Asp494Gly	1481A>G	CCSBORF13954	KCNA6	-1.6792273829289037	0.7787438470297456
NC_000009.12:128947008:A:T	DOLK	ENSG00000175283	CCSBVarC026872	CCSBORF9726	ENSP00000361667.3:p.Cys99Ser	295T>A	CCSBORF13954	KCNA6	-4.265930217771588	0.8775918139323889
NC_000009.12:128946923:A:G	DOLK	ENSG00000175283	CCSBVarC026875	CCSBORF9726	ENSP00000361667.3:p.Val127Ala	380T>C	CCSBORF13954	KCNA6	0.19722686475658893	0.7935594639798214
NC_000009.12:128947251:C:T	DOLK	ENSG00000175283	CCSBVarC026869	CCSBORF9726	ENSP00000361667.3:p.Gly18Arg	52G>A	CCSBORF13954	KCNA6	-0.13598749738457572	0.8007170954970857
NC_000009.12:128946632:T:A	DOLK	ENSG00000175283	CCSBVarC026883	CCSBORF9726	ENSP00000361667.3:p.Asp224Val	671A>T	CCSBORF13954	KCNA6	-0.30477495319867726	0.8629394756462176
NC_000009.12:128946603:T:C	DOLK	ENSG00000175283	CCSBVarC026903	CCSBORF9726	ENSP00000361667.3:p.Met234Val	700A>G	CCSBORF13954	KCNA6	0.3180973993803422	0.7631181525662376
NC_000009.12:128946391:C:A	DOLK	ENSG00000175283	CCSBVarC026906	CCSBORF9726	ENSP00000361667.3:p.Trp304Cys	912G>T	CCSBORF13954	KCNA6	-5.486388204483217	1.0380845742523253
NC_000009.12:128946279:G:A	DOLK	ENSG00000175283	CCSBVarC026909	CCSBORF9726	ENSP00000361667.3:p.Leu342Phe	1024C>T	CCSBORF54326	EDA	-0.08014530424219386	0.777327237561147
NC_000009.12:128946191:A:T	DOLK	ENSG00000175283	CCSBVarC026915	CCSBORF9726	ENSP00000361667.3:p.Ile371Asn	1112T>A	CCSBORF54326	EDA	-3.03195483131222	0.8454868971634113
NC_000009.12:128946189:A:T	DOLK	ENSG00000175283	CCSBVarC026937	CCSBORF9726	ENSP00000361667.3:p.Phe372Ile	1114T>A	CCSBORF54326	EDA	-6.3988207670799175	1.9650041037660626
NC_000009.12:128946017:T:C	DOLK	ENSG00000175283	CCSBVarC026944	CCSBORF9726	ENSP00000361667.3:p.Lys429Arg	1286A>G	CCSBORF54326	EDA	0.3598887271437425	0.7722943119918343
NC_000009.12:128945856:G:T	DOLK	ENSG00000175283	CCSBVarC026951	CCSBORF9726	ENSP00000361667.3:p.Gln483Lys	1447C>A	CCSBORF54326	EDA	-3.376561458495236	1.0701587096322789
NC_000009.12:128945853:T:C	DOLK	ENSG00000175283	CCSBVarC026962	CCSBORF9726	ENSP00000361667.3:p.Ile484Val	1450A>G	CCSBORF54326	EDA	-0.3604919210960716	0.7731491847965801
NC_000009.12:128945822:T:C	DOLK	ENSG00000175283	CCSBVarC026964	CCSBORF9726	ENSP00000361667.3:p.Asp494Gly	1481A>G	CCSBORF54326	EDA	-4.354589174492741	0.8716713410173217
NC_000009.12:128947008:A:T	DOLK	ENSG00000175283	CCSBVarC026872	CCSBORF9726	ENSP00000361667.3:p.Cys99Ser	295T>A	CCSBORF54326	EDA	-5.137473540654602	1.0554188597999794
NC_000009.12:128946923:A:G	DOLK	ENSG00000175283	CCSBVarC026875	CCSBORF9726	ENSP00000361667.3:p.Val127Ala	380T>C	CCSBORF54326	EDA	0.036606446393797176	0.7996710978102628
NC_000009.12:128947251:C:T	DOLK	ENSG00000175283	CCSBVarC026869	CCSBORF9726	ENSP00000361667.3:p.Gly18Arg	52G>A	CCSBORF54326	EDA	-1.76775727291548	1.2450746633012637
NC_000009.12:128946632:T:A	DOLK	ENSG00000175283	CCSBVarC026883	CCSBORF9726	ENSP00000361667.3:p.Asp224Val	671A>T	CCSBORF54326	EDA	1.0289607646725187	0.7750744548056794
NC_000009.12:128946603:T:C	DOLK	ENSG00000175283	CCSBVarC026903	CCSBORF9726	ENSP00000361667.3:p.Met234Val	700A>G	CCSBORF54326	EDA	0.5104478216243995	0.7760312232185699
NC_000009.12:128946391:C:A	DOLK	ENSG00000175283	CCSBVarC026906	CCSBORF9726	ENSP00000361667.3:p.Trp304Cys	912G>T	CCSBORF54326	EDA	-4.472893875757696	0.8084828646818495
NC_000009.12:128946279:G:A	DOLK	ENSG00000175283	CCSBVarC026909	CCSBORF9726	ENSP00000361667.3:p.Leu342Phe	1024C>T	CCSBORF71602	KCNA10	0.8169832139668192	0.89464102658425
NC_000009.12:128946191:A:T	DOLK	ENSG00000175283	CCSBVarC026915	CCSBORF9726	ENSP00000361667.3:p.Ile371Asn	1112T>A	CCSBORF71602	KCNA10	-3.3057574089684887	0.9382265138922571
NC_000009.12:128946189:A:T	DOLK	ENSG00000175283	CCSBVarC026937	CCSBORF9726	ENSP00000361667.3:p.Phe372Ile	1114T>A	CCSBORF71602	KCNA10	-1.3418662394730534	0.9205936283742123
NC_000009.12:128946017:T:C	DOLK	ENSG00000175283	CCSBVarC026944	CCSBORF9726	ENSP00000361667.3:p.Lys429Arg	1286A>G	CCSBORF71602	KCNA10	0.4812219575541672	1.0352400335572796
NC_000009.12:128945856:G:T	DOLK	ENSG00000175283	CCSBVarC026951	CCSBORF9726	ENSP00000361667.3:p.Gln483Lys	1447C>A	CCSBORF71602	KCNA10	0.0751040433978647	1.343974673436025
NC_000009.12:128945853:T:C	DOLK	ENSG00000175283	CCSBVarC026962	CCSBORF9726	ENSP00000361667.3:p.Ile484Val	1450A>G	CCSBORF71602	KCNA10	-3.1952284626492347	1.0045891542165515
NC_000009.12:128945822:T:C	DOLK	ENSG00000175283	CCSBVarC026964	CCSBORF9726	ENSP00000361667.3:p.Asp494Gly	1481A>G	CCSBORF71602	KCNA10	-0.9760823471139725	0.9284625536733482
NC_000009.12:128947008:A:T	DOLK	ENSG00000175283	CCSBVarC026872	CCSBORF9726	ENSP00000361667.3:p.Cys99Ser	295T>A	CCSBORF71602	KCNA10	-3.8479169704090332	0.9365852535873216
NC_000009.12:128946923:A:G	DOLK	ENSG00000175283	CCSBVarC026875	CCSBORF9726	ENSP00000361667.3:p.Val127Ala	380T>C	CCSBORF71602	KCNA10	-0.29665893758272865	0.9154196704143333
NC_000009.12:128947251:C:T	DOLK	ENSG00000175283	CCSBVarC026869	CCSBORF9726	ENSP00000361667.3:p.Gly18Arg	52G>A	CCSBORF71602	KCNA10	1.6186108646398574	0.8998442158114838
NC_000009.12:128946632:T:A	DOLK	ENSG00000175283	CCSBVarC026883	CCSBORF9726	ENSP00000361667.3:p.Asp224Val	671A>T	CCSBORF71602	KCNA10	0.7705428022597296	0.8919324082067401
NC_000009.12:128946603:T:C	DOLK	ENSG00000175283	CCSBVarC026903	CCSBORF9726	ENSP00000361667.3:p.Met234Val	700A>G	CCSBORF71602	KCNA10	0.7643823246768213	0.9995727079515264
NC_000009.12:128946391:C:A	DOLK	ENSG00000175283	CCSBVarC026906	CCSBORF9726	ENSP00000361667.3:p.Trp304Cys	912G>T	CCSBORF71602	KCNA10	-3.6439045831246566	1.0800055033741944
NC_000009.12:128946279:G:A	DOLK	ENSG00000175283	CCSBVarC026909	CCSBORF9726	ENSP00000361667.3:p.Leu342Phe	1024C>T	CCSBORF71807	KCNA1	0.06327770710217348	1.0098318136072069
NC_000009.12:128946191:A:T	DOLK	ENSG00000175283	CCSBVarC026915	CCSBORF9726	ENSP00000361667.3:p.Ile371Asn	1112T>A	CCSBORF71807	KCNA1	-3.5413225659612806	1.2962514834562615
NC_000009.12:128946189:A:T	DOLK	ENSG00000175283	CCSBVarC026937	CCSBORF9726	ENSP00000361667.3:p.Phe372Ile	1114T>A	CCSBORF71807	KCNA1	-2.1405922928959473	1.0556058182464474
NC_000009.12:128946017:T:C	DOLK	ENSG00000175283	CCSBVarC026944	CCSBORF9726	ENSP00000361667.3:p.Lys429Arg	1286A>G	CCSBORF71807	KCNA1	0.09920865197363599	1.0073168579125513
NC_000009.12:128945856:G:T	DOLK	ENSG00000175283	CCSBVarC026951	CCSBORF9726	ENSP00000361667.3:p.Gln483Lys	1447C>A	CCSBORF71807	KCNA1	-1.0870492173209851	1.0223198495305224
NC_000009.12:128945853:T:C	DOLK	ENSG00000175283	CCSBVarC026962	CCSBORF9726	ENSP00000361667.3:p.Ile484Val	1450A>G	CCSBORF71807	KCNA1	-0.5424303189404134	1.00779947706584
NC_000009.12:128945822:T:C	DOLK	ENSG00000175283	CCSBVarC026964	CCSBORF9726	ENSP00000361667.3:p.Asp494Gly	1481A>G	CCSBORF71807	KCNA1	-1.719039217731459	1.0161112526376495
NC_000009.12:128947008:A:T	DOLK	ENSG00000175283	CCSBVarC026872	CCSBORF9726	ENSP00000361667.3:p.Cys99Ser	295T>A	CCSBORF71807	KCNA1	-2.3476327607835814	1.180967395937563
NC_000009.12:128946923:A:G	DOLK	ENSG00000175283	CCSBVarC026875	CCSBORF9726	ENSP00000361667.3:p.Val127Ala	380T>C	CCSBORF71807	KCNA1	-1.338082164484017	2.4810035724929045
NC_000009.12:128947251:C:T	DOLK	ENSG00000175283	CCSBVarC026869	CCSBORF9726	ENSP00000361667.3:p.Gly18Arg	52G>A	CCSBORF71807	KCNA1	-0.27112057138923346	1.0205269546106335
NC_000009.12:128946632:T:A	DOLK	ENSG00000175283	CCSBVarC026883	CCSBORF9726	ENSP00000361667.3:p.Asp224Val	671A>T	CCSBORF71807	KCNA1	-1.0633268254875228	1.0115068515927021
NC_000009.12:128946603:T:C	DOLK	ENSG00000175283	CCSBVarC026903	CCSBORF9726	ENSP00000361667.3:p.Met234Val	700A>G	CCSBORF71807	KCNA1	-0.08608584030911665	1.0090537879402053
NC_000009.12:128946391:C:A	DOLK	ENSG00000175283	CCSBVarC026906	CCSBORF9726	ENSP00000361667.3:p.Trp304Cys	912G>T	CCSBORF71807	KCNA1	-5.261031305533175	1.0830898755272318
