experiment	ccsb_orf_id_reference	pool_id	ccsb_orf_id_interactor	media	repeat_id	nt_change	read_count	spdi	ccsb_mutation_id	hgvs_protein	symbol	ensembl_gene_id	interactor_symbol
HsVcPPIMLHSTAT	CCSBORF3224	101	CCSBORF842	LW	1	REF	51	NULL	NULL	NULL	STAT3	ENSG00000168610	BMX
HsVcPPIMLHSTAT	CCSBORF3224	101	CCSBORF842	LW	1	1144C>T	16	NC_000017.11:42329642:G:A	CCSBVarC008895	ENSP00000384943.3:p.Arg382Trp	STAT3	ENSG00000168610	BMX
HsVcPPIMLHSTAT	CCSBORF3224	101	CCSBORF842	LW	1	1145G>T	8	NC_000017.11:42329641:C:A	CCSBVarC008863	ENSP00000384943.3:p.Arg382Leu	STAT3	ENSG00000168610	BMX
HsVcPPIMLHSTAT	CCSBORF3224	101	CCSBORF842	LW	1	1166C>T	1	NC_000017.11:42329620:G:A	CCSBVarC008866	ENSP00000384943.3:p.Thr389Ile	STAT3	ENSG00000168610	BMX
HsVcPPIMLHSTAT	CCSBORF3224	101	CCSBORF842	LW	1	1260T>G	9	NC_000017.11:42329430:A:C	CCSBVarC008886	ENSP00000384943.3:p.Asn420Lys	STAT3	ENSG00000168610	BMX
HsVcPPIMLHSTAT	CCSBORF3224	101	CCSBORF842	LW	1	1268G>A	16	NC_000017.11:42329422:C:T	CCSBVarC008874	ENSP00000384943.3:p.Arg423Gln	STAT3	ENSG00000168610	BMX
HsVcPPIMLHSTAT	CCSBORF3224	101	CCSBORF842	LW	1	1311C>A	15	NC_000017.11:42326169:G:T	CCSBVarC008871	ENSP00000384943.3:p.His437Gln	STAT3	ENSG00000168610	BMX
HsVcPPIMLHSTAT	CCSBORF3224	101	CCSBORF842	LW	1	1381G>C	11	NC_000017.11:42325045:C:G	CCSBVarC008821	ENSP00000384943.3:p.Val461Leu	STAT3	ENSG00000168610	BMX
HsVcPPIMLHSTAT	CCSBORF3224	101	CCSBORF842	LW	1	1397A>G	15	NC_000017.11:42325029:T:C	CCSBVarC008869	ENSP00000384943.3:p.Asn466Ser	STAT3	ENSG00000168610	BMX
HsVcPPIMLHSTAT	CCSBORF3224	101	CCSBORF842	LW	1	1492A>G	14	NC_000017.11:42324818:T:C	CCSBVarC008831	ENSP00000384943.3:p.Ile498Val	STAT3	ENSG00000168610	BMX
HsVcPPIMLHSTAT	CCSBORF3224	101	CCSBORF842	LW	1	1909G>A	7	NC_000017.11:42322473:C:T	CCSBVarC008877	ENSP00000384943.3:p.Val637Met	STAT3	ENSG00000168610	BMX
HsVcPPIMLHSTAT	CCSBORF3224	101	CCSBORF842	LW	1	1938C>G	14	NC_000017.11:42322444:G:C	CCSBVarC008864	ENSP00000384943.3:p.Asn646Lys	STAT3	ENSG00000168610	BMX
HsVcPPIMLHSTAT	CCSBORF3224	101	CCSBORF842	LW	1	2101G>A	7	NC_000017.11:42317221:C:T	CCSBVarC008827	ENSP00000384943.3:p.Ala701Thr	STAT3	ENSG00000168610	BMX
HsVcPPIMLHSTAT	CCSBORF3224	101	CCSBORF842	LW	1	2104G>A	15	NC_000017.11:42317218:C:T	CCSBVarC008880	ENSP00000384943.3:p.Ala702Thr	STAT3	ENSG00000168610	BMX
HsVcPPIMLHSTAT	CCSBORF3224	101	CCSBORF842	LW	1	2144C>T	8	NC_000017.11:42316898:G:A	CCSBVarC008889	ENSP00000384943.3:p.Thr715Met	STAT3	ENSG00000168610	BMX
HsVcPPIMLHSTAT	CCSBORF3224	101	CCSBORF842	LW	1	2293G>A	9	NC_000017.11:42315761:C:T	CCSBVarC008824	ENSP00000384943.3:p.Ala765Thr	STAT3	ENSG00000168610	BMX
HsVcPPIMLHSTAT	CCSBORF3224	101	CCSBORF842	LW	1	454C>T	8	NC_000017.11:42339327:G:A	CCSBVarC008883	ENSP00000384943.3:p.Arg152Trp	STAT3	ENSG00000168610	BMX
HsVcPPIMLHSTAT	CCSBORF2713	103	CCSBORF1611	LW	1	REF	502	NULL	NULL	NULL	MLH1	ENSG00000076242	CBY2
HsVcPPIMLHSTAT	CCSBORF2713	103	CCSBORF1611	LW	1	1037A>G	156	NC_000003.12:37020461:A:G	CCSBVarC009930	ENSP00000231790.3:p.Gln346Arg	MLH1	ENSG00000076242	CBY2
HsVcPPIMLHSTAT	CCSBORF2713	103	CCSBORF1611	LW	1	1040C>A	129	NC_000003.12:37025637:C:A	CCSBVarC009777	ENSP00000231790.3:p.Thr347Asn	MLH1	ENSG00000076242	CBY2
HsVcPPIMLHSTAT	CCSBORF2713	103	CCSBORF1611	LW	1	1075A>G	33	NC_000003.12:37025672:A:G	CCSBVarC009805	ENSP00000231790.3:p.Met359Val	MLH1	ENSG00000076242	CBY2
HsVcPPIMLHSTAT	CCSBORF2713	103	CCSBORF1611	LW	1	112A>C	75	NC_000003.12:36993658:A:C	CCSBVarC007374	ENSP00000231790.3:p.Asn38His	MLH1	ENSG00000076242	CBY2
HsVcPPIMLHSTAT	CCSBORF2713	103	CCSBORF1611	LW	1	121G>C	79	NC_000003.12:36996622:G:C	CCSBVarC003192	ENSP00000231790.3:p.Asp41His	MLH1	ENSG00000076242	CBY2
HsVcPPIMLHSTAT	CCSBORF2713	103	CCSBORF1611	LW	1	131C>A	28	NC_000003.12:36996632:C:A	CCSBVarC009856	ENSP00000231790.3:p.Ser44Tyr	MLH1	ENSG00000076242	CBY2
HsVcPPIMLHSTAT	CCSBORF2713	103	CCSBORF1611	LW	1	1667G>T	40	NC_000003.12:37040293:G:T	CCSBVarC009817	ENSP00000231790.3:p.Ser556Ile	MLH1	ENSG00000076242	CBY2
HsVcPPIMLHSTAT	CCSBORF2713	103	CCSBORF1611	LW	1	1676T>C	62	NC_000003.12:37042275:T:C	CCSBVarC007381	ENSP00000231790.3:p.Leu559Pro	MLH1	ENSG00000076242	CBY2
HsVcPPIMLHSTAT	CCSBORF2713	103	CCSBORF1611	LW	1	1799A>G	59	NC_000003.12:37047585:A:G	CCSBVarC009739	ENSP00000231790.3:p.Glu600Gly	MLH1	ENSG00000076242	CBY2
HsVcPPIMLHSTAT	CCSBORF2713	103	CCSBORF1611	LW	1	1820T>A	0	NC_000003.12:37047606:T:A	CCSBVarC009811	ENSP00000231790.3:p.Leu607His	MLH1	ENSG00000076242	CBY2
HsVcPPIMLHSTAT	CCSBORF2713	103	CCSBORF1611	LW	1	1853A>C	23	NC_000003.12:37047639:A:C	CCSBVarC009759	ENSP00000231790.3:p.Lys618Thr	MLH1	ENSG00000076242	CBY2
HsVcPPIMLHSTAT	CCSBORF2713	103	CCSBORF1611	LW	1	1865T>C	56	NC_000003.12:37047651:T:C	CCSBVarC007388	ENSP00000231790.3:p.Leu622Pro	MLH1	ENSG00000076242	CBY2
HsVcPPIMLHSTAT	CCSBORF2713	103	CCSBORF1611	LW	1	199G>T	14	NC_000003.12:36996700:G:T	CCSBVarC009923	ENSP00000231790.3:p.Gly67Trp	MLH1	ENSG00000076242	CBY2
HsVcPPIMLHSTAT	CCSBORF2713	103	CCSBORF1611	LW	1	2074T>C	147	NC_000003.12:37048987:T:C	CCSBVarC009784	ENSP00000231790.3:p.Ser692Pro	MLH1	ENSG00000076242	CBY2
HsVcPPIMLHSTAT	CCSBORF2713	103	CCSBORF1611	LW	1	2103G>C	90	NC_000003.12:37049016:G:C	CCSBVarC007400	ENSP00000231790.3:p.Gln701His	MLH1	ENSG00000076242	CBY2
HsVcPPIMLHSTAT	CCSBORF2713	103	CCSBORF1611	LW	1	2252A>G	74	NC_000003.12:37050633:A:G	CCSBVarC003209	ENSP00000231790.3:p.Lys751Arg	MLH1	ENSG00000076242	CBY2
HsVcPPIMLHSTAT	CCSBORF2713	103	CCSBORF1611	LW	1	394G>C	142	NC_000003.12:37007003:G:C	CCSBVarC009793	ENSP00000231790.3:p.Asp132His	MLH1	ENSG00000076242	CBY2
HsVcPPIMLHSTAT	CCSBORF2713	103	CCSBORF1611	LW	1	62C>T	33	NC_000003.12:36993608:C:T	CCSBVarC009846	ENSP00000231790.3:p.Ala21Val	MLH1	ENSG00000076242	CBY2
HsVcPPIMLHSTAT	CCSBORF2713	103	CCSBORF1611	LW	1	793C>A	229	NC_000003.12:37017507:C:A	CCSBVarC009906	ENSP00000231790.3:p.Arg265Ser	MLH1	ENSG00000076242	CBY2
HsVcPPIMLHSTAT	CCSBORF2713	103	CCSBORF1611	LW	1	803A>G	79	NC_000003.12:37017517:A:G	CCSBVarC009733	ENSP00000231790.3:p.Glu268Gly	MLH1	ENSG00000076242	CBY2
HsVcPPIMLHSTAT	CCSBORF2713	103	CCSBORF1611	LW	1	827T>G	48	NC_000003.12:37017541:T:G	CCSBVarC009914	ENSP00000231790.3:p.Ile276Arg	MLH1	ENSG00000076242	CBY2
HsVcPPIMLHSTAT	CCSBORF2713	103	CCSBORF1611	LW	1	918T>A	63	NC_000003.12:37020342:T:A	CCSBVarC009864	ENSP00000231790.3:p.Asn306Lys	MLH1	ENSG00000076242	CBY2
HsVcPPIMLHSTAT	CCSBORF3224	101	CCSBORF842	LW	2	REF	680	NULL	NULL	NULL	STAT3	ENSG00000168610	BMX
HsVcPPIMLHSTAT	CCSBORF3224	101	CCSBORF842	LW	2	1144C>T	329	NC_000017.11:42329642:G:A	CCSBVarC008895	ENSP00000384943.3:p.Arg382Trp	STAT3	ENSG00000168610	BMX
HsVcPPIMLHSTAT	CCSBORF3224	101	CCSBORF842	LW	2	1145G>T	175	NC_000017.11:42329641:C:A	CCSBVarC008863	ENSP00000384943.3:p.Arg382Leu	STAT3	ENSG00000168610	BMX
HsVcPPIMLHSTAT	CCSBORF3224	101	CCSBORF842	LW	2	1166C>T	37	NC_000017.11:42329620:G:A	CCSBVarC008866	ENSP00000384943.3:p.Thr389Ile	STAT3	ENSG00000168610	BMX
HsVcPPIMLHSTAT	CCSBORF3224	101	CCSBORF842	LW	2	1260T>G	109	NC_000017.11:42329430:A:C	CCSBVarC008886	ENSP00000384943.3:p.Asn420Lys	STAT3	ENSG00000168610	BMX
HsVcPPIMLHSTAT	CCSBORF3224	101	CCSBORF842	LW	2	1268G>A	265	NC_000017.11:42329422:C:T	CCSBVarC008874	ENSP00000384943.3:p.Arg423Gln	STAT3	ENSG00000168610	BMX
HsVcPPIMLHSTAT	CCSBORF3224	101	CCSBORF842	LW	2	1311C>A	232	NC_000017.11:42326169:G:T	CCSBVarC008871	ENSP00000384943.3:p.His437Gln	STAT3	ENSG00000168610	BMX
HsVcPPIMLHSTAT	CCSBORF3224	101	CCSBORF842	LW	2	1381G>C	323	NC_000017.11:42325045:C:G	CCSBVarC008821	ENSP00000384943.3:p.Val461Leu	STAT3	ENSG00000168610	BMX
HsVcPPIMLHSTAT	CCSBORF3224	101	CCSBORF842	LW	2	1397A>G	254	NC_000017.11:42325029:T:C	CCSBVarC008869	ENSP00000384943.3:p.Asn466Ser	STAT3	ENSG00000168610	BMX
HsVcPPIMLHSTAT	CCSBORF3224	101	CCSBORF842	LW	2	1492A>G	185	NC_000017.11:42324818:T:C	CCSBVarC008831	ENSP00000384943.3:p.Ile498Val	STAT3	ENSG00000168610	BMX
HsVcPPIMLHSTAT	CCSBORF3224	101	CCSBORF842	LW	2	1909G>A	202	NC_000017.11:42322473:C:T	CCSBVarC008877	ENSP00000384943.3:p.Val637Met	STAT3	ENSG00000168610	BMX
HsVcPPIMLHSTAT	CCSBORF3224	101	CCSBORF842	LW	2	1938C>G	170	NC_000017.11:42322444:G:C	CCSBVarC008864	ENSP00000384943.3:p.Asn646Lys	STAT3	ENSG00000168610	BMX
HsVcPPIMLHSTAT	CCSBORF3224	101	CCSBORF842	LW	2	2101G>A	251	NC_000017.11:42317221:C:T	CCSBVarC008827	ENSP00000384943.3:p.Ala701Thr	STAT3	ENSG00000168610	BMX
HsVcPPIMLHSTAT	CCSBORF3224	101	CCSBORF842	LW	2	2104G>A	355	NC_000017.11:42317218:C:T	CCSBVarC008880	ENSP00000384943.3:p.Ala702Thr	STAT3	ENSG00000168610	BMX
HsVcPPIMLHSTAT	CCSBORF3224	101	CCSBORF842	LW	2	2144C>T	246	NC_000017.11:42316898:G:A	CCSBVarC008889	ENSP00000384943.3:p.Thr715Met	STAT3	ENSG00000168610	BMX
HsVcPPIMLHSTAT	CCSBORF3224	101	CCSBORF842	LW	2	2293G>A	221	NC_000017.11:42315761:C:T	CCSBVarC008824	ENSP00000384943.3:p.Ala765Thr	STAT3	ENSG00000168610	BMX
HsVcPPIMLHSTAT	CCSBORF3224	101	CCSBORF842	LW	2	454C>T	212	NC_000017.11:42339327:G:A	CCSBVarC008883	ENSP00000384943.3:p.Arg152Trp	STAT3	ENSG00000168610	BMX
HsVcPPIMLHSTAT	CCSBORF2713	103	CCSBORF1611	LW	2	REF	494	NULL	NULL	NULL	MLH1	ENSG00000076242	CBY2
HsVcPPIMLHSTAT	CCSBORF2713	103	CCSBORF1611	LW	2	1037A>G	203	NC_000003.12:37020461:A:G	CCSBVarC009930	ENSP00000231790.3:p.Gln346Arg	MLH1	ENSG00000076242	CBY2
HsVcPPIMLHSTAT	CCSBORF2713	103	CCSBORF1611	LW	2	1040C>A	79	NC_000003.12:37025637:C:A	CCSBVarC009777	ENSP00000231790.3:p.Thr347Asn	MLH1	ENSG00000076242	CBY2
HsVcPPIMLHSTAT	CCSBORF2713	103	CCSBORF1611	LW	2	1075A>G	70	NC_000003.12:37025672:A:G	CCSBVarC009805	ENSP00000231790.3:p.Met359Val	MLH1	ENSG00000076242	CBY2
HsVcPPIMLHSTAT	CCSBORF2713	103	CCSBORF1611	LW	2	112A>C	62	NC_000003.12:36993658:A:C	CCSBVarC007374	ENSP00000231790.3:p.Asn38His	MLH1	ENSG00000076242	CBY2
HsVcPPIMLHSTAT	CCSBORF2713	103	CCSBORF1611	LW	2	121G>C	124	NC_000003.12:36996622:G:C	CCSBVarC003192	ENSP00000231790.3:p.Asp41His	MLH1	ENSG00000076242	CBY2
HsVcPPIMLHSTAT	CCSBORF2713	103	CCSBORF1611	LW	2	131C>A	57	NC_000003.12:36996632:C:A	CCSBVarC009856	ENSP00000231790.3:p.Ser44Tyr	MLH1	ENSG00000076242	CBY2
HsVcPPIMLHSTAT	CCSBORF2713	103	CCSBORF1611	LW	2	1667G>T	49	NC_000003.12:37040293:G:T	CCSBVarC009817	ENSP00000231790.3:p.Ser556Ile	MLH1	ENSG00000076242	CBY2
HsVcPPIMLHSTAT	CCSBORF2713	103	CCSBORF1611	LW	2	1676T>C	76	NC_000003.12:37042275:T:C	CCSBVarC007381	ENSP00000231790.3:p.Leu559Pro	MLH1	ENSG00000076242	CBY2
HsVcPPIMLHSTAT	CCSBORF2713	103	CCSBORF1611	LW	2	1799A>G	122	NC_000003.12:37047585:A:G	CCSBVarC009739	ENSP00000231790.3:p.Glu600Gly	MLH1	ENSG00000076242	CBY2
HsVcPPIMLHSTAT	CCSBORF2713	103	CCSBORF1611	LW	2	1820T>A	1	NC_000003.12:37047606:T:A	CCSBVarC009811	ENSP00000231790.3:p.Leu607His	MLH1	ENSG00000076242	CBY2
HsVcPPIMLHSTAT	CCSBORF2713	103	CCSBORF1611	LW	2	1853A>C	43	NC_000003.12:37047639:A:C	CCSBVarC009759	ENSP00000231790.3:p.Lys618Thr	MLH1	ENSG00000076242	CBY2
HsVcPPIMLHSTAT	CCSBORF2713	103	CCSBORF1611	LW	2	1865T>C	106	NC_000003.12:37047651:T:C	CCSBVarC007388	ENSP00000231790.3:p.Leu622Pro	MLH1	ENSG00000076242	CBY2
HsVcPPIMLHSTAT	CCSBORF2713	103	CCSBORF1611	LW	2	199G>T	48	NC_000003.12:36996700:G:T	CCSBVarC009923	ENSP00000231790.3:p.Gly67Trp	MLH1	ENSG00000076242	CBY2
HsVcPPIMLHSTAT	CCSBORF2713	103	CCSBORF1611	LW	2	2074T>C	89	NC_000003.12:37048987:T:C	CCSBVarC009784	ENSP00000231790.3:p.Ser692Pro	MLH1	ENSG00000076242	CBY2
HsVcPPIMLHSTAT	CCSBORF2713	103	CCSBORF1611	LW	2	2103G>C	74	NC_000003.12:37049016:G:C	CCSBVarC007400	ENSP00000231790.3:p.Gln701His	MLH1	ENSG00000076242	CBY2
HsVcPPIMLHSTAT	CCSBORF2713	103	CCSBORF1611	LW	2	2252A>G	110	NC_000003.12:37050633:A:G	CCSBVarC003209	ENSP00000231790.3:p.Lys751Arg	MLH1	ENSG00000076242	CBY2
HsVcPPIMLHSTAT	CCSBORF2713	103	CCSBORF1611	LW	2	394G>C	175	NC_000003.12:37007003:G:C	CCSBVarC009793	ENSP00000231790.3:p.Asp132His	MLH1	ENSG00000076242	CBY2
HsVcPPIMLHSTAT	CCSBORF2713	103	CCSBORF1611	LW	2	62C>T	108	NC_000003.12:36993608:C:T	CCSBVarC009846	ENSP00000231790.3:p.Ala21Val	MLH1	ENSG00000076242	CBY2
HsVcPPIMLHSTAT	CCSBORF2713	103	CCSBORF1611	LW	2	793C>A	204	NC_000003.12:37017507:C:A	CCSBVarC009906	ENSP00000231790.3:p.Arg265Ser	MLH1	ENSG00000076242	CBY2
HsVcPPIMLHSTAT	CCSBORF2713	103	CCSBORF1611	LW	2	803A>G	89	NC_000003.12:37017517:A:G	CCSBVarC009733	ENSP00000231790.3:p.Glu268Gly	MLH1	ENSG00000076242	CBY2
HsVcPPIMLHSTAT	CCSBORF2713	103	CCSBORF1611	LW	2	827T>G	74	NC_000003.12:37017541:T:G	CCSBVarC009914	ENSP00000231790.3:p.Ile276Arg	MLH1	ENSG00000076242	CBY2
HsVcPPIMLHSTAT	CCSBORF2713	103	CCSBORF1611	LW	2	918T>A	50	NC_000003.12:37020342:T:A	CCSBVarC009864	ENSP00000231790.3:p.Asn306Lys	MLH1	ENSG00000076242	CBY2
HsVcPPIMLHSTAT	CCSBORF3224	101	CCSBORF842	LW	3	REF	167	NULL	NULL	NULL	STAT3	ENSG00000168610	BMX
HsVcPPIMLHSTAT	CCSBORF3224	101	CCSBORF842	LW	3	1144C>T	58	NC_000017.11:42329642:G:A	CCSBVarC008895	ENSP00000384943.3:p.Arg382Trp	STAT3	ENSG00000168610	BMX
HsVcPPIMLHSTAT	CCSBORF3224	101	CCSBORF842	LW	3	1145G>T	36	NC_000017.11:42329641:C:A	CCSBVarC008863	ENSP00000384943.3:p.Arg382Leu	STAT3	ENSG00000168610	BMX
HsVcPPIMLHSTAT	CCSBORF3224	101	CCSBORF842	LW	3	1166C>T	10	NC_000017.11:42329620:G:A	CCSBVarC008866	ENSP00000384943.3:p.Thr389Ile	STAT3	ENSG00000168610	BMX
HsVcPPIMLHSTAT	CCSBORF3224	101	CCSBORF842	LW	3	1260T>G	31	NC_000017.11:42329430:A:C	CCSBVarC008886	ENSP00000384943.3:p.Asn420Lys	STAT3	ENSG00000168610	BMX
HsVcPPIMLHSTAT	CCSBORF3224	101	CCSBORF842	LW	3	1268G>A	62	NC_000017.11:42329422:C:T	CCSBVarC008874	ENSP00000384943.3:p.Arg423Gln	STAT3	ENSG00000168610	BMX
HsVcPPIMLHSTAT	CCSBORF3224	101	CCSBORF842	LW	3	1311C>A	62	NC_000017.11:42326169:G:T	CCSBVarC008871	ENSP00000384943.3:p.His437Gln	STAT3	ENSG00000168610	BMX
HsVcPPIMLHSTAT	CCSBORF3224	101	CCSBORF842	LW	3	1381G>C	33	NC_000017.11:42325045:C:G	CCSBVarC008821	ENSP00000384943.3:p.Val461Leu	STAT3	ENSG00000168610	BMX
HsVcPPIMLHSTAT	CCSBORF3224	101	CCSBORF842	LW	3	1397A>G	70	NC_000017.11:42325029:T:C	CCSBVarC008869	ENSP00000384943.3:p.Asn466Ser	STAT3	ENSG00000168610	BMX
HsVcPPIMLHSTAT	CCSBORF3224	101	CCSBORF842	LW	3	1492A>G	40	NC_000017.11:42324818:T:C	CCSBVarC008831	ENSP00000384943.3:p.Ile498Val	STAT3	ENSG00000168610	BMX
HsVcPPIMLHSTAT	CCSBORF3224	101	CCSBORF842	LW	3	1909G>A	31	NC_000017.11:42322473:C:T	CCSBVarC008877	ENSP00000384943.3:p.Val637Met	STAT3	ENSG00000168610	BMX
HsVcPPIMLHSTAT	CCSBORF3224	101	CCSBORF842	LW	3	1938C>G	31	NC_000017.11:42322444:G:C	CCSBVarC008864	ENSP00000384943.3:p.Asn646Lys	STAT3	ENSG00000168610	BMX
HsVcPPIMLHSTAT	CCSBORF3224	101	CCSBORF842	LW	3	2101G>A	14	NC_000017.11:42317221:C:T	CCSBVarC008827	ENSP00000384943.3:p.Ala701Thr	STAT3	ENSG00000168610	BMX
HsVcPPIMLHSTAT	CCSBORF3224	101	CCSBORF842	LW	3	2104G>A	49	NC_000017.11:42317218:C:T	CCSBVarC008880	ENSP00000384943.3:p.Ala702Thr	STAT3	ENSG00000168610	BMX
HsVcPPIMLHSTAT	CCSBORF3224	101	CCSBORF842	LW	3	2144C>T	61	NC_000017.11:42316898:G:A	CCSBVarC008889	ENSP00000384943.3:p.Thr715Met	STAT3	ENSG00000168610	BMX
HsVcPPIMLHSTAT	CCSBORF3224	101	CCSBORF842	LW	3	2293G>A	37	NC_000017.11:42315761:C:T	CCSBVarC008824	ENSP00000384943.3:p.Ala765Thr	STAT3	ENSG00000168610	BMX
HsVcPPIMLHSTAT	CCSBORF3224	101	CCSBORF842	LW	3	454C>T	20	NC_000017.11:42339327:G:A	CCSBVarC008883	ENSP00000384943.3:p.Arg152Trp	STAT3	ENSG00000168610	BMX
HsVcPPIMLHSTAT	CCSBORF2713	103	CCSBORF1611	LW	3	REF	532	NULL	NULL	NULL	MLH1	ENSG00000076242	CBY2
HsVcPPIMLHSTAT	CCSBORF2713	103	CCSBORF1611	LW	3	1037A>G	154	NC_000003.12:37020461:A:G	CCSBVarC009930	ENSP00000231790.3:p.Gln346Arg	MLH1	ENSG00000076242	CBY2
HsVcPPIMLHSTAT	CCSBORF2713	103	CCSBORF1611	LW	3	1040C>A	149	NC_000003.12:37025637:C:A	CCSBVarC009777	ENSP00000231790.3:p.Thr347Asn	MLH1	ENSG00000076242	CBY2
HsVcPPIMLHSTAT	CCSBORF2713	103	CCSBORF1611	LW	3	1075A>G	68	NC_000003.12:37025672:A:G	CCSBVarC009805	ENSP00000231790.3:p.Met359Val	MLH1	ENSG00000076242	CBY2
HsVcPPIMLHSTAT	CCSBORF2713	103	CCSBORF1611	LW	3	112A>C	68	NC_000003.12:36993658:A:C	CCSBVarC007374	ENSP00000231790.3:p.Asn38His	MLH1	ENSG00000076242	CBY2
HsVcPPIMLHSTAT	CCSBORF2713	103	CCSBORF1611	LW	3	121G>C	86	NC_000003.12:36996622:G:C	CCSBVarC003192	ENSP00000231790.3:p.Asp41His	MLH1	ENSG00000076242	CBY2
HsVcPPIMLHSTAT	CCSBORF2713	103	CCSBORF1611	LW	3	131C>A	52	NC_000003.12:36996632:C:A	CCSBVarC009856	ENSP00000231790.3:p.Ser44Tyr	MLH1	ENSG00000076242	CBY2
HsVcPPIMLHSTAT	CCSBORF2713	103	CCSBORF1611	LW	3	1667G>T	58	NC_000003.12:37040293:G:T	CCSBVarC009817	ENSP00000231790.3:p.Ser556Ile	MLH1	ENSG00000076242	CBY2
HsVcPPIMLHSTAT	CCSBORF2713	103	CCSBORF1611	LW	3	1676T>C	40	NC_000003.12:37042275:T:C	CCSBVarC007381	ENSP00000231790.3:p.Leu559Pro	MLH1	ENSG00000076242	CBY2
HsVcPPIMLHSTAT	CCSBORF2713	103	CCSBORF1611	LW	3	1799A>G	126	NC_000003.12:37047585:A:G	CCSBVarC009739	ENSP00000231790.3:p.Glu600Gly	MLH1	ENSG00000076242	CBY2
HsVcPPIMLHSTAT	CCSBORF2713	103	CCSBORF1611	LW	3	1820T>A	4	NC_000003.12:37047606:T:A	CCSBVarC009811	ENSP00000231790.3:p.Leu607His	MLH1	ENSG00000076242	CBY2
HsVcPPIMLHSTAT	CCSBORF2713	103	CCSBORF1611	LW	3	1853A>C	35	NC_000003.12:37047639:A:C	CCSBVarC009759	ENSP00000231790.3:p.Lys618Thr	MLH1	ENSG00000076242	CBY2
HsVcPPIMLHSTAT	CCSBORF2713	103	CCSBORF1611	LW	3	1865T>C	117	NC_000003.12:37047651:T:C	CCSBVarC007388	ENSP00000231790.3:p.Leu622Pro	MLH1	ENSG00000076242	CBY2
HsVcPPIMLHSTAT	CCSBORF2713	103	CCSBORF1611	LW	3	199G>T	37	NC_000003.12:36996700:G:T	CCSBVarC009923	ENSP00000231790.3:p.Gly67Trp	MLH1	ENSG00000076242	CBY2
HsVcPPIMLHSTAT	CCSBORF2713	103	CCSBORF1611	LW	3	2074T>C	89	NC_000003.12:37048987:T:C	CCSBVarC009784	ENSP00000231790.3:p.Ser692Pro	MLH1	ENSG00000076242	CBY2
HsVcPPIMLHSTAT	CCSBORF2713	103	CCSBORF1611	LW	3	2103G>C	120	NC_000003.12:37049016:G:C	CCSBVarC007400	ENSP00000231790.3:p.Gln701His	MLH1	ENSG00000076242	CBY2
HsVcPPIMLHSTAT	CCSBORF2713	103	CCSBORF1611	LW	3	2252A>G	91	NC_000003.12:37050633:A:G	CCSBVarC003209	ENSP00000231790.3:p.Lys751Arg	MLH1	ENSG00000076242	CBY2
HsVcPPIMLHSTAT	CCSBORF2713	103	CCSBORF1611	LW	3	394G>C	161	NC_000003.12:37007003:G:C	CCSBVarC009793	ENSP00000231790.3:p.Asp132His	MLH1	ENSG00000076242	CBY2
HsVcPPIMLHSTAT	CCSBORF2713	103	CCSBORF1611	LW	3	62C>T	66	NC_000003.12:36993608:C:T	CCSBVarC009846	ENSP00000231790.3:p.Ala21Val	MLH1	ENSG00000076242	CBY2
HsVcPPIMLHSTAT	CCSBORF2713	103	CCSBORF1611	LW	3	793C>A	165	NC_000003.12:37017507:C:A	CCSBVarC009906	ENSP00000231790.3:p.Arg265Ser	MLH1	ENSG00000076242	CBY2
HsVcPPIMLHSTAT	CCSBORF2713	103	CCSBORF1611	LW	3	803A>G	41	NC_000003.12:37017517:A:G	CCSBVarC009733	ENSP00000231790.3:p.Glu268Gly	MLH1	ENSG00000076242	CBY2
HsVcPPIMLHSTAT	CCSBORF2713	103	CCSBORF1611	LW	3	827T>G	95	NC_000003.12:37017541:T:G	CCSBVarC009914	ENSP00000231790.3:p.Ile276Arg	MLH1	ENSG00000076242	CBY2
HsVcPPIMLHSTAT	CCSBORF2713	103	CCSBORF1611	LW	3	918T>A	85	NC_000003.12:37020342:T:A	CCSBVarC009864	ENSP00000231790.3:p.Asn306Lys	MLH1	ENSG00000076242	CBY2
HsVcPPIMLHSTAT	CCSBORF3224	101	CCSBORF0	LW	1	REF	634	NULL	NULL	NULL	STAT3	ENSG00000168610	empty_AD
HsVcPPIMLHSTAT	CCSBORF3224	101	CCSBORF0	LW	1	1144C>T	247	NC_000017.11:42329642:G:A	CCSBVarC008895	ENSP00000384943.3:p.Arg382Trp	STAT3	ENSG00000168610	empty_AD
HsVcPPIMLHSTAT	CCSBORF3224	101	CCSBORF0	LW	1	1145G>T	169	NC_000017.11:42329641:C:A	CCSBVarC008863	ENSP00000384943.3:p.Arg382Leu	STAT3	ENSG00000168610	empty_AD
HsVcPPIMLHSTAT	CCSBORF3224	101	CCSBORF0	LW	1	1166C>T	42	NC_000017.11:42329620:G:A	CCSBVarC008866	ENSP00000384943.3:p.Thr389Ile	STAT3	ENSG00000168610	empty_AD
HsVcPPIMLHSTAT	CCSBORF3224	101	CCSBORF0	LW	1	1260T>G	136	NC_000017.11:42329430:A:C	CCSBVarC008886	ENSP00000384943.3:p.Asn420Lys	STAT3	ENSG00000168610	empty_AD
HsVcPPIMLHSTAT	CCSBORF3224	101	CCSBORF0	LW	1	1268G>A	200	NC_000017.11:42329422:C:T	CCSBVarC008874	ENSP00000384943.3:p.Arg423Gln	STAT3	ENSG00000168610	empty_AD
HsVcPPIMLHSTAT	CCSBORF3224	101	CCSBORF0	LW	1	1311C>A	276	NC_000017.11:42326169:G:T	CCSBVarC008871	ENSP00000384943.3:p.His437Gln	STAT3	ENSG00000168610	empty_AD
HsVcPPIMLHSTAT	CCSBORF3224	101	CCSBORF0	LW	1	1381G>C	176	NC_000017.11:42325045:C:G	CCSBVarC008821	ENSP00000384943.3:p.Val461Leu	STAT3	ENSG00000168610	empty_AD
HsVcPPIMLHSTAT	CCSBORF3224	101	CCSBORF0	LW	1	1397A>G	211	NC_000017.11:42325029:T:C	CCSBVarC008869	ENSP00000384943.3:p.Asn466Ser	STAT3	ENSG00000168610	empty_AD
HsVcPPIMLHSTAT	CCSBORF3224	101	CCSBORF0	LW	1	1492A>G	253	NC_000017.11:42324818:T:C	CCSBVarC008831	ENSP00000384943.3:p.Ile498Val	STAT3	ENSG00000168610	empty_AD
HsVcPPIMLHSTAT	CCSBORF3224	101	CCSBORF0	LW	1	1909G>A	163	NC_000017.11:42322473:C:T	CCSBVarC008877	ENSP00000384943.3:p.Val637Met	STAT3	ENSG00000168610	empty_AD
HsVcPPIMLHSTAT	CCSBORF3224	101	CCSBORF0	LW	1	1938C>G	178	NC_000017.11:42322444:G:C	CCSBVarC008864	ENSP00000384943.3:p.Asn646Lys	STAT3	ENSG00000168610	empty_AD
HsVcPPIMLHSTAT	CCSBORF3224	101	CCSBORF0	LW	1	2101G>A	164	NC_000017.11:42317221:C:T	CCSBVarC008827	ENSP00000384943.3:p.Ala701Thr	STAT3	ENSG00000168610	empty_AD
HsVcPPIMLHSTAT	CCSBORF3224	101	CCSBORF0	LW	1	2104G>A	297	NC_000017.11:42317218:C:T	CCSBVarC008880	ENSP00000384943.3:p.Ala702Thr	STAT3	ENSG00000168610	empty_AD
HsVcPPIMLHSTAT	CCSBORF3224	101	CCSBORF0	LW	1	2144C>T	188	NC_000017.11:42316898:G:A	CCSBVarC008889	ENSP00000384943.3:p.Thr715Met	STAT3	ENSG00000168610	empty_AD
HsVcPPIMLHSTAT	CCSBORF3224	101	CCSBORF0	LW	1	2293G>A	201	NC_000017.11:42315761:C:T	CCSBVarC008824	ENSP00000384943.3:p.Ala765Thr	STAT3	ENSG00000168610	empty_AD
HsVcPPIMLHSTAT	CCSBORF3224	101	CCSBORF0	LW	1	454C>T	133	NC_000017.11:42339327:G:A	CCSBVarC008883	ENSP00000384943.3:p.Arg152Trp	STAT3	ENSG00000168610	empty_AD
HsVcPPIMLHSTAT	CCSBORF2713	103	CCSBORF2500	LW	1	REF	554	NULL	NULL	NULL	MLH1	ENSG00000076242	ZNF212
HsVcPPIMLHSTAT	CCSBORF2713	103	CCSBORF2500	LW	1	1037A>G	201	NC_000003.12:37020461:A:G	CCSBVarC009930	ENSP00000231790.3:p.Gln346Arg	MLH1	ENSG00000076242	ZNF212
HsVcPPIMLHSTAT	CCSBORF2713	103	CCSBORF2500	LW	1	1040C>A	107	NC_000003.12:37025637:C:A	CCSBVarC009777	ENSP00000231790.3:p.Thr347Asn	MLH1	ENSG00000076242	ZNF212
HsVcPPIMLHSTAT	CCSBORF2713	103	CCSBORF2500	LW	1	1075A>G	109	NC_000003.12:37025672:A:G	CCSBVarC009805	ENSP00000231790.3:p.Met359Val	MLH1	ENSG00000076242	ZNF212
HsVcPPIMLHSTAT	CCSBORF2713	103	CCSBORF2500	LW	1	112A>C	58	NC_000003.12:36993658:A:C	CCSBVarC007374	ENSP00000231790.3:p.Asn38His	MLH1	ENSG00000076242	ZNF212
HsVcPPIMLHSTAT	CCSBORF2713	103	CCSBORF2500	LW	1	121G>C	127	NC_000003.12:36996622:G:C	CCSBVarC003192	ENSP00000231790.3:p.Asp41His	MLH1	ENSG00000076242	ZNF212
HsVcPPIMLHSTAT	CCSBORF2713	103	CCSBORF2500	LW	1	131C>A	94	NC_000003.12:36996632:C:A	CCSBVarC009856	ENSP00000231790.3:p.Ser44Tyr	MLH1	ENSG00000076242	ZNF212
HsVcPPIMLHSTAT	CCSBORF2713	103	CCSBORF2500	LW	1	1667G>T	139	NC_000003.12:37040293:G:T	CCSBVarC009817	ENSP00000231790.3:p.Ser556Ile	MLH1	ENSG00000076242	ZNF212
HsVcPPIMLHSTAT	CCSBORF2713	103	CCSBORF2500	LW	1	1676T>C	125	NC_000003.12:37042275:T:C	CCSBVarC007381	ENSP00000231790.3:p.Leu559Pro	MLH1	ENSG00000076242	ZNF212
HsVcPPIMLHSTAT	CCSBORF2713	103	CCSBORF2500	LW	1	1799A>G	106	NC_000003.12:37047585:A:G	CCSBVarC009739	ENSP00000231790.3:p.Glu600Gly	MLH1	ENSG00000076242	ZNF212
HsVcPPIMLHSTAT	CCSBORF2713	103	CCSBORF2500	LW	1	1820T>A	1	NC_000003.12:37047606:T:A	CCSBVarC009811	ENSP00000231790.3:p.Leu607His	MLH1	ENSG00000076242	ZNF212
HsVcPPIMLHSTAT	CCSBORF2713	103	CCSBORF2500	LW	1	1853A>C	78	NC_000003.12:37047639:A:C	CCSBVarC009759	ENSP00000231790.3:p.Lys618Thr	MLH1	ENSG00000076242	ZNF212
HsVcPPIMLHSTAT	CCSBORF2713	103	CCSBORF2500	LW	1	1865T>C	102	NC_000003.12:37047651:T:C	CCSBVarC007388	ENSP00000231790.3:p.Leu622Pro	MLH1	ENSG00000076242	ZNF212
HsVcPPIMLHSTAT	CCSBORF2713	103	CCSBORF2500	LW	1	199G>T	104	NC_000003.12:36996700:G:T	CCSBVarC009923	ENSP00000231790.3:p.Gly67Trp	MLH1	ENSG00000076242	ZNF212
HsVcPPIMLHSTAT	CCSBORF2713	103	CCSBORF2500	LW	1	2074T>C	148	NC_000003.12:37048987:T:C	CCSBVarC009784	ENSP00000231790.3:p.Ser692Pro	MLH1	ENSG00000076242	ZNF212
HsVcPPIMLHSTAT	CCSBORF2713	103	CCSBORF2500	LW	1	2103G>C	62	NC_000003.12:37049016:G:C	CCSBVarC007400	ENSP00000231790.3:p.Gln701His	MLH1	ENSG00000076242	ZNF212
HsVcPPIMLHSTAT	CCSBORF2713	103	CCSBORF2500	LW	1	2252A>G	130	NC_000003.12:37050633:A:G	CCSBVarC003209	ENSP00000231790.3:p.Lys751Arg	MLH1	ENSG00000076242	ZNF212
HsVcPPIMLHSTAT	CCSBORF2713	103	CCSBORF2500	LW	1	394G>C	117	NC_000003.12:37007003:G:C	CCSBVarC009793	ENSP00000231790.3:p.Asp132His	MLH1	ENSG00000076242	ZNF212
HsVcPPIMLHSTAT	CCSBORF2713	103	CCSBORF2500	LW	1	62C>T	59	NC_000003.12:36993608:C:T	CCSBVarC009846	ENSP00000231790.3:p.Ala21Val	MLH1	ENSG00000076242	ZNF212
HsVcPPIMLHSTAT	CCSBORF2713	103	CCSBORF2500	LW	1	793C>A	205	NC_000003.12:37017507:C:A	CCSBVarC009906	ENSP00000231790.3:p.Arg265Ser	MLH1	ENSG00000076242	ZNF212
HsVcPPIMLHSTAT	CCSBORF2713	103	CCSBORF2500	LW	1	803A>G	82	NC_000003.12:37017517:A:G	CCSBVarC009733	ENSP00000231790.3:p.Glu268Gly	MLH1	ENSG00000076242	ZNF212
HsVcPPIMLHSTAT	CCSBORF2713	103	CCSBORF2500	LW	1	827T>G	100	NC_000003.12:37017541:T:G	CCSBVarC009914	ENSP00000231790.3:p.Ile276Arg	MLH1	ENSG00000076242	ZNF212
HsVcPPIMLHSTAT	CCSBORF2713	103	CCSBORF2500	LW	1	918T>A	48	NC_000003.12:37020342:T:A	CCSBVarC009864	ENSP00000231790.3:p.Asn306Lys	MLH1	ENSG00000076242	ZNF212
HsVcPPIMLHSTAT	CCSBORF3224	101	CCSBORF0	LW	2	REF	567	NULL	NULL	NULL	STAT3	ENSG00000168610	empty_AD
HsVcPPIMLHSTAT	CCSBORF3224	101	CCSBORF0	LW	2	1144C>T	364	NC_000017.11:42329642:G:A	CCSBVarC008895	ENSP00000384943.3:p.Arg382Trp	STAT3	ENSG00000168610	empty_AD
HsVcPPIMLHSTAT	CCSBORF3224	101	CCSBORF0	LW	2	1145G>T	163	NC_000017.11:42329641:C:A	CCSBVarC008863	ENSP00000384943.3:p.Arg382Leu	STAT3	ENSG00000168610	empty_AD
HsVcPPIMLHSTAT	CCSBORF3224	101	CCSBORF0	LW	2	1166C>T	44	NC_000017.11:42329620:G:A	CCSBVarC008866	ENSP00000384943.3:p.Thr389Ile	STAT3	ENSG00000168610	empty_AD
HsVcPPIMLHSTAT	CCSBORF3224	101	CCSBORF0	LW	2	1260T>G	102	NC_000017.11:42329430:A:C	CCSBVarC008886	ENSP00000384943.3:p.Asn420Lys	STAT3	ENSG00000168610	empty_AD
HsVcPPIMLHSTAT	CCSBORF3224	101	CCSBORF0	LW	2	1268G>A	234	NC_000017.11:42329422:C:T	CCSBVarC008874	ENSP00000384943.3:p.Arg423Gln	STAT3	ENSG00000168610	empty_AD
HsVcPPIMLHSTAT	CCSBORF3224	101	CCSBORF0	LW	2	1311C>A	323	NC_000017.11:42326169:G:T	CCSBVarC008871	ENSP00000384943.3:p.His437Gln	STAT3	ENSG00000168610	empty_AD
HsVcPPIMLHSTAT	CCSBORF3224	101	CCSBORF0	LW	2	1381G>C	290	NC_000017.11:42325045:C:G	CCSBVarC008821	ENSP00000384943.3:p.Val461Leu	STAT3	ENSG00000168610	empty_AD
HsVcPPIMLHSTAT	CCSBORF3224	101	CCSBORF0	LW	2	1397A>G	388	NC_000017.11:42325029:T:C	CCSBVarC008869	ENSP00000384943.3:p.Asn466Ser	STAT3	ENSG00000168610	empty_AD
HsVcPPIMLHSTAT	CCSBORF3224	101	CCSBORF0	LW	2	1492A>G	332	NC_000017.11:42324818:T:C	CCSBVarC008831	ENSP00000384943.3:p.Ile498Val	STAT3	ENSG00000168610	empty_AD
HsVcPPIMLHSTAT	CCSBORF3224	101	CCSBORF0	LW	2	1909G>A	249	NC_000017.11:42322473:C:T	CCSBVarC008877	ENSP00000384943.3:p.Val637Met	STAT3	ENSG00000168610	empty_AD
HsVcPPIMLHSTAT	CCSBORF3224	101	CCSBORF0	LW	2	1938C>G	182	NC_000017.11:42322444:G:C	CCSBVarC008864	ENSP00000384943.3:p.Asn646Lys	STAT3	ENSG00000168610	empty_AD
HsVcPPIMLHSTAT	CCSBORF3224	101	CCSBORF0	LW	2	2101G>A	201	NC_000017.11:42317221:C:T	CCSBVarC008827	ENSP00000384943.3:p.Ala701Thr	STAT3	ENSG00000168610	empty_AD
HsVcPPIMLHSTAT	CCSBORF3224	101	CCSBORF0	LW	2	2104G>A	293	NC_000017.11:42317218:C:T	CCSBVarC008880	ENSP00000384943.3:p.Ala702Thr	STAT3	ENSG00000168610	empty_AD
HsVcPPIMLHSTAT	CCSBORF3224	101	CCSBORF0	LW	2	2144C>T	196	NC_000017.11:42316898:G:A	CCSBVarC008889	ENSP00000384943.3:p.Thr715Met	STAT3	ENSG00000168610	empty_AD
HsVcPPIMLHSTAT	CCSBORF3224	101	CCSBORF0	LW	2	2293G>A	173	NC_000017.11:42315761:C:T	CCSBVarC008824	ENSP00000384943.3:p.Ala765Thr	STAT3	ENSG00000168610	empty_AD
HsVcPPIMLHSTAT	CCSBORF3224	101	CCSBORF0	LW	2	454C>T	187	NC_000017.11:42339327:G:A	CCSBVarC008883	ENSP00000384943.3:p.Arg152Trp	STAT3	ENSG00000168610	empty_AD
HsVcPPIMLHSTAT	CCSBORF2713	103	CCSBORF2500	LW	2	REF	508	NULL	NULL	NULL	MLH1	ENSG00000076242	ZNF212
HsVcPPIMLHSTAT	CCSBORF2713	103	CCSBORF2500	LW	2	1037A>G	227	NC_000003.12:37020461:A:G	CCSBVarC009930	ENSP00000231790.3:p.Gln346Arg	MLH1	ENSG00000076242	ZNF212
HsVcPPIMLHSTAT	CCSBORF2713	103	CCSBORF2500	LW	2	1040C>A	137	NC_000003.12:37025637:C:A	CCSBVarC009777	ENSP00000231790.3:p.Thr347Asn	MLH1	ENSG00000076242	ZNF212
HsVcPPIMLHSTAT	CCSBORF2713	103	CCSBORF2500	LW	2	1075A>G	48	NC_000003.12:37025672:A:G	CCSBVarC009805	ENSP00000231790.3:p.Met359Val	MLH1	ENSG00000076242	ZNF212
HsVcPPIMLHSTAT	CCSBORF2713	103	CCSBORF2500	LW	2	112A>C	84	NC_000003.12:36993658:A:C	CCSBVarC007374	ENSP00000231790.3:p.Asn38His	MLH1	ENSG00000076242	ZNF212
HsVcPPIMLHSTAT	CCSBORF2713	103	CCSBORF2500	LW	2	121G>C	145	NC_000003.12:36996622:G:C	CCSBVarC003192	ENSP00000231790.3:p.Asp41His	MLH1	ENSG00000076242	ZNF212
HsVcPPIMLHSTAT	CCSBORF2713	103	CCSBORF2500	LW	2	131C>A	94	NC_000003.12:36996632:C:A	CCSBVarC009856	ENSP00000231790.3:p.Ser44Tyr	MLH1	ENSG00000076242	ZNF212
HsVcPPIMLHSTAT	CCSBORF2713	103	CCSBORF2500	LW	2	1667G>T	111	NC_000003.12:37040293:G:T	CCSBVarC009817	ENSP00000231790.3:p.Ser556Ile	MLH1	ENSG00000076242	ZNF212
HsVcPPIMLHSTAT	CCSBORF2713	103	CCSBORF2500	LW	2	1676T>C	92	NC_000003.12:37042275:T:C	CCSBVarC007381	ENSP00000231790.3:p.Leu559Pro	MLH1	ENSG00000076242	ZNF212
HsVcPPIMLHSTAT	CCSBORF2713	103	CCSBORF2500	LW	2	1799A>G	77	NC_000003.12:37047585:A:G	CCSBVarC009739	ENSP00000231790.3:p.Glu600Gly	MLH1	ENSG00000076242	ZNF212
HsVcPPIMLHSTAT	CCSBORF2713	103	CCSBORF2500	LW	2	1820T>A	3	NC_000003.12:37047606:T:A	CCSBVarC009811	ENSP00000231790.3:p.Leu607His	MLH1	ENSG00000076242	ZNF212
HsVcPPIMLHSTAT	CCSBORF2713	103	CCSBORF2500	LW	2	1853A>C	57	NC_000003.12:37047639:A:C	CCSBVarC009759	ENSP00000231790.3:p.Lys618Thr	MLH1	ENSG00000076242	ZNF212
HsVcPPIMLHSTAT	CCSBORF2713	103	CCSBORF2500	LW	2	1865T>C	96	NC_000003.12:37047651:T:C	CCSBVarC007388	ENSP00000231790.3:p.Leu622Pro	MLH1	ENSG00000076242	ZNF212
HsVcPPIMLHSTAT	CCSBORF2713	103	CCSBORF2500	LW	2	199G>T	52	NC_000003.12:36996700:G:T	CCSBVarC009923	ENSP00000231790.3:p.Gly67Trp	MLH1	ENSG00000076242	ZNF212
HsVcPPIMLHSTAT	CCSBORF2713	103	CCSBORF2500	LW	2	2074T>C	116	NC_000003.12:37048987:T:C	CCSBVarC009784	ENSP00000231790.3:p.Ser692Pro	MLH1	ENSG00000076242	ZNF212
HsVcPPIMLHSTAT	CCSBORF2713	103	CCSBORF2500	LW	2	2103G>C	64	NC_000003.12:37049016:G:C	CCSBVarC007400	ENSP00000231790.3:p.Gln701His	MLH1	ENSG00000076242	ZNF212
HsVcPPIMLHSTAT	CCSBORF2713	103	CCSBORF2500	LW	2	2252A>G	164	NC_000003.12:37050633:A:G	CCSBVarC003209	ENSP00000231790.3:p.Lys751Arg	MLH1	ENSG00000076242	ZNF212
HsVcPPIMLHSTAT	CCSBORF2713	103	CCSBORF2500	LW	2	394G>C	106	NC_000003.12:37007003:G:C	CCSBVarC009793	ENSP00000231790.3:p.Asp132His	MLH1	ENSG00000076242	ZNF212
HsVcPPIMLHSTAT	CCSBORF2713	103	CCSBORF2500	LW	2	62C>T	55	NC_000003.12:36993608:C:T	CCSBVarC009846	ENSP00000231790.3:p.Ala21Val	MLH1	ENSG00000076242	ZNF212
HsVcPPIMLHSTAT	CCSBORF2713	103	CCSBORF2500	LW	2	793C>A	151	NC_000003.12:37017507:C:A	CCSBVarC009906	ENSP00000231790.3:p.Arg265Ser	MLH1	ENSG00000076242	ZNF212
HsVcPPIMLHSTAT	CCSBORF2713	103	CCSBORF2500	LW	2	803A>G	116	NC_000003.12:37017517:A:G	CCSBVarC009733	ENSP00000231790.3:p.Glu268Gly	MLH1	ENSG00000076242	ZNF212
HsVcPPIMLHSTAT	CCSBORF2713	103	CCSBORF2500	LW	2	827T>G	85	NC_000003.12:37017541:T:G	CCSBVarC009914	ENSP00000231790.3:p.Ile276Arg	MLH1	ENSG00000076242	ZNF212
HsVcPPIMLHSTAT	CCSBORF2713	103	CCSBORF2500	LW	2	918T>A	77	NC_000003.12:37020342:T:A	CCSBVarC009864	ENSP00000231790.3:p.Asn306Lys	MLH1	ENSG00000076242	ZNF212
HsVcPPIMLHSTAT	CCSBORF3224	101	CCSBORF0	LW	3	REF	533	NULL	NULL	NULL	STAT3	ENSG00000168610	empty_AD
HsVcPPIMLHSTAT	CCSBORF3224	101	CCSBORF0	LW	3	1144C>T	254	NC_000017.11:42329642:G:A	CCSBVarC008895	ENSP00000384943.3:p.Arg382Trp	STAT3	ENSG00000168610	empty_AD
HsVcPPIMLHSTAT	CCSBORF3224	101	CCSBORF0	LW	3	1145G>T	121	NC_000017.11:42329641:C:A	CCSBVarC008863	ENSP00000384943.3:p.Arg382Leu	STAT3	ENSG00000168610	empty_AD
HsVcPPIMLHSTAT	CCSBORF3224	101	CCSBORF0	LW	3	1166C>T	41	NC_000017.11:42329620:G:A	CCSBVarC008866	ENSP00000384943.3:p.Thr389Ile	STAT3	ENSG00000168610	empty_AD
HsVcPPIMLHSTAT	CCSBORF3224	101	CCSBORF0	LW	3	1260T>G	105	NC_000017.11:42329430:A:C	CCSBVarC008886	ENSP00000384943.3:p.Asn420Lys	STAT3	ENSG00000168610	empty_AD
HsVcPPIMLHSTAT	CCSBORF3224	101	CCSBORF0	LW	3	1268G>A	182	NC_000017.11:42329422:C:T	CCSBVarC008874	ENSP00000384943.3:p.Arg423Gln	STAT3	ENSG00000168610	empty_AD
HsVcPPIMLHSTAT	CCSBORF3224	101	CCSBORF0	LW	3	1311C>A	445	NC_000017.11:42326169:G:T	CCSBVarC008871	ENSP00000384943.3:p.His437Gln	STAT3	ENSG00000168610	empty_AD
HsVcPPIMLHSTAT	CCSBORF3224	101	CCSBORF0	LW	3	1381G>C	194	NC_000017.11:42325045:C:G	CCSBVarC008821	ENSP00000384943.3:p.Val461Leu	STAT3	ENSG00000168610	empty_AD
HsVcPPIMLHSTAT	CCSBORF3224	101	CCSBORF0	LW	3	1397A>G	230	NC_000017.11:42325029:T:C	CCSBVarC008869	ENSP00000384943.3:p.Asn466Ser	STAT3	ENSG00000168610	empty_AD
HsVcPPIMLHSTAT	CCSBORF3224	101	CCSBORF0	LW	3	1492A>G	198	NC_000017.11:42324818:T:C	CCSBVarC008831	ENSP00000384943.3:p.Ile498Val	STAT3	ENSG00000168610	empty_AD
HsVcPPIMLHSTAT	CCSBORF3224	101	CCSBORF0	LW	3	1909G>A	212	NC_000017.11:42322473:C:T	CCSBVarC008877	ENSP00000384943.3:p.Val637Met	STAT3	ENSG00000168610	empty_AD
HsVcPPIMLHSTAT	CCSBORF3224	101	CCSBORF0	LW	3	1938C>G	232	NC_000017.11:42322444:G:C	CCSBVarC008864	ENSP00000384943.3:p.Asn646Lys	STAT3	ENSG00000168610	empty_AD
HsVcPPIMLHSTAT	CCSBORF3224	101	CCSBORF0	LW	3	2101G>A	189	NC_000017.11:42317221:C:T	CCSBVarC008827	ENSP00000384943.3:p.Ala701Thr	STAT3	ENSG00000168610	empty_AD
HsVcPPIMLHSTAT	CCSBORF3224	101	CCSBORF0	LW	3	2104G>A	390	NC_000017.11:42317218:C:T	CCSBVarC008880	ENSP00000384943.3:p.Ala702Thr	STAT3	ENSG00000168610	empty_AD
HsVcPPIMLHSTAT	CCSBORF3224	101	CCSBORF0	LW	3	2144C>T	146	NC_000017.11:42316898:G:A	CCSBVarC008889	ENSP00000384943.3:p.Thr715Met	STAT3	ENSG00000168610	empty_AD
HsVcPPIMLHSTAT	CCSBORF3224	101	CCSBORF0	LW	3	2293G>A	151	NC_000017.11:42315761:C:T	CCSBVarC008824	ENSP00000384943.3:p.Ala765Thr	STAT3	ENSG00000168610	empty_AD
HsVcPPIMLHSTAT	CCSBORF3224	101	CCSBORF0	LW	3	454C>T	165	NC_000017.11:42339327:G:A	CCSBVarC008883	ENSP00000384943.3:p.Arg152Trp	STAT3	ENSG00000168610	empty_AD
HsVcPPIMLHSTAT	CCSBORF2713	103	CCSBORF2500	LW	3	REF	733	NULL	NULL	NULL	MLH1	ENSG00000076242	ZNF212
HsVcPPIMLHSTAT	CCSBORF2713	103	CCSBORF2500	LW	3	1037A>G	192	NC_000003.12:37020461:A:G	CCSBVarC009930	ENSP00000231790.3:p.Gln346Arg	MLH1	ENSG00000076242	ZNF212
HsVcPPIMLHSTAT	CCSBORF2713	103	CCSBORF2500	LW	3	1040C>A	172	NC_000003.12:37025637:C:A	CCSBVarC009777	ENSP00000231790.3:p.Thr347Asn	MLH1	ENSG00000076242	ZNF212
HsVcPPIMLHSTAT	CCSBORF2713	103	CCSBORF2500	LW	3	1075A>G	82	NC_000003.12:37025672:A:G	CCSBVarC009805	ENSP00000231790.3:p.Met359Val	MLH1	ENSG00000076242	ZNF212
HsVcPPIMLHSTAT	CCSBORF2713	103	CCSBORF2500	LW	3	112A>C	131	NC_000003.12:36993658:A:C	CCSBVarC007374	ENSP00000231790.3:p.Asn38His	MLH1	ENSG00000076242	ZNF212
HsVcPPIMLHSTAT	CCSBORF2713	103	CCSBORF2500	LW	3	121G>C	130	NC_000003.12:36996622:G:C	CCSBVarC003192	ENSP00000231790.3:p.Asp41His	MLH1	ENSG00000076242	ZNF212
HsVcPPIMLHSTAT	CCSBORF2713	103	CCSBORF2500	LW	3	131C>A	74	NC_000003.12:36996632:C:A	CCSBVarC009856	ENSP00000231790.3:p.Ser44Tyr	MLH1	ENSG00000076242	ZNF212
HsVcPPIMLHSTAT	CCSBORF2713	103	CCSBORF2500	LW	3	1667G>T	128	NC_000003.12:37040293:G:T	CCSBVarC009817	ENSP00000231790.3:p.Ser556Ile	MLH1	ENSG00000076242	ZNF212
HsVcPPIMLHSTAT	CCSBORF2713	103	CCSBORF2500	LW	3	1676T>C	172	NC_000003.12:37042275:T:C	CCSBVarC007381	ENSP00000231790.3:p.Leu559Pro	MLH1	ENSG00000076242	ZNF212
HsVcPPIMLHSTAT	CCSBORF2713	103	CCSBORF2500	LW	3	1799A>G	144	NC_000003.12:37047585:A:G	CCSBVarC009739	ENSP00000231790.3:p.Glu600Gly	MLH1	ENSG00000076242	ZNF212
HsVcPPIMLHSTAT	CCSBORF2713	103	CCSBORF2500	LW	3	1820T>A	6	NC_000003.12:37047606:T:A	CCSBVarC009811	ENSP00000231790.3:p.Leu607His	MLH1	ENSG00000076242	ZNF212
HsVcPPIMLHSTAT	CCSBORF2713	103	CCSBORF2500	LW	3	1853A>C	109	NC_000003.12:37047639:A:C	CCSBVarC009759	ENSP00000231790.3:p.Lys618Thr	MLH1	ENSG00000076242	ZNF212
HsVcPPIMLHSTAT	CCSBORF2713	103	CCSBORF2500	LW	3	1865T>C	191	NC_000003.12:37047651:T:C	CCSBVarC007388	ENSP00000231790.3:p.Leu622Pro	MLH1	ENSG00000076242	ZNF212
HsVcPPIMLHSTAT	CCSBORF2713	103	CCSBORF2500	LW	3	199G>T	41	NC_000003.12:36996700:G:T	CCSBVarC009923	ENSP00000231790.3:p.Gly67Trp	MLH1	ENSG00000076242	ZNF212
HsVcPPIMLHSTAT	CCSBORF2713	103	CCSBORF2500	LW	3	2074T>C	219	NC_000003.12:37048987:T:C	CCSBVarC009784	ENSP00000231790.3:p.Ser692Pro	MLH1	ENSG00000076242	ZNF212
HsVcPPIMLHSTAT	CCSBORF2713	103	CCSBORF2500	LW	3	2103G>C	92	NC_000003.12:37049016:G:C	CCSBVarC007400	ENSP00000231790.3:p.Gln701His	MLH1	ENSG00000076242	ZNF212
HsVcPPIMLHSTAT	CCSBORF2713	103	CCSBORF2500	LW	3	2252A>G	115	NC_000003.12:37050633:A:G	CCSBVarC003209	ENSP00000231790.3:p.Lys751Arg	MLH1	ENSG00000076242	ZNF212
HsVcPPIMLHSTAT	CCSBORF2713	103	CCSBORF2500	LW	3	394G>C	223	NC_000003.12:37007003:G:C	CCSBVarC009793	ENSP00000231790.3:p.Asp132His	MLH1	ENSG00000076242	ZNF212
HsVcPPIMLHSTAT	CCSBORF2713	103	CCSBORF2500	LW	3	62C>T	57	NC_000003.12:36993608:C:T	CCSBVarC009846	ENSP00000231790.3:p.Ala21Val	MLH1	ENSG00000076242	ZNF212
HsVcPPIMLHSTAT	CCSBORF2713	103	CCSBORF2500	LW	3	793C>A	276	NC_000003.12:37017507:C:A	CCSBVarC009906	ENSP00000231790.3:p.Arg265Ser	MLH1	ENSG00000076242	ZNF212
HsVcPPIMLHSTAT	CCSBORF2713	103	CCSBORF2500	LW	3	803A>G	119	NC_000003.12:37017517:A:G	CCSBVarC009733	ENSP00000231790.3:p.Glu268Gly	MLH1	ENSG00000076242	ZNF212
HsVcPPIMLHSTAT	CCSBORF2713	103	CCSBORF2500	LW	3	827T>G	139	NC_000003.12:37017541:T:G	CCSBVarC009914	ENSP00000231790.3:p.Ile276Arg	MLH1	ENSG00000076242	ZNF212
HsVcPPIMLHSTAT	CCSBORF2713	103	CCSBORF2500	LW	3	918T>A	129	NC_000003.12:37020342:T:A	CCSBVarC009864	ENSP00000231790.3:p.Asn306Lys	MLH1	ENSG00000076242	ZNF212
HsVcPPIMLHSTAT	CCSBORF2713	103	CCSBORF6552	LW	1	REF	671	NULL	NULL	NULL	MLH1	ENSG00000076242	MAGEA8
HsVcPPIMLHSTAT	CCSBORF2713	103	CCSBORF6552	LW	1	1037A>G	283	NC_000003.12:37020461:A:G	CCSBVarC009930	ENSP00000231790.3:p.Gln346Arg	MLH1	ENSG00000076242	MAGEA8
HsVcPPIMLHSTAT	CCSBORF2713	103	CCSBORF6552	LW	1	1040C>A	183	NC_000003.12:37025637:C:A	CCSBVarC009777	ENSP00000231790.3:p.Thr347Asn	MLH1	ENSG00000076242	MAGEA8
HsVcPPIMLHSTAT	CCSBORF2713	103	CCSBORF6552	LW	1	1075A>G	90	NC_000003.12:37025672:A:G	CCSBVarC009805	ENSP00000231790.3:p.Met359Val	MLH1	ENSG00000076242	MAGEA8
HsVcPPIMLHSTAT	CCSBORF2713	103	CCSBORF6552	LW	1	112A>C	62	NC_000003.12:36993658:A:C	CCSBVarC007374	ENSP00000231790.3:p.Asn38His	MLH1	ENSG00000076242	MAGEA8
HsVcPPIMLHSTAT	CCSBORF2713	103	CCSBORF6552	LW	1	121G>C	162	NC_000003.12:36996622:G:C	CCSBVarC003192	ENSP00000231790.3:p.Asp41His	MLH1	ENSG00000076242	MAGEA8
HsVcPPIMLHSTAT	CCSBORF2713	103	CCSBORF6552	LW	1	131C>A	70	NC_000003.12:36996632:C:A	CCSBVarC009856	ENSP00000231790.3:p.Ser44Tyr	MLH1	ENSG00000076242	MAGEA8
HsVcPPIMLHSTAT	CCSBORF2713	103	CCSBORF6552	LW	1	1667G>T	67	NC_000003.12:37040293:G:T	CCSBVarC009817	ENSP00000231790.3:p.Ser556Ile	MLH1	ENSG00000076242	MAGEA8
HsVcPPIMLHSTAT	CCSBORF2713	103	CCSBORF6552	LW	1	1676T>C	135	NC_000003.12:37042275:T:C	CCSBVarC007381	ENSP00000231790.3:p.Leu559Pro	MLH1	ENSG00000076242	MAGEA8
HsVcPPIMLHSTAT	CCSBORF2713	103	CCSBORF6552	LW	1	1799A>G	176	NC_000003.12:37047585:A:G	CCSBVarC009739	ENSP00000231790.3:p.Glu600Gly	MLH1	ENSG00000076242	MAGEA8
HsVcPPIMLHSTAT	CCSBORF2713	103	CCSBORF6552	LW	1	1820T>A	0	NC_000003.12:37047606:T:A	CCSBVarC009811	ENSP00000231790.3:p.Leu607His	MLH1	ENSG00000076242	MAGEA8
HsVcPPIMLHSTAT	CCSBORF2713	103	CCSBORF6552	LW	1	1853A>C	93	NC_000003.12:37047639:A:C	CCSBVarC009759	ENSP00000231790.3:p.Lys618Thr	MLH1	ENSG00000076242	MAGEA8
HsVcPPIMLHSTAT	CCSBORF2713	103	CCSBORF6552	LW	1	1865T>C	95	NC_000003.12:37047651:T:C	CCSBVarC007388	ENSP00000231790.3:p.Leu622Pro	MLH1	ENSG00000076242	MAGEA8
HsVcPPIMLHSTAT	CCSBORF2713	103	CCSBORF6552	LW	1	199G>T	43	NC_000003.12:36996700:G:T	CCSBVarC009923	ENSP00000231790.3:p.Gly67Trp	MLH1	ENSG00000076242	MAGEA8
HsVcPPIMLHSTAT	CCSBORF2713	103	CCSBORF6552	LW	1	2074T>C	142	NC_000003.12:37048987:T:C	CCSBVarC009784	ENSP00000231790.3:p.Ser692Pro	MLH1	ENSG00000076242	MAGEA8
HsVcPPIMLHSTAT	CCSBORF2713	103	CCSBORF6552	LW	1	2103G>C	131	NC_000003.12:37049016:G:C	CCSBVarC007400	ENSP00000231790.3:p.Gln701His	MLH1	ENSG00000076242	MAGEA8
HsVcPPIMLHSTAT	CCSBORF2713	103	CCSBORF6552	LW	1	2252A>G	226	NC_000003.12:37050633:A:G	CCSBVarC003209	ENSP00000231790.3:p.Lys751Arg	MLH1	ENSG00000076242	MAGEA8
HsVcPPIMLHSTAT	CCSBORF2713	103	CCSBORF6552	LW	1	394G>C	122	NC_000003.12:37007003:G:C	CCSBVarC009793	ENSP00000231790.3:p.Asp132His	MLH1	ENSG00000076242	MAGEA8
HsVcPPIMLHSTAT	CCSBORF2713	103	CCSBORF6552	LW	1	62C>T	101	NC_000003.12:36993608:C:T	CCSBVarC009846	ENSP00000231790.3:p.Ala21Val	MLH1	ENSG00000076242	MAGEA8
HsVcPPIMLHSTAT	CCSBORF2713	103	CCSBORF6552	LW	1	793C>A	214	NC_000003.12:37017507:C:A	CCSBVarC009906	ENSP00000231790.3:p.Arg265Ser	MLH1	ENSG00000076242	MAGEA8
HsVcPPIMLHSTAT	CCSBORF2713	103	CCSBORF6552	LW	1	803A>G	88	NC_000003.12:37017517:A:G	CCSBVarC009733	ENSP00000231790.3:p.Glu268Gly	MLH1	ENSG00000076242	MAGEA8
HsVcPPIMLHSTAT	CCSBORF2713	103	CCSBORF6552	LW	1	827T>G	62	NC_000003.12:37017541:T:G	CCSBVarC009914	ENSP00000231790.3:p.Ile276Arg	MLH1	ENSG00000076242	MAGEA8
HsVcPPIMLHSTAT	CCSBORF2713	103	CCSBORF6552	LW	1	918T>A	77	NC_000003.12:37020342:T:A	CCSBVarC009864	ENSP00000231790.3:p.Asn306Lys	MLH1	ENSG00000076242	MAGEA8
HsVcPPIMLHSTAT	CCSBORF2713	103	CCSBORF40080658	LW	1	REF	692	NULL	NULL	NULL	MLH1	ENSG00000076242	PER2
HsVcPPIMLHSTAT	CCSBORF2713	103	CCSBORF40080658	LW	1	1037A>G	278	NC_000003.12:37020461:A:G	CCSBVarC009930	ENSP00000231790.3:p.Gln346Arg	MLH1	ENSG00000076242	PER2
HsVcPPIMLHSTAT	CCSBORF2713	103	CCSBORF40080658	LW	1	1040C>A	114	NC_000003.12:37025637:C:A	CCSBVarC009777	ENSP00000231790.3:p.Thr347Asn	MLH1	ENSG00000076242	PER2
HsVcPPIMLHSTAT	CCSBORF2713	103	CCSBORF40080658	LW	1	1075A>G	82	NC_000003.12:37025672:A:G	CCSBVarC009805	ENSP00000231790.3:p.Met359Val	MLH1	ENSG00000076242	PER2
HsVcPPIMLHSTAT	CCSBORF2713	103	CCSBORF40080658	LW	1	112A>C	78	NC_000003.12:36993658:A:C	CCSBVarC007374	ENSP00000231790.3:p.Asn38His	MLH1	ENSG00000076242	PER2
HsVcPPIMLHSTAT	CCSBORF2713	103	CCSBORF40080658	LW	1	121G>C	199	NC_000003.12:36996622:G:C	CCSBVarC003192	ENSP00000231790.3:p.Asp41His	MLH1	ENSG00000076242	PER2
HsVcPPIMLHSTAT	CCSBORF2713	103	CCSBORF40080658	LW	1	131C>A	67	NC_000003.12:36996632:C:A	CCSBVarC009856	ENSP00000231790.3:p.Ser44Tyr	MLH1	ENSG00000076242	PER2
HsVcPPIMLHSTAT	CCSBORF2713	103	CCSBORF40080658	LW	1	1667G>T	71	NC_000003.12:37040293:G:T	CCSBVarC009817	ENSP00000231790.3:p.Ser556Ile	MLH1	ENSG00000076242	PER2
HsVcPPIMLHSTAT	CCSBORF2713	103	CCSBORF40080658	LW	1	1676T>C	76	NC_000003.12:37042275:T:C	CCSBVarC007381	ENSP00000231790.3:p.Leu559Pro	MLH1	ENSG00000076242	PER2
HsVcPPIMLHSTAT	CCSBORF2713	103	CCSBORF40080658	LW	1	1799A>G	174	NC_000003.12:37047585:A:G	CCSBVarC009739	ENSP00000231790.3:p.Glu600Gly	MLH1	ENSG00000076242	PER2
HsVcPPIMLHSTAT	CCSBORF2713	103	CCSBORF40080658	LW	1	1820T>A	2	NC_000003.12:37047606:T:A	CCSBVarC009811	ENSP00000231790.3:p.Leu607His	MLH1	ENSG00000076242	PER2
HsVcPPIMLHSTAT	CCSBORF2713	103	CCSBORF40080658	LW	1	1853A>C	84	NC_000003.12:37047639:A:C	CCSBVarC009759	ENSP00000231790.3:p.Lys618Thr	MLH1	ENSG00000076242	PER2
HsVcPPIMLHSTAT	CCSBORF2713	103	CCSBORF40080658	LW	1	1865T>C	86	NC_000003.12:37047651:T:C	CCSBVarC007388	ENSP00000231790.3:p.Leu622Pro	MLH1	ENSG00000076242	PER2
HsVcPPIMLHSTAT	CCSBORF2713	103	CCSBORF40080658	LW	1	199G>T	57	NC_000003.12:36996700:G:T	CCSBVarC009923	ENSP00000231790.3:p.Gly67Trp	MLH1	ENSG00000076242	PER2
HsVcPPIMLHSTAT	CCSBORF2713	103	CCSBORF40080658	LW	1	2074T>C	171	NC_000003.12:37048987:T:C	CCSBVarC009784	ENSP00000231790.3:p.Ser692Pro	MLH1	ENSG00000076242	PER2
HsVcPPIMLHSTAT	CCSBORF2713	103	CCSBORF40080658	LW	1	2103G>C	140	NC_000003.12:37049016:G:C	CCSBVarC007400	ENSP00000231790.3:p.Gln701His	MLH1	ENSG00000076242	PER2
HsVcPPIMLHSTAT	CCSBORF2713	103	CCSBORF40080658	LW	1	2252A>G	211	NC_000003.12:37050633:A:G	CCSBVarC003209	ENSP00000231790.3:p.Lys751Arg	MLH1	ENSG00000076242	PER2
HsVcPPIMLHSTAT	CCSBORF2713	103	CCSBORF40080658	LW	1	394G>C	161	NC_000003.12:37007003:G:C	CCSBVarC009793	ENSP00000231790.3:p.Asp132His	MLH1	ENSG00000076242	PER2
HsVcPPIMLHSTAT	CCSBORF2713	103	CCSBORF40080658	LW	1	62C>T	82	NC_000003.12:36993608:C:T	CCSBVarC009846	ENSP00000231790.3:p.Ala21Val	MLH1	ENSG00000076242	PER2
HsVcPPIMLHSTAT	CCSBORF2713	103	CCSBORF40080658	LW	1	793C>A	246	NC_000003.12:37017507:C:A	CCSBVarC009906	ENSP00000231790.3:p.Arg265Ser	MLH1	ENSG00000076242	PER2
HsVcPPIMLHSTAT	CCSBORF2713	103	CCSBORF40080658	LW	1	803A>G	116	NC_000003.12:37017517:A:G	CCSBVarC009733	ENSP00000231790.3:p.Glu268Gly	MLH1	ENSG00000076242	PER2
HsVcPPIMLHSTAT	CCSBORF2713	103	CCSBORF40080658	LW	1	827T>G	88	NC_000003.12:37017541:T:G	CCSBVarC009914	ENSP00000231790.3:p.Ile276Arg	MLH1	ENSG00000076242	PER2
HsVcPPIMLHSTAT	CCSBORF2713	103	CCSBORF40080658	LW	1	918T>A	49	NC_000003.12:37020342:T:A	CCSBVarC009864	ENSP00000231790.3:p.Asn306Lys	MLH1	ENSG00000076242	PER2
HsVcPPIMLHSTAT	CCSBORF2713	103	CCSBORF6552	LW	2	REF	414	NULL	NULL	NULL	MLH1	ENSG00000076242	MAGEA8
HsVcPPIMLHSTAT	CCSBORF2713	103	CCSBORF6552	LW	2	1037A>G	198	NC_000003.12:37020461:A:G	CCSBVarC009930	ENSP00000231790.3:p.Gln346Arg	MLH1	ENSG00000076242	MAGEA8
HsVcPPIMLHSTAT	CCSBORF2713	103	CCSBORF6552	LW	2	1040C>A	129	NC_000003.12:37025637:C:A	CCSBVarC009777	ENSP00000231790.3:p.Thr347Asn	MLH1	ENSG00000076242	MAGEA8
HsVcPPIMLHSTAT	CCSBORF2713	103	CCSBORF6552	LW	2	1075A>G	61	NC_000003.12:37025672:A:G	CCSBVarC009805	ENSP00000231790.3:p.Met359Val	MLH1	ENSG00000076242	MAGEA8
HsVcPPIMLHSTAT	CCSBORF2713	103	CCSBORF6552	LW	2	112A>C	68	NC_000003.12:36993658:A:C	CCSBVarC007374	ENSP00000231790.3:p.Asn38His	MLH1	ENSG00000076242	MAGEA8
HsVcPPIMLHSTAT	CCSBORF2713	103	CCSBORF6552	LW	2	121G>C	122	NC_000003.12:36996622:G:C	CCSBVarC003192	ENSP00000231790.3:p.Asp41His	MLH1	ENSG00000076242	MAGEA8
HsVcPPIMLHSTAT	CCSBORF2713	103	CCSBORF6552	LW	2	131C>A	70	NC_000003.12:36996632:C:A	CCSBVarC009856	ENSP00000231790.3:p.Ser44Tyr	MLH1	ENSG00000076242	MAGEA8
HsVcPPIMLHSTAT	CCSBORF2713	103	CCSBORF6552	LW	2	1667G>T	66	NC_000003.12:37040293:G:T	CCSBVarC009817	ENSP00000231790.3:p.Ser556Ile	MLH1	ENSG00000076242	MAGEA8
HsVcPPIMLHSTAT	CCSBORF2713	103	CCSBORF6552	LW	2	1676T>C	42	NC_000003.12:37042275:T:C	CCSBVarC007381	ENSP00000231790.3:p.Leu559Pro	MLH1	ENSG00000076242	MAGEA8
HsVcPPIMLHSTAT	CCSBORF2713	103	CCSBORF6552	LW	2	1799A>G	52	NC_000003.12:37047585:A:G	CCSBVarC009739	ENSP00000231790.3:p.Glu600Gly	MLH1	ENSG00000076242	MAGEA8
HsVcPPIMLHSTAT	CCSBORF2713	103	CCSBORF6552	LW	2	1820T>A	0	NC_000003.12:37047606:T:A	CCSBVarC009811	ENSP00000231790.3:p.Leu607His	MLH1	ENSG00000076242	MAGEA8
HsVcPPIMLHSTAT	CCSBORF2713	103	CCSBORF6552	LW	2	1853A>C	95	NC_000003.12:37047639:A:C	CCSBVarC009759	ENSP00000231790.3:p.Lys618Thr	MLH1	ENSG00000076242	MAGEA8
HsVcPPIMLHSTAT	CCSBORF2713	103	CCSBORF6552	LW	2	1865T>C	55	NC_000003.12:37047651:T:C	CCSBVarC007388	ENSP00000231790.3:p.Leu622Pro	MLH1	ENSG00000076242	MAGEA8
HsVcPPIMLHSTAT	CCSBORF2713	103	CCSBORF6552	LW	2	199G>T	70	NC_000003.12:36996700:G:T	CCSBVarC009923	ENSP00000231790.3:p.Gly67Trp	MLH1	ENSG00000076242	MAGEA8
HsVcPPIMLHSTAT	CCSBORF2713	103	CCSBORF6552	LW	2	2074T>C	198	NC_000003.12:37048987:T:C	CCSBVarC009784	ENSP00000231790.3:p.Ser692Pro	MLH1	ENSG00000076242	MAGEA8
HsVcPPIMLHSTAT	CCSBORF2713	103	CCSBORF6552	LW	2	2103G>C	128	NC_000003.12:37049016:G:C	CCSBVarC007400	ENSP00000231790.3:p.Gln701His	MLH1	ENSG00000076242	MAGEA8
HsVcPPIMLHSTAT	CCSBORF2713	103	CCSBORF6552	LW	2	2252A>G	125	NC_000003.12:37050633:A:G	CCSBVarC003209	ENSP00000231790.3:p.Lys751Arg	MLH1	ENSG00000076242	MAGEA8
HsVcPPIMLHSTAT	CCSBORF2713	103	CCSBORF6552	LW	2	394G>C	100	NC_000003.12:37007003:G:C	CCSBVarC009793	ENSP00000231790.3:p.Asp132His	MLH1	ENSG00000076242	MAGEA8
HsVcPPIMLHSTAT	CCSBORF2713	103	CCSBORF6552	LW	2	62C>T	105	NC_000003.12:36993608:C:T	CCSBVarC009846	ENSP00000231790.3:p.Ala21Val	MLH1	ENSG00000076242	MAGEA8
HsVcPPIMLHSTAT	CCSBORF2713	103	CCSBORF6552	LW	2	793C>A	184	NC_000003.12:37017507:C:A	CCSBVarC009906	ENSP00000231790.3:p.Arg265Ser	MLH1	ENSG00000076242	MAGEA8
HsVcPPIMLHSTAT	CCSBORF2713	103	CCSBORF6552	LW	2	803A>G	197	NC_000003.12:37017517:A:G	CCSBVarC009733	ENSP00000231790.3:p.Glu268Gly	MLH1	ENSG00000076242	MAGEA8
HsVcPPIMLHSTAT	CCSBORF2713	103	CCSBORF6552	LW	2	827T>G	83	NC_000003.12:37017541:T:G	CCSBVarC009914	ENSP00000231790.3:p.Ile276Arg	MLH1	ENSG00000076242	MAGEA8
HsVcPPIMLHSTAT	CCSBORF2713	103	CCSBORF6552	LW	2	918T>A	71	NC_000003.12:37020342:T:A	CCSBVarC009864	ENSP00000231790.3:p.Asn306Lys	MLH1	ENSG00000076242	MAGEA8
HsVcPPIMLHSTAT	CCSBORF2713	103	CCSBORF40080658	LW	2	REF	537	NULL	NULL	NULL	MLH1	ENSG00000076242	PER2
HsVcPPIMLHSTAT	CCSBORF2713	103	CCSBORF40080658	LW	2	1037A>G	164	NC_000003.12:37020461:A:G	CCSBVarC009930	ENSP00000231790.3:p.Gln346Arg	MLH1	ENSG00000076242	PER2
HsVcPPIMLHSTAT	CCSBORF2713	103	CCSBORF40080658	LW	2	1040C>A	77	NC_000003.12:37025637:C:A	CCSBVarC009777	ENSP00000231790.3:p.Thr347Asn	MLH1	ENSG00000076242	PER2
HsVcPPIMLHSTAT	CCSBORF2713	103	CCSBORF40080658	LW	2	1075A>G	70	NC_000003.12:37025672:A:G	CCSBVarC009805	ENSP00000231790.3:p.Met359Val	MLH1	ENSG00000076242	PER2
HsVcPPIMLHSTAT	CCSBORF2713	103	CCSBORF40080658	LW	2	112A>C	77	NC_000003.12:36993658:A:C	CCSBVarC007374	ENSP00000231790.3:p.Asn38His	MLH1	ENSG00000076242	PER2
HsVcPPIMLHSTAT	CCSBORF2713	103	CCSBORF40080658	LW	2	121G>C	130	NC_000003.12:36996622:G:C	CCSBVarC003192	ENSP00000231790.3:p.Asp41His	MLH1	ENSG00000076242	PER2
HsVcPPIMLHSTAT	CCSBORF2713	103	CCSBORF40080658	LW	2	131C>A	42	NC_000003.12:36996632:C:A	CCSBVarC009856	ENSP00000231790.3:p.Ser44Tyr	MLH1	ENSG00000076242	PER2
HsVcPPIMLHSTAT	CCSBORF2713	103	CCSBORF40080658	LW	2	1667G>T	59	NC_000003.12:37040293:G:T	CCSBVarC009817	ENSP00000231790.3:p.Ser556Ile	MLH1	ENSG00000076242	PER2
HsVcPPIMLHSTAT	CCSBORF2713	103	CCSBORF40080658	LW	2	1676T>C	58	NC_000003.12:37042275:T:C	CCSBVarC007381	ENSP00000231790.3:p.Leu559Pro	MLH1	ENSG00000076242	PER2
HsVcPPIMLHSTAT	CCSBORF2713	103	CCSBORF40080658	LW	2	1799A>G	106	NC_000003.12:37047585:A:G	CCSBVarC009739	ENSP00000231790.3:p.Glu600Gly	MLH1	ENSG00000076242	PER2
HsVcPPIMLHSTAT	CCSBORF2713	103	CCSBORF40080658	LW	2	1820T>A	3	NC_000003.12:37047606:T:A	CCSBVarC009811	ENSP00000231790.3:p.Leu607His	MLH1	ENSG00000076242	PER2
HsVcPPIMLHSTAT	CCSBORF2713	103	CCSBORF40080658	LW	2	1853A>C	50	NC_000003.12:37047639:A:C	CCSBVarC009759	ENSP00000231790.3:p.Lys618Thr	MLH1	ENSG00000076242	PER2
HsVcPPIMLHSTAT	CCSBORF2713	103	CCSBORF40080658	LW	2	1865T>C	48	NC_000003.12:37047651:T:C	CCSBVarC007388	ENSP00000231790.3:p.Leu622Pro	MLH1	ENSG00000076242	PER2
HsVcPPIMLHSTAT	CCSBORF2713	103	CCSBORF40080658	LW	2	199G>T	38	NC_000003.12:36996700:G:T	CCSBVarC009923	ENSP00000231790.3:p.Gly67Trp	MLH1	ENSG00000076242	PER2
HsVcPPIMLHSTAT	CCSBORF2713	103	CCSBORF40080658	LW	2	2074T>C	97	NC_000003.12:37048987:T:C	CCSBVarC009784	ENSP00000231790.3:p.Ser692Pro	MLH1	ENSG00000076242	PER2
HsVcPPIMLHSTAT	CCSBORF2713	103	CCSBORF40080658	LW	2	2103G>C	72	NC_000003.12:37049016:G:C	CCSBVarC007400	ENSP00000231790.3:p.Gln701His	MLH1	ENSG00000076242	PER2
HsVcPPIMLHSTAT	CCSBORF2713	103	CCSBORF40080658	LW	2	2252A>G	157	NC_000003.12:37050633:A:G	CCSBVarC003209	ENSP00000231790.3:p.Lys751Arg	MLH1	ENSG00000076242	PER2
HsVcPPIMLHSTAT	CCSBORF2713	103	CCSBORF40080658	LW	2	394G>C	77	NC_000003.12:37007003:G:C	CCSBVarC009793	ENSP00000231790.3:p.Asp132His	MLH1	ENSG00000076242	PER2
HsVcPPIMLHSTAT	CCSBORF2713	103	CCSBORF40080658	LW	2	62C>T	115	NC_000003.12:36993608:C:T	CCSBVarC009846	ENSP00000231790.3:p.Ala21Val	MLH1	ENSG00000076242	PER2
HsVcPPIMLHSTAT	CCSBORF2713	103	CCSBORF40080658	LW	2	793C>A	143	NC_000003.12:37017507:C:A	CCSBVarC009906	ENSP00000231790.3:p.Arg265Ser	MLH1	ENSG00000076242	PER2
HsVcPPIMLHSTAT	CCSBORF2713	103	CCSBORF40080658	LW	2	803A>G	119	NC_000003.12:37017517:A:G	CCSBVarC009733	ENSP00000231790.3:p.Glu268Gly	MLH1	ENSG00000076242	PER2
HsVcPPIMLHSTAT	CCSBORF2713	103	CCSBORF40080658	LW	2	827T>G	71	NC_000003.12:37017541:T:G	CCSBVarC009914	ENSP00000231790.3:p.Ile276Arg	MLH1	ENSG00000076242	PER2
HsVcPPIMLHSTAT	CCSBORF2713	103	CCSBORF40080658	LW	2	918T>A	70	NC_000003.12:37020342:T:A	CCSBVarC009864	ENSP00000231790.3:p.Asn306Lys	MLH1	ENSG00000076242	PER2
HsVcPPIMLHSTAT	CCSBORF2713	103	CCSBORF6552	LW	3	REF	697	NULL	NULL	NULL	MLH1	ENSG00000076242	MAGEA8
HsVcPPIMLHSTAT	CCSBORF2713	103	CCSBORF6552	LW	3	1037A>G	250	NC_000003.12:37020461:A:G	CCSBVarC009930	ENSP00000231790.3:p.Gln346Arg	MLH1	ENSG00000076242	MAGEA8
HsVcPPIMLHSTAT	CCSBORF2713	103	CCSBORF6552	LW	3	1040C>A	165	NC_000003.12:37025637:C:A	CCSBVarC009777	ENSP00000231790.3:p.Thr347Asn	MLH1	ENSG00000076242	MAGEA8
HsVcPPIMLHSTAT	CCSBORF2713	103	CCSBORF6552	LW	3	1075A>G	84	NC_000003.12:37025672:A:G	CCSBVarC009805	ENSP00000231790.3:p.Met359Val	MLH1	ENSG00000076242	MAGEA8
HsVcPPIMLHSTAT	CCSBORF2713	103	CCSBORF6552	LW	3	112A>C	32	NC_000003.12:36993658:A:C	CCSBVarC007374	ENSP00000231790.3:p.Asn38His	MLH1	ENSG00000076242	MAGEA8
HsVcPPIMLHSTAT	CCSBORF2713	103	CCSBORF6552	LW	3	121G>C	123	NC_000003.12:36996622:G:C	CCSBVarC003192	ENSP00000231790.3:p.Asp41His	MLH1	ENSG00000076242	MAGEA8
HsVcPPIMLHSTAT	CCSBORF2713	103	CCSBORF6552	LW	3	131C>A	80	NC_000003.12:36996632:C:A	CCSBVarC009856	ENSP00000231790.3:p.Ser44Tyr	MLH1	ENSG00000076242	MAGEA8
HsVcPPIMLHSTAT	CCSBORF2713	103	CCSBORF6552	LW	3	1667G>T	67	NC_000003.12:37040293:G:T	CCSBVarC009817	ENSP00000231790.3:p.Ser556Ile	MLH1	ENSG00000076242	MAGEA8
HsVcPPIMLHSTAT	CCSBORF2713	103	CCSBORF6552	LW	3	1676T>C	52	NC_000003.12:37042275:T:C	CCSBVarC007381	ENSP00000231790.3:p.Leu559Pro	MLH1	ENSG00000076242	MAGEA8
HsVcPPIMLHSTAT	CCSBORF2713	103	CCSBORF6552	LW	3	1799A>G	193	NC_000003.12:37047585:A:G	CCSBVarC009739	ENSP00000231790.3:p.Glu600Gly	MLH1	ENSG00000076242	MAGEA8
HsVcPPIMLHSTAT	CCSBORF2713	103	CCSBORF6552	LW	3	1820T>A	4	NC_000003.12:37047606:T:A	CCSBVarC009811	ENSP00000231790.3:p.Leu607His	MLH1	ENSG00000076242	MAGEA8
HsVcPPIMLHSTAT	CCSBORF2713	103	CCSBORF6552	LW	3	1853A>C	48	NC_000003.12:37047639:A:C	CCSBVarC009759	ENSP00000231790.3:p.Lys618Thr	MLH1	ENSG00000076242	MAGEA8
HsVcPPIMLHSTAT	CCSBORF2713	103	CCSBORF6552	LW	3	1865T>C	72	NC_000003.12:37047651:T:C	CCSBVarC007388	ENSP00000231790.3:p.Leu622Pro	MLH1	ENSG00000076242	MAGEA8
HsVcPPIMLHSTAT	CCSBORF2713	103	CCSBORF6552	LW	3	199G>T	39	NC_000003.12:36996700:G:T	CCSBVarC009923	ENSP00000231790.3:p.Gly67Trp	MLH1	ENSG00000076242	MAGEA8
HsVcPPIMLHSTAT	CCSBORF2713	103	CCSBORF6552	LW	3	2074T>C	189	NC_000003.12:37048987:T:C	CCSBVarC009784	ENSP00000231790.3:p.Ser692Pro	MLH1	ENSG00000076242	MAGEA8
HsVcPPIMLHSTAT	CCSBORF2713	103	CCSBORF6552	LW	3	2103G>C	103	NC_000003.12:37049016:G:C	CCSBVarC007400	ENSP00000231790.3:p.Gln701His	MLH1	ENSG00000076242	MAGEA8
HsVcPPIMLHSTAT	CCSBORF2713	103	CCSBORF6552	LW	3	2252A>G	224	NC_000003.12:37050633:A:G	CCSBVarC003209	ENSP00000231790.3:p.Lys751Arg	MLH1	ENSG00000076242	MAGEA8
HsVcPPIMLHSTAT	CCSBORF2713	103	CCSBORF6552	LW	3	394G>C	107	NC_000003.12:37007003:G:C	CCSBVarC009793	ENSP00000231790.3:p.Asp132His	MLH1	ENSG00000076242	MAGEA8
HsVcPPIMLHSTAT	CCSBORF2713	103	CCSBORF6552	LW	3	62C>T	62	NC_000003.12:36993608:C:T	CCSBVarC009846	ENSP00000231790.3:p.Ala21Val	MLH1	ENSG00000076242	MAGEA8
HsVcPPIMLHSTAT	CCSBORF2713	103	CCSBORF6552	LW	3	793C>A	194	NC_000003.12:37017507:C:A	CCSBVarC009906	ENSP00000231790.3:p.Arg265Ser	MLH1	ENSG00000076242	MAGEA8
HsVcPPIMLHSTAT	CCSBORF2713	103	CCSBORF6552	LW	3	803A>G	59	NC_000003.12:37017517:A:G	CCSBVarC009733	ENSP00000231790.3:p.Glu268Gly	MLH1	ENSG00000076242	MAGEA8
HsVcPPIMLHSTAT	CCSBORF2713	103	CCSBORF6552	LW	3	827T>G	113	NC_000003.12:37017541:T:G	CCSBVarC009914	ENSP00000231790.3:p.Ile276Arg	MLH1	ENSG00000076242	MAGEA8
HsVcPPIMLHSTAT	CCSBORF2713	103	CCSBORF6552	LW	3	918T>A	74	NC_000003.12:37020342:T:A	CCSBVarC009864	ENSP00000231790.3:p.Asn306Lys	MLH1	ENSG00000076242	MAGEA8
HsVcPPIMLHSTAT	CCSBORF2713	103	CCSBORF40080658	LW	3	REF	925	NULL	NULL	NULL	MLH1	ENSG00000076242	PER2
HsVcPPIMLHSTAT	CCSBORF2713	103	CCSBORF40080658	LW	3	1037A>G	297	NC_000003.12:37020461:A:G	CCSBVarC009930	ENSP00000231790.3:p.Gln346Arg	MLH1	ENSG00000076242	PER2
HsVcPPIMLHSTAT	CCSBORF2713	103	CCSBORF40080658	LW	3	1040C>A	188	NC_000003.12:37025637:C:A	CCSBVarC009777	ENSP00000231790.3:p.Thr347Asn	MLH1	ENSG00000076242	PER2
HsVcPPIMLHSTAT	CCSBORF2713	103	CCSBORF40080658	LW	3	1075A>G	78	NC_000003.12:37025672:A:G	CCSBVarC009805	ENSP00000231790.3:p.Met359Val	MLH1	ENSG00000076242	PER2
HsVcPPIMLHSTAT	CCSBORF2713	103	CCSBORF40080658	LW	3	112A>C	65	NC_000003.12:36993658:A:C	CCSBVarC007374	ENSP00000231790.3:p.Asn38His	MLH1	ENSG00000076242	PER2
HsVcPPIMLHSTAT	CCSBORF2713	103	CCSBORF40080658	LW	3	121G>C	179	NC_000003.12:36996622:G:C	CCSBVarC003192	ENSP00000231790.3:p.Asp41His	MLH1	ENSG00000076242	PER2
HsVcPPIMLHSTAT	CCSBORF2713	103	CCSBORF40080658	LW	3	131C>A	66	NC_000003.12:36996632:C:A	CCSBVarC009856	ENSP00000231790.3:p.Ser44Tyr	MLH1	ENSG00000076242	PER2
HsVcPPIMLHSTAT	CCSBORF2713	103	CCSBORF40080658	LW	3	1667G>T	112	NC_000003.12:37040293:G:T	CCSBVarC009817	ENSP00000231790.3:p.Ser556Ile	MLH1	ENSG00000076242	PER2
HsVcPPIMLHSTAT	CCSBORF2713	103	CCSBORF40080658	LW	3	1676T>C	92	NC_000003.12:37042275:T:C	CCSBVarC007381	ENSP00000231790.3:p.Leu559Pro	MLH1	ENSG00000076242	PER2
HsVcPPIMLHSTAT	CCSBORF2713	103	CCSBORF40080658	LW	3	1799A>G	158	NC_000003.12:37047585:A:G	CCSBVarC009739	ENSP00000231790.3:p.Glu600Gly	MLH1	ENSG00000076242	PER2
HsVcPPIMLHSTAT	CCSBORF2713	103	CCSBORF40080658	LW	3	1820T>A	4	NC_000003.12:37047606:T:A	CCSBVarC009811	ENSP00000231790.3:p.Leu607His	MLH1	ENSG00000076242	PER2
HsVcPPIMLHSTAT	CCSBORF2713	103	CCSBORF40080658	LW	3	1853A>C	55	NC_000003.12:37047639:A:C	CCSBVarC009759	ENSP00000231790.3:p.Lys618Thr	MLH1	ENSG00000076242	PER2
HsVcPPIMLHSTAT	CCSBORF2713	103	CCSBORF40080658	LW	3	1865T>C	110	NC_000003.12:37047651:T:C	CCSBVarC007388	ENSP00000231790.3:p.Leu622Pro	MLH1	ENSG00000076242	PER2
HsVcPPIMLHSTAT	CCSBORF2713	103	CCSBORF40080658	LW	3	199G>T	55	NC_000003.12:36996700:G:T	CCSBVarC009923	ENSP00000231790.3:p.Gly67Trp	MLH1	ENSG00000076242	PER2
HsVcPPIMLHSTAT	CCSBORF2713	103	CCSBORF40080658	LW	3	2074T>C	256	NC_000003.12:37048987:T:C	CCSBVarC009784	ENSP00000231790.3:p.Ser692Pro	MLH1	ENSG00000076242	PER2
HsVcPPIMLHSTAT	CCSBORF2713	103	CCSBORF40080658	LW	3	2103G>C	175	NC_000003.12:37049016:G:C	CCSBVarC007400	ENSP00000231790.3:p.Gln701His	MLH1	ENSG00000076242	PER2
HsVcPPIMLHSTAT	CCSBORF2713	103	CCSBORF40080658	LW	3	2252A>G	176	NC_000003.12:37050633:A:G	CCSBVarC003209	ENSP00000231790.3:p.Lys751Arg	MLH1	ENSG00000076242	PER2
HsVcPPIMLHSTAT	CCSBORF2713	103	CCSBORF40080658	LW	3	394G>C	187	NC_000003.12:37007003:G:C	CCSBVarC009793	ENSP00000231790.3:p.Asp132His	MLH1	ENSG00000076242	PER2
HsVcPPIMLHSTAT	CCSBORF2713	103	CCSBORF40080658	LW	3	62C>T	144	NC_000003.12:36993608:C:T	CCSBVarC009846	ENSP00000231790.3:p.Ala21Val	MLH1	ENSG00000076242	PER2
HsVcPPIMLHSTAT	CCSBORF2713	103	CCSBORF40080658	LW	3	793C>A	284	NC_000003.12:37017507:C:A	CCSBVarC009906	ENSP00000231790.3:p.Arg265Ser	MLH1	ENSG00000076242	PER2
HsVcPPIMLHSTAT	CCSBORF2713	103	CCSBORF40080658	LW	3	803A>G	140	NC_000003.12:37017517:A:G	CCSBVarC009733	ENSP00000231790.3:p.Glu268Gly	MLH1	ENSG00000076242	PER2
HsVcPPIMLHSTAT	CCSBORF2713	103	CCSBORF40080658	LW	3	827T>G	102	NC_000003.12:37017541:T:G	CCSBVarC009914	ENSP00000231790.3:p.Ile276Arg	MLH1	ENSG00000076242	PER2
HsVcPPIMLHSTAT	CCSBORF2713	103	CCSBORF40080658	LW	3	918T>A	158	NC_000003.12:37020342:T:A	CCSBVarC009864	ENSP00000231790.3:p.Asn306Lys	MLH1	ENSG00000076242	PER2
HsVcPPIMLHSTAT	CCSBORF2713	103	CCSBORF4761	LW	1	REF	329	NULL	NULL	NULL	MLH1	ENSG00000076242	AP2B1
HsVcPPIMLHSTAT	CCSBORF2713	103	CCSBORF4761	LW	1	1037A>G	141	NC_000003.12:37020461:A:G	CCSBVarC009930	ENSP00000231790.3:p.Gln346Arg	MLH1	ENSG00000076242	AP2B1
HsVcPPIMLHSTAT	CCSBORF2713	103	CCSBORF4761	LW	1	1040C>A	50	NC_000003.12:37025637:C:A	CCSBVarC009777	ENSP00000231790.3:p.Thr347Asn	MLH1	ENSG00000076242	AP2B1
HsVcPPIMLHSTAT	CCSBORF2713	103	CCSBORF4761	LW	1	1075A>G	46	NC_000003.12:37025672:A:G	CCSBVarC009805	ENSP00000231790.3:p.Met359Val	MLH1	ENSG00000076242	AP2B1
HsVcPPIMLHSTAT	CCSBORF2713	103	CCSBORF4761	LW	1	112A>C	39	NC_000003.12:36993658:A:C	CCSBVarC007374	ENSP00000231790.3:p.Asn38His	MLH1	ENSG00000076242	AP2B1
HsVcPPIMLHSTAT	CCSBORF2713	103	CCSBORF4761	LW	1	121G>C	72	NC_000003.12:36996622:G:C	CCSBVarC003192	ENSP00000231790.3:p.Asp41His	MLH1	ENSG00000076242	AP2B1
HsVcPPIMLHSTAT	CCSBORF2713	103	CCSBORF4761	LW	1	131C>A	42	NC_000003.12:36996632:C:A	CCSBVarC009856	ENSP00000231790.3:p.Ser44Tyr	MLH1	ENSG00000076242	AP2B1
HsVcPPIMLHSTAT	CCSBORF2713	103	CCSBORF4761	LW	1	1667G>T	59	NC_000003.12:37040293:G:T	CCSBVarC009817	ENSP00000231790.3:p.Ser556Ile	MLH1	ENSG00000076242	AP2B1
HsVcPPIMLHSTAT	CCSBORF2713	103	CCSBORF4761	LW	1	1676T>C	64	NC_000003.12:37042275:T:C	CCSBVarC007381	ENSP00000231790.3:p.Leu559Pro	MLH1	ENSG00000076242	AP2B1
HsVcPPIMLHSTAT	CCSBORF2713	103	CCSBORF4761	LW	1	1799A>G	54	NC_000003.12:37047585:A:G	CCSBVarC009739	ENSP00000231790.3:p.Glu600Gly	MLH1	ENSG00000076242	AP2B1
HsVcPPIMLHSTAT	CCSBORF2713	103	CCSBORF4761	LW	1	1820T>A	1	NC_000003.12:37047606:T:A	CCSBVarC009811	ENSP00000231790.3:p.Leu607His	MLH1	ENSG00000076242	AP2B1
HsVcPPIMLHSTAT	CCSBORF2713	103	CCSBORF4761	LW	1	1853A>C	60	NC_000003.12:37047639:A:C	CCSBVarC009759	ENSP00000231790.3:p.Lys618Thr	MLH1	ENSG00000076242	AP2B1
HsVcPPIMLHSTAT	CCSBORF2713	103	CCSBORF4761	LW	1	1865T>C	71	NC_000003.12:37047651:T:C	CCSBVarC007388	ENSP00000231790.3:p.Leu622Pro	MLH1	ENSG00000076242	AP2B1
HsVcPPIMLHSTAT	CCSBORF2713	103	CCSBORF4761	LW	1	199G>T	23	NC_000003.12:36996700:G:T	CCSBVarC009923	ENSP00000231790.3:p.Gly67Trp	MLH1	ENSG00000076242	AP2B1
HsVcPPIMLHSTAT	CCSBORF2713	103	CCSBORF4761	LW	1	2074T>C	80	NC_000003.12:37048987:T:C	CCSBVarC009784	ENSP00000231790.3:p.Ser692Pro	MLH1	ENSG00000076242	AP2B1
HsVcPPIMLHSTAT	CCSBORF2713	103	CCSBORF4761	LW	1	2103G>C	37	NC_000003.12:37049016:G:C	CCSBVarC007400	ENSP00000231790.3:p.Gln701His	MLH1	ENSG00000076242	AP2B1
HsVcPPIMLHSTAT	CCSBORF2713	103	CCSBORF4761	LW	1	2252A>G	75	NC_000003.12:37050633:A:G	CCSBVarC003209	ENSP00000231790.3:p.Lys751Arg	MLH1	ENSG00000076242	AP2B1
HsVcPPIMLHSTAT	CCSBORF2713	103	CCSBORF4761	LW	1	394G>C	47	NC_000003.12:37007003:G:C	CCSBVarC009793	ENSP00000231790.3:p.Asp132His	MLH1	ENSG00000076242	AP2B1
HsVcPPIMLHSTAT	CCSBORF2713	103	CCSBORF4761	LW	1	62C>T	50	NC_000003.12:36993608:C:T	CCSBVarC009846	ENSP00000231790.3:p.Ala21Val	MLH1	ENSG00000076242	AP2B1
HsVcPPIMLHSTAT	CCSBORF2713	103	CCSBORF4761	LW	1	793C>A	61	NC_000003.12:37017507:C:A	CCSBVarC009906	ENSP00000231790.3:p.Arg265Ser	MLH1	ENSG00000076242	AP2B1
HsVcPPIMLHSTAT	CCSBORF2713	103	CCSBORF4761	LW	1	803A>G	61	NC_000003.12:37017517:A:G	CCSBVarC009733	ENSP00000231790.3:p.Glu268Gly	MLH1	ENSG00000076242	AP2B1
HsVcPPIMLHSTAT	CCSBORF2713	103	CCSBORF4761	LW	1	827T>G	58	NC_000003.12:37017541:T:G	CCSBVarC009914	ENSP00000231790.3:p.Ile276Arg	MLH1	ENSG00000076242	AP2B1
HsVcPPIMLHSTAT	CCSBORF2713	103	CCSBORF4761	LW	1	918T>A	64	NC_000003.12:37020342:T:A	CCSBVarC009864	ENSP00000231790.3:p.Asn306Lys	MLH1	ENSG00000076242	AP2B1
HsVcPPIMLHSTAT	CCSBORF2713	103	CCSBORF53964	LW	1	REF	434	NULL	NULL	NULL	MLH1	ENSG00000076242	NFIX
HsVcPPIMLHSTAT	CCSBORF2713	103	CCSBORF53964	LW	1	1037A>G	113	NC_000003.12:37020461:A:G	CCSBVarC009930	ENSP00000231790.3:p.Gln346Arg	MLH1	ENSG00000076242	NFIX
HsVcPPIMLHSTAT	CCSBORF2713	103	CCSBORF53964	LW	1	1040C>A	48	NC_000003.12:37025637:C:A	CCSBVarC009777	ENSP00000231790.3:p.Thr347Asn	MLH1	ENSG00000076242	NFIX
HsVcPPIMLHSTAT	CCSBORF2713	103	CCSBORF53964	LW	1	1075A>G	24	NC_000003.12:37025672:A:G	CCSBVarC009805	ENSP00000231790.3:p.Met359Val	MLH1	ENSG00000076242	NFIX
HsVcPPIMLHSTAT	CCSBORF2713	103	CCSBORF53964	LW	1	112A>C	98	NC_000003.12:36993658:A:C	CCSBVarC007374	ENSP00000231790.3:p.Asn38His	MLH1	ENSG00000076242	NFIX
HsVcPPIMLHSTAT	CCSBORF2713	103	CCSBORF53964	LW	1	121G>C	108	NC_000003.12:36996622:G:C	CCSBVarC003192	ENSP00000231790.3:p.Asp41His	MLH1	ENSG00000076242	NFIX
HsVcPPIMLHSTAT	CCSBORF2713	103	CCSBORF53964	LW	1	131C>A	57	NC_000003.12:36996632:C:A	CCSBVarC009856	ENSP00000231790.3:p.Ser44Tyr	MLH1	ENSG00000076242	NFIX
HsVcPPIMLHSTAT	CCSBORF2713	103	CCSBORF53964	LW	1	1667G>T	77	NC_000003.12:37040293:G:T	CCSBVarC009817	ENSP00000231790.3:p.Ser556Ile	MLH1	ENSG00000076242	NFIX
HsVcPPIMLHSTAT	CCSBORF2713	103	CCSBORF53964	LW	1	1676T>C	106	NC_000003.12:37042275:T:C	CCSBVarC007381	ENSP00000231790.3:p.Leu559Pro	MLH1	ENSG00000076242	NFIX
HsVcPPIMLHSTAT	CCSBORF2713	103	CCSBORF53964	LW	1	1799A>G	92	NC_000003.12:37047585:A:G	CCSBVarC009739	ENSP00000231790.3:p.Glu600Gly	MLH1	ENSG00000076242	NFIX
HsVcPPIMLHSTAT	CCSBORF2713	103	CCSBORF53964	LW	1	1820T>A	1	NC_000003.12:37047606:T:A	CCSBVarC009811	ENSP00000231790.3:p.Leu607His	MLH1	ENSG00000076242	NFIX
HsVcPPIMLHSTAT	CCSBORF2713	103	CCSBORF53964	LW	1	1853A>C	103	NC_000003.12:37047639:A:C	CCSBVarC009759	ENSP00000231790.3:p.Lys618Thr	MLH1	ENSG00000076242	NFIX
HsVcPPIMLHSTAT	CCSBORF2713	103	CCSBORF53964	LW	1	1865T>C	110	NC_000003.12:37047651:T:C	CCSBVarC007388	ENSP00000231790.3:p.Leu622Pro	MLH1	ENSG00000076242	NFIX
HsVcPPIMLHSTAT	CCSBORF2713	103	CCSBORF53964	LW	1	199G>T	61	NC_000003.12:36996700:G:T	CCSBVarC009923	ENSP00000231790.3:p.Gly67Trp	MLH1	ENSG00000076242	NFIX
HsVcPPIMLHSTAT	CCSBORF2713	103	CCSBORF53964	LW	1	2074T>C	116	NC_000003.12:37048987:T:C	CCSBVarC009784	ENSP00000231790.3:p.Ser692Pro	MLH1	ENSG00000076242	NFIX
HsVcPPIMLHSTAT	CCSBORF2713	103	CCSBORF53964	LW	1	2103G>C	110	NC_000003.12:37049016:G:C	CCSBVarC007400	ENSP00000231790.3:p.Gln701His	MLH1	ENSG00000076242	NFIX
HsVcPPIMLHSTAT	CCSBORF2713	103	CCSBORF53964	LW	1	2252A>G	113	NC_000003.12:37050633:A:G	CCSBVarC003209	ENSP00000231790.3:p.Lys751Arg	MLH1	ENSG00000076242	NFIX
HsVcPPIMLHSTAT	CCSBORF2713	103	CCSBORF53964	LW	1	394G>C	59	NC_000003.12:37007003:G:C	CCSBVarC009793	ENSP00000231790.3:p.Asp132His	MLH1	ENSG00000076242	NFIX
HsVcPPIMLHSTAT	CCSBORF2713	103	CCSBORF53964	LW	1	62C>T	44	NC_000003.12:36993608:C:T	CCSBVarC009846	ENSP00000231790.3:p.Ala21Val	MLH1	ENSG00000076242	NFIX
HsVcPPIMLHSTAT	CCSBORF2713	103	CCSBORF53964	LW	1	793C>A	132	NC_000003.12:37017507:C:A	CCSBVarC009906	ENSP00000231790.3:p.Arg265Ser	MLH1	ENSG00000076242	NFIX
HsVcPPIMLHSTAT	CCSBORF2713	103	CCSBORF53964	LW	1	803A>G	76	NC_000003.12:37017517:A:G	CCSBVarC009733	ENSP00000231790.3:p.Glu268Gly	MLH1	ENSG00000076242	NFIX
HsVcPPIMLHSTAT	CCSBORF2713	103	CCSBORF53964	LW	1	827T>G	100	NC_000003.12:37017541:T:G	CCSBVarC009914	ENSP00000231790.3:p.Ile276Arg	MLH1	ENSG00000076242	NFIX
HsVcPPIMLHSTAT	CCSBORF2713	103	CCSBORF53964	LW	1	918T>A	20	NC_000003.12:37020342:T:A	CCSBVarC009864	ENSP00000231790.3:p.Asn306Lys	MLH1	ENSG00000076242	NFIX
HsVcPPIMLHSTAT	CCSBORF2713	103	CCSBORF4761	LW	2	REF	461	NULL	NULL	NULL	MLH1	ENSG00000076242	AP2B1
HsVcPPIMLHSTAT	CCSBORF2713	103	CCSBORF4761	LW	2	1037A>G	172	NC_000003.12:37020461:A:G	CCSBVarC009930	ENSP00000231790.3:p.Gln346Arg	MLH1	ENSG00000076242	AP2B1
HsVcPPIMLHSTAT	CCSBORF2713	103	CCSBORF4761	LW	2	1040C>A	110	NC_000003.12:37025637:C:A	CCSBVarC009777	ENSP00000231790.3:p.Thr347Asn	MLH1	ENSG00000076242	AP2B1
HsVcPPIMLHSTAT	CCSBORF2713	103	CCSBORF4761	LW	2	1075A>G	41	NC_000003.12:37025672:A:G	CCSBVarC009805	ENSP00000231790.3:p.Met359Val	MLH1	ENSG00000076242	AP2B1
HsVcPPIMLHSTAT	CCSBORF2713	103	CCSBORF4761	LW	2	112A>C	66	NC_000003.12:36993658:A:C	CCSBVarC007374	ENSP00000231790.3:p.Asn38His	MLH1	ENSG00000076242	AP2B1
HsVcPPIMLHSTAT	CCSBORF2713	103	CCSBORF4761	LW	2	121G>C	127	NC_000003.12:36996622:G:C	CCSBVarC003192	ENSP00000231790.3:p.Asp41His	MLH1	ENSG00000076242	AP2B1
HsVcPPIMLHSTAT	CCSBORF2713	103	CCSBORF4761	LW	2	131C>A	56	NC_000003.12:36996632:C:A	CCSBVarC009856	ENSP00000231790.3:p.Ser44Tyr	MLH1	ENSG00000076242	AP2B1
HsVcPPIMLHSTAT	CCSBORF2713	103	CCSBORF4761	LW	2	1667G>T	79	NC_000003.12:37040293:G:T	CCSBVarC009817	ENSP00000231790.3:p.Ser556Ile	MLH1	ENSG00000076242	AP2B1
HsVcPPIMLHSTAT	CCSBORF2713	103	CCSBORF4761	LW	2	1676T>C	141	NC_000003.12:37042275:T:C	CCSBVarC007381	ENSP00000231790.3:p.Leu559Pro	MLH1	ENSG00000076242	AP2B1
HsVcPPIMLHSTAT	CCSBORF2713	103	CCSBORF4761	LW	2	1799A>G	98	NC_000003.12:37047585:A:G	CCSBVarC009739	ENSP00000231790.3:p.Glu600Gly	MLH1	ENSG00000076242	AP2B1
HsVcPPIMLHSTAT	CCSBORF2713	103	CCSBORF4761	LW	2	1820T>A	5	NC_000003.12:37047606:T:A	CCSBVarC009811	ENSP00000231790.3:p.Leu607His	MLH1	ENSG00000076242	AP2B1
HsVcPPIMLHSTAT	CCSBORF2713	103	CCSBORF4761	LW	2	1853A>C	106	NC_000003.12:37047639:A:C	CCSBVarC009759	ENSP00000231790.3:p.Lys618Thr	MLH1	ENSG00000076242	AP2B1
HsVcPPIMLHSTAT	CCSBORF2713	103	CCSBORF4761	LW	2	1865T>C	87	NC_000003.12:37047651:T:C	CCSBVarC007388	ENSP00000231790.3:p.Leu622Pro	MLH1	ENSG00000076242	AP2B1
HsVcPPIMLHSTAT	CCSBORF2713	103	CCSBORF4761	LW	2	199G>T	43	NC_000003.12:36996700:G:T	CCSBVarC009923	ENSP00000231790.3:p.Gly67Trp	MLH1	ENSG00000076242	AP2B1
HsVcPPIMLHSTAT	CCSBORF2713	103	CCSBORF4761	LW	2	2074T>C	91	NC_000003.12:37048987:T:C	CCSBVarC009784	ENSP00000231790.3:p.Ser692Pro	MLH1	ENSG00000076242	AP2B1
HsVcPPIMLHSTAT	CCSBORF2713	103	CCSBORF4761	LW	2	2103G>C	65	NC_000003.12:37049016:G:C	CCSBVarC007400	ENSP00000231790.3:p.Gln701His	MLH1	ENSG00000076242	AP2B1
HsVcPPIMLHSTAT	CCSBORF2713	103	CCSBORF4761	LW	2	2252A>G	108	NC_000003.12:37050633:A:G	CCSBVarC003209	ENSP00000231790.3:p.Lys751Arg	MLH1	ENSG00000076242	AP2B1
HsVcPPIMLHSTAT	CCSBORF2713	103	CCSBORF4761	LW	2	394G>C	56	NC_000003.12:37007003:G:C	CCSBVarC009793	ENSP00000231790.3:p.Asp132His	MLH1	ENSG00000076242	AP2B1
HsVcPPIMLHSTAT	CCSBORF2713	103	CCSBORF4761	LW	2	62C>T	45	NC_000003.12:36993608:C:T	CCSBVarC009846	ENSP00000231790.3:p.Ala21Val	MLH1	ENSG00000076242	AP2B1
HsVcPPIMLHSTAT	CCSBORF2713	103	CCSBORF4761	LW	2	793C>A	132	NC_000003.12:37017507:C:A	CCSBVarC009906	ENSP00000231790.3:p.Arg265Ser	MLH1	ENSG00000076242	AP2B1
HsVcPPIMLHSTAT	CCSBORF2713	103	CCSBORF4761	LW	2	803A>G	84	NC_000003.12:37017517:A:G	CCSBVarC009733	ENSP00000231790.3:p.Glu268Gly	MLH1	ENSG00000076242	AP2B1
HsVcPPIMLHSTAT	CCSBORF2713	103	CCSBORF4761	LW	2	827T>G	79	NC_000003.12:37017541:T:G	CCSBVarC009914	ENSP00000231790.3:p.Ile276Arg	MLH1	ENSG00000076242	AP2B1
HsVcPPIMLHSTAT	CCSBORF2713	103	CCSBORF4761	LW	2	918T>A	48	NC_000003.12:37020342:T:A	CCSBVarC009864	ENSP00000231790.3:p.Asn306Lys	MLH1	ENSG00000076242	AP2B1
HsVcPPIMLHSTAT	CCSBORF2713	103	CCSBORF53964	LW	2	REF	149	NULL	NULL	NULL	MLH1	ENSG00000076242	NFIX
HsVcPPIMLHSTAT	CCSBORF2713	103	CCSBORF53964	LW	2	1037A>G	100	NC_000003.12:37020461:A:G	CCSBVarC009930	ENSP00000231790.3:p.Gln346Arg	MLH1	ENSG00000076242	NFIX
HsVcPPIMLHSTAT	CCSBORF2713	103	CCSBORF53964	LW	2	1040C>A	91	NC_000003.12:37025637:C:A	CCSBVarC009777	ENSP00000231790.3:p.Thr347Asn	MLH1	ENSG00000076242	NFIX
HsVcPPIMLHSTAT	CCSBORF2713	103	CCSBORF53964	LW	2	1075A>G	21	NC_000003.12:37025672:A:G	CCSBVarC009805	ENSP00000231790.3:p.Met359Val	MLH1	ENSG00000076242	NFIX
HsVcPPIMLHSTAT	CCSBORF2713	103	CCSBORF53964	LW	2	112A>C	51	NC_000003.12:36993658:A:C	CCSBVarC007374	ENSP00000231790.3:p.Asn38His	MLH1	ENSG00000076242	NFIX
HsVcPPIMLHSTAT	CCSBORF2713	103	CCSBORF53964	LW	2	121G>C	81	NC_000003.12:36996622:G:C	CCSBVarC003192	ENSP00000231790.3:p.Asp41His	MLH1	ENSG00000076242	NFIX
HsVcPPIMLHSTAT	CCSBORF2713	103	CCSBORF53964	LW	2	131C>A	42	NC_000003.12:36996632:C:A	CCSBVarC009856	ENSP00000231790.3:p.Ser44Tyr	MLH1	ENSG00000076242	NFIX
HsVcPPIMLHSTAT	CCSBORF2713	103	CCSBORF53964	LW	2	1667G>T	83	NC_000003.12:37040293:G:T	CCSBVarC009817	ENSP00000231790.3:p.Ser556Ile	MLH1	ENSG00000076242	NFIX
HsVcPPIMLHSTAT	CCSBORF2713	103	CCSBORF53964	LW	2	1676T>C	172	NC_000003.12:37042275:T:C	CCSBVarC007381	ENSP00000231790.3:p.Leu559Pro	MLH1	ENSG00000076242	NFIX
HsVcPPIMLHSTAT	CCSBORF2713	103	CCSBORF53964	LW	2	1799A>G	49	NC_000003.12:37047585:A:G	CCSBVarC009739	ENSP00000231790.3:p.Glu600Gly	MLH1	ENSG00000076242	NFIX
HsVcPPIMLHSTAT	CCSBORF2713	103	CCSBORF53964	LW	2	1820T>A	0	NC_000003.12:37047606:T:A	CCSBVarC009811	ENSP00000231790.3:p.Leu607His	MLH1	ENSG00000076242	NFIX
HsVcPPIMLHSTAT	CCSBORF2713	103	CCSBORF53964	LW	2	1853A>C	71	NC_000003.12:37047639:A:C	CCSBVarC009759	ENSP00000231790.3:p.Lys618Thr	MLH1	ENSG00000076242	NFIX
HsVcPPIMLHSTAT	CCSBORF2713	103	CCSBORF53964	LW	2	1865T>C	97	NC_000003.12:37047651:T:C	CCSBVarC007388	ENSP00000231790.3:p.Leu622Pro	MLH1	ENSG00000076242	NFIX
HsVcPPIMLHSTAT	CCSBORF2713	103	CCSBORF53964	LW	2	199G>T	62	NC_000003.12:36996700:G:T	CCSBVarC009923	ENSP00000231790.3:p.Gly67Trp	MLH1	ENSG00000076242	NFIX
HsVcPPIMLHSTAT	CCSBORF2713	103	CCSBORF53964	LW	2	2074T>C	36	NC_000003.12:37048987:T:C	CCSBVarC009784	ENSP00000231790.3:p.Ser692Pro	MLH1	ENSG00000076242	NFIX
HsVcPPIMLHSTAT	CCSBORF2713	103	CCSBORF53964	LW	2	2103G>C	37	NC_000003.12:37049016:G:C	CCSBVarC007400	ENSP00000231790.3:p.Gln701His	MLH1	ENSG00000076242	NFIX
HsVcPPIMLHSTAT	CCSBORF2713	103	CCSBORF53964	LW	2	2252A>G	68	NC_000003.12:37050633:A:G	CCSBVarC003209	ENSP00000231790.3:p.Lys751Arg	MLH1	ENSG00000076242	NFIX
HsVcPPIMLHSTAT	CCSBORF2713	103	CCSBORF53964	LW	2	394G>C	167	NC_000003.12:37007003:G:C	CCSBVarC009793	ENSP00000231790.3:p.Asp132His	MLH1	ENSG00000076242	NFIX
HsVcPPIMLHSTAT	CCSBORF2713	103	CCSBORF53964	LW	2	62C>T	29	NC_000003.12:36993608:C:T	CCSBVarC009846	ENSP00000231790.3:p.Ala21Val	MLH1	ENSG00000076242	NFIX
HsVcPPIMLHSTAT	CCSBORF2713	103	CCSBORF53964	LW	2	793C>A	124	NC_000003.12:37017507:C:A	CCSBVarC009906	ENSP00000231790.3:p.Arg265Ser	MLH1	ENSG00000076242	NFIX
HsVcPPIMLHSTAT	CCSBORF2713	103	CCSBORF53964	LW	2	803A>G	25	NC_000003.12:37017517:A:G	CCSBVarC009733	ENSP00000231790.3:p.Glu268Gly	MLH1	ENSG00000076242	NFIX
HsVcPPIMLHSTAT	CCSBORF2713	103	CCSBORF53964	LW	2	827T>G	104	NC_000003.12:37017541:T:G	CCSBVarC009914	ENSP00000231790.3:p.Ile276Arg	MLH1	ENSG00000076242	NFIX
HsVcPPIMLHSTAT	CCSBORF2713	103	CCSBORF53964	LW	2	918T>A	33	NC_000003.12:37020342:T:A	CCSBVarC009864	ENSP00000231790.3:p.Asn306Lys	MLH1	ENSG00000076242	NFIX
HsVcPPIMLHSTAT	CCSBORF2713	103	CCSBORF4761	LW	3	REF	569	NULL	NULL	NULL	MLH1	ENSG00000076242	AP2B1
HsVcPPIMLHSTAT	CCSBORF2713	103	CCSBORF4761	LW	3	1037A>G	245	NC_000003.12:37020461:A:G	CCSBVarC009930	ENSP00000231790.3:p.Gln346Arg	MLH1	ENSG00000076242	AP2B1
HsVcPPIMLHSTAT	CCSBORF2713	103	CCSBORF4761	LW	3	1040C>A	144	NC_000003.12:37025637:C:A	CCSBVarC009777	ENSP00000231790.3:p.Thr347Asn	MLH1	ENSG00000076242	AP2B1
HsVcPPIMLHSTAT	CCSBORF2713	103	CCSBORF4761	LW	3	1075A>G	84	NC_000003.12:37025672:A:G	CCSBVarC009805	ENSP00000231790.3:p.Met359Val	MLH1	ENSG00000076242	AP2B1
HsVcPPIMLHSTAT	CCSBORF2713	103	CCSBORF4761	LW	3	112A>C	64	NC_000003.12:36993658:A:C	CCSBVarC007374	ENSP00000231790.3:p.Asn38His	MLH1	ENSG00000076242	AP2B1
HsVcPPIMLHSTAT	CCSBORF2713	103	CCSBORF4761	LW	3	121G>C	163	NC_000003.12:36996622:G:C	CCSBVarC003192	ENSP00000231790.3:p.Asp41His	MLH1	ENSG00000076242	AP2B1
HsVcPPIMLHSTAT	CCSBORF2713	103	CCSBORF4761	LW	3	131C>A	100	NC_000003.12:36996632:C:A	CCSBVarC009856	ENSP00000231790.3:p.Ser44Tyr	MLH1	ENSG00000076242	AP2B1
HsVcPPIMLHSTAT	CCSBORF2713	103	CCSBORF4761	LW	3	1667G>T	96	NC_000003.12:37040293:G:T	CCSBVarC009817	ENSP00000231790.3:p.Ser556Ile	MLH1	ENSG00000076242	AP2B1
HsVcPPIMLHSTAT	CCSBORF2713	103	CCSBORF4761	LW	3	1676T>C	116	NC_000003.12:37042275:T:C	CCSBVarC007381	ENSP00000231790.3:p.Leu559Pro	MLH1	ENSG00000076242	AP2B1
HsVcPPIMLHSTAT	CCSBORF2713	103	CCSBORF4761	LW	3	1799A>G	119	NC_000003.12:37047585:A:G	CCSBVarC009739	ENSP00000231790.3:p.Glu600Gly	MLH1	ENSG00000076242	AP2B1
HsVcPPIMLHSTAT	CCSBORF2713	103	CCSBORF4761	LW	3	1820T>A	2	NC_000003.12:37047606:T:A	CCSBVarC009811	ENSP00000231790.3:p.Leu607His	MLH1	ENSG00000076242	AP2B1
HsVcPPIMLHSTAT	CCSBORF2713	103	CCSBORF4761	LW	3	1853A>C	113	NC_000003.12:37047639:A:C	CCSBVarC009759	ENSP00000231790.3:p.Lys618Thr	MLH1	ENSG00000076242	AP2B1
HsVcPPIMLHSTAT	CCSBORF2713	103	CCSBORF4761	LW	3	1865T>C	102	NC_000003.12:37047651:T:C	CCSBVarC007388	ENSP00000231790.3:p.Leu622Pro	MLH1	ENSG00000076242	AP2B1
HsVcPPIMLHSTAT	CCSBORF2713	103	CCSBORF4761	LW	3	199G>T	44	NC_000003.12:36996700:G:T	CCSBVarC009923	ENSP00000231790.3:p.Gly67Trp	MLH1	ENSG00000076242	AP2B1
HsVcPPIMLHSTAT	CCSBORF2713	103	CCSBORF4761	LW	3	2074T>C	105	NC_000003.12:37048987:T:C	CCSBVarC009784	ENSP00000231790.3:p.Ser692Pro	MLH1	ENSG00000076242	AP2B1
HsVcPPIMLHSTAT	CCSBORF2713	103	CCSBORF4761	LW	3	2103G>C	66	NC_000003.12:37049016:G:C	CCSBVarC007400	ENSP00000231790.3:p.Gln701His	MLH1	ENSG00000076242	AP2B1
HsVcPPIMLHSTAT	CCSBORF2713	103	CCSBORF4761	LW	3	2252A>G	93	NC_000003.12:37050633:A:G	CCSBVarC003209	ENSP00000231790.3:p.Lys751Arg	MLH1	ENSG00000076242	AP2B1
HsVcPPIMLHSTAT	CCSBORF2713	103	CCSBORF4761	LW	3	394G>C	104	NC_000003.12:37007003:G:C	CCSBVarC009793	ENSP00000231790.3:p.Asp132His	MLH1	ENSG00000076242	AP2B1
HsVcPPIMLHSTAT	CCSBORF2713	103	CCSBORF4761	LW	3	62C>T	84	NC_000003.12:36993608:C:T	CCSBVarC009846	ENSP00000231790.3:p.Ala21Val	MLH1	ENSG00000076242	AP2B1
HsVcPPIMLHSTAT	CCSBORF2713	103	CCSBORF4761	LW	3	793C>A	201	NC_000003.12:37017507:C:A	CCSBVarC009906	ENSP00000231790.3:p.Arg265Ser	MLH1	ENSG00000076242	AP2B1
HsVcPPIMLHSTAT	CCSBORF2713	103	CCSBORF4761	LW	3	803A>G	152	NC_000003.12:37017517:A:G	CCSBVarC009733	ENSP00000231790.3:p.Glu268Gly	MLH1	ENSG00000076242	AP2B1
HsVcPPIMLHSTAT	CCSBORF2713	103	CCSBORF4761	LW	3	827T>G	122	NC_000003.12:37017541:T:G	CCSBVarC009914	ENSP00000231790.3:p.Ile276Arg	MLH1	ENSG00000076242	AP2B1
HsVcPPIMLHSTAT	CCSBORF2713	103	CCSBORF4761	LW	3	918T>A	64	NC_000003.12:37020342:T:A	CCSBVarC009864	ENSP00000231790.3:p.Asn306Lys	MLH1	ENSG00000076242	AP2B1
HsVcPPIMLHSTAT	CCSBORF2713	103	CCSBORF53964	LW	3	REF	728	NULL	NULL	NULL	MLH1	ENSG00000076242	NFIX
HsVcPPIMLHSTAT	CCSBORF2713	103	CCSBORF53964	LW	3	1037A>G	229	NC_000003.12:37020461:A:G	CCSBVarC009930	ENSP00000231790.3:p.Gln346Arg	MLH1	ENSG00000076242	NFIX
HsVcPPIMLHSTAT	CCSBORF2713	103	CCSBORF53964	LW	3	1040C>A	134	NC_000003.12:37025637:C:A	CCSBVarC009777	ENSP00000231790.3:p.Thr347Asn	MLH1	ENSG00000076242	NFIX
HsVcPPIMLHSTAT	CCSBORF2713	103	CCSBORF53964	LW	3	1075A>G	72	NC_000003.12:37025672:A:G	CCSBVarC009805	ENSP00000231790.3:p.Met359Val	MLH1	ENSG00000076242	NFIX
HsVcPPIMLHSTAT	CCSBORF2713	103	CCSBORF53964	LW	3	112A>C	110	NC_000003.12:36993658:A:C	CCSBVarC007374	ENSP00000231790.3:p.Asn38His	MLH1	ENSG00000076242	NFIX
HsVcPPIMLHSTAT	CCSBORF2713	103	CCSBORF53964	LW	3	121G>C	170	NC_000003.12:36996622:G:C	CCSBVarC003192	ENSP00000231790.3:p.Asp41His	MLH1	ENSG00000076242	NFIX
HsVcPPIMLHSTAT	CCSBORF2713	103	CCSBORF53964	LW	3	131C>A	111	NC_000003.12:36996632:C:A	CCSBVarC009856	ENSP00000231790.3:p.Ser44Tyr	MLH1	ENSG00000076242	NFIX
HsVcPPIMLHSTAT	CCSBORF2713	103	CCSBORF53964	LW	3	1667G>T	113	NC_000003.12:37040293:G:T	CCSBVarC009817	ENSP00000231790.3:p.Ser556Ile	MLH1	ENSG00000076242	NFIX
HsVcPPIMLHSTAT	CCSBORF2713	103	CCSBORF53964	LW	3	1676T>C	248	NC_000003.12:37042275:T:C	CCSBVarC007381	ENSP00000231790.3:p.Leu559Pro	MLH1	ENSG00000076242	NFIX
HsVcPPIMLHSTAT	CCSBORF2713	103	CCSBORF53964	LW	3	1799A>G	115	NC_000003.12:37047585:A:G	CCSBVarC009739	ENSP00000231790.3:p.Glu600Gly	MLH1	ENSG00000076242	NFIX
HsVcPPIMLHSTAT	CCSBORF2713	103	CCSBORF53964	LW	3	1820T>A	5	NC_000003.12:37047606:T:A	CCSBVarC009811	ENSP00000231790.3:p.Leu607His	MLH1	ENSG00000076242	NFIX
HsVcPPIMLHSTAT	CCSBORF2713	103	CCSBORF53964	LW	3	1853A>C	81	NC_000003.12:37047639:A:C	CCSBVarC009759	ENSP00000231790.3:p.Lys618Thr	MLH1	ENSG00000076242	NFIX
HsVcPPIMLHSTAT	CCSBORF2713	103	CCSBORF53964	LW	3	1865T>C	195	NC_000003.12:37047651:T:C	CCSBVarC007388	ENSP00000231790.3:p.Leu622Pro	MLH1	ENSG00000076242	NFIX
HsVcPPIMLHSTAT	CCSBORF2713	103	CCSBORF53964	LW	3	199G>T	100	NC_000003.12:36996700:G:T	CCSBVarC009923	ENSP00000231790.3:p.Gly67Trp	MLH1	ENSG00000076242	NFIX
HsVcPPIMLHSTAT	CCSBORF2713	103	CCSBORF53964	LW	3	2074T>C	66	NC_000003.12:37048987:T:C	CCSBVarC009784	ENSP00000231790.3:p.Ser692Pro	MLH1	ENSG00000076242	NFIX
HsVcPPIMLHSTAT	CCSBORF2713	103	CCSBORF53964	LW	3	2103G>C	70	NC_000003.12:37049016:G:C	CCSBVarC007400	ENSP00000231790.3:p.Gln701His	MLH1	ENSG00000076242	NFIX
HsVcPPIMLHSTAT	CCSBORF2713	103	CCSBORF53964	LW	3	2252A>G	96	NC_000003.12:37050633:A:G	CCSBVarC003209	ENSP00000231790.3:p.Lys751Arg	MLH1	ENSG00000076242	NFIX
HsVcPPIMLHSTAT	CCSBORF2713	103	CCSBORF53964	LW	3	394G>C	92	NC_000003.12:37007003:G:C	CCSBVarC009793	ENSP00000231790.3:p.Asp132His	MLH1	ENSG00000076242	NFIX
HsVcPPIMLHSTAT	CCSBORF2713	103	CCSBORF53964	LW	3	62C>T	79	NC_000003.12:36993608:C:T	CCSBVarC009846	ENSP00000231790.3:p.Ala21Val	MLH1	ENSG00000076242	NFIX
HsVcPPIMLHSTAT	CCSBORF2713	103	CCSBORF53964	LW	3	793C>A	156	NC_000003.12:37017507:C:A	CCSBVarC009906	ENSP00000231790.3:p.Arg265Ser	MLH1	ENSG00000076242	NFIX
HsVcPPIMLHSTAT	CCSBORF2713	103	CCSBORF53964	LW	3	803A>G	177	NC_000003.12:37017517:A:G	CCSBVarC009733	ENSP00000231790.3:p.Glu268Gly	MLH1	ENSG00000076242	NFIX
HsVcPPIMLHSTAT	CCSBORF2713	103	CCSBORF53964	LW	3	827T>G	117	NC_000003.12:37017541:T:G	CCSBVarC009914	ENSP00000231790.3:p.Ile276Arg	MLH1	ENSG00000076242	NFIX
HsVcPPIMLHSTAT	CCSBORF2713	103	CCSBORF53964	LW	3	918T>A	92	NC_000003.12:37020342:T:A	CCSBVarC009864	ENSP00000231790.3:p.Asn306Lys	MLH1	ENSG00000076242	NFIX
HsVcPPIMLHSTAT	CCSBORF2713	103	CCSBORF100000476	LW	1	REF	551	NULL	NULL	NULL	MLH1	ENSG00000076242	AP1B1
HsVcPPIMLHSTAT	CCSBORF2713	103	CCSBORF100000476	LW	1	1037A>G	253	NC_000003.12:37020461:A:G	CCSBVarC009930	ENSP00000231790.3:p.Gln346Arg	MLH1	ENSG00000076242	AP1B1
HsVcPPIMLHSTAT	CCSBORF2713	103	CCSBORF100000476	LW	1	1040C>A	73	NC_000003.12:37025637:C:A	CCSBVarC009777	ENSP00000231790.3:p.Thr347Asn	MLH1	ENSG00000076242	AP1B1
HsVcPPIMLHSTAT	CCSBORF2713	103	CCSBORF100000476	LW	1	1075A>G	76	NC_000003.12:37025672:A:G	CCSBVarC009805	ENSP00000231790.3:p.Met359Val	MLH1	ENSG00000076242	AP1B1
HsVcPPIMLHSTAT	CCSBORF2713	103	CCSBORF100000476	LW	1	112A>C	89	NC_000003.12:36993658:A:C	CCSBVarC007374	ENSP00000231790.3:p.Asn38His	MLH1	ENSG00000076242	AP1B1
HsVcPPIMLHSTAT	CCSBORF2713	103	CCSBORF100000476	LW	1	121G>C	131	NC_000003.12:36996622:G:C	CCSBVarC003192	ENSP00000231790.3:p.Asp41His	MLH1	ENSG00000076242	AP1B1
HsVcPPIMLHSTAT	CCSBORF2713	103	CCSBORF100000476	LW	1	131C>A	50	NC_000003.12:36996632:C:A	CCSBVarC009856	ENSP00000231790.3:p.Ser44Tyr	MLH1	ENSG00000076242	AP1B1
HsVcPPIMLHSTAT	CCSBORF2713	103	CCSBORF100000476	LW	1	1667G>T	42	NC_000003.12:37040293:G:T	CCSBVarC009817	ENSP00000231790.3:p.Ser556Ile	MLH1	ENSG00000076242	AP1B1
HsVcPPIMLHSTAT	CCSBORF2713	103	CCSBORF100000476	LW	1	1676T>C	61	NC_000003.12:37042275:T:C	CCSBVarC007381	ENSP00000231790.3:p.Leu559Pro	MLH1	ENSG00000076242	AP1B1
HsVcPPIMLHSTAT	CCSBORF2713	103	CCSBORF100000476	LW	1	1799A>G	103	NC_000003.12:37047585:A:G	CCSBVarC009739	ENSP00000231790.3:p.Glu600Gly	MLH1	ENSG00000076242	AP1B1
HsVcPPIMLHSTAT	CCSBORF2713	103	CCSBORF100000476	LW	1	1820T>A	0	NC_000003.12:37047606:T:A	CCSBVarC009811	ENSP00000231790.3:p.Leu607His	MLH1	ENSG00000076242	AP1B1
HsVcPPIMLHSTAT	CCSBORF2713	103	CCSBORF100000476	LW	1	1853A>C	78	NC_000003.12:37047639:A:C	CCSBVarC009759	ENSP00000231790.3:p.Lys618Thr	MLH1	ENSG00000076242	AP1B1
HsVcPPIMLHSTAT	CCSBORF2713	103	CCSBORF100000476	LW	1	1865T>C	66	NC_000003.12:37047651:T:C	CCSBVarC007388	ENSP00000231790.3:p.Leu622Pro	MLH1	ENSG00000076242	AP1B1
HsVcPPIMLHSTAT	CCSBORF2713	103	CCSBORF100000476	LW	1	199G>T	41	NC_000003.12:36996700:G:T	CCSBVarC009923	ENSP00000231790.3:p.Gly67Trp	MLH1	ENSG00000076242	AP1B1
HsVcPPIMLHSTAT	CCSBORF2713	103	CCSBORF100000476	LW	1	2074T>C	147	NC_000003.12:37048987:T:C	CCSBVarC009784	ENSP00000231790.3:p.Ser692Pro	MLH1	ENSG00000076242	AP1B1
HsVcPPIMLHSTAT	CCSBORF2713	103	CCSBORF100000476	LW	1	2103G>C	152	NC_000003.12:37049016:G:C	CCSBVarC007400	ENSP00000231790.3:p.Gln701His	MLH1	ENSG00000076242	AP1B1
HsVcPPIMLHSTAT	CCSBORF2713	103	CCSBORF100000476	LW	1	2252A>G	99	NC_000003.12:37050633:A:G	CCSBVarC003209	ENSP00000231790.3:p.Lys751Arg	MLH1	ENSG00000076242	AP1B1
HsVcPPIMLHSTAT	CCSBORF2713	103	CCSBORF100000476	LW	1	394G>C	78	NC_000003.12:37007003:G:C	CCSBVarC009793	ENSP00000231790.3:p.Asp132His	MLH1	ENSG00000076242	AP1B1
HsVcPPIMLHSTAT	CCSBORF2713	103	CCSBORF100000476	LW	1	62C>T	122	NC_000003.12:36993608:C:T	CCSBVarC009846	ENSP00000231790.3:p.Ala21Val	MLH1	ENSG00000076242	AP1B1
HsVcPPIMLHSTAT	CCSBORF2713	103	CCSBORF100000476	LW	1	793C>A	185	NC_000003.12:37017507:C:A	CCSBVarC009906	ENSP00000231790.3:p.Arg265Ser	MLH1	ENSG00000076242	AP1B1
HsVcPPIMLHSTAT	CCSBORF2713	103	CCSBORF100000476	LW	1	803A>G	127	NC_000003.12:37017517:A:G	CCSBVarC009733	ENSP00000231790.3:p.Glu268Gly	MLH1	ENSG00000076242	AP1B1
HsVcPPIMLHSTAT	CCSBORF2713	103	CCSBORF100000476	LW	1	827T>G	91	NC_000003.12:37017541:T:G	CCSBVarC009914	ENSP00000231790.3:p.Ile276Arg	MLH1	ENSG00000076242	AP1B1
HsVcPPIMLHSTAT	CCSBORF2713	103	CCSBORF100000476	LW	1	918T>A	90	NC_000003.12:37020342:T:A	CCSBVarC009864	ENSP00000231790.3:p.Asn306Lys	MLH1	ENSG00000076242	AP1B1
HsVcPPIMLHSTAT	CCSBORF2713	103	CCSBORF0	LW	1	REF	501	NULL	NULL	NULL	MLH1	ENSG00000076242	empty_AD
HsVcPPIMLHSTAT	CCSBORF2713	103	CCSBORF0	LW	1	1037A>G	231	NC_000003.12:37020461:A:G	CCSBVarC009930	ENSP00000231790.3:p.Gln346Arg	MLH1	ENSG00000076242	empty_AD
HsVcPPIMLHSTAT	CCSBORF2713	103	CCSBORF0	LW	1	1040C>A	65	NC_000003.12:37025637:C:A	CCSBVarC009777	ENSP00000231790.3:p.Thr347Asn	MLH1	ENSG00000076242	empty_AD
HsVcPPIMLHSTAT	CCSBORF2713	103	CCSBORF0	LW	1	1075A>G	93	NC_000003.12:37025672:A:G	CCSBVarC009805	ENSP00000231790.3:p.Met359Val	MLH1	ENSG00000076242	empty_AD
HsVcPPIMLHSTAT	CCSBORF2713	103	CCSBORF0	LW	1	112A>C	93	NC_000003.12:36993658:A:C	CCSBVarC007374	ENSP00000231790.3:p.Asn38His	MLH1	ENSG00000076242	empty_AD
HsVcPPIMLHSTAT	CCSBORF2713	103	CCSBORF0	LW	1	121G>C	130	NC_000003.12:36996622:G:C	CCSBVarC003192	ENSP00000231790.3:p.Asp41His	MLH1	ENSG00000076242	empty_AD
HsVcPPIMLHSTAT	CCSBORF2713	103	CCSBORF0	LW	1	131C>A	56	NC_000003.12:36996632:C:A	CCSBVarC009856	ENSP00000231790.3:p.Ser44Tyr	MLH1	ENSG00000076242	empty_AD
HsVcPPIMLHSTAT	CCSBORF2713	103	CCSBORF0	LW	1	1667G>T	97	NC_000003.12:37040293:G:T	CCSBVarC009817	ENSP00000231790.3:p.Ser556Ile	MLH1	ENSG00000076242	empty_AD
HsVcPPIMLHSTAT	CCSBORF2713	103	CCSBORF0	LW	1	1676T>C	168	NC_000003.12:37042275:T:C	CCSBVarC007381	ENSP00000231790.3:p.Leu559Pro	MLH1	ENSG00000076242	empty_AD
HsVcPPIMLHSTAT	CCSBORF2713	103	CCSBORF0	LW	1	1799A>G	108	NC_000003.12:37047585:A:G	CCSBVarC009739	ENSP00000231790.3:p.Glu600Gly	MLH1	ENSG00000076242	empty_AD
HsVcPPIMLHSTAT	CCSBORF2713	103	CCSBORF0	LW	1	1820T>A	1	NC_000003.12:37047606:T:A	CCSBVarC009811	ENSP00000231790.3:p.Leu607His	MLH1	ENSG00000076242	empty_AD
HsVcPPIMLHSTAT	CCSBORF2713	103	CCSBORF0	LW	1	1853A>C	105	NC_000003.12:37047639:A:C	CCSBVarC009759	ENSP00000231790.3:p.Lys618Thr	MLH1	ENSG00000076242	empty_AD
HsVcPPIMLHSTAT	CCSBORF2713	103	CCSBORF0	LW	1	1865T>C	150	NC_000003.12:37047651:T:C	CCSBVarC007388	ENSP00000231790.3:p.Leu622Pro	MLH1	ENSG00000076242	empty_AD
HsVcPPIMLHSTAT	CCSBORF2713	103	CCSBORF0	LW	1	199G>T	67	NC_000003.12:36996700:G:T	CCSBVarC009923	ENSP00000231790.3:p.Gly67Trp	MLH1	ENSG00000076242	empty_AD
HsVcPPIMLHSTAT	CCSBORF2713	103	CCSBORF0	LW	1	2074T>C	127	NC_000003.12:37048987:T:C	CCSBVarC009784	ENSP00000231790.3:p.Ser692Pro	MLH1	ENSG00000076242	empty_AD
HsVcPPIMLHSTAT	CCSBORF2713	103	CCSBORF0	LW	1	2103G>C	76	NC_000003.12:37049016:G:C	CCSBVarC007400	ENSP00000231790.3:p.Gln701His	MLH1	ENSG00000076242	empty_AD
HsVcPPIMLHSTAT	CCSBORF2713	103	CCSBORF0	LW	1	2252A>G	84	NC_000003.12:37050633:A:G	CCSBVarC003209	ENSP00000231790.3:p.Lys751Arg	MLH1	ENSG00000076242	empty_AD
HsVcPPIMLHSTAT	CCSBORF2713	103	CCSBORF0	LW	1	394G>C	148	NC_000003.12:37007003:G:C	CCSBVarC009793	ENSP00000231790.3:p.Asp132His	MLH1	ENSG00000076242	empty_AD
HsVcPPIMLHSTAT	CCSBORF2713	103	CCSBORF0	LW	1	62C>T	54	NC_000003.12:36993608:C:T	CCSBVarC009846	ENSP00000231790.3:p.Ala21Val	MLH1	ENSG00000076242	empty_AD
HsVcPPIMLHSTAT	CCSBORF2713	103	CCSBORF0	LW	1	793C>A	141	NC_000003.12:37017507:C:A	CCSBVarC009906	ENSP00000231790.3:p.Arg265Ser	MLH1	ENSG00000076242	empty_AD
HsVcPPIMLHSTAT	CCSBORF2713	103	CCSBORF0	LW	1	803A>G	67	NC_000003.12:37017517:A:G	CCSBVarC009733	ENSP00000231790.3:p.Glu268Gly	MLH1	ENSG00000076242	empty_AD
HsVcPPIMLHSTAT	CCSBORF2713	103	CCSBORF0	LW	1	827T>G	115	NC_000003.12:37017541:T:G	CCSBVarC009914	ENSP00000231790.3:p.Ile276Arg	MLH1	ENSG00000076242	empty_AD
HsVcPPIMLHSTAT	CCSBORF2713	103	CCSBORF0	LW	1	918T>A	74	NC_000003.12:37020342:T:A	CCSBVarC009864	ENSP00000231790.3:p.Asn306Lys	MLH1	ENSG00000076242	empty_AD
HsVcPPIMLHSTAT	CCSBORF2713	103	CCSBORF100000476	LW	2	REF	546	NULL	NULL	NULL	MLH1	ENSG00000076242	AP1B1
HsVcPPIMLHSTAT	CCSBORF2713	103	CCSBORF100000476	LW	2	1037A>G	184	NC_000003.12:37020461:A:G	CCSBVarC009930	ENSP00000231790.3:p.Gln346Arg	MLH1	ENSG00000076242	AP1B1
HsVcPPIMLHSTAT	CCSBORF2713	103	CCSBORF100000476	LW	2	1040C>A	104	NC_000003.12:37025637:C:A	CCSBVarC009777	ENSP00000231790.3:p.Thr347Asn	MLH1	ENSG00000076242	AP1B1
HsVcPPIMLHSTAT	CCSBORF2713	103	CCSBORF100000476	LW	2	1075A>G	46	NC_000003.12:37025672:A:G	CCSBVarC009805	ENSP00000231790.3:p.Met359Val	MLH1	ENSG00000076242	AP1B1
HsVcPPIMLHSTAT	CCSBORF2713	103	CCSBORF100000476	LW	2	112A>C	46	NC_000003.12:36993658:A:C	CCSBVarC007374	ENSP00000231790.3:p.Asn38His	MLH1	ENSG00000076242	AP1B1
HsVcPPIMLHSTAT	CCSBORF2713	103	CCSBORF100000476	LW	2	121G>C	115	NC_000003.12:36996622:G:C	CCSBVarC003192	ENSP00000231790.3:p.Asp41His	MLH1	ENSG00000076242	AP1B1
HsVcPPIMLHSTAT	CCSBORF2713	103	CCSBORF100000476	LW	2	131C>A	56	NC_000003.12:36996632:C:A	CCSBVarC009856	ENSP00000231790.3:p.Ser44Tyr	MLH1	ENSG00000076242	AP1B1
HsVcPPIMLHSTAT	CCSBORF2713	103	CCSBORF100000476	LW	2	1667G>T	50	NC_000003.12:37040293:G:T	CCSBVarC009817	ENSP00000231790.3:p.Ser556Ile	MLH1	ENSG00000076242	AP1B1
HsVcPPIMLHSTAT	CCSBORF2713	103	CCSBORF100000476	LW	2	1676T>C	40	NC_000003.12:37042275:T:C	CCSBVarC007381	ENSP00000231790.3:p.Leu559Pro	MLH1	ENSG00000076242	AP1B1
HsVcPPIMLHSTAT	CCSBORF2713	103	CCSBORF100000476	LW	2	1799A>G	98	NC_000003.12:37047585:A:G	CCSBVarC009739	ENSP00000231790.3:p.Glu600Gly	MLH1	ENSG00000076242	AP1B1
HsVcPPIMLHSTAT	CCSBORF2713	103	CCSBORF100000476	LW	2	1820T>A	3	NC_000003.12:37047606:T:A	CCSBVarC009811	ENSP00000231790.3:p.Leu607His	MLH1	ENSG00000076242	AP1B1
HsVcPPIMLHSTAT	CCSBORF2713	103	CCSBORF100000476	LW	2	1853A>C	41	NC_000003.12:37047639:A:C	CCSBVarC009759	ENSP00000231790.3:p.Lys618Thr	MLH1	ENSG00000076242	AP1B1
HsVcPPIMLHSTAT	CCSBORF2713	103	CCSBORF100000476	LW	2	1865T>C	94	NC_000003.12:37047651:T:C	CCSBVarC007388	ENSP00000231790.3:p.Leu622Pro	MLH1	ENSG00000076242	AP1B1
HsVcPPIMLHSTAT	CCSBORF2713	103	CCSBORF100000476	LW	2	199G>T	32	NC_000003.12:36996700:G:T	CCSBVarC009923	ENSP00000231790.3:p.Gly67Trp	MLH1	ENSG00000076242	AP1B1
HsVcPPIMLHSTAT	CCSBORF2713	103	CCSBORF100000476	LW	2	2074T>C	95	NC_000003.12:37048987:T:C	CCSBVarC009784	ENSP00000231790.3:p.Ser692Pro	MLH1	ENSG00000076242	AP1B1
HsVcPPIMLHSTAT	CCSBORF2713	103	CCSBORF100000476	LW	2	2103G>C	120	NC_000003.12:37049016:G:C	CCSBVarC007400	ENSP00000231790.3:p.Gln701His	MLH1	ENSG00000076242	AP1B1
HsVcPPIMLHSTAT	CCSBORF2713	103	CCSBORF100000476	LW	2	2252A>G	89	NC_000003.12:37050633:A:G	CCSBVarC003209	ENSP00000231790.3:p.Lys751Arg	MLH1	ENSG00000076242	AP1B1
HsVcPPIMLHSTAT	CCSBORF2713	103	CCSBORF100000476	LW	2	394G>C	87	NC_000003.12:37007003:G:C	CCSBVarC009793	ENSP00000231790.3:p.Asp132His	MLH1	ENSG00000076242	AP1B1
HsVcPPIMLHSTAT	CCSBORF2713	103	CCSBORF100000476	LW	2	62C>T	57	NC_000003.12:36993608:C:T	CCSBVarC009846	ENSP00000231790.3:p.Ala21Val	MLH1	ENSG00000076242	AP1B1
HsVcPPIMLHSTAT	CCSBORF2713	103	CCSBORF100000476	LW	2	793C>A	141	NC_000003.12:37017507:C:A	CCSBVarC009906	ENSP00000231790.3:p.Arg265Ser	MLH1	ENSG00000076242	AP1B1
HsVcPPIMLHSTAT	CCSBORF2713	103	CCSBORF100000476	LW	2	803A>G	115	NC_000003.12:37017517:A:G	CCSBVarC009733	ENSP00000231790.3:p.Glu268Gly	MLH1	ENSG00000076242	AP1B1
HsVcPPIMLHSTAT	CCSBORF2713	103	CCSBORF100000476	LW	2	827T>G	46	NC_000003.12:37017541:T:G	CCSBVarC009914	ENSP00000231790.3:p.Ile276Arg	MLH1	ENSG00000076242	AP1B1
HsVcPPIMLHSTAT	CCSBORF2713	103	CCSBORF100000476	LW	2	918T>A	66	NC_000003.12:37020342:T:A	CCSBVarC009864	ENSP00000231790.3:p.Asn306Lys	MLH1	ENSG00000076242	AP1B1
HsVcPPIMLHSTAT	CCSBORF2713	103	CCSBORF0	LW	2	REF	464	NULL	NULL	NULL	MLH1	ENSG00000076242	empty_AD
HsVcPPIMLHSTAT	CCSBORF2713	103	CCSBORF0	LW	2	1037A>G	125	NC_000003.12:37020461:A:G	CCSBVarC009930	ENSP00000231790.3:p.Gln346Arg	MLH1	ENSG00000076242	empty_AD
HsVcPPIMLHSTAT	CCSBORF2713	103	CCSBORF0	LW	2	1040C>A	83	NC_000003.12:37025637:C:A	CCSBVarC009777	ENSP00000231790.3:p.Thr347Asn	MLH1	ENSG00000076242	empty_AD
HsVcPPIMLHSTAT	CCSBORF2713	103	CCSBORF0	LW	2	1075A>G	38	NC_000003.12:37025672:A:G	CCSBVarC009805	ENSP00000231790.3:p.Met359Val	MLH1	ENSG00000076242	empty_AD
HsVcPPIMLHSTAT	CCSBORF2713	103	CCSBORF0	LW	2	112A>C	110	NC_000003.12:36993658:A:C	CCSBVarC007374	ENSP00000231790.3:p.Asn38His	MLH1	ENSG00000076242	empty_AD
HsVcPPIMLHSTAT	CCSBORF2713	103	CCSBORF0	LW	2	121G>C	97	NC_000003.12:36996622:G:C	CCSBVarC003192	ENSP00000231790.3:p.Asp41His	MLH1	ENSG00000076242	empty_AD
HsVcPPIMLHSTAT	CCSBORF2713	103	CCSBORF0	LW	2	131C>A	58	NC_000003.12:36996632:C:A	CCSBVarC009856	ENSP00000231790.3:p.Ser44Tyr	MLH1	ENSG00000076242	empty_AD
HsVcPPIMLHSTAT	CCSBORF2713	103	CCSBORF0	LW	2	1667G>T	104	NC_000003.12:37040293:G:T	CCSBVarC009817	ENSP00000231790.3:p.Ser556Ile	MLH1	ENSG00000076242	empty_AD
HsVcPPIMLHSTAT	CCSBORF2713	103	CCSBORF0	LW	2	1676T>C	100	NC_000003.12:37042275:T:C	CCSBVarC007381	ENSP00000231790.3:p.Leu559Pro	MLH1	ENSG00000076242	empty_AD
HsVcPPIMLHSTAT	CCSBORF2713	103	CCSBORF0	LW	2	1799A>G	156	NC_000003.12:37047585:A:G	CCSBVarC009739	ENSP00000231790.3:p.Glu600Gly	MLH1	ENSG00000076242	empty_AD
HsVcPPIMLHSTAT	CCSBORF2713	103	CCSBORF0	LW	2	1820T>A	2	NC_000003.12:37047606:T:A	CCSBVarC009811	ENSP00000231790.3:p.Leu607His	MLH1	ENSG00000076242	empty_AD
HsVcPPIMLHSTAT	CCSBORF2713	103	CCSBORF0	LW	2	1853A>C	62	NC_000003.12:37047639:A:C	CCSBVarC009759	ENSP00000231790.3:p.Lys618Thr	MLH1	ENSG00000076242	empty_AD
HsVcPPIMLHSTAT	CCSBORF2713	103	CCSBORF0	LW	2	1865T>C	83	NC_000003.12:37047651:T:C	CCSBVarC007388	ENSP00000231790.3:p.Leu622Pro	MLH1	ENSG00000076242	empty_AD
HsVcPPIMLHSTAT	CCSBORF2713	103	CCSBORF0	LW	2	199G>T	60	NC_000003.12:36996700:G:T	CCSBVarC009923	ENSP00000231790.3:p.Gly67Trp	MLH1	ENSG00000076242	empty_AD
HsVcPPIMLHSTAT	CCSBORF2713	103	CCSBORF0	LW	2	2074T>C	144	NC_000003.12:37048987:T:C	CCSBVarC009784	ENSP00000231790.3:p.Ser692Pro	MLH1	ENSG00000076242	empty_AD
HsVcPPIMLHSTAT	CCSBORF2713	103	CCSBORF0	LW	2	2103G>C	65	NC_000003.12:37049016:G:C	CCSBVarC007400	ENSP00000231790.3:p.Gln701His	MLH1	ENSG00000076242	empty_AD
HsVcPPIMLHSTAT	CCSBORF2713	103	CCSBORF0	LW	2	2252A>G	84	NC_000003.12:37050633:A:G	CCSBVarC003209	ENSP00000231790.3:p.Lys751Arg	MLH1	ENSG00000076242	empty_AD
HsVcPPIMLHSTAT	CCSBORF2713	103	CCSBORF0	LW	2	394G>C	134	NC_000003.12:37007003:G:C	CCSBVarC009793	ENSP00000231790.3:p.Asp132His	MLH1	ENSG00000076242	empty_AD
HsVcPPIMLHSTAT	CCSBORF2713	103	CCSBORF0	LW	2	62C>T	39	NC_000003.12:36993608:C:T	CCSBVarC009846	ENSP00000231790.3:p.Ala21Val	MLH1	ENSG00000076242	empty_AD
HsVcPPIMLHSTAT	CCSBORF2713	103	CCSBORF0	LW	2	793C>A	116	NC_000003.12:37017507:C:A	CCSBVarC009906	ENSP00000231790.3:p.Arg265Ser	MLH1	ENSG00000076242	empty_AD
HsVcPPIMLHSTAT	CCSBORF2713	103	CCSBORF0	LW	2	803A>G	95	NC_000003.12:37017517:A:G	CCSBVarC009733	ENSP00000231790.3:p.Glu268Gly	MLH1	ENSG00000076242	empty_AD
HsVcPPIMLHSTAT	CCSBORF2713	103	CCSBORF0	LW	2	827T>G	99	NC_000003.12:37017541:T:G	CCSBVarC009914	ENSP00000231790.3:p.Ile276Arg	MLH1	ENSG00000076242	empty_AD
HsVcPPIMLHSTAT	CCSBORF2713	103	CCSBORF0	LW	2	918T>A	68	NC_000003.12:37020342:T:A	CCSBVarC009864	ENSP00000231790.3:p.Asn306Lys	MLH1	ENSG00000076242	empty_AD
HsVcPPIMLHSTAT	CCSBORF2713	103	CCSBORF100000476	LW	3	REF	516	NULL	NULL	NULL	MLH1	ENSG00000076242	AP1B1
HsVcPPIMLHSTAT	CCSBORF2713	103	CCSBORF100000476	LW	3	1037A>G	157	NC_000003.12:37020461:A:G	CCSBVarC009930	ENSP00000231790.3:p.Gln346Arg	MLH1	ENSG00000076242	AP1B1
HsVcPPIMLHSTAT	CCSBORF2713	103	CCSBORF100000476	LW	3	1040C>A	120	NC_000003.12:37025637:C:A	CCSBVarC009777	ENSP00000231790.3:p.Thr347Asn	MLH1	ENSG00000076242	AP1B1
HsVcPPIMLHSTAT	CCSBORF2713	103	CCSBORF100000476	LW	3	1075A>G	42	NC_000003.12:37025672:A:G	CCSBVarC009805	ENSP00000231790.3:p.Met359Val	MLH1	ENSG00000076242	AP1B1
HsVcPPIMLHSTAT	CCSBORF2713	103	CCSBORF100000476	LW	3	112A>C	74	NC_000003.12:36993658:A:C	CCSBVarC007374	ENSP00000231790.3:p.Asn38His	MLH1	ENSG00000076242	AP1B1
HsVcPPIMLHSTAT	CCSBORF2713	103	CCSBORF100000476	LW	3	121G>C	130	NC_000003.12:36996622:G:C	CCSBVarC003192	ENSP00000231790.3:p.Asp41His	MLH1	ENSG00000076242	AP1B1
HsVcPPIMLHSTAT	CCSBORF2713	103	CCSBORF100000476	LW	3	131C>A	41	NC_000003.12:36996632:C:A	CCSBVarC009856	ENSP00000231790.3:p.Ser44Tyr	MLH1	ENSG00000076242	AP1B1
HsVcPPIMLHSTAT	CCSBORF2713	103	CCSBORF100000476	LW	3	1667G>T	65	NC_000003.12:37040293:G:T	CCSBVarC009817	ENSP00000231790.3:p.Ser556Ile	MLH1	ENSG00000076242	AP1B1
HsVcPPIMLHSTAT	CCSBORF2713	103	CCSBORF100000476	LW	3	1676T>C	48	NC_000003.12:37042275:T:C	CCSBVarC007381	ENSP00000231790.3:p.Leu559Pro	MLH1	ENSG00000076242	AP1B1
HsVcPPIMLHSTAT	CCSBORF2713	103	CCSBORF100000476	LW	3	1799A>G	132	NC_000003.12:37047585:A:G	CCSBVarC009739	ENSP00000231790.3:p.Glu600Gly	MLH1	ENSG00000076242	AP1B1
HsVcPPIMLHSTAT	CCSBORF2713	103	CCSBORF100000476	LW	3	1820T>A	0	NC_000003.12:37047606:T:A	CCSBVarC009811	ENSP00000231790.3:p.Leu607His	MLH1	ENSG00000076242	AP1B1
HsVcPPIMLHSTAT	CCSBORF2713	103	CCSBORF100000476	LW	3	1853A>C	47	NC_000003.12:37047639:A:C	CCSBVarC009759	ENSP00000231790.3:p.Lys618Thr	MLH1	ENSG00000076242	AP1B1
HsVcPPIMLHSTAT	CCSBORF2713	103	CCSBORF100000476	LW	3	1865T>C	82	NC_000003.12:37047651:T:C	CCSBVarC007388	ENSP00000231790.3:p.Leu622Pro	MLH1	ENSG00000076242	AP1B1
HsVcPPIMLHSTAT	CCSBORF2713	103	CCSBORF100000476	LW	3	199G>T	36	NC_000003.12:36996700:G:T	CCSBVarC009923	ENSP00000231790.3:p.Gly67Trp	MLH1	ENSG00000076242	AP1B1
HsVcPPIMLHSTAT	CCSBORF2713	103	CCSBORF100000476	LW	3	2074T>C	96	NC_000003.12:37048987:T:C	CCSBVarC009784	ENSP00000231790.3:p.Ser692Pro	MLH1	ENSG00000076242	AP1B1
HsVcPPIMLHSTAT	CCSBORF2713	103	CCSBORF100000476	LW	3	2103G>C	111	NC_000003.12:37049016:G:C	CCSBVarC007400	ENSP00000231790.3:p.Gln701His	MLH1	ENSG00000076242	AP1B1
HsVcPPIMLHSTAT	CCSBORF2713	103	CCSBORF100000476	LW	3	2252A>G	107	NC_000003.12:37050633:A:G	CCSBVarC003209	ENSP00000231790.3:p.Lys751Arg	MLH1	ENSG00000076242	AP1B1
HsVcPPIMLHSTAT	CCSBORF2713	103	CCSBORF100000476	LW	3	394G>C	117	NC_000003.12:37007003:G:C	CCSBVarC009793	ENSP00000231790.3:p.Asp132His	MLH1	ENSG00000076242	AP1B1
HsVcPPIMLHSTAT	CCSBORF2713	103	CCSBORF100000476	LW	3	62C>T	82	NC_000003.12:36993608:C:T	CCSBVarC009846	ENSP00000231790.3:p.Ala21Val	MLH1	ENSG00000076242	AP1B1
HsVcPPIMLHSTAT	CCSBORF2713	103	CCSBORF100000476	LW	3	793C>A	156	NC_000003.12:37017507:C:A	CCSBVarC009906	ENSP00000231790.3:p.Arg265Ser	MLH1	ENSG00000076242	AP1B1
HsVcPPIMLHSTAT	CCSBORF2713	103	CCSBORF100000476	LW	3	803A>G	105	NC_000003.12:37017517:A:G	CCSBVarC009733	ENSP00000231790.3:p.Glu268Gly	MLH1	ENSG00000076242	AP1B1
HsVcPPIMLHSTAT	CCSBORF2713	103	CCSBORF100000476	LW	3	827T>G	40	NC_000003.12:37017541:T:G	CCSBVarC009914	ENSP00000231790.3:p.Ile276Arg	MLH1	ENSG00000076242	AP1B1
HsVcPPIMLHSTAT	CCSBORF2713	103	CCSBORF100000476	LW	3	918T>A	41	NC_000003.12:37020342:T:A	CCSBVarC009864	ENSP00000231790.3:p.Asn306Lys	MLH1	ENSG00000076242	AP1B1
HsVcPPIMLHSTAT	CCSBORF2713	103	CCSBORF0	LW	3	REF	516	NULL	NULL	NULL	MLH1	ENSG00000076242	empty_AD
HsVcPPIMLHSTAT	CCSBORF2713	103	CCSBORF0	LW	3	1037A>G	175	NC_000003.12:37020461:A:G	CCSBVarC009930	ENSP00000231790.3:p.Gln346Arg	MLH1	ENSG00000076242	empty_AD
HsVcPPIMLHSTAT	CCSBORF2713	103	CCSBORF0	LW	3	1040C>A	64	NC_000003.12:37025637:C:A	CCSBVarC009777	ENSP00000231790.3:p.Thr347Asn	MLH1	ENSG00000076242	empty_AD
HsVcPPIMLHSTAT	CCSBORF2713	103	CCSBORF0	LW	3	1075A>G	76	NC_000003.12:37025672:A:G	CCSBVarC009805	ENSP00000231790.3:p.Met359Val	MLH1	ENSG00000076242	empty_AD
HsVcPPIMLHSTAT	CCSBORF2713	103	CCSBORF0	LW	3	112A>C	50	NC_000003.12:36993658:A:C	CCSBVarC007374	ENSP00000231790.3:p.Asn38His	MLH1	ENSG00000076242	empty_AD
HsVcPPIMLHSTAT	CCSBORF2713	103	CCSBORF0	LW	3	121G>C	142	NC_000003.12:36996622:G:C	CCSBVarC003192	ENSP00000231790.3:p.Asp41His	MLH1	ENSG00000076242	empty_AD
HsVcPPIMLHSTAT	CCSBORF2713	103	CCSBORF0	LW	3	131C>A	48	NC_000003.12:36996632:C:A	CCSBVarC009856	ENSP00000231790.3:p.Ser44Tyr	MLH1	ENSG00000076242	empty_AD
HsVcPPIMLHSTAT	CCSBORF2713	103	CCSBORF0	LW	3	1667G>T	98	NC_000003.12:37040293:G:T	CCSBVarC009817	ENSP00000231790.3:p.Ser556Ile	MLH1	ENSG00000076242	empty_AD
HsVcPPIMLHSTAT	CCSBORF2713	103	CCSBORF0	LW	3	1676T>C	107	NC_000003.12:37042275:T:C	CCSBVarC007381	ENSP00000231790.3:p.Leu559Pro	MLH1	ENSG00000076242	empty_AD
HsVcPPIMLHSTAT	CCSBORF2713	103	CCSBORF0	LW	3	1799A>G	74	NC_000003.12:37047585:A:G	CCSBVarC009739	ENSP00000231790.3:p.Glu600Gly	MLH1	ENSG00000076242	empty_AD
HsVcPPIMLHSTAT	CCSBORF2713	103	CCSBORF0	LW	3	1820T>A	1	NC_000003.12:37047606:T:A	CCSBVarC009811	ENSP00000231790.3:p.Leu607His	MLH1	ENSG00000076242	empty_AD
HsVcPPIMLHSTAT	CCSBORF2713	103	CCSBORF0	LW	3	1853A>C	78	NC_000003.12:37047639:A:C	CCSBVarC009759	ENSP00000231790.3:p.Lys618Thr	MLH1	ENSG00000076242	empty_AD
HsVcPPIMLHSTAT	CCSBORF2713	103	CCSBORF0	LW	3	1865T>C	69	NC_000003.12:37047651:T:C	CCSBVarC007388	ENSP00000231790.3:p.Leu622Pro	MLH1	ENSG00000076242	empty_AD
HsVcPPIMLHSTAT	CCSBORF2713	103	CCSBORF0	LW	3	199G>T	65	NC_000003.12:36996700:G:T	CCSBVarC009923	ENSP00000231790.3:p.Gly67Trp	MLH1	ENSG00000076242	empty_AD
HsVcPPIMLHSTAT	CCSBORF2713	103	CCSBORF0	LW	3	2074T>C	78	NC_000003.12:37048987:T:C	CCSBVarC009784	ENSP00000231790.3:p.Ser692Pro	MLH1	ENSG00000076242	empty_AD
HsVcPPIMLHSTAT	CCSBORF2713	103	CCSBORF0	LW	3	2103G>C	127	NC_000003.12:37049016:G:C	CCSBVarC007400	ENSP00000231790.3:p.Gln701His	MLH1	ENSG00000076242	empty_AD
HsVcPPIMLHSTAT	CCSBORF2713	103	CCSBORF0	LW	3	2252A>G	119	NC_000003.12:37050633:A:G	CCSBVarC003209	ENSP00000231790.3:p.Lys751Arg	MLH1	ENSG00000076242	empty_AD
HsVcPPIMLHSTAT	CCSBORF2713	103	CCSBORF0	LW	3	394G>C	125	NC_000003.12:37007003:G:C	CCSBVarC009793	ENSP00000231790.3:p.Asp132His	MLH1	ENSG00000076242	empty_AD
HsVcPPIMLHSTAT	CCSBORF2713	103	CCSBORF0	LW	3	62C>T	66	NC_000003.12:36993608:C:T	CCSBVarC009846	ENSP00000231790.3:p.Ala21Val	MLH1	ENSG00000076242	empty_AD
HsVcPPIMLHSTAT	CCSBORF2713	103	CCSBORF0	LW	3	793C>A	132	NC_000003.12:37017507:C:A	CCSBVarC009906	ENSP00000231790.3:p.Arg265Ser	MLH1	ENSG00000076242	empty_AD
HsVcPPIMLHSTAT	CCSBORF2713	103	CCSBORF0	LW	3	803A>G	98	NC_000003.12:37017517:A:G	CCSBVarC009733	ENSP00000231790.3:p.Glu268Gly	MLH1	ENSG00000076242	empty_AD
HsVcPPIMLHSTAT	CCSBORF2713	103	CCSBORF0	LW	3	827T>G	107	NC_000003.12:37017541:T:G	CCSBVarC009914	ENSP00000231790.3:p.Ile276Arg	MLH1	ENSG00000076242	empty_AD
HsVcPPIMLHSTAT	CCSBORF2713	103	CCSBORF0	LW	3	918T>A	56	NC_000003.12:37020342:T:A	CCSBVarC009864	ENSP00000231790.3:p.Asn306Lys	MLH1	ENSG00000076242	empty_AD
HsVcPPIMLHSTAT	CCSBORF2713	103	CCSBORF11922	LW	1	REF	332	NULL	NULL	NULL	MLH1	ENSG00000076242	MYOG
HsVcPPIMLHSTAT	CCSBORF2713	103	CCSBORF11922	LW	1	1037A>G	101	NC_000003.12:37020461:A:G	CCSBVarC009930	ENSP00000231790.3:p.Gln346Arg	MLH1	ENSG00000076242	MYOG
HsVcPPIMLHSTAT	CCSBORF2713	103	CCSBORF11922	LW	1	1040C>A	56	NC_000003.12:37025637:C:A	CCSBVarC009777	ENSP00000231790.3:p.Thr347Asn	MLH1	ENSG00000076242	MYOG
HsVcPPIMLHSTAT	CCSBORF2713	103	CCSBORF11922	LW	1	1075A>G	35	NC_000003.12:37025672:A:G	CCSBVarC009805	ENSP00000231790.3:p.Met359Val	MLH1	ENSG00000076242	MYOG
HsVcPPIMLHSTAT	CCSBORF2713	103	CCSBORF11922	LW	1	112A>C	48	NC_000003.12:36993658:A:C	CCSBVarC007374	ENSP00000231790.3:p.Asn38His	MLH1	ENSG00000076242	MYOG
HsVcPPIMLHSTAT	CCSBORF2713	103	CCSBORF11922	LW	1	121G>C	73	NC_000003.12:36996622:G:C	CCSBVarC003192	ENSP00000231790.3:p.Asp41His	MLH1	ENSG00000076242	MYOG
HsVcPPIMLHSTAT	CCSBORF2713	103	CCSBORF11922	LW	1	131C>A	32	NC_000003.12:36996632:C:A	CCSBVarC009856	ENSP00000231790.3:p.Ser44Tyr	MLH1	ENSG00000076242	MYOG
HsVcPPIMLHSTAT	CCSBORF2713	103	CCSBORF11922	LW	1	1667G>T	55	NC_000003.12:37040293:G:T	CCSBVarC009817	ENSP00000231790.3:p.Ser556Ile	MLH1	ENSG00000076242	MYOG
HsVcPPIMLHSTAT	CCSBORF2713	103	CCSBORF11922	LW	1	1676T>C	57	NC_000003.12:37042275:T:C	CCSBVarC007381	ENSP00000231790.3:p.Leu559Pro	MLH1	ENSG00000076242	MYOG
HsVcPPIMLHSTAT	CCSBORF2713	103	CCSBORF11922	LW	1	1799A>G	60	NC_000003.12:37047585:A:G	CCSBVarC009739	ENSP00000231790.3:p.Glu600Gly	MLH1	ENSG00000076242	MYOG
HsVcPPIMLHSTAT	CCSBORF2713	103	CCSBORF11922	LW	1	1820T>A	2	NC_000003.12:37047606:T:A	CCSBVarC009811	ENSP00000231790.3:p.Leu607His	MLH1	ENSG00000076242	MYOG
HsVcPPIMLHSTAT	CCSBORF2713	103	CCSBORF11922	LW	1	1853A>C	56	NC_000003.12:37047639:A:C	CCSBVarC009759	ENSP00000231790.3:p.Lys618Thr	MLH1	ENSG00000076242	MYOG
HsVcPPIMLHSTAT	CCSBORF2713	103	CCSBORF11922	LW	1	1865T>C	43	NC_000003.12:37047651:T:C	CCSBVarC007388	ENSP00000231790.3:p.Leu622Pro	MLH1	ENSG00000076242	MYOG
HsVcPPIMLHSTAT	CCSBORF2713	103	CCSBORF11922	LW	1	199G>T	34	NC_000003.12:36996700:G:T	CCSBVarC009923	ENSP00000231790.3:p.Gly67Trp	MLH1	ENSG00000076242	MYOG
HsVcPPIMLHSTAT	CCSBORF2713	103	CCSBORF11922	LW	1	2074T>C	82	NC_000003.12:37048987:T:C	CCSBVarC009784	ENSP00000231790.3:p.Ser692Pro	MLH1	ENSG00000076242	MYOG
HsVcPPIMLHSTAT	CCSBORF2713	103	CCSBORF11922	LW	1	2103G>C	38	NC_000003.12:37049016:G:C	CCSBVarC007400	ENSP00000231790.3:p.Gln701His	MLH1	ENSG00000076242	MYOG
HsVcPPIMLHSTAT	CCSBORF2713	103	CCSBORF11922	LW	1	2252A>G	73	NC_000003.12:37050633:A:G	CCSBVarC003209	ENSP00000231790.3:p.Lys751Arg	MLH1	ENSG00000076242	MYOG
HsVcPPIMLHSTAT	CCSBORF2713	103	CCSBORF11922	LW	1	394G>C	80	NC_000003.12:37007003:G:C	CCSBVarC009793	ENSP00000231790.3:p.Asp132His	MLH1	ENSG00000076242	MYOG
HsVcPPIMLHSTAT	CCSBORF2713	103	CCSBORF11922	LW	1	62C>T	36	NC_000003.12:36993608:C:T	CCSBVarC009846	ENSP00000231790.3:p.Ala21Val	MLH1	ENSG00000076242	MYOG
HsVcPPIMLHSTAT	CCSBORF2713	103	CCSBORF11922	LW	1	793C>A	113	NC_000003.12:37017507:C:A	CCSBVarC009906	ENSP00000231790.3:p.Arg265Ser	MLH1	ENSG00000076242	MYOG
HsVcPPIMLHSTAT	CCSBORF2713	103	CCSBORF11922	LW	1	803A>G	72	NC_000003.12:37017517:A:G	CCSBVarC009733	ENSP00000231790.3:p.Glu268Gly	MLH1	ENSG00000076242	MYOG
HsVcPPIMLHSTAT	CCSBORF2713	103	CCSBORF11922	LW	1	827T>G	53	NC_000003.12:37017541:T:G	CCSBVarC009914	ENSP00000231790.3:p.Ile276Arg	MLH1	ENSG00000076242	MYOG
HsVcPPIMLHSTAT	CCSBORF2713	103	CCSBORF11922	LW	1	918T>A	42	NC_000003.12:37020342:T:A	CCSBVarC009864	ENSP00000231790.3:p.Asn306Lys	MLH1	ENSG00000076242	MYOG
HsVcPPIMLHSTAT	CCSBORF2713	103	CCSBORF11922	LW	2	REF	579	NULL	NULL	NULL	MLH1	ENSG00000076242	MYOG
HsVcPPIMLHSTAT	CCSBORF2713	103	CCSBORF11922	LW	2	1037A>G	163	NC_000003.12:37020461:A:G	CCSBVarC009930	ENSP00000231790.3:p.Gln346Arg	MLH1	ENSG00000076242	MYOG
HsVcPPIMLHSTAT	CCSBORF2713	103	CCSBORF11922	LW	2	1040C>A	104	NC_000003.12:37025637:C:A	CCSBVarC009777	ENSP00000231790.3:p.Thr347Asn	MLH1	ENSG00000076242	MYOG
HsVcPPIMLHSTAT	CCSBORF2713	103	CCSBORF11922	LW	2	1075A>G	59	NC_000003.12:37025672:A:G	CCSBVarC009805	ENSP00000231790.3:p.Met359Val	MLH1	ENSG00000076242	MYOG
HsVcPPIMLHSTAT	CCSBORF2713	103	CCSBORF11922	LW	2	112A>C	102	NC_000003.12:36993658:A:C	CCSBVarC007374	ENSP00000231790.3:p.Asn38His	MLH1	ENSG00000076242	MYOG
HsVcPPIMLHSTAT	CCSBORF2713	103	CCSBORF11922	LW	2	121G>C	96	NC_000003.12:36996622:G:C	CCSBVarC003192	ENSP00000231790.3:p.Asp41His	MLH1	ENSG00000076242	MYOG
HsVcPPIMLHSTAT	CCSBORF2713	103	CCSBORF11922	LW	2	131C>A	86	NC_000003.12:36996632:C:A	CCSBVarC009856	ENSP00000231790.3:p.Ser44Tyr	MLH1	ENSG00000076242	MYOG
HsVcPPIMLHSTAT	CCSBORF2713	103	CCSBORF11922	LW	2	1667G>T	77	NC_000003.12:37040293:G:T	CCSBVarC009817	ENSP00000231790.3:p.Ser556Ile	MLH1	ENSG00000076242	MYOG
HsVcPPIMLHSTAT	CCSBORF2713	103	CCSBORF11922	LW	2	1676T>C	90	NC_000003.12:37042275:T:C	CCSBVarC007381	ENSP00000231790.3:p.Leu559Pro	MLH1	ENSG00000076242	MYOG
HsVcPPIMLHSTAT	CCSBORF2713	103	CCSBORF11922	LW	2	1799A>G	187	NC_000003.12:37047585:A:G	CCSBVarC009739	ENSP00000231790.3:p.Glu600Gly	MLH1	ENSG00000076242	MYOG
HsVcPPIMLHSTAT	CCSBORF2713	103	CCSBORF11922	LW	2	1820T>A	4	NC_000003.12:37047606:T:A	CCSBVarC009811	ENSP00000231790.3:p.Leu607His	MLH1	ENSG00000076242	MYOG
HsVcPPIMLHSTAT	CCSBORF2713	103	CCSBORF11922	LW	2	1853A>C	86	NC_000003.12:37047639:A:C	CCSBVarC009759	ENSP00000231790.3:p.Lys618Thr	MLH1	ENSG00000076242	MYOG
HsVcPPIMLHSTAT	CCSBORF2713	103	CCSBORF11922	LW	2	1865T>C	107	NC_000003.12:37047651:T:C	CCSBVarC007388	ENSP00000231790.3:p.Leu622Pro	MLH1	ENSG00000076242	MYOG
HsVcPPIMLHSTAT	CCSBORF2713	103	CCSBORF11922	LW	2	199G>T	45	NC_000003.12:36996700:G:T	CCSBVarC009923	ENSP00000231790.3:p.Gly67Trp	MLH1	ENSG00000076242	MYOG
HsVcPPIMLHSTAT	CCSBORF2713	103	CCSBORF11922	LW	2	2074T>C	126	NC_000003.12:37048987:T:C	CCSBVarC009784	ENSP00000231790.3:p.Ser692Pro	MLH1	ENSG00000076242	MYOG
HsVcPPIMLHSTAT	CCSBORF2713	103	CCSBORF11922	LW	2	2103G>C	97	NC_000003.12:37049016:G:C	CCSBVarC007400	ENSP00000231790.3:p.Gln701His	MLH1	ENSG00000076242	MYOG
HsVcPPIMLHSTAT	CCSBORF2713	103	CCSBORF11922	LW	2	2252A>G	101	NC_000003.12:37050633:A:G	CCSBVarC003209	ENSP00000231790.3:p.Lys751Arg	MLH1	ENSG00000076242	MYOG
HsVcPPIMLHSTAT	CCSBORF2713	103	CCSBORF11922	LW	2	394G>C	97	NC_000003.12:37007003:G:C	CCSBVarC009793	ENSP00000231790.3:p.Asp132His	MLH1	ENSG00000076242	MYOG
HsVcPPIMLHSTAT	CCSBORF2713	103	CCSBORF11922	LW	2	62C>T	109	NC_000003.12:36993608:C:T	CCSBVarC009846	ENSP00000231790.3:p.Ala21Val	MLH1	ENSG00000076242	MYOG
HsVcPPIMLHSTAT	CCSBORF2713	103	CCSBORF11922	LW	2	793C>A	193	NC_000003.12:37017507:C:A	CCSBVarC009906	ENSP00000231790.3:p.Arg265Ser	MLH1	ENSG00000076242	MYOG
HsVcPPIMLHSTAT	CCSBORF2713	103	CCSBORF11922	LW	2	803A>G	101	NC_000003.12:37017517:A:G	CCSBVarC009733	ENSP00000231790.3:p.Glu268Gly	MLH1	ENSG00000076242	MYOG
HsVcPPIMLHSTAT	CCSBORF2713	103	CCSBORF11922	LW	2	827T>G	100	NC_000003.12:37017541:T:G	CCSBVarC009914	ENSP00000231790.3:p.Ile276Arg	MLH1	ENSG00000076242	MYOG
HsVcPPIMLHSTAT	CCSBORF2713	103	CCSBORF11922	LW	2	918T>A	42	NC_000003.12:37020342:T:A	CCSBVarC009864	ENSP00000231790.3:p.Asn306Lys	MLH1	ENSG00000076242	MYOG
HsVcPPIMLHSTAT	CCSBORF2713	103	CCSBORF11922	LW	3	REF	452	NULL	NULL	NULL	MLH1	ENSG00000076242	MYOG
HsVcPPIMLHSTAT	CCSBORF2713	103	CCSBORF11922	LW	3	1037A>G	269	NC_000003.12:37020461:A:G	CCSBVarC009930	ENSP00000231790.3:p.Gln346Arg	MLH1	ENSG00000076242	MYOG
HsVcPPIMLHSTAT	CCSBORF2713	103	CCSBORF11922	LW	3	1040C>A	63	NC_000003.12:37025637:C:A	CCSBVarC009777	ENSP00000231790.3:p.Thr347Asn	MLH1	ENSG00000076242	MYOG
HsVcPPIMLHSTAT	CCSBORF2713	103	CCSBORF11922	LW	3	1075A>G	30	NC_000003.12:37025672:A:G	CCSBVarC009805	ENSP00000231790.3:p.Met359Val	MLH1	ENSG00000076242	MYOG
HsVcPPIMLHSTAT	CCSBORF2713	103	CCSBORF11922	LW	3	112A>C	69	NC_000003.12:36993658:A:C	CCSBVarC007374	ENSP00000231790.3:p.Asn38His	MLH1	ENSG00000076242	MYOG
HsVcPPIMLHSTAT	CCSBORF2713	103	CCSBORF11922	LW	3	121G>C	195	NC_000003.12:36996622:G:C	CCSBVarC003192	ENSP00000231790.3:p.Asp41His	MLH1	ENSG00000076242	MYOG
HsVcPPIMLHSTAT	CCSBORF2713	103	CCSBORF11922	LW	3	131C>A	74	NC_000003.12:36996632:C:A	CCSBVarC009856	ENSP00000231790.3:p.Ser44Tyr	MLH1	ENSG00000076242	MYOG
HsVcPPIMLHSTAT	CCSBORF2713	103	CCSBORF11922	LW	3	1667G>T	109	NC_000003.12:37040293:G:T	CCSBVarC009817	ENSP00000231790.3:p.Ser556Ile	MLH1	ENSG00000076242	MYOG
HsVcPPIMLHSTAT	CCSBORF2713	103	CCSBORF11922	LW	3	1676T>C	136	NC_000003.12:37042275:T:C	CCSBVarC007381	ENSP00000231790.3:p.Leu559Pro	MLH1	ENSG00000076242	MYOG
HsVcPPIMLHSTAT	CCSBORF2713	103	CCSBORF11922	LW	3	1799A>G	110	NC_000003.12:37047585:A:G	CCSBVarC009739	ENSP00000231790.3:p.Glu600Gly	MLH1	ENSG00000076242	MYOG
HsVcPPIMLHSTAT	CCSBORF2713	103	CCSBORF11922	LW	3	1820T>A	4	NC_000003.12:37047606:T:A	CCSBVarC009811	ENSP00000231790.3:p.Leu607His	MLH1	ENSG00000076242	MYOG
HsVcPPIMLHSTAT	CCSBORF2713	103	CCSBORF11922	LW	3	1853A>C	78	NC_000003.12:37047639:A:C	CCSBVarC009759	ENSP00000231790.3:p.Lys618Thr	MLH1	ENSG00000076242	MYOG
HsVcPPIMLHSTAT	CCSBORF2713	103	CCSBORF11922	LW	3	1865T>C	95	NC_000003.12:37047651:T:C	CCSBVarC007388	ENSP00000231790.3:p.Leu622Pro	MLH1	ENSG00000076242	MYOG
HsVcPPIMLHSTAT	CCSBORF2713	103	CCSBORF11922	LW	3	199G>T	68	NC_000003.12:36996700:G:T	CCSBVarC009923	ENSP00000231790.3:p.Gly67Trp	MLH1	ENSG00000076242	MYOG
HsVcPPIMLHSTAT	CCSBORF2713	103	CCSBORF11922	LW	3	2074T>C	128	NC_000003.12:37048987:T:C	CCSBVarC009784	ENSP00000231790.3:p.Ser692Pro	MLH1	ENSG00000076242	MYOG
HsVcPPIMLHSTAT	CCSBORF2713	103	CCSBORF11922	LW	3	2103G>C	87	NC_000003.12:37049016:G:C	CCSBVarC007400	ENSP00000231790.3:p.Gln701His	MLH1	ENSG00000076242	MYOG
HsVcPPIMLHSTAT	CCSBORF2713	103	CCSBORF11922	LW	3	2252A>G	155	NC_000003.12:37050633:A:G	CCSBVarC003209	ENSP00000231790.3:p.Lys751Arg	MLH1	ENSG00000076242	MYOG
HsVcPPIMLHSTAT	CCSBORF2713	103	CCSBORF11922	LW	3	394G>C	138	NC_000003.12:37007003:G:C	CCSBVarC009793	ENSP00000231790.3:p.Asp132His	MLH1	ENSG00000076242	MYOG
HsVcPPIMLHSTAT	CCSBORF2713	103	CCSBORF11922	LW	3	62C>T	48	NC_000003.12:36993608:C:T	CCSBVarC009846	ENSP00000231790.3:p.Ala21Val	MLH1	ENSG00000076242	MYOG
HsVcPPIMLHSTAT	CCSBORF2713	103	CCSBORF11922	LW	3	793C>A	175	NC_000003.12:37017507:C:A	CCSBVarC009906	ENSP00000231790.3:p.Arg265Ser	MLH1	ENSG00000076242	MYOG
HsVcPPIMLHSTAT	CCSBORF2713	103	CCSBORF11922	LW	3	803A>G	85	NC_000003.12:37017517:A:G	CCSBVarC009733	ENSP00000231790.3:p.Glu268Gly	MLH1	ENSG00000076242	MYOG
HsVcPPIMLHSTAT	CCSBORF2713	103	CCSBORF11922	LW	3	827T>G	160	NC_000003.12:37017541:T:G	CCSBVarC009914	ENSP00000231790.3:p.Ile276Arg	MLH1	ENSG00000076242	MYOG
HsVcPPIMLHSTAT	CCSBORF2713	103	CCSBORF11922	LW	3	918T>A	58	NC_000003.12:37020342:T:A	CCSBVarC009864	ENSP00000231790.3:p.Asn306Lys	MLH1	ENSG00000076242	MYOG
HsVcPPIMLHSTAT	CCSBORF2713	103	CCSBORF54341	LW	1	REF	311	NULL	NULL	NULL	MLH1	ENSG00000076242	PTPN3
HsVcPPIMLHSTAT	CCSBORF2713	103	CCSBORF54341	LW	1	1037A>G	128	NC_000003.12:37020461:A:G	CCSBVarC009930	ENSP00000231790.3:p.Gln346Arg	MLH1	ENSG00000076242	PTPN3
HsVcPPIMLHSTAT	CCSBORF2713	103	CCSBORF54341	LW	1	1040C>A	95	NC_000003.12:37025637:C:A	CCSBVarC009777	ENSP00000231790.3:p.Thr347Asn	MLH1	ENSG00000076242	PTPN3
HsVcPPIMLHSTAT	CCSBORF2713	103	CCSBORF54341	LW	1	1075A>G	37	NC_000003.12:37025672:A:G	CCSBVarC009805	ENSP00000231790.3:p.Met359Val	MLH1	ENSG00000076242	PTPN3
HsVcPPIMLHSTAT	CCSBORF2713	103	CCSBORF54341	LW	1	112A>C	47	NC_000003.12:36993658:A:C	CCSBVarC007374	ENSP00000231790.3:p.Asn38His	MLH1	ENSG00000076242	PTPN3
HsVcPPIMLHSTAT	CCSBORF2713	103	CCSBORF54341	LW	1	121G>C	65	NC_000003.12:36996622:G:C	CCSBVarC003192	ENSP00000231790.3:p.Asp41His	MLH1	ENSG00000076242	PTPN3
HsVcPPIMLHSTAT	CCSBORF2713	103	CCSBORF54341	LW	1	131C>A	34	NC_000003.12:36996632:C:A	CCSBVarC009856	ENSP00000231790.3:p.Ser44Tyr	MLH1	ENSG00000076242	PTPN3
HsVcPPIMLHSTAT	CCSBORF2713	103	CCSBORF54341	LW	1	1667G>T	60	NC_000003.12:37040293:G:T	CCSBVarC009817	ENSP00000231790.3:p.Ser556Ile	MLH1	ENSG00000076242	PTPN3
HsVcPPIMLHSTAT	CCSBORF2713	103	CCSBORF54341	LW	1	1676T>C	52	NC_000003.12:37042275:T:C	CCSBVarC007381	ENSP00000231790.3:p.Leu559Pro	MLH1	ENSG00000076242	PTPN3
HsVcPPIMLHSTAT	CCSBORF2713	103	CCSBORF54341	LW	1	1799A>G	60	NC_000003.12:37047585:A:G	CCSBVarC009739	ENSP00000231790.3:p.Glu600Gly	MLH1	ENSG00000076242	PTPN3
HsVcPPIMLHSTAT	CCSBORF2713	103	CCSBORF54341	LW	1	1820T>A	0	NC_000003.12:37047606:T:A	CCSBVarC009811	ENSP00000231790.3:p.Leu607His	MLH1	ENSG00000076242	PTPN3
HsVcPPIMLHSTAT	CCSBORF2713	103	CCSBORF54341	LW	1	1853A>C	23	NC_000003.12:37047639:A:C	CCSBVarC009759	ENSP00000231790.3:p.Lys618Thr	MLH1	ENSG00000076242	PTPN3
HsVcPPIMLHSTAT	CCSBORF2713	103	CCSBORF54341	LW	1	1865T>C	50	NC_000003.12:37047651:T:C	CCSBVarC007388	ENSP00000231790.3:p.Leu622Pro	MLH1	ENSG00000076242	PTPN3
HsVcPPIMLHSTAT	CCSBORF2713	103	CCSBORF54341	LW	1	199G>T	20	NC_000003.12:36996700:G:T	CCSBVarC009923	ENSP00000231790.3:p.Gly67Trp	MLH1	ENSG00000076242	PTPN3
HsVcPPIMLHSTAT	CCSBORF2713	103	CCSBORF54341	LW	1	2074T>C	28	NC_000003.12:37048987:T:C	CCSBVarC009784	ENSP00000231790.3:p.Ser692Pro	MLH1	ENSG00000076242	PTPN3
HsVcPPIMLHSTAT	CCSBORF2713	103	CCSBORF54341	LW	1	2103G>C	44	NC_000003.12:37049016:G:C	CCSBVarC007400	ENSP00000231790.3:p.Gln701His	MLH1	ENSG00000076242	PTPN3
HsVcPPIMLHSTAT	CCSBORF2713	103	CCSBORF54341	LW	1	2252A>G	68	NC_000003.12:37050633:A:G	CCSBVarC003209	ENSP00000231790.3:p.Lys751Arg	MLH1	ENSG00000076242	PTPN3
HsVcPPIMLHSTAT	CCSBORF2713	103	CCSBORF54341	LW	1	394G>C	71	NC_000003.12:37007003:G:C	CCSBVarC009793	ENSP00000231790.3:p.Asp132His	MLH1	ENSG00000076242	PTPN3
HsVcPPIMLHSTAT	CCSBORF2713	103	CCSBORF54341	LW	1	62C>T	51	NC_000003.12:36993608:C:T	CCSBVarC009846	ENSP00000231790.3:p.Ala21Val	MLH1	ENSG00000076242	PTPN3
HsVcPPIMLHSTAT	CCSBORF2713	103	CCSBORF54341	LW	1	793C>A	132	NC_000003.12:37017507:C:A	CCSBVarC009906	ENSP00000231790.3:p.Arg265Ser	MLH1	ENSG00000076242	PTPN3
HsVcPPIMLHSTAT	CCSBORF2713	103	CCSBORF54341	LW	1	803A>G	55	NC_000003.12:37017517:A:G	CCSBVarC009733	ENSP00000231790.3:p.Glu268Gly	MLH1	ENSG00000076242	PTPN3
HsVcPPIMLHSTAT	CCSBORF2713	103	CCSBORF54341	LW	1	827T>G	40	NC_000003.12:37017541:T:G	CCSBVarC009914	ENSP00000231790.3:p.Ile276Arg	MLH1	ENSG00000076242	PTPN3
HsVcPPIMLHSTAT	CCSBORF2713	103	CCSBORF54341	LW	1	918T>A	40	NC_000003.12:37020342:T:A	CCSBVarC009864	ENSP00000231790.3:p.Asn306Lys	MLH1	ENSG00000076242	PTPN3
HsVcPPIMLHSTAT	CCSBORF2713	103	CCSBORF54341	LW	2	REF	423	NULL	NULL	NULL	MLH1	ENSG00000076242	PTPN3
HsVcPPIMLHSTAT	CCSBORF2713	103	CCSBORF54341	LW	2	1037A>G	168	NC_000003.12:37020461:A:G	CCSBVarC009930	ENSP00000231790.3:p.Gln346Arg	MLH1	ENSG00000076242	PTPN3
HsVcPPIMLHSTAT	CCSBORF2713	103	CCSBORF54341	LW	2	1040C>A	65	NC_000003.12:37025637:C:A	CCSBVarC009777	ENSP00000231790.3:p.Thr347Asn	MLH1	ENSG00000076242	PTPN3
HsVcPPIMLHSTAT	CCSBORF2713	103	CCSBORF54341	LW	2	1075A>G	65	NC_000003.12:37025672:A:G	CCSBVarC009805	ENSP00000231790.3:p.Met359Val	MLH1	ENSG00000076242	PTPN3
HsVcPPIMLHSTAT	CCSBORF2713	103	CCSBORF54341	LW	2	112A>C	51	NC_000003.12:36993658:A:C	CCSBVarC007374	ENSP00000231790.3:p.Asn38His	MLH1	ENSG00000076242	PTPN3
HsVcPPIMLHSTAT	CCSBORF2713	103	CCSBORF54341	LW	2	121G>C	118	NC_000003.12:36996622:G:C	CCSBVarC003192	ENSP00000231790.3:p.Asp41His	MLH1	ENSG00000076242	PTPN3
HsVcPPIMLHSTAT	CCSBORF2713	103	CCSBORF54341	LW	2	131C>A	62	NC_000003.12:36996632:C:A	CCSBVarC009856	ENSP00000231790.3:p.Ser44Tyr	MLH1	ENSG00000076242	PTPN3
HsVcPPIMLHSTAT	CCSBORF2713	103	CCSBORF54341	LW	2	1667G>T	96	NC_000003.12:37040293:G:T	CCSBVarC009817	ENSP00000231790.3:p.Ser556Ile	MLH1	ENSG00000076242	PTPN3
HsVcPPIMLHSTAT	CCSBORF2713	103	CCSBORF54341	LW	2	1676T>C	82	NC_000003.12:37042275:T:C	CCSBVarC007381	ENSP00000231790.3:p.Leu559Pro	MLH1	ENSG00000076242	PTPN3
HsVcPPIMLHSTAT	CCSBORF2713	103	CCSBORF54341	LW	2	1799A>G	116	NC_000003.12:37047585:A:G	CCSBVarC009739	ENSP00000231790.3:p.Glu600Gly	MLH1	ENSG00000076242	PTPN3
HsVcPPIMLHSTAT	CCSBORF2713	103	CCSBORF54341	LW	2	1820T>A	1	NC_000003.12:37047606:T:A	CCSBVarC009811	ENSP00000231790.3:p.Leu607His	MLH1	ENSG00000076242	PTPN3
HsVcPPIMLHSTAT	CCSBORF2713	103	CCSBORF54341	LW	2	1853A>C	50	NC_000003.12:37047639:A:C	CCSBVarC009759	ENSP00000231790.3:p.Lys618Thr	MLH1	ENSG00000076242	PTPN3
HsVcPPIMLHSTAT	CCSBORF2713	103	CCSBORF54341	LW	2	1865T>C	75	NC_000003.12:37047651:T:C	CCSBVarC007388	ENSP00000231790.3:p.Leu622Pro	MLH1	ENSG00000076242	PTPN3
HsVcPPIMLHSTAT	CCSBORF2713	103	CCSBORF54341	LW	2	199G>T	50	NC_000003.12:36996700:G:T	CCSBVarC009923	ENSP00000231790.3:p.Gly67Trp	MLH1	ENSG00000076242	PTPN3
HsVcPPIMLHSTAT	CCSBORF2713	103	CCSBORF54341	LW	2	2074T>C	104	NC_000003.12:37048987:T:C	CCSBVarC009784	ENSP00000231790.3:p.Ser692Pro	MLH1	ENSG00000076242	PTPN3
HsVcPPIMLHSTAT	CCSBORF2713	103	CCSBORF54341	LW	2	2103G>C	32	NC_000003.12:37049016:G:C	CCSBVarC007400	ENSP00000231790.3:p.Gln701His	MLH1	ENSG00000076242	PTPN3
HsVcPPIMLHSTAT	CCSBORF2713	103	CCSBORF54341	LW	2	2252A>G	79	NC_000003.12:37050633:A:G	CCSBVarC003209	ENSP00000231790.3:p.Lys751Arg	MLH1	ENSG00000076242	PTPN3
HsVcPPIMLHSTAT	CCSBORF2713	103	CCSBORF54341	LW	2	394G>C	133	NC_000003.12:37007003:G:C	CCSBVarC009793	ENSP00000231790.3:p.Asp132His	MLH1	ENSG00000076242	PTPN3
HsVcPPIMLHSTAT	CCSBORF2713	103	CCSBORF54341	LW	2	62C>T	52	NC_000003.12:36993608:C:T	CCSBVarC009846	ENSP00000231790.3:p.Ala21Val	MLH1	ENSG00000076242	PTPN3
HsVcPPIMLHSTAT	CCSBORF2713	103	CCSBORF54341	LW	2	793C>A	125	NC_000003.12:37017507:C:A	CCSBVarC009906	ENSP00000231790.3:p.Arg265Ser	MLH1	ENSG00000076242	PTPN3
HsVcPPIMLHSTAT	CCSBORF2713	103	CCSBORF54341	LW	2	803A>G	67	NC_000003.12:37017517:A:G	CCSBVarC009733	ENSP00000231790.3:p.Glu268Gly	MLH1	ENSG00000076242	PTPN3
HsVcPPIMLHSTAT	CCSBORF2713	103	CCSBORF54341	LW	2	827T>G	79	NC_000003.12:37017541:T:G	CCSBVarC009914	ENSP00000231790.3:p.Ile276Arg	MLH1	ENSG00000076242	PTPN3
HsVcPPIMLHSTAT	CCSBORF2713	103	CCSBORF54341	LW	2	918T>A	72	NC_000003.12:37020342:T:A	CCSBVarC009864	ENSP00000231790.3:p.Asn306Lys	MLH1	ENSG00000076242	PTPN3
HsVcPPIMLHSTAT	CCSBORF2713	103	CCSBORF54341	LW	3	REF	384	NULL	NULL	NULL	MLH1	ENSG00000076242	PTPN3
HsVcPPIMLHSTAT	CCSBORF2713	103	CCSBORF54341	LW	3	1037A>G	99	NC_000003.12:37020461:A:G	CCSBVarC009930	ENSP00000231790.3:p.Gln346Arg	MLH1	ENSG00000076242	PTPN3
HsVcPPIMLHSTAT	CCSBORF2713	103	CCSBORF54341	LW	3	1040C>A	106	NC_000003.12:37025637:C:A	CCSBVarC009777	ENSP00000231790.3:p.Thr347Asn	MLH1	ENSG00000076242	PTPN3
HsVcPPIMLHSTAT	CCSBORF2713	103	CCSBORF54341	LW	3	1075A>G	61	NC_000003.12:37025672:A:G	CCSBVarC009805	ENSP00000231790.3:p.Met359Val	MLH1	ENSG00000076242	PTPN3
HsVcPPIMLHSTAT	CCSBORF2713	103	CCSBORF54341	LW	3	112A>C	74	NC_000003.12:36993658:A:C	CCSBVarC007374	ENSP00000231790.3:p.Asn38His	MLH1	ENSG00000076242	PTPN3
HsVcPPIMLHSTAT	CCSBORF2713	103	CCSBORF54341	LW	3	121G>C	167	NC_000003.12:36996622:G:C	CCSBVarC003192	ENSP00000231790.3:p.Asp41His	MLH1	ENSG00000076242	PTPN3
HsVcPPIMLHSTAT	CCSBORF2713	103	CCSBORF54341	LW	3	131C>A	75	NC_000003.12:36996632:C:A	CCSBVarC009856	ENSP00000231790.3:p.Ser44Tyr	MLH1	ENSG00000076242	PTPN3
HsVcPPIMLHSTAT	CCSBORF2713	103	CCSBORF54341	LW	3	1667G>T	84	NC_000003.12:37040293:G:T	CCSBVarC009817	ENSP00000231790.3:p.Ser556Ile	MLH1	ENSG00000076242	PTPN3
HsVcPPIMLHSTAT	CCSBORF2713	103	CCSBORF54341	LW	3	1676T>C	109	NC_000003.12:37042275:T:C	CCSBVarC007381	ENSP00000231790.3:p.Leu559Pro	MLH1	ENSG00000076242	PTPN3
HsVcPPIMLHSTAT	CCSBORF2713	103	CCSBORF54341	LW	3	1799A>G	166	NC_000003.12:37047585:A:G	CCSBVarC009739	ENSP00000231790.3:p.Glu600Gly	MLH1	ENSG00000076242	PTPN3
HsVcPPIMLHSTAT	CCSBORF2713	103	CCSBORF54341	LW	3	1820T>A	2	NC_000003.12:37047606:T:A	CCSBVarC009811	ENSP00000231790.3:p.Leu607His	MLH1	ENSG00000076242	PTPN3
HsVcPPIMLHSTAT	CCSBORF2713	103	CCSBORF54341	LW	3	1853A>C	44	NC_000003.12:37047639:A:C	CCSBVarC009759	ENSP00000231790.3:p.Lys618Thr	MLH1	ENSG00000076242	PTPN3
HsVcPPIMLHSTAT	CCSBORF2713	103	CCSBORF54341	LW	3	1865T>C	63	NC_000003.12:37047651:T:C	CCSBVarC007388	ENSP00000231790.3:p.Leu622Pro	MLH1	ENSG00000076242	PTPN3
HsVcPPIMLHSTAT	CCSBORF2713	103	CCSBORF54341	LW	3	199G>T	44	NC_000003.12:36996700:G:T	CCSBVarC009923	ENSP00000231790.3:p.Gly67Trp	MLH1	ENSG00000076242	PTPN3
HsVcPPIMLHSTAT	CCSBORF2713	103	CCSBORF54341	LW	3	2074T>C	50	NC_000003.12:37048987:T:C	CCSBVarC009784	ENSP00000231790.3:p.Ser692Pro	MLH1	ENSG00000076242	PTPN3
HsVcPPIMLHSTAT	CCSBORF2713	103	CCSBORF54341	LW	3	2103G>C	78	NC_000003.12:37049016:G:C	CCSBVarC007400	ENSP00000231790.3:p.Gln701His	MLH1	ENSG00000076242	PTPN3
HsVcPPIMLHSTAT	CCSBORF2713	103	CCSBORF54341	LW	3	2252A>G	97	NC_000003.12:37050633:A:G	CCSBVarC003209	ENSP00000231790.3:p.Lys751Arg	MLH1	ENSG00000076242	PTPN3
HsVcPPIMLHSTAT	CCSBORF2713	103	CCSBORF54341	LW	3	394G>C	126	NC_000003.12:37007003:G:C	CCSBVarC009793	ENSP00000231790.3:p.Asp132His	MLH1	ENSG00000076242	PTPN3
HsVcPPIMLHSTAT	CCSBORF2713	103	CCSBORF54341	LW	3	62C>T	61	NC_000003.12:36993608:C:T	CCSBVarC009846	ENSP00000231790.3:p.Ala21Val	MLH1	ENSG00000076242	PTPN3
HsVcPPIMLHSTAT	CCSBORF2713	103	CCSBORF54341	LW	3	793C>A	139	NC_000003.12:37017507:C:A	CCSBVarC009906	ENSP00000231790.3:p.Arg265Ser	MLH1	ENSG00000076242	PTPN3
HsVcPPIMLHSTAT	CCSBORF2713	103	CCSBORF54341	LW	3	803A>G	103	NC_000003.12:37017517:A:G	CCSBVarC009733	ENSP00000231790.3:p.Glu268Gly	MLH1	ENSG00000076242	PTPN3
HsVcPPIMLHSTAT	CCSBORF2713	103	CCSBORF54341	LW	3	827T>G	79	NC_000003.12:37017541:T:G	CCSBVarC009914	ENSP00000231790.3:p.Ile276Arg	MLH1	ENSG00000076242	PTPN3
HsVcPPIMLHSTAT	CCSBORF2713	103	CCSBORF54341	LW	3	918T>A	60	NC_000003.12:37020342:T:A	CCSBVarC009864	ENSP00000231790.3:p.Asn306Lys	MLH1	ENSG00000076242	PTPN3
HsVcPPIMLHSTAT	CCSBORF2713	103	CCSBORF70264	LW	1	REF	111	NULL	NULL	NULL	MLH1	ENSG00000076242	PPP1R13B
HsVcPPIMLHSTAT	CCSBORF2713	103	CCSBORF70264	LW	1	1037A>G	23	NC_000003.12:37020461:A:G	CCSBVarC009930	ENSP00000231790.3:p.Gln346Arg	MLH1	ENSG00000076242	PPP1R13B
HsVcPPIMLHSTAT	CCSBORF2713	103	CCSBORF70264	LW	1	1040C>A	13	NC_000003.12:37025637:C:A	CCSBVarC009777	ENSP00000231790.3:p.Thr347Asn	MLH1	ENSG00000076242	PPP1R13B
HsVcPPIMLHSTAT	CCSBORF2713	103	CCSBORF70264	LW	1	1075A>G	18	NC_000003.12:37025672:A:G	CCSBVarC009805	ENSP00000231790.3:p.Met359Val	MLH1	ENSG00000076242	PPP1R13B
HsVcPPIMLHSTAT	CCSBORF2713	103	CCSBORF70264	LW	1	112A>C	5	NC_000003.12:36993658:A:C	CCSBVarC007374	ENSP00000231790.3:p.Asn38His	MLH1	ENSG00000076242	PPP1R13B
HsVcPPIMLHSTAT	CCSBORF2713	103	CCSBORF70264	LW	1	121G>C	8	NC_000003.12:36996622:G:C	CCSBVarC003192	ENSP00000231790.3:p.Asp41His	MLH1	ENSG00000076242	PPP1R13B
HsVcPPIMLHSTAT	CCSBORF2713	103	CCSBORF70264	LW	1	131C>A	6	NC_000003.12:36996632:C:A	CCSBVarC009856	ENSP00000231790.3:p.Ser44Tyr	MLH1	ENSG00000076242	PPP1R13B
HsVcPPIMLHSTAT	CCSBORF2713	103	CCSBORF70264	LW	1	1667G>T	15	NC_000003.12:37040293:G:T	CCSBVarC009817	ENSP00000231790.3:p.Ser556Ile	MLH1	ENSG00000076242	PPP1R13B
HsVcPPIMLHSTAT	CCSBORF2713	103	CCSBORF70264	LW	1	1676T>C	12	NC_000003.12:37042275:T:C	CCSBVarC007381	ENSP00000231790.3:p.Leu559Pro	MLH1	ENSG00000076242	PPP1R13B
HsVcPPIMLHSTAT	CCSBORF2713	103	CCSBORF70264	LW	1	1799A>G	27	NC_000003.12:37047585:A:G	CCSBVarC009739	ENSP00000231790.3:p.Glu600Gly	MLH1	ENSG00000076242	PPP1R13B
HsVcPPIMLHSTAT	CCSBORF2713	103	CCSBORF70264	LW	1	1820T>A	2	NC_000003.12:37047606:T:A	CCSBVarC009811	ENSP00000231790.3:p.Leu607His	MLH1	ENSG00000076242	PPP1R13B
HsVcPPIMLHSTAT	CCSBORF2713	103	CCSBORF70264	LW	1	1853A>C	9	NC_000003.12:37047639:A:C	CCSBVarC009759	ENSP00000231790.3:p.Lys618Thr	MLH1	ENSG00000076242	PPP1R13B
HsVcPPIMLHSTAT	CCSBORF2713	103	CCSBORF70264	LW	1	1865T>C	16	NC_000003.12:37047651:T:C	CCSBVarC007388	ENSP00000231790.3:p.Leu622Pro	MLH1	ENSG00000076242	PPP1R13B
HsVcPPIMLHSTAT	CCSBORF2713	103	CCSBORF70264	LW	1	199G>T	8	NC_000003.12:36996700:G:T	CCSBVarC009923	ENSP00000231790.3:p.Gly67Trp	MLH1	ENSG00000076242	PPP1R13B
HsVcPPIMLHSTAT	CCSBORF2713	103	CCSBORF70264	LW	1	2074T>C	30	NC_000003.12:37048987:T:C	CCSBVarC009784	ENSP00000231790.3:p.Ser692Pro	MLH1	ENSG00000076242	PPP1R13B
HsVcPPIMLHSTAT	CCSBORF2713	103	CCSBORF70264	LW	1	2103G>C	13	NC_000003.12:37049016:G:C	CCSBVarC007400	ENSP00000231790.3:p.Gln701His	MLH1	ENSG00000076242	PPP1R13B
HsVcPPIMLHSTAT	CCSBORF2713	103	CCSBORF70264	LW	1	2252A>G	13	NC_000003.12:37050633:A:G	CCSBVarC003209	ENSP00000231790.3:p.Lys751Arg	MLH1	ENSG00000076242	PPP1R13B
HsVcPPIMLHSTAT	CCSBORF2713	103	CCSBORF70264	LW	1	394G>C	15	NC_000003.12:37007003:G:C	CCSBVarC009793	ENSP00000231790.3:p.Asp132His	MLH1	ENSG00000076242	PPP1R13B
HsVcPPIMLHSTAT	CCSBORF2713	103	CCSBORF70264	LW	1	62C>T	11	NC_000003.12:36993608:C:T	CCSBVarC009846	ENSP00000231790.3:p.Ala21Val	MLH1	ENSG00000076242	PPP1R13B
HsVcPPIMLHSTAT	CCSBORF2713	103	CCSBORF70264	LW	1	793C>A	40	NC_000003.12:37017507:C:A	CCSBVarC009906	ENSP00000231790.3:p.Arg265Ser	MLH1	ENSG00000076242	PPP1R13B
HsVcPPIMLHSTAT	CCSBORF2713	103	CCSBORF70264	LW	1	803A>G	12	NC_000003.12:37017517:A:G	CCSBVarC009733	ENSP00000231790.3:p.Glu268Gly	MLH1	ENSG00000076242	PPP1R13B
HsVcPPIMLHSTAT	CCSBORF2713	103	CCSBORF70264	LW	1	827T>G	8	NC_000003.12:37017541:T:G	CCSBVarC009914	ENSP00000231790.3:p.Ile276Arg	MLH1	ENSG00000076242	PPP1R13B
HsVcPPIMLHSTAT	CCSBORF2713	103	CCSBORF70264	LW	1	918T>A	11	NC_000003.12:37020342:T:A	CCSBVarC009864	ENSP00000231790.3:p.Asn306Lys	MLH1	ENSG00000076242	PPP1R13B
HsVcPPIMLHSTAT	CCSBORF2713	103	CCSBORF70264	LW	2	REF	411	NULL	NULL	NULL	MLH1	ENSG00000076242	PPP1R13B
HsVcPPIMLHSTAT	CCSBORF2713	103	CCSBORF70264	LW	2	1037A>G	133	NC_000003.12:37020461:A:G	CCSBVarC009930	ENSP00000231790.3:p.Gln346Arg	MLH1	ENSG00000076242	PPP1R13B
HsVcPPIMLHSTAT	CCSBORF2713	103	CCSBORF70264	LW	2	1040C>A	83	NC_000003.12:37025637:C:A	CCSBVarC009777	ENSP00000231790.3:p.Thr347Asn	MLH1	ENSG00000076242	PPP1R13B
HsVcPPIMLHSTAT	CCSBORF2713	103	CCSBORF70264	LW	2	1075A>G	44	NC_000003.12:37025672:A:G	CCSBVarC009805	ENSP00000231790.3:p.Met359Val	MLH1	ENSG00000076242	PPP1R13B
HsVcPPIMLHSTAT	CCSBORF2713	103	CCSBORF70264	LW	2	112A>C	44	NC_000003.12:36993658:A:C	CCSBVarC007374	ENSP00000231790.3:p.Asn38His	MLH1	ENSG00000076242	PPP1R13B
HsVcPPIMLHSTAT	CCSBORF2713	103	CCSBORF70264	LW	2	121G>C	91	NC_000003.12:36996622:G:C	CCSBVarC003192	ENSP00000231790.3:p.Asp41His	MLH1	ENSG00000076242	PPP1R13B
HsVcPPIMLHSTAT	CCSBORF2713	103	CCSBORF70264	LW	2	131C>A	54	NC_000003.12:36996632:C:A	CCSBVarC009856	ENSP00000231790.3:p.Ser44Tyr	MLH1	ENSG00000076242	PPP1R13B
HsVcPPIMLHSTAT	CCSBORF2713	103	CCSBORF70264	LW	2	1667G>T	81	NC_000003.12:37040293:G:T	CCSBVarC009817	ENSP00000231790.3:p.Ser556Ile	MLH1	ENSG00000076242	PPP1R13B
HsVcPPIMLHSTAT	CCSBORF2713	103	CCSBORF70264	LW	2	1676T>C	60	NC_000003.12:37042275:T:C	CCSBVarC007381	ENSP00000231790.3:p.Leu559Pro	MLH1	ENSG00000076242	PPP1R13B
HsVcPPIMLHSTAT	CCSBORF2713	103	CCSBORF70264	LW	2	1799A>G	137	NC_000003.12:37047585:A:G	CCSBVarC009739	ENSP00000231790.3:p.Glu600Gly	MLH1	ENSG00000076242	PPP1R13B
HsVcPPIMLHSTAT	CCSBORF2713	103	CCSBORF70264	LW	2	1820T>A	3	NC_000003.12:37047606:T:A	CCSBVarC009811	ENSP00000231790.3:p.Leu607His	MLH1	ENSG00000076242	PPP1R13B
HsVcPPIMLHSTAT	CCSBORF2713	103	CCSBORF70264	LW	2	1853A>C	80	NC_000003.12:37047639:A:C	CCSBVarC009759	ENSP00000231790.3:p.Lys618Thr	MLH1	ENSG00000076242	PPP1R13B
HsVcPPIMLHSTAT	CCSBORF2713	103	CCSBORF70264	LW	2	1865T>C	73	NC_000003.12:37047651:T:C	CCSBVarC007388	ENSP00000231790.3:p.Leu622Pro	MLH1	ENSG00000076242	PPP1R13B
HsVcPPIMLHSTAT	CCSBORF2713	103	CCSBORF70264	LW	2	199G>T	53	NC_000003.12:36996700:G:T	CCSBVarC009923	ENSP00000231790.3:p.Gly67Trp	MLH1	ENSG00000076242	PPP1R13B
HsVcPPIMLHSTAT	CCSBORF2713	103	CCSBORF70264	LW	2	2074T>C	115	NC_000003.12:37048987:T:C	CCSBVarC009784	ENSP00000231790.3:p.Ser692Pro	MLH1	ENSG00000076242	PPP1R13B
HsVcPPIMLHSTAT	CCSBORF2713	103	CCSBORF70264	LW	2	2103G>C	91	NC_000003.12:37049016:G:C	CCSBVarC007400	ENSP00000231790.3:p.Gln701His	MLH1	ENSG00000076242	PPP1R13B
HsVcPPIMLHSTAT	CCSBORF2713	103	CCSBORF70264	LW	2	2252A>G	79	NC_000003.12:37050633:A:G	CCSBVarC003209	ENSP00000231790.3:p.Lys751Arg	MLH1	ENSG00000076242	PPP1R13B
HsVcPPIMLHSTAT	CCSBORF2713	103	CCSBORF70264	LW	2	394G>C	100	NC_000003.12:37007003:G:C	CCSBVarC009793	ENSP00000231790.3:p.Asp132His	MLH1	ENSG00000076242	PPP1R13B
HsVcPPIMLHSTAT	CCSBORF2713	103	CCSBORF70264	LW	2	62C>T	43	NC_000003.12:36993608:C:T	CCSBVarC009846	ENSP00000231790.3:p.Ala21Val	MLH1	ENSG00000076242	PPP1R13B
HsVcPPIMLHSTAT	CCSBORF2713	103	CCSBORF70264	LW	2	793C>A	129	NC_000003.12:37017507:C:A	CCSBVarC009906	ENSP00000231790.3:p.Arg265Ser	MLH1	ENSG00000076242	PPP1R13B
HsVcPPIMLHSTAT	CCSBORF2713	103	CCSBORF70264	LW	2	803A>G	42	NC_000003.12:37017517:A:G	CCSBVarC009733	ENSP00000231790.3:p.Glu268Gly	MLH1	ENSG00000076242	PPP1R13B
HsVcPPIMLHSTAT	CCSBORF2713	103	CCSBORF70264	LW	2	827T>G	87	NC_000003.12:37017541:T:G	CCSBVarC009914	ENSP00000231790.3:p.Ile276Arg	MLH1	ENSG00000076242	PPP1R13B
HsVcPPIMLHSTAT	CCSBORF2713	103	CCSBORF70264	LW	2	918T>A	42	NC_000003.12:37020342:T:A	CCSBVarC009864	ENSP00000231790.3:p.Asn306Lys	MLH1	ENSG00000076242	PPP1R13B
HsVcPPIMLHSTAT	CCSBORF2713	103	CCSBORF70264	LW	3	REF	370	NULL	NULL	NULL	MLH1	ENSG00000076242	PPP1R13B
HsVcPPIMLHSTAT	CCSBORF2713	103	CCSBORF70264	LW	3	1037A>G	131	NC_000003.12:37020461:A:G	CCSBVarC009930	ENSP00000231790.3:p.Gln346Arg	MLH1	ENSG00000076242	PPP1R13B
HsVcPPIMLHSTAT	CCSBORF2713	103	CCSBORF70264	LW	3	1040C>A	74	NC_000003.12:37025637:C:A	CCSBVarC009777	ENSP00000231790.3:p.Thr347Asn	MLH1	ENSG00000076242	PPP1R13B
HsVcPPIMLHSTAT	CCSBORF2713	103	CCSBORF70264	LW	3	1075A>G	47	NC_000003.12:37025672:A:G	CCSBVarC009805	ENSP00000231790.3:p.Met359Val	MLH1	ENSG00000076242	PPP1R13B
HsVcPPIMLHSTAT	CCSBORF2713	103	CCSBORF70264	LW	3	112A>C	50	NC_000003.12:36993658:A:C	CCSBVarC007374	ENSP00000231790.3:p.Asn38His	MLH1	ENSG00000076242	PPP1R13B
HsVcPPIMLHSTAT	CCSBORF2713	103	CCSBORF70264	LW	3	121G>C	80	NC_000003.12:36996622:G:C	CCSBVarC003192	ENSP00000231790.3:p.Asp41His	MLH1	ENSG00000076242	PPP1R13B
HsVcPPIMLHSTAT	CCSBORF2713	103	CCSBORF70264	LW	3	131C>A	45	NC_000003.12:36996632:C:A	CCSBVarC009856	ENSP00000231790.3:p.Ser44Tyr	MLH1	ENSG00000076242	PPP1R13B
HsVcPPIMLHSTAT	CCSBORF2713	103	CCSBORF70264	LW	3	1667G>T	44	NC_000003.12:37040293:G:T	CCSBVarC009817	ENSP00000231790.3:p.Ser556Ile	MLH1	ENSG00000076242	PPP1R13B
HsVcPPIMLHSTAT	CCSBORF2713	103	CCSBORF70264	LW	3	1676T>C	70	NC_000003.12:37042275:T:C	CCSBVarC007381	ENSP00000231790.3:p.Leu559Pro	MLH1	ENSG00000076242	PPP1R13B
HsVcPPIMLHSTAT	CCSBORF2713	103	CCSBORF70264	LW	3	1799A>G	49	NC_000003.12:37047585:A:G	CCSBVarC009739	ENSP00000231790.3:p.Glu600Gly	MLH1	ENSG00000076242	PPP1R13B
HsVcPPIMLHSTAT	CCSBORF2713	103	CCSBORF70264	LW	3	1820T>A	2	NC_000003.12:37047606:T:A	CCSBVarC009811	ENSP00000231790.3:p.Leu607His	MLH1	ENSG00000076242	PPP1R13B
HsVcPPIMLHSTAT	CCSBORF2713	103	CCSBORF70264	LW	3	1853A>C	40	NC_000003.12:37047639:A:C	CCSBVarC009759	ENSP00000231790.3:p.Lys618Thr	MLH1	ENSG00000076242	PPP1R13B
HsVcPPIMLHSTAT	CCSBORF2713	103	CCSBORF70264	LW	3	1865T>C	36	NC_000003.12:37047651:T:C	CCSBVarC007388	ENSP00000231790.3:p.Leu622Pro	MLH1	ENSG00000076242	PPP1R13B
HsVcPPIMLHSTAT	CCSBORF2713	103	CCSBORF70264	LW	3	199G>T	40	NC_000003.12:36996700:G:T	CCSBVarC009923	ENSP00000231790.3:p.Gly67Trp	MLH1	ENSG00000076242	PPP1R13B
HsVcPPIMLHSTAT	CCSBORF2713	103	CCSBORF70264	LW	3	2074T>C	61	NC_000003.12:37048987:T:C	CCSBVarC009784	ENSP00000231790.3:p.Ser692Pro	MLH1	ENSG00000076242	PPP1R13B
HsVcPPIMLHSTAT	CCSBORF2713	103	CCSBORF70264	LW	3	2103G>C	36	NC_000003.12:37049016:G:C	CCSBVarC007400	ENSP00000231790.3:p.Gln701His	MLH1	ENSG00000076242	PPP1R13B
HsVcPPIMLHSTAT	CCSBORF2713	103	CCSBORF70264	LW	3	2252A>G	63	NC_000003.12:37050633:A:G	CCSBVarC003209	ENSP00000231790.3:p.Lys751Arg	MLH1	ENSG00000076242	PPP1R13B
HsVcPPIMLHSTAT	CCSBORF2713	103	CCSBORF70264	LW	3	394G>C	94	NC_000003.12:37007003:G:C	CCSBVarC009793	ENSP00000231790.3:p.Asp132His	MLH1	ENSG00000076242	PPP1R13B
HsVcPPIMLHSTAT	CCSBORF2713	103	CCSBORF70264	LW	3	62C>T	45	NC_000003.12:36993608:C:T	CCSBVarC009846	ENSP00000231790.3:p.Ala21Val	MLH1	ENSG00000076242	PPP1R13B
HsVcPPIMLHSTAT	CCSBORF2713	103	CCSBORF70264	LW	3	793C>A	90	NC_000003.12:37017507:C:A	CCSBVarC009906	ENSP00000231790.3:p.Arg265Ser	MLH1	ENSG00000076242	PPP1R13B
HsVcPPIMLHSTAT	CCSBORF2713	103	CCSBORF70264	LW	3	803A>G	61	NC_000003.12:37017517:A:G	CCSBVarC009733	ENSP00000231790.3:p.Glu268Gly	MLH1	ENSG00000076242	PPP1R13B
HsVcPPIMLHSTAT	CCSBORF2713	103	CCSBORF70264	LW	3	827T>G	71	NC_000003.12:37017541:T:G	CCSBVarC009914	ENSP00000231790.3:p.Ile276Arg	MLH1	ENSG00000076242	PPP1R13B
HsVcPPIMLHSTAT	CCSBORF2713	103	CCSBORF70264	LW	3	918T>A	58	NC_000003.12:37020342:T:A	CCSBVarC009864	ENSP00000231790.3:p.Asn306Lys	MLH1	ENSG00000076242	PPP1R13B
