spdi	symbol	ensembl_gene_id	ccsb_mutation_id	ccsb_orf_id_reference	hgvs_protein	nt_change	ccsb_orf_id_interactor	interactor_symbol	log2FC_combined	error_log2FC_combined
NC_000002.12:47161856:T:A	CALM2	ENSG00000143933	CCSBVarC017313	CCSBORF1	ENSP00000272298.7:p.Asp96Val	287A>T	CCSBORF71611	KCNN1	-0.20362551238439464	0.49333849366422267
NC_000002.12:47161850:T:C	CALM2	ENSG00000143933	CCSBVarC017314	CCSBORF1	ENSP00000272298.7:p.Asn98Ser	293A>G	CCSBORF71611	KCNN1	-0.756798954526039	0.49713908161274073
NC_000002.12:47161850:T:A	CALM2	ENSG00000143933	CCSBVarC017315	CCSBORF1	ENSP00000272298.7:p.Asn98Ile	293A>T	CCSBORF71611	KCNN1	0.9077207084853439	0.49150320038249035
NC_000002.12:47161815:T:A	CALM2	ENSG00000143933	CCSBVarC017317	CCSBORF1	ENSP00000272298.7:p.Met110Leu	328A>T	CCSBORF71611	KCNN1	-6.82885269018311	1.0327156874306558
NC_000002.12:47161755:C:T	CALM2	ENSG00000143933	CCSBVarC017319	CCSBORF1	ENSP00000272298.7:p.Asp130Asn	388G>A	CCSBORF71611	KCNN1	-3.8223799756658474	0.5144826121912691
NC_000002.12:47161749:C:A	CALM2	ENSG00000143933	CCSBVarC017321	CCSBORF1	ENSP00000272298.7:p.Asp132Tyr	394G>T	CCSBORF71611	KCNN1	2.5296165662220558	0.4912278606715076
NC_000002.12:47161747:A:C	CALM2	ENSG00000143933	CCSBVarC017323	CCSBORF1	ENSP00000272298.7:p.Asp132Glu	396T>G	CCSBORF71611	KCNN1	-0.7161299404098442	0.49802984400137323
NC_000002.12:47161743:C:T	CALM2	ENSG00000143933	CCSBVarC017325	CCSBORF1	ENSP00000272298.7:p.Asp134Asn	400G>A	CCSBORF71611	KCNN1	-1.142633397474352	0.4923997466265226
NC_000002.12:47161743:C:G	CALM2	ENSG00000143933	CCSBVarC017326	CCSBORF1	ENSP00000272298.7:p.Asp134His	400G>C	CCSBORF71611	KCNN1	-2.6177274900367333	0.49818670852218777
NC_000002.12:47161736:T:G	CALM2	ENSG00000143933	CCSBVarC017327	CCSBORF1	ENSP00000272298.7:p.Gln136Pro	407A>C	CCSBORF71611	KCNN1	-5.8701000924810405	0.5539903768385129
NC_000002.12:47160802:C:G	CALM2	ENSG00000143933	CCSBVarC017329	CCSBORF1	ENSP00000272298.7:p.Glu141Asp	423G>C	CCSBORF71611	KCNN1	-0.9690464328546449	0.4945635325494062
NC_000002.12:47160791:A:C	CALM2	ENSG00000143933	CCSBVarC017330	CCSBORF1	ENSP00000272298.7:p.Met145Arg	434T>G	CCSBORF71611	KCNN1	1.1452259598781298	0.49253076721917005
NC_000017.11:70175270:G:T	KCNJ2	ENSG00000123700	CCSBVarC035501	CCSBORF100016069	ENSP00000243457.2:p.Asp78Tyr	232G>T	CCSBORF6281	KCNJ15	-1.2269200940044687	0.3704334681187923
NC_000017.11:70175282:C:T	KCNJ2	ENSG00000123700	CCSBVarC035503	CCSBORF100016069	ENSP00000243457.2:p.Arg82Trp	244C>T	CCSBORF6281	KCNJ15	-1.0980179079676755	0.3689722548319074
NC_000017.11:70175463:C:T	KCNJ2	ENSG00000123700	CCSBVarC035507	CCSBORF100016069	ENSP00000243457.2:p.Thr142Ile	425C>T	CCSBORF6281	KCNJ15	-1.120078783069506	0.3715974717189434
NC_000017.11:70175468:G:A	KCNJ2	ENSG00000123700	CCSBVarC035510	CCSBORF100016069	ENSP00000243457.2:p.Gly144Ser	430G>A	CCSBORF6281	KCNJ15	-1.929430321517724	0.3748359030273522
NC_000017.11:70175612:A:G	KCNJ2	ENSG00000123700	CCSBVarC035585	CCSBORF100016069	ENSP00000243457.2:p.Thr192Ala	574A>G	CCSBORF6281	KCNJ15	-2.1227655948618036	0.7376978578728903
NC_000017.11:70175934:A:G	KCNJ2	ENSG00000123700	CCSBVarC035626	CCSBORF100016069	ENSP00000243457.2:p.Glu299Gly	896A>G	CCSBORF6281	KCNJ15	-1.4726634960506104	0.40090642349487726
NC_000017.11:70175951:A:C	KCNJ2	ENSG00000123700	CCSBVarC035629	CCSBORF100016069	ENSP00000243457.2:p.Thr305Pro	913A>C	CCSBORF6281	KCNJ15	-1.5643235450121482	0.36885501541592614
NC_000017.11:70175951:A:G	KCNJ2	ENSG00000123700	CCSBVarC035631	CCSBORF100016069	ENSP00000243457.2:p.Thr305Ala	913A>G	CCSBORF6281	KCNJ15	-1.0556110729607315	0.3684449982577624
NC_000017.11:70175957:A:G	KCNJ2	ENSG00000123700	CCSBVarC035633	CCSBORF100016069	ENSP00000243457.2:p.Met307Val	919A>G	CCSBORF6281	KCNJ15	-0.849887083101357	0.36841210894282017
NC_000017.11:70175972:C:T	KCNJ2	ENSG00000123700	CCSBVarC035638	CCSBORF100016069	ENSP00000243457.2:p.Arg312Cys	934C>T	CCSBORF6281	KCNJ15	-1.1923469360415737	0.36904041748372646
NC_000003.12:69009724:C:A	EOGT	ENSG00000163378	CCSBVarC026393	CCSBORF10818	ENSP00000295571.5:p.Arg41Leu	122G>T	CCSBORF70989	FAM209A	0.8215270428048369	0.4692323177779505
NC_000003.12:69007713:G:A	EOGT	ENSG00000163378	CCSBVarC026399	CCSBORF10818	ENSP00000295571.5:p.Thr140Met	419C>T	CCSBORF70989	FAM209A	-0.7553628881318115	0.47175772060865795
NC_000003.12:69004434:T:A	EOGT	ENSG00000163378	CCSBVarC026421	CCSBORF10818	ENSP00000295571.5:p.Lys188Ile	563A>T	CCSBORF70989	FAM209A	0.7932642433930657	0.47066801552326165
NC_000003.12:69004422:C:T	EOGT	ENSG00000163378	CCSBVarC026424	CCSBORF10818	ENSP00000295571.5:p.Arg192His	575G>A	CCSBORF70989	FAM209A	0.0099814972937739	0.46749516427685345
NC_000003.12:69004413:G:A	EOGT	ENSG00000163378	CCSBVarC026427	CCSBORF10818	ENSP00000295571.5:p.Thr195Met	584C>T	CCSBORF70989	FAM209A	-0.12562677378504178	0.5042225396464914
NC_000003.12:69004377:C:G	EOGT	ENSG00000163378	CCSBVarC026430	CCSBORF10818	ENSP00000295571.5:p.Trp207Ser	620G>C	CCSBORF70989	FAM209A	-0.12434219383123449	0.47384184798829043
NC_000003.12:68987466:C:T	EOGT	ENSG00000163378	CCSBVarC026432	CCSBORF10818	ENSP00000295571.5:p.Arg293Gln	878G>A	CCSBORF70989	FAM209A	0.25497794817565966	0.4800380795733274
NC_000003.12:68982811:T:C	EOGT	ENSG00000163378	CCSBVarC026434	CCSBORF10818	ENSP00000295571.5:p.Arg321Gly	961A>G	CCSBORF70989	FAM209A	0.6905581658425257	0.47520448468323684
NC_000012.12:23543303:T:C	SOX5	ENSG00000134532	CCSBVarC026860	CCSBORF10885	ENSP00000493866.1:p.Met439Val	1315A>G	CCSBORF4616	UBE2I	-0.03322498926777877	0.7639939997738225
NC_000012.12:23543300:T:G	SOX5	ENSG00000134532	CCSBVarC026867	CCSBORF10885	ENSP00000493866.1:p.Asn440His	1318A>C	CCSBORF4616	UBE2I	-1.2262313050557474	0.7645200686647078
NC_000012.12:23543269:C:T	SOX5	ENSG00000134532	CCSBVarC026878	CCSBORF10885	ENSP00000493866.1:p.Arg450Gln	1349G>A	CCSBORF4616	UBE2I	-0.15331828014705048	0.7647376739951539
NC_000012.12:23543233:T:C	SOX5	ENSG00000134532	CCSBVarC026902	CCSBORF10885	ENSP00000493866.1:p.Asn462Ser	1385A>G	CCSBORF4616	UBE2I	-0.042989170202300905	0.7704742175904696
NC_000012.12:23543217:C:G	SOX5	ENSG00000134532	CCSBVarC026921	CCSBORF10885	ENSP00000493866.1:p.Lys467Asn	1401G>C	CCSBORF4616	UBE2I	0.02540631920764924	0.7641560418648149
NC_000012.12:23536651:T:C	SOX5	ENSG00000134532	CCSBVarC026941	CCSBORF10885	ENSP00000493866.1:p.Met476Val	1426A>G	CCSBORF4616	UBE2I	0.3508002638495276	0.7716594119470498
NC_000012.12:23536626:T:G	SOX5	ENSG00000134532	CCSBVarC026945	CCSBORF10885	ENSP00000493866.1:p.Tyr484Ser	1451A>C	CCSBORF4616	UBE2I	-0.7034502678704206	0.7701311970959545
NC_000012.12:23536609:G:C	SOX5	ENSG00000134532	CCSBVarC026953	CCSBORF10885	ENSP00000493866.1:p.Arg490Gly	1468C>G	CCSBORF4616	UBE2I	-1.1615343149766655	0.9280800214263369
NC_000012.12:23536545:G:T	SOX5	ENSG00000134532	CCSBVarC026959	CCSBORF10885	ENSP00000493866.1:p.Thr511Asn	1532C>A	CCSBORF4616	UBE2I	0.19070045621465298	0.7674913241618742
NC_000012.12:23740939:T:C	SOX5	ENSG00000134532	CCSBVarC026837	CCSBORF10885	ENSP00000493866.1:p.Gln210Arg	629A>G	CCSBORF4616	UBE2I	-0.5494262014338939	0.8181208559784098
NC_000012.12:23665470:G:A	SOX5	ENSG00000134532	CCSBVarC026847	CCSBORF10885	ENSP00000493866.1:p.Pro289Ser	865C>T	CCSBORF4616	UBE2I	-0.08187740704130517	0.7660983874473902
NC_000015.10:36892344:T:C	MEIS2	ENSG00000134138	CCSBVarC027700	CCSBORF11603	ENSP00000341400.4:p.His414Arg	1241A>G	CCSBORF100009545	NDUFB7	-0.02909965395449471	0.6296434484978889
NC_000015.10:36892190:C:T	MEIS2	ENSG00000134138	CCSBVarC027702	CCSBORF11603	ENSP00000341400.4:p.Met465Ile	1395G>A	CCSBORF100009545	NDUFB7	1.401826493818704	0.49740969968370097
NC_000015.10:37098009:C:A	MEIS2	ENSG00000134138	CCSBVarC028092	CCSBORF11603	ENSP00000341400.4:p.Ala68Ser	202G>T	CCSBORF100009545	NDUFB7	-0.101862517288455	0.6301971254938716
NC_000015.10:37036836:C:G	MEIS2	ENSG00000134138	CCSBVarC028111	CCSBORF11603	ENSP00000341400.4:p.Ala293Pro	877G>C	CCSBORF100009545	NDUFB7	-6.86424108581291	0.5620867756522506
NC_000015.10:36950393:A:T	MEIS2	ENSG00000134138	CCSBVarC028117	CCSBORF11603	ENSP00000341400.4:p.Tyr303Asn	907T>A	CCSBORF100009545	NDUFB7	-7.457276783833181	0.5982165609894416
NC_000015.10:36950384:C:T	MEIS2	ENSG00000134138	CCSBVarC028120	CCSBORF11603	ENSP00000341400.4:p.Glu306Lys	916G>A	CCSBORF100009545	NDUFB7	0.44882378399054423	0.4967960515403386
NC_000015.10:36950336:G:C	MEIS2	ENSG00000134138	CCSBVarC027681	CCSBORF11603	ENSP00000341400.4:p.Gln322Glu	964C>G	CCSBORF100009545	NDUFB7	-1.0071945644177471	0.47816537943900755
NC_000015.10:36950335:T:A	MEIS2	ENSG00000134138	CCSBVarC027683	CCSBORF11603	ENSP00000341400.4:p.Gln322Leu	965A>T	CCSBORF100009545	NDUFB7	-5.019172122295248	0.5510437635908924
NC_000015.10:36950332:A:C	MEIS2	ENSG00000134138	CCSBVarC027685	CCSBORF11603	ENSP00000341400.4:p.Val323Gly	968T>G	CCSBORF100009545	NDUFB7	-5.3087866214471955	0.5636292208940061
NC_000015.10:36950327:T:C	MEIS2	ENSG00000134138	CCSBVarC027687	CCSBORF11603	ENSP00000341400.4:p.Asn325Asp	973A>G	CCSBORF100009545	NDUFB7	-0.40655029982329993	0.4723112363798484
NC_000015.10:36896677:T:C	MEIS2	ENSG00000134138	CCSBVarC027690	CCSBORF11603	ENSP00000341400.4:p.Asn329Ser	986A>G	CCSBORF100009545	NDUFB7	0.14977089776428576	0.4716879990349088
NC_000015.10:36896672:T:C	MEIS2	ENSG00000134138	CCSBVarC027694	CCSBORF11603	ENSP00000341400.4:p.Arg331Gly	991A>G	CCSBORF100009545	NDUFB7	-7.310264269043673	0.6399744492296183
NC_000015.10:36896669:T:C	MEIS2	ENSG00000134138	CCSBVarC027696	CCSBORF11603	ENSP00000341400.4:p.Arg332Gly	994A>G	CCSBORF100009545	NDUFB7	-0.7208123205691283	0.4743362352484459
NC_000015.10:36896664:T:G	MEIS2	ENSG00000134138	CCSBVarC027697	CCSBORF11603	ENSP00000341400.4:p.Arg333Ser	999A>C	CCSBORF100009545	NDUFB7	0.5503153513165889	0.4762193071129584
NC_000015.10:36892344:T:C	MEIS2	ENSG00000134138	CCSBVarC027700	CCSBORF11603	ENSP00000341400.4:p.His414Arg	1241A>G	CCSBORF4239	IGFBP6	-1.4930452790948279	1.9066495264175816
NC_000015.10:36892190:C:T	MEIS2	ENSG00000134138	CCSBVarC027702	CCSBORF11603	ENSP00000341400.4:p.Met465Ile	1395G>A	CCSBORF4239	IGFBP6	NULL	NULL
NC_000015.10:37098009:C:A	MEIS2	ENSG00000134138	CCSBVarC028092	CCSBORF11603	ENSP00000341400.4:p.Ala68Ser	202G>T	CCSBORF4239	IGFBP6	0.4055278853762277	0.7319541422170481
NC_000015.10:37036836:C:G	MEIS2	ENSG00000134138	CCSBVarC028111	CCSBORF11603	ENSP00000341400.4:p.Ala293Pro	877G>C	CCSBORF4239	IGFBP6	-6.864496165220535	0.8197255629309625
NC_000015.10:36950393:A:T	MEIS2	ENSG00000134138	CCSBVarC028117	CCSBORF11603	ENSP00000341400.4:p.Tyr303Asn	907T>A	CCSBORF4239	IGFBP6	-6.292043777665276	0.7839831472322144
NC_000015.10:36950384:C:T	MEIS2	ENSG00000134138	CCSBVarC028120	CCSBORF11603	ENSP00000341400.4:p.Glu306Lys	916G>A	CCSBORF4239	IGFBP6	NULL	NULL
NC_000015.10:36950336:G:C	MEIS2	ENSG00000134138	CCSBVarC027681	CCSBORF11603	ENSP00000341400.4:p.Gln322Glu	964C>G	CCSBORF4239	IGFBP6	-1.3630497505799148	0.7216928372711215
NC_000015.10:36950335:T:A	MEIS2	ENSG00000134138	CCSBVarC027683	CCSBORF11603	ENSP00000341400.4:p.Gln322Leu	965A>T	CCSBORF4239	IGFBP6	-6.280634330415278	0.9237825491982772
NC_000015.10:36950332:A:C	MEIS2	ENSG00000134138	CCSBVarC027685	CCSBORF11603	ENSP00000341400.4:p.Val323Gly	968T>G	CCSBORF4239	IGFBP6	-5.7571773197375915	0.8089478545022742
NC_000015.10:36950327:T:C	MEIS2	ENSG00000134138	CCSBVarC027687	CCSBORF11603	ENSP00000341400.4:p.Asn325Asp	973A>G	CCSBORF4239	IGFBP6	-0.3131983061595326	0.7211714697148183
NC_000015.10:36896677:T:C	MEIS2	ENSG00000134138	CCSBVarC027690	CCSBORF11603	ENSP00000341400.4:p.Asn329Ser	986A>G	CCSBORF4239	IGFBP6	0.542265989114606	0.7177585864610305
NC_000015.10:36896672:T:C	MEIS2	ENSG00000134138	CCSBVarC027694	CCSBORF11603	ENSP00000341400.4:p.Arg331Gly	991A>G	CCSBORF4239	IGFBP6	-4.2682786446050045	0.7436673544185908
NC_000015.10:36896669:T:C	MEIS2	ENSG00000134138	CCSBVarC027696	CCSBORF11603	ENSP00000341400.4:p.Arg332Gly	994A>G	CCSBORF4239	IGFBP6	-0.5366571308697792	0.7191049883636936
NC_000015.10:36896664:T:G	MEIS2	ENSG00000134138	CCSBVarC027697	CCSBORF11603	ENSP00000341400.4:p.Arg333Ser	999A>C	CCSBORF4239	IGFBP6	0.4873395175231702	0.7218469715098992
NC_000015.10:36892344:T:C	MEIS2	ENSG00000134138	CCSBVarC027700	CCSBORF11603	ENSP00000341400.4:p.His414Arg	1241A>G	CCSBORF71813	KRTAP22-1	-0.33452091056755834	0.5413873004463028
NC_000015.10:36892190:C:T	MEIS2	ENSG00000134138	CCSBVarC027702	CCSBORF11603	ENSP00000341400.4:p.Met465Ile	1395G>A	CCSBORF71813	KRTAP22-1	-0.13073541891807006	0.5307323969584957
NC_000015.10:37098009:C:A	MEIS2	ENSG00000134138	CCSBVarC028092	CCSBORF11603	ENSP00000341400.4:p.Ala68Ser	202G>T	CCSBORF71813	KRTAP22-1	-0.39214423132673604	0.5279860261862519
NC_000015.10:37036836:C:G	MEIS2	ENSG00000134138	CCSBVarC028111	CCSBORF11603	ENSP00000341400.4:p.Ala293Pro	877G>C	CCSBORF71813	KRTAP22-1	-2.0050406352990313	0.5140211586525899
NC_000015.10:36950393:A:T	MEIS2	ENSG00000134138	CCSBVarC028117	CCSBORF11603	ENSP00000341400.4:p.Tyr303Asn	907T>A	CCSBORF71813	KRTAP22-1	-2.6383850933451245	0.5358717869766488
NC_000015.10:36950384:C:T	MEIS2	ENSG00000134138	CCSBVarC028120	CCSBORF11603	ENSP00000341400.4:p.Glu306Lys	916G>A	CCSBORF71813	KRTAP22-1	1.0985379812977056	0.5346854104082142
NC_000015.10:36950336:G:C	MEIS2	ENSG00000134138	CCSBVarC027681	CCSBORF11603	ENSP00000341400.4:p.Gln322Glu	964C>G	CCSBORF71813	KRTAP22-1	-0.5744038919963855	0.5136361151532427
NC_000015.10:36950335:T:A	MEIS2	ENSG00000134138	CCSBVarC027683	CCSBORF11603	ENSP00000341400.4:p.Gln322Leu	965A>T	CCSBORF71813	KRTAP22-1	-3.112459565829813	0.5354083831521874
NC_000015.10:36950332:A:C	MEIS2	ENSG00000134138	CCSBVarC027685	CCSBORF11603	ENSP00000341400.4:p.Val323Gly	968T>G	CCSBORF71813	KRTAP22-1	-5.039877151162998	0.5709521525247637
NC_000015.10:36950327:T:C	MEIS2	ENSG00000134138	CCSBVarC027687	CCSBORF11603	ENSP00000341400.4:p.Asn325Asp	973A>G	CCSBORF71813	KRTAP22-1	-0.09374718381090848	0.5088522168437113
NC_000015.10:36896677:T:C	MEIS2	ENSG00000134138	CCSBVarC027690	CCSBORF11603	ENSP00000341400.4:p.Asn329Ser	986A>G	CCSBORF71813	KRTAP22-1	-0.8368426152912469	0.5095135005228104
NC_000015.10:36896672:T:C	MEIS2	ENSG00000134138	CCSBVarC027694	CCSBORF11603	ENSP00000341400.4:p.Arg331Gly	991A>G	CCSBORF71813	KRTAP22-1	-1.857580333339634	0.5178896933503836
NC_000015.10:36896669:T:C	MEIS2	ENSG00000134138	CCSBVarC027696	CCSBORF11603	ENSP00000341400.4:p.Arg332Gly	994A>G	CCSBORF71813	KRTAP22-1	-0.9052003659412275	0.510207308843542
NC_000015.10:36896664:T:G	MEIS2	ENSG00000134138	CCSBVarC027697	CCSBORF11603	ENSP00000341400.4:p.Arg333Ser	999A>C	CCSBORF71813	KRTAP22-1	-0.11920694033056617	0.6227754883370791
NC_000023.11:10567417:T:C	MID1	ENSG00000101871	CCSBVarC027958	CCSBORF11907	ENSP00000312678.4:p.Thr44Ala	130A>G	CCSBORF4516	GMCL1	-0.42841226394238496	0.6234754959181923
NC_000023.11:10459750:A:G	MID1	ENSG00000101871	CCSBVarC027977	CCSBORF11907	ENSP00000312678.4:p.Tyr448His	1342T>C	CCSBORF4516	GMCL1	-0.3819742088808674	0.6335582188659227
NC_000023.11:10459731:T:C	MID1	ENSG00000101871	CCSBVarC027981	CCSBORF11907	ENSP00000312678.4:p.Gln454Arg	1361A>G	CCSBORF4516	GMCL1	-0.22206891788978333	1.4605525339893486
NC_000023.11:10449708:T:C	MID1	ENSG00000101871	CCSBVarC027994	CCSBORF11907	ENSP00000312678.4:p.Ile555Val	1663A>G	CCSBORF4516	GMCL1	0.08750748058500214	0.6210062310432379
NC_000023.11:10449578:G:A	MID1	ENSG00000101871	CCSBVarC027996	CCSBORF11907	ENSP00000312678.4:p.Ala598Val	1793C>T	CCSBORF4516	GMCL1	0.1831584266196673	0.6236456348957309
NC_000023.11:10449536:T:C	MID1	ENSG00000101871	CCSBVarC027998	CCSBORF11907	ENSP00000312678.4:p.Asn612Ser	1835A>G	CCSBORF4516	GMCL1	-0.06358642852486648	0.6314656750434662
NC_000023.11:10449530:G:A	MID1	ENSG00000101871	CCSBVarC028001	CCSBORF11907	ENSP00000312678.4:p.Ser614Phe	1841C>T	CCSBORF4516	GMCL1	-0.6924793768399273	0.6404358918607078
NC_000023.11:10449447:T:G	MID1	ENSG00000101871	CCSBVarC028004	CCSBORF11907	ENSP00000312678.4:p.Thr642Pro	1924A>C	CCSBORF4516	GMCL1	-0.10188966874581573	0.63202382536046
NC_000023.11:10449383:G:A	MID1	ENSG00000101871	CCSBVarC028007	CCSBORF11907	ENSP00000312678.4:p.Thr663Ile	1988C>T	CCSBORF4516	GMCL1	0.5378967630479305	0.6262249365655168
NC_000023.11:10567318:C:T	MID1	ENSG00000101871	CCSBVarC027962	CCSBORF11907	ENSP00000312678.4:p.Val77Ile	229G>A	CCSBORF4516	GMCL1	-0.4947298736899875	0.6813128678330064
NC_000023.11:10567297:C:T	MID1	ENSG00000101871	CCSBVarC027966	CCSBORF11907	ENSP00000312678.4:p.Asp84Asn	250G>A	CCSBORF4516	GMCL1	-0.25864348998029035	0.6271887651541647
NC_000023.11:10567159:C:T	MID1	ENSG00000101871	CCSBVarC027973	CCSBORF11907	ENSP00000312678.4:p.Ala130Thr	388G>A	CCSBORF4516	GMCL1	1.766045373103727	0.6237942073592359
NC_000011.10:118757228:G:A	DDX6	ENSG00000110367	CCSBVarC028928	CCSBORF12339	ENSP00000442266.1:p.Ala351Val	1052C>T	CCSBORF12927	SPATA6	-0.9748752661641464	0.5478157208370453
NC_000011.10:118756315:C:T	DDX6	ENSG00000110367	CCSBVarC028934	CCSBORF12339	ENSP00000442266.1:p.Arg373Gln	1118G>A	CCSBORF12927	SPATA6	-4.41988497099163	0.5692146781489436
NC_000011.10:118756277:G:A	DDX6	ENSG00000110367	CCSBVarC028937	CCSBORF12339	ENSP00000442266.1:p.Arg386Cys	1156C>T	CCSBORF12927	SPATA6	0.4539189552283797	0.5443670187964381
NC_000011.10:118756262:T:G	DDX6	ENSG00000110367	CCSBVarC028943	CCSBORF12339	ENSP00000442266.1:p.Thr391Pro	1171A>C	CCSBORF12927	SPATA6	-1.323969259994779	0.5471471001825201
NC_000011.10:118755490:C:T	DDX6	ENSG00000110367	CCSBVarC028952	CCSBORF12339	ENSP00000442266.1:p.Arg396Gln	1187G>A	CCSBORF12927	SPATA6	-2.1396533937366744	0.5810982841439237
NC_000011.10:118786225:G:A	DDX6	ENSG00000110367	CCSBVarC028924	CCSBORF12339	ENSP00000442266.1:p.Pro9Leu	26C>T	CCSBORF12927	SPATA6	-0.888602764233056	1.1962416337237454
NC_000006.12:87477363:A:C	SLC35A1	ENSG00000164414	CCSBVarC029068	CCSBORF12918	ENSP00000358565.4:p.Asn7His	19A>C	CCSBORF1172	FNDC9	-0.051964306112457836	0.5462279531556214
NC_000006.12:87500615:G:C	SLC35A1	ENSG00000164414	CCSBVarC029074	CCSBORF12918	ENSP00000358565.4:p.Gln101His	303G>C	CCSBORF1172	FNDC9	-0.4162621661666216	0.5499878864052663
NC_000006.12:87501241:T:C	SLC35A1	ENSG00000164414	CCSBVarC029076	CCSBORF12918	ENSP00000358565.4:p.Ser147Pro	439T>C	CCSBORF1172	FNDC9	-0.1299859231753157	0.5481327460552227
NC_000006.12:87506385:A:G	SLC35A1	ENSG00000164414	CCSBVarC029081	CCSBORF12918	ENSP00000358565.4:p.Glu171Gly	512A>G	CCSBORF1172	FNDC9	-0.10905792176553852	0.9670152131461804
NC_000006.12:87508430:G:A	SLC35A1	ENSG00000164414	CCSBVarC029097	CCSBORF12918	ENSP00000358565.4:p.Glu196Lys	586G>A	CCSBORF1172	FNDC9	-0.9235198153157753	0.5512711759389008
NC_000006.12:87473009:G:T	SLC35A1	ENSG00000164414	CCSBVarC029066	CCSBORF12918	ENSP00000358565.4:p.Ala3Ser	7G>T	CCSBORF1172	FNDC9	-0.12168233590849037	0.5506436562060274
NC_000017.11:28359392:G:A	TMEM199	ENSG00000244045	CCSBVarC028564	CCSBORF13540	ENSP00000292114.3:p.Val122Ile	364G>A	CCSBORF1976	ELOVL4	-0.25583185797031044	0.5059461342895059
NC_000017.11:28357709:G:C	TMEM199	ENSG00000244045	CCSBVarC028552	CCSBORF13540	ENSP00000292114.3:p.Ala14Pro	40G>C	CCSBORF1976	ELOVL4	-3.5270236703741347	0.510004990556448
NC_000017.11:28357713:T:C	TMEM199	ENSG00000244045	CCSBVarC028555	CCSBORF13540	ENSP00000292114.3:p.Leu15Ser	44T>C	CCSBORF1976	ELOVL4	-2.8479757167007884	0.5446036651145487
NC_000017.11:28360787:G:A	TMEM199	ENSG00000244045	CCSBVarC028566	CCSBORF13540	ENSP00000292114.3:p.Val158Ile	472G>A	CCSBORF1976	ELOVL4	0.3362502002532252	0.5022470240201548
NC_000017.11:28360811:C:G	TMEM199	ENSG00000244045	CCSBVarC028569	CCSBORF13540	ENSP00000292114.3:p.Leu166Val	496C>G	CCSBORF1976	ELOVL4	0.44703448426436687	0.5043683589377798
NC_000017.11:28357761:G:C	TMEM199	ENSG00000244045	CCSBVarC028558	CCSBORF13540	ENSP00000292114.3:p.Arg31Pro	92G>C	CCSBORF1976	ELOVL4	-4.174381444208716	0.5183559582205688
NC_000017.11:28359392:G:A	TMEM199	ENSG00000244045	CCSBVarC028564	CCSBORF13540	ENSP00000292114.3:p.Val122Ile	364G>A	CCSBORF2416	EBP	-0.3852963705104726	0.38633915097836896
NC_000017.11:28357709:G:C	TMEM199	ENSG00000244045	CCSBVarC028552	CCSBORF13540	ENSP00000292114.3:p.Ala14Pro	40G>C	CCSBORF2416	EBP	-3.95749153496448	0.3875785208570466
NC_000017.11:28357713:T:C	TMEM199	ENSG00000244045	CCSBVarC028555	CCSBORF13540	ENSP00000292114.3:p.Leu15Ser	44T>C	CCSBORF2416	EBP	-3.2422195723557734	0.38216635608421634
NC_000017.11:28360787:G:A	TMEM199	ENSG00000244045	CCSBVarC028566	CCSBORF13540	ENSP00000292114.3:p.Val158Ile	472G>A	CCSBORF2416	EBP	-0.40017279198365563	0.3473039601735553
NC_000017.11:28360811:C:G	TMEM199	ENSG00000244045	CCSBVarC028569	CCSBORF13540	ENSP00000292114.3:p.Leu166Val	496C>G	CCSBORF2416	EBP	0.05583020360847029	0.37576154655967503
NC_000017.11:28357761:G:C	TMEM199	ENSG00000244045	CCSBVarC028558	CCSBORF13540	ENSP00000292114.3:p.Arg31Pro	92G>C	CCSBORF2416	EBP	-4.174391980120605	0.4031888083376328
NC_000017.11:28359392:G:A	TMEM199	ENSG00000244045	CCSBVarC028564	CCSBORF13540	ENSP00000292114.3:p.Val122Ile	364G>A	CCSBORF623	REEP4	0.13564575288555455	0.6504609740826196
NC_000017.11:28357709:G:C	TMEM199	ENSG00000244045	CCSBVarC028552	CCSBORF13540	ENSP00000292114.3:p.Ala14Pro	40G>C	CCSBORF623	REEP4	-1.3178816817685717	0.648594637685664
NC_000017.11:28357713:T:C	TMEM199	ENSG00000244045	CCSBVarC028555	CCSBORF13540	ENSP00000292114.3:p.Leu15Ser	44T>C	CCSBORF623	REEP4	-1.3315516515662238	0.6487863383681052
NC_000017.11:28360787:G:A	TMEM199	ENSG00000244045	CCSBVarC028566	CCSBORF13540	ENSP00000292114.3:p.Val158Ile	472G>A	CCSBORF623	REEP4	0.19085327049806977	0.6471577945680762
NC_000017.11:28360811:C:G	TMEM199	ENSG00000244045	CCSBVarC028569	CCSBORF13540	ENSP00000292114.3:p.Leu166Val	496C>G	CCSBORF623	REEP4	0.22823933414746153	0.6485696436101724
NC_000017.11:28357761:G:C	TMEM199	ENSG00000244045	CCSBVarC028558	CCSBORF13540	ENSP00000292114.3:p.Arg31Pro	92G>C	CCSBORF623	REEP4	-1.1911827706591198	0.6505227383241475
NC_000019.10:12711302:C:G	TNPO2	ENSG00000105576	CCSBVarC030084	CCSBORF14642	ENSP00000349321.4:p.Trp370Cys	1110G>C	CCSBORF13657	TBX2	-0.38686530341055125	0.30884518140925804
NC_000019.10:12706226:G:A	TNPO2	ENSG00000105576	CCSBVarC030088	CCSBORF14642	ENSP00000349321.4:p.Ala546Val	1637C>T	CCSBORF13657	TBX2	0.20945696110242984	0.40255094690714477
NC_000019.10:12706220:G:A	TNPO2	ENSG00000105576	CCSBVarC030090	CCSBORF14642	ENSP00000349321.4:p.Ser548Phe	1643C>T	CCSBORF13657	TBX2	1.052537731589639	0.30781702241258374
NC_000019.10:12703775:C:G	TNPO2	ENSG00000105576	CCSBVarC030092	CCSBORF14642	ENSP00000349321.4:p.Ser683Thr	2048G>C	CCSBORF13657	TBX2	0.3035938220902226	0.4621329237663546
NC_000019.10:12715504:C:T	TNPO2	ENSG00000105576	CCSBVarC030078	CCSBORF14642	ENSP00000349321.4:p.Asp156Asn	466G>A	CCSBORF13657	TBX2	0.6956220059759965	0.3225897926016061
NC_000019.10:12711302:C:G	TNPO2	ENSG00000105576	CCSBVarC030084	CCSBORF14642	ENSP00000349321.4:p.Trp370Cys	1110G>C	CCSBORF4452	SF1	-0.15129262540365657	0.9125467574167417
NC_000019.10:12706226:G:A	TNPO2	ENSG00000105576	CCSBVarC030088	CCSBORF14642	ENSP00000349321.4:p.Ala546Val	1637C>T	CCSBORF4452	SF1	0.7242261194886543	0.9120215994784338
NC_000019.10:12706220:G:A	TNPO2	ENSG00000105576	CCSBVarC030090	CCSBORF14642	ENSP00000349321.4:p.Ser548Phe	1643C>T	CCSBORF4452	SF1	-0.408913458244227	0.9122002384050725
NC_000019.10:12703775:C:G	TNPO2	ENSG00000105576	CCSBVarC030092	CCSBORF14642	ENSP00000349321.4:p.Ser683Thr	2048G>C	CCSBORF4452	SF1	0.3062782871152334	0.912448769204872
NC_000019.10:12715504:C:T	TNPO2	ENSG00000105576	CCSBVarC030078	CCSBORF14642	ENSP00000349321.4:p.Asp156Asn	466G>A	CCSBORF4452	SF1	-0.932809876481653	1.1276849175996677
NC_000019.10:12711302:C:G	TNPO2	ENSG00000105576	CCSBVarC030084	CCSBORF14642	ENSP00000349321.4:p.Trp370Cys	1110G>C	CCSBORF55321	FTO	-0.07944854924839678	0.30240845471044453
NC_000019.10:12706226:G:A	TNPO2	ENSG00000105576	CCSBVarC030088	CCSBORF14642	ENSP00000349321.4:p.Ala546Val	1637C>T	CCSBORF55321	FTO	0.4371827932206571	0.3018426386244362
NC_000019.10:12706220:G:A	TNPO2	ENSG00000105576	CCSBVarC030090	CCSBORF14642	ENSP00000349321.4:p.Ser548Phe	1643C>T	CCSBORF55321	FTO	0.22017241670550144	0.2978468303179717
NC_000019.10:12703775:C:G	TNPO2	ENSG00000105576	CCSBVarC030092	CCSBORF14642	ENSP00000349321.4:p.Ser683Thr	2048G>C	CCSBORF55321	FTO	0.05021075664732428	0.30217075697656887
NC_000019.10:12715504:C:T	TNPO2	ENSG00000105576	CCSBVarC030078	CCSBORF14642	ENSP00000349321.4:p.Asp156Asn	466G>A	CCSBORF55321	FTO	-0.09981570492466289	0.3269915270310206
NC_000006.12:35805712:C:T	LHFPL5	ENSG00000197753	CCSBVarC018940	CCSBORF2012	ENSP00000353346.1:p.His15Tyr	43C>T	CCSBORF100014372	GJA8	-0.7317464365521928	0.31299245557452754
NC_000006.12:35814584:G:T	LHFPL5	ENSG00000197753	CCSBVarC018944	CCSBORF2012	ENSP00000353346.1:p.Gly151Val	452G>T	CCSBORF100014372	GJA8	-0.03597330321750902	0.30385552003207156
NC_000006.12:35814608:G:A	LHFPL5	ENSG00000197753	CCSBVarC018947	CCSBORF2012	ENSP00000353346.1:p.Arg159His	476G>A	CCSBORF100014372	GJA8	0.32296527217030213	0.30471053063377096
NC_000006.12:35814707:T:C	LHFPL5	ENSG00000197753	CCSBVarC018950	CCSBORF2012	ENSP00000353346.1:p.Leu192Pro	575T>C	CCSBORF100014372	GJA8	-1.9940885676642441	0.30461454048109987
NC_000006.12:35814747:G:C	LHFPL5	ENSG00000197753	CCSBVarC018954	CCSBORF2012	ENSP00000353346.1:p.Lys205Asn	615G>C	CCSBORF100014372	GJA8	-0.06473210156277898	0.2982411385638126
NC_000006.12:35805712:C:T	LHFPL5	ENSG00000197753	CCSBVarC018940	CCSBORF2012	ENSP00000353346.1:p.His15Tyr	43C>T	CCSBORF11621	MTIF3	-0.47636230753287356	0.6986702014853103
NC_000006.12:35814584:G:T	LHFPL5	ENSG00000197753	CCSBVarC018944	CCSBORF2012	ENSP00000353346.1:p.Gly151Val	452G>T	CCSBORF11621	MTIF3	-0.1418320415049912	0.6949158189135058
NC_000006.12:35814608:G:A	LHFPL5	ENSG00000197753	CCSBVarC018947	CCSBORF2012	ENSP00000353346.1:p.Arg159His	476G>A	CCSBORF11621	MTIF3	-0.03966769762557244	0.6943721760438587
NC_000006.12:35814707:T:C	LHFPL5	ENSG00000197753	CCSBVarC018950	CCSBORF2012	ENSP00000353346.1:p.Leu192Pro	575T>C	CCSBORF11621	MTIF3	0.7083031196340905	0.6930570388846334
NC_000006.12:35814747:G:C	LHFPL5	ENSG00000197753	CCSBVarC018954	CCSBORF2012	ENSP00000353346.1:p.Lys205Asn	615G>C	CCSBORF11621	MTIF3	-0.20368388229148832	0.6917094400137326
NC_000006.12:35805712:C:T	LHFPL5	ENSG00000197753	CCSBVarC018940	CCSBORF2012	ENSP00000353346.1:p.His15Tyr	43C>T	CCSBORF14795	ADGRG3	0.17863845677563284	0.24289499258346978
NC_000006.12:35814584:G:T	LHFPL5	ENSG00000197753	CCSBVarC018944	CCSBORF2012	ENSP00000353346.1:p.Gly151Val	452G>T	CCSBORF14795	ADGRG3	0.2515123831247256	0.23124924514073428
NC_000006.12:35814608:G:A	LHFPL5	ENSG00000197753	CCSBVarC018947	CCSBORF2012	ENSP00000353346.1:p.Arg159His	476G>A	CCSBORF14795	ADGRG3	0.04416697315604833	0.23016674663504175
NC_000006.12:35814707:T:C	LHFPL5	ENSG00000197753	CCSBVarC018950	CCSBORF2012	ENSP00000353346.1:p.Leu192Pro	575T>C	CCSBORF14795	ADGRG3	-3.2929498710876124	0.24030094898120952
NC_000006.12:35814747:G:C	LHFPL5	ENSG00000197753	CCSBVarC018954	CCSBORF2012	ENSP00000353346.1:p.Lys205Asn	615G>C	CCSBORF14795	ADGRG3	0.09133090244571691	0.2217904448595556
NC_000006.12:35805712:C:T	LHFPL5	ENSG00000197753	CCSBVarC018940	CCSBORF2012	ENSP00000353346.1:p.His15Tyr	43C>T	CCSBORF53890	CD79A	-0.9965710070128911	0.6872214540008671
NC_000006.12:35814584:G:T	LHFPL5	ENSG00000197753	CCSBVarC018944	CCSBORF2012	ENSP00000353346.1:p.Gly151Val	452G>T	CCSBORF53890	CD79A	0.11582458234464428	0.46233688017530655
NC_000006.12:35814608:G:A	LHFPL5	ENSG00000197753	CCSBVarC018947	CCSBORF2012	ENSP00000353346.1:p.Arg159His	476G>A	CCSBORF53890	CD79A	1.08206104280088	0.46439051013851773
NC_000006.12:35814707:T:C	LHFPL5	ENSG00000197753	CCSBVarC018950	CCSBORF2012	ENSP00000353346.1:p.Leu192Pro	575T>C	CCSBORF53890	CD79A	-0.14855572701925043	0.4607854473242843
NC_000006.12:35814747:G:C	LHFPL5	ENSG00000197753	CCSBVarC018954	CCSBORF2012	ENSP00000353346.1:p.Lys205Asn	615G>C	CCSBORF53890	CD79A	-0.10140878026285323	0.4585121739285075
NC_000006.12:35805712:C:T	LHFPL5	ENSG00000197753	CCSBVarC018940	CCSBORF2012	ENSP00000353346.1:p.His15Tyr	43C>T	CCSBORF8165	HAS3	-0.3019564005528982	0.6087761846002521
NC_000006.12:35814584:G:T	LHFPL5	ENSG00000197753	CCSBVarC018944	CCSBORF2012	ENSP00000353346.1:p.Gly151Val	452G>T	CCSBORF8165	HAS3	0.2191238920954307	0.475195397254588
NC_000006.12:35814608:G:A	LHFPL5	ENSG00000197753	CCSBVarC018947	CCSBORF2012	ENSP00000353346.1:p.Arg159His	476G>A	CCSBORF8165	HAS3	-0.13683280279055532	0.4757559075454079
NC_000006.12:35814707:T:C	LHFPL5	ENSG00000197753	CCSBVarC018950	CCSBORF2012	ENSP00000353346.1:p.Leu192Pro	575T>C	CCSBORF8165	HAS3	-0.27572050493269573	0.474452978587266
NC_000006.12:35814747:G:C	LHFPL5	ENSG00000197753	CCSBVarC018954	CCSBORF2012	ENSP00000353346.1:p.Lys205Asn	615G>C	CCSBORF8165	HAS3	-0.07942954799238533	0.7150653922949699
NC_000006.12:35805712:C:T	LHFPL5	ENSG00000197753	CCSBVarC018940	CCSBORF2012	ENSP00000353346.1:p.His15Tyr	43C>T	CCSBORF9722	KIR2DL3	NULL	NULL
NC_000006.12:35814584:G:T	LHFPL5	ENSG00000197753	CCSBVarC018944	CCSBORF2012	ENSP00000353346.1:p.Gly151Val	452G>T	CCSBORF9722	KIR2DL3	-0.6794436754820609	0.7324512749479141
NC_000006.12:35814608:G:A	LHFPL5	ENSG00000197753	CCSBVarC018947	CCSBORF2012	ENSP00000353346.1:p.Arg159His	476G>A	CCSBORF9722	KIR2DL3	-0.24373294678305335	0.7836198622828074
NC_000006.12:35814707:T:C	LHFPL5	ENSG00000197753	CCSBVarC018950	CCSBORF2012	ENSP00000353346.1:p.Leu192Pro	575T>C	CCSBORF9722	KIR2DL3	-2.443083272858657	0.732827615043803
NC_000006.12:35814747:G:C	LHFPL5	ENSG00000197753	CCSBVarC018954	CCSBORF2012	ENSP00000353346.1:p.Lys205Asn	615G>C	CCSBORF9722	KIR2DL3	0.004584570608987924	0.7300076311910569
NC_000014.9:100276610:G:A	YY1	ENSG00000100811	CCSBVarC019468	CCSBORF2339	ENSP00000262238.4:p.Arg342Gln	1025G>A	CCSBORF4516	GMCL1	-0.455362999621583	0.7161083159009417
NC_000014.9:100276621:G:T	YY1	ENSG00000100811	CCSBVarC019471	CCSBORF2339	ENSP00000262238.4:p.Val346Phe	1036G>T	CCSBORF4516	GMCL1	-0.3907095272167754	0.717096476963794
NC_000014.9:100277450:C:G	YY1	ENSG00000100811	CCSBVarC019477	CCSBORF2339	ENSP00000262238.4:p.Leu366Val	1096C>G	CCSBORF4516	GMCL1	-0.4503202252067381	0.7153944290317442
NC_000014.9:100277456:T:C	YY1	ENSG00000100811	CCSBVarC019483	CCSBORF2339	ENSP00000262238.4:p.Phe368Leu	1102T>C	CCSBORF4516	GMCL1	-0.6061577386938123	0.7229807167400617
NC_000014.9:100277466:G:A	YY1	ENSG00000100811	CCSBVarC019490	CCSBORF2339	ENSP00000262238.4:p.Arg371His	1112G>A	CCSBORF4516	GMCL1	0.3135641206984855	0.723807887062078
NC_000014.9:100277472:A:G	YY1	ENSG00000100811	CCSBVarC019498	CCSBORF2339	ENSP00000262238.4:p.His373Arg	1118A>G	CCSBORF4516	GMCL1	-1.2417236582052835	0.7167563964501801
NC_000014.9:100277478:G:A	YY1	ENSG00000100811	CCSBVarC019502	CCSBORF2339	ENSP00000262238.4:p.Arg375Gln	1124G>A	CCSBORF4516	GMCL1	-0.12212115028290071	0.7243445306402699
NC_000014.9:100277574:A:G	YY1	ENSG00000100811	CCSBVarC019523	CCSBORF2339	ENSP00000262238.4:p.His407Arg	1220A>G	CCSBORF4516	GMCL1	-0.7802670639109779	0.7199601876852664
NC_000014.9:100239437:A:G	YY1	ENSG00000100811	CCSBVarC019451	CCSBORF2339	ENSP00000262238.4:p.His65Arg	194A>G	CCSBORF4516	GMCL1	-0.4872492205589209	0.7213209962844993
NC_000014.9:100239815:G:C	YY1	ENSG00000100811	CCSBVarC019455	CCSBORF2339	ENSP00000262238.4:p.Gly191Ala	572G>C	CCSBORF4516	GMCL1	0.09971974499219455	0.7246490202576289
NC_000014.9:100276570:G:C	YY1	ENSG00000100811	CCSBVarC019462	CCSBORF2339	ENSP00000262238.4:p.Glu329Gln	985G>C	CCSBORF4516	GMCL1	-0.019496226626360885	0.7180113094487265
NC_000014.9:100276610:G:A	YY1	ENSG00000100811	CCSBVarC019468	CCSBORF2339	ENSP00000262238.4:p.Arg342Gln	1025G>A	CCSBORF55390	ZNF85	-0.2767211602757168	0.25708816154872766
NC_000014.9:100276621:G:T	YY1	ENSG00000100811	CCSBVarC019471	CCSBORF2339	ENSP00000262238.4:p.Val346Phe	1036G>T	CCSBORF55390	ZNF85	-0.15756981481300686	0.25648482949377
NC_000014.9:100277450:C:G	YY1	ENSG00000100811	CCSBVarC019477	CCSBORF2339	ENSP00000262238.4:p.Leu366Val	1096C>G	CCSBORF55390	ZNF85	-0.13054005093450216	0.2602087255443216
NC_000014.9:100277456:T:C	YY1	ENSG00000100811	CCSBVarC019483	CCSBORF2339	ENSP00000262238.4:p.Phe368Leu	1102T>C	CCSBORF55390	ZNF85	0.703683771213739	0.590476129227998
NC_000014.9:100277466:G:A	YY1	ENSG00000100811	CCSBVarC019490	CCSBORF2339	ENSP00000262238.4:p.Arg371His	1112G>A	CCSBORF55390	ZNF85	-0.6102588722059291	0.2725713392554632
NC_000014.9:100277472:A:G	YY1	ENSG00000100811	CCSBVarC019498	CCSBORF2339	ENSP00000262238.4:p.His373Arg	1118A>G	CCSBORF55390	ZNF85	-1.7248745914070045	0.3522460339652097
NC_000014.9:100277478:G:A	YY1	ENSG00000100811	CCSBVarC019502	CCSBORF2339	ENSP00000262238.4:p.Arg375Gln	1124G>A	CCSBORF55390	ZNF85	0.3447004982089148	0.266439567734416
NC_000014.9:100277574:A:G	YY1	ENSG00000100811	CCSBVarC019523	CCSBORF2339	ENSP00000262238.4:p.His407Arg	1220A>G	CCSBORF55390	ZNF85	-0.08823753334012144	0.26810763458138315
NC_000014.9:100239437:A:G	YY1	ENSG00000100811	CCSBVarC019451	CCSBORF2339	ENSP00000262238.4:p.His65Arg	194A>G	CCSBORF55390	ZNF85	-0.31304387902471664	0.26399899268085153
NC_000014.9:100239815:G:C	YY1	ENSG00000100811	CCSBVarC019455	CCSBORF2339	ENSP00000262238.4:p.Gly191Ala	572G>C	CCSBORF55390	ZNF85	-0.0109940180163417	0.28326282167152
NC_000014.9:100276570:G:C	YY1	ENSG00000100811	CCSBVarC019462	CCSBORF2339	ENSP00000262238.4:p.Glu329Gln	985G>C	CCSBORF55390	ZNF85	-0.2524553944591921	0.2579698582064055
NC_000003.12:14141613:G:A	TMEM43	ENSG00000170876	CCSBVarC019853	CCSBORF3438	ENSP00000303992.5:p.Arg341Gln	1022G>A	CCSBORF70989	FAM209A	-1.0590435875129156	0.937517479252201
NC_000003.12:14141652:G:C	TMEM43	ENSG00000170876	CCSBVarC019859	CCSBORF3438	ENSP00000303992.5:p.Cys354Ser	1061G>C	CCSBORF70989	FAM209A	-1.8717468076775816	1.3267823765427729
NC_000003.12:14141663:T:C	TMEM43	ENSG00000170876	CCSBVarC019862	CCSBORF3438	ENSP00000303992.5:p.Ser358Pro	1072T>C	CCSBORF70989	FAM209A	-4.96884721428271	0.9749579270813717
NC_000003.12:14141691:G:A	TMEM43	ENSG00000170876	CCSBVarC019865	CCSBORF3438	ENSP00000303992.5:p.Gly367Asp	1100G>A	CCSBORF70989	FAM209A	-5.912739492405727	0.968061825475343
NC_000003.12:14141732:G:A	TMEM43	ENSG00000170876	CCSBVarC019868	CCSBORF3438	ENSP00000303992.5:p.Gly381Ser	1141G>A	CCSBORF70989	FAM209A	-0.2256241256232015	0.927506431182231
NC_000003.12:14131642:A:G	TMEM43	ENSG00000170876	CCSBVarC019771	CCSBORF3438	ENSP00000303992.5:p.Met121Val	361A>G	CCSBORF70989	FAM209A	0.8645085365825262	0.9500063059371792
NC_000003.12:14132580:C:T	TMEM43	ENSG00000170876	CCSBVarC019784	CCSBORF3438	ENSP00000303992.5:p.Thr143Met	428C>T	CCSBORF70989	FAM209A	0.49776343846930826	0.9461480691035213
NC_000003.12:14132906:G:A	TMEM43	ENSG00000170876	CCSBVarC019787	CCSBORF3438	ENSP00000303992.5:p.Asp162Asn	484G>A	CCSBORF70989	FAM209A	0.09237977585212989	0.9457089507835009
NC_000003.12:14133762:G:A	TMEM43	ENSG00000170876	CCSBVarC019795	CCSBORF3438	ENSP00000303992.5:p.Met179Ile	537G>A	CCSBORF70989	FAM209A	-0.7293703015546948	0.9353752822378268
NC_000003.12:14134849:G:A	TMEM43	ENSG00000170876	CCSBVarC019800	CCSBORF3438	ENSP00000303992.5:p.Gly222Arg	664G>A	CCSBORF70989	FAM209A	-0.9917718448095377	0.9317042473326538
NC_000003.12:14139189:A:G	TMEM43	ENSG00000170876	CCSBVarC019810	CCSBORF3438	ENSP00000303992.5:p.His298Arg	893A>G	CCSBORF70989	FAM209A	1.446491581702974	0.9294215828206385
NC_000003.12:14139249:C:T	TMEM43	ENSG00000170876	CCSBVarC019814	CCSBORF3438	ENSP00000303992.5:p.Ala318Val	953C>T	CCSBORF70989	FAM209A	-0.16274346793629657	0.9283649521201716
NC_000003.12:14139252:T:C	TMEM43	ENSG00000170876	CCSBVarC019817	CCSBORF3438	ENSP00000303992.5:p.Met319Thr	956T>C	CCSBORF70989	FAM209A	-3.969041801223444	1.2947777842309198
NC_000019.10:46608583:A:C	CALM3	ENSG00000160014	CCSBVarC020295	CCSBORF3484	ENSP00000291295.8:p.Asp94Ala	281A>C	CCSBORF71611	KCNN1	-0.24094003860771684	0.30209051861697134
NC_000019.10:46608948:A:G	CALM3	ENSG00000160014	CCSBVarC020299	CCSBORF3484	ENSP00000291295.8:p.Asp130Gly	389A>G	CCSBORF71611	KCNN1	0.8763946337364428	0.4416607682385114
NC_000019.10:46608949:C:G	CALM3	ENSG00000160014	CCSBVarC020302	CCSBORF3484	ENSP00000291295.8:p.Asp130Glu	390C>G	CCSBORF71611	KCNN1	-6.487451298477345	0.3342584769589443
NC_000019.10:46608955:T:A	CALM3	ENSG00000160014	CCSBVarC020308	CCSBORF3484	ENSP00000291295.8:p.Asp132Glu	396T>A	CCSBORF71611	KCNN1	0.026249569852593024	0.3035197060894129
NC_000019.10:46608980:G:A	CALM3	ENSG00000160014	CCSBVarC020310	CCSBORF3484	ENSP00000291295.8:p.Glu141Lys	421G>A	CCSBORF71611	KCNN1	-2.1841138749082467	0.3031106152767773
NC_000019.10:46609124:A:G	CALM3	ENSG00000160014	CCSBVarC020312	CCSBORF3484	ENSP00000291295.8:p.Glu141Gly	422A>G	CCSBORF71611	KCNN1	-1.8077335987934453	0.430662320878711
NC_000006.12:31860058:G:T	NEU1	ENSG00000204386	CCSBVarC020448	CCSBORF3564	ENSP00000364782.4:p.Pro335Gln	1004C>A	CCSBORF14338	TMEM14B	-0.21007276288888185	0.5779057955903575
NC_000006.12:31859926:C:T	NEU1	ENSG00000204386	CCSBVarC020454	CCSBORF3564	ENSP00000364782.4:p.Arg347Gln	1040G>A	CCSBORF14338	TMEM14B	-0.22675653267350598	0.5676431132970635
NC_000006.12:31859897:G:A	NEU1	ENSG00000204386	CCSBVarC020457	CCSBORF3564	ENSP00000364782.4:p.Arg357Trp	1069C>T	CCSBORF14338	TMEM14B	0.0981806215495385	0.5906223012388709
NC_000006.12:31859857:T:C	NEU1	ENSG00000204386	CCSBVarC020460	CCSBORF3564	ENSP00000364782.4:p.Tyr370Cys	1109A>G	CCSBORF14338	TMEM14B	-0.5538467882654566	0.5746717681804333
NC_000006.12:31862112:G:T	NEU1	ENSG00000204386	CCSBVarC020406	CCSBORF3564	ENSP00000364782.4:p.Pro80Thr	238C>A	CCSBORF14338	TMEM14B	-0.1354217336853537	0.5682902283709664
NC_000006.12:31861258:T:C	NEU1	ENSG00000204386	CCSBVarC020414	CCSBORF3564	ENSP00000364782.4:p.Ser182Gly	544A>G	CCSBORF14338	TMEM14B	-0.12248261614961543	0.5732757536786294
NC_000006.12:31860587:C:T	NEU1	ENSG00000204386	CCSBVarC020425	CCSBORF3564	ENSP00000364782.4:p.Val217Met	649G>A	CCSBORF14338	TMEM14B	0.9225220630813757	0.6741442542887062
NC_000006.12:31860557:C:T	NEU1	ENSG00000204386	CCSBVarC020428	CCSBORF3564	ENSP00000364782.4:p.Gly227Arg	679G>A	CCSBORF14338	TMEM14B	-0.04970733229436111	0.6190240415414535
NC_000006.12:31860193:C:T	NEU1	ENSG00000204386	CCSBVarC020433	CCSBORF3564	ENSP00000364782.4:p.Arg290Gln	869G>A	CCSBORF14338	TMEM14B	0.10366168943656114	0.567345791015507
NC_000006.12:31860175:T:C	NEU1	ENSG00000204386	CCSBVarC020436	CCSBORF3564	ENSP00000364782.4:p.Tyr296Cys	887A>G	CCSBORF14338	TMEM14B	0.11577428113194096	0.5694319529540302
NC_000006.12:31860116:G:A	NEU1	ENSG00000204386	CCSBVarC020442	CCSBORF3564	ENSP00000364782.4:p.Pro316Ser	946C>T	CCSBORF14338	TMEM14B	0.5247380890296426	0.7463391621611819
NC_000007.14:44145707:T:A	GCK	ENSG00000106633	CCSBVarC021262	CCSBORF3689	ENSP00000384247.3:p.Ile348Phe	1042A>T	CCSBORF54784	GCKR	-0.35611186728106703	0.5519207550559414
NC_000007.14:44188943:C:T	GCK	ENSG00000106633	CCSBVarC021093	CCSBORF3689	ENSP00000384247.3:p.Asp4Asn	10G>A	CCSBORF54784	GCKR	-0.11788285450239061	0.5705127462480211
NC_000007.14:44145169:A:T	GCK	ENSG00000106633	CCSBVarC021293	CCSBORF3689	ENSP00000384247.3:p.Val455Glu	1364T>A	CCSBORF54784	GCKR	-0.39189681704448703	0.5255739408715486
NC_000007.14:44153371:C:A	GCK	ENSG00000106633	CCSBVarC021121	CCSBORF3689	ENSP00000384247.3:p.Arg46Met	137G>T	CCSBORF54784	GCKR	-0.16743552897423353	0.5229888743518942
NC_000007.14:44145147:C:A	GCK	ENSG00000106633	CCSBVarC021296	CCSBORF3689	ENSP00000384247.3:p.Met462Ile	1386G>T	CCSBORF54784	GCKR	-0.5763677045160355	0.5311000364899783
NC_000007.14:44153305:C:T	GCK	ENSG00000106633	CCSBVarC021124	CCSBORF3689	ENSP00000384247.3:p.Gly68Asp	203G>A	CCSBORF54784	GCKR	0.027385735274375184	0.5592961532488361
NC_000007.14:44150963:T:C	GCK	ENSG00000106633	CCSBVarC021157	CCSBORF3689	ENSP00000384247.3:p.Ile159Val	475A>G	CCSBORF54784	GCKR	-0.21481213077063416	0.5273276071910804
NC_000007.14:44150045:T:G	GCK	ENSG00000106633	CCSBVarC021160	CCSBORF3689	ENSP00000384247.3:p.Thr168Pro	502A>C	CCSBORF54784	GCKR	-0.31392917958495326	0.5331635998929783
NC_000007.14:44153451:G:C	GCK	ENSG00000106633	CCSBVarC021109	CCSBORF3689	ENSP00000384247.3:p.Ile19Met	57C>G	CCSBORF54784	GCKR	-0.15670173240317445	0.5323771491154377
NC_000007.14:44149815:G:A	GCK	ENSG00000106633	CCSBVarC021166	CCSBORF3689	ENSP00000384247.3:p.Ala208Val	623C>T	CCSBORF54784	GCKR	-0.29302902482345045	0.5911426189276716
NC_000007.14:44147736:G:A	GCK	ENSG00000106633	CCSBVarC021175	CCSBORF3689	ENSP00000384247.3:p.Ala259Val	776C>T	CCSBORF54784	GCKR	-0.24783951687693237	0.5231126546719477
NC_000007.14:44147719:C:T	GCK	ENSG00000106633	CCSBVarC021178	CCSBORF3689	ENSP00000384247.3:p.Glu265Lys	793G>A	CCSBORF54784	GCKR	-0.34013740328865705	0.5321483988754421
NC_000007.14:44147677:C:G	GCK	ENSG00000106633	CCSBVarC021196	CCSBORF3689	ENSP00000384247.3:p.Glu279Gln	835G>C	CCSBORF54784	GCKR	-0.2705756131482916	0.5547436202120404
NC_000007.14:44146598:C:T	GCK	ENSG00000106633	CCSBVarC021199	CCSBORF3689	ENSP00000384247.3:p.Gly295Ser	883G>A	CCSBORF54784	GCKR	-0.4050868481890024	0.5290926672353041
NC_000007.14:44146564:A:T	GCK	ENSG00000106633	CCSBVarC021202	CCSBORF3689	ENSP00000384247.3:p.Leu306Gln	917T>A	CCSBORF54784	GCKR	-0.08032280388352056	0.5261871595257293
NC_000007.14:44146529:C:T	GCK	ENSG00000106633	CCSBVarC021206	CCSBORF3689	ENSP00000384247.3:p.Gly318Arg	952G>A	CCSBORF54784	GCKR	-0.22737424056404243	0.524826544065297
NC_000007.14:44146492:A:G	GCK	ENSG00000106633	CCSBVarC021209	CCSBORF3689	ENSP00000384247.3:p.Phe330Ser	989T>C	CCSBORF54784	GCKR	-0.25559429330563693	0.5264731410838817
NC_000007.14:44153410:A:T	GCK	ENSG00000106633	CCSBVarC021112	CCSBORF3689	ENSP00000384247.3:p.Val33Glu	98T>A	CCSBORF54784	GCKR	-0.11709280565463326	0.5373222637395575
NC_000011.10:45916247:C:A	PEX16	ENSG00000121680	CCSBVarC020953	CCSBORF3837	ENSP00000368024.5:p.Glu68Asp	204G>T	CCSBORF14031	SLC10A1	0.3336013166073678	0.6284471068976054
NC_000011.10:45915799:C:T	PEX16	ENSG00000121680	CCSBVarC020956	CCSBORF3837	ENSP00000368024.5:p.Val88Met	262G>A	CCSBORF14031	SLC10A1	-0.6945754627710413	0.6342438499971229
NC_000011.10:45915754:C:T	PEX16	ENSG00000121680	CCSBVarC020958	CCSBORF3837	ENSP00000368024.5:p.Val103Met	307G>A	CCSBORF14031	SLC10A1	-0.693257854142331	1.9000038333592353
NC_000011.10:45914374:G:C	PEX16	ENSG00000121680	CCSBVarC020960	CCSBORF3837	ENSP00000368024.5:p.Pro212Arg	635C>G	CCSBORF14031	SLC10A1	0.2559789991742196	0.6284292393148405
NC_000011.10:45914330:G:C	PEX16	ENSG00000121680	CCSBVarC020963	CCSBORF3837	ENSP00000368024.5:p.Arg227Gly	679C>G	CCSBORF14031	SLC10A1	0.06774418766348556	0.6277798919903291
NC_000011.10:45914137:C:G	PEX16	ENSG00000121680	CCSBVarC020967	CCSBORF3837	ENSP00000368024.5:p.Val254Leu	760G>C	CCSBORF14031	SLC10A1	0.06632230628667266	0.62749231672228
NC_000011.10:45913846:G:A	PEX16	ENSG00000121680	CCSBVarC020970	CCSBORF3837	ENSP00000368024.5:p.Arg287Cys	859C>T	CCSBORF14031	SLC10A1	-0.09304373131502636	0.6288616188061278
NC_000011.10:45913840:G:C	PEX16	ENSG00000121680	CCSBVarC021000	CCSBORF3837	ENSP00000368024.5:p.Pro289Ala	865C>G	CCSBORF14031	SLC10A1	-1.081465968506993	0.6479174770608611
NC_000011.10:45910272:T:C	PEX16	ENSG00000121680	CCSBVarC021004	CCSBORF3837	ENSP00000368024.5:p.Tyr331Cys	992A>G	CCSBORF14031	SLC10A1	-0.019249588402277015	0.6280443124209455
NC_000011.10:45916247:C:A	PEX16	ENSG00000121680	CCSBVarC020953	CCSBORF3837	ENSP00000368024.5:p.Glu68Asp	204G>T	CCSBORF623	REEP4	0.36289038825493314	0.5915175498644736
NC_000011.10:45915799:C:T	PEX16	ENSG00000121680	CCSBVarC020956	CCSBORF3837	ENSP00000368024.5:p.Val88Met	262G>A	CCSBORF623	REEP4	-0.9474143053268173	0.7522189304981762
NC_000011.10:45915754:C:T	PEX16	ENSG00000121680	CCSBVarC020958	CCSBORF3837	ENSP00000368024.5:p.Val103Met	307G>A	CCSBORF623	REEP4	NULL	NULL
NC_000011.10:45914374:G:C	PEX16	ENSG00000121680	CCSBVarC020960	CCSBORF3837	ENSP00000368024.5:p.Pro212Arg	635C>G	CCSBORF623	REEP4	-0.13806655982243193	0.5908610178167719
NC_000011.10:45914330:G:C	PEX16	ENSG00000121680	CCSBVarC020963	CCSBORF3837	ENSP00000368024.5:p.Arg227Gly	679C>G	CCSBORF623	REEP4	-0.2626045575551864	0.5908799950397854
NC_000011.10:45914137:C:G	PEX16	ENSG00000121680	CCSBVarC020967	CCSBORF3837	ENSP00000368024.5:p.Val254Leu	760G>C	CCSBORF623	REEP4	-0.35644919204847336	0.5905473705030304
NC_000011.10:45913846:G:A	PEX16	ENSG00000121680	CCSBVarC020970	CCSBORF3837	ENSP00000368024.5:p.Arg287Cys	859C>T	CCSBORF623	REEP4	-0.5116666712538027	0.5917656530827796
NC_000011.10:45913840:G:C	PEX16	ENSG00000121680	CCSBVarC021000	CCSBORF3837	ENSP00000368024.5:p.Pro289Ala	865C>G	CCSBORF623	REEP4	-1.480204105508175	0.6095758270233714
NC_000011.10:45910272:T:C	PEX16	ENSG00000121680	CCSBVarC021004	CCSBORF3837	ENSP00000368024.5:p.Tyr331Cys	992A>G	CCSBORF623	REEP4	-0.23723556897452058	0.5917032541617284
NC_000011.10:45916247:C:A	PEX16	ENSG00000121680	CCSBVarC020953	CCSBORF3837	ENSP00000368024.5:p.Glu68Asp	204G>T	CCSBORF798	PEX3	-0.20171042080168297	0.34139559877347275
NC_000011.10:45915799:C:T	PEX16	ENSG00000121680	CCSBVarC020956	CCSBORF3837	ENSP00000368024.5:p.Val88Met	262G>A	CCSBORF798	PEX3	-0.034645300286394926	0.3158746930711277
NC_000011.10:45915754:C:T	PEX16	ENSG00000121680	CCSBVarC020958	CCSBORF3837	ENSP00000368024.5:p.Val103Met	307G>A	CCSBORF798	PEX3	0.004148131860350443	0.3537429480722433
NC_000011.10:45914374:G:C	PEX16	ENSG00000121680	CCSBVarC020960	CCSBORF3837	ENSP00000368024.5:p.Pro212Arg	635C>G	CCSBORF798	PEX3	0.11917843735576952	0.3066801252658332
NC_000011.10:45914330:G:C	PEX16	ENSG00000121680	CCSBVarC020963	CCSBORF3837	ENSP00000368024.5:p.Arg227Gly	679C>G	CCSBORF798	PEX3	-0.379175355509683	0.3059519823180651
NC_000011.10:45914137:C:G	PEX16	ENSG00000121680	CCSBVarC020967	CCSBORF3837	ENSP00000368024.5:p.Val254Leu	760G>C	CCSBORF798	PEX3	-0.09089015869765932	0.3046739130912483
NC_000011.10:45913846:G:A	PEX16	ENSG00000121680	CCSBVarC020970	CCSBORF3837	ENSP00000368024.5:p.Arg287Cys	859C>T	CCSBORF798	PEX3	-0.5853914243845306	0.30724679095477164
NC_000011.10:45913840:G:C	PEX16	ENSG00000121680	CCSBVarC021000	CCSBORF3837	ENSP00000368024.5:p.Pro289Ala	865C>G	CCSBORF798	PEX3	-1.6782054001832258	0.33763217062747236
NC_000011.10:45910272:T:C	PEX16	ENSG00000121680	CCSBVarC021004	CCSBORF3837	ENSP00000368024.5:p.Tyr331Cys	992A>G	CCSBORF798	PEX3	-1.2585114103623602	0.3079644452669741
NC_000023.11:103785680:G:A	PLP1	ENSG00000123560	CCSBVarC021760	CCSBORF4062	ENSP00000477619.1:p.Cys35Tyr	104G>A	CCSBORF11130	SLC35E3	-3.4832494265215024	0.5977349671452439
NC_000023.11:103785716:T:C	PLP1	ENSG00000123560	CCSBVarC021764	CCSBORF4062	ENSP00000477619.1:p.Ile47Thr	140T>C	CCSBORF11130	SLC35E3	-3.6614142354316757	0.6314427880583035
NC_000023.11:103785745:G:T	PLP1	ENSG00000123560	CCSBVarC021767	CCSBORF4062	ENSP00000477619.1:p.Asp57Tyr	169G>T	CCSBORF11130	SLC35E3	-0.02791924726594968	0.591965429234301
NC_000023.11:103785749:A:G	PLP1	ENSG00000123560	CCSBVarC021770	CCSBORF4062	ENSP00000477619.1:p.Tyr58Cys	173A>G	CCSBORF11130	SLC35E3	-0.009737230707195788	0.5921236170487115
NC_000023.11:103786498:G:C	PLP1	ENSG00000123560	CCSBVarC021795	CCSBORF4062	ENSP00000477619.1:p.Ala76Pro	226G>C	CCSBORF11130	SLC35E3	0.873976786623571	0.5992906140351569
NC_000023.11:103787894:G:A	PLP1	ENSG00000123560	CCSBVarC021839	CCSBORF4062	ENSP00000477619.1:p.Cys149Tyr	446G>A	CCSBORF11130	SLC35E3	-5.948391049683245	0.7100099215248179
NC_000023.11:103787960:T:G	PLP1	ENSG00000123560	CCSBVarC021846	CCSBORF4062	ENSP00000477619.1:p.Met171Arg	512T>G	CCSBORF11130	SLC35E3	-1.2517785395036816	0.5924444300792715
NC_000023.11:103788447:T:C	PLP1	ENSG00000123560	CCSBVarC021851	CCSBORF4062	ENSP00000477619.1:p.Trp177Arg	529T>C	CCSBORF11130	SLC35E3	-0.9786098556928612	0.590934346496757
NC_000023.11:103788460:C:T	PLP1	ENSG00000123560	CCSBVarC021854	CCSBORF4062	ENSP00000477619.1:p.Pro181Leu	542C>T	CCSBORF11130	SLC35E3	-0.3554373765131553	0.5910784823301893
NC_000023.11:103788463:G:A	PLP1	ENSG00000123560	CCSBVarC021857	CCSBORF4062	ENSP00000477619.1:p.Gly182Asp	545G>A	CCSBORF11130	SLC35E3	-1.0321374090266167	0.6980546661267863
NC_000023.11:103788471:T:G	PLP1	ENSG00000123560	CCSBVarC021860	CCSBORF4062	ENSP00000477619.1:p.Cys185Gly	553T>G	CCSBORF11130	SLC35E3	-2.619622521167032	0.5935445333582624
NC_000023.11:103788478:C:G	PLP1	ENSG00000123560	CCSBVarC021863	CCSBORF4062	ENSP00000477619.1:p.Ser187Cys	560C>G	CCSBORF11130	SLC35E3	-0.19652953395296655	0.5930696706410624
NC_000023.11:103788483:C:T	PLP1	ENSG00000123560	CCSBVarC021869	CCSBORF4062	ENSP00000477619.1:p.Leu189Phe	565C>T	CCSBORF11130	SLC35E3	-1.5898926759575898	0.5955586584893855
NC_000023.11:103789344:T:G	PLP1	ENSG00000123560	CCSBVarC021872	CCSBORF4062	ENSP00000477619.1:p.Phe202Val	604T>G	CCSBORF11130	SLC35E3	-2.4768766783783835	0.6017169922771777
NC_000023.11:103789372:G:C	PLP1	ENSG00000123560	CCSBVarC021883	CCSBORF4062	ENSP00000477619.1:p.Gly211Ala	632G>C	CCSBORF11130	SLC35E3	-0.05850348477247649	0.5919545227654075
NC_000023.11:103785680:G:A	PLP1	ENSG00000123560	CCSBVarC021760	CCSBORF4062	ENSP00000477619.1:p.Cys35Tyr	104G>A	CCSBORF1172	FNDC9	-0.7002984419519633	0.8796439849721328
NC_000023.11:103785716:T:C	PLP1	ENSG00000123560	CCSBVarC021764	CCSBORF4062	ENSP00000477619.1:p.Ile47Thr	140T>C	CCSBORF1172	FNDC9	-1.1257580796618307	1.0261622925788987
NC_000023.11:103785745:G:T	PLP1	ENSG00000123560	CCSBVarC021767	CCSBORF4062	ENSP00000477619.1:p.Asp57Tyr	169G>T	CCSBORF1172	FNDC9	-0.001546258061869657	0.885327932179158
NC_000023.11:103785749:A:G	PLP1	ENSG00000123560	CCSBVarC021770	CCSBORF4062	ENSP00000477619.1:p.Tyr58Cys	173A>G	CCSBORF1172	FNDC9	0.5987355616694925	0.8779880657587349
NC_000023.11:103786498:G:C	PLP1	ENSG00000123560	CCSBVarC021795	CCSBORF4062	ENSP00000477619.1:p.Ala76Pro	226G>C	CCSBORF1172	FNDC9	-0.8190092332463871	0.889291930699959
NC_000023.11:103787894:G:A	PLP1	ENSG00000123560	CCSBVarC021839	CCSBORF4062	ENSP00000477619.1:p.Cys149Tyr	446G>A	CCSBORF1172	FNDC9	-0.871357249910435	0.8864738148625907
NC_000023.11:103787960:T:G	PLP1	ENSG00000123560	CCSBVarC021846	CCSBORF4062	ENSP00000477619.1:p.Met171Arg	512T>G	CCSBORF1172	FNDC9	0.26026378338510636	0.8779604250647701
NC_000023.11:103788447:T:C	PLP1	ENSG00000123560	CCSBVarC021851	CCSBORF4062	ENSP00000477619.1:p.Trp177Arg	529T>C	CCSBORF1172	FNDC9	0.3001565010866537	0.8761776378681219
NC_000023.11:103788460:C:T	PLP1	ENSG00000123560	CCSBVarC021854	CCSBORF4062	ENSP00000477619.1:p.Pro181Leu	542C>T	CCSBORF1172	FNDC9	0.23005776972395345	0.8752093853210343
NC_000023.11:103788463:G:A	PLP1	ENSG00000123560	CCSBVarC021857	CCSBORF4062	ENSP00000477619.1:p.Gly182Asp	545G>A	CCSBORF1172	FNDC9	-0.15537935997489094	0.8879117540830934
NC_000023.11:103788471:T:G	PLP1	ENSG00000123560	CCSBVarC021860	CCSBORF4062	ENSP00000477619.1:p.Cys185Gly	553T>G	CCSBORF1172	FNDC9	-0.37654257616468834	0.876582835668464
NC_000023.11:103788478:C:G	PLP1	ENSG00000123560	CCSBVarC021863	CCSBORF4062	ENSP00000477619.1:p.Ser187Cys	560C>G	CCSBORF1172	FNDC9	0.2955185498015788	0.8808469532521792
NC_000023.11:103788483:C:T	PLP1	ENSG00000123560	CCSBVarC021869	CCSBORF4062	ENSP00000477619.1:p.Leu189Phe	565C>T	CCSBORF1172	FNDC9	-1.0002285034277243	0.8823439133665927
NC_000023.11:103789344:T:G	PLP1	ENSG00000123560	CCSBVarC021872	CCSBORF4062	ENSP00000477619.1:p.Phe202Val	604T>G	CCSBORF1172	FNDC9	0.18339878918192562	0.8856645322285295
NC_000023.11:103789372:G:C	PLP1	ENSG00000123560	CCSBVarC021883	CCSBORF4062	ENSP00000477619.1:p.Gly211Ala	632G>C	CCSBORF1172	FNDC9	-0.11283923497200538	0.9097242590820279
NC_000023.11:103785680:G:A	PLP1	ENSG00000123560	CCSBVarC021760	CCSBORF4062	ENSP00000477619.1:p.Cys35Tyr	104G>A	CCSBORF14338	TMEM14B	-4.006375320553215	1.0519487845933957
NC_000023.11:103785716:T:C	PLP1	ENSG00000123560	CCSBVarC021764	CCSBORF4062	ENSP00000477619.1:p.Ile47Thr	140T>C	CCSBORF14338	TMEM14B	-2.3441288102640283	0.9053484854794452
NC_000023.11:103785745:G:T	PLP1	ENSG00000123560	CCSBVarC021767	CCSBORF4062	ENSP00000477619.1:p.Asp57Tyr	169G>T	CCSBORF14338	TMEM14B	1.5130660727745684	0.891500634355221
NC_000023.11:103785749:A:G	PLP1	ENSG00000123560	CCSBVarC021770	CCSBORF4062	ENSP00000477619.1:p.Tyr58Cys	173A>G	CCSBORF14338	TMEM14B	-0.6306326530517556	0.891843966325722
NC_000023.11:103786498:G:C	PLP1	ENSG00000123560	CCSBVarC021795	CCSBORF4062	ENSP00000477619.1:p.Ala76Pro	226G>C	CCSBORF14338	TMEM14B	-1.5426515973798711	0.8951774878903126
NC_000023.11:103787894:G:A	PLP1	ENSG00000123560	CCSBVarC021839	CCSBORF4062	ENSP00000477619.1:p.Cys149Tyr	446G>A	CCSBORF14338	TMEM14B	-2.882199923254614	1.1621966078468158
NC_000023.11:103787960:T:G	PLP1	ENSG00000123560	CCSBVarC021846	CCSBORF4062	ENSP00000477619.1:p.Met171Arg	512T>G	CCSBORF14338	TMEM14B	-1.672988555610838	0.8915190719947971
NC_000023.11:103788447:T:C	PLP1	ENSG00000123560	CCSBVarC021851	CCSBORF4062	ENSP00000477619.1:p.Trp177Arg	529T>C	CCSBORF14338	TMEM14B	-1.748267896558019	0.890624748052184
NC_000023.11:103788460:C:T	PLP1	ENSG00000123560	CCSBVarC021854	CCSBORF4062	ENSP00000477619.1:p.Pro181Leu	542C>T	CCSBORF14338	TMEM14B	-2.9613493658663876	0.8936841022830825
NC_000023.11:103788463:G:A	PLP1	ENSG00000123560	CCSBVarC021857	CCSBORF4062	ENSP00000477619.1:p.Gly182Asp	545G>A	CCSBORF14338	TMEM14B	-1.8838697914519913	0.8960637716185845
NC_000023.11:103788471:T:G	PLP1	ENSG00000123560	CCSBVarC021860	CCSBORF4062	ENSP00000477619.1:p.Cys185Gly	553T>G	CCSBORF14338	TMEM14B	-3.403555496231209	0.8931870785507441
NC_000023.11:103788478:C:G	PLP1	ENSG00000123560	CCSBVarC021863	CCSBORF4062	ENSP00000477619.1:p.Ser187Cys	560C>G	CCSBORF14338	TMEM14B	-0.36799812440534263	0.8920849028501547
NC_000023.11:103788483:C:T	PLP1	ENSG00000123560	CCSBVarC021869	CCSBORF4062	ENSP00000477619.1:p.Leu189Phe	565C>T	CCSBORF14338	TMEM14B	-4.6966515421192705	0.9216377497782037
NC_000023.11:103789344:T:G	PLP1	ENSG00000123560	CCSBVarC021872	CCSBORF4062	ENSP00000477619.1:p.Phe202Val	604T>G	CCSBORF14338	TMEM14B	-1.4391646003384964	0.893943272551663
NC_000023.11:103789372:G:C	PLP1	ENSG00000123560	CCSBVarC021883	CCSBORF4062	ENSP00000477619.1:p.Gly211Ala	632G>C	CCSBORF14338	TMEM14B	0.6961736139442878	0.8903153869047736
NC_000023.11:103785680:G:A	PLP1	ENSG00000123560	CCSBVarC021760	CCSBORF4062	ENSP00000477619.1:p.Cys35Tyr	104G>A	CCSBORF2649	DCT	-4.0941400120065925	0.8131561800856464
NC_000023.11:103785716:T:C	PLP1	ENSG00000123560	CCSBVarC021764	CCSBORF4062	ENSP00000477619.1:p.Ile47Thr	140T>C	CCSBORF2649	DCT	NULL	NULL
NC_000023.11:103785745:G:T	PLP1	ENSG00000123560	CCSBVarC021767	CCSBORF4062	ENSP00000477619.1:p.Asp57Tyr	169G>T	CCSBORF2649	DCT	0.32338852780424665	0.8019440461887197
NC_000023.11:103785749:A:G	PLP1	ENSG00000123560	CCSBVarC021770	CCSBORF4062	ENSP00000477619.1:p.Tyr58Cys	173A>G	CCSBORF2649	DCT	0.5432292086244652	0.7991577848428387
NC_000023.11:103786498:G:C	PLP1	ENSG00000123560	CCSBVarC021795	CCSBORF4062	ENSP00000477619.1:p.Ala76Pro	226G>C	CCSBORF2649	DCT	0.6696208061582265	0.8059401146899856
NC_000023.11:103787894:G:A	PLP1	ENSG00000123560	CCSBVarC021839	CCSBORF4062	ENSP00000477619.1:p.Cys149Tyr	446G>A	CCSBORF2649	DCT	-4.112961142802391	0.833926517582993
NC_000023.11:103787960:T:G	PLP1	ENSG00000123560	CCSBVarC021846	CCSBORF4062	ENSP00000477619.1:p.Met171Arg	512T>G	CCSBORF2649	DCT	0.06585920857190602	0.7985200108876228
NC_000023.11:103788447:T:C	PLP1	ENSG00000123560	CCSBVarC021851	CCSBORF4062	ENSP00000477619.1:p.Trp177Arg	529T>C	CCSBORF2649	DCT	0.3230545619381276	0.7982708812095333
NC_000023.11:103788460:C:T	PLP1	ENSG00000123560	CCSBVarC021854	CCSBORF4062	ENSP00000477619.1:p.Pro181Leu	542C>T	CCSBORF2649	DCT	0.6519916136935292	0.7987431942586729
NC_000023.11:103788463:G:A	PLP1	ENSG00000123560	CCSBVarC021857	CCSBORF4062	ENSP00000477619.1:p.Gly182Asp	545G>A	CCSBORF2649	DCT	-0.5229573440420904	0.7983365147645407
NC_000023.11:103788471:T:G	PLP1	ENSG00000123560	CCSBVarC021860	CCSBORF4062	ENSP00000477619.1:p.Cys185Gly	553T>G	CCSBORF2649	DCT	-0.9947080478609458	0.798832122676774
NC_000023.11:103788478:C:G	PLP1	ENSG00000123560	CCSBVarC021863	CCSBORF4062	ENSP00000477619.1:p.Ser187Cys	560C>G	CCSBORF2649	DCT	0.3087065855232414	0.9075592406217451
NC_000023.11:103788483:C:T	PLP1	ENSG00000123560	CCSBVarC021869	CCSBORF4062	ENSP00000477619.1:p.Leu189Phe	565C>T	CCSBORF2649	DCT	-0.9462479138016974	0.8046904716262978
NC_000023.11:103789344:T:G	PLP1	ENSG00000123560	CCSBVarC021872	CCSBORF4062	ENSP00000477619.1:p.Phe202Val	604T>G	CCSBORF2649	DCT	-6.474126921990701	0.8707909411405921
NC_000023.11:103789372:G:C	PLP1	ENSG00000123560	CCSBVarC021883	CCSBORF4062	ENSP00000477619.1:p.Gly211Ala	632G>C	CCSBORF2649	DCT	-3.559181082694024	0.8097883960545037
NC_000023.11:103785680:G:A	PLP1	ENSG00000123560	CCSBVarC021760	CCSBORF4062	ENSP00000477619.1:p.Cys35Tyr	104G>A	CCSBORF4935	SLC18A1	-1.5901017182335364	0.6688095032648095
NC_000023.11:103785716:T:C	PLP1	ENSG00000123560	CCSBVarC021764	CCSBORF4062	ENSP00000477619.1:p.Ile47Thr	140T>C	CCSBORF4935	SLC18A1	-3.468573272323842	0.8811331982863693
NC_000023.11:103785745:G:T	PLP1	ENSG00000123560	CCSBVarC021767	CCSBORF4062	ENSP00000477619.1:p.Asp57Tyr	169G>T	CCSBORF4935	SLC18A1	-0.47076615352262374	0.6671570777595225
NC_000023.11:103785749:A:G	PLP1	ENSG00000123560	CCSBVarC021770	CCSBORF4062	ENSP00000477619.1:p.Tyr58Cys	173A>G	CCSBORF4935	SLC18A1	-0.08468903152790669	0.6658132031586801
NC_000023.11:103786498:G:C	PLP1	ENSG00000123560	CCSBVarC021795	CCSBORF4062	ENSP00000477619.1:p.Ala76Pro	226G>C	CCSBORF4935	SLC18A1	0.23755562009234704	0.6685412353518477
NC_000023.11:103787894:G:A	PLP1	ENSG00000123560	CCSBVarC021839	CCSBORF4062	ENSP00000477619.1:p.Cys149Tyr	446G>A	CCSBORF4935	SLC18A1	-2.829807762401881	0.6902288437725072
NC_000023.11:103787960:T:G	PLP1	ENSG00000123560	CCSBVarC021846	CCSBORF4062	ENSP00000477619.1:p.Met171Arg	512T>G	CCSBORF4935	SLC18A1	0.11388851318163806	0.6649137181096219
NC_000023.11:103788447:T:C	PLP1	ENSG00000123560	CCSBVarC021851	CCSBORF4062	ENSP00000477619.1:p.Trp177Arg	529T>C	CCSBORF4935	SLC18A1	0.12721597887414077	0.6643589210662003
NC_000023.11:103788460:C:T	PLP1	ENSG00000123560	CCSBVarC021854	CCSBORF4062	ENSP00000477619.1:p.Pro181Leu	542C>T	CCSBORF4935	SLC18A1	0.24843228361710562	0.6641541249154875
NC_000023.11:103788463:G:A	PLP1	ENSG00000123560	CCSBVarC021857	CCSBORF4062	ENSP00000477619.1:p.Gly182Asp	545G>A	CCSBORF4935	SLC18A1	0.41754578021298194	0.7706400744955528
NC_000023.11:103788471:T:G	PLP1	ENSG00000123560	CCSBVarC021860	CCSBORF4062	ENSP00000477619.1:p.Cys185Gly	553T>G	CCSBORF4935	SLC18A1	-0.4147411511732785	0.6649687624151417
NC_000023.11:103788478:C:G	PLP1	ENSG00000123560	CCSBVarC021863	CCSBORF4062	ENSP00000477619.1:p.Ser187Cys	560C>G	CCSBORF4935	SLC18A1	-0.17711851838846154	0.6670220906720856
NC_000023.11:103788483:C:T	PLP1	ENSG00000123560	CCSBVarC021869	CCSBORF4062	ENSP00000477619.1:p.Leu189Phe	565C>T	CCSBORF4935	SLC18A1	-0.7923145436156922	0.6671897137834499
NC_000023.11:103789344:T:G	PLP1	ENSG00000123560	CCSBVarC021872	CCSBORF4062	ENSP00000477619.1:p.Phe202Val	604T>G	CCSBORF4935	SLC18A1	-1.0328152821278849	0.6703133194139806
NC_000023.11:103789372:G:C	PLP1	ENSG00000123560	CCSBVarC021883	CCSBORF4062	ENSP00000477619.1:p.Gly211Ala	632G>C	CCSBORF4935	SLC18A1	-0.023835013572295713	0.6648028007717255
NC_000023.11:103785680:G:A	PLP1	ENSG00000123560	CCSBVarC021760	CCSBORF4062	ENSP00000477619.1:p.Cys35Tyr	104G>A	CCSBORF52802	ARL13B	-1.1648858678766227	0.5719927147119795
NC_000023.11:103785716:T:C	PLP1	ENSG00000123560	CCSBVarC021764	CCSBORF4062	ENSP00000477619.1:p.Ile47Thr	140T>C	CCSBORF52802	ARL13B	NULL	NULL
NC_000023.11:103785745:G:T	PLP1	ENSG00000123560	CCSBVarC021767	CCSBORF4062	ENSP00000477619.1:p.Asp57Tyr	169G>T	CCSBORF52802	ARL13B	-0.6987495569807006	0.5258242666623945
NC_000023.11:103785749:A:G	PLP1	ENSG00000123560	CCSBVarC021770	CCSBORF4062	ENSP00000477619.1:p.Tyr58Cys	173A>G	CCSBORF52802	ARL13B	0.1322186318467688	0.5264285771327782
NC_000023.11:103786498:G:C	PLP1	ENSG00000123560	CCSBVarC021795	CCSBORF4062	ENSP00000477619.1:p.Ala76Pro	226G>C	CCSBORF52802	ARL13B	0.16151136627783486	0.5274864982521748
NC_000023.11:103787894:G:A	PLP1	ENSG00000123560	CCSBVarC021839	CCSBORF4062	ENSP00000477619.1:p.Cys149Tyr	446G>A	CCSBORF52802	ARL13B	-1.7825307880870656	0.5395856605585682
NC_000023.11:103787960:T:G	PLP1	ENSG00000123560	CCSBVarC021846	CCSBORF4062	ENSP00000477619.1:p.Met171Arg	512T>G	CCSBORF52802	ARL13B	-0.4313812022780591	0.5249299669402014
NC_000023.11:103788447:T:C	PLP1	ENSG00000123560	CCSBVarC021851	CCSBORF4062	ENSP00000477619.1:p.Trp177Arg	529T>C	CCSBORF52802	ARL13B	-0.13196481467819554	0.5234686657237696
NC_000023.11:103788460:C:T	PLP1	ENSG00000123560	CCSBVarC021854	CCSBORF4062	ENSP00000477619.1:p.Pro181Leu	542C>T	CCSBORF52802	ARL13B	-0.29286080936775327	0.5240635030384336
NC_000023.11:103788463:G:A	PLP1	ENSG00000123560	CCSBVarC021857	CCSBORF4062	ENSP00000477619.1:p.Gly182Asp	545G>A	CCSBORF52802	ARL13B	-0.7403636707751854	0.5322945233454696
NC_000023.11:103788471:T:G	PLP1	ENSG00000123560	CCSBVarC021860	CCSBORF4062	ENSP00000477619.1:p.Cys185Gly	553T>G	CCSBORF52802	ARL13B	-0.29245416173715477	0.5242383888706302
NC_000023.11:103788478:C:G	PLP1	ENSG00000123560	CCSBVarC021863	CCSBORF4062	ENSP00000477619.1:p.Ser187Cys	560C>G	CCSBORF52802	ARL13B	-0.5070885275146062	0.526837857355916
NC_000023.11:103788483:C:T	PLP1	ENSG00000123560	CCSBVarC021869	CCSBORF4062	ENSP00000477619.1:p.Leu189Phe	565C>T	CCSBORF52802	ARL13B	-0.3460704856226574	0.5264268041724588
NC_000023.11:103789344:T:G	PLP1	ENSG00000123560	CCSBVarC021872	CCSBORF4062	ENSP00000477619.1:p.Phe202Val	604T>G	CCSBORF52802	ARL13B	-0.3113473833678562	0.5326127998774647
NC_000023.11:103789372:G:C	PLP1	ENSG00000123560	CCSBVarC021883	CCSBORF4062	ENSP00000477619.1:p.Gly211Ala	632G>C	CCSBORF52802	ARL13B	-0.8838353577301356	0.525727438472015
NC_000023.11:103785680:G:A	PLP1	ENSG00000123560	CCSBVarC021760	CCSBORF4062	ENSP00000477619.1:p.Cys35Tyr	104G>A	CCSBORF53536	SLC35E2A	-7.535856654010294	0.4188720561002558
NC_000023.11:103785716:T:C	PLP1	ENSG00000123560	CCSBVarC021764	CCSBORF4062	ENSP00000477619.1:p.Ile47Thr	140T>C	CCSBORF53536	SLC35E2A	-5.543800678309685	0.42897885767646693
NC_000023.11:103785745:G:T	PLP1	ENSG00000123560	CCSBVarC021767	CCSBORF4062	ENSP00000477619.1:p.Asp57Tyr	169G>T	CCSBORF53536	SLC35E2A	0.5280951583365247	0.29652383230264157
NC_000023.11:103785749:A:G	PLP1	ENSG00000123560	CCSBVarC021770	CCSBORF4062	ENSP00000477619.1:p.Tyr58Cys	173A>G	CCSBORF53536	SLC35E2A	-0.5867020661004824	0.29291317299171066
NC_000023.11:103786498:G:C	PLP1	ENSG00000123560	CCSBVarC021795	CCSBORF4062	ENSP00000477619.1:p.Ala76Pro	226G>C	CCSBORF53536	SLC35E2A	0.2612007926462585	0.3815886117120329
NC_000023.11:103787894:G:A	PLP1	ENSG00000123560	CCSBVarC021839	CCSBORF4062	ENSP00000477619.1:p.Cys149Tyr	446G>A	CCSBORF53536	SLC35E2A	-6.882628982065622	0.4433720954869731
NC_000023.11:103787960:T:G	PLP1	ENSG00000123560	CCSBVarC021846	CCSBORF4062	ENSP00000477619.1:p.Met171Arg	512T>G	CCSBORF53536	SLC35E2A	-4.872362009300964	0.30558131364422997
NC_000023.11:103788447:T:C	PLP1	ENSG00000123560	CCSBVarC021851	CCSBORF4062	ENSP00000477619.1:p.Trp177Arg	529T>C	CCSBORF53536	SLC35E2A	-3.9643901531100085	0.29495865572072716
NC_000023.11:103788460:C:T	PLP1	ENSG00000123560	CCSBVarC021854	CCSBORF4062	ENSP00000477619.1:p.Pro181Leu	542C>T	CCSBORF53536	SLC35E2A	-3.9451733766679693	0.2965747023202598
NC_000023.11:103788463:G:A	PLP1	ENSG00000123560	CCSBVarC021857	CCSBORF4062	ENSP00000477619.1:p.Gly182Asp	545G>A	CCSBORF53536	SLC35E2A	-3.6912082253880314	0.3095745947253217
NC_000023.11:103788471:T:G	PLP1	ENSG00000123560	CCSBVarC021860	CCSBORF4062	ENSP00000477619.1:p.Cys185Gly	553T>G	CCSBORF53536	SLC35E2A	-6.533620208962299	0.33338673373257
NC_000023.11:103788478:C:G	PLP1	ENSG00000123560	CCSBVarC021863	CCSBORF4062	ENSP00000477619.1:p.Ser187Cys	560C>G	CCSBORF53536	SLC35E2A	0.05334280347729829	0.293914666318975
NC_000023.11:103788483:C:T	PLP1	ENSG00000123560	CCSBVarC021869	CCSBORF4062	ENSP00000477619.1:p.Leu189Phe	565C>T	CCSBORF53536	SLC35E2A	-6.291333952495443	0.3514000126018627
NC_000023.11:103789344:T:G	PLP1	ENSG00000123560	CCSBVarC021872	CCSBORF4062	ENSP00000477619.1:p.Phe202Val	604T>G	CCSBORF53536	SLC35E2A	-4.756167329950292	0.4085750784893591
NC_000023.11:103789372:G:C	PLP1	ENSG00000123560	CCSBVarC021883	CCSBORF4062	ENSP00000477619.1:p.Gly211Ala	632G>C	CCSBORF53536	SLC35E2A	-1.8405838536428443	0.29317581408426313
NC_000023.11:103785680:G:A	PLP1	ENSG00000123560	CCSBVarC021760	CCSBORF4062	ENSP00000477619.1:p.Cys35Tyr	104G>A	CCSBORF70989	FAM209A	-1.4722660775930423	0.6123844674252449
NC_000023.11:103785716:T:C	PLP1	ENSG00000123560	CCSBVarC021764	CCSBORF4062	ENSP00000477619.1:p.Ile47Thr	140T>C	CCSBORF70989	FAM209A	-3.325410349056326	0.6583520271643762
NC_000023.11:103785745:G:T	PLP1	ENSG00000123560	CCSBVarC021767	CCSBORF4062	ENSP00000477619.1:p.Asp57Tyr	169G>T	CCSBORF70989	FAM209A	-0.3573194367895995	0.8012526874331307
NC_000023.11:103785749:A:G	PLP1	ENSG00000123560	CCSBVarC021770	CCSBORF4062	ENSP00000477619.1:p.Tyr58Cys	173A>G	CCSBORF70989	FAM209A	-0.08130048634042941	0.7218271937840499
NC_000023.11:103786498:G:C	PLP1	ENSG00000123560	CCSBVarC021795	CCSBORF4062	ENSP00000477619.1:p.Ala76Pro	226G>C	CCSBORF70989	FAM209A	-0.6010070168165205	0.6129633824671614
NC_000023.11:103787894:G:A	PLP1	ENSG00000123560	CCSBVarC021839	CCSBORF4062	ENSP00000477619.1:p.Cys149Tyr	446G>A	CCSBORF70989	FAM209A	-3.2291684697681715	0.6353647878478416
NC_000023.11:103787960:T:G	PLP1	ENSG00000123560	CCSBVarC021846	CCSBORF4062	ENSP00000477619.1:p.Met171Arg	512T>G	CCSBORF70989	FAM209A	-0.4867716387682568	0.6105292635023092
NC_000023.11:103788447:T:C	PLP1	ENSG00000123560	CCSBVarC021851	CCSBORF4062	ENSP00000477619.1:p.Trp177Arg	529T>C	CCSBORF70989	FAM209A	-1.08532981173206	0.6100833042325565
NC_000023.11:103788460:C:T	PLP1	ENSG00000123560	CCSBVarC021854	CCSBORF4062	ENSP00000477619.1:p.Pro181Leu	542C>T	CCSBORF70989	FAM209A	-0.20668019519449846	0.6104548828150959
NC_000023.11:103788463:G:A	PLP1	ENSG00000123560	CCSBVarC021857	CCSBORF4062	ENSP00000477619.1:p.Gly182Asp	545G>A	CCSBORF70989	FAM209A	-1.3139558737185382	0.6145385627952781
NC_000023.11:103788471:T:G	PLP1	ENSG00000123560	CCSBVarC021860	CCSBORF4062	ENSP00000477619.1:p.Cys185Gly	553T>G	CCSBORF70989	FAM209A	-1.0130830892391816	0.6103162887639301
NC_000023.11:103788478:C:G	PLP1	ENSG00000123560	CCSBVarC021863	CCSBORF4062	ENSP00000477619.1:p.Ser187Cys	560C>G	CCSBORF70989	FAM209A	-0.5382482861600405	0.6137547873228628
NC_000023.11:103788483:C:T	PLP1	ENSG00000123560	CCSBVarC021869	CCSBORF4062	ENSP00000477619.1:p.Leu189Phe	565C>T	CCSBORF70989	FAM209A	-1.5191709577632497	0.6144633783921672
NC_000023.11:103789344:T:G	PLP1	ENSG00000123560	CCSBVarC021872	CCSBORF4062	ENSP00000477619.1:p.Phe202Val	604T>G	CCSBORF70989	FAM209A	-1.5287845837446483	0.6137497828635536
NC_000023.11:103789372:G:C	PLP1	ENSG00000123560	CCSBVarC021883	CCSBORF4062	ENSP00000477619.1:p.Gly211Ala	632G>C	CCSBORF70989	FAM209A	-0.19635529714318622	0.6094968702833014
NC_000005.10:917097:A:G	TRIP13	ENSG00000071539	CCSBVarC021338	CCSBORF4664	ENSP00000166345.3:p.Ile432Val	1294A>G	CCSBORF4616	UBE2I	-0.21791475964087467	0.5880818474537606
NC_000005.10:896682:T:C	TRIP13	ENSG00000071539	CCSBVarC021324	CCSBORF4664	ENSP00000166345.3:p.Cys93Arg	277T>C	CCSBORF4616	UBE2I	0.030883365211542835	0.5859054773361708
NC_000005.10:901413:G:A	TRIP13	ENSG00000071539	CCSBVarC021327	CCSBORF4664	ENSP00000166345.3:p.Arg173Gln	518G>A	CCSBORF4616	UBE2I	-0.26248870616109543	0.5879325400167211
NC_000005.10:904203:A:G	TRIP13	ENSG00000071539	CCSBVarC021330	CCSBORF4664	ENSP00000166345.3:p.Ile198Val	592A>G	CCSBORF4616	UBE2I	0.30336714235797785	0.5789793718404058
NC_000005.10:907134:G:A	TRIP13	ENSG00000071539	CCSBVarC021332	CCSBORF4664	ENSP00000166345.3:p.Arg205Gln	614G>A	CCSBORF4616	UBE2I	0.47627476286070064	0.5662045880356577
NC_000005.10:893074:A:G	TRIP13	ENSG00000071539	CCSBVarC021320	CCSBORF4664	ENSP00000166345.3:p.His26Arg	77A>G	CCSBORF4616	UBE2I	-0.11085867030160146	0.5796827241708257
NC_000014.9:104775680:C:T	AKT1	ENSG00000142208	CCSBVarC022086	CCSBORF5348	ENSP00000497822.1:p.Val136Met	406G>A	CCSBORF71420	XAF1	-0.07768336285930878	0.2432647526459039
NC_000017.11:7702462:C:T	WRAP53	ENSG00000141499	CCSBVarC022344	CCSBORF5385	ENSP00000379727.3:p.Pro359Ser	1075C>T	CCSBORF80593	UBAP2	0.29826200103591394	0.5847094741972672
NC_000017.11:7702513:C:T	WRAP53	ENSG00000141499	CCSBVarC022347	CCSBORF5385	ENSP00000379727.3:p.His376Tyr	1126C>T	CCSBORF80593	UBAP2	-0.026713691041799614	0.5603401345208681
NC_000017.11:7703026:G:A	WRAP53	ENSG00000141499	CCSBVarC022352	CCSBORF5385	ENSP00000379727.3:p.Gly435Arg	1303G>A	CCSBORF80593	UBAP2	-1.2967004719022692	0.5613620179687091
NC_000017.11:7701459:G:A	WRAP53	ENSG00000141499	CCSBVarC022338	CCSBORF5385	ENSP00000379727.3:p.Val245Met	733G>A	CCSBORF80593	UBAP2	-0.25641243110194045	0.5593662150715721
NC_000017.11:7701680:C:T	WRAP53	ENSG00000141499	CCSBVarC022340	CCSBORF5385	ENSP00000379727.3:p.Leu283Phe	847C>T	CCSBORF80593	UBAP2	0.07719498287354559	0.5594969993683113
NC_000017.11:7701737:G:T	WRAP53	ENSG00000141499	CCSBVarC022342	CCSBORF5385	ENSP00000379727.3:p.Val302Phe	904G>T	CCSBORF80593	UBAP2	0.030862989000795343	0.5594806814438268
NC_000019.10:54129184:G:T	PRPF31	ENSG00000105618	CCSBVarC030472	CCSBORF54082	ENSP00000324122.4:p.Gln425His	1275G>T	CCSBORF14269	ZNF774	-6.1852645699761055	2.4565434689533463
NC_000019.10:54122593:G:C	PRPF31	ENSG00000105618	CCSBVarC030428	CCSBORF54082	ENSP00000324122.4:p.Lys140Asn	420G>C	CCSBORF14269	ZNF774	-0.16055092470047777	1.5400785953708809
NC_000019.10:54123902:G:C	PRPF31	ENSG00000105618	CCSBVarC030433	CCSBORF54082	ENSP00000324122.4:p.Ala228Pro	682G>C	CCSBORF14269	ZNF774	-5.907764166756451	1.5755319004372776
NC_000019.10:54124557:G:A	PRPF31	ENSG00000105618	CCSBVarC030455	CCSBORF54082	ENSP00000324122.4:p.Gly253Arg	757G>A	CCSBORF14269	ZNF774	-0.5131501605027925	1.5409720517609715
NC_000019.10:54124564:A:T	PRPF31	ENSG00000105618	CCSBVarC030458	CCSBORF54082	ENSP00000324122.4:p.Gln255Leu	764A>T	CCSBORF14269	ZNF774	-0.23265929760733955	1.5401839909111976
NC_000019.10:54124621:T:C	PRPF31	ENSG00000105618	CCSBVarC030461	CCSBORF54082	ENSP00000324122.4:p.Ile274Thr	821T>C	CCSBORF14269	ZNF774	-2.7310126629223794	1.5413340163784535
NC_000019.10:54126581:C:T	PRPF31	ENSG00000105618	CCSBVarC030470	CCSBORF54082	ENSP00000324122.4:p.Arg304Cys	910C>T	CCSBORF14269	ZNF774	0.6737056259827894	1.5399506282216897
NC_000003.12:49057443:C:A	QRICH1	ENSG00000198218	CCSBVarC031037	CCSBORF54736	ENSP00000378830.2:p.Met252Ile	756G>T	CCSBORF8732	KHDC4	0.2946747841472194	1.0596190196299367
NC_000003.12:49057348:G:A	QRICH1	ENSG00000198218	CCSBVarC031040	CCSBORF54736	ENSP00000378830.2:p.Pro284Leu	851C>T	CCSBORF8732	KHDC4	-5.325997213198349	1.0663284421217842
NC_000001.11:154176220:G:C	TPM3	ENSG00000143549	CCSBVarC023397	CCSBORF5712	ENSP00000498577.1:p.Arg91Gly	271C>G	CCSBORF11452	WASHC1	-0.4472329452865181	0.27686958186711863
NC_000001.11:154176220:G:A	TPM3	ENSG00000143549	CCSBVarC023399	CCSBORF5712	ENSP00000498577.1:p.Arg91Cys	271C>T	CCSBORF11452	WASHC1	0.3737583416946266	0.27843993207894957
NC_000001.11:154176219:C:T	TPM3	ENSG00000143549	CCSBVarC023401	CCSBORF5712	ENSP00000498577.1:p.Arg91His	272G>A	CCSBORF11452	WASHC1	0.28241878606428905	0.2706882422530868
NC_000001.11:154191975:C:T	TPM3	ENSG00000143549	CCSBVarC023387	CCSBORF5712	ENSP00000498577.1:p.Asp15Asn	43G>A	CCSBORF11452	WASHC1	0.14683480622350562	0.6436873791989881
NC_000001.11:154191975:C:G	TPM3	ENSG00000143549	CCSBVarC023390	CCSBORF5712	ENSP00000498577.1:p.Asp15His	43G>C	CCSBORF11452	WASHC1	0.16637038556598882	0.28948563204543554
NC_000001.11:154173133:G:T	TPM3	ENSG00000143549	CCSBVarC023412	CCSBORF5712	ENSP00000498577.1:p.Leu149Ile	445C>A	CCSBORF11452	WASHC1	0.6326910259576048	0.37115580944408033
NC_000001.11:154173123:G:A	TPM3	ENSG00000143549	CCSBVarC023416	CCSBORF5712	ENSP00000498577.1:p.Ala152Val	455C>T	CCSBORF11452	WASHC1	0.04188098372736219	0.2705717321711115
NC_000001.11:154172970:C:T	TPM3	ENSG00000143549	CCSBVarC023422	CCSBORF5712	ENSP00000498577.1:p.Arg168His	503G>A	CCSBORF11452	WASHC1	0.859594479776451	0.31622813082134027
NC_000001.11:154170416:G:T	TPM3	ENSG00000143549	CCSBVarC023430	CCSBORF5712	ENSP00000498577.1:p.Thr253Lys	758C>A	CCSBORF11452	WASHC1	0.4446156694876342	0.2745223141999197
NC_000001.11:154192011:C:G	TPM3	ENSG00000143549	CCSBVarC023385	CCSBORF5712	ENSP00000498577.1:p.Glu3Gln	7G>C	CCSBORF11452	WASHC1	0.4225385316971241	0.27314911140461395
NC_000001.11:154191926:T:G	TPM3	ENSG00000143549	CCSBVarC023395	CCSBORF5712	ENSP00000498577.1:p.Lys31Thr	92A>C	CCSBORF11452	WASHC1	0.37650414948194344	0.27047902775039695
NC_000001.11:154176220:G:C	TPM3	ENSG00000143549	CCSBVarC023397	CCSBORF5712	ENSP00000498577.1:p.Arg91Gly	271C>G	CCSBORF4350	SNAPIN	-0.5006636973788456	0.646077684259233
NC_000001.11:154176220:G:A	TPM3	ENSG00000143549	CCSBVarC023399	CCSBORF5712	ENSP00000498577.1:p.Arg91Cys	271C>T	CCSBORF4350	SNAPIN	0.6864060342008862	0.527144837282565
NC_000001.11:154176219:C:T	TPM3	ENSG00000143549	CCSBVarC023401	CCSBORF5712	ENSP00000498577.1:p.Arg91His	272G>A	CCSBORF4350	SNAPIN	0.33397118731957814	0.5181972340140962
NC_000001.11:154191975:C:T	TPM3	ENSG00000143549	CCSBVarC023387	CCSBORF5712	ENSP00000498577.1:p.Asp15Asn	43G>A	CCSBORF4350	SNAPIN	0.3272444054039313	0.5246419701714835
NC_000001.11:154191975:C:G	TPM3	ENSG00000143549	CCSBVarC023390	CCSBORF5712	ENSP00000498577.1:p.Asp15His	43G>C	CCSBORF4350	SNAPIN	0.46647367884555696	0.5203664546136442
NC_000001.11:154173133:G:T	TPM3	ENSG00000143549	CCSBVarC023412	CCSBORF5712	ENSP00000498577.1:p.Leu149Ile	445C>A	CCSBORF4350	SNAPIN	-0.23815381125281915	0.5198152673921705
NC_000001.11:154173123:G:A	TPM3	ENSG00000143549	CCSBVarC023416	CCSBORF5712	ENSP00000498577.1:p.Ala152Val	455C>T	CCSBORF4350	SNAPIN	-0.002312005654676947	0.5187748029592719
NC_000001.11:154172970:C:T	TPM3	ENSG00000143549	CCSBVarC023422	CCSBORF5712	ENSP00000498577.1:p.Arg168His	503G>A	CCSBORF4350	SNAPIN	0.7125183459039736	0.5810024664675292
NC_000001.11:154170416:G:T	TPM3	ENSG00000143549	CCSBVarC023430	CCSBORF5712	ENSP00000498577.1:p.Thr253Lys	758C>A	CCSBORF4350	SNAPIN	-0.11719495374847658	0.5225494395233498
NC_000001.11:154192011:C:G	TPM3	ENSG00000143549	CCSBVarC023385	CCSBORF5712	ENSP00000498577.1:p.Glu3Gln	7G>C	CCSBORF4350	SNAPIN	0.3226234565992164	0.5193111865285163
NC_000001.11:154191926:T:G	TPM3	ENSG00000143549	CCSBVarC023395	CCSBORF5712	ENSP00000498577.1:p.Lys31Thr	92A>C	CCSBORF4350	SNAPIN	0.11254528991491608	0.5294780106329534
NC_000001.11:154176220:G:C	TPM3	ENSG00000143549	CCSBVarC023397	CCSBORF5712	ENSP00000498577.1:p.Arg91Gly	271C>G	CCSBORF55939	FAM9C	0.39821059582839846	0.624354876789405
NC_000001.11:154176220:G:A	TPM3	ENSG00000143549	CCSBVarC023399	CCSBORF5712	ENSP00000498577.1:p.Arg91Cys	271C>T	CCSBORF55939	FAM9C	-0.01201458940477601	0.8323243541234114
NC_000001.11:154176219:C:T	TPM3	ENSG00000143549	CCSBVarC023401	CCSBORF5712	ENSP00000498577.1:p.Arg91His	272G>A	CCSBORF55939	FAM9C	0.20458569728104076	0.6228818531459039
NC_000001.11:154191975:C:T	TPM3	ENSG00000143549	CCSBVarC023387	CCSBORF5712	ENSP00000498577.1:p.Asp15Asn	43G>A	CCSBORF55939	FAM9C	-0.04722721048486278	0.6471876511565292
NC_000001.11:154191975:C:G	TPM3	ENSG00000143549	CCSBVarC023390	CCSBORF5712	ENSP00000498577.1:p.Asp15His	43G>C	CCSBORF55939	FAM9C	-0.18613117132992113	0.6246198905133662
NC_000001.11:154173133:G:T	TPM3	ENSG00000143549	CCSBVarC023412	CCSBORF5712	ENSP00000498577.1:p.Leu149Ile	445C>A	CCSBORF55939	FAM9C	0.15770169622775762	0.6235911157263779
NC_000001.11:154173123:G:A	TPM3	ENSG00000143549	CCSBVarC023416	CCSBORF5712	ENSP00000498577.1:p.Ala152Val	455C>T	CCSBORF55939	FAM9C	-0.6722742299398228	0.6231790969547866
NC_000001.11:154172970:C:T	TPM3	ENSG00000143549	CCSBVarC023422	CCSBORF5712	ENSP00000498577.1:p.Arg168His	503G>A	CCSBORF55939	FAM9C	-1.1868587794044758	0.6363775102140465
NC_000001.11:154170416:G:T	TPM3	ENSG00000143549	CCSBVarC023430	CCSBORF5712	ENSP00000498577.1:p.Thr253Lys	758C>A	CCSBORF55939	FAM9C	-0.43917124889806797	0.626945211283725
NC_000001.11:154192011:C:G	TPM3	ENSG00000143549	CCSBVarC023385	CCSBORF5712	ENSP00000498577.1:p.Glu3Gln	7G>C	CCSBORF55939	FAM9C	-0.24549199696068552	0.623327998600249
NC_000001.11:154191926:T:G	TPM3	ENSG00000143549	CCSBVarC023395	CCSBORF5712	ENSP00000498577.1:p.Lys31Thr	92A>C	CCSBORF55939	FAM9C	-0.13761427539544396	0.6225869883703385
NC_000002.12:218580671:C:G	CNOT9	ENSG00000144580	CCSBVarC022658	CCSBORF5738	ENSP00000295701.5:p.Arg46Gly	136C>G	CCSBORF6876	GADD45A	0.2550456055395764	0.7075956607186586
NC_000002.12:218583024:T:C	CNOT9	ENSG00000144580	CCSBVarC022661	CCSBORF5738	ENSP00000295701.5:p.Ser87Pro	259T>C	CCSBORF6876	GADD45A	-2.9573001662010365	0.7125467864201693
NC_000002.12:218583025:C:G	CNOT9	ENSG00000144580	CCSBVarC022664	CCSBORF5738	ENSP00000295701.5:p.Ser87Cys	260C>G	CCSBORF6876	GADD45A	-0.6198099965394632	0.7077944162419775
NC_000002.12:218584681:C:T	CNOT9	ENSG00000144580	CCSBVarC022667	CCSBORF5738	ENSP00000295701.5:p.Pro131Ser	391C>T	CCSBORF6876	GADD45A	-1.1901233397358348	0.7112436490974202
NC_000002.12:218584682:C:T	CNOT9	ENSG00000144580	CCSBVarC022679	CCSBORF5738	ENSP00000295701.5:p.Pro131Leu	392C>T	CCSBORF6876	GADD45A	-4.828141288894855	0.7358146324072452
NC_000002.12:218592655:G:A	CNOT9	ENSG00000144580	CCSBVarC022683	CCSBORF5738	ENSP00000295701.5:p.Arg227His	680G>A	CCSBORF6876	GADD45A	0.5895104003817648	0.7112216035854907
NC_000009.12:127485774:G:A	LRSAM1	ENSG00000148356	CCSBVarC023181	CCSBORF5852	ENSP00000300417.6:p.Arg400Gln	1199G>A	CCSBORF71420	XAF1	-0.1161305109026136	0.211002866681545
NC_000009.12:127489446:G:A	LRSAM1	ENSG00000148356	CCSBVarC023185	CCSBORF5852	ENSP00000300417.6:p.Ala451Thr	1351G>A	CCSBORF71420	XAF1	-0.05438094568567112	0.19276031239947114
NC_000009.12:127489501:G:A	LRSAM1	ENSG00000148356	CCSBVarC023194	CCSBORF5852	ENSP00000300417.6:p.Arg469Gln	1406G>A	CCSBORF71420	XAF1	-0.0103505618685329	0.20780661876293172
NC_000009.12:127492811:C:T	LRSAM1	ENSG00000148356	CCSBVarC023196	CCSBORF5852	ENSP00000300417.6:p.Ser505Leu	1514C>T	CCSBORF71420	XAF1	-0.4301448755251098	0.29206742480101694
NC_000009.12:127495320:C:T	LRSAM1	ENSG00000148356	CCSBVarC023198	CCSBORF5852	ENSP00000300417.6:p.Thr534Met	1601C>T	CCSBORF71420	XAF1	0.023249771465137424	0.19248263272517563
NC_000009.12:127496036:C:T	LRSAM1	ENSG00000148356	CCSBVarC023203	CCSBORF5852	ENSP00000300417.6:p.Ala591Val	1772C>T	CCSBORF71420	XAF1	-0.129791481476177	0.2016202536201586
NC_000009.12:127501026:G:T	LRSAM1	ENSG00000148356	CCSBVarC023205	CCSBORF5852	ENSP00000300417.6:p.Gly644Cys	1930G>T	CCSBORF71420	XAF1	-0.07861738946310474	0.21265612456635813
NC_000009.12:127501071:G:A	LRSAM1	ENSG00000148356	CCSBVarC023207	CCSBORF5852	ENSP00000300417.6:p.Val659Met	1975G>A	CCSBORF71420	XAF1	-0.05967757825967715	0.1935545880505029
NC_000009.12:127501129:G:A	LRSAM1	ENSG00000148356	CCSBVarC023209	CCSBORF5852	ENSP00000300417.6:p.Cys678Tyr	2033G>A	CCSBORF71420	XAF1	-3.8870734579305055	0.6478161571510507
NC_000009.12:127502794:T:C	LRSAM1	ENSG00000148356	CCSBVarC023213	CCSBORF5852	ENSP00000300417.6:p.Cys690Arg	2068T>C	CCSBORF71420	XAF1	-0.6155795292166206	0.2868451329422837
NC_000009.12:127502806:T:C	LRSAM1	ENSG00000148356	CCSBVarC023215	CCSBORF5852	ENSP00000300417.6:p.Cys694Arg	2080T>C	CCSBORF71420	XAF1	-4.472997594927621	0.31070416716129695
NC_000009.12:127502807:G:A	LRSAM1	ENSG00000148356	CCSBVarC023217	CCSBORF5852	ENSP00000300417.6:p.Cys694Tyr	2081G>A	CCSBORF71420	XAF1	-4.301565080924276	0.3763707811400971
NC_000009.12:127502837:G:A	LRSAM1	ENSG00000148356	CCSBVarC023250	CCSBORF5852	ENSP00000300417.6:p.Arg704His	2111G>A	CCSBORF71420	XAF1	0.014674922254327018	0.18910757791691543
NC_000009.12:127502846:C:T	LRSAM1	ENSG00000148356	CCSBVarC023252	CCSBORF5852	ENSP00000300417.6:p.Pro707Leu	2120C>T	CCSBORF71420	XAF1	-4.1740470734037185	0.34630079305731415
NC_000009.12:127502866:G:A	LRSAM1	ENSG00000148356	CCSBVarC023254	CCSBORF5852	ENSP00000300417.6:p.Ala714Thr	2140G>A	CCSBORF71420	XAF1	-0.12195064537123733	0.1911376547575467
NC_000009.12:127459017:G:A	LRSAM1	ENSG00000148356	CCSBVarC023137	CCSBORF5852	ENSP00000300417.6:p.Asp90Asn	268G>A	CCSBORF71420	XAF1	0.03396556165573836	0.20672257756748746
NC_000009.12:127461200:T:C	LRSAM1	ENSG00000148356	CCSBVarC023143	CCSBORF5852	ENSP00000300417.6:p.Met117Thr	350T>C	CCSBORF71420	XAF1	-0.022217134621468668	0.23893640694911833
NC_000009.12:127467796:G:A	LRSAM1	ENSG00000148356	CCSBVarC023156	CCSBORF5852	ENSP00000300417.6:p.Gly196Ser	586G>A	CCSBORF71420	XAF1	-0.06989302670557443	0.23068978427068415
NC_000009.12:127473865:G:A	LRSAM1	ENSG00000148356	CCSBVarC023159	CCSBORF5852	ENSP00000300417.6:p.Glu229Lys	685G>A	CCSBORF71420	XAF1	0.13183487063067478	0.2506575418009424
NC_000009.12:127479851:T:G	LRSAM1	ENSG00000148356	CCSBVarC023165	CCSBORF5852	ENSP00000300417.6:p.Leu306Arg	917T>G	CCSBORF71420	XAF1	0.11802769863754219	0.3040947296600449
NC_000009.12:127455018:G:A	LRSAM1	ENSG00000148356	CCSBVarC023134	CCSBORF5852	ENSP00000300417.6:p.Asp32Asn	94G>A	CCSBORF71420	XAF1	-0.18888959510684836	0.31985087413570584
NC_000008.11:143816800:G:C	PUF60	ENSG00000179950	CCSBVarC018756	CCSBORF613	ENSP00000402953.2:p.Arg424Gly	1270C>G	CCSBORF4452	SF1	-5.49090761069183	1.203564519777976
NC_000008.11:143816751:A:G	PUF60	ENSG00000179950	CCSBVarC018758	CCSBORF613	ENSP00000402953.2:p.Val440Ala	1319T>C	CCSBORF4452	SF1	-1.7122217772674726	1.1445770905206505
NC_000008.11:143816740:A:G	PUF60	ENSG00000179950	CCSBVarC018760	CCSBORF613	ENSP00000402953.2:p.Cys444Arg	1330T>C	CCSBORF4452	SF1	-0.07572859872482247	1.151041843238169
NC_000008.11:143816727:C:T	PUF60	ENSG00000179950	CCSBVarC018764	CCSBORF613	ENSP00000402953.2:p.Gly448Glu	1343G>A	CCSBORF4452	SF1	-4.951745746544511	1.1889166320137519
NC_000008.11:143816634:G:A	PUF60	ENSG00000179950	CCSBVarC018768	CCSBORF613	ENSP00000402953.2:p.Ala479Val	1436C>T	CCSBORF4452	SF1	-4.160441047129342	2.8373750163858027
NC_000008.11:143818493:C:G	PUF60	ENSG00000179950	CCSBVarC018709	CCSBORF613	ENSP00000402953.2:p.Arg87Pro	260G>C	CCSBORF4452	SF1	-3.434553906282165	1.1730090265993411
NC_000008.11:143818446:G:A	PUF60	ENSG00000179950	CCSBVarC018713	CCSBORF613	ENSP00000402953.2:p.Arg103Cys	307C>T	CCSBORF4452	SF1	-3.2754321440113054	1.171684598830463
NC_000008.11:143818407:C:T	PUF60	ENSG00000179950	CCSBVarC018722	CCSBORF613	ENSP00000402953.2:p.Asp116Asn	346G>A	CCSBORF4452	SF1	-3.156799813298181	1.1701444491036965
NC_000008.11:143818403:A:G	PUF60	ENSG00000179950	CCSBVarC018726	CCSBORF613	ENSP00000402953.2:p.Met117Thr	350T>C	CCSBORF4452	SF1	1.965936437940448	2.01749325219764
NC_000008.11:143818377:G:A	PUF60	ENSG00000179950	CCSBVarC018743	CCSBORF613	ENSP00000402953.2:p.His126Tyr	376C>T	CCSBORF4452	SF1	4.655719277966692	1.1402103729060906
NC_000008.11:143818266:A:G	PUF60	ENSG00000179950	CCSBVarC018746	CCSBORF613	ENSP00000402953.2:p.Tyr134His	400T>C	CCSBORF4452	SF1	-4.6435231919827995	1.163255852558001
NC_000008.11:143817992:T:G	PUF60	ENSG00000179950	CCSBVarC018750	CCSBORF613	ENSP00000402953.2:p.Tyr186Ser	557A>C	CCSBORF4452	SF1	-4.470688111114294	1.2225943131528
NC_000008.11:143816800:G:C	PUF60	ENSG00000179950	CCSBVarC018756	CCSBORF613	ENSP00000402953.2:p.Arg424Gly	1270C>G	CCSBORF8732	KHDC4	-1.3021212857722495	0.8172016416374523
NC_000008.11:143816751:A:G	PUF60	ENSG00000179950	CCSBVarC018758	CCSBORF613	ENSP00000402953.2:p.Val440Ala	1319T>C	CCSBORF8732	KHDC4	-1.9686983179741442	0.6804536728231235
NC_000008.11:143816740:A:G	PUF60	ENSG00000179950	CCSBVarC018760	CCSBORF613	ENSP00000402953.2:p.Cys444Arg	1330T>C	CCSBORF8732	KHDC4	-2.0163082177026714	0.6824441240259096
NC_000008.11:143816727:C:T	PUF60	ENSG00000179950	CCSBVarC018764	CCSBORF613	ENSP00000402953.2:p.Gly448Glu	1343G>A	CCSBORF8732	KHDC4	-2.5148013106042164	0.6806532835449208
NC_000008.11:143816634:G:A	PUF60	ENSG00000179950	CCSBVarC018768	CCSBORF613	ENSP00000402953.2:p.Ala479Val	1436C>T	CCSBORF8732	KHDC4	0.2338059548577993	0.6819108879446765
NC_000008.11:143818493:C:G	PUF60	ENSG00000179950	CCSBVarC018709	CCSBORF613	ENSP00000402953.2:p.Arg87Pro	260G>C	CCSBORF8732	KHDC4	-0.2673884766830912	1.5485110981514747
NC_000008.11:143818446:G:A	PUF60	ENSG00000179950	CCSBVarC018713	CCSBORF613	ENSP00000402953.2:p.Arg103Cys	307C>T	CCSBORF8732	KHDC4	NULL	NULL
NC_000008.11:143818407:C:T	PUF60	ENSG00000179950	CCSBVarC018722	CCSBORF613	ENSP00000402953.2:p.Asp116Asn	346G>A	CCSBORF8732	KHDC4	NULL	NULL
NC_000008.11:143818403:A:G	PUF60	ENSG00000179950	CCSBVarC018726	CCSBORF613	ENSP00000402953.2:p.Met117Thr	350T>C	CCSBORF8732	KHDC4	NULL	NULL
NC_000008.11:143818377:G:A	PUF60	ENSG00000179950	CCSBVarC018743	CCSBORF613	ENSP00000402953.2:p.His126Tyr	376C>T	CCSBORF8732	KHDC4	0.22317013993445697	0.6819340667224835
NC_000008.11:143818266:A:G	PUF60	ENSG00000179950	CCSBVarC018746	CCSBORF613	ENSP00000402953.2:p.Tyr134His	400T>C	CCSBORF8732	KHDC4	-0.20672410153941587	0.6814222818614329
NC_000008.11:143817992:T:G	PUF60	ENSG00000179950	CCSBVarC018750	CCSBORF613	ENSP00000402953.2:p.Tyr186Ser	557A>C	CCSBORF8732	KHDC4	-0.6936695418424714	0.6812208418515884
NC_000011.10:5254484:C:T	HBG2	ENSG00000196565	CCSBVarC023195	CCSBORF6341	ENSP00000338082.4:p.Arg41Lys	122G>A	CCSBORF71239	HBM	0.938499759595062	0.565262116457149
NC_000011.10:5254481:A:G	HBG2	ENSG00000196565	CCSBVarC023197	CCSBORF6341	ENSP00000338082.4:p.Phe42Ser	125T>C	CCSBORF71239	HBM	-1.5106017254330486	0.5676747703993196
NC_000011.10:5254415:T:A	HBG2	ENSG00000196565	CCSBVarC023199	CCSBORF6341	ENSP00000338082.4:p.His64Leu	191A>T	CCSBORF71239	HBM	-7.892647915619456	0.6594098057483697
NC_000011.10:5254407:T:G	HBG2	ENSG00000196565	CCSBVarC023201	CCSBORF6341	ENSP00000338082.4:p.Lys67Gln	199A>C	CCSBORF71239	HBM	-2.1411654692281497	0.6625413052795367
NC_000011.10:5254679:C:G	HBG2	ENSG00000196565	CCSBVarC023189	CCSBORF6341	ENSP00000338082.4:p.Gly17Arg	49G>C	CCSBORF71239	HBM	-0.6173152299063763	0.5657000409408989
NC_000011.10:5254643:G:T	HBG2	ENSG00000196565	CCSBVarC023192	CCSBORF6341	ENSP00000338082.4:p.Leu29Met	85C>A	CCSBORF71239	HBM	0.8233273872479956	0.568454266684062
NC_000020.11:483971:C:T	CSNK2A1	ENSG00000101266	CCSBVarC024455	CCSBORF6699	ENSP00000217244.3:p.Ala389Thr	1165G>A	CCSBORF5629	ZNF670	-0.2802130877720632	0.475385169526564
NC_000020.11:505187:C:T	CSNK2A1	ENSG00000101266	CCSBVarC024322	CCSBORF6699	ENSP00000217244.3:p.Gly48Asp	143G>A	CCSBORF5629	ZNF670	-0.19876420609649836	0.4611399118318004
NC_000020.11:505181:T:G	CSNK2A1	ENSG00000101266	CCSBVarC024324	CCSBORF6699	ENSP00000217244.3:p.Tyr50Ser	149A>C	CCSBORF5629	ZNF670	0.1482787874000547	0.4609824874286346
NC_000020.11:505176:C:T	CSNK2A1	ENSG00000101266	CCSBVarC024328	CCSBORF6699	ENSP00000217244.3:p.Glu52Lys	154G>A	CCSBORF5629	ZNF670	-0.012326842680483396	0.4696628807763627
NC_000020.11:499908:C:T	CSNK2A1	ENSG00000101266	CCSBVarC024330	CCSBORF6699	ENSP00000217244.3:p.Arg80His	239G>A	CCSBORF5629	ZNF670	-0.43579483261396257	0.4679728337671454
NC_000020.11:499905:T:G	CSNK2A1	ENSG00000101266	CCSBVarC024331	CCSBORF6699	ENSP00000217244.3:p.Glu81Ala	242A>C	CCSBORF5629	ZNF670	-0.4768496226719535	0.47565010935324553
NC_000020.11:492350:T:C	CSNK2A1	ENSG00000101266	CCSBVarC024355	CCSBORF6699	ENSP00000217244.3:p.Asp175Gly	524A>G	CCSBORF5629	ZNF670	0.08743204151364338	0.54530269481348
NC_000020.11:492345:C:T	CSNK2A1	ENSG00000101266	CCSBVarC024361	CCSBORF6699	ENSP00000217244.3:p.Gly177Ser	529G>A	CCSBORF5629	ZNF670	-2.3804305547155074	0.7260985715841726
NC_000020.11:487464:C:T	CSNK2A1	ENSG00000101266	CCSBVarC024400	CCSBORF6699	ENSP00000217244.3:p.Arg312Gln	935G>A	CCSBORF5629	ZNF670	-2.2891200876722815	0.4953046278273901
NC_000012.12:50090507:C:T	SMARCD1	ENSG00000066117	CCSBVarC023618	CCSBORF6722	ENSP00000378414.4:p.Arg351Cys	1051C>T	CCSBORF52849	ANKRD23	0.24898513916761067	1.0876056112083718
NC_000012.12:50096915:A:G	SMARCD1	ENSG00000066117	CCSBVarC023621	CCSBORF6722	ENSP00000378414.4:p.Arg446Gly	1336A>G	CCSBORF52849	ANKRD23	0.16713853040211474	0.8009340040748132
NC_000012.12:50086185:G:A	SMARCD1	ENSG00000066117	CCSBVarC023597	CCSBORF6722	ENSP00000378414.4:p.Arg68Gln	203G>A	CCSBORF52849	ANKRD23	-0.22349467477878154	0.8009727064174457
NC_000012.12:50086318:G:T	SMARCD1	ENSG00000066117	CCSBVarC023600	CCSBORF6722	ENSP00000378414.4:p.Gln112His	336G>T	CCSBORF52849	ANKRD23	0.42240415476354204	1.2086539108189398
NC_000012.12:50086840:G:A	SMARCD1	ENSG00000066117	CCSBVarC023603	CCSBORF6722	ENSP00000378414.4:p.Arg165Gln	494G>A	CCSBORF52849	ANKRD23	-0.13221759301152364	0.8009407728614878
NC_000012.12:50090356:C:G	SMARCD1	ENSG00000066117	CCSBVarC023606	CCSBORF6722	ENSP00000378414.4:p.Asp330Glu	990C>G	CCSBORF52849	ANKRD23	-1.3795795591229534	0.8009406728199973
NC_000012.12:50090507:C:T	SMARCD1	ENSG00000066117	CCSBVarC023618	CCSBORF6722	ENSP00000378414.4:p.Arg351Cys	1051C>T	CCSBORF6710	STMN3	-0.11842881195313848	0.8085983863831928
NC_000012.12:50096915:A:G	SMARCD1	ENSG00000066117	CCSBVarC023621	CCSBORF6722	ENSP00000378414.4:p.Arg446Gly	1336A>G	CCSBORF6710	STMN3	0.2036724442386581	0.6167201228079193
NC_000012.12:50086185:G:A	SMARCD1	ENSG00000066117	CCSBVarC023597	CCSBORF6722	ENSP00000378414.4:p.Arg68Gln	203G>A	CCSBORF6710	STMN3	0.024345967177204386	0.6171563906190121
NC_000012.12:50086318:G:T	SMARCD1	ENSG00000066117	CCSBVarC023600	CCSBORF6722	ENSP00000378414.4:p.Gln112His	336G>T	CCSBORF6710	STMN3	-1.395050620612333	0.7766050018419028
NC_000012.12:50086840:G:A	SMARCD1	ENSG00000066117	CCSBVarC023603	CCSBORF6722	ENSP00000378414.4:p.Arg165Gln	494G>A	CCSBORF6710	STMN3	-0.6627203244806131	0.6257732846611591
NC_000012.12:50090356:C:G	SMARCD1	ENSG00000066117	CCSBVarC023606	CCSBORF6722	ENSP00000378414.4:p.Asp330Glu	990C>G	CCSBORF6710	STMN3	-2.6250820992899637	0.617280867663359
NC_000009.12:35689204:A:G	TPM2	ENSG00000198467	CCSBVarC023969	CCSBORF6947	ENSP00000367542.3:p.Ser61Pro	181T>C	CCSBORF4350	SNAPIN	-0.5924142014177607	1.0692142325130465
NC_000009.12:35689155:T:C	TPM2	ENSG00000198467	CCSBVarC023972	CCSBORF6947	ENSP00000367542.3:p.Lys77Arg	230A>G	CCSBORF4350	SNAPIN	-0.047160090305625596	1.0755085766972754
NC_000009.12:35689791:T:G	TPM2	ENSG00000198467	CCSBVarC023963	CCSBORF6947	ENSP00000367542.3:p.Gln9Pro	26A>C	CCSBORF4350	SNAPIN	-1.4035574499131689	1.5089418252750852
NC_000009.12:35685742:T:C	TPM2	ENSG00000198467	CCSBVarC023977	CCSBORF6947	ENSP00000367542.3:p.Gln93Arg	278A>G	CCSBORF4350	SNAPIN	0.19729645997902645	1.080613457893689
NC_000009.12:35685741:C:A	TPM2	ENSG00000198467	CCSBVarC023981	CCSBORF6947	ENSP00000367542.3:p.Gln93His	279G>T	CCSBORF4350	SNAPIN	-0.3621551601968455	1.0780563791841349
NC_000009.12:35685712:T:C	TPM2	ENSG00000198467	CCSBVarC024004	CCSBORF6947	ENSP00000367542.3:p.Gln103Arg	308A>G	CCSBORF4350	SNAPIN	0.16744414653644593	1.0907568567010624
NC_000009.12:35685462:C:T	TPM2	ENSG00000198467	CCSBVarC024009	CCSBORF6947	ENSP00000367542.3:p.Ala155Thr	463G>A	CCSBORF4350	SNAPIN	-0.3399568803520674	1.0900107864586306
NC_000016.10:2519559:G:C	ATP6V0C	ENSG00000185883	CCSBVarC024118	CCSBORF6959	ENSP00000454868.1:p.Ala52Pro	154G>C	CCSBORF13211	DNAJC1	NULL	NULL
NC_000016.10:2519680:T:C	ATP6V0C	ENSG00000185883	CCSBVarC024121	CCSBORF6959	ENSP00000454868.1:p.Leu92Pro	275T>C	CCSBORF13211	DNAJC1	-2.010966157740947	0.665944785491765
NC_000016.10:2519685:T:C	ATP6V0C	ENSG00000185883	CCSBVarC024124	CCSBORF6959	ENSP00000454868.1:p.Phe94Leu	280T>C	CCSBORF13211	DNAJC1	0.6960819383802203	0.8560862002614867
NC_000016.10:2519700:G:T	ATP6V0C	ENSG00000185883	CCSBVarC024127	CCSBORF6959	ENSP00000454868.1:p.Gly99Cys	295G>T	CCSBORF13211	DNAJC1	0.7695367573004791	0.7225610617257157
NC_000016.10:2519721:G:A	ATP6V0C	ENSG00000185883	CCSBVarC024129	CCSBORF6959	ENSP00000454868.1:p.Ala106Thr	316G>A	CCSBORF13211	DNAJC1	0.0016814872829294947	0.6661355030009404
NC_000016.10:2519325:G:C	ATP6V0C	ENSG00000185883	CCSBVarC024116	CCSBORF6959	ENSP00000454868.1:p.Gly20Ala	59G>C	CCSBORF13211	DNAJC1	-0.006336795797094841	0.7128540855419204
NC_000016.10:2519559:G:C	ATP6V0C	ENSG00000185883	CCSBVarC024118	CCSBORF6959	ENSP00000454868.1:p.Ala52Pro	154G>C	CCSBORF56446	GPR152	0.7979859870885235	0.21590821234438023
NC_000016.10:2519680:T:C	ATP6V0C	ENSG00000185883	CCSBVarC024121	CCSBORF6959	ENSP00000454868.1:p.Leu92Pro	275T>C	CCSBORF56446	GPR152	0.07705701737625877	0.1899132918430602
NC_000016.10:2519685:T:C	ATP6V0C	ENSG00000185883	CCSBVarC024124	CCSBORF6959	ENSP00000454868.1:p.Phe94Leu	280T>C	CCSBORF56446	GPR152	1.2264620960387864	0.1910121600363412
NC_000016.10:2519700:G:T	ATP6V0C	ENSG00000185883	CCSBVarC024127	CCSBORF6959	ENSP00000454868.1:p.Gly99Cys	295G>T	CCSBORF56446	GPR152	0.5051172916570066	0.19434307026929215
NC_000016.10:2519721:G:A	ATP6V0C	ENSG00000185883	CCSBVarC024129	CCSBORF6959	ENSP00000454868.1:p.Ala106Thr	316G>A	CCSBORF56446	GPR152	-0.15563949876173894	0.19632217188471923
NC_000016.10:2519325:G:C	ATP6V0C	ENSG00000185883	CCSBVarC024116	CCSBORF6959	ENSP00000454868.1:p.Gly20Ala	59G>C	CCSBORF56446	GPR152	-0.04347859339670526	0.19244870099433997
NC_000023.11:56564891:G:T	UBQLN2	ENSG00000188021	CCSBVarC033332	CCSBORF71001	ENSP00000345195.5:p.Ser340Ile	1019G>T	CCSBORF100014766	GALP	-0.10776305638928708	0.3823912251985912
NC_000023.11:56564915:A:G	UBQLN2	ENSG00000188021	CCSBVarC033334	CCSBORF71001	ENSP00000345195.5:p.Asn348Ser	1043A>G	CCSBORF100014766	GALP	-0.8460826649983377	0.3915973001892902
NC_000023.11:56565046:A:G	UBQLN2	ENSG00000188021	CCSBVarC033336	CCSBORF71001	ENSP00000345195.5:p.Met392Val	1174A>G	CCSBORF100014766	GALP	-0.10790459084859988	0.42108297068976136
NC_000023.11:56565146:A:G	UBQLN2	ENSG00000188021	CCSBVarC033338	CCSBORF71001	ENSP00000345195.5:p.Gln425Arg	1274A>G	CCSBORF100014766	GALP	-1.975952058523786	0.41037595669193905
NC_000023.11:56564199:G:C	UBQLN2	ENSG00000188021	CCSBVarC033326	CCSBORF71001	ENSP00000345195.5:p.Gln109His	327G>C	CCSBORF100014766	GALP	-0.17196716359520647	0.38327945560532095
NC_000023.11:56564231:G:C	UBQLN2	ENSG00000188021	CCSBVarC033328	CCSBORF71001	ENSP00000345195.5:p.Gly120Ala	359G>C	CCSBORF100014766	GALP	-0.03790024260850721	0.3818875607625979
NC_000023.11:56564596:G:A	UBQLN2	ENSG00000188021	CCSBVarC033330	CCSBORF71001	ENSP00000345195.5:p.Ala242Thr	724G>A	CCSBORF100014766	GALP	-0.2353843229527949	0.3886368639344899
NC_000023.11:56564891:G:T	UBQLN2	ENSG00000188021	CCSBVarC033332	CCSBORF71001	ENSP00000345195.5:p.Ser340Ile	1019G>T	CCSBORF439	RNF208	0.568615026378887	0.38260250930140155
NC_000023.11:56564915:A:G	UBQLN2	ENSG00000188021	CCSBVarC033334	CCSBORF71001	ENSP00000345195.5:p.Asn348Ser	1043A>G	CCSBORF439	RNF208	-0.4276751339878204	0.3866367822282955
NC_000023.11:56565046:A:G	UBQLN2	ENSG00000188021	CCSBVarC033336	CCSBORF71001	ENSP00000345195.5:p.Met392Val	1174A>G	CCSBORF439	RNF208	-1.0999830610111625	0.3965135854471775
NC_000023.11:56565146:A:G	UBQLN2	ENSG00000188021	CCSBVarC033338	CCSBORF71001	ENSP00000345195.5:p.Gln425Arg	1274A>G	CCSBORF439	RNF208	-0.13535255341767455	0.44456195023552897
NC_000023.11:56564199:G:C	UBQLN2	ENSG00000188021	CCSBVarC033326	CCSBORF71001	ENSP00000345195.5:p.Gln109His	327G>C	CCSBORF439	RNF208	0.525301353886101	0.38367893075720305
NC_000023.11:56564231:G:C	UBQLN2	ENSG00000188021	CCSBVarC033328	CCSBORF71001	ENSP00000345195.5:p.Gly120Ala	359G>C	CCSBORF439	RNF208	-0.27379554337473616	0.3822517077448427
NC_000023.11:56564596:G:A	UBQLN2	ENSG00000188021	CCSBVarC033330	CCSBORF71001	ENSP00000345195.5:p.Ala242Thr	724G>A	CCSBORF439	RNF208	-0.028129274695085492	0.38431885406122396
NC_000023.11:56564891:G:T	UBQLN2	ENSG00000188021	CCSBVarC033332	CCSBORF71001	ENSP00000345195.5:p.Ser340Ile	1019G>T	CCSBORF56023	SFTPA2	0.16455678233463145	0.3045681633610424
NC_000023.11:56564915:A:G	UBQLN2	ENSG00000188021	CCSBVarC033334	CCSBORF71001	ENSP00000345195.5:p.Asn348Ser	1043A>G	CCSBORF56023	SFTPA2	0.024943144749925386	0.30760048127686296
NC_000023.11:56565046:A:G	UBQLN2	ENSG00000188021	CCSBVarC033336	CCSBORF71001	ENSP00000345195.5:p.Met392Val	1174A>G	CCSBORF56023	SFTPA2	-0.03139329646898023	0.30584658720213376
NC_000023.11:56565146:A:G	UBQLN2	ENSG00000188021	CCSBVarC033338	CCSBORF71001	ENSP00000345195.5:p.Gln425Arg	1274A>G	CCSBORF56023	SFTPA2	0.08645343105693704	0.3096153319982195
NC_000023.11:56564199:G:C	UBQLN2	ENSG00000188021	CCSBVarC033326	CCSBORF71001	ENSP00000345195.5:p.Gln109His	327G>C	CCSBORF56023	SFTPA2	-0.009445710145206856	0.30482343788600347
NC_000023.11:56564231:G:C	UBQLN2	ENSG00000188021	CCSBVarC033328	CCSBORF71001	ENSP00000345195.5:p.Gly120Ala	359G>C	CCSBORF56023	SFTPA2	-0.04884244362997851	0.3043105539732568
NC_000023.11:56564596:G:A	UBQLN2	ENSG00000188021	CCSBVarC033330	CCSBORF71001	ENSP00000345195.5:p.Ala242Thr	724G>A	CCSBORF56023	SFTPA2	-0.05729706624665179	0.30659805649259714
NC_000023.11:56564891:G:T	UBQLN2	ENSG00000188021	CCSBVarC033332	CCSBORF71001	ENSP00000345195.5:p.Ser340Ile	1019G>T	CCSBORF6059	SMIM19	-0.2493608494490434	0.5520634642998561
NC_000023.11:56564915:A:G	UBQLN2	ENSG00000188021	CCSBVarC033334	CCSBORF71001	ENSP00000345195.5:p.Asn348Ser	1043A>G	CCSBORF6059	SMIM19	-0.6750126256168653	0.6057021884454874
NC_000023.11:56565046:A:G	UBQLN2	ENSG00000188021	CCSBVarC033336	CCSBORF71001	ENSP00000345195.5:p.Met392Val	1174A>G	CCSBORF6059	SMIM19	-1.282712328734254	0.5527419259437214
NC_000023.11:56565146:A:G	UBQLN2	ENSG00000188021	CCSBVarC033338	CCSBORF71001	ENSP00000345195.5:p.Gln425Arg	1274A>G	CCSBORF6059	SMIM19	-0.8265757600849839	0.5675689766062775
NC_000023.11:56564199:G:C	UBQLN2	ENSG00000188021	CCSBVarC033326	CCSBORF71001	ENSP00000345195.5:p.Gln109His	327G>C	CCSBORF6059	SMIM19	0.5142049529874932	0.5856956576511019
NC_000023.11:56564231:G:C	UBQLN2	ENSG00000188021	CCSBVarC033328	CCSBORF71001	ENSP00000345195.5:p.Gly120Ala	359G>C	CCSBORF6059	SMIM19	-0.045858576227421385	0.5534979699812527
NC_000023.11:56564596:G:A	UBQLN2	ENSG00000188021	CCSBVarC033330	CCSBORF71001	ENSP00000345195.5:p.Ala242Thr	724G>A	CCSBORF6059	SMIM19	-0.03349525350329546	0.5518185676414377
NC_000023.11:56564891:G:T	UBQLN2	ENSG00000188021	CCSBVarC033332	CCSBORF71001	ENSP00000345195.5:p.Ser340Ile	1019G>T	CCSBORF70382	JPH4	-0.3651811860242462	0.6052212811079566
NC_000023.11:56564915:A:G	UBQLN2	ENSG00000188021	CCSBVarC033334	CCSBORF71001	ENSP00000345195.5:p.Asn348Ser	1043A>G	CCSBORF70382	JPH4	-0.05163985383618899	0.6043320998848255
NC_000023.11:56565046:A:G	UBQLN2	ENSG00000188021	CCSBVarC033336	CCSBORF71001	ENSP00000345195.5:p.Met392Val	1174A>G	CCSBORF70382	JPH4	0.028396689650323374	0.6074504810225333
NC_000023.11:56565146:A:G	UBQLN2	ENSG00000188021	CCSBVarC033338	CCSBORF71001	ENSP00000345195.5:p.Gln425Arg	1274A>G	CCSBORF70382	JPH4	-1.1404436657948727	0.6880937968395655
NC_000023.11:56564199:G:C	UBQLN2	ENSG00000188021	CCSBVarC033326	CCSBORF71001	ENSP00000345195.5:p.Gln109His	327G>C	CCSBORF70382	JPH4	-0.934819284593964	0.6050855858382934
NC_000023.11:56564231:G:C	UBQLN2	ENSG00000188021	CCSBVarC033328	CCSBORF71001	ENSP00000345195.5:p.Gly120Ala	359G>C	CCSBORF70382	JPH4	0.21303616615996457	0.6050828613005614
NC_000023.11:56564596:G:A	UBQLN2	ENSG00000188021	CCSBVarC033330	CCSBORF71001	ENSP00000345195.5:p.Ala242Thr	724G>A	CCSBORF70382	JPH4	-1.1076273558866117	0.7136560056438831
NC_000023.11:56564891:G:T	UBQLN2	ENSG00000188021	CCSBVarC033332	CCSBORF71001	ENSP00000345195.5:p.Ser340Ile	1019G>T	CCSBORF70933	PRR4	0.009027842203045672	0.5736302659415699
NC_000023.11:56564915:A:G	UBQLN2	ENSG00000188021	CCSBVarC033334	CCSBORF71001	ENSP00000345195.5:p.Asn348Ser	1043A>G	CCSBORF70933	PRR4	0.11185817993863462	0.575518524525673
NC_000023.11:56565046:A:G	UBQLN2	ENSG00000188021	CCSBVarC033336	CCSBORF71001	ENSP00000345195.5:p.Met392Val	1174A>G	CCSBORF70933	PRR4	0.10370879260131263	0.5751162777747636
NC_000023.11:56565146:A:G	UBQLN2	ENSG00000188021	CCSBVarC033338	CCSBORF71001	ENSP00000345195.5:p.Gln425Arg	1274A>G	CCSBORF70933	PRR4	-0.46395537570299583	0.7485284108445295
NC_000023.11:56564199:G:C	UBQLN2	ENSG00000188021	CCSBVarC033326	CCSBORF71001	ENSP00000345195.5:p.Gln109His	327G>C	CCSBORF70933	PRR4	-0.3700554799526894	0.5739133494644247
NC_000023.11:56564231:G:C	UBQLN2	ENSG00000188021	CCSBVarC033328	CCSBORF71001	ENSP00000345195.5:p.Gly120Ala	359G>C	CCSBORF70933	PRR4	-0.19977978181801542	0.573447924196718
NC_000023.11:56564596:G:A	UBQLN2	ENSG00000188021	CCSBVarC033330	CCSBORF71001	ENSP00000345195.5:p.Ala242Thr	724G>A	CCSBORF70933	PRR4	0.0712101124466535	0.5743192483246053
NC_000017.11:35119117:G:C	RAD51D	ENSG00000185379	CCSBVarC024795	CCSBORF7201	ENSP00000338790.6:p.Ser46Cys	137C>G	CCSBORF13571	XRCC2	-0.8781385554412089	0.524718234259224
NC_000017.11:35118600:G:A	RAD51D	ENSG00000185379	CCSBVarC024799	CCSBORF7201	ENSP00000338790.6:p.Arg55Trp	163C>T	CCSBORF13571	XRCC2	0.09937345847765638	0.4788444878324565
NC_000017.11:35118596:A:C	RAD51D	ENSG00000185379	CCSBVarC024801	CCSBORF7201	ENSP00000338790.6:p.Val56Gly	167T>G	CCSBORF13571	XRCC2	0.3952026029179805	0.570421903661948
NC_000017.11:35118567:C:A	RAD51D	ENSG00000185379	CCSBVarC024807	CCSBORF7201	ENSP00000338790.6:p.Val66Leu	196G>T	CCSBORF13571	XRCC2	-0.04791581646684334	0.4778573662358133
NC_000017.11:35119587:C:G	RAD51D	ENSG00000185379	CCSBVarC024707	CCSBORF7201	ENSP00000338790.6:p.Cys9Ser	26G>C	CCSBORF13571	XRCC2	0.39586587085531405	0.4966829856129494
NC_000017.11:35107073:C:T	RAD51D	ENSG00000185379	CCSBVarC024822	CCSBORF7201	ENSP00000338790.6:p.Val132Ile	394G>A	CCSBORF13571	XRCC2	0.11503825031162693	0.4623958854991989
NC_000017.11:35107055:T:G	RAD51D	ENSG00000185379	CCSBVarC024825	CCSBORF7201	ENSP00000338790.6:p.Asn138His	412A>C	CCSBORF13571	XRCC2	-1.2057814012916943	1.2287180932913133
NC_000017.11:35119564:T:C	RAD51D	ENSG00000185379	CCSBVarC024709	CCSBORF7201	ENSP00000338790.6:p.Ile17Val	49A>G	CCSBORF13571	XRCC2	-0.42789893023111836	0.5007371452693433
NC_000017.11:35119545:T:C	RAD51D	ENSG00000185379	CCSBVarC024711	CCSBORF7201	ENSP00000338790.6:p.His23Arg	68A>G	CCSBORF13571	XRCC2	-0.610180611259703	0.4525925630753647
NC_000017.11:35103300:C:A	RAD51D	ENSG00000185379	CCSBVarC024850	CCSBORF7201	ENSP00000338790.6:p.Ala231Ser	691G>T	CCSBORF13571	XRCC2	-0.9738413168398059	0.4731442318574012
NC_000017.11:35101352:T:C	RAD51D	ENSG00000185379	CCSBVarC024857	CCSBORF7201	ENSP00000338790.6:p.Ile251Val	751A>G	CCSBORF13571	XRCC2	-0.5273963556305435	0.453621548121204
NC_000017.11:35119533:G:T	RAD51D	ENSG00000185379	CCSBVarC024723	CCSBORF7201	ENSP00000338790.6:p.Thr27Lys	80C>A	CCSBORF13571	XRCC2	-0.6440843170912139	0.4676767789672818
NC_000017.11:35119531:C:G	RAD51D	ENSG00000185379	CCSBVarC024750	CCSBORF7201	ENSP00000338790.6:p.Val28Leu	82G>C	CCSBORF13571	XRCC2	-0.35047504662629286	0.4530410000745218
NC_000017.11:35101238:C:T	RAD51D	ENSG00000185379	CCSBVarC024877	CCSBORF7201	ENSP00000338790.6:p.Gly289Ser	865G>A	CCSBORF13571	XRCC2	-0.2970898710886192	0.46373790547102345
NC_000017.11:35101234:C:T	RAD51D	ENSG00000185379	CCSBVarC024880	CCSBORF7201	ENSP00000338790.6:p.Arg290Gln	869G>A	CCSBORF13571	XRCC2	-0.3354395254716852	0.44825013100794925
NC_000017.11:35101024:G:C	RAD51D	ENSG00000185379	CCSBVarC024886	CCSBORF7201	ENSP00000338790.6:p.Phe305Leu	915C>G	CCSBORF13571	XRCC2	-0.2940914633625656	0.4533860146831374
NC_000017.11:35101020:C:T	RAD51D	ENSG00000185379	CCSBVarC024889	CCSBORF7201	ENSP00000338790.6:p.Glu307Lys	919G>A	CCSBORF13571	XRCC2	-0.09677832886292809	0.4570699381751036
NC_000017.11:35101017:T:C	RAD51D	ENSG00000185379	CCSBVarC024892	CCSBORF7201	ENSP00000338790.6:p.Met308Val	922A>G	CCSBORF13571	XRCC2	-0.15828277646225095	0.44823819406523624
NC_000017.11:35100956:G:A	RAD51D	ENSG00000185379	CCSBVarC024896	CCSBORF7201	ENSP00000338790.6:p.Thr328Ile	983C>T	CCSBORF13571	XRCC2	0.0852346682158515	0.47230590189530774
NC_000017.11:15259171:G:A	PMP22	ENSG00000109099	CCSBVarC024826	CCSBORF7323	ENSP00000308937.3:p.His34Tyr	100C>T	CCSBORF100000046	CLDN5	NULL	NULL
NC_000017.11:15239554:A:T	PMP22	ENSG00000109099	CCSBVarC024866	CCSBORF7323	ENSP00000308937.3:p.Ser79Thr	235T>A	CCSBORF100000046	CLDN5	-1.9126129327226926	2.8187500196333564
NC_000017.11:15239553:G:A	PMP22	ENSG00000109099	CCSBVarC024870	CCSBORF7323	ENSP00000308937.3:p.Ser79Phe	236C>T	CCSBORF100000046	CLDN5	-4.008199392498097	1.8891951956969235
NC_000017.11:15239544:A:G	PMP22	ENSG00000109099	CCSBVarC024873	CCSBORF7323	ENSP00000308937.3:p.Leu82Pro	245T>C	CCSBORF100000046	CLDN5	-0.6669953905522856	1.8401650424417166
NC_000017.11:15231079:C:A	PMP22	ENSG00000109099	CCSBVarC024907	CCSBORF7323	ENSP00000308937.3:p.Gly107Val	320G>T	CCSBORF100000046	CLDN5	-0.36898904608186267	1.8392488192947019
NC_000017.11:15231034:G:A	PMP22	ENSG00000109099	CCSBVarC024908	CCSBORF7323	ENSP00000308937.3:p.Pro122Leu	365C>T	CCSBORF100000046	CLDN5	0.3034152655398466	1.8346974718109774
NC_000017.11:15231007:G:C	PMP22	ENSG00000109099	CCSBVarC024910	CCSBORF7323	ENSP00000308937.3:p.Ser131Cys	392C>G	CCSBORF100000046	CLDN5	NULL	NULL
NC_000017.11:15230965:A:C	PMP22	ENSG00000109099	CCSBVarC024920	CCSBORF7323	ENSP00000308937.3:p.Leu145Arg	434T>G	CCSBORF100000046	CLDN5	-0.6630626716706343	1.8348887001081244
NC_000017.11:15230952:G:T	PMP22	ENSG00000109099	CCSBVarC024923	CCSBORF7323	ENSP00000308937.3:p.Ser149Arg	447C>A	CCSBORF100000046	CLDN5	-1.2614450623193805	1.8336372432734733
NC_000017.11:15230951:C:G	PMP22	ENSG00000109099	CCSBVarC024927	CCSBORF7323	ENSP00000308937.3:p.Gly150Arg	448G>C	CCSBORF100000046	CLDN5	NULL	NULL
NC_000017.11:15260659:G:T	PMP22	ENSG00000109099	CCSBVarC024814	CCSBORF7323	ENSP00000308937.3:p.Thr23Lys	68C>A	CCSBORF100000046	CLDN5	-0.5553748292412308	1.834730532077487
NC_000017.11:15259171:G:A	PMP22	ENSG00000109099	CCSBVarC024826	CCSBORF7323	ENSP00000308937.3:p.His34Tyr	100C>T	CCSBORF11381	CD53	NULL	NULL
NC_000017.11:15239554:A:T	PMP22	ENSG00000109099	CCSBVarC024866	CCSBORF7323	ENSP00000308937.3:p.Ser79Thr	235T>A	CCSBORF11381	CD53	-0.43696462351468146	1.4420830544809464
NC_000017.11:15239553:G:A	PMP22	ENSG00000109099	CCSBVarC024870	CCSBORF7323	ENSP00000308937.3:p.Ser79Phe	236C>T	CCSBORF11381	CD53	0.38864042373077434	0.5858780353566138
NC_000017.11:15239544:A:G	PMP22	ENSG00000109099	CCSBVarC024873	CCSBORF7323	ENSP00000308937.3:p.Leu82Pro	245T>C	CCSBORF11381	CD53	0.03954791698849721	0.5716057442142196
NC_000017.11:15231079:C:A	PMP22	ENSG00000109099	CCSBVarC024907	CCSBORF7323	ENSP00000308937.3:p.Gly107Val	320G>T	CCSBORF11381	CD53	0.5836768556662147	0.5711304077165137
NC_000017.11:15231034:G:A	PMP22	ENSG00000109099	CCSBVarC024908	CCSBORF7323	ENSP00000308937.3:p.Pro122Leu	365C>T	CCSBORF11381	CD53	-0.3475273587406885	0.5681337785613215
NC_000017.11:15231007:G:C	PMP22	ENSG00000109099	CCSBVarC024910	CCSBORF7323	ENSP00000308937.3:p.Ser131Cys	392C>G	CCSBORF11381	CD53	NULL	NULL
NC_000017.11:15230965:A:C	PMP22	ENSG00000109099	CCSBVarC024920	CCSBORF7323	ENSP00000308937.3:p.Leu145Arg	434T>G	CCSBORF11381	CD53	-0.9841389715989501	0.5684332938332598
NC_000017.11:15230952:G:T	PMP22	ENSG00000109099	CCSBVarC024923	CCSBORF7323	ENSP00000308937.3:p.Ser149Arg	447C>A	CCSBORF11381	CD53	-0.612734205897338	0.5673274173479221
NC_000017.11:15230951:C:G	PMP22	ENSG00000109099	CCSBVarC024927	CCSBORF7323	ENSP00000308937.3:p.Gly150Arg	448G>C	CCSBORF11381	CD53	NULL	NULL
NC_000017.11:15260659:G:T	PMP22	ENSG00000109099	CCSBVarC024814	CCSBORF7323	ENSP00000308937.3:p.Thr23Lys	68C>A	CCSBORF11381	CD53	-0.4334904586300822	0.5676997255454874
NC_000017.11:15259171:G:A	PMP22	ENSG00000109099	CCSBVarC024826	CCSBORF7323	ENSP00000308937.3:p.His34Tyr	100C>T	CCSBORF4461	CLDN6	-2.1536040063533353	2.814582638302424
NC_000017.11:15239554:A:T	PMP22	ENSG00000109099	CCSBVarC024866	CCSBORF7323	ENSP00000308937.3:p.Ser79Thr	235T>A	CCSBORF4461	CLDN6	-1.4305544606180176	1.1017368712124156
NC_000017.11:15239553:G:A	PMP22	ENSG00000109099	CCSBVarC024870	CCSBORF7323	ENSP00000308937.3:p.Ser79Phe	236C>T	CCSBORF4461	CLDN6	-2.3194074312404647	1.1274194458183218
NC_000017.11:15239544:A:G	PMP22	ENSG00000109099	CCSBVarC024873	CCSBORF7323	ENSP00000308937.3:p.Leu82Pro	245T>C	CCSBORF4461	CLDN6	-1.9127477222760296	1.1028866201595653
NC_000017.11:15231079:C:A	PMP22	ENSG00000109099	CCSBVarC024907	CCSBORF7323	ENSP00000308937.3:p.Gly107Val	320G>T	CCSBORF4461	CLDN6	-7.158771831756153	1.1357304244952091
NC_000017.11:15231034:G:A	PMP22	ENSG00000109099	CCSBVarC024908	CCSBORF7323	ENSP00000308937.3:p.Pro122Leu	365C>T	CCSBORF4461	CLDN6	0.48850570616833744	1.0999082571500713
NC_000017.11:15231007:G:C	PMP22	ENSG00000109099	CCSBVarC024910	CCSBORF7323	ENSP00000308937.3:p.Ser131Cys	392C>G	CCSBORF4461	CLDN6	NULL	NULL
NC_000017.11:15230965:A:C	PMP22	ENSG00000109099	CCSBVarC024920	CCSBORF7323	ENSP00000308937.3:p.Leu145Arg	434T>G	CCSBORF4461	CLDN6	-4.6666002168374945	1.1026879812715287
NC_000017.11:15230952:G:T	PMP22	ENSG00000109099	CCSBVarC024923	CCSBORF7323	ENSP00000308937.3:p.Ser149Arg	447C>A	CCSBORF4461	CLDN6	-6.008026515252016	1.1011291422149505
NC_000017.11:15230951:C:G	PMP22	ENSG00000109099	CCSBVarC024927	CCSBORF7323	ENSP00000308937.3:p.Gly150Arg	448G>C	CCSBORF4461	CLDN6	-4.45222433138144	1.1199610093458818
NC_000017.11:15260659:G:T	PMP22	ENSG00000109099	CCSBVarC024814	CCSBORF7323	ENSP00000308937.3:p.Thr23Lys	68C>A	CCSBORF4461	CLDN6	-0.07629299063324299	1.0995030376868893
NC_000017.11:15259171:G:A	PMP22	ENSG00000109099	CCSBVarC024826	CCSBORF7323	ENSP00000308937.3:p.His34Tyr	100C>T	CCSBORF7408	TM4SF18	-0.6769030460548114	0.7958963550065177
NC_000017.11:15239554:A:T	PMP22	ENSG00000109099	CCSBVarC024866	CCSBORF7323	ENSP00000308937.3:p.Ser79Thr	235T>A	CCSBORF7408	TM4SF18	0.5011571909358205	0.7916560665967384
NC_000017.11:15239553:G:A	PMP22	ENSG00000109099	CCSBVarC024870	CCSBORF7323	ENSP00000308937.3:p.Ser79Phe	236C>T	CCSBORF7408	TM4SF18	1.165062843772506	0.7744932903243508
NC_000017.11:15239544:A:G	PMP22	ENSG00000109099	CCSBVarC024873	CCSBORF7323	ENSP00000308937.3:p.Leu82Pro	245T>C	CCSBORF7408	TM4SF18	0.9269426012229909	0.7695237228770939
NC_000017.11:15231079:C:A	PMP22	ENSG00000109099	CCSBVarC024907	CCSBORF7323	ENSP00000308937.3:p.Gly107Val	320G>T	CCSBORF7408	TM4SF18	1.184376062277892	0.7694021353185485
NC_000017.11:15231034:G:A	PMP22	ENSG00000109099	CCSBVarC024908	CCSBORF7323	ENSP00000308937.3:p.Pro122Leu	365C>T	CCSBORF7408	TM4SF18	0.7312892475557381	0.7674578809033261
NC_000017.11:15231007:G:C	PMP22	ENSG00000109099	CCSBVarC024910	CCSBORF7323	ENSP00000308937.3:p.Ser131Cys	392C>G	CCSBORF7408	TM4SF18	-1.244195016189513	1.000573598456399
NC_000017.11:15230965:A:C	PMP22	ENSG00000109099	CCSBVarC024920	CCSBORF7323	ENSP00000308937.3:p.Leu145Arg	434T>G	CCSBORF7408	TM4SF18	-1.1910522497406077	0.768529796621945
NC_000017.11:15230952:G:T	PMP22	ENSG00000109099	CCSBVarC024923	CCSBORF7323	ENSP00000308937.3:p.Ser149Arg	447C>A	CCSBORF7408	TM4SF18	-1.6010910915948804	0.7668789899868629
NC_000017.11:15230951:C:G	PMP22	ENSG00000109099	CCSBVarC024927	CCSBORF7323	ENSP00000308937.3:p.Gly150Arg	448G>C	CCSBORF7408	TM4SF18	-0.42363877473342154	0.8061160954054621
NC_000017.11:15260659:G:T	PMP22	ENSG00000109099	CCSBVarC024814	CCSBORF7323	ENSP00000308937.3:p.Thr23Lys	68C>A	CCSBORF7408	TM4SF18	1.5474510375549944	0.7670206958742114
NC_000009.12:97689633:C:T	XPA	ENSG00000136936	CCSBVarC024620	CCSBORF7662	ENSP00000364270.5:p.Val97Ile	289G>A	CCSBORF10217	SNPH	0.074176419285381	0.13198294477901457
NC_000009.12:97689630:T:C	XPA	ENSG00000136936	CCSBVarC024623	CCSBORF7662	ENSP00000364270.5:p.Met98Val	292A>G	CCSBORF10217	SNPH	-0.010609357032245352	0.15190726920533465
NC_000009.12:97689599:C:T	XPA	ENSG00000136936	CCSBVarC024626	CCSBORF7662	ENSP00000364270.5:p.Cys108Tyr	323G>A	CCSBORF10217	SNPH	-6.555111989807424	0.21162509173102387
NC_000009.12:97689544:A:C	XPA	ENSG00000136936	CCSBVarC024629	CCSBORF7662	ENSP00000364270.5:p.Cys126Trp	378T>G	CCSBORF10217	SNPH	-7.578565472717861	0.4223997433650091
NC_000009.12:97687153:A:G	XPA	ENSG00000136936	CCSBVarC024637	CCSBORF7662	ENSP00000364270.5:p.Val166Ala	497T>C	CCSBORF10217	SNPH	-1.00697519795823	0.14479596752374105
NC_000009.12:97687095:C:G	XPA	ENSG00000136936	CCSBVarC024640	CCSBORF7662	ENSP00000364270.5:p.Gln185His	555G>C	CCSBORF10217	SNPH	0.07643885147306696	0.25732159511614167
NC_000009.12:97685027:A:C	XPA	ENSG00000136936	CCSBVarC024642	CCSBORF7662	ENSP00000364270.5:p.Ser190Ala	568T>G	CCSBORF10217	SNPH	-0.037824363071813014	0.1319475839785784
NC_000009.12:97685024:G:C	XPA	ENSG00000136936	CCSBVarC024643	CCSBORF7662	ENSP00000364270.5:p.Leu191Val	571C>G	CCSBORF10217	SNPH	0.28798153494515505	0.13053722428472336
NC_000009.12:97675494:T:C	XPA	ENSG00000136936	CCSBVarC024651	CCSBORF7662	ENSP00000364270.5:p.Met256Val	766A>G	CCSBORF10217	SNPH	-0.00967186117867505	0.19190441063851654
NC_000003.12:165829793:G:A	BCHE	ENSG00000114200	CCSBVarC017841	CCSBORF817	ENSP00000264381.3:p.Arg414Cys	1240C>T	CCSBORF7664	SEC11A	0.07018575211348319	0.48728345213569463
NC_000003.12:165829780:C:A	BCHE	ENSG00000114200	CCSBVarC017844	CCSBORF817	ENSP00000264381.3:p.Gly418Val	1253G>T	CCSBORF7664	SEC11A	-0.016759475387369452	0.4252324391513911
NC_000003.12:165829547:C:T	BCHE	ENSG00000114200	CCSBVarC017850	CCSBORF817	ENSP00000264381.3:p.Val496Met	1486G>A	CCSBORF7664	SEC11A	-0.09284141465584574	0.41194851410860894
NC_000003.12:165786201:G:A	BCHE	ENSG00000114200	CCSBVarC017853	CCSBORF817	ENSP00000264381.3:p.Arg543Cys	1627C>T	CCSBORF7664	SEC11A	0.4811715992442823	0.4207052816675337
NC_000003.12:165830867:A:T	BCHE	ENSG00000114200	CCSBVarC017795	CCSBORF817	ENSP00000264381.3:p.Phe56Ile	166T>A	CCSBORF7664	SEC11A	0.13649072702276066	0.560662851048556
NC_000003.12:165773454:T:C	BCHE	ENSG00000114200	CCSBVarC017855	CCSBORF817	ENSP00000264381.3:p.Asn579Ser	1736A>G	CCSBORF7664	SEC11A	0.11849346994575057	0.41062797324475137
NC_000003.12:165830605:C:T	BCHE	ENSG00000114200	CCSBVarC017809	CCSBORF817	ENSP00000264381.3:p.Gly143Asp	428G>A	CCSBORF7664	SEC11A	-0.18723761793532537	0.4167194593564128
NC_000003.12:165830525:C:T	BCHE	ENSG00000114200	CCSBVarC017823	CCSBORF817	ENSP00000264381.3:p.Val170Met	508G>A	CCSBORF7664	SEC11A	-0.4442237879842225	0.4176429860866193
NC_000003.12:165830439:A:C	BCHE	ENSG00000114200	CCSBVarC017825	CCSBORF817	ENSP00000264381.3:p.Asp198Glu	594T>G	CCSBORF7664	SEC11A	0.13051497858734765	0.41295444589355634
NC_000003.12:165830398:G:A	BCHE	ENSG00000114200	CCSBVarC017827	CCSBORF817	ENSP00000264381.3:p.Ala212Val	635C>T	CCSBORF7664	SEC11A	0.6159894453784054	0.42038487131466035
NC_000003.12:165830966:T:C	BCHE	ENSG00000114200	CCSBVarC017792	CCSBORF817	ENSP00000264381.3:p.Ile23Val	67A>G	CCSBORF7664	SEC11A	-0.7569559785638971	0.41574525511434
NC_000003.12:165830184:C:G	BCHE	ENSG00000114200	CCSBVarC017829	CCSBORF817	ENSP00000264381.3:p.Glu283Asp	849G>C	CCSBORF7664	SEC11A	-0.1007586039180498	0.4133918916303255
NC_000003.12:165830149:T:C	BCHE	ENSG00000114200	CCSBVarC017831	CCSBORF817	ENSP00000264381.3:p.Lys295Arg	884A>G	CCSBORF7664	SEC11A	0.03288361215576224	0.4149946331742111
NC_000001.11:42739840:C:T	CLDN19	ENSG00000164007	CCSBVarC026646	CCSBORF9634	ENSP00000361617.3:p.Gly75Ser	223G>A	CCSBORF100014372	GJA8	0.0696764707445049	0.4145552783564523
NC_000001.11:42738539:A:C	CLDN19	ENSG00000164007	CCSBVarC026649	CCSBORF9634	ENSP00000361617.3:p.Leu90Arg	269T>G	CCSBORF100014372	GJA8	-1.7084196931552718	0.41751103077582824
NC_000001.11:42738531:C:T	CLDN19	ENSG00000164007	CCSBVarC026652	CCSBORF9634	ENSP00000361617.3:p.Val93Met	277G>A	CCSBORF100014372	GJA8	0.15849680440355177	0.4146801972628049
NC_000001.11:42740024:C:A	CLDN19	ENSG00000164007	CCSBVarC026641	CCSBORF9634	ENSP00000361617.3:p.Leu13Phe	39G>T	CCSBORF100014372	GJA8	0.6734632832792785	0.4225944040717945
NC_000001.11:42735977:C:T	CLDN19	ENSG00000164007	CCSBVarC026656	CCSBORF9634	ENSP00000361617.3:p.Val176Met	526G>A	CCSBORF100014372	GJA8	-0.9096281054768414	0.428590812056199
NC_000001.11:42735968:C:T	CLDN19	ENSG00000164007	CCSBVarC026662	CCSBORF9634	ENSP00000361617.3:p.Gly179Ser	535G>A	CCSBORF100014372	GJA8	0.911185465622514	0.4191284253965707
NC_000001.11:42739980:G:A	CLDN19	ENSG00000164007	CCSBVarC026643	CCSBORF9634	ENSP00000361617.3:p.Pro28Leu	83C>T	CCSBORF100014372	GJA8	-2.195864177760379	0.4577832290281475
NC_000001.11:42739840:C:T	CLDN19	ENSG00000164007	CCSBVarC026646	CCSBORF9634	ENSP00000361617.3:p.Gly75Ser	223G>A	CCSBORF2838	TMEM248	0.49227435702835176	0.4340302979407021
NC_000001.11:42738539:A:C	CLDN19	ENSG00000164007	CCSBVarC026649	CCSBORF9634	ENSP00000361617.3:p.Leu90Arg	269T>G	CCSBORF2838	TMEM248	-2.936323331952044	0.43902294808647974
NC_000001.11:42738531:C:T	CLDN19	ENSG00000164007	CCSBVarC026652	CCSBORF9634	ENSP00000361617.3:p.Val93Met	277G>A	CCSBORF2838	TMEM248	0.2951899990031541	0.43376100416030705
NC_000001.11:42740024:C:A	CLDN19	ENSG00000164007	CCSBVarC026641	CCSBORF9634	ENSP00000361617.3:p.Leu13Phe	39G>T	CCSBORF2838	TMEM248	0.5848859498652544	0.4438694501281224
NC_000001.11:42735977:C:T	CLDN19	ENSG00000164007	CCSBVarC026656	CCSBORF9634	ENSP00000361617.3:p.Val176Met	526G>A	CCSBORF2838	TMEM248	-0.14092866057491685	0.444261403914179
NC_000001.11:42735968:C:T	CLDN19	ENSG00000164007	CCSBVarC026662	CCSBORF9634	ENSP00000361617.3:p.Gly179Ser	535G>A	CCSBORF2838	TMEM248	-0.10618510123953467	0.5102534870690039
NC_000001.11:42739980:G:A	CLDN19	ENSG00000164007	CCSBVarC026643	CCSBORF9634	ENSP00000361617.3:p.Pro28Leu	83C>T	CCSBORF2838	TMEM248	0.646667221394051	0.5151461786658932
NC_000001.11:42739840:C:T	CLDN19	ENSG00000164007	CCSBVarC026646	CCSBORF9634	ENSP00000361617.3:p.Gly75Ser	223G>A	CCSBORF70400	SGPL1	-0.42381926566549377	0.4015845188915524
NC_000001.11:42738539:A:C	CLDN19	ENSG00000164007	CCSBVarC026649	CCSBORF9634	ENSP00000361617.3:p.Leu90Arg	269T>G	CCSBORF70400	SGPL1	-4.224796661589644	0.4072935612671762
NC_000001.11:42738531:C:T	CLDN19	ENSG00000164007	CCSBVarC026652	CCSBORF9634	ENSP00000361617.3:p.Val93Met	277G>A	CCSBORF70400	SGPL1	-0.06667596966188521	0.401523179507251
NC_000001.11:42740024:C:A	CLDN19	ENSG00000164007	CCSBVarC026641	CCSBORF9634	ENSP00000361617.3:p.Leu13Phe	39G>T	CCSBORF70400	SGPL1	-1.2777595859523583	0.41317050758679086
NC_000001.11:42735977:C:T	CLDN19	ENSG00000164007	CCSBVarC026656	CCSBORF9634	ENSP00000361617.3:p.Val176Met	526G>A	CCSBORF70400	SGPL1	-0.09784743847403501	0.41021701353549656
NC_000001.11:42735968:C:T	CLDN19	ENSG00000164007	CCSBVarC026662	CCSBORF9634	ENSP00000361617.3:p.Gly179Ser	535G>A	CCSBORF70400	SGPL1	-2.4119851245998056	0.40813269856731266
NC_000001.11:42739980:G:A	CLDN19	ENSG00000164007	CCSBVarC026643	CCSBORF9634	ENSP00000361617.3:p.Pro28Leu	83C>T	CCSBORF70400	SGPL1	-5.691341000395624	0.552591468246187
NC_000001.11:42739840:C:T	CLDN19	ENSG00000164007	CCSBVarC026646	CCSBORF9634	ENSP00000361617.3:p.Gly75Ser	223G>A	CCSBORF7408	TM4SF18	-0.13176955604580076	0.4985621201633021
NC_000001.11:42738539:A:C	CLDN19	ENSG00000164007	CCSBVarC026649	CCSBORF9634	ENSP00000361617.3:p.Leu90Arg	269T>G	CCSBORF7408	TM4SF18	-3.408179800403456	0.5031581934276219
NC_000001.11:42738531:C:T	CLDN19	ENSG00000164007	CCSBVarC026652	CCSBORF9634	ENSP00000361617.3:p.Val93Met	277G>A	CCSBORF7408	TM4SF18	-0.3367149218697685	0.4985070368791624
NC_000001.11:42740024:C:A	CLDN19	ENSG00000164007	CCSBVarC026641	CCSBORF9634	ENSP00000361617.3:p.Leu13Phe	39G>T	CCSBORF7408	TM4SF18	-0.35546680416483145	0.5048571831960135
NC_000001.11:42735977:C:T	CLDN19	ENSG00000164007	CCSBVarC026656	CCSBORF9634	ENSP00000361617.3:p.Val176Met	526G>A	CCSBORF7408	TM4SF18	-0.749376329316921	0.78332368442744
NC_000001.11:42735968:C:T	CLDN19	ENSG00000164007	CCSBVarC026662	CCSBORF9634	ENSP00000361617.3:p.Gly179Ser	535G>A	CCSBORF7408	TM4SF18	0.7095022570171526	0.5011897416100377
NC_000001.11:42739980:G:A	CLDN19	ENSG00000164007	CCSBVarC026643	CCSBORF9634	ENSP00000361617.3:p.Pro28Leu	83C>T	CCSBORF7408	TM4SF18	-2.4913242762803787	0.5255471704861053
NC_000001.11:42739840:C:T	CLDN19	ENSG00000164007	CCSBVarC026646	CCSBORF9634	ENSP00000361617.3:p.Gly75Ser	223G>A	CCSBORF9580	GPR161	-0.07755087595456736	0.2771770827034457
NC_000001.11:42738539:A:C	CLDN19	ENSG00000164007	CCSBVarC026649	CCSBORF9634	ENSP00000361617.3:p.Leu90Arg	269T>G	CCSBORF9580	GPR161	-6.115801999323857	0.33498095007978795
NC_000001.11:42738531:C:T	CLDN19	ENSG00000164007	CCSBVarC026652	CCSBORF9634	ENSP00000361617.3:p.Val93Met	277G>A	CCSBORF9580	GPR161	-0.0837656464156612	0.27715663411888847
NC_000001.11:42740024:C:A	CLDN19	ENSG00000164007	CCSBVarC026641	CCSBORF9634	ENSP00000361617.3:p.Leu13Phe	39G>T	CCSBORF9580	GPR161	0.2598835702447206	0.2854156637836409
NC_000001.11:42735977:C:T	CLDN19	ENSG00000164007	CCSBVarC026656	CCSBORF9634	ENSP00000361617.3:p.Val176Met	526G>A	CCSBORF9580	GPR161	-1.0666566352224742	0.2932149993091002
NC_000001.11:42735968:C:T	CLDN19	ENSG00000164007	CCSBVarC026662	CCSBORF9634	ENSP00000361617.3:p.Gly179Ser	535G>A	CCSBORF9580	GPR161	-2.821124916583971	0.2930331496233045
NC_000001.11:42739980:G:A	CLDN19	ENSG00000164007	CCSBVarC026643	CCSBORF9634	ENSP00000361617.3:p.Pro28Leu	83C>T	CCSBORF9580	GPR161	-3.3444824885874205	0.37470551186572343
NC_000001.11:42739840:C:T	CLDN19	ENSG00000164007	CCSBVarC026646	CCSBORF9634	ENSP00000361617.3:p.Gly75Ser	223G>A	CCSBORF9955	FCGR1A	0.18878653770642512	0.6087117624179482
NC_000001.11:42738539:A:C	CLDN19	ENSG00000164007	CCSBVarC026649	CCSBORF9634	ENSP00000361617.3:p.Leu90Arg	269T>G	CCSBORF9955	FCGR1A	-4.632698509486169	0.7476906310886355
NC_000001.11:42738531:C:T	CLDN19	ENSG00000164007	CCSBVarC026652	CCSBORF9634	ENSP00000361617.3:p.Val93Met	277G>A	CCSBORF9955	FCGR1A	0.1770918738090884	0.6084482791132447
NC_000001.11:42740024:C:A	CLDN19	ENSG00000164007	CCSBVarC026641	CCSBORF9634	ENSP00000361617.3:p.Leu13Phe	39G>T	CCSBORF9955	FCGR1A	-0.04268207903385851	0.6216845504397505
NC_000001.11:42735977:C:T	CLDN19	ENSG00000164007	CCSBVarC026656	CCSBORF9634	ENSP00000361617.3:p.Val176Met	526G>A	CCSBORF9955	FCGR1A	-0.1766479965383428	0.5995393567079798
NC_000001.11:42735968:C:T	CLDN19	ENSG00000164007	CCSBVarC026662	CCSBORF9634	ENSP00000361617.3:p.Gly179Ser	535G>A	CCSBORF9955	FCGR1A	-1.5712078143254415	0.6139857248700162
NC_000001.11:42739980:G:A	CLDN19	ENSG00000164007	CCSBVarC026643	CCSBORF9634	ENSP00000361617.3:p.Pro28Leu	83C>T	CCSBORF9955	FCGR1A	-0.13418353797053686	0.6438922575392131
