experiment	ccsb_orf_id_reference	pool_id	ccsb_orf_id_interactor	media	repeat_id	nt_change	read_count	spdi	ccsb_mutation_id	hgvs_protein	symbol	ensembl_gene_id	interactor_symbol
pilot3	CCSBORF4085	1	CCSBORF10300	3AT	1	REF	6452	NULL	NULL	NULL	PPP1CB	ENSG00000213639	CSRNP1
pilot3	CCSBORF4085	1	CCSBORF10300	3AT	1	104G>A	421	NC_000002.12:28776901:G:A	CCSBVarC020765	ENSP00000378769.2:p.Arg35Gln	PPP1CB	ENSG00000213639	CSRNP1
pilot3	CCSBORF4085	1	CCSBORF10300	3AT	1	255C>A	25102	NC_000002.12:28778878:C:A	CCSBVarC020772	ENSP00000378769.2:p.Asn85Lys	PPP1CB	ENSG00000213639	CSRNP1
pilot3	CCSBORF4085	1	CCSBORF10300	3AT	1	493G>C	989	NC_000002.12:28781814:G:C	CCSBVarC020787	ENSP00000378769.2:p.Asp165His	PPP1CB	ENSG00000213639	CSRNP1
pilot3	CCSBORF4085	1	CCSBORF10300	3AT	1	545T>A	915	NC_000002.12:28783930:T:A	CCSBVarC020790	ENSP00000378769.2:p.Met182Lys	PPP1CB	ENSG00000213639	CSRNP1
pilot3	CCSBORF4085	1	CCSBORF10300	3AT	1	548A>C	753	NC_000002.12:28783933:A:C	CCSBVarC020793	ENSP00000378769.2:p.Glu183Ala	PPP1CB	ENSG00000213639	CSRNP1
pilot3	CCSBORF4085	1	CCSBORF10300	3AT	1	548A>T	632	NC_000002.12:28783933:A:T	CCSBVarC020796	ENSP00000378769.2:p.Glu183Val	PPP1CB	ENSG00000213639	CSRNP1
pilot3	CCSBORF4085	1	CCSBORF10300	3AT	1	658C>T	113	NC_000002.12:28788722:C:T	CCSBVarC020798	ENSP00000378769.2:p.Arg220Cys	PPP1CB	ENSG00000213639	CSRNP1
pilot3	CCSBORF4085	1	CCSBORF10300	3AT	1	754G>T	354	NC_000002.12:28793871:G:T	CCSBVarC020801	ENSP00000378769.2:p.Asp252Tyr	PPP1CB	ENSG00000213639	CSRNP1
pilot3	CCSBORF4085	1	CCSBORF10300	3AT	1	755A>G	7082	NC_000002.12:28793872:A:G	CCSBVarC020805	ENSP00000378769.2:p.Asp252Gly	PPP1CB	ENSG00000213639	CSRNP1
pilot3	CCSBORF4085	1	CCSBORF10300	3AT	1	968C>T	246	NC_000002.12:28799286:C:T	CCSBVarC020812	ENSP00000378769.2:p.Pro323Leu	PPP1CB	ENSG00000213639	CSRNP1
pilot3	CCSBORF4085	1	CCSBORF6236	3AT	1	REF	1	NULL	NULL	NULL	PPP1CB	ENSG00000213639	CSRNP2
pilot3	CCSBORF4085	1	CCSBORF6236	3AT	1	104G>A	2	NC_000002.12:28776901:G:A	CCSBVarC020765	ENSP00000378769.2:p.Arg35Gln	PPP1CB	ENSG00000213639	CSRNP2
pilot3	CCSBORF4085	1	CCSBORF6236	3AT	1	255C>A	25	NC_000002.12:28778878:C:A	CCSBVarC020772	ENSP00000378769.2:p.Asn85Lys	PPP1CB	ENSG00000213639	CSRNP2
pilot3	CCSBORF4085	1	CCSBORF6236	3AT	1	493G>C	3	NC_000002.12:28781814:G:C	CCSBVarC020787	ENSP00000378769.2:p.Asp165His	PPP1CB	ENSG00000213639	CSRNP2
pilot3	CCSBORF4085	1	CCSBORF6236	3AT	1	545T>A	2	NC_000002.12:28783930:T:A	CCSBVarC020790	ENSP00000378769.2:p.Met182Lys	PPP1CB	ENSG00000213639	CSRNP2
pilot3	CCSBORF4085	1	CCSBORF6236	3AT	1	548A>C	2	NC_000002.12:28783933:A:C	CCSBVarC020793	ENSP00000378769.2:p.Glu183Ala	PPP1CB	ENSG00000213639	CSRNP2
pilot3	CCSBORF4085	1	CCSBORF6236	3AT	1	548A>T	1	NC_000002.12:28783933:A:T	CCSBVarC020796	ENSP00000378769.2:p.Glu183Val	PPP1CB	ENSG00000213639	CSRNP2
pilot3	CCSBORF4085	1	CCSBORF6236	3AT	1	658C>T	0	NC_000002.12:28788722:C:T	CCSBVarC020798	ENSP00000378769.2:p.Arg220Cys	PPP1CB	ENSG00000213639	CSRNP2
pilot3	CCSBORF4085	1	CCSBORF6236	3AT	1	754G>T	2	NC_000002.12:28793871:G:T	CCSBVarC020801	ENSP00000378769.2:p.Asp252Tyr	PPP1CB	ENSG00000213639	CSRNP2
pilot3	CCSBORF4085	1	CCSBORF6236	3AT	1	755A>G	8	NC_000002.12:28793872:A:G	CCSBVarC020805	ENSP00000378769.2:p.Asp252Gly	PPP1CB	ENSG00000213639	CSRNP2
pilot3	CCSBORF4085	1	CCSBORF6236	3AT	1	968C>T	0	NC_000002.12:28799286:C:T	CCSBVarC020812	ENSP00000378769.2:p.Pro323Leu	PPP1CB	ENSG00000213639	CSRNP2
pilot3	CCSBORF4085	1	CCSBORF13662	3AT	1	REF	453	NULL	NULL	NULL	PPP1CB	ENSG00000213639	CYSRT1
pilot3	CCSBORF4085	1	CCSBORF13662	3AT	1	104G>A	1101	NC_000002.12:28776901:G:A	CCSBVarC020765	ENSP00000378769.2:p.Arg35Gln	PPP1CB	ENSG00000213639	CYSRT1
pilot3	CCSBORF4085	1	CCSBORF13662	3AT	1	255C>A	1017	NC_000002.12:28778878:C:A	CCSBVarC020772	ENSP00000378769.2:p.Asn85Lys	PPP1CB	ENSG00000213639	CYSRT1
pilot3	CCSBORF4085	1	CCSBORF13662	3AT	1	493G>C	3092	NC_000002.12:28781814:G:C	CCSBVarC020787	ENSP00000378769.2:p.Asp165His	PPP1CB	ENSG00000213639	CYSRT1
pilot3	CCSBORF4085	1	CCSBORF13662	3AT	1	545T>A	1129	NC_000002.12:28783930:T:A	CCSBVarC020790	ENSP00000378769.2:p.Met182Lys	PPP1CB	ENSG00000213639	CYSRT1
pilot3	CCSBORF4085	1	CCSBORF13662	3AT	1	548A>C	1464	NC_000002.12:28783933:A:C	CCSBVarC020793	ENSP00000378769.2:p.Glu183Ala	PPP1CB	ENSG00000213639	CYSRT1
pilot3	CCSBORF4085	1	CCSBORF13662	3AT	1	548A>T	762	NC_000002.12:28783933:A:T	CCSBVarC020796	ENSP00000378769.2:p.Glu183Val	PPP1CB	ENSG00000213639	CYSRT1
pilot3	CCSBORF4085	1	CCSBORF13662	3AT	1	658C>T	527	NC_000002.12:28788722:C:T	CCSBVarC020798	ENSP00000378769.2:p.Arg220Cys	PPP1CB	ENSG00000213639	CYSRT1
pilot3	CCSBORF4085	1	CCSBORF13662	3AT	1	754G>T	1107	NC_000002.12:28793871:G:T	CCSBVarC020801	ENSP00000378769.2:p.Asp252Tyr	PPP1CB	ENSG00000213639	CYSRT1
pilot3	CCSBORF4085	1	CCSBORF13662	3AT	1	755A>G	36	NC_000002.12:28793872:A:G	CCSBVarC020805	ENSP00000378769.2:p.Asp252Gly	PPP1CB	ENSG00000213639	CYSRT1
pilot3	CCSBORF4085	1	CCSBORF13662	3AT	1	968C>T	698	NC_000002.12:28799286:C:T	CCSBVarC020812	ENSP00000378769.2:p.Pro323Leu	PPP1CB	ENSG00000213639	CYSRT1
pilot3	CCSBORF4085	1	CCSBORF14983	3AT	1	REF	3663	NULL	NULL	NULL	PPP1CB	ENSG00000213639	KANK2
pilot3	CCSBORF4085	1	CCSBORF14983	3AT	1	104G>A	297	NC_000002.12:28776901:G:A	CCSBVarC020765	ENSP00000378769.2:p.Arg35Gln	PPP1CB	ENSG00000213639	KANK2
pilot3	CCSBORF4085	1	CCSBORF14983	3AT	1	255C>A	114	NC_000002.12:28778878:C:A	CCSBVarC020772	ENSP00000378769.2:p.Asn85Lys	PPP1CB	ENSG00000213639	KANK2
pilot3	CCSBORF4085	1	CCSBORF14983	3AT	1	493G>C	12648	NC_000002.12:28781814:G:C	CCSBVarC020787	ENSP00000378769.2:p.Asp165His	PPP1CB	ENSG00000213639	KANK2
pilot3	CCSBORF4085	1	CCSBORF14983	3AT	1	545T>A	248	NC_000002.12:28783930:T:A	CCSBVarC020790	ENSP00000378769.2:p.Met182Lys	PPP1CB	ENSG00000213639	KANK2
pilot3	CCSBORF4085	1	CCSBORF14983	3AT	1	548A>C	81	NC_000002.12:28783933:A:C	CCSBVarC020793	ENSP00000378769.2:p.Glu183Ala	PPP1CB	ENSG00000213639	KANK2
pilot3	CCSBORF4085	1	CCSBORF14983	3AT	1	548A>T	151	NC_000002.12:28783933:A:T	CCSBVarC020796	ENSP00000378769.2:p.Glu183Val	PPP1CB	ENSG00000213639	KANK2
pilot3	CCSBORF4085	1	CCSBORF14983	3AT	1	658C>T	33	NC_000002.12:28788722:C:T	CCSBVarC020798	ENSP00000378769.2:p.Arg220Cys	PPP1CB	ENSG00000213639	KANK2
pilot3	CCSBORF4085	1	CCSBORF14983	3AT	1	754G>T	1256	NC_000002.12:28793871:G:T	CCSBVarC020801	ENSP00000378769.2:p.Asp252Tyr	PPP1CB	ENSG00000213639	KANK2
pilot3	CCSBORF4085	1	CCSBORF14983	3AT	1	755A>G	73879	NC_000002.12:28793872:A:G	CCSBVarC020805	ENSP00000378769.2:p.Asp252Gly	PPP1CB	ENSG00000213639	KANK2
pilot3	CCSBORF4085	1	CCSBORF14983	3AT	1	968C>T	112	NC_000002.12:28799286:C:T	CCSBVarC020812	ENSP00000378769.2:p.Pro323Leu	PPP1CB	ENSG00000213639	KANK2
pilot3	CCSBORF4085	1	CCSBORF824	3AT	1	REF	2524	NULL	NULL	NULL	PPP1CB	ENSG00000213639	MEOX2
pilot3	CCSBORF4085	1	CCSBORF824	3AT	1	104G>A	1961	NC_000002.12:28776901:G:A	CCSBVarC020765	ENSP00000378769.2:p.Arg35Gln	PPP1CB	ENSG00000213639	MEOX2
pilot3	CCSBORF4085	1	CCSBORF824	3AT	1	255C>A	5535	NC_000002.12:28778878:C:A	CCSBVarC020772	ENSP00000378769.2:p.Asn85Lys	PPP1CB	ENSG00000213639	MEOX2
pilot3	CCSBORF4085	1	CCSBORF824	3AT	1	493G>C	9839	NC_000002.12:28781814:G:C	CCSBVarC020787	ENSP00000378769.2:p.Asp165His	PPP1CB	ENSG00000213639	MEOX2
pilot3	CCSBORF4085	1	CCSBORF824	3AT	1	545T>A	4395	NC_000002.12:28783930:T:A	CCSBVarC020790	ENSP00000378769.2:p.Met182Lys	PPP1CB	ENSG00000213639	MEOX2
pilot3	CCSBORF4085	1	CCSBORF824	3AT	1	548A>C	4119	NC_000002.12:28783933:A:C	CCSBVarC020793	ENSP00000378769.2:p.Glu183Ala	PPP1CB	ENSG00000213639	MEOX2
pilot3	CCSBORF4085	1	CCSBORF824	3AT	1	548A>T	2246	NC_000002.12:28783933:A:T	CCSBVarC020796	ENSP00000378769.2:p.Glu183Val	PPP1CB	ENSG00000213639	MEOX2
pilot3	CCSBORF4085	1	CCSBORF824	3AT	1	658C>T	775	NC_000002.12:28788722:C:T	CCSBVarC020798	ENSP00000378769.2:p.Arg220Cys	PPP1CB	ENSG00000213639	MEOX2
pilot3	CCSBORF4085	1	CCSBORF824	3AT	1	754G>T	1363	NC_000002.12:28793871:G:T	CCSBVarC020801	ENSP00000378769.2:p.Asp252Tyr	PPP1CB	ENSG00000213639	MEOX2
pilot3	CCSBORF4085	1	CCSBORF824	3AT	1	755A>G	308	NC_000002.12:28793872:A:G	CCSBVarC020805	ENSP00000378769.2:p.Asp252Gly	PPP1CB	ENSG00000213639	MEOX2
pilot3	CCSBORF4085	1	CCSBORF824	3AT	1	968C>T	2302	NC_000002.12:28799286:C:T	CCSBVarC020812	ENSP00000378769.2:p.Pro323Leu	PPP1CB	ENSG00000213639	MEOX2
pilot3	CCSBORF4085	1	CCSBORF5175	3AT	1	REF	4754	NULL	NULL	NULL	PPP1CB	ENSG00000213639	PPP1R16A
pilot3	CCSBORF4085	1	CCSBORF5175	3AT	1	104G>A	287	NC_000002.12:28776901:G:A	CCSBVarC020765	ENSP00000378769.2:p.Arg35Gln	PPP1CB	ENSG00000213639	PPP1R16A
pilot3	CCSBORF4085	1	CCSBORF5175	3AT	1	255C>A	36326	NC_000002.12:28778878:C:A	CCSBVarC020772	ENSP00000378769.2:p.Asn85Lys	PPP1CB	ENSG00000213639	PPP1R16A
pilot3	CCSBORF4085	1	CCSBORF5175	3AT	1	493G>C	3260	NC_000002.12:28781814:G:C	CCSBVarC020787	ENSP00000378769.2:p.Asp165His	PPP1CB	ENSG00000213639	PPP1R16A
pilot3	CCSBORF4085	1	CCSBORF5175	3AT	1	545T>A	3290	NC_000002.12:28783930:T:A	CCSBVarC020790	ENSP00000378769.2:p.Met182Lys	PPP1CB	ENSG00000213639	PPP1R16A
pilot3	CCSBORF4085	1	CCSBORF5175	3AT	1	548A>C	877	NC_000002.12:28783933:A:C	CCSBVarC020793	ENSP00000378769.2:p.Glu183Ala	PPP1CB	ENSG00000213639	PPP1R16A
pilot3	CCSBORF4085	1	CCSBORF5175	3AT	1	548A>T	2316	NC_000002.12:28783933:A:T	CCSBVarC020796	ENSP00000378769.2:p.Glu183Val	PPP1CB	ENSG00000213639	PPP1R16A
pilot3	CCSBORF4085	1	CCSBORF5175	3AT	1	658C>T	1532	NC_000002.12:28788722:C:T	CCSBVarC020798	ENSP00000378769.2:p.Arg220Cys	PPP1CB	ENSG00000213639	PPP1R16A
pilot3	CCSBORF4085	1	CCSBORF5175	3AT	1	754G>T	213	NC_000002.12:28793871:G:T	CCSBVarC020801	ENSP00000378769.2:p.Asp252Tyr	PPP1CB	ENSG00000213639	PPP1R16A
pilot3	CCSBORF4085	1	CCSBORF5175	3AT	1	755A>G	3782	NC_000002.12:28793872:A:G	CCSBVarC020805	ENSP00000378769.2:p.Asp252Gly	PPP1CB	ENSG00000213639	PPP1R16A
pilot3	CCSBORF4085	1	CCSBORF5175	3AT	1	968C>T	58	NC_000002.12:28799286:C:T	CCSBVarC020812	ENSP00000378769.2:p.Pro323Leu	PPP1CB	ENSG00000213639	PPP1R16A
pilot3	CCSBORF4085	1	CCSBORF6324	3AT	1	REF	6119	NULL	NULL	NULL	PPP1CB	ENSG00000213639	PPP1R3C
pilot3	CCSBORF4085	1	CCSBORF6324	3AT	1	104G>A	134	NC_000002.12:28776901:G:A	CCSBVarC020765	ENSP00000378769.2:p.Arg35Gln	PPP1CB	ENSG00000213639	PPP1R3C
pilot3	CCSBORF4085	1	CCSBORF6324	3AT	1	255C>A	19963	NC_000002.12:28778878:C:A	CCSBVarC020772	ENSP00000378769.2:p.Asn85Lys	PPP1CB	ENSG00000213639	PPP1R3C
pilot3	CCSBORF4085	1	CCSBORF6324	3AT	1	493G>C	2787	NC_000002.12:28781814:G:C	CCSBVarC020787	ENSP00000378769.2:p.Asp165His	PPP1CB	ENSG00000213639	PPP1R3C
pilot3	CCSBORF4085	1	CCSBORF6324	3AT	1	545T>A	4054	NC_000002.12:28783930:T:A	CCSBVarC020790	ENSP00000378769.2:p.Met182Lys	PPP1CB	ENSG00000213639	PPP1R3C
pilot3	CCSBORF4085	1	CCSBORF6324	3AT	1	548A>C	6023	NC_000002.12:28783933:A:C	CCSBVarC020793	ENSP00000378769.2:p.Glu183Ala	PPP1CB	ENSG00000213639	PPP1R3C
pilot3	CCSBORF4085	1	CCSBORF6324	3AT	1	548A>T	52	NC_000002.12:28783933:A:T	CCSBVarC020796	ENSP00000378769.2:p.Glu183Val	PPP1CB	ENSG00000213639	PPP1R3C
pilot3	CCSBORF4085	1	CCSBORF6324	3AT	1	658C>T	22	NC_000002.12:28788722:C:T	CCSBVarC020798	ENSP00000378769.2:p.Arg220Cys	PPP1CB	ENSG00000213639	PPP1R3C
pilot3	CCSBORF4085	1	CCSBORF6324	3AT	1	754G>T	344	NC_000002.12:28793871:G:T	CCSBVarC020801	ENSP00000378769.2:p.Asp252Tyr	PPP1CB	ENSG00000213639	PPP1R3C
pilot3	CCSBORF4085	1	CCSBORF6324	3AT	1	755A>G	13003	NC_000002.12:28793872:A:G	CCSBVarC020805	ENSP00000378769.2:p.Asp252Gly	PPP1CB	ENSG00000213639	PPP1R3C
pilot3	CCSBORF4085	1	CCSBORF6324	3AT	1	968C>T	1740	NC_000002.12:28799286:C:T	CCSBVarC020812	ENSP00000378769.2:p.Pro323Leu	PPP1CB	ENSG00000213639	PPP1R3C
pilot3	CCSBORF4085	1	CCSBORF55307	3AT	1	REF	6687	NULL	NULL	NULL	PPP1CB	ENSG00000213639	SH2D4A
pilot3	CCSBORF4085	1	CCSBORF55307	3AT	1	104G>A	1410	NC_000002.12:28776901:G:A	CCSBVarC020765	ENSP00000378769.2:p.Arg35Gln	PPP1CB	ENSG00000213639	SH2D4A
pilot3	CCSBORF4085	1	CCSBORF55307	3AT	1	255C>A	22868	NC_000002.12:28778878:C:A	CCSBVarC020772	ENSP00000378769.2:p.Asn85Lys	PPP1CB	ENSG00000213639	SH2D4A
pilot3	CCSBORF4085	1	CCSBORF55307	3AT	1	493G>C	5920	NC_000002.12:28781814:G:C	CCSBVarC020787	ENSP00000378769.2:p.Asp165His	PPP1CB	ENSG00000213639	SH2D4A
pilot3	CCSBORF4085	1	CCSBORF55307	3AT	1	545T>A	3340	NC_000002.12:28783930:T:A	CCSBVarC020790	ENSP00000378769.2:p.Met182Lys	PPP1CB	ENSG00000213639	SH2D4A
pilot3	CCSBORF4085	1	CCSBORF55307	3AT	1	548A>C	2324	NC_000002.12:28783933:A:C	CCSBVarC020793	ENSP00000378769.2:p.Glu183Ala	PPP1CB	ENSG00000213639	SH2D4A
pilot3	CCSBORF4085	1	CCSBORF55307	3AT	1	548A>T	1557	NC_000002.12:28783933:A:T	CCSBVarC020796	ENSP00000378769.2:p.Glu183Val	PPP1CB	ENSG00000213639	SH2D4A
pilot3	CCSBORF4085	1	CCSBORF55307	3AT	1	658C>T	114	NC_000002.12:28788722:C:T	CCSBVarC020798	ENSP00000378769.2:p.Arg220Cys	PPP1CB	ENSG00000213639	SH2D4A
pilot3	CCSBORF4085	1	CCSBORF55307	3AT	1	754G>T	1474	NC_000002.12:28793871:G:T	CCSBVarC020801	ENSP00000378769.2:p.Asp252Tyr	PPP1CB	ENSG00000213639	SH2D4A
pilot3	CCSBORF4085	1	CCSBORF55307	3AT	1	755A>G	5953	NC_000002.12:28793872:A:G	CCSBVarC020805	ENSP00000378769.2:p.Asp252Gly	PPP1CB	ENSG00000213639	SH2D4A
pilot3	CCSBORF4085	1	CCSBORF55307	3AT	1	968C>T	1075	NC_000002.12:28799286:C:T	CCSBVarC020812	ENSP00000378769.2:p.Pro323Leu	PPP1CB	ENSG00000213639	SH2D4A
pilot3	CCSBORF4085	1	CCSBORF55351	3AT	1	REF	7096	NULL	NULL	NULL	PPP1CB	ENSG00000213639	TP53BP2
pilot3	CCSBORF4085	1	CCSBORF55351	3AT	1	104G>A	1204	NC_000002.12:28776901:G:A	CCSBVarC020765	ENSP00000378769.2:p.Arg35Gln	PPP1CB	ENSG00000213639	TP53BP2
pilot3	CCSBORF4085	1	CCSBORF55351	3AT	1	255C>A	26603	NC_000002.12:28778878:C:A	CCSBVarC020772	ENSP00000378769.2:p.Asn85Lys	PPP1CB	ENSG00000213639	TP53BP2
pilot3	CCSBORF4085	1	CCSBORF55351	3AT	1	493G>C	2637	NC_000002.12:28781814:G:C	CCSBVarC020787	ENSP00000378769.2:p.Asp165His	PPP1CB	ENSG00000213639	TP53BP2
pilot3	CCSBORF4085	1	CCSBORF55351	3AT	1	545T>A	1721	NC_000002.12:28783930:T:A	CCSBVarC020790	ENSP00000378769.2:p.Met182Lys	PPP1CB	ENSG00000213639	TP53BP2
pilot3	CCSBORF4085	1	CCSBORF55351	3AT	1	548A>C	1905	NC_000002.12:28783933:A:C	CCSBVarC020793	ENSP00000378769.2:p.Glu183Ala	PPP1CB	ENSG00000213639	TP53BP2
pilot3	CCSBORF4085	1	CCSBORF55351	3AT	1	548A>T	1224	NC_000002.12:28783933:A:T	CCSBVarC020796	ENSP00000378769.2:p.Glu183Val	PPP1CB	ENSG00000213639	TP53BP2
pilot3	CCSBORF4085	1	CCSBORF55351	3AT	1	658C>T	148	NC_000002.12:28788722:C:T	CCSBVarC020798	ENSP00000378769.2:p.Arg220Cys	PPP1CB	ENSG00000213639	TP53BP2
pilot3	CCSBORF4085	1	CCSBORF55351	3AT	1	754G>T	1260	NC_000002.12:28793871:G:T	CCSBVarC020801	ENSP00000378769.2:p.Asp252Tyr	PPP1CB	ENSG00000213639	TP53BP2
pilot3	CCSBORF4085	1	CCSBORF55351	3AT	1	755A>G	19977	NC_000002.12:28793872:A:G	CCSBVarC020805	ENSP00000378769.2:p.Asp252Gly	PPP1CB	ENSG00000213639	TP53BP2
pilot3	CCSBORF4085	1	CCSBORF55351	3AT	1	968C>T	818	NC_000002.12:28799286:C:T	CCSBVarC020812	ENSP00000378769.2:p.Pro323Leu	PPP1CB	ENSG00000213639	TP53BP2
pilot3	CCSBORF4085	1	CCSBORF0	3AT	1	REF	1497	NULL	NULL	NULL	PPP1CB	ENSG00000213639	empty_AD
pilot3	CCSBORF4085	1	CCSBORF0	3AT	1	104G>A	1345	NC_000002.12:28776901:G:A	CCSBVarC020765	ENSP00000378769.2:p.Arg35Gln	PPP1CB	ENSG00000213639	empty_AD
pilot3	CCSBORF4085	1	CCSBORF0	3AT	1	255C>A	2083	NC_000002.12:28778878:C:A	CCSBVarC020772	ENSP00000378769.2:p.Asn85Lys	PPP1CB	ENSG00000213639	empty_AD
pilot3	CCSBORF4085	1	CCSBORF0	3AT	1	493G>C	3554	NC_000002.12:28781814:G:C	CCSBVarC020787	ENSP00000378769.2:p.Asp165His	PPP1CB	ENSG00000213639	empty_AD
pilot3	CCSBORF4085	1	CCSBORF0	3AT	1	545T>A	1282	NC_000002.12:28783930:T:A	CCSBVarC020790	ENSP00000378769.2:p.Met182Lys	PPP1CB	ENSG00000213639	empty_AD
pilot3	CCSBORF4085	1	CCSBORF0	3AT	1	548A>C	1369	NC_000002.12:28783933:A:C	CCSBVarC020793	ENSP00000378769.2:p.Glu183Ala	PPP1CB	ENSG00000213639	empty_AD
pilot3	CCSBORF4085	1	CCSBORF0	3AT	1	548A>T	948	NC_000002.12:28783933:A:T	CCSBVarC020796	ENSP00000378769.2:p.Glu183Val	PPP1CB	ENSG00000213639	empty_AD
pilot3	CCSBORF4085	1	CCSBORF0	3AT	1	658C>T	380	NC_000002.12:28788722:C:T	CCSBVarC020798	ENSP00000378769.2:p.Arg220Cys	PPP1CB	ENSG00000213639	empty_AD
pilot3	CCSBORF4085	1	CCSBORF0	3AT	1	754G>T	972	NC_000002.12:28793871:G:T	CCSBVarC020801	ENSP00000378769.2:p.Asp252Tyr	PPP1CB	ENSG00000213639	empty_AD
pilot3	CCSBORF4085	1	CCSBORF0	3AT	1	755A>G	809	NC_000002.12:28793872:A:G	CCSBVarC020805	ENSP00000378769.2:p.Asp252Gly	PPP1CB	ENSG00000213639	empty_AD
pilot3	CCSBORF4085	1	CCSBORF0	3AT	1	968C>T	386	NC_000002.12:28799286:C:T	CCSBVarC020812	ENSP00000378769.2:p.Pro323Leu	PPP1CB	ENSG00000213639	empty_AD
pilot3	CCSBORF11805	1	CCSBORF8359	3AT	1	REF	5167	NULL	NULL	NULL	SMAD3	ENSG00000166949	CCDC33
pilot3	CCSBORF11805	1	CCSBORF8359	3AT	1	1094A>T	1698	NC_000015.10:67187448:A:T	CCSBVarC028977	ENSP00000332973.4:p.Gln365Leu	SMAD3	ENSG00000166949	CCDC33
pilot3	CCSBORF11805	1	CCSBORF8359	3AT	1	1186A>G	1300	NC_000015.10:67190443:A:G	CCSBVarC028980	ENSP00000332973.4:p.Ile396Val	SMAD3	ENSG00000166949	CCDC33
pilot3	CCSBORF11805	1	CCSBORF8359	3AT	1	1268G>A	1921	NC_000015.10:67190525:G:A	CCSBVarC028988	ENSP00000332973.4:p.Ser423Asn	SMAD3	ENSG00000166949	CCDC33
pilot3	CCSBORF11805	1	CCSBORF8359	3AT	1	179T>C	729	NC_000015.10:67066332:T:C	CCSBVarC028917	ENSP00000332973.4:p.Val60Ala	SMAD3	ENSG00000166949	CCDC33
pilot3	CCSBORF11805	1	CCSBORF8359	3AT	1	209C>A	1613	NC_000015.10:67164896:C:A	CCSBVarC028919	ENSP00000332973.4:p.Ser70Tyr	SMAD3	ENSG00000166949	CCDC33
pilot3	CCSBORF11805	1	CCSBORF8359	3AT	1	220C>T	3095	NC_000015.10:67164907:C:T	CCSBVarC028921	ENSP00000332973.4:p.Arg74Trp	SMAD3	ENSG00000166949	CCDC33
pilot3	CCSBORF11805	1	CCSBORF8359	3AT	1	28C>G	241	NC_000015.10:67066181:C:G	CCSBVarC028915	ENSP00000332973.4:p.Pro10Ala	SMAD3	ENSG00000166949	CCDC33
pilot3	CCSBORF11805	1	CCSBORF8359	3AT	1	316A>G	1996	NC_000015.10:67165003:A:G	CCSBVarC028936	ENSP00000332973.4:p.Met106Val	SMAD3	ENSG00000166949	CCDC33
pilot3	CCSBORF11805	1	CCSBORF8359	3AT	1	502G>A	1999	NC_000015.10:67165353:G:A	CCSBVarC028939	ENSP00000332973.4:p.Ala168Thr	SMAD3	ENSG00000166949	CCDC33
pilot3	CCSBORF11805	1	CCSBORF8359	3AT	1	508A>G	4599	NC_000015.10:67165359:A:G	CCSBVarC002944	ENSP00000332973.4:p.Ile170Val	SMAD3	ENSG00000166949	CCDC33
pilot3	CCSBORF11805	1	CCSBORF8359	3AT	1	590A>T	641	NC_000015.10:67166835:A:T	CCSBVarC001756	ENSP00000332973.4:p.Asn197Ile	SMAD3	ENSG00000166949	CCDC33
pilot3	CCSBORF11805	1	CCSBORF8359	3AT	1	613C>T	1090	NC_000015.10:67170558:C:T	CCSBVarC028942	ENSP00000332973.4:p.Pro205Ser	SMAD3	ENSG00000166949	CCDC33
pilot3	CCSBORF11805	1	CCSBORF8359	3AT	1	730G>A	1453	NC_000015.10:67181311:G:A	CCSBVarC028954	ENSP00000332973.4:p.Val244Ile	SMAD3	ENSG00000166949	CCDC33
pilot3	CCSBORF11805	1	CCSBORF8359	3AT	1	785A>T	3656	NC_000015.10:67181366:A:T	CCSBVarC028962	ENSP00000332973.4:p.Asp262Val	SMAD3	ENSG00000166949	CCDC33
pilot3	CCSBORF11805	1	CCSBORF8359	3AT	1	848T>A	2318	NC_000015.10:67181429:T:A	CCSBVarC028965	ENSP00000332973.4:p.Val283Glu	SMAD3	ENSG00000166949	CCDC33
pilot3	CCSBORF11805	1	CCSBORF8359	3AT	1	851A>G	244	NC_000015.10:67181432:A:G	CCSBVarC028968	ENSP00000332973.4:p.Glu284Gly	SMAD3	ENSG00000166949	CCDC33
pilot3	CCSBORF11805	1	CCSBORF40080553	3AT	1	REF	3282	NULL	NULL	NULL	SMAD3	ENSG00000166949	FOXH1
pilot3	CCSBORF11805	1	CCSBORF40080553	3AT	1	1094A>T	694	NC_000015.10:67187448:A:T	CCSBVarC028977	ENSP00000332973.4:p.Gln365Leu	SMAD3	ENSG00000166949	FOXH1
pilot3	CCSBORF11805	1	CCSBORF40080553	3AT	1	1186A>G	1207	NC_000015.10:67190443:A:G	CCSBVarC028980	ENSP00000332973.4:p.Ile396Val	SMAD3	ENSG00000166949	FOXH1
pilot3	CCSBORF11805	1	CCSBORF40080553	3AT	1	1268G>A	1067	NC_000015.10:67190525:G:A	CCSBVarC028988	ENSP00000332973.4:p.Ser423Asn	SMAD3	ENSG00000166949	FOXH1
pilot3	CCSBORF11805	1	CCSBORF40080553	3AT	1	179T>C	683	NC_000015.10:67066332:T:C	CCSBVarC028917	ENSP00000332973.4:p.Val60Ala	SMAD3	ENSG00000166949	FOXH1
pilot3	CCSBORF11805	1	CCSBORF40080553	3AT	1	209C>A	945	NC_000015.10:67164896:C:A	CCSBVarC028919	ENSP00000332973.4:p.Ser70Tyr	SMAD3	ENSG00000166949	FOXH1
pilot3	CCSBORF11805	1	CCSBORF40080553	3AT	1	220C>T	1467	NC_000015.10:67164907:C:T	CCSBVarC028921	ENSP00000332973.4:p.Arg74Trp	SMAD3	ENSG00000166949	FOXH1
pilot3	CCSBORF11805	1	CCSBORF40080553	3AT	1	28C>G	470	NC_000015.10:67066181:C:G	CCSBVarC028915	ENSP00000332973.4:p.Pro10Ala	SMAD3	ENSG00000166949	FOXH1
pilot3	CCSBORF11805	1	CCSBORF40080553	3AT	1	316A>G	841	NC_000015.10:67165003:A:G	CCSBVarC028936	ENSP00000332973.4:p.Met106Val	SMAD3	ENSG00000166949	FOXH1
pilot3	CCSBORF11805	1	CCSBORF40080553	3AT	1	502G>A	1398	NC_000015.10:67165353:G:A	CCSBVarC028939	ENSP00000332973.4:p.Ala168Thr	SMAD3	ENSG00000166949	FOXH1
pilot3	CCSBORF11805	1	CCSBORF40080553	3AT	1	508A>G	2015	NC_000015.10:67165359:A:G	CCSBVarC002944	ENSP00000332973.4:p.Ile170Val	SMAD3	ENSG00000166949	FOXH1
pilot3	CCSBORF11805	1	CCSBORF40080553	3AT	1	590A>T	418	NC_000015.10:67166835:A:T	CCSBVarC001756	ENSP00000332973.4:p.Asn197Ile	SMAD3	ENSG00000166949	FOXH1
pilot3	CCSBORF11805	1	CCSBORF40080553	3AT	1	613C>T	890	NC_000015.10:67170558:C:T	CCSBVarC028942	ENSP00000332973.4:p.Pro205Ser	SMAD3	ENSG00000166949	FOXH1
pilot3	CCSBORF11805	1	CCSBORF40080553	3AT	1	730G>A	653	NC_000015.10:67181311:G:A	CCSBVarC028954	ENSP00000332973.4:p.Val244Ile	SMAD3	ENSG00000166949	FOXH1
pilot3	CCSBORF11805	1	CCSBORF40080553	3AT	1	785A>T	1067	NC_000015.10:67181366:A:T	CCSBVarC028962	ENSP00000332973.4:p.Asp262Val	SMAD3	ENSG00000166949	FOXH1
pilot3	CCSBORF11805	1	CCSBORF40080553	3AT	1	848T>A	1391	NC_000015.10:67181429:T:A	CCSBVarC028965	ENSP00000332973.4:p.Val283Glu	SMAD3	ENSG00000166949	FOXH1
pilot3	CCSBORF11805	1	CCSBORF40080553	3AT	1	851A>G	266	NC_000015.10:67181432:A:G	CCSBVarC028968	ENSP00000332973.4:p.Glu284Gly	SMAD3	ENSG00000166949	FOXH1
pilot3	CCSBORF11805	1	CCSBORF100068511	3AT	1	REF	3961	NULL	NULL	NULL	SMAD3	ENSG00000166949	NEDD4
pilot3	CCSBORF11805	1	CCSBORF100068511	3AT	1	1094A>T	1717	NC_000015.10:67187448:A:T	CCSBVarC028977	ENSP00000332973.4:p.Gln365Leu	SMAD3	ENSG00000166949	NEDD4
pilot3	CCSBORF11805	1	CCSBORF100068511	3AT	1	1186A>G	1892	NC_000015.10:67190443:A:G	CCSBVarC028980	ENSP00000332973.4:p.Ile396Val	SMAD3	ENSG00000166949	NEDD4
pilot3	CCSBORF11805	1	CCSBORF100068511	3AT	1	1268G>A	1775	NC_000015.10:67190525:G:A	CCSBVarC028988	ENSP00000332973.4:p.Ser423Asn	SMAD3	ENSG00000166949	NEDD4
pilot3	CCSBORF11805	1	CCSBORF100068511	3AT	1	179T>C	1353	NC_000015.10:67066332:T:C	CCSBVarC028917	ENSP00000332973.4:p.Val60Ala	SMAD3	ENSG00000166949	NEDD4
pilot3	CCSBORF11805	1	CCSBORF100068511	3AT	1	209C>A	1075	NC_000015.10:67164896:C:A	CCSBVarC028919	ENSP00000332973.4:p.Ser70Tyr	SMAD3	ENSG00000166949	NEDD4
pilot3	CCSBORF11805	1	CCSBORF100068511	3AT	1	220C>T	1731	NC_000015.10:67164907:C:T	CCSBVarC028921	ENSP00000332973.4:p.Arg74Trp	SMAD3	ENSG00000166949	NEDD4
pilot3	CCSBORF11805	1	CCSBORF100068511	3AT	1	28C>G	955	NC_000015.10:67066181:C:G	CCSBVarC028915	ENSP00000332973.4:p.Pro10Ala	SMAD3	ENSG00000166949	NEDD4
pilot3	CCSBORF11805	1	CCSBORF100068511	3AT	1	316A>G	871	NC_000015.10:67165003:A:G	CCSBVarC028936	ENSP00000332973.4:p.Met106Val	SMAD3	ENSG00000166949	NEDD4
pilot3	CCSBORF11805	1	CCSBORF100068511	3AT	1	502G>A	1906	NC_000015.10:67165353:G:A	CCSBVarC028939	ENSP00000332973.4:p.Ala168Thr	SMAD3	ENSG00000166949	NEDD4
pilot3	CCSBORF11805	1	CCSBORF100068511	3AT	1	508A>G	3684	NC_000015.10:67165359:A:G	CCSBVarC002944	ENSP00000332973.4:p.Ile170Val	SMAD3	ENSG00000166949	NEDD4
pilot3	CCSBORF11805	1	CCSBORF100068511	3AT	1	590A>T	744	NC_000015.10:67166835:A:T	CCSBVarC001756	ENSP00000332973.4:p.Asn197Ile	SMAD3	ENSG00000166949	NEDD4
pilot3	CCSBORF11805	1	CCSBORF100068511	3AT	1	613C>T	1680	NC_000015.10:67170558:C:T	CCSBVarC028942	ENSP00000332973.4:p.Pro205Ser	SMAD3	ENSG00000166949	NEDD4
pilot3	CCSBORF11805	1	CCSBORF100068511	3AT	1	730G>A	1629	NC_000015.10:67181311:G:A	CCSBVarC028954	ENSP00000332973.4:p.Val244Ile	SMAD3	ENSG00000166949	NEDD4
pilot3	CCSBORF11805	1	CCSBORF100068511	3AT	1	785A>T	1955	NC_000015.10:67181366:A:T	CCSBVarC028962	ENSP00000332973.4:p.Asp262Val	SMAD3	ENSG00000166949	NEDD4
pilot3	CCSBORF11805	1	CCSBORF100068511	3AT	1	848T>A	2265	NC_000015.10:67181429:T:A	CCSBVarC028965	ENSP00000332973.4:p.Val283Glu	SMAD3	ENSG00000166949	NEDD4
pilot3	CCSBORF11805	1	CCSBORF100068511	3AT	1	851A>G	391	NC_000015.10:67181432:A:G	CCSBVarC028968	ENSP00000332973.4:p.Glu284Gly	SMAD3	ENSG00000166949	NEDD4
pilot3	CCSBORF11805	1	CCSBORF71704	3AT	1	REF	5188	NULL	NULL	NULL	SMAD3	ENSG00000166949	SMURF2
pilot3	CCSBORF11805	1	CCSBORF71704	3AT	1	1094A>T	2676	NC_000015.10:67187448:A:T	CCSBVarC028977	ENSP00000332973.4:p.Gln365Leu	SMAD3	ENSG00000166949	SMURF2
pilot3	CCSBORF11805	1	CCSBORF71704	3AT	1	1186A>G	2738	NC_000015.10:67190443:A:G	CCSBVarC028980	ENSP00000332973.4:p.Ile396Val	SMAD3	ENSG00000166949	SMURF2
pilot3	CCSBORF11805	1	CCSBORF71704	3AT	1	1268G>A	3032	NC_000015.10:67190525:G:A	CCSBVarC028988	ENSP00000332973.4:p.Ser423Asn	SMAD3	ENSG00000166949	SMURF2
pilot3	CCSBORF11805	1	CCSBORF71704	3AT	1	179T>C	1332	NC_000015.10:67066332:T:C	CCSBVarC028917	ENSP00000332973.4:p.Val60Ala	SMAD3	ENSG00000166949	SMURF2
pilot3	CCSBORF11805	1	CCSBORF71704	3AT	1	209C>A	2210	NC_000015.10:67164896:C:A	CCSBVarC028919	ENSP00000332973.4:p.Ser70Tyr	SMAD3	ENSG00000166949	SMURF2
pilot3	CCSBORF11805	1	CCSBORF71704	3AT	1	220C>T	4193	NC_000015.10:67164907:C:T	CCSBVarC028921	ENSP00000332973.4:p.Arg74Trp	SMAD3	ENSG00000166949	SMURF2
pilot3	CCSBORF11805	1	CCSBORF71704	3AT	1	28C>G	1826	NC_000015.10:67066181:C:G	CCSBVarC028915	ENSP00000332973.4:p.Pro10Ala	SMAD3	ENSG00000166949	SMURF2
pilot3	CCSBORF11805	1	CCSBORF71704	3AT	1	316A>G	1989	NC_000015.10:67165003:A:G	CCSBVarC028936	ENSP00000332973.4:p.Met106Val	SMAD3	ENSG00000166949	SMURF2
pilot3	CCSBORF11805	1	CCSBORF71704	3AT	1	502G>A	2810	NC_000015.10:67165353:G:A	CCSBVarC028939	ENSP00000332973.4:p.Ala168Thr	SMAD3	ENSG00000166949	SMURF2
pilot3	CCSBORF11805	1	CCSBORF71704	3AT	1	508A>G	5082	NC_000015.10:67165359:A:G	CCSBVarC002944	ENSP00000332973.4:p.Ile170Val	SMAD3	ENSG00000166949	SMURF2
pilot3	CCSBORF11805	1	CCSBORF71704	3AT	1	590A>T	1290	NC_000015.10:67166835:A:T	CCSBVarC001756	ENSP00000332973.4:p.Asn197Ile	SMAD3	ENSG00000166949	SMURF2
pilot3	CCSBORF11805	1	CCSBORF71704	3AT	1	613C>T	2565	NC_000015.10:67170558:C:T	CCSBVarC028942	ENSP00000332973.4:p.Pro205Ser	SMAD3	ENSG00000166949	SMURF2
pilot3	CCSBORF11805	1	CCSBORF71704	3AT	1	730G>A	2707	NC_000015.10:67181311:G:A	CCSBVarC028954	ENSP00000332973.4:p.Val244Ile	SMAD3	ENSG00000166949	SMURF2
pilot3	CCSBORF11805	1	CCSBORF71704	3AT	1	785A>T	3731	NC_000015.10:67181366:A:T	CCSBVarC028962	ENSP00000332973.4:p.Asp262Val	SMAD3	ENSG00000166949	SMURF2
pilot3	CCSBORF11805	1	CCSBORF71704	3AT	1	848T>A	4754	NC_000015.10:67181429:T:A	CCSBVarC028965	ENSP00000332973.4:p.Val283Glu	SMAD3	ENSG00000166949	SMURF2
pilot3	CCSBORF11805	1	CCSBORF71704	3AT	1	851A>G	935	NC_000015.10:67181432:A:G	CCSBVarC028968	ENSP00000332973.4:p.Glu284Gly	SMAD3	ENSG00000166949	SMURF2
pilot3	CCSBORF11805	1	CCSBORF2177	3AT	1	REF	5983	NULL	NULL	NULL	SMAD3	ENSG00000166949	WWP1
pilot3	CCSBORF11805	1	CCSBORF2177	3AT	1	1094A>T	1588	NC_000015.10:67187448:A:T	CCSBVarC028977	ENSP00000332973.4:p.Gln365Leu	SMAD3	ENSG00000166949	WWP1
pilot3	CCSBORF11805	1	CCSBORF2177	3AT	1	1186A>G	2171	NC_000015.10:67190443:A:G	CCSBVarC028980	ENSP00000332973.4:p.Ile396Val	SMAD3	ENSG00000166949	WWP1
pilot3	CCSBORF11805	1	CCSBORF2177	3AT	1	1268G>A	1901	NC_000015.10:67190525:G:A	CCSBVarC028988	ENSP00000332973.4:p.Ser423Asn	SMAD3	ENSG00000166949	WWP1
pilot3	CCSBORF11805	1	CCSBORF2177	3AT	1	179T>C	750	NC_000015.10:67066332:T:C	CCSBVarC028917	ENSP00000332973.4:p.Val60Ala	SMAD3	ENSG00000166949	WWP1
pilot3	CCSBORF11805	1	CCSBORF2177	3AT	1	209C>A	1809	NC_000015.10:67164896:C:A	CCSBVarC028919	ENSP00000332973.4:p.Ser70Tyr	SMAD3	ENSG00000166949	WWP1
pilot3	CCSBORF11805	1	CCSBORF2177	3AT	1	220C>T	2170	NC_000015.10:67164907:C:T	CCSBVarC028921	ENSP00000332973.4:p.Arg74Trp	SMAD3	ENSG00000166949	WWP1
pilot3	CCSBORF11805	1	CCSBORF2177	3AT	1	28C>G	679	NC_000015.10:67066181:C:G	CCSBVarC028915	ENSP00000332973.4:p.Pro10Ala	SMAD3	ENSG00000166949	WWP1
pilot3	CCSBORF11805	1	CCSBORF2177	3AT	1	316A>G	677	NC_000015.10:67165003:A:G	CCSBVarC028936	ENSP00000332973.4:p.Met106Val	SMAD3	ENSG00000166949	WWP1
pilot3	CCSBORF11805	1	CCSBORF2177	3AT	1	502G>A	2232	NC_000015.10:67165353:G:A	CCSBVarC028939	ENSP00000332973.4:p.Ala168Thr	SMAD3	ENSG00000166949	WWP1
pilot3	CCSBORF11805	1	CCSBORF2177	3AT	1	508A>G	2589	NC_000015.10:67165359:A:G	CCSBVarC002944	ENSP00000332973.4:p.Ile170Val	SMAD3	ENSG00000166949	WWP1
pilot3	CCSBORF11805	1	CCSBORF2177	3AT	1	590A>T	1541	NC_000015.10:67166835:A:T	CCSBVarC001756	ENSP00000332973.4:p.Asn197Ile	SMAD3	ENSG00000166949	WWP1
pilot3	CCSBORF11805	1	CCSBORF2177	3AT	1	613C>T	1580	NC_000015.10:67170558:C:T	CCSBVarC028942	ENSP00000332973.4:p.Pro205Ser	SMAD3	ENSG00000166949	WWP1
pilot3	CCSBORF11805	1	CCSBORF2177	3AT	1	730G>A	1608	NC_000015.10:67181311:G:A	CCSBVarC028954	ENSP00000332973.4:p.Val244Ile	SMAD3	ENSG00000166949	WWP1
pilot3	CCSBORF11805	1	CCSBORF2177	3AT	1	785A>T	3161	NC_000015.10:67181366:A:T	CCSBVarC028962	ENSP00000332973.4:p.Asp262Val	SMAD3	ENSG00000166949	WWP1
pilot3	CCSBORF11805	1	CCSBORF2177	3AT	1	848T>A	1899	NC_000015.10:67181429:T:A	CCSBVarC028965	ENSP00000332973.4:p.Val283Glu	SMAD3	ENSG00000166949	WWP1
pilot3	CCSBORF11805	1	CCSBORF2177	3AT	1	851A>G	860	NC_000015.10:67181432:A:G	CCSBVarC028968	ENSP00000332973.4:p.Glu284Gly	SMAD3	ENSG00000166949	WWP1
pilot3	CCSBORF11805	1	CCSBORF0	3AT	1	REF	369	NULL	NULL	NULL	SMAD3	ENSG00000166949	empty_AD
pilot3	CCSBORF11805	1	CCSBORF0	3AT	1	1094A>T	43	NC_000015.10:67187448:A:T	CCSBVarC028977	ENSP00000332973.4:p.Gln365Leu	SMAD3	ENSG00000166949	empty_AD
pilot3	CCSBORF11805	1	CCSBORF0	3AT	1	1186A>G	121	NC_000015.10:67190443:A:G	CCSBVarC028980	ENSP00000332973.4:p.Ile396Val	SMAD3	ENSG00000166949	empty_AD
pilot3	CCSBORF11805	1	CCSBORF0	3AT	1	1268G>A	105	NC_000015.10:67190525:G:A	CCSBVarC028988	ENSP00000332973.4:p.Ser423Asn	SMAD3	ENSG00000166949	empty_AD
pilot3	CCSBORF11805	1	CCSBORF0	3AT	1	179T>C	28	NC_000015.10:67066332:T:C	CCSBVarC028917	ENSP00000332973.4:p.Val60Ala	SMAD3	ENSG00000166949	empty_AD
pilot3	CCSBORF11805	1	CCSBORF0	3AT	1	209C>A	93	NC_000015.10:67164896:C:A	CCSBVarC028919	ENSP00000332973.4:p.Ser70Tyr	SMAD3	ENSG00000166949	empty_AD
pilot3	CCSBORF11805	1	CCSBORF0	3AT	1	220C>T	185	NC_000015.10:67164907:C:T	CCSBVarC028921	ENSP00000332973.4:p.Arg74Trp	SMAD3	ENSG00000166949	empty_AD
pilot3	CCSBORF11805	1	CCSBORF0	3AT	1	28C>G	38	NC_000015.10:67066181:C:G	CCSBVarC028915	ENSP00000332973.4:p.Pro10Ala	SMAD3	ENSG00000166949	empty_AD
pilot3	CCSBORF11805	1	CCSBORF0	3AT	1	316A>G	35	NC_000015.10:67165003:A:G	CCSBVarC028936	ENSP00000332973.4:p.Met106Val	SMAD3	ENSG00000166949	empty_AD
pilot3	CCSBORF11805	1	CCSBORF0	3AT	1	502G>A	138	NC_000015.10:67165353:G:A	CCSBVarC028939	ENSP00000332973.4:p.Ala168Thr	SMAD3	ENSG00000166949	empty_AD
pilot3	CCSBORF11805	1	CCSBORF0	3AT	1	508A>G	120	NC_000015.10:67165359:A:G	CCSBVarC002944	ENSP00000332973.4:p.Ile170Val	SMAD3	ENSG00000166949	empty_AD
pilot3	CCSBORF11805	1	CCSBORF0	3AT	1	590A>T	89	NC_000015.10:67166835:A:T	CCSBVarC001756	ENSP00000332973.4:p.Asn197Ile	SMAD3	ENSG00000166949	empty_AD
pilot3	CCSBORF11805	1	CCSBORF0	3AT	1	613C>T	52	NC_000015.10:67170558:C:T	CCSBVarC028942	ENSP00000332973.4:p.Pro205Ser	SMAD3	ENSG00000166949	empty_AD
pilot3	CCSBORF11805	1	CCSBORF0	3AT	1	730G>A	210	NC_000015.10:67181311:G:A	CCSBVarC028954	ENSP00000332973.4:p.Val244Ile	SMAD3	ENSG00000166949	empty_AD
pilot3	CCSBORF11805	1	CCSBORF0	3AT	1	785A>T	16075	NC_000015.10:67181366:A:T	CCSBVarC028962	ENSP00000332973.4:p.Asp262Val	SMAD3	ENSG00000166949	empty_AD
pilot3	CCSBORF11805	1	CCSBORF0	3AT	1	848T>A	188	NC_000015.10:67181429:T:A	CCSBVarC028965	ENSP00000332973.4:p.Val283Glu	SMAD3	ENSG00000166949	empty_AD
pilot3	CCSBORF11805	1	CCSBORF0	3AT	1	851A>G	20	NC_000015.10:67181432:A:G	CCSBVarC028968	ENSP00000332973.4:p.Glu284Gly	SMAD3	ENSG00000166949	empty_AD
pilot3	CCSBORF11100	1	CCSBORF10352	3AT	1	REF	3505	NULL	NULL	NULL	SIAH1	ENSG00000196470	BAG4
pilot3	CCSBORF11100	1	CCSBORF10352	3AT	1	242C>T	13448	NC_000016.10:48362279:G:A	CCSBVarC027171	ENSP00000349156.3:p.Pro81Leu	SIAH1	ENSG00000196470	BAG4
pilot3	CCSBORF11100	1	CCSBORF10352	3AT	1	319C>T	6225	NC_000016.10:48362202:G:A	CCSBVarC027174	ENSP00000349156.3:p.Arg107Trp	SIAH1	ENSG00000196470	BAG4
pilot3	CCSBORF11100	1	CCSBORF10352	3AT	1	548A>G	106	NC_000016.10:48361973:T:C	CCSBVarC027179	ENSP00000349156.3:p.His183Arg	SIAH1	ENSG00000196470	BAG4
pilot3	CCSBORF11100	1	CCSBORF10352	3AT	1	577G>A	4578	NC_000016.10:48361944:C:T	CCSBVarC027181	ENSP00000349156.3:p.Asp193Asn	SIAH1	ENSG00000196470	BAG4
pilot3	CCSBORF11100	1	CCSBORF10352	3AT	1	595A>G	511	NC_000016.10:48361926:T:C	CCSBVarC027183	ENSP00000349156.3:p.Thr199Ala	SIAH1	ENSG00000196470	BAG4
pilot3	CCSBORF11100	1	CCSBORF10352	3AT	1	613G>C	13550	NC_000016.10:48361908:C:G	CCSBVarC027185	ENSP00000349156.3:p.Gly205Arg	SIAH1	ENSG00000196470	BAG4
pilot3	CCSBORF11100	1	CCSBORF56508	3AT	1	REF	225	NULL	NULL	NULL	SIAH1	ENSG00000196470	PRR20A
pilot3	CCSBORF11100	1	CCSBORF56508	3AT	1	242C>T	10716	NC_000016.10:48362279:G:A	CCSBVarC027171	ENSP00000349156.3:p.Pro81Leu	SIAH1	ENSG00000196470	PRR20A
pilot3	CCSBORF11100	1	CCSBORF56508	3AT	1	319C>T	213	NC_000016.10:48362202:G:A	CCSBVarC027174	ENSP00000349156.3:p.Arg107Trp	SIAH1	ENSG00000196470	PRR20A
pilot3	CCSBORF11100	1	CCSBORF56508	3AT	1	548A>G	8	NC_000016.10:48361973:T:C	CCSBVarC027179	ENSP00000349156.3:p.His183Arg	SIAH1	ENSG00000196470	PRR20A
pilot3	CCSBORF11100	1	CCSBORF56508	3AT	1	577G>A	5	NC_000016.10:48361944:C:T	CCSBVarC027181	ENSP00000349156.3:p.Asp193Asn	SIAH1	ENSG00000196470	PRR20A
pilot3	CCSBORF11100	1	CCSBORF56508	3AT	1	595A>G	133	NC_000016.10:48361926:T:C	CCSBVarC027183	ENSP00000349156.3:p.Thr199Ala	SIAH1	ENSG00000196470	PRR20A
pilot3	CCSBORF11100	1	CCSBORF56508	3AT	1	613G>C	112	NC_000016.10:48361908:C:G	CCSBVarC027185	ENSP00000349156.3:p.Gly205Arg	SIAH1	ENSG00000196470	PRR20A
pilot3	CCSBORF11100	1	CCSBORF0	3AT	1	REF	20	NULL	NULL	NULL	SIAH1	ENSG00000196470	empty_AD
pilot3	CCSBORF11100	1	CCSBORF0	3AT	1	242C>T	873	NC_000016.10:48362279:G:A	CCSBVarC027171	ENSP00000349156.3:p.Pro81Leu	SIAH1	ENSG00000196470	empty_AD
pilot3	CCSBORF11100	1	CCSBORF0	3AT	1	319C>T	4	NC_000016.10:48362202:G:A	CCSBVarC027174	ENSP00000349156.3:p.Arg107Trp	SIAH1	ENSG00000196470	empty_AD
pilot3	CCSBORF11100	1	CCSBORF0	3AT	1	548A>G	350	NC_000016.10:48361973:T:C	CCSBVarC027179	ENSP00000349156.3:p.His183Arg	SIAH1	ENSG00000196470	empty_AD
pilot3	CCSBORF11100	1	CCSBORF0	3AT	1	577G>A	226	NC_000016.10:48361944:C:T	CCSBVarC027181	ENSP00000349156.3:p.Asp193Asn	SIAH1	ENSG00000196470	empty_AD
pilot3	CCSBORF11100	1	CCSBORF0	3AT	1	595A>G	110	NC_000016.10:48361926:T:C	CCSBVarC027183	ENSP00000349156.3:p.Thr199Ala	SIAH1	ENSG00000196470	empty_AD
pilot3	CCSBORF11100	1	CCSBORF0	3AT	1	613G>C	419	NC_000016.10:48361908:C:G	CCSBVarC027185	ENSP00000349156.3:p.Gly205Arg	SIAH1	ENSG00000196470	empty_AD
pilot3	CCSBORF6699	1	CCSBORF53886	3AT	1	REF	50	NULL	NULL	NULL	CSNK2A1	ENSG00000101266	TLE5
pilot3	CCSBORF6699	1	CCSBORF53886	3AT	1	1165G>A	25	NC_000020.11:483971:C:T	CCSBVarC024455	ENSP00000217244.3:p.Ala389Thr	CSNK2A1	ENSG00000101266	TLE5
pilot3	CCSBORF6699	1	CCSBORF53886	3AT	1	1172A>G	3	NC_000020.11:483964:T:C	CCSBVarC024458	ENSP00000217244.3:p.Gln391Arg	CSNK2A1	ENSG00000101266	TLE5
pilot3	CCSBORF6699	1	CCSBORF53886	3AT	1	139C>G	0	NC_000020.11:505191:G:C	CCSBVarC024315	ENSP00000217244.3:p.Arg47Gly	CSNK2A1	ENSG00000101266	TLE5
pilot3	CCSBORF6699	1	CCSBORF53886	3AT	1	143G>A	20	NC_000020.11:505187:C:T	CCSBVarC024322	ENSP00000217244.3:p.Gly48Asp	CSNK2A1	ENSG00000101266	TLE5
pilot3	CCSBORF6699	1	CCSBORF53886	3AT	1	149A>C	4	NC_000020.11:505181:T:G	CCSBVarC024324	ENSP00000217244.3:p.Tyr50Ser	CSNK2A1	ENSG00000101266	TLE5
pilot3	CCSBORF6699	1	CCSBORF53886	3AT	1	154G>A	42	NC_000020.11:505176:C:T	CCSBVarC024328	ENSP00000217244.3:p.Glu52Lys	CSNK2A1	ENSG00000101266	TLE5
pilot3	CCSBORF6699	1	CCSBORF53886	3AT	1	239G>A	24	NC_000020.11:499908:C:T	CCSBVarC024330	ENSP00000217244.3:p.Arg80His	CSNK2A1	ENSG00000101266	TLE5
pilot3	CCSBORF6699	1	CCSBORF53886	3AT	1	242A>C	49	NC_000020.11:499905:T:G	CCSBVarC024331	ENSP00000217244.3:p.Glu81Ala	CSNK2A1	ENSG00000101266	TLE5
pilot3	CCSBORF6699	1	CCSBORF53886	3AT	1	524A>G	2	NC_000020.11:492350:T:C	CCSBVarC024355	ENSP00000217244.3:p.Asp175Gly	CSNK2A1	ENSG00000101266	TLE5
pilot3	CCSBORF6699	1	CCSBORF53886	3AT	1	529G>A	17	NC_000020.11:492345:C:T	CCSBVarC024361	ENSP00000217244.3:p.Gly177Ser	CSNK2A1	ENSG00000101266	TLE5
pilot3	CCSBORF6699	1	CCSBORF53886	3AT	1	704G>T	0	NC_000020.11:489798:C:A	CCSBVarC024394	ENSP00000217244.3:p.Gly235Val	CSNK2A1	ENSG00000101266	TLE5
pilot3	CCSBORF6699	1	CCSBORF53886	3AT	1	935G>A	0	NC_000020.11:487464:C:T	CCSBVarC024400	ENSP00000217244.3:p.Arg312Gln	CSNK2A1	ENSG00000101266	TLE5
pilot3	CCSBORF6699	1	CCSBORF100070339	3AT	1	REF	1547	NULL	NULL	NULL	CSNK2A1	ENSG00000101266	ATN1
pilot3	CCSBORF6699	1	CCSBORF100070339	3AT	1	1165G>A	1031	NC_000020.11:483971:C:T	CCSBVarC024455	ENSP00000217244.3:p.Ala389Thr	CSNK2A1	ENSG00000101266	ATN1
pilot3	CCSBORF6699	1	CCSBORF100070339	3AT	1	1172A>G	1037	NC_000020.11:483964:T:C	CCSBVarC024458	ENSP00000217244.3:p.Gln391Arg	CSNK2A1	ENSG00000101266	ATN1
pilot3	CCSBORF6699	1	CCSBORF100070339	3AT	1	139C>G	748	NC_000020.11:505191:G:C	CCSBVarC024315	ENSP00000217244.3:p.Arg47Gly	CSNK2A1	ENSG00000101266	ATN1
pilot3	CCSBORF6699	1	CCSBORF100070339	3AT	1	143G>A	20	NC_000020.11:505187:C:T	CCSBVarC024322	ENSP00000217244.3:p.Gly48Asp	CSNK2A1	ENSG00000101266	ATN1
pilot3	CCSBORF6699	1	CCSBORF100070339	3AT	1	149A>C	53	NC_000020.11:505181:T:G	CCSBVarC024324	ENSP00000217244.3:p.Tyr50Ser	CSNK2A1	ENSG00000101266	ATN1
pilot3	CCSBORF6699	1	CCSBORF100070339	3AT	1	154G>A	414	NC_000020.11:505176:C:T	CCSBVarC024328	ENSP00000217244.3:p.Glu52Lys	CSNK2A1	ENSG00000101266	ATN1
pilot3	CCSBORF6699	1	CCSBORF100070339	3AT	1	239G>A	6	NC_000020.11:499908:C:T	CCSBVarC024330	ENSP00000217244.3:p.Arg80His	CSNK2A1	ENSG00000101266	ATN1
pilot3	CCSBORF6699	1	CCSBORF100070339	3AT	1	242A>C	6	NC_000020.11:499905:T:G	CCSBVarC024331	ENSP00000217244.3:p.Glu81Ala	CSNK2A1	ENSG00000101266	ATN1
pilot3	CCSBORF6699	1	CCSBORF100070339	3AT	1	524A>G	20	NC_000020.11:492350:T:C	CCSBVarC024355	ENSP00000217244.3:p.Asp175Gly	CSNK2A1	ENSG00000101266	ATN1
pilot3	CCSBORF6699	1	CCSBORF100070339	3AT	1	529G>A	11	NC_000020.11:492345:C:T	CCSBVarC024361	ENSP00000217244.3:p.Gly177Ser	CSNK2A1	ENSG00000101266	ATN1
pilot3	CCSBORF6699	1	CCSBORF100070339	3AT	1	704G>T	4	NC_000020.11:489798:C:A	CCSBVarC024394	ENSP00000217244.3:p.Gly235Val	CSNK2A1	ENSG00000101266	ATN1
pilot3	CCSBORF6699	1	CCSBORF100070339	3AT	1	935G>A	16	NC_000020.11:487464:C:T	CCSBVarC024400	ENSP00000217244.3:p.Arg312Gln	CSNK2A1	ENSG00000101266	ATN1
pilot3	CCSBORF6699	1	CCSBORF71965	3AT	1	REF	3319	NULL	NULL	NULL	CSNK2A1	ENSG00000101266	CSNK2B
pilot3	CCSBORF6699	1	CCSBORF71965	3AT	1	1165G>A	640	NC_000020.11:483971:C:T	CCSBVarC024455	ENSP00000217244.3:p.Ala389Thr	CSNK2A1	ENSG00000101266	CSNK2B
pilot3	CCSBORF6699	1	CCSBORF71965	3AT	1	1172A>G	1025	NC_000020.11:483964:T:C	CCSBVarC024458	ENSP00000217244.3:p.Gln391Arg	CSNK2A1	ENSG00000101266	CSNK2B
pilot3	CCSBORF6699	1	CCSBORF71965	3AT	1	139C>G	2006	NC_000020.11:505191:G:C	CCSBVarC024315	ENSP00000217244.3:p.Arg47Gly	CSNK2A1	ENSG00000101266	CSNK2B
pilot3	CCSBORF6699	1	CCSBORF71965	3AT	1	143G>A	930	NC_000020.11:505187:C:T	CCSBVarC024322	ENSP00000217244.3:p.Gly48Asp	CSNK2A1	ENSG00000101266	CSNK2B
pilot3	CCSBORF6699	1	CCSBORF71965	3AT	1	149A>C	3533	NC_000020.11:505181:T:G	CCSBVarC024324	ENSP00000217244.3:p.Tyr50Ser	CSNK2A1	ENSG00000101266	CSNK2B
pilot3	CCSBORF6699	1	CCSBORF71965	3AT	1	154G>A	1855	NC_000020.11:505176:C:T	CCSBVarC024328	ENSP00000217244.3:p.Glu52Lys	CSNK2A1	ENSG00000101266	CSNK2B
pilot3	CCSBORF6699	1	CCSBORF71965	3AT	1	239G>A	1104	NC_000020.11:499908:C:T	CCSBVarC024330	ENSP00000217244.3:p.Arg80His	CSNK2A1	ENSG00000101266	CSNK2B
pilot3	CCSBORF6699	1	CCSBORF71965	3AT	1	242A>C	675	NC_000020.11:499905:T:G	CCSBVarC024331	ENSP00000217244.3:p.Glu81Ala	CSNK2A1	ENSG00000101266	CSNK2B
pilot3	CCSBORF6699	1	CCSBORF71965	3AT	1	524A>G	966	NC_000020.11:492350:T:C	CCSBVarC024355	ENSP00000217244.3:p.Asp175Gly	CSNK2A1	ENSG00000101266	CSNK2B
pilot3	CCSBORF6699	1	CCSBORF71965	3AT	1	529G>A	538	NC_000020.11:492345:C:T	CCSBVarC024361	ENSP00000217244.3:p.Gly177Ser	CSNK2A1	ENSG00000101266	CSNK2B
pilot3	CCSBORF6699	1	CCSBORF71965	3AT	1	704G>T	78	NC_000020.11:489798:C:A	CCSBVarC024394	ENSP00000217244.3:p.Gly235Val	CSNK2A1	ENSG00000101266	CSNK2B
pilot3	CCSBORF6699	1	CCSBORF71965	3AT	1	935G>A	67	NC_000020.11:487464:C:T	CCSBVarC024400	ENSP00000217244.3:p.Arg312Gln	CSNK2A1	ENSG00000101266	CSNK2B
pilot3	CCSBORF6699	1	CCSBORF100015459	3AT	1	REF	6	NULL	NULL	NULL	CSNK2A1	ENSG00000101266	CT45A1
pilot3	CCSBORF6699	1	CCSBORF100015459	3AT	1	1165G>A	409	NC_000020.11:483971:C:T	CCSBVarC024455	ENSP00000217244.3:p.Ala389Thr	CSNK2A1	ENSG00000101266	CT45A1
pilot3	CCSBORF6699	1	CCSBORF100015459	3AT	1	1172A>G	0	NC_000020.11:483964:T:C	CCSBVarC024458	ENSP00000217244.3:p.Gln391Arg	CSNK2A1	ENSG00000101266	CT45A1
pilot3	CCSBORF6699	1	CCSBORF100015459	3AT	1	139C>G	635	NC_000020.11:505191:G:C	CCSBVarC024315	ENSP00000217244.3:p.Arg47Gly	CSNK2A1	ENSG00000101266	CT45A1
pilot3	CCSBORF6699	1	CCSBORF100015459	3AT	1	143G>A	2	NC_000020.11:505187:C:T	CCSBVarC024322	ENSP00000217244.3:p.Gly48Asp	CSNK2A1	ENSG00000101266	CT45A1
pilot3	CCSBORF6699	1	CCSBORF100015459	3AT	1	149A>C	35	NC_000020.11:505181:T:G	CCSBVarC024324	ENSP00000217244.3:p.Tyr50Ser	CSNK2A1	ENSG00000101266	CT45A1
pilot3	CCSBORF6699	1	CCSBORF100015459	3AT	1	154G>A	82	NC_000020.11:505176:C:T	CCSBVarC024328	ENSP00000217244.3:p.Glu52Lys	CSNK2A1	ENSG00000101266	CT45A1
pilot3	CCSBORF6699	1	CCSBORF100015459	3AT	1	239G>A	4	NC_000020.11:499908:C:T	CCSBVarC024330	ENSP00000217244.3:p.Arg80His	CSNK2A1	ENSG00000101266	CT45A1
pilot3	CCSBORF6699	1	CCSBORF100015459	3AT	1	242A>C	1	NC_000020.11:499905:T:G	CCSBVarC024331	ENSP00000217244.3:p.Glu81Ala	CSNK2A1	ENSG00000101266	CT45A1
pilot3	CCSBORF6699	1	CCSBORF100015459	3AT	1	524A>G	512	NC_000020.11:492350:T:C	CCSBVarC024355	ENSP00000217244.3:p.Asp175Gly	CSNK2A1	ENSG00000101266	CT45A1
pilot3	CCSBORF6699	1	CCSBORF100015459	3AT	1	529G>A	2	NC_000020.11:492345:C:T	CCSBVarC024361	ENSP00000217244.3:p.Gly177Ser	CSNK2A1	ENSG00000101266	CT45A1
pilot3	CCSBORF6699	1	CCSBORF100015459	3AT	1	704G>T	2	NC_000020.11:489798:C:A	CCSBVarC024394	ENSP00000217244.3:p.Gly235Val	CSNK2A1	ENSG00000101266	CT45A1
pilot3	CCSBORF6699	1	CCSBORF100015459	3AT	1	935G>A	3	NC_000020.11:487464:C:T	CCSBVarC024400	ENSP00000217244.3:p.Arg312Gln	CSNK2A1	ENSG00000101266	CT45A1
pilot3	CCSBORF6699	1	CCSBORF55475	3AT	1	REF	294	NULL	NULL	NULL	CSNK2A1	ENSG00000101266	FCHO1
pilot3	CCSBORF6699	1	CCSBORF55475	3AT	1	1165G>A	148	NC_000020.11:483971:C:T	CCSBVarC024455	ENSP00000217244.3:p.Ala389Thr	CSNK2A1	ENSG00000101266	FCHO1
pilot3	CCSBORF6699	1	CCSBORF55475	3AT	1	1172A>G	194	NC_000020.11:483964:T:C	CCSBVarC024458	ENSP00000217244.3:p.Gln391Arg	CSNK2A1	ENSG00000101266	FCHO1
pilot3	CCSBORF6699	1	CCSBORF55475	3AT	1	139C>G	50	NC_000020.11:505191:G:C	CCSBVarC024315	ENSP00000217244.3:p.Arg47Gly	CSNK2A1	ENSG00000101266	FCHO1
pilot3	CCSBORF6699	1	CCSBORF55475	3AT	1	143G>A	91	NC_000020.11:505187:C:T	CCSBVarC024322	ENSP00000217244.3:p.Gly48Asp	CSNK2A1	ENSG00000101266	FCHO1
pilot3	CCSBORF6699	1	CCSBORF55475	3AT	1	149A>C	93	NC_000020.11:505181:T:G	CCSBVarC024324	ENSP00000217244.3:p.Tyr50Ser	CSNK2A1	ENSG00000101266	FCHO1
pilot3	CCSBORF6699	1	CCSBORF55475	3AT	1	154G>A	117	NC_000020.11:505176:C:T	CCSBVarC024328	ENSP00000217244.3:p.Glu52Lys	CSNK2A1	ENSG00000101266	FCHO1
pilot3	CCSBORF6699	1	CCSBORF55475	3AT	1	239G>A	207	NC_000020.11:499908:C:T	CCSBVarC024330	ENSP00000217244.3:p.Arg80His	CSNK2A1	ENSG00000101266	FCHO1
pilot3	CCSBORF6699	1	CCSBORF55475	3AT	1	242A>C	44	NC_000020.11:499905:T:G	CCSBVarC024331	ENSP00000217244.3:p.Glu81Ala	CSNK2A1	ENSG00000101266	FCHO1
pilot3	CCSBORF6699	1	CCSBORF55475	3AT	1	524A>G	96	NC_000020.11:492350:T:C	CCSBVarC024355	ENSP00000217244.3:p.Asp175Gly	CSNK2A1	ENSG00000101266	FCHO1
pilot3	CCSBORF6699	1	CCSBORF55475	3AT	1	529G>A	83	NC_000020.11:492345:C:T	CCSBVarC024361	ENSP00000217244.3:p.Gly177Ser	CSNK2A1	ENSG00000101266	FCHO1
pilot3	CCSBORF6699	1	CCSBORF55475	3AT	1	704G>T	1	NC_000020.11:489798:C:A	CCSBVarC024394	ENSP00000217244.3:p.Gly235Val	CSNK2A1	ENSG00000101266	FCHO1
pilot3	CCSBORF6699	1	CCSBORF55475	3AT	1	935G>A	3	NC_000020.11:487464:C:T	CCSBVarC024400	ENSP00000217244.3:p.Arg312Gln	CSNK2A1	ENSG00000101266	FCHO1
pilot3	CCSBORF6699	1	CCSBORF11579	3AT	1	REF	2357	NULL	NULL	NULL	CSNK2A1	ENSG00000101266	HOXC4
pilot3	CCSBORF6699	1	CCSBORF11579	3AT	1	1165G>A	3012	NC_000020.11:483971:C:T	CCSBVarC024455	ENSP00000217244.3:p.Ala389Thr	CSNK2A1	ENSG00000101266	HOXC4
pilot3	CCSBORF6699	1	CCSBORF11579	3AT	1	1172A>G	83	NC_000020.11:483964:T:C	CCSBVarC024458	ENSP00000217244.3:p.Gln391Arg	CSNK2A1	ENSG00000101266	HOXC4
pilot3	CCSBORF6699	1	CCSBORF11579	3AT	1	139C>G	2329	NC_000020.11:505191:G:C	CCSBVarC024315	ENSP00000217244.3:p.Arg47Gly	CSNK2A1	ENSG00000101266	HOXC4
pilot3	CCSBORF6699	1	CCSBORF11579	3AT	1	143G>A	900	NC_000020.11:505187:C:T	CCSBVarC024322	ENSP00000217244.3:p.Gly48Asp	CSNK2A1	ENSG00000101266	HOXC4
pilot3	CCSBORF6699	1	CCSBORF11579	3AT	1	149A>C	846	NC_000020.11:505181:T:G	CCSBVarC024324	ENSP00000217244.3:p.Tyr50Ser	CSNK2A1	ENSG00000101266	HOXC4
pilot3	CCSBORF6699	1	CCSBORF11579	3AT	1	154G>A	3236	NC_000020.11:505176:C:T	CCSBVarC024328	ENSP00000217244.3:p.Glu52Lys	CSNK2A1	ENSG00000101266	HOXC4
pilot3	CCSBORF6699	1	CCSBORF11579	3AT	1	239G>A	42	NC_000020.11:499908:C:T	CCSBVarC024330	ENSP00000217244.3:p.Arg80His	CSNK2A1	ENSG00000101266	HOXC4
pilot3	CCSBORF6699	1	CCSBORF11579	3AT	1	242A>C	0	NC_000020.11:499905:T:G	CCSBVarC024331	ENSP00000217244.3:p.Glu81Ala	CSNK2A1	ENSG00000101266	HOXC4
pilot3	CCSBORF6699	1	CCSBORF11579	3AT	1	524A>G	1380	NC_000020.11:492350:T:C	CCSBVarC024355	ENSP00000217244.3:p.Asp175Gly	CSNK2A1	ENSG00000101266	HOXC4
pilot3	CCSBORF6699	1	CCSBORF11579	3AT	1	529G>A	9	NC_000020.11:492345:C:T	CCSBVarC024361	ENSP00000217244.3:p.Gly177Ser	CSNK2A1	ENSG00000101266	HOXC4
pilot3	CCSBORF6699	1	CCSBORF11579	3AT	1	704G>T	2	NC_000020.11:489798:C:A	CCSBVarC024394	ENSP00000217244.3:p.Gly235Val	CSNK2A1	ENSG00000101266	HOXC4
pilot3	CCSBORF6699	1	CCSBORF11579	3AT	1	935G>A	7	NC_000020.11:487464:C:T	CCSBVarC024400	ENSP00000217244.3:p.Arg312Gln	CSNK2A1	ENSG00000101266	HOXC4
pilot3	CCSBORF6699	1	CCSBORF12437	3AT	1	REF	11107	NULL	NULL	NULL	CSNK2A1	ENSG00000101266	JADE2
pilot3	CCSBORF6699	1	CCSBORF12437	3AT	1	1165G>A	7810	NC_000020.11:483971:C:T	CCSBVarC024455	ENSP00000217244.3:p.Ala389Thr	CSNK2A1	ENSG00000101266	JADE2
pilot3	CCSBORF6699	1	CCSBORF12437	3AT	1	1172A>G	4340	NC_000020.11:483964:T:C	CCSBVarC024458	ENSP00000217244.3:p.Gln391Arg	CSNK2A1	ENSG00000101266	JADE2
pilot3	CCSBORF6699	1	CCSBORF12437	3AT	1	139C>G	2503	NC_000020.11:505191:G:C	CCSBVarC024315	ENSP00000217244.3:p.Arg47Gly	CSNK2A1	ENSG00000101266	JADE2
pilot3	CCSBORF6699	1	CCSBORF12437	3AT	1	143G>A	1099	NC_000020.11:505187:C:T	CCSBVarC024322	ENSP00000217244.3:p.Gly48Asp	CSNK2A1	ENSG00000101266	JADE2
pilot3	CCSBORF6699	1	CCSBORF12437	3AT	1	149A>C	2233	NC_000020.11:505181:T:G	CCSBVarC024324	ENSP00000217244.3:p.Tyr50Ser	CSNK2A1	ENSG00000101266	JADE2
pilot3	CCSBORF6699	1	CCSBORF12437	3AT	1	154G>A	102	NC_000020.11:505176:C:T	CCSBVarC024328	ENSP00000217244.3:p.Glu52Lys	CSNK2A1	ENSG00000101266	JADE2
pilot3	CCSBORF6699	1	CCSBORF12437	3AT	1	239G>A	212	NC_000020.11:499908:C:T	CCSBVarC024330	ENSP00000217244.3:p.Arg80His	CSNK2A1	ENSG00000101266	JADE2
pilot3	CCSBORF6699	1	CCSBORF12437	3AT	1	242A>C	359	NC_000020.11:499905:T:G	CCSBVarC024331	ENSP00000217244.3:p.Glu81Ala	CSNK2A1	ENSG00000101266	JADE2
pilot3	CCSBORF6699	1	CCSBORF12437	3AT	1	524A>G	1614	NC_000020.11:492350:T:C	CCSBVarC024355	ENSP00000217244.3:p.Asp175Gly	CSNK2A1	ENSG00000101266	JADE2
pilot3	CCSBORF6699	1	CCSBORF12437	3AT	1	529G>A	329	NC_000020.11:492345:C:T	CCSBVarC024361	ENSP00000217244.3:p.Gly177Ser	CSNK2A1	ENSG00000101266	JADE2
pilot3	CCSBORF6699	1	CCSBORF12437	3AT	1	704G>T	48	NC_000020.11:489798:C:A	CCSBVarC024394	ENSP00000217244.3:p.Gly235Val	CSNK2A1	ENSG00000101266	JADE2
pilot3	CCSBORF6699	1	CCSBORF12437	3AT	1	935G>A	62	NC_000020.11:487464:C:T	CCSBVarC024400	ENSP00000217244.3:p.Arg312Gln	CSNK2A1	ENSG00000101266	JADE2
pilot3	CCSBORF6699	1	CCSBORF244	3AT	1	REF	9537	NULL	NULL	NULL	CSNK2A1	ENSG00000101266	KEAP1
pilot3	CCSBORF6699	1	CCSBORF244	3AT	1	1165G>A	2883	NC_000020.11:483971:C:T	CCSBVarC024455	ENSP00000217244.3:p.Ala389Thr	CSNK2A1	ENSG00000101266	KEAP1
pilot3	CCSBORF6699	1	CCSBORF244	3AT	1	1172A>G	2501	NC_000020.11:483964:T:C	CCSBVarC024458	ENSP00000217244.3:p.Gln391Arg	CSNK2A1	ENSG00000101266	KEAP1
pilot3	CCSBORF6699	1	CCSBORF244	3AT	1	139C>G	11672	NC_000020.11:505191:G:C	CCSBVarC024315	ENSP00000217244.3:p.Arg47Gly	CSNK2A1	ENSG00000101266	KEAP1
pilot3	CCSBORF6699	1	CCSBORF244	3AT	1	143G>A	2995	NC_000020.11:505187:C:T	CCSBVarC024322	ENSP00000217244.3:p.Gly48Asp	CSNK2A1	ENSG00000101266	KEAP1
pilot3	CCSBORF6699	1	CCSBORF244	3AT	1	149A>C	3603	NC_000020.11:505181:T:G	CCSBVarC024324	ENSP00000217244.3:p.Tyr50Ser	CSNK2A1	ENSG00000101266	KEAP1
pilot3	CCSBORF6699	1	CCSBORF244	3AT	1	154G>A	211	NC_000020.11:505176:C:T	CCSBVarC024328	ENSP00000217244.3:p.Glu52Lys	CSNK2A1	ENSG00000101266	KEAP1
pilot3	CCSBORF6699	1	CCSBORF244	3AT	1	239G>A	80	NC_000020.11:499908:C:T	CCSBVarC024330	ENSP00000217244.3:p.Arg80His	CSNK2A1	ENSG00000101266	KEAP1
pilot3	CCSBORF6699	1	CCSBORF244	3AT	1	242A>C	229	NC_000020.11:499905:T:G	CCSBVarC024331	ENSP00000217244.3:p.Glu81Ala	CSNK2A1	ENSG00000101266	KEAP1
pilot3	CCSBORF6699	1	CCSBORF244	3AT	1	524A>G	4599	NC_000020.11:492350:T:C	CCSBVarC024355	ENSP00000217244.3:p.Asp175Gly	CSNK2A1	ENSG00000101266	KEAP1
pilot3	CCSBORF6699	1	CCSBORF244	3AT	1	529G>A	499	NC_000020.11:492345:C:T	CCSBVarC024361	ENSP00000217244.3:p.Gly177Ser	CSNK2A1	ENSG00000101266	KEAP1
pilot3	CCSBORF6699	1	CCSBORF244	3AT	1	704G>T	115	NC_000020.11:489798:C:A	CCSBVarC024394	ENSP00000217244.3:p.Gly235Val	CSNK2A1	ENSG00000101266	KEAP1
pilot3	CCSBORF6699	1	CCSBORF244	3AT	1	935G>A	247	NC_000020.11:487464:C:T	CCSBVarC024400	ENSP00000217244.3:p.Arg312Gln	CSNK2A1	ENSG00000101266	KEAP1
pilot3	CCSBORF6699	1	CCSBORF52949	3AT	1	REF	3481	NULL	NULL	NULL	CSNK2A1	ENSG00000101266	KIF24
pilot3	CCSBORF6699	1	CCSBORF52949	3AT	1	1165G>A	685	NC_000020.11:483971:C:T	CCSBVarC024455	ENSP00000217244.3:p.Ala389Thr	CSNK2A1	ENSG00000101266	KIF24
pilot3	CCSBORF6699	1	CCSBORF52949	3AT	1	1172A>G	344	NC_000020.11:483964:T:C	CCSBVarC024458	ENSP00000217244.3:p.Gln391Arg	CSNK2A1	ENSG00000101266	KIF24
pilot3	CCSBORF6699	1	CCSBORF52949	3AT	1	139C>G	982	NC_000020.11:505191:G:C	CCSBVarC024315	ENSP00000217244.3:p.Arg47Gly	CSNK2A1	ENSG00000101266	KIF24
pilot3	CCSBORF6699	1	CCSBORF52949	3AT	1	143G>A	1190	NC_000020.11:505187:C:T	CCSBVarC024322	ENSP00000217244.3:p.Gly48Asp	CSNK2A1	ENSG00000101266	KIF24
pilot3	CCSBORF6699	1	CCSBORF52949	3AT	1	149A>C	751	NC_000020.11:505181:T:G	CCSBVarC024324	ENSP00000217244.3:p.Tyr50Ser	CSNK2A1	ENSG00000101266	KIF24
pilot3	CCSBORF6699	1	CCSBORF52949	3AT	1	154G>A	59	NC_000020.11:505176:C:T	CCSBVarC024328	ENSP00000217244.3:p.Glu52Lys	CSNK2A1	ENSG00000101266	KIF24
pilot3	CCSBORF6699	1	CCSBORF52949	3AT	1	239G>A	426	NC_000020.11:499908:C:T	CCSBVarC024330	ENSP00000217244.3:p.Arg80His	CSNK2A1	ENSG00000101266	KIF24
pilot3	CCSBORF6699	1	CCSBORF52949	3AT	1	242A>C	700	NC_000020.11:499905:T:G	CCSBVarC024331	ENSP00000217244.3:p.Glu81Ala	CSNK2A1	ENSG00000101266	KIF24
pilot3	CCSBORF6699	1	CCSBORF52949	3AT	1	524A>G	9169	NC_000020.11:492350:T:C	CCSBVarC024355	ENSP00000217244.3:p.Asp175Gly	CSNK2A1	ENSG00000101266	KIF24
pilot3	CCSBORF6699	1	CCSBORF52949	3AT	1	529G>A	1480	NC_000020.11:492345:C:T	CCSBVarC024361	ENSP00000217244.3:p.Gly177Ser	CSNK2A1	ENSG00000101266	KIF24
pilot3	CCSBORF6699	1	CCSBORF52949	3AT	1	704G>T	12	NC_000020.11:489798:C:A	CCSBVarC024394	ENSP00000217244.3:p.Gly235Val	CSNK2A1	ENSG00000101266	KIF24
pilot3	CCSBORF6699	1	CCSBORF52949	3AT	1	935G>A	36	NC_000020.11:487464:C:T	CCSBVarC024400	ENSP00000217244.3:p.Arg312Gln	CSNK2A1	ENSG00000101266	KIF24
pilot3	CCSBORF6699	1	CCSBORF100016058	3AT	1	REF	6810	NULL	NULL	NULL	CSNK2A1	ENSG00000101266	LHX3
pilot3	CCSBORF6699	1	CCSBORF100016058	3AT	1	1165G>A	2606	NC_000020.11:483971:C:T	CCSBVarC024455	ENSP00000217244.3:p.Ala389Thr	CSNK2A1	ENSG00000101266	LHX3
pilot3	CCSBORF6699	1	CCSBORF100016058	3AT	1	1172A>G	426	NC_000020.11:483964:T:C	CCSBVarC024458	ENSP00000217244.3:p.Gln391Arg	CSNK2A1	ENSG00000101266	LHX3
pilot3	CCSBORF6699	1	CCSBORF100016058	3AT	1	139C>G	1038	NC_000020.11:505191:G:C	CCSBVarC024315	ENSP00000217244.3:p.Arg47Gly	CSNK2A1	ENSG00000101266	LHX3
pilot3	CCSBORF6699	1	CCSBORF100016058	3AT	1	143G>A	2467	NC_000020.11:505187:C:T	CCSBVarC024322	ENSP00000217244.3:p.Gly48Asp	CSNK2A1	ENSG00000101266	LHX3
pilot3	CCSBORF6699	1	CCSBORF100016058	3AT	1	149A>C	1097	NC_000020.11:505181:T:G	CCSBVarC024324	ENSP00000217244.3:p.Tyr50Ser	CSNK2A1	ENSG00000101266	LHX3
pilot3	CCSBORF6699	1	CCSBORF100016058	3AT	1	154G>A	2189	NC_000020.11:505176:C:T	CCSBVarC024328	ENSP00000217244.3:p.Glu52Lys	CSNK2A1	ENSG00000101266	LHX3
pilot3	CCSBORF6699	1	CCSBORF100016058	3AT	1	239G>A	469	NC_000020.11:499908:C:T	CCSBVarC024330	ENSP00000217244.3:p.Arg80His	CSNK2A1	ENSG00000101266	LHX3
pilot3	CCSBORF6699	1	CCSBORF100016058	3AT	1	242A>C	1440	NC_000020.11:499905:T:G	CCSBVarC024331	ENSP00000217244.3:p.Glu81Ala	CSNK2A1	ENSG00000101266	LHX3
pilot3	CCSBORF6699	1	CCSBORF100016058	3AT	1	524A>G	3231	NC_000020.11:492350:T:C	CCSBVarC024355	ENSP00000217244.3:p.Asp175Gly	CSNK2A1	ENSG00000101266	LHX3
pilot3	CCSBORF6699	1	CCSBORF100016058	3AT	1	529G>A	1564	NC_000020.11:492345:C:T	CCSBVarC024361	ENSP00000217244.3:p.Gly177Ser	CSNK2A1	ENSG00000101266	LHX3
pilot3	CCSBORF6699	1	CCSBORF100016058	3AT	1	704G>T	25	NC_000020.11:489798:C:A	CCSBVarC024394	ENSP00000217244.3:p.Gly235Val	CSNK2A1	ENSG00000101266	LHX3
pilot3	CCSBORF6699	1	CCSBORF100016058	3AT	1	935G>A	61	NC_000020.11:487464:C:T	CCSBVarC024400	ENSP00000217244.3:p.Arg312Gln	CSNK2A1	ENSG00000101266	LHX3
pilot3	CCSBORF6699	1	CCSBORF14087	3AT	1	REF	7165	NULL	NULL	NULL	CSNK2A1	ENSG00000101266	LHX8
pilot3	CCSBORF6699	1	CCSBORF14087	3AT	1	1165G>A	2008	NC_000020.11:483971:C:T	CCSBVarC024455	ENSP00000217244.3:p.Ala389Thr	CSNK2A1	ENSG00000101266	LHX8
pilot3	CCSBORF6699	1	CCSBORF14087	3AT	1	1172A>G	946	NC_000020.11:483964:T:C	CCSBVarC024458	ENSP00000217244.3:p.Gln391Arg	CSNK2A1	ENSG00000101266	LHX8
pilot3	CCSBORF6699	1	CCSBORF14087	3AT	1	139C>G	5200	NC_000020.11:505191:G:C	CCSBVarC024315	ENSP00000217244.3:p.Arg47Gly	CSNK2A1	ENSG00000101266	LHX8
pilot3	CCSBORF6699	1	CCSBORF14087	3AT	1	143G>A	387	NC_000020.11:505187:C:T	CCSBVarC024322	ENSP00000217244.3:p.Gly48Asp	CSNK2A1	ENSG00000101266	LHX8
pilot3	CCSBORF6699	1	CCSBORF14087	3AT	1	149A>C	5278	NC_000020.11:505181:T:G	CCSBVarC024324	ENSP00000217244.3:p.Tyr50Ser	CSNK2A1	ENSG00000101266	LHX8
pilot3	CCSBORF6699	1	CCSBORF14087	3AT	1	154G>A	2172	NC_000020.11:505176:C:T	CCSBVarC024328	ENSP00000217244.3:p.Glu52Lys	CSNK2A1	ENSG00000101266	LHX8
pilot3	CCSBORF6699	1	CCSBORF14087	3AT	1	239G>A	719	NC_000020.11:499908:C:T	CCSBVarC024330	ENSP00000217244.3:p.Arg80His	CSNK2A1	ENSG00000101266	LHX8
pilot3	CCSBORF6699	1	CCSBORF14087	3AT	1	242A>C	216	NC_000020.11:499905:T:G	CCSBVarC024331	ENSP00000217244.3:p.Glu81Ala	CSNK2A1	ENSG00000101266	LHX8
pilot3	CCSBORF6699	1	CCSBORF14087	3AT	1	524A>G	3206	NC_000020.11:492350:T:C	CCSBVarC024355	ENSP00000217244.3:p.Asp175Gly	CSNK2A1	ENSG00000101266	LHX8
pilot3	CCSBORF6699	1	CCSBORF14087	3AT	1	529G>A	497	NC_000020.11:492345:C:T	CCSBVarC024361	ENSP00000217244.3:p.Gly177Ser	CSNK2A1	ENSG00000101266	LHX8
pilot3	CCSBORF6699	1	CCSBORF14087	3AT	1	704G>T	2	NC_000020.11:489798:C:A	CCSBVarC024394	ENSP00000217244.3:p.Gly235Val	CSNK2A1	ENSG00000101266	LHX8
pilot3	CCSBORF6699	1	CCSBORF14087	3AT	1	935G>A	59	NC_000020.11:487464:C:T	CCSBVarC024400	ENSP00000217244.3:p.Arg312Gln	CSNK2A1	ENSG00000101266	LHX8
pilot3	CCSBORF6699	1	CCSBORF56631	3AT	1	REF	0	NULL	NULL	NULL	CSNK2A1	ENSG00000101266	LHX9
pilot3	CCSBORF6699	1	CCSBORF56631	3AT	1	1165G>A	1	NC_000020.11:483971:C:T	CCSBVarC024455	ENSP00000217244.3:p.Ala389Thr	CSNK2A1	ENSG00000101266	LHX9
pilot3	CCSBORF6699	1	CCSBORF56631	3AT	1	1172A>G	0	NC_000020.11:483964:T:C	CCSBVarC024458	ENSP00000217244.3:p.Gln391Arg	CSNK2A1	ENSG00000101266	LHX9
pilot3	CCSBORF6699	1	CCSBORF56631	3AT	1	139C>G	0	NC_000020.11:505191:G:C	CCSBVarC024315	ENSP00000217244.3:p.Arg47Gly	CSNK2A1	ENSG00000101266	LHX9
pilot3	CCSBORF6699	1	CCSBORF56631	3AT	1	143G>A	1	NC_000020.11:505187:C:T	CCSBVarC024322	ENSP00000217244.3:p.Gly48Asp	CSNK2A1	ENSG00000101266	LHX9
pilot3	CCSBORF6699	1	CCSBORF56631	3AT	1	149A>C	1	NC_000020.11:505181:T:G	CCSBVarC024324	ENSP00000217244.3:p.Tyr50Ser	CSNK2A1	ENSG00000101266	LHX9
pilot3	CCSBORF6699	1	CCSBORF56631	3AT	1	154G>A	0	NC_000020.11:505176:C:T	CCSBVarC024328	ENSP00000217244.3:p.Glu52Lys	CSNK2A1	ENSG00000101266	LHX9
pilot3	CCSBORF6699	1	CCSBORF56631	3AT	1	239G>A	0	NC_000020.11:499908:C:T	CCSBVarC024330	ENSP00000217244.3:p.Arg80His	CSNK2A1	ENSG00000101266	LHX9
pilot3	CCSBORF6699	1	CCSBORF56631	3AT	1	242A>C	0	NC_000020.11:499905:T:G	CCSBVarC024331	ENSP00000217244.3:p.Glu81Ala	CSNK2A1	ENSG00000101266	LHX9
pilot3	CCSBORF6699	1	CCSBORF56631	3AT	1	524A>G	1	NC_000020.11:492350:T:C	CCSBVarC024355	ENSP00000217244.3:p.Asp175Gly	CSNK2A1	ENSG00000101266	LHX9
pilot3	CCSBORF6699	1	CCSBORF56631	3AT	1	529G>A	0	NC_000020.11:492345:C:T	CCSBVarC024361	ENSP00000217244.3:p.Gly177Ser	CSNK2A1	ENSG00000101266	LHX9
pilot3	CCSBORF6699	1	CCSBORF56631	3AT	1	704G>T	0	NC_000020.11:489798:C:A	CCSBVarC024394	ENSP00000217244.3:p.Gly235Val	CSNK2A1	ENSG00000101266	LHX9
pilot3	CCSBORF6699	1	CCSBORF56631	3AT	1	935G>A	1	NC_000020.11:487464:C:T	CCSBVarC024400	ENSP00000217244.3:p.Arg312Gln	CSNK2A1	ENSG00000101266	LHX9
pilot3	CCSBORF6699	1	CCSBORF13795	3AT	1	REF	7532	NULL	NULL	NULL	CSNK2A1	ENSG00000101266	MEOX1
pilot3	CCSBORF6699	1	CCSBORF13795	3AT	1	1165G>A	2622	NC_000020.11:483971:C:T	CCSBVarC024455	ENSP00000217244.3:p.Ala389Thr	CSNK2A1	ENSG00000101266	MEOX1
pilot3	CCSBORF6699	1	CCSBORF13795	3AT	1	1172A>G	573	NC_000020.11:483964:T:C	CCSBVarC024458	ENSP00000217244.3:p.Gln391Arg	CSNK2A1	ENSG00000101266	MEOX1
pilot3	CCSBORF6699	1	CCSBORF13795	3AT	1	139C>G	4102	NC_000020.11:505191:G:C	CCSBVarC024315	ENSP00000217244.3:p.Arg47Gly	CSNK2A1	ENSG00000101266	MEOX1
pilot3	CCSBORF6699	1	CCSBORF13795	3AT	1	143G>A	1327	NC_000020.11:505187:C:T	CCSBVarC024322	ENSP00000217244.3:p.Gly48Asp	CSNK2A1	ENSG00000101266	MEOX1
pilot3	CCSBORF6699	1	CCSBORF13795	3AT	1	149A>C	2085	NC_000020.11:505181:T:G	CCSBVarC024324	ENSP00000217244.3:p.Tyr50Ser	CSNK2A1	ENSG00000101266	MEOX1
pilot3	CCSBORF6699	1	CCSBORF13795	3AT	1	154G>A	378	NC_000020.11:505176:C:T	CCSBVarC024328	ENSP00000217244.3:p.Glu52Lys	CSNK2A1	ENSG00000101266	MEOX1
pilot3	CCSBORF6699	1	CCSBORF13795	3AT	1	239G>A	316	NC_000020.11:499908:C:T	CCSBVarC024330	ENSP00000217244.3:p.Arg80His	CSNK2A1	ENSG00000101266	MEOX1
pilot3	CCSBORF6699	1	CCSBORF13795	3AT	1	242A>C	176	NC_000020.11:499905:T:G	CCSBVarC024331	ENSP00000217244.3:p.Glu81Ala	CSNK2A1	ENSG00000101266	MEOX1
pilot3	CCSBORF6699	1	CCSBORF13795	3AT	1	524A>G	5162	NC_000020.11:492350:T:C	CCSBVarC024355	ENSP00000217244.3:p.Asp175Gly	CSNK2A1	ENSG00000101266	MEOX1
pilot3	CCSBORF6699	1	CCSBORF13795	3AT	1	529G>A	627	NC_000020.11:492345:C:T	CCSBVarC024361	ENSP00000217244.3:p.Gly177Ser	CSNK2A1	ENSG00000101266	MEOX1
pilot3	CCSBORF6699	1	CCSBORF13795	3AT	1	704G>T	2	NC_000020.11:489798:C:A	CCSBVarC024394	ENSP00000217244.3:p.Gly235Val	CSNK2A1	ENSG00000101266	MEOX1
pilot3	CCSBORF6699	1	CCSBORF13795	3AT	1	935G>A	39	NC_000020.11:487464:C:T	CCSBVarC024400	ENSP00000217244.3:p.Arg312Gln	CSNK2A1	ENSG00000101266	MEOX1
pilot3	CCSBORF6699	1	CCSBORF824	3AT	1	REF	5489	NULL	NULL	NULL	CSNK2A1	ENSG00000101266	MEOX2
pilot3	CCSBORF6699	1	CCSBORF824	3AT	1	1165G>A	2948	NC_000020.11:483971:C:T	CCSBVarC024455	ENSP00000217244.3:p.Ala389Thr	CSNK2A1	ENSG00000101266	MEOX2
pilot3	CCSBORF6699	1	CCSBORF824	3AT	1	1172A>G	1103	NC_000020.11:483964:T:C	CCSBVarC024458	ENSP00000217244.3:p.Gln391Arg	CSNK2A1	ENSG00000101266	MEOX2
pilot3	CCSBORF6699	1	CCSBORF824	3AT	1	139C>G	3137	NC_000020.11:505191:G:C	CCSBVarC024315	ENSP00000217244.3:p.Arg47Gly	CSNK2A1	ENSG00000101266	MEOX2
pilot3	CCSBORF6699	1	CCSBORF824	3AT	1	143G>A	517	NC_000020.11:505187:C:T	CCSBVarC024322	ENSP00000217244.3:p.Gly48Asp	CSNK2A1	ENSG00000101266	MEOX2
pilot3	CCSBORF6699	1	CCSBORF824	3AT	1	149A>C	1959	NC_000020.11:505181:T:G	CCSBVarC024324	ENSP00000217244.3:p.Tyr50Ser	CSNK2A1	ENSG00000101266	MEOX2
pilot3	CCSBORF6699	1	CCSBORF824	3AT	1	154G>A	582	NC_000020.11:505176:C:T	CCSBVarC024328	ENSP00000217244.3:p.Glu52Lys	CSNK2A1	ENSG00000101266	MEOX2
pilot3	CCSBORF6699	1	CCSBORF824	3AT	1	239G>A	351	NC_000020.11:499908:C:T	CCSBVarC024330	ENSP00000217244.3:p.Arg80His	CSNK2A1	ENSG00000101266	MEOX2
pilot3	CCSBORF6699	1	CCSBORF824	3AT	1	242A>C	205	NC_000020.11:499905:T:G	CCSBVarC024331	ENSP00000217244.3:p.Glu81Ala	CSNK2A1	ENSG00000101266	MEOX2
pilot3	CCSBORF6699	1	CCSBORF824	3AT	1	524A>G	5656	NC_000020.11:492350:T:C	CCSBVarC024355	ENSP00000217244.3:p.Asp175Gly	CSNK2A1	ENSG00000101266	MEOX2
pilot3	CCSBORF6699	1	CCSBORF824	3AT	1	529G>A	357	NC_000020.11:492345:C:T	CCSBVarC024361	ENSP00000217244.3:p.Gly177Ser	CSNK2A1	ENSG00000101266	MEOX2
pilot3	CCSBORF6699	1	CCSBORF824	3AT	1	704G>T	30	NC_000020.11:489798:C:A	CCSBVarC024394	ENSP00000217244.3:p.Gly235Val	CSNK2A1	ENSG00000101266	MEOX2
pilot3	CCSBORF6699	1	CCSBORF824	3AT	1	935G>A	87	NC_000020.11:487464:C:T	CCSBVarC024400	ENSP00000217244.3:p.Arg312Gln	CSNK2A1	ENSG00000101266	MEOX2
pilot3	CCSBORF6699	1	CCSBORF2092	3AT	1	REF	2051	NULL	NULL	NULL	CSNK2A1	ENSG00000101266	NFYA
pilot3	CCSBORF6699	1	CCSBORF2092	3AT	1	1165G>A	1214	NC_000020.11:483971:C:T	CCSBVarC024455	ENSP00000217244.3:p.Ala389Thr	CSNK2A1	ENSG00000101266	NFYA
pilot3	CCSBORF6699	1	CCSBORF2092	3AT	1	1172A>G	26	NC_000020.11:483964:T:C	CCSBVarC024458	ENSP00000217244.3:p.Gln391Arg	CSNK2A1	ENSG00000101266	NFYA
pilot3	CCSBORF6699	1	CCSBORF2092	3AT	1	139C>G	62	NC_000020.11:505191:G:C	CCSBVarC024315	ENSP00000217244.3:p.Arg47Gly	CSNK2A1	ENSG00000101266	NFYA
pilot3	CCSBORF6699	1	CCSBORF2092	3AT	1	143G>A	613	NC_000020.11:505187:C:T	CCSBVarC024322	ENSP00000217244.3:p.Gly48Asp	CSNK2A1	ENSG00000101266	NFYA
pilot3	CCSBORF6699	1	CCSBORF2092	3AT	1	149A>C	38	NC_000020.11:505181:T:G	CCSBVarC024324	ENSP00000217244.3:p.Tyr50Ser	CSNK2A1	ENSG00000101266	NFYA
pilot3	CCSBORF6699	1	CCSBORF2092	3AT	1	154G>A	250	NC_000020.11:505176:C:T	CCSBVarC024328	ENSP00000217244.3:p.Glu52Lys	CSNK2A1	ENSG00000101266	NFYA
pilot3	CCSBORF6699	1	CCSBORF2092	3AT	1	239G>A	35	NC_000020.11:499908:C:T	CCSBVarC024330	ENSP00000217244.3:p.Arg80His	CSNK2A1	ENSG00000101266	NFYA
pilot3	CCSBORF6699	1	CCSBORF2092	3AT	1	242A>C	741	NC_000020.11:499905:T:G	CCSBVarC024331	ENSP00000217244.3:p.Glu81Ala	CSNK2A1	ENSG00000101266	NFYA
pilot3	CCSBORF6699	1	CCSBORF2092	3AT	1	524A>G	1371	NC_000020.11:492350:T:C	CCSBVarC024355	ENSP00000217244.3:p.Asp175Gly	CSNK2A1	ENSG00000101266	NFYA
pilot3	CCSBORF6699	1	CCSBORF2092	3AT	1	529G>A	725	NC_000020.11:492345:C:T	CCSBVarC024361	ENSP00000217244.3:p.Gly177Ser	CSNK2A1	ENSG00000101266	NFYA
pilot3	CCSBORF6699	1	CCSBORF2092	3AT	1	704G>T	10	NC_000020.11:489798:C:A	CCSBVarC024394	ENSP00000217244.3:p.Gly235Val	CSNK2A1	ENSG00000101266	NFYA
pilot3	CCSBORF6699	1	CCSBORF2092	3AT	1	935G>A	19	NC_000020.11:487464:C:T	CCSBVarC024400	ENSP00000217244.3:p.Arg312Gln	CSNK2A1	ENSG00000101266	NFYA
pilot3	CCSBORF6699	1	CCSBORF100061597	3AT	1	REF	5403	NULL	NULL	NULL	CSNK2A1	ENSG00000101266	PAX5
pilot3	CCSBORF6699	1	CCSBORF100061597	3AT	1	1165G>A	827	NC_000020.11:483971:C:T	CCSBVarC024455	ENSP00000217244.3:p.Ala389Thr	CSNK2A1	ENSG00000101266	PAX5
pilot3	CCSBORF6699	1	CCSBORF100061597	3AT	1	1172A>G	197	NC_000020.11:483964:T:C	CCSBVarC024458	ENSP00000217244.3:p.Gln391Arg	CSNK2A1	ENSG00000101266	PAX5
pilot3	CCSBORF6699	1	CCSBORF100061597	3AT	1	139C>G	9326	NC_000020.11:505191:G:C	CCSBVarC024315	ENSP00000217244.3:p.Arg47Gly	CSNK2A1	ENSG00000101266	PAX5
pilot3	CCSBORF6699	1	CCSBORF100061597	3AT	1	143G>A	379	NC_000020.11:505187:C:T	CCSBVarC024322	ENSP00000217244.3:p.Gly48Asp	CSNK2A1	ENSG00000101266	PAX5
pilot3	CCSBORF6699	1	CCSBORF100061597	3AT	1	149A>C	1168	NC_000020.11:505181:T:G	CCSBVarC024324	ENSP00000217244.3:p.Tyr50Ser	CSNK2A1	ENSG00000101266	PAX5
pilot3	CCSBORF6699	1	CCSBORF100061597	3AT	1	154G>A	33	NC_000020.11:505176:C:T	CCSBVarC024328	ENSP00000217244.3:p.Glu52Lys	CSNK2A1	ENSG00000101266	PAX5
pilot3	CCSBORF6699	1	CCSBORF100061597	3AT	1	239G>A	47	NC_000020.11:499908:C:T	CCSBVarC024330	ENSP00000217244.3:p.Arg80His	CSNK2A1	ENSG00000101266	PAX5
pilot3	CCSBORF6699	1	CCSBORF100061597	3AT	1	242A>C	31	NC_000020.11:499905:T:G	CCSBVarC024331	ENSP00000217244.3:p.Glu81Ala	CSNK2A1	ENSG00000101266	PAX5
pilot3	CCSBORF6699	1	CCSBORF100061597	3AT	1	524A>G	9615	NC_000020.11:492350:T:C	CCSBVarC024355	ENSP00000217244.3:p.Asp175Gly	CSNK2A1	ENSG00000101266	PAX5
pilot3	CCSBORF6699	1	CCSBORF100061597	3AT	1	529G>A	148	NC_000020.11:492345:C:T	CCSBVarC024361	ENSP00000217244.3:p.Gly177Ser	CSNK2A1	ENSG00000101266	PAX5
pilot3	CCSBORF6699	1	CCSBORF100061597	3AT	1	704G>T	3	NC_000020.11:489798:C:A	CCSBVarC024394	ENSP00000217244.3:p.Gly235Val	CSNK2A1	ENSG00000101266	PAX5
pilot3	CCSBORF6699	1	CCSBORF100061597	3AT	1	935G>A	29	NC_000020.11:487464:C:T	CCSBVarC024400	ENSP00000217244.3:p.Arg312Gln	CSNK2A1	ENSG00000101266	PAX5
pilot3	CCSBORF6699	1	CCSBORF100009072	3AT	1	REF	5798	NULL	NULL	NULL	CSNK2A1	ENSG00000101266	PAX6
pilot3	CCSBORF6699	1	CCSBORF100009072	3AT	1	1165G>A	1502	NC_000020.11:483971:C:T	CCSBVarC024455	ENSP00000217244.3:p.Ala389Thr	CSNK2A1	ENSG00000101266	PAX6
pilot3	CCSBORF6699	1	CCSBORF100009072	3AT	1	1172A>G	310	NC_000020.11:483964:T:C	CCSBVarC024458	ENSP00000217244.3:p.Gln391Arg	CSNK2A1	ENSG00000101266	PAX6
pilot3	CCSBORF6699	1	CCSBORF100009072	3AT	1	139C>G	6093	NC_000020.11:505191:G:C	CCSBVarC024315	ENSP00000217244.3:p.Arg47Gly	CSNK2A1	ENSG00000101266	PAX6
pilot3	CCSBORF6699	1	CCSBORF100009072	3AT	1	143G>A	1526	NC_000020.11:505187:C:T	CCSBVarC024322	ENSP00000217244.3:p.Gly48Asp	CSNK2A1	ENSG00000101266	PAX6
pilot3	CCSBORF6699	1	CCSBORF100009072	3AT	1	149A>C	1580	NC_000020.11:505181:T:G	CCSBVarC024324	ENSP00000217244.3:p.Tyr50Ser	CSNK2A1	ENSG00000101266	PAX6
pilot3	CCSBORF6699	1	CCSBORF100009072	3AT	1	154G>A	404	NC_000020.11:505176:C:T	CCSBVarC024328	ENSP00000217244.3:p.Glu52Lys	CSNK2A1	ENSG00000101266	PAX6
pilot3	CCSBORF6699	1	CCSBORF100009072	3AT	1	239G>A	319	NC_000020.11:499908:C:T	CCSBVarC024330	ENSP00000217244.3:p.Arg80His	CSNK2A1	ENSG00000101266	PAX6
pilot3	CCSBORF6699	1	CCSBORF100009072	3AT	1	242A>C	127	NC_000020.11:499905:T:G	CCSBVarC024331	ENSP00000217244.3:p.Glu81Ala	CSNK2A1	ENSG00000101266	PAX6
pilot3	CCSBORF6699	1	CCSBORF100009072	3AT	1	524A>G	5581	NC_000020.11:492350:T:C	CCSBVarC024355	ENSP00000217244.3:p.Asp175Gly	CSNK2A1	ENSG00000101266	PAX6
pilot3	CCSBORF6699	1	CCSBORF100009072	3AT	1	529G>A	266	NC_000020.11:492345:C:T	CCSBVarC024361	ENSP00000217244.3:p.Gly177Ser	CSNK2A1	ENSG00000101266	PAX6
pilot3	CCSBORF6699	1	CCSBORF100009072	3AT	1	704G>T	8	NC_000020.11:489798:C:A	CCSBVarC024394	ENSP00000217244.3:p.Gly235Val	CSNK2A1	ENSG00000101266	PAX6
pilot3	CCSBORF6699	1	CCSBORF100009072	3AT	1	935G>A	44	NC_000020.11:487464:C:T	CCSBVarC024400	ENSP00000217244.3:p.Arg312Gln	CSNK2A1	ENSG00000101266	PAX6
pilot3	CCSBORF6699	1	CCSBORF53942	3AT	1	REF	1049	NULL	NULL	NULL	CSNK2A1	ENSG00000101266	REL
pilot3	CCSBORF6699	1	CCSBORF53942	3AT	1	1165G>A	45	NC_000020.11:483971:C:T	CCSBVarC024455	ENSP00000217244.3:p.Ala389Thr	CSNK2A1	ENSG00000101266	REL
pilot3	CCSBORF6699	1	CCSBORF53942	3AT	1	1172A>G	16	NC_000020.11:483964:T:C	CCSBVarC024458	ENSP00000217244.3:p.Gln391Arg	CSNK2A1	ENSG00000101266	REL
pilot3	CCSBORF6699	1	CCSBORF53942	3AT	1	139C>G	75	NC_000020.11:505191:G:C	CCSBVarC024315	ENSP00000217244.3:p.Arg47Gly	CSNK2A1	ENSG00000101266	REL
pilot3	CCSBORF6699	1	CCSBORF53942	3AT	1	143G>A	33	NC_000020.11:505187:C:T	CCSBVarC024322	ENSP00000217244.3:p.Gly48Asp	CSNK2A1	ENSG00000101266	REL
pilot3	CCSBORF6699	1	CCSBORF53942	3AT	1	149A>C	36	NC_000020.11:505181:T:G	CCSBVarC024324	ENSP00000217244.3:p.Tyr50Ser	CSNK2A1	ENSG00000101266	REL
pilot3	CCSBORF6699	1	CCSBORF53942	3AT	1	154G>A	10483	NC_000020.11:505176:C:T	CCSBVarC024328	ENSP00000217244.3:p.Glu52Lys	CSNK2A1	ENSG00000101266	REL
pilot3	CCSBORF6699	1	CCSBORF53942	3AT	1	239G>A	369	NC_000020.11:499908:C:T	CCSBVarC024330	ENSP00000217244.3:p.Arg80His	CSNK2A1	ENSG00000101266	REL
pilot3	CCSBORF6699	1	CCSBORF53942	3AT	1	242A>C	285	NC_000020.11:499905:T:G	CCSBVarC024331	ENSP00000217244.3:p.Glu81Ala	CSNK2A1	ENSG00000101266	REL
pilot3	CCSBORF6699	1	CCSBORF53942	3AT	1	524A>G	51	NC_000020.11:492350:T:C	CCSBVarC024355	ENSP00000217244.3:p.Asp175Gly	CSNK2A1	ENSG00000101266	REL
pilot3	CCSBORF6699	1	CCSBORF53942	3AT	1	529G>A	13	NC_000020.11:492345:C:T	CCSBVarC024361	ENSP00000217244.3:p.Gly177Ser	CSNK2A1	ENSG00000101266	REL
pilot3	CCSBORF6699	1	CCSBORF53942	3AT	1	704G>T	2	NC_000020.11:489798:C:A	CCSBVarC024394	ENSP00000217244.3:p.Gly235Val	CSNK2A1	ENSG00000101266	REL
pilot3	CCSBORF6699	1	CCSBORF53942	3AT	1	935G>A	6	NC_000020.11:487464:C:T	CCSBVarC024400	ENSP00000217244.3:p.Arg312Gln	CSNK2A1	ENSG00000101266	REL
pilot3	CCSBORF6699	1	CCSBORF4447	3AT	1	REF	6693	NULL	NULL	NULL	CSNK2A1	ENSG00000101266	STAC3
pilot3	CCSBORF6699	1	CCSBORF4447	3AT	1	1165G>A	1884	NC_000020.11:483971:C:T	CCSBVarC024455	ENSP00000217244.3:p.Ala389Thr	CSNK2A1	ENSG00000101266	STAC3
pilot3	CCSBORF6699	1	CCSBORF4447	3AT	1	1172A>G	1118	NC_000020.11:483964:T:C	CCSBVarC024458	ENSP00000217244.3:p.Gln391Arg	CSNK2A1	ENSG00000101266	STAC3
pilot3	CCSBORF6699	1	CCSBORF4447	3AT	1	139C>G	662	NC_000020.11:505191:G:C	CCSBVarC024315	ENSP00000217244.3:p.Arg47Gly	CSNK2A1	ENSG00000101266	STAC3
pilot3	CCSBORF6699	1	CCSBORF4447	3AT	1	143G>A	3893	NC_000020.11:505187:C:T	CCSBVarC024322	ENSP00000217244.3:p.Gly48Asp	CSNK2A1	ENSG00000101266	STAC3
pilot3	CCSBORF6699	1	CCSBORF4447	3AT	1	149A>C	2733	NC_000020.11:505181:T:G	CCSBVarC024324	ENSP00000217244.3:p.Tyr50Ser	CSNK2A1	ENSG00000101266	STAC3
pilot3	CCSBORF6699	1	CCSBORF4447	3AT	1	154G>A	7695	NC_000020.11:505176:C:T	CCSBVarC024328	ENSP00000217244.3:p.Glu52Lys	CSNK2A1	ENSG00000101266	STAC3
pilot3	CCSBORF6699	1	CCSBORF4447	3AT	1	239G>A	2538	NC_000020.11:499908:C:T	CCSBVarC024330	ENSP00000217244.3:p.Arg80His	CSNK2A1	ENSG00000101266	STAC3
pilot3	CCSBORF6699	1	CCSBORF4447	3AT	1	242A>C	1267	NC_000020.11:499905:T:G	CCSBVarC024331	ENSP00000217244.3:p.Glu81Ala	CSNK2A1	ENSG00000101266	STAC3
pilot3	CCSBORF6699	1	CCSBORF4447	3AT	1	524A>G	3818	NC_000020.11:492350:T:C	CCSBVarC024355	ENSP00000217244.3:p.Asp175Gly	CSNK2A1	ENSG00000101266	STAC3
pilot3	CCSBORF6699	1	CCSBORF4447	3AT	1	529G>A	1812	NC_000020.11:492345:C:T	CCSBVarC024361	ENSP00000217244.3:p.Gly177Ser	CSNK2A1	ENSG00000101266	STAC3
pilot3	CCSBORF6699	1	CCSBORF4447	3AT	1	704G>T	79	NC_000020.11:489798:C:A	CCSBVarC024394	ENSP00000217244.3:p.Gly235Val	CSNK2A1	ENSG00000101266	STAC3
pilot3	CCSBORF6699	1	CCSBORF4447	3AT	1	935G>A	50	NC_000020.11:487464:C:T	CCSBVarC024400	ENSP00000217244.3:p.Arg312Gln	CSNK2A1	ENSG00000101266	STAC3
pilot3	CCSBORF6699	1	CCSBORF1668	3AT	1	REF	7323	NULL	NULL	NULL	CSNK2A1	ENSG00000101266	THAP1
pilot3	CCSBORF6699	1	CCSBORF1668	3AT	1	1165G>A	2942	NC_000020.11:483971:C:T	CCSBVarC024455	ENSP00000217244.3:p.Ala389Thr	CSNK2A1	ENSG00000101266	THAP1
pilot3	CCSBORF6699	1	CCSBORF1668	3AT	1	1172A>G	52	NC_000020.11:483964:T:C	CCSBVarC024458	ENSP00000217244.3:p.Gln391Arg	CSNK2A1	ENSG00000101266	THAP1
pilot3	CCSBORF6699	1	CCSBORF1668	3AT	1	139C>G	105	NC_000020.11:505191:G:C	CCSBVarC024315	ENSP00000217244.3:p.Arg47Gly	CSNK2A1	ENSG00000101266	THAP1
pilot3	CCSBORF6699	1	CCSBORF1668	3AT	1	143G>A	5571	NC_000020.11:505187:C:T	CCSBVarC024322	ENSP00000217244.3:p.Gly48Asp	CSNK2A1	ENSG00000101266	THAP1
pilot3	CCSBORF6699	1	CCSBORF1668	3AT	1	149A>C	56	NC_000020.11:505181:T:G	CCSBVarC024324	ENSP00000217244.3:p.Tyr50Ser	CSNK2A1	ENSG00000101266	THAP1
pilot3	CCSBORF6699	1	CCSBORF1668	3AT	1	154G>A	1410	NC_000020.11:505176:C:T	CCSBVarC024328	ENSP00000217244.3:p.Glu52Lys	CSNK2A1	ENSG00000101266	THAP1
pilot3	CCSBORF6699	1	CCSBORF1668	3AT	1	239G>A	45	NC_000020.11:499908:C:T	CCSBVarC024330	ENSP00000217244.3:p.Arg80His	CSNK2A1	ENSG00000101266	THAP1
pilot3	CCSBORF6699	1	CCSBORF1668	3AT	1	242A>C	4219	NC_000020.11:499905:T:G	CCSBVarC024331	ENSP00000217244.3:p.Glu81Ala	CSNK2A1	ENSG00000101266	THAP1
pilot3	CCSBORF6699	1	CCSBORF1668	3AT	1	524A>G	1448	NC_000020.11:492350:T:C	CCSBVarC024355	ENSP00000217244.3:p.Asp175Gly	CSNK2A1	ENSG00000101266	THAP1
pilot3	CCSBORF6699	1	CCSBORF1668	3AT	1	529G>A	3779	NC_000020.11:492345:C:T	CCSBVarC024361	ENSP00000217244.3:p.Gly177Ser	CSNK2A1	ENSG00000101266	THAP1
pilot3	CCSBORF6699	1	CCSBORF1668	3AT	1	704G>T	16	NC_000020.11:489798:C:A	CCSBVarC024394	ENSP00000217244.3:p.Gly235Val	CSNK2A1	ENSG00000101266	THAP1
pilot3	CCSBORF6699	1	CCSBORF1668	3AT	1	935G>A	71	NC_000020.11:487464:C:T	CCSBVarC024400	ENSP00000217244.3:p.Arg312Gln	CSNK2A1	ENSG00000101266	THAP1
pilot3	CCSBORF6699	1	CCSBORF7881	3AT	1	REF	6337	NULL	NULL	NULL	CSNK2A1	ENSG00000101266	TRIM41
pilot3	CCSBORF6699	1	CCSBORF7881	3AT	1	1165G>A	1401	NC_000020.11:483971:C:T	CCSBVarC024455	ENSP00000217244.3:p.Ala389Thr	CSNK2A1	ENSG00000101266	TRIM41
pilot3	CCSBORF6699	1	CCSBORF7881	3AT	1	1172A>G	1788	NC_000020.11:483964:T:C	CCSBVarC024458	ENSP00000217244.3:p.Gln391Arg	CSNK2A1	ENSG00000101266	TRIM41
pilot3	CCSBORF6699	1	CCSBORF7881	3AT	1	139C>G	3686	NC_000020.11:505191:G:C	CCSBVarC024315	ENSP00000217244.3:p.Arg47Gly	CSNK2A1	ENSG00000101266	TRIM41
pilot3	CCSBORF6699	1	CCSBORF7881	3AT	1	143G>A	1578	NC_000020.11:505187:C:T	CCSBVarC024322	ENSP00000217244.3:p.Gly48Asp	CSNK2A1	ENSG00000101266	TRIM41
pilot3	CCSBORF6699	1	CCSBORF7881	3AT	1	149A>C	3976	NC_000020.11:505181:T:G	CCSBVarC024324	ENSP00000217244.3:p.Tyr50Ser	CSNK2A1	ENSG00000101266	TRIM41
pilot3	CCSBORF6699	1	CCSBORF7881	3AT	1	154G>A	1716	NC_000020.11:505176:C:T	CCSBVarC024328	ENSP00000217244.3:p.Glu52Lys	CSNK2A1	ENSG00000101266	TRIM41
pilot3	CCSBORF6699	1	CCSBORF7881	3AT	1	239G>A	1138	NC_000020.11:499908:C:T	CCSBVarC024330	ENSP00000217244.3:p.Arg80His	CSNK2A1	ENSG00000101266	TRIM41
pilot3	CCSBORF6699	1	CCSBORF7881	3AT	1	242A>C	867	NC_000020.11:499905:T:G	CCSBVarC024331	ENSP00000217244.3:p.Glu81Ala	CSNK2A1	ENSG00000101266	TRIM41
pilot3	CCSBORF6699	1	CCSBORF7881	3AT	1	524A>G	2185	NC_000020.11:492350:T:C	CCSBVarC024355	ENSP00000217244.3:p.Asp175Gly	CSNK2A1	ENSG00000101266	TRIM41
pilot3	CCSBORF6699	1	CCSBORF7881	3AT	1	529G>A	1055	NC_000020.11:492345:C:T	CCSBVarC024361	ENSP00000217244.3:p.Gly177Ser	CSNK2A1	ENSG00000101266	TRIM41
pilot3	CCSBORF6699	1	CCSBORF7881	3AT	1	704G>T	79	NC_000020.11:489798:C:A	CCSBVarC024394	ENSP00000217244.3:p.Gly235Val	CSNK2A1	ENSG00000101266	TRIM41
pilot3	CCSBORF6699	1	CCSBORF7881	3AT	1	935G>A	76	NC_000020.11:487464:C:T	CCSBVarC024400	ENSP00000217244.3:p.Arg312Gln	CSNK2A1	ENSG00000101266	TRIM41
pilot3	CCSBORF6699	1	CCSBORF100002000	3AT	1	REF	4875	NULL	NULL	NULL	CSNK2A1	ENSG00000101266	TSPYL2
pilot3	CCSBORF6699	1	CCSBORF100002000	3AT	1	1165G>A	1842	NC_000020.11:483971:C:T	CCSBVarC024455	ENSP00000217244.3:p.Ala389Thr	CSNK2A1	ENSG00000101266	TSPYL2
pilot3	CCSBORF6699	1	CCSBORF100002000	3AT	1	1172A>G	2425	NC_000020.11:483964:T:C	CCSBVarC024458	ENSP00000217244.3:p.Gln391Arg	CSNK2A1	ENSG00000101266	TSPYL2
pilot3	CCSBORF6699	1	CCSBORF100002000	3AT	1	139C>G	812	NC_000020.11:505191:G:C	CCSBVarC024315	ENSP00000217244.3:p.Arg47Gly	CSNK2A1	ENSG00000101266	TSPYL2
pilot3	CCSBORF6699	1	CCSBORF100002000	3AT	1	143G>A	1693	NC_000020.11:505187:C:T	CCSBVarC024322	ENSP00000217244.3:p.Gly48Asp	CSNK2A1	ENSG00000101266	TSPYL2
pilot3	CCSBORF6699	1	CCSBORF100002000	3AT	1	149A>C	178	NC_000020.11:505181:T:G	CCSBVarC024324	ENSP00000217244.3:p.Tyr50Ser	CSNK2A1	ENSG00000101266	TSPYL2
pilot3	CCSBORF6699	1	CCSBORF100002000	3AT	1	154G>A	629	NC_000020.11:505176:C:T	CCSBVarC024328	ENSP00000217244.3:p.Glu52Lys	CSNK2A1	ENSG00000101266	TSPYL2
pilot3	CCSBORF6699	1	CCSBORF100002000	3AT	1	239G>A	27	NC_000020.11:499908:C:T	CCSBVarC024330	ENSP00000217244.3:p.Arg80His	CSNK2A1	ENSG00000101266	TSPYL2
pilot3	CCSBORF6699	1	CCSBORF100002000	3AT	1	242A>C	706	NC_000020.11:499905:T:G	CCSBVarC024331	ENSP00000217244.3:p.Glu81Ala	CSNK2A1	ENSG00000101266	TSPYL2
pilot3	CCSBORF6699	1	CCSBORF100002000	3AT	1	524A>G	779	NC_000020.11:492350:T:C	CCSBVarC024355	ENSP00000217244.3:p.Asp175Gly	CSNK2A1	ENSG00000101266	TSPYL2
pilot3	CCSBORF6699	1	CCSBORF100002000	3AT	1	529G>A	911	NC_000020.11:492345:C:T	CCSBVarC024361	ENSP00000217244.3:p.Gly177Ser	CSNK2A1	ENSG00000101266	TSPYL2
pilot3	CCSBORF6699	1	CCSBORF100002000	3AT	1	704G>T	40	NC_000020.11:489798:C:A	CCSBVarC024394	ENSP00000217244.3:p.Gly235Val	CSNK2A1	ENSG00000101266	TSPYL2
pilot3	CCSBORF6699	1	CCSBORF100002000	3AT	1	935G>A	39	NC_000020.11:487464:C:T	CCSBVarC024400	ENSP00000217244.3:p.Arg312Gln	CSNK2A1	ENSG00000101266	TSPYL2
pilot3	CCSBORF6699	1	CCSBORF0	3AT	1	REF	133	NULL	NULL	NULL	CSNK2A1	ENSG00000101266	empty_AD
pilot3	CCSBORF6699	1	CCSBORF0	3AT	1	1165G>A	183	NC_000020.11:483971:C:T	CCSBVarC024455	ENSP00000217244.3:p.Ala389Thr	CSNK2A1	ENSG00000101266	empty_AD
pilot3	CCSBORF6699	1	CCSBORF0	3AT	1	1172A>G	34	NC_000020.11:483964:T:C	CCSBVarC024458	ENSP00000217244.3:p.Gln391Arg	CSNK2A1	ENSG00000101266	empty_AD
pilot3	CCSBORF6699	1	CCSBORF0	3AT	1	139C>G	1825	NC_000020.11:505191:G:C	CCSBVarC024315	ENSP00000217244.3:p.Arg47Gly	CSNK2A1	ENSG00000101266	empty_AD
pilot3	CCSBORF6699	1	CCSBORF0	3AT	1	143G>A	162	NC_000020.11:505187:C:T	CCSBVarC024322	ENSP00000217244.3:p.Gly48Asp	CSNK2A1	ENSG00000101266	empty_AD
pilot3	CCSBORF6699	1	CCSBORF0	3AT	1	149A>C	6	NC_000020.11:505181:T:G	CCSBVarC024324	ENSP00000217244.3:p.Tyr50Ser	CSNK2A1	ENSG00000101266	empty_AD
pilot3	CCSBORF6699	1	CCSBORF0	3AT	1	154G>A	80	NC_000020.11:505176:C:T	CCSBVarC024328	ENSP00000217244.3:p.Glu52Lys	CSNK2A1	ENSG00000101266	empty_AD
pilot3	CCSBORF6699	1	CCSBORF0	3AT	1	239G>A	49	NC_000020.11:499908:C:T	CCSBVarC024330	ENSP00000217244.3:p.Arg80His	CSNK2A1	ENSG00000101266	empty_AD
pilot3	CCSBORF6699	1	CCSBORF0	3AT	1	242A>C	2	NC_000020.11:499905:T:G	CCSBVarC024331	ENSP00000217244.3:p.Glu81Ala	CSNK2A1	ENSG00000101266	empty_AD
pilot3	CCSBORF6699	1	CCSBORF0	3AT	1	524A>G	159	NC_000020.11:492350:T:C	CCSBVarC024355	ENSP00000217244.3:p.Asp175Gly	CSNK2A1	ENSG00000101266	empty_AD
pilot3	CCSBORF6699	1	CCSBORF0	3AT	1	529G>A	15	NC_000020.11:492345:C:T	CCSBVarC024361	ENSP00000217244.3:p.Gly177Ser	CSNK2A1	ENSG00000101266	empty_AD
pilot3	CCSBORF6699	1	CCSBORF0	3AT	1	704G>T	1	NC_000020.11:489798:C:A	CCSBVarC024394	ENSP00000217244.3:p.Gly235Val	CSNK2A1	ENSG00000101266	empty_AD
pilot3	CCSBORF6699	1	CCSBORF0	3AT	1	935G>A	24	NC_000020.11:487464:C:T	CCSBVarC024400	ENSP00000217244.3:p.Arg312Gln	CSNK2A1	ENSG00000101266	empty_AD
pilot3	CCSBORF4706	1	CCSBORF12435	3AT	1	REF	1239	NULL	NULL	NULL	HNRNPK	ENSG00000165119	ABI1
pilot3	CCSBORF4706	1	CCSBORF12435	3AT	1	1109A>G	42	NC_000009.12:83970818:T:C	CCSBVarC021699	ENSP00000365439.3:p.Asp370Gly	HNRNPK	ENSG00000165119	ABI1
pilot3	CCSBORF4706	1	CCSBORF12435	3AT	1	1240C>T	65	NC_000009.12:83970282:G:A	CCSBVarC021705	ENSP00000365439.3:p.Arg414Cys	HNRNPK	ENSG00000165119	ABI1
pilot3	CCSBORF4706	1	CCSBORF12435	3AT	1	1282G>A	116	NC_000009.12:83970240:C:T	CCSBVarC021708	ENSP00000365439.3:p.Glu428Lys	HNRNPK	ENSG00000165119	ABI1
pilot3	CCSBORF4706	1	CCSBORF12435	3AT	1	137G>T	557	NC_000009.12:83977707:C:A	CCSBVarC021621	ENSP00000365439.3:p.Arg46Leu	HNRNPK	ENSG00000165119	ABI1
pilot3	CCSBORF4706	1	CCSBORF12435	3AT	1	203T>G	3751	NC_000009.12:83977004:A:C	CCSBVarC021624	ENSP00000365439.3:p.Leu68Arg	HNRNPK	ENSG00000165119	ABI1
pilot3	CCSBORF4706	1	CCSBORF12435	3AT	1	248G>A	1338	NC_000009.12:83975470:C:T	CCSBVarC021637	ENSP00000365439.3:p.Gly83Asp	HNRNPK	ENSG00000165119	ABI1
pilot3	CCSBORF4706	1	CCSBORF12435	3AT	1	253G>A	1377	NC_000009.12:83975465:C:T	CCSBVarC021659	ENSP00000365439.3:p.Glu85Lys	HNRNPK	ENSG00000165119	ABI1
pilot3	CCSBORF4706	1	CCSBORF12435	3AT	1	257G>A	962	NC_000009.12:83975461:C:T	CCSBVarC021671	ENSP00000365439.3:p.Arg86His	HNRNPK	ENSG00000165119	ABI1
pilot3	CCSBORF4706	1	CCSBORF12435	3AT	1	464T>C	3652	NC_000009.12:83973337:A:G	CCSBVarC021678	ENSP00000365439.3:p.Leu155Pro	HNRNPK	ENSG00000165119	ABI1
pilot3	CCSBORF4706	1	CCSBORF12435	3AT	1	566C>T	1320	NC_000009.12:83972922:G:A	CCSBVarC021681	ENSP00000365439.3:p.Thr189Ile	HNRNPK	ENSG00000165119	ABI1
pilot3	CCSBORF4706	1	CCSBORF12435	3AT	1	575T>G	707	NC_000009.12:83972913:A:C	CCSBVarC021689	ENSP00000365439.3:p.Val192Gly	HNRNPK	ENSG00000165119	ABI1
pilot3	CCSBORF4706	1	CCSBORF12435	3AT	1	65G>A	143	NC_000009.12:83977779:C:T	CCSBVarC021617	ENSP00000365439.3:p.Arg22His	HNRNPK	ENSG00000165119	ABI1
pilot3	CCSBORF4706	1	CCSBORF12435	3AT	1	792G>A	18	NC_000009.12:83972042:C:T	CCSBVarC021692	ENSP00000365439.3:p.Met264Ile	HNRNPK	ENSG00000165119	ABI1
pilot3	CCSBORF4706	1	CCSBORF7439	3AT	1	REF	966	NULL	NULL	NULL	HNRNPK	ENSG00000165119	ABI2
pilot3	CCSBORF4706	1	CCSBORF7439	3AT	1	1109A>G	116	NC_000009.12:83970818:T:C	CCSBVarC021699	ENSP00000365439.3:p.Asp370Gly	HNRNPK	ENSG00000165119	ABI2
pilot3	CCSBORF4706	1	CCSBORF7439	3AT	1	1240C>T	56	NC_000009.12:83970282:G:A	CCSBVarC021705	ENSP00000365439.3:p.Arg414Cys	HNRNPK	ENSG00000165119	ABI2
pilot3	CCSBORF4706	1	CCSBORF7439	3AT	1	1282G>A	63	NC_000009.12:83970240:C:T	CCSBVarC021708	ENSP00000365439.3:p.Glu428Lys	HNRNPK	ENSG00000165119	ABI2
pilot3	CCSBORF4706	1	CCSBORF7439	3AT	1	137G>T	504	NC_000009.12:83977707:C:A	CCSBVarC021621	ENSP00000365439.3:p.Arg46Leu	HNRNPK	ENSG00000165119	ABI2
pilot3	CCSBORF4706	1	CCSBORF7439	3AT	1	203T>G	4556	NC_000009.12:83977004:A:C	CCSBVarC021624	ENSP00000365439.3:p.Leu68Arg	HNRNPK	ENSG00000165119	ABI2
pilot3	CCSBORF4706	1	CCSBORF7439	3AT	1	248G>A	1457	NC_000009.12:83975470:C:T	CCSBVarC021637	ENSP00000365439.3:p.Gly83Asp	HNRNPK	ENSG00000165119	ABI2
pilot3	CCSBORF4706	1	CCSBORF7439	3AT	1	253G>A	1367	NC_000009.12:83975465:C:T	CCSBVarC021659	ENSP00000365439.3:p.Glu85Lys	HNRNPK	ENSG00000165119	ABI2
pilot3	CCSBORF4706	1	CCSBORF7439	3AT	1	257G>A	1034	NC_000009.12:83975461:C:T	CCSBVarC021671	ENSP00000365439.3:p.Arg86His	HNRNPK	ENSG00000165119	ABI2
pilot3	CCSBORF4706	1	CCSBORF7439	3AT	1	464T>C	5345	NC_000009.12:83973337:A:G	CCSBVarC021678	ENSP00000365439.3:p.Leu155Pro	HNRNPK	ENSG00000165119	ABI2
pilot3	CCSBORF4706	1	CCSBORF7439	3AT	1	566C>T	1041	NC_000009.12:83972922:G:A	CCSBVarC021681	ENSP00000365439.3:p.Thr189Ile	HNRNPK	ENSG00000165119	ABI2
pilot3	CCSBORF4706	1	CCSBORF7439	3AT	1	575T>G	292	NC_000009.12:83972913:A:C	CCSBVarC021689	ENSP00000365439.3:p.Val192Gly	HNRNPK	ENSG00000165119	ABI2
pilot3	CCSBORF4706	1	CCSBORF7439	3AT	1	65G>A	124	NC_000009.12:83977779:C:T	CCSBVarC021617	ENSP00000365439.3:p.Arg22His	HNRNPK	ENSG00000165119	ABI2
pilot3	CCSBORF4706	1	CCSBORF7439	3AT	1	792G>A	20	NC_000009.12:83972042:C:T	CCSBVarC021692	ENSP00000365439.3:p.Met264Ile	HNRNPK	ENSG00000165119	ABI2
pilot3	CCSBORF4706	1	CCSBORF53886	3AT	1	REF	1839	NULL	NULL	NULL	HNRNPK	ENSG00000165119	TLE5
pilot3	CCSBORF4706	1	CCSBORF53886	3AT	1	1109A>G	151	NC_000009.12:83970818:T:C	CCSBVarC021699	ENSP00000365439.3:p.Asp370Gly	HNRNPK	ENSG00000165119	TLE5
pilot3	CCSBORF4706	1	CCSBORF53886	3AT	1	1240C>T	413	NC_000009.12:83970282:G:A	CCSBVarC021705	ENSP00000365439.3:p.Arg414Cys	HNRNPK	ENSG00000165119	TLE5
pilot3	CCSBORF4706	1	CCSBORF53886	3AT	1	1282G>A	195	NC_000009.12:83970240:C:T	CCSBVarC021708	ENSP00000365439.3:p.Glu428Lys	HNRNPK	ENSG00000165119	TLE5
pilot3	CCSBORF4706	1	CCSBORF53886	3AT	1	137G>T	1876	NC_000009.12:83977707:C:A	CCSBVarC021621	ENSP00000365439.3:p.Arg46Leu	HNRNPK	ENSG00000165119	TLE5
pilot3	CCSBORF4706	1	CCSBORF53886	3AT	1	203T>G	5281	NC_000009.12:83977004:A:C	CCSBVarC021624	ENSP00000365439.3:p.Leu68Arg	HNRNPK	ENSG00000165119	TLE5
pilot3	CCSBORF4706	1	CCSBORF53886	3AT	1	248G>A	950	NC_000009.12:83975470:C:T	CCSBVarC021637	ENSP00000365439.3:p.Gly83Asp	HNRNPK	ENSG00000165119	TLE5
pilot3	CCSBORF4706	1	CCSBORF53886	3AT	1	253G>A	672	NC_000009.12:83975465:C:T	CCSBVarC021659	ENSP00000365439.3:p.Glu85Lys	HNRNPK	ENSG00000165119	TLE5
pilot3	CCSBORF4706	1	CCSBORF53886	3AT	1	257G>A	1445	NC_000009.12:83975461:C:T	CCSBVarC021671	ENSP00000365439.3:p.Arg86His	HNRNPK	ENSG00000165119	TLE5
pilot3	CCSBORF4706	1	CCSBORF53886	3AT	1	464T>C	8731	NC_000009.12:83973337:A:G	CCSBVarC021678	ENSP00000365439.3:p.Leu155Pro	HNRNPK	ENSG00000165119	TLE5
pilot3	CCSBORF4706	1	CCSBORF53886	3AT	1	566C>T	1831	NC_000009.12:83972922:G:A	CCSBVarC021681	ENSP00000365439.3:p.Thr189Ile	HNRNPK	ENSG00000165119	TLE5
pilot3	CCSBORF4706	1	CCSBORF53886	3AT	1	575T>G	113	NC_000009.12:83972913:A:C	CCSBVarC021689	ENSP00000365439.3:p.Val192Gly	HNRNPK	ENSG00000165119	TLE5
pilot3	CCSBORF4706	1	CCSBORF53886	3AT	1	65G>A	86	NC_000009.12:83977779:C:T	CCSBVarC021617	ENSP00000365439.3:p.Arg22His	HNRNPK	ENSG00000165119	TLE5
pilot3	CCSBORF4706	1	CCSBORF53886	3AT	1	792G>A	113	NC_000009.12:83972042:C:T	CCSBVarC021692	ENSP00000365439.3:p.Met264Ile	HNRNPK	ENSG00000165119	TLE5
pilot3	CCSBORF4706	1	CCSBORF8359	3AT	1	REF	958	NULL	NULL	NULL	HNRNPK	ENSG00000165119	CCDC33
pilot3	CCSBORF4706	1	CCSBORF8359	3AT	1	1109A>G	144	NC_000009.12:83970818:T:C	CCSBVarC021699	ENSP00000365439.3:p.Asp370Gly	HNRNPK	ENSG00000165119	CCDC33
pilot3	CCSBORF4706	1	CCSBORF8359	3AT	1	1240C>T	15	NC_000009.12:83970282:G:A	CCSBVarC021705	ENSP00000365439.3:p.Arg414Cys	HNRNPK	ENSG00000165119	CCDC33
pilot3	CCSBORF4706	1	CCSBORF8359	3AT	1	1282G>A	83	NC_000009.12:83970240:C:T	CCSBVarC021708	ENSP00000365439.3:p.Glu428Lys	HNRNPK	ENSG00000165119	CCDC33
pilot3	CCSBORF4706	1	CCSBORF8359	3AT	1	137G>T	746	NC_000009.12:83977707:C:A	CCSBVarC021621	ENSP00000365439.3:p.Arg46Leu	HNRNPK	ENSG00000165119	CCDC33
pilot3	CCSBORF4706	1	CCSBORF8359	3AT	1	203T>G	2148	NC_000009.12:83977004:A:C	CCSBVarC021624	ENSP00000365439.3:p.Leu68Arg	HNRNPK	ENSG00000165119	CCDC33
pilot3	CCSBORF4706	1	CCSBORF8359	3AT	1	248G>A	414	NC_000009.12:83975470:C:T	CCSBVarC021637	ENSP00000365439.3:p.Gly83Asp	HNRNPK	ENSG00000165119	CCDC33
pilot3	CCSBORF4706	1	CCSBORF8359	3AT	1	253G>A	620	NC_000009.12:83975465:C:T	CCSBVarC021659	ENSP00000365439.3:p.Glu85Lys	HNRNPK	ENSG00000165119	CCDC33
pilot3	CCSBORF4706	1	CCSBORF8359	3AT	1	257G>A	900	NC_000009.12:83975461:C:T	CCSBVarC021671	ENSP00000365439.3:p.Arg86His	HNRNPK	ENSG00000165119	CCDC33
pilot3	CCSBORF4706	1	CCSBORF8359	3AT	1	464T>C	1967	NC_000009.12:83973337:A:G	CCSBVarC021678	ENSP00000365439.3:p.Leu155Pro	HNRNPK	ENSG00000165119	CCDC33
pilot3	CCSBORF4706	1	CCSBORF8359	3AT	1	566C>T	599	NC_000009.12:83972922:G:A	CCSBVarC021681	ENSP00000365439.3:p.Thr189Ile	HNRNPK	ENSG00000165119	CCDC33
pilot3	CCSBORF4706	1	CCSBORF8359	3AT	1	575T>G	273	NC_000009.12:83972913:A:C	CCSBVarC021689	ENSP00000365439.3:p.Val192Gly	HNRNPK	ENSG00000165119	CCDC33
pilot3	CCSBORF4706	1	CCSBORF8359	3AT	1	65G>A	43	NC_000009.12:83977779:C:T	CCSBVarC021617	ENSP00000365439.3:p.Arg22His	HNRNPK	ENSG00000165119	CCDC33
pilot3	CCSBORF4706	1	CCSBORF8359	3AT	1	792G>A	30	NC_000009.12:83972042:C:T	CCSBVarC021692	ENSP00000365439.3:p.Met264Ile	HNRNPK	ENSG00000165119	CCDC33
pilot3	CCSBORF4706	1	CCSBORF4706	3AT	1	REF	886	NULL	NULL	NULL	HNRNPK	ENSG00000165119	HNRNPK
pilot3	CCSBORF4706	1	CCSBORF4706	3AT	1	1109A>G	54	NC_000009.12:83970818:T:C	CCSBVarC021699	ENSP00000365439.3:p.Asp370Gly	HNRNPK	ENSG00000165119	HNRNPK
pilot3	CCSBORF4706	1	CCSBORF4706	3AT	1	1240C>T	70	NC_000009.12:83970282:G:A	CCSBVarC021705	ENSP00000365439.3:p.Arg414Cys	HNRNPK	ENSG00000165119	HNRNPK
pilot3	CCSBORF4706	1	CCSBORF4706	3AT	1	1282G>A	87	NC_000009.12:83970240:C:T	CCSBVarC021708	ENSP00000365439.3:p.Glu428Lys	HNRNPK	ENSG00000165119	HNRNPK
pilot3	CCSBORF4706	1	CCSBORF4706	3AT	1	137G>T	321	NC_000009.12:83977707:C:A	CCSBVarC021621	ENSP00000365439.3:p.Arg46Leu	HNRNPK	ENSG00000165119	HNRNPK
pilot3	CCSBORF4706	1	CCSBORF4706	3AT	1	203T>G	1440	NC_000009.12:83977004:A:C	CCSBVarC021624	ENSP00000365439.3:p.Leu68Arg	HNRNPK	ENSG00000165119	HNRNPK
pilot3	CCSBORF4706	1	CCSBORF4706	3AT	1	248G>A	334	NC_000009.12:83975470:C:T	CCSBVarC021637	ENSP00000365439.3:p.Gly83Asp	HNRNPK	ENSG00000165119	HNRNPK
pilot3	CCSBORF4706	1	CCSBORF4706	3AT	1	253G>A	938	NC_000009.12:83975465:C:T	CCSBVarC021659	ENSP00000365439.3:p.Glu85Lys	HNRNPK	ENSG00000165119	HNRNPK
pilot3	CCSBORF4706	1	CCSBORF4706	3AT	1	257G>A	283	NC_000009.12:83975461:C:T	CCSBVarC021671	ENSP00000365439.3:p.Arg86His	HNRNPK	ENSG00000165119	HNRNPK
pilot3	CCSBORF4706	1	CCSBORF4706	3AT	1	464T>C	5080	NC_000009.12:83973337:A:G	CCSBVarC021678	ENSP00000365439.3:p.Leu155Pro	HNRNPK	ENSG00000165119	HNRNPK
pilot3	CCSBORF4706	1	CCSBORF4706	3AT	1	566C>T	814	NC_000009.12:83972922:G:A	CCSBVarC021681	ENSP00000365439.3:p.Thr189Ile	HNRNPK	ENSG00000165119	HNRNPK
pilot3	CCSBORF4706	1	CCSBORF4706	3AT	1	575T>G	518	NC_000009.12:83972913:A:C	CCSBVarC021689	ENSP00000365439.3:p.Val192Gly	HNRNPK	ENSG00000165119	HNRNPK
pilot3	CCSBORF4706	1	CCSBORF4706	3AT	1	65G>A	86	NC_000009.12:83977779:C:T	CCSBVarC021617	ENSP00000365439.3:p.Arg22His	HNRNPK	ENSG00000165119	HNRNPK
pilot3	CCSBORF4706	1	CCSBORF4706	3AT	1	792G>A	13	NC_000009.12:83972042:C:T	CCSBVarC021692	ENSP00000365439.3:p.Met264Ile	HNRNPK	ENSG00000165119	HNRNPK
pilot3	CCSBORF4706	1	CCSBORF54965	3AT	1	REF	1137	NULL	NULL	NULL	HNRNPK	ENSG00000165119	KCTD8
pilot3	CCSBORF4706	1	CCSBORF54965	3AT	1	1109A>G	10	NC_000009.12:83970818:T:C	CCSBVarC021699	ENSP00000365439.3:p.Asp370Gly	HNRNPK	ENSG00000165119	KCTD8
pilot3	CCSBORF4706	1	CCSBORF54965	3AT	1	1240C>T	3	NC_000009.12:83970282:G:A	CCSBVarC021705	ENSP00000365439.3:p.Arg414Cys	HNRNPK	ENSG00000165119	KCTD8
pilot3	CCSBORF4706	1	CCSBORF54965	3AT	1	1282G>A	337	NC_000009.12:83970240:C:T	CCSBVarC021708	ENSP00000365439.3:p.Glu428Lys	HNRNPK	ENSG00000165119	KCTD8
pilot3	CCSBORF4706	1	CCSBORF54965	3AT	1	137G>T	495	NC_000009.12:83977707:C:A	CCSBVarC021621	ENSP00000365439.3:p.Arg46Leu	HNRNPK	ENSG00000165119	KCTD8
pilot3	CCSBORF4706	1	CCSBORF54965	3AT	1	203T>G	3511	NC_000009.12:83977004:A:C	CCSBVarC021624	ENSP00000365439.3:p.Leu68Arg	HNRNPK	ENSG00000165119	KCTD8
pilot3	CCSBORF4706	1	CCSBORF54965	3AT	1	248G>A	738	NC_000009.12:83975470:C:T	CCSBVarC021637	ENSP00000365439.3:p.Gly83Asp	HNRNPK	ENSG00000165119	KCTD8
pilot3	CCSBORF4706	1	CCSBORF54965	3AT	1	253G>A	34	NC_000009.12:83975465:C:T	CCSBVarC021659	ENSP00000365439.3:p.Glu85Lys	HNRNPK	ENSG00000165119	KCTD8
pilot3	CCSBORF4706	1	CCSBORF54965	3AT	1	257G>A	91	NC_000009.12:83975461:C:T	CCSBVarC021671	ENSP00000365439.3:p.Arg86His	HNRNPK	ENSG00000165119	KCTD8
pilot3	CCSBORF4706	1	CCSBORF54965	3AT	1	464T>C	9728	NC_000009.12:83973337:A:G	CCSBVarC021678	ENSP00000365439.3:p.Leu155Pro	HNRNPK	ENSG00000165119	KCTD8
pilot3	CCSBORF4706	1	CCSBORF54965	3AT	1	566C>T	6521	NC_000009.12:83972922:G:A	CCSBVarC021681	ENSP00000365439.3:p.Thr189Ile	HNRNPK	ENSG00000165119	KCTD8
pilot3	CCSBORF4706	1	CCSBORF54965	3AT	1	575T>G	809	NC_000009.12:83972913:A:C	CCSBVarC021689	ENSP00000365439.3:p.Val192Gly	HNRNPK	ENSG00000165119	KCTD8
pilot3	CCSBORF4706	1	CCSBORF54965	3AT	1	65G>A	149	NC_000009.12:83977779:C:T	CCSBVarC021617	ENSP00000365439.3:p.Arg22His	HNRNPK	ENSG00000165119	KCTD8
pilot3	CCSBORF4706	1	CCSBORF54965	3AT	1	792G>A	3	NC_000009.12:83972042:C:T	CCSBVarC021692	ENSP00000365439.3:p.Met264Ile	HNRNPK	ENSG00000165119	KCTD8
pilot3	CCSBORF4706	1	CCSBORF10061	3AT	1	REF	1	NULL	NULL	NULL	HNRNPK	ENSG00000165119	KHDRBS3
pilot3	CCSBORF4706	1	CCSBORF10061	3AT	1	1109A>G	0	NC_000009.12:83970818:T:C	CCSBVarC021699	ENSP00000365439.3:p.Asp370Gly	HNRNPK	ENSG00000165119	KHDRBS3
pilot3	CCSBORF4706	1	CCSBORF10061	3AT	1	1240C>T	0	NC_000009.12:83970282:G:A	CCSBVarC021705	ENSP00000365439.3:p.Arg414Cys	HNRNPK	ENSG00000165119	KHDRBS3
pilot3	CCSBORF4706	1	CCSBORF10061	3AT	1	1282G>A	0	NC_000009.12:83970240:C:T	CCSBVarC021708	ENSP00000365439.3:p.Glu428Lys	HNRNPK	ENSG00000165119	KHDRBS3
pilot3	CCSBORF4706	1	CCSBORF10061	3AT	1	137G>T	1	NC_000009.12:83977707:C:A	CCSBVarC021621	ENSP00000365439.3:p.Arg46Leu	HNRNPK	ENSG00000165119	KHDRBS3
pilot3	CCSBORF4706	1	CCSBORF10061	3AT	1	203T>G	2	NC_000009.12:83977004:A:C	CCSBVarC021624	ENSP00000365439.3:p.Leu68Arg	HNRNPK	ENSG00000165119	KHDRBS3
pilot3	CCSBORF4706	1	CCSBORF10061	3AT	1	248G>A	1	NC_000009.12:83975470:C:T	CCSBVarC021637	ENSP00000365439.3:p.Gly83Asp	HNRNPK	ENSG00000165119	KHDRBS3
pilot3	CCSBORF4706	1	CCSBORF10061	3AT	1	253G>A	1	NC_000009.12:83975465:C:T	CCSBVarC021659	ENSP00000365439.3:p.Glu85Lys	HNRNPK	ENSG00000165119	KHDRBS3
pilot3	CCSBORF4706	1	CCSBORF10061	3AT	1	257G>A	0	NC_000009.12:83975461:C:T	CCSBVarC021671	ENSP00000365439.3:p.Arg86His	HNRNPK	ENSG00000165119	KHDRBS3
pilot3	CCSBORF4706	1	CCSBORF10061	3AT	1	464T>C	3	NC_000009.12:83973337:A:G	CCSBVarC021678	ENSP00000365439.3:p.Leu155Pro	HNRNPK	ENSG00000165119	KHDRBS3
pilot3	CCSBORF4706	1	CCSBORF10061	3AT	1	566C>T	0	NC_000009.12:83972922:G:A	CCSBVarC021681	ENSP00000365439.3:p.Thr189Ile	HNRNPK	ENSG00000165119	KHDRBS3
pilot3	CCSBORF4706	1	CCSBORF10061	3AT	1	575T>G	3	NC_000009.12:83972913:A:C	CCSBVarC021689	ENSP00000365439.3:p.Val192Gly	HNRNPK	ENSG00000165119	KHDRBS3
pilot3	CCSBORF4706	1	CCSBORF10061	3AT	1	65G>A	0	NC_000009.12:83977779:C:T	CCSBVarC021617	ENSP00000365439.3:p.Arg22His	HNRNPK	ENSG00000165119	KHDRBS3
pilot3	CCSBORF4706	1	CCSBORF10061	3AT	1	792G>A	0	NC_000009.12:83972042:C:T	CCSBVarC021692	ENSP00000365439.3:p.Met264Ile	HNRNPK	ENSG00000165119	KHDRBS3
pilot3	CCSBORF4706	1	CCSBORF80385	3AT	1	REF	2117	NULL	NULL	NULL	HNRNPK	ENSG00000165119	KLF1
pilot3	CCSBORF4706	1	CCSBORF80385	3AT	1	1109A>G	286	NC_000009.12:83970818:T:C	CCSBVarC021699	ENSP00000365439.3:p.Asp370Gly	HNRNPK	ENSG00000165119	KLF1
pilot3	CCSBORF4706	1	CCSBORF80385	3AT	1	1240C>T	75	NC_000009.12:83970282:G:A	CCSBVarC021705	ENSP00000365439.3:p.Arg414Cys	HNRNPK	ENSG00000165119	KLF1
pilot3	CCSBORF4706	1	CCSBORF80385	3AT	1	1282G>A	144	NC_000009.12:83970240:C:T	CCSBVarC021708	ENSP00000365439.3:p.Glu428Lys	HNRNPK	ENSG00000165119	KLF1
pilot3	CCSBORF4706	1	CCSBORF80385	3AT	1	137G>T	1186	NC_000009.12:83977707:C:A	CCSBVarC021621	ENSP00000365439.3:p.Arg46Leu	HNRNPK	ENSG00000165119	KLF1
pilot3	CCSBORF4706	1	CCSBORF80385	3AT	1	203T>G	2324	NC_000009.12:83977004:A:C	CCSBVarC021624	ENSP00000365439.3:p.Leu68Arg	HNRNPK	ENSG00000165119	KLF1
pilot3	CCSBORF4706	1	CCSBORF80385	3AT	1	248G>A	1095	NC_000009.12:83975470:C:T	CCSBVarC021637	ENSP00000365439.3:p.Gly83Asp	HNRNPK	ENSG00000165119	KLF1
pilot3	CCSBORF4706	1	CCSBORF80385	3AT	1	253G>A	1464	NC_000009.12:83975465:C:T	CCSBVarC021659	ENSP00000365439.3:p.Glu85Lys	HNRNPK	ENSG00000165119	KLF1
pilot3	CCSBORF4706	1	CCSBORF80385	3AT	1	257G>A	611	NC_000009.12:83975461:C:T	CCSBVarC021671	ENSP00000365439.3:p.Arg86His	HNRNPK	ENSG00000165119	KLF1
pilot3	CCSBORF4706	1	CCSBORF80385	3AT	1	464T>C	3223	NC_000009.12:83973337:A:G	CCSBVarC021678	ENSP00000365439.3:p.Leu155Pro	HNRNPK	ENSG00000165119	KLF1
pilot3	CCSBORF4706	1	CCSBORF80385	3AT	1	566C>T	1361	NC_000009.12:83972922:G:A	CCSBVarC021681	ENSP00000365439.3:p.Thr189Ile	HNRNPK	ENSG00000165119	KLF1
pilot3	CCSBORF4706	1	CCSBORF80385	3AT	1	575T>G	934	NC_000009.12:83972913:A:C	CCSBVarC021689	ENSP00000365439.3:p.Val192Gly	HNRNPK	ENSG00000165119	KLF1
pilot3	CCSBORF4706	1	CCSBORF80385	3AT	1	65G>A	171	NC_000009.12:83977779:C:T	CCSBVarC021617	ENSP00000365439.3:p.Arg22His	HNRNPK	ENSG00000165119	KLF1
pilot3	CCSBORF4706	1	CCSBORF80385	3AT	1	792G>A	58	NC_000009.12:83972042:C:T	CCSBVarC021692	ENSP00000365439.3:p.Met264Ile	HNRNPK	ENSG00000165119	KLF1
pilot3	CCSBORF4706	1	CCSBORF282	3AT	1	REF	179	NULL	NULL	NULL	HNRNPK	ENSG00000165119	MATR3
pilot3	CCSBORF4706	1	CCSBORF282	3AT	1	1109A>G	36	NC_000009.12:83970818:T:C	CCSBVarC021699	ENSP00000365439.3:p.Asp370Gly	HNRNPK	ENSG00000165119	MATR3
pilot3	CCSBORF4706	1	CCSBORF282	3AT	1	1240C>T	8	NC_000009.12:83970282:G:A	CCSBVarC021705	ENSP00000365439.3:p.Arg414Cys	HNRNPK	ENSG00000165119	MATR3
pilot3	CCSBORF4706	1	CCSBORF282	3AT	1	1282G>A	23	NC_000009.12:83970240:C:T	CCSBVarC021708	ENSP00000365439.3:p.Glu428Lys	HNRNPK	ENSG00000165119	MATR3
pilot3	CCSBORF4706	1	CCSBORF282	3AT	1	137G>T	83	NC_000009.12:83977707:C:A	CCSBVarC021621	ENSP00000365439.3:p.Arg46Leu	HNRNPK	ENSG00000165119	MATR3
pilot3	CCSBORF4706	1	CCSBORF282	3AT	1	203T>G	109	NC_000009.12:83977004:A:C	CCSBVarC021624	ENSP00000365439.3:p.Leu68Arg	HNRNPK	ENSG00000165119	MATR3
pilot3	CCSBORF4706	1	CCSBORF282	3AT	1	248G>A	105	NC_000009.12:83975470:C:T	CCSBVarC021637	ENSP00000365439.3:p.Gly83Asp	HNRNPK	ENSG00000165119	MATR3
pilot3	CCSBORF4706	1	CCSBORF282	3AT	1	253G>A	102	NC_000009.12:83975465:C:T	CCSBVarC021659	ENSP00000365439.3:p.Glu85Lys	HNRNPK	ENSG00000165119	MATR3
pilot3	CCSBORF4706	1	CCSBORF282	3AT	1	257G>A	68	NC_000009.12:83975461:C:T	CCSBVarC021671	ENSP00000365439.3:p.Arg86His	HNRNPK	ENSG00000165119	MATR3
pilot3	CCSBORF4706	1	CCSBORF282	3AT	1	464T>C	319	NC_000009.12:83973337:A:G	CCSBVarC021678	ENSP00000365439.3:p.Leu155Pro	HNRNPK	ENSG00000165119	MATR3
pilot3	CCSBORF4706	1	CCSBORF282	3AT	1	566C>T	80	NC_000009.12:83972922:G:A	CCSBVarC021681	ENSP00000365439.3:p.Thr189Ile	HNRNPK	ENSG00000165119	MATR3
pilot3	CCSBORF4706	1	CCSBORF282	3AT	1	575T>G	138	NC_000009.12:83972913:A:C	CCSBVarC021689	ENSP00000365439.3:p.Val192Gly	HNRNPK	ENSG00000165119	MATR3
pilot3	CCSBORF4706	1	CCSBORF282	3AT	1	65G>A	60	NC_000009.12:83977779:C:T	CCSBVarC021617	ENSP00000365439.3:p.Arg22His	HNRNPK	ENSG00000165119	MATR3
pilot3	CCSBORF4706	1	CCSBORF282	3AT	1	792G>A	5	NC_000009.12:83972042:C:T	CCSBVarC021692	ENSP00000365439.3:p.Met264Ile	HNRNPK	ENSG00000165119	MATR3
pilot3	CCSBORF4706	1	CCSBORF8168	3AT	1	REF	1191	NULL	NULL	NULL	HNRNPK	ENSG00000165119	QKI
pilot3	CCSBORF4706	1	CCSBORF8168	3AT	1	1109A>G	126	NC_000009.12:83970818:T:C	CCSBVarC021699	ENSP00000365439.3:p.Asp370Gly	HNRNPK	ENSG00000165119	QKI
pilot3	CCSBORF4706	1	CCSBORF8168	3AT	1	1240C>T	118	NC_000009.12:83970282:G:A	CCSBVarC021705	ENSP00000365439.3:p.Arg414Cys	HNRNPK	ENSG00000165119	QKI
pilot3	CCSBORF4706	1	CCSBORF8168	3AT	1	1282G>A	266	NC_000009.12:83970240:C:T	CCSBVarC021708	ENSP00000365439.3:p.Glu428Lys	HNRNPK	ENSG00000165119	QKI
pilot3	CCSBORF4706	1	CCSBORF8168	3AT	1	137G>T	478	NC_000009.12:83977707:C:A	CCSBVarC021621	ENSP00000365439.3:p.Arg46Leu	HNRNPK	ENSG00000165119	QKI
pilot3	CCSBORF4706	1	CCSBORF8168	3AT	1	203T>G	967	NC_000009.12:83977004:A:C	CCSBVarC021624	ENSP00000365439.3:p.Leu68Arg	HNRNPK	ENSG00000165119	QKI
pilot3	CCSBORF4706	1	CCSBORF8168	3AT	1	248G>A	427	NC_000009.12:83975470:C:T	CCSBVarC021637	ENSP00000365439.3:p.Gly83Asp	HNRNPK	ENSG00000165119	QKI
pilot3	CCSBORF4706	1	CCSBORF8168	3AT	1	253G>A	370	NC_000009.12:83975465:C:T	CCSBVarC021659	ENSP00000365439.3:p.Glu85Lys	HNRNPK	ENSG00000165119	QKI
pilot3	CCSBORF4706	1	CCSBORF8168	3AT	1	257G>A	657	NC_000009.12:83975461:C:T	CCSBVarC021671	ENSP00000365439.3:p.Arg86His	HNRNPK	ENSG00000165119	QKI
pilot3	CCSBORF4706	1	CCSBORF8168	3AT	1	464T>C	2466	NC_000009.12:83973337:A:G	CCSBVarC021678	ENSP00000365439.3:p.Leu155Pro	HNRNPK	ENSG00000165119	QKI
pilot3	CCSBORF4706	1	CCSBORF8168	3AT	1	566C>T	540	NC_000009.12:83972922:G:A	CCSBVarC021681	ENSP00000365439.3:p.Thr189Ile	HNRNPK	ENSG00000165119	QKI
pilot3	CCSBORF4706	1	CCSBORF8168	3AT	1	575T>G	446	NC_000009.12:83972913:A:C	CCSBVarC021689	ENSP00000365439.3:p.Val192Gly	HNRNPK	ENSG00000165119	QKI
pilot3	CCSBORF4706	1	CCSBORF8168	3AT	1	65G>A	127	NC_000009.12:83977779:C:T	CCSBVarC021617	ENSP00000365439.3:p.Arg22His	HNRNPK	ENSG00000165119	QKI
pilot3	CCSBORF4706	1	CCSBORF8168	3AT	1	792G>A	43	NC_000009.12:83972042:C:T	CCSBVarC021692	ENSP00000365439.3:p.Met264Ile	HNRNPK	ENSG00000165119	QKI
pilot3	CCSBORF4706	1	CCSBORF9456	3AT	1	REF	1276	NULL	NULL	NULL	HNRNPK	ENSG00000165119	RASAL3
pilot3	CCSBORF4706	1	CCSBORF9456	3AT	1	1109A>G	111	NC_000009.12:83970818:T:C	CCSBVarC021699	ENSP00000365439.3:p.Asp370Gly	HNRNPK	ENSG00000165119	RASAL3
pilot3	CCSBORF4706	1	CCSBORF9456	3AT	1	1240C>T	10	NC_000009.12:83970282:G:A	CCSBVarC021705	ENSP00000365439.3:p.Arg414Cys	HNRNPK	ENSG00000165119	RASAL3
pilot3	CCSBORF4706	1	CCSBORF9456	3AT	1	1282G>A	230	NC_000009.12:83970240:C:T	CCSBVarC021708	ENSP00000365439.3:p.Glu428Lys	HNRNPK	ENSG00000165119	RASAL3
pilot3	CCSBORF4706	1	CCSBORF9456	3AT	1	137G>T	587	NC_000009.12:83977707:C:A	CCSBVarC021621	ENSP00000365439.3:p.Arg46Leu	HNRNPK	ENSG00000165119	RASAL3
pilot3	CCSBORF4706	1	CCSBORF9456	3AT	1	203T>G	1506	NC_000009.12:83977004:A:C	CCSBVarC021624	ENSP00000365439.3:p.Leu68Arg	HNRNPK	ENSG00000165119	RASAL3
pilot3	CCSBORF4706	1	CCSBORF9456	3AT	1	248G>A	483	NC_000009.12:83975470:C:T	CCSBVarC021637	ENSP00000365439.3:p.Gly83Asp	HNRNPK	ENSG00000165119	RASAL3
pilot3	CCSBORF4706	1	CCSBORF9456	3AT	1	253G>A	840	NC_000009.12:83975465:C:T	CCSBVarC021659	ENSP00000365439.3:p.Glu85Lys	HNRNPK	ENSG00000165119	RASAL3
pilot3	CCSBORF4706	1	CCSBORF9456	3AT	1	257G>A	632	NC_000009.12:83975461:C:T	CCSBVarC021671	ENSP00000365439.3:p.Arg86His	HNRNPK	ENSG00000165119	RASAL3
pilot3	CCSBORF4706	1	CCSBORF9456	3AT	1	464T>C	4077	NC_000009.12:83973337:A:G	CCSBVarC021678	ENSP00000365439.3:p.Leu155Pro	HNRNPK	ENSG00000165119	RASAL3
pilot3	CCSBORF4706	1	CCSBORF9456	3AT	1	566C>T	463	NC_000009.12:83972922:G:A	CCSBVarC021681	ENSP00000365439.3:p.Thr189Ile	HNRNPK	ENSG00000165119	RASAL3
pilot3	CCSBORF4706	1	CCSBORF9456	3AT	1	575T>G	371	NC_000009.12:83972913:A:C	CCSBVarC021689	ENSP00000365439.3:p.Val192Gly	HNRNPK	ENSG00000165119	RASAL3
pilot3	CCSBORF4706	1	CCSBORF9456	3AT	1	65G>A	162	NC_000009.12:83977779:C:T	CCSBVarC021617	ENSP00000365439.3:p.Arg22His	HNRNPK	ENSG00000165119	RASAL3
pilot3	CCSBORF4706	1	CCSBORF9456	3AT	1	792G>A	7	NC_000009.12:83972042:C:T	CCSBVarC021692	ENSP00000365439.3:p.Met264Ile	HNRNPK	ENSG00000165119	RASAL3
pilot3	CCSBORF4706	1	CCSBORF4635	3AT	1	REF	1459	NULL	NULL	NULL	HNRNPK	ENSG00000165119	RBMX
pilot3	CCSBORF4706	1	CCSBORF4635	3AT	1	1109A>G	213	NC_000009.12:83970818:T:C	CCSBVarC021699	ENSP00000365439.3:p.Asp370Gly	HNRNPK	ENSG00000165119	RBMX
pilot3	CCSBORF4706	1	CCSBORF4635	3AT	1	1240C>T	51	NC_000009.12:83970282:G:A	CCSBVarC021705	ENSP00000365439.3:p.Arg414Cys	HNRNPK	ENSG00000165119	RBMX
pilot3	CCSBORF4706	1	CCSBORF4635	3AT	1	1282G>A	173	NC_000009.12:83970240:C:T	CCSBVarC021708	ENSP00000365439.3:p.Glu428Lys	HNRNPK	ENSG00000165119	RBMX
pilot3	CCSBORF4706	1	CCSBORF4635	3AT	1	137G>T	813	NC_000009.12:83977707:C:A	CCSBVarC021621	ENSP00000365439.3:p.Arg46Leu	HNRNPK	ENSG00000165119	RBMX
pilot3	CCSBORF4706	1	CCSBORF4635	3AT	1	203T>G	1715	NC_000009.12:83977004:A:C	CCSBVarC021624	ENSP00000365439.3:p.Leu68Arg	HNRNPK	ENSG00000165119	RBMX
pilot3	CCSBORF4706	1	CCSBORF4635	3AT	1	248G>A	763	NC_000009.12:83975470:C:T	CCSBVarC021637	ENSP00000365439.3:p.Gly83Asp	HNRNPK	ENSG00000165119	RBMX
pilot3	CCSBORF4706	1	CCSBORF4635	3AT	1	253G>A	1788	NC_000009.12:83975465:C:T	CCSBVarC021659	ENSP00000365439.3:p.Glu85Lys	HNRNPK	ENSG00000165119	RBMX
pilot3	CCSBORF4706	1	CCSBORF4635	3AT	1	257G>A	696	NC_000009.12:83975461:C:T	CCSBVarC021671	ENSP00000365439.3:p.Arg86His	HNRNPK	ENSG00000165119	RBMX
pilot3	CCSBORF4706	1	CCSBORF4635	3AT	1	464T>C	2523	NC_000009.12:83973337:A:G	CCSBVarC021678	ENSP00000365439.3:p.Leu155Pro	HNRNPK	ENSG00000165119	RBMX
pilot3	CCSBORF4706	1	CCSBORF4635	3AT	1	566C>T	1086	NC_000009.12:83972922:G:A	CCSBVarC021681	ENSP00000365439.3:p.Thr189Ile	HNRNPK	ENSG00000165119	RBMX
pilot3	CCSBORF4706	1	CCSBORF4635	3AT	1	575T>G	850	NC_000009.12:83972913:A:C	CCSBVarC021689	ENSP00000365439.3:p.Val192Gly	HNRNPK	ENSG00000165119	RBMX
pilot3	CCSBORF4706	1	CCSBORF4635	3AT	1	65G>A	112	NC_000009.12:83977779:C:T	CCSBVarC021617	ENSP00000365439.3:p.Arg22His	HNRNPK	ENSG00000165119	RBMX
pilot3	CCSBORF4706	1	CCSBORF4635	3AT	1	792G>A	35	NC_000009.12:83972042:C:T	CCSBVarC021692	ENSP00000365439.3:p.Met264Ile	HNRNPK	ENSG00000165119	RBMX
pilot3	CCSBORF4706	1	CCSBORF14935	3AT	1	REF	338	NULL	NULL	NULL	HNRNPK	ENSG00000165119	RBMY1D
pilot3	CCSBORF4706	1	CCSBORF14935	3AT	1	1109A>G	53	NC_000009.12:83970818:T:C	CCSBVarC021699	ENSP00000365439.3:p.Asp370Gly	HNRNPK	ENSG00000165119	RBMY1D
pilot3	CCSBORF4706	1	CCSBORF14935	3AT	1	1240C>T	8	NC_000009.12:83970282:G:A	CCSBVarC021705	ENSP00000365439.3:p.Arg414Cys	HNRNPK	ENSG00000165119	RBMY1D
pilot3	CCSBORF4706	1	CCSBORF14935	3AT	1	1282G>A	36	NC_000009.12:83970240:C:T	CCSBVarC021708	ENSP00000365439.3:p.Glu428Lys	HNRNPK	ENSG00000165119	RBMY1D
pilot3	CCSBORF4706	1	CCSBORF14935	3AT	1	137G>T	112	NC_000009.12:83977707:C:A	CCSBVarC021621	ENSP00000365439.3:p.Arg46Leu	HNRNPK	ENSG00000165119	RBMY1D
pilot3	CCSBORF4706	1	CCSBORF14935	3AT	1	203T>G	237	NC_000009.12:83977004:A:C	CCSBVarC021624	ENSP00000365439.3:p.Leu68Arg	HNRNPK	ENSG00000165119	RBMY1D
pilot3	CCSBORF4706	1	CCSBORF14935	3AT	1	248G>A	97	NC_000009.12:83975470:C:T	CCSBVarC021637	ENSP00000365439.3:p.Gly83Asp	HNRNPK	ENSG00000165119	RBMY1D
pilot3	CCSBORF4706	1	CCSBORF14935	3AT	1	253G>A	229	NC_000009.12:83975465:C:T	CCSBVarC021659	ENSP00000365439.3:p.Glu85Lys	HNRNPK	ENSG00000165119	RBMY1D
pilot3	CCSBORF4706	1	CCSBORF14935	3AT	1	257G>A	78	NC_000009.12:83975461:C:T	CCSBVarC021671	ENSP00000365439.3:p.Arg86His	HNRNPK	ENSG00000165119	RBMY1D
pilot3	CCSBORF4706	1	CCSBORF14935	3AT	1	464T>C	661	NC_000009.12:83973337:A:G	CCSBVarC021678	ENSP00000365439.3:p.Leu155Pro	HNRNPK	ENSG00000165119	RBMY1D
pilot3	CCSBORF4706	1	CCSBORF14935	3AT	1	566C>T	174	NC_000009.12:83972922:G:A	CCSBVarC021681	ENSP00000365439.3:p.Thr189Ile	HNRNPK	ENSG00000165119	RBMY1D
pilot3	CCSBORF4706	1	CCSBORF14935	3AT	1	575T>G	110	NC_000009.12:83972913:A:C	CCSBVarC021689	ENSP00000365439.3:p.Val192Gly	HNRNPK	ENSG00000165119	RBMY1D
pilot3	CCSBORF4706	1	CCSBORF14935	3AT	1	65G>A	23	NC_000009.12:83977779:C:T	CCSBVarC021617	ENSP00000365439.3:p.Arg22His	HNRNPK	ENSG00000165119	RBMY1D
pilot3	CCSBORF4706	1	CCSBORF14935	3AT	1	792G>A	6	NC_000009.12:83972042:C:T	CCSBVarC021692	ENSP00000365439.3:p.Met264Ile	HNRNPK	ENSG00000165119	RBMY1D
pilot3	CCSBORF4706	1	CCSBORF1940	3AT	1	REF	751	NULL	NULL	NULL	HNRNPK	ENSG00000165119	RBMY1J
pilot3	CCSBORF4706	1	CCSBORF1940	3AT	1	1109A>G	189	NC_000009.12:83970818:T:C	CCSBVarC021699	ENSP00000365439.3:p.Asp370Gly	HNRNPK	ENSG00000165119	RBMY1J
pilot3	CCSBORF4706	1	CCSBORF1940	3AT	1	1240C>T	12	NC_000009.12:83970282:G:A	CCSBVarC021705	ENSP00000365439.3:p.Arg414Cys	HNRNPK	ENSG00000165119	RBMY1J
pilot3	CCSBORF4706	1	CCSBORF1940	3AT	1	1282G>A	118	NC_000009.12:83970240:C:T	CCSBVarC021708	ENSP00000365439.3:p.Glu428Lys	HNRNPK	ENSG00000165119	RBMY1J
pilot3	CCSBORF4706	1	CCSBORF1940	3AT	1	137G>T	296	NC_000009.12:83977707:C:A	CCSBVarC021621	ENSP00000365439.3:p.Arg46Leu	HNRNPK	ENSG00000165119	RBMY1J
pilot3	CCSBORF4706	1	CCSBORF1940	3AT	1	203T>G	512	NC_000009.12:83977004:A:C	CCSBVarC021624	ENSP00000365439.3:p.Leu68Arg	HNRNPK	ENSG00000165119	RBMY1J
pilot3	CCSBORF4706	1	CCSBORF1940	3AT	1	248G>A	269	NC_000009.12:83975470:C:T	CCSBVarC021637	ENSP00000365439.3:p.Gly83Asp	HNRNPK	ENSG00000165119	RBMY1J
pilot3	CCSBORF4706	1	CCSBORF1940	3AT	1	253G>A	504	NC_000009.12:83975465:C:T	CCSBVarC021659	ENSP00000365439.3:p.Glu85Lys	HNRNPK	ENSG00000165119	RBMY1J
pilot3	CCSBORF4706	1	CCSBORF1940	3AT	1	257G>A	252	NC_000009.12:83975461:C:T	CCSBVarC021671	ENSP00000365439.3:p.Arg86His	HNRNPK	ENSG00000165119	RBMY1J
pilot3	CCSBORF4706	1	CCSBORF1940	3AT	1	464T>C	1080	NC_000009.12:83973337:A:G	CCSBVarC021678	ENSP00000365439.3:p.Leu155Pro	HNRNPK	ENSG00000165119	RBMY1J
pilot3	CCSBORF4706	1	CCSBORF1940	3AT	1	566C>T	267	NC_000009.12:83972922:G:A	CCSBVarC021681	ENSP00000365439.3:p.Thr189Ile	HNRNPK	ENSG00000165119	RBMY1J
pilot3	CCSBORF4706	1	CCSBORF1940	3AT	1	575T>G	169	NC_000009.12:83972913:A:C	CCSBVarC021689	ENSP00000365439.3:p.Val192Gly	HNRNPK	ENSG00000165119	RBMY1J
pilot3	CCSBORF4706	1	CCSBORF1940	3AT	1	65G>A	95	NC_000009.12:83977779:C:T	CCSBVarC021617	ENSP00000365439.3:p.Arg22His	HNRNPK	ENSG00000165119	RBMY1J
pilot3	CCSBORF4706	1	CCSBORF1940	3AT	1	792G>A	49	NC_000009.12:83972042:C:T	CCSBVarC021692	ENSP00000365439.3:p.Met264Ile	HNRNPK	ENSG00000165119	RBMY1J
pilot3	CCSBORF4706	1	CCSBORF100069067	3AT	1	REF	864	NULL	NULL	NULL	HNRNPK	ENSG00000165119	RBPMS2
pilot3	CCSBORF4706	1	CCSBORF100069067	3AT	1	1109A>G	311	NC_000009.12:83970818:T:C	CCSBVarC021699	ENSP00000365439.3:p.Asp370Gly	HNRNPK	ENSG00000165119	RBPMS2
pilot3	CCSBORF4706	1	CCSBORF100069067	3AT	1	1240C>T	27	NC_000009.12:83970282:G:A	CCSBVarC021705	ENSP00000365439.3:p.Arg414Cys	HNRNPK	ENSG00000165119	RBPMS2
pilot3	CCSBORF4706	1	CCSBORF100069067	3AT	1	1282G>A	203	NC_000009.12:83970240:C:T	CCSBVarC021708	ENSP00000365439.3:p.Glu428Lys	HNRNPK	ENSG00000165119	RBPMS2
pilot3	CCSBORF4706	1	CCSBORF100069067	3AT	1	137G>T	327	NC_000009.12:83977707:C:A	CCSBVarC021621	ENSP00000365439.3:p.Arg46Leu	HNRNPK	ENSG00000165119	RBPMS2
pilot3	CCSBORF4706	1	CCSBORF100069067	3AT	1	203T>G	352	NC_000009.12:83977004:A:C	CCSBVarC021624	ENSP00000365439.3:p.Leu68Arg	HNRNPK	ENSG00000165119	RBPMS2
pilot3	CCSBORF4706	1	CCSBORF100069067	3AT	1	248G>A	172	NC_000009.12:83975470:C:T	CCSBVarC021637	ENSP00000365439.3:p.Gly83Asp	HNRNPK	ENSG00000165119	RBPMS2
pilot3	CCSBORF4706	1	CCSBORF100069067	3AT	1	253G>A	752	NC_000009.12:83975465:C:T	CCSBVarC021659	ENSP00000365439.3:p.Glu85Lys	HNRNPK	ENSG00000165119	RBPMS2
pilot3	CCSBORF4706	1	CCSBORF100069067	3AT	1	257G>A	167	NC_000009.12:83975461:C:T	CCSBVarC021671	ENSP00000365439.3:p.Arg86His	HNRNPK	ENSG00000165119	RBPMS2
pilot3	CCSBORF4706	1	CCSBORF100069067	3AT	1	464T>C	1074	NC_000009.12:83973337:A:G	CCSBVarC021678	ENSP00000365439.3:p.Leu155Pro	HNRNPK	ENSG00000165119	RBPMS2
pilot3	CCSBORF4706	1	CCSBORF100069067	3AT	1	566C>T	359	NC_000009.12:83972922:G:A	CCSBVarC021681	ENSP00000365439.3:p.Thr189Ile	HNRNPK	ENSG00000165119	RBPMS2
pilot3	CCSBORF4706	1	CCSBORF100069067	3AT	1	575T>G	176	NC_000009.12:83972913:A:C	CCSBVarC021689	ENSP00000365439.3:p.Val192Gly	HNRNPK	ENSG00000165119	RBPMS2
pilot3	CCSBORF4706	1	CCSBORF100069067	3AT	1	65G>A	36	NC_000009.12:83977779:C:T	CCSBVarC021617	ENSP00000365439.3:p.Arg22His	HNRNPK	ENSG00000165119	RBPMS2
pilot3	CCSBORF4706	1	CCSBORF100069067	3AT	1	792G>A	38	NC_000009.12:83972042:C:T	CCSBVarC021692	ENSP00000365439.3:p.Met264Ile	HNRNPK	ENSG00000165119	RBPMS2
pilot3	CCSBORF4706	1	CCSBORF4671	3AT	1	REF	365	NULL	NULL	NULL	HNRNPK	ENSG00000165119	SNRPA
pilot3	CCSBORF4706	1	CCSBORF4671	3AT	1	1109A>G	53	NC_000009.12:83970818:T:C	CCSBVarC021699	ENSP00000365439.3:p.Asp370Gly	HNRNPK	ENSG00000165119	SNRPA
pilot3	CCSBORF4706	1	CCSBORF4671	3AT	1	1240C>T	12	NC_000009.12:83970282:G:A	CCSBVarC021705	ENSP00000365439.3:p.Arg414Cys	HNRNPK	ENSG00000165119	SNRPA
pilot3	CCSBORF4706	1	CCSBORF4671	3AT	1	1282G>A	95	NC_000009.12:83970240:C:T	CCSBVarC021708	ENSP00000365439.3:p.Glu428Lys	HNRNPK	ENSG00000165119	SNRPA
pilot3	CCSBORF4706	1	CCSBORF4671	3AT	1	137G>T	136	NC_000009.12:83977707:C:A	CCSBVarC021621	ENSP00000365439.3:p.Arg46Leu	HNRNPK	ENSG00000165119	SNRPA
pilot3	CCSBORF4706	1	CCSBORF4671	3AT	1	203T>G	2002	NC_000009.12:83977004:A:C	CCSBVarC021624	ENSP00000365439.3:p.Leu68Arg	HNRNPK	ENSG00000165119	SNRPA
pilot3	CCSBORF4706	1	CCSBORF4671	3AT	1	248G>A	91	NC_000009.12:83975470:C:T	CCSBVarC021637	ENSP00000365439.3:p.Gly83Asp	HNRNPK	ENSG00000165119	SNRPA
pilot3	CCSBORF4706	1	CCSBORF4671	3AT	1	253G>A	3756	NC_000009.12:83975465:C:T	CCSBVarC021659	ENSP00000365439.3:p.Glu85Lys	HNRNPK	ENSG00000165119	SNRPA
pilot3	CCSBORF4706	1	CCSBORF4671	3AT	1	257G>A	141	NC_000009.12:83975461:C:T	CCSBVarC021671	ENSP00000365439.3:p.Arg86His	HNRNPK	ENSG00000165119	SNRPA
pilot3	CCSBORF4706	1	CCSBORF4671	3AT	1	464T>C	2795	NC_000009.12:83973337:A:G	CCSBVarC021678	ENSP00000365439.3:p.Leu155Pro	HNRNPK	ENSG00000165119	SNRPA
pilot3	CCSBORF4706	1	CCSBORF4671	3AT	1	566C>T	96	NC_000009.12:83972922:G:A	CCSBVarC021681	ENSP00000365439.3:p.Thr189Ile	HNRNPK	ENSG00000165119	SNRPA
pilot3	CCSBORF4706	1	CCSBORF4671	3AT	1	575T>G	36	NC_000009.12:83972913:A:C	CCSBVarC021689	ENSP00000365439.3:p.Val192Gly	HNRNPK	ENSG00000165119	SNRPA
pilot3	CCSBORF4706	1	CCSBORF4671	3AT	1	65G>A	87	NC_000009.12:83977779:C:T	CCSBVarC021617	ENSP00000365439.3:p.Arg22His	HNRNPK	ENSG00000165119	SNRPA
pilot3	CCSBORF4706	1	CCSBORF4671	3AT	1	792G>A	2	NC_000009.12:83972042:C:T	CCSBVarC021692	ENSP00000365439.3:p.Met264Ile	HNRNPK	ENSG00000165119	SNRPA
pilot3	CCSBORF4706	1	CCSBORF55625	3AT	1	REF	641	NULL	NULL	NULL	HNRNPK	ENSG00000165119	SORBS3
pilot3	CCSBORF4706	1	CCSBORF55625	3AT	1	1109A>G	85	NC_000009.12:83970818:T:C	CCSBVarC021699	ENSP00000365439.3:p.Asp370Gly	HNRNPK	ENSG00000165119	SORBS3
pilot3	CCSBORF4706	1	CCSBORF55625	3AT	1	1240C>T	8	NC_000009.12:83970282:G:A	CCSBVarC021705	ENSP00000365439.3:p.Arg414Cys	HNRNPK	ENSG00000165119	SORBS3
pilot3	CCSBORF4706	1	CCSBORF55625	3AT	1	1282G>A	38	NC_000009.12:83970240:C:T	CCSBVarC021708	ENSP00000365439.3:p.Glu428Lys	HNRNPK	ENSG00000165119	SORBS3
pilot3	CCSBORF4706	1	CCSBORF55625	3AT	1	137G>T	291	NC_000009.12:83977707:C:A	CCSBVarC021621	ENSP00000365439.3:p.Arg46Leu	HNRNPK	ENSG00000165119	SORBS3
pilot3	CCSBORF4706	1	CCSBORF55625	3AT	1	203T>G	1282	NC_000009.12:83977004:A:C	CCSBVarC021624	ENSP00000365439.3:p.Leu68Arg	HNRNPK	ENSG00000165119	SORBS3
pilot3	CCSBORF4706	1	CCSBORF55625	3AT	1	248G>A	505	NC_000009.12:83975470:C:T	CCSBVarC021637	ENSP00000365439.3:p.Gly83Asp	HNRNPK	ENSG00000165119	SORBS3
pilot3	CCSBORF4706	1	CCSBORF55625	3AT	1	253G>A	523	NC_000009.12:83975465:C:T	CCSBVarC021659	ENSP00000365439.3:p.Glu85Lys	HNRNPK	ENSG00000165119	SORBS3
pilot3	CCSBORF4706	1	CCSBORF55625	3AT	1	257G>A	197	NC_000009.12:83975461:C:T	CCSBVarC021671	ENSP00000365439.3:p.Arg86His	HNRNPK	ENSG00000165119	SORBS3
pilot3	CCSBORF4706	1	CCSBORF55625	3AT	1	464T>C	961	NC_000009.12:83973337:A:G	CCSBVarC021678	ENSP00000365439.3:p.Leu155Pro	HNRNPK	ENSG00000165119	SORBS3
pilot3	CCSBORF4706	1	CCSBORF55625	3AT	1	566C>T	340	NC_000009.12:83972922:G:A	CCSBVarC021681	ENSP00000365439.3:p.Thr189Ile	HNRNPK	ENSG00000165119	SORBS3
pilot3	CCSBORF4706	1	CCSBORF55625	3AT	1	575T>G	272	NC_000009.12:83972913:A:C	CCSBVarC021689	ENSP00000365439.3:p.Val192Gly	HNRNPK	ENSG00000165119	SORBS3
pilot3	CCSBORF4706	1	CCSBORF55625	3AT	1	65G>A	19	NC_000009.12:83977779:C:T	CCSBVarC021617	ENSP00000365439.3:p.Arg22His	HNRNPK	ENSG00000165119	SORBS3
pilot3	CCSBORF4706	1	CCSBORF55625	3AT	1	792G>A	16	NC_000009.12:83972042:C:T	CCSBVarC021692	ENSP00000365439.3:p.Met264Ile	HNRNPK	ENSG00000165119	SORBS3
pilot3	CCSBORF4706	1	CCSBORF891	3AT	1	REF	504	NULL	NULL	NULL	HNRNPK	ENSG00000165119	SRSF3
pilot3	CCSBORF4706	1	CCSBORF891	3AT	1	1109A>G	101	NC_000009.12:83970818:T:C	CCSBVarC021699	ENSP00000365439.3:p.Asp370Gly	HNRNPK	ENSG00000165119	SRSF3
pilot3	CCSBORF4706	1	CCSBORF891	3AT	1	1240C>T	12	NC_000009.12:83970282:G:A	CCSBVarC021705	ENSP00000365439.3:p.Arg414Cys	HNRNPK	ENSG00000165119	SRSF3
pilot3	CCSBORF4706	1	CCSBORF891	3AT	1	1282G>A	108	NC_000009.12:83970240:C:T	CCSBVarC021708	ENSP00000365439.3:p.Glu428Lys	HNRNPK	ENSG00000165119	SRSF3
pilot3	CCSBORF4706	1	CCSBORF891	3AT	1	137G>T	313	NC_000009.12:83977707:C:A	CCSBVarC021621	ENSP00000365439.3:p.Arg46Leu	HNRNPK	ENSG00000165119	SRSF3
pilot3	CCSBORF4706	1	CCSBORF891	3AT	1	203T>G	1404	NC_000009.12:83977004:A:C	CCSBVarC021624	ENSP00000365439.3:p.Leu68Arg	HNRNPK	ENSG00000165119	SRSF3
pilot3	CCSBORF4706	1	CCSBORF891	3AT	1	248G>A	362	NC_000009.12:83975470:C:T	CCSBVarC021637	ENSP00000365439.3:p.Gly83Asp	HNRNPK	ENSG00000165119	SRSF3
pilot3	CCSBORF4706	1	CCSBORF891	3AT	1	253G>A	552	NC_000009.12:83975465:C:T	CCSBVarC021659	ENSP00000365439.3:p.Glu85Lys	HNRNPK	ENSG00000165119	SRSF3
pilot3	CCSBORF4706	1	CCSBORF891	3AT	1	257G>A	249	NC_000009.12:83975461:C:T	CCSBVarC021671	ENSP00000365439.3:p.Arg86His	HNRNPK	ENSG00000165119	SRSF3
pilot3	CCSBORF4706	1	CCSBORF891	3AT	1	464T>C	4749	NC_000009.12:83973337:A:G	CCSBVarC021678	ENSP00000365439.3:p.Leu155Pro	HNRNPK	ENSG00000165119	SRSF3
pilot3	CCSBORF4706	1	CCSBORF891	3AT	1	566C>T	568	NC_000009.12:83972922:G:A	CCSBVarC021681	ENSP00000365439.3:p.Thr189Ile	HNRNPK	ENSG00000165119	SRSF3
pilot3	CCSBORF4706	1	CCSBORF891	3AT	1	575T>G	381	NC_000009.12:83972913:A:C	CCSBVarC021689	ENSP00000365439.3:p.Val192Gly	HNRNPK	ENSG00000165119	SRSF3
pilot3	CCSBORF4706	1	CCSBORF891	3AT	1	65G>A	232	NC_000009.12:83977779:C:T	CCSBVarC021617	ENSP00000365439.3:p.Arg22His	HNRNPK	ENSG00000165119	SRSF3
pilot3	CCSBORF4706	1	CCSBORF891	3AT	1	792G>A	34	NC_000009.12:83972042:C:T	CCSBVarC021692	ENSP00000365439.3:p.Met264Ile	HNRNPK	ENSG00000165119	SRSF3
pilot3	CCSBORF4706	1	CCSBORF252	3AT	1	REF	1140	NULL	NULL	NULL	HNRNPK	ENSG00000165119	ZNF408
pilot3	CCSBORF4706	1	CCSBORF252	3AT	1	1109A>G	258	NC_000009.12:83970818:T:C	CCSBVarC021699	ENSP00000365439.3:p.Asp370Gly	HNRNPK	ENSG00000165119	ZNF408
pilot3	CCSBORF4706	1	CCSBORF252	3AT	1	1240C>T	77	NC_000009.12:83970282:G:A	CCSBVarC021705	ENSP00000365439.3:p.Arg414Cys	HNRNPK	ENSG00000165119	ZNF408
pilot3	CCSBORF4706	1	CCSBORF252	3AT	1	1282G>A	380	NC_000009.12:83970240:C:T	CCSBVarC021708	ENSP00000365439.3:p.Glu428Lys	HNRNPK	ENSG00000165119	ZNF408
pilot3	CCSBORF4706	1	CCSBORF252	3AT	1	137G>T	762	NC_000009.12:83977707:C:A	CCSBVarC021621	ENSP00000365439.3:p.Arg46Leu	HNRNPK	ENSG00000165119	ZNF408
pilot3	CCSBORF4706	1	CCSBORF252	3AT	1	203T>G	315	NC_000009.12:83977004:A:C	CCSBVarC021624	ENSP00000365439.3:p.Leu68Arg	HNRNPK	ENSG00000165119	ZNF408
pilot3	CCSBORF4706	1	CCSBORF252	3AT	1	248G>A	1864	NC_000009.12:83975470:C:T	CCSBVarC021637	ENSP00000365439.3:p.Gly83Asp	HNRNPK	ENSG00000165119	ZNF408
pilot3	CCSBORF4706	1	CCSBORF252	3AT	1	253G>A	31	NC_000009.12:83975465:C:T	CCSBVarC021659	ENSP00000365439.3:p.Glu85Lys	HNRNPK	ENSG00000165119	ZNF408
pilot3	CCSBORF4706	1	CCSBORF252	3AT	1	257G>A	1371	NC_000009.12:83975461:C:T	CCSBVarC021671	ENSP00000365439.3:p.Arg86His	HNRNPK	ENSG00000165119	ZNF408
pilot3	CCSBORF4706	1	CCSBORF252	3AT	1	464T>C	5662	NC_000009.12:83973337:A:G	CCSBVarC021678	ENSP00000365439.3:p.Leu155Pro	HNRNPK	ENSG00000165119	ZNF408
pilot3	CCSBORF4706	1	CCSBORF252	3AT	1	566C>T	967	NC_000009.12:83972922:G:A	CCSBVarC021681	ENSP00000365439.3:p.Thr189Ile	HNRNPK	ENSG00000165119	ZNF408
pilot3	CCSBORF4706	1	CCSBORF252	3AT	1	575T>G	4	NC_000009.12:83972913:A:C	CCSBVarC021689	ENSP00000365439.3:p.Val192Gly	HNRNPK	ENSG00000165119	ZNF408
pilot3	CCSBORF4706	1	CCSBORF252	3AT	1	65G>A	13	NC_000009.12:83977779:C:T	CCSBVarC021617	ENSP00000365439.3:p.Arg22His	HNRNPK	ENSG00000165119	ZNF408
pilot3	CCSBORF4706	1	CCSBORF252	3AT	1	792G>A	99	NC_000009.12:83972042:C:T	CCSBVarC021692	ENSP00000365439.3:p.Met264Ile	HNRNPK	ENSG00000165119	ZNF408
pilot3	CCSBORF4706	1	CCSBORF6112	3AT	1	REF	1104	NULL	NULL	NULL	HNRNPK	ENSG00000165119	ZNF526
pilot3	CCSBORF4706	1	CCSBORF6112	3AT	1	1109A>G	1161	NC_000009.12:83970818:T:C	CCSBVarC021699	ENSP00000365439.3:p.Asp370Gly	HNRNPK	ENSG00000165119	ZNF526
pilot3	CCSBORF4706	1	CCSBORF6112	3AT	1	1240C>T	161	NC_000009.12:83970282:G:A	CCSBVarC021705	ENSP00000365439.3:p.Arg414Cys	HNRNPK	ENSG00000165119	ZNF526
pilot3	CCSBORF4706	1	CCSBORF6112	3AT	1	1282G>A	652	NC_000009.12:83970240:C:T	CCSBVarC021708	ENSP00000365439.3:p.Glu428Lys	HNRNPK	ENSG00000165119	ZNF526
pilot3	CCSBORF4706	1	CCSBORF6112	3AT	1	137G>T	855	NC_000009.12:83977707:C:A	CCSBVarC021621	ENSP00000365439.3:p.Arg46Leu	HNRNPK	ENSG00000165119	ZNF526
pilot3	CCSBORF4706	1	CCSBORF6112	3AT	1	203T>G	1733	NC_000009.12:83977004:A:C	CCSBVarC021624	ENSP00000365439.3:p.Leu68Arg	HNRNPK	ENSG00000165119	ZNF526
pilot3	CCSBORF4706	1	CCSBORF6112	3AT	1	248G>A	1213	NC_000009.12:83975470:C:T	CCSBVarC021637	ENSP00000365439.3:p.Gly83Asp	HNRNPK	ENSG00000165119	ZNF526
pilot3	CCSBORF4706	1	CCSBORF6112	3AT	1	253G>A	240	NC_000009.12:83975465:C:T	CCSBVarC021659	ENSP00000365439.3:p.Glu85Lys	HNRNPK	ENSG00000165119	ZNF526
pilot3	CCSBORF4706	1	CCSBORF6112	3AT	1	257G>A	1281	NC_000009.12:83975461:C:T	CCSBVarC021671	ENSP00000365439.3:p.Arg86His	HNRNPK	ENSG00000165119	ZNF526
pilot3	CCSBORF4706	1	CCSBORF6112	3AT	1	464T>C	3101	NC_000009.12:83973337:A:G	CCSBVarC021678	ENSP00000365439.3:p.Leu155Pro	HNRNPK	ENSG00000165119	ZNF526
pilot3	CCSBORF4706	1	CCSBORF6112	3AT	1	566C>T	892	NC_000009.12:83972922:G:A	CCSBVarC021681	ENSP00000365439.3:p.Thr189Ile	HNRNPK	ENSG00000165119	ZNF526
pilot3	CCSBORF4706	1	CCSBORF6112	3AT	1	575T>G	82	NC_000009.12:83972913:A:C	CCSBVarC021689	ENSP00000365439.3:p.Val192Gly	HNRNPK	ENSG00000165119	ZNF526
pilot3	CCSBORF4706	1	CCSBORF6112	3AT	1	65G>A	85	NC_000009.12:83977779:C:T	CCSBVarC021617	ENSP00000365439.3:p.Arg22His	HNRNPK	ENSG00000165119	ZNF526
pilot3	CCSBORF4706	1	CCSBORF6112	3AT	1	792G>A	192	NC_000009.12:83972042:C:T	CCSBVarC021692	ENSP00000365439.3:p.Met264Ile	HNRNPK	ENSG00000165119	ZNF526
pilot3	CCSBORF4706	1	CCSBORF0	3AT	1	REF	11	NULL	NULL	NULL	HNRNPK	ENSG00000165119	empty_AD
pilot3	CCSBORF4706	1	CCSBORF0	3AT	1	1109A>G	11	NC_000009.12:83970818:T:C	CCSBVarC021699	ENSP00000365439.3:p.Asp370Gly	HNRNPK	ENSG00000165119	empty_AD
pilot3	CCSBORF4706	1	CCSBORF0	3AT	1	1240C>T	0	NC_000009.12:83970282:G:A	CCSBVarC021705	ENSP00000365439.3:p.Arg414Cys	HNRNPK	ENSG00000165119	empty_AD
pilot3	CCSBORF4706	1	CCSBORF0	3AT	1	1282G>A	1	NC_000009.12:83970240:C:T	CCSBVarC021708	ENSP00000365439.3:p.Glu428Lys	HNRNPK	ENSG00000165119	empty_AD
pilot3	CCSBORF4706	1	CCSBORF0	3AT	1	137G>T	18	NC_000009.12:83977707:C:A	CCSBVarC021621	ENSP00000365439.3:p.Arg46Leu	HNRNPK	ENSG00000165119	empty_AD
pilot3	CCSBORF4706	1	CCSBORF0	3AT	1	203T>G	858	NC_000009.12:83977004:A:C	CCSBVarC021624	ENSP00000365439.3:p.Leu68Arg	HNRNPK	ENSG00000165119	empty_AD
pilot3	CCSBORF4706	1	CCSBORF0	3AT	1	248G>A	40	NC_000009.12:83975470:C:T	CCSBVarC021637	ENSP00000365439.3:p.Gly83Asp	HNRNPK	ENSG00000165119	empty_AD
pilot3	CCSBORF4706	1	CCSBORF0	3AT	1	253G>A	76	NC_000009.12:83975465:C:T	CCSBVarC021659	ENSP00000365439.3:p.Glu85Lys	HNRNPK	ENSG00000165119	empty_AD
pilot3	CCSBORF4706	1	CCSBORF0	3AT	1	257G>A	35	NC_000009.12:83975461:C:T	CCSBVarC021671	ENSP00000365439.3:p.Arg86His	HNRNPK	ENSG00000165119	empty_AD
pilot3	CCSBORF4706	1	CCSBORF0	3AT	1	464T>C	571	NC_000009.12:83973337:A:G	CCSBVarC021678	ENSP00000365439.3:p.Leu155Pro	HNRNPK	ENSG00000165119	empty_AD
pilot3	CCSBORF4706	1	CCSBORF0	3AT	1	566C>T	161	NC_000009.12:83972922:G:A	CCSBVarC021681	ENSP00000365439.3:p.Thr189Ile	HNRNPK	ENSG00000165119	empty_AD
pilot3	CCSBORF4706	1	CCSBORF0	3AT	1	575T>G	111	NC_000009.12:83972913:A:C	CCSBVarC021689	ENSP00000365439.3:p.Val192Gly	HNRNPK	ENSG00000165119	empty_AD
pilot3	CCSBORF4706	1	CCSBORF0	3AT	1	65G>A	7	NC_000009.12:83977779:C:T	CCSBVarC021617	ENSP00000365439.3:p.Arg22His	HNRNPK	ENSG00000165119	empty_AD
pilot3	CCSBORF4706	1	CCSBORF0	3AT	1	792G>A	1	NC_000009.12:83972042:C:T	CCSBVarC021692	ENSP00000365439.3:p.Met264Ile	HNRNPK	ENSG00000165119	empty_AD
pilot3	CCSBORF5861	4	CCSBORF12279	3AT	1	REF	239	NULL	NULL	NULL	PPP2R1A	ENSG00000105568	CSDC2
pilot3	CCSBORF5861	4	CCSBORF12279	3AT	1	1030G>T	0	NC_000019.10:52216564:G:T	CCSBVarC023477	ENSP00000324804.6:p.Ala344Ser	PPP2R1A	ENSG00000105568	CSDC2
pilot3	CCSBORF5861	4	CCSBORF12279	3AT	1	1229A>T	153	NC_000019.10:52219790:A:T	CCSBVarC023479	ENSP00000324804.6:p.Glu410Val	PPP2R1A	ENSG00000105568	CSDC2
pilot3	CCSBORF5861	4	CCSBORF12279	3AT	1	1481A>G	271	NC_000019.10:52221095:A:G	CCSBVarC023482	ENSP00000324804.6:p.Asn494Ser	PPP2R1A	ENSG00000105568	CSDC2
pilot3	CCSBORF5861	4	CCSBORF12279	3AT	1	1493G>T	0	NC_000019.10:52221107:G:T	CCSBVarC023486	ENSP00000324804.6:p.Arg498Leu	PPP2R1A	ENSG00000105568	CSDC2
pilot3	CCSBORF5861	4	CCSBORF12279	3AT	1	1513A>G	43	NC_000019.10:52221127:A:G	CCSBVarC023489	ENSP00000324804.6:p.Ile505Val	PPP2R1A	ENSG00000105568	CSDC2
pilot3	CCSBORF5861	4	CCSBORF12279	3AT	1	1560C>G	100	NC_000019.10:52222139:C:G	CCSBVarC023493	ENSP00000324804.6:p.His520Gln	PPP2R1A	ENSG00000105568	CSDC2
pilot3	CCSBORF5861	4	CCSBORF12279	3AT	1	259C>T	52	NC_000019.10:52206051:C:T	CCSBVarC023336	ENSP00000324804.6:p.His87Tyr	PPP2R1A	ENSG00000105568	CSDC2
pilot3	CCSBORF5861	4	CCSBORF12279	3AT	1	331T>G	154	NC_000019.10:52211319:T:G	CCSBVarC023343	ENSP00000324804.6:p.Ser111Ala	PPP2R1A	ENSG00000105568	CSDC2
pilot3	CCSBORF5861	4	CCSBORF12279	3AT	1	352G>A	4	NC_000019.10:52211340:G:A	CCSBVarC023346	ENSP00000324804.6:p.Glu118Lys	PPP2R1A	ENSG00000105568	CSDC2
pilot3	CCSBORF5861	4	CCSBORF12279	3AT	1	377C>T	47	NC_000019.10:52211365:C:T	CCSBVarC023349	ENSP00000324804.6:p.Ala126Val	PPP2R1A	ENSG00000105568	CSDC2
pilot3	CCSBORF5861	4	CCSBORF12279	3AT	1	430C>T	1	NC_000019.10:52211418:C:T	CCSBVarC023352	ENSP00000324804.6:p.Arg144Cys	PPP2R1A	ENSG00000105568	CSDC2
pilot3	CCSBORF5861	4	CCSBORF12279	3AT	1	470G>A	41	NC_000019.10:52211458:G:A	CCSBVarC023356	ENSP00000324804.6:p.Arg157Gln	PPP2R1A	ENSG00000105568	CSDC2
pilot3	CCSBORF5861	4	CCSBORF12279	3AT	1	472G>C	0	NC_000019.10:52211460:G:C	CCSBVarC023359	ENSP00000324804.6:p.Val158Leu	PPP2R1A	ENSG00000105568	CSDC2
pilot3	CCSBORF5861	4	CCSBORF12279	3AT	1	522C>G	14	NC_000019.10:52212703:C:G	CCSBVarC023383	ENSP00000324804.6:p.Cys174Trp	PPP2R1A	ENSG00000105568	CSDC2
pilot3	CCSBORF5861	4	CCSBORF12279	3AT	1	532A>G	3	NC_000019.10:52212713:A:G	CCSBVarC023386	ENSP00000324804.6:p.Thr178Ala	PPP2R1A	ENSG00000105568	CSDC2
pilot3	CCSBORF5861	4	CCSBORF12279	3AT	1	536C>A	30	NC_000019.10:52212717:C:A	CCSBVarC023388	ENSP00000324804.6:p.Pro179His	PPP2R1A	ENSG00000105568	CSDC2
pilot3	CCSBORF5861	4	CCSBORF12279	3AT	1	536C>G	2	NC_000019.10:52212717:C:G	CCSBVarC023391	ENSP00000324804.6:p.Pro179Arg	PPP2R1A	ENSG00000105568	CSDC2
pilot3	CCSBORF5861	4	CCSBORF12279	3AT	1	536C>T	38	NC_000019.10:52212717:C:T	CCSBVarC023394	ENSP00000324804.6:p.Pro179Leu	PPP2R1A	ENSG00000105568	CSDC2
pilot3	CCSBORF5861	4	CCSBORF12279	3AT	1	538A>G	313	NC_000019.10:52212719:A:G	CCSBVarC023426	ENSP00000324804.6:p.Met180Val	PPP2R1A	ENSG00000105568	CSDC2
pilot3	CCSBORF5861	4	CCSBORF12279	3AT	1	539T>C	164	NC_000019.10:52212720:T:C	CCSBVarC023429	ENSP00000324804.6:p.Met180Thr	PPP2R1A	ENSG00000105568	CSDC2
pilot3	CCSBORF5861	4	CCSBORF12279	3AT	1	547C>G	19	NC_000019.10:52212728:C:G	CCSBVarC023437	ENSP00000324804.6:p.Arg183Gly	PPP2R1A	ENSG00000105568	CSDC2
pilot3	CCSBORF5861	4	CCSBORF12279	3AT	1	547C>T	5425	NC_000019.10:52212728:C:T	CCSBVarC023440	ENSP00000324804.6:p.Arg183Trp	PPP2R1A	ENSG00000105568	CSDC2
pilot3	CCSBORF5861	4	CCSBORF12279	3AT	1	548G>C	135	NC_000019.10:52212729:G:C	CCSBVarC023445	ENSP00000324804.6:p.Arg183Pro	PPP2R1A	ENSG00000105568	CSDC2
pilot3	CCSBORF5861	4	CCSBORF12279	3AT	1	553G>A	39	NC_000019.10:52212734:G:A	CCSBVarC023447	ENSP00000324804.6:p.Ala185Thr	PPP2R1A	ENSG00000105568	CSDC2
pilot3	CCSBORF5861	4	CCSBORF12279	3AT	1	658G>A	73	NC_000019.10:52212960:G:A	CCSBVarC023455	ENSP00000324804.6:p.Val220Met	PPP2R1A	ENSG00000105568	CSDC2
pilot3	CCSBORF5861	4	CCSBORF12279	3AT	1	694G>A	0	NC_000019.10:52212996:G:A	CCSBVarC023458	ENSP00000324804.6:p.Ala232Thr	PPP2R1A	ENSG00000105568	CSDC2
pilot3	CCSBORF5861	4	CCSBORF100062506	3AT	1	REF	778	NULL	NULL	NULL	PPP2R1A	ENSG00000105568	FBXO43
pilot3	CCSBORF5861	4	CCSBORF100062506	3AT	1	1030G>T	82	NC_000019.10:52216564:G:T	CCSBVarC023477	ENSP00000324804.6:p.Ala344Ser	PPP2R1A	ENSG00000105568	FBXO43
pilot3	CCSBORF5861	4	CCSBORF100062506	3AT	1	1229A>T	63	NC_000019.10:52219790:A:T	CCSBVarC023479	ENSP00000324804.6:p.Glu410Val	PPP2R1A	ENSG00000105568	FBXO43
pilot3	CCSBORF5861	4	CCSBORF100062506	3AT	1	1481A>G	2055	NC_000019.10:52221095:A:G	CCSBVarC023482	ENSP00000324804.6:p.Asn494Ser	PPP2R1A	ENSG00000105568	FBXO43
pilot3	CCSBORF5861	4	CCSBORF100062506	3AT	1	1493G>T	4	NC_000019.10:52221107:G:T	CCSBVarC023486	ENSP00000324804.6:p.Arg498Leu	PPP2R1A	ENSG00000105568	FBXO43
pilot3	CCSBORF5861	4	CCSBORF100062506	3AT	1	1513A>G	58	NC_000019.10:52221127:A:G	CCSBVarC023489	ENSP00000324804.6:p.Ile505Val	PPP2R1A	ENSG00000105568	FBXO43
pilot3	CCSBORF5861	4	CCSBORF100062506	3AT	1	1560C>G	285	NC_000019.10:52222139:C:G	CCSBVarC023493	ENSP00000324804.6:p.His520Gln	PPP2R1A	ENSG00000105568	FBXO43
pilot3	CCSBORF5861	4	CCSBORF100062506	3AT	1	259C>T	90	NC_000019.10:52206051:C:T	CCSBVarC023336	ENSP00000324804.6:p.His87Tyr	PPP2R1A	ENSG00000105568	FBXO43
pilot3	CCSBORF5861	4	CCSBORF100062506	3AT	1	331T>G	368	NC_000019.10:52211319:T:G	CCSBVarC023343	ENSP00000324804.6:p.Ser111Ala	PPP2R1A	ENSG00000105568	FBXO43
pilot3	CCSBORF5861	4	CCSBORF100062506	3AT	1	352G>A	24	NC_000019.10:52211340:G:A	CCSBVarC023346	ENSP00000324804.6:p.Glu118Lys	PPP2R1A	ENSG00000105568	FBXO43
pilot3	CCSBORF5861	4	CCSBORF100062506	3AT	1	377C>T	27	NC_000019.10:52211365:C:T	CCSBVarC023349	ENSP00000324804.6:p.Ala126Val	PPP2R1A	ENSG00000105568	FBXO43
pilot3	CCSBORF5861	4	CCSBORF100062506	3AT	1	430C>T	12	NC_000019.10:52211418:C:T	CCSBVarC023352	ENSP00000324804.6:p.Arg144Cys	PPP2R1A	ENSG00000105568	FBXO43
pilot3	CCSBORF5861	4	CCSBORF100062506	3AT	1	470G>A	232	NC_000019.10:52211458:G:A	CCSBVarC023356	ENSP00000324804.6:p.Arg157Gln	PPP2R1A	ENSG00000105568	FBXO43
pilot3	CCSBORF5861	4	CCSBORF100062506	3AT	1	472G>C	0	NC_000019.10:52211460:G:C	CCSBVarC023359	ENSP00000324804.6:p.Val158Leu	PPP2R1A	ENSG00000105568	FBXO43
pilot3	CCSBORF5861	4	CCSBORF100062506	3AT	1	522C>G	76	NC_000019.10:52212703:C:G	CCSBVarC023383	ENSP00000324804.6:p.Cys174Trp	PPP2R1A	ENSG00000105568	FBXO43
pilot3	CCSBORF5861	4	CCSBORF100062506	3AT	1	532A>G	218	NC_000019.10:52212713:A:G	CCSBVarC023386	ENSP00000324804.6:p.Thr178Ala	PPP2R1A	ENSG00000105568	FBXO43
pilot3	CCSBORF5861	4	CCSBORF100062506	3AT	1	536C>A	48	NC_000019.10:52212717:C:A	CCSBVarC023388	ENSP00000324804.6:p.Pro179His	PPP2R1A	ENSG00000105568	FBXO43
pilot3	CCSBORF5861	4	CCSBORF100062506	3AT	1	536C>G	27	NC_000019.10:52212717:C:G	CCSBVarC023391	ENSP00000324804.6:p.Pro179Arg	PPP2R1A	ENSG00000105568	FBXO43
pilot3	CCSBORF5861	4	CCSBORF100062506	3AT	1	536C>T	40	NC_000019.10:52212717:C:T	CCSBVarC023394	ENSP00000324804.6:p.Pro179Leu	PPP2R1A	ENSG00000105568	FBXO43
pilot3	CCSBORF5861	4	CCSBORF100062506	3AT	1	538A>G	849	NC_000019.10:52212719:A:G	CCSBVarC023426	ENSP00000324804.6:p.Met180Val	PPP2R1A	ENSG00000105568	FBXO43
pilot3	CCSBORF5861	4	CCSBORF100062506	3AT	1	539T>C	62	NC_000019.10:52212720:T:C	CCSBVarC023429	ENSP00000324804.6:p.Met180Thr	PPP2R1A	ENSG00000105568	FBXO43
pilot3	CCSBORF5861	4	CCSBORF100062506	3AT	1	547C>G	35	NC_000019.10:52212728:C:G	CCSBVarC023437	ENSP00000324804.6:p.Arg183Gly	PPP2R1A	ENSG00000105568	FBXO43
pilot3	CCSBORF5861	4	CCSBORF100062506	3AT	1	547C>T	1273	NC_000019.10:52212728:C:T	CCSBVarC023440	ENSP00000324804.6:p.Arg183Trp	PPP2R1A	ENSG00000105568	FBXO43
pilot3	CCSBORF5861	4	CCSBORF100062506	3AT	1	548G>C	221	NC_000019.10:52212729:G:C	CCSBVarC023445	ENSP00000324804.6:p.Arg183Pro	PPP2R1A	ENSG00000105568	FBXO43
pilot3	CCSBORF5861	4	CCSBORF100062506	3AT	1	553G>A	25	NC_000019.10:52212734:G:A	CCSBVarC023447	ENSP00000324804.6:p.Ala185Thr	PPP2R1A	ENSG00000105568	FBXO43
pilot3	CCSBORF5861	4	CCSBORF100062506	3AT	1	658G>A	837	NC_000019.10:52212960:G:A	CCSBVarC023455	ENSP00000324804.6:p.Val220Met	PPP2R1A	ENSG00000105568	FBXO43
pilot3	CCSBORF5861	4	CCSBORF100062506	3AT	1	694G>A	52	NC_000019.10:52212996:G:A	CCSBVarC023458	ENSP00000324804.6:p.Ala232Thr	PPP2R1A	ENSG00000105568	FBXO43
pilot3	CCSBORF5861	4	CCSBORF100061924	3AT	1	REF	978	NULL	NULL	NULL	PPP2R1A	ENSG00000105568	GOLGA6A
pilot3	CCSBORF5861	4	CCSBORF100061924	3AT	1	1030G>T	30	NC_000019.10:52216564:G:T	CCSBVarC023477	ENSP00000324804.6:p.Ala344Ser	PPP2R1A	ENSG00000105568	GOLGA6A
pilot3	CCSBORF5861	4	CCSBORF100061924	3AT	1	1229A>T	280	NC_000019.10:52219790:A:T	CCSBVarC023479	ENSP00000324804.6:p.Glu410Val	PPP2R1A	ENSG00000105568	GOLGA6A
pilot3	CCSBORF5861	4	CCSBORF100061924	3AT	1	1481A>G	1794	NC_000019.10:52221095:A:G	CCSBVarC023482	ENSP00000324804.6:p.Asn494Ser	PPP2R1A	ENSG00000105568	GOLGA6A
pilot3	CCSBORF5861	4	CCSBORF100061924	3AT	1	1493G>T	97	NC_000019.10:52221107:G:T	CCSBVarC023486	ENSP00000324804.6:p.Arg498Leu	PPP2R1A	ENSG00000105568	GOLGA6A
pilot3	CCSBORF5861	4	CCSBORF100061924	3AT	1	1513A>G	83	NC_000019.10:52221127:A:G	CCSBVarC023489	ENSP00000324804.6:p.Ile505Val	PPP2R1A	ENSG00000105568	GOLGA6A
pilot3	CCSBORF5861	4	CCSBORF100061924	3AT	1	1560C>G	615	NC_000019.10:52222139:C:G	CCSBVarC023493	ENSP00000324804.6:p.His520Gln	PPP2R1A	ENSG00000105568	GOLGA6A
pilot3	CCSBORF5861	4	CCSBORF100061924	3AT	1	259C>T	277	NC_000019.10:52206051:C:T	CCSBVarC023336	ENSP00000324804.6:p.His87Tyr	PPP2R1A	ENSG00000105568	GOLGA6A
pilot3	CCSBORF5861	4	CCSBORF100061924	3AT	1	331T>G	1008	NC_000019.10:52211319:T:G	CCSBVarC023343	ENSP00000324804.6:p.Ser111Ala	PPP2R1A	ENSG00000105568	GOLGA6A
pilot3	CCSBORF5861	4	CCSBORF100061924	3AT	1	352G>A	160	NC_000019.10:52211340:G:A	CCSBVarC023346	ENSP00000324804.6:p.Glu118Lys	PPP2R1A	ENSG00000105568	GOLGA6A
pilot3	CCSBORF5861	4	CCSBORF100061924	3AT	1	377C>T	86	NC_000019.10:52211365:C:T	CCSBVarC023349	ENSP00000324804.6:p.Ala126Val	PPP2R1A	ENSG00000105568	GOLGA6A
pilot3	CCSBORF5861	4	CCSBORF100061924	3AT	1	430C>T	110	NC_000019.10:52211418:C:T	CCSBVarC023352	ENSP00000324804.6:p.Arg144Cys	PPP2R1A	ENSG00000105568	GOLGA6A
pilot3	CCSBORF5861	4	CCSBORF100061924	3AT	1	470G>A	548	NC_000019.10:52211458:G:A	CCSBVarC023356	ENSP00000324804.6:p.Arg157Gln	PPP2R1A	ENSG00000105568	GOLGA6A
pilot3	CCSBORF5861	4	CCSBORF100061924	3AT	1	472G>C	0	NC_000019.10:52211460:G:C	CCSBVarC023359	ENSP00000324804.6:p.Val158Leu	PPP2R1A	ENSG00000105568	GOLGA6A
pilot3	CCSBORF5861	4	CCSBORF100061924	3AT	1	522C>G	47	NC_000019.10:52212703:C:G	CCSBVarC023383	ENSP00000324804.6:p.Cys174Trp	PPP2R1A	ENSG00000105568	GOLGA6A
pilot3	CCSBORF5861	4	CCSBORF100061924	3AT	1	532A>G	116	NC_000019.10:52212713:A:G	CCSBVarC023386	ENSP00000324804.6:p.Thr178Ala	PPP2R1A	ENSG00000105568	GOLGA6A
pilot3	CCSBORF5861	4	CCSBORF100061924	3AT	1	536C>A	7	NC_000019.10:52212717:C:A	CCSBVarC023388	ENSP00000324804.6:p.Pro179His	PPP2R1A	ENSG00000105568	GOLGA6A
pilot3	CCSBORF5861	4	CCSBORF100061924	3AT	1	536C>G	3	NC_000019.10:52212717:C:G	CCSBVarC023391	ENSP00000324804.6:p.Pro179Arg	PPP2R1A	ENSG00000105568	GOLGA6A
pilot3	CCSBORF5861	4	CCSBORF100061924	3AT	1	536C>T	34	NC_000019.10:52212717:C:T	CCSBVarC023394	ENSP00000324804.6:p.Pro179Leu	PPP2R1A	ENSG00000105568	GOLGA6A
pilot3	CCSBORF5861	4	CCSBORF100061924	3AT	1	538A>G	627	NC_000019.10:52212719:A:G	CCSBVarC023426	ENSP00000324804.6:p.Met180Val	PPP2R1A	ENSG00000105568	GOLGA6A
pilot3	CCSBORF5861	4	CCSBORF100061924	3AT	1	539T>C	151	NC_000019.10:52212720:T:C	CCSBVarC023429	ENSP00000324804.6:p.Met180Thr	PPP2R1A	ENSG00000105568	GOLGA6A
pilot3	CCSBORF5861	4	CCSBORF100061924	3AT	1	547C>G	2	NC_000019.10:52212728:C:G	CCSBVarC023437	ENSP00000324804.6:p.Arg183Gly	PPP2R1A	ENSG00000105568	GOLGA6A
pilot3	CCSBORF5861	4	CCSBORF100061924	3AT	1	547C>T	38	NC_000019.10:52212728:C:T	CCSBVarC023440	ENSP00000324804.6:p.Arg183Trp	PPP2R1A	ENSG00000105568	GOLGA6A
pilot3	CCSBORF5861	4	CCSBORF100061924	3AT	1	548G>C	4	NC_000019.10:52212729:G:C	CCSBVarC023445	ENSP00000324804.6:p.Arg183Pro	PPP2R1A	ENSG00000105568	GOLGA6A
pilot3	CCSBORF5861	4	CCSBORF100061924	3AT	1	553G>A	74	NC_000019.10:52212734:G:A	CCSBVarC023447	ENSP00000324804.6:p.Ala185Thr	PPP2R1A	ENSG00000105568	GOLGA6A
pilot3	CCSBORF5861	4	CCSBORF100061924	3AT	1	658G>A	1529	NC_000019.10:52212960:G:A	CCSBVarC023455	ENSP00000324804.6:p.Val220Met	PPP2R1A	ENSG00000105568	GOLGA6A
pilot3	CCSBORF5861	4	CCSBORF100061924	3AT	1	694G>A	10	NC_000019.10:52212996:G:A	CCSBVarC023458	ENSP00000324804.6:p.Ala232Thr	PPP2R1A	ENSG00000105568	GOLGA6A
pilot3	CCSBORF5861	4	CCSBORF52950	3AT	1	REF	367	NULL	NULL	NULL	PPP2R1A	ENSG00000105568	STRN
pilot3	CCSBORF5861	4	CCSBORF52950	3AT	1	1030G>T	11	NC_000019.10:52216564:G:T	CCSBVarC023477	ENSP00000324804.6:p.Ala344Ser	PPP2R1A	ENSG00000105568	STRN
pilot3	CCSBORF5861	4	CCSBORF52950	3AT	1	1229A>T	13	NC_000019.10:52219790:A:T	CCSBVarC023479	ENSP00000324804.6:p.Glu410Val	PPP2R1A	ENSG00000105568	STRN
pilot3	CCSBORF5861	4	CCSBORF52950	3AT	1	1481A>G	397	NC_000019.10:52221095:A:G	CCSBVarC023482	ENSP00000324804.6:p.Asn494Ser	PPP2R1A	ENSG00000105568	STRN
pilot3	CCSBORF5861	4	CCSBORF52950	3AT	1	1493G>T	1	NC_000019.10:52221107:G:T	CCSBVarC023486	ENSP00000324804.6:p.Arg498Leu	PPP2R1A	ENSG00000105568	STRN
pilot3	CCSBORF5861	4	CCSBORF52950	3AT	1	1513A>G	8	NC_000019.10:52221127:A:G	CCSBVarC023489	ENSP00000324804.6:p.Ile505Val	PPP2R1A	ENSG00000105568	STRN
pilot3	CCSBORF5861	4	CCSBORF52950	3AT	1	1560C>G	277	NC_000019.10:52222139:C:G	CCSBVarC023493	ENSP00000324804.6:p.His520Gln	PPP2R1A	ENSG00000105568	STRN
pilot3	CCSBORF5861	4	CCSBORF52950	3AT	1	259C>T	102	NC_000019.10:52206051:C:T	CCSBVarC023336	ENSP00000324804.6:p.His87Tyr	PPP2R1A	ENSG00000105568	STRN
pilot3	CCSBORF5861	4	CCSBORF52950	3AT	1	331T>G	412	NC_000019.10:52211319:T:G	CCSBVarC023343	ENSP00000324804.6:p.Ser111Ala	PPP2R1A	ENSG00000105568	STRN
pilot3	CCSBORF5861	4	CCSBORF52950	3AT	1	352G>A	9	NC_000019.10:52211340:G:A	CCSBVarC023346	ENSP00000324804.6:p.Glu118Lys	PPP2R1A	ENSG00000105568	STRN
pilot3	CCSBORF5861	4	CCSBORF52950	3AT	1	377C>T	3	NC_000019.10:52211365:C:T	CCSBVarC023349	ENSP00000324804.6:p.Ala126Val	PPP2R1A	ENSG00000105568	STRN
pilot3	CCSBORF5861	4	CCSBORF52950	3AT	1	430C>T	37	NC_000019.10:52211418:C:T	CCSBVarC023352	ENSP00000324804.6:p.Arg144Cys	PPP2R1A	ENSG00000105568	STRN
pilot3	CCSBORF5861	4	CCSBORF52950	3AT	1	470G>A	355	NC_000019.10:52211458:G:A	CCSBVarC023356	ENSP00000324804.6:p.Arg157Gln	PPP2R1A	ENSG00000105568	STRN
pilot3	CCSBORF5861	4	CCSBORF52950	3AT	1	472G>C	13	NC_000019.10:52211460:G:C	CCSBVarC023359	ENSP00000324804.6:p.Val158Leu	PPP2R1A	ENSG00000105568	STRN
pilot3	CCSBORF5861	4	CCSBORF52950	3AT	1	522C>G	105	NC_000019.10:52212703:C:G	CCSBVarC023383	ENSP00000324804.6:p.Cys174Trp	PPP2R1A	ENSG00000105568	STRN
pilot3	CCSBORF5861	4	CCSBORF52950	3AT	1	532A>G	42	NC_000019.10:52212713:A:G	CCSBVarC023386	ENSP00000324804.6:p.Thr178Ala	PPP2R1A	ENSG00000105568	STRN
pilot3	CCSBORF5861	4	CCSBORF52950	3AT	1	536C>A	46	NC_000019.10:52212717:C:A	CCSBVarC023388	ENSP00000324804.6:p.Pro179His	PPP2R1A	ENSG00000105568	STRN
pilot3	CCSBORF5861	4	CCSBORF52950	3AT	1	536C>G	0	NC_000019.10:52212717:C:G	CCSBVarC023391	ENSP00000324804.6:p.Pro179Arg	PPP2R1A	ENSG00000105568	STRN
pilot3	CCSBORF5861	4	CCSBORF52950	3AT	1	536C>T	154	NC_000019.10:52212717:C:T	CCSBVarC023394	ENSP00000324804.6:p.Pro179Leu	PPP2R1A	ENSG00000105568	STRN
pilot3	CCSBORF5861	4	CCSBORF52950	3AT	1	538A>G	666	NC_000019.10:52212719:A:G	CCSBVarC023426	ENSP00000324804.6:p.Met180Val	PPP2R1A	ENSG00000105568	STRN
pilot3	CCSBORF5861	4	CCSBORF52950	3AT	1	539T>C	80	NC_000019.10:52212720:T:C	CCSBVarC023429	ENSP00000324804.6:p.Met180Thr	PPP2R1A	ENSG00000105568	STRN
pilot3	CCSBORF5861	4	CCSBORF52950	3AT	1	547C>G	74	NC_000019.10:52212728:C:G	CCSBVarC023437	ENSP00000324804.6:p.Arg183Gly	PPP2R1A	ENSG00000105568	STRN
pilot3	CCSBORF5861	4	CCSBORF52950	3AT	1	547C>T	1585	NC_000019.10:52212728:C:T	CCSBVarC023440	ENSP00000324804.6:p.Arg183Trp	PPP2R1A	ENSG00000105568	STRN
pilot3	CCSBORF5861	4	CCSBORF52950	3AT	1	548G>C	293	NC_000019.10:52212729:G:C	CCSBVarC023445	ENSP00000324804.6:p.Arg183Pro	PPP2R1A	ENSG00000105568	STRN
pilot3	CCSBORF5861	4	CCSBORF52950	3AT	1	553G>A	83	NC_000019.10:52212734:G:A	CCSBVarC023447	ENSP00000324804.6:p.Ala185Thr	PPP2R1A	ENSG00000105568	STRN
pilot3	CCSBORF5861	4	CCSBORF52950	3AT	1	658G>A	1907	NC_000019.10:52212960:G:A	CCSBVarC023455	ENSP00000324804.6:p.Val220Met	PPP2R1A	ENSG00000105568	STRN
pilot3	CCSBORF5861	4	CCSBORF52950	3AT	1	694G>A	40	NC_000019.10:52212996:G:A	CCSBVarC023458	ENSP00000324804.6:p.Ala232Thr	PPP2R1A	ENSG00000105568	STRN
pilot3	CCSBORF5861	4	CCSBORF55030	3AT	1	REF	605	NULL	NULL	NULL	PPP2R1A	ENSG00000105568	STRN3
pilot3	CCSBORF5861	4	CCSBORF55030	3AT	1	1030G>T	78	NC_000019.10:52216564:G:T	CCSBVarC023477	ENSP00000324804.6:p.Ala344Ser	PPP2R1A	ENSG00000105568	STRN3
pilot3	CCSBORF5861	4	CCSBORF55030	3AT	1	1229A>T	175	NC_000019.10:52219790:A:T	CCSBVarC023479	ENSP00000324804.6:p.Glu410Val	PPP2R1A	ENSG00000105568	STRN3
pilot3	CCSBORF5861	4	CCSBORF55030	3AT	1	1481A>G	1238	NC_000019.10:52221095:A:G	CCSBVarC023482	ENSP00000324804.6:p.Asn494Ser	PPP2R1A	ENSG00000105568	STRN3
pilot3	CCSBORF5861	4	CCSBORF55030	3AT	1	1493G>T	78	NC_000019.10:52221107:G:T	CCSBVarC023486	ENSP00000324804.6:p.Arg498Leu	PPP2R1A	ENSG00000105568	STRN3
pilot3	CCSBORF5861	4	CCSBORF55030	3AT	1	1513A>G	49	NC_000019.10:52221127:A:G	CCSBVarC023489	ENSP00000324804.6:p.Ile505Val	PPP2R1A	ENSG00000105568	STRN3
pilot3	CCSBORF5861	4	CCSBORF55030	3AT	1	1560C>G	577	NC_000019.10:52222139:C:G	CCSBVarC023493	ENSP00000324804.6:p.His520Gln	PPP2R1A	ENSG00000105568	STRN3
pilot3	CCSBORF5861	4	CCSBORF55030	3AT	1	259C>T	201	NC_000019.10:52206051:C:T	CCSBVarC023336	ENSP00000324804.6:p.His87Tyr	PPP2R1A	ENSG00000105568	STRN3
pilot3	CCSBORF5861	4	CCSBORF55030	3AT	1	331T>G	538	NC_000019.10:52211319:T:G	CCSBVarC023343	ENSP00000324804.6:p.Ser111Ala	PPP2R1A	ENSG00000105568	STRN3
pilot3	CCSBORF5861	4	CCSBORF55030	3AT	1	352G>A	75	NC_000019.10:52211340:G:A	CCSBVarC023346	ENSP00000324804.6:p.Glu118Lys	PPP2R1A	ENSG00000105568	STRN3
pilot3	CCSBORF5861	4	CCSBORF55030	3AT	1	377C>T	47	NC_000019.10:52211365:C:T	CCSBVarC023349	ENSP00000324804.6:p.Ala126Val	PPP2R1A	ENSG00000105568	STRN3
pilot3	CCSBORF5861	4	CCSBORF55030	3AT	1	430C>T	54	NC_000019.10:52211418:C:T	CCSBVarC023352	ENSP00000324804.6:p.Arg144Cys	PPP2R1A	ENSG00000105568	STRN3
pilot3	CCSBORF5861	4	CCSBORF55030	3AT	1	470G>A	501	NC_000019.10:52211458:G:A	CCSBVarC023356	ENSP00000324804.6:p.Arg157Gln	PPP2R1A	ENSG00000105568	STRN3
pilot3	CCSBORF5861	4	CCSBORF55030	3AT	1	472G>C	0	NC_000019.10:52211460:G:C	CCSBVarC023359	ENSP00000324804.6:p.Val158Leu	PPP2R1A	ENSG00000105568	STRN3
pilot3	CCSBORF5861	4	CCSBORF55030	3AT	1	522C>G	111	NC_000019.10:52212703:C:G	CCSBVarC023383	ENSP00000324804.6:p.Cys174Trp	PPP2R1A	ENSG00000105568	STRN3
pilot3	CCSBORF5861	4	CCSBORF55030	3AT	1	532A>G	142	NC_000019.10:52212713:A:G	CCSBVarC023386	ENSP00000324804.6:p.Thr178Ala	PPP2R1A	ENSG00000105568	STRN3
pilot3	CCSBORF5861	4	CCSBORF55030	3AT	1	536C>A	204	NC_000019.10:52212717:C:A	CCSBVarC023388	ENSP00000324804.6:p.Pro179His	PPP2R1A	ENSG00000105568	STRN3
pilot3	CCSBORF5861	4	CCSBORF55030	3AT	1	536C>G	13	NC_000019.10:52212717:C:G	CCSBVarC023391	ENSP00000324804.6:p.Pro179Arg	PPP2R1A	ENSG00000105568	STRN3
pilot3	CCSBORF5861	4	CCSBORF55030	3AT	1	536C>T	94	NC_000019.10:52212717:C:T	CCSBVarC023394	ENSP00000324804.6:p.Pro179Leu	PPP2R1A	ENSG00000105568	STRN3
pilot3	CCSBORF5861	4	CCSBORF55030	3AT	1	538A>G	833	NC_000019.10:52212719:A:G	CCSBVarC023426	ENSP00000324804.6:p.Met180Val	PPP2R1A	ENSG00000105568	STRN3
pilot3	CCSBORF5861	4	CCSBORF55030	3AT	1	539T>C	142	NC_000019.10:52212720:T:C	CCSBVarC023429	ENSP00000324804.6:p.Met180Thr	PPP2R1A	ENSG00000105568	STRN3
pilot3	CCSBORF5861	4	CCSBORF55030	3AT	1	547C>G	36	NC_000019.10:52212728:C:G	CCSBVarC023437	ENSP00000324804.6:p.Arg183Gly	PPP2R1A	ENSG00000105568	STRN3
pilot3	CCSBORF5861	4	CCSBORF55030	3AT	1	547C>T	1126	NC_000019.10:52212728:C:T	CCSBVarC023440	ENSP00000324804.6:p.Arg183Trp	PPP2R1A	ENSG00000105568	STRN3
pilot3	CCSBORF5861	4	CCSBORF55030	3AT	1	548G>C	213	NC_000019.10:52212729:G:C	CCSBVarC023445	ENSP00000324804.6:p.Arg183Pro	PPP2R1A	ENSG00000105568	STRN3
pilot3	CCSBORF5861	4	CCSBORF55030	3AT	1	553G>A	85	NC_000019.10:52212734:G:A	CCSBVarC023447	ENSP00000324804.6:p.Ala185Thr	PPP2R1A	ENSG00000105568	STRN3
pilot3	CCSBORF5861	4	CCSBORF55030	3AT	1	658G>A	2098	NC_000019.10:52212960:G:A	CCSBVarC023455	ENSP00000324804.6:p.Val220Met	PPP2R1A	ENSG00000105568	STRN3
pilot3	CCSBORF5861	4	CCSBORF55030	3AT	1	694G>A	51	NC_000019.10:52212996:G:A	CCSBVarC023458	ENSP00000324804.6:p.Ala232Thr	PPP2R1A	ENSG00000105568	STRN3
pilot3	CCSBORF5861	4	CCSBORF0	3AT	1	REF	4	NULL	NULL	NULL	PPP2R1A	ENSG00000105568	empty_AD
pilot3	CCSBORF5861	4	CCSBORF0	3AT	1	1030G>T	11	NC_000019.10:52216564:G:T	CCSBVarC023477	ENSP00000324804.6:p.Ala344Ser	PPP2R1A	ENSG00000105568	empty_AD
pilot3	CCSBORF5861	4	CCSBORF0	3AT	1	1229A>T	0	NC_000019.10:52219790:A:T	CCSBVarC023479	ENSP00000324804.6:p.Glu410Val	PPP2R1A	ENSG00000105568	empty_AD
pilot3	CCSBORF5861	4	CCSBORF0	3AT	1	1481A>G	84	NC_000019.10:52221095:A:G	CCSBVarC023482	ENSP00000324804.6:p.Asn494Ser	PPP2R1A	ENSG00000105568	empty_AD
pilot3	CCSBORF5861	4	CCSBORF0	3AT	1	1493G>T	55	NC_000019.10:52221107:G:T	CCSBVarC023486	ENSP00000324804.6:p.Arg498Leu	PPP2R1A	ENSG00000105568	empty_AD
pilot3	CCSBORF5861	4	CCSBORF0	3AT	1	1513A>G	0	NC_000019.10:52221127:A:G	CCSBVarC023489	ENSP00000324804.6:p.Ile505Val	PPP2R1A	ENSG00000105568	empty_AD
pilot3	CCSBORF5861	4	CCSBORF0	3AT	1	1560C>G	184	NC_000019.10:52222139:C:G	CCSBVarC023493	ENSP00000324804.6:p.His520Gln	PPP2R1A	ENSG00000105568	empty_AD
pilot3	CCSBORF5861	4	CCSBORF0	3AT	1	259C>T	0	NC_000019.10:52206051:C:T	CCSBVarC023336	ENSP00000324804.6:p.His87Tyr	PPP2R1A	ENSG00000105568	empty_AD
pilot3	CCSBORF5861	4	CCSBORF0	3AT	1	331T>G	6	NC_000019.10:52211319:T:G	CCSBVarC023343	ENSP00000324804.6:p.Ser111Ala	PPP2R1A	ENSG00000105568	empty_AD
pilot3	CCSBORF5861	4	CCSBORF0	3AT	1	352G>A	0	NC_000019.10:52211340:G:A	CCSBVarC023346	ENSP00000324804.6:p.Glu118Lys	PPP2R1A	ENSG00000105568	empty_AD
pilot3	CCSBORF5861	4	CCSBORF0	3AT	1	377C>T	0	NC_000019.10:52211365:C:T	CCSBVarC023349	ENSP00000324804.6:p.Ala126Val	PPP2R1A	ENSG00000105568	empty_AD
pilot3	CCSBORF5861	4	CCSBORF0	3AT	1	430C>T	0	NC_000019.10:52211418:C:T	CCSBVarC023352	ENSP00000324804.6:p.Arg144Cys	PPP2R1A	ENSG00000105568	empty_AD
pilot3	CCSBORF5861	4	CCSBORF0	3AT	1	470G>A	79	NC_000019.10:52211458:G:A	CCSBVarC023356	ENSP00000324804.6:p.Arg157Gln	PPP2R1A	ENSG00000105568	empty_AD
pilot3	CCSBORF5861	4	CCSBORF0	3AT	1	472G>C	0	NC_000019.10:52211460:G:C	CCSBVarC023359	ENSP00000324804.6:p.Val158Leu	PPP2R1A	ENSG00000105568	empty_AD
pilot3	CCSBORF5861	4	CCSBORF0	3AT	1	522C>G	0	NC_000019.10:52212703:C:G	CCSBVarC023383	ENSP00000324804.6:p.Cys174Trp	PPP2R1A	ENSG00000105568	empty_AD
pilot3	CCSBORF5861	4	CCSBORF0	3AT	1	532A>G	10	NC_000019.10:52212713:A:G	CCSBVarC023386	ENSP00000324804.6:p.Thr178Ala	PPP2R1A	ENSG00000105568	empty_AD
pilot3	CCSBORF5861	4	CCSBORF0	3AT	1	536C>A	0	NC_000019.10:52212717:C:A	CCSBVarC023388	ENSP00000324804.6:p.Pro179His	PPP2R1A	ENSG00000105568	empty_AD
pilot3	CCSBORF5861	4	CCSBORF0	3AT	1	536C>G	1	NC_000019.10:52212717:C:G	CCSBVarC023391	ENSP00000324804.6:p.Pro179Arg	PPP2R1A	ENSG00000105568	empty_AD
pilot3	CCSBORF5861	4	CCSBORF0	3AT	1	536C>T	0	NC_000019.10:52212717:C:T	CCSBVarC023394	ENSP00000324804.6:p.Pro179Leu	PPP2R1A	ENSG00000105568	empty_AD
pilot3	CCSBORF5861	4	CCSBORF0	3AT	1	538A>G	31	NC_000019.10:52212719:A:G	CCSBVarC023426	ENSP00000324804.6:p.Met180Val	PPP2R1A	ENSG00000105568	empty_AD
pilot3	CCSBORF5861	4	CCSBORF0	3AT	1	539T>C	19	NC_000019.10:52212720:T:C	CCSBVarC023429	ENSP00000324804.6:p.Met180Thr	PPP2R1A	ENSG00000105568	empty_AD
pilot3	CCSBORF5861	4	CCSBORF0	3AT	1	547C>G	47	NC_000019.10:52212728:C:G	CCSBVarC023437	ENSP00000324804.6:p.Arg183Gly	PPP2R1A	ENSG00000105568	empty_AD
pilot3	CCSBORF5861	4	CCSBORF0	3AT	1	547C>T	137	NC_000019.10:52212728:C:T	CCSBVarC023440	ENSP00000324804.6:p.Arg183Trp	PPP2R1A	ENSG00000105568	empty_AD
pilot3	CCSBORF5861	4	CCSBORF0	3AT	1	548G>C	0	NC_000019.10:52212729:G:C	CCSBVarC023445	ENSP00000324804.6:p.Arg183Pro	PPP2R1A	ENSG00000105568	empty_AD
pilot3	CCSBORF5861	4	CCSBORF0	3AT	1	553G>A	18	NC_000019.10:52212734:G:A	CCSBVarC023447	ENSP00000324804.6:p.Ala185Thr	PPP2R1A	ENSG00000105568	empty_AD
pilot3	CCSBORF5861	4	CCSBORF0	3AT	1	658G>A	26	NC_000019.10:52212960:G:A	CCSBVarC023455	ENSP00000324804.6:p.Val220Met	PPP2R1A	ENSG00000105568	empty_AD
pilot3	CCSBORF5861	4	CCSBORF0	3AT	1	694G>A	0	NC_000019.10:52212996:G:A	CCSBVarC023458	ENSP00000324804.6:p.Ala232Thr	PPP2R1A	ENSG00000105568	empty_AD
pilot3	CCSBORF5861	1	CCSBORF12279	3AT	1	REF	239	NULL	NULL	NULL	PPP2R1A	ENSG00000105568	CSDC2
pilot3	CCSBORF5861	1	CCSBORF12279	3AT	1	1030G>T	14	NC_000019.10:52216564:G:T	CCSBVarC023477	ENSP00000324804.6:p.Ala344Ser	PPP2R1A	ENSG00000105568	CSDC2
pilot3	CCSBORF5861	1	CCSBORF12279	3AT	1	1229A>T	411	NC_000019.10:52219790:A:T	CCSBVarC023479	ENSP00000324804.6:p.Glu410Val	PPP2R1A	ENSG00000105568	CSDC2
pilot3	CCSBORF5861	1	CCSBORF12279	3AT	1	1481A>G	57	NC_000019.10:52221095:A:G	CCSBVarC023482	ENSP00000324804.6:p.Asn494Ser	PPP2R1A	ENSG00000105568	CSDC2
pilot3	CCSBORF5861	1	CCSBORF12279	3AT	1	1493G>T	0	NC_000019.10:52221107:G:T	CCSBVarC023486	ENSP00000324804.6:p.Arg498Leu	PPP2R1A	ENSG00000105568	CSDC2
pilot3	CCSBORF5861	1	CCSBORF12279	3AT	1	1513A>G	63	NC_000019.10:52221127:A:G	CCSBVarC023489	ENSP00000324804.6:p.Ile505Val	PPP2R1A	ENSG00000105568	CSDC2
pilot3	CCSBORF5861	1	CCSBORF12279	3AT	1	1560C>G	48	NC_000019.10:52222139:C:G	CCSBVarC023493	ENSP00000324804.6:p.His520Gln	PPP2R1A	ENSG00000105568	CSDC2
pilot3	CCSBORF5861	1	CCSBORF12279	3AT	1	259C>T	44	NC_000019.10:52206051:C:T	CCSBVarC023336	ENSP00000324804.6:p.His87Tyr	PPP2R1A	ENSG00000105568	CSDC2
pilot3	CCSBORF5861	1	CCSBORF12279	3AT	1	331T>G	126	NC_000019.10:52211319:T:G	CCSBVarC023343	ENSP00000324804.6:p.Ser111Ala	PPP2R1A	ENSG00000105568	CSDC2
pilot3	CCSBORF5861	1	CCSBORF12279	3AT	1	352G>A	86	NC_000019.10:52211340:G:A	CCSBVarC023346	ENSP00000324804.6:p.Glu118Lys	PPP2R1A	ENSG00000105568	CSDC2
pilot3	CCSBORF5861	1	CCSBORF12279	3AT	1	377C>T	66	NC_000019.10:52211365:C:T	CCSBVarC023349	ENSP00000324804.6:p.Ala126Val	PPP2R1A	ENSG00000105568	CSDC2
pilot3	CCSBORF5861	1	CCSBORF12279	3AT	1	430C>T	65	NC_000019.10:52211418:C:T	CCSBVarC023352	ENSP00000324804.6:p.Arg144Cys	PPP2R1A	ENSG00000105568	CSDC2
pilot3	CCSBORF5861	1	CCSBORF12279	3AT	1	470G>A	37	NC_000019.10:52211458:G:A	CCSBVarC023356	ENSP00000324804.6:p.Arg157Gln	PPP2R1A	ENSG00000105568	CSDC2
pilot3	CCSBORF5861	1	CCSBORF12279	3AT	1	472G>C	33	NC_000019.10:52211460:G:C	CCSBVarC023359	ENSP00000324804.6:p.Val158Leu	PPP2R1A	ENSG00000105568	CSDC2
pilot3	CCSBORF5861	1	CCSBORF12279	3AT	1	522C>G	19	NC_000019.10:52212703:C:G	CCSBVarC023383	ENSP00000324804.6:p.Cys174Trp	PPP2R1A	ENSG00000105568	CSDC2
pilot3	CCSBORF5861	1	CCSBORF12279	3AT	1	532A>G	27	NC_000019.10:52212713:A:G	CCSBVarC023386	ENSP00000324804.6:p.Thr178Ala	PPP2R1A	ENSG00000105568	CSDC2
pilot3	CCSBORF5861	1	CCSBORF12279	3AT	1	536C>A	539	NC_000019.10:52212717:C:A	CCSBVarC023388	ENSP00000324804.6:p.Pro179His	PPP2R1A	ENSG00000105568	CSDC2
pilot3	CCSBORF5861	1	CCSBORF12279	3AT	1	536C>G	42	NC_000019.10:52212717:C:G	CCSBVarC023391	ENSP00000324804.6:p.Pro179Arg	PPP2R1A	ENSG00000105568	CSDC2
pilot3	CCSBORF5861	1	CCSBORF12279	3AT	1	536C>T	561	NC_000019.10:52212717:C:T	CCSBVarC023394	ENSP00000324804.6:p.Pro179Leu	PPP2R1A	ENSG00000105568	CSDC2
pilot3	CCSBORF5861	1	CCSBORF12279	3AT	1	538A>G	319	NC_000019.10:52212719:A:G	CCSBVarC023426	ENSP00000324804.6:p.Met180Val	PPP2R1A	ENSG00000105568	CSDC2
pilot3	CCSBORF5861	1	CCSBORF12279	3AT	1	539T>C	418	NC_000019.10:52212720:T:C	CCSBVarC023429	ENSP00000324804.6:p.Met180Thr	PPP2R1A	ENSG00000105568	CSDC2
pilot3	CCSBORF5861	1	CCSBORF12279	3AT	1	547C>G	63	NC_000019.10:52212728:C:G	CCSBVarC023437	ENSP00000324804.6:p.Arg183Gly	PPP2R1A	ENSG00000105568	CSDC2
pilot3	CCSBORF5861	1	CCSBORF12279	3AT	1	547C>T	3396	NC_000019.10:52212728:C:T	CCSBVarC023440	ENSP00000324804.6:p.Arg183Trp	PPP2R1A	ENSG00000105568	CSDC2
pilot3	CCSBORF5861	1	CCSBORF12279	3AT	1	548G>C	514	NC_000019.10:52212729:G:C	CCSBVarC023445	ENSP00000324804.6:p.Arg183Pro	PPP2R1A	ENSG00000105568	CSDC2
pilot3	CCSBORF5861	1	CCSBORF12279	3AT	1	553G>A	266	NC_000019.10:52212734:G:A	CCSBVarC023447	ENSP00000324804.6:p.Ala185Thr	PPP2R1A	ENSG00000105568	CSDC2
pilot3	CCSBORF5861	1	CCSBORF12279	3AT	1	658G>A	146	NC_000019.10:52212960:G:A	CCSBVarC023455	ENSP00000324804.6:p.Val220Met	PPP2R1A	ENSG00000105568	CSDC2
pilot3	CCSBORF5861	1	CCSBORF12279	3AT	1	694G>A	234	NC_000019.10:52212996:G:A	CCSBVarC023458	ENSP00000324804.6:p.Ala232Thr	PPP2R1A	ENSG00000105568	CSDC2
pilot3	CCSBORF5861	1	CCSBORF100062506	3AT	1	REF	830	NULL	NULL	NULL	PPP2R1A	ENSG00000105568	FBXO43
pilot3	CCSBORF5861	1	CCSBORF100062506	3AT	1	1030G>T	68	NC_000019.10:52216564:G:T	CCSBVarC023477	ENSP00000324804.6:p.Ala344Ser	PPP2R1A	ENSG00000105568	FBXO43
pilot3	CCSBORF5861	1	CCSBORF100062506	3AT	1	1229A>T	191	NC_000019.10:52219790:A:T	CCSBVarC023479	ENSP00000324804.6:p.Glu410Val	PPP2R1A	ENSG00000105568	FBXO43
pilot3	CCSBORF5861	1	CCSBORF100062506	3AT	1	1481A>G	408	NC_000019.10:52221095:A:G	CCSBVarC023482	ENSP00000324804.6:p.Asn494Ser	PPP2R1A	ENSG00000105568	FBXO43
pilot3	CCSBORF5861	1	CCSBORF100062506	3AT	1	1493G>T	1	NC_000019.10:52221107:G:T	CCSBVarC023486	ENSP00000324804.6:p.Arg498Leu	PPP2R1A	ENSG00000105568	FBXO43
pilot3	CCSBORF5861	1	CCSBORF100062506	3AT	1	1513A>G	160	NC_000019.10:52221127:A:G	CCSBVarC023489	ENSP00000324804.6:p.Ile505Val	PPP2R1A	ENSG00000105568	FBXO43
pilot3	CCSBORF5861	1	CCSBORF100062506	3AT	1	1560C>G	228	NC_000019.10:52222139:C:G	CCSBVarC023493	ENSP00000324804.6:p.His520Gln	PPP2R1A	ENSG00000105568	FBXO43
pilot3	CCSBORF5861	1	CCSBORF100062506	3AT	1	259C>T	196	NC_000019.10:52206051:C:T	CCSBVarC023336	ENSP00000324804.6:p.His87Tyr	PPP2R1A	ENSG00000105568	FBXO43
pilot3	CCSBORF5861	1	CCSBORF100062506	3AT	1	331T>G	381	NC_000019.10:52211319:T:G	CCSBVarC023343	ENSP00000324804.6:p.Ser111Ala	PPP2R1A	ENSG00000105568	FBXO43
pilot3	CCSBORF5861	1	CCSBORF100062506	3AT	1	352G>A	198	NC_000019.10:52211340:G:A	CCSBVarC023346	ENSP00000324804.6:p.Glu118Lys	PPP2R1A	ENSG00000105568	FBXO43
pilot3	CCSBORF5861	1	CCSBORF100062506	3AT	1	377C>T	58	NC_000019.10:52211365:C:T	CCSBVarC023349	ENSP00000324804.6:p.Ala126Val	PPP2R1A	ENSG00000105568	FBXO43
pilot3	CCSBORF5861	1	CCSBORF100062506	3AT	1	430C>T	158	NC_000019.10:52211418:C:T	CCSBVarC023352	ENSP00000324804.6:p.Arg144Cys	PPP2R1A	ENSG00000105568	FBXO43
pilot3	CCSBORF5861	1	CCSBORF100062506	3AT	1	470G>A	173	NC_000019.10:52211458:G:A	CCSBVarC023356	ENSP00000324804.6:p.Arg157Gln	PPP2R1A	ENSG00000105568	FBXO43
pilot3	CCSBORF5861	1	CCSBORF100062506	3AT	1	472G>C	21	NC_000019.10:52211460:G:C	CCSBVarC023359	ENSP00000324804.6:p.Val158Leu	PPP2R1A	ENSG00000105568	FBXO43
pilot3	CCSBORF5861	1	CCSBORF100062506	3AT	1	522C>G	33	NC_000019.10:52212703:C:G	CCSBVarC023383	ENSP00000324804.6:p.Cys174Trp	PPP2R1A	ENSG00000105568	FBXO43
pilot3	CCSBORF5861	1	CCSBORF100062506	3AT	1	532A>G	116	NC_000019.10:52212713:A:G	CCSBVarC023386	ENSP00000324804.6:p.Thr178Ala	PPP2R1A	ENSG00000105568	FBXO43
pilot3	CCSBORF5861	1	CCSBORF100062506	3AT	1	536C>A	438	NC_000019.10:52212717:C:A	CCSBVarC023388	ENSP00000324804.6:p.Pro179His	PPP2R1A	ENSG00000105568	FBXO43
pilot3	CCSBORF5861	1	CCSBORF100062506	3AT	1	536C>G	63	NC_000019.10:52212717:C:G	CCSBVarC023391	ENSP00000324804.6:p.Pro179Arg	PPP2R1A	ENSG00000105568	FBXO43
pilot3	CCSBORF5861	1	CCSBORF100062506	3AT	1	536C>T	284	NC_000019.10:52212717:C:T	CCSBVarC023394	ENSP00000324804.6:p.Pro179Leu	PPP2R1A	ENSG00000105568	FBXO43
pilot3	CCSBORF5861	1	CCSBORF100062506	3AT	1	538A>G	590	NC_000019.10:52212719:A:G	CCSBVarC023426	ENSP00000324804.6:p.Met180Val	PPP2R1A	ENSG00000105568	FBXO43
pilot3	CCSBORF5861	1	CCSBORF100062506	3AT	1	539T>C	364	NC_000019.10:52212720:T:C	CCSBVarC023429	ENSP00000324804.6:p.Met180Thr	PPP2R1A	ENSG00000105568	FBXO43
pilot3	CCSBORF5861	1	CCSBORF100062506	3AT	1	547C>G	85	NC_000019.10:52212728:C:G	CCSBVarC023437	ENSP00000324804.6:p.Arg183Gly	PPP2R1A	ENSG00000105568	FBXO43
pilot3	CCSBORF5861	1	CCSBORF100062506	3AT	1	547C>T	844	NC_000019.10:52212728:C:T	CCSBVarC023440	ENSP00000324804.6:p.Arg183Trp	PPP2R1A	ENSG00000105568	FBXO43
pilot3	CCSBORF5861	1	CCSBORF100062506	3AT	1	548G>C	706	NC_000019.10:52212729:G:C	CCSBVarC023445	ENSP00000324804.6:p.Arg183Pro	PPP2R1A	ENSG00000105568	FBXO43
pilot3	CCSBORF5861	1	CCSBORF100062506	3AT	1	553G>A	614	NC_000019.10:52212734:G:A	CCSBVarC023447	ENSP00000324804.6:p.Ala185Thr	PPP2R1A	ENSG00000105568	FBXO43
pilot3	CCSBORF5861	1	CCSBORF100062506	3AT	1	658G>A	334	NC_000019.10:52212960:G:A	CCSBVarC023455	ENSP00000324804.6:p.Val220Met	PPP2R1A	ENSG00000105568	FBXO43
pilot3	CCSBORF5861	1	CCSBORF100062506	3AT	1	694G>A	208	NC_000019.10:52212996:G:A	CCSBVarC023458	ENSP00000324804.6:p.Ala232Thr	PPP2R1A	ENSG00000105568	FBXO43
pilot3	CCSBORF5861	1	CCSBORF100061924	3AT	1	REF	994	NULL	NULL	NULL	PPP2R1A	ENSG00000105568	GOLGA6A
pilot3	CCSBORF5861	1	CCSBORF100061924	3AT	1	1030G>T	229	NC_000019.10:52216564:G:T	CCSBVarC023477	ENSP00000324804.6:p.Ala344Ser	PPP2R1A	ENSG00000105568	GOLGA6A
pilot3	CCSBORF5861	1	CCSBORF100061924	3AT	1	1229A>T	764	NC_000019.10:52219790:A:T	CCSBVarC023479	ENSP00000324804.6:p.Glu410Val	PPP2R1A	ENSG00000105568	GOLGA6A
pilot3	CCSBORF5861	1	CCSBORF100061924	3AT	1	1481A>G	537	NC_000019.10:52221095:A:G	CCSBVarC023482	ENSP00000324804.6:p.Asn494Ser	PPP2R1A	ENSG00000105568	GOLGA6A
pilot3	CCSBORF5861	1	CCSBORF100061924	3AT	1	1493G>T	86	NC_000019.10:52221107:G:T	CCSBVarC023486	ENSP00000324804.6:p.Arg498Leu	PPP2R1A	ENSG00000105568	GOLGA6A
pilot3	CCSBORF5861	1	CCSBORF100061924	3AT	1	1513A>G	589	NC_000019.10:52221127:A:G	CCSBVarC023489	ENSP00000324804.6:p.Ile505Val	PPP2R1A	ENSG00000105568	GOLGA6A
pilot3	CCSBORF5861	1	CCSBORF100061924	3AT	1	1560C>G	607	NC_000019.10:52222139:C:G	CCSBVarC023493	ENSP00000324804.6:p.His520Gln	PPP2R1A	ENSG00000105568	GOLGA6A
pilot3	CCSBORF5861	1	CCSBORF100061924	3AT	1	259C>T	589	NC_000019.10:52206051:C:T	CCSBVarC023336	ENSP00000324804.6:p.His87Tyr	PPP2R1A	ENSG00000105568	GOLGA6A
pilot3	CCSBORF5861	1	CCSBORF100061924	3AT	1	331T>G	949	NC_000019.10:52211319:T:G	CCSBVarC023343	ENSP00000324804.6:p.Ser111Ala	PPP2R1A	ENSG00000105568	GOLGA6A
pilot3	CCSBORF5861	1	CCSBORF100061924	3AT	1	352G>A	434	NC_000019.10:52211340:G:A	CCSBVarC023346	ENSP00000324804.6:p.Glu118Lys	PPP2R1A	ENSG00000105568	GOLGA6A
pilot3	CCSBORF5861	1	CCSBORF100061924	3AT	1	377C>T	83	NC_000019.10:52211365:C:T	CCSBVarC023349	ENSP00000324804.6:p.Ala126Val	PPP2R1A	ENSG00000105568	GOLGA6A
pilot3	CCSBORF5861	1	CCSBORF100061924	3AT	1	430C>T	226	NC_000019.10:52211418:C:T	CCSBVarC023352	ENSP00000324804.6:p.Arg144Cys	PPP2R1A	ENSG00000105568	GOLGA6A
pilot3	CCSBORF5861	1	CCSBORF100061924	3AT	1	470G>A	724	NC_000019.10:52211458:G:A	CCSBVarC023356	ENSP00000324804.6:p.Arg157Gln	PPP2R1A	ENSG00000105568	GOLGA6A
pilot3	CCSBORF5861	1	CCSBORF100061924	3AT	1	472G>C	58	NC_000019.10:52211460:G:C	CCSBVarC023359	ENSP00000324804.6:p.Val158Leu	PPP2R1A	ENSG00000105568	GOLGA6A
pilot3	CCSBORF5861	1	CCSBORF100061924	3AT	1	522C>G	201	NC_000019.10:52212703:C:G	CCSBVarC023383	ENSP00000324804.6:p.Cys174Trp	PPP2R1A	ENSG00000105568	GOLGA6A
pilot3	CCSBORF5861	1	CCSBORF100061924	3AT	1	532A>G	218	NC_000019.10:52212713:A:G	CCSBVarC023386	ENSP00000324804.6:p.Thr178Ala	PPP2R1A	ENSG00000105568	GOLGA6A
pilot3	CCSBORF5861	1	CCSBORF100061924	3AT	1	536C>A	350	NC_000019.10:52212717:C:A	CCSBVarC023388	ENSP00000324804.6:p.Pro179His	PPP2R1A	ENSG00000105568	GOLGA6A
pilot3	CCSBORF5861	1	CCSBORF100061924	3AT	1	536C>G	85	NC_000019.10:52212717:C:G	CCSBVarC023391	ENSP00000324804.6:p.Pro179Arg	PPP2R1A	ENSG00000105568	GOLGA6A
pilot3	CCSBORF5861	1	CCSBORF100061924	3AT	1	536C>T	105	NC_000019.10:52212717:C:T	CCSBVarC023394	ENSP00000324804.6:p.Pro179Leu	PPP2R1A	ENSG00000105568	GOLGA6A
pilot3	CCSBORF5861	1	CCSBORF100061924	3AT	1	538A>G	850	NC_000019.10:52212719:A:G	CCSBVarC023426	ENSP00000324804.6:p.Met180Val	PPP2R1A	ENSG00000105568	GOLGA6A
pilot3	CCSBORF5861	1	CCSBORF100061924	3AT	1	539T>C	638	NC_000019.10:52212720:T:C	CCSBVarC023429	ENSP00000324804.6:p.Met180Thr	PPP2R1A	ENSG00000105568	GOLGA6A
pilot3	CCSBORF5861	1	CCSBORF100061924	3AT	1	547C>G	7	NC_000019.10:52212728:C:G	CCSBVarC023437	ENSP00000324804.6:p.Arg183Gly	PPP2R1A	ENSG00000105568	GOLGA6A
pilot3	CCSBORF5861	1	CCSBORF100061924	3AT	1	547C>T	27	NC_000019.10:52212728:C:T	CCSBVarC023440	ENSP00000324804.6:p.Arg183Trp	PPP2R1A	ENSG00000105568	GOLGA6A
pilot3	CCSBORF5861	1	CCSBORF100061924	3AT	1	548G>C	22	NC_000019.10:52212729:G:C	CCSBVarC023445	ENSP00000324804.6:p.Arg183Pro	PPP2R1A	ENSG00000105568	GOLGA6A
pilot3	CCSBORF5861	1	CCSBORF100061924	3AT	1	553G>A	945	NC_000019.10:52212734:G:A	CCSBVarC023447	ENSP00000324804.6:p.Ala185Thr	PPP2R1A	ENSG00000105568	GOLGA6A
pilot3	CCSBORF5861	1	CCSBORF100061924	3AT	1	658G>A	727	NC_000019.10:52212960:G:A	CCSBVarC023455	ENSP00000324804.6:p.Val220Met	PPP2R1A	ENSG00000105568	GOLGA6A
pilot3	CCSBORF5861	1	CCSBORF100061924	3AT	1	694G>A	742	NC_000019.10:52212996:G:A	CCSBVarC023458	ENSP00000324804.6:p.Ala232Thr	PPP2R1A	ENSG00000105568	GOLGA6A
pilot3	CCSBORF5861	1	CCSBORF52950	3AT	1	REF	337	NULL	NULL	NULL	PPP2R1A	ENSG00000105568	STRN
pilot3	CCSBORF5861	1	CCSBORF52950	3AT	1	1030G>T	55	NC_000019.10:52216564:G:T	CCSBVarC023477	ENSP00000324804.6:p.Ala344Ser	PPP2R1A	ENSG00000105568	STRN
pilot3	CCSBORF5861	1	CCSBORF52950	3AT	1	1229A>T	33	NC_000019.10:52219790:A:T	CCSBVarC023479	ENSP00000324804.6:p.Glu410Val	PPP2R1A	ENSG00000105568	STRN
pilot3	CCSBORF5861	1	CCSBORF52950	3AT	1	1481A>G	98	NC_000019.10:52221095:A:G	CCSBVarC023482	ENSP00000324804.6:p.Asn494Ser	PPP2R1A	ENSG00000105568	STRN
pilot3	CCSBORF5861	1	CCSBORF52950	3AT	1	1493G>T	1	NC_000019.10:52221107:G:T	CCSBVarC023486	ENSP00000324804.6:p.Arg498Leu	PPP2R1A	ENSG00000105568	STRN
pilot3	CCSBORF5861	1	CCSBORF52950	3AT	1	1513A>G	152	NC_000019.10:52221127:A:G	CCSBVarC023489	ENSP00000324804.6:p.Ile505Val	PPP2R1A	ENSG00000105568	STRN
pilot3	CCSBORF5861	1	CCSBORF52950	3AT	1	1560C>G	104	NC_000019.10:52222139:C:G	CCSBVarC023493	ENSP00000324804.6:p.His520Gln	PPP2R1A	ENSG00000105568	STRN
pilot3	CCSBORF5861	1	CCSBORF52950	3AT	1	259C>T	185	NC_000019.10:52206051:C:T	CCSBVarC023336	ENSP00000324804.6:p.His87Tyr	PPP2R1A	ENSG00000105568	STRN
pilot3	CCSBORF5861	1	CCSBORF52950	3AT	1	331T>G	109	NC_000019.10:52211319:T:G	CCSBVarC023343	ENSP00000324804.6:p.Ser111Ala	PPP2R1A	ENSG00000105568	STRN
pilot3	CCSBORF5861	1	CCSBORF52950	3AT	1	352G>A	187	NC_000019.10:52211340:G:A	CCSBVarC023346	ENSP00000324804.6:p.Glu118Lys	PPP2R1A	ENSG00000105568	STRN
pilot3	CCSBORF5861	1	CCSBORF52950	3AT	1	377C>T	45	NC_000019.10:52211365:C:T	CCSBVarC023349	ENSP00000324804.6:p.Ala126Val	PPP2R1A	ENSG00000105568	STRN
pilot3	CCSBORF5861	1	CCSBORF52950	3AT	1	430C>T	77	NC_000019.10:52211418:C:T	CCSBVarC023352	ENSP00000324804.6:p.Arg144Cys	PPP2R1A	ENSG00000105568	STRN
pilot3	CCSBORF5861	1	CCSBORF52950	3AT	1	470G>A	76	NC_000019.10:52211458:G:A	CCSBVarC023356	ENSP00000324804.6:p.Arg157Gln	PPP2R1A	ENSG00000105568	STRN
pilot3	CCSBORF5861	1	CCSBORF52950	3AT	1	472G>C	2	NC_000019.10:52211460:G:C	CCSBVarC023359	ENSP00000324804.6:p.Val158Leu	PPP2R1A	ENSG00000105568	STRN
pilot3	CCSBORF5861	1	CCSBORF52950	3AT	1	522C>G	184	NC_000019.10:52212703:C:G	CCSBVarC023383	ENSP00000324804.6:p.Cys174Trp	PPP2R1A	ENSG00000105568	STRN
pilot3	CCSBORF5861	1	CCSBORF52950	3AT	1	532A>G	37	NC_000019.10:52212713:A:G	CCSBVarC023386	ENSP00000324804.6:p.Thr178Ala	PPP2R1A	ENSG00000105568	STRN
pilot3	CCSBORF5861	1	CCSBORF52950	3AT	1	536C>A	599	NC_000019.10:52212717:C:A	CCSBVarC023388	ENSP00000324804.6:p.Pro179His	PPP2R1A	ENSG00000105568	STRN
pilot3	CCSBORF5861	1	CCSBORF52950	3AT	1	536C>G	39	NC_000019.10:52212717:C:G	CCSBVarC023391	ENSP00000324804.6:p.Pro179Arg	PPP2R1A	ENSG00000105568	STRN
pilot3	CCSBORF5861	1	CCSBORF52950	3AT	1	536C>T	348	NC_000019.10:52212717:C:T	CCSBVarC023394	ENSP00000324804.6:p.Pro179Leu	PPP2R1A	ENSG00000105568	STRN
pilot3	CCSBORF5861	1	CCSBORF52950	3AT	1	538A>G	239	NC_000019.10:52212719:A:G	CCSBVarC023426	ENSP00000324804.6:p.Met180Val	PPP2R1A	ENSG00000105568	STRN
pilot3	CCSBORF5861	1	CCSBORF52950	3AT	1	539T>C	288	NC_000019.10:52212720:T:C	CCSBVarC023429	ENSP00000324804.6:p.Met180Thr	PPP2R1A	ENSG00000105568	STRN
pilot3	CCSBORF5861	1	CCSBORF52950	3AT	1	547C>G	183	NC_000019.10:52212728:C:G	CCSBVarC023437	ENSP00000324804.6:p.Arg183Gly	PPP2R1A	ENSG00000105568	STRN
pilot3	CCSBORF5861	1	CCSBORF52950	3AT	1	547C>T	666	NC_000019.10:52212728:C:T	CCSBVarC023440	ENSP00000324804.6:p.Arg183Trp	PPP2R1A	ENSG00000105568	STRN
pilot3	CCSBORF5861	1	CCSBORF52950	3AT	1	548G>C	1290	NC_000019.10:52212729:G:C	CCSBVarC023445	ENSP00000324804.6:p.Arg183Pro	PPP2R1A	ENSG00000105568	STRN
pilot3	CCSBORF5861	1	CCSBORF52950	3AT	1	553G>A	205	NC_000019.10:52212734:G:A	CCSBVarC023447	ENSP00000324804.6:p.Ala185Thr	PPP2R1A	ENSG00000105568	STRN
pilot3	CCSBORF5861	1	CCSBORF52950	3AT	1	658G>A	1013	NC_000019.10:52212960:G:A	CCSBVarC023455	ENSP00000324804.6:p.Val220Met	PPP2R1A	ENSG00000105568	STRN
pilot3	CCSBORF5861	1	CCSBORF52950	3AT	1	694G>A	153	NC_000019.10:52212996:G:A	CCSBVarC023458	ENSP00000324804.6:p.Ala232Thr	PPP2R1A	ENSG00000105568	STRN
pilot3	CCSBORF5861	1	CCSBORF55030	3AT	1	REF	593	NULL	NULL	NULL	PPP2R1A	ENSG00000105568	STRN3
pilot3	CCSBORF5861	1	CCSBORF55030	3AT	1	1030G>T	63	NC_000019.10:52216564:G:T	CCSBVarC023477	ENSP00000324804.6:p.Ala344Ser	PPP2R1A	ENSG00000105568	STRN3
pilot3	CCSBORF5861	1	CCSBORF55030	3AT	1	1229A>T	235	NC_000019.10:52219790:A:T	CCSBVarC023479	ENSP00000324804.6:p.Glu410Val	PPP2R1A	ENSG00000105568	STRN3
pilot3	CCSBORF5861	1	CCSBORF55030	3AT	1	1481A>G	94	NC_000019.10:52221095:A:G	CCSBVarC023482	ENSP00000324804.6:p.Asn494Ser	PPP2R1A	ENSG00000105568	STRN3
pilot3	CCSBORF5861	1	CCSBORF55030	3AT	1	1493G>T	31	NC_000019.10:52221107:G:T	CCSBVarC023486	ENSP00000324804.6:p.Arg498Leu	PPP2R1A	ENSG00000105568	STRN3
pilot3	CCSBORF5861	1	CCSBORF55030	3AT	1	1513A>G	181	NC_000019.10:52221127:A:G	CCSBVarC023489	ENSP00000324804.6:p.Ile505Val	PPP2R1A	ENSG00000105568	STRN3
pilot3	CCSBORF5861	1	CCSBORF55030	3AT	1	1560C>G	146	NC_000019.10:52222139:C:G	CCSBVarC023493	ENSP00000324804.6:p.His520Gln	PPP2R1A	ENSG00000105568	STRN3
pilot3	CCSBORF5861	1	CCSBORF55030	3AT	1	259C>T	188	NC_000019.10:52206051:C:T	CCSBVarC023336	ENSP00000324804.6:p.His87Tyr	PPP2R1A	ENSG00000105568	STRN3
pilot3	CCSBORF5861	1	CCSBORF55030	3AT	1	331T>G	238	NC_000019.10:52211319:T:G	CCSBVarC023343	ENSP00000324804.6:p.Ser111Ala	PPP2R1A	ENSG00000105568	STRN3
pilot3	CCSBORF5861	1	CCSBORF55030	3AT	1	352G>A	234	NC_000019.10:52211340:G:A	CCSBVarC023346	ENSP00000324804.6:p.Glu118Lys	PPP2R1A	ENSG00000105568	STRN3
pilot3	CCSBORF5861	1	CCSBORF55030	3AT	1	377C>T	76	NC_000019.10:52211365:C:T	CCSBVarC023349	ENSP00000324804.6:p.Ala126Val	PPP2R1A	ENSG00000105568	STRN3
pilot3	CCSBORF5861	1	CCSBORF55030	3AT	1	430C>T	126	NC_000019.10:52211418:C:T	CCSBVarC023352	ENSP00000324804.6:p.Arg144Cys	PPP2R1A	ENSG00000105568	STRN3
pilot3	CCSBORF5861	1	CCSBORF55030	3AT	1	470G>A	230	NC_000019.10:52211458:G:A	CCSBVarC023356	ENSP00000324804.6:p.Arg157Gln	PPP2R1A	ENSG00000105568	STRN3
pilot3	CCSBORF5861	1	CCSBORF55030	3AT	1	472G>C	21	NC_000019.10:52211460:G:C	CCSBVarC023359	ENSP00000324804.6:p.Val158Leu	PPP2R1A	ENSG00000105568	STRN3
pilot3	CCSBORF5861	1	CCSBORF55030	3AT	1	522C>G	30	NC_000019.10:52212703:C:G	CCSBVarC023383	ENSP00000324804.6:p.Cys174Trp	PPP2R1A	ENSG00000105568	STRN3
pilot3	CCSBORF5861	1	CCSBORF55030	3AT	1	532A>G	61	NC_000019.10:52212713:A:G	CCSBVarC023386	ENSP00000324804.6:p.Thr178Ala	PPP2R1A	ENSG00000105568	STRN3
pilot3	CCSBORF5861	1	CCSBORF55030	3AT	1	536C>A	510	NC_000019.10:52212717:C:A	CCSBVarC023388	ENSP00000324804.6:p.Pro179His	PPP2R1A	ENSG00000105568	STRN3
pilot3	CCSBORF5861	1	CCSBORF55030	3AT	1	536C>G	59	NC_000019.10:52212717:C:G	CCSBVarC023391	ENSP00000324804.6:p.Pro179Arg	PPP2R1A	ENSG00000105568	STRN3
pilot3	CCSBORF5861	1	CCSBORF55030	3AT	1	536C>T	314	NC_000019.10:52212717:C:T	CCSBVarC023394	ENSP00000324804.6:p.Pro179Leu	PPP2R1A	ENSG00000105568	STRN3
pilot3	CCSBORF5861	1	CCSBORF55030	3AT	1	538A>G	273	NC_000019.10:52212719:A:G	CCSBVarC023426	ENSP00000324804.6:p.Met180Val	PPP2R1A	ENSG00000105568	STRN3
pilot3	CCSBORF5861	1	CCSBORF55030	3AT	1	539T>C	158	NC_000019.10:52212720:T:C	CCSBVarC023429	ENSP00000324804.6:p.Met180Thr	PPP2R1A	ENSG00000105568	STRN3
pilot3	CCSBORF5861	1	CCSBORF55030	3AT	1	547C>G	50	NC_000019.10:52212728:C:G	CCSBVarC023437	ENSP00000324804.6:p.Arg183Gly	PPP2R1A	ENSG00000105568	STRN3
pilot3	CCSBORF5861	1	CCSBORF55030	3AT	1	547C>T	436	NC_000019.10:52212728:C:T	CCSBVarC023440	ENSP00000324804.6:p.Arg183Trp	PPP2R1A	ENSG00000105568	STRN3
pilot3	CCSBORF5861	1	CCSBORF55030	3AT	1	548G>C	357	NC_000019.10:52212729:G:C	CCSBVarC023445	ENSP00000324804.6:p.Arg183Pro	PPP2R1A	ENSG00000105568	STRN3
pilot3	CCSBORF5861	1	CCSBORF55030	3AT	1	553G>A	361	NC_000019.10:52212734:G:A	CCSBVarC023447	ENSP00000324804.6:p.Ala185Thr	PPP2R1A	ENSG00000105568	STRN3
pilot3	CCSBORF5861	1	CCSBORF55030	3AT	1	658G>A	504	NC_000019.10:52212960:G:A	CCSBVarC023455	ENSP00000324804.6:p.Val220Met	PPP2R1A	ENSG00000105568	STRN3
pilot3	CCSBORF5861	1	CCSBORF55030	3AT	1	694G>A	194	NC_000019.10:52212996:G:A	CCSBVarC023458	ENSP00000324804.6:p.Ala232Thr	PPP2R1A	ENSG00000105568	STRN3
pilot3	CCSBORF5861	1	CCSBORF0	3AT	1	REF	10	NULL	NULL	NULL	PPP2R1A	ENSG00000105568	empty_AD
pilot3	CCSBORF5861	1	CCSBORF0	3AT	1	1030G>T	0	NC_000019.10:52216564:G:T	CCSBVarC023477	ENSP00000324804.6:p.Ala344Ser	PPP2R1A	ENSG00000105568	empty_AD
pilot3	CCSBORF5861	1	CCSBORF0	3AT	1	1229A>T	38	NC_000019.10:52219790:A:T	CCSBVarC023479	ENSP00000324804.6:p.Glu410Val	PPP2R1A	ENSG00000105568	empty_AD
pilot3	CCSBORF5861	1	CCSBORF0	3AT	1	1481A>G	9	NC_000019.10:52221095:A:G	CCSBVarC023482	ENSP00000324804.6:p.Asn494Ser	PPP2R1A	ENSG00000105568	empty_AD
pilot3	CCSBORF5861	1	CCSBORF0	3AT	1	1493G>T	0	NC_000019.10:52221107:G:T	CCSBVarC023486	ENSP00000324804.6:p.Arg498Leu	PPP2R1A	ENSG00000105568	empty_AD
pilot3	CCSBORF5861	1	CCSBORF0	3AT	1	1513A>G	0	NC_000019.10:52221127:A:G	CCSBVarC023489	ENSP00000324804.6:p.Ile505Val	PPP2R1A	ENSG00000105568	empty_AD
pilot3	CCSBORF5861	1	CCSBORF0	3AT	1	1560C>G	0	NC_000019.10:52222139:C:G	CCSBVarC023493	ENSP00000324804.6:p.His520Gln	PPP2R1A	ENSG00000105568	empty_AD
pilot3	CCSBORF5861	1	CCSBORF0	3AT	1	259C>T	16	NC_000019.10:52206051:C:T	CCSBVarC023336	ENSP00000324804.6:p.His87Tyr	PPP2R1A	ENSG00000105568	empty_AD
pilot3	CCSBORF5861	1	CCSBORF0	3AT	1	331T>G	67	NC_000019.10:52211319:T:G	CCSBVarC023343	ENSP00000324804.6:p.Ser111Ala	PPP2R1A	ENSG00000105568	empty_AD
pilot3	CCSBORF5861	1	CCSBORF0	3AT	1	352G>A	0	NC_000019.10:52211340:G:A	CCSBVarC023346	ENSP00000324804.6:p.Glu118Lys	PPP2R1A	ENSG00000105568	empty_AD
pilot3	CCSBORF5861	1	CCSBORF0	3AT	1	377C>T	0	NC_000019.10:52211365:C:T	CCSBVarC023349	ENSP00000324804.6:p.Ala126Val	PPP2R1A	ENSG00000105568	empty_AD
pilot3	CCSBORF5861	1	CCSBORF0	3AT	1	430C>T	10	NC_000019.10:52211418:C:T	CCSBVarC023352	ENSP00000324804.6:p.Arg144Cys	PPP2R1A	ENSG00000105568	empty_AD
pilot3	CCSBORF5861	1	CCSBORF0	3AT	1	470G>A	0	NC_000019.10:52211458:G:A	CCSBVarC023356	ENSP00000324804.6:p.Arg157Gln	PPP2R1A	ENSG00000105568	empty_AD
pilot3	CCSBORF5861	1	CCSBORF0	3AT	1	472G>C	0	NC_000019.10:52211460:G:C	CCSBVarC023359	ENSP00000324804.6:p.Val158Leu	PPP2R1A	ENSG00000105568	empty_AD
pilot3	CCSBORF5861	1	CCSBORF0	3AT	1	522C>G	0	NC_000019.10:52212703:C:G	CCSBVarC023383	ENSP00000324804.6:p.Cys174Trp	PPP2R1A	ENSG00000105568	empty_AD
pilot3	CCSBORF5861	1	CCSBORF0	3AT	1	532A>G	0	NC_000019.10:52212713:A:G	CCSBVarC023386	ENSP00000324804.6:p.Thr178Ala	PPP2R1A	ENSG00000105568	empty_AD
pilot3	CCSBORF5861	1	CCSBORF0	3AT	1	536C>A	40	NC_000019.10:52212717:C:A	CCSBVarC023388	ENSP00000324804.6:p.Pro179His	PPP2R1A	ENSG00000105568	empty_AD
pilot3	CCSBORF5861	1	CCSBORF0	3AT	1	536C>G	31	NC_000019.10:52212717:C:G	CCSBVarC023391	ENSP00000324804.6:p.Pro179Arg	PPP2R1A	ENSG00000105568	empty_AD
pilot3	CCSBORF5861	1	CCSBORF0	3AT	1	536C>T	0	NC_000019.10:52212717:C:T	CCSBVarC023394	ENSP00000324804.6:p.Pro179Leu	PPP2R1A	ENSG00000105568	empty_AD
pilot3	CCSBORF5861	1	CCSBORF0	3AT	1	538A>G	10	NC_000019.10:52212719:A:G	CCSBVarC023426	ENSP00000324804.6:p.Met180Val	PPP2R1A	ENSG00000105568	empty_AD
pilot3	CCSBORF5861	1	CCSBORF0	3AT	1	539T>C	38	NC_000019.10:52212720:T:C	CCSBVarC023429	ENSP00000324804.6:p.Met180Thr	PPP2R1A	ENSG00000105568	empty_AD
pilot3	CCSBORF5861	1	CCSBORF0	3AT	1	547C>G	0	NC_000019.10:52212728:C:G	CCSBVarC023437	ENSP00000324804.6:p.Arg183Gly	PPP2R1A	ENSG00000105568	empty_AD
pilot3	CCSBORF5861	1	CCSBORF0	3AT	1	547C>T	0	NC_000019.10:52212728:C:T	CCSBVarC023440	ENSP00000324804.6:p.Arg183Trp	PPP2R1A	ENSG00000105568	empty_AD
pilot3	CCSBORF5861	1	CCSBORF0	3AT	1	548G>C	0	NC_000019.10:52212729:G:C	CCSBVarC023445	ENSP00000324804.6:p.Arg183Pro	PPP2R1A	ENSG00000105568	empty_AD
pilot3	CCSBORF5861	1	CCSBORF0	3AT	1	553G>A	0	NC_000019.10:52212734:G:A	CCSBVarC023447	ENSP00000324804.6:p.Ala185Thr	PPP2R1A	ENSG00000105568	empty_AD
pilot3	CCSBORF5861	1	CCSBORF0	3AT	1	658G>A	0	NC_000019.10:52212960:G:A	CCSBVarC023455	ENSP00000324804.6:p.Val220Met	PPP2R1A	ENSG00000105568	empty_AD
pilot3	CCSBORF5861	1	CCSBORF0	3AT	1	694G>A	0	NC_000019.10:52212996:G:A	CCSBVarC023458	ENSP00000324804.6:p.Ala232Thr	PPP2R1A	ENSG00000105568	empty_AD
pilot3	CCSBORF5861	5	CCSBORF12279	3AT	1	REF	1908	NULL	NULL	NULL	PPP2R1A	ENSG00000105568	CSDC2
pilot3	CCSBORF5861	5	CCSBORF12279	3AT	1	259C>T	1181	NC_000019.10:52206051:C:T	CCSBVarC023336	ENSP00000324804.6:p.His87Tyr	PPP2R1A	ENSG00000105568	CSDC2
pilot3	CCSBORF5861	5	CCSBORF12279	3AT	1	331T>G	41	NC_000019.10:52211319:T:G	CCSBVarC023343	ENSP00000324804.6:p.Ser111Ala	PPP2R1A	ENSG00000105568	CSDC2
pilot3	CCSBORF5861	5	CCSBORF12279	3AT	1	352G>A	8	NC_000019.10:52211340:G:A	CCSBVarC023346	ENSP00000324804.6:p.Glu118Lys	PPP2R1A	ENSG00000105568	CSDC2
pilot3	CCSBORF5861	5	CCSBORF12279	3AT	1	377C>T	615	NC_000019.10:52211365:C:T	CCSBVarC023349	ENSP00000324804.6:p.Ala126Val	PPP2R1A	ENSG00000105568	CSDC2
pilot3	CCSBORF5861	5	CCSBORF12279	3AT	1	430C>T	2	NC_000019.10:52211418:C:T	CCSBVarC023352	ENSP00000324804.6:p.Arg144Cys	PPP2R1A	ENSG00000105568	CSDC2
pilot3	CCSBORF5861	5	CCSBORF12279	3AT	1	470G>A	40	NC_000019.10:52211458:G:A	CCSBVarC023356	ENSP00000324804.6:p.Arg157Gln	PPP2R1A	ENSG00000105568	CSDC2
pilot3	CCSBORF5861	5	CCSBORF12279	3AT	1	472G>C	7	NC_000019.10:52211460:G:C	CCSBVarC023359	ENSP00000324804.6:p.Val158Leu	PPP2R1A	ENSG00000105568	CSDC2
pilot3	CCSBORF5861	5	CCSBORF12279	3AT	1	522C>G	9	NC_000019.10:52212703:C:G	CCSBVarC023383	ENSP00000324804.6:p.Cys174Trp	PPP2R1A	ENSG00000105568	CSDC2
pilot3	CCSBORF5861	5	CCSBORF12279	3AT	1	532A>G	7	NC_000019.10:52212713:A:G	CCSBVarC023386	ENSP00000324804.6:p.Thr178Ala	PPP2R1A	ENSG00000105568	CSDC2
pilot3	CCSBORF5861	5	CCSBORF12279	3AT	1	536C>A	1553	NC_000019.10:52212717:C:A	CCSBVarC023388	ENSP00000324804.6:p.Pro179His	PPP2R1A	ENSG00000105568	CSDC2
pilot3	CCSBORF5861	5	CCSBORF12279	3AT	1	536C>G	68	NC_000019.10:52212717:C:G	CCSBVarC023391	ENSP00000324804.6:p.Pro179Arg	PPP2R1A	ENSG00000105568	CSDC2
pilot3	CCSBORF5861	5	CCSBORF12279	3AT	1	536C>T	961	NC_000019.10:52212717:C:T	CCSBVarC023394	ENSP00000324804.6:p.Pro179Leu	PPP2R1A	ENSG00000105568	CSDC2
pilot3	CCSBORF5861	5	CCSBORF12279	3AT	1	538A>G	1	NC_000019.10:52212719:A:G	CCSBVarC023426	ENSP00000324804.6:p.Met180Val	PPP2R1A	ENSG00000105568	CSDC2
pilot3	CCSBORF5861	5	CCSBORF100062506	3AT	1	REF	916	NULL	NULL	NULL	PPP2R1A	ENSG00000105568	FBXO43
pilot3	CCSBORF5861	5	CCSBORF100062506	3AT	1	259C>T	2023	NC_000019.10:52206051:C:T	CCSBVarC023336	ENSP00000324804.6:p.His87Tyr	PPP2R1A	ENSG00000105568	FBXO43
pilot3	CCSBORF5861	5	CCSBORF100062506	3AT	1	331T>G	684	NC_000019.10:52211319:T:G	CCSBVarC023343	ENSP00000324804.6:p.Ser111Ala	PPP2R1A	ENSG00000105568	FBXO43
pilot3	CCSBORF5861	5	CCSBORF100062506	3AT	1	352G>A	436	NC_000019.10:52211340:G:A	CCSBVarC023346	ENSP00000324804.6:p.Glu118Lys	PPP2R1A	ENSG00000105568	FBXO43
pilot3	CCSBORF5861	5	CCSBORF100062506	3AT	1	377C>T	248	NC_000019.10:52211365:C:T	CCSBVarC023349	ENSP00000324804.6:p.Ala126Val	PPP2R1A	ENSG00000105568	FBXO43
pilot3	CCSBORF5861	5	CCSBORF100062506	3AT	1	430C>T	205	NC_000019.10:52211418:C:T	CCSBVarC023352	ENSP00000324804.6:p.Arg144Cys	PPP2R1A	ENSG00000105568	FBXO43
pilot3	CCSBORF5861	5	CCSBORF100062506	3AT	1	470G>A	662	NC_000019.10:52211458:G:A	CCSBVarC023356	ENSP00000324804.6:p.Arg157Gln	PPP2R1A	ENSG00000105568	FBXO43
pilot3	CCSBORF5861	5	CCSBORF100062506	3AT	1	472G>C	182	NC_000019.10:52211460:G:C	CCSBVarC023359	ENSP00000324804.6:p.Val158Leu	PPP2R1A	ENSG00000105568	FBXO43
pilot3	CCSBORF5861	5	CCSBORF100062506	3AT	1	522C>G	195	NC_000019.10:52212703:C:G	CCSBVarC023383	ENSP00000324804.6:p.Cys174Trp	PPP2R1A	ENSG00000105568	FBXO43
pilot3	CCSBORF5861	5	CCSBORF100062506	3AT	1	532A>G	301	NC_000019.10:52212713:A:G	CCSBVarC023386	ENSP00000324804.6:p.Thr178Ala	PPP2R1A	ENSG00000105568	FBXO43
pilot3	CCSBORF5861	5	CCSBORF100062506	3AT	1	536C>A	655	NC_000019.10:52212717:C:A	CCSBVarC023388	ENSP00000324804.6:p.Pro179His	PPP2R1A	ENSG00000105568	FBXO43
pilot3	CCSBORF5861	5	CCSBORF100062506	3AT	1	536C>G	836	NC_000019.10:52212717:C:G	CCSBVarC023391	ENSP00000324804.6:p.Pro179Arg	PPP2R1A	ENSG00000105568	FBXO43
pilot3	CCSBORF5861	5	CCSBORF100062506	3AT	1	536C>T	1733	NC_000019.10:52212717:C:T	CCSBVarC023394	ENSP00000324804.6:p.Pro179Leu	PPP2R1A	ENSG00000105568	FBXO43
pilot3	CCSBORF5861	5	CCSBORF100062506	3AT	1	538A>G	0	NC_000019.10:52212719:A:G	CCSBVarC023426	ENSP00000324804.6:p.Met180Val	PPP2R1A	ENSG00000105568	FBXO43
pilot3	CCSBORF5861	5	CCSBORF100061924	3AT	1	REF	1220	NULL	NULL	NULL	PPP2R1A	ENSG00000105568	GOLGA6A
pilot3	CCSBORF5861	5	CCSBORF100061924	3AT	1	259C>T	2545	NC_000019.10:52206051:C:T	CCSBVarC023336	ENSP00000324804.6:p.His87Tyr	PPP2R1A	ENSG00000105568	GOLGA6A
pilot3	CCSBORF5861	5	CCSBORF100061924	3AT	1	331T>G	804	NC_000019.10:52211319:T:G	CCSBVarC023343	ENSP00000324804.6:p.Ser111Ala	PPP2R1A	ENSG00000105568	GOLGA6A
pilot3	CCSBORF5861	5	CCSBORF100061924	3AT	1	352G>A	922	NC_000019.10:52211340:G:A	CCSBVarC023346	ENSP00000324804.6:p.Glu118Lys	PPP2R1A	ENSG00000105568	GOLGA6A
pilot3	CCSBORF5861	5	CCSBORF100061924	3AT	1	377C>T	406	NC_000019.10:52211365:C:T	CCSBVarC023349	ENSP00000324804.6:p.Ala126Val	PPP2R1A	ENSG00000105568	GOLGA6A
pilot3	CCSBORF5861	5	CCSBORF100061924	3AT	1	430C>T	260	NC_000019.10:52211418:C:T	CCSBVarC023352	ENSP00000324804.6:p.Arg144Cys	PPP2R1A	ENSG00000105568	GOLGA6A
pilot3	CCSBORF5861	5	CCSBORF100061924	3AT	1	470G>A	944	NC_000019.10:52211458:G:A	CCSBVarC023356	ENSP00000324804.6:p.Arg157Gln	PPP2R1A	ENSG00000105568	GOLGA6A
pilot3	CCSBORF5861	5	CCSBORF100061924	3AT	1	472G>C	572	NC_000019.10:52211460:G:C	CCSBVarC023359	ENSP00000324804.6:p.Val158Leu	PPP2R1A	ENSG00000105568	GOLGA6A
pilot3	CCSBORF5861	5	CCSBORF100061924	3AT	1	522C>G	240	NC_000019.10:52212703:C:G	CCSBVarC023383	ENSP00000324804.6:p.Cys174Trp	PPP2R1A	ENSG00000105568	GOLGA6A
pilot3	CCSBORF5861	5	CCSBORF100061924	3AT	1	532A>G	199	NC_000019.10:52212713:A:G	CCSBVarC023386	ENSP00000324804.6:p.Thr178Ala	PPP2R1A	ENSG00000105568	GOLGA6A
pilot3	CCSBORF5861	5	CCSBORF100061924	3AT	1	536C>A	143	NC_000019.10:52212717:C:A	CCSBVarC023388	ENSP00000324804.6:p.Pro179His	PPP2R1A	ENSG00000105568	GOLGA6A
pilot3	CCSBORF5861	5	CCSBORF100061924	3AT	1	536C>G	468	NC_000019.10:52212717:C:G	CCSBVarC023391	ENSP00000324804.6:p.Pro179Arg	PPP2R1A	ENSG00000105568	GOLGA6A
pilot3	CCSBORF5861	5	CCSBORF100061924	3AT	1	536C>T	245	NC_000019.10:52212717:C:T	CCSBVarC023394	ENSP00000324804.6:p.Pro179Leu	PPP2R1A	ENSG00000105568	GOLGA6A
pilot3	CCSBORF5861	5	CCSBORF100061924	3AT	1	538A>G	5	NC_000019.10:52212719:A:G	CCSBVarC023426	ENSP00000324804.6:p.Met180Val	PPP2R1A	ENSG00000105568	GOLGA6A
pilot3	CCSBORF5861	5	CCSBORF52950	3AT	1	REF	1040	NULL	NULL	NULL	PPP2R1A	ENSG00000105568	STRN
pilot3	CCSBORF5861	5	CCSBORF52950	3AT	1	259C>T	2061	NC_000019.10:52206051:C:T	CCSBVarC023336	ENSP00000324804.6:p.His87Tyr	PPP2R1A	ENSG00000105568	STRN
pilot3	CCSBORF5861	5	CCSBORF52950	3AT	1	331T>G	374	NC_000019.10:52211319:T:G	CCSBVarC023343	ENSP00000324804.6:p.Ser111Ala	PPP2R1A	ENSG00000105568	STRN
pilot3	CCSBORF5861	5	CCSBORF52950	3AT	1	352G>A	855	NC_000019.10:52211340:G:A	CCSBVarC023346	ENSP00000324804.6:p.Glu118Lys	PPP2R1A	ENSG00000105568	STRN
pilot3	CCSBORF5861	5	CCSBORF52950	3AT	1	377C>T	192	NC_000019.10:52211365:C:T	CCSBVarC023349	ENSP00000324804.6:p.Ala126Val	PPP2R1A	ENSG00000105568	STRN
pilot3	CCSBORF5861	5	CCSBORF52950	3AT	1	430C>T	235	NC_000019.10:52211418:C:T	CCSBVarC023352	ENSP00000324804.6:p.Arg144Cys	PPP2R1A	ENSG00000105568	STRN
pilot3	CCSBORF5861	5	CCSBORF52950	3AT	1	470G>A	753	NC_000019.10:52211458:G:A	CCSBVarC023356	ENSP00000324804.6:p.Arg157Gln	PPP2R1A	ENSG00000105568	STRN
pilot3	CCSBORF5861	5	CCSBORF52950	3AT	1	472G>C	179	NC_000019.10:52211460:G:C	CCSBVarC023359	ENSP00000324804.6:p.Val158Leu	PPP2R1A	ENSG00000105568	STRN
pilot3	CCSBORF5861	5	CCSBORF52950	3AT	1	522C>G	369	NC_000019.10:52212703:C:G	CCSBVarC023383	ENSP00000324804.6:p.Cys174Trp	PPP2R1A	ENSG00000105568	STRN
pilot3	CCSBORF5861	5	CCSBORF52950	3AT	1	532A>G	35	NC_000019.10:52212713:A:G	CCSBVarC023386	ENSP00000324804.6:p.Thr178Ala	PPP2R1A	ENSG00000105568	STRN
pilot3	CCSBORF5861	5	CCSBORF52950	3AT	1	536C>A	821	NC_000019.10:52212717:C:A	CCSBVarC023388	ENSP00000324804.6:p.Pro179His	PPP2R1A	ENSG00000105568	STRN
pilot3	CCSBORF5861	5	CCSBORF52950	3AT	1	536C>G	488	NC_000019.10:52212717:C:G	CCSBVarC023391	ENSP00000324804.6:p.Pro179Arg	PPP2R1A	ENSG00000105568	STRN
pilot3	CCSBORF5861	5	CCSBORF52950	3AT	1	536C>T	1582	NC_000019.10:52212717:C:T	CCSBVarC023394	ENSP00000324804.6:p.Pro179Leu	PPP2R1A	ENSG00000105568	STRN
pilot3	CCSBORF5861	5	CCSBORF52950	3AT	1	538A>G	4	NC_000019.10:52212719:A:G	CCSBVarC023426	ENSP00000324804.6:p.Met180Val	PPP2R1A	ENSG00000105568	STRN
pilot3	CCSBORF5861	5	CCSBORF55030	3AT	1	REF	1024	NULL	NULL	NULL	PPP2R1A	ENSG00000105568	STRN3
pilot3	CCSBORF5861	5	CCSBORF55030	3AT	1	259C>T	1618	NC_000019.10:52206051:C:T	CCSBVarC023336	ENSP00000324804.6:p.His87Tyr	PPP2R1A	ENSG00000105568	STRN3
pilot3	CCSBORF5861	5	CCSBORF55030	3AT	1	331T>G	398	NC_000019.10:52211319:T:G	CCSBVarC023343	ENSP00000324804.6:p.Ser111Ala	PPP2R1A	ENSG00000105568	STRN3
pilot3	CCSBORF5861	5	CCSBORF55030	3AT	1	352G>A	747	NC_000019.10:52211340:G:A	CCSBVarC023346	ENSP00000324804.6:p.Glu118Lys	PPP2R1A	ENSG00000105568	STRN3
pilot3	CCSBORF5861	5	CCSBORF55030	3AT	1	377C>T	253	NC_000019.10:52211365:C:T	CCSBVarC023349	ENSP00000324804.6:p.Ala126Val	PPP2R1A	ENSG00000105568	STRN3
pilot3	CCSBORF5861	5	CCSBORF55030	3AT	1	430C>T	371	NC_000019.10:52211418:C:T	CCSBVarC023352	ENSP00000324804.6:p.Arg144Cys	PPP2R1A	ENSG00000105568	STRN3
pilot3	CCSBORF5861	5	CCSBORF55030	3AT	1	470G>A	748	NC_000019.10:52211458:G:A	CCSBVarC023356	ENSP00000324804.6:p.Arg157Gln	PPP2R1A	ENSG00000105568	STRN3
pilot3	CCSBORF5861	5	CCSBORF55030	3AT	1	472G>C	269	NC_000019.10:52211460:G:C	CCSBVarC023359	ENSP00000324804.6:p.Val158Leu	PPP2R1A	ENSG00000105568	STRN3
pilot3	CCSBORF5861	5	CCSBORF55030	3AT	1	522C>G	167	NC_000019.10:52212703:C:G	CCSBVarC023383	ENSP00000324804.6:p.Cys174Trp	PPP2R1A	ENSG00000105568	STRN3
pilot3	CCSBORF5861	5	CCSBORF55030	3AT	1	532A>G	162	NC_000019.10:52212713:A:G	CCSBVarC023386	ENSP00000324804.6:p.Thr178Ala	PPP2R1A	ENSG00000105568	STRN3
pilot3	CCSBORF5861	5	CCSBORF55030	3AT	1	536C>A	804	NC_000019.10:52212717:C:A	CCSBVarC023388	ENSP00000324804.6:p.Pro179His	PPP2R1A	ENSG00000105568	STRN3
pilot3	CCSBORF5861	5	CCSBORF55030	3AT	1	536C>G	569	NC_000019.10:52212717:C:G	CCSBVarC023391	ENSP00000324804.6:p.Pro179Arg	PPP2R1A	ENSG00000105568	STRN3
pilot3	CCSBORF5861	5	CCSBORF55030	3AT	1	536C>T	924	NC_000019.10:52212717:C:T	CCSBVarC023394	ENSP00000324804.6:p.Pro179Leu	PPP2R1A	ENSG00000105568	STRN3
pilot3	CCSBORF5861	5	CCSBORF55030	3AT	1	538A>G	3	NC_000019.10:52212719:A:G	CCSBVarC023426	ENSP00000324804.6:p.Met180Val	PPP2R1A	ENSG00000105568	STRN3
pilot3	CCSBORF5861	5	CCSBORF0	3AT	1	REF	2	NULL	NULL	NULL	PPP2R1A	ENSG00000105568	empty_AD
pilot3	CCSBORF5861	5	CCSBORF0	3AT	1	259C>T	0	NC_000019.10:52206051:C:T	CCSBVarC023336	ENSP00000324804.6:p.His87Tyr	PPP2R1A	ENSG00000105568	empty_AD
pilot3	CCSBORF5861	5	CCSBORF0	3AT	1	331T>G	0	NC_000019.10:52211319:T:G	CCSBVarC023343	ENSP00000324804.6:p.Ser111Ala	PPP2R1A	ENSG00000105568	empty_AD
pilot3	CCSBORF5861	5	CCSBORF0	3AT	1	352G>A	0	NC_000019.10:52211340:G:A	CCSBVarC023346	ENSP00000324804.6:p.Glu118Lys	PPP2R1A	ENSG00000105568	empty_AD
pilot3	CCSBORF5861	5	CCSBORF0	3AT	1	377C>T	0	NC_000019.10:52211365:C:T	CCSBVarC023349	ENSP00000324804.6:p.Ala126Val	PPP2R1A	ENSG00000105568	empty_AD
pilot3	CCSBORF5861	5	CCSBORF0	3AT	1	430C>T	0	NC_000019.10:52211418:C:T	CCSBVarC023352	ENSP00000324804.6:p.Arg144Cys	PPP2R1A	ENSG00000105568	empty_AD
pilot3	CCSBORF5861	5	CCSBORF0	3AT	1	470G>A	2	NC_000019.10:52211458:G:A	CCSBVarC023356	ENSP00000324804.6:p.Arg157Gln	PPP2R1A	ENSG00000105568	empty_AD
pilot3	CCSBORF5861	5	CCSBORF0	3AT	1	472G>C	0	NC_000019.10:52211460:G:C	CCSBVarC023359	ENSP00000324804.6:p.Val158Leu	PPP2R1A	ENSG00000105568	empty_AD
pilot3	CCSBORF5861	5	CCSBORF0	3AT	1	522C>G	0	NC_000019.10:52212703:C:G	CCSBVarC023383	ENSP00000324804.6:p.Cys174Trp	PPP2R1A	ENSG00000105568	empty_AD
pilot3	CCSBORF5861	5	CCSBORF0	3AT	1	532A>G	0	NC_000019.10:52212713:A:G	CCSBVarC023386	ENSP00000324804.6:p.Thr178Ala	PPP2R1A	ENSG00000105568	empty_AD
pilot3	CCSBORF5861	5	CCSBORF0	3AT	1	536C>A	0	NC_000019.10:52212717:C:A	CCSBVarC023388	ENSP00000324804.6:p.Pro179His	PPP2R1A	ENSG00000105568	empty_AD
pilot3	CCSBORF5861	5	CCSBORF0	3AT	1	536C>G	0	NC_000019.10:52212717:C:G	CCSBVarC023391	ENSP00000324804.6:p.Pro179Arg	PPP2R1A	ENSG00000105568	empty_AD
pilot3	CCSBORF5861	5	CCSBORF0	3AT	1	536C>T	0	NC_000019.10:52212717:C:T	CCSBVarC023394	ENSP00000324804.6:p.Pro179Leu	PPP2R1A	ENSG00000105568	empty_AD
pilot3	CCSBORF5861	5	CCSBORF0	3AT	1	538A>G	0	NC_000019.10:52212719:A:G	CCSBVarC023426	ENSP00000324804.6:p.Met180Val	PPP2R1A	ENSG00000105568	empty_AD
pilot3	CCSBORF5861	2	CCSBORF12279	3AT	1	REF	569	NULL	NULL	NULL	PPP2R1A	ENSG00000105568	CSDC2
pilot3	CCSBORF5861	2	CCSBORF12279	3AT	1	259C>T	581	NC_000019.10:52206051:C:T	CCSBVarC023336	ENSP00000324804.6:p.His87Tyr	PPP2R1A	ENSG00000105568	CSDC2
pilot3	CCSBORF5861	2	CCSBORF12279	3AT	1	331T>G	432	NC_000019.10:52211319:T:G	CCSBVarC023343	ENSP00000324804.6:p.Ser111Ala	PPP2R1A	ENSG00000105568	CSDC2
pilot3	CCSBORF5861	2	CCSBORF12279	3AT	1	352G>A	137	NC_000019.10:52211340:G:A	CCSBVarC023346	ENSP00000324804.6:p.Glu118Lys	PPP2R1A	ENSG00000105568	CSDC2
pilot3	CCSBORF5861	2	CCSBORF12279	3AT	1	377C>T	203	NC_000019.10:52211365:C:T	CCSBVarC023349	ENSP00000324804.6:p.Ala126Val	PPP2R1A	ENSG00000105568	CSDC2
pilot3	CCSBORF5861	2	CCSBORF12279	3AT	1	430C>T	151	NC_000019.10:52211418:C:T	CCSBVarC023352	ENSP00000324804.6:p.Arg144Cys	PPP2R1A	ENSG00000105568	CSDC2
pilot3	CCSBORF5861	2	CCSBORF12279	3AT	1	470G>A	221	NC_000019.10:52211458:G:A	CCSBVarC023356	ENSP00000324804.6:p.Arg157Gln	PPP2R1A	ENSG00000105568	CSDC2
pilot3	CCSBORF5861	2	CCSBORF12279	3AT	1	472G>C	1	NC_000019.10:52211460:G:C	CCSBVarC023359	ENSP00000324804.6:p.Val158Leu	PPP2R1A	ENSG00000105568	CSDC2
pilot3	CCSBORF5861	2	CCSBORF12279	3AT	1	522C>G	11	NC_000019.10:52212703:C:G	CCSBVarC023383	ENSP00000324804.6:p.Cys174Trp	PPP2R1A	ENSG00000105568	CSDC2
pilot3	CCSBORF5861	2	CCSBORF12279	3AT	1	532A>G	247	NC_000019.10:52212713:A:G	CCSBVarC023386	ENSP00000324804.6:p.Thr178Ala	PPP2R1A	ENSG00000105568	CSDC2
pilot3	CCSBORF5861	2	CCSBORF12279	3AT	1	536C>A	295	NC_000019.10:52212717:C:A	CCSBVarC023388	ENSP00000324804.6:p.Pro179His	PPP2R1A	ENSG00000105568	CSDC2
pilot3	CCSBORF5861	2	CCSBORF12279	3AT	1	536C>G	478	NC_000019.10:52212717:C:G	CCSBVarC023391	ENSP00000324804.6:p.Pro179Arg	PPP2R1A	ENSG00000105568	CSDC2
pilot3	CCSBORF5861	2	CCSBORF12279	3AT	1	536C>T	3021	NC_000019.10:52212717:C:T	CCSBVarC023394	ENSP00000324804.6:p.Pro179Leu	PPP2R1A	ENSG00000105568	CSDC2
pilot3	CCSBORF5861	2	CCSBORF12279	3AT	1	538A>G	3	NC_000019.10:52212719:A:G	CCSBVarC023426	ENSP00000324804.6:p.Met180Val	PPP2R1A	ENSG00000105568	CSDC2
pilot3	CCSBORF5861	2	CCSBORF100062506	3AT	1	REF	890	NULL	NULL	NULL	PPP2R1A	ENSG00000105568	FBXO43
pilot3	CCSBORF5861	2	CCSBORF100062506	3AT	1	259C>T	529	NC_000019.10:52206051:C:T	CCSBVarC023336	ENSP00000324804.6:p.His87Tyr	PPP2R1A	ENSG00000105568	FBXO43
pilot3	CCSBORF5861	2	CCSBORF100062506	3AT	1	331T>G	526	NC_000019.10:52211319:T:G	CCSBVarC023343	ENSP00000324804.6:p.Ser111Ala	PPP2R1A	ENSG00000105568	FBXO43
pilot3	CCSBORF5861	2	CCSBORF100062506	3AT	1	352G>A	1293	NC_000019.10:52211340:G:A	CCSBVarC023346	ENSP00000324804.6:p.Glu118Lys	PPP2R1A	ENSG00000105568	FBXO43
pilot3	CCSBORF5861	2	CCSBORF100062506	3AT	1	377C>T	165	NC_000019.10:52211365:C:T	CCSBVarC023349	ENSP00000324804.6:p.Ala126Val	PPP2R1A	ENSG00000105568	FBXO43
pilot3	CCSBORF5861	2	CCSBORF100062506	3AT	1	430C>T	404	NC_000019.10:52211418:C:T	CCSBVarC023352	ENSP00000324804.6:p.Arg144Cys	PPP2R1A	ENSG00000105568	FBXO43
pilot3	CCSBORF5861	2	CCSBORF100062506	3AT	1	470G>A	382	NC_000019.10:52211458:G:A	CCSBVarC023356	ENSP00000324804.6:p.Arg157Gln	PPP2R1A	ENSG00000105568	FBXO43
pilot3	CCSBORF5861	2	CCSBORF100062506	3AT	1	472G>C	36	NC_000019.10:52211460:G:C	CCSBVarC023359	ENSP00000324804.6:p.Val158Leu	PPP2R1A	ENSG00000105568	FBXO43
pilot3	CCSBORF5861	2	CCSBORF100062506	3AT	1	522C>G	73	NC_000019.10:52212703:C:G	CCSBVarC023383	ENSP00000324804.6:p.Cys174Trp	PPP2R1A	ENSG00000105568	FBXO43
pilot3	CCSBORF5861	2	CCSBORF100062506	3AT	1	532A>G	365	NC_000019.10:52212713:A:G	CCSBVarC023386	ENSP00000324804.6:p.Thr178Ala	PPP2R1A	ENSG00000105568	FBXO43
pilot3	CCSBORF5861	2	CCSBORF100062506	3AT	1	536C>A	330	NC_000019.10:52212717:C:A	CCSBVarC023388	ENSP00000324804.6:p.Pro179His	PPP2R1A	ENSG00000105568	FBXO43
pilot3	CCSBORF5861	2	CCSBORF100062506	3AT	1	536C>G	413	NC_000019.10:52212717:C:G	CCSBVarC023391	ENSP00000324804.6:p.Pro179Arg	PPP2R1A	ENSG00000105568	FBXO43
pilot3	CCSBORF5861	2	CCSBORF100062506	3AT	1	536C>T	1722	NC_000019.10:52212717:C:T	CCSBVarC023394	ENSP00000324804.6:p.Pro179Leu	PPP2R1A	ENSG00000105568	FBXO43
pilot3	CCSBORF5861	2	CCSBORF100062506	3AT	1	538A>G	4	NC_000019.10:52212719:A:G	CCSBVarC023426	ENSP00000324804.6:p.Met180Val	PPP2R1A	ENSG00000105568	FBXO43
pilot3	CCSBORF5861	2	CCSBORF100061924	3AT	1	REF	1455	NULL	NULL	NULL	PPP2R1A	ENSG00000105568	GOLGA6A
pilot3	CCSBORF5861	2	CCSBORF100061924	3AT	1	259C>T	663	NC_000019.10:52206051:C:T	CCSBVarC023336	ENSP00000324804.6:p.His87Tyr	PPP2R1A	ENSG00000105568	GOLGA6A
pilot3	CCSBORF5861	2	CCSBORF100061924	3AT	1	331T>G	885	NC_000019.10:52211319:T:G	CCSBVarC023343	ENSP00000324804.6:p.Ser111Ala	PPP2R1A	ENSG00000105568	GOLGA6A
pilot3	CCSBORF5861	2	CCSBORF100061924	3AT	1	352G>A	1424	NC_000019.10:52211340:G:A	CCSBVarC023346	ENSP00000324804.6:p.Glu118Lys	PPP2R1A	ENSG00000105568	GOLGA6A
pilot3	CCSBORF5861	2	CCSBORF100061924	3AT	1	377C>T	218	NC_000019.10:52211365:C:T	CCSBVarC023349	ENSP00000324804.6:p.Ala126Val	PPP2R1A	ENSG00000105568	GOLGA6A
pilot3	CCSBORF5861	2	CCSBORF100061924	3AT	1	430C>T	545	NC_000019.10:52211418:C:T	CCSBVarC023352	ENSP00000324804.6:p.Arg144Cys	PPP2R1A	ENSG00000105568	GOLGA6A
pilot3	CCSBORF5861	2	CCSBORF100061924	3AT	1	470G>A	581	NC_000019.10:52211458:G:A	CCSBVarC023356	ENSP00000324804.6:p.Arg157Gln	PPP2R1A	ENSG00000105568	GOLGA6A
pilot3	CCSBORF5861	2	CCSBORF100061924	3AT	1	472G>C	21	NC_000019.10:52211460:G:C	CCSBVarC023359	ENSP00000324804.6:p.Val158Leu	PPP2R1A	ENSG00000105568	GOLGA6A
pilot3	CCSBORF5861	2	CCSBORF100061924	3AT	1	522C>G	178	NC_000019.10:52212703:C:G	CCSBVarC023383	ENSP00000324804.6:p.Cys174Trp	PPP2R1A	ENSG00000105568	GOLGA6A
pilot3	CCSBORF5861	2	CCSBORF100061924	3AT	1	532A>G	287	NC_000019.10:52212713:A:G	CCSBVarC023386	ENSP00000324804.6:p.Thr178Ala	PPP2R1A	ENSG00000105568	GOLGA6A
pilot3	CCSBORF5861	2	CCSBORF100061924	3AT	1	536C>A	76	NC_000019.10:52212717:C:A	CCSBVarC023388	ENSP00000324804.6:p.Pro179His	PPP2R1A	ENSG00000105568	GOLGA6A
pilot3	CCSBORF5861	2	CCSBORF100061924	3AT	1	536C>G	235	NC_000019.10:52212717:C:G	CCSBVarC023391	ENSP00000324804.6:p.Pro179Arg	PPP2R1A	ENSG00000105568	GOLGA6A
pilot3	CCSBORF5861	2	CCSBORF100061924	3AT	1	536C>T	384	NC_000019.10:52212717:C:T	CCSBVarC023394	ENSP00000324804.6:p.Pro179Leu	PPP2R1A	ENSG00000105568	GOLGA6A
pilot3	CCSBORF5861	2	CCSBORF100061924	3AT	1	538A>G	2	NC_000019.10:52212719:A:G	CCSBVarC023426	ENSP00000324804.6:p.Met180Val	PPP2R1A	ENSG00000105568	GOLGA6A
pilot3	CCSBORF5861	2	CCSBORF52950	3AT	1	REF	1161	NULL	NULL	NULL	PPP2R1A	ENSG00000105568	STRN
pilot3	CCSBORF5861	2	CCSBORF52950	3AT	1	259C>T	622	NC_000019.10:52206051:C:T	CCSBVarC023336	ENSP00000324804.6:p.His87Tyr	PPP2R1A	ENSG00000105568	STRN
pilot3	CCSBORF5861	2	CCSBORF52950	3AT	1	331T>G	663	NC_000019.10:52211319:T:G	CCSBVarC023343	ENSP00000324804.6:p.Ser111Ala	PPP2R1A	ENSG00000105568	STRN
pilot3	CCSBORF5861	2	CCSBORF52950	3AT	1	352G>A	1101	NC_000019.10:52211340:G:A	CCSBVarC023346	ENSP00000324804.6:p.Glu118Lys	PPP2R1A	ENSG00000105568	STRN
pilot3	CCSBORF5861	2	CCSBORF52950	3AT	1	377C>T	206	NC_000019.10:52211365:C:T	CCSBVarC023349	ENSP00000324804.6:p.Ala126Val	PPP2R1A	ENSG00000105568	STRN
pilot3	CCSBORF5861	2	CCSBORF52950	3AT	1	430C>T	871	NC_000019.10:52211418:C:T	CCSBVarC023352	ENSP00000324804.6:p.Arg144Cys	PPP2R1A	ENSG00000105568	STRN
pilot3	CCSBORF5861	2	CCSBORF52950	3AT	1	470G>A	345	NC_000019.10:52211458:G:A	CCSBVarC023356	ENSP00000324804.6:p.Arg157Gln	PPP2R1A	ENSG00000105568	STRN
pilot3	CCSBORF5861	2	CCSBORF52950	3AT	1	472G>C	24	NC_000019.10:52211460:G:C	CCSBVarC023359	ENSP00000324804.6:p.Val158Leu	PPP2R1A	ENSG00000105568	STRN
pilot3	CCSBORF5861	2	CCSBORF52950	3AT	1	522C>G	254	NC_000019.10:52212703:C:G	CCSBVarC023383	ENSP00000324804.6:p.Cys174Trp	PPP2R1A	ENSG00000105568	STRN
pilot3	CCSBORF5861	2	CCSBORF52950	3AT	1	532A>G	303	NC_000019.10:52212713:A:G	CCSBVarC023386	ENSP00000324804.6:p.Thr178Ala	PPP2R1A	ENSG00000105568	STRN
pilot3	CCSBORF5861	2	CCSBORF52950	3AT	1	536C>A	478	NC_000019.10:52212717:C:A	CCSBVarC023388	ENSP00000324804.6:p.Pro179His	PPP2R1A	ENSG00000105568	STRN
pilot3	CCSBORF5861	2	CCSBORF52950	3AT	1	536C>G	370	NC_000019.10:52212717:C:G	CCSBVarC023391	ENSP00000324804.6:p.Pro179Arg	PPP2R1A	ENSG00000105568	STRN
pilot3	CCSBORF5861	2	CCSBORF52950	3AT	1	536C>T	3029	NC_000019.10:52212717:C:T	CCSBVarC023394	ENSP00000324804.6:p.Pro179Leu	PPP2R1A	ENSG00000105568	STRN
pilot3	CCSBORF5861	2	CCSBORF52950	3AT	1	538A>G	3	NC_000019.10:52212719:A:G	CCSBVarC023426	ENSP00000324804.6:p.Met180Val	PPP2R1A	ENSG00000105568	STRN
pilot3	CCSBORF5861	2	CCSBORF55030	3AT	1	REF	1082	NULL	NULL	NULL	PPP2R1A	ENSG00000105568	STRN3
pilot3	CCSBORF5861	2	CCSBORF55030	3AT	1	259C>T	467	NC_000019.10:52206051:C:T	CCSBVarC023336	ENSP00000324804.6:p.His87Tyr	PPP2R1A	ENSG00000105568	STRN3
pilot3	CCSBORF5861	2	CCSBORF55030	3AT	1	331T>G	324	NC_000019.10:52211319:T:G	CCSBVarC023343	ENSP00000324804.6:p.Ser111Ala	PPP2R1A	ENSG00000105568	STRN3
pilot3	CCSBORF5861	2	CCSBORF55030	3AT	1	352G>A	1361	NC_000019.10:52211340:G:A	CCSBVarC023346	ENSP00000324804.6:p.Glu118Lys	PPP2R1A	ENSG00000105568	STRN3
pilot3	CCSBORF5861	2	CCSBORF55030	3AT	1	377C>T	184	NC_000019.10:52211365:C:T	CCSBVarC023349	ENSP00000324804.6:p.Ala126Val	PPP2R1A	ENSG00000105568	STRN3
pilot3	CCSBORF5861	2	CCSBORF55030	3AT	1	430C>T	761	NC_000019.10:52211418:C:T	CCSBVarC023352	ENSP00000324804.6:p.Arg144Cys	PPP2R1A	ENSG00000105568	STRN3
pilot3	CCSBORF5861	2	CCSBORF55030	3AT	1	470G>A	503	NC_000019.10:52211458:G:A	CCSBVarC023356	ENSP00000324804.6:p.Arg157Gln	PPP2R1A	ENSG00000105568	STRN3
pilot3	CCSBORF5861	2	CCSBORF55030	3AT	1	472G>C	26	NC_000019.10:52211460:G:C	CCSBVarC023359	ENSP00000324804.6:p.Val158Leu	PPP2R1A	ENSG00000105568	STRN3
pilot3	CCSBORF5861	2	CCSBORF55030	3AT	1	522C>G	119	NC_000019.10:52212703:C:G	CCSBVarC023383	ENSP00000324804.6:p.Cys174Trp	PPP2R1A	ENSG00000105568	STRN3
pilot3	CCSBORF5861	2	CCSBORF55030	3AT	1	532A>G	268	NC_000019.10:52212713:A:G	CCSBVarC023386	ENSP00000324804.6:p.Thr178Ala	PPP2R1A	ENSG00000105568	STRN3
pilot3	CCSBORF5861	2	CCSBORF55030	3AT	1	536C>A	342	NC_000019.10:52212717:C:A	CCSBVarC023388	ENSP00000324804.6:p.Pro179His	PPP2R1A	ENSG00000105568	STRN3
pilot3	CCSBORF5861	2	CCSBORF55030	3AT	1	536C>G	238	NC_000019.10:52212717:C:G	CCSBVarC023391	ENSP00000324804.6:p.Pro179Arg	PPP2R1A	ENSG00000105568	STRN3
pilot3	CCSBORF5861	2	CCSBORF55030	3AT	1	536C>T	1372	NC_000019.10:52212717:C:T	CCSBVarC023394	ENSP00000324804.6:p.Pro179Leu	PPP2R1A	ENSG00000105568	STRN3
pilot3	CCSBORF5861	2	CCSBORF55030	3AT	1	538A>G	4	NC_000019.10:52212719:A:G	CCSBVarC023426	ENSP00000324804.6:p.Met180Val	PPP2R1A	ENSG00000105568	STRN3
pilot3	CCSBORF5861	2	CCSBORF0	3AT	1	REF	4344	NULL	NULL	NULL	PPP2R1A	ENSG00000105568	empty_AD
pilot3	CCSBORF5861	2	CCSBORF0	3AT	1	259C>T	1	NC_000019.10:52206051:C:T	CCSBVarC023336	ENSP00000324804.6:p.His87Tyr	PPP2R1A	ENSG00000105568	empty_AD
pilot3	CCSBORF5861	2	CCSBORF0	3AT	1	331T>G	13	NC_000019.10:52211319:T:G	CCSBVarC023343	ENSP00000324804.6:p.Ser111Ala	PPP2R1A	ENSG00000105568	empty_AD
pilot3	CCSBORF5861	2	CCSBORF0	3AT	1	352G>A	8	NC_000019.10:52211340:G:A	CCSBVarC023346	ENSP00000324804.6:p.Glu118Lys	PPP2R1A	ENSG00000105568	empty_AD
pilot3	CCSBORF5861	2	CCSBORF0	3AT	1	377C>T	23	NC_000019.10:52211365:C:T	CCSBVarC023349	ENSP00000324804.6:p.Ala126Val	PPP2R1A	ENSG00000105568	empty_AD
pilot3	CCSBORF5861	2	CCSBORF0	3AT	1	430C>T	3	NC_000019.10:52211418:C:T	CCSBVarC023352	ENSP00000324804.6:p.Arg144Cys	PPP2R1A	ENSG00000105568	empty_AD
pilot3	CCSBORF5861	2	CCSBORF0	3AT	1	470G>A	9	NC_000019.10:52211458:G:A	CCSBVarC023356	ENSP00000324804.6:p.Arg157Gln	PPP2R1A	ENSG00000105568	empty_AD
pilot3	CCSBORF5861	2	CCSBORF0	3AT	1	472G>C	0	NC_000019.10:52211460:G:C	CCSBVarC023359	ENSP00000324804.6:p.Val158Leu	PPP2R1A	ENSG00000105568	empty_AD
pilot3	CCSBORF5861	2	CCSBORF0	3AT	1	522C>G	3	NC_000019.10:52212703:C:G	CCSBVarC023383	ENSP00000324804.6:p.Cys174Trp	PPP2R1A	ENSG00000105568	empty_AD
pilot3	CCSBORF5861	2	CCSBORF0	3AT	1	532A>G	7	NC_000019.10:52212713:A:G	CCSBVarC023386	ENSP00000324804.6:p.Thr178Ala	PPP2R1A	ENSG00000105568	empty_AD
pilot3	CCSBORF5861	2	CCSBORF0	3AT	1	536C>A	4	NC_000019.10:52212717:C:A	CCSBVarC023388	ENSP00000324804.6:p.Pro179His	PPP2R1A	ENSG00000105568	empty_AD
pilot3	CCSBORF5861	2	CCSBORF0	3AT	1	536C>G	1	NC_000019.10:52212717:C:G	CCSBVarC023391	ENSP00000324804.6:p.Pro179Arg	PPP2R1A	ENSG00000105568	empty_AD
pilot3	CCSBORF5861	2	CCSBORF0	3AT	1	536C>T	1	NC_000019.10:52212717:C:T	CCSBVarC023394	ENSP00000324804.6:p.Pro179Leu	PPP2R1A	ENSG00000105568	empty_AD
pilot3	CCSBORF5861	2	CCSBORF0	3AT	1	538A>G	3	NC_000019.10:52212719:A:G	CCSBVarC023426	ENSP00000324804.6:p.Met180Val	PPP2R1A	ENSG00000105568	empty_AD
pilot3	CCSBORF5861	6	CCSBORF12279	3AT	1	REF	895	NULL	NULL	NULL	PPP2R1A	ENSG00000105568	CSDC2
pilot3	CCSBORF5861	6	CCSBORF12279	3AT	1	1030G>T	149	NC_000019.10:52216564:G:T	CCSBVarC023477	ENSP00000324804.6:p.Ala344Ser	PPP2R1A	ENSG00000105568	CSDC2
pilot3	CCSBORF5861	6	CCSBORF12279	3AT	1	1229A>T	70	NC_000019.10:52219790:A:T	CCSBVarC023479	ENSP00000324804.6:p.Glu410Val	PPP2R1A	ENSG00000105568	CSDC2
pilot3	CCSBORF5861	6	CCSBORF12279	3AT	1	1481A>G	676	NC_000019.10:52221095:A:G	CCSBVarC023482	ENSP00000324804.6:p.Asn494Ser	PPP2R1A	ENSG00000105568	CSDC2
pilot3	CCSBORF5861	6	CCSBORF12279	3AT	1	1493G>T	3	NC_000019.10:52221107:G:T	CCSBVarC023486	ENSP00000324804.6:p.Arg498Leu	PPP2R1A	ENSG00000105568	CSDC2
pilot3	CCSBORF5861	6	CCSBORF12279	3AT	1	1513A>G	70	NC_000019.10:52221127:A:G	CCSBVarC023489	ENSP00000324804.6:p.Ile505Val	PPP2R1A	ENSG00000105568	CSDC2
pilot3	CCSBORF5861	6	CCSBORF12279	3AT	1	1560C>G	248	NC_000019.10:52222139:C:G	CCSBVarC023493	ENSP00000324804.6:p.His520Gln	PPP2R1A	ENSG00000105568	CSDC2
pilot3	CCSBORF5861	6	CCSBORF12279	3AT	1	539T>C	612	NC_000019.10:52212720:T:C	CCSBVarC023429	ENSP00000324804.6:p.Met180Thr	PPP2R1A	ENSG00000105568	CSDC2
pilot3	CCSBORF5861	6	CCSBORF12279	3AT	1	547C>G	212	NC_000019.10:52212728:C:G	CCSBVarC023437	ENSP00000324804.6:p.Arg183Gly	PPP2R1A	ENSG00000105568	CSDC2
pilot3	CCSBORF5861	6	CCSBORF12279	3AT	1	547C>T	312	NC_000019.10:52212728:C:T	CCSBVarC023440	ENSP00000324804.6:p.Arg183Trp	PPP2R1A	ENSG00000105568	CSDC2
pilot3	CCSBORF5861	6	CCSBORF12279	3AT	1	548G>C	739	NC_000019.10:52212729:G:C	CCSBVarC023445	ENSP00000324804.6:p.Arg183Pro	PPP2R1A	ENSG00000105568	CSDC2
pilot3	CCSBORF5861	6	CCSBORF12279	3AT	1	553G>A	1373	NC_000019.10:52212734:G:A	CCSBVarC023447	ENSP00000324804.6:p.Ala185Thr	PPP2R1A	ENSG00000105568	CSDC2
pilot3	CCSBORF5861	6	CCSBORF12279	3AT	1	658G>A	588	NC_000019.10:52212960:G:A	CCSBVarC023455	ENSP00000324804.6:p.Val220Met	PPP2R1A	ENSG00000105568	CSDC2
pilot3	CCSBORF5861	6	CCSBORF12279	3AT	1	694G>A	48	NC_000019.10:52212996:G:A	CCSBVarC023458	ENSP00000324804.6:p.Ala232Thr	PPP2R1A	ENSG00000105568	CSDC2
pilot3	CCSBORF5861	6	CCSBORF100062506	3AT	1	REF	887	NULL	NULL	NULL	PPP2R1A	ENSG00000105568	FBXO43
pilot3	CCSBORF5861	6	CCSBORF100062506	3AT	1	1030G>T	692	NC_000019.10:52216564:G:T	CCSBVarC023477	ENSP00000324804.6:p.Ala344Ser	PPP2R1A	ENSG00000105568	FBXO43
pilot3	CCSBORF5861	6	CCSBORF100062506	3AT	1	1229A>T	140	NC_000019.10:52219790:A:T	CCSBVarC023479	ENSP00000324804.6:p.Glu410Val	PPP2R1A	ENSG00000105568	FBXO43
pilot3	CCSBORF5861	6	CCSBORF100062506	3AT	1	1481A>G	630	NC_000019.10:52221095:A:G	CCSBVarC023482	ENSP00000324804.6:p.Asn494Ser	PPP2R1A	ENSG00000105568	FBXO43
pilot3	CCSBORF5861	6	CCSBORF100062506	3AT	1	1493G>T	134	NC_000019.10:52221107:G:T	CCSBVarC023486	ENSP00000324804.6:p.Arg498Leu	PPP2R1A	ENSG00000105568	FBXO43
pilot3	CCSBORF5861	6	CCSBORF100062506	3AT	1	1513A>G	185	NC_000019.10:52221127:A:G	CCSBVarC023489	ENSP00000324804.6:p.Ile505Val	PPP2R1A	ENSG00000105568	FBXO43
pilot3	CCSBORF5861	6	CCSBORF100062506	3AT	1	1560C>G	945	NC_000019.10:52222139:C:G	CCSBVarC023493	ENSP00000324804.6:p.His520Gln	PPP2R1A	ENSG00000105568	FBXO43
pilot3	CCSBORF5861	6	CCSBORF100062506	3AT	1	539T>C	1022	NC_000019.10:52212720:T:C	CCSBVarC023429	ENSP00000324804.6:p.Met180Thr	PPP2R1A	ENSG00000105568	FBXO43
pilot3	CCSBORF5861	6	CCSBORF100062506	3AT	1	547C>G	10	NC_000019.10:52212728:C:G	CCSBVarC023437	ENSP00000324804.6:p.Arg183Gly	PPP2R1A	ENSG00000105568	FBXO43
pilot3	CCSBORF5861	6	CCSBORF100062506	3AT	1	547C>T	13	NC_000019.10:52212728:C:T	CCSBVarC023440	ENSP00000324804.6:p.Arg183Trp	PPP2R1A	ENSG00000105568	FBXO43
pilot3	CCSBORF5861	6	CCSBORF100062506	3AT	1	548G>C	40	NC_000019.10:52212729:G:C	CCSBVarC023445	ENSP00000324804.6:p.Arg183Pro	PPP2R1A	ENSG00000105568	FBXO43
pilot3	CCSBORF5861	6	CCSBORF100062506	3AT	1	553G>A	2282	NC_000019.10:52212734:G:A	CCSBVarC023447	ENSP00000324804.6:p.Ala185Thr	PPP2R1A	ENSG00000105568	FBXO43
pilot3	CCSBORF5861	6	CCSBORF100062506	3AT	1	658G>A	1251	NC_000019.10:52212960:G:A	CCSBVarC023455	ENSP00000324804.6:p.Val220Met	PPP2R1A	ENSG00000105568	FBXO43
pilot3	CCSBORF5861	6	CCSBORF100062506	3AT	1	694G>A	138	NC_000019.10:52212996:G:A	CCSBVarC023458	ENSP00000324804.6:p.Ala232Thr	PPP2R1A	ENSG00000105568	FBXO43
pilot3	CCSBORF5861	6	CCSBORF100061924	3AT	1	REF	320	NULL	NULL	NULL	PPP2R1A	ENSG00000105568	GOLGA6A
pilot3	CCSBORF5861	6	CCSBORF100061924	3AT	1	1030G>T	170	NC_000019.10:52216564:G:T	CCSBVarC023477	ENSP00000324804.6:p.Ala344Ser	PPP2R1A	ENSG00000105568	GOLGA6A
pilot3	CCSBORF5861	6	CCSBORF100061924	3AT	1	1229A>T	8	NC_000019.10:52219790:A:T	CCSBVarC023479	ENSP00000324804.6:p.Glu410Val	PPP2R1A	ENSG00000105568	GOLGA6A
pilot3	CCSBORF5861	6	CCSBORF100061924	3AT	1	1481A>G	66	NC_000019.10:52221095:A:G	CCSBVarC023482	ENSP00000324804.6:p.Asn494Ser	PPP2R1A	ENSG00000105568	GOLGA6A
pilot3	CCSBORF5861	6	CCSBORF100061924	3AT	1	1493G>T	9	NC_000019.10:52221107:G:T	CCSBVarC023486	ENSP00000324804.6:p.Arg498Leu	PPP2R1A	ENSG00000105568	GOLGA6A
pilot3	CCSBORF5861	6	CCSBORF100061924	3AT	1	1513A>G	61	NC_000019.10:52221127:A:G	CCSBVarC023489	ENSP00000324804.6:p.Ile505Val	PPP2R1A	ENSG00000105568	GOLGA6A
pilot3	CCSBORF5861	6	CCSBORF100061924	3AT	1	1560C>G	347	NC_000019.10:52222139:C:G	CCSBVarC023493	ENSP00000324804.6:p.His520Gln	PPP2R1A	ENSG00000105568	GOLGA6A
pilot3	CCSBORF5861	6	CCSBORF100061924	3AT	1	539T>C	565	NC_000019.10:52212720:T:C	CCSBVarC023429	ENSP00000324804.6:p.Met180Thr	PPP2R1A	ENSG00000105568	GOLGA6A
pilot3	CCSBORF5861	6	CCSBORF100061924	3AT	1	547C>G	488	NC_000019.10:52212728:C:G	CCSBVarC023437	ENSP00000324804.6:p.Arg183Gly	PPP2R1A	ENSG00000105568	GOLGA6A
pilot3	CCSBORF5861	6	CCSBORF100061924	3AT	1	547C>T	416	NC_000019.10:52212728:C:T	CCSBVarC023440	ENSP00000324804.6:p.Arg183Trp	PPP2R1A	ENSG00000105568	GOLGA6A
pilot3	CCSBORF5861	6	CCSBORF100061924	3AT	1	548G>C	1853	NC_000019.10:52212729:G:C	CCSBVarC023445	ENSP00000324804.6:p.Arg183Pro	PPP2R1A	ENSG00000105568	GOLGA6A
pilot3	CCSBORF5861	6	CCSBORF100061924	3AT	1	553G>A	962	NC_000019.10:52212734:G:A	CCSBVarC023447	ENSP00000324804.6:p.Ala185Thr	PPP2R1A	ENSG00000105568	GOLGA6A
pilot3	CCSBORF5861	6	CCSBORF100061924	3AT	1	658G>A	1401	NC_000019.10:52212960:G:A	CCSBVarC023455	ENSP00000324804.6:p.Val220Met	PPP2R1A	ENSG00000105568	GOLGA6A
pilot3	CCSBORF5861	6	CCSBORF100061924	3AT	1	694G>A	12	NC_000019.10:52212996:G:A	CCSBVarC023458	ENSP00000324804.6:p.Ala232Thr	PPP2R1A	ENSG00000105568	GOLGA6A
pilot3	CCSBORF5861	6	CCSBORF52950	3AT	1	REF	553	NULL	NULL	NULL	PPP2R1A	ENSG00000105568	STRN
pilot3	CCSBORF5861	6	CCSBORF52950	3AT	1	1030G>T	257	NC_000019.10:52216564:G:T	CCSBVarC023477	ENSP00000324804.6:p.Ala344Ser	PPP2R1A	ENSG00000105568	STRN
pilot3	CCSBORF5861	6	CCSBORF52950	3AT	1	1229A>T	81	NC_000019.10:52219790:A:T	CCSBVarC023479	ENSP00000324804.6:p.Glu410Val	PPP2R1A	ENSG00000105568	STRN
pilot3	CCSBORF5861	6	CCSBORF52950	3AT	1	1481A>G	380	NC_000019.10:52221095:A:G	CCSBVarC023482	ENSP00000324804.6:p.Asn494Ser	PPP2R1A	ENSG00000105568	STRN
pilot3	CCSBORF5861	6	CCSBORF52950	3AT	1	1493G>T	68	NC_000019.10:52221107:G:T	CCSBVarC023486	ENSP00000324804.6:p.Arg498Leu	PPP2R1A	ENSG00000105568	STRN
pilot3	CCSBORF5861	6	CCSBORF52950	3AT	1	1513A>G	70	NC_000019.10:52221127:A:G	CCSBVarC023489	ENSP00000324804.6:p.Ile505Val	PPP2R1A	ENSG00000105568	STRN
pilot3	CCSBORF5861	6	CCSBORF52950	3AT	1	1560C>G	575	NC_000019.10:52222139:C:G	CCSBVarC023493	ENSP00000324804.6:p.His520Gln	PPP2R1A	ENSG00000105568	STRN
pilot3	CCSBORF5861	6	CCSBORF52950	3AT	1	539T>C	553	NC_000019.10:52212720:T:C	CCSBVarC023429	ENSP00000324804.6:p.Met180Thr	PPP2R1A	ENSG00000105568	STRN
pilot3	CCSBORF5861	6	CCSBORF52950	3AT	1	547C>G	302	NC_000019.10:52212728:C:G	CCSBVarC023437	ENSP00000324804.6:p.Arg183Gly	PPP2R1A	ENSG00000105568	STRN
pilot3	CCSBORF5861	6	CCSBORF52950	3AT	1	547C>T	142	NC_000019.10:52212728:C:T	CCSBVarC023440	ENSP00000324804.6:p.Arg183Trp	PPP2R1A	ENSG00000105568	STRN
pilot3	CCSBORF5861	6	CCSBORF52950	3AT	1	548G>C	686	NC_000019.10:52212729:G:C	CCSBVarC023445	ENSP00000324804.6:p.Arg183Pro	PPP2R1A	ENSG00000105568	STRN
pilot3	CCSBORF5861	6	CCSBORF52950	3AT	1	553G>A	1291	NC_000019.10:52212734:G:A	CCSBVarC023447	ENSP00000324804.6:p.Ala185Thr	PPP2R1A	ENSG00000105568	STRN
pilot3	CCSBORF5861	6	CCSBORF52950	3AT	1	658G>A	980	NC_000019.10:52212960:G:A	CCSBVarC023455	ENSP00000324804.6:p.Val220Met	PPP2R1A	ENSG00000105568	STRN
pilot3	CCSBORF5861	6	CCSBORF52950	3AT	1	694G>A	85	NC_000019.10:52212996:G:A	CCSBVarC023458	ENSP00000324804.6:p.Ala232Thr	PPP2R1A	ENSG00000105568	STRN
pilot3	CCSBORF5861	6	CCSBORF55030	3AT	1	REF	9	NULL	NULL	NULL	PPP2R1A	ENSG00000105568	STRN3
pilot3	CCSBORF5861	6	CCSBORF55030	3AT	1	1030G>T	0	NC_000019.10:52216564:G:T	CCSBVarC023477	ENSP00000324804.6:p.Ala344Ser	PPP2R1A	ENSG00000105568	STRN3
pilot3	CCSBORF5861	6	CCSBORF55030	3AT	1	1229A>T	0	NC_000019.10:52219790:A:T	CCSBVarC023479	ENSP00000324804.6:p.Glu410Val	PPP2R1A	ENSG00000105568	STRN3
pilot3	CCSBORF5861	6	CCSBORF55030	3AT	1	1481A>G	44	NC_000019.10:52221095:A:G	CCSBVarC023482	ENSP00000324804.6:p.Asn494Ser	PPP2R1A	ENSG00000105568	STRN3
pilot3	CCSBORF5861	6	CCSBORF55030	3AT	1	1493G>T	95	NC_000019.10:52221107:G:T	CCSBVarC023486	ENSP00000324804.6:p.Arg498Leu	PPP2R1A	ENSG00000105568	STRN3
pilot3	CCSBORF5861	6	CCSBORF55030	3AT	1	1513A>G	18	NC_000019.10:52221127:A:G	CCSBVarC023489	ENSP00000324804.6:p.Ile505Val	PPP2R1A	ENSG00000105568	STRN3
pilot3	CCSBORF5861	6	CCSBORF55030	3AT	1	1560C>G	70	NC_000019.10:52222139:C:G	CCSBVarC023493	ENSP00000324804.6:p.His520Gln	PPP2R1A	ENSG00000105568	STRN3
pilot3	CCSBORF5861	6	CCSBORF55030	3AT	1	539T>C	1	NC_000019.10:52212720:T:C	CCSBVarC023429	ENSP00000324804.6:p.Met180Thr	PPP2R1A	ENSG00000105568	STRN3
pilot3	CCSBORF5861	6	CCSBORF55030	3AT	1	547C>G	7	NC_000019.10:52212728:C:G	CCSBVarC023437	ENSP00000324804.6:p.Arg183Gly	PPP2R1A	ENSG00000105568	STRN3
pilot3	CCSBORF5861	6	CCSBORF55030	3AT	1	547C>T	0	NC_000019.10:52212728:C:T	CCSBVarC023440	ENSP00000324804.6:p.Arg183Trp	PPP2R1A	ENSG00000105568	STRN3
pilot3	CCSBORF5861	6	CCSBORF55030	3AT	1	548G>C	294	NC_000019.10:52212729:G:C	CCSBVarC023445	ENSP00000324804.6:p.Arg183Pro	PPP2R1A	ENSG00000105568	STRN3
pilot3	CCSBORF5861	6	CCSBORF55030	3AT	1	553G>A	108	NC_000019.10:52212734:G:A	CCSBVarC023447	ENSP00000324804.6:p.Ala185Thr	PPP2R1A	ENSG00000105568	STRN3
pilot3	CCSBORF5861	6	CCSBORF55030	3AT	1	658G>A	129	NC_000019.10:52212960:G:A	CCSBVarC023455	ENSP00000324804.6:p.Val220Met	PPP2R1A	ENSG00000105568	STRN3
pilot3	CCSBORF5861	6	CCSBORF55030	3AT	1	694G>A	52	NC_000019.10:52212996:G:A	CCSBVarC023458	ENSP00000324804.6:p.Ala232Thr	PPP2R1A	ENSG00000105568	STRN3
pilot3	CCSBORF5861	6	CCSBORF0	3AT	1	REF	9	NULL	NULL	NULL	PPP2R1A	ENSG00000105568	empty_AD
pilot3	CCSBORF5861	6	CCSBORF0	3AT	1	1030G>T	2	NC_000019.10:52216564:G:T	CCSBVarC023477	ENSP00000324804.6:p.Ala344Ser	PPP2R1A	ENSG00000105568	empty_AD
pilot3	CCSBORF5861	6	CCSBORF0	3AT	1	1229A>T	0	NC_000019.10:52219790:A:T	CCSBVarC023479	ENSP00000324804.6:p.Glu410Val	PPP2R1A	ENSG00000105568	empty_AD
pilot3	CCSBORF5861	6	CCSBORF0	3AT	1	1481A>G	2	NC_000019.10:52221095:A:G	CCSBVarC023482	ENSP00000324804.6:p.Asn494Ser	PPP2R1A	ENSG00000105568	empty_AD
pilot3	CCSBORF5861	6	CCSBORF0	3AT	1	1493G>T	0	NC_000019.10:52221107:G:T	CCSBVarC023486	ENSP00000324804.6:p.Arg498Leu	PPP2R1A	ENSG00000105568	empty_AD
pilot3	CCSBORF5861	6	CCSBORF0	3AT	1	1513A>G	2	NC_000019.10:52221127:A:G	CCSBVarC023489	ENSP00000324804.6:p.Ile505Val	PPP2R1A	ENSG00000105568	empty_AD
pilot3	CCSBORF5861	6	CCSBORF0	3AT	1	1560C>G	1	NC_000019.10:52222139:C:G	CCSBVarC023493	ENSP00000324804.6:p.His520Gln	PPP2R1A	ENSG00000105568	empty_AD
pilot3	CCSBORF5861	6	CCSBORF0	3AT	1	539T>C	1	NC_000019.10:52212720:T:C	CCSBVarC023429	ENSP00000324804.6:p.Met180Thr	PPP2R1A	ENSG00000105568	empty_AD
pilot3	CCSBORF5861	6	CCSBORF0	3AT	1	547C>G	0	NC_000019.10:52212728:C:G	CCSBVarC023437	ENSP00000324804.6:p.Arg183Gly	PPP2R1A	ENSG00000105568	empty_AD
pilot3	CCSBORF5861	6	CCSBORF0	3AT	1	547C>T	1	NC_000019.10:52212728:C:T	CCSBVarC023440	ENSP00000324804.6:p.Arg183Trp	PPP2R1A	ENSG00000105568	empty_AD
pilot3	CCSBORF5861	6	CCSBORF0	3AT	1	548G>C	2	NC_000019.10:52212729:G:C	CCSBVarC023445	ENSP00000324804.6:p.Arg183Pro	PPP2R1A	ENSG00000105568	empty_AD
pilot3	CCSBORF5861	6	CCSBORF0	3AT	1	553G>A	2	NC_000019.10:52212734:G:A	CCSBVarC023447	ENSP00000324804.6:p.Ala185Thr	PPP2R1A	ENSG00000105568	empty_AD
pilot3	CCSBORF5861	6	CCSBORF0	3AT	1	658G>A	3	NC_000019.10:52212960:G:A	CCSBVarC023455	ENSP00000324804.6:p.Val220Met	PPP2R1A	ENSG00000105568	empty_AD
pilot3	CCSBORF5861	6	CCSBORF0	3AT	1	694G>A	0	NC_000019.10:52212996:G:A	CCSBVarC023458	ENSP00000324804.6:p.Ala232Thr	PPP2R1A	ENSG00000105568	empty_AD
pilot3	CCSBORF5861	3	CCSBORF12279	3AT	1	REF	390	NULL	NULL	NULL	PPP2R1A	ENSG00000105568	CSDC2
pilot3	CCSBORF5861	3	CCSBORF12279	3AT	1	1030G>T	68	NC_000019.10:52216564:G:T	CCSBVarC023477	ENSP00000324804.6:p.Ala344Ser	PPP2R1A	ENSG00000105568	CSDC2
pilot3	CCSBORF5861	3	CCSBORF12279	3AT	1	1229A>T	450	NC_000019.10:52219790:A:T	CCSBVarC023479	ENSP00000324804.6:p.Glu410Val	PPP2R1A	ENSG00000105568	CSDC2
pilot3	CCSBORF5861	3	CCSBORF12279	3AT	1	1481A>G	349	NC_000019.10:52221095:A:G	CCSBVarC023482	ENSP00000324804.6:p.Asn494Ser	PPP2R1A	ENSG00000105568	CSDC2
pilot3	CCSBORF5861	3	CCSBORF12279	3AT	1	1493G>T	1	NC_000019.10:52221107:G:T	CCSBVarC023486	ENSP00000324804.6:p.Arg498Leu	PPP2R1A	ENSG00000105568	CSDC2
pilot3	CCSBORF5861	3	CCSBORF12279	3AT	1	1513A>G	231	NC_000019.10:52221127:A:G	CCSBVarC023489	ENSP00000324804.6:p.Ile505Val	PPP2R1A	ENSG00000105568	CSDC2
pilot3	CCSBORF5861	3	CCSBORF12279	3AT	1	1560C>G	153	NC_000019.10:52222139:C:G	CCSBVarC023493	ENSP00000324804.6:p.His520Gln	PPP2R1A	ENSG00000105568	CSDC2
pilot3	CCSBORF5861	3	CCSBORF12279	3AT	1	539T>C	418	NC_000019.10:52212720:T:C	CCSBVarC023429	ENSP00000324804.6:p.Met180Thr	PPP2R1A	ENSG00000105568	CSDC2
pilot3	CCSBORF5861	3	CCSBORF12279	3AT	1	547C>G	411	NC_000019.10:52212728:C:G	CCSBVarC023437	ENSP00000324804.6:p.Arg183Gly	PPP2R1A	ENSG00000105568	CSDC2
pilot3	CCSBORF5861	3	CCSBORF12279	3AT	1	547C>T	3655	NC_000019.10:52212728:C:T	CCSBVarC023440	ENSP00000324804.6:p.Arg183Trp	PPP2R1A	ENSG00000105568	CSDC2
pilot3	CCSBORF5861	3	CCSBORF12279	3AT	1	548G>C	1309	NC_000019.10:52212729:G:C	CCSBVarC023445	ENSP00000324804.6:p.Arg183Pro	PPP2R1A	ENSG00000105568	CSDC2
pilot3	CCSBORF5861	3	CCSBORF12279	3AT	1	553G>A	265	NC_000019.10:52212734:G:A	CCSBVarC023447	ENSP00000324804.6:p.Ala185Thr	PPP2R1A	ENSG00000105568	CSDC2
pilot3	CCSBORF5861	3	CCSBORF12279	3AT	1	658G>A	310	NC_000019.10:52212960:G:A	CCSBVarC023455	ENSP00000324804.6:p.Val220Met	PPP2R1A	ENSG00000105568	CSDC2
pilot3	CCSBORF5861	3	CCSBORF12279	3AT	1	694G>A	340	NC_000019.10:52212996:G:A	CCSBVarC023458	ENSP00000324804.6:p.Ala232Thr	PPP2R1A	ENSG00000105568	CSDC2
pilot3	CCSBORF5861	3	CCSBORF100062506	3AT	1	REF	911	NULL	NULL	NULL	PPP2R1A	ENSG00000105568	FBXO43
pilot3	CCSBORF5861	3	CCSBORF100062506	3AT	1	1030G>T	175	NC_000019.10:52216564:G:T	CCSBVarC023477	ENSP00000324804.6:p.Ala344Ser	PPP2R1A	ENSG00000105568	FBXO43
pilot3	CCSBORF5861	3	CCSBORF100062506	3AT	1	1229A>T	109	NC_000019.10:52219790:A:T	CCSBVarC023479	ENSP00000324804.6:p.Glu410Val	PPP2R1A	ENSG00000105568	FBXO43
pilot3	CCSBORF5861	3	CCSBORF100062506	3AT	1	1481A>G	591	NC_000019.10:52221095:A:G	CCSBVarC023482	ENSP00000324804.6:p.Asn494Ser	PPP2R1A	ENSG00000105568	FBXO43
pilot3	CCSBORF5861	3	CCSBORF100062506	3AT	1	1493G>T	2	NC_000019.10:52221107:G:T	CCSBVarC023486	ENSP00000324804.6:p.Arg498Leu	PPP2R1A	ENSG00000105568	FBXO43
pilot3	CCSBORF5861	3	CCSBORF100062506	3AT	1	1513A>G	233	NC_000019.10:52221127:A:G	CCSBVarC023489	ENSP00000324804.6:p.Ile505Val	PPP2R1A	ENSG00000105568	FBXO43
pilot3	CCSBORF5861	3	CCSBORF100062506	3AT	1	1560C>G	140	NC_000019.10:52222139:C:G	CCSBVarC023493	ENSP00000324804.6:p.His520Gln	PPP2R1A	ENSG00000105568	FBXO43
pilot3	CCSBORF5861	3	CCSBORF100062506	3AT	1	539T>C	252	NC_000019.10:52212720:T:C	CCSBVarC023429	ENSP00000324804.6:p.Met180Thr	PPP2R1A	ENSG00000105568	FBXO43
pilot3	CCSBORF5861	3	CCSBORF100062506	3AT	1	547C>G	188	NC_000019.10:52212728:C:G	CCSBVarC023437	ENSP00000324804.6:p.Arg183Gly	PPP2R1A	ENSG00000105568	FBXO43
pilot3	CCSBORF5861	3	CCSBORF100062506	3AT	1	547C>T	355	NC_000019.10:52212728:C:T	CCSBVarC023440	ENSP00000324804.6:p.Arg183Trp	PPP2R1A	ENSG00000105568	FBXO43
pilot3	CCSBORF5861	3	CCSBORF100062506	3AT	1	548G>C	1058	NC_000019.10:52212729:G:C	CCSBVarC023445	ENSP00000324804.6:p.Arg183Pro	PPP2R1A	ENSG00000105568	FBXO43
pilot3	CCSBORF5861	3	CCSBORF100062506	3AT	1	553G>A	337	NC_000019.10:52212734:G:A	CCSBVarC023447	ENSP00000324804.6:p.Ala185Thr	PPP2R1A	ENSG00000105568	FBXO43
pilot3	CCSBORF5861	3	CCSBORF100062506	3AT	1	658G>A	621	NC_000019.10:52212960:G:A	CCSBVarC023455	ENSP00000324804.6:p.Val220Met	PPP2R1A	ENSG00000105568	FBXO43
pilot3	CCSBORF5861	3	CCSBORF100062506	3AT	1	694G>A	357	NC_000019.10:52212996:G:A	CCSBVarC023458	ENSP00000324804.6:p.Ala232Thr	PPP2R1A	ENSG00000105568	FBXO43
pilot3	CCSBORF5861	3	CCSBORF100061924	3AT	1	REF	776	NULL	NULL	NULL	PPP2R1A	ENSG00000105568	GOLGA6A
pilot3	CCSBORF5861	3	CCSBORF100061924	3AT	1	1030G>T	433	NC_000019.10:52216564:G:T	CCSBVarC023477	ENSP00000324804.6:p.Ala344Ser	PPP2R1A	ENSG00000105568	GOLGA6A
pilot3	CCSBORF5861	3	CCSBORF100061924	3AT	1	1229A>T	355	NC_000019.10:52219790:A:T	CCSBVarC023479	ENSP00000324804.6:p.Glu410Val	PPP2R1A	ENSG00000105568	GOLGA6A
pilot3	CCSBORF5861	3	CCSBORF100061924	3AT	1	1481A>G	698	NC_000019.10:52221095:A:G	CCSBVarC023482	ENSP00000324804.6:p.Asn494Ser	PPP2R1A	ENSG00000105568	GOLGA6A
pilot3	CCSBORF5861	3	CCSBORF100061924	3AT	1	1493G>T	138	NC_000019.10:52221107:G:T	CCSBVarC023486	ENSP00000324804.6:p.Arg498Leu	PPP2R1A	ENSG00000105568	GOLGA6A
pilot3	CCSBORF5861	3	CCSBORF100061924	3AT	1	1513A>G	458	NC_000019.10:52221127:A:G	CCSBVarC023489	ENSP00000324804.6:p.Ile505Val	PPP2R1A	ENSG00000105568	GOLGA6A
pilot3	CCSBORF5861	3	CCSBORF100061924	3AT	1	1560C>G	334	NC_000019.10:52222139:C:G	CCSBVarC023493	ENSP00000324804.6:p.His520Gln	PPP2R1A	ENSG00000105568	GOLGA6A
pilot3	CCSBORF5861	3	CCSBORF100061924	3AT	1	539T>C	294	NC_000019.10:52212720:T:C	CCSBVarC023429	ENSP00000324804.6:p.Met180Thr	PPP2R1A	ENSG00000105568	GOLGA6A
pilot3	CCSBORF5861	3	CCSBORF100061924	3AT	1	547C>G	0	NC_000019.10:52212728:C:G	CCSBVarC023437	ENSP00000324804.6:p.Arg183Gly	PPP2R1A	ENSG00000105568	GOLGA6A
pilot3	CCSBORF5861	3	CCSBORF100061924	3AT	1	547C>T	14	NC_000019.10:52212728:C:T	CCSBVarC023440	ENSP00000324804.6:p.Arg183Trp	PPP2R1A	ENSG00000105568	GOLGA6A
pilot3	CCSBORF5861	3	CCSBORF100061924	3AT	1	548G>C	8	NC_000019.10:52212729:G:C	CCSBVarC023445	ENSP00000324804.6:p.Arg183Pro	PPP2R1A	ENSG00000105568	GOLGA6A
pilot3	CCSBORF5861	3	CCSBORF100061924	3AT	1	553G>A	567	NC_000019.10:52212734:G:A	CCSBVarC023447	ENSP00000324804.6:p.Ala185Thr	PPP2R1A	ENSG00000105568	GOLGA6A
pilot3	CCSBORF5861	3	CCSBORF100061924	3AT	1	658G>A	768	NC_000019.10:52212960:G:A	CCSBVarC023455	ENSP00000324804.6:p.Val220Met	PPP2R1A	ENSG00000105568	GOLGA6A
pilot3	CCSBORF5861	3	CCSBORF100061924	3AT	1	694G>A	781	NC_000019.10:52212996:G:A	CCSBVarC023458	ENSP00000324804.6:p.Ala232Thr	PPP2R1A	ENSG00000105568	GOLGA6A
pilot3	CCSBORF5861	3	CCSBORF52950	3AT	1	REF	465	NULL	NULL	NULL	PPP2R1A	ENSG00000105568	STRN
pilot3	CCSBORF5861	3	CCSBORF52950	3AT	1	1030G>T	273	NC_000019.10:52216564:G:T	CCSBVarC023477	ENSP00000324804.6:p.Ala344Ser	PPP2R1A	ENSG00000105568	STRN
pilot3	CCSBORF5861	3	CCSBORF52950	3AT	1	1229A>T	5	NC_000019.10:52219790:A:T	CCSBVarC023479	ENSP00000324804.6:p.Glu410Val	PPP2R1A	ENSG00000105568	STRN
pilot3	CCSBORF5861	3	CCSBORF52950	3AT	1	1481A>G	83	NC_000019.10:52221095:A:G	CCSBVarC023482	ENSP00000324804.6:p.Asn494Ser	PPP2R1A	ENSG00000105568	STRN
pilot3	CCSBORF5861	3	CCSBORF52950	3AT	1	1493G>T	6	NC_000019.10:52221107:G:T	CCSBVarC023486	ENSP00000324804.6:p.Arg498Leu	PPP2R1A	ENSG00000105568	STRN
pilot3	CCSBORF5861	3	CCSBORF52950	3AT	1	1513A>G	285	NC_000019.10:52221127:A:G	CCSBVarC023489	ENSP00000324804.6:p.Ile505Val	PPP2R1A	ENSG00000105568	STRN
pilot3	CCSBORF5861	3	CCSBORF52950	3AT	1	1560C>G	289	NC_000019.10:52222139:C:G	CCSBVarC023493	ENSP00000324804.6:p.His520Gln	PPP2R1A	ENSG00000105568	STRN
pilot3	CCSBORF5861	3	CCSBORF52950	3AT	1	539T>C	356	NC_000019.10:52212720:T:C	CCSBVarC023429	ENSP00000324804.6:p.Met180Thr	PPP2R1A	ENSG00000105568	STRN
pilot3	CCSBORF5861	3	CCSBORF52950	3AT	1	547C>G	373	NC_000019.10:52212728:C:G	CCSBVarC023437	ENSP00000324804.6:p.Arg183Gly	PPP2R1A	ENSG00000105568	STRN
pilot3	CCSBORF5861	3	CCSBORF52950	3AT	1	547C>T	353	NC_000019.10:52212728:C:T	CCSBVarC023440	ENSP00000324804.6:p.Arg183Trp	PPP2R1A	ENSG00000105568	STRN
pilot3	CCSBORF5861	3	CCSBORF52950	3AT	1	548G>C	1372	NC_000019.10:52212729:G:C	CCSBVarC023445	ENSP00000324804.6:p.Arg183Pro	PPP2R1A	ENSG00000105568	STRN
pilot3	CCSBORF5861	3	CCSBORF52950	3AT	1	553G>A	225	NC_000019.10:52212734:G:A	CCSBVarC023447	ENSP00000324804.6:p.Ala185Thr	PPP2R1A	ENSG00000105568	STRN
pilot3	CCSBORF5861	3	CCSBORF52950	3AT	1	658G>A	1079	NC_000019.10:52212960:G:A	CCSBVarC023455	ENSP00000324804.6:p.Val220Met	PPP2R1A	ENSG00000105568	STRN
pilot3	CCSBORF5861	3	CCSBORF52950	3AT	1	694G>A	403	NC_000019.10:52212996:G:A	CCSBVarC023458	ENSP00000324804.6:p.Ala232Thr	PPP2R1A	ENSG00000105568	STRN
pilot3	CCSBORF5861	3	CCSBORF55030	3AT	1	REF	1054	NULL	NULL	NULL	PPP2R1A	ENSG00000105568	STRN3
pilot3	CCSBORF5861	3	CCSBORF55030	3AT	1	1030G>T	509	NC_000019.10:52216564:G:T	CCSBVarC023477	ENSP00000324804.6:p.Ala344Ser	PPP2R1A	ENSG00000105568	STRN3
pilot3	CCSBORF5861	3	CCSBORF55030	3AT	1	1229A>T	209	NC_000019.10:52219790:A:T	CCSBVarC023479	ENSP00000324804.6:p.Glu410Val	PPP2R1A	ENSG00000105568	STRN3
pilot3	CCSBORF5861	3	CCSBORF55030	3AT	1	1481A>G	525	NC_000019.10:52221095:A:G	CCSBVarC023482	ENSP00000324804.6:p.Asn494Ser	PPP2R1A	ENSG00000105568	STRN3
pilot3	CCSBORF5861	3	CCSBORF55030	3AT	1	1493G>T	125	NC_000019.10:52221107:G:T	CCSBVarC023486	ENSP00000324804.6:p.Arg498Leu	PPP2R1A	ENSG00000105568	STRN3
pilot3	CCSBORF5861	3	CCSBORF55030	3AT	1	1513A>G	466	NC_000019.10:52221127:A:G	CCSBVarC023489	ENSP00000324804.6:p.Ile505Val	PPP2R1A	ENSG00000105568	STRN3
pilot3	CCSBORF5861	3	CCSBORF55030	3AT	1	1560C>G	336	NC_000019.10:52222139:C:G	CCSBVarC023493	ENSP00000324804.6:p.His520Gln	PPP2R1A	ENSG00000105568	STRN3
pilot3	CCSBORF5861	3	CCSBORF55030	3AT	1	539T>C	612	NC_000019.10:52212720:T:C	CCSBVarC023429	ENSP00000324804.6:p.Met180Thr	PPP2R1A	ENSG00000105568	STRN3
pilot3	CCSBORF5861	3	CCSBORF55030	3AT	1	547C>G	417	NC_000019.10:52212728:C:G	CCSBVarC023437	ENSP00000324804.6:p.Arg183Gly	PPP2R1A	ENSG00000105568	STRN3
pilot3	CCSBORF5861	3	CCSBORF55030	3AT	1	547C>T	329	NC_000019.10:52212728:C:T	CCSBVarC023440	ENSP00000324804.6:p.Arg183Trp	PPP2R1A	ENSG00000105568	STRN3
pilot3	CCSBORF5861	3	CCSBORF55030	3AT	1	548G>C	704	NC_000019.10:52212729:G:C	CCSBVarC023445	ENSP00000324804.6:p.Arg183Pro	PPP2R1A	ENSG00000105568	STRN3
pilot3	CCSBORF5861	3	CCSBORF55030	3AT	1	553G>A	470	NC_000019.10:52212734:G:A	CCSBVarC023447	ENSP00000324804.6:p.Ala185Thr	PPP2R1A	ENSG00000105568	STRN3
pilot3	CCSBORF5861	3	CCSBORF55030	3AT	1	658G>A	1237	NC_000019.10:52212960:G:A	CCSBVarC023455	ENSP00000324804.6:p.Val220Met	PPP2R1A	ENSG00000105568	STRN3
pilot3	CCSBORF5861	3	CCSBORF55030	3AT	1	694G>A	1016	NC_000019.10:52212996:G:A	CCSBVarC023458	ENSP00000324804.6:p.Ala232Thr	PPP2R1A	ENSG00000105568	STRN3
pilot3	CCSBORF5861	3	CCSBORF0	3AT	1	REF	0	NULL	NULL	NULL	PPP2R1A	ENSG00000105568	empty_AD
pilot3	CCSBORF5861	3	CCSBORF0	3AT	1	1030G>T	1	NC_000019.10:52216564:G:T	CCSBVarC023477	ENSP00000324804.6:p.Ala344Ser	PPP2R1A	ENSG00000105568	empty_AD
pilot3	CCSBORF5861	3	CCSBORF0	3AT	1	1229A>T	0	NC_000019.10:52219790:A:T	CCSBVarC023479	ENSP00000324804.6:p.Glu410Val	PPP2R1A	ENSG00000105568	empty_AD
pilot3	CCSBORF5861	3	CCSBORF0	3AT	1	1481A>G	1	NC_000019.10:52221095:A:G	CCSBVarC023482	ENSP00000324804.6:p.Asn494Ser	PPP2R1A	ENSG00000105568	empty_AD
pilot3	CCSBORF5861	3	CCSBORF0	3AT	1	1493G>T	9	NC_000019.10:52221107:G:T	CCSBVarC023486	ENSP00000324804.6:p.Arg498Leu	PPP2R1A	ENSG00000105568	empty_AD
pilot3	CCSBORF5861	3	CCSBORF0	3AT	1	1513A>G	4	NC_000019.10:52221127:A:G	CCSBVarC023489	ENSP00000324804.6:p.Ile505Val	PPP2R1A	ENSG00000105568	empty_AD
pilot3	CCSBORF5861	3	CCSBORF0	3AT	1	1560C>G	1	NC_000019.10:52222139:C:G	CCSBVarC023493	ENSP00000324804.6:p.His520Gln	PPP2R1A	ENSG00000105568	empty_AD
pilot3	CCSBORF5861	3	CCSBORF0	3AT	1	539T>C	10	NC_000019.10:52212720:T:C	CCSBVarC023429	ENSP00000324804.6:p.Met180Thr	PPP2R1A	ENSG00000105568	empty_AD
pilot3	CCSBORF5861	3	CCSBORF0	3AT	1	547C>G	9	NC_000019.10:52212728:C:G	CCSBVarC023437	ENSP00000324804.6:p.Arg183Gly	PPP2R1A	ENSG00000105568	empty_AD
pilot3	CCSBORF5861	3	CCSBORF0	3AT	1	547C>T	0	NC_000019.10:52212728:C:T	CCSBVarC023440	ENSP00000324804.6:p.Arg183Trp	PPP2R1A	ENSG00000105568	empty_AD
pilot3	CCSBORF5861	3	CCSBORF0	3AT	1	548G>C	0	NC_000019.10:52212729:G:C	CCSBVarC023445	ENSP00000324804.6:p.Arg183Pro	PPP2R1A	ENSG00000105568	empty_AD
pilot3	CCSBORF5861	3	CCSBORF0	3AT	1	553G>A	20	NC_000019.10:52212734:G:A	CCSBVarC023447	ENSP00000324804.6:p.Ala185Thr	PPP2R1A	ENSG00000105568	empty_AD
pilot3	CCSBORF5861	3	CCSBORF0	3AT	1	658G>A	2	NC_000019.10:52212960:G:A	CCSBVarC023455	ENSP00000324804.6:p.Val220Met	PPP2R1A	ENSG00000105568	empty_AD
pilot3	CCSBORF5861	3	CCSBORF0	3AT	1	694G>A	1	NC_000019.10:52212996:G:A	CCSBVarC023458	ENSP00000324804.6:p.Ala232Thr	PPP2R1A	ENSG00000105568	empty_AD
pilot3	CCSBORF7201	1	CCSBORF53886	3AT	1	REF	40	NULL	NULL	NULL	RAD51D	ENSG00000185379	TLE5
pilot3	CCSBORF7201	1	CCSBORF53886	3AT	1	137C>G	7	NC_000017.11:35119117:G:C	CCSBVarC024795	ENSP00000338790.6:p.Ser46Cys	RAD51D	ENSG00000185379	TLE5
pilot3	CCSBORF7201	1	CCSBORF53886	3AT	1	163C>T	4	NC_000017.11:35118600:G:A	CCSBVarC024799	ENSP00000338790.6:p.Arg55Trp	RAD51D	ENSG00000185379	TLE5
pilot3	CCSBORF7201	1	CCSBORF53886	3AT	1	167T>G	30	NC_000017.11:35118596:A:C	CCSBVarC024801	ENSP00000338790.6:p.Val56Gly	RAD51D	ENSG00000185379	TLE5
pilot3	CCSBORF7201	1	CCSBORF53886	3AT	1	196G>A	74	NC_000017.11:35118567:C:T	CCSBVarC024804	ENSP00000338790.6:p.Val66Met	RAD51D	ENSG00000185379	TLE5
pilot3	CCSBORF7201	1	CCSBORF53886	3AT	1	196G>T	35	NC_000017.11:35118567:C:A	CCSBVarC024807	ENSP00000338790.6:p.Val66Leu	RAD51D	ENSG00000185379	TLE5
pilot3	CCSBORF7201	1	CCSBORF53886	3AT	1	26G>C	9	NC_000017.11:35119587:C:G	CCSBVarC024707	ENSP00000338790.6:p.Cys9Ser	RAD51D	ENSG00000185379	TLE5
pilot3	CCSBORF7201	1	CCSBORF53886	3AT	1	394G>A	0	NC_000017.11:35107073:C:T	CCSBVarC024822	ENSP00000338790.6:p.Val132Ile	RAD51D	ENSG00000185379	TLE5
pilot3	CCSBORF7201	1	CCSBORF53886	3AT	1	412A>C	95	NC_000017.11:35107055:T:G	CCSBVarC024825	ENSP00000338790.6:p.Asn138His	RAD51D	ENSG00000185379	TLE5
pilot3	CCSBORF7201	1	CCSBORF53886	3AT	1	49A>G	60	NC_000017.11:35119564:T:C	CCSBVarC024709	ENSP00000338790.6:p.Ile17Val	RAD51D	ENSG00000185379	TLE5
pilot3	CCSBORF7201	1	CCSBORF53886	3AT	1	68A>G	21	NC_000017.11:35119545:T:C	CCSBVarC024711	ENSP00000338790.6:p.His23Arg	RAD51D	ENSG00000185379	TLE5
pilot3	CCSBORF7201	1	CCSBORF53886	3AT	1	80C>A	10	NC_000017.11:35119533:G:T	CCSBVarC024723	ENSP00000338790.6:p.Thr27Lys	RAD51D	ENSG00000185379	TLE5
pilot3	CCSBORF7201	1	CCSBORF53886	3AT	1	82G>C	1	NC_000017.11:35119531:C:G	CCSBVarC024750	ENSP00000338790.6:p.Val28Leu	RAD51D	ENSG00000185379	TLE5
pilot3	CCSBORF7201	1	CCSBORF2910	3AT	1	REF	1043	NULL	NULL	NULL	RAD51D	ENSG00000185379	AMOTL2
pilot3	CCSBORF7201	1	CCSBORF2910	3AT	1	137C>G	411	NC_000017.11:35119117:G:C	CCSBVarC024795	ENSP00000338790.6:p.Ser46Cys	RAD51D	ENSG00000185379	AMOTL2
pilot3	CCSBORF7201	1	CCSBORF2910	3AT	1	163C>T	456	NC_000017.11:35118600:G:A	CCSBVarC024799	ENSP00000338790.6:p.Arg55Trp	RAD51D	ENSG00000185379	AMOTL2
pilot3	CCSBORF7201	1	CCSBORF2910	3AT	1	167T>G	2297	NC_000017.11:35118596:A:C	CCSBVarC024801	ENSP00000338790.6:p.Val56Gly	RAD51D	ENSG00000185379	AMOTL2
pilot3	CCSBORF7201	1	CCSBORF2910	3AT	1	196G>A	3189	NC_000017.11:35118567:C:T	CCSBVarC024804	ENSP00000338790.6:p.Val66Met	RAD51D	ENSG00000185379	AMOTL2
pilot3	CCSBORF7201	1	CCSBORF2910	3AT	1	196G>T	2026	NC_000017.11:35118567:C:A	CCSBVarC024807	ENSP00000338790.6:p.Val66Leu	RAD51D	ENSG00000185379	AMOTL2
pilot3	CCSBORF7201	1	CCSBORF2910	3AT	1	26G>C	1429	NC_000017.11:35119587:C:G	CCSBVarC024707	ENSP00000338790.6:p.Cys9Ser	RAD51D	ENSG00000185379	AMOTL2
pilot3	CCSBORF7201	1	CCSBORF2910	3AT	1	394G>A	757	NC_000017.11:35107073:C:T	CCSBVarC024822	ENSP00000338790.6:p.Val132Ile	RAD51D	ENSG00000185379	AMOTL2
pilot3	CCSBORF7201	1	CCSBORF2910	3AT	1	412A>C	1915	NC_000017.11:35107055:T:G	CCSBVarC024825	ENSP00000338790.6:p.Asn138His	RAD51D	ENSG00000185379	AMOTL2
pilot3	CCSBORF7201	1	CCSBORF2910	3AT	1	49A>G	1439	NC_000017.11:35119564:T:C	CCSBVarC024709	ENSP00000338790.6:p.Ile17Val	RAD51D	ENSG00000185379	AMOTL2
pilot3	CCSBORF7201	1	CCSBORF2910	3AT	1	68A>G	1519	NC_000017.11:35119545:T:C	CCSBVarC024711	ENSP00000338790.6:p.His23Arg	RAD51D	ENSG00000185379	AMOTL2
pilot3	CCSBORF7201	1	CCSBORF2910	3AT	1	80C>A	1625	NC_000017.11:35119533:G:T	CCSBVarC024723	ENSP00000338790.6:p.Thr27Lys	RAD51D	ENSG00000185379	AMOTL2
pilot3	CCSBORF7201	1	CCSBORF2910	3AT	1	82G>C	599	NC_000017.11:35119531:C:G	CCSBVarC024750	ENSP00000338790.6:p.Val28Leu	RAD51D	ENSG00000185379	AMOTL2
pilot3	CCSBORF7201	1	CCSBORF2265	3AT	1	REF	1072	NULL	NULL	NULL	RAD51D	ENSG00000185379	IHO1
pilot3	CCSBORF7201	1	CCSBORF2265	3AT	1	137C>G	107	NC_000017.11:35119117:G:C	CCSBVarC024795	ENSP00000338790.6:p.Ser46Cys	RAD51D	ENSG00000185379	IHO1
pilot3	CCSBORF7201	1	CCSBORF2265	3AT	1	163C>T	17	NC_000017.11:35118600:G:A	CCSBVarC024799	ENSP00000338790.6:p.Arg55Trp	RAD51D	ENSG00000185379	IHO1
pilot3	CCSBORF7201	1	CCSBORF2265	3AT	1	167T>G	1937	NC_000017.11:35118596:A:C	CCSBVarC024801	ENSP00000338790.6:p.Val56Gly	RAD51D	ENSG00000185379	IHO1
pilot3	CCSBORF7201	1	CCSBORF2265	3AT	1	196G>A	1709	NC_000017.11:35118567:C:T	CCSBVarC024804	ENSP00000338790.6:p.Val66Met	RAD51D	ENSG00000185379	IHO1
pilot3	CCSBORF7201	1	CCSBORF2265	3AT	1	196G>T	1249	NC_000017.11:35118567:C:A	CCSBVarC024807	ENSP00000338790.6:p.Val66Leu	RAD51D	ENSG00000185379	IHO1
pilot3	CCSBORF7201	1	CCSBORF2265	3AT	1	26G>C	34	NC_000017.11:35119587:C:G	CCSBVarC024707	ENSP00000338790.6:p.Cys9Ser	RAD51D	ENSG00000185379	IHO1
pilot3	CCSBORF7201	1	CCSBORF2265	3AT	1	394G>A	32	NC_000017.11:35107073:C:T	CCSBVarC024822	ENSP00000338790.6:p.Val132Ile	RAD51D	ENSG00000185379	IHO1
pilot3	CCSBORF7201	1	CCSBORF2265	3AT	1	412A>C	8685	NC_000017.11:35107055:T:G	CCSBVarC024825	ENSP00000338790.6:p.Asn138His	RAD51D	ENSG00000185379	IHO1
pilot3	CCSBORF7201	1	CCSBORF2265	3AT	1	49A>G	1972	NC_000017.11:35119564:T:C	CCSBVarC024709	ENSP00000338790.6:p.Ile17Val	RAD51D	ENSG00000185379	IHO1
pilot3	CCSBORF7201	1	CCSBORF2265	3AT	1	68A>G	523	NC_000017.11:35119545:T:C	CCSBVarC024711	ENSP00000338790.6:p.His23Arg	RAD51D	ENSG00000185379	IHO1
pilot3	CCSBORF7201	1	CCSBORF2265	3AT	1	80C>A	58	NC_000017.11:35119533:G:T	CCSBVarC024723	ENSP00000338790.6:p.Thr27Lys	RAD51D	ENSG00000185379	IHO1
pilot3	CCSBORF7201	1	CCSBORF2265	3AT	1	82G>C	20	NC_000017.11:35119531:C:G	CCSBVarC024750	ENSP00000338790.6:p.Val28Leu	RAD51D	ENSG00000185379	IHO1
pilot3	CCSBORF7201	1	CCSBORF100067498	3AT	1	REF	1167	NULL	NULL	NULL	RAD51D	ENSG00000185379	GEMIN4
pilot3	CCSBORF7201	1	CCSBORF100067498	3AT	1	137C>G	159	NC_000017.11:35119117:G:C	CCSBVarC024795	ENSP00000338790.6:p.Ser46Cys	RAD51D	ENSG00000185379	GEMIN4
pilot3	CCSBORF7201	1	CCSBORF100067498	3AT	1	163C>T	21	NC_000017.11:35118600:G:A	CCSBVarC024799	ENSP00000338790.6:p.Arg55Trp	RAD51D	ENSG00000185379	GEMIN4
pilot3	CCSBORF7201	1	CCSBORF100067498	3AT	1	167T>G	742	NC_000017.11:35118596:A:C	CCSBVarC024801	ENSP00000338790.6:p.Val56Gly	RAD51D	ENSG00000185379	GEMIN4
pilot3	CCSBORF7201	1	CCSBORF100067498	3AT	1	196G>A	3536	NC_000017.11:35118567:C:T	CCSBVarC024804	ENSP00000338790.6:p.Val66Met	RAD51D	ENSG00000185379	GEMIN4
pilot3	CCSBORF7201	1	CCSBORF100067498	3AT	1	196G>T	2369	NC_000017.11:35118567:C:A	CCSBVarC024807	ENSP00000338790.6:p.Val66Leu	RAD51D	ENSG00000185379	GEMIN4
pilot3	CCSBORF7201	1	CCSBORF100067498	3AT	1	26G>C	199	NC_000017.11:35119587:C:G	CCSBVarC024707	ENSP00000338790.6:p.Cys9Ser	RAD51D	ENSG00000185379	GEMIN4
pilot3	CCSBORF7201	1	CCSBORF100067498	3AT	1	394G>A	165	NC_000017.11:35107073:C:T	CCSBVarC024822	ENSP00000338790.6:p.Val132Ile	RAD51D	ENSG00000185379	GEMIN4
pilot3	CCSBORF7201	1	CCSBORF100067498	3AT	1	412A>C	6722	NC_000017.11:35107055:T:G	CCSBVarC024825	ENSP00000338790.6:p.Asn138His	RAD51D	ENSG00000185379	GEMIN4
pilot3	CCSBORF7201	1	CCSBORF100067498	3AT	1	49A>G	2455	NC_000017.11:35119564:T:C	CCSBVarC024709	ENSP00000338790.6:p.Ile17Val	RAD51D	ENSG00000185379	GEMIN4
pilot3	CCSBORF7201	1	CCSBORF100067498	3AT	1	68A>G	1230	NC_000017.11:35119545:T:C	CCSBVarC024711	ENSP00000338790.6:p.His23Arg	RAD51D	ENSG00000185379	GEMIN4
pilot3	CCSBORF7201	1	CCSBORF100067498	3AT	1	80C>A	22	NC_000017.11:35119533:G:T	CCSBVarC024723	ENSP00000338790.6:p.Thr27Lys	RAD51D	ENSG00000185379	GEMIN4
pilot3	CCSBORF7201	1	CCSBORF100067498	3AT	1	82G>C	243	NC_000017.11:35119531:C:G	CCSBVarC024750	ENSP00000338790.6:p.Val28Leu	RAD51D	ENSG00000185379	GEMIN4
pilot3	CCSBORF7201	1	CCSBORF100070143	3AT	1	REF	822	NULL	NULL	NULL	RAD51D	ENSG00000185379	HSF2BP
pilot3	CCSBORF7201	1	CCSBORF100070143	3AT	1	137C>G	1	NC_000017.11:35119117:G:C	CCSBVarC024795	ENSP00000338790.6:p.Ser46Cys	RAD51D	ENSG00000185379	HSF2BP
pilot3	CCSBORF7201	1	CCSBORF100070143	3AT	1	163C>T	9	NC_000017.11:35118600:G:A	CCSBVarC024799	ENSP00000338790.6:p.Arg55Trp	RAD51D	ENSG00000185379	HSF2BP
pilot3	CCSBORF7201	1	CCSBORF100070143	3AT	1	167T>G	2643	NC_000017.11:35118596:A:C	CCSBVarC024801	ENSP00000338790.6:p.Val56Gly	RAD51D	ENSG00000185379	HSF2BP
pilot3	CCSBORF7201	1	CCSBORF100070143	3AT	1	196G>A	610	NC_000017.11:35118567:C:T	CCSBVarC024804	ENSP00000338790.6:p.Val66Met	RAD51D	ENSG00000185379	HSF2BP
pilot3	CCSBORF7201	1	CCSBORF100070143	3AT	1	196G>T	233	NC_000017.11:35118567:C:A	CCSBVarC024807	ENSP00000338790.6:p.Val66Leu	RAD51D	ENSG00000185379	HSF2BP
pilot3	CCSBORF7201	1	CCSBORF100070143	3AT	1	26G>C	5	NC_000017.11:35119587:C:G	CCSBVarC024707	ENSP00000338790.6:p.Cys9Ser	RAD51D	ENSG00000185379	HSF2BP
pilot3	CCSBORF7201	1	CCSBORF100070143	3AT	1	394G>A	10	NC_000017.11:35107073:C:T	CCSBVarC024822	ENSP00000338790.6:p.Val132Ile	RAD51D	ENSG00000185379	HSF2BP
pilot3	CCSBORF7201	1	CCSBORF100070143	3AT	1	412A>C	9901	NC_000017.11:35107055:T:G	CCSBVarC024825	ENSP00000338790.6:p.Asn138His	RAD51D	ENSG00000185379	HSF2BP
pilot3	CCSBORF7201	1	CCSBORF100070143	3AT	1	49A>G	1071	NC_000017.11:35119564:T:C	CCSBVarC024709	ENSP00000338790.6:p.Ile17Val	RAD51D	ENSG00000185379	HSF2BP
pilot3	CCSBORF7201	1	CCSBORF100070143	3AT	1	68A>G	106	NC_000017.11:35119545:T:C	CCSBVarC024711	ENSP00000338790.6:p.His23Arg	RAD51D	ENSG00000185379	HSF2BP
pilot3	CCSBORF7201	1	CCSBORF100070143	3AT	1	80C>A	8	NC_000017.11:35119533:G:T	CCSBVarC024723	ENSP00000338790.6:p.Thr27Lys	RAD51D	ENSG00000185379	HSF2BP
pilot3	CCSBORF7201	1	CCSBORF100070143	3AT	1	82G>C	2	NC_000017.11:35119531:C:G	CCSBVarC024750	ENSP00000338790.6:p.Val28Leu	RAD51D	ENSG00000185379	HSF2BP
pilot3	CCSBORF7201	1	CCSBORF10016	3AT	1	REF	1181	NULL	NULL	NULL	RAD51D	ENSG00000185379	IKZF3
pilot3	CCSBORF7201	1	CCSBORF10016	3AT	1	137C>G	138	NC_000017.11:35119117:G:C	CCSBVarC024795	ENSP00000338790.6:p.Ser46Cys	RAD51D	ENSG00000185379	IKZF3
pilot3	CCSBORF7201	1	CCSBORF10016	3AT	1	163C>T	163	NC_000017.11:35118600:G:A	CCSBVarC024799	ENSP00000338790.6:p.Arg55Trp	RAD51D	ENSG00000185379	IKZF3
pilot3	CCSBORF7201	1	CCSBORF10016	3AT	1	167T>G	1979	NC_000017.11:35118596:A:C	CCSBVarC024801	ENSP00000338790.6:p.Val56Gly	RAD51D	ENSG00000185379	IKZF3
pilot3	CCSBORF7201	1	CCSBORF10016	3AT	1	196G>A	1830	NC_000017.11:35118567:C:T	CCSBVarC024804	ENSP00000338790.6:p.Val66Met	RAD51D	ENSG00000185379	IKZF3
pilot3	CCSBORF7201	1	CCSBORF10016	3AT	1	196G>T	1016	NC_000017.11:35118567:C:A	CCSBVarC024807	ENSP00000338790.6:p.Val66Leu	RAD51D	ENSG00000185379	IKZF3
pilot3	CCSBORF7201	1	CCSBORF10016	3AT	1	26G>C	277	NC_000017.11:35119587:C:G	CCSBVarC024707	ENSP00000338790.6:p.Cys9Ser	RAD51D	ENSG00000185379	IKZF3
pilot3	CCSBORF7201	1	CCSBORF10016	3AT	1	394G>A	64	NC_000017.11:35107073:C:T	CCSBVarC024822	ENSP00000338790.6:p.Val132Ile	RAD51D	ENSG00000185379	IKZF3
pilot3	CCSBORF7201	1	CCSBORF10016	3AT	1	412A>C	3556	NC_000017.11:35107055:T:G	CCSBVarC024825	ENSP00000338790.6:p.Asn138His	RAD51D	ENSG00000185379	IKZF3
pilot3	CCSBORF7201	1	CCSBORF10016	3AT	1	49A>G	2500	NC_000017.11:35119564:T:C	CCSBVarC024709	ENSP00000338790.6:p.Ile17Val	RAD51D	ENSG00000185379	IKZF3
pilot3	CCSBORF7201	1	CCSBORF10016	3AT	1	68A>G	977	NC_000017.11:35119545:T:C	CCSBVarC024711	ENSP00000338790.6:p.His23Arg	RAD51D	ENSG00000185379	IKZF3
pilot3	CCSBORF7201	1	CCSBORF10016	3AT	1	80C>A	115	NC_000017.11:35119533:G:T	CCSBVarC024723	ENSP00000338790.6:p.Thr27Lys	RAD51D	ENSG00000185379	IKZF3
pilot3	CCSBORF7201	1	CCSBORF10016	3AT	1	82G>C	63	NC_000017.11:35119531:C:G	CCSBVarC024750	ENSP00000338790.6:p.Val28Leu	RAD51D	ENSG00000185379	IKZF3
pilot3	CCSBORF7201	1	CCSBORF11229	3AT	1	REF	921	NULL	NULL	NULL	RAD51D	ENSG00000185379	KIFC3
pilot3	CCSBORF7201	1	CCSBORF11229	3AT	1	137C>G	768	NC_000017.11:35119117:G:C	CCSBVarC024795	ENSP00000338790.6:p.Ser46Cys	RAD51D	ENSG00000185379	KIFC3
pilot3	CCSBORF7201	1	CCSBORF11229	3AT	1	163C>T	33	NC_000017.11:35118600:G:A	CCSBVarC024799	ENSP00000338790.6:p.Arg55Trp	RAD51D	ENSG00000185379	KIFC3
pilot3	CCSBORF7201	1	CCSBORF11229	3AT	1	167T>G	1904	NC_000017.11:35118596:A:C	CCSBVarC024801	ENSP00000338790.6:p.Val56Gly	RAD51D	ENSG00000185379	KIFC3
pilot3	CCSBORF7201	1	CCSBORF11229	3AT	1	196G>A	2870	NC_000017.11:35118567:C:T	CCSBVarC024804	ENSP00000338790.6:p.Val66Met	RAD51D	ENSG00000185379	KIFC3
pilot3	CCSBORF7201	1	CCSBORF11229	3AT	1	196G>T	2087	NC_000017.11:35118567:C:A	CCSBVarC024807	ENSP00000338790.6:p.Val66Leu	RAD51D	ENSG00000185379	KIFC3
pilot3	CCSBORF7201	1	CCSBORF11229	3AT	1	26G>C	855	NC_000017.11:35119587:C:G	CCSBVarC024707	ENSP00000338790.6:p.Cys9Ser	RAD51D	ENSG00000185379	KIFC3
pilot3	CCSBORF7201	1	CCSBORF11229	3AT	1	394G>A	653	NC_000017.11:35107073:C:T	CCSBVarC024822	ENSP00000338790.6:p.Val132Ile	RAD51D	ENSG00000185379	KIFC3
pilot3	CCSBORF7201	1	CCSBORF11229	3AT	1	412A>C	4308	NC_000017.11:35107055:T:G	CCSBVarC024825	ENSP00000338790.6:p.Asn138His	RAD51D	ENSG00000185379	KIFC3
pilot3	CCSBORF7201	1	CCSBORF11229	3AT	1	49A>G	2445	NC_000017.11:35119564:T:C	CCSBVarC024709	ENSP00000338790.6:p.Ile17Val	RAD51D	ENSG00000185379	KIFC3
pilot3	CCSBORF7201	1	CCSBORF11229	3AT	1	68A>G	1772	NC_000017.11:35119545:T:C	CCSBVarC024711	ENSP00000338790.6:p.His23Arg	RAD51D	ENSG00000185379	KIFC3
pilot3	CCSBORF7201	1	CCSBORF11229	3AT	1	80C>A	327	NC_000017.11:35119533:G:T	CCSBVarC024723	ENSP00000338790.6:p.Thr27Lys	RAD51D	ENSG00000185379	KIFC3
pilot3	CCSBORF7201	1	CCSBORF11229	3AT	1	82G>C	1453	NC_000017.11:35119531:C:G	CCSBVarC024750	ENSP00000338790.6:p.Val28Leu	RAD51D	ENSG00000185379	KIFC3
pilot3	CCSBORF7201	1	CCSBORF4569	3AT	1	REF	977	NULL	NULL	NULL	RAD51D	ENSG00000185379	LZTS2
pilot3	CCSBORF7201	1	CCSBORF4569	3AT	1	137C>G	134	NC_000017.11:35119117:G:C	CCSBVarC024795	ENSP00000338790.6:p.Ser46Cys	RAD51D	ENSG00000185379	LZTS2
pilot3	CCSBORF7201	1	CCSBORF4569	3AT	1	163C>T	17	NC_000017.11:35118600:G:A	CCSBVarC024799	ENSP00000338790.6:p.Arg55Trp	RAD51D	ENSG00000185379	LZTS2
pilot3	CCSBORF7201	1	CCSBORF4569	3AT	1	167T>G	1349	NC_000017.11:35118596:A:C	CCSBVarC024801	ENSP00000338790.6:p.Val56Gly	RAD51D	ENSG00000185379	LZTS2
pilot3	CCSBORF7201	1	CCSBORF4569	3AT	1	196G>A	2495	NC_000017.11:35118567:C:T	CCSBVarC024804	ENSP00000338790.6:p.Val66Met	RAD51D	ENSG00000185379	LZTS2
pilot3	CCSBORF7201	1	CCSBORF4569	3AT	1	196G>T	1409	NC_000017.11:35118567:C:A	CCSBVarC024807	ENSP00000338790.6:p.Val66Leu	RAD51D	ENSG00000185379	LZTS2
pilot3	CCSBORF7201	1	CCSBORF4569	3AT	1	26G>C	70	NC_000017.11:35119587:C:G	CCSBVarC024707	ENSP00000338790.6:p.Cys9Ser	RAD51D	ENSG00000185379	LZTS2
pilot3	CCSBORF7201	1	CCSBORF4569	3AT	1	394G>A	44	NC_000017.11:35107073:C:T	CCSBVarC024822	ENSP00000338790.6:p.Val132Ile	RAD51D	ENSG00000185379	LZTS2
pilot3	CCSBORF7201	1	CCSBORF4569	3AT	1	412A>C	6691	NC_000017.11:35107055:T:G	CCSBVarC024825	ENSP00000338790.6:p.Asn138His	RAD51D	ENSG00000185379	LZTS2
pilot3	CCSBORF7201	1	CCSBORF4569	3AT	1	49A>G	2462	NC_000017.11:35119564:T:C	CCSBVarC024709	ENSP00000338790.6:p.Ile17Val	RAD51D	ENSG00000185379	LZTS2
pilot3	CCSBORF7201	1	CCSBORF4569	3AT	1	68A>G	928	NC_000017.11:35119545:T:C	CCSBVarC024711	ENSP00000338790.6:p.His23Arg	RAD51D	ENSG00000185379	LZTS2
pilot3	CCSBORF7201	1	CCSBORF4569	3AT	1	80C>A	44	NC_000017.11:35119533:G:T	CCSBVarC024723	ENSP00000338790.6:p.Thr27Lys	RAD51D	ENSG00000185379	LZTS2
pilot3	CCSBORF7201	1	CCSBORF4569	3AT	1	82G>C	47	NC_000017.11:35119531:C:G	CCSBVarC024750	ENSP00000338790.6:p.Val28Leu	RAD51D	ENSG00000185379	LZTS2
pilot3	CCSBORF7201	1	CCSBORF72146	3AT	1	REF	1268	NULL	NULL	NULL	RAD51D	ENSG00000185379	MAPK8IP3
pilot3	CCSBORF7201	1	CCSBORF72146	3AT	1	137C>G	625	NC_000017.11:35119117:G:C	CCSBVarC024795	ENSP00000338790.6:p.Ser46Cys	RAD51D	ENSG00000185379	MAPK8IP3
pilot3	CCSBORF7201	1	CCSBORF72146	3AT	1	163C>T	112	NC_000017.11:35118600:G:A	CCSBVarC024799	ENSP00000338790.6:p.Arg55Trp	RAD51D	ENSG00000185379	MAPK8IP3
pilot3	CCSBORF7201	1	CCSBORF72146	3AT	1	167T>G	1799	NC_000017.11:35118596:A:C	CCSBVarC024801	ENSP00000338790.6:p.Val56Gly	RAD51D	ENSG00000185379	MAPK8IP3
pilot3	CCSBORF7201	1	CCSBORF72146	3AT	1	196G>A	2611	NC_000017.11:35118567:C:T	CCSBVarC024804	ENSP00000338790.6:p.Val66Met	RAD51D	ENSG00000185379	MAPK8IP3
pilot3	CCSBORF7201	1	CCSBORF72146	3AT	1	196G>T	2144	NC_000017.11:35118567:C:A	CCSBVarC024807	ENSP00000338790.6:p.Val66Leu	RAD51D	ENSG00000185379	MAPK8IP3
pilot3	CCSBORF7201	1	CCSBORF72146	3AT	1	26G>C	583	NC_000017.11:35119587:C:G	CCSBVarC024707	ENSP00000338790.6:p.Cys9Ser	RAD51D	ENSG00000185379	MAPK8IP3
pilot3	CCSBORF7201	1	CCSBORF72146	3AT	1	394G>A	328	NC_000017.11:35107073:C:T	CCSBVarC024822	ENSP00000338790.6:p.Val132Ile	RAD51D	ENSG00000185379	MAPK8IP3
pilot3	CCSBORF7201	1	CCSBORF72146	3AT	1	412A>C	4572	NC_000017.11:35107055:T:G	CCSBVarC024825	ENSP00000338790.6:p.Asn138His	RAD51D	ENSG00000185379	MAPK8IP3
pilot3	CCSBORF7201	1	CCSBORF72146	3AT	1	49A>G	2236	NC_000017.11:35119564:T:C	CCSBVarC024709	ENSP00000338790.6:p.Ile17Val	RAD51D	ENSG00000185379	MAPK8IP3
pilot3	CCSBORF7201	1	CCSBORF72146	3AT	1	68A>G	1003	NC_000017.11:35119545:T:C	CCSBVarC024711	ENSP00000338790.6:p.His23Arg	RAD51D	ENSG00000185379	MAPK8IP3
pilot3	CCSBORF7201	1	CCSBORF72146	3AT	1	80C>A	1002	NC_000017.11:35119533:G:T	CCSBVarC024723	ENSP00000338790.6:p.Thr27Lys	RAD51D	ENSG00000185379	MAPK8IP3
pilot3	CCSBORF7201	1	CCSBORF72146	3AT	1	82G>C	188	NC_000017.11:35119531:C:G	CCSBVarC024750	ENSP00000338790.6:p.Val28Leu	RAD51D	ENSG00000185379	MAPK8IP3
pilot3	CCSBORF7201	1	CCSBORF824	3AT	1	REF	250	NULL	NULL	NULL	RAD51D	ENSG00000185379	MEOX2
pilot3	CCSBORF7201	1	CCSBORF824	3AT	1	137C>G	1230	NC_000017.11:35119117:G:C	CCSBVarC024795	ENSP00000338790.6:p.Ser46Cys	RAD51D	ENSG00000185379	MEOX2
pilot3	CCSBORF7201	1	CCSBORF824	3AT	1	163C>T	128	NC_000017.11:35118600:G:A	CCSBVarC024799	ENSP00000338790.6:p.Arg55Trp	RAD51D	ENSG00000185379	MEOX2
pilot3	CCSBORF7201	1	CCSBORF824	3AT	1	167T>G	633	NC_000017.11:35118596:A:C	CCSBVarC024801	ENSP00000338790.6:p.Val56Gly	RAD51D	ENSG00000185379	MEOX2
pilot3	CCSBORF7201	1	CCSBORF824	3AT	1	196G>A	640	NC_000017.11:35118567:C:T	CCSBVarC024804	ENSP00000338790.6:p.Val66Met	RAD51D	ENSG00000185379	MEOX2
pilot3	CCSBORF7201	1	CCSBORF824	3AT	1	196G>T	297	NC_000017.11:35118567:C:A	CCSBVarC024807	ENSP00000338790.6:p.Val66Leu	RAD51D	ENSG00000185379	MEOX2
pilot3	CCSBORF7201	1	CCSBORF824	3AT	1	26G>C	214	NC_000017.11:35119587:C:G	CCSBVarC024707	ENSP00000338790.6:p.Cys9Ser	RAD51D	ENSG00000185379	MEOX2
pilot3	CCSBORF7201	1	CCSBORF824	3AT	1	394G>A	199	NC_000017.11:35107073:C:T	CCSBVarC024822	ENSP00000338790.6:p.Val132Ile	RAD51D	ENSG00000185379	MEOX2
pilot3	CCSBORF7201	1	CCSBORF824	3AT	1	412A>C	2719	NC_000017.11:35107055:T:G	CCSBVarC024825	ENSP00000338790.6:p.Asn138His	RAD51D	ENSG00000185379	MEOX2
pilot3	CCSBORF7201	1	CCSBORF824	3AT	1	49A>G	632	NC_000017.11:35119564:T:C	CCSBVarC024709	ENSP00000338790.6:p.Ile17Val	RAD51D	ENSG00000185379	MEOX2
pilot3	CCSBORF7201	1	CCSBORF824	3AT	1	68A>G	523	NC_000017.11:35119545:T:C	CCSBVarC024711	ENSP00000338790.6:p.His23Arg	RAD51D	ENSG00000185379	MEOX2
pilot3	CCSBORF7201	1	CCSBORF824	3AT	1	80C>A	301	NC_000017.11:35119533:G:T	CCSBVarC024723	ENSP00000338790.6:p.Thr27Lys	RAD51D	ENSG00000185379	MEOX2
pilot3	CCSBORF7201	1	CCSBORF824	3AT	1	82G>C	103	NC_000017.11:35119531:C:G	CCSBVarC024750	ENSP00000338790.6:p.Val28Leu	RAD51D	ENSG00000185379	MEOX2
pilot3	CCSBORF7201	1	CCSBORF100000407	3AT	1	REF	563	NULL	NULL	NULL	RAD51D	ENSG00000185379	PICK1
pilot3	CCSBORF7201	1	CCSBORF100000407	3AT	1	137C>G	73	NC_000017.11:35119117:G:C	CCSBVarC024795	ENSP00000338790.6:p.Ser46Cys	RAD51D	ENSG00000185379	PICK1
pilot3	CCSBORF7201	1	CCSBORF100000407	3AT	1	163C>T	169	NC_000017.11:35118600:G:A	CCSBVarC024799	ENSP00000338790.6:p.Arg55Trp	RAD51D	ENSG00000185379	PICK1
pilot3	CCSBORF7201	1	CCSBORF100000407	3AT	1	167T>G	1435	NC_000017.11:35118596:A:C	CCSBVarC024801	ENSP00000338790.6:p.Val56Gly	RAD51D	ENSG00000185379	PICK1
pilot3	CCSBORF7201	1	CCSBORF100000407	3AT	1	196G>A	2466	NC_000017.11:35118567:C:T	CCSBVarC024804	ENSP00000338790.6:p.Val66Met	RAD51D	ENSG00000185379	PICK1
pilot3	CCSBORF7201	1	CCSBORF100000407	3AT	1	196G>T	1338	NC_000017.11:35118567:C:A	CCSBVarC024807	ENSP00000338790.6:p.Val66Leu	RAD51D	ENSG00000185379	PICK1
pilot3	CCSBORF7201	1	CCSBORF100000407	3AT	1	26G>C	695	NC_000017.11:35119587:C:G	CCSBVarC024707	ENSP00000338790.6:p.Cys9Ser	RAD51D	ENSG00000185379	PICK1
pilot3	CCSBORF7201	1	CCSBORF100000407	3AT	1	394G>A	368	NC_000017.11:35107073:C:T	CCSBVarC024822	ENSP00000338790.6:p.Val132Ile	RAD51D	ENSG00000185379	PICK1
pilot3	CCSBORF7201	1	CCSBORF100000407	3AT	1	412A>C	3348	NC_000017.11:35107055:T:G	CCSBVarC024825	ENSP00000338790.6:p.Asn138His	RAD51D	ENSG00000185379	PICK1
pilot3	CCSBORF7201	1	CCSBORF100000407	3AT	1	49A>G	1544	NC_000017.11:35119564:T:C	CCSBVarC024709	ENSP00000338790.6:p.Ile17Val	RAD51D	ENSG00000185379	PICK1
pilot3	CCSBORF7201	1	CCSBORF100000407	3AT	1	68A>G	1131	NC_000017.11:35119545:T:C	CCSBVarC024711	ENSP00000338790.6:p.His23Arg	RAD51D	ENSG00000185379	PICK1
pilot3	CCSBORF7201	1	CCSBORF100000407	3AT	1	80C>A	2350	NC_000017.11:35119533:G:T	CCSBVarC024723	ENSP00000338790.6:p.Thr27Lys	RAD51D	ENSG00000185379	PICK1
pilot3	CCSBORF7201	1	CCSBORF100000407	3AT	1	82G>C	174	NC_000017.11:35119531:C:G	CCSBVarC024750	ENSP00000338790.6:p.Val28Leu	RAD51D	ENSG00000185379	PICK1
pilot3	CCSBORF7201	1	CCSBORF10320	3AT	1	REF	770	NULL	NULL	NULL	RAD51D	ENSG00000185379	PNMA1
pilot3	CCSBORF7201	1	CCSBORF10320	3AT	1	137C>G	3583	NC_000017.11:35119117:G:C	CCSBVarC024795	ENSP00000338790.6:p.Ser46Cys	RAD51D	ENSG00000185379	PNMA1
pilot3	CCSBORF7201	1	CCSBORF10320	3AT	1	163C>T	14	NC_000017.11:35118600:G:A	CCSBVarC024799	ENSP00000338790.6:p.Arg55Trp	RAD51D	ENSG00000185379	PNMA1
pilot3	CCSBORF7201	1	CCSBORF10320	3AT	1	167T>G	683	NC_000017.11:35118596:A:C	CCSBVarC024801	ENSP00000338790.6:p.Val56Gly	RAD51D	ENSG00000185379	PNMA1
pilot3	CCSBORF7201	1	CCSBORF10320	3AT	1	196G>A	628	NC_000017.11:35118567:C:T	CCSBVarC024804	ENSP00000338790.6:p.Val66Met	RAD51D	ENSG00000185379	PNMA1
pilot3	CCSBORF7201	1	CCSBORF10320	3AT	1	196G>T	388	NC_000017.11:35118567:C:A	CCSBVarC024807	ENSP00000338790.6:p.Val66Leu	RAD51D	ENSG00000185379	PNMA1
pilot3	CCSBORF7201	1	CCSBORF10320	3AT	1	26G>C	602	NC_000017.11:35119587:C:G	CCSBVarC024707	ENSP00000338790.6:p.Cys9Ser	RAD51D	ENSG00000185379	PNMA1
pilot3	CCSBORF7201	1	CCSBORF10320	3AT	1	394G>A	14	NC_000017.11:35107073:C:T	CCSBVarC024822	ENSP00000338790.6:p.Val132Ile	RAD51D	ENSG00000185379	PNMA1
pilot3	CCSBORF7201	1	CCSBORF10320	3AT	1	412A>C	2533	NC_000017.11:35107055:T:G	CCSBVarC024825	ENSP00000338790.6:p.Asn138His	RAD51D	ENSG00000185379	PNMA1
pilot3	CCSBORF7201	1	CCSBORF10320	3AT	1	49A>G	380	NC_000017.11:35119564:T:C	CCSBVarC024709	ENSP00000338790.6:p.Ile17Val	RAD51D	ENSG00000185379	PNMA1
pilot3	CCSBORF7201	1	CCSBORF10320	3AT	1	68A>G	1082	NC_000017.11:35119545:T:C	CCSBVarC024711	ENSP00000338790.6:p.His23Arg	RAD51D	ENSG00000185379	PNMA1
pilot3	CCSBORF7201	1	CCSBORF10320	3AT	1	80C>A	364	NC_000017.11:35119533:G:T	CCSBVarC024723	ENSP00000338790.6:p.Thr27Lys	RAD51D	ENSG00000185379	PNMA1
pilot3	CCSBORF7201	1	CCSBORF10320	3AT	1	82G>C	46	NC_000017.11:35119531:C:G	CCSBVarC024750	ENSP00000338790.6:p.Val28Leu	RAD51D	ENSG00000185379	PNMA1
pilot3	CCSBORF7201	2	CCSBORF53886	3AT	1	REF	1425	NULL	NULL	NULL	RAD51D	ENSG00000185379	TLE5
pilot3	CCSBORF7201	2	CCSBORF53886	3AT	1	493C>T	16	NC_000017.11:35106468:G:A	CCSBVarC024828	ENSP00000338790.6:p.Arg165Trp	RAD51D	ENSG00000185379	TLE5
pilot3	CCSBORF7201	2	CCSBORF53886	3AT	1	494G>A	277	NC_000017.11:35106467:C:T	CCSBVarC002917	ENSP00000338790.6:p.Arg165Gln	RAD51D	ENSG00000185379	TLE5
pilot3	CCSBORF7201	2	CCSBORF53886	3AT	1	691G>T	1079	NC_000017.11:35103300:C:A	CCSBVarC024850	ENSP00000338790.6:p.Ala231Ser	RAD51D	ENSG00000185379	TLE5
pilot3	CCSBORF7201	2	CCSBORF53886	3AT	1	698A>G	11	NC_000017.11:35103293:T:C	CCSBVarC001140	ENSP00000338790.6:p.Glu233Gly	RAD51D	ENSG00000185379	TLE5
pilot3	CCSBORF7201	2	CCSBORF53886	3AT	1	751A>G	2089	NC_000017.11:35101352:T:C	CCSBVarC024857	ENSP00000338790.6:p.Ile251Val	RAD51D	ENSG00000185379	TLE5
pilot3	CCSBORF7201	2	CCSBORF53886	3AT	1	865G>A	2534	NC_000017.11:35101238:C:T	CCSBVarC024877	ENSP00000338790.6:p.Gly289Ser	RAD51D	ENSG00000185379	TLE5
pilot3	CCSBORF7201	2	CCSBORF53886	3AT	1	869G>A	2304	NC_000017.11:35101234:C:T	CCSBVarC024880	ENSP00000338790.6:p.Arg290Gln	RAD51D	ENSG00000185379	TLE5
pilot3	CCSBORF7201	2	CCSBORF53886	3AT	1	915C>G	5023	NC_000017.11:35101024:G:C	CCSBVarC024886	ENSP00000338790.6:p.Phe305Leu	RAD51D	ENSG00000185379	TLE5
pilot3	CCSBORF7201	2	CCSBORF53886	3AT	1	919G>A	189	NC_000017.11:35101020:C:T	CCSBVarC024889	ENSP00000338790.6:p.Glu307Lys	RAD51D	ENSG00000185379	TLE5
pilot3	CCSBORF7201	2	CCSBORF53886	3AT	1	922A>G	2338	NC_000017.11:35101017:T:C	CCSBVarC024892	ENSP00000338790.6:p.Met308Val	RAD51D	ENSG00000185379	TLE5
pilot3	CCSBORF7201	2	CCSBORF53886	3AT	1	983C>T	658	NC_000017.11:35100956:G:A	CCSBVarC024896	ENSP00000338790.6:p.Thr328Ile	RAD51D	ENSG00000185379	TLE5
pilot3	CCSBORF7201	2	CCSBORF2910	3AT	1	REF	1574	NULL	NULL	NULL	RAD51D	ENSG00000185379	AMOTL2
pilot3	CCSBORF7201	2	CCSBORF2910	3AT	1	493C>T	23	NC_000017.11:35106468:G:A	CCSBVarC024828	ENSP00000338790.6:p.Arg165Trp	RAD51D	ENSG00000185379	AMOTL2
pilot3	CCSBORF7201	2	CCSBORF2910	3AT	1	494G>A	298	NC_000017.11:35106467:C:T	CCSBVarC002917	ENSP00000338790.6:p.Arg165Gln	RAD51D	ENSG00000185379	AMOTL2
pilot3	CCSBORF7201	2	CCSBORF2910	3AT	1	691G>T	1480	NC_000017.11:35103300:C:A	CCSBVarC024850	ENSP00000338790.6:p.Ala231Ser	RAD51D	ENSG00000185379	AMOTL2
pilot3	CCSBORF7201	2	CCSBORF2910	3AT	1	698A>G	47	NC_000017.11:35103293:T:C	CCSBVarC001140	ENSP00000338790.6:p.Glu233Gly	RAD51D	ENSG00000185379	AMOTL2
pilot3	CCSBORF7201	2	CCSBORF2910	3AT	1	751A>G	2315	NC_000017.11:35101352:T:C	CCSBVarC024857	ENSP00000338790.6:p.Ile251Val	RAD51D	ENSG00000185379	AMOTL2
pilot3	CCSBORF7201	2	CCSBORF2910	3AT	1	865G>A	3605	NC_000017.11:35101238:C:T	CCSBVarC024877	ENSP00000338790.6:p.Gly289Ser	RAD51D	ENSG00000185379	AMOTL2
pilot3	CCSBORF7201	2	CCSBORF2910	3AT	1	869G>A	2636	NC_000017.11:35101234:C:T	CCSBVarC024880	ENSP00000338790.6:p.Arg290Gln	RAD51D	ENSG00000185379	AMOTL2
pilot3	CCSBORF7201	2	CCSBORF2910	3AT	1	915C>G	4284	NC_000017.11:35101024:G:C	CCSBVarC024886	ENSP00000338790.6:p.Phe305Leu	RAD51D	ENSG00000185379	AMOTL2
pilot3	CCSBORF7201	2	CCSBORF2910	3AT	1	919G>A	863	NC_000017.11:35101020:C:T	CCSBVarC024889	ENSP00000338790.6:p.Glu307Lys	RAD51D	ENSG00000185379	AMOTL2
pilot3	CCSBORF7201	2	CCSBORF2910	3AT	1	922A>G	2160	NC_000017.11:35101017:T:C	CCSBVarC024892	ENSP00000338790.6:p.Met308Val	RAD51D	ENSG00000185379	AMOTL2
pilot3	CCSBORF7201	2	CCSBORF2910	3AT	1	983C>T	1117	NC_000017.11:35100956:G:A	CCSBVarC024896	ENSP00000338790.6:p.Thr328Ile	RAD51D	ENSG00000185379	AMOTL2
pilot3	CCSBORF7201	2	CCSBORF2265	3AT	1	REF	894	NULL	NULL	NULL	RAD51D	ENSG00000185379	IHO1
pilot3	CCSBORF7201	2	CCSBORF2265	3AT	1	493C>T	5	NC_000017.11:35106468:G:A	CCSBVarC024828	ENSP00000338790.6:p.Arg165Trp	RAD51D	ENSG00000185379	IHO1
pilot3	CCSBORF7201	2	CCSBORF2265	3AT	1	494G>A	131	NC_000017.11:35106467:C:T	CCSBVarC002917	ENSP00000338790.6:p.Arg165Gln	RAD51D	ENSG00000185379	IHO1
pilot3	CCSBORF7201	2	CCSBORF2265	3AT	1	691G>T	591	NC_000017.11:35103300:C:A	CCSBVarC024850	ENSP00000338790.6:p.Ala231Ser	RAD51D	ENSG00000185379	IHO1
pilot3	CCSBORF7201	2	CCSBORF2265	3AT	1	698A>G	10	NC_000017.11:35103293:T:C	CCSBVarC001140	ENSP00000338790.6:p.Glu233Gly	RAD51D	ENSG00000185379	IHO1
pilot3	CCSBORF7201	2	CCSBORF2265	3AT	1	751A>G	2426	NC_000017.11:35101352:T:C	CCSBVarC024857	ENSP00000338790.6:p.Ile251Val	RAD51D	ENSG00000185379	IHO1
pilot3	CCSBORF7201	2	CCSBORF2265	3AT	1	865G>A	1795	NC_000017.11:35101238:C:T	CCSBVarC024877	ENSP00000338790.6:p.Gly289Ser	RAD51D	ENSG00000185379	IHO1
pilot3	CCSBORF7201	2	CCSBORF2265	3AT	1	869G>A	1472	NC_000017.11:35101234:C:T	CCSBVarC024880	ENSP00000338790.6:p.Arg290Gln	RAD51D	ENSG00000185379	IHO1
pilot3	CCSBORF7201	2	CCSBORF2265	3AT	1	915C>G	8465	NC_000017.11:35101024:G:C	CCSBVarC024886	ENSP00000338790.6:p.Phe305Leu	RAD51D	ENSG00000185379	IHO1
pilot3	CCSBORF7201	2	CCSBORF2265	3AT	1	919G>A	62	NC_000017.11:35101020:C:T	CCSBVarC024889	ENSP00000338790.6:p.Glu307Lys	RAD51D	ENSG00000185379	IHO1
pilot3	CCSBORF7201	2	CCSBORF2265	3AT	1	922A>G	1633	NC_000017.11:35101017:T:C	CCSBVarC024892	ENSP00000338790.6:p.Met308Val	RAD51D	ENSG00000185379	IHO1
pilot3	CCSBORF7201	2	CCSBORF2265	3AT	1	983C>T	287	NC_000017.11:35100956:G:A	CCSBVarC024896	ENSP00000338790.6:p.Thr328Ile	RAD51D	ENSG00000185379	IHO1
pilot3	CCSBORF7201	2	CCSBORF100067498	3AT	1	REF	1707	NULL	NULL	NULL	RAD51D	ENSG00000185379	GEMIN4
pilot3	CCSBORF7201	2	CCSBORF100067498	3AT	1	493C>T	11	NC_000017.11:35106468:G:A	CCSBVarC024828	ENSP00000338790.6:p.Arg165Trp	RAD51D	ENSG00000185379	GEMIN4
pilot3	CCSBORF7201	2	CCSBORF100067498	3AT	1	494G>A	303	NC_000017.11:35106467:C:T	CCSBVarC002917	ENSP00000338790.6:p.Arg165Gln	RAD51D	ENSG00000185379	GEMIN4
pilot3	CCSBORF7201	2	CCSBORF100067498	3AT	1	691G>T	1859	NC_000017.11:35103300:C:A	CCSBVarC024850	ENSP00000338790.6:p.Ala231Ser	RAD51D	ENSG00000185379	GEMIN4
pilot3	CCSBORF7201	2	CCSBORF100067498	3AT	1	698A>G	36	NC_000017.11:35103293:T:C	CCSBVarC001140	ENSP00000338790.6:p.Glu233Gly	RAD51D	ENSG00000185379	GEMIN4
pilot3	CCSBORF7201	2	CCSBORF100067498	3AT	1	751A>G	2715	NC_000017.11:35101352:T:C	CCSBVarC024857	ENSP00000338790.6:p.Ile251Val	RAD51D	ENSG00000185379	GEMIN4
pilot3	CCSBORF7201	2	CCSBORF100067498	3AT	1	865G>A	2635	NC_000017.11:35101238:C:T	CCSBVarC024877	ENSP00000338790.6:p.Gly289Ser	RAD51D	ENSG00000185379	GEMIN4
pilot3	CCSBORF7201	2	CCSBORF100067498	3AT	1	869G>A	1899	NC_000017.11:35101234:C:T	CCSBVarC024880	ENSP00000338790.6:p.Arg290Gln	RAD51D	ENSG00000185379	GEMIN4
pilot3	CCSBORF7201	2	CCSBORF100067498	3AT	1	915C>G	6480	NC_000017.11:35101024:G:C	CCSBVarC024886	ENSP00000338790.6:p.Phe305Leu	RAD51D	ENSG00000185379	GEMIN4
pilot3	CCSBORF7201	2	CCSBORF100067498	3AT	1	919G>A	505	NC_000017.11:35101020:C:T	CCSBVarC024889	ENSP00000338790.6:p.Glu307Lys	RAD51D	ENSG00000185379	GEMIN4
pilot3	CCSBORF7201	2	CCSBORF100067498	3AT	1	922A>G	1603	NC_000017.11:35101017:T:C	CCSBVarC024892	ENSP00000338790.6:p.Met308Val	RAD51D	ENSG00000185379	GEMIN4
pilot3	CCSBORF7201	2	CCSBORF100067498	3AT	1	983C>T	598	NC_000017.11:35100956:G:A	CCSBVarC024896	ENSP00000338790.6:p.Thr328Ile	RAD51D	ENSG00000185379	GEMIN4
pilot3	CCSBORF7201	2	CCSBORF100070143	3AT	1	REF	398	NULL	NULL	NULL	RAD51D	ENSG00000185379	HSF2BP
pilot3	CCSBORF7201	2	CCSBORF100070143	3AT	1	493C>T	2	NC_000017.11:35106468:G:A	CCSBVarC024828	ENSP00000338790.6:p.Arg165Trp	RAD51D	ENSG00000185379	HSF2BP
pilot3	CCSBORF7201	2	CCSBORF100070143	3AT	1	494G>A	12	NC_000017.11:35106467:C:T	CCSBVarC002917	ENSP00000338790.6:p.Arg165Gln	RAD51D	ENSG00000185379	HSF2BP
pilot3	CCSBORF7201	2	CCSBORF100070143	3AT	1	691G>T	153	NC_000017.11:35103300:C:A	CCSBVarC024850	ENSP00000338790.6:p.Ala231Ser	RAD51D	ENSG00000185379	HSF2BP
pilot3	CCSBORF7201	2	CCSBORF100070143	3AT	1	698A>G	1	NC_000017.11:35103293:T:C	CCSBVarC001140	ENSP00000338790.6:p.Glu233Gly	RAD51D	ENSG00000185379	HSF2BP
pilot3	CCSBORF7201	2	CCSBORF100070143	3AT	1	751A>G	572	NC_000017.11:35101352:T:C	CCSBVarC024857	ENSP00000338790.6:p.Ile251Val	RAD51D	ENSG00000185379	HSF2BP
pilot3	CCSBORF7201	2	CCSBORF100070143	3AT	1	865G>A	507	NC_000017.11:35101238:C:T	CCSBVarC024877	ENSP00000338790.6:p.Gly289Ser	RAD51D	ENSG00000185379	HSF2BP
pilot3	CCSBORF7201	2	CCSBORF100070143	3AT	1	869G>A	272	NC_000017.11:35101234:C:T	CCSBVarC024880	ENSP00000338790.6:p.Arg290Gln	RAD51D	ENSG00000185379	HSF2BP
pilot3	CCSBORF7201	2	CCSBORF100070143	3AT	1	915C>G	10021	NC_000017.11:35101024:G:C	CCSBVarC024886	ENSP00000338790.6:p.Phe305Leu	RAD51D	ENSG00000185379	HSF2BP
pilot3	CCSBORF7201	2	CCSBORF100070143	3AT	1	919G>A	13	NC_000017.11:35101020:C:T	CCSBVarC024889	ENSP00000338790.6:p.Glu307Lys	RAD51D	ENSG00000185379	HSF2BP
pilot3	CCSBORF7201	2	CCSBORF100070143	3AT	1	922A>G	904	NC_000017.11:35101017:T:C	CCSBVarC024892	ENSP00000338790.6:p.Met308Val	RAD51D	ENSG00000185379	HSF2BP
pilot3	CCSBORF7201	2	CCSBORF100070143	3AT	1	983C>T	20	NC_000017.11:35100956:G:A	CCSBVarC024896	ENSP00000338790.6:p.Thr328Ile	RAD51D	ENSG00000185379	HSF2BP
pilot3	CCSBORF7201	2	CCSBORF10016	3AT	1	REF	1510	NULL	NULL	NULL	RAD51D	ENSG00000185379	IKZF3
pilot3	CCSBORF7201	2	CCSBORF10016	3AT	1	493C>T	9	NC_000017.11:35106468:G:A	CCSBVarC024828	ENSP00000338790.6:p.Arg165Trp	RAD51D	ENSG00000185379	IKZF3
pilot3	CCSBORF7201	2	CCSBORF10016	3AT	1	494G>A	379	NC_000017.11:35106467:C:T	CCSBVarC002917	ENSP00000338790.6:p.Arg165Gln	RAD51D	ENSG00000185379	IKZF3
pilot3	CCSBORF7201	2	CCSBORF10016	3AT	1	691G>T	1439	NC_000017.11:35103300:C:A	CCSBVarC024850	ENSP00000338790.6:p.Ala231Ser	RAD51D	ENSG00000185379	IKZF3
pilot3	CCSBORF7201	2	CCSBORF10016	3AT	1	698A>G	3	NC_000017.11:35103293:T:C	CCSBVarC001140	ENSP00000338790.6:p.Glu233Gly	RAD51D	ENSG00000185379	IKZF3
pilot3	CCSBORF7201	2	CCSBORF10016	3AT	1	751A>G	3564	NC_000017.11:35101352:T:C	CCSBVarC024857	ENSP00000338790.6:p.Ile251Val	RAD51D	ENSG00000185379	IKZF3
pilot3	CCSBORF7201	2	CCSBORF10016	3AT	1	865G>A	4070	NC_000017.11:35101238:C:T	CCSBVarC024877	ENSP00000338790.6:p.Gly289Ser	RAD51D	ENSG00000185379	IKZF3
pilot3	CCSBORF7201	2	CCSBORF10016	3AT	1	869G>A	2594	NC_000017.11:35101234:C:T	CCSBVarC024880	ENSP00000338790.6:p.Arg290Gln	RAD51D	ENSG00000185379	IKZF3
pilot3	CCSBORF7201	2	CCSBORF10016	3AT	1	915C>G	7783	NC_000017.11:35101024:G:C	CCSBVarC024886	ENSP00000338790.6:p.Phe305Leu	RAD51D	ENSG00000185379	IKZF3
pilot3	CCSBORF7201	2	CCSBORF10016	3AT	1	919G>A	239	NC_000017.11:35101020:C:T	CCSBVarC024889	ENSP00000338790.6:p.Glu307Lys	RAD51D	ENSG00000185379	IKZF3
pilot3	CCSBORF7201	2	CCSBORF10016	3AT	1	922A>G	2576	NC_000017.11:35101017:T:C	CCSBVarC024892	ENSP00000338790.6:p.Met308Val	RAD51D	ENSG00000185379	IKZF3
pilot3	CCSBORF7201	2	CCSBORF10016	3AT	1	983C>T	794	NC_000017.11:35100956:G:A	CCSBVarC024896	ENSP00000338790.6:p.Thr328Ile	RAD51D	ENSG00000185379	IKZF3
pilot3	CCSBORF7201	2	CCSBORF11229	3AT	1	REF	1473	NULL	NULL	NULL	RAD51D	ENSG00000185379	KIFC3
pilot3	CCSBORF7201	2	CCSBORF11229	3AT	1	493C>T	28	NC_000017.11:35106468:G:A	CCSBVarC024828	ENSP00000338790.6:p.Arg165Trp	RAD51D	ENSG00000185379	KIFC3
pilot3	CCSBORF7201	2	CCSBORF11229	3AT	1	494G>A	467	NC_000017.11:35106467:C:T	CCSBVarC002917	ENSP00000338790.6:p.Arg165Gln	RAD51D	ENSG00000185379	KIFC3
pilot3	CCSBORF7201	2	CCSBORF11229	3AT	1	691G>T	1862	NC_000017.11:35103300:C:A	CCSBVarC024850	ENSP00000338790.6:p.Ala231Ser	RAD51D	ENSG00000185379	KIFC3
pilot3	CCSBORF7201	2	CCSBORF11229	3AT	1	698A>G	22	NC_000017.11:35103293:T:C	CCSBVarC001140	ENSP00000338790.6:p.Glu233Gly	RAD51D	ENSG00000185379	KIFC3
pilot3	CCSBORF7201	2	CCSBORF11229	3AT	1	751A>G	1740	NC_000017.11:35101352:T:C	CCSBVarC024857	ENSP00000338790.6:p.Ile251Val	RAD51D	ENSG00000185379	KIFC3
pilot3	CCSBORF7201	2	CCSBORF11229	3AT	1	865G>A	3938	NC_000017.11:35101238:C:T	CCSBVarC024877	ENSP00000338790.6:p.Gly289Ser	RAD51D	ENSG00000185379	KIFC3
pilot3	CCSBORF7201	2	CCSBORF11229	3AT	1	869G>A	2278	NC_000017.11:35101234:C:T	CCSBVarC024880	ENSP00000338790.6:p.Arg290Gln	RAD51D	ENSG00000185379	KIFC3
pilot3	CCSBORF7201	2	CCSBORF11229	3AT	1	915C>G	4126	NC_000017.11:35101024:G:C	CCSBVarC024886	ENSP00000338790.6:p.Phe305Leu	RAD51D	ENSG00000185379	KIFC3
pilot3	CCSBORF7201	2	CCSBORF11229	3AT	1	919G>A	379	NC_000017.11:35101020:C:T	CCSBVarC024889	ENSP00000338790.6:p.Glu307Lys	RAD51D	ENSG00000185379	KIFC3
pilot3	CCSBORF7201	2	CCSBORF11229	3AT	1	922A>G	2934	NC_000017.11:35101017:T:C	CCSBVarC024892	ENSP00000338790.6:p.Met308Val	RAD51D	ENSG00000185379	KIFC3
pilot3	CCSBORF7201	2	CCSBORF11229	3AT	1	983C>T	673	NC_000017.11:35100956:G:A	CCSBVarC024896	ENSP00000338790.6:p.Thr328Ile	RAD51D	ENSG00000185379	KIFC3
pilot3	CCSBORF7201	2	CCSBORF4569	3AT	1	REF	786	NULL	NULL	NULL	RAD51D	ENSG00000185379	LZTS2
pilot3	CCSBORF7201	2	CCSBORF4569	3AT	1	493C>T	4	NC_000017.11:35106468:G:A	CCSBVarC024828	ENSP00000338790.6:p.Arg165Trp	RAD51D	ENSG00000185379	LZTS2
pilot3	CCSBORF7201	2	CCSBORF4569	3AT	1	494G>A	69	NC_000017.11:35106467:C:T	CCSBVarC002917	ENSP00000338790.6:p.Arg165Gln	RAD51D	ENSG00000185379	LZTS2
pilot3	CCSBORF7201	2	CCSBORF4569	3AT	1	691G>T	556	NC_000017.11:35103300:C:A	CCSBVarC024850	ENSP00000338790.6:p.Ala231Ser	RAD51D	ENSG00000185379	LZTS2
pilot3	CCSBORF7201	2	CCSBORF4569	3AT	1	698A>G	4	NC_000017.11:35103293:T:C	CCSBVarC001140	ENSP00000338790.6:p.Glu233Gly	RAD51D	ENSG00000185379	LZTS2
pilot3	CCSBORF7201	2	CCSBORF4569	3AT	1	751A>G	1274	NC_000017.11:35101352:T:C	CCSBVarC024857	ENSP00000338790.6:p.Ile251Val	RAD51D	ENSG00000185379	LZTS2
pilot3	CCSBORF7201	2	CCSBORF4569	3AT	1	865G>A	1297	NC_000017.11:35101238:C:T	CCSBVarC024877	ENSP00000338790.6:p.Gly289Ser	RAD51D	ENSG00000185379	LZTS2
pilot3	CCSBORF7201	2	CCSBORF4569	3AT	1	869G>A	638	NC_000017.11:35101234:C:T	CCSBVarC024880	ENSP00000338790.6:p.Arg290Gln	RAD51D	ENSG00000185379	LZTS2
pilot3	CCSBORF7201	2	CCSBORF4569	3AT	1	915C>G	3807	NC_000017.11:35101024:G:C	CCSBVarC024886	ENSP00000338790.6:p.Phe305Leu	RAD51D	ENSG00000185379	LZTS2
pilot3	CCSBORF7201	2	CCSBORF4569	3AT	1	919G>A	61	NC_000017.11:35101020:C:T	CCSBVarC024889	ENSP00000338790.6:p.Glu307Lys	RAD51D	ENSG00000185379	LZTS2
pilot3	CCSBORF7201	2	CCSBORF4569	3AT	1	922A>G	622	NC_000017.11:35101017:T:C	CCSBVarC024892	ENSP00000338790.6:p.Met308Val	RAD51D	ENSG00000185379	LZTS2
pilot3	CCSBORF7201	2	CCSBORF4569	3AT	1	983C>T	144	NC_000017.11:35100956:G:A	CCSBVarC024896	ENSP00000338790.6:p.Thr328Ile	RAD51D	ENSG00000185379	LZTS2
pilot3	CCSBORF7201	2	CCSBORF72146	3AT	1	REF	1209	NULL	NULL	NULL	RAD51D	ENSG00000185379	MAPK8IP3
pilot3	CCSBORF7201	2	CCSBORF72146	3AT	1	493C>T	26	NC_000017.11:35106468:G:A	CCSBVarC024828	ENSP00000338790.6:p.Arg165Trp	RAD51D	ENSG00000185379	MAPK8IP3
pilot3	CCSBORF7201	2	CCSBORF72146	3AT	1	494G>A	171	NC_000017.11:35106467:C:T	CCSBVarC002917	ENSP00000338790.6:p.Arg165Gln	RAD51D	ENSG00000185379	MAPK8IP3
pilot3	CCSBORF7201	2	CCSBORF72146	3AT	1	691G>T	740	NC_000017.11:35103300:C:A	CCSBVarC024850	ENSP00000338790.6:p.Ala231Ser	RAD51D	ENSG00000185379	MAPK8IP3
pilot3	CCSBORF7201	2	CCSBORF72146	3AT	1	698A>G	45	NC_000017.11:35103293:T:C	CCSBVarC001140	ENSP00000338790.6:p.Glu233Gly	RAD51D	ENSG00000185379	MAPK8IP3
pilot3	CCSBORF7201	2	CCSBORF72146	3AT	1	751A>G	1975	NC_000017.11:35101352:T:C	CCSBVarC024857	ENSP00000338790.6:p.Ile251Val	RAD51D	ENSG00000185379	MAPK8IP3
pilot3	CCSBORF7201	2	CCSBORF72146	3AT	1	865G>A	2736	NC_000017.11:35101238:C:T	CCSBVarC024877	ENSP00000338790.6:p.Gly289Ser	RAD51D	ENSG00000185379	MAPK8IP3
pilot3	CCSBORF7201	2	CCSBORF72146	3AT	1	869G>A	1678	NC_000017.11:35101234:C:T	CCSBVarC024880	ENSP00000338790.6:p.Arg290Gln	RAD51D	ENSG00000185379	MAPK8IP3
pilot3	CCSBORF7201	2	CCSBORF72146	3AT	1	915C>G	4828	NC_000017.11:35101024:G:C	CCSBVarC024886	ENSP00000338790.6:p.Phe305Leu	RAD51D	ENSG00000185379	MAPK8IP3
pilot3	CCSBORF7201	2	CCSBORF72146	3AT	1	919G>A	567	NC_000017.11:35101020:C:T	CCSBVarC024889	ENSP00000338790.6:p.Glu307Lys	RAD51D	ENSG00000185379	MAPK8IP3
pilot3	CCSBORF7201	2	CCSBORF72146	3AT	1	922A>G	1709	NC_000017.11:35101017:T:C	CCSBVarC024892	ENSP00000338790.6:p.Met308Val	RAD51D	ENSG00000185379	MAPK8IP3
pilot3	CCSBORF7201	2	CCSBORF72146	3AT	1	983C>T	509	NC_000017.11:35100956:G:A	CCSBVarC024896	ENSP00000338790.6:p.Thr328Ile	RAD51D	ENSG00000185379	MAPK8IP3
pilot3	CCSBORF7201	2	CCSBORF824	3AT	1	REF	400	NULL	NULL	NULL	RAD51D	ENSG00000185379	MEOX2
pilot3	CCSBORF7201	2	CCSBORF824	3AT	1	493C>T	56	NC_000017.11:35106468:G:A	CCSBVarC024828	ENSP00000338790.6:p.Arg165Trp	RAD51D	ENSG00000185379	MEOX2
pilot3	CCSBORF7201	2	CCSBORF824	3AT	1	494G>A	69	NC_000017.11:35106467:C:T	CCSBVarC002917	ENSP00000338790.6:p.Arg165Gln	RAD51D	ENSG00000185379	MEOX2
pilot3	CCSBORF7201	2	CCSBORF824	3AT	1	691G>T	304	NC_000017.11:35103300:C:A	CCSBVarC024850	ENSP00000338790.6:p.Ala231Ser	RAD51D	ENSG00000185379	MEOX2
pilot3	CCSBORF7201	2	CCSBORF824	3AT	1	698A>G	1	NC_000017.11:35103293:T:C	CCSBVarC001140	ENSP00000338790.6:p.Glu233Gly	RAD51D	ENSG00000185379	MEOX2
pilot3	CCSBORF7201	2	CCSBORF824	3AT	1	751A>G	946	NC_000017.11:35101352:T:C	CCSBVarC024857	ENSP00000338790.6:p.Ile251Val	RAD51D	ENSG00000185379	MEOX2
pilot3	CCSBORF7201	2	CCSBORF824	3AT	1	865G>A	1361	NC_000017.11:35101238:C:T	CCSBVarC024877	ENSP00000338790.6:p.Gly289Ser	RAD51D	ENSG00000185379	MEOX2
pilot3	CCSBORF7201	2	CCSBORF824	3AT	1	869G>A	483	NC_000017.11:35101234:C:T	CCSBVarC024880	ENSP00000338790.6:p.Arg290Gln	RAD51D	ENSG00000185379	MEOX2
pilot3	CCSBORF7201	2	CCSBORF824	3AT	1	915C>G	12789	NC_000017.11:35101024:G:C	CCSBVarC024886	ENSP00000338790.6:p.Phe305Leu	RAD51D	ENSG00000185379	MEOX2
pilot3	CCSBORF7201	2	CCSBORF824	3AT	1	919G>A	93	NC_000017.11:35101020:C:T	CCSBVarC024889	ENSP00000338790.6:p.Glu307Lys	RAD51D	ENSG00000185379	MEOX2
pilot3	CCSBORF7201	2	CCSBORF824	3AT	1	922A>G	448	NC_000017.11:35101017:T:C	CCSBVarC024892	ENSP00000338790.6:p.Met308Val	RAD51D	ENSG00000185379	MEOX2
pilot3	CCSBORF7201	2	CCSBORF824	3AT	1	983C>T	185	NC_000017.11:35100956:G:A	CCSBVarC024896	ENSP00000338790.6:p.Thr328Ile	RAD51D	ENSG00000185379	MEOX2
pilot3	CCSBORF7201	2	CCSBORF100000407	3AT	1	REF	2	NULL	NULL	NULL	RAD51D	ENSG00000185379	PICK1
pilot3	CCSBORF7201	2	CCSBORF100000407	3AT	1	493C>T	0	NC_000017.11:35106468:G:A	CCSBVarC024828	ENSP00000338790.6:p.Arg165Trp	RAD51D	ENSG00000185379	PICK1
pilot3	CCSBORF7201	2	CCSBORF100000407	3AT	1	494G>A	1	NC_000017.11:35106467:C:T	CCSBVarC002917	ENSP00000338790.6:p.Arg165Gln	RAD51D	ENSG00000185379	PICK1
pilot3	CCSBORF7201	2	CCSBORF100000407	3AT	1	691G>T	0	NC_000017.11:35103300:C:A	CCSBVarC024850	ENSP00000338790.6:p.Ala231Ser	RAD51D	ENSG00000185379	PICK1
pilot3	CCSBORF7201	2	CCSBORF100000407	3AT	1	698A>G	0	NC_000017.11:35103293:T:C	CCSBVarC001140	ENSP00000338790.6:p.Glu233Gly	RAD51D	ENSG00000185379	PICK1
pilot3	CCSBORF7201	2	CCSBORF100000407	3AT	1	751A>G	3	NC_000017.11:35101352:T:C	CCSBVarC024857	ENSP00000338790.6:p.Ile251Val	RAD51D	ENSG00000185379	PICK1
pilot3	CCSBORF7201	2	CCSBORF100000407	3AT	1	865G>A	2	NC_000017.11:35101238:C:T	CCSBVarC024877	ENSP00000338790.6:p.Gly289Ser	RAD51D	ENSG00000185379	PICK1
pilot3	CCSBORF7201	2	CCSBORF100000407	3AT	1	869G>A	0	NC_000017.11:35101234:C:T	CCSBVarC024880	ENSP00000338790.6:p.Arg290Gln	RAD51D	ENSG00000185379	PICK1
pilot3	CCSBORF7201	2	CCSBORF100000407	3AT	1	915C>G	3	NC_000017.11:35101024:G:C	CCSBVarC024886	ENSP00000338790.6:p.Phe305Leu	RAD51D	ENSG00000185379	PICK1
pilot3	CCSBORF7201	2	CCSBORF100000407	3AT	1	919G>A	0	NC_000017.11:35101020:C:T	CCSBVarC024889	ENSP00000338790.6:p.Glu307Lys	RAD51D	ENSG00000185379	PICK1
pilot3	CCSBORF7201	2	CCSBORF100000407	3AT	1	922A>G	3	NC_000017.11:35101017:T:C	CCSBVarC024892	ENSP00000338790.6:p.Met308Val	RAD51D	ENSG00000185379	PICK1
pilot3	CCSBORF7201	2	CCSBORF100000407	3AT	1	983C>T	0	NC_000017.11:35100956:G:A	CCSBVarC024896	ENSP00000338790.6:p.Thr328Ile	RAD51D	ENSG00000185379	PICK1
pilot3	CCSBORF7201	2	CCSBORF10320	3AT	1	REF	1496	NULL	NULL	NULL	RAD51D	ENSG00000185379	PNMA1
pilot3	CCSBORF7201	2	CCSBORF10320	3AT	1	493C>T	18	NC_000017.11:35106468:G:A	CCSBVarC024828	ENSP00000338790.6:p.Arg165Trp	RAD51D	ENSG00000185379	PNMA1
pilot3	CCSBORF7201	2	CCSBORF10320	3AT	1	494G>A	102	NC_000017.11:35106467:C:T	CCSBVarC002917	ENSP00000338790.6:p.Arg165Gln	RAD51D	ENSG00000185379	PNMA1
pilot3	CCSBORF7201	2	CCSBORF10320	3AT	1	691G>T	2705	NC_000017.11:35103300:C:A	CCSBVarC024850	ENSP00000338790.6:p.Ala231Ser	RAD51D	ENSG00000185379	PNMA1
pilot3	CCSBORF7201	2	CCSBORF10320	3AT	1	698A>G	74	NC_000017.11:35103293:T:C	CCSBVarC001140	ENSP00000338790.6:p.Glu233Gly	RAD51D	ENSG00000185379	PNMA1
pilot3	CCSBORF7201	2	CCSBORF10320	3AT	1	751A>G	3834	NC_000017.11:35101352:T:C	CCSBVarC024857	ENSP00000338790.6:p.Ile251Val	RAD51D	ENSG00000185379	PNMA1
pilot3	CCSBORF7201	2	CCSBORF10320	3AT	1	865G>A	2321	NC_000017.11:35101238:C:T	CCSBVarC024877	ENSP00000338790.6:p.Gly289Ser	RAD51D	ENSG00000185379	PNMA1
pilot3	CCSBORF7201	2	CCSBORF10320	3AT	1	869G>A	809	NC_000017.11:35101234:C:T	CCSBVarC024880	ENSP00000338790.6:p.Arg290Gln	RAD51D	ENSG00000185379	PNMA1
pilot3	CCSBORF7201	2	CCSBORF10320	3AT	1	915C>G	11223	NC_000017.11:35101024:G:C	CCSBVarC024886	ENSP00000338790.6:p.Phe305Leu	RAD51D	ENSG00000185379	PNMA1
pilot3	CCSBORF7201	2	CCSBORF10320	3AT	1	919G>A	50	NC_000017.11:35101020:C:T	CCSBVarC024889	ENSP00000338790.6:p.Glu307Lys	RAD51D	ENSG00000185379	PNMA1
pilot3	CCSBORF7201	2	CCSBORF10320	3AT	1	922A>G	605	NC_000017.11:35101017:T:C	CCSBVarC024892	ENSP00000338790.6:p.Met308Val	RAD51D	ENSG00000185379	PNMA1
pilot3	CCSBORF7201	2	CCSBORF10320	3AT	1	983C>T	381	NC_000017.11:35100956:G:A	CCSBVarC024896	ENSP00000338790.6:p.Thr328Ile	RAD51D	ENSG00000185379	PNMA1
pilot3	CCSBORF7201	1	CCSBORF100080871	3AT	1	REF	2350	NULL	NULL	NULL	RAD51D	ENSG00000185379	PRDM6
pilot3	CCSBORF7201	1	CCSBORF100080871	3AT	1	137C>G	389	NC_000017.11:35119117:G:C	CCSBVarC024795	ENSP00000338790.6:p.Ser46Cys	RAD51D	ENSG00000185379	PRDM6
pilot3	CCSBORF7201	1	CCSBORF100080871	3AT	1	163C>T	241	NC_000017.11:35118600:G:A	CCSBVarC024799	ENSP00000338790.6:p.Arg55Trp	RAD51D	ENSG00000185379	PRDM6
pilot3	CCSBORF7201	1	CCSBORF100080871	3AT	1	167T>G	1516	NC_000017.11:35118596:A:C	CCSBVarC024801	ENSP00000338790.6:p.Val56Gly	RAD51D	ENSG00000185379	PRDM6
pilot3	CCSBORF7201	1	CCSBORF100080871	3AT	1	196G>A	2828	NC_000017.11:35118567:C:T	CCSBVarC024804	ENSP00000338790.6:p.Val66Met	RAD51D	ENSG00000185379	PRDM6
pilot3	CCSBORF7201	1	CCSBORF100080871	3AT	1	196G>T	1536	NC_000017.11:35118567:C:A	CCSBVarC024807	ENSP00000338790.6:p.Val66Leu	RAD51D	ENSG00000185379	PRDM6
pilot3	CCSBORF7201	1	CCSBORF100080871	3AT	1	26G>C	247	NC_000017.11:35119587:C:G	CCSBVarC024707	ENSP00000338790.6:p.Cys9Ser	RAD51D	ENSG00000185379	PRDM6
pilot3	CCSBORF7201	1	CCSBORF100080871	3AT	1	394G>A	70	NC_000017.11:35107073:C:T	CCSBVarC024822	ENSP00000338790.6:p.Val132Ile	RAD51D	ENSG00000185379	PRDM6
pilot3	CCSBORF7201	1	CCSBORF100080871	3AT	1	412A>C	5047	NC_000017.11:35107055:T:G	CCSBVarC024825	ENSP00000338790.6:p.Asn138His	RAD51D	ENSG00000185379	PRDM6
pilot3	CCSBORF7201	1	CCSBORF100080871	3AT	1	49A>G	2527	NC_000017.11:35119564:T:C	CCSBVarC024709	ENSP00000338790.6:p.Ile17Val	RAD51D	ENSG00000185379	PRDM6
pilot3	CCSBORF7201	1	CCSBORF100080871	3AT	1	68A>G	942	NC_000017.11:35119545:T:C	CCSBVarC024711	ENSP00000338790.6:p.His23Arg	RAD51D	ENSG00000185379	PRDM6
pilot3	CCSBORF7201	1	CCSBORF100080871	3AT	1	80C>A	225	NC_000017.11:35119533:G:T	CCSBVarC024723	ENSP00000338790.6:p.Thr27Lys	RAD51D	ENSG00000185379	PRDM6
pilot3	CCSBORF7201	1	CCSBORF100080871	3AT	1	82G>C	163	NC_000017.11:35119531:C:G	CCSBVarC024750	ENSP00000338790.6:p.Val28Leu	RAD51D	ENSG00000185379	PRDM6
pilot3	CCSBORF7201	1	CCSBORF53942	3AT	1	REF	1950	NULL	NULL	NULL	RAD51D	ENSG00000185379	REL
pilot3	CCSBORF7201	1	CCSBORF53942	3AT	1	137C>G	1073	NC_000017.11:35119117:G:C	CCSBVarC024795	ENSP00000338790.6:p.Ser46Cys	RAD51D	ENSG00000185379	REL
pilot3	CCSBORF7201	1	CCSBORF53942	3AT	1	163C>T	271	NC_000017.11:35118600:G:A	CCSBVarC024799	ENSP00000338790.6:p.Arg55Trp	RAD51D	ENSG00000185379	REL
pilot3	CCSBORF7201	1	CCSBORF53942	3AT	1	167T>G	2087	NC_000017.11:35118596:A:C	CCSBVarC024801	ENSP00000338790.6:p.Val56Gly	RAD51D	ENSG00000185379	REL
pilot3	CCSBORF7201	1	CCSBORF53942	3AT	1	196G>A	3385	NC_000017.11:35118567:C:T	CCSBVarC024804	ENSP00000338790.6:p.Val66Met	RAD51D	ENSG00000185379	REL
pilot3	CCSBORF7201	1	CCSBORF53942	3AT	1	196G>T	1808	NC_000017.11:35118567:C:A	CCSBVarC024807	ENSP00000338790.6:p.Val66Leu	RAD51D	ENSG00000185379	REL
pilot3	CCSBORF7201	1	CCSBORF53942	3AT	1	26G>C	583	NC_000017.11:35119587:C:G	CCSBVarC024707	ENSP00000338790.6:p.Cys9Ser	RAD51D	ENSG00000185379	REL
pilot3	CCSBORF7201	1	CCSBORF53942	3AT	1	394G>A	310	NC_000017.11:35107073:C:T	CCSBVarC024822	ENSP00000338790.6:p.Val132Ile	RAD51D	ENSG00000185379	REL
pilot3	CCSBORF7201	1	CCSBORF53942	3AT	1	412A>C	5924	NC_000017.11:35107055:T:G	CCSBVarC024825	ENSP00000338790.6:p.Asn138His	RAD51D	ENSG00000185379	REL
pilot3	CCSBORF7201	1	CCSBORF53942	3AT	1	49A>G	2076	NC_000017.11:35119564:T:C	CCSBVarC024709	ENSP00000338790.6:p.Ile17Val	RAD51D	ENSG00000185379	REL
pilot3	CCSBORF7201	1	CCSBORF53942	3AT	1	68A>G	1395	NC_000017.11:35119545:T:C	CCSBVarC024711	ENSP00000338790.6:p.His23Arg	RAD51D	ENSG00000185379	REL
pilot3	CCSBORF7201	1	CCSBORF53942	3AT	1	80C>A	385	NC_000017.11:35119533:G:T	CCSBVarC024723	ENSP00000338790.6:p.Thr27Lys	RAD51D	ENSG00000185379	REL
pilot3	CCSBORF7201	1	CCSBORF53942	3AT	1	82G>C	120	NC_000017.11:35119531:C:G	CCSBVarC024750	ENSP00000338790.6:p.Val28Leu	RAD51D	ENSG00000185379	REL
pilot3	CCSBORF7201	1	CCSBORF55625	3AT	1	REF	1937	NULL	NULL	NULL	RAD51D	ENSG00000185379	SORBS3
pilot3	CCSBORF7201	1	CCSBORF55625	3AT	1	137C>G	202	NC_000017.11:35119117:G:C	CCSBVarC024795	ENSP00000338790.6:p.Ser46Cys	RAD51D	ENSG00000185379	SORBS3
pilot3	CCSBORF7201	1	CCSBORF55625	3AT	1	163C>T	285	NC_000017.11:35118600:G:A	CCSBVarC024799	ENSP00000338790.6:p.Arg55Trp	RAD51D	ENSG00000185379	SORBS3
pilot3	CCSBORF7201	1	CCSBORF55625	3AT	1	167T>G	1782	NC_000017.11:35118596:A:C	CCSBVarC024801	ENSP00000338790.6:p.Val56Gly	RAD51D	ENSG00000185379	SORBS3
pilot3	CCSBORF7201	1	CCSBORF55625	3AT	1	196G>A	4987	NC_000017.11:35118567:C:T	CCSBVarC024804	ENSP00000338790.6:p.Val66Met	RAD51D	ENSG00000185379	SORBS3
pilot3	CCSBORF7201	1	CCSBORF55625	3AT	1	196G>T	2470	NC_000017.11:35118567:C:A	CCSBVarC024807	ENSP00000338790.6:p.Val66Leu	RAD51D	ENSG00000185379	SORBS3
pilot3	CCSBORF7201	1	CCSBORF55625	3AT	1	26G>C	227	NC_000017.11:35119587:C:G	CCSBVarC024707	ENSP00000338790.6:p.Cys9Ser	RAD51D	ENSG00000185379	SORBS3
pilot3	CCSBORF7201	1	CCSBORF55625	3AT	1	394G>A	71	NC_000017.11:35107073:C:T	CCSBVarC024822	ENSP00000338790.6:p.Val132Ile	RAD51D	ENSG00000185379	SORBS3
pilot3	CCSBORF7201	1	CCSBORF55625	3AT	1	412A>C	13215	NC_000017.11:35107055:T:G	CCSBVarC024825	ENSP00000338790.6:p.Asn138His	RAD51D	ENSG00000185379	SORBS3
pilot3	CCSBORF7201	1	CCSBORF55625	3AT	1	49A>G	4040	NC_000017.11:35119564:T:C	CCSBVarC024709	ENSP00000338790.6:p.Ile17Val	RAD51D	ENSG00000185379	SORBS3
pilot3	CCSBORF7201	1	CCSBORF55625	3AT	1	68A>G	1779	NC_000017.11:35119545:T:C	CCSBVarC024711	ENSP00000338790.6:p.His23Arg	RAD51D	ENSG00000185379	SORBS3
pilot3	CCSBORF7201	1	CCSBORF55625	3AT	1	80C>A	83	NC_000017.11:35119533:G:T	CCSBVarC024723	ENSP00000338790.6:p.Thr27Lys	RAD51D	ENSG00000185379	SORBS3
pilot3	CCSBORF7201	1	CCSBORF55625	3AT	1	82G>C	43	NC_000017.11:35119531:C:G	CCSBVarC024750	ENSP00000338790.6:p.Val28Leu	RAD51D	ENSG00000185379	SORBS3
pilot3	CCSBORF7201	1	CCSBORF9297	3AT	1	REF	2170	NULL	NULL	NULL	RAD51D	ENSG00000185379	STX11
pilot3	CCSBORF7201	1	CCSBORF9297	3AT	1	137C>G	83	NC_000017.11:35119117:G:C	CCSBVarC024795	ENSP00000338790.6:p.Ser46Cys	RAD51D	ENSG00000185379	STX11
pilot3	CCSBORF7201	1	CCSBORF9297	3AT	1	163C>T	675	NC_000017.11:35118600:G:A	CCSBVarC024799	ENSP00000338790.6:p.Arg55Trp	RAD51D	ENSG00000185379	STX11
pilot3	CCSBORF7201	1	CCSBORF9297	3AT	1	167T>G	6139	NC_000017.11:35118596:A:C	CCSBVarC024801	ENSP00000338790.6:p.Val56Gly	RAD51D	ENSG00000185379	STX11
pilot3	CCSBORF7201	1	CCSBORF9297	3AT	1	196G>A	669	NC_000017.11:35118567:C:T	CCSBVarC024804	ENSP00000338790.6:p.Val66Met	RAD51D	ENSG00000185379	STX11
pilot3	CCSBORF7201	1	CCSBORF9297	3AT	1	196G>T	1169	NC_000017.11:35118567:C:A	CCSBVarC024807	ENSP00000338790.6:p.Val66Leu	RAD51D	ENSG00000185379	STX11
pilot3	CCSBORF7201	1	CCSBORF9297	3AT	1	26G>C	121	NC_000017.11:35119587:C:G	CCSBVarC024707	ENSP00000338790.6:p.Cys9Ser	RAD51D	ENSG00000185379	STX11
pilot3	CCSBORF7201	1	CCSBORF9297	3AT	1	394G>A	21	NC_000017.11:35107073:C:T	CCSBVarC024822	ENSP00000338790.6:p.Val132Ile	RAD51D	ENSG00000185379	STX11
pilot3	CCSBORF7201	1	CCSBORF9297	3AT	1	412A>C	12186	NC_000017.11:35107055:T:G	CCSBVarC024825	ENSP00000338790.6:p.Asn138His	RAD51D	ENSG00000185379	STX11
pilot3	CCSBORF7201	1	CCSBORF9297	3AT	1	49A>G	1623	NC_000017.11:35119564:T:C	CCSBVarC024709	ENSP00000338790.6:p.Ile17Val	RAD51D	ENSG00000185379	STX11
pilot3	CCSBORF7201	1	CCSBORF9297	3AT	1	68A>G	1087	NC_000017.11:35119545:T:C	CCSBVarC024711	ENSP00000338790.6:p.His23Arg	RAD51D	ENSG00000185379	STX11
pilot3	CCSBORF7201	1	CCSBORF9297	3AT	1	80C>A	68	NC_000017.11:35119533:G:T	CCSBVarC024723	ENSP00000338790.6:p.Thr27Lys	RAD51D	ENSG00000185379	STX11
pilot3	CCSBORF7201	1	CCSBORF9297	3AT	1	82G>C	304	NC_000017.11:35119531:C:G	CCSBVarC024750	ENSP00000338790.6:p.Val28Leu	RAD51D	ENSG00000185379	STX11
pilot3	CCSBORF7201	1	CCSBORF56644	3AT	1	REF	1689	NULL	NULL	NULL	RAD51D	ENSG00000185379	TCF4
pilot3	CCSBORF7201	1	CCSBORF56644	3AT	1	137C>G	3818	NC_000017.11:35119117:G:C	CCSBVarC024795	ENSP00000338790.6:p.Ser46Cys	RAD51D	ENSG00000185379	TCF4
pilot3	CCSBORF7201	1	CCSBORF56644	3AT	1	163C>T	56	NC_000017.11:35118600:G:A	CCSBVarC024799	ENSP00000338790.6:p.Arg55Trp	RAD51D	ENSG00000185379	TCF4
pilot3	CCSBORF7201	1	CCSBORF56644	3AT	1	167T>G	1067	NC_000017.11:35118596:A:C	CCSBVarC024801	ENSP00000338790.6:p.Val56Gly	RAD51D	ENSG00000185379	TCF4
pilot3	CCSBORF7201	1	CCSBORF56644	3AT	1	196G>A	1525	NC_000017.11:35118567:C:T	CCSBVarC024804	ENSP00000338790.6:p.Val66Met	RAD51D	ENSG00000185379	TCF4
pilot3	CCSBORF7201	1	CCSBORF56644	3AT	1	196G>T	823	NC_000017.11:35118567:C:A	CCSBVarC024807	ENSP00000338790.6:p.Val66Leu	RAD51D	ENSG00000185379	TCF4
pilot3	CCSBORF7201	1	CCSBORF56644	3AT	1	26G>C	77	NC_000017.11:35119587:C:G	CCSBVarC024707	ENSP00000338790.6:p.Cys9Ser	RAD51D	ENSG00000185379	TCF4
pilot3	CCSBORF7201	1	CCSBORF56644	3AT	1	394G>A	76	NC_000017.11:35107073:C:T	CCSBVarC024822	ENSP00000338790.6:p.Val132Ile	RAD51D	ENSG00000185379	TCF4
pilot3	CCSBORF7201	1	CCSBORF56644	3AT	1	412A>C	5875	NC_000017.11:35107055:T:G	CCSBVarC024825	ENSP00000338790.6:p.Asn138His	RAD51D	ENSG00000185379	TCF4
pilot3	CCSBORF7201	1	CCSBORF56644	3AT	1	49A>G	1175	NC_000017.11:35119564:T:C	CCSBVarC024709	ENSP00000338790.6:p.Ile17Val	RAD51D	ENSG00000185379	TCF4
pilot3	CCSBORF7201	1	CCSBORF56644	3AT	1	68A>G	554	NC_000017.11:35119545:T:C	CCSBVarC024711	ENSP00000338790.6:p.His23Arg	RAD51D	ENSG00000185379	TCF4
pilot3	CCSBORF7201	1	CCSBORF56644	3AT	1	80C>A	70	NC_000017.11:35119533:G:T	CCSBVarC024723	ENSP00000338790.6:p.Thr27Lys	RAD51D	ENSG00000185379	TCF4
pilot3	CCSBORF7201	1	CCSBORF56644	3AT	1	82G>C	32	NC_000017.11:35119531:C:G	CCSBVarC024750	ENSP00000338790.6:p.Val28Leu	RAD51D	ENSG00000185379	TCF4
pilot3	CCSBORF7201	1	CCSBORF4976	3AT	1	REF	1909	NULL	NULL	NULL	RAD51D	ENSG00000185379	TRIM14
pilot3	CCSBORF7201	1	CCSBORF4976	3AT	1	137C>G	17	NC_000017.11:35119117:G:C	CCSBVarC024795	ENSP00000338790.6:p.Ser46Cys	RAD51D	ENSG00000185379	TRIM14
pilot3	CCSBORF7201	1	CCSBORF4976	3AT	1	163C>T	36	NC_000017.11:35118600:G:A	CCSBVarC024799	ENSP00000338790.6:p.Arg55Trp	RAD51D	ENSG00000185379	TRIM14
pilot3	CCSBORF7201	1	CCSBORF4976	3AT	1	167T>G	2498	NC_000017.11:35118596:A:C	CCSBVarC024801	ENSP00000338790.6:p.Val56Gly	RAD51D	ENSG00000185379	TRIM14
pilot3	CCSBORF7201	1	CCSBORF4976	3AT	1	196G>A	2867	NC_000017.11:35118567:C:T	CCSBVarC024804	ENSP00000338790.6:p.Val66Met	RAD51D	ENSG00000185379	TRIM14
pilot3	CCSBORF7201	1	CCSBORF4976	3AT	1	196G>T	1822	NC_000017.11:35118567:C:A	CCSBVarC024807	ENSP00000338790.6:p.Val66Leu	RAD51D	ENSG00000185379	TRIM14
pilot3	CCSBORF7201	1	CCSBORF4976	3AT	1	26G>C	101	NC_000017.11:35119587:C:G	CCSBVarC024707	ENSP00000338790.6:p.Cys9Ser	RAD51D	ENSG00000185379	TRIM14
pilot3	CCSBORF7201	1	CCSBORF4976	3AT	1	394G>A	27	NC_000017.11:35107073:C:T	CCSBVarC024822	ENSP00000338790.6:p.Val132Ile	RAD51D	ENSG00000185379	TRIM14
pilot3	CCSBORF7201	1	CCSBORF4976	3AT	1	412A>C	9794	NC_000017.11:35107055:T:G	CCSBVarC024825	ENSP00000338790.6:p.Asn138His	RAD51D	ENSG00000185379	TRIM14
pilot3	CCSBORF7201	1	CCSBORF4976	3AT	1	49A>G	3139	NC_000017.11:35119564:T:C	CCSBVarC024709	ENSP00000338790.6:p.Ile17Val	RAD51D	ENSG00000185379	TRIM14
pilot3	CCSBORF7201	1	CCSBORF4976	3AT	1	68A>G	821	NC_000017.11:35119545:T:C	CCSBVarC024711	ENSP00000338790.6:p.His23Arg	RAD51D	ENSG00000185379	TRIM14
pilot3	CCSBORF7201	1	CCSBORF4976	3AT	1	80C>A	114	NC_000017.11:35119533:G:T	CCSBVarC024723	ENSP00000338790.6:p.Thr27Lys	RAD51D	ENSG00000185379	TRIM14
pilot3	CCSBORF7201	1	CCSBORF4976	3AT	1	82G>C	41	NC_000017.11:35119531:C:G	CCSBVarC024750	ENSP00000338790.6:p.Val28Leu	RAD51D	ENSG00000185379	TRIM14
pilot3	CCSBORF7201	1	CCSBORF13571	3AT	1	REF	1388	NULL	NULL	NULL	RAD51D	ENSG00000185379	XRCC2
pilot3	CCSBORF7201	1	CCSBORF13571	3AT	1	137C>G	1139	NC_000017.11:35119117:G:C	CCSBVarC024795	ENSP00000338790.6:p.Ser46Cys	RAD51D	ENSG00000185379	XRCC2
pilot3	CCSBORF7201	1	CCSBORF13571	3AT	1	163C>T	2098	NC_000017.11:35118600:G:A	CCSBVarC024799	ENSP00000338790.6:p.Arg55Trp	RAD51D	ENSG00000185379	XRCC2
pilot3	CCSBORF7201	1	CCSBORF13571	3AT	1	167T>G	1887	NC_000017.11:35118596:A:C	CCSBVarC024801	ENSP00000338790.6:p.Val56Gly	RAD51D	ENSG00000185379	XRCC2
pilot3	CCSBORF7201	1	CCSBORF13571	3AT	1	196G>A	7707	NC_000017.11:35118567:C:T	CCSBVarC024804	ENSP00000338790.6:p.Val66Met	RAD51D	ENSG00000185379	XRCC2
pilot3	CCSBORF7201	1	CCSBORF13571	3AT	1	196G>T	1984	NC_000017.11:35118567:C:A	CCSBVarC024807	ENSP00000338790.6:p.Val66Leu	RAD51D	ENSG00000185379	XRCC2
pilot3	CCSBORF7201	1	CCSBORF13571	3AT	1	26G>C	987	NC_000017.11:35119587:C:G	CCSBVarC024707	ENSP00000338790.6:p.Cys9Ser	RAD51D	ENSG00000185379	XRCC2
pilot3	CCSBORF7201	1	CCSBORF13571	3AT	1	394G>A	1224	NC_000017.11:35107073:C:T	CCSBVarC024822	ENSP00000338790.6:p.Val132Ile	RAD51D	ENSG00000185379	XRCC2
pilot3	CCSBORF7201	1	CCSBORF13571	3AT	1	412A>C	2676	NC_000017.11:35107055:T:G	CCSBVarC024825	ENSP00000338790.6:p.Asn138His	RAD51D	ENSG00000185379	XRCC2
pilot3	CCSBORF7201	1	CCSBORF13571	3AT	1	49A>G	1980	NC_000017.11:35119564:T:C	CCSBVarC024709	ENSP00000338790.6:p.Ile17Val	RAD51D	ENSG00000185379	XRCC2
pilot3	CCSBORF7201	1	CCSBORF13571	3AT	1	68A>G	1155	NC_000017.11:35119545:T:C	CCSBVarC024711	ENSP00000338790.6:p.His23Arg	RAD51D	ENSG00000185379	XRCC2
pilot3	CCSBORF7201	1	CCSBORF13571	3AT	1	80C>A	590	NC_000017.11:35119533:G:T	CCSBVarC024723	ENSP00000338790.6:p.Thr27Lys	RAD51D	ENSG00000185379	XRCC2
pilot3	CCSBORF7201	1	CCSBORF13571	3AT	1	82G>C	426	NC_000017.11:35119531:C:G	CCSBVarC024750	ENSP00000338790.6:p.Val28Leu	RAD51D	ENSG00000185379	XRCC2
pilot3	CCSBORF7201	1	CCSBORF0	3AT	1	REF	250	NULL	NULL	NULL	RAD51D	ENSG00000185379	empty_AD
pilot3	CCSBORF7201	1	CCSBORF0	3AT	1	137C>G	389	NC_000017.11:35119117:G:C	CCSBVarC024795	ENSP00000338790.6:p.Ser46Cys	RAD51D	ENSG00000185379	empty_AD
pilot3	CCSBORF7201	1	CCSBORF0	3AT	1	163C>T	5	NC_000017.11:35118600:G:A	CCSBVarC024799	ENSP00000338790.6:p.Arg55Trp	RAD51D	ENSG00000185379	empty_AD
pilot3	CCSBORF7201	1	CCSBORF0	3AT	1	167T>G	336	NC_000017.11:35118596:A:C	CCSBVarC024801	ENSP00000338790.6:p.Val56Gly	RAD51D	ENSG00000185379	empty_AD
pilot3	CCSBORF7201	1	CCSBORF0	3AT	1	196G>A	1339	NC_000017.11:35118567:C:T	CCSBVarC024804	ENSP00000338790.6:p.Val66Met	RAD51D	ENSG00000185379	empty_AD
pilot3	CCSBORF7201	1	CCSBORF0	3AT	1	196G>T	485	NC_000017.11:35118567:C:A	CCSBVarC024807	ENSP00000338790.6:p.Val66Leu	RAD51D	ENSG00000185379	empty_AD
pilot3	CCSBORF7201	1	CCSBORF0	3AT	1	26G>C	307	NC_000017.11:35119587:C:G	CCSBVarC024707	ENSP00000338790.6:p.Cys9Ser	RAD51D	ENSG00000185379	empty_AD
pilot3	CCSBORF7201	1	CCSBORF0	3AT	1	394G>A	520	NC_000017.11:35107073:C:T	CCSBVarC024822	ENSP00000338790.6:p.Val132Ile	RAD51D	ENSG00000185379	empty_AD
pilot3	CCSBORF7201	1	CCSBORF0	3AT	1	412A>C	1213	NC_000017.11:35107055:T:G	CCSBVarC024825	ENSP00000338790.6:p.Asn138His	RAD51D	ENSG00000185379	empty_AD
pilot3	CCSBORF7201	1	CCSBORF0	3AT	1	49A>G	814	NC_000017.11:35119564:T:C	CCSBVarC024709	ENSP00000338790.6:p.Ile17Val	RAD51D	ENSG00000185379	empty_AD
pilot3	CCSBORF7201	1	CCSBORF0	3AT	1	68A>G	353	NC_000017.11:35119545:T:C	CCSBVarC024711	ENSP00000338790.6:p.His23Arg	RAD51D	ENSG00000185379	empty_AD
pilot3	CCSBORF7201	1	CCSBORF0	3AT	1	80C>A	193	NC_000017.11:35119533:G:T	CCSBVarC024723	ENSP00000338790.6:p.Thr27Lys	RAD51D	ENSG00000185379	empty_AD
pilot3	CCSBORF7201	1	CCSBORF0	3AT	1	82G>C	310	NC_000017.11:35119531:C:G	CCSBVarC024750	ENSP00000338790.6:p.Val28Leu	RAD51D	ENSG00000185379	empty_AD
pilot3	CCSBORF7201	2	CCSBORF100080871	3AT	1	REF	1572	NULL	NULL	NULL	RAD51D	ENSG00000185379	PRDM6
pilot3	CCSBORF7201	2	CCSBORF100080871	3AT	1	493C>T	12	NC_000017.11:35106468:G:A	CCSBVarC024828	ENSP00000338790.6:p.Arg165Trp	RAD51D	ENSG00000185379	PRDM6
pilot3	CCSBORF7201	2	CCSBORF100080871	3AT	1	494G>A	251	NC_000017.11:35106467:C:T	CCSBVarC002917	ENSP00000338790.6:p.Arg165Gln	RAD51D	ENSG00000185379	PRDM6
pilot3	CCSBORF7201	2	CCSBORF100080871	3AT	1	691G>T	1903	NC_000017.11:35103300:C:A	CCSBVarC024850	ENSP00000338790.6:p.Ala231Ser	RAD51D	ENSG00000185379	PRDM6
pilot3	CCSBORF7201	2	CCSBORF100080871	3AT	1	698A>G	16	NC_000017.11:35103293:T:C	CCSBVarC001140	ENSP00000338790.6:p.Glu233Gly	RAD51D	ENSG00000185379	PRDM6
pilot3	CCSBORF7201	2	CCSBORF100080871	3AT	1	751A>G	2923	NC_000017.11:35101352:T:C	CCSBVarC024857	ENSP00000338790.6:p.Ile251Val	RAD51D	ENSG00000185379	PRDM6
pilot3	CCSBORF7201	2	CCSBORF100080871	3AT	1	865G>A	2917	NC_000017.11:35101238:C:T	CCSBVarC024877	ENSP00000338790.6:p.Gly289Ser	RAD51D	ENSG00000185379	PRDM6
pilot3	CCSBORF7201	2	CCSBORF100080871	3AT	1	869G>A	1794	NC_000017.11:35101234:C:T	CCSBVarC024880	ENSP00000338790.6:p.Arg290Gln	RAD51D	ENSG00000185379	PRDM6
pilot3	CCSBORF7201	2	CCSBORF100080871	3AT	1	915C>G	5646	NC_000017.11:35101024:G:C	CCSBVarC024886	ENSP00000338790.6:p.Phe305Leu	RAD51D	ENSG00000185379	PRDM6
pilot3	CCSBORF7201	2	CCSBORF100080871	3AT	1	919G>A	165	NC_000017.11:35101020:C:T	CCSBVarC024889	ENSP00000338790.6:p.Glu307Lys	RAD51D	ENSG00000185379	PRDM6
pilot3	CCSBORF7201	2	CCSBORF100080871	3AT	1	922A>G	1320	NC_000017.11:35101017:T:C	CCSBVarC024892	ENSP00000338790.6:p.Met308Val	RAD51D	ENSG00000185379	PRDM6
pilot3	CCSBORF7201	2	CCSBORF100080871	3AT	1	983C>T	693	NC_000017.11:35100956:G:A	CCSBVarC024896	ENSP00000338790.6:p.Thr328Ile	RAD51D	ENSG00000185379	PRDM6
pilot3	CCSBORF7201	2	CCSBORF53942	3AT	1	REF	1168	NULL	NULL	NULL	RAD51D	ENSG00000185379	REL
pilot3	CCSBORF7201	2	CCSBORF53942	3AT	1	493C>T	7	NC_000017.11:35106468:G:A	CCSBVarC024828	ENSP00000338790.6:p.Arg165Trp	RAD51D	ENSG00000185379	REL
pilot3	CCSBORF7201	2	CCSBORF53942	3AT	1	494G>A	147	NC_000017.11:35106467:C:T	CCSBVarC002917	ENSP00000338790.6:p.Arg165Gln	RAD51D	ENSG00000185379	REL
pilot3	CCSBORF7201	2	CCSBORF53942	3AT	1	691G>T	796	NC_000017.11:35103300:C:A	CCSBVarC024850	ENSP00000338790.6:p.Ala231Ser	RAD51D	ENSG00000185379	REL
pilot3	CCSBORF7201	2	CCSBORF53942	3AT	1	698A>G	17	NC_000017.11:35103293:T:C	CCSBVarC001140	ENSP00000338790.6:p.Glu233Gly	RAD51D	ENSG00000185379	REL
pilot3	CCSBORF7201	2	CCSBORF53942	3AT	1	751A>G	1857	NC_000017.11:35101352:T:C	CCSBVarC024857	ENSP00000338790.6:p.Ile251Val	RAD51D	ENSG00000185379	REL
pilot3	CCSBORF7201	2	CCSBORF53942	3AT	1	865G>A	2650	NC_000017.11:35101238:C:T	CCSBVarC024877	ENSP00000338790.6:p.Gly289Ser	RAD51D	ENSG00000185379	REL
pilot3	CCSBORF7201	2	CCSBORF53942	3AT	1	869G>A	1930	NC_000017.11:35101234:C:T	CCSBVarC024880	ENSP00000338790.6:p.Arg290Gln	RAD51D	ENSG00000185379	REL
pilot3	CCSBORF7201	2	CCSBORF53942	3AT	1	915C>G	4817	NC_000017.11:35101024:G:C	CCSBVarC024886	ENSP00000338790.6:p.Phe305Leu	RAD51D	ENSG00000185379	REL
pilot3	CCSBORF7201	2	CCSBORF53942	3AT	1	919G>A	266	NC_000017.11:35101020:C:T	CCSBVarC024889	ENSP00000338790.6:p.Glu307Lys	RAD51D	ENSG00000185379	REL
pilot3	CCSBORF7201	2	CCSBORF53942	3AT	1	922A>G	2094	NC_000017.11:35101017:T:C	CCSBVarC024892	ENSP00000338790.6:p.Met308Val	RAD51D	ENSG00000185379	REL
pilot3	CCSBORF7201	2	CCSBORF53942	3AT	1	983C>T	457	NC_000017.11:35100956:G:A	CCSBVarC024896	ENSP00000338790.6:p.Thr328Ile	RAD51D	ENSG00000185379	REL
pilot3	CCSBORF7201	2	CCSBORF55625	3AT	1	REF	930	NULL	NULL	NULL	RAD51D	ENSG00000185379	SORBS3
pilot3	CCSBORF7201	2	CCSBORF55625	3AT	1	493C>T	22	NC_000017.11:35106468:G:A	CCSBVarC024828	ENSP00000338790.6:p.Arg165Trp	RAD51D	ENSG00000185379	SORBS3
pilot3	CCSBORF7201	2	CCSBORF55625	3AT	1	494G>A	98	NC_000017.11:35106467:C:T	CCSBVarC002917	ENSP00000338790.6:p.Arg165Gln	RAD51D	ENSG00000185379	SORBS3
pilot3	CCSBORF7201	2	CCSBORF55625	3AT	1	691G>T	544	NC_000017.11:35103300:C:A	CCSBVarC024850	ENSP00000338790.6:p.Ala231Ser	RAD51D	ENSG00000185379	SORBS3
pilot3	CCSBORF7201	2	CCSBORF55625	3AT	1	698A>G	0	NC_000017.11:35103293:T:C	CCSBVarC001140	ENSP00000338790.6:p.Glu233Gly	RAD51D	ENSG00000185379	SORBS3
pilot3	CCSBORF7201	2	CCSBORF55625	3AT	1	751A>G	1703	NC_000017.11:35101352:T:C	CCSBVarC024857	ENSP00000338790.6:p.Ile251Val	RAD51D	ENSG00000185379	SORBS3
pilot3	CCSBORF7201	2	CCSBORF55625	3AT	1	865G>A	1290	NC_000017.11:35101238:C:T	CCSBVarC024877	ENSP00000338790.6:p.Gly289Ser	RAD51D	ENSG00000185379	SORBS3
pilot3	CCSBORF7201	2	CCSBORF55625	3AT	1	869G>A	1403	NC_000017.11:35101234:C:T	CCSBVarC024880	ENSP00000338790.6:p.Arg290Gln	RAD51D	ENSG00000185379	SORBS3
pilot3	CCSBORF7201	2	CCSBORF55625	3AT	1	915C>G	7086	NC_000017.11:35101024:G:C	CCSBVarC024886	ENSP00000338790.6:p.Phe305Leu	RAD51D	ENSG00000185379	SORBS3
pilot3	CCSBORF7201	2	CCSBORF55625	3AT	1	919G>A	45	NC_000017.11:35101020:C:T	CCSBVarC024889	ENSP00000338790.6:p.Glu307Lys	RAD51D	ENSG00000185379	SORBS3
pilot3	CCSBORF7201	2	CCSBORF55625	3AT	1	922A>G	1538	NC_000017.11:35101017:T:C	CCSBVarC024892	ENSP00000338790.6:p.Met308Val	RAD51D	ENSG00000185379	SORBS3
pilot3	CCSBORF7201	2	CCSBORF55625	3AT	1	983C>T	163	NC_000017.11:35100956:G:A	CCSBVarC024896	ENSP00000338790.6:p.Thr328Ile	RAD51D	ENSG00000185379	SORBS3
pilot3	CCSBORF7201	2	CCSBORF9297	3AT	1	REF	1268	NULL	NULL	NULL	RAD51D	ENSG00000185379	STX11
pilot3	CCSBORF7201	2	CCSBORF9297	3AT	1	493C>T	4	NC_000017.11:35106468:G:A	CCSBVarC024828	ENSP00000338790.6:p.Arg165Trp	RAD51D	ENSG00000185379	STX11
pilot3	CCSBORF7201	2	CCSBORF9297	3AT	1	494G>A	286	NC_000017.11:35106467:C:T	CCSBVarC002917	ENSP00000338790.6:p.Arg165Gln	RAD51D	ENSG00000185379	STX11
pilot3	CCSBORF7201	2	CCSBORF9297	3AT	1	691G>T	1387	NC_000017.11:35103300:C:A	CCSBVarC024850	ENSP00000338790.6:p.Ala231Ser	RAD51D	ENSG00000185379	STX11
pilot3	CCSBORF7201	2	CCSBORF9297	3AT	1	698A>G	4	NC_000017.11:35103293:T:C	CCSBVarC001140	ENSP00000338790.6:p.Glu233Gly	RAD51D	ENSG00000185379	STX11
pilot3	CCSBORF7201	2	CCSBORF9297	3AT	1	751A>G	6288	NC_000017.11:35101352:T:C	CCSBVarC024857	ENSP00000338790.6:p.Ile251Val	RAD51D	ENSG00000185379	STX11
pilot3	CCSBORF7201	2	CCSBORF9297	3AT	1	865G>A	1531	NC_000017.11:35101238:C:T	CCSBVarC024877	ENSP00000338790.6:p.Gly289Ser	RAD51D	ENSG00000185379	STX11
pilot3	CCSBORF7201	2	CCSBORF9297	3AT	1	869G>A	1231	NC_000017.11:35101234:C:T	CCSBVarC024880	ENSP00000338790.6:p.Arg290Gln	RAD51D	ENSG00000185379	STX11
pilot3	CCSBORF7201	2	CCSBORF9297	3AT	1	915C>G	18781	NC_000017.11:35101024:G:C	CCSBVarC024886	ENSP00000338790.6:p.Phe305Leu	RAD51D	ENSG00000185379	STX11
pilot3	CCSBORF7201	2	CCSBORF9297	3AT	1	919G>A	6	NC_000017.11:35101020:C:T	CCSBVarC024889	ENSP00000338790.6:p.Glu307Lys	RAD51D	ENSG00000185379	STX11
pilot3	CCSBORF7201	2	CCSBORF9297	3AT	1	922A>G	2153	NC_000017.11:35101017:T:C	CCSBVarC024892	ENSP00000338790.6:p.Met308Val	RAD51D	ENSG00000185379	STX11
pilot3	CCSBORF7201	2	CCSBORF9297	3AT	1	983C>T	114	NC_000017.11:35100956:G:A	CCSBVarC024896	ENSP00000338790.6:p.Thr328Ile	RAD51D	ENSG00000185379	STX11
pilot3	CCSBORF7201	2	CCSBORF56644	3AT	1	REF	3	NULL	NULL	NULL	RAD51D	ENSG00000185379	TCF4
pilot3	CCSBORF7201	2	CCSBORF56644	3AT	1	493C>T	0	NC_000017.11:35106468:G:A	CCSBVarC024828	ENSP00000338790.6:p.Arg165Trp	RAD51D	ENSG00000185379	TCF4
pilot3	CCSBORF7201	2	CCSBORF56644	3AT	1	494G>A	0	NC_000017.11:35106467:C:T	CCSBVarC002917	ENSP00000338790.6:p.Arg165Gln	RAD51D	ENSG00000185379	TCF4
pilot3	CCSBORF7201	2	CCSBORF56644	3AT	1	691G>T	1	NC_000017.11:35103300:C:A	CCSBVarC024850	ENSP00000338790.6:p.Ala231Ser	RAD51D	ENSG00000185379	TCF4
pilot3	CCSBORF7201	2	CCSBORF56644	3AT	1	698A>G	1	NC_000017.11:35103293:T:C	CCSBVarC001140	ENSP00000338790.6:p.Glu233Gly	RAD51D	ENSG00000185379	TCF4
pilot3	CCSBORF7201	2	CCSBORF56644	3AT	1	751A>G	6	NC_000017.11:35101352:T:C	CCSBVarC024857	ENSP00000338790.6:p.Ile251Val	RAD51D	ENSG00000185379	TCF4
pilot3	CCSBORF7201	2	CCSBORF56644	3AT	1	865G>A	5	NC_000017.11:35101238:C:T	CCSBVarC024877	ENSP00000338790.6:p.Gly289Ser	RAD51D	ENSG00000185379	TCF4
pilot3	CCSBORF7201	2	CCSBORF56644	3AT	1	869G>A	2	NC_000017.11:35101234:C:T	CCSBVarC024880	ENSP00000338790.6:p.Arg290Gln	RAD51D	ENSG00000185379	TCF4
pilot3	CCSBORF7201	2	CCSBORF56644	3AT	1	915C>G	16	NC_000017.11:35101024:G:C	CCSBVarC024886	ENSP00000338790.6:p.Phe305Leu	RAD51D	ENSG00000185379	TCF4
pilot3	CCSBORF7201	2	CCSBORF56644	3AT	1	919G>A	1	NC_000017.11:35101020:C:T	CCSBVarC024889	ENSP00000338790.6:p.Glu307Lys	RAD51D	ENSG00000185379	TCF4
pilot3	CCSBORF7201	2	CCSBORF56644	3AT	1	922A>G	2	NC_000017.11:35101017:T:C	CCSBVarC024892	ENSP00000338790.6:p.Met308Val	RAD51D	ENSG00000185379	TCF4
pilot3	CCSBORF7201	2	CCSBORF56644	3AT	1	983C>T	2	NC_000017.11:35100956:G:A	CCSBVarC024896	ENSP00000338790.6:p.Thr328Ile	RAD51D	ENSG00000185379	TCF4
pilot3	CCSBORF7201	2	CCSBORF4976	3AT	1	REF	832	NULL	NULL	NULL	RAD51D	ENSG00000185379	TRIM14
pilot3	CCSBORF7201	2	CCSBORF4976	3AT	1	493C>T	14	NC_000017.11:35106468:G:A	CCSBVarC024828	ENSP00000338790.6:p.Arg165Trp	RAD51D	ENSG00000185379	TRIM14
pilot3	CCSBORF7201	2	CCSBORF4976	3AT	1	494G>A	150	NC_000017.11:35106467:C:T	CCSBVarC002917	ENSP00000338790.6:p.Arg165Gln	RAD51D	ENSG00000185379	TRIM14
pilot3	CCSBORF7201	2	CCSBORF4976	3AT	1	691G>T	561	NC_000017.11:35103300:C:A	CCSBVarC024850	ENSP00000338790.6:p.Ala231Ser	RAD51D	ENSG00000185379	TRIM14
pilot3	CCSBORF7201	2	CCSBORF4976	3AT	1	698A>G	17	NC_000017.11:35103293:T:C	CCSBVarC001140	ENSP00000338790.6:p.Glu233Gly	RAD51D	ENSG00000185379	TRIM14
pilot3	CCSBORF7201	2	CCSBORF4976	3AT	1	751A>G	1569	NC_000017.11:35101352:T:C	CCSBVarC024857	ENSP00000338790.6:p.Ile251Val	RAD51D	ENSG00000185379	TRIM14
pilot3	CCSBORF7201	2	CCSBORF4976	3AT	1	865G>A	1275	NC_000017.11:35101238:C:T	CCSBVarC024877	ENSP00000338790.6:p.Gly289Ser	RAD51D	ENSG00000185379	TRIM14
pilot3	CCSBORF7201	2	CCSBORF4976	3AT	1	869G>A	765	NC_000017.11:35101234:C:T	CCSBVarC024880	ENSP00000338790.6:p.Arg290Gln	RAD51D	ENSG00000185379	TRIM14
pilot3	CCSBORF7201	2	CCSBORF4976	3AT	1	915C>G	9134	NC_000017.11:35101024:G:C	CCSBVarC024886	ENSP00000338790.6:p.Phe305Leu	RAD51D	ENSG00000185379	TRIM14
pilot3	CCSBORF7201	2	CCSBORF4976	3AT	1	919G>A	59	NC_000017.11:35101020:C:T	CCSBVarC024889	ENSP00000338790.6:p.Glu307Lys	RAD51D	ENSG00000185379	TRIM14
pilot3	CCSBORF7201	2	CCSBORF4976	3AT	1	922A>G	1047	NC_000017.11:35101017:T:C	CCSBVarC024892	ENSP00000338790.6:p.Met308Val	RAD51D	ENSG00000185379	TRIM14
pilot3	CCSBORF7201	2	CCSBORF4976	3AT	1	983C>T	202	NC_000017.11:35100956:G:A	CCSBVarC024896	ENSP00000338790.6:p.Thr328Ile	RAD51D	ENSG00000185379	TRIM14
pilot3	CCSBORF7201	2	CCSBORF13571	3AT	1	REF	1322	NULL	NULL	NULL	RAD51D	ENSG00000185379	XRCC2
pilot3	CCSBORF7201	2	CCSBORF13571	3AT	1	493C>T	295	NC_000017.11:35106468:G:A	CCSBVarC024828	ENSP00000338790.6:p.Arg165Trp	RAD51D	ENSG00000185379	XRCC2
pilot3	CCSBORF7201	2	CCSBORF13571	3AT	1	494G>A	152	NC_000017.11:35106467:C:T	CCSBVarC002917	ENSP00000338790.6:p.Arg165Gln	RAD51D	ENSG00000185379	XRCC2
pilot3	CCSBORF7201	2	CCSBORF13571	3AT	1	691G>T	753	NC_000017.11:35103300:C:A	CCSBVarC024850	ENSP00000338790.6:p.Ala231Ser	RAD51D	ENSG00000185379	XRCC2
pilot3	CCSBORF7201	2	CCSBORF13571	3AT	1	698A>G	34	NC_000017.11:35103293:T:C	CCSBVarC001140	ENSP00000338790.6:p.Glu233Gly	RAD51D	ENSG00000185379	XRCC2
pilot3	CCSBORF7201	2	CCSBORF13571	3AT	1	751A>G	2239	NC_000017.11:35101352:T:C	CCSBVarC024857	ENSP00000338790.6:p.Ile251Val	RAD51D	ENSG00000185379	XRCC2
pilot3	CCSBORF7201	2	CCSBORF13571	3AT	1	865G>A	2671	NC_000017.11:35101238:C:T	CCSBVarC024877	ENSP00000338790.6:p.Gly289Ser	RAD51D	ENSG00000185379	XRCC2
pilot3	CCSBORF7201	2	CCSBORF13571	3AT	1	869G>A	1818	NC_000017.11:35101234:C:T	CCSBVarC024880	ENSP00000338790.6:p.Arg290Gln	RAD51D	ENSG00000185379	XRCC2
pilot3	CCSBORF7201	2	CCSBORF13571	3AT	1	915C>G	2204	NC_000017.11:35101024:G:C	CCSBVarC024886	ENSP00000338790.6:p.Phe305Leu	RAD51D	ENSG00000185379	XRCC2
pilot3	CCSBORF7201	2	CCSBORF13571	3AT	1	919G>A	1082	NC_000017.11:35101020:C:T	CCSBVarC024889	ENSP00000338790.6:p.Glu307Lys	RAD51D	ENSG00000185379	XRCC2
pilot3	CCSBORF7201	2	CCSBORF13571	3AT	1	922A>G	1748	NC_000017.11:35101017:T:C	CCSBVarC024892	ENSP00000338790.6:p.Met308Val	RAD51D	ENSG00000185379	XRCC2
pilot3	CCSBORF7201	2	CCSBORF13571	3AT	1	983C>T	1013	NC_000017.11:35100956:G:A	CCSBVarC024896	ENSP00000338790.6:p.Thr328Ile	RAD51D	ENSG00000185379	XRCC2
pilot3	CCSBORF7201	2	CCSBORF0	3AT	1	REF	11	NULL	NULL	NULL	RAD51D	ENSG00000185379	empty_AD
pilot3	CCSBORF7201	2	CCSBORF0	3AT	1	493C>T	110	NC_000017.11:35106468:G:A	CCSBVarC024828	ENSP00000338790.6:p.Arg165Trp	RAD51D	ENSG00000185379	empty_AD
pilot3	CCSBORF7201	2	CCSBORF0	3AT	1	494G>A	0	NC_000017.11:35106467:C:T	CCSBVarC002917	ENSP00000338790.6:p.Arg165Gln	RAD51D	ENSG00000185379	empty_AD
pilot3	CCSBORF7201	2	CCSBORF0	3AT	1	691G>T	97	NC_000017.11:35103300:C:A	CCSBVarC024850	ENSP00000338790.6:p.Ala231Ser	RAD51D	ENSG00000185379	empty_AD
pilot3	CCSBORF7201	2	CCSBORF0	3AT	1	698A>G	0	NC_000017.11:35103293:T:C	CCSBVarC001140	ENSP00000338790.6:p.Glu233Gly	RAD51D	ENSG00000185379	empty_AD
pilot3	CCSBORF7201	2	CCSBORF0	3AT	1	751A>G	397	NC_000017.11:35101352:T:C	CCSBVarC024857	ENSP00000338790.6:p.Ile251Val	RAD51D	ENSG00000185379	empty_AD
pilot3	CCSBORF7201	2	CCSBORF0	3AT	1	865G>A	124	NC_000017.11:35101238:C:T	CCSBVarC024877	ENSP00000338790.6:p.Gly289Ser	RAD51D	ENSG00000185379	empty_AD
pilot3	CCSBORF7201	2	CCSBORF0	3AT	1	869G>A	279	NC_000017.11:35101234:C:T	CCSBVarC024880	ENSP00000338790.6:p.Arg290Gln	RAD51D	ENSG00000185379	empty_AD
pilot3	CCSBORF7201	2	CCSBORF0	3AT	1	915C>G	927	NC_000017.11:35101024:G:C	CCSBVarC024886	ENSP00000338790.6:p.Phe305Leu	RAD51D	ENSG00000185379	empty_AD
pilot3	CCSBORF7201	2	CCSBORF0	3AT	1	919G>A	42	NC_000017.11:35101020:C:T	CCSBVarC024889	ENSP00000338790.6:p.Glu307Lys	RAD51D	ENSG00000185379	empty_AD
pilot3	CCSBORF7201	2	CCSBORF0	3AT	1	922A>G	23	NC_000017.11:35101017:T:C	CCSBVarC024892	ENSP00000338790.6:p.Met308Val	RAD51D	ENSG00000185379	empty_AD
pilot3	CCSBORF7201	2	CCSBORF0	3AT	1	983C>T	189	NC_000017.11:35100956:G:A	CCSBVarC024896	ENSP00000338790.6:p.Thr328Ile	RAD51D	ENSG00000185379	empty_AD
pilot3	CCSBORF7201	1	CCSBORF100080871	3AT	2	REF	672	NULL	NULL	NULL	RAD51D	ENSG00000185379	PRDM6
pilot3	CCSBORF7201	1	CCSBORF100080871	3AT	2	137C>G	91	NC_000017.11:35119117:G:C	CCSBVarC024795	ENSP00000338790.6:p.Ser46Cys	RAD51D	ENSG00000185379	PRDM6
pilot3	CCSBORF7201	1	CCSBORF100080871	3AT	2	163C>T	159	NC_000017.11:35118600:G:A	CCSBVarC024799	ENSP00000338790.6:p.Arg55Trp	RAD51D	ENSG00000185379	PRDM6
pilot3	CCSBORF7201	1	CCSBORF100080871	3AT	2	167T>G	789	NC_000017.11:35118596:A:C	CCSBVarC024801	ENSP00000338790.6:p.Val56Gly	RAD51D	ENSG00000185379	PRDM6
pilot3	CCSBORF7201	1	CCSBORF100080871	3AT	2	196G>A	1433	NC_000017.11:35118567:C:T	CCSBVarC024804	ENSP00000338790.6:p.Val66Met	RAD51D	ENSG00000185379	PRDM6
pilot3	CCSBORF7201	1	CCSBORF100080871	3AT	2	196G>T	649	NC_000017.11:35118567:C:A	CCSBVarC024807	ENSP00000338790.6:p.Val66Leu	RAD51D	ENSG00000185379	PRDM6
pilot3	CCSBORF7201	1	CCSBORF100080871	3AT	2	26G>C	113	NC_000017.11:35119587:C:G	CCSBVarC024707	ENSP00000338790.6:p.Cys9Ser	RAD51D	ENSG00000185379	PRDM6
pilot3	CCSBORF7201	1	CCSBORF100080871	3AT	2	394G>A	23	NC_000017.11:35107073:C:T	CCSBVarC024822	ENSP00000338790.6:p.Val132Ile	RAD51D	ENSG00000185379	PRDM6
pilot3	CCSBORF7201	1	CCSBORF100080871	3AT	2	412A>C	4975	NC_000017.11:35107055:T:G	CCSBVarC024825	ENSP00000338790.6:p.Asn138His	RAD51D	ENSG00000185379	PRDM6
pilot3	CCSBORF7201	1	CCSBORF100080871	3AT	2	49A>G	1370	NC_000017.11:35119564:T:C	CCSBVarC024709	ENSP00000338790.6:p.Ile17Val	RAD51D	ENSG00000185379	PRDM6
pilot3	CCSBORF7201	1	CCSBORF100080871	3AT	2	68A>G	463	NC_000017.11:35119545:T:C	CCSBVarC024711	ENSP00000338790.6:p.His23Arg	RAD51D	ENSG00000185379	PRDM6
pilot3	CCSBORF7201	1	CCSBORF100080871	3AT	2	80C>A	71	NC_000017.11:35119533:G:T	CCSBVarC024723	ENSP00000338790.6:p.Thr27Lys	RAD51D	ENSG00000185379	PRDM6
pilot3	CCSBORF7201	1	CCSBORF100080871	3AT	2	82G>C	35	NC_000017.11:35119531:C:G	CCSBVarC024750	ENSP00000338790.6:p.Val28Leu	RAD51D	ENSG00000185379	PRDM6
pilot3	CCSBORF7201	1	CCSBORF53942	3AT	2	REF	991	NULL	NULL	NULL	RAD51D	ENSG00000185379	REL
pilot3	CCSBORF7201	1	CCSBORF53942	3AT	2	137C>G	625	NC_000017.11:35119117:G:C	CCSBVarC024795	ENSP00000338790.6:p.Ser46Cys	RAD51D	ENSG00000185379	REL
pilot3	CCSBORF7201	1	CCSBORF53942	3AT	2	163C>T	95	NC_000017.11:35118600:G:A	CCSBVarC024799	ENSP00000338790.6:p.Arg55Trp	RAD51D	ENSG00000185379	REL
pilot3	CCSBORF7201	1	CCSBORF53942	3AT	2	167T>G	1644	NC_000017.11:35118596:A:C	CCSBVarC024801	ENSP00000338790.6:p.Val56Gly	RAD51D	ENSG00000185379	REL
pilot3	CCSBORF7201	1	CCSBORF53942	3AT	2	196G>A	1822	NC_000017.11:35118567:C:T	CCSBVarC024804	ENSP00000338790.6:p.Val66Met	RAD51D	ENSG00000185379	REL
pilot3	CCSBORF7201	1	CCSBORF53942	3AT	2	196G>T	1297	NC_000017.11:35118567:C:A	CCSBVarC024807	ENSP00000338790.6:p.Val66Leu	RAD51D	ENSG00000185379	REL
pilot3	CCSBORF7201	1	CCSBORF53942	3AT	2	26G>C	169	NC_000017.11:35119587:C:G	CCSBVarC024707	ENSP00000338790.6:p.Cys9Ser	RAD51D	ENSG00000185379	REL
pilot3	CCSBORF7201	1	CCSBORF53942	3AT	2	394G>A	108	NC_000017.11:35107073:C:T	CCSBVarC024822	ENSP00000338790.6:p.Val132Ile	RAD51D	ENSG00000185379	REL
pilot3	CCSBORF7201	1	CCSBORF53942	3AT	2	412A>C	5624	NC_000017.11:35107055:T:G	CCSBVarC024825	ENSP00000338790.6:p.Asn138His	RAD51D	ENSG00000185379	REL
pilot3	CCSBORF7201	1	CCSBORF53942	3AT	2	49A>G	2148	NC_000017.11:35119564:T:C	CCSBVarC024709	ENSP00000338790.6:p.Ile17Val	RAD51D	ENSG00000185379	REL
pilot3	CCSBORF7201	1	CCSBORF53942	3AT	2	68A>G	746	NC_000017.11:35119545:T:C	CCSBVarC024711	ENSP00000338790.6:p.His23Arg	RAD51D	ENSG00000185379	REL
pilot3	CCSBORF7201	1	CCSBORF53942	3AT	2	80C>A	154	NC_000017.11:35119533:G:T	CCSBVarC024723	ENSP00000338790.6:p.Thr27Lys	RAD51D	ENSG00000185379	REL
pilot3	CCSBORF7201	1	CCSBORF53942	3AT	2	82G>C	71	NC_000017.11:35119531:C:G	CCSBVarC024750	ENSP00000338790.6:p.Val28Leu	RAD51D	ENSG00000185379	REL
pilot3	CCSBORF7201	1	CCSBORF55625	3AT	2	REF	550	NULL	NULL	NULL	RAD51D	ENSG00000185379	SORBS3
pilot3	CCSBORF7201	1	CCSBORF55625	3AT	2	137C>G	109	NC_000017.11:35119117:G:C	CCSBVarC024795	ENSP00000338790.6:p.Ser46Cys	RAD51D	ENSG00000185379	SORBS3
pilot3	CCSBORF7201	1	CCSBORF55625	3AT	2	163C>T	99	NC_000017.11:35118600:G:A	CCSBVarC024799	ENSP00000338790.6:p.Arg55Trp	RAD51D	ENSG00000185379	SORBS3
pilot3	CCSBORF7201	1	CCSBORF55625	3AT	2	167T>G	1369	NC_000017.11:35118596:A:C	CCSBVarC024801	ENSP00000338790.6:p.Val56Gly	RAD51D	ENSG00000185379	SORBS3
pilot3	CCSBORF7201	1	CCSBORF55625	3AT	2	196G>A	1430	NC_000017.11:35118567:C:T	CCSBVarC024804	ENSP00000338790.6:p.Val66Met	RAD51D	ENSG00000185379	SORBS3
pilot3	CCSBORF7201	1	CCSBORF55625	3AT	2	196G>T	848	NC_000017.11:35118567:C:A	CCSBVarC024807	ENSP00000338790.6:p.Val66Leu	RAD51D	ENSG00000185379	SORBS3
pilot3	CCSBORF7201	1	CCSBORF55625	3AT	2	26G>C	99	NC_000017.11:35119587:C:G	CCSBVarC024707	ENSP00000338790.6:p.Cys9Ser	RAD51D	ENSG00000185379	SORBS3
pilot3	CCSBORF7201	1	CCSBORF55625	3AT	2	394G>A	44	NC_000017.11:35107073:C:T	CCSBVarC024822	ENSP00000338790.6:p.Val132Ile	RAD51D	ENSG00000185379	SORBS3
pilot3	CCSBORF7201	1	CCSBORF55625	3AT	2	412A>C	13205	NC_000017.11:35107055:T:G	CCSBVarC024825	ENSP00000338790.6:p.Asn138His	RAD51D	ENSG00000185379	SORBS3
pilot3	CCSBORF7201	1	CCSBORF55625	3AT	2	49A>G	1825	NC_000017.11:35119564:T:C	CCSBVarC024709	ENSP00000338790.6:p.Ile17Val	RAD51D	ENSG00000185379	SORBS3
pilot3	CCSBORF7201	1	CCSBORF55625	3AT	2	68A>G	449	NC_000017.11:35119545:T:C	CCSBVarC024711	ENSP00000338790.6:p.His23Arg	RAD51D	ENSG00000185379	SORBS3
pilot3	CCSBORF7201	1	CCSBORF55625	3AT	2	80C>A	133	NC_000017.11:35119533:G:T	CCSBVarC024723	ENSP00000338790.6:p.Thr27Lys	RAD51D	ENSG00000185379	SORBS3
pilot3	CCSBORF7201	1	CCSBORF55625	3AT	2	82G>C	8	NC_000017.11:35119531:C:G	CCSBVarC024750	ENSP00000338790.6:p.Val28Leu	RAD51D	ENSG00000185379	SORBS3
pilot3	CCSBORF7201	1	CCSBORF9297	3AT	2	REF	835	NULL	NULL	NULL	RAD51D	ENSG00000185379	STX11
pilot3	CCSBORF7201	1	CCSBORF9297	3AT	2	137C>G	1	NC_000017.11:35119117:G:C	CCSBVarC024795	ENSP00000338790.6:p.Ser46Cys	RAD51D	ENSG00000185379	STX11
pilot3	CCSBORF7201	1	CCSBORF9297	3AT	2	163C>T	15	NC_000017.11:35118600:G:A	CCSBVarC024799	ENSP00000338790.6:p.Arg55Trp	RAD51D	ENSG00000185379	STX11
pilot3	CCSBORF7201	1	CCSBORF9297	3AT	2	167T>G	1249	NC_000017.11:35118596:A:C	CCSBVarC024801	ENSP00000338790.6:p.Val56Gly	RAD51D	ENSG00000185379	STX11
pilot3	CCSBORF7201	1	CCSBORF9297	3AT	2	196G>A	575	NC_000017.11:35118567:C:T	CCSBVarC024804	ENSP00000338790.6:p.Val66Met	RAD51D	ENSG00000185379	STX11
pilot3	CCSBORF7201	1	CCSBORF9297	3AT	2	196G>T	1844	NC_000017.11:35118567:C:A	CCSBVarC024807	ENSP00000338790.6:p.Val66Leu	RAD51D	ENSG00000185379	STX11
pilot3	CCSBORF7201	1	CCSBORF9297	3AT	2	26G>C	8	NC_000017.11:35119587:C:G	CCSBVarC024707	ENSP00000338790.6:p.Cys9Ser	RAD51D	ENSG00000185379	STX11
pilot3	CCSBORF7201	1	CCSBORF9297	3AT	2	394G>A	13	NC_000017.11:35107073:C:T	CCSBVarC024822	ENSP00000338790.6:p.Val132Ile	RAD51D	ENSG00000185379	STX11
pilot3	CCSBORF7201	1	CCSBORF9297	3AT	2	412A>C	10591	NC_000017.11:35107055:T:G	CCSBVarC024825	ENSP00000338790.6:p.Asn138His	RAD51D	ENSG00000185379	STX11
pilot3	CCSBORF7201	1	CCSBORF9297	3AT	2	49A>G	1020	NC_000017.11:35119564:T:C	CCSBVarC024709	ENSP00000338790.6:p.Ile17Val	RAD51D	ENSG00000185379	STX11
pilot3	CCSBORF7201	1	CCSBORF9297	3AT	2	68A>G	229	NC_000017.11:35119545:T:C	CCSBVarC024711	ENSP00000338790.6:p.His23Arg	RAD51D	ENSG00000185379	STX11
pilot3	CCSBORF7201	1	CCSBORF9297	3AT	2	80C>A	5	NC_000017.11:35119533:G:T	CCSBVarC024723	ENSP00000338790.6:p.Thr27Lys	RAD51D	ENSG00000185379	STX11
pilot3	CCSBORF7201	1	CCSBORF9297	3AT	2	82G>C	1	NC_000017.11:35119531:C:G	CCSBVarC024750	ENSP00000338790.6:p.Val28Leu	RAD51D	ENSG00000185379	STX11
pilot3	CCSBORF7201	1	CCSBORF56644	3AT	2	REF	984	NULL	NULL	NULL	RAD51D	ENSG00000185379	TCF4
pilot3	CCSBORF7201	1	CCSBORF56644	3AT	2	137C>G	3257	NC_000017.11:35119117:G:C	CCSBVarC024795	ENSP00000338790.6:p.Ser46Cys	RAD51D	ENSG00000185379	TCF4
pilot3	CCSBORF7201	1	CCSBORF56644	3AT	2	163C>T	54	NC_000017.11:35118600:G:A	CCSBVarC024799	ENSP00000338790.6:p.Arg55Trp	RAD51D	ENSG00000185379	TCF4
pilot3	CCSBORF7201	1	CCSBORF56644	3AT	2	167T>G	880	NC_000017.11:35118596:A:C	CCSBVarC024801	ENSP00000338790.6:p.Val56Gly	RAD51D	ENSG00000185379	TCF4
pilot3	CCSBORF7201	1	CCSBORF56644	3AT	2	196G>A	997	NC_000017.11:35118567:C:T	CCSBVarC024804	ENSP00000338790.6:p.Val66Met	RAD51D	ENSG00000185379	TCF4
pilot3	CCSBORF7201	1	CCSBORF56644	3AT	2	196G>T	455	NC_000017.11:35118567:C:A	CCSBVarC024807	ENSP00000338790.6:p.Val66Leu	RAD51D	ENSG00000185379	TCF4
pilot3	CCSBORF7201	1	CCSBORF56644	3AT	2	26G>C	24	NC_000017.11:35119587:C:G	CCSBVarC024707	ENSP00000338790.6:p.Cys9Ser	RAD51D	ENSG00000185379	TCF4
pilot3	CCSBORF7201	1	CCSBORF56644	3AT	2	394G>A	25	NC_000017.11:35107073:C:T	CCSBVarC024822	ENSP00000338790.6:p.Val132Ile	RAD51D	ENSG00000185379	TCF4
pilot3	CCSBORF7201	1	CCSBORF56644	3AT	2	412A>C	5386	NC_000017.11:35107055:T:G	CCSBVarC024825	ENSP00000338790.6:p.Asn138His	RAD51D	ENSG00000185379	TCF4
pilot3	CCSBORF7201	1	CCSBORF56644	3AT	2	49A>G	1081	NC_000017.11:35119564:T:C	CCSBVarC024709	ENSP00000338790.6:p.Ile17Val	RAD51D	ENSG00000185379	TCF4
pilot3	CCSBORF7201	1	CCSBORF56644	3AT	2	68A>G	283	NC_000017.11:35119545:T:C	CCSBVarC024711	ENSP00000338790.6:p.His23Arg	RAD51D	ENSG00000185379	TCF4
pilot3	CCSBORF7201	1	CCSBORF56644	3AT	2	80C>A	41	NC_000017.11:35119533:G:T	CCSBVarC024723	ENSP00000338790.6:p.Thr27Lys	RAD51D	ENSG00000185379	TCF4
pilot3	CCSBORF7201	1	CCSBORF56644	3AT	2	82G>C	11	NC_000017.11:35119531:C:G	CCSBVarC024750	ENSP00000338790.6:p.Val28Leu	RAD51D	ENSG00000185379	TCF4
pilot3	CCSBORF7201	1	CCSBORF4976	3AT	2	REF	1112	NULL	NULL	NULL	RAD51D	ENSG00000185379	TRIM14
pilot3	CCSBORF7201	1	CCSBORF4976	3AT	2	137C>G	31	NC_000017.11:35119117:G:C	CCSBVarC024795	ENSP00000338790.6:p.Ser46Cys	RAD51D	ENSG00000185379	TRIM14
pilot3	CCSBORF7201	1	CCSBORF4976	3AT	2	163C>T	53	NC_000017.11:35118600:G:A	CCSBVarC024799	ENSP00000338790.6:p.Arg55Trp	RAD51D	ENSG00000185379	TRIM14
pilot3	CCSBORF7201	1	CCSBORF4976	3AT	2	167T>G	1332	NC_000017.11:35118596:A:C	CCSBVarC024801	ENSP00000338790.6:p.Val56Gly	RAD51D	ENSG00000185379	TRIM14
pilot3	CCSBORF7201	1	CCSBORF4976	3AT	2	196G>A	1625	NC_000017.11:35118567:C:T	CCSBVarC024804	ENSP00000338790.6:p.Val66Met	RAD51D	ENSG00000185379	TRIM14
pilot3	CCSBORF7201	1	CCSBORF4976	3AT	2	196G>T	549	NC_000017.11:35118567:C:A	CCSBVarC024807	ENSP00000338790.6:p.Val66Leu	RAD51D	ENSG00000185379	TRIM14
pilot3	CCSBORF7201	1	CCSBORF4976	3AT	2	26G>C	31	NC_000017.11:35119587:C:G	CCSBVarC024707	ENSP00000338790.6:p.Cys9Ser	RAD51D	ENSG00000185379	TRIM14
pilot3	CCSBORF7201	1	CCSBORF4976	3AT	2	394G>A	53	NC_000017.11:35107073:C:T	CCSBVarC024822	ENSP00000338790.6:p.Val132Ile	RAD51D	ENSG00000185379	TRIM14
pilot3	CCSBORF7201	1	CCSBORF4976	3AT	2	412A>C	8438	NC_000017.11:35107055:T:G	CCSBVarC024825	ENSP00000338790.6:p.Asn138His	RAD51D	ENSG00000185379	TRIM14
pilot3	CCSBORF7201	1	CCSBORF4976	3AT	2	49A>G	2567	NC_000017.11:35119564:T:C	CCSBVarC024709	ENSP00000338790.6:p.Ile17Val	RAD51D	ENSG00000185379	TRIM14
pilot3	CCSBORF7201	1	CCSBORF4976	3AT	2	68A>G	378	NC_000017.11:35119545:T:C	CCSBVarC024711	ENSP00000338790.6:p.His23Arg	RAD51D	ENSG00000185379	TRIM14
pilot3	CCSBORF7201	1	CCSBORF4976	3AT	2	80C>A	39	NC_000017.11:35119533:G:T	CCSBVarC024723	ENSP00000338790.6:p.Thr27Lys	RAD51D	ENSG00000185379	TRIM14
pilot3	CCSBORF7201	1	CCSBORF4976	3AT	2	82G>C	12	NC_000017.11:35119531:C:G	CCSBVarC024750	ENSP00000338790.6:p.Val28Leu	RAD51D	ENSG00000185379	TRIM14
pilot3	CCSBORF7201	1	CCSBORF13571	3AT	2	REF	1281	NULL	NULL	NULL	RAD51D	ENSG00000185379	XRCC2
pilot3	CCSBORF7201	1	CCSBORF13571	3AT	2	137C>G	748	NC_000017.11:35119117:G:C	CCSBVarC024795	ENSP00000338790.6:p.Ser46Cys	RAD51D	ENSG00000185379	XRCC2
pilot3	CCSBORF7201	1	CCSBORF13571	3AT	2	163C>T	1174	NC_000017.11:35118600:G:A	CCSBVarC024799	ENSP00000338790.6:p.Arg55Trp	RAD51D	ENSG00000185379	XRCC2
pilot3	CCSBORF7201	1	CCSBORF13571	3AT	2	167T>G	1156	NC_000017.11:35118596:A:C	CCSBVarC024801	ENSP00000338790.6:p.Val56Gly	RAD51D	ENSG00000185379	XRCC2
pilot3	CCSBORF7201	1	CCSBORF13571	3AT	2	196G>A	5612	NC_000017.11:35118567:C:T	CCSBVarC024804	ENSP00000338790.6:p.Val66Met	RAD51D	ENSG00000185379	XRCC2
pilot3	CCSBORF7201	1	CCSBORF13571	3AT	2	196G>T	1526	NC_000017.11:35118567:C:A	CCSBVarC024807	ENSP00000338790.6:p.Val66Leu	RAD51D	ENSG00000185379	XRCC2
pilot3	CCSBORF7201	1	CCSBORF13571	3AT	2	26G>C	695	NC_000017.11:35119587:C:G	CCSBVarC024707	ENSP00000338790.6:p.Cys9Ser	RAD51D	ENSG00000185379	XRCC2
pilot3	CCSBORF7201	1	CCSBORF13571	3AT	2	394G>A	830	NC_000017.11:35107073:C:T	CCSBVarC024822	ENSP00000338790.6:p.Val132Ile	RAD51D	ENSG00000185379	XRCC2
pilot3	CCSBORF7201	1	CCSBORF13571	3AT	2	412A>C	1826	NC_000017.11:35107055:T:G	CCSBVarC024825	ENSP00000338790.6:p.Asn138His	RAD51D	ENSG00000185379	XRCC2
pilot3	CCSBORF7201	1	CCSBORF13571	3AT	2	49A>G	1735	NC_000017.11:35119564:T:C	CCSBVarC024709	ENSP00000338790.6:p.Ile17Val	RAD51D	ENSG00000185379	XRCC2
pilot3	CCSBORF7201	1	CCSBORF13571	3AT	2	68A>G	1071	NC_000017.11:35119545:T:C	CCSBVarC024711	ENSP00000338790.6:p.His23Arg	RAD51D	ENSG00000185379	XRCC2
pilot3	CCSBORF7201	1	CCSBORF13571	3AT	2	80C>A	588	NC_000017.11:35119533:G:T	CCSBVarC024723	ENSP00000338790.6:p.Thr27Lys	RAD51D	ENSG00000185379	XRCC2
pilot3	CCSBORF7201	1	CCSBORF13571	3AT	2	82G>C	326	NC_000017.11:35119531:C:G	CCSBVarC024750	ENSP00000338790.6:p.Val28Leu	RAD51D	ENSG00000185379	XRCC2
pilot3	CCSBORF7201	1	CCSBORF0	3AT	2	REF	1	NULL	NULL	NULL	RAD51D	ENSG00000185379	empty_AD
pilot3	CCSBORF7201	1	CCSBORF0	3AT	2	137C>G	0	NC_000017.11:35119117:G:C	CCSBVarC024795	ENSP00000338790.6:p.Ser46Cys	RAD51D	ENSG00000185379	empty_AD
pilot3	CCSBORF7201	1	CCSBORF0	3AT	2	163C>T	0	NC_000017.11:35118600:G:A	CCSBVarC024799	ENSP00000338790.6:p.Arg55Trp	RAD51D	ENSG00000185379	empty_AD
pilot3	CCSBORF7201	1	CCSBORF0	3AT	2	167T>G	0	NC_000017.11:35118596:A:C	CCSBVarC024801	ENSP00000338790.6:p.Val56Gly	RAD51D	ENSG00000185379	empty_AD
pilot3	CCSBORF7201	1	CCSBORF0	3AT	2	196G>A	114	NC_000017.11:35118567:C:T	CCSBVarC024804	ENSP00000338790.6:p.Val66Met	RAD51D	ENSG00000185379	empty_AD
pilot3	CCSBORF7201	1	CCSBORF0	3AT	2	196G>T	36	NC_000017.11:35118567:C:A	CCSBVarC024807	ENSP00000338790.6:p.Val66Leu	RAD51D	ENSG00000185379	empty_AD
pilot3	CCSBORF7201	1	CCSBORF0	3AT	2	26G>C	2	NC_000017.11:35119587:C:G	CCSBVarC024707	ENSP00000338790.6:p.Cys9Ser	RAD51D	ENSG00000185379	empty_AD
pilot3	CCSBORF7201	1	CCSBORF0	3AT	2	394G>A	0	NC_000017.11:35107073:C:T	CCSBVarC024822	ENSP00000338790.6:p.Val132Ile	RAD51D	ENSG00000185379	empty_AD
pilot3	CCSBORF7201	1	CCSBORF0	3AT	2	412A>C	3	NC_000017.11:35107055:T:G	CCSBVarC024825	ENSP00000338790.6:p.Asn138His	RAD51D	ENSG00000185379	empty_AD
pilot3	CCSBORF7201	1	CCSBORF0	3AT	2	49A>G	1	NC_000017.11:35119564:T:C	CCSBVarC024709	ENSP00000338790.6:p.Ile17Val	RAD51D	ENSG00000185379	empty_AD
pilot3	CCSBORF7201	1	CCSBORF0	3AT	2	68A>G	34	NC_000017.11:35119545:T:C	CCSBVarC024711	ENSP00000338790.6:p.His23Arg	RAD51D	ENSG00000185379	empty_AD
pilot3	CCSBORF7201	1	CCSBORF0	3AT	2	80C>A	1	NC_000017.11:35119533:G:T	CCSBVarC024723	ENSP00000338790.6:p.Thr27Lys	RAD51D	ENSG00000185379	empty_AD
pilot3	CCSBORF7201	1	CCSBORF0	3AT	2	82G>C	0	NC_000017.11:35119531:C:G	CCSBVarC024750	ENSP00000338790.6:p.Val28Leu	RAD51D	ENSG00000185379	empty_AD
pilot3	CCSBORF7201	2	CCSBORF100080871	3AT	2	REF	1286	NULL	NULL	NULL	RAD51D	ENSG00000185379	PRDM6
pilot3	CCSBORF7201	2	CCSBORF100080871	3AT	2	493C>T	17	NC_000017.11:35106468:G:A	CCSBVarC024828	ENSP00000338790.6:p.Arg165Trp	RAD51D	ENSG00000185379	PRDM6
pilot3	CCSBORF7201	2	CCSBORF100080871	3AT	2	494G>A	163	NC_000017.11:35106467:C:T	CCSBVarC002917	ENSP00000338790.6:p.Arg165Gln	RAD51D	ENSG00000185379	PRDM6
pilot3	CCSBORF7201	2	CCSBORF100080871	3AT	2	691G>T	1161	NC_000017.11:35103300:C:A	CCSBVarC024850	ENSP00000338790.6:p.Ala231Ser	RAD51D	ENSG00000185379	PRDM6
pilot3	CCSBORF7201	2	CCSBORF100080871	3AT	2	698A>G	11	NC_000017.11:35103293:T:C	CCSBVarC001140	ENSP00000338790.6:p.Glu233Gly	RAD51D	ENSG00000185379	PRDM6
pilot3	CCSBORF7201	2	CCSBORF100080871	3AT	2	751A>G	3723	NC_000017.11:35101352:T:C	CCSBVarC024857	ENSP00000338790.6:p.Ile251Val	RAD51D	ENSG00000185379	PRDM6
pilot3	CCSBORF7201	2	CCSBORF100080871	3AT	2	865G>A	2700	NC_000017.11:35101238:C:T	CCSBVarC024877	ENSP00000338790.6:p.Gly289Ser	RAD51D	ENSG00000185379	PRDM6
pilot3	CCSBORF7201	2	CCSBORF100080871	3AT	2	869G>A	1504	NC_000017.11:35101234:C:T	CCSBVarC024880	ENSP00000338790.6:p.Arg290Gln	RAD51D	ENSG00000185379	PRDM6
pilot3	CCSBORF7201	2	CCSBORF100080871	3AT	2	915C>G	8494	NC_000017.11:35101024:G:C	CCSBVarC024886	ENSP00000338790.6:p.Phe305Leu	RAD51D	ENSG00000185379	PRDM6
pilot3	CCSBORF7201	2	CCSBORF100080871	3AT	2	919G>A	171	NC_000017.11:35101020:C:T	CCSBVarC024889	ENSP00000338790.6:p.Glu307Lys	RAD51D	ENSG00000185379	PRDM6
pilot3	CCSBORF7201	2	CCSBORF100080871	3AT	2	922A>G	1499	NC_000017.11:35101017:T:C	CCSBVarC024892	ENSP00000338790.6:p.Met308Val	RAD51D	ENSG00000185379	PRDM6
pilot3	CCSBORF7201	2	CCSBORF100080871	3AT	2	983C>T	396	NC_000017.11:35100956:G:A	CCSBVarC024896	ENSP00000338790.6:p.Thr328Ile	RAD51D	ENSG00000185379	PRDM6
pilot3	CCSBORF7201	2	CCSBORF53942	3AT	2	REF	999	NULL	NULL	NULL	RAD51D	ENSG00000185379	REL
pilot3	CCSBORF7201	2	CCSBORF53942	3AT	2	493C>T	4	NC_000017.11:35106468:G:A	CCSBVarC024828	ENSP00000338790.6:p.Arg165Trp	RAD51D	ENSG00000185379	REL
pilot3	CCSBORF7201	2	CCSBORF53942	3AT	2	494G>A	349	NC_000017.11:35106467:C:T	CCSBVarC002917	ENSP00000338790.6:p.Arg165Gln	RAD51D	ENSG00000185379	REL
pilot3	CCSBORF7201	2	CCSBORF53942	3AT	2	691G>T	1005	NC_000017.11:35103300:C:A	CCSBVarC024850	ENSP00000338790.6:p.Ala231Ser	RAD51D	ENSG00000185379	REL
pilot3	CCSBORF7201	2	CCSBORF53942	3AT	2	698A>G	2	NC_000017.11:35103293:T:C	CCSBVarC001140	ENSP00000338790.6:p.Glu233Gly	RAD51D	ENSG00000185379	REL
pilot3	CCSBORF7201	2	CCSBORF53942	3AT	2	751A>G	3456	NC_000017.11:35101352:T:C	CCSBVarC024857	ENSP00000338790.6:p.Ile251Val	RAD51D	ENSG00000185379	REL
pilot3	CCSBORF7201	2	CCSBORF53942	3AT	2	865G>A	2641	NC_000017.11:35101238:C:T	CCSBVarC024877	ENSP00000338790.6:p.Gly289Ser	RAD51D	ENSG00000185379	REL
pilot3	CCSBORF7201	2	CCSBORF53942	3AT	2	869G>A	2653	NC_000017.11:35101234:C:T	CCSBVarC024880	ENSP00000338790.6:p.Arg290Gln	RAD51D	ENSG00000185379	REL
pilot3	CCSBORF7201	2	CCSBORF53942	3AT	2	915C>G	7695	NC_000017.11:35101024:G:C	CCSBVarC024886	ENSP00000338790.6:p.Phe305Leu	RAD51D	ENSG00000185379	REL
pilot3	CCSBORF7201	2	CCSBORF53942	3AT	2	919G>A	135	NC_000017.11:35101020:C:T	CCSBVarC024889	ENSP00000338790.6:p.Glu307Lys	RAD51D	ENSG00000185379	REL
pilot3	CCSBORF7201	2	CCSBORF53942	3AT	2	922A>G	1644	NC_000017.11:35101017:T:C	CCSBVarC024892	ENSP00000338790.6:p.Met308Val	RAD51D	ENSG00000185379	REL
pilot3	CCSBORF7201	2	CCSBORF53942	3AT	2	983C>T	525	NC_000017.11:35100956:G:A	CCSBVarC024896	ENSP00000338790.6:p.Thr328Ile	RAD51D	ENSG00000185379	REL
pilot3	CCSBORF7201	2	CCSBORF55625	3AT	2	REF	339	NULL	NULL	NULL	RAD51D	ENSG00000185379	SORBS3
pilot3	CCSBORF7201	2	CCSBORF55625	3AT	2	493C>T	14	NC_000017.11:35106468:G:A	CCSBVarC024828	ENSP00000338790.6:p.Arg165Trp	RAD51D	ENSG00000185379	SORBS3
pilot3	CCSBORF7201	2	CCSBORF55625	3AT	2	494G>A	29	NC_000017.11:35106467:C:T	CCSBVarC002917	ENSP00000338790.6:p.Arg165Gln	RAD51D	ENSG00000185379	SORBS3
pilot3	CCSBORF7201	2	CCSBORF55625	3AT	2	691G>T	302	NC_000017.11:35103300:C:A	CCSBVarC024850	ENSP00000338790.6:p.Ala231Ser	RAD51D	ENSG00000185379	SORBS3
pilot3	CCSBORF7201	2	CCSBORF55625	3AT	2	698A>G	0	NC_000017.11:35103293:T:C	CCSBVarC001140	ENSP00000338790.6:p.Glu233Gly	RAD51D	ENSG00000185379	SORBS3
pilot3	CCSBORF7201	2	CCSBORF55625	3AT	2	751A>G	1424	NC_000017.11:35101352:T:C	CCSBVarC024857	ENSP00000338790.6:p.Ile251Val	RAD51D	ENSG00000185379	SORBS3
pilot3	CCSBORF7201	2	CCSBORF55625	3AT	2	865G>A	928	NC_000017.11:35101238:C:T	CCSBVarC024877	ENSP00000338790.6:p.Gly289Ser	RAD51D	ENSG00000185379	SORBS3
pilot3	CCSBORF7201	2	CCSBORF55625	3AT	2	869G>A	603	NC_000017.11:35101234:C:T	CCSBVarC024880	ENSP00000338790.6:p.Arg290Gln	RAD51D	ENSG00000185379	SORBS3
pilot3	CCSBORF7201	2	CCSBORF55625	3AT	2	915C>G	7131	NC_000017.11:35101024:G:C	CCSBVarC024886	ENSP00000338790.6:p.Phe305Leu	RAD51D	ENSG00000185379	SORBS3
pilot3	CCSBORF7201	2	CCSBORF55625	3AT	2	919G>A	10	NC_000017.11:35101020:C:T	CCSBVarC024889	ENSP00000338790.6:p.Glu307Lys	RAD51D	ENSG00000185379	SORBS3
pilot3	CCSBORF7201	2	CCSBORF55625	3AT	2	922A>G	680	NC_000017.11:35101017:T:C	CCSBVarC024892	ENSP00000338790.6:p.Met308Val	RAD51D	ENSG00000185379	SORBS3
pilot3	CCSBORF7201	2	CCSBORF55625	3AT	2	983C>T	117	NC_000017.11:35100956:G:A	CCSBVarC024896	ENSP00000338790.6:p.Thr328Ile	RAD51D	ENSG00000185379	SORBS3
pilot3	CCSBORF7201	2	CCSBORF9297	3AT	2	REF	1064	NULL	NULL	NULL	RAD51D	ENSG00000185379	STX11
pilot3	CCSBORF7201	2	CCSBORF9297	3AT	2	493C>T	45	NC_000017.11:35106468:G:A	CCSBVarC024828	ENSP00000338790.6:p.Arg165Trp	RAD51D	ENSG00000185379	STX11
pilot3	CCSBORF7201	2	CCSBORF9297	3AT	2	494G>A	336	NC_000017.11:35106467:C:T	CCSBVarC002917	ENSP00000338790.6:p.Arg165Gln	RAD51D	ENSG00000185379	STX11
pilot3	CCSBORF7201	2	CCSBORF9297	3AT	2	691G>T	5384	NC_000017.11:35103300:C:A	CCSBVarC024850	ENSP00000338790.6:p.Ala231Ser	RAD51D	ENSG00000185379	STX11
pilot3	CCSBORF7201	2	CCSBORF9297	3AT	2	698A>G	3	NC_000017.11:35103293:T:C	CCSBVarC001140	ENSP00000338790.6:p.Glu233Gly	RAD51D	ENSG00000185379	STX11
pilot3	CCSBORF7201	2	CCSBORF9297	3AT	2	751A>G	4894	NC_000017.11:35101352:T:C	CCSBVarC024857	ENSP00000338790.6:p.Ile251Val	RAD51D	ENSG00000185379	STX11
pilot3	CCSBORF7201	2	CCSBORF9297	3AT	2	865G>A	5508	NC_000017.11:35101238:C:T	CCSBVarC024877	ENSP00000338790.6:p.Gly289Ser	RAD51D	ENSG00000185379	STX11
pilot3	CCSBORF7201	2	CCSBORF9297	3AT	2	869G>A	2067	NC_000017.11:35101234:C:T	CCSBVarC024880	ENSP00000338790.6:p.Arg290Gln	RAD51D	ENSG00000185379	STX11
pilot3	CCSBORF7201	2	CCSBORF9297	3AT	2	915C>G	17992	NC_000017.11:35101024:G:C	CCSBVarC024886	ENSP00000338790.6:p.Phe305Leu	RAD51D	ENSG00000185379	STX11
pilot3	CCSBORF7201	2	CCSBORF9297	3AT	2	919G>A	193	NC_000017.11:35101020:C:T	CCSBVarC024889	ENSP00000338790.6:p.Glu307Lys	RAD51D	ENSG00000185379	STX11
pilot3	CCSBORF7201	2	CCSBORF9297	3AT	2	922A>G	1670	NC_000017.11:35101017:T:C	CCSBVarC024892	ENSP00000338790.6:p.Met308Val	RAD51D	ENSG00000185379	STX11
pilot3	CCSBORF7201	2	CCSBORF9297	3AT	2	983C>T	197	NC_000017.11:35100956:G:A	CCSBVarC024896	ENSP00000338790.6:p.Thr328Ile	RAD51D	ENSG00000185379	STX11
pilot3	CCSBORF7201	2	CCSBORF56644	3AT	2	REF	993	NULL	NULL	NULL	RAD51D	ENSG00000185379	TCF4
pilot3	CCSBORF7201	2	CCSBORF56644	3AT	2	493C>T	24	NC_000017.11:35106468:G:A	CCSBVarC024828	ENSP00000338790.6:p.Arg165Trp	RAD51D	ENSG00000185379	TCF4
pilot3	CCSBORF7201	2	CCSBORF56644	3AT	2	494G>A	178	NC_000017.11:35106467:C:T	CCSBVarC002917	ENSP00000338790.6:p.Arg165Gln	RAD51D	ENSG00000185379	TCF4
pilot3	CCSBORF7201	2	CCSBORF56644	3AT	2	691G>T	429	NC_000017.11:35103300:C:A	CCSBVarC024850	ENSP00000338790.6:p.Ala231Ser	RAD51D	ENSG00000185379	TCF4
pilot3	CCSBORF7201	2	CCSBORF56644	3AT	2	698A>G	3	NC_000017.11:35103293:T:C	CCSBVarC001140	ENSP00000338790.6:p.Glu233Gly	RAD51D	ENSG00000185379	TCF4
pilot3	CCSBORF7201	2	CCSBORF56644	3AT	2	751A>G	2748	NC_000017.11:35101352:T:C	CCSBVarC024857	ENSP00000338790.6:p.Ile251Val	RAD51D	ENSG00000185379	TCF4
pilot3	CCSBORF7201	2	CCSBORF56644	3AT	2	865G>A	1910	NC_000017.11:35101238:C:T	CCSBVarC024877	ENSP00000338790.6:p.Gly289Ser	RAD51D	ENSG00000185379	TCF4
pilot3	CCSBORF7201	2	CCSBORF56644	3AT	2	869G>A	1906	NC_000017.11:35101234:C:T	CCSBVarC024880	ENSP00000338790.6:p.Arg290Gln	RAD51D	ENSG00000185379	TCF4
pilot3	CCSBORF7201	2	CCSBORF56644	3AT	2	915C>G	13856	NC_000017.11:35101024:G:C	CCSBVarC024886	ENSP00000338790.6:p.Phe305Leu	RAD51D	ENSG00000185379	TCF4
pilot3	CCSBORF7201	2	CCSBORF56644	3AT	2	919G>A	95	NC_000017.11:35101020:C:T	CCSBVarC024889	ENSP00000338790.6:p.Glu307Lys	RAD51D	ENSG00000185379	TCF4
pilot3	CCSBORF7201	2	CCSBORF56644	3AT	2	922A>G	1370	NC_000017.11:35101017:T:C	CCSBVarC024892	ENSP00000338790.6:p.Met308Val	RAD51D	ENSG00000185379	TCF4
pilot3	CCSBORF7201	2	CCSBORF56644	3AT	2	983C>T	392	NC_000017.11:35100956:G:A	CCSBVarC024896	ENSP00000338790.6:p.Thr328Ile	RAD51D	ENSG00000185379	TCF4
pilot3	CCSBORF7201	2	CCSBORF4976	3AT	2	REF	1081	NULL	NULL	NULL	RAD51D	ENSG00000185379	TRIM14
pilot3	CCSBORF7201	2	CCSBORF4976	3AT	2	493C>T	20	NC_000017.11:35106468:G:A	CCSBVarC024828	ENSP00000338790.6:p.Arg165Trp	RAD51D	ENSG00000185379	TRIM14
pilot3	CCSBORF7201	2	CCSBORF4976	3AT	2	494G>A	187	NC_000017.11:35106467:C:T	CCSBVarC002917	ENSP00000338790.6:p.Arg165Gln	RAD51D	ENSG00000185379	TRIM14
pilot3	CCSBORF7201	2	CCSBORF4976	3AT	2	691G>T	658	NC_000017.11:35103300:C:A	CCSBVarC024850	ENSP00000338790.6:p.Ala231Ser	RAD51D	ENSG00000185379	TRIM14
pilot3	CCSBORF7201	2	CCSBORF4976	3AT	2	698A>G	3	NC_000017.11:35103293:T:C	CCSBVarC001140	ENSP00000338790.6:p.Glu233Gly	RAD51D	ENSG00000185379	TRIM14
pilot3	CCSBORF7201	2	CCSBORF4976	3AT	2	751A>G	2639	NC_000017.11:35101352:T:C	CCSBVarC024857	ENSP00000338790.6:p.Ile251Val	RAD51D	ENSG00000185379	TRIM14
pilot3	CCSBORF7201	2	CCSBORF4976	3AT	2	865G>A	1189	NC_000017.11:35101238:C:T	CCSBVarC024877	ENSP00000338790.6:p.Gly289Ser	RAD51D	ENSG00000185379	TRIM14
pilot3	CCSBORF7201	2	CCSBORF4976	3AT	2	869G>A	826	NC_000017.11:35101234:C:T	CCSBVarC024880	ENSP00000338790.6:p.Arg290Gln	RAD51D	ENSG00000185379	TRIM14
pilot3	CCSBORF7201	2	CCSBORF4976	3AT	2	915C>G	12317	NC_000017.11:35101024:G:C	CCSBVarC024886	ENSP00000338790.6:p.Phe305Leu	RAD51D	ENSG00000185379	TRIM14
pilot3	CCSBORF7201	2	CCSBORF4976	3AT	2	919G>A	76	NC_000017.11:35101020:C:T	CCSBVarC024889	ENSP00000338790.6:p.Glu307Lys	RAD51D	ENSG00000185379	TRIM14
pilot3	CCSBORF7201	2	CCSBORF4976	3AT	2	922A>G	954	NC_000017.11:35101017:T:C	CCSBVarC024892	ENSP00000338790.6:p.Met308Val	RAD51D	ENSG00000185379	TRIM14
pilot3	CCSBORF7201	2	CCSBORF4976	3AT	2	983C>T	112	NC_000017.11:35100956:G:A	CCSBVarC024896	ENSP00000338790.6:p.Thr328Ile	RAD51D	ENSG00000185379	TRIM14
pilot3	CCSBORF7201	2	CCSBORF13571	3AT	2	REF	793	NULL	NULL	NULL	RAD51D	ENSG00000185379	XRCC2
pilot3	CCSBORF7201	2	CCSBORF13571	3AT	2	493C>T	389	NC_000017.11:35106468:G:A	CCSBVarC024828	ENSP00000338790.6:p.Arg165Trp	RAD51D	ENSG00000185379	XRCC2
pilot3	CCSBORF7201	2	CCSBORF13571	3AT	2	494G>A	302	NC_000017.11:35106467:C:T	CCSBVarC002917	ENSP00000338790.6:p.Arg165Gln	RAD51D	ENSG00000185379	XRCC2
pilot3	CCSBORF7201	2	CCSBORF13571	3AT	2	691G>T	771	NC_000017.11:35103300:C:A	CCSBVarC024850	ENSP00000338790.6:p.Ala231Ser	RAD51D	ENSG00000185379	XRCC2
pilot3	CCSBORF7201	2	CCSBORF13571	3AT	2	698A>G	119	NC_000017.11:35103293:T:C	CCSBVarC001140	ENSP00000338790.6:p.Glu233Gly	RAD51D	ENSG00000185379	XRCC2
pilot3	CCSBORF7201	2	CCSBORF13571	3AT	2	751A>G	1854	NC_000017.11:35101352:T:C	CCSBVarC024857	ENSP00000338790.6:p.Ile251Val	RAD51D	ENSG00000185379	XRCC2
pilot3	CCSBORF7201	2	CCSBORF13571	3AT	2	865G>A	2167	NC_000017.11:35101238:C:T	CCSBVarC024877	ENSP00000338790.6:p.Gly289Ser	RAD51D	ENSG00000185379	XRCC2
pilot3	CCSBORF7201	2	CCSBORF13571	3AT	2	869G>A	1539	NC_000017.11:35101234:C:T	CCSBVarC024880	ENSP00000338790.6:p.Arg290Gln	RAD51D	ENSG00000185379	XRCC2
pilot3	CCSBORF7201	2	CCSBORF13571	3AT	2	915C>G	2101	NC_000017.11:35101024:G:C	CCSBVarC024886	ENSP00000338790.6:p.Phe305Leu	RAD51D	ENSG00000185379	XRCC2
pilot3	CCSBORF7201	2	CCSBORF13571	3AT	2	919G>A	775	NC_000017.11:35101020:C:T	CCSBVarC024889	ENSP00000338790.6:p.Glu307Lys	RAD51D	ENSG00000185379	XRCC2
pilot3	CCSBORF7201	2	CCSBORF13571	3AT	2	922A>G	1253	NC_000017.11:35101017:T:C	CCSBVarC024892	ENSP00000338790.6:p.Met308Val	RAD51D	ENSG00000185379	XRCC2
pilot3	CCSBORF7201	2	CCSBORF13571	3AT	2	983C>T	976	NC_000017.11:35100956:G:A	CCSBVarC024896	ENSP00000338790.6:p.Thr328Ile	RAD51D	ENSG00000185379	XRCC2
pilot3	CCSBORF7201	2	CCSBORF0	3AT	2	REF	6	NULL	NULL	NULL	RAD51D	ENSG00000185379	empty_AD
pilot3	CCSBORF7201	2	CCSBORF0	3AT	2	493C>T	13	NC_000017.11:35106468:G:A	CCSBVarC024828	ENSP00000338790.6:p.Arg165Trp	RAD51D	ENSG00000185379	empty_AD
pilot3	CCSBORF7201	2	CCSBORF0	3AT	2	494G>A	8	NC_000017.11:35106467:C:T	CCSBVarC002917	ENSP00000338790.6:p.Arg165Gln	RAD51D	ENSG00000185379	empty_AD
pilot3	CCSBORF7201	2	CCSBORF0	3AT	2	691G>T	60	NC_000017.11:35103300:C:A	CCSBVarC024850	ENSP00000338790.6:p.Ala231Ser	RAD51D	ENSG00000185379	empty_AD
pilot3	CCSBORF7201	2	CCSBORF0	3AT	2	698A>G	0	NC_000017.11:35103293:T:C	CCSBVarC001140	ENSP00000338790.6:p.Glu233Gly	RAD51D	ENSG00000185379	empty_AD
pilot3	CCSBORF7201	2	CCSBORF0	3AT	2	751A>G	18	NC_000017.11:35101352:T:C	CCSBVarC024857	ENSP00000338790.6:p.Ile251Val	RAD51D	ENSG00000185379	empty_AD
pilot3	CCSBORF7201	2	CCSBORF0	3AT	2	865G>A	2	NC_000017.11:35101238:C:T	CCSBVarC024877	ENSP00000338790.6:p.Gly289Ser	RAD51D	ENSG00000185379	empty_AD
pilot3	CCSBORF7201	2	CCSBORF0	3AT	2	869G>A	0	NC_000017.11:35101234:C:T	CCSBVarC024880	ENSP00000338790.6:p.Arg290Gln	RAD51D	ENSG00000185379	empty_AD
pilot3	CCSBORF7201	2	CCSBORF0	3AT	2	915C>G	306	NC_000017.11:35101024:G:C	CCSBVarC024886	ENSP00000338790.6:p.Phe305Leu	RAD51D	ENSG00000185379	empty_AD
pilot3	CCSBORF7201	2	CCSBORF0	3AT	2	919G>A	242	NC_000017.11:35101020:C:T	CCSBVarC024889	ENSP00000338790.6:p.Glu307Lys	RAD51D	ENSG00000185379	empty_AD
pilot3	CCSBORF7201	2	CCSBORF0	3AT	2	922A>G	29	NC_000017.11:35101017:T:C	CCSBVarC024892	ENSP00000338790.6:p.Met308Val	RAD51D	ENSG00000185379	empty_AD
pilot3	CCSBORF7201	2	CCSBORF0	3AT	2	983C>T	54	NC_000017.11:35100956:G:A	CCSBVarC024896	ENSP00000338790.6:p.Thr328Ile	RAD51D	ENSG00000185379	empty_AD
pilot3	CCSBORF7201	1	CCSBORF100080871	3AT	3	REF	2143	NULL	NULL	NULL	RAD51D	ENSG00000185379	PRDM6
pilot3	CCSBORF7201	1	CCSBORF100080871	3AT	3	137C>G	885	NC_000017.11:35119117:G:C	CCSBVarC024795	ENSP00000338790.6:p.Ser46Cys	RAD51D	ENSG00000185379	PRDM6
pilot3	CCSBORF7201	1	CCSBORF100080871	3AT	3	163C>T	392	NC_000017.11:35118600:G:A	CCSBVarC024799	ENSP00000338790.6:p.Arg55Trp	RAD51D	ENSG00000185379	PRDM6
pilot3	CCSBORF7201	1	CCSBORF100080871	3AT	3	167T>G	1954	NC_000017.11:35118596:A:C	CCSBVarC024801	ENSP00000338790.6:p.Val56Gly	RAD51D	ENSG00000185379	PRDM6
pilot3	CCSBORF7201	1	CCSBORF100080871	3AT	3	196G>A	3302	NC_000017.11:35118567:C:T	CCSBVarC024804	ENSP00000338790.6:p.Val66Met	RAD51D	ENSG00000185379	PRDM6
pilot3	CCSBORF7201	1	CCSBORF100080871	3AT	3	196G>T	1453	NC_000017.11:35118567:C:A	CCSBVarC024807	ENSP00000338790.6:p.Val66Leu	RAD51D	ENSG00000185379	PRDM6
pilot3	CCSBORF7201	1	CCSBORF100080871	3AT	3	26G>C	203	NC_000017.11:35119587:C:G	CCSBVarC024707	ENSP00000338790.6:p.Cys9Ser	RAD51D	ENSG00000185379	PRDM6
pilot3	CCSBORF7201	1	CCSBORF100080871	3AT	3	394G>A	67	NC_000017.11:35107073:C:T	CCSBVarC024822	ENSP00000338790.6:p.Val132Ile	RAD51D	ENSG00000185379	PRDM6
pilot3	CCSBORF7201	1	CCSBORF100080871	3AT	3	412A>C	9648	NC_000017.11:35107055:T:G	CCSBVarC024825	ENSP00000338790.6:p.Asn138His	RAD51D	ENSG00000185379	PRDM6
pilot3	CCSBORF7201	1	CCSBORF100080871	3AT	3	49A>G	2841	NC_000017.11:35119564:T:C	CCSBVarC024709	ENSP00000338790.6:p.Ile17Val	RAD51D	ENSG00000185379	PRDM6
pilot3	CCSBORF7201	1	CCSBORF100080871	3AT	3	68A>G	1149	NC_000017.11:35119545:T:C	CCSBVarC024711	ENSP00000338790.6:p.His23Arg	RAD51D	ENSG00000185379	PRDM6
pilot3	CCSBORF7201	1	CCSBORF100080871	3AT	3	80C>A	322	NC_000017.11:35119533:G:T	CCSBVarC024723	ENSP00000338790.6:p.Thr27Lys	RAD51D	ENSG00000185379	PRDM6
pilot3	CCSBORF7201	1	CCSBORF100080871	3AT	3	82G>C	105	NC_000017.11:35119531:C:G	CCSBVarC024750	ENSP00000338790.6:p.Val28Leu	RAD51D	ENSG00000185379	PRDM6
pilot3	CCSBORF7201	1	CCSBORF53942	3AT	3	REF	1737	NULL	NULL	NULL	RAD51D	ENSG00000185379	REL
pilot3	CCSBORF7201	1	CCSBORF53942	3AT	3	137C>G	643	NC_000017.11:35119117:G:C	CCSBVarC024795	ENSP00000338790.6:p.Ser46Cys	RAD51D	ENSG00000185379	REL
pilot3	CCSBORF7201	1	CCSBORF53942	3AT	3	163C>T	202	NC_000017.11:35118600:G:A	CCSBVarC024799	ENSP00000338790.6:p.Arg55Trp	RAD51D	ENSG00000185379	REL
pilot3	CCSBORF7201	1	CCSBORF53942	3AT	3	167T>G	1619	NC_000017.11:35118596:A:C	CCSBVarC024801	ENSP00000338790.6:p.Val56Gly	RAD51D	ENSG00000185379	REL
pilot3	CCSBORF7201	1	CCSBORF53942	3AT	3	196G>A	2651	NC_000017.11:35118567:C:T	CCSBVarC024804	ENSP00000338790.6:p.Val66Met	RAD51D	ENSG00000185379	REL
pilot3	CCSBORF7201	1	CCSBORF53942	3AT	3	196G>T	1566	NC_000017.11:35118567:C:A	CCSBVarC024807	ENSP00000338790.6:p.Val66Leu	RAD51D	ENSG00000185379	REL
pilot3	CCSBORF7201	1	CCSBORF53942	3AT	3	26G>C	288	NC_000017.11:35119587:C:G	CCSBVarC024707	ENSP00000338790.6:p.Cys9Ser	RAD51D	ENSG00000185379	REL
pilot3	CCSBORF7201	1	CCSBORF53942	3AT	3	394G>A	168	NC_000017.11:35107073:C:T	CCSBVarC024822	ENSP00000338790.6:p.Val132Ile	RAD51D	ENSG00000185379	REL
pilot3	CCSBORF7201	1	CCSBORF53942	3AT	3	412A>C	4523	NC_000017.11:35107055:T:G	CCSBVarC024825	ENSP00000338790.6:p.Asn138His	RAD51D	ENSG00000185379	REL
pilot3	CCSBORF7201	1	CCSBORF53942	3AT	3	49A>G	2357	NC_000017.11:35119564:T:C	CCSBVarC024709	ENSP00000338790.6:p.Ile17Val	RAD51D	ENSG00000185379	REL
pilot3	CCSBORF7201	1	CCSBORF53942	3AT	3	68A>G	1005	NC_000017.11:35119545:T:C	CCSBVarC024711	ENSP00000338790.6:p.His23Arg	RAD51D	ENSG00000185379	REL
pilot3	CCSBORF7201	1	CCSBORF53942	3AT	3	80C>A	347	NC_000017.11:35119533:G:T	CCSBVarC024723	ENSP00000338790.6:p.Thr27Lys	RAD51D	ENSG00000185379	REL
pilot3	CCSBORF7201	1	CCSBORF53942	3AT	3	82G>C	113	NC_000017.11:35119531:C:G	CCSBVarC024750	ENSP00000338790.6:p.Val28Leu	RAD51D	ENSG00000185379	REL
pilot3	CCSBORF7201	1	CCSBORF55625	3AT	3	REF	2095	NULL	NULL	NULL	RAD51D	ENSG00000185379	SORBS3
pilot3	CCSBORF7201	1	CCSBORF55625	3AT	3	137C>G	81	NC_000017.11:35119117:G:C	CCSBVarC024795	ENSP00000338790.6:p.Ser46Cys	RAD51D	ENSG00000185379	SORBS3
pilot3	CCSBORF7201	1	CCSBORF55625	3AT	3	163C>T	241	NC_000017.11:35118600:G:A	CCSBVarC024799	ENSP00000338790.6:p.Arg55Trp	RAD51D	ENSG00000185379	SORBS3
pilot3	CCSBORF7201	1	CCSBORF55625	3AT	3	167T>G	2422	NC_000017.11:35118596:A:C	CCSBVarC024801	ENSP00000338790.6:p.Val56Gly	RAD51D	ENSG00000185379	SORBS3
pilot3	CCSBORF7201	1	CCSBORF55625	3AT	3	196G>A	2749	NC_000017.11:35118567:C:T	CCSBVarC024804	ENSP00000338790.6:p.Val66Met	RAD51D	ENSG00000185379	SORBS3
pilot3	CCSBORF7201	1	CCSBORF55625	3AT	3	196G>T	1267	NC_000017.11:35118567:C:A	CCSBVarC024807	ENSP00000338790.6:p.Val66Leu	RAD51D	ENSG00000185379	SORBS3
pilot3	CCSBORF7201	1	CCSBORF55625	3AT	3	26G>C	153	NC_000017.11:35119587:C:G	CCSBVarC024707	ENSP00000338790.6:p.Cys9Ser	RAD51D	ENSG00000185379	SORBS3
pilot3	CCSBORF7201	1	CCSBORF55625	3AT	3	394G>A	69	NC_000017.11:35107073:C:T	CCSBVarC024822	ENSP00000338790.6:p.Val132Ile	RAD51D	ENSG00000185379	SORBS3
pilot3	CCSBORF7201	1	CCSBORF55625	3AT	3	412A>C	18219	NC_000017.11:35107055:T:G	CCSBVarC024825	ENSP00000338790.6:p.Asn138His	RAD51D	ENSG00000185379	SORBS3
pilot3	CCSBORF7201	1	CCSBORF55625	3AT	3	49A>G	3415	NC_000017.11:35119564:T:C	CCSBVarC024709	ENSP00000338790.6:p.Ile17Val	RAD51D	ENSG00000185379	SORBS3
pilot3	CCSBORF7201	1	CCSBORF55625	3AT	3	68A>G	1106	NC_000017.11:35119545:T:C	CCSBVarC024711	ENSP00000338790.6:p.His23Arg	RAD51D	ENSG00000185379	SORBS3
pilot3	CCSBORF7201	1	CCSBORF55625	3AT	3	80C>A	94	NC_000017.11:35119533:G:T	CCSBVarC024723	ENSP00000338790.6:p.Thr27Lys	RAD51D	ENSG00000185379	SORBS3
pilot3	CCSBORF7201	1	CCSBORF55625	3AT	3	82G>C	28	NC_000017.11:35119531:C:G	CCSBVarC024750	ENSP00000338790.6:p.Val28Leu	RAD51D	ENSG00000185379	SORBS3
pilot3	CCSBORF7201	1	CCSBORF9297	3AT	3	REF	1448	NULL	NULL	NULL	RAD51D	ENSG00000185379	STX11
pilot3	CCSBORF7201	1	CCSBORF9297	3AT	3	137C>G	71	NC_000017.11:35119117:G:C	CCSBVarC024795	ENSP00000338790.6:p.Ser46Cys	RAD51D	ENSG00000185379	STX11
pilot3	CCSBORF7201	1	CCSBORF9297	3AT	3	163C>T	28	NC_000017.11:35118600:G:A	CCSBVarC024799	ENSP00000338790.6:p.Arg55Trp	RAD51D	ENSG00000185379	STX11
pilot3	CCSBORF7201	1	CCSBORF9297	3AT	3	167T>G	1165	NC_000017.11:35118596:A:C	CCSBVarC024801	ENSP00000338790.6:p.Val56Gly	RAD51D	ENSG00000185379	STX11
pilot3	CCSBORF7201	1	CCSBORF9297	3AT	3	196G>A	7588	NC_000017.11:35118567:C:T	CCSBVarC024804	ENSP00000338790.6:p.Val66Met	RAD51D	ENSG00000185379	STX11
pilot3	CCSBORF7201	1	CCSBORF9297	3AT	3	196G>T	1614	NC_000017.11:35118567:C:A	CCSBVarC024807	ENSP00000338790.6:p.Val66Leu	RAD51D	ENSG00000185379	STX11
pilot3	CCSBORF7201	1	CCSBORF9297	3AT	3	26G>C	7	NC_000017.11:35119587:C:G	CCSBVarC024707	ENSP00000338790.6:p.Cys9Ser	RAD51D	ENSG00000185379	STX11
pilot3	CCSBORF7201	1	CCSBORF9297	3AT	3	394G>A	57	NC_000017.11:35107073:C:T	CCSBVarC024822	ENSP00000338790.6:p.Val132Ile	RAD51D	ENSG00000185379	STX11
pilot3	CCSBORF7201	1	CCSBORF9297	3AT	3	412A>C	18251	NC_000017.11:35107055:T:G	CCSBVarC024825	ENSP00000338790.6:p.Asn138His	RAD51D	ENSG00000185379	STX11
pilot3	CCSBORF7201	1	CCSBORF9297	3AT	3	49A>G	1898	NC_000017.11:35119564:T:C	CCSBVarC024709	ENSP00000338790.6:p.Ile17Val	RAD51D	ENSG00000185379	STX11
pilot3	CCSBORF7201	1	CCSBORF9297	3AT	3	68A>G	29	NC_000017.11:35119545:T:C	CCSBVarC024711	ENSP00000338790.6:p.His23Arg	RAD51D	ENSG00000185379	STX11
pilot3	CCSBORF7201	1	CCSBORF9297	3AT	3	80C>A	15	NC_000017.11:35119533:G:T	CCSBVarC024723	ENSP00000338790.6:p.Thr27Lys	RAD51D	ENSG00000185379	STX11
pilot3	CCSBORF7201	1	CCSBORF9297	3AT	3	82G>C	1	NC_000017.11:35119531:C:G	CCSBVarC024750	ENSP00000338790.6:p.Val28Leu	RAD51D	ENSG00000185379	STX11
pilot3	CCSBORF7201	1	CCSBORF56644	3AT	3	REF	2350	NULL	NULL	NULL	RAD51D	ENSG00000185379	TCF4
pilot3	CCSBORF7201	1	CCSBORF56644	3AT	3	137C>G	6273	NC_000017.11:35119117:G:C	CCSBVarC024795	ENSP00000338790.6:p.Ser46Cys	RAD51D	ENSG00000185379	TCF4
pilot3	CCSBORF7201	1	CCSBORF56644	3AT	3	163C>T	131	NC_000017.11:35118600:G:A	CCSBVarC024799	ENSP00000338790.6:p.Arg55Trp	RAD51D	ENSG00000185379	TCF4
pilot3	CCSBORF7201	1	CCSBORF56644	3AT	3	167T>G	2262	NC_000017.11:35118596:A:C	CCSBVarC024801	ENSP00000338790.6:p.Val56Gly	RAD51D	ENSG00000185379	TCF4
pilot3	CCSBORF7201	1	CCSBORF56644	3AT	3	196G>A	2345	NC_000017.11:35118567:C:T	CCSBVarC024804	ENSP00000338790.6:p.Val66Met	RAD51D	ENSG00000185379	TCF4
pilot3	CCSBORF7201	1	CCSBORF56644	3AT	3	196G>T	1699	NC_000017.11:35118567:C:A	CCSBVarC024807	ENSP00000338790.6:p.Val66Leu	RAD51D	ENSG00000185379	TCF4
pilot3	CCSBORF7201	1	CCSBORF56644	3AT	3	26G>C	102	NC_000017.11:35119587:C:G	CCSBVarC024707	ENSP00000338790.6:p.Cys9Ser	RAD51D	ENSG00000185379	TCF4
pilot3	CCSBORF7201	1	CCSBORF56644	3AT	3	394G>A	147	NC_000017.11:35107073:C:T	CCSBVarC024822	ENSP00000338790.6:p.Val132Ile	RAD51D	ENSG00000185379	TCF4
pilot3	CCSBORF7201	1	CCSBORF56644	3AT	3	412A>C	8885	NC_000017.11:35107055:T:G	CCSBVarC024825	ENSP00000338790.6:p.Asn138His	RAD51D	ENSG00000185379	TCF4
pilot3	CCSBORF7201	1	CCSBORF56644	3AT	3	49A>G	2239	NC_000017.11:35119564:T:C	CCSBVarC024709	ENSP00000338790.6:p.Ile17Val	RAD51D	ENSG00000185379	TCF4
pilot3	CCSBORF7201	1	CCSBORF56644	3AT	3	68A>G	1017	NC_000017.11:35119545:T:C	CCSBVarC024711	ENSP00000338790.6:p.His23Arg	RAD51D	ENSG00000185379	TCF4
pilot3	CCSBORF7201	1	CCSBORF56644	3AT	3	80C>A	109	NC_000017.11:35119533:G:T	CCSBVarC024723	ENSP00000338790.6:p.Thr27Lys	RAD51D	ENSG00000185379	TCF4
pilot3	CCSBORF7201	1	CCSBORF56644	3AT	3	82G>C	50	NC_000017.11:35119531:C:G	CCSBVarC024750	ENSP00000338790.6:p.Val28Leu	RAD51D	ENSG00000185379	TCF4
pilot3	CCSBORF7201	1	CCSBORF4976	3AT	3	REF	2755	NULL	NULL	NULL	RAD51D	ENSG00000185379	TRIM14
pilot3	CCSBORF7201	1	CCSBORF4976	3AT	3	137C>G	50	NC_000017.11:35119117:G:C	CCSBVarC024795	ENSP00000338790.6:p.Ser46Cys	RAD51D	ENSG00000185379	TRIM14
pilot3	CCSBORF7201	1	CCSBORF4976	3AT	3	163C>T	105	NC_000017.11:35118600:G:A	CCSBVarC024799	ENSP00000338790.6:p.Arg55Trp	RAD51D	ENSG00000185379	TRIM14
pilot3	CCSBORF7201	1	CCSBORF4976	3AT	3	167T>G	4234	NC_000017.11:35118596:A:C	CCSBVarC024801	ENSP00000338790.6:p.Val56Gly	RAD51D	ENSG00000185379	TRIM14
pilot3	CCSBORF7201	1	CCSBORF4976	3AT	3	196G>A	5667	NC_000017.11:35118567:C:T	CCSBVarC024804	ENSP00000338790.6:p.Val66Met	RAD51D	ENSG00000185379	TRIM14
pilot3	CCSBORF7201	1	CCSBORF4976	3AT	3	196G>T	2342	NC_000017.11:35118567:C:A	CCSBVarC024807	ENSP00000338790.6:p.Val66Leu	RAD51D	ENSG00000185379	TRIM14
pilot3	CCSBORF7201	1	CCSBORF4976	3AT	3	26G>C	130	NC_000017.11:35119587:C:G	CCSBVarC024707	ENSP00000338790.6:p.Cys9Ser	RAD51D	ENSG00000185379	TRIM14
pilot3	CCSBORF7201	1	CCSBORF4976	3AT	3	394G>A	126	NC_000017.11:35107073:C:T	CCSBVarC024822	ENSP00000338790.6:p.Val132Ile	RAD51D	ENSG00000185379	TRIM14
pilot3	CCSBORF7201	1	CCSBORF4976	3AT	3	412A>C	16638	NC_000017.11:35107055:T:G	CCSBVarC024825	ENSP00000338790.6:p.Asn138His	RAD51D	ENSG00000185379	TRIM14
pilot3	CCSBORF7201	1	CCSBORF4976	3AT	3	49A>G	4187	NC_000017.11:35119564:T:C	CCSBVarC024709	ENSP00000338790.6:p.Ile17Val	RAD51D	ENSG00000185379	TRIM14
pilot3	CCSBORF7201	1	CCSBORF4976	3AT	3	68A>G	1166	NC_000017.11:35119545:T:C	CCSBVarC024711	ENSP00000338790.6:p.His23Arg	RAD51D	ENSG00000185379	TRIM14
pilot3	CCSBORF7201	1	CCSBORF4976	3AT	3	80C>A	153	NC_000017.11:35119533:G:T	CCSBVarC024723	ENSP00000338790.6:p.Thr27Lys	RAD51D	ENSG00000185379	TRIM14
pilot3	CCSBORF7201	1	CCSBORF4976	3AT	3	82G>C	57	NC_000017.11:35119531:C:G	CCSBVarC024750	ENSP00000338790.6:p.Val28Leu	RAD51D	ENSG00000185379	TRIM14
pilot3	CCSBORF7201	1	CCSBORF13571	3AT	3	REF	1726	NULL	NULL	NULL	RAD51D	ENSG00000185379	XRCC2
pilot3	CCSBORF7201	1	CCSBORF13571	3AT	3	137C>G	1046	NC_000017.11:35119117:G:C	CCSBVarC024795	ENSP00000338790.6:p.Ser46Cys	RAD51D	ENSG00000185379	XRCC2
pilot3	CCSBORF7201	1	CCSBORF13571	3AT	3	163C>T	1677	NC_000017.11:35118600:G:A	CCSBVarC024799	ENSP00000338790.6:p.Arg55Trp	RAD51D	ENSG00000185379	XRCC2
pilot3	CCSBORF7201	1	CCSBORF13571	3AT	3	167T>G	2067	NC_000017.11:35118596:A:C	CCSBVarC024801	ENSP00000338790.6:p.Val56Gly	RAD51D	ENSG00000185379	XRCC2
pilot3	CCSBORF7201	1	CCSBORF13571	3AT	3	196G>A	8607	NC_000017.11:35118567:C:T	CCSBVarC024804	ENSP00000338790.6:p.Val66Met	RAD51D	ENSG00000185379	XRCC2
pilot3	CCSBORF7201	1	CCSBORF13571	3AT	3	196G>T	2836	NC_000017.11:35118567:C:A	CCSBVarC024807	ENSP00000338790.6:p.Val66Leu	RAD51D	ENSG00000185379	XRCC2
pilot3	CCSBORF7201	1	CCSBORF13571	3AT	3	26G>C	1335	NC_000017.11:35119587:C:G	CCSBVarC024707	ENSP00000338790.6:p.Cys9Ser	RAD51D	ENSG00000185379	XRCC2
pilot3	CCSBORF7201	1	CCSBORF13571	3AT	3	394G>A	1563	NC_000017.11:35107073:C:T	CCSBVarC024822	ENSP00000338790.6:p.Val132Ile	RAD51D	ENSG00000185379	XRCC2
pilot3	CCSBORF7201	1	CCSBORF13571	3AT	3	412A>C	3630	NC_000017.11:35107055:T:G	CCSBVarC024825	ENSP00000338790.6:p.Asn138His	RAD51D	ENSG00000185379	XRCC2
pilot3	CCSBORF7201	1	CCSBORF13571	3AT	3	49A>G	2374	NC_000017.11:35119564:T:C	CCSBVarC024709	ENSP00000338790.6:p.Ile17Val	RAD51D	ENSG00000185379	XRCC2
pilot3	CCSBORF7201	1	CCSBORF13571	3AT	3	68A>G	2094	NC_000017.11:35119545:T:C	CCSBVarC024711	ENSP00000338790.6:p.His23Arg	RAD51D	ENSG00000185379	XRCC2
pilot3	CCSBORF7201	1	CCSBORF13571	3AT	3	80C>A	1241	NC_000017.11:35119533:G:T	CCSBVarC024723	ENSP00000338790.6:p.Thr27Lys	RAD51D	ENSG00000185379	XRCC2
pilot3	CCSBORF7201	1	CCSBORF13571	3AT	3	82G>C	746	NC_000017.11:35119531:C:G	CCSBVarC024750	ENSP00000338790.6:p.Val28Leu	RAD51D	ENSG00000185379	XRCC2
pilot3	CCSBORF7201	1	CCSBORF0	3AT	3	REF	4	NULL	NULL	NULL	RAD51D	ENSG00000185379	empty_AD
pilot3	CCSBORF7201	1	CCSBORF0	3AT	3	137C>G	0	NC_000017.11:35119117:G:C	CCSBVarC024795	ENSP00000338790.6:p.Ser46Cys	RAD51D	ENSG00000185379	empty_AD
pilot3	CCSBORF7201	1	CCSBORF0	3AT	3	163C>T	2	NC_000017.11:35118600:G:A	CCSBVarC024799	ENSP00000338790.6:p.Arg55Trp	RAD51D	ENSG00000185379	empty_AD
pilot3	CCSBORF7201	1	CCSBORF0	3AT	3	167T>G	63	NC_000017.11:35118596:A:C	CCSBVarC024801	ENSP00000338790.6:p.Val56Gly	RAD51D	ENSG00000185379	empty_AD
pilot3	CCSBORF7201	1	CCSBORF0	3AT	3	196G>A	0	NC_000017.11:35118567:C:T	CCSBVarC024804	ENSP00000338790.6:p.Val66Met	RAD51D	ENSG00000185379	empty_AD
pilot3	CCSBORF7201	1	CCSBORF0	3AT	3	196G>T	254	NC_000017.11:35118567:C:A	CCSBVarC024807	ENSP00000338790.6:p.Val66Leu	RAD51D	ENSG00000185379	empty_AD
pilot3	CCSBORF7201	1	CCSBORF0	3AT	3	26G>C	119	NC_000017.11:35119587:C:G	CCSBVarC024707	ENSP00000338790.6:p.Cys9Ser	RAD51D	ENSG00000185379	empty_AD
pilot3	CCSBORF7201	1	CCSBORF0	3AT	3	394G>A	0	NC_000017.11:35107073:C:T	CCSBVarC024822	ENSP00000338790.6:p.Val132Ile	RAD51D	ENSG00000185379	empty_AD
pilot3	CCSBORF7201	1	CCSBORF0	3AT	3	412A>C	43	NC_000017.11:35107055:T:G	CCSBVarC024825	ENSP00000338790.6:p.Asn138His	RAD51D	ENSG00000185379	empty_AD
pilot3	CCSBORF7201	1	CCSBORF0	3AT	3	49A>G	294	NC_000017.11:35119564:T:C	CCSBVarC024709	ENSP00000338790.6:p.Ile17Val	RAD51D	ENSG00000185379	empty_AD
pilot3	CCSBORF7201	1	CCSBORF0	3AT	3	68A>G	37	NC_000017.11:35119545:T:C	CCSBVarC024711	ENSP00000338790.6:p.His23Arg	RAD51D	ENSG00000185379	empty_AD
pilot3	CCSBORF7201	1	CCSBORF0	3AT	3	80C>A	0	NC_000017.11:35119533:G:T	CCSBVarC024723	ENSP00000338790.6:p.Thr27Lys	RAD51D	ENSG00000185379	empty_AD
pilot3	CCSBORF7201	1	CCSBORF0	3AT	3	82G>C	68	NC_000017.11:35119531:C:G	CCSBVarC024750	ENSP00000338790.6:p.Val28Leu	RAD51D	ENSG00000185379	empty_AD
pilot3	CCSBORF7201	2	CCSBORF100080871	3AT	3	REF	1179	NULL	NULL	NULL	RAD51D	ENSG00000185379	PRDM6
pilot3	CCSBORF7201	2	CCSBORF100080871	3AT	3	493C>T	31	NC_000017.11:35106468:G:A	CCSBVarC024828	ENSP00000338790.6:p.Arg165Trp	RAD51D	ENSG00000185379	PRDM6
pilot3	CCSBORF7201	2	CCSBORF100080871	3AT	3	494G>A	666	NC_000017.11:35106467:C:T	CCSBVarC002917	ENSP00000338790.6:p.Arg165Gln	RAD51D	ENSG00000185379	PRDM6
pilot3	CCSBORF7201	2	CCSBORF100080871	3AT	3	691G>T	1304	NC_000017.11:35103300:C:A	CCSBVarC024850	ENSP00000338790.6:p.Ala231Ser	RAD51D	ENSG00000185379	PRDM6
pilot3	CCSBORF7201	2	CCSBORF100080871	3AT	3	698A>G	16	NC_000017.11:35103293:T:C	CCSBVarC001140	ENSP00000338790.6:p.Glu233Gly	RAD51D	ENSG00000185379	PRDM6
pilot3	CCSBORF7201	2	CCSBORF100080871	3AT	3	751A>G	3906	NC_000017.11:35101352:T:C	CCSBVarC024857	ENSP00000338790.6:p.Ile251Val	RAD51D	ENSG00000185379	PRDM6
pilot3	CCSBORF7201	2	CCSBORF100080871	3AT	3	865G>A	3030	NC_000017.11:35101238:C:T	CCSBVarC024877	ENSP00000338790.6:p.Gly289Ser	RAD51D	ENSG00000185379	PRDM6
pilot3	CCSBORF7201	2	CCSBORF100080871	3AT	3	869G>A	2057	NC_000017.11:35101234:C:T	CCSBVarC024880	ENSP00000338790.6:p.Arg290Gln	RAD51D	ENSG00000185379	PRDM6
pilot3	CCSBORF7201	2	CCSBORF100080871	3AT	3	915C>G	8235	NC_000017.11:35101024:G:C	CCSBVarC024886	ENSP00000338790.6:p.Phe305Leu	RAD51D	ENSG00000185379	PRDM6
pilot3	CCSBORF7201	2	CCSBORF100080871	3AT	3	919G>A	193	NC_000017.11:35101020:C:T	CCSBVarC024889	ENSP00000338790.6:p.Glu307Lys	RAD51D	ENSG00000185379	PRDM6
pilot3	CCSBORF7201	2	CCSBORF100080871	3AT	3	922A>G	2070	NC_000017.11:35101017:T:C	CCSBVarC024892	ENSP00000338790.6:p.Met308Val	RAD51D	ENSG00000185379	PRDM6
pilot3	CCSBORF7201	2	CCSBORF100080871	3AT	3	983C>T	570	NC_000017.11:35100956:G:A	CCSBVarC024896	ENSP00000338790.6:p.Thr328Ile	RAD51D	ENSG00000185379	PRDM6
pilot3	CCSBORF7201	2	CCSBORF53942	3AT	3	REF	1247	NULL	NULL	NULL	RAD51D	ENSG00000185379	REL
pilot3	CCSBORF7201	2	CCSBORF53942	3AT	3	493C>T	9	NC_000017.11:35106468:G:A	CCSBVarC024828	ENSP00000338790.6:p.Arg165Trp	RAD51D	ENSG00000185379	REL
pilot3	CCSBORF7201	2	CCSBORF53942	3AT	3	494G>A	261	NC_000017.11:35106467:C:T	CCSBVarC002917	ENSP00000338790.6:p.Arg165Gln	RAD51D	ENSG00000185379	REL
pilot3	CCSBORF7201	2	CCSBORF53942	3AT	3	691G>T	1223	NC_000017.11:35103300:C:A	CCSBVarC024850	ENSP00000338790.6:p.Ala231Ser	RAD51D	ENSG00000185379	REL
pilot3	CCSBORF7201	2	CCSBORF53942	3AT	3	698A>G	11	NC_000017.11:35103293:T:C	CCSBVarC001140	ENSP00000338790.6:p.Glu233Gly	RAD51D	ENSG00000185379	REL
pilot3	CCSBORF7201	2	CCSBORF53942	3AT	3	751A>G	3280	NC_000017.11:35101352:T:C	CCSBVarC024857	ENSP00000338790.6:p.Ile251Val	RAD51D	ENSG00000185379	REL
pilot3	CCSBORF7201	2	CCSBORF53942	3AT	3	865G>A	3376	NC_000017.11:35101238:C:T	CCSBVarC024877	ENSP00000338790.6:p.Gly289Ser	RAD51D	ENSG00000185379	REL
pilot3	CCSBORF7201	2	CCSBORF53942	3AT	3	869G>A	2901	NC_000017.11:35101234:C:T	CCSBVarC024880	ENSP00000338790.6:p.Arg290Gln	RAD51D	ENSG00000185379	REL
pilot3	CCSBORF7201	2	CCSBORF53942	3AT	3	915C>G	10292	NC_000017.11:35101024:G:C	CCSBVarC024886	ENSP00000338790.6:p.Phe305Leu	RAD51D	ENSG00000185379	REL
pilot3	CCSBORF7201	2	CCSBORF53942	3AT	3	919G>A	214	NC_000017.11:35101020:C:T	CCSBVarC024889	ENSP00000338790.6:p.Glu307Lys	RAD51D	ENSG00000185379	REL
pilot3	CCSBORF7201	2	CCSBORF53942	3AT	3	922A>G	2087	NC_000017.11:35101017:T:C	CCSBVarC024892	ENSP00000338790.6:p.Met308Val	RAD51D	ENSG00000185379	REL
pilot3	CCSBORF7201	2	CCSBORF53942	3AT	3	983C>T	929	NC_000017.11:35100956:G:A	CCSBVarC024896	ENSP00000338790.6:p.Thr328Ile	RAD51D	ENSG00000185379	REL
pilot3	CCSBORF7201	2	CCSBORF55625	3AT	3	REF	1444	NULL	NULL	NULL	RAD51D	ENSG00000185379	SORBS3
pilot3	CCSBORF7201	2	CCSBORF55625	3AT	3	493C>T	12	NC_000017.11:35106468:G:A	CCSBVarC024828	ENSP00000338790.6:p.Arg165Trp	RAD51D	ENSG00000185379	SORBS3
pilot3	CCSBORF7201	2	CCSBORF55625	3AT	3	494G>A	316	NC_000017.11:35106467:C:T	CCSBVarC002917	ENSP00000338790.6:p.Arg165Gln	RAD51D	ENSG00000185379	SORBS3
pilot3	CCSBORF7201	2	CCSBORF55625	3AT	3	691G>T	1173	NC_000017.11:35103300:C:A	CCSBVarC024850	ENSP00000338790.6:p.Ala231Ser	RAD51D	ENSG00000185379	SORBS3
pilot3	CCSBORF7201	2	CCSBORF55625	3AT	3	698A>G	5	NC_000017.11:35103293:T:C	CCSBVarC001140	ENSP00000338790.6:p.Glu233Gly	RAD51D	ENSG00000185379	SORBS3
pilot3	CCSBORF7201	2	CCSBORF55625	3AT	3	751A>G	5105	NC_000017.11:35101352:T:C	CCSBVarC024857	ENSP00000338790.6:p.Ile251Val	RAD51D	ENSG00000185379	SORBS3
pilot3	CCSBORF7201	2	CCSBORF55625	3AT	3	865G>A	4640	NC_000017.11:35101238:C:T	CCSBVarC024877	ENSP00000338790.6:p.Gly289Ser	RAD51D	ENSG00000185379	SORBS3
pilot3	CCSBORF7201	2	CCSBORF55625	3AT	3	869G>A	2250	NC_000017.11:35101234:C:T	CCSBVarC024880	ENSP00000338790.6:p.Arg290Gln	RAD51D	ENSG00000185379	SORBS3
pilot3	CCSBORF7201	2	CCSBORF55625	3AT	3	915C>G	24428	NC_000017.11:35101024:G:C	CCSBVarC024886	ENSP00000338790.6:p.Phe305Leu	RAD51D	ENSG00000185379	SORBS3
pilot3	CCSBORF7201	2	CCSBORF55625	3AT	3	919G>A	101	NC_000017.11:35101020:C:T	CCSBVarC024889	ENSP00000338790.6:p.Glu307Lys	RAD51D	ENSG00000185379	SORBS3
pilot3	CCSBORF7201	2	CCSBORF55625	3AT	3	922A>G	3302	NC_000017.11:35101017:T:C	CCSBVarC024892	ENSP00000338790.6:p.Met308Val	RAD51D	ENSG00000185379	SORBS3
pilot3	CCSBORF7201	2	CCSBORF55625	3AT	3	983C>T	416	NC_000017.11:35100956:G:A	CCSBVarC024896	ENSP00000338790.6:p.Thr328Ile	RAD51D	ENSG00000185379	SORBS3
pilot3	CCSBORF7201	2	CCSBORF9297	3AT	3	REF	1537	NULL	NULL	NULL	RAD51D	ENSG00000185379	STX11
pilot3	CCSBORF7201	2	CCSBORF9297	3AT	3	493C>T	7	NC_000017.11:35106468:G:A	CCSBVarC024828	ENSP00000338790.6:p.Arg165Trp	RAD51D	ENSG00000185379	STX11
pilot3	CCSBORF7201	2	CCSBORF9297	3AT	3	494G>A	25	NC_000017.11:35106467:C:T	CCSBVarC002917	ENSP00000338790.6:p.Arg165Gln	RAD51D	ENSG00000185379	STX11
pilot3	CCSBORF7201	2	CCSBORF9297	3AT	3	691G>T	426	NC_000017.11:35103300:C:A	CCSBVarC024850	ENSP00000338790.6:p.Ala231Ser	RAD51D	ENSG00000185379	STX11
pilot3	CCSBORF7201	2	CCSBORF9297	3AT	3	698A>G	21	NC_000017.11:35103293:T:C	CCSBVarC001140	ENSP00000338790.6:p.Glu233Gly	RAD51D	ENSG00000185379	STX11
pilot3	CCSBORF7201	2	CCSBORF9297	3AT	3	751A>G	3787	NC_000017.11:35101352:T:C	CCSBVarC024857	ENSP00000338790.6:p.Ile251Val	RAD51D	ENSG00000185379	STX11
pilot3	CCSBORF7201	2	CCSBORF9297	3AT	3	865G>A	4715	NC_000017.11:35101238:C:T	CCSBVarC024877	ENSP00000338790.6:p.Gly289Ser	RAD51D	ENSG00000185379	STX11
pilot3	CCSBORF7201	2	CCSBORF9297	3AT	3	869G>A	2601	NC_000017.11:35101234:C:T	CCSBVarC024880	ENSP00000338790.6:p.Arg290Gln	RAD51D	ENSG00000185379	STX11
pilot3	CCSBORF7201	2	CCSBORF9297	3AT	3	915C>G	28047	NC_000017.11:35101024:G:C	CCSBVarC024886	ENSP00000338790.6:p.Phe305Leu	RAD51D	ENSG00000185379	STX11
pilot3	CCSBORF7201	2	CCSBORF9297	3AT	3	919G>A	278	NC_000017.11:35101020:C:T	CCSBVarC024889	ENSP00000338790.6:p.Glu307Lys	RAD51D	ENSG00000185379	STX11
pilot3	CCSBORF7201	2	CCSBORF9297	3AT	3	922A>G	2083	NC_000017.11:35101017:T:C	CCSBVarC024892	ENSP00000338790.6:p.Met308Val	RAD51D	ENSG00000185379	STX11
pilot3	CCSBORF7201	2	CCSBORF9297	3AT	3	983C>T	230	NC_000017.11:35100956:G:A	CCSBVarC024896	ENSP00000338790.6:p.Thr328Ile	RAD51D	ENSG00000185379	STX11
pilot3	CCSBORF7201	2	CCSBORF56644	3AT	3	REF	1383	NULL	NULL	NULL	RAD51D	ENSG00000185379	TCF4
pilot3	CCSBORF7201	2	CCSBORF56644	3AT	3	493C>T	58	NC_000017.11:35106468:G:A	CCSBVarC024828	ENSP00000338790.6:p.Arg165Trp	RAD51D	ENSG00000185379	TCF4
pilot3	CCSBORF7201	2	CCSBORF56644	3AT	3	494G>A	169	NC_000017.11:35106467:C:T	CCSBVarC002917	ENSP00000338790.6:p.Arg165Gln	RAD51D	ENSG00000185379	TCF4
pilot3	CCSBORF7201	2	CCSBORF56644	3AT	3	691G>T	1486	NC_000017.11:35103300:C:A	CCSBVarC024850	ENSP00000338790.6:p.Ala231Ser	RAD51D	ENSG00000185379	TCF4
pilot3	CCSBORF7201	2	CCSBORF56644	3AT	3	698A>G	11	NC_000017.11:35103293:T:C	CCSBVarC001140	ENSP00000338790.6:p.Glu233Gly	RAD51D	ENSG00000185379	TCF4
pilot3	CCSBORF7201	2	CCSBORF56644	3AT	3	751A>G	3865	NC_000017.11:35101352:T:C	CCSBVarC024857	ENSP00000338790.6:p.Ile251Val	RAD51D	ENSG00000185379	TCF4
pilot3	CCSBORF7201	2	CCSBORF56644	3AT	3	865G>A	2606	NC_000017.11:35101238:C:T	CCSBVarC024877	ENSP00000338790.6:p.Gly289Ser	RAD51D	ENSG00000185379	TCF4
pilot3	CCSBORF7201	2	CCSBORF56644	3AT	3	869G>A	2470	NC_000017.11:35101234:C:T	CCSBVarC024880	ENSP00000338790.6:p.Arg290Gln	RAD51D	ENSG00000185379	TCF4
pilot3	CCSBORF7201	2	CCSBORF56644	3AT	3	915C>G	20075	NC_000017.11:35101024:G:C	CCSBVarC024886	ENSP00000338790.6:p.Phe305Leu	RAD51D	ENSG00000185379	TCF4
pilot3	CCSBORF7201	2	CCSBORF56644	3AT	3	919G>A	124	NC_000017.11:35101020:C:T	CCSBVarC024889	ENSP00000338790.6:p.Glu307Lys	RAD51D	ENSG00000185379	TCF4
pilot3	CCSBORF7201	2	CCSBORF56644	3AT	3	922A>G	2608	NC_000017.11:35101017:T:C	CCSBVarC024892	ENSP00000338790.6:p.Met308Val	RAD51D	ENSG00000185379	TCF4
pilot3	CCSBORF7201	2	CCSBORF56644	3AT	3	983C>T	756	NC_000017.11:35100956:G:A	CCSBVarC024896	ENSP00000338790.6:p.Thr328Ile	RAD51D	ENSG00000185379	TCF4
pilot3	CCSBORF7201	2	CCSBORF4976	3AT	3	REF	1127	NULL	NULL	NULL	RAD51D	ENSG00000185379	TRIM14
pilot3	CCSBORF7201	2	CCSBORF4976	3AT	3	493C>T	7	NC_000017.11:35106468:G:A	CCSBVarC024828	ENSP00000338790.6:p.Arg165Trp	RAD51D	ENSG00000185379	TRIM14
pilot3	CCSBORF7201	2	CCSBORF4976	3AT	3	494G>A	473	NC_000017.11:35106467:C:T	CCSBVarC002917	ENSP00000338790.6:p.Arg165Gln	RAD51D	ENSG00000185379	TRIM14
pilot3	CCSBORF7201	2	CCSBORF4976	3AT	3	691G>T	1084	NC_000017.11:35103300:C:A	CCSBVarC024850	ENSP00000338790.6:p.Ala231Ser	RAD51D	ENSG00000185379	TRIM14
pilot3	CCSBORF7201	2	CCSBORF4976	3AT	3	698A>G	10	NC_000017.11:35103293:T:C	CCSBVarC001140	ENSP00000338790.6:p.Glu233Gly	RAD51D	ENSG00000185379	TRIM14
pilot3	CCSBORF7201	2	CCSBORF4976	3AT	3	751A>G	2792	NC_000017.11:35101352:T:C	CCSBVarC024857	ENSP00000338790.6:p.Ile251Val	RAD51D	ENSG00000185379	TRIM14
pilot3	CCSBORF7201	2	CCSBORF4976	3AT	3	865G>A	2203	NC_000017.11:35101238:C:T	CCSBVarC024877	ENSP00000338790.6:p.Gly289Ser	RAD51D	ENSG00000185379	TRIM14
pilot3	CCSBORF7201	2	CCSBORF4976	3AT	3	869G>A	1509	NC_000017.11:35101234:C:T	CCSBVarC024880	ENSP00000338790.6:p.Arg290Gln	RAD51D	ENSG00000185379	TRIM14
pilot3	CCSBORF7201	2	CCSBORF4976	3AT	3	915C>G	17634	NC_000017.11:35101024:G:C	CCSBVarC024886	ENSP00000338790.6:p.Phe305Leu	RAD51D	ENSG00000185379	TRIM14
pilot3	CCSBORF7201	2	CCSBORF4976	3AT	3	919G>A	103	NC_000017.11:35101020:C:T	CCSBVarC024889	ENSP00000338790.6:p.Glu307Lys	RAD51D	ENSG00000185379	TRIM14
pilot3	CCSBORF7201	2	CCSBORF4976	3AT	3	922A>G	1352	NC_000017.11:35101017:T:C	CCSBVarC024892	ENSP00000338790.6:p.Met308Val	RAD51D	ENSG00000185379	TRIM14
pilot3	CCSBORF7201	2	CCSBORF4976	3AT	3	983C>T	199	NC_000017.11:35100956:G:A	CCSBVarC024896	ENSP00000338790.6:p.Thr328Ile	RAD51D	ENSG00000185379	TRIM14
pilot3	CCSBORF7201	2	CCSBORF13571	3AT	3	REF	1128	NULL	NULL	NULL	RAD51D	ENSG00000185379	XRCC2
pilot3	CCSBORF7201	2	CCSBORF13571	3AT	3	493C>T	1085	NC_000017.11:35106468:G:A	CCSBVarC024828	ENSP00000338790.6:p.Arg165Trp	RAD51D	ENSG00000185379	XRCC2
pilot3	CCSBORF7201	2	CCSBORF13571	3AT	3	494G>A	682	NC_000017.11:35106467:C:T	CCSBVarC002917	ENSP00000338790.6:p.Arg165Gln	RAD51D	ENSG00000185379	XRCC2
pilot3	CCSBORF7201	2	CCSBORF13571	3AT	3	691G>T	1892	NC_000017.11:35103300:C:A	CCSBVarC024850	ENSP00000338790.6:p.Ala231Ser	RAD51D	ENSG00000185379	XRCC2
pilot3	CCSBORF7201	2	CCSBORF13571	3AT	3	698A>G	183	NC_000017.11:35103293:T:C	CCSBVarC001140	ENSP00000338790.6:p.Glu233Gly	RAD51D	ENSG00000185379	XRCC2
pilot3	CCSBORF7201	2	CCSBORF13571	3AT	3	751A>G	3750	NC_000017.11:35101352:T:C	CCSBVarC024857	ENSP00000338790.6:p.Ile251Val	RAD51D	ENSG00000185379	XRCC2
pilot3	CCSBORF7201	2	CCSBORF13571	3AT	3	865G>A	5205	NC_000017.11:35101238:C:T	CCSBVarC024877	ENSP00000338790.6:p.Gly289Ser	RAD51D	ENSG00000185379	XRCC2
pilot3	CCSBORF7201	2	CCSBORF13571	3AT	3	869G>A	4226	NC_000017.11:35101234:C:T	CCSBVarC024880	ENSP00000338790.6:p.Arg290Gln	RAD51D	ENSG00000185379	XRCC2
pilot3	CCSBORF7201	2	CCSBORF13571	3AT	3	915C>G	4593	NC_000017.11:35101024:G:C	CCSBVarC024886	ENSP00000338790.6:p.Phe305Leu	RAD51D	ENSG00000185379	XRCC2
pilot3	CCSBORF7201	2	CCSBORF13571	3AT	3	919G>A	1995	NC_000017.11:35101020:C:T	CCSBVarC024889	ENSP00000338790.6:p.Glu307Lys	RAD51D	ENSG00000185379	XRCC2
pilot3	CCSBORF7201	2	CCSBORF13571	3AT	3	922A>G	3146	NC_000017.11:35101017:T:C	CCSBVarC024892	ENSP00000338790.6:p.Met308Val	RAD51D	ENSG00000185379	XRCC2
pilot3	CCSBORF7201	2	CCSBORF13571	3AT	3	983C>T	2380	NC_000017.11:35100956:G:A	CCSBVarC024896	ENSP00000338790.6:p.Thr328Ile	RAD51D	ENSG00000185379	XRCC2
pilot3	CCSBORF7201	2	CCSBORF0	3AT	3	REF	74	NULL	NULL	NULL	RAD51D	ENSG00000185379	empty_AD
pilot3	CCSBORF7201	2	CCSBORF0	3AT	3	493C>T	0	NC_000017.11:35106468:G:A	CCSBVarC024828	ENSP00000338790.6:p.Arg165Trp	RAD51D	ENSG00000185379	empty_AD
pilot3	CCSBORF7201	2	CCSBORF0	3AT	3	494G>A	37	NC_000017.11:35106467:C:T	CCSBVarC002917	ENSP00000338790.6:p.Arg165Gln	RAD51D	ENSG00000185379	empty_AD
pilot3	CCSBORF7201	2	CCSBORF0	3AT	3	691G>T	11	NC_000017.11:35103300:C:A	CCSBVarC024850	ENSP00000338790.6:p.Ala231Ser	RAD51D	ENSG00000185379	empty_AD
pilot3	CCSBORF7201	2	CCSBORF0	3AT	3	698A>G	0	NC_000017.11:35103293:T:C	CCSBVarC001140	ENSP00000338790.6:p.Glu233Gly	RAD51D	ENSG00000185379	empty_AD
pilot3	CCSBORF7201	2	CCSBORF0	3AT	3	751A>G	144	NC_000017.11:35101352:T:C	CCSBVarC024857	ENSP00000338790.6:p.Ile251Val	RAD51D	ENSG00000185379	empty_AD
pilot3	CCSBORF7201	2	CCSBORF0	3AT	3	865G>A	24	NC_000017.11:35101238:C:T	CCSBVarC024877	ENSP00000338790.6:p.Gly289Ser	RAD51D	ENSG00000185379	empty_AD
pilot3	CCSBORF7201	2	CCSBORF0	3AT	3	869G>A	1	NC_000017.11:35101234:C:T	CCSBVarC024880	ENSP00000338790.6:p.Arg290Gln	RAD51D	ENSG00000185379	empty_AD
pilot3	CCSBORF7201	2	CCSBORF0	3AT	3	915C>G	337	NC_000017.11:35101024:G:C	CCSBVarC024886	ENSP00000338790.6:p.Phe305Leu	RAD51D	ENSG00000185379	empty_AD
pilot3	CCSBORF7201	2	CCSBORF0	3AT	3	919G>A	17	NC_000017.11:35101020:C:T	CCSBVarC024889	ENSP00000338790.6:p.Glu307Lys	RAD51D	ENSG00000185379	empty_AD
pilot3	CCSBORF7201	2	CCSBORF0	3AT	3	922A>G	16	NC_000017.11:35101017:T:C	CCSBVarC024892	ENSP00000338790.6:p.Met308Val	RAD51D	ENSG00000185379	empty_AD
pilot3	CCSBORF7201	2	CCSBORF0	3AT	3	983C>T	58	NC_000017.11:35100956:G:A	CCSBVarC024896	ENSP00000338790.6:p.Thr328Ile	RAD51D	ENSG00000185379	empty_AD
pilot3	CCSBORF4706	1	CCSBORF14935	3AT	2	REF	316	NULL	NULL	NULL	HNRNPK	ENSG00000165119	RBMY1D
pilot3	CCSBORF4706	1	CCSBORF14935	3AT	2	1109A>G	67	NC_000009.12:83970818:T:C	CCSBVarC021699	ENSP00000365439.3:p.Asp370Gly	HNRNPK	ENSG00000165119	RBMY1D
pilot3	CCSBORF4706	1	CCSBORF14935	3AT	2	1240C>T	14	NC_000009.12:83970282:G:A	CCSBVarC021705	ENSP00000365439.3:p.Arg414Cys	HNRNPK	ENSG00000165119	RBMY1D
pilot3	CCSBORF4706	1	CCSBORF14935	3AT	2	1282G>A	49	NC_000009.12:83970240:C:T	CCSBVarC021708	ENSP00000365439.3:p.Glu428Lys	HNRNPK	ENSG00000165119	RBMY1D
pilot3	CCSBORF4706	1	CCSBORF14935	3AT	2	137G>T	270	NC_000009.12:83977707:C:A	CCSBVarC021621	ENSP00000365439.3:p.Arg46Leu	HNRNPK	ENSG00000165119	RBMY1D
pilot3	CCSBORF4706	1	CCSBORF14935	3AT	2	203T>G	436	NC_000009.12:83977004:A:C	CCSBVarC021624	ENSP00000365439.3:p.Leu68Arg	HNRNPK	ENSG00000165119	RBMY1D
pilot3	CCSBORF4706	1	CCSBORF14935	3AT	2	248G>A	191	NC_000009.12:83975470:C:T	CCSBVarC021637	ENSP00000365439.3:p.Gly83Asp	HNRNPK	ENSG00000165119	RBMY1D
pilot3	CCSBORF4706	1	CCSBORF14935	3AT	2	253G>A	253	NC_000009.12:83975465:C:T	CCSBVarC021659	ENSP00000365439.3:p.Glu85Lys	HNRNPK	ENSG00000165119	RBMY1D
pilot3	CCSBORF4706	1	CCSBORF14935	3AT	2	257G>A	207	NC_000009.12:83975461:C:T	CCSBVarC021671	ENSP00000365439.3:p.Arg86His	HNRNPK	ENSG00000165119	RBMY1D
pilot3	CCSBORF4706	1	CCSBORF14935	3AT	2	464T>C	1955	NC_000009.12:83973337:A:G	CCSBVarC021678	ENSP00000365439.3:p.Leu155Pro	HNRNPK	ENSG00000165119	RBMY1D
pilot3	CCSBORF4706	1	CCSBORF14935	3AT	2	566C>T	260	NC_000009.12:83972922:G:A	CCSBVarC021681	ENSP00000365439.3:p.Thr189Ile	HNRNPK	ENSG00000165119	RBMY1D
pilot3	CCSBORF4706	1	CCSBORF14935	3AT	2	575T>G	159	NC_000009.12:83972913:A:C	CCSBVarC021689	ENSP00000365439.3:p.Val192Gly	HNRNPK	ENSG00000165119	RBMY1D
pilot3	CCSBORF4706	1	CCSBORF14935	3AT	2	65G>A	25	NC_000009.12:83977779:C:T	CCSBVarC021617	ENSP00000365439.3:p.Arg22His	HNRNPK	ENSG00000165119	RBMY1D
pilot3	CCSBORF4706	1	CCSBORF14935	3AT	2	792G>A	10	NC_000009.12:83972042:C:T	CCSBVarC021692	ENSP00000365439.3:p.Met264Ile	HNRNPK	ENSG00000165119	RBMY1D
pilot3	CCSBORF4706	1	CCSBORF1940	3AT	2	REF	480	NULL	NULL	NULL	HNRNPK	ENSG00000165119	RBMY1J
pilot3	CCSBORF4706	1	CCSBORF1940	3AT	2	1109A>G	165	NC_000009.12:83970818:T:C	CCSBVarC021699	ENSP00000365439.3:p.Asp370Gly	HNRNPK	ENSG00000165119	RBMY1J
pilot3	CCSBORF4706	1	CCSBORF1940	3AT	2	1240C>T	25	NC_000009.12:83970282:G:A	CCSBVarC021705	ENSP00000365439.3:p.Arg414Cys	HNRNPK	ENSG00000165119	RBMY1J
pilot3	CCSBORF4706	1	CCSBORF1940	3AT	2	1282G>A	150	NC_000009.12:83970240:C:T	CCSBVarC021708	ENSP00000365439.3:p.Glu428Lys	HNRNPK	ENSG00000165119	RBMY1J
pilot3	CCSBORF4706	1	CCSBORF1940	3AT	2	137G>T	380	NC_000009.12:83977707:C:A	CCSBVarC021621	ENSP00000365439.3:p.Arg46Leu	HNRNPK	ENSG00000165119	RBMY1J
pilot3	CCSBORF4706	1	CCSBORF1940	3AT	2	203T>G	753	NC_000009.12:83977004:A:C	CCSBVarC021624	ENSP00000365439.3:p.Leu68Arg	HNRNPK	ENSG00000165119	RBMY1J
pilot3	CCSBORF4706	1	CCSBORF1940	3AT	2	248G>A	291	NC_000009.12:83975470:C:T	CCSBVarC021637	ENSP00000365439.3:p.Gly83Asp	HNRNPK	ENSG00000165119	RBMY1J
pilot3	CCSBORF4706	1	CCSBORF1940	3AT	2	253G>A	454	NC_000009.12:83975465:C:T	CCSBVarC021659	ENSP00000365439.3:p.Glu85Lys	HNRNPK	ENSG00000165119	RBMY1J
pilot3	CCSBORF4706	1	CCSBORF1940	3AT	2	257G>A	282	NC_000009.12:83975461:C:T	CCSBVarC021671	ENSP00000365439.3:p.Arg86His	HNRNPK	ENSG00000165119	RBMY1J
pilot3	CCSBORF4706	1	CCSBORF1940	3AT	2	464T>C	2010	NC_000009.12:83973337:A:G	CCSBVarC021678	ENSP00000365439.3:p.Leu155Pro	HNRNPK	ENSG00000165119	RBMY1J
pilot3	CCSBORF4706	1	CCSBORF1940	3AT	2	566C>T	465	NC_000009.12:83972922:G:A	CCSBVarC021681	ENSP00000365439.3:p.Thr189Ile	HNRNPK	ENSG00000165119	RBMY1J
pilot3	CCSBORF4706	1	CCSBORF1940	3AT	2	575T>G	320	NC_000009.12:83972913:A:C	CCSBVarC021689	ENSP00000365439.3:p.Val192Gly	HNRNPK	ENSG00000165119	RBMY1J
pilot3	CCSBORF4706	1	CCSBORF1940	3AT	2	65G>A	33	NC_000009.12:83977779:C:T	CCSBVarC021617	ENSP00000365439.3:p.Arg22His	HNRNPK	ENSG00000165119	RBMY1J
pilot3	CCSBORF4706	1	CCSBORF1940	3AT	2	792G>A	19	NC_000009.12:83972042:C:T	CCSBVarC021692	ENSP00000365439.3:p.Met264Ile	HNRNPK	ENSG00000165119	RBMY1J
pilot3	CCSBORF4706	1	CCSBORF100069067	3AT	2	REF	742	NULL	NULL	NULL	HNRNPK	ENSG00000165119	RBPMS2
pilot3	CCSBORF4706	1	CCSBORF100069067	3AT	2	1109A>G	501	NC_000009.12:83970818:T:C	CCSBVarC021699	ENSP00000365439.3:p.Asp370Gly	HNRNPK	ENSG00000165119	RBPMS2
pilot3	CCSBORF4706	1	CCSBORF100069067	3AT	2	1240C>T	17	NC_000009.12:83970282:G:A	CCSBVarC021705	ENSP00000365439.3:p.Arg414Cys	HNRNPK	ENSG00000165119	RBPMS2
pilot3	CCSBORF4706	1	CCSBORF100069067	3AT	2	1282G>A	229	NC_000009.12:83970240:C:T	CCSBVarC021708	ENSP00000365439.3:p.Glu428Lys	HNRNPK	ENSG00000165119	RBPMS2
pilot3	CCSBORF4706	1	CCSBORF100069067	3AT	2	137G>T	580	NC_000009.12:83977707:C:A	CCSBVarC021621	ENSP00000365439.3:p.Arg46Leu	HNRNPK	ENSG00000165119	RBPMS2
pilot3	CCSBORF4706	1	CCSBORF100069067	3AT	2	203T>G	797	NC_000009.12:83977004:A:C	CCSBVarC021624	ENSP00000365439.3:p.Leu68Arg	HNRNPK	ENSG00000165119	RBPMS2
pilot3	CCSBORF4706	1	CCSBORF100069067	3AT	2	248G>A	295	NC_000009.12:83975470:C:T	CCSBVarC021637	ENSP00000365439.3:p.Gly83Asp	HNRNPK	ENSG00000165119	RBPMS2
pilot3	CCSBORF4706	1	CCSBORF100069067	3AT	2	253G>A	1537	NC_000009.12:83975465:C:T	CCSBVarC021659	ENSP00000365439.3:p.Glu85Lys	HNRNPK	ENSG00000165119	RBPMS2
pilot3	CCSBORF4706	1	CCSBORF100069067	3AT	2	257G>A	390	NC_000009.12:83975461:C:T	CCSBVarC021671	ENSP00000365439.3:p.Arg86His	HNRNPK	ENSG00000165119	RBPMS2
pilot3	CCSBORF4706	1	CCSBORF100069067	3AT	2	464T>C	2400	NC_000009.12:83973337:A:G	CCSBVarC021678	ENSP00000365439.3:p.Leu155Pro	HNRNPK	ENSG00000165119	RBPMS2
pilot3	CCSBORF4706	1	CCSBORF100069067	3AT	2	566C>T	558	NC_000009.12:83972922:G:A	CCSBVarC021681	ENSP00000365439.3:p.Thr189Ile	HNRNPK	ENSG00000165119	RBPMS2
pilot3	CCSBORF4706	1	CCSBORF100069067	3AT	2	575T>G	303	NC_000009.12:83972913:A:C	CCSBVarC021689	ENSP00000365439.3:p.Val192Gly	HNRNPK	ENSG00000165119	RBPMS2
pilot3	CCSBORF4706	1	CCSBORF100069067	3AT	2	65G>A	146	NC_000009.12:83977779:C:T	CCSBVarC021617	ENSP00000365439.3:p.Arg22His	HNRNPK	ENSG00000165119	RBPMS2
pilot3	CCSBORF4706	1	CCSBORF100069067	3AT	2	792G>A	69	NC_000009.12:83972042:C:T	CCSBVarC021692	ENSP00000365439.3:p.Met264Ile	HNRNPK	ENSG00000165119	RBPMS2
pilot3	CCSBORF4706	1	CCSBORF4671	3AT	2	REF	179	NULL	NULL	NULL	HNRNPK	ENSG00000165119	SNRPA
pilot3	CCSBORF4706	1	CCSBORF4671	3AT	2	1109A>G	1	NC_000009.12:83970818:T:C	CCSBVarC021699	ENSP00000365439.3:p.Asp370Gly	HNRNPK	ENSG00000165119	SNRPA
pilot3	CCSBORF4706	1	CCSBORF4671	3AT	2	1240C>T	6	NC_000009.12:83970282:G:A	CCSBVarC021705	ENSP00000365439.3:p.Arg414Cys	HNRNPK	ENSG00000165119	SNRPA
pilot3	CCSBORF4706	1	CCSBORF4671	3AT	2	1282G>A	12	NC_000009.12:83970240:C:T	CCSBVarC021708	ENSP00000365439.3:p.Glu428Lys	HNRNPK	ENSG00000165119	SNRPA
pilot3	CCSBORF4706	1	CCSBORF4671	3AT	2	137G>T	37	NC_000009.12:83977707:C:A	CCSBVarC021621	ENSP00000365439.3:p.Arg46Leu	HNRNPK	ENSG00000165119	SNRPA
pilot3	CCSBORF4706	1	CCSBORF4671	3AT	2	203T>G	800	NC_000009.12:83977004:A:C	CCSBVarC021624	ENSP00000365439.3:p.Leu68Arg	HNRNPK	ENSG00000165119	SNRPA
pilot3	CCSBORF4706	1	CCSBORF4671	3AT	2	248G>A	12	NC_000009.12:83975470:C:T	CCSBVarC021637	ENSP00000365439.3:p.Gly83Asp	HNRNPK	ENSG00000165119	SNRPA
pilot3	CCSBORF4706	1	CCSBORF4671	3AT	2	253G>A	1442	NC_000009.12:83975465:C:T	CCSBVarC021659	ENSP00000365439.3:p.Glu85Lys	HNRNPK	ENSG00000165119	SNRPA
pilot3	CCSBORF4706	1	CCSBORF4671	3AT	2	257G>A	33	NC_000009.12:83975461:C:T	CCSBVarC021671	ENSP00000365439.3:p.Arg86His	HNRNPK	ENSG00000165119	SNRPA
pilot3	CCSBORF4706	1	CCSBORF4671	3AT	2	464T>C	1659	NC_000009.12:83973337:A:G	CCSBVarC021678	ENSP00000365439.3:p.Leu155Pro	HNRNPK	ENSG00000165119	SNRPA
pilot3	CCSBORF4706	1	CCSBORF4671	3AT	2	566C>T	29	NC_000009.12:83972922:G:A	CCSBVarC021681	ENSP00000365439.3:p.Thr189Ile	HNRNPK	ENSG00000165119	SNRPA
pilot3	CCSBORF4706	1	CCSBORF4671	3AT	2	575T>G	23	NC_000009.12:83972913:A:C	CCSBVarC021689	ENSP00000365439.3:p.Val192Gly	HNRNPK	ENSG00000165119	SNRPA
pilot3	CCSBORF4706	1	CCSBORF4671	3AT	2	65G>A	0	NC_000009.12:83977779:C:T	CCSBVarC021617	ENSP00000365439.3:p.Arg22His	HNRNPK	ENSG00000165119	SNRPA
pilot3	CCSBORF4706	1	CCSBORF4671	3AT	2	792G>A	8	NC_000009.12:83972042:C:T	CCSBVarC021692	ENSP00000365439.3:p.Met264Ile	HNRNPK	ENSG00000165119	SNRPA
pilot3	CCSBORF4706	1	CCSBORF55625	3AT	2	REF	407	NULL	NULL	NULL	HNRNPK	ENSG00000165119	SORBS3
pilot3	CCSBORF4706	1	CCSBORF55625	3AT	2	1109A>G	41	NC_000009.12:83970818:T:C	CCSBVarC021699	ENSP00000365439.3:p.Asp370Gly	HNRNPK	ENSG00000165119	SORBS3
pilot3	CCSBORF4706	1	CCSBORF55625	3AT	2	1240C>T	8	NC_000009.12:83970282:G:A	CCSBVarC021705	ENSP00000365439.3:p.Arg414Cys	HNRNPK	ENSG00000165119	SORBS3
pilot3	CCSBORF4706	1	CCSBORF55625	3AT	2	1282G>A	48	NC_000009.12:83970240:C:T	CCSBVarC021708	ENSP00000365439.3:p.Glu428Lys	HNRNPK	ENSG00000165119	SORBS3
pilot3	CCSBORF4706	1	CCSBORF55625	3AT	2	137G>T	409	NC_000009.12:83977707:C:A	CCSBVarC021621	ENSP00000365439.3:p.Arg46Leu	HNRNPK	ENSG00000165119	SORBS3
pilot3	CCSBORF4706	1	CCSBORF55625	3AT	2	203T>G	1685	NC_000009.12:83977004:A:C	CCSBVarC021624	ENSP00000365439.3:p.Leu68Arg	HNRNPK	ENSG00000165119	SORBS3
pilot3	CCSBORF4706	1	CCSBORF55625	3AT	2	248G>A	565	NC_000009.12:83975470:C:T	CCSBVarC021637	ENSP00000365439.3:p.Gly83Asp	HNRNPK	ENSG00000165119	SORBS3
pilot3	CCSBORF4706	1	CCSBORF55625	3AT	2	253G>A	727	NC_000009.12:83975465:C:T	CCSBVarC021659	ENSP00000365439.3:p.Glu85Lys	HNRNPK	ENSG00000165119	SORBS3
pilot3	CCSBORF4706	1	CCSBORF55625	3AT	2	257G>A	358	NC_000009.12:83975461:C:T	CCSBVarC021671	ENSP00000365439.3:p.Arg86His	HNRNPK	ENSG00000165119	SORBS3
pilot3	CCSBORF4706	1	CCSBORF55625	3AT	2	464T>C	1656	NC_000009.12:83973337:A:G	CCSBVarC021678	ENSP00000365439.3:p.Leu155Pro	HNRNPK	ENSG00000165119	SORBS3
pilot3	CCSBORF4706	1	CCSBORF55625	3AT	2	566C>T	446	NC_000009.12:83972922:G:A	CCSBVarC021681	ENSP00000365439.3:p.Thr189Ile	HNRNPK	ENSG00000165119	SORBS3
pilot3	CCSBORF4706	1	CCSBORF55625	3AT	2	575T>G	340	NC_000009.12:83972913:A:C	CCSBVarC021689	ENSP00000365439.3:p.Val192Gly	HNRNPK	ENSG00000165119	SORBS3
pilot3	CCSBORF4706	1	CCSBORF55625	3AT	2	65G>A	17	NC_000009.12:83977779:C:T	CCSBVarC021617	ENSP00000365439.3:p.Arg22His	HNRNPK	ENSG00000165119	SORBS3
pilot3	CCSBORF4706	1	CCSBORF55625	3AT	2	792G>A	7	NC_000009.12:83972042:C:T	CCSBVarC021692	ENSP00000365439.3:p.Met264Ile	HNRNPK	ENSG00000165119	SORBS3
pilot3	CCSBORF4706	1	CCSBORF891	3AT	2	REF	230	NULL	NULL	NULL	HNRNPK	ENSG00000165119	SRSF3
pilot3	CCSBORF4706	1	CCSBORF891	3AT	2	1109A>G	51	NC_000009.12:83970818:T:C	CCSBVarC021699	ENSP00000365439.3:p.Asp370Gly	HNRNPK	ENSG00000165119	SRSF3
pilot3	CCSBORF4706	1	CCSBORF891	3AT	2	1240C>T	34	NC_000009.12:83970282:G:A	CCSBVarC021705	ENSP00000365439.3:p.Arg414Cys	HNRNPK	ENSG00000165119	SRSF3
pilot3	CCSBORF4706	1	CCSBORF891	3AT	2	1282G>A	45	NC_000009.12:83970240:C:T	CCSBVarC021708	ENSP00000365439.3:p.Glu428Lys	HNRNPK	ENSG00000165119	SRSF3
pilot3	CCSBORF4706	1	CCSBORF891	3AT	2	137G>T	233	NC_000009.12:83977707:C:A	CCSBVarC021621	ENSP00000365439.3:p.Arg46Leu	HNRNPK	ENSG00000165119	SRSF3
pilot3	CCSBORF4706	1	CCSBORF891	3AT	2	203T>G	807	NC_000009.12:83977004:A:C	CCSBVarC021624	ENSP00000365439.3:p.Leu68Arg	HNRNPK	ENSG00000165119	SRSF3
pilot3	CCSBORF4706	1	CCSBORF891	3AT	2	248G>A	259	NC_000009.12:83975470:C:T	CCSBVarC021637	ENSP00000365439.3:p.Gly83Asp	HNRNPK	ENSG00000165119	SRSF3
pilot3	CCSBORF4706	1	CCSBORF891	3AT	2	253G>A	439	NC_000009.12:83975465:C:T	CCSBVarC021659	ENSP00000365439.3:p.Glu85Lys	HNRNPK	ENSG00000165119	SRSF3
pilot3	CCSBORF4706	1	CCSBORF891	3AT	2	257G>A	161	NC_000009.12:83975461:C:T	CCSBVarC021671	ENSP00000365439.3:p.Arg86His	HNRNPK	ENSG00000165119	SRSF3
pilot3	CCSBORF4706	1	CCSBORF891	3AT	2	464T>C	3900	NC_000009.12:83973337:A:G	CCSBVarC021678	ENSP00000365439.3:p.Leu155Pro	HNRNPK	ENSG00000165119	SRSF3
pilot3	CCSBORF4706	1	CCSBORF891	3AT	2	566C>T	353	NC_000009.12:83972922:G:A	CCSBVarC021681	ENSP00000365439.3:p.Thr189Ile	HNRNPK	ENSG00000165119	SRSF3
pilot3	CCSBORF4706	1	CCSBORF891	3AT	2	575T>G	146	NC_000009.12:83972913:A:C	CCSBVarC021689	ENSP00000365439.3:p.Val192Gly	HNRNPK	ENSG00000165119	SRSF3
pilot3	CCSBORF4706	1	CCSBORF891	3AT	2	65G>A	79	NC_000009.12:83977779:C:T	CCSBVarC021617	ENSP00000365439.3:p.Arg22His	HNRNPK	ENSG00000165119	SRSF3
pilot3	CCSBORF4706	1	CCSBORF891	3AT	2	792G>A	4	NC_000009.12:83972042:C:T	CCSBVarC021692	ENSP00000365439.3:p.Met264Ile	HNRNPK	ENSG00000165119	SRSF3
pilot3	CCSBORF4706	1	CCSBORF252	3AT	2	REF	787	NULL	NULL	NULL	HNRNPK	ENSG00000165119	ZNF408
pilot3	CCSBORF4706	1	CCSBORF252	3AT	2	1109A>G	214	NC_000009.12:83970818:T:C	CCSBVarC021699	ENSP00000365439.3:p.Asp370Gly	HNRNPK	ENSG00000165119	ZNF408
pilot3	CCSBORF4706	1	CCSBORF252	3AT	2	1240C>T	168	NC_000009.12:83970282:G:A	CCSBVarC021705	ENSP00000365439.3:p.Arg414Cys	HNRNPK	ENSG00000165119	ZNF408
pilot3	CCSBORF4706	1	CCSBORF252	3AT	2	1282G>A	151	NC_000009.12:83970240:C:T	CCSBVarC021708	ENSP00000365439.3:p.Glu428Lys	HNRNPK	ENSG00000165119	ZNF408
pilot3	CCSBORF4706	1	CCSBORF252	3AT	2	137G>T	470	NC_000009.12:83977707:C:A	CCSBVarC021621	ENSP00000365439.3:p.Arg46Leu	HNRNPK	ENSG00000165119	ZNF408
pilot3	CCSBORF4706	1	CCSBORF252	3AT	2	203T>G	200	NC_000009.12:83977004:A:C	CCSBVarC021624	ENSP00000365439.3:p.Leu68Arg	HNRNPK	ENSG00000165119	ZNF408
pilot3	CCSBORF4706	1	CCSBORF252	3AT	2	248G>A	1933	NC_000009.12:83975470:C:T	CCSBVarC021637	ENSP00000365439.3:p.Gly83Asp	HNRNPK	ENSG00000165119	ZNF408
pilot3	CCSBORF4706	1	CCSBORF252	3AT	2	253G>A	3	NC_000009.12:83975465:C:T	CCSBVarC021659	ENSP00000365439.3:p.Glu85Lys	HNRNPK	ENSG00000165119	ZNF408
pilot3	CCSBORF4706	1	CCSBORF252	3AT	2	257G>A	1387	NC_000009.12:83975461:C:T	CCSBVarC021671	ENSP00000365439.3:p.Arg86His	HNRNPK	ENSG00000165119	ZNF408
pilot3	CCSBORF4706	1	CCSBORF252	3AT	2	464T>C	7002	NC_000009.12:83973337:A:G	CCSBVarC021678	ENSP00000365439.3:p.Leu155Pro	HNRNPK	ENSG00000165119	ZNF408
pilot3	CCSBORF4706	1	CCSBORF252	3AT	2	566C>T	732	NC_000009.12:83972922:G:A	CCSBVarC021681	ENSP00000365439.3:p.Thr189Ile	HNRNPK	ENSG00000165119	ZNF408
pilot3	CCSBORF4706	1	CCSBORF252	3AT	2	575T>G	12	NC_000009.12:83972913:A:C	CCSBVarC021689	ENSP00000365439.3:p.Val192Gly	HNRNPK	ENSG00000165119	ZNF408
pilot3	CCSBORF4706	1	CCSBORF252	3AT	2	65G>A	2	NC_000009.12:83977779:C:T	CCSBVarC021617	ENSP00000365439.3:p.Arg22His	HNRNPK	ENSG00000165119	ZNF408
pilot3	CCSBORF4706	1	CCSBORF252	3AT	2	792G>A	84	NC_000009.12:83972042:C:T	CCSBVarC021692	ENSP00000365439.3:p.Met264Ile	HNRNPK	ENSG00000165119	ZNF408
pilot3	CCSBORF4706	1	CCSBORF6112	3AT	2	REF	606	NULL	NULL	NULL	HNRNPK	ENSG00000165119	ZNF526
pilot3	CCSBORF4706	1	CCSBORF6112	3AT	2	1109A>G	435	NC_000009.12:83970818:T:C	CCSBVarC021699	ENSP00000365439.3:p.Asp370Gly	HNRNPK	ENSG00000165119	ZNF526
pilot3	CCSBORF4706	1	CCSBORF6112	3AT	2	1240C>T	34	NC_000009.12:83970282:G:A	CCSBVarC021705	ENSP00000365439.3:p.Arg414Cys	HNRNPK	ENSG00000165119	ZNF526
pilot3	CCSBORF4706	1	CCSBORF6112	3AT	2	1282G>A	338	NC_000009.12:83970240:C:T	CCSBVarC021708	ENSP00000365439.3:p.Glu428Lys	HNRNPK	ENSG00000165119	ZNF526
pilot3	CCSBORF4706	1	CCSBORF6112	3AT	2	137G>T	724	NC_000009.12:83977707:C:A	CCSBVarC021621	ENSP00000365439.3:p.Arg46Leu	HNRNPK	ENSG00000165119	ZNF526
pilot3	CCSBORF4706	1	CCSBORF6112	3AT	2	203T>G	1410	NC_000009.12:83977004:A:C	CCSBVarC021624	ENSP00000365439.3:p.Leu68Arg	HNRNPK	ENSG00000165119	ZNF526
pilot3	CCSBORF4706	1	CCSBORF6112	3AT	2	248G>A	783	NC_000009.12:83975470:C:T	CCSBVarC021637	ENSP00000365439.3:p.Gly83Asp	HNRNPK	ENSG00000165119	ZNF526
pilot3	CCSBORF4706	1	CCSBORF6112	3AT	2	253G>A	129	NC_000009.12:83975465:C:T	CCSBVarC021659	ENSP00000365439.3:p.Glu85Lys	HNRNPK	ENSG00000165119	ZNF526
pilot3	CCSBORF4706	1	CCSBORF6112	3AT	2	257G>A	1619	NC_000009.12:83975461:C:T	CCSBVarC021671	ENSP00000365439.3:p.Arg86His	HNRNPK	ENSG00000165119	ZNF526
pilot3	CCSBORF4706	1	CCSBORF6112	3AT	2	464T>C	2460	NC_000009.12:83973337:A:G	CCSBVarC021678	ENSP00000365439.3:p.Leu155Pro	HNRNPK	ENSG00000165119	ZNF526
pilot3	CCSBORF4706	1	CCSBORF6112	3AT	2	566C>T	618	NC_000009.12:83972922:G:A	CCSBVarC021681	ENSP00000365439.3:p.Thr189Ile	HNRNPK	ENSG00000165119	ZNF526
pilot3	CCSBORF4706	1	CCSBORF6112	3AT	2	575T>G	49	NC_000009.12:83972913:A:C	CCSBVarC021689	ENSP00000365439.3:p.Val192Gly	HNRNPK	ENSG00000165119	ZNF526
pilot3	CCSBORF4706	1	CCSBORF6112	3AT	2	65G>A	12	NC_000009.12:83977779:C:T	CCSBVarC021617	ENSP00000365439.3:p.Arg22His	HNRNPK	ENSG00000165119	ZNF526
pilot3	CCSBORF4706	1	CCSBORF6112	3AT	2	792G>A	55	NC_000009.12:83972042:C:T	CCSBVarC021692	ENSP00000365439.3:p.Met264Ile	HNRNPK	ENSG00000165119	ZNF526
pilot3	CCSBORF4706	1	CCSBORF0	3AT	2	REF	0	NULL	NULL	NULL	HNRNPK	ENSG00000165119	empty_AD
pilot3	CCSBORF4706	1	CCSBORF0	3AT	2	1109A>G	0	NC_000009.12:83970818:T:C	CCSBVarC021699	ENSP00000365439.3:p.Asp370Gly	HNRNPK	ENSG00000165119	empty_AD
pilot3	CCSBORF4706	1	CCSBORF0	3AT	2	1240C>T	0	NC_000009.12:83970282:G:A	CCSBVarC021705	ENSP00000365439.3:p.Arg414Cys	HNRNPK	ENSG00000165119	empty_AD
pilot3	CCSBORF4706	1	CCSBORF0	3AT	2	1282G>A	0	NC_000009.12:83970240:C:T	CCSBVarC021708	ENSP00000365439.3:p.Glu428Lys	HNRNPK	ENSG00000165119	empty_AD
pilot3	CCSBORF4706	1	CCSBORF0	3AT	2	137G>T	0	NC_000009.12:83977707:C:A	CCSBVarC021621	ENSP00000365439.3:p.Arg46Leu	HNRNPK	ENSG00000165119	empty_AD
pilot3	CCSBORF4706	1	CCSBORF0	3AT	2	203T>G	0	NC_000009.12:83977004:A:C	CCSBVarC021624	ENSP00000365439.3:p.Leu68Arg	HNRNPK	ENSG00000165119	empty_AD
pilot3	CCSBORF4706	1	CCSBORF0	3AT	2	248G>A	0	NC_000009.12:83975470:C:T	CCSBVarC021637	ENSP00000365439.3:p.Gly83Asp	HNRNPK	ENSG00000165119	empty_AD
pilot3	CCSBORF4706	1	CCSBORF0	3AT	2	253G>A	0	NC_000009.12:83975465:C:T	CCSBVarC021659	ENSP00000365439.3:p.Glu85Lys	HNRNPK	ENSG00000165119	empty_AD
pilot3	CCSBORF4706	1	CCSBORF0	3AT	2	257G>A	0	NC_000009.12:83975461:C:T	CCSBVarC021671	ENSP00000365439.3:p.Arg86His	HNRNPK	ENSG00000165119	empty_AD
pilot3	CCSBORF4706	1	CCSBORF0	3AT	2	464T>C	33	NC_000009.12:83973337:A:G	CCSBVarC021678	ENSP00000365439.3:p.Leu155Pro	HNRNPK	ENSG00000165119	empty_AD
pilot3	CCSBORF4706	1	CCSBORF0	3AT	2	566C>T	1	NC_000009.12:83972922:G:A	CCSBVarC021681	ENSP00000365439.3:p.Thr189Ile	HNRNPK	ENSG00000165119	empty_AD
pilot3	CCSBORF4706	1	CCSBORF0	3AT	2	575T>G	0	NC_000009.12:83972913:A:C	CCSBVarC021689	ENSP00000365439.3:p.Val192Gly	HNRNPK	ENSG00000165119	empty_AD
pilot3	CCSBORF4706	1	CCSBORF0	3AT	2	65G>A	0	NC_000009.12:83977779:C:T	CCSBVarC021617	ENSP00000365439.3:p.Arg22His	HNRNPK	ENSG00000165119	empty_AD
pilot3	CCSBORF4706	1	CCSBORF0	3AT	2	792G>A	0	NC_000009.12:83972042:C:T	CCSBVarC021692	ENSP00000365439.3:p.Met264Ile	HNRNPK	ENSG00000165119	empty_AD
pilot3	CCSBORF4085	1	CCSBORF10300	3AT	2	REF	182	NULL	NULL	NULL	PPP1CB	ENSG00000213639	CSRNP1
pilot3	CCSBORF4085	1	CCSBORF10300	3AT	2	104G>A	99	NC_000002.12:28776901:G:A	CCSBVarC020765	ENSP00000378769.2:p.Arg35Gln	PPP1CB	ENSG00000213639	CSRNP1
pilot3	CCSBORF4085	1	CCSBORF10300	3AT	2	255C>A	16367	NC_000002.12:28778878:C:A	CCSBVarC020772	ENSP00000378769.2:p.Asn85Lys	PPP1CB	ENSG00000213639	CSRNP1
pilot3	CCSBORF4085	1	CCSBORF10300	3AT	2	493G>C	282	NC_000002.12:28781814:G:C	CCSBVarC020787	ENSP00000378769.2:p.Asp165His	PPP1CB	ENSG00000213639	CSRNP1
pilot3	CCSBORF4085	1	CCSBORF10300	3AT	2	545T>A	245	NC_000002.12:28783930:T:A	CCSBVarC020790	ENSP00000378769.2:p.Met182Lys	PPP1CB	ENSG00000213639	CSRNP1
pilot3	CCSBORF4085	1	CCSBORF10300	3AT	2	548A>C	150	NC_000002.12:28783933:A:C	CCSBVarC020793	ENSP00000378769.2:p.Glu183Ala	PPP1CB	ENSG00000213639	CSRNP1
pilot3	CCSBORF4085	1	CCSBORF10300	3AT	2	548A>T	72	NC_000002.12:28783933:A:T	CCSBVarC020796	ENSP00000378769.2:p.Glu183Val	PPP1CB	ENSG00000213639	CSRNP1
pilot3	CCSBORF4085	1	CCSBORF10300	3AT	2	658C>T	14	NC_000002.12:28788722:C:T	CCSBVarC020798	ENSP00000378769.2:p.Arg220Cys	PPP1CB	ENSG00000213639	CSRNP1
pilot3	CCSBORF4085	1	CCSBORF10300	3AT	2	754G>T	15	NC_000002.12:28793871:G:T	CCSBVarC020801	ENSP00000378769.2:p.Asp252Tyr	PPP1CB	ENSG00000213639	CSRNP1
pilot3	CCSBORF4085	1	CCSBORF10300	3AT	2	755A>G	4074	NC_000002.12:28793872:A:G	CCSBVarC020805	ENSP00000378769.2:p.Asp252Gly	PPP1CB	ENSG00000213639	CSRNP1
pilot3	CCSBORF4085	1	CCSBORF10300	3AT	2	968C>T	43	NC_000002.12:28799286:C:T	CCSBVarC020812	ENSP00000378769.2:p.Pro323Leu	PPP1CB	ENSG00000213639	CSRNP1
pilot3	CCSBORF4085	1	CCSBORF6236	3AT	2	REF	544	NULL	NULL	NULL	PPP1CB	ENSG00000213639	CSRNP2
pilot3	CCSBORF4085	1	CCSBORF6236	3AT	2	104G>A	315	NC_000002.12:28776901:G:A	CCSBVarC020765	ENSP00000378769.2:p.Arg35Gln	PPP1CB	ENSG00000213639	CSRNP2
pilot3	CCSBORF4085	1	CCSBORF6236	3AT	2	255C>A	11682	NC_000002.12:28778878:C:A	CCSBVarC020772	ENSP00000378769.2:p.Asn85Lys	PPP1CB	ENSG00000213639	CSRNP2
pilot3	CCSBORF4085	1	CCSBORF6236	3AT	2	493G>C	906	NC_000002.12:28781814:G:C	CCSBVarC020787	ENSP00000378769.2:p.Asp165His	PPP1CB	ENSG00000213639	CSRNP2
pilot3	CCSBORF4085	1	CCSBORF6236	3AT	2	545T>A	614	NC_000002.12:28783930:T:A	CCSBVarC020790	ENSP00000378769.2:p.Met182Lys	PPP1CB	ENSG00000213639	CSRNP2
pilot3	CCSBORF4085	1	CCSBORF6236	3AT	2	548A>C	842	NC_000002.12:28783933:A:C	CCSBVarC020793	ENSP00000378769.2:p.Glu183Ala	PPP1CB	ENSG00000213639	CSRNP2
pilot3	CCSBORF4085	1	CCSBORF6236	3AT	2	548A>T	470	NC_000002.12:28783933:A:T	CCSBVarC020796	ENSP00000378769.2:p.Glu183Val	PPP1CB	ENSG00000213639	CSRNP2
pilot3	CCSBORF4085	1	CCSBORF6236	3AT	2	658C>T	23	NC_000002.12:28788722:C:T	CCSBVarC020798	ENSP00000378769.2:p.Arg220Cys	PPP1CB	ENSG00000213639	CSRNP2
pilot3	CCSBORF4085	1	CCSBORF6236	3AT	2	754G>T	299	NC_000002.12:28793871:G:T	CCSBVarC020801	ENSP00000378769.2:p.Asp252Tyr	PPP1CB	ENSG00000213639	CSRNP2
pilot3	CCSBORF4085	1	CCSBORF6236	3AT	2	755A>G	1003	NC_000002.12:28793872:A:G	CCSBVarC020805	ENSP00000378769.2:p.Asp252Gly	PPP1CB	ENSG00000213639	CSRNP2
pilot3	CCSBORF4085	1	CCSBORF6236	3AT	2	968C>T	425	NC_000002.12:28799286:C:T	CCSBVarC020812	ENSP00000378769.2:p.Pro323Leu	PPP1CB	ENSG00000213639	CSRNP2
pilot3	CCSBORF4085	1	CCSBORF13662	3AT	2	REF	5	NULL	NULL	NULL	PPP1CB	ENSG00000213639	CYSRT1
pilot3	CCSBORF4085	1	CCSBORF13662	3AT	2	104G>A	92	NC_000002.12:28776901:G:A	CCSBVarC020765	ENSP00000378769.2:p.Arg35Gln	PPP1CB	ENSG00000213639	CYSRT1
pilot3	CCSBORF4085	1	CCSBORF13662	3AT	2	255C>A	38	NC_000002.12:28778878:C:A	CCSBVarC020772	ENSP00000378769.2:p.Asn85Lys	PPP1CB	ENSG00000213639	CYSRT1
pilot3	CCSBORF4085	1	CCSBORF13662	3AT	2	493G>C	231	NC_000002.12:28781814:G:C	CCSBVarC020787	ENSP00000378769.2:p.Asp165His	PPP1CB	ENSG00000213639	CYSRT1
pilot3	CCSBORF4085	1	CCSBORF13662	3AT	2	545T>A	108	NC_000002.12:28783930:T:A	CCSBVarC020790	ENSP00000378769.2:p.Met182Lys	PPP1CB	ENSG00000213639	CYSRT1
pilot3	CCSBORF4085	1	CCSBORF13662	3AT	2	548A>C	38	NC_000002.12:28783933:A:C	CCSBVarC020793	ENSP00000378769.2:p.Glu183Ala	PPP1CB	ENSG00000213639	CYSRT1
pilot3	CCSBORF4085	1	CCSBORF13662	3AT	2	548A>T	0	NC_000002.12:28783933:A:T	CCSBVarC020796	ENSP00000378769.2:p.Glu183Val	PPP1CB	ENSG00000213639	CYSRT1
pilot3	CCSBORF4085	1	CCSBORF13662	3AT	2	658C>T	0	NC_000002.12:28788722:C:T	CCSBVarC020798	ENSP00000378769.2:p.Arg220Cys	PPP1CB	ENSG00000213639	CYSRT1
pilot3	CCSBORF4085	1	CCSBORF13662	3AT	2	754G>T	29	NC_000002.12:28793871:G:T	CCSBVarC020801	ENSP00000378769.2:p.Asp252Tyr	PPP1CB	ENSG00000213639	CYSRT1
pilot3	CCSBORF4085	1	CCSBORF13662	3AT	2	755A>G	0	NC_000002.12:28793872:A:G	CCSBVarC020805	ENSP00000378769.2:p.Asp252Gly	PPP1CB	ENSG00000213639	CYSRT1
pilot3	CCSBORF4085	1	CCSBORF13662	3AT	2	968C>T	18	NC_000002.12:28799286:C:T	CCSBVarC020812	ENSP00000378769.2:p.Pro323Leu	PPP1CB	ENSG00000213639	CYSRT1
pilot3	CCSBORF4085	1	CCSBORF14983	3AT	2	REF	286	NULL	NULL	NULL	PPP1CB	ENSG00000213639	KANK2
pilot3	CCSBORF4085	1	CCSBORF14983	3AT	2	104G>A	21	NC_000002.12:28776901:G:A	CCSBVarC020765	ENSP00000378769.2:p.Arg35Gln	PPP1CB	ENSG00000213639	KANK2
pilot3	CCSBORF4085	1	CCSBORF14983	3AT	2	255C>A	37	NC_000002.12:28778878:C:A	CCSBVarC020772	ENSP00000378769.2:p.Asn85Lys	PPP1CB	ENSG00000213639	KANK2
pilot3	CCSBORF4085	1	CCSBORF14983	3AT	2	493G>C	2601	NC_000002.12:28781814:G:C	CCSBVarC020787	ENSP00000378769.2:p.Asp165His	PPP1CB	ENSG00000213639	KANK2
pilot3	CCSBORF4085	1	CCSBORF14983	3AT	2	545T>A	23	NC_000002.12:28783930:T:A	CCSBVarC020790	ENSP00000378769.2:p.Met182Lys	PPP1CB	ENSG00000213639	KANK2
pilot3	CCSBORF4085	1	CCSBORF14983	3AT	2	548A>C	14	NC_000002.12:28783933:A:C	CCSBVarC020793	ENSP00000378769.2:p.Glu183Ala	PPP1CB	ENSG00000213639	KANK2
pilot3	CCSBORF4085	1	CCSBORF14983	3AT	2	548A>T	4	NC_000002.12:28783933:A:T	CCSBVarC020796	ENSP00000378769.2:p.Glu183Val	PPP1CB	ENSG00000213639	KANK2
pilot3	CCSBORF4085	1	CCSBORF14983	3AT	2	658C>T	3	NC_000002.12:28788722:C:T	CCSBVarC020798	ENSP00000378769.2:p.Arg220Cys	PPP1CB	ENSG00000213639	KANK2
pilot3	CCSBORF4085	1	CCSBORF14983	3AT	2	754G>T	110	NC_000002.12:28793871:G:T	CCSBVarC020801	ENSP00000378769.2:p.Asp252Tyr	PPP1CB	ENSG00000213639	KANK2
pilot3	CCSBORF4085	1	CCSBORF14983	3AT	2	755A>G	16413	NC_000002.12:28793872:A:G	CCSBVarC020805	ENSP00000378769.2:p.Asp252Gly	PPP1CB	ENSG00000213639	KANK2
pilot3	CCSBORF4085	1	CCSBORF14983	3AT	2	968C>T	11	NC_000002.12:28799286:C:T	CCSBVarC020812	ENSP00000378769.2:p.Pro323Leu	PPP1CB	ENSG00000213639	KANK2
pilot3	CCSBORF4085	1	CCSBORF824	3AT	2	REF	156	NULL	NULL	NULL	PPP1CB	ENSG00000213639	MEOX2
pilot3	CCSBORF4085	1	CCSBORF824	3AT	2	104G>A	262	NC_000002.12:28776901:G:A	CCSBVarC020765	ENSP00000378769.2:p.Arg35Gln	PPP1CB	ENSG00000213639	MEOX2
pilot3	CCSBORF4085	1	CCSBORF824	3AT	2	255C>A	568	NC_000002.12:28778878:C:A	CCSBVarC020772	ENSP00000378769.2:p.Asn85Lys	PPP1CB	ENSG00000213639	MEOX2
pilot3	CCSBORF4085	1	CCSBORF824	3AT	2	493G>C	2432	NC_000002.12:28781814:G:C	CCSBVarC020787	ENSP00000378769.2:p.Asp165His	PPP1CB	ENSG00000213639	MEOX2
pilot3	CCSBORF4085	1	CCSBORF824	3AT	2	545T>A	963	NC_000002.12:28783930:T:A	CCSBVarC020790	ENSP00000378769.2:p.Met182Lys	PPP1CB	ENSG00000213639	MEOX2
pilot3	CCSBORF4085	1	CCSBORF824	3AT	2	548A>C	1167	NC_000002.12:28783933:A:C	CCSBVarC020793	ENSP00000378769.2:p.Glu183Ala	PPP1CB	ENSG00000213639	MEOX2
pilot3	CCSBORF4085	1	CCSBORF824	3AT	2	548A>T	601	NC_000002.12:28783933:A:T	CCSBVarC020796	ENSP00000378769.2:p.Glu183Val	PPP1CB	ENSG00000213639	MEOX2
pilot3	CCSBORF4085	1	CCSBORF824	3AT	2	658C>T	19	NC_000002.12:28788722:C:T	CCSBVarC020798	ENSP00000378769.2:p.Arg220Cys	PPP1CB	ENSG00000213639	MEOX2
pilot3	CCSBORF4085	1	CCSBORF824	3AT	2	754G>T	145	NC_000002.12:28793871:G:T	CCSBVarC020801	ENSP00000378769.2:p.Asp252Tyr	PPP1CB	ENSG00000213639	MEOX2
pilot3	CCSBORF4085	1	CCSBORF824	3AT	2	755A>G	21	NC_000002.12:28793872:A:G	CCSBVarC020805	ENSP00000378769.2:p.Asp252Gly	PPP1CB	ENSG00000213639	MEOX2
pilot3	CCSBORF4085	1	CCSBORF824	3AT	2	968C>T	303	NC_000002.12:28799286:C:T	CCSBVarC020812	ENSP00000378769.2:p.Pro323Leu	PPP1CB	ENSG00000213639	MEOX2
pilot3	CCSBORF4085	1	CCSBORF5175	3AT	2	REF	177	NULL	NULL	NULL	PPP1CB	ENSG00000213639	PPP1R16A
pilot3	CCSBORF4085	1	CCSBORF5175	3AT	2	104G>A	28	NC_000002.12:28776901:G:A	CCSBVarC020765	ENSP00000378769.2:p.Arg35Gln	PPP1CB	ENSG00000213639	PPP1R16A
pilot3	CCSBORF4085	1	CCSBORF5175	3AT	2	255C>A	10497	NC_000002.12:28778878:C:A	CCSBVarC020772	ENSP00000378769.2:p.Asn85Lys	PPP1CB	ENSG00000213639	PPP1R16A
pilot3	CCSBORF4085	1	CCSBORF5175	3AT	2	493G>C	977	NC_000002.12:28781814:G:C	CCSBVarC020787	ENSP00000378769.2:p.Asp165His	PPP1CB	ENSG00000213639	PPP1R16A
pilot3	CCSBORF4085	1	CCSBORF5175	3AT	2	545T>A	798	NC_000002.12:28783930:T:A	CCSBVarC020790	ENSP00000378769.2:p.Met182Lys	PPP1CB	ENSG00000213639	PPP1R16A
pilot3	CCSBORF4085	1	CCSBORF5175	3AT	2	548A>C	234	NC_000002.12:28783933:A:C	CCSBVarC020793	ENSP00000378769.2:p.Glu183Ala	PPP1CB	ENSG00000213639	PPP1R16A
pilot3	CCSBORF4085	1	CCSBORF5175	3AT	2	548A>T	595	NC_000002.12:28783933:A:T	CCSBVarC020796	ENSP00000378769.2:p.Glu183Val	PPP1CB	ENSG00000213639	PPP1R16A
pilot3	CCSBORF4085	1	CCSBORF5175	3AT	2	658C>T	312	NC_000002.12:28788722:C:T	CCSBVarC020798	ENSP00000378769.2:p.Arg220Cys	PPP1CB	ENSG00000213639	PPP1R16A
pilot3	CCSBORF4085	1	CCSBORF5175	3AT	2	754G>T	183	NC_000002.12:28793871:G:T	CCSBVarC020801	ENSP00000378769.2:p.Asp252Tyr	PPP1CB	ENSG00000213639	PPP1R16A
pilot3	CCSBORF4085	1	CCSBORF5175	3AT	2	755A>G	832	NC_000002.12:28793872:A:G	CCSBVarC020805	ENSP00000378769.2:p.Asp252Gly	PPP1CB	ENSG00000213639	PPP1R16A
pilot3	CCSBORF4085	1	CCSBORF5175	3AT	2	968C>T	255	NC_000002.12:28799286:C:T	CCSBVarC020812	ENSP00000378769.2:p.Pro323Leu	PPP1CB	ENSG00000213639	PPP1R16A
pilot3	CCSBORF4085	1	CCSBORF6324	3AT	2	REF	339	NULL	NULL	NULL	PPP1CB	ENSG00000213639	PPP1R3C
pilot3	CCSBORF4085	1	CCSBORF6324	3AT	2	104G>A	180	NC_000002.12:28776901:G:A	CCSBVarC020765	ENSP00000378769.2:p.Arg35Gln	PPP1CB	ENSG00000213639	PPP1R3C
pilot3	CCSBORF4085	1	CCSBORF6324	3AT	2	255C>A	4431	NC_000002.12:28778878:C:A	CCSBVarC020772	ENSP00000378769.2:p.Asn85Lys	PPP1CB	ENSG00000213639	PPP1R3C
pilot3	CCSBORF4085	1	CCSBORF6324	3AT	2	493G>C	415	NC_000002.12:28781814:G:C	CCSBVarC020787	ENSP00000378769.2:p.Asp165His	PPP1CB	ENSG00000213639	PPP1R3C
pilot3	CCSBORF4085	1	CCSBORF6324	3AT	2	545T>A	192	NC_000002.12:28783930:T:A	CCSBVarC020790	ENSP00000378769.2:p.Met182Lys	PPP1CB	ENSG00000213639	PPP1R3C
pilot3	CCSBORF4085	1	CCSBORF6324	3AT	2	548A>C	1690	NC_000002.12:28783933:A:C	CCSBVarC020793	ENSP00000378769.2:p.Glu183Ala	PPP1CB	ENSG00000213639	PPP1R3C
pilot3	CCSBORF4085	1	CCSBORF6324	3AT	2	548A>T	397	NC_000002.12:28783933:A:T	CCSBVarC020796	ENSP00000378769.2:p.Glu183Val	PPP1CB	ENSG00000213639	PPP1R3C
pilot3	CCSBORF4085	1	CCSBORF6324	3AT	2	658C>T	1	NC_000002.12:28788722:C:T	CCSBVarC020798	ENSP00000378769.2:p.Arg220Cys	PPP1CB	ENSG00000213639	PPP1R3C
pilot3	CCSBORF4085	1	CCSBORF6324	3AT	2	754G>T	278	NC_000002.12:28793871:G:T	CCSBVarC020801	ENSP00000378769.2:p.Asp252Tyr	PPP1CB	ENSG00000213639	PPP1R3C
pilot3	CCSBORF4085	1	CCSBORF6324	3AT	2	755A>G	9623	NC_000002.12:28793872:A:G	CCSBVarC020805	ENSP00000378769.2:p.Asp252Gly	PPP1CB	ENSG00000213639	PPP1R3C
pilot3	CCSBORF4085	1	CCSBORF6324	3AT	2	968C>T	686	NC_000002.12:28799286:C:T	CCSBVarC020812	ENSP00000378769.2:p.Pro323Leu	PPP1CB	ENSG00000213639	PPP1R3C
pilot3	CCSBORF4085	1	CCSBORF55307	3AT	2	REF	535	NULL	NULL	NULL	PPP1CB	ENSG00000213639	SH2D4A
pilot3	CCSBORF4085	1	CCSBORF55307	3AT	2	104G>A	439	NC_000002.12:28776901:G:A	CCSBVarC020765	ENSP00000378769.2:p.Arg35Gln	PPP1CB	ENSG00000213639	SH2D4A
pilot3	CCSBORF4085	1	CCSBORF55307	3AT	2	255C>A	7906	NC_000002.12:28778878:C:A	CCSBVarC020772	ENSP00000378769.2:p.Asn85Lys	PPP1CB	ENSG00000213639	SH2D4A
pilot3	CCSBORF4085	1	CCSBORF55307	3AT	2	493G>C	1787	NC_000002.12:28781814:G:C	CCSBVarC020787	ENSP00000378769.2:p.Asp165His	PPP1CB	ENSG00000213639	SH2D4A
pilot3	CCSBORF4085	1	CCSBORF55307	3AT	2	545T>A	1152	NC_000002.12:28783930:T:A	CCSBVarC020790	ENSP00000378769.2:p.Met182Lys	PPP1CB	ENSG00000213639	SH2D4A
pilot3	CCSBORF4085	1	CCSBORF55307	3AT	2	548A>C	623	NC_000002.12:28783933:A:C	CCSBVarC020793	ENSP00000378769.2:p.Glu183Ala	PPP1CB	ENSG00000213639	SH2D4A
pilot3	CCSBORF4085	1	CCSBORF55307	3AT	2	548A>T	442	NC_000002.12:28783933:A:T	CCSBVarC020796	ENSP00000378769.2:p.Glu183Val	PPP1CB	ENSG00000213639	SH2D4A
pilot3	CCSBORF4085	1	CCSBORF55307	3AT	2	658C>T	6	NC_000002.12:28788722:C:T	CCSBVarC020798	ENSP00000378769.2:p.Arg220Cys	PPP1CB	ENSG00000213639	SH2D4A
pilot3	CCSBORF4085	1	CCSBORF55307	3AT	2	754G>T	402	NC_000002.12:28793871:G:T	CCSBVarC020801	ENSP00000378769.2:p.Asp252Tyr	PPP1CB	ENSG00000213639	SH2D4A
pilot3	CCSBORF4085	1	CCSBORF55307	3AT	2	755A>G	2225	NC_000002.12:28793872:A:G	CCSBVarC020805	ENSP00000378769.2:p.Asp252Gly	PPP1CB	ENSG00000213639	SH2D4A
pilot3	CCSBORF4085	1	CCSBORF55307	3AT	2	968C>T	505	NC_000002.12:28799286:C:T	CCSBVarC020812	ENSP00000378769.2:p.Pro323Leu	PPP1CB	ENSG00000213639	SH2D4A
pilot3	CCSBORF4085	1	CCSBORF55351	3AT	2	REF	352	NULL	NULL	NULL	PPP1CB	ENSG00000213639	TP53BP2
pilot3	CCSBORF4085	1	CCSBORF55351	3AT	2	104G>A	186	NC_000002.12:28776901:G:A	CCSBVarC020765	ENSP00000378769.2:p.Arg35Gln	PPP1CB	ENSG00000213639	TP53BP2
pilot3	CCSBORF4085	1	CCSBORF55351	3AT	2	255C>A	6526	NC_000002.12:28778878:C:A	CCSBVarC020772	ENSP00000378769.2:p.Asn85Lys	PPP1CB	ENSG00000213639	TP53BP2
pilot3	CCSBORF4085	1	CCSBORF55351	3AT	2	493G>C	496	NC_000002.12:28781814:G:C	CCSBVarC020787	ENSP00000378769.2:p.Asp165His	PPP1CB	ENSG00000213639	TP53BP2
pilot3	CCSBORF4085	1	CCSBORF55351	3AT	2	545T>A	275	NC_000002.12:28783930:T:A	CCSBVarC020790	ENSP00000378769.2:p.Met182Lys	PPP1CB	ENSG00000213639	TP53BP2
pilot3	CCSBORF4085	1	CCSBORF55351	3AT	2	548A>C	361	NC_000002.12:28783933:A:C	CCSBVarC020793	ENSP00000378769.2:p.Glu183Ala	PPP1CB	ENSG00000213639	TP53BP2
pilot3	CCSBORF4085	1	CCSBORF55351	3AT	2	548A>T	160	NC_000002.12:28783933:A:T	CCSBVarC020796	ENSP00000378769.2:p.Glu183Val	PPP1CB	ENSG00000213639	TP53BP2
pilot3	CCSBORF4085	1	CCSBORF55351	3AT	2	658C>T	15	NC_000002.12:28788722:C:T	CCSBVarC020798	ENSP00000378769.2:p.Arg220Cys	PPP1CB	ENSG00000213639	TP53BP2
pilot3	CCSBORF4085	1	CCSBORF55351	3AT	2	754G>T	247	NC_000002.12:28793871:G:T	CCSBVarC020801	ENSP00000378769.2:p.Asp252Tyr	PPP1CB	ENSG00000213639	TP53BP2
pilot3	CCSBORF4085	1	CCSBORF55351	3AT	2	755A>G	4738	NC_000002.12:28793872:A:G	CCSBVarC020805	ENSP00000378769.2:p.Asp252Gly	PPP1CB	ENSG00000213639	TP53BP2
pilot3	CCSBORF4085	1	CCSBORF55351	3AT	2	968C>T	325	NC_000002.12:28799286:C:T	CCSBVarC020812	ENSP00000378769.2:p.Pro323Leu	PPP1CB	ENSG00000213639	TP53BP2
pilot3	CCSBORF4085	1	CCSBORF0	3AT	2	REF	81	NULL	NULL	NULL	PPP1CB	ENSG00000213639	empty_AD
pilot3	CCSBORF4085	1	CCSBORF0	3AT	2	104G>A	12	NC_000002.12:28776901:G:A	CCSBVarC020765	ENSP00000378769.2:p.Arg35Gln	PPP1CB	ENSG00000213639	empty_AD
pilot3	CCSBORF4085	1	CCSBORF0	3AT	2	255C>A	250	NC_000002.12:28778878:C:A	CCSBVarC020772	ENSP00000378769.2:p.Asn85Lys	PPP1CB	ENSG00000213639	empty_AD
pilot3	CCSBORF4085	1	CCSBORF0	3AT	2	493G>C	574	NC_000002.12:28781814:G:C	CCSBVarC020787	ENSP00000378769.2:p.Asp165His	PPP1CB	ENSG00000213639	empty_AD
pilot3	CCSBORF4085	1	CCSBORF0	3AT	2	545T>A	24	NC_000002.12:28783930:T:A	CCSBVarC020790	ENSP00000378769.2:p.Met182Lys	PPP1CB	ENSG00000213639	empty_AD
pilot3	CCSBORF4085	1	CCSBORF0	3AT	2	548A>C	145	NC_000002.12:28783933:A:C	CCSBVarC020793	ENSP00000378769.2:p.Glu183Ala	PPP1CB	ENSG00000213639	empty_AD
pilot3	CCSBORF4085	1	CCSBORF0	3AT	2	548A>T	221	NC_000002.12:28783933:A:T	CCSBVarC020796	ENSP00000378769.2:p.Glu183Val	PPP1CB	ENSG00000213639	empty_AD
pilot3	CCSBORF4085	1	CCSBORF0	3AT	2	658C>T	67	NC_000002.12:28788722:C:T	CCSBVarC020798	ENSP00000378769.2:p.Arg220Cys	PPP1CB	ENSG00000213639	empty_AD
pilot3	CCSBORF4085	1	CCSBORF0	3AT	2	754G>T	21	NC_000002.12:28793871:G:T	CCSBVarC020801	ENSP00000378769.2:p.Asp252Tyr	PPP1CB	ENSG00000213639	empty_AD
pilot3	CCSBORF4085	1	CCSBORF0	3AT	2	755A>G	28	NC_000002.12:28793872:A:G	CCSBVarC020805	ENSP00000378769.2:p.Asp252Gly	PPP1CB	ENSG00000213639	empty_AD
pilot3	CCSBORF4085	1	CCSBORF0	3AT	2	968C>T	111	NC_000002.12:28799286:C:T	CCSBVarC020812	ENSP00000378769.2:p.Pro323Leu	PPP1CB	ENSG00000213639	empty_AD
pilot3	CCSBORF6699	1	CCSBORF13795	3AT	2	REF	1245	NULL	NULL	NULL	CSNK2A1	ENSG00000101266	MEOX1
pilot3	CCSBORF6699	1	CCSBORF13795	3AT	2	1165G>A	1083	NC_000020.11:483971:C:T	CCSBVarC024455	ENSP00000217244.3:p.Ala389Thr	CSNK2A1	ENSG00000101266	MEOX1
pilot3	CCSBORF6699	1	CCSBORF13795	3AT	2	1172A>G	195	NC_000020.11:483964:T:C	CCSBVarC024458	ENSP00000217244.3:p.Gln391Arg	CSNK2A1	ENSG00000101266	MEOX1
pilot3	CCSBORF6699	1	CCSBORF13795	3AT	2	139C>G	1040	NC_000020.11:505191:G:C	CCSBVarC024315	ENSP00000217244.3:p.Arg47Gly	CSNK2A1	ENSG00000101266	MEOX1
pilot3	CCSBORF6699	1	CCSBORF13795	3AT	2	143G>A	419	NC_000020.11:505187:C:T	CCSBVarC024322	ENSP00000217244.3:p.Gly48Asp	CSNK2A1	ENSG00000101266	MEOX1
pilot3	CCSBORF6699	1	CCSBORF13795	3AT	2	149A>C	331	NC_000020.11:505181:T:G	CCSBVarC024324	ENSP00000217244.3:p.Tyr50Ser	CSNK2A1	ENSG00000101266	MEOX1
pilot3	CCSBORF6699	1	CCSBORF13795	3AT	2	154G>A	319	NC_000020.11:505176:C:T	CCSBVarC024328	ENSP00000217244.3:p.Glu52Lys	CSNK2A1	ENSG00000101266	MEOX1
pilot3	CCSBORF6699	1	CCSBORF13795	3AT	2	239G>A	121	NC_000020.11:499908:C:T	CCSBVarC024330	ENSP00000217244.3:p.Arg80His	CSNK2A1	ENSG00000101266	MEOX1
pilot3	CCSBORF6699	1	CCSBORF13795	3AT	2	242A>C	80	NC_000020.11:499905:T:G	CCSBVarC024331	ENSP00000217244.3:p.Glu81Ala	CSNK2A1	ENSG00000101266	MEOX1
pilot3	CCSBORF6699	1	CCSBORF13795	3AT	2	524A>G	1450	NC_000020.11:492350:T:C	CCSBVarC024355	ENSP00000217244.3:p.Asp175Gly	CSNK2A1	ENSG00000101266	MEOX1
pilot3	CCSBORF6699	1	CCSBORF13795	3AT	2	529G>A	40	NC_000020.11:492345:C:T	CCSBVarC024361	ENSP00000217244.3:p.Gly177Ser	CSNK2A1	ENSG00000101266	MEOX1
pilot3	CCSBORF6699	1	CCSBORF13795	3AT	2	704G>T	0	NC_000020.11:489798:C:A	CCSBVarC024394	ENSP00000217244.3:p.Gly235Val	CSNK2A1	ENSG00000101266	MEOX1
pilot3	CCSBORF6699	1	CCSBORF13795	3AT	2	935G>A	1	NC_000020.11:487464:C:T	CCSBVarC024400	ENSP00000217244.3:p.Arg312Gln	CSNK2A1	ENSG00000101266	MEOX1
pilot3	CCSBORF6699	1	CCSBORF824	3AT	2	REF	729	NULL	NULL	NULL	CSNK2A1	ENSG00000101266	MEOX2
pilot3	CCSBORF6699	1	CCSBORF824	3AT	2	1165G>A	2512	NC_000020.11:483971:C:T	CCSBVarC024455	ENSP00000217244.3:p.Ala389Thr	CSNK2A1	ENSG00000101266	MEOX2
pilot3	CCSBORF6699	1	CCSBORF824	3AT	2	1172A>G	46	NC_000020.11:483964:T:C	CCSBVarC024458	ENSP00000217244.3:p.Gln391Arg	CSNK2A1	ENSG00000101266	MEOX2
pilot3	CCSBORF6699	1	CCSBORF824	3AT	2	139C>G	398	NC_000020.11:505191:G:C	CCSBVarC024315	ENSP00000217244.3:p.Arg47Gly	CSNK2A1	ENSG00000101266	MEOX2
pilot3	CCSBORF6699	1	CCSBORF824	3AT	2	143G>A	94	NC_000020.11:505187:C:T	CCSBVarC024322	ENSP00000217244.3:p.Gly48Asp	CSNK2A1	ENSG00000101266	MEOX2
pilot3	CCSBORF6699	1	CCSBORF824	3AT	2	149A>C	74	NC_000020.11:505181:T:G	CCSBVarC024324	ENSP00000217244.3:p.Tyr50Ser	CSNK2A1	ENSG00000101266	MEOX2
pilot3	CCSBORF6699	1	CCSBORF824	3AT	2	154G>A	62	NC_000020.11:505176:C:T	CCSBVarC024328	ENSP00000217244.3:p.Glu52Lys	CSNK2A1	ENSG00000101266	MEOX2
pilot3	CCSBORF6699	1	CCSBORF824	3AT	2	239G>A	13	NC_000020.11:499908:C:T	CCSBVarC024330	ENSP00000217244.3:p.Arg80His	CSNK2A1	ENSG00000101266	MEOX2
pilot3	CCSBORF6699	1	CCSBORF824	3AT	2	242A>C	23	NC_000020.11:499905:T:G	CCSBVarC024331	ENSP00000217244.3:p.Glu81Ala	CSNK2A1	ENSG00000101266	MEOX2
pilot3	CCSBORF6699	1	CCSBORF824	3AT	2	524A>G	1155	NC_000020.11:492350:T:C	CCSBVarC024355	ENSP00000217244.3:p.Asp175Gly	CSNK2A1	ENSG00000101266	MEOX2
pilot3	CCSBORF6699	1	CCSBORF824	3AT	2	529G>A	31	NC_000020.11:492345:C:T	CCSBVarC024361	ENSP00000217244.3:p.Gly177Ser	CSNK2A1	ENSG00000101266	MEOX2
pilot3	CCSBORF6699	1	CCSBORF824	3AT	2	704G>T	0	NC_000020.11:489798:C:A	CCSBVarC024394	ENSP00000217244.3:p.Gly235Val	CSNK2A1	ENSG00000101266	MEOX2
pilot3	CCSBORF6699	1	CCSBORF824	3AT	2	935G>A	4	NC_000020.11:487464:C:T	CCSBVarC024400	ENSP00000217244.3:p.Arg312Gln	CSNK2A1	ENSG00000101266	MEOX2
pilot3	CCSBORF6699	1	CCSBORF2092	3AT	2	REF	1224	NULL	NULL	NULL	CSNK2A1	ENSG00000101266	NFYA
pilot3	CCSBORF6699	1	CCSBORF2092	3AT	2	1165G>A	1253	NC_000020.11:483971:C:T	CCSBVarC024455	ENSP00000217244.3:p.Ala389Thr	CSNK2A1	ENSG00000101266	NFYA
pilot3	CCSBORF6699	1	CCSBORF2092	3AT	2	1172A>G	29	NC_000020.11:483964:T:C	CCSBVarC024458	ENSP00000217244.3:p.Gln391Arg	CSNK2A1	ENSG00000101266	NFYA
pilot3	CCSBORF6699	1	CCSBORF2092	3AT	2	139C>G	24	NC_000020.11:505191:G:C	CCSBVarC024315	ENSP00000217244.3:p.Arg47Gly	CSNK2A1	ENSG00000101266	NFYA
pilot3	CCSBORF6699	1	CCSBORF2092	3AT	2	143G>A	706	NC_000020.11:505187:C:T	CCSBVarC024322	ENSP00000217244.3:p.Gly48Asp	CSNK2A1	ENSG00000101266	NFYA
pilot3	CCSBORF6699	1	CCSBORF2092	3AT	2	149A>C	20	NC_000020.11:505181:T:G	CCSBVarC024324	ENSP00000217244.3:p.Tyr50Ser	CSNK2A1	ENSG00000101266	NFYA
pilot3	CCSBORF6699	1	CCSBORF2092	3AT	2	154G>A	187	NC_000020.11:505176:C:T	CCSBVarC024328	ENSP00000217244.3:p.Glu52Lys	CSNK2A1	ENSG00000101266	NFYA
pilot3	CCSBORF6699	1	CCSBORF2092	3AT	2	239G>A	33	NC_000020.11:499908:C:T	CCSBVarC024330	ENSP00000217244.3:p.Arg80His	CSNK2A1	ENSG00000101266	NFYA
pilot3	CCSBORF6699	1	CCSBORF2092	3AT	2	242A>C	524	NC_000020.11:499905:T:G	CCSBVarC024331	ENSP00000217244.3:p.Glu81Ala	CSNK2A1	ENSG00000101266	NFYA
pilot3	CCSBORF6699	1	CCSBORF2092	3AT	2	524A>G	1378	NC_000020.11:492350:T:C	CCSBVarC024355	ENSP00000217244.3:p.Asp175Gly	CSNK2A1	ENSG00000101266	NFYA
pilot3	CCSBORF6699	1	CCSBORF2092	3AT	2	529G>A	509	NC_000020.11:492345:C:T	CCSBVarC024361	ENSP00000217244.3:p.Gly177Ser	CSNK2A1	ENSG00000101266	NFYA
pilot3	CCSBORF6699	1	CCSBORF2092	3AT	2	704G>T	7	NC_000020.11:489798:C:A	CCSBVarC024394	ENSP00000217244.3:p.Gly235Val	CSNK2A1	ENSG00000101266	NFYA
pilot3	CCSBORF6699	1	CCSBORF2092	3AT	2	935G>A	8	NC_000020.11:487464:C:T	CCSBVarC024400	ENSP00000217244.3:p.Arg312Gln	CSNK2A1	ENSG00000101266	NFYA
pilot3	CCSBORF6699	1	CCSBORF100061597	3AT	2	REF	753	NULL	NULL	NULL	CSNK2A1	ENSG00000101266	PAX5
pilot3	CCSBORF6699	1	CCSBORF100061597	3AT	2	1165G>A	105	NC_000020.11:483971:C:T	CCSBVarC024455	ENSP00000217244.3:p.Ala389Thr	CSNK2A1	ENSG00000101266	PAX5
pilot3	CCSBORF6699	1	CCSBORF100061597	3AT	2	1172A>G	19	NC_000020.11:483964:T:C	CCSBVarC024458	ENSP00000217244.3:p.Gln391Arg	CSNK2A1	ENSG00000101266	PAX5
pilot3	CCSBORF6699	1	CCSBORF100061597	3AT	2	139C>G	1931	NC_000020.11:505191:G:C	CCSBVarC024315	ENSP00000217244.3:p.Arg47Gly	CSNK2A1	ENSG00000101266	PAX5
pilot3	CCSBORF6699	1	CCSBORF100061597	3AT	2	143G>A	58	NC_000020.11:505187:C:T	CCSBVarC024322	ENSP00000217244.3:p.Gly48Asp	CSNK2A1	ENSG00000101266	PAX5
pilot3	CCSBORF6699	1	CCSBORF100061597	3AT	2	149A>C	55	NC_000020.11:505181:T:G	CCSBVarC024324	ENSP00000217244.3:p.Tyr50Ser	CSNK2A1	ENSG00000101266	PAX5
pilot3	CCSBORF6699	1	CCSBORF100061597	3AT	2	154G>A	5	NC_000020.11:505176:C:T	CCSBVarC024328	ENSP00000217244.3:p.Glu52Lys	CSNK2A1	ENSG00000101266	PAX5
pilot3	CCSBORF6699	1	CCSBORF100061597	3AT	2	239G>A	1	NC_000020.11:499908:C:T	CCSBVarC024330	ENSP00000217244.3:p.Arg80His	CSNK2A1	ENSG00000101266	PAX5
pilot3	CCSBORF6699	1	CCSBORF100061597	3AT	2	242A>C	6	NC_000020.11:499905:T:G	CCSBVarC024331	ENSP00000217244.3:p.Glu81Ala	CSNK2A1	ENSG00000101266	PAX5
pilot3	CCSBORF6699	1	CCSBORF100061597	3AT	2	524A>G	1996	NC_000020.11:492350:T:C	CCSBVarC024355	ENSP00000217244.3:p.Asp175Gly	CSNK2A1	ENSG00000101266	PAX5
pilot3	CCSBORF6699	1	CCSBORF100061597	3AT	2	529G>A	2	NC_000020.11:492345:C:T	CCSBVarC024361	ENSP00000217244.3:p.Gly177Ser	CSNK2A1	ENSG00000101266	PAX5
pilot3	CCSBORF6699	1	CCSBORF100061597	3AT	2	704G>T	3	NC_000020.11:489798:C:A	CCSBVarC024394	ENSP00000217244.3:p.Gly235Val	CSNK2A1	ENSG00000101266	PAX5
pilot3	CCSBORF6699	1	CCSBORF100061597	3AT	2	935G>A	5	NC_000020.11:487464:C:T	CCSBVarC024400	ENSP00000217244.3:p.Arg312Gln	CSNK2A1	ENSG00000101266	PAX5
pilot3	CCSBORF6699	1	CCSBORF100009072	3AT	2	REF	1552	NULL	NULL	NULL	CSNK2A1	ENSG00000101266	PAX6
pilot3	CCSBORF6699	1	CCSBORF100009072	3AT	2	1165G>A	868	NC_000020.11:483971:C:T	CCSBVarC024455	ENSP00000217244.3:p.Ala389Thr	CSNK2A1	ENSG00000101266	PAX6
pilot3	CCSBORF6699	1	CCSBORF100009072	3AT	2	1172A>G	159	NC_000020.11:483964:T:C	CCSBVarC024458	ENSP00000217244.3:p.Gln391Arg	CSNK2A1	ENSG00000101266	PAX6
pilot3	CCSBORF6699	1	CCSBORF100009072	3AT	2	139C>G	1739	NC_000020.11:505191:G:C	CCSBVarC024315	ENSP00000217244.3:p.Arg47Gly	CSNK2A1	ENSG00000101266	PAX6
pilot3	CCSBORF6699	1	CCSBORF100009072	3AT	2	143G>A	608	NC_000020.11:505187:C:T	CCSBVarC024322	ENSP00000217244.3:p.Gly48Asp	CSNK2A1	ENSG00000101266	PAX6
pilot3	CCSBORF6699	1	CCSBORF100009072	3AT	2	149A>C	751	NC_000020.11:505181:T:G	CCSBVarC024324	ENSP00000217244.3:p.Tyr50Ser	CSNK2A1	ENSG00000101266	PAX6
pilot3	CCSBORF6699	1	CCSBORF100009072	3AT	2	154G>A	108	NC_000020.11:505176:C:T	CCSBVarC024328	ENSP00000217244.3:p.Glu52Lys	CSNK2A1	ENSG00000101266	PAX6
pilot3	CCSBORF6699	1	CCSBORF100009072	3AT	2	239G>A	119	NC_000020.11:499908:C:T	CCSBVarC024330	ENSP00000217244.3:p.Arg80His	CSNK2A1	ENSG00000101266	PAX6
pilot3	CCSBORF6699	1	CCSBORF100009072	3AT	2	242A>C	27	NC_000020.11:499905:T:G	CCSBVarC024331	ENSP00000217244.3:p.Glu81Ala	CSNK2A1	ENSG00000101266	PAX6
pilot3	CCSBORF6699	1	CCSBORF100009072	3AT	2	524A>G	2608	NC_000020.11:492350:T:C	CCSBVarC024355	ENSP00000217244.3:p.Asp175Gly	CSNK2A1	ENSG00000101266	PAX6
pilot3	CCSBORF6699	1	CCSBORF100009072	3AT	2	529G>A	78	NC_000020.11:492345:C:T	CCSBVarC024361	ENSP00000217244.3:p.Gly177Ser	CSNK2A1	ENSG00000101266	PAX6
pilot3	CCSBORF6699	1	CCSBORF100009072	3AT	2	704G>T	2	NC_000020.11:489798:C:A	CCSBVarC024394	ENSP00000217244.3:p.Gly235Val	CSNK2A1	ENSG00000101266	PAX6
pilot3	CCSBORF6699	1	CCSBORF100009072	3AT	2	935G>A	14	NC_000020.11:487464:C:T	CCSBVarC024400	ENSP00000217244.3:p.Arg312Gln	CSNK2A1	ENSG00000101266	PAX6
pilot3	CCSBORF6699	1	CCSBORF53942	3AT	2	REF	251	NULL	NULL	NULL	CSNK2A1	ENSG00000101266	REL
pilot3	CCSBORF6699	1	CCSBORF53942	3AT	2	1165G>A	127	NC_000020.11:483971:C:T	CCSBVarC024455	ENSP00000217244.3:p.Ala389Thr	CSNK2A1	ENSG00000101266	REL
pilot3	CCSBORF6699	1	CCSBORF53942	3AT	2	1172A>G	2	NC_000020.11:483964:T:C	CCSBVarC024458	ENSP00000217244.3:p.Gln391Arg	CSNK2A1	ENSG00000101266	REL
pilot3	CCSBORF6699	1	CCSBORF53942	3AT	2	139C>G	20	NC_000020.11:505191:G:C	CCSBVarC024315	ENSP00000217244.3:p.Arg47Gly	CSNK2A1	ENSG00000101266	REL
pilot3	CCSBORF6699	1	CCSBORF53942	3AT	2	143G>A	89	NC_000020.11:505187:C:T	CCSBVarC024322	ENSP00000217244.3:p.Gly48Asp	CSNK2A1	ENSG00000101266	REL
pilot3	CCSBORF6699	1	CCSBORF53942	3AT	2	149A>C	3	NC_000020.11:505181:T:G	CCSBVarC024324	ENSP00000217244.3:p.Tyr50Ser	CSNK2A1	ENSG00000101266	REL
pilot3	CCSBORF6699	1	CCSBORF53942	3AT	2	154G>A	5035	NC_000020.11:505176:C:T	CCSBVarC024328	ENSP00000217244.3:p.Glu52Lys	CSNK2A1	ENSG00000101266	REL
pilot3	CCSBORF6699	1	CCSBORF53942	3AT	2	239G>A	26	NC_000020.11:499908:C:T	CCSBVarC024330	ENSP00000217244.3:p.Arg80His	CSNK2A1	ENSG00000101266	REL
pilot3	CCSBORF6699	1	CCSBORF53942	3AT	2	242A>C	316	NC_000020.11:499905:T:G	CCSBVarC024331	ENSP00000217244.3:p.Glu81Ala	CSNK2A1	ENSG00000101266	REL
pilot3	CCSBORF6699	1	CCSBORF53942	3AT	2	524A>G	4	NC_000020.11:492350:T:C	CCSBVarC024355	ENSP00000217244.3:p.Asp175Gly	CSNK2A1	ENSG00000101266	REL
pilot3	CCSBORF6699	1	CCSBORF53942	3AT	2	529G>A	14	NC_000020.11:492345:C:T	CCSBVarC024361	ENSP00000217244.3:p.Gly177Ser	CSNK2A1	ENSG00000101266	REL
pilot3	CCSBORF6699	1	CCSBORF53942	3AT	2	704G>T	0	NC_000020.11:489798:C:A	CCSBVarC024394	ENSP00000217244.3:p.Gly235Val	CSNK2A1	ENSG00000101266	REL
pilot3	CCSBORF6699	1	CCSBORF53942	3AT	2	935G>A	6	NC_000020.11:487464:C:T	CCSBVarC024400	ENSP00000217244.3:p.Arg312Gln	CSNK2A1	ENSG00000101266	REL
pilot3	CCSBORF6699	1	CCSBORF4447	3AT	2	REF	853	NULL	NULL	NULL	CSNK2A1	ENSG00000101266	STAC3
pilot3	CCSBORF6699	1	CCSBORF4447	3AT	2	1165G>A	546	NC_000020.11:483971:C:T	CCSBVarC024455	ENSP00000217244.3:p.Ala389Thr	CSNK2A1	ENSG00000101266	STAC3
pilot3	CCSBORF6699	1	CCSBORF4447	3AT	2	1172A>G	201	NC_000020.11:483964:T:C	CCSBVarC024458	ENSP00000217244.3:p.Gln391Arg	CSNK2A1	ENSG00000101266	STAC3
pilot3	CCSBORF6699	1	CCSBORF4447	3AT	2	139C>G	71	NC_000020.11:505191:G:C	CCSBVarC024315	ENSP00000217244.3:p.Arg47Gly	CSNK2A1	ENSG00000101266	STAC3
pilot3	CCSBORF6699	1	CCSBORF4447	3AT	2	143G>A	444	NC_000020.11:505187:C:T	CCSBVarC024322	ENSP00000217244.3:p.Gly48Asp	CSNK2A1	ENSG00000101266	STAC3
pilot3	CCSBORF6699	1	CCSBORF4447	3AT	2	149A>C	502	NC_000020.11:505181:T:G	CCSBVarC024324	ENSP00000217244.3:p.Tyr50Ser	CSNK2A1	ENSG00000101266	STAC3
pilot3	CCSBORF6699	1	CCSBORF4447	3AT	2	154G>A	1649	NC_000020.11:505176:C:T	CCSBVarC024328	ENSP00000217244.3:p.Glu52Lys	CSNK2A1	ENSG00000101266	STAC3
pilot3	CCSBORF6699	1	CCSBORF4447	3AT	2	239G>A	209	NC_000020.11:499908:C:T	CCSBVarC024330	ENSP00000217244.3:p.Arg80His	CSNK2A1	ENSG00000101266	STAC3
pilot3	CCSBORF6699	1	CCSBORF4447	3AT	2	242A>C	333	NC_000020.11:499905:T:G	CCSBVarC024331	ENSP00000217244.3:p.Glu81Ala	CSNK2A1	ENSG00000101266	STAC3
pilot3	CCSBORF6699	1	CCSBORF4447	3AT	2	524A>G	632	NC_000020.11:492350:T:C	CCSBVarC024355	ENSP00000217244.3:p.Asp175Gly	CSNK2A1	ENSG00000101266	STAC3
pilot3	CCSBORF6699	1	CCSBORF4447	3AT	2	529G>A	341	NC_000020.11:492345:C:T	CCSBVarC024361	ENSP00000217244.3:p.Gly177Ser	CSNK2A1	ENSG00000101266	STAC3
pilot3	CCSBORF6699	1	CCSBORF4447	3AT	2	704G>T	11	NC_000020.11:489798:C:A	CCSBVarC024394	ENSP00000217244.3:p.Gly235Val	CSNK2A1	ENSG00000101266	STAC3
pilot3	CCSBORF6699	1	CCSBORF4447	3AT	2	935G>A	16	NC_000020.11:487464:C:T	CCSBVarC024400	ENSP00000217244.3:p.Arg312Gln	CSNK2A1	ENSG00000101266	STAC3
pilot3	CCSBORF6699	1	CCSBORF1668	3AT	2	REF	1297	NULL	NULL	NULL	CSNK2A1	ENSG00000101266	THAP1
pilot3	CCSBORF6699	1	CCSBORF1668	3AT	2	1165G>A	1297	NC_000020.11:483971:C:T	CCSBVarC024455	ENSP00000217244.3:p.Ala389Thr	CSNK2A1	ENSG00000101266	THAP1
pilot3	CCSBORF6699	1	CCSBORF1668	3AT	2	1172A>G	12	NC_000020.11:483964:T:C	CCSBVarC024458	ENSP00000217244.3:p.Gln391Arg	CSNK2A1	ENSG00000101266	THAP1
pilot3	CCSBORF6699	1	CCSBORF1668	3AT	2	139C>G	6	NC_000020.11:505191:G:C	CCSBVarC024315	ENSP00000217244.3:p.Arg47Gly	CSNK2A1	ENSG00000101266	THAP1
pilot3	CCSBORF6699	1	CCSBORF1668	3AT	2	143G>A	1098	NC_000020.11:505187:C:T	CCSBVarC024322	ENSP00000217244.3:p.Gly48Asp	CSNK2A1	ENSG00000101266	THAP1
pilot3	CCSBORF6699	1	CCSBORF1668	3AT	2	149A>C	18	NC_000020.11:505181:T:G	CCSBVarC024324	ENSP00000217244.3:p.Tyr50Ser	CSNK2A1	ENSG00000101266	THAP1
pilot3	CCSBORF6699	1	CCSBORF1668	3AT	2	154G>A	95	NC_000020.11:505176:C:T	CCSBVarC024328	ENSP00000217244.3:p.Glu52Lys	CSNK2A1	ENSG00000101266	THAP1
pilot3	CCSBORF6699	1	CCSBORF1668	3AT	2	239G>A	9	NC_000020.11:499908:C:T	CCSBVarC024330	ENSP00000217244.3:p.Arg80His	CSNK2A1	ENSG00000101266	THAP1
pilot3	CCSBORF6699	1	CCSBORF1668	3AT	2	242A>C	963	NC_000020.11:499905:T:G	CCSBVarC024331	ENSP00000217244.3:p.Glu81Ala	CSNK2A1	ENSG00000101266	THAP1
pilot3	CCSBORF6699	1	CCSBORF1668	3AT	2	524A>G	276	NC_000020.11:492350:T:C	CCSBVarC024355	ENSP00000217244.3:p.Asp175Gly	CSNK2A1	ENSG00000101266	THAP1
pilot3	CCSBORF6699	1	CCSBORF1668	3AT	2	529G>A	967	NC_000020.11:492345:C:T	CCSBVarC024361	ENSP00000217244.3:p.Gly177Ser	CSNK2A1	ENSG00000101266	THAP1
pilot3	CCSBORF6699	1	CCSBORF1668	3AT	2	704G>T	2	NC_000020.11:489798:C:A	CCSBVarC024394	ENSP00000217244.3:p.Gly235Val	CSNK2A1	ENSG00000101266	THAP1
pilot3	CCSBORF6699	1	CCSBORF1668	3AT	2	935G>A	3	NC_000020.11:487464:C:T	CCSBVarC024400	ENSP00000217244.3:p.Arg312Gln	CSNK2A1	ENSG00000101266	THAP1
pilot3	CCSBORF6699	1	CCSBORF7881	3AT	2	REF	645	NULL	NULL	NULL	CSNK2A1	ENSG00000101266	TRIM41
pilot3	CCSBORF6699	1	CCSBORF7881	3AT	2	1165G>A	376	NC_000020.11:483971:C:T	CCSBVarC024455	ENSP00000217244.3:p.Ala389Thr	CSNK2A1	ENSG00000101266	TRIM41
pilot3	CCSBORF6699	1	CCSBORF7881	3AT	2	1172A>G	542	NC_000020.11:483964:T:C	CCSBVarC024458	ENSP00000217244.3:p.Gln391Arg	CSNK2A1	ENSG00000101266	TRIM41
pilot3	CCSBORF6699	1	CCSBORF7881	3AT	2	139C>G	810	NC_000020.11:505191:G:C	CCSBVarC024315	ENSP00000217244.3:p.Arg47Gly	CSNK2A1	ENSG00000101266	TRIM41
pilot3	CCSBORF6699	1	CCSBORF7881	3AT	2	143G>A	601	NC_000020.11:505187:C:T	CCSBVarC024322	ENSP00000217244.3:p.Gly48Asp	CSNK2A1	ENSG00000101266	TRIM41
pilot3	CCSBORF6699	1	CCSBORF7881	3AT	2	149A>C	994	NC_000020.11:505181:T:G	CCSBVarC024324	ENSP00000217244.3:p.Tyr50Ser	CSNK2A1	ENSG00000101266	TRIM41
pilot3	CCSBORF6699	1	CCSBORF7881	3AT	2	154G>A	465	NC_000020.11:505176:C:T	CCSBVarC024328	ENSP00000217244.3:p.Glu52Lys	CSNK2A1	ENSG00000101266	TRIM41
pilot3	CCSBORF6699	1	CCSBORF7881	3AT	2	239G>A	442	NC_000020.11:499908:C:T	CCSBVarC024330	ENSP00000217244.3:p.Arg80His	CSNK2A1	ENSG00000101266	TRIM41
pilot3	CCSBORF6699	1	CCSBORF7881	3AT	2	242A>C	185	NC_000020.11:499905:T:G	CCSBVarC024331	ENSP00000217244.3:p.Glu81Ala	CSNK2A1	ENSG00000101266	TRIM41
pilot3	CCSBORF6699	1	CCSBORF7881	3AT	2	524A>G	652	NC_000020.11:492350:T:C	CCSBVarC024355	ENSP00000217244.3:p.Asp175Gly	CSNK2A1	ENSG00000101266	TRIM41
pilot3	CCSBORF6699	1	CCSBORF7881	3AT	2	529G>A	238	NC_000020.11:492345:C:T	CCSBVarC024361	ENSP00000217244.3:p.Gly177Ser	CSNK2A1	ENSG00000101266	TRIM41
pilot3	CCSBORF6699	1	CCSBORF7881	3AT	2	704G>T	11	NC_000020.11:489798:C:A	CCSBVarC024394	ENSP00000217244.3:p.Gly235Val	CSNK2A1	ENSG00000101266	TRIM41
pilot3	CCSBORF6699	1	CCSBORF7881	3AT	2	935G>A	11	NC_000020.11:487464:C:T	CCSBVarC024400	ENSP00000217244.3:p.Arg312Gln	CSNK2A1	ENSG00000101266	TRIM41
pilot3	CCSBORF6699	1	CCSBORF100002000	3AT	2	REF	1397	NULL	NULL	NULL	CSNK2A1	ENSG00000101266	TSPYL2
pilot3	CCSBORF6699	1	CCSBORF100002000	3AT	2	1165G>A	1845	NC_000020.11:483971:C:T	CCSBVarC024455	ENSP00000217244.3:p.Ala389Thr	CSNK2A1	ENSG00000101266	TSPYL2
pilot3	CCSBORF6699	1	CCSBORF100002000	3AT	2	1172A>G	1293	NC_000020.11:483964:T:C	CCSBVarC024458	ENSP00000217244.3:p.Gln391Arg	CSNK2A1	ENSG00000101266	TSPYL2
pilot3	CCSBORF6699	1	CCSBORF100002000	3AT	2	139C>G	191	NC_000020.11:505191:G:C	CCSBVarC024315	ENSP00000217244.3:p.Arg47Gly	CSNK2A1	ENSG00000101266	TSPYL2
pilot3	CCSBORF6699	1	CCSBORF100002000	3AT	2	143G>A	295	NC_000020.11:505187:C:T	CCSBVarC024322	ENSP00000217244.3:p.Gly48Asp	CSNK2A1	ENSG00000101266	TSPYL2
pilot3	CCSBORF6699	1	CCSBORF100002000	3AT	2	149A>C	10	NC_000020.11:505181:T:G	CCSBVarC024324	ENSP00000217244.3:p.Tyr50Ser	CSNK2A1	ENSG00000101266	TSPYL2
pilot3	CCSBORF6699	1	CCSBORF100002000	3AT	2	154G>A	242	NC_000020.11:505176:C:T	CCSBVarC024328	ENSP00000217244.3:p.Glu52Lys	CSNK2A1	ENSG00000101266	TSPYL2
pilot3	CCSBORF6699	1	CCSBORF100002000	3AT	2	239G>A	3	NC_000020.11:499908:C:T	CCSBVarC024330	ENSP00000217244.3:p.Arg80His	CSNK2A1	ENSG00000101266	TSPYL2
pilot3	CCSBORF6699	1	CCSBORF100002000	3AT	2	242A>C	275	NC_000020.11:499905:T:G	CCSBVarC024331	ENSP00000217244.3:p.Glu81Ala	CSNK2A1	ENSG00000101266	TSPYL2
pilot3	CCSBORF6699	1	CCSBORF100002000	3AT	2	524A>G	155	NC_000020.11:492350:T:C	CCSBVarC024355	ENSP00000217244.3:p.Asp175Gly	CSNK2A1	ENSG00000101266	TSPYL2
pilot3	CCSBORF6699	1	CCSBORF100002000	3AT	2	529G>A	359	NC_000020.11:492345:C:T	CCSBVarC024361	ENSP00000217244.3:p.Gly177Ser	CSNK2A1	ENSG00000101266	TSPYL2
pilot3	CCSBORF6699	1	CCSBORF100002000	3AT	2	704G>T	7	NC_000020.11:489798:C:A	CCSBVarC024394	ENSP00000217244.3:p.Gly235Val	CSNK2A1	ENSG00000101266	TSPYL2
pilot3	CCSBORF6699	1	CCSBORF100002000	3AT	2	935G>A	15	NC_000020.11:487464:C:T	CCSBVarC024400	ENSP00000217244.3:p.Arg312Gln	CSNK2A1	ENSG00000101266	TSPYL2
pilot3	CCSBORF6699	1	CCSBORF0	3AT	2	REF	0	NULL	NULL	NULL	CSNK2A1	ENSG00000101266	empty_AD
pilot3	CCSBORF6699	1	CCSBORF0	3AT	2	1165G>A	0	NC_000020.11:483971:C:T	CCSBVarC024455	ENSP00000217244.3:p.Ala389Thr	CSNK2A1	ENSG00000101266	empty_AD
pilot3	CCSBORF6699	1	CCSBORF0	3AT	2	1172A>G	0	NC_000020.11:483964:T:C	CCSBVarC024458	ENSP00000217244.3:p.Gln391Arg	CSNK2A1	ENSG00000101266	empty_AD
pilot3	CCSBORF6699	1	CCSBORF0	3AT	2	139C>G	0	NC_000020.11:505191:G:C	CCSBVarC024315	ENSP00000217244.3:p.Arg47Gly	CSNK2A1	ENSG00000101266	empty_AD
pilot3	CCSBORF6699	1	CCSBORF0	3AT	2	143G>A	0	NC_000020.11:505187:C:T	CCSBVarC024322	ENSP00000217244.3:p.Gly48Asp	CSNK2A1	ENSG00000101266	empty_AD
pilot3	CCSBORF6699	1	CCSBORF0	3AT	2	149A>C	15	NC_000020.11:505181:T:G	CCSBVarC024324	ENSP00000217244.3:p.Tyr50Ser	CSNK2A1	ENSG00000101266	empty_AD
pilot3	CCSBORF6699	1	CCSBORF0	3AT	2	154G>A	0	NC_000020.11:505176:C:T	CCSBVarC024328	ENSP00000217244.3:p.Glu52Lys	CSNK2A1	ENSG00000101266	empty_AD
pilot3	CCSBORF6699	1	CCSBORF0	3AT	2	239G>A	0	NC_000020.11:499908:C:T	CCSBVarC024330	ENSP00000217244.3:p.Arg80His	CSNK2A1	ENSG00000101266	empty_AD
pilot3	CCSBORF6699	1	CCSBORF0	3AT	2	242A>C	0	NC_000020.11:499905:T:G	CCSBVarC024331	ENSP00000217244.3:p.Glu81Ala	CSNK2A1	ENSG00000101266	empty_AD
pilot3	CCSBORF6699	1	CCSBORF0	3AT	2	524A>G	0	NC_000020.11:492350:T:C	CCSBVarC024355	ENSP00000217244.3:p.Asp175Gly	CSNK2A1	ENSG00000101266	empty_AD
pilot3	CCSBORF6699	1	CCSBORF0	3AT	2	529G>A	0	NC_000020.11:492345:C:T	CCSBVarC024361	ENSP00000217244.3:p.Gly177Ser	CSNK2A1	ENSG00000101266	empty_AD
pilot3	CCSBORF6699	1	CCSBORF0	3AT	2	704G>T	0	NC_000020.11:489798:C:A	CCSBVarC024394	ENSP00000217244.3:p.Gly235Val	CSNK2A1	ENSG00000101266	empty_AD
pilot3	CCSBORF6699	1	CCSBORF0	3AT	2	935G>A	0	NC_000020.11:487464:C:T	CCSBVarC024400	ENSP00000217244.3:p.Arg312Gln	CSNK2A1	ENSG00000101266	empty_AD
pilot3	CCSBORF5861	1	CCSBORF12279	3AT	2	REF	140	NULL	NULL	NULL	PPP2R1A	ENSG00000105568	CSDC2
pilot3	CCSBORF5861	1	CCSBORF12279	3AT	2	1030G>T	10	NC_000019.10:52216564:G:T	CCSBVarC023477	ENSP00000324804.6:p.Ala344Ser	PPP2R1A	ENSG00000105568	CSDC2
pilot3	CCSBORF5861	1	CCSBORF12279	3AT	2	1229A>T	244	NC_000019.10:52219790:A:T	CCSBVarC023479	ENSP00000324804.6:p.Glu410Val	PPP2R1A	ENSG00000105568	CSDC2
pilot3	CCSBORF5861	1	CCSBORF12279	3AT	2	1481A>G	51	NC_000019.10:52221095:A:G	CCSBVarC023482	ENSP00000324804.6:p.Asn494Ser	PPP2R1A	ENSG00000105568	CSDC2
pilot3	CCSBORF5861	1	CCSBORF12279	3AT	2	1493G>T	3	NC_000019.10:52221107:G:T	CCSBVarC023486	ENSP00000324804.6:p.Arg498Leu	PPP2R1A	ENSG00000105568	CSDC2
pilot3	CCSBORF5861	1	CCSBORF12279	3AT	2	1513A>G	124	NC_000019.10:52221127:A:G	CCSBVarC023489	ENSP00000324804.6:p.Ile505Val	PPP2R1A	ENSG00000105568	CSDC2
pilot3	CCSBORF5861	1	CCSBORF12279	3AT	2	1560C>G	61	NC_000019.10:52222139:C:G	CCSBVarC023493	ENSP00000324804.6:p.His520Gln	PPP2R1A	ENSG00000105568	CSDC2
pilot3	CCSBORF5861	1	CCSBORF12279	3AT	2	259C>T	74	NC_000019.10:52206051:C:T	CCSBVarC023336	ENSP00000324804.6:p.His87Tyr	PPP2R1A	ENSG00000105568	CSDC2
pilot3	CCSBORF5861	1	CCSBORF12279	3AT	2	331T>G	272	NC_000019.10:52211319:T:G	CCSBVarC023343	ENSP00000324804.6:p.Ser111Ala	PPP2R1A	ENSG00000105568	CSDC2
pilot3	CCSBORF5861	1	CCSBORF12279	3AT	2	352G>A	32	NC_000019.10:52211340:G:A	CCSBVarC023346	ENSP00000324804.6:p.Glu118Lys	PPP2R1A	ENSG00000105568	CSDC2
pilot3	CCSBORF5861	1	CCSBORF12279	3AT	2	377C>T	21	NC_000019.10:52211365:C:T	CCSBVarC023349	ENSP00000324804.6:p.Ala126Val	PPP2R1A	ENSG00000105568	CSDC2
pilot3	CCSBORF5861	1	CCSBORF12279	3AT	2	430C>T	6	NC_000019.10:52211418:C:T	CCSBVarC023352	ENSP00000324804.6:p.Arg144Cys	PPP2R1A	ENSG00000105568	CSDC2
pilot3	CCSBORF5861	1	CCSBORF12279	3AT	2	470G>A	32	NC_000019.10:52211458:G:A	CCSBVarC023356	ENSP00000324804.6:p.Arg157Gln	PPP2R1A	ENSG00000105568	CSDC2
pilot3	CCSBORF5861	1	CCSBORF12279	3AT	2	472G>C	5	NC_000019.10:52211460:G:C	CCSBVarC023359	ENSP00000324804.6:p.Val158Leu	PPP2R1A	ENSG00000105568	CSDC2
pilot3	CCSBORF5861	1	CCSBORF12279	3AT	2	522C>G	1	NC_000019.10:52212703:C:G	CCSBVarC023383	ENSP00000324804.6:p.Cys174Trp	PPP2R1A	ENSG00000105568	CSDC2
pilot3	CCSBORF5861	1	CCSBORF12279	3AT	2	532A>G	12	NC_000019.10:52212713:A:G	CCSBVarC023386	ENSP00000324804.6:p.Thr178Ala	PPP2R1A	ENSG00000105568	CSDC2
pilot3	CCSBORF5861	1	CCSBORF12279	3AT	2	536C>A	789	NC_000019.10:52212717:C:A	CCSBVarC023388	ENSP00000324804.6:p.Pro179His	PPP2R1A	ENSG00000105568	CSDC2
pilot3	CCSBORF5861	1	CCSBORF12279	3AT	2	536C>G	31	NC_000019.10:52212717:C:G	CCSBVarC023391	ENSP00000324804.6:p.Pro179Arg	PPP2R1A	ENSG00000105568	CSDC2
pilot3	CCSBORF5861	1	CCSBORF12279	3AT	2	536C>T	253	NC_000019.10:52212717:C:T	CCSBVarC023394	ENSP00000324804.6:p.Pro179Leu	PPP2R1A	ENSG00000105568	CSDC2
pilot3	CCSBORF5861	1	CCSBORF12279	3AT	2	538A>G	545	NC_000019.10:52212719:A:G	CCSBVarC023426	ENSP00000324804.6:p.Met180Val	PPP2R1A	ENSG00000105568	CSDC2
pilot3	CCSBORF5861	1	CCSBORF12279	3AT	2	539T>C	200	NC_000019.10:52212720:T:C	CCSBVarC023429	ENSP00000324804.6:p.Met180Thr	PPP2R1A	ENSG00000105568	CSDC2
pilot3	CCSBORF5861	1	CCSBORF12279	3AT	2	547C>G	44	NC_000019.10:52212728:C:G	CCSBVarC023437	ENSP00000324804.6:p.Arg183Gly	PPP2R1A	ENSG00000105568	CSDC2
pilot3	CCSBORF5861	1	CCSBORF12279	3AT	2	547C>T	4254	NC_000019.10:52212728:C:T	CCSBVarC023440	ENSP00000324804.6:p.Arg183Trp	PPP2R1A	ENSG00000105568	CSDC2
pilot3	CCSBORF5861	1	CCSBORF12279	3AT	2	548G>C	1008	NC_000019.10:52212729:G:C	CCSBVarC023445	ENSP00000324804.6:p.Arg183Pro	PPP2R1A	ENSG00000105568	CSDC2
pilot3	CCSBORF5861	1	CCSBORF12279	3AT	2	553G>A	113	NC_000019.10:52212734:G:A	CCSBVarC023447	ENSP00000324804.6:p.Ala185Thr	PPP2R1A	ENSG00000105568	CSDC2
pilot3	CCSBORF5861	1	CCSBORF12279	3AT	2	658G>A	84	NC_000019.10:52212960:G:A	CCSBVarC023455	ENSP00000324804.6:p.Val220Met	PPP2R1A	ENSG00000105568	CSDC2
pilot3	CCSBORF5861	1	CCSBORF12279	3AT	2	694G>A	72	NC_000019.10:52212996:G:A	CCSBVarC023458	ENSP00000324804.6:p.Ala232Thr	PPP2R1A	ENSG00000105568	CSDC2
pilot3	CCSBORF5861	1	CCSBORF100062506	3AT	2	REF	287	NULL	NULL	NULL	PPP2R1A	ENSG00000105568	FBXO43
pilot3	CCSBORF5861	1	CCSBORF100062506	3AT	2	1030G>T	88	NC_000019.10:52216564:G:T	CCSBVarC023477	ENSP00000324804.6:p.Ala344Ser	PPP2R1A	ENSG00000105568	FBXO43
pilot3	CCSBORF5861	1	CCSBORF100062506	3AT	2	1229A>T	301	NC_000019.10:52219790:A:T	CCSBVarC023479	ENSP00000324804.6:p.Glu410Val	PPP2R1A	ENSG00000105568	FBXO43
pilot3	CCSBORF5861	1	CCSBORF100062506	3AT	2	1481A>G	324	NC_000019.10:52221095:A:G	CCSBVarC023482	ENSP00000324804.6:p.Asn494Ser	PPP2R1A	ENSG00000105568	FBXO43
pilot3	CCSBORF5861	1	CCSBORF100062506	3AT	2	1493G>T	0	NC_000019.10:52221107:G:T	CCSBVarC023486	ENSP00000324804.6:p.Arg498Leu	PPP2R1A	ENSG00000105568	FBXO43
pilot3	CCSBORF5861	1	CCSBORF100062506	3AT	2	1513A>G	177	NC_000019.10:52221127:A:G	CCSBVarC023489	ENSP00000324804.6:p.Ile505Val	PPP2R1A	ENSG00000105568	FBXO43
pilot3	CCSBORF5861	1	CCSBORF100062506	3AT	2	1560C>G	150	NC_000019.10:52222139:C:G	CCSBVarC023493	ENSP00000324804.6:p.His520Gln	PPP2R1A	ENSG00000105568	FBXO43
pilot3	CCSBORF5861	1	CCSBORF100062506	3AT	2	259C>T	262	NC_000019.10:52206051:C:T	CCSBVarC023336	ENSP00000324804.6:p.His87Tyr	PPP2R1A	ENSG00000105568	FBXO43
pilot3	CCSBORF5861	1	CCSBORF100062506	3AT	2	331T>G	540	NC_000019.10:52211319:T:G	CCSBVarC023343	ENSP00000324804.6:p.Ser111Ala	PPP2R1A	ENSG00000105568	FBXO43
pilot3	CCSBORF5861	1	CCSBORF100062506	3AT	2	352G>A	165	NC_000019.10:52211340:G:A	CCSBVarC023346	ENSP00000324804.6:p.Glu118Lys	PPP2R1A	ENSG00000105568	FBXO43
pilot3	CCSBORF5861	1	CCSBORF100062506	3AT	2	377C>T	100	NC_000019.10:52211365:C:T	CCSBVarC023349	ENSP00000324804.6:p.Ala126Val	PPP2R1A	ENSG00000105568	FBXO43
pilot3	CCSBORF5861	1	CCSBORF100062506	3AT	2	430C>T	68	NC_000019.10:52211418:C:T	CCSBVarC023352	ENSP00000324804.6:p.Arg144Cys	PPP2R1A	ENSG00000105568	FBXO43
pilot3	CCSBORF5861	1	CCSBORF100062506	3AT	2	470G>A	218	NC_000019.10:52211458:G:A	CCSBVarC023356	ENSP00000324804.6:p.Arg157Gln	PPP2R1A	ENSG00000105568	FBXO43
pilot3	CCSBORF5861	1	CCSBORF100062506	3AT	2	472G>C	10	NC_000019.10:52211460:G:C	CCSBVarC023359	ENSP00000324804.6:p.Val158Leu	PPP2R1A	ENSG00000105568	FBXO43
pilot3	CCSBORF5861	1	CCSBORF100062506	3AT	2	522C>G	104	NC_000019.10:52212703:C:G	CCSBVarC023383	ENSP00000324804.6:p.Cys174Trp	PPP2R1A	ENSG00000105568	FBXO43
pilot3	CCSBORF5861	1	CCSBORF100062506	3AT	2	532A>G	90	NC_000019.10:52212713:A:G	CCSBVarC023386	ENSP00000324804.6:p.Thr178Ala	PPP2R1A	ENSG00000105568	FBXO43
pilot3	CCSBORF5861	1	CCSBORF100062506	3AT	2	536C>A	632	NC_000019.10:52212717:C:A	CCSBVarC023388	ENSP00000324804.6:p.Pro179His	PPP2R1A	ENSG00000105568	FBXO43
pilot3	CCSBORF5861	1	CCSBORF100062506	3AT	2	536C>G	146	NC_000019.10:52212717:C:G	CCSBVarC023391	ENSP00000324804.6:p.Pro179Arg	PPP2R1A	ENSG00000105568	FBXO43
pilot3	CCSBORF5861	1	CCSBORF100062506	3AT	2	536C>T	650	NC_000019.10:52212717:C:T	CCSBVarC023394	ENSP00000324804.6:p.Pro179Leu	PPP2R1A	ENSG00000105568	FBXO43
pilot3	CCSBORF5861	1	CCSBORF100062506	3AT	2	538A>G	862	NC_000019.10:52212719:A:G	CCSBVarC023426	ENSP00000324804.6:p.Met180Val	PPP2R1A	ENSG00000105568	FBXO43
pilot3	CCSBORF5861	1	CCSBORF100062506	3AT	2	539T>C	485	NC_000019.10:52212720:T:C	CCSBVarC023429	ENSP00000324804.6:p.Met180Thr	PPP2R1A	ENSG00000105568	FBXO43
pilot3	CCSBORF5861	1	CCSBORF100062506	3AT	2	547C>G	92	NC_000019.10:52212728:C:G	CCSBVarC023437	ENSP00000324804.6:p.Arg183Gly	PPP2R1A	ENSG00000105568	FBXO43
pilot3	CCSBORF5861	1	CCSBORF100062506	3AT	2	547C>T	1523	NC_000019.10:52212728:C:T	CCSBVarC023440	ENSP00000324804.6:p.Arg183Trp	PPP2R1A	ENSG00000105568	FBXO43
pilot3	CCSBORF5861	1	CCSBORF100062506	3AT	2	548G>C	1232	NC_000019.10:52212729:G:C	CCSBVarC023445	ENSP00000324804.6:p.Arg183Pro	PPP2R1A	ENSG00000105568	FBXO43
pilot3	CCSBORF5861	1	CCSBORF100062506	3AT	2	553G>A	484	NC_000019.10:52212734:G:A	CCSBVarC023447	ENSP00000324804.6:p.Ala185Thr	PPP2R1A	ENSG00000105568	FBXO43
pilot3	CCSBORF5861	1	CCSBORF100062506	3AT	2	658G>A	650	NC_000019.10:52212960:G:A	CCSBVarC023455	ENSP00000324804.6:p.Val220Met	PPP2R1A	ENSG00000105568	FBXO43
pilot3	CCSBORF5861	1	CCSBORF100062506	3AT	2	694G>A	207	NC_000019.10:52212996:G:A	CCSBVarC023458	ENSP00000324804.6:p.Ala232Thr	PPP2R1A	ENSG00000105568	FBXO43
pilot3	CCSBORF5861	1	CCSBORF100061924	3AT	2	REF	780	NULL	NULL	NULL	PPP2R1A	ENSG00000105568	GOLGA6A
pilot3	CCSBORF5861	1	CCSBORF100061924	3AT	2	1030G>T	218	NC_000019.10:52216564:G:T	CCSBVarC023477	ENSP00000324804.6:p.Ala344Ser	PPP2R1A	ENSG00000105568	GOLGA6A
pilot3	CCSBORF5861	1	CCSBORF100061924	3AT	2	1229A>T	636	NC_000019.10:52219790:A:T	CCSBVarC023479	ENSP00000324804.6:p.Glu410Val	PPP2R1A	ENSG00000105568	GOLGA6A
pilot3	CCSBORF5861	1	CCSBORF100061924	3AT	2	1481A>G	365	NC_000019.10:52221095:A:G	CCSBVarC023482	ENSP00000324804.6:p.Asn494Ser	PPP2R1A	ENSG00000105568	GOLGA6A
pilot3	CCSBORF5861	1	CCSBORF100061924	3AT	2	1493G>T	94	NC_000019.10:52221107:G:T	CCSBVarC023486	ENSP00000324804.6:p.Arg498Leu	PPP2R1A	ENSG00000105568	GOLGA6A
pilot3	CCSBORF5861	1	CCSBORF100061924	3AT	2	1513A>G	566	NC_000019.10:52221127:A:G	CCSBVarC023489	ENSP00000324804.6:p.Ile505Val	PPP2R1A	ENSG00000105568	GOLGA6A
pilot3	CCSBORF5861	1	CCSBORF100061924	3AT	2	1560C>G	465	NC_000019.10:52222139:C:G	CCSBVarC023493	ENSP00000324804.6:p.His520Gln	PPP2R1A	ENSG00000105568	GOLGA6A
pilot3	CCSBORF5861	1	CCSBORF100061924	3AT	2	259C>T	481	NC_000019.10:52206051:C:T	CCSBVarC023336	ENSP00000324804.6:p.His87Tyr	PPP2R1A	ENSG00000105568	GOLGA6A
pilot3	CCSBORF5861	1	CCSBORF100061924	3AT	2	331T>G	764	NC_000019.10:52211319:T:G	CCSBVarC023343	ENSP00000324804.6:p.Ser111Ala	PPP2R1A	ENSG00000105568	GOLGA6A
pilot3	CCSBORF5861	1	CCSBORF100061924	3AT	2	352G>A	479	NC_000019.10:52211340:G:A	CCSBVarC023346	ENSP00000324804.6:p.Glu118Lys	PPP2R1A	ENSG00000105568	GOLGA6A
pilot3	CCSBORF5861	1	CCSBORF100061924	3AT	2	377C>T	257	NC_000019.10:52211365:C:T	CCSBVarC023349	ENSP00000324804.6:p.Ala126Val	PPP2R1A	ENSG00000105568	GOLGA6A
pilot3	CCSBORF5861	1	CCSBORF100061924	3AT	2	430C>T	149	NC_000019.10:52211418:C:T	CCSBVarC023352	ENSP00000324804.6:p.Arg144Cys	PPP2R1A	ENSG00000105568	GOLGA6A
pilot3	CCSBORF5861	1	CCSBORF100061924	3AT	2	470G>A	477	NC_000019.10:52211458:G:A	CCSBVarC023356	ENSP00000324804.6:p.Arg157Gln	PPP2R1A	ENSG00000105568	GOLGA6A
pilot3	CCSBORF5861	1	CCSBORF100061924	3AT	2	472G>C	53	NC_000019.10:52211460:G:C	CCSBVarC023359	ENSP00000324804.6:p.Val158Leu	PPP2R1A	ENSG00000105568	GOLGA6A
pilot3	CCSBORF5861	1	CCSBORF100061924	3AT	2	522C>G	134	NC_000019.10:52212703:C:G	CCSBVarC023383	ENSP00000324804.6:p.Cys174Trp	PPP2R1A	ENSG00000105568	GOLGA6A
pilot3	CCSBORF5861	1	CCSBORF100061924	3AT	2	532A>G	107	NC_000019.10:52212713:A:G	CCSBVarC023386	ENSP00000324804.6:p.Thr178Ala	PPP2R1A	ENSG00000105568	GOLGA6A
pilot3	CCSBORF5861	1	CCSBORF100061924	3AT	2	536C>A	148	NC_000019.10:52212717:C:A	CCSBVarC023388	ENSP00000324804.6:p.Pro179His	PPP2R1A	ENSG00000105568	GOLGA6A
pilot3	CCSBORF5861	1	CCSBORF100061924	3AT	2	536C>G	20	NC_000019.10:52212717:C:G	CCSBVarC023391	ENSP00000324804.6:p.Pro179Arg	PPP2R1A	ENSG00000105568	GOLGA6A
pilot3	CCSBORF5861	1	CCSBORF100061924	3AT	2	536C>T	47	NC_000019.10:52212717:C:T	CCSBVarC023394	ENSP00000324804.6:p.Pro179Leu	PPP2R1A	ENSG00000105568	GOLGA6A
pilot3	CCSBORF5861	1	CCSBORF100061924	3AT	2	538A>G	489	NC_000019.10:52212719:A:G	CCSBVarC023426	ENSP00000324804.6:p.Met180Val	PPP2R1A	ENSG00000105568	GOLGA6A
pilot3	CCSBORF5861	1	CCSBORF100061924	3AT	2	539T>C	551	NC_000019.10:52212720:T:C	CCSBVarC023429	ENSP00000324804.6:p.Met180Thr	PPP2R1A	ENSG00000105568	GOLGA6A
pilot3	CCSBORF5861	1	CCSBORF100061924	3AT	2	547C>G	2	NC_000019.10:52212728:C:G	CCSBVarC023437	ENSP00000324804.6:p.Arg183Gly	PPP2R1A	ENSG00000105568	GOLGA6A
pilot3	CCSBORF5861	1	CCSBORF100061924	3AT	2	547C>T	25	NC_000019.10:52212728:C:T	CCSBVarC023440	ENSP00000324804.6:p.Arg183Trp	PPP2R1A	ENSG00000105568	GOLGA6A
pilot3	CCSBORF5861	1	CCSBORF100061924	3AT	2	548G>C	3	NC_000019.10:52212729:G:C	CCSBVarC023445	ENSP00000324804.6:p.Arg183Pro	PPP2R1A	ENSG00000105568	GOLGA6A
pilot3	CCSBORF5861	1	CCSBORF100061924	3AT	2	553G>A	768	NC_000019.10:52212734:G:A	CCSBVarC023447	ENSP00000324804.6:p.Ala185Thr	PPP2R1A	ENSG00000105568	GOLGA6A
pilot3	CCSBORF5861	1	CCSBORF100061924	3AT	2	658G>A	483	NC_000019.10:52212960:G:A	CCSBVarC023455	ENSP00000324804.6:p.Val220Met	PPP2R1A	ENSG00000105568	GOLGA6A
pilot3	CCSBORF5861	1	CCSBORF100061924	3AT	2	694G>A	481	NC_000019.10:52212996:G:A	CCSBVarC023458	ENSP00000324804.6:p.Ala232Thr	PPP2R1A	ENSG00000105568	GOLGA6A
pilot3	CCSBORF5861	1	CCSBORF52950	3AT	2	REF	432	NULL	NULL	NULL	PPP2R1A	ENSG00000105568	STRN
pilot3	CCSBORF5861	1	CCSBORF52950	3AT	2	1030G>T	15	NC_000019.10:52216564:G:T	CCSBVarC023477	ENSP00000324804.6:p.Ala344Ser	PPP2R1A	ENSG00000105568	STRN
pilot3	CCSBORF5861	1	CCSBORF52950	3AT	2	1229A>T	205	NC_000019.10:52219790:A:T	CCSBVarC023479	ENSP00000324804.6:p.Glu410Val	PPP2R1A	ENSG00000105568	STRN
pilot3	CCSBORF5861	1	CCSBORF52950	3AT	2	1481A>G	58	NC_000019.10:52221095:A:G	CCSBVarC023482	ENSP00000324804.6:p.Asn494Ser	PPP2R1A	ENSG00000105568	STRN
pilot3	CCSBORF5861	1	CCSBORF52950	3AT	2	1493G>T	11	NC_000019.10:52221107:G:T	CCSBVarC023486	ENSP00000324804.6:p.Arg498Leu	PPP2R1A	ENSG00000105568	STRN
pilot3	CCSBORF5861	1	CCSBORF52950	3AT	2	1513A>G	99	NC_000019.10:52221127:A:G	CCSBVarC023489	ENSP00000324804.6:p.Ile505Val	PPP2R1A	ENSG00000105568	STRN
pilot3	CCSBORF5861	1	CCSBORF52950	3AT	2	1560C>G	112	NC_000019.10:52222139:C:G	CCSBVarC023493	ENSP00000324804.6:p.His520Gln	PPP2R1A	ENSG00000105568	STRN
pilot3	CCSBORF5861	1	CCSBORF52950	3AT	2	259C>T	188	NC_000019.10:52206051:C:T	CCSBVarC023336	ENSP00000324804.6:p.His87Tyr	PPP2R1A	ENSG00000105568	STRN
pilot3	CCSBORF5861	1	CCSBORF52950	3AT	2	331T>G	137	NC_000019.10:52211319:T:G	CCSBVarC023343	ENSP00000324804.6:p.Ser111Ala	PPP2R1A	ENSG00000105568	STRN
pilot3	CCSBORF5861	1	CCSBORF52950	3AT	2	352G>A	19	NC_000019.10:52211340:G:A	CCSBVarC023346	ENSP00000324804.6:p.Glu118Lys	PPP2R1A	ENSG00000105568	STRN
pilot3	CCSBORF5861	1	CCSBORF52950	3AT	2	377C>T	6	NC_000019.10:52211365:C:T	CCSBVarC023349	ENSP00000324804.6:p.Ala126Val	PPP2R1A	ENSG00000105568	STRN
pilot3	CCSBORF5861	1	CCSBORF52950	3AT	2	430C>T	24	NC_000019.10:52211418:C:T	CCSBVarC023352	ENSP00000324804.6:p.Arg144Cys	PPP2R1A	ENSG00000105568	STRN
pilot3	CCSBORF5861	1	CCSBORF52950	3AT	2	470G>A	186	NC_000019.10:52211458:G:A	CCSBVarC023356	ENSP00000324804.6:p.Arg157Gln	PPP2R1A	ENSG00000105568	STRN
pilot3	CCSBORF5861	1	CCSBORF52950	3AT	2	472G>C	1	NC_000019.10:52211460:G:C	CCSBVarC023359	ENSP00000324804.6:p.Val158Leu	PPP2R1A	ENSG00000105568	STRN
pilot3	CCSBORF5861	1	CCSBORF52950	3AT	2	522C>G	29	NC_000019.10:52212703:C:G	CCSBVarC023383	ENSP00000324804.6:p.Cys174Trp	PPP2R1A	ENSG00000105568	STRN
pilot3	CCSBORF5861	1	CCSBORF52950	3AT	2	532A>G	45	NC_000019.10:52212713:A:G	CCSBVarC023386	ENSP00000324804.6:p.Thr178Ala	PPP2R1A	ENSG00000105568	STRN
pilot3	CCSBORF5861	1	CCSBORF52950	3AT	2	536C>A	217	NC_000019.10:52212717:C:A	CCSBVarC023388	ENSP00000324804.6:p.Pro179His	PPP2R1A	ENSG00000105568	STRN
pilot3	CCSBORF5861	1	CCSBORF52950	3AT	2	536C>G	0	NC_000019.10:52212717:C:G	CCSBVarC023391	ENSP00000324804.6:p.Pro179Arg	PPP2R1A	ENSG00000105568	STRN
pilot3	CCSBORF5861	1	CCSBORF52950	3AT	2	536C>T	287	NC_000019.10:52212717:C:T	CCSBVarC023394	ENSP00000324804.6:p.Pro179Leu	PPP2R1A	ENSG00000105568	STRN
pilot3	CCSBORF5861	1	CCSBORF52950	3AT	2	538A>G	86	NC_000019.10:52212719:A:G	CCSBVarC023426	ENSP00000324804.6:p.Met180Val	PPP2R1A	ENSG00000105568	STRN
pilot3	CCSBORF5861	1	CCSBORF52950	3AT	2	539T>C	105	NC_000019.10:52212720:T:C	CCSBVarC023429	ENSP00000324804.6:p.Met180Thr	PPP2R1A	ENSG00000105568	STRN
pilot3	CCSBORF5861	1	CCSBORF52950	3AT	2	547C>G	104	NC_000019.10:52212728:C:G	CCSBVarC023437	ENSP00000324804.6:p.Arg183Gly	PPP2R1A	ENSG00000105568	STRN
pilot3	CCSBORF5861	1	CCSBORF52950	3AT	2	547C>T	379	NC_000019.10:52212728:C:T	CCSBVarC023440	ENSP00000324804.6:p.Arg183Trp	PPP2R1A	ENSG00000105568	STRN
pilot3	CCSBORF5861	1	CCSBORF52950	3AT	2	548G>C	698	NC_000019.10:52212729:G:C	CCSBVarC023445	ENSP00000324804.6:p.Arg183Pro	PPP2R1A	ENSG00000105568	STRN
pilot3	CCSBORF5861	1	CCSBORF52950	3AT	2	553G>A	393	NC_000019.10:52212734:G:A	CCSBVarC023447	ENSP00000324804.6:p.Ala185Thr	PPP2R1A	ENSG00000105568	STRN
pilot3	CCSBORF5861	1	CCSBORF52950	3AT	2	658G>A	1121	NC_000019.10:52212960:G:A	CCSBVarC023455	ENSP00000324804.6:p.Val220Met	PPP2R1A	ENSG00000105568	STRN
pilot3	CCSBORF5861	1	CCSBORF52950	3AT	2	694G>A	393	NC_000019.10:52212996:G:A	CCSBVarC023458	ENSP00000324804.6:p.Ala232Thr	PPP2R1A	ENSG00000105568	STRN
pilot3	CCSBORF5861	1	CCSBORF55030	3AT	2	REF	614	NULL	NULL	NULL	PPP2R1A	ENSG00000105568	STRN3
pilot3	CCSBORF5861	1	CCSBORF55030	3AT	2	1030G>T	81	NC_000019.10:52216564:G:T	CCSBVarC023477	ENSP00000324804.6:p.Ala344Ser	PPP2R1A	ENSG00000105568	STRN3
pilot3	CCSBORF5861	1	CCSBORF55030	3AT	2	1229A>T	146	NC_000019.10:52219790:A:T	CCSBVarC023479	ENSP00000324804.6:p.Glu410Val	PPP2R1A	ENSG00000105568	STRN3
pilot3	CCSBORF5861	1	CCSBORF55030	3AT	2	1481A>G	67	NC_000019.10:52221095:A:G	CCSBVarC023482	ENSP00000324804.6:p.Asn494Ser	PPP2R1A	ENSG00000105568	STRN3
pilot3	CCSBORF5861	1	CCSBORF55030	3AT	2	1493G>T	15	NC_000019.10:52221107:G:T	CCSBVarC023486	ENSP00000324804.6:p.Arg498Leu	PPP2R1A	ENSG00000105568	STRN3
pilot3	CCSBORF5861	1	CCSBORF55030	3AT	2	1513A>G	179	NC_000019.10:52221127:A:G	CCSBVarC023489	ENSP00000324804.6:p.Ile505Val	PPP2R1A	ENSG00000105568	STRN3
pilot3	CCSBORF5861	1	CCSBORF55030	3AT	2	1560C>G	172	NC_000019.10:52222139:C:G	CCSBVarC023493	ENSP00000324804.6:p.His520Gln	PPP2R1A	ENSG00000105568	STRN3
pilot3	CCSBORF5861	1	CCSBORF55030	3AT	2	259C>T	229	NC_000019.10:52206051:C:T	CCSBVarC023336	ENSP00000324804.6:p.His87Tyr	PPP2R1A	ENSG00000105568	STRN3
pilot3	CCSBORF5861	1	CCSBORF55030	3AT	2	331T>G	173	NC_000019.10:52211319:T:G	CCSBVarC023343	ENSP00000324804.6:p.Ser111Ala	PPP2R1A	ENSG00000105568	STRN3
pilot3	CCSBORF5861	1	CCSBORF55030	3AT	2	352G>A	180	NC_000019.10:52211340:G:A	CCSBVarC023346	ENSP00000324804.6:p.Glu118Lys	PPP2R1A	ENSG00000105568	STRN3
pilot3	CCSBORF5861	1	CCSBORF55030	3AT	2	377C>T	45	NC_000019.10:52211365:C:T	CCSBVarC023349	ENSP00000324804.6:p.Ala126Val	PPP2R1A	ENSG00000105568	STRN3
pilot3	CCSBORF5861	1	CCSBORF55030	3AT	2	430C>T	65	NC_000019.10:52211418:C:T	CCSBVarC023352	ENSP00000324804.6:p.Arg144Cys	PPP2R1A	ENSG00000105568	STRN3
pilot3	CCSBORF5861	1	CCSBORF55030	3AT	2	470G>A	204	NC_000019.10:52211458:G:A	CCSBVarC023356	ENSP00000324804.6:p.Arg157Gln	PPP2R1A	ENSG00000105568	STRN3
pilot3	CCSBORF5861	1	CCSBORF55030	3AT	2	472G>C	35	NC_000019.10:52211460:G:C	CCSBVarC023359	ENSP00000324804.6:p.Val158Leu	PPP2R1A	ENSG00000105568	STRN3
pilot3	CCSBORF5861	1	CCSBORF55030	3AT	2	522C>G	65	NC_000019.10:52212703:C:G	CCSBVarC023383	ENSP00000324804.6:p.Cys174Trp	PPP2R1A	ENSG00000105568	STRN3
pilot3	CCSBORF5861	1	CCSBORF55030	3AT	2	532A>G	48	NC_000019.10:52212713:A:G	CCSBVarC023386	ENSP00000324804.6:p.Thr178Ala	PPP2R1A	ENSG00000105568	STRN3
pilot3	CCSBORF5861	1	CCSBORF55030	3AT	2	536C>A	661	NC_000019.10:52212717:C:A	CCSBVarC023388	ENSP00000324804.6:p.Pro179His	PPP2R1A	ENSG00000105568	STRN3
pilot3	CCSBORF5861	1	CCSBORF55030	3AT	2	536C>G	53	NC_000019.10:52212717:C:G	CCSBVarC023391	ENSP00000324804.6:p.Pro179Arg	PPP2R1A	ENSG00000105568	STRN3
pilot3	CCSBORF5861	1	CCSBORF55030	3AT	2	536C>T	320	NC_000019.10:52212717:C:T	CCSBVarC023394	ENSP00000324804.6:p.Pro179Leu	PPP2R1A	ENSG00000105568	STRN3
pilot3	CCSBORF5861	1	CCSBORF55030	3AT	2	538A>G	420	NC_000019.10:52212719:A:G	CCSBVarC023426	ENSP00000324804.6:p.Met180Val	PPP2R1A	ENSG00000105568	STRN3
pilot3	CCSBORF5861	1	CCSBORF55030	3AT	2	539T>C	350	NC_000019.10:52212720:T:C	CCSBVarC023429	ENSP00000324804.6:p.Met180Thr	PPP2R1A	ENSG00000105568	STRN3
pilot3	CCSBORF5861	1	CCSBORF55030	3AT	2	547C>G	91	NC_000019.10:52212728:C:G	CCSBVarC023437	ENSP00000324804.6:p.Arg183Gly	PPP2R1A	ENSG00000105568	STRN3
pilot3	CCSBORF5861	1	CCSBORF55030	3AT	2	547C>T	620	NC_000019.10:52212728:C:T	CCSBVarC023440	ENSP00000324804.6:p.Arg183Trp	PPP2R1A	ENSG00000105568	STRN3
pilot3	CCSBORF5861	1	CCSBORF55030	3AT	2	548G>C	432	NC_000019.10:52212729:G:C	CCSBVarC023445	ENSP00000324804.6:p.Arg183Pro	PPP2R1A	ENSG00000105568	STRN3
pilot3	CCSBORF5861	1	CCSBORF55030	3AT	2	553G>A	324	NC_000019.10:52212734:G:A	CCSBVarC023447	ENSP00000324804.6:p.Ala185Thr	PPP2R1A	ENSG00000105568	STRN3
pilot3	CCSBORF5861	1	CCSBORF55030	3AT	2	658G>A	447	NC_000019.10:52212960:G:A	CCSBVarC023455	ENSP00000324804.6:p.Val220Met	PPP2R1A	ENSG00000105568	STRN3
pilot3	CCSBORF5861	1	CCSBORF55030	3AT	2	694G>A	217	NC_000019.10:52212996:G:A	CCSBVarC023458	ENSP00000324804.6:p.Ala232Thr	PPP2R1A	ENSG00000105568	STRN3
pilot3	CCSBORF5861	1	CCSBORF0	3AT	2	REF	0	NULL	NULL	NULL	PPP2R1A	ENSG00000105568	empty_AD
pilot3	CCSBORF5861	1	CCSBORF0	3AT	2	1030G>T	0	NC_000019.10:52216564:G:T	CCSBVarC023477	ENSP00000324804.6:p.Ala344Ser	PPP2R1A	ENSG00000105568	empty_AD
pilot3	CCSBORF5861	1	CCSBORF0	3AT	2	1229A>T	0	NC_000019.10:52219790:A:T	CCSBVarC023479	ENSP00000324804.6:p.Glu410Val	PPP2R1A	ENSG00000105568	empty_AD
pilot3	CCSBORF5861	1	CCSBORF0	3AT	2	1481A>G	0	NC_000019.10:52221095:A:G	CCSBVarC023482	ENSP00000324804.6:p.Asn494Ser	PPP2R1A	ENSG00000105568	empty_AD
pilot3	CCSBORF5861	1	CCSBORF0	3AT	2	1493G>T	0	NC_000019.10:52221107:G:T	CCSBVarC023486	ENSP00000324804.6:p.Arg498Leu	PPP2R1A	ENSG00000105568	empty_AD
pilot3	CCSBORF5861	1	CCSBORF0	3AT	2	1513A>G	0	NC_000019.10:52221127:A:G	CCSBVarC023489	ENSP00000324804.6:p.Ile505Val	PPP2R1A	ENSG00000105568	empty_AD
pilot3	CCSBORF5861	1	CCSBORF0	3AT	2	1560C>G	0	NC_000019.10:52222139:C:G	CCSBVarC023493	ENSP00000324804.6:p.His520Gln	PPP2R1A	ENSG00000105568	empty_AD
pilot3	CCSBORF5861	1	CCSBORF0	3AT	2	259C>T	0	NC_000019.10:52206051:C:T	CCSBVarC023336	ENSP00000324804.6:p.His87Tyr	PPP2R1A	ENSG00000105568	empty_AD
pilot3	CCSBORF5861	1	CCSBORF0	3AT	2	331T>G	0	NC_000019.10:52211319:T:G	CCSBVarC023343	ENSP00000324804.6:p.Ser111Ala	PPP2R1A	ENSG00000105568	empty_AD
pilot3	CCSBORF5861	1	CCSBORF0	3AT	2	352G>A	1	NC_000019.10:52211340:G:A	CCSBVarC023346	ENSP00000324804.6:p.Glu118Lys	PPP2R1A	ENSG00000105568	empty_AD
pilot3	CCSBORF5861	1	CCSBORF0	3AT	2	377C>T	0	NC_000019.10:52211365:C:T	CCSBVarC023349	ENSP00000324804.6:p.Ala126Val	PPP2R1A	ENSG00000105568	empty_AD
pilot3	CCSBORF5861	1	CCSBORF0	3AT	2	430C>T	0	NC_000019.10:52211418:C:T	CCSBVarC023352	ENSP00000324804.6:p.Arg144Cys	PPP2R1A	ENSG00000105568	empty_AD
pilot3	CCSBORF5861	1	CCSBORF0	3AT	2	470G>A	0	NC_000019.10:52211458:G:A	CCSBVarC023356	ENSP00000324804.6:p.Arg157Gln	PPP2R1A	ENSG00000105568	empty_AD
pilot3	CCSBORF5861	1	CCSBORF0	3AT	2	472G>C	0	NC_000019.10:52211460:G:C	CCSBVarC023359	ENSP00000324804.6:p.Val158Leu	PPP2R1A	ENSG00000105568	empty_AD
pilot3	CCSBORF5861	1	CCSBORF0	3AT	2	522C>G	0	NC_000019.10:52212703:C:G	CCSBVarC023383	ENSP00000324804.6:p.Cys174Trp	PPP2R1A	ENSG00000105568	empty_AD
pilot3	CCSBORF5861	1	CCSBORF0	3AT	2	532A>G	0	NC_000019.10:52212713:A:G	CCSBVarC023386	ENSP00000324804.6:p.Thr178Ala	PPP2R1A	ENSG00000105568	empty_AD
pilot3	CCSBORF5861	1	CCSBORF0	3AT	2	536C>A	0	NC_000019.10:52212717:C:A	CCSBVarC023388	ENSP00000324804.6:p.Pro179His	PPP2R1A	ENSG00000105568	empty_AD
pilot3	CCSBORF5861	1	CCSBORF0	3AT	2	536C>G	0	NC_000019.10:52212717:C:G	CCSBVarC023391	ENSP00000324804.6:p.Pro179Arg	PPP2R1A	ENSG00000105568	empty_AD
pilot3	CCSBORF5861	1	CCSBORF0	3AT	2	536C>T	0	NC_000019.10:52212717:C:T	CCSBVarC023394	ENSP00000324804.6:p.Pro179Leu	PPP2R1A	ENSG00000105568	empty_AD
pilot3	CCSBORF5861	1	CCSBORF0	3AT	2	538A>G	0	NC_000019.10:52212719:A:G	CCSBVarC023426	ENSP00000324804.6:p.Met180Val	PPP2R1A	ENSG00000105568	empty_AD
pilot3	CCSBORF5861	1	CCSBORF0	3AT	2	539T>C	0	NC_000019.10:52212720:T:C	CCSBVarC023429	ENSP00000324804.6:p.Met180Thr	PPP2R1A	ENSG00000105568	empty_AD
pilot3	CCSBORF5861	1	CCSBORF0	3AT	2	547C>G	17	NC_000019.10:52212728:C:G	CCSBVarC023437	ENSP00000324804.6:p.Arg183Gly	PPP2R1A	ENSG00000105568	empty_AD
pilot3	CCSBORF5861	1	CCSBORF0	3AT	2	547C>T	0	NC_000019.10:52212728:C:T	CCSBVarC023440	ENSP00000324804.6:p.Arg183Trp	PPP2R1A	ENSG00000105568	empty_AD
pilot3	CCSBORF5861	1	CCSBORF0	3AT	2	548G>C	0	NC_000019.10:52212729:G:C	CCSBVarC023445	ENSP00000324804.6:p.Arg183Pro	PPP2R1A	ENSG00000105568	empty_AD
pilot3	CCSBORF5861	1	CCSBORF0	3AT	2	553G>A	0	NC_000019.10:52212734:G:A	CCSBVarC023447	ENSP00000324804.6:p.Ala185Thr	PPP2R1A	ENSG00000105568	empty_AD
pilot3	CCSBORF5861	1	CCSBORF0	3AT	2	658G>A	0	NC_000019.10:52212960:G:A	CCSBVarC023455	ENSP00000324804.6:p.Val220Met	PPP2R1A	ENSG00000105568	empty_AD
pilot3	CCSBORF5861	1	CCSBORF0	3AT	2	694G>A	0	NC_000019.10:52212996:G:A	CCSBVarC023458	ENSP00000324804.6:p.Ala232Thr	PPP2R1A	ENSG00000105568	empty_AD
pilot3	CCSBORF5861	5	CCSBORF12279	3AT	2	REF	413	NULL	NULL	NULL	PPP2R1A	ENSG00000105568	CSDC2
pilot3	CCSBORF5861	5	CCSBORF12279	3AT	2	259C>T	4375	NC_000019.10:52206051:C:T	CCSBVarC023336	ENSP00000324804.6:p.His87Tyr	PPP2R1A	ENSG00000105568	CSDC2
pilot3	CCSBORF5861	5	CCSBORF12279	3AT	2	331T>G	96	NC_000019.10:52211319:T:G	CCSBVarC023343	ENSP00000324804.6:p.Ser111Ala	PPP2R1A	ENSG00000105568	CSDC2
pilot3	CCSBORF5861	5	CCSBORF12279	3AT	2	352G>A	18	NC_000019.10:52211340:G:A	CCSBVarC023346	ENSP00000324804.6:p.Glu118Lys	PPP2R1A	ENSG00000105568	CSDC2
pilot3	CCSBORF5861	5	CCSBORF12279	3AT	2	377C>T	43	NC_000019.10:52211365:C:T	CCSBVarC023349	ENSP00000324804.6:p.Ala126Val	PPP2R1A	ENSG00000105568	CSDC2
pilot3	CCSBORF5861	5	CCSBORF12279	3AT	2	430C>T	944	NC_000019.10:52211418:C:T	CCSBVarC023352	ENSP00000324804.6:p.Arg144Cys	PPP2R1A	ENSG00000105568	CSDC2
pilot3	CCSBORF5861	5	CCSBORF12279	3AT	2	470G>A	133	NC_000019.10:52211458:G:A	CCSBVarC023356	ENSP00000324804.6:p.Arg157Gln	PPP2R1A	ENSG00000105568	CSDC2
pilot3	CCSBORF5861	5	CCSBORF12279	3AT	2	472G>C	73	NC_000019.10:52211460:G:C	CCSBVarC023359	ENSP00000324804.6:p.Val158Leu	PPP2R1A	ENSG00000105568	CSDC2
pilot3	CCSBORF5861	5	CCSBORF12279	3AT	2	522C>G	6	NC_000019.10:52212703:C:G	CCSBVarC023383	ENSP00000324804.6:p.Cys174Trp	PPP2R1A	ENSG00000105568	CSDC2
pilot3	CCSBORF5861	5	CCSBORF12279	3AT	2	532A>G	33	NC_000019.10:52212713:A:G	CCSBVarC023386	ENSP00000324804.6:p.Thr178Ala	PPP2R1A	ENSG00000105568	CSDC2
pilot3	CCSBORF5861	5	CCSBORF12279	3AT	2	536C>A	692	NC_000019.10:52212717:C:A	CCSBVarC023388	ENSP00000324804.6:p.Pro179His	PPP2R1A	ENSG00000105568	CSDC2
pilot3	CCSBORF5861	5	CCSBORF12279	3AT	2	536C>G	162	NC_000019.10:52212717:C:G	CCSBVarC023391	ENSP00000324804.6:p.Pro179Arg	PPP2R1A	ENSG00000105568	CSDC2
pilot3	CCSBORF5861	5	CCSBORF12279	3AT	2	536C>T	524	NC_000019.10:52212717:C:T	CCSBVarC023394	ENSP00000324804.6:p.Pro179Leu	PPP2R1A	ENSG00000105568	CSDC2
pilot3	CCSBORF5861	5	CCSBORF12279	3AT	2	538A>G	3	NC_000019.10:52212719:A:G	CCSBVarC023426	ENSP00000324804.6:p.Met180Val	PPP2R1A	ENSG00000105568	CSDC2
pilot3	CCSBORF5861	5	CCSBORF100062506	3AT	2	REF	662	NULL	NULL	NULL	PPP2R1A	ENSG00000105568	FBXO43
pilot3	CCSBORF5861	5	CCSBORF100062506	3AT	2	259C>T	1432	NC_000019.10:52206051:C:T	CCSBVarC023336	ENSP00000324804.6:p.His87Tyr	PPP2R1A	ENSG00000105568	FBXO43
pilot3	CCSBORF5861	5	CCSBORF100062506	3AT	2	331T>G	373	NC_000019.10:52211319:T:G	CCSBVarC023343	ENSP00000324804.6:p.Ser111Ala	PPP2R1A	ENSG00000105568	FBXO43
pilot3	CCSBORF5861	5	CCSBORF100062506	3AT	2	352G>A	368	NC_000019.10:52211340:G:A	CCSBVarC023346	ENSP00000324804.6:p.Glu118Lys	PPP2R1A	ENSG00000105568	FBXO43
pilot3	CCSBORF5861	5	CCSBORF100062506	3AT	2	377C>T	228	NC_000019.10:52211365:C:T	CCSBVarC023349	ENSP00000324804.6:p.Ala126Val	PPP2R1A	ENSG00000105568	FBXO43
pilot3	CCSBORF5861	5	CCSBORF100062506	3AT	2	430C>T	187	NC_000019.10:52211418:C:T	CCSBVarC023352	ENSP00000324804.6:p.Arg144Cys	PPP2R1A	ENSG00000105568	FBXO43
pilot3	CCSBORF5861	5	CCSBORF100062506	3AT	2	470G>A	501	NC_000019.10:52211458:G:A	CCSBVarC023356	ENSP00000324804.6:p.Arg157Gln	PPP2R1A	ENSG00000105568	FBXO43
pilot3	CCSBORF5861	5	CCSBORF100062506	3AT	2	472G>C	141	NC_000019.10:52211460:G:C	CCSBVarC023359	ENSP00000324804.6:p.Val158Leu	PPP2R1A	ENSG00000105568	FBXO43
pilot3	CCSBORF5861	5	CCSBORF100062506	3AT	2	522C>G	111	NC_000019.10:52212703:C:G	CCSBVarC023383	ENSP00000324804.6:p.Cys174Trp	PPP2R1A	ENSG00000105568	FBXO43
pilot3	CCSBORF5861	5	CCSBORF100062506	3AT	2	532A>G	312	NC_000019.10:52212713:A:G	CCSBVarC023386	ENSP00000324804.6:p.Thr178Ala	PPP2R1A	ENSG00000105568	FBXO43
pilot3	CCSBORF5861	5	CCSBORF100062506	3AT	2	536C>A	501	NC_000019.10:52212717:C:A	CCSBVarC023388	ENSP00000324804.6:p.Pro179His	PPP2R1A	ENSG00000105568	FBXO43
pilot3	CCSBORF5861	5	CCSBORF100062506	3AT	2	536C>G	1132	NC_000019.10:52212717:C:G	CCSBVarC023391	ENSP00000324804.6:p.Pro179Arg	PPP2R1A	ENSG00000105568	FBXO43
pilot3	CCSBORF5861	5	CCSBORF100062506	3AT	2	536C>T	1579	NC_000019.10:52212717:C:T	CCSBVarC023394	ENSP00000324804.6:p.Pro179Leu	PPP2R1A	ENSG00000105568	FBXO43
pilot3	CCSBORF5861	5	CCSBORF100062506	3AT	2	538A>G	1	NC_000019.10:52212719:A:G	CCSBVarC023426	ENSP00000324804.6:p.Met180Val	PPP2R1A	ENSG00000105568	FBXO43
pilot3	CCSBORF5861	5	CCSBORF100061924	3AT	2	REF	1369	NULL	NULL	NULL	PPP2R1A	ENSG00000105568	GOLGA6A
pilot3	CCSBORF5861	5	CCSBORF100061924	3AT	2	259C>T	2848	NC_000019.10:52206051:C:T	CCSBVarC023336	ENSP00000324804.6:p.His87Tyr	PPP2R1A	ENSG00000105568	GOLGA6A
pilot3	CCSBORF5861	5	CCSBORF100061924	3AT	2	331T>G	874	NC_000019.10:52211319:T:G	CCSBVarC023343	ENSP00000324804.6:p.Ser111Ala	PPP2R1A	ENSG00000105568	GOLGA6A
pilot3	CCSBORF5861	5	CCSBORF100061924	3AT	2	352G>A	936	NC_000019.10:52211340:G:A	CCSBVarC023346	ENSP00000324804.6:p.Glu118Lys	PPP2R1A	ENSG00000105568	GOLGA6A
pilot3	CCSBORF5861	5	CCSBORF100061924	3AT	2	377C>T	341	NC_000019.10:52211365:C:T	CCSBVarC023349	ENSP00000324804.6:p.Ala126Val	PPP2R1A	ENSG00000105568	GOLGA6A
pilot3	CCSBORF5861	5	CCSBORF100061924	3AT	2	430C>T	306	NC_000019.10:52211418:C:T	CCSBVarC023352	ENSP00000324804.6:p.Arg144Cys	PPP2R1A	ENSG00000105568	GOLGA6A
pilot3	CCSBORF5861	5	CCSBORF100061924	3AT	2	470G>A	1186	NC_000019.10:52211458:G:A	CCSBVarC023356	ENSP00000324804.6:p.Arg157Gln	PPP2R1A	ENSG00000105568	GOLGA6A
pilot3	CCSBORF5861	5	CCSBORF100061924	3AT	2	472G>C	571	NC_000019.10:52211460:G:C	CCSBVarC023359	ENSP00000324804.6:p.Val158Leu	PPP2R1A	ENSG00000105568	GOLGA6A
pilot3	CCSBORF5861	5	CCSBORF100061924	3AT	2	522C>G	139	NC_000019.10:52212703:C:G	CCSBVarC023383	ENSP00000324804.6:p.Cys174Trp	PPP2R1A	ENSG00000105568	GOLGA6A
pilot3	CCSBORF5861	5	CCSBORF100061924	3AT	2	532A>G	232	NC_000019.10:52212713:A:G	CCSBVarC023386	ENSP00000324804.6:p.Thr178Ala	PPP2R1A	ENSG00000105568	GOLGA6A
pilot3	CCSBORF5861	5	CCSBORF100061924	3AT	2	536C>A	105	NC_000019.10:52212717:C:A	CCSBVarC023388	ENSP00000324804.6:p.Pro179His	PPP2R1A	ENSG00000105568	GOLGA6A
pilot3	CCSBORF5861	5	CCSBORF100061924	3AT	2	536C>G	538	NC_000019.10:52212717:C:G	CCSBVarC023391	ENSP00000324804.6:p.Pro179Arg	PPP2R1A	ENSG00000105568	GOLGA6A
pilot3	CCSBORF5861	5	CCSBORF100061924	3AT	2	536C>T	223	NC_000019.10:52212717:C:T	CCSBVarC023394	ENSP00000324804.6:p.Pro179Leu	PPP2R1A	ENSG00000105568	GOLGA6A
pilot3	CCSBORF5861	5	CCSBORF100061924	3AT	2	538A>G	5	NC_000019.10:52212719:A:G	CCSBVarC023426	ENSP00000324804.6:p.Met180Val	PPP2R1A	ENSG00000105568	GOLGA6A
pilot3	CCSBORF5861	5	CCSBORF52950	3AT	2	REF	4	NULL	NULL	NULL	PPP2R1A	ENSG00000105568	STRN
pilot3	CCSBORF5861	5	CCSBORF52950	3AT	2	259C>T	16	NC_000019.10:52206051:C:T	CCSBVarC023336	ENSP00000324804.6:p.His87Tyr	PPP2R1A	ENSG00000105568	STRN
pilot3	CCSBORF5861	5	CCSBORF52950	3AT	2	331T>G	3	NC_000019.10:52211319:T:G	CCSBVarC023343	ENSP00000324804.6:p.Ser111Ala	PPP2R1A	ENSG00000105568	STRN
pilot3	CCSBORF5861	5	CCSBORF52950	3AT	2	352G>A	0	NC_000019.10:52211340:G:A	CCSBVarC023346	ENSP00000324804.6:p.Glu118Lys	PPP2R1A	ENSG00000105568	STRN
pilot3	CCSBORF5861	5	CCSBORF52950	3AT	2	377C>T	0	NC_000019.10:52211365:C:T	CCSBVarC023349	ENSP00000324804.6:p.Ala126Val	PPP2R1A	ENSG00000105568	STRN
pilot3	CCSBORF5861	5	CCSBORF52950	3AT	2	430C>T	4	NC_000019.10:52211418:C:T	CCSBVarC023352	ENSP00000324804.6:p.Arg144Cys	PPP2R1A	ENSG00000105568	STRN
pilot3	CCSBORF5861	5	CCSBORF52950	3AT	2	470G>A	1	NC_000019.10:52211458:G:A	CCSBVarC023356	ENSP00000324804.6:p.Arg157Gln	PPP2R1A	ENSG00000105568	STRN
pilot3	CCSBORF5861	5	CCSBORF52950	3AT	2	472G>C	0	NC_000019.10:52211460:G:C	CCSBVarC023359	ENSP00000324804.6:p.Val158Leu	PPP2R1A	ENSG00000105568	STRN
pilot3	CCSBORF5861	5	CCSBORF52950	3AT	2	522C>G	1	NC_000019.10:52212703:C:G	CCSBVarC023383	ENSP00000324804.6:p.Cys174Trp	PPP2R1A	ENSG00000105568	STRN
pilot3	CCSBORF5861	5	CCSBORF52950	3AT	2	532A>G	2	NC_000019.10:52212713:A:G	CCSBVarC023386	ENSP00000324804.6:p.Thr178Ala	PPP2R1A	ENSG00000105568	STRN
pilot3	CCSBORF5861	5	CCSBORF52950	3AT	2	536C>A	6	NC_000019.10:52212717:C:A	CCSBVarC023388	ENSP00000324804.6:p.Pro179His	PPP2R1A	ENSG00000105568	STRN
pilot3	CCSBORF5861	5	CCSBORF52950	3AT	2	536C>G	4	NC_000019.10:52212717:C:G	CCSBVarC023391	ENSP00000324804.6:p.Pro179Arg	PPP2R1A	ENSG00000105568	STRN
pilot3	CCSBORF5861	5	CCSBORF52950	3AT	2	536C>T	15	NC_000019.10:52212717:C:T	CCSBVarC023394	ENSP00000324804.6:p.Pro179Leu	PPP2R1A	ENSG00000105568	STRN
pilot3	CCSBORF5861	5	CCSBORF52950	3AT	2	538A>G	0	NC_000019.10:52212719:A:G	CCSBVarC023426	ENSP00000324804.6:p.Met180Val	PPP2R1A	ENSG00000105568	STRN
pilot3	CCSBORF5861	5	CCSBORF55030	3AT	2	REF	745	NULL	NULL	NULL	PPP2R1A	ENSG00000105568	STRN3
pilot3	CCSBORF5861	5	CCSBORF55030	3AT	2	259C>T	1006	NC_000019.10:52206051:C:T	CCSBVarC023336	ENSP00000324804.6:p.His87Tyr	PPP2R1A	ENSG00000105568	STRN3
pilot3	CCSBORF5861	5	CCSBORF55030	3AT	2	331T>G	224	NC_000019.10:52211319:T:G	CCSBVarC023343	ENSP00000324804.6:p.Ser111Ala	PPP2R1A	ENSG00000105568	STRN3
pilot3	CCSBORF5861	5	CCSBORF55030	3AT	2	352G>A	447	NC_000019.10:52211340:G:A	CCSBVarC023346	ENSP00000324804.6:p.Glu118Lys	PPP2R1A	ENSG00000105568	STRN3
pilot3	CCSBORF5861	5	CCSBORF55030	3AT	2	377C>T	156	NC_000019.10:52211365:C:T	CCSBVarC023349	ENSP00000324804.6:p.Ala126Val	PPP2R1A	ENSG00000105568	STRN3
pilot3	CCSBORF5861	5	CCSBORF55030	3AT	2	430C>T	201	NC_000019.10:52211418:C:T	CCSBVarC023352	ENSP00000324804.6:p.Arg144Cys	PPP2R1A	ENSG00000105568	STRN3
pilot3	CCSBORF5861	5	CCSBORF55030	3AT	2	470G>A	452	NC_000019.10:52211458:G:A	CCSBVarC023356	ENSP00000324804.6:p.Arg157Gln	PPP2R1A	ENSG00000105568	STRN3
pilot3	CCSBORF5861	5	CCSBORF55030	3AT	2	472G>C	158	NC_000019.10:52211460:G:C	CCSBVarC023359	ENSP00000324804.6:p.Val158Leu	PPP2R1A	ENSG00000105568	STRN3
pilot3	CCSBORF5861	5	CCSBORF55030	3AT	2	522C>G	88	NC_000019.10:52212703:C:G	CCSBVarC023383	ENSP00000324804.6:p.Cys174Trp	PPP2R1A	ENSG00000105568	STRN3
pilot3	CCSBORF5861	5	CCSBORF55030	3AT	2	532A>G	117	NC_000019.10:52212713:A:G	CCSBVarC023386	ENSP00000324804.6:p.Thr178Ala	PPP2R1A	ENSG00000105568	STRN3
pilot3	CCSBORF5861	5	CCSBORF55030	3AT	2	536C>A	551	NC_000019.10:52212717:C:A	CCSBVarC023388	ENSP00000324804.6:p.Pro179His	PPP2R1A	ENSG00000105568	STRN3
pilot3	CCSBORF5861	5	CCSBORF55030	3AT	2	536C>G	436	NC_000019.10:52212717:C:G	CCSBVarC023391	ENSP00000324804.6:p.Pro179Arg	PPP2R1A	ENSG00000105568	STRN3
pilot3	CCSBORF5861	5	CCSBORF55030	3AT	2	536C>T	890	NC_000019.10:52212717:C:T	CCSBVarC023394	ENSP00000324804.6:p.Pro179Leu	PPP2R1A	ENSG00000105568	STRN3
pilot3	CCSBORF5861	5	CCSBORF55030	3AT	2	538A>G	1	NC_000019.10:52212719:A:G	CCSBVarC023426	ENSP00000324804.6:p.Met180Val	PPP2R1A	ENSG00000105568	STRN3
pilot3	CCSBORF5861	5	CCSBORF0	3AT	2	REF	0	NULL	NULL	NULL	PPP2R1A	ENSG00000105568	empty_AD
pilot3	CCSBORF5861	5	CCSBORF0	3AT	2	259C>T	0	NC_000019.10:52206051:C:T	CCSBVarC023336	ENSP00000324804.6:p.His87Tyr	PPP2R1A	ENSG00000105568	empty_AD
pilot3	CCSBORF5861	5	CCSBORF0	3AT	2	331T>G	0	NC_000019.10:52211319:T:G	CCSBVarC023343	ENSP00000324804.6:p.Ser111Ala	PPP2R1A	ENSG00000105568	empty_AD
pilot3	CCSBORF5861	5	CCSBORF0	3AT	2	352G>A	0	NC_000019.10:52211340:G:A	CCSBVarC023346	ENSP00000324804.6:p.Glu118Lys	PPP2R1A	ENSG00000105568	empty_AD
pilot3	CCSBORF5861	5	CCSBORF0	3AT	2	377C>T	0	NC_000019.10:52211365:C:T	CCSBVarC023349	ENSP00000324804.6:p.Ala126Val	PPP2R1A	ENSG00000105568	empty_AD
pilot3	CCSBORF5861	5	CCSBORF0	3AT	2	430C>T	0	NC_000019.10:52211418:C:T	CCSBVarC023352	ENSP00000324804.6:p.Arg144Cys	PPP2R1A	ENSG00000105568	empty_AD
pilot3	CCSBORF5861	5	CCSBORF0	3AT	2	470G>A	1	NC_000019.10:52211458:G:A	CCSBVarC023356	ENSP00000324804.6:p.Arg157Gln	PPP2R1A	ENSG00000105568	empty_AD
pilot3	CCSBORF5861	5	CCSBORF0	3AT	2	472G>C	0	NC_000019.10:52211460:G:C	CCSBVarC023359	ENSP00000324804.6:p.Val158Leu	PPP2R1A	ENSG00000105568	empty_AD
pilot3	CCSBORF5861	5	CCSBORF0	3AT	2	522C>G	0	NC_000019.10:52212703:C:G	CCSBVarC023383	ENSP00000324804.6:p.Cys174Trp	PPP2R1A	ENSG00000105568	empty_AD
pilot3	CCSBORF5861	5	CCSBORF0	3AT	2	532A>G	0	NC_000019.10:52212713:A:G	CCSBVarC023386	ENSP00000324804.6:p.Thr178Ala	PPP2R1A	ENSG00000105568	empty_AD
pilot3	CCSBORF5861	5	CCSBORF0	3AT	2	536C>A	0	NC_000019.10:52212717:C:A	CCSBVarC023388	ENSP00000324804.6:p.Pro179His	PPP2R1A	ENSG00000105568	empty_AD
pilot3	CCSBORF5861	5	CCSBORF0	3AT	2	536C>G	0	NC_000019.10:52212717:C:G	CCSBVarC023391	ENSP00000324804.6:p.Pro179Arg	PPP2R1A	ENSG00000105568	empty_AD
pilot3	CCSBORF5861	5	CCSBORF0	3AT	2	536C>T	0	NC_000019.10:52212717:C:T	CCSBVarC023394	ENSP00000324804.6:p.Pro179Leu	PPP2R1A	ENSG00000105568	empty_AD
pilot3	CCSBORF5861	5	CCSBORF0	3AT	2	538A>G	0	NC_000019.10:52212719:A:G	CCSBVarC023426	ENSP00000324804.6:p.Met180Val	PPP2R1A	ENSG00000105568	empty_AD
pilot3	CCSBORF11805	1	CCSBORF8359	3AT	2	REF	445	NULL	NULL	NULL	SMAD3	ENSG00000166949	CCDC33
pilot3	CCSBORF11805	1	CCSBORF8359	3AT	2	1094A>T	1741	NC_000015.10:67187448:A:T	CCSBVarC028977	ENSP00000332973.4:p.Gln365Leu	SMAD3	ENSG00000166949	CCDC33
pilot3	CCSBORF11805	1	CCSBORF8359	3AT	2	1186A>G	222	NC_000015.10:67190443:A:G	CCSBVarC028980	ENSP00000332973.4:p.Ile396Val	SMAD3	ENSG00000166949	CCDC33
pilot3	CCSBORF11805	1	CCSBORF8359	3AT	2	1268G>A	478	NC_000015.10:67190525:G:A	CCSBVarC028988	ENSP00000332973.4:p.Ser423Asn	SMAD3	ENSG00000166949	CCDC33
pilot3	CCSBORF11805	1	CCSBORF8359	3AT	2	179T>C	52	NC_000015.10:67066332:T:C	CCSBVarC028917	ENSP00000332973.4:p.Val60Ala	SMAD3	ENSG00000166949	CCDC33
pilot3	CCSBORF11805	1	CCSBORF8359	3AT	2	209C>A	212	NC_000015.10:67164896:C:A	CCSBVarC028919	ENSP00000332973.4:p.Ser70Tyr	SMAD3	ENSG00000166949	CCDC33
pilot3	CCSBORF11805	1	CCSBORF8359	3AT	2	220C>T	544	NC_000015.10:67164907:C:T	CCSBVarC028921	ENSP00000332973.4:p.Arg74Trp	SMAD3	ENSG00000166949	CCDC33
pilot3	CCSBORF11805	1	CCSBORF8359	3AT	2	28C>G	868	NC_000015.10:67066181:C:G	CCSBVarC028915	ENSP00000332973.4:p.Pro10Ala	SMAD3	ENSG00000166949	CCDC33
pilot3	CCSBORF11805	1	CCSBORF8359	3AT	2	316A>G	147	NC_000015.10:67165003:A:G	CCSBVarC028936	ENSP00000332973.4:p.Met106Val	SMAD3	ENSG00000166949	CCDC33
pilot3	CCSBORF11805	1	CCSBORF8359	3AT	2	502G>A	516	NC_000015.10:67165353:G:A	CCSBVarC028939	ENSP00000332973.4:p.Ala168Thr	SMAD3	ENSG00000166949	CCDC33
pilot3	CCSBORF11805	1	CCSBORF8359	3AT	2	508A>G	539	NC_000015.10:67165359:A:G	CCSBVarC002944	ENSP00000332973.4:p.Ile170Val	SMAD3	ENSG00000166949	CCDC33
pilot3	CCSBORF11805	1	CCSBORF8359	3AT	2	590A>T	84	NC_000015.10:67166835:A:T	CCSBVarC001756	ENSP00000332973.4:p.Asn197Ile	SMAD3	ENSG00000166949	CCDC33
pilot3	CCSBORF11805	1	CCSBORF8359	3AT	2	613C>T	191	NC_000015.10:67170558:C:T	CCSBVarC028942	ENSP00000332973.4:p.Pro205Ser	SMAD3	ENSG00000166949	CCDC33
pilot3	CCSBORF11805	1	CCSBORF8359	3AT	2	730G>A	520	NC_000015.10:67181311:G:A	CCSBVarC028954	ENSP00000332973.4:p.Val244Ile	SMAD3	ENSG00000166949	CCDC33
pilot3	CCSBORF11805	1	CCSBORF8359	3AT	2	785A>T	1071	NC_000015.10:67181366:A:T	CCSBVarC028962	ENSP00000332973.4:p.Asp262Val	SMAD3	ENSG00000166949	CCDC33
pilot3	CCSBORF11805	1	CCSBORF8359	3AT	2	848T>A	1031	NC_000015.10:67181429:T:A	CCSBVarC028965	ENSP00000332973.4:p.Val283Glu	SMAD3	ENSG00000166949	CCDC33
pilot3	CCSBORF11805	1	CCSBORF8359	3AT	2	851A>G	57	NC_000015.10:67181432:A:G	CCSBVarC028968	ENSP00000332973.4:p.Glu284Gly	SMAD3	ENSG00000166949	CCDC33
pilot3	CCSBORF11805	1	CCSBORF40080553	3AT	2	REF	720	NULL	NULL	NULL	SMAD3	ENSG00000166949	FOXH1
pilot3	CCSBORF11805	1	CCSBORF40080553	3AT	2	1094A>T	440	NC_000015.10:67187448:A:T	CCSBVarC028977	ENSP00000332973.4:p.Gln365Leu	SMAD3	ENSG00000166949	FOXH1
pilot3	CCSBORF11805	1	CCSBORF40080553	3AT	2	1186A>G	702	NC_000015.10:67190443:A:G	CCSBVarC028980	ENSP00000332973.4:p.Ile396Val	SMAD3	ENSG00000166949	FOXH1
pilot3	CCSBORF11805	1	CCSBORF40080553	3AT	2	1268G>A	607	NC_000015.10:67190525:G:A	CCSBVarC028988	ENSP00000332973.4:p.Ser423Asn	SMAD3	ENSG00000166949	FOXH1
pilot3	CCSBORF11805	1	CCSBORF40080553	3AT	2	179T>C	460	NC_000015.10:67066332:T:C	CCSBVarC028917	ENSP00000332973.4:p.Val60Ala	SMAD3	ENSG00000166949	FOXH1
pilot3	CCSBORF11805	1	CCSBORF40080553	3AT	2	209C>A	340	NC_000015.10:67164896:C:A	CCSBVarC028919	ENSP00000332973.4:p.Ser70Tyr	SMAD3	ENSG00000166949	FOXH1
pilot3	CCSBORF11805	1	CCSBORF40080553	3AT	2	220C>T	739	NC_000015.10:67164907:C:T	CCSBVarC028921	ENSP00000332973.4:p.Arg74Trp	SMAD3	ENSG00000166949	FOXH1
pilot3	CCSBORF11805	1	CCSBORF40080553	3AT	2	28C>G	251	NC_000015.10:67066181:C:G	CCSBVarC028915	ENSP00000332973.4:p.Pro10Ala	SMAD3	ENSG00000166949	FOXH1
pilot3	CCSBORF11805	1	CCSBORF40080553	3AT	2	316A>G	479	NC_000015.10:67165003:A:G	CCSBVarC028936	ENSP00000332973.4:p.Met106Val	SMAD3	ENSG00000166949	FOXH1
pilot3	CCSBORF11805	1	CCSBORF40080553	3AT	2	502G>A	728	NC_000015.10:67165353:G:A	CCSBVarC028939	ENSP00000332973.4:p.Ala168Thr	SMAD3	ENSG00000166949	FOXH1
pilot3	CCSBORF11805	1	CCSBORF40080553	3AT	2	508A>G	863	NC_000015.10:67165359:A:G	CCSBVarC002944	ENSP00000332973.4:p.Ile170Val	SMAD3	ENSG00000166949	FOXH1
pilot3	CCSBORF11805	1	CCSBORF40080553	3AT	2	590A>T	244	NC_000015.10:67166835:A:T	CCSBVarC001756	ENSP00000332973.4:p.Asn197Ile	SMAD3	ENSG00000166949	FOXH1
pilot3	CCSBORF11805	1	CCSBORF40080553	3AT	2	613C>T	334	NC_000015.10:67170558:C:T	CCSBVarC028942	ENSP00000332973.4:p.Pro205Ser	SMAD3	ENSG00000166949	FOXH1
pilot3	CCSBORF11805	1	CCSBORF40080553	3AT	2	730G>A	297	NC_000015.10:67181311:G:A	CCSBVarC028954	ENSP00000332973.4:p.Val244Ile	SMAD3	ENSG00000166949	FOXH1
pilot3	CCSBORF11805	1	CCSBORF40080553	3AT	2	785A>T	527	NC_000015.10:67181366:A:T	CCSBVarC028962	ENSP00000332973.4:p.Asp262Val	SMAD3	ENSG00000166949	FOXH1
pilot3	CCSBORF11805	1	CCSBORF40080553	3AT	2	848T>A	872	NC_000015.10:67181429:T:A	CCSBVarC028965	ENSP00000332973.4:p.Val283Glu	SMAD3	ENSG00000166949	FOXH1
pilot3	CCSBORF11805	1	CCSBORF40080553	3AT	2	851A>G	189	NC_000015.10:67181432:A:G	CCSBVarC028968	ENSP00000332973.4:p.Glu284Gly	SMAD3	ENSG00000166949	FOXH1
pilot3	CCSBORF11805	1	CCSBORF100068511	3AT	2	REF	626	NULL	NULL	NULL	SMAD3	ENSG00000166949	NEDD4
pilot3	CCSBORF11805	1	CCSBORF100068511	3AT	2	1094A>T	458	NC_000015.10:67187448:A:T	CCSBVarC028977	ENSP00000332973.4:p.Gln365Leu	SMAD3	ENSG00000166949	NEDD4
pilot3	CCSBORF11805	1	CCSBORF100068511	3AT	2	1186A>G	649	NC_000015.10:67190443:A:G	CCSBVarC028980	ENSP00000332973.4:p.Ile396Val	SMAD3	ENSG00000166949	NEDD4
pilot3	CCSBORF11805	1	CCSBORF100068511	3AT	2	1268G>A	623	NC_000015.10:67190525:G:A	CCSBVarC028988	ENSP00000332973.4:p.Ser423Asn	SMAD3	ENSG00000166949	NEDD4
pilot3	CCSBORF11805	1	CCSBORF100068511	3AT	2	179T>C	345	NC_000015.10:67066332:T:C	CCSBVarC028917	ENSP00000332973.4:p.Val60Ala	SMAD3	ENSG00000166949	NEDD4
pilot3	CCSBORF11805	1	CCSBORF100068511	3AT	2	209C>A	379	NC_000015.10:67164896:C:A	CCSBVarC028919	ENSP00000332973.4:p.Ser70Tyr	SMAD3	ENSG00000166949	NEDD4
pilot3	CCSBORF11805	1	CCSBORF100068511	3AT	2	220C>T	491	NC_000015.10:67164907:C:T	CCSBVarC028921	ENSP00000332973.4:p.Arg74Trp	SMAD3	ENSG00000166949	NEDD4
pilot3	CCSBORF11805	1	CCSBORF100068511	3AT	2	28C>G	236	NC_000015.10:67066181:C:G	CCSBVarC028915	ENSP00000332973.4:p.Pro10Ala	SMAD3	ENSG00000166949	NEDD4
pilot3	CCSBORF11805	1	CCSBORF100068511	3AT	2	316A>G	296	NC_000015.10:67165003:A:G	CCSBVarC028936	ENSP00000332973.4:p.Met106Val	SMAD3	ENSG00000166949	NEDD4
pilot3	CCSBORF11805	1	CCSBORF100068511	3AT	2	502G>A	722	NC_000015.10:67165353:G:A	CCSBVarC028939	ENSP00000332973.4:p.Ala168Thr	SMAD3	ENSG00000166949	NEDD4
pilot3	CCSBORF11805	1	CCSBORF100068511	3AT	2	508A>G	1144	NC_000015.10:67165359:A:G	CCSBVarC002944	ENSP00000332973.4:p.Ile170Val	SMAD3	ENSG00000166949	NEDD4
pilot3	CCSBORF11805	1	CCSBORF100068511	3AT	2	590A>T	317	NC_000015.10:67166835:A:T	CCSBVarC001756	ENSP00000332973.4:p.Asn197Ile	SMAD3	ENSG00000166949	NEDD4
pilot3	CCSBORF11805	1	CCSBORF100068511	3AT	2	613C>T	468	NC_000015.10:67170558:C:T	CCSBVarC028942	ENSP00000332973.4:p.Pro205Ser	SMAD3	ENSG00000166949	NEDD4
pilot3	CCSBORF11805	1	CCSBORF100068511	3AT	2	730G>A	403	NC_000015.10:67181311:G:A	CCSBVarC028954	ENSP00000332973.4:p.Val244Ile	SMAD3	ENSG00000166949	NEDD4
pilot3	CCSBORF11805	1	CCSBORF100068511	3AT	2	785A>T	737	NC_000015.10:67181366:A:T	CCSBVarC028962	ENSP00000332973.4:p.Asp262Val	SMAD3	ENSG00000166949	NEDD4
pilot3	CCSBORF11805	1	CCSBORF100068511	3AT	2	848T>A	448	NC_000015.10:67181429:T:A	CCSBVarC028965	ENSP00000332973.4:p.Val283Glu	SMAD3	ENSG00000166949	NEDD4
pilot3	CCSBORF11805	1	CCSBORF100068511	3AT	2	851A>G	206	NC_000015.10:67181432:A:G	CCSBVarC028968	ENSP00000332973.4:p.Glu284Gly	SMAD3	ENSG00000166949	NEDD4
pilot3	CCSBORF11805	1	CCSBORF71704	3AT	2	REF	669	NULL	NULL	NULL	SMAD3	ENSG00000166949	SMURF2
pilot3	CCSBORF11805	1	CCSBORF71704	3AT	2	1094A>T	417	NC_000015.10:67187448:A:T	CCSBVarC028977	ENSP00000332973.4:p.Gln365Leu	SMAD3	ENSG00000166949	SMURF2
pilot3	CCSBORF11805	1	CCSBORF71704	3AT	2	1186A>G	722	NC_000015.10:67190443:A:G	CCSBVarC028980	ENSP00000332973.4:p.Ile396Val	SMAD3	ENSG00000166949	SMURF2
pilot3	CCSBORF11805	1	CCSBORF71704	3AT	2	1268G>A	701	NC_000015.10:67190525:G:A	CCSBVarC028988	ENSP00000332973.4:p.Ser423Asn	SMAD3	ENSG00000166949	SMURF2
pilot3	CCSBORF11805	1	CCSBORF71704	3AT	2	179T>C	305	NC_000015.10:67066332:T:C	CCSBVarC028917	ENSP00000332973.4:p.Val60Ala	SMAD3	ENSG00000166949	SMURF2
pilot3	CCSBORF11805	1	CCSBORF71704	3AT	2	209C>A	462	NC_000015.10:67164896:C:A	CCSBVarC028919	ENSP00000332973.4:p.Ser70Tyr	SMAD3	ENSG00000166949	SMURF2
pilot3	CCSBORF11805	1	CCSBORF71704	3AT	2	220C>T	747	NC_000015.10:67164907:C:T	CCSBVarC028921	ENSP00000332973.4:p.Arg74Trp	SMAD3	ENSG00000166949	SMURF2
pilot3	CCSBORF11805	1	CCSBORF71704	3AT	2	28C>G	331	NC_000015.10:67066181:C:G	CCSBVarC028915	ENSP00000332973.4:p.Pro10Ala	SMAD3	ENSG00000166949	SMURF2
pilot3	CCSBORF11805	1	CCSBORF71704	3AT	2	316A>G	493	NC_000015.10:67165003:A:G	CCSBVarC028936	ENSP00000332973.4:p.Met106Val	SMAD3	ENSG00000166949	SMURF2
pilot3	CCSBORF11805	1	CCSBORF71704	3AT	2	502G>A	1030	NC_000015.10:67165353:G:A	CCSBVarC028939	ENSP00000332973.4:p.Ala168Thr	SMAD3	ENSG00000166949	SMURF2
pilot3	CCSBORF11805	1	CCSBORF71704	3AT	2	508A>G	1093	NC_000015.10:67165359:A:G	CCSBVarC002944	ENSP00000332973.4:p.Ile170Val	SMAD3	ENSG00000166949	SMURF2
pilot3	CCSBORF11805	1	CCSBORF71704	3AT	2	590A>T	401	NC_000015.10:67166835:A:T	CCSBVarC001756	ENSP00000332973.4:p.Asn197Ile	SMAD3	ENSG00000166949	SMURF2
pilot3	CCSBORF11805	1	CCSBORF71704	3AT	2	613C>T	566	NC_000015.10:67170558:C:T	CCSBVarC028942	ENSP00000332973.4:p.Pro205Ser	SMAD3	ENSG00000166949	SMURF2
pilot3	CCSBORF11805	1	CCSBORF71704	3AT	2	730G>A	521	NC_000015.10:67181311:G:A	CCSBVarC028954	ENSP00000332973.4:p.Val244Ile	SMAD3	ENSG00000166949	SMURF2
pilot3	CCSBORF11805	1	CCSBORF71704	3AT	2	785A>T	830	NC_000015.10:67181366:A:T	CCSBVarC028962	ENSP00000332973.4:p.Asp262Val	SMAD3	ENSG00000166949	SMURF2
pilot3	CCSBORF11805	1	CCSBORF71704	3AT	2	848T>A	623	NC_000015.10:67181429:T:A	CCSBVarC028965	ENSP00000332973.4:p.Val283Glu	SMAD3	ENSG00000166949	SMURF2
pilot3	CCSBORF11805	1	CCSBORF71704	3AT	2	851A>G	235	NC_000015.10:67181432:A:G	CCSBVarC028968	ENSP00000332973.4:p.Glu284Gly	SMAD3	ENSG00000166949	SMURF2
pilot3	CCSBORF11805	1	CCSBORF2177	3AT	2	REF	812	NULL	NULL	NULL	SMAD3	ENSG00000166949	WWP1
pilot3	CCSBORF11805	1	CCSBORF2177	3AT	2	1094A>T	407	NC_000015.10:67187448:A:T	CCSBVarC028977	ENSP00000332973.4:p.Gln365Leu	SMAD3	ENSG00000166949	WWP1
pilot3	CCSBORF11805	1	CCSBORF2177	3AT	2	1186A>G	423	NC_000015.10:67190443:A:G	CCSBVarC028980	ENSP00000332973.4:p.Ile396Val	SMAD3	ENSG00000166949	WWP1
pilot3	CCSBORF11805	1	CCSBORF2177	3AT	2	1268G>A	846	NC_000015.10:67190525:G:A	CCSBVarC028988	ENSP00000332973.4:p.Ser423Asn	SMAD3	ENSG00000166949	WWP1
pilot3	CCSBORF11805	1	CCSBORF2177	3AT	2	179T>C	279	NC_000015.10:67066332:T:C	CCSBVarC028917	ENSP00000332973.4:p.Val60Ala	SMAD3	ENSG00000166949	WWP1
pilot3	CCSBORF11805	1	CCSBORF2177	3AT	2	209C>A	519	NC_000015.10:67164896:C:A	CCSBVarC028919	ENSP00000332973.4:p.Ser70Tyr	SMAD3	ENSG00000166949	WWP1
pilot3	CCSBORF11805	1	CCSBORF2177	3AT	2	220C>T	685	NC_000015.10:67164907:C:T	CCSBVarC028921	ENSP00000332973.4:p.Arg74Trp	SMAD3	ENSG00000166949	WWP1
pilot3	CCSBORF11805	1	CCSBORF2177	3AT	2	28C>G	257	NC_000015.10:67066181:C:G	CCSBVarC028915	ENSP00000332973.4:p.Pro10Ala	SMAD3	ENSG00000166949	WWP1
pilot3	CCSBORF11805	1	CCSBORF2177	3AT	2	316A>G	121	NC_000015.10:67165003:A:G	CCSBVarC028936	ENSP00000332973.4:p.Met106Val	SMAD3	ENSG00000166949	WWP1
pilot3	CCSBORF11805	1	CCSBORF2177	3AT	2	502G>A	662	NC_000015.10:67165353:G:A	CCSBVarC028939	ENSP00000332973.4:p.Ala168Thr	SMAD3	ENSG00000166949	WWP1
pilot3	CCSBORF11805	1	CCSBORF2177	3AT	2	508A>G	933	NC_000015.10:67165359:A:G	CCSBVarC002944	ENSP00000332973.4:p.Ile170Val	SMAD3	ENSG00000166949	WWP1
pilot3	CCSBORF11805	1	CCSBORF2177	3AT	2	590A>T	409	NC_000015.10:67166835:A:T	CCSBVarC001756	ENSP00000332973.4:p.Asn197Ile	SMAD3	ENSG00000166949	WWP1
pilot3	CCSBORF11805	1	CCSBORF2177	3AT	2	613C>T	389	NC_000015.10:67170558:C:T	CCSBVarC028942	ENSP00000332973.4:p.Pro205Ser	SMAD3	ENSG00000166949	WWP1
pilot3	CCSBORF11805	1	CCSBORF2177	3AT	2	730G>A	693	NC_000015.10:67181311:G:A	CCSBVarC028954	ENSP00000332973.4:p.Val244Ile	SMAD3	ENSG00000166949	WWP1
pilot3	CCSBORF11805	1	CCSBORF2177	3AT	2	785A>T	1142	NC_000015.10:67181366:A:T	CCSBVarC028962	ENSP00000332973.4:p.Asp262Val	SMAD3	ENSG00000166949	WWP1
pilot3	CCSBORF11805	1	CCSBORF2177	3AT	2	848T>A	809	NC_000015.10:67181429:T:A	CCSBVarC028965	ENSP00000332973.4:p.Val283Glu	SMAD3	ENSG00000166949	WWP1
pilot3	CCSBORF11805	1	CCSBORF2177	3AT	2	851A>G	302	NC_000015.10:67181432:A:G	CCSBVarC028968	ENSP00000332973.4:p.Glu284Gly	SMAD3	ENSG00000166949	WWP1
pilot3	CCSBORF11805	1	CCSBORF0	3AT	2	REF	109	NULL	NULL	NULL	SMAD3	ENSG00000166949	empty_AD
pilot3	CCSBORF11805	1	CCSBORF0	3AT	2	1094A>T	16	NC_000015.10:67187448:A:T	CCSBVarC028977	ENSP00000332973.4:p.Gln365Leu	SMAD3	ENSG00000166949	empty_AD
pilot3	CCSBORF11805	1	CCSBORF0	3AT	2	1186A>G	16	NC_000015.10:67190443:A:G	CCSBVarC028980	ENSP00000332973.4:p.Ile396Val	SMAD3	ENSG00000166949	empty_AD
pilot3	CCSBORF11805	1	CCSBORF0	3AT	2	1268G>A	19	NC_000015.10:67190525:G:A	CCSBVarC028988	ENSP00000332973.4:p.Ser423Asn	SMAD3	ENSG00000166949	empty_AD
pilot3	CCSBORF11805	1	CCSBORF0	3AT	2	179T>C	13	NC_000015.10:67066332:T:C	CCSBVarC028917	ENSP00000332973.4:p.Val60Ala	SMAD3	ENSG00000166949	empty_AD
pilot3	CCSBORF11805	1	CCSBORF0	3AT	2	209C>A	15	NC_000015.10:67164896:C:A	CCSBVarC028919	ENSP00000332973.4:p.Ser70Tyr	SMAD3	ENSG00000166949	empty_AD
pilot3	CCSBORF11805	1	CCSBORF0	3AT	2	220C>T	27	NC_000015.10:67164907:C:T	CCSBVarC028921	ENSP00000332973.4:p.Arg74Trp	SMAD3	ENSG00000166949	empty_AD
pilot3	CCSBORF11805	1	CCSBORF0	3AT	2	28C>G	5	NC_000015.10:67066181:C:G	CCSBVarC028915	ENSP00000332973.4:p.Pro10Ala	SMAD3	ENSG00000166949	empty_AD
pilot3	CCSBORF11805	1	CCSBORF0	3AT	2	316A>G	9	NC_000015.10:67165003:A:G	CCSBVarC028936	ENSP00000332973.4:p.Met106Val	SMAD3	ENSG00000166949	empty_AD
pilot3	CCSBORF11805	1	CCSBORF0	3AT	2	502G>A	46	NC_000015.10:67165353:G:A	CCSBVarC028939	ENSP00000332973.4:p.Ala168Thr	SMAD3	ENSG00000166949	empty_AD
pilot3	CCSBORF11805	1	CCSBORF0	3AT	2	508A>G	23	NC_000015.10:67165359:A:G	CCSBVarC002944	ENSP00000332973.4:p.Ile170Val	SMAD3	ENSG00000166949	empty_AD
pilot3	CCSBORF11805	1	CCSBORF0	3AT	2	590A>T	10	NC_000015.10:67166835:A:T	CCSBVarC001756	ENSP00000332973.4:p.Asn197Ile	SMAD3	ENSG00000166949	empty_AD
pilot3	CCSBORF11805	1	CCSBORF0	3AT	2	613C>T	9	NC_000015.10:67170558:C:T	CCSBVarC028942	ENSP00000332973.4:p.Pro205Ser	SMAD3	ENSG00000166949	empty_AD
pilot3	CCSBORF11805	1	CCSBORF0	3AT	2	730G>A	15	NC_000015.10:67181311:G:A	CCSBVarC028954	ENSP00000332973.4:p.Val244Ile	SMAD3	ENSG00000166949	empty_AD
pilot3	CCSBORF11805	1	CCSBORF0	3AT	2	785A>T	6807	NC_000015.10:67181366:A:T	CCSBVarC028962	ENSP00000332973.4:p.Asp262Val	SMAD3	ENSG00000166949	empty_AD
pilot3	CCSBORF11805	1	CCSBORF0	3AT	2	848T>A	44	NC_000015.10:67181429:T:A	CCSBVarC028965	ENSP00000332973.4:p.Val283Glu	SMAD3	ENSG00000166949	empty_AD
pilot3	CCSBORF11805	1	CCSBORF0	3AT	2	851A>G	1	NC_000015.10:67181432:A:G	CCSBVarC028968	ENSP00000332973.4:p.Glu284Gly	SMAD3	ENSG00000166949	empty_AD
pilot3	CCSBORF11100	1	CCSBORF10352	3AT	2	REF	507	NULL	NULL	NULL	SIAH1	ENSG00000196470	BAG4
pilot3	CCSBORF11100	1	CCSBORF10352	3AT	2	242C>T	2534	NC_000016.10:48362279:G:A	CCSBVarC027171	ENSP00000349156.3:p.Pro81Leu	SIAH1	ENSG00000196470	BAG4
pilot3	CCSBORF11100	1	CCSBORF10352	3AT	2	319C>T	1574	NC_000016.10:48362202:G:A	CCSBVarC027174	ENSP00000349156.3:p.Arg107Trp	SIAH1	ENSG00000196470	BAG4
pilot3	CCSBORF11100	1	CCSBORF10352	3AT	2	548A>G	9	NC_000016.10:48361973:T:C	CCSBVarC027179	ENSP00000349156.3:p.His183Arg	SIAH1	ENSG00000196470	BAG4
pilot3	CCSBORF11100	1	CCSBORF10352	3AT	2	577G>A	1704	NC_000016.10:48361944:C:T	CCSBVarC027181	ENSP00000349156.3:p.Asp193Asn	SIAH1	ENSG00000196470	BAG4
pilot3	CCSBORF11100	1	CCSBORF10352	3AT	2	595A>G	361	NC_000016.10:48361926:T:C	CCSBVarC027183	ENSP00000349156.3:p.Thr199Ala	SIAH1	ENSG00000196470	BAG4
pilot3	CCSBORF11100	1	CCSBORF10352	3AT	2	613G>C	3793	NC_000016.10:48361908:C:G	CCSBVarC027185	ENSP00000349156.3:p.Gly205Arg	SIAH1	ENSG00000196470	BAG4
pilot3	CCSBORF11100	1	CCSBORF56508	3AT	2	REF	2	NULL	NULL	NULL	SIAH1	ENSG00000196470	PRR20A
pilot3	CCSBORF11100	1	CCSBORF56508	3AT	2	242C>T	1075	NC_000016.10:48362279:G:A	CCSBVarC027171	ENSP00000349156.3:p.Pro81Leu	SIAH1	ENSG00000196470	PRR20A
pilot3	CCSBORF11100	1	CCSBORF56508	3AT	2	319C>T	0	NC_000016.10:48362202:G:A	CCSBVarC027174	ENSP00000349156.3:p.Arg107Trp	SIAH1	ENSG00000196470	PRR20A
pilot3	CCSBORF11100	1	CCSBORF56508	3AT	2	548A>G	0	NC_000016.10:48361973:T:C	CCSBVarC027179	ENSP00000349156.3:p.His183Arg	SIAH1	ENSG00000196470	PRR20A
pilot3	CCSBORF11100	1	CCSBORF56508	3AT	2	577G>A	0	NC_000016.10:48361944:C:T	CCSBVarC027181	ENSP00000349156.3:p.Asp193Asn	SIAH1	ENSG00000196470	PRR20A
pilot3	CCSBORF11100	1	CCSBORF56508	3AT	2	595A>G	10	NC_000016.10:48361926:T:C	CCSBVarC027183	ENSP00000349156.3:p.Thr199Ala	SIAH1	ENSG00000196470	PRR20A
pilot3	CCSBORF11100	1	CCSBORF56508	3AT	2	613G>C	0	NC_000016.10:48361908:C:G	CCSBVarC027185	ENSP00000349156.3:p.Gly205Arg	SIAH1	ENSG00000196470	PRR20A
pilot3	CCSBORF11100	1	CCSBORF0	3AT	2	REF	11	NULL	NULL	NULL	SIAH1	ENSG00000196470	empty_AD
pilot3	CCSBORF11100	1	CCSBORF0	3AT	2	242C>T	0	NC_000016.10:48362279:G:A	CCSBVarC027171	ENSP00000349156.3:p.Pro81Leu	SIAH1	ENSG00000196470	empty_AD
pilot3	CCSBORF11100	1	CCSBORF0	3AT	2	319C>T	0	NC_000016.10:48362202:G:A	CCSBVarC027174	ENSP00000349156.3:p.Arg107Trp	SIAH1	ENSG00000196470	empty_AD
pilot3	CCSBORF11100	1	CCSBORF0	3AT	2	548A>G	0	NC_000016.10:48361973:T:C	CCSBVarC027179	ENSP00000349156.3:p.His183Arg	SIAH1	ENSG00000196470	empty_AD
pilot3	CCSBORF11100	1	CCSBORF0	3AT	2	577G>A	1	NC_000016.10:48361944:C:T	CCSBVarC027181	ENSP00000349156.3:p.Asp193Asn	SIAH1	ENSG00000196470	empty_AD
pilot3	CCSBORF11100	1	CCSBORF0	3AT	2	595A>G	0	NC_000016.10:48361926:T:C	CCSBVarC027183	ENSP00000349156.3:p.Thr199Ala	SIAH1	ENSG00000196470	empty_AD
pilot3	CCSBORF11100	1	CCSBORF0	3AT	2	613G>C	0	NC_000016.10:48361908:C:G	CCSBVarC027185	ENSP00000349156.3:p.Gly205Arg	SIAH1	ENSG00000196470	empty_AD
pilot3	CCSBORF4706	1	CCSBORF12435	3AT	2	REF	174	NULL	NULL	NULL	HNRNPK	ENSG00000165119	ABI1
pilot3	CCSBORF4706	1	CCSBORF12435	3AT	2	1109A>G	63	NC_000009.12:83970818:T:C	CCSBVarC021699	ENSP00000365439.3:p.Asp370Gly	HNRNPK	ENSG00000165119	ABI1
pilot3	CCSBORF4706	1	CCSBORF12435	3AT	2	1240C>T	56	NC_000009.12:83970282:G:A	CCSBVarC021705	ENSP00000365439.3:p.Arg414Cys	HNRNPK	ENSG00000165119	ABI1
pilot3	CCSBORF4706	1	CCSBORF12435	3AT	2	1282G>A	44	NC_000009.12:83970240:C:T	CCSBVarC021708	ENSP00000365439.3:p.Glu428Lys	HNRNPK	ENSG00000165119	ABI1
pilot3	CCSBORF4706	1	CCSBORF12435	3AT	2	137G>T	153	NC_000009.12:83977707:C:A	CCSBVarC021621	ENSP00000365439.3:p.Arg46Leu	HNRNPK	ENSG00000165119	ABI1
pilot3	CCSBORF4706	1	CCSBORF12435	3AT	2	203T>G	1128	NC_000009.12:83977004:A:C	CCSBVarC021624	ENSP00000365439.3:p.Leu68Arg	HNRNPK	ENSG00000165119	ABI1
pilot3	CCSBORF4706	1	CCSBORF12435	3AT	2	248G>A	640	NC_000009.12:83975470:C:T	CCSBVarC021637	ENSP00000365439.3:p.Gly83Asp	HNRNPK	ENSG00000165119	ABI1
pilot3	CCSBORF4706	1	CCSBORF12435	3AT	2	253G>A	627	NC_000009.12:83975465:C:T	CCSBVarC021659	ENSP00000365439.3:p.Glu85Lys	HNRNPK	ENSG00000165119	ABI1
pilot3	CCSBORF4706	1	CCSBORF12435	3AT	2	257G>A	136	NC_000009.12:83975461:C:T	CCSBVarC021671	ENSP00000365439.3:p.Arg86His	HNRNPK	ENSG00000165119	ABI1
pilot3	CCSBORF4706	1	CCSBORF12435	3AT	2	464T>C	968	NC_000009.12:83973337:A:G	CCSBVarC021678	ENSP00000365439.3:p.Leu155Pro	HNRNPK	ENSG00000165119	ABI1
pilot3	CCSBORF4706	1	CCSBORF12435	3AT	2	566C>T	388	NC_000009.12:83972922:G:A	CCSBVarC021681	ENSP00000365439.3:p.Thr189Ile	HNRNPK	ENSG00000165119	ABI1
pilot3	CCSBORF4706	1	CCSBORF12435	3AT	2	575T>G	143	NC_000009.12:83972913:A:C	CCSBVarC021689	ENSP00000365439.3:p.Val192Gly	HNRNPK	ENSG00000165119	ABI1
pilot3	CCSBORF4706	1	CCSBORF12435	3AT	2	65G>A	23	NC_000009.12:83977779:C:T	CCSBVarC021617	ENSP00000365439.3:p.Arg22His	HNRNPK	ENSG00000165119	ABI1
pilot3	CCSBORF4706	1	CCSBORF12435	3AT	2	792G>A	4	NC_000009.12:83972042:C:T	CCSBVarC021692	ENSP00000365439.3:p.Met264Ile	HNRNPK	ENSG00000165119	ABI1
pilot3	CCSBORF4706	1	CCSBORF7439	3AT	2	REF	21	NULL	NULL	NULL	HNRNPK	ENSG00000165119	ABI2
pilot3	CCSBORF4706	1	CCSBORF7439	3AT	2	1109A>G	1	NC_000009.12:83970818:T:C	CCSBVarC021699	ENSP00000365439.3:p.Asp370Gly	HNRNPK	ENSG00000165119	ABI2
pilot3	CCSBORF4706	1	CCSBORF7439	3AT	2	1240C>T	1	NC_000009.12:83970282:G:A	CCSBVarC021705	ENSP00000365439.3:p.Arg414Cys	HNRNPK	ENSG00000165119	ABI2
pilot3	CCSBORF4706	1	CCSBORF7439	3AT	2	1282G>A	4	NC_000009.12:83970240:C:T	CCSBVarC021708	ENSP00000365439.3:p.Glu428Lys	HNRNPK	ENSG00000165119	ABI2
pilot3	CCSBORF4706	1	CCSBORF7439	3AT	2	137G>T	6	NC_000009.12:83977707:C:A	CCSBVarC021621	ENSP00000365439.3:p.Arg46Leu	HNRNPK	ENSG00000165119	ABI2
pilot3	CCSBORF4706	1	CCSBORF7439	3AT	2	203T>G	151	NC_000009.12:83977004:A:C	CCSBVarC021624	ENSP00000365439.3:p.Leu68Arg	HNRNPK	ENSG00000165119	ABI2
pilot3	CCSBORF4706	1	CCSBORF7439	3AT	2	248G>A	34	NC_000009.12:83975470:C:T	CCSBVarC021637	ENSP00000365439.3:p.Gly83Asp	HNRNPK	ENSG00000165119	ABI2
pilot3	CCSBORF4706	1	CCSBORF7439	3AT	2	253G>A	40	NC_000009.12:83975465:C:T	CCSBVarC021659	ENSP00000365439.3:p.Glu85Lys	HNRNPK	ENSG00000165119	ABI2
pilot3	CCSBORF4706	1	CCSBORF7439	3AT	2	257G>A	39	NC_000009.12:83975461:C:T	CCSBVarC021671	ENSP00000365439.3:p.Arg86His	HNRNPK	ENSG00000165119	ABI2
pilot3	CCSBORF4706	1	CCSBORF7439	3AT	2	464T>C	160	NC_000009.12:83973337:A:G	CCSBVarC021678	ENSP00000365439.3:p.Leu155Pro	HNRNPK	ENSG00000165119	ABI2
pilot3	CCSBORF4706	1	CCSBORF7439	3AT	2	566C>T	33	NC_000009.12:83972922:G:A	CCSBVarC021681	ENSP00000365439.3:p.Thr189Ile	HNRNPK	ENSG00000165119	ABI2
pilot3	CCSBORF4706	1	CCSBORF7439	3AT	2	575T>G	6	NC_000009.12:83972913:A:C	CCSBVarC021689	ENSP00000365439.3:p.Val192Gly	HNRNPK	ENSG00000165119	ABI2
pilot3	CCSBORF4706	1	CCSBORF7439	3AT	2	65G>A	3	NC_000009.12:83977779:C:T	CCSBVarC021617	ENSP00000365439.3:p.Arg22His	HNRNPK	ENSG00000165119	ABI2
pilot3	CCSBORF4706	1	CCSBORF7439	3AT	2	792G>A	0	NC_000009.12:83972042:C:T	CCSBVarC021692	ENSP00000365439.3:p.Met264Ile	HNRNPK	ENSG00000165119	ABI2
pilot3	CCSBORF4706	1	CCSBORF53886	3AT	2	REF	200	NULL	NULL	NULL	HNRNPK	ENSG00000165119	TLE5
pilot3	CCSBORF4706	1	CCSBORF53886	3AT	2	1109A>G	62	NC_000009.12:83970818:T:C	CCSBVarC021699	ENSP00000365439.3:p.Asp370Gly	HNRNPK	ENSG00000165119	TLE5
pilot3	CCSBORF4706	1	CCSBORF53886	3AT	2	1240C>T	219	NC_000009.12:83970282:G:A	CCSBVarC021705	ENSP00000365439.3:p.Arg414Cys	HNRNPK	ENSG00000165119	TLE5
pilot3	CCSBORF4706	1	CCSBORF53886	3AT	2	1282G>A	27	NC_000009.12:83970240:C:T	CCSBVarC021708	ENSP00000365439.3:p.Glu428Lys	HNRNPK	ENSG00000165119	TLE5
pilot3	CCSBORF4706	1	CCSBORF53886	3AT	2	137G>T	289	NC_000009.12:83977707:C:A	CCSBVarC021621	ENSP00000365439.3:p.Arg46Leu	HNRNPK	ENSG00000165119	TLE5
pilot3	CCSBORF4706	1	CCSBORF53886	3AT	2	203T>G	1405	NC_000009.12:83977004:A:C	CCSBVarC021624	ENSP00000365439.3:p.Leu68Arg	HNRNPK	ENSG00000165119	TLE5
pilot3	CCSBORF4706	1	CCSBORF53886	3AT	2	248G>A	492	NC_000009.12:83975470:C:T	CCSBVarC021637	ENSP00000365439.3:p.Gly83Asp	HNRNPK	ENSG00000165119	TLE5
pilot3	CCSBORF4706	1	CCSBORF53886	3AT	2	253G>A	112	NC_000009.12:83975465:C:T	CCSBVarC021659	ENSP00000365439.3:p.Glu85Lys	HNRNPK	ENSG00000165119	TLE5
pilot3	CCSBORF4706	1	CCSBORF53886	3AT	2	257G>A	343	NC_000009.12:83975461:C:T	CCSBVarC021671	ENSP00000365439.3:p.Arg86His	HNRNPK	ENSG00000165119	TLE5
pilot3	CCSBORF4706	1	CCSBORF53886	3AT	2	464T>C	2917	NC_000009.12:83973337:A:G	CCSBVarC021678	ENSP00000365439.3:p.Leu155Pro	HNRNPK	ENSG00000165119	TLE5
pilot3	CCSBORF4706	1	CCSBORF53886	3AT	2	566C>T	597	NC_000009.12:83972922:G:A	CCSBVarC021681	ENSP00000365439.3:p.Thr189Ile	HNRNPK	ENSG00000165119	TLE5
pilot3	CCSBORF4706	1	CCSBORF53886	3AT	2	575T>G	6	NC_000009.12:83972913:A:C	CCSBVarC021689	ENSP00000365439.3:p.Val192Gly	HNRNPK	ENSG00000165119	TLE5
pilot3	CCSBORF4706	1	CCSBORF53886	3AT	2	65G>A	35	NC_000009.12:83977779:C:T	CCSBVarC021617	ENSP00000365439.3:p.Arg22His	HNRNPK	ENSG00000165119	TLE5
pilot3	CCSBORF4706	1	CCSBORF53886	3AT	2	792G>A	31	NC_000009.12:83972042:C:T	CCSBVarC021692	ENSP00000365439.3:p.Met264Ile	HNRNPK	ENSG00000165119	TLE5
pilot3	CCSBORF4706	1	CCSBORF8359	3AT	2	REF	182	NULL	NULL	NULL	HNRNPK	ENSG00000165119	CCDC33
pilot3	CCSBORF4706	1	CCSBORF8359	3AT	2	1109A>G	7	NC_000009.12:83970818:T:C	CCSBVarC021699	ENSP00000365439.3:p.Asp370Gly	HNRNPK	ENSG00000165119	CCDC33
pilot3	CCSBORF4706	1	CCSBORF8359	3AT	2	1240C>T	14	NC_000009.12:83970282:G:A	CCSBVarC021705	ENSP00000365439.3:p.Arg414Cys	HNRNPK	ENSG00000165119	CCDC33
pilot3	CCSBORF4706	1	CCSBORF8359	3AT	2	1282G>A	149	NC_000009.12:83970240:C:T	CCSBVarC021708	ENSP00000365439.3:p.Glu428Lys	HNRNPK	ENSG00000165119	CCDC33
pilot3	CCSBORF4706	1	CCSBORF8359	3AT	2	137G>T	207	NC_000009.12:83977707:C:A	CCSBVarC021621	ENSP00000365439.3:p.Arg46Leu	HNRNPK	ENSG00000165119	CCDC33
pilot3	CCSBORF4706	1	CCSBORF8359	3AT	2	203T>G	1181	NC_000009.12:83977004:A:C	CCSBVarC021624	ENSP00000365439.3:p.Leu68Arg	HNRNPK	ENSG00000165119	CCDC33
pilot3	CCSBORF4706	1	CCSBORF8359	3AT	2	248G>A	296	NC_000009.12:83975470:C:T	CCSBVarC021637	ENSP00000365439.3:p.Gly83Asp	HNRNPK	ENSG00000165119	CCDC33
pilot3	CCSBORF4706	1	CCSBORF8359	3AT	2	253G>A	78	NC_000009.12:83975465:C:T	CCSBVarC021659	ENSP00000365439.3:p.Glu85Lys	HNRNPK	ENSG00000165119	CCDC33
pilot3	CCSBORF4706	1	CCSBORF8359	3AT	2	257G>A	285	NC_000009.12:83975461:C:T	CCSBVarC021671	ENSP00000365439.3:p.Arg86His	HNRNPK	ENSG00000165119	CCDC33
pilot3	CCSBORF4706	1	CCSBORF8359	3AT	2	464T>C	1008	NC_000009.12:83973337:A:G	CCSBVarC021678	ENSP00000365439.3:p.Leu155Pro	HNRNPK	ENSG00000165119	CCDC33
pilot3	CCSBORF4706	1	CCSBORF8359	3AT	2	566C>T	273	NC_000009.12:83972922:G:A	CCSBVarC021681	ENSP00000365439.3:p.Thr189Ile	HNRNPK	ENSG00000165119	CCDC33
pilot3	CCSBORF4706	1	CCSBORF8359	3AT	2	575T>G	34	NC_000009.12:83972913:A:C	CCSBVarC021689	ENSP00000365439.3:p.Val192Gly	HNRNPK	ENSG00000165119	CCDC33
pilot3	CCSBORF4706	1	CCSBORF8359	3AT	2	65G>A	5	NC_000009.12:83977779:C:T	CCSBVarC021617	ENSP00000365439.3:p.Arg22His	HNRNPK	ENSG00000165119	CCDC33
pilot3	CCSBORF4706	1	CCSBORF8359	3AT	2	792G>A	8	NC_000009.12:83972042:C:T	CCSBVarC021692	ENSP00000365439.3:p.Met264Ile	HNRNPK	ENSG00000165119	CCDC33
pilot3	CCSBORF4706	1	CCSBORF4706	3AT	2	REF	0	NULL	NULL	NULL	HNRNPK	ENSG00000165119	HNRNPK
pilot3	CCSBORF4706	1	CCSBORF4706	3AT	2	1109A>G	0	NC_000009.12:83970818:T:C	CCSBVarC021699	ENSP00000365439.3:p.Asp370Gly	HNRNPK	ENSG00000165119	HNRNPK
pilot3	CCSBORF4706	1	CCSBORF4706	3AT	2	1240C>T	0	NC_000009.12:83970282:G:A	CCSBVarC021705	ENSP00000365439.3:p.Arg414Cys	HNRNPK	ENSG00000165119	HNRNPK
pilot3	CCSBORF4706	1	CCSBORF4706	3AT	2	1282G>A	0	NC_000009.12:83970240:C:T	CCSBVarC021708	ENSP00000365439.3:p.Glu428Lys	HNRNPK	ENSG00000165119	HNRNPK
pilot3	CCSBORF4706	1	CCSBORF4706	3AT	2	137G>T	0	NC_000009.12:83977707:C:A	CCSBVarC021621	ENSP00000365439.3:p.Arg46Leu	HNRNPK	ENSG00000165119	HNRNPK
pilot3	CCSBORF4706	1	CCSBORF4706	3AT	2	203T>G	0	NC_000009.12:83977004:A:C	CCSBVarC021624	ENSP00000365439.3:p.Leu68Arg	HNRNPK	ENSG00000165119	HNRNPK
pilot3	CCSBORF4706	1	CCSBORF4706	3AT	2	248G>A	0	NC_000009.12:83975470:C:T	CCSBVarC021637	ENSP00000365439.3:p.Gly83Asp	HNRNPK	ENSG00000165119	HNRNPK
pilot3	CCSBORF4706	1	CCSBORF4706	3AT	2	253G>A	0	NC_000009.12:83975465:C:T	CCSBVarC021659	ENSP00000365439.3:p.Glu85Lys	HNRNPK	ENSG00000165119	HNRNPK
pilot3	CCSBORF4706	1	CCSBORF4706	3AT	2	257G>A	0	NC_000009.12:83975461:C:T	CCSBVarC021671	ENSP00000365439.3:p.Arg86His	HNRNPK	ENSG00000165119	HNRNPK
pilot3	CCSBORF4706	1	CCSBORF4706	3AT	2	464T>C	2	NC_000009.12:83973337:A:G	CCSBVarC021678	ENSP00000365439.3:p.Leu155Pro	HNRNPK	ENSG00000165119	HNRNPK
pilot3	CCSBORF4706	1	CCSBORF4706	3AT	2	566C>T	0	NC_000009.12:83972922:G:A	CCSBVarC021681	ENSP00000365439.3:p.Thr189Ile	HNRNPK	ENSG00000165119	HNRNPK
pilot3	CCSBORF4706	1	CCSBORF4706	3AT	2	575T>G	0	NC_000009.12:83972913:A:C	CCSBVarC021689	ENSP00000365439.3:p.Val192Gly	HNRNPK	ENSG00000165119	HNRNPK
pilot3	CCSBORF4706	1	CCSBORF4706	3AT	2	65G>A	0	NC_000009.12:83977779:C:T	CCSBVarC021617	ENSP00000365439.3:p.Arg22His	HNRNPK	ENSG00000165119	HNRNPK
pilot3	CCSBORF4706	1	CCSBORF4706	3AT	2	792G>A	0	NC_000009.12:83972042:C:T	CCSBVarC021692	ENSP00000365439.3:p.Met264Ile	HNRNPK	ENSG00000165119	HNRNPK
pilot3	CCSBORF4706	1	CCSBORF54965	3AT	2	REF	104	NULL	NULL	NULL	HNRNPK	ENSG00000165119	KCTD8
pilot3	CCSBORF4706	1	CCSBORF54965	3AT	2	1109A>G	346	NC_000009.12:83970818:T:C	CCSBVarC021699	ENSP00000365439.3:p.Asp370Gly	HNRNPK	ENSG00000165119	KCTD8
pilot3	CCSBORF4706	1	CCSBORF54965	3AT	2	1240C>T	0	NC_000009.12:83970282:G:A	CCSBVarC021705	ENSP00000365439.3:p.Arg414Cys	HNRNPK	ENSG00000165119	KCTD8
pilot3	CCSBORF4706	1	CCSBORF54965	3AT	2	1282G>A	134	NC_000009.12:83970240:C:T	CCSBVarC021708	ENSP00000365439.3:p.Glu428Lys	HNRNPK	ENSG00000165119	KCTD8
pilot3	CCSBORF4706	1	CCSBORF54965	3AT	2	137G>T	33	NC_000009.12:83977707:C:A	CCSBVarC021621	ENSP00000365439.3:p.Arg46Leu	HNRNPK	ENSG00000165119	KCTD8
pilot3	CCSBORF4706	1	CCSBORF54965	3AT	2	203T>G	996	NC_000009.12:83977004:A:C	CCSBVarC021624	ENSP00000365439.3:p.Leu68Arg	HNRNPK	ENSG00000165119	KCTD8
pilot3	CCSBORF4706	1	CCSBORF54965	3AT	2	248G>A	400	NC_000009.12:83975470:C:T	CCSBVarC021637	ENSP00000365439.3:p.Gly83Asp	HNRNPK	ENSG00000165119	KCTD8
pilot3	CCSBORF4706	1	CCSBORF54965	3AT	2	253G>A	647	NC_000009.12:83975465:C:T	CCSBVarC021659	ENSP00000365439.3:p.Glu85Lys	HNRNPK	ENSG00000165119	KCTD8
pilot3	CCSBORF4706	1	CCSBORF54965	3AT	2	257G>A	276	NC_000009.12:83975461:C:T	CCSBVarC021671	ENSP00000365439.3:p.Arg86His	HNRNPK	ENSG00000165119	KCTD8
pilot3	CCSBORF4706	1	CCSBORF54965	3AT	2	464T>C	700	NC_000009.12:83973337:A:G	CCSBVarC021678	ENSP00000365439.3:p.Leu155Pro	HNRNPK	ENSG00000165119	KCTD8
pilot3	CCSBORF4706	1	CCSBORF54965	3AT	2	566C>T	392	NC_000009.12:83972922:G:A	CCSBVarC021681	ENSP00000365439.3:p.Thr189Ile	HNRNPK	ENSG00000165119	KCTD8
pilot3	CCSBORF4706	1	CCSBORF54965	3AT	2	575T>G	820	NC_000009.12:83972913:A:C	CCSBVarC021689	ENSP00000365439.3:p.Val192Gly	HNRNPK	ENSG00000165119	KCTD8
pilot3	CCSBORF4706	1	CCSBORF54965	3AT	2	65G>A	53	NC_000009.12:83977779:C:T	CCSBVarC021617	ENSP00000365439.3:p.Arg22His	HNRNPK	ENSG00000165119	KCTD8
pilot3	CCSBORF4706	1	CCSBORF54965	3AT	2	792G>A	29	NC_000009.12:83972042:C:T	CCSBVarC021692	ENSP00000365439.3:p.Met264Ile	HNRNPK	ENSG00000165119	KCTD8
pilot3	CCSBORF4706	1	CCSBORF10061	3AT	2	REF	7	NULL	NULL	NULL	HNRNPK	ENSG00000165119	KHDRBS3
pilot3	CCSBORF4706	1	CCSBORF10061	3AT	2	1109A>G	3	NC_000009.12:83970818:T:C	CCSBVarC021699	ENSP00000365439.3:p.Asp370Gly	HNRNPK	ENSG00000165119	KHDRBS3
pilot3	CCSBORF4706	1	CCSBORF10061	3AT	2	1240C>T	0	NC_000009.12:83970282:G:A	CCSBVarC021705	ENSP00000365439.3:p.Arg414Cys	HNRNPK	ENSG00000165119	KHDRBS3
pilot3	CCSBORF4706	1	CCSBORF10061	3AT	2	1282G>A	0	NC_000009.12:83970240:C:T	CCSBVarC021708	ENSP00000365439.3:p.Glu428Lys	HNRNPK	ENSG00000165119	KHDRBS3
pilot3	CCSBORF4706	1	CCSBORF10061	3AT	2	137G>T	4	NC_000009.12:83977707:C:A	CCSBVarC021621	ENSP00000365439.3:p.Arg46Leu	HNRNPK	ENSG00000165119	KHDRBS3
pilot3	CCSBORF4706	1	CCSBORF10061	3AT	2	203T>G	66	NC_000009.12:83977004:A:C	CCSBVarC021624	ENSP00000365439.3:p.Leu68Arg	HNRNPK	ENSG00000165119	KHDRBS3
pilot3	CCSBORF4706	1	CCSBORF10061	3AT	2	248G>A	17	NC_000009.12:83975470:C:T	CCSBVarC021637	ENSP00000365439.3:p.Gly83Asp	HNRNPK	ENSG00000165119	KHDRBS3
pilot3	CCSBORF4706	1	CCSBORF10061	3AT	2	253G>A	65	NC_000009.12:83975465:C:T	CCSBVarC021659	ENSP00000365439.3:p.Glu85Lys	HNRNPK	ENSG00000165119	KHDRBS3
pilot3	CCSBORF4706	1	CCSBORF10061	3AT	2	257G>A	14	NC_000009.12:83975461:C:T	CCSBVarC021671	ENSP00000365439.3:p.Arg86His	HNRNPK	ENSG00000165119	KHDRBS3
pilot3	CCSBORF4706	1	CCSBORF10061	3AT	2	464T>C	146	NC_000009.12:83973337:A:G	CCSBVarC021678	ENSP00000365439.3:p.Leu155Pro	HNRNPK	ENSG00000165119	KHDRBS3
pilot3	CCSBORF4706	1	CCSBORF10061	3AT	2	566C>T	7	NC_000009.12:83972922:G:A	CCSBVarC021681	ENSP00000365439.3:p.Thr189Ile	HNRNPK	ENSG00000165119	KHDRBS3
pilot3	CCSBORF4706	1	CCSBORF10061	3AT	2	575T>G	3	NC_000009.12:83972913:A:C	CCSBVarC021689	ENSP00000365439.3:p.Val192Gly	HNRNPK	ENSG00000165119	KHDRBS3
pilot3	CCSBORF4706	1	CCSBORF10061	3AT	2	65G>A	0	NC_000009.12:83977779:C:T	CCSBVarC021617	ENSP00000365439.3:p.Arg22His	HNRNPK	ENSG00000165119	KHDRBS3
pilot3	CCSBORF4706	1	CCSBORF10061	3AT	2	792G>A	0	NC_000009.12:83972042:C:T	CCSBVarC021692	ENSP00000365439.3:p.Met264Ile	HNRNPK	ENSG00000165119	KHDRBS3
pilot3	CCSBORF4706	1	CCSBORF80385	3AT	2	REF	117	NULL	NULL	NULL	HNRNPK	ENSG00000165119	KLF1
pilot3	CCSBORF4706	1	CCSBORF80385	3AT	2	1109A>G	41	NC_000009.12:83970818:T:C	CCSBVarC021699	ENSP00000365439.3:p.Asp370Gly	HNRNPK	ENSG00000165119	KLF1
pilot3	CCSBORF4706	1	CCSBORF80385	3AT	2	1240C>T	10	NC_000009.12:83970282:G:A	CCSBVarC021705	ENSP00000365439.3:p.Arg414Cys	HNRNPK	ENSG00000165119	KLF1
pilot3	CCSBORF4706	1	CCSBORF80385	3AT	2	1282G>A	46	NC_000009.12:83970240:C:T	CCSBVarC021708	ENSP00000365439.3:p.Glu428Lys	HNRNPK	ENSG00000165119	KLF1
pilot3	CCSBORF4706	1	CCSBORF80385	3AT	2	137G>T	106	NC_000009.12:83977707:C:A	CCSBVarC021621	ENSP00000365439.3:p.Arg46Leu	HNRNPK	ENSG00000165119	KLF1
pilot3	CCSBORF4706	1	CCSBORF80385	3AT	2	203T>G	325	NC_000009.12:83977004:A:C	CCSBVarC021624	ENSP00000365439.3:p.Leu68Arg	HNRNPK	ENSG00000165119	KLF1
pilot3	CCSBORF4706	1	CCSBORF80385	3AT	2	248G>A	148	NC_000009.12:83975470:C:T	CCSBVarC021637	ENSP00000365439.3:p.Gly83Asp	HNRNPK	ENSG00000165119	KLF1
pilot3	CCSBORF4706	1	CCSBORF80385	3AT	2	253G>A	181	NC_000009.12:83975465:C:T	CCSBVarC021659	ENSP00000365439.3:p.Glu85Lys	HNRNPK	ENSG00000165119	KLF1
pilot3	CCSBORF4706	1	CCSBORF80385	3AT	2	257G>A	78	NC_000009.12:83975461:C:T	CCSBVarC021671	ENSP00000365439.3:p.Arg86His	HNRNPK	ENSG00000165119	KLF1
pilot3	CCSBORF4706	1	CCSBORF80385	3AT	2	464T>C	668	NC_000009.12:83973337:A:G	CCSBVarC021678	ENSP00000365439.3:p.Leu155Pro	HNRNPK	ENSG00000165119	KLF1
pilot3	CCSBORF4706	1	CCSBORF80385	3AT	2	566C>T	246	NC_000009.12:83972922:G:A	CCSBVarC021681	ENSP00000365439.3:p.Thr189Ile	HNRNPK	ENSG00000165119	KLF1
pilot3	CCSBORF4706	1	CCSBORF80385	3AT	2	575T>G	134	NC_000009.12:83972913:A:C	CCSBVarC021689	ENSP00000365439.3:p.Val192Gly	HNRNPK	ENSG00000165119	KLF1
pilot3	CCSBORF4706	1	CCSBORF80385	3AT	2	65G>A	25	NC_000009.12:83977779:C:T	CCSBVarC021617	ENSP00000365439.3:p.Arg22His	HNRNPK	ENSG00000165119	KLF1
pilot3	CCSBORF4706	1	CCSBORF80385	3AT	2	792G>A	5	NC_000009.12:83972042:C:T	CCSBVarC021692	ENSP00000365439.3:p.Met264Ile	HNRNPK	ENSG00000165119	KLF1
pilot3	CCSBORF4706	1	CCSBORF282	3AT	2	REF	0	NULL	NULL	NULL	HNRNPK	ENSG00000165119	MATR3
pilot3	CCSBORF4706	1	CCSBORF282	3AT	2	1109A>G	0	NC_000009.12:83970818:T:C	CCSBVarC021699	ENSP00000365439.3:p.Asp370Gly	HNRNPK	ENSG00000165119	MATR3
pilot3	CCSBORF4706	1	CCSBORF282	3AT	2	1240C>T	0	NC_000009.12:83970282:G:A	CCSBVarC021705	ENSP00000365439.3:p.Arg414Cys	HNRNPK	ENSG00000165119	MATR3
pilot3	CCSBORF4706	1	CCSBORF282	3AT	2	1282G>A	0	NC_000009.12:83970240:C:T	CCSBVarC021708	ENSP00000365439.3:p.Glu428Lys	HNRNPK	ENSG00000165119	MATR3
pilot3	CCSBORF4706	1	CCSBORF282	3AT	2	137G>T	0	NC_000009.12:83977707:C:A	CCSBVarC021621	ENSP00000365439.3:p.Arg46Leu	HNRNPK	ENSG00000165119	MATR3
pilot3	CCSBORF4706	1	CCSBORF282	3AT	2	203T>G	0	NC_000009.12:83977004:A:C	CCSBVarC021624	ENSP00000365439.3:p.Leu68Arg	HNRNPK	ENSG00000165119	MATR3
pilot3	CCSBORF4706	1	CCSBORF282	3AT	2	248G>A	0	NC_000009.12:83975470:C:T	CCSBVarC021637	ENSP00000365439.3:p.Gly83Asp	HNRNPK	ENSG00000165119	MATR3
pilot3	CCSBORF4706	1	CCSBORF282	3AT	2	253G>A	0	NC_000009.12:83975465:C:T	CCSBVarC021659	ENSP00000365439.3:p.Glu85Lys	HNRNPK	ENSG00000165119	MATR3
pilot3	CCSBORF4706	1	CCSBORF282	3AT	2	257G>A	0	NC_000009.12:83975461:C:T	CCSBVarC021671	ENSP00000365439.3:p.Arg86His	HNRNPK	ENSG00000165119	MATR3
pilot3	CCSBORF4706	1	CCSBORF282	3AT	2	464T>C	0	NC_000009.12:83973337:A:G	CCSBVarC021678	ENSP00000365439.3:p.Leu155Pro	HNRNPK	ENSG00000165119	MATR3
pilot3	CCSBORF4706	1	CCSBORF282	3AT	2	566C>T	0	NC_000009.12:83972922:G:A	CCSBVarC021681	ENSP00000365439.3:p.Thr189Ile	HNRNPK	ENSG00000165119	MATR3
pilot3	CCSBORF4706	1	CCSBORF282	3AT	2	575T>G	1	NC_000009.12:83972913:A:C	CCSBVarC021689	ENSP00000365439.3:p.Val192Gly	HNRNPK	ENSG00000165119	MATR3
pilot3	CCSBORF4706	1	CCSBORF282	3AT	2	65G>A	0	NC_000009.12:83977779:C:T	CCSBVarC021617	ENSP00000365439.3:p.Arg22His	HNRNPK	ENSG00000165119	MATR3
pilot3	CCSBORF4706	1	CCSBORF282	3AT	2	792G>A	0	NC_000009.12:83972042:C:T	CCSBVarC021692	ENSP00000365439.3:p.Met264Ile	HNRNPK	ENSG00000165119	MATR3
pilot3	CCSBORF4706	1	CCSBORF8168	3AT	2	REF	123	NULL	NULL	NULL	HNRNPK	ENSG00000165119	QKI
pilot3	CCSBORF4706	1	CCSBORF8168	3AT	2	1109A>G	96	NC_000009.12:83970818:T:C	CCSBVarC021699	ENSP00000365439.3:p.Asp370Gly	HNRNPK	ENSG00000165119	QKI
pilot3	CCSBORF4706	1	CCSBORF8168	3AT	2	1240C>T	1	NC_000009.12:83970282:G:A	CCSBVarC021705	ENSP00000365439.3:p.Arg414Cys	HNRNPK	ENSG00000165119	QKI
pilot3	CCSBORF4706	1	CCSBORF8168	3AT	2	1282G>A	38	NC_000009.12:83970240:C:T	CCSBVarC021708	ENSP00000365439.3:p.Glu428Lys	HNRNPK	ENSG00000165119	QKI
pilot3	CCSBORF4706	1	CCSBORF8168	3AT	2	137G>T	105	NC_000009.12:83977707:C:A	CCSBVarC021621	ENSP00000365439.3:p.Arg46Leu	HNRNPK	ENSG00000165119	QKI
pilot3	CCSBORF4706	1	CCSBORF8168	3AT	2	203T>G	347	NC_000009.12:83977004:A:C	CCSBVarC021624	ENSP00000365439.3:p.Leu68Arg	HNRNPK	ENSG00000165119	QKI
pilot3	CCSBORF4706	1	CCSBORF8168	3AT	2	248G>A	76	NC_000009.12:83975470:C:T	CCSBVarC021637	ENSP00000365439.3:p.Gly83Asp	HNRNPK	ENSG00000165119	QKI
pilot3	CCSBORF4706	1	CCSBORF8168	3AT	2	253G>A	26	NC_000009.12:83975465:C:T	CCSBVarC021659	ENSP00000365439.3:p.Glu85Lys	HNRNPK	ENSG00000165119	QKI
pilot3	CCSBORF4706	1	CCSBORF8168	3AT	2	257G>A	205	NC_000009.12:83975461:C:T	CCSBVarC021671	ENSP00000365439.3:p.Arg86His	HNRNPK	ENSG00000165119	QKI
pilot3	CCSBORF4706	1	CCSBORF8168	3AT	2	464T>C	2766	NC_000009.12:83973337:A:G	CCSBVarC021678	ENSP00000365439.3:p.Leu155Pro	HNRNPK	ENSG00000165119	QKI
pilot3	CCSBORF4706	1	CCSBORF8168	3AT	2	566C>T	49	NC_000009.12:83972922:G:A	CCSBVarC021681	ENSP00000365439.3:p.Thr189Ile	HNRNPK	ENSG00000165119	QKI
pilot3	CCSBORF4706	1	CCSBORF8168	3AT	2	575T>G	135	NC_000009.12:83972913:A:C	CCSBVarC021689	ENSP00000365439.3:p.Val192Gly	HNRNPK	ENSG00000165119	QKI
pilot3	CCSBORF4706	1	CCSBORF8168	3AT	2	65G>A	18	NC_000009.12:83977779:C:T	CCSBVarC021617	ENSP00000365439.3:p.Arg22His	HNRNPK	ENSG00000165119	QKI
pilot3	CCSBORF4706	1	CCSBORF8168	3AT	2	792G>A	14	NC_000009.12:83972042:C:T	CCSBVarC021692	ENSP00000365439.3:p.Met264Ile	HNRNPK	ENSG00000165119	QKI
pilot3	CCSBORF4706	1	CCSBORF9456	3AT	2	REF	102	NULL	NULL	NULL	HNRNPK	ENSG00000165119	RASAL3
pilot3	CCSBORF4706	1	CCSBORF9456	3AT	2	1109A>G	51	NC_000009.12:83970818:T:C	CCSBVarC021699	ENSP00000365439.3:p.Asp370Gly	HNRNPK	ENSG00000165119	RASAL3
pilot3	CCSBORF4706	1	CCSBORF9456	3AT	2	1240C>T	0	NC_000009.12:83970282:G:A	CCSBVarC021705	ENSP00000365439.3:p.Arg414Cys	HNRNPK	ENSG00000165119	RASAL3
pilot3	CCSBORF4706	1	CCSBORF9456	3AT	2	1282G>A	59	NC_000009.12:83970240:C:T	CCSBVarC021708	ENSP00000365439.3:p.Glu428Lys	HNRNPK	ENSG00000165119	RASAL3
pilot3	CCSBORF4706	1	CCSBORF9456	3AT	2	137G>T	156	NC_000009.12:83977707:C:A	CCSBVarC021621	ENSP00000365439.3:p.Arg46Leu	HNRNPK	ENSG00000165119	RASAL3
pilot3	CCSBORF4706	1	CCSBORF9456	3AT	2	203T>G	562	NC_000009.12:83977004:A:C	CCSBVarC021624	ENSP00000365439.3:p.Leu68Arg	HNRNPK	ENSG00000165119	RASAL3
pilot3	CCSBORF4706	1	CCSBORF9456	3AT	2	248G>A	158	NC_000009.12:83975470:C:T	CCSBVarC021637	ENSP00000365439.3:p.Gly83Asp	HNRNPK	ENSG00000165119	RASAL3
pilot3	CCSBORF4706	1	CCSBORF9456	3AT	2	253G>A	201	NC_000009.12:83975465:C:T	CCSBVarC021659	ENSP00000365439.3:p.Glu85Lys	HNRNPK	ENSG00000165119	RASAL3
pilot3	CCSBORF4706	1	CCSBORF9456	3AT	2	257G>A	312	NC_000009.12:83975461:C:T	CCSBVarC021671	ENSP00000365439.3:p.Arg86His	HNRNPK	ENSG00000165119	RASAL3
pilot3	CCSBORF4706	1	CCSBORF9456	3AT	2	464T>C	1660	NC_000009.12:83973337:A:G	CCSBVarC021678	ENSP00000365439.3:p.Leu155Pro	HNRNPK	ENSG00000165119	RASAL3
pilot3	CCSBORF4706	1	CCSBORF9456	3AT	2	566C>T	216	NC_000009.12:83972922:G:A	CCSBVarC021681	ENSP00000365439.3:p.Thr189Ile	HNRNPK	ENSG00000165119	RASAL3
pilot3	CCSBORF4706	1	CCSBORF9456	3AT	2	575T>G	197	NC_000009.12:83972913:A:C	CCSBVarC021689	ENSP00000365439.3:p.Val192Gly	HNRNPK	ENSG00000165119	RASAL3
pilot3	CCSBORF4706	1	CCSBORF9456	3AT	2	65G>A	13	NC_000009.12:83977779:C:T	CCSBVarC021617	ENSP00000365439.3:p.Arg22His	HNRNPK	ENSG00000165119	RASAL3
pilot3	CCSBORF4706	1	CCSBORF9456	3AT	2	792G>A	1	NC_000009.12:83972042:C:T	CCSBVarC021692	ENSP00000365439.3:p.Met264Ile	HNRNPK	ENSG00000165119	RASAL3
pilot3	CCSBORF4706	1	CCSBORF4635	3AT	2	REF	30	NULL	NULL	NULL	HNRNPK	ENSG00000165119	RBMX
pilot3	CCSBORF4706	1	CCSBORF4635	3AT	2	1109A>G	29	NC_000009.12:83970818:T:C	CCSBVarC021699	ENSP00000365439.3:p.Asp370Gly	HNRNPK	ENSG00000165119	RBMX
pilot3	CCSBORF4706	1	CCSBORF4635	3AT	2	1240C>T	13	NC_000009.12:83970282:G:A	CCSBVarC021705	ENSP00000365439.3:p.Arg414Cys	HNRNPK	ENSG00000165119	RBMX
pilot3	CCSBORF4706	1	CCSBORF4635	3AT	2	1282G>A	25	NC_000009.12:83970240:C:T	CCSBVarC021708	ENSP00000365439.3:p.Glu428Lys	HNRNPK	ENSG00000165119	RBMX
pilot3	CCSBORF4706	1	CCSBORF4635	3AT	2	137G>T	102	NC_000009.12:83977707:C:A	CCSBVarC021621	ENSP00000365439.3:p.Arg46Leu	HNRNPK	ENSG00000165119	RBMX
pilot3	CCSBORF4706	1	CCSBORF4635	3AT	2	203T>G	117	NC_000009.12:83977004:A:C	CCSBVarC021624	ENSP00000365439.3:p.Leu68Arg	HNRNPK	ENSG00000165119	RBMX
pilot3	CCSBORF4706	1	CCSBORF4635	3AT	2	248G>A	40	NC_000009.12:83975470:C:T	CCSBVarC021637	ENSP00000365439.3:p.Gly83Asp	HNRNPK	ENSG00000165119	RBMX
pilot3	CCSBORF4706	1	CCSBORF4635	3AT	2	253G>A	132	NC_000009.12:83975465:C:T	CCSBVarC021659	ENSP00000365439.3:p.Glu85Lys	HNRNPK	ENSG00000165119	RBMX
pilot3	CCSBORF4706	1	CCSBORF4635	3AT	2	257G>A	27	NC_000009.12:83975461:C:T	CCSBVarC021671	ENSP00000365439.3:p.Arg86His	HNRNPK	ENSG00000165119	RBMX
pilot3	CCSBORF4706	1	CCSBORF4635	3AT	2	464T>C	272	NC_000009.12:83973337:A:G	CCSBVarC021678	ENSP00000365439.3:p.Leu155Pro	HNRNPK	ENSG00000165119	RBMX
pilot3	CCSBORF4706	1	CCSBORF4635	3AT	2	566C>T	105	NC_000009.12:83972922:G:A	CCSBVarC021681	ENSP00000365439.3:p.Thr189Ile	HNRNPK	ENSG00000165119	RBMX
pilot3	CCSBORF4706	1	CCSBORF4635	3AT	2	575T>G	77	NC_000009.12:83972913:A:C	CCSBVarC021689	ENSP00000365439.3:p.Val192Gly	HNRNPK	ENSG00000165119	RBMX
pilot3	CCSBORF4706	1	CCSBORF4635	3AT	2	65G>A	13	NC_000009.12:83977779:C:T	CCSBVarC021617	ENSP00000365439.3:p.Arg22His	HNRNPK	ENSG00000165119	RBMX
pilot3	CCSBORF4706	1	CCSBORF4635	3AT	2	792G>A	9	NC_000009.12:83972042:C:T	CCSBVarC021692	ENSP00000365439.3:p.Met264Ile	HNRNPK	ENSG00000165119	RBMX
pilot3	CCSBORF6699	1	CCSBORF53886	3AT	2	REF	2582	NULL	NULL	NULL	CSNK2A1	ENSG00000101266	TLE5
pilot3	CCSBORF6699	1	CCSBORF53886	3AT	2	1165G>A	2061	NC_000020.11:483971:C:T	CCSBVarC024455	ENSP00000217244.3:p.Ala389Thr	CSNK2A1	ENSG00000101266	TLE5
pilot3	CCSBORF6699	1	CCSBORF53886	3AT	2	1172A>G	209	NC_000020.11:483964:T:C	CCSBVarC024458	ENSP00000217244.3:p.Gln391Arg	CSNK2A1	ENSG00000101266	TLE5
pilot3	CCSBORF6699	1	CCSBORF53886	3AT	2	139C>G	47	NC_000020.11:505191:G:C	CCSBVarC024315	ENSP00000217244.3:p.Arg47Gly	CSNK2A1	ENSG00000101266	TLE5
pilot3	CCSBORF6699	1	CCSBORF53886	3AT	2	143G>A	1022	NC_000020.11:505187:C:T	CCSBVarC024322	ENSP00000217244.3:p.Gly48Asp	CSNK2A1	ENSG00000101266	TLE5
pilot3	CCSBORF6699	1	CCSBORF53886	3AT	2	149A>C	241	NC_000020.11:505181:T:G	CCSBVarC024324	ENSP00000217244.3:p.Tyr50Ser	CSNK2A1	ENSG00000101266	TLE5
pilot3	CCSBORF6699	1	CCSBORF53886	3AT	2	154G>A	2031	NC_000020.11:505176:C:T	CCSBVarC024328	ENSP00000217244.3:p.Glu52Lys	CSNK2A1	ENSG00000101266	TLE5
pilot3	CCSBORF6699	1	CCSBORF53886	3AT	2	239G>A	902	NC_000020.11:499908:C:T	CCSBVarC024330	ENSP00000217244.3:p.Arg80His	CSNK2A1	ENSG00000101266	TLE5
pilot3	CCSBORF6699	1	CCSBORF53886	3AT	2	242A>C	1471	NC_000020.11:499905:T:G	CCSBVarC024331	ENSP00000217244.3:p.Glu81Ala	CSNK2A1	ENSG00000101266	TLE5
pilot3	CCSBORF6699	1	CCSBORF53886	3AT	2	524A>G	462	NC_000020.11:492350:T:C	CCSBVarC024355	ENSP00000217244.3:p.Asp175Gly	CSNK2A1	ENSG00000101266	TLE5
pilot3	CCSBORF6699	1	CCSBORF53886	3AT	2	529G>A	794	NC_000020.11:492345:C:T	CCSBVarC024361	ENSP00000217244.3:p.Gly177Ser	CSNK2A1	ENSG00000101266	TLE5
pilot3	CCSBORF6699	1	CCSBORF53886	3AT	2	704G>T	3	NC_000020.11:489798:C:A	CCSBVarC024394	ENSP00000217244.3:p.Gly235Val	CSNK2A1	ENSG00000101266	TLE5
pilot3	CCSBORF6699	1	CCSBORF53886	3AT	2	935G>A	19	NC_000020.11:487464:C:T	CCSBVarC024400	ENSP00000217244.3:p.Arg312Gln	CSNK2A1	ENSG00000101266	TLE5
pilot3	CCSBORF6699	1	CCSBORF100070339	3AT	2	REF	3202	NULL	NULL	NULL	CSNK2A1	ENSG00000101266	ATN1
pilot3	CCSBORF6699	1	CCSBORF100070339	3AT	2	1165G>A	4316	NC_000020.11:483971:C:T	CCSBVarC024455	ENSP00000217244.3:p.Ala389Thr	CSNK2A1	ENSG00000101266	ATN1
pilot3	CCSBORF6699	1	CCSBORF100070339	3AT	2	1172A>G	3887	NC_000020.11:483964:T:C	CCSBVarC024458	ENSP00000217244.3:p.Gln391Arg	CSNK2A1	ENSG00000101266	ATN1
pilot3	CCSBORF6699	1	CCSBORF100070339	3AT	2	139C>G	2562	NC_000020.11:505191:G:C	CCSBVarC024315	ENSP00000217244.3:p.Arg47Gly	CSNK2A1	ENSG00000101266	ATN1
pilot3	CCSBORF6699	1	CCSBORF100070339	3AT	2	143G>A	12	NC_000020.11:505187:C:T	CCSBVarC024322	ENSP00000217244.3:p.Gly48Asp	CSNK2A1	ENSG00000101266	ATN1
pilot3	CCSBORF6699	1	CCSBORF100070339	3AT	2	149A>C	98	NC_000020.11:505181:T:G	CCSBVarC024324	ENSP00000217244.3:p.Tyr50Ser	CSNK2A1	ENSG00000101266	ATN1
pilot3	CCSBORF6699	1	CCSBORF100070339	3AT	2	154G>A	1059	NC_000020.11:505176:C:T	CCSBVarC024328	ENSP00000217244.3:p.Glu52Lys	CSNK2A1	ENSG00000101266	ATN1
pilot3	CCSBORF6699	1	CCSBORF100070339	3AT	2	239G>A	26	NC_000020.11:499908:C:T	CCSBVarC024330	ENSP00000217244.3:p.Arg80His	CSNK2A1	ENSG00000101266	ATN1
pilot3	CCSBORF6699	1	CCSBORF100070339	3AT	2	242A>C	6	NC_000020.11:499905:T:G	CCSBVarC024331	ENSP00000217244.3:p.Glu81Ala	CSNK2A1	ENSG00000101266	ATN1
pilot3	CCSBORF6699	1	CCSBORF100070339	3AT	2	524A>G	17	NC_000020.11:492350:T:C	CCSBVarC024355	ENSP00000217244.3:p.Asp175Gly	CSNK2A1	ENSG00000101266	ATN1
pilot3	CCSBORF6699	1	CCSBORF100070339	3AT	2	529G>A	18	NC_000020.11:492345:C:T	CCSBVarC024361	ENSP00000217244.3:p.Gly177Ser	CSNK2A1	ENSG00000101266	ATN1
pilot3	CCSBORF6699	1	CCSBORF100070339	3AT	2	704G>T	18	NC_000020.11:489798:C:A	CCSBVarC024394	ENSP00000217244.3:p.Gly235Val	CSNK2A1	ENSG00000101266	ATN1
pilot3	CCSBORF6699	1	CCSBORF100070339	3AT	2	935G>A	82	NC_000020.11:487464:C:T	CCSBVarC024400	ENSP00000217244.3:p.Arg312Gln	CSNK2A1	ENSG00000101266	ATN1
pilot3	CCSBORF6699	1	CCSBORF71965	3AT	2	REF	726	NULL	NULL	NULL	CSNK2A1	ENSG00000101266	CSNK2B
pilot3	CCSBORF6699	1	CCSBORF71965	3AT	2	1165G>A	1017	NC_000020.11:483971:C:T	CCSBVarC024455	ENSP00000217244.3:p.Ala389Thr	CSNK2A1	ENSG00000101266	CSNK2B
pilot3	CCSBORF6699	1	CCSBORF71965	3AT	2	1172A>G	1198	NC_000020.11:483964:T:C	CCSBVarC024458	ENSP00000217244.3:p.Gln391Arg	CSNK2A1	ENSG00000101266	CSNK2B
pilot3	CCSBORF6699	1	CCSBORF71965	3AT	2	139C>G	2068	NC_000020.11:505191:G:C	CCSBVarC024315	ENSP00000217244.3:p.Arg47Gly	CSNK2A1	ENSG00000101266	CSNK2B
pilot3	CCSBORF6699	1	CCSBORF71965	3AT	2	143G>A	1025	NC_000020.11:505187:C:T	CCSBVarC024322	ENSP00000217244.3:p.Gly48Asp	CSNK2A1	ENSG00000101266	CSNK2B
pilot3	CCSBORF6699	1	CCSBORF71965	3AT	2	149A>C	2883	NC_000020.11:505181:T:G	CCSBVarC024324	ENSP00000217244.3:p.Tyr50Ser	CSNK2A1	ENSG00000101266	CSNK2B
pilot3	CCSBORF6699	1	CCSBORF71965	3AT	2	154G>A	1165	NC_000020.11:505176:C:T	CCSBVarC024328	ENSP00000217244.3:p.Glu52Lys	CSNK2A1	ENSG00000101266	CSNK2B
pilot3	CCSBORF6699	1	CCSBORF71965	3AT	2	239G>A	818	NC_000020.11:499908:C:T	CCSBVarC024330	ENSP00000217244.3:p.Arg80His	CSNK2A1	ENSG00000101266	CSNK2B
pilot3	CCSBORF6699	1	CCSBORF71965	3AT	2	242A>C	299	NC_000020.11:499905:T:G	CCSBVarC024331	ENSP00000217244.3:p.Glu81Ala	CSNK2A1	ENSG00000101266	CSNK2B
pilot3	CCSBORF6699	1	CCSBORF71965	3AT	2	524A>G	1151	NC_000020.11:492350:T:C	CCSBVarC024355	ENSP00000217244.3:p.Asp175Gly	CSNK2A1	ENSG00000101266	CSNK2B
pilot3	CCSBORF6699	1	CCSBORF71965	3AT	2	529G>A	534	NC_000020.11:492345:C:T	CCSBVarC024361	ENSP00000217244.3:p.Gly177Ser	CSNK2A1	ENSG00000101266	CSNK2B
pilot3	CCSBORF6699	1	CCSBORF71965	3AT	2	704G>T	37	NC_000020.11:489798:C:A	CCSBVarC024394	ENSP00000217244.3:p.Gly235Val	CSNK2A1	ENSG00000101266	CSNK2B
pilot3	CCSBORF6699	1	CCSBORF71965	3AT	2	935G>A	31	NC_000020.11:487464:C:T	CCSBVarC024400	ENSP00000217244.3:p.Arg312Gln	CSNK2A1	ENSG00000101266	CSNK2B
pilot3	CCSBORF6699	1	CCSBORF100015459	3AT	2	REF	2	NULL	NULL	NULL	CSNK2A1	ENSG00000101266	CT45A1
pilot3	CCSBORF6699	1	CCSBORF100015459	3AT	2	1165G>A	0	NC_000020.11:483971:C:T	CCSBVarC024455	ENSP00000217244.3:p.Ala389Thr	CSNK2A1	ENSG00000101266	CT45A1
pilot3	CCSBORF6699	1	CCSBORF100015459	3AT	2	1172A>G	4	NC_000020.11:483964:T:C	CCSBVarC024458	ENSP00000217244.3:p.Gln391Arg	CSNK2A1	ENSG00000101266	CT45A1
pilot3	CCSBORF6699	1	CCSBORF100015459	3AT	2	139C>G	250	NC_000020.11:505191:G:C	CCSBVarC024315	ENSP00000217244.3:p.Arg47Gly	CSNK2A1	ENSG00000101266	CT45A1
pilot3	CCSBORF6699	1	CCSBORF100015459	3AT	2	143G>A	0	NC_000020.11:505187:C:T	CCSBVarC024322	ENSP00000217244.3:p.Gly48Asp	CSNK2A1	ENSG00000101266	CT45A1
pilot3	CCSBORF6699	1	CCSBORF100015459	3AT	2	149A>C	32	NC_000020.11:505181:T:G	CCSBVarC024324	ENSP00000217244.3:p.Tyr50Ser	CSNK2A1	ENSG00000101266	CT45A1
pilot3	CCSBORF6699	1	CCSBORF100015459	3AT	2	154G>A	12	NC_000020.11:505176:C:T	CCSBVarC024328	ENSP00000217244.3:p.Glu52Lys	CSNK2A1	ENSG00000101266	CT45A1
pilot3	CCSBORF6699	1	CCSBORF100015459	3AT	2	239G>A	0	NC_000020.11:499908:C:T	CCSBVarC024330	ENSP00000217244.3:p.Arg80His	CSNK2A1	ENSG00000101266	CT45A1
pilot3	CCSBORF6699	1	CCSBORF100015459	3AT	2	242A>C	0	NC_000020.11:499905:T:G	CCSBVarC024331	ENSP00000217244.3:p.Glu81Ala	CSNK2A1	ENSG00000101266	CT45A1
pilot3	CCSBORF6699	1	CCSBORF100015459	3AT	2	524A>G	224	NC_000020.11:492350:T:C	CCSBVarC024355	ENSP00000217244.3:p.Asp175Gly	CSNK2A1	ENSG00000101266	CT45A1
pilot3	CCSBORF6699	1	CCSBORF100015459	3AT	2	529G>A	0	NC_000020.11:492345:C:T	CCSBVarC024361	ENSP00000217244.3:p.Gly177Ser	CSNK2A1	ENSG00000101266	CT45A1
pilot3	CCSBORF6699	1	CCSBORF100015459	3AT	2	704G>T	0	NC_000020.11:489798:C:A	CCSBVarC024394	ENSP00000217244.3:p.Gly235Val	CSNK2A1	ENSG00000101266	CT45A1
pilot3	CCSBORF6699	1	CCSBORF100015459	3AT	2	935G>A	0	NC_000020.11:487464:C:T	CCSBVarC024400	ENSP00000217244.3:p.Arg312Gln	CSNK2A1	ENSG00000101266	CT45A1
pilot3	CCSBORF6699	1	CCSBORF55475	3AT	2	REF	2452	NULL	NULL	NULL	CSNK2A1	ENSG00000101266	FCHO1
pilot3	CCSBORF6699	1	CCSBORF55475	3AT	2	1165G>A	2015	NC_000020.11:483971:C:T	CCSBVarC024455	ENSP00000217244.3:p.Ala389Thr	CSNK2A1	ENSG00000101266	FCHO1
pilot3	CCSBORF6699	1	CCSBORF55475	3AT	2	1172A>G	1867	NC_000020.11:483964:T:C	CCSBVarC024458	ENSP00000217244.3:p.Gln391Arg	CSNK2A1	ENSG00000101266	FCHO1
pilot3	CCSBORF6699	1	CCSBORF55475	3AT	2	139C>G	211	NC_000020.11:505191:G:C	CCSBVarC024315	ENSP00000217244.3:p.Arg47Gly	CSNK2A1	ENSG00000101266	FCHO1
pilot3	CCSBORF6699	1	CCSBORF55475	3AT	2	143G>A	492	NC_000020.11:505187:C:T	CCSBVarC024322	ENSP00000217244.3:p.Gly48Asp	CSNK2A1	ENSG00000101266	FCHO1
pilot3	CCSBORF6699	1	CCSBORF55475	3AT	2	149A>C	664	NC_000020.11:505181:T:G	CCSBVarC024324	ENSP00000217244.3:p.Tyr50Ser	CSNK2A1	ENSG00000101266	FCHO1
pilot3	CCSBORF6699	1	CCSBORF55475	3AT	2	154G>A	1037	NC_000020.11:505176:C:T	CCSBVarC024328	ENSP00000217244.3:p.Glu52Lys	CSNK2A1	ENSG00000101266	FCHO1
pilot3	CCSBORF6699	1	CCSBORF55475	3AT	2	239G>A	3991	NC_000020.11:499908:C:T	CCSBVarC024330	ENSP00000217244.3:p.Arg80His	CSNK2A1	ENSG00000101266	FCHO1
pilot3	CCSBORF6699	1	CCSBORF55475	3AT	2	242A>C	495	NC_000020.11:499905:T:G	CCSBVarC024331	ENSP00000217244.3:p.Glu81Ala	CSNK2A1	ENSG00000101266	FCHO1
pilot3	CCSBORF6699	1	CCSBORF55475	3AT	2	524A>G	949	NC_000020.11:492350:T:C	CCSBVarC024355	ENSP00000217244.3:p.Asp175Gly	CSNK2A1	ENSG00000101266	FCHO1
pilot3	CCSBORF6699	1	CCSBORF55475	3AT	2	529G>A	432	NC_000020.11:492345:C:T	CCSBVarC024361	ENSP00000217244.3:p.Gly177Ser	CSNK2A1	ENSG00000101266	FCHO1
pilot3	CCSBORF6699	1	CCSBORF55475	3AT	2	704G>T	25	NC_000020.11:489798:C:A	CCSBVarC024394	ENSP00000217244.3:p.Gly235Val	CSNK2A1	ENSG00000101266	FCHO1
pilot3	CCSBORF6699	1	CCSBORF55475	3AT	2	935G>A	20	NC_000020.11:487464:C:T	CCSBVarC024400	ENSP00000217244.3:p.Arg312Gln	CSNK2A1	ENSG00000101266	FCHO1
pilot3	CCSBORF6699	1	CCSBORF11579	3AT	2	REF	1581	NULL	NULL	NULL	CSNK2A1	ENSG00000101266	HOXC4
pilot3	CCSBORF6699	1	CCSBORF11579	3AT	2	1165G>A	997	NC_000020.11:483971:C:T	CCSBVarC024455	ENSP00000217244.3:p.Ala389Thr	CSNK2A1	ENSG00000101266	HOXC4
pilot3	CCSBORF6699	1	CCSBORF11579	3AT	2	1172A>G	5	NC_000020.11:483964:T:C	CCSBVarC024458	ENSP00000217244.3:p.Gln391Arg	CSNK2A1	ENSG00000101266	HOXC4
pilot3	CCSBORF6699	1	CCSBORF11579	3AT	2	139C>G	899	NC_000020.11:505191:G:C	CCSBVarC024315	ENSP00000217244.3:p.Arg47Gly	CSNK2A1	ENSG00000101266	HOXC4
pilot3	CCSBORF6699	1	CCSBORF11579	3AT	2	143G>A	54	NC_000020.11:505187:C:T	CCSBVarC024322	ENSP00000217244.3:p.Gly48Asp	CSNK2A1	ENSG00000101266	HOXC4
pilot3	CCSBORF6699	1	CCSBORF11579	3AT	2	149A>C	25	NC_000020.11:505181:T:G	CCSBVarC024324	ENSP00000217244.3:p.Tyr50Ser	CSNK2A1	ENSG00000101266	HOXC4
pilot3	CCSBORF6699	1	CCSBORF11579	3AT	2	154G>A	197	NC_000020.11:505176:C:T	CCSBVarC024328	ENSP00000217244.3:p.Glu52Lys	CSNK2A1	ENSG00000101266	HOXC4
pilot3	CCSBORF6699	1	CCSBORF11579	3AT	2	239G>A	467	NC_000020.11:499908:C:T	CCSBVarC024330	ENSP00000217244.3:p.Arg80His	CSNK2A1	ENSG00000101266	HOXC4
pilot3	CCSBORF6699	1	CCSBORF11579	3AT	2	242A>C	0	NC_000020.11:499905:T:G	CCSBVarC024331	ENSP00000217244.3:p.Glu81Ala	CSNK2A1	ENSG00000101266	HOXC4
pilot3	CCSBORF6699	1	CCSBORF11579	3AT	2	524A>G	3698	NC_000020.11:492350:T:C	CCSBVarC024355	ENSP00000217244.3:p.Asp175Gly	CSNK2A1	ENSG00000101266	HOXC4
pilot3	CCSBORF6699	1	CCSBORF11579	3AT	2	529G>A	24	NC_000020.11:492345:C:T	CCSBVarC024361	ENSP00000217244.3:p.Gly177Ser	CSNK2A1	ENSG00000101266	HOXC4
pilot3	CCSBORF6699	1	CCSBORF11579	3AT	2	704G>T	1	NC_000020.11:489798:C:A	CCSBVarC024394	ENSP00000217244.3:p.Gly235Val	CSNK2A1	ENSG00000101266	HOXC4
pilot3	CCSBORF6699	1	CCSBORF11579	3AT	2	935G>A	3	NC_000020.11:487464:C:T	CCSBVarC024400	ENSP00000217244.3:p.Arg312Gln	CSNK2A1	ENSG00000101266	HOXC4
pilot3	CCSBORF6699	1	CCSBORF12437	3AT	2	REF	3058	NULL	NULL	NULL	CSNK2A1	ENSG00000101266	JADE2
pilot3	CCSBORF6699	1	CCSBORF12437	3AT	2	1165G>A	3685	NC_000020.11:483971:C:T	CCSBVarC024455	ENSP00000217244.3:p.Ala389Thr	CSNK2A1	ENSG00000101266	JADE2
pilot3	CCSBORF6699	1	CCSBORF12437	3AT	2	1172A>G	1546	NC_000020.11:483964:T:C	CCSBVarC024458	ENSP00000217244.3:p.Gln391Arg	CSNK2A1	ENSG00000101266	JADE2
pilot3	CCSBORF6699	1	CCSBORF12437	3AT	2	139C>G	914	NC_000020.11:505191:G:C	CCSBVarC024315	ENSP00000217244.3:p.Arg47Gly	CSNK2A1	ENSG00000101266	JADE2
pilot3	CCSBORF6699	1	CCSBORF12437	3AT	2	143G>A	213	NC_000020.11:505187:C:T	CCSBVarC024322	ENSP00000217244.3:p.Gly48Asp	CSNK2A1	ENSG00000101266	JADE2
pilot3	CCSBORF6699	1	CCSBORF12437	3AT	2	149A>C	593	NC_000020.11:505181:T:G	CCSBVarC024324	ENSP00000217244.3:p.Tyr50Ser	CSNK2A1	ENSG00000101266	JADE2
pilot3	CCSBORF6699	1	CCSBORF12437	3AT	2	154G>A	42	NC_000020.11:505176:C:T	CCSBVarC024328	ENSP00000217244.3:p.Glu52Lys	CSNK2A1	ENSG00000101266	JADE2
pilot3	CCSBORF6699	1	CCSBORF12437	3AT	2	239G>A	22	NC_000020.11:499908:C:T	CCSBVarC024330	ENSP00000217244.3:p.Arg80His	CSNK2A1	ENSG00000101266	JADE2
pilot3	CCSBORF6699	1	CCSBORF12437	3AT	2	242A>C	27	NC_000020.11:499905:T:G	CCSBVarC024331	ENSP00000217244.3:p.Glu81Ala	CSNK2A1	ENSG00000101266	JADE2
pilot3	CCSBORF6699	1	CCSBORF12437	3AT	2	524A>G	1809	NC_000020.11:492350:T:C	CCSBVarC024355	ENSP00000217244.3:p.Asp175Gly	CSNK2A1	ENSG00000101266	JADE2
pilot3	CCSBORF6699	1	CCSBORF12437	3AT	2	529G>A	380	NC_000020.11:492345:C:T	CCSBVarC024361	ENSP00000217244.3:p.Gly177Ser	CSNK2A1	ENSG00000101266	JADE2
pilot3	CCSBORF6699	1	CCSBORF12437	3AT	2	704G>T	1	NC_000020.11:489798:C:A	CCSBVarC024394	ENSP00000217244.3:p.Gly235Val	CSNK2A1	ENSG00000101266	JADE2
pilot3	CCSBORF6699	1	CCSBORF12437	3AT	2	935G>A	8	NC_000020.11:487464:C:T	CCSBVarC024400	ENSP00000217244.3:p.Arg312Gln	CSNK2A1	ENSG00000101266	JADE2
pilot3	CCSBORF6699	1	CCSBORF244	3AT	2	REF	2269	NULL	NULL	NULL	CSNK2A1	ENSG00000101266	KEAP1
pilot3	CCSBORF6699	1	CCSBORF244	3AT	2	1165G>A	1997	NC_000020.11:483971:C:T	CCSBVarC024455	ENSP00000217244.3:p.Ala389Thr	CSNK2A1	ENSG00000101266	KEAP1
pilot3	CCSBORF6699	1	CCSBORF244	3AT	2	1172A>G	654	NC_000020.11:483964:T:C	CCSBVarC024458	ENSP00000217244.3:p.Gln391Arg	CSNK2A1	ENSG00000101266	KEAP1
pilot3	CCSBORF6699	1	CCSBORF244	3AT	2	139C>G	1777	NC_000020.11:505191:G:C	CCSBVarC024315	ENSP00000217244.3:p.Arg47Gly	CSNK2A1	ENSG00000101266	KEAP1
pilot3	CCSBORF6699	1	CCSBORF244	3AT	2	143G>A	385	NC_000020.11:505187:C:T	CCSBVarC024322	ENSP00000217244.3:p.Gly48Asp	CSNK2A1	ENSG00000101266	KEAP1
pilot3	CCSBORF6699	1	CCSBORF244	3AT	2	149A>C	1497	NC_000020.11:505181:T:G	CCSBVarC024324	ENSP00000217244.3:p.Tyr50Ser	CSNK2A1	ENSG00000101266	KEAP1
pilot3	CCSBORF6699	1	CCSBORF244	3AT	2	154G>A	110	NC_000020.11:505176:C:T	CCSBVarC024328	ENSP00000217244.3:p.Glu52Lys	CSNK2A1	ENSG00000101266	KEAP1
pilot3	CCSBORF6699	1	CCSBORF244	3AT	2	239G>A	27	NC_000020.11:499908:C:T	CCSBVarC024330	ENSP00000217244.3:p.Arg80His	CSNK2A1	ENSG00000101266	KEAP1
pilot3	CCSBORF6699	1	CCSBORF244	3AT	2	242A>C	1	NC_000020.11:499905:T:G	CCSBVarC024331	ENSP00000217244.3:p.Glu81Ala	CSNK2A1	ENSG00000101266	KEAP1
pilot3	CCSBORF6699	1	CCSBORF244	3AT	2	524A>G	2548	NC_000020.11:492350:T:C	CCSBVarC024355	ENSP00000217244.3:p.Asp175Gly	CSNK2A1	ENSG00000101266	KEAP1
pilot3	CCSBORF6699	1	CCSBORF244	3AT	2	529G>A	4	NC_000020.11:492345:C:T	CCSBVarC024361	ENSP00000217244.3:p.Gly177Ser	CSNK2A1	ENSG00000101266	KEAP1
pilot3	CCSBORF6699	1	CCSBORF244	3AT	2	704G>T	5	NC_000020.11:489798:C:A	CCSBVarC024394	ENSP00000217244.3:p.Gly235Val	CSNK2A1	ENSG00000101266	KEAP1
pilot3	CCSBORF6699	1	CCSBORF244	3AT	2	935G>A	23	NC_000020.11:487464:C:T	CCSBVarC024400	ENSP00000217244.3:p.Arg312Gln	CSNK2A1	ENSG00000101266	KEAP1
pilot3	CCSBORF6699	1	CCSBORF52949	3AT	2	REF	917	NULL	NULL	NULL	CSNK2A1	ENSG00000101266	KIF24
pilot3	CCSBORF6699	1	CCSBORF52949	3AT	2	1165G>A	849	NC_000020.11:483971:C:T	CCSBVarC024455	ENSP00000217244.3:p.Ala389Thr	CSNK2A1	ENSG00000101266	KIF24
pilot3	CCSBORF6699	1	CCSBORF52949	3AT	2	1172A>G	237	NC_000020.11:483964:T:C	CCSBVarC024458	ENSP00000217244.3:p.Gln391Arg	CSNK2A1	ENSG00000101266	KIF24
pilot3	CCSBORF6699	1	CCSBORF52949	3AT	2	139C>G	439	NC_000020.11:505191:G:C	CCSBVarC024315	ENSP00000217244.3:p.Arg47Gly	CSNK2A1	ENSG00000101266	KIF24
pilot3	CCSBORF6699	1	CCSBORF52949	3AT	2	143G>A	988	NC_000020.11:505187:C:T	CCSBVarC024322	ENSP00000217244.3:p.Gly48Asp	CSNK2A1	ENSG00000101266	KIF24
pilot3	CCSBORF6699	1	CCSBORF52949	3AT	2	149A>C	305	NC_000020.11:505181:T:G	CCSBVarC024324	ENSP00000217244.3:p.Tyr50Ser	CSNK2A1	ENSG00000101266	KIF24
pilot3	CCSBORF6699	1	CCSBORF52949	3AT	2	154G>A	41	NC_000020.11:505176:C:T	CCSBVarC024328	ENSP00000217244.3:p.Glu52Lys	CSNK2A1	ENSG00000101266	KIF24
pilot3	CCSBORF6699	1	CCSBORF52949	3AT	2	239G>A	175	NC_000020.11:499908:C:T	CCSBVarC024330	ENSP00000217244.3:p.Arg80His	CSNK2A1	ENSG00000101266	KIF24
pilot3	CCSBORF6699	1	CCSBORF52949	3AT	2	242A>C	624	NC_000020.11:499905:T:G	CCSBVarC024331	ENSP00000217244.3:p.Glu81Ala	CSNK2A1	ENSG00000101266	KIF24
pilot3	CCSBORF6699	1	CCSBORF52949	3AT	2	524A>G	8297	NC_000020.11:492350:T:C	CCSBVarC024355	ENSP00000217244.3:p.Asp175Gly	CSNK2A1	ENSG00000101266	KIF24
pilot3	CCSBORF6699	1	CCSBORF52949	3AT	2	529G>A	1146	NC_000020.11:492345:C:T	CCSBVarC024361	ENSP00000217244.3:p.Gly177Ser	CSNK2A1	ENSG00000101266	KIF24
pilot3	CCSBORF6699	1	CCSBORF52949	3AT	2	704G>T	23	NC_000020.11:489798:C:A	CCSBVarC024394	ENSP00000217244.3:p.Gly235Val	CSNK2A1	ENSG00000101266	KIF24
pilot3	CCSBORF6699	1	CCSBORF52949	3AT	2	935G>A	16	NC_000020.11:487464:C:T	CCSBVarC024400	ENSP00000217244.3:p.Arg312Gln	CSNK2A1	ENSG00000101266	KIF24
pilot3	CCSBORF6699	1	CCSBORF100016058	3AT	2	REF	2639	NULL	NULL	NULL	CSNK2A1	ENSG00000101266	LHX3
pilot3	CCSBORF6699	1	CCSBORF100016058	3AT	2	1165G>A	2622	NC_000020.11:483971:C:T	CCSBVarC024455	ENSP00000217244.3:p.Ala389Thr	CSNK2A1	ENSG00000101266	LHX3
pilot3	CCSBORF6699	1	CCSBORF100016058	3AT	2	1172A>G	315	NC_000020.11:483964:T:C	CCSBVarC024458	ENSP00000217244.3:p.Gln391Arg	CSNK2A1	ENSG00000101266	LHX3
pilot3	CCSBORF6699	1	CCSBORF100016058	3AT	2	139C>G	865	NC_000020.11:505191:G:C	CCSBVarC024315	ENSP00000217244.3:p.Arg47Gly	CSNK2A1	ENSG00000101266	LHX3
pilot3	CCSBORF6699	1	CCSBORF100016058	3AT	2	143G>A	1815	NC_000020.11:505187:C:T	CCSBVarC024322	ENSP00000217244.3:p.Gly48Asp	CSNK2A1	ENSG00000101266	LHX3
pilot3	CCSBORF6699	1	CCSBORF100016058	3AT	2	149A>C	429	NC_000020.11:505181:T:G	CCSBVarC024324	ENSP00000217244.3:p.Tyr50Ser	CSNK2A1	ENSG00000101266	LHX3
pilot3	CCSBORF6699	1	CCSBORF100016058	3AT	2	154G>A	1065	NC_000020.11:505176:C:T	CCSBVarC024328	ENSP00000217244.3:p.Glu52Lys	CSNK2A1	ENSG00000101266	LHX3
pilot3	CCSBORF6699	1	CCSBORF100016058	3AT	2	239G>A	263	NC_000020.11:499908:C:T	CCSBVarC024330	ENSP00000217244.3:p.Arg80His	CSNK2A1	ENSG00000101266	LHX3
pilot3	CCSBORF6699	1	CCSBORF100016058	3AT	2	242A>C	1044	NC_000020.11:499905:T:G	CCSBVarC024331	ENSP00000217244.3:p.Glu81Ala	CSNK2A1	ENSG00000101266	LHX3
pilot3	CCSBORF6699	1	CCSBORF100016058	3AT	2	524A>G	3558	NC_000020.11:492350:T:C	CCSBVarC024355	ENSP00000217244.3:p.Asp175Gly	CSNK2A1	ENSG00000101266	LHX3
pilot3	CCSBORF6699	1	CCSBORF100016058	3AT	2	529G>A	923	NC_000020.11:492345:C:T	CCSBVarC024361	ENSP00000217244.3:p.Gly177Ser	CSNK2A1	ENSG00000101266	LHX3
pilot3	CCSBORF6699	1	CCSBORF100016058	3AT	2	704G>T	9	NC_000020.11:489798:C:A	CCSBVarC024394	ENSP00000217244.3:p.Gly235Val	CSNK2A1	ENSG00000101266	LHX3
pilot3	CCSBORF6699	1	CCSBORF100016058	3AT	2	935G>A	35	NC_000020.11:487464:C:T	CCSBVarC024400	ENSP00000217244.3:p.Arg312Gln	CSNK2A1	ENSG00000101266	LHX3
pilot3	CCSBORF6699	1	CCSBORF14087	3AT	2	REF	1190	NULL	NULL	NULL	CSNK2A1	ENSG00000101266	LHX8
pilot3	CCSBORF6699	1	CCSBORF14087	3AT	2	1165G>A	1234	NC_000020.11:483971:C:T	CCSBVarC024455	ENSP00000217244.3:p.Ala389Thr	CSNK2A1	ENSG00000101266	LHX8
pilot3	CCSBORF6699	1	CCSBORF14087	3AT	2	1172A>G	308	NC_000020.11:483964:T:C	CCSBVarC024458	ENSP00000217244.3:p.Gln391Arg	CSNK2A1	ENSG00000101266	LHX8
pilot3	CCSBORF6699	1	CCSBORF14087	3AT	2	139C>G	4040	NC_000020.11:505191:G:C	CCSBVarC024315	ENSP00000217244.3:p.Arg47Gly	CSNK2A1	ENSG00000101266	LHX8
pilot3	CCSBORF6699	1	CCSBORF14087	3AT	2	143G>A	642	NC_000020.11:505187:C:T	CCSBVarC024322	ENSP00000217244.3:p.Gly48Asp	CSNK2A1	ENSG00000101266	LHX8
pilot3	CCSBORF6699	1	CCSBORF14087	3AT	2	149A>C	1976	NC_000020.11:505181:T:G	CCSBVarC024324	ENSP00000217244.3:p.Tyr50Ser	CSNK2A1	ENSG00000101266	LHX8
pilot3	CCSBORF6699	1	CCSBORF14087	3AT	2	154G>A	3657	NC_000020.11:505176:C:T	CCSBVarC024328	ENSP00000217244.3:p.Glu52Lys	CSNK2A1	ENSG00000101266	LHX8
pilot3	CCSBORF6699	1	CCSBORF14087	3AT	2	239G>A	751	NC_000020.11:499908:C:T	CCSBVarC024330	ENSP00000217244.3:p.Arg80His	CSNK2A1	ENSG00000101266	LHX8
pilot3	CCSBORF6699	1	CCSBORF14087	3AT	2	242A>C	176	NC_000020.11:499905:T:G	CCSBVarC024331	ENSP00000217244.3:p.Glu81Ala	CSNK2A1	ENSG00000101266	LHX8
pilot3	CCSBORF6699	1	CCSBORF14087	3AT	2	524A>G	2119	NC_000020.11:492350:T:C	CCSBVarC024355	ENSP00000217244.3:p.Asp175Gly	CSNK2A1	ENSG00000101266	LHX8
pilot3	CCSBORF6699	1	CCSBORF14087	3AT	2	529G>A	124	NC_000020.11:492345:C:T	CCSBVarC024361	ENSP00000217244.3:p.Gly177Ser	CSNK2A1	ENSG00000101266	LHX8
pilot3	CCSBORF6699	1	CCSBORF14087	3AT	2	704G>T	1	NC_000020.11:489798:C:A	CCSBVarC024394	ENSP00000217244.3:p.Gly235Val	CSNK2A1	ENSG00000101266	LHX8
pilot3	CCSBORF6699	1	CCSBORF14087	3AT	2	935G>A	18	NC_000020.11:487464:C:T	CCSBVarC024400	ENSP00000217244.3:p.Arg312Gln	CSNK2A1	ENSG00000101266	LHX8
pilot3	CCSBORF6699	1	CCSBORF56631	3AT	2	REF	1778	NULL	NULL	NULL	CSNK2A1	ENSG00000101266	LHX9
pilot3	CCSBORF6699	1	CCSBORF56631	3AT	2	1165G>A	1416	NC_000020.11:483971:C:T	CCSBVarC024455	ENSP00000217244.3:p.Ala389Thr	CSNK2A1	ENSG00000101266	LHX9
pilot3	CCSBORF6699	1	CCSBORF56631	3AT	2	1172A>G	1354	NC_000020.11:483964:T:C	CCSBVarC024458	ENSP00000217244.3:p.Gln391Arg	CSNK2A1	ENSG00000101266	LHX9
pilot3	CCSBORF6699	1	CCSBORF56631	3AT	2	139C>G	2889	NC_000020.11:505191:G:C	CCSBVarC024315	ENSP00000217244.3:p.Arg47Gly	CSNK2A1	ENSG00000101266	LHX9
pilot3	CCSBORF6699	1	CCSBORF56631	3AT	2	143G>A	647	NC_000020.11:505187:C:T	CCSBVarC024322	ENSP00000217244.3:p.Gly48Asp	CSNK2A1	ENSG00000101266	LHX9
pilot3	CCSBORF6699	1	CCSBORF56631	3AT	2	149A>C	2441	NC_000020.11:505181:T:G	CCSBVarC024324	ENSP00000217244.3:p.Tyr50Ser	CSNK2A1	ENSG00000101266	LHX9
pilot3	CCSBORF6699	1	CCSBORF56631	3AT	2	154G>A	1874	NC_000020.11:505176:C:T	CCSBVarC024328	ENSP00000217244.3:p.Glu52Lys	CSNK2A1	ENSG00000101266	LHX9
pilot3	CCSBORF6699	1	CCSBORF56631	3AT	2	239G>A	718	NC_000020.11:499908:C:T	CCSBVarC024330	ENSP00000217244.3:p.Arg80His	CSNK2A1	ENSG00000101266	LHX9
pilot3	CCSBORF6699	1	CCSBORF56631	3AT	2	242A>C	207	NC_000020.11:499905:T:G	CCSBVarC024331	ENSP00000217244.3:p.Glu81Ala	CSNK2A1	ENSG00000101266	LHX9
pilot3	CCSBORF6699	1	CCSBORF56631	3AT	2	524A>G	947	NC_000020.11:492350:T:C	CCSBVarC024355	ENSP00000217244.3:p.Asp175Gly	CSNK2A1	ENSG00000101266	LHX9
pilot3	CCSBORF6699	1	CCSBORF56631	3AT	2	529G>A	186	NC_000020.11:492345:C:T	CCSBVarC024361	ENSP00000217244.3:p.Gly177Ser	CSNK2A1	ENSG00000101266	LHX9
pilot3	CCSBORF6699	1	CCSBORF56631	3AT	2	704G>T	5	NC_000020.11:489798:C:A	CCSBVarC024394	ENSP00000217244.3:p.Gly235Val	CSNK2A1	ENSG00000101266	LHX9
pilot3	CCSBORF6699	1	CCSBORF56631	3AT	2	935G>A	67	NC_000020.11:487464:C:T	CCSBVarC024400	ENSP00000217244.3:p.Arg312Gln	CSNK2A1	ENSG00000101266	LHX9
pilot3	CCSBORF7201	2	CCSBORF53886	3AT	2	REF	835	NULL	NULL	NULL	RAD51D	ENSG00000185379	TLE5
pilot3	CCSBORF7201	2	CCSBORF53886	3AT	2	493C>T	4	NC_000017.11:35106468:G:A	CCSBVarC024828	ENSP00000338790.6:p.Arg165Trp	RAD51D	ENSG00000185379	TLE5
pilot3	CCSBORF7201	2	CCSBORF53886	3AT	2	494G>A	324	NC_000017.11:35106467:C:T	CCSBVarC002917	ENSP00000338790.6:p.Arg165Gln	RAD51D	ENSG00000185379	TLE5
pilot3	CCSBORF7201	2	CCSBORF53886	3AT	2	691G>T	694	NC_000017.11:35103300:C:A	CCSBVarC024850	ENSP00000338790.6:p.Ala231Ser	RAD51D	ENSG00000185379	TLE5
pilot3	CCSBORF7201	2	CCSBORF53886	3AT	2	698A>G	2	NC_000017.11:35103293:T:C	CCSBVarC001140	ENSP00000338790.6:p.Glu233Gly	RAD51D	ENSG00000185379	TLE5
pilot3	CCSBORF7201	2	CCSBORF53886	3AT	2	751A>G	1882	NC_000017.11:35101352:T:C	CCSBVarC024857	ENSP00000338790.6:p.Ile251Val	RAD51D	ENSG00000185379	TLE5
pilot3	CCSBORF7201	2	CCSBORF53886	3AT	2	865G>A	1626	NC_000017.11:35101238:C:T	CCSBVarC024877	ENSP00000338790.6:p.Gly289Ser	RAD51D	ENSG00000185379	TLE5
pilot3	CCSBORF7201	2	CCSBORF53886	3AT	2	869G>A	1237	NC_000017.11:35101234:C:T	CCSBVarC024880	ENSP00000338790.6:p.Arg290Gln	RAD51D	ENSG00000185379	TLE5
pilot3	CCSBORF7201	2	CCSBORF53886	3AT	2	915C>G	5220	NC_000017.11:35101024:G:C	CCSBVarC024886	ENSP00000338790.6:p.Phe305Leu	RAD51D	ENSG00000185379	TLE5
pilot3	CCSBORF7201	2	CCSBORF53886	3AT	2	919G>A	208	NC_000017.11:35101020:C:T	CCSBVarC024889	ENSP00000338790.6:p.Glu307Lys	RAD51D	ENSG00000185379	TLE5
pilot3	CCSBORF7201	2	CCSBORF53886	3AT	2	922A>G	1123	NC_000017.11:35101017:T:C	CCSBVarC024892	ENSP00000338790.6:p.Met308Val	RAD51D	ENSG00000185379	TLE5
pilot3	CCSBORF7201	2	CCSBORF53886	3AT	2	983C>T	319	NC_000017.11:35100956:G:A	CCSBVarC024896	ENSP00000338790.6:p.Thr328Ile	RAD51D	ENSG00000185379	TLE5
pilot3	CCSBORF7201	2	CCSBORF2910	3AT	2	REF	559	NULL	NULL	NULL	RAD51D	ENSG00000185379	AMOTL2
pilot3	CCSBORF7201	2	CCSBORF2910	3AT	2	493C>T	29	NC_000017.11:35106468:G:A	CCSBVarC024828	ENSP00000338790.6:p.Arg165Trp	RAD51D	ENSG00000185379	AMOTL2
pilot3	CCSBORF7201	2	CCSBORF2910	3AT	2	494G>A	534	NC_000017.11:35106467:C:T	CCSBVarC002917	ENSP00000338790.6:p.Arg165Gln	RAD51D	ENSG00000185379	AMOTL2
pilot3	CCSBORF7201	2	CCSBORF2910	3AT	2	691G>T	1341	NC_000017.11:35103300:C:A	CCSBVarC024850	ENSP00000338790.6:p.Ala231Ser	RAD51D	ENSG00000185379	AMOTL2
pilot3	CCSBORF7201	2	CCSBORF2910	3AT	2	698A>G	26	NC_000017.11:35103293:T:C	CCSBVarC001140	ENSP00000338790.6:p.Glu233Gly	RAD51D	ENSG00000185379	AMOTL2
pilot3	CCSBORF7201	2	CCSBORF2910	3AT	2	751A>G	1496	NC_000017.11:35101352:T:C	CCSBVarC024857	ENSP00000338790.6:p.Ile251Val	RAD51D	ENSG00000185379	AMOTL2
pilot3	CCSBORF7201	2	CCSBORF2910	3AT	2	865G>A	3186	NC_000017.11:35101238:C:T	CCSBVarC024877	ENSP00000338790.6:p.Gly289Ser	RAD51D	ENSG00000185379	AMOTL2
pilot3	CCSBORF7201	2	CCSBORF2910	3AT	2	869G>A	2103	NC_000017.11:35101234:C:T	CCSBVarC024880	ENSP00000338790.6:p.Arg290Gln	RAD51D	ENSG00000185379	AMOTL2
pilot3	CCSBORF7201	2	CCSBORF2910	3AT	2	915C>G	3078	NC_000017.11:35101024:G:C	CCSBVarC024886	ENSP00000338790.6:p.Phe305Leu	RAD51D	ENSG00000185379	AMOTL2
pilot3	CCSBORF7201	2	CCSBORF2910	3AT	2	919G>A	583	NC_000017.11:35101020:C:T	CCSBVarC024889	ENSP00000338790.6:p.Glu307Lys	RAD51D	ENSG00000185379	AMOTL2
pilot3	CCSBORF7201	2	CCSBORF2910	3AT	2	922A>G	1995	NC_000017.11:35101017:T:C	CCSBVarC024892	ENSP00000338790.6:p.Met308Val	RAD51D	ENSG00000185379	AMOTL2
pilot3	CCSBORF7201	2	CCSBORF2910	3AT	2	983C>T	1175	NC_000017.11:35100956:G:A	CCSBVarC024896	ENSP00000338790.6:p.Thr328Ile	RAD51D	ENSG00000185379	AMOTL2
pilot3	CCSBORF7201	2	CCSBORF2265	3AT	2	REF	566	NULL	NULL	NULL	RAD51D	ENSG00000185379	IHO1
pilot3	CCSBORF7201	2	CCSBORF2265	3AT	2	493C>T	1	NC_000017.11:35106468:G:A	CCSBVarC024828	ENSP00000338790.6:p.Arg165Trp	RAD51D	ENSG00000185379	IHO1
pilot3	CCSBORF7201	2	CCSBORF2265	3AT	2	494G>A	72	NC_000017.11:35106467:C:T	CCSBVarC002917	ENSP00000338790.6:p.Arg165Gln	RAD51D	ENSG00000185379	IHO1
pilot3	CCSBORF7201	2	CCSBORF2265	3AT	2	691G>T	482	NC_000017.11:35103300:C:A	CCSBVarC024850	ENSP00000338790.6:p.Ala231Ser	RAD51D	ENSG00000185379	IHO1
pilot3	CCSBORF7201	2	CCSBORF2265	3AT	2	698A>G	5	NC_000017.11:35103293:T:C	CCSBVarC001140	ENSP00000338790.6:p.Glu233Gly	RAD51D	ENSG00000185379	IHO1
pilot3	CCSBORF7201	2	CCSBORF2265	3AT	2	751A>G	1936	NC_000017.11:35101352:T:C	CCSBVarC024857	ENSP00000338790.6:p.Ile251Val	RAD51D	ENSG00000185379	IHO1
pilot3	CCSBORF7201	2	CCSBORF2265	3AT	2	865G>A	1401	NC_000017.11:35101238:C:T	CCSBVarC024877	ENSP00000338790.6:p.Gly289Ser	RAD51D	ENSG00000185379	IHO1
pilot3	CCSBORF7201	2	CCSBORF2265	3AT	2	869G>A	1354	NC_000017.11:35101234:C:T	CCSBVarC024880	ENSP00000338790.6:p.Arg290Gln	RAD51D	ENSG00000185379	IHO1
pilot3	CCSBORF7201	2	CCSBORF2265	3AT	2	915C>G	12181	NC_000017.11:35101024:G:C	CCSBVarC024886	ENSP00000338790.6:p.Phe305Leu	RAD51D	ENSG00000185379	IHO1
pilot3	CCSBORF7201	2	CCSBORF2265	3AT	2	919G>A	12	NC_000017.11:35101020:C:T	CCSBVarC024889	ENSP00000338790.6:p.Glu307Lys	RAD51D	ENSG00000185379	IHO1
pilot3	CCSBORF7201	2	CCSBORF2265	3AT	2	922A>G	704	NC_000017.11:35101017:T:C	CCSBVarC024892	ENSP00000338790.6:p.Met308Val	RAD51D	ENSG00000185379	IHO1
pilot3	CCSBORF7201	2	CCSBORF2265	3AT	2	983C>T	104	NC_000017.11:35100956:G:A	CCSBVarC024896	ENSP00000338790.6:p.Thr328Ile	RAD51D	ENSG00000185379	IHO1
pilot3	CCSBORF7201	2	CCSBORF100067498	3AT	2	REF	906	NULL	NULL	NULL	RAD51D	ENSG00000185379	GEMIN4
pilot3	CCSBORF7201	2	CCSBORF100067498	3AT	2	493C>T	9	NC_000017.11:35106468:G:A	CCSBVarC024828	ENSP00000338790.6:p.Arg165Trp	RAD51D	ENSG00000185379	GEMIN4
pilot3	CCSBORF7201	2	CCSBORF100067498	3AT	2	494G>A	152	NC_000017.11:35106467:C:T	CCSBVarC002917	ENSP00000338790.6:p.Arg165Gln	RAD51D	ENSG00000185379	GEMIN4
pilot3	CCSBORF7201	2	CCSBORF100067498	3AT	2	691G>T	1339	NC_000017.11:35103300:C:A	CCSBVarC024850	ENSP00000338790.6:p.Ala231Ser	RAD51D	ENSG00000185379	GEMIN4
pilot3	CCSBORF7201	2	CCSBORF100067498	3AT	2	698A>G	13	NC_000017.11:35103293:T:C	CCSBVarC001140	ENSP00000338790.6:p.Glu233Gly	RAD51D	ENSG00000185379	GEMIN4
pilot3	CCSBORF7201	2	CCSBORF100067498	3AT	2	751A>G	1984	NC_000017.11:35101352:T:C	CCSBVarC024857	ENSP00000338790.6:p.Ile251Val	RAD51D	ENSG00000185379	GEMIN4
pilot3	CCSBORF7201	2	CCSBORF100067498	3AT	2	865G>A	2774	NC_000017.11:35101238:C:T	CCSBVarC024877	ENSP00000338790.6:p.Gly289Ser	RAD51D	ENSG00000185379	GEMIN4
pilot3	CCSBORF7201	2	CCSBORF100067498	3AT	2	869G>A	1374	NC_000017.11:35101234:C:T	CCSBVarC024880	ENSP00000338790.6:p.Arg290Gln	RAD51D	ENSG00000185379	GEMIN4
pilot3	CCSBORF7201	2	CCSBORF100067498	3AT	2	915C>G	5063	NC_000017.11:35101024:G:C	CCSBVarC024886	ENSP00000338790.6:p.Phe305Leu	RAD51D	ENSG00000185379	GEMIN4
pilot3	CCSBORF7201	2	CCSBORF100067498	3AT	2	919G>A	680	NC_000017.11:35101020:C:T	CCSBVarC024889	ENSP00000338790.6:p.Glu307Lys	RAD51D	ENSG00000185379	GEMIN4
pilot3	CCSBORF7201	2	CCSBORF100067498	3AT	2	922A>G	1319	NC_000017.11:35101017:T:C	CCSBVarC024892	ENSP00000338790.6:p.Met308Val	RAD51D	ENSG00000185379	GEMIN4
pilot3	CCSBORF7201	2	CCSBORF100067498	3AT	2	983C>T	291	NC_000017.11:35100956:G:A	CCSBVarC024896	ENSP00000338790.6:p.Thr328Ile	RAD51D	ENSG00000185379	GEMIN4
pilot3	CCSBORF7201	2	CCSBORF100070143	3AT	2	REF	106	NULL	NULL	NULL	RAD51D	ENSG00000185379	HSF2BP
pilot3	CCSBORF7201	2	CCSBORF100070143	3AT	2	493C>T	2	NC_000017.11:35106468:G:A	CCSBVarC024828	ENSP00000338790.6:p.Arg165Trp	RAD51D	ENSG00000185379	HSF2BP
pilot3	CCSBORF7201	2	CCSBORF100070143	3AT	2	494G>A	4	NC_000017.11:35106467:C:T	CCSBVarC002917	ENSP00000338790.6:p.Arg165Gln	RAD51D	ENSG00000185379	HSF2BP
pilot3	CCSBORF7201	2	CCSBORF100070143	3AT	2	691G>T	23	NC_000017.11:35103300:C:A	CCSBVarC024850	ENSP00000338790.6:p.Ala231Ser	RAD51D	ENSG00000185379	HSF2BP
pilot3	CCSBORF7201	2	CCSBORF100070143	3AT	2	698A>G	3	NC_000017.11:35103293:T:C	CCSBVarC001140	ENSP00000338790.6:p.Glu233Gly	RAD51D	ENSG00000185379	HSF2BP
pilot3	CCSBORF7201	2	CCSBORF100070143	3AT	2	751A>G	201	NC_000017.11:35101352:T:C	CCSBVarC024857	ENSP00000338790.6:p.Ile251Val	RAD51D	ENSG00000185379	HSF2BP
pilot3	CCSBORF7201	2	CCSBORF100070143	3AT	2	865G>A	238	NC_000017.11:35101238:C:T	CCSBVarC024877	ENSP00000338790.6:p.Gly289Ser	RAD51D	ENSG00000185379	HSF2BP
pilot3	CCSBORF7201	2	CCSBORF100070143	3AT	2	869G>A	68	NC_000017.11:35101234:C:T	CCSBVarC024880	ENSP00000338790.6:p.Arg290Gln	RAD51D	ENSG00000185379	HSF2BP
pilot3	CCSBORF7201	2	CCSBORF100070143	3AT	2	915C>G	4032	NC_000017.11:35101024:G:C	CCSBVarC024886	ENSP00000338790.6:p.Phe305Leu	RAD51D	ENSG00000185379	HSF2BP
pilot3	CCSBORF7201	2	CCSBORF100070143	3AT	2	919G>A	5	NC_000017.11:35101020:C:T	CCSBVarC024889	ENSP00000338790.6:p.Glu307Lys	RAD51D	ENSG00000185379	HSF2BP
pilot3	CCSBORF7201	2	CCSBORF100070143	3AT	2	922A>G	206	NC_000017.11:35101017:T:C	CCSBVarC024892	ENSP00000338790.6:p.Met308Val	RAD51D	ENSG00000185379	HSF2BP
pilot3	CCSBORF7201	2	CCSBORF100070143	3AT	2	983C>T	16	NC_000017.11:35100956:G:A	CCSBVarC024896	ENSP00000338790.6:p.Thr328Ile	RAD51D	ENSG00000185379	HSF2BP
pilot3	CCSBORF7201	2	CCSBORF10016	3AT	2	REF	345	NULL	NULL	NULL	RAD51D	ENSG00000185379	IKZF3
pilot3	CCSBORF7201	2	CCSBORF10016	3AT	2	493C>T	7	NC_000017.11:35106468:G:A	CCSBVarC024828	ENSP00000338790.6:p.Arg165Trp	RAD51D	ENSG00000185379	IKZF3
pilot3	CCSBORF7201	2	CCSBORF10016	3AT	2	494G>A	75	NC_000017.11:35106467:C:T	CCSBVarC002917	ENSP00000338790.6:p.Arg165Gln	RAD51D	ENSG00000185379	IKZF3
pilot3	CCSBORF7201	2	CCSBORF10016	3AT	2	691G>T	248	NC_000017.11:35103300:C:A	CCSBVarC024850	ENSP00000338790.6:p.Ala231Ser	RAD51D	ENSG00000185379	IKZF3
pilot3	CCSBORF7201	2	CCSBORF10016	3AT	2	698A>G	2	NC_000017.11:35103293:T:C	CCSBVarC001140	ENSP00000338790.6:p.Glu233Gly	RAD51D	ENSG00000185379	IKZF3
pilot3	CCSBORF7201	2	CCSBORF10016	3AT	2	751A>G	823	NC_000017.11:35101352:T:C	CCSBVarC024857	ENSP00000338790.6:p.Ile251Val	RAD51D	ENSG00000185379	IKZF3
pilot3	CCSBORF7201	2	CCSBORF10016	3AT	2	865G>A	775	NC_000017.11:35101238:C:T	CCSBVarC024877	ENSP00000338790.6:p.Gly289Ser	RAD51D	ENSG00000185379	IKZF3
pilot3	CCSBORF7201	2	CCSBORF10016	3AT	2	869G>A	588	NC_000017.11:35101234:C:T	CCSBVarC024880	ENSP00000338790.6:p.Arg290Gln	RAD51D	ENSG00000185379	IKZF3
pilot3	CCSBORF7201	2	CCSBORF10016	3AT	2	915C>G	3449	NC_000017.11:35101024:G:C	CCSBVarC024886	ENSP00000338790.6:p.Phe305Leu	RAD51D	ENSG00000185379	IKZF3
pilot3	CCSBORF7201	2	CCSBORF10016	3AT	2	919G>A	43	NC_000017.11:35101020:C:T	CCSBVarC024889	ENSP00000338790.6:p.Glu307Lys	RAD51D	ENSG00000185379	IKZF3
pilot3	CCSBORF7201	2	CCSBORF10016	3AT	2	922A>G	549	NC_000017.11:35101017:T:C	CCSBVarC024892	ENSP00000338790.6:p.Met308Val	RAD51D	ENSG00000185379	IKZF3
pilot3	CCSBORF7201	2	CCSBORF10016	3AT	2	983C>T	128	NC_000017.11:35100956:G:A	CCSBVarC024896	ENSP00000338790.6:p.Thr328Ile	RAD51D	ENSG00000185379	IKZF3
pilot3	CCSBORF7201	2	CCSBORF11229	3AT	2	REF	550	NULL	NULL	NULL	RAD51D	ENSG00000185379	KIFC3
pilot3	CCSBORF7201	2	CCSBORF11229	3AT	2	493C>T	15	NC_000017.11:35106468:G:A	CCSBVarC024828	ENSP00000338790.6:p.Arg165Trp	RAD51D	ENSG00000185379	KIFC3
pilot3	CCSBORF7201	2	CCSBORF11229	3AT	2	494G>A	404	NC_000017.11:35106467:C:T	CCSBVarC002917	ENSP00000338790.6:p.Arg165Gln	RAD51D	ENSG00000185379	KIFC3
pilot3	CCSBORF7201	2	CCSBORF11229	3AT	2	691G>T	956	NC_000017.11:35103300:C:A	CCSBVarC024850	ENSP00000338790.6:p.Ala231Ser	RAD51D	ENSG00000185379	KIFC3
pilot3	CCSBORF7201	2	CCSBORF11229	3AT	2	698A>G	39	NC_000017.11:35103293:T:C	CCSBVarC001140	ENSP00000338790.6:p.Glu233Gly	RAD51D	ENSG00000185379	KIFC3
pilot3	CCSBORF7201	2	CCSBORF11229	3AT	2	751A>G	2183	NC_000017.11:35101352:T:C	CCSBVarC024857	ENSP00000338790.6:p.Ile251Val	RAD51D	ENSG00000185379	KIFC3
pilot3	CCSBORF7201	2	CCSBORF11229	3AT	2	865G>A	1710	NC_000017.11:35101238:C:T	CCSBVarC024877	ENSP00000338790.6:p.Gly289Ser	RAD51D	ENSG00000185379	KIFC3
pilot3	CCSBORF7201	2	CCSBORF11229	3AT	2	869G>A	1520	NC_000017.11:35101234:C:T	CCSBVarC024880	ENSP00000338790.6:p.Arg290Gln	RAD51D	ENSG00000185379	KIFC3
pilot3	CCSBORF7201	2	CCSBORF11229	3AT	2	915C>G	4859	NC_000017.11:35101024:G:C	CCSBVarC024886	ENSP00000338790.6:p.Phe305Leu	RAD51D	ENSG00000185379	KIFC3
pilot3	CCSBORF7201	2	CCSBORF11229	3AT	2	919G>A	396	NC_000017.11:35101020:C:T	CCSBVarC024889	ENSP00000338790.6:p.Glu307Lys	RAD51D	ENSG00000185379	KIFC3
pilot3	CCSBORF7201	2	CCSBORF11229	3AT	2	922A>G	1567	NC_000017.11:35101017:T:C	CCSBVarC024892	ENSP00000338790.6:p.Met308Val	RAD51D	ENSG00000185379	KIFC3
pilot3	CCSBORF7201	2	CCSBORF11229	3AT	2	983C>T	875	NC_000017.11:35100956:G:A	CCSBVarC024896	ENSP00000338790.6:p.Thr328Ile	RAD51D	ENSG00000185379	KIFC3
pilot3	CCSBORF7201	2	CCSBORF4569	3AT	2	REF	685	NULL	NULL	NULL	RAD51D	ENSG00000185379	LZTS2
pilot3	CCSBORF7201	2	CCSBORF4569	3AT	2	493C>T	5	NC_000017.11:35106468:G:A	CCSBVarC024828	ENSP00000338790.6:p.Arg165Trp	RAD51D	ENSG00000185379	LZTS2
pilot3	CCSBORF7201	2	CCSBORF4569	3AT	2	494G>A	108	NC_000017.11:35106467:C:T	CCSBVarC002917	ENSP00000338790.6:p.Arg165Gln	RAD51D	ENSG00000185379	LZTS2
pilot3	CCSBORF7201	2	CCSBORF4569	3AT	2	691G>T	1394	NC_000017.11:35103300:C:A	CCSBVarC024850	ENSP00000338790.6:p.Ala231Ser	RAD51D	ENSG00000185379	LZTS2
pilot3	CCSBORF7201	2	CCSBORF4569	3AT	2	698A>G	0	NC_000017.11:35103293:T:C	CCSBVarC001140	ENSP00000338790.6:p.Glu233Gly	RAD51D	ENSG00000185379	LZTS2
pilot3	CCSBORF7201	2	CCSBORF4569	3AT	2	751A>G	2159	NC_000017.11:35101352:T:C	CCSBVarC024857	ENSP00000338790.6:p.Ile251Val	RAD51D	ENSG00000185379	LZTS2
pilot3	CCSBORF7201	2	CCSBORF4569	3AT	2	865G>A	1489	NC_000017.11:35101238:C:T	CCSBVarC024877	ENSP00000338790.6:p.Gly289Ser	RAD51D	ENSG00000185379	LZTS2
pilot3	CCSBORF7201	2	CCSBORF4569	3AT	2	869G>A	396	NC_000017.11:35101234:C:T	CCSBVarC024880	ENSP00000338790.6:p.Arg290Gln	RAD51D	ENSG00000185379	LZTS2
pilot3	CCSBORF7201	2	CCSBORF4569	3AT	2	915C>G	6306	NC_000017.11:35101024:G:C	CCSBVarC024886	ENSP00000338790.6:p.Phe305Leu	RAD51D	ENSG00000185379	LZTS2
pilot3	CCSBORF7201	2	CCSBORF4569	3AT	2	919G>A	45	NC_000017.11:35101020:C:T	CCSBVarC024889	ENSP00000338790.6:p.Glu307Lys	RAD51D	ENSG00000185379	LZTS2
pilot3	CCSBORF7201	2	CCSBORF4569	3AT	2	922A>G	812	NC_000017.11:35101017:T:C	CCSBVarC024892	ENSP00000338790.6:p.Met308Val	RAD51D	ENSG00000185379	LZTS2
pilot3	CCSBORF7201	2	CCSBORF4569	3AT	2	983C>T	97	NC_000017.11:35100956:G:A	CCSBVarC024896	ENSP00000338790.6:p.Thr328Ile	RAD51D	ENSG00000185379	LZTS2
pilot3	CCSBORF7201	2	CCSBORF72146	3AT	2	REF	417	NULL	NULL	NULL	RAD51D	ENSG00000185379	MAPK8IP3
pilot3	CCSBORF7201	2	CCSBORF72146	3AT	2	493C>T	11	NC_000017.11:35106468:G:A	CCSBVarC024828	ENSP00000338790.6:p.Arg165Trp	RAD51D	ENSG00000185379	MAPK8IP3
pilot3	CCSBORF7201	2	CCSBORF72146	3AT	2	494G>A	61	NC_000017.11:35106467:C:T	CCSBVarC002917	ENSP00000338790.6:p.Arg165Gln	RAD51D	ENSG00000185379	MAPK8IP3
pilot3	CCSBORF7201	2	CCSBORF72146	3AT	2	691G>T	384	NC_000017.11:35103300:C:A	CCSBVarC024850	ENSP00000338790.6:p.Ala231Ser	RAD51D	ENSG00000185379	MAPK8IP3
pilot3	CCSBORF7201	2	CCSBORF72146	3AT	2	698A>G	10	NC_000017.11:35103293:T:C	CCSBVarC001140	ENSP00000338790.6:p.Glu233Gly	RAD51D	ENSG00000185379	MAPK8IP3
pilot3	CCSBORF7201	2	CCSBORF72146	3AT	2	751A>G	1177	NC_000017.11:35101352:T:C	CCSBVarC024857	ENSP00000338790.6:p.Ile251Val	RAD51D	ENSG00000185379	MAPK8IP3
pilot3	CCSBORF7201	2	CCSBORF72146	3AT	2	865G>A	1310	NC_000017.11:35101238:C:T	CCSBVarC024877	ENSP00000338790.6:p.Gly289Ser	RAD51D	ENSG00000185379	MAPK8IP3
pilot3	CCSBORF7201	2	CCSBORF72146	3AT	2	869G>A	759	NC_000017.11:35101234:C:T	CCSBVarC024880	ENSP00000338790.6:p.Arg290Gln	RAD51D	ENSG00000185379	MAPK8IP3
pilot3	CCSBORF7201	2	CCSBORF72146	3AT	2	915C>G	3735	NC_000017.11:35101024:G:C	CCSBVarC024886	ENSP00000338790.6:p.Phe305Leu	RAD51D	ENSG00000185379	MAPK8IP3
pilot3	CCSBORF7201	2	CCSBORF72146	3AT	2	919G>A	204	NC_000017.11:35101020:C:T	CCSBVarC024889	ENSP00000338790.6:p.Glu307Lys	RAD51D	ENSG00000185379	MAPK8IP3
pilot3	CCSBORF7201	2	CCSBORF72146	3AT	2	922A>G	962	NC_000017.11:35101017:T:C	CCSBVarC024892	ENSP00000338790.6:p.Met308Val	RAD51D	ENSG00000185379	MAPK8IP3
pilot3	CCSBORF7201	2	CCSBORF72146	3AT	2	983C>T	177	NC_000017.11:35100956:G:A	CCSBVarC024896	ENSP00000338790.6:p.Thr328Ile	RAD51D	ENSG00000185379	MAPK8IP3
pilot3	CCSBORF7201	2	CCSBORF824	3AT	2	REF	31	NULL	NULL	NULL	RAD51D	ENSG00000185379	MEOX2
pilot3	CCSBORF7201	2	CCSBORF824	3AT	2	493C>T	0	NC_000017.11:35106468:G:A	CCSBVarC024828	ENSP00000338790.6:p.Arg165Trp	RAD51D	ENSG00000185379	MEOX2
pilot3	CCSBORF7201	2	CCSBORF824	3AT	2	494G>A	44	NC_000017.11:35106467:C:T	CCSBVarC002917	ENSP00000338790.6:p.Arg165Gln	RAD51D	ENSG00000185379	MEOX2
pilot3	CCSBORF7201	2	CCSBORF824	3AT	2	691G>T	30	NC_000017.11:35103300:C:A	CCSBVarC024850	ENSP00000338790.6:p.Ala231Ser	RAD51D	ENSG00000185379	MEOX2
pilot3	CCSBORF7201	2	CCSBORF824	3AT	2	698A>G	0	NC_000017.11:35103293:T:C	CCSBVarC001140	ENSP00000338790.6:p.Glu233Gly	RAD51D	ENSG00000185379	MEOX2
pilot3	CCSBORF7201	2	CCSBORF824	3AT	2	751A>G	184	NC_000017.11:35101352:T:C	CCSBVarC024857	ENSP00000338790.6:p.Ile251Val	RAD51D	ENSG00000185379	MEOX2
pilot3	CCSBORF7201	2	CCSBORF824	3AT	2	865G>A	258	NC_000017.11:35101238:C:T	CCSBVarC024877	ENSP00000338790.6:p.Gly289Ser	RAD51D	ENSG00000185379	MEOX2
pilot3	CCSBORF7201	2	CCSBORF824	3AT	2	869G>A	54	NC_000017.11:35101234:C:T	CCSBVarC024880	ENSP00000338790.6:p.Arg290Gln	RAD51D	ENSG00000185379	MEOX2
pilot3	CCSBORF7201	2	CCSBORF824	3AT	2	915C>G	4695	NC_000017.11:35101024:G:C	CCSBVarC024886	ENSP00000338790.6:p.Phe305Leu	RAD51D	ENSG00000185379	MEOX2
pilot3	CCSBORF7201	2	CCSBORF824	3AT	2	919G>A	0	NC_000017.11:35101020:C:T	CCSBVarC024889	ENSP00000338790.6:p.Glu307Lys	RAD51D	ENSG00000185379	MEOX2
pilot3	CCSBORF7201	2	CCSBORF824	3AT	2	922A>G	120	NC_000017.11:35101017:T:C	CCSBVarC024892	ENSP00000338790.6:p.Met308Val	RAD51D	ENSG00000185379	MEOX2
pilot3	CCSBORF7201	2	CCSBORF824	3AT	2	983C>T	48	NC_000017.11:35100956:G:A	CCSBVarC024896	ENSP00000338790.6:p.Thr328Ile	RAD51D	ENSG00000185379	MEOX2
pilot3	CCSBORF7201	2	CCSBORF100000407	3AT	2	REF	610	NULL	NULL	NULL	RAD51D	ENSG00000185379	PICK1
pilot3	CCSBORF7201	2	CCSBORF100000407	3AT	2	493C>T	6	NC_000017.11:35106468:G:A	CCSBVarC024828	ENSP00000338790.6:p.Arg165Trp	RAD51D	ENSG00000185379	PICK1
pilot3	CCSBORF7201	2	CCSBORF100000407	3AT	2	494G>A	140	NC_000017.11:35106467:C:T	CCSBVarC002917	ENSP00000338790.6:p.Arg165Gln	RAD51D	ENSG00000185379	PICK1
pilot3	CCSBORF7201	2	CCSBORF100000407	3AT	2	691G>T	524	NC_000017.11:35103300:C:A	CCSBVarC024850	ENSP00000338790.6:p.Ala231Ser	RAD51D	ENSG00000185379	PICK1
pilot3	CCSBORF7201	2	CCSBORF100000407	3AT	2	698A>G	39	NC_000017.11:35103293:T:C	CCSBVarC001140	ENSP00000338790.6:p.Glu233Gly	RAD51D	ENSG00000185379	PICK1
pilot3	CCSBORF7201	2	CCSBORF100000407	3AT	2	751A>G	1348	NC_000017.11:35101352:T:C	CCSBVarC024857	ENSP00000338790.6:p.Ile251Val	RAD51D	ENSG00000185379	PICK1
pilot3	CCSBORF7201	2	CCSBORF100000407	3AT	2	865G>A	1966	NC_000017.11:35101238:C:T	CCSBVarC024877	ENSP00000338790.6:p.Gly289Ser	RAD51D	ENSG00000185379	PICK1
pilot3	CCSBORF7201	2	CCSBORF100000407	3AT	2	869G>A	1022	NC_000017.11:35101234:C:T	CCSBVarC024880	ENSP00000338790.6:p.Arg290Gln	RAD51D	ENSG00000185379	PICK1
pilot3	CCSBORF7201	2	CCSBORF100000407	3AT	2	915C>G	3319	NC_000017.11:35101024:G:C	CCSBVarC024886	ENSP00000338790.6:p.Phe305Leu	RAD51D	ENSG00000185379	PICK1
pilot3	CCSBORF7201	2	CCSBORF100000407	3AT	2	919G>A	114	NC_000017.11:35101020:C:T	CCSBVarC024889	ENSP00000338790.6:p.Glu307Lys	RAD51D	ENSG00000185379	PICK1
pilot3	CCSBORF7201	2	CCSBORF100000407	3AT	2	922A>G	1005	NC_000017.11:35101017:T:C	CCSBVarC024892	ENSP00000338790.6:p.Met308Val	RAD51D	ENSG00000185379	PICK1
pilot3	CCSBORF7201	2	CCSBORF100000407	3AT	2	983C>T	573	NC_000017.11:35100956:G:A	CCSBVarC024896	ENSP00000338790.6:p.Thr328Ile	RAD51D	ENSG00000185379	PICK1
pilot3	CCSBORF7201	2	CCSBORF10320	3AT	2	REF	872	NULL	NULL	NULL	RAD51D	ENSG00000185379	PNMA1
pilot3	CCSBORF7201	2	CCSBORF10320	3AT	2	493C>T	5	NC_000017.11:35106468:G:A	CCSBVarC024828	ENSP00000338790.6:p.Arg165Trp	RAD51D	ENSG00000185379	PNMA1
pilot3	CCSBORF7201	2	CCSBORF10320	3AT	2	494G>A	25	NC_000017.11:35106467:C:T	CCSBVarC002917	ENSP00000338790.6:p.Arg165Gln	RAD51D	ENSG00000185379	PNMA1
pilot3	CCSBORF7201	2	CCSBORF10320	3AT	2	691G>T	5854	NC_000017.11:35103300:C:A	CCSBVarC024850	ENSP00000338790.6:p.Ala231Ser	RAD51D	ENSG00000185379	PNMA1
pilot3	CCSBORF7201	2	CCSBORF10320	3AT	2	698A>G	1	NC_000017.11:35103293:T:C	CCSBVarC001140	ENSP00000338790.6:p.Glu233Gly	RAD51D	ENSG00000185379	PNMA1
pilot3	CCSBORF7201	2	CCSBORF10320	3AT	2	751A>G	449	NC_000017.11:35101352:T:C	CCSBVarC024857	ENSP00000338790.6:p.Ile251Val	RAD51D	ENSG00000185379	PNMA1
pilot3	CCSBORF7201	2	CCSBORF10320	3AT	2	865G>A	670	NC_000017.11:35101238:C:T	CCSBVarC024877	ENSP00000338790.6:p.Gly289Ser	RAD51D	ENSG00000185379	PNMA1
pilot3	CCSBORF7201	2	CCSBORF10320	3AT	2	869G>A	2893	NC_000017.11:35101234:C:T	CCSBVarC024880	ENSP00000338790.6:p.Arg290Gln	RAD51D	ENSG00000185379	PNMA1
pilot3	CCSBORF7201	2	CCSBORF10320	3AT	2	915C>G	1753	NC_000017.11:35101024:G:C	CCSBVarC024886	ENSP00000338790.6:p.Phe305Leu	RAD51D	ENSG00000185379	PNMA1
pilot3	CCSBORF7201	2	CCSBORF10320	3AT	2	919G>A	1729	NC_000017.11:35101020:C:T	CCSBVarC024889	ENSP00000338790.6:p.Glu307Lys	RAD51D	ENSG00000185379	PNMA1
pilot3	CCSBORF7201	2	CCSBORF10320	3AT	2	922A>G	291	NC_000017.11:35101017:T:C	CCSBVarC024892	ENSP00000338790.6:p.Met308Val	RAD51D	ENSG00000185379	PNMA1
pilot3	CCSBORF7201	2	CCSBORF10320	3AT	2	983C>T	22	NC_000017.11:35100956:G:A	CCSBVarC024896	ENSP00000338790.6:p.Thr328Ile	RAD51D	ENSG00000185379	PNMA1
pilot3	CCSBORF5861	4	CCSBORF12279	3AT	2	REF	118	NULL	NULL	NULL	PPP2R1A	ENSG00000105568	CSDC2
pilot3	CCSBORF5861	4	CCSBORF12279	3AT	2	1030G>T	4	NC_000019.10:52216564:G:T	CCSBVarC023477	ENSP00000324804.6:p.Ala344Ser	PPP2R1A	ENSG00000105568	CSDC2
pilot3	CCSBORF5861	4	CCSBORF12279	3AT	2	1229A>T	52	NC_000019.10:52219790:A:T	CCSBVarC023479	ENSP00000324804.6:p.Glu410Val	PPP2R1A	ENSG00000105568	CSDC2
pilot3	CCSBORF5861	4	CCSBORF12279	3AT	2	1481A>G	82	NC_000019.10:52221095:A:G	CCSBVarC023482	ENSP00000324804.6:p.Asn494Ser	PPP2R1A	ENSG00000105568	CSDC2
pilot3	CCSBORF5861	4	CCSBORF12279	3AT	2	1493G>T	0	NC_000019.10:52221107:G:T	CCSBVarC023486	ENSP00000324804.6:p.Arg498Leu	PPP2R1A	ENSG00000105568	CSDC2
pilot3	CCSBORF5861	4	CCSBORF12279	3AT	2	1513A>G	11	NC_000019.10:52221127:A:G	CCSBVarC023489	ENSP00000324804.6:p.Ile505Val	PPP2R1A	ENSG00000105568	CSDC2
pilot3	CCSBORF5861	4	CCSBORF12279	3AT	2	1560C>G	61	NC_000019.10:52222139:C:G	CCSBVarC023493	ENSP00000324804.6:p.His520Gln	PPP2R1A	ENSG00000105568	CSDC2
pilot3	CCSBORF5861	4	CCSBORF12279	3AT	2	259C>T	11	NC_000019.10:52206051:C:T	CCSBVarC023336	ENSP00000324804.6:p.His87Tyr	PPP2R1A	ENSG00000105568	CSDC2
pilot3	CCSBORF5861	4	CCSBORF12279	3AT	2	331T>G	230	NC_000019.10:52211319:T:G	CCSBVarC023343	ENSP00000324804.6:p.Ser111Ala	PPP2R1A	ENSG00000105568	CSDC2
pilot3	CCSBORF5861	4	CCSBORF12279	3AT	2	352G>A	1	NC_000019.10:52211340:G:A	CCSBVarC023346	ENSP00000324804.6:p.Glu118Lys	PPP2R1A	ENSG00000105568	CSDC2
pilot3	CCSBORF5861	4	CCSBORF12279	3AT	2	377C>T	10	NC_000019.10:52211365:C:T	CCSBVarC023349	ENSP00000324804.6:p.Ala126Val	PPP2R1A	ENSG00000105568	CSDC2
pilot3	CCSBORF5861	4	CCSBORF12279	3AT	2	430C>T	1	NC_000019.10:52211418:C:T	CCSBVarC023352	ENSP00000324804.6:p.Arg144Cys	PPP2R1A	ENSG00000105568	CSDC2
pilot3	CCSBORF5861	4	CCSBORF12279	3AT	2	470G>A	31	NC_000019.10:52211458:G:A	CCSBVarC023356	ENSP00000324804.6:p.Arg157Gln	PPP2R1A	ENSG00000105568	CSDC2
pilot3	CCSBORF5861	4	CCSBORF12279	3AT	2	472G>C	0	NC_000019.10:52211460:G:C	CCSBVarC023359	ENSP00000324804.6:p.Val158Leu	PPP2R1A	ENSG00000105568	CSDC2
pilot3	CCSBORF5861	4	CCSBORF12279	3AT	2	522C>G	0	NC_000019.10:52212703:C:G	CCSBVarC023383	ENSP00000324804.6:p.Cys174Trp	PPP2R1A	ENSG00000105568	CSDC2
pilot3	CCSBORF5861	4	CCSBORF12279	3AT	2	532A>G	18	NC_000019.10:52212713:A:G	CCSBVarC023386	ENSP00000324804.6:p.Thr178Ala	PPP2R1A	ENSG00000105568	CSDC2
pilot3	CCSBORF5861	4	CCSBORF12279	3AT	2	536C>A	90	NC_000019.10:52212717:C:A	CCSBVarC023388	ENSP00000324804.6:p.Pro179His	PPP2R1A	ENSG00000105568	CSDC2
pilot3	CCSBORF5861	4	CCSBORF12279	3AT	2	536C>G	14	NC_000019.10:52212717:C:G	CCSBVarC023391	ENSP00000324804.6:p.Pro179Arg	PPP2R1A	ENSG00000105568	CSDC2
pilot3	CCSBORF5861	4	CCSBORF12279	3AT	2	536C>T	180	NC_000019.10:52212717:C:T	CCSBVarC023394	ENSP00000324804.6:p.Pro179Leu	PPP2R1A	ENSG00000105568	CSDC2
pilot3	CCSBORF5861	4	CCSBORF12279	3AT	2	538A>G	469	NC_000019.10:52212719:A:G	CCSBVarC023426	ENSP00000324804.6:p.Met180Val	PPP2R1A	ENSG00000105568	CSDC2
pilot3	CCSBORF5861	4	CCSBORF12279	3AT	2	539T>C	22	NC_000019.10:52212720:T:C	CCSBVarC023429	ENSP00000324804.6:p.Met180Thr	PPP2R1A	ENSG00000105568	CSDC2
pilot3	CCSBORF5861	4	CCSBORF12279	3AT	2	547C>G	32	NC_000019.10:52212728:C:G	CCSBVarC023437	ENSP00000324804.6:p.Arg183Gly	PPP2R1A	ENSG00000105568	CSDC2
pilot3	CCSBORF5861	4	CCSBORF12279	3AT	2	547C>T	9970	NC_000019.10:52212728:C:T	CCSBVarC023440	ENSP00000324804.6:p.Arg183Trp	PPP2R1A	ENSG00000105568	CSDC2
pilot3	CCSBORF5861	4	CCSBORF12279	3AT	2	548G>C	236	NC_000019.10:52212729:G:C	CCSBVarC023445	ENSP00000324804.6:p.Arg183Pro	PPP2R1A	ENSG00000105568	CSDC2
pilot3	CCSBORF5861	4	CCSBORF12279	3AT	2	553G>A	18	NC_000019.10:52212734:G:A	CCSBVarC023447	ENSP00000324804.6:p.Ala185Thr	PPP2R1A	ENSG00000105568	CSDC2
pilot3	CCSBORF5861	4	CCSBORF12279	3AT	2	658G>A	162	NC_000019.10:52212960:G:A	CCSBVarC023455	ENSP00000324804.6:p.Val220Met	PPP2R1A	ENSG00000105568	CSDC2
pilot3	CCSBORF5861	4	CCSBORF12279	3AT	2	694G>A	1	NC_000019.10:52212996:G:A	CCSBVarC023458	ENSP00000324804.6:p.Ala232Thr	PPP2R1A	ENSG00000105568	CSDC2
pilot3	CCSBORF5861	4	CCSBORF100062506	3AT	2	REF	882	NULL	NULL	NULL	PPP2R1A	ENSG00000105568	FBXO43
pilot3	CCSBORF5861	4	CCSBORF100062506	3AT	2	1030G>T	40	NC_000019.10:52216564:G:T	CCSBVarC023477	ENSP00000324804.6:p.Ala344Ser	PPP2R1A	ENSG00000105568	FBXO43
pilot3	CCSBORF5861	4	CCSBORF100062506	3AT	2	1229A>T	105	NC_000019.10:52219790:A:T	CCSBVarC023479	ENSP00000324804.6:p.Glu410Val	PPP2R1A	ENSG00000105568	FBXO43
pilot3	CCSBORF5861	4	CCSBORF100062506	3AT	2	1481A>G	2419	NC_000019.10:52221095:A:G	CCSBVarC023482	ENSP00000324804.6:p.Asn494Ser	PPP2R1A	ENSG00000105568	FBXO43
pilot3	CCSBORF5861	4	CCSBORF100062506	3AT	2	1493G>T	8	NC_000019.10:52221107:G:T	CCSBVarC023486	ENSP00000324804.6:p.Arg498Leu	PPP2R1A	ENSG00000105568	FBXO43
pilot3	CCSBORF5861	4	CCSBORF100062506	3AT	2	1513A>G	37	NC_000019.10:52221127:A:G	CCSBVarC023489	ENSP00000324804.6:p.Ile505Val	PPP2R1A	ENSG00000105568	FBXO43
pilot3	CCSBORF5861	4	CCSBORF100062506	3AT	2	1560C>G	256	NC_000019.10:52222139:C:G	CCSBVarC023493	ENSP00000324804.6:p.His520Gln	PPP2R1A	ENSG00000105568	FBXO43
pilot3	CCSBORF5861	4	CCSBORF100062506	3AT	2	259C>T	107	NC_000019.10:52206051:C:T	CCSBVarC023336	ENSP00000324804.6:p.His87Tyr	PPP2R1A	ENSG00000105568	FBXO43
pilot3	CCSBORF5861	4	CCSBORF100062506	3AT	2	331T>G	527	NC_000019.10:52211319:T:G	CCSBVarC023343	ENSP00000324804.6:p.Ser111Ala	PPP2R1A	ENSG00000105568	FBXO43
pilot3	CCSBORF5861	4	CCSBORF100062506	3AT	2	352G>A	24	NC_000019.10:52211340:G:A	CCSBVarC023346	ENSP00000324804.6:p.Glu118Lys	PPP2R1A	ENSG00000105568	FBXO43
pilot3	CCSBORF5861	4	CCSBORF100062506	3AT	2	377C>T	44	NC_000019.10:52211365:C:T	CCSBVarC023349	ENSP00000324804.6:p.Ala126Val	PPP2R1A	ENSG00000105568	FBXO43
pilot3	CCSBORF5861	4	CCSBORF100062506	3AT	2	430C>T	4	NC_000019.10:52211418:C:T	CCSBVarC023352	ENSP00000324804.6:p.Arg144Cys	PPP2R1A	ENSG00000105568	FBXO43
pilot3	CCSBORF5861	4	CCSBORF100062506	3AT	2	470G>A	152	NC_000019.10:52211458:G:A	CCSBVarC023356	ENSP00000324804.6:p.Arg157Gln	PPP2R1A	ENSG00000105568	FBXO43
pilot3	CCSBORF5861	4	CCSBORF100062506	3AT	2	472G>C	0	NC_000019.10:52211460:G:C	CCSBVarC023359	ENSP00000324804.6:p.Val158Leu	PPP2R1A	ENSG00000105568	FBXO43
pilot3	CCSBORF5861	4	CCSBORF100062506	3AT	2	522C>G	36	NC_000019.10:52212703:C:G	CCSBVarC023383	ENSP00000324804.6:p.Cys174Trp	PPP2R1A	ENSG00000105568	FBXO43
pilot3	CCSBORF5861	4	CCSBORF100062506	3AT	2	532A>G	101	NC_000019.10:52212713:A:G	CCSBVarC023386	ENSP00000324804.6:p.Thr178Ala	PPP2R1A	ENSG00000105568	FBXO43
pilot3	CCSBORF5861	4	CCSBORF100062506	3AT	2	536C>A	45	NC_000019.10:52212717:C:A	CCSBVarC023388	ENSP00000324804.6:p.Pro179His	PPP2R1A	ENSG00000105568	FBXO43
pilot3	CCSBORF5861	4	CCSBORF100062506	3AT	2	536C>G	32	NC_000019.10:52212717:C:G	CCSBVarC023391	ENSP00000324804.6:p.Pro179Arg	PPP2R1A	ENSG00000105568	FBXO43
pilot3	CCSBORF5861	4	CCSBORF100062506	3AT	2	536C>T	186	NC_000019.10:52212717:C:T	CCSBVarC023394	ENSP00000324804.6:p.Pro179Leu	PPP2R1A	ENSG00000105568	FBXO43
pilot3	CCSBORF5861	4	CCSBORF100062506	3AT	2	538A>G	979	NC_000019.10:52212719:A:G	CCSBVarC023426	ENSP00000324804.6:p.Met180Val	PPP2R1A	ENSG00000105568	FBXO43
pilot3	CCSBORF5861	4	CCSBORF100062506	3AT	2	539T>C	111	NC_000019.10:52212720:T:C	CCSBVarC023429	ENSP00000324804.6:p.Met180Thr	PPP2R1A	ENSG00000105568	FBXO43
pilot3	CCSBORF5861	4	CCSBORF100062506	3AT	2	547C>G	60	NC_000019.10:52212728:C:G	CCSBVarC023437	ENSP00000324804.6:p.Arg183Gly	PPP2R1A	ENSG00000105568	FBXO43
pilot3	CCSBORF5861	4	CCSBORF100062506	3AT	2	547C>T	2361	NC_000019.10:52212728:C:T	CCSBVarC023440	ENSP00000324804.6:p.Arg183Trp	PPP2R1A	ENSG00000105568	FBXO43
pilot3	CCSBORF5861	4	CCSBORF100062506	3AT	2	548G>C	541	NC_000019.10:52212729:G:C	CCSBVarC023445	ENSP00000324804.6:p.Arg183Pro	PPP2R1A	ENSG00000105568	FBXO43
pilot3	CCSBORF5861	4	CCSBORF100062506	3AT	2	553G>A	107	NC_000019.10:52212734:G:A	CCSBVarC023447	ENSP00000324804.6:p.Ala185Thr	PPP2R1A	ENSG00000105568	FBXO43
pilot3	CCSBORF5861	4	CCSBORF100062506	3AT	2	658G>A	1163	NC_000019.10:52212960:G:A	CCSBVarC023455	ENSP00000324804.6:p.Val220Met	PPP2R1A	ENSG00000105568	FBXO43
pilot3	CCSBORF5861	4	CCSBORF100062506	3AT	2	694G>A	13	NC_000019.10:52212996:G:A	CCSBVarC023458	ENSP00000324804.6:p.Ala232Thr	PPP2R1A	ENSG00000105568	FBXO43
pilot3	CCSBORF5861	4	CCSBORF100061924	3AT	2	REF	665	NULL	NULL	NULL	PPP2R1A	ENSG00000105568	GOLGA6A
pilot3	CCSBORF5861	4	CCSBORF100061924	3AT	2	1030G>T	47	NC_000019.10:52216564:G:T	CCSBVarC023477	ENSP00000324804.6:p.Ala344Ser	PPP2R1A	ENSG00000105568	GOLGA6A
pilot3	CCSBORF5861	4	CCSBORF100061924	3AT	2	1229A>T	195	NC_000019.10:52219790:A:T	CCSBVarC023479	ENSP00000324804.6:p.Glu410Val	PPP2R1A	ENSG00000105568	GOLGA6A
pilot3	CCSBORF5861	4	CCSBORF100061924	3AT	2	1481A>G	1396	NC_000019.10:52221095:A:G	CCSBVarC023482	ENSP00000324804.6:p.Asn494Ser	PPP2R1A	ENSG00000105568	GOLGA6A
pilot3	CCSBORF5861	4	CCSBORF100061924	3AT	2	1493G>T	24	NC_000019.10:52221107:G:T	CCSBVarC023486	ENSP00000324804.6:p.Arg498Leu	PPP2R1A	ENSG00000105568	GOLGA6A
pilot3	CCSBORF5861	4	CCSBORF100061924	3AT	2	1513A>G	61	NC_000019.10:52221127:A:G	CCSBVarC023489	ENSP00000324804.6:p.Ile505Val	PPP2R1A	ENSG00000105568	GOLGA6A
pilot3	CCSBORF5861	4	CCSBORF100061924	3AT	2	1560C>G	426	NC_000019.10:52222139:C:G	CCSBVarC023493	ENSP00000324804.6:p.His520Gln	PPP2R1A	ENSG00000105568	GOLGA6A
pilot3	CCSBORF5861	4	CCSBORF100061924	3AT	2	259C>T	62	NC_000019.10:52206051:C:T	CCSBVarC023336	ENSP00000324804.6:p.His87Tyr	PPP2R1A	ENSG00000105568	GOLGA6A
pilot3	CCSBORF5861	4	CCSBORF100061924	3AT	2	331T>G	609	NC_000019.10:52211319:T:G	CCSBVarC023343	ENSP00000324804.6:p.Ser111Ala	PPP2R1A	ENSG00000105568	GOLGA6A
pilot3	CCSBORF5861	4	CCSBORF100061924	3AT	2	352G>A	106	NC_000019.10:52211340:G:A	CCSBVarC023346	ENSP00000324804.6:p.Glu118Lys	PPP2R1A	ENSG00000105568	GOLGA6A
pilot3	CCSBORF5861	4	CCSBORF100061924	3AT	2	377C>T	47	NC_000019.10:52211365:C:T	CCSBVarC023349	ENSP00000324804.6:p.Ala126Val	PPP2R1A	ENSG00000105568	GOLGA6A
pilot3	CCSBORF5861	4	CCSBORF100061924	3AT	2	430C>T	33	NC_000019.10:52211418:C:T	CCSBVarC023352	ENSP00000324804.6:p.Arg144Cys	PPP2R1A	ENSG00000105568	GOLGA6A
pilot3	CCSBORF5861	4	CCSBORF100061924	3AT	2	470G>A	313	NC_000019.10:52211458:G:A	CCSBVarC023356	ENSP00000324804.6:p.Arg157Gln	PPP2R1A	ENSG00000105568	GOLGA6A
pilot3	CCSBORF5861	4	CCSBORF100061924	3AT	2	472G>C	0	NC_000019.10:52211460:G:C	CCSBVarC023359	ENSP00000324804.6:p.Val158Leu	PPP2R1A	ENSG00000105568	GOLGA6A
pilot3	CCSBORF5861	4	CCSBORF100061924	3AT	2	522C>G	69	NC_000019.10:52212703:C:G	CCSBVarC023383	ENSP00000324804.6:p.Cys174Trp	PPP2R1A	ENSG00000105568	GOLGA6A
pilot3	CCSBORF5861	4	CCSBORF100061924	3AT	2	532A>G	101	NC_000019.10:52212713:A:G	CCSBVarC023386	ENSP00000324804.6:p.Thr178Ala	PPP2R1A	ENSG00000105568	GOLGA6A
pilot3	CCSBORF5861	4	CCSBORF100061924	3AT	2	536C>A	3	NC_000019.10:52212717:C:A	CCSBVarC023388	ENSP00000324804.6:p.Pro179His	PPP2R1A	ENSG00000105568	GOLGA6A
pilot3	CCSBORF5861	4	CCSBORF100061924	3AT	2	536C>G	3	NC_000019.10:52212717:C:G	CCSBVarC023391	ENSP00000324804.6:p.Pro179Arg	PPP2R1A	ENSG00000105568	GOLGA6A
pilot3	CCSBORF5861	4	CCSBORF100061924	3AT	2	536C>T	24	NC_000019.10:52212717:C:T	CCSBVarC023394	ENSP00000324804.6:p.Pro179Leu	PPP2R1A	ENSG00000105568	GOLGA6A
pilot3	CCSBORF5861	4	CCSBORF100061924	3AT	2	538A>G	304	NC_000019.10:52212719:A:G	CCSBVarC023426	ENSP00000324804.6:p.Met180Val	PPP2R1A	ENSG00000105568	GOLGA6A
pilot3	CCSBORF5861	4	CCSBORF100061924	3AT	2	539T>C	76	NC_000019.10:52212720:T:C	CCSBVarC023429	ENSP00000324804.6:p.Met180Thr	PPP2R1A	ENSG00000105568	GOLGA6A
pilot3	CCSBORF5861	4	CCSBORF100061924	3AT	2	547C>G	1	NC_000019.10:52212728:C:G	CCSBVarC023437	ENSP00000324804.6:p.Arg183Gly	PPP2R1A	ENSG00000105568	GOLGA6A
pilot3	CCSBORF5861	4	CCSBORF100061924	3AT	2	547C>T	14	NC_000019.10:52212728:C:T	CCSBVarC023440	ENSP00000324804.6:p.Arg183Trp	PPP2R1A	ENSG00000105568	GOLGA6A
pilot3	CCSBORF5861	4	CCSBORF100061924	3AT	2	548G>C	0	NC_000019.10:52212729:G:C	CCSBVarC023445	ENSP00000324804.6:p.Arg183Pro	PPP2R1A	ENSG00000105568	GOLGA6A
pilot3	CCSBORF5861	4	CCSBORF100061924	3AT	2	553G>A	101	NC_000019.10:52212734:G:A	CCSBVarC023447	ENSP00000324804.6:p.Ala185Thr	PPP2R1A	ENSG00000105568	GOLGA6A
pilot3	CCSBORF5861	4	CCSBORF100061924	3AT	2	658G>A	674	NC_000019.10:52212960:G:A	CCSBVarC023455	ENSP00000324804.6:p.Val220Met	PPP2R1A	ENSG00000105568	GOLGA6A
pilot3	CCSBORF5861	4	CCSBORF100061924	3AT	2	694G>A	20	NC_000019.10:52212996:G:A	CCSBVarC023458	ENSP00000324804.6:p.Ala232Thr	PPP2R1A	ENSG00000105568	GOLGA6A
pilot3	CCSBORF5861	4	CCSBORF52950	3AT	2	REF	230	NULL	NULL	NULL	PPP2R1A	ENSG00000105568	STRN
pilot3	CCSBORF5861	4	CCSBORF52950	3AT	2	1030G>T	78	NC_000019.10:52216564:G:T	CCSBVarC023477	ENSP00000324804.6:p.Ala344Ser	PPP2R1A	ENSG00000105568	STRN
pilot3	CCSBORF5861	4	CCSBORF52950	3AT	2	1229A>T	8	NC_000019.10:52219790:A:T	CCSBVarC023479	ENSP00000324804.6:p.Glu410Val	PPP2R1A	ENSG00000105568	STRN
pilot3	CCSBORF5861	4	CCSBORF52950	3AT	2	1481A>G	254	NC_000019.10:52221095:A:G	CCSBVarC023482	ENSP00000324804.6:p.Asn494Ser	PPP2R1A	ENSG00000105568	STRN
pilot3	CCSBORF5861	4	CCSBORF52950	3AT	2	1493G>T	0	NC_000019.10:52221107:G:T	CCSBVarC023486	ENSP00000324804.6:p.Arg498Leu	PPP2R1A	ENSG00000105568	STRN
pilot3	CCSBORF5861	4	CCSBORF52950	3AT	2	1513A>G	79	NC_000019.10:52221127:A:G	CCSBVarC023489	ENSP00000324804.6:p.Ile505Val	PPP2R1A	ENSG00000105568	STRN
pilot3	CCSBORF5861	4	CCSBORF52950	3AT	2	1560C>G	375	NC_000019.10:52222139:C:G	CCSBVarC023493	ENSP00000324804.6:p.His520Gln	PPP2R1A	ENSG00000105568	STRN
pilot3	CCSBORF5861	4	CCSBORF52950	3AT	2	259C>T	242	NC_000019.10:52206051:C:T	CCSBVarC023336	ENSP00000324804.6:p.His87Tyr	PPP2R1A	ENSG00000105568	STRN
pilot3	CCSBORF5861	4	CCSBORF52950	3AT	2	331T>G	323	NC_000019.10:52211319:T:G	CCSBVarC023343	ENSP00000324804.6:p.Ser111Ala	PPP2R1A	ENSG00000105568	STRN
pilot3	CCSBORF5861	4	CCSBORF52950	3AT	2	352G>A	14	NC_000019.10:52211340:G:A	CCSBVarC023346	ENSP00000324804.6:p.Glu118Lys	PPP2R1A	ENSG00000105568	STRN
pilot3	CCSBORF5861	4	CCSBORF52950	3AT	2	377C>T	80	NC_000019.10:52211365:C:T	CCSBVarC023349	ENSP00000324804.6:p.Ala126Val	PPP2R1A	ENSG00000105568	STRN
pilot3	CCSBORF5861	4	CCSBORF52950	3AT	2	430C>T	1	NC_000019.10:52211418:C:T	CCSBVarC023352	ENSP00000324804.6:p.Arg144Cys	PPP2R1A	ENSG00000105568	STRN
pilot3	CCSBORF5861	4	CCSBORF52950	3AT	2	470G>A	278	NC_000019.10:52211458:G:A	CCSBVarC023356	ENSP00000324804.6:p.Arg157Gln	PPP2R1A	ENSG00000105568	STRN
pilot3	CCSBORF5861	4	CCSBORF52950	3AT	2	472G>C	0	NC_000019.10:52211460:G:C	CCSBVarC023359	ENSP00000324804.6:p.Val158Leu	PPP2R1A	ENSG00000105568	STRN
pilot3	CCSBORF5861	4	CCSBORF52950	3AT	2	522C>G	225	NC_000019.10:52212703:C:G	CCSBVarC023383	ENSP00000324804.6:p.Cys174Trp	PPP2R1A	ENSG00000105568	STRN
pilot3	CCSBORF5861	4	CCSBORF52950	3AT	2	532A>G	24	NC_000019.10:52212713:A:G	CCSBVarC023386	ENSP00000324804.6:p.Thr178Ala	PPP2R1A	ENSG00000105568	STRN
pilot3	CCSBORF5861	4	CCSBORF52950	3AT	2	536C>A	186	NC_000019.10:52212717:C:A	CCSBVarC023388	ENSP00000324804.6:p.Pro179His	PPP2R1A	ENSG00000105568	STRN
pilot3	CCSBORF5861	4	CCSBORF52950	3AT	2	536C>G	0	NC_000019.10:52212717:C:G	CCSBVarC023391	ENSP00000324804.6:p.Pro179Arg	PPP2R1A	ENSG00000105568	STRN
pilot3	CCSBORF5861	4	CCSBORF52950	3AT	2	536C>T	407	NC_000019.10:52212717:C:T	CCSBVarC023394	ENSP00000324804.6:p.Pro179Leu	PPP2R1A	ENSG00000105568	STRN
pilot3	CCSBORF5861	4	CCSBORF52950	3AT	2	538A>G	1153	NC_000019.10:52212719:A:G	CCSBVarC023426	ENSP00000324804.6:p.Met180Val	PPP2R1A	ENSG00000105568	STRN
pilot3	CCSBORF5861	4	CCSBORF52950	3AT	2	539T>C	135	NC_000019.10:52212720:T:C	CCSBVarC023429	ENSP00000324804.6:p.Met180Thr	PPP2R1A	ENSG00000105568	STRN
pilot3	CCSBORF5861	4	CCSBORF52950	3AT	2	547C>G	69	NC_000019.10:52212728:C:G	CCSBVarC023437	ENSP00000324804.6:p.Arg183Gly	PPP2R1A	ENSG00000105568	STRN
pilot3	CCSBORF5861	4	CCSBORF52950	3AT	2	547C>T	3955	NC_000019.10:52212728:C:T	CCSBVarC023440	ENSP00000324804.6:p.Arg183Trp	PPP2R1A	ENSG00000105568	STRN
pilot3	CCSBORF5861	4	CCSBORF52950	3AT	2	548G>C	944	NC_000019.10:52212729:G:C	CCSBVarC023445	ENSP00000324804.6:p.Arg183Pro	PPP2R1A	ENSG00000105568	STRN
pilot3	CCSBORF5861	4	CCSBORF52950	3AT	2	553G>A	56	NC_000019.10:52212734:G:A	CCSBVarC023447	ENSP00000324804.6:p.Ala185Thr	PPP2R1A	ENSG00000105568	STRN
pilot3	CCSBORF5861	4	CCSBORF52950	3AT	2	658G>A	4430	NC_000019.10:52212960:G:A	CCSBVarC023455	ENSP00000324804.6:p.Val220Met	PPP2R1A	ENSG00000105568	STRN
pilot3	CCSBORF5861	4	CCSBORF52950	3AT	2	694G>A	65	NC_000019.10:52212996:G:A	CCSBVarC023458	ENSP00000324804.6:p.Ala232Thr	PPP2R1A	ENSG00000105568	STRN
pilot3	CCSBORF5861	4	CCSBORF55030	3AT	2	REF	756	NULL	NULL	NULL	PPP2R1A	ENSG00000105568	STRN3
pilot3	CCSBORF5861	4	CCSBORF55030	3AT	2	1030G>T	93	NC_000019.10:52216564:G:T	CCSBVarC023477	ENSP00000324804.6:p.Ala344Ser	PPP2R1A	ENSG00000105568	STRN3
pilot3	CCSBORF5861	4	CCSBORF55030	3AT	2	1229A>T	129	NC_000019.10:52219790:A:T	CCSBVarC023479	ENSP00000324804.6:p.Glu410Val	PPP2R1A	ENSG00000105568	STRN3
pilot3	CCSBORF5861	4	CCSBORF55030	3AT	2	1481A>G	1156	NC_000019.10:52221095:A:G	CCSBVarC023482	ENSP00000324804.6:p.Asn494Ser	PPP2R1A	ENSG00000105568	STRN3
pilot3	CCSBORF5861	4	CCSBORF55030	3AT	2	1493G>T	44	NC_000019.10:52221107:G:T	CCSBVarC023486	ENSP00000324804.6:p.Arg498Leu	PPP2R1A	ENSG00000105568	STRN3
pilot3	CCSBORF5861	4	CCSBORF55030	3AT	2	1513A>G	45	NC_000019.10:52221127:A:G	CCSBVarC023489	ENSP00000324804.6:p.Ile505Val	PPP2R1A	ENSG00000105568	STRN3
pilot3	CCSBORF5861	4	CCSBORF55030	3AT	2	1560C>G	624	NC_000019.10:52222139:C:G	CCSBVarC023493	ENSP00000324804.6:p.His520Gln	PPP2R1A	ENSG00000105568	STRN3
pilot3	CCSBORF5861	4	CCSBORF55030	3AT	2	259C>T	146	NC_000019.10:52206051:C:T	CCSBVarC023336	ENSP00000324804.6:p.His87Tyr	PPP2R1A	ENSG00000105568	STRN3
pilot3	CCSBORF5861	4	CCSBORF55030	3AT	2	331T>G	513	NC_000019.10:52211319:T:G	CCSBVarC023343	ENSP00000324804.6:p.Ser111Ala	PPP2R1A	ENSG00000105568	STRN3
pilot3	CCSBORF5861	4	CCSBORF55030	3AT	2	352G>A	43	NC_000019.10:52211340:G:A	CCSBVarC023346	ENSP00000324804.6:p.Glu118Lys	PPP2R1A	ENSG00000105568	STRN3
pilot3	CCSBORF5861	4	CCSBORF55030	3AT	2	377C>T	118	NC_000019.10:52211365:C:T	CCSBVarC023349	ENSP00000324804.6:p.Ala126Val	PPP2R1A	ENSG00000105568	STRN3
pilot3	CCSBORF5861	4	CCSBORF55030	3AT	2	430C>T	39	NC_000019.10:52211418:C:T	CCSBVarC023352	ENSP00000324804.6:p.Arg144Cys	PPP2R1A	ENSG00000105568	STRN3
pilot3	CCSBORF5861	4	CCSBORF55030	3AT	2	470G>A	506	NC_000019.10:52211458:G:A	CCSBVarC023356	ENSP00000324804.6:p.Arg157Gln	PPP2R1A	ENSG00000105568	STRN3
pilot3	CCSBORF5861	4	CCSBORF55030	3AT	2	472G>C	1	NC_000019.10:52211460:G:C	CCSBVarC023359	ENSP00000324804.6:p.Val158Leu	PPP2R1A	ENSG00000105568	STRN3
pilot3	CCSBORF5861	4	CCSBORF55030	3AT	2	522C>G	100	NC_000019.10:52212703:C:G	CCSBVarC023383	ENSP00000324804.6:p.Cys174Trp	PPP2R1A	ENSG00000105568	STRN3
pilot3	CCSBORF5861	4	CCSBORF55030	3AT	2	532A>G	55	NC_000019.10:52212713:A:G	CCSBVarC023386	ENSP00000324804.6:p.Thr178Ala	PPP2R1A	ENSG00000105568	STRN3
pilot3	CCSBORF5861	4	CCSBORF55030	3AT	2	536C>A	199	NC_000019.10:52212717:C:A	CCSBVarC023388	ENSP00000324804.6:p.Pro179His	PPP2R1A	ENSG00000105568	STRN3
pilot3	CCSBORF5861	4	CCSBORF55030	3AT	2	536C>G	14	NC_000019.10:52212717:C:G	CCSBVarC023391	ENSP00000324804.6:p.Pro179Arg	PPP2R1A	ENSG00000105568	STRN3
pilot3	CCSBORF5861	4	CCSBORF55030	3AT	2	536C>T	196	NC_000019.10:52212717:C:T	CCSBVarC023394	ENSP00000324804.6:p.Pro179Leu	PPP2R1A	ENSG00000105568	STRN3
pilot3	CCSBORF5861	4	CCSBORF55030	3AT	2	538A>G	819	NC_000019.10:52212719:A:G	CCSBVarC023426	ENSP00000324804.6:p.Met180Val	PPP2R1A	ENSG00000105568	STRN3
pilot3	CCSBORF5861	4	CCSBORF55030	3AT	2	539T>C	256	NC_000019.10:52212720:T:C	CCSBVarC023429	ENSP00000324804.6:p.Met180Thr	PPP2R1A	ENSG00000105568	STRN3
pilot3	CCSBORF5861	4	CCSBORF55030	3AT	2	547C>G	65	NC_000019.10:52212728:C:G	CCSBVarC023437	ENSP00000324804.6:p.Arg183Gly	PPP2R1A	ENSG00000105568	STRN3
pilot3	CCSBORF5861	4	CCSBORF55030	3AT	2	547C>T	1569	NC_000019.10:52212728:C:T	CCSBVarC023440	ENSP00000324804.6:p.Arg183Trp	PPP2R1A	ENSG00000105568	STRN3
pilot3	CCSBORF5861	4	CCSBORF55030	3AT	2	548G>C	139	NC_000019.10:52212729:G:C	CCSBVarC023445	ENSP00000324804.6:p.Arg183Pro	PPP2R1A	ENSG00000105568	STRN3
pilot3	CCSBORF5861	4	CCSBORF55030	3AT	2	553G>A	61	NC_000019.10:52212734:G:A	CCSBVarC023447	ENSP00000324804.6:p.Ala185Thr	PPP2R1A	ENSG00000105568	STRN3
pilot3	CCSBORF5861	4	CCSBORF55030	3AT	2	658G>A	1960	NC_000019.10:52212960:G:A	CCSBVarC023455	ENSP00000324804.6:p.Val220Met	PPP2R1A	ENSG00000105568	STRN3
pilot3	CCSBORF5861	4	CCSBORF55030	3AT	2	694G>A	29	NC_000019.10:52212996:G:A	CCSBVarC023458	ENSP00000324804.6:p.Ala232Thr	PPP2R1A	ENSG00000105568	STRN3
pilot3	CCSBORF5861	4	CCSBORF0	3AT	2	REF	0	NULL	NULL	NULL	PPP2R1A	ENSG00000105568	empty_AD
pilot3	CCSBORF5861	4	CCSBORF0	3AT	2	1030G>T	0	NC_000019.10:52216564:G:T	CCSBVarC023477	ENSP00000324804.6:p.Ala344Ser	PPP2R1A	ENSG00000105568	empty_AD
pilot3	CCSBORF5861	4	CCSBORF0	3AT	2	1229A>T	0	NC_000019.10:52219790:A:T	CCSBVarC023479	ENSP00000324804.6:p.Glu410Val	PPP2R1A	ENSG00000105568	empty_AD
pilot3	CCSBORF5861	4	CCSBORF0	3AT	2	1481A>G	0	NC_000019.10:52221095:A:G	CCSBVarC023482	ENSP00000324804.6:p.Asn494Ser	PPP2R1A	ENSG00000105568	empty_AD
pilot3	CCSBORF5861	4	CCSBORF0	3AT	2	1493G>T	0	NC_000019.10:52221107:G:T	CCSBVarC023486	ENSP00000324804.6:p.Arg498Leu	PPP2R1A	ENSG00000105568	empty_AD
pilot3	CCSBORF5861	4	CCSBORF0	3AT	2	1513A>G	0	NC_000019.10:52221127:A:G	CCSBVarC023489	ENSP00000324804.6:p.Ile505Val	PPP2R1A	ENSG00000105568	empty_AD
pilot3	CCSBORF5861	4	CCSBORF0	3AT	2	1560C>G	0	NC_000019.10:52222139:C:G	CCSBVarC023493	ENSP00000324804.6:p.His520Gln	PPP2R1A	ENSG00000105568	empty_AD
pilot3	CCSBORF5861	4	CCSBORF0	3AT	2	259C>T	0	NC_000019.10:52206051:C:T	CCSBVarC023336	ENSP00000324804.6:p.His87Tyr	PPP2R1A	ENSG00000105568	empty_AD
pilot3	CCSBORF5861	4	CCSBORF0	3AT	2	331T>G	0	NC_000019.10:52211319:T:G	CCSBVarC023343	ENSP00000324804.6:p.Ser111Ala	PPP2R1A	ENSG00000105568	empty_AD
pilot3	CCSBORF5861	4	CCSBORF0	3AT	2	352G>A	0	NC_000019.10:52211340:G:A	CCSBVarC023346	ENSP00000324804.6:p.Glu118Lys	PPP2R1A	ENSG00000105568	empty_AD
pilot3	CCSBORF5861	4	CCSBORF0	3AT	2	377C>T	0	NC_000019.10:52211365:C:T	CCSBVarC023349	ENSP00000324804.6:p.Ala126Val	PPP2R1A	ENSG00000105568	empty_AD
pilot3	CCSBORF5861	4	CCSBORF0	3AT	2	430C>T	0	NC_000019.10:52211418:C:T	CCSBVarC023352	ENSP00000324804.6:p.Arg144Cys	PPP2R1A	ENSG00000105568	empty_AD
pilot3	CCSBORF5861	4	CCSBORF0	3AT	2	470G>A	0	NC_000019.10:52211458:G:A	CCSBVarC023356	ENSP00000324804.6:p.Arg157Gln	PPP2R1A	ENSG00000105568	empty_AD
pilot3	CCSBORF5861	4	CCSBORF0	3AT	2	472G>C	0	NC_000019.10:52211460:G:C	CCSBVarC023359	ENSP00000324804.6:p.Val158Leu	PPP2R1A	ENSG00000105568	empty_AD
pilot3	CCSBORF5861	4	CCSBORF0	3AT	2	522C>G	0	NC_000019.10:52212703:C:G	CCSBVarC023383	ENSP00000324804.6:p.Cys174Trp	PPP2R1A	ENSG00000105568	empty_AD
pilot3	CCSBORF5861	4	CCSBORF0	3AT	2	532A>G	0	NC_000019.10:52212713:A:G	CCSBVarC023386	ENSP00000324804.6:p.Thr178Ala	PPP2R1A	ENSG00000105568	empty_AD
pilot3	CCSBORF5861	4	CCSBORF0	3AT	2	536C>A	0	NC_000019.10:52212717:C:A	CCSBVarC023388	ENSP00000324804.6:p.Pro179His	PPP2R1A	ENSG00000105568	empty_AD
pilot3	CCSBORF5861	4	CCSBORF0	3AT	2	536C>G	0	NC_000019.10:52212717:C:G	CCSBVarC023391	ENSP00000324804.6:p.Pro179Arg	PPP2R1A	ENSG00000105568	empty_AD
pilot3	CCSBORF5861	4	CCSBORF0	3AT	2	536C>T	0	NC_000019.10:52212717:C:T	CCSBVarC023394	ENSP00000324804.6:p.Pro179Leu	PPP2R1A	ENSG00000105568	empty_AD
pilot3	CCSBORF5861	4	CCSBORF0	3AT	2	538A>G	27	NC_000019.10:52212719:A:G	CCSBVarC023426	ENSP00000324804.6:p.Met180Val	PPP2R1A	ENSG00000105568	empty_AD
pilot3	CCSBORF5861	4	CCSBORF0	3AT	2	539T>C	0	NC_000019.10:52212720:T:C	CCSBVarC023429	ENSP00000324804.6:p.Met180Thr	PPP2R1A	ENSG00000105568	empty_AD
pilot3	CCSBORF5861	4	CCSBORF0	3AT	2	547C>G	0	NC_000019.10:52212728:C:G	CCSBVarC023437	ENSP00000324804.6:p.Arg183Gly	PPP2R1A	ENSG00000105568	empty_AD
pilot3	CCSBORF5861	4	CCSBORF0	3AT	2	547C>T	21	NC_000019.10:52212728:C:T	CCSBVarC023440	ENSP00000324804.6:p.Arg183Trp	PPP2R1A	ENSG00000105568	empty_AD
pilot3	CCSBORF5861	4	CCSBORF0	3AT	2	548G>C	0	NC_000019.10:52212729:G:C	CCSBVarC023445	ENSP00000324804.6:p.Arg183Pro	PPP2R1A	ENSG00000105568	empty_AD
pilot3	CCSBORF5861	4	CCSBORF0	3AT	2	553G>A	0	NC_000019.10:52212734:G:A	CCSBVarC023447	ENSP00000324804.6:p.Ala185Thr	PPP2R1A	ENSG00000105568	empty_AD
pilot3	CCSBORF5861	4	CCSBORF0	3AT	2	658G>A	0	NC_000019.10:52212960:G:A	CCSBVarC023455	ENSP00000324804.6:p.Val220Met	PPP2R1A	ENSG00000105568	empty_AD
pilot3	CCSBORF5861	4	CCSBORF0	3AT	2	694G>A	0	NC_000019.10:52212996:G:A	CCSBVarC023458	ENSP00000324804.6:p.Ala232Thr	PPP2R1A	ENSG00000105568	empty_AD
pilot3	CCSBORF5861	2	CCSBORF12279	3AT	2	REF	698	NULL	NULL	NULL	PPP2R1A	ENSG00000105568	CSDC2
pilot3	CCSBORF5861	2	CCSBORF12279	3AT	2	259C>T	436	NC_000019.10:52206051:C:T	CCSBVarC023336	ENSP00000324804.6:p.His87Tyr	PPP2R1A	ENSG00000105568	CSDC2
pilot3	CCSBORF5861	2	CCSBORF12279	3AT	2	331T>G	385	NC_000019.10:52211319:T:G	CCSBVarC023343	ENSP00000324804.6:p.Ser111Ala	PPP2R1A	ENSG00000105568	CSDC2
pilot3	CCSBORF5861	2	CCSBORF12279	3AT	2	352G>A	178	NC_000019.10:52211340:G:A	CCSBVarC023346	ENSP00000324804.6:p.Glu118Lys	PPP2R1A	ENSG00000105568	CSDC2
pilot3	CCSBORF5861	2	CCSBORF12279	3AT	2	377C>T	192	NC_000019.10:52211365:C:T	CCSBVarC023349	ENSP00000324804.6:p.Ala126Val	PPP2R1A	ENSG00000105568	CSDC2
pilot3	CCSBORF5861	2	CCSBORF12279	3AT	2	430C>T	68	NC_000019.10:52211418:C:T	CCSBVarC023352	ENSP00000324804.6:p.Arg144Cys	PPP2R1A	ENSG00000105568	CSDC2
pilot3	CCSBORF5861	2	CCSBORF12279	3AT	2	470G>A	141	NC_000019.10:52211458:G:A	CCSBVarC023356	ENSP00000324804.6:p.Arg157Gln	PPP2R1A	ENSG00000105568	CSDC2
pilot3	CCSBORF5861	2	CCSBORF12279	3AT	2	472G>C	0	NC_000019.10:52211460:G:C	CCSBVarC023359	ENSP00000324804.6:p.Val158Leu	PPP2R1A	ENSG00000105568	CSDC2
pilot3	CCSBORF5861	2	CCSBORF12279	3AT	2	522C>G	13	NC_000019.10:52212703:C:G	CCSBVarC023383	ENSP00000324804.6:p.Cys174Trp	PPP2R1A	ENSG00000105568	CSDC2
pilot3	CCSBORF5861	2	CCSBORF12279	3AT	2	532A>G	195	NC_000019.10:52212713:A:G	CCSBVarC023386	ENSP00000324804.6:p.Thr178Ala	PPP2R1A	ENSG00000105568	CSDC2
pilot3	CCSBORF5861	2	CCSBORF12279	3AT	2	536C>A	914	NC_000019.10:52212717:C:A	CCSBVarC023388	ENSP00000324804.6:p.Pro179His	PPP2R1A	ENSG00000105568	CSDC2
pilot3	CCSBORF5861	2	CCSBORF12279	3AT	2	536C>G	774	NC_000019.10:52212717:C:G	CCSBVarC023391	ENSP00000324804.6:p.Pro179Arg	PPP2R1A	ENSG00000105568	CSDC2
pilot3	CCSBORF5861	2	CCSBORF12279	3AT	2	536C>T	4246	NC_000019.10:52212717:C:T	CCSBVarC023394	ENSP00000324804.6:p.Pro179Leu	PPP2R1A	ENSG00000105568	CSDC2
pilot3	CCSBORF5861	2	CCSBORF12279	3AT	2	538A>G	3	NC_000019.10:52212719:A:G	CCSBVarC023426	ENSP00000324804.6:p.Met180Val	PPP2R1A	ENSG00000105568	CSDC2
pilot3	CCSBORF5861	2	CCSBORF100062506	3AT	2	REF	919	NULL	NULL	NULL	PPP2R1A	ENSG00000105568	FBXO43
pilot3	CCSBORF5861	2	CCSBORF100062506	3AT	2	259C>T	584	NC_000019.10:52206051:C:T	CCSBVarC023336	ENSP00000324804.6:p.His87Tyr	PPP2R1A	ENSG00000105568	FBXO43
pilot3	CCSBORF5861	2	CCSBORF100062506	3AT	2	331T>G	440	NC_000019.10:52211319:T:G	CCSBVarC023343	ENSP00000324804.6:p.Ser111Ala	PPP2R1A	ENSG00000105568	FBXO43
pilot3	CCSBORF5861	2	CCSBORF100062506	3AT	2	352G>A	1434	NC_000019.10:52211340:G:A	CCSBVarC023346	ENSP00000324804.6:p.Glu118Lys	PPP2R1A	ENSG00000105568	FBXO43
pilot3	CCSBORF5861	2	CCSBORF100062506	3AT	2	377C>T	112	NC_000019.10:52211365:C:T	CCSBVarC023349	ENSP00000324804.6:p.Ala126Val	PPP2R1A	ENSG00000105568	FBXO43
pilot3	CCSBORF5861	2	CCSBORF100062506	3AT	2	430C>T	531	NC_000019.10:52211418:C:T	CCSBVarC023352	ENSP00000324804.6:p.Arg144Cys	PPP2R1A	ENSG00000105568	FBXO43
pilot3	CCSBORF5861	2	CCSBORF100062506	3AT	2	470G>A	382	NC_000019.10:52211458:G:A	CCSBVarC023356	ENSP00000324804.6:p.Arg157Gln	PPP2R1A	ENSG00000105568	FBXO43
pilot3	CCSBORF5861	2	CCSBORF100062506	3AT	2	472G>C	3	NC_000019.10:52211460:G:C	CCSBVarC023359	ENSP00000324804.6:p.Val158Leu	PPP2R1A	ENSG00000105568	FBXO43
pilot3	CCSBORF5861	2	CCSBORF100062506	3AT	2	522C>G	141	NC_000019.10:52212703:C:G	CCSBVarC023383	ENSP00000324804.6:p.Cys174Trp	PPP2R1A	ENSG00000105568	FBXO43
pilot3	CCSBORF5861	2	CCSBORF100062506	3AT	2	532A>G	484	NC_000019.10:52212713:A:G	CCSBVarC023386	ENSP00000324804.6:p.Thr178Ala	PPP2R1A	ENSG00000105568	FBXO43
pilot3	CCSBORF5861	2	CCSBORF100062506	3AT	2	536C>A	410	NC_000019.10:52212717:C:A	CCSBVarC023388	ENSP00000324804.6:p.Pro179His	PPP2R1A	ENSG00000105568	FBXO43
pilot3	CCSBORF5861	2	CCSBORF100062506	3AT	2	536C>G	1213	NC_000019.10:52212717:C:G	CCSBVarC023391	ENSP00000324804.6:p.Pro179Arg	PPP2R1A	ENSG00000105568	FBXO43
pilot3	CCSBORF5861	2	CCSBORF100062506	3AT	2	536C>T	2685	NC_000019.10:52212717:C:T	CCSBVarC023394	ENSP00000324804.6:p.Pro179Leu	PPP2R1A	ENSG00000105568	FBXO43
pilot3	CCSBORF5861	2	CCSBORF100062506	3AT	2	538A>G	5	NC_000019.10:52212719:A:G	CCSBVarC023426	ENSP00000324804.6:p.Met180Val	PPP2R1A	ENSG00000105568	FBXO43
pilot3	CCSBORF5861	2	CCSBORF100061924	3AT	2	REF	2013	NULL	NULL	NULL	PPP2R1A	ENSG00000105568	GOLGA6A
pilot3	CCSBORF5861	2	CCSBORF100061924	3AT	2	259C>T	957	NC_000019.10:52206051:C:T	CCSBVarC023336	ENSP00000324804.6:p.His87Tyr	PPP2R1A	ENSG00000105568	GOLGA6A
pilot3	CCSBORF5861	2	CCSBORF100061924	3AT	2	331T>G	1225	NC_000019.10:52211319:T:G	CCSBVarC023343	ENSP00000324804.6:p.Ser111Ala	PPP2R1A	ENSG00000105568	GOLGA6A
pilot3	CCSBORF5861	2	CCSBORF100061924	3AT	2	352G>A	2263	NC_000019.10:52211340:G:A	CCSBVarC023346	ENSP00000324804.6:p.Glu118Lys	PPP2R1A	ENSG00000105568	GOLGA6A
pilot3	CCSBORF5861	2	CCSBORF100061924	3AT	2	377C>T	307	NC_000019.10:52211365:C:T	CCSBVarC023349	ENSP00000324804.6:p.Ala126Val	PPP2R1A	ENSG00000105568	GOLGA6A
pilot3	CCSBORF5861	2	CCSBORF100061924	3AT	2	430C>T	791	NC_000019.10:52211418:C:T	CCSBVarC023352	ENSP00000324804.6:p.Arg144Cys	PPP2R1A	ENSG00000105568	GOLGA6A
pilot3	CCSBORF5861	2	CCSBORF100061924	3AT	2	470G>A	739	NC_000019.10:52211458:G:A	CCSBVarC023356	ENSP00000324804.6:p.Arg157Gln	PPP2R1A	ENSG00000105568	GOLGA6A
pilot3	CCSBORF5861	2	CCSBORF100061924	3AT	2	472G>C	48	NC_000019.10:52211460:G:C	CCSBVarC023359	ENSP00000324804.6:p.Val158Leu	PPP2R1A	ENSG00000105568	GOLGA6A
pilot3	CCSBORF5861	2	CCSBORF100061924	3AT	2	522C>G	141	NC_000019.10:52212703:C:G	CCSBVarC023383	ENSP00000324804.6:p.Cys174Trp	PPP2R1A	ENSG00000105568	GOLGA6A
pilot3	CCSBORF5861	2	CCSBORF100061924	3AT	2	532A>G	476	NC_000019.10:52212713:A:G	CCSBVarC023386	ENSP00000324804.6:p.Thr178Ala	PPP2R1A	ENSG00000105568	GOLGA6A
pilot3	CCSBORF5861	2	CCSBORF100061924	3AT	2	536C>A	38	NC_000019.10:52212717:C:A	CCSBVarC023388	ENSP00000324804.6:p.Pro179His	PPP2R1A	ENSG00000105568	GOLGA6A
pilot3	CCSBORF5861	2	CCSBORF100061924	3AT	2	536C>G	353	NC_000019.10:52212717:C:G	CCSBVarC023391	ENSP00000324804.6:p.Pro179Arg	PPP2R1A	ENSG00000105568	GOLGA6A
pilot3	CCSBORF5861	2	CCSBORF100061924	3AT	2	536C>T	521	NC_000019.10:52212717:C:T	CCSBVarC023394	ENSP00000324804.6:p.Pro179Leu	PPP2R1A	ENSG00000105568	GOLGA6A
pilot3	CCSBORF5861	2	CCSBORF100061924	3AT	2	538A>G	3	NC_000019.10:52212719:A:G	CCSBVarC023426	ENSP00000324804.6:p.Met180Val	PPP2R1A	ENSG00000105568	GOLGA6A
pilot3	CCSBORF5861	2	CCSBORF52950	3AT	2	REF	1872	NULL	NULL	NULL	PPP2R1A	ENSG00000105568	STRN
pilot3	CCSBORF5861	2	CCSBORF52950	3AT	2	259C>T	1223	NC_000019.10:52206051:C:T	CCSBVarC023336	ENSP00000324804.6:p.His87Tyr	PPP2R1A	ENSG00000105568	STRN
pilot3	CCSBORF5861	2	CCSBORF52950	3AT	2	331T>G	463	NC_000019.10:52211319:T:G	CCSBVarC023343	ENSP00000324804.6:p.Ser111Ala	PPP2R1A	ENSG00000105568	STRN
pilot3	CCSBORF5861	2	CCSBORF52950	3AT	2	352G>A	1392	NC_000019.10:52211340:G:A	CCSBVarC023346	ENSP00000324804.6:p.Glu118Lys	PPP2R1A	ENSG00000105568	STRN
pilot3	CCSBORF5861	2	CCSBORF52950	3AT	2	377C>T	119	NC_000019.10:52211365:C:T	CCSBVarC023349	ENSP00000324804.6:p.Ala126Val	PPP2R1A	ENSG00000105568	STRN
pilot3	CCSBORF5861	2	CCSBORF52950	3AT	2	430C>T	598	NC_000019.10:52211418:C:T	CCSBVarC023352	ENSP00000324804.6:p.Arg144Cys	PPP2R1A	ENSG00000105568	STRN
pilot3	CCSBORF5861	2	CCSBORF52950	3AT	2	470G>A	365	NC_000019.10:52211458:G:A	CCSBVarC023356	ENSP00000324804.6:p.Arg157Gln	PPP2R1A	ENSG00000105568	STRN
pilot3	CCSBORF5861	2	CCSBORF52950	3AT	2	472G>C	10	NC_000019.10:52211460:G:C	CCSBVarC023359	ENSP00000324804.6:p.Val158Leu	PPP2R1A	ENSG00000105568	STRN
pilot3	CCSBORF5861	2	CCSBORF52950	3AT	2	522C>G	103	NC_000019.10:52212703:C:G	CCSBVarC023383	ENSP00000324804.6:p.Cys174Trp	PPP2R1A	ENSG00000105568	STRN
pilot3	CCSBORF5861	2	CCSBORF52950	3AT	2	532A>G	434	NC_000019.10:52212713:A:G	CCSBVarC023386	ENSP00000324804.6:p.Thr178Ala	PPP2R1A	ENSG00000105568	STRN
pilot3	CCSBORF5861	2	CCSBORF52950	3AT	2	536C>A	970	NC_000019.10:52212717:C:A	CCSBVarC023388	ENSP00000324804.6:p.Pro179His	PPP2R1A	ENSG00000105568	STRN
pilot3	CCSBORF5861	2	CCSBORF52950	3AT	2	536C>G	858	NC_000019.10:52212717:C:G	CCSBVarC023391	ENSP00000324804.6:p.Pro179Arg	PPP2R1A	ENSG00000105568	STRN
pilot3	CCSBORF5861	2	CCSBORF52950	3AT	2	536C>T	6601	NC_000019.10:52212717:C:T	CCSBVarC023394	ENSP00000324804.6:p.Pro179Leu	PPP2R1A	ENSG00000105568	STRN
pilot3	CCSBORF5861	2	CCSBORF52950	3AT	2	538A>G	3	NC_000019.10:52212719:A:G	CCSBVarC023426	ENSP00000324804.6:p.Met180Val	PPP2R1A	ENSG00000105568	STRN
pilot3	CCSBORF5861	2	CCSBORF55030	3AT	2	REF	1785	NULL	NULL	NULL	PPP2R1A	ENSG00000105568	STRN3
pilot3	CCSBORF5861	2	CCSBORF55030	3AT	2	259C>T	821	NC_000019.10:52206051:C:T	CCSBVarC023336	ENSP00000324804.6:p.His87Tyr	PPP2R1A	ENSG00000105568	STRN3
pilot3	CCSBORF5861	2	CCSBORF55030	3AT	2	331T>G	530	NC_000019.10:52211319:T:G	CCSBVarC023343	ENSP00000324804.6:p.Ser111Ala	PPP2R1A	ENSG00000105568	STRN3
pilot3	CCSBORF5861	2	CCSBORF55030	3AT	2	352G>A	1919	NC_000019.10:52211340:G:A	CCSBVarC023346	ENSP00000324804.6:p.Glu118Lys	PPP2R1A	ENSG00000105568	STRN3
pilot3	CCSBORF5861	2	CCSBORF55030	3AT	2	377C>T	292	NC_000019.10:52211365:C:T	CCSBVarC023349	ENSP00000324804.6:p.Ala126Val	PPP2R1A	ENSG00000105568	STRN3
pilot3	CCSBORF5861	2	CCSBORF55030	3AT	2	430C>T	874	NC_000019.10:52211418:C:T	CCSBVarC023352	ENSP00000324804.6:p.Arg144Cys	PPP2R1A	ENSG00000105568	STRN3
pilot3	CCSBORF5861	2	CCSBORF55030	3AT	2	470G>A	607	NC_000019.10:52211458:G:A	CCSBVarC023356	ENSP00000324804.6:p.Arg157Gln	PPP2R1A	ENSG00000105568	STRN3
pilot3	CCSBORF5861	2	CCSBORF55030	3AT	2	472G>C	80	NC_000019.10:52211460:G:C	CCSBVarC023359	ENSP00000324804.6:p.Val158Leu	PPP2R1A	ENSG00000105568	STRN3
pilot3	CCSBORF5861	2	CCSBORF55030	3AT	2	522C>G	132	NC_000019.10:52212703:C:G	CCSBVarC023383	ENSP00000324804.6:p.Cys174Trp	PPP2R1A	ENSG00000105568	STRN3
pilot3	CCSBORF5861	2	CCSBORF55030	3AT	2	532A>G	542	NC_000019.10:52212713:A:G	CCSBVarC023386	ENSP00000324804.6:p.Thr178Ala	PPP2R1A	ENSG00000105568	STRN3
pilot3	CCSBORF5861	2	CCSBORF55030	3AT	2	536C>A	858	NC_000019.10:52212717:C:A	CCSBVarC023388	ENSP00000324804.6:p.Pro179His	PPP2R1A	ENSG00000105568	STRN3
pilot3	CCSBORF5861	2	CCSBORF55030	3AT	2	536C>G	456	NC_000019.10:52212717:C:G	CCSBVarC023391	ENSP00000324804.6:p.Pro179Arg	PPP2R1A	ENSG00000105568	STRN3
pilot3	CCSBORF5861	2	CCSBORF55030	3AT	2	536C>T	2779	NC_000019.10:52212717:C:T	CCSBVarC023394	ENSP00000324804.6:p.Pro179Leu	PPP2R1A	ENSG00000105568	STRN3
pilot3	CCSBORF5861	2	CCSBORF55030	3AT	2	538A>G	4	NC_000019.10:52212719:A:G	CCSBVarC023426	ENSP00000324804.6:p.Met180Val	PPP2R1A	ENSG00000105568	STRN3
pilot3	CCSBORF5861	2	CCSBORF0	3AT	2	REF	5	NULL	NULL	NULL	PPP2R1A	ENSG00000105568	empty_AD
pilot3	CCSBORF5861	2	CCSBORF0	3AT	2	259C>T	0	NC_000019.10:52206051:C:T	CCSBVarC023336	ENSP00000324804.6:p.His87Tyr	PPP2R1A	ENSG00000105568	empty_AD
pilot3	CCSBORF5861	2	CCSBORF0	3AT	2	331T>G	43	NC_000019.10:52211319:T:G	CCSBVarC023343	ENSP00000324804.6:p.Ser111Ala	PPP2R1A	ENSG00000105568	empty_AD
pilot3	CCSBORF5861	2	CCSBORF0	3AT	2	352G>A	0	NC_000019.10:52211340:G:A	CCSBVarC023346	ENSP00000324804.6:p.Glu118Lys	PPP2R1A	ENSG00000105568	empty_AD
pilot3	CCSBORF5861	2	CCSBORF0	3AT	2	377C>T	69	NC_000019.10:52211365:C:T	CCSBVarC023349	ENSP00000324804.6:p.Ala126Val	PPP2R1A	ENSG00000105568	empty_AD
pilot3	CCSBORF5861	2	CCSBORF0	3AT	2	430C>T	22	NC_000019.10:52211418:C:T	CCSBVarC023352	ENSP00000324804.6:p.Arg144Cys	PPP2R1A	ENSG00000105568	empty_AD
pilot3	CCSBORF5861	2	CCSBORF0	3AT	2	470G>A	0	NC_000019.10:52211458:G:A	CCSBVarC023356	ENSP00000324804.6:p.Arg157Gln	PPP2R1A	ENSG00000105568	empty_AD
pilot3	CCSBORF5861	2	CCSBORF0	3AT	2	472G>C	0	NC_000019.10:52211460:G:C	CCSBVarC023359	ENSP00000324804.6:p.Val158Leu	PPP2R1A	ENSG00000105568	empty_AD
pilot3	CCSBORF5861	2	CCSBORF0	3AT	2	522C>G	0	NC_000019.10:52212703:C:G	CCSBVarC023383	ENSP00000324804.6:p.Cys174Trp	PPP2R1A	ENSG00000105568	empty_AD
pilot3	CCSBORF5861	2	CCSBORF0	3AT	2	532A>G	13	NC_000019.10:52212713:A:G	CCSBVarC023386	ENSP00000324804.6:p.Thr178Ala	PPP2R1A	ENSG00000105568	empty_AD
pilot3	CCSBORF5861	2	CCSBORF0	3AT	2	536C>A	0	NC_000019.10:52212717:C:A	CCSBVarC023388	ENSP00000324804.6:p.Pro179His	PPP2R1A	ENSG00000105568	empty_AD
pilot3	CCSBORF5861	2	CCSBORF0	3AT	2	536C>G	0	NC_000019.10:52212717:C:G	CCSBVarC023391	ENSP00000324804.6:p.Pro179Arg	PPP2R1A	ENSG00000105568	empty_AD
pilot3	CCSBORF5861	2	CCSBORF0	3AT	2	536C>T	38	NC_000019.10:52212717:C:T	CCSBVarC023394	ENSP00000324804.6:p.Pro179Leu	PPP2R1A	ENSG00000105568	empty_AD
pilot3	CCSBORF5861	2	CCSBORF0	3AT	2	538A>G	0	NC_000019.10:52212719:A:G	CCSBVarC023426	ENSP00000324804.6:p.Met180Val	PPP2R1A	ENSG00000105568	empty_AD
pilot3	CCSBORF5861	6	CCSBORF12279	3AT	2	REF	144	NULL	NULL	NULL	PPP2R1A	ENSG00000105568	CSDC2
pilot3	CCSBORF5861	6	CCSBORF12279	3AT	2	1030G>T	15	NC_000019.10:52216564:G:T	CCSBVarC023477	ENSP00000324804.6:p.Ala344Ser	PPP2R1A	ENSG00000105568	CSDC2
pilot3	CCSBORF5861	6	CCSBORF12279	3AT	2	1229A>T	22	NC_000019.10:52219790:A:T	CCSBVarC023479	ENSP00000324804.6:p.Glu410Val	PPP2R1A	ENSG00000105568	CSDC2
pilot3	CCSBORF5861	6	CCSBORF12279	3AT	2	1481A>G	23	NC_000019.10:52221095:A:G	CCSBVarC023482	ENSP00000324804.6:p.Asn494Ser	PPP2R1A	ENSG00000105568	CSDC2
pilot3	CCSBORF5861	6	CCSBORF12279	3AT	2	1493G>T	0	NC_000019.10:52221107:G:T	CCSBVarC023486	ENSP00000324804.6:p.Arg498Leu	PPP2R1A	ENSG00000105568	CSDC2
pilot3	CCSBORF5861	6	CCSBORF12279	3AT	2	1513A>G	11	NC_000019.10:52221127:A:G	CCSBVarC023489	ENSP00000324804.6:p.Ile505Val	PPP2R1A	ENSG00000105568	CSDC2
pilot3	CCSBORF5861	6	CCSBORF12279	3AT	2	1560C>G	49	NC_000019.10:52222139:C:G	CCSBVarC023493	ENSP00000324804.6:p.His520Gln	PPP2R1A	ENSG00000105568	CSDC2
pilot3	CCSBORF5861	6	CCSBORF12279	3AT	2	539T>C	336	NC_000019.10:52212720:T:C	CCSBVarC023429	ENSP00000324804.6:p.Met180Thr	PPP2R1A	ENSG00000105568	CSDC2
pilot3	CCSBORF5861	6	CCSBORF12279	3AT	2	547C>G	104	NC_000019.10:52212728:C:G	CCSBVarC023437	ENSP00000324804.6:p.Arg183Gly	PPP2R1A	ENSG00000105568	CSDC2
pilot3	CCSBORF5861	6	CCSBORF12279	3AT	2	547C>T	1627	NC_000019.10:52212728:C:T	CCSBVarC023440	ENSP00000324804.6:p.Arg183Trp	PPP2R1A	ENSG00000105568	CSDC2
pilot3	CCSBORF5861	6	CCSBORF12279	3AT	2	548G>C	1000	NC_000019.10:52212729:G:C	CCSBVarC023445	ENSP00000324804.6:p.Arg183Pro	PPP2R1A	ENSG00000105568	CSDC2
pilot3	CCSBORF5861	6	CCSBORF12279	3AT	2	553G>A	202	NC_000019.10:52212734:G:A	CCSBVarC023447	ENSP00000324804.6:p.Ala185Thr	PPP2R1A	ENSG00000105568	CSDC2
pilot3	CCSBORF5861	6	CCSBORF12279	3AT	2	658G>A	68	NC_000019.10:52212960:G:A	CCSBVarC023455	ENSP00000324804.6:p.Val220Met	PPP2R1A	ENSG00000105568	CSDC2
pilot3	CCSBORF5861	6	CCSBORF12279	3AT	2	694G>A	5	NC_000019.10:52212996:G:A	CCSBVarC023458	ENSP00000324804.6:p.Ala232Thr	PPP2R1A	ENSG00000105568	CSDC2
pilot3	CCSBORF5861	6	CCSBORF100062506	3AT	2	REF	1835	NULL	NULL	NULL	PPP2R1A	ENSG00000105568	FBXO43
pilot3	CCSBORF5861	6	CCSBORF100062506	3AT	2	1030G>T	454	NC_000019.10:52216564:G:T	CCSBVarC023477	ENSP00000324804.6:p.Ala344Ser	PPP2R1A	ENSG00000105568	FBXO43
pilot3	CCSBORF5861	6	CCSBORF100062506	3AT	2	1229A>T	187	NC_000019.10:52219790:A:T	CCSBVarC023479	ENSP00000324804.6:p.Glu410Val	PPP2R1A	ENSG00000105568	FBXO43
pilot3	CCSBORF5861	6	CCSBORF100062506	3AT	2	1481A>G	1345	NC_000019.10:52221095:A:G	CCSBVarC023482	ENSP00000324804.6:p.Asn494Ser	PPP2R1A	ENSG00000105568	FBXO43
pilot3	CCSBORF5861	6	CCSBORF100062506	3AT	2	1493G>T	0	NC_000019.10:52221107:G:T	CCSBVarC023486	ENSP00000324804.6:p.Arg498Leu	PPP2R1A	ENSG00000105568	FBXO43
pilot3	CCSBORF5861	6	CCSBORF100062506	3AT	2	1513A>G	128	NC_000019.10:52221127:A:G	CCSBVarC023489	ENSP00000324804.6:p.Ile505Val	PPP2R1A	ENSG00000105568	FBXO43
pilot3	CCSBORF5861	6	CCSBORF100062506	3AT	2	1560C>G	569	NC_000019.10:52222139:C:G	CCSBVarC023493	ENSP00000324804.6:p.His520Gln	PPP2R1A	ENSG00000105568	FBXO43
pilot3	CCSBORF5861	6	CCSBORF100062506	3AT	2	539T>C	1107	NC_000019.10:52212720:T:C	CCSBVarC023429	ENSP00000324804.6:p.Met180Thr	PPP2R1A	ENSG00000105568	FBXO43
pilot3	CCSBORF5861	6	CCSBORF100062506	3AT	2	547C>G	566	NC_000019.10:52212728:C:G	CCSBVarC023437	ENSP00000324804.6:p.Arg183Gly	PPP2R1A	ENSG00000105568	FBXO43
pilot3	CCSBORF5861	6	CCSBORF100062506	3AT	2	547C>T	577	NC_000019.10:52212728:C:T	CCSBVarC023440	ENSP00000324804.6:p.Arg183Trp	PPP2R1A	ENSG00000105568	FBXO43
pilot3	CCSBORF5861	6	CCSBORF100062506	3AT	2	548G>C	2229	NC_000019.10:52212729:G:C	CCSBVarC023445	ENSP00000324804.6:p.Arg183Pro	PPP2R1A	ENSG00000105568	FBXO43
pilot3	CCSBORF5861	6	CCSBORF100062506	3AT	2	553G>A	2351	NC_000019.10:52212734:G:A	CCSBVarC023447	ENSP00000324804.6:p.Ala185Thr	PPP2R1A	ENSG00000105568	FBXO43
pilot3	CCSBORF5861	6	CCSBORF100062506	3AT	2	658G>A	1471	NC_000019.10:52212960:G:A	CCSBVarC023455	ENSP00000324804.6:p.Val220Met	PPP2R1A	ENSG00000105568	FBXO43
pilot3	CCSBORF5861	6	CCSBORF100062506	3AT	2	694G>A	88	NC_000019.10:52212996:G:A	CCSBVarC023458	ENSP00000324804.6:p.Ala232Thr	PPP2R1A	ENSG00000105568	FBXO43
pilot3	CCSBORF5861	6	CCSBORF100061924	3AT	2	REF	1451	NULL	NULL	NULL	PPP2R1A	ENSG00000105568	GOLGA6A
pilot3	CCSBORF5861	6	CCSBORF100061924	3AT	2	1030G>T	744	NC_000019.10:52216564:G:T	CCSBVarC023477	ENSP00000324804.6:p.Ala344Ser	PPP2R1A	ENSG00000105568	GOLGA6A
pilot3	CCSBORF5861	6	CCSBORF100061924	3AT	2	1229A>T	372	NC_000019.10:52219790:A:T	CCSBVarC023479	ENSP00000324804.6:p.Glu410Val	PPP2R1A	ENSG00000105568	GOLGA6A
pilot3	CCSBORF5861	6	CCSBORF100061924	3AT	2	1481A>G	1169	NC_000019.10:52221095:A:G	CCSBVarC023482	ENSP00000324804.6:p.Asn494Ser	PPP2R1A	ENSG00000105568	GOLGA6A
pilot3	CCSBORF5861	6	CCSBORF100061924	3AT	2	1493G>T	160	NC_000019.10:52221107:G:T	CCSBVarC023486	ENSP00000324804.6:p.Arg498Leu	PPP2R1A	ENSG00000105568	GOLGA6A
pilot3	CCSBORF5861	6	CCSBORF100061924	3AT	2	1513A>G	174	NC_000019.10:52221127:A:G	CCSBVarC023489	ENSP00000324804.6:p.Ile505Val	PPP2R1A	ENSG00000105568	GOLGA6A
pilot3	CCSBORF5861	6	CCSBORF100061924	3AT	2	1560C>G	1406	NC_000019.10:52222139:C:G	CCSBVarC023493	ENSP00000324804.6:p.His520Gln	PPP2R1A	ENSG00000105568	GOLGA6A
pilot3	CCSBORF5861	6	CCSBORF100061924	3AT	2	539T>C	1664	NC_000019.10:52212720:T:C	CCSBVarC023429	ENSP00000324804.6:p.Met180Thr	PPP2R1A	ENSG00000105568	GOLGA6A
pilot3	CCSBORF5861	6	CCSBORF100061924	3AT	2	547C>G	12	NC_000019.10:52212728:C:G	CCSBVarC023437	ENSP00000324804.6:p.Arg183Gly	PPP2R1A	ENSG00000105568	GOLGA6A
pilot3	CCSBORF5861	6	CCSBORF100061924	3AT	2	547C>T	10	NC_000019.10:52212728:C:T	CCSBVarC023440	ENSP00000324804.6:p.Arg183Trp	PPP2R1A	ENSG00000105568	GOLGA6A
pilot3	CCSBORF5861	6	CCSBORF100061924	3AT	2	548G>C	63	NC_000019.10:52212729:G:C	CCSBVarC023445	ENSP00000324804.6:p.Arg183Pro	PPP2R1A	ENSG00000105568	GOLGA6A
pilot3	CCSBORF5861	6	CCSBORF100061924	3AT	2	553G>A	3751	NC_000019.10:52212734:G:A	CCSBVarC023447	ENSP00000324804.6:p.Ala185Thr	PPP2R1A	ENSG00000105568	GOLGA6A
pilot3	CCSBORF5861	6	CCSBORF100061924	3AT	2	658G>A	1461	NC_000019.10:52212960:G:A	CCSBVarC023455	ENSP00000324804.6:p.Val220Met	PPP2R1A	ENSG00000105568	GOLGA6A
pilot3	CCSBORF5861	6	CCSBORF100061924	3AT	2	694G>A	141	NC_000019.10:52212996:G:A	CCSBVarC023458	ENSP00000324804.6:p.Ala232Thr	PPP2R1A	ENSG00000105568	GOLGA6A
pilot3	CCSBORF5861	6	CCSBORF52950	3AT	2	REF	381	NULL	NULL	NULL	PPP2R1A	ENSG00000105568	STRN
pilot3	CCSBORF5861	6	CCSBORF52950	3AT	2	1030G>T	107	NC_000019.10:52216564:G:T	CCSBVarC023477	ENSP00000324804.6:p.Ala344Ser	PPP2R1A	ENSG00000105568	STRN
pilot3	CCSBORF5861	6	CCSBORF52950	3AT	2	1229A>T	1	NC_000019.10:52219790:A:T	CCSBVarC023479	ENSP00000324804.6:p.Glu410Val	PPP2R1A	ENSG00000105568	STRN
pilot3	CCSBORF5861	6	CCSBORF52950	3AT	2	1481A>G	25	NC_000019.10:52221095:A:G	CCSBVarC023482	ENSP00000324804.6:p.Asn494Ser	PPP2R1A	ENSG00000105568	STRN
pilot3	CCSBORF5861	6	CCSBORF52950	3AT	2	1493G>T	7	NC_000019.10:52221107:G:T	CCSBVarC023486	ENSP00000324804.6:p.Arg498Leu	PPP2R1A	ENSG00000105568	STRN
pilot3	CCSBORF5861	6	CCSBORF52950	3AT	2	1513A>G	44	NC_000019.10:52221127:A:G	CCSBVarC023489	ENSP00000324804.6:p.Ile505Val	PPP2R1A	ENSG00000105568	STRN
pilot3	CCSBORF5861	6	CCSBORF52950	3AT	2	1560C>G	233	NC_000019.10:52222139:C:G	CCSBVarC023493	ENSP00000324804.6:p.His520Gln	PPP2R1A	ENSG00000105568	STRN
pilot3	CCSBORF5861	6	CCSBORF52950	3AT	2	539T>C	617	NC_000019.10:52212720:T:C	CCSBVarC023429	ENSP00000324804.6:p.Met180Thr	PPP2R1A	ENSG00000105568	STRN
pilot3	CCSBORF5861	6	CCSBORF52950	3AT	2	547C>G	407	NC_000019.10:52212728:C:G	CCSBVarC023437	ENSP00000324804.6:p.Arg183Gly	PPP2R1A	ENSG00000105568	STRN
pilot3	CCSBORF5861	6	CCSBORF52950	3AT	2	547C>T	546	NC_000019.10:52212728:C:T	CCSBVarC023440	ENSP00000324804.6:p.Arg183Trp	PPP2R1A	ENSG00000105568	STRN
pilot3	CCSBORF5861	6	CCSBORF52950	3AT	2	548G>C	3243	NC_000019.10:52212729:G:C	CCSBVarC023445	ENSP00000324804.6:p.Arg183Pro	PPP2R1A	ENSG00000105568	STRN
pilot3	CCSBORF5861	6	CCSBORF52950	3AT	2	553G>A	1100	NC_000019.10:52212734:G:A	CCSBVarC023447	ENSP00000324804.6:p.Ala185Thr	PPP2R1A	ENSG00000105568	STRN
pilot3	CCSBORF5861	6	CCSBORF52950	3AT	2	658G>A	1449	NC_000019.10:52212960:G:A	CCSBVarC023455	ENSP00000324804.6:p.Val220Met	PPP2R1A	ENSG00000105568	STRN
pilot3	CCSBORF5861	6	CCSBORF52950	3AT	2	694G>A	42	NC_000019.10:52212996:G:A	CCSBVarC023458	ENSP00000324804.6:p.Ala232Thr	PPP2R1A	ENSG00000105568	STRN
pilot3	CCSBORF5861	6	CCSBORF55030	3AT	2	REF	977	NULL	NULL	NULL	PPP2R1A	ENSG00000105568	STRN3
pilot3	CCSBORF5861	6	CCSBORF55030	3AT	2	1030G>T	571	NC_000019.10:52216564:G:T	CCSBVarC023477	ENSP00000324804.6:p.Ala344Ser	PPP2R1A	ENSG00000105568	STRN3
pilot3	CCSBORF5861	6	CCSBORF55030	3AT	2	1229A>T	259	NC_000019.10:52219790:A:T	CCSBVarC023479	ENSP00000324804.6:p.Glu410Val	PPP2R1A	ENSG00000105568	STRN3
pilot3	CCSBORF5861	6	CCSBORF55030	3AT	2	1481A>G	655	NC_000019.10:52221095:A:G	CCSBVarC023482	ENSP00000324804.6:p.Asn494Ser	PPP2R1A	ENSG00000105568	STRN3
pilot3	CCSBORF5861	6	CCSBORF55030	3AT	2	1493G>T	128	NC_000019.10:52221107:G:T	CCSBVarC023486	ENSP00000324804.6:p.Arg498Leu	PPP2R1A	ENSG00000105568	STRN3
pilot3	CCSBORF5861	6	CCSBORF55030	3AT	2	1513A>G	178	NC_000019.10:52221127:A:G	CCSBVarC023489	ENSP00000324804.6:p.Ile505Val	PPP2R1A	ENSG00000105568	STRN3
pilot3	CCSBORF5861	6	CCSBORF55030	3AT	2	1560C>G	1405	NC_000019.10:52222139:C:G	CCSBVarC023493	ENSP00000324804.6:p.His520Gln	PPP2R1A	ENSG00000105568	STRN3
pilot3	CCSBORF5861	6	CCSBORF55030	3AT	2	539T>C	1371	NC_000019.10:52212720:T:C	CCSBVarC023429	ENSP00000324804.6:p.Met180Thr	PPP2R1A	ENSG00000105568	STRN3
pilot3	CCSBORF5861	6	CCSBORF55030	3AT	2	547C>G	762	NC_000019.10:52212728:C:G	CCSBVarC023437	ENSP00000324804.6:p.Arg183Gly	PPP2R1A	ENSG00000105568	STRN3
pilot3	CCSBORF5861	6	CCSBORF55030	3AT	2	547C>T	413	NC_000019.10:52212728:C:T	CCSBVarC023440	ENSP00000324804.6:p.Arg183Trp	PPP2R1A	ENSG00000105568	STRN3
pilot3	CCSBORF5861	6	CCSBORF55030	3AT	2	548G>C	2195	NC_000019.10:52212729:G:C	CCSBVarC023445	ENSP00000324804.6:p.Arg183Pro	PPP2R1A	ENSG00000105568	STRN3
pilot3	CCSBORF5861	6	CCSBORF55030	3AT	2	553G>A	3046	NC_000019.10:52212734:G:A	CCSBVarC023447	ENSP00000324804.6:p.Ala185Thr	PPP2R1A	ENSG00000105568	STRN3
pilot3	CCSBORF5861	6	CCSBORF55030	3AT	2	658G>A	2795	NC_000019.10:52212960:G:A	CCSBVarC023455	ENSP00000324804.6:p.Val220Met	PPP2R1A	ENSG00000105568	STRN3
pilot3	CCSBORF5861	6	CCSBORF55030	3AT	2	694G>A	131	NC_000019.10:52212996:G:A	CCSBVarC023458	ENSP00000324804.6:p.Ala232Thr	PPP2R1A	ENSG00000105568	STRN3
pilot3	CCSBORF5861	6	CCSBORF0	3AT	2	REF	0	NULL	NULL	NULL	PPP2R1A	ENSG00000105568	empty_AD
pilot3	CCSBORF5861	6	CCSBORF0	3AT	2	1030G>T	0	NC_000019.10:52216564:G:T	CCSBVarC023477	ENSP00000324804.6:p.Ala344Ser	PPP2R1A	ENSG00000105568	empty_AD
pilot3	CCSBORF5861	6	CCSBORF0	3AT	2	1229A>T	0	NC_000019.10:52219790:A:T	CCSBVarC023479	ENSP00000324804.6:p.Glu410Val	PPP2R1A	ENSG00000105568	empty_AD
pilot3	CCSBORF5861	6	CCSBORF0	3AT	2	1481A>G	0	NC_000019.10:52221095:A:G	CCSBVarC023482	ENSP00000324804.6:p.Asn494Ser	PPP2R1A	ENSG00000105568	empty_AD
pilot3	CCSBORF5861	6	CCSBORF0	3AT	2	1493G>T	0	NC_000019.10:52221107:G:T	CCSBVarC023486	ENSP00000324804.6:p.Arg498Leu	PPP2R1A	ENSG00000105568	empty_AD
pilot3	CCSBORF5861	6	CCSBORF0	3AT	2	1513A>G	0	NC_000019.10:52221127:A:G	CCSBVarC023489	ENSP00000324804.6:p.Ile505Val	PPP2R1A	ENSG00000105568	empty_AD
pilot3	CCSBORF5861	6	CCSBORF0	3AT	2	1560C>G	0	NC_000019.10:52222139:C:G	CCSBVarC023493	ENSP00000324804.6:p.His520Gln	PPP2R1A	ENSG00000105568	empty_AD
pilot3	CCSBORF5861	6	CCSBORF0	3AT	2	539T>C	0	NC_000019.10:52212720:T:C	CCSBVarC023429	ENSP00000324804.6:p.Met180Thr	PPP2R1A	ENSG00000105568	empty_AD
pilot3	CCSBORF5861	6	CCSBORF0	3AT	2	547C>G	0	NC_000019.10:52212728:C:G	CCSBVarC023437	ENSP00000324804.6:p.Arg183Gly	PPP2R1A	ENSG00000105568	empty_AD
pilot3	CCSBORF5861	6	CCSBORF0	3AT	2	547C>T	0	NC_000019.10:52212728:C:T	CCSBVarC023440	ENSP00000324804.6:p.Arg183Trp	PPP2R1A	ENSG00000105568	empty_AD
pilot3	CCSBORF5861	6	CCSBORF0	3AT	2	548G>C	0	NC_000019.10:52212729:G:C	CCSBVarC023445	ENSP00000324804.6:p.Arg183Pro	PPP2R1A	ENSG00000105568	empty_AD
pilot3	CCSBORF5861	6	CCSBORF0	3AT	2	553G>A	0	NC_000019.10:52212734:G:A	CCSBVarC023447	ENSP00000324804.6:p.Ala185Thr	PPP2R1A	ENSG00000105568	empty_AD
pilot3	CCSBORF5861	6	CCSBORF0	3AT	2	658G>A	0	NC_000019.10:52212960:G:A	CCSBVarC023455	ENSP00000324804.6:p.Val220Met	PPP2R1A	ENSG00000105568	empty_AD
pilot3	CCSBORF5861	6	CCSBORF0	3AT	2	694G>A	0	NC_000019.10:52212996:G:A	CCSBVarC023458	ENSP00000324804.6:p.Ala232Thr	PPP2R1A	ENSG00000105568	empty_AD
pilot3	CCSBORF5861	3	CCSBORF12279	3AT	2	REF	161	NULL	NULL	NULL	PPP2R1A	ENSG00000105568	CSDC2
pilot3	CCSBORF5861	3	CCSBORF12279	3AT	2	1030G>T	61	NC_000019.10:52216564:G:T	CCSBVarC023477	ENSP00000324804.6:p.Ala344Ser	PPP2R1A	ENSG00000105568	CSDC2
pilot3	CCSBORF5861	3	CCSBORF12279	3AT	2	1229A>T	246	NC_000019.10:52219790:A:T	CCSBVarC023479	ENSP00000324804.6:p.Glu410Val	PPP2R1A	ENSG00000105568	CSDC2
pilot3	CCSBORF5861	3	CCSBORF12279	3AT	2	1481A>G	221	NC_000019.10:52221095:A:G	CCSBVarC023482	ENSP00000324804.6:p.Asn494Ser	PPP2R1A	ENSG00000105568	CSDC2
pilot3	CCSBORF5861	3	CCSBORF12279	3AT	2	1493G>T	2	NC_000019.10:52221107:G:T	CCSBVarC023486	ENSP00000324804.6:p.Arg498Leu	PPP2R1A	ENSG00000105568	CSDC2
pilot3	CCSBORF5861	3	CCSBORF12279	3AT	2	1513A>G	107	NC_000019.10:52221127:A:G	CCSBVarC023489	ENSP00000324804.6:p.Ile505Val	PPP2R1A	ENSG00000105568	CSDC2
pilot3	CCSBORF5861	3	CCSBORF12279	3AT	2	1560C>G	63	NC_000019.10:52222139:C:G	CCSBVarC023493	ENSP00000324804.6:p.His520Gln	PPP2R1A	ENSG00000105568	CSDC2
pilot3	CCSBORF5861	3	CCSBORF12279	3AT	2	539T>C	412	NC_000019.10:52212720:T:C	CCSBVarC023429	ENSP00000324804.6:p.Met180Thr	PPP2R1A	ENSG00000105568	CSDC2
pilot3	CCSBORF5861	3	CCSBORF12279	3AT	2	547C>G	463	NC_000019.10:52212728:C:G	CCSBVarC023437	ENSP00000324804.6:p.Arg183Gly	PPP2R1A	ENSG00000105568	CSDC2
pilot3	CCSBORF5861	3	CCSBORF12279	3AT	2	547C>T	3987	NC_000019.10:52212728:C:T	CCSBVarC023440	ENSP00000324804.6:p.Arg183Trp	PPP2R1A	ENSG00000105568	CSDC2
pilot3	CCSBORF5861	3	CCSBORF12279	3AT	2	548G>C	1524	NC_000019.10:52212729:G:C	CCSBVarC023445	ENSP00000324804.6:p.Arg183Pro	PPP2R1A	ENSG00000105568	CSDC2
pilot3	CCSBORF5861	3	CCSBORF12279	3AT	2	553G>A	145	NC_000019.10:52212734:G:A	CCSBVarC023447	ENSP00000324804.6:p.Ala185Thr	PPP2R1A	ENSG00000105568	CSDC2
pilot3	CCSBORF5861	3	CCSBORF12279	3AT	2	658G>A	289	NC_000019.10:52212960:G:A	CCSBVarC023455	ENSP00000324804.6:p.Val220Met	PPP2R1A	ENSG00000105568	CSDC2
pilot3	CCSBORF5861	3	CCSBORF12279	3AT	2	694G>A	248	NC_000019.10:52212996:G:A	CCSBVarC023458	ENSP00000324804.6:p.Ala232Thr	PPP2R1A	ENSG00000105568	CSDC2
pilot3	CCSBORF5861	3	CCSBORF100062506	3AT	2	REF	740	NULL	NULL	NULL	PPP2R1A	ENSG00000105568	FBXO43
pilot3	CCSBORF5861	3	CCSBORF100062506	3AT	2	1030G>T	227	NC_000019.10:52216564:G:T	CCSBVarC023477	ENSP00000324804.6:p.Ala344Ser	PPP2R1A	ENSG00000105568	FBXO43
pilot3	CCSBORF5861	3	CCSBORF100062506	3AT	2	1229A>T	109	NC_000019.10:52219790:A:T	CCSBVarC023479	ENSP00000324804.6:p.Glu410Val	PPP2R1A	ENSG00000105568	FBXO43
pilot3	CCSBORF5861	3	CCSBORF100062506	3AT	2	1481A>G	557	NC_000019.10:52221095:A:G	CCSBVarC023482	ENSP00000324804.6:p.Asn494Ser	PPP2R1A	ENSG00000105568	FBXO43
pilot3	CCSBORF5861	3	CCSBORF100062506	3AT	2	1493G>T	19	NC_000019.10:52221107:G:T	CCSBVarC023486	ENSP00000324804.6:p.Arg498Leu	PPP2R1A	ENSG00000105568	FBXO43
pilot3	CCSBORF5861	3	CCSBORF100062506	3AT	2	1513A>G	245	NC_000019.10:52221127:A:G	CCSBVarC023489	ENSP00000324804.6:p.Ile505Val	PPP2R1A	ENSG00000105568	FBXO43
pilot3	CCSBORF5861	3	CCSBORF100062506	3AT	2	1560C>G	103	NC_000019.10:52222139:C:G	CCSBVarC023493	ENSP00000324804.6:p.His520Gln	PPP2R1A	ENSG00000105568	FBXO43
pilot3	CCSBORF5861	3	CCSBORF100062506	3AT	2	539T>C	576	NC_000019.10:52212720:T:C	CCSBVarC023429	ENSP00000324804.6:p.Met180Thr	PPP2R1A	ENSG00000105568	FBXO43
pilot3	CCSBORF5861	3	CCSBORF100062506	3AT	2	547C>G	371	NC_000019.10:52212728:C:G	CCSBVarC023437	ENSP00000324804.6:p.Arg183Gly	PPP2R1A	ENSG00000105568	FBXO43
pilot3	CCSBORF5861	3	CCSBORF100062506	3AT	2	547C>T	593	NC_000019.10:52212728:C:T	CCSBVarC023440	ENSP00000324804.6:p.Arg183Trp	PPP2R1A	ENSG00000105568	FBXO43
pilot3	CCSBORF5861	3	CCSBORF100062506	3AT	2	548G>C	1473	NC_000019.10:52212729:G:C	CCSBVarC023445	ENSP00000324804.6:p.Arg183Pro	PPP2R1A	ENSG00000105568	FBXO43
pilot3	CCSBORF5861	3	CCSBORF100062506	3AT	2	553G>A	414	NC_000019.10:52212734:G:A	CCSBVarC023447	ENSP00000324804.6:p.Ala185Thr	PPP2R1A	ENSG00000105568	FBXO43
pilot3	CCSBORF5861	3	CCSBORF100062506	3AT	2	658G>A	707	NC_000019.10:52212960:G:A	CCSBVarC023455	ENSP00000324804.6:p.Val220Met	PPP2R1A	ENSG00000105568	FBXO43
pilot3	CCSBORF5861	3	CCSBORF100062506	3AT	2	694G>A	374	NC_000019.10:52212996:G:A	CCSBVarC023458	ENSP00000324804.6:p.Ala232Thr	PPP2R1A	ENSG00000105568	FBXO43
pilot3	CCSBORF5861	3	CCSBORF100061924	3AT	2	REF	997	NULL	NULL	NULL	PPP2R1A	ENSG00000105568	GOLGA6A
pilot3	CCSBORF5861	3	CCSBORF100061924	3AT	2	1030G>T	954	NC_000019.10:52216564:G:T	CCSBVarC023477	ENSP00000324804.6:p.Ala344Ser	PPP2R1A	ENSG00000105568	GOLGA6A
pilot3	CCSBORF5861	3	CCSBORF100061924	3AT	2	1229A>T	605	NC_000019.10:52219790:A:T	CCSBVarC023479	ENSP00000324804.6:p.Glu410Val	PPP2R1A	ENSG00000105568	GOLGA6A
pilot3	CCSBORF5861	3	CCSBORF100061924	3AT	2	1481A>G	1488	NC_000019.10:52221095:A:G	CCSBVarC023482	ENSP00000324804.6:p.Asn494Ser	PPP2R1A	ENSG00000105568	GOLGA6A
pilot3	CCSBORF5861	3	CCSBORF100061924	3AT	2	1493G>T	130	NC_000019.10:52221107:G:T	CCSBVarC023486	ENSP00000324804.6:p.Arg498Leu	PPP2R1A	ENSG00000105568	GOLGA6A
pilot3	CCSBORF5861	3	CCSBORF100061924	3AT	2	1513A>G	1101	NC_000019.10:52221127:A:G	CCSBVarC023489	ENSP00000324804.6:p.Ile505Val	PPP2R1A	ENSG00000105568	GOLGA6A
pilot3	CCSBORF5861	3	CCSBORF100061924	3AT	2	1560C>G	767	NC_000019.10:52222139:C:G	CCSBVarC023493	ENSP00000324804.6:p.His520Gln	PPP2R1A	ENSG00000105568	GOLGA6A
pilot3	CCSBORF5861	3	CCSBORF100061924	3AT	2	539T>C	671	NC_000019.10:52212720:T:C	CCSBVarC023429	ENSP00000324804.6:p.Met180Thr	PPP2R1A	ENSG00000105568	GOLGA6A
pilot3	CCSBORF5861	3	CCSBORF100061924	3AT	2	547C>G	1	NC_000019.10:52212728:C:G	CCSBVarC023437	ENSP00000324804.6:p.Arg183Gly	PPP2R1A	ENSG00000105568	GOLGA6A
pilot3	CCSBORF5861	3	CCSBORF100061924	3AT	2	547C>T	6	NC_000019.10:52212728:C:T	CCSBVarC023440	ENSP00000324804.6:p.Arg183Trp	PPP2R1A	ENSG00000105568	GOLGA6A
pilot3	CCSBORF5861	3	CCSBORF100061924	3AT	2	548G>C	5	NC_000019.10:52212729:G:C	CCSBVarC023445	ENSP00000324804.6:p.Arg183Pro	PPP2R1A	ENSG00000105568	GOLGA6A
pilot3	CCSBORF5861	3	CCSBORF100061924	3AT	2	553G>A	923	NC_000019.10:52212734:G:A	CCSBVarC023447	ENSP00000324804.6:p.Ala185Thr	PPP2R1A	ENSG00000105568	GOLGA6A
pilot3	CCSBORF5861	3	CCSBORF100061924	3AT	2	658G>A	2068	NC_000019.10:52212960:G:A	CCSBVarC023455	ENSP00000324804.6:p.Val220Met	PPP2R1A	ENSG00000105568	GOLGA6A
pilot3	CCSBORF5861	3	CCSBORF100061924	3AT	2	694G>A	1836	NC_000019.10:52212996:G:A	CCSBVarC023458	ENSP00000324804.6:p.Ala232Thr	PPP2R1A	ENSG00000105568	GOLGA6A
pilot3	CCSBORF5861	3	CCSBORF52950	3AT	2	REF	278	NULL	NULL	NULL	PPP2R1A	ENSG00000105568	STRN
pilot3	CCSBORF5861	3	CCSBORF52950	3AT	2	1030G>T	216	NC_000019.10:52216564:G:T	CCSBVarC023477	ENSP00000324804.6:p.Ala344Ser	PPP2R1A	ENSG00000105568	STRN
pilot3	CCSBORF5861	3	CCSBORF52950	3AT	2	1229A>T	0	NC_000019.10:52219790:A:T	CCSBVarC023479	ENSP00000324804.6:p.Glu410Val	PPP2R1A	ENSG00000105568	STRN
pilot3	CCSBORF5861	3	CCSBORF52950	3AT	2	1481A>G	35	NC_000019.10:52221095:A:G	CCSBVarC023482	ENSP00000324804.6:p.Asn494Ser	PPP2R1A	ENSG00000105568	STRN
pilot3	CCSBORF5861	3	CCSBORF52950	3AT	2	1493G>T	20	NC_000019.10:52221107:G:T	CCSBVarC023486	ENSP00000324804.6:p.Arg498Leu	PPP2R1A	ENSG00000105568	STRN
pilot3	CCSBORF5861	3	CCSBORF52950	3AT	2	1513A>G	67	NC_000019.10:52221127:A:G	CCSBVarC023489	ENSP00000324804.6:p.Ile505Val	PPP2R1A	ENSG00000105568	STRN
pilot3	CCSBORF5861	3	CCSBORF52950	3AT	2	1560C>G	374	NC_000019.10:52222139:C:G	CCSBVarC023493	ENSP00000324804.6:p.His520Gln	PPP2R1A	ENSG00000105568	STRN
pilot3	CCSBORF5861	3	CCSBORF52950	3AT	2	539T>C	317	NC_000019.10:52212720:T:C	CCSBVarC023429	ENSP00000324804.6:p.Met180Thr	PPP2R1A	ENSG00000105568	STRN
pilot3	CCSBORF5861	3	CCSBORF52950	3AT	2	547C>G	556	NC_000019.10:52212728:C:G	CCSBVarC023437	ENSP00000324804.6:p.Arg183Gly	PPP2R1A	ENSG00000105568	STRN
pilot3	CCSBORF5861	3	CCSBORF52950	3AT	2	547C>T	1002	NC_000019.10:52212728:C:T	CCSBVarC023440	ENSP00000324804.6:p.Arg183Trp	PPP2R1A	ENSG00000105568	STRN
pilot3	CCSBORF5861	3	CCSBORF52950	3AT	2	548G>C	3737	NC_000019.10:52212729:G:C	CCSBVarC023445	ENSP00000324804.6:p.Arg183Pro	PPP2R1A	ENSG00000105568	STRN
pilot3	CCSBORF5861	3	CCSBORF52950	3AT	2	553G>A	261	NC_000019.10:52212734:G:A	CCSBVarC023447	ENSP00000324804.6:p.Ala185Thr	PPP2R1A	ENSG00000105568	STRN
pilot3	CCSBORF5861	3	CCSBORF52950	3AT	2	658G>A	1515	NC_000019.10:52212960:G:A	CCSBVarC023455	ENSP00000324804.6:p.Val220Met	PPP2R1A	ENSG00000105568	STRN
pilot3	CCSBORF5861	3	CCSBORF52950	3AT	2	694G>A	496	NC_000019.10:52212996:G:A	CCSBVarC023458	ENSP00000324804.6:p.Ala232Thr	PPP2R1A	ENSG00000105568	STRN
pilot3	CCSBORF5861	3	CCSBORF55030	3AT	2	REF	777	NULL	NULL	NULL	PPP2R1A	ENSG00000105568	STRN3
pilot3	CCSBORF5861	3	CCSBORF55030	3AT	2	1030G>T	685	NC_000019.10:52216564:G:T	CCSBVarC023477	ENSP00000324804.6:p.Ala344Ser	PPP2R1A	ENSG00000105568	STRN3
pilot3	CCSBORF5861	3	CCSBORF55030	3AT	2	1229A>T	157	NC_000019.10:52219790:A:T	CCSBVarC023479	ENSP00000324804.6:p.Glu410Val	PPP2R1A	ENSG00000105568	STRN3
pilot3	CCSBORF5861	3	CCSBORF55030	3AT	2	1481A>G	462	NC_000019.10:52221095:A:G	CCSBVarC023482	ENSP00000324804.6:p.Asn494Ser	PPP2R1A	ENSG00000105568	STRN3
pilot3	CCSBORF5861	3	CCSBORF55030	3AT	2	1493G>T	69	NC_000019.10:52221107:G:T	CCSBVarC023486	ENSP00000324804.6:p.Arg498Leu	PPP2R1A	ENSG00000105568	STRN3
pilot3	CCSBORF5861	3	CCSBORF55030	3AT	2	1513A>G	573	NC_000019.10:52221127:A:G	CCSBVarC023489	ENSP00000324804.6:p.Ile505Val	PPP2R1A	ENSG00000105568	STRN3
pilot3	CCSBORF5861	3	CCSBORF55030	3AT	2	1560C>G	413	NC_000019.10:52222139:C:G	CCSBVarC023493	ENSP00000324804.6:p.His520Gln	PPP2R1A	ENSG00000105568	STRN3
pilot3	CCSBORF5861	3	CCSBORF55030	3AT	2	539T>C	581	NC_000019.10:52212720:T:C	CCSBVarC023429	ENSP00000324804.6:p.Met180Thr	PPP2R1A	ENSG00000105568	STRN3
pilot3	CCSBORF5861	3	CCSBORF55030	3AT	2	547C>G	742	NC_000019.10:52212728:C:G	CCSBVarC023437	ENSP00000324804.6:p.Arg183Gly	PPP2R1A	ENSG00000105568	STRN3
pilot3	CCSBORF5861	3	CCSBORF55030	3AT	2	547C>T	827	NC_000019.10:52212728:C:T	CCSBVarC023440	ENSP00000324804.6:p.Arg183Trp	PPP2R1A	ENSG00000105568	STRN3
pilot3	CCSBORF5861	3	CCSBORF55030	3AT	2	548G>C	1364	NC_000019.10:52212729:G:C	CCSBVarC023445	ENSP00000324804.6:p.Arg183Pro	PPP2R1A	ENSG00000105568	STRN3
pilot3	CCSBORF5861	3	CCSBORF55030	3AT	2	553G>A	813	NC_000019.10:52212734:G:A	CCSBVarC023447	ENSP00000324804.6:p.Ala185Thr	PPP2R1A	ENSG00000105568	STRN3
pilot3	CCSBORF5861	3	CCSBORF55030	3AT	2	658G>A	1897	NC_000019.10:52212960:G:A	CCSBVarC023455	ENSP00000324804.6:p.Val220Met	PPP2R1A	ENSG00000105568	STRN3
pilot3	CCSBORF5861	3	CCSBORF55030	3AT	2	694G>A	1154	NC_000019.10:52212996:G:A	CCSBVarC023458	ENSP00000324804.6:p.Ala232Thr	PPP2R1A	ENSG00000105568	STRN3
pilot3	CCSBORF5861	3	CCSBORF0	3AT	2	REF	1	NULL	NULL	NULL	PPP2R1A	ENSG00000105568	empty_AD
pilot3	CCSBORF5861	3	CCSBORF0	3AT	2	1030G>T	0	NC_000019.10:52216564:G:T	CCSBVarC023477	ENSP00000324804.6:p.Ala344Ser	PPP2R1A	ENSG00000105568	empty_AD
pilot3	CCSBORF5861	3	CCSBORF0	3AT	2	1229A>T	0	NC_000019.10:52219790:A:T	CCSBVarC023479	ENSP00000324804.6:p.Glu410Val	PPP2R1A	ENSG00000105568	empty_AD
pilot3	CCSBORF5861	3	CCSBORF0	3AT	2	1481A>G	0	NC_000019.10:52221095:A:G	CCSBVarC023482	ENSP00000324804.6:p.Asn494Ser	PPP2R1A	ENSG00000105568	empty_AD
pilot3	CCSBORF5861	3	CCSBORF0	3AT	2	1493G>T	47	NC_000019.10:52221107:G:T	CCSBVarC023486	ENSP00000324804.6:p.Arg498Leu	PPP2R1A	ENSG00000105568	empty_AD
pilot3	CCSBORF5861	3	CCSBORF0	3AT	2	1513A>G	0	NC_000019.10:52221127:A:G	CCSBVarC023489	ENSP00000324804.6:p.Ile505Val	PPP2R1A	ENSG00000105568	empty_AD
pilot3	CCSBORF5861	3	CCSBORF0	3AT	2	1560C>G	0	NC_000019.10:52222139:C:G	CCSBVarC023493	ENSP00000324804.6:p.His520Gln	PPP2R1A	ENSG00000105568	empty_AD
pilot3	CCSBORF5861	3	CCSBORF0	3AT	2	539T>C	0	NC_000019.10:52212720:T:C	CCSBVarC023429	ENSP00000324804.6:p.Met180Thr	PPP2R1A	ENSG00000105568	empty_AD
pilot3	CCSBORF5861	3	CCSBORF0	3AT	2	547C>G	0	NC_000019.10:52212728:C:G	CCSBVarC023437	ENSP00000324804.6:p.Arg183Gly	PPP2R1A	ENSG00000105568	empty_AD
pilot3	CCSBORF5861	3	CCSBORF0	3AT	2	547C>T	0	NC_000019.10:52212728:C:T	CCSBVarC023440	ENSP00000324804.6:p.Arg183Trp	PPP2R1A	ENSG00000105568	empty_AD
pilot3	CCSBORF5861	3	CCSBORF0	3AT	2	548G>C	0	NC_000019.10:52212729:G:C	CCSBVarC023445	ENSP00000324804.6:p.Arg183Pro	PPP2R1A	ENSG00000105568	empty_AD
pilot3	CCSBORF5861	3	CCSBORF0	3AT	2	553G>A	0	NC_000019.10:52212734:G:A	CCSBVarC023447	ENSP00000324804.6:p.Ala185Thr	PPP2R1A	ENSG00000105568	empty_AD
pilot3	CCSBORF5861	3	CCSBORF0	3AT	2	658G>A	0	NC_000019.10:52212960:G:A	CCSBVarC023455	ENSP00000324804.6:p.Val220Met	PPP2R1A	ENSG00000105568	empty_AD
pilot3	CCSBORF5861	3	CCSBORF0	3AT	2	694G>A	1	NC_000019.10:52212996:G:A	CCSBVarC023458	ENSP00000324804.6:p.Ala232Thr	PPP2R1A	ENSG00000105568	empty_AD
pilot3	CCSBORF7201	1	CCSBORF53886	3AT	2	REF	984	NULL	NULL	NULL	RAD51D	ENSG00000185379	TLE5
pilot3	CCSBORF7201	1	CCSBORF53886	3AT	2	137C>G	277	NC_000017.11:35119117:G:C	CCSBVarC024795	ENSP00000338790.6:p.Ser46Cys	RAD51D	ENSG00000185379	TLE5
pilot3	CCSBORF7201	1	CCSBORF53886	3AT	2	163C>T	167	NC_000017.11:35118600:G:A	CCSBVarC024799	ENSP00000338790.6:p.Arg55Trp	RAD51D	ENSG00000185379	TLE5
pilot3	CCSBORF7201	1	CCSBORF53886	3AT	2	167T>G	1538	NC_000017.11:35118596:A:C	CCSBVarC024801	ENSP00000338790.6:p.Val56Gly	RAD51D	ENSG00000185379	TLE5
pilot3	CCSBORF7201	1	CCSBORF53886	3AT	2	196G>A	3726	NC_000017.11:35118567:C:T	CCSBVarC024804	ENSP00000338790.6:p.Val66Met	RAD51D	ENSG00000185379	TLE5
pilot3	CCSBORF7201	1	CCSBORF53886	3AT	2	196G>T	2046	NC_000017.11:35118567:C:A	CCSBVarC024807	ENSP00000338790.6:p.Val66Leu	RAD51D	ENSG00000185379	TLE5
pilot3	CCSBORF7201	1	CCSBORF53886	3AT	2	26G>C	488	NC_000017.11:35119587:C:G	CCSBVarC024707	ENSP00000338790.6:p.Cys9Ser	RAD51D	ENSG00000185379	TLE5
pilot3	CCSBORF7201	1	CCSBORF53886	3AT	2	394G>A	102	NC_000017.11:35107073:C:T	CCSBVarC024822	ENSP00000338790.6:p.Val132Ile	RAD51D	ENSG00000185379	TLE5
pilot3	CCSBORF7201	1	CCSBORF53886	3AT	2	412A>C	8537	NC_000017.11:35107055:T:G	CCSBVarC024825	ENSP00000338790.6:p.Asn138His	RAD51D	ENSG00000185379	TLE5
pilot3	CCSBORF7201	1	CCSBORF53886	3AT	2	49A>G	2253	NC_000017.11:35119564:T:C	CCSBVarC024709	ENSP00000338790.6:p.Ile17Val	RAD51D	ENSG00000185379	TLE5
pilot3	CCSBORF7201	1	CCSBORF53886	3AT	2	68A>G	1235	NC_000017.11:35119545:T:C	CCSBVarC024711	ENSP00000338790.6:p.His23Arg	RAD51D	ENSG00000185379	TLE5
pilot3	CCSBORF7201	1	CCSBORF53886	3AT	2	80C>A	344	NC_000017.11:35119533:G:T	CCSBVarC024723	ENSP00000338790.6:p.Thr27Lys	RAD51D	ENSG00000185379	TLE5
pilot3	CCSBORF7201	1	CCSBORF53886	3AT	2	82G>C	69	NC_000017.11:35119531:C:G	CCSBVarC024750	ENSP00000338790.6:p.Val28Leu	RAD51D	ENSG00000185379	TLE5
pilot3	CCSBORF7201	1	CCSBORF2910	3AT	2	REF	843	NULL	NULL	NULL	RAD51D	ENSG00000185379	AMOTL2
pilot3	CCSBORF7201	1	CCSBORF2910	3AT	2	137C>G	552	NC_000017.11:35119117:G:C	CCSBVarC024795	ENSP00000338790.6:p.Ser46Cys	RAD51D	ENSG00000185379	AMOTL2
pilot3	CCSBORF7201	1	CCSBORF2910	3AT	2	163C>T	451	NC_000017.11:35118600:G:A	CCSBVarC024799	ENSP00000338790.6:p.Arg55Trp	RAD51D	ENSG00000185379	AMOTL2
pilot3	CCSBORF7201	1	CCSBORF2910	3AT	2	167T>G	3251	NC_000017.11:35118596:A:C	CCSBVarC024801	ENSP00000338790.6:p.Val56Gly	RAD51D	ENSG00000185379	AMOTL2
pilot3	CCSBORF7201	1	CCSBORF2910	3AT	2	196G>A	3763	NC_000017.11:35118567:C:T	CCSBVarC024804	ENSP00000338790.6:p.Val66Met	RAD51D	ENSG00000185379	AMOTL2
pilot3	CCSBORF7201	1	CCSBORF2910	3AT	2	196G>T	2620	NC_000017.11:35118567:C:A	CCSBVarC024807	ENSP00000338790.6:p.Val66Leu	RAD51D	ENSG00000185379	AMOTL2
pilot3	CCSBORF7201	1	CCSBORF2910	3AT	2	26G>C	1798	NC_000017.11:35119587:C:G	CCSBVarC024707	ENSP00000338790.6:p.Cys9Ser	RAD51D	ENSG00000185379	AMOTL2
pilot3	CCSBORF7201	1	CCSBORF2910	3AT	2	394G>A	630	NC_000017.11:35107073:C:T	CCSBVarC024822	ENSP00000338790.6:p.Val132Ile	RAD51D	ENSG00000185379	AMOTL2
pilot3	CCSBORF7201	1	CCSBORF2910	3AT	2	412A>C	3735	NC_000017.11:35107055:T:G	CCSBVarC024825	ENSP00000338790.6:p.Asn138His	RAD51D	ENSG00000185379	AMOTL2
pilot3	CCSBORF7201	1	CCSBORF2910	3AT	2	49A>G	2864	NC_000017.11:35119564:T:C	CCSBVarC024709	ENSP00000338790.6:p.Ile17Val	RAD51D	ENSG00000185379	AMOTL2
pilot3	CCSBORF7201	1	CCSBORF2910	3AT	2	68A>G	1752	NC_000017.11:35119545:T:C	CCSBVarC024711	ENSP00000338790.6:p.His23Arg	RAD51D	ENSG00000185379	AMOTL2
pilot3	CCSBORF7201	1	CCSBORF2910	3AT	2	80C>A	1959	NC_000017.11:35119533:G:T	CCSBVarC024723	ENSP00000338790.6:p.Thr27Lys	RAD51D	ENSG00000185379	AMOTL2
pilot3	CCSBORF7201	1	CCSBORF2910	3AT	2	82G>C	1376	NC_000017.11:35119531:C:G	CCSBVarC024750	ENSP00000338790.6:p.Val28Leu	RAD51D	ENSG00000185379	AMOTL2
pilot3	CCSBORF7201	1	CCSBORF2265	3AT	2	REF	369	NULL	NULL	NULL	RAD51D	ENSG00000185379	IHO1
pilot3	CCSBORF7201	1	CCSBORF2265	3AT	2	137C>G	2	NC_000017.11:35119117:G:C	CCSBVarC024795	ENSP00000338790.6:p.Ser46Cys	RAD51D	ENSG00000185379	IHO1
pilot3	CCSBORF7201	1	CCSBORF2265	3AT	2	163C>T	17	NC_000017.11:35118600:G:A	CCSBVarC024799	ENSP00000338790.6:p.Arg55Trp	RAD51D	ENSG00000185379	IHO1
pilot3	CCSBORF7201	1	CCSBORF2265	3AT	2	167T>G	1801	NC_000017.11:35118596:A:C	CCSBVarC024801	ENSP00000338790.6:p.Val56Gly	RAD51D	ENSG00000185379	IHO1
pilot3	CCSBORF7201	1	CCSBORF2265	3AT	2	196G>A	1138	NC_000017.11:35118567:C:T	CCSBVarC024804	ENSP00000338790.6:p.Val66Met	RAD51D	ENSG00000185379	IHO1
pilot3	CCSBORF7201	1	CCSBORF2265	3AT	2	196G>T	334	NC_000017.11:35118567:C:A	CCSBVarC024807	ENSP00000338790.6:p.Val66Leu	RAD51D	ENSG00000185379	IHO1
pilot3	CCSBORF7201	1	CCSBORF2265	3AT	2	26G>C	2	NC_000017.11:35119587:C:G	CCSBVarC024707	ENSP00000338790.6:p.Cys9Ser	RAD51D	ENSG00000185379	IHO1
pilot3	CCSBORF7201	1	CCSBORF2265	3AT	2	394G>A	34	NC_000017.11:35107073:C:T	CCSBVarC024822	ENSP00000338790.6:p.Val132Ile	RAD51D	ENSG00000185379	IHO1
pilot3	CCSBORF7201	1	CCSBORF2265	3AT	2	412A>C	16525	NC_000017.11:35107055:T:G	CCSBVarC024825	ENSP00000338790.6:p.Asn138His	RAD51D	ENSG00000185379	IHO1
pilot3	CCSBORF7201	1	CCSBORF2265	3AT	2	49A>G	1955	NC_000017.11:35119564:T:C	CCSBVarC024709	ENSP00000338790.6:p.Ile17Val	RAD51D	ENSG00000185379	IHO1
pilot3	CCSBORF7201	1	CCSBORF2265	3AT	2	68A>G	200	NC_000017.11:35119545:T:C	CCSBVarC024711	ENSP00000338790.6:p.His23Arg	RAD51D	ENSG00000185379	IHO1
pilot3	CCSBORF7201	1	CCSBORF2265	3AT	2	80C>A	20	NC_000017.11:35119533:G:T	CCSBVarC024723	ENSP00000338790.6:p.Thr27Lys	RAD51D	ENSG00000185379	IHO1
pilot3	CCSBORF7201	1	CCSBORF2265	3AT	2	82G>C	31	NC_000017.11:35119531:C:G	CCSBVarC024750	ENSP00000338790.6:p.Val28Leu	RAD51D	ENSG00000185379	IHO1
pilot3	CCSBORF7201	1	CCSBORF100067498	3AT	2	REF	1188	NULL	NULL	NULL	RAD51D	ENSG00000185379	GEMIN4
pilot3	CCSBORF7201	1	CCSBORF100067498	3AT	2	137C>G	226	NC_000017.11:35119117:G:C	CCSBVarC024795	ENSP00000338790.6:p.Ser46Cys	RAD51D	ENSG00000185379	GEMIN4
pilot3	CCSBORF7201	1	CCSBORF100067498	3AT	2	163C>T	35	NC_000017.11:35118600:G:A	CCSBVarC024799	ENSP00000338790.6:p.Arg55Trp	RAD51D	ENSG00000185379	GEMIN4
pilot3	CCSBORF7201	1	CCSBORF100067498	3AT	2	167T>G	515	NC_000017.11:35118596:A:C	CCSBVarC024801	ENSP00000338790.6:p.Val56Gly	RAD51D	ENSG00000185379	GEMIN4
pilot3	CCSBORF7201	1	CCSBORF100067498	3AT	2	196G>A	4596	NC_000017.11:35118567:C:T	CCSBVarC024804	ENSP00000338790.6:p.Val66Met	RAD51D	ENSG00000185379	GEMIN4
pilot3	CCSBORF7201	1	CCSBORF100067498	3AT	2	196G>T	2745	NC_000017.11:35118567:C:A	CCSBVarC024807	ENSP00000338790.6:p.Val66Leu	RAD51D	ENSG00000185379	GEMIN4
pilot3	CCSBORF7201	1	CCSBORF100067498	3AT	2	26G>C	244	NC_000017.11:35119587:C:G	CCSBVarC024707	ENSP00000338790.6:p.Cys9Ser	RAD51D	ENSG00000185379	GEMIN4
pilot3	CCSBORF7201	1	CCSBORF100067498	3AT	2	394G>A	121	NC_000017.11:35107073:C:T	CCSBVarC024822	ENSP00000338790.6:p.Val132Ile	RAD51D	ENSG00000185379	GEMIN4
pilot3	CCSBORF7201	1	CCSBORF100067498	3AT	2	412A>C	11229	NC_000017.11:35107055:T:G	CCSBVarC024825	ENSP00000338790.6:p.Asn138His	RAD51D	ENSG00000185379	GEMIN4
pilot3	CCSBORF7201	1	CCSBORF100067498	3AT	2	49A>G	2769	NC_000017.11:35119564:T:C	CCSBVarC024709	ENSP00000338790.6:p.Ile17Val	RAD51D	ENSG00000185379	GEMIN4
pilot3	CCSBORF7201	1	CCSBORF100067498	3AT	2	68A>G	1426	NC_000017.11:35119545:T:C	CCSBVarC024711	ENSP00000338790.6:p.His23Arg	RAD51D	ENSG00000185379	GEMIN4
pilot3	CCSBORF7201	1	CCSBORF100067498	3AT	2	80C>A	44	NC_000017.11:35119533:G:T	CCSBVarC024723	ENSP00000338790.6:p.Thr27Lys	RAD51D	ENSG00000185379	GEMIN4
pilot3	CCSBORF7201	1	CCSBORF100067498	3AT	2	82G>C	300	NC_000017.11:35119531:C:G	CCSBVarC024750	ENSP00000338790.6:p.Val28Leu	RAD51D	ENSG00000185379	GEMIN4
pilot3	CCSBORF7201	1	CCSBORF100070143	3AT	2	REF	199	NULL	NULL	NULL	RAD51D	ENSG00000185379	HSF2BP
pilot3	CCSBORF7201	1	CCSBORF100070143	3AT	2	137C>G	0	NC_000017.11:35119117:G:C	CCSBVarC024795	ENSP00000338790.6:p.Ser46Cys	RAD51D	ENSG00000185379	HSF2BP
pilot3	CCSBORF7201	1	CCSBORF100070143	3AT	2	163C>T	17	NC_000017.11:35118600:G:A	CCSBVarC024799	ENSP00000338790.6:p.Arg55Trp	RAD51D	ENSG00000185379	HSF2BP
pilot3	CCSBORF7201	1	CCSBORF100070143	3AT	2	167T>G	969	NC_000017.11:35118596:A:C	CCSBVarC024801	ENSP00000338790.6:p.Val56Gly	RAD51D	ENSG00000185379	HSF2BP
pilot3	CCSBORF7201	1	CCSBORF100070143	3AT	2	196G>A	1629	NC_000017.11:35118567:C:T	CCSBVarC024804	ENSP00000338790.6:p.Val66Met	RAD51D	ENSG00000185379	HSF2BP
pilot3	CCSBORF7201	1	CCSBORF100070143	3AT	2	196G>T	174	NC_000017.11:35118567:C:A	CCSBVarC024807	ENSP00000338790.6:p.Val66Leu	RAD51D	ENSG00000185379	HSF2BP
pilot3	CCSBORF7201	1	CCSBORF100070143	3AT	2	26G>C	1	NC_000017.11:35119587:C:G	CCSBVarC024707	ENSP00000338790.6:p.Cys9Ser	RAD51D	ENSG00000185379	HSF2BP
pilot3	CCSBORF7201	1	CCSBORF100070143	3AT	2	394G>A	14	NC_000017.11:35107073:C:T	CCSBVarC024822	ENSP00000338790.6:p.Val132Ile	RAD51D	ENSG00000185379	HSF2BP
pilot3	CCSBORF7201	1	CCSBORF100070143	3AT	2	412A>C	16578	NC_000017.11:35107055:T:G	CCSBVarC024825	ENSP00000338790.6:p.Asn138His	RAD51D	ENSG00000185379	HSF2BP
pilot3	CCSBORF7201	1	CCSBORF100070143	3AT	2	49A>G	833	NC_000017.11:35119564:T:C	CCSBVarC024709	ENSP00000338790.6:p.Ile17Val	RAD51D	ENSG00000185379	HSF2BP
pilot3	CCSBORF7201	1	CCSBORF100070143	3AT	2	68A>G	128	NC_000017.11:35119545:T:C	CCSBVarC024711	ENSP00000338790.6:p.His23Arg	RAD51D	ENSG00000185379	HSF2BP
pilot3	CCSBORF7201	1	CCSBORF100070143	3AT	2	80C>A	0	NC_000017.11:35119533:G:T	CCSBVarC024723	ENSP00000338790.6:p.Thr27Lys	RAD51D	ENSG00000185379	HSF2BP
pilot3	CCSBORF7201	1	CCSBORF100070143	3AT	2	82G>C	0	NC_000017.11:35119531:C:G	CCSBVarC024750	ENSP00000338790.6:p.Val28Leu	RAD51D	ENSG00000185379	HSF2BP
pilot3	CCSBORF7201	1	CCSBORF10016	3AT	2	REF	1045	NULL	NULL	NULL	RAD51D	ENSG00000185379	IKZF3
pilot3	CCSBORF7201	1	CCSBORF10016	3AT	2	137C>G	253	NC_000017.11:35119117:G:C	CCSBVarC024795	ENSP00000338790.6:p.Ser46Cys	RAD51D	ENSG00000185379	IKZF3
pilot3	CCSBORF7201	1	CCSBORF10016	3AT	2	163C>T	217	NC_000017.11:35118600:G:A	CCSBVarC024799	ENSP00000338790.6:p.Arg55Trp	RAD51D	ENSG00000185379	IKZF3
pilot3	CCSBORF7201	1	CCSBORF10016	3AT	2	167T>G	2628	NC_000017.11:35118596:A:C	CCSBVarC024801	ENSP00000338790.6:p.Val56Gly	RAD51D	ENSG00000185379	IKZF3
pilot3	CCSBORF7201	1	CCSBORF10016	3AT	2	196G>A	3641	NC_000017.11:35118567:C:T	CCSBVarC024804	ENSP00000338790.6:p.Val66Met	RAD51D	ENSG00000185379	IKZF3
pilot3	CCSBORF7201	1	CCSBORF10016	3AT	2	196G>T	1754	NC_000017.11:35118567:C:A	CCSBVarC024807	ENSP00000338790.6:p.Val66Leu	RAD51D	ENSG00000185379	IKZF3
pilot3	CCSBORF7201	1	CCSBORF10016	3AT	2	26G>C	390	NC_000017.11:35119587:C:G	CCSBVarC024707	ENSP00000338790.6:p.Cys9Ser	RAD51D	ENSG00000185379	IKZF3
pilot3	CCSBORF7201	1	CCSBORF10016	3AT	2	394G>A	88	NC_000017.11:35107073:C:T	CCSBVarC024822	ENSP00000338790.6:p.Val132Ile	RAD51D	ENSG00000185379	IKZF3
pilot3	CCSBORF7201	1	CCSBORF10016	3AT	2	412A>C	9637	NC_000017.11:35107055:T:G	CCSBVarC024825	ENSP00000338790.6:p.Asn138His	RAD51D	ENSG00000185379	IKZF3
pilot3	CCSBORF7201	1	CCSBORF10016	3AT	2	49A>G	2898	NC_000017.11:35119564:T:C	CCSBVarC024709	ENSP00000338790.6:p.Ile17Val	RAD51D	ENSG00000185379	IKZF3
pilot3	CCSBORF7201	1	CCSBORF10016	3AT	2	68A>G	1462	NC_000017.11:35119545:T:C	CCSBVarC024711	ENSP00000338790.6:p.His23Arg	RAD51D	ENSG00000185379	IKZF3
pilot3	CCSBORF7201	1	CCSBORF10016	3AT	2	80C>A	124	NC_000017.11:35119533:G:T	CCSBVarC024723	ENSP00000338790.6:p.Thr27Lys	RAD51D	ENSG00000185379	IKZF3
pilot3	CCSBORF7201	1	CCSBORF10016	3AT	2	82G>C	72	NC_000017.11:35119531:C:G	CCSBVarC024750	ENSP00000338790.6:p.Val28Leu	RAD51D	ENSG00000185379	IKZF3
pilot3	CCSBORF7201	1	CCSBORF11229	3AT	2	REF	940	NULL	NULL	NULL	RAD51D	ENSG00000185379	KIFC3
pilot3	CCSBORF7201	1	CCSBORF11229	3AT	2	137C>G	713	NC_000017.11:35119117:G:C	CCSBVarC024795	ENSP00000338790.6:p.Ser46Cys	RAD51D	ENSG00000185379	KIFC3
pilot3	CCSBORF7201	1	CCSBORF11229	3AT	2	163C>T	43	NC_000017.11:35118600:G:A	CCSBVarC024799	ENSP00000338790.6:p.Arg55Trp	RAD51D	ENSG00000185379	KIFC3
pilot3	CCSBORF7201	1	CCSBORF11229	3AT	2	167T>G	2400	NC_000017.11:35118596:A:C	CCSBVarC024801	ENSP00000338790.6:p.Val56Gly	RAD51D	ENSG00000185379	KIFC3
pilot3	CCSBORF7201	1	CCSBORF11229	3AT	2	196G>A	3245	NC_000017.11:35118567:C:T	CCSBVarC024804	ENSP00000338790.6:p.Val66Met	RAD51D	ENSG00000185379	KIFC3
pilot3	CCSBORF7201	1	CCSBORF11229	3AT	2	196G>T	1726	NC_000017.11:35118567:C:A	CCSBVarC024807	ENSP00000338790.6:p.Val66Leu	RAD51D	ENSG00000185379	KIFC3
pilot3	CCSBORF7201	1	CCSBORF11229	3AT	2	26G>C	1188	NC_000017.11:35119587:C:G	CCSBVarC024707	ENSP00000338790.6:p.Cys9Ser	RAD51D	ENSG00000185379	KIFC3
pilot3	CCSBORF7201	1	CCSBORF11229	3AT	2	394G>A	438	NC_000017.11:35107073:C:T	CCSBVarC024822	ENSP00000338790.6:p.Val132Ile	RAD51D	ENSG00000185379	KIFC3
pilot3	CCSBORF7201	1	CCSBORF11229	3AT	2	412A>C	3875	NC_000017.11:35107055:T:G	CCSBVarC024825	ENSP00000338790.6:p.Asn138His	RAD51D	ENSG00000185379	KIFC3
pilot3	CCSBORF7201	1	CCSBORF11229	3AT	2	49A>G	1863	NC_000017.11:35119564:T:C	CCSBVarC024709	ENSP00000338790.6:p.Ile17Val	RAD51D	ENSG00000185379	KIFC3
pilot3	CCSBORF7201	1	CCSBORF11229	3AT	2	68A>G	1571	NC_000017.11:35119545:T:C	CCSBVarC024711	ENSP00000338790.6:p.His23Arg	RAD51D	ENSG00000185379	KIFC3
pilot3	CCSBORF7201	1	CCSBORF11229	3AT	2	80C>A	10	NC_000017.11:35119533:G:T	CCSBVarC024723	ENSP00000338790.6:p.Thr27Lys	RAD51D	ENSG00000185379	KIFC3
pilot3	CCSBORF7201	1	CCSBORF11229	3AT	2	82G>C	1919	NC_000017.11:35119531:C:G	CCSBVarC024750	ENSP00000338790.6:p.Val28Leu	RAD51D	ENSG00000185379	KIFC3
pilot3	CCSBORF7201	1	CCSBORF4569	3AT	2	REF	736	NULL	NULL	NULL	RAD51D	ENSG00000185379	LZTS2
pilot3	CCSBORF7201	1	CCSBORF4569	3AT	2	137C>G	325	NC_000017.11:35119117:G:C	CCSBVarC024795	ENSP00000338790.6:p.Ser46Cys	RAD51D	ENSG00000185379	LZTS2
pilot3	CCSBORF7201	1	CCSBORF4569	3AT	2	163C>T	37	NC_000017.11:35118600:G:A	CCSBVarC024799	ENSP00000338790.6:p.Arg55Trp	RAD51D	ENSG00000185379	LZTS2
pilot3	CCSBORF7201	1	CCSBORF4569	3AT	2	167T>G	1964	NC_000017.11:35118596:A:C	CCSBVarC024801	ENSP00000338790.6:p.Val56Gly	RAD51D	ENSG00000185379	LZTS2
pilot3	CCSBORF7201	1	CCSBORF4569	3AT	2	196G>A	2479	NC_000017.11:35118567:C:T	CCSBVarC024804	ENSP00000338790.6:p.Val66Met	RAD51D	ENSG00000185379	LZTS2
pilot3	CCSBORF7201	1	CCSBORF4569	3AT	2	196G>T	725	NC_000017.11:35118567:C:A	CCSBVarC024807	ENSP00000338790.6:p.Val66Leu	RAD51D	ENSG00000185379	LZTS2
pilot3	CCSBORF7201	1	CCSBORF4569	3AT	2	26G>C	31	NC_000017.11:35119587:C:G	CCSBVarC024707	ENSP00000338790.6:p.Cys9Ser	RAD51D	ENSG00000185379	LZTS2
pilot3	CCSBORF7201	1	CCSBORF4569	3AT	2	394G>A	14	NC_000017.11:35107073:C:T	CCSBVarC024822	ENSP00000338790.6:p.Val132Ile	RAD51D	ENSG00000185379	LZTS2
pilot3	CCSBORF7201	1	CCSBORF4569	3AT	2	412A>C	14257	NC_000017.11:35107055:T:G	CCSBVarC024825	ENSP00000338790.6:p.Asn138His	RAD51D	ENSG00000185379	LZTS2
pilot3	CCSBORF7201	1	CCSBORF4569	3AT	2	49A>G	2830	NC_000017.11:35119564:T:C	CCSBVarC024709	ENSP00000338790.6:p.Ile17Val	RAD51D	ENSG00000185379	LZTS2
pilot3	CCSBORF7201	1	CCSBORF4569	3AT	2	68A>G	769	NC_000017.11:35119545:T:C	CCSBVarC024711	ENSP00000338790.6:p.His23Arg	RAD51D	ENSG00000185379	LZTS2
pilot3	CCSBORF7201	1	CCSBORF4569	3AT	2	80C>A	18	NC_000017.11:35119533:G:T	CCSBVarC024723	ENSP00000338790.6:p.Thr27Lys	RAD51D	ENSG00000185379	LZTS2
pilot3	CCSBORF7201	1	CCSBORF4569	3AT	2	82G>C	17	NC_000017.11:35119531:C:G	CCSBVarC024750	ENSP00000338790.6:p.Val28Leu	RAD51D	ENSG00000185379	LZTS2
pilot3	CCSBORF7201	1	CCSBORF72146	3AT	2	REF	1093	NULL	NULL	NULL	RAD51D	ENSG00000185379	MAPK8IP3
pilot3	CCSBORF7201	1	CCSBORF72146	3AT	2	137C>G	679	NC_000017.11:35119117:G:C	CCSBVarC024795	ENSP00000338790.6:p.Ser46Cys	RAD51D	ENSG00000185379	MAPK8IP3
pilot3	CCSBORF7201	1	CCSBORF72146	3AT	2	163C>T	70	NC_000017.11:35118600:G:A	CCSBVarC024799	ENSP00000338790.6:p.Arg55Trp	RAD51D	ENSG00000185379	MAPK8IP3
pilot3	CCSBORF7201	1	CCSBORF72146	3AT	2	167T>G	3224	NC_000017.11:35118596:A:C	CCSBVarC024801	ENSP00000338790.6:p.Val56Gly	RAD51D	ENSG00000185379	MAPK8IP3
pilot3	CCSBORF7201	1	CCSBORF72146	3AT	2	196G>A	4145	NC_000017.11:35118567:C:T	CCSBVarC024804	ENSP00000338790.6:p.Val66Met	RAD51D	ENSG00000185379	MAPK8IP3
pilot3	CCSBORF7201	1	CCSBORF72146	3AT	2	196G>T	2289	NC_000017.11:35118567:C:A	CCSBVarC024807	ENSP00000338790.6:p.Val66Leu	RAD51D	ENSG00000185379	MAPK8IP3
pilot3	CCSBORF7201	1	CCSBORF72146	3AT	2	26G>C	593	NC_000017.11:35119587:C:G	CCSBVarC024707	ENSP00000338790.6:p.Cys9Ser	RAD51D	ENSG00000185379	MAPK8IP3
pilot3	CCSBORF7201	1	CCSBORF72146	3AT	2	394G>A	101	NC_000017.11:35107073:C:T	CCSBVarC024822	ENSP00000338790.6:p.Val132Ile	RAD51D	ENSG00000185379	MAPK8IP3
pilot3	CCSBORF7201	1	CCSBORF72146	3AT	2	412A>C	6836	NC_000017.11:35107055:T:G	CCSBVarC024825	ENSP00000338790.6:p.Asn138His	RAD51D	ENSG00000185379	MAPK8IP3
pilot3	CCSBORF7201	1	CCSBORF72146	3AT	2	49A>G	3268	NC_000017.11:35119564:T:C	CCSBVarC024709	ENSP00000338790.6:p.Ile17Val	RAD51D	ENSG00000185379	MAPK8IP3
pilot3	CCSBORF7201	1	CCSBORF72146	3AT	2	68A>G	1723	NC_000017.11:35119545:T:C	CCSBVarC024711	ENSP00000338790.6:p.His23Arg	RAD51D	ENSG00000185379	MAPK8IP3
pilot3	CCSBORF7201	1	CCSBORF72146	3AT	2	80C>A	1017	NC_000017.11:35119533:G:T	CCSBVarC024723	ENSP00000338790.6:p.Thr27Lys	RAD51D	ENSG00000185379	MAPK8IP3
pilot3	CCSBORF7201	1	CCSBORF72146	3AT	2	82G>C	66	NC_000017.11:35119531:C:G	CCSBVarC024750	ENSP00000338790.6:p.Val28Leu	RAD51D	ENSG00000185379	MAPK8IP3
pilot3	CCSBORF7201	1	CCSBORF824	3AT	2	REF	20	NULL	NULL	NULL	RAD51D	ENSG00000185379	MEOX2
pilot3	CCSBORF7201	1	CCSBORF824	3AT	2	137C>G	1692	NC_000017.11:35119117:G:C	CCSBVarC024795	ENSP00000338790.6:p.Ser46Cys	RAD51D	ENSG00000185379	MEOX2
pilot3	CCSBORF7201	1	CCSBORF824	3AT	2	163C>T	181	NC_000017.11:35118600:G:A	CCSBVarC024799	ENSP00000338790.6:p.Arg55Trp	RAD51D	ENSG00000185379	MEOX2
pilot3	CCSBORF7201	1	CCSBORF824	3AT	2	167T>G	56	NC_000017.11:35118596:A:C	CCSBVarC024801	ENSP00000338790.6:p.Val56Gly	RAD51D	ENSG00000185379	MEOX2
pilot3	CCSBORF7201	1	CCSBORF824	3AT	2	196G>A	138	NC_000017.11:35118567:C:T	CCSBVarC024804	ENSP00000338790.6:p.Val66Met	RAD51D	ENSG00000185379	MEOX2
pilot3	CCSBORF7201	1	CCSBORF824	3AT	2	196G>T	154	NC_000017.11:35118567:C:A	CCSBVarC024807	ENSP00000338790.6:p.Val66Leu	RAD51D	ENSG00000185379	MEOX2
pilot3	CCSBORF7201	1	CCSBORF824	3AT	2	26G>C	0	NC_000017.11:35119587:C:G	CCSBVarC024707	ENSP00000338790.6:p.Cys9Ser	RAD51D	ENSG00000185379	MEOX2
pilot3	CCSBORF7201	1	CCSBORF824	3AT	2	394G>A	1	NC_000017.11:35107073:C:T	CCSBVarC024822	ENSP00000338790.6:p.Val132Ile	RAD51D	ENSG00000185379	MEOX2
pilot3	CCSBORF7201	1	CCSBORF824	3AT	2	412A>C	1732	NC_000017.11:35107055:T:G	CCSBVarC024825	ENSP00000338790.6:p.Asn138His	RAD51D	ENSG00000185379	MEOX2
pilot3	CCSBORF7201	1	CCSBORF824	3AT	2	49A>G	410	NC_000017.11:35119564:T:C	CCSBVarC024709	ENSP00000338790.6:p.Ile17Val	RAD51D	ENSG00000185379	MEOX2
pilot3	CCSBORF7201	1	CCSBORF824	3AT	2	68A>G	273	NC_000017.11:35119545:T:C	CCSBVarC024711	ENSP00000338790.6:p.His23Arg	RAD51D	ENSG00000185379	MEOX2
pilot3	CCSBORF7201	1	CCSBORF824	3AT	2	80C>A	0	NC_000017.11:35119533:G:T	CCSBVarC024723	ENSP00000338790.6:p.Thr27Lys	RAD51D	ENSG00000185379	MEOX2
pilot3	CCSBORF7201	1	CCSBORF824	3AT	2	82G>C	0	NC_000017.11:35119531:C:G	CCSBVarC024750	ENSP00000338790.6:p.Val28Leu	RAD51D	ENSG00000185379	MEOX2
pilot3	CCSBORF7201	1	CCSBORF100000407	3AT	2	REF	624	NULL	NULL	NULL	RAD51D	ENSG00000185379	PICK1
pilot3	CCSBORF7201	1	CCSBORF100000407	3AT	2	137C>G	419	NC_000017.11:35119117:G:C	CCSBVarC024795	ENSP00000338790.6:p.Ser46Cys	RAD51D	ENSG00000185379	PICK1
pilot3	CCSBORF7201	1	CCSBORF100000407	3AT	2	163C>T	228	NC_000017.11:35118600:G:A	CCSBVarC024799	ENSP00000338790.6:p.Arg55Trp	RAD51D	ENSG00000185379	PICK1
pilot3	CCSBORF7201	1	CCSBORF100000407	3AT	2	167T>G	2031	NC_000017.11:35118596:A:C	CCSBVarC024801	ENSP00000338790.6:p.Val56Gly	RAD51D	ENSG00000185379	PICK1
pilot3	CCSBORF7201	1	CCSBORF100000407	3AT	2	196G>A	3885	NC_000017.11:35118567:C:T	CCSBVarC024804	ENSP00000338790.6:p.Val66Met	RAD51D	ENSG00000185379	PICK1
pilot3	CCSBORF7201	1	CCSBORF100000407	3AT	2	196G>T	1938	NC_000017.11:35118567:C:A	CCSBVarC024807	ENSP00000338790.6:p.Val66Leu	RAD51D	ENSG00000185379	PICK1
pilot3	CCSBORF7201	1	CCSBORF100000407	3AT	2	26G>C	842	NC_000017.11:35119587:C:G	CCSBVarC024707	ENSP00000338790.6:p.Cys9Ser	RAD51D	ENSG00000185379	PICK1
pilot3	CCSBORF7201	1	CCSBORF100000407	3AT	2	394G>A	634	NC_000017.11:35107073:C:T	CCSBVarC024822	ENSP00000338790.6:p.Val132Ile	RAD51D	ENSG00000185379	PICK1
pilot3	CCSBORF7201	1	CCSBORF100000407	3AT	2	412A>C	4265	NC_000017.11:35107055:T:G	CCSBVarC024825	ENSP00000338790.6:p.Asn138His	RAD51D	ENSG00000185379	PICK1
pilot3	CCSBORF7201	1	CCSBORF100000407	3AT	2	49A>G	2681	NC_000017.11:35119564:T:C	CCSBVarC024709	ENSP00000338790.6:p.Ile17Val	RAD51D	ENSG00000185379	PICK1
pilot3	CCSBORF7201	1	CCSBORF100000407	3AT	2	68A>G	2530	NC_000017.11:35119545:T:C	CCSBVarC024711	ENSP00000338790.6:p.His23Arg	RAD51D	ENSG00000185379	PICK1
pilot3	CCSBORF7201	1	CCSBORF100000407	3AT	2	80C>A	4441	NC_000017.11:35119533:G:T	CCSBVarC024723	ENSP00000338790.6:p.Thr27Lys	RAD51D	ENSG00000185379	PICK1
pilot3	CCSBORF7201	1	CCSBORF100000407	3AT	2	82G>C	635	NC_000017.11:35119531:C:G	CCSBVarC024750	ENSP00000338790.6:p.Val28Leu	RAD51D	ENSG00000185379	PICK1
pilot3	CCSBORF7201	1	CCSBORF10320	3AT	2	REF	500	NULL	NULL	NULL	RAD51D	ENSG00000185379	PNMA1
pilot3	CCSBORF7201	1	CCSBORF10320	3AT	2	137C>G	11361	NC_000017.11:35119117:G:C	CCSBVarC024795	ENSP00000338790.6:p.Ser46Cys	RAD51D	ENSG00000185379	PNMA1
pilot3	CCSBORF7201	1	CCSBORF10320	3AT	2	163C>T	23	NC_000017.11:35118600:G:A	CCSBVarC024799	ENSP00000338790.6:p.Arg55Trp	RAD51D	ENSG00000185379	PNMA1
pilot3	CCSBORF7201	1	CCSBORF10320	3AT	2	167T>G	62	NC_000017.11:35118596:A:C	CCSBVarC024801	ENSP00000338790.6:p.Val56Gly	RAD51D	ENSG00000185379	PNMA1
pilot3	CCSBORF7201	1	CCSBORF10320	3AT	2	196G>A	450	NC_000017.11:35118567:C:T	CCSBVarC024804	ENSP00000338790.6:p.Val66Met	RAD51D	ENSG00000185379	PNMA1
pilot3	CCSBORF7201	1	CCSBORF10320	3AT	2	196G>T	671	NC_000017.11:35118567:C:A	CCSBVarC024807	ENSP00000338790.6:p.Val66Leu	RAD51D	ENSG00000185379	PNMA1
pilot3	CCSBORF7201	1	CCSBORF10320	3AT	2	26G>C	29	NC_000017.11:35119587:C:G	CCSBVarC024707	ENSP00000338790.6:p.Cys9Ser	RAD51D	ENSG00000185379	PNMA1
pilot3	CCSBORF7201	1	CCSBORF10320	3AT	2	394G>A	10	NC_000017.11:35107073:C:T	CCSBVarC024822	ENSP00000338790.6:p.Val132Ile	RAD51D	ENSG00000185379	PNMA1
pilot3	CCSBORF7201	1	CCSBORF10320	3AT	2	412A>C	15138	NC_000017.11:35107055:T:G	CCSBVarC024825	ENSP00000338790.6:p.Asn138His	RAD51D	ENSG00000185379	PNMA1
pilot3	CCSBORF7201	1	CCSBORF10320	3AT	2	49A>G	1162	NC_000017.11:35119564:T:C	CCSBVarC024709	ENSP00000338790.6:p.Ile17Val	RAD51D	ENSG00000185379	PNMA1
pilot3	CCSBORF7201	1	CCSBORF10320	3AT	2	68A>G	2478	NC_000017.11:35119545:T:C	CCSBVarC024711	ENSP00000338790.6:p.His23Arg	RAD51D	ENSG00000185379	PNMA1
pilot3	CCSBORF7201	1	CCSBORF10320	3AT	2	80C>A	346	NC_000017.11:35119533:G:T	CCSBVarC024723	ENSP00000338790.6:p.Thr27Lys	RAD51D	ENSG00000185379	PNMA1
pilot3	CCSBORF7201	1	CCSBORF10320	3AT	2	82G>C	13	NC_000017.11:35119531:C:G	CCSBVarC024750	ENSP00000338790.6:p.Val28Leu	RAD51D	ENSG00000185379	PNMA1
pilot3	CCSBORF4706	1	CCSBORF14935	3AT	3	REF	743	NULL	NULL	NULL	HNRNPK	ENSG00000165119	RBMY1D
pilot3	CCSBORF4706	1	CCSBORF14935	3AT	3	1109A>G	219	NC_000009.12:83970818:T:C	CCSBVarC021699	ENSP00000365439.3:p.Asp370Gly	HNRNPK	ENSG00000165119	RBMY1D
pilot3	CCSBORF4706	1	CCSBORF14935	3AT	3	1240C>T	39	NC_000009.12:83970282:G:A	CCSBVarC021705	ENSP00000365439.3:p.Arg414Cys	HNRNPK	ENSG00000165119	RBMY1D
pilot3	CCSBORF4706	1	CCSBORF14935	3AT	3	1282G>A	193	NC_000009.12:83970240:C:T	CCSBVarC021708	ENSP00000365439.3:p.Glu428Lys	HNRNPK	ENSG00000165119	RBMY1D
pilot3	CCSBORF4706	1	CCSBORF14935	3AT	3	137G>T	444	NC_000009.12:83977707:C:A	CCSBVarC021621	ENSP00000365439.3:p.Arg46Leu	HNRNPK	ENSG00000165119	RBMY1D
pilot3	CCSBORF4706	1	CCSBORF14935	3AT	3	203T>G	1374	NC_000009.12:83977004:A:C	CCSBVarC021624	ENSP00000365439.3:p.Leu68Arg	HNRNPK	ENSG00000165119	RBMY1D
pilot3	CCSBORF4706	1	CCSBORF14935	3AT	3	248G>A	451	NC_000009.12:83975470:C:T	CCSBVarC021637	ENSP00000365439.3:p.Gly83Asp	HNRNPK	ENSG00000165119	RBMY1D
pilot3	CCSBORF4706	1	CCSBORF14935	3AT	3	253G>A	965	NC_000009.12:83975465:C:T	CCSBVarC021659	ENSP00000365439.3:p.Glu85Lys	HNRNPK	ENSG00000165119	RBMY1D
pilot3	CCSBORF4706	1	CCSBORF14935	3AT	3	257G>A	558	NC_000009.12:83975461:C:T	CCSBVarC021671	ENSP00000365439.3:p.Arg86His	HNRNPK	ENSG00000165119	RBMY1D
pilot3	CCSBORF4706	1	CCSBORF14935	3AT	3	464T>C	4648	NC_000009.12:83973337:A:G	CCSBVarC021678	ENSP00000365439.3:p.Leu155Pro	HNRNPK	ENSG00000165119	RBMY1D
pilot3	CCSBORF4706	1	CCSBORF14935	3AT	3	566C>T	709	NC_000009.12:83972922:G:A	CCSBVarC021681	ENSP00000365439.3:p.Thr189Ile	HNRNPK	ENSG00000165119	RBMY1D
pilot3	CCSBORF4706	1	CCSBORF14935	3AT	3	575T>G	615	NC_000009.12:83972913:A:C	CCSBVarC021689	ENSP00000365439.3:p.Val192Gly	HNRNPK	ENSG00000165119	RBMY1D
pilot3	CCSBORF4706	1	CCSBORF14935	3AT	3	65G>A	111	NC_000009.12:83977779:C:T	CCSBVarC021617	ENSP00000365439.3:p.Arg22His	HNRNPK	ENSG00000165119	RBMY1D
pilot3	CCSBORF4706	1	CCSBORF14935	3AT	3	792G>A	56	NC_000009.12:83972042:C:T	CCSBVarC021692	ENSP00000365439.3:p.Met264Ile	HNRNPK	ENSG00000165119	RBMY1D
pilot3	CCSBORF4706	1	CCSBORF1940	3AT	3	REF	1075	NULL	NULL	NULL	HNRNPK	ENSG00000165119	RBMY1J
pilot3	CCSBORF4706	1	CCSBORF1940	3AT	3	1109A>G	394	NC_000009.12:83970818:T:C	CCSBVarC021699	ENSP00000365439.3:p.Asp370Gly	HNRNPK	ENSG00000165119	RBMY1J
pilot3	CCSBORF4706	1	CCSBORF1940	3AT	3	1240C>T	54	NC_000009.12:83970282:G:A	CCSBVarC021705	ENSP00000365439.3:p.Arg414Cys	HNRNPK	ENSG00000165119	RBMY1J
pilot3	CCSBORF4706	1	CCSBORF1940	3AT	3	1282G>A	336	NC_000009.12:83970240:C:T	CCSBVarC021708	ENSP00000365439.3:p.Glu428Lys	HNRNPK	ENSG00000165119	RBMY1J
pilot3	CCSBORF4706	1	CCSBORF1940	3AT	3	137G>T	870	NC_000009.12:83977707:C:A	CCSBVarC021621	ENSP00000365439.3:p.Arg46Leu	HNRNPK	ENSG00000165119	RBMY1J
pilot3	CCSBORF4706	1	CCSBORF1940	3AT	3	203T>G	1783	NC_000009.12:83977004:A:C	CCSBVarC021624	ENSP00000365439.3:p.Leu68Arg	HNRNPK	ENSG00000165119	RBMY1J
pilot3	CCSBORF4706	1	CCSBORF1940	3AT	3	248G>A	639	NC_000009.12:83975470:C:T	CCSBVarC021637	ENSP00000365439.3:p.Gly83Asp	HNRNPK	ENSG00000165119	RBMY1J
pilot3	CCSBORF4706	1	CCSBORF1940	3AT	3	253G>A	1292	NC_000009.12:83975465:C:T	CCSBVarC021659	ENSP00000365439.3:p.Glu85Lys	HNRNPK	ENSG00000165119	RBMY1J
pilot3	CCSBORF4706	1	CCSBORF1940	3AT	3	257G>A	857	NC_000009.12:83975461:C:T	CCSBVarC021671	ENSP00000365439.3:p.Arg86His	HNRNPK	ENSG00000165119	RBMY1J
pilot3	CCSBORF4706	1	CCSBORF1940	3AT	3	464T>C	3927	NC_000009.12:83973337:A:G	CCSBVarC021678	ENSP00000365439.3:p.Leu155Pro	HNRNPK	ENSG00000165119	RBMY1J
pilot3	CCSBORF4706	1	CCSBORF1940	3AT	3	566C>T	995	NC_000009.12:83972922:G:A	CCSBVarC021681	ENSP00000365439.3:p.Thr189Ile	HNRNPK	ENSG00000165119	RBMY1J
pilot3	CCSBORF4706	1	CCSBORF1940	3AT	3	575T>G	654	NC_000009.12:83972913:A:C	CCSBVarC021689	ENSP00000365439.3:p.Val192Gly	HNRNPK	ENSG00000165119	RBMY1J
pilot3	CCSBORF4706	1	CCSBORF1940	3AT	3	65G>A	119	NC_000009.12:83977779:C:T	CCSBVarC021617	ENSP00000365439.3:p.Arg22His	HNRNPK	ENSG00000165119	RBMY1J
pilot3	CCSBORF4706	1	CCSBORF1940	3AT	3	792G>A	67	NC_000009.12:83972042:C:T	CCSBVarC021692	ENSP00000365439.3:p.Met264Ile	HNRNPK	ENSG00000165119	RBMY1J
pilot3	CCSBORF4706	1	CCSBORF100069067	3AT	3	REF	1597	NULL	NULL	NULL	HNRNPK	ENSG00000165119	RBPMS2
pilot3	CCSBORF4706	1	CCSBORF100069067	3AT	3	1109A>G	737	NC_000009.12:83970818:T:C	CCSBVarC021699	ENSP00000365439.3:p.Asp370Gly	HNRNPK	ENSG00000165119	RBPMS2
pilot3	CCSBORF4706	1	CCSBORF100069067	3AT	3	1240C>T	53	NC_000009.12:83970282:G:A	CCSBVarC021705	ENSP00000365439.3:p.Arg414Cys	HNRNPK	ENSG00000165119	RBPMS2
pilot3	CCSBORF4706	1	CCSBORF100069067	3AT	3	1282G>A	490	NC_000009.12:83970240:C:T	CCSBVarC021708	ENSP00000365439.3:p.Glu428Lys	HNRNPK	ENSG00000165119	RBPMS2
pilot3	CCSBORF4706	1	CCSBORF100069067	3AT	3	137G>T	1004	NC_000009.12:83977707:C:A	CCSBVarC021621	ENSP00000365439.3:p.Arg46Leu	HNRNPK	ENSG00000165119	RBPMS2
pilot3	CCSBORF4706	1	CCSBORF100069067	3AT	3	203T>G	1487	NC_000009.12:83977004:A:C	CCSBVarC021624	ENSP00000365439.3:p.Leu68Arg	HNRNPK	ENSG00000165119	RBPMS2
pilot3	CCSBORF4706	1	CCSBORF100069067	3AT	3	248G>A	550	NC_000009.12:83975470:C:T	CCSBVarC021637	ENSP00000365439.3:p.Gly83Asp	HNRNPK	ENSG00000165119	RBPMS2
pilot3	CCSBORF4706	1	CCSBORF100069067	3AT	3	253G>A	2505	NC_000009.12:83975465:C:T	CCSBVarC021659	ENSP00000365439.3:p.Glu85Lys	HNRNPK	ENSG00000165119	RBPMS2
pilot3	CCSBORF4706	1	CCSBORF100069067	3AT	3	257G>A	602	NC_000009.12:83975461:C:T	CCSBVarC021671	ENSP00000365439.3:p.Arg86His	HNRNPK	ENSG00000165119	RBPMS2
pilot3	CCSBORF4706	1	CCSBORF100069067	3AT	3	464T>C	3804	NC_000009.12:83973337:A:G	CCSBVarC021678	ENSP00000365439.3:p.Leu155Pro	HNRNPK	ENSG00000165119	RBPMS2
pilot3	CCSBORF4706	1	CCSBORF100069067	3AT	3	566C>T	838	NC_000009.12:83972922:G:A	CCSBVarC021681	ENSP00000365439.3:p.Thr189Ile	HNRNPK	ENSG00000165119	RBPMS2
pilot3	CCSBORF4706	1	CCSBORF100069067	3AT	3	575T>G	564	NC_000009.12:83972913:A:C	CCSBVarC021689	ENSP00000365439.3:p.Val192Gly	HNRNPK	ENSG00000165119	RBPMS2
pilot3	CCSBORF4706	1	CCSBORF100069067	3AT	3	65G>A	210	NC_000009.12:83977779:C:T	CCSBVarC021617	ENSP00000365439.3:p.Arg22His	HNRNPK	ENSG00000165119	RBPMS2
pilot3	CCSBORF4706	1	CCSBORF100069067	3AT	3	792G>A	82	NC_000009.12:83972042:C:T	CCSBVarC021692	ENSP00000365439.3:p.Met264Ile	HNRNPK	ENSG00000165119	RBPMS2
pilot3	CCSBORF4706	1	CCSBORF4671	3AT	3	REF	144	NULL	NULL	NULL	HNRNPK	ENSG00000165119	SNRPA
pilot3	CCSBORF4706	1	CCSBORF4671	3AT	3	1109A>G	40	NC_000009.12:83970818:T:C	CCSBVarC021699	ENSP00000365439.3:p.Asp370Gly	HNRNPK	ENSG00000165119	SNRPA
pilot3	CCSBORF4706	1	CCSBORF4671	3AT	3	1240C>T	1	NC_000009.12:83970282:G:A	CCSBVarC021705	ENSP00000365439.3:p.Arg414Cys	HNRNPK	ENSG00000165119	SNRPA
pilot3	CCSBORF4706	1	CCSBORF4671	3AT	3	1282G>A	16	NC_000009.12:83970240:C:T	CCSBVarC021708	ENSP00000365439.3:p.Glu428Lys	HNRNPK	ENSG00000165119	SNRPA
pilot3	CCSBORF4706	1	CCSBORF4671	3AT	3	137G>T	112	NC_000009.12:83977707:C:A	CCSBVarC021621	ENSP00000365439.3:p.Arg46Leu	HNRNPK	ENSG00000165119	SNRPA
pilot3	CCSBORF4706	1	CCSBORF4671	3AT	3	203T>G	1842	NC_000009.12:83977004:A:C	CCSBVarC021624	ENSP00000365439.3:p.Leu68Arg	HNRNPK	ENSG00000165119	SNRPA
pilot3	CCSBORF4706	1	CCSBORF4671	3AT	3	248G>A	111	NC_000009.12:83975470:C:T	CCSBVarC021637	ENSP00000365439.3:p.Gly83Asp	HNRNPK	ENSG00000165119	SNRPA
pilot3	CCSBORF4706	1	CCSBORF4671	3AT	3	253G>A	4643	NC_000009.12:83975465:C:T	CCSBVarC021659	ENSP00000365439.3:p.Glu85Lys	HNRNPK	ENSG00000165119	SNRPA
pilot3	CCSBORF4706	1	CCSBORF4671	3AT	3	257G>A	73	NC_000009.12:83975461:C:T	CCSBVarC021671	ENSP00000365439.3:p.Arg86His	HNRNPK	ENSG00000165119	SNRPA
pilot3	CCSBORF4706	1	CCSBORF4671	3AT	3	464T>C	4270	NC_000009.12:83973337:A:G	CCSBVarC021678	ENSP00000365439.3:p.Leu155Pro	HNRNPK	ENSG00000165119	SNRPA
pilot3	CCSBORF4706	1	CCSBORF4671	3AT	3	566C>T	87	NC_000009.12:83972922:G:A	CCSBVarC021681	ENSP00000365439.3:p.Thr189Ile	HNRNPK	ENSG00000165119	SNRPA
pilot3	CCSBORF4706	1	CCSBORF4671	3AT	3	575T>G	64	NC_000009.12:83972913:A:C	CCSBVarC021689	ENSP00000365439.3:p.Val192Gly	HNRNPK	ENSG00000165119	SNRPA
pilot3	CCSBORF4706	1	CCSBORF4671	3AT	3	65G>A	28	NC_000009.12:83977779:C:T	CCSBVarC021617	ENSP00000365439.3:p.Arg22His	HNRNPK	ENSG00000165119	SNRPA
pilot3	CCSBORF4706	1	CCSBORF4671	3AT	3	792G>A	0	NC_000009.12:83972042:C:T	CCSBVarC021692	ENSP00000365439.3:p.Met264Ile	HNRNPK	ENSG00000165119	SNRPA
pilot3	CCSBORF4706	1	CCSBORF55625	3AT	3	REF	0	NULL	NULL	NULL	HNRNPK	ENSG00000165119	SORBS3
pilot3	CCSBORF4706	1	CCSBORF55625	3AT	3	1109A>G	0	NC_000009.12:83970818:T:C	CCSBVarC021699	ENSP00000365439.3:p.Asp370Gly	HNRNPK	ENSG00000165119	SORBS3
pilot3	CCSBORF4706	1	CCSBORF55625	3AT	3	1240C>T	0	NC_000009.12:83970282:G:A	CCSBVarC021705	ENSP00000365439.3:p.Arg414Cys	HNRNPK	ENSG00000165119	SORBS3
pilot3	CCSBORF4706	1	CCSBORF55625	3AT	3	1282G>A	0	NC_000009.12:83970240:C:T	CCSBVarC021708	ENSP00000365439.3:p.Glu428Lys	HNRNPK	ENSG00000165119	SORBS3
pilot3	CCSBORF4706	1	CCSBORF55625	3AT	3	137G>T	0	NC_000009.12:83977707:C:A	CCSBVarC021621	ENSP00000365439.3:p.Arg46Leu	HNRNPK	ENSG00000165119	SORBS3
pilot3	CCSBORF4706	1	CCSBORF55625	3AT	3	203T>G	0	NC_000009.12:83977004:A:C	CCSBVarC021624	ENSP00000365439.3:p.Leu68Arg	HNRNPK	ENSG00000165119	SORBS3
pilot3	CCSBORF4706	1	CCSBORF55625	3AT	3	248G>A	0	NC_000009.12:83975470:C:T	CCSBVarC021637	ENSP00000365439.3:p.Gly83Asp	HNRNPK	ENSG00000165119	SORBS3
pilot3	CCSBORF4706	1	CCSBORF55625	3AT	3	253G>A	0	NC_000009.12:83975465:C:T	CCSBVarC021659	ENSP00000365439.3:p.Glu85Lys	HNRNPK	ENSG00000165119	SORBS3
pilot3	CCSBORF4706	1	CCSBORF55625	3AT	3	257G>A	0	NC_000009.12:83975461:C:T	CCSBVarC021671	ENSP00000365439.3:p.Arg86His	HNRNPK	ENSG00000165119	SORBS3
pilot3	CCSBORF4706	1	CCSBORF55625	3AT	3	464T>C	0	NC_000009.12:83973337:A:G	CCSBVarC021678	ENSP00000365439.3:p.Leu155Pro	HNRNPK	ENSG00000165119	SORBS3
pilot3	CCSBORF4706	1	CCSBORF55625	3AT	3	566C>T	0	NC_000009.12:83972922:G:A	CCSBVarC021681	ENSP00000365439.3:p.Thr189Ile	HNRNPK	ENSG00000165119	SORBS3
pilot3	CCSBORF4706	1	CCSBORF55625	3AT	3	575T>G	0	NC_000009.12:83972913:A:C	CCSBVarC021689	ENSP00000365439.3:p.Val192Gly	HNRNPK	ENSG00000165119	SORBS3
pilot3	CCSBORF4706	1	CCSBORF55625	3AT	3	65G>A	0	NC_000009.12:83977779:C:T	CCSBVarC021617	ENSP00000365439.3:p.Arg22His	HNRNPK	ENSG00000165119	SORBS3
pilot3	CCSBORF4706	1	CCSBORF55625	3AT	3	792G>A	0	NC_000009.12:83972042:C:T	CCSBVarC021692	ENSP00000365439.3:p.Met264Ile	HNRNPK	ENSG00000165119	SORBS3
pilot3	CCSBORF4706	1	CCSBORF891	3AT	3	REF	558	NULL	NULL	NULL	HNRNPK	ENSG00000165119	SRSF3
pilot3	CCSBORF4706	1	CCSBORF891	3AT	3	1109A>G	44	NC_000009.12:83970818:T:C	CCSBVarC021699	ENSP00000365439.3:p.Asp370Gly	HNRNPK	ENSG00000165119	SRSF3
pilot3	CCSBORF4706	1	CCSBORF891	3AT	3	1240C>T	59	NC_000009.12:83970282:G:A	CCSBVarC021705	ENSP00000365439.3:p.Arg414Cys	HNRNPK	ENSG00000165119	SRSF3
pilot3	CCSBORF4706	1	CCSBORF891	3AT	3	1282G>A	66	NC_000009.12:83970240:C:T	CCSBVarC021708	ENSP00000365439.3:p.Glu428Lys	HNRNPK	ENSG00000165119	SRSF3
pilot3	CCSBORF4706	1	CCSBORF891	3AT	3	137G>T	338	NC_000009.12:83977707:C:A	CCSBVarC021621	ENSP00000365439.3:p.Arg46Leu	HNRNPK	ENSG00000165119	SRSF3
pilot3	CCSBORF4706	1	CCSBORF891	3AT	3	203T>G	1356	NC_000009.12:83977004:A:C	CCSBVarC021624	ENSP00000365439.3:p.Leu68Arg	HNRNPK	ENSG00000165119	SRSF3
pilot3	CCSBORF4706	1	CCSBORF891	3AT	3	248G>A	301	NC_000009.12:83975470:C:T	CCSBVarC021637	ENSP00000365439.3:p.Gly83Asp	HNRNPK	ENSG00000165119	SRSF3
pilot3	CCSBORF4706	1	CCSBORF891	3AT	3	253G>A	459	NC_000009.12:83975465:C:T	CCSBVarC021659	ENSP00000365439.3:p.Glu85Lys	HNRNPK	ENSG00000165119	SRSF3
pilot3	CCSBORF4706	1	CCSBORF891	3AT	3	257G>A	237	NC_000009.12:83975461:C:T	CCSBVarC021671	ENSP00000365439.3:p.Arg86His	HNRNPK	ENSG00000165119	SRSF3
pilot3	CCSBORF4706	1	CCSBORF891	3AT	3	464T>C	4792	NC_000009.12:83973337:A:G	CCSBVarC021678	ENSP00000365439.3:p.Leu155Pro	HNRNPK	ENSG00000165119	SRSF3
pilot3	CCSBORF4706	1	CCSBORF891	3AT	3	566C>T	392	NC_000009.12:83972922:G:A	CCSBVarC021681	ENSP00000365439.3:p.Thr189Ile	HNRNPK	ENSG00000165119	SRSF3
pilot3	CCSBORF4706	1	CCSBORF891	3AT	3	575T>G	268	NC_000009.12:83972913:A:C	CCSBVarC021689	ENSP00000365439.3:p.Val192Gly	HNRNPK	ENSG00000165119	SRSF3
pilot3	CCSBORF4706	1	CCSBORF891	3AT	3	65G>A	169	NC_000009.12:83977779:C:T	CCSBVarC021617	ENSP00000365439.3:p.Arg22His	HNRNPK	ENSG00000165119	SRSF3
pilot3	CCSBORF4706	1	CCSBORF891	3AT	3	792G>A	9	NC_000009.12:83972042:C:T	CCSBVarC021692	ENSP00000365439.3:p.Met264Ile	HNRNPK	ENSG00000165119	SRSF3
pilot3	CCSBORF4706	1	CCSBORF252	3AT	3	REF	1125	NULL	NULL	NULL	HNRNPK	ENSG00000165119	ZNF408
pilot3	CCSBORF4706	1	CCSBORF252	3AT	3	1109A>G	215	NC_000009.12:83970818:T:C	CCSBVarC021699	ENSP00000365439.3:p.Asp370Gly	HNRNPK	ENSG00000165119	ZNF408
pilot3	CCSBORF4706	1	CCSBORF252	3AT	3	1240C>T	130	NC_000009.12:83970282:G:A	CCSBVarC021705	ENSP00000365439.3:p.Arg414Cys	HNRNPK	ENSG00000165119	ZNF408
pilot3	CCSBORF4706	1	CCSBORF252	3AT	3	1282G>A	383	NC_000009.12:83970240:C:T	CCSBVarC021708	ENSP00000365439.3:p.Glu428Lys	HNRNPK	ENSG00000165119	ZNF408
pilot3	CCSBORF4706	1	CCSBORF252	3AT	3	137G>T	630	NC_000009.12:83977707:C:A	CCSBVarC021621	ENSP00000365439.3:p.Arg46Leu	HNRNPK	ENSG00000165119	ZNF408
pilot3	CCSBORF4706	1	CCSBORF252	3AT	3	203T>G	288	NC_000009.12:83977004:A:C	CCSBVarC021624	ENSP00000365439.3:p.Leu68Arg	HNRNPK	ENSG00000165119	ZNF408
pilot3	CCSBORF4706	1	CCSBORF252	3AT	3	248G>A	1710	NC_000009.12:83975470:C:T	CCSBVarC021637	ENSP00000365439.3:p.Gly83Asp	HNRNPK	ENSG00000165119	ZNF408
pilot3	CCSBORF4706	1	CCSBORF252	3AT	3	253G>A	11	NC_000009.12:83975465:C:T	CCSBVarC021659	ENSP00000365439.3:p.Glu85Lys	HNRNPK	ENSG00000165119	ZNF408
pilot3	CCSBORF4706	1	CCSBORF252	3AT	3	257G>A	1169	NC_000009.12:83975461:C:T	CCSBVarC021671	ENSP00000365439.3:p.Arg86His	HNRNPK	ENSG00000165119	ZNF408
pilot3	CCSBORF4706	1	CCSBORF252	3AT	3	464T>C	10077	NC_000009.12:83973337:A:G	CCSBVarC021678	ENSP00000365439.3:p.Leu155Pro	HNRNPK	ENSG00000165119	ZNF408
pilot3	CCSBORF4706	1	CCSBORF252	3AT	3	566C>T	1319	NC_000009.12:83972922:G:A	CCSBVarC021681	ENSP00000365439.3:p.Thr189Ile	HNRNPK	ENSG00000165119	ZNF408
pilot3	CCSBORF4706	1	CCSBORF252	3AT	3	575T>G	4	NC_000009.12:83972913:A:C	CCSBVarC021689	ENSP00000365439.3:p.Val192Gly	HNRNPK	ENSG00000165119	ZNF408
pilot3	CCSBORF4706	1	CCSBORF252	3AT	3	65G>A	27	NC_000009.12:83977779:C:T	CCSBVarC021617	ENSP00000365439.3:p.Arg22His	HNRNPK	ENSG00000165119	ZNF408
pilot3	CCSBORF4706	1	CCSBORF252	3AT	3	792G>A	109	NC_000009.12:83972042:C:T	CCSBVarC021692	ENSP00000365439.3:p.Met264Ile	HNRNPK	ENSG00000165119	ZNF408
pilot3	CCSBORF4706	1	CCSBORF6112	3AT	3	REF	990	NULL	NULL	NULL	HNRNPK	ENSG00000165119	ZNF526
pilot3	CCSBORF4706	1	CCSBORF6112	3AT	3	1109A>G	656	NC_000009.12:83970818:T:C	CCSBVarC021699	ENSP00000365439.3:p.Asp370Gly	HNRNPK	ENSG00000165119	ZNF526
pilot3	CCSBORF4706	1	CCSBORF6112	3AT	3	1240C>T	179	NC_000009.12:83970282:G:A	CCSBVarC021705	ENSP00000365439.3:p.Arg414Cys	HNRNPK	ENSG00000165119	ZNF526
pilot3	CCSBORF4706	1	CCSBORF6112	3AT	3	1282G>A	593	NC_000009.12:83970240:C:T	CCSBVarC021708	ENSP00000365439.3:p.Glu428Lys	HNRNPK	ENSG00000165119	ZNF526
pilot3	CCSBORF4706	1	CCSBORF6112	3AT	3	137G>T	799	NC_000009.12:83977707:C:A	CCSBVarC021621	ENSP00000365439.3:p.Arg46Leu	HNRNPK	ENSG00000165119	ZNF526
pilot3	CCSBORF4706	1	CCSBORF6112	3AT	3	203T>G	2427	NC_000009.12:83977004:A:C	CCSBVarC021624	ENSP00000365439.3:p.Leu68Arg	HNRNPK	ENSG00000165119	ZNF526
pilot3	CCSBORF4706	1	CCSBORF6112	3AT	3	248G>A	1598	NC_000009.12:83975470:C:T	CCSBVarC021637	ENSP00000365439.3:p.Gly83Asp	HNRNPK	ENSG00000165119	ZNF526
pilot3	CCSBORF4706	1	CCSBORF6112	3AT	3	253G>A	314	NC_000009.12:83975465:C:T	CCSBVarC021659	ENSP00000365439.3:p.Glu85Lys	HNRNPK	ENSG00000165119	ZNF526
pilot3	CCSBORF4706	1	CCSBORF6112	3AT	3	257G>A	2019	NC_000009.12:83975461:C:T	CCSBVarC021671	ENSP00000365439.3:p.Arg86His	HNRNPK	ENSG00000165119	ZNF526
pilot3	CCSBORF4706	1	CCSBORF6112	3AT	3	464T>C	4076	NC_000009.12:83973337:A:G	CCSBVarC021678	ENSP00000365439.3:p.Leu155Pro	HNRNPK	ENSG00000165119	ZNF526
pilot3	CCSBORF4706	1	CCSBORF6112	3AT	3	566C>T	1007	NC_000009.12:83972922:G:A	CCSBVarC021681	ENSP00000365439.3:p.Thr189Ile	HNRNPK	ENSG00000165119	ZNF526
pilot3	CCSBORF4706	1	CCSBORF6112	3AT	3	575T>G	108	NC_000009.12:83972913:A:C	CCSBVarC021689	ENSP00000365439.3:p.Val192Gly	HNRNPK	ENSG00000165119	ZNF526
pilot3	CCSBORF4706	1	CCSBORF6112	3AT	3	65G>A	68	NC_000009.12:83977779:C:T	CCSBVarC021617	ENSP00000365439.3:p.Arg22His	HNRNPK	ENSG00000165119	ZNF526
pilot3	CCSBORF4706	1	CCSBORF6112	3AT	3	792G>A	153	NC_000009.12:83972042:C:T	CCSBVarC021692	ENSP00000365439.3:p.Met264Ile	HNRNPK	ENSG00000165119	ZNF526
pilot3	CCSBORF4706	1	CCSBORF0	3AT	3	REF	0	NULL	NULL	NULL	HNRNPK	ENSG00000165119	empty_AD
pilot3	CCSBORF4706	1	CCSBORF0	3AT	3	1109A>G	0	NC_000009.12:83970818:T:C	CCSBVarC021699	ENSP00000365439.3:p.Asp370Gly	HNRNPK	ENSG00000165119	empty_AD
pilot3	CCSBORF4706	1	CCSBORF0	3AT	3	1240C>T	0	NC_000009.12:83970282:G:A	CCSBVarC021705	ENSP00000365439.3:p.Arg414Cys	HNRNPK	ENSG00000165119	empty_AD
pilot3	CCSBORF4706	1	CCSBORF0	3AT	3	1282G>A	0	NC_000009.12:83970240:C:T	CCSBVarC021708	ENSP00000365439.3:p.Glu428Lys	HNRNPK	ENSG00000165119	empty_AD
pilot3	CCSBORF4706	1	CCSBORF0	3AT	3	137G>T	13	NC_000009.12:83977707:C:A	CCSBVarC021621	ENSP00000365439.3:p.Arg46Leu	HNRNPK	ENSG00000165119	empty_AD
pilot3	CCSBORF4706	1	CCSBORF0	3AT	3	203T>G	0	NC_000009.12:83977004:A:C	CCSBVarC021624	ENSP00000365439.3:p.Leu68Arg	HNRNPK	ENSG00000165119	empty_AD
pilot3	CCSBORF4706	1	CCSBORF0	3AT	3	248G>A	0	NC_000009.12:83975470:C:T	CCSBVarC021637	ENSP00000365439.3:p.Gly83Asp	HNRNPK	ENSG00000165119	empty_AD
pilot3	CCSBORF4706	1	CCSBORF0	3AT	3	253G>A	0	NC_000009.12:83975465:C:T	CCSBVarC021659	ENSP00000365439.3:p.Glu85Lys	HNRNPK	ENSG00000165119	empty_AD
pilot3	CCSBORF4706	1	CCSBORF0	3AT	3	257G>A	1	NC_000009.12:83975461:C:T	CCSBVarC021671	ENSP00000365439.3:p.Arg86His	HNRNPK	ENSG00000165119	empty_AD
pilot3	CCSBORF4706	1	CCSBORF0	3AT	3	464T>C	92	NC_000009.12:83973337:A:G	CCSBVarC021678	ENSP00000365439.3:p.Leu155Pro	HNRNPK	ENSG00000165119	empty_AD
pilot3	CCSBORF4706	1	CCSBORF0	3AT	3	566C>T	0	NC_000009.12:83972922:G:A	CCSBVarC021681	ENSP00000365439.3:p.Thr189Ile	HNRNPK	ENSG00000165119	empty_AD
pilot3	CCSBORF4706	1	CCSBORF0	3AT	3	575T>G	0	NC_000009.12:83972913:A:C	CCSBVarC021689	ENSP00000365439.3:p.Val192Gly	HNRNPK	ENSG00000165119	empty_AD
pilot3	CCSBORF4706	1	CCSBORF0	3AT	3	65G>A	0	NC_000009.12:83977779:C:T	CCSBVarC021617	ENSP00000365439.3:p.Arg22His	HNRNPK	ENSG00000165119	empty_AD
pilot3	CCSBORF4706	1	CCSBORF0	3AT	3	792G>A	0	NC_000009.12:83972042:C:T	CCSBVarC021692	ENSP00000365439.3:p.Met264Ile	HNRNPK	ENSG00000165119	empty_AD
pilot3	CCSBORF4085	1	CCSBORF10300	3AT	3	REF	518	NULL	NULL	NULL	PPP1CB	ENSG00000213639	CSRNP1
pilot3	CCSBORF4085	1	CCSBORF10300	3AT	3	104G>A	16	NC_000002.12:28776901:G:A	CCSBVarC020765	ENSP00000378769.2:p.Arg35Gln	PPP1CB	ENSG00000213639	CSRNP1
pilot3	CCSBORF4085	1	CCSBORF10300	3AT	3	255C>A	7949	NC_000002.12:28778878:C:A	CCSBVarC020772	ENSP00000378769.2:p.Asn85Lys	PPP1CB	ENSG00000213639	CSRNP1
pilot3	CCSBORF4085	1	CCSBORF10300	3AT	3	493G>C	118	NC_000002.12:28781814:G:C	CCSBVarC020787	ENSP00000378769.2:p.Asp165His	PPP1CB	ENSG00000213639	CSRNP1
pilot3	CCSBORF4085	1	CCSBORF10300	3AT	3	545T>A	63	NC_000002.12:28783930:T:A	CCSBVarC020790	ENSP00000378769.2:p.Met182Lys	PPP1CB	ENSG00000213639	CSRNP1
pilot3	CCSBORF4085	1	CCSBORF10300	3AT	3	548A>C	75	NC_000002.12:28783933:A:C	CCSBVarC020793	ENSP00000378769.2:p.Glu183Ala	PPP1CB	ENSG00000213639	CSRNP1
pilot3	CCSBORF4085	1	CCSBORF10300	3AT	3	548A>T	49	NC_000002.12:28783933:A:T	CCSBVarC020796	ENSP00000378769.2:p.Glu183Val	PPP1CB	ENSG00000213639	CSRNP1
pilot3	CCSBORF4085	1	CCSBORF10300	3AT	3	658C>T	3	NC_000002.12:28788722:C:T	CCSBVarC020798	ENSP00000378769.2:p.Arg220Cys	PPP1CB	ENSG00000213639	CSRNP1
pilot3	CCSBORF4085	1	CCSBORF10300	3AT	3	754G>T	12	NC_000002.12:28793871:G:T	CCSBVarC020801	ENSP00000378769.2:p.Asp252Tyr	PPP1CB	ENSG00000213639	CSRNP1
pilot3	CCSBORF4085	1	CCSBORF10300	3AT	3	755A>G	2546	NC_000002.12:28793872:A:G	CCSBVarC020805	ENSP00000378769.2:p.Asp252Gly	PPP1CB	ENSG00000213639	CSRNP1
pilot3	CCSBORF4085	1	CCSBORF10300	3AT	3	968C>T	21	NC_000002.12:28799286:C:T	CCSBVarC020812	ENSP00000378769.2:p.Pro323Leu	PPP1CB	ENSG00000213639	CSRNP1
pilot3	CCSBORF4085	1	CCSBORF6236	3AT	3	REF	531	NULL	NULL	NULL	PPP1CB	ENSG00000213639	CSRNP2
pilot3	CCSBORF4085	1	CCSBORF6236	3AT	3	104G>A	155	NC_000002.12:28776901:G:A	CCSBVarC020765	ENSP00000378769.2:p.Arg35Gln	PPP1CB	ENSG00000213639	CSRNP2
pilot3	CCSBORF4085	1	CCSBORF6236	3AT	3	255C>A	8863	NC_000002.12:28778878:C:A	CCSBVarC020772	ENSP00000378769.2:p.Asn85Lys	PPP1CB	ENSG00000213639	CSRNP2
pilot3	CCSBORF4085	1	CCSBORF6236	3AT	3	493G>C	514	NC_000002.12:28781814:G:C	CCSBVarC020787	ENSP00000378769.2:p.Asp165His	PPP1CB	ENSG00000213639	CSRNP2
pilot3	CCSBORF4085	1	CCSBORF6236	3AT	3	545T>A	476	NC_000002.12:28783930:T:A	CCSBVarC020790	ENSP00000378769.2:p.Met182Lys	PPP1CB	ENSG00000213639	CSRNP2
pilot3	CCSBORF4085	1	CCSBORF6236	3AT	3	548A>C	570	NC_000002.12:28783933:A:C	CCSBVarC020793	ENSP00000378769.2:p.Glu183Ala	PPP1CB	ENSG00000213639	CSRNP2
pilot3	CCSBORF4085	1	CCSBORF6236	3AT	3	548A>T	223	NC_000002.12:28783933:A:T	CCSBVarC020796	ENSP00000378769.2:p.Glu183Val	PPP1CB	ENSG00000213639	CSRNP2
pilot3	CCSBORF4085	1	CCSBORF6236	3AT	3	658C>T	12	NC_000002.12:28788722:C:T	CCSBVarC020798	ENSP00000378769.2:p.Arg220Cys	PPP1CB	ENSG00000213639	CSRNP2
pilot3	CCSBORF4085	1	CCSBORF6236	3AT	3	754G>T	255	NC_000002.12:28793871:G:T	CCSBVarC020801	ENSP00000378769.2:p.Asp252Tyr	PPP1CB	ENSG00000213639	CSRNP2
pilot3	CCSBORF4085	1	CCSBORF6236	3AT	3	755A>G	1213	NC_000002.12:28793872:A:G	CCSBVarC020805	ENSP00000378769.2:p.Asp252Gly	PPP1CB	ENSG00000213639	CSRNP2
pilot3	CCSBORF4085	1	CCSBORF6236	3AT	3	968C>T	339	NC_000002.12:28799286:C:T	CCSBVarC020812	ENSP00000378769.2:p.Pro323Leu	PPP1CB	ENSG00000213639	CSRNP2
pilot3	CCSBORF4085	1	CCSBORF13662	3AT	3	REF	98	NULL	NULL	NULL	PPP1CB	ENSG00000213639	CYSRT1
pilot3	CCSBORF4085	1	CCSBORF13662	3AT	3	104G>A	1	NC_000002.12:28776901:G:A	CCSBVarC020765	ENSP00000378769.2:p.Arg35Gln	PPP1CB	ENSG00000213639	CYSRT1
pilot3	CCSBORF4085	1	CCSBORF13662	3AT	3	255C>A	175	NC_000002.12:28778878:C:A	CCSBVarC020772	ENSP00000378769.2:p.Asn85Lys	PPP1CB	ENSG00000213639	CYSRT1
pilot3	CCSBORF4085	1	CCSBORF13662	3AT	3	493G>C	89	NC_000002.12:28781814:G:C	CCSBVarC020787	ENSP00000378769.2:p.Asp165His	PPP1CB	ENSG00000213639	CYSRT1
pilot3	CCSBORF4085	1	CCSBORF13662	3AT	3	545T>A	37	NC_000002.12:28783930:T:A	CCSBVarC020790	ENSP00000378769.2:p.Met182Lys	PPP1CB	ENSG00000213639	CYSRT1
pilot3	CCSBORF4085	1	CCSBORF13662	3AT	3	548A>C	119	NC_000002.12:28783933:A:C	CCSBVarC020793	ENSP00000378769.2:p.Glu183Ala	PPP1CB	ENSG00000213639	CYSRT1
pilot3	CCSBORF4085	1	CCSBORF13662	3AT	3	548A>T	150	NC_000002.12:28783933:A:T	CCSBVarC020796	ENSP00000378769.2:p.Glu183Val	PPP1CB	ENSG00000213639	CYSRT1
pilot3	CCSBORF4085	1	CCSBORF13662	3AT	3	658C>T	0	NC_000002.12:28788722:C:T	CCSBVarC020798	ENSP00000378769.2:p.Arg220Cys	PPP1CB	ENSG00000213639	CYSRT1
pilot3	CCSBORF4085	1	CCSBORF13662	3AT	3	754G>T	0	NC_000002.12:28793871:G:T	CCSBVarC020801	ENSP00000378769.2:p.Asp252Tyr	PPP1CB	ENSG00000213639	CYSRT1
pilot3	CCSBORF4085	1	CCSBORF13662	3AT	3	755A>G	21	NC_000002.12:28793872:A:G	CCSBVarC020805	ENSP00000378769.2:p.Asp252Gly	PPP1CB	ENSG00000213639	CYSRT1
pilot3	CCSBORF4085	1	CCSBORF13662	3AT	3	968C>T	82	NC_000002.12:28799286:C:T	CCSBVarC020812	ENSP00000378769.2:p.Pro323Leu	PPP1CB	ENSG00000213639	CYSRT1
pilot3	CCSBORF4085	1	CCSBORF14983	3AT	3	REF	758	NULL	NULL	NULL	PPP1CB	ENSG00000213639	KANK2
pilot3	CCSBORF4085	1	CCSBORF14983	3AT	3	104G>A	18	NC_000002.12:28776901:G:A	CCSBVarC020765	ENSP00000378769.2:p.Arg35Gln	PPP1CB	ENSG00000213639	KANK2
pilot3	CCSBORF4085	1	CCSBORF14983	3AT	3	255C>A	46	NC_000002.12:28778878:C:A	CCSBVarC020772	ENSP00000378769.2:p.Asn85Lys	PPP1CB	ENSG00000213639	KANK2
pilot3	CCSBORF4085	1	CCSBORF14983	3AT	3	493G>C	3005	NC_000002.12:28781814:G:C	CCSBVarC020787	ENSP00000378769.2:p.Asp165His	PPP1CB	ENSG00000213639	KANK2
pilot3	CCSBORF4085	1	CCSBORF14983	3AT	3	545T>A	12	NC_000002.12:28783930:T:A	CCSBVarC020790	ENSP00000378769.2:p.Met182Lys	PPP1CB	ENSG00000213639	KANK2
pilot3	CCSBORF4085	1	CCSBORF14983	3AT	3	548A>C	12	NC_000002.12:28783933:A:C	CCSBVarC020793	ENSP00000378769.2:p.Glu183Ala	PPP1CB	ENSG00000213639	KANK2
pilot3	CCSBORF4085	1	CCSBORF14983	3AT	3	548A>T	120	NC_000002.12:28783933:A:T	CCSBVarC020796	ENSP00000378769.2:p.Glu183Val	PPP1CB	ENSG00000213639	KANK2
pilot3	CCSBORF4085	1	CCSBORF14983	3AT	3	658C>T	6	NC_000002.12:28788722:C:T	CCSBVarC020798	ENSP00000378769.2:p.Arg220Cys	PPP1CB	ENSG00000213639	KANK2
pilot3	CCSBORF4085	1	CCSBORF14983	3AT	3	754G>T	114	NC_000002.12:28793871:G:T	CCSBVarC020801	ENSP00000378769.2:p.Asp252Tyr	PPP1CB	ENSG00000213639	KANK2
pilot3	CCSBORF4085	1	CCSBORF14983	3AT	3	755A>G	21174	NC_000002.12:28793872:A:G	CCSBVarC020805	ENSP00000378769.2:p.Asp252Gly	PPP1CB	ENSG00000213639	KANK2
pilot3	CCSBORF4085	1	CCSBORF14983	3AT	3	968C>T	61	NC_000002.12:28799286:C:T	CCSBVarC020812	ENSP00000378769.2:p.Pro323Leu	PPP1CB	ENSG00000213639	KANK2
pilot3	CCSBORF4085	1	CCSBORF824	3AT	3	REF	295	NULL	NULL	NULL	PPP1CB	ENSG00000213639	MEOX2
pilot3	CCSBORF4085	1	CCSBORF824	3AT	3	104G>A	432	NC_000002.12:28776901:G:A	CCSBVarC020765	ENSP00000378769.2:p.Arg35Gln	PPP1CB	ENSG00000213639	MEOX2
pilot3	CCSBORF4085	1	CCSBORF824	3AT	3	255C>A	1221	NC_000002.12:28778878:C:A	CCSBVarC020772	ENSP00000378769.2:p.Asn85Lys	PPP1CB	ENSG00000213639	MEOX2
pilot3	CCSBORF4085	1	CCSBORF824	3AT	3	493G>C	5423	NC_000002.12:28781814:G:C	CCSBVarC020787	ENSP00000378769.2:p.Asp165His	PPP1CB	ENSG00000213639	MEOX2
pilot3	CCSBORF4085	1	CCSBORF824	3AT	3	545T>A	901	NC_000002.12:28783930:T:A	CCSBVarC020790	ENSP00000378769.2:p.Met182Lys	PPP1CB	ENSG00000213639	MEOX2
pilot3	CCSBORF4085	1	CCSBORF824	3AT	3	548A>C	946	NC_000002.12:28783933:A:C	CCSBVarC020793	ENSP00000378769.2:p.Glu183Ala	PPP1CB	ENSG00000213639	MEOX2
pilot3	CCSBORF4085	1	CCSBORF824	3AT	3	548A>T	392	NC_000002.12:28783933:A:T	CCSBVarC020796	ENSP00000378769.2:p.Glu183Val	PPP1CB	ENSG00000213639	MEOX2
pilot3	CCSBORF4085	1	CCSBORF824	3AT	3	658C>T	28	NC_000002.12:28788722:C:T	CCSBVarC020798	ENSP00000378769.2:p.Arg220Cys	PPP1CB	ENSG00000213639	MEOX2
pilot3	CCSBORF4085	1	CCSBORF824	3AT	3	754G>T	618	NC_000002.12:28793871:G:T	CCSBVarC020801	ENSP00000378769.2:p.Asp252Tyr	PPP1CB	ENSG00000213639	MEOX2
pilot3	CCSBORF4085	1	CCSBORF824	3AT	3	755A>G	31	NC_000002.12:28793872:A:G	CCSBVarC020805	ENSP00000378769.2:p.Asp252Gly	PPP1CB	ENSG00000213639	MEOX2
pilot3	CCSBORF4085	1	CCSBORF824	3AT	3	968C>T	472	NC_000002.12:28799286:C:T	CCSBVarC020812	ENSP00000378769.2:p.Pro323Leu	PPP1CB	ENSG00000213639	MEOX2
pilot3	CCSBORF4085	1	CCSBORF5175	3AT	3	REF	409	NULL	NULL	NULL	PPP1CB	ENSG00000213639	PPP1R16A
pilot3	CCSBORF4085	1	CCSBORF5175	3AT	3	104G>A	179	NC_000002.12:28776901:G:A	CCSBVarC020765	ENSP00000378769.2:p.Arg35Gln	PPP1CB	ENSG00000213639	PPP1R16A
pilot3	CCSBORF4085	1	CCSBORF5175	3AT	3	255C>A	8054	NC_000002.12:28778878:C:A	CCSBVarC020772	ENSP00000378769.2:p.Asn85Lys	PPP1CB	ENSG00000213639	PPP1R16A
pilot3	CCSBORF4085	1	CCSBORF5175	3AT	3	493G>C	673	NC_000002.12:28781814:G:C	CCSBVarC020787	ENSP00000378769.2:p.Asp165His	PPP1CB	ENSG00000213639	PPP1R16A
pilot3	CCSBORF4085	1	CCSBORF5175	3AT	3	545T>A	772	NC_000002.12:28783930:T:A	CCSBVarC020790	ENSP00000378769.2:p.Met182Lys	PPP1CB	ENSG00000213639	PPP1R16A
pilot3	CCSBORF4085	1	CCSBORF5175	3AT	3	548A>C	211	NC_000002.12:28783933:A:C	CCSBVarC020793	ENSP00000378769.2:p.Glu183Ala	PPP1CB	ENSG00000213639	PPP1R16A
pilot3	CCSBORF4085	1	CCSBORF5175	3AT	3	548A>T	190	NC_000002.12:28783933:A:T	CCSBVarC020796	ENSP00000378769.2:p.Glu183Val	PPP1CB	ENSG00000213639	PPP1R16A
pilot3	CCSBORF4085	1	CCSBORF5175	3AT	3	658C>T	92	NC_000002.12:28788722:C:T	CCSBVarC020798	ENSP00000378769.2:p.Arg220Cys	PPP1CB	ENSG00000213639	PPP1R16A
pilot3	CCSBORF4085	1	CCSBORF5175	3AT	3	754G>T	215	NC_000002.12:28793871:G:T	CCSBVarC020801	ENSP00000378769.2:p.Asp252Tyr	PPP1CB	ENSG00000213639	PPP1R16A
pilot3	CCSBORF4085	1	CCSBORF5175	3AT	3	755A>G	620	NC_000002.12:28793872:A:G	CCSBVarC020805	ENSP00000378769.2:p.Asp252Gly	PPP1CB	ENSG00000213639	PPP1R16A
pilot3	CCSBORF4085	1	CCSBORF5175	3AT	3	968C>T	117	NC_000002.12:28799286:C:T	CCSBVarC020812	ENSP00000378769.2:p.Pro323Leu	PPP1CB	ENSG00000213639	PPP1R16A
pilot3	CCSBORF4085	1	CCSBORF6324	3AT	3	REF	1866	NULL	NULL	NULL	PPP1CB	ENSG00000213639	PPP1R3C
pilot3	CCSBORF4085	1	CCSBORF6324	3AT	3	104G>A	452	NC_000002.12:28776901:G:A	CCSBVarC020765	ENSP00000378769.2:p.Arg35Gln	PPP1CB	ENSG00000213639	PPP1R3C
pilot3	CCSBORF4085	1	CCSBORF6324	3AT	3	255C>A	6142	NC_000002.12:28778878:C:A	CCSBVarC020772	ENSP00000378769.2:p.Asn85Lys	PPP1CB	ENSG00000213639	PPP1R3C
pilot3	CCSBORF4085	1	CCSBORF6324	3AT	3	493G>C	411	NC_000002.12:28781814:G:C	CCSBVarC020787	ENSP00000378769.2:p.Asp165His	PPP1CB	ENSG00000213639	PPP1R3C
pilot3	CCSBORF4085	1	CCSBORF6324	3AT	3	545T>A	133	NC_000002.12:28783930:T:A	CCSBVarC020790	ENSP00000378769.2:p.Met182Lys	PPP1CB	ENSG00000213639	PPP1R3C
pilot3	CCSBORF4085	1	CCSBORF6324	3AT	3	548A>C	244	NC_000002.12:28783933:A:C	CCSBVarC020793	ENSP00000378769.2:p.Glu183Ala	PPP1CB	ENSG00000213639	PPP1R3C
pilot3	CCSBORF4085	1	CCSBORF6324	3AT	3	548A>T	232	NC_000002.12:28783933:A:T	CCSBVarC020796	ENSP00000378769.2:p.Glu183Val	PPP1CB	ENSG00000213639	PPP1R3C
pilot3	CCSBORF4085	1	CCSBORF6324	3AT	3	658C>T	9	NC_000002.12:28788722:C:T	CCSBVarC020798	ENSP00000378769.2:p.Arg220Cys	PPP1CB	ENSG00000213639	PPP1R3C
pilot3	CCSBORF4085	1	CCSBORF6324	3AT	3	754G>T	750	NC_000002.12:28793871:G:T	CCSBVarC020801	ENSP00000378769.2:p.Asp252Tyr	PPP1CB	ENSG00000213639	PPP1R3C
pilot3	CCSBORF4085	1	CCSBORF6324	3AT	3	755A>G	11510	NC_000002.12:28793872:A:G	CCSBVarC020805	ENSP00000378769.2:p.Asp252Gly	PPP1CB	ENSG00000213639	PPP1R3C
pilot3	CCSBORF4085	1	CCSBORF6324	3AT	3	968C>T	152	NC_000002.12:28799286:C:T	CCSBVarC020812	ENSP00000378769.2:p.Pro323Leu	PPP1CB	ENSG00000213639	PPP1R3C
pilot3	CCSBORF4085	1	CCSBORF55307	3AT	3	REF	1762	NULL	NULL	NULL	PPP1CB	ENSG00000213639	SH2D4A
pilot3	CCSBORF4085	1	CCSBORF55307	3AT	3	104G>A	435	NC_000002.12:28776901:G:A	CCSBVarC020765	ENSP00000378769.2:p.Arg35Gln	PPP1CB	ENSG00000213639	SH2D4A
pilot3	CCSBORF4085	1	CCSBORF55307	3AT	3	255C>A	10111	NC_000002.12:28778878:C:A	CCSBVarC020772	ENSP00000378769.2:p.Asn85Lys	PPP1CB	ENSG00000213639	SH2D4A
pilot3	CCSBORF4085	1	CCSBORF55307	3AT	3	493G>C	2226	NC_000002.12:28781814:G:C	CCSBVarC020787	ENSP00000378769.2:p.Asp165His	PPP1CB	ENSG00000213639	SH2D4A
pilot3	CCSBORF4085	1	CCSBORF55307	3AT	3	545T>A	1082	NC_000002.12:28783930:T:A	CCSBVarC020790	ENSP00000378769.2:p.Met182Lys	PPP1CB	ENSG00000213639	SH2D4A
pilot3	CCSBORF4085	1	CCSBORF55307	3AT	3	548A>C	838	NC_000002.12:28783933:A:C	CCSBVarC020793	ENSP00000378769.2:p.Glu183Ala	PPP1CB	ENSG00000213639	SH2D4A
pilot3	CCSBORF4085	1	CCSBORF55307	3AT	3	548A>T	499	NC_000002.12:28783933:A:T	CCSBVarC020796	ENSP00000378769.2:p.Glu183Val	PPP1CB	ENSG00000213639	SH2D4A
pilot3	CCSBORF4085	1	CCSBORF55307	3AT	3	658C>T	14	NC_000002.12:28788722:C:T	CCSBVarC020798	ENSP00000378769.2:p.Arg220Cys	PPP1CB	ENSG00000213639	SH2D4A
pilot3	CCSBORF4085	1	CCSBORF55307	3AT	3	754G>T	449	NC_000002.12:28793871:G:T	CCSBVarC020801	ENSP00000378769.2:p.Asp252Tyr	PPP1CB	ENSG00000213639	SH2D4A
pilot3	CCSBORF4085	1	CCSBORF55307	3AT	3	755A>G	2643	NC_000002.12:28793872:A:G	CCSBVarC020805	ENSP00000378769.2:p.Asp252Gly	PPP1CB	ENSG00000213639	SH2D4A
pilot3	CCSBORF4085	1	CCSBORF55307	3AT	3	968C>T	556	NC_000002.12:28799286:C:T	CCSBVarC020812	ENSP00000378769.2:p.Pro323Leu	PPP1CB	ENSG00000213639	SH2D4A
pilot3	CCSBORF4085	1	CCSBORF55351	3AT	3	REF	4153	NULL	NULL	NULL	PPP1CB	ENSG00000213639	TP53BP2
pilot3	CCSBORF4085	1	CCSBORF55351	3AT	3	104G>A	245	NC_000002.12:28776901:G:A	CCSBVarC020765	ENSP00000378769.2:p.Arg35Gln	PPP1CB	ENSG00000213639	TP53BP2
pilot3	CCSBORF4085	1	CCSBORF55351	3AT	3	255C>A	10636	NC_000002.12:28778878:C:A	CCSBVarC020772	ENSP00000378769.2:p.Asn85Lys	PPP1CB	ENSG00000213639	TP53BP2
pilot3	CCSBORF4085	1	CCSBORF55351	3AT	3	493G>C	1018	NC_000002.12:28781814:G:C	CCSBVarC020787	ENSP00000378769.2:p.Asp165His	PPP1CB	ENSG00000213639	TP53BP2
pilot3	CCSBORF4085	1	CCSBORF55351	3AT	3	545T>A	688	NC_000002.12:28783930:T:A	CCSBVarC020790	ENSP00000378769.2:p.Met182Lys	PPP1CB	ENSG00000213639	TP53BP2
pilot3	CCSBORF4085	1	CCSBORF55351	3AT	3	548A>C	667	NC_000002.12:28783933:A:C	CCSBVarC020793	ENSP00000378769.2:p.Glu183Ala	PPP1CB	ENSG00000213639	TP53BP2
pilot3	CCSBORF4085	1	CCSBORF55351	3AT	3	548A>T	481	NC_000002.12:28783933:A:T	CCSBVarC020796	ENSP00000378769.2:p.Glu183Val	PPP1CB	ENSG00000213639	TP53BP2
pilot3	CCSBORF4085	1	CCSBORF55351	3AT	3	658C>T	29	NC_000002.12:28788722:C:T	CCSBVarC020798	ENSP00000378769.2:p.Arg220Cys	PPP1CB	ENSG00000213639	TP53BP2
pilot3	CCSBORF4085	1	CCSBORF55351	3AT	3	754G>T	540	NC_000002.12:28793871:G:T	CCSBVarC020801	ENSP00000378769.2:p.Asp252Tyr	PPP1CB	ENSG00000213639	TP53BP2
pilot3	CCSBORF4085	1	CCSBORF55351	3AT	3	755A>G	10448	NC_000002.12:28793872:A:G	CCSBVarC020805	ENSP00000378769.2:p.Asp252Gly	PPP1CB	ENSG00000213639	TP53BP2
pilot3	CCSBORF4085	1	CCSBORF55351	3AT	3	968C>T	383	NC_000002.12:28799286:C:T	CCSBVarC020812	ENSP00000378769.2:p.Pro323Leu	PPP1CB	ENSG00000213639	TP53BP2
pilot3	CCSBORF4085	1	CCSBORF0	3AT	3	REF	17	NULL	NULL	NULL	PPP1CB	ENSG00000213639	empty_AD
pilot3	CCSBORF4085	1	CCSBORF0	3AT	3	104G>A	23	NC_000002.12:28776901:G:A	CCSBVarC020765	ENSP00000378769.2:p.Arg35Gln	PPP1CB	ENSG00000213639	empty_AD
pilot3	CCSBORF4085	1	CCSBORF0	3AT	3	255C>A	16	NC_000002.12:28778878:C:A	CCSBVarC020772	ENSP00000378769.2:p.Asn85Lys	PPP1CB	ENSG00000213639	empty_AD
pilot3	CCSBORF4085	1	CCSBORF0	3AT	3	493G>C	229	NC_000002.12:28781814:G:C	CCSBVarC020787	ENSP00000378769.2:p.Asp165His	PPP1CB	ENSG00000213639	empty_AD
pilot3	CCSBORF4085	1	CCSBORF0	3AT	3	545T>A	0	NC_000002.12:28783930:T:A	CCSBVarC020790	ENSP00000378769.2:p.Met182Lys	PPP1CB	ENSG00000213639	empty_AD
pilot3	CCSBORF4085	1	CCSBORF0	3AT	3	548A>C	97	NC_000002.12:28783933:A:C	CCSBVarC020793	ENSP00000378769.2:p.Glu183Ala	PPP1CB	ENSG00000213639	empty_AD
pilot3	CCSBORF4085	1	CCSBORF0	3AT	3	548A>T	0	NC_000002.12:28783933:A:T	CCSBVarC020796	ENSP00000378769.2:p.Glu183Val	PPP1CB	ENSG00000213639	empty_AD
pilot3	CCSBORF4085	1	CCSBORF0	3AT	3	658C>T	0	NC_000002.12:28788722:C:T	CCSBVarC020798	ENSP00000378769.2:p.Arg220Cys	PPP1CB	ENSG00000213639	empty_AD
pilot3	CCSBORF4085	1	CCSBORF0	3AT	3	754G>T	24	NC_000002.12:28793871:G:T	CCSBVarC020801	ENSP00000378769.2:p.Asp252Tyr	PPP1CB	ENSG00000213639	empty_AD
pilot3	CCSBORF4085	1	CCSBORF0	3AT	3	755A>G	0	NC_000002.12:28793872:A:G	CCSBVarC020805	ENSP00000378769.2:p.Asp252Gly	PPP1CB	ENSG00000213639	empty_AD
pilot3	CCSBORF4085	1	CCSBORF0	3AT	3	968C>T	0	NC_000002.12:28799286:C:T	CCSBVarC020812	ENSP00000378769.2:p.Pro323Leu	PPP1CB	ENSG00000213639	empty_AD
pilot3	CCSBORF6699	1	CCSBORF13795	3AT	3	REF	2589	NULL	NULL	NULL	CSNK2A1	ENSG00000101266	MEOX1
pilot3	CCSBORF6699	1	CCSBORF13795	3AT	3	1165G>A	1088	NC_000020.11:483971:C:T	CCSBVarC024455	ENSP00000217244.3:p.Ala389Thr	CSNK2A1	ENSG00000101266	MEOX1
pilot3	CCSBORF6699	1	CCSBORF13795	3AT	3	1172A>G	172	NC_000020.11:483964:T:C	CCSBVarC024458	ENSP00000217244.3:p.Gln391Arg	CSNK2A1	ENSG00000101266	MEOX1
pilot3	CCSBORF6699	1	CCSBORF13795	3AT	3	139C>G	959	NC_000020.11:505191:G:C	CCSBVarC024315	ENSP00000217244.3:p.Arg47Gly	CSNK2A1	ENSG00000101266	MEOX1
pilot3	CCSBORF6699	1	CCSBORF13795	3AT	3	143G>A	357	NC_000020.11:505187:C:T	CCSBVarC024322	ENSP00000217244.3:p.Gly48Asp	CSNK2A1	ENSG00000101266	MEOX1
pilot3	CCSBORF6699	1	CCSBORF13795	3AT	3	149A>C	518	NC_000020.11:505181:T:G	CCSBVarC024324	ENSP00000217244.3:p.Tyr50Ser	CSNK2A1	ENSG00000101266	MEOX1
pilot3	CCSBORF6699	1	CCSBORF13795	3AT	3	154G>A	333	NC_000020.11:505176:C:T	CCSBVarC024328	ENSP00000217244.3:p.Glu52Lys	CSNK2A1	ENSG00000101266	MEOX1
pilot3	CCSBORF6699	1	CCSBORF13795	3AT	3	239G>A	129	NC_000020.11:499908:C:T	CCSBVarC024330	ENSP00000217244.3:p.Arg80His	CSNK2A1	ENSG00000101266	MEOX1
pilot3	CCSBORF6699	1	CCSBORF13795	3AT	3	242A>C	32	NC_000020.11:499905:T:G	CCSBVarC024331	ENSP00000217244.3:p.Glu81Ala	CSNK2A1	ENSG00000101266	MEOX1
pilot3	CCSBORF6699	1	CCSBORF13795	3AT	3	524A>G	2368	NC_000020.11:492350:T:C	CCSBVarC024355	ENSP00000217244.3:p.Asp175Gly	CSNK2A1	ENSG00000101266	MEOX1
pilot3	CCSBORF6699	1	CCSBORF13795	3AT	3	529G>A	100	NC_000020.11:492345:C:T	CCSBVarC024361	ENSP00000217244.3:p.Gly177Ser	CSNK2A1	ENSG00000101266	MEOX1
pilot3	CCSBORF6699	1	CCSBORF13795	3AT	3	704G>T	4	NC_000020.11:489798:C:A	CCSBVarC024394	ENSP00000217244.3:p.Gly235Val	CSNK2A1	ENSG00000101266	MEOX1
pilot3	CCSBORF6699	1	CCSBORF13795	3AT	3	935G>A	13	NC_000020.11:487464:C:T	CCSBVarC024400	ENSP00000217244.3:p.Arg312Gln	CSNK2A1	ENSG00000101266	MEOX1
pilot3	CCSBORF6699	1	CCSBORF824	3AT	3	REF	2041	NULL	NULL	NULL	CSNK2A1	ENSG00000101266	MEOX2
pilot3	CCSBORF6699	1	CCSBORF824	3AT	3	1165G>A	1126	NC_000020.11:483971:C:T	CCSBVarC024455	ENSP00000217244.3:p.Ala389Thr	CSNK2A1	ENSG00000101266	MEOX2
pilot3	CCSBORF6699	1	CCSBORF824	3AT	3	1172A>G	223	NC_000020.11:483964:T:C	CCSBVarC024458	ENSP00000217244.3:p.Gln391Arg	CSNK2A1	ENSG00000101266	MEOX2
pilot3	CCSBORF6699	1	CCSBORF824	3AT	3	139C>G	1421	NC_000020.11:505191:G:C	CCSBVarC024315	ENSP00000217244.3:p.Arg47Gly	CSNK2A1	ENSG00000101266	MEOX2
pilot3	CCSBORF6699	1	CCSBORF824	3AT	3	143G>A	860	NC_000020.11:505187:C:T	CCSBVarC024322	ENSP00000217244.3:p.Gly48Asp	CSNK2A1	ENSG00000101266	MEOX2
pilot3	CCSBORF6699	1	CCSBORF824	3AT	3	149A>C	594	NC_000020.11:505181:T:G	CCSBVarC024324	ENSP00000217244.3:p.Tyr50Ser	CSNK2A1	ENSG00000101266	MEOX2
pilot3	CCSBORF6699	1	CCSBORF824	3AT	3	154G>A	482	NC_000020.11:505176:C:T	CCSBVarC024328	ENSP00000217244.3:p.Glu52Lys	CSNK2A1	ENSG00000101266	MEOX2
pilot3	CCSBORF6699	1	CCSBORF824	3AT	3	239G>A	73	NC_000020.11:499908:C:T	CCSBVarC024330	ENSP00000217244.3:p.Arg80His	CSNK2A1	ENSG00000101266	MEOX2
pilot3	CCSBORF6699	1	CCSBORF824	3AT	3	242A>C	62	NC_000020.11:499905:T:G	CCSBVarC024331	ENSP00000217244.3:p.Glu81Ala	CSNK2A1	ENSG00000101266	MEOX2
pilot3	CCSBORF6699	1	CCSBORF824	3AT	3	524A>G	2077	NC_000020.11:492350:T:C	CCSBVarC024355	ENSP00000217244.3:p.Asp175Gly	CSNK2A1	ENSG00000101266	MEOX2
pilot3	CCSBORF6699	1	CCSBORF824	3AT	3	529G>A	65	NC_000020.11:492345:C:T	CCSBVarC024361	ENSP00000217244.3:p.Gly177Ser	CSNK2A1	ENSG00000101266	MEOX2
pilot3	CCSBORF6699	1	CCSBORF824	3AT	3	704G>T	4	NC_000020.11:489798:C:A	CCSBVarC024394	ENSP00000217244.3:p.Gly235Val	CSNK2A1	ENSG00000101266	MEOX2
pilot3	CCSBORF6699	1	CCSBORF824	3AT	3	935G>A	7	NC_000020.11:487464:C:T	CCSBVarC024400	ENSP00000217244.3:p.Arg312Gln	CSNK2A1	ENSG00000101266	MEOX2
pilot3	CCSBORF6699	1	CCSBORF2092	3AT	3	REF	6324	NULL	NULL	NULL	CSNK2A1	ENSG00000101266	NFYA
pilot3	CCSBORF6699	1	CCSBORF2092	3AT	3	1165G>A	3269	NC_000020.11:483971:C:T	CCSBVarC024455	ENSP00000217244.3:p.Ala389Thr	CSNK2A1	ENSG00000101266	NFYA
pilot3	CCSBORF6699	1	CCSBORF2092	3AT	3	1172A>G	110	NC_000020.11:483964:T:C	CCSBVarC024458	ENSP00000217244.3:p.Gln391Arg	CSNK2A1	ENSG00000101266	NFYA
pilot3	CCSBORF6699	1	CCSBORF2092	3AT	3	139C>G	272	NC_000020.11:505191:G:C	CCSBVarC024315	ENSP00000217244.3:p.Arg47Gly	CSNK2A1	ENSG00000101266	NFYA
pilot3	CCSBORF6699	1	CCSBORF2092	3AT	3	143G>A	2370	NC_000020.11:505187:C:T	CCSBVarC024322	ENSP00000217244.3:p.Gly48Asp	CSNK2A1	ENSG00000101266	NFYA
pilot3	CCSBORF6699	1	CCSBORF2092	3AT	3	149A>C	44	NC_000020.11:505181:T:G	CCSBVarC024324	ENSP00000217244.3:p.Tyr50Ser	CSNK2A1	ENSG00000101266	NFYA
pilot3	CCSBORF6699	1	CCSBORF2092	3AT	3	154G>A	580	NC_000020.11:505176:C:T	CCSBVarC024328	ENSP00000217244.3:p.Glu52Lys	CSNK2A1	ENSG00000101266	NFYA
pilot3	CCSBORF6699	1	CCSBORF2092	3AT	3	239G>A	111	NC_000020.11:499908:C:T	CCSBVarC024330	ENSP00000217244.3:p.Arg80His	CSNK2A1	ENSG00000101266	NFYA
pilot3	CCSBORF6699	1	CCSBORF2092	3AT	3	242A>C	1156	NC_000020.11:499905:T:G	CCSBVarC024331	ENSP00000217244.3:p.Glu81Ala	CSNK2A1	ENSG00000101266	NFYA
pilot3	CCSBORF6699	1	CCSBORF2092	3AT	3	524A>G	3252	NC_000020.11:492350:T:C	CCSBVarC024355	ENSP00000217244.3:p.Asp175Gly	CSNK2A1	ENSG00000101266	NFYA
pilot3	CCSBORF6699	1	CCSBORF2092	3AT	3	529G>A	1620	NC_000020.11:492345:C:T	CCSBVarC024361	ENSP00000217244.3:p.Gly177Ser	CSNK2A1	ENSG00000101266	NFYA
pilot3	CCSBORF6699	1	CCSBORF2092	3AT	3	704G>T	10	NC_000020.11:489798:C:A	CCSBVarC024394	ENSP00000217244.3:p.Gly235Val	CSNK2A1	ENSG00000101266	NFYA
pilot3	CCSBORF6699	1	CCSBORF2092	3AT	3	935G>A	20	NC_000020.11:487464:C:T	CCSBVarC024400	ENSP00000217244.3:p.Arg312Gln	CSNK2A1	ENSG00000101266	NFYA
pilot3	CCSBORF6699	1	CCSBORF100061597	3AT	3	REF	2622	NULL	NULL	NULL	CSNK2A1	ENSG00000101266	PAX5
pilot3	CCSBORF6699	1	CCSBORF100061597	3AT	3	1165G>A	428	NC_000020.11:483971:C:T	CCSBVarC024455	ENSP00000217244.3:p.Ala389Thr	CSNK2A1	ENSG00000101266	PAX5
pilot3	CCSBORF6699	1	CCSBORF100061597	3AT	3	1172A>G	24	NC_000020.11:483964:T:C	CCSBVarC024458	ENSP00000217244.3:p.Gln391Arg	CSNK2A1	ENSG00000101266	PAX5
pilot3	CCSBORF6699	1	CCSBORF100061597	3AT	3	139C>G	4363	NC_000020.11:505191:G:C	CCSBVarC024315	ENSP00000217244.3:p.Arg47Gly	CSNK2A1	ENSG00000101266	PAX5
pilot3	CCSBORF6699	1	CCSBORF100061597	3AT	3	143G>A	733	NC_000020.11:505187:C:T	CCSBVarC024322	ENSP00000217244.3:p.Gly48Asp	CSNK2A1	ENSG00000101266	PAX5
pilot3	CCSBORF6699	1	CCSBORF100061597	3AT	3	149A>C	583	NC_000020.11:505181:T:G	CCSBVarC024324	ENSP00000217244.3:p.Tyr50Ser	CSNK2A1	ENSG00000101266	PAX5
pilot3	CCSBORF6699	1	CCSBORF100061597	3AT	3	154G>A	50	NC_000020.11:505176:C:T	CCSBVarC024328	ENSP00000217244.3:p.Glu52Lys	CSNK2A1	ENSG00000101266	PAX5
pilot3	CCSBORF6699	1	CCSBORF100061597	3AT	3	239G>A	6	NC_000020.11:499908:C:T	CCSBVarC024330	ENSP00000217244.3:p.Arg80His	CSNK2A1	ENSG00000101266	PAX5
pilot3	CCSBORF6699	1	CCSBORF100061597	3AT	3	242A>C	13	NC_000020.11:499905:T:G	CCSBVarC024331	ENSP00000217244.3:p.Glu81Ala	CSNK2A1	ENSG00000101266	PAX5
pilot3	CCSBORF6699	1	CCSBORF100061597	3AT	3	524A>G	3113	NC_000020.11:492350:T:C	CCSBVarC024355	ENSP00000217244.3:p.Asp175Gly	CSNK2A1	ENSG00000101266	PAX5
pilot3	CCSBORF6699	1	CCSBORF100061597	3AT	3	529G>A	31	NC_000020.11:492345:C:T	CCSBVarC024361	ENSP00000217244.3:p.Gly177Ser	CSNK2A1	ENSG00000101266	PAX5
pilot3	CCSBORF6699	1	CCSBORF100061597	3AT	3	704G>T	3	NC_000020.11:489798:C:A	CCSBVarC024394	ENSP00000217244.3:p.Gly235Val	CSNK2A1	ENSG00000101266	PAX5
pilot3	CCSBORF6699	1	CCSBORF100061597	3AT	3	935G>A	11	NC_000020.11:487464:C:T	CCSBVarC024400	ENSP00000217244.3:p.Arg312Gln	CSNK2A1	ENSG00000101266	PAX5
pilot3	CCSBORF6699	1	CCSBORF100009072	3AT	3	REF	4601	NULL	NULL	NULL	CSNK2A1	ENSG00000101266	PAX6
pilot3	CCSBORF6699	1	CCSBORF100009072	3AT	3	1165G>A	1484	NC_000020.11:483971:C:T	CCSBVarC024455	ENSP00000217244.3:p.Ala389Thr	CSNK2A1	ENSG00000101266	PAX6
pilot3	CCSBORF6699	1	CCSBORF100009072	3AT	3	1172A>G	266	NC_000020.11:483964:T:C	CCSBVarC024458	ENSP00000217244.3:p.Gln391Arg	CSNK2A1	ENSG00000101266	PAX6
pilot3	CCSBORF6699	1	CCSBORF100009072	3AT	3	139C>G	3205	NC_000020.11:505191:G:C	CCSBVarC024315	ENSP00000217244.3:p.Arg47Gly	CSNK2A1	ENSG00000101266	PAX6
pilot3	CCSBORF6699	1	CCSBORF100009072	3AT	3	143G>A	832	NC_000020.11:505187:C:T	CCSBVarC024322	ENSP00000217244.3:p.Gly48Asp	CSNK2A1	ENSG00000101266	PAX6
pilot3	CCSBORF6699	1	CCSBORF100009072	3AT	3	149A>C	1529	NC_000020.11:505181:T:G	CCSBVarC024324	ENSP00000217244.3:p.Tyr50Ser	CSNK2A1	ENSG00000101266	PAX6
pilot3	CCSBORF6699	1	CCSBORF100009072	3AT	3	154G>A	316	NC_000020.11:505176:C:T	CCSBVarC024328	ENSP00000217244.3:p.Glu52Lys	CSNK2A1	ENSG00000101266	PAX6
pilot3	CCSBORF6699	1	CCSBORF100009072	3AT	3	239G>A	181	NC_000020.11:499908:C:T	CCSBVarC024330	ENSP00000217244.3:p.Arg80His	CSNK2A1	ENSG00000101266	PAX6
pilot3	CCSBORF6699	1	CCSBORF100009072	3AT	3	242A>C	45	NC_000020.11:499905:T:G	CCSBVarC024331	ENSP00000217244.3:p.Glu81Ala	CSNK2A1	ENSG00000101266	PAX6
pilot3	CCSBORF6699	1	CCSBORF100009072	3AT	3	524A>G	3581	NC_000020.11:492350:T:C	CCSBVarC024355	ENSP00000217244.3:p.Asp175Gly	CSNK2A1	ENSG00000101266	PAX6
pilot3	CCSBORF6699	1	CCSBORF100009072	3AT	3	529G>A	169	NC_000020.11:492345:C:T	CCSBVarC024361	ENSP00000217244.3:p.Gly177Ser	CSNK2A1	ENSG00000101266	PAX6
pilot3	CCSBORF6699	1	CCSBORF100009072	3AT	3	704G>T	3	NC_000020.11:489798:C:A	CCSBVarC024394	ENSP00000217244.3:p.Gly235Val	CSNK2A1	ENSG00000101266	PAX6
pilot3	CCSBORF6699	1	CCSBORF100009072	3AT	3	935G>A	33	NC_000020.11:487464:C:T	CCSBVarC024400	ENSP00000217244.3:p.Arg312Gln	CSNK2A1	ENSG00000101266	PAX6
pilot3	CCSBORF6699	1	CCSBORF53942	3AT	3	REF	1660	NULL	NULL	NULL	CSNK2A1	ENSG00000101266	REL
pilot3	CCSBORF6699	1	CCSBORF53942	3AT	3	1165G>A	117	NC_000020.11:483971:C:T	CCSBVarC024455	ENSP00000217244.3:p.Ala389Thr	CSNK2A1	ENSG00000101266	REL
pilot3	CCSBORF6699	1	CCSBORF53942	3AT	3	1172A>G	13	NC_000020.11:483964:T:C	CCSBVarC024458	ENSP00000217244.3:p.Gln391Arg	CSNK2A1	ENSG00000101266	REL
pilot3	CCSBORF6699	1	CCSBORF53942	3AT	3	139C>G	59	NC_000020.11:505191:G:C	CCSBVarC024315	ENSP00000217244.3:p.Arg47Gly	CSNK2A1	ENSG00000101266	REL
pilot3	CCSBORF6699	1	CCSBORF53942	3AT	3	143G>A	78	NC_000020.11:505187:C:T	CCSBVarC024322	ENSP00000217244.3:p.Gly48Asp	CSNK2A1	ENSG00000101266	REL
pilot3	CCSBORF6699	1	CCSBORF53942	3AT	3	149A>C	83	NC_000020.11:505181:T:G	CCSBVarC024324	ENSP00000217244.3:p.Tyr50Ser	CSNK2A1	ENSG00000101266	REL
pilot3	CCSBORF6699	1	CCSBORF53942	3AT	3	154G>A	14490	NC_000020.11:505176:C:T	CCSBVarC024328	ENSP00000217244.3:p.Glu52Lys	CSNK2A1	ENSG00000101266	REL
pilot3	CCSBORF6699	1	CCSBORF53942	3AT	3	239G>A	35	NC_000020.11:499908:C:T	CCSBVarC024330	ENSP00000217244.3:p.Arg80His	CSNK2A1	ENSG00000101266	REL
pilot3	CCSBORF6699	1	CCSBORF53942	3AT	3	242A>C	481	NC_000020.11:499905:T:G	CCSBVarC024331	ENSP00000217244.3:p.Glu81Ala	CSNK2A1	ENSG00000101266	REL
pilot3	CCSBORF6699	1	CCSBORF53942	3AT	3	524A>G	37	NC_000020.11:492350:T:C	CCSBVarC024355	ENSP00000217244.3:p.Asp175Gly	CSNK2A1	ENSG00000101266	REL
pilot3	CCSBORF6699	1	CCSBORF53942	3AT	3	529G>A	139	NC_000020.11:492345:C:T	CCSBVarC024361	ENSP00000217244.3:p.Gly177Ser	CSNK2A1	ENSG00000101266	REL
pilot3	CCSBORF6699	1	CCSBORF53942	3AT	3	704G>T	9	NC_000020.11:489798:C:A	CCSBVarC024394	ENSP00000217244.3:p.Gly235Val	CSNK2A1	ENSG00000101266	REL
pilot3	CCSBORF6699	1	CCSBORF53942	3AT	3	935G>A	7	NC_000020.11:487464:C:T	CCSBVarC024400	ENSP00000217244.3:p.Arg312Gln	CSNK2A1	ENSG00000101266	REL
pilot3	CCSBORF6699	1	CCSBORF4447	3AT	3	REF	1479	NULL	NULL	NULL	CSNK2A1	ENSG00000101266	STAC3
pilot3	CCSBORF6699	1	CCSBORF4447	3AT	3	1165G>A	851	NC_000020.11:483971:C:T	CCSBVarC024455	ENSP00000217244.3:p.Ala389Thr	CSNK2A1	ENSG00000101266	STAC3
pilot3	CCSBORF6699	1	CCSBORF4447	3AT	3	1172A>G	374	NC_000020.11:483964:T:C	CCSBVarC024458	ENSP00000217244.3:p.Gln391Arg	CSNK2A1	ENSG00000101266	STAC3
pilot3	CCSBORF6699	1	CCSBORF4447	3AT	3	139C>G	82	NC_000020.11:505191:G:C	CCSBVarC024315	ENSP00000217244.3:p.Arg47Gly	CSNK2A1	ENSG00000101266	STAC3
pilot3	CCSBORF6699	1	CCSBORF4447	3AT	3	143G>A	742	NC_000020.11:505187:C:T	CCSBVarC024322	ENSP00000217244.3:p.Gly48Asp	CSNK2A1	ENSG00000101266	STAC3
pilot3	CCSBORF6699	1	CCSBORF4447	3AT	3	149A>C	832	NC_000020.11:505181:T:G	CCSBVarC024324	ENSP00000217244.3:p.Tyr50Ser	CSNK2A1	ENSG00000101266	STAC3
pilot3	CCSBORF6699	1	CCSBORF4447	3AT	3	154G>A	2635	NC_000020.11:505176:C:T	CCSBVarC024328	ENSP00000217244.3:p.Glu52Lys	CSNK2A1	ENSG00000101266	STAC3
pilot3	CCSBORF6699	1	CCSBORF4447	3AT	3	239G>A	368	NC_000020.11:499908:C:T	CCSBVarC024330	ENSP00000217244.3:p.Arg80His	CSNK2A1	ENSG00000101266	STAC3
pilot3	CCSBORF6699	1	CCSBORF4447	3AT	3	242A>C	463	NC_000020.11:499905:T:G	CCSBVarC024331	ENSP00000217244.3:p.Glu81Ala	CSNK2A1	ENSG00000101266	STAC3
pilot3	CCSBORF6699	1	CCSBORF4447	3AT	3	524A>G	1206	NC_000020.11:492350:T:C	CCSBVarC024355	ENSP00000217244.3:p.Asp175Gly	CSNK2A1	ENSG00000101266	STAC3
pilot3	CCSBORF6699	1	CCSBORF4447	3AT	3	529G>A	218	NC_000020.11:492345:C:T	CCSBVarC024361	ENSP00000217244.3:p.Gly177Ser	CSNK2A1	ENSG00000101266	STAC3
pilot3	CCSBORF6699	1	CCSBORF4447	3AT	3	704G>T	2	NC_000020.11:489798:C:A	CCSBVarC024394	ENSP00000217244.3:p.Gly235Val	CSNK2A1	ENSG00000101266	STAC3
pilot3	CCSBORF6699	1	CCSBORF4447	3AT	3	935G>A	10	NC_000020.11:487464:C:T	CCSBVarC024400	ENSP00000217244.3:p.Arg312Gln	CSNK2A1	ENSG00000101266	STAC3
pilot3	CCSBORF6699	1	CCSBORF1668	3AT	3	REF	5193	NULL	NULL	NULL	CSNK2A1	ENSG00000101266	THAP1
pilot3	CCSBORF6699	1	CCSBORF1668	3AT	3	1165G>A	3796	NC_000020.11:483971:C:T	CCSBVarC024455	ENSP00000217244.3:p.Ala389Thr	CSNK2A1	ENSG00000101266	THAP1
pilot3	CCSBORF6699	1	CCSBORF1668	3AT	3	1172A>G	49	NC_000020.11:483964:T:C	CCSBVarC024458	ENSP00000217244.3:p.Gln391Arg	CSNK2A1	ENSG00000101266	THAP1
pilot3	CCSBORF6699	1	CCSBORF1668	3AT	3	139C>G	84	NC_000020.11:505191:G:C	CCSBVarC024315	ENSP00000217244.3:p.Arg47Gly	CSNK2A1	ENSG00000101266	THAP1
pilot3	CCSBORF6699	1	CCSBORF1668	3AT	3	143G>A	2471	NC_000020.11:505187:C:T	CCSBVarC024322	ENSP00000217244.3:p.Gly48Asp	CSNK2A1	ENSG00000101266	THAP1
pilot3	CCSBORF6699	1	CCSBORF1668	3AT	3	149A>C	35	NC_000020.11:505181:T:G	CCSBVarC024324	ENSP00000217244.3:p.Tyr50Ser	CSNK2A1	ENSG00000101266	THAP1
pilot3	CCSBORF6699	1	CCSBORF1668	3AT	3	154G>A	490	NC_000020.11:505176:C:T	CCSBVarC024328	ENSP00000217244.3:p.Glu52Lys	CSNK2A1	ENSG00000101266	THAP1
pilot3	CCSBORF6699	1	CCSBORF1668	3AT	3	239G>A	22	NC_000020.11:499908:C:T	CCSBVarC024330	ENSP00000217244.3:p.Arg80His	CSNK2A1	ENSG00000101266	THAP1
pilot3	CCSBORF6699	1	CCSBORF1668	3AT	3	242A>C	4161	NC_000020.11:499905:T:G	CCSBVarC024331	ENSP00000217244.3:p.Glu81Ala	CSNK2A1	ENSG00000101266	THAP1
pilot3	CCSBORF6699	1	CCSBORF1668	3AT	3	524A>G	1470	NC_000020.11:492350:T:C	CCSBVarC024355	ENSP00000217244.3:p.Asp175Gly	CSNK2A1	ENSG00000101266	THAP1
pilot3	CCSBORF6699	1	CCSBORF1668	3AT	3	529G>A	2832	NC_000020.11:492345:C:T	CCSBVarC024361	ENSP00000217244.3:p.Gly177Ser	CSNK2A1	ENSG00000101266	THAP1
pilot3	CCSBORF6699	1	CCSBORF1668	3AT	3	704G>T	10	NC_000020.11:489798:C:A	CCSBVarC024394	ENSP00000217244.3:p.Gly235Val	CSNK2A1	ENSG00000101266	THAP1
pilot3	CCSBORF6699	1	CCSBORF1668	3AT	3	935G>A	13	NC_000020.11:487464:C:T	CCSBVarC024400	ENSP00000217244.3:p.Arg312Gln	CSNK2A1	ENSG00000101266	THAP1
pilot3	CCSBORF6699	1	CCSBORF7881	3AT	3	REF	2778	NULL	NULL	NULL	CSNK2A1	ENSG00000101266	TRIM41
pilot3	CCSBORF6699	1	CCSBORF7881	3AT	3	1165G>A	1462	NC_000020.11:483971:C:T	CCSBVarC024455	ENSP00000217244.3:p.Ala389Thr	CSNK2A1	ENSG00000101266	TRIM41
pilot3	CCSBORF6699	1	CCSBORF7881	3AT	3	1172A>G	1475	NC_000020.11:483964:T:C	CCSBVarC024458	ENSP00000217244.3:p.Gln391Arg	CSNK2A1	ENSG00000101266	TRIM41
pilot3	CCSBORF6699	1	CCSBORF7881	3AT	3	139C>G	2166	NC_000020.11:505191:G:C	CCSBVarC024315	ENSP00000217244.3:p.Arg47Gly	CSNK2A1	ENSG00000101266	TRIM41
pilot3	CCSBORF6699	1	CCSBORF7881	3AT	3	143G>A	1346	NC_000020.11:505187:C:T	CCSBVarC024322	ENSP00000217244.3:p.Gly48Asp	CSNK2A1	ENSG00000101266	TRIM41
pilot3	CCSBORF6699	1	CCSBORF7881	3AT	3	149A>C	2471	NC_000020.11:505181:T:G	CCSBVarC024324	ENSP00000217244.3:p.Tyr50Ser	CSNK2A1	ENSG00000101266	TRIM41
pilot3	CCSBORF6699	1	CCSBORF7881	3AT	3	154G>A	1329	NC_000020.11:505176:C:T	CCSBVarC024328	ENSP00000217244.3:p.Glu52Lys	CSNK2A1	ENSG00000101266	TRIM41
pilot3	CCSBORF6699	1	CCSBORF7881	3AT	3	239G>A	1182	NC_000020.11:499908:C:T	CCSBVarC024330	ENSP00000217244.3:p.Arg80His	CSNK2A1	ENSG00000101266	TRIM41
pilot3	CCSBORF6699	1	CCSBORF7881	3AT	3	242A>C	642	NC_000020.11:499905:T:G	CCSBVarC024331	ENSP00000217244.3:p.Glu81Ala	CSNK2A1	ENSG00000101266	TRIM41
pilot3	CCSBORF6699	1	CCSBORF7881	3AT	3	524A>G	1647	NC_000020.11:492350:T:C	CCSBVarC024355	ENSP00000217244.3:p.Asp175Gly	CSNK2A1	ENSG00000101266	TRIM41
pilot3	CCSBORF6699	1	CCSBORF7881	3AT	3	529G>A	806	NC_000020.11:492345:C:T	CCSBVarC024361	ENSP00000217244.3:p.Gly177Ser	CSNK2A1	ENSG00000101266	TRIM41
pilot3	CCSBORF6699	1	CCSBORF7881	3AT	3	704G>T	29	NC_000020.11:489798:C:A	CCSBVarC024394	ENSP00000217244.3:p.Gly235Val	CSNK2A1	ENSG00000101266	TRIM41
pilot3	CCSBORF6699	1	CCSBORF7881	3AT	3	935G>A	49	NC_000020.11:487464:C:T	CCSBVarC024400	ENSP00000217244.3:p.Arg312Gln	CSNK2A1	ENSG00000101266	TRIM41
pilot3	CCSBORF6699	1	CCSBORF100002000	3AT	3	REF	2757	NULL	NULL	NULL	CSNK2A1	ENSG00000101266	TSPYL2
pilot3	CCSBORF6699	1	CCSBORF100002000	3AT	3	1165G>A	2574	NC_000020.11:483971:C:T	CCSBVarC024455	ENSP00000217244.3:p.Ala389Thr	CSNK2A1	ENSG00000101266	TSPYL2
pilot3	CCSBORF6699	1	CCSBORF100002000	3AT	3	1172A>G	2697	NC_000020.11:483964:T:C	CCSBVarC024458	ENSP00000217244.3:p.Gln391Arg	CSNK2A1	ENSG00000101266	TSPYL2
pilot3	CCSBORF6699	1	CCSBORF100002000	3AT	3	139C>G	599	NC_000020.11:505191:G:C	CCSBVarC024315	ENSP00000217244.3:p.Arg47Gly	CSNK2A1	ENSG00000101266	TSPYL2
pilot3	CCSBORF6699	1	CCSBORF100002000	3AT	3	143G>A	968	NC_000020.11:505187:C:T	CCSBVarC024322	ENSP00000217244.3:p.Gly48Asp	CSNK2A1	ENSG00000101266	TSPYL2
pilot3	CCSBORF6699	1	CCSBORF100002000	3AT	3	149A>C	131	NC_000020.11:505181:T:G	CCSBVarC024324	ENSP00000217244.3:p.Tyr50Ser	CSNK2A1	ENSG00000101266	TSPYL2
pilot3	CCSBORF6699	1	CCSBORF100002000	3AT	3	154G>A	792	NC_000020.11:505176:C:T	CCSBVarC024328	ENSP00000217244.3:p.Glu52Lys	CSNK2A1	ENSG00000101266	TSPYL2
pilot3	CCSBORF6699	1	CCSBORF100002000	3AT	3	239G>A	25	NC_000020.11:499908:C:T	CCSBVarC024330	ENSP00000217244.3:p.Arg80His	CSNK2A1	ENSG00000101266	TSPYL2
pilot3	CCSBORF6699	1	CCSBORF100002000	3AT	3	242A>C	831	NC_000020.11:499905:T:G	CCSBVarC024331	ENSP00000217244.3:p.Glu81Ala	CSNK2A1	ENSG00000101266	TSPYL2
pilot3	CCSBORF6699	1	CCSBORF100002000	3AT	3	524A>G	380	NC_000020.11:492350:T:C	CCSBVarC024355	ENSP00000217244.3:p.Asp175Gly	CSNK2A1	ENSG00000101266	TSPYL2
pilot3	CCSBORF6699	1	CCSBORF100002000	3AT	3	529G>A	1248	NC_000020.11:492345:C:T	CCSBVarC024361	ENSP00000217244.3:p.Gly177Ser	CSNK2A1	ENSG00000101266	TSPYL2
pilot3	CCSBORF6699	1	CCSBORF100002000	3AT	3	704G>T	25	NC_000020.11:489798:C:A	CCSBVarC024394	ENSP00000217244.3:p.Gly235Val	CSNK2A1	ENSG00000101266	TSPYL2
pilot3	CCSBORF6699	1	CCSBORF100002000	3AT	3	935G>A	23	NC_000020.11:487464:C:T	CCSBVarC024400	ENSP00000217244.3:p.Arg312Gln	CSNK2A1	ENSG00000101266	TSPYL2
pilot3	CCSBORF6699	1	CCSBORF0	3AT	3	REF	35	NULL	NULL	NULL	CSNK2A1	ENSG00000101266	empty_AD
pilot3	CCSBORF6699	1	CCSBORF0	3AT	3	1165G>A	0	NC_000020.11:483971:C:T	CCSBVarC024455	ENSP00000217244.3:p.Ala389Thr	CSNK2A1	ENSG00000101266	empty_AD
pilot3	CCSBORF6699	1	CCSBORF0	3AT	3	1172A>G	1	NC_000020.11:483964:T:C	CCSBVarC024458	ENSP00000217244.3:p.Gln391Arg	CSNK2A1	ENSG00000101266	empty_AD
pilot3	CCSBORF6699	1	CCSBORF0	3AT	3	139C>G	0	NC_000020.11:505191:G:C	CCSBVarC024315	ENSP00000217244.3:p.Arg47Gly	CSNK2A1	ENSG00000101266	empty_AD
pilot3	CCSBORF6699	1	CCSBORF0	3AT	3	143G>A	1	NC_000020.11:505187:C:T	CCSBVarC024322	ENSP00000217244.3:p.Gly48Asp	CSNK2A1	ENSG00000101266	empty_AD
pilot3	CCSBORF6699	1	CCSBORF0	3AT	3	149A>C	0	NC_000020.11:505181:T:G	CCSBVarC024324	ENSP00000217244.3:p.Tyr50Ser	CSNK2A1	ENSG00000101266	empty_AD
pilot3	CCSBORF6699	1	CCSBORF0	3AT	3	154G>A	1	NC_000020.11:505176:C:T	CCSBVarC024328	ENSP00000217244.3:p.Glu52Lys	CSNK2A1	ENSG00000101266	empty_AD
pilot3	CCSBORF6699	1	CCSBORF0	3AT	3	239G>A	0	NC_000020.11:499908:C:T	CCSBVarC024330	ENSP00000217244.3:p.Arg80His	CSNK2A1	ENSG00000101266	empty_AD
pilot3	CCSBORF6699	1	CCSBORF0	3AT	3	242A>C	7	NC_000020.11:499905:T:G	CCSBVarC024331	ENSP00000217244.3:p.Glu81Ala	CSNK2A1	ENSG00000101266	empty_AD
pilot3	CCSBORF6699	1	CCSBORF0	3AT	3	524A>G	35	NC_000020.11:492350:T:C	CCSBVarC024355	ENSP00000217244.3:p.Asp175Gly	CSNK2A1	ENSG00000101266	empty_AD
pilot3	CCSBORF6699	1	CCSBORF0	3AT	3	529G>A	0	NC_000020.11:492345:C:T	CCSBVarC024361	ENSP00000217244.3:p.Gly177Ser	CSNK2A1	ENSG00000101266	empty_AD
pilot3	CCSBORF6699	1	CCSBORF0	3AT	3	704G>T	0	NC_000020.11:489798:C:A	CCSBVarC024394	ENSP00000217244.3:p.Gly235Val	CSNK2A1	ENSG00000101266	empty_AD
pilot3	CCSBORF6699	1	CCSBORF0	3AT	3	935G>A	1	NC_000020.11:487464:C:T	CCSBVarC024400	ENSP00000217244.3:p.Arg312Gln	CSNK2A1	ENSG00000101266	empty_AD
pilot3	CCSBORF5861	1	CCSBORF12279	3AT	3	REF	342	NULL	NULL	NULL	PPP2R1A	ENSG00000105568	CSDC2
pilot3	CCSBORF5861	1	CCSBORF12279	3AT	3	1030G>T	26	NC_000019.10:52216564:G:T	CCSBVarC023477	ENSP00000324804.6:p.Ala344Ser	PPP2R1A	ENSG00000105568	CSDC2
pilot3	CCSBORF5861	1	CCSBORF12279	3AT	3	1229A>T	390	NC_000019.10:52219790:A:T	CCSBVarC023479	ENSP00000324804.6:p.Glu410Val	PPP2R1A	ENSG00000105568	CSDC2
pilot3	CCSBORF5861	1	CCSBORF12279	3AT	3	1481A>G	33	NC_000019.10:52221095:A:G	CCSBVarC023482	ENSP00000324804.6:p.Asn494Ser	PPP2R1A	ENSG00000105568	CSDC2
pilot3	CCSBORF5861	1	CCSBORF12279	3AT	3	1493G>T	0	NC_000019.10:52221107:G:T	CCSBVarC023486	ENSP00000324804.6:p.Arg498Leu	PPP2R1A	ENSG00000105568	CSDC2
pilot3	CCSBORF5861	1	CCSBORF12279	3AT	3	1513A>G	87	NC_000019.10:52221127:A:G	CCSBVarC023489	ENSP00000324804.6:p.Ile505Val	PPP2R1A	ENSG00000105568	CSDC2
pilot3	CCSBORF5861	1	CCSBORF12279	3AT	3	1560C>G	43	NC_000019.10:52222139:C:G	CCSBVarC023493	ENSP00000324804.6:p.His520Gln	PPP2R1A	ENSG00000105568	CSDC2
pilot3	CCSBORF5861	1	CCSBORF12279	3AT	3	259C>T	64	NC_000019.10:52206051:C:T	CCSBVarC023336	ENSP00000324804.6:p.His87Tyr	PPP2R1A	ENSG00000105568	CSDC2
pilot3	CCSBORF5861	1	CCSBORF12279	3AT	3	331T>G	227	NC_000019.10:52211319:T:G	CCSBVarC023343	ENSP00000324804.6:p.Ser111Ala	PPP2R1A	ENSG00000105568	CSDC2
pilot3	CCSBORF5861	1	CCSBORF12279	3AT	3	352G>A	27	NC_000019.10:52211340:G:A	CCSBVarC023346	ENSP00000324804.6:p.Glu118Lys	PPP2R1A	ENSG00000105568	CSDC2
pilot3	CCSBORF5861	1	CCSBORF12279	3AT	3	377C>T	41	NC_000019.10:52211365:C:T	CCSBVarC023349	ENSP00000324804.6:p.Ala126Val	PPP2R1A	ENSG00000105568	CSDC2
pilot3	CCSBORF5861	1	CCSBORF12279	3AT	3	430C>T	12	NC_000019.10:52211418:C:T	CCSBVarC023352	ENSP00000324804.6:p.Arg144Cys	PPP2R1A	ENSG00000105568	CSDC2
pilot3	CCSBORF5861	1	CCSBORF12279	3AT	3	470G>A	60	NC_000019.10:52211458:G:A	CCSBVarC023356	ENSP00000324804.6:p.Arg157Gln	PPP2R1A	ENSG00000105568	CSDC2
pilot3	CCSBORF5861	1	CCSBORF12279	3AT	3	472G>C	14	NC_000019.10:52211460:G:C	CCSBVarC023359	ENSP00000324804.6:p.Val158Leu	PPP2R1A	ENSG00000105568	CSDC2
pilot3	CCSBORF5861	1	CCSBORF12279	3AT	3	522C>G	10	NC_000019.10:52212703:C:G	CCSBVarC023383	ENSP00000324804.6:p.Cys174Trp	PPP2R1A	ENSG00000105568	CSDC2
pilot3	CCSBORF5861	1	CCSBORF12279	3AT	3	532A>G	35	NC_000019.10:52212713:A:G	CCSBVarC023386	ENSP00000324804.6:p.Thr178Ala	PPP2R1A	ENSG00000105568	CSDC2
pilot3	CCSBORF5861	1	CCSBORF12279	3AT	3	536C>A	746	NC_000019.10:52212717:C:A	CCSBVarC023388	ENSP00000324804.6:p.Pro179His	PPP2R1A	ENSG00000105568	CSDC2
pilot3	CCSBORF5861	1	CCSBORF12279	3AT	3	536C>G	42	NC_000019.10:52212717:C:G	CCSBVarC023391	ENSP00000324804.6:p.Pro179Arg	PPP2R1A	ENSG00000105568	CSDC2
pilot3	CCSBORF5861	1	CCSBORF12279	3AT	3	536C>T	419	NC_000019.10:52212717:C:T	CCSBVarC023394	ENSP00000324804.6:p.Pro179Leu	PPP2R1A	ENSG00000105568	CSDC2
pilot3	CCSBORF5861	1	CCSBORF12279	3AT	3	538A>G	429	NC_000019.10:52212719:A:G	CCSBVarC023426	ENSP00000324804.6:p.Met180Val	PPP2R1A	ENSG00000105568	CSDC2
pilot3	CCSBORF5861	1	CCSBORF12279	3AT	3	539T>C	388	NC_000019.10:52212720:T:C	CCSBVarC023429	ENSP00000324804.6:p.Met180Thr	PPP2R1A	ENSG00000105568	CSDC2
pilot3	CCSBORF5861	1	CCSBORF12279	3AT	3	547C>G	86	NC_000019.10:52212728:C:G	CCSBVarC023437	ENSP00000324804.6:p.Arg183Gly	PPP2R1A	ENSG00000105568	CSDC2
pilot3	CCSBORF5861	1	CCSBORF12279	3AT	3	547C>T	3786	NC_000019.10:52212728:C:T	CCSBVarC023440	ENSP00000324804.6:p.Arg183Trp	PPP2R1A	ENSG00000105568	CSDC2
pilot3	CCSBORF5861	1	CCSBORF12279	3AT	3	548G>C	913	NC_000019.10:52212729:G:C	CCSBVarC023445	ENSP00000324804.6:p.Arg183Pro	PPP2R1A	ENSG00000105568	CSDC2
pilot3	CCSBORF5861	1	CCSBORF12279	3AT	3	553G>A	136	NC_000019.10:52212734:G:A	CCSBVarC023447	ENSP00000324804.6:p.Ala185Thr	PPP2R1A	ENSG00000105568	CSDC2
pilot3	CCSBORF5861	1	CCSBORF12279	3AT	3	658G>A	151	NC_000019.10:52212960:G:A	CCSBVarC023455	ENSP00000324804.6:p.Val220Met	PPP2R1A	ENSG00000105568	CSDC2
pilot3	CCSBORF5861	1	CCSBORF12279	3AT	3	694G>A	115	NC_000019.10:52212996:G:A	CCSBVarC023458	ENSP00000324804.6:p.Ala232Thr	PPP2R1A	ENSG00000105568	CSDC2
pilot3	CCSBORF5861	1	CCSBORF100062506	3AT	3	REF	760	NULL	NULL	NULL	PPP2R1A	ENSG00000105568	FBXO43
pilot3	CCSBORF5861	1	CCSBORF100062506	3AT	3	1030G>T	45	NC_000019.10:52216564:G:T	CCSBVarC023477	ENSP00000324804.6:p.Ala344Ser	PPP2R1A	ENSG00000105568	FBXO43
pilot3	CCSBORF5861	1	CCSBORF100062506	3AT	3	1229A>T	132	NC_000019.10:52219790:A:T	CCSBVarC023479	ENSP00000324804.6:p.Glu410Val	PPP2R1A	ENSG00000105568	FBXO43
pilot3	CCSBORF5861	1	CCSBORF100062506	3AT	3	1481A>G	138	NC_000019.10:52221095:A:G	CCSBVarC023482	ENSP00000324804.6:p.Asn494Ser	PPP2R1A	ENSG00000105568	FBXO43
pilot3	CCSBORF5861	1	CCSBORF100062506	3AT	3	1493G>T	3	NC_000019.10:52221107:G:T	CCSBVarC023486	ENSP00000324804.6:p.Arg498Leu	PPP2R1A	ENSG00000105568	FBXO43
pilot3	CCSBORF5861	1	CCSBORF100062506	3AT	3	1513A>G	190	NC_000019.10:52221127:A:G	CCSBVarC023489	ENSP00000324804.6:p.Ile505Val	PPP2R1A	ENSG00000105568	FBXO43
pilot3	CCSBORF5861	1	CCSBORF100062506	3AT	3	1560C>G	90	NC_000019.10:52222139:C:G	CCSBVarC023493	ENSP00000324804.6:p.His520Gln	PPP2R1A	ENSG00000105568	FBXO43
pilot3	CCSBORF5861	1	CCSBORF100062506	3AT	3	259C>T	135	NC_000019.10:52206051:C:T	CCSBVarC023336	ENSP00000324804.6:p.His87Tyr	PPP2R1A	ENSG00000105568	FBXO43
pilot3	CCSBORF5861	1	CCSBORF100062506	3AT	3	331T>G	268	NC_000019.10:52211319:T:G	CCSBVarC023343	ENSP00000324804.6:p.Ser111Ala	PPP2R1A	ENSG00000105568	FBXO43
pilot3	CCSBORF5861	1	CCSBORF100062506	3AT	3	352G>A	92	NC_000019.10:52211340:G:A	CCSBVarC023346	ENSP00000324804.6:p.Glu118Lys	PPP2R1A	ENSG00000105568	FBXO43
pilot3	CCSBORF5861	1	CCSBORF100062506	3AT	3	377C>T	22	NC_000019.10:52211365:C:T	CCSBVarC023349	ENSP00000324804.6:p.Ala126Val	PPP2R1A	ENSG00000105568	FBXO43
pilot3	CCSBORF5861	1	CCSBORF100062506	3AT	3	430C>T	71	NC_000019.10:52211418:C:T	CCSBVarC023352	ENSP00000324804.6:p.Arg144Cys	PPP2R1A	ENSG00000105568	FBXO43
pilot3	CCSBORF5861	1	CCSBORF100062506	3AT	3	470G>A	108	NC_000019.10:52211458:G:A	CCSBVarC023356	ENSP00000324804.6:p.Arg157Gln	PPP2R1A	ENSG00000105568	FBXO43
pilot3	CCSBORF5861	1	CCSBORF100062506	3AT	3	472G>C	15	NC_000019.10:52211460:G:C	CCSBVarC023359	ENSP00000324804.6:p.Val158Leu	PPP2R1A	ENSG00000105568	FBXO43
pilot3	CCSBORF5861	1	CCSBORF100062506	3AT	3	522C>G	54	NC_000019.10:52212703:C:G	CCSBVarC023383	ENSP00000324804.6:p.Cys174Trp	PPP2R1A	ENSG00000105568	FBXO43
pilot3	CCSBORF5861	1	CCSBORF100062506	3AT	3	532A>G	47	NC_000019.10:52212713:A:G	CCSBVarC023386	ENSP00000324804.6:p.Thr178Ala	PPP2R1A	ENSG00000105568	FBXO43
pilot3	CCSBORF5861	1	CCSBORF100062506	3AT	3	536C>A	552	NC_000019.10:52212717:C:A	CCSBVarC023388	ENSP00000324804.6:p.Pro179His	PPP2R1A	ENSG00000105568	FBXO43
pilot3	CCSBORF5861	1	CCSBORF100062506	3AT	3	536C>G	20	NC_000019.10:52212717:C:G	CCSBVarC023391	ENSP00000324804.6:p.Pro179Arg	PPP2R1A	ENSG00000105568	FBXO43
pilot3	CCSBORF5861	1	CCSBORF100062506	3AT	3	536C>T	257	NC_000019.10:52212717:C:T	CCSBVarC023394	ENSP00000324804.6:p.Pro179Leu	PPP2R1A	ENSG00000105568	FBXO43
pilot3	CCSBORF5861	1	CCSBORF100062506	3AT	3	538A>G	421	NC_000019.10:52212719:A:G	CCSBVarC023426	ENSP00000324804.6:p.Met180Val	PPP2R1A	ENSG00000105568	FBXO43
pilot3	CCSBORF5861	1	CCSBORF100062506	3AT	3	539T>C	434	NC_000019.10:52212720:T:C	CCSBVarC023429	ENSP00000324804.6:p.Met180Thr	PPP2R1A	ENSG00000105568	FBXO43
pilot3	CCSBORF5861	1	CCSBORF100062506	3AT	3	547C>G	94	NC_000019.10:52212728:C:G	CCSBVarC023437	ENSP00000324804.6:p.Arg183Gly	PPP2R1A	ENSG00000105568	FBXO43
pilot3	CCSBORF5861	1	CCSBORF100062506	3AT	3	547C>T	1136	NC_000019.10:52212728:C:T	CCSBVarC023440	ENSP00000324804.6:p.Arg183Trp	PPP2R1A	ENSG00000105568	FBXO43
pilot3	CCSBORF5861	1	CCSBORF100062506	3AT	3	548G>C	823	NC_000019.10:52212729:G:C	CCSBVarC023445	ENSP00000324804.6:p.Arg183Pro	PPP2R1A	ENSG00000105568	FBXO43
pilot3	CCSBORF5861	1	CCSBORF100062506	3AT	3	553G>A	368	NC_000019.10:52212734:G:A	CCSBVarC023447	ENSP00000324804.6:p.Ala185Thr	PPP2R1A	ENSG00000105568	FBXO43
pilot3	CCSBORF5861	1	CCSBORF100062506	3AT	3	658G>A	480	NC_000019.10:52212960:G:A	CCSBVarC023455	ENSP00000324804.6:p.Val220Met	PPP2R1A	ENSG00000105568	FBXO43
pilot3	CCSBORF5861	1	CCSBORF100062506	3AT	3	694G>A	130	NC_000019.10:52212996:G:A	CCSBVarC023458	ENSP00000324804.6:p.Ala232Thr	PPP2R1A	ENSG00000105568	FBXO43
pilot3	CCSBORF5861	1	CCSBORF100061924	3AT	3	REF	827	NULL	NULL	NULL	PPP2R1A	ENSG00000105568	GOLGA6A
pilot3	CCSBORF5861	1	CCSBORF100061924	3AT	3	1030G>T	290	NC_000019.10:52216564:G:T	CCSBVarC023477	ENSP00000324804.6:p.Ala344Ser	PPP2R1A	ENSG00000105568	GOLGA6A
pilot3	CCSBORF5861	1	CCSBORF100061924	3AT	3	1229A>T	798	NC_000019.10:52219790:A:T	CCSBVarC023479	ENSP00000324804.6:p.Glu410Val	PPP2R1A	ENSG00000105568	GOLGA6A
pilot3	CCSBORF5861	1	CCSBORF100061924	3AT	3	1481A>G	404	NC_000019.10:52221095:A:G	CCSBVarC023482	ENSP00000324804.6:p.Asn494Ser	PPP2R1A	ENSG00000105568	GOLGA6A
pilot3	CCSBORF5861	1	CCSBORF100061924	3AT	3	1493G>T	138	NC_000019.10:52221107:G:T	CCSBVarC023486	ENSP00000324804.6:p.Arg498Leu	PPP2R1A	ENSG00000105568	GOLGA6A
pilot3	CCSBORF5861	1	CCSBORF100061924	3AT	3	1513A>G	698	NC_000019.10:52221127:A:G	CCSBVarC023489	ENSP00000324804.6:p.Ile505Val	PPP2R1A	ENSG00000105568	GOLGA6A
pilot3	CCSBORF5861	1	CCSBORF100061924	3AT	3	1560C>G	812	NC_000019.10:52222139:C:G	CCSBVarC023493	ENSP00000324804.6:p.His520Gln	PPP2R1A	ENSG00000105568	GOLGA6A
pilot3	CCSBORF5861	1	CCSBORF100061924	3AT	3	259C>T	563	NC_000019.10:52206051:C:T	CCSBVarC023336	ENSP00000324804.6:p.His87Tyr	PPP2R1A	ENSG00000105568	GOLGA6A
pilot3	CCSBORF5861	1	CCSBORF100061924	3AT	3	331T>G	1284	NC_000019.10:52211319:T:G	CCSBVarC023343	ENSP00000324804.6:p.Ser111Ala	PPP2R1A	ENSG00000105568	GOLGA6A
pilot3	CCSBORF5861	1	CCSBORF100061924	3AT	3	352G>A	469	NC_000019.10:52211340:G:A	CCSBVarC023346	ENSP00000324804.6:p.Glu118Lys	PPP2R1A	ENSG00000105568	GOLGA6A
pilot3	CCSBORF5861	1	CCSBORF100061924	3AT	3	377C>T	117	NC_000019.10:52211365:C:T	CCSBVarC023349	ENSP00000324804.6:p.Ala126Val	PPP2R1A	ENSG00000105568	GOLGA6A
pilot3	CCSBORF5861	1	CCSBORF100061924	3AT	3	430C>T	185	NC_000019.10:52211418:C:T	CCSBVarC023352	ENSP00000324804.6:p.Arg144Cys	PPP2R1A	ENSG00000105568	GOLGA6A
pilot3	CCSBORF5861	1	CCSBORF100061924	3AT	3	470G>A	595	NC_000019.10:52211458:G:A	CCSBVarC023356	ENSP00000324804.6:p.Arg157Gln	PPP2R1A	ENSG00000105568	GOLGA6A
pilot3	CCSBORF5861	1	CCSBORF100061924	3AT	3	472G>C	133	NC_000019.10:52211460:G:C	CCSBVarC023359	ENSP00000324804.6:p.Val158Leu	PPP2R1A	ENSG00000105568	GOLGA6A
pilot3	CCSBORF5861	1	CCSBORF100061924	3AT	3	522C>G	126	NC_000019.10:52212703:C:G	CCSBVarC023383	ENSP00000324804.6:p.Cys174Trp	PPP2R1A	ENSG00000105568	GOLGA6A
pilot3	CCSBORF5861	1	CCSBORF100061924	3AT	3	532A>G	145	NC_000019.10:52212713:A:G	CCSBVarC023386	ENSP00000324804.6:p.Thr178Ala	PPP2R1A	ENSG00000105568	GOLGA6A
pilot3	CCSBORF5861	1	CCSBORF100061924	3AT	3	536C>A	263	NC_000019.10:52212717:C:A	CCSBVarC023388	ENSP00000324804.6:p.Pro179His	PPP2R1A	ENSG00000105568	GOLGA6A
pilot3	CCSBORF5861	1	CCSBORF100061924	3AT	3	536C>G	222	NC_000019.10:52212717:C:G	CCSBVarC023391	ENSP00000324804.6:p.Pro179Arg	PPP2R1A	ENSG00000105568	GOLGA6A
pilot3	CCSBORF5861	1	CCSBORF100061924	3AT	3	536C>T	155	NC_000019.10:52212717:C:T	CCSBVarC023394	ENSP00000324804.6:p.Pro179Leu	PPP2R1A	ENSG00000105568	GOLGA6A
pilot3	CCSBORF5861	1	CCSBORF100061924	3AT	3	538A>G	619	NC_000019.10:52212719:A:G	CCSBVarC023426	ENSP00000324804.6:p.Met180Val	PPP2R1A	ENSG00000105568	GOLGA6A
pilot3	CCSBORF5861	1	CCSBORF100061924	3AT	3	539T>C	1007	NC_000019.10:52212720:T:C	CCSBVarC023429	ENSP00000324804.6:p.Met180Thr	PPP2R1A	ENSG00000105568	GOLGA6A
pilot3	CCSBORF5861	1	CCSBORF100061924	3AT	3	547C>G	4	NC_000019.10:52212728:C:G	CCSBVarC023437	ENSP00000324804.6:p.Arg183Gly	PPP2R1A	ENSG00000105568	GOLGA6A
pilot3	CCSBORF5861	1	CCSBORF100061924	3AT	3	547C>T	13	NC_000019.10:52212728:C:T	CCSBVarC023440	ENSP00000324804.6:p.Arg183Trp	PPP2R1A	ENSG00000105568	GOLGA6A
pilot3	CCSBORF5861	1	CCSBORF100061924	3AT	3	548G>C	8	NC_000019.10:52212729:G:C	CCSBVarC023445	ENSP00000324804.6:p.Arg183Pro	PPP2R1A	ENSG00000105568	GOLGA6A
pilot3	CCSBORF5861	1	CCSBORF100061924	3AT	3	553G>A	922	NC_000019.10:52212734:G:A	CCSBVarC023447	ENSP00000324804.6:p.Ala185Thr	PPP2R1A	ENSG00000105568	GOLGA6A
pilot3	CCSBORF5861	1	CCSBORF100061924	3AT	3	658G>A	744	NC_000019.10:52212960:G:A	CCSBVarC023455	ENSP00000324804.6:p.Val220Met	PPP2R1A	ENSG00000105568	GOLGA6A
pilot3	CCSBORF5861	1	CCSBORF100061924	3AT	3	694G>A	658	NC_000019.10:52212996:G:A	CCSBVarC023458	ENSP00000324804.6:p.Ala232Thr	PPP2R1A	ENSG00000105568	GOLGA6A
pilot3	CCSBORF5861	1	CCSBORF52950	3AT	3	REF	297	NULL	NULL	NULL	PPP2R1A	ENSG00000105568	STRN
pilot3	CCSBORF5861	1	CCSBORF52950	3AT	3	1030G>T	67	NC_000019.10:52216564:G:T	CCSBVarC023477	ENSP00000324804.6:p.Ala344Ser	PPP2R1A	ENSG00000105568	STRN
pilot3	CCSBORF5861	1	CCSBORF52950	3AT	3	1229A>T	56	NC_000019.10:52219790:A:T	CCSBVarC023479	ENSP00000324804.6:p.Glu410Val	PPP2R1A	ENSG00000105568	STRN
pilot3	CCSBORF5861	1	CCSBORF52950	3AT	3	1481A>G	35	NC_000019.10:52221095:A:G	CCSBVarC023482	ENSP00000324804.6:p.Asn494Ser	PPP2R1A	ENSG00000105568	STRN
pilot3	CCSBORF5861	1	CCSBORF52950	3AT	3	1493G>T	0	NC_000019.10:52221107:G:T	CCSBVarC023486	ENSP00000324804.6:p.Arg498Leu	PPP2R1A	ENSG00000105568	STRN
pilot3	CCSBORF5861	1	CCSBORF52950	3AT	3	1513A>G	270	NC_000019.10:52221127:A:G	CCSBVarC023489	ENSP00000324804.6:p.Ile505Val	PPP2R1A	ENSG00000105568	STRN
pilot3	CCSBORF5861	1	CCSBORF52950	3AT	3	1560C>G	324	NC_000019.10:52222139:C:G	CCSBVarC023493	ENSP00000324804.6:p.His520Gln	PPP2R1A	ENSG00000105568	STRN
pilot3	CCSBORF5861	1	CCSBORF52950	3AT	3	259C>T	107	NC_000019.10:52206051:C:T	CCSBVarC023336	ENSP00000324804.6:p.His87Tyr	PPP2R1A	ENSG00000105568	STRN
pilot3	CCSBORF5861	1	CCSBORF52950	3AT	3	331T>G	659	NC_000019.10:52211319:T:G	CCSBVarC023343	ENSP00000324804.6:p.Ser111Ala	PPP2R1A	ENSG00000105568	STRN
pilot3	CCSBORF5861	1	CCSBORF52950	3AT	3	352G>A	379	NC_000019.10:52211340:G:A	CCSBVarC023346	ENSP00000324804.6:p.Glu118Lys	PPP2R1A	ENSG00000105568	STRN
pilot3	CCSBORF5861	1	CCSBORF52950	3AT	3	377C>T	15	NC_000019.10:52211365:C:T	CCSBVarC023349	ENSP00000324804.6:p.Ala126Val	PPP2R1A	ENSG00000105568	STRN
pilot3	CCSBORF5861	1	CCSBORF52950	3AT	3	430C>T	381	NC_000019.10:52211418:C:T	CCSBVarC023352	ENSP00000324804.6:p.Arg144Cys	PPP2R1A	ENSG00000105568	STRN
pilot3	CCSBORF5861	1	CCSBORF52950	3AT	3	470G>A	141	NC_000019.10:52211458:G:A	CCSBVarC023356	ENSP00000324804.6:p.Arg157Gln	PPP2R1A	ENSG00000105568	STRN
pilot3	CCSBORF5861	1	CCSBORF52950	3AT	3	472G>C	21	NC_000019.10:52211460:G:C	CCSBVarC023359	ENSP00000324804.6:p.Val158Leu	PPP2R1A	ENSG00000105568	STRN
pilot3	CCSBORF5861	1	CCSBORF52950	3AT	3	522C>G	23	NC_000019.10:52212703:C:G	CCSBVarC023383	ENSP00000324804.6:p.Cys174Trp	PPP2R1A	ENSG00000105568	STRN
pilot3	CCSBORF5861	1	CCSBORF52950	3AT	3	532A>G	36	NC_000019.10:52212713:A:G	CCSBVarC023386	ENSP00000324804.6:p.Thr178Ala	PPP2R1A	ENSG00000105568	STRN
pilot3	CCSBORF5861	1	CCSBORF52950	3AT	3	536C>A	741	NC_000019.10:52212717:C:A	CCSBVarC023388	ENSP00000324804.6:p.Pro179His	PPP2R1A	ENSG00000105568	STRN
pilot3	CCSBORF5861	1	CCSBORF52950	3AT	3	536C>G	57	NC_000019.10:52212717:C:G	CCSBVarC023391	ENSP00000324804.6:p.Pro179Arg	PPP2R1A	ENSG00000105568	STRN
pilot3	CCSBORF5861	1	CCSBORF52950	3AT	3	536C>T	656	NC_000019.10:52212717:C:T	CCSBVarC023394	ENSP00000324804.6:p.Pro179Leu	PPP2R1A	ENSG00000105568	STRN
pilot3	CCSBORF5861	1	CCSBORF52950	3AT	3	538A>G	1838	NC_000019.10:52212719:A:G	CCSBVarC023426	ENSP00000324804.6:p.Met180Val	PPP2R1A	ENSG00000105568	STRN
pilot3	CCSBORF5861	1	CCSBORF52950	3AT	3	539T>C	574	NC_000019.10:52212720:T:C	CCSBVarC023429	ENSP00000324804.6:p.Met180Thr	PPP2R1A	ENSG00000105568	STRN
pilot3	CCSBORF5861	1	CCSBORF52950	3AT	3	547C>G	60	NC_000019.10:52212728:C:G	CCSBVarC023437	ENSP00000324804.6:p.Arg183Gly	PPP2R1A	ENSG00000105568	STRN
pilot3	CCSBORF5861	1	CCSBORF52950	3AT	3	547C>T	612	NC_000019.10:52212728:C:T	CCSBVarC023440	ENSP00000324804.6:p.Arg183Trp	PPP2R1A	ENSG00000105568	STRN
pilot3	CCSBORF5861	1	CCSBORF52950	3AT	3	548G>C	1622	NC_000019.10:52212729:G:C	CCSBVarC023445	ENSP00000324804.6:p.Arg183Pro	PPP2R1A	ENSG00000105568	STRN
pilot3	CCSBORF5861	1	CCSBORF52950	3AT	3	553G>A	114	NC_000019.10:52212734:G:A	CCSBVarC023447	ENSP00000324804.6:p.Ala185Thr	PPP2R1A	ENSG00000105568	STRN
pilot3	CCSBORF5861	1	CCSBORF52950	3AT	3	658G>A	741	NC_000019.10:52212960:G:A	CCSBVarC023455	ENSP00000324804.6:p.Val220Met	PPP2R1A	ENSG00000105568	STRN
pilot3	CCSBORF5861	1	CCSBORF52950	3AT	3	694G>A	141	NC_000019.10:52212996:G:A	CCSBVarC023458	ENSP00000324804.6:p.Ala232Thr	PPP2R1A	ENSG00000105568	STRN
pilot3	CCSBORF5861	1	CCSBORF55030	3AT	3	REF	757	NULL	NULL	NULL	PPP2R1A	ENSG00000105568	STRN3
pilot3	CCSBORF5861	1	CCSBORF55030	3AT	3	1030G>T	91	NC_000019.10:52216564:G:T	CCSBVarC023477	ENSP00000324804.6:p.Ala344Ser	PPP2R1A	ENSG00000105568	STRN3
pilot3	CCSBORF5861	1	CCSBORF55030	3AT	3	1229A>T	246	NC_000019.10:52219790:A:T	CCSBVarC023479	ENSP00000324804.6:p.Glu410Val	PPP2R1A	ENSG00000105568	STRN3
pilot3	CCSBORF5861	1	CCSBORF55030	3AT	3	1481A>G	120	NC_000019.10:52221095:A:G	CCSBVarC023482	ENSP00000324804.6:p.Asn494Ser	PPP2R1A	ENSG00000105568	STRN3
pilot3	CCSBORF5861	1	CCSBORF55030	3AT	3	1493G>T	23	NC_000019.10:52221107:G:T	CCSBVarC023486	ENSP00000324804.6:p.Arg498Leu	PPP2R1A	ENSG00000105568	STRN3
pilot3	CCSBORF5861	1	CCSBORF55030	3AT	3	1513A>G	239	NC_000019.10:52221127:A:G	CCSBVarC023489	ENSP00000324804.6:p.Ile505Val	PPP2R1A	ENSG00000105568	STRN3
pilot3	CCSBORF5861	1	CCSBORF55030	3AT	3	1560C>G	291	NC_000019.10:52222139:C:G	CCSBVarC023493	ENSP00000324804.6:p.His520Gln	PPP2R1A	ENSG00000105568	STRN3
pilot3	CCSBORF5861	1	CCSBORF55030	3AT	3	259C>T	316	NC_000019.10:52206051:C:T	CCSBVarC023336	ENSP00000324804.6:p.His87Tyr	PPP2R1A	ENSG00000105568	STRN3
pilot3	CCSBORF5861	1	CCSBORF55030	3AT	3	331T>G	272	NC_000019.10:52211319:T:G	CCSBVarC023343	ENSP00000324804.6:p.Ser111Ala	PPP2R1A	ENSG00000105568	STRN3
pilot3	CCSBORF5861	1	CCSBORF55030	3AT	3	352G>A	238	NC_000019.10:52211340:G:A	CCSBVarC023346	ENSP00000324804.6:p.Glu118Lys	PPP2R1A	ENSG00000105568	STRN3
pilot3	CCSBORF5861	1	CCSBORF55030	3AT	3	377C>T	81	NC_000019.10:52211365:C:T	CCSBVarC023349	ENSP00000324804.6:p.Ala126Val	PPP2R1A	ENSG00000105568	STRN3
pilot3	CCSBORF5861	1	CCSBORF55030	3AT	3	430C>T	125	NC_000019.10:52211418:C:T	CCSBVarC023352	ENSP00000324804.6:p.Arg144Cys	PPP2R1A	ENSG00000105568	STRN3
pilot3	CCSBORF5861	1	CCSBORF55030	3AT	3	470G>A	198	NC_000019.10:52211458:G:A	CCSBVarC023356	ENSP00000324804.6:p.Arg157Gln	PPP2R1A	ENSG00000105568	STRN3
pilot3	CCSBORF5861	1	CCSBORF55030	3AT	3	472G>C	38	NC_000019.10:52211460:G:C	CCSBVarC023359	ENSP00000324804.6:p.Val158Leu	PPP2R1A	ENSG00000105568	STRN3
pilot3	CCSBORF5861	1	CCSBORF55030	3AT	3	522C>G	110	NC_000019.10:52212703:C:G	CCSBVarC023383	ENSP00000324804.6:p.Cys174Trp	PPP2R1A	ENSG00000105568	STRN3
pilot3	CCSBORF5861	1	CCSBORF55030	3AT	3	532A>G	98	NC_000019.10:52212713:A:G	CCSBVarC023386	ENSP00000324804.6:p.Thr178Ala	PPP2R1A	ENSG00000105568	STRN3
pilot3	CCSBORF5861	1	CCSBORF55030	3AT	3	536C>A	851	NC_000019.10:52212717:C:A	CCSBVarC023388	ENSP00000324804.6:p.Pro179His	PPP2R1A	ENSG00000105568	STRN3
pilot3	CCSBORF5861	1	CCSBORF55030	3AT	3	536C>G	40	NC_000019.10:52212717:C:G	CCSBVarC023391	ENSP00000324804.6:p.Pro179Arg	PPP2R1A	ENSG00000105568	STRN3
pilot3	CCSBORF5861	1	CCSBORF55030	3AT	3	536C>T	384	NC_000019.10:52212717:C:T	CCSBVarC023394	ENSP00000324804.6:p.Pro179Leu	PPP2R1A	ENSG00000105568	STRN3
pilot3	CCSBORF5861	1	CCSBORF55030	3AT	3	538A>G	441	NC_000019.10:52212719:A:G	CCSBVarC023426	ENSP00000324804.6:p.Met180Val	PPP2R1A	ENSG00000105568	STRN3
pilot3	CCSBORF5861	1	CCSBORF55030	3AT	3	539T>C	374	NC_000019.10:52212720:T:C	CCSBVarC023429	ENSP00000324804.6:p.Met180Thr	PPP2R1A	ENSG00000105568	STRN3
pilot3	CCSBORF5861	1	CCSBORF55030	3AT	3	547C>G	74	NC_000019.10:52212728:C:G	CCSBVarC023437	ENSP00000324804.6:p.Arg183Gly	PPP2R1A	ENSG00000105568	STRN3
pilot3	CCSBORF5861	1	CCSBORF55030	3AT	3	547C>T	531	NC_000019.10:52212728:C:T	CCSBVarC023440	ENSP00000324804.6:p.Arg183Trp	PPP2R1A	ENSG00000105568	STRN3
pilot3	CCSBORF5861	1	CCSBORF55030	3AT	3	548G>C	588	NC_000019.10:52212729:G:C	CCSBVarC023445	ENSP00000324804.6:p.Arg183Pro	PPP2R1A	ENSG00000105568	STRN3
pilot3	CCSBORF5861	1	CCSBORF55030	3AT	3	553G>A	585	NC_000019.10:52212734:G:A	CCSBVarC023447	ENSP00000324804.6:p.Ala185Thr	PPP2R1A	ENSG00000105568	STRN3
pilot3	CCSBORF5861	1	CCSBORF55030	3AT	3	658G>A	695	NC_000019.10:52212960:G:A	CCSBVarC023455	ENSP00000324804.6:p.Val220Met	PPP2R1A	ENSG00000105568	STRN3
pilot3	CCSBORF5861	1	CCSBORF55030	3AT	3	694G>A	338	NC_000019.10:52212996:G:A	CCSBVarC023458	ENSP00000324804.6:p.Ala232Thr	PPP2R1A	ENSG00000105568	STRN3
pilot3	CCSBORF5861	1	CCSBORF0	3AT	3	REF	0	NULL	NULL	NULL	PPP2R1A	ENSG00000105568	empty_AD
pilot3	CCSBORF5861	1	CCSBORF0	3AT	3	1030G>T	0	NC_000019.10:52216564:G:T	CCSBVarC023477	ENSP00000324804.6:p.Ala344Ser	PPP2R1A	ENSG00000105568	empty_AD
pilot3	CCSBORF5861	1	CCSBORF0	3AT	3	1229A>T	0	NC_000019.10:52219790:A:T	CCSBVarC023479	ENSP00000324804.6:p.Glu410Val	PPP2R1A	ENSG00000105568	empty_AD
pilot3	CCSBORF5861	1	CCSBORF0	3AT	3	1481A>G	0	NC_000019.10:52221095:A:G	CCSBVarC023482	ENSP00000324804.6:p.Asn494Ser	PPP2R1A	ENSG00000105568	empty_AD
pilot3	CCSBORF5861	1	CCSBORF0	3AT	3	1493G>T	0	NC_000019.10:52221107:G:T	CCSBVarC023486	ENSP00000324804.6:p.Arg498Leu	PPP2R1A	ENSG00000105568	empty_AD
pilot3	CCSBORF5861	1	CCSBORF0	3AT	3	1513A>G	0	NC_000019.10:52221127:A:G	CCSBVarC023489	ENSP00000324804.6:p.Ile505Val	PPP2R1A	ENSG00000105568	empty_AD
pilot3	CCSBORF5861	1	CCSBORF0	3AT	3	1560C>G	0	NC_000019.10:52222139:C:G	CCSBVarC023493	ENSP00000324804.6:p.His520Gln	PPP2R1A	ENSG00000105568	empty_AD
pilot3	CCSBORF5861	1	CCSBORF0	3AT	3	259C>T	0	NC_000019.10:52206051:C:T	CCSBVarC023336	ENSP00000324804.6:p.His87Tyr	PPP2R1A	ENSG00000105568	empty_AD
pilot3	CCSBORF5861	1	CCSBORF0	3AT	3	331T>G	0	NC_000019.10:52211319:T:G	CCSBVarC023343	ENSP00000324804.6:p.Ser111Ala	PPP2R1A	ENSG00000105568	empty_AD
pilot3	CCSBORF5861	1	CCSBORF0	3AT	3	352G>A	0	NC_000019.10:52211340:G:A	CCSBVarC023346	ENSP00000324804.6:p.Glu118Lys	PPP2R1A	ENSG00000105568	empty_AD
pilot3	CCSBORF5861	1	CCSBORF0	3AT	3	377C>T	0	NC_000019.10:52211365:C:T	CCSBVarC023349	ENSP00000324804.6:p.Ala126Val	PPP2R1A	ENSG00000105568	empty_AD
pilot3	CCSBORF5861	1	CCSBORF0	3AT	3	430C>T	0	NC_000019.10:52211418:C:T	CCSBVarC023352	ENSP00000324804.6:p.Arg144Cys	PPP2R1A	ENSG00000105568	empty_AD
pilot3	CCSBORF5861	1	CCSBORF0	3AT	3	470G>A	0	NC_000019.10:52211458:G:A	CCSBVarC023356	ENSP00000324804.6:p.Arg157Gln	PPP2R1A	ENSG00000105568	empty_AD
pilot3	CCSBORF5861	1	CCSBORF0	3AT	3	472G>C	0	NC_000019.10:52211460:G:C	CCSBVarC023359	ENSP00000324804.6:p.Val158Leu	PPP2R1A	ENSG00000105568	empty_AD
pilot3	CCSBORF5861	1	CCSBORF0	3AT	3	522C>G	0	NC_000019.10:52212703:C:G	CCSBVarC023383	ENSP00000324804.6:p.Cys174Trp	PPP2R1A	ENSG00000105568	empty_AD
pilot3	CCSBORF5861	1	CCSBORF0	3AT	3	532A>G	0	NC_000019.10:52212713:A:G	CCSBVarC023386	ENSP00000324804.6:p.Thr178Ala	PPP2R1A	ENSG00000105568	empty_AD
pilot3	CCSBORF5861	1	CCSBORF0	3AT	3	536C>A	0	NC_000019.10:52212717:C:A	CCSBVarC023388	ENSP00000324804.6:p.Pro179His	PPP2R1A	ENSG00000105568	empty_AD
pilot3	CCSBORF5861	1	CCSBORF0	3AT	3	536C>G	0	NC_000019.10:52212717:C:G	CCSBVarC023391	ENSP00000324804.6:p.Pro179Arg	PPP2R1A	ENSG00000105568	empty_AD
pilot3	CCSBORF5861	1	CCSBORF0	3AT	3	536C>T	0	NC_000019.10:52212717:C:T	CCSBVarC023394	ENSP00000324804.6:p.Pro179Leu	PPP2R1A	ENSG00000105568	empty_AD
pilot3	CCSBORF5861	1	CCSBORF0	3AT	3	538A>G	0	NC_000019.10:52212719:A:G	CCSBVarC023426	ENSP00000324804.6:p.Met180Val	PPP2R1A	ENSG00000105568	empty_AD
pilot3	CCSBORF5861	1	CCSBORF0	3AT	3	539T>C	0	NC_000019.10:52212720:T:C	CCSBVarC023429	ENSP00000324804.6:p.Met180Thr	PPP2R1A	ENSG00000105568	empty_AD
pilot3	CCSBORF5861	1	CCSBORF0	3AT	3	547C>G	0	NC_000019.10:52212728:C:G	CCSBVarC023437	ENSP00000324804.6:p.Arg183Gly	PPP2R1A	ENSG00000105568	empty_AD
pilot3	CCSBORF5861	1	CCSBORF0	3AT	3	547C>T	0	NC_000019.10:52212728:C:T	CCSBVarC023440	ENSP00000324804.6:p.Arg183Trp	PPP2R1A	ENSG00000105568	empty_AD
pilot3	CCSBORF5861	1	CCSBORF0	3AT	3	548G>C	0	NC_000019.10:52212729:G:C	CCSBVarC023445	ENSP00000324804.6:p.Arg183Pro	PPP2R1A	ENSG00000105568	empty_AD
pilot3	CCSBORF5861	1	CCSBORF0	3AT	3	553G>A	0	NC_000019.10:52212734:G:A	CCSBVarC023447	ENSP00000324804.6:p.Ala185Thr	PPP2R1A	ENSG00000105568	empty_AD
pilot3	CCSBORF5861	1	CCSBORF0	3AT	3	658G>A	0	NC_000019.10:52212960:G:A	CCSBVarC023455	ENSP00000324804.6:p.Val220Met	PPP2R1A	ENSG00000105568	empty_AD
pilot3	CCSBORF5861	1	CCSBORF0	3AT	3	694G>A	0	NC_000019.10:52212996:G:A	CCSBVarC023458	ENSP00000324804.6:p.Ala232Thr	PPP2R1A	ENSG00000105568	empty_AD
pilot3	CCSBORF5861	5	CCSBORF12279	3AT	3	REF	1207	NULL	NULL	NULL	PPP2R1A	ENSG00000105568	CSDC2
pilot3	CCSBORF5861	5	CCSBORF12279	3AT	3	259C>T	822	NC_000019.10:52206051:C:T	CCSBVarC023336	ENSP00000324804.6:p.His87Tyr	PPP2R1A	ENSG00000105568	CSDC2
pilot3	CCSBORF5861	5	CCSBORF12279	3AT	3	331T>G	1389	NC_000019.10:52211319:T:G	CCSBVarC023343	ENSP00000324804.6:p.Ser111Ala	PPP2R1A	ENSG00000105568	CSDC2
pilot3	CCSBORF5861	5	CCSBORF12279	3AT	3	352G>A	54	NC_000019.10:52211340:G:A	CCSBVarC023346	ENSP00000324804.6:p.Glu118Lys	PPP2R1A	ENSG00000105568	CSDC2
pilot3	CCSBORF5861	5	CCSBORF12279	3AT	3	377C>T	1387	NC_000019.10:52211365:C:T	CCSBVarC023349	ENSP00000324804.6:p.Ala126Val	PPP2R1A	ENSG00000105568	CSDC2
pilot3	CCSBORF5861	5	CCSBORF12279	3AT	3	430C>T	25	NC_000019.10:52211418:C:T	CCSBVarC023352	ENSP00000324804.6:p.Arg144Cys	PPP2R1A	ENSG00000105568	CSDC2
pilot3	CCSBORF5861	5	CCSBORF12279	3AT	3	470G>A	149	NC_000019.10:52211458:G:A	CCSBVarC023356	ENSP00000324804.6:p.Arg157Gln	PPP2R1A	ENSG00000105568	CSDC2
pilot3	CCSBORF5861	5	CCSBORF12279	3AT	3	472G>C	184	NC_000019.10:52211460:G:C	CCSBVarC023359	ENSP00000324804.6:p.Val158Leu	PPP2R1A	ENSG00000105568	CSDC2
pilot3	CCSBORF5861	5	CCSBORF12279	3AT	3	522C>G	25	NC_000019.10:52212703:C:G	CCSBVarC023383	ENSP00000324804.6:p.Cys174Trp	PPP2R1A	ENSG00000105568	CSDC2
pilot3	CCSBORF5861	5	CCSBORF12279	3AT	3	532A>G	30	NC_000019.10:52212713:A:G	CCSBVarC023386	ENSP00000324804.6:p.Thr178Ala	PPP2R1A	ENSG00000105568	CSDC2
pilot3	CCSBORF5861	5	CCSBORF12279	3AT	3	536C>A	890	NC_000019.10:52212717:C:A	CCSBVarC023388	ENSP00000324804.6:p.Pro179His	PPP2R1A	ENSG00000105568	CSDC2
pilot3	CCSBORF5861	5	CCSBORF12279	3AT	3	536C>G	398	NC_000019.10:52212717:C:G	CCSBVarC023391	ENSP00000324804.6:p.Pro179Arg	PPP2R1A	ENSG00000105568	CSDC2
pilot3	CCSBORF5861	5	CCSBORF12279	3AT	3	536C>T	2591	NC_000019.10:52212717:C:T	CCSBVarC023394	ENSP00000324804.6:p.Pro179Leu	PPP2R1A	ENSG00000105568	CSDC2
pilot3	CCSBORF5861	5	CCSBORF12279	3AT	3	538A>G	2	NC_000019.10:52212719:A:G	CCSBVarC023426	ENSP00000324804.6:p.Met180Val	PPP2R1A	ENSG00000105568	CSDC2
pilot3	CCSBORF5861	5	CCSBORF100062506	3AT	3	REF	1499	NULL	NULL	NULL	PPP2R1A	ENSG00000105568	FBXO43
pilot3	CCSBORF5861	5	CCSBORF100062506	3AT	3	259C>T	2159	NC_000019.10:52206051:C:T	CCSBVarC023336	ENSP00000324804.6:p.His87Tyr	PPP2R1A	ENSG00000105568	FBXO43
pilot3	CCSBORF5861	5	CCSBORF100062506	3AT	3	331T>G	694	NC_000019.10:52211319:T:G	CCSBVarC023343	ENSP00000324804.6:p.Ser111Ala	PPP2R1A	ENSG00000105568	FBXO43
pilot3	CCSBORF5861	5	CCSBORF100062506	3AT	3	352G>A	668	NC_000019.10:52211340:G:A	CCSBVarC023346	ENSP00000324804.6:p.Glu118Lys	PPP2R1A	ENSG00000105568	FBXO43
pilot3	CCSBORF5861	5	CCSBORF100062506	3AT	3	377C>T	403	NC_000019.10:52211365:C:T	CCSBVarC023349	ENSP00000324804.6:p.Ala126Val	PPP2R1A	ENSG00000105568	FBXO43
pilot3	CCSBORF5861	5	CCSBORF100062506	3AT	3	430C>T	431	NC_000019.10:52211418:C:T	CCSBVarC023352	ENSP00000324804.6:p.Arg144Cys	PPP2R1A	ENSG00000105568	FBXO43
pilot3	CCSBORF5861	5	CCSBORF100062506	3AT	3	470G>A	1010	NC_000019.10:52211458:G:A	CCSBVarC023356	ENSP00000324804.6:p.Arg157Gln	PPP2R1A	ENSG00000105568	FBXO43
pilot3	CCSBORF5861	5	CCSBORF100062506	3AT	3	472G>C	442	NC_000019.10:52211460:G:C	CCSBVarC023359	ENSP00000324804.6:p.Val158Leu	PPP2R1A	ENSG00000105568	FBXO43
pilot3	CCSBORF5861	5	CCSBORF100062506	3AT	3	522C>G	129	NC_000019.10:52212703:C:G	CCSBVarC023383	ENSP00000324804.6:p.Cys174Trp	PPP2R1A	ENSG00000105568	FBXO43
pilot3	CCSBORF5861	5	CCSBORF100062506	3AT	3	532A>G	209	NC_000019.10:52212713:A:G	CCSBVarC023386	ENSP00000324804.6:p.Thr178Ala	PPP2R1A	ENSG00000105568	FBXO43
pilot3	CCSBORF5861	5	CCSBORF100062506	3AT	3	536C>A	894	NC_000019.10:52212717:C:A	CCSBVarC023388	ENSP00000324804.6:p.Pro179His	PPP2R1A	ENSG00000105568	FBXO43
pilot3	CCSBORF5861	5	CCSBORF100062506	3AT	3	536C>G	1535	NC_000019.10:52212717:C:G	CCSBVarC023391	ENSP00000324804.6:p.Pro179Arg	PPP2R1A	ENSG00000105568	FBXO43
pilot3	CCSBORF5861	5	CCSBORF100062506	3AT	3	536C>T	1919	NC_000019.10:52212717:C:T	CCSBVarC023394	ENSP00000324804.6:p.Pro179Leu	PPP2R1A	ENSG00000105568	FBXO43
pilot3	CCSBORF5861	5	CCSBORF100062506	3AT	3	538A>G	10	NC_000019.10:52212719:A:G	CCSBVarC023426	ENSP00000324804.6:p.Met180Val	PPP2R1A	ENSG00000105568	FBXO43
pilot3	CCSBORF5861	5	CCSBORF100061924	3AT	3	REF	1478	NULL	NULL	NULL	PPP2R1A	ENSG00000105568	GOLGA6A
pilot3	CCSBORF5861	5	CCSBORF100061924	3AT	3	259C>T	2946	NC_000019.10:52206051:C:T	CCSBVarC023336	ENSP00000324804.6:p.His87Tyr	PPP2R1A	ENSG00000105568	GOLGA6A
pilot3	CCSBORF5861	5	CCSBORF100061924	3AT	3	331T>G	967	NC_000019.10:52211319:T:G	CCSBVarC023343	ENSP00000324804.6:p.Ser111Ala	PPP2R1A	ENSG00000105568	GOLGA6A
pilot3	CCSBORF5861	5	CCSBORF100061924	3AT	3	352G>A	904	NC_000019.10:52211340:G:A	CCSBVarC023346	ENSP00000324804.6:p.Glu118Lys	PPP2R1A	ENSG00000105568	GOLGA6A
pilot3	CCSBORF5861	5	CCSBORF100061924	3AT	3	377C>T	374	NC_000019.10:52211365:C:T	CCSBVarC023349	ENSP00000324804.6:p.Ala126Val	PPP2R1A	ENSG00000105568	GOLGA6A
pilot3	CCSBORF5861	5	CCSBORF100061924	3AT	3	430C>T	317	NC_000019.10:52211418:C:T	CCSBVarC023352	ENSP00000324804.6:p.Arg144Cys	PPP2R1A	ENSG00000105568	GOLGA6A
pilot3	CCSBORF5861	5	CCSBORF100061924	3AT	3	470G>A	1405	NC_000019.10:52211458:G:A	CCSBVarC023356	ENSP00000324804.6:p.Arg157Gln	PPP2R1A	ENSG00000105568	GOLGA6A
pilot3	CCSBORF5861	5	CCSBORF100061924	3AT	3	472G>C	370	NC_000019.10:52211460:G:C	CCSBVarC023359	ENSP00000324804.6:p.Val158Leu	PPP2R1A	ENSG00000105568	GOLGA6A
pilot3	CCSBORF5861	5	CCSBORF100061924	3AT	3	522C>G	99	NC_000019.10:52212703:C:G	CCSBVarC023383	ENSP00000324804.6:p.Cys174Trp	PPP2R1A	ENSG00000105568	GOLGA6A
pilot3	CCSBORF5861	5	CCSBORF100061924	3AT	3	532A>G	335	NC_000019.10:52212713:A:G	CCSBVarC023386	ENSP00000324804.6:p.Thr178Ala	PPP2R1A	ENSG00000105568	GOLGA6A
pilot3	CCSBORF5861	5	CCSBORF100061924	3AT	3	536C>A	172	NC_000019.10:52212717:C:A	CCSBVarC023388	ENSP00000324804.6:p.Pro179His	PPP2R1A	ENSG00000105568	GOLGA6A
pilot3	CCSBORF5861	5	CCSBORF100061924	3AT	3	536C>G	830	NC_000019.10:52212717:C:G	CCSBVarC023391	ENSP00000324804.6:p.Pro179Arg	PPP2R1A	ENSG00000105568	GOLGA6A
pilot3	CCSBORF5861	5	CCSBORF100061924	3AT	3	536C>T	231	NC_000019.10:52212717:C:T	CCSBVarC023394	ENSP00000324804.6:p.Pro179Leu	PPP2R1A	ENSG00000105568	GOLGA6A
pilot3	CCSBORF5861	5	CCSBORF100061924	3AT	3	538A>G	3	NC_000019.10:52212719:A:G	CCSBVarC023426	ENSP00000324804.6:p.Met180Val	PPP2R1A	ENSG00000105568	GOLGA6A
pilot3	CCSBORF5861	5	CCSBORF52950	3AT	3	REF	1103	NULL	NULL	NULL	PPP2R1A	ENSG00000105568	STRN
pilot3	CCSBORF5861	5	CCSBORF52950	3AT	3	259C>T	2017	NC_000019.10:52206051:C:T	CCSBVarC023336	ENSP00000324804.6:p.His87Tyr	PPP2R1A	ENSG00000105568	STRN
pilot3	CCSBORF5861	5	CCSBORF52950	3AT	3	331T>G	244	NC_000019.10:52211319:T:G	CCSBVarC023343	ENSP00000324804.6:p.Ser111Ala	PPP2R1A	ENSG00000105568	STRN
pilot3	CCSBORF5861	5	CCSBORF52950	3AT	3	352G>A	304	NC_000019.10:52211340:G:A	CCSBVarC023346	ENSP00000324804.6:p.Glu118Lys	PPP2R1A	ENSG00000105568	STRN
pilot3	CCSBORF5861	5	CCSBORF52950	3AT	3	377C>T	99	NC_000019.10:52211365:C:T	CCSBVarC023349	ENSP00000324804.6:p.Ala126Val	PPP2R1A	ENSG00000105568	STRN
pilot3	CCSBORF5861	5	CCSBORF52950	3AT	3	430C>T	265	NC_000019.10:52211418:C:T	CCSBVarC023352	ENSP00000324804.6:p.Arg144Cys	PPP2R1A	ENSG00000105568	STRN
pilot3	CCSBORF5861	5	CCSBORF52950	3AT	3	470G>A	547	NC_000019.10:52211458:G:A	CCSBVarC023356	ENSP00000324804.6:p.Arg157Gln	PPP2R1A	ENSG00000105568	STRN
pilot3	CCSBORF5861	5	CCSBORF52950	3AT	3	472G>C	212	NC_000019.10:52211460:G:C	CCSBVarC023359	ENSP00000324804.6:p.Val158Leu	PPP2R1A	ENSG00000105568	STRN
pilot3	CCSBORF5861	5	CCSBORF52950	3AT	3	522C>G	184	NC_000019.10:52212703:C:G	CCSBVarC023383	ENSP00000324804.6:p.Cys174Trp	PPP2R1A	ENSG00000105568	STRN
pilot3	CCSBORF5861	5	CCSBORF52950	3AT	3	532A>G	164	NC_000019.10:52212713:A:G	CCSBVarC023386	ENSP00000324804.6:p.Thr178Ala	PPP2R1A	ENSG00000105568	STRN
pilot3	CCSBORF5861	5	CCSBORF52950	3AT	3	536C>A	1403	NC_000019.10:52212717:C:A	CCSBVarC023388	ENSP00000324804.6:p.Pro179His	PPP2R1A	ENSG00000105568	STRN
pilot3	CCSBORF5861	5	CCSBORF52950	3AT	3	536C>G	451	NC_000019.10:52212717:C:G	CCSBVarC023391	ENSP00000324804.6:p.Pro179Arg	PPP2R1A	ENSG00000105568	STRN
pilot3	CCSBORF5861	5	CCSBORF52950	3AT	3	536C>T	2369	NC_000019.10:52212717:C:T	CCSBVarC023394	ENSP00000324804.6:p.Pro179Leu	PPP2R1A	ENSG00000105568	STRN
pilot3	CCSBORF5861	5	CCSBORF52950	3AT	3	538A>G	3	NC_000019.10:52212719:A:G	CCSBVarC023426	ENSP00000324804.6:p.Met180Val	PPP2R1A	ENSG00000105568	STRN
pilot3	CCSBORF5861	5	CCSBORF55030	3AT	3	REF	1340	NULL	NULL	NULL	PPP2R1A	ENSG00000105568	STRN3
pilot3	CCSBORF5861	5	CCSBORF55030	3AT	3	259C>T	1954	NC_000019.10:52206051:C:T	CCSBVarC023336	ENSP00000324804.6:p.His87Tyr	PPP2R1A	ENSG00000105568	STRN3
pilot3	CCSBORF5861	5	CCSBORF55030	3AT	3	331T>G	474	NC_000019.10:52211319:T:G	CCSBVarC023343	ENSP00000324804.6:p.Ser111Ala	PPP2R1A	ENSG00000105568	STRN3
pilot3	CCSBORF5861	5	CCSBORF55030	3AT	3	352G>A	553	NC_000019.10:52211340:G:A	CCSBVarC023346	ENSP00000324804.6:p.Glu118Lys	PPP2R1A	ENSG00000105568	STRN3
pilot3	CCSBORF5861	5	CCSBORF55030	3AT	3	377C>T	338	NC_000019.10:52211365:C:T	CCSBVarC023349	ENSP00000324804.6:p.Ala126Val	PPP2R1A	ENSG00000105568	STRN3
pilot3	CCSBORF5861	5	CCSBORF55030	3AT	3	430C>T	375	NC_000019.10:52211418:C:T	CCSBVarC023352	ENSP00000324804.6:p.Arg144Cys	PPP2R1A	ENSG00000105568	STRN3
pilot3	CCSBORF5861	5	CCSBORF55030	3AT	3	470G>A	1007	NC_000019.10:52211458:G:A	CCSBVarC023356	ENSP00000324804.6:p.Arg157Gln	PPP2R1A	ENSG00000105568	STRN3
pilot3	CCSBORF5861	5	CCSBORF55030	3AT	3	472G>C	349	NC_000019.10:52211460:G:C	CCSBVarC023359	ENSP00000324804.6:p.Val158Leu	PPP2R1A	ENSG00000105568	STRN3
pilot3	CCSBORF5861	5	CCSBORF55030	3AT	3	522C>G	221	NC_000019.10:52212703:C:G	CCSBVarC023383	ENSP00000324804.6:p.Cys174Trp	PPP2R1A	ENSG00000105568	STRN3
pilot3	CCSBORF5861	5	CCSBORF55030	3AT	3	532A>G	211	NC_000019.10:52212713:A:G	CCSBVarC023386	ENSP00000324804.6:p.Thr178Ala	PPP2R1A	ENSG00000105568	STRN3
pilot3	CCSBORF5861	5	CCSBORF55030	3AT	3	536C>A	906	NC_000019.10:52212717:C:A	CCSBVarC023388	ENSP00000324804.6:p.Pro179His	PPP2R1A	ENSG00000105568	STRN3
pilot3	CCSBORF5861	5	CCSBORF55030	3AT	3	536C>G	523	NC_000019.10:52212717:C:G	CCSBVarC023391	ENSP00000324804.6:p.Pro179Arg	PPP2R1A	ENSG00000105568	STRN3
pilot3	CCSBORF5861	5	CCSBORF55030	3AT	3	536C>T	1214	NC_000019.10:52212717:C:T	CCSBVarC023394	ENSP00000324804.6:p.Pro179Leu	PPP2R1A	ENSG00000105568	STRN3
pilot3	CCSBORF5861	5	CCSBORF55030	3AT	3	538A>G	3	NC_000019.10:52212719:A:G	CCSBVarC023426	ENSP00000324804.6:p.Met180Val	PPP2R1A	ENSG00000105568	STRN3
pilot3	CCSBORF5861	5	CCSBORF0	3AT	3	REF	0	NULL	NULL	NULL	PPP2R1A	ENSG00000105568	empty_AD
pilot3	CCSBORF5861	5	CCSBORF0	3AT	3	259C>T	0	NC_000019.10:52206051:C:T	CCSBVarC023336	ENSP00000324804.6:p.His87Tyr	PPP2R1A	ENSG00000105568	empty_AD
pilot3	CCSBORF5861	5	CCSBORF0	3AT	3	331T>G	0	NC_000019.10:52211319:T:G	CCSBVarC023343	ENSP00000324804.6:p.Ser111Ala	PPP2R1A	ENSG00000105568	empty_AD
pilot3	CCSBORF5861	5	CCSBORF0	3AT	3	352G>A	0	NC_000019.10:52211340:G:A	CCSBVarC023346	ENSP00000324804.6:p.Glu118Lys	PPP2R1A	ENSG00000105568	empty_AD
pilot3	CCSBORF5861	5	CCSBORF0	3AT	3	377C>T	0	NC_000019.10:52211365:C:T	CCSBVarC023349	ENSP00000324804.6:p.Ala126Val	PPP2R1A	ENSG00000105568	empty_AD
pilot3	CCSBORF5861	5	CCSBORF0	3AT	3	430C>T	0	NC_000019.10:52211418:C:T	CCSBVarC023352	ENSP00000324804.6:p.Arg144Cys	PPP2R1A	ENSG00000105568	empty_AD
pilot3	CCSBORF5861	5	CCSBORF0	3AT	3	470G>A	0	NC_000019.10:52211458:G:A	CCSBVarC023356	ENSP00000324804.6:p.Arg157Gln	PPP2R1A	ENSG00000105568	empty_AD
pilot3	CCSBORF5861	5	CCSBORF0	3AT	3	472G>C	0	NC_000019.10:52211460:G:C	CCSBVarC023359	ENSP00000324804.6:p.Val158Leu	PPP2R1A	ENSG00000105568	empty_AD
pilot3	CCSBORF5861	5	CCSBORF0	3AT	3	522C>G	0	NC_000019.10:52212703:C:G	CCSBVarC023383	ENSP00000324804.6:p.Cys174Trp	PPP2R1A	ENSG00000105568	empty_AD
pilot3	CCSBORF5861	5	CCSBORF0	3AT	3	532A>G	0	NC_000019.10:52212713:A:G	CCSBVarC023386	ENSP00000324804.6:p.Thr178Ala	PPP2R1A	ENSG00000105568	empty_AD
pilot3	CCSBORF5861	5	CCSBORF0	3AT	3	536C>A	0	NC_000019.10:52212717:C:A	CCSBVarC023388	ENSP00000324804.6:p.Pro179His	PPP2R1A	ENSG00000105568	empty_AD
pilot3	CCSBORF5861	5	CCSBORF0	3AT	3	536C>G	0	NC_000019.10:52212717:C:G	CCSBVarC023391	ENSP00000324804.6:p.Pro179Arg	PPP2R1A	ENSG00000105568	empty_AD
pilot3	CCSBORF5861	5	CCSBORF0	3AT	3	536C>T	0	NC_000019.10:52212717:C:T	CCSBVarC023394	ENSP00000324804.6:p.Pro179Leu	PPP2R1A	ENSG00000105568	empty_AD
pilot3	CCSBORF5861	5	CCSBORF0	3AT	3	538A>G	0	NC_000019.10:52212719:A:G	CCSBVarC023426	ENSP00000324804.6:p.Met180Val	PPP2R1A	ENSG00000105568	empty_AD
pilot3	CCSBORF11805	1	CCSBORF8359	3AT	3	REF	575	NULL	NULL	NULL	SMAD3	ENSG00000166949	CCDC33
pilot3	CCSBORF11805	1	CCSBORF8359	3AT	3	1094A>T	397	NC_000015.10:67187448:A:T	CCSBVarC028977	ENSP00000332973.4:p.Gln365Leu	SMAD3	ENSG00000166949	CCDC33
pilot3	CCSBORF11805	1	CCSBORF8359	3AT	3	1186A>G	944	NC_000015.10:67190443:A:G	CCSBVarC028980	ENSP00000332973.4:p.Ile396Val	SMAD3	ENSG00000166949	CCDC33
pilot3	CCSBORF11805	1	CCSBORF8359	3AT	3	1268G>A	949	NC_000015.10:67190525:G:A	CCSBVarC028988	ENSP00000332973.4:p.Ser423Asn	SMAD3	ENSG00000166949	CCDC33
pilot3	CCSBORF11805	1	CCSBORF8359	3AT	3	179T>C	410	NC_000015.10:67066332:T:C	CCSBVarC028917	ENSP00000332973.4:p.Val60Ala	SMAD3	ENSG00000166949	CCDC33
pilot3	CCSBORF11805	1	CCSBORF8359	3AT	3	209C>A	185	NC_000015.10:67164896:C:A	CCSBVarC028919	ENSP00000332973.4:p.Ser70Tyr	SMAD3	ENSG00000166949	CCDC33
pilot3	CCSBORF11805	1	CCSBORF8359	3AT	3	220C>T	529	NC_000015.10:67164907:C:T	CCSBVarC028921	ENSP00000332973.4:p.Arg74Trp	SMAD3	ENSG00000166949	CCDC33
pilot3	CCSBORF11805	1	CCSBORF8359	3AT	3	28C>G	141	NC_000015.10:67066181:C:G	CCSBVarC028915	ENSP00000332973.4:p.Pro10Ala	SMAD3	ENSG00000166949	CCDC33
pilot3	CCSBORF11805	1	CCSBORF8359	3AT	3	316A>G	95	NC_000015.10:67165003:A:G	CCSBVarC028936	ENSP00000332973.4:p.Met106Val	SMAD3	ENSG00000166949	CCDC33
pilot3	CCSBORF11805	1	CCSBORF8359	3AT	3	502G>A	284	NC_000015.10:67165353:G:A	CCSBVarC028939	ENSP00000332973.4:p.Ala168Thr	SMAD3	ENSG00000166949	CCDC33
pilot3	CCSBORF11805	1	CCSBORF8359	3AT	3	508A>G	308	NC_000015.10:67165359:A:G	CCSBVarC002944	ENSP00000332973.4:p.Ile170Val	SMAD3	ENSG00000166949	CCDC33
pilot3	CCSBORF11805	1	CCSBORF8359	3AT	3	590A>T	218	NC_000015.10:67166835:A:T	CCSBVarC001756	ENSP00000332973.4:p.Asn197Ile	SMAD3	ENSG00000166949	CCDC33
pilot3	CCSBORF11805	1	CCSBORF8359	3AT	3	613C>T	218	NC_000015.10:67170558:C:T	CCSBVarC028942	ENSP00000332973.4:p.Pro205Ser	SMAD3	ENSG00000166949	CCDC33
pilot3	CCSBORF11805	1	CCSBORF8359	3AT	3	730G>A	536	NC_000015.10:67181311:G:A	CCSBVarC028954	ENSP00000332973.4:p.Val244Ile	SMAD3	ENSG00000166949	CCDC33
pilot3	CCSBORF11805	1	CCSBORF8359	3AT	3	785A>T	919	NC_000015.10:67181366:A:T	CCSBVarC028962	ENSP00000332973.4:p.Asp262Val	SMAD3	ENSG00000166949	CCDC33
pilot3	CCSBORF11805	1	CCSBORF8359	3AT	3	848T>A	592	NC_000015.10:67181429:T:A	CCSBVarC028965	ENSP00000332973.4:p.Val283Glu	SMAD3	ENSG00000166949	CCDC33
pilot3	CCSBORF11805	1	CCSBORF8359	3AT	3	851A>G	187	NC_000015.10:67181432:A:G	CCSBVarC028968	ENSP00000332973.4:p.Glu284Gly	SMAD3	ENSG00000166949	CCDC33
pilot3	CCSBORF11805	1	CCSBORF40080553	3AT	3	REF	488	NULL	NULL	NULL	SMAD3	ENSG00000166949	FOXH1
pilot3	CCSBORF11805	1	CCSBORF40080553	3AT	3	1094A>T	315	NC_000015.10:67187448:A:T	CCSBVarC028977	ENSP00000332973.4:p.Gln365Leu	SMAD3	ENSG00000166949	FOXH1
pilot3	CCSBORF11805	1	CCSBORF40080553	3AT	3	1186A>G	510	NC_000015.10:67190443:A:G	CCSBVarC028980	ENSP00000332973.4:p.Ile396Val	SMAD3	ENSG00000166949	FOXH1
pilot3	CCSBORF11805	1	CCSBORF40080553	3AT	3	1268G>A	355	NC_000015.10:67190525:G:A	CCSBVarC028988	ENSP00000332973.4:p.Ser423Asn	SMAD3	ENSG00000166949	FOXH1
pilot3	CCSBORF11805	1	CCSBORF40080553	3AT	3	179T>C	252	NC_000015.10:67066332:T:C	CCSBVarC028917	ENSP00000332973.4:p.Val60Ala	SMAD3	ENSG00000166949	FOXH1
pilot3	CCSBORF11805	1	CCSBORF40080553	3AT	3	209C>A	254	NC_000015.10:67164896:C:A	CCSBVarC028919	ENSP00000332973.4:p.Ser70Tyr	SMAD3	ENSG00000166949	FOXH1
pilot3	CCSBORF11805	1	CCSBORF40080553	3AT	3	220C>T	482	NC_000015.10:67164907:C:T	CCSBVarC028921	ENSP00000332973.4:p.Arg74Trp	SMAD3	ENSG00000166949	FOXH1
pilot3	CCSBORF11805	1	CCSBORF40080553	3AT	3	28C>G	167	NC_000015.10:67066181:C:G	CCSBVarC028915	ENSP00000332973.4:p.Pro10Ala	SMAD3	ENSG00000166949	FOXH1
pilot3	CCSBORF11805	1	CCSBORF40080553	3AT	3	316A>G	350	NC_000015.10:67165003:A:G	CCSBVarC028936	ENSP00000332973.4:p.Met106Val	SMAD3	ENSG00000166949	FOXH1
pilot3	CCSBORF11805	1	CCSBORF40080553	3AT	3	502G>A	441	NC_000015.10:67165353:G:A	CCSBVarC028939	ENSP00000332973.4:p.Ala168Thr	SMAD3	ENSG00000166949	FOXH1
pilot3	CCSBORF11805	1	CCSBORF40080553	3AT	3	508A>G	733	NC_000015.10:67165359:A:G	CCSBVarC002944	ENSP00000332973.4:p.Ile170Val	SMAD3	ENSG00000166949	FOXH1
pilot3	CCSBORF11805	1	CCSBORF40080553	3AT	3	590A>T	153	NC_000015.10:67166835:A:T	CCSBVarC001756	ENSP00000332973.4:p.Asn197Ile	SMAD3	ENSG00000166949	FOXH1
pilot3	CCSBORF11805	1	CCSBORF40080553	3AT	3	613C>T	352	NC_000015.10:67170558:C:T	CCSBVarC028942	ENSP00000332973.4:p.Pro205Ser	SMAD3	ENSG00000166949	FOXH1
pilot3	CCSBORF11805	1	CCSBORF40080553	3AT	3	730G>A	301	NC_000015.10:67181311:G:A	CCSBVarC028954	ENSP00000332973.4:p.Val244Ile	SMAD3	ENSG00000166949	FOXH1
pilot3	CCSBORF11805	1	CCSBORF40080553	3AT	3	785A>T	322	NC_000015.10:67181366:A:T	CCSBVarC028962	ENSP00000332973.4:p.Asp262Val	SMAD3	ENSG00000166949	FOXH1
pilot3	CCSBORF11805	1	CCSBORF40080553	3AT	3	848T>A	460	NC_000015.10:67181429:T:A	CCSBVarC028965	ENSP00000332973.4:p.Val283Glu	SMAD3	ENSG00000166949	FOXH1
pilot3	CCSBORF11805	1	CCSBORF40080553	3AT	3	851A>G	178	NC_000015.10:67181432:A:G	CCSBVarC028968	ENSP00000332973.4:p.Glu284Gly	SMAD3	ENSG00000166949	FOXH1
pilot3	CCSBORF11805	1	CCSBORF100068511	3AT	3	REF	945	NULL	NULL	NULL	SMAD3	ENSG00000166949	NEDD4
pilot3	CCSBORF11805	1	CCSBORF100068511	3AT	3	1094A>T	610	NC_000015.10:67187448:A:T	CCSBVarC028977	ENSP00000332973.4:p.Gln365Leu	SMAD3	ENSG00000166949	NEDD4
pilot3	CCSBORF11805	1	CCSBORF100068511	3AT	3	1186A>G	764	NC_000015.10:67190443:A:G	CCSBVarC028980	ENSP00000332973.4:p.Ile396Val	SMAD3	ENSG00000166949	NEDD4
pilot3	CCSBORF11805	1	CCSBORF100068511	3AT	3	1268G>A	729	NC_000015.10:67190525:G:A	CCSBVarC028988	ENSP00000332973.4:p.Ser423Asn	SMAD3	ENSG00000166949	NEDD4
pilot3	CCSBORF11805	1	CCSBORF100068511	3AT	3	179T>C	267	NC_000015.10:67066332:T:C	CCSBVarC028917	ENSP00000332973.4:p.Val60Ala	SMAD3	ENSG00000166949	NEDD4
pilot3	CCSBORF11805	1	CCSBORF100068511	3AT	3	209C>A	431	NC_000015.10:67164896:C:A	CCSBVarC028919	ENSP00000332973.4:p.Ser70Tyr	SMAD3	ENSG00000166949	NEDD4
pilot3	CCSBORF11805	1	CCSBORF100068511	3AT	3	220C>T	569	NC_000015.10:67164907:C:T	CCSBVarC028921	ENSP00000332973.4:p.Arg74Trp	SMAD3	ENSG00000166949	NEDD4
pilot3	CCSBORF11805	1	CCSBORF100068511	3AT	3	28C>G	397	NC_000015.10:67066181:C:G	CCSBVarC028915	ENSP00000332973.4:p.Pro10Ala	SMAD3	ENSG00000166949	NEDD4
pilot3	CCSBORF11805	1	CCSBORF100068511	3AT	3	316A>G	275	NC_000015.10:67165003:A:G	CCSBVarC028936	ENSP00000332973.4:p.Met106Val	SMAD3	ENSG00000166949	NEDD4
pilot3	CCSBORF11805	1	CCSBORF100068511	3AT	3	502G>A	791	NC_000015.10:67165353:G:A	CCSBVarC028939	ENSP00000332973.4:p.Ala168Thr	SMAD3	ENSG00000166949	NEDD4
pilot3	CCSBORF11805	1	CCSBORF100068511	3AT	3	508A>G	1041	NC_000015.10:67165359:A:G	CCSBVarC002944	ENSP00000332973.4:p.Ile170Val	SMAD3	ENSG00000166949	NEDD4
pilot3	CCSBORF11805	1	CCSBORF100068511	3AT	3	590A>T	374	NC_000015.10:67166835:A:T	CCSBVarC001756	ENSP00000332973.4:p.Asn197Ile	SMAD3	ENSG00000166949	NEDD4
pilot3	CCSBORF11805	1	CCSBORF100068511	3AT	3	613C>T	597	NC_000015.10:67170558:C:T	CCSBVarC028942	ENSP00000332973.4:p.Pro205Ser	SMAD3	ENSG00000166949	NEDD4
pilot3	CCSBORF11805	1	CCSBORF100068511	3AT	3	730G>A	393	NC_000015.10:67181311:G:A	CCSBVarC028954	ENSP00000332973.4:p.Val244Ile	SMAD3	ENSG00000166949	NEDD4
pilot3	CCSBORF11805	1	CCSBORF100068511	3AT	3	785A>T	907	NC_000015.10:67181366:A:T	CCSBVarC028962	ENSP00000332973.4:p.Asp262Val	SMAD3	ENSG00000166949	NEDD4
pilot3	CCSBORF11805	1	CCSBORF100068511	3AT	3	848T>A	620	NC_000015.10:67181429:T:A	CCSBVarC028965	ENSP00000332973.4:p.Val283Glu	SMAD3	ENSG00000166949	NEDD4
pilot3	CCSBORF11805	1	CCSBORF100068511	3AT	3	851A>G	147	NC_000015.10:67181432:A:G	CCSBVarC028968	ENSP00000332973.4:p.Glu284Gly	SMAD3	ENSG00000166949	NEDD4
pilot3	CCSBORF11805	1	CCSBORF71704	3AT	3	REF	1959	NULL	NULL	NULL	SMAD3	ENSG00000166949	SMURF2
pilot3	CCSBORF11805	1	CCSBORF71704	3AT	3	1094A>T	638	NC_000015.10:67187448:A:T	CCSBVarC028977	ENSP00000332973.4:p.Gln365Leu	SMAD3	ENSG00000166949	SMURF2
pilot3	CCSBORF11805	1	CCSBORF71704	3AT	3	1186A>G	1106	NC_000015.10:67190443:A:G	CCSBVarC028980	ENSP00000332973.4:p.Ile396Val	SMAD3	ENSG00000166949	SMURF2
pilot3	CCSBORF11805	1	CCSBORF71704	3AT	3	1268G>A	828	NC_000015.10:67190525:G:A	CCSBVarC028988	ENSP00000332973.4:p.Ser423Asn	SMAD3	ENSG00000166949	SMURF2
pilot3	CCSBORF11805	1	CCSBORF71704	3AT	3	179T>C	472	NC_000015.10:67066332:T:C	CCSBVarC028917	ENSP00000332973.4:p.Val60Ala	SMAD3	ENSG00000166949	SMURF2
pilot3	CCSBORF11805	1	CCSBORF71704	3AT	3	209C>A	474	NC_000015.10:67164896:C:A	CCSBVarC028919	ENSP00000332973.4:p.Ser70Tyr	SMAD3	ENSG00000166949	SMURF2
pilot3	CCSBORF11805	1	CCSBORF71704	3AT	3	220C>T	601	NC_000015.10:67164907:C:T	CCSBVarC028921	ENSP00000332973.4:p.Arg74Trp	SMAD3	ENSG00000166949	SMURF2
pilot3	CCSBORF11805	1	CCSBORF71704	3AT	3	28C>G	356	NC_000015.10:67066181:C:G	CCSBVarC028915	ENSP00000332973.4:p.Pro10Ala	SMAD3	ENSG00000166949	SMURF2
pilot3	CCSBORF11805	1	CCSBORF71704	3AT	3	316A>G	451	NC_000015.10:67165003:A:G	CCSBVarC028936	ENSP00000332973.4:p.Met106Val	SMAD3	ENSG00000166949	SMURF2
pilot3	CCSBORF11805	1	CCSBORF71704	3AT	3	502G>A	1174	NC_000015.10:67165353:G:A	CCSBVarC028939	ENSP00000332973.4:p.Ala168Thr	SMAD3	ENSG00000166949	SMURF2
pilot3	CCSBORF11805	1	CCSBORF71704	3AT	3	508A>G	1292	NC_000015.10:67165359:A:G	CCSBVarC002944	ENSP00000332973.4:p.Ile170Val	SMAD3	ENSG00000166949	SMURF2
pilot3	CCSBORF11805	1	CCSBORF71704	3AT	3	590A>T	485	NC_000015.10:67166835:A:T	CCSBVarC001756	ENSP00000332973.4:p.Asn197Ile	SMAD3	ENSG00000166949	SMURF2
pilot3	CCSBORF11805	1	CCSBORF71704	3AT	3	613C>T	580	NC_000015.10:67170558:C:T	CCSBVarC028942	ENSP00000332973.4:p.Pro205Ser	SMAD3	ENSG00000166949	SMURF2
pilot3	CCSBORF11805	1	CCSBORF71704	3AT	3	730G>A	555	NC_000015.10:67181311:G:A	CCSBVarC028954	ENSP00000332973.4:p.Val244Ile	SMAD3	ENSG00000166949	SMURF2
pilot3	CCSBORF11805	1	CCSBORF71704	3AT	3	785A>T	1173	NC_000015.10:67181366:A:T	CCSBVarC028962	ENSP00000332973.4:p.Asp262Val	SMAD3	ENSG00000166949	SMURF2
pilot3	CCSBORF11805	1	CCSBORF71704	3AT	3	848T>A	919	NC_000015.10:67181429:T:A	CCSBVarC028965	ENSP00000332973.4:p.Val283Glu	SMAD3	ENSG00000166949	SMURF2
pilot3	CCSBORF11805	1	CCSBORF71704	3AT	3	851A>G	240	NC_000015.10:67181432:A:G	CCSBVarC028968	ENSP00000332973.4:p.Glu284Gly	SMAD3	ENSG00000166949	SMURF2
pilot3	CCSBORF11805	1	CCSBORF2177	3AT	3	REF	707	NULL	NULL	NULL	SMAD3	ENSG00000166949	WWP1
pilot3	CCSBORF11805	1	CCSBORF2177	3AT	3	1094A>T	440	NC_000015.10:67187448:A:T	CCSBVarC028977	ENSP00000332973.4:p.Gln365Leu	SMAD3	ENSG00000166949	WWP1
pilot3	CCSBORF11805	1	CCSBORF2177	3AT	3	1186A>G	594	NC_000015.10:67190443:A:G	CCSBVarC028980	ENSP00000332973.4:p.Ile396Val	SMAD3	ENSG00000166949	WWP1
pilot3	CCSBORF11805	1	CCSBORF2177	3AT	3	1268G>A	616	NC_000015.10:67190525:G:A	CCSBVarC028988	ENSP00000332973.4:p.Ser423Asn	SMAD3	ENSG00000166949	WWP1
pilot3	CCSBORF11805	1	CCSBORF2177	3AT	3	179T>C	243	NC_000015.10:67066332:T:C	CCSBVarC028917	ENSP00000332973.4:p.Val60Ala	SMAD3	ENSG00000166949	WWP1
pilot3	CCSBORF11805	1	CCSBORF2177	3AT	3	209C>A	923	NC_000015.10:67164896:C:A	CCSBVarC028919	ENSP00000332973.4:p.Ser70Tyr	SMAD3	ENSG00000166949	WWP1
pilot3	CCSBORF11805	1	CCSBORF2177	3AT	3	220C>T	696	NC_000015.10:67164907:C:T	CCSBVarC028921	ENSP00000332973.4:p.Arg74Trp	SMAD3	ENSG00000166949	WWP1
pilot3	CCSBORF11805	1	CCSBORF2177	3AT	3	28C>G	282	NC_000015.10:67066181:C:G	CCSBVarC028915	ENSP00000332973.4:p.Pro10Ala	SMAD3	ENSG00000166949	WWP1
pilot3	CCSBORF11805	1	CCSBORF2177	3AT	3	316A>G	212	NC_000015.10:67165003:A:G	CCSBVarC028936	ENSP00000332973.4:p.Met106Val	SMAD3	ENSG00000166949	WWP1
pilot3	CCSBORF11805	1	CCSBORF2177	3AT	3	502G>A	657	NC_000015.10:67165353:G:A	CCSBVarC028939	ENSP00000332973.4:p.Ala168Thr	SMAD3	ENSG00000166949	WWP1
pilot3	CCSBORF11805	1	CCSBORF2177	3AT	3	508A>G	730	NC_000015.10:67165359:A:G	CCSBVarC002944	ENSP00000332973.4:p.Ile170Val	SMAD3	ENSG00000166949	WWP1
pilot3	CCSBORF11805	1	CCSBORF2177	3AT	3	590A>T	254	NC_000015.10:67166835:A:T	CCSBVarC001756	ENSP00000332973.4:p.Asn197Ile	SMAD3	ENSG00000166949	WWP1
pilot3	CCSBORF11805	1	CCSBORF2177	3AT	3	613C>T	393	NC_000015.10:67170558:C:T	CCSBVarC028942	ENSP00000332973.4:p.Pro205Ser	SMAD3	ENSG00000166949	WWP1
pilot3	CCSBORF11805	1	CCSBORF2177	3AT	3	730G>A	553	NC_000015.10:67181311:G:A	CCSBVarC028954	ENSP00000332973.4:p.Val244Ile	SMAD3	ENSG00000166949	WWP1
pilot3	CCSBORF11805	1	CCSBORF2177	3AT	3	785A>T	1191	NC_000015.10:67181366:A:T	CCSBVarC028962	ENSP00000332973.4:p.Asp262Val	SMAD3	ENSG00000166949	WWP1
pilot3	CCSBORF11805	1	CCSBORF2177	3AT	3	848T>A	774	NC_000015.10:67181429:T:A	CCSBVarC028965	ENSP00000332973.4:p.Val283Glu	SMAD3	ENSG00000166949	WWP1
pilot3	CCSBORF11805	1	CCSBORF2177	3AT	3	851A>G	200	NC_000015.10:67181432:A:G	CCSBVarC028968	ENSP00000332973.4:p.Glu284Gly	SMAD3	ENSG00000166949	WWP1
pilot3	CCSBORF11805	1	CCSBORF0	3AT	3	REF	177	NULL	NULL	NULL	SMAD3	ENSG00000166949	empty_AD
pilot3	CCSBORF11805	1	CCSBORF0	3AT	3	1094A>T	76	NC_000015.10:67187448:A:T	CCSBVarC028977	ENSP00000332973.4:p.Gln365Leu	SMAD3	ENSG00000166949	empty_AD
pilot3	CCSBORF11805	1	CCSBORF0	3AT	3	1186A>G	28	NC_000015.10:67190443:A:G	CCSBVarC028980	ENSP00000332973.4:p.Ile396Val	SMAD3	ENSG00000166949	empty_AD
pilot3	CCSBORF11805	1	CCSBORF0	3AT	3	1268G>A	81	NC_000015.10:67190525:G:A	CCSBVarC028988	ENSP00000332973.4:p.Ser423Asn	SMAD3	ENSG00000166949	empty_AD
pilot3	CCSBORF11805	1	CCSBORF0	3AT	3	179T>C	19	NC_000015.10:67066332:T:C	CCSBVarC028917	ENSP00000332973.4:p.Val60Ala	SMAD3	ENSG00000166949	empty_AD
pilot3	CCSBORF11805	1	CCSBORF0	3AT	3	209C>A	45	NC_000015.10:67164896:C:A	CCSBVarC028919	ENSP00000332973.4:p.Ser70Tyr	SMAD3	ENSG00000166949	empty_AD
pilot3	CCSBORF11805	1	CCSBORF0	3AT	3	220C>T	56	NC_000015.10:67164907:C:T	CCSBVarC028921	ENSP00000332973.4:p.Arg74Trp	SMAD3	ENSG00000166949	empty_AD
pilot3	CCSBORF11805	1	CCSBORF0	3AT	3	28C>G	31	NC_000015.10:67066181:C:G	CCSBVarC028915	ENSP00000332973.4:p.Pro10Ala	SMAD3	ENSG00000166949	empty_AD
pilot3	CCSBORF11805	1	CCSBORF0	3AT	3	316A>G	28	NC_000015.10:67165003:A:G	CCSBVarC028936	ENSP00000332973.4:p.Met106Val	SMAD3	ENSG00000166949	empty_AD
pilot3	CCSBORF11805	1	CCSBORF0	3AT	3	502G>A	97	NC_000015.10:67165353:G:A	CCSBVarC028939	ENSP00000332973.4:p.Ala168Thr	SMAD3	ENSG00000166949	empty_AD
pilot3	CCSBORF11805	1	CCSBORF0	3AT	3	508A>G	81	NC_000015.10:67165359:A:G	CCSBVarC002944	ENSP00000332973.4:p.Ile170Val	SMAD3	ENSG00000166949	empty_AD
pilot3	CCSBORF11805	1	CCSBORF0	3AT	3	590A>T	44	NC_000015.10:67166835:A:T	CCSBVarC001756	ENSP00000332973.4:p.Asn197Ile	SMAD3	ENSG00000166949	empty_AD
pilot3	CCSBORF11805	1	CCSBORF0	3AT	3	613C>T	35	NC_000015.10:67170558:C:T	CCSBVarC028942	ENSP00000332973.4:p.Pro205Ser	SMAD3	ENSG00000166949	empty_AD
pilot3	CCSBORF11805	1	CCSBORF0	3AT	3	730G>A	49	NC_000015.10:67181311:G:A	CCSBVarC028954	ENSP00000332973.4:p.Val244Ile	SMAD3	ENSG00000166949	empty_AD
pilot3	CCSBORF11805	1	CCSBORF0	3AT	3	785A>T	9561	NC_000015.10:67181366:A:T	CCSBVarC028962	ENSP00000332973.4:p.Asp262Val	SMAD3	ENSG00000166949	empty_AD
pilot3	CCSBORF11805	1	CCSBORF0	3AT	3	848T>A	173	NC_000015.10:67181429:T:A	CCSBVarC028965	ENSP00000332973.4:p.Val283Glu	SMAD3	ENSG00000166949	empty_AD
pilot3	CCSBORF11805	1	CCSBORF0	3AT	3	851A>G	3	NC_000015.10:67181432:A:G	CCSBVarC028968	ENSP00000332973.4:p.Glu284Gly	SMAD3	ENSG00000166949	empty_AD
pilot3	CCSBORF11100	1	CCSBORF10352	3AT	3	REF	1825	NULL	NULL	NULL	SIAH1	ENSG00000196470	BAG4
pilot3	CCSBORF11100	1	CCSBORF10352	3AT	3	242C>T	3724	NC_000016.10:48362279:G:A	CCSBVarC027171	ENSP00000349156.3:p.Pro81Leu	SIAH1	ENSG00000196470	BAG4
pilot3	CCSBORF11100	1	CCSBORF10352	3AT	3	319C>T	4357	NC_000016.10:48362202:G:A	CCSBVarC027174	ENSP00000349156.3:p.Arg107Trp	SIAH1	ENSG00000196470	BAG4
pilot3	CCSBORF11100	1	CCSBORF10352	3AT	3	548A>G	83	NC_000016.10:48361973:T:C	CCSBVarC027179	ENSP00000349156.3:p.His183Arg	SIAH1	ENSG00000196470	BAG4
pilot3	CCSBORF11100	1	CCSBORF10352	3AT	3	577G>A	4001	NC_000016.10:48361944:C:T	CCSBVarC027181	ENSP00000349156.3:p.Asp193Asn	SIAH1	ENSG00000196470	BAG4
pilot3	CCSBORF11100	1	CCSBORF10352	3AT	3	595A>G	529	NC_000016.10:48361926:T:C	CCSBVarC027183	ENSP00000349156.3:p.Thr199Ala	SIAH1	ENSG00000196470	BAG4
pilot3	CCSBORF11100	1	CCSBORF10352	3AT	3	613G>C	6445	NC_000016.10:48361908:C:G	CCSBVarC027185	ENSP00000349156.3:p.Gly205Arg	SIAH1	ENSG00000196470	BAG4
pilot3	CCSBORF11100	1	CCSBORF56508	3AT	3	REF	126	NULL	NULL	NULL	SIAH1	ENSG00000196470	PRR20A
pilot3	CCSBORF11100	1	CCSBORF56508	3AT	3	242C>T	10172	NC_000016.10:48362279:G:A	CCSBVarC027171	ENSP00000349156.3:p.Pro81Leu	SIAH1	ENSG00000196470	PRR20A
pilot3	CCSBORF11100	1	CCSBORF56508	3AT	3	319C>T	150	NC_000016.10:48362202:G:A	CCSBVarC027174	ENSP00000349156.3:p.Arg107Trp	SIAH1	ENSG00000196470	PRR20A
pilot3	CCSBORF11100	1	CCSBORF56508	3AT	3	548A>G	1	NC_000016.10:48361973:T:C	CCSBVarC027179	ENSP00000349156.3:p.His183Arg	SIAH1	ENSG00000196470	PRR20A
pilot3	CCSBORF11100	1	CCSBORF56508	3AT	3	577G>A	1	NC_000016.10:48361944:C:T	CCSBVarC027181	ENSP00000349156.3:p.Asp193Asn	SIAH1	ENSG00000196470	PRR20A
pilot3	CCSBORF11100	1	CCSBORF56508	3AT	3	595A>G	108	NC_000016.10:48361926:T:C	CCSBVarC027183	ENSP00000349156.3:p.Thr199Ala	SIAH1	ENSG00000196470	PRR20A
pilot3	CCSBORF11100	1	CCSBORF56508	3AT	3	613G>C	24	NC_000016.10:48361908:C:G	CCSBVarC027185	ENSP00000349156.3:p.Gly205Arg	SIAH1	ENSG00000196470	PRR20A
pilot3	CCSBORF11100	1	CCSBORF0	3AT	3	REF	0	NULL	NULL	NULL	SIAH1	ENSG00000196470	empty_AD
pilot3	CCSBORF11100	1	CCSBORF0	3AT	3	242C>T	0	NC_000016.10:48362279:G:A	CCSBVarC027171	ENSP00000349156.3:p.Pro81Leu	SIAH1	ENSG00000196470	empty_AD
pilot3	CCSBORF11100	1	CCSBORF0	3AT	3	319C>T	0	NC_000016.10:48362202:G:A	CCSBVarC027174	ENSP00000349156.3:p.Arg107Trp	SIAH1	ENSG00000196470	empty_AD
pilot3	CCSBORF11100	1	CCSBORF0	3AT	3	548A>G	0	NC_000016.10:48361973:T:C	CCSBVarC027179	ENSP00000349156.3:p.His183Arg	SIAH1	ENSG00000196470	empty_AD
pilot3	CCSBORF11100	1	CCSBORF0	3AT	3	577G>A	0	NC_000016.10:48361944:C:T	CCSBVarC027181	ENSP00000349156.3:p.Asp193Asn	SIAH1	ENSG00000196470	empty_AD
pilot3	CCSBORF11100	1	CCSBORF0	3AT	3	595A>G	0	NC_000016.10:48361926:T:C	CCSBVarC027183	ENSP00000349156.3:p.Thr199Ala	SIAH1	ENSG00000196470	empty_AD
pilot3	CCSBORF11100	1	CCSBORF0	3AT	3	613G>C	0	NC_000016.10:48361908:C:G	CCSBVarC027185	ENSP00000349156.3:p.Gly205Arg	SIAH1	ENSG00000196470	empty_AD
pilot3	CCSBORF4706	1	CCSBORF12435	3AT	3	REF	254	NULL	NULL	NULL	HNRNPK	ENSG00000165119	ABI1
pilot3	CCSBORF4706	1	CCSBORF12435	3AT	3	1109A>G	37	NC_000009.12:83970818:T:C	CCSBVarC021699	ENSP00000365439.3:p.Asp370Gly	HNRNPK	ENSG00000165119	ABI1
pilot3	CCSBORF4706	1	CCSBORF12435	3AT	3	1240C>T	1	NC_000009.12:83970282:G:A	CCSBVarC021705	ENSP00000365439.3:p.Arg414Cys	HNRNPK	ENSG00000165119	ABI1
pilot3	CCSBORF4706	1	CCSBORF12435	3AT	3	1282G>A	26	NC_000009.12:83970240:C:T	CCSBVarC021708	ENSP00000365439.3:p.Glu428Lys	HNRNPK	ENSG00000165119	ABI1
pilot3	CCSBORF4706	1	CCSBORF12435	3AT	3	137G>T	185	NC_000009.12:83977707:C:A	CCSBVarC021621	ENSP00000365439.3:p.Arg46Leu	HNRNPK	ENSG00000165119	ABI1
pilot3	CCSBORF4706	1	CCSBORF12435	3AT	3	203T>G	1661	NC_000009.12:83977004:A:C	CCSBVarC021624	ENSP00000365439.3:p.Leu68Arg	HNRNPK	ENSG00000165119	ABI1
pilot3	CCSBORF4706	1	CCSBORF12435	3AT	3	248G>A	878	NC_000009.12:83975470:C:T	CCSBVarC021637	ENSP00000365439.3:p.Gly83Asp	HNRNPK	ENSG00000165119	ABI1
pilot3	CCSBORF4706	1	CCSBORF12435	3AT	3	253G>A	890	NC_000009.12:83975465:C:T	CCSBVarC021659	ENSP00000365439.3:p.Glu85Lys	HNRNPK	ENSG00000165119	ABI1
pilot3	CCSBORF4706	1	CCSBORF12435	3AT	3	257G>A	297	NC_000009.12:83975461:C:T	CCSBVarC021671	ENSP00000365439.3:p.Arg86His	HNRNPK	ENSG00000165119	ABI1
pilot3	CCSBORF4706	1	CCSBORF12435	3AT	3	464T>C	1553	NC_000009.12:83973337:A:G	CCSBVarC021678	ENSP00000365439.3:p.Leu155Pro	HNRNPK	ENSG00000165119	ABI1
pilot3	CCSBORF4706	1	CCSBORF12435	3AT	3	566C>T	749	NC_000009.12:83972922:G:A	CCSBVarC021681	ENSP00000365439.3:p.Thr189Ile	HNRNPK	ENSG00000165119	ABI1
pilot3	CCSBORF4706	1	CCSBORF12435	3AT	3	575T>G	180	NC_000009.12:83972913:A:C	CCSBVarC021689	ENSP00000365439.3:p.Val192Gly	HNRNPK	ENSG00000165119	ABI1
pilot3	CCSBORF4706	1	CCSBORF12435	3AT	3	65G>A	11	NC_000009.12:83977779:C:T	CCSBVarC021617	ENSP00000365439.3:p.Arg22His	HNRNPK	ENSG00000165119	ABI1
pilot3	CCSBORF4706	1	CCSBORF12435	3AT	3	792G>A	0	NC_000009.12:83972042:C:T	CCSBVarC021692	ENSP00000365439.3:p.Met264Ile	HNRNPK	ENSG00000165119	ABI1
pilot3	CCSBORF4706	1	CCSBORF7439	3AT	3	REF	400	NULL	NULL	NULL	HNRNPK	ENSG00000165119	ABI2
pilot3	CCSBORF4706	1	CCSBORF7439	3AT	3	1109A>G	95	NC_000009.12:83970818:T:C	CCSBVarC021699	ENSP00000365439.3:p.Asp370Gly	HNRNPK	ENSG00000165119	ABI2
pilot3	CCSBORF4706	1	CCSBORF7439	3AT	3	1240C>T	26	NC_000009.12:83970282:G:A	CCSBVarC021705	ENSP00000365439.3:p.Arg414Cys	HNRNPK	ENSG00000165119	ABI2
pilot3	CCSBORF4706	1	CCSBORF7439	3AT	3	1282G>A	46	NC_000009.12:83970240:C:T	CCSBVarC021708	ENSP00000365439.3:p.Glu428Lys	HNRNPK	ENSG00000165119	ABI2
pilot3	CCSBORF4706	1	CCSBORF7439	3AT	3	137G>T	241	NC_000009.12:83977707:C:A	CCSBVarC021621	ENSP00000365439.3:p.Arg46Leu	HNRNPK	ENSG00000165119	ABI2
pilot3	CCSBORF4706	1	CCSBORF7439	3AT	3	203T>G	2175	NC_000009.12:83977004:A:C	CCSBVarC021624	ENSP00000365439.3:p.Leu68Arg	HNRNPK	ENSG00000165119	ABI2
pilot3	CCSBORF4706	1	CCSBORF7439	3AT	3	248G>A	749	NC_000009.12:83975470:C:T	CCSBVarC021637	ENSP00000365439.3:p.Gly83Asp	HNRNPK	ENSG00000165119	ABI2
pilot3	CCSBORF4706	1	CCSBORF7439	3AT	3	253G>A	585	NC_000009.12:83975465:C:T	CCSBVarC021659	ENSP00000365439.3:p.Glu85Lys	HNRNPK	ENSG00000165119	ABI2
pilot3	CCSBORF4706	1	CCSBORF7439	3AT	3	257G>A	579	NC_000009.12:83975461:C:T	CCSBVarC021671	ENSP00000365439.3:p.Arg86His	HNRNPK	ENSG00000165119	ABI2
pilot3	CCSBORF4706	1	CCSBORF7439	3AT	3	464T>C	2181	NC_000009.12:83973337:A:G	CCSBVarC021678	ENSP00000365439.3:p.Leu155Pro	HNRNPK	ENSG00000165119	ABI2
pilot3	CCSBORF4706	1	CCSBORF7439	3AT	3	566C>T	550	NC_000009.12:83972922:G:A	CCSBVarC021681	ENSP00000365439.3:p.Thr189Ile	HNRNPK	ENSG00000165119	ABI2
pilot3	CCSBORF4706	1	CCSBORF7439	3AT	3	575T>G	118	NC_000009.12:83972913:A:C	CCSBVarC021689	ENSP00000365439.3:p.Val192Gly	HNRNPK	ENSG00000165119	ABI2
pilot3	CCSBORF4706	1	CCSBORF7439	3AT	3	65G>A	40	NC_000009.12:83977779:C:T	CCSBVarC021617	ENSP00000365439.3:p.Arg22His	HNRNPK	ENSG00000165119	ABI2
pilot3	CCSBORF4706	1	CCSBORF7439	3AT	3	792G>A	3	NC_000009.12:83972042:C:T	CCSBVarC021692	ENSP00000365439.3:p.Met264Ile	HNRNPK	ENSG00000165119	ABI2
pilot3	CCSBORF4706	1	CCSBORF53886	3AT	3	REF	1489	NULL	NULL	NULL	HNRNPK	ENSG00000165119	TLE5
pilot3	CCSBORF4706	1	CCSBORF53886	3AT	3	1109A>G	181	NC_000009.12:83970818:T:C	CCSBVarC021699	ENSP00000365439.3:p.Asp370Gly	HNRNPK	ENSG00000165119	TLE5
pilot3	CCSBORF4706	1	CCSBORF53886	3AT	3	1240C>T	83	NC_000009.12:83970282:G:A	CCSBVarC021705	ENSP00000365439.3:p.Arg414Cys	HNRNPK	ENSG00000165119	TLE5
pilot3	CCSBORF4706	1	CCSBORF53886	3AT	3	1282G>A	96	NC_000009.12:83970240:C:T	CCSBVarC021708	ENSP00000365439.3:p.Glu428Lys	HNRNPK	ENSG00000165119	TLE5
pilot3	CCSBORF4706	1	CCSBORF53886	3AT	3	137G>T	890	NC_000009.12:83977707:C:A	CCSBVarC021621	ENSP00000365439.3:p.Arg46Leu	HNRNPK	ENSG00000165119	TLE5
pilot3	CCSBORF4706	1	CCSBORF53886	3AT	3	203T>G	3299	NC_000009.12:83977004:A:C	CCSBVarC021624	ENSP00000365439.3:p.Leu68Arg	HNRNPK	ENSG00000165119	TLE5
pilot3	CCSBORF4706	1	CCSBORF53886	3AT	3	248G>A	915	NC_000009.12:83975470:C:T	CCSBVarC021637	ENSP00000365439.3:p.Gly83Asp	HNRNPK	ENSG00000165119	TLE5
pilot3	CCSBORF4706	1	CCSBORF53886	3AT	3	253G>A	299	NC_000009.12:83975465:C:T	CCSBVarC021659	ENSP00000365439.3:p.Glu85Lys	HNRNPK	ENSG00000165119	TLE5
pilot3	CCSBORF4706	1	CCSBORF53886	3AT	3	257G>A	817	NC_000009.12:83975461:C:T	CCSBVarC021671	ENSP00000365439.3:p.Arg86His	HNRNPK	ENSG00000165119	TLE5
pilot3	CCSBORF4706	1	CCSBORF53886	3AT	3	464T>C	7271	NC_000009.12:83973337:A:G	CCSBVarC021678	ENSP00000365439.3:p.Leu155Pro	HNRNPK	ENSG00000165119	TLE5
pilot3	CCSBORF4706	1	CCSBORF53886	3AT	3	566C>T	1127	NC_000009.12:83972922:G:A	CCSBVarC021681	ENSP00000365439.3:p.Thr189Ile	HNRNPK	ENSG00000165119	TLE5
pilot3	CCSBORF4706	1	CCSBORF53886	3AT	3	575T>G	30	NC_000009.12:83972913:A:C	CCSBVarC021689	ENSP00000365439.3:p.Val192Gly	HNRNPK	ENSG00000165119	TLE5
pilot3	CCSBORF4706	1	CCSBORF53886	3AT	3	65G>A	58	NC_000009.12:83977779:C:T	CCSBVarC021617	ENSP00000365439.3:p.Arg22His	HNRNPK	ENSG00000165119	TLE5
pilot3	CCSBORF4706	1	CCSBORF53886	3AT	3	792G>A	69	NC_000009.12:83972042:C:T	CCSBVarC021692	ENSP00000365439.3:p.Met264Ile	HNRNPK	ENSG00000165119	TLE5
pilot3	CCSBORF4706	1	CCSBORF8359	3AT	3	REF	870	NULL	NULL	NULL	HNRNPK	ENSG00000165119	CCDC33
pilot3	CCSBORF4706	1	CCSBORF8359	3AT	3	1109A>G	385	NC_000009.12:83970818:T:C	CCSBVarC021699	ENSP00000365439.3:p.Asp370Gly	HNRNPK	ENSG00000165119	CCDC33
pilot3	CCSBORF4706	1	CCSBORF8359	3AT	3	1240C>T	133	NC_000009.12:83970282:G:A	CCSBVarC021705	ENSP00000365439.3:p.Arg414Cys	HNRNPK	ENSG00000165119	CCDC33
pilot3	CCSBORF4706	1	CCSBORF8359	3AT	3	1282G>A	126	NC_000009.12:83970240:C:T	CCSBVarC021708	ENSP00000365439.3:p.Glu428Lys	HNRNPK	ENSG00000165119	CCDC33
pilot3	CCSBORF4706	1	CCSBORF8359	3AT	3	137G>T	957	NC_000009.12:83977707:C:A	CCSBVarC021621	ENSP00000365439.3:p.Arg46Leu	HNRNPK	ENSG00000165119	CCDC33
pilot3	CCSBORF4706	1	CCSBORF8359	3AT	3	203T>G	4040	NC_000009.12:83977004:A:C	CCSBVarC021624	ENSP00000365439.3:p.Leu68Arg	HNRNPK	ENSG00000165119	CCDC33
pilot3	CCSBORF4706	1	CCSBORF8359	3AT	3	248G>A	1154	NC_000009.12:83975470:C:T	CCSBVarC021637	ENSP00000365439.3:p.Gly83Asp	HNRNPK	ENSG00000165119	CCDC33
pilot3	CCSBORF4706	1	CCSBORF8359	3AT	3	253G>A	723	NC_000009.12:83975465:C:T	CCSBVarC021659	ENSP00000365439.3:p.Glu85Lys	HNRNPK	ENSG00000165119	CCDC33
pilot3	CCSBORF4706	1	CCSBORF8359	3AT	3	257G>A	1555	NC_000009.12:83975461:C:T	CCSBVarC021671	ENSP00000365439.3:p.Arg86His	HNRNPK	ENSG00000165119	CCDC33
pilot3	CCSBORF4706	1	CCSBORF8359	3AT	3	464T>C	3578	NC_000009.12:83973337:A:G	CCSBVarC021678	ENSP00000365439.3:p.Leu155Pro	HNRNPK	ENSG00000165119	CCDC33
pilot3	CCSBORF4706	1	CCSBORF8359	3AT	3	566C>T	415	NC_000009.12:83972922:G:A	CCSBVarC021681	ENSP00000365439.3:p.Thr189Ile	HNRNPK	ENSG00000165119	CCDC33
pilot3	CCSBORF4706	1	CCSBORF8359	3AT	3	575T>G	72	NC_000009.12:83972913:A:C	CCSBVarC021689	ENSP00000365439.3:p.Val192Gly	HNRNPK	ENSG00000165119	CCDC33
pilot3	CCSBORF4706	1	CCSBORF8359	3AT	3	65G>A	14	NC_000009.12:83977779:C:T	CCSBVarC021617	ENSP00000365439.3:p.Arg22His	HNRNPK	ENSG00000165119	CCDC33
pilot3	CCSBORF4706	1	CCSBORF8359	3AT	3	792G>A	41	NC_000009.12:83972042:C:T	CCSBVarC021692	ENSP00000365439.3:p.Met264Ile	HNRNPK	ENSG00000165119	CCDC33
pilot3	CCSBORF4706	1	CCSBORF4706	3AT	3	REF	494	NULL	NULL	NULL	HNRNPK	ENSG00000165119	HNRNPK
pilot3	CCSBORF4706	1	CCSBORF4706	3AT	3	1109A>G	49	NC_000009.12:83970818:T:C	CCSBVarC021699	ENSP00000365439.3:p.Asp370Gly	HNRNPK	ENSG00000165119	HNRNPK
pilot3	CCSBORF4706	1	CCSBORF4706	3AT	3	1240C>T	23	NC_000009.12:83970282:G:A	CCSBVarC021705	ENSP00000365439.3:p.Arg414Cys	HNRNPK	ENSG00000165119	HNRNPK
pilot3	CCSBORF4706	1	CCSBORF4706	3AT	3	1282G>A	35	NC_000009.12:83970240:C:T	CCSBVarC021708	ENSP00000365439.3:p.Glu428Lys	HNRNPK	ENSG00000165119	HNRNPK
pilot3	CCSBORF4706	1	CCSBORF4706	3AT	3	137G>T	186	NC_000009.12:83977707:C:A	CCSBVarC021621	ENSP00000365439.3:p.Arg46Leu	HNRNPK	ENSG00000165119	HNRNPK
pilot3	CCSBORF4706	1	CCSBORF4706	3AT	3	203T>G	1068	NC_000009.12:83977004:A:C	CCSBVarC021624	ENSP00000365439.3:p.Leu68Arg	HNRNPK	ENSG00000165119	HNRNPK
pilot3	CCSBORF4706	1	CCSBORF4706	3AT	3	248G>A	313	NC_000009.12:83975470:C:T	CCSBVarC021637	ENSP00000365439.3:p.Gly83Asp	HNRNPK	ENSG00000165119	HNRNPK
pilot3	CCSBORF4706	1	CCSBORF4706	3AT	3	253G>A	607	NC_000009.12:83975465:C:T	CCSBVarC021659	ENSP00000365439.3:p.Glu85Lys	HNRNPK	ENSG00000165119	HNRNPK
pilot3	CCSBORF4706	1	CCSBORF4706	3AT	3	257G>A	234	NC_000009.12:83975461:C:T	CCSBVarC021671	ENSP00000365439.3:p.Arg86His	HNRNPK	ENSG00000165119	HNRNPK
pilot3	CCSBORF4706	1	CCSBORF4706	3AT	3	464T>C	5564	NC_000009.12:83973337:A:G	CCSBVarC021678	ENSP00000365439.3:p.Leu155Pro	HNRNPK	ENSG00000165119	HNRNPK
pilot3	CCSBORF4706	1	CCSBORF4706	3AT	3	566C>T	306	NC_000009.12:83972922:G:A	CCSBVarC021681	ENSP00000365439.3:p.Thr189Ile	HNRNPK	ENSG00000165119	HNRNPK
pilot3	CCSBORF4706	1	CCSBORF4706	3AT	3	575T>G	371	NC_000009.12:83972913:A:C	CCSBVarC021689	ENSP00000365439.3:p.Val192Gly	HNRNPK	ENSG00000165119	HNRNPK
pilot3	CCSBORF4706	1	CCSBORF4706	3AT	3	65G>A	47	NC_000009.12:83977779:C:T	CCSBVarC021617	ENSP00000365439.3:p.Arg22His	HNRNPK	ENSG00000165119	HNRNPK
pilot3	CCSBORF4706	1	CCSBORF4706	3AT	3	792G>A	22	NC_000009.12:83972042:C:T	CCSBVarC021692	ENSP00000365439.3:p.Met264Ile	HNRNPK	ENSG00000165119	HNRNPK
pilot3	CCSBORF4706	1	CCSBORF54965	3AT	3	REF	574	NULL	NULL	NULL	HNRNPK	ENSG00000165119	KCTD8
pilot3	CCSBORF4706	1	CCSBORF54965	3AT	3	1109A>G	113	NC_000009.12:83970818:T:C	CCSBVarC021699	ENSP00000365439.3:p.Asp370Gly	HNRNPK	ENSG00000165119	KCTD8
pilot3	CCSBORF4706	1	CCSBORF54965	3AT	3	1240C>T	2	NC_000009.12:83970282:G:A	CCSBVarC021705	ENSP00000365439.3:p.Arg414Cys	HNRNPK	ENSG00000165119	KCTD8
pilot3	CCSBORF4706	1	CCSBORF54965	3AT	3	1282G>A	9	NC_000009.12:83970240:C:T	CCSBVarC021708	ENSP00000365439.3:p.Glu428Lys	HNRNPK	ENSG00000165119	KCTD8
pilot3	CCSBORF4706	1	CCSBORF54965	3AT	3	137G>T	1583	NC_000009.12:83977707:C:A	CCSBVarC021621	ENSP00000365439.3:p.Arg46Leu	HNRNPK	ENSG00000165119	KCTD8
pilot3	CCSBORF4706	1	CCSBORF54965	3AT	3	203T>G	4959	NC_000009.12:83977004:A:C	CCSBVarC021624	ENSP00000365439.3:p.Leu68Arg	HNRNPK	ENSG00000165119	KCTD8
pilot3	CCSBORF4706	1	CCSBORF54965	3AT	3	248G>A	926	NC_000009.12:83975470:C:T	CCSBVarC021637	ENSP00000365439.3:p.Gly83Asp	HNRNPK	ENSG00000165119	KCTD8
pilot3	CCSBORF4706	1	CCSBORF54965	3AT	3	253G>A	767	NC_000009.12:83975465:C:T	CCSBVarC021659	ENSP00000365439.3:p.Glu85Lys	HNRNPK	ENSG00000165119	KCTD8
pilot3	CCSBORF4706	1	CCSBORF54965	3AT	3	257G>A	11	NC_000009.12:83975461:C:T	CCSBVarC021671	ENSP00000365439.3:p.Arg86His	HNRNPK	ENSG00000165119	KCTD8
pilot3	CCSBORF4706	1	CCSBORF54965	3AT	3	464T>C	3467	NC_000009.12:83973337:A:G	CCSBVarC021678	ENSP00000365439.3:p.Leu155Pro	HNRNPK	ENSG00000165119	KCTD8
pilot3	CCSBORF4706	1	CCSBORF54965	3AT	3	566C>T	222	NC_000009.12:83972922:G:A	CCSBVarC021681	ENSP00000365439.3:p.Thr189Ile	HNRNPK	ENSG00000165119	KCTD8
pilot3	CCSBORF4706	1	CCSBORF54965	3AT	3	575T>G	236	NC_000009.12:83972913:A:C	CCSBVarC021689	ENSP00000365439.3:p.Val192Gly	HNRNPK	ENSG00000165119	KCTD8
pilot3	CCSBORF4706	1	CCSBORF54965	3AT	3	65G>A	0	NC_000009.12:83977779:C:T	CCSBVarC021617	ENSP00000365439.3:p.Arg22His	HNRNPK	ENSG00000165119	KCTD8
pilot3	CCSBORF4706	1	CCSBORF54965	3AT	3	792G>A	70	NC_000009.12:83972042:C:T	CCSBVarC021692	ENSP00000365439.3:p.Met264Ile	HNRNPK	ENSG00000165119	KCTD8
pilot3	CCSBORF4706	1	CCSBORF10061	3AT	3	REF	483	NULL	NULL	NULL	HNRNPK	ENSG00000165119	KHDRBS3
pilot3	CCSBORF4706	1	CCSBORF10061	3AT	3	1109A>G	47	NC_000009.12:83970818:T:C	CCSBVarC021699	ENSP00000365439.3:p.Asp370Gly	HNRNPK	ENSG00000165119	KHDRBS3
pilot3	CCSBORF4706	1	CCSBORF10061	3AT	3	1240C>T	15	NC_000009.12:83970282:G:A	CCSBVarC021705	ENSP00000365439.3:p.Arg414Cys	HNRNPK	ENSG00000165119	KHDRBS3
pilot3	CCSBORF4706	1	CCSBORF10061	3AT	3	1282G>A	31	NC_000009.12:83970240:C:T	CCSBVarC021708	ENSP00000365439.3:p.Glu428Lys	HNRNPK	ENSG00000165119	KHDRBS3
pilot3	CCSBORF4706	1	CCSBORF10061	3AT	3	137G>T	122	NC_000009.12:83977707:C:A	CCSBVarC021621	ENSP00000365439.3:p.Arg46Leu	HNRNPK	ENSG00000165119	KHDRBS3
pilot3	CCSBORF4706	1	CCSBORF10061	3AT	3	203T>G	2114	NC_000009.12:83977004:A:C	CCSBVarC021624	ENSP00000365439.3:p.Leu68Arg	HNRNPK	ENSG00000165119	KHDRBS3
pilot3	CCSBORF4706	1	CCSBORF10061	3AT	3	248G>A	351	NC_000009.12:83975470:C:T	CCSBVarC021637	ENSP00000365439.3:p.Gly83Asp	HNRNPK	ENSG00000165119	KHDRBS3
pilot3	CCSBORF4706	1	CCSBORF10061	3AT	3	253G>A	1144	NC_000009.12:83975465:C:T	CCSBVarC021659	ENSP00000365439.3:p.Glu85Lys	HNRNPK	ENSG00000165119	KHDRBS3
pilot3	CCSBORF4706	1	CCSBORF10061	3AT	3	257G>A	234	NC_000009.12:83975461:C:T	CCSBVarC021671	ENSP00000365439.3:p.Arg86His	HNRNPK	ENSG00000165119	KHDRBS3
pilot3	CCSBORF4706	1	CCSBORF10061	3AT	3	464T>C	2781	NC_000009.12:83973337:A:G	CCSBVarC021678	ENSP00000365439.3:p.Leu155Pro	HNRNPK	ENSG00000165119	KHDRBS3
pilot3	CCSBORF4706	1	CCSBORF10061	3AT	3	566C>T	302	NC_000009.12:83972922:G:A	CCSBVarC021681	ENSP00000365439.3:p.Thr189Ile	HNRNPK	ENSG00000165119	KHDRBS3
pilot3	CCSBORF4706	1	CCSBORF10061	3AT	3	575T>G	198	NC_000009.12:83972913:A:C	CCSBVarC021689	ENSP00000365439.3:p.Val192Gly	HNRNPK	ENSG00000165119	KHDRBS3
pilot3	CCSBORF4706	1	CCSBORF10061	3AT	3	65G>A	82	NC_000009.12:83977779:C:T	CCSBVarC021617	ENSP00000365439.3:p.Arg22His	HNRNPK	ENSG00000165119	KHDRBS3
pilot3	CCSBORF4706	1	CCSBORF10061	3AT	3	792G>A	5	NC_000009.12:83972042:C:T	CCSBVarC021692	ENSP00000365439.3:p.Met264Ile	HNRNPK	ENSG00000165119	KHDRBS3
pilot3	CCSBORF4706	1	CCSBORF80385	3AT	3	REF	608	NULL	NULL	NULL	HNRNPK	ENSG00000165119	KLF1
pilot3	CCSBORF4706	1	CCSBORF80385	3AT	3	1109A>G	245	NC_000009.12:83970818:T:C	CCSBVarC021699	ENSP00000365439.3:p.Asp370Gly	HNRNPK	ENSG00000165119	KLF1
pilot3	CCSBORF4706	1	CCSBORF80385	3AT	3	1240C>T	76	NC_000009.12:83970282:G:A	CCSBVarC021705	ENSP00000365439.3:p.Arg414Cys	HNRNPK	ENSG00000165119	KLF1
pilot3	CCSBORF4706	1	CCSBORF80385	3AT	3	1282G>A	119	NC_000009.12:83970240:C:T	CCSBVarC021708	ENSP00000365439.3:p.Glu428Lys	HNRNPK	ENSG00000165119	KLF1
pilot3	CCSBORF4706	1	CCSBORF80385	3AT	3	137G>T	723	NC_000009.12:83977707:C:A	CCSBVarC021621	ENSP00000365439.3:p.Arg46Leu	HNRNPK	ENSG00000165119	KLF1
pilot3	CCSBORF4706	1	CCSBORF80385	3AT	3	203T>G	2130	NC_000009.12:83977004:A:C	CCSBVarC021624	ENSP00000365439.3:p.Leu68Arg	HNRNPK	ENSG00000165119	KLF1
pilot3	CCSBORF4706	1	CCSBORF80385	3AT	3	248G>A	1095	NC_000009.12:83975470:C:T	CCSBVarC021637	ENSP00000365439.3:p.Gly83Asp	HNRNPK	ENSG00000165119	KLF1
pilot3	CCSBORF4706	1	CCSBORF80385	3AT	3	253G>A	1269	NC_000009.12:83975465:C:T	CCSBVarC021659	ENSP00000365439.3:p.Glu85Lys	HNRNPK	ENSG00000165119	KLF1
pilot3	CCSBORF4706	1	CCSBORF80385	3AT	3	257G>A	423	NC_000009.12:83975461:C:T	CCSBVarC021671	ENSP00000365439.3:p.Arg86His	HNRNPK	ENSG00000165119	KLF1
pilot3	CCSBORF4706	1	CCSBORF80385	3AT	3	464T>C	3335	NC_000009.12:83973337:A:G	CCSBVarC021678	ENSP00000365439.3:p.Leu155Pro	HNRNPK	ENSG00000165119	KLF1
pilot3	CCSBORF4706	1	CCSBORF80385	3AT	3	566C>T	1201	NC_000009.12:83972922:G:A	CCSBVarC021681	ENSP00000365439.3:p.Thr189Ile	HNRNPK	ENSG00000165119	KLF1
pilot3	CCSBORF4706	1	CCSBORF80385	3AT	3	575T>G	860	NC_000009.12:83972913:A:C	CCSBVarC021689	ENSP00000365439.3:p.Val192Gly	HNRNPK	ENSG00000165119	KLF1
pilot3	CCSBORF4706	1	CCSBORF80385	3AT	3	65G>A	58	NC_000009.12:83977779:C:T	CCSBVarC021617	ENSP00000365439.3:p.Arg22His	HNRNPK	ENSG00000165119	KLF1
pilot3	CCSBORF4706	1	CCSBORF80385	3AT	3	792G>A	29	NC_000009.12:83972042:C:T	CCSBVarC021692	ENSP00000365439.3:p.Met264Ile	HNRNPK	ENSG00000165119	KLF1
pilot3	CCSBORF4706	1	CCSBORF282	3AT	3	REF	533	NULL	NULL	NULL	HNRNPK	ENSG00000165119	MATR3
pilot3	CCSBORF4706	1	CCSBORF282	3AT	3	1109A>G	137	NC_000009.12:83970818:T:C	CCSBVarC021699	ENSP00000365439.3:p.Asp370Gly	HNRNPK	ENSG00000165119	MATR3
pilot3	CCSBORF4706	1	CCSBORF282	3AT	3	1240C>T	27	NC_000009.12:83970282:G:A	CCSBVarC021705	ENSP00000365439.3:p.Arg414Cys	HNRNPK	ENSG00000165119	MATR3
pilot3	CCSBORF4706	1	CCSBORF282	3AT	3	1282G>A	86	NC_000009.12:83970240:C:T	CCSBVarC021708	ENSP00000365439.3:p.Glu428Lys	HNRNPK	ENSG00000165119	MATR3
pilot3	CCSBORF4706	1	CCSBORF282	3AT	3	137G>T	291	NC_000009.12:83977707:C:A	CCSBVarC021621	ENSP00000365439.3:p.Arg46Leu	HNRNPK	ENSG00000165119	MATR3
pilot3	CCSBORF4706	1	CCSBORF282	3AT	3	203T>G	534	NC_000009.12:83977004:A:C	CCSBVarC021624	ENSP00000365439.3:p.Leu68Arg	HNRNPK	ENSG00000165119	MATR3
pilot3	CCSBORF4706	1	CCSBORF282	3AT	3	248G>A	277	NC_000009.12:83975470:C:T	CCSBVarC021637	ENSP00000365439.3:p.Gly83Asp	HNRNPK	ENSG00000165119	MATR3
pilot3	CCSBORF4706	1	CCSBORF282	3AT	3	253G>A	565	NC_000009.12:83975465:C:T	CCSBVarC021659	ENSP00000365439.3:p.Glu85Lys	HNRNPK	ENSG00000165119	MATR3
pilot3	CCSBORF4706	1	CCSBORF282	3AT	3	257G>A	231	NC_000009.12:83975461:C:T	CCSBVarC021671	ENSP00000365439.3:p.Arg86His	HNRNPK	ENSG00000165119	MATR3
pilot3	CCSBORF4706	1	CCSBORF282	3AT	3	464T>C	1368	NC_000009.12:83973337:A:G	CCSBVarC021678	ENSP00000365439.3:p.Leu155Pro	HNRNPK	ENSG00000165119	MATR3
pilot3	CCSBORF4706	1	CCSBORF282	3AT	3	566C>T	272	NC_000009.12:83972922:G:A	CCSBVarC021681	ENSP00000365439.3:p.Thr189Ile	HNRNPK	ENSG00000165119	MATR3
pilot3	CCSBORF4706	1	CCSBORF282	3AT	3	575T>G	337	NC_000009.12:83972913:A:C	CCSBVarC021689	ENSP00000365439.3:p.Val192Gly	HNRNPK	ENSG00000165119	MATR3
pilot3	CCSBORF4706	1	CCSBORF282	3AT	3	65G>A	135	NC_000009.12:83977779:C:T	CCSBVarC021617	ENSP00000365439.3:p.Arg22His	HNRNPK	ENSG00000165119	MATR3
pilot3	CCSBORF4706	1	CCSBORF282	3AT	3	792G>A	42	NC_000009.12:83972042:C:T	CCSBVarC021692	ENSP00000365439.3:p.Met264Ile	HNRNPK	ENSG00000165119	MATR3
pilot3	CCSBORF4706	1	CCSBORF8168	3AT	3	REF	704	NULL	NULL	NULL	HNRNPK	ENSG00000165119	QKI
pilot3	CCSBORF4706	1	CCSBORF8168	3AT	3	1109A>G	424	NC_000009.12:83970818:T:C	CCSBVarC021699	ENSP00000365439.3:p.Asp370Gly	HNRNPK	ENSG00000165119	QKI
pilot3	CCSBORF4706	1	CCSBORF8168	3AT	3	1240C>T	235	NC_000009.12:83970282:G:A	CCSBVarC021705	ENSP00000365439.3:p.Arg414Cys	HNRNPK	ENSG00000165119	QKI
pilot3	CCSBORF4706	1	CCSBORF8168	3AT	3	1282G>A	159	NC_000009.12:83970240:C:T	CCSBVarC021708	ENSP00000365439.3:p.Glu428Lys	HNRNPK	ENSG00000165119	QKI
pilot3	CCSBORF4706	1	CCSBORF8168	3AT	3	137G>T	652	NC_000009.12:83977707:C:A	CCSBVarC021621	ENSP00000365439.3:p.Arg46Leu	HNRNPK	ENSG00000165119	QKI
pilot3	CCSBORF4706	1	CCSBORF8168	3AT	3	203T>G	1141	NC_000009.12:83977004:A:C	CCSBVarC021624	ENSP00000365439.3:p.Leu68Arg	HNRNPK	ENSG00000165119	QKI
pilot3	CCSBORF4706	1	CCSBORF8168	3AT	3	248G>A	466	NC_000009.12:83975470:C:T	CCSBVarC021637	ENSP00000365439.3:p.Gly83Asp	HNRNPK	ENSG00000165119	QKI
pilot3	CCSBORF4706	1	CCSBORF8168	3AT	3	253G>A	383	NC_000009.12:83975465:C:T	CCSBVarC021659	ENSP00000365439.3:p.Glu85Lys	HNRNPK	ENSG00000165119	QKI
pilot3	CCSBORF4706	1	CCSBORF8168	3AT	3	257G>A	201	NC_000009.12:83975461:C:T	CCSBVarC021671	ENSP00000365439.3:p.Arg86His	HNRNPK	ENSG00000165119	QKI
pilot3	CCSBORF4706	1	CCSBORF8168	3AT	3	464T>C	5786	NC_000009.12:83973337:A:G	CCSBVarC021678	ENSP00000365439.3:p.Leu155Pro	HNRNPK	ENSG00000165119	QKI
pilot3	CCSBORF4706	1	CCSBORF8168	3AT	3	566C>T	710	NC_000009.12:83972922:G:A	CCSBVarC021681	ENSP00000365439.3:p.Thr189Ile	HNRNPK	ENSG00000165119	QKI
pilot3	CCSBORF4706	1	CCSBORF8168	3AT	3	575T>G	486	NC_000009.12:83972913:A:C	CCSBVarC021689	ENSP00000365439.3:p.Val192Gly	HNRNPK	ENSG00000165119	QKI
pilot3	CCSBORF4706	1	CCSBORF8168	3AT	3	65G>A	134	NC_000009.12:83977779:C:T	CCSBVarC021617	ENSP00000365439.3:p.Arg22His	HNRNPK	ENSG00000165119	QKI
pilot3	CCSBORF4706	1	CCSBORF8168	3AT	3	792G>A	57	NC_000009.12:83972042:C:T	CCSBVarC021692	ENSP00000365439.3:p.Met264Ile	HNRNPK	ENSG00000165119	QKI
pilot3	CCSBORF4706	1	CCSBORF9456	3AT	3	REF	75	NULL	NULL	NULL	HNRNPK	ENSG00000165119	RASAL3
pilot3	CCSBORF4706	1	CCSBORF9456	3AT	3	1109A>G	34	NC_000009.12:83970818:T:C	CCSBVarC021699	ENSP00000365439.3:p.Asp370Gly	HNRNPK	ENSG00000165119	RASAL3
pilot3	CCSBORF4706	1	CCSBORF9456	3AT	3	1240C>T	0	NC_000009.12:83970282:G:A	CCSBVarC021705	ENSP00000365439.3:p.Arg414Cys	HNRNPK	ENSG00000165119	RASAL3
pilot3	CCSBORF4706	1	CCSBORF9456	3AT	3	1282G>A	56	NC_000009.12:83970240:C:T	CCSBVarC021708	ENSP00000365439.3:p.Glu428Lys	HNRNPK	ENSG00000165119	RASAL3
pilot3	CCSBORF4706	1	CCSBORF9456	3AT	3	137G>T	98	NC_000009.12:83977707:C:A	CCSBVarC021621	ENSP00000365439.3:p.Arg46Leu	HNRNPK	ENSG00000165119	RASAL3
pilot3	CCSBORF4706	1	CCSBORF9456	3AT	3	203T>G	289	NC_000009.12:83977004:A:C	CCSBVarC021624	ENSP00000365439.3:p.Leu68Arg	HNRNPK	ENSG00000165119	RASAL3
pilot3	CCSBORF4706	1	CCSBORF9456	3AT	3	248G>A	61	NC_000009.12:83975470:C:T	CCSBVarC021637	ENSP00000365439.3:p.Gly83Asp	HNRNPK	ENSG00000165119	RASAL3
pilot3	CCSBORF4706	1	CCSBORF9456	3AT	3	253G>A	117	NC_000009.12:83975465:C:T	CCSBVarC021659	ENSP00000365439.3:p.Glu85Lys	HNRNPK	ENSG00000165119	RASAL3
pilot3	CCSBORF4706	1	CCSBORF9456	3AT	3	257G>A	174	NC_000009.12:83975461:C:T	CCSBVarC021671	ENSP00000365439.3:p.Arg86His	HNRNPK	ENSG00000165119	RASAL3
pilot3	CCSBORF4706	1	CCSBORF9456	3AT	3	464T>C	905	NC_000009.12:83973337:A:G	CCSBVarC021678	ENSP00000365439.3:p.Leu155Pro	HNRNPK	ENSG00000165119	RASAL3
pilot3	CCSBORF4706	1	CCSBORF9456	3AT	3	566C>T	109	NC_000009.12:83972922:G:A	CCSBVarC021681	ENSP00000365439.3:p.Thr189Ile	HNRNPK	ENSG00000165119	RASAL3
pilot3	CCSBORF4706	1	CCSBORF9456	3AT	3	575T>G	174	NC_000009.12:83972913:A:C	CCSBVarC021689	ENSP00000365439.3:p.Val192Gly	HNRNPK	ENSG00000165119	RASAL3
pilot3	CCSBORF4706	1	CCSBORF9456	3AT	3	65G>A	18	NC_000009.12:83977779:C:T	CCSBVarC021617	ENSP00000365439.3:p.Arg22His	HNRNPK	ENSG00000165119	RASAL3
pilot3	CCSBORF4706	1	CCSBORF9456	3AT	3	792G>A	0	NC_000009.12:83972042:C:T	CCSBVarC021692	ENSP00000365439.3:p.Met264Ile	HNRNPK	ENSG00000165119	RASAL3
pilot3	CCSBORF4706	1	CCSBORF4635	3AT	3	REF	348	NULL	NULL	NULL	HNRNPK	ENSG00000165119	RBMX
pilot3	CCSBORF4706	1	CCSBORF4635	3AT	3	1109A>G	206	NC_000009.12:83970818:T:C	CCSBVarC021699	ENSP00000365439.3:p.Asp370Gly	HNRNPK	ENSG00000165119	RBMX
pilot3	CCSBORF4706	1	CCSBORF4635	3AT	3	1240C>T	69	NC_000009.12:83970282:G:A	CCSBVarC021705	ENSP00000365439.3:p.Arg414Cys	HNRNPK	ENSG00000165119	RBMX
pilot3	CCSBORF4706	1	CCSBORF4635	3AT	3	1282G>A	306	NC_000009.12:83970240:C:T	CCSBVarC021708	ENSP00000365439.3:p.Glu428Lys	HNRNPK	ENSG00000165119	RBMX
pilot3	CCSBORF4706	1	CCSBORF4635	3AT	3	137G>T	513	NC_000009.12:83977707:C:A	CCSBVarC021621	ENSP00000365439.3:p.Arg46Leu	HNRNPK	ENSG00000165119	RBMX
pilot3	CCSBORF4706	1	CCSBORF4635	3AT	3	203T>G	991	NC_000009.12:83977004:A:C	CCSBVarC021624	ENSP00000365439.3:p.Leu68Arg	HNRNPK	ENSG00000165119	RBMX
pilot3	CCSBORF4706	1	CCSBORF4635	3AT	3	248G>A	502	NC_000009.12:83975470:C:T	CCSBVarC021637	ENSP00000365439.3:p.Gly83Asp	HNRNPK	ENSG00000165119	RBMX
pilot3	CCSBORF4706	1	CCSBORF4635	3AT	3	253G>A	639	NC_000009.12:83975465:C:T	CCSBVarC021659	ENSP00000365439.3:p.Glu85Lys	HNRNPK	ENSG00000165119	RBMX
pilot3	CCSBORF4706	1	CCSBORF4635	3AT	3	257G>A	450	NC_000009.12:83975461:C:T	CCSBVarC021671	ENSP00000365439.3:p.Arg86His	HNRNPK	ENSG00000165119	RBMX
pilot3	CCSBORF4706	1	CCSBORF4635	3AT	3	464T>C	2134	NC_000009.12:83973337:A:G	CCSBVarC021678	ENSP00000365439.3:p.Leu155Pro	HNRNPK	ENSG00000165119	RBMX
pilot3	CCSBORF4706	1	CCSBORF4635	3AT	3	566C>T	368	NC_000009.12:83972922:G:A	CCSBVarC021681	ENSP00000365439.3:p.Thr189Ile	HNRNPK	ENSG00000165119	RBMX
pilot3	CCSBORF4706	1	CCSBORF4635	3AT	3	575T>G	344	NC_000009.12:83972913:A:C	CCSBVarC021689	ENSP00000365439.3:p.Val192Gly	HNRNPK	ENSG00000165119	RBMX
pilot3	CCSBORF4706	1	CCSBORF4635	3AT	3	65G>A	104	NC_000009.12:83977779:C:T	CCSBVarC021617	ENSP00000365439.3:p.Arg22His	HNRNPK	ENSG00000165119	RBMX
pilot3	CCSBORF4706	1	CCSBORF4635	3AT	3	792G>A	27	NC_000009.12:83972042:C:T	CCSBVarC021692	ENSP00000365439.3:p.Met264Ile	HNRNPK	ENSG00000165119	RBMX
pilot3	CCSBORF6699	1	CCSBORF53886	3AT	3	REF	1502	NULL	NULL	NULL	CSNK2A1	ENSG00000101266	TLE5
pilot3	CCSBORF6699	1	CCSBORF53886	3AT	3	1165G>A	649	NC_000020.11:483971:C:T	CCSBVarC024455	ENSP00000217244.3:p.Ala389Thr	CSNK2A1	ENSG00000101266	TLE5
pilot3	CCSBORF6699	1	CCSBORF53886	3AT	3	1172A>G	69	NC_000020.11:483964:T:C	CCSBVarC024458	ENSP00000217244.3:p.Gln391Arg	CSNK2A1	ENSG00000101266	TLE5
pilot3	CCSBORF6699	1	CCSBORF53886	3AT	3	139C>G	11	NC_000020.11:505191:G:C	CCSBVarC024315	ENSP00000217244.3:p.Arg47Gly	CSNK2A1	ENSG00000101266	TLE5
pilot3	CCSBORF6699	1	CCSBORF53886	3AT	3	143G>A	459	NC_000020.11:505187:C:T	CCSBVarC024322	ENSP00000217244.3:p.Gly48Asp	CSNK2A1	ENSG00000101266	TLE5
pilot3	CCSBORF6699	1	CCSBORF53886	3AT	3	149A>C	139	NC_000020.11:505181:T:G	CCSBVarC024324	ENSP00000217244.3:p.Tyr50Ser	CSNK2A1	ENSG00000101266	TLE5
pilot3	CCSBORF6699	1	CCSBORF53886	3AT	3	154G>A	1249	NC_000020.11:505176:C:T	CCSBVarC024328	ENSP00000217244.3:p.Glu52Lys	CSNK2A1	ENSG00000101266	TLE5
pilot3	CCSBORF6699	1	CCSBORF53886	3AT	3	239G>A	374	NC_000020.11:499908:C:T	CCSBVarC024330	ENSP00000217244.3:p.Arg80His	CSNK2A1	ENSG00000101266	TLE5
pilot3	CCSBORF6699	1	CCSBORF53886	3AT	3	242A>C	547	NC_000020.11:499905:T:G	CCSBVarC024331	ENSP00000217244.3:p.Glu81Ala	CSNK2A1	ENSG00000101266	TLE5
pilot3	CCSBORF6699	1	CCSBORF53886	3AT	3	524A>G	257	NC_000020.11:492350:T:C	CCSBVarC024355	ENSP00000217244.3:p.Asp175Gly	CSNK2A1	ENSG00000101266	TLE5
pilot3	CCSBORF6699	1	CCSBORF53886	3AT	3	529G>A	418	NC_000020.11:492345:C:T	CCSBVarC024361	ENSP00000217244.3:p.Gly177Ser	CSNK2A1	ENSG00000101266	TLE5
pilot3	CCSBORF6699	1	CCSBORF53886	3AT	3	704G>T	3	NC_000020.11:489798:C:A	CCSBVarC024394	ENSP00000217244.3:p.Gly235Val	CSNK2A1	ENSG00000101266	TLE5
pilot3	CCSBORF6699	1	CCSBORF53886	3AT	3	935G>A	15	NC_000020.11:487464:C:T	CCSBVarC024400	ENSP00000217244.3:p.Arg312Gln	CSNK2A1	ENSG00000101266	TLE5
pilot3	CCSBORF6699	1	CCSBORF100070339	3AT	3	REF	2231	NULL	NULL	NULL	CSNK2A1	ENSG00000101266	ATN1
pilot3	CCSBORF6699	1	CCSBORF100070339	3AT	3	1165G>A	2927	NC_000020.11:483971:C:T	CCSBVarC024455	ENSP00000217244.3:p.Ala389Thr	CSNK2A1	ENSG00000101266	ATN1
pilot3	CCSBORF6699	1	CCSBORF100070339	3AT	3	1172A>G	2268	NC_000020.11:483964:T:C	CCSBVarC024458	ENSP00000217244.3:p.Gln391Arg	CSNK2A1	ENSG00000101266	ATN1
pilot3	CCSBORF6699	1	CCSBORF100070339	3AT	3	139C>G	1452	NC_000020.11:505191:G:C	CCSBVarC024315	ENSP00000217244.3:p.Arg47Gly	CSNK2A1	ENSG00000101266	ATN1
pilot3	CCSBORF6699	1	CCSBORF100070339	3AT	3	143G>A	8	NC_000020.11:505187:C:T	CCSBVarC024322	ENSP00000217244.3:p.Gly48Asp	CSNK2A1	ENSG00000101266	ATN1
pilot3	CCSBORF6699	1	CCSBORF100070339	3AT	3	149A>C	37	NC_000020.11:505181:T:G	CCSBVarC024324	ENSP00000217244.3:p.Tyr50Ser	CSNK2A1	ENSG00000101266	ATN1
pilot3	CCSBORF6699	1	CCSBORF100070339	3AT	3	154G>A	820	NC_000020.11:505176:C:T	CCSBVarC024328	ENSP00000217244.3:p.Glu52Lys	CSNK2A1	ENSG00000101266	ATN1
pilot3	CCSBORF6699	1	CCSBORF100070339	3AT	3	239G>A	5	NC_000020.11:499908:C:T	CCSBVarC024330	ENSP00000217244.3:p.Arg80His	CSNK2A1	ENSG00000101266	ATN1
pilot3	CCSBORF6699	1	CCSBORF100070339	3AT	3	242A>C	0	NC_000020.11:499905:T:G	CCSBVarC024331	ENSP00000217244.3:p.Glu81Ala	CSNK2A1	ENSG00000101266	ATN1
pilot3	CCSBORF6699	1	CCSBORF100070339	3AT	3	524A>G	3	NC_000020.11:492350:T:C	CCSBVarC024355	ENSP00000217244.3:p.Asp175Gly	CSNK2A1	ENSG00000101266	ATN1
pilot3	CCSBORF6699	1	CCSBORF100070339	3AT	3	529G>A	13	NC_000020.11:492345:C:T	CCSBVarC024361	ENSP00000217244.3:p.Gly177Ser	CSNK2A1	ENSG00000101266	ATN1
pilot3	CCSBORF6699	1	CCSBORF100070339	3AT	3	704G>T	4	NC_000020.11:489798:C:A	CCSBVarC024394	ENSP00000217244.3:p.Gly235Val	CSNK2A1	ENSG00000101266	ATN1
pilot3	CCSBORF6699	1	CCSBORF100070339	3AT	3	935G>A	19	NC_000020.11:487464:C:T	CCSBVarC024400	ENSP00000217244.3:p.Arg312Gln	CSNK2A1	ENSG00000101266	ATN1
pilot3	CCSBORF6699	1	CCSBORF71965	3AT	3	REF	1137	NULL	NULL	NULL	CSNK2A1	ENSG00000101266	CSNK2B
pilot3	CCSBORF6699	1	CCSBORF71965	3AT	3	1165G>A	590	NC_000020.11:483971:C:T	CCSBVarC024455	ENSP00000217244.3:p.Ala389Thr	CSNK2A1	ENSG00000101266	CSNK2B
pilot3	CCSBORF6699	1	CCSBORF71965	3AT	3	1172A>G	821	NC_000020.11:483964:T:C	CCSBVarC024458	ENSP00000217244.3:p.Gln391Arg	CSNK2A1	ENSG00000101266	CSNK2B
pilot3	CCSBORF6699	1	CCSBORF71965	3AT	3	139C>G	1296	NC_000020.11:505191:G:C	CCSBVarC024315	ENSP00000217244.3:p.Arg47Gly	CSNK2A1	ENSG00000101266	CSNK2B
pilot3	CCSBORF6699	1	CCSBORF71965	3AT	3	143G>A	695	NC_000020.11:505187:C:T	CCSBVarC024322	ENSP00000217244.3:p.Gly48Asp	CSNK2A1	ENSG00000101266	CSNK2B
pilot3	CCSBORF6699	1	CCSBORF71965	3AT	3	149A>C	1736	NC_000020.11:505181:T:G	CCSBVarC024324	ENSP00000217244.3:p.Tyr50Ser	CSNK2A1	ENSG00000101266	CSNK2B
pilot3	CCSBORF6699	1	CCSBORF71965	3AT	3	154G>A	893	NC_000020.11:505176:C:T	CCSBVarC024328	ENSP00000217244.3:p.Glu52Lys	CSNK2A1	ENSG00000101266	CSNK2B
pilot3	CCSBORF6699	1	CCSBORF71965	3AT	3	239G>A	597	NC_000020.11:499908:C:T	CCSBVarC024330	ENSP00000217244.3:p.Arg80His	CSNK2A1	ENSG00000101266	CSNK2B
pilot3	CCSBORF6699	1	CCSBORF71965	3AT	3	242A>C	315	NC_000020.11:499905:T:G	CCSBVarC024331	ENSP00000217244.3:p.Glu81Ala	CSNK2A1	ENSG00000101266	CSNK2B
pilot3	CCSBORF6699	1	CCSBORF71965	3AT	3	524A>G	781	NC_000020.11:492350:T:C	CCSBVarC024355	ENSP00000217244.3:p.Asp175Gly	CSNK2A1	ENSG00000101266	CSNK2B
pilot3	CCSBORF6699	1	CCSBORF71965	3AT	3	529G>A	371	NC_000020.11:492345:C:T	CCSBVarC024361	ENSP00000217244.3:p.Gly177Ser	CSNK2A1	ENSG00000101266	CSNK2B
pilot3	CCSBORF6699	1	CCSBORF71965	3AT	3	704G>T	63	NC_000020.11:489798:C:A	CCSBVarC024394	ENSP00000217244.3:p.Gly235Val	CSNK2A1	ENSG00000101266	CSNK2B
pilot3	CCSBORF6699	1	CCSBORF71965	3AT	3	935G>A	14	NC_000020.11:487464:C:T	CCSBVarC024400	ENSP00000217244.3:p.Arg312Gln	CSNK2A1	ENSG00000101266	CSNK2B
pilot3	CCSBORF6699	1	CCSBORF100015459	3AT	3	REF	170	NULL	NULL	NULL	CSNK2A1	ENSG00000101266	CT45A1
pilot3	CCSBORF6699	1	CCSBORF100015459	3AT	3	1165G>A	0	NC_000020.11:483971:C:T	CCSBVarC024455	ENSP00000217244.3:p.Ala389Thr	CSNK2A1	ENSG00000101266	CT45A1
pilot3	CCSBORF6699	1	CCSBORF100015459	3AT	3	1172A>G	7	NC_000020.11:483964:T:C	CCSBVarC024458	ENSP00000217244.3:p.Gln391Arg	CSNK2A1	ENSG00000101266	CT45A1
pilot3	CCSBORF6699	1	CCSBORF100015459	3AT	3	139C>G	99	NC_000020.11:505191:G:C	CCSBVarC024315	ENSP00000217244.3:p.Arg47Gly	CSNK2A1	ENSG00000101266	CT45A1
pilot3	CCSBORF6699	1	CCSBORF100015459	3AT	3	143G>A	0	NC_000020.11:505187:C:T	CCSBVarC024322	ENSP00000217244.3:p.Gly48Asp	CSNK2A1	ENSG00000101266	CT45A1
pilot3	CCSBORF6699	1	CCSBORF100015459	3AT	3	149A>C	1	NC_000020.11:505181:T:G	CCSBVarC024324	ENSP00000217244.3:p.Tyr50Ser	CSNK2A1	ENSG00000101266	CT45A1
pilot3	CCSBORF6699	1	CCSBORF100015459	3AT	3	154G>A	0	NC_000020.11:505176:C:T	CCSBVarC024328	ENSP00000217244.3:p.Glu52Lys	CSNK2A1	ENSG00000101266	CT45A1
pilot3	CCSBORF6699	1	CCSBORF100015459	3AT	3	239G>A	0	NC_000020.11:499908:C:T	CCSBVarC024330	ENSP00000217244.3:p.Arg80His	CSNK2A1	ENSG00000101266	CT45A1
pilot3	CCSBORF6699	1	CCSBORF100015459	3AT	3	242A>C	1	NC_000020.11:499905:T:G	CCSBVarC024331	ENSP00000217244.3:p.Glu81Ala	CSNK2A1	ENSG00000101266	CT45A1
pilot3	CCSBORF6699	1	CCSBORF100015459	3AT	3	524A>G	113	NC_000020.11:492350:T:C	CCSBVarC024355	ENSP00000217244.3:p.Asp175Gly	CSNK2A1	ENSG00000101266	CT45A1
pilot3	CCSBORF6699	1	CCSBORF100015459	3AT	3	529G>A	1	NC_000020.11:492345:C:T	CCSBVarC024361	ENSP00000217244.3:p.Gly177Ser	CSNK2A1	ENSG00000101266	CT45A1
pilot3	CCSBORF6699	1	CCSBORF100015459	3AT	3	704G>T	0	NC_000020.11:489798:C:A	CCSBVarC024394	ENSP00000217244.3:p.Gly235Val	CSNK2A1	ENSG00000101266	CT45A1
pilot3	CCSBORF6699	1	CCSBORF100015459	3AT	3	935G>A	0	NC_000020.11:487464:C:T	CCSBVarC024400	ENSP00000217244.3:p.Arg312Gln	CSNK2A1	ENSG00000101266	CT45A1
pilot3	CCSBORF6699	1	CCSBORF55475	3AT	3	REF	1854	NULL	NULL	NULL	CSNK2A1	ENSG00000101266	FCHO1
pilot3	CCSBORF6699	1	CCSBORF55475	3AT	3	1165G>A	2346	NC_000020.11:483971:C:T	CCSBVarC024455	ENSP00000217244.3:p.Ala389Thr	CSNK2A1	ENSG00000101266	FCHO1
pilot3	CCSBORF6699	1	CCSBORF55475	3AT	3	1172A>G	1119	NC_000020.11:483964:T:C	CCSBVarC024458	ENSP00000217244.3:p.Gln391Arg	CSNK2A1	ENSG00000101266	FCHO1
pilot3	CCSBORF6699	1	CCSBORF55475	3AT	3	139C>G	216	NC_000020.11:505191:G:C	CCSBVarC024315	ENSP00000217244.3:p.Arg47Gly	CSNK2A1	ENSG00000101266	FCHO1
pilot3	CCSBORF6699	1	CCSBORF55475	3AT	3	143G>A	279	NC_000020.11:505187:C:T	CCSBVarC024322	ENSP00000217244.3:p.Gly48Asp	CSNK2A1	ENSG00000101266	FCHO1
pilot3	CCSBORF6699	1	CCSBORF55475	3AT	3	149A>C	268	NC_000020.11:505181:T:G	CCSBVarC024324	ENSP00000217244.3:p.Tyr50Ser	CSNK2A1	ENSG00000101266	FCHO1
pilot3	CCSBORF6699	1	CCSBORF55475	3AT	3	154G>A	482	NC_000020.11:505176:C:T	CCSBVarC024328	ENSP00000217244.3:p.Glu52Lys	CSNK2A1	ENSG00000101266	FCHO1
pilot3	CCSBORF6699	1	CCSBORF55475	3AT	3	239G>A	2386	NC_000020.11:499908:C:T	CCSBVarC024330	ENSP00000217244.3:p.Arg80His	CSNK2A1	ENSG00000101266	FCHO1
pilot3	CCSBORF6699	1	CCSBORF55475	3AT	3	242A>C	331	NC_000020.11:499905:T:G	CCSBVarC024331	ENSP00000217244.3:p.Glu81Ala	CSNK2A1	ENSG00000101266	FCHO1
pilot3	CCSBORF6699	1	CCSBORF55475	3AT	3	524A>G	655	NC_000020.11:492350:T:C	CCSBVarC024355	ENSP00000217244.3:p.Asp175Gly	CSNK2A1	ENSG00000101266	FCHO1
pilot3	CCSBORF6699	1	CCSBORF55475	3AT	3	529G>A	274	NC_000020.11:492345:C:T	CCSBVarC024361	ENSP00000217244.3:p.Gly177Ser	CSNK2A1	ENSG00000101266	FCHO1
pilot3	CCSBORF6699	1	CCSBORF55475	3AT	3	704G>T	1	NC_000020.11:489798:C:A	CCSBVarC024394	ENSP00000217244.3:p.Gly235Val	CSNK2A1	ENSG00000101266	FCHO1
pilot3	CCSBORF6699	1	CCSBORF55475	3AT	3	935G>A	14	NC_000020.11:487464:C:T	CCSBVarC024400	ENSP00000217244.3:p.Arg312Gln	CSNK2A1	ENSG00000101266	FCHO1
pilot3	CCSBORF6699	1	CCSBORF11579	3AT	3	REF	1337	NULL	NULL	NULL	CSNK2A1	ENSG00000101266	HOXC4
pilot3	CCSBORF6699	1	CCSBORF11579	3AT	3	1165G>A	762	NC_000020.11:483971:C:T	CCSBVarC024455	ENSP00000217244.3:p.Ala389Thr	CSNK2A1	ENSG00000101266	HOXC4
pilot3	CCSBORF6699	1	CCSBORF11579	3AT	3	1172A>G	35	NC_000020.11:483964:T:C	CCSBVarC024458	ENSP00000217244.3:p.Gln391Arg	CSNK2A1	ENSG00000101266	HOXC4
pilot3	CCSBORF6699	1	CCSBORF11579	3AT	3	139C>G	2050	NC_000020.11:505191:G:C	CCSBVarC024315	ENSP00000217244.3:p.Arg47Gly	CSNK2A1	ENSG00000101266	HOXC4
pilot3	CCSBORF6699	1	CCSBORF11579	3AT	3	143G>A	89	NC_000020.11:505187:C:T	CCSBVarC024322	ENSP00000217244.3:p.Gly48Asp	CSNK2A1	ENSG00000101266	HOXC4
pilot3	CCSBORF6699	1	CCSBORF11579	3AT	3	149A>C	12	NC_000020.11:505181:T:G	CCSBVarC024324	ENSP00000217244.3:p.Tyr50Ser	CSNK2A1	ENSG00000101266	HOXC4
pilot3	CCSBORF6699	1	CCSBORF11579	3AT	3	154G>A	89	NC_000020.11:505176:C:T	CCSBVarC024328	ENSP00000217244.3:p.Glu52Lys	CSNK2A1	ENSG00000101266	HOXC4
pilot3	CCSBORF6699	1	CCSBORF11579	3AT	3	239G>A	30	NC_000020.11:499908:C:T	CCSBVarC024330	ENSP00000217244.3:p.Arg80His	CSNK2A1	ENSG00000101266	HOXC4
pilot3	CCSBORF6699	1	CCSBORF11579	3AT	3	242A>C	0	NC_000020.11:499905:T:G	CCSBVarC024331	ENSP00000217244.3:p.Glu81Ala	CSNK2A1	ENSG00000101266	HOXC4
pilot3	CCSBORF6699	1	CCSBORF11579	3AT	3	524A>G	310	NC_000020.11:492350:T:C	CCSBVarC024355	ENSP00000217244.3:p.Asp175Gly	CSNK2A1	ENSG00000101266	HOXC4
pilot3	CCSBORF6699	1	CCSBORF11579	3AT	3	529G>A	2	NC_000020.11:492345:C:T	CCSBVarC024361	ENSP00000217244.3:p.Gly177Ser	CSNK2A1	ENSG00000101266	HOXC4
pilot3	CCSBORF6699	1	CCSBORF11579	3AT	3	704G>T	1	NC_000020.11:489798:C:A	CCSBVarC024394	ENSP00000217244.3:p.Gly235Val	CSNK2A1	ENSG00000101266	HOXC4
pilot3	CCSBORF6699	1	CCSBORF11579	3AT	3	935G>A	9	NC_000020.11:487464:C:T	CCSBVarC024400	ENSP00000217244.3:p.Arg312Gln	CSNK2A1	ENSG00000101266	HOXC4
pilot3	CCSBORF6699	1	CCSBORF12437	3AT	3	REF	2444	NULL	NULL	NULL	CSNK2A1	ENSG00000101266	JADE2
pilot3	CCSBORF6699	1	CCSBORF12437	3AT	3	1165G>A	3928	NC_000020.11:483971:C:T	CCSBVarC024455	ENSP00000217244.3:p.Ala389Thr	CSNK2A1	ENSG00000101266	JADE2
pilot3	CCSBORF6699	1	CCSBORF12437	3AT	3	1172A>G	1117	NC_000020.11:483964:T:C	CCSBVarC024458	ENSP00000217244.3:p.Gln391Arg	CSNK2A1	ENSG00000101266	JADE2
pilot3	CCSBORF6699	1	CCSBORF12437	3AT	3	139C>G	816	NC_000020.11:505191:G:C	CCSBVarC024315	ENSP00000217244.3:p.Arg47Gly	CSNK2A1	ENSG00000101266	JADE2
pilot3	CCSBORF6699	1	CCSBORF12437	3AT	3	143G>A	171	NC_000020.11:505187:C:T	CCSBVarC024322	ENSP00000217244.3:p.Gly48Asp	CSNK2A1	ENSG00000101266	JADE2
pilot3	CCSBORF6699	1	CCSBORF12437	3AT	3	149A>C	477	NC_000020.11:505181:T:G	CCSBVarC024324	ENSP00000217244.3:p.Tyr50Ser	CSNK2A1	ENSG00000101266	JADE2
pilot3	CCSBORF6699	1	CCSBORF12437	3AT	3	154G>A	59	NC_000020.11:505176:C:T	CCSBVarC024328	ENSP00000217244.3:p.Glu52Lys	CSNK2A1	ENSG00000101266	JADE2
pilot3	CCSBORF6699	1	CCSBORF12437	3AT	3	239G>A	91	NC_000020.11:499908:C:T	CCSBVarC024330	ENSP00000217244.3:p.Arg80His	CSNK2A1	ENSG00000101266	JADE2
pilot3	CCSBORF6699	1	CCSBORF12437	3AT	3	242A>C	91	NC_000020.11:499905:T:G	CCSBVarC024331	ENSP00000217244.3:p.Glu81Ala	CSNK2A1	ENSG00000101266	JADE2
pilot3	CCSBORF6699	1	CCSBORF12437	3AT	3	524A>G	1420	NC_000020.11:492350:T:C	CCSBVarC024355	ENSP00000217244.3:p.Asp175Gly	CSNK2A1	ENSG00000101266	JADE2
pilot3	CCSBORF6699	1	CCSBORF12437	3AT	3	529G>A	144	NC_000020.11:492345:C:T	CCSBVarC024361	ENSP00000217244.3:p.Gly177Ser	CSNK2A1	ENSG00000101266	JADE2
pilot3	CCSBORF6699	1	CCSBORF12437	3AT	3	704G>T	2	NC_000020.11:489798:C:A	CCSBVarC024394	ENSP00000217244.3:p.Gly235Val	CSNK2A1	ENSG00000101266	JADE2
pilot3	CCSBORF6699	1	CCSBORF12437	3AT	3	935G>A	20	NC_000020.11:487464:C:T	CCSBVarC024400	ENSP00000217244.3:p.Arg312Gln	CSNK2A1	ENSG00000101266	JADE2
pilot3	CCSBORF6699	1	CCSBORF244	3AT	3	REF	2668	NULL	NULL	NULL	CSNK2A1	ENSG00000101266	KEAP1
pilot3	CCSBORF6699	1	CCSBORF244	3AT	3	1165G>A	1387	NC_000020.11:483971:C:T	CCSBVarC024455	ENSP00000217244.3:p.Ala389Thr	CSNK2A1	ENSG00000101266	KEAP1
pilot3	CCSBORF6699	1	CCSBORF244	3AT	3	1172A>G	863	NC_000020.11:483964:T:C	CCSBVarC024458	ENSP00000217244.3:p.Gln391Arg	CSNK2A1	ENSG00000101266	KEAP1
pilot3	CCSBORF6699	1	CCSBORF244	3AT	3	139C>G	2056	NC_000020.11:505191:G:C	CCSBVarC024315	ENSP00000217244.3:p.Arg47Gly	CSNK2A1	ENSG00000101266	KEAP1
pilot3	CCSBORF6699	1	CCSBORF244	3AT	3	143G>A	318	NC_000020.11:505187:C:T	CCSBVarC024322	ENSP00000217244.3:p.Gly48Asp	CSNK2A1	ENSG00000101266	KEAP1
pilot3	CCSBORF6699	1	CCSBORF244	3AT	3	149A>C	1457	NC_000020.11:505181:T:G	CCSBVarC024324	ENSP00000217244.3:p.Tyr50Ser	CSNK2A1	ENSG00000101266	KEAP1
pilot3	CCSBORF6699	1	CCSBORF244	3AT	3	154G>A	71	NC_000020.11:505176:C:T	CCSBVarC024328	ENSP00000217244.3:p.Glu52Lys	CSNK2A1	ENSG00000101266	KEAP1
pilot3	CCSBORF6699	1	CCSBORF244	3AT	3	239G>A	36	NC_000020.11:499908:C:T	CCSBVarC024330	ENSP00000217244.3:p.Arg80His	CSNK2A1	ENSG00000101266	KEAP1
pilot3	CCSBORF6699	1	CCSBORF244	3AT	3	242A>C	4	NC_000020.11:499905:T:G	CCSBVarC024331	ENSP00000217244.3:p.Glu81Ala	CSNK2A1	ENSG00000101266	KEAP1
pilot3	CCSBORF6699	1	CCSBORF244	3AT	3	524A>G	2779	NC_000020.11:492350:T:C	CCSBVarC024355	ENSP00000217244.3:p.Asp175Gly	CSNK2A1	ENSG00000101266	KEAP1
pilot3	CCSBORF6699	1	CCSBORF244	3AT	3	529G>A	48	NC_000020.11:492345:C:T	CCSBVarC024361	ENSP00000217244.3:p.Gly177Ser	CSNK2A1	ENSG00000101266	KEAP1
pilot3	CCSBORF6699	1	CCSBORF244	3AT	3	704G>T	14	NC_000020.11:489798:C:A	CCSBVarC024394	ENSP00000217244.3:p.Gly235Val	CSNK2A1	ENSG00000101266	KEAP1
pilot3	CCSBORF6699	1	CCSBORF244	3AT	3	935G>A	30	NC_000020.11:487464:C:T	CCSBVarC024400	ENSP00000217244.3:p.Arg312Gln	CSNK2A1	ENSG00000101266	KEAP1
pilot3	CCSBORF6699	1	CCSBORF52949	3AT	3	REF	938	NULL	NULL	NULL	CSNK2A1	ENSG00000101266	KIF24
pilot3	CCSBORF6699	1	CCSBORF52949	3AT	3	1165G>A	320	NC_000020.11:483971:C:T	CCSBVarC024455	ENSP00000217244.3:p.Ala389Thr	CSNK2A1	ENSG00000101266	KIF24
pilot3	CCSBORF6699	1	CCSBORF52949	3AT	3	1172A>G	145	NC_000020.11:483964:T:C	CCSBVarC024458	ENSP00000217244.3:p.Gln391Arg	CSNK2A1	ENSG00000101266	KIF24
pilot3	CCSBORF6699	1	CCSBORF52949	3AT	3	139C>G	455	NC_000020.11:505191:G:C	CCSBVarC024315	ENSP00000217244.3:p.Arg47Gly	CSNK2A1	ENSG00000101266	KIF24
pilot3	CCSBORF6699	1	CCSBORF52949	3AT	3	143G>A	716	NC_000020.11:505187:C:T	CCSBVarC024322	ENSP00000217244.3:p.Gly48Asp	CSNK2A1	ENSG00000101266	KIF24
pilot3	CCSBORF6699	1	CCSBORF52949	3AT	3	149A>C	248	NC_000020.11:505181:T:G	CCSBVarC024324	ENSP00000217244.3:p.Tyr50Ser	CSNK2A1	ENSG00000101266	KIF24
pilot3	CCSBORF6699	1	CCSBORF52949	3AT	3	154G>A	25	NC_000020.11:505176:C:T	CCSBVarC024328	ENSP00000217244.3:p.Glu52Lys	CSNK2A1	ENSG00000101266	KIF24
pilot3	CCSBORF6699	1	CCSBORF52949	3AT	3	239G>A	159	NC_000020.11:499908:C:T	CCSBVarC024330	ENSP00000217244.3:p.Arg80His	CSNK2A1	ENSG00000101266	KIF24
pilot3	CCSBORF6699	1	CCSBORF52949	3AT	3	242A>C	293	NC_000020.11:499905:T:G	CCSBVarC024331	ENSP00000217244.3:p.Glu81Ala	CSNK2A1	ENSG00000101266	KIF24
pilot3	CCSBORF6699	1	CCSBORF52949	3AT	3	524A>G	7031	NC_000020.11:492350:T:C	CCSBVarC024355	ENSP00000217244.3:p.Asp175Gly	CSNK2A1	ENSG00000101266	KIF24
pilot3	CCSBORF6699	1	CCSBORF52949	3AT	3	529G>A	687	NC_000020.11:492345:C:T	CCSBVarC024361	ENSP00000217244.3:p.Gly177Ser	CSNK2A1	ENSG00000101266	KIF24
pilot3	CCSBORF6699	1	CCSBORF52949	3AT	3	704G>T	19	NC_000020.11:489798:C:A	CCSBVarC024394	ENSP00000217244.3:p.Gly235Val	CSNK2A1	ENSG00000101266	KIF24
pilot3	CCSBORF6699	1	CCSBORF52949	3AT	3	935G>A	3	NC_000020.11:487464:C:T	CCSBVarC024400	ENSP00000217244.3:p.Arg312Gln	CSNK2A1	ENSG00000101266	KIF24
pilot3	CCSBORF6699	1	CCSBORF100016058	3AT	3	REF	1963	NULL	NULL	NULL	CSNK2A1	ENSG00000101266	LHX3
pilot3	CCSBORF6699	1	CCSBORF100016058	3AT	3	1165G>A	1722	NC_000020.11:483971:C:T	CCSBVarC024455	ENSP00000217244.3:p.Ala389Thr	CSNK2A1	ENSG00000101266	LHX3
pilot3	CCSBORF6699	1	CCSBORF100016058	3AT	3	1172A>G	255	NC_000020.11:483964:T:C	CCSBVarC024458	ENSP00000217244.3:p.Gln391Arg	CSNK2A1	ENSG00000101266	LHX3
pilot3	CCSBORF6699	1	CCSBORF100016058	3AT	3	139C>G	645	NC_000020.11:505191:G:C	CCSBVarC024315	ENSP00000217244.3:p.Arg47Gly	CSNK2A1	ENSG00000101266	LHX3
pilot3	CCSBORF6699	1	CCSBORF100016058	3AT	3	143G>A	1062	NC_000020.11:505187:C:T	CCSBVarC024322	ENSP00000217244.3:p.Gly48Asp	CSNK2A1	ENSG00000101266	LHX3
pilot3	CCSBORF6699	1	CCSBORF100016058	3AT	3	149A>C	393	NC_000020.11:505181:T:G	CCSBVarC024324	ENSP00000217244.3:p.Tyr50Ser	CSNK2A1	ENSG00000101266	LHX3
pilot3	CCSBORF6699	1	CCSBORF100016058	3AT	3	154G>A	898	NC_000020.11:505176:C:T	CCSBVarC024328	ENSP00000217244.3:p.Glu52Lys	CSNK2A1	ENSG00000101266	LHX3
pilot3	CCSBORF6699	1	CCSBORF100016058	3AT	3	239G>A	315	NC_000020.11:499908:C:T	CCSBVarC024330	ENSP00000217244.3:p.Arg80His	CSNK2A1	ENSG00000101266	LHX3
pilot3	CCSBORF6699	1	CCSBORF100016058	3AT	3	242A>C	550	NC_000020.11:499905:T:G	CCSBVarC024331	ENSP00000217244.3:p.Glu81Ala	CSNK2A1	ENSG00000101266	LHX3
pilot3	CCSBORF6699	1	CCSBORF100016058	3AT	3	524A>G	2293	NC_000020.11:492350:T:C	CCSBVarC024355	ENSP00000217244.3:p.Asp175Gly	CSNK2A1	ENSG00000101266	LHX3
pilot3	CCSBORF6699	1	CCSBORF100016058	3AT	3	529G>A	467	NC_000020.11:492345:C:T	CCSBVarC024361	ENSP00000217244.3:p.Gly177Ser	CSNK2A1	ENSG00000101266	LHX3
pilot3	CCSBORF6699	1	CCSBORF100016058	3AT	3	704G>T	18	NC_000020.11:489798:C:A	CCSBVarC024394	ENSP00000217244.3:p.Gly235Val	CSNK2A1	ENSG00000101266	LHX3
pilot3	CCSBORF6699	1	CCSBORF100016058	3AT	3	935G>A	14	NC_000020.11:487464:C:T	CCSBVarC024400	ENSP00000217244.3:p.Arg312Gln	CSNK2A1	ENSG00000101266	LHX3
pilot3	CCSBORF6699	1	CCSBORF14087	3AT	3	REF	1004	NULL	NULL	NULL	CSNK2A1	ENSG00000101266	LHX8
pilot3	CCSBORF6699	1	CCSBORF14087	3AT	3	1165G>A	2187	NC_000020.11:483971:C:T	CCSBVarC024455	ENSP00000217244.3:p.Ala389Thr	CSNK2A1	ENSG00000101266	LHX8
pilot3	CCSBORF6699	1	CCSBORF14087	3AT	3	1172A>G	278	NC_000020.11:483964:T:C	CCSBVarC024458	ENSP00000217244.3:p.Gln391Arg	CSNK2A1	ENSG00000101266	LHX8
pilot3	CCSBORF6699	1	CCSBORF14087	3AT	3	139C>G	1956	NC_000020.11:505191:G:C	CCSBVarC024315	ENSP00000217244.3:p.Arg47Gly	CSNK2A1	ENSG00000101266	LHX8
pilot3	CCSBORF6699	1	CCSBORF14087	3AT	3	143G>A	391	NC_000020.11:505187:C:T	CCSBVarC024322	ENSP00000217244.3:p.Gly48Asp	CSNK2A1	ENSG00000101266	LHX8
pilot3	CCSBORF6699	1	CCSBORF14087	3AT	3	149A>C	2248	NC_000020.11:505181:T:G	CCSBVarC024324	ENSP00000217244.3:p.Tyr50Ser	CSNK2A1	ENSG00000101266	LHX8
pilot3	CCSBORF6699	1	CCSBORF14087	3AT	3	154G>A	1141	NC_000020.11:505176:C:T	CCSBVarC024328	ENSP00000217244.3:p.Glu52Lys	CSNK2A1	ENSG00000101266	LHX8
pilot3	CCSBORF6699	1	CCSBORF14087	3AT	3	239G>A	335	NC_000020.11:499908:C:T	CCSBVarC024330	ENSP00000217244.3:p.Arg80His	CSNK2A1	ENSG00000101266	LHX8
pilot3	CCSBORF6699	1	CCSBORF14087	3AT	3	242A>C	26	NC_000020.11:499905:T:G	CCSBVarC024331	ENSP00000217244.3:p.Glu81Ala	CSNK2A1	ENSG00000101266	LHX8
pilot3	CCSBORF6699	1	CCSBORF14087	3AT	3	524A>G	1160	NC_000020.11:492350:T:C	CCSBVarC024355	ENSP00000217244.3:p.Asp175Gly	CSNK2A1	ENSG00000101266	LHX8
pilot3	CCSBORF6699	1	CCSBORF14087	3AT	3	529G>A	81	NC_000020.11:492345:C:T	CCSBVarC024361	ENSP00000217244.3:p.Gly177Ser	CSNK2A1	ENSG00000101266	LHX8
pilot3	CCSBORF6699	1	CCSBORF14087	3AT	3	704G>T	1	NC_000020.11:489798:C:A	CCSBVarC024394	ENSP00000217244.3:p.Gly235Val	CSNK2A1	ENSG00000101266	LHX8
pilot3	CCSBORF6699	1	CCSBORF14087	3AT	3	935G>A	4	NC_000020.11:487464:C:T	CCSBVarC024400	ENSP00000217244.3:p.Arg312Gln	CSNK2A1	ENSG00000101266	LHX8
pilot3	CCSBORF6699	1	CCSBORF56631	3AT	3	REF	1729	NULL	NULL	NULL	CSNK2A1	ENSG00000101266	LHX9
pilot3	CCSBORF6699	1	CCSBORF56631	3AT	3	1165G>A	1017	NC_000020.11:483971:C:T	CCSBVarC024455	ENSP00000217244.3:p.Ala389Thr	CSNK2A1	ENSG00000101266	LHX9
pilot3	CCSBORF6699	1	CCSBORF56631	3AT	3	1172A>G	679	NC_000020.11:483964:T:C	CCSBVarC024458	ENSP00000217244.3:p.Gln391Arg	CSNK2A1	ENSG00000101266	LHX9
pilot3	CCSBORF6699	1	CCSBORF56631	3AT	3	139C>G	1301	NC_000020.11:505191:G:C	CCSBVarC024315	ENSP00000217244.3:p.Arg47Gly	CSNK2A1	ENSG00000101266	LHX9
pilot3	CCSBORF6699	1	CCSBORF56631	3AT	3	143G>A	438	NC_000020.11:505187:C:T	CCSBVarC024322	ENSP00000217244.3:p.Gly48Asp	CSNK2A1	ENSG00000101266	LHX9
pilot3	CCSBORF6699	1	CCSBORF56631	3AT	3	149A>C	1137	NC_000020.11:505181:T:G	CCSBVarC024324	ENSP00000217244.3:p.Tyr50Ser	CSNK2A1	ENSG00000101266	LHX9
pilot3	CCSBORF6699	1	CCSBORF56631	3AT	3	154G>A	1732	NC_000020.11:505176:C:T	CCSBVarC024328	ENSP00000217244.3:p.Glu52Lys	CSNK2A1	ENSG00000101266	LHX9
pilot3	CCSBORF6699	1	CCSBORF56631	3AT	3	239G>A	549	NC_000020.11:499908:C:T	CCSBVarC024330	ENSP00000217244.3:p.Arg80His	CSNK2A1	ENSG00000101266	LHX9
pilot3	CCSBORF6699	1	CCSBORF56631	3AT	3	242A>C	98	NC_000020.11:499905:T:G	CCSBVarC024331	ENSP00000217244.3:p.Glu81Ala	CSNK2A1	ENSG00000101266	LHX9
pilot3	CCSBORF6699	1	CCSBORF56631	3AT	3	524A>G	570	NC_000020.11:492350:T:C	CCSBVarC024355	ENSP00000217244.3:p.Asp175Gly	CSNK2A1	ENSG00000101266	LHX9
pilot3	CCSBORF6699	1	CCSBORF56631	3AT	3	529G>A	178	NC_000020.11:492345:C:T	CCSBVarC024361	ENSP00000217244.3:p.Gly177Ser	CSNK2A1	ENSG00000101266	LHX9
pilot3	CCSBORF6699	1	CCSBORF56631	3AT	3	704G>T	2	NC_000020.11:489798:C:A	CCSBVarC024394	ENSP00000217244.3:p.Gly235Val	CSNK2A1	ENSG00000101266	LHX9
pilot3	CCSBORF6699	1	CCSBORF56631	3AT	3	935G>A	16	NC_000020.11:487464:C:T	CCSBVarC024400	ENSP00000217244.3:p.Arg312Gln	CSNK2A1	ENSG00000101266	LHX9
pilot3	CCSBORF7201	2	CCSBORF53886	3AT	3	REF	1218	NULL	NULL	NULL	RAD51D	ENSG00000185379	TLE5
pilot3	CCSBORF7201	2	CCSBORF53886	3AT	3	493C>T	10	NC_000017.11:35106468:G:A	CCSBVarC024828	ENSP00000338790.6:p.Arg165Trp	RAD51D	ENSG00000185379	TLE5
pilot3	CCSBORF7201	2	CCSBORF53886	3AT	3	494G>A	586	NC_000017.11:35106467:C:T	CCSBVarC002917	ENSP00000338790.6:p.Arg165Gln	RAD51D	ENSG00000185379	TLE5
pilot3	CCSBORF7201	2	CCSBORF53886	3AT	3	691G>T	1056	NC_000017.11:35103300:C:A	CCSBVarC024850	ENSP00000338790.6:p.Ala231Ser	RAD51D	ENSG00000185379	TLE5
pilot3	CCSBORF7201	2	CCSBORF53886	3AT	3	698A>G	13	NC_000017.11:35103293:T:C	CCSBVarC001140	ENSP00000338790.6:p.Glu233Gly	RAD51D	ENSG00000185379	TLE5
pilot3	CCSBORF7201	2	CCSBORF53886	3AT	3	751A>G	3810	NC_000017.11:35101352:T:C	CCSBVarC024857	ENSP00000338790.6:p.Ile251Val	RAD51D	ENSG00000185379	TLE5
pilot3	CCSBORF7201	2	CCSBORF53886	3AT	3	865G>A	2335	NC_000017.11:35101238:C:T	CCSBVarC024877	ENSP00000338790.6:p.Gly289Ser	RAD51D	ENSG00000185379	TLE5
pilot3	CCSBORF7201	2	CCSBORF53886	3AT	3	869G>A	2986	NC_000017.11:35101234:C:T	CCSBVarC024880	ENSP00000338790.6:p.Arg290Gln	RAD51D	ENSG00000185379	TLE5
pilot3	CCSBORF7201	2	CCSBORF53886	3AT	3	915C>G	10783	NC_000017.11:35101024:G:C	CCSBVarC024886	ENSP00000338790.6:p.Phe305Leu	RAD51D	ENSG00000185379	TLE5
pilot3	CCSBORF7201	2	CCSBORF53886	3AT	3	919G>A	298	NC_000017.11:35101020:C:T	CCSBVarC024889	ENSP00000338790.6:p.Glu307Lys	RAD51D	ENSG00000185379	TLE5
pilot3	CCSBORF7201	2	CCSBORF53886	3AT	3	922A>G	2755	NC_000017.11:35101017:T:C	CCSBVarC024892	ENSP00000338790.6:p.Met308Val	RAD51D	ENSG00000185379	TLE5
pilot3	CCSBORF7201	2	CCSBORF53886	3AT	3	983C>T	688	NC_000017.11:35100956:G:A	CCSBVarC024896	ENSP00000338790.6:p.Thr328Ile	RAD51D	ENSG00000185379	TLE5
pilot3	CCSBORF7201	2	CCSBORF2910	3AT	3	REF	1458	NULL	NULL	NULL	RAD51D	ENSG00000185379	AMOTL2
pilot3	CCSBORF7201	2	CCSBORF2910	3AT	3	493C>T	12	NC_000017.11:35106468:G:A	CCSBVarC024828	ENSP00000338790.6:p.Arg165Trp	RAD51D	ENSG00000185379	AMOTL2
pilot3	CCSBORF7201	2	CCSBORF2910	3AT	3	494G>A	417	NC_000017.11:35106467:C:T	CCSBVarC002917	ENSP00000338790.6:p.Arg165Gln	RAD51D	ENSG00000185379	AMOTL2
pilot3	CCSBORF7201	2	CCSBORF2910	3AT	3	691G>T	1428	NC_000017.11:35103300:C:A	CCSBVarC024850	ENSP00000338790.6:p.Ala231Ser	RAD51D	ENSG00000185379	AMOTL2
pilot3	CCSBORF7201	2	CCSBORF2910	3AT	3	698A>G	74	NC_000017.11:35103293:T:C	CCSBVarC001140	ENSP00000338790.6:p.Glu233Gly	RAD51D	ENSG00000185379	AMOTL2
pilot3	CCSBORF7201	2	CCSBORF2910	3AT	3	751A>G	1849	NC_000017.11:35101352:T:C	CCSBVarC024857	ENSP00000338790.6:p.Ile251Val	RAD51D	ENSG00000185379	AMOTL2
pilot3	CCSBORF7201	2	CCSBORF2910	3AT	3	865G>A	2827	NC_000017.11:35101238:C:T	CCSBVarC024877	ENSP00000338790.6:p.Gly289Ser	RAD51D	ENSG00000185379	AMOTL2
pilot3	CCSBORF7201	2	CCSBORF2910	3AT	3	869G>A	1924	NC_000017.11:35101234:C:T	CCSBVarC024880	ENSP00000338790.6:p.Arg290Gln	RAD51D	ENSG00000185379	AMOTL2
pilot3	CCSBORF7201	2	CCSBORF2910	3AT	3	915C>G	4228	NC_000017.11:35101024:G:C	CCSBVarC024886	ENSP00000338790.6:p.Phe305Leu	RAD51D	ENSG00000185379	AMOTL2
pilot3	CCSBORF7201	2	CCSBORF2910	3AT	3	919G>A	662	NC_000017.11:35101020:C:T	CCSBVarC024889	ENSP00000338790.6:p.Glu307Lys	RAD51D	ENSG00000185379	AMOTL2
pilot3	CCSBORF7201	2	CCSBORF2910	3AT	3	922A>G	1877	NC_000017.11:35101017:T:C	CCSBVarC024892	ENSP00000338790.6:p.Met308Val	RAD51D	ENSG00000185379	AMOTL2
pilot3	CCSBORF7201	2	CCSBORF2910	3AT	3	983C>T	871	NC_000017.11:35100956:G:A	CCSBVarC024896	ENSP00000338790.6:p.Thr328Ile	RAD51D	ENSG00000185379	AMOTL2
pilot3	CCSBORF7201	2	CCSBORF2265	3AT	3	REF	574	NULL	NULL	NULL	RAD51D	ENSG00000185379	IHO1
pilot3	CCSBORF7201	2	CCSBORF2265	3AT	3	493C>T	5	NC_000017.11:35106468:G:A	CCSBVarC024828	ENSP00000338790.6:p.Arg165Trp	RAD51D	ENSG00000185379	IHO1
pilot3	CCSBORF7201	2	CCSBORF2265	3AT	3	494G>A	180	NC_000017.11:35106467:C:T	CCSBVarC002917	ENSP00000338790.6:p.Arg165Gln	RAD51D	ENSG00000185379	IHO1
pilot3	CCSBORF7201	2	CCSBORF2265	3AT	3	691G>T	912	NC_000017.11:35103300:C:A	CCSBVarC024850	ENSP00000338790.6:p.Ala231Ser	RAD51D	ENSG00000185379	IHO1
pilot3	CCSBORF7201	2	CCSBORF2265	3AT	3	698A>G	2	NC_000017.11:35103293:T:C	CCSBVarC001140	ENSP00000338790.6:p.Glu233Gly	RAD51D	ENSG00000185379	IHO1
pilot3	CCSBORF7201	2	CCSBORF2265	3AT	3	751A>G	4261	NC_000017.11:35101352:T:C	CCSBVarC024857	ENSP00000338790.6:p.Ile251Val	RAD51D	ENSG00000185379	IHO1
pilot3	CCSBORF7201	2	CCSBORF2265	3AT	3	865G>A	2039	NC_000017.11:35101238:C:T	CCSBVarC024877	ENSP00000338790.6:p.Gly289Ser	RAD51D	ENSG00000185379	IHO1
pilot3	CCSBORF7201	2	CCSBORF2265	3AT	3	869G>A	1823	NC_000017.11:35101234:C:T	CCSBVarC024880	ENSP00000338790.6:p.Arg290Gln	RAD51D	ENSG00000185379	IHO1
pilot3	CCSBORF7201	2	CCSBORF2265	3AT	3	915C>G	22374	NC_000017.11:35101024:G:C	CCSBVarC024886	ENSP00000338790.6:p.Phe305Leu	RAD51D	ENSG00000185379	IHO1
pilot3	CCSBORF7201	2	CCSBORF2265	3AT	3	919G>A	43	NC_000017.11:35101020:C:T	CCSBVarC024889	ENSP00000338790.6:p.Glu307Lys	RAD51D	ENSG00000185379	IHO1
pilot3	CCSBORF7201	2	CCSBORF2265	3AT	3	922A>G	1300	NC_000017.11:35101017:T:C	CCSBVarC024892	ENSP00000338790.6:p.Met308Val	RAD51D	ENSG00000185379	IHO1
pilot3	CCSBORF7201	2	CCSBORF2265	3AT	3	983C>T	171	NC_000017.11:35100956:G:A	CCSBVarC024896	ENSP00000338790.6:p.Thr328Ile	RAD51D	ENSG00000185379	IHO1
pilot3	CCSBORF7201	2	CCSBORF100067498	3AT	3	REF	1510	NULL	NULL	NULL	RAD51D	ENSG00000185379	GEMIN4
pilot3	CCSBORF7201	2	CCSBORF100067498	3AT	3	493C>T	33	NC_000017.11:35106468:G:A	CCSBVarC024828	ENSP00000338790.6:p.Arg165Trp	RAD51D	ENSG00000185379	GEMIN4
pilot3	CCSBORF7201	2	CCSBORF100067498	3AT	3	494G>A	358	NC_000017.11:35106467:C:T	CCSBVarC002917	ENSP00000338790.6:p.Arg165Gln	RAD51D	ENSG00000185379	GEMIN4
pilot3	CCSBORF7201	2	CCSBORF100067498	3AT	3	691G>T	3619	NC_000017.11:35103300:C:A	CCSBVarC024850	ENSP00000338790.6:p.Ala231Ser	RAD51D	ENSG00000185379	GEMIN4
pilot3	CCSBORF7201	2	CCSBORF100067498	3AT	3	698A>G	21	NC_000017.11:35103293:T:C	CCSBVarC001140	ENSP00000338790.6:p.Glu233Gly	RAD51D	ENSG00000185379	GEMIN4
pilot3	CCSBORF7201	2	CCSBORF100067498	3AT	3	751A>G	4179	NC_000017.11:35101352:T:C	CCSBVarC024857	ENSP00000338790.6:p.Ile251Val	RAD51D	ENSG00000185379	GEMIN4
pilot3	CCSBORF7201	2	CCSBORF100067498	3AT	3	865G>A	4484	NC_000017.11:35101238:C:T	CCSBVarC024877	ENSP00000338790.6:p.Gly289Ser	RAD51D	ENSG00000185379	GEMIN4
pilot3	CCSBORF7201	2	CCSBORF100067498	3AT	3	869G>A	3694	NC_000017.11:35101234:C:T	CCSBVarC024880	ENSP00000338790.6:p.Arg290Gln	RAD51D	ENSG00000185379	GEMIN4
pilot3	CCSBORF7201	2	CCSBORF100067498	3AT	3	915C>G	12768	NC_000017.11:35101024:G:C	CCSBVarC024886	ENSP00000338790.6:p.Phe305Leu	RAD51D	ENSG00000185379	GEMIN4
pilot3	CCSBORF7201	2	CCSBORF100067498	3AT	3	919G>A	852	NC_000017.11:35101020:C:T	CCSBVarC024889	ENSP00000338790.6:p.Glu307Lys	RAD51D	ENSG00000185379	GEMIN4
pilot3	CCSBORF7201	2	CCSBORF100067498	3AT	3	922A>G	3315	NC_000017.11:35101017:T:C	CCSBVarC024892	ENSP00000338790.6:p.Met308Val	RAD51D	ENSG00000185379	GEMIN4
pilot3	CCSBORF7201	2	CCSBORF100067498	3AT	3	983C>T	877	NC_000017.11:35100956:G:A	CCSBVarC024896	ENSP00000338790.6:p.Thr328Ile	RAD51D	ENSG00000185379	GEMIN4
pilot3	CCSBORF7201	2	CCSBORF100070143	3AT	3	REF	217	NULL	NULL	NULL	RAD51D	ENSG00000185379	HSF2BP
pilot3	CCSBORF7201	2	CCSBORF100070143	3AT	3	493C>T	2	NC_000017.11:35106468:G:A	CCSBVarC024828	ENSP00000338790.6:p.Arg165Trp	RAD51D	ENSG00000185379	HSF2BP
pilot3	CCSBORF7201	2	CCSBORF100070143	3AT	3	494G>A	8	NC_000017.11:35106467:C:T	CCSBVarC002917	ENSP00000338790.6:p.Arg165Gln	RAD51D	ENSG00000185379	HSF2BP
pilot3	CCSBORF7201	2	CCSBORF100070143	3AT	3	691G>T	99	NC_000017.11:35103300:C:A	CCSBVarC024850	ENSP00000338790.6:p.Ala231Ser	RAD51D	ENSG00000185379	HSF2BP
pilot3	CCSBORF7201	2	CCSBORF100070143	3AT	3	698A>G	1	NC_000017.11:35103293:T:C	CCSBVarC001140	ENSP00000338790.6:p.Glu233Gly	RAD51D	ENSG00000185379	HSF2BP
pilot3	CCSBORF7201	2	CCSBORF100070143	3AT	3	751A>G	336	NC_000017.11:35101352:T:C	CCSBVarC024857	ENSP00000338790.6:p.Ile251Val	RAD51D	ENSG00000185379	HSF2BP
pilot3	CCSBORF7201	2	CCSBORF100070143	3AT	3	865G>A	397	NC_000017.11:35101238:C:T	CCSBVarC024877	ENSP00000338790.6:p.Gly289Ser	RAD51D	ENSG00000185379	HSF2BP
pilot3	CCSBORF7201	2	CCSBORF100070143	3AT	3	869G>A	103	NC_000017.11:35101234:C:T	CCSBVarC024880	ENSP00000338790.6:p.Arg290Gln	RAD51D	ENSG00000185379	HSF2BP
pilot3	CCSBORF7201	2	CCSBORF100070143	3AT	3	915C>G	8178	NC_000017.11:35101024:G:C	CCSBVarC024886	ENSP00000338790.6:p.Phe305Leu	RAD51D	ENSG00000185379	HSF2BP
pilot3	CCSBORF7201	2	CCSBORF100070143	3AT	3	919G>A	22	NC_000017.11:35101020:C:T	CCSBVarC024889	ENSP00000338790.6:p.Glu307Lys	RAD51D	ENSG00000185379	HSF2BP
pilot3	CCSBORF7201	2	CCSBORF100070143	3AT	3	922A>G	299	NC_000017.11:35101017:T:C	CCSBVarC024892	ENSP00000338790.6:p.Met308Val	RAD51D	ENSG00000185379	HSF2BP
pilot3	CCSBORF7201	2	CCSBORF100070143	3AT	3	983C>T	16	NC_000017.11:35100956:G:A	CCSBVarC024896	ENSP00000338790.6:p.Thr328Ile	RAD51D	ENSG00000185379	HSF2BP
pilot3	CCSBORF7201	2	CCSBORF10016	3AT	3	REF	1184	NULL	NULL	NULL	RAD51D	ENSG00000185379	IKZF3
pilot3	CCSBORF7201	2	CCSBORF10016	3AT	3	493C>T	19	NC_000017.11:35106468:G:A	CCSBVarC024828	ENSP00000338790.6:p.Arg165Trp	RAD51D	ENSG00000185379	IKZF3
pilot3	CCSBORF7201	2	CCSBORF10016	3AT	3	494G>A	307	NC_000017.11:35106467:C:T	CCSBVarC002917	ENSP00000338790.6:p.Arg165Gln	RAD51D	ENSG00000185379	IKZF3
pilot3	CCSBORF7201	2	CCSBORF10016	3AT	3	691G>T	1070	NC_000017.11:35103300:C:A	CCSBVarC024850	ENSP00000338790.6:p.Ala231Ser	RAD51D	ENSG00000185379	IKZF3
pilot3	CCSBORF7201	2	CCSBORF10016	3AT	3	698A>G	4	NC_000017.11:35103293:T:C	CCSBVarC001140	ENSP00000338790.6:p.Glu233Gly	RAD51D	ENSG00000185379	IKZF3
pilot3	CCSBORF7201	2	CCSBORF10016	3AT	3	751A>G	2936	NC_000017.11:35101352:T:C	CCSBVarC024857	ENSP00000338790.6:p.Ile251Val	RAD51D	ENSG00000185379	IKZF3
pilot3	CCSBORF7201	2	CCSBORF10016	3AT	3	865G>A	2267	NC_000017.11:35101238:C:T	CCSBVarC024877	ENSP00000338790.6:p.Gly289Ser	RAD51D	ENSG00000185379	IKZF3
pilot3	CCSBORF7201	2	CCSBORF10016	3AT	3	869G>A	2295	NC_000017.11:35101234:C:T	CCSBVarC024880	ENSP00000338790.6:p.Arg290Gln	RAD51D	ENSG00000185379	IKZF3
pilot3	CCSBORF7201	2	CCSBORF10016	3AT	3	915C>G	7545	NC_000017.11:35101024:G:C	CCSBVarC024886	ENSP00000338790.6:p.Phe305Leu	RAD51D	ENSG00000185379	IKZF3
pilot3	CCSBORF7201	2	CCSBORF10016	3AT	3	919G>A	82	NC_000017.11:35101020:C:T	CCSBVarC024889	ENSP00000338790.6:p.Glu307Lys	RAD51D	ENSG00000185379	IKZF3
pilot3	CCSBORF7201	2	CCSBORF10016	3AT	3	922A>G	1451	NC_000017.11:35101017:T:C	CCSBVarC024892	ENSP00000338790.6:p.Met308Val	RAD51D	ENSG00000185379	IKZF3
pilot3	CCSBORF7201	2	CCSBORF10016	3AT	3	983C>T	480	NC_000017.11:35100956:G:A	CCSBVarC024896	ENSP00000338790.6:p.Thr328Ile	RAD51D	ENSG00000185379	IKZF3
pilot3	CCSBORF7201	2	CCSBORF11229	3AT	3	REF	1144	NULL	NULL	NULL	RAD51D	ENSG00000185379	KIFC3
pilot3	CCSBORF7201	2	CCSBORF11229	3AT	3	493C>T	8	NC_000017.11:35106468:G:A	CCSBVarC024828	ENSP00000338790.6:p.Arg165Trp	RAD51D	ENSG00000185379	KIFC3
pilot3	CCSBORF7201	2	CCSBORF11229	3AT	3	494G>A	521	NC_000017.11:35106467:C:T	CCSBVarC002917	ENSP00000338790.6:p.Arg165Gln	RAD51D	ENSG00000185379	KIFC3
pilot3	CCSBORF7201	2	CCSBORF11229	3AT	3	691G>T	1611	NC_000017.11:35103300:C:A	CCSBVarC024850	ENSP00000338790.6:p.Ala231Ser	RAD51D	ENSG00000185379	KIFC3
pilot3	CCSBORF7201	2	CCSBORF11229	3AT	3	698A>G	26	NC_000017.11:35103293:T:C	CCSBVarC001140	ENSP00000338790.6:p.Glu233Gly	RAD51D	ENSG00000185379	KIFC3
pilot3	CCSBORF7201	2	CCSBORF11229	3AT	3	751A>G	2696	NC_000017.11:35101352:T:C	CCSBVarC024857	ENSP00000338790.6:p.Ile251Val	RAD51D	ENSG00000185379	KIFC3
pilot3	CCSBORF7201	2	CCSBORF11229	3AT	3	865G>A	3470	NC_000017.11:35101238:C:T	CCSBVarC024877	ENSP00000338790.6:p.Gly289Ser	RAD51D	ENSG00000185379	KIFC3
pilot3	CCSBORF7201	2	CCSBORF11229	3AT	3	869G>A	2544	NC_000017.11:35101234:C:T	CCSBVarC024880	ENSP00000338790.6:p.Arg290Gln	RAD51D	ENSG00000185379	KIFC3
pilot3	CCSBORF7201	2	CCSBORF11229	3AT	3	915C>G	5421	NC_000017.11:35101024:G:C	CCSBVarC024886	ENSP00000338790.6:p.Phe305Leu	RAD51D	ENSG00000185379	KIFC3
pilot3	CCSBORF7201	2	CCSBORF11229	3AT	3	919G>A	624	NC_000017.11:35101020:C:T	CCSBVarC024889	ENSP00000338790.6:p.Glu307Lys	RAD51D	ENSG00000185379	KIFC3
pilot3	CCSBORF7201	2	CCSBORF11229	3AT	3	922A>G	2887	NC_000017.11:35101017:T:C	CCSBVarC024892	ENSP00000338790.6:p.Met308Val	RAD51D	ENSG00000185379	KIFC3
pilot3	CCSBORF7201	2	CCSBORF11229	3AT	3	983C>T	833	NC_000017.11:35100956:G:A	CCSBVarC024896	ENSP00000338790.6:p.Thr328Ile	RAD51D	ENSG00000185379	KIFC3
pilot3	CCSBORF7201	2	CCSBORF4569	3AT	3	REF	705	NULL	NULL	NULL	RAD51D	ENSG00000185379	LZTS2
pilot3	CCSBORF7201	2	CCSBORF4569	3AT	3	493C>T	44	NC_000017.11:35106468:G:A	CCSBVarC024828	ENSP00000338790.6:p.Arg165Trp	RAD51D	ENSG00000185379	LZTS2
pilot3	CCSBORF7201	2	CCSBORF4569	3AT	3	494G>A	288	NC_000017.11:35106467:C:T	CCSBVarC002917	ENSP00000338790.6:p.Arg165Gln	RAD51D	ENSG00000185379	LZTS2
pilot3	CCSBORF7201	2	CCSBORF4569	3AT	3	691G>T	2382	NC_000017.11:35103300:C:A	CCSBVarC024850	ENSP00000338790.6:p.Ala231Ser	RAD51D	ENSG00000185379	LZTS2
pilot3	CCSBORF7201	2	CCSBORF4569	3AT	3	698A>G	4	NC_000017.11:35103293:T:C	CCSBVarC001140	ENSP00000338790.6:p.Glu233Gly	RAD51D	ENSG00000185379	LZTS2
pilot3	CCSBORF7201	2	CCSBORF4569	3AT	3	751A>G	5088	NC_000017.11:35101352:T:C	CCSBVarC024857	ENSP00000338790.6:p.Ile251Val	RAD51D	ENSG00000185379	LZTS2
pilot3	CCSBORF7201	2	CCSBORF4569	3AT	3	865G>A	4385	NC_000017.11:35101238:C:T	CCSBVarC024877	ENSP00000338790.6:p.Gly289Ser	RAD51D	ENSG00000185379	LZTS2
pilot3	CCSBORF7201	2	CCSBORF4569	3AT	3	869G>A	1002	NC_000017.11:35101234:C:T	CCSBVarC024880	ENSP00000338790.6:p.Arg290Gln	RAD51D	ENSG00000185379	LZTS2
pilot3	CCSBORF7201	2	CCSBORF4569	3AT	3	915C>G	15515	NC_000017.11:35101024:G:C	CCSBVarC024886	ENSP00000338790.6:p.Phe305Leu	RAD51D	ENSG00000185379	LZTS2
pilot3	CCSBORF7201	2	CCSBORF4569	3AT	3	919G>A	175	NC_000017.11:35101020:C:T	CCSBVarC024889	ENSP00000338790.6:p.Glu307Lys	RAD51D	ENSG00000185379	LZTS2
pilot3	CCSBORF7201	2	CCSBORF4569	3AT	3	922A>G	2680	NC_000017.11:35101017:T:C	CCSBVarC024892	ENSP00000338790.6:p.Met308Val	RAD51D	ENSG00000185379	LZTS2
pilot3	CCSBORF7201	2	CCSBORF4569	3AT	3	983C>T	448	NC_000017.11:35100956:G:A	CCSBVarC024896	ENSP00000338790.6:p.Thr328Ile	RAD51D	ENSG00000185379	LZTS2
pilot3	CCSBORF7201	2	CCSBORF72146	3AT	3	REF	437	NULL	NULL	NULL	RAD51D	ENSG00000185379	MAPK8IP3
pilot3	CCSBORF7201	2	CCSBORF72146	3AT	3	493C>T	0	NC_000017.11:35106468:G:A	CCSBVarC024828	ENSP00000338790.6:p.Arg165Trp	RAD51D	ENSG00000185379	MAPK8IP3
pilot3	CCSBORF7201	2	CCSBORF72146	3AT	3	494G>A	207	NC_000017.11:35106467:C:T	CCSBVarC002917	ENSP00000338790.6:p.Arg165Gln	RAD51D	ENSG00000185379	MAPK8IP3
pilot3	CCSBORF7201	2	CCSBORF72146	3AT	3	691G>T	532	NC_000017.11:35103300:C:A	CCSBVarC024850	ENSP00000338790.6:p.Ala231Ser	RAD51D	ENSG00000185379	MAPK8IP3
pilot3	CCSBORF7201	2	CCSBORF72146	3AT	3	698A>G	3	NC_000017.11:35103293:T:C	CCSBVarC001140	ENSP00000338790.6:p.Glu233Gly	RAD51D	ENSG00000185379	MAPK8IP3
pilot3	CCSBORF7201	2	CCSBORF72146	3AT	3	751A>G	1264	NC_000017.11:35101352:T:C	CCSBVarC024857	ENSP00000338790.6:p.Ile251Val	RAD51D	ENSG00000185379	MAPK8IP3
pilot3	CCSBORF7201	2	CCSBORF72146	3AT	3	865G>A	1258	NC_000017.11:35101238:C:T	CCSBVarC024877	ENSP00000338790.6:p.Gly289Ser	RAD51D	ENSG00000185379	MAPK8IP3
pilot3	CCSBORF7201	2	CCSBORF72146	3AT	3	869G>A	1008	NC_000017.11:35101234:C:T	CCSBVarC024880	ENSP00000338790.6:p.Arg290Gln	RAD51D	ENSG00000185379	MAPK8IP3
pilot3	CCSBORF7201	2	CCSBORF72146	3AT	3	915C>G	3793	NC_000017.11:35101024:G:C	CCSBVarC024886	ENSP00000338790.6:p.Phe305Leu	RAD51D	ENSG00000185379	MAPK8IP3
pilot3	CCSBORF7201	2	CCSBORF72146	3AT	3	919G>A	176	NC_000017.11:35101020:C:T	CCSBVarC024889	ENSP00000338790.6:p.Glu307Lys	RAD51D	ENSG00000185379	MAPK8IP3
pilot3	CCSBORF7201	2	CCSBORF72146	3AT	3	922A>G	1312	NC_000017.11:35101017:T:C	CCSBVarC024892	ENSP00000338790.6:p.Met308Val	RAD51D	ENSG00000185379	MAPK8IP3
pilot3	CCSBORF7201	2	CCSBORF72146	3AT	3	983C>T	262	NC_000017.11:35100956:G:A	CCSBVarC024896	ENSP00000338790.6:p.Thr328Ile	RAD51D	ENSG00000185379	MAPK8IP3
pilot3	CCSBORF7201	2	CCSBORF824	3AT	3	REF	252	NULL	NULL	NULL	RAD51D	ENSG00000185379	MEOX2
pilot3	CCSBORF7201	2	CCSBORF824	3AT	3	493C>T	0	NC_000017.11:35106468:G:A	CCSBVarC024828	ENSP00000338790.6:p.Arg165Trp	RAD51D	ENSG00000185379	MEOX2
pilot3	CCSBORF7201	2	CCSBORF824	3AT	3	494G>A	58	NC_000017.11:35106467:C:T	CCSBVarC002917	ENSP00000338790.6:p.Arg165Gln	RAD51D	ENSG00000185379	MEOX2
pilot3	CCSBORF7201	2	CCSBORF824	3AT	3	691G>T	161	NC_000017.11:35103300:C:A	CCSBVarC024850	ENSP00000338790.6:p.Ala231Ser	RAD51D	ENSG00000185379	MEOX2
pilot3	CCSBORF7201	2	CCSBORF824	3AT	3	698A>G	1	NC_000017.11:35103293:T:C	CCSBVarC001140	ENSP00000338790.6:p.Glu233Gly	RAD51D	ENSG00000185379	MEOX2
pilot3	CCSBORF7201	2	CCSBORF824	3AT	3	751A>G	671	NC_000017.11:35101352:T:C	CCSBVarC024857	ENSP00000338790.6:p.Ile251Val	RAD51D	ENSG00000185379	MEOX2
pilot3	CCSBORF7201	2	CCSBORF824	3AT	3	865G>A	931	NC_000017.11:35101238:C:T	CCSBVarC024877	ENSP00000338790.6:p.Gly289Ser	RAD51D	ENSG00000185379	MEOX2
pilot3	CCSBORF7201	2	CCSBORF824	3AT	3	869G>A	290	NC_000017.11:35101234:C:T	CCSBVarC024880	ENSP00000338790.6:p.Arg290Gln	RAD51D	ENSG00000185379	MEOX2
pilot3	CCSBORF7201	2	CCSBORF824	3AT	3	915C>G	15666	NC_000017.11:35101024:G:C	CCSBVarC024886	ENSP00000338790.6:p.Phe305Leu	RAD51D	ENSG00000185379	MEOX2
pilot3	CCSBORF7201	2	CCSBORF824	3AT	3	919G>A	60	NC_000017.11:35101020:C:T	CCSBVarC024889	ENSP00000338790.6:p.Glu307Lys	RAD51D	ENSG00000185379	MEOX2
pilot3	CCSBORF7201	2	CCSBORF824	3AT	3	922A>G	293	NC_000017.11:35101017:T:C	CCSBVarC024892	ENSP00000338790.6:p.Met308Val	RAD51D	ENSG00000185379	MEOX2
pilot3	CCSBORF7201	2	CCSBORF824	3AT	3	983C>T	115	NC_000017.11:35100956:G:A	CCSBVarC024896	ENSP00000338790.6:p.Thr328Ile	RAD51D	ENSG00000185379	MEOX2
pilot3	CCSBORF7201	2	CCSBORF100000407	3AT	3	REF	675	NULL	NULL	NULL	RAD51D	ENSG00000185379	PICK1
pilot3	CCSBORF7201	2	CCSBORF100000407	3AT	3	493C>T	9	NC_000017.11:35106468:G:A	CCSBVarC024828	ENSP00000338790.6:p.Arg165Trp	RAD51D	ENSG00000185379	PICK1
pilot3	CCSBORF7201	2	CCSBORF100000407	3AT	3	494G>A	553	NC_000017.11:35106467:C:T	CCSBVarC002917	ENSP00000338790.6:p.Arg165Gln	RAD51D	ENSG00000185379	PICK1
pilot3	CCSBORF7201	2	CCSBORF100000407	3AT	3	691G>T	699	NC_000017.11:35103300:C:A	CCSBVarC024850	ENSP00000338790.6:p.Ala231Ser	RAD51D	ENSG00000185379	PICK1
pilot3	CCSBORF7201	2	CCSBORF100000407	3AT	3	698A>G	26	NC_000017.11:35103293:T:C	CCSBVarC001140	ENSP00000338790.6:p.Glu233Gly	RAD51D	ENSG00000185379	PICK1
pilot3	CCSBORF7201	2	CCSBORF100000407	3AT	3	751A>G	2597	NC_000017.11:35101352:T:C	CCSBVarC024857	ENSP00000338790.6:p.Ile251Val	RAD51D	ENSG00000185379	PICK1
pilot3	CCSBORF7201	2	CCSBORF100000407	3AT	3	865G>A	2276	NC_000017.11:35101238:C:T	CCSBVarC024877	ENSP00000338790.6:p.Gly289Ser	RAD51D	ENSG00000185379	PICK1
pilot3	CCSBORF7201	2	CCSBORF100000407	3AT	3	869G>A	889	NC_000017.11:35101234:C:T	CCSBVarC024880	ENSP00000338790.6:p.Arg290Gln	RAD51D	ENSG00000185379	PICK1
pilot3	CCSBORF7201	2	CCSBORF100000407	3AT	3	915C>G	4880	NC_000017.11:35101024:G:C	CCSBVarC024886	ENSP00000338790.6:p.Phe305Leu	RAD51D	ENSG00000185379	PICK1
pilot3	CCSBORF7201	2	CCSBORF100000407	3AT	3	919G>A	185	NC_000017.11:35101020:C:T	CCSBVarC024889	ENSP00000338790.6:p.Glu307Lys	RAD51D	ENSG00000185379	PICK1
pilot3	CCSBORF7201	2	CCSBORF100000407	3AT	3	922A>G	1429	NC_000017.11:35101017:T:C	CCSBVarC024892	ENSP00000338790.6:p.Met308Val	RAD51D	ENSG00000185379	PICK1
pilot3	CCSBORF7201	2	CCSBORF100000407	3AT	3	983C>T	829	NC_000017.11:35100956:G:A	CCSBVarC024896	ENSP00000338790.6:p.Thr328Ile	RAD51D	ENSG00000185379	PICK1
pilot3	CCSBORF7201	2	CCSBORF10320	3AT	3	REF	491	NULL	NULL	NULL	RAD51D	ENSG00000185379	PNMA1
pilot3	CCSBORF7201	2	CCSBORF10320	3AT	3	493C>T	3	NC_000017.11:35106468:G:A	CCSBVarC024828	ENSP00000338790.6:p.Arg165Trp	RAD51D	ENSG00000185379	PNMA1
pilot3	CCSBORF7201	2	CCSBORF10320	3AT	3	494G>A	5	NC_000017.11:35106467:C:T	CCSBVarC002917	ENSP00000338790.6:p.Arg165Gln	RAD51D	ENSG00000185379	PNMA1
pilot3	CCSBORF7201	2	CCSBORF10320	3AT	3	691G>T	1088	NC_000017.11:35103300:C:A	CCSBVarC024850	ENSP00000338790.6:p.Ala231Ser	RAD51D	ENSG00000185379	PNMA1
pilot3	CCSBORF7201	2	CCSBORF10320	3AT	3	698A>G	1	NC_000017.11:35103293:T:C	CCSBVarC001140	ENSP00000338790.6:p.Glu233Gly	RAD51D	ENSG00000185379	PNMA1
pilot3	CCSBORF7201	2	CCSBORF10320	3AT	3	751A>G	1906	NC_000017.11:35101352:T:C	CCSBVarC024857	ENSP00000338790.6:p.Ile251Val	RAD51D	ENSG00000185379	PNMA1
pilot3	CCSBORF7201	2	CCSBORF10320	3AT	3	865G>A	1311	NC_000017.11:35101238:C:T	CCSBVarC024877	ENSP00000338790.6:p.Gly289Ser	RAD51D	ENSG00000185379	PNMA1
pilot3	CCSBORF7201	2	CCSBORF10320	3AT	3	869G>A	1057	NC_000017.11:35101234:C:T	CCSBVarC024880	ENSP00000338790.6:p.Arg290Gln	RAD51D	ENSG00000185379	PNMA1
pilot3	CCSBORF7201	2	CCSBORF10320	3AT	3	915C>G	22411	NC_000017.11:35101024:G:C	CCSBVarC024886	ENSP00000338790.6:p.Phe305Leu	RAD51D	ENSG00000185379	PNMA1
pilot3	CCSBORF7201	2	CCSBORF10320	3AT	3	919G>A	5	NC_000017.11:35101020:C:T	CCSBVarC024889	ENSP00000338790.6:p.Glu307Lys	RAD51D	ENSG00000185379	PNMA1
pilot3	CCSBORF7201	2	CCSBORF10320	3AT	3	922A>G	276	NC_000017.11:35101017:T:C	CCSBVarC024892	ENSP00000338790.6:p.Met308Val	RAD51D	ENSG00000185379	PNMA1
pilot3	CCSBORF7201	2	CCSBORF10320	3AT	3	983C>T	142	NC_000017.11:35100956:G:A	CCSBVarC024896	ENSP00000338790.6:p.Thr328Ile	RAD51D	ENSG00000185379	PNMA1
pilot3	CCSBORF5861	4	CCSBORF12279	3AT	3	REF	257	NULL	NULL	NULL	PPP2R1A	ENSG00000105568	CSDC2
pilot3	CCSBORF5861	4	CCSBORF12279	3AT	3	1030G>T	9	NC_000019.10:52216564:G:T	CCSBVarC023477	ENSP00000324804.6:p.Ala344Ser	PPP2R1A	ENSG00000105568	CSDC2
pilot3	CCSBORF5861	4	CCSBORF12279	3AT	3	1229A>T	188	NC_000019.10:52219790:A:T	CCSBVarC023479	ENSP00000324804.6:p.Glu410Val	PPP2R1A	ENSG00000105568	CSDC2
pilot3	CCSBORF5861	4	CCSBORF12279	3AT	3	1481A>G	560	NC_000019.10:52221095:A:G	CCSBVarC023482	ENSP00000324804.6:p.Asn494Ser	PPP2R1A	ENSG00000105568	CSDC2
pilot3	CCSBORF5861	4	CCSBORF12279	3AT	3	1493G>T	111	NC_000019.10:52221107:G:T	CCSBVarC023486	ENSP00000324804.6:p.Arg498Leu	PPP2R1A	ENSG00000105568	CSDC2
pilot3	CCSBORF5861	4	CCSBORF12279	3AT	3	1513A>G	64	NC_000019.10:52221127:A:G	CCSBVarC023489	ENSP00000324804.6:p.Ile505Val	PPP2R1A	ENSG00000105568	CSDC2
pilot3	CCSBORF5861	4	CCSBORF12279	3AT	3	1560C>G	253	NC_000019.10:52222139:C:G	CCSBVarC023493	ENSP00000324804.6:p.His520Gln	PPP2R1A	ENSG00000105568	CSDC2
pilot3	CCSBORF5861	4	CCSBORF12279	3AT	3	259C>T	29	NC_000019.10:52206051:C:T	CCSBVarC023336	ENSP00000324804.6:p.His87Tyr	PPP2R1A	ENSG00000105568	CSDC2
pilot3	CCSBORF5861	4	CCSBORF12279	3AT	3	331T>G	597	NC_000019.10:52211319:T:G	CCSBVarC023343	ENSP00000324804.6:p.Ser111Ala	PPP2R1A	ENSG00000105568	CSDC2
pilot3	CCSBORF5861	4	CCSBORF12279	3AT	3	352G>A	0	NC_000019.10:52211340:G:A	CCSBVarC023346	ENSP00000324804.6:p.Glu118Lys	PPP2R1A	ENSG00000105568	CSDC2
pilot3	CCSBORF5861	4	CCSBORF12279	3AT	3	377C>T	31	NC_000019.10:52211365:C:T	CCSBVarC023349	ENSP00000324804.6:p.Ala126Val	PPP2R1A	ENSG00000105568	CSDC2
pilot3	CCSBORF5861	4	CCSBORF12279	3AT	3	430C>T	0	NC_000019.10:52211418:C:T	CCSBVarC023352	ENSP00000324804.6:p.Arg144Cys	PPP2R1A	ENSG00000105568	CSDC2
pilot3	CCSBORF5861	4	CCSBORF12279	3AT	3	470G>A	167	NC_000019.10:52211458:G:A	CCSBVarC023356	ENSP00000324804.6:p.Arg157Gln	PPP2R1A	ENSG00000105568	CSDC2
pilot3	CCSBORF5861	4	CCSBORF12279	3AT	3	472G>C	0	NC_000019.10:52211460:G:C	CCSBVarC023359	ENSP00000324804.6:p.Val158Leu	PPP2R1A	ENSG00000105568	CSDC2
pilot3	CCSBORF5861	4	CCSBORF12279	3AT	3	522C>G	20	NC_000019.10:52212703:C:G	CCSBVarC023383	ENSP00000324804.6:p.Cys174Trp	PPP2R1A	ENSG00000105568	CSDC2
pilot3	CCSBORF5861	4	CCSBORF12279	3AT	3	532A>G	12	NC_000019.10:52212713:A:G	CCSBVarC023386	ENSP00000324804.6:p.Thr178Ala	PPP2R1A	ENSG00000105568	CSDC2
pilot3	CCSBORF5861	4	CCSBORF12279	3AT	3	536C>A	204	NC_000019.10:52212717:C:A	CCSBVarC023388	ENSP00000324804.6:p.Pro179His	PPP2R1A	ENSG00000105568	CSDC2
pilot3	CCSBORF5861	4	CCSBORF12279	3AT	3	536C>G	3	NC_000019.10:52212717:C:G	CCSBVarC023391	ENSP00000324804.6:p.Pro179Arg	PPP2R1A	ENSG00000105568	CSDC2
pilot3	CCSBORF5861	4	CCSBORF12279	3AT	3	536C>T	267	NC_000019.10:52212717:C:T	CCSBVarC023394	ENSP00000324804.6:p.Pro179Leu	PPP2R1A	ENSG00000105568	CSDC2
pilot3	CCSBORF5861	4	CCSBORF12279	3AT	3	538A>G	888	NC_000019.10:52212719:A:G	CCSBVarC023426	ENSP00000324804.6:p.Met180Val	PPP2R1A	ENSG00000105568	CSDC2
pilot3	CCSBORF5861	4	CCSBORF12279	3AT	3	539T>C	269	NC_000019.10:52212720:T:C	CCSBVarC023429	ENSP00000324804.6:p.Met180Thr	PPP2R1A	ENSG00000105568	CSDC2
pilot3	CCSBORF5861	4	CCSBORF12279	3AT	3	547C>G	179	NC_000019.10:52212728:C:G	CCSBVarC023437	ENSP00000324804.6:p.Arg183Gly	PPP2R1A	ENSG00000105568	CSDC2
pilot3	CCSBORF5861	4	CCSBORF12279	3AT	3	547C>T	14571	NC_000019.10:52212728:C:T	CCSBVarC023440	ENSP00000324804.6:p.Arg183Trp	PPP2R1A	ENSG00000105568	CSDC2
pilot3	CCSBORF5861	4	CCSBORF12279	3AT	3	548G>C	351	NC_000019.10:52212729:G:C	CCSBVarC023445	ENSP00000324804.6:p.Arg183Pro	PPP2R1A	ENSG00000105568	CSDC2
pilot3	CCSBORF5861	4	CCSBORF12279	3AT	3	553G>A	40	NC_000019.10:52212734:G:A	CCSBVarC023447	ENSP00000324804.6:p.Ala185Thr	PPP2R1A	ENSG00000105568	CSDC2
pilot3	CCSBORF5861	4	CCSBORF12279	3AT	3	658G>A	452	NC_000019.10:52212960:G:A	CCSBVarC023455	ENSP00000324804.6:p.Val220Met	PPP2R1A	ENSG00000105568	CSDC2
pilot3	CCSBORF5861	4	CCSBORF12279	3AT	3	694G>A	2	NC_000019.10:52212996:G:A	CCSBVarC023458	ENSP00000324804.6:p.Ala232Thr	PPP2R1A	ENSG00000105568	CSDC2
pilot3	CCSBORF5861	4	CCSBORF100062506	3AT	3	REF	1838	NULL	NULL	NULL	PPP2R1A	ENSG00000105568	FBXO43
pilot3	CCSBORF5861	4	CCSBORF100062506	3AT	3	1030G>T	71	NC_000019.10:52216564:G:T	CCSBVarC023477	ENSP00000324804.6:p.Ala344Ser	PPP2R1A	ENSG00000105568	FBXO43
pilot3	CCSBORF5861	4	CCSBORF100062506	3AT	3	1229A>T	306	NC_000019.10:52219790:A:T	CCSBVarC023479	ENSP00000324804.6:p.Glu410Val	PPP2R1A	ENSG00000105568	FBXO43
pilot3	CCSBORF5861	4	CCSBORF100062506	3AT	3	1481A>G	3768	NC_000019.10:52221095:A:G	CCSBVarC023482	ENSP00000324804.6:p.Asn494Ser	PPP2R1A	ENSG00000105568	FBXO43
pilot3	CCSBORF5861	4	CCSBORF100062506	3AT	3	1493G>T	26	NC_000019.10:52221107:G:T	CCSBVarC023486	ENSP00000324804.6:p.Arg498Leu	PPP2R1A	ENSG00000105568	FBXO43
pilot3	CCSBORF5861	4	CCSBORF100062506	3AT	3	1513A>G	145	NC_000019.10:52221127:A:G	CCSBVarC023489	ENSP00000324804.6:p.Ile505Val	PPP2R1A	ENSG00000105568	FBXO43
pilot3	CCSBORF5861	4	CCSBORF100062506	3AT	3	1560C>G	461	NC_000019.10:52222139:C:G	CCSBVarC023493	ENSP00000324804.6:p.His520Gln	PPP2R1A	ENSG00000105568	FBXO43
pilot3	CCSBORF5861	4	CCSBORF100062506	3AT	3	259C>T	316	NC_000019.10:52206051:C:T	CCSBVarC023336	ENSP00000324804.6:p.His87Tyr	PPP2R1A	ENSG00000105568	FBXO43
pilot3	CCSBORF5861	4	CCSBORF100062506	3AT	3	331T>G	837	NC_000019.10:52211319:T:G	CCSBVarC023343	ENSP00000324804.6:p.Ser111Ala	PPP2R1A	ENSG00000105568	FBXO43
pilot3	CCSBORF5861	4	CCSBORF100062506	3AT	3	352G>A	35	NC_000019.10:52211340:G:A	CCSBVarC023346	ENSP00000324804.6:p.Glu118Lys	PPP2R1A	ENSG00000105568	FBXO43
pilot3	CCSBORF5861	4	CCSBORF100062506	3AT	3	377C>T	24	NC_000019.10:52211365:C:T	CCSBVarC023349	ENSP00000324804.6:p.Ala126Val	PPP2R1A	ENSG00000105568	FBXO43
pilot3	CCSBORF5861	4	CCSBORF100062506	3AT	3	430C>T	25	NC_000019.10:52211418:C:T	CCSBVarC023352	ENSP00000324804.6:p.Arg144Cys	PPP2R1A	ENSG00000105568	FBXO43
pilot3	CCSBORF5861	4	CCSBORF100062506	3AT	3	470G>A	326	NC_000019.10:52211458:G:A	CCSBVarC023356	ENSP00000324804.6:p.Arg157Gln	PPP2R1A	ENSG00000105568	FBXO43
pilot3	CCSBORF5861	4	CCSBORF100062506	3AT	3	472G>C	0	NC_000019.10:52211460:G:C	CCSBVarC023359	ENSP00000324804.6:p.Val158Leu	PPP2R1A	ENSG00000105568	FBXO43
pilot3	CCSBORF5861	4	CCSBORF100062506	3AT	3	522C>G	37	NC_000019.10:52212703:C:G	CCSBVarC023383	ENSP00000324804.6:p.Cys174Trp	PPP2R1A	ENSG00000105568	FBXO43
pilot3	CCSBORF5861	4	CCSBORF100062506	3AT	3	532A>G	219	NC_000019.10:52212713:A:G	CCSBVarC023386	ENSP00000324804.6:p.Thr178Ala	PPP2R1A	ENSG00000105568	FBXO43
pilot3	CCSBORF5861	4	CCSBORF100062506	3AT	3	536C>A	60	NC_000019.10:52212717:C:A	CCSBVarC023388	ENSP00000324804.6:p.Pro179His	PPP2R1A	ENSG00000105568	FBXO43
pilot3	CCSBORF5861	4	CCSBORF100062506	3AT	3	536C>G	7	NC_000019.10:52212717:C:G	CCSBVarC023391	ENSP00000324804.6:p.Pro179Arg	PPP2R1A	ENSG00000105568	FBXO43
pilot3	CCSBORF5861	4	CCSBORF100062506	3AT	3	536C>T	333	NC_000019.10:52212717:C:T	CCSBVarC023394	ENSP00000324804.6:p.Pro179Leu	PPP2R1A	ENSG00000105568	FBXO43
pilot3	CCSBORF5861	4	CCSBORF100062506	3AT	3	538A>G	1556	NC_000019.10:52212719:A:G	CCSBVarC023426	ENSP00000324804.6:p.Met180Val	PPP2R1A	ENSG00000105568	FBXO43
pilot3	CCSBORF5861	4	CCSBORF100062506	3AT	3	539T>C	348	NC_000019.10:52212720:T:C	CCSBVarC023429	ENSP00000324804.6:p.Met180Thr	PPP2R1A	ENSG00000105568	FBXO43
pilot3	CCSBORF5861	4	CCSBORF100062506	3AT	3	547C>G	68	NC_000019.10:52212728:C:G	CCSBVarC023437	ENSP00000324804.6:p.Arg183Gly	PPP2R1A	ENSG00000105568	FBXO43
pilot3	CCSBORF5861	4	CCSBORF100062506	3AT	3	547C>T	3827	NC_000019.10:52212728:C:T	CCSBVarC023440	ENSP00000324804.6:p.Arg183Trp	PPP2R1A	ENSG00000105568	FBXO43
pilot3	CCSBORF5861	4	CCSBORF100062506	3AT	3	548G>C	430	NC_000019.10:52212729:G:C	CCSBVarC023445	ENSP00000324804.6:p.Arg183Pro	PPP2R1A	ENSG00000105568	FBXO43
pilot3	CCSBORF5861	4	CCSBORF100062506	3AT	3	553G>A	73	NC_000019.10:52212734:G:A	CCSBVarC023447	ENSP00000324804.6:p.Ala185Thr	PPP2R1A	ENSG00000105568	FBXO43
pilot3	CCSBORF5861	4	CCSBORF100062506	3AT	3	658G>A	2086	NC_000019.10:52212960:G:A	CCSBVarC023455	ENSP00000324804.6:p.Val220Met	PPP2R1A	ENSG00000105568	FBXO43
pilot3	CCSBORF5861	4	CCSBORF100062506	3AT	3	694G>A	14	NC_000019.10:52212996:G:A	CCSBVarC023458	ENSP00000324804.6:p.Ala232Thr	PPP2R1A	ENSG00000105568	FBXO43
pilot3	CCSBORF5861	4	CCSBORF100061924	3AT	3	REF	455	NULL	NULL	NULL	PPP2R1A	ENSG00000105568	GOLGA6A
pilot3	CCSBORF5861	4	CCSBORF100061924	3AT	3	1030G>T	131	NC_000019.10:52216564:G:T	CCSBVarC023477	ENSP00000324804.6:p.Ala344Ser	PPP2R1A	ENSG00000105568	GOLGA6A
pilot3	CCSBORF5861	4	CCSBORF100061924	3AT	3	1229A>T	363	NC_000019.10:52219790:A:T	CCSBVarC023479	ENSP00000324804.6:p.Glu410Val	PPP2R1A	ENSG00000105568	GOLGA6A
pilot3	CCSBORF5861	4	CCSBORF100061924	3AT	3	1481A>G	3318	NC_000019.10:52221095:A:G	CCSBVarC023482	ENSP00000324804.6:p.Asn494Ser	PPP2R1A	ENSG00000105568	GOLGA6A
pilot3	CCSBORF5861	4	CCSBORF100061924	3AT	3	1493G>T	157	NC_000019.10:52221107:G:T	CCSBVarC023486	ENSP00000324804.6:p.Arg498Leu	PPP2R1A	ENSG00000105568	GOLGA6A
pilot3	CCSBORF5861	4	CCSBORF100061924	3AT	3	1513A>G	114	NC_000019.10:52221127:A:G	CCSBVarC023489	ENSP00000324804.6:p.Ile505Val	PPP2R1A	ENSG00000105568	GOLGA6A
pilot3	CCSBORF5861	4	CCSBORF100061924	3AT	3	1560C>G	1047	NC_000019.10:52222139:C:G	CCSBVarC023493	ENSP00000324804.6:p.His520Gln	PPP2R1A	ENSG00000105568	GOLGA6A
pilot3	CCSBORF5861	4	CCSBORF100061924	3AT	3	259C>T	523	NC_000019.10:52206051:C:T	CCSBVarC023336	ENSP00000324804.6:p.His87Tyr	PPP2R1A	ENSG00000105568	GOLGA6A
pilot3	CCSBORF5861	4	CCSBORF100061924	3AT	3	331T>G	2030	NC_000019.10:52211319:T:G	CCSBVarC023343	ENSP00000324804.6:p.Ser111Ala	PPP2R1A	ENSG00000105568	GOLGA6A
pilot3	CCSBORF5861	4	CCSBORF100061924	3AT	3	352G>A	153	NC_000019.10:52211340:G:A	CCSBVarC023346	ENSP00000324804.6:p.Glu118Lys	PPP2R1A	ENSG00000105568	GOLGA6A
pilot3	CCSBORF5861	4	CCSBORF100061924	3AT	3	377C>T	98	NC_000019.10:52211365:C:T	CCSBVarC023349	ENSP00000324804.6:p.Ala126Val	PPP2R1A	ENSG00000105568	GOLGA6A
pilot3	CCSBORF5861	4	CCSBORF100061924	3AT	3	430C>T	27	NC_000019.10:52211418:C:T	CCSBVarC023352	ENSP00000324804.6:p.Arg144Cys	PPP2R1A	ENSG00000105568	GOLGA6A
pilot3	CCSBORF5861	4	CCSBORF100061924	3AT	3	470G>A	1263	NC_000019.10:52211458:G:A	CCSBVarC023356	ENSP00000324804.6:p.Arg157Gln	PPP2R1A	ENSG00000105568	GOLGA6A
pilot3	CCSBORF5861	4	CCSBORF100061924	3AT	3	472G>C	0	NC_000019.10:52211460:G:C	CCSBVarC023359	ENSP00000324804.6:p.Val158Leu	PPP2R1A	ENSG00000105568	GOLGA6A
pilot3	CCSBORF5861	4	CCSBORF100061924	3AT	3	522C>G	157	NC_000019.10:52212703:C:G	CCSBVarC023383	ENSP00000324804.6:p.Cys174Trp	PPP2R1A	ENSG00000105568	GOLGA6A
pilot3	CCSBORF5861	4	CCSBORF100061924	3AT	3	532A>G	353	NC_000019.10:52212713:A:G	CCSBVarC023386	ENSP00000324804.6:p.Thr178Ala	PPP2R1A	ENSG00000105568	GOLGA6A
pilot3	CCSBORF5861	4	CCSBORF100061924	3AT	3	536C>A	26	NC_000019.10:52212717:C:A	CCSBVarC023388	ENSP00000324804.6:p.Pro179His	PPP2R1A	ENSG00000105568	GOLGA6A
pilot3	CCSBORF5861	4	CCSBORF100061924	3AT	3	536C>G	0	NC_000019.10:52212717:C:G	CCSBVarC023391	ENSP00000324804.6:p.Pro179Arg	PPP2R1A	ENSG00000105568	GOLGA6A
pilot3	CCSBORF5861	4	CCSBORF100061924	3AT	3	536C>T	56	NC_000019.10:52212717:C:T	CCSBVarC023394	ENSP00000324804.6:p.Pro179Leu	PPP2R1A	ENSG00000105568	GOLGA6A
pilot3	CCSBORF5861	4	CCSBORF100061924	3AT	3	538A>G	994	NC_000019.10:52212719:A:G	CCSBVarC023426	ENSP00000324804.6:p.Met180Val	PPP2R1A	ENSG00000105568	GOLGA6A
pilot3	CCSBORF5861	4	CCSBORF100061924	3AT	3	539T>C	292	NC_000019.10:52212720:T:C	CCSBVarC023429	ENSP00000324804.6:p.Met180Thr	PPP2R1A	ENSG00000105568	GOLGA6A
pilot3	CCSBORF5861	4	CCSBORF100061924	3AT	3	547C>G	1	NC_000019.10:52212728:C:G	CCSBVarC023437	ENSP00000324804.6:p.Arg183Gly	PPP2R1A	ENSG00000105568	GOLGA6A
pilot3	CCSBORF5861	4	CCSBORF100061924	3AT	3	547C>T	23	NC_000019.10:52212728:C:T	CCSBVarC023440	ENSP00000324804.6:p.Arg183Trp	PPP2R1A	ENSG00000105568	GOLGA6A
pilot3	CCSBORF5861	4	CCSBORF100061924	3AT	3	548G>C	4	NC_000019.10:52212729:G:C	CCSBVarC023445	ENSP00000324804.6:p.Arg183Pro	PPP2R1A	ENSG00000105568	GOLGA6A
pilot3	CCSBORF5861	4	CCSBORF100061924	3AT	3	553G>A	114	NC_000019.10:52212734:G:A	CCSBVarC023447	ENSP00000324804.6:p.Ala185Thr	PPP2R1A	ENSG00000105568	GOLGA6A
pilot3	CCSBORF5861	4	CCSBORF100061924	3AT	3	658G>A	2146	NC_000019.10:52212960:G:A	CCSBVarC023455	ENSP00000324804.6:p.Val220Met	PPP2R1A	ENSG00000105568	GOLGA6A
pilot3	CCSBORF5861	4	CCSBORF100061924	3AT	3	694G>A	105	NC_000019.10:52212996:G:A	CCSBVarC023458	ENSP00000324804.6:p.Ala232Thr	PPP2R1A	ENSG00000105568	GOLGA6A
pilot3	CCSBORF5861	4	CCSBORF52950	3AT	3	REF	589	NULL	NULL	NULL	PPP2R1A	ENSG00000105568	STRN
pilot3	CCSBORF5861	4	CCSBORF52950	3AT	3	1030G>T	135	NC_000019.10:52216564:G:T	CCSBVarC023477	ENSP00000324804.6:p.Ala344Ser	PPP2R1A	ENSG00000105568	STRN
pilot3	CCSBORF5861	4	CCSBORF52950	3AT	3	1229A>T	45	NC_000019.10:52219790:A:T	CCSBVarC023479	ENSP00000324804.6:p.Glu410Val	PPP2R1A	ENSG00000105568	STRN
pilot3	CCSBORF5861	4	CCSBORF52950	3AT	3	1481A>G	278	NC_000019.10:52221095:A:G	CCSBVarC023482	ENSP00000324804.6:p.Asn494Ser	PPP2R1A	ENSG00000105568	STRN
pilot3	CCSBORF5861	4	CCSBORF52950	3AT	3	1493G>T	10	NC_000019.10:52221107:G:T	CCSBVarC023486	ENSP00000324804.6:p.Arg498Leu	PPP2R1A	ENSG00000105568	STRN
pilot3	CCSBORF5861	4	CCSBORF52950	3AT	3	1513A>G	21	NC_000019.10:52221127:A:G	CCSBVarC023489	ENSP00000324804.6:p.Ile505Val	PPP2R1A	ENSG00000105568	STRN
pilot3	CCSBORF5861	4	CCSBORF52950	3AT	3	1560C>G	389	NC_000019.10:52222139:C:G	CCSBVarC023493	ENSP00000324804.6:p.His520Gln	PPP2R1A	ENSG00000105568	STRN
pilot3	CCSBORF5861	4	CCSBORF52950	3AT	3	259C>T	130	NC_000019.10:52206051:C:T	CCSBVarC023336	ENSP00000324804.6:p.His87Tyr	PPP2R1A	ENSG00000105568	STRN
pilot3	CCSBORF5861	4	CCSBORF52950	3AT	3	331T>G	338	NC_000019.10:52211319:T:G	CCSBVarC023343	ENSP00000324804.6:p.Ser111Ala	PPP2R1A	ENSG00000105568	STRN
pilot3	CCSBORF5861	4	CCSBORF52950	3AT	3	352G>A	66	NC_000019.10:52211340:G:A	CCSBVarC023346	ENSP00000324804.6:p.Glu118Lys	PPP2R1A	ENSG00000105568	STRN
pilot3	CCSBORF5861	4	CCSBORF52950	3AT	3	377C>T	36	NC_000019.10:52211365:C:T	CCSBVarC023349	ENSP00000324804.6:p.Ala126Val	PPP2R1A	ENSG00000105568	STRN
pilot3	CCSBORF5861	4	CCSBORF52950	3AT	3	430C>T	44	NC_000019.10:52211418:C:T	CCSBVarC023352	ENSP00000324804.6:p.Arg144Cys	PPP2R1A	ENSG00000105568	STRN
pilot3	CCSBORF5861	4	CCSBORF52950	3AT	3	470G>A	510	NC_000019.10:52211458:G:A	CCSBVarC023356	ENSP00000324804.6:p.Arg157Gln	PPP2R1A	ENSG00000105568	STRN
pilot3	CCSBORF5861	4	CCSBORF52950	3AT	3	472G>C	1	NC_000019.10:52211460:G:C	CCSBVarC023359	ENSP00000324804.6:p.Val158Leu	PPP2R1A	ENSG00000105568	STRN
pilot3	CCSBORF5861	4	CCSBORF52950	3AT	3	522C>G	46	NC_000019.10:52212703:C:G	CCSBVarC023383	ENSP00000324804.6:p.Cys174Trp	PPP2R1A	ENSG00000105568	STRN
pilot3	CCSBORF5861	4	CCSBORF52950	3AT	3	532A>G	164	NC_000019.10:52212713:A:G	CCSBVarC023386	ENSP00000324804.6:p.Thr178Ala	PPP2R1A	ENSG00000105568	STRN
pilot3	CCSBORF5861	4	CCSBORF52950	3AT	3	536C>A	482	NC_000019.10:52212717:C:A	CCSBVarC023388	ENSP00000324804.6:p.Pro179His	PPP2R1A	ENSG00000105568	STRN
pilot3	CCSBORF5861	4	CCSBORF52950	3AT	3	536C>G	31	NC_000019.10:52212717:C:G	CCSBVarC023391	ENSP00000324804.6:p.Pro179Arg	PPP2R1A	ENSG00000105568	STRN
pilot3	CCSBORF5861	4	CCSBORF52950	3AT	3	536C>T	312	NC_000019.10:52212717:C:T	CCSBVarC023394	ENSP00000324804.6:p.Pro179Leu	PPP2R1A	ENSG00000105568	STRN
pilot3	CCSBORF5861	4	CCSBORF52950	3AT	3	538A>G	1683	NC_000019.10:52212719:A:G	CCSBVarC023426	ENSP00000324804.6:p.Met180Val	PPP2R1A	ENSG00000105568	STRN
pilot3	CCSBORF5861	4	CCSBORF52950	3AT	3	539T>C	259	NC_000019.10:52212720:T:C	CCSBVarC023429	ENSP00000324804.6:p.Met180Thr	PPP2R1A	ENSG00000105568	STRN
pilot3	CCSBORF5861	4	CCSBORF52950	3AT	3	547C>G	170	NC_000019.10:52212728:C:G	CCSBVarC023437	ENSP00000324804.6:p.Arg183Gly	PPP2R1A	ENSG00000105568	STRN
pilot3	CCSBORF5861	4	CCSBORF52950	3AT	3	547C>T	5393	NC_000019.10:52212728:C:T	CCSBVarC023440	ENSP00000324804.6:p.Arg183Trp	PPP2R1A	ENSG00000105568	STRN
pilot3	CCSBORF5861	4	CCSBORF52950	3AT	3	548G>C	2216	NC_000019.10:52212729:G:C	CCSBVarC023445	ENSP00000324804.6:p.Arg183Pro	PPP2R1A	ENSG00000105568	STRN
pilot3	CCSBORF5861	4	CCSBORF52950	3AT	3	553G>A	90	NC_000019.10:52212734:G:A	CCSBVarC023447	ENSP00000324804.6:p.Ala185Thr	PPP2R1A	ENSG00000105568	STRN
pilot3	CCSBORF5861	4	CCSBORF52950	3AT	3	658G>A	4106	NC_000019.10:52212960:G:A	CCSBVarC023455	ENSP00000324804.6:p.Val220Met	PPP2R1A	ENSG00000105568	STRN
pilot3	CCSBORF5861	4	CCSBORF52950	3AT	3	694G>A	78	NC_000019.10:52212996:G:A	CCSBVarC023458	ENSP00000324804.6:p.Ala232Thr	PPP2R1A	ENSG00000105568	STRN
pilot3	CCSBORF5861	4	CCSBORF55030	3AT	3	REF	1046	NULL	NULL	NULL	PPP2R1A	ENSG00000105568	STRN3
pilot3	CCSBORF5861	4	CCSBORF55030	3AT	3	1030G>T	72	NC_000019.10:52216564:G:T	CCSBVarC023477	ENSP00000324804.6:p.Ala344Ser	PPP2R1A	ENSG00000105568	STRN3
pilot3	CCSBORF5861	4	CCSBORF55030	3AT	3	1229A>T	152	NC_000019.10:52219790:A:T	CCSBVarC023479	ENSP00000324804.6:p.Glu410Val	PPP2R1A	ENSG00000105568	STRN3
pilot3	CCSBORF5861	4	CCSBORF55030	3AT	3	1481A>G	1332	NC_000019.10:52221095:A:G	CCSBVarC023482	ENSP00000324804.6:p.Asn494Ser	PPP2R1A	ENSG00000105568	STRN3
pilot3	CCSBORF5861	4	CCSBORF55030	3AT	3	1493G>T	53	NC_000019.10:52221107:G:T	CCSBVarC023486	ENSP00000324804.6:p.Arg498Leu	PPP2R1A	ENSG00000105568	STRN3
pilot3	CCSBORF5861	4	CCSBORF55030	3AT	3	1513A>G	73	NC_000019.10:52221127:A:G	CCSBVarC023489	ENSP00000324804.6:p.Ile505Val	PPP2R1A	ENSG00000105568	STRN3
pilot3	CCSBORF5861	4	CCSBORF55030	3AT	3	1560C>G	609	NC_000019.10:52222139:C:G	CCSBVarC023493	ENSP00000324804.6:p.His520Gln	PPP2R1A	ENSG00000105568	STRN3
pilot3	CCSBORF5861	4	CCSBORF55030	3AT	3	259C>T	183	NC_000019.10:52206051:C:T	CCSBVarC023336	ENSP00000324804.6:p.His87Tyr	PPP2R1A	ENSG00000105568	STRN3
pilot3	CCSBORF5861	4	CCSBORF55030	3AT	3	331T>G	709	NC_000019.10:52211319:T:G	CCSBVarC023343	ENSP00000324804.6:p.Ser111Ala	PPP2R1A	ENSG00000105568	STRN3
pilot3	CCSBORF5861	4	CCSBORF55030	3AT	3	352G>A	90	NC_000019.10:52211340:G:A	CCSBVarC023346	ENSP00000324804.6:p.Glu118Lys	PPP2R1A	ENSG00000105568	STRN3
pilot3	CCSBORF5861	4	CCSBORF55030	3AT	3	377C>T	103	NC_000019.10:52211365:C:T	CCSBVarC023349	ENSP00000324804.6:p.Ala126Val	PPP2R1A	ENSG00000105568	STRN3
pilot3	CCSBORF5861	4	CCSBORF55030	3AT	3	430C>T	43	NC_000019.10:52211418:C:T	CCSBVarC023352	ENSP00000324804.6:p.Arg144Cys	PPP2R1A	ENSG00000105568	STRN3
pilot3	CCSBORF5861	4	CCSBORF55030	3AT	3	470G>A	703	NC_000019.10:52211458:G:A	CCSBVarC023356	ENSP00000324804.6:p.Arg157Gln	PPP2R1A	ENSG00000105568	STRN3
pilot3	CCSBORF5861	4	CCSBORF55030	3AT	3	472G>C	0	NC_000019.10:52211460:G:C	CCSBVarC023359	ENSP00000324804.6:p.Val158Leu	PPP2R1A	ENSG00000105568	STRN3
pilot3	CCSBORF5861	4	CCSBORF55030	3AT	3	522C>G	88	NC_000019.10:52212703:C:G	CCSBVarC023383	ENSP00000324804.6:p.Cys174Trp	PPP2R1A	ENSG00000105568	STRN3
pilot3	CCSBORF5861	4	CCSBORF55030	3AT	3	532A>G	153	NC_000019.10:52212713:A:G	CCSBVarC023386	ENSP00000324804.6:p.Thr178Ala	PPP2R1A	ENSG00000105568	STRN3
pilot3	CCSBORF5861	4	CCSBORF55030	3AT	3	536C>A	200	NC_000019.10:52212717:C:A	CCSBVarC023388	ENSP00000324804.6:p.Pro179His	PPP2R1A	ENSG00000105568	STRN3
pilot3	CCSBORF5861	4	CCSBORF55030	3AT	3	536C>G	8	NC_000019.10:52212717:C:G	CCSBVarC023391	ENSP00000324804.6:p.Pro179Arg	PPP2R1A	ENSG00000105568	STRN3
pilot3	CCSBORF5861	4	CCSBORF55030	3AT	3	536C>T	257	NC_000019.10:52212717:C:T	CCSBVarC023394	ENSP00000324804.6:p.Pro179Leu	PPP2R1A	ENSG00000105568	STRN3
pilot3	CCSBORF5861	4	CCSBORF55030	3AT	3	538A>G	1060	NC_000019.10:52212719:A:G	CCSBVarC023426	ENSP00000324804.6:p.Met180Val	PPP2R1A	ENSG00000105568	STRN3
pilot3	CCSBORF5861	4	CCSBORF55030	3AT	3	539T>C	198	NC_000019.10:52212720:T:C	CCSBVarC023429	ENSP00000324804.6:p.Met180Thr	PPP2R1A	ENSG00000105568	STRN3
pilot3	CCSBORF5861	4	CCSBORF55030	3AT	3	547C>G	105	NC_000019.10:52212728:C:G	CCSBVarC023437	ENSP00000324804.6:p.Arg183Gly	PPP2R1A	ENSG00000105568	STRN3
pilot3	CCSBORF5861	4	CCSBORF55030	3AT	3	547C>T	1642	NC_000019.10:52212728:C:T	CCSBVarC023440	ENSP00000324804.6:p.Arg183Trp	PPP2R1A	ENSG00000105568	STRN3
pilot3	CCSBORF5861	4	CCSBORF55030	3AT	3	548G>C	380	NC_000019.10:52212729:G:C	CCSBVarC023445	ENSP00000324804.6:p.Arg183Pro	PPP2R1A	ENSG00000105568	STRN3
pilot3	CCSBORF5861	4	CCSBORF55030	3AT	3	553G>A	35	NC_000019.10:52212734:G:A	CCSBVarC023447	ENSP00000324804.6:p.Ala185Thr	PPP2R1A	ENSG00000105568	STRN3
pilot3	CCSBORF5861	4	CCSBORF55030	3AT	3	658G>A	2396	NC_000019.10:52212960:G:A	CCSBVarC023455	ENSP00000324804.6:p.Val220Met	PPP2R1A	ENSG00000105568	STRN3
pilot3	CCSBORF5861	4	CCSBORF55030	3AT	3	694G>A	27	NC_000019.10:52212996:G:A	CCSBVarC023458	ENSP00000324804.6:p.Ala232Thr	PPP2R1A	ENSG00000105568	STRN3
pilot3	CCSBORF5861	4	CCSBORF0	3AT	3	REF	0	NULL	NULL	NULL	PPP2R1A	ENSG00000105568	empty_AD
pilot3	CCSBORF5861	4	CCSBORF0	3AT	3	1030G>T	0	NC_000019.10:52216564:G:T	CCSBVarC023477	ENSP00000324804.6:p.Ala344Ser	PPP2R1A	ENSG00000105568	empty_AD
pilot3	CCSBORF5861	4	CCSBORF0	3AT	3	1229A>T	0	NC_000019.10:52219790:A:T	CCSBVarC023479	ENSP00000324804.6:p.Glu410Val	PPP2R1A	ENSG00000105568	empty_AD
pilot3	CCSBORF5861	4	CCSBORF0	3AT	3	1481A>G	0	NC_000019.10:52221095:A:G	CCSBVarC023482	ENSP00000324804.6:p.Asn494Ser	PPP2R1A	ENSG00000105568	empty_AD
pilot3	CCSBORF5861	4	CCSBORF0	3AT	3	1493G>T	0	NC_000019.10:52221107:G:T	CCSBVarC023486	ENSP00000324804.6:p.Arg498Leu	PPP2R1A	ENSG00000105568	empty_AD
pilot3	CCSBORF5861	4	CCSBORF0	3AT	3	1513A>G	0	NC_000019.10:52221127:A:G	CCSBVarC023489	ENSP00000324804.6:p.Ile505Val	PPP2R1A	ENSG00000105568	empty_AD
pilot3	CCSBORF5861	4	CCSBORF0	3AT	3	1560C>G	0	NC_000019.10:52222139:C:G	CCSBVarC023493	ENSP00000324804.6:p.His520Gln	PPP2R1A	ENSG00000105568	empty_AD
pilot3	CCSBORF5861	4	CCSBORF0	3AT	3	259C>T	0	NC_000019.10:52206051:C:T	CCSBVarC023336	ENSP00000324804.6:p.His87Tyr	PPP2R1A	ENSG00000105568	empty_AD
pilot3	CCSBORF5861	4	CCSBORF0	3AT	3	331T>G	17	NC_000019.10:52211319:T:G	CCSBVarC023343	ENSP00000324804.6:p.Ser111Ala	PPP2R1A	ENSG00000105568	empty_AD
pilot3	CCSBORF5861	4	CCSBORF0	3AT	3	352G>A	0	NC_000019.10:52211340:G:A	CCSBVarC023346	ENSP00000324804.6:p.Glu118Lys	PPP2R1A	ENSG00000105568	empty_AD
pilot3	CCSBORF5861	4	CCSBORF0	3AT	3	377C>T	0	NC_000019.10:52211365:C:T	CCSBVarC023349	ENSP00000324804.6:p.Ala126Val	PPP2R1A	ENSG00000105568	empty_AD
pilot3	CCSBORF5861	4	CCSBORF0	3AT	3	430C>T	0	NC_000019.10:52211418:C:T	CCSBVarC023352	ENSP00000324804.6:p.Arg144Cys	PPP2R1A	ENSG00000105568	empty_AD
pilot3	CCSBORF5861	4	CCSBORF0	3AT	3	470G>A	0	NC_000019.10:52211458:G:A	CCSBVarC023356	ENSP00000324804.6:p.Arg157Gln	PPP2R1A	ENSG00000105568	empty_AD
pilot3	CCSBORF5861	4	CCSBORF0	3AT	3	472G>C	0	NC_000019.10:52211460:G:C	CCSBVarC023359	ENSP00000324804.6:p.Val158Leu	PPP2R1A	ENSG00000105568	empty_AD
pilot3	CCSBORF5861	4	CCSBORF0	3AT	3	522C>G	0	NC_000019.10:52212703:C:G	CCSBVarC023383	ENSP00000324804.6:p.Cys174Trp	PPP2R1A	ENSG00000105568	empty_AD
pilot3	CCSBORF5861	4	CCSBORF0	3AT	3	532A>G	0	NC_000019.10:52212713:A:G	CCSBVarC023386	ENSP00000324804.6:p.Thr178Ala	PPP2R1A	ENSG00000105568	empty_AD
pilot3	CCSBORF5861	4	CCSBORF0	3AT	3	536C>A	0	NC_000019.10:52212717:C:A	CCSBVarC023388	ENSP00000324804.6:p.Pro179His	PPP2R1A	ENSG00000105568	empty_AD
pilot3	CCSBORF5861	4	CCSBORF0	3AT	3	536C>G	0	NC_000019.10:52212717:C:G	CCSBVarC023391	ENSP00000324804.6:p.Pro179Arg	PPP2R1A	ENSG00000105568	empty_AD
pilot3	CCSBORF5861	4	CCSBORF0	3AT	3	536C>T	0	NC_000019.10:52212717:C:T	CCSBVarC023394	ENSP00000324804.6:p.Pro179Leu	PPP2R1A	ENSG00000105568	empty_AD
pilot3	CCSBORF5861	4	CCSBORF0	3AT	3	538A>G	0	NC_000019.10:52212719:A:G	CCSBVarC023426	ENSP00000324804.6:p.Met180Val	PPP2R1A	ENSG00000105568	empty_AD
pilot3	CCSBORF5861	4	CCSBORF0	3AT	3	539T>C	0	NC_000019.10:52212720:T:C	CCSBVarC023429	ENSP00000324804.6:p.Met180Thr	PPP2R1A	ENSG00000105568	empty_AD
pilot3	CCSBORF5861	4	CCSBORF0	3AT	3	547C>G	0	NC_000019.10:52212728:C:G	CCSBVarC023437	ENSP00000324804.6:p.Arg183Gly	PPP2R1A	ENSG00000105568	empty_AD
pilot3	CCSBORF5861	4	CCSBORF0	3AT	3	547C>T	1	NC_000019.10:52212728:C:T	CCSBVarC023440	ENSP00000324804.6:p.Arg183Trp	PPP2R1A	ENSG00000105568	empty_AD
pilot3	CCSBORF5861	4	CCSBORF0	3AT	3	548G>C	0	NC_000019.10:52212729:G:C	CCSBVarC023445	ENSP00000324804.6:p.Arg183Pro	PPP2R1A	ENSG00000105568	empty_AD
pilot3	CCSBORF5861	4	CCSBORF0	3AT	3	553G>A	0	NC_000019.10:52212734:G:A	CCSBVarC023447	ENSP00000324804.6:p.Ala185Thr	PPP2R1A	ENSG00000105568	empty_AD
pilot3	CCSBORF5861	4	CCSBORF0	3AT	3	658G>A	0	NC_000019.10:52212960:G:A	CCSBVarC023455	ENSP00000324804.6:p.Val220Met	PPP2R1A	ENSG00000105568	empty_AD
pilot3	CCSBORF5861	4	CCSBORF0	3AT	3	694G>A	0	NC_000019.10:52212996:G:A	CCSBVarC023458	ENSP00000324804.6:p.Ala232Thr	PPP2R1A	ENSG00000105568	empty_AD
pilot3	CCSBORF5861	2	CCSBORF12279	3AT	3	REF	1240	NULL	NULL	NULL	PPP2R1A	ENSG00000105568	CSDC2
pilot3	CCSBORF5861	2	CCSBORF12279	3AT	3	259C>T	755	NC_000019.10:52206051:C:T	CCSBVarC023336	ENSP00000324804.6:p.His87Tyr	PPP2R1A	ENSG00000105568	CSDC2
pilot3	CCSBORF5861	2	CCSBORF12279	3AT	3	331T>G	630	NC_000019.10:52211319:T:G	CCSBVarC023343	ENSP00000324804.6:p.Ser111Ala	PPP2R1A	ENSG00000105568	CSDC2
pilot3	CCSBORF5861	2	CCSBORF12279	3AT	3	352G>A	243	NC_000019.10:52211340:G:A	CCSBVarC023346	ENSP00000324804.6:p.Glu118Lys	PPP2R1A	ENSG00000105568	CSDC2
pilot3	CCSBORF5861	2	CCSBORF12279	3AT	3	377C>T	106	NC_000019.10:52211365:C:T	CCSBVarC023349	ENSP00000324804.6:p.Ala126Val	PPP2R1A	ENSG00000105568	CSDC2
pilot3	CCSBORF5861	2	CCSBORF12279	3AT	3	430C>T	72	NC_000019.10:52211418:C:T	CCSBVarC023352	ENSP00000324804.6:p.Arg144Cys	PPP2R1A	ENSG00000105568	CSDC2
pilot3	CCSBORF5861	2	CCSBORF12279	3AT	3	470G>A	277	NC_000019.10:52211458:G:A	CCSBVarC023356	ENSP00000324804.6:p.Arg157Gln	PPP2R1A	ENSG00000105568	CSDC2
pilot3	CCSBORF5861	2	CCSBORF12279	3AT	3	472G>C	0	NC_000019.10:52211460:G:C	CCSBVarC023359	ENSP00000324804.6:p.Val158Leu	PPP2R1A	ENSG00000105568	CSDC2
pilot3	CCSBORF5861	2	CCSBORF12279	3AT	3	522C>G	24	NC_000019.10:52212703:C:G	CCSBVarC023383	ENSP00000324804.6:p.Cys174Trp	PPP2R1A	ENSG00000105568	CSDC2
pilot3	CCSBORF5861	2	CCSBORF12279	3AT	3	532A>G	389	NC_000019.10:52212713:A:G	CCSBVarC023386	ENSP00000324804.6:p.Thr178Ala	PPP2R1A	ENSG00000105568	CSDC2
pilot3	CCSBORF5861	2	CCSBORF12279	3AT	3	536C>A	808	NC_000019.10:52212717:C:A	CCSBVarC023388	ENSP00000324804.6:p.Pro179His	PPP2R1A	ENSG00000105568	CSDC2
pilot3	CCSBORF5861	2	CCSBORF12279	3AT	3	536C>G	1075	NC_000019.10:52212717:C:G	CCSBVarC023391	ENSP00000324804.6:p.Pro179Arg	PPP2R1A	ENSG00000105568	CSDC2
pilot3	CCSBORF5861	2	CCSBORF12279	3AT	3	536C>T	5529	NC_000019.10:52212717:C:T	CCSBVarC023394	ENSP00000324804.6:p.Pro179Leu	PPP2R1A	ENSG00000105568	CSDC2
pilot3	CCSBORF5861	2	CCSBORF12279	3AT	3	538A>G	5	NC_000019.10:52212719:A:G	CCSBVarC023426	ENSP00000324804.6:p.Met180Val	PPP2R1A	ENSG00000105568	CSDC2
pilot3	CCSBORF5861	2	CCSBORF100062506	3AT	3	REF	2347	NULL	NULL	NULL	PPP2R1A	ENSG00000105568	FBXO43
pilot3	CCSBORF5861	2	CCSBORF100062506	3AT	3	259C>T	1212	NC_000019.10:52206051:C:T	CCSBVarC023336	ENSP00000324804.6:p.His87Tyr	PPP2R1A	ENSG00000105568	FBXO43
pilot3	CCSBORF5861	2	CCSBORF100062506	3AT	3	331T>G	1150	NC_000019.10:52211319:T:G	CCSBVarC023343	ENSP00000324804.6:p.Ser111Ala	PPP2R1A	ENSG00000105568	FBXO43
pilot3	CCSBORF5861	2	CCSBORF100062506	3AT	3	352G>A	2473	NC_000019.10:52211340:G:A	CCSBVarC023346	ENSP00000324804.6:p.Glu118Lys	PPP2R1A	ENSG00000105568	FBXO43
pilot3	CCSBORF5861	2	CCSBORF100062506	3AT	3	377C>T	527	NC_000019.10:52211365:C:T	CCSBVarC023349	ENSP00000324804.6:p.Ala126Val	PPP2R1A	ENSG00000105568	FBXO43
pilot3	CCSBORF5861	2	CCSBORF100062506	3AT	3	430C>T	1207	NC_000019.10:52211418:C:T	CCSBVarC023352	ENSP00000324804.6:p.Arg144Cys	PPP2R1A	ENSG00000105568	FBXO43
pilot3	CCSBORF5861	2	CCSBORF100062506	3AT	3	470G>A	1013	NC_000019.10:52211458:G:A	CCSBVarC023356	ENSP00000324804.6:p.Arg157Gln	PPP2R1A	ENSG00000105568	FBXO43
pilot3	CCSBORF5861	2	CCSBORF100062506	3AT	3	472G>C	16	NC_000019.10:52211460:G:C	CCSBVarC023359	ENSP00000324804.6:p.Val158Leu	PPP2R1A	ENSG00000105568	FBXO43
pilot3	CCSBORF5861	2	CCSBORF100062506	3AT	3	522C>G	294	NC_000019.10:52212703:C:G	CCSBVarC023383	ENSP00000324804.6:p.Cys174Trp	PPP2R1A	ENSG00000105568	FBXO43
pilot3	CCSBORF5861	2	CCSBORF100062506	3AT	3	532A>G	1263	NC_000019.10:52212713:A:G	CCSBVarC023386	ENSP00000324804.6:p.Thr178Ala	PPP2R1A	ENSG00000105568	FBXO43
pilot3	CCSBORF5861	2	CCSBORF100062506	3AT	3	536C>A	1315	NC_000019.10:52212717:C:A	CCSBVarC023388	ENSP00000324804.6:p.Pro179His	PPP2R1A	ENSG00000105568	FBXO43
pilot3	CCSBORF5861	2	CCSBORF100062506	3AT	3	536C>G	1658	NC_000019.10:52212717:C:G	CCSBVarC023391	ENSP00000324804.6:p.Pro179Arg	PPP2R1A	ENSG00000105568	FBXO43
pilot3	CCSBORF5861	2	CCSBORF100062506	3AT	3	536C>T	6185	NC_000019.10:52212717:C:T	CCSBVarC023394	ENSP00000324804.6:p.Pro179Leu	PPP2R1A	ENSG00000105568	FBXO43
pilot3	CCSBORF5861	2	CCSBORF100062506	3AT	3	538A>G	9	NC_000019.10:52212719:A:G	CCSBVarC023426	ENSP00000324804.6:p.Met180Val	PPP2R1A	ENSG00000105568	FBXO43
pilot3	CCSBORF5861	2	CCSBORF100061924	3AT	3	REF	3157	NULL	NULL	NULL	PPP2R1A	ENSG00000105568	GOLGA6A
pilot3	CCSBORF5861	2	CCSBORF100061924	3AT	3	259C>T	1620	NC_000019.10:52206051:C:T	CCSBVarC023336	ENSP00000324804.6:p.His87Tyr	PPP2R1A	ENSG00000105568	GOLGA6A
pilot3	CCSBORF5861	2	CCSBORF100061924	3AT	3	331T>G	1808	NC_000019.10:52211319:T:G	CCSBVarC023343	ENSP00000324804.6:p.Ser111Ala	PPP2R1A	ENSG00000105568	GOLGA6A
pilot3	CCSBORF5861	2	CCSBORF100061924	3AT	3	352G>A	4351	NC_000019.10:52211340:G:A	CCSBVarC023346	ENSP00000324804.6:p.Glu118Lys	PPP2R1A	ENSG00000105568	GOLGA6A
pilot3	CCSBORF5861	2	CCSBORF100061924	3AT	3	377C>T	632	NC_000019.10:52211365:C:T	CCSBVarC023349	ENSP00000324804.6:p.Ala126Val	PPP2R1A	ENSG00000105568	GOLGA6A
pilot3	CCSBORF5861	2	CCSBORF100061924	3AT	3	430C>T	1319	NC_000019.10:52211418:C:T	CCSBVarC023352	ENSP00000324804.6:p.Arg144Cys	PPP2R1A	ENSG00000105568	GOLGA6A
pilot3	CCSBORF5861	2	CCSBORF100061924	3AT	3	470G>A	1345	NC_000019.10:52211458:G:A	CCSBVarC023356	ENSP00000324804.6:p.Arg157Gln	PPP2R1A	ENSG00000105568	GOLGA6A
pilot3	CCSBORF5861	2	CCSBORF100061924	3AT	3	472G>C	46	NC_000019.10:52211460:G:C	CCSBVarC023359	ENSP00000324804.6:p.Val158Leu	PPP2R1A	ENSG00000105568	GOLGA6A
pilot3	CCSBORF5861	2	CCSBORF100061924	3AT	3	522C>G	195	NC_000019.10:52212703:C:G	CCSBVarC023383	ENSP00000324804.6:p.Cys174Trp	PPP2R1A	ENSG00000105568	GOLGA6A
pilot3	CCSBORF5861	2	CCSBORF100061924	3AT	3	532A>G	964	NC_000019.10:52212713:A:G	CCSBVarC023386	ENSP00000324804.6:p.Thr178Ala	PPP2R1A	ENSG00000105568	GOLGA6A
pilot3	CCSBORF5861	2	CCSBORF100061924	3AT	3	536C>A	178	NC_000019.10:52212717:C:A	CCSBVarC023388	ENSP00000324804.6:p.Pro179His	PPP2R1A	ENSG00000105568	GOLGA6A
pilot3	CCSBORF5861	2	CCSBORF100061924	3AT	3	536C>G	692	NC_000019.10:52212717:C:G	CCSBVarC023391	ENSP00000324804.6:p.Pro179Arg	PPP2R1A	ENSG00000105568	GOLGA6A
pilot3	CCSBORF5861	2	CCSBORF100061924	3AT	3	536C>T	1005	NC_000019.10:52212717:C:T	CCSBVarC023394	ENSP00000324804.6:p.Pro179Leu	PPP2R1A	ENSG00000105568	GOLGA6A
pilot3	CCSBORF5861	2	CCSBORF100061924	3AT	3	538A>G	7	NC_000019.10:52212719:A:G	CCSBVarC023426	ENSP00000324804.6:p.Met180Val	PPP2R1A	ENSG00000105568	GOLGA6A
pilot3	CCSBORF5861	2	CCSBORF52950	3AT	3	REF	1361	NULL	NULL	NULL	PPP2R1A	ENSG00000105568	STRN
pilot3	CCSBORF5861	2	CCSBORF52950	3AT	3	259C>T	1441	NC_000019.10:52206051:C:T	CCSBVarC023336	ENSP00000324804.6:p.His87Tyr	PPP2R1A	ENSG00000105568	STRN
pilot3	CCSBORF5861	2	CCSBORF52950	3AT	3	331T>G	393	NC_000019.10:52211319:T:G	CCSBVarC023343	ENSP00000324804.6:p.Ser111Ala	PPP2R1A	ENSG00000105568	STRN
pilot3	CCSBORF5861	2	CCSBORF52950	3AT	3	352G>A	1940	NC_000019.10:52211340:G:A	CCSBVarC023346	ENSP00000324804.6:p.Glu118Lys	PPP2R1A	ENSG00000105568	STRN
pilot3	CCSBORF5861	2	CCSBORF52950	3AT	3	377C>T	105	NC_000019.10:52211365:C:T	CCSBVarC023349	ENSP00000324804.6:p.Ala126Val	PPP2R1A	ENSG00000105568	STRN
pilot3	CCSBORF5861	2	CCSBORF52950	3AT	3	430C>T	882	NC_000019.10:52211418:C:T	CCSBVarC023352	ENSP00000324804.6:p.Arg144Cys	PPP2R1A	ENSG00000105568	STRN
pilot3	CCSBORF5861	2	CCSBORF52950	3AT	3	470G>A	640	NC_000019.10:52211458:G:A	CCSBVarC023356	ENSP00000324804.6:p.Arg157Gln	PPP2R1A	ENSG00000105568	STRN
pilot3	CCSBORF5861	2	CCSBORF52950	3AT	3	472G>C	2	NC_000019.10:52211460:G:C	CCSBVarC023359	ENSP00000324804.6:p.Val158Leu	PPP2R1A	ENSG00000105568	STRN
pilot3	CCSBORF5861	2	CCSBORF52950	3AT	3	522C>G	217	NC_000019.10:52212703:C:G	CCSBVarC023383	ENSP00000324804.6:p.Cys174Trp	PPP2R1A	ENSG00000105568	STRN
pilot3	CCSBORF5861	2	CCSBORF52950	3AT	3	532A>G	393	NC_000019.10:52212713:A:G	CCSBVarC023386	ENSP00000324804.6:p.Thr178Ala	PPP2R1A	ENSG00000105568	STRN
pilot3	CCSBORF5861	2	CCSBORF52950	3AT	3	536C>A	953	NC_000019.10:52212717:C:A	CCSBVarC023388	ENSP00000324804.6:p.Pro179His	PPP2R1A	ENSG00000105568	STRN
pilot3	CCSBORF5861	2	CCSBORF52950	3AT	3	536C>G	577	NC_000019.10:52212717:C:G	CCSBVarC023391	ENSP00000324804.6:p.Pro179Arg	PPP2R1A	ENSG00000105568	STRN
pilot3	CCSBORF5861	2	CCSBORF52950	3AT	3	536C>T	5545	NC_000019.10:52212717:C:T	CCSBVarC023394	ENSP00000324804.6:p.Pro179Leu	PPP2R1A	ENSG00000105568	STRN
pilot3	CCSBORF5861	2	CCSBORF52950	3AT	3	538A>G	6	NC_000019.10:52212719:A:G	CCSBVarC023426	ENSP00000324804.6:p.Met180Val	PPP2R1A	ENSG00000105568	STRN
pilot3	CCSBORF5861	2	CCSBORF55030	3AT	3	REF	2760	NULL	NULL	NULL	PPP2R1A	ENSG00000105568	STRN3
pilot3	CCSBORF5861	2	CCSBORF55030	3AT	3	259C>T	1322	NC_000019.10:52206051:C:T	CCSBVarC023336	ENSP00000324804.6:p.His87Tyr	PPP2R1A	ENSG00000105568	STRN3
pilot3	CCSBORF5861	2	CCSBORF55030	3AT	3	331T>G	1034	NC_000019.10:52211319:T:G	CCSBVarC023343	ENSP00000324804.6:p.Ser111Ala	PPP2R1A	ENSG00000105568	STRN3
pilot3	CCSBORF5861	2	CCSBORF55030	3AT	3	352G>A	3211	NC_000019.10:52211340:G:A	CCSBVarC023346	ENSP00000324804.6:p.Glu118Lys	PPP2R1A	ENSG00000105568	STRN3
pilot3	CCSBORF5861	2	CCSBORF55030	3AT	3	377C>T	488	NC_000019.10:52211365:C:T	CCSBVarC023349	ENSP00000324804.6:p.Ala126Val	PPP2R1A	ENSG00000105568	STRN3
pilot3	CCSBORF5861	2	CCSBORF55030	3AT	3	430C>T	1640	NC_000019.10:52211418:C:T	CCSBVarC023352	ENSP00000324804.6:p.Arg144Cys	PPP2R1A	ENSG00000105568	STRN3
pilot3	CCSBORF5861	2	CCSBORF55030	3AT	3	470G>A	866	NC_000019.10:52211458:G:A	CCSBVarC023356	ENSP00000324804.6:p.Arg157Gln	PPP2R1A	ENSG00000105568	STRN3
pilot3	CCSBORF5861	2	CCSBORF55030	3AT	3	472G>C	29	NC_000019.10:52211460:G:C	CCSBVarC023359	ENSP00000324804.6:p.Val158Leu	PPP2R1A	ENSG00000105568	STRN3
pilot3	CCSBORF5861	2	CCSBORF55030	3AT	3	522C>G	250	NC_000019.10:52212703:C:G	CCSBVarC023383	ENSP00000324804.6:p.Cys174Trp	PPP2R1A	ENSG00000105568	STRN3
pilot3	CCSBORF5861	2	CCSBORF55030	3AT	3	532A>G	753	NC_000019.10:52212713:A:G	CCSBVarC023386	ENSP00000324804.6:p.Thr178Ala	PPP2R1A	ENSG00000105568	STRN3
pilot3	CCSBORF5861	2	CCSBORF55030	3AT	3	536C>A	1050	NC_000019.10:52212717:C:A	CCSBVarC023388	ENSP00000324804.6:p.Pro179His	PPP2R1A	ENSG00000105568	STRN3
pilot3	CCSBORF5861	2	CCSBORF55030	3AT	3	536C>G	982	NC_000019.10:52212717:C:G	CCSBVarC023391	ENSP00000324804.6:p.Pro179Arg	PPP2R1A	ENSG00000105568	STRN3
pilot3	CCSBORF5861	2	CCSBORF55030	3AT	3	536C>T	4066	NC_000019.10:52212717:C:T	CCSBVarC023394	ENSP00000324804.6:p.Pro179Leu	PPP2R1A	ENSG00000105568	STRN3
pilot3	CCSBORF5861	2	CCSBORF55030	3AT	3	538A>G	7	NC_000019.10:52212719:A:G	CCSBVarC023426	ENSP00000324804.6:p.Met180Val	PPP2R1A	ENSG00000105568	STRN3
pilot3	CCSBORF5861	2	CCSBORF0	3AT	3	REF	2	NULL	NULL	NULL	PPP2R1A	ENSG00000105568	empty_AD
pilot3	CCSBORF5861	2	CCSBORF0	3AT	3	259C>T	0	NC_000019.10:52206051:C:T	CCSBVarC023336	ENSP00000324804.6:p.His87Tyr	PPP2R1A	ENSG00000105568	empty_AD
pilot3	CCSBORF5861	2	CCSBORF0	3AT	3	331T>G	0	NC_000019.10:52211319:T:G	CCSBVarC023343	ENSP00000324804.6:p.Ser111Ala	PPP2R1A	ENSG00000105568	empty_AD
pilot3	CCSBORF5861	2	CCSBORF0	3AT	3	352G>A	1	NC_000019.10:52211340:G:A	CCSBVarC023346	ENSP00000324804.6:p.Glu118Lys	PPP2R1A	ENSG00000105568	empty_AD
pilot3	CCSBORF5861	2	CCSBORF0	3AT	3	377C>T	0	NC_000019.10:52211365:C:T	CCSBVarC023349	ENSP00000324804.6:p.Ala126Val	PPP2R1A	ENSG00000105568	empty_AD
pilot3	CCSBORF5861	2	CCSBORF0	3AT	3	430C>T	0	NC_000019.10:52211418:C:T	CCSBVarC023352	ENSP00000324804.6:p.Arg144Cys	PPP2R1A	ENSG00000105568	empty_AD
pilot3	CCSBORF5861	2	CCSBORF0	3AT	3	470G>A	0	NC_000019.10:52211458:G:A	CCSBVarC023356	ENSP00000324804.6:p.Arg157Gln	PPP2R1A	ENSG00000105568	empty_AD
pilot3	CCSBORF5861	2	CCSBORF0	3AT	3	472G>C	0	NC_000019.10:52211460:G:C	CCSBVarC023359	ENSP00000324804.6:p.Val158Leu	PPP2R1A	ENSG00000105568	empty_AD
pilot3	CCSBORF5861	2	CCSBORF0	3AT	3	522C>G	32	NC_000019.10:52212703:C:G	CCSBVarC023383	ENSP00000324804.6:p.Cys174Trp	PPP2R1A	ENSG00000105568	empty_AD
pilot3	CCSBORF5861	2	CCSBORF0	3AT	3	532A>G	0	NC_000019.10:52212713:A:G	CCSBVarC023386	ENSP00000324804.6:p.Thr178Ala	PPP2R1A	ENSG00000105568	empty_AD
pilot3	CCSBORF5861	2	CCSBORF0	3AT	3	536C>A	0	NC_000019.10:52212717:C:A	CCSBVarC023388	ENSP00000324804.6:p.Pro179His	PPP2R1A	ENSG00000105568	empty_AD
pilot3	CCSBORF5861	2	CCSBORF0	3AT	3	536C>G	1	NC_000019.10:52212717:C:G	CCSBVarC023391	ENSP00000324804.6:p.Pro179Arg	PPP2R1A	ENSG00000105568	empty_AD
pilot3	CCSBORF5861	2	CCSBORF0	3AT	3	536C>T	0	NC_000019.10:52212717:C:T	CCSBVarC023394	ENSP00000324804.6:p.Pro179Leu	PPP2R1A	ENSG00000105568	empty_AD
pilot3	CCSBORF5861	2	CCSBORF0	3AT	3	538A>G	0	NC_000019.10:52212719:A:G	CCSBVarC023426	ENSP00000324804.6:p.Met180Val	PPP2R1A	ENSG00000105568	empty_AD
pilot3	CCSBORF5861	6	CCSBORF12279	3AT	3	REF	492	NULL	NULL	NULL	PPP2R1A	ENSG00000105568	CSDC2
pilot3	CCSBORF5861	6	CCSBORF12279	3AT	3	1030G>T	218	NC_000019.10:52216564:G:T	CCSBVarC023477	ENSP00000324804.6:p.Ala344Ser	PPP2R1A	ENSG00000105568	CSDC2
pilot3	CCSBORF5861	6	CCSBORF12279	3AT	3	1229A>T	320	NC_000019.10:52219790:A:T	CCSBVarC023479	ENSP00000324804.6:p.Glu410Val	PPP2R1A	ENSG00000105568	CSDC2
pilot3	CCSBORF5861	6	CCSBORF12279	3AT	3	1481A>G	306	NC_000019.10:52221095:A:G	CCSBVarC023482	ENSP00000324804.6:p.Asn494Ser	PPP2R1A	ENSG00000105568	CSDC2
pilot3	CCSBORF5861	6	CCSBORF12279	3AT	3	1493G>T	6	NC_000019.10:52221107:G:T	CCSBVarC023486	ENSP00000324804.6:p.Arg498Leu	PPP2R1A	ENSG00000105568	CSDC2
pilot3	CCSBORF5861	6	CCSBORF12279	3AT	3	1513A>G	177	NC_000019.10:52221127:A:G	CCSBVarC023489	ENSP00000324804.6:p.Ile505Val	PPP2R1A	ENSG00000105568	CSDC2
pilot3	CCSBORF5861	6	CCSBORF12279	3AT	3	1560C>G	708	NC_000019.10:52222139:C:G	CCSBVarC023493	ENSP00000324804.6:p.His520Gln	PPP2R1A	ENSG00000105568	CSDC2
pilot3	CCSBORF5861	6	CCSBORF12279	3AT	3	539T>C	1416	NC_000019.10:52212720:T:C	CCSBVarC023429	ENSP00000324804.6:p.Met180Thr	PPP2R1A	ENSG00000105568	CSDC2
pilot3	CCSBORF5861	6	CCSBORF12279	3AT	3	547C>G	529	NC_000019.10:52212728:C:G	CCSBVarC023437	ENSP00000324804.6:p.Arg183Gly	PPP2R1A	ENSG00000105568	CSDC2
pilot3	CCSBORF5861	6	CCSBORF12279	3AT	3	547C>T	5600	NC_000019.10:52212728:C:T	CCSBVarC023440	ENSP00000324804.6:p.Arg183Trp	PPP2R1A	ENSG00000105568	CSDC2
pilot3	CCSBORF5861	6	CCSBORF12279	3AT	3	548G>C	4562	NC_000019.10:52212729:G:C	CCSBVarC023445	ENSP00000324804.6:p.Arg183Pro	PPP2R1A	ENSG00000105568	CSDC2
pilot3	CCSBORF5861	6	CCSBORF12279	3AT	3	553G>A	1328	NC_000019.10:52212734:G:A	CCSBVarC023447	ENSP00000324804.6:p.Ala185Thr	PPP2R1A	ENSG00000105568	CSDC2
pilot3	CCSBORF5861	6	CCSBORF12279	3AT	3	658G>A	392	NC_000019.10:52212960:G:A	CCSBVarC023455	ENSP00000324804.6:p.Val220Met	PPP2R1A	ENSG00000105568	CSDC2
pilot3	CCSBORF5861	6	CCSBORF12279	3AT	3	694G>A	64	NC_000019.10:52212996:G:A	CCSBVarC023458	ENSP00000324804.6:p.Ala232Thr	PPP2R1A	ENSG00000105568	CSDC2
pilot3	CCSBORF5861	6	CCSBORF100062506	3AT	3	REF	1371	NULL	NULL	NULL	PPP2R1A	ENSG00000105568	FBXO43
pilot3	CCSBORF5861	6	CCSBORF100062506	3AT	3	1030G>T	544	NC_000019.10:52216564:G:T	CCSBVarC023477	ENSP00000324804.6:p.Ala344Ser	PPP2R1A	ENSG00000105568	FBXO43
pilot3	CCSBORF5861	6	CCSBORF100062506	3AT	3	1229A>T	137	NC_000019.10:52219790:A:T	CCSBVarC023479	ENSP00000324804.6:p.Glu410Val	PPP2R1A	ENSG00000105568	FBXO43
pilot3	CCSBORF5861	6	CCSBORF100062506	3AT	3	1481A>G	1998	NC_000019.10:52221095:A:G	CCSBVarC023482	ENSP00000324804.6:p.Asn494Ser	PPP2R1A	ENSG00000105568	FBXO43
pilot3	CCSBORF5861	6	CCSBORF100062506	3AT	3	1493G>T	32	NC_000019.10:52221107:G:T	CCSBVarC023486	ENSP00000324804.6:p.Arg498Leu	PPP2R1A	ENSG00000105568	FBXO43
pilot3	CCSBORF5861	6	CCSBORF100062506	3AT	3	1513A>G	243	NC_000019.10:52221127:A:G	CCSBVarC023489	ENSP00000324804.6:p.Ile505Val	PPP2R1A	ENSG00000105568	FBXO43
pilot3	CCSBORF5861	6	CCSBORF100062506	3AT	3	1560C>G	1255	NC_000019.10:52222139:C:G	CCSBVarC023493	ENSP00000324804.6:p.His520Gln	PPP2R1A	ENSG00000105568	FBXO43
pilot3	CCSBORF5861	6	CCSBORF100062506	3AT	3	539T>C	1779	NC_000019.10:52212720:T:C	CCSBVarC023429	ENSP00000324804.6:p.Met180Thr	PPP2R1A	ENSG00000105568	FBXO43
pilot3	CCSBORF5861	6	CCSBORF100062506	3AT	3	547C>G	1308	NC_000019.10:52212728:C:G	CCSBVarC023437	ENSP00000324804.6:p.Arg183Gly	PPP2R1A	ENSG00000105568	FBXO43
pilot3	CCSBORF5861	6	CCSBORF100062506	3AT	3	547C>T	877	NC_000019.10:52212728:C:T	CCSBVarC023440	ENSP00000324804.6:p.Arg183Trp	PPP2R1A	ENSG00000105568	FBXO43
pilot3	CCSBORF5861	6	CCSBORF100062506	3AT	3	548G>C	4684	NC_000019.10:52212729:G:C	CCSBVarC023445	ENSP00000324804.6:p.Arg183Pro	PPP2R1A	ENSG00000105568	FBXO43
pilot3	CCSBORF5861	6	CCSBORF100062506	3AT	3	553G>A	3906	NC_000019.10:52212734:G:A	CCSBVarC023447	ENSP00000324804.6:p.Ala185Thr	PPP2R1A	ENSG00000105568	FBXO43
pilot3	CCSBORF5861	6	CCSBORF100062506	3AT	3	658G>A	2794	NC_000019.10:52212960:G:A	CCSBVarC023455	ENSP00000324804.6:p.Val220Met	PPP2R1A	ENSG00000105568	FBXO43
pilot3	CCSBORF5861	6	CCSBORF100062506	3AT	3	694G>A	156	NC_000019.10:52212996:G:A	CCSBVarC023458	ENSP00000324804.6:p.Ala232Thr	PPP2R1A	ENSG00000105568	FBXO43
pilot3	CCSBORF5861	6	CCSBORF100061924	3AT	3	REF	2137	NULL	NULL	NULL	PPP2R1A	ENSG00000105568	GOLGA6A
pilot3	CCSBORF5861	6	CCSBORF100061924	3AT	3	1030G>T	1225	NC_000019.10:52216564:G:T	CCSBVarC023477	ENSP00000324804.6:p.Ala344Ser	PPP2R1A	ENSG00000105568	GOLGA6A
pilot3	CCSBORF5861	6	CCSBORF100061924	3AT	3	1229A>T	227	NC_000019.10:52219790:A:T	CCSBVarC023479	ENSP00000324804.6:p.Glu410Val	PPP2R1A	ENSG00000105568	GOLGA6A
pilot3	CCSBORF5861	6	CCSBORF100061924	3AT	3	1481A>G	1174	NC_000019.10:52221095:A:G	CCSBVarC023482	ENSP00000324804.6:p.Asn494Ser	PPP2R1A	ENSG00000105568	GOLGA6A
pilot3	CCSBORF5861	6	CCSBORF100061924	3AT	3	1493G>T	134	NC_000019.10:52221107:G:T	CCSBVarC023486	ENSP00000324804.6:p.Arg498Leu	PPP2R1A	ENSG00000105568	GOLGA6A
pilot3	CCSBORF5861	6	CCSBORF100061924	3AT	3	1513A>G	361	NC_000019.10:52221127:A:G	CCSBVarC023489	ENSP00000324804.6:p.Ile505Val	PPP2R1A	ENSG00000105568	GOLGA6A
pilot3	CCSBORF5861	6	CCSBORF100061924	3AT	3	1560C>G	1745	NC_000019.10:52222139:C:G	CCSBVarC023493	ENSP00000324804.6:p.His520Gln	PPP2R1A	ENSG00000105568	GOLGA6A
pilot3	CCSBORF5861	6	CCSBORF100061924	3AT	3	539T>C	1518	NC_000019.10:52212720:T:C	CCSBVarC023429	ENSP00000324804.6:p.Met180Thr	PPP2R1A	ENSG00000105568	GOLGA6A
pilot3	CCSBORF5861	6	CCSBORF100061924	3AT	3	547C>G	6	NC_000019.10:52212728:C:G	CCSBVarC023437	ENSP00000324804.6:p.Arg183Gly	PPP2R1A	ENSG00000105568	GOLGA6A
pilot3	CCSBORF5861	6	CCSBORF100061924	3AT	3	547C>T	17	NC_000019.10:52212728:C:T	CCSBVarC023440	ENSP00000324804.6:p.Arg183Trp	PPP2R1A	ENSG00000105568	GOLGA6A
pilot3	CCSBORF5861	6	CCSBORF100061924	3AT	3	548G>C	8	NC_000019.10:52212729:G:C	CCSBVarC023445	ENSP00000324804.6:p.Arg183Pro	PPP2R1A	ENSG00000105568	GOLGA6A
pilot3	CCSBORF5861	6	CCSBORF100061924	3AT	3	553G>A	3288	NC_000019.10:52212734:G:A	CCSBVarC023447	ENSP00000324804.6:p.Ala185Thr	PPP2R1A	ENSG00000105568	GOLGA6A
pilot3	CCSBORF5861	6	CCSBORF100061924	3AT	3	658G>A	1928	NC_000019.10:52212960:G:A	CCSBVarC023455	ENSP00000324804.6:p.Val220Met	PPP2R1A	ENSG00000105568	GOLGA6A
pilot3	CCSBORF5861	6	CCSBORF100061924	3AT	3	694G>A	333	NC_000019.10:52212996:G:A	CCSBVarC023458	ENSP00000324804.6:p.Ala232Thr	PPP2R1A	ENSG00000105568	GOLGA6A
pilot3	CCSBORF5861	6	CCSBORF52950	3AT	3	REF	324	NULL	NULL	NULL	PPP2R1A	ENSG00000105568	STRN
pilot3	CCSBORF5861	6	CCSBORF52950	3AT	3	1030G>T	356	NC_000019.10:52216564:G:T	CCSBVarC023477	ENSP00000324804.6:p.Ala344Ser	PPP2R1A	ENSG00000105568	STRN
pilot3	CCSBORF5861	6	CCSBORF52950	3AT	3	1229A>T	3	NC_000019.10:52219790:A:T	CCSBVarC023479	ENSP00000324804.6:p.Glu410Val	PPP2R1A	ENSG00000105568	STRN
pilot3	CCSBORF5861	6	CCSBORF52950	3AT	3	1481A>G	96	NC_000019.10:52221095:A:G	CCSBVarC023482	ENSP00000324804.6:p.Asn494Ser	PPP2R1A	ENSG00000105568	STRN
pilot3	CCSBORF5861	6	CCSBORF52950	3AT	3	1493G>T	7	NC_000019.10:52221107:G:T	CCSBVarC023486	ENSP00000324804.6:p.Arg498Leu	PPP2R1A	ENSG00000105568	STRN
pilot3	CCSBORF5861	6	CCSBORF52950	3AT	3	1513A>G	75	NC_000019.10:52221127:A:G	CCSBVarC023489	ENSP00000324804.6:p.Ile505Val	PPP2R1A	ENSG00000105568	STRN
pilot3	CCSBORF5861	6	CCSBORF52950	3AT	3	1560C>G	717	NC_000019.10:52222139:C:G	CCSBVarC023493	ENSP00000324804.6:p.His520Gln	PPP2R1A	ENSG00000105568	STRN
pilot3	CCSBORF5861	6	CCSBORF52950	3AT	3	539T>C	920	NC_000019.10:52212720:T:C	CCSBVarC023429	ENSP00000324804.6:p.Met180Thr	PPP2R1A	ENSG00000105568	STRN
pilot3	CCSBORF5861	6	CCSBORF52950	3AT	3	547C>G	840	NC_000019.10:52212728:C:G	CCSBVarC023437	ENSP00000324804.6:p.Arg183Gly	PPP2R1A	ENSG00000105568	STRN
pilot3	CCSBORF5861	6	CCSBORF52950	3AT	3	547C>T	360	NC_000019.10:52212728:C:T	CCSBVarC023440	ENSP00000324804.6:p.Arg183Trp	PPP2R1A	ENSG00000105568	STRN
pilot3	CCSBORF5861	6	CCSBORF52950	3AT	3	548G>C	4809	NC_000019.10:52212729:G:C	CCSBVarC023445	ENSP00000324804.6:p.Arg183Pro	PPP2R1A	ENSG00000105568	STRN
pilot3	CCSBORF5861	6	CCSBORF52950	3AT	3	553G>A	1390	NC_000019.10:52212734:G:A	CCSBVarC023447	ENSP00000324804.6:p.Ala185Thr	PPP2R1A	ENSG00000105568	STRN
pilot3	CCSBORF5861	6	CCSBORF52950	3AT	3	658G>A	2752	NC_000019.10:52212960:G:A	CCSBVarC023455	ENSP00000324804.6:p.Val220Met	PPP2R1A	ENSG00000105568	STRN
pilot3	CCSBORF5861	6	CCSBORF52950	3AT	3	694G>A	121	NC_000019.10:52212996:G:A	CCSBVarC023458	ENSP00000324804.6:p.Ala232Thr	PPP2R1A	ENSG00000105568	STRN
pilot3	CCSBORF5861	6	CCSBORF55030	3AT	3	REF	889	NULL	NULL	NULL	PPP2R1A	ENSG00000105568	STRN3
pilot3	CCSBORF5861	6	CCSBORF55030	3AT	3	1030G>T	338	NC_000019.10:52216564:G:T	CCSBVarC023477	ENSP00000324804.6:p.Ala344Ser	PPP2R1A	ENSG00000105568	STRN3
pilot3	CCSBORF5861	6	CCSBORF55030	3AT	3	1229A>T	147	NC_000019.10:52219790:A:T	CCSBVarC023479	ENSP00000324804.6:p.Glu410Val	PPP2R1A	ENSG00000105568	STRN3
pilot3	CCSBORF5861	6	CCSBORF55030	3AT	3	1481A>G	476	NC_000019.10:52221095:A:G	CCSBVarC023482	ENSP00000324804.6:p.Asn494Ser	PPP2R1A	ENSG00000105568	STRN3
pilot3	CCSBORF5861	6	CCSBORF55030	3AT	3	1493G>T	75	NC_000019.10:52221107:G:T	CCSBVarC023486	ENSP00000324804.6:p.Arg498Leu	PPP2R1A	ENSG00000105568	STRN3
pilot3	CCSBORF5861	6	CCSBORF55030	3AT	3	1513A>G	150	NC_000019.10:52221127:A:G	CCSBVarC023489	ENSP00000324804.6:p.Ile505Val	PPP2R1A	ENSG00000105568	STRN3
pilot3	CCSBORF5861	6	CCSBORF55030	3AT	3	1560C>G	839	NC_000019.10:52222139:C:G	CCSBVarC023493	ENSP00000324804.6:p.His520Gln	PPP2R1A	ENSG00000105568	STRN3
pilot3	CCSBORF5861	6	CCSBORF55030	3AT	3	539T>C	974	NC_000019.10:52212720:T:C	CCSBVarC023429	ENSP00000324804.6:p.Met180Thr	PPP2R1A	ENSG00000105568	STRN3
pilot3	CCSBORF5861	6	CCSBORF55030	3AT	3	547C>G	391	NC_000019.10:52212728:C:G	CCSBVarC023437	ENSP00000324804.6:p.Arg183Gly	PPP2R1A	ENSG00000105568	STRN3
pilot3	CCSBORF5861	6	CCSBORF55030	3AT	3	547C>T	245	NC_000019.10:52212728:C:T	CCSBVarC023440	ENSP00000324804.6:p.Arg183Trp	PPP2R1A	ENSG00000105568	STRN3
pilot3	CCSBORF5861	6	CCSBORF55030	3AT	3	548G>C	1448	NC_000019.10:52212729:G:C	CCSBVarC023445	ENSP00000324804.6:p.Arg183Pro	PPP2R1A	ENSG00000105568	STRN3
pilot3	CCSBORF5861	6	CCSBORF55030	3AT	3	553G>A	2080	NC_000019.10:52212734:G:A	CCSBVarC023447	ENSP00000324804.6:p.Ala185Thr	PPP2R1A	ENSG00000105568	STRN3
pilot3	CCSBORF5861	6	CCSBORF55030	3AT	3	658G>A	1664	NC_000019.10:52212960:G:A	CCSBVarC023455	ENSP00000324804.6:p.Val220Met	PPP2R1A	ENSG00000105568	STRN3
pilot3	CCSBORF5861	6	CCSBORF55030	3AT	3	694G>A	140	NC_000019.10:52212996:G:A	CCSBVarC023458	ENSP00000324804.6:p.Ala232Thr	PPP2R1A	ENSG00000105568	STRN3
pilot3	CCSBORF5861	6	CCSBORF0	3AT	3	REF	0	NULL	NULL	NULL	PPP2R1A	ENSG00000105568	empty_AD
pilot3	CCSBORF5861	6	CCSBORF0	3AT	3	1030G>T	0	NC_000019.10:52216564:G:T	CCSBVarC023477	ENSP00000324804.6:p.Ala344Ser	PPP2R1A	ENSG00000105568	empty_AD
pilot3	CCSBORF5861	6	CCSBORF0	3AT	3	1229A>T	0	NC_000019.10:52219790:A:T	CCSBVarC023479	ENSP00000324804.6:p.Glu410Val	PPP2R1A	ENSG00000105568	empty_AD
pilot3	CCSBORF5861	6	CCSBORF0	3AT	3	1481A>G	0	NC_000019.10:52221095:A:G	CCSBVarC023482	ENSP00000324804.6:p.Asn494Ser	PPP2R1A	ENSG00000105568	empty_AD
pilot3	CCSBORF5861	6	CCSBORF0	3AT	3	1493G>T	0	NC_000019.10:52221107:G:T	CCSBVarC023486	ENSP00000324804.6:p.Arg498Leu	PPP2R1A	ENSG00000105568	empty_AD
pilot3	CCSBORF5861	6	CCSBORF0	3AT	3	1513A>G	0	NC_000019.10:52221127:A:G	CCSBVarC023489	ENSP00000324804.6:p.Ile505Val	PPP2R1A	ENSG00000105568	empty_AD
pilot3	CCSBORF5861	6	CCSBORF0	3AT	3	1560C>G	0	NC_000019.10:52222139:C:G	CCSBVarC023493	ENSP00000324804.6:p.His520Gln	PPP2R1A	ENSG00000105568	empty_AD
pilot3	CCSBORF5861	6	CCSBORF0	3AT	3	539T>C	0	NC_000019.10:52212720:T:C	CCSBVarC023429	ENSP00000324804.6:p.Met180Thr	PPP2R1A	ENSG00000105568	empty_AD
pilot3	CCSBORF5861	6	CCSBORF0	3AT	3	547C>G	0	NC_000019.10:52212728:C:G	CCSBVarC023437	ENSP00000324804.6:p.Arg183Gly	PPP2R1A	ENSG00000105568	empty_AD
pilot3	CCSBORF5861	6	CCSBORF0	3AT	3	547C>T	0	NC_000019.10:52212728:C:T	CCSBVarC023440	ENSP00000324804.6:p.Arg183Trp	PPP2R1A	ENSG00000105568	empty_AD
pilot3	CCSBORF5861	6	CCSBORF0	3AT	3	548G>C	0	NC_000019.10:52212729:G:C	CCSBVarC023445	ENSP00000324804.6:p.Arg183Pro	PPP2R1A	ENSG00000105568	empty_AD
pilot3	CCSBORF5861	6	CCSBORF0	3AT	3	553G>A	0	NC_000019.10:52212734:G:A	CCSBVarC023447	ENSP00000324804.6:p.Ala185Thr	PPP2R1A	ENSG00000105568	empty_AD
pilot3	CCSBORF5861	6	CCSBORF0	3AT	3	658G>A	0	NC_000019.10:52212960:G:A	CCSBVarC023455	ENSP00000324804.6:p.Val220Met	PPP2R1A	ENSG00000105568	empty_AD
pilot3	CCSBORF5861	6	CCSBORF0	3AT	3	694G>A	0	NC_000019.10:52212996:G:A	CCSBVarC023458	ENSP00000324804.6:p.Ala232Thr	PPP2R1A	ENSG00000105568	empty_AD
pilot3	CCSBORF5861	3	CCSBORF12279	3AT	3	REF	636	NULL	NULL	NULL	PPP2R1A	ENSG00000105568	CSDC2
pilot3	CCSBORF5861	3	CCSBORF12279	3AT	3	1030G>T	185	NC_000019.10:52216564:G:T	CCSBVarC023477	ENSP00000324804.6:p.Ala344Ser	PPP2R1A	ENSG00000105568	CSDC2
pilot3	CCSBORF5861	3	CCSBORF12279	3AT	3	1229A>T	215	NC_000019.10:52219790:A:T	CCSBVarC023479	ENSP00000324804.6:p.Glu410Val	PPP2R1A	ENSG00000105568	CSDC2
pilot3	CCSBORF5861	3	CCSBORF12279	3AT	3	1481A>G	232	NC_000019.10:52221095:A:G	CCSBVarC023482	ENSP00000324804.6:p.Asn494Ser	PPP2R1A	ENSG00000105568	CSDC2
pilot3	CCSBORF5861	3	CCSBORF12279	3AT	3	1493G>T	5	NC_000019.10:52221107:G:T	CCSBVarC023486	ENSP00000324804.6:p.Arg498Leu	PPP2R1A	ENSG00000105568	CSDC2
pilot3	CCSBORF5861	3	CCSBORF12279	3AT	3	1513A>G	185	NC_000019.10:52221127:A:G	CCSBVarC023489	ENSP00000324804.6:p.Ile505Val	PPP2R1A	ENSG00000105568	CSDC2
pilot3	CCSBORF5861	3	CCSBORF12279	3AT	3	1560C>G	165	NC_000019.10:52222139:C:G	CCSBVarC023493	ENSP00000324804.6:p.His520Gln	PPP2R1A	ENSG00000105568	CSDC2
pilot3	CCSBORF5861	3	CCSBORF12279	3AT	3	539T>C	1008	NC_000019.10:52212720:T:C	CCSBVarC023429	ENSP00000324804.6:p.Met180Thr	PPP2R1A	ENSG00000105568	CSDC2
pilot3	CCSBORF5861	3	CCSBORF12279	3AT	3	547C>G	573	NC_000019.10:52212728:C:G	CCSBVarC023437	ENSP00000324804.6:p.Arg183Gly	PPP2R1A	ENSG00000105568	CSDC2
pilot3	CCSBORF5861	3	CCSBORF12279	3AT	3	547C>T	5785	NC_000019.10:52212728:C:T	CCSBVarC023440	ENSP00000324804.6:p.Arg183Trp	PPP2R1A	ENSG00000105568	CSDC2
pilot3	CCSBORF5861	3	CCSBORF12279	3AT	3	548G>C	2712	NC_000019.10:52212729:G:C	CCSBVarC023445	ENSP00000324804.6:p.Arg183Pro	PPP2R1A	ENSG00000105568	CSDC2
pilot3	CCSBORF5861	3	CCSBORF12279	3AT	3	553G>A	416	NC_000019.10:52212734:G:A	CCSBVarC023447	ENSP00000324804.6:p.Ala185Thr	PPP2R1A	ENSG00000105568	CSDC2
pilot3	CCSBORF5861	3	CCSBORF12279	3AT	3	658G>A	488	NC_000019.10:52212960:G:A	CCSBVarC023455	ENSP00000324804.6:p.Val220Met	PPP2R1A	ENSG00000105568	CSDC2
pilot3	CCSBORF5861	3	CCSBORF12279	3AT	3	694G>A	625	NC_000019.10:52212996:G:A	CCSBVarC023458	ENSP00000324804.6:p.Ala232Thr	PPP2R1A	ENSG00000105568	CSDC2
pilot3	CCSBORF5861	3	CCSBORF100062506	3AT	3	REF	1663	NULL	NULL	NULL	PPP2R1A	ENSG00000105568	FBXO43
pilot3	CCSBORF5861	3	CCSBORF100062506	3AT	3	1030G>T	639	NC_000019.10:52216564:G:T	CCSBVarC023477	ENSP00000324804.6:p.Ala344Ser	PPP2R1A	ENSG00000105568	FBXO43
pilot3	CCSBORF5861	3	CCSBORF100062506	3AT	3	1229A>T	338	NC_000019.10:52219790:A:T	CCSBVarC023479	ENSP00000324804.6:p.Glu410Val	PPP2R1A	ENSG00000105568	FBXO43
pilot3	CCSBORF5861	3	CCSBORF100062506	3AT	3	1481A>G	1977	NC_000019.10:52221095:A:G	CCSBVarC023482	ENSP00000324804.6:p.Asn494Ser	PPP2R1A	ENSG00000105568	FBXO43
pilot3	CCSBORF5861	3	CCSBORF100062506	3AT	3	1493G>T	26	NC_000019.10:52221107:G:T	CCSBVarC023486	ENSP00000324804.6:p.Arg498Leu	PPP2R1A	ENSG00000105568	FBXO43
pilot3	CCSBORF5861	3	CCSBORF100062506	3AT	3	1513A>G	871	NC_000019.10:52221127:A:G	CCSBVarC023489	ENSP00000324804.6:p.Ile505Val	PPP2R1A	ENSG00000105568	FBXO43
pilot3	CCSBORF5861	3	CCSBORF100062506	3AT	3	1560C>G	454	NC_000019.10:52222139:C:G	CCSBVarC023493	ENSP00000324804.6:p.His520Gln	PPP2R1A	ENSG00000105568	FBXO43
pilot3	CCSBORF5861	3	CCSBORF100062506	3AT	3	539T>C	1162	NC_000019.10:52212720:T:C	CCSBVarC023429	ENSP00000324804.6:p.Met180Thr	PPP2R1A	ENSG00000105568	FBXO43
pilot3	CCSBORF5861	3	CCSBORF100062506	3AT	3	547C>G	1047	NC_000019.10:52212728:C:G	CCSBVarC023437	ENSP00000324804.6:p.Arg183Gly	PPP2R1A	ENSG00000105568	FBXO43
pilot3	CCSBORF5861	3	CCSBORF100062506	3AT	3	547C>T	1696	NC_000019.10:52212728:C:T	CCSBVarC023440	ENSP00000324804.6:p.Arg183Trp	PPP2R1A	ENSG00000105568	FBXO43
pilot3	CCSBORF5861	3	CCSBORF100062506	3AT	3	548G>C	3044	NC_000019.10:52212729:G:C	CCSBVarC023445	ENSP00000324804.6:p.Arg183Pro	PPP2R1A	ENSG00000105568	FBXO43
pilot3	CCSBORF5861	3	CCSBORF100062506	3AT	3	553G>A	785	NC_000019.10:52212734:G:A	CCSBVarC023447	ENSP00000324804.6:p.Ala185Thr	PPP2R1A	ENSG00000105568	FBXO43
pilot3	CCSBORF5861	3	CCSBORF100062506	3AT	3	658G>A	3089	NC_000019.10:52212960:G:A	CCSBVarC023455	ENSP00000324804.6:p.Val220Met	PPP2R1A	ENSG00000105568	FBXO43
pilot3	CCSBORF5861	3	CCSBORF100062506	3AT	3	694G>A	1193	NC_000019.10:52212996:G:A	CCSBVarC023458	ENSP00000324804.6:p.Ala232Thr	PPP2R1A	ENSG00000105568	FBXO43
pilot3	CCSBORF5861	3	CCSBORF100061924	3AT	3	REF	1971	NULL	NULL	NULL	PPP2R1A	ENSG00000105568	GOLGA6A
pilot3	CCSBORF5861	3	CCSBORF100061924	3AT	3	1030G>T	1108	NC_000019.10:52216564:G:T	CCSBVarC023477	ENSP00000324804.6:p.Ala344Ser	PPP2R1A	ENSG00000105568	GOLGA6A
pilot3	CCSBORF5861	3	CCSBORF100061924	3AT	3	1229A>T	924	NC_000019.10:52219790:A:T	CCSBVarC023479	ENSP00000324804.6:p.Glu410Val	PPP2R1A	ENSG00000105568	GOLGA6A
pilot3	CCSBORF5861	3	CCSBORF100061924	3AT	3	1481A>G	1702	NC_000019.10:52221095:A:G	CCSBVarC023482	ENSP00000324804.6:p.Asn494Ser	PPP2R1A	ENSG00000105568	GOLGA6A
pilot3	CCSBORF5861	3	CCSBORF100061924	3AT	3	1493G>T	248	NC_000019.10:52221107:G:T	CCSBVarC023486	ENSP00000324804.6:p.Arg498Leu	PPP2R1A	ENSG00000105568	GOLGA6A
pilot3	CCSBORF5861	3	CCSBORF100061924	3AT	3	1513A>G	1351	NC_000019.10:52221127:A:G	CCSBVarC023489	ENSP00000324804.6:p.Ile505Val	PPP2R1A	ENSG00000105568	GOLGA6A
pilot3	CCSBORF5861	3	CCSBORF100061924	3AT	3	1560C>G	1122	NC_000019.10:52222139:C:G	CCSBVarC023493	ENSP00000324804.6:p.His520Gln	PPP2R1A	ENSG00000105568	GOLGA6A
pilot3	CCSBORF5861	3	CCSBORF100061924	3AT	3	539T>C	1306	NC_000019.10:52212720:T:C	CCSBVarC023429	ENSP00000324804.6:p.Met180Thr	PPP2R1A	ENSG00000105568	GOLGA6A
pilot3	CCSBORF5861	3	CCSBORF100061924	3AT	3	547C>G	12	NC_000019.10:52212728:C:G	CCSBVarC023437	ENSP00000324804.6:p.Arg183Gly	PPP2R1A	ENSG00000105568	GOLGA6A
pilot3	CCSBORF5861	3	CCSBORF100061924	3AT	3	547C>T	13	NC_000019.10:52212728:C:T	CCSBVarC023440	ENSP00000324804.6:p.Arg183Trp	PPP2R1A	ENSG00000105568	GOLGA6A
pilot3	CCSBORF5861	3	CCSBORF100061924	3AT	3	548G>C	13	NC_000019.10:52212729:G:C	CCSBVarC023445	ENSP00000324804.6:p.Arg183Pro	PPP2R1A	ENSG00000105568	GOLGA6A
pilot3	CCSBORF5861	3	CCSBORF100061924	3AT	3	553G>A	1311	NC_000019.10:52212734:G:A	CCSBVarC023447	ENSP00000324804.6:p.Ala185Thr	PPP2R1A	ENSG00000105568	GOLGA6A
pilot3	CCSBORF5861	3	CCSBORF100061924	3AT	3	658G>A	2097	NC_000019.10:52212960:G:A	CCSBVarC023455	ENSP00000324804.6:p.Val220Met	PPP2R1A	ENSG00000105568	GOLGA6A
pilot3	CCSBORF5861	3	CCSBORF100061924	3AT	3	694G>A	2391	NC_000019.10:52212996:G:A	CCSBVarC023458	ENSP00000324804.6:p.Ala232Thr	PPP2R1A	ENSG00000105568	GOLGA6A
pilot3	CCSBORF5861	3	CCSBORF52950	3AT	3	REF	455	NULL	NULL	NULL	PPP2R1A	ENSG00000105568	STRN
pilot3	CCSBORF5861	3	CCSBORF52950	3AT	3	1030G>T	416	NC_000019.10:52216564:G:T	CCSBVarC023477	ENSP00000324804.6:p.Ala344Ser	PPP2R1A	ENSG00000105568	STRN
pilot3	CCSBORF5861	3	CCSBORF52950	3AT	3	1229A>T	9	NC_000019.10:52219790:A:T	CCSBVarC023479	ENSP00000324804.6:p.Glu410Val	PPP2R1A	ENSG00000105568	STRN
pilot3	CCSBORF5861	3	CCSBORF52950	3AT	3	1481A>G	56	NC_000019.10:52221095:A:G	CCSBVarC023482	ENSP00000324804.6:p.Asn494Ser	PPP2R1A	ENSG00000105568	STRN
pilot3	CCSBORF5861	3	CCSBORF52950	3AT	3	1493G>T	11	NC_000019.10:52221107:G:T	CCSBVarC023486	ENSP00000324804.6:p.Arg498Leu	PPP2R1A	ENSG00000105568	STRN
pilot3	CCSBORF5861	3	CCSBORF52950	3AT	3	1513A>G	139	NC_000019.10:52221127:A:G	CCSBVarC023489	ENSP00000324804.6:p.Ile505Val	PPP2R1A	ENSG00000105568	STRN
pilot3	CCSBORF5861	3	CCSBORF52950	3AT	3	1560C>G	182	NC_000019.10:52222139:C:G	CCSBVarC023493	ENSP00000324804.6:p.His520Gln	PPP2R1A	ENSG00000105568	STRN
pilot3	CCSBORF5861	3	CCSBORF52950	3AT	3	539T>C	499	NC_000019.10:52212720:T:C	CCSBVarC023429	ENSP00000324804.6:p.Met180Thr	PPP2R1A	ENSG00000105568	STRN
pilot3	CCSBORF5861	3	CCSBORF52950	3AT	3	547C>G	615	NC_000019.10:52212728:C:G	CCSBVarC023437	ENSP00000324804.6:p.Arg183Gly	PPP2R1A	ENSG00000105568	STRN
pilot3	CCSBORF5861	3	CCSBORF52950	3AT	3	547C>T	726	NC_000019.10:52212728:C:T	CCSBVarC023440	ENSP00000324804.6:p.Arg183Trp	PPP2R1A	ENSG00000105568	STRN
pilot3	CCSBORF5861	3	CCSBORF52950	3AT	3	548G>C	3459	NC_000019.10:52212729:G:C	CCSBVarC023445	ENSP00000324804.6:p.Arg183Pro	PPP2R1A	ENSG00000105568	STRN
pilot3	CCSBORF5861	3	CCSBORF52950	3AT	3	553G>A	254	NC_000019.10:52212734:G:A	CCSBVarC023447	ENSP00000324804.6:p.Ala185Thr	PPP2R1A	ENSG00000105568	STRN
pilot3	CCSBORF5861	3	CCSBORF52950	3AT	3	658G>A	2151	NC_000019.10:52212960:G:A	CCSBVarC023455	ENSP00000324804.6:p.Val220Met	PPP2R1A	ENSG00000105568	STRN
pilot3	CCSBORF5861	3	CCSBORF52950	3AT	3	694G>A	677	NC_000019.10:52212996:G:A	CCSBVarC023458	ENSP00000324804.6:p.Ala232Thr	PPP2R1A	ENSG00000105568	STRN
pilot3	CCSBORF5861	3	CCSBORF55030	3AT	3	REF	1450	NULL	NULL	NULL	PPP2R1A	ENSG00000105568	STRN3
pilot3	CCSBORF5861	3	CCSBORF55030	3AT	3	1030G>T	1072	NC_000019.10:52216564:G:T	CCSBVarC023477	ENSP00000324804.6:p.Ala344Ser	PPP2R1A	ENSG00000105568	STRN3
pilot3	CCSBORF5861	3	CCSBORF55030	3AT	3	1229A>T	315	NC_000019.10:52219790:A:T	CCSBVarC023479	ENSP00000324804.6:p.Glu410Val	PPP2R1A	ENSG00000105568	STRN3
pilot3	CCSBORF5861	3	CCSBORF55030	3AT	3	1481A>G	1101	NC_000019.10:52221095:A:G	CCSBVarC023482	ENSP00000324804.6:p.Asn494Ser	PPP2R1A	ENSG00000105568	STRN3
pilot3	CCSBORF5861	3	CCSBORF55030	3AT	3	1493G>T	185	NC_000019.10:52221107:G:T	CCSBVarC023486	ENSP00000324804.6:p.Arg498Leu	PPP2R1A	ENSG00000105568	STRN3
pilot3	CCSBORF5861	3	CCSBORF55030	3AT	3	1513A>G	960	NC_000019.10:52221127:A:G	CCSBVarC023489	ENSP00000324804.6:p.Ile505Val	PPP2R1A	ENSG00000105568	STRN3
pilot3	CCSBORF5861	3	CCSBORF55030	3AT	3	1560C>G	638	NC_000019.10:52222139:C:G	CCSBVarC023493	ENSP00000324804.6:p.His520Gln	PPP2R1A	ENSG00000105568	STRN3
pilot3	CCSBORF5861	3	CCSBORF55030	3AT	3	539T>C	1191	NC_000019.10:52212720:T:C	CCSBVarC023429	ENSP00000324804.6:p.Met180Thr	PPP2R1A	ENSG00000105568	STRN3
pilot3	CCSBORF5861	3	CCSBORF55030	3AT	3	547C>G	793	NC_000019.10:52212728:C:G	CCSBVarC023437	ENSP00000324804.6:p.Arg183Gly	PPP2R1A	ENSG00000105568	STRN3
pilot3	CCSBORF5861	3	CCSBORF55030	3AT	3	547C>T	858	NC_000019.10:52212728:C:T	CCSBVarC023440	ENSP00000324804.6:p.Arg183Trp	PPP2R1A	ENSG00000105568	STRN3
pilot3	CCSBORF5861	3	CCSBORF55030	3AT	3	548G>C	1897	NC_000019.10:52212729:G:C	CCSBVarC023445	ENSP00000324804.6:p.Arg183Pro	PPP2R1A	ENSG00000105568	STRN3
pilot3	CCSBORF5861	3	CCSBORF55030	3AT	3	553G>A	1270	NC_000019.10:52212734:G:A	CCSBVarC023447	ENSP00000324804.6:p.Ala185Thr	PPP2R1A	ENSG00000105568	STRN3
pilot3	CCSBORF5861	3	CCSBORF55030	3AT	3	658G>A	3475	NC_000019.10:52212960:G:A	CCSBVarC023455	ENSP00000324804.6:p.Val220Met	PPP2R1A	ENSG00000105568	STRN3
pilot3	CCSBORF5861	3	CCSBORF55030	3AT	3	694G>A	1934	NC_000019.10:52212996:G:A	CCSBVarC023458	ENSP00000324804.6:p.Ala232Thr	PPP2R1A	ENSG00000105568	STRN3
pilot3	CCSBORF5861	3	CCSBORF0	3AT	3	REF	0	NULL	NULL	NULL	PPP2R1A	ENSG00000105568	empty_AD
pilot3	CCSBORF5861	3	CCSBORF0	3AT	3	1030G>T	1	NC_000019.10:52216564:G:T	CCSBVarC023477	ENSP00000324804.6:p.Ala344Ser	PPP2R1A	ENSG00000105568	empty_AD
pilot3	CCSBORF5861	3	CCSBORF0	3AT	3	1229A>T	0	NC_000019.10:52219790:A:T	CCSBVarC023479	ENSP00000324804.6:p.Glu410Val	PPP2R1A	ENSG00000105568	empty_AD
pilot3	CCSBORF5861	3	CCSBORF0	3AT	3	1481A>G	0	NC_000019.10:52221095:A:G	CCSBVarC023482	ENSP00000324804.6:p.Asn494Ser	PPP2R1A	ENSG00000105568	empty_AD
pilot3	CCSBORF5861	3	CCSBORF0	3AT	3	1493G>T	26	NC_000019.10:52221107:G:T	CCSBVarC023486	ENSP00000324804.6:p.Arg498Leu	PPP2R1A	ENSG00000105568	empty_AD
pilot3	CCSBORF5861	3	CCSBORF0	3AT	3	1513A>G	0	NC_000019.10:52221127:A:G	CCSBVarC023489	ENSP00000324804.6:p.Ile505Val	PPP2R1A	ENSG00000105568	empty_AD
pilot3	CCSBORF5861	3	CCSBORF0	3AT	3	1560C>G	0	NC_000019.10:52222139:C:G	CCSBVarC023493	ENSP00000324804.6:p.His520Gln	PPP2R1A	ENSG00000105568	empty_AD
pilot3	CCSBORF5861	3	CCSBORF0	3AT	3	539T>C	0	NC_000019.10:52212720:T:C	CCSBVarC023429	ENSP00000324804.6:p.Met180Thr	PPP2R1A	ENSG00000105568	empty_AD
pilot3	CCSBORF5861	3	CCSBORF0	3AT	3	547C>G	0	NC_000019.10:52212728:C:G	CCSBVarC023437	ENSP00000324804.6:p.Arg183Gly	PPP2R1A	ENSG00000105568	empty_AD
pilot3	CCSBORF5861	3	CCSBORF0	3AT	3	547C>T	0	NC_000019.10:52212728:C:T	CCSBVarC023440	ENSP00000324804.6:p.Arg183Trp	PPP2R1A	ENSG00000105568	empty_AD
pilot3	CCSBORF5861	3	CCSBORF0	3AT	3	548G>C	0	NC_000019.10:52212729:G:C	CCSBVarC023445	ENSP00000324804.6:p.Arg183Pro	PPP2R1A	ENSG00000105568	empty_AD
pilot3	CCSBORF5861	3	CCSBORF0	3AT	3	553G>A	0	NC_000019.10:52212734:G:A	CCSBVarC023447	ENSP00000324804.6:p.Ala185Thr	PPP2R1A	ENSG00000105568	empty_AD
pilot3	CCSBORF5861	3	CCSBORF0	3AT	3	658G>A	1	NC_000019.10:52212960:G:A	CCSBVarC023455	ENSP00000324804.6:p.Val220Met	PPP2R1A	ENSG00000105568	empty_AD
pilot3	CCSBORF5861	3	CCSBORF0	3AT	3	694G>A	0	NC_000019.10:52212996:G:A	CCSBVarC023458	ENSP00000324804.6:p.Ala232Thr	PPP2R1A	ENSG00000105568	empty_AD
pilot3	CCSBORF7201	1	CCSBORF53886	3AT	3	REF	1401	NULL	NULL	NULL	RAD51D	ENSG00000185379	TLE5
pilot3	CCSBORF7201	1	CCSBORF53886	3AT	3	137C>G	372	NC_000017.11:35119117:G:C	CCSBVarC024795	ENSP00000338790.6:p.Ser46Cys	RAD51D	ENSG00000185379	TLE5
pilot3	CCSBORF7201	1	CCSBORF53886	3AT	3	163C>T	247	NC_000017.11:35118600:G:A	CCSBVarC024799	ENSP00000338790.6:p.Arg55Trp	RAD51D	ENSG00000185379	TLE5
pilot3	CCSBORF7201	1	CCSBORF53886	3AT	3	167T>G	2090	NC_000017.11:35118596:A:C	CCSBVarC024801	ENSP00000338790.6:p.Val56Gly	RAD51D	ENSG00000185379	TLE5
pilot3	CCSBORF7201	1	CCSBORF53886	3AT	3	196G>A	3056	NC_000017.11:35118567:C:T	CCSBVarC024804	ENSP00000338790.6:p.Val66Met	RAD51D	ENSG00000185379	TLE5
pilot3	CCSBORF7201	1	CCSBORF53886	3AT	3	196G>T	1332	NC_000017.11:35118567:C:A	CCSBVarC024807	ENSP00000338790.6:p.Val66Leu	RAD51D	ENSG00000185379	TLE5
pilot3	CCSBORF7201	1	CCSBORF53886	3AT	3	26G>C	394	NC_000017.11:35119587:C:G	CCSBVarC024707	ENSP00000338790.6:p.Cys9Ser	RAD51D	ENSG00000185379	TLE5
pilot3	CCSBORF7201	1	CCSBORF53886	3AT	3	394G>A	157	NC_000017.11:35107073:C:T	CCSBVarC024822	ENSP00000338790.6:p.Val132Ile	RAD51D	ENSG00000185379	TLE5
pilot3	CCSBORF7201	1	CCSBORF53886	3AT	3	412A>C	9166	NC_000017.11:35107055:T:G	CCSBVarC024825	ENSP00000338790.6:p.Asn138His	RAD51D	ENSG00000185379	TLE5
pilot3	CCSBORF7201	1	CCSBORF53886	3AT	3	49A>G	2317	NC_000017.11:35119564:T:C	CCSBVarC024709	ENSP00000338790.6:p.Ile17Val	RAD51D	ENSG00000185379	TLE5
pilot3	CCSBORF7201	1	CCSBORF53886	3AT	3	68A>G	1076	NC_000017.11:35119545:T:C	CCSBVarC024711	ENSP00000338790.6:p.His23Arg	RAD51D	ENSG00000185379	TLE5
pilot3	CCSBORF7201	1	CCSBORF53886	3AT	3	80C>A	234	NC_000017.11:35119533:G:T	CCSBVarC024723	ENSP00000338790.6:p.Thr27Lys	RAD51D	ENSG00000185379	TLE5
pilot3	CCSBORF7201	1	CCSBORF53886	3AT	3	82G>C	165	NC_000017.11:35119531:C:G	CCSBVarC024750	ENSP00000338790.6:p.Val28Leu	RAD51D	ENSG00000185379	TLE5
pilot3	CCSBORF7201	1	CCSBORF2910	3AT	3	REF	1267	NULL	NULL	NULL	RAD51D	ENSG00000185379	AMOTL2
pilot3	CCSBORF7201	1	CCSBORF2910	3AT	3	137C>G	767	NC_000017.11:35119117:G:C	CCSBVarC024795	ENSP00000338790.6:p.Ser46Cys	RAD51D	ENSG00000185379	AMOTL2
pilot3	CCSBORF7201	1	CCSBORF2910	3AT	3	163C>T	704	NC_000017.11:35118600:G:A	CCSBVarC024799	ENSP00000338790.6:p.Arg55Trp	RAD51D	ENSG00000185379	AMOTL2
pilot3	CCSBORF7201	1	CCSBORF2910	3AT	3	167T>G	2221	NC_000017.11:35118596:A:C	CCSBVarC024801	ENSP00000338790.6:p.Val56Gly	RAD51D	ENSG00000185379	AMOTL2
pilot3	CCSBORF7201	1	CCSBORF2910	3AT	3	196G>A	5291	NC_000017.11:35118567:C:T	CCSBVarC024804	ENSP00000338790.6:p.Val66Met	RAD51D	ENSG00000185379	AMOTL2
pilot3	CCSBORF7201	1	CCSBORF2910	3AT	3	196G>T	2585	NC_000017.11:35118567:C:A	CCSBVarC024807	ENSP00000338790.6:p.Val66Leu	RAD51D	ENSG00000185379	AMOTL2
pilot3	CCSBORF7201	1	CCSBORF2910	3AT	3	26G>C	2097	NC_000017.11:35119587:C:G	CCSBVarC024707	ENSP00000338790.6:p.Cys9Ser	RAD51D	ENSG00000185379	AMOTL2
pilot3	CCSBORF7201	1	CCSBORF2910	3AT	3	394G>A	855	NC_000017.11:35107073:C:T	CCSBVarC024822	ENSP00000338790.6:p.Val132Ile	RAD51D	ENSG00000185379	AMOTL2
pilot3	CCSBORF7201	1	CCSBORF2910	3AT	3	412A>C	4337	NC_000017.11:35107055:T:G	CCSBVarC024825	ENSP00000338790.6:p.Asn138His	RAD51D	ENSG00000185379	AMOTL2
pilot3	CCSBORF7201	1	CCSBORF2910	3AT	3	49A>G	2957	NC_000017.11:35119564:T:C	CCSBVarC024709	ENSP00000338790.6:p.Ile17Val	RAD51D	ENSG00000185379	AMOTL2
pilot3	CCSBORF7201	1	CCSBORF2910	3AT	3	68A>G	2138	NC_000017.11:35119545:T:C	CCSBVarC024711	ENSP00000338790.6:p.His23Arg	RAD51D	ENSG00000185379	AMOTL2
pilot3	CCSBORF7201	1	CCSBORF2910	3AT	3	80C>A	1581	NC_000017.11:35119533:G:T	CCSBVarC024723	ENSP00000338790.6:p.Thr27Lys	RAD51D	ENSG00000185379	AMOTL2
pilot3	CCSBORF7201	1	CCSBORF2910	3AT	3	82G>C	633	NC_000017.11:35119531:C:G	CCSBVarC024750	ENSP00000338790.6:p.Val28Leu	RAD51D	ENSG00000185379	AMOTL2
pilot3	CCSBORF7201	1	CCSBORF2265	3AT	3	REF	807	NULL	NULL	NULL	RAD51D	ENSG00000185379	IHO1
pilot3	CCSBORF7201	1	CCSBORF2265	3AT	3	137C>G	20	NC_000017.11:35119117:G:C	CCSBVarC024795	ENSP00000338790.6:p.Ser46Cys	RAD51D	ENSG00000185379	IHO1
pilot3	CCSBORF7201	1	CCSBORF2265	3AT	3	163C>T	47	NC_000017.11:35118600:G:A	CCSBVarC024799	ENSP00000338790.6:p.Arg55Trp	RAD51D	ENSG00000185379	IHO1
pilot3	CCSBORF7201	1	CCSBORF2265	3AT	3	167T>G	1646	NC_000017.11:35118596:A:C	CCSBVarC024801	ENSP00000338790.6:p.Val56Gly	RAD51D	ENSG00000185379	IHO1
pilot3	CCSBORF7201	1	CCSBORF2265	3AT	3	196G>A	3717	NC_000017.11:35118567:C:T	CCSBVarC024804	ENSP00000338790.6:p.Val66Met	RAD51D	ENSG00000185379	IHO1
pilot3	CCSBORF7201	1	CCSBORF2265	3AT	3	196G>T	1064	NC_000017.11:35118567:C:A	CCSBVarC024807	ENSP00000338790.6:p.Val66Leu	RAD51D	ENSG00000185379	IHO1
pilot3	CCSBORF7201	1	CCSBORF2265	3AT	3	26G>C	11	NC_000017.11:35119587:C:G	CCSBVarC024707	ENSP00000338790.6:p.Cys9Ser	RAD51D	ENSG00000185379	IHO1
pilot3	CCSBORF7201	1	CCSBORF2265	3AT	3	394G>A	20	NC_000017.11:35107073:C:T	CCSBVarC024822	ENSP00000338790.6:p.Val132Ile	RAD51D	ENSG00000185379	IHO1
pilot3	CCSBORF7201	1	CCSBORF2265	3AT	3	412A>C	11395	NC_000017.11:35107055:T:G	CCSBVarC024825	ENSP00000338790.6:p.Asn138His	RAD51D	ENSG00000185379	IHO1
pilot3	CCSBORF7201	1	CCSBORF2265	3AT	3	49A>G	1402	NC_000017.11:35119564:T:C	CCSBVarC024709	ENSP00000338790.6:p.Ile17Val	RAD51D	ENSG00000185379	IHO1
pilot3	CCSBORF7201	1	CCSBORF2265	3AT	3	68A>G	245	NC_000017.11:35119545:T:C	CCSBVarC024711	ENSP00000338790.6:p.His23Arg	RAD51D	ENSG00000185379	IHO1
pilot3	CCSBORF7201	1	CCSBORF2265	3AT	3	80C>A	720	NC_000017.11:35119533:G:T	CCSBVarC024723	ENSP00000338790.6:p.Thr27Lys	RAD51D	ENSG00000185379	IHO1
pilot3	CCSBORF7201	1	CCSBORF2265	3AT	3	82G>C	30	NC_000017.11:35119531:C:G	CCSBVarC024750	ENSP00000338790.6:p.Val28Leu	RAD51D	ENSG00000185379	IHO1
pilot3	CCSBORF7201	1	CCSBORF100067498	3AT	3	REF	2051	NULL	NULL	NULL	RAD51D	ENSG00000185379	GEMIN4
pilot3	CCSBORF7201	1	CCSBORF100067498	3AT	3	137C>G	175	NC_000017.11:35119117:G:C	CCSBVarC024795	ENSP00000338790.6:p.Ser46Cys	RAD51D	ENSG00000185379	GEMIN4
pilot3	CCSBORF7201	1	CCSBORF100067498	3AT	3	163C>T	60	NC_000017.11:35118600:G:A	CCSBVarC024799	ENSP00000338790.6:p.Arg55Trp	RAD51D	ENSG00000185379	GEMIN4
pilot3	CCSBORF7201	1	CCSBORF100067498	3AT	3	167T>G	751	NC_000017.11:35118596:A:C	CCSBVarC024801	ENSP00000338790.6:p.Val56Gly	RAD51D	ENSG00000185379	GEMIN4
pilot3	CCSBORF7201	1	CCSBORF100067498	3AT	3	196G>A	4543	NC_000017.11:35118567:C:T	CCSBVarC024804	ENSP00000338790.6:p.Val66Met	RAD51D	ENSG00000185379	GEMIN4
pilot3	CCSBORF7201	1	CCSBORF100067498	3AT	3	196G>T	4076	NC_000017.11:35118567:C:A	CCSBVarC024807	ENSP00000338790.6:p.Val66Leu	RAD51D	ENSG00000185379	GEMIN4
pilot3	CCSBORF7201	1	CCSBORF100067498	3AT	3	26G>C	128	NC_000017.11:35119587:C:G	CCSBVarC024707	ENSP00000338790.6:p.Cys9Ser	RAD51D	ENSG00000185379	GEMIN4
pilot3	CCSBORF7201	1	CCSBORF100067498	3AT	3	394G>A	145	NC_000017.11:35107073:C:T	CCSBVarC024822	ENSP00000338790.6:p.Val132Ile	RAD51D	ENSG00000185379	GEMIN4
pilot3	CCSBORF7201	1	CCSBORF100067498	3AT	3	412A>C	14787	NC_000017.11:35107055:T:G	CCSBVarC024825	ENSP00000338790.6:p.Asn138His	RAD51D	ENSG00000185379	GEMIN4
pilot3	CCSBORF7201	1	CCSBORF100067498	3AT	3	49A>G	2551	NC_000017.11:35119564:T:C	CCSBVarC024709	ENSP00000338790.6:p.Ile17Val	RAD51D	ENSG00000185379	GEMIN4
pilot3	CCSBORF7201	1	CCSBORF100067498	3AT	3	68A>G	1650	NC_000017.11:35119545:T:C	CCSBVarC024711	ENSP00000338790.6:p.His23Arg	RAD51D	ENSG00000185379	GEMIN4
pilot3	CCSBORF7201	1	CCSBORF100067498	3AT	3	80C>A	41	NC_000017.11:35119533:G:T	CCSBVarC024723	ENSP00000338790.6:p.Thr27Lys	RAD51D	ENSG00000185379	GEMIN4
pilot3	CCSBORF7201	1	CCSBORF100067498	3AT	3	82G>C	248	NC_000017.11:35119531:C:G	CCSBVarC024750	ENSP00000338790.6:p.Val28Leu	RAD51D	ENSG00000185379	GEMIN4
pilot3	CCSBORF7201	1	CCSBORF100070143	3AT	3	REF	1091	NULL	NULL	NULL	RAD51D	ENSG00000185379	HSF2BP
pilot3	CCSBORF7201	1	CCSBORF100070143	3AT	3	137C>G	11	NC_000017.11:35119117:G:C	CCSBVarC024795	ENSP00000338790.6:p.Ser46Cys	RAD51D	ENSG00000185379	HSF2BP
pilot3	CCSBORF7201	1	CCSBORF100070143	3AT	3	163C>T	28	NC_000017.11:35118600:G:A	CCSBVarC024799	ENSP00000338790.6:p.Arg55Trp	RAD51D	ENSG00000185379	HSF2BP
pilot3	CCSBORF7201	1	CCSBORF100070143	3AT	3	167T>G	3463	NC_000017.11:35118596:A:C	CCSBVarC024801	ENSP00000338790.6:p.Val56Gly	RAD51D	ENSG00000185379	HSF2BP
pilot3	CCSBORF7201	1	CCSBORF100070143	3AT	3	196G>A	1033	NC_000017.11:35118567:C:T	CCSBVarC024804	ENSP00000338790.6:p.Val66Met	RAD51D	ENSG00000185379	HSF2BP
pilot3	CCSBORF7201	1	CCSBORF100070143	3AT	3	196G>T	12968	NC_000017.11:35118567:C:A	CCSBVarC024807	ENSP00000338790.6:p.Val66Leu	RAD51D	ENSG00000185379	HSF2BP
pilot3	CCSBORF7201	1	CCSBORF100070143	3AT	3	26G>C	20	NC_000017.11:35119587:C:G	CCSBVarC024707	ENSP00000338790.6:p.Cys9Ser	RAD51D	ENSG00000185379	HSF2BP
pilot3	CCSBORF7201	1	CCSBORF100070143	3AT	3	394G>A	27	NC_000017.11:35107073:C:T	CCSBVarC024822	ENSP00000338790.6:p.Val132Ile	RAD51D	ENSG00000185379	HSF2BP
pilot3	CCSBORF7201	1	CCSBORF100070143	3AT	3	412A>C	15787	NC_000017.11:35107055:T:G	CCSBVarC024825	ENSP00000338790.6:p.Asn138His	RAD51D	ENSG00000185379	HSF2BP
pilot3	CCSBORF7201	1	CCSBORF100070143	3AT	3	49A>G	1478	NC_000017.11:35119564:T:C	CCSBVarC024709	ENSP00000338790.6:p.Ile17Val	RAD51D	ENSG00000185379	HSF2BP
pilot3	CCSBORF7201	1	CCSBORF100070143	3AT	3	68A>G	612	NC_000017.11:35119545:T:C	CCSBVarC024711	ENSP00000338790.6:p.His23Arg	RAD51D	ENSG00000185379	HSF2BP
pilot3	CCSBORF7201	1	CCSBORF100070143	3AT	3	80C>A	72	NC_000017.11:35119533:G:T	CCSBVarC024723	ENSP00000338790.6:p.Thr27Lys	RAD51D	ENSG00000185379	HSF2BP
pilot3	CCSBORF7201	1	CCSBORF100070143	3AT	3	82G>C	14	NC_000017.11:35119531:C:G	CCSBVarC024750	ENSP00000338790.6:p.Val28Leu	RAD51D	ENSG00000185379	HSF2BP
pilot3	CCSBORF7201	1	CCSBORF10016	3AT	3	REF	644	NULL	NULL	NULL	RAD51D	ENSG00000185379	IKZF3
pilot3	CCSBORF7201	1	CCSBORF10016	3AT	3	137C>G	238	NC_000017.11:35119117:G:C	CCSBVarC024795	ENSP00000338790.6:p.Ser46Cys	RAD51D	ENSG00000185379	IKZF3
pilot3	CCSBORF7201	1	CCSBORF10016	3AT	3	163C>T	293	NC_000017.11:35118600:G:A	CCSBVarC024799	ENSP00000338790.6:p.Arg55Trp	RAD51D	ENSG00000185379	IKZF3
pilot3	CCSBORF7201	1	CCSBORF10016	3AT	3	167T>G	2369	NC_000017.11:35118596:A:C	CCSBVarC024801	ENSP00000338790.6:p.Val56Gly	RAD51D	ENSG00000185379	IKZF3
pilot3	CCSBORF7201	1	CCSBORF10016	3AT	3	196G>A	2862	NC_000017.11:35118567:C:T	CCSBVarC024804	ENSP00000338790.6:p.Val66Met	RAD51D	ENSG00000185379	IKZF3
pilot3	CCSBORF7201	1	CCSBORF10016	3AT	3	196G>T	1649	NC_000017.11:35118567:C:A	CCSBVarC024807	ENSP00000338790.6:p.Val66Leu	RAD51D	ENSG00000185379	IKZF3
pilot3	CCSBORF7201	1	CCSBORF10016	3AT	3	26G>C	445	NC_000017.11:35119587:C:G	CCSBVarC024707	ENSP00000338790.6:p.Cys9Ser	RAD51D	ENSG00000185379	IKZF3
pilot3	CCSBORF7201	1	CCSBORF10016	3AT	3	394G>A	165	NC_000017.11:35107073:C:T	CCSBVarC024822	ENSP00000338790.6:p.Val132Ile	RAD51D	ENSG00000185379	IKZF3
pilot3	CCSBORF7201	1	CCSBORF10016	3AT	3	412A>C	8447	NC_000017.11:35107055:T:G	CCSBVarC024825	ENSP00000338790.6:p.Asn138His	RAD51D	ENSG00000185379	IKZF3
pilot3	CCSBORF7201	1	CCSBORF10016	3AT	3	49A>G	3111	NC_000017.11:35119564:T:C	CCSBVarC024709	ENSP00000338790.6:p.Ile17Val	RAD51D	ENSG00000185379	IKZF3
pilot3	CCSBORF7201	1	CCSBORF10016	3AT	3	68A>G	1042	NC_000017.11:35119545:T:C	CCSBVarC024711	ENSP00000338790.6:p.His23Arg	RAD51D	ENSG00000185379	IKZF3
pilot3	CCSBORF7201	1	CCSBORF10016	3AT	3	80C>A	181	NC_000017.11:35119533:G:T	CCSBVarC024723	ENSP00000338790.6:p.Thr27Lys	RAD51D	ENSG00000185379	IKZF3
pilot3	CCSBORF7201	1	CCSBORF10016	3AT	3	82G>C	102	NC_000017.11:35119531:C:G	CCSBVarC024750	ENSP00000338790.6:p.Val28Leu	RAD51D	ENSG00000185379	IKZF3
pilot3	CCSBORF7201	1	CCSBORF11229	3AT	3	REF	1541	NULL	NULL	NULL	RAD51D	ENSG00000185379	KIFC3
pilot3	CCSBORF7201	1	CCSBORF11229	3AT	3	137C>G	976	NC_000017.11:35119117:G:C	CCSBVarC024795	ENSP00000338790.6:p.Ser46Cys	RAD51D	ENSG00000185379	KIFC3
pilot3	CCSBORF7201	1	CCSBORF11229	3AT	3	163C>T	99	NC_000017.11:35118600:G:A	CCSBVarC024799	ENSP00000338790.6:p.Arg55Trp	RAD51D	ENSG00000185379	KIFC3
pilot3	CCSBORF7201	1	CCSBORF11229	3AT	3	167T>G	3521	NC_000017.11:35118596:A:C	CCSBVarC024801	ENSP00000338790.6:p.Val56Gly	RAD51D	ENSG00000185379	KIFC3
pilot3	CCSBORF7201	1	CCSBORF11229	3AT	3	196G>A	5369	NC_000017.11:35118567:C:T	CCSBVarC024804	ENSP00000338790.6:p.Val66Met	RAD51D	ENSG00000185379	KIFC3
pilot3	CCSBORF7201	1	CCSBORF11229	3AT	3	196G>T	3634	NC_000017.11:35118567:C:A	CCSBVarC024807	ENSP00000338790.6:p.Val66Leu	RAD51D	ENSG00000185379	KIFC3
pilot3	CCSBORF7201	1	CCSBORF11229	3AT	3	26G>C	1598	NC_000017.11:35119587:C:G	CCSBVarC024707	ENSP00000338790.6:p.Cys9Ser	RAD51D	ENSG00000185379	KIFC3
pilot3	CCSBORF7201	1	CCSBORF11229	3AT	3	394G>A	807	NC_000017.11:35107073:C:T	CCSBVarC024822	ENSP00000338790.6:p.Val132Ile	RAD51D	ENSG00000185379	KIFC3
pilot3	CCSBORF7201	1	CCSBORF11229	3AT	3	412A>C	7353	NC_000017.11:35107055:T:G	CCSBVarC024825	ENSP00000338790.6:p.Asn138His	RAD51D	ENSG00000185379	KIFC3
pilot3	CCSBORF7201	1	CCSBORF11229	3AT	3	49A>G	3773	NC_000017.11:35119564:T:C	CCSBVarC024709	ENSP00000338790.6:p.Ile17Val	RAD51D	ENSG00000185379	KIFC3
pilot3	CCSBORF7201	1	CCSBORF11229	3AT	3	68A>G	2477	NC_000017.11:35119545:T:C	CCSBVarC024711	ENSP00000338790.6:p.His23Arg	RAD51D	ENSG00000185379	KIFC3
pilot3	CCSBORF7201	1	CCSBORF11229	3AT	3	80C>A	273	NC_000017.11:35119533:G:T	CCSBVarC024723	ENSP00000338790.6:p.Thr27Lys	RAD51D	ENSG00000185379	KIFC3
pilot3	CCSBORF7201	1	CCSBORF11229	3AT	3	82G>C	2929	NC_000017.11:35119531:C:G	CCSBVarC024750	ENSP00000338790.6:p.Val28Leu	RAD51D	ENSG00000185379	KIFC3
pilot3	CCSBORF7201	1	CCSBORF4569	3AT	3	REF	1497	NULL	NULL	NULL	RAD51D	ENSG00000185379	LZTS2
pilot3	CCSBORF7201	1	CCSBORF4569	3AT	3	137C>G	159	NC_000017.11:35119117:G:C	CCSBVarC024795	ENSP00000338790.6:p.Ser46Cys	RAD51D	ENSG00000185379	LZTS2
pilot3	CCSBORF7201	1	CCSBORF4569	3AT	3	163C>T	65	NC_000017.11:35118600:G:A	CCSBVarC024799	ENSP00000338790.6:p.Arg55Trp	RAD51D	ENSG00000185379	LZTS2
pilot3	CCSBORF7201	1	CCSBORF4569	3AT	3	167T>G	2346	NC_000017.11:35118596:A:C	CCSBVarC024801	ENSP00000338790.6:p.Val56Gly	RAD51D	ENSG00000185379	LZTS2
pilot3	CCSBORF7201	1	CCSBORF4569	3AT	3	196G>A	3308	NC_000017.11:35118567:C:T	CCSBVarC024804	ENSP00000338790.6:p.Val66Met	RAD51D	ENSG00000185379	LZTS2
pilot3	CCSBORF7201	1	CCSBORF4569	3AT	3	196G>T	1244	NC_000017.11:35118567:C:A	CCSBVarC024807	ENSP00000338790.6:p.Val66Leu	RAD51D	ENSG00000185379	LZTS2
pilot3	CCSBORF7201	1	CCSBORF4569	3AT	3	26G>C	93	NC_000017.11:35119587:C:G	CCSBVarC024707	ENSP00000338790.6:p.Cys9Ser	RAD51D	ENSG00000185379	LZTS2
pilot3	CCSBORF7201	1	CCSBORF4569	3AT	3	394G>A	38	NC_000017.11:35107073:C:T	CCSBVarC024822	ENSP00000338790.6:p.Val132Ile	RAD51D	ENSG00000185379	LZTS2
pilot3	CCSBORF7201	1	CCSBORF4569	3AT	3	412A>C	11193	NC_000017.11:35107055:T:G	CCSBVarC024825	ENSP00000338790.6:p.Asn138His	RAD51D	ENSG00000185379	LZTS2
pilot3	CCSBORF7201	1	CCSBORF4569	3AT	3	49A>G	3126	NC_000017.11:35119564:T:C	CCSBVarC024709	ENSP00000338790.6:p.Ile17Val	RAD51D	ENSG00000185379	LZTS2
pilot3	CCSBORF7201	1	CCSBORF4569	3AT	3	68A>G	2002	NC_000017.11:35119545:T:C	CCSBVarC024711	ENSP00000338790.6:p.His23Arg	RAD51D	ENSG00000185379	LZTS2
pilot3	CCSBORF7201	1	CCSBORF4569	3AT	3	80C>A	145	NC_000017.11:35119533:G:T	CCSBVarC024723	ENSP00000338790.6:p.Thr27Lys	RAD51D	ENSG00000185379	LZTS2
pilot3	CCSBORF7201	1	CCSBORF4569	3AT	3	82G>C	11	NC_000017.11:35119531:C:G	CCSBVarC024750	ENSP00000338790.6:p.Val28Leu	RAD51D	ENSG00000185379	LZTS2
pilot3	CCSBORF7201	1	CCSBORF72146	3AT	3	REF	770	NULL	NULL	NULL	RAD51D	ENSG00000185379	MAPK8IP3
pilot3	CCSBORF7201	1	CCSBORF72146	3AT	3	137C>G	607	NC_000017.11:35119117:G:C	CCSBVarC024795	ENSP00000338790.6:p.Ser46Cys	RAD51D	ENSG00000185379	MAPK8IP3
pilot3	CCSBORF7201	1	CCSBORF72146	3AT	3	163C>T	56	NC_000017.11:35118600:G:A	CCSBVarC024799	ENSP00000338790.6:p.Arg55Trp	RAD51D	ENSG00000185379	MAPK8IP3
pilot3	CCSBORF7201	1	CCSBORF72146	3AT	3	167T>G	2456	NC_000017.11:35118596:A:C	CCSBVarC024801	ENSP00000338790.6:p.Val56Gly	RAD51D	ENSG00000185379	MAPK8IP3
pilot3	CCSBORF7201	1	CCSBORF72146	3AT	3	196G>A	3343	NC_000017.11:35118567:C:T	CCSBVarC024804	ENSP00000338790.6:p.Val66Met	RAD51D	ENSG00000185379	MAPK8IP3
pilot3	CCSBORF7201	1	CCSBORF72146	3AT	3	196G>T	2333	NC_000017.11:35118567:C:A	CCSBVarC024807	ENSP00000338790.6:p.Val66Leu	RAD51D	ENSG00000185379	MAPK8IP3
pilot3	CCSBORF7201	1	CCSBORF72146	3AT	3	26G>C	601	NC_000017.11:35119587:C:G	CCSBVarC024707	ENSP00000338790.6:p.Cys9Ser	RAD51D	ENSG00000185379	MAPK8IP3
pilot3	CCSBORF7201	1	CCSBORF72146	3AT	3	394G>A	307	NC_000017.11:35107073:C:T	CCSBVarC024822	ENSP00000338790.6:p.Val132Ile	RAD51D	ENSG00000185379	MAPK8IP3
pilot3	CCSBORF7201	1	CCSBORF72146	3AT	3	412A>C	6908	NC_000017.11:35107055:T:G	CCSBVarC024825	ENSP00000338790.6:p.Asn138His	RAD51D	ENSG00000185379	MAPK8IP3
pilot3	CCSBORF7201	1	CCSBORF72146	3AT	3	49A>G	3075	NC_000017.11:35119564:T:C	CCSBVarC024709	ENSP00000338790.6:p.Ile17Val	RAD51D	ENSG00000185379	MAPK8IP3
pilot3	CCSBORF7201	1	CCSBORF72146	3AT	3	68A>G	1505	NC_000017.11:35119545:T:C	CCSBVarC024711	ENSP00000338790.6:p.His23Arg	RAD51D	ENSG00000185379	MAPK8IP3
pilot3	CCSBORF7201	1	CCSBORF72146	3AT	3	80C>A	730	NC_000017.11:35119533:G:T	CCSBVarC024723	ENSP00000338790.6:p.Thr27Lys	RAD51D	ENSG00000185379	MAPK8IP3
pilot3	CCSBORF7201	1	CCSBORF72146	3AT	3	82G>C	98	NC_000017.11:35119531:C:G	CCSBVarC024750	ENSP00000338790.6:p.Val28Leu	RAD51D	ENSG00000185379	MAPK8IP3
pilot3	CCSBORF7201	1	CCSBORF824	3AT	3	REF	62	NULL	NULL	NULL	RAD51D	ENSG00000185379	MEOX2
pilot3	CCSBORF7201	1	CCSBORF824	3AT	3	137C>G	1706	NC_000017.11:35119117:G:C	CCSBVarC024795	ENSP00000338790.6:p.Ser46Cys	RAD51D	ENSG00000185379	MEOX2
pilot3	CCSBORF7201	1	CCSBORF824	3AT	3	163C>T	78	NC_000017.11:35118600:G:A	CCSBVarC024799	ENSP00000338790.6:p.Arg55Trp	RAD51D	ENSG00000185379	MEOX2
pilot3	CCSBORF7201	1	CCSBORF824	3AT	3	167T>G	223	NC_000017.11:35118596:A:C	CCSBVarC024801	ENSP00000338790.6:p.Val56Gly	RAD51D	ENSG00000185379	MEOX2
pilot3	CCSBORF7201	1	CCSBORF824	3AT	3	196G>A	411	NC_000017.11:35118567:C:T	CCSBVarC024804	ENSP00000338790.6:p.Val66Met	RAD51D	ENSG00000185379	MEOX2
pilot3	CCSBORF7201	1	CCSBORF824	3AT	3	196G>T	24	NC_000017.11:35118567:C:A	CCSBVarC024807	ENSP00000338790.6:p.Val66Leu	RAD51D	ENSG00000185379	MEOX2
pilot3	CCSBORF7201	1	CCSBORF824	3AT	3	26G>C	22	NC_000017.11:35119587:C:G	CCSBVarC024707	ENSP00000338790.6:p.Cys9Ser	RAD51D	ENSG00000185379	MEOX2
pilot3	CCSBORF7201	1	CCSBORF824	3AT	3	394G>A	2	NC_000017.11:35107073:C:T	CCSBVarC024822	ENSP00000338790.6:p.Val132Ile	RAD51D	ENSG00000185379	MEOX2
pilot3	CCSBORF7201	1	CCSBORF824	3AT	3	412A>C	1077	NC_000017.11:35107055:T:G	CCSBVarC024825	ENSP00000338790.6:p.Asn138His	RAD51D	ENSG00000185379	MEOX2
pilot3	CCSBORF7201	1	CCSBORF824	3AT	3	49A>G	199	NC_000017.11:35119564:T:C	CCSBVarC024709	ENSP00000338790.6:p.Ile17Val	RAD51D	ENSG00000185379	MEOX2
pilot3	CCSBORF7201	1	CCSBORF824	3AT	3	68A>G	1274	NC_000017.11:35119545:T:C	CCSBVarC024711	ENSP00000338790.6:p.His23Arg	RAD51D	ENSG00000185379	MEOX2
pilot3	CCSBORF7201	1	CCSBORF824	3AT	3	80C>A	26	NC_000017.11:35119533:G:T	CCSBVarC024723	ENSP00000338790.6:p.Thr27Lys	RAD51D	ENSG00000185379	MEOX2
pilot3	CCSBORF7201	1	CCSBORF824	3AT	3	82G>C	0	NC_000017.11:35119531:C:G	CCSBVarC024750	ENSP00000338790.6:p.Val28Leu	RAD51D	ENSG00000185379	MEOX2
pilot3	CCSBORF7201	1	CCSBORF100000407	3AT	3	REF	529	NULL	NULL	NULL	RAD51D	ENSG00000185379	PICK1
pilot3	CCSBORF7201	1	CCSBORF100000407	3AT	3	137C>G	172	NC_000017.11:35119117:G:C	CCSBVarC024795	ENSP00000338790.6:p.Ser46Cys	RAD51D	ENSG00000185379	PICK1
pilot3	CCSBORF7201	1	CCSBORF100000407	3AT	3	163C>T	182	NC_000017.11:35118600:G:A	CCSBVarC024799	ENSP00000338790.6:p.Arg55Trp	RAD51D	ENSG00000185379	PICK1
pilot3	CCSBORF7201	1	CCSBORF100000407	3AT	3	167T>G	1513	NC_000017.11:35118596:A:C	CCSBVarC024801	ENSP00000338790.6:p.Val56Gly	RAD51D	ENSG00000185379	PICK1
pilot3	CCSBORF7201	1	CCSBORF100000407	3AT	3	196G>A	3067	NC_000017.11:35118567:C:T	CCSBVarC024804	ENSP00000338790.6:p.Val66Met	RAD51D	ENSG00000185379	PICK1
pilot3	CCSBORF7201	1	CCSBORF100000407	3AT	3	196G>T	2083	NC_000017.11:35118567:C:A	CCSBVarC024807	ENSP00000338790.6:p.Val66Leu	RAD51D	ENSG00000185379	PICK1
pilot3	CCSBORF7201	1	CCSBORF100000407	3AT	3	26G>C	870	NC_000017.11:35119587:C:G	CCSBVarC024707	ENSP00000338790.6:p.Cys9Ser	RAD51D	ENSG00000185379	PICK1
pilot3	CCSBORF7201	1	CCSBORF100000407	3AT	3	394G>A	386	NC_000017.11:35107073:C:T	CCSBVarC024822	ENSP00000338790.6:p.Val132Ile	RAD51D	ENSG00000185379	PICK1
pilot3	CCSBORF7201	1	CCSBORF100000407	3AT	3	412A>C	3600	NC_000017.11:35107055:T:G	CCSBVarC024825	ENSP00000338790.6:p.Asn138His	RAD51D	ENSG00000185379	PICK1
pilot3	CCSBORF7201	1	CCSBORF100000407	3AT	3	49A>G	1811	NC_000017.11:35119564:T:C	CCSBVarC024709	ENSP00000338790.6:p.Ile17Val	RAD51D	ENSG00000185379	PICK1
pilot3	CCSBORF7201	1	CCSBORF100000407	3AT	3	68A>G	1477	NC_000017.11:35119545:T:C	CCSBVarC024711	ENSP00000338790.6:p.His23Arg	RAD51D	ENSG00000185379	PICK1
pilot3	CCSBORF7201	1	CCSBORF100000407	3AT	3	80C>A	2636	NC_000017.11:35119533:G:T	CCSBVarC024723	ENSP00000338790.6:p.Thr27Lys	RAD51D	ENSG00000185379	PICK1
pilot3	CCSBORF7201	1	CCSBORF100000407	3AT	3	82G>C	341	NC_000017.11:35119531:C:G	CCSBVarC024750	ENSP00000338790.6:p.Val28Leu	RAD51D	ENSG00000185379	PICK1
pilot3	CCSBORF7201	1	CCSBORF10320	3AT	3	REF	860	NULL	NULL	NULL	RAD51D	ENSG00000185379	PNMA1
pilot3	CCSBORF7201	1	CCSBORF10320	3AT	3	137C>G	3313	NC_000017.11:35119117:G:C	CCSBVarC024795	ENSP00000338790.6:p.Ser46Cys	RAD51D	ENSG00000185379	PNMA1
pilot3	CCSBORF7201	1	CCSBORF10320	3AT	3	163C>T	24	NC_000017.11:35118600:G:A	CCSBVarC024799	ENSP00000338790.6:p.Arg55Trp	RAD51D	ENSG00000185379	PNMA1
pilot3	CCSBORF7201	1	CCSBORF10320	3AT	3	167T>G	99	NC_000017.11:35118596:A:C	CCSBVarC024801	ENSP00000338790.6:p.Val56Gly	RAD51D	ENSG00000185379	PNMA1
pilot3	CCSBORF7201	1	CCSBORF10320	3AT	3	196G>A	490	NC_000017.11:35118567:C:T	CCSBVarC024804	ENSP00000338790.6:p.Val66Met	RAD51D	ENSG00000185379	PNMA1
pilot3	CCSBORF7201	1	CCSBORF10320	3AT	3	196G>T	204	NC_000017.11:35118567:C:A	CCSBVarC024807	ENSP00000338790.6:p.Val66Leu	RAD51D	ENSG00000185379	PNMA1
pilot3	CCSBORF7201	1	CCSBORF10320	3AT	3	26G>C	9559	NC_000017.11:35119587:C:G	CCSBVarC024707	ENSP00000338790.6:p.Cys9Ser	RAD51D	ENSG00000185379	PNMA1
pilot3	CCSBORF7201	1	CCSBORF10320	3AT	3	394G>A	23	NC_000017.11:35107073:C:T	CCSBVarC024822	ENSP00000338790.6:p.Val132Ile	RAD51D	ENSG00000185379	PNMA1
pilot3	CCSBORF7201	1	CCSBORF10320	3AT	3	412A>C	5885	NC_000017.11:35107055:T:G	CCSBVarC024825	ENSP00000338790.6:p.Asn138His	RAD51D	ENSG00000185379	PNMA1
pilot3	CCSBORF7201	1	CCSBORF10320	3AT	3	49A>G	5098	NC_000017.11:35119564:T:C	CCSBVarC024709	ENSP00000338790.6:p.Ile17Val	RAD51D	ENSG00000185379	PNMA1
pilot3	CCSBORF7201	1	CCSBORF10320	3AT	3	68A>G	549	NC_000017.11:35119545:T:C	CCSBVarC024711	ENSP00000338790.6:p.His23Arg	RAD51D	ENSG00000185379	PNMA1
pilot3	CCSBORF7201	1	CCSBORF10320	3AT	3	80C>A	533	NC_000017.11:35119533:G:T	CCSBVarC024723	ENSP00000338790.6:p.Thr27Lys	RAD51D	ENSG00000185379	PNMA1
pilot3	CCSBORF7201	1	CCSBORF10320	3AT	3	82G>C	47	NC_000017.11:35119531:C:G	CCSBVarC024750	ENSP00000338790.6:p.Val28Leu	RAD51D	ENSG00000185379	PNMA1
