spdi	symbol	ensembl_gene_id	ccsb_mutation_id	ccsb_orf_id_reference	hgvs_protein	nt_change	ccsb_orf_id_interactor	interactor_symbol	log2FC_combined	error_log2FC_combined
NC_000002.12:47161856:T:A	CALM2	ENSG00000143933	CCSBVarC017313	CCSBORF1	ENSP00000272298.7:p.Asp96Val	287A>T	CCSBORF11913	ZNF280A	0.09004810261514572	0.33890674718767066
NC_000002.12:47161850:T:C	CALM2	ENSG00000143933	CCSBVarC017314	CCSBORF1	ENSP00000272298.7:p.Asn98Ser	293A>G	CCSBORF11913	ZNF280A	0.5591971345444853	0.3418303210496528
NC_000002.12:47161850:T:A	CALM2	ENSG00000143933	CCSBVarC017315	CCSBORF1	ENSP00000272298.7:p.Asn98Ile	293A>T	CCSBORF11913	ZNF280A	0.8031331724434355	0.33720505469344436
NC_000002.12:47161815:T:A	CALM2	ENSG00000143933	CCSBVarC017317	CCSBORF1	ENSP00000272298.7:p.Met110Leu	328A>T	CCSBORF11913	ZNF280A	-5.190376083922278	0.6028509972597703
NC_000002.12:47161755:C:T	CALM2	ENSG00000143933	CCSBVarC017319	CCSBORF1	ENSP00000272298.7:p.Asp130Asn	388G>A	CCSBORF11913	ZNF280A	-4.724930019038793	0.3872938793579639
NC_000002.12:47161749:C:A	CALM2	ENSG00000143933	CCSBVarC017321	CCSBORF1	ENSP00000272298.7:p.Asp132Tyr	394G>T	CCSBORF11913	ZNF280A	1.0405994608765123	0.33628325107843415
NC_000002.12:47161747:A:C	CALM2	ENSG00000143933	CCSBVarC017323	CCSBORF1	ENSP00000272298.7:p.Asp132Glu	396T>G	CCSBORF11913	ZNF280A	1.062942731621085	0.34212455434258854
NC_000002.12:47161743:C:T	CALM2	ENSG00000143933	CCSBVarC017325	CCSBORF1	ENSP00000272298.7:p.Asp134Asn	400G>A	CCSBORF11913	ZNF280A	1.0098265137433748	0.33670954429046585
NC_000002.12:47161743:C:G	CALM2	ENSG00000143933	CCSBVarC017326	CCSBORF1	ENSP00000272298.7:p.Asp134His	400G>C	CCSBORF11913	ZNF280A	0.10036645178766325	0.33814653076126044
NC_000002.12:47161736:T:G	CALM2	ENSG00000143933	CCSBVarC017327	CCSBORF1	ENSP00000272298.7:p.Gln136Pro	407A>C	CCSBORF11913	ZNF280A	-5.318882780869421	0.39259522450653495
NC_000002.12:47160802:C:G	CALM2	ENSG00000143933	CCSBVarC017329	CCSBORF1	ENSP00000272298.7:p.Glu141Asp	423G>C	CCSBORF11913	ZNF280A	-4.810051958257262	0.3907585303935207
NC_000002.12:47160791:A:C	CALM2	ENSG00000143933	CCSBVarC017330	CCSBORF1	ENSP00000272298.7:p.Met145Arg	434T>G	CCSBORF11913	ZNF280A	-5.850954638281994	0.4233911333949864
NC_000002.12:47161856:T:A	CALM2	ENSG00000143933	CCSBVarC017313	CCSBORF1	ENSP00000272298.7:p.Asp96Val	287A>T	CCSBORF1391	SPATA17	0.10350878101158453	0.48078415931964763
NC_000002.12:47161850:T:C	CALM2	ENSG00000143933	CCSBVarC017314	CCSBORF1	ENSP00000272298.7:p.Asn98Ser	293A>G	CCSBORF1391	SPATA17	-0.4427093065108854	0.48356431669814187
NC_000002.12:47161850:T:A	CALM2	ENSG00000143933	CCSBVarC017315	CCSBORF1	ENSP00000272298.7:p.Asn98Ile	293A>T	CCSBORF1391	SPATA17	0.28217802541679443	0.47942762015669926
NC_000002.12:47161815:T:A	CALM2	ENSG00000143933	CCSBVarC017317	CCSBORF1	ENSP00000272298.7:p.Met110Leu	328A>T	CCSBORF1391	SPATA17	-0.9750041899171882	0.49644439506373333
NC_000002.12:47161755:C:T	CALM2	ENSG00000143933	CCSBVarC017319	CCSBORF1	ENSP00000272298.7:p.Asp130Asn	388G>A	CCSBORF1391	SPATA17	-2.0421494692618625	0.48849969886940176
NC_000002.12:47161749:C:A	CALM2	ENSG00000143933	CCSBVarC017321	CCSBORF1	ENSP00000272298.7:p.Asp132Tyr	394G>T	CCSBORF1391	SPATA17	0.9711859436078522	0.4784666116144073
NC_000002.12:47161747:A:C	CALM2	ENSG00000143933	CCSBVarC017323	CCSBORF1	ENSP00000272298.7:p.Asp132Glu	396T>G	CCSBORF1391	SPATA17	0.08143033716064735	0.585307689030911
NC_000002.12:47161743:C:T	CALM2	ENSG00000143933	CCSBVarC017325	CCSBORF1	ENSP00000272298.7:p.Asp134Asn	400G>A	CCSBORF1391	SPATA17	-0.4324157037485014	0.479387609817095
NC_000002.12:47161743:C:G	CALM2	ENSG00000143933	CCSBVarC017326	CCSBORF1	ENSP00000272298.7:p.Asp134His	400G>C	CCSBORF1391	SPATA17	-1.3642181785479168	0.48264297557507185
NC_000002.12:47161736:T:G	CALM2	ENSG00000143933	CCSBVarC017327	CCSBORF1	ENSP00000272298.7:p.Gln136Pro	407A>C	CCSBORF1391	SPATA17	-5.169082479232193	0.5626998025916347
NC_000002.12:47160802:C:G	CALM2	ENSG00000143933	CCSBVarC017329	CCSBORF1	ENSP00000272298.7:p.Glu141Asp	423G>C	CCSBORF1391	SPATA17	-0.8224284210637761	0.4821841957169855
NC_000002.12:47160791:A:C	CALM2	ENSG00000143933	CCSBVarC017330	CCSBORF1	ENSP00000272298.7:p.Met145Arg	434T>G	CCSBORF1391	SPATA17	0.1583211408321808	0.479523728565011
NC_000002.12:47161856:T:A	CALM2	ENSG00000143933	CCSBVarC017313	CCSBORF1	ENSP00000272298.7:p.Asp96Val	287A>T	CCSBORF71415	NSMF	-0.8178210165210906	0.7663569933722734
NC_000002.12:47161850:T:C	CALM2	ENSG00000143933	CCSBVarC017314	CCSBORF1	ENSP00000272298.7:p.Asn98Ser	293A>G	CCSBORF71415	NSMF	-1.7134797335590894	0.7721124292488771
NC_000002.12:47161850:T:A	CALM2	ENSG00000143933	CCSBVarC017315	CCSBORF1	ENSP00000272298.7:p.Asn98Ile	293A>T	CCSBORF71415	NSMF	-0.9821720193624941	0.7660547753178787
NC_000002.12:47161815:T:A	CALM2	ENSG00000143933	CCSBVarC017317	CCSBORF1	ENSP00000272298.7:p.Met110Leu	328A>T	CCSBORF71415	NSMF	-3.5740682154428085	2.6811216520960897
NC_000002.12:47161755:C:T	CALM2	ENSG00000143933	CCSBVarC017319	CCSBORF1	ENSP00000272298.7:p.Asp130Asn	388G>A	CCSBORF71415	NSMF	-1.304312976904939	0.7692994881855434
NC_000002.12:47161749:C:A	CALM2	ENSG00000143933	CCSBVarC017321	CCSBORF1	ENSP00000272298.7:p.Asp132Tyr	394G>T	CCSBORF71415	NSMF	0.02651318894975095	0.763983478267167
NC_000002.12:47161747:A:C	CALM2	ENSG00000143933	CCSBVarC017323	CCSBORF1	ENSP00000272298.7:p.Asp132Glu	396T>G	CCSBORF71415	NSMF	-1.4082653653914594	0.770815733081916
NC_000002.12:47161743:C:T	CALM2	ENSG00000143933	CCSBVarC017325	CCSBORF1	ENSP00000272298.7:p.Asp134Asn	400G>A	CCSBORF71415	NSMF	-1.1818649462917734	0.7646648197663547
NC_000002.12:47161743:C:G	CALM2	ENSG00000143933	CCSBVarC017326	CCSBORF1	ENSP00000272298.7:p.Asp134His	400G>C	CCSBORF71415	NSMF	-1.7350927938486276	0.7659268290790403
NC_000002.12:47161736:T:G	CALM2	ENSG00000143933	CCSBVarC017327	CCSBORF1	ENSP00000272298.7:p.Gln136Pro	407A>C	CCSBORF71415	NSMF	-6.7467957949430835	0.8306338574524772
NC_000002.12:47160802:C:G	CALM2	ENSG00000143933	CCSBVarC017329	CCSBORF1	ENSP00000272298.7:p.Glu141Asp	423G>C	CCSBORF71415	NSMF	-0.45718247272756335	0.7648900295097407
NC_000002.12:47160791:A:C	CALM2	ENSG00000143933	CCSBVarC017330	CCSBORF1	ENSP00000272298.7:p.Met145Arg	434T>G	CCSBORF71415	NSMF	0.9733668519112613	0.7647646152347836
NC_000016.10:67169300:G:C	HSF4	ENSG00000102878	CCSBVarC035054	CCSBORF100015118	ENSP00000463706.1:p.Arg396Pro	1187G>C	CCSBORF100014733	KRTAP6-2	-0.6952500991223647	0.5886900117433949
NC_000016.10:67165744:G:A	HSF4	ENSG00000102878	CCSBVarC014813	CCSBORF100015118	ENSP00000463706.1:p.Glu87Lys	259G>A	CCSBORF100014733	KRTAP6-2	NULL	NULL
NC_000016.10:67165826:T:C	HSF4	ENSG00000102878	CCSBVarC014837	CCSBORF100015118	ENSP00000463706.1:p.Leu114Pro	341T>C	CCSBORF100014733	KRTAP6-2	-0.7572351589095329	0.6597687153232915
NC_000016.10:67165837:C:T	HSF4	ENSG00000102878	CCSBVarC014839	CCSBORF100015118	ENSP00000463706.1:p.Arg118Trp	352C>T	CCSBORF100014733	KRTAP6-2	0.27293720801206806	0.9126667958533545
NC_000016.10:67165978:C:T	HSF4	ENSG00000102878	CCSBVarC014821	CCSBORF100015118	ENSP00000463706.1:p.Arg132Cys	394C>T	CCSBORF100014733	KRTAP6-2	0.03596296624916226	0.5853265291362028
NC_000016.10:67166356:C:G	HSF4	ENSG00000102878	CCSBVarC014824	CCSBORF100015118	ENSP00000463706.1:p.Arg175Gly	523C>G	CCSBORF100014733	KRTAP6-2	-0.10295297430775673	0.5858856886282844
NC_000016.10:67164866:C:A	HSF4	ENSG00000102878	CCSBVarC014834	CCSBORF100015118	ENSP00000463706.1:p.Ala19Asp	56C>A	CCSBORF100014733	KRTAP6-2	0.06570562317235387	0.585509785586339
NC_000016.10:67167128:G:T	HSF4	ENSG00000102878	CCSBVarC014807	CCSBORF100015118	ENSP00000463706.1:p.Met212Ile	636G>T	CCSBORF100014733	KRTAP6-2	0.044768511742300454	0.5896279071263423
NC_000016.10:67164879:G:T	HSF4	ENSG00000102878	CCSBVarC035052	CCSBORF100015118	ENSP00000463706.1:p.Lys23Asn	69G>T	CCSBORF100014733	KRTAP6-2	0.13023935738343784	0.958503818464922
NC_000016.10:67169300:G:C	HSF4	ENSG00000102878	CCSBVarC035054	CCSBORF100015118	ENSP00000463706.1:p.Arg396Pro	1187G>C	CCSBORF100062578	KRTAP19-6	0.37452735721722	0.3848938726356626
NC_000016.10:67165744:G:A	HSF4	ENSG00000102878	CCSBVarC014813	CCSBORF100015118	ENSP00000463706.1:p.Glu87Lys	259G>A	CCSBORF100062578	KRTAP19-6	-1.4882960178705054	0.45400383469173544
NC_000016.10:67165826:T:C	HSF4	ENSG00000102878	CCSBVarC014837	CCSBORF100015118	ENSP00000463706.1:p.Leu114Pro	341T>C	CCSBORF100062578	KRTAP19-6	-0.41077429333659166	0.389163219567555
NC_000016.10:67165837:C:T	HSF4	ENSG00000102878	CCSBVarC014839	CCSBORF100015118	ENSP00000463706.1:p.Arg118Trp	352C>T	CCSBORF100062578	KRTAP19-6	0.21380886372241528	0.3890656008786762
NC_000016.10:67165978:C:T	HSF4	ENSG00000102878	CCSBVarC014821	CCSBORF100015118	ENSP00000463706.1:p.Arg132Cys	394C>T	CCSBORF100062578	KRTAP19-6	0.22309375321303226	0.3815330668926218
NC_000016.10:67166356:C:G	HSF4	ENSG00000102878	CCSBVarC014824	CCSBORF100015118	ENSP00000463706.1:p.Arg175Gly	523C>G	CCSBORF100062578	KRTAP19-6	0.13323787082784827	0.3825405465789907
NC_000016.10:67164866:C:A	HSF4	ENSG00000102878	CCSBVarC014834	CCSBORF100015118	ENSP00000463706.1:p.Ala19Asp	56C>A	CCSBORF100062578	KRTAP19-6	0.320030397208649	0.3831150474207197
NC_000016.10:67167128:G:T	HSF4	ENSG00000102878	CCSBVarC014807	CCSBORF100015118	ENSP00000463706.1:p.Met212Ile	636G>T	CCSBORF100062578	KRTAP19-6	-0.693143539506807	0.39039528670829354
NC_000016.10:67164879:G:T	HSF4	ENSG00000102878	CCSBVarC035052	CCSBORF100015118	ENSP00000463706.1:p.Lys23Asn	69G>T	CCSBORF100062578	KRTAP19-6	0.015313307655243302	0.39148543639358363
NC_000021.9:46213830:G:A	LSS	ENSG00000160285	CCSBVarC026581	CCSBORF10153	ENSP00000380837.2:p.Ser339Leu	1016C>T	CCSBORF100008839	CIB1	-1.6517226754975942	0.542215249630496
NC_000021.9:46213792:C:T	LSS	ENSG00000160285	CCSBVarC026586	CCSBORF10153	ENSP00000380837.2:p.Gly352Arg	1054G>A	CCSBORF100008839	CIB1	-2.9269089199829894	0.5582858265144827
NC_000021.9:46194613:C:T	LSS	ENSG00000160285	CCSBVarC026615	CCSBORF10153	ENSP00000380837.2:p.Arg622Gln	1865G>A	CCSBORF100008839	CIB1	-0.713911734475705	0.5432706062020288
NC_000021.9:46194591:C:A	LSS	ENSG00000160285	CCSBVarC026618	CCSBORF10153	ENSP00000380837.2:p.Trp629Cys	1887G>T	CCSBORF100008839	CIB1	-4.7871455637213725	0.581160053769451
NC_000021.9:46191884:G:A	LSS	ENSG00000160285	CCSBVarC026624	CCSBORF10153	ENSP00000380837.2:p.Pro688Leu	2063C>T	CCSBORF100008839	CIB1	-1.7124833216743824	0.5540978678240039
NC_000021.9:46222711:G:A	LSS	ENSG00000160285	CCSBVarC026535	CCSBORF10153	ENSP00000380837.2:p.Arg116Cys	346C>T	CCSBORF100008839	CIB1	0.21387072986000588	1.077894841308208
NC_000021.9:46216435:C:T	LSS	ENSG00000160285	CCSBVarC026550	CCSBORF10153	ENSP00000380837.2:p.Val246Ile	736G>A	CCSBORF100008839	CIB1	-2.3772472119348356	0.5387290448654773
NC_000021.9:46216428:A:G	LSS	ENSG00000160285	CCSBVarC026554	CCSBORF10153	ENSP00000380837.2:p.Leu248Pro	743T>C	CCSBORF100008839	CIB1	-4.665329353875866	0.5573912103503751
NC_000021.9:46216419:G:A	LSS	ENSG00000160285	CCSBVarC026563	CCSBORF10153	ENSP00000380837.2:p.Ala251Val	752C>T	CCSBORF100008839	CIB1	-1.111010475564108	0.5437083688448539
NC_000021.9:46215719:T:C	LSS	ENSG00000160285	CCSBVarC026572	CCSBORF10153	ENSP00000380837.2:p.Tyr286Cys	857A>G	CCSBORF100008839	CIB1	-0.7649187255787264	0.5382681584499848
NC_000021.9:46215716:G:A	LSS	ENSG00000160285	CCSBVarC026575	CCSBORF10153	ENSP00000380837.2:p.Thr287Met	860C>T	CCSBORF100008839	CIB1	-0.29613122914033946	0.9533831739583587
NC_000021.9:46215261:T:C	LSS	ENSG00000160285	CCSBVarC026579	CCSBORF10153	ENSP00000380837.2:p.His310Arg	929A>G	CCSBORF100008839	CIB1	0.09887159740365123	0.5423852154776294
NC_000003.12:69009724:C:A	EOGT	ENSG00000163378	CCSBVarC026393	CCSBORF10818	ENSP00000295571.5:p.Arg41Leu	122G>T	CCSBORF1328	SLC13A4	-0.02232307899972477	0.503892696965999
NC_000003.12:69007713:G:A	EOGT	ENSG00000163378	CCSBVarC026399	CCSBORF10818	ENSP00000295571.5:p.Thr140Met	419C>T	CCSBORF1328	SLC13A4	-0.33693512424565153	0.5042239146715501
NC_000003.12:69004434:T:A	EOGT	ENSG00000163378	CCSBVarC026421	CCSBORF10818	ENSP00000295571.5:p.Lys188Ile	563A>T	CCSBORF1328	SLC13A4	0.11568458432378434	0.5057039997293553
NC_000003.12:69004422:C:T	EOGT	ENSG00000163378	CCSBVarC026424	CCSBORF10818	ENSP00000295571.5:p.Arg192His	575G>A	CCSBORF1328	SLC13A4	-0.07393203231710502	0.5017987569098632
NC_000003.12:69004413:G:A	EOGT	ENSG00000163378	CCSBVarC026427	CCSBORF10818	ENSP00000295571.5:p.Thr195Met	584C>T	CCSBORF1328	SLC13A4	-0.31944537180929566	0.600701779211069
NC_000003.12:69004377:C:G	EOGT	ENSG00000163378	CCSBVarC026430	CCSBORF10818	ENSP00000295571.5:p.Trp207Ser	620G>C	CCSBORF1328	SLC13A4	-0.7748549591526632	0.5084532578298008
NC_000003.12:68987466:C:T	EOGT	ENSG00000163378	CCSBVarC026432	CCSBORF10818	ENSP00000295571.5:p.Arg293Gln	878G>A	CCSBORF1328	SLC13A4	-0.3507222896819426	0.5237811651735967
NC_000003.12:68982811:T:C	EOGT	ENSG00000163378	CCSBVarC026434	CCSBORF10818	ENSP00000295571.5:p.Arg321Gly	961A>G	CCSBORF1328	SLC13A4	-0.08289922445921954	0.5055726686240299
NC_000012.12:23543303:T:C	SOX5	ENSG00000134532	CCSBVarC026860	CCSBORF10885	ENSP00000493866.1:p.Met439Val	1315A>G	CCSBORF100070216	RNF4	-0.24102021302475646	0.4029446578555235
NC_000012.12:23543300:T:G	SOX5	ENSG00000134532	CCSBVarC026867	CCSBORF10885	ENSP00000493866.1:p.Asn440His	1318A>C	CCSBORF100070216	RNF4	-0.27440349502674144	0.408605767248158
NC_000012.12:23543269:C:T	SOX5	ENSG00000134532	CCSBVarC026878	CCSBORF10885	ENSP00000493866.1:p.Arg450Gln	1349G>A	CCSBORF100070216	RNF4	-0.09749543105840397	0.4080417156237535
NC_000012.12:23543233:T:C	SOX5	ENSG00000134532	CCSBVarC026902	CCSBORF10885	ENSP00000493866.1:p.Asn462Ser	1385A>G	CCSBORF100070216	RNF4	0.4409467475366814	0.51818544194809
NC_000012.12:23543217:C:G	SOX5	ENSG00000134532	CCSBVarC026921	CCSBORF10885	ENSP00000493866.1:p.Lys467Asn	1401G>C	CCSBORF100070216	RNF4	0.01223623218631334	0.40524759546419953
NC_000012.12:23536651:T:C	SOX5	ENSG00000134532	CCSBVarC026941	CCSBORF10885	ENSP00000493866.1:p.Met476Val	1426A>G	CCSBORF100070216	RNF4	-2.59790654326844	0.48670464384275275
NC_000012.12:23536626:T:G	SOX5	ENSG00000134532	CCSBVarC026945	CCSBORF10885	ENSP00000493866.1:p.Tyr484Ser	1451A>C	CCSBORF100070216	RNF4	-0.7189998379667736	0.44203109907077
NC_000012.12:23536609:G:C	SOX5	ENSG00000134532	CCSBVarC026953	CCSBORF10885	ENSP00000493866.1:p.Arg490Gly	1468C>G	CCSBORF100070216	RNF4	0.2088538089658587	0.430301693677202
NC_000012.12:23536545:G:T	SOX5	ENSG00000134532	CCSBVarC026959	CCSBORF10885	ENSP00000493866.1:p.Thr511Asn	1532C>A	CCSBORF100070216	RNF4	-0.21252918134438473	0.4291638611920657
NC_000012.12:23740939:T:C	SOX5	ENSG00000134532	CCSBVarC026837	CCSBORF10885	ENSP00000493866.1:p.Gln210Arg	629A>G	CCSBORF100070216	RNF4	-2.338957192587564	0.6273283248847189
NC_000012.12:23665470:G:A	SOX5	ENSG00000134532	CCSBVarC026847	CCSBORF10885	ENSP00000493866.1:p.Pro289Ser	865C>T	CCSBORF100070216	RNF4	0.3659673004495315	0.4196453948768317
NC_000015.10:36892344:T:C	MEIS2	ENSG00000134138	CCSBVarC027700	CCSBORF11603	ENSP00000341400.4:p.His414Arg	1241A>G	CCSBORF100014733	KRTAP6-2	-1.0403093608290346	0.45328826570189357
NC_000015.10:36892190:C:T	MEIS2	ENSG00000134138	CCSBVarC027702	CCSBORF11603	ENSP00000341400.4:p.Met465Ile	1395G>A	CCSBORF100014733	KRTAP6-2	-0.18010093844086125	0.4582531739157161
NC_000015.10:37098009:C:A	MEIS2	ENSG00000134138	CCSBVarC028092	CCSBORF11603	ENSP00000341400.4:p.Ala68Ser	202G>T	CCSBORF100014733	KRTAP6-2	-0.24047177581954315	0.4415893547887842
NC_000015.10:37036836:C:G	MEIS2	ENSG00000134138	CCSBVarC028111	CCSBORF11603	ENSP00000341400.4:p.Ala293Pro	877G>C	CCSBORF100014733	KRTAP6-2	-0.034470639042271656	0.4131117494869894
NC_000015.10:36950393:A:T	MEIS2	ENSG00000134138	CCSBVarC028117	CCSBORF11603	ENSP00000341400.4:p.Tyr303Asn	907T>A	CCSBORF100014733	KRTAP6-2	-0.21912991946269292	0.4101162258808589
NC_000015.10:36950384:C:T	MEIS2	ENSG00000134138	CCSBVarC028120	CCSBORF11603	ENSP00000341400.4:p.Glu306Lys	916G>A	CCSBORF100014733	KRTAP6-2	0.0033420455924076213	0.46707372976282185
NC_000015.10:36950336:G:C	MEIS2	ENSG00000134138	CCSBVarC027681	CCSBORF11603	ENSP00000341400.4:p.Gln322Glu	964C>G	CCSBORF100014733	KRTAP6-2	0.7331343467599156	0.4183289116075555
NC_000015.10:36950335:T:A	MEIS2	ENSG00000134138	CCSBVarC027683	CCSBORF11603	ENSP00000341400.4:p.Gln322Leu	965A>T	CCSBORF100014733	KRTAP6-2	-0.15920612698404926	0.42386676997607076
NC_000015.10:36950332:A:C	MEIS2	ENSG00000134138	CCSBVarC027685	CCSBORF11603	ENSP00000341400.4:p.Val323Gly	968T>G	CCSBORF100014733	KRTAP6-2	-0.9865280469495219	0.42556841109680993
NC_000015.10:36950327:T:C	MEIS2	ENSG00000134138	CCSBVarC027687	CCSBORF11603	ENSP00000341400.4:p.Asn325Asp	973A>G	CCSBORF100014733	KRTAP6-2	0.362193076389347	0.4109902427647629
NC_000015.10:36896677:T:C	MEIS2	ENSG00000134138	CCSBVarC027690	CCSBORF11603	ENSP00000341400.4:p.Asn329Ser	986A>G	CCSBORF100014733	KRTAP6-2	-0.30049883503124003	0.4104495971313582
NC_000015.10:36896672:T:C	MEIS2	ENSG00000134138	CCSBVarC027694	CCSBORF11603	ENSP00000341400.4:p.Arg331Gly	991A>G	CCSBORF100014733	KRTAP6-2	-0.23748861327568532	0.4728637208206255
NC_000015.10:36896669:T:C	MEIS2	ENSG00000134138	CCSBVarC027696	CCSBORF11603	ENSP00000341400.4:p.Arg332Gly	994A>G	CCSBORF100014733	KRTAP6-2	0.08086543214344576	0.4107578480804761
NC_000015.10:36896664:T:G	MEIS2	ENSG00000134138	CCSBVarC027697	CCSBORF11603	ENSP00000341400.4:p.Arg333Ser	999A>C	CCSBORF100014733	KRTAP6-2	0.14084373703336164	0.41240502771716253
NC_000015.10:36892344:T:C	MEIS2	ENSG00000134138	CCSBVarC027700	CCSBORF11603	ENSP00000341400.4:p.His414Arg	1241A>G	CCSBORF100015973	SCT	-0.9778725544610704	1.487490074444352
NC_000015.10:36892190:C:T	MEIS2	ENSG00000134138	CCSBVarC027702	CCSBORF11603	ENSP00000341400.4:p.Met465Ile	1395G>A	CCSBORF100015973	SCT	-1.734523895401862	0.8322596965052014
NC_000015.10:37098009:C:A	MEIS2	ENSG00000134138	CCSBVarC028092	CCSBORF11603	ENSP00000341400.4:p.Ala68Ser	202G>T	CCSBORF100015973	SCT	-0.4531007340581207	0.7961595344046996
NC_000015.10:37036836:C:G	MEIS2	ENSG00000134138	CCSBVarC028111	CCSBORF11603	ENSP00000341400.4:p.Ala293Pro	877G>C	CCSBORF100015973	SCT	-3.1792322045594252	0.7968584124235811
NC_000015.10:36950393:A:T	MEIS2	ENSG00000134138	CCSBVarC028117	CCSBORF11603	ENSP00000341400.4:p.Tyr303Asn	907T>A	CCSBORF100015973	SCT	-3.634735619709452	0.7949835729805471
NC_000015.10:36950384:C:T	MEIS2	ENSG00000134138	CCSBVarC028120	CCSBORF11603	ENSP00000341400.4:p.Glu306Lys	916G>A	CCSBORF100015973	SCT	-0.5300678900377644	0.8257788843691224
NC_000015.10:36950336:G:C	MEIS2	ENSG00000134138	CCSBVarC027681	CCSBORF11603	ENSP00000341400.4:p.Gln322Glu	964C>G	CCSBORF100015973	SCT	0.3423651871970759	0.7906392024122287
NC_000015.10:36950335:T:A	MEIS2	ENSG00000134138	CCSBVarC027683	CCSBORF11603	ENSP00000341400.4:p.Gln322Leu	965A>T	CCSBORF100015973	SCT	-5.413044908906221	0.8900262835398427
NC_000015.10:36950332:A:C	MEIS2	ENSG00000134138	CCSBVarC027685	CCSBORF11603	ENSP00000341400.4:p.Val323Gly	968T>G	CCSBORF100015973	SCT	-5.498897915821465	0.8598280793268179
NC_000015.10:36950327:T:C	MEIS2	ENSG00000134138	CCSBVarC027687	CCSBORF11603	ENSP00000341400.4:p.Asn325Asp	973A>G	CCSBORF100015973	SCT	-0.1623169494206986	0.7890206616471724
NC_000015.10:36896677:T:C	MEIS2	ENSG00000134138	CCSBVarC027690	CCSBORF11603	ENSP00000341400.4:p.Asn329Ser	986A>G	CCSBORF100015973	SCT	-0.6846868433496376	0.7893663496855683
NC_000015.10:36896672:T:C	MEIS2	ENSG00000134138	CCSBVarC027694	CCSBORF11603	ENSP00000341400.4:p.Arg331Gly	991A>G	CCSBORF100015973	SCT	-3.291118218948224	0.808495807116189
NC_000015.10:36896669:T:C	MEIS2	ENSG00000134138	CCSBVarC027696	CCSBORF11603	ENSP00000341400.4:p.Arg332Gly	994A>G	CCSBORF100015973	SCT	-0.5366708086821331	0.7900477687667113
NC_000015.10:36896664:T:G	MEIS2	ENSG00000134138	CCSBVarC027697	CCSBORF11603	ENSP00000341400.4:p.Arg333Ser	999A>C	CCSBORF100015973	SCT	0.8861461431621702	0.7898783087409309
NC_000015.10:36892344:T:C	MEIS2	ENSG00000134138	CCSBVarC027700	CCSBORF11603	ENSP00000341400.4:p.His414Arg	1241A>G	CCSBORF100062578	KRTAP19-6	-0.6775346586962665	0.46101022625447197
NC_000015.10:36892190:C:T	MEIS2	ENSG00000134138	CCSBVarC027702	CCSBORF11603	ENSP00000341400.4:p.Met465Ile	1395G>A	CCSBORF100062578	KRTAP19-6	NULL	NULL
NC_000015.10:37098009:C:A	MEIS2	ENSG00000134138	CCSBVarC028092	CCSBORF11603	ENSP00000341400.4:p.Ala68Ser	202G>T	CCSBORF100062578	KRTAP19-6	-0.8005927454695481	0.44592698771648437
NC_000015.10:37036836:C:G	MEIS2	ENSG00000134138	CCSBVarC028111	CCSBORF11603	ENSP00000341400.4:p.Ala293Pro	877G>C	CCSBORF100062578	KRTAP19-6	-2.252849750890719	0.43443448162825954
NC_000015.10:36950393:A:T	MEIS2	ENSG00000134138	CCSBVarC028117	CCSBORF11603	ENSP00000341400.4:p.Tyr303Asn	907T>A	CCSBORF100062578	KRTAP19-6	-2.5360430384082067	0.4313539464124113
NC_000015.10:36950384:C:T	MEIS2	ENSG00000134138	CCSBVarC028120	CCSBORF11603	ENSP00000341400.4:p.Glu306Lys	916G>A	CCSBORF100062578	KRTAP19-6	-2.507838841780739	0.5412220801197323
NC_000015.10:36950336:G:C	MEIS2	ENSG00000134138	CCSBVarC027681	CCSBORF11603	ENSP00000341400.4:p.Gln322Glu	964C>G	CCSBORF100062578	KRTAP19-6	0.23037761671977386	0.45148371818088623
NC_000015.10:36950335:T:A	MEIS2	ENSG00000134138	CCSBVarC027683	CCSBORF11603	ENSP00000341400.4:p.Gln322Leu	965A>T	CCSBORF100062578	KRTAP19-6	-2.183781538128705	0.46694251987399926
NC_000015.10:36950332:A:C	MEIS2	ENSG00000134138	CCSBVarC027685	CCSBORF11603	ENSP00000341400.4:p.Val323Gly	968T>G	CCSBORF100062578	KRTAP19-6	-4.534467091756084	0.5379445639377496
NC_000015.10:36950327:T:C	MEIS2	ENSG00000134138	CCSBVarC027687	CCSBORF11603	ENSP00000341400.4:p.Asn325Asp	973A>G	CCSBORF100062578	KRTAP19-6	0.6453128964719165	0.4237721955673231
NC_000015.10:36896677:T:C	MEIS2	ENSG00000134138	CCSBVarC027690	CCSBORF11603	ENSP00000341400.4:p.Asn329Ser	986A>G	CCSBORF100062578	KRTAP19-6	0.5191654495332628	0.4222173340785941
NC_000015.10:36896672:T:C	MEIS2	ENSG00000134138	CCSBVarC027694	CCSBORF11603	ENSP00000341400.4:p.Arg331Gly	991A>G	CCSBORF100062578	KRTAP19-6	-0.8825071811124314	0.43377452998565164
NC_000015.10:36896669:T:C	MEIS2	ENSG00000134138	CCSBVarC027696	CCSBORF11603	ENSP00000341400.4:p.Arg332Gly	994A>G	CCSBORF100062578	KRTAP19-6	-0.5375746843945324	0.4233724494501681
NC_000015.10:36896664:T:G	MEIS2	ENSG00000134138	CCSBVarC027697	CCSBORF11603	ENSP00000341400.4:p.Arg333Ser	999A>C	CCSBORF100062578	KRTAP19-6	1.0958410095428643	0.42597016264347415
NC_000015.10:36892344:T:C	MEIS2	ENSG00000134138	CCSBVarC027700	CCSBORF11603	ENSP00000341400.4:p.His414Arg	1241A>G	CCSBORF14908	CCDC196	-0.4771050113631063	0.8890723339285933
NC_000015.10:36892190:C:T	MEIS2	ENSG00000134138	CCSBVarC027702	CCSBORF11603	ENSP00000341400.4:p.Met465Ile	1395G>A	CCSBORF14908	CCDC196	-0.8322105835154383	0.6464357767296199
NC_000015.10:37098009:C:A	MEIS2	ENSG00000134138	CCSBVarC028092	CCSBORF11603	ENSP00000341400.4:p.Ala68Ser	202G>T	CCSBORF14908	CCDC196	-0.49180224947531537	0.6149790250536765
NC_000015.10:37036836:C:G	MEIS2	ENSG00000134138	CCSBVarC028111	CCSBORF11603	ENSP00000341400.4:p.Ala293Pro	877G>C	CCSBORF14908	CCDC196	-0.6521748839160671	0.6024063102365668
NC_000015.10:36950393:A:T	MEIS2	ENSG00000134138	CCSBVarC028117	CCSBORF11603	ENSP00000341400.4:p.Tyr303Asn	907T>A	CCSBORF14908	CCDC196	-0.11193136412738794	0.6008377325777654
NC_000015.10:36950384:C:T	MEIS2	ENSG00000134138	CCSBVarC028120	CCSBORF11603	ENSP00000341400.4:p.Glu306Lys	916G>A	CCSBORF14908	CCDC196	-0.867830547852437	0.6364545546585505
NC_000015.10:36950336:G:C	MEIS2	ENSG00000134138	CCSBVarC027681	CCSBORF11603	ENSP00000341400.4:p.Gln322Glu	964C>G	CCSBORF14908	CCDC196	0.4254520810063561	0.6018060557508809
NC_000015.10:36950335:T:A	MEIS2	ENSG00000134138	CCSBVarC027683	CCSBORF11603	ENSP00000341400.4:p.Gln322Leu	965A>T	CCSBORF14908	CCDC196	-0.1171786589798883	0.612872357098721
NC_000015.10:36950332:A:C	MEIS2	ENSG00000134138	CCSBVarC027685	CCSBORF11603	ENSP00000341400.4:p.Val323Gly	968T>G	CCSBORF14908	CCDC196	-1.9025803034427868	0.6284406861304712
NC_000015.10:36950327:T:C	MEIS2	ENSG00000134138	CCSBVarC027687	CCSBORF11603	ENSP00000341400.4:p.Asn325Asp	973A>G	CCSBORF14908	CCDC196	0.3372463600267406	0.6002447164188016
NC_000015.10:36896677:T:C	MEIS2	ENSG00000134138	CCSBVarC027690	CCSBORF11603	ENSP00000341400.4:p.Asn329Ser	986A>G	CCSBORF14908	CCDC196	0.6134388770214174	0.5994763900847611
NC_000015.10:36896672:T:C	MEIS2	ENSG00000134138	CCSBVarC027694	CCSBORF11603	ENSP00000341400.4:p.Arg331Gly	991A>G	CCSBORF14908	CCDC196	0.13734432852210568	0.6065747763518419
NC_000015.10:36896669:T:C	MEIS2	ENSG00000134138	CCSBVarC027696	CCSBORF11603	ENSP00000341400.4:p.Arg332Gly	994A>G	CCSBORF14908	CCDC196	0.6924511029048874	0.6004996050866679
NC_000015.10:36896664:T:G	MEIS2	ENSG00000134138	CCSBVarC027697	CCSBORF11603	ENSP00000341400.4:p.Arg333Ser	999A>C	CCSBORF14908	CCDC196	0.5641226859248567	0.6016720038194227
NC_000015.10:36892344:T:C	MEIS2	ENSG00000134138	CCSBVarC027700	CCSBORF11603	ENSP00000341400.4:p.His414Arg	1241A>G	CCSBORF209	OIP5	0.20231119798602878	0.6037237450647782
NC_000015.10:36892190:C:T	MEIS2	ENSG00000134138	CCSBVarC027702	CCSBORF11603	ENSP00000341400.4:p.Met465Ile	1395G>A	CCSBORF209	OIP5	0.12376177817552211	0.633408597925532
NC_000015.10:37098009:C:A	MEIS2	ENSG00000134138	CCSBVarC028092	CCSBORF11603	ENSP00000341400.4:p.Ala68Ser	202G>T	CCSBORF209	OIP5	0.4762164502874421	0.6156008635577725
NC_000015.10:37036836:C:G	MEIS2	ENSG00000134138	CCSBVarC028111	CCSBORF11603	ENSP00000341400.4:p.Ala293Pro	877G>C	CCSBORF209	OIP5	-1.7474764354723822	0.5973539573506481
NC_000015.10:36950393:A:T	MEIS2	ENSG00000134138	CCSBVarC028117	CCSBORF11603	ENSP00000341400.4:p.Tyr303Asn	907T>A	CCSBORF209	OIP5	-2.068124540709389	0.5983043029510594
NC_000015.10:36950384:C:T	MEIS2	ENSG00000134138	CCSBVarC028120	CCSBORF11603	ENSP00000341400.4:p.Glu306Lys	916G>A	CCSBORF209	OIP5	-1.7215044668546013	0.6213499178352401
NC_000015.10:36950336:G:C	MEIS2	ENSG00000134138	CCSBVarC027681	CCSBORF11603	ENSP00000341400.4:p.Gln322Glu	964C>G	CCSBORF209	OIP5	-0.07375718999177858	0.5934350962304507
NC_000015.10:36950335:T:A	MEIS2	ENSG00000134138	CCSBVarC027683	CCSBORF11603	ENSP00000341400.4:p.Gln322Leu	965A>T	CCSBORF209	OIP5	-4.912815178175538	0.7071390432871655
NC_000015.10:36950332:A:C	MEIS2	ENSG00000134138	CCSBVarC027685	CCSBORF11603	ENSP00000341400.4:p.Val323Gly	968T>G	CCSBORF209	OIP5	-3.744836366111805	0.7231258029742048
NC_000015.10:36950327:T:C	MEIS2	ENSG00000134138	CCSBVarC027687	CCSBORF11603	ENSP00000341400.4:p.Asn325Asp	973A>G	CCSBORF209	OIP5	-0.21209054416057543	0.5922326871431246
NC_000015.10:36896677:T:C	MEIS2	ENSG00000134138	CCSBVarC027690	CCSBORF11603	ENSP00000341400.4:p.Asn329Ser	986A>G	CCSBORF209	OIP5	-0.08213662386716203	0.5898080420789753
NC_000015.10:36896672:T:C	MEIS2	ENSG00000134138	CCSBVarC027694	CCSBORF11603	ENSP00000341400.4:p.Arg331Gly	991A>G	CCSBORF209	OIP5	-0.6770697138051492	0.5985670936085603
NC_000015.10:36896669:T:C	MEIS2	ENSG00000134138	CCSBVarC027696	CCSBORF11603	ENSP00000341400.4:p.Arg332Gly	994A>G	CCSBORF209	OIP5	-0.2581952655913904	0.5903186084899157
NC_000015.10:36896664:T:G	MEIS2	ENSG00000134138	CCSBVarC027697	CCSBORF11603	ENSP00000341400.4:p.Arg333Ser	999A>C	CCSBORF209	OIP5	1.115192005492001	0.594138870959106
NC_000015.10:36892344:T:C	MEIS2	ENSG00000134138	CCSBVarC027700	CCSBORF11603	ENSP00000341400.4:p.His414Arg	1241A>G	CCSBORF54869	KRTAP11-1	-0.4945731719221226	1.1793003291149324
NC_000015.10:36892190:C:T	MEIS2	ENSG00000134138	CCSBVarC027702	CCSBORF11603	ENSP00000341400.4:p.Met465Ile	1395G>A	CCSBORF54869	KRTAP11-1	NULL	NULL
NC_000015.10:37098009:C:A	MEIS2	ENSG00000134138	CCSBVarC028092	CCSBORF11603	ENSP00000341400.4:p.Ala68Ser	202G>T	CCSBORF54869	KRTAP11-1	-0.02571289472111643	0.7047363355630784
NC_000015.10:37036836:C:G	MEIS2	ENSG00000134138	CCSBVarC028111	CCSBORF11603	ENSP00000341400.4:p.Ala293Pro	877G>C	CCSBORF54869	KRTAP11-1	-2.2260865635279594	0.6993613324621999
NC_000015.10:36950393:A:T	MEIS2	ENSG00000134138	CCSBVarC028117	CCSBORF11603	ENSP00000341400.4:p.Tyr303Asn	907T>A	CCSBORF54869	KRTAP11-1	-1.9928961458687287	0.6963188699792152
NC_000015.10:36950384:C:T	MEIS2	ENSG00000134138	CCSBVarC028120	CCSBORF11603	ENSP00000341400.4:p.Glu306Lys	916G>A	CCSBORF54869	KRTAP11-1	-1.1162238736873873	0.7161019694193456
NC_000015.10:36950336:G:C	MEIS2	ENSG00000134138	CCSBVarC027681	CCSBORF11603	ENSP00000341400.4:p.Gln322Glu	964C>G	CCSBORF54869	KRTAP11-1	0.43390743089042844	0.6953881678683275
NC_000015.10:36950335:T:A	MEIS2	ENSG00000134138	CCSBVarC027683	CCSBORF11603	ENSP00000341400.4:p.Gln322Leu	965A>T	CCSBORF54869	KRTAP11-1	-3.6362080558313394	0.8508655128609722
NC_000015.10:36950332:A:C	MEIS2	ENSG00000134138	CCSBVarC027685	CCSBORF11603	ENSP00000341400.4:p.Val323Gly	968T>G	CCSBORF54869	KRTAP11-1	-4.766643150015268	0.7679383122954491
NC_000015.10:36950327:T:C	MEIS2	ENSG00000134138	CCSBVarC027687	CCSBORF11603	ENSP00000341400.4:p.Asn325Asp	973A>G	CCSBORF54869	KRTAP11-1	-0.39215280585014634	0.6931104282374462
NC_000015.10:36896677:T:C	MEIS2	ENSG00000134138	CCSBVarC027690	CCSBORF11603	ENSP00000341400.4:p.Asn329Ser	986A>G	CCSBORF54869	KRTAP11-1	-0.07024304870690012	0.691962075543371
NC_000015.10:36896672:T:C	MEIS2	ENSG00000134138	CCSBVarC027694	CCSBORF11603	ENSP00000341400.4:p.Arg331Gly	991A>G	CCSBORF54869	KRTAP11-1	-0.8863275450378639	0.6981305608226807
NC_000015.10:36896669:T:C	MEIS2	ENSG00000134138	CCSBVarC027696	CCSBORF11603	ENSP00000341400.4:p.Arg332Gly	994A>G	CCSBORF54869	KRTAP11-1	-1.3779274377599173	0.6950068232103087
NC_000015.10:36896664:T:G	MEIS2	ENSG00000134138	CCSBVarC027697	CCSBORF11603	ENSP00000341400.4:p.Arg333Ser	999A>C	CCSBORF54869	KRTAP11-1	-0.2951580139830597	0.6941671098979434
NC_000015.10:36892344:T:C	MEIS2	ENSG00000134138	CCSBVarC027700	CCSBORF11603	ENSP00000341400.4:p.His414Arg	1241A>G	CCSBORF56717	KRTAP10-8	-1.7087191978759741	0.581438889662048
NC_000015.10:36892190:C:T	MEIS2	ENSG00000134138	CCSBVarC027702	CCSBORF11603	ENSP00000341400.4:p.Met465Ile	1395G>A	CCSBORF56717	KRTAP10-8	NULL	NULL
NC_000015.10:37098009:C:A	MEIS2	ENSG00000134138	CCSBVarC028092	CCSBORF11603	ENSP00000341400.4:p.Ala68Ser	202G>T	CCSBORF56717	KRTAP10-8	0.7088614473279176	0.5105910326466269
NC_000015.10:37036836:C:G	MEIS2	ENSG00000134138	CCSBVarC028111	CCSBORF11603	ENSP00000341400.4:p.Ala293Pro	877G>C	CCSBORF56717	KRTAP10-8	-5.09709410311736	0.5506170057823024
NC_000015.10:36950393:A:T	MEIS2	ENSG00000134138	CCSBVarC028117	CCSBORF11603	ENSP00000341400.4:p.Tyr303Asn	907T>A	CCSBORF56717	KRTAP10-8	-3.935467291916009	0.49605088944468356
NC_000015.10:36950384:C:T	MEIS2	ENSG00000134138	CCSBVarC028120	CCSBORF11603	ENSP00000341400.4:p.Glu306Lys	916G>A	CCSBORF56717	KRTAP10-8	-1.6625386838879925	0.5208106679455384
NC_000015.10:36950336:G:C	MEIS2	ENSG00000134138	CCSBVarC027681	CCSBORF11603	ENSP00000341400.4:p.Gln322Glu	964C>G	CCSBORF56717	KRTAP10-8	0.7302212167446144	0.46525526540506673
NC_000015.10:36950335:T:A	MEIS2	ENSG00000134138	CCSBVarC027683	CCSBORF11603	ENSP00000341400.4:p.Gln322Leu	965A>T	CCSBORF56717	KRTAP10-8	-5.001707808192237	0.6386568753899452
NC_000015.10:36950332:A:C	MEIS2	ENSG00000134138	CCSBVarC027685	CCSBORF11603	ENSP00000341400.4:p.Val323Gly	968T>G	CCSBORF56717	KRTAP10-8	-4.133422543482791	0.5937284282164741
NC_000015.10:36950327:T:C	MEIS2	ENSG00000134138	CCSBVarC027687	CCSBORF11603	ENSP00000341400.4:p.Asn325Asp	973A>G	CCSBORF56717	KRTAP10-8	1.0509101247748953	0.4615897330498873
NC_000015.10:36896677:T:C	MEIS2	ENSG00000134138	CCSBVarC027690	CCSBORF11603	ENSP00000341400.4:p.Asn329Ser	986A>G	CCSBORF56717	KRTAP10-8	-0.04128406101351843	0.46016296929095923
NC_000015.10:36896672:T:C	MEIS2	ENSG00000134138	CCSBVarC027694	CCSBORF11603	ENSP00000341400.4:p.Arg331Gly	991A>G	CCSBORF56717	KRTAP10-8	-2.4938102750515045	0.48505683622979223
NC_000015.10:36896669:T:C	MEIS2	ENSG00000134138	CCSBVarC027696	CCSBORF11603	ENSP00000341400.4:p.Arg332Gly	994A>G	CCSBORF56717	KRTAP10-8	-0.49466282151347774	0.4637096252758575
NC_000015.10:36896664:T:G	MEIS2	ENSG00000134138	CCSBVarC027697	CCSBORF11603	ENSP00000341400.4:p.Arg333Ser	999A>C	CCSBORF56717	KRTAP10-8	0.21014766616315614	0.46463929775516205
NC_000015.10:36892344:T:C	MEIS2	ENSG00000134138	CCSBVarC027700	CCSBORF11603	ENSP00000341400.4:p.His414Arg	1241A>G	CCSBORF72030	ADRA2C	0.40712878699524324	0.3371485050708619
NC_000015.10:36892190:C:T	MEIS2	ENSG00000134138	CCSBVarC027702	CCSBORF11603	ENSP00000341400.4:p.Met465Ile	1395G>A	CCSBORF72030	ADRA2C	0.00684304890002807	0.4296983321239206
NC_000015.10:37098009:C:A	MEIS2	ENSG00000134138	CCSBVarC028092	CCSBORF11603	ENSP00000341400.4:p.Ala68Ser	202G>T	CCSBORF72030	ADRA2C	-0.777893542949309	0.3125966336136072
NC_000015.10:37036836:C:G	MEIS2	ENSG00000134138	CCSBVarC028111	CCSBORF11603	ENSP00000341400.4:p.Ala293Pro	877G>C	CCSBORF72030	ADRA2C	-5.182556845408509	0.3569844554594253
NC_000015.10:36950393:A:T	MEIS2	ENSG00000134138	CCSBVarC028117	CCSBORF11603	ENSP00000341400.4:p.Tyr303Asn	907T>A	CCSBORF72030	ADRA2C	-4.765555424148724	0.3464400620222989
NC_000015.10:36950384:C:T	MEIS2	ENSG00000134138	CCSBVarC028120	CCSBORF11603	ENSP00000341400.4:p.Glu306Lys	916G>A	CCSBORF72030	ADRA2C	-0.20243749911853662	0.3198843054671617
NC_000015.10:36950336:G:C	MEIS2	ENSG00000134138	CCSBVarC027681	CCSBORF11603	ENSP00000341400.4:p.Gln322Glu	964C>G	CCSBORF72030	ADRA2C	-0.5549826164453913	0.2926883986029291
NC_000015.10:36950335:T:A	MEIS2	ENSG00000134138	CCSBVarC027683	CCSBORF11603	ENSP00000341400.4:p.Gln322Leu	965A>T	CCSBORF72030	ADRA2C	-5.614120292712151	0.5905362669669194
NC_000015.10:36950332:A:C	MEIS2	ENSG00000134138	CCSBVarC027685	CCSBORF11603	ENSP00000341400.4:p.Val323Gly	968T>G	CCSBORF72030	ADRA2C	-4.515111000577585	0.4042982006940325
NC_000015.10:36950327:T:C	MEIS2	ENSG00000134138	CCSBVarC027687	CCSBORF11603	ENSP00000341400.4:p.Asn325Asp	973A>G	CCSBORF72030	ADRA2C	-0.3459540286317724	0.2851615690501689
NC_000015.10:36896677:T:C	MEIS2	ENSG00000134138	CCSBVarC027690	CCSBORF11603	ENSP00000341400.4:p.Asn329Ser	986A>G	CCSBORF72030	ADRA2C	-0.10454860674283858	0.28564985521924513
NC_000015.10:36896672:T:C	MEIS2	ENSG00000134138	CCSBVarC027694	CCSBORF11603	ENSP00000341400.4:p.Arg331Gly	991A>G	CCSBORF72030	ADRA2C	-2.525761609525031	0.33026778942956364
NC_000015.10:36896669:T:C	MEIS2	ENSG00000134138	CCSBVarC027696	CCSBORF11603	ENSP00000341400.4:p.Arg332Gly	994A>G	CCSBORF72030	ADRA2C	-0.7733684028426747	0.28632181325474576
NC_000015.10:36896664:T:G	MEIS2	ENSG00000134138	CCSBVarC027697	CCSBORF11603	ENSP00000341400.4:p.Arg333Ser	999A>C	CCSBORF72030	ADRA2C	0.40710254513203104	0.28964039155197374
NC_000023.11:10567417:T:C	MID1	ENSG00000101871	CCSBVarC027958	CCSBORF11907	ENSP00000312678.4:p.Thr44Ala	130A>G	CCSBORF12868	UBE2E2	0.3861320543754263	0.3861645092228919
NC_000023.11:10459750:A:G	MID1	ENSG00000101871	CCSBVarC027977	CCSBORF11907	ENSP00000312678.4:p.Tyr448His	1342T>C	CCSBORF12868	UBE2E2	0.066343036228315	0.47641709333695453
NC_000023.11:10459731:T:C	MID1	ENSG00000101871	CCSBVarC027981	CCSBORF11907	ENSP00000312678.4:p.Gln454Arg	1361A>G	CCSBORF12868	UBE2E2	-0.704982293475128	0.8899088203065956
NC_000023.11:10449708:T:C	MID1	ENSG00000101871	CCSBVarC027994	CCSBORF11907	ENSP00000312678.4:p.Ile555Val	1663A>G	CCSBORF12868	UBE2E2	-0.1166043249252546	0.36912866072228057
NC_000023.11:10449578:G:A	MID1	ENSG00000101871	CCSBVarC027996	CCSBORF11907	ENSP00000312678.4:p.Ala598Val	1793C>T	CCSBORF12868	UBE2E2	0.4166316130926405	0.3841203041492606
NC_000023.11:10449536:T:C	MID1	ENSG00000101871	CCSBVarC027998	CCSBORF11907	ENSP00000312678.4:p.Asn612Ser	1835A>G	CCSBORF12868	UBE2E2	0.1280701934242782	0.4374061913158123
NC_000023.11:10449530:G:A	MID1	ENSG00000101871	CCSBVarC028001	CCSBORF11907	ENSP00000312678.4:p.Ser614Phe	1841C>T	CCSBORF12868	UBE2E2	-0.011613917722386582	0.45868678810096747
NC_000023.11:10449447:T:G	MID1	ENSG00000101871	CCSBVarC028004	CCSBORF11907	ENSP00000312678.4:p.Thr642Pro	1924A>C	CCSBORF12868	UBE2E2	-2.704356056972537	0.5729351334014967
NC_000023.11:10449383:G:A	MID1	ENSG00000101871	CCSBVarC028007	CCSBORF11907	ENSP00000312678.4:p.Thr663Ile	1988C>T	CCSBORF12868	UBE2E2	0.4056639926097414	0.4385162777120249
NC_000023.11:10567318:C:T	MID1	ENSG00000101871	CCSBVarC027962	CCSBORF11907	ENSP00000312678.4:p.Val77Ile	229G>A	CCSBORF12868	UBE2E2	0.001322712269004156	0.442585789471757
NC_000023.11:10567297:C:T	MID1	ENSG00000101871	CCSBVarC027966	CCSBORF11907	ENSP00000312678.4:p.Asp84Asn	250G>A	CCSBORF12868	UBE2E2	-0.16096645183775782	0.40908716038976567
NC_000023.11:10567159:C:T	MID1	ENSG00000101871	CCSBVarC027973	CCSBORF11907	ENSP00000312678.4:p.Ala130Thr	388G>A	CCSBORF12868	UBE2E2	-0.13265787753541924	0.44106959771683785
NC_000023.11:10567417:T:C	MID1	ENSG00000101871	CCSBVarC027958	CCSBORF11907	ENSP00000312678.4:p.Thr44Ala	130A>G	CCSBORF71715	EPN2	0.06022586192071197	0.38489402970598274
NC_000023.11:10459750:A:G	MID1	ENSG00000101871	CCSBVarC027977	CCSBORF11907	ENSP00000312678.4:p.Tyr448His	1342T>C	CCSBORF71715	EPN2	-0.7396152594364627	0.43141170535572926
NC_000023.11:10459731:T:C	MID1	ENSG00000101871	CCSBVarC027981	CCSBORF11907	ENSP00000312678.4:p.Gln454Arg	1361A>G	CCSBORF71715	EPN2	-0.16223515248165055	0.4431469128436145
NC_000023.11:10449708:T:C	MID1	ENSG00000101871	CCSBVarC027994	CCSBORF11907	ENSP00000312678.4:p.Ile555Val	1663A>G	CCSBORF71715	EPN2	0.19868846337275087	0.37126041466701143
NC_000023.11:10449578:G:A	MID1	ENSG00000101871	CCSBVarC027996	CCSBORF11907	ENSP00000312678.4:p.Ala598Val	1793C>T	CCSBORF71715	EPN2	-0.16102933407455336	0.3813254337642104
NC_000023.11:10449536:T:C	MID1	ENSG00000101871	CCSBVarC027998	CCSBORF11907	ENSP00000312678.4:p.Asn612Ser	1835A>G	CCSBORF71715	EPN2	-0.11384476784562456	0.4462726656671024
NC_000023.11:10449530:G:A	MID1	ENSG00000101871	CCSBVarC028001	CCSBORF11907	ENSP00000312678.4:p.Ser614Phe	1841C>T	CCSBORF71715	EPN2	0.1826098341309229	0.43156719672328814
NC_000023.11:10449447:T:G	MID1	ENSG00000101871	CCSBVarC028004	CCSBORF11907	ENSP00000312678.4:p.Thr642Pro	1924A>C	CCSBORF71715	EPN2	-1.2951552491538654	0.6662299088543958
NC_000023.11:10449383:G:A	MID1	ENSG00000101871	CCSBVarC028007	CCSBORF11907	ENSP00000312678.4:p.Thr663Ile	1988C>T	CCSBORF71715	EPN2	-0.10401598229505733	0.3998622635773186
NC_000023.11:10567318:C:T	MID1	ENSG00000101871	CCSBVarC027962	CCSBORF11907	ENSP00000312678.4:p.Val77Ile	229G>A	CCSBORF71715	EPN2	0.0607804989781602	0.4213379369645351
NC_000023.11:10567297:C:T	MID1	ENSG00000101871	CCSBVarC027966	CCSBORF11907	ENSP00000312678.4:p.Asp84Asn	250G>A	CCSBORF71715	EPN2	-0.7440016953280001	0.40484984294713194
NC_000023.11:10567159:C:T	MID1	ENSG00000101871	CCSBVarC027973	CCSBORF11907	ENSP00000312678.4:p.Ala130Thr	388G>A	CCSBORF71715	EPN2	-0.7105546959788369	0.3893141453011992
NC_000011.10:118757228:G:A	DDX6	ENSG00000110367	CCSBVarC028928	CCSBORF12339	ENSP00000442266.1:p.Ala351Val	1052C>T	CCSBORF52785	USH1G	-4.963596261814625	0.9973778755537134
NC_000011.10:118756315:C:T	DDX6	ENSG00000110367	CCSBVarC028934	CCSBORF12339	ENSP00000442266.1:p.Arg373Gln	1118G>A	CCSBORF52785	USH1G	0.19332412527999662	0.937825747788591
NC_000011.10:118756277:G:A	DDX6	ENSG00000110367	CCSBVarC028937	CCSBORF12339	ENSP00000442266.1:p.Arg386Cys	1156C>T	CCSBORF52785	USH1G	0.6358640824023485	0.934469228390508
NC_000011.10:118756262:T:G	DDX6	ENSG00000110367	CCSBVarC028943	CCSBORF12339	ENSP00000442266.1:p.Thr391Pro	1171A>C	CCSBORF52785	USH1G	1.175194960820573	0.9356855362221395
NC_000011.10:118755490:C:T	DDX6	ENSG00000110367	CCSBVarC028952	CCSBORF12339	ENSP00000442266.1:p.Arg396Gln	1187G>A	CCSBORF52785	USH1G	-0.8629257125838572	1.332921296679863
NC_000011.10:118786060:G:T	DDX6	ENSG00000110367	CCSBVarC028926	CCSBORF12339	ENSP00000442266.1:p.Thr64Asn	191C>A	CCSBORF52785	USH1G	-0.4989093041614107	0.9627446415095428
NC_000011.10:118786225:G:A	DDX6	ENSG00000110367	CCSBVarC028924	CCSBORF12339	ENSP00000442266.1:p.Pro9Leu	26C>T	CCSBORF52785	USH1G	0.7838509386444243	0.9461411086810452
NC_000016.10:30086402:C:T	TBX6	ENSG00000149922	CCSBVarC028465	CCSBORF12746	ENSP00000378650.2:p.Arg378His	1133G>A	CCSBORF9980	POU2AF1	-1.0421739012564333	0.9795465566006485
NC_000016.10:30089207:C:T	TBX6	ENSG00000149922	CCSBVarC028432	CCSBORF12746	ENSP00000378650.2:p.Arg119His	356G>A	CCSBORF9980	POU2AF1	0.742321033248184	0.9655691308992335
NC_000016.10:30089145:G:A	TBX6	ENSG00000149922	CCSBVarC028435	CCSBORF12746	ENSP00000378650.2:p.Leu140Phe	418C>T	CCSBORF9980	POU2AF1	0.2228597367624111	0.9664005717792324
NC_000016.10:30089139:C:A	TBX6	ENSG00000149922	CCSBVarC028444	CCSBORF12746	ENSP00000378650.2:p.Asp142Tyr	424G>T	CCSBORF9980	POU2AF1	-3.0097815668485475	1.5631560858291733
NC_000016.10:30089129:G:A	TBX6	ENSG00000149922	CCSBVarC028447	CCSBORF12746	ENSP00000378650.2:p.Pro145Leu	434C>T	CCSBORF9980	POU2AF1	-1.2010877274993903	0.9743625100420709
NC_000016.10:30089096:C:A	TBX6	ENSG00000149922	CCSBVarC028450	CCSBORF12746	ENSP00000378650.2:p.Arg156Leu	467G>T	CCSBORF9980	POU2AF1	0.8619169109097408	0.966801769446827
NC_000016.10:30089079:C:T	TBX6	ENSG00000149922	CCSBVarC028453	CCSBORF12746	ENSP00000378650.2:p.Gly162Ser	484G>A	CCSBORF9980	POU2AF1	-0.0003648214363319857	0.9707725980382397
NC_000016.10:30089051:C:T	TBX6	ENSG00000149922	CCSBVarC028456	CCSBORF12746	ENSP00000378650.2:p.Arg171His	512G>A	CCSBORF9980	POU2AF1	1.4089884841532492	0.9637027349194772
NC_000009.12:95506588:G:A	PTCH1	ENSG00000185920	CCSBVarC029536	CCSBORF14122	ENSP00000449745.1:p.Thr5Ile	14C>T	CCSBORF12638	CD74	-0.49097509263025985	1.075488665333843
NC_000009.12:95506439:G:C	PTCH1	ENSG00000185920	CCSBVarC029592	CCSBORF14122	ENSP00000449745.1:p.Leu55Val	163C>G	CCSBORF12638	CD74	-0.5081129722713048	1.075067078309771
NC_000009.12:95506415:A:G	PTCH1	ENSG00000185920	CCSBVarC029596	CCSBORF14122	ENSP00000449745.1:p.Trp63Arg	187T>C	CCSBORF12638	CD74	0.41395333349544416	1.0786790865263887
NC_000009.12:95485817:C:A	PTCH1	ENSG00000185920	CCSBVarC029602	CCSBORF14122	ENSP00000449745.1:p.Ala85Ser	253G>T	CCSBORF12638	CD74	-0.2928290426551784	1.0750249663098983
NC_000009.12:95485800:T:G	PTCH1	ENSG00000185920	CCSBVarC029606	CCSBORF14122	ENSP00000449745.1:p.Gln90His	270A>C	CCSBORF12638	CD74	-0.011273647844260493	1.0795469805189202
NC_000009.12:95485760:G:C	PTCH1	ENSG00000185920	CCSBVarC029232	CCSBORF14122	ENSP00000449745.1:p.Leu104Val	310C>G	CCSBORF12638	CD74	NULL	NULL
NC_000009.12:95485754:T:C	PTCH1	ENSG00000185920	CCSBVarC029236	CCSBORF14122	ENSP00000449745.1:p.Thr106Ala	316A>G	CCSBORF12638	CD74	-2.9586070769714903	1.9570989852609981
NC_000009.12:95485716:C:A	PTCH1	ENSG00000185920	CCSBVarC029242	CCSBORF14122	ENSP00000449745.1:p.Gln118His	354G>T	CCSBORF12638	CD74	-0.6644522995766787	1.0928669859750473
NC_000009.12:95485714:G:T	PTCH1	ENSG00000185920	CCSBVarC029245	CCSBORF14122	ENSP00000449745.1:p.Ala119Asp	356C>A	CCSBORF12638	CD74	-0.13729807379506498	1.081953139000345
NC_000009.12:95485702:T:C	PTCH1	ENSG00000185920	CCSBVarC029250	CCSBORF14122	ENSP00000449745.1:p.His123Arg	368A>G	CCSBORF12638	CD74	NULL	NULL
NC_000009.12:95482196:C:A	PTCH1	ENSG00000185920	CCSBVarC029259	CCSBORF14122	ENSP00000449745.1:p.Trp131Cys	393G>T	CCSBORF12638	CD74	-0.5014023150744167	1.0743911151707541
NC_000009.12:95482141:T:C	PTCH1	ENSG00000185920	CCSBVarC029262	CCSBORF14122	ENSP00000449745.1:p.Met150Val	448A>G	CCSBORF12638	CD74	-0.16168727255066195	1.077559436641713
NC_000009.12:95482138:C:T	PTCH1	ENSG00000185920	CCSBVarC029265	CCSBORF14122	ENSP00000449745.1:p.Asp151Asn	451G>A	CCSBORF12638	CD74	-0.8613813983375278	1.076489190731064
NC_000009.12:95481985:C:T	PTCH1	ENSG00000185920	CCSBVarC029275	CCSBORF14122	ENSP00000449745.1:p.Glu171Lys	511G>A	CCSBORF12638	CD74	-2.743552692171123	1.076007617938011
NC_000009.12:95481970:G:C	PTCH1	ENSG00000185920	CCSBVarC029277	CCSBORF14122	ENSP00000449745.1:p.Gln176Glu	526C>G	CCSBORF12638	CD74	0.3394097574111976	1.0743953208696682
NC_000009.12:95506529:C:G	PTCH1	ENSG00000185920	CCSBVarC029553	CCSBORF14122	ENSP00000449745.1:p.Gly25Arg	73G>C	CCSBORF12638	CD74	0.09006799814004329	1.0909470190010648
NC_000009.12:95506588:G:A	PTCH1	ENSG00000185920	CCSBVarC029536	CCSBORF14122	ENSP00000449745.1:p.Thr5Ile	14C>T	CCSBORF3031	STOM	-0.5169716657243547	0.9828929204284562
NC_000009.12:95506439:G:C	PTCH1	ENSG00000185920	CCSBVarC029592	CCSBORF14122	ENSP00000449745.1:p.Leu55Val	163C>G	CCSBORF3031	STOM	-0.6944940657475686	0.982594777522453
NC_000009.12:95506415:A:G	PTCH1	ENSG00000185920	CCSBVarC029596	CCSBORF14122	ENSP00000449745.1:p.Trp63Arg	187T>C	CCSBORF3031	STOM	-1.0270797479669733	0.9845147617362746
NC_000009.12:95485817:C:A	PTCH1	ENSG00000185920	CCSBVarC029602	CCSBORF14122	ENSP00000449745.1:p.Ala85Ser	253G>T	CCSBORF3031	STOM	-0.36038043285921806	0.9818630668077537
NC_000009.12:95485800:T:G	PTCH1	ENSG00000185920	CCSBVarC029606	CCSBORF14122	ENSP00000449745.1:p.Gln90His	270A>C	CCSBORF3031	STOM	0.013905944494851719	0.987168915179096
NC_000009.12:95485760:G:C	PTCH1	ENSG00000185920	CCSBVarC029232	CCSBORF14122	ENSP00000449745.1:p.Leu104Val	310C>G	CCSBORF3031	STOM	-1.0557451169191001	3.322356329167165
NC_000009.12:95485754:T:C	PTCH1	ENSG00000185920	CCSBVarC029236	CCSBORF14122	ENSP00000449745.1:p.Thr106Ala	316A>G	CCSBORF3031	STOM	NULL	NULL
NC_000009.12:95485716:C:A	PTCH1	ENSG00000185920	CCSBVarC029242	CCSBORF14122	ENSP00000449745.1:p.Gln118His	354G>T	CCSBORF3031	STOM	-2.029108554151591	0.9911653331281391
NC_000009.12:95485714:G:T	PTCH1	ENSG00000185920	CCSBVarC029245	CCSBORF14122	ENSP00000449745.1:p.Ala119Asp	356C>A	CCSBORF3031	STOM	-1.4433189612197488	0.9856283378867305
NC_000009.12:95485702:T:C	PTCH1	ENSG00000185920	CCSBVarC029250	CCSBORF14122	ENSP00000449745.1:p.His123Arg	368A>G	CCSBORF3031	STOM	-1.7958149382972906	1.0077595498596106
NC_000009.12:95482196:C:A	PTCH1	ENSG00000185920	CCSBVarC029259	CCSBORF14122	ENSP00000449745.1:p.Trp131Cys	393G>T	CCSBORF3031	STOM	-0.44953355350463226	0.981765039407994
NC_000009.12:95482141:T:C	PTCH1	ENSG00000185920	CCSBVarC029262	CCSBORF14122	ENSP00000449745.1:p.Met150Val	448A>G	CCSBORF3031	STOM	-0.9941724969466588	0.9887207942795103
NC_000009.12:95482138:C:T	PTCH1	ENSG00000185920	CCSBVarC029265	CCSBORF14122	ENSP00000449745.1:p.Asp151Asn	451G>A	CCSBORF3031	STOM	-0.5114239974621912	0.9832564991247414
NC_000009.12:95481985:C:T	PTCH1	ENSG00000185920	CCSBVarC029275	CCSBORF14122	ENSP00000449745.1:p.Glu171Lys	511G>A	CCSBORF3031	STOM	-0.9655831447856361	0.9812273113167955
NC_000009.12:95481970:G:C	PTCH1	ENSG00000185920	CCSBVarC029277	CCSBORF14122	ENSP00000449745.1:p.Gln176Glu	526C>G	CCSBORF3031	STOM	-0.4886421876345356	0.9819588140318045
NC_000009.12:95506529:C:G	PTCH1	ENSG00000185920	CCSBVarC029553	CCSBORF14122	ENSP00000449745.1:p.Gly25Arg	73G>C	CCSBORF3031	STOM	-2.7710015650219018	1.000674055266717
NC_000012.12:52676439:A:G	KRT1	ENSG00000167768	CCSBVarC029548	CCSBORF14215	ENSP00000252244.3:p.Leu437Pro	1310T>C	CCSBORF100008365	KRT14	0.24466414913943654	0.5403498201118513
NC_000012.12:52680155:G:A	KRT1	ENSG00000167768	CCSBVarC029435	CCSBORF14215	ENSP00000252244.3:p.Arg65Trp	193C>T	CCSBORF100008365	KRT14	-0.08745751220026257	0.5375644366565618
NC_000012.12:52679788:A:G	KRT1	ENSG00000167768	CCSBVarC029484	CCSBORF14215	ENSP00000252244.3:p.Leu187Pro	560T>C	CCSBORF100008365	KRT14	0.24193370213273668	0.5380885363491242
NC_000012.12:52677677:A:G	KRT1	ENSG00000167768	CCSBVarC029519	CCSBORF14215	ENSP00000252244.3:p.Ile312Thr	935T>C	CCSBORF100008365	KRT14	0.27185978854078	0.5652205526235194
NC_000012.12:52676439:A:G	KRT1	ENSG00000167768	CCSBVarC029548	CCSBORF14215	ENSP00000252244.3:p.Leu437Pro	1310T>C	CCSBORF100015084	KRT28	0.06704002318591985	0.6313734086009096
NC_000012.12:52680155:G:A	KRT1	ENSG00000167768	CCSBVarC029435	CCSBORF14215	ENSP00000252244.3:p.Arg65Trp	193C>T	CCSBORF100015084	KRT28	-0.6544324707788284	0.6296585688797576
NC_000012.12:52679788:A:G	KRT1	ENSG00000167768	CCSBVarC029484	CCSBORF14215	ENSP00000252244.3:p.Leu187Pro	560T>C	CCSBORF100015084	KRT28	0.13576478640163087	0.6294352172433186
NC_000012.12:52677677:A:G	KRT1	ENSG00000167768	CCSBVarC029519	CCSBORF14215	ENSP00000252244.3:p.Ile312Thr	935T>C	CCSBORF100015084	KRT28	-0.3587227837839332	0.7797533158393147
NC_000012.12:52676439:A:G	KRT1	ENSG00000167768	CCSBVarC029548	CCSBORF14215	ENSP00000252244.3:p.Leu437Pro	1310T>C	CCSBORF71953	KRT24	-0.0051971620844403765	0.5330737410985019
NC_000012.12:52680155:G:A	KRT1	ENSG00000167768	CCSBVarC029435	CCSBORF14215	ENSP00000252244.3:p.Arg65Trp	193C>T	CCSBORF71953	KRT24	-0.24283004429521907	0.5149874619831982
NC_000012.12:52679788:A:G	KRT1	ENSG00000167768	CCSBVarC029484	CCSBORF14215	ENSP00000252244.3:p.Leu187Pro	560T>C	CCSBORF71953	KRT24	0.34161753727452715	0.5160596440394932
NC_000012.12:52677677:A:G	KRT1	ENSG00000167768	CCSBVarC029519	CCSBORF14215	ENSP00000252244.3:p.Ile312Thr	935T>C	CCSBORF71953	KRT24	0.08147909988933087	0.5161697882889343
NC_000019.10:12711302:C:G	TNPO2	ENSG00000105576	CCSBVarC030084	CCSBORF14642	ENSP00000349321.4:p.Trp370Cys	1110G>C	CCSBORF54699	CTAG1B	-1.1947792629987681	0.699236787873693
NC_000019.10:12706226:G:A	TNPO2	ENSG00000105576	CCSBVarC030088	CCSBORF14642	ENSP00000349321.4:p.Ala546Val	1637C>T	CCSBORF54699	CTAG1B	-0.5008018890742548	0.6974365170008349
NC_000019.10:12706220:G:A	TNPO2	ENSG00000105576	CCSBVarC030090	CCSBORF14642	ENSP00000349321.4:p.Ser548Phe	1643C>T	CCSBORF54699	CTAG1B	-0.4105024678584859	0.6970388514649944
NC_000019.10:12703775:C:G	TNPO2	ENSG00000105576	CCSBVarC030092	CCSBORF14642	ENSP00000349321.4:p.Ser683Thr	2048G>C	CCSBORF54699	CTAG1B	-0.9141874046715137	0.6995959391147282
NC_000019.10:12715504:C:T	TNPO2	ENSG00000105576	CCSBVarC030078	CCSBORF14642	ENSP00000349321.4:p.Asp156Asn	466G>A	CCSBORF54699	CTAG1B	-0.4055252707611734	0.7092327503757375
NC_000019.10:12711302:C:G	TNPO2	ENSG00000105576	CCSBVarC030084	CCSBORF14642	ENSP00000349321.4:p.Trp370Cys	1110G>C	CCSBORF9950	RPRD1B	-0.4067027955779134	0.6147047553969269
NC_000019.10:12706226:G:A	TNPO2	ENSG00000105576	CCSBVarC030088	CCSBORF14642	ENSP00000349321.4:p.Ala546Val	1637C>T	CCSBORF9950	RPRD1B	-0.23659085937589328	0.6142147713728346
NC_000019.10:12706220:G:A	TNPO2	ENSG00000105576	CCSBVarC030090	CCSBORF14642	ENSP00000349321.4:p.Ser548Phe	1643C>T	CCSBORF9950	RPRD1B	-0.7076873055948552	0.6140042428728455
NC_000019.10:12703775:C:G	TNPO2	ENSG00000105576	CCSBVarC030092	CCSBORF14642	ENSP00000349321.4:p.Ser683Thr	2048G>C	CCSBORF9950	RPRD1B	-0.32461142411615196	0.6155865450070838
NC_000019.10:12715504:C:T	TNPO2	ENSG00000105576	CCSBVarC030078	CCSBORF14642	ENSP00000349321.4:p.Asp156Asn	466G>A	CCSBORF9950	RPRD1B	-1.3148891215675214	0.8546498187290598
NC_000008.11:42843083:G:A	THAP1	ENSG00000131931	CCSBVarC018569	CCSBORF1668	ENSP00000254250.3:p.Ser4Phe	11C>T	CCSBORF5712	TPM3	-0.1467245806068107	0.832425738209518
NC_000008.11:42839318:A:C	THAP1	ENSG00000131931	CCSBVarC018611	CCSBORF1668	ENSP00000254250.3:p.Phe45Cys	134T>G	CCSBORF5712	TPM3	-0.3690086695335633	0.8314927514797762
NC_000008.11:42843075:C:T	THAP1	ENSG00000131931	CCSBVarC018576	CCSBORF1668	ENSP00000254250.3:p.Ala7Thr	19G>A	CCSBORF5712	TPM3	-0.9769763816462341	0.8290114219745035
NC_000008.11:42843069:C:T	THAP1	ENSG00000131931	CCSBVarC018578	CCSBORF1668	ENSP00000254250.3:p.Gly9Ser	25G>A	CCSBORF5712	TPM3	-1.200005277467243	1.4002558142237487
NC_000008.11:42838182:C:T	THAP1	ENSG00000131931	CCSBVarC018631	CCSBORF1668	ENSP00000254250.3:p.Asp141Asn	421G>A	CCSBORF5712	TPM3	0.07383780887589178	0.8247939467024803
NC_000008.11:42843047:T:C	THAP1	ENSG00000131931	CCSBVarC018580	CCSBORF1668	ENSP00000254250.3:p.Lys16Arg	47A>G	CCSBORF5712	TPM3	0.04269560438147915	0.8251544085278971
NC_000008.11:42838029:C:T	THAP1	ENSG00000131931	CCSBVarC018634	CCSBORF1668	ENSP00000254250.3:p.Asp192Asn	574G>A	CCSBORF5712	TPM3	-0.37872591773188485	0.8245233585891996
NC_000008.11:42843032:G:A	THAP1	ENSG00000131931	CCSBVarC018601	CCSBORF1668	ENSP00000254250.3:p.Ser21Phe	62C>T	CCSBORF5712	TPM3	-0.4654180964770193	0.8280092734985418
NC_000008.11:42839375:G:A	THAP1	ENSG00000131931	CCSBVarC018605	CCSBORF1668	ENSP00000254250.3:p.Pro26Leu	77C>T	CCSBORF5712	TPM3	-3.8562290854351726	0.8355437378323699
NC_000008.11:42839366:C:G	THAP1	ENSG00000131931	CCSBVarC018608	CCSBORF1668	ENSP00000254250.3:p.Arg29Pro	86G>C	CCSBORF5712	TPM3	-0.29196036659470836	0.824897381494101
NC_000011.10:32417630:G:A	WT1	ENSG00000184937	CCSBVarC018252	CCSBORF1923	ENSP00000368370.2:p.Ser87Phe	260C>T	CCSBORF14864	WTAP	-5.1576089322261165	1.0145299568145807
NC_000011.10:32416525:C:T	WT1	ENSG00000184937	CCSBVarC018255	CCSBORF1923	ENSP00000368370.2:p.Ser110Asn	329G>A	CCSBORF14864	WTAP	-0.7639398233551925	0.9468745827908054
NC_000011.10:32400039:T:C	WT1	ENSG00000184937	CCSBVarC018260	CCSBORF1923	ENSP00000368370.2:p.Ser124Gly	370A>G	CCSBORF14864	WTAP	-0.6026085091435655	0.9372855687064126
NC_000011.10:32396396:C:T	WT1	ENSG00000184937	CCSBVarC018269	CCSBORF1923	ENSP00000368370.2:p.Arg158His	473G>A	CCSBORF14864	WTAP	0.1804665993845331	0.940814770168501
NC_000011.10:32396322:A:G	WT1	ENSG00000184937	CCSBVarC018286	CCSBORF1923	ENSP00000368370.2:p.Tyr183His	547T>C	CCSBORF14864	WTAP	-0.25573195928588804	0.937424652169654
NC_000011.10:32396313:A:C	WT1	ENSG00000184937	CCSBVarC018289	CCSBORF1923	ENSP00000368370.2:p.Cys186Gly	556T>G	CCSBORF14864	WTAP	-3.2562742906488293	0.9371340379656861
NC_000011.10:32396312:C:T	WT1	ENSG00000184937	CCSBVarC018292	CCSBORF1923	ENSP00000368370.2:p.Cys186Tyr	557G>A	CCSBORF14864	WTAP	-3.1522710920114143	0.9406145432688555
NC_000011.10:32392738:C:G	WT1	ENSG00000184937	CCSBVarC018302	CCSBORF1923	ENSP00000368370.2:p.Gln210His	630G>C	CCSBORF14864	WTAP	0.05415495205131837	0.938833050104712
NC_000011.10:32392722:A:C	WT1	ENSG00000184937	CCSBVarC018317	CCSBORF1923	ENSP00000368370.2:p.Cys216Gly	646T>G	CCSBORF14864	WTAP	-0.3251393717469366	0.9376399496821306
NC_000011.10:32392697:T:A	WT1	ENSG00000184937	CCSBVarC018323	CCSBORF1923	ENSP00000368370.2:p.Asp224Val	671A>T	CCSBORF14864	WTAP	-3.304453914744668	0.9447481553298757
NC_000011.10:32392681:G:T	WT1	ENSG00000184937	CCSBVarC018324	CCSBORF1923	ENSP00000368370.2:p.His229Gln	687C>A	CCSBORF14864	WTAP	0.31141458089097507	0.9352632466678219
NC_000011.10:32392063:C:T	WT1	ENSG00000184937	CCSBVarC018329	CCSBORF1923	ENSP00000368370.2:p.Gly235Asp	704G>A	CCSBORF14864	WTAP	0.02686828309496818	0.9357244735988278
NC_000011.10:32392030:C:T	WT1	ENSG00000184937	CCSBVarC018331	CCSBORF1923	ENSP00000368370.2:p.Arg246Gln	737G>A	CCSBORF14864	WTAP	-0.2684408200465112	0.9422396325061164
NC_000011.10:32392025:A:G	WT1	ENSG00000184937	CCSBVarC018333	CCSBORF1923	ENSP00000368370.2:p.Phe248Leu	742T>C	CCSBORF14864	WTAP	-1.9197354831476772	1.1158505827989904
NC_000011.10:32392018:C:G	WT1	ENSG00000184937	CCSBVarC018341	CCSBORF1923	ENSP00000368370.2:p.Arg250Pro	749G>C	CCSBORF14864	WTAP	-4.479770270608787	1.1551615303560523
NC_000011.10:32392013:C:T	WT1	ENSG00000184937	CCSBVarC018343	CCSBORF1923	ENSP00000368370.2:p.Asp252Asn	754G>A	CCSBORF14864	WTAP	-0.07932544447340514	0.936526456608362
NC_000011.10:32391997:T:G	WT1	ENSG00000184937	CCSBVarC018370	CCSBORF1923	ENSP00000368370.2:p.His257Pro	770A>C	CCSBORF14864	WTAP	-4.770201448099606	0.9617554868654821
NC_000011.10:32389128:G:A	WT1	ENSG00000184937	CCSBVarC018375	CCSBORF1923	ENSP00000368370.2:p.Arg280Trp	838C>T	CCSBORF14864	WTAP	-3.941268016569887	0.9806165435061027
NC_000006.12:35805712:C:T	LHFPL5	ENSG00000197753	CCSBVarC018940	CCSBORF2012	ENSP00000353346.1:p.His15Tyr	43C>T	CCSBORF100062331	SLC16A2	-2.0034552282935243	1.0207529764982626
NC_000006.12:35814584:G:T	LHFPL5	ENSG00000197753	CCSBVarC018944	CCSBORF2012	ENSP00000353346.1:p.Gly151Val	452G>T	CCSBORF100062331	SLC16A2	0.5203030979973915	1.0079592445197378
NC_000006.12:35814608:G:A	LHFPL5	ENSG00000197753	CCSBVarC018947	CCSBORF2012	ENSP00000353346.1:p.Arg159His	476G>A	CCSBORF100062331	SLC16A2	-0.19312467401295552	1.1035790602516917
NC_000006.12:35814707:T:C	LHFPL5	ENSG00000197753	CCSBVarC018950	CCSBORF2012	ENSP00000353346.1:p.Leu192Pro	575T>C	CCSBORF100062331	SLC16A2	0.46774344535375406	1.0048439034018302
NC_000006.12:35814747:G:C	LHFPL5	ENSG00000197753	CCSBVarC018954	CCSBORF2012	ENSP00000353346.1:p.Lys205Asn	615G>C	CCSBORF100062331	SLC16A2	0.2339032035342521	1.0034266938130803
NC_000014.9:100276610:G:A	YY1	ENSG00000100811	CCSBVarC019468	CCSBORF2339	ENSP00000262238.4:p.Arg342Gln	1025G>A	CCSBORF100015204	KRTAP17-1	-0.1306213512859104	0.9720032355590948
NC_000014.9:100276621:G:T	YY1	ENSG00000100811	CCSBVarC019471	CCSBORF2339	ENSP00000262238.4:p.Val346Phe	1036G>T	CCSBORF100015204	KRTAP17-1	-0.2605247095394373	0.9696203452682015
NC_000014.9:100277450:C:G	YY1	ENSG00000100811	CCSBVarC019477	CCSBORF2339	ENSP00000262238.4:p.Leu366Val	1096C>G	CCSBORF100015204	KRTAP17-1	0.23214999235264544	0.9691188692493159
NC_000014.9:100277456:T:C	YY1	ENSG00000100811	CCSBVarC019483	CCSBORF2339	ENSP00000262238.4:p.Phe368Leu	1102T>C	CCSBORF100015204	KRTAP17-1	0.6009564985178493	0.9851404700577244
NC_000014.9:100277466:G:A	YY1	ENSG00000100811	CCSBVarC019490	CCSBORF2339	ENSP00000262238.4:p.Arg371His	1112G>A	CCSBORF100015204	KRTAP17-1	-1.440000478319131	0.9957931690485505
NC_000014.9:100277472:A:G	YY1	ENSG00000100811	CCSBVarC019498	CCSBORF2339	ENSP00000262238.4:p.His373Arg	1118A>G	CCSBORF100015204	KRTAP17-1	-0.9488903644233543	0.9718972176160859
NC_000014.9:100277478:G:A	YY1	ENSG00000100811	CCSBVarC019502	CCSBORF2339	ENSP00000262238.4:p.Arg375Gln	1124G>A	CCSBORF100015204	KRTAP17-1	-0.29122170244401535	0.9833004340582937
NC_000014.9:100277574:A:G	YY1	ENSG00000100811	CCSBVarC019523	CCSBORF2339	ENSP00000262238.4:p.His407Arg	1220A>G	CCSBORF100015204	KRTAP17-1	0.4212210376614915	0.969706494945625
NC_000014.9:100239437:A:G	YY1	ENSG00000100811	CCSBVarC019451	CCSBORF2339	ENSP00000262238.4:p.His65Arg	194A>G	CCSBORF100015204	KRTAP17-1	-0.9511013717850496	0.9847127874508654
NC_000014.9:100276570:G:C	YY1	ENSG00000100811	CCSBVarC019462	CCSBORF2339	ENSP00000262238.4:p.Glu329Gln	985G>C	CCSBORF100015204	KRTAP17-1	0.5281992754271803	0.9725024761171543
NC_000005.10:126820926:G:A	LMNB1	ENSG00000113368	CCSBVarC019016	CCSBORF2370	ENSP00000261366.5:p.Ser393Asn	1178G>A	CCSBORF10677	KPNA5	0.4581114519257558	0.7922467269426121
NC_000005.10:126820938:G:A	LMNB1	ENSG00000113368	CCSBVarC019021	CCSBORF2370	ENSP00000261366.5:p.Arg397His	1190G>A	CCSBORF10677	KPNA5	-0.4023112854219328	0.7853824287725183
NC_000005.10:126777631:C:T	LMNB1	ENSG00000113368	CCSBVarC019605	CCSBORF2370	ENSP00000261366.5:p.Arg42Trp	124C>T	CCSBORF10677	KPNA5	-0.03607417615064806	0.7811779015102642
NC_000005.10:126822849:T:G	LMNB1	ENSG00000113368	CCSBVarC019024	CCSBORF2370	ENSP00000261366.5:p.Ser486Ala	1456T>G	CCSBORF10677	KPNA5	-1.6356856993452977	0.79289728311876
NC_000005.10:126825993:G:T	LMNB1	ENSG00000113368	CCSBVarC019027	CCSBORF2370	ENSP00000261366.5:p.Ala500Ser	1498G>T	CCSBORF10677	KPNA5	-1.5560277446577135	0.801709833950806
NC_000005.10:126826026:A:C	LMNB1	ENSG00000113368	CCSBVarC019032	CCSBORF2370	ENSP00000261366.5:p.Thr511Pro	1531A>C	CCSBORF10677	KPNA5	-0.40870585128187886	0.8037912872766027
NC_000005.10:126777661:A:G	LMNB1	ENSG00000113368	CCSBVarC019612	CCSBORF2370	ENSP00000261366.5:p.Ser52Gly	154A>G	CCSBORF10677	KPNA5	-0.3333841793365675	0.7843296088071329
NC_000005.10:126777773:C:T	LMNB1	ENSG00000113368	CCSBVarC019615	CCSBORF2370	ENSP00000261366.5:p.Ala89Val	266C>T	CCSBORF10677	KPNA5	-0.5507182626359963	0.7844319643852354
NC_000005.10:126777776:G:C	LMNB1	ENSG00000113368	CCSBVarC018996	CCSBORF2370	ENSP00000261366.5:p.Arg90Pro	269G>C	CCSBORF10677	KPNA5	0.8419146262821252	0.7867944713359086
NC_000005.10:126777536:G:T	LMNB1	ENSG00000113368	CCSBVarC019601	CCSBORF2370	ENSP00000261366.5:p.Arg10Leu	29G>T	CCSBORF10677	KPNA5	-0.44410295068162364	0.7838578947737724
NC_000005.10:126804870:C:T	LMNB1	ENSG00000113368	CCSBVarC018999	CCSBORF2370	ENSP00000261366.5:p.Ala152Val	455C>T	CCSBORF10677	KPNA5	-0.7362858057458184	0.7949036623642162
NC_000005.10:126810236:C:T	LMNB1	ENSG00000113368	CCSBVarC019005	CCSBORF2370	ENSP00000261366.5:p.Arg234Cys	700C>T	CCSBORF10677	KPNA5	-1.82710287795503	0.8091812284629467
NC_000005.10:126811779:A:G	LMNB1	ENSG00000113368	CCSBVarC019008	CCSBORF2370	ENSP00000261366.5:p.Asn274Ser	821A>G	CCSBORF10677	KPNA5	-0.6258558876932656	0.7937693451204393
NC_000005.10:126777604:A:G	LMNB1	ENSG00000113368	CCSBVarC019603	CCSBORF2370	ENSP00000261366.5:p.Lys33Glu	97A>G	CCSBORF10677	KPNA5	-0.00549630419724112	0.8010410876640306
NC_000005.10:126820926:G:A	LMNB1	ENSG00000113368	CCSBVarC019016	CCSBORF2370	ENSP00000261366.5:p.Ser393Asn	1178G>A	CCSBORF778	KPNA6	0.1537750772043213	0.7289406182994558
NC_000005.10:126820938:G:A	LMNB1	ENSG00000113368	CCSBVarC019021	CCSBORF2370	ENSP00000261366.5:p.Arg397His	1190G>A	CCSBORF778	KPNA6	-1.5396498138395063	0.7170542539582223
NC_000005.10:126777631:C:T	LMNB1	ENSG00000113368	CCSBVarC019605	CCSBORF2370	ENSP00000261366.5:p.Arg42Trp	124C>T	CCSBORF778	KPNA6	0.29321025353958274	0.7050143529147073
NC_000005.10:126822849:T:G	LMNB1	ENSG00000113368	CCSBVarC019024	CCSBORF2370	ENSP00000261366.5:p.Ser486Ala	1456T>G	CCSBORF778	KPNA6	-0.983144019271764	0.7130474414816292
NC_000005.10:126825993:G:T	LMNB1	ENSG00000113368	CCSBVarC019027	CCSBORF2370	ENSP00000261366.5:p.Ala500Ser	1498G>T	CCSBORF778	KPNA6	-0.8095835111087557	0.7846019645624068
NC_000005.10:126826026:A:C	LMNB1	ENSG00000113368	CCSBVarC019032	CCSBORF2370	ENSP00000261366.5:p.Thr511Pro	1531A>C	CCSBORF778	KPNA6	-1.2911100964859896	0.7279723289701858
NC_000005.10:126777661:A:G	LMNB1	ENSG00000113368	CCSBVarC019612	CCSBORF2370	ENSP00000261366.5:p.Ser52Gly	154A>G	CCSBORF778	KPNA6	-0.850090300637502	0.7076480351592
NC_000005.10:126777773:C:T	LMNB1	ENSG00000113368	CCSBVarC019615	CCSBORF2370	ENSP00000261366.5:p.Ala89Val	266C>T	CCSBORF778	KPNA6	-0.41371314699356965	0.7083285897313781
NC_000005.10:126777776:G:C	LMNB1	ENSG00000113368	CCSBVarC018996	CCSBORF2370	ENSP00000261366.5:p.Arg90Pro	269G>C	CCSBORF778	KPNA6	-0.7353689151187416	0.7100079643702734
NC_000005.10:126777536:G:T	LMNB1	ENSG00000113368	CCSBVarC019601	CCSBORF2370	ENSP00000261366.5:p.Arg10Leu	29G>T	CCSBORF778	KPNA6	-0.46417591793566676	0.7069000680414376
NC_000005.10:126804870:C:T	LMNB1	ENSG00000113368	CCSBVarC018999	CCSBORF2370	ENSP00000261366.5:p.Ala152Val	455C>T	CCSBORF778	KPNA6	-0.6573027212107256	0.7233282900910106
NC_000005.10:126810236:C:T	LMNB1	ENSG00000113368	CCSBVarC019005	CCSBORF2370	ENSP00000261366.5:p.Arg234Cys	700C>T	CCSBORF778	KPNA6	NULL	NULL
NC_000005.10:126811779:A:G	LMNB1	ENSG00000113368	CCSBVarC019008	CCSBORF2370	ENSP00000261366.5:p.Asn274Ser	821A>G	CCSBORF778	KPNA6	-0.1324134827563159	0.7218675467838063
NC_000005.10:126777604:A:G	LMNB1	ENSG00000113368	CCSBVarC019603	CCSBORF2370	ENSP00000261366.5:p.Lys33Glu	97A>G	CCSBORF778	KPNA6	0.0405715733767118	0.8228549079137265
NC_000019.10:48587245:G:A	SULT2B1	ENSG00000088002	CCSBVarC019952	CCSBORF2613	ENSP00000201586.2:p.Glu78Lys	232G>A	CCSBORF9241	FLACC1	-1.2741101918061744	0.44545451775361716
NC_000019.10:48587290:C:T	SULT2B1	ENSG00000088002	CCSBVarC019955	CCSBORF2613	ENSP00000201586.2:p.Arg93Cys	277C>T	CCSBORF9241	FLACC1	-1.1146933842722029	0.47415320952410694
NC_000019.10:48552280:C:T	SULT2B1	ENSG00000088002	CCSBVarC019940	CCSBORF2613	ENSP00000201586.2:p.Pro10Leu	29C>T	CCSBORF9241	FLACC1	-1.9418851363736338	0.4626037934932053
NC_000019.10:48591630:C:T	SULT2B1	ENSG00000088002	CCSBVarC019961	CCSBORF2613	ENSP00000201586.2:p.Pro149Leu	446C>T	CCSBORF9241	FLACC1	-4.719612741173589	0.5976510548845402
NC_000019.10:48596913:G:A	SULT2B1	ENSG00000088002	CCSBVarC019966	CCSBORF2613	ENSP00000201586.2:p.Arg274Gln	821G>A	CCSBORF9241	FLACC1	-0.10789887005870401	0.44017791547579266
NC_000019.10:48599211:C:G	SULT2B1	ENSG00000088002	CCSBVarC019968	CCSBORF2613	ENSP00000201586.2:p.Arg302Gly	904C>G	CCSBORF9241	FLACC1	-1.3730267809799206	0.45357128312893186
NC_000019.10:48599219:G:A	SULT2B1	ENSG00000088002	CCSBVarC019969	CCSBORF2613	ENSP00000201586.2:p.Met304Ile	912G>A	CCSBORF9241	FLACC1	-2.1287836243867697	0.4434593417764977
NC_000019.10:48599221:C:T	SULT2B1	ENSG00000088002	CCSBVarC019970	CCSBORF2613	ENSP00000201586.2:p.Pro305Leu	914C>T	CCSBORF9241	FLACC1	-1.712822362789793	0.4452707824456523
NC_000019.10:48575966:G:A	SULT2B1	ENSG00000088002	CCSBVarC019946	CCSBORF2613	ENSP00000201586.2:p.Arg33Gln	98G>A	CCSBORF9241	FLACC1	-1.3647912838367668	0.4416620338940282
NC_000002.12:142885487:C:T	KYNU	ENSG00000115919	CCSBVarC020287	CCSBORF2729	ENSP00000364928.2:p.His41Tyr	121C>T	CCSBORF10056	FAM86B1	-0.9294934166292386	0.1752655719651245
NC_000002.12:142927693:G:C	KYNU	ENSG00000115919	CCSBVarC020288	CCSBORF2729	ENSP00000364928.2:p.Trp109Ser	326G>C	CCSBORF10056	FAM86B1	0.24199152550475952	0.17635388213076922
NC_000002.12:142985126:T:C	KYNU	ENSG00000115919	CCSBVarC020292	CCSBORF2729	ENSP00000364928.2:p.Val258Ala	773T>C	CCSBORF10056	FAM86B1	-2.169768146280532	0.23698661898108675
NC_000002.12:142985141:A:G	KYNU	ENSG00000115919	CCSBVarC020294	CCSBORF2729	ENSP00000364928.2:p.His263Arg	788A>G	CCSBORF10056	FAM86B1	-4.7004018523931075	0.3096008910754925
NC_000017.11:75847849:C:T	WBP2	ENSG00000132471	CCSBVarC019264	CCSBORF2893	ENSP00000254806.3:p.Ala160Thr	478G>A	CCSBORF71715	EPN2	0.14438869639794188	0.4192355435088104
NC_000017.11:75846968:G:A	WBP2	ENSG00000132471	CCSBVarC019270	CCSBORF2893	ENSP00000254806.3:p.Ala224Val	671C>T	CCSBORF71715	EPN2	-0.5968824977205909	0.42043709229201387
NC_000017.11:75851637:T:C	WBP2	ENSG00000132471	CCSBVarC019255	CCSBORF2893	ENSP00000254806.3:p.Asn33Ser	98A>G	CCSBORF71715	EPN2	0.14808476715347096	0.41700549829465117
NC_000007.14:50400467:C:G	IKZF1	ENSG00000185811	CCSBVarC019361	CCSBORF2940	ENSP00000413025.1:p.Cys425Trp	1275C>G	CCSBORF14864	WTAP	-0.620764059698138	0.5459678556863354
NC_000007.14:50327753:G:A	IKZF1	ENSG00000185811	CCSBVarC019307	CCSBORF2940	ENSP00000413025.1:p.Val53Met	157G>A	CCSBORF14864	WTAP	-1.1737885868653408	0.5819667752629543
NC_000007.14:50376727:G:C	IKZF1	ENSG00000185811	CCSBVarC019310	CCSBORF2940	ENSP00000413025.1:p.Cys119Ser	356G>C	CCSBORF14864	WTAP	-5.70511917528618	0.7673554661788924
NC_000007.14:50382601:C:T	IKZF1	ENSG00000185811	CCSBVarC019319	CCSBORF2940	ENSP00000413025.1:p.Arg162Trp	484C>T	CCSBORF14864	WTAP	-2.281402978921578	0.6030793895445715
NC_000007.14:50382602:G:T	IKZF1	ENSG00000185811	CCSBVarC019328	CCSBORF2940	ENSP00000413025.1:p.Arg162Leu	485G>T	CCSBORF14864	WTAP	-1.1599843173940627	0.547376820231611
NC_000007.14:50382617:A:G	IKZF1	ENSG00000185811	CCSBVarC019331	CCSBORF2940	ENSP00000413025.1:p.His167Arg	500A>G	CCSBORF14864	WTAP	-2.508611600451751	0.8358214810029436
NC_000007.14:50382647:T:C	IKZF1	ENSG00000185811	CCSBVarC019335	CCSBORF2940	ENSP00000413025.1:p.Leu177Pro	530T>C	CCSBORF14864	WTAP	-2.2813345207735782	0.562003470041812
NC_000007.14:50382665:G:A	IKZF1	ENSG00000185811	CCSBVarC019338	CCSBORF2940	ENSP00000413025.1:p.Arg183His	548G>A	CCSBORF14864	WTAP	-1.1415614547326414	0.5485217881958341
NC_000007.14:50382667:C:T	IKZF1	ENSG00000185811	CCSBVarC019342	CCSBORF2940	ENSP00000413025.1:p.Arg184Trp	550C>T	CCSBORF14864	WTAP	-1.2367574395265815	0.5527161496304953
NC_000007.14:50391766:G:A	IKZF1	ENSG00000185811	CCSBVarC019352	CCSBORF2940	ENSP00000413025.1:p.Asp210Asn	628G>A	CCSBORF14864	WTAP	-1.7296604572607759	0.5559807061934253
NC_000007.14:50327660:G:A	IKZF1	ENSG00000185811	CCSBVarC019304	CCSBORF2940	ENSP00000413025.1:p.Asp22Asn	64G>A	CCSBORF14864	WTAP	-0.8493458183931027	0.5584605500319171
NC_000007.14:50391826:G:A	IKZF1	ENSG00000185811	CCSBVarC019355	CCSBORF2940	ENSP00000413025.1:p.Ala230Thr	688G>A	CCSBORF14864	WTAP	-0.8963201756001605	0.5529088273970683
NC_000007.14:50400075:G:A	IKZF1	ENSG00000185811	CCSBVarC019358	CCSBORF2940	ENSP00000413025.1:p.Gly295Ser	883G>A	CCSBORF14864	WTAP	-1.2341710333218063	0.5522172504486013
NC_000023.11:153934387:A:G	NAA10	ENSG00000102030	CCSBVarC019226	CCSBORF3180	ENSP00000417763.1:p.Ser37Pro	109T>C	CCSBORF100080453	CASP8AP2	-1.5208446562107076	0.8807481374230819
NC_000023.11:153934381:G:T	NAA10	ENSG00000102030	CCSBVarC019229	CCSBORF3180	ENSP00000417763.1:p.Pro39Thr	115C>A	CCSBORF100080453	CASP8AP2	-1.653246402303589	1.7962280637176034
NC_000023.11:153934380:G:A	NAA10	ENSG00000102030	CCSBVarC019232	CCSBORF3180	ENSP00000417763.1:p.Pro39Leu	116C>T	CCSBORF100080453	CASP8AP2	-0.5157379524401978	0.8720454398443935
NC_000023.11:153933993:T:G	NAA10	ENSG00000102030	CCSBVarC019235	CCSBORF3180	ENSP00000417763.1:p.Tyr43Ser	128A>C	CCSBORF100080453	CASP8AP2	-6.445619221181235	0.9148329625345105
NC_000023.11:153933993:T:C	NAA10	ENSG00000102030	CCSBVarC019238	CCSBORF3180	ENSP00000417763.1:p.Tyr43Cys	128A>G	CCSBORF100080453	CASP8AP2	-5.689641218778095	1.062700661643588
NC_000023.11:153932573:G:A	NAA10	ENSG00000102030	CCSBVarC019240	CCSBORF3180	ENSP00000417763.1:p.Pro64Ser	190C>T	CCSBORF100080453	CASP8AP2	-0.5824395020349052	0.8769339888971099
NC_000023.11:153932420:C:T	NAA10	ENSG00000102030	CCSBVarC019247	CCSBORF3180	ENSP00000417763.1:p.Arg79His	236G>A	CCSBORF100080453	CASP8AP2	-2.4085671826543344	0.8858978959390815
NC_000023.11:153932409:G:A	NAA10	ENSG00000102030	CCSBVarC019250	CCSBORF3180	ENSP00000417763.1:p.Arg83Cys	247C>T	CCSBORF100080453	CASP8AP2	-0.7769140977360218	0.8726818678487779
NC_000023.11:153932399:A:C	NAA10	ENSG00000102030	CCSBVarC019254	CCSBORF3180	ENSP00000417763.1:p.Leu86Arg	257T>G	CCSBORF100080453	CASP8AP2	-7.45054484908551	0.993656579579956
NC_000023.11:153932397:C:A	NAA10	ENSG00000102030	CCSBVarC019256	CCSBORF3180	ENSP00000417763.1:p.Ala87Ser	259G>T	CCSBORF100080453	CASP8AP2	-2.5253284637360283	0.8832184243886292
NC_000023.11:153932353:G:T	NAA10	ENSG00000102030	CCSBVarC019259	CCSBORF3180	ENSP00000417763.1:p.Asn101Lys	303C>A	CCSBORF100080453	CASP8AP2	-1.0002062376854302	1.2068805730257894
NC_000023.11:153932324:A:C	NAA10	ENSG00000102030	CCSBVarC019306	CCSBORF3180	ENSP00000417763.1:p.Val111Gly	332T>G	CCSBORF100080453	CASP8AP2	-6.596941018973235	0.9398010195434601
NC_000023.11:153932317:C:A	NAA10	ENSG00000102030	CCSBVarC019309	CCSBORF3180	ENSP00000417763.1:p.Lys113Asn	339G>T	CCSBORF100080453	CASP8AP2	-5.449532228100735	1.198891215257869
NC_000023.11:153932095:G:C	NAA10	ENSG00000102030	CCSBVarC019314	CCSBORF3180	ENSP00000417763.1:p.Leu121Val	361C>G	CCSBORF100080453	CASP8AP2	-0.7433960629368663	0.8727894594329599
NC_000023.11:153932074:A:T	NAA10	ENSG00000102030	CCSBVarC019318	CCSBORF3180	ENSP00000417763.1:p.Phe128Ile	382T>A	CCSBORF100080453	CASP8AP2	-7.4873135335649454	1.0668502437915137
NC_000023.11:153932072:A:T	NAA10	ENSG00000102030	CCSBVarC019321	CCSBORF3180	ENSP00000417763.1:p.Phe128Leu	384T>A	CCSBORF100080453	CASP8AP2	-6.7867276117008455	1.0316305634950942
NC_000023.11:153930793:A:G	NAA10	ENSG00000102030	CCSBVarC019329	CCSBORF3180	ENSP00000417763.1:p.Met147Thr	440T>C	CCSBORF100080453	CASP8AP2	-6.696543783304442	1.047412438321847
NC_000023.11:153934449:T:G	NAA10	ENSG00000102030	CCSBVarC019220	CCSBORF3180	ENSP00000417763.1:p.His16Pro	47A>C	CCSBORF100080453	CASP8AP2	-0.2884329073860174	0.8729216130623284
NC_000023.11:153934447:A:C	NAA10	ENSG00000102030	CCSBVarC019223	CCSBORF3180	ENSP00000417763.1:p.Cys17Gly	49T>G	CCSBORF100080453	CASP8AP2	0.623721913343859	0.874765021452668
NC_000023.11:153930117:C:G	NAA10	ENSG00000102030	CCSBVarC019344	CCSBORF3180	ENSP00000417763.1:p.Ala193Pro	577G>C	CCSBORF100080453	CASP8AP2	0.011114379732096835	0.8773343389203349
NC_000011.10:57712759:G:C	TMX2	ENSG00000213593	CCSBVarC019561	CCSBORF3263	ENSP00000278422.4:p.Gly48Arg	142G>C	CCSBORF12165	TMEM71	0.28833760926523905	0.19720946765942893
NC_000011.10:57712781:A:C	TMX2	ENSG00000213593	CCSBVarC019565	CCSBORF3263	ENSP00000278422.4:p.Asp55Ala	164A>C	CCSBORF12165	TMEM71	-0.4552493089813404	0.1884011356940272
NC_000011.10:57712783:G:C	TMX2	ENSG00000213593	CCSBVarC019567	CCSBORF3263	ENSP00000278422.4:p.Gly56Arg	166G>C	CCSBORF12165	TMEM71	0.020105448787113442	0.21477369727761378
NC_000011.10:57739038:G:A	TMX2	ENSG00000213593	CCSBVarC019585	CCSBORF3263	ENSP00000278422.4:p.Arg205Gln	614G>A	CCSBORF12165	TMEM71	-0.8551505217644166	0.19226736030538533
NC_000011.10:57712694:A:G	TMX2	ENSG00000213593	CCSBVarC019559	CCSBORF3263	ENSP00000278422.4:p.Tyr26Cys	77A>G	CCSBORF12165	TMEM71	0.042289036567946095	0.21465543014520097
NC_000001.11:150343370:C:G	PRPF3	ENSG00000117360	CCSBVarC019630	CCSBORF3292	ENSP00000315379.6:p.Arg449Gly	1345C>G	CCSBORF1957	TRIM39	1.2136544713769852	0.6465115148310262
NC_000001.11:150344230:A:C	PRPF3	ENSG00000117360	CCSBVarC019635	CCSBORF3292	ENSP00000315379.6:p.His499Pro	1496A>C	CCSBORF1957	TRIM39	0.39747099034282396	0.6435112596239017
NC_000001.11:150344238:G:C	PRPF3	ENSG00000117360	CCSBVarC019638	CCSBORF3292	ENSP00000315379.6:p.Ala502Pro	1504G>C	CCSBORF1957	TRIM39	0.12858546725309414	0.6423427865872027
NC_000001.11:150344438:A:C	PRPF3	ENSG00000117360	CCSBVarC019641	CCSBORF3292	ENSP00000315379.6:p.His511Pro	1532A>C	CCSBORF1957	TRIM39	-0.21550550642077534	0.6490507285101336
NC_000001.11:150346054:A:G	PRPF3	ENSG00000117360	CCSBVarC019644	CCSBORF3292	ENSP00000315379.6:p.Ile560Val	1678A>G	CCSBORF1957	TRIM39	-0.7516757536019623	0.6449789342178112
NC_000001.11:150349159:A:T	PRPF3	ENSG00000117360	CCSBVarC019647	CCSBORF3292	ENSP00000315379.6:p.Asp616Val	1847A>T	CCSBORF1957	TRIM39	0.0859755486596133	0.6437360719506617
NC_000001.11:150349209:G:C	PRPF3	ENSG00000117360	CCSBVarC019650	CCSBORF3292	ENSP00000315379.6:p.Val633Leu	1897G>C	CCSBORF1957	TRIM39	0.1599878808028179	0.6463387079459718
NC_000001.11:150335181:A:G	PRPF3	ENSG00000117360	CCSBVarC019624	CCSBORF3292	ENSP00000315379.6:p.Thr326Ala	976A>G	CCSBORF1957	TRIM39	-0.5425355656412101	0.7471243862684066
NC_000017.11:40077519:G:T	THRA	ENSG00000126351	CCSBVarC020576	CCSBORF3411	ENSP00000264637.4:p.Ser45Ile	134G>T	CCSBORF7255	SYAP1	-0.4647666567986831	0.17845386217919887
NC_000017.11:40084746:A:G	THRA	ENSG00000126351	CCSBVarC020584	CCSBORF3411	ENSP00000264637.4:p.Ile170Val	508A>G	CCSBORF7255	SYAP1	0.09999920667900278	0.17955785309039465
NC_000017.11:40084756:A:G	THRA	ENSG00000126351	CCSBVarC020586	CCSBORF3411	ENSP00000264637.4:p.Glu173Gly	518A>G	CCSBORF7255	SYAP1	-4.412256201698459	0.43507246785079506
NC_000017.11:40088305:C:T	THRA	ENSG00000126351	CCSBVarC020590	CCSBORF3411	ENSP00000264637.4:p.Ala263Val	788C>T	CCSBORF7255	SYAP1	-1.9861857427301468	0.31398168528998444
NC_000017.11:40088335:C:A	THRA	ENSG00000126351	CCSBVarC020593	CCSBORF3411	ENSP00000264637.4:p.Thr273Asn	818C>A	CCSBORF7255	SYAP1	1.2024525819062197	0.17361481920116126
NC_000017.11:40088388:G:A	THRA	ENSG00000126351	CCSBVarC020600	CCSBORF3411	ENSP00000264637.4:p.Gly291Ser	871G>A	CCSBORF7255	SYAP1	-0.1592099767528509	0.18592240605866567
NC_000003.12:14141613:G:A	TMEM43	ENSG00000170876	CCSBVarC019853	CCSBORF3438	ENSP00000303992.5:p.Arg341Gln	1022G>A	CCSBORF14495	USP25	-0.596504722514016	1.6911024051263577
NC_000003.12:14141652:G:C	TMEM43	ENSG00000170876	CCSBVarC019859	CCSBORF3438	ENSP00000303992.5:p.Cys354Ser	1061G>C	CCSBORF14495	USP25	-2.7201273067445912	2.4181670124052244
NC_000003.12:14141663:T:C	TMEM43	ENSG00000170876	CCSBVarC019862	CCSBORF3438	ENSP00000303992.5:p.Ser358Pro	1072T>C	CCSBORF14495	USP25	-0.6199289796554885	2.2288013274897245
NC_000003.12:14141691:G:A	TMEM43	ENSG00000170876	CCSBVarC019865	CCSBORF3438	ENSP00000303992.5:p.Gly367Asp	1100G>A	CCSBORF14495	USP25	0.06655489927393078	1.6740108144855708
NC_000003.12:14141732:G:A	TMEM43	ENSG00000170876	CCSBVarC019868	CCSBORF3438	ENSP00000303992.5:p.Gly381Ser	1141G>A	CCSBORF14495	USP25	-0.9211383779656592	1.6738090377412616
NC_000003.12:14131642:A:G	TMEM43	ENSG00000170876	CCSBVarC019771	CCSBORF3438	ENSP00000303992.5:p.Met121Val	361A>G	CCSBORF14495	USP25	-3.387801480538586	2.1750431487432538
NC_000003.12:14132580:C:T	TMEM43	ENSG00000170876	CCSBVarC019784	CCSBORF3438	ENSP00000303992.5:p.Thr143Met	428C>T	CCSBORF14495	USP25	-2.4729965482592626	1.6991597146391872
NC_000003.12:14132906:G:A	TMEM43	ENSG00000170876	CCSBVarC019787	CCSBORF3438	ENSP00000303992.5:p.Asp162Asn	484G>A	CCSBORF14495	USP25	-1.5103149689262096	1.6894732391840463
NC_000003.12:14133762:G:A	TMEM43	ENSG00000170876	CCSBVarC019795	CCSBORF3438	ENSP00000303992.5:p.Met179Ile	537G>A	CCSBORF14495	USP25	-0.362109575401661	1.6817980798745913
NC_000003.12:14134849:G:A	TMEM43	ENSG00000170876	CCSBVarC019800	CCSBORF3438	ENSP00000303992.5:p.Gly222Arg	664G>A	CCSBORF14495	USP25	-1.941695224249957	1.6791854447124093
NC_000003.12:14139189:A:G	TMEM43	ENSG00000170876	CCSBVarC019810	CCSBORF3438	ENSP00000303992.5:p.His298Arg	893A>G	CCSBORF14495	USP25	-1.2604240125733366	1.6765994300592393
NC_000003.12:14139249:C:T	TMEM43	ENSG00000170876	CCSBVarC019814	CCSBORF3438	ENSP00000303992.5:p.Ala318Val	953C>T	CCSBORF14495	USP25	0.034401561880216536	1.6742111639453117
NC_000003.12:14139252:T:C	TMEM43	ENSG00000170876	CCSBVarC019817	CCSBORF3438	ENSP00000303992.5:p.Met319Thr	956T>C	CCSBORF14495	USP25	-0.433603150099286	1.6793879298612366
NC_000019.10:46608583:A:C	CALM3	ENSG00000160014	CCSBVarC020295	CCSBORF3484	ENSP00000291295.8:p.Asp94Ala	281A>C	CCSBORF11913	ZNF280A	-8.05036592439957	0.4820281934580492
NC_000019.10:46608948:A:G	CALM3	ENSG00000160014	CCSBVarC020299	CCSBORF3484	ENSP00000291295.8:p.Asp130Gly	389A>G	CCSBORF11913	ZNF280A	-6.526509611444149	0.4692289171035737
NC_000019.10:46608949:C:G	CALM3	ENSG00000160014	CCSBVarC020302	CCSBORF3484	ENSP00000291295.8:p.Asp130Glu	390C>G	CCSBORF11913	ZNF280A	-6.797945127972655	0.4419142725872826
NC_000019.10:46608955:T:A	CALM3	ENSG00000160014	CCSBVarC020308	CCSBORF3484	ENSP00000291295.8:p.Asp132Glu	396T>A	CCSBORF11913	ZNF280A	0.8443846665233949	0.4089990094120926
NC_000019.10:46608980:G:A	CALM3	ENSG00000160014	CCSBVarC020310	CCSBORF3484	ENSP00000291295.8:p.Glu141Lys	421G>A	CCSBORF11913	ZNF280A	-7.25649426713702	0.4374593190280544
NC_000019.10:46609124:A:G	CALM3	ENSG00000160014	CCSBVarC020312	CCSBORF3484	ENSP00000291295.8:p.Glu141Gly	422A>G	CCSBORF11913	ZNF280A	-7.584135763569643	0.5039745674984102
NC_000019.10:46608583:A:C	CALM3	ENSG00000160014	CCSBVarC020295	CCSBORF3484	ENSP00000291295.8:p.Asp94Ala	281A>C	CCSBORF1391	SPATA17	-1.5262748373326955	0.39779485030634465
NC_000019.10:46608948:A:G	CALM3	ENSG00000160014	CCSBVarC020299	CCSBORF3484	ENSP00000291295.8:p.Asp130Gly	389A>G	CCSBORF1391	SPATA17	-1.4704455288856004	0.4201084574581582
NC_000019.10:46608949:C:G	CALM3	ENSG00000160014	CCSBVarC020302	CCSBORF3484	ENSP00000291295.8:p.Asp130Glu	390C>G	CCSBORF1391	SPATA17	-2.0020881593292494	0.39945774175990034
NC_000019.10:46608955:T:A	CALM3	ENSG00000160014	CCSBVarC020308	CCSBORF3484	ENSP00000291295.8:p.Asp132Glu	396T>A	CCSBORF1391	SPATA17	0.3825287326509338	0.3994376142546371
NC_000019.10:46608980:G:A	CALM3	ENSG00000160014	CCSBVarC020310	CCSBORF3484	ENSP00000291295.8:p.Glu141Lys	421G>A	CCSBORF1391	SPATA17	-0.8123085519951623	0.39765692451815216
NC_000019.10:46609124:A:G	CALM3	ENSG00000160014	CCSBVarC020312	CCSBORF3484	ENSP00000291295.8:p.Glu141Gly	422A>G	CCSBORF1391	SPATA17	-0.8276238043911183	0.3996594439832383
NC_000019.10:46608583:A:C	CALM3	ENSG00000160014	CCSBVarC020295	CCSBORF3484	ENSP00000291295.8:p.Asp94Ala	281A>C	CCSBORF71415	NSMF	-6.268697558278359	0.32142277210070036
NC_000019.10:46608948:A:G	CALM3	ENSG00000160014	CCSBVarC020299	CCSBORF3484	ENSP00000291295.8:p.Asp130Gly	389A>G	CCSBORF71415	NSMF	-2.1963428685694506	0.4230880956901801
NC_000019.10:46608949:C:G	CALM3	ENSG00000160014	CCSBVarC020302	CCSBORF3484	ENSP00000291295.8:p.Asp130Glu	390C>G	CCSBORF71415	NSMF	-1.6007864825061433	0.3011464619202023
NC_000019.10:46608955:T:A	CALM3	ENSG00000160014	CCSBVarC020308	CCSBORF3484	ENSP00000291295.8:p.Asp132Glu	396T>A	CCSBORF71415	NSMF	-1.0607258827676003	0.30464165332578685
NC_000019.10:46608980:G:A	CALM3	ENSG00000160014	CCSBVarC020310	CCSBORF3484	ENSP00000291295.8:p.Glu141Lys	421G>A	CCSBORF71415	NSMF	-0.8355965069087545	0.29971355025040003
NC_000019.10:46609124:A:G	CALM3	ENSG00000160014	CCSBVarC020312	CCSBORF3484	ENSP00000291295.8:p.Glu141Gly	422A>G	CCSBORF71415	NSMF	-0.8531474729127742	0.3024550489472621
NC_000016.10:28843809:C:T	TUFM	ENSG00000178952	CCSBVarC021333	CCSBORF3693	ENSP00000322439.3:p.Val374Met	1120G>A	CCSBORF100069030	DGAT2L6	-0.35244298929104867	0.5478705652028737
NC_000016.10:28846041:C:G	TUFM	ENSG00000178952	CCSBVarC021304	CCSBORF3693	ENSP00000322439.3:p.Leu39Phe	117G>C	CCSBORF100069030	DGAT2L6	0.7491228687787315	0.5525305038345489
NC_000016.10:28843146:T:C	TUFM	ENSG00000178952	CCSBVarC021335	CCSBORF3693	ENSP00000322439.3:p.Glu399Gly	1196A>G	CCSBORF100069030	DGAT2L6	-0.021249920843938508	0.5427390835304866
NC_000016.10:28843050:T:C	TUFM	ENSG00000178952	CCSBVarC021337	CCSBORF3693	ENSP00000322439.3:p.Asn431Ser	1292A>G	CCSBORF100069030	DGAT2L6	-0.1471249824620137	0.550478535313023
NC_000016.10:28846249:G:A	TUFM	ENSG00000178952	CCSBVarC021300	CCSBORF3693	ENSP00000322439.3:p.Ala7Val	20C>T	CCSBORF100069030	DGAT2L6	-0.3265306798697692	0.54244466619855
NC_000016.10:28845407:C:G	TUFM	ENSG00000178952	CCSBVarC021312	CCSBORF3693	ENSP00000322439.3:p.Arg107Pro	320G>C	CCSBORF100069030	DGAT2L6	-1.4261144154995833	0.9105896228523145
NC_000016.10:28845042:C:T	TUFM	ENSG00000178952	CCSBVarC021316	CCSBORF3693	ENSP00000322439.3:p.Gly143Ser	427G>A	CCSBORF100069030	DGAT2L6	-0.1849026187734766	0.5453486661710666
NC_000016.10:28845029:A:T	TUFM	ENSG00000178952	CCSBVarC021322	CCSBORF3693	ENSP00000322439.3:p.Leu147His	440T>A	CCSBORF100069030	DGAT2L6	-1.780023352660737	1.291056449327375
NC_000016.10:28844762:T:G	TUFM	ENSG00000178952	CCSBVarC021325	CCSBORF3693	ENSP00000322439.3:p.Thr207Pro	619A>C	CCSBORF100069030	DGAT2L6	-1.9094657328932612	0.5506461899030222
NC_000016.10:28844475:C:T	TUFM	ENSG00000178952	CCSBVarC021328	CCSBORF3693	ENSP00000322439.3:p.Ala254Thr	760G>A	CCSBORF100069030	DGAT2L6	-0.0977018734792843	0.5462402304712145
NC_000016.10:28844034:C:G	TUFM	ENSG00000178952	CCSBVarC021331	CCSBORF3693	ENSP00000322439.3:p.Arg330Pro	989G>C	CCSBORF100069030	DGAT2L6	-0.7343032565685879	0.5479312174747567
NC_000023.11:107639421:C:T	PRPS1	ENSG00000147224	CCSBVarC020497	CCSBORF3731	ENSP00000361512.4:p.Arg84Trp	250C>T	CCSBORF71821	PRPSAP2	-1.0628637980503215	0.6607433225970931
NC_000023.11:107640913:A:G	PRPS1	ENSG00000147224	CCSBVarC020500	CCSBORF3731	ENSP00000361512.4:p.Ile107Val	319A>G	CCSBORF71821	PRPSAP2	-0.2305713519788052	0.6336514437733668
NC_000023.11:107640937:A:G	PRPS1	ENSG00000147224	CCSBVarC020506	CCSBORF3731	ENSP00000361512.4:p.Met115Val	343A>G	CCSBORF71821	PRPSAP2	-0.6055424824515772	0.6304176302400978
NC_000023.11:107628673:T:C	PRPS1	ENSG00000147224	CCSBVarC020483	CCSBORF3731	ENSP00000361512.4:p.Ser16Pro	46T>C	CCSBORF71821	PRPSAP2	-0.1916891003067847	0.6311540010146914
NC_000023.11:107645231:C:T	PRPS1	ENSG00000147224	CCSBVarC020536	CCSBORF3731	ENSP00000361512.4:p.Arg196Trp	586C>T	CCSBORF71821	PRPSAP2	-0.37997468399624423	0.6378817788203669
NC_000023.11:107645285:C:T	PRPS1	ENSG00000147224	CCSBVarC020541	CCSBORF3731	ENSP00000361512.4:p.Arg214Trp	640C>T	CCSBORF71821	PRPSAP2	-4.028688780271715	0.6435090672127458
NC_000023.11:107645286:G:C	PRPS1	ENSG00000147224	CCSBVarC020543	CCSBORF3731	ENSP00000361512.4:p.Arg214Pro	641G>C	CCSBORF71821	PRPSAP2	-2.8937320708726446	0.6393240609476714
NC_000023.11:107628701:T:C	PRPS1	ENSG00000147224	CCSBVarC020490	CCSBORF3731	ENSP00000361512.4:p.Leu25Pro	74T>C	CCSBORF71821	PRPSAP2	-0.791876860145752	0.6349118850545229
NC_000023.11:107647727:C:T	PRPS1	ENSG00000147224	CCSBVarC020547	CCSBORF3731	ENSP00000361512.4:p.Pro276Leu	827C>T	CCSBORF71821	PRPSAP2	-0.46512368341080246	0.6314177208002517
NC_000023.11:107649990:G:A	PRPS1	ENSG00000147224	CCSBVarC020556	CCSBORF3731	ENSP00000361512.4:p.Gly306Arg	916G>A	CCSBORF71821	PRPSAP2	-1.3771615092377754	0.6355244868830997
NC_000006.12:36856632:T:C	PPIL1	ENSG00000137168	CCSBVarC020714	CCSBORF3755	ENSP00000362803.5:p.Tyr78Cys	233A>G	CCSBORF52879	SNW1	-0.3508081961300067	0.315818344312802
NC_000006.12:36856620:A:G	PPIL1	ENSG00000137168	CCSBVarC020716	CCSBORF3755	ENSP00000362803.5:p.Phe82Ser	245T>C	CCSBORF52879	SNW1	0.39579724049136034	0.3404255551121991
NC_000006.12:36856018:C:T	PPIL1	ENSG00000137168	CCSBVarC020717	CCSBORF3755	ENSP00000362803.5:p.Ala99Thr	295G>A	CCSBORF52879	SNW1	0.2841205168867874	0.3214627126598571
NC_000006.12:36855994:T:C	PPIL1	ENSG00000137168	CCSBVarC020718	CCSBORF3755	ENSP00000362803.5:p.Thr107Ala	319A>G	CCSBORF52879	SNW1	-5.315869915722646	0.41678676845013446
NC_000006.12:36855988:C:A	PPIL1	ENSG00000137168	CCSBVarC020719	CCSBORF3755	ENSP00000362803.5:p.Gly109Cys	325G>T	CCSBORF52879	SNW1	0.08740470517419478	0.31520915890030193
NC_000006.12:36855921:C:T	PPIL1	ENSG00000137168	CCSBVarC020720	CCSBORF3755	ENSP00000362803.5:p.Arg131Gln	392G>A	CCSBORF52879	SNW1	-1.9913707212567613	0.31803067496641574
NC_000008.11:38148660:C:A	STAR	ENSG00000147465	CCSBVarC017716	CCSBORF386	ENSP00000276449.3:p.Arg53Leu	158G>T	CCSBORF100069030	DGAT2L6	0.7557990376962769	0.4282575422195778
NC_000008.11:38146392:G:A	STAR	ENSG00000147465	CCSBVarC017740	CCSBORF386	ENSP00000276449.3:p.Arg121Trp	361C>T	CCSBORF100069030	DGAT2L6	-5.085700454518511	0.465016914020551
NC_000008.11:38146131:C:T	STAR	ENSG00000147465	CCSBVarC017755	CCSBORF386	ENSP00000276449.3:p.Gly161Arg	481G>A	CCSBORF100069030	DGAT2L6	-6.790532417557884	0.4570729704848495
NC_000008.11:38146068:G:A	STAR	ENSG00000147465	CCSBVarC017763	CCSBORF386	ENSP00000276449.3:p.Arg182Cys	544C>T	CCSBORF100069030	DGAT2L6	-2.02649903756865	0.42698694902216683
NC_000008.11:38146038:G:A	STAR	ENSG00000147465	CCSBVarC017765	CCSBORF386	ENSP00000276449.3:p.Arg192Cys	574C>T	CCSBORF100069030	DGAT2L6	-3.5378565951328973	0.5996502694766613
NC_000008.11:38145962:C:G	STAR	ENSG00000147465	CCSBVarC017767	CCSBORF386	ENSP00000276449.3:p.Arg217Thr	650G>C	CCSBORF100069030	DGAT2L6	-4.9381607320483845	0.5823358280951344
NC_000008.11:38145304:C:T	STAR	ENSG00000147465	CCSBVarC017770	CCSBORF386	ENSP00000276449.3:p.Gly221Ser	661G>A	CCSBORF100069030	DGAT2L6	-2.9796490203519967	0.4331443406600038
NC_000008.11:38144351:A:G	STAR	ENSG00000147465	CCSBVarC017773	CCSBORF386	ENSP00000276449.3:p.Leu260Pro	779T>C	CCSBORF100069030	DGAT2L6	-7.692311044739017	0.5656797895415197
NC_000008.11:38144316:G:C	STAR	ENSG00000147465	CCSBVarC017790	CCSBORF386	ENSP00000276449.3:p.Arg272Gly	814C>G	CCSBORF100069030	DGAT2L6	-8.166533398319668	0.62599108124777
NC_000008.11:38144316:G:A	STAR	ENSG00000147465	CCSBVarC017793	CCSBORF386	ENSP00000276449.3:p.Arg272Cys	814C>T	CCSBORF100069030	DGAT2L6	-6.389041988688069	0.9369164163108429
NC_000008.11:38144315:C:T	STAR	ENSG00000147465	CCSBVarC017796	CCSBORF386	ENSP00000276449.3:p.Arg272His	815G>A	CCSBORF100069030	DGAT2L6	-5.593686286309955	0.49388934771183507
NC_000008.11:38144309:C:T	STAR	ENSG00000147465	CCSBVarC017799	CCSBORF386	ENSP00000276449.3:p.Arg274His	821G>A	CCSBORF100069030	DGAT2L6	-0.011840545628745681	0.4545290082203607
NC_000001.11:22081739:G:A	CDC42	ENSG00000070831	CCSBVarC017859	CCSBORF399	ENSP00000499457.1:p.Val42Ile	124G>A	CCSBORF12919	CDC42EP2	-2.4965662895373724	0.7111948488740264
NC_000001.11:22081752:T:C	CDC42	ENSG00000070831	CCSBVarC017862	CCSBORF399	ENSP00000499457.1:p.Ile46Thr	137T>C	CCSBORF12919	CDC42EP2	-6.644985625881569	0.9904535826639167
NC_000001.11:22086450:A:G	CDC42	ENSG00000070831	CCSBVarC017865	CCSBORF399	ENSP00000499457.1:p.Tyr64Cys	191A>G	CCSBORF12919	CDC42EP2	-1.6807018379529943	0.7804197612760075
NC_000001.11:22086455:A:G	CDC42	ENSG00000070831	CCSBVarC017868	CCSBORF399	ENSP00000499457.1:p.Arg66Gly	196A>G	CCSBORF12919	CDC42EP2	-1.577043772649953	0.7086630011292663
NC_000001.11:22086462:G:A	CDC42	ENSG00000070831	CCSBVarC017876	CCSBORF399	ENSP00000499457.1:p.Arg68Gln	203G>A	CCSBORF12919	CDC42EP2	-0.15129467921157336	0.7066729207335415
NC_000001.11:22086501:G:T	CDC42	ENSG00000070831	CCSBVarC017881	CCSBORF399	ENSP00000499457.1:p.Cys81Phe	242G>T	CCSBORF12919	CDC42EP2	0.861276146677455	0.7093596962507106
NC_000001.11:22086506:T:C	CDC42	ENSG00000070831	CCSBVarC017884	CCSBORF399	ENSP00000499457.1:p.Ser83Pro	247T>C	CCSBORF12919	CDC42EP2	-1.3125200827222858	0.7082650680212246
NC_000001.11:22091449:A:G	CDC42	ENSG00000070831	CCSBVarC017894	CCSBORF399	ENSP00000499457.1:p.Asp170Gly	509A>G	CCSBORF12919	CDC42EP2	-7.356077924385113	1.2316237872835738
NC_000001.11:22091451:G:A	CDC42	ENSG00000070831	CCSBVarC017897	CCSBORF399	ENSP00000499457.1:p.Glu171Lys	511G>A	CCSBORF12919	CDC42EP2	-1.9974136969445235	1.273240796008597
NC_000001.11:22091503:G:A	CDC42	ENSG00000070831	CCSBVarC017903	CCSBORF399	ENSP00000499457.1:p.Cys188Tyr	563G>A	CCSBORF12919	CDC42EP2	-0.6029970031739996	0.7072702425709357
NC_000001.11:22078539:T:C	CDC42	ENSG00000070831	CCSBVarC017846	CCSBORF399	ENSP00000499457.1:p.Ile21Thr	62T>C	CCSBORF12919	CDC42EP2	0.2813366118604176	1.1043251313632891
NC_000001.11:22078544:T:A	CDC42	ENSG00000070831	CCSBVarC017849	CCSBORF399	ENSP00000499457.1:p.Tyr23Asn	67T>A	CCSBORF12919	CDC42EP2	-1.146825012773127	0.7098911389354862
NC_000001.11:22078545:A:G	CDC42	ENSG00000070831	CCSBVarC017852	CCSBORF399	ENSP00000499457.1:p.Tyr23Cys	68A>G	CCSBORF12919	CDC42EP2	-3.424795412736713	0.7106527214509804
NC_000001.11:22078547:A:C	CDC42	ENSG00000070831	CCSBVarC017854	CCSBORF399	ENSP00000499457.1:p.Thr24Pro	70A>C	CCSBORF12919	CDC42EP2	0.11256935236638091	0.7092695424717876
NC_000012.12:57751079:C:T	CDK4	ENSG00000135446	CCSBVarC021636	CCSBORF4019	ENSP00000257904.5:p.Arg122His	365G>A	CCSBORF6197	CCND3	0.21616879300093272	0.8019368728012619
NC_000012.12:57750662:G:A	CDK4	ENSG00000135446	CCSBVarC021639	CCSBORF4019	ENSP00000257904.5:p.Arg209Cys	625C>T	CCSBORF6197	CCND3	-0.15355758031429495	0.8089215812998082
NC_000012.12:57749475:C:T	CDK4	ENSG00000135446	CCSBVarC021641	CCSBORF4019	ENSP00000257904.5:p.Asp221Asn	661G>A	CCSBORF6197	CCND3	0.581865866695055	0.8111018231415861
NC_000012.12:57751647:G:T	CDK4	ENSG00000135446	CCSBVarC021608	CCSBORF4019	ENSP00000257904.5:p.Arg24Ser	70C>A	CCSBORF6197	CCND3	0.025674042832613514	0.8010919529656162
NC_000012.12:57749252:G:A	CDK4	ENSG00000135446	CCSBVarC021643	CCSBORF4019	ENSP00000257904.5:p.Pro250Ser	748C>T	CCSBORF6197	CCND3	0.02143553130780987	0.8053979857645984
NC_000012.12:57749248:G:C	CDK4	ENSG00000135446	CCSBVarC021647	CCSBORF4019	ENSP00000257904.5:p.Pro251Arg	752C>G	CCSBORF6197	CCND3	-0.05317762888484642	0.7969624699604715
NC_000012.12:57749237:G:A	CDK4	ENSG00000135446	CCSBVarC021660	CCSBORF4019	ENSP00000257904.5:p.Arg255Cys	763C>T	CCSBORF6197	CCND3	0.14203071559257052	0.7988803481594682
NC_000012.12:57749236:C:T	CDK4	ENSG00000135446	CCSBVarC021664	CCSBORF4019	ENSP00000257904.5:p.Arg255His	764G>A	CCSBORF6197	CCND3	0.11146254840191183	0.9380969233813732
NC_000012.12:57749224:G:A	CDK4	ENSG00000135446	CCSBVarC021666	CCSBORF4019	ENSP00000257904.5:p.Ser259Leu	776C>T	CCSBORF6197	CCND3	-0.10229532756096321	0.8010784105237423
NC_000012.12:57749221:A:T	CDK4	ENSG00000135446	CCSBVarC021669	CCSBORF4019	ENSP00000257904.5:p.Val260Glu	779T>A	CCSBORF6197	CCND3	-0.05138672259030354	0.8013209335597317
NC_000012.12:57749200:G:A	CDK4	ENSG00000135446	CCSBVarC021673	CCSBORF4019	ENSP00000257904.5:p.Ser267Leu	800C>T	CCSBORF6197	CCND3	0.17719318324544175	0.799433017892407
NC_000012.12:57749194:G:A	CDK4	ENSG00000135446	CCSBVarC021677	CCSBORF4019	ENSP00000257904.5:p.Ala269Val	806C>T	CCSBORF6197	CCND3	0.061402863340790946	0.8084075895293542
NC_000012.12:57748550:G:A	CDK4	ENSG00000135446	CCSBVarC021680	CCSBORF4019	ENSP00000257904.5:p.His296Tyr	886C>T	CCSBORF6197	CCND3	-0.4782542901491418	0.9586095589493239
NC_000023.11:103785680:G:A	PLP1	ENSG00000123560	CCSBVarC021760	CCSBORF4062	ENSP00000477619.1:p.Cys35Tyr	104G>A	CCSBORF11816	TMPRSS2	-6.525006280589155	0.9458686119466149
NC_000023.11:103785716:T:C	PLP1	ENSG00000123560	CCSBVarC021764	CCSBORF4062	ENSP00000477619.1:p.Ile47Thr	140T>C	CCSBORF11816	TMPRSS2	-6.907102949252533	1.0006519964143052
NC_000023.11:103785745:G:T	PLP1	ENSG00000123560	CCSBVarC021767	CCSBORF4062	ENSP00000477619.1:p.Asp57Tyr	169G>T	CCSBORF11816	TMPRSS2	-0.8011400002121938	0.9257533550117102
NC_000023.11:103785749:A:G	PLP1	ENSG00000123560	CCSBVarC021770	CCSBORF4062	ENSP00000477619.1:p.Tyr58Cys	173A>G	CCSBORF11816	TMPRSS2	-1.321999145297998	0.9316218027934892
NC_000023.11:103786498:G:C	PLP1	ENSG00000123560	CCSBVarC021795	CCSBORF4062	ENSP00000477619.1:p.Ala76Pro	226G>C	CCSBORF11816	TMPRSS2	-0.8135600950053945	1.6528630848539918
NC_000023.11:103787894:G:A	PLP1	ENSG00000123560	CCSBVarC021839	CCSBORF4062	ENSP00000477619.1:p.Cys149Tyr	446G>A	CCSBORF11816	TMPRSS2	-6.040413404365243	1.8627084567686083
NC_000023.11:103787960:T:G	PLP1	ENSG00000123560	CCSBVarC021846	CCSBORF4062	ENSP00000477619.1:p.Met171Arg	512T>G	CCSBORF11816	TMPRSS2	-6.2092936320756875	0.9404907430609831
NC_000023.11:103788447:T:C	PLP1	ENSG00000123560	CCSBVarC021851	CCSBORF4062	ENSP00000477619.1:p.Trp177Arg	529T>C	CCSBORF11816	TMPRSS2	-1.4184770982268766	0.9261260080526862
NC_000023.11:103788460:C:T	PLP1	ENSG00000123560	CCSBVarC021854	CCSBORF4062	ENSP00000477619.1:p.Pro181Leu	542C>T	CCSBORF11816	TMPRSS2	-1.5167988701827972	0.9264715969298986
NC_000023.11:103788463:G:A	PLP1	ENSG00000123560	CCSBVarC021857	CCSBORF4062	ENSP00000477619.1:p.Gly182Asp	545G>A	CCSBORF11816	TMPRSS2	-4.119166711576107	0.935674155425506
NC_000023.11:103788471:T:G	PLP1	ENSG00000123560	CCSBVarC021860	CCSBORF4062	ENSP00000477619.1:p.Cys185Gly	553T>G	CCSBORF11816	TMPRSS2	-6.301604326614363	0.9444317787898124
NC_000023.11:103788478:C:G	PLP1	ENSG00000123560	CCSBVarC021863	CCSBORF4062	ENSP00000477619.1:p.Ser187Cys	560C>G	CCSBORF11816	TMPRSS2	-0.43203332721067544	0.9265150214786265
NC_000023.11:103788483:C:T	PLP1	ENSG00000123560	CCSBVarC021869	CCSBORF4062	ENSP00000477619.1:p.Leu189Phe	565C>T	CCSBORF11816	TMPRSS2	-7.216164348435447	0.9663717825621674
NC_000023.11:103789344:T:G	PLP1	ENSG00000123560	CCSBVarC021872	CCSBORF4062	ENSP00000477619.1:p.Phe202Val	604T>G	CCSBORF11816	TMPRSS2	-4.843201339673396	0.9388148649986432
NC_000023.11:103789372:G:C	PLP1	ENSG00000123560	CCSBVarC021883	CCSBORF4062	ENSP00000477619.1:p.Gly211Ala	632G>C	CCSBORF11816	TMPRSS2	0.0012916978944719493	0.9264037376358636
NC_000023.11:103785680:G:A	PLP1	ENSG00000123560	CCSBVarC021760	CCSBORF4062	ENSP00000477619.1:p.Cys35Tyr	104G>A	CCSBORF13548	EDA2R	-2.442424502262671	0.8874750921495703
NC_000023.11:103785716:T:C	PLP1	ENSG00000123560	CCSBVarC021764	CCSBORF4062	ENSP00000477619.1:p.Ile47Thr	140T>C	CCSBORF13548	EDA2R	-2.1061256563177175	0.9073601241529021
NC_000023.11:103785745:G:T	PLP1	ENSG00000123560	CCSBVarC021767	CCSBORF4062	ENSP00000477619.1:p.Asp57Tyr	169G>T	CCSBORF13548	EDA2R	-0.009927626521815114	0.9538600376084884
NC_000023.11:103785749:A:G	PLP1	ENSG00000123560	CCSBVarC021770	CCSBORF4062	ENSP00000477619.1:p.Tyr58Cys	173A>G	CCSBORF13548	EDA2R	0.10410205830057485	0.8833467967271869
NC_000023.11:103786498:G:C	PLP1	ENSG00000123560	CCSBVarC021795	CCSBORF4062	ENSP00000477619.1:p.Ala76Pro	226G>C	CCSBORF13548	EDA2R	1.1822385848250083	0.8869498516982381
NC_000023.11:103787894:G:A	PLP1	ENSG00000123560	CCSBVarC021839	CCSBORF4062	ENSP00000477619.1:p.Cys149Tyr	446G>A	CCSBORF13548	EDA2R	-1.7895976064058992	0.9051247596786447
NC_000023.11:103787960:T:G	PLP1	ENSG00000123560	CCSBVarC021846	CCSBORF4062	ENSP00000477619.1:p.Met171Arg	512T>G	CCSBORF13548	EDA2R	0.6259341622951144	0.881600972231609
NC_000023.11:103788447:T:C	PLP1	ENSG00000123560	CCSBVarC021851	CCSBORF4062	ENSP00000477619.1:p.Trp177Arg	529T>C	CCSBORF13548	EDA2R	1.0147915478426026	0.8807139071127468
NC_000023.11:103788460:C:T	PLP1	ENSG00000123560	CCSBVarC021854	CCSBORF4062	ENSP00000477619.1:p.Pro181Leu	542C>T	CCSBORF13548	EDA2R	0.750985613669438	0.8813029826845477
NC_000023.11:103788463:G:A	PLP1	ENSG00000123560	CCSBVarC021857	CCSBORF4062	ENSP00000477619.1:p.Gly182Asp	545G>A	CCSBORF13548	EDA2R	0.5975272255244121	0.8846968251182656
NC_000023.11:103788471:T:G	PLP1	ENSG00000123560	CCSBVarC021860	CCSBORF4062	ENSP00000477619.1:p.Cys185Gly	553T>G	CCSBORF13548	EDA2R	-0.1601350538097117	0.881527579129854
NC_000023.11:103788478:C:G	PLP1	ENSG00000123560	CCSBVarC021863	CCSBORF4062	ENSP00000477619.1:p.Ser187Cys	560C>G	CCSBORF13548	EDA2R	0.3134856140385094	0.8844598603598697
NC_000023.11:103788483:C:T	PLP1	ENSG00000123560	CCSBVarC021869	CCSBORF4062	ENSP00000477619.1:p.Leu189Phe	565C>T	CCSBORF13548	EDA2R	-0.8803218791816	0.8860811911310428
NC_000023.11:103789344:T:G	PLP1	ENSG00000123560	CCSBVarC021872	CCSBORF4062	ENSP00000477619.1:p.Phe202Val	604T>G	CCSBORF13548	EDA2R	-0.6539063046502808	0.8849715013177425
NC_000023.11:103789372:G:C	PLP1	ENSG00000123560	CCSBVarC021883	CCSBORF4062	ENSP00000477619.1:p.Gly211Ala	632G>C	CCSBORF13548	EDA2R	-0.6009854874697809	0.8823867916372513
NC_000023.11:103785680:G:A	PLP1	ENSG00000123560	CCSBVarC021760	CCSBORF4062	ENSP00000477619.1:p.Cys35Tyr	104G>A	CCSBORF13628	KLRC1	-0.4632397590006239	0.8812955675523084
NC_000023.11:103785716:T:C	PLP1	ENSG00000123560	CCSBVarC021764	CCSBORF4062	ENSP00000477619.1:p.Ile47Thr	140T>C	CCSBORF13628	KLRC1	-1.7064445216830268	0.8995929691775348
NC_000023.11:103785745:G:T	PLP1	ENSG00000123560	CCSBVarC021767	CCSBORF4062	ENSP00000477619.1:p.Asp57Tyr	169G>T	CCSBORF13628	KLRC1	0.43368510531982585	0.8827350610248446
NC_000023.11:103785749:A:G	PLP1	ENSG00000123560	CCSBVarC021770	CCSBORF4062	ENSP00000477619.1:p.Tyr58Cys	173A>G	CCSBORF13628	KLRC1	-2.7911333304105024	0.8850120376300822
NC_000023.11:103786498:G:C	PLP1	ENSG00000123560	CCSBVarC021795	CCSBORF4062	ENSP00000477619.1:p.Ala76Pro	226G>C	CCSBORF13628	KLRC1	-1.0568045359764553	0.8871032848559212
NC_000023.11:103787894:G:A	PLP1	ENSG00000123560	CCSBVarC021839	CCSBORF4062	ENSP00000477619.1:p.Cys149Tyr	446G>A	CCSBORF13628	KLRC1	-0.9766934422029805	1.0147338631749603
NC_000023.11:103787960:T:G	PLP1	ENSG00000123560	CCSBVarC021846	CCSBORF4062	ENSP00000477619.1:p.Met171Arg	512T>G	CCSBORF13628	KLRC1	0.447678525273835	0.8794861310973062
NC_000023.11:103788447:T:C	PLP1	ENSG00000123560	CCSBVarC021851	CCSBORF4062	ENSP00000477619.1:p.Trp177Arg	529T>C	CCSBORF13628	KLRC1	-0.5080619105007212	0.8793732855990055
NC_000023.11:103788460:C:T	PLP1	ENSG00000123560	CCSBVarC021854	CCSBORF4062	ENSP00000477619.1:p.Pro181Leu	542C>T	CCSBORF13628	KLRC1	0.14060026117603347	0.880166718977106
NC_000023.11:103788463:G:A	PLP1	ENSG00000123560	CCSBVarC021857	CCSBORF4062	ENSP00000477619.1:p.Gly182Asp	545G>A	CCSBORF13628	KLRC1	0.08778715231175482	0.9707681113919013
NC_000023.11:103788471:T:G	PLP1	ENSG00000123560	CCSBVarC021860	CCSBORF4062	ENSP00000477619.1:p.Cys185Gly	553T>G	CCSBORF13628	KLRC1	-1.3455007832120838	0.940907282610351
NC_000023.11:103788478:C:G	PLP1	ENSG00000123560	CCSBVarC021863	CCSBORF4062	ENSP00000477619.1:p.Ser187Cys	560C>G	CCSBORF13628	KLRC1	0.22270843214901942	0.8820700963430457
NC_000023.11:103788483:C:T	PLP1	ENSG00000123560	CCSBVarC021869	CCSBORF4062	ENSP00000477619.1:p.Leu189Phe	565C>T	CCSBORF13628	KLRC1	-0.10107892318469763	0.8837344889608597
NC_000023.11:103789344:T:G	PLP1	ENSG00000123560	CCSBVarC021872	CCSBORF4062	ENSP00000477619.1:p.Phe202Val	604T>G	CCSBORF13628	KLRC1	1.1979511823098923	0.8851507532064261
NC_000023.11:103789372:G:C	PLP1	ENSG00000123560	CCSBVarC021883	CCSBORF4062	ENSP00000477619.1:p.Gly211Ala	632G>C	CCSBORF13628	KLRC1	-0.17365121428824637	0.878800316671993
NC_000023.11:103785680:G:A	PLP1	ENSG00000123560	CCSBVarC021760	CCSBORF4062	ENSP00000477619.1:p.Cys35Tyr	104G>A	CCSBORF5793	MS4A3	0.06914409869909788	0.8036266416003772
NC_000023.11:103785716:T:C	PLP1	ENSG00000123560	CCSBVarC021764	CCSBORF4062	ENSP00000477619.1:p.Ile47Thr	140T>C	CCSBORF5793	MS4A3	0.30958386238534963	0.818023257278413
NC_000023.11:103785745:G:T	PLP1	ENSG00000123560	CCSBVarC021767	CCSBORF4062	ENSP00000477619.1:p.Asp57Tyr	169G>T	CCSBORF5793	MS4A3	-0.051467958469603	0.8076249872295388
NC_000023.11:103785749:A:G	PLP1	ENSG00000123560	CCSBVarC021770	CCSBORF4062	ENSP00000477619.1:p.Tyr58Cys	173A>G	CCSBORF5793	MS4A3	-0.8414633344070047	0.805017692540465
NC_000023.11:103786498:G:C	PLP1	ENSG00000123560	CCSBVarC021795	CCSBORF4062	ENSP00000477619.1:p.Ala76Pro	226G>C	CCSBORF5793	MS4A3	-1.1649025777271695	0.8089778606110223
NC_000023.11:103787894:G:A	PLP1	ENSG00000123560	CCSBVarC021839	CCSBORF4062	ENSP00000477619.1:p.Cys149Tyr	446G>A	CCSBORF5793	MS4A3	0.0919064077847345	0.8093495667667148
NC_000023.11:103787960:T:G	PLP1	ENSG00000123560	CCSBVarC021846	CCSBORF4062	ENSP00000477619.1:p.Met171Arg	512T>G	CCSBORF5793	MS4A3	-0.34888747010929677	0.8035511507676305
NC_000023.11:103788447:T:C	PLP1	ENSG00000123560	CCSBVarC021851	CCSBORF4062	ENSP00000477619.1:p.Trp177Arg	529T>C	CCSBORF5793	MS4A3	-0.03397699187131725	0.8023238367599282
NC_000023.11:103788460:C:T	PLP1	ENSG00000123560	CCSBVarC021854	CCSBORF4062	ENSP00000477619.1:p.Pro181Leu	542C>T	CCSBORF5793	MS4A3	-0.7249589344553539	0.8032647538926263
NC_000023.11:103788463:G:A	PLP1	ENSG00000123560	CCSBVarC021857	CCSBORF4062	ENSP00000477619.1:p.Gly182Asp	545G>A	CCSBORF5793	MS4A3	-0.7223329976086166	0.80868039225297
NC_000023.11:103788471:T:G	PLP1	ENSG00000123560	CCSBVarC021860	CCSBORF4062	ENSP00000477619.1:p.Cys185Gly	553T>G	CCSBORF5793	MS4A3	-0.42176695126703834	0.803328673161189
NC_000023.11:103788478:C:G	PLP1	ENSG00000123560	CCSBVarC021863	CCSBORF4062	ENSP00000477619.1:p.Ser187Cys	560C>G	CCSBORF5793	MS4A3	-0.15803159553492843	0.8061144045654651
NC_000023.11:103788483:C:T	PLP1	ENSG00000123560	CCSBVarC021869	CCSBORF4062	ENSP00000477619.1:p.Leu189Phe	565C>T	CCSBORF5793	MS4A3	-0.5203641464806712	0.8060425330986939
NC_000023.11:103789344:T:G	PLP1	ENSG00000123560	CCSBVarC021872	CCSBORF4062	ENSP00000477619.1:p.Phe202Val	604T>G	CCSBORF5793	MS4A3	-0.20356069218771117	0.8070464702654404
NC_000023.11:103789372:G:C	PLP1	ENSG00000123560	CCSBVarC021883	CCSBORF4062	ENSP00000477619.1:p.Gly211Ala	632G>C	CCSBORF5793	MS4A3	0.019660574344113613	0.8034351313644557
NC_000023.11:103785680:G:A	PLP1	ENSG00000123560	CCSBVarC021760	CCSBORF4062	ENSP00000477619.1:p.Cys35Tyr	104G>A	CCSBORF7912	CALN1	-0.9521670021033417	1.0565774448855585
NC_000023.11:103785716:T:C	PLP1	ENSG00000123560	CCSBVarC021764	CCSBORF4062	ENSP00000477619.1:p.Ile47Thr	140T>C	CCSBORF7912	CALN1	-4.421697187279056	1.0802254251484618
NC_000023.11:103785745:G:T	PLP1	ENSG00000123560	CCSBVarC021767	CCSBORF4062	ENSP00000477619.1:p.Asp57Tyr	169G>T	CCSBORF7912	CALN1	0.7377406379359067	1.0511966689408572
NC_000023.11:103785749:A:G	PLP1	ENSG00000123560	CCSBVarC021770	CCSBORF4062	ENSP00000477619.1:p.Tyr58Cys	173A>G	CCSBORF7912	CALN1	1.2771299642160086	1.0482704157347895
NC_000023.11:103786498:G:C	PLP1	ENSG00000123560	CCSBVarC021795	CCSBORF4062	ENSP00000477619.1:p.Ala76Pro	226G>C	CCSBORF7912	CALN1	1.9658045629414	1.05582946652142
NC_000023.11:103787894:G:A	PLP1	ENSG00000123560	CCSBVarC021839	CCSBORF4062	ENSP00000477619.1:p.Cys149Tyr	446G>A	CCSBORF7912	CALN1	-6.974849683270028	1.113678347445559
NC_000023.11:103787960:T:G	PLP1	ENSG00000123560	CCSBVarC021846	CCSBORF4062	ENSP00000477619.1:p.Met171Arg	512T>G	CCSBORF7912	CALN1	-2.7178307416255985	1.048881798594215
NC_000023.11:103788447:T:C	PLP1	ENSG00000123560	CCSBVarC021851	CCSBORF4062	ENSP00000477619.1:p.Trp177Arg	529T>C	CCSBORF7912	CALN1	-0.6497914883722908	1.0472395367118044
NC_000023.11:103788460:C:T	PLP1	ENSG00000123560	CCSBVarC021854	CCSBORF4062	ENSP00000477619.1:p.Pro181Leu	542C>T	CCSBORF7912	CALN1	-3.668327690779704	1.0504508356149207
NC_000023.11:103788463:G:A	PLP1	ENSG00000123560	CCSBVarC021857	CCSBORF4062	ENSP00000477619.1:p.Gly182Asp	545G>A	CCSBORF7912	CALN1	-2.899934040274423	1.0701041119118007
NC_000023.11:103788471:T:G	PLP1	ENSG00000123560	CCSBVarC021860	CCSBORF4062	ENSP00000477619.1:p.Cys185Gly	553T>G	CCSBORF7912	CALN1	-5.673404525765556	1.074502941784241
NC_000023.11:103788478:C:G	PLP1	ENSG00000123560	CCSBVarC021863	CCSBORF4062	ENSP00000477619.1:p.Ser187Cys	560C>G	CCSBORF7912	CALN1	2.7487627071277143	1.0580640695149455
NC_000023.11:103788483:C:T	PLP1	ENSG00000123560	CCSBVarC021869	CCSBORF4062	ENSP00000477619.1:p.Leu189Phe	565C>T	CCSBORF7912	CALN1	-4.982526354181889	1.0881591240194393
NC_000023.11:103789344:T:G	PLP1	ENSG00000123560	CCSBVarC021872	CCSBORF4062	ENSP00000477619.1:p.Phe202Val	604T>G	CCSBORF7912	CALN1	-2.730668178030638	1.5783125204057105
NC_000023.11:103789372:G:C	PLP1	ENSG00000123560	CCSBVarC021883	CCSBORF4062	ENSP00000477619.1:p.Gly211Ala	632G>C	CCSBORF7912	CALN1	-0.25989465281090957	1.0471735104304734
NC_000023.11:103785680:G:A	PLP1	ENSG00000123560	CCSBVarC021760	CCSBORF4062	ENSP00000477619.1:p.Cys35Tyr	104G>A	CCSBORF8186	CLEC2D	0.44517497191753935	0.9416737831550568
NC_000023.11:103785716:T:C	PLP1	ENSG00000123560	CCSBVarC021764	CCSBORF4062	ENSP00000477619.1:p.Ile47Thr	140T>C	CCSBORF8186	CLEC2D	-1.0005572118227029	0.9500652476137919
NC_000023.11:103785745:G:T	PLP1	ENSG00000123560	CCSBVarC021767	CCSBORF4062	ENSP00000477619.1:p.Asp57Tyr	169G>T	CCSBORF8186	CLEC2D	1.2467100774949147	0.9402466281044367
NC_000023.11:103785749:A:G	PLP1	ENSG00000123560	CCSBVarC021770	CCSBORF4062	ENSP00000477619.1:p.Tyr58Cys	173A>G	CCSBORF8186	CLEC2D	-0.40269400704822755	0.9412140134015685
NC_000023.11:103786498:G:C	PLP1	ENSG00000123560	CCSBVarC021795	CCSBORF4062	ENSP00000477619.1:p.Ala76Pro	226G>C	CCSBORF8186	CLEC2D	-0.5527522653491255	0.9486650943898938
NC_000023.11:103787894:G:A	PLP1	ENSG00000123560	CCSBVarC021839	CCSBORF4062	ENSP00000477619.1:p.Cys149Tyr	446G>A	CCSBORF8186	CLEC2D	0.7224537298401236	0.9514947466991447
NC_000023.11:103787960:T:G	PLP1	ENSG00000123560	CCSBVarC021846	CCSBORF4062	ENSP00000477619.1:p.Met171Arg	512T>G	CCSBORF8186	CLEC2D	0.02722916861924296	0.9401033654466407
NC_000023.11:103788447:T:C	PLP1	ENSG00000123560	CCSBVarC021851	CCSBORF4062	ENSP00000477619.1:p.Trp177Arg	529T>C	CCSBORF8186	CLEC2D	0.5576842280074293	0.9389417451979862
NC_000023.11:103788460:C:T	PLP1	ENSG00000123560	CCSBVarC021854	CCSBORF4062	ENSP00000477619.1:p.Pro181Leu	542C>T	CCSBORF8186	CLEC2D	-0.20017251395652408	0.9390750529037252
NC_000023.11:103788463:G:A	PLP1	ENSG00000123560	CCSBVarC021857	CCSBORF4062	ENSP00000477619.1:p.Gly182Asp	545G>A	CCSBORF8186	CLEC2D	-2.1667572170487794	0.9557931117898768
NC_000023.11:103788471:T:G	PLP1	ENSG00000123560	CCSBVarC021860	CCSBORF4062	ENSP00000477619.1:p.Cys185Gly	553T>G	CCSBORF8186	CLEC2D	-4.6368319841105565	0.9633232117045053
NC_000023.11:103788478:C:G	PLP1	ENSG00000123560	CCSBVarC021863	CCSBORF4062	ENSP00000477619.1:p.Ser187Cys	560C>G	CCSBORF8186	CLEC2D	0.3041999497674144	0.9402578235225979
NC_000023.11:103788483:C:T	PLP1	ENSG00000123560	CCSBVarC021869	CCSBORF4062	ENSP00000477619.1:p.Leu189Phe	565C>T	CCSBORF8186	CLEC2D	0.005159464940561409	1.2539632613912282
NC_000023.11:103789344:T:G	PLP1	ENSG00000123560	CCSBVarC021872	CCSBORF4062	ENSP00000477619.1:p.Phe202Val	604T>G	CCSBORF8186	CLEC2D	0.5849691131333934	0.9433514392204044
NC_000023.11:103789372:G:C	PLP1	ENSG00000123560	CCSBVarC021883	CCSBORF4062	ENSP00000477619.1:p.Gly211Ala	632G>C	CCSBORF8186	CLEC2D	0.9620367829416303	0.9397507379033876
NC_000005.10:134205970:T:C	PPP2CA	ENSG00000113575	CCSBVarC021896	CCSBORF4071	ENSP00000418447.1:p.Asp88Gly	263A>G	CCSBORF11745	YPEL3	-0.9093824090704933	0.5801834707315194
NC_000005.10:134201953:T:C	PPP2CA	ENSG00000113575	CCSBVarC021908	CCSBORF4071	ENSP00000418447.1:p.Tyr127Cys	380A>G	CCSBORF11745	YPEL3	-0.1770747117016948	0.5747263873626409
NC_000005.10:134200350:T:C	PPP2CA	ENSG00000113575	CCSBVarC021923	CCSBORF4071	ENSP00000418447.1:p.His241Arg	722A>G	CCSBORF11745	YPEL3	-0.4967171421902298	0.5706442861537254
NC_000005.10:134200348:G:C	PPP2CA	ENSG00000113575	CCSBVarC021927	CCSBORF4071	ENSP00000418447.1:p.Gln242Glu	724C>G	CCSBORF11745	YPEL3	0.35303066738363265	0.5678012876677462
NC_000005.10:134199146:A:G	PPP2CA	ENSG00000113575	CCSBVarC020761	CCSBORF4071	ENSP00000418447.1:p.Cys266Arg	796T>C	CCSBORF11745	YPEL3	-0.7696797308349848	0.5694202884687987
NC_000005.10:134199131:T:C	PPP2CA	ENSG00000113575	CCSBVarC020763	CCSBORF4071	ENSP00000418447.1:p.Asn271Asp	811A>G	CCSBORF11745	YPEL3	0.415682790654251	0.5738888984957082
NC_000018.10:35070274:A:G	MAPRE2	ENSG00000166974	CCSBVarC022225	CCSBORF4499	ENSP00000300249.4:p.Asn68Ser	203A>G	CCSBORF1136	LMO2	0.4572724870838316	0.6175733358238951
NC_000018.10:35097454:A:G	MAPRE2	ENSG00000166974	CCSBVarC022227	CCSBORF4499	ENSP00000300249.4:p.Tyr87Cys	260A>G	CCSBORF1136	LMO2	0.2478196869031713	0.6104245643611113
NC_000018.10:35097574:G:A	MAPRE2	ENSG00000166974	CCSBVarC022230	CCSBORF4499	ENSP00000300249.4:p.Arg127Gln	380G>A	CCSBORF1136	LMO2	0.08960211361982709	0.6110035009839834
NC_000018.10:35101975:C:T	MAPRE2	ENSG00000166974	CCSBVarC022232	CCSBORF4499	ENSP00000300249.4:p.Arg143Cys	427C>T	CCSBORF1136	LMO2	-0.07392030677109927	0.6203227915471945
NC_000018.10:35102066:G:A	MAPRE2	ENSG00000166974	CCSBVarC022234	CCSBORF4499	ENSP00000300249.4:p.Arg173Gln	518G>A	CCSBORF1136	LMO2	0.7401458233158869	0.6120858650270395
NC_000018.10:35140310:A:C	MAPRE2	ENSG00000166974	CCSBVarC022236	CCSBORF4499	ENSP00000300249.4:p.Glu309Ala	926A>C	CCSBORF1136	LMO2	-0.02443256603802059	0.6126540391716313
NC_000018.10:35070274:A:G	MAPRE2	ENSG00000166974	CCSBVarC022225	CCSBORF4499	ENSP00000300249.4:p.Asn68Ser	203A>G	CCSBORF11411	RBM6	-0.3867075572044672	0.3490826235650308
NC_000018.10:35097454:A:G	MAPRE2	ENSG00000166974	CCSBVarC022227	CCSBORF4499	ENSP00000300249.4:p.Tyr87Cys	260A>G	CCSBORF11411	RBM6	-0.5144758234734155	0.3186756864696048
NC_000018.10:35097574:G:A	MAPRE2	ENSG00000166974	CCSBVarC022230	CCSBORF4499	ENSP00000300249.4:p.Arg127Gln	380G>A	CCSBORF11411	RBM6	-0.9117972612574127	0.32116408089193244
NC_000018.10:35101975:C:T	MAPRE2	ENSG00000166974	CCSBVarC022232	CCSBORF4499	ENSP00000300249.4:p.Arg143Cys	427C>T	CCSBORF11411	RBM6	0.7608927335835397	0.37297823209407793
NC_000018.10:35102066:G:A	MAPRE2	ENSG00000166974	CCSBVarC022234	CCSBORF4499	ENSP00000300249.4:p.Arg173Gln	518G>A	CCSBORF11411	RBM6	-1.1311725223825155	0.3232552416159716
NC_000018.10:35140310:A:C	MAPRE2	ENSG00000166974	CCSBVarC022236	CCSBORF4499	ENSP00000300249.4:p.Glu309Ala	926A>C	CCSBORF11411	RBM6	-0.23871597544350784	0.3250763685698815
NC_000005.10:917097:A:G	TRIP13	ENSG00000071539	CCSBVarC021338	CCSBORF4664	ENSP00000166345.3:p.Ile432Val	1294A>G	CCSBORF11699	CEP170B	-1.3287484726249108	0.2300114690302895
NC_000005.10:896682:T:C	TRIP13	ENSG00000071539	CCSBVarC021324	CCSBORF4664	ENSP00000166345.3:p.Cys93Arg	277T>C	CCSBORF11699	CEP170B	-0.23742044291287234	0.21929383218564466
NC_000005.10:901413:G:A	TRIP13	ENSG00000071539	CCSBVarC021327	CCSBORF4664	ENSP00000166345.3:p.Arg173Gln	518G>A	CCSBORF11699	CEP170B	-1.2060311339647651	0.2132987234375108
NC_000005.10:904203:A:G	TRIP13	ENSG00000071539	CCSBVarC021330	CCSBORF4664	ENSP00000166345.3:p.Ile198Val	592A>G	CCSBORF11699	CEP170B	0.36360631098981133	0.22361803935385863
NC_000005.10:907134:G:A	TRIP13	ENSG00000071539	CCSBVarC021332	CCSBORF4664	ENSP00000166345.3:p.Arg205Gln	614G>A	CCSBORF11699	CEP170B	-0.5352557814840548	0.21026766098065322
NC_000005.10:893074:A:G	TRIP13	ENSG00000071539	CCSBVarC021320	CCSBORF4664	ENSP00000166345.3:p.His26Arg	77A>G	CCSBORF11699	CEP170B	1.4384727725302244	0.20156146406795308
NC_000005.10:917097:A:G	TRIP13	ENSG00000071539	CCSBVarC021338	CCSBORF4664	ENSP00000166345.3:p.Ile432Val	1294A>G	CCSBORF4664	TRIP13	-0.004013136623757407	1.470018150009365
NC_000005.10:896682:T:C	TRIP13	ENSG00000071539	CCSBVarC021324	CCSBORF4664	ENSP00000166345.3:p.Cys93Arg	277T>C	CCSBORF4664	TRIP13	-0.6728748874394117	1.470357985230877
NC_000005.10:901413:G:A	TRIP13	ENSG00000071539	CCSBVarC021327	CCSBORF4664	ENSP00000166345.3:p.Arg173Gln	518G>A	CCSBORF4664	TRIP13	-0.42571334789084725	1.469384014811561
NC_000005.10:904203:A:G	TRIP13	ENSG00000071539	CCSBVarC021330	CCSBORF4664	ENSP00000166345.3:p.Ile198Val	592A>G	CCSBORF4664	TRIP13	-1.622686420636433	1.471327028213509
NC_000005.10:907134:G:A	TRIP13	ENSG00000071539	CCSBVarC021332	CCSBORF4664	ENSP00000166345.3:p.Arg205Gln	614G>A	CCSBORF4664	TRIP13	-0.9451526643713043	1.6352708266583789
NC_000005.10:893074:A:G	TRIP13	ENSG00000071539	CCSBVarC021320	CCSBORF4664	ENSP00000166345.3:p.His26Arg	77A>G	CCSBORF4664	TRIP13	0.06199365375913446	1.468744458484693
NC_000023.11:49251733:G:A	FOXP3	ENSG00000049768	CCSBVarC012504	CCSBORF53657	ENSP00000365380.4:p.Thr359Ile	1076C>T	CCSBORF100014733	KRTAP6-2	-1.4345095349483201	0.5357764511310616
NC_000023.11:49251701:T:C	FOXP3	ENSG00000049768	CCSBVarC012500	CCSBORF53657	ENSP00000365380.4:p.Met370Val	1108A>G	CCSBORF100014733	KRTAP6-2	-1.9635169269533201	0.535528341437174
NC_000023.11:49251699:C:T	FOXP3	ENSG00000049768	CCSBVarC032483	CCSBORF53657	ENSP00000365380.4:p.Met370Ile	1110G>A	CCSBORF100014733	KRTAP6-2	-1.1654445913482179	0.543834467739881
NC_000023.11:49251440:G:A	FOXP3	ENSG00000049768	CCSBVarC012473	CCSBORF53657	ENSP00000365380.4:p.Arg397Trp	1189C>T	CCSBORF100014733	KRTAP6-2	-0.9150218556572457	0.5228006375958949
NC_000023.11:49251388:C:T	FOXP3	ENSG00000049768	CCSBVarC013246	CCSBORF53657	ENSP00000365380.4:p.Arg414His	1241G>A	CCSBORF100014733	KRTAP6-2	-0.46655802077848874	0.5346234567212831
NC_000023.11:49251352:T:C	FOXP3	ENSG00000049768	CCSBVarC032494	CCSBORF53657	ENSP00000365380.4:p.Asn426Ser	1277A>G	CCSBORF100014733	KRTAP6-2	-0.3054393175906935	0.5334504212598649
NC_000023.11:49258485:C:G	FOXP3	ENSG00000049768	CCSBVarC032441	CCSBORF53657	ENSP00000365380.4:p.Gly7Ala	20G>C	CCSBORF100014733	KRTAP6-2	-0.3526143115339405	0.5400787246558028
NC_000023.11:49257528:G:C	FOXP3	ENSG00000049768	CCSBVarC032462	CCSBORF53657	ENSP00000365380.4:p.Leu118Val	352C>G	CCSBORF100014733	KRTAP6-2	-0.3012139737103633	0.5988285156659441
NC_000023.11:49253199:A:G	FOXP3	ENSG00000049768	CCSBVarC012461	CCSBORF53657	ENSP00000365380.4:p.Phe324Leu	970T>C	CCSBORF100014733	KRTAP6-2	0.11376547448343546	0.5331512726957033
NC_000023.11:49253185:C:T	FOXP3	ENSG00000049768	CCSBVarC032480	CCSBORF53657	ENSP00000365380.4:p.Met328Ile	984G>A	CCSBORF100014733	KRTAP6-2	-1.0775593546758155	0.5297509111541511
NC_000019.10:54129184:G:T	PRPF31	ENSG00000105618	CCSBVarC030472	CCSBORF54082	ENSP00000324122.4:p.Gln425His	1275G>T	CCSBORF52785	USH1G	-3.2567715340007135	0.6433909488273384
NC_000019.10:54122593:G:C	PRPF31	ENSG00000105618	CCSBVarC030428	CCSBORF54082	ENSP00000324122.4:p.Lys140Asn	420G>C	CCSBORF52785	USH1G	0.23538512528581595	0.4677652936191727
NC_000019.10:54123902:G:C	PRPF31	ENSG00000105618	CCSBVarC030433	CCSBORF54082	ENSP00000324122.4:p.Ala228Pro	682G>C	CCSBORF52785	USH1G	-1.865340036012055	0.470149753592414
NC_000019.10:54124557:G:A	PRPF31	ENSG00000105618	CCSBVarC030455	CCSBORF54082	ENSP00000324122.4:p.Gly253Arg	757G>A	CCSBORF52785	USH1G	0.5269923153045466	0.47627345669915505
NC_000019.10:54124564:A:T	PRPF31	ENSG00000105618	CCSBVarC030458	CCSBORF54082	ENSP00000324122.4:p.Gln255Leu	764A>T	CCSBORF52785	USH1G	-0.23884967919770905	0.47139636665570017
NC_000019.10:54124621:T:C	PRPF31	ENSG00000105618	CCSBVarC030461	CCSBORF54082	ENSP00000324122.4:p.Ile274Thr	821T>C	CCSBORF52785	USH1G	-0.3673970530662701	0.4701568054648764
NC_000019.10:54126581:C:T	PRPF31	ENSG00000105618	CCSBVarC030470	CCSBORF54082	ENSP00000324122.4:p.Arg304Cys	910C>T	CCSBORF52785	USH1G	0.43619975576838477	0.467683070027535
NC_000019.10:54129184:G:T	PRPF31	ENSG00000105618	CCSBVarC030472	CCSBORF54082	ENSP00000324122.4:p.Gln425His	1275G>T	CCSBORF54354	KRTAP4-11	-3.4908215560913316	0.30638438302127796
NC_000019.10:54122593:G:C	PRPF31	ENSG00000105618	CCSBVarC030428	CCSBORF54082	ENSP00000324122.4:p.Lys140Asn	420G>C	CCSBORF54354	KRTAP4-11	-0.07528338243448454	0.21120666055045517
NC_000019.10:54123902:G:C	PRPF31	ENSG00000105618	CCSBVarC030433	CCSBORF54082	ENSP00000324122.4:p.Ala228Pro	682G>C	CCSBORF54354	KRTAP4-11	-2.982884785602322	0.22526461357956717
NC_000019.10:54124557:G:A	PRPF31	ENSG00000105618	CCSBVarC030455	CCSBORF54082	ENSP00000324122.4:p.Gly253Arg	757G>A	CCSBORF54354	KRTAP4-11	-0.7059137767576695	0.22937423479169855
NC_000019.10:54124564:A:T	PRPF31	ENSG00000105618	CCSBVarC030458	CCSBORF54082	ENSP00000324122.4:p.Gln255Leu	764A>T	CCSBORF54354	KRTAP4-11	0.14823977901290655	0.21661591656915136
NC_000019.10:54124621:T:C	PRPF31	ENSG00000105618	CCSBVarC030461	CCSBORF54082	ENSP00000324122.4:p.Ile274Thr	821T>C	CCSBORF54354	KRTAP4-11	-2.4887849213623734	0.22882279695003271
NC_000019.10:54126581:C:T	PRPF31	ENSG00000105618	CCSBVarC030470	CCSBORF54082	ENSP00000324122.4:p.Arg304Cys	910C>T	CCSBORF54354	KRTAP4-11	0.22824464787779303	0.212962642613944
NC_000020.11:62475289:C:T	GATA5	ENSG00000130700	CCSBVarC030508	CCSBORF54097	ENSP00000252997.2:p.Gly78Ser	232G>A	CCSBORF2704	PPARG	-0.09683689405627965	0.5770777856354171
NC_000020.11:62475234:G:C	GATA5	ENSG00000130700	CCSBVarC030511	CCSBORF54097	ENSP00000252997.2:p.Ala96Gly	287C>G	CCSBORF2704	PPARG	-0.005150987557147851	0.5828008348523287
NC_000020.11:62475475:A:C	GATA5	ENSG00000130700	CCSBVarC030477	CCSBORF54097	ENSP00000252997.2:p.Tyr16Asp	46T>G	CCSBORF2704	PPARG	-0.886303527881722	0.6041161529501841
NC_000020.11:62475025:C:T	GATA5	ENSG00000130700	CCSBVarC030521	CCSBORF54097	ENSP00000252997.2:p.Gly166Ser	496G>A	CCSBORF2704	PPARG	-0.06021894841682232	0.5606563342016857
NC_000020.11:62473532:A:G	GATA5	ENSG00000130700	CCSBVarC030527	CCSBORF54097	ENSP00000252997.2:p.Val190Ala	569T>C	CCSBORF2704	PPARG	0.16272130086168868	0.5559051735067632
NC_000020.11:62475465:G:C	GATA5	ENSG00000130700	CCSBVarC030502	CCSBORF54097	ENSP00000252997.2:p.Ser19Trp	56C>G	CCSBORF2704	PPARG	-0.44861120132056864	0.5609109047709363
NC_000020.11:62473506:G:C	GATA5	ENSG00000130700	CCSBVarC030530	CCSBORF54097	ENSP00000252997.2:p.Leu199Val	595C>G	CCSBORF2704	PPARG	-0.4536491378780893	0.5737285940453889
NC_000020.11:62473503:A:C	GATA5	ENSG00000130700	CCSBVarC030545	CCSBORF54097	ENSP00000252997.2:p.Trp200Gly	598T>G	CCSBORF2704	PPARG	-0.4499169394148227	0.5598777858914578
NC_000020.11:62473403:A:G	GATA5	ENSG00000130700	CCSBVarC030551	CCSBORF54097	ENSP00000252997.2:p.Leu233Pro	698T>C	CCSBORF2704	PPARG	0.6253999390270805	0.5710199698243149
NC_000020.11:62465401:T:C	GATA5	ENSG00000130700	CCSBVarC030554	CCSBORF54097	ENSP00000252997.2:p.Thr326Ala	976A>G	CCSBORF2704	PPARG	-0.026924624041051188	0.5558863033036191
NC_000014.9:60648998:C:T	SIX1	ENSG00000126778	CCSBVarC022510	CCSBORF5442	ENSP00000494686.1:p.Arg64His	191G>A	CCSBORF4872	EYA2	NULL	NULL
NC_000014.9:60648860:C:A	SIX1	ENSG00000126778	CCSBVarC022519	CCSBORF5442	ENSP00000494686.1:p.Arg110Leu	329G>T	CCSBORF4872	EYA2	-0.9268457131007044	0.4386140641125018
NC_000014.9:60648825:A:T	SIX1	ENSG00000126778	CCSBVarC022522	CCSBORF5442	ENSP00000494686.1:p.Trp122Arg	364T>A	CCSBORF4872	EYA2	0.5934394294938194	0.43713164447310104
NC_000014.9:60648816:C:T	SIX1	ENSG00000126778	CCSBVarC022526	CCSBORF5442	ENSP00000494686.1:p.Glu125Lys	373G>A	CCSBORF4872	EYA2	0.44946929534650043	0.4360842038173245
NC_000014.9:60648803:T:G	SIX1	ENSG00000126778	CCSBVarC022539	CCSBORF5442	ENSP00000494686.1:p.Tyr129Ser	386A>C	CCSBORF4872	EYA2	0.46692849658572677	0.49800007521938594
NC_000014.9:60648793:C:G	SIX1	ENSG00000126778	CCSBVarC022555	CCSBORF5442	ENSP00000494686.1:p.Lys132Asn	396G>C	CCSBORF4872	EYA2	-0.5173684276601	0.8432414061697613
NC_000014.9:60648773:A:C	SIX1	ENSG00000126778	CCSBVarC022557	CCSBORF5442	ENSP00000494686.1:p.Leu139Arg	416T>G	CCSBORF4872	EYA2	-1.2944595383766133	0.4436215690052604
NC_000014.9:60648688:C:G	SIX1	ENSG00000126778	CCSBVarC022564	CCSBORF5442	ENSP00000494686.1:p.Gln167His	501G>C	CCSBORF4872	EYA2	-0.6407682482205984	0.6907497011419816
NC_000014.9:60648679:G:C	SIX1	ENSG00000126778	CCSBVarC022566	CCSBORF5442	ENSP00000494686.1:p.Asn170Lys	510C>G	CCSBORF4872	EYA2	-0.7806701816186065	0.43959591554064475
NC_000014.9:60646559:T:A	SIX1	ENSG00000126778	CCSBVarC022569	CCSBORF5442	ENSP00000494686.1:p.Asn193Ile	578A>T	CCSBORF4872	EYA2	0.0827479756980555	0.4653756895809895
NC_000014.9:60646432:C:A	SIX1	ENSG00000126778	CCSBVarC022573	CCSBORF5442	ENSP00000494686.1:p.Gln235His	705G>T	CCSBORF4872	EYA2	-0.30392278559986774	0.43254529677265274
NC_000014.9:60646391:G:T	SIX1	ENSG00000126778	CCSBVarC022576	CCSBORF5442	ENSP00000494686.1:p.Pro249Gln	746C>A	CCSBORF4872	EYA2	-0.22010279946189398	0.43154705398603754
NC_000014.9:60646391:G:A	SIX1	ENSG00000126778	CCSBVarC022579	CCSBORF5442	ENSP00000494686.1:p.Pro249Leu	746C>T	CCSBORF4872	EYA2	-1.3209050138597882	0.5653768496185291
NC_000014.9:60648998:C:T	SIX1	ENSG00000126778	CCSBVarC022510	CCSBORF5442	ENSP00000494686.1:p.Arg64His	191G>A	CCSBORF55969	H2AP	-0.5126423396239221	0.8627474603373446
NC_000014.9:60648860:C:A	SIX1	ENSG00000126778	CCSBVarC022519	CCSBORF5442	ENSP00000494686.1:p.Arg110Leu	329G>T	CCSBORF55969	H2AP	-3.7785319108799156	0.8725884425978971
NC_000014.9:60648825:A:T	SIX1	ENSG00000126778	CCSBVarC022522	CCSBORF5442	ENSP00000494686.1:p.Trp122Arg	364T>A	CCSBORF55969	H2AP	-0.49424997002786664	0.8560924452627398
NC_000014.9:60648816:C:T	SIX1	ENSG00000126778	CCSBVarC022526	CCSBORF5442	ENSP00000494686.1:p.Glu125Lys	373G>A	CCSBORF55969	H2AP	-0.17628959690027915	0.8554067182799809
NC_000014.9:60648803:T:G	SIX1	ENSG00000126778	CCSBVarC022539	CCSBORF5442	ENSP00000494686.1:p.Tyr129Ser	386A>C	CCSBORF55969	H2AP	0.0959442467253715	0.8534838723558712
NC_000014.9:60648793:C:G	SIX1	ENSG00000126778	CCSBVarC022555	CCSBORF5442	ENSP00000494686.1:p.Lys132Asn	396G>C	CCSBORF55969	H2AP	0.8021253339398904	0.863563368217539
NC_000014.9:60648773:A:C	SIX1	ENSG00000126778	CCSBVarC022557	CCSBORF5442	ENSP00000494686.1:p.Leu139Arg	416T>G	CCSBORF55969	H2AP	-5.331336371816175	0.9148392979222039
NC_000014.9:60648688:C:G	SIX1	ENSG00000126778	CCSBVarC022564	CCSBORF5442	ENSP00000494686.1:p.Gln167His	501G>C	CCSBORF55969	H2AP	-3.776969557274101	0.8773041669575643
NC_000014.9:60648679:G:C	SIX1	ENSG00000126778	CCSBVarC022566	CCSBORF5442	ENSP00000494686.1:p.Asn170Lys	510C>G	CCSBORF55969	H2AP	-3.32566344125663	1.7401193690130425
NC_000014.9:60646559:T:A	SIX1	ENSG00000126778	CCSBVarC022569	CCSBORF5442	ENSP00000494686.1:p.Asn193Ile	578A>T	CCSBORF55969	H2AP	0.22030273260939928	0.8556512483663221
NC_000014.9:60646432:C:A	SIX1	ENSG00000126778	CCSBVarC022573	CCSBORF5442	ENSP00000494686.1:p.Gln235His	705G>T	CCSBORF55969	H2AP	-0.16453617824944666	0.8529875272753258
NC_000014.9:60646391:G:T	SIX1	ENSG00000126778	CCSBVarC022576	CCSBORF5442	ENSP00000494686.1:p.Pro249Gln	746C>A	CCSBORF55969	H2AP	0.24649388837637798	0.852257066474239
NC_000014.9:60646391:G:A	SIX1	ENSG00000126778	CCSBVarC022579	CCSBORF5442	ENSP00000494686.1:p.Pro249Leu	746C>T	CCSBORF55969	H2AP	-2.5336144271790575	0.8799333748250752
NC_000003.12:49057443:C:A	QRICH1	ENSG00000198218	CCSBVarC031037	CCSBORF54736	ENSP00000378830.2:p.Met252Ile	756G>T	CCSBORF5231	LASP1	1.1185911516611746	0.8310962554264288
NC_000003.12:49057348:G:A	QRICH1	ENSG00000198218	CCSBVarC031040	CCSBORF54736	ENSP00000378830.2:p.Pro284Leu	851C>T	CCSBORF5231	LASP1	-4.41330795515619	0.8407545397187732
NC_000003.12:49057443:C:A	QRICH1	ENSG00000198218	CCSBVarC031037	CCSBORF54736	ENSP00000378830.2:p.Met252Ile	756G>T	CCSBORF54139	SELENOV	0.4153277417635879	0.5722260025568189
NC_000003.12:49057348:G:A	QRICH1	ENSG00000198218	CCSBVarC031040	CCSBORF54736	ENSP00000378830.2:p.Pro284Leu	851C>T	CCSBORF54139	SELENOV	-4.8291328334631665	0.5837416054783023
NC_000003.12:49057443:C:A	QRICH1	ENSG00000198218	CCSBVarC031037	CCSBORF54736	ENSP00000378830.2:p.Met252Ile	756G>T	CCSBORF6724	KLHDC7B	0.9276424641128882	0.7925406496592053
NC_000003.12:49057348:G:A	QRICH1	ENSG00000198218	CCSBVarC031040	CCSBORF54736	ENSP00000378830.2:p.Pro284Leu	851C>T	CCSBORF6724	KLHDC7B	-4.4152853284337485	0.796673321725452
NC_000023.11:101413278:A:G	HNRNPH2	ENSG00000126945	CCSBVarC031077	CCSBORF54741	ENSP00000361927.2:p.Ser431Gly	1291A>G	CCSBORF172	CCNK	-0.8919240617145996	0.33998913157021793
NC_000023.11:101412327:C:T	HNRNPH2	ENSG00000126945	CCSBVarC031060	CCSBORF54741	ENSP00000361927.2:p.Arg114Trp	340C>T	CCSBORF172	CCNK	-0.7492878002882424	0.3290360594381908
NC_000023.11:101412603:C:T	HNRNPH2	ENSG00000126945	CCSBVarC031062	CCSBORF54741	ENSP00000361927.2:p.Arg206Trp	616C>T	CCSBORF172	CCNK	-0.49031073457942154	0.3278008742779961
NC_000023.11:101412604:G:A	HNRNPH2	ENSG00000126945	CCSBVarC031065	CCSBORF54741	ENSP00000361927.2:p.Arg206Gln	617G>A	CCSBORF172	CCNK	-0.4658220537267407	0.3296170979645265
NC_000023.11:101412613:C:T	HNRNPH2	ENSG00000126945	CCSBVarC031068	CCSBORF54741	ENSP00000361927.2:p.Pro209Leu	626C>T	CCSBORF172	CCNK	-0.3882196117926028	0.40818775640472327
NC_000023.11:101412616:A:G	HNRNPH2	ENSG00000126945	CCSBVarC031071	CCSBORF54741	ENSP00000361927.2:p.Tyr210Cys	629A>G	CCSBORF172	CCNK	-0.6471022203042903	0.3487972730311088
NC_000023.11:101412623:G:T	HNRNPH2	ENSG00000126945	CCSBVarC031075	CCSBORF54741	ENSP00000361927.2:p.Arg212Ser	636G>T	CCSBORF172	CCNK	-0.34336184505422873	0.32790123445183544
NC_000023.11:101412756:T:A	HNRNPH2	ENSG00000126945	CCSBVarC031076	CCSBORF54741	ENSP00000361927.2:p.Ser257Thr	769T>A	CCSBORF172	CCNK	-0.6255883790783917	0.3424398775643644
NC_000012.12:94368131:T:A	CEP83	ENSG00000173588	CCSBVarC032209	CCSBORF56645	ENSP00000447783.1:p.Asp340Val	1019A>T	CCSBORF56645	CEP83	-0.4236492505754215	0.4265425414620111
NC_000012.12:94367904:A:G	CEP83	ENSG00000173588	CCSBVarC032211	CCSBORF56645	ENSP00000447783.1:p.Met378Thr	1133T>C	CCSBORF56645	CEP83	0.12340163916053938	0.37715479992981044
NC_000012.12:94333631:C:A	CEP83	ENSG00000173588	CCSBVarC032213	CCSBORF56645	ENSP00000447783.1:p.Ser443Ile	1328G>T	CCSBORF56645	CEP83	0.27442930470726057	0.9287066567698697
NC_000012.12:94333585:G:C	CEP83	ENSG00000173588	CCSBVarC032214	CCSBORF56645	ENSP00000447783.1:p.Asp458Glu	1374C>G	CCSBORF56645	CEP83	-0.4875449435397957	0.45805104489217885
NC_000012.12:94333526:C:G	CEP83	ENSG00000173588	CCSBVarC032215	CCSBORF56645	ENSP00000447783.1:p.Arg478Pro	1433G>C	CCSBORF56645	CEP83	0.2200088322271469	0.48151755358948817
NC_000012.12:94331772:C:T	CEP83	ENSG00000173588	CCSBVarC032217	CCSBORF56645	ENSP00000447783.1:p.Arg512His	1535G>A	CCSBORF56645	CEP83	-0.7007065253027416	0.4286405474043346
NC_000012.12:94403176:A:G	CEP83	ENSG00000173588	CCSBVarC032199	CCSBORF56645	ENSP00000447783.1:p.Leu104Pro	311T>C	CCSBORF56645	CEP83	-0.05106981419818858	0.48318691666596264
NC_000012.12:94378965:C:T	CEP83	ENSG00000173588	CCSBVarC032203	CCSBORF56645	ENSP00000447783.1:p.Arg176Gln	527G>A	CCSBORF56645	CEP83	0.6896083688074461	0.3770838082557895
NC_000012.12:94375992:G:A	CEP83	ENSG00000173588	CCSBVarC032205	CCSBORF56645	ENSP00000447783.1:p.Arg243Trp	727C>T	CCSBORF56645	CEP83	-0.3038694532587497	0.47526639104193097
NC_000012.12:94375983:G:A	CEP83	ENSG00000173588	CCSBVarC032207	CCSBORF56645	ENSP00000447783.1:p.Arg246Cys	736C>T	CCSBORF56645	CEP83	-0.557889969227826	0.48821512189745214
NC_000001.11:154176220:G:C	TPM3	ENSG00000143549	CCSBVarC023397	CCSBORF5712	ENSP00000498577.1:p.Arg91Gly	271C>G	CCSBORF209	OIP5	-0.2966703315510564	0.5979225043173274
NC_000001.11:154176220:G:A	TPM3	ENSG00000143549	CCSBVarC023399	CCSBORF5712	ENSP00000498577.1:p.Arg91Cys	271C>T	CCSBORF209	OIP5	0.09646469214465331	0.6787154348318816
NC_000001.11:154176219:C:T	TPM3	ENSG00000143549	CCSBVarC023401	CCSBORF5712	ENSP00000498577.1:p.Arg91His	272G>A	CCSBORF209	OIP5	0.5152379969186782	0.58626245397342
NC_000001.11:154191975:C:T	TPM3	ENSG00000143549	CCSBVarC023387	CCSBORF5712	ENSP00000498577.1:p.Asp15Asn	43G>A	CCSBORF209	OIP5	-0.1444108303345154	0.5960648032483526
NC_000001.11:154191975:C:G	TPM3	ENSG00000143549	CCSBVarC023390	CCSBORF5712	ENSP00000498577.1:p.Asp15His	43G>C	CCSBORF209	OIP5	-0.16876302762367576	0.5885127789333868
NC_000001.11:154173133:G:T	TPM3	ENSG00000143549	CCSBVarC023412	CCSBORF5712	ENSP00000498577.1:p.Leu149Ile	445C>A	CCSBORF209	OIP5	0.05869033802884757	0.5877204405082014
NC_000001.11:154173123:G:A	TPM3	ENSG00000143549	CCSBVarC023416	CCSBORF5712	ENSP00000498577.1:p.Ala152Val	455C>T	CCSBORF209	OIP5	-0.6804596116450593	1.1483043709547096
NC_000001.11:154172970:C:T	TPM3	ENSG00000143549	CCSBVarC023422	CCSBORF5712	ENSP00000498577.1:p.Arg168His	503G>A	CCSBORF209	OIP5	NULL	NULL
NC_000001.11:154170416:G:T	TPM3	ENSG00000143549	CCSBVarC023430	CCSBORF5712	ENSP00000498577.1:p.Thr253Lys	758C>A	CCSBORF209	OIP5	-2.705200552707106	0.5941289753363347
NC_000001.11:154192011:C:G	TPM3	ENSG00000143549	CCSBVarC023385	CCSBORF5712	ENSP00000498577.1:p.Glu3Gln	7G>C	CCSBORF209	OIP5	-0.4995539477305961	0.5866685773021558
NC_000001.11:154191926:T:G	TPM3	ENSG00000143549	CCSBVarC023395	CCSBORF5712	ENSP00000498577.1:p.Lys31Thr	92A>C	CCSBORF209	OIP5	-1.2244457936705395	0.7021597693349075
NC_000001.11:154176220:G:C	TPM3	ENSG00000143549	CCSBVarC023397	CCSBORF5712	ENSP00000498577.1:p.Arg91Gly	271C>G	CCSBORF4255	TFPT	0.010454173934607326	0.2685109328114421
NC_000001.11:154176220:G:A	TPM3	ENSG00000143549	CCSBVarC023399	CCSBORF5712	ENSP00000498577.1:p.Arg91Cys	271C>T	CCSBORF4255	TFPT	-0.05797076637570643	0.27632861828001754
NC_000001.11:154176219:C:T	TPM3	ENSG00000143549	CCSBVarC023401	CCSBORF5712	ENSP00000498577.1:p.Arg91His	272G>A	CCSBORF4255	TFPT	0.09131208244585355	0.2562734184886126
NC_000001.11:154191975:C:T	TPM3	ENSG00000143549	CCSBVarC023387	CCSBORF5712	ENSP00000498577.1:p.Asp15Asn	43G>A	CCSBORF4255	TFPT	-0.5098195536682991	0.28691400261729305
NC_000001.11:154191975:C:G	TPM3	ENSG00000143549	CCSBVarC023390	CCSBORF5712	ENSP00000498577.1:p.Asp15His	43G>C	CCSBORF4255	TFPT	-0.12987784820296092	0.3342373452562254
NC_000001.11:154173133:G:T	TPM3	ENSG00000143549	CCSBVarC023412	CCSBORF5712	ENSP00000498577.1:p.Leu149Ile	445C>A	CCSBORF4255	TFPT	-0.041063766152341724	0.2604904640159139
NC_000001.11:154173123:G:A	TPM3	ENSG00000143549	CCSBVarC023416	CCSBORF5712	ENSP00000498577.1:p.Ala152Val	455C>T	CCSBORF4255	TFPT	0.2056492398560403	0.256466195680596
NC_000001.11:154172970:C:T	TPM3	ENSG00000143549	CCSBVarC023422	CCSBORF5712	ENSP00000498577.1:p.Arg168His	503G>A	CCSBORF4255	TFPT	-0.15856098687241535	0.33406078776288956
NC_000001.11:154170416:G:T	TPM3	ENSG00000143549	CCSBVarC023430	CCSBORF5712	ENSP00000498577.1:p.Thr253Lys	758C>A	CCSBORF4255	TFPT	0.12786434239354036	0.26631935522411065
NC_000001.11:154192011:C:G	TPM3	ENSG00000143549	CCSBVarC023385	CCSBORF5712	ENSP00000498577.1:p.Glu3Gln	7G>C	CCSBORF4255	TFPT	0.0844406816707578	0.26923902005111505
NC_000001.11:154191926:T:G	TPM3	ENSG00000143549	CCSBVarC023395	CCSBORF5712	ENSP00000498577.1:p.Lys31Thr	92A>C	CCSBORF4255	TFPT	-0.36177463858194325	0.2575676416523474
NC_000001.11:154176220:G:C	TPM3	ENSG00000143549	CCSBVarC023397	CCSBORF5712	ENSP00000498577.1:p.Arg91Gly	271C>G	CCSBORF55939	FAM9C	-0.31230390189540413	0.6942665714370035
NC_000001.11:154176220:G:A	TPM3	ENSG00000143549	CCSBVarC023399	CCSBORF5712	ENSP00000498577.1:p.Arg91Cys	271C>T	CCSBORF55939	FAM9C	-0.07082537136771222	0.5454955312613584
NC_000001.11:154176219:C:T	TPM3	ENSG00000143549	CCSBVarC023401	CCSBORF5712	ENSP00000498577.1:p.Arg91His	272G>A	CCSBORF55939	FAM9C	0.20311008976814193	0.49206094604851636
NC_000001.11:154191975:C:T	TPM3	ENSG00000143549	CCSBVarC023387	CCSBORF5712	ENSP00000498577.1:p.Asp15Asn	43G>A	CCSBORF55939	FAM9C	0.043654841718435755	0.8068625341349941
NC_000001.11:154191975:C:G	TPM3	ENSG00000143549	CCSBVarC023390	CCSBORF5712	ENSP00000498577.1:p.Asp15His	43G>C	CCSBORF55939	FAM9C	0.46785404194695046	0.49613557175270506
NC_000001.11:154173133:G:T	TPM3	ENSG00000143549	CCSBVarC023412	CCSBORF5712	ENSP00000498577.1:p.Leu149Ile	445C>A	CCSBORF55939	FAM9C	0.05996069380784802	0.49369757108075085
NC_000001.11:154173123:G:A	TPM3	ENSG00000143549	CCSBVarC023416	CCSBORF5712	ENSP00000498577.1:p.Ala152Val	455C>T	CCSBORF55939	FAM9C	-0.6164220686572552	0.4918791277044101
NC_000001.11:154172970:C:T	TPM3	ENSG00000143549	CCSBVarC023422	CCSBORF5712	ENSP00000498577.1:p.Arg168His	503G>A	CCSBORF55939	FAM9C	1.189133788469671	1.1516618918285837
NC_000001.11:154170416:G:T	TPM3	ENSG00000143549	CCSBVarC023430	CCSBORF5712	ENSP00000498577.1:p.Thr253Lys	758C>A	CCSBORF55939	FAM9C	-0.2519965454718875	0.5006920290855902
NC_000001.11:154192011:C:G	TPM3	ENSG00000143549	CCSBVarC023385	CCSBORF5712	ENSP00000498577.1:p.Glu3Gln	7G>C	CCSBORF55939	FAM9C	0.18679016658458358	0.49233411011153577
NC_000001.11:154191926:T:G	TPM3	ENSG00000143549	CCSBVarC023395	CCSBORF5712	ENSP00000498577.1:p.Lys31Thr	92A>C	CCSBORF55939	FAM9C	-0.017979738221229218	0.49160009915083974
NC_000002.12:218580671:C:G	CNOT9	ENSG00000144580	CCSBVarC022658	CCSBORF5738	ENSP00000295701.5:p.Arg46Gly	136C>G	CCSBORF6876	GADD45A	0.9451357803500733	0.8379942117548379
NC_000002.12:218583024:T:C	CNOT9	ENSG00000144580	CCSBVarC022661	CCSBORF5738	ENSP00000295701.5:p.Ser87Pro	259T>C	CCSBORF6876	GADD45A	-6.491779721175911	1.2417869922853142
NC_000002.12:218583025:C:G	CNOT9	ENSG00000144580	CCSBVarC022664	CCSBORF5738	ENSP00000295701.5:p.Ser87Cys	260C>G	CCSBORF6876	GADD45A	-1.26943772581392	0.8382123065795096
NC_000002.12:218584681:C:T	CNOT9	ENSG00000144580	CCSBVarC022667	CCSBORF5738	ENSP00000295701.5:p.Pro131Ser	391C>T	CCSBORF6876	GADD45A	-3.086498132228738	0.9329925736426745
NC_000002.12:218584682:C:T	CNOT9	ENSG00000144580	CCSBVarC022679	CCSBORF5738	ENSP00000295701.5:p.Pro131Leu	392C>T	CCSBORF6876	GADD45A	-5.311072586896785	1.147208306041585
NC_000002.12:218592655:G:A	CNOT9	ENSG00000144580	CCSBVarC022683	CCSBORF5738	ENSP00000295701.5:p.Arg227His	680G>A	CCSBORF6876	GADD45A	0.1089982675336488	0.8407970407057499
NC_000019.10:52216564:G:T	PPP2R1A	ENSG00000105568	CCSBVarC023477	CCSBORF5861	ENSP00000324804.6:p.Ala344Ser	1030G>T	CCSBORF2961	PPP2R5D	0.03452063010624485	0.7039767963658808
NC_000019.10:52219790:A:T	PPP2R1A	ENSG00000105568	CCSBVarC023479	CCSBORF5861	ENSP00000324804.6:p.Glu410Val	1229A>T	CCSBORF2961	PPP2R5D	0.526285775198726	0.6965676122527255
NC_000019.10:52221095:A:G	PPP2R1A	ENSG00000105568	CCSBVarC023482	CCSBORF5861	ENSP00000324804.6:p.Asn494Ser	1481A>G	CCSBORF2961	PPP2R5D	0.3381849703366905	0.7151807192045224
NC_000019.10:52221107:G:T	PPP2R1A	ENSG00000105568	CCSBVarC023486	CCSBORF5861	ENSP00000324804.6:p.Arg498Leu	1493G>T	CCSBORF2961	PPP2R5D	-5.963196500174783	1.1139631818042892
NC_000019.10:52221127:A:G	PPP2R1A	ENSG00000105568	CCSBVarC023489	CCSBORF5861	ENSP00000324804.6:p.Ile505Val	1513A>G	CCSBORF2961	PPP2R5D	0.31076714601706723	0.7275094521643528
NC_000019.10:52222139:C:G	PPP2R1A	ENSG00000105568	CCSBVarC023493	CCSBORF5861	ENSP00000324804.6:p.His520Gln	1560C>G	CCSBORF2961	PPP2R5D	0.0932232270739676	0.7334916741053261
NC_000019.10:52211319:T:G	PPP2R1A	ENSG00000105568	CCSBVarC023343	CCSBORF5861	ENSP00000324804.6:p.Ser111Ala	331T>G	CCSBORF2961	PPP2R5D	0.23717601829113438	0.7579327516150106
NC_000019.10:52211365:C:T	PPP2R1A	ENSG00000105568	CCSBVarC023349	CCSBORF5861	ENSP00000324804.6:p.Ala126Val	377C>T	CCSBORF2961	PPP2R5D	-0.2964485898654048	0.7096070892479773
NC_000019.10:52211418:C:T	PPP2R1A	ENSG00000105568	CCSBVarC023352	CCSBORF5861	ENSP00000324804.6:p.Arg144Cys	430C>T	CCSBORF2961	PPP2R5D	-0.0961685443715074	0.7003981215906154
NC_000019.10:52211458:G:A	PPP2R1A	ENSG00000105568	CCSBVarC023356	CCSBORF5861	ENSP00000324804.6:p.Arg157Gln	470G>A	CCSBORF2961	PPP2R5D	0.4720663600037015	0.7013540568229124
NC_000019.10:52211460:G:C	PPP2R1A	ENSG00000105568	CCSBVarC023359	CCSBORF5861	ENSP00000324804.6:p.Val158Leu	472G>C	CCSBORF2961	PPP2R5D	0.21159773825708622	0.6960945692006112
NC_000019.10:52212703:C:G	PPP2R1A	ENSG00000105568	CCSBVarC023383	CCSBORF5861	ENSP00000324804.6:p.Cys174Trp	522C>G	CCSBORF2961	PPP2R5D	NULL	NULL
NC_000019.10:52212713:A:G	PPP2R1A	ENSG00000105568	CCSBVarC023386	CCSBORF5861	ENSP00000324804.6:p.Thr178Ala	532A>G	CCSBORF2961	PPP2R5D	-0.10260383405130205	0.7363266782015292
NC_000019.10:52212717:C:A	PPP2R1A	ENSG00000105568	CCSBVarC023388	CCSBORF5861	ENSP00000324804.6:p.Pro179His	536C>A	CCSBORF2961	PPP2R5D	-1.301495499192716	0.722348849497991
NC_000019.10:52212719:A:G	PPP2R1A	ENSG00000105568	CCSBVarC023426	CCSBORF5861	ENSP00000324804.6:p.Met180Val	538A>G	CCSBORF2961	PPP2R5D	-1.3359775636888842	0.8484925295394313
NC_000019.10:52212720:T:C	PPP2R1A	ENSG00000105568	CCSBVarC023429	CCSBORF5861	ENSP00000324804.6:p.Met180Thr	539T>C	CCSBORF2961	PPP2R5D	-0.33365447107974944	0.7219572027089045
NC_000019.10:52212728:C:G	PPP2R1A	ENSG00000105568	CCSBVarC023437	CCSBORF5861	ENSP00000324804.6:p.Arg183Gly	547C>G	CCSBORF2961	PPP2R5D	-2.7119253058324606	0.8043433506050072
NC_000019.10:52212728:C:T	PPP2R1A	ENSG00000105568	CCSBVarC023440	CCSBORF5861	ENSP00000324804.6:p.Arg183Trp	547C>T	CCSBORF2961	PPP2R5D	-2.1829663704612767	0.7271961215550988
NC_000019.10:52212729:G:C	PPP2R1A	ENSG00000105568	CCSBVarC023445	CCSBORF5861	ENSP00000324804.6:p.Arg183Pro	548G>C	CCSBORF2961	PPP2R5D	-1.4102587019049184	0.744502358438089
NC_000019.10:52212734:G:A	PPP2R1A	ENSG00000105568	CCSBVarC023447	CCSBORF5861	ENSP00000324804.6:p.Ala185Thr	553G>A	CCSBORF2961	PPP2R5D	0.04710385059445778	0.7764631050578024
NC_000019.10:52212960:G:A	PPP2R1A	ENSG00000105568	CCSBVarC023455	CCSBORF5861	ENSP00000324804.6:p.Val220Met	658G>A	CCSBORF2961	PPP2R5D	-0.443920345025529	0.694541411678016
NC_000019.10:52212996:G:A	PPP2R1A	ENSG00000105568	CCSBVarC023458	CCSBORF5861	ENSP00000324804.6:p.Ala232Thr	694G>A	CCSBORF2961	PPP2R5D	-0.06937099691586733	0.7016621602550023
NC_000019.10:52216564:G:T	PPP2R1A	ENSG00000105568	CCSBVarC023477	CCSBORF5861	ENSP00000324804.6:p.Ala344Ser	1030G>T	CCSBORF36	CARHSP1	-0.6703600744816756	1.184820589454309
NC_000019.10:52219790:A:T	PPP2R1A	ENSG00000105568	CCSBVarC023479	CCSBORF5861	ENSP00000324804.6:p.Glu410Val	1229A>T	CCSBORF36	CARHSP1	-0.2124556261778646	1.1789258230780981
NC_000019.10:52221095:A:G	PPP2R1A	ENSG00000105568	CCSBVarC023482	CCSBORF5861	ENSP00000324804.6:p.Asn494Ser	1481A>G	CCSBORF36	CARHSP1	-0.48636196109645147	1.1845885284540074
NC_000019.10:52221107:G:T	PPP2R1A	ENSG00000105568	CCSBVarC023486	CCSBORF5861	ENSP00000324804.6:p.Arg498Leu	1493G>T	CCSBORF36	CARHSP1	-4.875371172180835	1.242465217669784
NC_000019.10:52221127:A:G	PPP2R1A	ENSG00000105568	CCSBVarC023489	CCSBORF5861	ENSP00000324804.6:p.Ile505Val	1513A>G	CCSBORF36	CARHSP1	-0.8641200353322206	1.1927645940869405
NC_000019.10:52222139:C:G	PPP2R1A	ENSG00000105568	CCSBVarC023493	CCSBORF5861	ENSP00000324804.6:p.His520Gln	1560C>G	CCSBORF36	CARHSP1	-0.28373045683628545	1.2022579158908469
NC_000019.10:52211319:T:G	PPP2R1A	ENSG00000105568	CCSBVarC023343	CCSBORF5861	ENSP00000324804.6:p.Ser111Ala	331T>G	CCSBORF36	CARHSP1	-2.2788184704791608	1.1953730149611912
NC_000019.10:52211365:C:T	PPP2R1A	ENSG00000105568	CCSBVarC023349	CCSBORF5861	ENSP00000324804.6:p.Ala126Val	377C>T	CCSBORF36	CARHSP1	-0.02199105175674687	1.21584992394301
NC_000019.10:52211418:C:T	PPP2R1A	ENSG00000105568	CCSBVarC023352	CCSBORF5861	ENSP00000324804.6:p.Arg144Cys	430C>T	CCSBORF36	CARHSP1	-1.4619968021086311	1.1826732864096619
NC_000019.10:52211458:G:A	PPP2R1A	ENSG00000105568	CCSBVarC023356	CCSBORF5861	ENSP00000324804.6:p.Arg157Gln	470G>A	CCSBORF36	CARHSP1	-0.40469801715790193	1.1817153326915204
NC_000019.10:52211460:G:C	PPP2R1A	ENSG00000105568	CCSBVarC023359	CCSBORF5861	ENSP00000324804.6:p.Val158Leu	472G>C	CCSBORF36	CARHSP1	-0.5317139554560207	1.179727265286845
NC_000019.10:52212703:C:G	PPP2R1A	ENSG00000105568	CCSBVarC023383	CCSBORF5861	ENSP00000324804.6:p.Cys174Trp	522C>G	CCSBORF36	CARHSP1	-1.2086293392107683	3.259973097501583
NC_000019.10:52212713:A:G	PPP2R1A	ENSG00000105568	CCSBVarC023386	CCSBORF5861	ENSP00000324804.6:p.Thr178Ala	532A>G	CCSBORF36	CARHSP1	-1.10735192862265	1.27500439920458
NC_000019.10:52212717:C:A	PPP2R1A	ENSG00000105568	CCSBVarC023388	CCSBORF5861	ENSP00000324804.6:p.Pro179His	536C>A	CCSBORF36	CARHSP1	-1.528239839857327	1.1989513991915741
NC_000019.10:52212719:A:G	PPP2R1A	ENSG00000105568	CCSBVarC023426	CCSBORF5861	ENSP00000324804.6:p.Met180Val	538A>G	CCSBORF36	CARHSP1	NULL	NULL
NC_000019.10:52212720:T:C	PPP2R1A	ENSG00000105568	CCSBVarC023429	CCSBORF5861	ENSP00000324804.6:p.Met180Thr	539T>C	CCSBORF36	CARHSP1	-1.704534969883135	1.210658290101348
NC_000019.10:52212728:C:G	PPP2R1A	ENSG00000105568	CCSBVarC023437	CCSBORF5861	ENSP00000324804.6:p.Arg183Gly	547C>G	CCSBORF36	CARHSP1	NULL	NULL
NC_000019.10:52212728:C:T	PPP2R1A	ENSG00000105568	CCSBVarC023440	CCSBORF5861	ENSP00000324804.6:p.Arg183Trp	547C>T	CCSBORF36	CARHSP1	0.13393909212153268	1.1854340539498225
NC_000019.10:52212729:G:C	PPP2R1A	ENSG00000105568	CCSBVarC023445	CCSBORF5861	ENSP00000324804.6:p.Arg183Pro	548G>C	CCSBORF36	CARHSP1	-0.12189708962242807	1.6392823190448254
NC_000019.10:52212734:G:A	PPP2R1A	ENSG00000105568	CCSBVarC023447	CCSBORF5861	ENSP00000324804.6:p.Ala185Thr	553G>A	CCSBORF36	CARHSP1	NULL	NULL
NC_000019.10:52212960:G:A	PPP2R1A	ENSG00000105568	CCSBVarC023455	CCSBORF5861	ENSP00000324804.6:p.Val220Met	658G>A	CCSBORF36	CARHSP1	-0.5728165969189254	1.1787003275866426
NC_000019.10:52212996:G:A	PPP2R1A	ENSG00000105568	CCSBVarC023458	CCSBORF5861	ENSP00000324804.6:p.Ala232Thr	694G>A	CCSBORF36	CARHSP1	-1.1135060508789731	1.1843206121825263
NC_000010.11:13127901:A:C	OPTN	ENSG00000123240	CCSBVarC023718	CCSBORF6157	ENSP00000368021.3:p.Gln467Pro	1400A>C	CCSBORF2077	CCDC13	0.027399567072432462	0.793807196167525
NC_000010.11:13132067:T:G	OPTN	ENSG00000123240	CCSBVarC023721	CCSBORF6157	ENSP00000368021.3:p.Met468Arg	1403T>G	CCSBORF2077	CCDC13	-0.6545558197676353	0.7289323457903611
NC_000010.11:13132097:A:G	OPTN	ENSG00000123240	CCSBVarC023724	CCSBORF6157	ENSP00000368021.3:p.Glu478Gly	1433A>G	CCSBORF2077	CCDC13	-2.106979202411918	2.26291113606793
NC_000010.11:13133527:G:A	OPTN	ENSG00000123240	CCSBVarC023727	CCSBORF6157	ENSP00000368021.3:p.Arg520His	1559G>A	CCSBORF2077	CCDC13	-0.6738014589131591	0.7295213561680901
NC_000010.11:13136764:C:T	OPTN	ENSG00000123240	CCSBVarC023730	CCSBORF6157	ENSP00000368021.3:p.Arg545Trp	1633C>T	CCSBORF2077	CCDC13	-0.5492234484872183	0.7306967068260702
NC_000010.11:13110386:A:C	OPTN	ENSG00000123240	CCSBVarC023703	CCSBORF6157	ENSP00000368021.3:p.Lys94Gln	280A>C	CCSBORF2077	CCDC13	-0.6791641504075057	0.7277237013329868
NC_000010.11:13119037:A:T	OPTN	ENSG00000123240	CCSBVarC023707	CCSBORF6157	ENSP00000368021.3:p.Glu259Asp	777A>T	CCSBORF2077	CCDC13	-0.7700358305703916	0.7275478579607169
NC_000010.11:13122416:G:A	OPTN	ENSG00000123240	CCSBVarC023709	CCSBORF6157	ENSP00000368021.3:p.Arg271His	812G>A	CCSBORF2077	CCDC13	-0.7260613972488479	0.7273165432008541
NC_000010.11:13124020:C:A	OPTN	ENSG00000123240	CCSBVarC023712	CCSBORF6157	ENSP00000368021.3:p.Asn303Lys	909C>A	CCSBORF2077	CCDC13	-0.8770545518284306	0.7328382080012361
NC_000010.11:13124052:A:T	OPTN	ENSG00000123240	CCSBVarC023715	CCSBORF6157	ENSP00000368021.3:p.Gln314Leu	941A>T	CCSBORF2077	CCDC13	-0.17824218004167725	0.7276131019917802
NC_000012.12:57233757:A:G	SHMT2	ENSG00000182199	CCSBVarC018778	CCSBORF617	ENSP00000333667.3:p.Asp378Gly	1133A>G	CCSBORF1012	CAB39	-2.4679854917086606	0.3982586935709459
NC_000012.12:57233759:A:G	SHMT2	ENSG00000182199	CCSBVarC018781	CCSBORF617	ENSP00000333667.3:p.Asn379Asp	1135A>G	CCSBORF1012	CAB39	-4.760968694895324	0.5933560252409215
NC_000012.12:57233891:G:A	SHMT2	ENSG00000182199	CCSBVarC018784	CCSBORF617	ENSP00000333667.3:p.Gly423Ser	1267G>A	CCSBORF1012	CAB39	-3.4955150007266145	0.4038952612573825
NC_000012.12:57234026:A:C	SHMT2	ENSG00000182199	CCSBVarC018787	CCSBORF617	ENSP00000333667.3:p.Gln435Pro	1304A>C	CCSBORF1012	CAB39	-4.75076505645853	0.44263997690360163
NC_000012.12:57234340:C:G	SHMT2	ENSG00000182199	CCSBVarC018789	CCSBORF617	ENSP00000333667.3:p.Pro499Ala	1495C>G	CCSBORF1012	CAB39	-0.2818018435738432	0.3859011526929934
NC_000012.12:57230917:C:T	SHMT2	ENSG00000182199	CCSBVarC018771	CCSBORF617	ENSP00000333667.3:p.Ser50Leu	149C>T	CCSBORF1012	CAB39	0.8909647960609918	0.38589890446355063
NC_000012.12:57232254:C:G	SHMT2	ENSG00000182199	CCSBVarC018775	CCSBORF617	ENSP00000333667.3:p.Thr186Arg	557C>G	CCSBORF1012	CAB39	0.8365458783535149	0.3873451201707625
NC_000012.12:57230858:C:A	SHMT2	ENSG00000182199	CCSBVarC018769	CCSBORF617	ENSP00000333667.3:p.Asn30Lys	90C>A	CCSBORF1012	CAB39	1.8938268048923823	0.3903996614831713
NC_000011.10:126338324:C:T	DCPS	ENSG00000110063	CCSBVarC023085	CCSBORF6288	ENSP00000263579.4:p.Arg188Trp	562C>T	CCSBORF10677	KPNA5	-0.5881864207319285	0.6866724844315745
NC_000011.10:126338336:G:C	DCPS	ENSG00000110063	CCSBVarC023087	CCSBORF6288	ENSP00000263579.4:p.Glu192Gln	574G>C	CCSBORF10677	KPNA5	-0.6921741871712911	0.6944527034243114
NC_000011.10:126343346:G:A	DCPS	ENSG00000110063	CCSBVarC023090	CCSBORF6288	ENSP00000263579.4:p.Gly226Asp	677G>A	CCSBORF10677	KPNA5	-0.8893831321680638	0.7561810365322073
NC_000011.10:126345389:G:A	DCPS	ENSG00000110063	CCSBVarC023092	CCSBORF6288	ENSP00000263579.4:p.Arg264Gln	791G>A	CCSBORF10677	KPNA5	0.1456698592220385	0.6888713992115321
NC_000011.10:126345466:T:G	DCPS	ENSG00000110063	CCSBVarC023094	CCSBORF6288	ENSP00000263579.4:p.Ser290Ala	868T>G	CCSBORF10677	KPNA5	0.23330688726976964	0.6922401214967001
NC_000011.10:126304166:G:T	DCPS	ENSG00000110063	CCSBVarC023079	CCSBORF6288	ENSP00000263579.4:p.Glu29Asp	87G>T	CCSBORF10677	KPNA5	-0.5967635335253513	0.690791192584782
NC_000011.10:126345545:C:T	DCPS	ENSG00000110063	CCSBVarC023097	CCSBORF6288	ENSP00000263579.4:p.Thr316Met	947C>T	CCSBORF10677	KPNA5	-1.2268687837554995	0.8865266644859192
NC_000011.10:126345575:C:G	DCPS	ENSG00000110063	CCSBVarC023101	CCSBORF6288	ENSP00000263579.4:p.Pro326Arg	977C>G	CCSBORF10677	KPNA5	-0.13274465445549155	0.687801852410314
NC_000011.10:126338324:C:T	DCPS	ENSG00000110063	CCSBVarC023085	CCSBORF6288	ENSP00000263579.4:p.Arg188Trp	562C>T	CCSBORF11830	KPNA2	0.10193620372981502	0.6006772058627462
NC_000011.10:126338336:G:C	DCPS	ENSG00000110063	CCSBVarC023087	CCSBORF6288	ENSP00000263579.4:p.Glu192Gln	574G>C	CCSBORF11830	KPNA2	-0.34283354182916564	0.8837313042756137
NC_000011.10:126343346:G:A	DCPS	ENSG00000110063	CCSBVarC023090	CCSBORF6288	ENSP00000263579.4:p.Gly226Asp	677G>A	CCSBORF11830	KPNA2	-0.021304673686298403	0.6118602426923535
NC_000011.10:126345389:G:A	DCPS	ENSG00000110063	CCSBVarC023092	CCSBORF6288	ENSP00000263579.4:p.Arg264Gln	791G>A	CCSBORF11830	KPNA2	0.2514954243707821	0.6033600252741514
NC_000011.10:126345466:T:G	DCPS	ENSG00000110063	CCSBVarC023094	CCSBORF6288	ENSP00000263579.4:p.Ser290Ala	868T>G	CCSBORF11830	KPNA2	-0.1922175738975498	0.606364570763458
NC_000011.10:126304166:G:T	DCPS	ENSG00000110063	CCSBVarC023079	CCSBORF6288	ENSP00000263579.4:p.Glu29Asp	87G>T	CCSBORF11830	KPNA2	-0.1459918106845317	0.6034114805658487
NC_000011.10:126345545:C:T	DCPS	ENSG00000110063	CCSBVarC023097	CCSBORF6288	ENSP00000263579.4:p.Thr316Met	947C>T	CCSBORF11830	KPNA2	-0.1124174908747003	0.6030072572904235
NC_000011.10:126345575:C:G	DCPS	ENSG00000110063	CCSBVarC023101	CCSBORF6288	ENSP00000263579.4:p.Pro326Arg	977C>G	CCSBORF11830	KPNA2	-0.02047259897539981	0.6014227025844002
NC_000011.10:126338324:C:T	DCPS	ENSG00000110063	CCSBVarC023085	CCSBORF6288	ENSP00000263579.4:p.Arg188Trp	562C>T	CCSBORF778	KPNA6	0.0684144207842177	0.5169800121837269
NC_000011.10:126338336:G:C	DCPS	ENSG00000110063	CCSBVarC023087	CCSBORF6288	ENSP00000263579.4:p.Glu192Gln	574G>C	CCSBORF778	KPNA6	-0.32021596413526954	0.5240817327954808
NC_000011.10:126343346:G:A	DCPS	ENSG00000110063	CCSBVarC023090	CCSBORF6288	ENSP00000263579.4:p.Gly226Asp	677G>A	CCSBORF778	KPNA6	0.04544859711781167	0.5327686927019079
NC_000011.10:126345389:G:A	DCPS	ENSG00000110063	CCSBVarC023092	CCSBORF6288	ENSP00000263579.4:p.Arg264Gln	791G>A	CCSBORF778	KPNA6	-0.4421328421627036	0.5200909723413897
NC_000011.10:126345466:T:G	DCPS	ENSG00000110063	CCSBVarC023094	CCSBORF6288	ENSP00000263579.4:p.Ser290Ala	868T>G	CCSBORF778	KPNA6	-0.45127628089601074	0.5567431984364327
NC_000011.10:126304166:G:T	DCPS	ENSG00000110063	CCSBVarC023079	CCSBORF6288	ENSP00000263579.4:p.Glu29Asp	87G>T	CCSBORF778	KPNA6	0.10726302827482109	0.5214571868898997
NC_000011.10:126345545:C:T	DCPS	ENSG00000110063	CCSBVarC023097	CCSBORF6288	ENSP00000263579.4:p.Thr316Met	947C>T	CCSBORF778	KPNA6	-1.2106164644087078	0.5207007778851916
NC_000011.10:126345575:C:G	DCPS	ENSG00000110063	CCSBVarC023101	CCSBORF6288	ENSP00000263579.4:p.Pro326Arg	977C>G	CCSBORF778	KPNA6	-0.5201367005077308	0.5177204099330585
NC_000020.11:505187:C:T	CSNK2A1	ENSG00000101266	CCSBVarC024322	CCSBORF6699	ENSP00000217244.3:p.Gly48Asp	143G>A	CCSBORF100080813	GSC2	-1.0749022786282791	0.6057780592522226
NC_000020.11:505181:T:G	CSNK2A1	ENSG00000101266	CCSBVarC024324	CCSBORF6699	ENSP00000217244.3:p.Tyr50Ser	149A>C	CCSBORF100080813	GSC2	-1.0610936965475581	0.6062229633333895
NC_000020.11:505176:C:T	CSNK2A1	ENSG00000101266	CCSBVarC024328	CCSBORF6699	ENSP00000217244.3:p.Glu52Lys	154G>A	CCSBORF100080813	GSC2	-2.5241736532375576	0.6152493119463763
NC_000020.11:499908:C:T	CSNK2A1	ENSG00000101266	CCSBVarC024330	CCSBORF6699	ENSP00000217244.3:p.Arg80His	239G>A	CCSBORF100080813	GSC2	-2.5202736957496588	0.6192160028105399
NC_000020.11:499905:T:G	CSNK2A1	ENSG00000101266	CCSBVarC024331	CCSBORF6699	ENSP00000217244.3:p.Glu81Ala	242A>C	CCSBORF100080813	GSC2	-1.6091685202832289	0.8054224928633715
NC_000020.11:492350:T:C	CSNK2A1	ENSG00000101266	CCSBVarC024355	CCSBORF6699	ENSP00000217244.3:p.Asp175Gly	524A>G	CCSBORF100080813	GSC2	0.4255144363758734	0.613497226055774
NC_000020.11:492345:C:T	CSNK2A1	ENSG00000101266	CCSBVarC024361	CCSBORF6699	ENSP00000217244.3:p.Gly177Ser	529G>A	CCSBORF100080813	GSC2	-1.6992091134872636	0.6403513340119978
NC_000020.11:487464:C:T	CSNK2A1	ENSG00000101266	CCSBVarC024400	CCSBORF6699	ENSP00000217244.3:p.Arg312Gln	935G>A	CCSBORF100080813	GSC2	-3.263628082189346	0.7173296625899702
NC_000020.11:505187:C:T	CSNK2A1	ENSG00000101266	CCSBVarC024322	CCSBORF6699	ENSP00000217244.3:p.Gly48Asp	143G>A	CCSBORF13363	GPATCH2L	-7.627154957555554	0.45459554906499294
NC_000020.11:505181:T:G	CSNK2A1	ENSG00000101266	CCSBVarC024324	CCSBORF6699	ENSP00000217244.3:p.Tyr50Ser	149A>C	CCSBORF13363	GPATCH2L	-7.939730506425679	0.4634133742092374
NC_000020.11:505176:C:T	CSNK2A1	ENSG00000101266	CCSBVarC024328	CCSBORF6699	ENSP00000217244.3:p.Glu52Lys	154G>A	CCSBORF13363	GPATCH2L	-6.217514526354791	0.4895050038604689
NC_000020.11:499908:C:T	CSNK2A1	ENSG00000101266	CCSBVarC024330	CCSBORF6699	ENSP00000217244.3:p.Arg80His	239G>A	CCSBORF13363	GPATCH2L	-6.106023269286086	0.4702112180431964
NC_000020.11:499905:T:G	CSNK2A1	ENSG00000101266	CCSBVarC024331	CCSBORF6699	ENSP00000217244.3:p.Glu81Ala	242A>C	CCSBORF13363	GPATCH2L	-4.703134099009468	0.4944214309786016
NC_000020.11:492350:T:C	CSNK2A1	ENSG00000101266	CCSBVarC024355	CCSBORF6699	ENSP00000217244.3:p.Asp175Gly	524A>G	CCSBORF13363	GPATCH2L	-6.808344940339831	0.49789912752154164
NC_000020.11:492345:C:T	CSNK2A1	ENSG00000101266	CCSBVarC024361	CCSBORF6699	ENSP00000217244.3:p.Gly177Ser	529G>A	CCSBORF13363	GPATCH2L	-4.216606484873351	0.4613838553561969
NC_000020.11:487464:C:T	CSNK2A1	ENSG00000101266	CCSBVarC024400	CCSBORF6699	ENSP00000217244.3:p.Arg312Gln	935G>A	CCSBORF13363	GPATCH2L	-4.7540982942329215	0.6000710579819808
NC_000012.12:50090507:C:T	SMARCD1	ENSG00000066117	CCSBVarC023618	CCSBORF6722	ENSP00000378414.4:p.Arg351Cys	1051C>T	CCSBORF10159	ZNF655	-0.03455593421430943	0.3930544126480366
NC_000012.12:50096915:A:G	SMARCD1	ENSG00000066117	CCSBVarC023621	CCSBORF6722	ENSP00000378414.4:p.Arg446Gly	1336A>G	CCSBORF10159	ZNF655	0.04248054024878835	0.39095514070810644
NC_000012.12:50086185:G:A	SMARCD1	ENSG00000066117	CCSBVarC023597	CCSBORF6722	ENSP00000378414.4:p.Arg68Gln	203G>A	CCSBORF10159	ZNF655	0.26407012598260454	0.390922892963391
NC_000012.12:50086318:G:T	SMARCD1	ENSG00000066117	CCSBVarC023600	CCSBORF6722	ENSP00000378414.4:p.Gln112His	336G>T	CCSBORF10159	ZNF655	0.33171778450038897	0.4574337969363349
NC_000012.12:50086840:G:A	SMARCD1	ENSG00000066117	CCSBVarC023603	CCSBORF6722	ENSP00000378414.4:p.Arg165Gln	494G>A	CCSBORF10159	ZNF655	0.060715713984285685	0.3903339162848689
NC_000012.12:50090356:C:G	SMARCD1	ENSG00000066117	CCSBVarC023606	CCSBORF6722	ENSP00000378414.4:p.Asp330Glu	990C>G	CCSBORF10159	ZNF655	-0.25508422352358945	0.38964595993186
NC_000012.12:50090507:C:T	SMARCD1	ENSG00000066117	CCSBVarC023618	CCSBORF6722	ENSP00000378414.4:p.Arg351Cys	1051C>T	CCSBORF1974	CCDC197	-0.9837266604214215	0.4514440796909114
NC_000012.12:50096915:A:G	SMARCD1	ENSG00000066117	CCSBVarC023621	CCSBORF6722	ENSP00000378414.4:p.Arg446Gly	1336A>G	CCSBORF1974	CCDC197	0.2546720567038709	0.44634995477608985
NC_000012.12:50086185:G:A	SMARCD1	ENSG00000066117	CCSBVarC023597	CCSBORF6722	ENSP00000378414.4:p.Arg68Gln	203G>A	CCSBORF1974	CCDC197	0.5025355647000996	0.48603093021391064
NC_000012.12:50086318:G:T	SMARCD1	ENSG00000066117	CCSBVarC023600	CCSBORF6722	ENSP00000378414.4:p.Gln112His	336G>T	CCSBORF1974	CCDC197	-0.2604829487428788	0.4510581788545794
NC_000012.12:50086840:G:A	SMARCD1	ENSG00000066117	CCSBVarC023603	CCSBORF6722	ENSP00000378414.4:p.Arg165Gln	494G>A	CCSBORF1974	CCDC197	-0.9294130046225639	0.44603860820074126
NC_000012.12:50090356:C:G	SMARCD1	ENSG00000066117	CCSBVarC023606	CCSBORF6722	ENSP00000378414.4:p.Asp330Glu	990C>G	CCSBORF1974	CCDC197	-4.107403187157141	0.4703640118569246
NC_000012.12:50090507:C:T	SMARCD1	ENSG00000066117	CCSBVarC023618	CCSBORF6722	ENSP00000378414.4:p.Arg351Cys	1051C>T	CCSBORF3400	BEX3	-0.5087433413732463	0.6416115875307769
NC_000012.12:50096915:A:G	SMARCD1	ENSG00000066117	CCSBVarC023621	CCSBORF6722	ENSP00000378414.4:p.Arg446Gly	1336A>G	CCSBORF3400	BEX3	-0.35164324491244037	0.638067288797126
NC_000012.12:50086185:G:A	SMARCD1	ENSG00000066117	CCSBVarC023597	CCSBORF6722	ENSP00000378414.4:p.Arg68Gln	203G>A	CCSBORF3400	BEX3	-0.2350912909127888	0.6376192862501808
NC_000012.12:50086318:G:T	SMARCD1	ENSG00000066117	CCSBVarC023600	CCSBORF6722	ENSP00000378414.4:p.Gln112His	336G>T	CCSBORF3400	BEX3	0.06899369949272541	0.6401741924300528
NC_000012.12:50086840:G:A	SMARCD1	ENSG00000066117	CCSBVarC023603	CCSBORF6722	ENSP00000378414.4:p.Arg165Gln	494G>A	CCSBORF3400	BEX3	-0.5154758140421092	0.6378055000832645
NC_000012.12:50090356:C:G	SMARCD1	ENSG00000066117	CCSBVarC023606	CCSBORF6722	ENSP00000378414.4:p.Asp330Glu	990C>G	CCSBORF3400	BEX3	-2.8819840238883883	0.8407951903290931
NC_000009.12:35689204:A:G	TPM2	ENSG00000198467	CCSBVarC023969	CCSBORF6947	ENSP00000367542.3:p.Ser61Pro	181T>C	CCSBORF4255	TFPT	-0.25169787848532227	0.4280832206829251
NC_000009.12:35689155:T:C	TPM2	ENSG00000198467	CCSBVarC023972	CCSBORF6947	ENSP00000367542.3:p.Lys77Arg	230A>G	CCSBORF4255	TFPT	-0.3414396133340856	0.4316247940751055
NC_000009.12:35689791:T:G	TPM2	ENSG00000198467	CCSBVarC023963	CCSBORF6947	ENSP00000367542.3:p.Gln9Pro	26A>C	CCSBORF4255	TFPT	-0.07962824946956962	0.5124267008598371
NC_000009.12:35685742:T:C	TPM2	ENSG00000198467	CCSBVarC023977	CCSBORF6947	ENSP00000367542.3:p.Gln93Arg	278A>G	CCSBORF4255	TFPT	-0.6275261236539632	0.435531139239708
NC_000009.12:35685741:C:A	TPM2	ENSG00000198467	CCSBVarC023981	CCSBORF6947	ENSP00000367542.3:p.Gln93His	279G>T	CCSBORF4255	TFPT	-0.5096918084639693	0.4328578189655734
NC_000009.12:35685712:T:C	TPM2	ENSG00000198467	CCSBVarC024004	CCSBORF6947	ENSP00000367542.3:p.Gln103Arg	308A>G	CCSBORF4255	TFPT	-0.8628437037094163	0.4344964522146322
NC_000009.12:35689776:T:A	TPM2	ENSG00000198467	CCSBVarC023966	CCSBORF6947	ENSP00000367542.3:p.Asp14Val	41A>T	CCSBORF4255	TFPT	-0.8393876370584876	0.47132877559342373
NC_000009.12:35685462:C:T	TPM2	ENSG00000198467	CCSBVarC024009	CCSBORF6947	ENSP00000367542.3:p.Ala155Thr	463G>A	CCSBORF4255	TFPT	-0.11108981530671748	0.4349871650890637
NC_000016.10:2519559:G:C	ATP6V0C	ENSG00000185883	CCSBVarC024118	CCSBORF6959	ENSP00000454868.1:p.Ala52Pro	154G>C	CCSBORF13548	EDA2R	-0.8670712614904836	0.9380142444343713
NC_000016.10:2519680:T:C	ATP6V0C	ENSG00000185883	CCSBVarC024121	CCSBORF6959	ENSP00000454868.1:p.Leu92Pro	275T>C	CCSBORF13548	EDA2R	-1.4305699458406096	0.9360036955098224
NC_000016.10:2519685:T:C	ATP6V0C	ENSG00000185883	CCSBVarC024124	CCSBORF6959	ENSP00000454868.1:p.Phe94Leu	280T>C	CCSBORF13548	EDA2R	-0.4701314235762509	0.9361979155502932
NC_000016.10:2519700:G:T	ATP6V0C	ENSG00000185883	CCSBVarC024127	CCSBORF6959	ENSP00000454868.1:p.Gly99Cys	295G>T	CCSBORF13548	EDA2R	-0.829913122239257	0.9962053111879928
NC_000016.10:2519721:G:A	ATP6V0C	ENSG00000185883	CCSBVarC024129	CCSBORF6959	ENSP00000454868.1:p.Ala106Thr	316G>A	CCSBORF13548	EDA2R	-0.7931823779120675	0.9367498857144358
NC_000016.10:2519325:G:C	ATP6V0C	ENSG00000185883	CCSBVarC024116	CCSBORF6959	ENSP00000454868.1:p.Gly20Ala	59G>C	CCSBORF13548	EDA2R	-0.2708262147945814	0.9363595842769626
NC_000016.10:2519559:G:C	ATP6V0C	ENSG00000185883	CCSBVarC024118	CCSBORF6959	ENSP00000454868.1:p.Ala52Pro	154G>C	CCSBORF13628	KLRC1	-0.3144985487331491	0.7509815511217678
NC_000016.10:2519680:T:C	ATP6V0C	ENSG00000185883	CCSBVarC024121	CCSBORF6959	ENSP00000454868.1:p.Leu92Pro	275T>C	CCSBORF13628	KLRC1	-0.5444669513519502	0.5639668577899466
NC_000016.10:2519685:T:C	ATP6V0C	ENSG00000185883	CCSBVarC024124	CCSBORF6959	ENSP00000454868.1:p.Phe94Leu	280T>C	CCSBORF13628	KLRC1	0.3489729256037415	0.564232941626364
NC_000016.10:2519700:G:T	ATP6V0C	ENSG00000185883	CCSBVarC024127	CCSBORF6959	ENSP00000454868.1:p.Gly99Cys	295G>T	CCSBORF13628	KLRC1	0.12212642734955007	0.5652599217436121
NC_000016.10:2519721:G:A	ATP6V0C	ENSG00000185883	CCSBVarC024129	CCSBORF6959	ENSP00000454868.1:p.Ala106Thr	316G>A	CCSBORF13628	KLRC1	0.0740531854856257	0.5652957376999395
NC_000016.10:2519325:G:C	ATP6V0C	ENSG00000185883	CCSBVarC024116	CCSBORF6959	ENSP00000454868.1:p.Gly20Ala	59G>C	CCSBORF13628	KLRC1	0.06776641216994815	0.5641870624111471
NC_000016.10:2519559:G:C	ATP6V0C	ENSG00000185883	CCSBVarC024118	CCSBORF6959	ENSP00000454868.1:p.Ala52Pro	154G>C	CCSBORF3031	STOM	-0.43152093935523095	0.39622546613251813
NC_000016.10:2519680:T:C	ATP6V0C	ENSG00000185883	CCSBVarC024121	CCSBORF6959	ENSP00000454868.1:p.Leu92Pro	275T>C	CCSBORF3031	STOM	-0.5201820677193169	0.34620332922091757
NC_000016.10:2519685:T:C	ATP6V0C	ENSG00000185883	CCSBVarC024124	CCSBORF6959	ENSP00000454868.1:p.Phe94Leu	280T>C	CCSBORF3031	STOM	-0.35778951838260775	0.34907770329040294
NC_000016.10:2519700:G:T	ATP6V0C	ENSG00000185883	CCSBVarC024127	CCSBORF6959	ENSP00000454868.1:p.Gly99Cys	295G>T	CCSBORF3031	STOM	-0.6070583530893021	0.3534742860814876
NC_000016.10:2519721:G:A	ATP6V0C	ENSG00000185883	CCSBVarC024129	CCSBORF6959	ENSP00000454868.1:p.Ala106Thr	316G>A	CCSBORF3031	STOM	-0.2859551633681323	0.3523202353630214
NC_000016.10:2519325:G:C	ATP6V0C	ENSG00000185883	CCSBVarC024116	CCSBORF6959	ENSP00000454868.1:p.Gly20Ala	59G>C	CCSBORF3031	STOM	-0.38945033430465836	0.35154736745817766
NC_000016.10:2519559:G:C	ATP6V0C	ENSG00000185883	CCSBVarC024118	CCSBORF6959	ENSP00000454868.1:p.Ala52Pro	154G>C	CCSBORF71567	OPRM1	1.3973888169224602	0.3227194478629282
NC_000016.10:2519680:T:C	ATP6V0C	ENSG00000185883	CCSBVarC024121	CCSBORF6959	ENSP00000454868.1:p.Leu92Pro	275T>C	CCSBORF71567	OPRM1	0.6311166819168683	0.3071358156287714
NC_000016.10:2519685:T:C	ATP6V0C	ENSG00000185883	CCSBVarC024124	CCSBORF6959	ENSP00000454868.1:p.Phe94Leu	280T>C	CCSBORF71567	OPRM1	0.2813392946503969	0.3082499192769981
NC_000016.10:2519700:G:T	ATP6V0C	ENSG00000185883	CCSBVarC024127	CCSBORF6959	ENSP00000454868.1:p.Gly99Cys	295G>T	CCSBORF71567	OPRM1	0.2847478090029615	0.30876592200651953
NC_000016.10:2519721:G:A	ATP6V0C	ENSG00000185883	CCSBVarC024129	CCSBORF6959	ENSP00000454868.1:p.Ala106Thr	316G>A	CCSBORF71567	OPRM1	-0.5316723814278647	0.3102356479066319
NC_000016.10:2519325:G:C	ATP6V0C	ENSG00000185883	CCSBVarC024116	CCSBORF6959	ENSP00000454868.1:p.Gly20Ala	59G>C	CCSBORF71567	OPRM1	0.31198892229278596	0.37731488389302986
NC_000016.10:2519559:G:C	ATP6V0C	ENSG00000185883	CCSBVarC024118	CCSBORF6959	ENSP00000454868.1:p.Ala52Pro	154G>C	CCSBORF8186	CLEC2D	NULL	NULL
NC_000016.10:2519680:T:C	ATP6V0C	ENSG00000185883	CCSBVarC024121	CCSBORF6959	ENSP00000454868.1:p.Leu92Pro	275T>C	CCSBORF8186	CLEC2D	-4.171861527194253	0.6435572375145459
NC_000016.10:2519685:T:C	ATP6V0C	ENSG00000185883	CCSBVarC024124	CCSBORF6959	ENSP00000454868.1:p.Phe94Leu	280T>C	CCSBORF8186	CLEC2D	0.8792447432406508	0.6374940059743022
NC_000016.10:2519700:G:T	ATP6V0C	ENSG00000185883	CCSBVarC024127	CCSBORF6959	ENSP00000454868.1:p.Gly99Cys	295G>T	CCSBORF8186	CLEC2D	0.7307606613749761	0.6412488201175726
NC_000016.10:2519721:G:A	ATP6V0C	ENSG00000185883	CCSBVarC024129	CCSBORF6959	ENSP00000454868.1:p.Ala106Thr	316G>A	CCSBORF8186	CLEC2D	-0.28731774910669644	0.6377984467269735
NC_000016.10:2519325:G:C	ATP6V0C	ENSG00000185883	CCSBVarC024116	CCSBORF6959	ENSP00000454868.1:p.Gly20Ala	59G>C	CCSBORF8186	CLEC2D	-0.41339641520673864	0.6366021067246752
NC_000007.14:66633379:C:T	KCTD7	ENSG00000243335	CCSBVarC032499	CCSBORF70368	ENSP00000411624.1:p.Arg84Trp	250C>T	CCSBORF13182	TERF1	-1.5207228537525337	0.48676757279461624
NC_000007.14:66633380:G:A	KCTD7	ENSG00000243335	CCSBVarC032501	CCSBORF70368	ENSP00000411624.1:p.Arg84Gln	251G>A	CCSBORF13182	TERF1	-0.085703140437728	0.4853523550699714
NC_000007.14:66633385:T:C	KCTD7	ENSG00000243335	CCSBVarC032504	CCSBORF70368	ENSP00000411624.1:p.Tyr86His	256T>C	CCSBORF13182	TERF1	-0.35700893306286674	0.4854178250244983
NC_000007.14:66638271:C:T	KCTD7	ENSG00000243335	CCSBVarC032510	CCSBORF70368	ENSP00000411624.1:p.Arg112Cys	334C>T	CCSBORF13182	TERF1	-0.11142304743629465	0.48911519010566834
NC_000007.14:66638272:G:A	KCTD7	ENSG00000243335	CCSBVarC032513	CCSBORF70368	ENSP00000411624.1:p.Arg112His	335G>A	CCSBORF13182	TERF1	-0.3937769655699801	0.49036593897197817
NC_000007.14:66638277:G:T	KCTD7	ENSG00000243335	CCSBVarC032516	CCSBORF70368	ENSP00000411624.1:p.Gly114Trp	340G>T	CCSBORF13182	TERF1	-0.9981275014052166	0.513422733794442
NC_000007.14:66638395:G:A	KCTD7	ENSG00000243335	CCSBVarC032519	CCSBORF70368	ENSP00000411624.1:p.Arg153His	458G>A	CCSBORF13182	TERF1	-1.1731432346374273	0.6536824655423971
NC_000007.14:66638894:C:T	KCTD7	ENSG00000243335	CCSBVarC032524	CCSBORF70368	ENSP00000411624.1:p.Ala178Val	533C>T	CCSBORF13182	TERF1	-1.813771260624634	0.5062289083188546
NC_000007.14:66638912:G:A	KCTD7	ENSG00000243335	CCSBVarC032526	CCSBORF70368	ENSP00000411624.1:p.Arg184His	551G>A	CCSBORF13182	TERF1	-0.309801853581275	0.5069895853430932
NC_000007.14:66639115:C:G	KCTD7	ENSG00000243335	CCSBVarC032553	CCSBORF70368	ENSP00000411624.1:p.Leu252Val	754C>G	CCSBORF13182	TERF1	-2.343006872272418	0.5737286877882453
NC_000007.14:66639136:G:A	KCTD7	ENSG00000243335	CCSBVarC032556	CCSBORF70368	ENSP00000411624.1:p.Val259Met	775G>A	CCSBORF13182	TERF1	-1.4750838778121218	0.5249893505112253
NC_000007.14:66639154:G:A	KCTD7	ENSG00000243335	CCSBVarC032558	CCSBORF70368	ENSP00000411624.1:p.Gly265Arg	793G>A	CCSBORF13182	TERF1	-3.2236658949069086	0.5915709364180293
NC_000007.14:66639188:A:G	KCTD7	ENSG00000243335	CCSBVarC032561	CCSBORF70368	ENSP00000411624.1:p.Tyr276Cys	827A>G	CCSBORF13182	TERF1	-2.4003397600964043	0.6279377830662575
NC_000003.12:147412651:C:A	ZIC1	ENSG00000152977	CCSBVarC032948	CCSBORF70473	ENSP00000282928.4:p.His373Asn	1117C>A	CCSBORF100009115	METTL27	NULL	NULL
NC_000003.12:147413404:G:C	ZIC1	ENSG00000152977	CCSBVarC032957	CCSBORF70473	ENSP00000282928.4:p.Gly400Arg	1198G>C	CCSBORF100009115	METTL27	0.13276273863684432	0.44176086869087405
NC_000003.12:147410298:G:T	ZIC1	ENSG00000152977	CCSBVarC032936	CCSBORF70473	ENSP00000282928.4:p.Ala63Ser	187G>T	CCSBORF100009115	METTL27	-0.38346906571843214	0.44679021147852216
NC_000003.12:147410130:C:T	ZIC1	ENSG00000152977	CCSBVarC032932	CCSBORF70473	ENSP00000282928.4:p.Pro7Ser	19C>T	CCSBORF100009115	METTL27	0.00042564425376617754	0.4119894551418926
NC_000003.12:147410412:C:A	ZIC1	ENSG00000152977	CCSBVarC032939	CCSBORF70473	ENSP00000282928.4:p.Leu101Met	301C>A	CCSBORF100009115	METTL27	0.10677597270203776	0.4002566711560225
NC_000003.12:147410439:G:C	ZIC1	ENSG00000152977	CCSBVarC032942	CCSBORF70473	ENSP00000282928.4:p.Ala110Pro	328G>C	CCSBORF100009115	METTL27	0.12845151366843388	0.39863664543823535
NC_000003.12:147410742:G:C	ZIC1	ENSG00000152977	CCSBVarC032945	CCSBORF70473	ENSP00000282928.4:p.Gly211Arg	631G>C	CCSBORF100009115	METTL27	-1.1965199865395153	0.42214580866747675
NC_000003.12:147412651:C:A	ZIC1	ENSG00000152977	CCSBVarC032948	CCSBORF70473	ENSP00000282928.4:p.His373Asn	1117C>A	CCSBORF100014733	KRTAP6-2	NULL	NULL
NC_000003.12:147413404:G:C	ZIC1	ENSG00000152977	CCSBVarC032957	CCSBORF70473	ENSP00000282928.4:p.Gly400Arg	1198G>C	CCSBORF100014733	KRTAP6-2	-0.25033551607646654	0.4605527475453661
NC_000003.12:147410298:G:T	ZIC1	ENSG00000152977	CCSBVarC032936	CCSBORF70473	ENSP00000282928.4:p.Ala63Ser	187G>T	CCSBORF100014733	KRTAP6-2	-0.5091617038755936	0.4444000698386592
NC_000003.12:147410130:C:T	ZIC1	ENSG00000152977	CCSBVarC032932	CCSBORF70473	ENSP00000282928.4:p.Pro7Ser	19C>T	CCSBORF100014733	KRTAP6-2	NULL	NULL
NC_000003.12:147410412:C:A	ZIC1	ENSG00000152977	CCSBVarC032939	CCSBORF70473	ENSP00000282928.4:p.Leu101Met	301C>A	CCSBORF100014733	KRTAP6-2	-0.16325647740341756	0.4381536183323153
NC_000003.12:147410439:G:C	ZIC1	ENSG00000152977	CCSBVarC032942	CCSBORF70473	ENSP00000282928.4:p.Ala110Pro	328G>C	CCSBORF100014733	KRTAP6-2	-0.11832218774107459	0.4374371746760114
NC_000003.12:147410742:G:C	ZIC1	ENSG00000152977	CCSBVarC032945	CCSBORF70473	ENSP00000282928.4:p.Gly211Arg	631G>C	CCSBORF100014733	KRTAP6-2	-0.5936761022319819	0.6243813424521059
NC_000003.12:147412651:C:A	ZIC1	ENSG00000152977	CCSBVarC032948	CCSBORF70473	ENSP00000282928.4:p.His373Asn	1117C>A	CCSBORF11745	YPEL3	NULL	NULL
NC_000003.12:147413404:G:C	ZIC1	ENSG00000152977	CCSBVarC032957	CCSBORF70473	ENSP00000282928.4:p.Gly400Arg	1198G>C	CCSBORF11745	YPEL3	-0.5665360297384304	0.34039860796797994
NC_000003.12:147410298:G:T	ZIC1	ENSG00000152977	CCSBVarC032936	CCSBORF70473	ENSP00000282928.4:p.Ala63Ser	187G>T	CCSBORF11745	YPEL3	0.009307351496064972	0.24115098786347516
NC_000003.12:147410130:C:T	ZIC1	ENSG00000152977	CCSBVarC032932	CCSBORF70473	ENSP00000282928.4:p.Pro7Ser	19C>T	CCSBORF11745	YPEL3	NULL	NULL
NC_000003.12:147410412:C:A	ZIC1	ENSG00000152977	CCSBVarC032939	CCSBORF70473	ENSP00000282928.4:p.Leu101Met	301C>A	CCSBORF11745	YPEL3	0.15890640796442596	0.18998032767724096
NC_000003.12:147410439:G:C	ZIC1	ENSG00000152977	CCSBVarC032942	CCSBORF70473	ENSP00000282928.4:p.Ala110Pro	328G>C	CCSBORF11745	YPEL3	-0.12301441034415356	0.18690923743617052
NC_000003.12:147410742:G:C	ZIC1	ENSG00000152977	CCSBVarC032945	CCSBORF70473	ENSP00000282928.4:p.Gly211Arg	631G>C	CCSBORF11745	YPEL3	-0.9091237450840375	0.24204395139519178
NC_000003.12:147412651:C:A	ZIC1	ENSG00000152977	CCSBVarC032948	CCSBORF70473	ENSP00000282928.4:p.His373Asn	1117C>A	CCSBORF1414	SPAG8	NULL	NULL
NC_000003.12:147413404:G:C	ZIC1	ENSG00000152977	CCSBVarC032957	CCSBORF70473	ENSP00000282928.4:p.Gly400Arg	1198G>C	CCSBORF1414	SPAG8	-0.7045651029230162	0.8997399052676724
NC_000003.12:147410298:G:T	ZIC1	ENSG00000152977	CCSBVarC032936	CCSBORF70473	ENSP00000282928.4:p.Ala63Ser	187G>T	CCSBORF1414	SPAG8	-2.680250907219892	0.9201877528182316
NC_000003.12:147410130:C:T	ZIC1	ENSG00000152977	CCSBVarC032932	CCSBORF70473	ENSP00000282928.4:p.Pro7Ser	19C>T	CCSBORF1414	SPAG8	0.6683583581737141	0.888735381848799
NC_000003.12:147410412:C:A	ZIC1	ENSG00000152977	CCSBVarC032939	CCSBORF70473	ENSP00000282928.4:p.Leu101Met	301C>A	CCSBORF1414	SPAG8	0.2601234722831741	0.8713038431755737
NC_000003.12:147410439:G:C	ZIC1	ENSG00000152977	CCSBVarC032942	CCSBORF70473	ENSP00000282928.4:p.Ala110Pro	328G>C	CCSBORF1414	SPAG8	-0.31096541270974026	0.8709601099042389
NC_000003.12:147410742:G:C	ZIC1	ENSG00000152977	CCSBVarC032945	CCSBORF70473	ENSP00000282928.4:p.Gly211Arg	631G>C	CCSBORF1414	SPAG8	-0.1981641535154427	0.9165761559252228
NC_000003.12:147412651:C:A	ZIC1	ENSG00000152977	CCSBVarC032948	CCSBORF70473	ENSP00000282928.4:p.His373Asn	1117C>A	CCSBORF14251	ARID5A	-0.47237870055255965	1.1467737340954556
NC_000003.12:147413404:G:C	ZIC1	ENSG00000152977	CCSBVarC032957	CCSBORF70473	ENSP00000282928.4:p.Gly400Arg	1198G>C	CCSBORF14251	ARID5A	-0.08691144229519399	0.4330598855759772
NC_000003.12:147410298:G:T	ZIC1	ENSG00000152977	CCSBVarC032936	CCSBORF70473	ENSP00000282928.4:p.Ala63Ser	187G>T	CCSBORF14251	ARID5A	0.19762493758955907	0.40804463951342973
NC_000003.12:147410130:C:T	ZIC1	ENSG00000152977	CCSBVarC032932	CCSBORF70473	ENSP00000282928.4:p.Pro7Ser	19C>T	CCSBORF14251	ARID5A	NULL	NULL
NC_000003.12:147410412:C:A	ZIC1	ENSG00000152977	CCSBVarC032939	CCSBORF70473	ENSP00000282928.4:p.Leu101Met	301C>A	CCSBORF14251	ARID5A	0.40164699612020843	0.3899409535956622
NC_000003.12:147410439:G:C	ZIC1	ENSG00000152977	CCSBVarC032942	CCSBORF70473	ENSP00000282928.4:p.Ala110Pro	328G>C	CCSBORF14251	ARID5A	0.015977989263064832	0.38927095011833274
NC_000003.12:147410742:G:C	ZIC1	ENSG00000152977	CCSBVarC032945	CCSBORF70473	ENSP00000282928.4:p.Gly211Arg	631G>C	CCSBORF14251	ARID5A	-1.157012075872365	0.42137789265138365
NC_000003.12:147412651:C:A	ZIC1	ENSG00000152977	CCSBVarC032948	CCSBORF70473	ENSP00000282928.4:p.His373Asn	1117C>A	CCSBORF209	OIP5	NULL	NULL
NC_000003.12:147413404:G:C	ZIC1	ENSG00000152977	CCSBVarC032957	CCSBORF70473	ENSP00000282928.4:p.Gly400Arg	1198G>C	CCSBORF209	OIP5	-0.7413384004990854	0.46036834559373413
NC_000003.12:147410298:G:T	ZIC1	ENSG00000152977	CCSBVarC032936	CCSBORF70473	ENSP00000282928.4:p.Ala63Ser	187G>T	CCSBORF209	OIP5	0.1347645460604846	0.4155434495349171
NC_000003.12:147410130:C:T	ZIC1	ENSG00000152977	CCSBVarC032932	CCSBORF70473	ENSP00000282928.4:p.Pro7Ser	19C>T	CCSBORF209	OIP5	1.0563765968634913	0.9323836623516322
NC_000003.12:147410412:C:A	ZIC1	ENSG00000152977	CCSBVarC032939	CCSBORF70473	ENSP00000282928.4:p.Leu101Met	301C>A	CCSBORF209	OIP5	-0.29193130605949597	0.4102428268635593
NC_000003.12:147410439:G:C	ZIC1	ENSG00000152977	CCSBVarC032942	CCSBORF70473	ENSP00000282928.4:p.Ala110Pro	328G>C	CCSBORF209	OIP5	-0.4290483496860976	0.4095515058834664
NC_000003.12:147410742:G:C	ZIC1	ENSG00000152977	CCSBVarC032945	CCSBORF70473	ENSP00000282928.4:p.Gly211Arg	631G>C	CCSBORF209	OIP5	-0.030064753027988347	0.4233381568776823
NC_000003.12:147412651:C:A	ZIC1	ENSG00000152977	CCSBVarC032948	CCSBORF70473	ENSP00000282928.4:p.His373Asn	1117C>A	CCSBORF3340	ANKRD10	-2.1479522744202226	1.0771949137436228
NC_000003.12:147413404:G:C	ZIC1	ENSG00000152977	CCSBVarC032957	CCSBORF70473	ENSP00000282928.4:p.Gly400Arg	1198G>C	CCSBORF3340	ANKRD10	-0.31985376450495867	0.5002175454160503
NC_000003.12:147410298:G:T	ZIC1	ENSG00000152977	CCSBVarC032936	CCSBORF70473	ENSP00000282928.4:p.Ala63Ser	187G>T	CCSBORF3340	ANKRD10	-0.34888061099472917	0.4691253063041206
NC_000003.12:147410130:C:T	ZIC1	ENSG00000152977	CCSBVarC032932	CCSBORF70473	ENSP00000282928.4:p.Pro7Ser	19C>T	CCSBORF3340	ANKRD10	NULL	NULL
NC_000003.12:147410412:C:A	ZIC1	ENSG00000152977	CCSBVarC032939	CCSBORF70473	ENSP00000282928.4:p.Leu101Met	301C>A	CCSBORF3340	ANKRD10	0.029304455404472615	0.4577789071633085
NC_000003.12:147410439:G:C	ZIC1	ENSG00000152977	CCSBVarC032942	CCSBORF70473	ENSP00000282928.4:p.Ala110Pro	328G>C	CCSBORF3340	ANKRD10	-0.13111987003747372	0.45653612387411485
NC_000003.12:147410742:G:C	ZIC1	ENSG00000152977	CCSBVarC032945	CCSBORF70473	ENSP00000282928.4:p.Gly211Arg	631G>C	CCSBORF3340	ANKRD10	-0.845276032615465	0.4758194905789909
NC_000003.12:147412651:C:A	ZIC1	ENSG00000152977	CCSBVarC032948	CCSBORF70473	ENSP00000282928.4:p.His373Asn	1117C>A	CCSBORF3523	RUSC1	NULL	NULL
NC_000003.12:147413404:G:C	ZIC1	ENSG00000152977	CCSBVarC032957	CCSBORF70473	ENSP00000282928.4:p.Gly400Arg	1198G>C	CCSBORF3523	RUSC1	-0.4014154016502687	0.3212794868988564
NC_000003.12:147410298:G:T	ZIC1	ENSG00000152977	CCSBVarC032936	CCSBORF70473	ENSP00000282928.4:p.Ala63Ser	187G>T	CCSBORF3523	RUSC1	-0.04440853307621742	0.2590610237547989
NC_000003.12:147410130:C:T	ZIC1	ENSG00000152977	CCSBVarC032932	CCSBORF70473	ENSP00000282928.4:p.Pro7Ser	19C>T	CCSBORF3523	RUSC1	NULL	NULL
NC_000003.12:147410412:C:A	ZIC1	ENSG00000152977	CCSBVarC032939	CCSBORF70473	ENSP00000282928.4:p.Leu101Met	301C>A	CCSBORF3523	RUSC1	0.2483815604609085	0.24350810039646342
NC_000003.12:147410439:G:C	ZIC1	ENSG00000152977	CCSBVarC032942	CCSBORF70473	ENSP00000282928.4:p.Ala110Pro	328G>C	CCSBORF3523	RUSC1	-0.14772632983092135	0.24230023560359448
NC_000003.12:147410742:G:C	ZIC1	ENSG00000152977	CCSBVarC032945	CCSBORF70473	ENSP00000282928.4:p.Gly211Arg	631G>C	CCSBORF3523	RUSC1	-0.38330778291692535	0.2744597089695433
NC_000003.12:147412651:C:A	ZIC1	ENSG00000152977	CCSBVarC032948	CCSBORF70473	ENSP00000282928.4:p.His373Asn	1117C>A	CCSBORF4695	SMUG1	0.09503113017585454	0.5521315704741834
NC_000003.12:147413404:G:C	ZIC1	ENSG00000152977	CCSBVarC032957	CCSBORF70473	ENSP00000282928.4:p.Gly400Arg	1198G>C	CCSBORF4695	SMUG1	-0.8174716310497857	0.44240299376075415
NC_000003.12:147410298:G:T	ZIC1	ENSG00000152977	CCSBVarC032936	CCSBORF70473	ENSP00000282928.4:p.Ala63Ser	187G>T	CCSBORF4695	SMUG1	-0.12467374523651312	0.41087235600937205
NC_000003.12:147410130:C:T	ZIC1	ENSG00000152977	CCSBVarC032932	CCSBORF70473	ENSP00000282928.4:p.Pro7Ser	19C>T	CCSBORF4695	SMUG1	NULL	NULL
NC_000003.12:147410412:C:A	ZIC1	ENSG00000152977	CCSBVarC032939	CCSBORF70473	ENSP00000282928.4:p.Leu101Met	301C>A	CCSBORF4695	SMUG1	-0.10157362569157158	0.39932386489828364
NC_000003.12:147410439:G:C	ZIC1	ENSG00000152977	CCSBVarC032942	CCSBORF70473	ENSP00000282928.4:p.Ala110Pro	328G>C	CCSBORF4695	SMUG1	-0.23577320844204128	0.3984626931640441
NC_000003.12:147410742:G:C	ZIC1	ENSG00000152977	CCSBVarC032945	CCSBORF70473	ENSP00000282928.4:p.Gly211Arg	631G>C	CCSBORF4695	SMUG1	0.8682316403219741	0.4250667972895592
NC_000003.12:147412651:C:A	ZIC1	ENSG00000152977	CCSBVarC032948	CCSBORF70473	ENSP00000282928.4:p.His373Asn	1117C>A	CCSBORF54667	KRTAP8-1	NULL	NULL
NC_000003.12:147413404:G:C	ZIC1	ENSG00000152977	CCSBVarC032957	CCSBORF70473	ENSP00000282928.4:p.Gly400Arg	1198G>C	CCSBORF54667	KRTAP8-1	-0.19488896813426418	0.5638947349414904
NC_000003.12:147410298:G:T	ZIC1	ENSG00000152977	CCSBVarC032936	CCSBORF70473	ENSP00000282928.4:p.Ala63Ser	187G>T	CCSBORF54667	KRTAP8-1	0.30559420409608373	0.5420761370019689
NC_000003.12:147410130:C:T	ZIC1	ENSG00000152977	CCSBVarC032932	CCSBORF70473	ENSP00000282928.4:p.Pro7Ser	19C>T	CCSBORF54667	KRTAP8-1	-0.484467348133252	1.0078243658043415
NC_000003.12:147410412:C:A	ZIC1	ENSG00000152977	CCSBVarC032939	CCSBORF70473	ENSP00000282928.4:p.Leu101Met	301C>A	CCSBORF54667	KRTAP8-1	0.23996086915767317	0.5299366097071209
NC_000003.12:147410439:G:C	ZIC1	ENSG00000152977	CCSBVarC032942	CCSBORF70473	ENSP00000282928.4:p.Ala110Pro	328G>C	CCSBORF54667	KRTAP8-1	0.08388327736809043	0.5288235504262414
NC_000003.12:147410742:G:C	ZIC1	ENSG00000152977	CCSBVarC032945	CCSBORF70473	ENSP00000282928.4:p.Gly211Arg	631G>C	CCSBORF54667	KRTAP8-1	-0.37926882475966905	0.5658375512174795
NC_000003.12:147412651:C:A	ZIC1	ENSG00000152977	CCSBVarC032948	CCSBORF70473	ENSP00000282928.4:p.His373Asn	1117C>A	CCSBORF54869	KRTAP11-1	-0.1823421738445016	0.4071345676512721
NC_000003.12:147413404:G:C	ZIC1	ENSG00000152977	CCSBVarC032957	CCSBORF70473	ENSP00000282928.4:p.Gly400Arg	1198G>C	CCSBORF54869	KRTAP11-1	-0.9685467824327743	0.4639325191559808
NC_000003.12:147410298:G:T	ZIC1	ENSG00000152977	CCSBVarC032936	CCSBORF70473	ENSP00000282928.4:p.Ala63Ser	187G>T	CCSBORF54869	KRTAP11-1	0.26661662309951706	0.3935194338047528
NC_000003.12:147410130:C:T	ZIC1	ENSG00000152977	CCSBVarC032932	CCSBORF70473	ENSP00000282928.4:p.Pro7Ser	19C>T	CCSBORF54869	KRTAP11-1	-2.023530885058402	0.9371741057399392
NC_000003.12:147410412:C:A	ZIC1	ENSG00000152977	CCSBVarC032939	CCSBORF70473	ENSP00000282928.4:p.Leu101Met	301C>A	CCSBORF54869	KRTAP11-1	0.5055748858789597	0.36878686821244794
NC_000003.12:147410439:G:C	ZIC1	ENSG00000152977	CCSBVarC032942	CCSBORF70473	ENSP00000282928.4:p.Ala110Pro	328G>C	CCSBORF54869	KRTAP11-1	0.1358908607961981	0.36662022193898447
NC_000003.12:147410742:G:C	ZIC1	ENSG00000152977	CCSBVarC032945	CCSBORF70473	ENSP00000282928.4:p.Gly211Arg	631G>C	CCSBORF54869	KRTAP11-1	-0.11847644698522217	0.3938989323675326
NC_000003.12:147412651:C:A	ZIC1	ENSG00000152977	CCSBVarC032948	CCSBORF70473	ENSP00000282928.4:p.His373Asn	1117C>A	CCSBORF55738	KRTAP19-5	NULL	NULL
NC_000003.12:147413404:G:C	ZIC1	ENSG00000152977	CCSBVarC032957	CCSBORF70473	ENSP00000282928.4:p.Gly400Arg	1198G>C	CCSBORF55738	KRTAP19-5	-0.8382328349810448	0.26152568266582754
NC_000003.12:147410298:G:T	ZIC1	ENSG00000152977	CCSBVarC032936	CCSBORF70473	ENSP00000282928.4:p.Ala63Ser	187G>T	CCSBORF55738	KRTAP19-5	-0.8549979627971834	0.20924853442023264
NC_000003.12:147410130:C:T	ZIC1	ENSG00000152977	CCSBVarC032932	CCSBORF70473	ENSP00000282928.4:p.Pro7Ser	19C>T	CCSBORF55738	KRTAP19-5	NULL	NULL
NC_000003.12:147410412:C:A	ZIC1	ENSG00000152977	CCSBVarC032939	CCSBORF70473	ENSP00000282928.4:p.Leu101Met	301C>A	CCSBORF55738	KRTAP19-5	0.258597538648481	0.18175679990721794
NC_000003.12:147410439:G:C	ZIC1	ENSG00000152977	CCSBVarC032942	CCSBORF70473	ENSP00000282928.4:p.Ala110Pro	328G>C	CCSBORF55738	KRTAP19-5	0.5401906967114983	0.17664352191368377
NC_000003.12:147410742:G:C	ZIC1	ENSG00000152977	CCSBVarC032945	CCSBORF70473	ENSP00000282928.4:p.Gly211Arg	631G>C	CCSBORF55738	KRTAP19-5	0.03525869552783148	0.2253097573605861
NC_000003.12:147412651:C:A	ZIC1	ENSG00000152977	CCSBVarC032948	CCSBORF70473	ENSP00000282928.4:p.His373Asn	1117C>A	CCSBORF71745	KRTAP13-2	NULL	NULL
NC_000003.12:147413404:G:C	ZIC1	ENSG00000152977	CCSBVarC032957	CCSBORF70473	ENSP00000282928.4:p.Gly400Arg	1198G>C	CCSBORF71745	KRTAP13-2	-0.608787081859822	0.7092254787299153
NC_000003.12:147410298:G:T	ZIC1	ENSG00000152977	CCSBVarC032936	CCSBORF70473	ENSP00000282928.4:p.Ala63Ser	187G>T	CCSBORF71745	KRTAP13-2	0.08940740722501817	0.6887225313262197
NC_000003.12:147410130:C:T	ZIC1	ENSG00000152977	CCSBVarC032932	CCSBORF70473	ENSP00000282928.4:p.Pro7Ser	19C>T	CCSBORF71745	KRTAP13-2	0.23241139938310257	0.8012922217098771
NC_000003.12:147410412:C:A	ZIC1	ENSG00000152977	CCSBVarC032939	CCSBORF70473	ENSP00000282928.4:p.Leu101Met	301C>A	CCSBORF71745	KRTAP13-2	0.1986446178754808	0.6745655008674076
NC_000003.12:147410439:G:C	ZIC1	ENSG00000152977	CCSBVarC032942	CCSBORF70473	ENSP00000282928.4:p.Ala110Pro	328G>C	CCSBORF71745	KRTAP13-2	0.26887167500946113	0.6738686993699274
NC_000003.12:147410742:G:C	ZIC1	ENSG00000152977	CCSBVarC032945	CCSBORF70473	ENSP00000282928.4:p.Gly211Arg	631G>C	CCSBORF71745	KRTAP13-2	-0.2844807113069372	0.6909059714290667
NC_000003.12:147412651:C:A	ZIC1	ENSG00000152977	CCSBVarC032948	CCSBORF70473	ENSP00000282928.4:p.His373Asn	1117C>A	CCSBORF8808	ABHD11	NULL	NULL
NC_000003.12:147413404:G:C	ZIC1	ENSG00000152977	CCSBVarC032957	CCSBORF70473	ENSP00000282928.4:p.Gly400Arg	1198G>C	CCSBORF8808	ABHD11	0.023022663618220113	0.8766250464328772
NC_000003.12:147410298:G:T	ZIC1	ENSG00000152977	CCSBVarC032936	CCSBORF70473	ENSP00000282928.4:p.Ala63Ser	187G>T	CCSBORF8808	ABHD11	-0.2709462585510779	0.9327713535494703
NC_000003.12:147410130:C:T	ZIC1	ENSG00000152977	CCSBVarC032932	CCSBORF70473	ENSP00000282928.4:p.Pro7Ser	19C>T	CCSBORF8808	ABHD11	0.7557543331344375	0.860078579163735
NC_000003.12:147410412:C:A	ZIC1	ENSG00000152977	CCSBVarC032939	CCSBORF70473	ENSP00000282928.4:p.Leu101Met	301C>A	CCSBORF8808	ABHD11	-0.40222065181517763	0.8517123096049116
NC_000003.12:147410439:G:C	ZIC1	ENSG00000152977	CCSBVarC032942	CCSBORF70473	ENSP00000282928.4:p.Ala110Pro	328G>C	CCSBORF8808	ABHD11	0.14907290136191448	0.8505446009606278
NC_000003.12:147410742:G:C	ZIC1	ENSG00000152977	CCSBVarC032945	CCSBORF70473	ENSP00000282928.4:p.Gly211Arg	631G>C	CCSBORF8808	ABHD11	-0.8218572669561529	0.8609919741463083
NC_000003.12:147412651:C:A	ZIC1	ENSG00000152977	CCSBVarC032948	CCSBORF70473	ENSP00000282928.4:p.His373Asn	1117C>A	CCSBORF9453	ZNF34	0.6361134832502895	0.3890370046646557
NC_000003.12:147413404:G:C	ZIC1	ENSG00000152977	CCSBVarC032957	CCSBORF70473	ENSP00000282928.4:p.Gly400Arg	1198G>C	CCSBORF9453	ZNF34	-0.9888344775952359	0.3890858962302397
NC_000003.12:147410298:G:T	ZIC1	ENSG00000152977	CCSBVarC032936	CCSBORF70473	ENSP00000282928.4:p.Ala63Ser	187G>T	CCSBORF9453	ZNF34	-0.3876277710472147	0.36796030341532654
NC_000003.12:147410130:C:T	ZIC1	ENSG00000152977	CCSBVarC032932	CCSBORF70473	ENSP00000282928.4:p.Pro7Ser	19C>T	CCSBORF9453	ZNF34	NULL	NULL
NC_000003.12:147410412:C:A	ZIC1	ENSG00000152977	CCSBVarC032939	CCSBORF70473	ENSP00000282928.4:p.Leu101Met	301C>A	CCSBORF9453	ZNF34	0.07781059714493217	0.34931122357241073
NC_000003.12:147410439:G:C	ZIC1	ENSG00000152977	CCSBVarC032942	CCSBORF70473	ENSP00000282928.4:p.Ala110Pro	328G>C	CCSBORF9453	ZNF34	-0.41140998135308676	0.3473095833442325
NC_000003.12:147410742:G:C	ZIC1	ENSG00000152977	CCSBVarC032945	CCSBORF70473	ENSP00000282928.4:p.Gly211Arg	631G>C	CCSBORF9453	ZNF34	-0.5583941943254065	0.40185180936247966
NC_000023.11:56564891:G:T	UBQLN2	ENSG00000188021	CCSBVarC033332	CCSBORF71001	ENSP00000345195.5:p.Ser340Ile	1019G>T	CCSBORF100014221	WFDC12	-0.007246227976529601	0.4066750641832382
NC_000023.11:56564915:A:G	UBQLN2	ENSG00000188021	CCSBVarC033334	CCSBORF71001	ENSP00000345195.5:p.Asn348Ser	1043A>G	CCSBORF100014221	WFDC12	0.13095049262450328	0.4157280895420247
NC_000023.11:56565046:A:G	UBQLN2	ENSG00000188021	CCSBVarC033336	CCSBORF71001	ENSP00000345195.5:p.Met392Val	1174A>G	CCSBORF100014221	WFDC12	0.11131329189319206	0.41002618507251554
NC_000023.11:56565146:A:G	UBQLN2	ENSG00000188021	CCSBVarC033338	CCSBORF71001	ENSP00000345195.5:p.Gln425Arg	1274A>G	CCSBORF100014221	WFDC12	-0.5513134022997497	0.5477721316803538
NC_000023.11:56564199:G:C	UBQLN2	ENSG00000188021	CCSBVarC033326	CCSBORF71001	ENSP00000345195.5:p.Gln109His	327G>C	CCSBORF100014221	WFDC12	-0.01818739820095161	0.4075258442829195
NC_000023.11:56564231:G:C	UBQLN2	ENSG00000188021	CCSBVarC033328	CCSBORF71001	ENSP00000345195.5:p.Gly120Ala	359G>C	CCSBORF100014221	WFDC12	-0.18161611778624676	0.4053273567392369
NC_000023.11:56564596:G:A	UBQLN2	ENSG00000188021	CCSBVarC033330	CCSBORF71001	ENSP00000345195.5:p.Ala242Thr	724G>A	CCSBORF100014221	WFDC12	0.08977264801040843	0.4092734280896164
NC_000023.11:56564891:G:T	UBQLN2	ENSG00000188021	CCSBVarC033332	CCSBORF71001	ENSP00000345195.5:p.Ser340Ile	1019G>T	CCSBORF100069038	CLPSL2	0.02527105460574562	0.21662323009166132
NC_000023.11:56564915:A:G	UBQLN2	ENSG00000188021	CCSBVarC033334	CCSBORF71001	ENSP00000345195.5:p.Asn348Ser	1043A>G	CCSBORF100069038	CLPSL2	0.017628624446844224	0.23009486368728937
NC_000023.11:56565046:A:G	UBQLN2	ENSG00000188021	CCSBVarC033336	CCSBORF71001	ENSP00000345195.5:p.Met392Val	1174A>G	CCSBORF100069038	CLPSL2	-0.10831646665214603	0.2565942447937574
NC_000023.11:56565146:A:G	UBQLN2	ENSG00000188021	CCSBVarC033338	CCSBORF71001	ENSP00000345195.5:p.Gln425Arg	1274A>G	CCSBORF100069038	CLPSL2	-0.3735108320428074	0.25325761314611567
NC_000023.11:56564199:G:C	UBQLN2	ENSG00000188021	CCSBVarC033326	CCSBORF71001	ENSP00000345195.5:p.Gln109His	327G>C	CCSBORF100069038	CLPSL2	-0.13517858532483937	0.21643025457373055
NC_000023.11:56564231:G:C	UBQLN2	ENSG00000188021	CCSBVarC033328	CCSBORF71001	ENSP00000345195.5:p.Gly120Ala	359G>C	CCSBORF100069038	CLPSL2	0.10281456541139658	0.24124039006589731
NC_000023.11:56564596:G:A	UBQLN2	ENSG00000188021	CCSBVarC033330	CCSBORF71001	ENSP00000345195.5:p.Ala242Thr	724G>A	CCSBORF100069038	CLPSL2	0.07323412276001505	0.22265313507642426
NC_000023.11:56564891:G:T	UBQLN2	ENSG00000188021	CCSBVarC033332	CCSBORF71001	ENSP00000345195.5:p.Ser340Ile	1019G>T	CCSBORF100080336	CEACAM6	-0.1375688115090244	0.33542926726807387
NC_000023.11:56564915:A:G	UBQLN2	ENSG00000188021	CCSBVarC033334	CCSBORF71001	ENSP00000345195.5:p.Asn348Ser	1043A>G	CCSBORF100080336	CEACAM6	-0.26237783216681776	0.34611032133857605
NC_000023.11:56565046:A:G	UBQLN2	ENSG00000188021	CCSBVarC033336	CCSBORF71001	ENSP00000345195.5:p.Met392Val	1174A>G	CCSBORF100080336	CEACAM6	-0.2507277577978386	0.34119630560158554
NC_000023.11:56565146:A:G	UBQLN2	ENSG00000188021	CCSBVarC033338	CCSBORF71001	ENSP00000345195.5:p.Gln425Arg	1274A>G	CCSBORF100080336	CEACAM6	-0.6772968760659345	0.47104260653148183
NC_000023.11:56564199:G:C	UBQLN2	ENSG00000188021	CCSBVarC033326	CCSBORF71001	ENSP00000345195.5:p.Gln109His	327G>C	CCSBORF100080336	CEACAM6	-0.14427934142926407	0.3360605652694626
NC_000023.11:56564231:G:C	UBQLN2	ENSG00000188021	CCSBVarC033328	CCSBORF71001	ENSP00000345195.5:p.Gly120Ala	359G>C	CCSBORF100080336	CEACAM6	-0.053676905307083765	0.3342590751907465
NC_000023.11:56564596:G:A	UBQLN2	ENSG00000188021	CCSBVarC033330	CCSBORF71001	ENSP00000345195.5:p.Ala242Thr	724G>A	CCSBORF100080336	CEACAM6	-0.5272963777048953	0.3402645984961492
NC_000023.11:56564891:G:T	UBQLN2	ENSG00000188021	CCSBVarC033332	CCSBORF71001	ENSP00000345195.5:p.Ser340Ile	1019G>T	CCSBORF13286	AGR3	-0.1485925852519989	0.2841102891611714
NC_000023.11:56564915:A:G	UBQLN2	ENSG00000188021	CCSBVarC033334	CCSBORF71001	ENSP00000345195.5:p.Asn348Ser	1043A>G	CCSBORF13286	AGR3	-0.45640279865275546	0.2927669562295185
NC_000023.11:56565046:A:G	UBQLN2	ENSG00000188021	CCSBVarC033336	CCSBORF71001	ENSP00000345195.5:p.Met392Val	1174A>G	CCSBORF13286	AGR3	-0.18417974539649115	0.28918655499095036
NC_000023.11:56565146:A:G	UBQLN2	ENSG00000188021	CCSBVarC033338	CCSBORF71001	ENSP00000345195.5:p.Gln425Arg	1274A>G	CCSBORF13286	AGR3	-0.7126756762165588	0.3284784520130734
NC_000023.11:56564199:G:C	UBQLN2	ENSG00000188021	CCSBVarC033326	CCSBORF71001	ENSP00000345195.5:p.Gln109His	327G>C	CCSBORF13286	AGR3	0.025920240837224842	0.2834849655937394
NC_000023.11:56564231:G:C	UBQLN2	ENSG00000188021	CCSBVarC033328	CCSBORF71001	ENSP00000345195.5:p.Gly120Ala	359G>C	CCSBORF13286	AGR3	-0.08310937675855823	0.2859194853786552
NC_000023.11:56564596:G:A	UBQLN2	ENSG00000188021	CCSBVarC033330	CCSBORF71001	ENSP00000345195.5:p.Ala242Thr	724G>A	CCSBORF13286	AGR3	-0.025360617904766347	0.3366970528975704
NC_000023.11:56564891:G:T	UBQLN2	ENSG00000188021	CCSBVarC033332	CCSBORF71001	ENSP00000345195.5:p.Ser340Ile	1019G>T	CCSBORF13689	TIMP2	0.1923823227095456	0.1907486536446212
NC_000023.11:56564915:A:G	UBQLN2	ENSG00000188021	CCSBVarC033334	CCSBORF71001	ENSP00000345195.5:p.Asn348Ser	1043A>G	CCSBORF13689	TIMP2	-0.46970383906553087	0.3126361977588313
NC_000023.11:56565046:A:G	UBQLN2	ENSG00000188021	CCSBVarC033336	CCSBORF71001	ENSP00000345195.5:p.Met392Val	1174A>G	CCSBORF13689	TIMP2	-0.22310701416091028	0.19987269376726013
NC_000023.11:56565146:A:G	UBQLN2	ENSG00000188021	CCSBVarC033338	CCSBORF71001	ENSP00000345195.5:p.Gln425Arg	1274A>G	CCSBORF13689	TIMP2	-0.49042558978659473	0.3323017040350363
NC_000023.11:56564199:G:C	UBQLN2	ENSG00000188021	CCSBVarC033326	CCSBORF71001	ENSP00000345195.5:p.Gln109His	327G>C	CCSBORF13689	TIMP2	-0.14492414335065235	0.19280174892771412
NC_000023.11:56564231:G:C	UBQLN2	ENSG00000188021	CCSBVarC033328	CCSBORF71001	ENSP00000345195.5:p.Gly120Ala	359G>C	CCSBORF13689	TIMP2	-0.08328463134407511	0.190237577641939
NC_000023.11:56564596:G:A	UBQLN2	ENSG00000188021	CCSBVarC033330	CCSBORF71001	ENSP00000345195.5:p.Ala242Thr	724G>A	CCSBORF13689	TIMP2	-0.10974164349798936	0.25321693914742066
NC_000023.11:56564891:G:T	UBQLN2	ENSG00000188021	CCSBVarC033332	CCSBORF71001	ENSP00000345195.5:p.Ser340Ile	1019G>T	CCSBORF14011	DEFA6	-0.026360565661341463	0.3121774900100579
NC_000023.11:56564915:A:G	UBQLN2	ENSG00000188021	CCSBVarC033334	CCSBORF71001	ENSP00000345195.5:p.Asn348Ser	1043A>G	CCSBORF14011	DEFA6	0.056760000581526554	0.32124995640895504
NC_000023.11:56565046:A:G	UBQLN2	ENSG00000188021	CCSBVarC033336	CCSBORF71001	ENSP00000345195.5:p.Met392Val	1174A>G	CCSBORF14011	DEFA6	0.17465042410856715	0.3160678718283322
NC_000023.11:56565146:A:G	UBQLN2	ENSG00000188021	CCSBVarC033338	CCSBORF71001	ENSP00000345195.5:p.Gln425Arg	1274A>G	CCSBORF14011	DEFA6	-0.5949345445430816	0.4109744844251947
NC_000023.11:56564199:G:C	UBQLN2	ENSG00000188021	CCSBVarC033326	CCSBORF71001	ENSP00000345195.5:p.Gln109His	327G>C	CCSBORF14011	DEFA6	-0.29728582114634916	0.31380110363603697
NC_000023.11:56564231:G:C	UBQLN2	ENSG00000188021	CCSBVarC033328	CCSBORF71001	ENSP00000345195.5:p.Gly120Ala	359G>C	CCSBORF14011	DEFA6	-0.32544716402593127	0.3111832402178433
NC_000023.11:56564596:G:A	UBQLN2	ENSG00000188021	CCSBVarC033330	CCSBORF71001	ENSP00000345195.5:p.Ala242Thr	724G>A	CCSBORF14011	DEFA6	-0.6387815124506229	0.3180900625050882
NC_000023.11:56564891:G:T	UBQLN2	ENSG00000188021	CCSBVarC033332	CCSBORF71001	ENSP00000345195.5:p.Ser340Ile	1019G>T	CCSBORF14957	PRAP1	-0.1532323231820309	0.40653850538266634
NC_000023.11:56564915:A:G	UBQLN2	ENSG00000188021	CCSBVarC033334	CCSBORF71001	ENSP00000345195.5:p.Asn348Ser	1043A>G	CCSBORF14957	PRAP1	-0.32077917588054444	0.9772187281657594
NC_000023.11:56565046:A:G	UBQLN2	ENSG00000188021	CCSBVarC033336	CCSBORF71001	ENSP00000345195.5:p.Met392Val	1174A>G	CCSBORF14957	PRAP1	-0.38114919979570155	0.4090088913345714
NC_000023.11:56565146:A:G	UBQLN2	ENSG00000188021	CCSBVarC033338	CCSBORF71001	ENSP00000345195.5:p.Gln425Arg	1274A>G	CCSBORF14957	PRAP1	-0.4547245408260088	0.4137111389798149
NC_000023.11:56564199:G:C	UBQLN2	ENSG00000188021	CCSBVarC033326	CCSBORF71001	ENSP00000345195.5:p.Gln109His	327G>C	CCSBORF14957	PRAP1	-0.5416941750519406	0.4069540553197499
NC_000023.11:56564231:G:C	UBQLN2	ENSG00000188021	CCSBVarC033328	CCSBORF71001	ENSP00000345195.5:p.Gly120Ala	359G>C	CCSBORF14957	PRAP1	0.15347263421763302	0.4060796636529585
NC_000023.11:56564596:G:A	UBQLN2	ENSG00000188021	CCSBVarC033330	CCSBORF71001	ENSP00000345195.5:p.Ala242Thr	724G>A	CCSBORF14957	PRAP1	-1.0004738006301221	0.40900975487593455
NC_000023.11:56564891:G:T	UBQLN2	ENSG00000188021	CCSBVarC033332	CCSBORF71001	ENSP00000345195.5:p.Ser340Ile	1019G>T	CCSBORF15065	BCL2L11	0.010817339383424995	0.3972839941635313
NC_000023.11:56564915:A:G	UBQLN2	ENSG00000188021	CCSBVarC033334	CCSBORF71001	ENSP00000345195.5:p.Asn348Ser	1043A>G	CCSBORF15065	BCL2L11	0.06121039107161383	0.4431474240589685
NC_000023.11:56565046:A:G	UBQLN2	ENSG00000188021	CCSBVarC033336	CCSBORF71001	ENSP00000345195.5:p.Met392Val	1174A>G	CCSBORF15065	BCL2L11	0.6672886804662485	0.29885208596022467
NC_000023.11:56565146:A:G	UBQLN2	ENSG00000188021	CCSBVarC033338	CCSBORF71001	ENSP00000345195.5:p.Gln425Arg	1274A>G	CCSBORF15065	BCL2L11	0.42517696517187775	0.31813512599749155
NC_000023.11:56564199:G:C	UBQLN2	ENSG00000188021	CCSBVarC033326	CCSBORF71001	ENSP00000345195.5:p.Gln109His	327G>C	CCSBORF15065	BCL2L11	-0.47685190009221734	0.38392690827152753
NC_000023.11:56564231:G:C	UBQLN2	ENSG00000188021	CCSBVarC033328	CCSBORF71001	ENSP00000345195.5:p.Gly120Ala	359G>C	CCSBORF15065	BCL2L11	-0.40315747192254436	0.3992427350001452
NC_000023.11:56564596:G:A	UBQLN2	ENSG00000188021	CCSBVarC033330	CCSBORF71001	ENSP00000345195.5:p.Ala242Thr	724G>A	CCSBORF15065	BCL2L11	0.03996784231763804	0.4049174485222702
NC_000023.11:56564891:G:T	UBQLN2	ENSG00000188021	CCSBVarC033332	CCSBORF71001	ENSP00000345195.5:p.Ser340Ile	1019G>T	CCSBORF3990	PSMD2	0.5072685433650718	0.8908552953077997
NC_000023.11:56564915:A:G	UBQLN2	ENSG00000188021	CCSBVarC033334	CCSBORF71001	ENSP00000345195.5:p.Asn348Ser	1043A>G	CCSBORF3990	PSMD2	0.4796608610656521	0.892844314209232
NC_000023.11:56565046:A:G	UBQLN2	ENSG00000188021	CCSBVarC033336	CCSBORF71001	ENSP00000345195.5:p.Met392Val	1174A>G	CCSBORF3990	PSMD2	-0.08908138316061723	0.8930190362333685
NC_000023.11:56565146:A:G	UBQLN2	ENSG00000188021	CCSBVarC033338	CCSBORF71001	ENSP00000345195.5:p.Gln425Arg	1274A>G	CCSBORF3990	PSMD2	-0.48635760689696633	1.105028948313392
NC_000023.11:56564199:G:C	UBQLN2	ENSG00000188021	CCSBVarC033326	CCSBORF71001	ENSP00000345195.5:p.Gln109His	327G>C	CCSBORF3990	PSMD2	-0.3897126822640762	0.8917968194709996
NC_000023.11:56564231:G:C	UBQLN2	ENSG00000188021	CCSBVarC033328	CCSBORF71001	ENSP00000345195.5:p.Gly120Ala	359G>C	CCSBORF3990	PSMD2	0.03952514483735839	0.8907863169908102
NC_000023.11:56564596:G:A	UBQLN2	ENSG00000188021	CCSBVarC033330	CCSBORF71001	ENSP00000345195.5:p.Ala242Thr	724G>A	CCSBORF3990	PSMD2	0.08146618531780905	0.8922886645892569
NC_000023.11:56564891:G:T	UBQLN2	ENSG00000188021	CCSBVarC033332	CCSBORF71001	ENSP00000345195.5:p.Ser340Ile	1019G>T	CCSBORF5231	LASP1	-1.0279715085113463	0.8565147939062205
NC_000023.11:56564915:A:G	UBQLN2	ENSG00000188021	CCSBVarC033334	CCSBORF71001	ENSP00000345195.5:p.Asn348Ser	1043A>G	CCSBORF5231	LASP1	-1.5700109479171838	0.8729504315294933
NC_000023.11:56565046:A:G	UBQLN2	ENSG00000188021	CCSBVarC033336	CCSBORF71001	ENSP00000345195.5:p.Met392Val	1174A>G	CCSBORF5231	LASP1	0.8208941528772014	0.9448889192592171
NC_000023.11:56565146:A:G	UBQLN2	ENSG00000188021	CCSBVarC033338	CCSBORF71001	ENSP00000345195.5:p.Gln425Arg	1274A>G	CCSBORF5231	LASP1	-1.0204946353285829	0.8670380921422367
NC_000023.11:56564199:G:C	UBQLN2	ENSG00000188021	CCSBVarC033326	CCSBORF71001	ENSP00000345195.5:p.Gln109His	327G>C	CCSBORF5231	LASP1	0.300236649181049	0.8560416946109207
NC_000023.11:56564231:G:C	UBQLN2	ENSG00000188021	CCSBVarC033328	CCSBORF71001	ENSP00000345195.5:p.Gly120Ala	359G>C	CCSBORF5231	LASP1	-0.4364214094367554	0.8548415113328816
NC_000023.11:56564596:G:A	UBQLN2	ENSG00000188021	CCSBVarC033330	CCSBORF71001	ENSP00000345195.5:p.Ala242Thr	724G>A	CCSBORF5231	LASP1	-0.555148975342035	0.8581511470916522
NC_000023.11:56564891:G:T	UBQLN2	ENSG00000188021	CCSBVarC033332	CCSBORF71001	ENSP00000345195.5:p.Ser340Ile	1019G>T	CCSBORF52604	NRN1L	-0.39555112693477595	0.2437720181260304
NC_000023.11:56564915:A:G	UBQLN2	ENSG00000188021	CCSBVarC033334	CCSBORF71001	ENSP00000345195.5:p.Asn348Ser	1043A>G	CCSBORF52604	NRN1L	0.31853814508174355	0.26186564036994264
NC_000023.11:56565046:A:G	UBQLN2	ENSG00000188021	CCSBVarC033336	CCSBORF71001	ENSP00000345195.5:p.Met392Val	1174A>G	CCSBORF52604	NRN1L	-0.394120273506408	0.27222562880831247
NC_000023.11:56565146:A:G	UBQLN2	ENSG00000188021	CCSBVarC033338	CCSBORF71001	ENSP00000345195.5:p.Gln425Arg	1274A>G	CCSBORF52604	NRN1L	-0.10899395552829377	0.3544933691638245
NC_000023.11:56564199:G:C	UBQLN2	ENSG00000188021	CCSBVarC033326	CCSBORF71001	ENSP00000345195.5:p.Gln109His	327G>C	CCSBORF52604	NRN1L	-0.5345129556135464	0.2450206384326247
NC_000023.11:56564231:G:C	UBQLN2	ENSG00000188021	CCSBVarC033328	CCSBORF71001	ENSP00000345195.5:p.Gly120Ala	359G>C	CCSBORF52604	NRN1L	-0.05979802432090784	0.25855667043541974
NC_000023.11:56564596:G:A	UBQLN2	ENSG00000188021	CCSBVarC033330	CCSBORF71001	ENSP00000345195.5:p.Ala242Thr	724G>A	CCSBORF52604	NRN1L	0.08026575296819226	0.2523244599002136
NC_000023.11:56564891:G:T	UBQLN2	ENSG00000188021	CCSBVarC033332	CCSBORF71001	ENSP00000345195.5:p.Ser340Ile	1019G>T	CCSBORF56785	ANKRD33	0.2563578853638096	0.39195397941069193
NC_000023.11:56564915:A:G	UBQLN2	ENSG00000188021	CCSBVarC033334	CCSBORF71001	ENSP00000345195.5:p.Asn348Ser	1043A>G	CCSBORF56785	ANKRD33	0.07311531671221042	0.4030139311605839
NC_000023.11:56565046:A:G	UBQLN2	ENSG00000188021	CCSBVarC033336	CCSBORF71001	ENSP00000345195.5:p.Met392Val	1174A>G	CCSBORF56785	ANKRD33	-0.15137147517755126	0.4355323844168314
NC_000023.11:56565146:A:G	UBQLN2	ENSG00000188021	CCSBVarC033338	CCSBORF71001	ENSP00000345195.5:p.Gln425Arg	1274A>G	CCSBORF56785	ANKRD33	-0.2977514646265678	0.4177635932489484
NC_000023.11:56564199:G:C	UBQLN2	ENSG00000188021	CCSBVarC033326	CCSBORF71001	ENSP00000345195.5:p.Gln109His	327G>C	CCSBORF56785	ANKRD33	0.006394053692183162	0.39155027283680793
NC_000023.11:56564231:G:C	UBQLN2	ENSG00000188021	CCSBVarC033328	CCSBORF71001	ENSP00000345195.5:p.Gly120Ala	359G>C	CCSBORF56785	ANKRD33	-0.08886001039124751	0.3906536050592555
NC_000023.11:56564596:G:A	UBQLN2	ENSG00000188021	CCSBVarC033330	CCSBORF71001	ENSP00000345195.5:p.Ala242Thr	724G>A	CCSBORF56785	ANKRD33	0.26246724408142824	0.45396520718400457
NC_000002.12:55870850:A:G	EFEMP1	ENSG00000115380	CCSBVarC024701	CCSBORF7147	ENSP00000347596.3:p.Tyr397His	1189T>C	CCSBORF4239	IGFBP6	-0.14512305269068593	0.46753785307439627
NC_000002.12:55918047:A:G	EFEMP1	ENSG00000115380	CCSBVarC024614	CCSBORF7147	ENSP00000347596.3:p.Ile45Thr	134T>C	CCSBORF4239	IGFBP6	-0.08354201609319414	0.47936128011253326
NC_000002.12:55867134:C:G	EFEMP1	ENSG00000115380	CCSBVarC024703	CCSBORF7147	ENSP00000347596.3:p.Gly474Arg	1420G>C	CCSBORF4239	IGFBP6	-0.5861496436323457	0.46178597033240093
NC_000002.12:55867125:G:A	EFEMP1	ENSG00000115380	CCSBVarC024705	CCSBORF7147	ENSP00000347596.3:p.Arg477Cys	1429C>T	CCSBORF4239	IGFBP6	-0.03551708117448117	0.47193957687884097
NC_000002.12:55918035:T:G	EFEMP1	ENSG00000115380	CCSBVarC024624	CCSBORF7147	ENSP00000347596.3:p.Asp49Ala	146A>C	CCSBORF4239	IGFBP6	-0.23614778222562283	0.46496162783667244
NC_000002.12:55922424:A:G	EFEMP1	ENSG00000115380	CCSBVarC024610	CCSBORF7147	ENSP00000347596.3:p.Phe6Leu	16T>C	CCSBORF4239	IGFBP6	-0.023275918327724396	0.4641135227513151
NC_000002.12:55917835:C:T	EFEMP1	ENSG00000115380	CCSBVarC024630	CCSBORF7147	ENSP00000347596.3:p.Gly116Ser	346G>A	CCSBORF4239	IGFBP6	-0.34924995074951437	0.46054531184166425
NC_000002.12:55917780:C:T	EFEMP1	ENSG00000115380	CCSBVarC024650	CCSBORF7147	ENSP00000347596.3:p.Arg134Gln	401G>A	CCSBORF4239	IGFBP6	-0.15251444271483672	0.4609845810799476
NC_000017.11:35119117:G:C	RAD51D	ENSG00000185379	CCSBVarC024795	CCSBORF7201	ENSP00000338790.6:p.Ser46Cys	137C>G	CCSBORF13571	XRCC2	-0.5309899808460925	0.3050204896341763
NC_000017.11:35118600:G:A	RAD51D	ENSG00000185379	CCSBVarC024799	CCSBORF7201	ENSP00000338790.6:p.Arg55Trp	163C>T	CCSBORF13571	XRCC2	-0.964781421880955	0.3318337444753826
NC_000017.11:35118596:A:C	RAD51D	ENSG00000185379	CCSBVarC024801	CCSBORF7201	ENSP00000338790.6:p.Val56Gly	167T>G	CCSBORF13571	XRCC2	-0.7184467180380563	0.32161233874933054
NC_000017.11:35118567:C:A	RAD51D	ENSG00000185379	CCSBVarC024807	CCSBORF7201	ENSP00000338790.6:p.Val66Leu	196G>T	CCSBORF13571	XRCC2	-0.9795005061250059	0.30921596007677077
NC_000017.11:35119587:C:G	RAD51D	ENSG00000185379	CCSBVarC024707	CCSBORF7201	ENSP00000338790.6:p.Cys9Ser	26G>C	CCSBORF13571	XRCC2	-0.8988642595026198	0.5276612978515135
NC_000017.11:35107073:C:T	RAD51D	ENSG00000185379	CCSBVarC024822	CCSBORF7201	ENSP00000338790.6:p.Val132Ile	394G>A	CCSBORF13571	XRCC2	-0.368347347002588	0.29819736157989135
NC_000017.11:35107055:T:G	RAD51D	ENSG00000185379	CCSBVarC024825	CCSBORF7201	ENSP00000338790.6:p.Asn138His	412A>C	CCSBORF13571	XRCC2	-1.0081102493383953	0.3401861386660777
NC_000017.11:35119564:T:C	RAD51D	ENSG00000185379	CCSBVarC024709	CCSBORF7201	ENSP00000338790.6:p.Ile17Val	49A>G	CCSBORF13571	XRCC2	-0.7589459827126838	0.37070632884693905
NC_000017.11:35119545:T:C	RAD51D	ENSG00000185379	CCSBVarC024711	CCSBORF7201	ENSP00000338790.6:p.His23Arg	68A>G	CCSBORF13571	XRCC2	-0.3872264473702441	0.2892603436258712
NC_000017.11:35103300:C:A	RAD51D	ENSG00000185379	CCSBVarC024850	CCSBORF7201	ENSP00000338790.6:p.Ala231Ser	691G>T	CCSBORF13571	XRCC2	-0.6194300775275923	0.33562056951809394
NC_000017.11:35101352:T:C	RAD51D	ENSG00000185379	CCSBVarC024857	CCSBORF7201	ENSP00000338790.6:p.Ile251Val	751A>G	CCSBORF13571	XRCC2	-0.9478419884663587	0.2948107097865698
NC_000017.11:35119533:G:T	RAD51D	ENSG00000185379	CCSBVarC024723	CCSBORF7201	ENSP00000338790.6:p.Thr27Lys	80C>A	CCSBORF13571	XRCC2	-0.736840170555088	0.3027326508082532
NC_000017.11:35119531:C:G	RAD51D	ENSG00000185379	CCSBVarC024750	CCSBORF7201	ENSP00000338790.6:p.Val28Leu	82G>C	CCSBORF13571	XRCC2	-0.6944702555435754	0.2909085964812412
NC_000017.11:35101238:C:T	RAD51D	ENSG00000185379	CCSBVarC024877	CCSBORF7201	ENSP00000338790.6:p.Gly289Ser	865G>A	CCSBORF13571	XRCC2	-0.5246346083009613	0.329858915694093
NC_000017.11:35101234:C:T	RAD51D	ENSG00000185379	CCSBVarC024880	CCSBORF7201	ENSP00000338790.6:p.Arg290Gln	869G>A	CCSBORF13571	XRCC2	-0.4655271097092618	0.28582382935777867
NC_000017.11:35101024:G:C	RAD51D	ENSG00000185379	CCSBVarC024886	CCSBORF7201	ENSP00000338790.6:p.Phe305Leu	915C>G	CCSBORF13571	XRCC2	-0.5227314306125668	0.2895093649364688
NC_000017.11:35101020:C:T	RAD51D	ENSG00000185379	CCSBVarC024889	CCSBORF7201	ENSP00000338790.6:p.Glu307Lys	919G>A	CCSBORF13571	XRCC2	-0.5656985634969955	0.294492204065284
NC_000017.11:35101017:T:C	RAD51D	ENSG00000185379	CCSBVarC024892	CCSBORF7201	ENSP00000338790.6:p.Met308Val	922A>G	CCSBORF13571	XRCC2	-0.5240526932378797	0.2846599209199778
NC_000017.11:35100956:G:A	RAD51D	ENSG00000185379	CCSBVarC024896	CCSBORF7201	ENSP00000338790.6:p.Thr328Ile	983C>T	CCSBORF13571	XRCC2	-0.2905750073654944	0.30050812674096583
NC_000017.11:35119117:G:C	RAD51D	ENSG00000185379	CCSBVarC024795	CCSBORF7201	ENSP00000338790.6:p.Ser46Cys	137C>G	CCSBORF5716	CCNL1	-3.5278678640537464	0.6383453977912077
NC_000017.11:35118600:G:A	RAD51D	ENSG00000185379	CCSBVarC024799	CCSBORF7201	ENSP00000338790.6:p.Arg55Trp	163C>T	CCSBORF5716	CCNL1	-2.2426428716753533	0.5866763327237636
NC_000017.11:35118596:A:C	RAD51D	ENSG00000185379	CCSBVarC024801	CCSBORF7201	ENSP00000338790.6:p.Val56Gly	167T>G	CCSBORF5716	CCNL1	0.3643996912696586	0.5294358669335847
NC_000017.11:35118567:C:A	RAD51D	ENSG00000185379	CCSBVarC024807	CCSBORF7201	ENSP00000338790.6:p.Val66Leu	196G>T	CCSBORF5716	CCNL1	-1.3889265824368016	0.664849996813964
NC_000017.11:35119587:C:G	RAD51D	ENSG00000185379	CCSBVarC024707	CCSBORF7201	ENSP00000338790.6:p.Cys9Ser	26G>C	CCSBORF5716	CCNL1	-4.042483488719528	0.7316918043629338
NC_000017.11:35107073:C:T	RAD51D	ENSG00000185379	CCSBVarC024822	CCSBORF7201	ENSP00000338790.6:p.Val132Ile	394G>A	CCSBORF5716	CCNL1	-3.1115147963398457	0.5863655303126826
NC_000017.11:35107055:T:G	RAD51D	ENSG00000185379	CCSBVarC024825	CCSBORF7201	ENSP00000338790.6:p.Asn138His	412A>C	CCSBORF5716	CCNL1	1.5010869263613018	0.5302695844705426
NC_000017.11:35119564:T:C	RAD51D	ENSG00000185379	CCSBVarC024709	CCSBORF7201	ENSP00000338790.6:p.Ile17Val	49A>G	CCSBORF5716	CCNL1	0.08067193924334565	0.5871504139070975
NC_000017.11:35119545:T:C	RAD51D	ENSG00000185379	CCSBVarC024711	CCSBORF7201	ENSP00000338790.6:p.His23Arg	68A>G	CCSBORF5716	CCNL1	-1.351527177319238	0.5285061900433591
NC_000017.11:35103300:C:A	RAD51D	ENSG00000185379	CCSBVarC024850	CCSBORF7201	ENSP00000338790.6:p.Ala231Ser	691G>T	CCSBORF5716	CCNL1	-0.46090534574774794	0.5383483556876786
NC_000017.11:35101352:T:C	RAD51D	ENSG00000185379	CCSBVarC024857	CCSBORF7201	ENSP00000338790.6:p.Ile251Val	751A>G	CCSBORF5716	CCNL1	0.46267674763729605	0.5244145291550641
NC_000017.11:35119533:G:T	RAD51D	ENSG00000185379	CCSBVarC024723	CCSBORF7201	ENSP00000338790.6:p.Thr27Lys	80C>A	CCSBORF5716	CCNL1	-2.43751049947421	0.7384155150221507
NC_000017.11:35119531:C:G	RAD51D	ENSG00000185379	CCSBVarC024750	CCSBORF7201	ENSP00000338790.6:p.Val28Leu	82G>C	CCSBORF5716	CCNL1	-5.867389814990541	0.6951675493500178
NC_000017.11:35101238:C:T	RAD51D	ENSG00000185379	CCSBVarC024877	CCSBORF7201	ENSP00000338790.6:p.Gly289Ser	865G>A	CCSBORF5716	CCNL1	-1.0811745256256216	0.5411110860495381
NC_000017.11:35101234:C:T	RAD51D	ENSG00000185379	CCSBVarC024880	CCSBORF7201	ENSP00000338790.6:p.Arg290Gln	869G>A	CCSBORF5716	CCNL1	-0.14699404919900189	0.520186795412222
NC_000017.11:35101024:G:C	RAD51D	ENSG00000185379	CCSBVarC024886	CCSBORF7201	ENSP00000338790.6:p.Phe305Leu	915C>G	CCSBORF5716	CCNL1	1.531436634063501	0.5201461404966143
NC_000017.11:35101020:C:T	RAD51D	ENSG00000185379	CCSBVarC024889	CCSBORF7201	ENSP00000338790.6:p.Glu307Lys	919G>A	CCSBORF5716	CCNL1	-1.8597536763779825	0.5443024826920588
NC_000017.11:35101017:T:C	RAD51D	ENSG00000185379	CCSBVarC024892	CCSBORF7201	ENSP00000338790.6:p.Met308Val	922A>G	CCSBORF5716	CCNL1	-0.7788608195705955	0.5202804847513065
NC_000017.11:35100956:G:A	RAD51D	ENSG00000185379	CCSBVarC024896	CCSBORF7201	ENSP00000338790.6:p.Thr328Ile	983C>T	CCSBORF5716	CCNL1	-1.5549287225442612	0.5519850537652986
NC_000017.11:15259171:G:A	PMP22	ENSG00000109099	CCSBVarC024826	CCSBORF7323	ENSP00000308937.3:p.His34Tyr	100C>T	CCSBORF13628	KLRC1	-0.9154511093581834	2.769441213234744
NC_000017.11:15239554:A:T	PMP22	ENSG00000109099	CCSBVarC024866	CCSBORF7323	ENSP00000308937.3:p.Ser79Thr	235T>A	CCSBORF13628	KLRC1	-4.720948777793877	2.271832680862614
NC_000017.11:15239553:G:A	PMP22	ENSG00000109099	CCSBVarC024870	CCSBORF7323	ENSP00000308937.3:p.Ser79Phe	236C>T	CCSBORF13628	KLRC1	-1.5814986093096075	1.3158348376989657
NC_000017.11:15239544:A:G	PMP22	ENSG00000109099	CCSBVarC024873	CCSBORF7323	ENSP00000308937.3:p.Leu82Pro	245T>C	CCSBORF13628	KLRC1	-0.5690240947699594	1.2529650251070121
NC_000017.11:15231079:C:A	PMP22	ENSG00000109099	CCSBVarC024907	CCSBORF7323	ENSP00000308937.3:p.Gly107Val	320G>T	CCSBORF13628	KLRC1	-0.349163812308513	1.252504586104985
NC_000017.11:15231034:G:A	PMP22	ENSG00000109099	CCSBVarC024908	CCSBORF7323	ENSP00000308937.3:p.Pro122Leu	365C>T	CCSBORF13628	KLRC1	-0.6423709855497263	1.251476764146963
NC_000017.11:15231007:G:C	PMP22	ENSG00000109099	CCSBVarC024910	CCSBORF7323	ENSP00000308937.3:p.Ser131Cys	392C>G	CCSBORF13628	KLRC1	NULL	NULL
NC_000017.11:15230965:A:C	PMP22	ENSG00000109099	CCSBVarC024920	CCSBORF7323	ENSP00000308937.3:p.Leu145Arg	434T>G	CCSBORF13628	KLRC1	-0.9138351623094043	1.2517150530207446
NC_000017.11:15230952:G:T	PMP22	ENSG00000109099	CCSBVarC024923	CCSBORF7323	ENSP00000308937.3:p.Ser149Arg	447C>A	CCSBORF13628	KLRC1	-1.3721666368411167	1.2511458656730416
NC_000017.11:15260659:G:T	PMP22	ENSG00000109099	CCSBVarC024814	CCSBORF7323	ENSP00000308937.3:p.Thr23Lys	68C>A	CCSBORF13628	KLRC1	-0.3988796636413936	1.2512974216482824
NC_000017.11:15259171:G:A	PMP22	ENSG00000109099	CCSBVarC024826	CCSBORF7323	ENSP00000308937.3:p.His34Tyr	100C>T	CCSBORF14596	GPR61	NULL	NULL
NC_000017.11:15239554:A:T	PMP22	ENSG00000109099	CCSBVarC024866	CCSBORF7323	ENSP00000308937.3:p.Ser79Thr	235T>A	CCSBORF14596	GPR61	-1.0063390403603334	2.2164296017074347
NC_000017.11:15239553:G:A	PMP22	ENSG00000109099	CCSBVarC024870	CCSBORF7323	ENSP00000308937.3:p.Ser79Phe	236C>T	CCSBORF14596	GPR61	-0.21451044259097185	2.0374146914517457
NC_000017.11:15239544:A:G	PMP22	ENSG00000109099	CCSBVarC024873	CCSBORF7323	ENSP00000308937.3:p.Leu82Pro	245T>C	CCSBORF14596	GPR61	0.7929463718569847	2.0388471728852022
NC_000017.11:15231079:C:A	PMP22	ENSG00000109099	CCSBVarC024907	CCSBORF7323	ENSP00000308937.3:p.Gly107Val	320G>T	CCSBORF14596	GPR61	0.6313822691770306	2.0384542620556414
NC_000017.11:15231034:G:A	PMP22	ENSG00000109099	CCSBVarC024908	CCSBORF7323	ENSP00000308937.3:p.Pro122Leu	365C>T	CCSBORF14596	GPR61	-0.4765646025033081	2.036910944387342
NC_000017.11:15231007:G:C	PMP22	ENSG00000109099	CCSBVarC024910	CCSBORF7323	ENSP00000308937.3:p.Ser131Cys	392C>G	CCSBORF14596	GPR61	NULL	NULL
NC_000017.11:15230965:A:C	PMP22	ENSG00000109099	CCSBVarC024920	CCSBORF7323	ENSP00000308937.3:p.Leu145Arg	434T>G	CCSBORF14596	GPR61	0.7943840791950753	2.037023729888802
NC_000017.11:15230952:G:T	PMP22	ENSG00000109099	CCSBVarC024923	CCSBORF7323	ENSP00000308937.3:p.Ser149Arg	447C>A	CCSBORF14596	GPR61	0.1561974428325591	2.036332791642097
NC_000017.11:15260659:G:T	PMP22	ENSG00000109099	CCSBVarC024814	CCSBORF7323	ENSP00000308937.3:p.Thr23Lys	68C>A	CCSBORF14596	GPR61	-0.4547001129489373	2.0364871223752097
NC_000017.11:15259171:G:A	PMP22	ENSG00000109099	CCSBVarC024826	CCSBORF7323	ENSP00000308937.3:p.His34Tyr	100C>T	CCSBORF3013	SLC38A1	NULL	NULL
NC_000017.11:15239554:A:T	PMP22	ENSG00000109099	CCSBVarC024866	CCSBORF7323	ENSP00000308937.3:p.Ser79Thr	235T>A	CCSBORF3013	SLC38A1	-1.4839578084697624	0.6943648823438819
NC_000017.11:15239553:G:A	PMP22	ENSG00000109099	CCSBVarC024870	CCSBORF7323	ENSP00000308937.3:p.Ser79Phe	236C>T	CCSBORF3013	SLC38A1	-0.40512102404933303	1.0524758179923748
NC_000017.11:15239544:A:G	PMP22	ENSG00000109099	CCSBVarC024873	CCSBORF7323	ENSP00000308937.3:p.Leu82Pro	245T>C	CCSBORF3013	SLC38A1	0.46275163803034935	0.68939540720792
NC_000017.11:15231079:C:A	PMP22	ENSG00000109099	CCSBVarC024907	CCSBORF7323	ENSP00000308937.3:p.Gly107Val	320G>T	CCSBORF3013	SLC38A1	1.1584478448006794	0.6918389297336496
NC_000017.11:15231034:G:A	PMP22	ENSG00000109099	CCSBVarC024908	CCSBORF7323	ENSP00000308937.3:p.Pro122Leu	365C>T	CCSBORF3013	SLC38A1	-0.29057474810153355	0.6882990513845221
NC_000017.11:15231007:G:C	PMP22	ENSG00000109099	CCSBVarC024910	CCSBORF7323	ENSP00000308937.3:p.Ser131Cys	392C>G	CCSBORF3013	SLC38A1	NULL	NULL
NC_000017.11:15230965:A:C	PMP22	ENSG00000109099	CCSBVarC024920	CCSBORF7323	ENSP00000308937.3:p.Leu145Arg	434T>G	CCSBORF3013	SLC38A1	-0.936372790167947	0.6887958866098962
NC_000017.11:15230952:G:T	PMP22	ENSG00000109099	CCSBVarC024923	CCSBORF7323	ENSP00000308937.3:p.Ser149Arg	447C>A	CCSBORF3013	SLC38A1	-1.1938456416253844	0.6873773666916074
NC_000017.11:15260659:G:T	PMP22	ENSG00000109099	CCSBVarC024814	CCSBORF7323	ENSP00000308937.3:p.Thr23Lys	68C>A	CCSBORF3013	SLC38A1	-0.022297069883297438	0.6877811168794334
NC_000017.11:15259171:G:A	PMP22	ENSG00000109099	CCSBVarC024826	CCSBORF7323	ENSP00000308937.3:p.His34Tyr	100C>T	CCSBORF3031	STOM	NULL	NULL
NC_000017.11:15239554:A:T	PMP22	ENSG00000109099	CCSBVarC024866	CCSBORF7323	ENSP00000308937.3:p.Ser79Thr	235T>A	CCSBORF3031	STOM	-0.2823587070349095	1.172469899378125
NC_000017.11:15239553:G:A	PMP22	ENSG00000109099	CCSBVarC024870	CCSBORF7323	ENSP00000308937.3:p.Ser79Phe	236C>T	CCSBORF3031	STOM	0.48583969501719776	1.0289636768191193
NC_000017.11:15239544:A:G	PMP22	ENSG00000109099	CCSBVarC024873	CCSBORF7323	ENSP00000308937.3:p.Leu82Pro	245T>C	CCSBORF3031	STOM	0.3735359946113734	1.0258926986009742
NC_000017.11:15231079:C:A	PMP22	ENSG00000109099	CCSBVarC024907	CCSBORF7323	ENSP00000308937.3:p.Gly107Val	320G>T	CCSBORF3031	STOM	-0.10203138206453322	1.0252054339431265
NC_000017.11:15231034:G:A	PMP22	ENSG00000109099	CCSBVarC024908	CCSBORF7323	ENSP00000308937.3:p.Pro122Leu	365C>T	CCSBORF3031	STOM	0.4548978091948465	1.0238639084638164
NC_000017.11:15231007:G:C	PMP22	ENSG00000109099	CCSBVarC024910	CCSBORF7323	ENSP00000308937.3:p.Ser131Cys	392C>G	CCSBORF3031	STOM	NULL	NULL
NC_000017.11:15230965:A:C	PMP22	ENSG00000109099	CCSBVarC024920	CCSBORF7323	ENSP00000308937.3:p.Leu145Arg	434T>G	CCSBORF3031	STOM	-0.1928354033569356	1.02389146408171
NC_000017.11:15230952:G:T	PMP22	ENSG00000109099	CCSBVarC024923	CCSBORF7323	ENSP00000308937.3:p.Ser149Arg	447C>A	CCSBORF3031	STOM	-3.3003513762845533	1.0237043860007464
NC_000017.11:15260659:G:T	PMP22	ENSG00000109099	CCSBVarC024814	CCSBORF7323	ENSP00000308937.3:p.Thr23Lys	68C>A	CCSBORF3031	STOM	0.045333470577300305	1.0232400372831456
NC_000017.11:15259171:G:A	PMP22	ENSG00000109099	CCSBVarC024826	CCSBORF7323	ENSP00000308937.3:p.His34Tyr	100C>T	CCSBORF71567	OPRM1	-0.6395501107220478	0.6795736749334182
NC_000017.11:15239554:A:T	PMP22	ENSG00000109099	CCSBVarC024866	CCSBORF7323	ENSP00000308937.3:p.Ser79Thr	235T>A	CCSBORF71567	OPRM1	-1.616737170438143	1.0483354807708403
NC_000017.11:15239553:G:A	PMP22	ENSG00000109099	CCSBVarC024870	CCSBORF7323	ENSP00000308937.3:p.Ser79Phe	236C>T	CCSBORF71567	OPRM1	-0.7133495970146613	0.668727569352091
NC_000017.11:15239544:A:G	PMP22	ENSG00000109099	CCSBVarC024873	CCSBORF7323	ENSP00000308937.3:p.Leu82Pro	245T>C	CCSBORF71567	OPRM1	-0.005002192793535087	0.6713057064641554
NC_000017.11:15231079:C:A	PMP22	ENSG00000109099	CCSBVarC024907	CCSBORF7323	ENSP00000308937.3:p.Gly107Val	320G>T	CCSBORF71567	OPRM1	-0.3528694298308431	0.6715929443831533
NC_000017.11:15231034:G:A	PMP22	ENSG00000109099	CCSBVarC024908	CCSBORF7323	ENSP00000308937.3:p.Pro122Leu	365C>T	CCSBORF71567	OPRM1	-0.7062364080144841	0.6697148207815204
NC_000017.11:15231007:G:C	PMP22	ENSG00000109099	CCSBVarC024910	CCSBORF7323	ENSP00000308937.3:p.Ser131Cys	392C>G	CCSBORF71567	OPRM1	-0.016498409747064735	1.6245941599299407
NC_000017.11:15230965:A:C	PMP22	ENSG00000109099	CCSBVarC024920	CCSBORF7323	ENSP00000308937.3:p.Leu145Arg	434T>G	CCSBORF71567	OPRM1	0.15163156870670602	0.6700903559320034
NC_000017.11:15230952:G:T	PMP22	ENSG00000109099	CCSBVarC024923	CCSBORF7323	ENSP00000308937.3:p.Ser149Arg	447C>A	CCSBORF71567	OPRM1	-1.9501117659107214	0.6692146379884626
NC_000017.11:15260659:G:T	PMP22	ENSG00000109099	CCSBVarC024814	CCSBORF7323	ENSP00000308937.3:p.Thr23Lys	68C>A	CCSBORF71567	OPRM1	-0.9063800700164528	0.6693064175080314
NC_000022.11:36767322:C:T	IFT27	ENSG00000100360	CCSBVarC025881	CCSBORF7972	ENSP00000393541.2:p.Asp53Asn	157G>A	CCSBORF5491	HSPB11	0.5818085483206811	0.9987312810006161
NC_000022.11:36766174:G:T	IFT27	ENSG00000100360	CCSBVarC025883	CCSBORF7972	ENSP00000393541.2:p.Ala66Asp	197C>A	CCSBORF5491	HSPB11	0.17488142974458992	0.995380563942356
NC_000022.11:36763971:C:T	IFT27	ENSG00000100360	CCSBVarC025885	CCSBORF7972	ENSP00000393541.2:p.Cys100Tyr	299G>A	CCSBORF5491	HSPB11	-6.139925252684803	1.7389397668110949
NC_000022.11:36763948:G:A	IFT27	ENSG00000100360	CCSBVarC025889	CCSBORF7972	ENSP00000393541.2:p.Arg108Trp	322C>T	CCSBORF5491	HSPB11	-1.7283250055819952	0.9983555822365068
NC_000022.11:36763936:G:C	IFT27	ENSG00000100360	CCSBVarC025895	CCSBORF7972	ENSP00000393541.2:p.Pro112Ala	334C>G	CCSBORF5491	HSPB11	-0.24785129711694193	0.9953279664937705
NC_000022.11:36762950:G:A	IFT27	ENSG00000100360	CCSBVarC025901	CCSBORF7972	ENSP00000393541.2:p.Arg139Trp	415C>T	CCSBORF5491	HSPB11	-0.5487856607545158	0.9968572551999967
NC_000022.11:36762940:G:A	IFT27	ENSG00000100360	CCSBVarC025904	CCSBORF7972	ENSP00000393541.2:p.Ala142Val	425C>T	CCSBORF5491	HSPB11	-6.106834565696733	1.02169937791645
NC_000022.11:36758368:G:A	IFT27	ENSG00000100360	CCSBVarC025910	CCSBORF7972	ENSP00000393541.2:p.Ala168Val	503C>T	CCSBORF5491	HSPB11	0.16483677691089094	1.002490923872561
NC_000022.11:36758324:G:A	IFT27	ENSG00000100360	CCSBVarC025912	CCSBORF7972	ENSP00000393541.2:p.Arg183Trp	547C>T	CCSBORF5491	HSPB11	-0.7221147692379372	0.9972036107297717
NC_000022.11:36758323:C:T	IFT27	ENSG00000100360	CCSBVarC025915	CCSBORF7972	ENSP00000393541.2:p.Arg183Gln	548G>A	CCSBORF5491	HSPB11	-0.02562609415127575	0.9960327908487006
NC_000006.12:33203025:A:G	SLC39A7	ENSG00000112473	CCSBVarC024731	CCSBORF8017	ENSP00000363809.3:p.Met353Val	1057A>G	CCSBORF100014332	LCE1F	0.1749853598023065	0.5253459221232715
NC_000006.12:33203055:G:A	SLC39A7	ENSG00000112473	CCSBVarC024734	CCSBORF8017	ENSP00000363809.3:p.Glu363Lys	1087G>A	CCSBORF100014332	LCE1F	-1.2397294112356705	0.5287051743260369
NC_000006.12:33203586:C:T	SLC39A7	ENSG00000112473	CCSBVarC024737	CCSBORF8017	ENSP00000363809.3:p.Thr395Ile	1184C>T	CCSBORF100014332	LCE1F	0.12879056436049174	0.6579188738973221
NC_000006.12:33201404:T:C	SLC39A7	ENSG00000112473	CCSBVarC024699	CCSBORF8017	ENSP00000363809.3:p.Phe54Leu	160T>C	CCSBORF100014332	LCE1F	-0.12383689768613351	0.5258919078380541
NC_000006.12:33201503:G:A	SLC39A7	ENSG00000112473	CCSBVarC024712	CCSBORF8017	ENSP00000363809.3:p.Asp87Asn	259G>A	CCSBORF100014332	LCE1F	-0.165099080366707	0.5291640512876455
NC_000006.12:33201614:G:C	SLC39A7	ENSG00000112473	CCSBVarC024715	CCSBORF8017	ENSP00000363809.3:p.Gly124Arg	370G>C	CCSBORF100014332	LCE1F	-0.22581162990429052	0.5743270855108731
NC_000006.12:33202103:G:A	SLC39A7	ENSG00000112473	CCSBVarC024719	CCSBORF8017	ENSP00000363809.3:p.Gly205Arg	613G>A	CCSBORF100014332	LCE1F	0.6998687461776248	0.5397192377488793
NC_000006.12:33202277:T:C	SLC39A7	ENSG00000112473	CCSBVarC024721	CCSBORF8017	ENSP00000363809.3:p.Leu217Pro	650T>C	CCSBORF100014332	LCE1F	-0.009850159459952088	0.5288235139001044
NC_000006.12:33202561:C:T	SLC39A7	ENSG00000112473	CCSBVarC024725	CCSBORF8017	ENSP00000363809.3:p.Arg268Cys	802C>T	CCSBORF100014332	LCE1F	0.62523582301569	0.5531604918178255
NC_000006.12:33202606:A:C	SLC39A7	ENSG00000112473	CCSBVarC024728	CCSBORF8017	ENSP00000363809.3:p.Thr283Pro	847A>C	CCSBORF100014332	LCE1F	-0.3275856809331833	0.5326686016707488
NC_000006.12:33203025:A:G	SLC39A7	ENSG00000112473	CCSBVarC024731	CCSBORF8017	ENSP00000363809.3:p.Met353Val	1057A>G	CCSBORF100014450	LCE1C	-0.18769344977134184	0.428578733274993
NC_000006.12:33203055:G:A	SLC39A7	ENSG00000112473	CCSBVarC024734	CCSBORF8017	ENSP00000363809.3:p.Glu363Lys	1087G>A	CCSBORF100014450	LCE1C	-0.8418589244338079	0.43244564236160166
NC_000006.12:33203586:C:T	SLC39A7	ENSG00000112473	CCSBVarC024737	CCSBORF8017	ENSP00000363809.3:p.Thr395Ile	1184C>T	CCSBORF100014450	LCE1C	0.28974371825933964	0.4427790036801543
NC_000006.12:33201404:T:C	SLC39A7	ENSG00000112473	CCSBVarC024699	CCSBORF8017	ENSP00000363809.3:p.Phe54Leu	160T>C	CCSBORF100014450	LCE1C	0.11590320214915434	0.42940217698124405
NC_000006.12:33201503:G:A	SLC39A7	ENSG00000112473	CCSBVarC024712	CCSBORF8017	ENSP00000363809.3:p.Asp87Asn	259G>A	CCSBORF100014450	LCE1C	-0.018452599940190634	0.4380047088528281
NC_000006.12:33201614:G:C	SLC39A7	ENSG00000112473	CCSBVarC024715	CCSBORF8017	ENSP00000363809.3:p.Gly124Arg	370G>C	CCSBORF100014450	LCE1C	0.046726672999703206	0.4342690518299471
NC_000006.12:33202103:G:A	SLC39A7	ENSG00000112473	CCSBVarC024719	CCSBORF8017	ENSP00000363809.3:p.Gly205Arg	613G>A	CCSBORF100014450	LCE1C	-0.8921778314456137	0.43980710439539183
NC_000006.12:33202277:T:C	SLC39A7	ENSG00000112473	CCSBVarC024721	CCSBORF8017	ENSP00000363809.3:p.Leu217Pro	650T>C	CCSBORF100014450	LCE1C	-0.41625565510556184	0.4313248486750273
NC_000006.12:33202561:C:T	SLC39A7	ENSG00000112473	CCSBVarC024725	CCSBORF8017	ENSP00000363809.3:p.Arg268Cys	802C>T	CCSBORF100014450	LCE1C	0.19707203657431743	0.46648915586305645
NC_000006.12:33202606:A:C	SLC39A7	ENSG00000112473	CCSBVarC024728	CCSBORF8017	ENSP00000363809.3:p.Thr283Pro	847A>C	CCSBORF100014450	LCE1C	-0.20932994404615715	0.43851927281688313
NC_000006.12:33203025:A:G	SLC39A7	ENSG00000112473	CCSBVarC024731	CCSBORF8017	ENSP00000363809.3:p.Met353Val	1057A>G	CCSBORF100014491	LCE5A	-0.251654688761499	0.39014874253607035
NC_000006.12:33203055:G:A	SLC39A7	ENSG00000112473	CCSBVarC024734	CCSBORF8017	ENSP00000363809.3:p.Glu363Lys	1087G>A	CCSBORF100014491	LCE5A	-1.1035786421718687	0.3939932805952769
NC_000006.12:33203586:C:T	SLC39A7	ENSG00000112473	CCSBVarC024737	CCSBORF8017	ENSP00000363809.3:p.Thr395Ile	1184C>T	CCSBORF100014491	LCE5A	0.14620677945127364	0.4024490150483057
NC_000006.12:33201404:T:C	SLC39A7	ENSG00000112473	CCSBVarC024699	CCSBORF8017	ENSP00000363809.3:p.Phe54Leu	160T>C	CCSBORF100014491	LCE5A	0.20709242912970366	0.39148696679979145
NC_000006.12:33201503:G:A	SLC39A7	ENSG00000112473	CCSBVarC024712	CCSBORF8017	ENSP00000363809.3:p.Asp87Asn	259G>A	CCSBORF100014491	LCE5A	-0.2518010760094699	0.39405078775686375
NC_000006.12:33201614:G:C	SLC39A7	ENSG00000112473	CCSBVarC024715	CCSBORF8017	ENSP00000363809.3:p.Gly124Arg	370G>C	CCSBORF100014491	LCE5A	0.03520476464346472	0.39745632605961495
NC_000006.12:33202103:G:A	SLC39A7	ENSG00000112473	CCSBVarC024719	CCSBORF8017	ENSP00000363809.3:p.Gly205Arg	613G>A	CCSBORF100014491	LCE5A	-0.028484612830283224	0.40422155543425486
NC_000006.12:33202277:T:C	SLC39A7	ENSG00000112473	CCSBVarC024721	CCSBORF8017	ENSP00000363809.3:p.Leu217Pro	650T>C	CCSBORF100014491	LCE5A	-0.36406487481199573	0.3934082385472695
NC_000006.12:33202561:C:T	SLC39A7	ENSG00000112473	CCSBVarC024725	CCSBORF8017	ENSP00000363809.3:p.Arg268Cys	802C>T	CCSBORF100014491	LCE5A	0.0705471829078633	0.47621902139515015
NC_000006.12:33202606:A:C	SLC39A7	ENSG00000112473	CCSBVarC024728	CCSBORF8017	ENSP00000363809.3:p.Thr283Pro	847A>C	CCSBORF100014491	LCE5A	-0.6820237837381714	0.5976674906742561
NC_000006.12:33203025:A:G	SLC39A7	ENSG00000112473	CCSBVarC024731	CCSBORF8017	ENSP00000363809.3:p.Met353Val	1057A>G	CCSBORF100015072	LCE1A	-0.26026260686031044	0.47264741271919497
NC_000006.12:33203055:G:A	SLC39A7	ENSG00000112473	CCSBVarC024734	CCSBORF8017	ENSP00000363809.3:p.Glu363Lys	1087G>A	CCSBORF100015072	LCE1A	-2.0926713732618034	0.47782420770373196
NC_000006.12:33203586:C:T	SLC39A7	ENSG00000112473	CCSBVarC024737	CCSBORF8017	ENSP00000363809.3:p.Thr395Ile	1184C>T	CCSBORF100015072	LCE1A	0.006761871770471217	0.4858401319008761
NC_000006.12:33201404:T:C	SLC39A7	ENSG00000112473	CCSBVarC024699	CCSBORF8017	ENSP00000363809.3:p.Phe54Leu	160T>C	CCSBORF100015072	LCE1A	-0.10119590364087551	0.4733186825535106
NC_000006.12:33201503:G:A	SLC39A7	ENSG00000112473	CCSBVarC024712	CCSBORF8017	ENSP00000363809.3:p.Asp87Asn	259G>A	CCSBORF100015072	LCE1A	-0.5540525715382836	0.47584571856874297
NC_000006.12:33201614:G:C	SLC39A7	ENSG00000112473	CCSBVarC024715	CCSBORF8017	ENSP00000363809.3:p.Gly124Arg	370G>C	CCSBORF100015072	LCE1A	-0.6501751675616616	0.49711615721698005
NC_000006.12:33202103:G:A	SLC39A7	ENSG00000112473	CCSBVarC024719	CCSBORF8017	ENSP00000363809.3:p.Gly205Arg	613G>A	CCSBORF100015072	LCE1A	-1.0431769400652326	0.4858666555156959
NC_000006.12:33202277:T:C	SLC39A7	ENSG00000112473	CCSBVarC024721	CCSBORF8017	ENSP00000363809.3:p.Leu217Pro	650T>C	CCSBORF100015072	LCE1A	-0.5822468247603659	0.4755337702355374
NC_000006.12:33202561:C:T	SLC39A7	ENSG00000112473	CCSBVarC024725	CCSBORF8017	ENSP00000363809.3:p.Arg268Cys	802C>T	CCSBORF100015072	LCE1A	-0.3605373662196446	0.49840408164112
NC_000006.12:33202606:A:C	SLC39A7	ENSG00000112473	CCSBVarC024728	CCSBORF8017	ENSP00000363809.3:p.Thr283Pro	847A>C	CCSBORF100015072	LCE1A	-0.4675964332592648	0.4829600786136871
NC_000006.12:33203025:A:G	SLC39A7	ENSG00000112473	CCSBVarC024731	CCSBORF8017	ENSP00000363809.3:p.Met353Val	1057A>G	CCSBORF1446	SMCP	-0.5470146938468428	0.5578200552577423
NC_000006.12:33203055:G:A	SLC39A7	ENSG00000112473	CCSBVarC024734	CCSBORF8017	ENSP00000363809.3:p.Glu363Lys	1087G>A	CCSBORF1446	SMCP	-2.6271390445388585	0.5626788484737221
NC_000006.12:33203586:C:T	SLC39A7	ENSG00000112473	CCSBVarC024737	CCSBORF8017	ENSP00000363809.3:p.Thr395Ile	1184C>T	CCSBORF1446	SMCP	-0.05098238467246147	0.5664242058315073
NC_000006.12:33201404:T:C	SLC39A7	ENSG00000112473	CCSBVarC024699	CCSBORF8017	ENSP00000363809.3:p.Phe54Leu	160T>C	CCSBORF1446	SMCP	-0.1474542539146637	0.5591059529937717
NC_000006.12:33201503:G:A	SLC39A7	ENSG00000112473	CCSBVarC024712	CCSBORF8017	ENSP00000363809.3:p.Asp87Asn	259G>A	CCSBORF1446	SMCP	-0.3652942580306101	0.5612360294600977
NC_000006.12:33201614:G:C	SLC39A7	ENSG00000112473	CCSBVarC024715	CCSBORF8017	ENSP00000363809.3:p.Gly124Arg	370G>C	CCSBORF1446	SMCP	-0.26080208892051343	0.7517025723961032
NC_000006.12:33202103:G:A	SLC39A7	ENSG00000112473	CCSBVarC024719	CCSBORF8017	ENSP00000363809.3:p.Gly205Arg	613G>A	CCSBORF1446	SMCP	0.4413753515415727	0.5679013405146865
NC_000006.12:33202277:T:C	SLC39A7	ENSG00000112473	CCSBVarC024721	CCSBORF8017	ENSP00000363809.3:p.Leu217Pro	650T>C	CCSBORF1446	SMCP	-0.4408431412965019	0.5602485517130089
NC_000006.12:33202561:C:T	SLC39A7	ENSG00000112473	CCSBVarC024725	CCSBORF8017	ENSP00000363809.3:p.Arg268Cys	802C>T	CCSBORF1446	SMCP	0.1286506859532601	0.5812668186604852
NC_000006.12:33202606:A:C	SLC39A7	ENSG00000112473	CCSBVarC024728	CCSBORF8017	ENSP00000363809.3:p.Thr283Pro	847A>C	CCSBORF1446	SMCP	0.5223205224127625	0.5657674469884375
NC_000006.12:33203025:A:G	SLC39A7	ENSG00000112473	CCSBVarC024731	CCSBORF8017	ENSP00000363809.3:p.Met353Val	1057A>G	CCSBORF53991	KRTAP9-2	-0.5277465971889567	0.6947258499052671
NC_000006.12:33203055:G:A	SLC39A7	ENSG00000112473	CCSBVarC024734	CCSBORF8017	ENSP00000363809.3:p.Glu363Lys	1087G>A	CCSBORF53991	KRTAP9-2	-3.429345766311414	0.7046102318956491
NC_000006.12:33203586:C:T	SLC39A7	ENSG00000112473	CCSBVarC024737	CCSBORF8017	ENSP00000363809.3:p.Thr395Ile	1184C>T	CCSBORF53991	KRTAP9-2	-3.2245573971457246	0.7060866156832885
NC_000006.12:33201404:T:C	SLC39A7	ENSG00000112473	CCSBVarC024699	CCSBORF8017	ENSP00000363809.3:p.Phe54Leu	160T>C	CCSBORF53991	KRTAP9-2	-0.4149302418364038	0.6951541988702921
NC_000006.12:33201503:G:A	SLC39A7	ENSG00000112473	CCSBVarC024712	CCSBORF8017	ENSP00000363809.3:p.Asp87Asn	259G>A	CCSBORF53991	KRTAP9-2	-0.5446650717080894	0.6971257738544443
NC_000006.12:33201614:G:C	SLC39A7	ENSG00000112473	CCSBVarC024715	CCSBORF8017	ENSP00000363809.3:p.Gly124Arg	370G>C	CCSBORF53991	KRTAP9-2	-0.34562109286278136	0.7016335033500711
NC_000006.12:33202103:G:A	SLC39A7	ENSG00000112473	CCSBVarC024719	CCSBORF8017	ENSP00000363809.3:p.Gly205Arg	613G>A	CCSBORF53991	KRTAP9-2	-0.809461094830073	0.7039152796944627
NC_000006.12:33202277:T:C	SLC39A7	ENSG00000112473	CCSBVarC024721	CCSBORF8017	ENSP00000363809.3:p.Leu217Pro	650T>C	CCSBORF53991	KRTAP9-2	-1.711491237213124	0.6978917603900323
NC_000006.12:33202561:C:T	SLC39A7	ENSG00000112473	CCSBVarC024725	CCSBORF8017	ENSP00000363809.3:p.Arg268Cys	802C>T	CCSBORF53991	KRTAP9-2	0.009878965570321085	0.7015978299495873
NC_000006.12:33202606:A:C	SLC39A7	ENSG00000112473	CCSBVarC024728	CCSBORF8017	ENSP00000363809.3:p.Thr283Pro	847A>C	CCSBORF53991	KRTAP9-2	-0.9800276266122114	0.7021080129759774
NC_000006.12:33203025:A:G	SLC39A7	ENSG00000112473	CCSBVarC024731	CCSBORF8017	ENSP00000363809.3:p.Met353Val	1057A>G	CCSBORF675	RGS17	0.2508881106542587	1.0219978605347455
NC_000006.12:33203055:G:A	SLC39A7	ENSG00000112473	CCSBVarC024734	CCSBORF8017	ENSP00000363809.3:p.Glu363Lys	1087G>A	CCSBORF675	RGS17	-1.7688832227844244	1.0272837306208256
NC_000006.12:33203586:C:T	SLC39A7	ENSG00000112473	CCSBVarC024737	CCSBORF8017	ENSP00000363809.3:p.Thr395Ile	1184C>T	CCSBORF675	RGS17	-0.30463073462827794	1.029258043946062
NC_000006.12:33201404:T:C	SLC39A7	ENSG00000112473	CCSBVarC024699	CCSBORF8017	ENSP00000363809.3:p.Phe54Leu	160T>C	CCSBORF675	RGS17	-0.45220195572631905	1.022376407984222
NC_000006.12:33201503:G:A	SLC39A7	ENSG00000112473	CCSBVarC024712	CCSBORF8017	ENSP00000363809.3:p.Asp87Asn	259G>A	CCSBORF675	RGS17	0.13689602886843133	1.0248133878374721
NC_000006.12:33201614:G:C	SLC39A7	ENSG00000112473	CCSBVarC024715	CCSBORF8017	ENSP00000363809.3:p.Gly124Arg	370G>C	CCSBORF675	RGS17	1.0721390547446332	1.0266647150903574
NC_000006.12:33202103:G:A	SLC39A7	ENSG00000112473	CCSBVarC024719	CCSBORF8017	ENSP00000363809.3:p.Gly205Arg	613G>A	CCSBORF675	RGS17	-0.9047003364698155	1.0404735371022047
NC_000006.12:33202277:T:C	SLC39A7	ENSG00000112473	CCSBVarC024721	CCSBORF8017	ENSP00000363809.3:p.Leu217Pro	650T>C	CCSBORF675	RGS17	0.3095130300529612	1.0232792289482966
NC_000006.12:33202561:C:T	SLC39A7	ENSG00000112473	CCSBVarC024725	CCSBORF8017	ENSP00000363809.3:p.Arg268Cys	802C>T	CCSBORF675	RGS17	-0.10886395547855021	1.9513268783674707
NC_000006.12:33202606:A:C	SLC39A7	ENSG00000112473	CCSBVarC024728	CCSBORF8017	ENSP00000363809.3:p.Thr283Pro	847A>C	CCSBORF675	RGS17	0.09689975520777405	1.1919891021747764
NC_000006.12:33203025:A:G	SLC39A7	ENSG00000112473	CCSBVarC024731	CCSBORF8017	ENSP00000363809.3:p.Met353Val	1057A>G	CCSBORF72058	SLC34A2	0.16340755361336118	0.7836614146472489
NC_000006.12:33203055:G:A	SLC39A7	ENSG00000112473	CCSBVarC024734	CCSBORF8017	ENSP00000363809.3:p.Glu363Lys	1087G>A	CCSBORF72058	SLC34A2	-0.023278762207323167	1.1169680350591453
NC_000006.12:33203586:C:T	SLC39A7	ENSG00000112473	CCSBVarC024737	CCSBORF8017	ENSP00000363809.3:p.Thr395Ile	1184C>T	CCSBORF72058	SLC34A2	0.6131658326061378	1.2160166757581008
NC_000006.12:33201404:T:C	SLC39A7	ENSG00000112473	CCSBVarC024699	CCSBORF8017	ENSP00000363809.3:p.Phe54Leu	160T>C	CCSBORF72058	SLC34A2	0.12280045680907911	0.7477441090219393
NC_000006.12:33201503:G:A	SLC39A7	ENSG00000112473	CCSBVarC024712	CCSBORF8017	ENSP00000363809.3:p.Asp87Asn	259G>A	CCSBORF72058	SLC34A2	0.24852265466137918	0.752632711754099
NC_000006.12:33201614:G:C	SLC39A7	ENSG00000112473	CCSBVarC024715	CCSBORF8017	ENSP00000363809.3:p.Gly124Arg	370G>C	CCSBORF72058	SLC34A2	0.6198215955032751	0.7692528490390567
NC_000006.12:33202103:G:A	SLC39A7	ENSG00000112473	CCSBVarC024719	CCSBORF8017	ENSP00000363809.3:p.Gly205Arg	613G>A	CCSBORF72058	SLC34A2	0.9046011678490267	0.7616316262745133
NC_000006.12:33202277:T:C	SLC39A7	ENSG00000112473	CCSBVarC024721	CCSBORF8017	ENSP00000363809.3:p.Leu217Pro	650T>C	CCSBORF72058	SLC34A2	-0.6444783578453441	0.8058136326223686
NC_000006.12:33202561:C:T	SLC39A7	ENSG00000112473	CCSBVarC024725	CCSBORF8017	ENSP00000363809.3:p.Arg268Cys	802C>T	CCSBORF72058	SLC34A2	NULL	NULL
NC_000006.12:33202606:A:C	SLC39A7	ENSG00000112473	CCSBVarC024728	CCSBORF8017	ENSP00000363809.3:p.Thr283Pro	847A>C	CCSBORF72058	SLC34A2	-0.948970584501692	0.7623202173806358
NC_000004.12:101026013:C:T	PPP3CA	ENSG00000138814	CCSBVarC025719	CCSBORF8407	ENSP00000378322.4:p.Ala463Thr	1387G>A	CCSBORF1527	PPP3R2	-3.310265908780727	0.3127590278253278
NC_000004.12:101026013:C:A	PPP3CA	ENSG00000138814	CCSBVarC025722	CCSBORF8407	ENSP00000378322.4:p.Ala463Ser	1387G>T	CCSBORF1527	PPP3R2	-3.0991201018440737	0.3092954185600673
NC_000004.12:101025953:C:T	PPP3CA	ENSG00000138814	CCSBVarC025725	CCSBORF8407	ENSP00000378322.4:p.Asp483Asn	1447G>A	CCSBORF1527	PPP3R2	-1.5941068773740148	0.30792656805176777
NC_000004.12:101025886:C:T	PPP3CA	ENSG00000138814	CCSBVarC025727	CCSBORF8407	ENSP00000378322.4:p.Ser505Asn	1514G>A	CCSBORF1527	PPP3R2	-0.4667773027014579	0.2860924553009707
NC_000004.12:101109062:T:C	PPP3CA	ENSG00000138814	CCSBVarC025631	CCSBORF8407	ENSP00000378322.4:p.His92Arg	275A>G	CCSBORF1527	PPP3R2	-1.7567277562589068	0.30771149094784567
NC_000004.12:101099655:G:C	PPP3CA	ENSG00000138814	CCSBVarC025633	CCSBORF8407	ENSP00000378322.4:p.His151Asp	451C>G	CCSBORF1527	PPP3R2	-2.6232055518219273	0.3630067633251283
NC_000004.12:101098478:G:C	PPP3CA	ENSG00000138814	CCSBVarC025646	CCSBORF8407	ENSP00000378322.4:p.Ala177Gly	530C>G	CCSBORF1527	PPP3R2	-0.5254206390307876	0.2903530481041306
NC_000004.12:101093857:C:G	PPP3CA	ENSG00000138814	CCSBVarC025648	CCSBORF8407	ENSP00000378322.4:p.Asp234His	700G>C	CCSBORF1527	PPP3R2	-3.8610865987742997	0.42261368916903436
NC_000004.12:101093797:T:C	PPP3CA	ENSG00000138814	CCSBVarC025681	CCSBORF8407	ENSP00000378322.4:p.Arg254Gly	760A>G	CCSBORF1527	PPP3R2	-3.8553295828564416	0.412922848175739
NC_000004.12:101083201:C:T	PPP3CA	ENSG00000138814	CCSBVarC025706	CCSBORF8407	ENSP00000378322.4:p.Glu282Lys	844G>A	CCSBORF1527	PPP3R2	-4.692332792612117	0.31343351312675705
NC_000004.12:101196085:G:A	PPP3CA	ENSG00000138814	CCSBVarC025620	CCSBORF8407	ENSP00000378322.4:p.Thr30Ile	89C>T	CCSBORF1527	PPP3R2	-0.425552462564213	0.31067069801229896
NC_000004.12:101196083:C:A	PPP3CA	ENSG00000138814	CCSBVarC025628	CCSBORF8407	ENSP00000378322.4:p.Ala31Ser	91G>T	CCSBORF1527	PPP3R2	-0.0025592190120824615	0.2947589202818227
NC_000004.12:101026013:C:T	PPP3CA	ENSG00000138814	CCSBVarC025719	CCSBORF8407	ENSP00000378322.4:p.Ala463Thr	1387G>A	CCSBORF8316	PPP3R1	-0.20585969532877296	0.4139288291433025
NC_000004.12:101026013:C:A	PPP3CA	ENSG00000138814	CCSBVarC025722	CCSBORF8407	ENSP00000378322.4:p.Ala463Ser	1387G>T	CCSBORF8316	PPP3R1	0.13850016511906396	0.4169029137999738
NC_000004.12:101025953:C:T	PPP3CA	ENSG00000138814	CCSBVarC025725	CCSBORF8407	ENSP00000378322.4:p.Asp483Asn	1447G>A	CCSBORF8316	PPP3R1	-0.3237077238081151	0.42682748636618
NC_000004.12:101025886:C:T	PPP3CA	ENSG00000138814	CCSBVarC025727	CCSBORF8407	ENSP00000378322.4:p.Ser505Asn	1514G>A	CCSBORF8316	PPP3R1	-0.44789988128481817	0.41119780477218754
NC_000004.12:101109062:T:C	PPP3CA	ENSG00000138814	CCSBVarC025631	CCSBORF8407	ENSP00000378322.4:p.His92Arg	275A>G	CCSBORF8316	PPP3R1	-0.7212614144604788	0.4273448771876335
NC_000004.12:101099655:G:C	PPP3CA	ENSG00000138814	CCSBVarC025633	CCSBORF8407	ENSP00000378322.4:p.His151Asp	451C>G	CCSBORF8316	PPP3R1	-1.1942545687721757	0.6658593486652968
NC_000004.12:101098478:G:C	PPP3CA	ENSG00000138814	CCSBVarC025646	CCSBORF8407	ENSP00000378322.4:p.Ala177Gly	530C>G	CCSBORF8316	PPP3R1	-0.19377308570457646	0.41635730244616753
NC_000004.12:101093857:C:G	PPP3CA	ENSG00000138814	CCSBVarC025648	CCSBORF8407	ENSP00000378322.4:p.Asp234His	700G>C	CCSBORF8316	PPP3R1	-0.3416054470000431	0.4483392248108646
NC_000004.12:101093797:T:C	PPP3CA	ENSG00000138814	CCSBVarC025681	CCSBORF8407	ENSP00000378322.4:p.Arg254Gly	760A>G	CCSBORF8316	PPP3R1	-0.5593407907026471	0.44440047199778204
NC_000004.12:101083201:C:T	PPP3CA	ENSG00000138814	CCSBVarC025706	CCSBORF8407	ENSP00000378322.4:p.Glu282Lys	844G>A	CCSBORF8316	PPP3R1	-0.5931298361750597	0.41082651541367454
NC_000004.12:101196085:G:A	PPP3CA	ENSG00000138814	CCSBVarC025620	CCSBORF8407	ENSP00000378322.4:p.Thr30Ile	89C>T	CCSBORF8316	PPP3R1	-0.5319855997937809	0.4388140745642296
NC_000004.12:101196083:C:A	PPP3CA	ENSG00000138814	CCSBVarC025628	CCSBORF8407	ENSP00000378322.4:p.Ala31Ser	91G>T	CCSBORF8316	PPP3R1	-0.648602041560429	0.4192464364914043
NC_000006.12:42173730:C:T	GUCA1A	ENSG00000048545	CCSBVarC026603	CCSBORF9253	ENSP00000362049.1:p.Arg40Cys	118C>T	CCSBORF549	AGR2	0.44949878149156436	0.6715753669553354
NC_000006.12:42173736:T:A	GUCA1A	ENSG00000048545	CCSBVarC026607	CCSBORF9253	ENSP00000362049.1:p.Phe42Ile	124T>A	CCSBORF549	AGR2	-0.7765251321912608	1.0611250711762208
NC_000006.12:42173764:C:T	GUCA1A	ENSG00000048545	CCSBVarC026611	CCSBORF9253	ENSP00000362049.1:p.Ser51Leu	152C>T	CCSBORF549	AGR2	-0.3932443924447313	0.6710615741818915
NC_000006.12:42178389:C:G	GUCA1A	ENSG00000048545	CCSBVarC026616	CCSBORF9253	ENSP00000362049.1:p.Asn104Lys	312C>G	CCSBORF549	AGR2	-0.28673150856395624	0.6712510839435739
NC_000006.12:42178418:C:T	GUCA1A	ENSG00000048545	CCSBVarC026619	CCSBORF9253	ENSP00000362049.1:p.Thr114Ile	341C>T	CCSBORF549	AGR2	-0.329699755281813	0.6718624994745919
NC_000001.11:42739840:C:T	CLDN19	ENSG00000164007	CCSBVarC026646	CCSBORF9634	ENSP00000361617.3:p.Gly75Ser	223G>A	CCSBORF1198	TNFSF14	0.3895481298460701	0.7149049083611231
NC_000001.11:42738539:A:C	CLDN19	ENSG00000164007	CCSBVarC026649	CCSBORF9634	ENSP00000361617.3:p.Leu90Arg	269T>G	CCSBORF1198	TNFSF14	-5.2877911056175995	0.7345562291431997
NC_000001.11:42738531:C:T	CLDN19	ENSG00000164007	CCSBVarC026652	CCSBORF9634	ENSP00000361617.3:p.Val93Met	277G>A	CCSBORF1198	TNFSF14	0.16050543410010448	0.714920192664137
NC_000001.11:42740024:C:A	CLDN19	ENSG00000164007	CCSBVarC026641	CCSBORF9634	ENSP00000361617.3:p.Leu13Phe	39G>T	CCSBORF1198	TNFSF14	-0.6122657693628932	0.7567012062821201
NC_000001.11:42735977:C:T	CLDN19	ENSG00000164007	CCSBVarC026656	CCSBORF9634	ENSP00000361617.3:p.Val176Met	526G>A	CCSBORF1198	TNFSF14	-0.2201858221292826	0.7188535162342374
NC_000001.11:42735968:C:T	CLDN19	ENSG00000164007	CCSBVarC026662	CCSBORF9634	ENSP00000361617.3:p.Gly179Ser	535G>A	CCSBORF1198	TNFSF14	-3.212521649485537	0.7238116105033425
NC_000001.11:42739980:G:A	CLDN19	ENSG00000164007	CCSBVarC026643	CCSBORF9634	ENSP00000361617.3:p.Pro28Leu	83C>T	CCSBORF1198	TNFSF14	0.2378571943230448	0.7277209586339936
NC_000001.11:42739840:C:T	CLDN19	ENSG00000164007	CCSBVarC026646	CCSBORF9634	ENSP00000361617.3:p.Gly75Ser	223G>A	CCSBORF13108	MS4A4A	0.5573095922498743	1.1343316258421112
NC_000001.11:42738539:A:C	CLDN19	ENSG00000164007	CCSBVarC026649	CCSBORF9634	ENSP00000361617.3:p.Leu90Arg	269T>G	CCSBORF13108	MS4A4A	-7.229719106778376	1.179377335318759
NC_000001.11:42738531:C:T	CLDN19	ENSG00000164007	CCSBVarC026652	CCSBORF9634	ENSP00000361617.3:p.Val93Met	277G>A	CCSBORF13108	MS4A4A	0.20831429917248828	1.1343816964961562
NC_000001.11:42740024:C:A	CLDN19	ENSG00000164007	CCSBVarC026641	CCSBORF9634	ENSP00000361617.3:p.Leu13Phe	39G>T	CCSBORF13108	MS4A4A	-0.33356263355915466	1.1385389287855323
NC_000001.11:42735977:C:T	CLDN19	ENSG00000164007	CCSBVarC026656	CCSBORF9634	ENSP00000361617.3:p.Val176Met	526G>A	CCSBORF13108	MS4A4A	-2.4783189124092466	1.486769463760814
NC_000001.11:42735968:C:T	CLDN19	ENSG00000164007	CCSBVarC026662	CCSBORF9634	ENSP00000361617.3:p.Gly179Ser	535G>A	CCSBORF13108	MS4A4A	-4.302407804126028	1.1411562774761748
NC_000001.11:42739980:G:A	CLDN19	ENSG00000164007	CCSBVarC026643	CCSBORF9634	ENSP00000361617.3:p.Pro28Leu	83C>T	CCSBORF13108	MS4A4A	NULL	NULL
NC_000001.11:42739840:C:T	CLDN19	ENSG00000164007	CCSBVarC026646	CCSBORF9634	ENSP00000361617.3:p.Gly75Ser	223G>A	CCSBORF2758	TMEM106C	0.005069773074475245	0.5324920158252203
NC_000001.11:42738539:A:C	CLDN19	ENSG00000164007	CCSBVarC026649	CCSBORF9634	ENSP00000361617.3:p.Leu90Arg	269T>G	CCSBORF2758	TMEM106C	-5.142622497222816	0.7130669150717195
NC_000001.11:42738531:C:T	CLDN19	ENSG00000164007	CCSBVarC026652	CCSBORF9634	ENSP00000361617.3:p.Val93Met	277G>A	CCSBORF2758	TMEM106C	-0.579133987776125	0.5325076893330322
NC_000001.11:42740024:C:A	CLDN19	ENSG00000164007	CCSBVarC026641	CCSBORF9634	ENSP00000361617.3:p.Leu13Phe	39G>T	CCSBORF2758	TMEM106C	0.670498709347704	0.5365301889494232
NC_000001.11:42735977:C:T	CLDN19	ENSG00000164007	CCSBVarC026656	CCSBORF9634	ENSP00000361617.3:p.Val176Met	526G>A	CCSBORF2758	TMEM106C	0.7586299862598787	0.5417491157214726
NC_000001.11:42735968:C:T	CLDN19	ENSG00000164007	CCSBVarC026662	CCSBORF9634	ENSP00000361617.3:p.Gly179Ser	535G>A	CCSBORF2758	TMEM106C	-1.2356635709000332	0.5348075164481897
NC_000001.11:42739980:G:A	CLDN19	ENSG00000164007	CCSBVarC026643	CCSBORF9634	ENSP00000361617.3:p.Pro28Leu	83C>T	CCSBORF2758	TMEM106C	NULL	NULL
NC_000001.11:42739840:C:T	CLDN19	ENSG00000164007	CCSBVarC026646	CCSBORF9634	ENSP00000361617.3:p.Gly75Ser	223G>A	CCSBORF3031	STOM	0.3107850776979728	0.7157354718837012
NC_000001.11:42738539:A:C	CLDN19	ENSG00000164007	CCSBVarC026649	CCSBORF9634	ENSP00000361617.3:p.Leu90Arg	269T>G	CCSBORF3031	STOM	-2.5020700372871763	0.7179363290349394
NC_000001.11:42738531:C:T	CLDN19	ENSG00000164007	CCSBVarC026652	CCSBORF9634	ENSP00000361617.3:p.Val93Met	277G>A	CCSBORF3031	STOM	-0.13469251694756693	0.7157640352698779
NC_000001.11:42740024:C:A	CLDN19	ENSG00000164007	CCSBVarC026641	CCSBORF9634	ENSP00000361617.3:p.Leu13Phe	39G>T	CCSBORF3031	STOM	-0.027179834550578246	0.7224191486787074
NC_000001.11:42735977:C:T	CLDN19	ENSG00000164007	CCSBVarC026656	CCSBORF9634	ENSP00000361617.3:p.Val176Met	526G>A	CCSBORF3031	STOM	0.18930876315465484	1.4267744789836438
NC_000001.11:42735968:C:T	CLDN19	ENSG00000164007	CCSBVarC026662	CCSBORF9634	ENSP00000361617.3:p.Gly179Ser	535G>A	CCSBORF3031	STOM	-0.941861052860651	0.719338169856429
NC_000001.11:42739980:G:A	CLDN19	ENSG00000164007	CCSBVarC026643	CCSBORF9634	ENSP00000361617.3:p.Pro28Leu	83C>T	CCSBORF3031	STOM	0.5058154755186712	0.7225829833504283
NC_000001.11:42739840:C:T	CLDN19	ENSG00000164007	CCSBVarC026646	CCSBORF9634	ENSP00000361617.3:p.Gly75Ser	223G>A	CCSBORF7021	PLEKHB2	-0.14159844062751048	1.1288986604579738
NC_000001.11:42738539:A:C	CLDN19	ENSG00000164007	CCSBVarC026649	CCSBORF9634	ENSP00000361617.3:p.Leu90Arg	269T>G	CCSBORF7021	PLEKHB2	-7.215226535055518	1.1615061941912916
NC_000001.11:42738531:C:T	CLDN19	ENSG00000164007	CCSBVarC026652	CCSBORF9634	ENSP00000361617.3:p.Val93Met	277G>A	CCSBORF7021	PLEKHB2	-0.20445241339093972	1.1289398310188408
NC_000001.11:42740024:C:A	CLDN19	ENSG00000164007	CCSBVarC026641	CCSBORF9634	ENSP00000361617.3:p.Leu13Phe	39G>T	CCSBORF7021	PLEKHB2	-1.3045227373943737	1.33323219632842
NC_000001.11:42735977:C:T	CLDN19	ENSG00000164007	CCSBVarC026656	CCSBORF9634	ENSP00000361617.3:p.Val176Met	526G>A	CCSBORF7021	PLEKHB2	-0.43502351109288023	1.1336820592425934
NC_000001.11:42735968:C:T	CLDN19	ENSG00000164007	CCSBVarC026662	CCSBORF9634	ENSP00000361617.3:p.Gly179Ser	535G>A	CCSBORF7021	PLEKHB2	-4.194770197547531	1.1404513477506277
NC_000001.11:42739980:G:A	CLDN19	ENSG00000164007	CCSBVarC026643	CCSBORF9634	ENSP00000361617.3:p.Pro28Leu	83C>T	CCSBORF7021	PLEKHB2	-6.9594830815751685	1.4131578094164747
NC_000001.11:42739840:C:T	CLDN19	ENSG00000164007	CCSBVarC026646	CCSBORF9634	ENSP00000361617.3:p.Gly75Ser	223G>A	CCSBORF8239	STOML3	0.24405511958860762	0.8600882715729515
NC_000001.11:42738539:A:C	CLDN19	ENSG00000164007	CCSBVarC026649	CCSBORF9634	ENSP00000361617.3:p.Leu90Arg	269T>G	CCSBORF8239	STOML3	-6.148091985457045	0.8945621746669129
NC_000001.11:42738531:C:T	CLDN19	ENSG00000164007	CCSBVarC026652	CCSBORF9634	ENSP00000361617.3:p.Val93Met	277G>A	CCSBORF8239	STOML3	0.23685822218810457	0.860635343457068
NC_000001.11:42740024:C:A	CLDN19	ENSG00000164007	CCSBVarC026641	CCSBORF9634	ENSP00000361617.3:p.Leu13Phe	39G>T	CCSBORF8239	STOML3	-0.1607148936699201	1.1480939389901994
NC_000001.11:42735977:C:T	CLDN19	ENSG00000164007	CCSBVarC026656	CCSBORF9634	ENSP00000361617.3:p.Val176Met	526G>A	CCSBORF8239	STOML3	-0.9261176074882904	0.9011940079184899
NC_000001.11:42735968:C:T	CLDN19	ENSG00000164007	CCSBVarC026662	CCSBORF9634	ENSP00000361617.3:p.Gly179Ser	535G>A	CCSBORF8239	STOML3	-4.555790896584299	0.8780967031945748
NC_000001.11:42739980:G:A	CLDN19	ENSG00000164007	CCSBVarC026643	CCSBORF9634	ENSP00000361617.3:p.Pro28Leu	83C>T	CCSBORF8239	STOML3	-1.3712441628521013	0.8740197425231612
NC_000009.12:128946279:G:A	DOLK	ENSG00000175283	CCSBVarC026909	CCSBORF9726	ENSP00000361667.3:p.Leu342Phe	1024C>T	CCSBORF2352	KCNA3	-0.4214183165837451	0.6919079519699219
NC_000009.12:128946224:T:C	DOLK	ENSG00000175283	CCSBVarC026912	CCSBORF9726	ENSP00000361667.3:p.Tyr360Cys	1079A>G	CCSBORF2352	KCNA3	-1.3530162027662966	0.9075832729949355
NC_000009.12:128946189:A:T	DOLK	ENSG00000175283	CCSBVarC026937	CCSBORF9726	ENSP00000361667.3:p.Phe372Ile	1114T>A	CCSBORF2352	KCNA3	-0.13276887211415134	0.6879116398479023
NC_000009.12:128946017:T:C	DOLK	ENSG00000175283	CCSBVarC026944	CCSBORF9726	ENSP00000361667.3:p.Lys429Arg	1286A>G	CCSBORF2352	KCNA3	0.09225007561868268	0.6898962285018125
NC_000009.12:128945856:G:T	DOLK	ENSG00000175283	CCSBVarC026951	CCSBORF9726	ENSP00000361667.3:p.Gln483Lys	1447C>A	CCSBORF2352	KCNA3	0.20596095242814325	0.687918025493956
NC_000009.12:128945853:T:C	DOLK	ENSG00000175283	CCSBVarC026962	CCSBORF9726	ENSP00000361667.3:p.Ile484Val	1450A>G	CCSBORF2352	KCNA3	-4.367820434140901	0.6882318231635149
NC_000009.12:128945822:T:C	DOLK	ENSG00000175283	CCSBVarC026964	CCSBORF9726	ENSP00000361667.3:p.Asp494Gly	1481A>G	CCSBORF2352	KCNA3	-0.4137713144121441	0.6844068189809159
NC_000009.12:128947251:C:T	DOLK	ENSG00000175283	CCSBVarC026869	CCSBORF9726	ENSP00000361667.3:p.Gly18Arg	52G>A	CCSBORF2352	KCNA3	-0.3498416112841356	0.9231153991239539
NC_000009.12:128946632:T:A	DOLK	ENSG00000175283	CCSBVarC026883	CCSBORF9726	ENSP00000361667.3:p.Asp224Val	671A>T	CCSBORF2352	KCNA3	-0.918724327971977	0.7156424219495846
NC_000009.12:128946603:T:C	DOLK	ENSG00000175283	CCSBVarC026903	CCSBORF9726	ENSP00000361667.3:p.Met234Val	700A>G	CCSBORF2352	KCNA3	0.37468778995636043	0.6944160202941949
NC_000009.12:128946391:C:A	DOLK	ENSG00000175283	CCSBVarC026906	CCSBORF9726	ENSP00000361667.3:p.Trp304Cys	912G>T	CCSBORF2352	KCNA3	-4.8861750488026665	0.7046196186876011
NC_000009.12:128946279:G:A	DOLK	ENSG00000175283	CCSBVarC026909	CCSBORF9726	ENSP00000361667.3:p.Leu342Phe	1024C>T	CCSBORF71602	KCNA10	0.5918921500713723	0.5836239018265994
NC_000009.12:128946224:T:C	DOLK	ENSG00000175283	CCSBVarC026912	CCSBORF9726	ENSP00000361667.3:p.Tyr360Cys	1079A>G	CCSBORF71602	KCNA10	0.5741190475151984	0.6083247630590248
NC_000009.12:128946189:A:T	DOLK	ENSG00000175283	CCSBVarC026937	CCSBORF9726	ENSP00000361667.3:p.Phe372Ile	1114T>A	CCSBORF71602	KCNA10	-0.4192251624754	0.5788773404155216
NC_000009.12:128946017:T:C	DOLK	ENSG00000175283	CCSBVarC026944	CCSBORF9726	ENSP00000361667.3:p.Lys429Arg	1286A>G	CCSBORF71602	KCNA10	0.41700167535989574	0.5826161541612631
NC_000009.12:128945856:G:T	DOLK	ENSG00000175283	CCSBVarC026951	CCSBORF9726	ENSP00000361667.3:p.Gln483Lys	1447C>A	CCSBORF71602	KCNA10	-0.3781486957537967	0.5801799528605194
NC_000009.12:128945853:T:C	DOLK	ENSG00000175283	CCSBVarC026962	CCSBORF9726	ENSP00000361667.3:p.Ile484Val	1450A>G	CCSBORF71602	KCNA10	-3.5069223919286094	0.579027597621111
NC_000009.12:128945822:T:C	DOLK	ENSG00000175283	CCSBVarC026964	CCSBORF9726	ENSP00000361667.3:p.Asp494Gly	1481A>G	CCSBORF71602	KCNA10	-0.4642423254103429	0.5748223313980566
NC_000009.12:128947251:C:T	DOLK	ENSG00000175283	CCSBVarC026869	CCSBORF9726	ENSP00000361667.3:p.Gly18Arg	52G>A	CCSBORF71602	KCNA10	-0.41257639030761384	0.5793553747680144
NC_000009.12:128946632:T:A	DOLK	ENSG00000175283	CCSBVarC026883	CCSBORF9726	ENSP00000361667.3:p.Asp224Val	671A>T	CCSBORF71602	KCNA10	-0.849607337160599	0.8267153123685675
NC_000009.12:128946603:T:C	DOLK	ENSG00000175283	CCSBVarC026903	CCSBORF9726	ENSP00000361667.3:p.Met234Val	700A>G	CCSBORF71602	KCNA10	-0.32531948977254915	0.5864781065800484
NC_000009.12:128946391:C:A	DOLK	ENSG00000175283	CCSBVarC026906	CCSBORF9726	ENSP00000361667.3:p.Trp304Cys	912G>T	CCSBORF71602	KCNA10	-4.619516445827863	0.6278529173389017
NC_000009.12:128946279:G:A	DOLK	ENSG00000175283	CCSBVarC026909	CCSBORF9726	ENSP00000361667.3:p.Leu342Phe	1024C>T	CCSBORF71807	KCNA1	0.938840012689311	0.8801067252320172
NC_000009.12:128946224:T:C	DOLK	ENSG00000175283	CCSBVarC026912	CCSBORF9726	ENSP00000361667.3:p.Tyr360Cys	1079A>G	CCSBORF71807	KCNA1	-2.1594532146821397	2.411878224677873
NC_000009.12:128946189:A:T	DOLK	ENSG00000175283	CCSBVarC026937	CCSBORF9726	ENSP00000361667.3:p.Phe372Ile	1114T>A	CCSBORF71807	KCNA1	0.1720895523661417	0.8781592189227487
NC_000009.12:128946017:T:C	DOLK	ENSG00000175283	CCSBVarC026944	CCSBORF9726	ENSP00000361667.3:p.Lys429Arg	1286A>G	CCSBORF71807	KCNA1	-1.1925435524906312	0.8834661589825902
NC_000009.12:128945856:G:T	DOLK	ENSG00000175283	CCSBVarC026951	CCSBORF9726	ENSP00000361667.3:p.Gln483Lys	1447C>A	CCSBORF71807	KCNA1	-0.19348142920841396	0.878833431284438
NC_000009.12:128945853:T:C	DOLK	ENSG00000175283	CCSBVarC026962	CCSBORF9726	ENSP00000361667.3:p.Ile484Val	1450A>G	CCSBORF71807	KCNA1	-4.752469217707074	0.9226526634993389
NC_000009.12:128945822:T:C	DOLK	ENSG00000175283	CCSBVarC026964	CCSBORF9726	ENSP00000361667.3:p.Asp494Gly	1481A>G	CCSBORF71807	KCNA1	-0.3942095003623575	0.9161324797184623
NC_000009.12:128947251:C:T	DOLK	ENSG00000175283	CCSBVarC026869	CCSBORF9726	ENSP00000361667.3:p.Gly18Arg	52G>A	CCSBORF71807	KCNA1	0.045196772831494966	0.8788265778323162
NC_000009.12:128946632:T:A	DOLK	ENSG00000175283	CCSBVarC026883	CCSBORF9726	ENSP00000361667.3:p.Asp224Val	671A>T	CCSBORF71807	KCNA1	-1.4393537379381909	1.2707422513951137
NC_000009.12:128946603:T:C	DOLK	ENSG00000175283	CCSBVarC026903	CCSBORF9726	ENSP00000361667.3:p.Met234Val	700A>G	CCSBORF71807	KCNA1	0.9002965641595987	0.8798213427274246
NC_000009.12:128946391:C:A	DOLK	ENSG00000175283	CCSBVarC026906	CCSBORF9726	ENSP00000361667.3:p.Trp304Cys	912G>T	CCSBORF71807	KCNA1	-5.481127596778555	0.9217935710026769
NC_000009.12:128946279:G:A	DOLK	ENSG00000175283	CCSBVarC026909	CCSBORF9726	ENSP00000361667.3:p.Leu342Phe	1024C>T	CCSBORF9484	SLC7A6	0.7849390372618266	0.6011220052566619
NC_000009.12:128946224:T:C	DOLK	ENSG00000175283	CCSBVarC026912	CCSBORF9726	ENSP00000361667.3:p.Tyr360Cys	1079A>G	CCSBORF9484	SLC7A6	-0.45707854201798354	0.6018146885644184
NC_000009.12:128946189:A:T	DOLK	ENSG00000175283	CCSBVarC026937	CCSBORF9726	ENSP00000361667.3:p.Phe372Ile	1114T>A	CCSBORF9484	SLC7A6	-1.5849243648452571	0.5991582225507972
NC_000009.12:128946017:T:C	DOLK	ENSG00000175283	CCSBVarC026944	CCSBORF9726	ENSP00000361667.3:p.Lys429Arg	1286A>G	CCSBORF9484	SLC7A6	0.2959860564825101	0.59718001371623
NC_000009.12:128945856:G:T	DOLK	ENSG00000175283	CCSBVarC026951	CCSBORF9726	ENSP00000361667.3:p.Gln483Lys	1447C>A	CCSBORF9484	SLC7A6	-4.7302692564019315	0.6422477905360309
NC_000009.12:128945853:T:C	DOLK	ENSG00000175283	CCSBVarC026962	CCSBORF9726	ENSP00000361667.3:p.Ile484Val	1450A>G	CCSBORF9484	SLC7A6	-6.3062761372180605	0.62639667293814
NC_000009.12:128945822:T:C	DOLK	ENSG00000175283	CCSBVarC026964	CCSBORF9726	ENSP00000361667.3:p.Asp494Gly	1481A>G	CCSBORF9484	SLC7A6	0.03119805485930125	0.5909477044758712
NC_000009.12:128947251:C:T	DOLK	ENSG00000175283	CCSBVarC026869	CCSBORF9726	ENSP00000361667.3:p.Gly18Arg	52G>A	CCSBORF9484	SLC7A6	0.4886872844370502	0.595730933071329
NC_000009.12:128946632:T:A	DOLK	ENSG00000175283	CCSBVarC026883	CCSBORF9726	ENSP00000361667.3:p.Asp224Val	671A>T	CCSBORF9484	SLC7A6	0.11786725038381338	0.6261584185691411
NC_000009.12:128946603:T:C	DOLK	ENSG00000175283	CCSBVarC026903	CCSBORF9726	ENSP00000361667.3:p.Met234Val	700A>G	CCSBORF9484	SLC7A6	0.3683430794189347	0.597109420831904
NC_000009.12:128946391:C:A	DOLK	ENSG00000175283	CCSBVarC026906	CCSBORF9726	ENSP00000361667.3:p.Trp304Cys	912G>T	CCSBORF9484	SLC7A6	-4.8386803603561575	0.7988569554086007
