experiment	ccsb_orf_id_reference	pool_id	ccsb_orf_id_interactor	media	repeat_id	nt_change	read_count	spdi	ccsb_mutation_id	hgvs_protein	symbol	ensembl_gene_id	interactor_symbol
HsVcPPILacVa2rdo	CCSBORF3756	1	CCSBORF53344	3AT	3	REF	34	NULL	NULL	NULL	VAPB	ENSG00000124164	TTC39B
HsVcPPILacVa2rdo	CCSBORF3756	1	CCSBORF53344	3AT	3	137C>T	74	NC_000020.11:58418288:C:T	CCSBVarC005852	ENSP00000417175.1:p.Thr46Ile	VAPB	ENSG00000124164	TTC39B
HsVcPPILacVa2rdo	CCSBORF3756	1	CCSBORF53344	3AT	3	166C>T	27	NC_000020.11:58418317:C:T	CCSBVarC000544	ENSP00000417175.1:p.Pro56Ser	VAPB	ENSG00000124164	TTC39B
HsVcPPILacVa2rdo	CCSBORF3756	1	CCSBORF53344	3AT	3	390T>G	23	NC_000020.11:58439018:T:G	CCSBVarC015538	ENSP00000417175.1:p.Asp130Glu	VAPB	ENSG00000124164	TTC39B
HsVcPPILacVa2rdo	CCSBORF3756	1	CCSBORF53344	3AT	3	486T>A	7	NC_000020.11:58440995:T:A	CCSBVarC015540	ENSP00000417175.1:p.Asp162Glu	VAPB	ENSG00000124164	TTC39B
HsVcPPILacVa2rdo	CCSBORF138	1	CCSBORF14447	3AT	3	REF	4189	NULL	NULL	NULL	MYD88	ENSG00000172936	SPOPL
HsVcPPILacVa2rdo	CCSBORF138	1	CCSBORF14447	3AT	3	278T>C	62	NC_000003.12:38138977:T:C	CCSBVarC000007	ENSP00000498360.2:p.Leu93Pro	MYD88	ENSG00000172936	SPOPL
HsVcPPILacVa2rdo	CCSBORF138	1	CCSBORF14447	3AT	3	394G>A	899	NC_000003.12:38139928:G:A	CCSBVarC015085	ENSP00000498360.2:p.Ala132Thr	MYD88	ENSG00000172936	SPOPL
HsVcPPILacVa2rdo	CCSBORF138	1	CCSBORF14447	3AT	3	538C>T	1936	NC_000003.12:38140461:C:T	CCSBVarC015088	ENSP00000498360.2:p.Arg180Trp	MYD88	ENSG00000172936	SPOPL
HsVcPPILacVa2rdo	CCSBORF138	1	CCSBORF14447	3AT	3	586C>T	1328	NC_000003.12:38140509:C:T	CCSBVarC000008	ENSP00000498360.2:p.Arg196Cys	MYD88	ENSG00000172936	SPOPL
HsVcPPILacVa2rdo	CCSBORF138	1	CCSBORF14447	3AT	3	604A>C	7645	NC_000003.12:38140527:A:C	CCSBVarC015091	ENSP00000498360.2:p.Thr202Pro	MYD88	ENSG00000172936	SPOPL
HsVcPPILacVa2rdo	CCSBORF138	1	CCSBORF14447	3AT	3	80T>C	24082	NC_000003.12:38138779:T:C	CCSBVarC015094	ENSP00000498360.2:p.Met27Thr	MYD88	ENSG00000172936	SPOPL
HsVcPPILacVa2rdo	CCSBORF7637	2	CCSBORF100014733	3AT	3	REF	929	NULL	NULL	NULL	CFP	ENSG00000126759	KRTAP6-2
HsVcPPILacVa2rdo	CCSBORF7637	2	CCSBORF100014733	3AT	3	1036C>T	5	NC_000023.11:47626423:G:A	CCSBVarC001213	ENSP00000380189.3:p.Arg346Cys	CFP	ENSG00000126759	KRTAP6-2
HsVcPPILacVa2rdo	CCSBORF7637	2	CCSBORF100014733	3AT	3	104A>G	45	NC_000023.11:47629646:T:C	CCSBVarC017053	ENSP00000380189.3:p.Gln35Arg	CFP	ENSG00000126759	KRTAP6-2
HsVcPPILacVa2rdo	CCSBORF7637	2	CCSBORF100014733	3AT	3	1174A>C	24	NC_000023.11:47626127:T:G	CCSBVarC017070	ENSP00000380189.3:p.Met392Leu	CFP	ENSG00000126759	KRTAP6-2
HsVcPPILacVa2rdo	CCSBORF7637	2	CCSBORF100014733	3AT	3	1198A>G	2673	NC_000023.11:47626103:T:C	CCSBVarC017073	ENSP00000380189.3:p.Thr400Ala	CFP	ENSG00000126759	KRTAP6-2
HsVcPPILacVa2rdo	CCSBORF7637	2	CCSBORF100014733	3AT	3	1223C>T	4	NC_000023.11:47626078:G:A	CCSBVarC017077	ENSP00000380189.3:p.Thr408Ile	CFP	ENSG00000126759	KRTAP6-2
HsVcPPILacVa2rdo	CCSBORF7637	2	CCSBORF100014733	3AT	3	1291T>G	68	NC_000023.11:47624393:A:C	CCSBVarC017081	ENSP00000380189.3:p.Phe431Val	CFP	ENSG00000126759	KRTAP6-2
HsVcPPILacVa2rdo	CCSBORF7637	2	CCSBORF100014733	3AT	3	1309C>A	3575	NC_000023.11:47624375:G:T	CCSBVarC017085	ENSP00000380189.3:p.Pro437Thr	CFP	ENSG00000126759	KRTAP6-2
HsVcPPILacVa2rdo	CCSBORF7637	2	CCSBORF100014733	3AT	3	157G>A	4418	NC_000023.11:47629593:C:T	CCSBVarC010166	ENSP00000380189.3:p.Val53Met	CFP	ENSG00000126759	KRTAP6-2
HsVcPPILacVa2rdo	CCSBORF7637	2	CCSBORF100014733	3AT	3	209G>A	5	NC_000023.11:47629541:C:T	CCSBVarC017089	ENSP00000380189.3:p.Gly70Glu	CFP	ENSG00000126759	KRTAP6-2
HsVcPPILacVa2rdo	CCSBORF7637	2	CCSBORF100014733	3AT	3	28C>G	26	NC_000023.11:47629816:G:C	CCSBVarC017093	ENSP00000380189.3:p.Arg10Gly	CFP	ENSG00000126759	KRTAP6-2
HsVcPPILacVa2rdo	CCSBORF7637	2	CCSBORF100014733	3AT	3	298C>T	1094	NC_000023.11:47628206:G:A	CCSBVarC001211	ENSP00000380189.3:p.Arg100Trp	CFP	ENSG00000126759	KRTAP6-2
HsVcPPILacVa2rdo	CCSBORF7637	2	CCSBORF100014733	3AT	3	313G>A	1	NC_000023.11:47628191:C:T	CCSBVarC017097	ENSP00000380189.3:p.Val105Met	CFP	ENSG00000126759	KRTAP6-2
HsVcPPILacVa2rdo	CCSBORF7637	2	CCSBORF100014733	3AT	3	391C>G	4	NC_000023.11:47628113:G:C	CCSBVarC017101	ENSP00000380189.3:p.Gln131Glu	CFP	ENSG00000126759	KRTAP6-2
HsVcPPILacVa2rdo	CCSBORF7637	2	CCSBORF100014733	3AT	3	44C>T	134	NC_000023.11:47629800:G:A	CCSBVarC017105	ENSP00000380189.3:p.Pro15Leu	CFP	ENSG00000126759	KRTAP6-2
HsVcPPILacVa2rdo	CCSBORF7637	2	CCSBORF100014733	3AT	3	470G>A	34	NC_000023.11:47627574:C:T	CCSBVarC017120	ENSP00000380189.3:p.Arg157Gln	CFP	ENSG00000126759	KRTAP6-2
HsVcPPILacVa2rdo	CCSBORF7637	2	CCSBORF100014733	3AT	3	580G>A	2	NC_000023.11:47627326:C:T	CCSBVarC017124	ENSP00000380189.3:p.Gly194Arg	CFP	ENSG00000126759	KRTAP6-2
HsVcPPILacVa2rdo	CCSBORF7637	2	CCSBORF100014733	3AT	3	611C>T	1836	NC_000023.11:47627295:G:A	CCSBVarC010163	ENSP00000380189.3:p.Pro204Leu	CFP	ENSG00000126759	KRTAP6-2
HsVcPPILacVa2rdo	CCSBORF7637	2	CCSBORF100014733	3AT	3	665G>A	567	NC_000023.11:47627241:C:T	CCSBVarC017128	ENSP00000380189.3:p.Arg222His	CFP	ENSG00000126759	KRTAP6-2
HsVcPPILacVa2rdo	CCSBORF7637	2	CCSBORF100014733	3AT	3	716C>T	141	NC_000023.11:47627190:G:A	CCSBVarC017132	ENSP00000380189.3:p.Pro239Leu	CFP	ENSG00000126759	KRTAP6-2
HsVcPPILacVa2rdo	CCSBORF7637	2	CCSBORF100014733	3AT	3	748G>A	1698	NC_000023.11:47627158:C:T	CCSBVarC008473	ENSP00000380189.3:p.Gly250Ser	CFP	ENSG00000126759	KRTAP6-2
HsVcPPILacVa2rdo	CCSBORF7637	2	CCSBORF100014733	3AT	3	769G>A	400	NC_000023.11:47626943:C:T	CCSBVarC017135	ENSP00000380189.3:p.Ala257Thr	CFP	ENSG00000126759	KRTAP6-2
HsVcPPILacVa2rdo	CCSBORF7637	2	CCSBORF100014733	3AT	3	88G>A	604	NC_000023.11:47629662:C:T	CCSBVarC017139	ENSP00000380189.3:p.Val30Met	CFP	ENSG00000126759	KRTAP6-2
HsVcPPILacVa2rdo	CCSBORF7637	2	CCSBORF100014733	3AT	3	893G>T	3	NC_000023.11:47626819:C:A	CCSBVarC010172	ENSP00000380189.3:p.Gly298Val	CFP	ENSG00000126759	KRTAP6-2
HsVcPPILacVa2rdo	CCSBORF71077	1	CCSBORF12685	3AT	3	REF	644	NULL	NULL	NULL	IMPDH1	ENSG00000106348	RAD54L2
HsVcPPILacVa2rdo	CCSBORF71077	1	CCSBORF12685	3AT	3	1184C>G	1	NC_000007.14:128395243:G:C	CCSBVarC017170	ENSP00000265385.8:p.Ala395Gly	IMPDH1	ENSG00000106348	RAD54L2
HsVcPPILacVa2rdo	CCSBORF71077	1	CCSBORF12685	3AT	3	1262A>C	0	NC_000007.14:128395165:T:G	CCSBVarC002717	ENSP00000265385.8:p.His421Pro	IMPDH1	ENSG00000106348	RAD54L2
HsVcPPILacVa2rdo	CCSBORF71077	1	CCSBORF12685	3AT	3	1321G>A	13	NC_000007.14:128395009:C:T	CCSBVarC017176	ENSP00000265385.8:p.Ala441Thr	IMPDH1	ENSG00000106348	RAD54L2
HsVcPPILacVa2rdo	CCSBORF71077	1	CCSBORF12685	3AT	3	1381C>T	15	NC_000007.14:128394949:G:A	CCSBVarC017182	ENSP00000265385.8:p.Arg461Trp	IMPDH1	ENSG00000106348	RAD54L2
HsVcPPILacVa2rdo	CCSBORF71077	1	CCSBORF12685	3AT	3	1451A>C	5535	NC_000007.14:128394590:T:G	CCSBVarC017187	ENSP00000265385.8:p.Asp484Ala	IMPDH1	ENSG00000106348	RAD54L2
HsVcPPILacVa2rdo	CCSBORF71077	1	CCSBORF12685	3AT	3	1490A>G	4	NC_000007.14:128394551:T:C	CCSBVarC017189	ENSP00000265385.8:p.Gln497Arg	IMPDH1	ENSG00000106348	RAD54L2
HsVcPPILacVa2rdo	CCSBORF71077	1	CCSBORF12685	3AT	3	1622A>G	41	NC_000007.14:128394325:T:C	CCSBVarC017192	ENSP00000265385.8:p.Lys541Arg	IMPDH1	ENSG00000106348	RAD54L2
HsVcPPILacVa2rdo	CCSBORF71077	1	CCSBORF12685	3AT	3	269T>C	41	NC_000007.14:128403730:A:G	CCSBVarC017194	ENSP00000265385.8:p.Phe90Ser	IMPDH1	ENSG00000106348	RAD54L2
HsVcPPILacVa2rdo	CCSBORF71077	1	CCSBORF12685	3AT	3	352C>G	33	NC_000007.14:128401058:G:C	CCSBVarC017196	ENSP00000265385.8:p.Pro118Ala	IMPDH1	ENSG00000106348	RAD54L2
HsVcPPILacVa2rdo	CCSBORF71077	1	CCSBORF12685	3AT	3	376G>A	7	NC_000007.14:128401034:C:T	CCSBVarC017198	ENSP00000265385.8:p.Asp126Asn	IMPDH1	ENSG00000106348	RAD54L2
HsVcPPILacVa2rdo	CCSBORF71077	1	CCSBORF12685	3AT	3	474G>C	24	NC_000007.14:128400536:C:G	CCSBVarC016389	ENSP00000265385.8:p.Lys158Asn	IMPDH1	ENSG00000106348	RAD54L2
HsVcPPILacVa2rdo	CCSBORF71077	1	CCSBORF12685	3AT	3	526G>A	1957	NC_000007.14:128400484:C:T	CCSBVarC016393	ENSP00000265385.8:p.Val176Met	IMPDH1	ENSG00000106348	RAD54L2
HsVcPPILacVa2rdo	CCSBORF71077	1	CCSBORF12685	3AT	3	620T>C	1832	NC_000007.14:128400390:A:G	CCSBVarC016409	ENSP00000265385.8:p.Val207Ala	IMPDH1	ENSG00000106348	RAD54L2
HsVcPPILacVa2rdo	CCSBORF71077	1	CCSBORF12685	3AT	3	661A>G	27	NC_000007.14:128400349:T:C	CCSBVarC016415	ENSP00000265385.8:p.Thr221Ala	IMPDH1	ENSG00000106348	RAD54L2
HsVcPPILacVa2rdo	CCSBORF71077	1	CCSBORF12685	3AT	3	71G>C	18	NC_000007.14:128409830:C:G	CCSBVarC016466	ENSP00000265385.8:p.Arg24Pro	IMPDH1	ENSG00000106348	RAD54L2
HsVcPPILacVa2rdo	CCSBORF71077	1	CCSBORF12685	3AT	3	733G>C	31	NC_000007.14:128400127:C:G	CCSBVarC016492	ENSP00000265385.8:p.Glu245Gln	IMPDH1	ENSG00000106348	RAD54L2
HsVcPPILacVa2rdo	CCSBORF71077	1	CCSBORF12685	3AT	3	741T>G	14	NC_000007.14:128400119:A:C	CCSBVarC016502	ENSP00000265385.8:p.Asn247Lys	IMPDH1	ENSG00000106348	RAD54L2
HsVcPPILacVa2rdo	CCSBORF71077	1	CCSBORF12685	3AT	3	817C>T	8	NC_000007.14:128398562:G:A	CCSBVarC016506	ENSP00000265385.8:p.Arg273Cys	IMPDH1	ENSG00000106348	RAD54L2
HsVcPPILacVa2rdo	CCSBORF71077	1	CCSBORF12685	3AT	3	823G>A	16	NC_000007.14:128398556:C:T	CCSBVarC002715	ENSP00000265385.8:p.Asp275Asn	IMPDH1	ENSG00000106348	RAD54L2
HsVcPPILacVa2rdo	CCSBORF71077	1	CCSBORF12685	3AT	3	824A>G	1025	NC_000007.14:128398555:T:C	CCSBVarC016510	ENSP00000265385.8:p.Asp275Gly	IMPDH1	ENSG00000106348	RAD54L2
HsVcPPILacVa2rdo	CCSBORF71077	1	CCSBORF12685	3AT	3	851T>C	29	NC_000007.14:128398528:A:G	CCSBVarC016515	ENSP00000265385.8:p.Leu284Pro	IMPDH1	ENSG00000106348	RAD54L2
HsVcPPILacVa2rdo	CCSBORF71077	1	CCSBORF12685	3AT	3	860A>G	2808	NC_000007.14:128398519:T:C	CCSBVarC016524	ENSP00000265385.8:p.Lys287Arg	IMPDH1	ENSG00000106348	RAD54L2
HsVcPPILacVa2rdo	CCSBORF71077	1	CCSBORF12685	3AT	3	884G>C	6732	NC_000007.14:128398495:C:G	CCSBVarC016594	ENSP00000265385.8:p.Cys295Ser	IMPDH1	ENSG00000106348	RAD54L2
HsVcPPILacVa2rdo	CCSBORF7866	1	CCSBORF6932	3AT	3	REF	1219	NULL	NULL	NULL	EFHC1	ENSG00000096093	RCN1
HsVcPPILacVa2rdo	CCSBORF7866	1	CCSBORF6932	3AT	3	1180G>T	8	NC_000006.12:52469374:G:T	CCSBVarC001266	ENSP00000360107.4:p.Ala394Ser	EFHC1	ENSG00000096093	RCN1
HsVcPPILacVa2rdo	CCSBORF7866	1	CCSBORF6932	3AT	3	1343T>C	488	NC_000006.12:52479100:T:C	CCSBVarC002921	ENSP00000360107.4:p.Met448Thr	EFHC1	ENSG00000096093	RCN1
HsVcPPILacVa2rdo	CCSBORF7866	1	CCSBORF6932	3AT	3	1523C>G	1412	NC_000006.12:52479669:C:G	CCSBVarC001267	ENSP00000360107.4:p.Thr508Arg	EFHC1	ENSG00000096093	RCN1
HsVcPPILacVa2rdo	CCSBORF7866	1	CCSBORF6932	3AT	3	1820A>G	13	NC_000006.12:52490318:A:G	CCSBVarC017141	ENSP00000360107.4:p.Asn607Ser	EFHC1	ENSG00000096093	RCN1
HsVcPPILacVa2rdo	CCSBORF7866	1	CCSBORF6932	3AT	3	229C>A	413	NC_000006.12:52424110:C:A	CCSBVarC001264	ENSP00000360107.4:p.Pro77Thr	EFHC1	ENSG00000096093	RCN1
HsVcPPILacVa2rdo	CCSBORF7866	1	CCSBORF6932	3AT	3	475C>G	251	NC_000006.12:52438492:C:G	CCSBVarC017143	ENSP00000360107.4:p.Arg159Gly	EFHC1	ENSG00000096093	RCN1
HsVcPPILacVa2rdo	CCSBORF7866	1	CCSBORF6932	3AT	3	475C>T	6555	NC_000006.12:52438492:C:T	CCSBVarC002919	ENSP00000360107.4:p.Arg159Trp	EFHC1	ENSG00000096093	RCN1
HsVcPPILacVa2rdo	CCSBORF7866	1	CCSBORF6932	3AT	3	520A>G	4601	NC_000006.12:52438537:A:G	CCSBVarC003446	ENSP00000360107.4:p.Ile174Val	EFHC1	ENSG00000096093	RCN1
HsVcPPILacVa2rdo	CCSBORF7866	1	CCSBORF6932	3AT	3	628G>A	149	NC_000006.12:52452741:G:A	CCSBVarC003447	ENSP00000360107.4:p.Asp210Asn	EFHC1	ENSG00000096093	RCN1
HsVcPPILacVa2rdo	CCSBORF7866	1	CCSBORF6932	3AT	3	662G>A	187	NC_000006.12:52452775:G:A	CCSBVarC001265	ENSP00000360107.4:p.Arg221His	EFHC1	ENSG00000096093	RCN1
HsVcPPILacVa2rdo	CCSBORF7866	1	CCSBORF6932	3AT	3	685T>C	14	NC_000006.12:52452798:T:C	CCSBVarC003448	ENSP00000360107.4:p.Phe229Leu	EFHC1	ENSG00000096093	RCN1
HsVcPPILacVa2rdo	CCSBORF7866	1	CCSBORF6932	3AT	3	757G>T	12	NC_000006.12:52454127:G:T	CCSBVarC003449	ENSP00000360107.4:p.Asp253Tyr	EFHC1	ENSG00000096093	RCN1
HsVcPPILacVa2rdo	CCSBORF7866	1	CCSBORF6932	3AT	3	776G>A	10	NC_000006.12:52454146:G:A	CCSBVarC003450	ENSP00000360107.4:p.Cys259Tyr	EFHC1	ENSG00000096093	RCN1
HsVcPPILacVa2rdo	CCSBORF3756	1	CCSBORF0	3AT	3	REF	2	NULL	NULL	NULL	VAPB	ENSG00000124164	empty_AD
HsVcPPILacVa2rdo	CCSBORF3756	1	CCSBORF0	3AT	3	137C>T	9	NC_000020.11:58418288:C:T	CCSBVarC005852	ENSP00000417175.1:p.Thr46Ile	VAPB	ENSG00000124164	empty_AD
HsVcPPILacVa2rdo	CCSBORF3756	1	CCSBORF0	3AT	3	166C>T	6	NC_000020.11:58418317:C:T	CCSBVarC000544	ENSP00000417175.1:p.Pro56Ser	VAPB	ENSG00000124164	empty_AD
HsVcPPILacVa2rdo	CCSBORF3756	1	CCSBORF0	3AT	3	390T>G	1	NC_000020.11:58439018:T:G	CCSBVarC015538	ENSP00000417175.1:p.Asp130Glu	VAPB	ENSG00000124164	empty_AD
HsVcPPILacVa2rdo	CCSBORF3756	1	CCSBORF0	3AT	3	486T>A	1	NC_000020.11:58440995:T:A	CCSBVarC015540	ENSP00000417175.1:p.Asp162Glu	VAPB	ENSG00000124164	empty_AD
HsVcPPILacVa2rdo	CCSBORF138	1	CCSBORF0	3AT	3	REF	2	NULL	NULL	NULL	MYD88	ENSG00000172936	empty_AD
HsVcPPILacVa2rdo	CCSBORF138	1	CCSBORF0	3AT	3	278T>C	2	NC_000003.12:38138977:T:C	CCSBVarC000007	ENSP00000498360.2:p.Leu93Pro	MYD88	ENSG00000172936	empty_AD
HsVcPPILacVa2rdo	CCSBORF138	1	CCSBORF0	3AT	3	394G>A	1	NC_000003.12:38139928:G:A	CCSBVarC015085	ENSP00000498360.2:p.Ala132Thr	MYD88	ENSG00000172936	empty_AD
HsVcPPILacVa2rdo	CCSBORF138	1	CCSBORF0	3AT	3	538C>T	2	NC_000003.12:38140461:C:T	CCSBVarC015088	ENSP00000498360.2:p.Arg180Trp	MYD88	ENSG00000172936	empty_AD
HsVcPPILacVa2rdo	CCSBORF138	1	CCSBORF0	3AT	3	586C>T	1	NC_000003.12:38140509:C:T	CCSBVarC000008	ENSP00000498360.2:p.Arg196Cys	MYD88	ENSG00000172936	empty_AD
HsVcPPILacVa2rdo	CCSBORF138	1	CCSBORF0	3AT	3	604A>C	3	NC_000003.12:38140527:A:C	CCSBVarC015091	ENSP00000498360.2:p.Thr202Pro	MYD88	ENSG00000172936	empty_AD
HsVcPPILacVa2rdo	CCSBORF138	1	CCSBORF0	3AT	3	80T>C	1	NC_000003.12:38138779:T:C	CCSBVarC015094	ENSP00000498360.2:p.Met27Thr	MYD88	ENSG00000172936	empty_AD
HsVcPPILacVa2rdo	CCSBORF7637	2	CCSBORF0	3AT	3	REF	0	NULL	NULL	NULL	CFP	ENSG00000126759	empty_AD
HsVcPPILacVa2rdo	CCSBORF7637	2	CCSBORF0	3AT	3	1036C>T	0	NC_000023.11:47626423:G:A	CCSBVarC001213	ENSP00000380189.3:p.Arg346Cys	CFP	ENSG00000126759	empty_AD
HsVcPPILacVa2rdo	CCSBORF7637	2	CCSBORF0	3AT	3	104A>G	0	NC_000023.11:47629646:T:C	CCSBVarC017053	ENSP00000380189.3:p.Gln35Arg	CFP	ENSG00000126759	empty_AD
HsVcPPILacVa2rdo	CCSBORF7637	2	CCSBORF0	3AT	3	1174A>C	0	NC_000023.11:47626127:T:G	CCSBVarC017070	ENSP00000380189.3:p.Met392Leu	CFP	ENSG00000126759	empty_AD
HsVcPPILacVa2rdo	CCSBORF7637	2	CCSBORF0	3AT	3	1198A>G	0	NC_000023.11:47626103:T:C	CCSBVarC017073	ENSP00000380189.3:p.Thr400Ala	CFP	ENSG00000126759	empty_AD
HsVcPPILacVa2rdo	CCSBORF7637	2	CCSBORF0	3AT	3	1223C>T	0	NC_000023.11:47626078:G:A	CCSBVarC017077	ENSP00000380189.3:p.Thr408Ile	CFP	ENSG00000126759	empty_AD
HsVcPPILacVa2rdo	CCSBORF7637	2	CCSBORF0	3AT	3	1291T>G	0	NC_000023.11:47624393:A:C	CCSBVarC017081	ENSP00000380189.3:p.Phe431Val	CFP	ENSG00000126759	empty_AD
HsVcPPILacVa2rdo	CCSBORF7637	2	CCSBORF0	3AT	3	1309C>A	0	NC_000023.11:47624375:G:T	CCSBVarC017085	ENSP00000380189.3:p.Pro437Thr	CFP	ENSG00000126759	empty_AD
HsVcPPILacVa2rdo	CCSBORF7637	2	CCSBORF0	3AT	3	157G>A	2	NC_000023.11:47629593:C:T	CCSBVarC010166	ENSP00000380189.3:p.Val53Met	CFP	ENSG00000126759	empty_AD
HsVcPPILacVa2rdo	CCSBORF7637	2	CCSBORF0	3AT	3	209G>A	0	NC_000023.11:47629541:C:T	CCSBVarC017089	ENSP00000380189.3:p.Gly70Glu	CFP	ENSG00000126759	empty_AD
HsVcPPILacVa2rdo	CCSBORF7637	2	CCSBORF0	3AT	3	28C>G	0	NC_000023.11:47629816:G:C	CCSBVarC017093	ENSP00000380189.3:p.Arg10Gly	CFP	ENSG00000126759	empty_AD
HsVcPPILacVa2rdo	CCSBORF7637	2	CCSBORF0	3AT	3	298C>T	0	NC_000023.11:47628206:G:A	CCSBVarC001211	ENSP00000380189.3:p.Arg100Trp	CFP	ENSG00000126759	empty_AD
HsVcPPILacVa2rdo	CCSBORF7637	2	CCSBORF0	3AT	3	313G>A	0	NC_000023.11:47628191:C:T	CCSBVarC017097	ENSP00000380189.3:p.Val105Met	CFP	ENSG00000126759	empty_AD
HsVcPPILacVa2rdo	CCSBORF7637	2	CCSBORF0	3AT	3	391C>G	0	NC_000023.11:47628113:G:C	CCSBVarC017101	ENSP00000380189.3:p.Gln131Glu	CFP	ENSG00000126759	empty_AD
HsVcPPILacVa2rdo	CCSBORF7637	2	CCSBORF0	3AT	3	44C>T	0	NC_000023.11:47629800:G:A	CCSBVarC017105	ENSP00000380189.3:p.Pro15Leu	CFP	ENSG00000126759	empty_AD
HsVcPPILacVa2rdo	CCSBORF7637	2	CCSBORF0	3AT	3	470G>A	0	NC_000023.11:47627574:C:T	CCSBVarC017120	ENSP00000380189.3:p.Arg157Gln	CFP	ENSG00000126759	empty_AD
HsVcPPILacVa2rdo	CCSBORF7637	2	CCSBORF0	3AT	3	580G>A	0	NC_000023.11:47627326:C:T	CCSBVarC017124	ENSP00000380189.3:p.Gly194Arg	CFP	ENSG00000126759	empty_AD
HsVcPPILacVa2rdo	CCSBORF7637	2	CCSBORF0	3AT	3	611C>T	0	NC_000023.11:47627295:G:A	CCSBVarC010163	ENSP00000380189.3:p.Pro204Leu	CFP	ENSG00000126759	empty_AD
HsVcPPILacVa2rdo	CCSBORF7637	2	CCSBORF0	3AT	3	665G>A	0	NC_000023.11:47627241:C:T	CCSBVarC017128	ENSP00000380189.3:p.Arg222His	CFP	ENSG00000126759	empty_AD
HsVcPPILacVa2rdo	CCSBORF7637	2	CCSBORF0	3AT	3	716C>T	0	NC_000023.11:47627190:G:A	CCSBVarC017132	ENSP00000380189.3:p.Pro239Leu	CFP	ENSG00000126759	empty_AD
HsVcPPILacVa2rdo	CCSBORF7637	2	CCSBORF0	3AT	3	748G>A	3	NC_000023.11:47627158:C:T	CCSBVarC008473	ENSP00000380189.3:p.Gly250Ser	CFP	ENSG00000126759	empty_AD
HsVcPPILacVa2rdo	CCSBORF7637	2	CCSBORF0	3AT	3	769G>A	0	NC_000023.11:47626943:C:T	CCSBVarC017135	ENSP00000380189.3:p.Ala257Thr	CFP	ENSG00000126759	empty_AD
HsVcPPILacVa2rdo	CCSBORF7637	2	CCSBORF0	3AT	3	88G>A	1	NC_000023.11:47629662:C:T	CCSBVarC017139	ENSP00000380189.3:p.Val30Met	CFP	ENSG00000126759	empty_AD
HsVcPPILacVa2rdo	CCSBORF7637	2	CCSBORF0	3AT	3	893G>T	0	NC_000023.11:47626819:C:A	CCSBVarC010172	ENSP00000380189.3:p.Gly298Val	CFP	ENSG00000126759	empty_AD
HsVcPPILacVa2rdo	CCSBORF71077	1	CCSBORF6490	3AT	3	REF	848	NULL	NULL	NULL	IMPDH1	ENSG00000106348	PIAS2
HsVcPPILacVa2rdo	CCSBORF71077	1	CCSBORF6490	3AT	3	1184C>G	4	NC_000007.14:128395243:G:C	CCSBVarC017170	ENSP00000265385.8:p.Ala395Gly	IMPDH1	ENSG00000106348	PIAS2
HsVcPPILacVa2rdo	CCSBORF71077	1	CCSBORF6490	3AT	3	1262A>C	0	NC_000007.14:128395165:T:G	CCSBVarC002717	ENSP00000265385.8:p.His421Pro	IMPDH1	ENSG00000106348	PIAS2
HsVcPPILacVa2rdo	CCSBORF71077	1	CCSBORF6490	3AT	3	1321G>A	10	NC_000007.14:128395009:C:T	CCSBVarC017176	ENSP00000265385.8:p.Ala441Thr	IMPDH1	ENSG00000106348	PIAS2
HsVcPPILacVa2rdo	CCSBORF71077	1	CCSBORF6490	3AT	3	1381C>T	12	NC_000007.14:128394949:G:A	CCSBVarC017182	ENSP00000265385.8:p.Arg461Trp	IMPDH1	ENSG00000106348	PIAS2
HsVcPPILacVa2rdo	CCSBORF71077	1	CCSBORF6490	3AT	3	1451A>C	3200	NC_000007.14:128394590:T:G	CCSBVarC017187	ENSP00000265385.8:p.Asp484Ala	IMPDH1	ENSG00000106348	PIAS2
HsVcPPILacVa2rdo	CCSBORF71077	1	CCSBORF6490	3AT	3	1490A>G	5	NC_000007.14:128394551:T:C	CCSBVarC017189	ENSP00000265385.8:p.Gln497Arg	IMPDH1	ENSG00000106348	PIAS2
HsVcPPILacVa2rdo	CCSBORF71077	1	CCSBORF6490	3AT	3	1622A>G	1463	NC_000007.14:128394325:T:C	CCSBVarC017192	ENSP00000265385.8:p.Lys541Arg	IMPDH1	ENSG00000106348	PIAS2
HsVcPPILacVa2rdo	CCSBORF71077	1	CCSBORF6490	3AT	3	269T>C	56	NC_000007.14:128403730:A:G	CCSBVarC017194	ENSP00000265385.8:p.Phe90Ser	IMPDH1	ENSG00000106348	PIAS2
HsVcPPILacVa2rdo	CCSBORF71077	1	CCSBORF6490	3AT	3	352C>G	30	NC_000007.14:128401058:G:C	CCSBVarC017196	ENSP00000265385.8:p.Pro118Ala	IMPDH1	ENSG00000106348	PIAS2
HsVcPPILacVa2rdo	CCSBORF71077	1	CCSBORF6490	3AT	3	376G>A	10	NC_000007.14:128401034:C:T	CCSBVarC017198	ENSP00000265385.8:p.Asp126Asn	IMPDH1	ENSG00000106348	PIAS2
HsVcPPILacVa2rdo	CCSBORF71077	1	CCSBORF6490	3AT	3	474G>C	16	NC_000007.14:128400536:C:G	CCSBVarC016389	ENSP00000265385.8:p.Lys158Asn	IMPDH1	ENSG00000106348	PIAS2
HsVcPPILacVa2rdo	CCSBORF71077	1	CCSBORF6490	3AT	3	526G>A	2586	NC_000007.14:128400484:C:T	CCSBVarC016393	ENSP00000265385.8:p.Val176Met	IMPDH1	ENSG00000106348	PIAS2
HsVcPPILacVa2rdo	CCSBORF71077	1	CCSBORF6490	3AT	3	620T>C	2297	NC_000007.14:128400390:A:G	CCSBVarC016409	ENSP00000265385.8:p.Val207Ala	IMPDH1	ENSG00000106348	PIAS2
HsVcPPILacVa2rdo	CCSBORF71077	1	CCSBORF6490	3AT	3	661A>G	29	NC_000007.14:128400349:T:C	CCSBVarC016415	ENSP00000265385.8:p.Thr221Ala	IMPDH1	ENSG00000106348	PIAS2
HsVcPPILacVa2rdo	CCSBORF71077	1	CCSBORF6490	3AT	3	71G>C	18	NC_000007.14:128409830:C:G	CCSBVarC016466	ENSP00000265385.8:p.Arg24Pro	IMPDH1	ENSG00000106348	PIAS2
HsVcPPILacVa2rdo	CCSBORF71077	1	CCSBORF6490	3AT	3	733G>C	28	NC_000007.14:128400127:C:G	CCSBVarC016492	ENSP00000265385.8:p.Glu245Gln	IMPDH1	ENSG00000106348	PIAS2
HsVcPPILacVa2rdo	CCSBORF71077	1	CCSBORF6490	3AT	3	741T>G	13	NC_000007.14:128400119:A:C	CCSBVarC016502	ENSP00000265385.8:p.Asn247Lys	IMPDH1	ENSG00000106348	PIAS2
HsVcPPILacVa2rdo	CCSBORF71077	1	CCSBORF6490	3AT	3	817C>T	4	NC_000007.14:128398562:G:A	CCSBVarC016506	ENSP00000265385.8:p.Arg273Cys	IMPDH1	ENSG00000106348	PIAS2
HsVcPPILacVa2rdo	CCSBORF71077	1	CCSBORF6490	3AT	3	823G>A	25	NC_000007.14:128398556:C:T	CCSBVarC002715	ENSP00000265385.8:p.Asp275Asn	IMPDH1	ENSG00000106348	PIAS2
HsVcPPILacVa2rdo	CCSBORF71077	1	CCSBORF6490	3AT	3	824A>G	3509	NC_000007.14:128398555:T:C	CCSBVarC016510	ENSP00000265385.8:p.Asp275Gly	IMPDH1	ENSG00000106348	PIAS2
HsVcPPILacVa2rdo	CCSBORF71077	1	CCSBORF6490	3AT	3	851T>C	1087	NC_000007.14:128398528:A:G	CCSBVarC016515	ENSP00000265385.8:p.Leu284Pro	IMPDH1	ENSG00000106348	PIAS2
HsVcPPILacVa2rdo	CCSBORF71077	1	CCSBORF6490	3AT	3	860A>G	6998	NC_000007.14:128398519:T:C	CCSBVarC016524	ENSP00000265385.8:p.Lys287Arg	IMPDH1	ENSG00000106348	PIAS2
HsVcPPILacVa2rdo	CCSBORF71077	1	CCSBORF6490	3AT	3	884G>C	968	NC_000007.14:128398495:C:G	CCSBVarC016594	ENSP00000265385.8:p.Cys295Ser	IMPDH1	ENSG00000106348	PIAS2
HsVcPPILacVa2rdo	CCSBORF7866	1	CCSBORF2680	3AT	3	REF	559	NULL	NULL	NULL	EFHC1	ENSG00000096093	RNF125
HsVcPPILacVa2rdo	CCSBORF7866	1	CCSBORF2680	3AT	3	1180G>T	4	NC_000006.12:52469374:G:T	CCSBVarC001266	ENSP00000360107.4:p.Ala394Ser	EFHC1	ENSG00000096093	RNF125
HsVcPPILacVa2rdo	CCSBORF7866	1	CCSBORF2680	3AT	3	1343T>C	244	NC_000006.12:52479100:T:C	CCSBVarC002921	ENSP00000360107.4:p.Met448Thr	EFHC1	ENSG00000096093	RNF125
HsVcPPILacVa2rdo	CCSBORF7866	1	CCSBORF2680	3AT	3	1523C>G	147	NC_000006.12:52479669:C:G	CCSBVarC001267	ENSP00000360107.4:p.Thr508Arg	EFHC1	ENSG00000096093	RNF125
HsVcPPILacVa2rdo	CCSBORF7866	1	CCSBORF2680	3AT	3	1820A>G	10	NC_000006.12:52490318:A:G	CCSBVarC017141	ENSP00000360107.4:p.Asn607Ser	EFHC1	ENSG00000096093	RNF125
HsVcPPILacVa2rdo	CCSBORF7866	1	CCSBORF2680	3AT	3	229C>A	29	NC_000006.12:52424110:C:A	CCSBVarC001264	ENSP00000360107.4:p.Pro77Thr	EFHC1	ENSG00000096093	RNF125
HsVcPPILacVa2rdo	CCSBORF7866	1	CCSBORF2680	3AT	3	475C>G	121	NC_000006.12:52438492:C:G	CCSBVarC017143	ENSP00000360107.4:p.Arg159Gly	EFHC1	ENSG00000096093	RNF125
HsVcPPILacVa2rdo	CCSBORF7866	1	CCSBORF2680	3AT	3	475C>T	3122	NC_000006.12:52438492:C:T	CCSBVarC002919	ENSP00000360107.4:p.Arg159Trp	EFHC1	ENSG00000096093	RNF125
HsVcPPILacVa2rdo	CCSBORF7866	1	CCSBORF2680	3AT	3	520A>G	3053	NC_000006.12:52438537:A:G	CCSBVarC003446	ENSP00000360107.4:p.Ile174Val	EFHC1	ENSG00000096093	RNF125
HsVcPPILacVa2rdo	CCSBORF7866	1	CCSBORF2680	3AT	3	628G>A	59	NC_000006.12:52452741:G:A	CCSBVarC003447	ENSP00000360107.4:p.Asp210Asn	EFHC1	ENSG00000096093	RNF125
HsVcPPILacVa2rdo	CCSBORF7866	1	CCSBORF2680	3AT	3	662G>A	22	NC_000006.12:52452775:G:A	CCSBVarC001265	ENSP00000360107.4:p.Arg221His	EFHC1	ENSG00000096093	RNF125
HsVcPPILacVa2rdo	CCSBORF7866	1	CCSBORF2680	3AT	3	685T>C	60	NC_000006.12:52452798:T:C	CCSBVarC003448	ENSP00000360107.4:p.Phe229Leu	EFHC1	ENSG00000096093	RNF125
HsVcPPILacVa2rdo	CCSBORF7866	1	CCSBORF2680	3AT	3	757G>T	12	NC_000006.12:52454127:G:T	CCSBVarC003449	ENSP00000360107.4:p.Asp253Tyr	EFHC1	ENSG00000096093	RNF125
HsVcPPILacVa2rdo	CCSBORF7866	1	CCSBORF2680	3AT	3	776G>A	2	NC_000006.12:52454146:G:A	CCSBVarC003450	ENSP00000360107.4:p.Cys259Tyr	EFHC1	ENSG00000096093	RNF125
HsVcPPILacVa2rdo	CCSBORF1231	1	CCSBORF56106	3AT	3	REF	0	NULL	NULL	NULL	AQP1	ENSG00000240583	KRTAP4-2
HsVcPPILacVa2rdo	CCSBORF1231	1	CCSBORF56106	3AT	3	113C>T	2	NC_000007.14:30912021:C:T	CCSBVarC000137	ENSP00000311165.4:p.Pro38Leu	AQP1	ENSG00000240583	KRTAP4-2
HsVcPPILacVa2rdo	CCSBORF1231	1	CCSBORF56106	3AT	3	140A>G	9	NC_000007.14:30912048:A:G	CCSBVarC000138	ENSP00000311165.4:p.Gln47Arg	AQP1	ENSG00000240583	KRTAP4-2
HsVcPPILacVa2rdo	CCSBORF1231	1	CCSBORF56106	3AT	3	319G>A	0	NC_000007.14:30912227:G:A	CCSBVarC015066	ENSP00000311165.4:p.Val107Ile	AQP1	ENSG00000240583	KRTAP4-2
HsVcPPILacVa2rdo	CCSBORF1231	1	CCSBORF56106	3AT	3	320T>G	0	NC_000007.14:30912228:T:G	CCSBVarC015069	ENSP00000311165.4:p.Val107Gly	AQP1	ENSG00000240583	KRTAP4-2
HsVcPPILacVa2rdo	CCSBORF1231	1	CCSBORF56106	3AT	3	494G>A	0	NC_000007.14:30922174:G:A	CCSBVarC015072	ENSP00000311165.4:p.Gly165Asp	AQP1	ENSG00000240583	KRTAP4-2
HsVcPPILacVa2rdo	CCSBORF1231	1	CCSBORF56106	3AT	3	576C>A	2	NC_000007.14:30922589:C:A	CCSBVarC000139	ENSP00000311165.4:p.Asn192Lys	AQP1	ENSG00000240583	KRTAP4-2
HsVcPPILacVa2rdo	CCSBORF11374	2	CCSBORF5498	3AT	3	REF	1089	NULL	NULL	NULL	RP2	ENSG00000102218	OSTF1
HsVcPPILacVa2rdo	CCSBORF11374	2	CCSBORF5498	3AT	3	1046G>C	20	NC_000023.11:46879761:G:C	CCSBVarC014902	ENSP00000218340.3:p.Gly349Ala	RP2	ENSG00000102218	OSTF1
HsVcPPILacVa2rdo	CCSBORF11374	2	CCSBORF5498	3AT	3	122T>C	8	NC_000023.11:46853494:T:C	CCSBVarC014908	ENSP00000218340.3:p.Met41Thr	RP2	ENSG00000102218	OSTF1
HsVcPPILacVa2rdo	CCSBORF11374	2	CCSBORF5498	3AT	3	226G>T	21328	NC_000023.11:46853598:G:T	CCSBVarC014921	ENSP00000218340.3:p.Asp76Tyr	RP2	ENSG00000102218	OSTF1
HsVcPPILacVa2rdo	CCSBORF11374	2	CCSBORF5498	3AT	3	260C>T	13	NC_000023.11:46853632:C:T	CCSBVarC011436	ENSP00000218340.3:p.Thr87Ile	RP2	ENSG00000102218	OSTF1
HsVcPPILacVa2rdo	CCSBORF11374	2	CCSBORF5498	3AT	3	280G>C	44	NC_000023.11:46853652:G:C	CCSBVarC014952	ENSP00000218340.3:p.Gly94Arg	RP2	ENSG00000102218	OSTF1
HsVcPPILacVa2rdo	CCSBORF11374	2	CCSBORF5498	3AT	3	284C>T	58	NC_000023.11:46853656:C:T	CCSBVarC011462	ENSP00000218340.3:p.Pro95Leu	RP2	ENSG00000102218	OSTF1
HsVcPPILacVa2rdo	CCSBORF11374	2	CCSBORF5498	3AT	3	352C>T	31	NC_000023.11:46853724:C:T	CCSBVarC011442	ENSP00000218340.3:p.Arg118Cys	RP2	ENSG00000102218	OSTF1
HsVcPPILacVa2rdo	CCSBORF11374	2	CCSBORF5498	3AT	3	353G>A	73	NC_000023.11:46853725:G:A	CCSBVarC001707	ENSP00000218340.3:p.Arg118His	RP2	ENSG00000102218	OSTF1
HsVcPPILacVa2rdo	CCSBORF11374	2	CCSBORF5498	3AT	3	353G>T	13	NC_000023.11:46853725:G:T	CCSBVarC005281	ENSP00000218340.3:p.Arg118Leu	RP2	ENSG00000102218	OSTF1
HsVcPPILacVa2rdo	CCSBORF11374	2	CCSBORF5498	3AT	3	401A>G	50	NC_000023.11:46853773:A:G	CCSBVarC014964	ENSP00000218340.3:p.Gln134Arg	RP2	ENSG00000102218	OSTF1
HsVcPPILacVa2rdo	CCSBORF11374	2	CCSBORF5498	3AT	3	49C>T	88	NC_000023.11:46837148:C:T	CCSBVarC014978	ENSP00000218340.3:p.Pro17Ser	RP2	ENSG00000102218	OSTF1
HsVcPPILacVa2rdo	CCSBORF11374	2	CCSBORF5498	3AT	3	601A>G	10	NC_000023.11:46853973:A:G	CCSBVarC011432	ENSP00000218340.3:p.Ile201Val	RP2	ENSG00000102218	OSTF1
HsVcPPILacVa2rdo	CCSBORF11374	2	CCSBORF5498	3AT	3	628G>A	2661	NC_000023.11:46854000:G:A	CCSBVarC014986	ENSP00000218340.3:p.Val210Ile	RP2	ENSG00000102218	OSTF1
HsVcPPILacVa2rdo	CCSBORF11374	2	CCSBORF5498	3AT	3	667A>G	1	NC_000023.11:46854039:A:G	CCSBVarC014996	ENSP00000218340.3:p.Ile223Val	RP2	ENSG00000102218	OSTF1
HsVcPPILacVa2rdo	CCSBORF11374	2	CCSBORF5498	3AT	3	768G>C	3499	NC_000023.11:46854140:G:C	CCSBVarC015005	ENSP00000218340.3:p.Glu256Asp	RP2	ENSG00000102218	OSTF1
HsVcPPILacVa2rdo	CCSBORF11374	2	CCSBORF5498	3AT	3	782G>T	3	NC_000023.11:46860000:G:T	CCSBVarC015014	ENSP00000218340.3:p.Gly261Val	RP2	ENSG00000102218	OSTF1
HsVcPPILacVa2rdo	CCSBORF11374	2	CCSBORF5498	3AT	3	889G>C	3325	NC_000023.11:46877509:G:C	CCSBVarC015023	ENSP00000218340.3:p.Val297Leu	RP2	ENSG00000102218	OSTF1
HsVcPPILacVa2rdo	CCSBORF11374	2	CCSBORF5498	3AT	3	8G>C	12	NC_000023.11:46837107:G:C	CCSBVarC011470	ENSP00000218340.3:p.Cys3Ser	RP2	ENSG00000102218	OSTF1
HsVcPPILacVa2rdo	CCSBORF11374	2	CCSBORF5498	3AT	3	959A>G	0	NC_000023.11:46877579:A:G	CCSBVarC011424	ENSP00000218340.3:p.Asn320Ser	RP2	ENSG00000102218	OSTF1
HsVcPPILacVa2rdo	CCSBORF11374	2	CCSBORF5498	3AT	3	970A>G	3	NC_000023.11:46879685:A:G	CCSBVarC015035	ENSP00000218340.3:p.Met324Val	RP2	ENSG00000102218	OSTF1
HsVcPPILacVa2rdo	CCSBORF7637	1	CCSBORF100014733	3AT	3	REF	2027	NULL	NULL	NULL	CFP	ENSG00000126759	KRTAP6-2
HsVcPPILacVa2rdo	CCSBORF7637	1	CCSBORF100014733	3AT	3	1076G>A	14	NC_000023.11:47626383:C:T	CCSBVarC017055	ENSP00000380189.3:p.Arg359Gln	CFP	ENSG00000126759	KRTAP6-2
HsVcPPILacVa2rdo	CCSBORF7637	1	CCSBORF100014733	3AT	3	1180C>T	578	NC_000023.11:47626121:G:A	CCSBVarC017072	ENSP00000380189.3:p.Pro394Ser	CFP	ENSG00000126759	KRTAP6-2
HsVcPPILacVa2rdo	CCSBORF7637	1	CCSBORF100014733	3AT	3	1205C>G	4907	NC_000023.11:47626096:G:C	CCSBVarC017075	ENSP00000380189.3:p.Ala402Gly	CFP	ENSG00000126759	KRTAP6-2
HsVcPPILacVa2rdo	CCSBORF7637	1	CCSBORF100014733	3AT	3	121G>A	715	NC_000023.11:47629629:C:T	CCSBVarC010168	ENSP00000380189.3:p.Gly41Ser	CFP	ENSG00000126759	KRTAP6-2
HsVcPPILacVa2rdo	CCSBORF7637	1	CCSBORF100014733	3AT	3	1237A>G	2378	NC_000023.11:47626064:T:C	CCSBVarC017079	ENSP00000380189.3:p.Lys413Glu	CFP	ENSG00000126759	KRTAP6-2
HsVcPPILacVa2rdo	CCSBORF7637	1	CCSBORF100014733	3AT	3	1240T>G	353	NC_000023.11:47626061:A:C	CCSBVarC004314	ENSP00000380189.3:p.Tyr414Asp	CFP	ENSG00000126759	KRTAP6-2
HsVcPPILacVa2rdo	CCSBORF7637	1	CCSBORF100014733	3AT	3	1301G>C	1036	NC_000023.11:47624383:C:G	CCSBVarC017083	ENSP00000380189.3:p.Arg434Thr	CFP	ENSG00000126759	KRTAP6-2
HsVcPPILacVa2rdo	CCSBORF7637	1	CCSBORF100014733	3AT	3	1369C>T	1223	NC_000023.11:47624315:G:A	CCSBVarC017087	ENSP00000380189.3:p.His457Tyr	CFP	ENSG00000126759	KRTAP6-2
HsVcPPILacVa2rdo	CCSBORF7637	1	CCSBORF100014733	3AT	3	232C>G	3592	NC_000023.11:47628272:G:C	CCSBVarC017091	ENSP00000380189.3:p.Pro78Ala	CFP	ENSG00000126759	KRTAP6-2
HsVcPPILacVa2rdo	CCSBORF7637	1	CCSBORF100014733	3AT	3	236G>A	88	NC_000023.11:47628268:C:T	CCSBVarC010162	ENSP00000380189.3:p.Arg79Gln	CFP	ENSG00000126759	KRTAP6-2
HsVcPPILacVa2rdo	CCSBORF7637	1	CCSBORF100014733	3AT	3	308G>A	32	NC_000023.11:47628196:C:T	CCSBVarC017095	ENSP00000380189.3:p.Arg103His	CFP	ENSG00000126759	KRTAP6-2
HsVcPPILacVa2rdo	CCSBORF7637	1	CCSBORF100014733	3AT	3	343G>T	2232	NC_000023.11:47628161:C:A	CCSBVarC017099	ENSP00000380189.3:p.Val115Leu	CFP	ENSG00000126759	KRTAP6-2
HsVcPPILacVa2rdo	CCSBORF7637	1	CCSBORF100014733	3AT	3	412G>A	33	NC_000023.11:47627632:C:T	CCSBVarC017103	ENSP00000380189.3:p.Gly138Ser	CFP	ENSG00000126759	KRTAP6-2
HsVcPPILacVa2rdo	CCSBORF7637	1	CCSBORF100014733	3AT	3	469C>T	89	NC_000023.11:47627575:G:A	CCSBVarC017107	ENSP00000380189.3:p.Arg157Trp	CFP	ENSG00000126759	KRTAP6-2
HsVcPPILacVa2rdo	CCSBORF7637	1	CCSBORF100014733	3AT	3	482G>A	29	NC_000023.11:47627562:C:T	CCSBVarC017122	ENSP00000380189.3:p.Arg161Gln	CFP	ENSG00000126759	KRTAP6-2
HsVcPPILacVa2rdo	CCSBORF7637	1	CCSBORF100014733	3AT	3	643G>A	68	NC_000023.11:47627263:C:T	CCSBVarC017126	ENSP00000380189.3:p.Glu215Lys	CFP	ENSG00000126759	KRTAP6-2
HsVcPPILacVa2rdo	CCSBORF7637	1	CCSBORF100014733	3AT	3	709C>T	8	NC_000023.11:47627197:G:A	CCSBVarC017130	ENSP00000380189.3:p.Pro237Ser	CFP	ENSG00000126759	KRTAP6-2
HsVcPPILacVa2rdo	CCSBORF7637	1	CCSBORF100014733	3AT	3	739A>T	942	NC_000023.11:47627167:T:A	CCSBVarC017134	ENSP00000380189.3:p.Arg247Trp	CFP	ENSG00000126759	KRTAP6-2
HsVcPPILacVa2rdo	CCSBORF7637	1	CCSBORF100014733	3AT	3	865C>T	2981	NC_000023.11:47626847:G:A	CCSBVarC017137	ENSP00000380189.3:p.Pro289Ser	CFP	ENSG00000126759	KRTAP6-2
HsVcPPILacVa2rdo	CCSBORF7637	1	CCSBORF100014733	3AT	3	895G>A	149	NC_000023.11:47626817:C:T	CCSBVarC010164	ENSP00000380189.3:p.Asp299Asn	CFP	ENSG00000126759	KRTAP6-2
HsVcPPILacVa2rdo	CCSBORF7637	1	CCSBORF100014733	3AT	3	961T>G	2688	NC_000023.11:47626498:A:C	CCSBVarC010175	ENSP00000380189.3:p.Trp321Gly	CFP	ENSG00000126759	KRTAP6-2
HsVcPPILacVa2rdo	CCSBORF7637	1	CCSBORF100014733	3AT	3	962G>C	11	NC_000023.11:47626497:C:G	CCSBVarC001212	ENSP00000380189.3:p.Trp321Ser	CFP	ENSG00000126759	KRTAP6-2
HsVcPPILacVa2rdo	CCSBORF71077	1	CCSBORF3068	3AT	3	REF	0	NULL	NULL	NULL	IMPDH1	ENSG00000106348	DDIT4L
HsVcPPILacVa2rdo	CCSBORF71077	1	CCSBORF3068	3AT	3	1184C>G	0	NC_000007.14:128395243:G:C	CCSBVarC017170	ENSP00000265385.8:p.Ala395Gly	IMPDH1	ENSG00000106348	DDIT4L
HsVcPPILacVa2rdo	CCSBORF71077	1	CCSBORF3068	3AT	3	1262A>C	0	NC_000007.14:128395165:T:G	CCSBVarC002717	ENSP00000265385.8:p.His421Pro	IMPDH1	ENSG00000106348	DDIT4L
HsVcPPILacVa2rdo	CCSBORF71077	1	CCSBORF3068	3AT	3	1321G>A	0	NC_000007.14:128395009:C:T	CCSBVarC017176	ENSP00000265385.8:p.Ala441Thr	IMPDH1	ENSG00000106348	DDIT4L
HsVcPPILacVa2rdo	CCSBORF71077	1	CCSBORF3068	3AT	3	1381C>T	0	NC_000007.14:128394949:G:A	CCSBVarC017182	ENSP00000265385.8:p.Arg461Trp	IMPDH1	ENSG00000106348	DDIT4L
HsVcPPILacVa2rdo	CCSBORF71077	1	CCSBORF3068	3AT	3	1451A>C	0	NC_000007.14:128394590:T:G	CCSBVarC017187	ENSP00000265385.8:p.Asp484Ala	IMPDH1	ENSG00000106348	DDIT4L
HsVcPPILacVa2rdo	CCSBORF71077	1	CCSBORF3068	3AT	3	1490A>G	0	NC_000007.14:128394551:T:C	CCSBVarC017189	ENSP00000265385.8:p.Gln497Arg	IMPDH1	ENSG00000106348	DDIT4L
HsVcPPILacVa2rdo	CCSBORF71077	1	CCSBORF3068	3AT	3	1622A>G	0	NC_000007.14:128394325:T:C	CCSBVarC017192	ENSP00000265385.8:p.Lys541Arg	IMPDH1	ENSG00000106348	DDIT4L
HsVcPPILacVa2rdo	CCSBORF71077	1	CCSBORF3068	3AT	3	269T>C	0	NC_000007.14:128403730:A:G	CCSBVarC017194	ENSP00000265385.8:p.Phe90Ser	IMPDH1	ENSG00000106348	DDIT4L
HsVcPPILacVa2rdo	CCSBORF71077	1	CCSBORF3068	3AT	3	352C>G	0	NC_000007.14:128401058:G:C	CCSBVarC017196	ENSP00000265385.8:p.Pro118Ala	IMPDH1	ENSG00000106348	DDIT4L
HsVcPPILacVa2rdo	CCSBORF71077	1	CCSBORF3068	3AT	3	376G>A	0	NC_000007.14:128401034:C:T	CCSBVarC017198	ENSP00000265385.8:p.Asp126Asn	IMPDH1	ENSG00000106348	DDIT4L
HsVcPPILacVa2rdo	CCSBORF71077	1	CCSBORF3068	3AT	3	474G>C	0	NC_000007.14:128400536:C:G	CCSBVarC016389	ENSP00000265385.8:p.Lys158Asn	IMPDH1	ENSG00000106348	DDIT4L
HsVcPPILacVa2rdo	CCSBORF71077	1	CCSBORF3068	3AT	3	526G>A	0	NC_000007.14:128400484:C:T	CCSBVarC016393	ENSP00000265385.8:p.Val176Met	IMPDH1	ENSG00000106348	DDIT4L
HsVcPPILacVa2rdo	CCSBORF71077	1	CCSBORF3068	3AT	3	620T>C	0	NC_000007.14:128400390:A:G	CCSBVarC016409	ENSP00000265385.8:p.Val207Ala	IMPDH1	ENSG00000106348	DDIT4L
HsVcPPILacVa2rdo	CCSBORF71077	1	CCSBORF3068	3AT	3	661A>G	0	NC_000007.14:128400349:T:C	CCSBVarC016415	ENSP00000265385.8:p.Thr221Ala	IMPDH1	ENSG00000106348	DDIT4L
HsVcPPILacVa2rdo	CCSBORF71077	1	CCSBORF3068	3AT	3	71G>C	0	NC_000007.14:128409830:C:G	CCSBVarC016466	ENSP00000265385.8:p.Arg24Pro	IMPDH1	ENSG00000106348	DDIT4L
HsVcPPILacVa2rdo	CCSBORF71077	1	CCSBORF3068	3AT	3	733G>C	0	NC_000007.14:128400127:C:G	CCSBVarC016492	ENSP00000265385.8:p.Glu245Gln	IMPDH1	ENSG00000106348	DDIT4L
HsVcPPILacVa2rdo	CCSBORF71077	1	CCSBORF3068	3AT	3	741T>G	0	NC_000007.14:128400119:A:C	CCSBVarC016502	ENSP00000265385.8:p.Asn247Lys	IMPDH1	ENSG00000106348	DDIT4L
HsVcPPILacVa2rdo	CCSBORF71077	1	CCSBORF3068	3AT	3	817C>T	0	NC_000007.14:128398562:G:A	CCSBVarC016506	ENSP00000265385.8:p.Arg273Cys	IMPDH1	ENSG00000106348	DDIT4L
HsVcPPILacVa2rdo	CCSBORF71077	1	CCSBORF3068	3AT	3	823G>A	0	NC_000007.14:128398556:C:T	CCSBVarC002715	ENSP00000265385.8:p.Asp275Asn	IMPDH1	ENSG00000106348	DDIT4L
HsVcPPILacVa2rdo	CCSBORF71077	1	CCSBORF3068	3AT	3	824A>G	0	NC_000007.14:128398555:T:C	CCSBVarC016510	ENSP00000265385.8:p.Asp275Gly	IMPDH1	ENSG00000106348	DDIT4L
HsVcPPILacVa2rdo	CCSBORF71077	1	CCSBORF3068	3AT	3	851T>C	0	NC_000007.14:128398528:A:G	CCSBVarC016515	ENSP00000265385.8:p.Leu284Pro	IMPDH1	ENSG00000106348	DDIT4L
HsVcPPILacVa2rdo	CCSBORF71077	1	CCSBORF3068	3AT	3	860A>G	0	NC_000007.14:128398519:T:C	CCSBVarC016524	ENSP00000265385.8:p.Lys287Arg	IMPDH1	ENSG00000106348	DDIT4L
HsVcPPILacVa2rdo	CCSBORF71077	1	CCSBORF3068	3AT	3	884G>C	0	NC_000007.14:128398495:C:G	CCSBVarC016594	ENSP00000265385.8:p.Cys295Ser	IMPDH1	ENSG00000106348	DDIT4L
HsVcPPILacVa2rdo	CCSBORF7866	1	CCSBORF1136	3AT	3	REF	5509	NULL	NULL	NULL	EFHC1	ENSG00000096093	LMO2
HsVcPPILacVa2rdo	CCSBORF7866	1	CCSBORF1136	3AT	3	1180G>T	33	NC_000006.12:52469374:G:T	CCSBVarC001266	ENSP00000360107.4:p.Ala394Ser	EFHC1	ENSG00000096093	LMO2
HsVcPPILacVa2rdo	CCSBORF7866	1	CCSBORF1136	3AT	3	1343T>C	368	NC_000006.12:52479100:T:C	CCSBVarC002921	ENSP00000360107.4:p.Met448Thr	EFHC1	ENSG00000096093	LMO2
HsVcPPILacVa2rdo	CCSBORF7866	1	CCSBORF1136	3AT	3	1523C>G	25	NC_000006.12:52479669:C:G	CCSBVarC001267	ENSP00000360107.4:p.Thr508Arg	EFHC1	ENSG00000096093	LMO2
HsVcPPILacVa2rdo	CCSBORF7866	1	CCSBORF1136	3AT	3	1820A>G	18	NC_000006.12:52490318:A:G	CCSBVarC017141	ENSP00000360107.4:p.Asn607Ser	EFHC1	ENSG00000096093	LMO2
HsVcPPILacVa2rdo	CCSBORF7866	1	CCSBORF1136	3AT	3	229C>A	493	NC_000006.12:52424110:C:A	CCSBVarC001264	ENSP00000360107.4:p.Pro77Thr	EFHC1	ENSG00000096093	LMO2
HsVcPPILacVa2rdo	CCSBORF7866	1	CCSBORF1136	3AT	3	475C>G	462	NC_000006.12:52438492:C:G	CCSBVarC017143	ENSP00000360107.4:p.Arg159Gly	EFHC1	ENSG00000096093	LMO2
HsVcPPILacVa2rdo	CCSBORF7866	1	CCSBORF1136	3AT	3	475C>T	10133	NC_000006.12:52438492:C:T	CCSBVarC002919	ENSP00000360107.4:p.Arg159Trp	EFHC1	ENSG00000096093	LMO2
HsVcPPILacVa2rdo	CCSBORF7866	1	CCSBORF1136	3AT	3	520A>G	2290	NC_000006.12:52438537:A:G	CCSBVarC003446	ENSP00000360107.4:p.Ile174Val	EFHC1	ENSG00000096093	LMO2
HsVcPPILacVa2rdo	CCSBORF7866	1	CCSBORF1136	3AT	3	628G>A	62	NC_000006.12:52452741:G:A	CCSBVarC003447	ENSP00000360107.4:p.Asp210Asn	EFHC1	ENSG00000096093	LMO2
HsVcPPILacVa2rdo	CCSBORF7866	1	CCSBORF1136	3AT	3	662G>A	58	NC_000006.12:52452775:G:A	CCSBVarC001265	ENSP00000360107.4:p.Arg221His	EFHC1	ENSG00000096093	LMO2
HsVcPPILacVa2rdo	CCSBORF7866	1	CCSBORF1136	3AT	3	685T>C	51	NC_000006.12:52452798:T:C	CCSBVarC003448	ENSP00000360107.4:p.Phe229Leu	EFHC1	ENSG00000096093	LMO2
HsVcPPILacVa2rdo	CCSBORF7866	1	CCSBORF1136	3AT	3	757G>T	44	NC_000006.12:52454127:G:T	CCSBVarC003449	ENSP00000360107.4:p.Asp253Tyr	EFHC1	ENSG00000096093	LMO2
HsVcPPILacVa2rdo	CCSBORF7866	1	CCSBORF1136	3AT	3	776G>A	21	NC_000006.12:52454146:G:A	CCSBVarC003450	ENSP00000360107.4:p.Cys259Tyr	EFHC1	ENSG00000096093	LMO2
HsVcPPILacVa2rdo	CCSBORF1231	1	CCSBORF56717	3AT	3	REF	2	NULL	NULL	NULL	AQP1	ENSG00000240583	KRTAP10-8
HsVcPPILacVa2rdo	CCSBORF1231	1	CCSBORF56717	3AT	3	113C>T	1	NC_000007.14:30912021:C:T	CCSBVarC000137	ENSP00000311165.4:p.Pro38Leu	AQP1	ENSG00000240583	KRTAP10-8
HsVcPPILacVa2rdo	CCSBORF1231	1	CCSBORF56717	3AT	3	140A>G	5	NC_000007.14:30912048:A:G	CCSBVarC000138	ENSP00000311165.4:p.Gln47Arg	AQP1	ENSG00000240583	KRTAP10-8
HsVcPPILacVa2rdo	CCSBORF1231	1	CCSBORF56717	3AT	3	319G>A	0	NC_000007.14:30912227:G:A	CCSBVarC015066	ENSP00000311165.4:p.Val107Ile	AQP1	ENSG00000240583	KRTAP10-8
HsVcPPILacVa2rdo	CCSBORF1231	1	CCSBORF56717	3AT	3	320T>G	3	NC_000007.14:30912228:T:G	CCSBVarC015069	ENSP00000311165.4:p.Val107Gly	AQP1	ENSG00000240583	KRTAP10-8
HsVcPPILacVa2rdo	CCSBORF1231	1	CCSBORF56717	3AT	3	494G>A	0	NC_000007.14:30922174:G:A	CCSBVarC015072	ENSP00000311165.4:p.Gly165Asp	AQP1	ENSG00000240583	KRTAP10-8
HsVcPPILacVa2rdo	CCSBORF1231	1	CCSBORF56717	3AT	3	576C>A	2	NC_000007.14:30922589:C:A	CCSBVarC000139	ENSP00000311165.4:p.Asn192Lys	AQP1	ENSG00000240583	KRTAP10-8
HsVcPPILacVa2rdo	CCSBORF11374	2	CCSBORF0	3AT	3	REF	2	NULL	NULL	NULL	RP2	ENSG00000102218	empty_AD
HsVcPPILacVa2rdo	CCSBORF11374	2	CCSBORF0	3AT	3	1046G>C	1	NC_000023.11:46879761:G:C	CCSBVarC014902	ENSP00000218340.3:p.Gly349Ala	RP2	ENSG00000102218	empty_AD
HsVcPPILacVa2rdo	CCSBORF11374	2	CCSBORF0	3AT	3	122T>C	0	NC_000023.11:46853494:T:C	CCSBVarC014908	ENSP00000218340.3:p.Met41Thr	RP2	ENSG00000102218	empty_AD
HsVcPPILacVa2rdo	CCSBORF11374	2	CCSBORF0	3AT	3	226G>T	1	NC_000023.11:46853598:G:T	CCSBVarC014921	ENSP00000218340.3:p.Asp76Tyr	RP2	ENSG00000102218	empty_AD
HsVcPPILacVa2rdo	CCSBORF11374	2	CCSBORF0	3AT	3	260C>T	1	NC_000023.11:46853632:C:T	CCSBVarC011436	ENSP00000218340.3:p.Thr87Ile	RP2	ENSG00000102218	empty_AD
HsVcPPILacVa2rdo	CCSBORF11374	2	CCSBORF0	3AT	3	280G>C	0	NC_000023.11:46853652:G:C	CCSBVarC014952	ENSP00000218340.3:p.Gly94Arg	RP2	ENSG00000102218	empty_AD
HsVcPPILacVa2rdo	CCSBORF11374	2	CCSBORF0	3AT	3	284C>T	0	NC_000023.11:46853656:C:T	CCSBVarC011462	ENSP00000218340.3:p.Pro95Leu	RP2	ENSG00000102218	empty_AD
HsVcPPILacVa2rdo	CCSBORF11374	2	CCSBORF0	3AT	3	352C>T	0	NC_000023.11:46853724:C:T	CCSBVarC011442	ENSP00000218340.3:p.Arg118Cys	RP2	ENSG00000102218	empty_AD
HsVcPPILacVa2rdo	CCSBORF11374	2	CCSBORF0	3AT	3	353G>A	0	NC_000023.11:46853725:G:A	CCSBVarC001707	ENSP00000218340.3:p.Arg118His	RP2	ENSG00000102218	empty_AD
HsVcPPILacVa2rdo	CCSBORF11374	2	CCSBORF0	3AT	3	353G>T	0	NC_000023.11:46853725:G:T	CCSBVarC005281	ENSP00000218340.3:p.Arg118Leu	RP2	ENSG00000102218	empty_AD
HsVcPPILacVa2rdo	CCSBORF11374	2	CCSBORF0	3AT	3	401A>G	0	NC_000023.11:46853773:A:G	CCSBVarC014964	ENSP00000218340.3:p.Gln134Arg	RP2	ENSG00000102218	empty_AD
HsVcPPILacVa2rdo	CCSBORF11374	2	CCSBORF0	3AT	3	49C>T	0	NC_000023.11:46837148:C:T	CCSBVarC014978	ENSP00000218340.3:p.Pro17Ser	RP2	ENSG00000102218	empty_AD
HsVcPPILacVa2rdo	CCSBORF11374	2	CCSBORF0	3AT	3	601A>G	0	NC_000023.11:46853973:A:G	CCSBVarC011432	ENSP00000218340.3:p.Ile201Val	RP2	ENSG00000102218	empty_AD
HsVcPPILacVa2rdo	CCSBORF11374	2	CCSBORF0	3AT	3	628G>A	0	NC_000023.11:46854000:G:A	CCSBVarC014986	ENSP00000218340.3:p.Val210Ile	RP2	ENSG00000102218	empty_AD
HsVcPPILacVa2rdo	CCSBORF11374	2	CCSBORF0	3AT	3	667A>G	0	NC_000023.11:46854039:A:G	CCSBVarC014996	ENSP00000218340.3:p.Ile223Val	RP2	ENSG00000102218	empty_AD
HsVcPPILacVa2rdo	CCSBORF11374	2	CCSBORF0	3AT	3	768G>C	0	NC_000023.11:46854140:G:C	CCSBVarC015005	ENSP00000218340.3:p.Glu256Asp	RP2	ENSG00000102218	empty_AD
HsVcPPILacVa2rdo	CCSBORF11374	2	CCSBORF0	3AT	3	782G>T	0	NC_000023.11:46860000:G:T	CCSBVarC015014	ENSP00000218340.3:p.Gly261Val	RP2	ENSG00000102218	empty_AD
HsVcPPILacVa2rdo	CCSBORF11374	2	CCSBORF0	3AT	3	889G>C	0	NC_000023.11:46877509:G:C	CCSBVarC015023	ENSP00000218340.3:p.Val297Leu	RP2	ENSG00000102218	empty_AD
HsVcPPILacVa2rdo	CCSBORF11374	2	CCSBORF0	3AT	3	8G>C	0	NC_000023.11:46837107:G:C	CCSBVarC011470	ENSP00000218340.3:p.Cys3Ser	RP2	ENSG00000102218	empty_AD
HsVcPPILacVa2rdo	CCSBORF11374	2	CCSBORF0	3AT	3	959A>G	0	NC_000023.11:46877579:A:G	CCSBVarC011424	ENSP00000218340.3:p.Asn320Ser	RP2	ENSG00000102218	empty_AD
HsVcPPILacVa2rdo	CCSBORF11374	2	CCSBORF0	3AT	3	970A>G	0	NC_000023.11:46879685:A:G	CCSBVarC015035	ENSP00000218340.3:p.Met324Val	RP2	ENSG00000102218	empty_AD
HsVcPPILacVa2rdo	CCSBORF7637	1	CCSBORF0	3AT	3	REF	2	NULL	NULL	NULL	CFP	ENSG00000126759	empty_AD
HsVcPPILacVa2rdo	CCSBORF7637	1	CCSBORF0	3AT	3	1076G>A	0	NC_000023.11:47626383:C:T	CCSBVarC017055	ENSP00000380189.3:p.Arg359Gln	CFP	ENSG00000126759	empty_AD
HsVcPPILacVa2rdo	CCSBORF7637	1	CCSBORF0	3AT	3	1180C>T	1	NC_000023.11:47626121:G:A	CCSBVarC017072	ENSP00000380189.3:p.Pro394Ser	CFP	ENSG00000126759	empty_AD
HsVcPPILacVa2rdo	CCSBORF7637	1	CCSBORF0	3AT	3	1205C>G	1	NC_000023.11:47626096:G:C	CCSBVarC017075	ENSP00000380189.3:p.Ala402Gly	CFP	ENSG00000126759	empty_AD
HsVcPPILacVa2rdo	CCSBORF7637	1	CCSBORF0	3AT	3	121G>A	2	NC_000023.11:47629629:C:T	CCSBVarC010168	ENSP00000380189.3:p.Gly41Ser	CFP	ENSG00000126759	empty_AD
HsVcPPILacVa2rdo	CCSBORF7637	1	CCSBORF0	3AT	3	1237A>G	1	NC_000023.11:47626064:T:C	CCSBVarC017079	ENSP00000380189.3:p.Lys413Glu	CFP	ENSG00000126759	empty_AD
HsVcPPILacVa2rdo	CCSBORF7637	1	CCSBORF0	3AT	3	1240T>G	2	NC_000023.11:47626061:A:C	CCSBVarC004314	ENSP00000380189.3:p.Tyr414Asp	CFP	ENSG00000126759	empty_AD
HsVcPPILacVa2rdo	CCSBORF7637	1	CCSBORF0	3AT	3	1301G>C	0	NC_000023.11:47624383:C:G	CCSBVarC017083	ENSP00000380189.3:p.Arg434Thr	CFP	ENSG00000126759	empty_AD
HsVcPPILacVa2rdo	CCSBORF7637	1	CCSBORF0	3AT	3	1369C>T	0	NC_000023.11:47624315:G:A	CCSBVarC017087	ENSP00000380189.3:p.His457Tyr	CFP	ENSG00000126759	empty_AD
HsVcPPILacVa2rdo	CCSBORF7637	1	CCSBORF0	3AT	3	232C>G	0	NC_000023.11:47628272:G:C	CCSBVarC017091	ENSP00000380189.3:p.Pro78Ala	CFP	ENSG00000126759	empty_AD
HsVcPPILacVa2rdo	CCSBORF7637	1	CCSBORF0	3AT	3	236G>A	0	NC_000023.11:47628268:C:T	CCSBVarC010162	ENSP00000380189.3:p.Arg79Gln	CFP	ENSG00000126759	empty_AD
HsVcPPILacVa2rdo	CCSBORF7637	1	CCSBORF0	3AT	3	308G>A	0	NC_000023.11:47628196:C:T	CCSBVarC017095	ENSP00000380189.3:p.Arg103His	CFP	ENSG00000126759	empty_AD
HsVcPPILacVa2rdo	CCSBORF7637	1	CCSBORF0	3AT	3	343G>T	2	NC_000023.11:47628161:C:A	CCSBVarC017099	ENSP00000380189.3:p.Val115Leu	CFP	ENSG00000126759	empty_AD
HsVcPPILacVa2rdo	CCSBORF7637	1	CCSBORF0	3AT	3	412G>A	0	NC_000023.11:47627632:C:T	CCSBVarC017103	ENSP00000380189.3:p.Gly138Ser	CFP	ENSG00000126759	empty_AD
HsVcPPILacVa2rdo	CCSBORF7637	1	CCSBORF0	3AT	3	469C>T	0	NC_000023.11:47627575:G:A	CCSBVarC017107	ENSP00000380189.3:p.Arg157Trp	CFP	ENSG00000126759	empty_AD
HsVcPPILacVa2rdo	CCSBORF7637	1	CCSBORF0	3AT	3	482G>A	0	NC_000023.11:47627562:C:T	CCSBVarC017122	ENSP00000380189.3:p.Arg161Gln	CFP	ENSG00000126759	empty_AD
HsVcPPILacVa2rdo	CCSBORF7637	1	CCSBORF0	3AT	3	643G>A	0	NC_000023.11:47627263:C:T	CCSBVarC017126	ENSP00000380189.3:p.Glu215Lys	CFP	ENSG00000126759	empty_AD
HsVcPPILacVa2rdo	CCSBORF7637	1	CCSBORF0	3AT	3	709C>T	0	NC_000023.11:47627197:G:A	CCSBVarC017130	ENSP00000380189.3:p.Pro237Ser	CFP	ENSG00000126759	empty_AD
HsVcPPILacVa2rdo	CCSBORF7637	1	CCSBORF0	3AT	3	739A>T	1	NC_000023.11:47627167:T:A	CCSBVarC017134	ENSP00000380189.3:p.Arg247Trp	CFP	ENSG00000126759	empty_AD
HsVcPPILacVa2rdo	CCSBORF7637	1	CCSBORF0	3AT	3	865C>T	1	NC_000023.11:47626847:G:A	CCSBVarC017137	ENSP00000380189.3:p.Pro289Ser	CFP	ENSG00000126759	empty_AD
HsVcPPILacVa2rdo	CCSBORF7637	1	CCSBORF0	3AT	3	895G>A	0	NC_000023.11:47626817:C:T	CCSBVarC010164	ENSP00000380189.3:p.Asp299Asn	CFP	ENSG00000126759	empty_AD
HsVcPPILacVa2rdo	CCSBORF7637	1	CCSBORF0	3AT	3	961T>G	0	NC_000023.11:47626498:A:C	CCSBVarC010175	ENSP00000380189.3:p.Trp321Gly	CFP	ENSG00000126759	empty_AD
HsVcPPILacVa2rdo	CCSBORF7637	1	CCSBORF0	3AT	3	962G>C	0	NC_000023.11:47626497:C:G	CCSBVarC001212	ENSP00000380189.3:p.Trp321Ser	CFP	ENSG00000126759	empty_AD
HsVcPPILacVa2rdo	CCSBORF71077	1	CCSBORF0	3AT	3	REF	0	NULL	NULL	NULL	IMPDH1	ENSG00000106348	empty_AD
HsVcPPILacVa2rdo	CCSBORF71077	1	CCSBORF0	3AT	3	1184C>G	0	NC_000007.14:128395243:G:C	CCSBVarC017170	ENSP00000265385.8:p.Ala395Gly	IMPDH1	ENSG00000106348	empty_AD
HsVcPPILacVa2rdo	CCSBORF71077	1	CCSBORF0	3AT	3	1262A>C	0	NC_000007.14:128395165:T:G	CCSBVarC002717	ENSP00000265385.8:p.His421Pro	IMPDH1	ENSG00000106348	empty_AD
HsVcPPILacVa2rdo	CCSBORF71077	1	CCSBORF0	3AT	3	1321G>A	0	NC_000007.14:128395009:C:T	CCSBVarC017176	ENSP00000265385.8:p.Ala441Thr	IMPDH1	ENSG00000106348	empty_AD
HsVcPPILacVa2rdo	CCSBORF71077	1	CCSBORF0	3AT	3	1381C>T	0	NC_000007.14:128394949:G:A	CCSBVarC017182	ENSP00000265385.8:p.Arg461Trp	IMPDH1	ENSG00000106348	empty_AD
HsVcPPILacVa2rdo	CCSBORF71077	1	CCSBORF0	3AT	3	1451A>C	0	NC_000007.14:128394590:T:G	CCSBVarC017187	ENSP00000265385.8:p.Asp484Ala	IMPDH1	ENSG00000106348	empty_AD
HsVcPPILacVa2rdo	CCSBORF71077	1	CCSBORF0	3AT	3	1490A>G	0	NC_000007.14:128394551:T:C	CCSBVarC017189	ENSP00000265385.8:p.Gln497Arg	IMPDH1	ENSG00000106348	empty_AD
HsVcPPILacVa2rdo	CCSBORF71077	1	CCSBORF0	3AT	3	1622A>G	0	NC_000007.14:128394325:T:C	CCSBVarC017192	ENSP00000265385.8:p.Lys541Arg	IMPDH1	ENSG00000106348	empty_AD
HsVcPPILacVa2rdo	CCSBORF71077	1	CCSBORF0	3AT	3	269T>C	0	NC_000007.14:128403730:A:G	CCSBVarC017194	ENSP00000265385.8:p.Phe90Ser	IMPDH1	ENSG00000106348	empty_AD
HsVcPPILacVa2rdo	CCSBORF71077	1	CCSBORF0	3AT	3	352C>G	0	NC_000007.14:128401058:G:C	CCSBVarC017196	ENSP00000265385.8:p.Pro118Ala	IMPDH1	ENSG00000106348	empty_AD
HsVcPPILacVa2rdo	CCSBORF71077	1	CCSBORF0	3AT	3	376G>A	0	NC_000007.14:128401034:C:T	CCSBVarC017198	ENSP00000265385.8:p.Asp126Asn	IMPDH1	ENSG00000106348	empty_AD
HsVcPPILacVa2rdo	CCSBORF71077	1	CCSBORF0	3AT	3	474G>C	0	NC_000007.14:128400536:C:G	CCSBVarC016389	ENSP00000265385.8:p.Lys158Asn	IMPDH1	ENSG00000106348	empty_AD
HsVcPPILacVa2rdo	CCSBORF71077	1	CCSBORF0	3AT	3	526G>A	1	NC_000007.14:128400484:C:T	CCSBVarC016393	ENSP00000265385.8:p.Val176Met	IMPDH1	ENSG00000106348	empty_AD
HsVcPPILacVa2rdo	CCSBORF71077	1	CCSBORF0	3AT	3	620T>C	0	NC_000007.14:128400390:A:G	CCSBVarC016409	ENSP00000265385.8:p.Val207Ala	IMPDH1	ENSG00000106348	empty_AD
HsVcPPILacVa2rdo	CCSBORF71077	1	CCSBORF0	3AT	3	661A>G	0	NC_000007.14:128400349:T:C	CCSBVarC016415	ENSP00000265385.8:p.Thr221Ala	IMPDH1	ENSG00000106348	empty_AD
HsVcPPILacVa2rdo	CCSBORF71077	1	CCSBORF0	3AT	3	71G>C	1	NC_000007.14:128409830:C:G	CCSBVarC016466	ENSP00000265385.8:p.Arg24Pro	IMPDH1	ENSG00000106348	empty_AD
HsVcPPILacVa2rdo	CCSBORF71077	1	CCSBORF0	3AT	3	733G>C	2	NC_000007.14:128400127:C:G	CCSBVarC016492	ENSP00000265385.8:p.Glu245Gln	IMPDH1	ENSG00000106348	empty_AD
HsVcPPILacVa2rdo	CCSBORF71077	1	CCSBORF0	3AT	3	741T>G	0	NC_000007.14:128400119:A:C	CCSBVarC016502	ENSP00000265385.8:p.Asn247Lys	IMPDH1	ENSG00000106348	empty_AD
HsVcPPILacVa2rdo	CCSBORF71077	1	CCSBORF0	3AT	3	817C>T	0	NC_000007.14:128398562:G:A	CCSBVarC016506	ENSP00000265385.8:p.Arg273Cys	IMPDH1	ENSG00000106348	empty_AD
HsVcPPILacVa2rdo	CCSBORF71077	1	CCSBORF0	3AT	3	823G>A	0	NC_000007.14:128398556:C:T	CCSBVarC002715	ENSP00000265385.8:p.Asp275Asn	IMPDH1	ENSG00000106348	empty_AD
HsVcPPILacVa2rdo	CCSBORF71077	1	CCSBORF0	3AT	3	824A>G	0	NC_000007.14:128398555:T:C	CCSBVarC016510	ENSP00000265385.8:p.Asp275Gly	IMPDH1	ENSG00000106348	empty_AD
HsVcPPILacVa2rdo	CCSBORF71077	1	CCSBORF0	3AT	3	851T>C	0	NC_000007.14:128398528:A:G	CCSBVarC016515	ENSP00000265385.8:p.Leu284Pro	IMPDH1	ENSG00000106348	empty_AD
HsVcPPILacVa2rdo	CCSBORF71077	1	CCSBORF0	3AT	3	860A>G	0	NC_000007.14:128398519:T:C	CCSBVarC016524	ENSP00000265385.8:p.Lys287Arg	IMPDH1	ENSG00000106348	empty_AD
HsVcPPILacVa2rdo	CCSBORF71077	1	CCSBORF0	3AT	3	884G>C	1	NC_000007.14:128398495:C:G	CCSBVarC016594	ENSP00000265385.8:p.Cys295Ser	IMPDH1	ENSG00000106348	empty_AD
HsVcPPILacVa2rdo	CCSBORF7866	1	CCSBORF4396	3AT	3	REF	247	NULL	NULL	NULL	EFHC1	ENSG00000096093	YJU2B
HsVcPPILacVa2rdo	CCSBORF7866	1	CCSBORF4396	3AT	3	1180G>T	1	NC_000006.12:52469374:G:T	CCSBVarC001266	ENSP00000360107.4:p.Ala394Ser	EFHC1	ENSG00000096093	YJU2B
HsVcPPILacVa2rdo	CCSBORF7866	1	CCSBORF4396	3AT	3	1343T>C	19	NC_000006.12:52479100:T:C	CCSBVarC002921	ENSP00000360107.4:p.Met448Thr	EFHC1	ENSG00000096093	YJU2B
HsVcPPILacVa2rdo	CCSBORF7866	1	CCSBORF4396	3AT	3	1523C>G	47	NC_000006.12:52479669:C:G	CCSBVarC001267	ENSP00000360107.4:p.Thr508Arg	EFHC1	ENSG00000096093	YJU2B
HsVcPPILacVa2rdo	CCSBORF7866	1	CCSBORF4396	3AT	3	1820A>G	14	NC_000006.12:52490318:A:G	CCSBVarC017141	ENSP00000360107.4:p.Asn607Ser	EFHC1	ENSG00000096093	YJU2B
HsVcPPILacVa2rdo	CCSBORF7866	1	CCSBORF4396	3AT	3	229C>A	58	NC_000006.12:52424110:C:A	CCSBVarC001264	ENSP00000360107.4:p.Pro77Thr	EFHC1	ENSG00000096093	YJU2B
HsVcPPILacVa2rdo	CCSBORF7866	1	CCSBORF4396	3AT	3	475C>G	41	NC_000006.12:52438492:C:G	CCSBVarC017143	ENSP00000360107.4:p.Arg159Gly	EFHC1	ENSG00000096093	YJU2B
HsVcPPILacVa2rdo	CCSBORF7866	1	CCSBORF4396	3AT	3	475C>T	10425	NC_000006.12:52438492:C:T	CCSBVarC002919	ENSP00000360107.4:p.Arg159Trp	EFHC1	ENSG00000096093	YJU2B
HsVcPPILacVa2rdo	CCSBORF7866	1	CCSBORF4396	3AT	3	520A>G	186	NC_000006.12:52438537:A:G	CCSBVarC003446	ENSP00000360107.4:p.Ile174Val	EFHC1	ENSG00000096093	YJU2B
HsVcPPILacVa2rdo	CCSBORF7866	1	CCSBORF4396	3AT	3	628G>A	20	NC_000006.12:52452741:G:A	CCSBVarC003447	ENSP00000360107.4:p.Asp210Asn	EFHC1	ENSG00000096093	YJU2B
HsVcPPILacVa2rdo	CCSBORF7866	1	CCSBORF4396	3AT	3	662G>A	12	NC_000006.12:52452775:G:A	CCSBVarC001265	ENSP00000360107.4:p.Arg221His	EFHC1	ENSG00000096093	YJU2B
HsVcPPILacVa2rdo	CCSBORF7866	1	CCSBORF4396	3AT	3	685T>C	3	NC_000006.12:52452798:T:C	CCSBVarC003448	ENSP00000360107.4:p.Phe229Leu	EFHC1	ENSG00000096093	YJU2B
HsVcPPILacVa2rdo	CCSBORF7866	1	CCSBORF4396	3AT	3	757G>T	3	NC_000006.12:52454127:G:T	CCSBVarC003449	ENSP00000360107.4:p.Asp253Tyr	EFHC1	ENSG00000096093	YJU2B
HsVcPPILacVa2rdo	CCSBORF7866	1	CCSBORF4396	3AT	3	776G>A	3	NC_000006.12:52454146:G:A	CCSBVarC003450	ENSP00000360107.4:p.Cys259Tyr	EFHC1	ENSG00000096093	YJU2B
HsVcPPILacVa2rdo	CCSBORF1231	1	CCSBORF13913	3AT	3	REF	3	NULL	NULL	NULL	AQP1	ENSG00000240583	SPRY3
HsVcPPILacVa2rdo	CCSBORF1231	1	CCSBORF13913	3AT	3	113C>T	0	NC_000007.14:30912021:C:T	CCSBVarC000137	ENSP00000311165.4:p.Pro38Leu	AQP1	ENSG00000240583	SPRY3
HsVcPPILacVa2rdo	CCSBORF1231	1	CCSBORF13913	3AT	3	140A>G	9	NC_000007.14:30912048:A:G	CCSBVarC000138	ENSP00000311165.4:p.Gln47Arg	AQP1	ENSG00000240583	SPRY3
HsVcPPILacVa2rdo	CCSBORF1231	1	CCSBORF13913	3AT	3	319G>A	0	NC_000007.14:30912227:G:A	CCSBVarC015066	ENSP00000311165.4:p.Val107Ile	AQP1	ENSG00000240583	SPRY3
HsVcPPILacVa2rdo	CCSBORF1231	1	CCSBORF13913	3AT	3	320T>G	4	NC_000007.14:30912228:T:G	CCSBVarC015069	ENSP00000311165.4:p.Val107Gly	AQP1	ENSG00000240583	SPRY3
HsVcPPILacVa2rdo	CCSBORF1231	1	CCSBORF13913	3AT	3	494G>A	0	NC_000007.14:30922174:G:A	CCSBVarC015072	ENSP00000311165.4:p.Gly165Asp	AQP1	ENSG00000240583	SPRY3
HsVcPPILacVa2rdo	CCSBORF1231	1	CCSBORF13913	3AT	3	576C>A	2	NC_000007.14:30922589:C:A	CCSBVarC000139	ENSP00000311165.4:p.Asn192Lys	AQP1	ENSG00000240583	SPRY3
HsVcPPILacVa2rdo	CCSBORF11374	3	CCSBORF5498	3AT	3	REF	3029	NULL	NULL	NULL	RP2	ENSG00000102218	OSTF1
HsVcPPILacVa2rdo	CCSBORF11374	3	CCSBORF5498	3AT	3	11T>G	20	NC_000023.11:46837110:T:G	CCSBVarC014903	ENSP00000218340.3:p.Phe4Cys	RP2	ENSG00000102218	OSTF1
HsVcPPILacVa2rdo	CCSBORF11374	3	CCSBORF5498	3AT	3	123G>A	1886	NC_000023.11:46853495:G:A	CCSBVarC011426	ENSP00000218340.3:p.Met41Ile	RP2	ENSG00000102218	OSTF1
HsVcPPILacVa2rdo	CCSBORF11374	3	CCSBORF5498	3AT	3	161C>T	48	NC_000023.11:46853533:C:T	CCSBVarC014914	ENSP00000218340.3:p.Pro54Leu	RP2	ENSG00000102218	OSTF1
HsVcPPILacVa2rdo	CCSBORF11374	3	CCSBORF5498	3AT	3	271A>C	6842	NC_000023.11:46853643:A:C	CCSBVarC014947	ENSP00000218340.3:p.Ile91Leu	RP2	ENSG00000102218	OSTF1
HsVcPPILacVa2rdo	CCSBORF11374	3	CCSBORF5498	3AT	3	2T>C	21	NC_000023.11:46837101:T:C	CCSBVarC011465	ENSP00000218340.3:p.Met1Thr	RP2	ENSG00000102218	OSTF1
HsVcPPILacVa2rdo	CCSBORF11374	3	CCSBORF5498	3AT	3	314G>A	22	NC_000023.11:46853686:G:A	CCSBVarC014958	ENSP00000218340.3:p.Cys105Tyr	RP2	ENSG00000102218	OSTF1
HsVcPPILacVa2rdo	CCSBORF11374	3	CCSBORF5498	3AT	3	365G>A	51	NC_000023.11:46853737:G:A	CCSBVarC011444	ENSP00000218340.3:p.Cys122Tyr	RP2	ENSG00000102218	OSTF1
HsVcPPILacVa2rdo	CCSBORF11374	3	CCSBORF5498	3AT	3	431A>G	2216	NC_000023.11:46853803:A:G	CCSBVarC014972	ENSP00000218340.3:p.Lys144Arg	RP2	ENSG00000102218	OSTF1
HsVcPPILacVa2rdo	CCSBORF11374	3	CCSBORF5498	3AT	3	434T>C	5682	NC_000023.11:46853806:T:C	CCSBVarC011472	ENSP00000218340.3:p.Phe145Ser	RP2	ENSG00000102218	OSTF1
HsVcPPILacVa2rdo	CCSBORF11374	3	CCSBORF5498	3AT	3	535C>T	52	NC_000023.11:46853907:C:T	CCSBVarC014982	ENSP00000218340.3:p.Pro179Ser	RP2	ENSG00000102218	OSTF1
HsVcPPILacVa2rdo	CCSBORF11374	3	CCSBORF5498	3AT	3	650A>G	6655	NC_000023.11:46854022:A:G	CCSBVarC014989	ENSP00000218340.3:p.Asn217Ser	RP2	ENSG00000102218	OSTF1
HsVcPPILacVa2rdo	CCSBORF11374	3	CCSBORF5498	3AT	3	68G>A	96	NC_000023.11:46837167:G:A	CCSBVarC014999	ENSP00000218340.3:p.Arg23Gln	RP2	ENSG00000102218	OSTF1
HsVcPPILacVa2rdo	CCSBORF11374	3	CCSBORF5498	3AT	3	758T>G	75	NC_000023.11:46854130:T:G	CCSBVarC001708	ENSP00000218340.3:p.Leu253Arg	RP2	ENSG00000102218	OSTF1
HsVcPPILacVa2rdo	CCSBORF11374	3	CCSBORF5498	3AT	3	771G>T	29	NC_000023.11:46859989:G:T	CCSBVarC015008	ENSP00000218340.3:p.Met257Ile	RP2	ENSG00000102218	OSTF1
HsVcPPILacVa2rdo	CCSBORF11374	3	CCSBORF5498	3AT	3	814A>G	5426	NC_000023.11:46860032:A:G	CCSBVarC011438	ENSP00000218340.3:p.Met272Val	RP2	ENSG00000102218	OSTF1
HsVcPPILacVa2rdo	CCSBORF11374	3	CCSBORF5498	3AT	3	829G>A	17943	NC_000023.11:46860047:G:A	CCSBVarC015017	ENSP00000218340.3:p.Ala277Thr	RP2	ENSG00000102218	OSTF1
HsVcPPILacVa2rdo	CCSBORF11374	3	CCSBORF5498	3AT	3	895G>A	2335	NC_000023.11:46877515:G:A	CCSBVarC011420	ENSP00000218340.3:p.Ala299Thr	RP2	ENSG00000102218	OSTF1
HsVcPPILacVa2rdo	CCSBORF11374	3	CCSBORF5498	3AT	3	917G>A	3004	NC_000023.11:46877537:G:A	CCSBVarC015026	ENSP00000218340.3:p.Gly306Asp	RP2	ENSG00000102218	OSTF1
HsVcPPILacVa2rdo	CCSBORF11374	3	CCSBORF5498	3AT	3	949G>A	59	NC_000023.11:46877569:G:A	CCSBVarC011434	ENSP00000218340.3:p.Glu317Lys	RP2	ENSG00000102218	OSTF1
HsVcPPILacVa2rdo	CCSBORF71077	2	CCSBORF12685	3AT	3	REF	580	NULL	NULL	NULL	IMPDH1	ENSG00000106348	RAD54L2
HsVcPPILacVa2rdo	CCSBORF71077	2	CCSBORF12685	3AT	3	112G>T	3	NC_000007.14:128409789:C:A	CCSBVarC017165	ENSP00000265385.8:p.Ala38Ser	IMPDH1	ENSG00000106348	RAD54L2
HsVcPPILacVa2rdo	CCSBORF71077	2	CCSBORF12685	3AT	3	130G>C	9	NC_000007.14:128409771:C:G	CCSBVarC017172	ENSP00000265385.8:p.Gly44Arg	IMPDH1	ENSG00000106348	RAD54L2
HsVcPPILacVa2rdo	CCSBORF71077	2	CCSBORF12685	3AT	3	1328C>T	8	NC_000007.14:128395002:G:A	CCSBVarC017180	ENSP00000265385.8:p.Thr443Met	IMPDH1	ENSG00000106348	RAD54L2
HsVcPPILacVa2rdo	CCSBORF71077	2	CCSBORF12685	3AT	3	1430A>C	681	NC_000007.14:128394900:T:G	CCSBVarC017184	ENSP00000265385.8:p.Lys477Thr	IMPDH1	ENSG00000106348	RAD54L2
HsVcPPILacVa2rdo	CCSBORF71077	2	CCSBORF12685	3AT	3	1481G>A	17	NC_000007.14:128394560:C:T	CCSBVarC017188	ENSP00000265385.8:p.Gly494Asp	IMPDH1	ENSG00000106348	RAD54L2
HsVcPPILacVa2rdo	CCSBORF71077	2	CCSBORF12685	3AT	3	1534G>A	625	NC_000007.14:128394507:C:T	CCSBVarC017191	ENSP00000265385.8:p.Gly512Ser	IMPDH1	ENSG00000106348	RAD54L2
HsVcPPILacVa2rdo	CCSBORF71077	2	CCSBORF12685	3AT	3	1658A>G	340	NC_000007.14:128394289:T:C	CCSBVarC017193	ENSP00000265385.8:p.His553Arg	IMPDH1	ENSG00000106348	RAD54L2
HsVcPPILacVa2rdo	CCSBORF71077	2	CCSBORF12685	3AT	3	326C>T	12	NC_000007.14:128401084:G:A	CCSBVarC017195	ENSP00000265385.8:p.Thr109Met	IMPDH1	ENSG00000106348	RAD54L2
HsVcPPILacVa2rdo	CCSBORF71077	2	CCSBORF12685	3AT	3	355A>G	11	NC_000007.14:128401055:T:C	CCSBVarC017197	ENSP00000265385.8:p.Met119Val	IMPDH1	ENSG00000106348	RAD54L2
HsVcPPILacVa2rdo	CCSBORF71077	2	CCSBORF12685	3AT	3	460C>T	1670	NC_000007.14:128400827:G:A	CCSBVarC006915	ENSP00000265385.8:p.Arg154Trp	IMPDH1	ENSG00000106348	RAD54L2
HsVcPPILacVa2rdo	CCSBORF71077	2	CCSBORF12685	3AT	3	50C>G	3	NC_000007.14:128409851:G:C	CCSBVarC016391	ENSP00000265385.8:p.Ala17Gly	IMPDH1	ENSG00000106348	RAD54L2
HsVcPPILacVa2rdo	CCSBORF71077	2	CCSBORF12685	3AT	3	563T>C	1110	NC_000007.14:128400447:A:G	CCSBVarC016396	ENSP00000265385.8:p.Phe188Ser	IMPDH1	ENSG00000106348	RAD54L2
HsVcPPILacVa2rdo	CCSBORF71077	2	CCSBORF12685	3AT	3	646G>T	987	NC_000007.14:128400364:C:A	CCSBVarC016412	ENSP00000265385.8:p.Ala216Ser	IMPDH1	ENSG00000106348	RAD54L2
HsVcPPILacVa2rdo	CCSBORF71077	2	CCSBORF12685	3AT	3	70C>T	8	NC_000007.14:128409831:G:A	CCSBVarC016463	ENSP00000265385.8:p.Arg24Trp	IMPDH1	ENSG00000106348	RAD54L2
HsVcPPILacVa2rdo	CCSBORF71077	2	CCSBORF12685	3AT	3	725C>T	7	NC_000007.14:128400135:G:A	CCSBVarC016488	ENSP00000265385.8:p.Thr242Met	IMPDH1	ENSG00000106348	RAD54L2
HsVcPPILacVa2rdo	CCSBORF71077	2	CCSBORF12685	3AT	3	739A>C	2	NC_000007.14:128400121:T:G	CCSBVarC016495	ENSP00000265385.8:p.Asn247His	IMPDH1	ENSG00000106348	RAD54L2
HsVcPPILacVa2rdo	CCSBORF71077	2	CCSBORF12685	3AT	3	749T>C	2	NC_000007.14:128400111:A:G	CCSBVarC016504	ENSP00000265385.8:p.Leu250Pro	IMPDH1	ENSG00000106348	RAD54L2
HsVcPPILacVa2rdo	CCSBORF71077	2	CCSBORF12685	3AT	3	818G>C	810	NC_000007.14:128398561:C:G	CCSBVarC002714	ENSP00000265385.8:p.Arg273Pro	IMPDH1	ENSG00000106348	RAD54L2
HsVcPPILacVa2rdo	CCSBORF71077	2	CCSBORF12685	3AT	3	820A>C	0	NC_000007.14:128398559:T:G	CCSBVarC016508	ENSP00000265385.8:p.Thr274Pro	IMPDH1	ENSG00000106348	RAD54L2
HsVcPPILacVa2rdo	CCSBORF71077	2	CCSBORF12685	3AT	3	834G>C	2271	NC_000007.14:128398545:C:G	CCSBVarC016512	ENSP00000265385.8:p.Lys278Asn	IMPDH1	ENSG00000106348	RAD54L2
HsVcPPILacVa2rdo	CCSBORF71077	2	CCSBORF12685	3AT	3	859A>G	3310	NC_000007.14:128398520:T:C	CCSBVarC016518	ENSP00000265385.8:p.Lys287Glu	IMPDH1	ENSG00000106348	RAD54L2
HsVcPPILacVa2rdo	CCSBORF71077	2	CCSBORF12685	3AT	3	876G>C	446	NC_000007.14:128398503:C:G	CCSBVarC016591	ENSP00000265385.8:p.Gln292His	IMPDH1	ENSG00000106348	RAD54L2
HsVcPPILacVa2rdo	CCSBORF71077	2	CCSBORF12685	3AT	3	949G>A	1380	NC_000007.14:128398430:C:T	CCSBVarC002716	ENSP00000265385.8:p.Val317Ile	IMPDH1	ENSG00000106348	RAD54L2
HsVcPPILacVa2rdo	CCSBORF55855	1	CCSBORF71152	3AT	3	REF	1034	NULL	NULL	NULL	KRT2	ENSG00000172867	KRT36
HsVcPPILacVa2rdo	CCSBORF55855	1	CCSBORF71152	3AT	3	1051G>A	4651	NC_000012.12:52648243:C:T	CCSBVarC016094	ENSP00000310861.3:p.Glu351Lys	KRT2	ENSG00000172867	KRT36
HsVcPPILacVa2rdo	CCSBORF55855	1	CCSBORF71152	3AT	3	1070A>G	863	NC_000012.12:52648224:T:C	CCSBVarC016110	ENSP00000310861.3:p.Glu357Gly	KRT2	ENSG00000172867	KRT36
HsVcPPILacVa2rdo	CCSBORF55855	1	CCSBORF71152	3AT	3	1106C>T	5	NC_000012.12:52648188:G:A	CCSBVarC016116	ENSP00000310861.3:p.Ala369Val	KRT2	ENSG00000172867	KRT36
HsVcPPILacVa2rdo	CCSBORF55855	1	CCSBORF71152	3AT	3	1230C>G	15	NC_000012.12:52647747:G:C	CCSBVarC016120	ENSP00000310861.3:p.Ile410Met	KRT2	ENSG00000172867	KRT36
HsVcPPILacVa2rdo	CCSBORF55855	1	CCSBORF71152	3AT	3	1325T>G	1449	NC_000012.12:52646883:A:C	CCSBVarC016123	ENSP00000310861.3:p.Leu442Trp	KRT2	ENSG00000172867	KRT36
HsVcPPILacVa2rdo	CCSBORF55855	1	CCSBORF71152	3AT	3	1435A>C	4182	NC_000012.12:52646773:T:G	CCSBVarC003453	ENSP00000310861.3:p.Thr479Pro	KRT2	ENSG00000172867	KRT36
HsVcPPILacVa2rdo	CCSBORF55855	1	CCSBORF71152	3AT	3	1451T>C	1319	NC_000012.12:52646757:A:G	CCSBVarC002477	ENSP00000310861.3:p.Leu484Pro	KRT2	ENSG00000172867	KRT36
HsVcPPILacVa2rdo	CCSBORF55855	1	CCSBORF71152	3AT	3	1480G>C	334	NC_000012.12:52645558:C:G	CCSBVarC016127	ENSP00000310861.3:p.Asp494His	KRT2	ENSG00000172867	KRT36
HsVcPPILacVa2rdo	CCSBORF55855	1	CCSBORF71152	3AT	3	1694C>T	356	NC_000012.12:52645244:G:A	CCSBVarC016132	ENSP00000310861.3:p.Ser565Phe	KRT2	ENSG00000172867	KRT36
HsVcPPILacVa2rdo	CCSBORF55855	1	CCSBORF71152	3AT	3	181C>T	40	NC_000012.12:52651961:G:A	CCSBVarC016138	ENSP00000310861.3:p.Arg61Trp	KRT2	ENSG00000172867	KRT36
HsVcPPILacVa2rdo	CCSBORF55855	1	CCSBORF71152	3AT	3	1869G>T	320	NC_000012.12:52645069:C:A	CCSBVarC016144	ENSP00000310861.3:p.Lys623Asn	KRT2	ENSG00000172867	KRT36
HsVcPPILacVa2rdo	CCSBORF55855	1	CCSBORF71152	3AT	3	1912T>C	14	NC_000012.12:52645026:A:G	CCSBVarC016151	ENSP00000310861.3:p.Phe638Leu	KRT2	ENSG00000172867	KRT36
HsVcPPILacVa2rdo	CCSBORF55855	1	CCSBORF71152	3AT	3	295G>A	880	NC_000012.12:52651847:C:T	CCSBVarC016158	ENSP00000310861.3:p.Gly99Ser	KRT2	ENSG00000172867	KRT36
HsVcPPILacVa2rdo	CCSBORF55855	1	CCSBORF71152	3AT	3	493G>A	6	NC_000012.12:52651649:C:T	CCSBVarC016179	ENSP00000310861.3:p.Val165Met	KRT2	ENSG00000172867	KRT36
HsVcPPILacVa2rdo	CCSBORF55855	1	CCSBORF71152	3AT	3	536G>A	477	NC_000012.12:52651606:C:T	CCSBVarC016211	ENSP00000310861.3:p.Arg179His	KRT2	ENSG00000172867	KRT36
HsVcPPILacVa2rdo	CCSBORF55855	1	CCSBORF71152	3AT	3	556A>T	188	NC_000012.12:52651586:T:A	CCSBVarC003451	ENSP00000310861.3:p.Asn186Tyr	KRT2	ENSG00000172867	KRT36
HsVcPPILacVa2rdo	CCSBORF55855	1	CCSBORF71152	3AT	3	558C>A	652	NC_000012.12:52651584:G:T	CCSBVarC002475	ENSP00000310861.3:p.Asn186Lys	KRT2	ENSG00000172867	KRT36
HsVcPPILacVa2rdo	CCSBORF55855	1	CCSBORF71152	3AT	3	710A>G	107	NC_000012.12:52650428:T:C	CCSBVarC016220	ENSP00000310861.3:p.Lys237Arg	KRT2	ENSG00000172867	KRT36
HsVcPPILacVa2rdo	CCSBORF55855	1	CCSBORF71152	3AT	3	767A>G	54	NC_000012.12:52650371:T:C	CCSBVarC012686	ENSP00000310861.3:p.Asn256Ser	KRT2	ENSG00000172867	KRT36
HsVcPPILacVa2rdo	CCSBORF55855	1	CCSBORF71152	3AT	3	865G>A	1996	NC_000012.12:52649098:C:T	CCSBVarC016224	ENSP00000310861.3:p.Val289Met	KRT2	ENSG00000172867	KRT36
HsVcPPILacVa2rdo	CCSBORF7866	1	CCSBORF71430	3AT	3	REF	97	NULL	NULL	NULL	EFHC1	ENSG00000096093	CFAP161
HsVcPPILacVa2rdo	CCSBORF7866	1	CCSBORF71430	3AT	3	1180G>T	1	NC_000006.12:52469374:G:T	CCSBVarC001266	ENSP00000360107.4:p.Ala394Ser	EFHC1	ENSG00000096093	CFAP161
HsVcPPILacVa2rdo	CCSBORF7866	1	CCSBORF71430	3AT	3	1343T>C	3	NC_000006.12:52479100:T:C	CCSBVarC002921	ENSP00000360107.4:p.Met448Thr	EFHC1	ENSG00000096093	CFAP161
HsVcPPILacVa2rdo	CCSBORF7866	1	CCSBORF71430	3AT	3	1523C>G	115	NC_000006.12:52479669:C:G	CCSBVarC001267	ENSP00000360107.4:p.Thr508Arg	EFHC1	ENSG00000096093	CFAP161
HsVcPPILacVa2rdo	CCSBORF7866	1	CCSBORF71430	3AT	3	1820A>G	10	NC_000006.12:52490318:A:G	CCSBVarC017141	ENSP00000360107.4:p.Asn607Ser	EFHC1	ENSG00000096093	CFAP161
HsVcPPILacVa2rdo	CCSBORF7866	1	CCSBORF71430	3AT	3	229C>A	68	NC_000006.12:52424110:C:A	CCSBVarC001264	ENSP00000360107.4:p.Pro77Thr	EFHC1	ENSG00000096093	CFAP161
HsVcPPILacVa2rdo	CCSBORF7866	1	CCSBORF71430	3AT	3	475C>G	19	NC_000006.12:52438492:C:G	CCSBVarC017143	ENSP00000360107.4:p.Arg159Gly	EFHC1	ENSG00000096093	CFAP161
HsVcPPILacVa2rdo	CCSBORF7866	1	CCSBORF71430	3AT	3	475C>T	2284	NC_000006.12:52438492:C:T	CCSBVarC002919	ENSP00000360107.4:p.Arg159Trp	EFHC1	ENSG00000096093	CFAP161
HsVcPPILacVa2rdo	CCSBORF7866	1	CCSBORF71430	3AT	3	520A>G	165	NC_000006.12:52438537:A:G	CCSBVarC003446	ENSP00000360107.4:p.Ile174Val	EFHC1	ENSG00000096093	CFAP161
HsVcPPILacVa2rdo	CCSBORF7866	1	CCSBORF71430	3AT	3	628G>A	1	NC_000006.12:52452741:G:A	CCSBVarC003447	ENSP00000360107.4:p.Asp210Asn	EFHC1	ENSG00000096093	CFAP161
HsVcPPILacVa2rdo	CCSBORF7866	1	CCSBORF71430	3AT	3	662G>A	11	NC_000006.12:52452775:G:A	CCSBVarC001265	ENSP00000360107.4:p.Arg221His	EFHC1	ENSG00000096093	CFAP161
HsVcPPILacVa2rdo	CCSBORF7866	1	CCSBORF71430	3AT	3	685T>C	33	NC_000006.12:52452798:T:C	CCSBVarC003448	ENSP00000360107.4:p.Phe229Leu	EFHC1	ENSG00000096093	CFAP161
HsVcPPILacVa2rdo	CCSBORF7866	1	CCSBORF71430	3AT	3	757G>T	1	NC_000006.12:52454127:G:T	CCSBVarC003449	ENSP00000360107.4:p.Asp253Tyr	EFHC1	ENSG00000096093	CFAP161
HsVcPPILacVa2rdo	CCSBORF7866	1	CCSBORF71430	3AT	3	776G>A	0	NC_000006.12:52454146:G:A	CCSBVarC003450	ENSP00000360107.4:p.Cys259Tyr	EFHC1	ENSG00000096093	CFAP161
HsVcPPILacVa2rdo	CCSBORF1231	1	CCSBORF70824	3AT	3	REF	2	NULL	NULL	NULL	AQP1	ENSG00000240583	SPRED1
HsVcPPILacVa2rdo	CCSBORF1231	1	CCSBORF70824	3AT	3	113C>T	2	NC_000007.14:30912021:C:T	CCSBVarC000137	ENSP00000311165.4:p.Pro38Leu	AQP1	ENSG00000240583	SPRED1
HsVcPPILacVa2rdo	CCSBORF1231	1	CCSBORF70824	3AT	3	140A>G	6	NC_000007.14:30912048:A:G	CCSBVarC000138	ENSP00000311165.4:p.Gln47Arg	AQP1	ENSG00000240583	SPRED1
HsVcPPILacVa2rdo	CCSBORF1231	1	CCSBORF70824	3AT	3	319G>A	0	NC_000007.14:30912227:G:A	CCSBVarC015066	ENSP00000311165.4:p.Val107Ile	AQP1	ENSG00000240583	SPRED1
HsVcPPILacVa2rdo	CCSBORF1231	1	CCSBORF70824	3AT	3	320T>G	2	NC_000007.14:30912228:T:G	CCSBVarC015069	ENSP00000311165.4:p.Val107Gly	AQP1	ENSG00000240583	SPRED1
HsVcPPILacVa2rdo	CCSBORF1231	1	CCSBORF70824	3AT	3	494G>A	0	NC_000007.14:30922174:G:A	CCSBVarC015072	ENSP00000311165.4:p.Gly165Asp	AQP1	ENSG00000240583	SPRED1
HsVcPPILacVa2rdo	CCSBORF1231	1	CCSBORF70824	3AT	3	576C>A	3	NC_000007.14:30922589:C:A	CCSBVarC000139	ENSP00000311165.4:p.Asn192Lys	AQP1	ENSG00000240583	SPRED1
HsVcPPILacVa2rdo	CCSBORF11374	3	CCSBORF0	3AT	3	REF	1	NULL	NULL	NULL	RP2	ENSG00000102218	empty_AD
HsVcPPILacVa2rdo	CCSBORF11374	3	CCSBORF0	3AT	3	11T>G	0	NC_000023.11:46837110:T:G	CCSBVarC014903	ENSP00000218340.3:p.Phe4Cys	RP2	ENSG00000102218	empty_AD
HsVcPPILacVa2rdo	CCSBORF11374	3	CCSBORF0	3AT	3	123G>A	1	NC_000023.11:46853495:G:A	CCSBVarC011426	ENSP00000218340.3:p.Met41Ile	RP2	ENSG00000102218	empty_AD
HsVcPPILacVa2rdo	CCSBORF11374	3	CCSBORF0	3AT	3	161C>T	0	NC_000023.11:46853533:C:T	CCSBVarC014914	ENSP00000218340.3:p.Pro54Leu	RP2	ENSG00000102218	empty_AD
HsVcPPILacVa2rdo	CCSBORF11374	3	CCSBORF0	3AT	3	271A>C	2	NC_000023.11:46853643:A:C	CCSBVarC014947	ENSP00000218340.3:p.Ile91Leu	RP2	ENSG00000102218	empty_AD
HsVcPPILacVa2rdo	CCSBORF11374	3	CCSBORF0	3AT	3	2T>C	0	NC_000023.11:46837101:T:C	CCSBVarC011465	ENSP00000218340.3:p.Met1Thr	RP2	ENSG00000102218	empty_AD
HsVcPPILacVa2rdo	CCSBORF11374	3	CCSBORF0	3AT	3	314G>A	0	NC_000023.11:46853686:G:A	CCSBVarC014958	ENSP00000218340.3:p.Cys105Tyr	RP2	ENSG00000102218	empty_AD
HsVcPPILacVa2rdo	CCSBORF11374	3	CCSBORF0	3AT	3	365G>A	0	NC_000023.11:46853737:G:A	CCSBVarC011444	ENSP00000218340.3:p.Cys122Tyr	RP2	ENSG00000102218	empty_AD
HsVcPPILacVa2rdo	CCSBORF11374	3	CCSBORF0	3AT	3	431A>G	0	NC_000023.11:46853803:A:G	CCSBVarC014972	ENSP00000218340.3:p.Lys144Arg	RP2	ENSG00000102218	empty_AD
HsVcPPILacVa2rdo	CCSBORF11374	3	CCSBORF0	3AT	3	434T>C	1	NC_000023.11:46853806:T:C	CCSBVarC011472	ENSP00000218340.3:p.Phe145Ser	RP2	ENSG00000102218	empty_AD
HsVcPPILacVa2rdo	CCSBORF11374	3	CCSBORF0	3AT	3	535C>T	0	NC_000023.11:46853907:C:T	CCSBVarC014982	ENSP00000218340.3:p.Pro179Ser	RP2	ENSG00000102218	empty_AD
HsVcPPILacVa2rdo	CCSBORF11374	3	CCSBORF0	3AT	3	650A>G	1	NC_000023.11:46854022:A:G	CCSBVarC014989	ENSP00000218340.3:p.Asn217Ser	RP2	ENSG00000102218	empty_AD
HsVcPPILacVa2rdo	CCSBORF11374	3	CCSBORF0	3AT	3	68G>A	0	NC_000023.11:46837167:G:A	CCSBVarC014999	ENSP00000218340.3:p.Arg23Gln	RP2	ENSG00000102218	empty_AD
HsVcPPILacVa2rdo	CCSBORF11374	3	CCSBORF0	3AT	3	758T>G	0	NC_000023.11:46854130:T:G	CCSBVarC001708	ENSP00000218340.3:p.Leu253Arg	RP2	ENSG00000102218	empty_AD
HsVcPPILacVa2rdo	CCSBORF11374	3	CCSBORF0	3AT	3	771G>T	1	NC_000023.11:46859989:G:T	CCSBVarC015008	ENSP00000218340.3:p.Met257Ile	RP2	ENSG00000102218	empty_AD
HsVcPPILacVa2rdo	CCSBORF11374	3	CCSBORF0	3AT	3	814A>G	1	NC_000023.11:46860032:A:G	CCSBVarC011438	ENSP00000218340.3:p.Met272Val	RP2	ENSG00000102218	empty_AD
HsVcPPILacVa2rdo	CCSBORF11374	3	CCSBORF0	3AT	3	829G>A	0	NC_000023.11:46860047:G:A	CCSBVarC015017	ENSP00000218340.3:p.Ala277Thr	RP2	ENSG00000102218	empty_AD
HsVcPPILacVa2rdo	CCSBORF11374	3	CCSBORF0	3AT	3	895G>A	0	NC_000023.11:46877515:G:A	CCSBVarC011420	ENSP00000218340.3:p.Ala299Thr	RP2	ENSG00000102218	empty_AD
HsVcPPILacVa2rdo	CCSBORF11374	3	CCSBORF0	3AT	3	917G>A	0	NC_000023.11:46877537:G:A	CCSBVarC015026	ENSP00000218340.3:p.Gly306Asp	RP2	ENSG00000102218	empty_AD
HsVcPPILacVa2rdo	CCSBORF11374	3	CCSBORF0	3AT	3	949G>A	1	NC_000023.11:46877569:G:A	CCSBVarC011434	ENSP00000218340.3:p.Glu317Lys	RP2	ENSG00000102218	empty_AD
HsVcPPILacVa2rdo	CCSBORF71077	2	CCSBORF6490	3AT	3	REF	3491	NULL	NULL	NULL	IMPDH1	ENSG00000106348	PIAS2
HsVcPPILacVa2rdo	CCSBORF71077	2	CCSBORF6490	3AT	3	112G>T	5	NC_000007.14:128409789:C:A	CCSBVarC017165	ENSP00000265385.8:p.Ala38Ser	IMPDH1	ENSG00000106348	PIAS2
HsVcPPILacVa2rdo	CCSBORF71077	2	CCSBORF6490	3AT	3	130G>C	16	NC_000007.14:128409771:C:G	CCSBVarC017172	ENSP00000265385.8:p.Gly44Arg	IMPDH1	ENSG00000106348	PIAS2
HsVcPPILacVa2rdo	CCSBORF71077	2	CCSBORF6490	3AT	3	1328C>T	447	NC_000007.14:128395002:G:A	CCSBVarC017180	ENSP00000265385.8:p.Thr443Met	IMPDH1	ENSG00000106348	PIAS2
HsVcPPILacVa2rdo	CCSBORF71077	2	CCSBORF6490	3AT	3	1430A>C	1275	NC_000007.14:128394900:T:G	CCSBVarC017184	ENSP00000265385.8:p.Lys477Thr	IMPDH1	ENSG00000106348	PIAS2
HsVcPPILacVa2rdo	CCSBORF71077	2	CCSBORF6490	3AT	3	1481G>A	53	NC_000007.14:128394560:C:T	CCSBVarC017188	ENSP00000265385.8:p.Gly494Asp	IMPDH1	ENSG00000106348	PIAS2
HsVcPPILacVa2rdo	CCSBORF71077	2	CCSBORF6490	3AT	3	1534G>A	29	NC_000007.14:128394507:C:T	CCSBVarC017191	ENSP00000265385.8:p.Gly512Ser	IMPDH1	ENSG00000106348	PIAS2
HsVcPPILacVa2rdo	CCSBORF71077	2	CCSBORF6490	3AT	3	1658A>G	1408	NC_000007.14:128394289:T:C	CCSBVarC017193	ENSP00000265385.8:p.His553Arg	IMPDH1	ENSG00000106348	PIAS2
HsVcPPILacVa2rdo	CCSBORF71077	2	CCSBORF6490	3AT	3	326C>T	71	NC_000007.14:128401084:G:A	CCSBVarC017195	ENSP00000265385.8:p.Thr109Met	IMPDH1	ENSG00000106348	PIAS2
HsVcPPILacVa2rdo	CCSBORF71077	2	CCSBORF6490	3AT	3	355A>G	14	NC_000007.14:128401055:T:C	CCSBVarC017197	ENSP00000265385.8:p.Met119Val	IMPDH1	ENSG00000106348	PIAS2
HsVcPPILacVa2rdo	CCSBORF71077	2	CCSBORF6490	3AT	3	460C>T	8801	NC_000007.14:128400827:G:A	CCSBVarC006915	ENSP00000265385.8:p.Arg154Trp	IMPDH1	ENSG00000106348	PIAS2
HsVcPPILacVa2rdo	CCSBORF71077	2	CCSBORF6490	3AT	3	50C>G	9	NC_000007.14:128409851:G:C	CCSBVarC016391	ENSP00000265385.8:p.Ala17Gly	IMPDH1	ENSG00000106348	PIAS2
HsVcPPILacVa2rdo	CCSBORF71077	2	CCSBORF6490	3AT	3	563T>C	137	NC_000007.14:128400447:A:G	CCSBVarC016396	ENSP00000265385.8:p.Phe188Ser	IMPDH1	ENSG00000106348	PIAS2
HsVcPPILacVa2rdo	CCSBORF71077	2	CCSBORF6490	3AT	3	646G>T	1566	NC_000007.14:128400364:C:A	CCSBVarC016412	ENSP00000265385.8:p.Ala216Ser	IMPDH1	ENSG00000106348	PIAS2
HsVcPPILacVa2rdo	CCSBORF71077	2	CCSBORF6490	3AT	3	70C>T	35	NC_000007.14:128409831:G:A	CCSBVarC016463	ENSP00000265385.8:p.Arg24Trp	IMPDH1	ENSG00000106348	PIAS2
HsVcPPILacVa2rdo	CCSBORF71077	2	CCSBORF6490	3AT	3	725C>T	58	NC_000007.14:128400135:G:A	CCSBVarC016488	ENSP00000265385.8:p.Thr242Met	IMPDH1	ENSG00000106348	PIAS2
HsVcPPILacVa2rdo	CCSBORF71077	2	CCSBORF6490	3AT	3	739A>C	23	NC_000007.14:128400121:T:G	CCSBVarC016495	ENSP00000265385.8:p.Asn247His	IMPDH1	ENSG00000106348	PIAS2
HsVcPPILacVa2rdo	CCSBORF71077	2	CCSBORF6490	3AT	3	749T>C	21	NC_000007.14:128400111:A:G	CCSBVarC016504	ENSP00000265385.8:p.Leu250Pro	IMPDH1	ENSG00000106348	PIAS2
HsVcPPILacVa2rdo	CCSBORF71077	2	CCSBORF6490	3AT	3	818G>C	13	NC_000007.14:128398561:C:G	CCSBVarC002714	ENSP00000265385.8:p.Arg273Pro	IMPDH1	ENSG00000106348	PIAS2
HsVcPPILacVa2rdo	CCSBORF71077	2	CCSBORF6490	3AT	3	820A>C	2	NC_000007.14:128398559:T:G	CCSBVarC016508	ENSP00000265385.8:p.Thr274Pro	IMPDH1	ENSG00000106348	PIAS2
HsVcPPILacVa2rdo	CCSBORF71077	2	CCSBORF6490	3AT	3	834G>C	7619	NC_000007.14:128398545:C:G	CCSBVarC016512	ENSP00000265385.8:p.Lys278Asn	IMPDH1	ENSG00000106348	PIAS2
HsVcPPILacVa2rdo	CCSBORF71077	2	CCSBORF6490	3AT	3	859A>G	480	NC_000007.14:128398520:T:C	CCSBVarC016518	ENSP00000265385.8:p.Lys287Glu	IMPDH1	ENSG00000106348	PIAS2
HsVcPPILacVa2rdo	CCSBORF71077	2	CCSBORF6490	3AT	3	876G>C	10	NC_000007.14:128398503:C:G	CCSBVarC016591	ENSP00000265385.8:p.Gln292His	IMPDH1	ENSG00000106348	PIAS2
HsVcPPILacVa2rdo	CCSBORF71077	2	CCSBORF6490	3AT	3	949G>A	135	NC_000007.14:128398430:C:T	CCSBVarC002716	ENSP00000265385.8:p.Val317Ile	IMPDH1	ENSG00000106348	PIAS2
HsVcPPILacVa2rdo	CCSBORF55855	1	CCSBORF0	3AT	3	REF	2	NULL	NULL	NULL	KRT2	ENSG00000172867	empty_AD
HsVcPPILacVa2rdo	CCSBORF55855	1	CCSBORF0	3AT	3	1051G>A	1	NC_000012.12:52648243:C:T	CCSBVarC016094	ENSP00000310861.3:p.Glu351Lys	KRT2	ENSG00000172867	empty_AD
HsVcPPILacVa2rdo	CCSBORF55855	1	CCSBORF0	3AT	3	1070A>G	0	NC_000012.12:52648224:T:C	CCSBVarC016110	ENSP00000310861.3:p.Glu357Gly	KRT2	ENSG00000172867	empty_AD
HsVcPPILacVa2rdo	CCSBORF55855	1	CCSBORF0	3AT	3	1106C>T	0	NC_000012.12:52648188:G:A	CCSBVarC016116	ENSP00000310861.3:p.Ala369Val	KRT2	ENSG00000172867	empty_AD
HsVcPPILacVa2rdo	CCSBORF55855	1	CCSBORF0	3AT	3	1230C>G	0	NC_000012.12:52647747:G:C	CCSBVarC016120	ENSP00000310861.3:p.Ile410Met	KRT2	ENSG00000172867	empty_AD
HsVcPPILacVa2rdo	CCSBORF55855	1	CCSBORF0	3AT	3	1325T>G	0	NC_000012.12:52646883:A:C	CCSBVarC016123	ENSP00000310861.3:p.Leu442Trp	KRT2	ENSG00000172867	empty_AD
HsVcPPILacVa2rdo	CCSBORF55855	1	CCSBORF0	3AT	3	1435A>C	1	NC_000012.12:52646773:T:G	CCSBVarC003453	ENSP00000310861.3:p.Thr479Pro	KRT2	ENSG00000172867	empty_AD
HsVcPPILacVa2rdo	CCSBORF55855	1	CCSBORF0	3AT	3	1451T>C	1	NC_000012.12:52646757:A:G	CCSBVarC002477	ENSP00000310861.3:p.Leu484Pro	KRT2	ENSG00000172867	empty_AD
HsVcPPILacVa2rdo	CCSBORF55855	1	CCSBORF0	3AT	3	1480G>C	1	NC_000012.12:52645558:C:G	CCSBVarC016127	ENSP00000310861.3:p.Asp494His	KRT2	ENSG00000172867	empty_AD
HsVcPPILacVa2rdo	CCSBORF55855	1	CCSBORF0	3AT	3	1694C>T	0	NC_000012.12:52645244:G:A	CCSBVarC016132	ENSP00000310861.3:p.Ser565Phe	KRT2	ENSG00000172867	empty_AD
HsVcPPILacVa2rdo	CCSBORF55855	1	CCSBORF0	3AT	3	181C>T	0	NC_000012.12:52651961:G:A	CCSBVarC016138	ENSP00000310861.3:p.Arg61Trp	KRT2	ENSG00000172867	empty_AD
HsVcPPILacVa2rdo	CCSBORF55855	1	CCSBORF0	3AT	3	1869G>T	0	NC_000012.12:52645069:C:A	CCSBVarC016144	ENSP00000310861.3:p.Lys623Asn	KRT2	ENSG00000172867	empty_AD
HsVcPPILacVa2rdo	CCSBORF55855	1	CCSBORF0	3AT	3	1912T>C	0	NC_000012.12:52645026:A:G	CCSBVarC016151	ENSP00000310861.3:p.Phe638Leu	KRT2	ENSG00000172867	empty_AD
HsVcPPILacVa2rdo	CCSBORF55855	1	CCSBORF0	3AT	3	295G>A	0	NC_000012.12:52651847:C:T	CCSBVarC016158	ENSP00000310861.3:p.Gly99Ser	KRT2	ENSG00000172867	empty_AD
HsVcPPILacVa2rdo	CCSBORF55855	1	CCSBORF0	3AT	3	493G>A	0	NC_000012.12:52651649:C:T	CCSBVarC016179	ENSP00000310861.3:p.Val165Met	KRT2	ENSG00000172867	empty_AD
HsVcPPILacVa2rdo	CCSBORF55855	1	CCSBORF0	3AT	3	536G>A	0	NC_000012.12:52651606:C:T	CCSBVarC016211	ENSP00000310861.3:p.Arg179His	KRT2	ENSG00000172867	empty_AD
HsVcPPILacVa2rdo	CCSBORF55855	1	CCSBORF0	3AT	3	556A>T	1	NC_000012.12:52651586:T:A	CCSBVarC003451	ENSP00000310861.3:p.Asn186Tyr	KRT2	ENSG00000172867	empty_AD
HsVcPPILacVa2rdo	CCSBORF55855	1	CCSBORF0	3AT	3	558C>A	0	NC_000012.12:52651584:G:T	CCSBVarC002475	ENSP00000310861.3:p.Asn186Lys	KRT2	ENSG00000172867	empty_AD
HsVcPPILacVa2rdo	CCSBORF55855	1	CCSBORF0	3AT	3	710A>G	0	NC_000012.12:52650428:T:C	CCSBVarC016220	ENSP00000310861.3:p.Lys237Arg	KRT2	ENSG00000172867	empty_AD
HsVcPPILacVa2rdo	CCSBORF55855	1	CCSBORF0	3AT	3	767A>G	0	NC_000012.12:52650371:T:C	CCSBVarC012686	ENSP00000310861.3:p.Asn256Ser	KRT2	ENSG00000172867	empty_AD
HsVcPPILacVa2rdo	CCSBORF55855	1	CCSBORF0	3AT	3	865G>A	0	NC_000012.12:52649098:C:T	CCSBVarC016224	ENSP00000310861.3:p.Val289Met	KRT2	ENSG00000172867	empty_AD
HsVcPPILacVa2rdo	CCSBORF7866	1	CCSBORF0	3AT	3	REF	4	NULL	NULL	NULL	EFHC1	ENSG00000096093	empty_AD
HsVcPPILacVa2rdo	CCSBORF7866	1	CCSBORF0	3AT	3	1180G>T	0	NC_000006.12:52469374:G:T	CCSBVarC001266	ENSP00000360107.4:p.Ala394Ser	EFHC1	ENSG00000096093	empty_AD
HsVcPPILacVa2rdo	CCSBORF7866	1	CCSBORF0	3AT	3	1343T>C	0	NC_000006.12:52479100:T:C	CCSBVarC002921	ENSP00000360107.4:p.Met448Thr	EFHC1	ENSG00000096093	empty_AD
HsVcPPILacVa2rdo	CCSBORF7866	1	CCSBORF0	3AT	3	1523C>G	0	NC_000006.12:52479669:C:G	CCSBVarC001267	ENSP00000360107.4:p.Thr508Arg	EFHC1	ENSG00000096093	empty_AD
HsVcPPILacVa2rdo	CCSBORF7866	1	CCSBORF0	3AT	3	1820A>G	0	NC_000006.12:52490318:A:G	CCSBVarC017141	ENSP00000360107.4:p.Asn607Ser	EFHC1	ENSG00000096093	empty_AD
HsVcPPILacVa2rdo	CCSBORF7866	1	CCSBORF0	3AT	3	229C>A	2	NC_000006.12:52424110:C:A	CCSBVarC001264	ENSP00000360107.4:p.Pro77Thr	EFHC1	ENSG00000096093	empty_AD
HsVcPPILacVa2rdo	CCSBORF7866	1	CCSBORF0	3AT	3	475C>G	0	NC_000006.12:52438492:C:G	CCSBVarC017143	ENSP00000360107.4:p.Arg159Gly	EFHC1	ENSG00000096093	empty_AD
HsVcPPILacVa2rdo	CCSBORF7866	1	CCSBORF0	3AT	3	475C>T	1	NC_000006.12:52438492:C:T	CCSBVarC002919	ENSP00000360107.4:p.Arg159Trp	EFHC1	ENSG00000096093	empty_AD
HsVcPPILacVa2rdo	CCSBORF7866	1	CCSBORF0	3AT	3	520A>G	1	NC_000006.12:52438537:A:G	CCSBVarC003446	ENSP00000360107.4:p.Ile174Val	EFHC1	ENSG00000096093	empty_AD
HsVcPPILacVa2rdo	CCSBORF7866	1	CCSBORF0	3AT	3	628G>A	0	NC_000006.12:52452741:G:A	CCSBVarC003447	ENSP00000360107.4:p.Asp210Asn	EFHC1	ENSG00000096093	empty_AD
HsVcPPILacVa2rdo	CCSBORF7866	1	CCSBORF0	3AT	3	662G>A	0	NC_000006.12:52452775:G:A	CCSBVarC001265	ENSP00000360107.4:p.Arg221His	EFHC1	ENSG00000096093	empty_AD
HsVcPPILacVa2rdo	CCSBORF7866	1	CCSBORF0	3AT	3	685T>C	0	NC_000006.12:52452798:T:C	CCSBVarC003448	ENSP00000360107.4:p.Phe229Leu	EFHC1	ENSG00000096093	empty_AD
HsVcPPILacVa2rdo	CCSBORF7866	1	CCSBORF0	3AT	3	757G>T	0	NC_000006.12:52454127:G:T	CCSBVarC003449	ENSP00000360107.4:p.Asp253Tyr	EFHC1	ENSG00000096093	empty_AD
HsVcPPILacVa2rdo	CCSBORF7866	1	CCSBORF0	3AT	3	776G>A	0	NC_000006.12:52454146:G:A	CCSBVarC003450	ENSP00000360107.4:p.Cys259Tyr	EFHC1	ENSG00000096093	empty_AD
HsVcPPILacVa2rdo	CCSBORF1231	1	CCSBORF2526	3AT	3	REF	0	NULL	NULL	NULL	AQP1	ENSG00000240583	SIVA1
HsVcPPILacVa2rdo	CCSBORF1231	1	CCSBORF2526	3AT	3	113C>T	2	NC_000007.14:30912021:C:T	CCSBVarC000137	ENSP00000311165.4:p.Pro38Leu	AQP1	ENSG00000240583	SIVA1
HsVcPPILacVa2rdo	CCSBORF1231	1	CCSBORF2526	3AT	3	140A>G	3	NC_000007.14:30912048:A:G	CCSBVarC000138	ENSP00000311165.4:p.Gln47Arg	AQP1	ENSG00000240583	SIVA1
HsVcPPILacVa2rdo	CCSBORF1231	1	CCSBORF2526	3AT	3	319G>A	0	NC_000007.14:30912227:G:A	CCSBVarC015066	ENSP00000311165.4:p.Val107Ile	AQP1	ENSG00000240583	SIVA1
HsVcPPILacVa2rdo	CCSBORF1231	1	CCSBORF2526	3AT	3	320T>G	0	NC_000007.14:30912228:T:G	CCSBVarC015069	ENSP00000311165.4:p.Val107Gly	AQP1	ENSG00000240583	SIVA1
HsVcPPILacVa2rdo	CCSBORF1231	1	CCSBORF2526	3AT	3	494G>A	0	NC_000007.14:30922174:G:A	CCSBVarC015072	ENSP00000311165.4:p.Gly165Asp	AQP1	ENSG00000240583	SIVA1
HsVcPPILacVa2rdo	CCSBORF1231	1	CCSBORF2526	3AT	3	576C>A	0	NC_000007.14:30922589:C:A	CCSBVarC000139	ENSP00000311165.4:p.Asn192Lys	AQP1	ENSG00000240583	SIVA1
HsVcPPILacVa2rdo	CCSBORF11374	1	CCSBORF5498	3AT	3	REF	1980	NULL	NULL	NULL	RP2	ENSG00000102218	OSTF1
HsVcPPILacVa2rdo	CCSBORF11374	1	CCSBORF5498	3AT	3	1001C>A	43	NC_000023.11:46879716:C:A	CCSBVarC011422	ENSP00000218340.3:p.Ser334Tyr	RP2	ENSG00000102218	OSTF1
HsVcPPILacVa2rdo	CCSBORF11374	1	CCSBORF5498	3AT	3	121A>G	3787	NC_000023.11:46853493:A:G	CCSBVarC014905	ENSP00000218340.3:p.Met41Val	RP2	ENSG00000102218	OSTF1
HsVcPPILacVa2rdo	CCSBORF11374	1	CCSBORF5498	3AT	3	19A>C	4	NC_000023.11:46837118:A:C	CCSBVarC014916	ENSP00000218340.3:p.Lys7Gln	RP2	ENSG00000102218	OSTF1
HsVcPPILacVa2rdo	CCSBORF11374	1	CCSBORF5498	3AT	3	238A>G	1271	NC_000023.11:46853610:A:G	CCSBVarC011435	ENSP00000218340.3:p.Thr80Ala	RP2	ENSG00000102218	OSTF1
HsVcPPILacVa2rdo	CCSBORF11374	1	CCSBORF5498	3AT	3	257G>A	7	NC_000023.11:46853629:G:A	CCSBVarC001706	ENSP00000218340.3:p.Cys86Tyr	RP2	ENSG00000102218	OSTF1
HsVcPPILacVa2rdo	CCSBORF11374	1	CCSBORF5498	3AT	3	28A>G	32	NC_000023.11:46837127:A:G	CCSBVarC014949	ENSP00000218340.3:p.Lys10Glu	RP2	ENSG00000102218	OSTF1
HsVcPPILacVa2rdo	CCSBORF11374	1	CCSBORF5498	3AT	3	298G>A	2165	NC_000023.11:46853670:G:A	CCSBVarC011440	ENSP00000218340.3:p.Val100Met	RP2	ENSG00000102218	OSTF1
HsVcPPILacVa2rdo	CCSBORF11374	1	CCSBORF5498	3AT	3	328T>C	12	NC_000023.11:46853700:T:C	CCSBVarC014961	ENSP00000218340.3:p.Cys110Arg	RP2	ENSG00000102218	OSTF1
HsVcPPILacVa2rdo	CCSBORF11374	1	CCSBORF5498	3AT	3	338C>A	349	NC_000023.11:46853710:C:A	CCSBVarC011446	ENSP00000218340.3:p.Ala113Asp	RP2	ENSG00000102218	OSTF1
HsVcPPILacVa2rdo	CCSBORF11374	1	CCSBORF5498	3AT	3	352C>G	1088	NC_000023.11:46853724:C:G	CCSBVarC011475	ENSP00000218340.3:p.Arg118Gly	RP2	ENSG00000102218	OSTF1
HsVcPPILacVa2rdo	CCSBORF11374	1	CCSBORF5498	3AT	3	481G>T	9373	NC_000023.11:46853853:G:T	CCSBVarC014975	ENSP00000218340.3:p.Asp161Tyr	RP2	ENSG00000102218	OSTF1
HsVcPPILacVa2rdo	CCSBORF11374	1	CCSBORF5498	3AT	3	524A>C	9529	NC_000023.11:46853896:A:C	CCSBVarC011467	ENSP00000218340.3:p.His175Pro	RP2	ENSG00000102218	OSTF1
HsVcPPILacVa2rdo	CCSBORF11374	1	CCSBORF5498	3AT	3	593A>G	19	NC_000023.11:46853965:A:G	CCSBVarC014984	ENSP00000218340.3:p.Tyr198Cys	RP2	ENSG00000102218	OSTF1
HsVcPPILacVa2rdo	CCSBORF11374	1	CCSBORF5498	3AT	3	654A>C	3642	NC_000023.11:46854026:A:C	CCSBVarC014992	ENSP00000218340.3:p.Arg218Ser	RP2	ENSG00000102218	OSTF1
HsVcPPILacVa2rdo	CCSBORF11374	1	CCSBORF5498	3AT	3	751A>G	2363	NC_000023.11:46854123:A:G	CCSBVarC011428	ENSP00000218340.3:p.Arg251Gly	RP2	ENSG00000102218	OSTF1
HsVcPPILacVa2rdo	CCSBORF11374	1	CCSBORF5498	3AT	3	765T>A	10024	NC_000023.11:46854137:T:A	CCSBVarC015002	ENSP00000218340.3:p.Asp255Glu	RP2	ENSG00000102218	OSTF1
HsVcPPILacVa2rdo	CCSBORF11374	1	CCSBORF5498	3AT	3	781G>T	1344	NC_000023.11:46859999:G:T	CCSBVarC015011	ENSP00000218340.3:p.Gly261Cys	RP2	ENSG00000102218	OSTF1
HsVcPPILacVa2rdo	CCSBORF11374	1	CCSBORF5498	3AT	3	844C>T	38	NC_000023.11:46860062:C:T	CCSBVarC001709	ENSP00000218340.3:p.Arg282Trp	RP2	ENSG00000102218	OSTF1
HsVcPPILacVa2rdo	CCSBORF11374	1	CCSBORF5498	3AT	3	845G>A	5828	NC_000023.11:46860063:G:A	CCSBVarC015020	ENSP00000218340.3:p.Arg282Gln	RP2	ENSG00000102218	OSTF1
HsVcPPILacVa2rdo	CCSBORF11374	1	CCSBORF5498	3AT	3	941T>C	24	NC_000023.11:46877561:T:C	CCSBVarC015032	ENSP00000218340.3:p.Ile314Thr	RP2	ENSG00000102218	OSTF1
HsVcPPILacVa2rdo	CCSBORF71077	2	CCSBORF3068	3AT	3	REF	0	NULL	NULL	NULL	IMPDH1	ENSG00000106348	DDIT4L
HsVcPPILacVa2rdo	CCSBORF71077	2	CCSBORF3068	3AT	3	112G>T	0	NC_000007.14:128409789:C:A	CCSBVarC017165	ENSP00000265385.8:p.Ala38Ser	IMPDH1	ENSG00000106348	DDIT4L
HsVcPPILacVa2rdo	CCSBORF71077	2	CCSBORF3068	3AT	3	130G>C	0	NC_000007.14:128409771:C:G	CCSBVarC017172	ENSP00000265385.8:p.Gly44Arg	IMPDH1	ENSG00000106348	DDIT4L
HsVcPPILacVa2rdo	CCSBORF71077	2	CCSBORF3068	3AT	3	1328C>T	0	NC_000007.14:128395002:G:A	CCSBVarC017180	ENSP00000265385.8:p.Thr443Met	IMPDH1	ENSG00000106348	DDIT4L
HsVcPPILacVa2rdo	CCSBORF71077	2	CCSBORF3068	3AT	3	1430A>C	0	NC_000007.14:128394900:T:G	CCSBVarC017184	ENSP00000265385.8:p.Lys477Thr	IMPDH1	ENSG00000106348	DDIT4L
HsVcPPILacVa2rdo	CCSBORF71077	2	CCSBORF3068	3AT	3	1481G>A	0	NC_000007.14:128394560:C:T	CCSBVarC017188	ENSP00000265385.8:p.Gly494Asp	IMPDH1	ENSG00000106348	DDIT4L
HsVcPPILacVa2rdo	CCSBORF71077	2	CCSBORF3068	3AT	3	1534G>A	0	NC_000007.14:128394507:C:T	CCSBVarC017191	ENSP00000265385.8:p.Gly512Ser	IMPDH1	ENSG00000106348	DDIT4L
HsVcPPILacVa2rdo	CCSBORF71077	2	CCSBORF3068	3AT	3	1658A>G	0	NC_000007.14:128394289:T:C	CCSBVarC017193	ENSP00000265385.8:p.His553Arg	IMPDH1	ENSG00000106348	DDIT4L
HsVcPPILacVa2rdo	CCSBORF71077	2	CCSBORF3068	3AT	3	326C>T	0	NC_000007.14:128401084:G:A	CCSBVarC017195	ENSP00000265385.8:p.Thr109Met	IMPDH1	ENSG00000106348	DDIT4L
HsVcPPILacVa2rdo	CCSBORF71077	2	CCSBORF3068	3AT	3	355A>G	0	NC_000007.14:128401055:T:C	CCSBVarC017197	ENSP00000265385.8:p.Met119Val	IMPDH1	ENSG00000106348	DDIT4L
HsVcPPILacVa2rdo	CCSBORF71077	2	CCSBORF3068	3AT	3	460C>T	0	NC_000007.14:128400827:G:A	CCSBVarC006915	ENSP00000265385.8:p.Arg154Trp	IMPDH1	ENSG00000106348	DDIT4L
HsVcPPILacVa2rdo	CCSBORF71077	2	CCSBORF3068	3AT	3	50C>G	0	NC_000007.14:128409851:G:C	CCSBVarC016391	ENSP00000265385.8:p.Ala17Gly	IMPDH1	ENSG00000106348	DDIT4L
HsVcPPILacVa2rdo	CCSBORF71077	2	CCSBORF3068	3AT	3	563T>C	0	NC_000007.14:128400447:A:G	CCSBVarC016396	ENSP00000265385.8:p.Phe188Ser	IMPDH1	ENSG00000106348	DDIT4L
HsVcPPILacVa2rdo	CCSBORF71077	2	CCSBORF3068	3AT	3	646G>T	0	NC_000007.14:128400364:C:A	CCSBVarC016412	ENSP00000265385.8:p.Ala216Ser	IMPDH1	ENSG00000106348	DDIT4L
HsVcPPILacVa2rdo	CCSBORF71077	2	CCSBORF3068	3AT	3	70C>T	0	NC_000007.14:128409831:G:A	CCSBVarC016463	ENSP00000265385.8:p.Arg24Trp	IMPDH1	ENSG00000106348	DDIT4L
HsVcPPILacVa2rdo	CCSBORF71077	2	CCSBORF3068	3AT	3	725C>T	0	NC_000007.14:128400135:G:A	CCSBVarC016488	ENSP00000265385.8:p.Thr242Met	IMPDH1	ENSG00000106348	DDIT4L
HsVcPPILacVa2rdo	CCSBORF71077	2	CCSBORF3068	3AT	3	739A>C	0	NC_000007.14:128400121:T:G	CCSBVarC016495	ENSP00000265385.8:p.Asn247His	IMPDH1	ENSG00000106348	DDIT4L
HsVcPPILacVa2rdo	CCSBORF71077	2	CCSBORF3068	3AT	3	749T>C	0	NC_000007.14:128400111:A:G	CCSBVarC016504	ENSP00000265385.8:p.Leu250Pro	IMPDH1	ENSG00000106348	DDIT4L
HsVcPPILacVa2rdo	CCSBORF71077	2	CCSBORF3068	3AT	3	818G>C	0	NC_000007.14:128398561:C:G	CCSBVarC002714	ENSP00000265385.8:p.Arg273Pro	IMPDH1	ENSG00000106348	DDIT4L
HsVcPPILacVa2rdo	CCSBORF71077	2	CCSBORF3068	3AT	3	820A>C	0	NC_000007.14:128398559:T:G	CCSBVarC016508	ENSP00000265385.8:p.Thr274Pro	IMPDH1	ENSG00000106348	DDIT4L
HsVcPPILacVa2rdo	CCSBORF71077	2	CCSBORF3068	3AT	3	834G>C	0	NC_000007.14:128398545:C:G	CCSBVarC016512	ENSP00000265385.8:p.Lys278Asn	IMPDH1	ENSG00000106348	DDIT4L
HsVcPPILacVa2rdo	CCSBORF71077	2	CCSBORF3068	3AT	3	859A>G	0	NC_000007.14:128398520:T:C	CCSBVarC016518	ENSP00000265385.8:p.Lys287Glu	IMPDH1	ENSG00000106348	DDIT4L
HsVcPPILacVa2rdo	CCSBORF71077	2	CCSBORF3068	3AT	3	876G>C	0	NC_000007.14:128398503:C:G	CCSBVarC016591	ENSP00000265385.8:p.Gln292His	IMPDH1	ENSG00000106348	DDIT4L
HsVcPPILacVa2rdo	CCSBORF71077	2	CCSBORF3068	3AT	3	949G>A	0	NC_000007.14:128398430:C:T	CCSBVarC002716	ENSP00000265385.8:p.Val317Ile	IMPDH1	ENSG00000106348	DDIT4L
HsVcPPILacVa2rdo	CCSBORF55855	2	CCSBORF71152	3AT	3	REF	843	NULL	NULL	NULL	KRT2	ENSG00000172867	KRT36
HsVcPPILacVa2rdo	CCSBORF55855	2	CCSBORF71152	3AT	3	1066T>C	369	NC_000012.12:52648228:A:G	CCSBVarC016108	ENSP00000310861.3:p.Tyr356His	KRT2	ENSG00000172867	KRT36
HsVcPPILacVa2rdo	CCSBORF55855	2	CCSBORF71152	3AT	3	1094A>G	928	NC_000012.12:52648200:T:C	CCSBVarC016114	ENSP00000310861.3:p.Glu365Gly	KRT2	ENSG00000172867	KRT36
HsVcPPILacVa2rdo	CCSBORF55855	2	CCSBORF71152	3AT	3	1114C>A	1	NC_000012.12:52648180:G:T	CCSBVarC016118	ENSP00000310861.3:p.His372Asn	KRT2	ENSG00000172867	KRT36
HsVcPPILacVa2rdo	CCSBORF55855	2	CCSBORF71152	3AT	3	1249T>C	1369	NC_000012.12:52646959:A:G	CCSBVarC016122	ENSP00000310861.3:p.Cys417Arg	KRT2	ENSG00000172867	KRT36
HsVcPPILacVa2rdo	CCSBORF55855	2	CCSBORF71152	3AT	3	1355C>G	4	NC_000012.12:52646853:G:C	CCSBVarC016125	ENSP00000310861.3:p.Ala452Gly	KRT2	ENSG00000172867	KRT36
HsVcPPILacVa2rdo	CCSBORF55855	2	CCSBORF71152	3AT	3	1427A>T	316	NC_000012.12:52646781:T:A	CCSBVarC003452	ENSP00000310861.3:p.Glu476Val	KRT2	ENSG00000172867	KRT36
HsVcPPILacVa2rdo	CCSBORF55855	2	CCSBORF71152	3AT	3	1430T>A	1	NC_000012.12:52646778:A:T	CCSBVarC002476	ENSP00000310861.3:p.Ile477Asn	KRT2	ENSG00000172867	KRT36
HsVcPPILacVa2rdo	CCSBORF55855	2	CCSBORF71152	3AT	3	1462G>A	73	NC_000012.12:52646746:C:T	CCSBVarC003454	ENSP00000310861.3:p.Glu488Lys	KRT2	ENSG00000172867	KRT36
HsVcPPILacVa2rdo	CCSBORF55855	2	CCSBORF71152	3AT	3	1618G>A	0	NC_000012.12:52645320:C:T	CCSBVarC016129	ENSP00000310861.3:p.Gly540Ser	KRT2	ENSG00000172867	KRT36
HsVcPPILacVa2rdo	CCSBORF55855	2	CCSBORF71152	3AT	3	1723T>G	202	NC_000012.12:52645215:A:C	CCSBVarC016135	ENSP00000310861.3:p.Ser575Ala	KRT2	ENSG00000172867	KRT36
HsVcPPILacVa2rdo	CCSBORF55855	2	CCSBORF71152	3AT	3	1813G>C	1336	NC_000012.12:52645125:C:G	CCSBVarC016141	ENSP00000310861.3:p.Gly605Arg	KRT2	ENSG00000172867	KRT36
HsVcPPILacVa2rdo	CCSBORF55855	2	CCSBORF71152	3AT	3	1900G>A	1064	NC_000012.12:52645038:C:T	CCSBVarC016148	ENSP00000310861.3:p.Val634Met	KRT2	ENSG00000172867	KRT36
HsVcPPILacVa2rdo	CCSBORF55855	2	CCSBORF71152	3AT	3	253G>A	13	NC_000012.12:52651889:C:T	CCSBVarC016156	ENSP00000310861.3:p.Ala85Thr	KRT2	ENSG00000172867	KRT36
HsVcPPILacVa2rdo	CCSBORF55855	2	CCSBORF71152	3AT	3	301A>G	266	NC_000012.12:52651841:T:C	CCSBVarC012695	ENSP00000310861.3:p.Ser101Gly	KRT2	ENSG00000172867	KRT36
HsVcPPILacVa2rdo	CCSBORF55855	2	CCSBORF71152	3AT	3	446G>T	5	NC_000012.12:52651696:C:A	CCSBVarC016164	ENSP00000310861.3:p.Gly149Val	KRT2	ENSG00000172867	KRT36
HsVcPPILacVa2rdo	CCSBORF55855	2	CCSBORF71152	3AT	3	52G>A	8	NC_000012.12:52652090:C:T	CCSBVarC016186	ENSP00000310861.3:p.Gly18Arg	KRT2	ENSG00000172867	KRT36
HsVcPPILacVa2rdo	CCSBORF55855	2	CCSBORF71152	3AT	3	542A>C	4418	NC_000012.12:52651600:T:G	CCSBVarC002474	ENSP00000310861.3:p.Gln181Pro	KRT2	ENSG00000172867	KRT36
HsVcPPILacVa2rdo	CCSBORF55855	2	CCSBORF71152	3AT	3	656G>A	50	NC_000012.12:52650482:C:T	CCSBVarC002918	ENSP00000310861.3:p.Gly219Asp	KRT2	ENSG00000172867	KRT36
HsVcPPILacVa2rdo	CCSBORF55855	2	CCSBORF71152	3AT	3	659C>A	13	NC_000012.12:52650479:G:T	CCSBVarC016214	ENSP00000310861.3:p.Thr220Asn	KRT2	ENSG00000172867	KRT36
HsVcPPILacVa2rdo	CCSBORF55855	2	CCSBORF71152	3AT	3	800A>C	1	NC_000012.12:52650338:T:G	CCSBVarC016222	ENSP00000310861.3:p.Lys267Thr	KRT2	ENSG00000172867	KRT36
HsVcPPILacVa2rdo	CCSBORF1231	1	CCSBORF0	3AT	3	REF	2	NULL	NULL	NULL	AQP1	ENSG00000240583	empty_AD
HsVcPPILacVa2rdo	CCSBORF1231	1	CCSBORF0	3AT	3	113C>T	1	NC_000007.14:30912021:C:T	CCSBVarC000137	ENSP00000311165.4:p.Pro38Leu	AQP1	ENSG00000240583	empty_AD
HsVcPPILacVa2rdo	CCSBORF1231	1	CCSBORF0	3AT	3	140A>G	1	NC_000007.14:30912048:A:G	CCSBVarC000138	ENSP00000311165.4:p.Gln47Arg	AQP1	ENSG00000240583	empty_AD
HsVcPPILacVa2rdo	CCSBORF1231	1	CCSBORF0	3AT	3	319G>A	0	NC_000007.14:30912227:G:A	CCSBVarC015066	ENSP00000311165.4:p.Val107Ile	AQP1	ENSG00000240583	empty_AD
HsVcPPILacVa2rdo	CCSBORF1231	1	CCSBORF0	3AT	3	320T>G	1	NC_000007.14:30912228:T:G	CCSBVarC015069	ENSP00000311165.4:p.Val107Gly	AQP1	ENSG00000240583	empty_AD
HsVcPPILacVa2rdo	CCSBORF1231	1	CCSBORF0	3AT	3	494G>A	1	NC_000007.14:30922174:G:A	CCSBVarC015072	ENSP00000311165.4:p.Gly165Asp	AQP1	ENSG00000240583	empty_AD
HsVcPPILacVa2rdo	CCSBORF1231	1	CCSBORF0	3AT	3	576C>A	3	NC_000007.14:30922589:C:A	CCSBVarC000139	ENSP00000311165.4:p.Asn192Lys	AQP1	ENSG00000240583	empty_AD
HsVcPPILacVa2rdo	CCSBORF11374	1	CCSBORF0	3AT	3	REF	0	NULL	NULL	NULL	RP2	ENSG00000102218	empty_AD
HsVcPPILacVa2rdo	CCSBORF11374	1	CCSBORF0	3AT	3	1001C>A	0	NC_000023.11:46879716:C:A	CCSBVarC011422	ENSP00000218340.3:p.Ser334Tyr	RP2	ENSG00000102218	empty_AD
HsVcPPILacVa2rdo	CCSBORF11374	1	CCSBORF0	3AT	3	121A>G	1	NC_000023.11:46853493:A:G	CCSBVarC014905	ENSP00000218340.3:p.Met41Val	RP2	ENSG00000102218	empty_AD
HsVcPPILacVa2rdo	CCSBORF11374	1	CCSBORF0	3AT	3	19A>C	0	NC_000023.11:46837118:A:C	CCSBVarC014916	ENSP00000218340.3:p.Lys7Gln	RP2	ENSG00000102218	empty_AD
HsVcPPILacVa2rdo	CCSBORF11374	1	CCSBORF0	3AT	3	238A>G	0	NC_000023.11:46853610:A:G	CCSBVarC011435	ENSP00000218340.3:p.Thr80Ala	RP2	ENSG00000102218	empty_AD
HsVcPPILacVa2rdo	CCSBORF11374	1	CCSBORF0	3AT	3	257G>A	0	NC_000023.11:46853629:G:A	CCSBVarC001706	ENSP00000218340.3:p.Cys86Tyr	RP2	ENSG00000102218	empty_AD
HsVcPPILacVa2rdo	CCSBORF11374	1	CCSBORF0	3AT	3	28A>G	0	NC_000023.11:46837127:A:G	CCSBVarC014949	ENSP00000218340.3:p.Lys10Glu	RP2	ENSG00000102218	empty_AD
HsVcPPILacVa2rdo	CCSBORF11374	1	CCSBORF0	3AT	3	298G>A	0	NC_000023.11:46853670:G:A	CCSBVarC011440	ENSP00000218340.3:p.Val100Met	RP2	ENSG00000102218	empty_AD
HsVcPPILacVa2rdo	CCSBORF11374	1	CCSBORF0	3AT	3	328T>C	0	NC_000023.11:46853700:T:C	CCSBVarC014961	ENSP00000218340.3:p.Cys110Arg	RP2	ENSG00000102218	empty_AD
HsVcPPILacVa2rdo	CCSBORF11374	1	CCSBORF0	3AT	3	338C>A	1	NC_000023.11:46853710:C:A	CCSBVarC011446	ENSP00000218340.3:p.Ala113Asp	RP2	ENSG00000102218	empty_AD
HsVcPPILacVa2rdo	CCSBORF11374	1	CCSBORF0	3AT	3	352C>G	0	NC_000023.11:46853724:C:G	CCSBVarC011475	ENSP00000218340.3:p.Arg118Gly	RP2	ENSG00000102218	empty_AD
HsVcPPILacVa2rdo	CCSBORF11374	1	CCSBORF0	3AT	3	481G>T	1	NC_000023.11:46853853:G:T	CCSBVarC014975	ENSP00000218340.3:p.Asp161Tyr	RP2	ENSG00000102218	empty_AD
HsVcPPILacVa2rdo	CCSBORF11374	1	CCSBORF0	3AT	3	524A>C	6	NC_000023.11:46853896:A:C	CCSBVarC011467	ENSP00000218340.3:p.His175Pro	RP2	ENSG00000102218	empty_AD
HsVcPPILacVa2rdo	CCSBORF11374	1	CCSBORF0	3AT	3	593A>G	0	NC_000023.11:46853965:A:G	CCSBVarC014984	ENSP00000218340.3:p.Tyr198Cys	RP2	ENSG00000102218	empty_AD
HsVcPPILacVa2rdo	CCSBORF11374	1	CCSBORF0	3AT	3	654A>C	2	NC_000023.11:46854026:A:C	CCSBVarC014992	ENSP00000218340.3:p.Arg218Ser	RP2	ENSG00000102218	empty_AD
HsVcPPILacVa2rdo	CCSBORF11374	1	CCSBORF0	3AT	3	751A>G	1	NC_000023.11:46854123:A:G	CCSBVarC011428	ENSP00000218340.3:p.Arg251Gly	RP2	ENSG00000102218	empty_AD
HsVcPPILacVa2rdo	CCSBORF11374	1	CCSBORF0	3AT	3	765T>A	0	NC_000023.11:46854137:T:A	CCSBVarC015002	ENSP00000218340.3:p.Asp255Glu	RP2	ENSG00000102218	empty_AD
HsVcPPILacVa2rdo	CCSBORF11374	1	CCSBORF0	3AT	3	781G>T	0	NC_000023.11:46859999:G:T	CCSBVarC015011	ENSP00000218340.3:p.Gly261Cys	RP2	ENSG00000102218	empty_AD
HsVcPPILacVa2rdo	CCSBORF11374	1	CCSBORF0	3AT	3	844C>T	0	NC_000023.11:46860062:C:T	CCSBVarC001709	ENSP00000218340.3:p.Arg282Trp	RP2	ENSG00000102218	empty_AD
HsVcPPILacVa2rdo	CCSBORF11374	1	CCSBORF0	3AT	3	845G>A	0	NC_000023.11:46860063:G:A	CCSBVarC015020	ENSP00000218340.3:p.Arg282Gln	RP2	ENSG00000102218	empty_AD
HsVcPPILacVa2rdo	CCSBORF11374	1	CCSBORF0	3AT	3	941T>C	0	NC_000023.11:46877561:T:C	CCSBVarC015032	ENSP00000218340.3:p.Ile314Thr	RP2	ENSG00000102218	empty_AD
HsVcPPILacVa2rdo	CCSBORF71077	2	CCSBORF0	3AT	3	REF	1	NULL	NULL	NULL	IMPDH1	ENSG00000106348	empty_AD
HsVcPPILacVa2rdo	CCSBORF71077	2	CCSBORF0	3AT	3	112G>T	0	NC_000007.14:128409789:C:A	CCSBVarC017165	ENSP00000265385.8:p.Ala38Ser	IMPDH1	ENSG00000106348	empty_AD
HsVcPPILacVa2rdo	CCSBORF71077	2	CCSBORF0	3AT	3	130G>C	0	NC_000007.14:128409771:C:G	CCSBVarC017172	ENSP00000265385.8:p.Gly44Arg	IMPDH1	ENSG00000106348	empty_AD
HsVcPPILacVa2rdo	CCSBORF71077	2	CCSBORF0	3AT	3	1328C>T	0	NC_000007.14:128395002:G:A	CCSBVarC017180	ENSP00000265385.8:p.Thr443Met	IMPDH1	ENSG00000106348	empty_AD
HsVcPPILacVa2rdo	CCSBORF71077	2	CCSBORF0	3AT	3	1430A>C	0	NC_000007.14:128394900:T:G	CCSBVarC017184	ENSP00000265385.8:p.Lys477Thr	IMPDH1	ENSG00000106348	empty_AD
HsVcPPILacVa2rdo	CCSBORF71077	2	CCSBORF0	3AT	3	1481G>A	0	NC_000007.14:128394560:C:T	CCSBVarC017188	ENSP00000265385.8:p.Gly494Asp	IMPDH1	ENSG00000106348	empty_AD
HsVcPPILacVa2rdo	CCSBORF71077	2	CCSBORF0	3AT	3	1534G>A	1	NC_000007.14:128394507:C:T	CCSBVarC017191	ENSP00000265385.8:p.Gly512Ser	IMPDH1	ENSG00000106348	empty_AD
HsVcPPILacVa2rdo	CCSBORF71077	2	CCSBORF0	3AT	3	1658A>G	2	NC_000007.14:128394289:T:C	CCSBVarC017193	ENSP00000265385.8:p.His553Arg	IMPDH1	ENSG00000106348	empty_AD
HsVcPPILacVa2rdo	CCSBORF71077	2	CCSBORF0	3AT	3	326C>T	0	NC_000007.14:128401084:G:A	CCSBVarC017195	ENSP00000265385.8:p.Thr109Met	IMPDH1	ENSG00000106348	empty_AD
HsVcPPILacVa2rdo	CCSBORF71077	2	CCSBORF0	3AT	3	355A>G	0	NC_000007.14:128401055:T:C	CCSBVarC017197	ENSP00000265385.8:p.Met119Val	IMPDH1	ENSG00000106348	empty_AD
HsVcPPILacVa2rdo	CCSBORF71077	2	CCSBORF0	3AT	3	460C>T	2	NC_000007.14:128400827:G:A	CCSBVarC006915	ENSP00000265385.8:p.Arg154Trp	IMPDH1	ENSG00000106348	empty_AD
HsVcPPILacVa2rdo	CCSBORF71077	2	CCSBORF0	3AT	3	50C>G	1	NC_000007.14:128409851:G:C	CCSBVarC016391	ENSP00000265385.8:p.Ala17Gly	IMPDH1	ENSG00000106348	empty_AD
HsVcPPILacVa2rdo	CCSBORF71077	2	CCSBORF0	3AT	3	563T>C	0	NC_000007.14:128400447:A:G	CCSBVarC016396	ENSP00000265385.8:p.Phe188Ser	IMPDH1	ENSG00000106348	empty_AD
HsVcPPILacVa2rdo	CCSBORF71077	2	CCSBORF0	3AT	3	646G>T	2	NC_000007.14:128400364:C:A	CCSBVarC016412	ENSP00000265385.8:p.Ala216Ser	IMPDH1	ENSG00000106348	empty_AD
HsVcPPILacVa2rdo	CCSBORF71077	2	CCSBORF0	3AT	3	70C>T	0	NC_000007.14:128409831:G:A	CCSBVarC016463	ENSP00000265385.8:p.Arg24Trp	IMPDH1	ENSG00000106348	empty_AD
HsVcPPILacVa2rdo	CCSBORF71077	2	CCSBORF0	3AT	3	725C>T	0	NC_000007.14:128400135:G:A	CCSBVarC016488	ENSP00000265385.8:p.Thr242Met	IMPDH1	ENSG00000106348	empty_AD
HsVcPPILacVa2rdo	CCSBORF71077	2	CCSBORF0	3AT	3	739A>C	0	NC_000007.14:128400121:T:G	CCSBVarC016495	ENSP00000265385.8:p.Asn247His	IMPDH1	ENSG00000106348	empty_AD
HsVcPPILacVa2rdo	CCSBORF71077	2	CCSBORF0	3AT	3	749T>C	1	NC_000007.14:128400111:A:G	CCSBVarC016504	ENSP00000265385.8:p.Leu250Pro	IMPDH1	ENSG00000106348	empty_AD
HsVcPPILacVa2rdo	CCSBORF71077	2	CCSBORF0	3AT	3	818G>C	0	NC_000007.14:128398561:C:G	CCSBVarC002714	ENSP00000265385.8:p.Arg273Pro	IMPDH1	ENSG00000106348	empty_AD
HsVcPPILacVa2rdo	CCSBORF71077	2	CCSBORF0	3AT	3	820A>C	0	NC_000007.14:128398559:T:G	CCSBVarC016508	ENSP00000265385.8:p.Thr274Pro	IMPDH1	ENSG00000106348	empty_AD
HsVcPPILacVa2rdo	CCSBORF71077	2	CCSBORF0	3AT	3	834G>C	3	NC_000007.14:128398545:C:G	CCSBVarC016512	ENSP00000265385.8:p.Lys278Asn	IMPDH1	ENSG00000106348	empty_AD
HsVcPPILacVa2rdo	CCSBORF71077	2	CCSBORF0	3AT	3	859A>G	0	NC_000007.14:128398520:T:C	CCSBVarC016518	ENSP00000265385.8:p.Lys287Glu	IMPDH1	ENSG00000106348	empty_AD
HsVcPPILacVa2rdo	CCSBORF71077	2	CCSBORF0	3AT	3	876G>C	0	NC_000007.14:128398503:C:G	CCSBVarC016591	ENSP00000265385.8:p.Gln292His	IMPDH1	ENSG00000106348	empty_AD
HsVcPPILacVa2rdo	CCSBORF71077	2	CCSBORF0	3AT	3	949G>A	0	NC_000007.14:128398430:C:T	CCSBVarC002716	ENSP00000265385.8:p.Val317Ile	IMPDH1	ENSG00000106348	empty_AD
HsVcPPILacVa2rdo	CCSBORF55855	2	CCSBORF0	3AT	3	REF	0	NULL	NULL	NULL	KRT2	ENSG00000172867	empty_AD
HsVcPPILacVa2rdo	CCSBORF55855	2	CCSBORF0	3AT	3	1066T>C	0	NC_000012.12:52648228:A:G	CCSBVarC016108	ENSP00000310861.3:p.Tyr356His	KRT2	ENSG00000172867	empty_AD
HsVcPPILacVa2rdo	CCSBORF55855	2	CCSBORF0	3AT	3	1094A>G	1	NC_000012.12:52648200:T:C	CCSBVarC016114	ENSP00000310861.3:p.Glu365Gly	KRT2	ENSG00000172867	empty_AD
HsVcPPILacVa2rdo	CCSBORF55855	2	CCSBORF0	3AT	3	1114C>A	0	NC_000012.12:52648180:G:T	CCSBVarC016118	ENSP00000310861.3:p.His372Asn	KRT2	ENSG00000172867	empty_AD
HsVcPPILacVa2rdo	CCSBORF55855	2	CCSBORF0	3AT	3	1249T>C	0	NC_000012.12:52646959:A:G	CCSBVarC016122	ENSP00000310861.3:p.Cys417Arg	KRT2	ENSG00000172867	empty_AD
HsVcPPILacVa2rdo	CCSBORF55855	2	CCSBORF0	3AT	3	1355C>G	1	NC_000012.12:52646853:G:C	CCSBVarC016125	ENSP00000310861.3:p.Ala452Gly	KRT2	ENSG00000172867	empty_AD
HsVcPPILacVa2rdo	CCSBORF55855	2	CCSBORF0	3AT	3	1427A>T	0	NC_000012.12:52646781:T:A	CCSBVarC003452	ENSP00000310861.3:p.Glu476Val	KRT2	ENSG00000172867	empty_AD
HsVcPPILacVa2rdo	CCSBORF55855	2	CCSBORF0	3AT	3	1430T>A	0	NC_000012.12:52646778:A:T	CCSBVarC002476	ENSP00000310861.3:p.Ile477Asn	KRT2	ENSG00000172867	empty_AD
HsVcPPILacVa2rdo	CCSBORF55855	2	CCSBORF0	3AT	3	1462G>A	0	NC_000012.12:52646746:C:T	CCSBVarC003454	ENSP00000310861.3:p.Glu488Lys	KRT2	ENSG00000172867	empty_AD
HsVcPPILacVa2rdo	CCSBORF55855	2	CCSBORF0	3AT	3	1618G>A	0	NC_000012.12:52645320:C:T	CCSBVarC016129	ENSP00000310861.3:p.Gly540Ser	KRT2	ENSG00000172867	empty_AD
HsVcPPILacVa2rdo	CCSBORF55855	2	CCSBORF0	3AT	3	1723T>G	0	NC_000012.12:52645215:A:C	CCSBVarC016135	ENSP00000310861.3:p.Ser575Ala	KRT2	ENSG00000172867	empty_AD
HsVcPPILacVa2rdo	CCSBORF55855	2	CCSBORF0	3AT	3	1813G>C	0	NC_000012.12:52645125:C:G	CCSBVarC016141	ENSP00000310861.3:p.Gly605Arg	KRT2	ENSG00000172867	empty_AD
HsVcPPILacVa2rdo	CCSBORF55855	2	CCSBORF0	3AT	3	1900G>A	0	NC_000012.12:52645038:C:T	CCSBVarC016148	ENSP00000310861.3:p.Val634Met	KRT2	ENSG00000172867	empty_AD
HsVcPPILacVa2rdo	CCSBORF55855	2	CCSBORF0	3AT	3	253G>A	0	NC_000012.12:52651889:C:T	CCSBVarC016156	ENSP00000310861.3:p.Ala85Thr	KRT2	ENSG00000172867	empty_AD
HsVcPPILacVa2rdo	CCSBORF55855	2	CCSBORF0	3AT	3	301A>G	1	NC_000012.12:52651841:T:C	CCSBVarC012695	ENSP00000310861.3:p.Ser101Gly	KRT2	ENSG00000172867	empty_AD
HsVcPPILacVa2rdo	CCSBORF55855	2	CCSBORF0	3AT	3	446G>T	0	NC_000012.12:52651696:C:A	CCSBVarC016164	ENSP00000310861.3:p.Gly149Val	KRT2	ENSG00000172867	empty_AD
HsVcPPILacVa2rdo	CCSBORF55855	2	CCSBORF0	3AT	3	52G>A	0	NC_000012.12:52652090:C:T	CCSBVarC016186	ENSP00000310861.3:p.Gly18Arg	KRT2	ENSG00000172867	empty_AD
HsVcPPILacVa2rdo	CCSBORF55855	2	CCSBORF0	3AT	3	542A>C	2	NC_000012.12:52651600:T:G	CCSBVarC002474	ENSP00000310861.3:p.Gln181Pro	KRT2	ENSG00000172867	empty_AD
HsVcPPILacVa2rdo	CCSBORF55855	2	CCSBORF0	3AT	3	656G>A	0	NC_000012.12:52650482:C:T	CCSBVarC002918	ENSP00000310861.3:p.Gly219Asp	KRT2	ENSG00000172867	empty_AD
HsVcPPILacVa2rdo	CCSBORF55855	2	CCSBORF0	3AT	3	659C>A	0	NC_000012.12:52650479:G:T	CCSBVarC016214	ENSP00000310861.3:p.Thr220Asn	KRT2	ENSG00000172867	empty_AD
HsVcPPILacVa2rdo	CCSBORF55855	2	CCSBORF0	3AT	3	800A>C	0	NC_000012.12:52650338:T:G	CCSBVarC016222	ENSP00000310861.3:p.Lys267Thr	KRT2	ENSG00000172867	empty_AD
HsVcPPILacVa2rdo	CCSBORF3756	1	CCSBORF53344	3AT	1	REF	1	NULL	NULL	NULL	VAPB	ENSG00000124164	TTC39B
HsVcPPILacVa2rdo	CCSBORF3756	1	CCSBORF53344	3AT	1	137C>T	0	NC_000020.11:58418288:C:T	CCSBVarC005852	ENSP00000417175.1:p.Thr46Ile	VAPB	ENSG00000124164	TTC39B
HsVcPPILacVa2rdo	CCSBORF3756	1	CCSBORF53344	3AT	1	166C>T	0	NC_000020.11:58418317:C:T	CCSBVarC000544	ENSP00000417175.1:p.Pro56Ser	VAPB	ENSG00000124164	TTC39B
HsVcPPILacVa2rdo	CCSBORF3756	1	CCSBORF53344	3AT	1	390T>G	0	NC_000020.11:58439018:T:G	CCSBVarC015538	ENSP00000417175.1:p.Asp130Glu	VAPB	ENSG00000124164	TTC39B
HsVcPPILacVa2rdo	CCSBORF3756	1	CCSBORF53344	3AT	1	486T>A	0	NC_000020.11:58440995:T:A	CCSBVarC015540	ENSP00000417175.1:p.Asp162Glu	VAPB	ENSG00000124164	TTC39B
HsVcPPILacVa2rdo	CCSBORF138	1	CCSBORF14447	3AT	1	REF	6134	NULL	NULL	NULL	MYD88	ENSG00000172936	SPOPL
HsVcPPILacVa2rdo	CCSBORF138	1	CCSBORF14447	3AT	1	278T>C	176	NC_000003.12:38138977:T:C	CCSBVarC000007	ENSP00000498360.2:p.Leu93Pro	MYD88	ENSG00000172936	SPOPL
HsVcPPILacVa2rdo	CCSBORF138	1	CCSBORF14447	3AT	1	394G>A	1360	NC_000003.12:38139928:G:A	CCSBVarC015085	ENSP00000498360.2:p.Ala132Thr	MYD88	ENSG00000172936	SPOPL
HsVcPPILacVa2rdo	CCSBORF138	1	CCSBORF14447	3AT	1	538C>T	9380	NC_000003.12:38140461:C:T	CCSBVarC015088	ENSP00000498360.2:p.Arg180Trp	MYD88	ENSG00000172936	SPOPL
HsVcPPILacVa2rdo	CCSBORF138	1	CCSBORF14447	3AT	1	586C>T	2580	NC_000003.12:38140509:C:T	CCSBVarC000008	ENSP00000498360.2:p.Arg196Cys	MYD88	ENSG00000172936	SPOPL
HsVcPPILacVa2rdo	CCSBORF138	1	CCSBORF14447	3AT	1	604A>C	15760	NC_000003.12:38140527:A:C	CCSBVarC015091	ENSP00000498360.2:p.Thr202Pro	MYD88	ENSG00000172936	SPOPL
HsVcPPILacVa2rdo	CCSBORF138	1	CCSBORF14447	3AT	1	80T>C	42576	NC_000003.12:38138779:T:C	CCSBVarC015094	ENSP00000498360.2:p.Met27Thr	MYD88	ENSG00000172936	SPOPL
HsVcPPILacVa2rdo	CCSBORF7637	2	CCSBORF100014733	3AT	1	REF	2011	NULL	NULL	NULL	CFP	ENSG00000126759	KRTAP6-2
HsVcPPILacVa2rdo	CCSBORF7637	2	CCSBORF100014733	3AT	1	1036C>T	5	NC_000023.11:47626423:G:A	CCSBVarC001213	ENSP00000380189.3:p.Arg346Cys	CFP	ENSG00000126759	KRTAP6-2
HsVcPPILacVa2rdo	CCSBORF7637	2	CCSBORF100014733	3AT	1	104A>G	67	NC_000023.11:47629646:T:C	CCSBVarC017053	ENSP00000380189.3:p.Gln35Arg	CFP	ENSG00000126759	KRTAP6-2
HsVcPPILacVa2rdo	CCSBORF7637	2	CCSBORF100014733	3AT	1	1174A>C	38	NC_000023.11:47626127:T:G	CCSBVarC017070	ENSP00000380189.3:p.Met392Leu	CFP	ENSG00000126759	KRTAP6-2
HsVcPPILacVa2rdo	CCSBORF7637	2	CCSBORF100014733	3AT	1	1198A>G	1884	NC_000023.11:47626103:T:C	CCSBVarC017073	ENSP00000380189.3:p.Thr400Ala	CFP	ENSG00000126759	KRTAP6-2
HsVcPPILacVa2rdo	CCSBORF7637	2	CCSBORF100014733	3AT	1	1223C>T	2	NC_000023.11:47626078:G:A	CCSBVarC017077	ENSP00000380189.3:p.Thr408Ile	CFP	ENSG00000126759	KRTAP6-2
HsVcPPILacVa2rdo	CCSBORF7637	2	CCSBORF100014733	3AT	1	1291T>G	19	NC_000023.11:47624393:A:C	CCSBVarC017081	ENSP00000380189.3:p.Phe431Val	CFP	ENSG00000126759	KRTAP6-2
HsVcPPILacVa2rdo	CCSBORF7637	2	CCSBORF100014733	3AT	1	1309C>A	4690	NC_000023.11:47624375:G:T	CCSBVarC017085	ENSP00000380189.3:p.Pro437Thr	CFP	ENSG00000126759	KRTAP6-2
HsVcPPILacVa2rdo	CCSBORF7637	2	CCSBORF100014733	3AT	1	157G>A	2886	NC_000023.11:47629593:C:T	CCSBVarC010166	ENSP00000380189.3:p.Val53Met	CFP	ENSG00000126759	KRTAP6-2
HsVcPPILacVa2rdo	CCSBORF7637	2	CCSBORF100014733	3AT	1	209G>A	6	NC_000023.11:47629541:C:T	CCSBVarC017089	ENSP00000380189.3:p.Gly70Glu	CFP	ENSG00000126759	KRTAP6-2
HsVcPPILacVa2rdo	CCSBORF7637	2	CCSBORF100014733	3AT	1	28C>G	56	NC_000023.11:47629816:G:C	CCSBVarC017093	ENSP00000380189.3:p.Arg10Gly	CFP	ENSG00000126759	KRTAP6-2
HsVcPPILacVa2rdo	CCSBORF7637	2	CCSBORF100014733	3AT	1	298C>T	1214	NC_000023.11:47628206:G:A	CCSBVarC001211	ENSP00000380189.3:p.Arg100Trp	CFP	ENSG00000126759	KRTAP6-2
HsVcPPILacVa2rdo	CCSBORF7637	2	CCSBORF100014733	3AT	1	313G>A	1	NC_000023.11:47628191:C:T	CCSBVarC017097	ENSP00000380189.3:p.Val105Met	CFP	ENSG00000126759	KRTAP6-2
HsVcPPILacVa2rdo	CCSBORF7637	2	CCSBORF100014733	3AT	1	391C>G	2	NC_000023.11:47628113:G:C	CCSBVarC017101	ENSP00000380189.3:p.Gln131Glu	CFP	ENSG00000126759	KRTAP6-2
HsVcPPILacVa2rdo	CCSBORF7637	2	CCSBORF100014733	3AT	1	44C>T	44	NC_000023.11:47629800:G:A	CCSBVarC017105	ENSP00000380189.3:p.Pro15Leu	CFP	ENSG00000126759	KRTAP6-2
HsVcPPILacVa2rdo	CCSBORF7637	2	CCSBORF100014733	3AT	1	470G>A	51	NC_000023.11:47627574:C:T	CCSBVarC017120	ENSP00000380189.3:p.Arg157Gln	CFP	ENSG00000126759	KRTAP6-2
HsVcPPILacVa2rdo	CCSBORF7637	2	CCSBORF100014733	3AT	1	580G>A	13	NC_000023.11:47627326:C:T	CCSBVarC017124	ENSP00000380189.3:p.Gly194Arg	CFP	ENSG00000126759	KRTAP6-2
HsVcPPILacVa2rdo	CCSBORF7637	2	CCSBORF100014733	3AT	1	611C>T	2806	NC_000023.11:47627295:G:A	CCSBVarC010163	ENSP00000380189.3:p.Pro204Leu	CFP	ENSG00000126759	KRTAP6-2
HsVcPPILacVa2rdo	CCSBORF7637	2	CCSBORF100014733	3AT	1	665G>A	876	NC_000023.11:47627241:C:T	CCSBVarC017128	ENSP00000380189.3:p.Arg222His	CFP	ENSG00000126759	KRTAP6-2
HsVcPPILacVa2rdo	CCSBORF7637	2	CCSBORF100014733	3AT	1	716C>T	18	NC_000023.11:47627190:G:A	CCSBVarC017132	ENSP00000380189.3:p.Pro239Leu	CFP	ENSG00000126759	KRTAP6-2
HsVcPPILacVa2rdo	CCSBORF7637	2	CCSBORF100014733	3AT	1	748G>A	1398	NC_000023.11:47627158:C:T	CCSBVarC008473	ENSP00000380189.3:p.Gly250Ser	CFP	ENSG00000126759	KRTAP6-2
HsVcPPILacVa2rdo	CCSBORF7637	2	CCSBORF100014733	3AT	1	769G>A	345	NC_000023.11:47626943:C:T	CCSBVarC017135	ENSP00000380189.3:p.Ala257Thr	CFP	ENSG00000126759	KRTAP6-2
HsVcPPILacVa2rdo	CCSBORF7637	2	CCSBORF100014733	3AT	1	88G>A	769	NC_000023.11:47629662:C:T	CCSBVarC017139	ENSP00000380189.3:p.Val30Met	CFP	ENSG00000126759	KRTAP6-2
HsVcPPILacVa2rdo	CCSBORF7637	2	CCSBORF100014733	3AT	1	893G>T	7	NC_000023.11:47626819:C:A	CCSBVarC010172	ENSP00000380189.3:p.Gly298Val	CFP	ENSG00000126759	KRTAP6-2
HsVcPPILacVa2rdo	CCSBORF71077	1	CCSBORF12685	3AT	1	REF	400	NULL	NULL	NULL	IMPDH1	ENSG00000106348	RAD54L2
HsVcPPILacVa2rdo	CCSBORF71077	1	CCSBORF12685	3AT	1	1184C>G	0	NC_000007.14:128395243:G:C	CCSBVarC017170	ENSP00000265385.8:p.Ala395Gly	IMPDH1	ENSG00000106348	RAD54L2
HsVcPPILacVa2rdo	CCSBORF71077	1	CCSBORF12685	3AT	1	1262A>C	0	NC_000007.14:128395165:T:G	CCSBVarC002717	ENSP00000265385.8:p.His421Pro	IMPDH1	ENSG00000106348	RAD54L2
HsVcPPILacVa2rdo	CCSBORF71077	1	CCSBORF12685	3AT	1	1321G>A	6	NC_000007.14:128395009:C:T	CCSBVarC017176	ENSP00000265385.8:p.Ala441Thr	IMPDH1	ENSG00000106348	RAD54L2
HsVcPPILacVa2rdo	CCSBORF71077	1	CCSBORF12685	3AT	1	1381C>T	5	NC_000007.14:128394949:G:A	CCSBVarC017182	ENSP00000265385.8:p.Arg461Trp	IMPDH1	ENSG00000106348	RAD54L2
HsVcPPILacVa2rdo	CCSBORF71077	1	CCSBORF12685	3AT	1	1451A>C	8	NC_000007.14:128394590:T:G	CCSBVarC017187	ENSP00000265385.8:p.Asp484Ala	IMPDH1	ENSG00000106348	RAD54L2
HsVcPPILacVa2rdo	CCSBORF71077	1	CCSBORF12685	3AT	1	1490A>G	3	NC_000007.14:128394551:T:C	CCSBVarC017189	ENSP00000265385.8:p.Gln497Arg	IMPDH1	ENSG00000106348	RAD54L2
HsVcPPILacVa2rdo	CCSBORF71077	1	CCSBORF12685	3AT	1	1622A>G	320	NC_000007.14:128394325:T:C	CCSBVarC017192	ENSP00000265385.8:p.Lys541Arg	IMPDH1	ENSG00000106348	RAD54L2
HsVcPPILacVa2rdo	CCSBORF71077	1	CCSBORF12685	3AT	1	269T>C	22	NC_000007.14:128403730:A:G	CCSBVarC017194	ENSP00000265385.8:p.Phe90Ser	IMPDH1	ENSG00000106348	RAD54L2
HsVcPPILacVa2rdo	CCSBORF71077	1	CCSBORF12685	3AT	1	352C>G	17	NC_000007.14:128401058:G:C	CCSBVarC017196	ENSP00000265385.8:p.Pro118Ala	IMPDH1	ENSG00000106348	RAD54L2
HsVcPPILacVa2rdo	CCSBORF71077	1	CCSBORF12685	3AT	1	376G>A	4	NC_000007.14:128401034:C:T	CCSBVarC017198	ENSP00000265385.8:p.Asp126Asn	IMPDH1	ENSG00000106348	RAD54L2
HsVcPPILacVa2rdo	CCSBORF71077	1	CCSBORF12685	3AT	1	474G>C	4	NC_000007.14:128400536:C:G	CCSBVarC016389	ENSP00000265385.8:p.Lys158Asn	IMPDH1	ENSG00000106348	RAD54L2
HsVcPPILacVa2rdo	CCSBORF71077	1	CCSBORF12685	3AT	1	526G>A	828	NC_000007.14:128400484:C:T	CCSBVarC016393	ENSP00000265385.8:p.Val176Met	IMPDH1	ENSG00000106348	RAD54L2
HsVcPPILacVa2rdo	CCSBORF71077	1	CCSBORF12685	3AT	1	620T>C	1541	NC_000007.14:128400390:A:G	CCSBVarC016409	ENSP00000265385.8:p.Val207Ala	IMPDH1	ENSG00000106348	RAD54L2
HsVcPPILacVa2rdo	CCSBORF71077	1	CCSBORF12685	3AT	1	661A>G	11	NC_000007.14:128400349:T:C	CCSBVarC016415	ENSP00000265385.8:p.Thr221Ala	IMPDH1	ENSG00000106348	RAD54L2
HsVcPPILacVa2rdo	CCSBORF71077	1	CCSBORF12685	3AT	1	71G>C	3	NC_000007.14:128409830:C:G	CCSBVarC016466	ENSP00000265385.8:p.Arg24Pro	IMPDH1	ENSG00000106348	RAD54L2
HsVcPPILacVa2rdo	CCSBORF71077	1	CCSBORF12685	3AT	1	733G>C	1216	NC_000007.14:128400127:C:G	CCSBVarC016492	ENSP00000265385.8:p.Glu245Gln	IMPDH1	ENSG00000106348	RAD54L2
HsVcPPILacVa2rdo	CCSBORF71077	1	CCSBORF12685	3AT	1	741T>G	5	NC_000007.14:128400119:A:C	CCSBVarC016502	ENSP00000265385.8:p.Asn247Lys	IMPDH1	ENSG00000106348	RAD54L2
HsVcPPILacVa2rdo	CCSBORF71077	1	CCSBORF12685	3AT	1	817C>T	2	NC_000007.14:128398562:G:A	CCSBVarC016506	ENSP00000265385.8:p.Arg273Cys	IMPDH1	ENSG00000106348	RAD54L2
HsVcPPILacVa2rdo	CCSBORF71077	1	CCSBORF12685	3AT	1	823G>A	9	NC_000007.14:128398556:C:T	CCSBVarC002715	ENSP00000265385.8:p.Asp275Asn	IMPDH1	ENSG00000106348	RAD54L2
HsVcPPILacVa2rdo	CCSBORF71077	1	CCSBORF12685	3AT	1	824A>G	2546	NC_000007.14:128398555:T:C	CCSBVarC016510	ENSP00000265385.8:p.Asp275Gly	IMPDH1	ENSG00000106348	RAD54L2
HsVcPPILacVa2rdo	CCSBORF71077	1	CCSBORF12685	3AT	1	851T>C	663	NC_000007.14:128398528:A:G	CCSBVarC016515	ENSP00000265385.8:p.Leu284Pro	IMPDH1	ENSG00000106348	RAD54L2
HsVcPPILacVa2rdo	CCSBORF71077	1	CCSBORF12685	3AT	1	860A>G	505	NC_000007.14:128398519:T:C	CCSBVarC016524	ENSP00000265385.8:p.Lys287Arg	IMPDH1	ENSG00000106348	RAD54L2
HsVcPPILacVa2rdo	CCSBORF71077	1	CCSBORF12685	3AT	1	884G>C	315	NC_000007.14:128398495:C:G	CCSBVarC016594	ENSP00000265385.8:p.Cys295Ser	IMPDH1	ENSG00000106348	RAD54L2
HsVcPPILacVa2rdo	CCSBORF7866	1	CCSBORF6932	3AT	1	REF	674	NULL	NULL	NULL	EFHC1	ENSG00000096093	RCN1
HsVcPPILacVa2rdo	CCSBORF7866	1	CCSBORF6932	3AT	1	1180G>T	3	NC_000006.12:52469374:G:T	CCSBVarC001266	ENSP00000360107.4:p.Ala394Ser	EFHC1	ENSG00000096093	RCN1
HsVcPPILacVa2rdo	CCSBORF7866	1	CCSBORF6932	3AT	1	1343T>C	71	NC_000006.12:52479100:T:C	CCSBVarC002921	ENSP00000360107.4:p.Met448Thr	EFHC1	ENSG00000096093	RCN1
HsVcPPILacVa2rdo	CCSBORF7866	1	CCSBORF6932	3AT	1	1523C>G	231	NC_000006.12:52479669:C:G	CCSBVarC001267	ENSP00000360107.4:p.Thr508Arg	EFHC1	ENSG00000096093	RCN1
HsVcPPILacVa2rdo	CCSBORF7866	1	CCSBORF6932	3AT	1	1820A>G	7	NC_000006.12:52490318:A:G	CCSBVarC017141	ENSP00000360107.4:p.Asn607Ser	EFHC1	ENSG00000096093	RCN1
HsVcPPILacVa2rdo	CCSBORF7866	1	CCSBORF6932	3AT	1	229C>A	182	NC_000006.12:52424110:C:A	CCSBVarC001264	ENSP00000360107.4:p.Pro77Thr	EFHC1	ENSG00000096093	RCN1
HsVcPPILacVa2rdo	CCSBORF7866	1	CCSBORF6932	3AT	1	475C>G	47	NC_000006.12:52438492:C:G	CCSBVarC017143	ENSP00000360107.4:p.Arg159Gly	EFHC1	ENSG00000096093	RCN1
HsVcPPILacVa2rdo	CCSBORF7866	1	CCSBORF6932	3AT	1	475C>T	1730	NC_000006.12:52438492:C:T	CCSBVarC002919	ENSP00000360107.4:p.Arg159Trp	EFHC1	ENSG00000096093	RCN1
HsVcPPILacVa2rdo	CCSBORF7866	1	CCSBORF6932	3AT	1	520A>G	2126	NC_000006.12:52438537:A:G	CCSBVarC003446	ENSP00000360107.4:p.Ile174Val	EFHC1	ENSG00000096093	RCN1
HsVcPPILacVa2rdo	CCSBORF7866	1	CCSBORF6932	3AT	1	628G>A	50	NC_000006.12:52452741:G:A	CCSBVarC003447	ENSP00000360107.4:p.Asp210Asn	EFHC1	ENSG00000096093	RCN1
HsVcPPILacVa2rdo	CCSBORF7866	1	CCSBORF6932	3AT	1	662G>A	66	NC_000006.12:52452775:G:A	CCSBVarC001265	ENSP00000360107.4:p.Arg221His	EFHC1	ENSG00000096093	RCN1
HsVcPPILacVa2rdo	CCSBORF7866	1	CCSBORF6932	3AT	1	685T>C	8	NC_000006.12:52452798:T:C	CCSBVarC003448	ENSP00000360107.4:p.Phe229Leu	EFHC1	ENSG00000096093	RCN1
HsVcPPILacVa2rdo	CCSBORF7866	1	CCSBORF6932	3AT	1	757G>T	8	NC_000006.12:52454127:G:T	CCSBVarC003449	ENSP00000360107.4:p.Asp253Tyr	EFHC1	ENSG00000096093	RCN1
HsVcPPILacVa2rdo	CCSBORF7866	1	CCSBORF6932	3AT	1	776G>A	6	NC_000006.12:52454146:G:A	CCSBVarC003450	ENSP00000360107.4:p.Cys259Tyr	EFHC1	ENSG00000096093	RCN1
HsVcPPILacVa2rdo	CCSBORF3756	1	CCSBORF0	3AT	1	REF	0	NULL	NULL	NULL	VAPB	ENSG00000124164	empty_AD
HsVcPPILacVa2rdo	CCSBORF3756	1	CCSBORF0	3AT	1	137C>T	6	NC_000020.11:58418288:C:T	CCSBVarC005852	ENSP00000417175.1:p.Thr46Ile	VAPB	ENSG00000124164	empty_AD
HsVcPPILacVa2rdo	CCSBORF3756	1	CCSBORF0	3AT	1	166C>T	4	NC_000020.11:58418317:C:T	CCSBVarC000544	ENSP00000417175.1:p.Pro56Ser	VAPB	ENSG00000124164	empty_AD
HsVcPPILacVa2rdo	CCSBORF3756	1	CCSBORF0	3AT	1	390T>G	1	NC_000020.11:58439018:T:G	CCSBVarC015538	ENSP00000417175.1:p.Asp130Glu	VAPB	ENSG00000124164	empty_AD
HsVcPPILacVa2rdo	CCSBORF3756	1	CCSBORF0	3AT	1	486T>A	1	NC_000020.11:58440995:T:A	CCSBVarC015540	ENSP00000417175.1:p.Asp162Glu	VAPB	ENSG00000124164	empty_AD
HsVcPPILacVa2rdo	CCSBORF138	1	CCSBORF0	3AT	1	REF	1	NULL	NULL	NULL	MYD88	ENSG00000172936	empty_AD
HsVcPPILacVa2rdo	CCSBORF138	1	CCSBORF0	3AT	1	278T>C	1	NC_000003.12:38138977:T:C	CCSBVarC000007	ENSP00000498360.2:p.Leu93Pro	MYD88	ENSG00000172936	empty_AD
HsVcPPILacVa2rdo	CCSBORF138	1	CCSBORF0	3AT	1	394G>A	0	NC_000003.12:38139928:G:A	CCSBVarC015085	ENSP00000498360.2:p.Ala132Thr	MYD88	ENSG00000172936	empty_AD
HsVcPPILacVa2rdo	CCSBORF138	1	CCSBORF0	3AT	1	538C>T	0	NC_000003.12:38140461:C:T	CCSBVarC015088	ENSP00000498360.2:p.Arg180Trp	MYD88	ENSG00000172936	empty_AD
HsVcPPILacVa2rdo	CCSBORF138	1	CCSBORF0	3AT	1	586C>T	2	NC_000003.12:38140509:C:T	CCSBVarC000008	ENSP00000498360.2:p.Arg196Cys	MYD88	ENSG00000172936	empty_AD
HsVcPPILacVa2rdo	CCSBORF138	1	CCSBORF0	3AT	1	604A>C	1	NC_000003.12:38140527:A:C	CCSBVarC015091	ENSP00000498360.2:p.Thr202Pro	MYD88	ENSG00000172936	empty_AD
HsVcPPILacVa2rdo	CCSBORF138	1	CCSBORF0	3AT	1	80T>C	4	NC_000003.12:38138779:T:C	CCSBVarC015094	ENSP00000498360.2:p.Met27Thr	MYD88	ENSG00000172936	empty_AD
HsVcPPILacVa2rdo	CCSBORF7637	2	CCSBORF0	3AT	1	REF	0	NULL	NULL	NULL	CFP	ENSG00000126759	empty_AD
HsVcPPILacVa2rdo	CCSBORF7637	2	CCSBORF0	3AT	1	1036C>T	0	NC_000023.11:47626423:G:A	CCSBVarC001213	ENSP00000380189.3:p.Arg346Cys	CFP	ENSG00000126759	empty_AD
HsVcPPILacVa2rdo	CCSBORF7637	2	CCSBORF0	3AT	1	104A>G	0	NC_000023.11:47629646:T:C	CCSBVarC017053	ENSP00000380189.3:p.Gln35Arg	CFP	ENSG00000126759	empty_AD
HsVcPPILacVa2rdo	CCSBORF7637	2	CCSBORF0	3AT	1	1174A>C	0	NC_000023.11:47626127:T:G	CCSBVarC017070	ENSP00000380189.3:p.Met392Leu	CFP	ENSG00000126759	empty_AD
HsVcPPILacVa2rdo	CCSBORF7637	2	CCSBORF0	3AT	1	1198A>G	1	NC_000023.11:47626103:T:C	CCSBVarC017073	ENSP00000380189.3:p.Thr400Ala	CFP	ENSG00000126759	empty_AD
HsVcPPILacVa2rdo	CCSBORF7637	2	CCSBORF0	3AT	1	1223C>T	0	NC_000023.11:47626078:G:A	CCSBVarC017077	ENSP00000380189.3:p.Thr408Ile	CFP	ENSG00000126759	empty_AD
HsVcPPILacVa2rdo	CCSBORF7637	2	CCSBORF0	3AT	1	1291T>G	0	NC_000023.11:47624393:A:C	CCSBVarC017081	ENSP00000380189.3:p.Phe431Val	CFP	ENSG00000126759	empty_AD
HsVcPPILacVa2rdo	CCSBORF7637	2	CCSBORF0	3AT	1	1309C>A	2	NC_000023.11:47624375:G:T	CCSBVarC017085	ENSP00000380189.3:p.Pro437Thr	CFP	ENSG00000126759	empty_AD
HsVcPPILacVa2rdo	CCSBORF7637	2	CCSBORF0	3AT	1	157G>A	0	NC_000023.11:47629593:C:T	CCSBVarC010166	ENSP00000380189.3:p.Val53Met	CFP	ENSG00000126759	empty_AD
HsVcPPILacVa2rdo	CCSBORF7637	2	CCSBORF0	3AT	1	209G>A	0	NC_000023.11:47629541:C:T	CCSBVarC017089	ENSP00000380189.3:p.Gly70Glu	CFP	ENSG00000126759	empty_AD
HsVcPPILacVa2rdo	CCSBORF7637	2	CCSBORF0	3AT	1	28C>G	0	NC_000023.11:47629816:G:C	CCSBVarC017093	ENSP00000380189.3:p.Arg10Gly	CFP	ENSG00000126759	empty_AD
HsVcPPILacVa2rdo	CCSBORF7637	2	CCSBORF0	3AT	1	298C>T	1	NC_000023.11:47628206:G:A	CCSBVarC001211	ENSP00000380189.3:p.Arg100Trp	CFP	ENSG00000126759	empty_AD
HsVcPPILacVa2rdo	CCSBORF7637	2	CCSBORF0	3AT	1	313G>A	0	NC_000023.11:47628191:C:T	CCSBVarC017097	ENSP00000380189.3:p.Val105Met	CFP	ENSG00000126759	empty_AD
HsVcPPILacVa2rdo	CCSBORF7637	2	CCSBORF0	3AT	1	391C>G	0	NC_000023.11:47628113:G:C	CCSBVarC017101	ENSP00000380189.3:p.Gln131Glu	CFP	ENSG00000126759	empty_AD
HsVcPPILacVa2rdo	CCSBORF7637	2	CCSBORF0	3AT	1	44C>T	0	NC_000023.11:47629800:G:A	CCSBVarC017105	ENSP00000380189.3:p.Pro15Leu	CFP	ENSG00000126759	empty_AD
HsVcPPILacVa2rdo	CCSBORF7637	2	CCSBORF0	3AT	1	470G>A	0	NC_000023.11:47627574:C:T	CCSBVarC017120	ENSP00000380189.3:p.Arg157Gln	CFP	ENSG00000126759	empty_AD
HsVcPPILacVa2rdo	CCSBORF7637	2	CCSBORF0	3AT	1	580G>A	0	NC_000023.11:47627326:C:T	CCSBVarC017124	ENSP00000380189.3:p.Gly194Arg	CFP	ENSG00000126759	empty_AD
HsVcPPILacVa2rdo	CCSBORF7637	2	CCSBORF0	3AT	1	611C>T	0	NC_000023.11:47627295:G:A	CCSBVarC010163	ENSP00000380189.3:p.Pro204Leu	CFP	ENSG00000126759	empty_AD
HsVcPPILacVa2rdo	CCSBORF7637	2	CCSBORF0	3AT	1	665G>A	0	NC_000023.11:47627241:C:T	CCSBVarC017128	ENSP00000380189.3:p.Arg222His	CFP	ENSG00000126759	empty_AD
HsVcPPILacVa2rdo	CCSBORF7637	2	CCSBORF0	3AT	1	716C>T	0	NC_000023.11:47627190:G:A	CCSBVarC017132	ENSP00000380189.3:p.Pro239Leu	CFP	ENSG00000126759	empty_AD
HsVcPPILacVa2rdo	CCSBORF7637	2	CCSBORF0	3AT	1	748G>A	1	NC_000023.11:47627158:C:T	CCSBVarC008473	ENSP00000380189.3:p.Gly250Ser	CFP	ENSG00000126759	empty_AD
HsVcPPILacVa2rdo	CCSBORF7637	2	CCSBORF0	3AT	1	769G>A	0	NC_000023.11:47626943:C:T	CCSBVarC017135	ENSP00000380189.3:p.Ala257Thr	CFP	ENSG00000126759	empty_AD
HsVcPPILacVa2rdo	CCSBORF7637	2	CCSBORF0	3AT	1	88G>A	0	NC_000023.11:47629662:C:T	CCSBVarC017139	ENSP00000380189.3:p.Val30Met	CFP	ENSG00000126759	empty_AD
HsVcPPILacVa2rdo	CCSBORF7637	2	CCSBORF0	3AT	1	893G>T	0	NC_000023.11:47626819:C:A	CCSBVarC010172	ENSP00000380189.3:p.Gly298Val	CFP	ENSG00000126759	empty_AD
HsVcPPILacVa2rdo	CCSBORF71077	1	CCSBORF6490	3AT	1	REF	530	NULL	NULL	NULL	IMPDH1	ENSG00000106348	PIAS2
HsVcPPILacVa2rdo	CCSBORF71077	1	CCSBORF6490	3AT	1	1184C>G	2	NC_000007.14:128395243:G:C	CCSBVarC017170	ENSP00000265385.8:p.Ala395Gly	IMPDH1	ENSG00000106348	PIAS2
HsVcPPILacVa2rdo	CCSBORF71077	1	CCSBORF6490	3AT	1	1262A>C	0	NC_000007.14:128395165:T:G	CCSBVarC002717	ENSP00000265385.8:p.His421Pro	IMPDH1	ENSG00000106348	PIAS2
HsVcPPILacVa2rdo	CCSBORF71077	1	CCSBORF6490	3AT	1	1321G>A	10	NC_000007.14:128395009:C:T	CCSBVarC017176	ENSP00000265385.8:p.Ala441Thr	IMPDH1	ENSG00000106348	PIAS2
HsVcPPILacVa2rdo	CCSBORF71077	1	CCSBORF6490	3AT	1	1381C>T	7	NC_000007.14:128394949:G:A	CCSBVarC017182	ENSP00000265385.8:p.Arg461Trp	IMPDH1	ENSG00000106348	PIAS2
HsVcPPILacVa2rdo	CCSBORF71077	1	CCSBORF6490	3AT	1	1451A>C	779	NC_000007.14:128394590:T:G	CCSBVarC017187	ENSP00000265385.8:p.Asp484Ala	IMPDH1	ENSG00000106348	PIAS2
HsVcPPILacVa2rdo	CCSBORF71077	1	CCSBORF6490	3AT	1	1490A>G	4	NC_000007.14:128394551:T:C	CCSBVarC017189	ENSP00000265385.8:p.Gln497Arg	IMPDH1	ENSG00000106348	PIAS2
HsVcPPILacVa2rdo	CCSBORF71077	1	CCSBORF6490	3AT	1	1622A>G	13	NC_000007.14:128394325:T:C	CCSBVarC017192	ENSP00000265385.8:p.Lys541Arg	IMPDH1	ENSG00000106348	PIAS2
HsVcPPILacVa2rdo	CCSBORF71077	1	CCSBORF6490	3AT	1	269T>C	17	NC_000007.14:128403730:A:G	CCSBVarC017194	ENSP00000265385.8:p.Phe90Ser	IMPDH1	ENSG00000106348	PIAS2
HsVcPPILacVa2rdo	CCSBORF71077	1	CCSBORF6490	3AT	1	352C>G	15	NC_000007.14:128401058:G:C	CCSBVarC017196	ENSP00000265385.8:p.Pro118Ala	IMPDH1	ENSG00000106348	PIAS2
HsVcPPILacVa2rdo	CCSBORF71077	1	CCSBORF6490	3AT	1	376G>A	5	NC_000007.14:128401034:C:T	CCSBVarC017198	ENSP00000265385.8:p.Asp126Asn	IMPDH1	ENSG00000106348	PIAS2
HsVcPPILacVa2rdo	CCSBORF71077	1	CCSBORF6490	3AT	1	474G>C	8	NC_000007.14:128400536:C:G	CCSBVarC016389	ENSP00000265385.8:p.Lys158Asn	IMPDH1	ENSG00000106348	PIAS2
HsVcPPILacVa2rdo	CCSBORF71077	1	CCSBORF6490	3AT	1	526G>A	4046	NC_000007.14:128400484:C:T	CCSBVarC016393	ENSP00000265385.8:p.Val176Met	IMPDH1	ENSG00000106348	PIAS2
HsVcPPILacVa2rdo	CCSBORF71077	1	CCSBORF6490	3AT	1	620T>C	4441	NC_000007.14:128400390:A:G	CCSBVarC016409	ENSP00000265385.8:p.Val207Ala	IMPDH1	ENSG00000106348	PIAS2
HsVcPPILacVa2rdo	CCSBORF71077	1	CCSBORF6490	3AT	1	661A>G	12	NC_000007.14:128400349:T:C	CCSBVarC016415	ENSP00000265385.8:p.Thr221Ala	IMPDH1	ENSG00000106348	PIAS2
HsVcPPILacVa2rdo	CCSBORF71077	1	CCSBORF6490	3AT	1	71G>C	552	NC_000007.14:128409830:C:G	CCSBVarC016466	ENSP00000265385.8:p.Arg24Pro	IMPDH1	ENSG00000106348	PIAS2
HsVcPPILacVa2rdo	CCSBORF71077	1	CCSBORF6490	3AT	1	733G>C	121	NC_000007.14:128400127:C:G	CCSBVarC016492	ENSP00000265385.8:p.Glu245Gln	IMPDH1	ENSG00000106348	PIAS2
HsVcPPILacVa2rdo	CCSBORF71077	1	CCSBORF6490	3AT	1	741T>G	7	NC_000007.14:128400119:A:C	CCSBVarC016502	ENSP00000265385.8:p.Asn247Lys	IMPDH1	ENSG00000106348	PIAS2
HsVcPPILacVa2rdo	CCSBORF71077	1	CCSBORF6490	3AT	1	817C>T	2	NC_000007.14:128398562:G:A	CCSBVarC016506	ENSP00000265385.8:p.Arg273Cys	IMPDH1	ENSG00000106348	PIAS2
HsVcPPILacVa2rdo	CCSBORF71077	1	CCSBORF6490	3AT	1	823G>A	7	NC_000007.14:128398556:C:T	CCSBVarC002715	ENSP00000265385.8:p.Asp275Asn	IMPDH1	ENSG00000106348	PIAS2
HsVcPPILacVa2rdo	CCSBORF71077	1	CCSBORF6490	3AT	1	824A>G	180	NC_000007.14:128398555:T:C	CCSBVarC016510	ENSP00000265385.8:p.Asp275Gly	IMPDH1	ENSG00000106348	PIAS2
HsVcPPILacVa2rdo	CCSBORF71077	1	CCSBORF6490	3AT	1	851T>C	2	NC_000007.14:128398528:A:G	CCSBVarC016515	ENSP00000265385.8:p.Leu284Pro	IMPDH1	ENSG00000106348	PIAS2
HsVcPPILacVa2rdo	CCSBORF71077	1	CCSBORF6490	3AT	1	860A>G	12	NC_000007.14:128398519:T:C	CCSBVarC016524	ENSP00000265385.8:p.Lys287Arg	IMPDH1	ENSG00000106348	PIAS2
HsVcPPILacVa2rdo	CCSBORF71077	1	CCSBORF6490	3AT	1	884G>C	19	NC_000007.14:128398495:C:G	CCSBVarC016594	ENSP00000265385.8:p.Cys295Ser	IMPDH1	ENSG00000106348	PIAS2
HsVcPPILacVa2rdo	CCSBORF7866	1	CCSBORF2680	3AT	1	REF	764	NULL	NULL	NULL	EFHC1	ENSG00000096093	RNF125
HsVcPPILacVa2rdo	CCSBORF7866	1	CCSBORF2680	3AT	1	1180G>T	7	NC_000006.12:52469374:G:T	CCSBVarC001266	ENSP00000360107.4:p.Ala394Ser	EFHC1	ENSG00000096093	RNF125
HsVcPPILacVa2rdo	CCSBORF7866	1	CCSBORF2680	3AT	1	1343T>C	218	NC_000006.12:52479100:T:C	CCSBVarC002921	ENSP00000360107.4:p.Met448Thr	EFHC1	ENSG00000096093	RNF125
HsVcPPILacVa2rdo	CCSBORF7866	1	CCSBORF2680	3AT	1	1523C>G	169	NC_000006.12:52479669:C:G	CCSBVarC001267	ENSP00000360107.4:p.Thr508Arg	EFHC1	ENSG00000096093	RNF125
HsVcPPILacVa2rdo	CCSBORF7866	1	CCSBORF2680	3AT	1	1820A>G	59	NC_000006.12:52490318:A:G	CCSBVarC017141	ENSP00000360107.4:p.Asn607Ser	EFHC1	ENSG00000096093	RNF125
HsVcPPILacVa2rdo	CCSBORF7866	1	CCSBORF2680	3AT	1	229C>A	16	NC_000006.12:52424110:C:A	CCSBVarC001264	ENSP00000360107.4:p.Pro77Thr	EFHC1	ENSG00000096093	RNF125
HsVcPPILacVa2rdo	CCSBORF7866	1	CCSBORF2680	3AT	1	475C>G	55	NC_000006.12:52438492:C:G	CCSBVarC017143	ENSP00000360107.4:p.Arg159Gly	EFHC1	ENSG00000096093	RNF125
HsVcPPILacVa2rdo	CCSBORF7866	1	CCSBORF2680	3AT	1	475C>T	3522	NC_000006.12:52438492:C:T	CCSBVarC002919	ENSP00000360107.4:p.Arg159Trp	EFHC1	ENSG00000096093	RNF125
HsVcPPILacVa2rdo	CCSBORF7866	1	CCSBORF2680	3AT	1	520A>G	3247	NC_000006.12:52438537:A:G	CCSBVarC003446	ENSP00000360107.4:p.Ile174Val	EFHC1	ENSG00000096093	RNF125
HsVcPPILacVa2rdo	CCSBORF7866	1	CCSBORF2680	3AT	1	628G>A	126	NC_000006.12:52452741:G:A	CCSBVarC003447	ENSP00000360107.4:p.Asp210Asn	EFHC1	ENSG00000096093	RNF125
HsVcPPILacVa2rdo	CCSBORF7866	1	CCSBORF2680	3AT	1	662G>A	46	NC_000006.12:52452775:G:A	CCSBVarC001265	ENSP00000360107.4:p.Arg221His	EFHC1	ENSG00000096093	RNF125
HsVcPPILacVa2rdo	CCSBORF7866	1	CCSBORF2680	3AT	1	685T>C	18	NC_000006.12:52452798:T:C	CCSBVarC003448	ENSP00000360107.4:p.Phe229Leu	EFHC1	ENSG00000096093	RNF125
HsVcPPILacVa2rdo	CCSBORF7866	1	CCSBORF2680	3AT	1	757G>T	3	NC_000006.12:52454127:G:T	CCSBVarC003449	ENSP00000360107.4:p.Asp253Tyr	EFHC1	ENSG00000096093	RNF125
HsVcPPILacVa2rdo	CCSBORF7866	1	CCSBORF2680	3AT	1	776G>A	2	NC_000006.12:52454146:G:A	CCSBVarC003450	ENSP00000360107.4:p.Cys259Tyr	EFHC1	ENSG00000096093	RNF125
HsVcPPILacVa2rdo	CCSBORF1231	1	CCSBORF56106	3AT	1	REF	2	NULL	NULL	NULL	AQP1	ENSG00000240583	KRTAP4-2
HsVcPPILacVa2rdo	CCSBORF1231	1	CCSBORF56106	3AT	1	113C>T	1	NC_000007.14:30912021:C:T	CCSBVarC000137	ENSP00000311165.4:p.Pro38Leu	AQP1	ENSG00000240583	KRTAP4-2
HsVcPPILacVa2rdo	CCSBORF1231	1	CCSBORF56106	3AT	1	140A>G	2	NC_000007.14:30912048:A:G	CCSBVarC000138	ENSP00000311165.4:p.Gln47Arg	AQP1	ENSG00000240583	KRTAP4-2
HsVcPPILacVa2rdo	CCSBORF1231	1	CCSBORF56106	3AT	1	319G>A	0	NC_000007.14:30912227:G:A	CCSBVarC015066	ENSP00000311165.4:p.Val107Ile	AQP1	ENSG00000240583	KRTAP4-2
HsVcPPILacVa2rdo	CCSBORF1231	1	CCSBORF56106	3AT	1	320T>G	0	NC_000007.14:30912228:T:G	CCSBVarC015069	ENSP00000311165.4:p.Val107Gly	AQP1	ENSG00000240583	KRTAP4-2
HsVcPPILacVa2rdo	CCSBORF1231	1	CCSBORF56106	3AT	1	494G>A	1	NC_000007.14:30922174:G:A	CCSBVarC015072	ENSP00000311165.4:p.Gly165Asp	AQP1	ENSG00000240583	KRTAP4-2
HsVcPPILacVa2rdo	CCSBORF1231	1	CCSBORF56106	3AT	1	576C>A	2	NC_000007.14:30922589:C:A	CCSBVarC000139	ENSP00000311165.4:p.Asn192Lys	AQP1	ENSG00000240583	KRTAP4-2
HsVcPPILacVa2rdo	CCSBORF11374	2	CCSBORF5498	3AT	1	REF	6227	NULL	NULL	NULL	RP2	ENSG00000102218	OSTF1
HsVcPPILacVa2rdo	CCSBORF11374	2	CCSBORF5498	3AT	1	1046G>C	153	NC_000023.11:46879761:G:C	CCSBVarC014902	ENSP00000218340.3:p.Gly349Ala	RP2	ENSG00000102218	OSTF1
HsVcPPILacVa2rdo	CCSBORF11374	2	CCSBORF5498	3AT	1	122T>C	32	NC_000023.11:46853494:T:C	CCSBVarC014908	ENSP00000218340.3:p.Met41Thr	RP2	ENSG00000102218	OSTF1
HsVcPPILacVa2rdo	CCSBORF11374	2	CCSBORF5498	3AT	1	226G>T	4658	NC_000023.11:46853598:G:T	CCSBVarC014921	ENSP00000218340.3:p.Asp76Tyr	RP2	ENSG00000102218	OSTF1
HsVcPPILacVa2rdo	CCSBORF11374	2	CCSBORF5498	3AT	1	260C>T	62	NC_000023.11:46853632:C:T	CCSBVarC011436	ENSP00000218340.3:p.Thr87Ile	RP2	ENSG00000102218	OSTF1
HsVcPPILacVa2rdo	CCSBORF11374	2	CCSBORF5498	3AT	1	280G>C	54	NC_000023.11:46853652:G:C	CCSBVarC014952	ENSP00000218340.3:p.Gly94Arg	RP2	ENSG00000102218	OSTF1
HsVcPPILacVa2rdo	CCSBORF11374	2	CCSBORF5498	3AT	1	284C>T	79	NC_000023.11:46853656:C:T	CCSBVarC011462	ENSP00000218340.3:p.Pro95Leu	RP2	ENSG00000102218	OSTF1
HsVcPPILacVa2rdo	CCSBORF11374	2	CCSBORF5498	3AT	1	352C>T	70	NC_000023.11:46853724:C:T	CCSBVarC011442	ENSP00000218340.3:p.Arg118Cys	RP2	ENSG00000102218	OSTF1
HsVcPPILacVa2rdo	CCSBORF11374	2	CCSBORF5498	3AT	1	353G>A	140	NC_000023.11:46853725:G:A	CCSBVarC001707	ENSP00000218340.3:p.Arg118His	RP2	ENSG00000102218	OSTF1
HsVcPPILacVa2rdo	CCSBORF11374	2	CCSBORF5498	3AT	1	353G>T	9	NC_000023.11:46853725:G:T	CCSBVarC005281	ENSP00000218340.3:p.Arg118Leu	RP2	ENSG00000102218	OSTF1
HsVcPPILacVa2rdo	CCSBORF11374	2	CCSBORF5498	3AT	1	401A>G	85	NC_000023.11:46853773:A:G	CCSBVarC014964	ENSP00000218340.3:p.Gln134Arg	RP2	ENSG00000102218	OSTF1
HsVcPPILacVa2rdo	CCSBORF11374	2	CCSBORF5498	3AT	1	49C>T	17	NC_000023.11:46837148:C:T	CCSBVarC014978	ENSP00000218340.3:p.Pro17Ser	RP2	ENSG00000102218	OSTF1
HsVcPPILacVa2rdo	CCSBORF11374	2	CCSBORF5498	3AT	1	601A>G	277	NC_000023.11:46853973:A:G	CCSBVarC011432	ENSP00000218340.3:p.Ile201Val	RP2	ENSG00000102218	OSTF1
HsVcPPILacVa2rdo	CCSBORF11374	2	CCSBORF5498	3AT	1	628G>A	16041	NC_000023.11:46854000:G:A	CCSBVarC014986	ENSP00000218340.3:p.Val210Ile	RP2	ENSG00000102218	OSTF1
HsVcPPILacVa2rdo	CCSBORF11374	2	CCSBORF5498	3AT	1	667A>G	16	NC_000023.11:46854039:A:G	CCSBVarC014996	ENSP00000218340.3:p.Ile223Val	RP2	ENSG00000102218	OSTF1
HsVcPPILacVa2rdo	CCSBORF11374	2	CCSBORF5498	3AT	1	768G>C	9035	NC_000023.11:46854140:G:C	CCSBVarC015005	ENSP00000218340.3:p.Glu256Asp	RP2	ENSG00000102218	OSTF1
HsVcPPILacVa2rdo	CCSBORF11374	2	CCSBORF5498	3AT	1	782G>T	7	NC_000023.11:46860000:G:T	CCSBVarC015014	ENSP00000218340.3:p.Gly261Val	RP2	ENSG00000102218	OSTF1
HsVcPPILacVa2rdo	CCSBORF11374	2	CCSBORF5498	3AT	1	889G>C	29	NC_000023.11:46877509:G:C	CCSBVarC015023	ENSP00000218340.3:p.Val297Leu	RP2	ENSG00000102218	OSTF1
HsVcPPILacVa2rdo	CCSBORF11374	2	CCSBORF5498	3AT	1	8G>C	40	NC_000023.11:46837107:G:C	CCSBVarC011470	ENSP00000218340.3:p.Cys3Ser	RP2	ENSG00000102218	OSTF1
HsVcPPILacVa2rdo	CCSBORF11374	2	CCSBORF5498	3AT	1	959A>G	7	NC_000023.11:46877579:A:G	CCSBVarC011424	ENSP00000218340.3:p.Asn320Ser	RP2	ENSG00000102218	OSTF1
HsVcPPILacVa2rdo	CCSBORF11374	2	CCSBORF5498	3AT	1	970A>G	11	NC_000023.11:46879685:A:G	CCSBVarC015035	ENSP00000218340.3:p.Met324Val	RP2	ENSG00000102218	OSTF1
HsVcPPILacVa2rdo	CCSBORF7637	1	CCSBORF100014733	3AT	1	REF	2201	NULL	NULL	NULL	CFP	ENSG00000126759	KRTAP6-2
HsVcPPILacVa2rdo	CCSBORF7637	1	CCSBORF100014733	3AT	1	1076G>A	19	NC_000023.11:47626383:C:T	CCSBVarC017055	ENSP00000380189.3:p.Arg359Gln	CFP	ENSG00000126759	KRTAP6-2
HsVcPPILacVa2rdo	CCSBORF7637	1	CCSBORF100014733	3AT	1	1180C>T	708	NC_000023.11:47626121:G:A	CCSBVarC017072	ENSP00000380189.3:p.Pro394Ser	CFP	ENSG00000126759	KRTAP6-2
HsVcPPILacVa2rdo	CCSBORF7637	1	CCSBORF100014733	3AT	1	1205C>G	2497	NC_000023.11:47626096:G:C	CCSBVarC017075	ENSP00000380189.3:p.Ala402Gly	CFP	ENSG00000126759	KRTAP6-2
HsVcPPILacVa2rdo	CCSBORF7637	1	CCSBORF100014733	3AT	1	121G>A	719	NC_000023.11:47629629:C:T	CCSBVarC010168	ENSP00000380189.3:p.Gly41Ser	CFP	ENSG00000126759	KRTAP6-2
HsVcPPILacVa2rdo	CCSBORF7637	1	CCSBORF100014733	3AT	1	1237A>G	1265	NC_000023.11:47626064:T:C	CCSBVarC017079	ENSP00000380189.3:p.Lys413Glu	CFP	ENSG00000126759	KRTAP6-2
HsVcPPILacVa2rdo	CCSBORF7637	1	CCSBORF100014733	3AT	1	1240T>G	146	NC_000023.11:47626061:A:C	CCSBVarC004314	ENSP00000380189.3:p.Tyr414Asp	CFP	ENSG00000126759	KRTAP6-2
HsVcPPILacVa2rdo	CCSBORF7637	1	CCSBORF100014733	3AT	1	1301G>C	947	NC_000023.11:47624383:C:G	CCSBVarC017083	ENSP00000380189.3:p.Arg434Thr	CFP	ENSG00000126759	KRTAP6-2
HsVcPPILacVa2rdo	CCSBORF7637	1	CCSBORF100014733	3AT	1	1369C>T	1730	NC_000023.11:47624315:G:A	CCSBVarC017087	ENSP00000380189.3:p.His457Tyr	CFP	ENSG00000126759	KRTAP6-2
HsVcPPILacVa2rdo	CCSBORF7637	1	CCSBORF100014733	3AT	1	232C>G	4446	NC_000023.11:47628272:G:C	CCSBVarC017091	ENSP00000380189.3:p.Pro78Ala	CFP	ENSG00000126759	KRTAP6-2
HsVcPPILacVa2rdo	CCSBORF7637	1	CCSBORF100014733	3AT	1	236G>A	104	NC_000023.11:47628268:C:T	CCSBVarC010162	ENSP00000380189.3:p.Arg79Gln	CFP	ENSG00000126759	KRTAP6-2
HsVcPPILacVa2rdo	CCSBORF7637	1	CCSBORF100014733	3AT	1	308G>A	104	NC_000023.11:47628196:C:T	CCSBVarC017095	ENSP00000380189.3:p.Arg103His	CFP	ENSG00000126759	KRTAP6-2
HsVcPPILacVa2rdo	CCSBORF7637	1	CCSBORF100014733	3AT	1	343G>T	2545	NC_000023.11:47628161:C:A	CCSBVarC017099	ENSP00000380189.3:p.Val115Leu	CFP	ENSG00000126759	KRTAP6-2
HsVcPPILacVa2rdo	CCSBORF7637	1	CCSBORF100014733	3AT	1	412G>A	30	NC_000023.11:47627632:C:T	CCSBVarC017103	ENSP00000380189.3:p.Gly138Ser	CFP	ENSG00000126759	KRTAP6-2
HsVcPPILacVa2rdo	CCSBORF7637	1	CCSBORF100014733	3AT	1	469C>T	75	NC_000023.11:47627575:G:A	CCSBVarC017107	ENSP00000380189.3:p.Arg157Trp	CFP	ENSG00000126759	KRTAP6-2
HsVcPPILacVa2rdo	CCSBORF7637	1	CCSBORF100014733	3AT	1	482G>A	33	NC_000023.11:47627562:C:T	CCSBVarC017122	ENSP00000380189.3:p.Arg161Gln	CFP	ENSG00000126759	KRTAP6-2
HsVcPPILacVa2rdo	CCSBORF7637	1	CCSBORF100014733	3AT	1	643G>A	77	NC_000023.11:47627263:C:T	CCSBVarC017126	ENSP00000380189.3:p.Glu215Lys	CFP	ENSG00000126759	KRTAP6-2
HsVcPPILacVa2rdo	CCSBORF7637	1	CCSBORF100014733	3AT	1	709C>T	14	NC_000023.11:47627197:G:A	CCSBVarC017130	ENSP00000380189.3:p.Pro237Ser	CFP	ENSG00000126759	KRTAP6-2
HsVcPPILacVa2rdo	CCSBORF7637	1	CCSBORF100014733	3AT	1	739A>T	1079	NC_000023.11:47627167:T:A	CCSBVarC017134	ENSP00000380189.3:p.Arg247Trp	CFP	ENSG00000126759	KRTAP6-2
HsVcPPILacVa2rdo	CCSBORF7637	1	CCSBORF100014733	3AT	1	865C>T	3459	NC_000023.11:47626847:G:A	CCSBVarC017137	ENSP00000380189.3:p.Pro289Ser	CFP	ENSG00000126759	KRTAP6-2
HsVcPPILacVa2rdo	CCSBORF7637	1	CCSBORF100014733	3AT	1	895G>A	138	NC_000023.11:47626817:C:T	CCSBVarC010164	ENSP00000380189.3:p.Asp299Asn	CFP	ENSG00000126759	KRTAP6-2
HsVcPPILacVa2rdo	CCSBORF7637	1	CCSBORF100014733	3AT	1	961T>G	2664	NC_000023.11:47626498:A:C	CCSBVarC010175	ENSP00000380189.3:p.Trp321Gly	CFP	ENSG00000126759	KRTAP6-2
HsVcPPILacVa2rdo	CCSBORF7637	1	CCSBORF100014733	3AT	1	962G>C	19	NC_000023.11:47626497:C:G	CCSBVarC001212	ENSP00000380189.3:p.Trp321Ser	CFP	ENSG00000126759	KRTAP6-2
HsVcPPILacVa2rdo	CCSBORF71077	1	CCSBORF3068	3AT	1	REF	0	NULL	NULL	NULL	IMPDH1	ENSG00000106348	DDIT4L
HsVcPPILacVa2rdo	CCSBORF71077	1	CCSBORF3068	3AT	1	1184C>G	0	NC_000007.14:128395243:G:C	CCSBVarC017170	ENSP00000265385.8:p.Ala395Gly	IMPDH1	ENSG00000106348	DDIT4L
HsVcPPILacVa2rdo	CCSBORF71077	1	CCSBORF3068	3AT	1	1262A>C	0	NC_000007.14:128395165:T:G	CCSBVarC002717	ENSP00000265385.8:p.His421Pro	IMPDH1	ENSG00000106348	DDIT4L
HsVcPPILacVa2rdo	CCSBORF71077	1	CCSBORF3068	3AT	1	1321G>A	0	NC_000007.14:128395009:C:T	CCSBVarC017176	ENSP00000265385.8:p.Ala441Thr	IMPDH1	ENSG00000106348	DDIT4L
HsVcPPILacVa2rdo	CCSBORF71077	1	CCSBORF3068	3AT	1	1381C>T	0	NC_000007.14:128394949:G:A	CCSBVarC017182	ENSP00000265385.8:p.Arg461Trp	IMPDH1	ENSG00000106348	DDIT4L
HsVcPPILacVa2rdo	CCSBORF71077	1	CCSBORF3068	3AT	1	1451A>C	0	NC_000007.14:128394590:T:G	CCSBVarC017187	ENSP00000265385.8:p.Asp484Ala	IMPDH1	ENSG00000106348	DDIT4L
HsVcPPILacVa2rdo	CCSBORF71077	1	CCSBORF3068	3AT	1	1490A>G	0	NC_000007.14:128394551:T:C	CCSBVarC017189	ENSP00000265385.8:p.Gln497Arg	IMPDH1	ENSG00000106348	DDIT4L
HsVcPPILacVa2rdo	CCSBORF71077	1	CCSBORF3068	3AT	1	1622A>G	0	NC_000007.14:128394325:T:C	CCSBVarC017192	ENSP00000265385.8:p.Lys541Arg	IMPDH1	ENSG00000106348	DDIT4L
HsVcPPILacVa2rdo	CCSBORF71077	1	CCSBORF3068	3AT	1	269T>C	0	NC_000007.14:128403730:A:G	CCSBVarC017194	ENSP00000265385.8:p.Phe90Ser	IMPDH1	ENSG00000106348	DDIT4L
HsVcPPILacVa2rdo	CCSBORF71077	1	CCSBORF3068	3AT	1	352C>G	0	NC_000007.14:128401058:G:C	CCSBVarC017196	ENSP00000265385.8:p.Pro118Ala	IMPDH1	ENSG00000106348	DDIT4L
HsVcPPILacVa2rdo	CCSBORF71077	1	CCSBORF3068	3AT	1	376G>A	0	NC_000007.14:128401034:C:T	CCSBVarC017198	ENSP00000265385.8:p.Asp126Asn	IMPDH1	ENSG00000106348	DDIT4L
HsVcPPILacVa2rdo	CCSBORF71077	1	CCSBORF3068	3AT	1	474G>C	0	NC_000007.14:128400536:C:G	CCSBVarC016389	ENSP00000265385.8:p.Lys158Asn	IMPDH1	ENSG00000106348	DDIT4L
HsVcPPILacVa2rdo	CCSBORF71077	1	CCSBORF3068	3AT	1	526G>A	0	NC_000007.14:128400484:C:T	CCSBVarC016393	ENSP00000265385.8:p.Val176Met	IMPDH1	ENSG00000106348	DDIT4L
HsVcPPILacVa2rdo	CCSBORF71077	1	CCSBORF3068	3AT	1	620T>C	0	NC_000007.14:128400390:A:G	CCSBVarC016409	ENSP00000265385.8:p.Val207Ala	IMPDH1	ENSG00000106348	DDIT4L
HsVcPPILacVa2rdo	CCSBORF71077	1	CCSBORF3068	3AT	1	661A>G	0	NC_000007.14:128400349:T:C	CCSBVarC016415	ENSP00000265385.8:p.Thr221Ala	IMPDH1	ENSG00000106348	DDIT4L
HsVcPPILacVa2rdo	CCSBORF71077	1	CCSBORF3068	3AT	1	71G>C	0	NC_000007.14:128409830:C:G	CCSBVarC016466	ENSP00000265385.8:p.Arg24Pro	IMPDH1	ENSG00000106348	DDIT4L
HsVcPPILacVa2rdo	CCSBORF71077	1	CCSBORF3068	3AT	1	733G>C	0	NC_000007.14:128400127:C:G	CCSBVarC016492	ENSP00000265385.8:p.Glu245Gln	IMPDH1	ENSG00000106348	DDIT4L
HsVcPPILacVa2rdo	CCSBORF71077	1	CCSBORF3068	3AT	1	741T>G	0	NC_000007.14:128400119:A:C	CCSBVarC016502	ENSP00000265385.8:p.Asn247Lys	IMPDH1	ENSG00000106348	DDIT4L
HsVcPPILacVa2rdo	CCSBORF71077	1	CCSBORF3068	3AT	1	817C>T	0	NC_000007.14:128398562:G:A	CCSBVarC016506	ENSP00000265385.8:p.Arg273Cys	IMPDH1	ENSG00000106348	DDIT4L
HsVcPPILacVa2rdo	CCSBORF71077	1	CCSBORF3068	3AT	1	823G>A	0	NC_000007.14:128398556:C:T	CCSBVarC002715	ENSP00000265385.8:p.Asp275Asn	IMPDH1	ENSG00000106348	DDIT4L
HsVcPPILacVa2rdo	CCSBORF71077	1	CCSBORF3068	3AT	1	824A>G	0	NC_000007.14:128398555:T:C	CCSBVarC016510	ENSP00000265385.8:p.Asp275Gly	IMPDH1	ENSG00000106348	DDIT4L
HsVcPPILacVa2rdo	CCSBORF71077	1	CCSBORF3068	3AT	1	851T>C	0	NC_000007.14:128398528:A:G	CCSBVarC016515	ENSP00000265385.8:p.Leu284Pro	IMPDH1	ENSG00000106348	DDIT4L
HsVcPPILacVa2rdo	CCSBORF71077	1	CCSBORF3068	3AT	1	860A>G	0	NC_000007.14:128398519:T:C	CCSBVarC016524	ENSP00000265385.8:p.Lys287Arg	IMPDH1	ENSG00000106348	DDIT4L
HsVcPPILacVa2rdo	CCSBORF71077	1	CCSBORF3068	3AT	1	884G>C	0	NC_000007.14:128398495:C:G	CCSBVarC016594	ENSP00000265385.8:p.Cys295Ser	IMPDH1	ENSG00000106348	DDIT4L
HsVcPPILacVa2rdo	CCSBORF7866	1	CCSBORF1136	3AT	1	REF	659	NULL	NULL	NULL	EFHC1	ENSG00000096093	LMO2
HsVcPPILacVa2rdo	CCSBORF7866	1	CCSBORF1136	3AT	1	1180G>T	5	NC_000006.12:52469374:G:T	CCSBVarC001266	ENSP00000360107.4:p.Ala394Ser	EFHC1	ENSG00000096093	LMO2
HsVcPPILacVa2rdo	CCSBORF7866	1	CCSBORF1136	3AT	1	1343T>C	22	NC_000006.12:52479100:T:C	CCSBVarC002921	ENSP00000360107.4:p.Met448Thr	EFHC1	ENSG00000096093	LMO2
HsVcPPILacVa2rdo	CCSBORF7866	1	CCSBORF1136	3AT	1	1523C>G	528	NC_000006.12:52479669:C:G	CCSBVarC001267	ENSP00000360107.4:p.Thr508Arg	EFHC1	ENSG00000096093	LMO2
HsVcPPILacVa2rdo	CCSBORF7866	1	CCSBORF1136	3AT	1	1820A>G	8	NC_000006.12:52490318:A:G	CCSBVarC017141	ENSP00000360107.4:p.Asn607Ser	EFHC1	ENSG00000096093	LMO2
HsVcPPILacVa2rdo	CCSBORF7866	1	CCSBORF1136	3AT	1	229C>A	1084	NC_000006.12:52424110:C:A	CCSBVarC001264	ENSP00000360107.4:p.Pro77Thr	EFHC1	ENSG00000096093	LMO2
HsVcPPILacVa2rdo	CCSBORF7866	1	CCSBORF1136	3AT	1	475C>G	24	NC_000006.12:52438492:C:G	CCSBVarC017143	ENSP00000360107.4:p.Arg159Gly	EFHC1	ENSG00000096093	LMO2
HsVcPPILacVa2rdo	CCSBORF7866	1	CCSBORF1136	3AT	1	475C>T	2959	NC_000006.12:52438492:C:T	CCSBVarC002919	ENSP00000360107.4:p.Arg159Trp	EFHC1	ENSG00000096093	LMO2
HsVcPPILacVa2rdo	CCSBORF7866	1	CCSBORF1136	3AT	1	520A>G	1854	NC_000006.12:52438537:A:G	CCSBVarC003446	ENSP00000360107.4:p.Ile174Val	EFHC1	ENSG00000096093	LMO2
HsVcPPILacVa2rdo	CCSBORF7866	1	CCSBORF1136	3AT	1	628G>A	17	NC_000006.12:52452741:G:A	CCSBVarC003447	ENSP00000360107.4:p.Asp210Asn	EFHC1	ENSG00000096093	LMO2
HsVcPPILacVa2rdo	CCSBORF7866	1	CCSBORF1136	3AT	1	662G>A	2143	NC_000006.12:52452775:G:A	CCSBVarC001265	ENSP00000360107.4:p.Arg221His	EFHC1	ENSG00000096093	LMO2
HsVcPPILacVa2rdo	CCSBORF7866	1	CCSBORF1136	3AT	1	685T>C	20	NC_000006.12:52452798:T:C	CCSBVarC003448	ENSP00000360107.4:p.Phe229Leu	EFHC1	ENSG00000096093	LMO2
HsVcPPILacVa2rdo	CCSBORF7866	1	CCSBORF1136	3AT	1	757G>T	5	NC_000006.12:52454127:G:T	CCSBVarC003449	ENSP00000360107.4:p.Asp253Tyr	EFHC1	ENSG00000096093	LMO2
HsVcPPILacVa2rdo	CCSBORF7866	1	CCSBORF1136	3AT	1	776G>A	1	NC_000006.12:52454146:G:A	CCSBVarC003450	ENSP00000360107.4:p.Cys259Tyr	EFHC1	ENSG00000096093	LMO2
HsVcPPILacVa2rdo	CCSBORF1231	1	CCSBORF56717	3AT	1	REF	0	NULL	NULL	NULL	AQP1	ENSG00000240583	KRTAP10-8
HsVcPPILacVa2rdo	CCSBORF1231	1	CCSBORF56717	3AT	1	113C>T	0	NC_000007.14:30912021:C:T	CCSBVarC000137	ENSP00000311165.4:p.Pro38Leu	AQP1	ENSG00000240583	KRTAP10-8
HsVcPPILacVa2rdo	CCSBORF1231	1	CCSBORF56717	3AT	1	140A>G	0	NC_000007.14:30912048:A:G	CCSBVarC000138	ENSP00000311165.4:p.Gln47Arg	AQP1	ENSG00000240583	KRTAP10-8
HsVcPPILacVa2rdo	CCSBORF1231	1	CCSBORF56717	3AT	1	319G>A	0	NC_000007.14:30912227:G:A	CCSBVarC015066	ENSP00000311165.4:p.Val107Ile	AQP1	ENSG00000240583	KRTAP10-8
HsVcPPILacVa2rdo	CCSBORF1231	1	CCSBORF56717	3AT	1	320T>G	0	NC_000007.14:30912228:T:G	CCSBVarC015069	ENSP00000311165.4:p.Val107Gly	AQP1	ENSG00000240583	KRTAP10-8
HsVcPPILacVa2rdo	CCSBORF1231	1	CCSBORF56717	3AT	1	494G>A	0	NC_000007.14:30922174:G:A	CCSBVarC015072	ENSP00000311165.4:p.Gly165Asp	AQP1	ENSG00000240583	KRTAP10-8
HsVcPPILacVa2rdo	CCSBORF1231	1	CCSBORF56717	3AT	1	576C>A	0	NC_000007.14:30922589:C:A	CCSBVarC000139	ENSP00000311165.4:p.Asn192Lys	AQP1	ENSG00000240583	KRTAP10-8
HsVcPPILacVa2rdo	CCSBORF11374	2	CCSBORF0	3AT	1	REF	0	NULL	NULL	NULL	RP2	ENSG00000102218	empty_AD
HsVcPPILacVa2rdo	CCSBORF11374	2	CCSBORF0	3AT	1	1046G>C	0	NC_000023.11:46879761:G:C	CCSBVarC014902	ENSP00000218340.3:p.Gly349Ala	RP2	ENSG00000102218	empty_AD
HsVcPPILacVa2rdo	CCSBORF11374	2	CCSBORF0	3AT	1	122T>C	0	NC_000023.11:46853494:T:C	CCSBVarC014908	ENSP00000218340.3:p.Met41Thr	RP2	ENSG00000102218	empty_AD
HsVcPPILacVa2rdo	CCSBORF11374	2	CCSBORF0	3AT	1	226G>T	0	NC_000023.11:46853598:G:T	CCSBVarC014921	ENSP00000218340.3:p.Asp76Tyr	RP2	ENSG00000102218	empty_AD
HsVcPPILacVa2rdo	CCSBORF11374	2	CCSBORF0	3AT	1	260C>T	0	NC_000023.11:46853632:C:T	CCSBVarC011436	ENSP00000218340.3:p.Thr87Ile	RP2	ENSG00000102218	empty_AD
HsVcPPILacVa2rdo	CCSBORF11374	2	CCSBORF0	3AT	1	280G>C	3	NC_000023.11:46853652:G:C	CCSBVarC014952	ENSP00000218340.3:p.Gly94Arg	RP2	ENSG00000102218	empty_AD
HsVcPPILacVa2rdo	CCSBORF11374	2	CCSBORF0	3AT	1	284C>T	0	NC_000023.11:46853656:C:T	CCSBVarC011462	ENSP00000218340.3:p.Pro95Leu	RP2	ENSG00000102218	empty_AD
HsVcPPILacVa2rdo	CCSBORF11374	2	CCSBORF0	3AT	1	352C>T	0	NC_000023.11:46853724:C:T	CCSBVarC011442	ENSP00000218340.3:p.Arg118Cys	RP2	ENSG00000102218	empty_AD
HsVcPPILacVa2rdo	CCSBORF11374	2	CCSBORF0	3AT	1	353G>A	0	NC_000023.11:46853725:G:A	CCSBVarC001707	ENSP00000218340.3:p.Arg118His	RP2	ENSG00000102218	empty_AD
HsVcPPILacVa2rdo	CCSBORF11374	2	CCSBORF0	3AT	1	353G>T	0	NC_000023.11:46853725:G:T	CCSBVarC005281	ENSP00000218340.3:p.Arg118Leu	RP2	ENSG00000102218	empty_AD
HsVcPPILacVa2rdo	CCSBORF11374	2	CCSBORF0	3AT	1	401A>G	0	NC_000023.11:46853773:A:G	CCSBVarC014964	ENSP00000218340.3:p.Gln134Arg	RP2	ENSG00000102218	empty_AD
HsVcPPILacVa2rdo	CCSBORF11374	2	CCSBORF0	3AT	1	49C>T	1	NC_000023.11:46837148:C:T	CCSBVarC014978	ENSP00000218340.3:p.Pro17Ser	RP2	ENSG00000102218	empty_AD
HsVcPPILacVa2rdo	CCSBORF11374	2	CCSBORF0	3AT	1	601A>G	0	NC_000023.11:46853973:A:G	CCSBVarC011432	ENSP00000218340.3:p.Ile201Val	RP2	ENSG00000102218	empty_AD
HsVcPPILacVa2rdo	CCSBORF11374	2	CCSBORF0	3AT	1	628G>A	1	NC_000023.11:46854000:G:A	CCSBVarC014986	ENSP00000218340.3:p.Val210Ile	RP2	ENSG00000102218	empty_AD
HsVcPPILacVa2rdo	CCSBORF11374	2	CCSBORF0	3AT	1	667A>G	0	NC_000023.11:46854039:A:G	CCSBVarC014996	ENSP00000218340.3:p.Ile223Val	RP2	ENSG00000102218	empty_AD
HsVcPPILacVa2rdo	CCSBORF11374	2	CCSBORF0	3AT	1	768G>C	0	NC_000023.11:46854140:G:C	CCSBVarC015005	ENSP00000218340.3:p.Glu256Asp	RP2	ENSG00000102218	empty_AD
HsVcPPILacVa2rdo	CCSBORF11374	2	CCSBORF0	3AT	1	782G>T	0	NC_000023.11:46860000:G:T	CCSBVarC015014	ENSP00000218340.3:p.Gly261Val	RP2	ENSG00000102218	empty_AD
HsVcPPILacVa2rdo	CCSBORF11374	2	CCSBORF0	3AT	1	889G>C	0	NC_000023.11:46877509:G:C	CCSBVarC015023	ENSP00000218340.3:p.Val297Leu	RP2	ENSG00000102218	empty_AD
HsVcPPILacVa2rdo	CCSBORF11374	2	CCSBORF0	3AT	1	8G>C	0	NC_000023.11:46837107:G:C	CCSBVarC011470	ENSP00000218340.3:p.Cys3Ser	RP2	ENSG00000102218	empty_AD
HsVcPPILacVa2rdo	CCSBORF11374	2	CCSBORF0	3AT	1	959A>G	0	NC_000023.11:46877579:A:G	CCSBVarC011424	ENSP00000218340.3:p.Asn320Ser	RP2	ENSG00000102218	empty_AD
HsVcPPILacVa2rdo	CCSBORF11374	2	CCSBORF0	3AT	1	970A>G	1	NC_000023.11:46879685:A:G	CCSBVarC015035	ENSP00000218340.3:p.Met324Val	RP2	ENSG00000102218	empty_AD
HsVcPPILacVa2rdo	CCSBORF7637	1	CCSBORF0	3AT	1	REF	0	NULL	NULL	NULL	CFP	ENSG00000126759	empty_AD
HsVcPPILacVa2rdo	CCSBORF7637	1	CCSBORF0	3AT	1	1076G>A	0	NC_000023.11:47626383:C:T	CCSBVarC017055	ENSP00000380189.3:p.Arg359Gln	CFP	ENSG00000126759	empty_AD
HsVcPPILacVa2rdo	CCSBORF7637	1	CCSBORF0	3AT	1	1180C>T	0	NC_000023.11:47626121:G:A	CCSBVarC017072	ENSP00000380189.3:p.Pro394Ser	CFP	ENSG00000126759	empty_AD
HsVcPPILacVa2rdo	CCSBORF7637	1	CCSBORF0	3AT	1	1205C>G	0	NC_000023.11:47626096:G:C	CCSBVarC017075	ENSP00000380189.3:p.Ala402Gly	CFP	ENSG00000126759	empty_AD
HsVcPPILacVa2rdo	CCSBORF7637	1	CCSBORF0	3AT	1	121G>A	0	NC_000023.11:47629629:C:T	CCSBVarC010168	ENSP00000380189.3:p.Gly41Ser	CFP	ENSG00000126759	empty_AD
HsVcPPILacVa2rdo	CCSBORF7637	1	CCSBORF0	3AT	1	1237A>G	0	NC_000023.11:47626064:T:C	CCSBVarC017079	ENSP00000380189.3:p.Lys413Glu	CFP	ENSG00000126759	empty_AD
HsVcPPILacVa2rdo	CCSBORF7637	1	CCSBORF0	3AT	1	1240T>G	0	NC_000023.11:47626061:A:C	CCSBVarC004314	ENSP00000380189.3:p.Tyr414Asp	CFP	ENSG00000126759	empty_AD
HsVcPPILacVa2rdo	CCSBORF7637	1	CCSBORF0	3AT	1	1301G>C	0	NC_000023.11:47624383:C:G	CCSBVarC017083	ENSP00000380189.3:p.Arg434Thr	CFP	ENSG00000126759	empty_AD
HsVcPPILacVa2rdo	CCSBORF7637	1	CCSBORF0	3AT	1	1369C>T	0	NC_000023.11:47624315:G:A	CCSBVarC017087	ENSP00000380189.3:p.His457Tyr	CFP	ENSG00000126759	empty_AD
HsVcPPILacVa2rdo	CCSBORF7637	1	CCSBORF0	3AT	1	232C>G	0	NC_000023.11:47628272:G:C	CCSBVarC017091	ENSP00000380189.3:p.Pro78Ala	CFP	ENSG00000126759	empty_AD
HsVcPPILacVa2rdo	CCSBORF7637	1	CCSBORF0	3AT	1	236G>A	0	NC_000023.11:47628268:C:T	CCSBVarC010162	ENSP00000380189.3:p.Arg79Gln	CFP	ENSG00000126759	empty_AD
HsVcPPILacVa2rdo	CCSBORF7637	1	CCSBORF0	3AT	1	308G>A	0	NC_000023.11:47628196:C:T	CCSBVarC017095	ENSP00000380189.3:p.Arg103His	CFP	ENSG00000126759	empty_AD
HsVcPPILacVa2rdo	CCSBORF7637	1	CCSBORF0	3AT	1	343G>T	0	NC_000023.11:47628161:C:A	CCSBVarC017099	ENSP00000380189.3:p.Val115Leu	CFP	ENSG00000126759	empty_AD
HsVcPPILacVa2rdo	CCSBORF7637	1	CCSBORF0	3AT	1	412G>A	0	NC_000023.11:47627632:C:T	CCSBVarC017103	ENSP00000380189.3:p.Gly138Ser	CFP	ENSG00000126759	empty_AD
HsVcPPILacVa2rdo	CCSBORF7637	1	CCSBORF0	3AT	1	469C>T	0	NC_000023.11:47627575:G:A	CCSBVarC017107	ENSP00000380189.3:p.Arg157Trp	CFP	ENSG00000126759	empty_AD
HsVcPPILacVa2rdo	CCSBORF7637	1	CCSBORF0	3AT	1	482G>A	0	NC_000023.11:47627562:C:T	CCSBVarC017122	ENSP00000380189.3:p.Arg161Gln	CFP	ENSG00000126759	empty_AD
HsVcPPILacVa2rdo	CCSBORF7637	1	CCSBORF0	3AT	1	643G>A	0	NC_000023.11:47627263:C:T	CCSBVarC017126	ENSP00000380189.3:p.Glu215Lys	CFP	ENSG00000126759	empty_AD
HsVcPPILacVa2rdo	CCSBORF7637	1	CCSBORF0	3AT	1	709C>T	0	NC_000023.11:47627197:G:A	CCSBVarC017130	ENSP00000380189.3:p.Pro237Ser	CFP	ENSG00000126759	empty_AD
HsVcPPILacVa2rdo	CCSBORF7637	1	CCSBORF0	3AT	1	739A>T	1	NC_000023.11:47627167:T:A	CCSBVarC017134	ENSP00000380189.3:p.Arg247Trp	CFP	ENSG00000126759	empty_AD
HsVcPPILacVa2rdo	CCSBORF7637	1	CCSBORF0	3AT	1	865C>T	0	NC_000023.11:47626847:G:A	CCSBVarC017137	ENSP00000380189.3:p.Pro289Ser	CFP	ENSG00000126759	empty_AD
HsVcPPILacVa2rdo	CCSBORF7637	1	CCSBORF0	3AT	1	895G>A	0	NC_000023.11:47626817:C:T	CCSBVarC010164	ENSP00000380189.3:p.Asp299Asn	CFP	ENSG00000126759	empty_AD
HsVcPPILacVa2rdo	CCSBORF7637	1	CCSBORF0	3AT	1	961T>G	0	NC_000023.11:47626498:A:C	CCSBVarC010175	ENSP00000380189.3:p.Trp321Gly	CFP	ENSG00000126759	empty_AD
HsVcPPILacVa2rdo	CCSBORF7637	1	CCSBORF0	3AT	1	962G>C	0	NC_000023.11:47626497:C:G	CCSBVarC001212	ENSP00000380189.3:p.Trp321Ser	CFP	ENSG00000126759	empty_AD
HsVcPPILacVa2rdo	CCSBORF71077	1	CCSBORF0	3AT	1	REF	0	NULL	NULL	NULL	IMPDH1	ENSG00000106348	empty_AD
HsVcPPILacVa2rdo	CCSBORF71077	1	CCSBORF0	3AT	1	1184C>G	0	NC_000007.14:128395243:G:C	CCSBVarC017170	ENSP00000265385.8:p.Ala395Gly	IMPDH1	ENSG00000106348	empty_AD
HsVcPPILacVa2rdo	CCSBORF71077	1	CCSBORF0	3AT	1	1262A>C	0	NC_000007.14:128395165:T:G	CCSBVarC002717	ENSP00000265385.8:p.His421Pro	IMPDH1	ENSG00000106348	empty_AD
HsVcPPILacVa2rdo	CCSBORF71077	1	CCSBORF0	3AT	1	1321G>A	0	NC_000007.14:128395009:C:T	CCSBVarC017176	ENSP00000265385.8:p.Ala441Thr	IMPDH1	ENSG00000106348	empty_AD
HsVcPPILacVa2rdo	CCSBORF71077	1	CCSBORF0	3AT	1	1381C>T	0	NC_000007.14:128394949:G:A	CCSBVarC017182	ENSP00000265385.8:p.Arg461Trp	IMPDH1	ENSG00000106348	empty_AD
HsVcPPILacVa2rdo	CCSBORF71077	1	CCSBORF0	3AT	1	1451A>C	0	NC_000007.14:128394590:T:G	CCSBVarC017187	ENSP00000265385.8:p.Asp484Ala	IMPDH1	ENSG00000106348	empty_AD
HsVcPPILacVa2rdo	CCSBORF71077	1	CCSBORF0	3AT	1	1490A>G	0	NC_000007.14:128394551:T:C	CCSBVarC017189	ENSP00000265385.8:p.Gln497Arg	IMPDH1	ENSG00000106348	empty_AD
HsVcPPILacVa2rdo	CCSBORF71077	1	CCSBORF0	3AT	1	1622A>G	0	NC_000007.14:128394325:T:C	CCSBVarC017192	ENSP00000265385.8:p.Lys541Arg	IMPDH1	ENSG00000106348	empty_AD
HsVcPPILacVa2rdo	CCSBORF71077	1	CCSBORF0	3AT	1	269T>C	0	NC_000007.14:128403730:A:G	CCSBVarC017194	ENSP00000265385.8:p.Phe90Ser	IMPDH1	ENSG00000106348	empty_AD
HsVcPPILacVa2rdo	CCSBORF71077	1	CCSBORF0	3AT	1	352C>G	0	NC_000007.14:128401058:G:C	CCSBVarC017196	ENSP00000265385.8:p.Pro118Ala	IMPDH1	ENSG00000106348	empty_AD
HsVcPPILacVa2rdo	CCSBORF71077	1	CCSBORF0	3AT	1	376G>A	0	NC_000007.14:128401034:C:T	CCSBVarC017198	ENSP00000265385.8:p.Asp126Asn	IMPDH1	ENSG00000106348	empty_AD
HsVcPPILacVa2rdo	CCSBORF71077	1	CCSBORF0	3AT	1	474G>C	0	NC_000007.14:128400536:C:G	CCSBVarC016389	ENSP00000265385.8:p.Lys158Asn	IMPDH1	ENSG00000106348	empty_AD
HsVcPPILacVa2rdo	CCSBORF71077	1	CCSBORF0	3AT	1	526G>A	1	NC_000007.14:128400484:C:T	CCSBVarC016393	ENSP00000265385.8:p.Val176Met	IMPDH1	ENSG00000106348	empty_AD
HsVcPPILacVa2rdo	CCSBORF71077	1	CCSBORF0	3AT	1	620T>C	0	NC_000007.14:128400390:A:G	CCSBVarC016409	ENSP00000265385.8:p.Val207Ala	IMPDH1	ENSG00000106348	empty_AD
HsVcPPILacVa2rdo	CCSBORF71077	1	CCSBORF0	3AT	1	661A>G	0	NC_000007.14:128400349:T:C	CCSBVarC016415	ENSP00000265385.8:p.Thr221Ala	IMPDH1	ENSG00000106348	empty_AD
HsVcPPILacVa2rdo	CCSBORF71077	1	CCSBORF0	3AT	1	71G>C	0	NC_000007.14:128409830:C:G	CCSBVarC016466	ENSP00000265385.8:p.Arg24Pro	IMPDH1	ENSG00000106348	empty_AD
HsVcPPILacVa2rdo	CCSBORF71077	1	CCSBORF0	3AT	1	733G>C	1	NC_000007.14:128400127:C:G	CCSBVarC016492	ENSP00000265385.8:p.Glu245Gln	IMPDH1	ENSG00000106348	empty_AD
HsVcPPILacVa2rdo	CCSBORF71077	1	CCSBORF0	3AT	1	741T>G	0	NC_000007.14:128400119:A:C	CCSBVarC016502	ENSP00000265385.8:p.Asn247Lys	IMPDH1	ENSG00000106348	empty_AD
HsVcPPILacVa2rdo	CCSBORF71077	1	CCSBORF0	3AT	1	817C>T	0	NC_000007.14:128398562:G:A	CCSBVarC016506	ENSP00000265385.8:p.Arg273Cys	IMPDH1	ENSG00000106348	empty_AD
HsVcPPILacVa2rdo	CCSBORF71077	1	CCSBORF0	3AT	1	823G>A	0	NC_000007.14:128398556:C:T	CCSBVarC002715	ENSP00000265385.8:p.Asp275Asn	IMPDH1	ENSG00000106348	empty_AD
HsVcPPILacVa2rdo	CCSBORF71077	1	CCSBORF0	3AT	1	824A>G	1	NC_000007.14:128398555:T:C	CCSBVarC016510	ENSP00000265385.8:p.Asp275Gly	IMPDH1	ENSG00000106348	empty_AD
HsVcPPILacVa2rdo	CCSBORF71077	1	CCSBORF0	3AT	1	851T>C	0	NC_000007.14:128398528:A:G	CCSBVarC016515	ENSP00000265385.8:p.Leu284Pro	IMPDH1	ENSG00000106348	empty_AD
HsVcPPILacVa2rdo	CCSBORF71077	1	CCSBORF0	3AT	1	860A>G	0	NC_000007.14:128398519:T:C	CCSBVarC016524	ENSP00000265385.8:p.Lys287Arg	IMPDH1	ENSG00000106348	empty_AD
HsVcPPILacVa2rdo	CCSBORF71077	1	CCSBORF0	3AT	1	884G>C	1	NC_000007.14:128398495:C:G	CCSBVarC016594	ENSP00000265385.8:p.Cys295Ser	IMPDH1	ENSG00000106348	empty_AD
HsVcPPILacVa2rdo	CCSBORF7866	1	CCSBORF4396	3AT	1	REF	266	NULL	NULL	NULL	EFHC1	ENSG00000096093	YJU2B
HsVcPPILacVa2rdo	CCSBORF7866	1	CCSBORF4396	3AT	1	1180G>T	1	NC_000006.12:52469374:G:T	CCSBVarC001266	ENSP00000360107.4:p.Ala394Ser	EFHC1	ENSG00000096093	YJU2B
HsVcPPILacVa2rdo	CCSBORF7866	1	CCSBORF4396	3AT	1	1343T>C	27	NC_000006.12:52479100:T:C	CCSBVarC002921	ENSP00000360107.4:p.Met448Thr	EFHC1	ENSG00000096093	YJU2B
HsVcPPILacVa2rdo	CCSBORF7866	1	CCSBORF4396	3AT	1	1523C>G	37	NC_000006.12:52479669:C:G	CCSBVarC001267	ENSP00000360107.4:p.Thr508Arg	EFHC1	ENSG00000096093	YJU2B
HsVcPPILacVa2rdo	CCSBORF7866	1	CCSBORF4396	3AT	1	1820A>G	9	NC_000006.12:52490318:A:G	CCSBVarC017141	ENSP00000360107.4:p.Asn607Ser	EFHC1	ENSG00000096093	YJU2B
HsVcPPILacVa2rdo	CCSBORF7866	1	CCSBORF4396	3AT	1	229C>A	65	NC_000006.12:52424110:C:A	CCSBVarC001264	ENSP00000360107.4:p.Pro77Thr	EFHC1	ENSG00000096093	YJU2B
HsVcPPILacVa2rdo	CCSBORF7866	1	CCSBORF4396	3AT	1	475C>G	24	NC_000006.12:52438492:C:G	CCSBVarC017143	ENSP00000360107.4:p.Arg159Gly	EFHC1	ENSG00000096093	YJU2B
HsVcPPILacVa2rdo	CCSBORF7866	1	CCSBORF4396	3AT	1	475C>T	8404	NC_000006.12:52438492:C:T	CCSBVarC002919	ENSP00000360107.4:p.Arg159Trp	EFHC1	ENSG00000096093	YJU2B
HsVcPPILacVa2rdo	CCSBORF7866	1	CCSBORF4396	3AT	1	520A>G	149	NC_000006.12:52438537:A:G	CCSBVarC003446	ENSP00000360107.4:p.Ile174Val	EFHC1	ENSG00000096093	YJU2B
HsVcPPILacVa2rdo	CCSBORF7866	1	CCSBORF4396	3AT	1	628G>A	6	NC_000006.12:52452741:G:A	CCSBVarC003447	ENSP00000360107.4:p.Asp210Asn	EFHC1	ENSG00000096093	YJU2B
HsVcPPILacVa2rdo	CCSBORF7866	1	CCSBORF4396	3AT	1	662G>A	8	NC_000006.12:52452775:G:A	CCSBVarC001265	ENSP00000360107.4:p.Arg221His	EFHC1	ENSG00000096093	YJU2B
HsVcPPILacVa2rdo	CCSBORF7866	1	CCSBORF4396	3AT	1	685T>C	8	NC_000006.12:52452798:T:C	CCSBVarC003448	ENSP00000360107.4:p.Phe229Leu	EFHC1	ENSG00000096093	YJU2B
HsVcPPILacVa2rdo	CCSBORF7866	1	CCSBORF4396	3AT	1	757G>T	4	NC_000006.12:52454127:G:T	CCSBVarC003449	ENSP00000360107.4:p.Asp253Tyr	EFHC1	ENSG00000096093	YJU2B
HsVcPPILacVa2rdo	CCSBORF7866	1	CCSBORF4396	3AT	1	776G>A	1	NC_000006.12:52454146:G:A	CCSBVarC003450	ENSP00000360107.4:p.Cys259Tyr	EFHC1	ENSG00000096093	YJU2B
HsVcPPILacVa2rdo	CCSBORF1231	1	CCSBORF13913	3AT	1	REF	3	NULL	NULL	NULL	AQP1	ENSG00000240583	SPRY3
HsVcPPILacVa2rdo	CCSBORF1231	1	CCSBORF13913	3AT	1	113C>T	0	NC_000007.14:30912021:C:T	CCSBVarC000137	ENSP00000311165.4:p.Pro38Leu	AQP1	ENSG00000240583	SPRY3
HsVcPPILacVa2rdo	CCSBORF1231	1	CCSBORF13913	3AT	1	140A>G	4	NC_000007.14:30912048:A:G	CCSBVarC000138	ENSP00000311165.4:p.Gln47Arg	AQP1	ENSG00000240583	SPRY3
HsVcPPILacVa2rdo	CCSBORF1231	1	CCSBORF13913	3AT	1	319G>A	1	NC_000007.14:30912227:G:A	CCSBVarC015066	ENSP00000311165.4:p.Val107Ile	AQP1	ENSG00000240583	SPRY3
HsVcPPILacVa2rdo	CCSBORF1231	1	CCSBORF13913	3AT	1	320T>G	1	NC_000007.14:30912228:T:G	CCSBVarC015069	ENSP00000311165.4:p.Val107Gly	AQP1	ENSG00000240583	SPRY3
HsVcPPILacVa2rdo	CCSBORF1231	1	CCSBORF13913	3AT	1	494G>A	0	NC_000007.14:30922174:G:A	CCSBVarC015072	ENSP00000311165.4:p.Gly165Asp	AQP1	ENSG00000240583	SPRY3
HsVcPPILacVa2rdo	CCSBORF1231	1	CCSBORF13913	3AT	1	576C>A	0	NC_000007.14:30922589:C:A	CCSBVarC000139	ENSP00000311165.4:p.Asn192Lys	AQP1	ENSG00000240583	SPRY3
HsVcPPILacVa2rdo	CCSBORF11374	3	CCSBORF5498	3AT	1	REF	4113	NULL	NULL	NULL	RP2	ENSG00000102218	OSTF1
HsVcPPILacVa2rdo	CCSBORF11374	3	CCSBORF5498	3AT	1	11T>G	17	NC_000023.11:46837110:T:G	CCSBVarC014903	ENSP00000218340.3:p.Phe4Cys	RP2	ENSG00000102218	OSTF1
HsVcPPILacVa2rdo	CCSBORF11374	3	CCSBORF5498	3AT	1	123G>A	1204	NC_000023.11:46853495:G:A	CCSBVarC011426	ENSP00000218340.3:p.Met41Ile	RP2	ENSG00000102218	OSTF1
HsVcPPILacVa2rdo	CCSBORF11374	3	CCSBORF5498	3AT	1	161C>T	15	NC_000023.11:46853533:C:T	CCSBVarC014914	ENSP00000218340.3:p.Pro54Leu	RP2	ENSG00000102218	OSTF1
HsVcPPILacVa2rdo	CCSBORF11374	3	CCSBORF5498	3AT	1	271A>C	6116	NC_000023.11:46853643:A:C	CCSBVarC014947	ENSP00000218340.3:p.Ile91Leu	RP2	ENSG00000102218	OSTF1
HsVcPPILacVa2rdo	CCSBORF11374	3	CCSBORF5498	3AT	1	2T>C	23	NC_000023.11:46837101:T:C	CCSBVarC011465	ENSP00000218340.3:p.Met1Thr	RP2	ENSG00000102218	OSTF1
HsVcPPILacVa2rdo	CCSBORF11374	3	CCSBORF5498	3AT	1	314G>A	85	NC_000023.11:46853686:G:A	CCSBVarC014958	ENSP00000218340.3:p.Cys105Tyr	RP2	ENSG00000102218	OSTF1
HsVcPPILacVa2rdo	CCSBORF11374	3	CCSBORF5498	3AT	1	365G>A	53	NC_000023.11:46853737:G:A	CCSBVarC011444	ENSP00000218340.3:p.Cys122Tyr	RP2	ENSG00000102218	OSTF1
HsVcPPILacVa2rdo	CCSBORF11374	3	CCSBORF5498	3AT	1	431A>G	390	NC_000023.11:46853803:A:G	CCSBVarC014972	ENSP00000218340.3:p.Lys144Arg	RP2	ENSG00000102218	OSTF1
HsVcPPILacVa2rdo	CCSBORF11374	3	CCSBORF5498	3AT	1	434T>C	3076	NC_000023.11:46853806:T:C	CCSBVarC011472	ENSP00000218340.3:p.Phe145Ser	RP2	ENSG00000102218	OSTF1
HsVcPPILacVa2rdo	CCSBORF11374	3	CCSBORF5498	3AT	1	535C>T	4118	NC_000023.11:46853907:C:T	CCSBVarC014982	ENSP00000218340.3:p.Pro179Ser	RP2	ENSG00000102218	OSTF1
HsVcPPILacVa2rdo	CCSBORF11374	3	CCSBORF5498	3AT	1	650A>G	6096	NC_000023.11:46854022:A:G	CCSBVarC014989	ENSP00000218340.3:p.Asn217Ser	RP2	ENSG00000102218	OSTF1
HsVcPPILacVa2rdo	CCSBORF11374	3	CCSBORF5498	3AT	1	68G>A	69	NC_000023.11:46837167:G:A	CCSBVarC014999	ENSP00000218340.3:p.Arg23Gln	RP2	ENSG00000102218	OSTF1
HsVcPPILacVa2rdo	CCSBORF11374	3	CCSBORF5498	3AT	1	758T>G	814	NC_000023.11:46854130:T:G	CCSBVarC001708	ENSP00000218340.3:p.Leu253Arg	RP2	ENSG00000102218	OSTF1
HsVcPPILacVa2rdo	CCSBORF11374	3	CCSBORF5498	3AT	1	771G>T	17	NC_000023.11:46859989:G:T	CCSBVarC015008	ENSP00000218340.3:p.Met257Ile	RP2	ENSG00000102218	OSTF1
HsVcPPILacVa2rdo	CCSBORF11374	3	CCSBORF5498	3AT	1	814A>G	136	NC_000023.11:46860032:A:G	CCSBVarC011438	ENSP00000218340.3:p.Met272Val	RP2	ENSG00000102218	OSTF1
HsVcPPILacVa2rdo	CCSBORF11374	3	CCSBORF5498	3AT	1	829G>A	5098	NC_000023.11:46860047:G:A	CCSBVarC015017	ENSP00000218340.3:p.Ala277Thr	RP2	ENSG00000102218	OSTF1
HsVcPPILacVa2rdo	CCSBORF11374	3	CCSBORF5498	3AT	1	895G>A	262	NC_000023.11:46877515:G:A	CCSBVarC011420	ENSP00000218340.3:p.Ala299Thr	RP2	ENSG00000102218	OSTF1
HsVcPPILacVa2rdo	CCSBORF11374	3	CCSBORF5498	3AT	1	917G>A	11	NC_000023.11:46877537:G:A	CCSBVarC015026	ENSP00000218340.3:p.Gly306Asp	RP2	ENSG00000102218	OSTF1
HsVcPPILacVa2rdo	CCSBORF11374	3	CCSBORF5498	3AT	1	949G>A	210	NC_000023.11:46877569:G:A	CCSBVarC011434	ENSP00000218340.3:p.Glu317Lys	RP2	ENSG00000102218	OSTF1
HsVcPPILacVa2rdo	CCSBORF71077	2	CCSBORF12685	3AT	1	REF	1253	NULL	NULL	NULL	IMPDH1	ENSG00000106348	RAD54L2
HsVcPPILacVa2rdo	CCSBORF71077	2	CCSBORF12685	3AT	1	112G>T	6	NC_000007.14:128409789:C:A	CCSBVarC017165	ENSP00000265385.8:p.Ala38Ser	IMPDH1	ENSG00000106348	RAD54L2
HsVcPPILacVa2rdo	CCSBORF71077	2	CCSBORF12685	3AT	1	130G>C	7	NC_000007.14:128409771:C:G	CCSBVarC017172	ENSP00000265385.8:p.Gly44Arg	IMPDH1	ENSG00000106348	RAD54L2
HsVcPPILacVa2rdo	CCSBORF71077	2	CCSBORF12685	3AT	1	1328C>T	5	NC_000007.14:128395002:G:A	CCSBVarC017180	ENSP00000265385.8:p.Thr443Met	IMPDH1	ENSG00000106348	RAD54L2
HsVcPPILacVa2rdo	CCSBORF71077	2	CCSBORF12685	3AT	1	1430A>C	22	NC_000007.14:128394900:T:G	CCSBVarC017184	ENSP00000265385.8:p.Lys477Thr	IMPDH1	ENSG00000106348	RAD54L2
HsVcPPILacVa2rdo	CCSBORF71077	2	CCSBORF12685	3AT	1	1481G>A	22	NC_000007.14:128394560:C:T	CCSBVarC017188	ENSP00000265385.8:p.Gly494Asp	IMPDH1	ENSG00000106348	RAD54L2
HsVcPPILacVa2rdo	CCSBORF71077	2	CCSBORF12685	3AT	1	1534G>A	435	NC_000007.14:128394507:C:T	CCSBVarC017191	ENSP00000265385.8:p.Gly512Ser	IMPDH1	ENSG00000106348	RAD54L2
HsVcPPILacVa2rdo	CCSBORF71077	2	CCSBORF12685	3AT	1	1658A>G	980	NC_000007.14:128394289:T:C	CCSBVarC017193	ENSP00000265385.8:p.His553Arg	IMPDH1	ENSG00000106348	RAD54L2
HsVcPPILacVa2rdo	CCSBORF71077	2	CCSBORF12685	3AT	1	326C>T	22	NC_000007.14:128401084:G:A	CCSBVarC017195	ENSP00000265385.8:p.Thr109Met	IMPDH1	ENSG00000106348	RAD54L2
HsVcPPILacVa2rdo	CCSBORF71077	2	CCSBORF12685	3AT	1	355A>G	9	NC_000007.14:128401055:T:C	CCSBVarC017197	ENSP00000265385.8:p.Met119Val	IMPDH1	ENSG00000106348	RAD54L2
HsVcPPILacVa2rdo	CCSBORF71077	2	CCSBORF12685	3AT	1	460C>T	26	NC_000007.14:128400827:G:A	CCSBVarC006915	ENSP00000265385.8:p.Arg154Trp	IMPDH1	ENSG00000106348	RAD54L2
HsVcPPILacVa2rdo	CCSBORF71077	2	CCSBORF12685	3AT	1	50C>G	8	NC_000007.14:128409851:G:C	CCSBVarC016391	ENSP00000265385.8:p.Ala17Gly	IMPDH1	ENSG00000106348	RAD54L2
HsVcPPILacVa2rdo	CCSBORF71077	2	CCSBORF12685	3AT	1	563T>C	85	NC_000007.14:128400447:A:G	CCSBVarC016396	ENSP00000265385.8:p.Phe188Ser	IMPDH1	ENSG00000106348	RAD54L2
HsVcPPILacVa2rdo	CCSBORF71077	2	CCSBORF12685	3AT	1	646G>T	6500	NC_000007.14:128400364:C:A	CCSBVarC016412	ENSP00000265385.8:p.Ala216Ser	IMPDH1	ENSG00000106348	RAD54L2
HsVcPPILacVa2rdo	CCSBORF71077	2	CCSBORF12685	3AT	1	70C>T	21	NC_000007.14:128409831:G:A	CCSBVarC016463	ENSP00000265385.8:p.Arg24Trp	IMPDH1	ENSG00000106348	RAD54L2
HsVcPPILacVa2rdo	CCSBORF71077	2	CCSBORF12685	3AT	1	725C>T	14	NC_000007.14:128400135:G:A	CCSBVarC016488	ENSP00000265385.8:p.Thr242Met	IMPDH1	ENSG00000106348	RAD54L2
HsVcPPILacVa2rdo	CCSBORF71077	2	CCSBORF12685	3AT	1	739A>C	9	NC_000007.14:128400121:T:G	CCSBVarC016495	ENSP00000265385.8:p.Asn247His	IMPDH1	ENSG00000106348	RAD54L2
HsVcPPILacVa2rdo	CCSBORF71077	2	CCSBORF12685	3AT	1	749T>C	13	NC_000007.14:128400111:A:G	CCSBVarC016504	ENSP00000265385.8:p.Leu250Pro	IMPDH1	ENSG00000106348	RAD54L2
HsVcPPILacVa2rdo	CCSBORF71077	2	CCSBORF12685	3AT	1	818G>C	453	NC_000007.14:128398561:C:G	CCSBVarC002714	ENSP00000265385.8:p.Arg273Pro	IMPDH1	ENSG00000106348	RAD54L2
HsVcPPILacVa2rdo	CCSBORF71077	2	CCSBORF12685	3AT	1	820A>C	2	NC_000007.14:128398559:T:G	CCSBVarC016508	ENSP00000265385.8:p.Thr274Pro	IMPDH1	ENSG00000106348	RAD54L2
HsVcPPILacVa2rdo	CCSBORF71077	2	CCSBORF12685	3AT	1	834G>C	1585	NC_000007.14:128398545:C:G	CCSBVarC016512	ENSP00000265385.8:p.Lys278Asn	IMPDH1	ENSG00000106348	RAD54L2
HsVcPPILacVa2rdo	CCSBORF71077	2	CCSBORF12685	3AT	1	859A>G	3296	NC_000007.14:128398520:T:C	CCSBVarC016518	ENSP00000265385.8:p.Lys287Glu	IMPDH1	ENSG00000106348	RAD54L2
HsVcPPILacVa2rdo	CCSBORF71077	2	CCSBORF12685	3AT	1	876G>C	571	NC_000007.14:128398503:C:G	CCSBVarC016591	ENSP00000265385.8:p.Gln292His	IMPDH1	ENSG00000106348	RAD54L2
HsVcPPILacVa2rdo	CCSBORF71077	2	CCSBORF12685	3AT	1	949G>A	78	NC_000007.14:128398430:C:T	CCSBVarC002716	ENSP00000265385.8:p.Val317Ile	IMPDH1	ENSG00000106348	RAD54L2
HsVcPPILacVa2rdo	CCSBORF55855	1	CCSBORF71152	3AT	1	REF	1592	NULL	NULL	NULL	KRT2	ENSG00000172867	KRT36
HsVcPPILacVa2rdo	CCSBORF55855	1	CCSBORF71152	3AT	1	1051G>A	1601	NC_000012.12:52648243:C:T	CCSBVarC016094	ENSP00000310861.3:p.Glu351Lys	KRT2	ENSG00000172867	KRT36
HsVcPPILacVa2rdo	CCSBORF55855	1	CCSBORF71152	3AT	1	1070A>G	243	NC_000012.12:52648224:T:C	CCSBVarC016110	ENSP00000310861.3:p.Glu357Gly	KRT2	ENSG00000172867	KRT36
HsVcPPILacVa2rdo	CCSBORF55855	1	CCSBORF71152	3AT	1	1106C>T	12	NC_000012.12:52648188:G:A	CCSBVarC016116	ENSP00000310861.3:p.Ala369Val	KRT2	ENSG00000172867	KRT36
HsVcPPILacVa2rdo	CCSBORF55855	1	CCSBORF71152	3AT	1	1230C>G	28	NC_000012.12:52647747:G:C	CCSBVarC016120	ENSP00000310861.3:p.Ile410Met	KRT2	ENSG00000172867	KRT36
HsVcPPILacVa2rdo	CCSBORF55855	1	CCSBORF71152	3AT	1	1325T>G	736	NC_000012.12:52646883:A:C	CCSBVarC016123	ENSP00000310861.3:p.Leu442Trp	KRT2	ENSG00000172867	KRT36
HsVcPPILacVa2rdo	CCSBORF55855	1	CCSBORF71152	3AT	1	1435A>C	2028	NC_000012.12:52646773:T:G	CCSBVarC003453	ENSP00000310861.3:p.Thr479Pro	KRT2	ENSG00000172867	KRT36
HsVcPPILacVa2rdo	CCSBORF55855	1	CCSBORF71152	3AT	1	1451T>C	1229	NC_000012.12:52646757:A:G	CCSBVarC002477	ENSP00000310861.3:p.Leu484Pro	KRT2	ENSG00000172867	KRT36
HsVcPPILacVa2rdo	CCSBORF55855	1	CCSBORF71152	3AT	1	1480G>C	466	NC_000012.12:52645558:C:G	CCSBVarC016127	ENSP00000310861.3:p.Asp494His	KRT2	ENSG00000172867	KRT36
HsVcPPILacVa2rdo	CCSBORF55855	1	CCSBORF71152	3AT	1	1694C>T	930	NC_000012.12:52645244:G:A	CCSBVarC016132	ENSP00000310861.3:p.Ser565Phe	KRT2	ENSG00000172867	KRT36
HsVcPPILacVa2rdo	CCSBORF55855	1	CCSBORF71152	3AT	1	181C>T	27	NC_000012.12:52651961:G:A	CCSBVarC016138	ENSP00000310861.3:p.Arg61Trp	KRT2	ENSG00000172867	KRT36
HsVcPPILacVa2rdo	CCSBORF55855	1	CCSBORF71152	3AT	1	1869G>T	1226	NC_000012.12:52645069:C:A	CCSBVarC016144	ENSP00000310861.3:p.Lys623Asn	KRT2	ENSG00000172867	KRT36
HsVcPPILacVa2rdo	CCSBORF55855	1	CCSBORF71152	3AT	1	1912T>C	27	NC_000012.12:52645026:A:G	CCSBVarC016151	ENSP00000310861.3:p.Phe638Leu	KRT2	ENSG00000172867	KRT36
HsVcPPILacVa2rdo	CCSBORF55855	1	CCSBORF71152	3AT	1	295G>A	1144	NC_000012.12:52651847:C:T	CCSBVarC016158	ENSP00000310861.3:p.Gly99Ser	KRT2	ENSG00000172867	KRT36
HsVcPPILacVa2rdo	CCSBORF55855	1	CCSBORF71152	3AT	1	493G>A	7	NC_000012.12:52651649:C:T	CCSBVarC016179	ENSP00000310861.3:p.Val165Met	KRT2	ENSG00000172867	KRT36
HsVcPPILacVa2rdo	CCSBORF55855	1	CCSBORF71152	3AT	1	536G>A	421	NC_000012.12:52651606:C:T	CCSBVarC016211	ENSP00000310861.3:p.Arg179His	KRT2	ENSG00000172867	KRT36
HsVcPPILacVa2rdo	CCSBORF55855	1	CCSBORF71152	3AT	1	556A>T	1125	NC_000012.12:52651586:T:A	CCSBVarC003451	ENSP00000310861.3:p.Asn186Tyr	KRT2	ENSG00000172867	KRT36
HsVcPPILacVa2rdo	CCSBORF55855	1	CCSBORF71152	3AT	1	558C>A	558	NC_000012.12:52651584:G:T	CCSBVarC002475	ENSP00000310861.3:p.Asn186Lys	KRT2	ENSG00000172867	KRT36
HsVcPPILacVa2rdo	CCSBORF55855	1	CCSBORF71152	3AT	1	710A>G	80	NC_000012.12:52650428:T:C	CCSBVarC016220	ENSP00000310861.3:p.Lys237Arg	KRT2	ENSG00000172867	KRT36
HsVcPPILacVa2rdo	CCSBORF55855	1	CCSBORF71152	3AT	1	767A>G	6	NC_000012.12:52650371:T:C	CCSBVarC012686	ENSP00000310861.3:p.Asn256Ser	KRT2	ENSG00000172867	KRT36
HsVcPPILacVa2rdo	CCSBORF55855	1	CCSBORF71152	3AT	1	865G>A	879	NC_000012.12:52649098:C:T	CCSBVarC016224	ENSP00000310861.3:p.Val289Met	KRT2	ENSG00000172867	KRT36
HsVcPPILacVa2rdo	CCSBORF7866	1	CCSBORF71430	3AT	1	REF	0	NULL	NULL	NULL	EFHC1	ENSG00000096093	CFAP161
HsVcPPILacVa2rdo	CCSBORF7866	1	CCSBORF71430	3AT	1	1180G>T	0	NC_000006.12:52469374:G:T	CCSBVarC001266	ENSP00000360107.4:p.Ala394Ser	EFHC1	ENSG00000096093	CFAP161
HsVcPPILacVa2rdo	CCSBORF7866	1	CCSBORF71430	3AT	1	1343T>C	0	NC_000006.12:52479100:T:C	CCSBVarC002921	ENSP00000360107.4:p.Met448Thr	EFHC1	ENSG00000096093	CFAP161
HsVcPPILacVa2rdo	CCSBORF7866	1	CCSBORF71430	3AT	1	1523C>G	0	NC_000006.12:52479669:C:G	CCSBVarC001267	ENSP00000360107.4:p.Thr508Arg	EFHC1	ENSG00000096093	CFAP161
HsVcPPILacVa2rdo	CCSBORF7866	1	CCSBORF71430	3AT	1	1820A>G	0	NC_000006.12:52490318:A:G	CCSBVarC017141	ENSP00000360107.4:p.Asn607Ser	EFHC1	ENSG00000096093	CFAP161
HsVcPPILacVa2rdo	CCSBORF7866	1	CCSBORF71430	3AT	1	229C>A	0	NC_000006.12:52424110:C:A	CCSBVarC001264	ENSP00000360107.4:p.Pro77Thr	EFHC1	ENSG00000096093	CFAP161
HsVcPPILacVa2rdo	CCSBORF7866	1	CCSBORF71430	3AT	1	475C>G	0	NC_000006.12:52438492:C:G	CCSBVarC017143	ENSP00000360107.4:p.Arg159Gly	EFHC1	ENSG00000096093	CFAP161
HsVcPPILacVa2rdo	CCSBORF7866	1	CCSBORF71430	3AT	1	475C>T	0	NC_000006.12:52438492:C:T	CCSBVarC002919	ENSP00000360107.4:p.Arg159Trp	EFHC1	ENSG00000096093	CFAP161
HsVcPPILacVa2rdo	CCSBORF7866	1	CCSBORF71430	3AT	1	520A>G	2	NC_000006.12:52438537:A:G	CCSBVarC003446	ENSP00000360107.4:p.Ile174Val	EFHC1	ENSG00000096093	CFAP161
HsVcPPILacVa2rdo	CCSBORF7866	1	CCSBORF71430	3AT	1	628G>A	1	NC_000006.12:52452741:G:A	CCSBVarC003447	ENSP00000360107.4:p.Asp210Asn	EFHC1	ENSG00000096093	CFAP161
HsVcPPILacVa2rdo	CCSBORF7866	1	CCSBORF71430	3AT	1	662G>A	0	NC_000006.12:52452775:G:A	CCSBVarC001265	ENSP00000360107.4:p.Arg221His	EFHC1	ENSG00000096093	CFAP161
HsVcPPILacVa2rdo	CCSBORF7866	1	CCSBORF71430	3AT	1	685T>C	0	NC_000006.12:52452798:T:C	CCSBVarC003448	ENSP00000360107.4:p.Phe229Leu	EFHC1	ENSG00000096093	CFAP161
HsVcPPILacVa2rdo	CCSBORF7866	1	CCSBORF71430	3AT	1	757G>T	0	NC_000006.12:52454127:G:T	CCSBVarC003449	ENSP00000360107.4:p.Asp253Tyr	EFHC1	ENSG00000096093	CFAP161
HsVcPPILacVa2rdo	CCSBORF7866	1	CCSBORF71430	3AT	1	776G>A	0	NC_000006.12:52454146:G:A	CCSBVarC003450	ENSP00000360107.4:p.Cys259Tyr	EFHC1	ENSG00000096093	CFAP161
HsVcPPILacVa2rdo	CCSBORF1231	1	CCSBORF70824	3AT	1	REF	0	NULL	NULL	NULL	AQP1	ENSG00000240583	SPRED1
HsVcPPILacVa2rdo	CCSBORF1231	1	CCSBORF70824	3AT	1	113C>T	3	NC_000007.14:30912021:C:T	CCSBVarC000137	ENSP00000311165.4:p.Pro38Leu	AQP1	ENSG00000240583	SPRED1
HsVcPPILacVa2rdo	CCSBORF1231	1	CCSBORF70824	3AT	1	140A>G	3	NC_000007.14:30912048:A:G	CCSBVarC000138	ENSP00000311165.4:p.Gln47Arg	AQP1	ENSG00000240583	SPRED1
HsVcPPILacVa2rdo	CCSBORF1231	1	CCSBORF70824	3AT	1	319G>A	0	NC_000007.14:30912227:G:A	CCSBVarC015066	ENSP00000311165.4:p.Val107Ile	AQP1	ENSG00000240583	SPRED1
HsVcPPILacVa2rdo	CCSBORF1231	1	CCSBORF70824	3AT	1	320T>G	0	NC_000007.14:30912228:T:G	CCSBVarC015069	ENSP00000311165.4:p.Val107Gly	AQP1	ENSG00000240583	SPRED1
HsVcPPILacVa2rdo	CCSBORF1231	1	CCSBORF70824	3AT	1	494G>A	1	NC_000007.14:30922174:G:A	CCSBVarC015072	ENSP00000311165.4:p.Gly165Asp	AQP1	ENSG00000240583	SPRED1
HsVcPPILacVa2rdo	CCSBORF1231	1	CCSBORF70824	3AT	1	576C>A	1	NC_000007.14:30922589:C:A	CCSBVarC000139	ENSP00000311165.4:p.Asn192Lys	AQP1	ENSG00000240583	SPRED1
HsVcPPILacVa2rdo	CCSBORF11374	3	CCSBORF0	3AT	1	REF	0	NULL	NULL	NULL	RP2	ENSG00000102218	empty_AD
HsVcPPILacVa2rdo	CCSBORF11374	3	CCSBORF0	3AT	1	11T>G	0	NC_000023.11:46837110:T:G	CCSBVarC014903	ENSP00000218340.3:p.Phe4Cys	RP2	ENSG00000102218	empty_AD
HsVcPPILacVa2rdo	CCSBORF11374	3	CCSBORF0	3AT	1	123G>A	0	NC_000023.11:46853495:G:A	CCSBVarC011426	ENSP00000218340.3:p.Met41Ile	RP2	ENSG00000102218	empty_AD
HsVcPPILacVa2rdo	CCSBORF11374	3	CCSBORF0	3AT	1	161C>T	0	NC_000023.11:46853533:C:T	CCSBVarC014914	ENSP00000218340.3:p.Pro54Leu	RP2	ENSG00000102218	empty_AD
HsVcPPILacVa2rdo	CCSBORF11374	3	CCSBORF0	3AT	1	271A>C	2	NC_000023.11:46853643:A:C	CCSBVarC014947	ENSP00000218340.3:p.Ile91Leu	RP2	ENSG00000102218	empty_AD
HsVcPPILacVa2rdo	CCSBORF11374	3	CCSBORF0	3AT	1	2T>C	0	NC_000023.11:46837101:T:C	CCSBVarC011465	ENSP00000218340.3:p.Met1Thr	RP2	ENSG00000102218	empty_AD
HsVcPPILacVa2rdo	CCSBORF11374	3	CCSBORF0	3AT	1	314G>A	0	NC_000023.11:46853686:G:A	CCSBVarC014958	ENSP00000218340.3:p.Cys105Tyr	RP2	ENSG00000102218	empty_AD
HsVcPPILacVa2rdo	CCSBORF11374	3	CCSBORF0	3AT	1	365G>A	0	NC_000023.11:46853737:G:A	CCSBVarC011444	ENSP00000218340.3:p.Cys122Tyr	RP2	ENSG00000102218	empty_AD
HsVcPPILacVa2rdo	CCSBORF11374	3	CCSBORF0	3AT	1	431A>G	0	NC_000023.11:46853803:A:G	CCSBVarC014972	ENSP00000218340.3:p.Lys144Arg	RP2	ENSG00000102218	empty_AD
HsVcPPILacVa2rdo	CCSBORF11374	3	CCSBORF0	3AT	1	434T>C	0	NC_000023.11:46853806:T:C	CCSBVarC011472	ENSP00000218340.3:p.Phe145Ser	RP2	ENSG00000102218	empty_AD
HsVcPPILacVa2rdo	CCSBORF11374	3	CCSBORF0	3AT	1	535C>T	0	NC_000023.11:46853907:C:T	CCSBVarC014982	ENSP00000218340.3:p.Pro179Ser	RP2	ENSG00000102218	empty_AD
HsVcPPILacVa2rdo	CCSBORF11374	3	CCSBORF0	3AT	1	650A>G	2	NC_000023.11:46854022:A:G	CCSBVarC014989	ENSP00000218340.3:p.Asn217Ser	RP2	ENSG00000102218	empty_AD
HsVcPPILacVa2rdo	CCSBORF11374	3	CCSBORF0	3AT	1	68G>A	0	NC_000023.11:46837167:G:A	CCSBVarC014999	ENSP00000218340.3:p.Arg23Gln	RP2	ENSG00000102218	empty_AD
HsVcPPILacVa2rdo	CCSBORF11374	3	CCSBORF0	3AT	1	758T>G	0	NC_000023.11:46854130:T:G	CCSBVarC001708	ENSP00000218340.3:p.Leu253Arg	RP2	ENSG00000102218	empty_AD
HsVcPPILacVa2rdo	CCSBORF11374	3	CCSBORF0	3AT	1	771G>T	1	NC_000023.11:46859989:G:T	CCSBVarC015008	ENSP00000218340.3:p.Met257Ile	RP2	ENSG00000102218	empty_AD
HsVcPPILacVa2rdo	CCSBORF11374	3	CCSBORF0	3AT	1	814A>G	0	NC_000023.11:46860032:A:G	CCSBVarC011438	ENSP00000218340.3:p.Met272Val	RP2	ENSG00000102218	empty_AD
HsVcPPILacVa2rdo	CCSBORF11374	3	CCSBORF0	3AT	1	829G>A	0	NC_000023.11:46860047:G:A	CCSBVarC015017	ENSP00000218340.3:p.Ala277Thr	RP2	ENSG00000102218	empty_AD
HsVcPPILacVa2rdo	CCSBORF11374	3	CCSBORF0	3AT	1	895G>A	0	NC_000023.11:46877515:G:A	CCSBVarC011420	ENSP00000218340.3:p.Ala299Thr	RP2	ENSG00000102218	empty_AD
HsVcPPILacVa2rdo	CCSBORF11374	3	CCSBORF0	3AT	1	917G>A	0	NC_000023.11:46877537:G:A	CCSBVarC015026	ENSP00000218340.3:p.Gly306Asp	RP2	ENSG00000102218	empty_AD
HsVcPPILacVa2rdo	CCSBORF11374	3	CCSBORF0	3AT	1	949G>A	0	NC_000023.11:46877569:G:A	CCSBVarC011434	ENSP00000218340.3:p.Glu317Lys	RP2	ENSG00000102218	empty_AD
HsVcPPILacVa2rdo	CCSBORF71077	2	CCSBORF6490	3AT	1	REF	1471	NULL	NULL	NULL	IMPDH1	ENSG00000106348	PIAS2
HsVcPPILacVa2rdo	CCSBORF71077	2	CCSBORF6490	3AT	1	112G>T	3	NC_000007.14:128409789:C:A	CCSBVarC017165	ENSP00000265385.8:p.Ala38Ser	IMPDH1	ENSG00000106348	PIAS2
HsVcPPILacVa2rdo	CCSBORF71077	2	CCSBORF6490	3AT	1	130G>C	13	NC_000007.14:128409771:C:G	CCSBVarC017172	ENSP00000265385.8:p.Gly44Arg	IMPDH1	ENSG00000106348	PIAS2
HsVcPPILacVa2rdo	CCSBORF71077	2	CCSBORF6490	3AT	1	1328C>T	6	NC_000007.14:128395002:G:A	CCSBVarC017180	ENSP00000265385.8:p.Thr443Met	IMPDH1	ENSG00000106348	PIAS2
HsVcPPILacVa2rdo	CCSBORF71077	2	CCSBORF6490	3AT	1	1430A>C	23	NC_000007.14:128394900:T:G	CCSBVarC017184	ENSP00000265385.8:p.Lys477Thr	IMPDH1	ENSG00000106348	PIAS2
HsVcPPILacVa2rdo	CCSBORF71077	2	CCSBORF6490	3AT	1	1481G>A	29	NC_000007.14:128394560:C:T	CCSBVarC017188	ENSP00000265385.8:p.Gly494Asp	IMPDH1	ENSG00000106348	PIAS2
HsVcPPILacVa2rdo	CCSBORF71077	2	CCSBORF6490	3AT	1	1534G>A	11	NC_000007.14:128394507:C:T	CCSBVarC017191	ENSP00000265385.8:p.Gly512Ser	IMPDH1	ENSG00000106348	PIAS2
HsVcPPILacVa2rdo	CCSBORF71077	2	CCSBORF6490	3AT	1	1658A>G	2182	NC_000007.14:128394289:T:C	CCSBVarC017193	ENSP00000265385.8:p.His553Arg	IMPDH1	ENSG00000106348	PIAS2
HsVcPPILacVa2rdo	CCSBORF71077	2	CCSBORF6490	3AT	1	326C>T	36	NC_000007.14:128401084:G:A	CCSBVarC017195	ENSP00000265385.8:p.Thr109Met	IMPDH1	ENSG00000106348	PIAS2
HsVcPPILacVa2rdo	CCSBORF71077	2	CCSBORF6490	3AT	1	355A>G	10	NC_000007.14:128401055:T:C	CCSBVarC017197	ENSP00000265385.8:p.Met119Val	IMPDH1	ENSG00000106348	PIAS2
HsVcPPILacVa2rdo	CCSBORF71077	2	CCSBORF6490	3AT	1	460C>T	5187	NC_000007.14:128400827:G:A	CCSBVarC006915	ENSP00000265385.8:p.Arg154Trp	IMPDH1	ENSG00000106348	PIAS2
HsVcPPILacVa2rdo	CCSBORF71077	2	CCSBORF6490	3AT	1	50C>G	301	NC_000007.14:128409851:G:C	CCSBVarC016391	ENSP00000265385.8:p.Ala17Gly	IMPDH1	ENSG00000106348	PIAS2
HsVcPPILacVa2rdo	CCSBORF71077	2	CCSBORF6490	3AT	1	563T>C	2723	NC_000007.14:128400447:A:G	CCSBVarC016396	ENSP00000265385.8:p.Phe188Ser	IMPDH1	ENSG00000106348	PIAS2
HsVcPPILacVa2rdo	CCSBORF71077	2	CCSBORF6490	3AT	1	646G>T	4035	NC_000007.14:128400364:C:A	CCSBVarC016412	ENSP00000265385.8:p.Ala216Ser	IMPDH1	ENSG00000106348	PIAS2
HsVcPPILacVa2rdo	CCSBORF71077	2	CCSBORF6490	3AT	1	70C>T	25	NC_000007.14:128409831:G:A	CCSBVarC016463	ENSP00000265385.8:p.Arg24Trp	IMPDH1	ENSG00000106348	PIAS2
HsVcPPILacVa2rdo	CCSBORF71077	2	CCSBORF6490	3AT	1	725C>T	17	NC_000007.14:128400135:G:A	CCSBVarC016488	ENSP00000265385.8:p.Thr242Met	IMPDH1	ENSG00000106348	PIAS2
HsVcPPILacVa2rdo	CCSBORF71077	2	CCSBORF6490	3AT	1	739A>C	13	NC_000007.14:128400121:T:G	CCSBVarC016495	ENSP00000265385.8:p.Asn247His	IMPDH1	ENSG00000106348	PIAS2
HsVcPPILacVa2rdo	CCSBORF71077	2	CCSBORF6490	3AT	1	749T>C	11	NC_000007.14:128400111:A:G	CCSBVarC016504	ENSP00000265385.8:p.Leu250Pro	IMPDH1	ENSG00000106348	PIAS2
HsVcPPILacVa2rdo	CCSBORF71077	2	CCSBORF6490	3AT	1	818G>C	4	NC_000007.14:128398561:C:G	CCSBVarC002714	ENSP00000265385.8:p.Arg273Pro	IMPDH1	ENSG00000106348	PIAS2
HsVcPPILacVa2rdo	CCSBORF71077	2	CCSBORF6490	3AT	1	820A>C	1	NC_000007.14:128398559:T:G	CCSBVarC016508	ENSP00000265385.8:p.Thr274Pro	IMPDH1	ENSG00000106348	PIAS2
HsVcPPILacVa2rdo	CCSBORF71077	2	CCSBORF6490	3AT	1	834G>C	4092	NC_000007.14:128398545:C:G	CCSBVarC016512	ENSP00000265385.8:p.Lys278Asn	IMPDH1	ENSG00000106348	PIAS2
HsVcPPILacVa2rdo	CCSBORF71077	2	CCSBORF6490	3AT	1	859A>G	819	NC_000007.14:128398520:T:C	CCSBVarC016518	ENSP00000265385.8:p.Lys287Glu	IMPDH1	ENSG00000106348	PIAS2
HsVcPPILacVa2rdo	CCSBORF71077	2	CCSBORF6490	3AT	1	876G>C	91	NC_000007.14:128398503:C:G	CCSBVarC016591	ENSP00000265385.8:p.Gln292His	IMPDH1	ENSG00000106348	PIAS2
HsVcPPILacVa2rdo	CCSBORF71077	2	CCSBORF6490	3AT	1	949G>A	394	NC_000007.14:128398430:C:T	CCSBVarC002716	ENSP00000265385.8:p.Val317Ile	IMPDH1	ENSG00000106348	PIAS2
HsVcPPILacVa2rdo	CCSBORF55855	1	CCSBORF0	3AT	1	REF	0	NULL	NULL	NULL	KRT2	ENSG00000172867	empty_AD
HsVcPPILacVa2rdo	CCSBORF55855	1	CCSBORF0	3AT	1	1051G>A	0	NC_000012.12:52648243:C:T	CCSBVarC016094	ENSP00000310861.3:p.Glu351Lys	KRT2	ENSG00000172867	empty_AD
HsVcPPILacVa2rdo	CCSBORF55855	1	CCSBORF0	3AT	1	1070A>G	0	NC_000012.12:52648224:T:C	CCSBVarC016110	ENSP00000310861.3:p.Glu357Gly	KRT2	ENSG00000172867	empty_AD
HsVcPPILacVa2rdo	CCSBORF55855	1	CCSBORF0	3AT	1	1106C>T	0	NC_000012.12:52648188:G:A	CCSBVarC016116	ENSP00000310861.3:p.Ala369Val	KRT2	ENSG00000172867	empty_AD
HsVcPPILacVa2rdo	CCSBORF55855	1	CCSBORF0	3AT	1	1230C>G	0	NC_000012.12:52647747:G:C	CCSBVarC016120	ENSP00000310861.3:p.Ile410Met	KRT2	ENSG00000172867	empty_AD
HsVcPPILacVa2rdo	CCSBORF55855	1	CCSBORF0	3AT	1	1325T>G	0	NC_000012.12:52646883:A:C	CCSBVarC016123	ENSP00000310861.3:p.Leu442Trp	KRT2	ENSG00000172867	empty_AD
HsVcPPILacVa2rdo	CCSBORF55855	1	CCSBORF0	3AT	1	1435A>C	0	NC_000012.12:52646773:T:G	CCSBVarC003453	ENSP00000310861.3:p.Thr479Pro	KRT2	ENSG00000172867	empty_AD
HsVcPPILacVa2rdo	CCSBORF55855	1	CCSBORF0	3AT	1	1451T>C	0	NC_000012.12:52646757:A:G	CCSBVarC002477	ENSP00000310861.3:p.Leu484Pro	KRT2	ENSG00000172867	empty_AD
HsVcPPILacVa2rdo	CCSBORF55855	1	CCSBORF0	3AT	1	1480G>C	0	NC_000012.12:52645558:C:G	CCSBVarC016127	ENSP00000310861.3:p.Asp494His	KRT2	ENSG00000172867	empty_AD
HsVcPPILacVa2rdo	CCSBORF55855	1	CCSBORF0	3AT	1	1694C>T	0	NC_000012.12:52645244:G:A	CCSBVarC016132	ENSP00000310861.3:p.Ser565Phe	KRT2	ENSG00000172867	empty_AD
HsVcPPILacVa2rdo	CCSBORF55855	1	CCSBORF0	3AT	1	181C>T	0	NC_000012.12:52651961:G:A	CCSBVarC016138	ENSP00000310861.3:p.Arg61Trp	KRT2	ENSG00000172867	empty_AD
HsVcPPILacVa2rdo	CCSBORF55855	1	CCSBORF0	3AT	1	1869G>T	0	NC_000012.12:52645069:C:A	CCSBVarC016144	ENSP00000310861.3:p.Lys623Asn	KRT2	ENSG00000172867	empty_AD
HsVcPPILacVa2rdo	CCSBORF55855	1	CCSBORF0	3AT	1	1912T>C	0	NC_000012.12:52645026:A:G	CCSBVarC016151	ENSP00000310861.3:p.Phe638Leu	KRT2	ENSG00000172867	empty_AD
HsVcPPILacVa2rdo	CCSBORF55855	1	CCSBORF0	3AT	1	295G>A	0	NC_000012.12:52651847:C:T	CCSBVarC016158	ENSP00000310861.3:p.Gly99Ser	KRT2	ENSG00000172867	empty_AD
HsVcPPILacVa2rdo	CCSBORF55855	1	CCSBORF0	3AT	1	493G>A	0	NC_000012.12:52651649:C:T	CCSBVarC016179	ENSP00000310861.3:p.Val165Met	KRT2	ENSG00000172867	empty_AD
HsVcPPILacVa2rdo	CCSBORF55855	1	CCSBORF0	3AT	1	536G>A	0	NC_000012.12:52651606:C:T	CCSBVarC016211	ENSP00000310861.3:p.Arg179His	KRT2	ENSG00000172867	empty_AD
HsVcPPILacVa2rdo	CCSBORF55855	1	CCSBORF0	3AT	1	556A>T	0	NC_000012.12:52651586:T:A	CCSBVarC003451	ENSP00000310861.3:p.Asn186Tyr	KRT2	ENSG00000172867	empty_AD
HsVcPPILacVa2rdo	CCSBORF55855	1	CCSBORF0	3AT	1	558C>A	0	NC_000012.12:52651584:G:T	CCSBVarC002475	ENSP00000310861.3:p.Asn186Lys	KRT2	ENSG00000172867	empty_AD
HsVcPPILacVa2rdo	CCSBORF55855	1	CCSBORF0	3AT	1	710A>G	0	NC_000012.12:52650428:T:C	CCSBVarC016220	ENSP00000310861.3:p.Lys237Arg	KRT2	ENSG00000172867	empty_AD
HsVcPPILacVa2rdo	CCSBORF55855	1	CCSBORF0	3AT	1	767A>G	0	NC_000012.12:52650371:T:C	CCSBVarC012686	ENSP00000310861.3:p.Asn256Ser	KRT2	ENSG00000172867	empty_AD
HsVcPPILacVa2rdo	CCSBORF55855	1	CCSBORF0	3AT	1	865G>A	0	NC_000012.12:52649098:C:T	CCSBVarC016224	ENSP00000310861.3:p.Val289Met	KRT2	ENSG00000172867	empty_AD
HsVcPPILacVa2rdo	CCSBORF7866	1	CCSBORF0	3AT	1	REF	1	NULL	NULL	NULL	EFHC1	ENSG00000096093	empty_AD
HsVcPPILacVa2rdo	CCSBORF7866	1	CCSBORF0	3AT	1	1180G>T	0	NC_000006.12:52469374:G:T	CCSBVarC001266	ENSP00000360107.4:p.Ala394Ser	EFHC1	ENSG00000096093	empty_AD
HsVcPPILacVa2rdo	CCSBORF7866	1	CCSBORF0	3AT	1	1343T>C	0	NC_000006.12:52479100:T:C	CCSBVarC002921	ENSP00000360107.4:p.Met448Thr	EFHC1	ENSG00000096093	empty_AD
HsVcPPILacVa2rdo	CCSBORF7866	1	CCSBORF0	3AT	1	1523C>G	0	NC_000006.12:52479669:C:G	CCSBVarC001267	ENSP00000360107.4:p.Thr508Arg	EFHC1	ENSG00000096093	empty_AD
HsVcPPILacVa2rdo	CCSBORF7866	1	CCSBORF0	3AT	1	1820A>G	0	NC_000006.12:52490318:A:G	CCSBVarC017141	ENSP00000360107.4:p.Asn607Ser	EFHC1	ENSG00000096093	empty_AD
HsVcPPILacVa2rdo	CCSBORF7866	1	CCSBORF0	3AT	1	229C>A	1	NC_000006.12:52424110:C:A	CCSBVarC001264	ENSP00000360107.4:p.Pro77Thr	EFHC1	ENSG00000096093	empty_AD
HsVcPPILacVa2rdo	CCSBORF7866	1	CCSBORF0	3AT	1	475C>G	0	NC_000006.12:52438492:C:G	CCSBVarC017143	ENSP00000360107.4:p.Arg159Gly	EFHC1	ENSG00000096093	empty_AD
HsVcPPILacVa2rdo	CCSBORF7866	1	CCSBORF0	3AT	1	475C>T	0	NC_000006.12:52438492:C:T	CCSBVarC002919	ENSP00000360107.4:p.Arg159Trp	EFHC1	ENSG00000096093	empty_AD
HsVcPPILacVa2rdo	CCSBORF7866	1	CCSBORF0	3AT	1	520A>G	1	NC_000006.12:52438537:A:G	CCSBVarC003446	ENSP00000360107.4:p.Ile174Val	EFHC1	ENSG00000096093	empty_AD
HsVcPPILacVa2rdo	CCSBORF7866	1	CCSBORF0	3AT	1	628G>A	0	NC_000006.12:52452741:G:A	CCSBVarC003447	ENSP00000360107.4:p.Asp210Asn	EFHC1	ENSG00000096093	empty_AD
HsVcPPILacVa2rdo	CCSBORF7866	1	CCSBORF0	3AT	1	662G>A	0	NC_000006.12:52452775:G:A	CCSBVarC001265	ENSP00000360107.4:p.Arg221His	EFHC1	ENSG00000096093	empty_AD
HsVcPPILacVa2rdo	CCSBORF7866	1	CCSBORF0	3AT	1	685T>C	0	NC_000006.12:52452798:T:C	CCSBVarC003448	ENSP00000360107.4:p.Phe229Leu	EFHC1	ENSG00000096093	empty_AD
HsVcPPILacVa2rdo	CCSBORF7866	1	CCSBORF0	3AT	1	757G>T	0	NC_000006.12:52454127:G:T	CCSBVarC003449	ENSP00000360107.4:p.Asp253Tyr	EFHC1	ENSG00000096093	empty_AD
HsVcPPILacVa2rdo	CCSBORF7866	1	CCSBORF0	3AT	1	776G>A	0	NC_000006.12:52454146:G:A	CCSBVarC003450	ENSP00000360107.4:p.Cys259Tyr	EFHC1	ENSG00000096093	empty_AD
HsVcPPILacVa2rdo	CCSBORF1231	1	CCSBORF2526	3AT	1	REF	0	NULL	NULL	NULL	AQP1	ENSG00000240583	SIVA1
HsVcPPILacVa2rdo	CCSBORF1231	1	CCSBORF2526	3AT	1	113C>T	0	NC_000007.14:30912021:C:T	CCSBVarC000137	ENSP00000311165.4:p.Pro38Leu	AQP1	ENSG00000240583	SIVA1
HsVcPPILacVa2rdo	CCSBORF1231	1	CCSBORF2526	3AT	1	140A>G	0	NC_000007.14:30912048:A:G	CCSBVarC000138	ENSP00000311165.4:p.Gln47Arg	AQP1	ENSG00000240583	SIVA1
HsVcPPILacVa2rdo	CCSBORF1231	1	CCSBORF2526	3AT	1	319G>A	0	NC_000007.14:30912227:G:A	CCSBVarC015066	ENSP00000311165.4:p.Val107Ile	AQP1	ENSG00000240583	SIVA1
HsVcPPILacVa2rdo	CCSBORF1231	1	CCSBORF2526	3AT	1	320T>G	0	NC_000007.14:30912228:T:G	CCSBVarC015069	ENSP00000311165.4:p.Val107Gly	AQP1	ENSG00000240583	SIVA1
HsVcPPILacVa2rdo	CCSBORF1231	1	CCSBORF2526	3AT	1	494G>A	0	NC_000007.14:30922174:G:A	CCSBVarC015072	ENSP00000311165.4:p.Gly165Asp	AQP1	ENSG00000240583	SIVA1
HsVcPPILacVa2rdo	CCSBORF1231	1	CCSBORF2526	3AT	1	576C>A	0	NC_000007.14:30922589:C:A	CCSBVarC000139	ENSP00000311165.4:p.Asn192Lys	AQP1	ENSG00000240583	SIVA1
HsVcPPILacVa2rdo	CCSBORF11374	1	CCSBORF5498	3AT	1	REF	2939	NULL	NULL	NULL	RP2	ENSG00000102218	OSTF1
HsVcPPILacVa2rdo	CCSBORF11374	1	CCSBORF5498	3AT	1	1001C>A	331	NC_000023.11:46879716:C:A	CCSBVarC011422	ENSP00000218340.3:p.Ser334Tyr	RP2	ENSG00000102218	OSTF1
HsVcPPILacVa2rdo	CCSBORF11374	1	CCSBORF5498	3AT	1	121A>G	3553	NC_000023.11:46853493:A:G	CCSBVarC014905	ENSP00000218340.3:p.Met41Val	RP2	ENSG00000102218	OSTF1
HsVcPPILacVa2rdo	CCSBORF11374	1	CCSBORF5498	3AT	1	19A>C	3	NC_000023.11:46837118:A:C	CCSBVarC014916	ENSP00000218340.3:p.Lys7Gln	RP2	ENSG00000102218	OSTF1
HsVcPPILacVa2rdo	CCSBORF11374	1	CCSBORF5498	3AT	1	238A>G	1139	NC_000023.11:46853610:A:G	CCSBVarC011435	ENSP00000218340.3:p.Thr80Ala	RP2	ENSG00000102218	OSTF1
HsVcPPILacVa2rdo	CCSBORF11374	1	CCSBORF5498	3AT	1	257G>A	9	NC_000023.11:46853629:G:A	CCSBVarC001706	ENSP00000218340.3:p.Cys86Tyr	RP2	ENSG00000102218	OSTF1
HsVcPPILacVa2rdo	CCSBORF11374	1	CCSBORF5498	3AT	1	28A>G	398	NC_000023.11:46837127:A:G	CCSBVarC014949	ENSP00000218340.3:p.Lys10Glu	RP2	ENSG00000102218	OSTF1
HsVcPPILacVa2rdo	CCSBORF11374	1	CCSBORF5498	3AT	1	298G>A	1524	NC_000023.11:46853670:G:A	CCSBVarC011440	ENSP00000218340.3:p.Val100Met	RP2	ENSG00000102218	OSTF1
HsVcPPILacVa2rdo	CCSBORF11374	1	CCSBORF5498	3AT	1	328T>C	17	NC_000023.11:46853700:T:C	CCSBVarC014961	ENSP00000218340.3:p.Cys110Arg	RP2	ENSG00000102218	OSTF1
HsVcPPILacVa2rdo	CCSBORF11374	1	CCSBORF5498	3AT	1	338C>A	6998	NC_000023.11:46853710:C:A	CCSBVarC011446	ENSP00000218340.3:p.Ala113Asp	RP2	ENSG00000102218	OSTF1
HsVcPPILacVa2rdo	CCSBORF11374	1	CCSBORF5498	3AT	1	352C>G	52	NC_000023.11:46853724:C:G	CCSBVarC011475	ENSP00000218340.3:p.Arg118Gly	RP2	ENSG00000102218	OSTF1
HsVcPPILacVa2rdo	CCSBORF11374	1	CCSBORF5498	3AT	1	481G>T	1858	NC_000023.11:46853853:G:T	CCSBVarC014975	ENSP00000218340.3:p.Asp161Tyr	RP2	ENSG00000102218	OSTF1
HsVcPPILacVa2rdo	CCSBORF11374	1	CCSBORF5498	3AT	1	524A>C	7088	NC_000023.11:46853896:A:C	CCSBVarC011467	ENSP00000218340.3:p.His175Pro	RP2	ENSG00000102218	OSTF1
HsVcPPILacVa2rdo	CCSBORF11374	1	CCSBORF5498	3AT	1	593A>G	20	NC_000023.11:46853965:A:G	CCSBVarC014984	ENSP00000218340.3:p.Tyr198Cys	RP2	ENSG00000102218	OSTF1
HsVcPPILacVa2rdo	CCSBORF11374	1	CCSBORF5498	3AT	1	654A>C	2058	NC_000023.11:46854026:A:C	CCSBVarC014992	ENSP00000218340.3:p.Arg218Ser	RP2	ENSG00000102218	OSTF1
HsVcPPILacVa2rdo	CCSBORF11374	1	CCSBORF5498	3AT	1	751A>G	4980	NC_000023.11:46854123:A:G	CCSBVarC011428	ENSP00000218340.3:p.Arg251Gly	RP2	ENSG00000102218	OSTF1
HsVcPPILacVa2rdo	CCSBORF11374	1	CCSBORF5498	3AT	1	765T>A	659	NC_000023.11:46854137:T:A	CCSBVarC015002	ENSP00000218340.3:p.Asp255Glu	RP2	ENSG00000102218	OSTF1
HsVcPPILacVa2rdo	CCSBORF11374	1	CCSBORF5498	3AT	1	781G>T	1134	NC_000023.11:46859999:G:T	CCSBVarC015011	ENSP00000218340.3:p.Gly261Cys	RP2	ENSG00000102218	OSTF1
HsVcPPILacVa2rdo	CCSBORF11374	1	CCSBORF5498	3AT	1	844C>T	42	NC_000023.11:46860062:C:T	CCSBVarC001709	ENSP00000218340.3:p.Arg282Trp	RP2	ENSG00000102218	OSTF1
HsVcPPILacVa2rdo	CCSBORF11374	1	CCSBORF5498	3AT	1	845G>A	4632	NC_000023.11:46860063:G:A	CCSBVarC015020	ENSP00000218340.3:p.Arg282Gln	RP2	ENSG00000102218	OSTF1
HsVcPPILacVa2rdo	CCSBORF11374	1	CCSBORF5498	3AT	1	941T>C	79	NC_000023.11:46877561:T:C	CCSBVarC015032	ENSP00000218340.3:p.Ile314Thr	RP2	ENSG00000102218	OSTF1
HsVcPPILacVa2rdo	CCSBORF71077	2	CCSBORF3068	3AT	1	REF	0	NULL	NULL	NULL	IMPDH1	ENSG00000106348	DDIT4L
HsVcPPILacVa2rdo	CCSBORF71077	2	CCSBORF3068	3AT	1	112G>T	0	NC_000007.14:128409789:C:A	CCSBVarC017165	ENSP00000265385.8:p.Ala38Ser	IMPDH1	ENSG00000106348	DDIT4L
HsVcPPILacVa2rdo	CCSBORF71077	2	CCSBORF3068	3AT	1	130G>C	0	NC_000007.14:128409771:C:G	CCSBVarC017172	ENSP00000265385.8:p.Gly44Arg	IMPDH1	ENSG00000106348	DDIT4L
HsVcPPILacVa2rdo	CCSBORF71077	2	CCSBORF3068	3AT	1	1328C>T	0	NC_000007.14:128395002:G:A	CCSBVarC017180	ENSP00000265385.8:p.Thr443Met	IMPDH1	ENSG00000106348	DDIT4L
HsVcPPILacVa2rdo	CCSBORF71077	2	CCSBORF3068	3AT	1	1430A>C	0	NC_000007.14:128394900:T:G	CCSBVarC017184	ENSP00000265385.8:p.Lys477Thr	IMPDH1	ENSG00000106348	DDIT4L
HsVcPPILacVa2rdo	CCSBORF71077	2	CCSBORF3068	3AT	1	1481G>A	0	NC_000007.14:128394560:C:T	CCSBVarC017188	ENSP00000265385.8:p.Gly494Asp	IMPDH1	ENSG00000106348	DDIT4L
HsVcPPILacVa2rdo	CCSBORF71077	2	CCSBORF3068	3AT	1	1534G>A	0	NC_000007.14:128394507:C:T	CCSBVarC017191	ENSP00000265385.8:p.Gly512Ser	IMPDH1	ENSG00000106348	DDIT4L
HsVcPPILacVa2rdo	CCSBORF71077	2	CCSBORF3068	3AT	1	1658A>G	0	NC_000007.14:128394289:T:C	CCSBVarC017193	ENSP00000265385.8:p.His553Arg	IMPDH1	ENSG00000106348	DDIT4L
HsVcPPILacVa2rdo	CCSBORF71077	2	CCSBORF3068	3AT	1	326C>T	0	NC_000007.14:128401084:G:A	CCSBVarC017195	ENSP00000265385.8:p.Thr109Met	IMPDH1	ENSG00000106348	DDIT4L
HsVcPPILacVa2rdo	CCSBORF71077	2	CCSBORF3068	3AT	1	355A>G	0	NC_000007.14:128401055:T:C	CCSBVarC017197	ENSP00000265385.8:p.Met119Val	IMPDH1	ENSG00000106348	DDIT4L
HsVcPPILacVa2rdo	CCSBORF71077	2	CCSBORF3068	3AT	1	460C>T	0	NC_000007.14:128400827:G:A	CCSBVarC006915	ENSP00000265385.8:p.Arg154Trp	IMPDH1	ENSG00000106348	DDIT4L
HsVcPPILacVa2rdo	CCSBORF71077	2	CCSBORF3068	3AT	1	50C>G	0	NC_000007.14:128409851:G:C	CCSBVarC016391	ENSP00000265385.8:p.Ala17Gly	IMPDH1	ENSG00000106348	DDIT4L
HsVcPPILacVa2rdo	CCSBORF71077	2	CCSBORF3068	3AT	1	563T>C	0	NC_000007.14:128400447:A:G	CCSBVarC016396	ENSP00000265385.8:p.Phe188Ser	IMPDH1	ENSG00000106348	DDIT4L
HsVcPPILacVa2rdo	CCSBORF71077	2	CCSBORF3068	3AT	1	646G>T	0	NC_000007.14:128400364:C:A	CCSBVarC016412	ENSP00000265385.8:p.Ala216Ser	IMPDH1	ENSG00000106348	DDIT4L
HsVcPPILacVa2rdo	CCSBORF71077	2	CCSBORF3068	3AT	1	70C>T	0	NC_000007.14:128409831:G:A	CCSBVarC016463	ENSP00000265385.8:p.Arg24Trp	IMPDH1	ENSG00000106348	DDIT4L
HsVcPPILacVa2rdo	CCSBORF71077	2	CCSBORF3068	3AT	1	725C>T	0	NC_000007.14:128400135:G:A	CCSBVarC016488	ENSP00000265385.8:p.Thr242Met	IMPDH1	ENSG00000106348	DDIT4L
HsVcPPILacVa2rdo	CCSBORF71077	2	CCSBORF3068	3AT	1	739A>C	0	NC_000007.14:128400121:T:G	CCSBVarC016495	ENSP00000265385.8:p.Asn247His	IMPDH1	ENSG00000106348	DDIT4L
HsVcPPILacVa2rdo	CCSBORF71077	2	CCSBORF3068	3AT	1	749T>C	0	NC_000007.14:128400111:A:G	CCSBVarC016504	ENSP00000265385.8:p.Leu250Pro	IMPDH1	ENSG00000106348	DDIT4L
HsVcPPILacVa2rdo	CCSBORF71077	2	CCSBORF3068	3AT	1	818G>C	0	NC_000007.14:128398561:C:G	CCSBVarC002714	ENSP00000265385.8:p.Arg273Pro	IMPDH1	ENSG00000106348	DDIT4L
HsVcPPILacVa2rdo	CCSBORF71077	2	CCSBORF3068	3AT	1	820A>C	0	NC_000007.14:128398559:T:G	CCSBVarC016508	ENSP00000265385.8:p.Thr274Pro	IMPDH1	ENSG00000106348	DDIT4L
HsVcPPILacVa2rdo	CCSBORF71077	2	CCSBORF3068	3AT	1	834G>C	0	NC_000007.14:128398545:C:G	CCSBVarC016512	ENSP00000265385.8:p.Lys278Asn	IMPDH1	ENSG00000106348	DDIT4L
HsVcPPILacVa2rdo	CCSBORF71077	2	CCSBORF3068	3AT	1	859A>G	0	NC_000007.14:128398520:T:C	CCSBVarC016518	ENSP00000265385.8:p.Lys287Glu	IMPDH1	ENSG00000106348	DDIT4L
HsVcPPILacVa2rdo	CCSBORF71077	2	CCSBORF3068	3AT	1	876G>C	0	NC_000007.14:128398503:C:G	CCSBVarC016591	ENSP00000265385.8:p.Gln292His	IMPDH1	ENSG00000106348	DDIT4L
HsVcPPILacVa2rdo	CCSBORF71077	2	CCSBORF3068	3AT	1	949G>A	0	NC_000007.14:128398430:C:T	CCSBVarC002716	ENSP00000265385.8:p.Val317Ile	IMPDH1	ENSG00000106348	DDIT4L
HsVcPPILacVa2rdo	CCSBORF55855	2	CCSBORF71152	3AT	1	REF	1893	NULL	NULL	NULL	KRT2	ENSG00000172867	KRT36
HsVcPPILacVa2rdo	CCSBORF55855	2	CCSBORF71152	3AT	1	1066T>C	283	NC_000012.12:52648228:A:G	CCSBVarC016108	ENSP00000310861.3:p.Tyr356His	KRT2	ENSG00000172867	KRT36
HsVcPPILacVa2rdo	CCSBORF55855	2	CCSBORF71152	3AT	1	1094A>G	303	NC_000012.12:52648200:T:C	CCSBVarC016114	ENSP00000310861.3:p.Glu365Gly	KRT2	ENSG00000172867	KRT36
HsVcPPILacVa2rdo	CCSBORF55855	2	CCSBORF71152	3AT	1	1114C>A	153	NC_000012.12:52648180:G:T	CCSBVarC016118	ENSP00000310861.3:p.His372Asn	KRT2	ENSG00000172867	KRT36
HsVcPPILacVa2rdo	CCSBORF55855	2	CCSBORF71152	3AT	1	1249T>C	743	NC_000012.12:52646959:A:G	CCSBVarC016122	ENSP00000310861.3:p.Cys417Arg	KRT2	ENSG00000172867	KRT36
HsVcPPILacVa2rdo	CCSBORF55855	2	CCSBORF71152	3AT	1	1355C>G	414	NC_000012.12:52646853:G:C	CCSBVarC016125	ENSP00000310861.3:p.Ala452Gly	KRT2	ENSG00000172867	KRT36
HsVcPPILacVa2rdo	CCSBORF55855	2	CCSBORF71152	3AT	1	1427A>T	26	NC_000012.12:52646781:T:A	CCSBVarC003452	ENSP00000310861.3:p.Glu476Val	KRT2	ENSG00000172867	KRT36
HsVcPPILacVa2rdo	CCSBORF55855	2	CCSBORF71152	3AT	1	1430T>A	3	NC_000012.12:52646778:A:T	CCSBVarC002476	ENSP00000310861.3:p.Ile477Asn	KRT2	ENSG00000172867	KRT36
HsVcPPILacVa2rdo	CCSBORF55855	2	CCSBORF71152	3AT	1	1462G>A	545	NC_000012.12:52646746:C:T	CCSBVarC003454	ENSP00000310861.3:p.Glu488Lys	KRT2	ENSG00000172867	KRT36
HsVcPPILacVa2rdo	CCSBORF55855	2	CCSBORF71152	3AT	1	1618G>A	4	NC_000012.12:52645320:C:T	CCSBVarC016129	ENSP00000310861.3:p.Gly540Ser	KRT2	ENSG00000172867	KRT36
HsVcPPILacVa2rdo	CCSBORF55855	2	CCSBORF71152	3AT	1	1723T>G	173	NC_000012.12:52645215:A:C	CCSBVarC016135	ENSP00000310861.3:p.Ser575Ala	KRT2	ENSG00000172867	KRT36
HsVcPPILacVa2rdo	CCSBORF55855	2	CCSBORF71152	3AT	1	1813G>C	914	NC_000012.12:52645125:C:G	CCSBVarC016141	ENSP00000310861.3:p.Gly605Arg	KRT2	ENSG00000172867	KRT36
HsVcPPILacVa2rdo	CCSBORF55855	2	CCSBORF71152	3AT	1	1900G>A	1247	NC_000012.12:52645038:C:T	CCSBVarC016148	ENSP00000310861.3:p.Val634Met	KRT2	ENSG00000172867	KRT36
HsVcPPILacVa2rdo	CCSBORF55855	2	CCSBORF71152	3AT	1	253G>A	7	NC_000012.12:52651889:C:T	CCSBVarC016156	ENSP00000310861.3:p.Ala85Thr	KRT2	ENSG00000172867	KRT36
HsVcPPILacVa2rdo	CCSBORF55855	2	CCSBORF71152	3AT	1	301A>G	338	NC_000012.12:52651841:T:C	CCSBVarC012695	ENSP00000310861.3:p.Ser101Gly	KRT2	ENSG00000172867	KRT36
HsVcPPILacVa2rdo	CCSBORF55855	2	CCSBORF71152	3AT	1	446G>T	4	NC_000012.12:52651696:C:A	CCSBVarC016164	ENSP00000310861.3:p.Gly149Val	KRT2	ENSG00000172867	KRT36
HsVcPPILacVa2rdo	CCSBORF55855	2	CCSBORF71152	3AT	1	52G>A	68	NC_000012.12:52652090:C:T	CCSBVarC016186	ENSP00000310861.3:p.Gly18Arg	KRT2	ENSG00000172867	KRT36
HsVcPPILacVa2rdo	CCSBORF55855	2	CCSBORF71152	3AT	1	542A>C	5745	NC_000012.12:52651600:T:G	CCSBVarC002474	ENSP00000310861.3:p.Gln181Pro	KRT2	ENSG00000172867	KRT36
HsVcPPILacVa2rdo	CCSBORF55855	2	CCSBORF71152	3AT	1	656G>A	482	NC_000012.12:52650482:C:T	CCSBVarC002918	ENSP00000310861.3:p.Gly219Asp	KRT2	ENSG00000172867	KRT36
HsVcPPILacVa2rdo	CCSBORF55855	2	CCSBORF71152	3AT	1	659C>A	190	NC_000012.12:52650479:G:T	CCSBVarC016214	ENSP00000310861.3:p.Thr220Asn	KRT2	ENSG00000172867	KRT36
HsVcPPILacVa2rdo	CCSBORF55855	2	CCSBORF71152	3AT	1	800A>C	11	NC_000012.12:52650338:T:G	CCSBVarC016222	ENSP00000310861.3:p.Lys267Thr	KRT2	ENSG00000172867	KRT36
HsVcPPILacVa2rdo	CCSBORF1231	1	CCSBORF0	3AT	1	REF	0	NULL	NULL	NULL	AQP1	ENSG00000240583	empty_AD
HsVcPPILacVa2rdo	CCSBORF1231	1	CCSBORF0	3AT	1	113C>T	0	NC_000007.14:30912021:C:T	CCSBVarC000137	ENSP00000311165.4:p.Pro38Leu	AQP1	ENSG00000240583	empty_AD
HsVcPPILacVa2rdo	CCSBORF1231	1	CCSBORF0	3AT	1	140A>G	0	NC_000007.14:30912048:A:G	CCSBVarC000138	ENSP00000311165.4:p.Gln47Arg	AQP1	ENSG00000240583	empty_AD
HsVcPPILacVa2rdo	CCSBORF1231	1	CCSBORF0	3AT	1	319G>A	0	NC_000007.14:30912227:G:A	CCSBVarC015066	ENSP00000311165.4:p.Val107Ile	AQP1	ENSG00000240583	empty_AD
HsVcPPILacVa2rdo	CCSBORF1231	1	CCSBORF0	3AT	1	320T>G	1	NC_000007.14:30912228:T:G	CCSBVarC015069	ENSP00000311165.4:p.Val107Gly	AQP1	ENSG00000240583	empty_AD
HsVcPPILacVa2rdo	CCSBORF1231	1	CCSBORF0	3AT	1	494G>A	0	NC_000007.14:30922174:G:A	CCSBVarC015072	ENSP00000311165.4:p.Gly165Asp	AQP1	ENSG00000240583	empty_AD
HsVcPPILacVa2rdo	CCSBORF1231	1	CCSBORF0	3AT	1	576C>A	0	NC_000007.14:30922589:C:A	CCSBVarC000139	ENSP00000311165.4:p.Asn192Lys	AQP1	ENSG00000240583	empty_AD
HsVcPPILacVa2rdo	CCSBORF11374	1	CCSBORF0	3AT	1	REF	0	NULL	NULL	NULL	RP2	ENSG00000102218	empty_AD
HsVcPPILacVa2rdo	CCSBORF11374	1	CCSBORF0	3AT	1	1001C>A	0	NC_000023.11:46879716:C:A	CCSBVarC011422	ENSP00000218340.3:p.Ser334Tyr	RP2	ENSG00000102218	empty_AD
HsVcPPILacVa2rdo	CCSBORF11374	1	CCSBORF0	3AT	1	121A>G	0	NC_000023.11:46853493:A:G	CCSBVarC014905	ENSP00000218340.3:p.Met41Val	RP2	ENSG00000102218	empty_AD
HsVcPPILacVa2rdo	CCSBORF11374	1	CCSBORF0	3AT	1	19A>C	0	NC_000023.11:46837118:A:C	CCSBVarC014916	ENSP00000218340.3:p.Lys7Gln	RP2	ENSG00000102218	empty_AD
HsVcPPILacVa2rdo	CCSBORF11374	1	CCSBORF0	3AT	1	238A>G	0	NC_000023.11:46853610:A:G	CCSBVarC011435	ENSP00000218340.3:p.Thr80Ala	RP2	ENSG00000102218	empty_AD
HsVcPPILacVa2rdo	CCSBORF11374	1	CCSBORF0	3AT	1	257G>A	0	NC_000023.11:46853629:G:A	CCSBVarC001706	ENSP00000218340.3:p.Cys86Tyr	RP2	ENSG00000102218	empty_AD
HsVcPPILacVa2rdo	CCSBORF11374	1	CCSBORF0	3AT	1	28A>G	0	NC_000023.11:46837127:A:G	CCSBVarC014949	ENSP00000218340.3:p.Lys10Glu	RP2	ENSG00000102218	empty_AD
HsVcPPILacVa2rdo	CCSBORF11374	1	CCSBORF0	3AT	1	298G>A	0	NC_000023.11:46853670:G:A	CCSBVarC011440	ENSP00000218340.3:p.Val100Met	RP2	ENSG00000102218	empty_AD
HsVcPPILacVa2rdo	CCSBORF11374	1	CCSBORF0	3AT	1	328T>C	0	NC_000023.11:46853700:T:C	CCSBVarC014961	ENSP00000218340.3:p.Cys110Arg	RP2	ENSG00000102218	empty_AD
HsVcPPILacVa2rdo	CCSBORF11374	1	CCSBORF0	3AT	1	338C>A	0	NC_000023.11:46853710:C:A	CCSBVarC011446	ENSP00000218340.3:p.Ala113Asp	RP2	ENSG00000102218	empty_AD
HsVcPPILacVa2rdo	CCSBORF11374	1	CCSBORF0	3AT	1	352C>G	0	NC_000023.11:46853724:C:G	CCSBVarC011475	ENSP00000218340.3:p.Arg118Gly	RP2	ENSG00000102218	empty_AD
HsVcPPILacVa2rdo	CCSBORF11374	1	CCSBORF0	3AT	1	481G>T	0	NC_000023.11:46853853:G:T	CCSBVarC014975	ENSP00000218340.3:p.Asp161Tyr	RP2	ENSG00000102218	empty_AD
HsVcPPILacVa2rdo	CCSBORF11374	1	CCSBORF0	3AT	1	524A>C	1	NC_000023.11:46853896:A:C	CCSBVarC011467	ENSP00000218340.3:p.His175Pro	RP2	ENSG00000102218	empty_AD
HsVcPPILacVa2rdo	CCSBORF11374	1	CCSBORF0	3AT	1	593A>G	0	NC_000023.11:46853965:A:G	CCSBVarC014984	ENSP00000218340.3:p.Tyr198Cys	RP2	ENSG00000102218	empty_AD
HsVcPPILacVa2rdo	CCSBORF11374	1	CCSBORF0	3AT	1	654A>C	0	NC_000023.11:46854026:A:C	CCSBVarC014992	ENSP00000218340.3:p.Arg218Ser	RP2	ENSG00000102218	empty_AD
HsVcPPILacVa2rdo	CCSBORF11374	1	CCSBORF0	3AT	1	751A>G	0	NC_000023.11:46854123:A:G	CCSBVarC011428	ENSP00000218340.3:p.Arg251Gly	RP2	ENSG00000102218	empty_AD
HsVcPPILacVa2rdo	CCSBORF11374	1	CCSBORF0	3AT	1	765T>A	2	NC_000023.11:46854137:T:A	CCSBVarC015002	ENSP00000218340.3:p.Asp255Glu	RP2	ENSG00000102218	empty_AD
HsVcPPILacVa2rdo	CCSBORF11374	1	CCSBORF0	3AT	1	781G>T	0	NC_000023.11:46859999:G:T	CCSBVarC015011	ENSP00000218340.3:p.Gly261Cys	RP2	ENSG00000102218	empty_AD
HsVcPPILacVa2rdo	CCSBORF11374	1	CCSBORF0	3AT	1	844C>T	0	NC_000023.11:46860062:C:T	CCSBVarC001709	ENSP00000218340.3:p.Arg282Trp	RP2	ENSG00000102218	empty_AD
HsVcPPILacVa2rdo	CCSBORF11374	1	CCSBORF0	3AT	1	845G>A	2	NC_000023.11:46860063:G:A	CCSBVarC015020	ENSP00000218340.3:p.Arg282Gln	RP2	ENSG00000102218	empty_AD
HsVcPPILacVa2rdo	CCSBORF11374	1	CCSBORF0	3AT	1	941T>C	1	NC_000023.11:46877561:T:C	CCSBVarC015032	ENSP00000218340.3:p.Ile314Thr	RP2	ENSG00000102218	empty_AD
HsVcPPILacVa2rdo	CCSBORF71077	2	CCSBORF0	3AT	1	REF	0	NULL	NULL	NULL	IMPDH1	ENSG00000106348	empty_AD
HsVcPPILacVa2rdo	CCSBORF71077	2	CCSBORF0	3AT	1	112G>T	0	NC_000007.14:128409789:C:A	CCSBVarC017165	ENSP00000265385.8:p.Ala38Ser	IMPDH1	ENSG00000106348	empty_AD
HsVcPPILacVa2rdo	CCSBORF71077	2	CCSBORF0	3AT	1	130G>C	0	NC_000007.14:128409771:C:G	CCSBVarC017172	ENSP00000265385.8:p.Gly44Arg	IMPDH1	ENSG00000106348	empty_AD
HsVcPPILacVa2rdo	CCSBORF71077	2	CCSBORF0	3AT	1	1328C>T	0	NC_000007.14:128395002:G:A	CCSBVarC017180	ENSP00000265385.8:p.Thr443Met	IMPDH1	ENSG00000106348	empty_AD
HsVcPPILacVa2rdo	CCSBORF71077	2	CCSBORF0	3AT	1	1430A>C	0	NC_000007.14:128394900:T:G	CCSBVarC017184	ENSP00000265385.8:p.Lys477Thr	IMPDH1	ENSG00000106348	empty_AD
HsVcPPILacVa2rdo	CCSBORF71077	2	CCSBORF0	3AT	1	1481G>A	0	NC_000007.14:128394560:C:T	CCSBVarC017188	ENSP00000265385.8:p.Gly494Asp	IMPDH1	ENSG00000106348	empty_AD
HsVcPPILacVa2rdo	CCSBORF71077	2	CCSBORF0	3AT	1	1534G>A	0	NC_000007.14:128394507:C:T	CCSBVarC017191	ENSP00000265385.8:p.Gly512Ser	IMPDH1	ENSG00000106348	empty_AD
HsVcPPILacVa2rdo	CCSBORF71077	2	CCSBORF0	3AT	1	1658A>G	0	NC_000007.14:128394289:T:C	CCSBVarC017193	ENSP00000265385.8:p.His553Arg	IMPDH1	ENSG00000106348	empty_AD
HsVcPPILacVa2rdo	CCSBORF71077	2	CCSBORF0	3AT	1	326C>T	0	NC_000007.14:128401084:G:A	CCSBVarC017195	ENSP00000265385.8:p.Thr109Met	IMPDH1	ENSG00000106348	empty_AD
HsVcPPILacVa2rdo	CCSBORF71077	2	CCSBORF0	3AT	1	355A>G	0	NC_000007.14:128401055:T:C	CCSBVarC017197	ENSP00000265385.8:p.Met119Val	IMPDH1	ENSG00000106348	empty_AD
HsVcPPILacVa2rdo	CCSBORF71077	2	CCSBORF0	3AT	1	460C>T	0	NC_000007.14:128400827:G:A	CCSBVarC006915	ENSP00000265385.8:p.Arg154Trp	IMPDH1	ENSG00000106348	empty_AD
HsVcPPILacVa2rdo	CCSBORF71077	2	CCSBORF0	3AT	1	50C>G	0	NC_000007.14:128409851:G:C	CCSBVarC016391	ENSP00000265385.8:p.Ala17Gly	IMPDH1	ENSG00000106348	empty_AD
HsVcPPILacVa2rdo	CCSBORF71077	2	CCSBORF0	3AT	1	563T>C	0	NC_000007.14:128400447:A:G	CCSBVarC016396	ENSP00000265385.8:p.Phe188Ser	IMPDH1	ENSG00000106348	empty_AD
HsVcPPILacVa2rdo	CCSBORF71077	2	CCSBORF0	3AT	1	646G>T	0	NC_000007.14:128400364:C:A	CCSBVarC016412	ENSP00000265385.8:p.Ala216Ser	IMPDH1	ENSG00000106348	empty_AD
HsVcPPILacVa2rdo	CCSBORF71077	2	CCSBORF0	3AT	1	70C>T	0	NC_000007.14:128409831:G:A	CCSBVarC016463	ENSP00000265385.8:p.Arg24Trp	IMPDH1	ENSG00000106348	empty_AD
HsVcPPILacVa2rdo	CCSBORF71077	2	CCSBORF0	3AT	1	725C>T	0	NC_000007.14:128400135:G:A	CCSBVarC016488	ENSP00000265385.8:p.Thr242Met	IMPDH1	ENSG00000106348	empty_AD
HsVcPPILacVa2rdo	CCSBORF71077	2	CCSBORF0	3AT	1	739A>C	0	NC_000007.14:128400121:T:G	CCSBVarC016495	ENSP00000265385.8:p.Asn247His	IMPDH1	ENSG00000106348	empty_AD
HsVcPPILacVa2rdo	CCSBORF71077	2	CCSBORF0	3AT	1	749T>C	0	NC_000007.14:128400111:A:G	CCSBVarC016504	ENSP00000265385.8:p.Leu250Pro	IMPDH1	ENSG00000106348	empty_AD
HsVcPPILacVa2rdo	CCSBORF71077	2	CCSBORF0	3AT	1	818G>C	0	NC_000007.14:128398561:C:G	CCSBVarC002714	ENSP00000265385.8:p.Arg273Pro	IMPDH1	ENSG00000106348	empty_AD
HsVcPPILacVa2rdo	CCSBORF71077	2	CCSBORF0	3AT	1	820A>C	0	NC_000007.14:128398559:T:G	CCSBVarC016508	ENSP00000265385.8:p.Thr274Pro	IMPDH1	ENSG00000106348	empty_AD
HsVcPPILacVa2rdo	CCSBORF71077	2	CCSBORF0	3AT	1	834G>C	0	NC_000007.14:128398545:C:G	CCSBVarC016512	ENSP00000265385.8:p.Lys278Asn	IMPDH1	ENSG00000106348	empty_AD
HsVcPPILacVa2rdo	CCSBORF71077	2	CCSBORF0	3AT	1	859A>G	0	NC_000007.14:128398520:T:C	CCSBVarC016518	ENSP00000265385.8:p.Lys287Glu	IMPDH1	ENSG00000106348	empty_AD
HsVcPPILacVa2rdo	CCSBORF71077	2	CCSBORF0	3AT	1	876G>C	0	NC_000007.14:128398503:C:G	CCSBVarC016591	ENSP00000265385.8:p.Gln292His	IMPDH1	ENSG00000106348	empty_AD
HsVcPPILacVa2rdo	CCSBORF71077	2	CCSBORF0	3AT	1	949G>A	0	NC_000007.14:128398430:C:T	CCSBVarC002716	ENSP00000265385.8:p.Val317Ile	IMPDH1	ENSG00000106348	empty_AD
HsVcPPILacVa2rdo	CCSBORF55855	2	CCSBORF0	3AT	1	REF	1	NULL	NULL	NULL	KRT2	ENSG00000172867	empty_AD
HsVcPPILacVa2rdo	CCSBORF55855	2	CCSBORF0	3AT	1	1066T>C	0	NC_000012.12:52648228:A:G	CCSBVarC016108	ENSP00000310861.3:p.Tyr356His	KRT2	ENSG00000172867	empty_AD
HsVcPPILacVa2rdo	CCSBORF55855	2	CCSBORF0	3AT	1	1094A>G	0	NC_000012.12:52648200:T:C	CCSBVarC016114	ENSP00000310861.3:p.Glu365Gly	KRT2	ENSG00000172867	empty_AD
HsVcPPILacVa2rdo	CCSBORF55855	2	CCSBORF0	3AT	1	1114C>A	0	NC_000012.12:52648180:G:T	CCSBVarC016118	ENSP00000310861.3:p.His372Asn	KRT2	ENSG00000172867	empty_AD
HsVcPPILacVa2rdo	CCSBORF55855	2	CCSBORF0	3AT	1	1249T>C	0	NC_000012.12:52646959:A:G	CCSBVarC016122	ENSP00000310861.3:p.Cys417Arg	KRT2	ENSG00000172867	empty_AD
HsVcPPILacVa2rdo	CCSBORF55855	2	CCSBORF0	3AT	1	1355C>G	0	NC_000012.12:52646853:G:C	CCSBVarC016125	ENSP00000310861.3:p.Ala452Gly	KRT2	ENSG00000172867	empty_AD
HsVcPPILacVa2rdo	CCSBORF55855	2	CCSBORF0	3AT	1	1427A>T	0	NC_000012.12:52646781:T:A	CCSBVarC003452	ENSP00000310861.3:p.Glu476Val	KRT2	ENSG00000172867	empty_AD
HsVcPPILacVa2rdo	CCSBORF55855	2	CCSBORF0	3AT	1	1430T>A	0	NC_000012.12:52646778:A:T	CCSBVarC002476	ENSP00000310861.3:p.Ile477Asn	KRT2	ENSG00000172867	empty_AD
HsVcPPILacVa2rdo	CCSBORF55855	2	CCSBORF0	3AT	1	1462G>A	0	NC_000012.12:52646746:C:T	CCSBVarC003454	ENSP00000310861.3:p.Glu488Lys	KRT2	ENSG00000172867	empty_AD
HsVcPPILacVa2rdo	CCSBORF55855	2	CCSBORF0	3AT	1	1618G>A	0	NC_000012.12:52645320:C:T	CCSBVarC016129	ENSP00000310861.3:p.Gly540Ser	KRT2	ENSG00000172867	empty_AD
HsVcPPILacVa2rdo	CCSBORF55855	2	CCSBORF0	3AT	1	1723T>G	0	NC_000012.12:52645215:A:C	CCSBVarC016135	ENSP00000310861.3:p.Ser575Ala	KRT2	ENSG00000172867	empty_AD
HsVcPPILacVa2rdo	CCSBORF55855	2	CCSBORF0	3AT	1	1813G>C	0	NC_000012.12:52645125:C:G	CCSBVarC016141	ENSP00000310861.3:p.Gly605Arg	KRT2	ENSG00000172867	empty_AD
HsVcPPILacVa2rdo	CCSBORF55855	2	CCSBORF0	3AT	1	1900G>A	0	NC_000012.12:52645038:C:T	CCSBVarC016148	ENSP00000310861.3:p.Val634Met	KRT2	ENSG00000172867	empty_AD
HsVcPPILacVa2rdo	CCSBORF55855	2	CCSBORF0	3AT	1	253G>A	0	NC_000012.12:52651889:C:T	CCSBVarC016156	ENSP00000310861.3:p.Ala85Thr	KRT2	ENSG00000172867	empty_AD
HsVcPPILacVa2rdo	CCSBORF55855	2	CCSBORF0	3AT	1	301A>G	0	NC_000012.12:52651841:T:C	CCSBVarC012695	ENSP00000310861.3:p.Ser101Gly	KRT2	ENSG00000172867	empty_AD
HsVcPPILacVa2rdo	CCSBORF55855	2	CCSBORF0	3AT	1	446G>T	0	NC_000012.12:52651696:C:A	CCSBVarC016164	ENSP00000310861.3:p.Gly149Val	KRT2	ENSG00000172867	empty_AD
HsVcPPILacVa2rdo	CCSBORF55855	2	CCSBORF0	3AT	1	52G>A	0	NC_000012.12:52652090:C:T	CCSBVarC016186	ENSP00000310861.3:p.Gly18Arg	KRT2	ENSG00000172867	empty_AD
HsVcPPILacVa2rdo	CCSBORF55855	2	CCSBORF0	3AT	1	542A>C	2	NC_000012.12:52651600:T:G	CCSBVarC002474	ENSP00000310861.3:p.Gln181Pro	KRT2	ENSG00000172867	empty_AD
HsVcPPILacVa2rdo	CCSBORF55855	2	CCSBORF0	3AT	1	656G>A	0	NC_000012.12:52650482:C:T	CCSBVarC002918	ENSP00000310861.3:p.Gly219Asp	KRT2	ENSG00000172867	empty_AD
HsVcPPILacVa2rdo	CCSBORF55855	2	CCSBORF0	3AT	1	659C>A	0	NC_000012.12:52650479:G:T	CCSBVarC016214	ENSP00000310861.3:p.Thr220Asn	KRT2	ENSG00000172867	empty_AD
HsVcPPILacVa2rdo	CCSBORF55855	2	CCSBORF0	3AT	1	800A>C	0	NC_000012.12:52650338:T:G	CCSBVarC016222	ENSP00000310861.3:p.Lys267Thr	KRT2	ENSG00000172867	empty_AD
HsVcPPILacVa2rdo	CCSBORF3756	1	CCSBORF53344	3AT	2	REF	20062	NULL	NULL	NULL	VAPB	ENSG00000124164	TTC39B
HsVcPPILacVa2rdo	CCSBORF3756	1	CCSBORF53344	3AT	2	137C>T	19638	NC_000020.11:58418288:C:T	CCSBVarC005852	ENSP00000417175.1:p.Thr46Ile	VAPB	ENSG00000124164	TTC39B
HsVcPPILacVa2rdo	CCSBORF3756	1	CCSBORF53344	3AT	2	166C>T	5434	NC_000020.11:58418317:C:T	CCSBVarC000544	ENSP00000417175.1:p.Pro56Ser	VAPB	ENSG00000124164	TTC39B
HsVcPPILacVa2rdo	CCSBORF3756	1	CCSBORF53344	3AT	2	390T>G	12124	NC_000020.11:58439018:T:G	CCSBVarC015538	ENSP00000417175.1:p.Asp130Glu	VAPB	ENSG00000124164	TTC39B
HsVcPPILacVa2rdo	CCSBORF3756	1	CCSBORF53344	3AT	2	486T>A	2866	NC_000020.11:58440995:T:A	CCSBVarC015540	ENSP00000417175.1:p.Asp162Glu	VAPB	ENSG00000124164	TTC39B
HsVcPPILacVa2rdo	CCSBORF138	1	CCSBORF14447	3AT	2	REF	6225	NULL	NULL	NULL	MYD88	ENSG00000172936	SPOPL
HsVcPPILacVa2rdo	CCSBORF138	1	CCSBORF14447	3AT	2	278T>C	71	NC_000003.12:38138977:T:C	CCSBVarC000007	ENSP00000498360.2:p.Leu93Pro	MYD88	ENSG00000172936	SPOPL
HsVcPPILacVa2rdo	CCSBORF138	1	CCSBORF14447	3AT	2	394G>A	1419	NC_000003.12:38139928:G:A	CCSBVarC015085	ENSP00000498360.2:p.Ala132Thr	MYD88	ENSG00000172936	SPOPL
HsVcPPILacVa2rdo	CCSBORF138	1	CCSBORF14447	3AT	2	538C>T	4927	NC_000003.12:38140461:C:T	CCSBVarC015088	ENSP00000498360.2:p.Arg180Trp	MYD88	ENSG00000172936	SPOPL
HsVcPPILacVa2rdo	CCSBORF138	1	CCSBORF14447	3AT	2	586C>T	1926	NC_000003.12:38140509:C:T	CCSBVarC000008	ENSP00000498360.2:p.Arg196Cys	MYD88	ENSG00000172936	SPOPL
HsVcPPILacVa2rdo	CCSBORF138	1	CCSBORF14447	3AT	2	604A>C	11431	NC_000003.12:38140527:A:C	CCSBVarC015091	ENSP00000498360.2:p.Thr202Pro	MYD88	ENSG00000172936	SPOPL
HsVcPPILacVa2rdo	CCSBORF138	1	CCSBORF14447	3AT	2	80T>C	35291	NC_000003.12:38138779:T:C	CCSBVarC015094	ENSP00000498360.2:p.Met27Thr	MYD88	ENSG00000172936	SPOPL
HsVcPPILacVa2rdo	CCSBORF7637	2	CCSBORF100014733	3AT	2	REF	3025	NULL	NULL	NULL	CFP	ENSG00000126759	KRTAP6-2
HsVcPPILacVa2rdo	CCSBORF7637	2	CCSBORF100014733	3AT	2	1036C>T	9	NC_000023.11:47626423:G:A	CCSBVarC001213	ENSP00000380189.3:p.Arg346Cys	CFP	ENSG00000126759	KRTAP6-2
HsVcPPILacVa2rdo	CCSBORF7637	2	CCSBORF100014733	3AT	2	104A>G	98	NC_000023.11:47629646:T:C	CCSBVarC017053	ENSP00000380189.3:p.Gln35Arg	CFP	ENSG00000126759	KRTAP6-2
HsVcPPILacVa2rdo	CCSBORF7637	2	CCSBORF100014733	3AT	2	1174A>C	51	NC_000023.11:47626127:T:G	CCSBVarC017070	ENSP00000380189.3:p.Met392Leu	CFP	ENSG00000126759	KRTAP6-2
HsVcPPILacVa2rdo	CCSBORF7637	2	CCSBORF100014733	3AT	2	1198A>G	1622	NC_000023.11:47626103:T:C	CCSBVarC017073	ENSP00000380189.3:p.Thr400Ala	CFP	ENSG00000126759	KRTAP6-2
HsVcPPILacVa2rdo	CCSBORF7637	2	CCSBORF100014733	3AT	2	1223C>T	11	NC_000023.11:47626078:G:A	CCSBVarC017077	ENSP00000380189.3:p.Thr408Ile	CFP	ENSG00000126759	KRTAP6-2
HsVcPPILacVa2rdo	CCSBORF7637	2	CCSBORF100014733	3AT	2	1291T>G	18	NC_000023.11:47624393:A:C	CCSBVarC017081	ENSP00000380189.3:p.Phe431Val	CFP	ENSG00000126759	KRTAP6-2
HsVcPPILacVa2rdo	CCSBORF7637	2	CCSBORF100014733	3AT	2	1309C>A	4199	NC_000023.11:47624375:G:T	CCSBVarC017085	ENSP00000380189.3:p.Pro437Thr	CFP	ENSG00000126759	KRTAP6-2
HsVcPPILacVa2rdo	CCSBORF7637	2	CCSBORF100014733	3AT	2	157G>A	2157	NC_000023.11:47629593:C:T	CCSBVarC010166	ENSP00000380189.3:p.Val53Met	CFP	ENSG00000126759	KRTAP6-2
HsVcPPILacVa2rdo	CCSBORF7637	2	CCSBORF100014733	3AT	2	209G>A	10	NC_000023.11:47629541:C:T	CCSBVarC017089	ENSP00000380189.3:p.Gly70Glu	CFP	ENSG00000126759	KRTAP6-2
HsVcPPILacVa2rdo	CCSBORF7637	2	CCSBORF100014733	3AT	2	28C>G	66	NC_000023.11:47629816:G:C	CCSBVarC017093	ENSP00000380189.3:p.Arg10Gly	CFP	ENSG00000126759	KRTAP6-2
HsVcPPILacVa2rdo	CCSBORF7637	2	CCSBORF100014733	3AT	2	298C>T	1161	NC_000023.11:47628206:G:A	CCSBVarC001211	ENSP00000380189.3:p.Arg100Trp	CFP	ENSG00000126759	KRTAP6-2
HsVcPPILacVa2rdo	CCSBORF7637	2	CCSBORF100014733	3AT	2	313G>A	0	NC_000023.11:47628191:C:T	CCSBVarC017097	ENSP00000380189.3:p.Val105Met	CFP	ENSG00000126759	KRTAP6-2
HsVcPPILacVa2rdo	CCSBORF7637	2	CCSBORF100014733	3AT	2	391C>G	5	NC_000023.11:47628113:G:C	CCSBVarC017101	ENSP00000380189.3:p.Gln131Glu	CFP	ENSG00000126759	KRTAP6-2
HsVcPPILacVa2rdo	CCSBORF7637	2	CCSBORF100014733	3AT	2	44C>T	62	NC_000023.11:47629800:G:A	CCSBVarC017105	ENSP00000380189.3:p.Pro15Leu	CFP	ENSG00000126759	KRTAP6-2
HsVcPPILacVa2rdo	CCSBORF7637	2	CCSBORF100014733	3AT	2	470G>A	95	NC_000023.11:47627574:C:T	CCSBVarC017120	ENSP00000380189.3:p.Arg157Gln	CFP	ENSG00000126759	KRTAP6-2
HsVcPPILacVa2rdo	CCSBORF7637	2	CCSBORF100014733	3AT	2	580G>A	8	NC_000023.11:47627326:C:T	CCSBVarC017124	ENSP00000380189.3:p.Gly194Arg	CFP	ENSG00000126759	KRTAP6-2
HsVcPPILacVa2rdo	CCSBORF7637	2	CCSBORF100014733	3AT	2	611C>T	2971	NC_000023.11:47627295:G:A	CCSBVarC010163	ENSP00000380189.3:p.Pro204Leu	CFP	ENSG00000126759	KRTAP6-2
HsVcPPILacVa2rdo	CCSBORF7637	2	CCSBORF100014733	3AT	2	665G>A	1157	NC_000023.11:47627241:C:T	CCSBVarC017128	ENSP00000380189.3:p.Arg222His	CFP	ENSG00000126759	KRTAP6-2
HsVcPPILacVa2rdo	CCSBORF7637	2	CCSBORF100014733	3AT	2	716C>T	18	NC_000023.11:47627190:G:A	CCSBVarC017132	ENSP00000380189.3:p.Pro239Leu	CFP	ENSG00000126759	KRTAP6-2
HsVcPPILacVa2rdo	CCSBORF7637	2	CCSBORF100014733	3AT	2	748G>A	3546	NC_000023.11:47627158:C:T	CCSBVarC008473	ENSP00000380189.3:p.Gly250Ser	CFP	ENSG00000126759	KRTAP6-2
HsVcPPILacVa2rdo	CCSBORF7637	2	CCSBORF100014733	3AT	2	769G>A	624	NC_000023.11:47626943:C:T	CCSBVarC017135	ENSP00000380189.3:p.Ala257Thr	CFP	ENSG00000126759	KRTAP6-2
HsVcPPILacVa2rdo	CCSBORF7637	2	CCSBORF100014733	3AT	2	88G>A	4546	NC_000023.11:47629662:C:T	CCSBVarC017139	ENSP00000380189.3:p.Val30Met	CFP	ENSG00000126759	KRTAP6-2
HsVcPPILacVa2rdo	CCSBORF7637	2	CCSBORF100014733	3AT	2	893G>T	7	NC_000023.11:47626819:C:A	CCSBVarC010172	ENSP00000380189.3:p.Gly298Val	CFP	ENSG00000126759	KRTAP6-2
HsVcPPILacVa2rdo	CCSBORF71077	1	CCSBORF12685	3AT	2	REF	375	NULL	NULL	NULL	IMPDH1	ENSG00000106348	RAD54L2
HsVcPPILacVa2rdo	CCSBORF71077	1	CCSBORF12685	3AT	2	1184C>G	0	NC_000007.14:128395243:G:C	CCSBVarC017170	ENSP00000265385.8:p.Ala395Gly	IMPDH1	ENSG00000106348	RAD54L2
HsVcPPILacVa2rdo	CCSBORF71077	1	CCSBORF12685	3AT	2	1262A>C	1	NC_000007.14:128395165:T:G	CCSBVarC002717	ENSP00000265385.8:p.His421Pro	IMPDH1	ENSG00000106348	RAD54L2
HsVcPPILacVa2rdo	CCSBORF71077	1	CCSBORF12685	3AT	2	1321G>A	5	NC_000007.14:128395009:C:T	CCSBVarC017176	ENSP00000265385.8:p.Ala441Thr	IMPDH1	ENSG00000106348	RAD54L2
HsVcPPILacVa2rdo	CCSBORF71077	1	CCSBORF12685	3AT	2	1381C>T	10	NC_000007.14:128394949:G:A	CCSBVarC017182	ENSP00000265385.8:p.Arg461Trp	IMPDH1	ENSG00000106348	RAD54L2
HsVcPPILacVa2rdo	CCSBORF71077	1	CCSBORF12685	3AT	2	1451A>C	197	NC_000007.14:128394590:T:G	CCSBVarC017187	ENSP00000265385.8:p.Asp484Ala	IMPDH1	ENSG00000106348	RAD54L2
HsVcPPILacVa2rdo	CCSBORF71077	1	CCSBORF12685	3AT	2	1490A>G	2	NC_000007.14:128394551:T:C	CCSBVarC017189	ENSP00000265385.8:p.Gln497Arg	IMPDH1	ENSG00000106348	RAD54L2
HsVcPPILacVa2rdo	CCSBORF71077	1	CCSBORF12685	3AT	2	1622A>G	6	NC_000007.14:128394325:T:C	CCSBVarC017192	ENSP00000265385.8:p.Lys541Arg	IMPDH1	ENSG00000106348	RAD54L2
HsVcPPILacVa2rdo	CCSBORF71077	1	CCSBORF12685	3AT	2	269T>C	25	NC_000007.14:128403730:A:G	CCSBVarC017194	ENSP00000265385.8:p.Phe90Ser	IMPDH1	ENSG00000106348	RAD54L2
HsVcPPILacVa2rdo	CCSBORF71077	1	CCSBORF12685	3AT	2	352C>G	5	NC_000007.14:128401058:G:C	CCSBVarC017196	ENSP00000265385.8:p.Pro118Ala	IMPDH1	ENSG00000106348	RAD54L2
HsVcPPILacVa2rdo	CCSBORF71077	1	CCSBORF12685	3AT	2	376G>A	5	NC_000007.14:128401034:C:T	CCSBVarC017198	ENSP00000265385.8:p.Asp126Asn	IMPDH1	ENSG00000106348	RAD54L2
HsVcPPILacVa2rdo	CCSBORF71077	1	CCSBORF12685	3AT	2	474G>C	7	NC_000007.14:128400536:C:G	CCSBVarC016389	ENSP00000265385.8:p.Lys158Asn	IMPDH1	ENSG00000106348	RAD54L2
HsVcPPILacVa2rdo	CCSBORF71077	1	CCSBORF12685	3AT	2	526G>A	1403	NC_000007.14:128400484:C:T	CCSBVarC016393	ENSP00000265385.8:p.Val176Met	IMPDH1	ENSG00000106348	RAD54L2
HsVcPPILacVa2rdo	CCSBORF71077	1	CCSBORF12685	3AT	2	620T>C	1172	NC_000007.14:128400390:A:G	CCSBVarC016409	ENSP00000265385.8:p.Val207Ala	IMPDH1	ENSG00000106348	RAD54L2
HsVcPPILacVa2rdo	CCSBORF71077	1	CCSBORF12685	3AT	2	661A>G	6	NC_000007.14:128400349:T:C	CCSBVarC016415	ENSP00000265385.8:p.Thr221Ala	IMPDH1	ENSG00000106348	RAD54L2
HsVcPPILacVa2rdo	CCSBORF71077	1	CCSBORF12685	3AT	2	71G>C	1	NC_000007.14:128409830:C:G	CCSBVarC016466	ENSP00000265385.8:p.Arg24Pro	IMPDH1	ENSG00000106348	RAD54L2
HsVcPPILacVa2rdo	CCSBORF71077	1	CCSBORF12685	3AT	2	733G>C	1750	NC_000007.14:128400127:C:G	CCSBVarC016492	ENSP00000265385.8:p.Glu245Gln	IMPDH1	ENSG00000106348	RAD54L2
HsVcPPILacVa2rdo	CCSBORF71077	1	CCSBORF12685	3AT	2	741T>G	5	NC_000007.14:128400119:A:C	CCSBVarC016502	ENSP00000265385.8:p.Asn247Lys	IMPDH1	ENSG00000106348	RAD54L2
HsVcPPILacVa2rdo	CCSBORF71077	1	CCSBORF12685	3AT	2	817C>T	2	NC_000007.14:128398562:G:A	CCSBVarC016506	ENSP00000265385.8:p.Arg273Cys	IMPDH1	ENSG00000106348	RAD54L2
HsVcPPILacVa2rdo	CCSBORF71077	1	CCSBORF12685	3AT	2	823G>A	6	NC_000007.14:128398556:C:T	CCSBVarC002715	ENSP00000265385.8:p.Asp275Asn	IMPDH1	ENSG00000106348	RAD54L2
HsVcPPILacVa2rdo	CCSBORF71077	1	CCSBORF12685	3AT	2	824A>G	379	NC_000007.14:128398555:T:C	CCSBVarC016510	ENSP00000265385.8:p.Asp275Gly	IMPDH1	ENSG00000106348	RAD54L2
HsVcPPILacVa2rdo	CCSBORF71077	1	CCSBORF12685	3AT	2	851T>C	519	NC_000007.14:128398528:A:G	CCSBVarC016515	ENSP00000265385.8:p.Leu284Pro	IMPDH1	ENSG00000106348	RAD54L2
HsVcPPILacVa2rdo	CCSBORF71077	1	CCSBORF12685	3AT	2	860A>G	206	NC_000007.14:128398519:T:C	CCSBVarC016524	ENSP00000265385.8:p.Lys287Arg	IMPDH1	ENSG00000106348	RAD54L2
HsVcPPILacVa2rdo	CCSBORF71077	1	CCSBORF12685	3AT	2	884G>C	403	NC_000007.14:128398495:C:G	CCSBVarC016594	ENSP00000265385.8:p.Cys295Ser	IMPDH1	ENSG00000106348	RAD54L2
HsVcPPILacVa2rdo	CCSBORF7866	1	CCSBORF6932	3AT	2	REF	1398	NULL	NULL	NULL	EFHC1	ENSG00000096093	RCN1
HsVcPPILacVa2rdo	CCSBORF7866	1	CCSBORF6932	3AT	2	1180G>T	8	NC_000006.12:52469374:G:T	CCSBVarC001266	ENSP00000360107.4:p.Ala394Ser	EFHC1	ENSG00000096093	RCN1
HsVcPPILacVa2rdo	CCSBORF7866	1	CCSBORF6932	3AT	2	1343T>C	380	NC_000006.12:52479100:T:C	CCSBVarC002921	ENSP00000360107.4:p.Met448Thr	EFHC1	ENSG00000096093	RCN1
HsVcPPILacVa2rdo	CCSBORF7866	1	CCSBORF6932	3AT	2	1523C>G	743	NC_000006.12:52479669:C:G	CCSBVarC001267	ENSP00000360107.4:p.Thr508Arg	EFHC1	ENSG00000096093	RCN1
HsVcPPILacVa2rdo	CCSBORF7866	1	CCSBORF6932	3AT	2	1820A>G	102	NC_000006.12:52490318:A:G	CCSBVarC017141	ENSP00000360107.4:p.Asn607Ser	EFHC1	ENSG00000096093	RCN1
HsVcPPILacVa2rdo	CCSBORF7866	1	CCSBORF6932	3AT	2	229C>A	742	NC_000006.12:52424110:C:A	CCSBVarC001264	ENSP00000360107.4:p.Pro77Thr	EFHC1	ENSG00000096093	RCN1
HsVcPPILacVa2rdo	CCSBORF7866	1	CCSBORF6932	3AT	2	475C>G	91	NC_000006.12:52438492:C:G	CCSBVarC017143	ENSP00000360107.4:p.Arg159Gly	EFHC1	ENSG00000096093	RCN1
HsVcPPILacVa2rdo	CCSBORF7866	1	CCSBORF6932	3AT	2	475C>T	6652	NC_000006.12:52438492:C:T	CCSBVarC002919	ENSP00000360107.4:p.Arg159Trp	EFHC1	ENSG00000096093	RCN1
HsVcPPILacVa2rdo	CCSBORF7866	1	CCSBORF6932	3AT	2	520A>G	7165	NC_000006.12:52438537:A:G	CCSBVarC003446	ENSP00000360107.4:p.Ile174Val	EFHC1	ENSG00000096093	RCN1
HsVcPPILacVa2rdo	CCSBORF7866	1	CCSBORF6932	3AT	2	628G>A	660	NC_000006.12:52452741:G:A	CCSBVarC003447	ENSP00000360107.4:p.Asp210Asn	EFHC1	ENSG00000096093	RCN1
HsVcPPILacVa2rdo	CCSBORF7866	1	CCSBORF6932	3AT	2	662G>A	21	NC_000006.12:52452775:G:A	CCSBVarC001265	ENSP00000360107.4:p.Arg221His	EFHC1	ENSG00000096093	RCN1
HsVcPPILacVa2rdo	CCSBORF7866	1	CCSBORF6932	3AT	2	685T>C	12	NC_000006.12:52452798:T:C	CCSBVarC003448	ENSP00000360107.4:p.Phe229Leu	EFHC1	ENSG00000096093	RCN1
HsVcPPILacVa2rdo	CCSBORF7866	1	CCSBORF6932	3AT	2	757G>T	19	NC_000006.12:52454127:G:T	CCSBVarC003449	ENSP00000360107.4:p.Asp253Tyr	EFHC1	ENSG00000096093	RCN1
HsVcPPILacVa2rdo	CCSBORF7866	1	CCSBORF6932	3AT	2	776G>A	3	NC_000006.12:52454146:G:A	CCSBVarC003450	ENSP00000360107.4:p.Cys259Tyr	EFHC1	ENSG00000096093	RCN1
HsVcPPILacVa2rdo	CCSBORF3756	1	CCSBORF0	3AT	2	REF	3	NULL	NULL	NULL	VAPB	ENSG00000124164	empty_AD
HsVcPPILacVa2rdo	CCSBORF3756	1	CCSBORF0	3AT	2	137C>T	11	NC_000020.11:58418288:C:T	CCSBVarC005852	ENSP00000417175.1:p.Thr46Ile	VAPB	ENSG00000124164	empty_AD
HsVcPPILacVa2rdo	CCSBORF3756	1	CCSBORF0	3AT	2	166C>T	4	NC_000020.11:58418317:C:T	CCSBVarC000544	ENSP00000417175.1:p.Pro56Ser	VAPB	ENSG00000124164	empty_AD
HsVcPPILacVa2rdo	CCSBORF3756	1	CCSBORF0	3AT	2	390T>G	3	NC_000020.11:58439018:T:G	CCSBVarC015538	ENSP00000417175.1:p.Asp130Glu	VAPB	ENSG00000124164	empty_AD
HsVcPPILacVa2rdo	CCSBORF3756	1	CCSBORF0	3AT	2	486T>A	0	NC_000020.11:58440995:T:A	CCSBVarC015540	ENSP00000417175.1:p.Asp162Glu	VAPB	ENSG00000124164	empty_AD
HsVcPPILacVa2rdo	CCSBORF138	1	CCSBORF0	3AT	2	REF	1	NULL	NULL	NULL	MYD88	ENSG00000172936	empty_AD
HsVcPPILacVa2rdo	CCSBORF138	1	CCSBORF0	3AT	2	278T>C	2	NC_000003.12:38138977:T:C	CCSBVarC000007	ENSP00000498360.2:p.Leu93Pro	MYD88	ENSG00000172936	empty_AD
HsVcPPILacVa2rdo	CCSBORF138	1	CCSBORF0	3AT	2	394G>A	2	NC_000003.12:38139928:G:A	CCSBVarC015085	ENSP00000498360.2:p.Ala132Thr	MYD88	ENSG00000172936	empty_AD
HsVcPPILacVa2rdo	CCSBORF138	1	CCSBORF0	3AT	2	538C>T	1	NC_000003.12:38140461:C:T	CCSBVarC015088	ENSP00000498360.2:p.Arg180Trp	MYD88	ENSG00000172936	empty_AD
HsVcPPILacVa2rdo	CCSBORF138	1	CCSBORF0	3AT	2	586C>T	1	NC_000003.12:38140509:C:T	CCSBVarC000008	ENSP00000498360.2:p.Arg196Cys	MYD88	ENSG00000172936	empty_AD
HsVcPPILacVa2rdo	CCSBORF138	1	CCSBORF0	3AT	2	604A>C	4	NC_000003.12:38140527:A:C	CCSBVarC015091	ENSP00000498360.2:p.Thr202Pro	MYD88	ENSG00000172936	empty_AD
HsVcPPILacVa2rdo	CCSBORF138	1	CCSBORF0	3AT	2	80T>C	4	NC_000003.12:38138779:T:C	CCSBVarC015094	ENSP00000498360.2:p.Met27Thr	MYD88	ENSG00000172936	empty_AD
HsVcPPILacVa2rdo	CCSBORF7637	2	CCSBORF0	3AT	2	REF	0	NULL	NULL	NULL	CFP	ENSG00000126759	empty_AD
HsVcPPILacVa2rdo	CCSBORF7637	2	CCSBORF0	3AT	2	1036C>T	0	NC_000023.11:47626423:G:A	CCSBVarC001213	ENSP00000380189.3:p.Arg346Cys	CFP	ENSG00000126759	empty_AD
HsVcPPILacVa2rdo	CCSBORF7637	2	CCSBORF0	3AT	2	104A>G	0	NC_000023.11:47629646:T:C	CCSBVarC017053	ENSP00000380189.3:p.Gln35Arg	CFP	ENSG00000126759	empty_AD
HsVcPPILacVa2rdo	CCSBORF7637	2	CCSBORF0	3AT	2	1174A>C	0	NC_000023.11:47626127:T:G	CCSBVarC017070	ENSP00000380189.3:p.Met392Leu	CFP	ENSG00000126759	empty_AD
HsVcPPILacVa2rdo	CCSBORF7637	2	CCSBORF0	3AT	2	1198A>G	0	NC_000023.11:47626103:T:C	CCSBVarC017073	ENSP00000380189.3:p.Thr400Ala	CFP	ENSG00000126759	empty_AD
HsVcPPILacVa2rdo	CCSBORF7637	2	CCSBORF0	3AT	2	1223C>T	0	NC_000023.11:47626078:G:A	CCSBVarC017077	ENSP00000380189.3:p.Thr408Ile	CFP	ENSG00000126759	empty_AD
HsVcPPILacVa2rdo	CCSBORF7637	2	CCSBORF0	3AT	2	1291T>G	0	NC_000023.11:47624393:A:C	CCSBVarC017081	ENSP00000380189.3:p.Phe431Val	CFP	ENSG00000126759	empty_AD
HsVcPPILacVa2rdo	CCSBORF7637	2	CCSBORF0	3AT	2	1309C>A	2	NC_000023.11:47624375:G:T	CCSBVarC017085	ENSP00000380189.3:p.Pro437Thr	CFP	ENSG00000126759	empty_AD
HsVcPPILacVa2rdo	CCSBORF7637	2	CCSBORF0	3AT	2	157G>A	3	NC_000023.11:47629593:C:T	CCSBVarC010166	ENSP00000380189.3:p.Val53Met	CFP	ENSG00000126759	empty_AD
HsVcPPILacVa2rdo	CCSBORF7637	2	CCSBORF0	3AT	2	209G>A	0	NC_000023.11:47629541:C:T	CCSBVarC017089	ENSP00000380189.3:p.Gly70Glu	CFP	ENSG00000126759	empty_AD
HsVcPPILacVa2rdo	CCSBORF7637	2	CCSBORF0	3AT	2	28C>G	0	NC_000023.11:47629816:G:C	CCSBVarC017093	ENSP00000380189.3:p.Arg10Gly	CFP	ENSG00000126759	empty_AD
HsVcPPILacVa2rdo	CCSBORF7637	2	CCSBORF0	3AT	2	298C>T	1	NC_000023.11:47628206:G:A	CCSBVarC001211	ENSP00000380189.3:p.Arg100Trp	CFP	ENSG00000126759	empty_AD
HsVcPPILacVa2rdo	CCSBORF7637	2	CCSBORF0	3AT	2	313G>A	0	NC_000023.11:47628191:C:T	CCSBVarC017097	ENSP00000380189.3:p.Val105Met	CFP	ENSG00000126759	empty_AD
HsVcPPILacVa2rdo	CCSBORF7637	2	CCSBORF0	3AT	2	391C>G	0	NC_000023.11:47628113:G:C	CCSBVarC017101	ENSP00000380189.3:p.Gln131Glu	CFP	ENSG00000126759	empty_AD
HsVcPPILacVa2rdo	CCSBORF7637	2	CCSBORF0	3AT	2	44C>T	0	NC_000023.11:47629800:G:A	CCSBVarC017105	ENSP00000380189.3:p.Pro15Leu	CFP	ENSG00000126759	empty_AD
HsVcPPILacVa2rdo	CCSBORF7637	2	CCSBORF0	3AT	2	470G>A	0	NC_000023.11:47627574:C:T	CCSBVarC017120	ENSP00000380189.3:p.Arg157Gln	CFP	ENSG00000126759	empty_AD
HsVcPPILacVa2rdo	CCSBORF7637	2	CCSBORF0	3AT	2	580G>A	0	NC_000023.11:47627326:C:T	CCSBVarC017124	ENSP00000380189.3:p.Gly194Arg	CFP	ENSG00000126759	empty_AD
HsVcPPILacVa2rdo	CCSBORF7637	2	CCSBORF0	3AT	2	611C>T	0	NC_000023.11:47627295:G:A	CCSBVarC010163	ENSP00000380189.3:p.Pro204Leu	CFP	ENSG00000126759	empty_AD
HsVcPPILacVa2rdo	CCSBORF7637	2	CCSBORF0	3AT	2	665G>A	0	NC_000023.11:47627241:C:T	CCSBVarC017128	ENSP00000380189.3:p.Arg222His	CFP	ENSG00000126759	empty_AD
HsVcPPILacVa2rdo	CCSBORF7637	2	CCSBORF0	3AT	2	716C>T	0	NC_000023.11:47627190:G:A	CCSBVarC017132	ENSP00000380189.3:p.Pro239Leu	CFP	ENSG00000126759	empty_AD
HsVcPPILacVa2rdo	CCSBORF7637	2	CCSBORF0	3AT	2	748G>A	1	NC_000023.11:47627158:C:T	CCSBVarC008473	ENSP00000380189.3:p.Gly250Ser	CFP	ENSG00000126759	empty_AD
HsVcPPILacVa2rdo	CCSBORF7637	2	CCSBORF0	3AT	2	769G>A	0	NC_000023.11:47626943:C:T	CCSBVarC017135	ENSP00000380189.3:p.Ala257Thr	CFP	ENSG00000126759	empty_AD
HsVcPPILacVa2rdo	CCSBORF7637	2	CCSBORF0	3AT	2	88G>A	2	NC_000023.11:47629662:C:T	CCSBVarC017139	ENSP00000380189.3:p.Val30Met	CFP	ENSG00000126759	empty_AD
HsVcPPILacVa2rdo	CCSBORF7637	2	CCSBORF0	3AT	2	893G>T	0	NC_000023.11:47626819:C:A	CCSBVarC010172	ENSP00000380189.3:p.Gly298Val	CFP	ENSG00000126759	empty_AD
HsVcPPILacVa2rdo	CCSBORF71077	1	CCSBORF6490	3AT	2	REF	1307	NULL	NULL	NULL	IMPDH1	ENSG00000106348	PIAS2
HsVcPPILacVa2rdo	CCSBORF71077	1	CCSBORF6490	3AT	2	1184C>G	5	NC_000007.14:128395243:G:C	CCSBVarC017170	ENSP00000265385.8:p.Ala395Gly	IMPDH1	ENSG00000106348	PIAS2
HsVcPPILacVa2rdo	CCSBORF71077	1	CCSBORF6490	3AT	2	1262A>C	0	NC_000007.14:128395165:T:G	CCSBVarC002717	ENSP00000265385.8:p.His421Pro	IMPDH1	ENSG00000106348	PIAS2
HsVcPPILacVa2rdo	CCSBORF71077	1	CCSBORF6490	3AT	2	1321G>A	18	NC_000007.14:128395009:C:T	CCSBVarC017176	ENSP00000265385.8:p.Ala441Thr	IMPDH1	ENSG00000106348	PIAS2
HsVcPPILacVa2rdo	CCSBORF71077	1	CCSBORF6490	3AT	2	1381C>T	19	NC_000007.14:128394949:G:A	CCSBVarC017182	ENSP00000265385.8:p.Arg461Trp	IMPDH1	ENSG00000106348	PIAS2
HsVcPPILacVa2rdo	CCSBORF71077	1	CCSBORF6490	3AT	2	1451A>C	1620	NC_000007.14:128394590:T:G	CCSBVarC017187	ENSP00000265385.8:p.Asp484Ala	IMPDH1	ENSG00000106348	PIAS2
HsVcPPILacVa2rdo	CCSBORF71077	1	CCSBORF6490	3AT	2	1490A>G	11	NC_000007.14:128394551:T:C	CCSBVarC017189	ENSP00000265385.8:p.Gln497Arg	IMPDH1	ENSG00000106348	PIAS2
HsVcPPILacVa2rdo	CCSBORF71077	1	CCSBORF6490	3AT	2	1622A>G	33	NC_000007.14:128394325:T:C	CCSBVarC017192	ENSP00000265385.8:p.Lys541Arg	IMPDH1	ENSG00000106348	PIAS2
HsVcPPILacVa2rdo	CCSBORF71077	1	CCSBORF6490	3AT	2	269T>C	56	NC_000007.14:128403730:A:G	CCSBVarC017194	ENSP00000265385.8:p.Phe90Ser	IMPDH1	ENSG00000106348	PIAS2
HsVcPPILacVa2rdo	CCSBORF71077	1	CCSBORF6490	3AT	2	352C>G	41	NC_000007.14:128401058:G:C	CCSBVarC017196	ENSP00000265385.8:p.Pro118Ala	IMPDH1	ENSG00000106348	PIAS2
HsVcPPILacVa2rdo	CCSBORF71077	1	CCSBORF6490	3AT	2	376G>A	10	NC_000007.14:128401034:C:T	CCSBVarC017198	ENSP00000265385.8:p.Asp126Asn	IMPDH1	ENSG00000106348	PIAS2
HsVcPPILacVa2rdo	CCSBORF71077	1	CCSBORF6490	3AT	2	474G>C	26	NC_000007.14:128400536:C:G	CCSBVarC016389	ENSP00000265385.8:p.Lys158Asn	IMPDH1	ENSG00000106348	PIAS2
HsVcPPILacVa2rdo	CCSBORF71077	1	CCSBORF6490	3AT	2	526G>A	6550	NC_000007.14:128400484:C:T	CCSBVarC016393	ENSP00000265385.8:p.Val176Met	IMPDH1	ENSG00000106348	PIAS2
HsVcPPILacVa2rdo	CCSBORF71077	1	CCSBORF6490	3AT	2	620T>C	4493	NC_000007.14:128400390:A:G	CCSBVarC016409	ENSP00000265385.8:p.Val207Ala	IMPDH1	ENSG00000106348	PIAS2
HsVcPPILacVa2rdo	CCSBORF71077	1	CCSBORF6490	3AT	2	661A>G	23	NC_000007.14:128400349:T:C	CCSBVarC016415	ENSP00000265385.8:p.Thr221Ala	IMPDH1	ENSG00000106348	PIAS2
HsVcPPILacVa2rdo	CCSBORF71077	1	CCSBORF6490	3AT	2	71G>C	11	NC_000007.14:128409830:C:G	CCSBVarC016466	ENSP00000265385.8:p.Arg24Pro	IMPDH1	ENSG00000106348	PIAS2
HsVcPPILacVa2rdo	CCSBORF71077	1	CCSBORF6490	3AT	2	733G>C	559	NC_000007.14:128400127:C:G	CCSBVarC016492	ENSP00000265385.8:p.Glu245Gln	IMPDH1	ENSG00000106348	PIAS2
HsVcPPILacVa2rdo	CCSBORF71077	1	CCSBORF6490	3AT	2	741T>G	12	NC_000007.14:128400119:A:C	CCSBVarC016502	ENSP00000265385.8:p.Asn247Lys	IMPDH1	ENSG00000106348	PIAS2
HsVcPPILacVa2rdo	CCSBORF71077	1	CCSBORF6490	3AT	2	817C>T	5	NC_000007.14:128398562:G:A	CCSBVarC016506	ENSP00000265385.8:p.Arg273Cys	IMPDH1	ENSG00000106348	PIAS2
HsVcPPILacVa2rdo	CCSBORF71077	1	CCSBORF6490	3AT	2	823G>A	23	NC_000007.14:128398556:C:T	CCSBVarC002715	ENSP00000265385.8:p.Asp275Asn	IMPDH1	ENSG00000106348	PIAS2
HsVcPPILacVa2rdo	CCSBORF71077	1	CCSBORF6490	3AT	2	824A>G	10	NC_000007.14:128398555:T:C	CCSBVarC016510	ENSP00000265385.8:p.Asp275Gly	IMPDH1	ENSG00000106348	PIAS2
HsVcPPILacVa2rdo	CCSBORF71077	1	CCSBORF6490	3AT	2	851T>C	11	NC_000007.14:128398528:A:G	CCSBVarC016515	ENSP00000265385.8:p.Leu284Pro	IMPDH1	ENSG00000106348	PIAS2
HsVcPPILacVa2rdo	CCSBORF71077	1	CCSBORF6490	3AT	2	860A>G	20	NC_000007.14:128398519:T:C	CCSBVarC016524	ENSP00000265385.8:p.Lys287Arg	IMPDH1	ENSG00000106348	PIAS2
HsVcPPILacVa2rdo	CCSBORF71077	1	CCSBORF6490	3AT	2	884G>C	5763	NC_000007.14:128398495:C:G	CCSBVarC016594	ENSP00000265385.8:p.Cys295Ser	IMPDH1	ENSG00000106348	PIAS2
HsVcPPILacVa2rdo	CCSBORF7866	1	CCSBORF2680	3AT	2	REF	559	NULL	NULL	NULL	EFHC1	ENSG00000096093	RNF125
HsVcPPILacVa2rdo	CCSBORF7866	1	CCSBORF2680	3AT	2	1180G>T	6	NC_000006.12:52469374:G:T	CCSBVarC001266	ENSP00000360107.4:p.Ala394Ser	EFHC1	ENSG00000096093	RNF125
HsVcPPILacVa2rdo	CCSBORF7866	1	CCSBORF2680	3AT	2	1343T>C	157	NC_000006.12:52479100:T:C	CCSBVarC002921	ENSP00000360107.4:p.Met448Thr	EFHC1	ENSG00000096093	RNF125
HsVcPPILacVa2rdo	CCSBORF7866	1	CCSBORF2680	3AT	2	1523C>G	113	NC_000006.12:52479669:C:G	CCSBVarC001267	ENSP00000360107.4:p.Thr508Arg	EFHC1	ENSG00000096093	RNF125
HsVcPPILacVa2rdo	CCSBORF7866	1	CCSBORF2680	3AT	2	1820A>G	40	NC_000006.12:52490318:A:G	CCSBVarC017141	ENSP00000360107.4:p.Asn607Ser	EFHC1	ENSG00000096093	RNF125
HsVcPPILacVa2rdo	CCSBORF7866	1	CCSBORF2680	3AT	2	229C>A	15	NC_000006.12:52424110:C:A	CCSBVarC001264	ENSP00000360107.4:p.Pro77Thr	EFHC1	ENSG00000096093	RNF125
HsVcPPILacVa2rdo	CCSBORF7866	1	CCSBORF2680	3AT	2	475C>G	180	NC_000006.12:52438492:C:G	CCSBVarC017143	ENSP00000360107.4:p.Arg159Gly	EFHC1	ENSG00000096093	RNF125
HsVcPPILacVa2rdo	CCSBORF7866	1	CCSBORF2680	3AT	2	475C>T	2867	NC_000006.12:52438492:C:T	CCSBVarC002919	ENSP00000360107.4:p.Arg159Trp	EFHC1	ENSG00000096093	RNF125
HsVcPPILacVa2rdo	CCSBORF7866	1	CCSBORF2680	3AT	2	520A>G	3327	NC_000006.12:52438537:A:G	CCSBVarC003446	ENSP00000360107.4:p.Ile174Val	EFHC1	ENSG00000096093	RNF125
HsVcPPILacVa2rdo	CCSBORF7866	1	CCSBORF2680	3AT	2	628G>A	110	NC_000006.12:52452741:G:A	CCSBVarC003447	ENSP00000360107.4:p.Asp210Asn	EFHC1	ENSG00000096093	RNF125
HsVcPPILacVa2rdo	CCSBORF7866	1	CCSBORF2680	3AT	2	662G>A	194	NC_000006.12:52452775:G:A	CCSBVarC001265	ENSP00000360107.4:p.Arg221His	EFHC1	ENSG00000096093	RNF125
HsVcPPILacVa2rdo	CCSBORF7866	1	CCSBORF2680	3AT	2	685T>C	50	NC_000006.12:52452798:T:C	CCSBVarC003448	ENSP00000360107.4:p.Phe229Leu	EFHC1	ENSG00000096093	RNF125
HsVcPPILacVa2rdo	CCSBORF7866	1	CCSBORF2680	3AT	2	757G>T	5	NC_000006.12:52454127:G:T	CCSBVarC003449	ENSP00000360107.4:p.Asp253Tyr	EFHC1	ENSG00000096093	RNF125
HsVcPPILacVa2rdo	CCSBORF7866	1	CCSBORF2680	3AT	2	776G>A	0	NC_000006.12:52454146:G:A	CCSBVarC003450	ENSP00000360107.4:p.Cys259Tyr	EFHC1	ENSG00000096093	RNF125
HsVcPPILacVa2rdo	CCSBORF1231	1	CCSBORF56106	3AT	2	REF	2	NULL	NULL	NULL	AQP1	ENSG00000240583	KRTAP4-2
HsVcPPILacVa2rdo	CCSBORF1231	1	CCSBORF56106	3AT	2	113C>T	0	NC_000007.14:30912021:C:T	CCSBVarC000137	ENSP00000311165.4:p.Pro38Leu	AQP1	ENSG00000240583	KRTAP4-2
HsVcPPILacVa2rdo	CCSBORF1231	1	CCSBORF56106	3AT	2	140A>G	6	NC_000007.14:30912048:A:G	CCSBVarC000138	ENSP00000311165.4:p.Gln47Arg	AQP1	ENSG00000240583	KRTAP4-2
HsVcPPILacVa2rdo	CCSBORF1231	1	CCSBORF56106	3AT	2	319G>A	0	NC_000007.14:30912227:G:A	CCSBVarC015066	ENSP00000311165.4:p.Val107Ile	AQP1	ENSG00000240583	KRTAP4-2
HsVcPPILacVa2rdo	CCSBORF1231	1	CCSBORF56106	3AT	2	320T>G	1	NC_000007.14:30912228:T:G	CCSBVarC015069	ENSP00000311165.4:p.Val107Gly	AQP1	ENSG00000240583	KRTAP4-2
HsVcPPILacVa2rdo	CCSBORF1231	1	CCSBORF56106	3AT	2	494G>A	1	NC_000007.14:30922174:G:A	CCSBVarC015072	ENSP00000311165.4:p.Gly165Asp	AQP1	ENSG00000240583	KRTAP4-2
HsVcPPILacVa2rdo	CCSBORF1231	1	CCSBORF56106	3AT	2	576C>A	0	NC_000007.14:30922589:C:A	CCSBVarC000139	ENSP00000311165.4:p.Asn192Lys	AQP1	ENSG00000240583	KRTAP4-2
HsVcPPILacVa2rdo	CCSBORF11374	2	CCSBORF5498	3AT	2	REF	2820	NULL	NULL	NULL	RP2	ENSG00000102218	OSTF1
HsVcPPILacVa2rdo	CCSBORF11374	2	CCSBORF5498	3AT	2	1046G>C	29	NC_000023.11:46879761:G:C	CCSBVarC014902	ENSP00000218340.3:p.Gly349Ala	RP2	ENSG00000102218	OSTF1
HsVcPPILacVa2rdo	CCSBORF11374	2	CCSBORF5498	3AT	2	122T>C	18	NC_000023.11:46853494:T:C	CCSBVarC014908	ENSP00000218340.3:p.Met41Thr	RP2	ENSG00000102218	OSTF1
HsVcPPILacVa2rdo	CCSBORF11374	2	CCSBORF5498	3AT	2	226G>T	31920	NC_000023.11:46853598:G:T	CCSBVarC014921	ENSP00000218340.3:p.Asp76Tyr	RP2	ENSG00000102218	OSTF1
HsVcPPILacVa2rdo	CCSBORF11374	2	CCSBORF5498	3AT	2	260C>T	1387	NC_000023.11:46853632:C:T	CCSBVarC011436	ENSP00000218340.3:p.Thr87Ile	RP2	ENSG00000102218	OSTF1
HsVcPPILacVa2rdo	CCSBORF11374	2	CCSBORF5498	3AT	2	280G>C	59	NC_000023.11:46853652:G:C	CCSBVarC014952	ENSP00000218340.3:p.Gly94Arg	RP2	ENSG00000102218	OSTF1
HsVcPPILacVa2rdo	CCSBORF11374	2	CCSBORF5498	3AT	2	284C>T	39	NC_000023.11:46853656:C:T	CCSBVarC011462	ENSP00000218340.3:p.Pro95Leu	RP2	ENSG00000102218	OSTF1
HsVcPPILacVa2rdo	CCSBORF11374	2	CCSBORF5498	3AT	2	352C>T	68	NC_000023.11:46853724:C:T	CCSBVarC011442	ENSP00000218340.3:p.Arg118Cys	RP2	ENSG00000102218	OSTF1
HsVcPPILacVa2rdo	CCSBORF11374	2	CCSBORF5498	3AT	2	353G>A	3960	NC_000023.11:46853725:G:A	CCSBVarC001707	ENSP00000218340.3:p.Arg118His	RP2	ENSG00000102218	OSTF1
HsVcPPILacVa2rdo	CCSBORF11374	2	CCSBORF5498	3AT	2	353G>T	676	NC_000023.11:46853725:G:T	CCSBVarC005281	ENSP00000218340.3:p.Arg118Leu	RP2	ENSG00000102218	OSTF1
HsVcPPILacVa2rdo	CCSBORF11374	2	CCSBORF5498	3AT	2	401A>G	81	NC_000023.11:46853773:A:G	CCSBVarC014964	ENSP00000218340.3:p.Gln134Arg	RP2	ENSG00000102218	OSTF1
HsVcPPILacVa2rdo	CCSBORF11374	2	CCSBORF5498	3AT	2	49C>T	2672	NC_000023.11:46837148:C:T	CCSBVarC014978	ENSP00000218340.3:p.Pro17Ser	RP2	ENSG00000102218	OSTF1
HsVcPPILacVa2rdo	CCSBORF11374	2	CCSBORF5498	3AT	2	601A>G	26	NC_000023.11:46853973:A:G	CCSBVarC011432	ENSP00000218340.3:p.Ile201Val	RP2	ENSG00000102218	OSTF1
HsVcPPILacVa2rdo	CCSBORF11374	2	CCSBORF5498	3AT	2	628G>A	96	NC_000023.11:46854000:G:A	CCSBVarC014986	ENSP00000218340.3:p.Val210Ile	RP2	ENSG00000102218	OSTF1
HsVcPPILacVa2rdo	CCSBORF11374	2	CCSBORF5498	3AT	2	667A>G	9	NC_000023.11:46854039:A:G	CCSBVarC014996	ENSP00000218340.3:p.Ile223Val	RP2	ENSG00000102218	OSTF1
HsVcPPILacVa2rdo	CCSBORF11374	2	CCSBORF5498	3AT	2	768G>C	101	NC_000023.11:46854140:G:C	CCSBVarC015005	ENSP00000218340.3:p.Glu256Asp	RP2	ENSG00000102218	OSTF1
HsVcPPILacVa2rdo	CCSBORF11374	2	CCSBORF5498	3AT	2	782G>T	12	NC_000023.11:46860000:G:T	CCSBVarC015014	ENSP00000218340.3:p.Gly261Val	RP2	ENSG00000102218	OSTF1
HsVcPPILacVa2rdo	CCSBORF11374	2	CCSBORF5498	3AT	2	889G>C	25	NC_000023.11:46877509:G:C	CCSBVarC015023	ENSP00000218340.3:p.Val297Leu	RP2	ENSG00000102218	OSTF1
HsVcPPILacVa2rdo	CCSBORF11374	2	CCSBORF5498	3AT	2	8G>C	31	NC_000023.11:46837107:G:C	CCSBVarC011470	ENSP00000218340.3:p.Cys3Ser	RP2	ENSG00000102218	OSTF1
HsVcPPILacVa2rdo	CCSBORF11374	2	CCSBORF5498	3AT	2	959A>G	6	NC_000023.11:46877579:A:G	CCSBVarC011424	ENSP00000218340.3:p.Asn320Ser	RP2	ENSG00000102218	OSTF1
HsVcPPILacVa2rdo	CCSBORF11374	2	CCSBORF5498	3AT	2	970A>G	7	NC_000023.11:46879685:A:G	CCSBVarC015035	ENSP00000218340.3:p.Met324Val	RP2	ENSG00000102218	OSTF1
HsVcPPILacVa2rdo	CCSBORF7637	1	CCSBORF100014733	3AT	2	REF	1306	NULL	NULL	NULL	CFP	ENSG00000126759	KRTAP6-2
HsVcPPILacVa2rdo	CCSBORF7637	1	CCSBORF100014733	3AT	2	1076G>A	21	NC_000023.11:47626383:C:T	CCSBVarC017055	ENSP00000380189.3:p.Arg359Gln	CFP	ENSG00000126759	KRTAP6-2
HsVcPPILacVa2rdo	CCSBORF7637	1	CCSBORF100014733	3AT	2	1180C>T	283	NC_000023.11:47626121:G:A	CCSBVarC017072	ENSP00000380189.3:p.Pro394Ser	CFP	ENSG00000126759	KRTAP6-2
HsVcPPILacVa2rdo	CCSBORF7637	1	CCSBORF100014733	3AT	2	1205C>G	3505	NC_000023.11:47626096:G:C	CCSBVarC017075	ENSP00000380189.3:p.Ala402Gly	CFP	ENSG00000126759	KRTAP6-2
HsVcPPILacVa2rdo	CCSBORF7637	1	CCSBORF100014733	3AT	2	121G>A	149	NC_000023.11:47629629:C:T	CCSBVarC010168	ENSP00000380189.3:p.Gly41Ser	CFP	ENSG00000126759	KRTAP6-2
HsVcPPILacVa2rdo	CCSBORF7637	1	CCSBORF100014733	3AT	2	1237A>G	1447	NC_000023.11:47626064:T:C	CCSBVarC017079	ENSP00000380189.3:p.Lys413Glu	CFP	ENSG00000126759	KRTAP6-2
HsVcPPILacVa2rdo	CCSBORF7637	1	CCSBORF100014733	3AT	2	1240T>G	134	NC_000023.11:47626061:A:C	CCSBVarC004314	ENSP00000380189.3:p.Tyr414Asp	CFP	ENSG00000126759	KRTAP6-2
HsVcPPILacVa2rdo	CCSBORF7637	1	CCSBORF100014733	3AT	2	1301G>C	544	NC_000023.11:47624383:C:G	CCSBVarC017083	ENSP00000380189.3:p.Arg434Thr	CFP	ENSG00000126759	KRTAP6-2
HsVcPPILacVa2rdo	CCSBORF7637	1	CCSBORF100014733	3AT	2	1369C>T	795	NC_000023.11:47624315:G:A	CCSBVarC017087	ENSP00000380189.3:p.His457Tyr	CFP	ENSG00000126759	KRTAP6-2
HsVcPPILacVa2rdo	CCSBORF7637	1	CCSBORF100014733	3AT	2	232C>G	2022	NC_000023.11:47628272:G:C	CCSBVarC017091	ENSP00000380189.3:p.Pro78Ala	CFP	ENSG00000126759	KRTAP6-2
HsVcPPILacVa2rdo	CCSBORF7637	1	CCSBORF100014733	3AT	2	236G>A	75	NC_000023.11:47628268:C:T	CCSBVarC010162	ENSP00000380189.3:p.Arg79Gln	CFP	ENSG00000126759	KRTAP6-2
HsVcPPILacVa2rdo	CCSBORF7637	1	CCSBORF100014733	3AT	2	308G>A	112	NC_000023.11:47628196:C:T	CCSBVarC017095	ENSP00000380189.3:p.Arg103His	CFP	ENSG00000126759	KRTAP6-2
HsVcPPILacVa2rdo	CCSBORF7637	1	CCSBORF100014733	3AT	2	343G>T	3437	NC_000023.11:47628161:C:A	CCSBVarC017099	ENSP00000380189.3:p.Val115Leu	CFP	ENSG00000126759	KRTAP6-2
HsVcPPILacVa2rdo	CCSBORF7637	1	CCSBORF100014733	3AT	2	412G>A	25	NC_000023.11:47627632:C:T	CCSBVarC017103	ENSP00000380189.3:p.Gly138Ser	CFP	ENSG00000126759	KRTAP6-2
HsVcPPILacVa2rdo	CCSBORF7637	1	CCSBORF100014733	3AT	2	469C>T	71	NC_000023.11:47627575:G:A	CCSBVarC017107	ENSP00000380189.3:p.Arg157Trp	CFP	ENSG00000126759	KRTAP6-2
HsVcPPILacVa2rdo	CCSBORF7637	1	CCSBORF100014733	3AT	2	482G>A	31	NC_000023.11:47627562:C:T	CCSBVarC017122	ENSP00000380189.3:p.Arg161Gln	CFP	ENSG00000126759	KRTAP6-2
HsVcPPILacVa2rdo	CCSBORF7637	1	CCSBORF100014733	3AT	2	643G>A	58	NC_000023.11:47627263:C:T	CCSBVarC017126	ENSP00000380189.3:p.Glu215Lys	CFP	ENSG00000126759	KRTAP6-2
HsVcPPILacVa2rdo	CCSBORF7637	1	CCSBORF100014733	3AT	2	709C>T	12	NC_000023.11:47627197:G:A	CCSBVarC017130	ENSP00000380189.3:p.Pro237Ser	CFP	ENSG00000126759	KRTAP6-2
HsVcPPILacVa2rdo	CCSBORF7637	1	CCSBORF100014733	3AT	2	739A>T	177	NC_000023.11:47627167:T:A	CCSBVarC017134	ENSP00000380189.3:p.Arg247Trp	CFP	ENSG00000126759	KRTAP6-2
HsVcPPILacVa2rdo	CCSBORF7637	1	CCSBORF100014733	3AT	2	865C>T	4813	NC_000023.11:47626847:G:A	CCSBVarC017137	ENSP00000380189.3:p.Pro289Ser	CFP	ENSG00000126759	KRTAP6-2
HsVcPPILacVa2rdo	CCSBORF7637	1	CCSBORF100014733	3AT	2	895G>A	86	NC_000023.11:47626817:C:T	CCSBVarC010164	ENSP00000380189.3:p.Asp299Asn	CFP	ENSG00000126759	KRTAP6-2
HsVcPPILacVa2rdo	CCSBORF7637	1	CCSBORF100014733	3AT	2	961T>G	3640	NC_000023.11:47626498:A:C	CCSBVarC010175	ENSP00000380189.3:p.Trp321Gly	CFP	ENSG00000126759	KRTAP6-2
HsVcPPILacVa2rdo	CCSBORF7637	1	CCSBORF100014733	3AT	2	962G>C	23	NC_000023.11:47626497:C:G	CCSBVarC001212	ENSP00000380189.3:p.Trp321Ser	CFP	ENSG00000126759	KRTAP6-2
HsVcPPILacVa2rdo	CCSBORF71077	1	CCSBORF3068	3AT	2	REF	1	NULL	NULL	NULL	IMPDH1	ENSG00000106348	DDIT4L
HsVcPPILacVa2rdo	CCSBORF71077	1	CCSBORF3068	3AT	2	1184C>G	0	NC_000007.14:128395243:G:C	CCSBVarC017170	ENSP00000265385.8:p.Ala395Gly	IMPDH1	ENSG00000106348	DDIT4L
HsVcPPILacVa2rdo	CCSBORF71077	1	CCSBORF3068	3AT	2	1262A>C	0	NC_000007.14:128395165:T:G	CCSBVarC002717	ENSP00000265385.8:p.His421Pro	IMPDH1	ENSG00000106348	DDIT4L
HsVcPPILacVa2rdo	CCSBORF71077	1	CCSBORF3068	3AT	2	1321G>A	0	NC_000007.14:128395009:C:T	CCSBVarC017176	ENSP00000265385.8:p.Ala441Thr	IMPDH1	ENSG00000106348	DDIT4L
HsVcPPILacVa2rdo	CCSBORF71077	1	CCSBORF3068	3AT	2	1381C>T	0	NC_000007.14:128394949:G:A	CCSBVarC017182	ENSP00000265385.8:p.Arg461Trp	IMPDH1	ENSG00000106348	DDIT4L
HsVcPPILacVa2rdo	CCSBORF71077	1	CCSBORF3068	3AT	2	1451A>C	0	NC_000007.14:128394590:T:G	CCSBVarC017187	ENSP00000265385.8:p.Asp484Ala	IMPDH1	ENSG00000106348	DDIT4L
HsVcPPILacVa2rdo	CCSBORF71077	1	CCSBORF3068	3AT	2	1490A>G	0	NC_000007.14:128394551:T:C	CCSBVarC017189	ENSP00000265385.8:p.Gln497Arg	IMPDH1	ENSG00000106348	DDIT4L
HsVcPPILacVa2rdo	CCSBORF71077	1	CCSBORF3068	3AT	2	1622A>G	0	NC_000007.14:128394325:T:C	CCSBVarC017192	ENSP00000265385.8:p.Lys541Arg	IMPDH1	ENSG00000106348	DDIT4L
HsVcPPILacVa2rdo	CCSBORF71077	1	CCSBORF3068	3AT	2	269T>C	0	NC_000007.14:128403730:A:G	CCSBVarC017194	ENSP00000265385.8:p.Phe90Ser	IMPDH1	ENSG00000106348	DDIT4L
HsVcPPILacVa2rdo	CCSBORF71077	1	CCSBORF3068	3AT	2	352C>G	0	NC_000007.14:128401058:G:C	CCSBVarC017196	ENSP00000265385.8:p.Pro118Ala	IMPDH1	ENSG00000106348	DDIT4L
HsVcPPILacVa2rdo	CCSBORF71077	1	CCSBORF3068	3AT	2	376G>A	0	NC_000007.14:128401034:C:T	CCSBVarC017198	ENSP00000265385.8:p.Asp126Asn	IMPDH1	ENSG00000106348	DDIT4L
HsVcPPILacVa2rdo	CCSBORF71077	1	CCSBORF3068	3AT	2	474G>C	0	NC_000007.14:128400536:C:G	CCSBVarC016389	ENSP00000265385.8:p.Lys158Asn	IMPDH1	ENSG00000106348	DDIT4L
HsVcPPILacVa2rdo	CCSBORF71077	1	CCSBORF3068	3AT	2	526G>A	0	NC_000007.14:128400484:C:T	CCSBVarC016393	ENSP00000265385.8:p.Val176Met	IMPDH1	ENSG00000106348	DDIT4L
HsVcPPILacVa2rdo	CCSBORF71077	1	CCSBORF3068	3AT	2	620T>C	1	NC_000007.14:128400390:A:G	CCSBVarC016409	ENSP00000265385.8:p.Val207Ala	IMPDH1	ENSG00000106348	DDIT4L
HsVcPPILacVa2rdo	CCSBORF71077	1	CCSBORF3068	3AT	2	661A>G	0	NC_000007.14:128400349:T:C	CCSBVarC016415	ENSP00000265385.8:p.Thr221Ala	IMPDH1	ENSG00000106348	DDIT4L
HsVcPPILacVa2rdo	CCSBORF71077	1	CCSBORF3068	3AT	2	71G>C	0	NC_000007.14:128409830:C:G	CCSBVarC016466	ENSP00000265385.8:p.Arg24Pro	IMPDH1	ENSG00000106348	DDIT4L
HsVcPPILacVa2rdo	CCSBORF71077	1	CCSBORF3068	3AT	2	733G>C	0	NC_000007.14:128400127:C:G	CCSBVarC016492	ENSP00000265385.8:p.Glu245Gln	IMPDH1	ENSG00000106348	DDIT4L
HsVcPPILacVa2rdo	CCSBORF71077	1	CCSBORF3068	3AT	2	741T>G	0	NC_000007.14:128400119:A:C	CCSBVarC016502	ENSP00000265385.8:p.Asn247Lys	IMPDH1	ENSG00000106348	DDIT4L
HsVcPPILacVa2rdo	CCSBORF71077	1	CCSBORF3068	3AT	2	817C>T	0	NC_000007.14:128398562:G:A	CCSBVarC016506	ENSP00000265385.8:p.Arg273Cys	IMPDH1	ENSG00000106348	DDIT4L
HsVcPPILacVa2rdo	CCSBORF71077	1	CCSBORF3068	3AT	2	823G>A	0	NC_000007.14:128398556:C:T	CCSBVarC002715	ENSP00000265385.8:p.Asp275Asn	IMPDH1	ENSG00000106348	DDIT4L
HsVcPPILacVa2rdo	CCSBORF71077	1	CCSBORF3068	3AT	2	824A>G	0	NC_000007.14:128398555:T:C	CCSBVarC016510	ENSP00000265385.8:p.Asp275Gly	IMPDH1	ENSG00000106348	DDIT4L
HsVcPPILacVa2rdo	CCSBORF71077	1	CCSBORF3068	3AT	2	851T>C	0	NC_000007.14:128398528:A:G	CCSBVarC016515	ENSP00000265385.8:p.Leu284Pro	IMPDH1	ENSG00000106348	DDIT4L
HsVcPPILacVa2rdo	CCSBORF71077	1	CCSBORF3068	3AT	2	860A>G	0	NC_000007.14:128398519:T:C	CCSBVarC016524	ENSP00000265385.8:p.Lys287Arg	IMPDH1	ENSG00000106348	DDIT4L
HsVcPPILacVa2rdo	CCSBORF71077	1	CCSBORF3068	3AT	2	884G>C	2	NC_000007.14:128398495:C:G	CCSBVarC016594	ENSP00000265385.8:p.Cys295Ser	IMPDH1	ENSG00000106348	DDIT4L
HsVcPPILacVa2rdo	CCSBORF7866	1	CCSBORF1136	3AT	2	REF	30	NULL	NULL	NULL	EFHC1	ENSG00000096093	LMO2
HsVcPPILacVa2rdo	CCSBORF7866	1	CCSBORF1136	3AT	2	1180G>T	0	NC_000006.12:52469374:G:T	CCSBVarC001266	ENSP00000360107.4:p.Ala394Ser	EFHC1	ENSG00000096093	LMO2
HsVcPPILacVa2rdo	CCSBORF7866	1	CCSBORF1136	3AT	2	1343T>C	5	NC_000006.12:52479100:T:C	CCSBVarC002921	ENSP00000360107.4:p.Met448Thr	EFHC1	ENSG00000096093	LMO2
HsVcPPILacVa2rdo	CCSBORF7866	1	CCSBORF1136	3AT	2	1523C>G	122	NC_000006.12:52479669:C:G	CCSBVarC001267	ENSP00000360107.4:p.Thr508Arg	EFHC1	ENSG00000096093	LMO2
HsVcPPILacVa2rdo	CCSBORF7866	1	CCSBORF1136	3AT	2	1820A>G	0	NC_000006.12:52490318:A:G	CCSBVarC017141	ENSP00000360107.4:p.Asn607Ser	EFHC1	ENSG00000096093	LMO2
HsVcPPILacVa2rdo	CCSBORF7866	1	CCSBORF1136	3AT	2	229C>A	47	NC_000006.12:52424110:C:A	CCSBVarC001264	ENSP00000360107.4:p.Pro77Thr	EFHC1	ENSG00000096093	LMO2
HsVcPPILacVa2rdo	CCSBORF7866	1	CCSBORF1136	3AT	2	475C>G	2	NC_000006.12:52438492:C:G	CCSBVarC017143	ENSP00000360107.4:p.Arg159Gly	EFHC1	ENSG00000096093	LMO2
HsVcPPILacVa2rdo	CCSBORF7866	1	CCSBORF1136	3AT	2	475C>T	445	NC_000006.12:52438492:C:T	CCSBVarC002919	ENSP00000360107.4:p.Arg159Trp	EFHC1	ENSG00000096093	LMO2
HsVcPPILacVa2rdo	CCSBORF7866	1	CCSBORF1136	3AT	2	520A>G	149	NC_000006.12:52438537:A:G	CCSBVarC003446	ENSP00000360107.4:p.Ile174Val	EFHC1	ENSG00000096093	LMO2
HsVcPPILacVa2rdo	CCSBORF7866	1	CCSBORF1136	3AT	2	628G>A	4	NC_000006.12:52452741:G:A	CCSBVarC003447	ENSP00000360107.4:p.Asp210Asn	EFHC1	ENSG00000096093	LMO2
HsVcPPILacVa2rdo	CCSBORF7866	1	CCSBORF1136	3AT	2	662G>A	1	NC_000006.12:52452775:G:A	CCSBVarC001265	ENSP00000360107.4:p.Arg221His	EFHC1	ENSG00000096093	LMO2
HsVcPPILacVa2rdo	CCSBORF7866	1	CCSBORF1136	3AT	2	685T>C	0	NC_000006.12:52452798:T:C	CCSBVarC003448	ENSP00000360107.4:p.Phe229Leu	EFHC1	ENSG00000096093	LMO2
HsVcPPILacVa2rdo	CCSBORF7866	1	CCSBORF1136	3AT	2	757G>T	1	NC_000006.12:52454127:G:T	CCSBVarC003449	ENSP00000360107.4:p.Asp253Tyr	EFHC1	ENSG00000096093	LMO2
HsVcPPILacVa2rdo	CCSBORF7866	1	CCSBORF1136	3AT	2	776G>A	0	NC_000006.12:52454146:G:A	CCSBVarC003450	ENSP00000360107.4:p.Cys259Tyr	EFHC1	ENSG00000096093	LMO2
HsVcPPILacVa2rdo	CCSBORF1231	1	CCSBORF56717	3AT	2	REF	2	NULL	NULL	NULL	AQP1	ENSG00000240583	KRTAP10-8
HsVcPPILacVa2rdo	CCSBORF1231	1	CCSBORF56717	3AT	2	113C>T	0	NC_000007.14:30912021:C:T	CCSBVarC000137	ENSP00000311165.4:p.Pro38Leu	AQP1	ENSG00000240583	KRTAP10-8
HsVcPPILacVa2rdo	CCSBORF1231	1	CCSBORF56717	3AT	2	140A>G	6	NC_000007.14:30912048:A:G	CCSBVarC000138	ENSP00000311165.4:p.Gln47Arg	AQP1	ENSG00000240583	KRTAP10-8
HsVcPPILacVa2rdo	CCSBORF1231	1	CCSBORF56717	3AT	2	319G>A	0	NC_000007.14:30912227:G:A	CCSBVarC015066	ENSP00000311165.4:p.Val107Ile	AQP1	ENSG00000240583	KRTAP10-8
HsVcPPILacVa2rdo	CCSBORF1231	1	CCSBORF56717	3AT	2	320T>G	2	NC_000007.14:30912228:T:G	CCSBVarC015069	ENSP00000311165.4:p.Val107Gly	AQP1	ENSG00000240583	KRTAP10-8
HsVcPPILacVa2rdo	CCSBORF1231	1	CCSBORF56717	3AT	2	494G>A	2	NC_000007.14:30922174:G:A	CCSBVarC015072	ENSP00000311165.4:p.Gly165Asp	AQP1	ENSG00000240583	KRTAP10-8
HsVcPPILacVa2rdo	CCSBORF1231	1	CCSBORF56717	3AT	2	576C>A	0	NC_000007.14:30922589:C:A	CCSBVarC000139	ENSP00000311165.4:p.Asn192Lys	AQP1	ENSG00000240583	KRTAP10-8
HsVcPPILacVa2rdo	CCSBORF11374	2	CCSBORF0	3AT	2	REF	0	NULL	NULL	NULL	RP2	ENSG00000102218	empty_AD
HsVcPPILacVa2rdo	CCSBORF11374	2	CCSBORF0	3AT	2	1046G>C	2	NC_000023.11:46879761:G:C	CCSBVarC014902	ENSP00000218340.3:p.Gly349Ala	RP2	ENSG00000102218	empty_AD
HsVcPPILacVa2rdo	CCSBORF11374	2	CCSBORF0	3AT	2	122T>C	0	NC_000023.11:46853494:T:C	CCSBVarC014908	ENSP00000218340.3:p.Met41Thr	RP2	ENSG00000102218	empty_AD
HsVcPPILacVa2rdo	CCSBORF11374	2	CCSBORF0	3AT	2	226G>T	0	NC_000023.11:46853598:G:T	CCSBVarC014921	ENSP00000218340.3:p.Asp76Tyr	RP2	ENSG00000102218	empty_AD
HsVcPPILacVa2rdo	CCSBORF11374	2	CCSBORF0	3AT	2	260C>T	0	NC_000023.11:46853632:C:T	CCSBVarC011436	ENSP00000218340.3:p.Thr87Ile	RP2	ENSG00000102218	empty_AD
HsVcPPILacVa2rdo	CCSBORF11374	2	CCSBORF0	3AT	2	280G>C	3	NC_000023.11:46853652:G:C	CCSBVarC014952	ENSP00000218340.3:p.Gly94Arg	RP2	ENSG00000102218	empty_AD
HsVcPPILacVa2rdo	CCSBORF11374	2	CCSBORF0	3AT	2	284C>T	0	NC_000023.11:46853656:C:T	CCSBVarC011462	ENSP00000218340.3:p.Pro95Leu	RP2	ENSG00000102218	empty_AD
HsVcPPILacVa2rdo	CCSBORF11374	2	CCSBORF0	3AT	2	352C>T	0	NC_000023.11:46853724:C:T	CCSBVarC011442	ENSP00000218340.3:p.Arg118Cys	RP2	ENSG00000102218	empty_AD
HsVcPPILacVa2rdo	CCSBORF11374	2	CCSBORF0	3AT	2	353G>A	0	NC_000023.11:46853725:G:A	CCSBVarC001707	ENSP00000218340.3:p.Arg118His	RP2	ENSG00000102218	empty_AD
HsVcPPILacVa2rdo	CCSBORF11374	2	CCSBORF0	3AT	2	353G>T	0	NC_000023.11:46853725:G:T	CCSBVarC005281	ENSP00000218340.3:p.Arg118Leu	RP2	ENSG00000102218	empty_AD
HsVcPPILacVa2rdo	CCSBORF11374	2	CCSBORF0	3AT	2	401A>G	0	NC_000023.11:46853773:A:G	CCSBVarC014964	ENSP00000218340.3:p.Gln134Arg	RP2	ENSG00000102218	empty_AD
HsVcPPILacVa2rdo	CCSBORF11374	2	CCSBORF0	3AT	2	49C>T	0	NC_000023.11:46837148:C:T	CCSBVarC014978	ENSP00000218340.3:p.Pro17Ser	RP2	ENSG00000102218	empty_AD
HsVcPPILacVa2rdo	CCSBORF11374	2	CCSBORF0	3AT	2	601A>G	0	NC_000023.11:46853973:A:G	CCSBVarC011432	ENSP00000218340.3:p.Ile201Val	RP2	ENSG00000102218	empty_AD
HsVcPPILacVa2rdo	CCSBORF11374	2	CCSBORF0	3AT	2	628G>A	0	NC_000023.11:46854000:G:A	CCSBVarC014986	ENSP00000218340.3:p.Val210Ile	RP2	ENSG00000102218	empty_AD
HsVcPPILacVa2rdo	CCSBORF11374	2	CCSBORF0	3AT	2	667A>G	0	NC_000023.11:46854039:A:G	CCSBVarC014996	ENSP00000218340.3:p.Ile223Val	RP2	ENSG00000102218	empty_AD
HsVcPPILacVa2rdo	CCSBORF11374	2	CCSBORF0	3AT	2	768G>C	0	NC_000023.11:46854140:G:C	CCSBVarC015005	ENSP00000218340.3:p.Glu256Asp	RP2	ENSG00000102218	empty_AD
HsVcPPILacVa2rdo	CCSBORF11374	2	CCSBORF0	3AT	2	782G>T	0	NC_000023.11:46860000:G:T	CCSBVarC015014	ENSP00000218340.3:p.Gly261Val	RP2	ENSG00000102218	empty_AD
HsVcPPILacVa2rdo	CCSBORF11374	2	CCSBORF0	3AT	2	889G>C	0	NC_000023.11:46877509:G:C	CCSBVarC015023	ENSP00000218340.3:p.Val297Leu	RP2	ENSG00000102218	empty_AD
HsVcPPILacVa2rdo	CCSBORF11374	2	CCSBORF0	3AT	2	8G>C	0	NC_000023.11:46837107:G:C	CCSBVarC011470	ENSP00000218340.3:p.Cys3Ser	RP2	ENSG00000102218	empty_AD
HsVcPPILacVa2rdo	CCSBORF11374	2	CCSBORF0	3AT	2	959A>G	0	NC_000023.11:46877579:A:G	CCSBVarC011424	ENSP00000218340.3:p.Asn320Ser	RP2	ENSG00000102218	empty_AD
HsVcPPILacVa2rdo	CCSBORF11374	2	CCSBORF0	3AT	2	970A>G	0	NC_000023.11:46879685:A:G	CCSBVarC015035	ENSP00000218340.3:p.Met324Val	RP2	ENSG00000102218	empty_AD
HsVcPPILacVa2rdo	CCSBORF7637	1	CCSBORF0	3AT	2	REF	1	NULL	NULL	NULL	CFP	ENSG00000126759	empty_AD
HsVcPPILacVa2rdo	CCSBORF7637	1	CCSBORF0	3AT	2	1076G>A	0	NC_000023.11:47626383:C:T	CCSBVarC017055	ENSP00000380189.3:p.Arg359Gln	CFP	ENSG00000126759	empty_AD
HsVcPPILacVa2rdo	CCSBORF7637	1	CCSBORF0	3AT	2	1180C>T	0	NC_000023.11:47626121:G:A	CCSBVarC017072	ENSP00000380189.3:p.Pro394Ser	CFP	ENSG00000126759	empty_AD
HsVcPPILacVa2rdo	CCSBORF7637	1	CCSBORF0	3AT	2	1205C>G	2	NC_000023.11:47626096:G:C	CCSBVarC017075	ENSP00000380189.3:p.Ala402Gly	CFP	ENSG00000126759	empty_AD
HsVcPPILacVa2rdo	CCSBORF7637	1	CCSBORF0	3AT	2	121G>A	0	NC_000023.11:47629629:C:T	CCSBVarC010168	ENSP00000380189.3:p.Gly41Ser	CFP	ENSG00000126759	empty_AD
HsVcPPILacVa2rdo	CCSBORF7637	1	CCSBORF0	3AT	2	1237A>G	0	NC_000023.11:47626064:T:C	CCSBVarC017079	ENSP00000380189.3:p.Lys413Glu	CFP	ENSG00000126759	empty_AD
HsVcPPILacVa2rdo	CCSBORF7637	1	CCSBORF0	3AT	2	1240T>G	0	NC_000023.11:47626061:A:C	CCSBVarC004314	ENSP00000380189.3:p.Tyr414Asp	CFP	ENSG00000126759	empty_AD
HsVcPPILacVa2rdo	CCSBORF7637	1	CCSBORF0	3AT	2	1301G>C	0	NC_000023.11:47624383:C:G	CCSBVarC017083	ENSP00000380189.3:p.Arg434Thr	CFP	ENSG00000126759	empty_AD
HsVcPPILacVa2rdo	CCSBORF7637	1	CCSBORF0	3AT	2	1369C>T	0	NC_000023.11:47624315:G:A	CCSBVarC017087	ENSP00000380189.3:p.His457Tyr	CFP	ENSG00000126759	empty_AD
HsVcPPILacVa2rdo	CCSBORF7637	1	CCSBORF0	3AT	2	232C>G	4	NC_000023.11:47628272:G:C	CCSBVarC017091	ENSP00000380189.3:p.Pro78Ala	CFP	ENSG00000126759	empty_AD
HsVcPPILacVa2rdo	CCSBORF7637	1	CCSBORF0	3AT	2	236G>A	0	NC_000023.11:47628268:C:T	CCSBVarC010162	ENSP00000380189.3:p.Arg79Gln	CFP	ENSG00000126759	empty_AD
HsVcPPILacVa2rdo	CCSBORF7637	1	CCSBORF0	3AT	2	308G>A	0	NC_000023.11:47628196:C:T	CCSBVarC017095	ENSP00000380189.3:p.Arg103His	CFP	ENSG00000126759	empty_AD
HsVcPPILacVa2rdo	CCSBORF7637	1	CCSBORF0	3AT	2	343G>T	0	NC_000023.11:47628161:C:A	CCSBVarC017099	ENSP00000380189.3:p.Val115Leu	CFP	ENSG00000126759	empty_AD
HsVcPPILacVa2rdo	CCSBORF7637	1	CCSBORF0	3AT	2	412G>A	0	NC_000023.11:47627632:C:T	CCSBVarC017103	ENSP00000380189.3:p.Gly138Ser	CFP	ENSG00000126759	empty_AD
HsVcPPILacVa2rdo	CCSBORF7637	1	CCSBORF0	3AT	2	469C>T	0	NC_000023.11:47627575:G:A	CCSBVarC017107	ENSP00000380189.3:p.Arg157Trp	CFP	ENSG00000126759	empty_AD
HsVcPPILacVa2rdo	CCSBORF7637	1	CCSBORF0	3AT	2	482G>A	0	NC_000023.11:47627562:C:T	CCSBVarC017122	ENSP00000380189.3:p.Arg161Gln	CFP	ENSG00000126759	empty_AD
HsVcPPILacVa2rdo	CCSBORF7637	1	CCSBORF0	3AT	2	643G>A	0	NC_000023.11:47627263:C:T	CCSBVarC017126	ENSP00000380189.3:p.Glu215Lys	CFP	ENSG00000126759	empty_AD
HsVcPPILacVa2rdo	CCSBORF7637	1	CCSBORF0	3AT	2	709C>T	0	NC_000023.11:47627197:G:A	CCSBVarC017130	ENSP00000380189.3:p.Pro237Ser	CFP	ENSG00000126759	empty_AD
HsVcPPILacVa2rdo	CCSBORF7637	1	CCSBORF0	3AT	2	739A>T	0	NC_000023.11:47627167:T:A	CCSBVarC017134	ENSP00000380189.3:p.Arg247Trp	CFP	ENSG00000126759	empty_AD
HsVcPPILacVa2rdo	CCSBORF7637	1	CCSBORF0	3AT	2	865C>T	3	NC_000023.11:47626847:G:A	CCSBVarC017137	ENSP00000380189.3:p.Pro289Ser	CFP	ENSG00000126759	empty_AD
HsVcPPILacVa2rdo	CCSBORF7637	1	CCSBORF0	3AT	2	895G>A	0	NC_000023.11:47626817:C:T	CCSBVarC010164	ENSP00000380189.3:p.Asp299Asn	CFP	ENSG00000126759	empty_AD
HsVcPPILacVa2rdo	CCSBORF7637	1	CCSBORF0	3AT	2	961T>G	1	NC_000023.11:47626498:A:C	CCSBVarC010175	ENSP00000380189.3:p.Trp321Gly	CFP	ENSG00000126759	empty_AD
HsVcPPILacVa2rdo	CCSBORF7637	1	CCSBORF0	3AT	2	962G>C	0	NC_000023.11:47626497:C:G	CCSBVarC001212	ENSP00000380189.3:p.Trp321Ser	CFP	ENSG00000126759	empty_AD
HsVcPPILacVa2rdo	CCSBORF71077	1	CCSBORF0	3AT	2	REF	0	NULL	NULL	NULL	IMPDH1	ENSG00000106348	empty_AD
HsVcPPILacVa2rdo	CCSBORF71077	1	CCSBORF0	3AT	2	1184C>G	0	NC_000007.14:128395243:G:C	CCSBVarC017170	ENSP00000265385.8:p.Ala395Gly	IMPDH1	ENSG00000106348	empty_AD
HsVcPPILacVa2rdo	CCSBORF71077	1	CCSBORF0	3AT	2	1262A>C	0	NC_000007.14:128395165:T:G	CCSBVarC002717	ENSP00000265385.8:p.His421Pro	IMPDH1	ENSG00000106348	empty_AD
HsVcPPILacVa2rdo	CCSBORF71077	1	CCSBORF0	3AT	2	1321G>A	0	NC_000007.14:128395009:C:T	CCSBVarC017176	ENSP00000265385.8:p.Ala441Thr	IMPDH1	ENSG00000106348	empty_AD
HsVcPPILacVa2rdo	CCSBORF71077	1	CCSBORF0	3AT	2	1381C>T	0	NC_000007.14:128394949:G:A	CCSBVarC017182	ENSP00000265385.8:p.Arg461Trp	IMPDH1	ENSG00000106348	empty_AD
HsVcPPILacVa2rdo	CCSBORF71077	1	CCSBORF0	3AT	2	1451A>C	0	NC_000007.14:128394590:T:G	CCSBVarC017187	ENSP00000265385.8:p.Asp484Ala	IMPDH1	ENSG00000106348	empty_AD
HsVcPPILacVa2rdo	CCSBORF71077	1	CCSBORF0	3AT	2	1490A>G	0	NC_000007.14:128394551:T:C	CCSBVarC017189	ENSP00000265385.8:p.Gln497Arg	IMPDH1	ENSG00000106348	empty_AD
HsVcPPILacVa2rdo	CCSBORF71077	1	CCSBORF0	3AT	2	1622A>G	1	NC_000007.14:128394325:T:C	CCSBVarC017192	ENSP00000265385.8:p.Lys541Arg	IMPDH1	ENSG00000106348	empty_AD
HsVcPPILacVa2rdo	CCSBORF71077	1	CCSBORF0	3AT	2	269T>C	1	NC_000007.14:128403730:A:G	CCSBVarC017194	ENSP00000265385.8:p.Phe90Ser	IMPDH1	ENSG00000106348	empty_AD
HsVcPPILacVa2rdo	CCSBORF71077	1	CCSBORF0	3AT	2	352C>G	0	NC_000007.14:128401058:G:C	CCSBVarC017196	ENSP00000265385.8:p.Pro118Ala	IMPDH1	ENSG00000106348	empty_AD
HsVcPPILacVa2rdo	CCSBORF71077	1	CCSBORF0	3AT	2	376G>A	0	NC_000007.14:128401034:C:T	CCSBVarC017198	ENSP00000265385.8:p.Asp126Asn	IMPDH1	ENSG00000106348	empty_AD
HsVcPPILacVa2rdo	CCSBORF71077	1	CCSBORF0	3AT	2	474G>C	0	NC_000007.14:128400536:C:G	CCSBVarC016389	ENSP00000265385.8:p.Lys158Asn	IMPDH1	ENSG00000106348	empty_AD
HsVcPPILacVa2rdo	CCSBORF71077	1	CCSBORF0	3AT	2	526G>A	1	NC_000007.14:128400484:C:T	CCSBVarC016393	ENSP00000265385.8:p.Val176Met	IMPDH1	ENSG00000106348	empty_AD
HsVcPPILacVa2rdo	CCSBORF71077	1	CCSBORF0	3AT	2	620T>C	0	NC_000007.14:128400390:A:G	CCSBVarC016409	ENSP00000265385.8:p.Val207Ala	IMPDH1	ENSG00000106348	empty_AD
HsVcPPILacVa2rdo	CCSBORF71077	1	CCSBORF0	3AT	2	661A>G	0	NC_000007.14:128400349:T:C	CCSBVarC016415	ENSP00000265385.8:p.Thr221Ala	IMPDH1	ENSG00000106348	empty_AD
HsVcPPILacVa2rdo	CCSBORF71077	1	CCSBORF0	3AT	2	71G>C	2	NC_000007.14:128409830:C:G	CCSBVarC016466	ENSP00000265385.8:p.Arg24Pro	IMPDH1	ENSG00000106348	empty_AD
HsVcPPILacVa2rdo	CCSBORF71077	1	CCSBORF0	3AT	2	733G>C	0	NC_000007.14:128400127:C:G	CCSBVarC016492	ENSP00000265385.8:p.Glu245Gln	IMPDH1	ENSG00000106348	empty_AD
HsVcPPILacVa2rdo	CCSBORF71077	1	CCSBORF0	3AT	2	741T>G	0	NC_000007.14:128400119:A:C	CCSBVarC016502	ENSP00000265385.8:p.Asn247Lys	IMPDH1	ENSG00000106348	empty_AD
HsVcPPILacVa2rdo	CCSBORF71077	1	CCSBORF0	3AT	2	817C>T	0	NC_000007.14:128398562:G:A	CCSBVarC016506	ENSP00000265385.8:p.Arg273Cys	IMPDH1	ENSG00000106348	empty_AD
HsVcPPILacVa2rdo	CCSBORF71077	1	CCSBORF0	3AT	2	823G>A	0	NC_000007.14:128398556:C:T	CCSBVarC002715	ENSP00000265385.8:p.Asp275Asn	IMPDH1	ENSG00000106348	empty_AD
HsVcPPILacVa2rdo	CCSBORF71077	1	CCSBORF0	3AT	2	824A>G	0	NC_000007.14:128398555:T:C	CCSBVarC016510	ENSP00000265385.8:p.Asp275Gly	IMPDH1	ENSG00000106348	empty_AD
HsVcPPILacVa2rdo	CCSBORF71077	1	CCSBORF0	3AT	2	851T>C	0	NC_000007.14:128398528:A:G	CCSBVarC016515	ENSP00000265385.8:p.Leu284Pro	IMPDH1	ENSG00000106348	empty_AD
HsVcPPILacVa2rdo	CCSBORF71077	1	CCSBORF0	3AT	2	860A>G	0	NC_000007.14:128398519:T:C	CCSBVarC016524	ENSP00000265385.8:p.Lys287Arg	IMPDH1	ENSG00000106348	empty_AD
HsVcPPILacVa2rdo	CCSBORF71077	1	CCSBORF0	3AT	2	884G>C	1	NC_000007.14:128398495:C:G	CCSBVarC016594	ENSP00000265385.8:p.Cys295Ser	IMPDH1	ENSG00000106348	empty_AD
HsVcPPILacVa2rdo	CCSBORF7866	1	CCSBORF4396	3AT	2	REF	614	NULL	NULL	NULL	EFHC1	ENSG00000096093	YJU2B
HsVcPPILacVa2rdo	CCSBORF7866	1	CCSBORF4396	3AT	2	1180G>T	8	NC_000006.12:52469374:G:T	CCSBVarC001266	ENSP00000360107.4:p.Ala394Ser	EFHC1	ENSG00000096093	YJU2B
HsVcPPILacVa2rdo	CCSBORF7866	1	CCSBORF4396	3AT	2	1343T>C	21	NC_000006.12:52479100:T:C	CCSBVarC002921	ENSP00000360107.4:p.Met448Thr	EFHC1	ENSG00000096093	YJU2B
HsVcPPILacVa2rdo	CCSBORF7866	1	CCSBORF4396	3AT	2	1523C>G	815	NC_000006.12:52479669:C:G	CCSBVarC001267	ENSP00000360107.4:p.Thr508Arg	EFHC1	ENSG00000096093	YJU2B
HsVcPPILacVa2rdo	CCSBORF7866	1	CCSBORF4396	3AT	2	1820A>G	9	NC_000006.12:52490318:A:G	CCSBVarC017141	ENSP00000360107.4:p.Asn607Ser	EFHC1	ENSG00000096093	YJU2B
HsVcPPILacVa2rdo	CCSBORF7866	1	CCSBORF4396	3AT	2	229C>A	129	NC_000006.12:52424110:C:A	CCSBVarC001264	ENSP00000360107.4:p.Pro77Thr	EFHC1	ENSG00000096093	YJU2B
HsVcPPILacVa2rdo	CCSBORF7866	1	CCSBORF4396	3AT	2	475C>G	20	NC_000006.12:52438492:C:G	CCSBVarC017143	ENSP00000360107.4:p.Arg159Gly	EFHC1	ENSG00000096093	YJU2B
HsVcPPILacVa2rdo	CCSBORF7866	1	CCSBORF4396	3AT	2	475C>T	9317	NC_000006.12:52438492:C:T	CCSBVarC002919	ENSP00000360107.4:p.Arg159Trp	EFHC1	ENSG00000096093	YJU2B
HsVcPPILacVa2rdo	CCSBORF7866	1	CCSBORF4396	3AT	2	520A>G	1414	NC_000006.12:52438537:A:G	CCSBVarC003446	ENSP00000360107.4:p.Ile174Val	EFHC1	ENSG00000096093	YJU2B
HsVcPPILacVa2rdo	CCSBORF7866	1	CCSBORF4396	3AT	2	628G>A	34	NC_000006.12:52452741:G:A	CCSBVarC003447	ENSP00000360107.4:p.Asp210Asn	EFHC1	ENSG00000096093	YJU2B
HsVcPPILacVa2rdo	CCSBORF7866	1	CCSBORF4396	3AT	2	662G>A	18	NC_000006.12:52452775:G:A	CCSBVarC001265	ENSP00000360107.4:p.Arg221His	EFHC1	ENSG00000096093	YJU2B
HsVcPPILacVa2rdo	CCSBORF7866	1	CCSBORF4396	3AT	2	685T>C	23	NC_000006.12:52452798:T:C	CCSBVarC003448	ENSP00000360107.4:p.Phe229Leu	EFHC1	ENSG00000096093	YJU2B
HsVcPPILacVa2rdo	CCSBORF7866	1	CCSBORF4396	3AT	2	757G>T	5	NC_000006.12:52454127:G:T	CCSBVarC003449	ENSP00000360107.4:p.Asp253Tyr	EFHC1	ENSG00000096093	YJU2B
HsVcPPILacVa2rdo	CCSBORF7866	1	CCSBORF4396	3AT	2	776G>A	4	NC_000006.12:52454146:G:A	CCSBVarC003450	ENSP00000360107.4:p.Cys259Tyr	EFHC1	ENSG00000096093	YJU2B
HsVcPPILacVa2rdo	CCSBORF1231	1	CCSBORF13913	3AT	2	REF	1	NULL	NULL	NULL	AQP1	ENSG00000240583	SPRY3
HsVcPPILacVa2rdo	CCSBORF1231	1	CCSBORF13913	3AT	2	113C>T	2	NC_000007.14:30912021:C:T	CCSBVarC000137	ENSP00000311165.4:p.Pro38Leu	AQP1	ENSG00000240583	SPRY3
HsVcPPILacVa2rdo	CCSBORF1231	1	CCSBORF13913	3AT	2	140A>G	3	NC_000007.14:30912048:A:G	CCSBVarC000138	ENSP00000311165.4:p.Gln47Arg	AQP1	ENSG00000240583	SPRY3
HsVcPPILacVa2rdo	CCSBORF1231	1	CCSBORF13913	3AT	2	319G>A	0	NC_000007.14:30912227:G:A	CCSBVarC015066	ENSP00000311165.4:p.Val107Ile	AQP1	ENSG00000240583	SPRY3
HsVcPPILacVa2rdo	CCSBORF1231	1	CCSBORF13913	3AT	2	320T>G	1	NC_000007.14:30912228:T:G	CCSBVarC015069	ENSP00000311165.4:p.Val107Gly	AQP1	ENSG00000240583	SPRY3
HsVcPPILacVa2rdo	CCSBORF1231	1	CCSBORF13913	3AT	2	494G>A	0	NC_000007.14:30922174:G:A	CCSBVarC015072	ENSP00000311165.4:p.Gly165Asp	AQP1	ENSG00000240583	SPRY3
HsVcPPILacVa2rdo	CCSBORF1231	1	CCSBORF13913	3AT	2	576C>A	3	NC_000007.14:30922589:C:A	CCSBVarC000139	ENSP00000311165.4:p.Asn192Lys	AQP1	ENSG00000240583	SPRY3
HsVcPPILacVa2rdo	CCSBORF11374	3	CCSBORF5498	3AT	2	REF	4130	NULL	NULL	NULL	RP2	ENSG00000102218	OSTF1
HsVcPPILacVa2rdo	CCSBORF11374	3	CCSBORF5498	3AT	2	11T>G	34	NC_000023.11:46837110:T:G	CCSBVarC014903	ENSP00000218340.3:p.Phe4Cys	RP2	ENSG00000102218	OSTF1
HsVcPPILacVa2rdo	CCSBORF11374	3	CCSBORF5498	3AT	2	123G>A	463	NC_000023.11:46853495:G:A	CCSBVarC011426	ENSP00000218340.3:p.Met41Ile	RP2	ENSG00000102218	OSTF1
HsVcPPILacVa2rdo	CCSBORF11374	3	CCSBORF5498	3AT	2	161C>T	1494	NC_000023.11:46853533:C:T	CCSBVarC014914	ENSP00000218340.3:p.Pro54Leu	RP2	ENSG00000102218	OSTF1
HsVcPPILacVa2rdo	CCSBORF11374	3	CCSBORF5498	3AT	2	271A>C	8749	NC_000023.11:46853643:A:C	CCSBVarC014947	ENSP00000218340.3:p.Ile91Leu	RP2	ENSG00000102218	OSTF1
HsVcPPILacVa2rdo	CCSBORF11374	3	CCSBORF5498	3AT	2	2T>C	28	NC_000023.11:46837101:T:C	CCSBVarC011465	ENSP00000218340.3:p.Met1Thr	RP2	ENSG00000102218	OSTF1
HsVcPPILacVa2rdo	CCSBORF11374	3	CCSBORF5498	3AT	2	314G>A	24	NC_000023.11:46853686:G:A	CCSBVarC014958	ENSP00000218340.3:p.Cys105Tyr	RP2	ENSG00000102218	OSTF1
HsVcPPILacVa2rdo	CCSBORF11374	3	CCSBORF5498	3AT	2	365G>A	64	NC_000023.11:46853737:G:A	CCSBVarC011444	ENSP00000218340.3:p.Cys122Tyr	RP2	ENSG00000102218	OSTF1
HsVcPPILacVa2rdo	CCSBORF11374	3	CCSBORF5498	3AT	2	431A>G	56	NC_000023.11:46853803:A:G	CCSBVarC014972	ENSP00000218340.3:p.Lys144Arg	RP2	ENSG00000102218	OSTF1
HsVcPPILacVa2rdo	CCSBORF11374	3	CCSBORF5498	3AT	2	434T>C	2724	NC_000023.11:46853806:T:C	CCSBVarC011472	ENSP00000218340.3:p.Phe145Ser	RP2	ENSG00000102218	OSTF1
HsVcPPILacVa2rdo	CCSBORF11374	3	CCSBORF5498	3AT	2	535C>T	8801	NC_000023.11:46853907:C:T	CCSBVarC014982	ENSP00000218340.3:p.Pro179Ser	RP2	ENSG00000102218	OSTF1
HsVcPPILacVa2rdo	CCSBORF11374	3	CCSBORF5498	3AT	2	650A>G	6228	NC_000023.11:46854022:A:G	CCSBVarC014989	ENSP00000218340.3:p.Asn217Ser	RP2	ENSG00000102218	OSTF1
HsVcPPILacVa2rdo	CCSBORF11374	3	CCSBORF5498	3AT	2	68G>A	86	NC_000023.11:46837167:G:A	CCSBVarC014999	ENSP00000218340.3:p.Arg23Gln	RP2	ENSG00000102218	OSTF1
HsVcPPILacVa2rdo	CCSBORF11374	3	CCSBORF5498	3AT	2	758T>G	1034	NC_000023.11:46854130:T:G	CCSBVarC001708	ENSP00000218340.3:p.Leu253Arg	RP2	ENSG00000102218	OSTF1
HsVcPPILacVa2rdo	CCSBORF11374	3	CCSBORF5498	3AT	2	771G>T	31	NC_000023.11:46859989:G:T	CCSBVarC015008	ENSP00000218340.3:p.Met257Ile	RP2	ENSG00000102218	OSTF1
HsVcPPILacVa2rdo	CCSBORF11374	3	CCSBORF5498	3AT	2	814A>G	33	NC_000023.11:46860032:A:G	CCSBVarC011438	ENSP00000218340.3:p.Met272Val	RP2	ENSG00000102218	OSTF1
HsVcPPILacVa2rdo	CCSBORF11374	3	CCSBORF5498	3AT	2	829G>A	12133	NC_000023.11:46860047:G:A	CCSBVarC015017	ENSP00000218340.3:p.Ala277Thr	RP2	ENSG00000102218	OSTF1
HsVcPPILacVa2rdo	CCSBORF11374	3	CCSBORF5498	3AT	2	895G>A	36	NC_000023.11:46877515:G:A	CCSBVarC011420	ENSP00000218340.3:p.Ala299Thr	RP2	ENSG00000102218	OSTF1
HsVcPPILacVa2rdo	CCSBORF11374	3	CCSBORF5498	3AT	2	917G>A	1534	NC_000023.11:46877537:G:A	CCSBVarC015026	ENSP00000218340.3:p.Gly306Asp	RP2	ENSG00000102218	OSTF1
HsVcPPILacVa2rdo	CCSBORF11374	3	CCSBORF5498	3AT	2	949G>A	1337	NC_000023.11:46877569:G:A	CCSBVarC011434	ENSP00000218340.3:p.Glu317Lys	RP2	ENSG00000102218	OSTF1
HsVcPPILacVa2rdo	CCSBORF71077	2	CCSBORF12685	3AT	2	REF	1179	NULL	NULL	NULL	IMPDH1	ENSG00000106348	RAD54L2
HsVcPPILacVa2rdo	CCSBORF71077	2	CCSBORF12685	3AT	2	112G>T	0	NC_000007.14:128409789:C:A	CCSBVarC017165	ENSP00000265385.8:p.Ala38Ser	IMPDH1	ENSG00000106348	RAD54L2
HsVcPPILacVa2rdo	CCSBORF71077	2	CCSBORF12685	3AT	2	130G>C	4	NC_000007.14:128409771:C:G	CCSBVarC017172	ENSP00000265385.8:p.Gly44Arg	IMPDH1	ENSG00000106348	RAD54L2
HsVcPPILacVa2rdo	CCSBORF71077	2	CCSBORF12685	3AT	2	1328C>T	6	NC_000007.14:128395002:G:A	CCSBVarC017180	ENSP00000265385.8:p.Thr443Met	IMPDH1	ENSG00000106348	RAD54L2
HsVcPPILacVa2rdo	CCSBORF71077	2	CCSBORF12685	3AT	2	1430A>C	26	NC_000007.14:128394900:T:G	CCSBVarC017184	ENSP00000265385.8:p.Lys477Thr	IMPDH1	ENSG00000106348	RAD54L2
HsVcPPILacVa2rdo	CCSBORF71077	2	CCSBORF12685	3AT	2	1481G>A	13	NC_000007.14:128394560:C:T	CCSBVarC017188	ENSP00000265385.8:p.Gly494Asp	IMPDH1	ENSG00000106348	RAD54L2
HsVcPPILacVa2rdo	CCSBORF71077	2	CCSBORF12685	3AT	2	1534G>A	10	NC_000007.14:128394507:C:T	CCSBVarC017191	ENSP00000265385.8:p.Gly512Ser	IMPDH1	ENSG00000106348	RAD54L2
HsVcPPILacVa2rdo	CCSBORF71077	2	CCSBORF12685	3AT	2	1658A>G	289	NC_000007.14:128394289:T:C	CCSBVarC017193	ENSP00000265385.8:p.His553Arg	IMPDH1	ENSG00000106348	RAD54L2
HsVcPPILacVa2rdo	CCSBORF71077	2	CCSBORF12685	3AT	2	326C>T	23	NC_000007.14:128401084:G:A	CCSBVarC017195	ENSP00000265385.8:p.Thr109Met	IMPDH1	ENSG00000106348	RAD54L2
HsVcPPILacVa2rdo	CCSBORF71077	2	CCSBORF12685	3AT	2	355A>G	6	NC_000007.14:128401055:T:C	CCSBVarC017197	ENSP00000265385.8:p.Met119Val	IMPDH1	ENSG00000106348	RAD54L2
HsVcPPILacVa2rdo	CCSBORF71077	2	CCSBORF12685	3AT	2	460C>T	2695	NC_000007.14:128400827:G:A	CCSBVarC006915	ENSP00000265385.8:p.Arg154Trp	IMPDH1	ENSG00000106348	RAD54L2
HsVcPPILacVa2rdo	CCSBORF71077	2	CCSBORF12685	3AT	2	50C>G	708	NC_000007.14:128409851:G:C	CCSBVarC016391	ENSP00000265385.8:p.Ala17Gly	IMPDH1	ENSG00000106348	RAD54L2
HsVcPPILacVa2rdo	CCSBORF71077	2	CCSBORF12685	3AT	2	563T>C	66	NC_000007.14:128400447:A:G	CCSBVarC016396	ENSP00000265385.8:p.Phe188Ser	IMPDH1	ENSG00000106348	RAD54L2
HsVcPPILacVa2rdo	CCSBORF71077	2	CCSBORF12685	3AT	2	646G>T	1353	NC_000007.14:128400364:C:A	CCSBVarC016412	ENSP00000265385.8:p.Ala216Ser	IMPDH1	ENSG00000106348	RAD54L2
HsVcPPILacVa2rdo	CCSBORF71077	2	CCSBORF12685	3AT	2	70C>T	256	NC_000007.14:128409831:G:A	CCSBVarC016463	ENSP00000265385.8:p.Arg24Trp	IMPDH1	ENSG00000106348	RAD54L2
HsVcPPILacVa2rdo	CCSBORF71077	2	CCSBORF12685	3AT	2	725C>T	14	NC_000007.14:128400135:G:A	CCSBVarC016488	ENSP00000265385.8:p.Thr242Met	IMPDH1	ENSG00000106348	RAD54L2
HsVcPPILacVa2rdo	CCSBORF71077	2	CCSBORF12685	3AT	2	739A>C	5	NC_000007.14:128400121:T:G	CCSBVarC016495	ENSP00000265385.8:p.Asn247His	IMPDH1	ENSG00000106348	RAD54L2
HsVcPPILacVa2rdo	CCSBORF71077	2	CCSBORF12685	3AT	2	749T>C	7	NC_000007.14:128400111:A:G	CCSBVarC016504	ENSP00000265385.8:p.Leu250Pro	IMPDH1	ENSG00000106348	RAD54L2
HsVcPPILacVa2rdo	CCSBORF71077	2	CCSBORF12685	3AT	2	818G>C	5	NC_000007.14:128398561:C:G	CCSBVarC002714	ENSP00000265385.8:p.Arg273Pro	IMPDH1	ENSG00000106348	RAD54L2
HsVcPPILacVa2rdo	CCSBORF71077	2	CCSBORF12685	3AT	2	820A>C	2	NC_000007.14:128398559:T:G	CCSBVarC016508	ENSP00000265385.8:p.Thr274Pro	IMPDH1	ENSG00000106348	RAD54L2
HsVcPPILacVa2rdo	CCSBORF71077	2	CCSBORF12685	3AT	2	834G>C	4673	NC_000007.14:128398545:C:G	CCSBVarC016512	ENSP00000265385.8:p.Lys278Asn	IMPDH1	ENSG00000106348	RAD54L2
HsVcPPILacVa2rdo	CCSBORF71077	2	CCSBORF12685	3AT	2	859A>G	3538	NC_000007.14:128398520:T:C	CCSBVarC016518	ENSP00000265385.8:p.Lys287Glu	IMPDH1	ENSG00000106348	RAD54L2
HsVcPPILacVa2rdo	CCSBORF71077	2	CCSBORF12685	3AT	2	876G>C	6	NC_000007.14:128398503:C:G	CCSBVarC016591	ENSP00000265385.8:p.Gln292His	IMPDH1	ENSG00000106348	RAD54L2
HsVcPPILacVa2rdo	CCSBORF71077	2	CCSBORF12685	3AT	2	949G>A	449	NC_000007.14:128398430:C:T	CCSBVarC002716	ENSP00000265385.8:p.Val317Ile	IMPDH1	ENSG00000106348	RAD54L2
HsVcPPILacVa2rdo	CCSBORF55855	1	CCSBORF71152	3AT	2	REF	1257	NULL	NULL	NULL	KRT2	ENSG00000172867	KRT36
HsVcPPILacVa2rdo	CCSBORF55855	1	CCSBORF71152	3AT	2	1051G>A	3208	NC_000012.12:52648243:C:T	CCSBVarC016094	ENSP00000310861.3:p.Glu351Lys	KRT2	ENSG00000172867	KRT36
HsVcPPILacVa2rdo	CCSBORF55855	1	CCSBORF71152	3AT	2	1070A>G	800	NC_000012.12:52648224:T:C	CCSBVarC016110	ENSP00000310861.3:p.Glu357Gly	KRT2	ENSG00000172867	KRT36
HsVcPPILacVa2rdo	CCSBORF55855	1	CCSBORF71152	3AT	2	1106C>T	11	NC_000012.12:52648188:G:A	CCSBVarC016116	ENSP00000310861.3:p.Ala369Val	KRT2	ENSG00000172867	KRT36
HsVcPPILacVa2rdo	CCSBORF55855	1	CCSBORF71152	3AT	2	1230C>G	16	NC_000012.12:52647747:G:C	CCSBVarC016120	ENSP00000310861.3:p.Ile410Met	KRT2	ENSG00000172867	KRT36
HsVcPPILacVa2rdo	CCSBORF55855	1	CCSBORF71152	3AT	2	1325T>G	1710	NC_000012.12:52646883:A:C	CCSBVarC016123	ENSP00000310861.3:p.Leu442Trp	KRT2	ENSG00000172867	KRT36
HsVcPPILacVa2rdo	CCSBORF55855	1	CCSBORF71152	3AT	2	1435A>C	2673	NC_000012.12:52646773:T:G	CCSBVarC003453	ENSP00000310861.3:p.Thr479Pro	KRT2	ENSG00000172867	KRT36
HsVcPPILacVa2rdo	CCSBORF55855	1	CCSBORF71152	3AT	2	1451T>C	150	NC_000012.12:52646757:A:G	CCSBVarC002477	ENSP00000310861.3:p.Leu484Pro	KRT2	ENSG00000172867	KRT36
HsVcPPILacVa2rdo	CCSBORF55855	1	CCSBORF71152	3AT	2	1480G>C	458	NC_000012.12:52645558:C:G	CCSBVarC016127	ENSP00000310861.3:p.Asp494His	KRT2	ENSG00000172867	KRT36
HsVcPPILacVa2rdo	CCSBORF55855	1	CCSBORF71152	3AT	2	1694C>T	1075	NC_000012.12:52645244:G:A	CCSBVarC016132	ENSP00000310861.3:p.Ser565Phe	KRT2	ENSG00000172867	KRT36
HsVcPPILacVa2rdo	CCSBORF55855	1	CCSBORF71152	3AT	2	181C>T	42	NC_000012.12:52651961:G:A	CCSBVarC016138	ENSP00000310861.3:p.Arg61Trp	KRT2	ENSG00000172867	KRT36
HsVcPPILacVa2rdo	CCSBORF55855	1	CCSBORF71152	3AT	2	1869G>T	431	NC_000012.12:52645069:C:A	CCSBVarC016144	ENSP00000310861.3:p.Lys623Asn	KRT2	ENSG00000172867	KRT36
HsVcPPILacVa2rdo	CCSBORF55855	1	CCSBORF71152	3AT	2	1912T>C	35	NC_000012.12:52645026:A:G	CCSBVarC016151	ENSP00000310861.3:p.Phe638Leu	KRT2	ENSG00000172867	KRT36
HsVcPPILacVa2rdo	CCSBORF55855	1	CCSBORF71152	3AT	2	295G>A	207	NC_000012.12:52651847:C:T	CCSBVarC016158	ENSP00000310861.3:p.Gly99Ser	KRT2	ENSG00000172867	KRT36
HsVcPPILacVa2rdo	CCSBORF55855	1	CCSBORF71152	3AT	2	493G>A	14	NC_000012.12:52651649:C:T	CCSBVarC016179	ENSP00000310861.3:p.Val165Met	KRT2	ENSG00000172867	KRT36
HsVcPPILacVa2rdo	CCSBORF55855	1	CCSBORF71152	3AT	2	536G>A	431	NC_000012.12:52651606:C:T	CCSBVarC016211	ENSP00000310861.3:p.Arg179His	KRT2	ENSG00000172867	KRT36
HsVcPPILacVa2rdo	CCSBORF55855	1	CCSBORF71152	3AT	2	556A>T	357	NC_000012.12:52651586:T:A	CCSBVarC003451	ENSP00000310861.3:p.Asn186Tyr	KRT2	ENSG00000172867	KRT36
HsVcPPILacVa2rdo	CCSBORF55855	1	CCSBORF71152	3AT	2	558C>A	101	NC_000012.12:52651584:G:T	CCSBVarC002475	ENSP00000310861.3:p.Asn186Lys	KRT2	ENSG00000172867	KRT36
HsVcPPILacVa2rdo	CCSBORF55855	1	CCSBORF71152	3AT	2	710A>G	627	NC_000012.12:52650428:T:C	CCSBVarC016220	ENSP00000310861.3:p.Lys237Arg	KRT2	ENSG00000172867	KRT36
HsVcPPILacVa2rdo	CCSBORF55855	1	CCSBORF71152	3AT	2	767A>G	303	NC_000012.12:52650371:T:C	CCSBVarC012686	ENSP00000310861.3:p.Asn256Ser	KRT2	ENSG00000172867	KRT36
HsVcPPILacVa2rdo	CCSBORF55855	1	CCSBORF71152	3AT	2	865G>A	415	NC_000012.12:52649098:C:T	CCSBVarC016224	ENSP00000310861.3:p.Val289Met	KRT2	ENSG00000172867	KRT36
HsVcPPILacVa2rdo	CCSBORF7866	1	CCSBORF71430	3AT	2	REF	1	NULL	NULL	NULL	EFHC1	ENSG00000096093	CFAP161
HsVcPPILacVa2rdo	CCSBORF7866	1	CCSBORF71430	3AT	2	1180G>T	0	NC_000006.12:52469374:G:T	CCSBVarC001266	ENSP00000360107.4:p.Ala394Ser	EFHC1	ENSG00000096093	CFAP161
HsVcPPILacVa2rdo	CCSBORF7866	1	CCSBORF71430	3AT	2	1343T>C	0	NC_000006.12:52479100:T:C	CCSBVarC002921	ENSP00000360107.4:p.Met448Thr	EFHC1	ENSG00000096093	CFAP161
HsVcPPILacVa2rdo	CCSBORF7866	1	CCSBORF71430	3AT	2	1523C>G	0	NC_000006.12:52479669:C:G	CCSBVarC001267	ENSP00000360107.4:p.Thr508Arg	EFHC1	ENSG00000096093	CFAP161
HsVcPPILacVa2rdo	CCSBORF7866	1	CCSBORF71430	3AT	2	1820A>G	0	NC_000006.12:52490318:A:G	CCSBVarC017141	ENSP00000360107.4:p.Asn607Ser	EFHC1	ENSG00000096093	CFAP161
HsVcPPILacVa2rdo	CCSBORF7866	1	CCSBORF71430	3AT	2	229C>A	4	NC_000006.12:52424110:C:A	CCSBVarC001264	ENSP00000360107.4:p.Pro77Thr	EFHC1	ENSG00000096093	CFAP161
HsVcPPILacVa2rdo	CCSBORF7866	1	CCSBORF71430	3AT	2	475C>G	0	NC_000006.12:52438492:C:G	CCSBVarC017143	ENSP00000360107.4:p.Arg159Gly	EFHC1	ENSG00000096093	CFAP161
HsVcPPILacVa2rdo	CCSBORF7866	1	CCSBORF71430	3AT	2	475C>T	1	NC_000006.12:52438492:C:T	CCSBVarC002919	ENSP00000360107.4:p.Arg159Trp	EFHC1	ENSG00000096093	CFAP161
HsVcPPILacVa2rdo	CCSBORF7866	1	CCSBORF71430	3AT	2	520A>G	0	NC_000006.12:52438537:A:G	CCSBVarC003446	ENSP00000360107.4:p.Ile174Val	EFHC1	ENSG00000096093	CFAP161
HsVcPPILacVa2rdo	CCSBORF7866	1	CCSBORF71430	3AT	2	628G>A	0	NC_000006.12:52452741:G:A	CCSBVarC003447	ENSP00000360107.4:p.Asp210Asn	EFHC1	ENSG00000096093	CFAP161
HsVcPPILacVa2rdo	CCSBORF7866	1	CCSBORF71430	3AT	2	662G>A	0	NC_000006.12:52452775:G:A	CCSBVarC001265	ENSP00000360107.4:p.Arg221His	EFHC1	ENSG00000096093	CFAP161
HsVcPPILacVa2rdo	CCSBORF7866	1	CCSBORF71430	3AT	2	685T>C	0	NC_000006.12:52452798:T:C	CCSBVarC003448	ENSP00000360107.4:p.Phe229Leu	EFHC1	ENSG00000096093	CFAP161
HsVcPPILacVa2rdo	CCSBORF7866	1	CCSBORF71430	3AT	2	757G>T	0	NC_000006.12:52454127:G:T	CCSBVarC003449	ENSP00000360107.4:p.Asp253Tyr	EFHC1	ENSG00000096093	CFAP161
HsVcPPILacVa2rdo	CCSBORF7866	1	CCSBORF71430	3AT	2	776G>A	0	NC_000006.12:52454146:G:A	CCSBVarC003450	ENSP00000360107.4:p.Cys259Tyr	EFHC1	ENSG00000096093	CFAP161
HsVcPPILacVa2rdo	CCSBORF1231	1	CCSBORF70824	3AT	2	REF	3	NULL	NULL	NULL	AQP1	ENSG00000240583	SPRED1
HsVcPPILacVa2rdo	CCSBORF1231	1	CCSBORF70824	3AT	2	113C>T	0	NC_000007.14:30912021:C:T	CCSBVarC000137	ENSP00000311165.4:p.Pro38Leu	AQP1	ENSG00000240583	SPRED1
HsVcPPILacVa2rdo	CCSBORF1231	1	CCSBORF70824	3AT	2	140A>G	2	NC_000007.14:30912048:A:G	CCSBVarC000138	ENSP00000311165.4:p.Gln47Arg	AQP1	ENSG00000240583	SPRED1
HsVcPPILacVa2rdo	CCSBORF1231	1	CCSBORF70824	3AT	2	319G>A	0	NC_000007.14:30912227:G:A	CCSBVarC015066	ENSP00000311165.4:p.Val107Ile	AQP1	ENSG00000240583	SPRED1
HsVcPPILacVa2rdo	CCSBORF1231	1	CCSBORF70824	3AT	2	320T>G	1	NC_000007.14:30912228:T:G	CCSBVarC015069	ENSP00000311165.4:p.Val107Gly	AQP1	ENSG00000240583	SPRED1
HsVcPPILacVa2rdo	CCSBORF1231	1	CCSBORF70824	3AT	2	494G>A	0	NC_000007.14:30922174:G:A	CCSBVarC015072	ENSP00000311165.4:p.Gly165Asp	AQP1	ENSG00000240583	SPRED1
HsVcPPILacVa2rdo	CCSBORF1231	1	CCSBORF70824	3AT	2	576C>A	1	NC_000007.14:30922589:C:A	CCSBVarC000139	ENSP00000311165.4:p.Asn192Lys	AQP1	ENSG00000240583	SPRED1
HsVcPPILacVa2rdo	CCSBORF11374	3	CCSBORF0	3AT	2	REF	1	NULL	NULL	NULL	RP2	ENSG00000102218	empty_AD
HsVcPPILacVa2rdo	CCSBORF11374	3	CCSBORF0	3AT	2	11T>G	0	NC_000023.11:46837110:T:G	CCSBVarC014903	ENSP00000218340.3:p.Phe4Cys	RP2	ENSG00000102218	empty_AD
HsVcPPILacVa2rdo	CCSBORF11374	3	CCSBORF0	3AT	2	123G>A	0	NC_000023.11:46853495:G:A	CCSBVarC011426	ENSP00000218340.3:p.Met41Ile	RP2	ENSG00000102218	empty_AD
HsVcPPILacVa2rdo	CCSBORF11374	3	CCSBORF0	3AT	2	161C>T	0	NC_000023.11:46853533:C:T	CCSBVarC014914	ENSP00000218340.3:p.Pro54Leu	RP2	ENSG00000102218	empty_AD
HsVcPPILacVa2rdo	CCSBORF11374	3	CCSBORF0	3AT	2	271A>C	3	NC_000023.11:46853643:A:C	CCSBVarC014947	ENSP00000218340.3:p.Ile91Leu	RP2	ENSG00000102218	empty_AD
HsVcPPILacVa2rdo	CCSBORF11374	3	CCSBORF0	3AT	2	2T>C	0	NC_000023.11:46837101:T:C	CCSBVarC011465	ENSP00000218340.3:p.Met1Thr	RP2	ENSG00000102218	empty_AD
HsVcPPILacVa2rdo	CCSBORF11374	3	CCSBORF0	3AT	2	314G>A	0	NC_000023.11:46853686:G:A	CCSBVarC014958	ENSP00000218340.3:p.Cys105Tyr	RP2	ENSG00000102218	empty_AD
HsVcPPILacVa2rdo	CCSBORF11374	3	CCSBORF0	3AT	2	365G>A	0	NC_000023.11:46853737:G:A	CCSBVarC011444	ENSP00000218340.3:p.Cys122Tyr	RP2	ENSG00000102218	empty_AD
HsVcPPILacVa2rdo	CCSBORF11374	3	CCSBORF0	3AT	2	431A>G	0	NC_000023.11:46853803:A:G	CCSBVarC014972	ENSP00000218340.3:p.Lys144Arg	RP2	ENSG00000102218	empty_AD
HsVcPPILacVa2rdo	CCSBORF11374	3	CCSBORF0	3AT	2	434T>C	0	NC_000023.11:46853806:T:C	CCSBVarC011472	ENSP00000218340.3:p.Phe145Ser	RP2	ENSG00000102218	empty_AD
HsVcPPILacVa2rdo	CCSBORF11374	3	CCSBORF0	3AT	2	535C>T	1	NC_000023.11:46853907:C:T	CCSBVarC014982	ENSP00000218340.3:p.Pro179Ser	RP2	ENSG00000102218	empty_AD
HsVcPPILacVa2rdo	CCSBORF11374	3	CCSBORF0	3AT	2	650A>G	0	NC_000023.11:46854022:A:G	CCSBVarC014989	ENSP00000218340.3:p.Asn217Ser	RP2	ENSG00000102218	empty_AD
HsVcPPILacVa2rdo	CCSBORF11374	3	CCSBORF0	3AT	2	68G>A	0	NC_000023.11:46837167:G:A	CCSBVarC014999	ENSP00000218340.3:p.Arg23Gln	RP2	ENSG00000102218	empty_AD
HsVcPPILacVa2rdo	CCSBORF11374	3	CCSBORF0	3AT	2	758T>G	3	NC_000023.11:46854130:T:G	CCSBVarC001708	ENSP00000218340.3:p.Leu253Arg	RP2	ENSG00000102218	empty_AD
HsVcPPILacVa2rdo	CCSBORF11374	3	CCSBORF0	3AT	2	771G>T	1	NC_000023.11:46859989:G:T	CCSBVarC015008	ENSP00000218340.3:p.Met257Ile	RP2	ENSG00000102218	empty_AD
HsVcPPILacVa2rdo	CCSBORF11374	3	CCSBORF0	3AT	2	814A>G	0	NC_000023.11:46860032:A:G	CCSBVarC011438	ENSP00000218340.3:p.Met272Val	RP2	ENSG00000102218	empty_AD
HsVcPPILacVa2rdo	CCSBORF11374	3	CCSBORF0	3AT	2	829G>A	1	NC_000023.11:46860047:G:A	CCSBVarC015017	ENSP00000218340.3:p.Ala277Thr	RP2	ENSG00000102218	empty_AD
HsVcPPILacVa2rdo	CCSBORF11374	3	CCSBORF0	3AT	2	895G>A	0	NC_000023.11:46877515:G:A	CCSBVarC011420	ENSP00000218340.3:p.Ala299Thr	RP2	ENSG00000102218	empty_AD
HsVcPPILacVa2rdo	CCSBORF11374	3	CCSBORF0	3AT	2	917G>A	1	NC_000023.11:46877537:G:A	CCSBVarC015026	ENSP00000218340.3:p.Gly306Asp	RP2	ENSG00000102218	empty_AD
HsVcPPILacVa2rdo	CCSBORF11374	3	CCSBORF0	3AT	2	949G>A	1	NC_000023.11:46877569:G:A	CCSBVarC011434	ENSP00000218340.3:p.Glu317Lys	RP2	ENSG00000102218	empty_AD
HsVcPPILacVa2rdo	CCSBORF71077	2	CCSBORF6490	3AT	2	REF	1678	NULL	NULL	NULL	IMPDH1	ENSG00000106348	PIAS2
HsVcPPILacVa2rdo	CCSBORF71077	2	CCSBORF6490	3AT	2	112G>T	3	NC_000007.14:128409789:C:A	CCSBVarC017165	ENSP00000265385.8:p.Ala38Ser	IMPDH1	ENSG00000106348	PIAS2
HsVcPPILacVa2rdo	CCSBORF71077	2	CCSBORF6490	3AT	2	130G>C	11	NC_000007.14:128409771:C:G	CCSBVarC017172	ENSP00000265385.8:p.Gly44Arg	IMPDH1	ENSG00000106348	PIAS2
HsVcPPILacVa2rdo	CCSBORF71077	2	CCSBORF6490	3AT	2	1328C>T	2609	NC_000007.14:128395002:G:A	CCSBVarC017180	ENSP00000265385.8:p.Thr443Met	IMPDH1	ENSG00000106348	PIAS2
HsVcPPILacVa2rdo	CCSBORF71077	2	CCSBORF6490	3AT	2	1430A>C	23	NC_000007.14:128394900:T:G	CCSBVarC017184	ENSP00000265385.8:p.Lys477Thr	IMPDH1	ENSG00000106348	PIAS2
HsVcPPILacVa2rdo	CCSBORF71077	2	CCSBORF6490	3AT	2	1481G>A	24	NC_000007.14:128394560:C:T	CCSBVarC017188	ENSP00000265385.8:p.Gly494Asp	IMPDH1	ENSG00000106348	PIAS2
HsVcPPILacVa2rdo	CCSBORF71077	2	CCSBORF6490	3AT	2	1534G>A	13	NC_000007.14:128394507:C:T	CCSBVarC017191	ENSP00000265385.8:p.Gly512Ser	IMPDH1	ENSG00000106348	PIAS2
HsVcPPILacVa2rdo	CCSBORF71077	2	CCSBORF6490	3AT	2	1658A>G	5720	NC_000007.14:128394289:T:C	CCSBVarC017193	ENSP00000265385.8:p.His553Arg	IMPDH1	ENSG00000106348	PIAS2
HsVcPPILacVa2rdo	CCSBORF71077	2	CCSBORF6490	3AT	2	326C>T	31	NC_000007.14:128401084:G:A	CCSBVarC017195	ENSP00000265385.8:p.Thr109Met	IMPDH1	ENSG00000106348	PIAS2
HsVcPPILacVa2rdo	CCSBORF71077	2	CCSBORF6490	3AT	2	355A>G	2812	NC_000007.14:128401055:T:C	CCSBVarC017197	ENSP00000265385.8:p.Met119Val	IMPDH1	ENSG00000106348	PIAS2
HsVcPPILacVa2rdo	CCSBORF71077	2	CCSBORF6490	3AT	2	460C>T	3540	NC_000007.14:128400827:G:A	CCSBVarC006915	ENSP00000265385.8:p.Arg154Trp	IMPDH1	ENSG00000106348	PIAS2
HsVcPPILacVa2rdo	CCSBORF71077	2	CCSBORF6490	3AT	2	50C>G	11	NC_000007.14:128409851:G:C	CCSBVarC016391	ENSP00000265385.8:p.Ala17Gly	IMPDH1	ENSG00000106348	PIAS2
HsVcPPILacVa2rdo	CCSBORF71077	2	CCSBORF6490	3AT	2	563T>C	2851	NC_000007.14:128400447:A:G	CCSBVarC016396	ENSP00000265385.8:p.Phe188Ser	IMPDH1	ENSG00000106348	PIAS2
HsVcPPILacVa2rdo	CCSBORF71077	2	CCSBORF6490	3AT	2	646G>T	115	NC_000007.14:128400364:C:A	CCSBVarC016412	ENSP00000265385.8:p.Ala216Ser	IMPDH1	ENSG00000106348	PIAS2
HsVcPPILacVa2rdo	CCSBORF71077	2	CCSBORF6490	3AT	2	70C>T	11	NC_000007.14:128409831:G:A	CCSBVarC016463	ENSP00000265385.8:p.Arg24Trp	IMPDH1	ENSG00000106348	PIAS2
HsVcPPILacVa2rdo	CCSBORF71077	2	CCSBORF6490	3AT	2	725C>T	20	NC_000007.14:128400135:G:A	CCSBVarC016488	ENSP00000265385.8:p.Thr242Met	IMPDH1	ENSG00000106348	PIAS2
HsVcPPILacVa2rdo	CCSBORF71077	2	CCSBORF6490	3AT	2	739A>C	14	NC_000007.14:128400121:T:G	CCSBVarC016495	ENSP00000265385.8:p.Asn247His	IMPDH1	ENSG00000106348	PIAS2
HsVcPPILacVa2rdo	CCSBORF71077	2	CCSBORF6490	3AT	2	749T>C	5	NC_000007.14:128400111:A:G	CCSBVarC016504	ENSP00000265385.8:p.Leu250Pro	IMPDH1	ENSG00000106348	PIAS2
HsVcPPILacVa2rdo	CCSBORF71077	2	CCSBORF6490	3AT	2	818G>C	12	NC_000007.14:128398561:C:G	CCSBVarC002714	ENSP00000265385.8:p.Arg273Pro	IMPDH1	ENSG00000106348	PIAS2
HsVcPPILacVa2rdo	CCSBORF71077	2	CCSBORF6490	3AT	2	820A>C	1	NC_000007.14:128398559:T:G	CCSBVarC016508	ENSP00000265385.8:p.Thr274Pro	IMPDH1	ENSG00000106348	PIAS2
HsVcPPILacVa2rdo	CCSBORF71077	2	CCSBORF6490	3AT	2	834G>C	4797	NC_000007.14:128398545:C:G	CCSBVarC016512	ENSP00000265385.8:p.Lys278Asn	IMPDH1	ENSG00000106348	PIAS2
HsVcPPILacVa2rdo	CCSBORF71077	2	CCSBORF6490	3AT	2	859A>G	1143	NC_000007.14:128398520:T:C	CCSBVarC016518	ENSP00000265385.8:p.Lys287Glu	IMPDH1	ENSG00000106348	PIAS2
HsVcPPILacVa2rdo	CCSBORF71077	2	CCSBORF6490	3AT	2	876G>C	163	NC_000007.14:128398503:C:G	CCSBVarC016591	ENSP00000265385.8:p.Gln292His	IMPDH1	ENSG00000106348	PIAS2
HsVcPPILacVa2rdo	CCSBORF71077	2	CCSBORF6490	3AT	2	949G>A	77	NC_000007.14:128398430:C:T	CCSBVarC002716	ENSP00000265385.8:p.Val317Ile	IMPDH1	ENSG00000106348	PIAS2
HsVcPPILacVa2rdo	CCSBORF55855	1	CCSBORF0	3AT	2	REF	0	NULL	NULL	NULL	KRT2	ENSG00000172867	empty_AD
HsVcPPILacVa2rdo	CCSBORF55855	1	CCSBORF0	3AT	2	1051G>A	2	NC_000012.12:52648243:C:T	CCSBVarC016094	ENSP00000310861.3:p.Glu351Lys	KRT2	ENSG00000172867	empty_AD
HsVcPPILacVa2rdo	CCSBORF55855	1	CCSBORF0	3AT	2	1070A>G	0	NC_000012.12:52648224:T:C	CCSBVarC016110	ENSP00000310861.3:p.Glu357Gly	KRT2	ENSG00000172867	empty_AD
HsVcPPILacVa2rdo	CCSBORF55855	1	CCSBORF0	3AT	2	1106C>T	0	NC_000012.12:52648188:G:A	CCSBVarC016116	ENSP00000310861.3:p.Ala369Val	KRT2	ENSG00000172867	empty_AD
HsVcPPILacVa2rdo	CCSBORF55855	1	CCSBORF0	3AT	2	1230C>G	0	NC_000012.12:52647747:G:C	CCSBVarC016120	ENSP00000310861.3:p.Ile410Met	KRT2	ENSG00000172867	empty_AD
HsVcPPILacVa2rdo	CCSBORF55855	1	CCSBORF0	3AT	2	1325T>G	0	NC_000012.12:52646883:A:C	CCSBVarC016123	ENSP00000310861.3:p.Leu442Trp	KRT2	ENSG00000172867	empty_AD
HsVcPPILacVa2rdo	CCSBORF55855	1	CCSBORF0	3AT	2	1435A>C	0	NC_000012.12:52646773:T:G	CCSBVarC003453	ENSP00000310861.3:p.Thr479Pro	KRT2	ENSG00000172867	empty_AD
HsVcPPILacVa2rdo	CCSBORF55855	1	CCSBORF0	3AT	2	1451T>C	0	NC_000012.12:52646757:A:G	CCSBVarC002477	ENSP00000310861.3:p.Leu484Pro	KRT2	ENSG00000172867	empty_AD
HsVcPPILacVa2rdo	CCSBORF55855	1	CCSBORF0	3AT	2	1480G>C	0	NC_000012.12:52645558:C:G	CCSBVarC016127	ENSP00000310861.3:p.Asp494His	KRT2	ENSG00000172867	empty_AD
HsVcPPILacVa2rdo	CCSBORF55855	1	CCSBORF0	3AT	2	1694C>T	0	NC_000012.12:52645244:G:A	CCSBVarC016132	ENSP00000310861.3:p.Ser565Phe	KRT2	ENSG00000172867	empty_AD
HsVcPPILacVa2rdo	CCSBORF55855	1	CCSBORF0	3AT	2	181C>T	0	NC_000012.12:52651961:G:A	CCSBVarC016138	ENSP00000310861.3:p.Arg61Trp	KRT2	ENSG00000172867	empty_AD
HsVcPPILacVa2rdo	CCSBORF55855	1	CCSBORF0	3AT	2	1869G>T	0	NC_000012.12:52645069:C:A	CCSBVarC016144	ENSP00000310861.3:p.Lys623Asn	KRT2	ENSG00000172867	empty_AD
HsVcPPILacVa2rdo	CCSBORF55855	1	CCSBORF0	3AT	2	1912T>C	0	NC_000012.12:52645026:A:G	CCSBVarC016151	ENSP00000310861.3:p.Phe638Leu	KRT2	ENSG00000172867	empty_AD
HsVcPPILacVa2rdo	CCSBORF55855	1	CCSBORF0	3AT	2	295G>A	0	NC_000012.12:52651847:C:T	CCSBVarC016158	ENSP00000310861.3:p.Gly99Ser	KRT2	ENSG00000172867	empty_AD
HsVcPPILacVa2rdo	CCSBORF55855	1	CCSBORF0	3AT	2	493G>A	0	NC_000012.12:52651649:C:T	CCSBVarC016179	ENSP00000310861.3:p.Val165Met	KRT2	ENSG00000172867	empty_AD
HsVcPPILacVa2rdo	CCSBORF55855	1	CCSBORF0	3AT	2	536G>A	0	NC_000012.12:52651606:C:T	CCSBVarC016211	ENSP00000310861.3:p.Arg179His	KRT2	ENSG00000172867	empty_AD
HsVcPPILacVa2rdo	CCSBORF55855	1	CCSBORF0	3AT	2	556A>T	0	NC_000012.12:52651586:T:A	CCSBVarC003451	ENSP00000310861.3:p.Asn186Tyr	KRT2	ENSG00000172867	empty_AD
HsVcPPILacVa2rdo	CCSBORF55855	1	CCSBORF0	3AT	2	558C>A	0	NC_000012.12:52651584:G:T	CCSBVarC002475	ENSP00000310861.3:p.Asn186Lys	KRT2	ENSG00000172867	empty_AD
HsVcPPILacVa2rdo	CCSBORF55855	1	CCSBORF0	3AT	2	710A>G	0	NC_000012.12:52650428:T:C	CCSBVarC016220	ENSP00000310861.3:p.Lys237Arg	KRT2	ENSG00000172867	empty_AD
HsVcPPILacVa2rdo	CCSBORF55855	1	CCSBORF0	3AT	2	767A>G	0	NC_000012.12:52650371:T:C	CCSBVarC012686	ENSP00000310861.3:p.Asn256Ser	KRT2	ENSG00000172867	empty_AD
HsVcPPILacVa2rdo	CCSBORF55855	1	CCSBORF0	3AT	2	865G>A	0	NC_000012.12:52649098:C:T	CCSBVarC016224	ENSP00000310861.3:p.Val289Met	KRT2	ENSG00000172867	empty_AD
HsVcPPILacVa2rdo	CCSBORF7866	1	CCSBORF0	3AT	2	REF	1	NULL	NULL	NULL	EFHC1	ENSG00000096093	empty_AD
HsVcPPILacVa2rdo	CCSBORF7866	1	CCSBORF0	3AT	2	1180G>T	0	NC_000006.12:52469374:G:T	CCSBVarC001266	ENSP00000360107.4:p.Ala394Ser	EFHC1	ENSG00000096093	empty_AD
HsVcPPILacVa2rdo	CCSBORF7866	1	CCSBORF0	3AT	2	1343T>C	0	NC_000006.12:52479100:T:C	CCSBVarC002921	ENSP00000360107.4:p.Met448Thr	EFHC1	ENSG00000096093	empty_AD
HsVcPPILacVa2rdo	CCSBORF7866	1	CCSBORF0	3AT	2	1523C>G	0	NC_000006.12:52479669:C:G	CCSBVarC001267	ENSP00000360107.4:p.Thr508Arg	EFHC1	ENSG00000096093	empty_AD
HsVcPPILacVa2rdo	CCSBORF7866	1	CCSBORF0	3AT	2	1820A>G	0	NC_000006.12:52490318:A:G	CCSBVarC017141	ENSP00000360107.4:p.Asn607Ser	EFHC1	ENSG00000096093	empty_AD
HsVcPPILacVa2rdo	CCSBORF7866	1	CCSBORF0	3AT	2	229C>A	0	NC_000006.12:52424110:C:A	CCSBVarC001264	ENSP00000360107.4:p.Pro77Thr	EFHC1	ENSG00000096093	empty_AD
HsVcPPILacVa2rdo	CCSBORF7866	1	CCSBORF0	3AT	2	475C>G	0	NC_000006.12:52438492:C:G	CCSBVarC017143	ENSP00000360107.4:p.Arg159Gly	EFHC1	ENSG00000096093	empty_AD
HsVcPPILacVa2rdo	CCSBORF7866	1	CCSBORF0	3AT	2	475C>T	1	NC_000006.12:52438492:C:T	CCSBVarC002919	ENSP00000360107.4:p.Arg159Trp	EFHC1	ENSG00000096093	empty_AD
HsVcPPILacVa2rdo	CCSBORF7866	1	CCSBORF0	3AT	2	520A>G	1	NC_000006.12:52438537:A:G	CCSBVarC003446	ENSP00000360107.4:p.Ile174Val	EFHC1	ENSG00000096093	empty_AD
HsVcPPILacVa2rdo	CCSBORF7866	1	CCSBORF0	3AT	2	628G>A	0	NC_000006.12:52452741:G:A	CCSBVarC003447	ENSP00000360107.4:p.Asp210Asn	EFHC1	ENSG00000096093	empty_AD
HsVcPPILacVa2rdo	CCSBORF7866	1	CCSBORF0	3AT	2	662G>A	0	NC_000006.12:52452775:G:A	CCSBVarC001265	ENSP00000360107.4:p.Arg221His	EFHC1	ENSG00000096093	empty_AD
HsVcPPILacVa2rdo	CCSBORF7866	1	CCSBORF0	3AT	2	685T>C	0	NC_000006.12:52452798:T:C	CCSBVarC003448	ENSP00000360107.4:p.Phe229Leu	EFHC1	ENSG00000096093	empty_AD
HsVcPPILacVa2rdo	CCSBORF7866	1	CCSBORF0	3AT	2	757G>T	0	NC_000006.12:52454127:G:T	CCSBVarC003449	ENSP00000360107.4:p.Asp253Tyr	EFHC1	ENSG00000096093	empty_AD
HsVcPPILacVa2rdo	CCSBORF7866	1	CCSBORF0	3AT	2	776G>A	0	NC_000006.12:52454146:G:A	CCSBVarC003450	ENSP00000360107.4:p.Cys259Tyr	EFHC1	ENSG00000096093	empty_AD
HsVcPPILacVa2rdo	CCSBORF1231	1	CCSBORF2526	3AT	2	REF	3	NULL	NULL	NULL	AQP1	ENSG00000240583	SIVA1
HsVcPPILacVa2rdo	CCSBORF1231	1	CCSBORF2526	3AT	2	113C>T	2	NC_000007.14:30912021:C:T	CCSBVarC000137	ENSP00000311165.4:p.Pro38Leu	AQP1	ENSG00000240583	SIVA1
HsVcPPILacVa2rdo	CCSBORF1231	1	CCSBORF2526	3AT	2	140A>G	9	NC_000007.14:30912048:A:G	CCSBVarC000138	ENSP00000311165.4:p.Gln47Arg	AQP1	ENSG00000240583	SIVA1
HsVcPPILacVa2rdo	CCSBORF1231	1	CCSBORF2526	3AT	2	319G>A	0	NC_000007.14:30912227:G:A	CCSBVarC015066	ENSP00000311165.4:p.Val107Ile	AQP1	ENSG00000240583	SIVA1
HsVcPPILacVa2rdo	CCSBORF1231	1	CCSBORF2526	3AT	2	320T>G	1	NC_000007.14:30912228:T:G	CCSBVarC015069	ENSP00000311165.4:p.Val107Gly	AQP1	ENSG00000240583	SIVA1
HsVcPPILacVa2rdo	CCSBORF1231	1	CCSBORF2526	3AT	2	494G>A	0	NC_000007.14:30922174:G:A	CCSBVarC015072	ENSP00000311165.4:p.Gly165Asp	AQP1	ENSG00000240583	SIVA1
HsVcPPILacVa2rdo	CCSBORF1231	1	CCSBORF2526	3AT	2	576C>A	2	NC_000007.14:30922589:C:A	CCSBVarC000139	ENSP00000311165.4:p.Asn192Lys	AQP1	ENSG00000240583	SIVA1
HsVcPPILacVa2rdo	CCSBORF11374	1	CCSBORF5498	3AT	2	REF	2630	NULL	NULL	NULL	RP2	ENSG00000102218	OSTF1
HsVcPPILacVa2rdo	CCSBORF11374	1	CCSBORF5498	3AT	2	1001C>A	2990	NC_000023.11:46879716:C:A	CCSBVarC011422	ENSP00000218340.3:p.Ser334Tyr	RP2	ENSG00000102218	OSTF1
HsVcPPILacVa2rdo	CCSBORF11374	1	CCSBORF5498	3AT	2	121A>G	5728	NC_000023.11:46853493:A:G	CCSBVarC014905	ENSP00000218340.3:p.Met41Val	RP2	ENSG00000102218	OSTF1
HsVcPPILacVa2rdo	CCSBORF11374	1	CCSBORF5498	3AT	2	19A>C	1	NC_000023.11:46837118:A:C	CCSBVarC014916	ENSP00000218340.3:p.Lys7Gln	RP2	ENSG00000102218	OSTF1
HsVcPPILacVa2rdo	CCSBORF11374	1	CCSBORF5498	3AT	2	238A>G	10	NC_000023.11:46853610:A:G	CCSBVarC011435	ENSP00000218340.3:p.Thr80Ala	RP2	ENSG00000102218	OSTF1
HsVcPPILacVa2rdo	CCSBORF11374	1	CCSBORF5498	3AT	2	257G>A	9	NC_000023.11:46853629:G:A	CCSBVarC001706	ENSP00000218340.3:p.Cys86Tyr	RP2	ENSG00000102218	OSTF1
HsVcPPILacVa2rdo	CCSBORF11374	1	CCSBORF5498	3AT	2	28A>G	15	NC_000023.11:46837127:A:G	CCSBVarC014949	ENSP00000218340.3:p.Lys10Glu	RP2	ENSG00000102218	OSTF1
HsVcPPILacVa2rdo	CCSBORF11374	1	CCSBORF5498	3AT	2	298G>A	531	NC_000023.11:46853670:G:A	CCSBVarC011440	ENSP00000218340.3:p.Val100Met	RP2	ENSG00000102218	OSTF1
HsVcPPILacVa2rdo	CCSBORF11374	1	CCSBORF5498	3AT	2	328T>C	25	NC_000023.11:46853700:T:C	CCSBVarC014961	ENSP00000218340.3:p.Cys110Arg	RP2	ENSG00000102218	OSTF1
HsVcPPILacVa2rdo	CCSBORF11374	1	CCSBORF5498	3AT	2	338C>A	3453	NC_000023.11:46853710:C:A	CCSBVarC011446	ENSP00000218340.3:p.Ala113Asp	RP2	ENSG00000102218	OSTF1
HsVcPPILacVa2rdo	CCSBORF11374	1	CCSBORF5498	3AT	2	352C>G	3390	NC_000023.11:46853724:C:G	CCSBVarC011475	ENSP00000218340.3:p.Arg118Gly	RP2	ENSG00000102218	OSTF1
HsVcPPILacVa2rdo	CCSBORF11374	1	CCSBORF5498	3AT	2	481G>T	782	NC_000023.11:46853853:G:T	CCSBVarC014975	ENSP00000218340.3:p.Asp161Tyr	RP2	ENSG00000102218	OSTF1
HsVcPPILacVa2rdo	CCSBORF11374	1	CCSBORF5498	3AT	2	524A>C	5082	NC_000023.11:46853896:A:C	CCSBVarC011467	ENSP00000218340.3:p.His175Pro	RP2	ENSG00000102218	OSTF1
HsVcPPILacVa2rdo	CCSBORF11374	1	CCSBORF5498	3AT	2	593A>G	1351	NC_000023.11:46853965:A:G	CCSBVarC014984	ENSP00000218340.3:p.Tyr198Cys	RP2	ENSG00000102218	OSTF1
HsVcPPILacVa2rdo	CCSBORF11374	1	CCSBORF5498	3AT	2	654A>C	1961	NC_000023.11:46854026:A:C	CCSBVarC014992	ENSP00000218340.3:p.Arg218Ser	RP2	ENSG00000102218	OSTF1
HsVcPPILacVa2rdo	CCSBORF11374	1	CCSBORF5498	3AT	2	751A>G	10471	NC_000023.11:46854123:A:G	CCSBVarC011428	ENSP00000218340.3:p.Arg251Gly	RP2	ENSG00000102218	OSTF1
HsVcPPILacVa2rdo	CCSBORF11374	1	CCSBORF5498	3AT	2	765T>A	2744	NC_000023.11:46854137:T:A	CCSBVarC015002	ENSP00000218340.3:p.Asp255Glu	RP2	ENSG00000102218	OSTF1
HsVcPPILacVa2rdo	CCSBORF11374	1	CCSBORF5498	3AT	2	781G>T	5016	NC_000023.11:46859999:G:T	CCSBVarC015011	ENSP00000218340.3:p.Gly261Cys	RP2	ENSG00000102218	OSTF1
HsVcPPILacVa2rdo	CCSBORF11374	1	CCSBORF5498	3AT	2	844C>T	35	NC_000023.11:46860062:C:T	CCSBVarC001709	ENSP00000218340.3:p.Arg282Trp	RP2	ENSG00000102218	OSTF1
HsVcPPILacVa2rdo	CCSBORF11374	1	CCSBORF5498	3AT	2	845G>A	4834	NC_000023.11:46860063:G:A	CCSBVarC015020	ENSP00000218340.3:p.Arg282Gln	RP2	ENSG00000102218	OSTF1
HsVcPPILacVa2rdo	CCSBORF11374	1	CCSBORF5498	3AT	2	941T>C	49	NC_000023.11:46877561:T:C	CCSBVarC015032	ENSP00000218340.3:p.Ile314Thr	RP2	ENSG00000102218	OSTF1
HsVcPPILacVa2rdo	CCSBORF71077	2	CCSBORF3068	3AT	2	REF	350	NULL	NULL	NULL	IMPDH1	ENSG00000106348	DDIT4L
HsVcPPILacVa2rdo	CCSBORF71077	2	CCSBORF3068	3AT	2	112G>T	0	NC_000007.14:128409789:C:A	CCSBVarC017165	ENSP00000265385.8:p.Ala38Ser	IMPDH1	ENSG00000106348	DDIT4L
HsVcPPILacVa2rdo	CCSBORF71077	2	CCSBORF3068	3AT	2	130G>C	1	NC_000007.14:128409771:C:G	CCSBVarC017172	ENSP00000265385.8:p.Gly44Arg	IMPDH1	ENSG00000106348	DDIT4L
HsVcPPILacVa2rdo	CCSBORF71077	2	CCSBORF3068	3AT	2	1328C>T	2	NC_000007.14:128395002:G:A	CCSBVarC017180	ENSP00000265385.8:p.Thr443Met	IMPDH1	ENSG00000106348	DDIT4L
HsVcPPILacVa2rdo	CCSBORF71077	2	CCSBORF3068	3AT	2	1430A>C	11	NC_000007.14:128394900:T:G	CCSBVarC017184	ENSP00000265385.8:p.Lys477Thr	IMPDH1	ENSG00000106348	DDIT4L
HsVcPPILacVa2rdo	CCSBORF71077	2	CCSBORF3068	3AT	2	1481G>A	9	NC_000007.14:128394560:C:T	CCSBVarC017188	ENSP00000265385.8:p.Gly494Asp	IMPDH1	ENSG00000106348	DDIT4L
HsVcPPILacVa2rdo	CCSBORF71077	2	CCSBORF3068	3AT	2	1534G>A	0	NC_000007.14:128394507:C:T	CCSBVarC017191	ENSP00000265385.8:p.Gly512Ser	IMPDH1	ENSG00000106348	DDIT4L
HsVcPPILacVa2rdo	CCSBORF71077	2	CCSBORF3068	3AT	2	1658A>G	643	NC_000007.14:128394289:T:C	CCSBVarC017193	ENSP00000265385.8:p.His553Arg	IMPDH1	ENSG00000106348	DDIT4L
HsVcPPILacVa2rdo	CCSBORF71077	2	CCSBORF3068	3AT	2	326C>T	22	NC_000007.14:128401084:G:A	CCSBVarC017195	ENSP00000265385.8:p.Thr109Met	IMPDH1	ENSG00000106348	DDIT4L
HsVcPPILacVa2rdo	CCSBORF71077	2	CCSBORF3068	3AT	2	355A>G	0	NC_000007.14:128401055:T:C	CCSBVarC017197	ENSP00000265385.8:p.Met119Val	IMPDH1	ENSG00000106348	DDIT4L
HsVcPPILacVa2rdo	CCSBORF71077	2	CCSBORF3068	3AT	2	460C>T	1446	NC_000007.14:128400827:G:A	CCSBVarC006915	ENSP00000265385.8:p.Arg154Trp	IMPDH1	ENSG00000106348	DDIT4L
HsVcPPILacVa2rdo	CCSBORF71077	2	CCSBORF3068	3AT	2	50C>G	81	NC_000007.14:128409851:G:C	CCSBVarC016391	ENSP00000265385.8:p.Ala17Gly	IMPDH1	ENSG00000106348	DDIT4L
HsVcPPILacVa2rdo	CCSBORF71077	2	CCSBORF3068	3AT	2	563T>C	810	NC_000007.14:128400447:A:G	CCSBVarC016396	ENSP00000265385.8:p.Phe188Ser	IMPDH1	ENSG00000106348	DDIT4L
HsVcPPILacVa2rdo	CCSBORF71077	2	CCSBORF3068	3AT	2	646G>T	1267	NC_000007.14:128400364:C:A	CCSBVarC016412	ENSP00000265385.8:p.Ala216Ser	IMPDH1	ENSG00000106348	DDIT4L
HsVcPPILacVa2rdo	CCSBORF71077	2	CCSBORF3068	3AT	2	70C>T	10	NC_000007.14:128409831:G:A	CCSBVarC016463	ENSP00000265385.8:p.Arg24Trp	IMPDH1	ENSG00000106348	DDIT4L
HsVcPPILacVa2rdo	CCSBORF71077	2	CCSBORF3068	3AT	2	725C>T	8	NC_000007.14:128400135:G:A	CCSBVarC016488	ENSP00000265385.8:p.Thr242Met	IMPDH1	ENSG00000106348	DDIT4L
HsVcPPILacVa2rdo	CCSBORF71077	2	CCSBORF3068	3AT	2	739A>C	7	NC_000007.14:128400121:T:G	CCSBVarC016495	ENSP00000265385.8:p.Asn247His	IMPDH1	ENSG00000106348	DDIT4L
HsVcPPILacVa2rdo	CCSBORF71077	2	CCSBORF3068	3AT	2	749T>C	0	NC_000007.14:128400111:A:G	CCSBVarC016504	ENSP00000265385.8:p.Leu250Pro	IMPDH1	ENSG00000106348	DDIT4L
HsVcPPILacVa2rdo	CCSBORF71077	2	CCSBORF3068	3AT	2	818G>C	0	NC_000007.14:128398561:C:G	CCSBVarC002714	ENSP00000265385.8:p.Arg273Pro	IMPDH1	ENSG00000106348	DDIT4L
HsVcPPILacVa2rdo	CCSBORF71077	2	CCSBORF3068	3AT	2	820A>C	0	NC_000007.14:128398559:T:G	CCSBVarC016508	ENSP00000265385.8:p.Thr274Pro	IMPDH1	ENSG00000106348	DDIT4L
HsVcPPILacVa2rdo	CCSBORF71077	2	CCSBORF3068	3AT	2	834G>C	1188	NC_000007.14:128398545:C:G	CCSBVarC016512	ENSP00000265385.8:p.Lys278Asn	IMPDH1	ENSG00000106348	DDIT4L
HsVcPPILacVa2rdo	CCSBORF71077	2	CCSBORF3068	3AT	2	859A>G	252	NC_000007.14:128398520:T:C	CCSBVarC016518	ENSP00000265385.8:p.Lys287Glu	IMPDH1	ENSG00000106348	DDIT4L
HsVcPPILacVa2rdo	CCSBORF71077	2	CCSBORF3068	3AT	2	876G>C	31	NC_000007.14:128398503:C:G	CCSBVarC016591	ENSP00000265385.8:p.Gln292His	IMPDH1	ENSG00000106348	DDIT4L
HsVcPPILacVa2rdo	CCSBORF71077	2	CCSBORF3068	3AT	2	949G>A	92	NC_000007.14:128398430:C:T	CCSBVarC002716	ENSP00000265385.8:p.Val317Ile	IMPDH1	ENSG00000106348	DDIT4L
HsVcPPILacVa2rdo	CCSBORF55855	2	CCSBORF71152	3AT	2	REF	2244	NULL	NULL	NULL	KRT2	ENSG00000172867	KRT36
HsVcPPILacVa2rdo	CCSBORF55855	2	CCSBORF71152	3AT	2	1066T>C	676	NC_000012.12:52648228:A:G	CCSBVarC016108	ENSP00000310861.3:p.Tyr356His	KRT2	ENSG00000172867	KRT36
HsVcPPILacVa2rdo	CCSBORF55855	2	CCSBORF71152	3AT	2	1094A>G	197	NC_000012.12:52648200:T:C	CCSBVarC016114	ENSP00000310861.3:p.Glu365Gly	KRT2	ENSG00000172867	KRT36
HsVcPPILacVa2rdo	CCSBORF55855	2	CCSBORF71152	3AT	2	1114C>A	307	NC_000012.12:52648180:G:T	CCSBVarC016118	ENSP00000310861.3:p.His372Asn	KRT2	ENSG00000172867	KRT36
HsVcPPILacVa2rdo	CCSBORF55855	2	CCSBORF71152	3AT	2	1249T>C	998	NC_000012.12:52646959:A:G	CCSBVarC016122	ENSP00000310861.3:p.Cys417Arg	KRT2	ENSG00000172867	KRT36
HsVcPPILacVa2rdo	CCSBORF55855	2	CCSBORF71152	3AT	2	1355C>G	495	NC_000012.12:52646853:G:C	CCSBVarC016125	ENSP00000310861.3:p.Ala452Gly	KRT2	ENSG00000172867	KRT36
HsVcPPILacVa2rdo	CCSBORF55855	2	CCSBORF71152	3AT	2	1427A>T	198	NC_000012.12:52646781:T:A	CCSBVarC003452	ENSP00000310861.3:p.Glu476Val	KRT2	ENSG00000172867	KRT36
HsVcPPILacVa2rdo	CCSBORF55855	2	CCSBORF71152	3AT	2	1430T>A	4	NC_000012.12:52646778:A:T	CCSBVarC002476	ENSP00000310861.3:p.Ile477Asn	KRT2	ENSG00000172867	KRT36
HsVcPPILacVa2rdo	CCSBORF55855	2	CCSBORF71152	3AT	2	1462G>A	554	NC_000012.12:52646746:C:T	CCSBVarC003454	ENSP00000310861.3:p.Glu488Lys	KRT2	ENSG00000172867	KRT36
HsVcPPILacVa2rdo	CCSBORF55855	2	CCSBORF71152	3AT	2	1618G>A	3	NC_000012.12:52645320:C:T	CCSBVarC016129	ENSP00000310861.3:p.Gly540Ser	KRT2	ENSG00000172867	KRT36
HsVcPPILacVa2rdo	CCSBORF55855	2	CCSBORF71152	3AT	2	1723T>G	13	NC_000012.12:52645215:A:C	CCSBVarC016135	ENSP00000310861.3:p.Ser575Ala	KRT2	ENSG00000172867	KRT36
HsVcPPILacVa2rdo	CCSBORF55855	2	CCSBORF71152	3AT	2	1813G>C	2998	NC_000012.12:52645125:C:G	CCSBVarC016141	ENSP00000310861.3:p.Gly605Arg	KRT2	ENSG00000172867	KRT36
HsVcPPILacVa2rdo	CCSBORF55855	2	CCSBORF71152	3AT	2	1900G>A	1554	NC_000012.12:52645038:C:T	CCSBVarC016148	ENSP00000310861.3:p.Val634Met	KRT2	ENSG00000172867	KRT36
HsVcPPILacVa2rdo	CCSBORF55855	2	CCSBORF71152	3AT	2	253G>A	15	NC_000012.12:52651889:C:T	CCSBVarC016156	ENSP00000310861.3:p.Ala85Thr	KRT2	ENSG00000172867	KRT36
HsVcPPILacVa2rdo	CCSBORF55855	2	CCSBORF71152	3AT	2	301A>G	1431	NC_000012.12:52651841:T:C	CCSBVarC012695	ENSP00000310861.3:p.Ser101Gly	KRT2	ENSG00000172867	KRT36
HsVcPPILacVa2rdo	CCSBORF55855	2	CCSBORF71152	3AT	2	446G>T	4	NC_000012.12:52651696:C:A	CCSBVarC016164	ENSP00000310861.3:p.Gly149Val	KRT2	ENSG00000172867	KRT36
HsVcPPILacVa2rdo	CCSBORF55855	2	CCSBORF71152	3AT	2	52G>A	45	NC_000012.12:52652090:C:T	CCSBVarC016186	ENSP00000310861.3:p.Gly18Arg	KRT2	ENSG00000172867	KRT36
HsVcPPILacVa2rdo	CCSBORF55855	2	CCSBORF71152	3AT	2	542A>C	6925	NC_000012.12:52651600:T:G	CCSBVarC002474	ENSP00000310861.3:p.Gln181Pro	KRT2	ENSG00000172867	KRT36
HsVcPPILacVa2rdo	CCSBORF55855	2	CCSBORF71152	3AT	2	656G>A	335	NC_000012.12:52650482:C:T	CCSBVarC002918	ENSP00000310861.3:p.Gly219Asp	KRT2	ENSG00000172867	KRT36
HsVcPPILacVa2rdo	CCSBORF55855	2	CCSBORF71152	3AT	2	659C>A	166	NC_000012.12:52650479:G:T	CCSBVarC016214	ENSP00000310861.3:p.Thr220Asn	KRT2	ENSG00000172867	KRT36
HsVcPPILacVa2rdo	CCSBORF55855	2	CCSBORF71152	3AT	2	800A>C	10	NC_000012.12:52650338:T:G	CCSBVarC016222	ENSP00000310861.3:p.Lys267Thr	KRT2	ENSG00000172867	KRT36
HsVcPPILacVa2rdo	CCSBORF1231	1	CCSBORF0	3AT	2	REF	3	NULL	NULL	NULL	AQP1	ENSG00000240583	empty_AD
HsVcPPILacVa2rdo	CCSBORF1231	1	CCSBORF0	3AT	2	113C>T	0	NC_000007.14:30912021:C:T	CCSBVarC000137	ENSP00000311165.4:p.Pro38Leu	AQP1	ENSG00000240583	empty_AD
HsVcPPILacVa2rdo	CCSBORF1231	1	CCSBORF0	3AT	2	140A>G	3	NC_000007.14:30912048:A:G	CCSBVarC000138	ENSP00000311165.4:p.Gln47Arg	AQP1	ENSG00000240583	empty_AD
HsVcPPILacVa2rdo	CCSBORF1231	1	CCSBORF0	3AT	2	319G>A	0	NC_000007.14:30912227:G:A	CCSBVarC015066	ENSP00000311165.4:p.Val107Ile	AQP1	ENSG00000240583	empty_AD
HsVcPPILacVa2rdo	CCSBORF1231	1	CCSBORF0	3AT	2	320T>G	0	NC_000007.14:30912228:T:G	CCSBVarC015069	ENSP00000311165.4:p.Val107Gly	AQP1	ENSG00000240583	empty_AD
HsVcPPILacVa2rdo	CCSBORF1231	1	CCSBORF0	3AT	2	494G>A	0	NC_000007.14:30922174:G:A	CCSBVarC015072	ENSP00000311165.4:p.Gly165Asp	AQP1	ENSG00000240583	empty_AD
HsVcPPILacVa2rdo	CCSBORF1231	1	CCSBORF0	3AT	2	576C>A	3	NC_000007.14:30922589:C:A	CCSBVarC000139	ENSP00000311165.4:p.Asn192Lys	AQP1	ENSG00000240583	empty_AD
HsVcPPILacVa2rdo	CCSBORF11374	1	CCSBORF0	3AT	2	REF	2	NULL	NULL	NULL	RP2	ENSG00000102218	empty_AD
HsVcPPILacVa2rdo	CCSBORF11374	1	CCSBORF0	3AT	2	1001C>A	1	NC_000023.11:46879716:C:A	CCSBVarC011422	ENSP00000218340.3:p.Ser334Tyr	RP2	ENSG00000102218	empty_AD
HsVcPPILacVa2rdo	CCSBORF11374	1	CCSBORF0	3AT	2	121A>G	0	NC_000023.11:46853493:A:G	CCSBVarC014905	ENSP00000218340.3:p.Met41Val	RP2	ENSG00000102218	empty_AD
HsVcPPILacVa2rdo	CCSBORF11374	1	CCSBORF0	3AT	2	19A>C	0	NC_000023.11:46837118:A:C	CCSBVarC014916	ENSP00000218340.3:p.Lys7Gln	RP2	ENSG00000102218	empty_AD
HsVcPPILacVa2rdo	CCSBORF11374	1	CCSBORF0	3AT	2	238A>G	0	NC_000023.11:46853610:A:G	CCSBVarC011435	ENSP00000218340.3:p.Thr80Ala	RP2	ENSG00000102218	empty_AD
HsVcPPILacVa2rdo	CCSBORF11374	1	CCSBORF0	3AT	2	257G>A	0	NC_000023.11:46853629:G:A	CCSBVarC001706	ENSP00000218340.3:p.Cys86Tyr	RP2	ENSG00000102218	empty_AD
HsVcPPILacVa2rdo	CCSBORF11374	1	CCSBORF0	3AT	2	28A>G	2	NC_000023.11:46837127:A:G	CCSBVarC014949	ENSP00000218340.3:p.Lys10Glu	RP2	ENSG00000102218	empty_AD
HsVcPPILacVa2rdo	CCSBORF11374	1	CCSBORF0	3AT	2	298G>A	0	NC_000023.11:46853670:G:A	CCSBVarC011440	ENSP00000218340.3:p.Val100Met	RP2	ENSG00000102218	empty_AD
HsVcPPILacVa2rdo	CCSBORF11374	1	CCSBORF0	3AT	2	328T>C	3	NC_000023.11:46853700:T:C	CCSBVarC014961	ENSP00000218340.3:p.Cys110Arg	RP2	ENSG00000102218	empty_AD
HsVcPPILacVa2rdo	CCSBORF11374	1	CCSBORF0	3AT	2	338C>A	1	NC_000023.11:46853710:C:A	CCSBVarC011446	ENSP00000218340.3:p.Ala113Asp	RP2	ENSG00000102218	empty_AD
HsVcPPILacVa2rdo	CCSBORF11374	1	CCSBORF0	3AT	2	352C>G	0	NC_000023.11:46853724:C:G	CCSBVarC011475	ENSP00000218340.3:p.Arg118Gly	RP2	ENSG00000102218	empty_AD
HsVcPPILacVa2rdo	CCSBORF11374	1	CCSBORF0	3AT	2	481G>T	0	NC_000023.11:46853853:G:T	CCSBVarC014975	ENSP00000218340.3:p.Asp161Tyr	RP2	ENSG00000102218	empty_AD
HsVcPPILacVa2rdo	CCSBORF11374	1	CCSBORF0	3AT	2	524A>C	4	NC_000023.11:46853896:A:C	CCSBVarC011467	ENSP00000218340.3:p.His175Pro	RP2	ENSG00000102218	empty_AD
HsVcPPILacVa2rdo	CCSBORF11374	1	CCSBORF0	3AT	2	593A>G	0	NC_000023.11:46853965:A:G	CCSBVarC014984	ENSP00000218340.3:p.Tyr198Cys	RP2	ENSG00000102218	empty_AD
HsVcPPILacVa2rdo	CCSBORF11374	1	CCSBORF0	3AT	2	654A>C	0	NC_000023.11:46854026:A:C	CCSBVarC014992	ENSP00000218340.3:p.Arg218Ser	RP2	ENSG00000102218	empty_AD
HsVcPPILacVa2rdo	CCSBORF11374	1	CCSBORF0	3AT	2	751A>G	1	NC_000023.11:46854123:A:G	CCSBVarC011428	ENSP00000218340.3:p.Arg251Gly	RP2	ENSG00000102218	empty_AD
HsVcPPILacVa2rdo	CCSBORF11374	1	CCSBORF0	3AT	2	765T>A	0	NC_000023.11:46854137:T:A	CCSBVarC015002	ENSP00000218340.3:p.Asp255Glu	RP2	ENSG00000102218	empty_AD
HsVcPPILacVa2rdo	CCSBORF11374	1	CCSBORF0	3AT	2	781G>T	2	NC_000023.11:46859999:G:T	CCSBVarC015011	ENSP00000218340.3:p.Gly261Cys	RP2	ENSG00000102218	empty_AD
HsVcPPILacVa2rdo	CCSBORF11374	1	CCSBORF0	3AT	2	844C>T	0	NC_000023.11:46860062:C:T	CCSBVarC001709	ENSP00000218340.3:p.Arg282Trp	RP2	ENSG00000102218	empty_AD
HsVcPPILacVa2rdo	CCSBORF11374	1	CCSBORF0	3AT	2	845G>A	1	NC_000023.11:46860063:G:A	CCSBVarC015020	ENSP00000218340.3:p.Arg282Gln	RP2	ENSG00000102218	empty_AD
HsVcPPILacVa2rdo	CCSBORF11374	1	CCSBORF0	3AT	2	941T>C	0	NC_000023.11:46877561:T:C	CCSBVarC015032	ENSP00000218340.3:p.Ile314Thr	RP2	ENSG00000102218	empty_AD
HsVcPPILacVa2rdo	CCSBORF71077	2	CCSBORF0	3AT	2	REF	3	NULL	NULL	NULL	IMPDH1	ENSG00000106348	empty_AD
HsVcPPILacVa2rdo	CCSBORF71077	2	CCSBORF0	3AT	2	112G>T	0	NC_000007.14:128409789:C:A	CCSBVarC017165	ENSP00000265385.8:p.Ala38Ser	IMPDH1	ENSG00000106348	empty_AD
HsVcPPILacVa2rdo	CCSBORF71077	2	CCSBORF0	3AT	2	130G>C	0	NC_000007.14:128409771:C:G	CCSBVarC017172	ENSP00000265385.8:p.Gly44Arg	IMPDH1	ENSG00000106348	empty_AD
HsVcPPILacVa2rdo	CCSBORF71077	2	CCSBORF0	3AT	2	1328C>T	0	NC_000007.14:128395002:G:A	CCSBVarC017180	ENSP00000265385.8:p.Thr443Met	IMPDH1	ENSG00000106348	empty_AD
HsVcPPILacVa2rdo	CCSBORF71077	2	CCSBORF0	3AT	2	1430A>C	1	NC_000007.14:128394900:T:G	CCSBVarC017184	ENSP00000265385.8:p.Lys477Thr	IMPDH1	ENSG00000106348	empty_AD
HsVcPPILacVa2rdo	CCSBORF71077	2	CCSBORF0	3AT	2	1481G>A	0	NC_000007.14:128394560:C:T	CCSBVarC017188	ENSP00000265385.8:p.Gly494Asp	IMPDH1	ENSG00000106348	empty_AD
HsVcPPILacVa2rdo	CCSBORF71077	2	CCSBORF0	3AT	2	1534G>A	0	NC_000007.14:128394507:C:T	CCSBVarC017191	ENSP00000265385.8:p.Gly512Ser	IMPDH1	ENSG00000106348	empty_AD
HsVcPPILacVa2rdo	CCSBORF71077	2	CCSBORF0	3AT	2	1658A>G	0	NC_000007.14:128394289:T:C	CCSBVarC017193	ENSP00000265385.8:p.His553Arg	IMPDH1	ENSG00000106348	empty_AD
HsVcPPILacVa2rdo	CCSBORF71077	2	CCSBORF0	3AT	2	326C>T	0	NC_000007.14:128401084:G:A	CCSBVarC017195	ENSP00000265385.8:p.Thr109Met	IMPDH1	ENSG00000106348	empty_AD
HsVcPPILacVa2rdo	CCSBORF71077	2	CCSBORF0	3AT	2	355A>G	0	NC_000007.14:128401055:T:C	CCSBVarC017197	ENSP00000265385.8:p.Met119Val	IMPDH1	ENSG00000106348	empty_AD
HsVcPPILacVa2rdo	CCSBORF71077	2	CCSBORF0	3AT	2	460C>T	0	NC_000007.14:128400827:G:A	CCSBVarC006915	ENSP00000265385.8:p.Arg154Trp	IMPDH1	ENSG00000106348	empty_AD
HsVcPPILacVa2rdo	CCSBORF71077	2	CCSBORF0	3AT	2	50C>G	0	NC_000007.14:128409851:G:C	CCSBVarC016391	ENSP00000265385.8:p.Ala17Gly	IMPDH1	ENSG00000106348	empty_AD
HsVcPPILacVa2rdo	CCSBORF71077	2	CCSBORF0	3AT	2	563T>C	0	NC_000007.14:128400447:A:G	CCSBVarC016396	ENSP00000265385.8:p.Phe188Ser	IMPDH1	ENSG00000106348	empty_AD
HsVcPPILacVa2rdo	CCSBORF71077	2	CCSBORF0	3AT	2	646G>T	1	NC_000007.14:128400364:C:A	CCSBVarC016412	ENSP00000265385.8:p.Ala216Ser	IMPDH1	ENSG00000106348	empty_AD
HsVcPPILacVa2rdo	CCSBORF71077	2	CCSBORF0	3AT	2	70C>T	0	NC_000007.14:128409831:G:A	CCSBVarC016463	ENSP00000265385.8:p.Arg24Trp	IMPDH1	ENSG00000106348	empty_AD
HsVcPPILacVa2rdo	CCSBORF71077	2	CCSBORF0	3AT	2	725C>T	0	NC_000007.14:128400135:G:A	CCSBVarC016488	ENSP00000265385.8:p.Thr242Met	IMPDH1	ENSG00000106348	empty_AD
HsVcPPILacVa2rdo	CCSBORF71077	2	CCSBORF0	3AT	2	739A>C	0	NC_000007.14:128400121:T:G	CCSBVarC016495	ENSP00000265385.8:p.Asn247His	IMPDH1	ENSG00000106348	empty_AD
HsVcPPILacVa2rdo	CCSBORF71077	2	CCSBORF0	3AT	2	749T>C	0	NC_000007.14:128400111:A:G	CCSBVarC016504	ENSP00000265385.8:p.Leu250Pro	IMPDH1	ENSG00000106348	empty_AD
HsVcPPILacVa2rdo	CCSBORF71077	2	CCSBORF0	3AT	2	818G>C	0	NC_000007.14:128398561:C:G	CCSBVarC002714	ENSP00000265385.8:p.Arg273Pro	IMPDH1	ENSG00000106348	empty_AD
HsVcPPILacVa2rdo	CCSBORF71077	2	CCSBORF0	3AT	2	820A>C	0	NC_000007.14:128398559:T:G	CCSBVarC016508	ENSP00000265385.8:p.Thr274Pro	IMPDH1	ENSG00000106348	empty_AD
HsVcPPILacVa2rdo	CCSBORF71077	2	CCSBORF0	3AT	2	834G>C	2	NC_000007.14:128398545:C:G	CCSBVarC016512	ENSP00000265385.8:p.Lys278Asn	IMPDH1	ENSG00000106348	empty_AD
HsVcPPILacVa2rdo	CCSBORF71077	2	CCSBORF0	3AT	2	859A>G	0	NC_000007.14:128398520:T:C	CCSBVarC016518	ENSP00000265385.8:p.Lys287Glu	IMPDH1	ENSG00000106348	empty_AD
HsVcPPILacVa2rdo	CCSBORF71077	2	CCSBORF0	3AT	2	876G>C	1	NC_000007.14:128398503:C:G	CCSBVarC016591	ENSP00000265385.8:p.Gln292His	IMPDH1	ENSG00000106348	empty_AD
HsVcPPILacVa2rdo	CCSBORF71077	2	CCSBORF0	3AT	2	949G>A	0	NC_000007.14:128398430:C:T	CCSBVarC002716	ENSP00000265385.8:p.Val317Ile	IMPDH1	ENSG00000106348	empty_AD
HsVcPPILacVa2rdo	CCSBORF55855	2	CCSBORF0	3AT	2	REF	0	NULL	NULL	NULL	KRT2	ENSG00000172867	empty_AD
HsVcPPILacVa2rdo	CCSBORF55855	2	CCSBORF0	3AT	2	1066T>C	0	NC_000012.12:52648228:A:G	CCSBVarC016108	ENSP00000310861.3:p.Tyr356His	KRT2	ENSG00000172867	empty_AD
HsVcPPILacVa2rdo	CCSBORF55855	2	CCSBORF0	3AT	2	1094A>G	3	NC_000012.12:52648200:T:C	CCSBVarC016114	ENSP00000310861.3:p.Glu365Gly	KRT2	ENSG00000172867	empty_AD
HsVcPPILacVa2rdo	CCSBORF55855	2	CCSBORF0	3AT	2	1114C>A	0	NC_000012.12:52648180:G:T	CCSBVarC016118	ENSP00000310861.3:p.His372Asn	KRT2	ENSG00000172867	empty_AD
HsVcPPILacVa2rdo	CCSBORF55855	2	CCSBORF0	3AT	2	1249T>C	1	NC_000012.12:52646959:A:G	CCSBVarC016122	ENSP00000310861.3:p.Cys417Arg	KRT2	ENSG00000172867	empty_AD
HsVcPPILacVa2rdo	CCSBORF55855	2	CCSBORF0	3AT	2	1355C>G	0	NC_000012.12:52646853:G:C	CCSBVarC016125	ENSP00000310861.3:p.Ala452Gly	KRT2	ENSG00000172867	empty_AD
HsVcPPILacVa2rdo	CCSBORF55855	2	CCSBORF0	3AT	2	1427A>T	0	NC_000012.12:52646781:T:A	CCSBVarC003452	ENSP00000310861.3:p.Glu476Val	KRT2	ENSG00000172867	empty_AD
HsVcPPILacVa2rdo	CCSBORF55855	2	CCSBORF0	3AT	2	1430T>A	0	NC_000012.12:52646778:A:T	CCSBVarC002476	ENSP00000310861.3:p.Ile477Asn	KRT2	ENSG00000172867	empty_AD
HsVcPPILacVa2rdo	CCSBORF55855	2	CCSBORF0	3AT	2	1462G>A	0	NC_000012.12:52646746:C:T	CCSBVarC003454	ENSP00000310861.3:p.Glu488Lys	KRT2	ENSG00000172867	empty_AD
HsVcPPILacVa2rdo	CCSBORF55855	2	CCSBORF0	3AT	2	1618G>A	0	NC_000012.12:52645320:C:T	CCSBVarC016129	ENSP00000310861.3:p.Gly540Ser	KRT2	ENSG00000172867	empty_AD
HsVcPPILacVa2rdo	CCSBORF55855	2	CCSBORF0	3AT	2	1723T>G	0	NC_000012.12:52645215:A:C	CCSBVarC016135	ENSP00000310861.3:p.Ser575Ala	KRT2	ENSG00000172867	empty_AD
HsVcPPILacVa2rdo	CCSBORF55855	2	CCSBORF0	3AT	2	1813G>C	2	NC_000012.12:52645125:C:G	CCSBVarC016141	ENSP00000310861.3:p.Gly605Arg	KRT2	ENSG00000172867	empty_AD
HsVcPPILacVa2rdo	CCSBORF55855	2	CCSBORF0	3AT	2	1900G>A	0	NC_000012.12:52645038:C:T	CCSBVarC016148	ENSP00000310861.3:p.Val634Met	KRT2	ENSG00000172867	empty_AD
HsVcPPILacVa2rdo	CCSBORF55855	2	CCSBORF0	3AT	2	253G>A	0	NC_000012.12:52651889:C:T	CCSBVarC016156	ENSP00000310861.3:p.Ala85Thr	KRT2	ENSG00000172867	empty_AD
HsVcPPILacVa2rdo	CCSBORF55855	2	CCSBORF0	3AT	2	301A>G	0	NC_000012.12:52651841:T:C	CCSBVarC012695	ENSP00000310861.3:p.Ser101Gly	KRT2	ENSG00000172867	empty_AD
HsVcPPILacVa2rdo	CCSBORF55855	2	CCSBORF0	3AT	2	446G>T	0	NC_000012.12:52651696:C:A	CCSBVarC016164	ENSP00000310861.3:p.Gly149Val	KRT2	ENSG00000172867	empty_AD
HsVcPPILacVa2rdo	CCSBORF55855	2	CCSBORF0	3AT	2	52G>A	0	NC_000012.12:52652090:C:T	CCSBVarC016186	ENSP00000310861.3:p.Gly18Arg	KRT2	ENSG00000172867	empty_AD
HsVcPPILacVa2rdo	CCSBORF55855	2	CCSBORF0	3AT	2	542A>C	0	NC_000012.12:52651600:T:G	CCSBVarC002474	ENSP00000310861.3:p.Gln181Pro	KRT2	ENSG00000172867	empty_AD
HsVcPPILacVa2rdo	CCSBORF55855	2	CCSBORF0	3AT	2	656G>A	0	NC_000012.12:52650482:C:T	CCSBVarC002918	ENSP00000310861.3:p.Gly219Asp	KRT2	ENSG00000172867	empty_AD
HsVcPPILacVa2rdo	CCSBORF55855	2	CCSBORF0	3AT	2	659C>A	0	NC_000012.12:52650479:G:T	CCSBVarC016214	ENSP00000310861.3:p.Thr220Asn	KRT2	ENSG00000172867	empty_AD
HsVcPPILacVa2rdo	CCSBORF55855	2	CCSBORF0	3AT	2	800A>C	0	NC_000012.12:52650338:T:G	CCSBVarC016222	ENSP00000310861.3:p.Lys267Thr	KRT2	ENSG00000172867	empty_AD
